
  [i]  calibration, +66 ppm plan: with the TDM clock unheld the first close lands 13 cycles after its tick

[P+66/0] PROBE CRF, +66 ppm plan, every 1 cycles from -1 to +3, 4 quarter-cycle sub-placements, 1000 columns
  [i]  P+66/0-1.0: engaged -2 cycles from the crossing, the close then moved -120..+0 (furthest at column 989); tail: tick 66 cycles after the frame close, -1..+56 (spread 57); 0 repeats, 0 skips; last slip col -1; tail slips 0; engage col -1
  [i]  P+66/0-1.1: engaged -1 cycles from the crossing, the close then moved -121..+1 (furthest at column 995); tail: tick 65 cycles after the frame close, -1..+56 (spread 57); 0 repeats, 0 skips; last slip col -1; tail slips 0; engage col -1
  [i]  P+66/0-1.2: engaged -1 cycles from the crossing, the close then moved -121..+0 (furthest at column 995); tail: tick 66 cycles after the frame close, -1..+56 (spread 57); 0 repeats, 0 skips; last slip col -1; tail slips 0; engage col -1
  [i]  P+66/0-1.3: engaged +0 cycles from the crossing, the close then moved -121..+0 (furthest at column 995); tail: tick 64 cycles after the frame close, +0..+57 (spread 57); 0 repeats, 0 skips; last slip col -1; tail slips 0; engage col -1
  [i]  P+66/0+0.0: engaged -1 cycles from the crossing, the close then moved -121..+0 (furthest at column 995); tail: tick 65 cycles after the frame close, -1..+56 (spread 57); 0 repeats, 0 skips; last slip col -1; tail slips 0; engage col -1
  [i]  P+66/0+0.1: engaged -1 cycles from the crossing, the close then moved -121..+1 (furthest at column 995); tail: tick 65 cycles after the frame close, -1..+56 (spread 57); 0 repeats, 0 skips; last slip col -1; tail slips 0; engage col -1
  [i]  P+66/0+0.2: engaged +0 cycles from the crossing, the close then moved -121..+0 (furthest at column 989); tail: tick 65 cycles after the frame close, -1..+56 (spread 57); 0 repeats, 0 skips; last slip col -1; tail slips 0; engage col -1
  [i]  P+66/0+0.3: engaged +0 cycles from the crossing, the close then moved -121..+0 (furthest at column 995); tail: tick 64 cycles after the frame close, +0..+57 (spread 57); 0 repeats, 0 skips; last slip col -1; tail slips 0; engage col -1
  [i]  P+66/0+1.0: engaged +0 cycles from the crossing, the close then moved -121..+0 (furthest at column 995); tail: tick 64 cycles after the frame close, +0..+56 (spread 56); 0 repeats, 0 skips; last slip col -1; tail slips 0; engage col -1
  [i]  P+66/0+1.1: engaged +1 cycles from the crossing, the close then moved +0..+1 (furthest at column 0); tail: tick 1040 cycles after the frame close, +0..+1 (spread 1); 0 repeats, 0 skips; last slip col -1; tail slips 0; engage col -1
  [i]  P+66/0+1.2: engaged +1 cycles from the crossing, the close then moved -1..+0 (furthest at column 0); tail: tick 1041 cycles after the frame close, -1..+1 (spread 2); 0 repeats, 0 skips; last slip col -1; tail slips 0; engage col -1
  [i]  P+66/0+1.3: engaged +2 cycles from the crossing, the close then moved -1..+0 (furthest at column 40); tail: tick 1040 cycles after the frame close, -1..+1 (spread 2); 0 repeats, 0 skips; last slip col -1; tail slips 0; engage col -1
  [i]  P+66/0+2.0: engaged +1 cycles from the crossing, the close then moved -1..+1 (furthest at column 0); tail: tick 1041 cycles after the frame close, -1..+0 (spread 1); 0 repeats, 0 skips; last slip col -1; tail slips 0; engage col -1
  [i]  P+66/0+2.1: engaged +1 cycles from the crossing, the close then moved +0..+1 (furthest at column 0); tail: tick 1040 cycles after the frame close, +0..+1 (spread 1); 0 repeats, 0 skips; last slip col -1; tail slips 0; engage col -1
  [i]  P+66/0+2.2: engaged +2 cycles from the crossing, the close then moved -1..+0 (furthest at column 0); tail: tick 1040 cycles after the frame close, -1..+1 (spread 2); 0 repeats, 0 skips; last slip col -1; tail slips 0; engage col -1
  [i]  P+66/0+2.3: engaged +2 cycles from the crossing, the close then moved -1..+0 (furthest at column 34); tail: tick 1040 cycles after the frame close, -1..+1 (spread 2); 0 repeats, 0 skips; last slip col -1; tail slips 0; engage col -1
  [i]  P+66/0+3.0: engaged +2 cycles from the crossing, the close then moved -1..+1 (furthest at column 0); tail: tick 1040 cycles after the frame close, -1..+0 (spread 1); 0 repeats, 0 skips; last slip col -1; tail slips 0; engage col -1
  [i]  P+66/0+3.1: engaged +3 cycles from the crossing, the close then moved -1..+1 (furthest at column 0); tail: tick 1038 cycles after the frame close, +0..+1 (spread 1); 0 repeats, 0 skips; last slip col -1; tail slips 0; engage col -1
  [i]  P+66/0+3.2: engaged +3 cycles from the crossing, the close then moved -1..+0 (furthest at column 0); tail: tick 1039 cycles after the frame close, +0..+1 (spread 1); 0 repeats, 0 skips; last slip col -1; tail slips 0; engage col -1
  [i]  P+66/0+3.3: engaged +4 cycles from the crossing, the close then moved -1..+0 (furthest at column 40); tail: tick 1039 cycles after the frame close, -1..+0 (spread 1); 0 repeats, 0 skips; last slip col -1; tail slips 0; engage col -1
== capture_coherence: checks: 401   failures: 0 ==
RESULT: PASS

  [i]  calibration, +66 ppm plan: with the TDM clock unheld the first close lands 13 cycles after its tick

[P+66/1] PROBE CRF, +66 ppm plan, every 1 cycles from -1 to +3, 4 quarter-cycle sub-placements, 1000 columns
  [i]  P+66/1-1.0: engaged -2 cycles from the crossing, the close then moved -120..+0 (furthest at column 989); tail: tick 66 cycles after the frame close, -1..+56 (spread 57); 0 repeats, 0 skips; last slip col -1; tail slips 0; engage col -1
  [i]  P+66/1-1.1: engaged -1 cycles from the crossing, the close then moved -121..+1 (furthest at column 995); tail: tick 65 cycles after the frame close, -1..+56 (spread 57); 0 repeats, 0 skips; last slip col -1; tail slips 0; engage col -1
  [i]  P+66/1-1.2: engaged -1 cycles from the crossing, the close then moved -121..+0 (furthest at column 995); tail: tick 66 cycles after the frame close, -1..+56 (spread 57); 0 repeats, 0 skips; last slip col -1; tail slips 0; engage col -1
  [i]  P+66/1-1.3: engaged +0 cycles from the crossing, the close then moved -121..+0 (furthest at column 995); tail: tick 64 cycles after the frame close, +0..+57 (spread 57); 0 repeats, 0 skips; last slip col -1; tail slips 0; engage col -1
  [i]  P+66/1+0.0: engaged -1 cycles from the crossing, the close then moved -121..+0 (furthest at column 995); tail: tick 65 cycles after the frame close, -1..+56 (spread 57); 0 repeats, 0 skips; last slip col -1; tail slips 0; engage col -1
  [i]  P+66/1+0.1: engaged -1 cycles from the crossing, the close then moved -121..+1 (furthest at column 995); tail: tick 65 cycles after the frame close, -1..+56 (spread 57); 0 repeats, 0 skips; last slip col -1; tail slips 0; engage col -1
  [i]  P+66/1+0.2: engaged +0 cycles from the crossing, the close then moved -121..+0 (furthest at column 989); tail: tick 65 cycles after the frame close, -1..+56 (spread 57); 0 repeats, 0 skips; last slip col -1; tail slips 0; engage col -1
  [i]  P+66/1+0.3: engaged +0 cycles from the crossing, the close then moved -121..+0 (furthest at column 995); tail: tick 64 cycles after the frame close, +0..+57 (spread 57); 0 repeats, 0 skips; last slip col -1; tail slips 0; engage col -1
  [i]  P+66/1+1.0: engaged +0 cycles from the crossing, the close then moved -121..+0 (furthest at column 995); tail: tick 64 cycles after the frame close, +0..+56 (spread 56); 0 repeats, 0 skips; last slip col -1; tail slips 0; engage col -1
  [i]  P+66/1+1.1: engaged +1 cycles from the crossing, the close then moved +0..+1 (furthest at column 0); tail: tick 1040 cycles after the frame close, +0..+1 (spread 1); 0 repeats, 0 skips; last slip col -1; tail slips 0; engage col -1
  [i]  P+66/1+1.2: engaged +1 cycles from the crossing, the close then moved -1..+0 (furthest at column 0); tail: tick 1041 cycles after the frame close, -1..+1 (spread 2); 0 repeats, 0 skips; last slip col -1; tail slips 0; engage col -1
  [i]  P+66/1+1.3: engaged +2 cycles from the crossing, the close then moved -1..+0 (furthest at column 34); tail: tick 1040 cycles after the frame close, -1..+1 (spread 2); 0 repeats, 0 skips; last slip col -1; tail slips 0; engage col -1
  [i]  P+66/1+2.0: engaged +1 cycles from the crossing, the close then moved -1..+1 (furthest at column 0); tail: tick 1041 cycles after the frame close, -1..+0 (spread 1); 0 repeats, 0 skips; last slip col -1; tail slips 0; engage col -1
  [i]  P+66/1+2.1: engaged +1 cycles from the crossing, the close then moved +0..+1 (furthest at column 0); tail: tick 1040 cycles after the frame close, +0..+1 (spread 1); 0 repeats, 0 skips; last slip col -1; tail slips 0; engage col -1
  [i]  P+66/1+2.2: engaged +2 cycles from the crossing, the close then moved -1..+0 (furthest at column 0); tail: tick 1040 cycles after the frame close, -1..+1 (spread 2); 0 repeats, 0 skips; last slip col -1; tail slips 0; engage col -1
  [i]  P+66/1+2.3: engaged +2 cycles from the crossing, the close then moved -1..+0 (furthest at column 22); tail: tick 1040 cycles after the frame close, -1..+1 (spread 2); 0 repeats, 0 skips; last slip col -1; tail slips 0; engage col -1
  [i]  P+66/1+3.0: engaged +2 cycles from the crossing, the close then moved -1..+1 (furthest at column 0); tail: tick 1040 cycles after the frame close, -1..+0 (spread 1); 0 repeats, 0 skips; last slip col -1; tail slips 0; engage col -1
  [i]  P+66/1+3.1: engaged +3 cycles from the crossing, the close then moved -1..+1 (furthest at column 0); tail: tick 1038 cycles after the frame close, +0..+1 (spread 1); 0 repeats, 0 skips; last slip col -1; tail slips 0; engage col -1
  [i]  P+66/1+3.2: engaged +3 cycles from the crossing, the close then moved -1..+0 (furthest at column 0); tail: tick 1039 cycles after the frame close, +0..+1 (spread 1); 0 repeats, 0 skips; last slip col -1; tail slips 0; engage col -1
  [i]  P+66/1+3.3: engaged +4 cycles from the crossing, the close then moved -1..+0 (furthest at column 34); tail: tick 1039 cycles after the frame close, -1..+0 (spread 1); 0 repeats, 0 skips; last slip col -1; tail slips 0; engage col -1
== capture_coherence: checks: 401   failures: 0 ==
RESULT: PASS

  [i]  calibration, +66 ppm plan: with the TDM clock unheld the first close lands 13 cycles after its tick

[P+66/2] PROBE CRF, +66 ppm plan, every 1 cycles from -1 to +3, 4 quarter-cycle sub-placements, 1000 columns
  [i]  P+66/2-1.0: engaged -2 cycles from the crossing, the close then moved -120..+0 (furthest at column 989); tail: tick 66 cycles after the frame close, -1..+56 (spread 57); 0 repeats, 0 skips; last slip col -1; tail slips 0; engage col -1
  [i]  P+66/2-1.1: engaged -1 cycles from the crossing, the close then moved -121..+1 (furthest at column 995); tail: tick 65 cycles after the frame close, -1..+56 (spread 57); 0 repeats, 0 skips; last slip col -1; tail slips 0; engage col -1
  [i]  P+66/2-1.2: engaged -1 cycles from the crossing, the close then moved -121..+0 (furthest at column 995); tail: tick 66 cycles after the frame close, -1..+56 (spread 57); 0 repeats, 0 skips; last slip col -1; tail slips 0; engage col -1
  [i]  P+66/2-1.3: engaged +0 cycles from the crossing, the close then moved -121..+0 (furthest at column 995); tail: tick 64 cycles after the frame close, +0..+57 (spread 57); 0 repeats, 0 skips; last slip col -1; tail slips 0; engage col -1
  [i]  P+66/2+0.0: engaged -1 cycles from the crossing, the close then moved -121..+0 (furthest at column 995); tail: tick 65 cycles after the frame close, -1..+56 (spread 57); 0 repeats, 0 skips; last slip col -1; tail slips 0; engage col -1
  [i]  P+66/2+0.1: engaged -1 cycles from the crossing, the close then moved -121..+1 (furthest at column 995); tail: tick 65 cycles after the frame close, -1..+56 (spread 57); 0 repeats, 0 skips; last slip col -1; tail slips 0; engage col -1
  [i]  P+66/2+0.2: engaged +0 cycles from the crossing, the close then moved -121..+0 (furthest at column 989); tail: tick 65 cycles after the frame close, -1..+56 (spread 57); 0 repeats, 0 skips; last slip col -1; tail slips 0; engage col -1
  [i]  P+66/2+0.3: engaged +0 cycles from the crossing, the close then moved -121..+0 (furthest at column 995); tail: tick 64 cycles after the frame close, +0..+57 (spread 57); 0 repeats, 0 skips; last slip col -1; tail slips 0; engage col -1
  [i]  P+66/2+1.0: engaged +0 cycles from the crossing, the close then moved -121..+0 (furthest at column 995); tail: tick 64 cycles after the frame close, +0..+56 (spread 56); 0 repeats, 0 skips; last slip col -1; tail slips 0; engage col -1
  [i]  P+66/2+1.1: engaged +1 cycles from the crossing, the close then moved +0..+1 (furthest at column 0); tail: tick 1040 cycles after the frame close, +0..+1 (spread 1); 0 repeats, 0 skips; last slip col -1; tail slips 0; engage col -1
  [i]  P+66/2+1.2: engaged +1 cycles from the crossing, the close then moved -1..+0 (furthest at column 0); tail: tick 1041 cycles after the frame close, -1..+1 (spread 2); 0 repeats, 0 skips; last slip col -1; tail slips 0; engage col -1
  [i]  P+66/2+1.3: engaged +2 cycles from the crossing, the close then moved -1..+0 (furthest at column 22); tail: tick 1040 cycles after the frame close, -1..+1 (spread 2); 0 repeats, 0 skips; last slip col -1; tail slips 0; engage col -1
  [i]  P+66/2+2.0: engaged +1 cycles from the crossing, the close then moved -1..+1 (furthest at column 0); tail: tick 1041 cycles after the frame close, -1..+0 (spread 1); 0 repeats, 0 skips; last slip col -1; tail slips 0; engage col -1
  [i]  P+66/2+2.1: engaged +1 cycles from the crossing, the close then moved -1..+1 (furthest at column 0); tail: tick 1040 cycles after the frame close, +0..+1 (spread 1); 0 repeats, 0 skips; last slip col -1; tail slips 0; engage col -1
  [i]  P+66/2+2.2: engaged +2 cycles from the crossing, the close then moved -1..+0 (furthest at column 0); tail: tick 1040 cycles after the frame close, +0..+1 (spread 1); 0 repeats, 0 skips; last slip col -1; tail slips 0; engage col -1
  [i]  P+66/2+2.3: engaged +2 cycles from the crossing, the close then moved -1..+0 (furthest at column 16); tail: tick 1040 cycles after the frame close, -1..+1 (spread 2); 0 repeats, 0 skips; last slip col -1; tail slips 0; engage col -1
  [i]  P+66/2+3.0: engaged +2 cycles from the crossing, the close then moved -1..+1 (furthest at column 0); tail: tick 1040 cycles after the frame close, -1..+0 (spread 1); 0 repeats, 0 skips; last slip col -1; tail slips 0; engage col -1
  [i]  P+66/2+3.1: engaged +3 cycles from the crossing, the close then moved -1..+1 (furthest at column 0); tail: tick 1038 cycles after the frame close, +0..+1 (spread 1); 0 repeats, 0 skips; last slip col -1; tail slips 0; engage col -1
  [i]  P+66/2+3.2: engaged +3 cycles from the crossing, the close then moved -1..+0 (furthest at column 0); tail: tick 1039 cycles after the frame close, +0..+1 (spread 1); 0 repeats, 0 skips; last slip col -1; tail slips 0; engage col -1
  [i]  P+66/2+3.3: engaged +4 cycles from the crossing, the close then moved -1..+0 (furthest at column 22); tail: tick 1039 cycles after the frame close, -1..+0 (spread 1); 0 repeats, 0 skips; last slip col -1; tail slips 0; engage col -1
== capture_coherence: checks: 401   failures: 0 ==
RESULT: PASS

  [i]  calibration, +66 ppm plan: with the TDM clock unheld the first close lands 13 cycles after its tick

[P+66/3] PROBE CRF, +66 ppm plan, every 1 cycles from -1 to +3, 4 quarter-cycle sub-placements, 1000 columns
  [i]  P+66/3-1.0: engaged -2 cycles from the crossing, the close then moved -121..+0 (furthest at column 995); tail: tick 66 cycles after the frame close, -1..+56 (spread 57); 0 repeats, 0 skips; last slip col -1; tail slips 0; engage col -1
  [i]  P+66/3-1.1: engaged -1 cycles from the crossing, the close then moved -121..+1 (furthest at column 995); tail: tick 65 cycles after the frame close, -1..+56 (spread 57); 0 repeats, 0 skips; last slip col -1; tail slips 0; engage col -1
  [i]  P+66/3-1.2: engaged -1 cycles from the crossing, the close then moved -121..+0 (furthest at column 995); tail: tick 66 cycles after the frame close, -1..+56 (spread 57); 0 repeats, 0 skips; last slip col -1; tail slips 0; engage col -1
  [i]  P+66/3-1.3: engaged +0 cycles from the crossing, the close then moved -121..+0 (furthest at column 995); tail: tick 64 cycles after the frame close, +0..+57 (spread 57); 0 repeats, 0 skips; last slip col -1; tail slips 0; engage col -1
  [i]  P+66/3+0.0: engaged -1 cycles from the crossing, the close then moved -121..+0 (furthest at column 995); tail: tick 65 cycles after the frame close, -1..+57 (spread 58); 0 repeats, 0 skips; last slip col -1; tail slips 0; engage col -1
  [i]  P+66/3+0.1: engaged -1 cycles from the crossing, the close then moved -121..+1 (furthest at column 995); tail: tick 65 cycles after the frame close, -1..+56 (spread 57); 0 repeats, 0 skips; last slip col -1; tail slips 0; engage col -1
  [i]  P+66/3+0.2: engaged +0 cycles from the crossing, the close then moved -121..+0 (furthest at column 989); tail: tick 65 cycles after the frame close, -1..+56 (spread 57); 0 repeats, 0 skips; last slip col -1; tail slips 0; engage col -1
  [i]  P+66/3+0.3: engaged +0 cycles from the crossing, the close then moved -121..+0 (furthest at column 995); tail: tick 64 cycles after the frame close, +0..+57 (spread 57); 0 repeats, 0 skips; last slip col -1; tail slips 0; engage col -1
  [i]  P+66/3+1.0: engaged +0 cycles from the crossing, the close then moved -121..+0 (furthest at column 995); tail: tick 64 cycles after the frame close, +0..+57 (spread 57); 0 repeats, 0 skips; last slip col -1; tail slips 0; engage col -1
  [i]  P+66/3+1.1: engaged +1 cycles from the crossing, the close then moved +0..+1 (furthest at column 0); tail: tick 1040 cycles after the frame close, +0..+1 (spread 1); 0 repeats, 0 skips; last slip col -1; tail slips 0; engage col -1
  [i]  P+66/3+1.2: engaged +1 cycles from the crossing, the close then moved -1..+0 (furthest at column 0); tail: tick 1041 cycles after the frame close, -1..+1 (spread 2); 0 repeats, 0 skips; last slip col -1; tail slips 0; engage col -1
  [i]  P+66/3+1.3: engaged +2 cycles from the crossing, the close then moved -1..+0 (furthest at column 16); tail: tick 1040 cycles after the frame close, -1..+1 (spread 2); 0 repeats, 0 skips; last slip col -1; tail slips 0; engage col -1
  [i]  P+66/3+2.0: engaged +1 cycles from the crossing, the close then moved -1..+1 (furthest at column 0); tail: tick 1041 cycles after the frame close, -1..+0 (spread 1); 0 repeats, 0 skips; last slip col -1; tail slips 0; engage col -1
  [i]  P+66/3+2.1: engaged +1 cycles from the crossing, the close then moved -1..+1 (furthest at column 0); tail: tick 1040 cycles after the frame close, +0..+1 (spread 1); 0 repeats, 0 skips; last slip col -1; tail slips 0; engage col -1
  [i]  P+66/3+2.2: engaged +2 cycles from the crossing, the close then moved -1..+0 (furthest at column 0); tail: tick 1040 cycles after the frame close, +0..+1 (spread 1); 0 repeats, 0 skips; last slip col -1; tail slips 0; engage col -1
  [i]  P+66/3+2.3: engaged +2 cycles from the crossing, the close then moved -1..+0 (furthest at column 10); tail: tick 1040 cycles after the frame close, -1..+1 (spread 2); 0 repeats, 0 skips; last slip col -1; tail slips 0; engage col -1
  [i]  P+66/3+3.0: engaged +2 cycles from the crossing, the close then moved -1..+1 (furthest at column 0); tail: tick 1040 cycles after the frame close, -1..+0 (spread 1); 0 repeats, 0 skips; last slip col -1; tail slips 0; engage col -1
  [i]  P+66/3+3.1: engaged +3 cycles from the crossing, the close then moved -1..+1 (furthest at column 0); tail: tick 1038 cycles after the frame close, +0..+1 (spread 1); 0 repeats, 0 skips; last slip col -1; tail slips 0; engage col -1
  [i]  P+66/3+3.2: engaged +3 cycles from the crossing, the close then moved -1..+0 (furthest at column 0); tail: tick 1039 cycles after the frame close, +0..+1 (spread 1); 0 repeats, 0 skips; last slip col -1; tail slips 0; engage col -1
  [i]  P+66/3+3.3: engaged +4 cycles from the crossing, the close then moved -1..+0 (furthest at column 16); tail: tick 1039 cycles after the frame close, -1..+0 (spread 1); 0 repeats, 0 skips; last slip col -1; tail slips 0; engage col -1
== capture_coherence: checks: 401   failures: 0 ==
RESULT: PASS

  [i]  calibration, +66 ppm plan: with the TDM clock unheld the first close lands 13 cycles after its tick

[P+66/4] PROBE CRF, +66 ppm plan, every 1 cycles from -1 to +3, 4 quarter-cycle sub-placements, 1000 columns
  [i]  P+66/4-1.0: engaged -2 cycles from the crossing, the close then moved -121..+0 (furthest at column 995); tail: tick 66 cycles after the frame close, -1..+56 (spread 57); 0 repeats, 0 skips; last slip col -1; tail slips 0; engage col -1
  [i]  P+66/4-1.1: engaged -1 cycles from the crossing, the close then moved -121..+1 (furthest at column 995); tail: tick 65 cycles after the frame close, -1..+56 (spread 57); 0 repeats, 0 skips; last slip col -1; tail slips 0; engage col -1
  [i]  P+66/4-1.2: engaged -1 cycles from the crossing, the close then moved -121..+0 (furthest at column 995); tail: tick 66 cycles after the frame close, -1..+56 (spread 57); 0 repeats, 0 skips; last slip col -1; tail slips 0; engage col -1
  [i]  P+66/4-1.3: engaged +0 cycles from the crossing, the close then moved -121..+0 (furthest at column 995); tail: tick 64 cycles after the frame close, +0..+57 (spread 57); 0 repeats, 0 skips; last slip col -1; tail slips 0; engage col -1
  [i]  P+66/4+0.0: engaged -1 cycles from the crossing, the close then moved -121..+0 (furthest at column 995); tail: tick 65 cycles after the frame close, -1..+57 (spread 58); 0 repeats, 0 skips; last slip col -1; tail slips 0; engage col -1
  [i]  P+66/4+0.1: engaged -1 cycles from the crossing, the close then moved -121..+1 (furthest at column 995); tail: tick 65 cycles after the frame close, -1..+56 (spread 57); 0 repeats, 0 skips; last slip col -1; tail slips 0; engage col -1
  [i]  P+66/4+0.2: engaged +0 cycles from the crossing, the close then moved -121..+0 (furthest at column 989); tail: tick 65 cycles after the frame close, -1..+56 (spread 57); 0 repeats, 0 skips; last slip col -1; tail slips 0; engage col -1
  [i]  P+66/4+0.3: engaged +0 cycles from the crossing, the close then moved -121..+0 (furthest at column 995); tail: tick 64 cycles after the frame close, +0..+57 (spread 57); 0 repeats, 0 skips; last slip col -1; tail slips 0; engage col -1
  [i]  P+66/4+1.0: engaged +0 cycles from the crossing, the close then moved -121..+0 (furthest at column 989); tail: tick 64 cycles after the frame close, +0..+57 (spread 57); 0 repeats, 0 skips; last slip col -1; tail slips 0; engage col -1
  [i]  P+66/4+1.1: engaged +1 cycles from the crossing, the close then moved -1..+1 (furthest at column 0); tail: tick 1040 cycles after the frame close, +0..+1 (spread 1); 0 repeats, 0 skips; last slip col -1; tail slips 0; engage col -1
  [i]  P+66/4+1.2: engaged +1 cycles from the crossing, the close then moved -1..+0 (furthest at column 0); tail: tick 1041 cycles after the frame close, -1..+1 (spread 2); 0 repeats, 0 skips; last slip col -1; tail slips 0; engage col -1
  [i]  P+66/4+1.3: engaged +2 cycles from the crossing, the close then moved -1..+0 (furthest at column 10); tail: tick 1040 cycles after the frame close, -1..+1 (spread 2); 0 repeats, 0 skips; last slip col -1; tail slips 0; engage col -1
  [i]  P+66/4+2.0: engaged +1 cycles from the crossing, the close then moved -1..+1 (furthest at column 0); tail: tick 1041 cycles after the frame close, -1..+0 (spread 1); 0 repeats, 0 skips; last slip col -1; tail slips 0; engage col -1
  [i]  P+66/4+2.1: engaged +1 cycles from the crossing, the close then moved -1..+1 (furthest at column 0); tail: tick 1040 cycles after the frame close, +0..+1 (spread 1); 0 repeats, 0 skips; last slip col -1; tail slips 0; engage col -1
  [i]  P+66/4+2.2: engaged +2 cycles from the crossing, the close then moved -1..+0 (furthest at column 0); tail: tick 1040 cycles after the frame close, +0..+1 (spread 1); 0 repeats, 0 skips; last slip col -1; tail slips 0; engage col -1
  [i]  P+66/4+2.3: engaged +2 cycles from the crossing, the close then moved -1..+0 (furthest at column 4); tail: tick 1040 cycles after the frame close, -1..+1 (spread 2); 0 repeats, 0 skips; last slip col -1; tail slips 0; engage col -1
  [i]  P+66/4+3.0: engaged +2 cycles from the crossing, the close then moved -1..+1 (furthest at column 0); tail: tick 1040 cycles after the frame close, -1..+0 (spread 1); 0 repeats, 0 skips; last slip col -1; tail slips 0; engage col -1
  [i]  P+66/4+3.1: engaged +3 cycles from the crossing, the close then moved -1..+1 (furthest at column 0); tail: tick 1038 cycles after the frame close, +0..+1 (spread 1); 0 repeats, 0 skips; last slip col -1; tail slips 0; engage col -1
  [i]  P+66/4+3.2: engaged +3 cycles from the crossing, the close then moved -1..+0 (furthest at column 0); tail: tick 1039 cycles after the frame close, +0..+1 (spread 1); 0 repeats, 0 skips; last slip col -1; tail slips 0; engage col -1
  [i]  P+66/4+3.3: engaged +4 cycles from the crossing, the close then moved -1..+0 (furthest at column 10); tail: tick 1039 cycles after the frame close, -1..+0 (spread 1); 0 repeats, 0 skips; last slip col -1; tail slips 0; engage col -1
== capture_coherence: checks: 401   failures: 0 ==
RESULT: PASS

  [i]  calibration, +66 ppm plan: with the TDM clock unheld the first close lands 13 cycles after its tick

[P+66/5] PROBE CRF, +66 ppm plan, every 1 cycles from -1 to +3, 4 quarter-cycle sub-placements, 1000 columns
  [i]  P+66/5-1.0: engaged -2 cycles from the crossing, the close then moved -121..+0 (furthest at column 995); tail: tick 66 cycles after the frame close, +0..+56 (spread 56); 0 repeats, 0 skips; last slip col -1; tail slips 0; engage col -1
  [i]  P+66/5-1.1: engaged -1 cycles from the crossing, the close then moved -121..+1 (furthest at column 995); tail: tick 65 cycles after the frame close, -1..+56 (spread 57); 0 repeats, 0 skips; last slip col -1; tail slips 0; engage col -1
  [i]  P+66/5-1.2: engaged -1 cycles from the crossing, the close then moved -121..+0 (furthest at column 995); tail: tick 66 cycles after the frame close, -1..+56 (spread 57); 0 repeats, 0 skips; last slip col -1; tail slips 0; engage col -1
  [i]  P+66/5-1.3: engaged +0 cycles from the crossing, the close then moved -121..+0 (furthest at column 995); tail: tick 64 cycles after the frame close, +0..+57 (spread 57); 0 repeats, 0 skips; last slip col -1; tail slips 0; engage col -1
  [i]  P+66/5+0.0: engaged -1 cycles from the crossing, the close then moved -121..+0 (furthest at column 995); tail: tick 65 cycles after the frame close, +0..+56 (spread 56); 0 repeats, 0 skips; last slip col -1; tail slips 0; engage col -1
  [i]  P+66/5+0.1: engaged -1 cycles from the crossing, the close then moved -121..+1 (furthest at column 995); tail: tick 65 cycles after the frame close, -1..+56 (spread 57); 0 repeats, 0 skips; last slip col -1; tail slips 0; engage col -1
  [i]  P+66/5+0.2: engaged +0 cycles from the crossing, the close then moved -121..+0 (furthest at column 989); tail: tick 65 cycles after the frame close, -1..+56 (spread 57); 0 repeats, 0 skips; last slip col -1; tail slips 0; engage col -1
  [i]  P+66/5+0.3: engaged +0 cycles from the crossing, the close then moved -121..+0 (furthest at column 995); tail: tick 64 cycles after the frame close, +0..+57 (spread 57); 0 repeats, 0 skips; last slip col -1; tail slips 0; engage col -1
  [i]  P+66/5+1.0: engaged +0 cycles from the crossing, the close then moved -121..+0 (furthest at column 989); tail: tick 64 cycles after the frame close, +0..+57 (spread 57); 0 repeats, 0 skips; last slip col -1; tail slips 0; engage col -1
  [i]  P+66/5+1.1: engaged +1 cycles from the crossing, the close then moved -1..+1 (furthest at column 0); tail: tick 1040 cycles after the frame close, +0..+1 (spread 1); 0 repeats, 0 skips; last slip col -1; tail slips 0; engage col -1
  [i]  P+66/5+1.2: engaged +1 cycles from the crossing, the close then moved -1..+0 (furthest at column 0); tail: tick 1041 cycles after the frame close, -1..+1 (spread 2); 0 repeats, 0 skips; last slip col -1; tail slips 0; engage col -1
  [i]  P+66/5+1.3: engaged +2 cycles from the crossing, the close then moved -1..+0 (furthest at column 4); tail: tick 1040 cycles after the frame close, -1..+1 (spread 2); 0 repeats, 0 skips; last slip col -1; tail slips 0; engage col -1
  [i]  P+66/5+2.0: engaged +1 cycles from the crossing, the close then moved -1..+1 (furthest at column 0); tail: tick 1041 cycles after the frame close, -1..+0 (spread 1); 0 repeats, 0 skips; last slip col -1; tail slips 0; engage col -1
  [i]  P+66/5+2.1: engaged +1 cycles from the crossing, the close then moved -1..+1 (furthest at column 0); tail: tick 1040 cycles after the frame close, +0..+1 (spread 1); 0 repeats, 0 skips; last slip col -1; tail slips 0; engage col -1
  [i]  P+66/5+2.2: engaged +2 cycles from the crossing, the close then moved -1..+0 (furthest at column 0); tail: tick 1040 cycles after the frame close, +0..+1 (spread 1); 0 repeats, 0 skips; last slip col -1; tail slips 0; engage col -1
  [i]  P+66/5+2.3: engaged +2 cycles from the crossing, the close then moved -1..+0 (furthest at column 0); tail: tick 1040 cycles after the frame close, -1..+1 (spread 2); 0 repeats, 0 skips; last slip col -1; tail slips 0; engage col -1
  [i]  P+66/5+3.0: engaged +2 cycles from the crossing, the close then moved -1..+1 (furthest at column 0); tail: tick 1040 cycles after the frame close, -1..+0 (spread 1); 0 repeats, 0 skips; last slip col -1; tail slips 0; engage col -1
  [i]  P+66/5+3.1: engaged +2 cycles from the crossing, the close then moved -1..+1 (furthest at column 0); tail: tick 1039 cycles after the frame close, +0..+1 (spread 1); 0 repeats, 0 skips; last slip col -1; tail slips 0; engage col -1
  [i]  P+66/5+3.2: engaged +4 cycles from the crossing, the close then moved -2..+0 (furthest at column 460); tail: tick 1038 cycles after the frame close, +0..+1 (spread 1); 0 repeats, 0 skips; last slip col -1; tail slips 0; engage col -1
  [i]  P+66/5+3.3: engaged +3 cycles from the crossing, the close then moved -1..+0 (furthest at column 0); tail: tick 1039 cycles after the frame close, +0..+1 (spread 1); 0 repeats, 0 skips; last slip col -1; tail slips 0; engage col -1
== capture_coherence: checks: 401   failures: 0 ==
RESULT: PASS

  [i]  calibration, +66 ppm plan: with the TDM clock unheld the first close lands 13 cycles after its tick

[P+66/6] PROBE CRF, +66 ppm plan, every 1 cycles from -1 to +3, 4 quarter-cycle sub-placements, 1000 columns
  [i]  P+66/6-1.0: engaged -2 cycles from the crossing, the close then moved -121..+0 (furthest at column 995); tail: tick 66 cycles after the frame close, +0..+56 (spread 56); 0 repeats, 0 skips; last slip col -1; tail slips 0; engage col -1
  [i]  P+66/6-1.1: engaged -1 cycles from the crossing, the close then moved -121..+1 (furthest at column 995); tail: tick 65 cycles after the frame close, -1..+56 (spread 57); 0 repeats, 0 skips; last slip col -1; tail slips 0; engage col -1
  [i]  P+66/6-1.2: engaged -1 cycles from the crossing, the close then moved -121..+0 (furthest at column 995); tail: tick 66 cycles after the frame close, -1..+56 (spread 57); 0 repeats, 0 skips; last slip col -1; tail slips 0; engage col -1
  [i]  P+66/6-1.3: engaged +0 cycles from the crossing, the close then moved -121..+0 (furthest at column 995); tail: tick 64 cycles after the frame close, +0..+57 (spread 57); 0 repeats, 0 skips; last slip col -1; tail slips 0; engage col -1
  [i]  P+66/6+0.0: engaged -1 cycles from the crossing, the close then moved -121..+0 (furthest at column 995); tail: tick 65 cycles after the frame close, +0..+56 (spread 56); 0 repeats, 0 skips; last slip col -1; tail slips 0; engage col -1
  [i]  P+66/6+0.1: engaged -1 cycles from the crossing, the close then moved -121..+1 (furthest at column 995); tail: tick 65 cycles after the frame close, -1..+56 (spread 57); 0 repeats, 0 skips; last slip col -1; tail slips 0; engage col -1
  [i]  P+66/6+0.2: engaged +0 cycles from the crossing, the close then moved -121..+0 (furthest at column 989); tail: tick 65 cycles after the frame close, -1..+56 (spread 57); 0 repeats, 0 skips; last slip col -1; tail slips 0; engage col -1
  [i]  P+66/6+0.3: engaged +0 cycles from the crossing, the close then moved -121..+0 (furthest at column 995); tail: tick 64 cycles after the frame close, +0..+57 (spread 57); 0 repeats, 0 skips; last slip col -1; tail slips 0; engage col -1
  [i]  P+66/6+1.0: engaged +0 cycles from the crossing, the close then moved -121..+0 (furthest at column 989); tail: tick 64 cycles after the frame close, +0..+57 (spread 57); 0 repeats, 0 skips; last slip col -1; tail slips 0; engage col -1
  [i]  P+66/6+1.1: engaged +1 cycles from the crossing, the close then moved -1..+1 (furthest at column 0); tail: tick 1040 cycles after the frame close, +0..+1 (spread 1); 0 repeats, 0 skips; last slip col -1; tail slips 0; engage col -1
  [i]  P+66/6+1.2: engaged +1 cycles from the crossing, the close then moved -1..+0 (furthest at column 0); tail: tick 1041 cycles after the frame close, -1..+1 (spread 2); 0 repeats, 0 skips; last slip col -1; tail slips 0; engage col -1
  [i]  P+66/6+1.3: engaged +2 cycles from the crossing, the close then moved -1..+0 (furthest at column 0); tail: tick 1040 cycles after the frame close, -1..+1 (spread 2); 0 repeats, 0 skips; last slip col -1; tail slips 0; engage col -1
  [i]  P+66/6+2.0: engaged +1 cycles from the crossing, the close then moved -1..+1 (furthest at column 0); tail: tick 1041 cycles after the frame close, -1..+0 (spread 1); 0 repeats, 0 skips; last slip col -1; tail slips 0; engage col -1
  [i]  P+66/6+2.1: engaged +2 cycles from the crossing, the close then moved -1..+1 (furthest at column 0); tail: tick 1039 cycles after the frame close, +0..+1 (spread 1); 0 repeats, 0 skips; last slip col -1; tail slips 0; engage col -1
  [i]  P+66/6+2.2: engaged +3 cycles from the crossing, the close then moved -1..+0 (furthest at column 0); tail: tick 1039 cycles after the frame close, +0..+1 (spread 1); 0 repeats, 0 skips; last slip col -1; tail slips 0; engage col -1
  [i]  P+66/6+2.3: engaged +3 cycles from the crossing, the close then moved -1..+0 (furthest at column 0); tail: tick 1039 cycles after the frame close, +0..+1 (spread 1); 0 repeats, 0 skips; last slip col -1; tail slips 0; engage col -1
  [i]  P+66/6+3.0: engaged +3 cycles from the crossing, the close then moved -1..+1 (furthest at column 0); tail: tick 1039 cycles after the frame close, -1..+1 (spread 2); 0 repeats, 0 skips; last slip col -1; tail slips 0; engage col -1
  [i]  P+66/6+3.1: engaged +3 cycles from the crossing, the close then moved -1..+1 (furthest at column 0); tail: tick 1038 cycles after the frame close, +0..+1 (spread 1); 0 repeats, 0 skips; last slip col -1; tail slips 0; engage col -1
  [i]  P+66/6+3.2: engaged +3 cycles from the crossing, the close then moved -1..+0 (furthest at column 0); tail: tick 1039 cycles after the frame close, +0..+1 (spread 1); 0 repeats, 0 skips; last slip col -1; tail slips 0; engage col -1
  [i]  P+66/6+3.3: engaged +4 cycles from the crossing, the close then moved -1..+0 (furthest at column 0); tail: tick 1039 cycles after the frame close, -1..+0 (spread 1); 0 repeats, 0 skips; last slip col -1; tail slips 0; engage col -1
== capture_coherence: checks: 401   failures: 0 ==
RESULT: PASS

  [i]  calibration, +66 ppm plan: with the TDM clock unheld the first close lands 13 cycles after its tick

[P+66/7] PROBE CRF, +66 ppm plan, every 1 cycles from -1 to +3, 4 quarter-cycle sub-placements, 1000 columns
  [i]  P+66/7-1.0: engaged -2 cycles from the crossing, the close then moved -121..+0 (furthest at column 995); tail: tick 66 cycles after the frame close, +0..+56 (spread 56); 0 repeats, 0 skips; last slip col -1; tail slips 0; engage col -1
  [i]  P+66/7-1.1: engaged -1 cycles from the crossing, the close then moved -121..+1 (furthest at column 995); tail: tick 65 cycles after the frame close, -1..+56 (spread 57); 0 repeats, 0 skips; last slip col -1; tail slips 0; engage col -1
  [i]  P+66/7-1.2: engaged -1 cycles from the crossing, the close then moved -121..+0 (furthest at column 995); tail: tick 66 cycles after the frame close, -1..+56 (spread 57); 0 repeats, 0 skips; last slip col -1; tail slips 0; engage col -1
  [i]  P+66/7-1.3: engaged +0 cycles from the crossing, the close then moved -121..+0 (furthest at column 995); tail: tick 64 cycles after the frame close, +0..+57 (spread 57); 0 repeats, 0 skips; last slip col -1; tail slips 0; engage col -1
  [i]  P+66/7+0.0: engaged -1 cycles from the crossing, the close then moved -121..+0 (furthest at column 995); tail: tick 65 cycles after the frame close, +0..+56 (spread 56); 0 repeats, 0 skips; last slip col -1; tail slips 0; engage col -1
  [i]  P+66/7+0.1: engaged -1 cycles from the crossing, the close then moved -121..+1 (furthest at column 995); tail: tick 65 cycles after the frame close, -1..+56 (spread 57); 0 repeats, 0 skips; last slip col -1; tail slips 0; engage col -1
  [i]  P+66/7+0.2: engaged +0 cycles from the crossing, the close then moved -121..+0 (furthest at column 989); tail: tick 65 cycles after the frame close, -1..+56 (spread 57); 0 repeats, 0 skips; last slip col -1; tail slips 0; engage col -1
  [i]  P+66/7+0.3: engaged +0 cycles from the crossing, the close then moved -121..+0 (furthest at column 995); tail: tick 64 cycles after the frame close, +0..+57 (spread 57); 0 repeats, 0 skips; last slip col -1; tail slips 0; engage col -1
  [i]  P+66/7+1.0: engaged +0 cycles from the crossing, the close then moved -121..+0 (furthest at column 995); tail: tick 64 cycles after the frame close, +0..+57 (spread 57); 0 repeats, 0 skips; last slip col -1; tail slips 0; engage col -1
  [i]  P+66/7+1.1: engaged +0 cycles from the crossing, the close then moved -121..+1 (furthest at column 995); tail: tick 64 cycles after the frame close, +0..+56 (spread 56); 1 repeats, 1 skips; last slip col 8; tail slips 0; engage col -1
  [i]  P+66/7+1.1: last slip at column 8; engagement window unbounded columns
  [i]  P+66/7+1.2: engaged +2 cycles from the crossing, the close then moved -1..+0 (furthest at column 0); tail: tick 1040 cycles after the frame close, +0..+1 (spread 1); 0 repeats, 0 skips; last slip col -1; tail slips 0; engage col -1
  [i]  P+66/7+1.3: engaged +1 cycles from the crossing, the close then moved -1..+0 (furthest at column 0); tail: tick 1041 cycles after the frame close, -1..+1 (spread 2); 0 repeats, 0 skips; last slip col -1; tail slips 0; engage col -1
  [i]  P+66/7+2.0: engaged +2 cycles from the crossing, the close then moved -1..+1 (furthest at column 0); tail: tick 1040 cycles after the frame close, -1..+0 (spread 1); 0 repeats, 0 skips; last slip col -1; tail slips 0; engage col -1
  [i]  P+66/7+2.1: engaged +1 cycles from the crossing, the close then moved -1..+1 (furthest at column 0); tail: tick 1040 cycles after the frame close, +0..+1 (spread 1); 0 repeats, 0 skips; last slip col -1; tail slips 0; engage col -1
  [i]  P+66/7+2.2: engaged +2 cycles from the crossing, the close then moved -1..+0 (furthest at column 0); tail: tick 1040 cycles after the frame close, +0..+1 (spread 1); 0 repeats, 0 skips; last slip col -1; tail slips 0; engage col -1
  [i]  P+66/7+2.3: engaged +2 cycles from the crossing, the close then moved -1..+0 (furthest at column 0); tail: tick 1040 cycles after the frame close, -1..+1 (spread 2); 0 repeats, 0 skips; last slip col -1; tail slips 0; engage col -1
  [i]  P+66/7+3.0: engaged +2 cycles from the crossing, the close then moved -1..+0 (furthest at column 100); tail: tick 1040 cycles after the frame close, -1..+1 (spread 2); 0 repeats, 0 skips; last slip col -1; tail slips 0; engage col -1
  [i]  P+66/7+3.1: engaged +2 cycles from the crossing, the close then moved -1..+1 (furthest at column 0); tail: tick 1039 cycles after the frame close, +0..+1 (spread 1); 0 repeats, 0 skips; last slip col -1; tail slips 0; engage col -1
  [i]  P+66/7+3.2: engaged +4 cycles from the crossing, the close then moved -2..+0 (furthest at column 442); tail: tick 1038 cycles after the frame close, +0..+1 (spread 1); 0 repeats, 0 skips; last slip col -1; tail slips 0; engage col -1
  [i]  P+66/7+3.3: engaged +3 cycles from the crossing, the close then moved -1..+0 (furthest at column 0); tail: tick 1039 cycles after the frame close, +0..+1 (spread 1); 0 repeats, 0 skips; last slip col -1; tail slips 0; engage col -1
== capture_coherence: checks: 401   failures: 0 ==
RESULT: PASS

  [i]  calibration, +66 ppm plan: with the TDM clock unheld the first close lands 13 cycles after its tick

[P+66/8] PROBE CRF, +66 ppm plan, every 1 cycles from -1 to +3, 4 quarter-cycle sub-placements, 1000 columns
  [i]  P+66/8-1.0: engaged -2 cycles from the crossing, the close then moved -121..+0 (furthest at column 995); tail: tick 66 cycles after the frame close, +0..+56 (spread 56); 0 repeats, 0 skips; last slip col -1; tail slips 0; engage col -1
  [i]  P+66/8-1.1: engaged -1 cycles from the crossing, the close then moved -121..+1 (furthest at column 995); tail: tick 65 cycles after the frame close, -1..+56 (spread 57); 0 repeats, 0 skips; last slip col -1; tail slips 0; engage col -1
  [i]  P+66/8-1.2: engaged -1 cycles from the crossing, the close then moved -121..+0 (furthest at column 995); tail: tick 66 cycles after the frame close, -1..+56 (spread 57); 0 repeats, 0 skips; last slip col -1; tail slips 0; engage col -1
  [i]  P+66/8-1.3: engaged +0 cycles from the crossing, the close then moved -121..+0 (furthest at column 995); tail: tick 64 cycles after the frame close, +0..+57 (spread 57); 0 repeats, 0 skips; last slip col -1; tail slips 0; engage col -1
  [i]  P+66/8+0.0: engaged -1 cycles from the crossing, the close then moved -121..+0 (furthest at column 995); tail: tick 65 cycles after the frame close, +0..+56 (spread 56); 0 repeats, 0 skips; last slip col -1; tail slips 0; engage col -1
  [i]  P+66/8+0.1: engaged +0 cycles from the crossing, the close then moved -121..+1 (furthest at column 995); tail: tick 64 cycles after the frame close, +0..+56 (spread 56); 1 repeats, 1 skips; last slip col 8; tail slips 0; engage col -1
  [i]  P+66/8+0.1: last slip at column 8; engagement window unbounded columns
  [i]  P+66/8+0.2: engaged +1 cycles from the crossing, the close then moved -1..+0 (furthest at column 0); tail: tick 1041 cycles after the frame close, -1..+1 (spread 2); 0 repeats, 0 skips; last slip col -1; tail slips 0; engage col -1
  [i]  P+66/8+0.3: engaged +1 cycles from the crossing, the close then moved -1..+0 (furthest at column 0); tail: tick 1041 cycles after the frame close, -1..+1 (spread 2); 0 repeats, 0 skips; last slip col -1; tail slips 0; engage col -1
  [i]  P+66/8+1.0: engaged +1 cycles from the crossing, the close then moved -1..+1 (furthest at column 4); tail: tick 1041 cycles after the frame close, -1..+0 (spread 1); 0 repeats, 0 skips; last slip col -1; tail slips 0; engage col -1
  [i]  P+66/8+1.1: engaged +1 cycles from the crossing, the close then moved -1..+1 (furthest at column 0); tail: tick 1040 cycles after the frame close, +0..+1 (spread 1); 0 repeats, 0 skips; last slip col -1; tail slips 0; engage col -1
  [i]  P+66/8+1.2: engaged +1 cycles from the crossing, the close then moved -1..+0 (furthest at column 0); tail: tick 1041 cycles after the frame close, -1..+1 (spread 2); 0 repeats, 0 skips; last slip col -1; tail slips 0; engage col -1
  [i]  P+66/8+1.3: engaged +2 cycles from the crossing, the close then moved -1..+0 (furthest at column 0); tail: tick 1040 cycles after the frame close, -1..+1 (spread 2); 0 repeats, 0 skips; last slip col -1; tail slips 0; engage col -1
  [i]  P+66/8+2.0: engaged +1 cycles from the crossing, the close then moved -1..+1 (furthest at column 4); tail: tick 1041 cycles after the frame close, -1..+0 (spread 1); 0 repeats, 0 skips; last slip col -1; tail slips 0; engage col -1
  [i]  P+66/8+2.1: engaged +2 cycles from the crossing, the close then moved -1..+1 (furthest at column 0); tail: tick 1039 cycles after the frame close, +0..+1 (spread 1); 0 repeats, 0 skips; last slip col -1; tail slips 0; engage col -1
  [i]  P+66/8+2.2: engaged +3 cycles from the crossing, the close then moved -1..+0 (furthest at column 0); tail: tick 1039 cycles after the frame close, +0..+1 (spread 1); 0 repeats, 0 skips; last slip col -1; tail slips 0; engage col -1
  [i]  P+66/8+2.3: engaged +3 cycles from the crossing, the close then moved -1..+0 (furthest at column 0); tail: tick 1039 cycles after the frame close, +0..+1 (spread 1); 0 repeats, 0 skips; last slip col -1; tail slips 0; engage col -1
  [i]  P+66/8+3.0: engaged +3 cycles from the crossing, the close then moved -1..+0 (furthest at column 100); tail: tick 1039 cycles after the frame close, -1..+1 (spread 2); 0 repeats, 0 skips; last slip col -1; tail slips 0; engage col -1
  [i]  P+66/8+3.1: engaged +3 cycles from the crossing, the close then moved -1..+1 (furthest at column 0); tail: tick 1038 cycles after the frame close, +0..+1 (spread 1); 0 repeats, 0 skips; last slip col -1; tail slips 0; engage col -1
  [i]  P+66/8+3.2: engaged +3 cycles from the crossing, the close then moved -1..+0 (furthest at column 0); tail: tick 1039 cycles after the frame close, +0..+1 (spread 1); 0 repeats, 0 skips; last slip col -1; tail slips 0; engage col -1
  [i]  P+66/8+3.3: engaged +4 cycles from the crossing, the close then moved -1..+0 (furthest at column 0); tail: tick 1038 cycles after the frame close, +0..+1 (spread 1); 0 repeats, 0 skips; last slip col -1; tail slips 0; engage col -1
== capture_coherence: checks: 401   failures: 0 ==
RESULT: PASS

  [i]  calibration, +66 ppm plan: with the TDM clock unheld the first close lands 13 cycles after its tick

[P+66/9] PROBE CRF, +66 ppm plan, every 1 cycles from -1 to +3, 4 quarter-cycle sub-placements, 1000 columns
  [i]  P+66/9-1.0: engaged -2 cycles from the crossing, the close then moved -121..+0 (furthest at column 995); tail: tick 66 cycles after the frame close, +0..+56 (spread 56); 0 repeats, 0 skips; last slip col -1; tail slips 0; engage col -1
  [i]  P+66/9-1.1: engaged -2 cycles from the crossing, the close then moved -120..+0 (furthest at column 989); tail: tick 66 cycles after the frame close, -1..+56 (spread 57); 0 repeats, 0 skips; last slip col -1; tail slips 0; engage col -1
  [i]  P+66/9-1.2: engaged +0 cycles from the crossing, the close then moved -121..+0 (furthest at column 989); tail: tick 65 cycles after the frame close, -1..+56 (spread 57); 0 repeats, 0 skips; last slip col -1; tail slips 0; engage col -1
  [i]  P+66/9-1.3: engaged -1 cycles from the crossing, the close then moved -121..+0 (furthest at column 995); tail: tick 65 cycles after the frame close, +0..+56 (spread 56); 0 repeats, 0 skips; last slip col -1; tail slips 0; engage col -1
  [i]  P+66/9+0.0: engaged +0 cycles from the crossing, the close then moved -121..+0 (furthest at column 995); tail: tick 64 cycles after the frame close, +0..+57 (spread 57); 0 repeats, 0 skips; last slip col -1; tail slips 0; engage col -1
  [i]  P+66/9+0.1: engaged -1 cycles from the crossing, the close then moved -121..+1 (furthest at column 995); tail: tick 65 cycles after the frame close, -1..+56 (spread 57); 0 repeats, 0 skips; last slip col -1; tail slips 0; engage col -1
  [i]  P+66/9+0.2: engaged +0 cycles from the crossing, the close then moved -122..+0 (furthest at column 995); tail: tick 65 cycles after the frame close, -1..+56 (spread 57); 0 repeats, 0 skips; last slip col -1; tail slips 0; engage col -1
  [i]  P+66/9+0.3: engaged +0 cycles from the crossing, the close then moved -121..+0 (furthest at column 995); tail: tick 64 cycles after the frame close, +0..+57 (spread 57); 0 repeats, 0 skips; last slip col -1; tail slips 0; engage col -1
  [i]  P+66/9+1.0: engaged +0 cycles from the crossing, the close then moved -121..+0 (furthest at column 995); tail: tick 64 cycles after the frame close, +0..+57 (spread 57); 0 repeats, 0 skips; last slip col -1; tail slips 0; engage col -1
  [i]  P+66/9+1.1: engaged +0 cycles from the crossing, the close then moved -121..+1 (furthest at column 995); tail: tick 64 cycles after the frame close, +0..+56 (spread 56); 1 repeats, 1 skips; last slip col 8; tail slips 0; engage col -1
  [i]  P+66/9+1.1: last slip at column 8; engagement window unbounded columns
  [i]  P+66/9+1.2: engaged +2 cycles from the crossing, the close then moved -1..+0 (furthest at column 0); tail: tick 1040 cycles after the frame close, +0..+1 (spread 1); 0 repeats, 0 skips; last slip col -1; tail slips 0; engage col -1
  [i]  P+66/9+1.3: engaged +1 cycles from the crossing, the close then moved -1..+0 (furthest at column 0); tail: tick 1041 cycles after the frame close, -1..+1 (spread 2); 0 repeats, 0 skips; last slip col -1; tail slips 0; engage col -1
  [i]  P+66/9+2.0: engaged +2 cycles from the crossing, the close then moved -1..+0 (furthest at column 94); tail: tick 1040 cycles after the frame close, -1..+1 (spread 2); 0 repeats, 0 skips; last slip col -1; tail slips 0; engage col -1
  [i]  P+66/9+2.1: engaged +1 cycles from the crossing, the close then moved -1..+1 (furthest at column 0); tail: tick 1041 cycles after the frame close, -1..+0 (spread 1); 0 repeats, 0 skips; last slip col -1; tail slips 0; engage col -1
  [i]  P+66/9+2.2: engaged +2 cycles from the crossing, the close then moved -1..+0 (furthest at column 0); tail: tick 1040 cycles after the frame close, +0..+1 (spread 1); 0 repeats, 0 skips; last slip col -1; tail slips 0; engage col -1
  [i]  P+66/9+2.3: engaged +2 cycles from the crossing, the close then moved -1..+0 (furthest at column 0); tail: tick 1040 cycles after the frame close, -1..+1 (spread 2); 0 repeats, 0 skips; last slip col -1; tail slips 0; engage col -1
  [i]  P+66/9+3.0: engaged +2 cycles from the crossing, the close then moved -1..+0 (furthest at column 82); tail: tick 1040 cycles after the frame close, -1..+1 (spread 2); 0 repeats, 0 skips; last slip col -1; tail slips 0; engage col -1
  [i]  P+66/9+3.1: engaged +2 cycles from the crossing, the close then moved -1..+1 (furthest at column 0); tail: tick 1040 cycles after the frame close, -1..+0 (spread 1); 0 repeats, 0 skips; last slip col -1; tail slips 0; engage col -1
  [i]  P+66/9+3.2: engaged +4 cycles from the crossing, the close then moved -2..+0 (furthest at column 430); tail: tick 1038 cycles after the frame close, +0..+1 (spread 1); 0 repeats, 0 skips; last slip col -1; tail slips 0; engage col -1
  [i]  P+66/9+3.3: engaged +3 cycles from the crossing, the close then moved -1..+0 (furthest at column 0); tail: tick 1039 cycles after the frame close, +0..+1 (spread 1); 0 repeats, 0 skips; last slip col -1; tail slips 0; engage col -1
== capture_coherence: checks: 401   failures: 0 ==
RESULT: PASS

  [i]  calibration, +66 ppm plan: with the TDM clock unheld the first close lands 13 cycles after its tick

[P+66/10] PROBE CRF, +66 ppm plan, every 1 cycles from -1 to +3, 4 quarter-cycle sub-placements, 1000 columns
  [i]  P+66/10-1.0: engaged -2 cycles from the crossing, the close then moved -121..+0 (furthest at column 995); tail: tick 66 cycles after the frame close, +0..+56 (spread 56); 0 repeats, 0 skips; last slip col -1; tail slips 0; engage col -1
  [i]  P+66/10-1.1: engaged -2 cycles from the crossing, the close then moved -120..+0 (furthest at column 989); tail: tick 66 cycles after the frame close, -1..+56 (spread 57); 0 repeats, 0 skips; last slip col -1; tail slips 0; engage col -1
  [i]  P+66/10-1.2: engaged +0 cycles from the crossing, the close then moved -122..+0 (furthest at column 995); tail: tick 65 cycles after the frame close, -1..+56 (spread 57); 0 repeats, 0 skips; last slip col -1; tail slips 0; engage col -1
  [i]  P+66/10-1.3: engaged -1 cycles from the crossing, the close then moved -121..+0 (furthest at column 995); tail: tick 65 cycles after the frame close, +0..+56 (spread 56); 0 repeats, 0 skips; last slip col -1; tail slips 0; engage col -1
  [i]  P+66/10+0.0: engaged +0 cycles from the crossing, the close then moved -121..+0 (furthest at column 995); tail: tick 64 cycles after the frame close, +0..+57 (spread 57); 0 repeats, 0 skips; last slip col -1; tail slips 0; engage col -1
  [i]  P+66/10+0.1: engaged -1 cycles from the crossing, the close then moved -121..+1 (furthest at column 995); tail: tick 65 cycles after the frame close, -1..+56 (spread 57); 0 repeats, 0 skips; last slip col -1; tail slips 0; engage col -1
  [i]  P+66/10+0.2: engaged +0 cycles from the crossing, the close then moved -122..+0 (furthest at column 995); tail: tick 65 cycles after the frame close, -1..+56 (spread 57); 0 repeats, 0 skips; last slip col -1; tail slips 0; engage col -1
  [i]  P+66/10+0.3: engaged +0 cycles from the crossing, the close then moved -121..+0 (furthest at column 995); tail: tick 64 cycles after the frame close, +0..+57 (spread 57); 0 repeats, 0 skips; last slip col -1; tail slips 0; engage col -1
  [i]  P+66/10+1.0: engaged +0 cycles from the crossing, the close then moved -121..+0 (furthest at column 995); tail: tick 64 cycles after the frame close, +0..+57 (spread 57); 0 repeats, 0 skips; last slip col -1; tail slips 0; engage col -1
  [i]  P+66/10+1.1: engaged +0 cycles from the crossing, the close then moved -121..+1 (furthest at column 995); tail: tick 64 cycles after the frame close, +0..+56 (spread 56); 1 repeats, 1 skips; last slip col 7; tail slips 0; engage col -1
  [i]  P+66/10+1.1: last slip at column 7; engagement window unbounded columns
  [i]  P+66/10+1.2: engaged +2 cycles from the crossing, the close then moved -1..+0 (furthest at column 0); tail: tick 1040 cycles after the frame close, +0..+1 (spread 1); 0 repeats, 0 skips; last slip col -1; tail slips 0; engage col -1
  [i]  P+66/10+1.3: engaged +1 cycles from the crossing, the close then moved -1..+0 (furthest at column 0); tail: tick 1041 cycles after the frame close, -1..+1 (spread 2); 0 repeats, 0 skips; last slip col -1; tail slips 0; engage col -1
  [i]  P+66/10+2.0: engaged +2 cycles from the crossing, the close then moved -1..+0 (furthest at column 82); tail: tick 1040 cycles after the frame close, -1..+1 (spread 2); 0 repeats, 0 skips; last slip col -1; tail slips 0; engage col -1
  [i]  P+66/10+2.1: engaged +1 cycles from the crossing, the close then moved -1..+1 (furthest at column 0); tail: tick 1041 cycles after the frame close, -1..+0 (spread 1); 0 repeats, 0 skips; last slip col -1; tail slips 0; engage col -1
  [i]  P+66/10+2.2: engaged +2 cycles from the crossing, the close then moved -1..+0 (furthest at column 0); tail: tick 1040 cycles after the frame close, +0..+1 (spread 1); 0 repeats, 0 skips; last slip col -1; tail slips 0; engage col -1
  [i]  P+66/10+2.3: engaged +2 cycles from the crossing, the close then moved -1..+0 (furthest at column 0); tail: tick 1040 cycles after the frame close, -1..+1 (spread 2); 0 repeats, 0 skips; last slip col -1; tail slips 0; engage col -1
  [i]  P+66/10+3.0: engaged +2 cycles from the crossing, the close then moved -1..+0 (furthest at column 76); tail: tick 1040 cycles after the frame close, -1..+1 (spread 2); 0 repeats, 0 skips; last slip col -1; tail slips 0; engage col -1
  [i]  P+66/10+3.1: engaged +2 cycles from the crossing, the close then moved -1..+1 (furthest at column 0); tail: tick 1040 cycles after the frame close, -1..+0 (spread 1); 0 repeats, 0 skips; last slip col -1; tail slips 0; engage col -1
  [i]  P+66/10+3.2: engaged +4 cycles from the crossing, the close then moved -2..+0 (furthest at column 418); tail: tick 1038 cycles after the frame close, +0..+1 (spread 1); 0 repeats, 0 skips; last slip col -1; tail slips 0; engage col -1
  [i]  P+66/10+3.3: engaged +3 cycles from the crossing, the close then moved -1..+0 (furthest at column 0); tail: tick 1039 cycles after the frame close, +0..+1 (spread 1); 0 repeats, 0 skips; last slip col -1; tail slips 0; engage col -1
== capture_coherence: checks: 401   failures: 0 ==
RESULT: PASS

  [i]  calibration, +66 ppm plan: with the TDM clock unheld the first close lands 13 cycles after its tick

[P+66/11] PROBE CRF, +66 ppm plan, every 1 cycles from -1 to +3, 4 quarter-cycle sub-placements, 1000 columns
  [i]  P+66/11-1.0: engaged -2 cycles from the crossing, the close then moved -121..+0 (furthest at column 995); tail: tick 66 cycles after the frame close, +0..+56 (spread 56); 0 repeats, 0 skips; last slip col -1; tail slips 0; engage col -1
  [i]  P+66/11-1.1: engaged -2 cycles from the crossing, the close then moved -120..+0 (furthest at column 989); tail: tick 66 cycles after the frame close, -1..+56 (spread 57); 0 repeats, 0 skips; last slip col -1; tail slips 0; engage col -1
  [i]  P+66/11-1.2: engaged +0 cycles from the crossing, the close then moved -122..+0 (furthest at column 995); tail: tick 65 cycles after the frame close, -1..+56 (spread 57); 0 repeats, 0 skips; last slip col -1; tail slips 0; engage col -1
  [i]  P+66/11-1.3: engaged -1 cycles from the crossing, the close then moved -121..+0 (furthest at column 995); tail: tick 65 cycles after the frame close, +0..+56 (spread 56); 0 repeats, 0 skips; last slip col -1; tail slips 0; engage col -1
  [i]  P+66/11+0.0: engaged +0 cycles from the crossing, the close then moved -121..+0 (furthest at column 995); tail: tick 64 cycles after the frame close, +0..+57 (spread 57); 0 repeats, 0 skips; last slip col -1; tail slips 0; engage col -1
  [i]  P+66/11+0.1: engaged -1 cycles from the crossing, the close then moved -121..+0 (furthest at column 995); tail: tick 65 cycles after the frame close, -1..+56 (spread 57); 0 repeats, 0 skips; last slip col -1; tail slips 0; engage col -1
  [i]  P+66/11+0.2: engaged +0 cycles from the crossing, the close then moved -122..+0 (furthest at column 995); tail: tick 65 cycles after the frame close, -1..+56 (spread 57); 0 repeats, 0 skips; last slip col -1; tail slips 0; engage col -1
  [i]  P+66/11+0.3: engaged +0 cycles from the crossing, the close then moved -121..+0 (furthest at column 995); tail: tick 64 cycles after the frame close, +0..+57 (spread 57); 0 repeats, 0 skips; last slip col -1; tail slips 0; engage col -1
  [i]  P+66/11+1.0: engaged +0 cycles from the crossing, the close then moved -121..+0 (furthest at column 995); tail: tick 64 cycles after the frame close, +0..+57 (spread 57); 0 repeats, 0 skips; last slip col -1; tail slips 0; engage col -1
  [i]  P+66/11+1.1: engaged +0 cycles from the crossing, the close then moved -121..+0 (furthest at column 995); tail: tick 64 cycles after the frame close, +0..+56 (spread 56); 0 repeats, 0 skips; last slip col -1; tail slips 0; engage col -1
  [i]  P+66/11+1.2: engaged +2 cycles from the crossing, the close then moved -1..+0 (furthest at column 0); tail: tick 1040 cycles after the frame close, +0..+1 (spread 1); 0 repeats, 0 skips; last slip col -1; tail slips 0; engage col -1
  [i]  P+66/11+1.3: engaged +1 cycles from the crossing, the close then moved -1..+0 (furthest at column 0); tail: tick 1041 cycles after the frame close, -1..+1 (spread 2); 0 repeats, 0 skips; last slip col -1; tail slips 0; engage col -1
  [i]  P+66/11+2.0: engaged +2 cycles from the crossing, the close then moved -1..+0 (furthest at column 76); tail: tick 1040 cycles after the frame close, -1..+1 (spread 2); 0 repeats, 0 skips; last slip col -1; tail slips 0; engage col -1
  [i]  P+66/11+2.1: engaged +1 cycles from the crossing, the close then moved -1..+1 (furthest at column 0); tail: tick 1041 cycles after the frame close, -1..+0 (spread 1); 0 repeats, 0 skips; last slip col -1; tail slips 0; engage col -1
  [i]  P+66/11+2.2: engaged +2 cycles from the crossing, the close then moved -1..+0 (furthest at column 0); tail: tick 1040 cycles after the frame close, +0..+1 (spread 1); 0 repeats, 0 skips; last slip col -1; tail slips 0; engage col -1
  [i]  P+66/11+2.3: engaged +2 cycles from the crossing, the close then moved -1..+0 (furthest at column 0); tail: tick 1040 cycles after the frame close, -1..+1 (spread 2); 0 repeats, 0 skips; last slip col -1; tail slips 0; engage col -1
  [i]  P+66/11+3.0: engaged +2 cycles from the crossing, the close then moved -1..+0 (furthest at column 70); tail: tick 1040 cycles after the frame close, -1..+1 (spread 2); 0 repeats, 0 skips; last slip col -1; tail slips 0; engage col -1
  [i]  P+66/11+3.1: engaged +2 cycles from the crossing, the close then moved -1..+1 (furthest at column 0); tail: tick 1040 cycles after the frame close, -1..+0 (spread 1); 0 repeats, 0 skips; last slip col -1; tail slips 0; engage col -1
  [i]  P+66/11+3.2: engaged +4 cycles from the crossing, the close then moved -2..+0 (furthest at column 412); tail: tick 1038 cycles after the frame close, +0..+1 (spread 1); 0 repeats, 0 skips; last slip col -1; tail slips 0; engage col -1
  [i]  P+66/11+3.3: engaged +3 cycles from the crossing, the close then moved -1..+0 (furthest at column 0); tail: tick 1039 cycles after the frame close, +0..+1 (spread 1); 0 repeats, 0 skips; last slip col -1; tail slips 0; engage col -1
== capture_coherence: checks: 401   failures: 0 ==
RESULT: PASS

  [i]  calibration, +66 ppm plan: with the TDM clock unheld the first close lands 13 cycles after its tick

[P+66/12] PROBE CRF, +66 ppm plan, every 1 cycles from -1 to +3, 4 quarter-cycle sub-placements, 1000 columns
  [i]  P+66/12-1.0: engaged -2 cycles from the crossing, the close then moved -121..+0 (furthest at column 995); tail: tick 66 cycles after the frame close, +0..+56 (spread 56); 0 repeats, 0 skips; last slip col -1; tail slips 0; engage col -1
  [i]  P+66/12-1.1: engaged -2 cycles from the crossing, the close then moved -120..+0 (furthest at column 989); tail: tick 66 cycles after the frame close, -1..+56 (spread 57); 0 repeats, 0 skips; last slip col -1; tail slips 0; engage col -1
  [i]  P+66/12-1.2: engaged +0 cycles from the crossing, the close then moved -122..+0 (furthest at column 995); tail: tick 65 cycles after the frame close, -1..+56 (spread 57); 0 repeats, 0 skips; last slip col -1; tail slips 0; engage col -1
  [i]  P+66/12-1.3: engaged -1 cycles from the crossing, the close then moved -121..+0 (furthest at column 995); tail: tick 65 cycles after the frame close, +0..+56 (spread 56); 0 repeats, 0 skips; last slip col -1; tail slips 0; engage col -1
  [i]  P+66/12+0.0: engaged +0 cycles from the crossing, the close then moved -121..+0 (furthest at column 995); tail: tick 64 cycles after the frame close, +0..+57 (spread 57); 0 repeats, 0 skips; last slip col -1; tail slips 0; engage col -1
  [i]  P+66/12+0.1: engaged -1 cycles from the crossing, the close then moved -121..+0 (furthest at column 995); tail: tick 65 cycles after the frame close, -1..+56 (spread 57); 0 repeats, 0 skips; last slip col -1; tail slips 0; engage col -1
  [i]  P+66/12+0.2: engaged +0 cycles from the crossing, the close then moved -122..+0 (furthest at column 995); tail: tick 65 cycles after the frame close, -1..+56 (spread 57); 0 repeats, 0 skips; last slip col -1; tail slips 0; engage col -1
  [i]  P+66/12+0.3: engaged +0 cycles from the crossing, the close then moved -121..+0 (furthest at column 995); tail: tick 64 cycles after the frame close, +0..+57 (spread 57); 0 repeats, 0 skips; last slip col -1; tail slips 0; engage col -1
  [i]  P+66/12+1.0: engaged +0 cycles from the crossing, the close then moved -121..+0 (furthest at column 995); tail: tick 64 cycles after the frame close, +0..+57 (spread 57); 0 repeats, 0 skips; last slip col -1; tail slips 0; engage col -1
  [i]  P+66/12+1.1: engaged +0 cycles from the crossing, the close then moved -121..+0 (furthest at column 995); tail: tick 64 cycles after the frame close, +0..+56 (spread 56); 0 repeats, 0 skips; last slip col -1; tail slips 0; engage col -1
  [i]  P+66/12+1.2: engaged +2 cycles from the crossing, the close then moved -1..+0 (furthest at column 0); tail: tick 1040 cycles after the frame close, +0..+1 (spread 1); 0 repeats, 0 skips; last slip col -1; tail slips 0; engage col -1
  [i]  P+66/12+1.3: engaged +1 cycles from the crossing, the close then moved -1..+0 (furthest at column 0); tail: tick 1041 cycles after the frame close, -1..+1 (spread 2); 0 repeats, 0 skips; last slip col -1; tail slips 0; engage col -1
  [i]  P+66/12+2.0: engaged +2 cycles from the crossing, the close then moved -1..+0 (furthest at column 70); tail: tick 1040 cycles after the frame close, -1..+1 (spread 2); 0 repeats, 0 skips; last slip col -1; tail slips 0; engage col -1
  [i]  P+66/12+2.1: engaged +1 cycles from the crossing, the close then moved -1..+1 (furthest at column 0); tail: tick 1041 cycles after the frame close, -1..+0 (spread 1); 0 repeats, 0 skips; last slip col -1; tail slips 0; engage col -1
  [i]  P+66/12+2.2: engaged +2 cycles from the crossing, the close then moved -1..+0 (furthest at column 0); tail: tick 1040 cycles after the frame close, +0..+1 (spread 1); 0 repeats, 0 skips; last slip col -1; tail slips 0; engage col -1
  [i]  P+66/12+2.3: engaged +2 cycles from the crossing, the close then moved -1..+0 (furthest at column 0); tail: tick 1040 cycles after the frame close, -1..+1 (spread 2); 0 repeats, 0 skips; last slip col -1; tail slips 0; engage col -1
  [i]  P+66/12+3.0: engaged +2 cycles from the crossing, the close then moved -1..+0 (furthest at column 64); tail: tick 1040 cycles after the frame close, -1..+1 (spread 2); 0 repeats, 0 skips; last slip col -1; tail slips 0; engage col -1
  [i]  P+66/12+3.1: engaged +2 cycles from the crossing, the close then moved -1..+1 (furthest at column 0); tail: tick 1040 cycles after the frame close, -1..+0 (spread 1); 0 repeats, 0 skips; last slip col -1; tail slips 0; engage col -1
  [i]  P+66/12+3.2: engaged +4 cycles from the crossing, the close then moved -2..+0 (furthest at column 406); tail: tick 1038 cycles after the frame close, +0..+1 (spread 1); 0 repeats, 0 skips; last slip col -1; tail slips 0; engage col -1
  [i]  P+66/12+3.3: engaged +3 cycles from the crossing, the close then moved -1..+0 (furthest at column 0); tail: tick 1039 cycles after the frame close, +0..+1 (spread 1); 0 repeats, 0 skips; last slip col -1; tail slips 0; engage col -1
== capture_coherence: checks: 401   failures: 0 ==
RESULT: PASS

  [i]  calibration, +66 ppm plan: with the TDM clock unheld the first close lands 13 cycles after its tick

[P+66/13] PROBE CRF, +66 ppm plan, every 1 cycles from -1 to +3, 4 quarter-cycle sub-placements, 1000 columns
  [i]  P+66/13-1.0: engaged -2 cycles from the crossing, the close then moved -121..+0 (furthest at column 995); tail: tick 66 cycles after the frame close, +0..+56 (spread 56); 0 repeats, 0 skips; last slip col -1; tail slips 0; engage col -1
  [i]  P+66/13-1.1: engaged -2 cycles from the crossing, the close then moved -120..+0 (furthest at column 989); tail: tick 66 cycles after the frame close, -1..+56 (spread 57); 0 repeats, 0 skips; last slip col -1; tail slips 0; engage col -1
  [i]  P+66/13-1.2: engaged +0 cycles from the crossing, the close then moved -122..+0 (furthest at column 995); tail: tick 65 cycles after the frame close, -1..+56 (spread 57); 0 repeats, 0 skips; last slip col -1; tail slips 0; engage col -1
  [i]  P+66/13-1.3: engaged -1 cycles from the crossing, the close then moved -121..+0 (furthest at column 995); tail: tick 65 cycles after the frame close, +0..+57 (spread 57); 0 repeats, 0 skips; last slip col -1; tail slips 0; engage col -1
  [i]  P+66/13+0.0: engaged +0 cycles from the crossing, the close then moved -121..+0 (furthest at column 995); tail: tick 64 cycles after the frame close, +0..+57 (spread 57); 0 repeats, 0 skips; last slip col -1; tail slips 0; engage col -1
  [i]  P+66/13+0.1: engaged -1 cycles from the crossing, the close then moved -121..+0 (furthest at column 995); tail: tick 65 cycles after the frame close, -1..+56 (spread 57); 0 repeats, 0 skips; last slip col -1; tail slips 0; engage col -1
  [i]  P+66/13+0.2: engaged +0 cycles from the crossing, the close then moved -122..+0 (furthest at column 995); tail: tick 65 cycles after the frame close, -1..+56 (spread 57); 0 repeats, 0 skips; last slip col -1; tail slips 0; engage col -1
  [i]  P+66/13+0.3: engaged +0 cycles from the crossing, the close then moved -121..+0 (furthest at column 989); tail: tick 64 cycles after the frame close, +0..+57 (spread 57); 0 repeats, 0 skips; last slip col -1; tail slips 0; engage col -1
  [i]  P+66/13+1.0: engaged +0 cycles from the crossing, the close then moved -121..+0 (furthest at column 995); tail: tick 64 cycles after the frame close, +0..+57 (spread 57); 0 repeats, 0 skips; last slip col -1; tail slips 0; engage col -1
  [i]  P+66/13+1.1: engaged +0 cycles from the crossing, the close then moved -121..+0 (furthest at column 995); tail: tick 64 cycles after the frame close, +0..+56 (spread 56); 0 repeats, 0 skips; last slip col -1; tail slips 0; engage col -1
  [i]  P+66/13+1.2: engaged +2 cycles from the crossing, the close then moved -1..+0 (furthest at column 0); tail: tick 1040 cycles after the frame close, +0..+1 (spread 1); 0 repeats, 0 skips; last slip col -1; tail slips 0; engage col -1
  [i]  P+66/13+1.3: engaged +1 cycles from the crossing, the close then moved -1..+0 (furthest at column 0); tail: tick 1041 cycles after the frame close, -1..+1 (spread 2); 0 repeats, 0 skips; last slip col -1; tail slips 0; engage col -1
  [i]  P+66/13+2.0: engaged +2 cycles from the crossing, the close then moved -1..+0 (furthest at column 64); tail: tick 1040 cycles after the frame close, -1..+1 (spread 2); 0 repeats, 0 skips; last slip col -1; tail slips 0; engage col -1
  [i]  P+66/13+2.1: engaged +1 cycles from the crossing, the close then moved -1..+1 (furthest at column 0); tail: tick 1041 cycles after the frame close, -1..+0 (spread 1); 0 repeats, 0 skips; last slip col -1; tail slips 0; engage col -1
  [i]  P+66/13+2.2: engaged +2 cycles from the crossing, the close then moved -1..+0 (furthest at column 0); tail: tick 1040 cycles after the frame close, +0..+1 (spread 1); 0 repeats, 0 skips; last slip col -1; tail slips 0; engage col -1
  [i]  P+66/13+2.3: engaged +2 cycles from the crossing, the close then moved -1..+0 (furthest at column 0); tail: tick 1040 cycles after the frame close, -1..+1 (spread 2); 0 repeats, 0 skips; last slip col -1; tail slips 0; engage col -1
  [i]  P+66/13+3.0: engaged +2 cycles from the crossing, the close then moved -1..+0 (furthest at column 52); tail: tick 1040 cycles after the frame close, -1..+1 (spread 2); 0 repeats, 0 skips; last slip col -1; tail slips 0; engage col -1
  [i]  P+66/13+3.1: engaged +2 cycles from the crossing, the close then moved -1..+1 (furthest at column 0); tail: tick 1040 cycles after the frame close, -1..+0 (spread 1); 0 repeats, 0 skips; last slip col -1; tail slips 0; engage col -1
  [i]  P+66/13+3.2: engaged +4 cycles from the crossing, the close then moved -2..+0 (furthest at column 400); tail: tick 1038 cycles after the frame close, +0..+1 (spread 1); 0 repeats, 0 skips; last slip col -1; tail slips 0; engage col -1
  [i]  P+66/13+3.3: engaged +3 cycles from the crossing, the close then moved -1..+0 (furthest at column 0); tail: tick 1039 cycles after the frame close, +0..+1 (spread 1); 0 repeats, 0 skips; last slip col -1; tail slips 0; engage col -1
== capture_coherence: checks: 401   failures: 0 ==
RESULT: PASS

  [i]  calibration, +66 ppm plan: with the TDM clock unheld the first close lands 13 cycles after its tick

[P+66/14] PROBE CRF, +66 ppm plan, every 1 cycles from -1 to +3, 4 quarter-cycle sub-placements, 1000 columns
  [i]  P+66/14-1.0: engaged -2 cycles from the crossing, the close then moved -121..+0 (furthest at column 995); tail: tick 66 cycles after the frame close, +0..+56 (spread 56); 0 repeats, 0 skips; last slip col -1; tail slips 0; engage col -1
  [i]  P+66/14-1.1: engaged -2 cycles from the crossing, the close then moved -120..+0 (furthest at column 989); tail: tick 66 cycles after the frame close, -1..+56 (spread 57); 0 repeats, 0 skips; last slip col -1; tail slips 0; engage col -1
  [i]  P+66/14-1.2: engaged +0 cycles from the crossing, the close then moved -122..+0 (furthest at column 995); tail: tick 65 cycles after the frame close, -1..+56 (spread 57); 0 repeats, 0 skips; last slip col -1; tail slips 0; engage col -1
  [i]  P+66/14-1.3: engaged -1 cycles from the crossing, the close then moved -121..+0 (furthest at column 995); tail: tick 65 cycles after the frame close, +0..+57 (spread 57); 0 repeats, 0 skips; last slip col -1; tail slips 0; engage col -1
  [i]  P+66/14+0.0: engaged +0 cycles from the crossing, the close then moved -121..+0 (furthest at column 995); tail: tick 64 cycles after the frame close, +0..+57 (spread 57); 0 repeats, 0 skips; last slip col -1; tail slips 0; engage col -1
  [i]  P+66/14+0.1: engaged -1 cycles from the crossing, the close then moved -121..+0 (furthest at column 995); tail: tick 65 cycles after the frame close, -1..+56 (spread 57); 0 repeats, 0 skips; last slip col -1; tail slips 0; engage col -1
  [i]  P+66/14+0.2: engaged -1 cycles from the crossing, the close then moved -121..+1 (furthest at column 995); tail: tick 65 cycles after the frame close, -1..+56 (spread 57); 0 repeats, 0 skips; last slip col -1; tail slips 0; engage col -1
  [i]  P+66/14+0.3: engaged +0 cycles from the crossing, the close then moved -121..+0 (furthest at column 989); tail: tick 64 cycles after the frame close, +0..+57 (spread 57); 0 repeats, 0 skips; last slip col -1; tail slips 0; engage col -1
  [i]  P+66/14+1.0: engaged +0 cycles from the crossing, the close then moved -121..+0 (furthest at column 995); tail: tick 64 cycles after the frame close, +0..+57 (spread 57); 0 repeats, 0 skips; last slip col -1; tail slips 0; engage col -1
  [i]  P+66/14+1.1: engaged +0 cycles from the crossing, the close then moved -121..+0 (furthest at column 995); tail: tick 64 cycles after the frame close, +0..+56 (spread 56); 0 repeats, 0 skips; last slip col -1; tail slips 0; engage col -1
  [i]  P+66/14+1.2: engaged +2 cycles from the crossing, the close then moved -1..+0 (furthest at column 0); tail: tick 1040 cycles after the frame close, +0..+1 (spread 1); 0 repeats, 0 skips; last slip col -1; tail slips 0; engage col -1
  [i]  P+66/14+1.3: engaged +1 cycles from the crossing, the close then moved -1..+0 (furthest at column 0); tail: tick 1041 cycles after the frame close, -1..+1 (spread 2); 0 repeats, 0 skips; last slip col -1; tail slips 0; engage col -1
  [i]  P+66/14+2.0: engaged +2 cycles from the crossing, the close then moved -1..+0 (furthest at column 52); tail: tick 1040 cycles after the frame close, -1..+1 (spread 2); 0 repeats, 0 skips; last slip col -1; tail slips 0; engage col -1
  [i]  P+66/14+2.1: engaged +1 cycles from the crossing, the close then moved -1..+1 (furthest at column 0); tail: tick 1041 cycles after the frame close, -1..+0 (spread 1); 0 repeats, 0 skips; last slip col -1; tail slips 0; engage col -1
  [i]  P+66/14+2.2: engaged +1 cycles from the crossing, the close then moved +0..+1 (furthest at column 0); tail: tick 1040 cycles after the frame close, +0..+1 (spread 1); 0 repeats, 0 skips; last slip col -1; tail slips 0; engage col -1
  [i]  P+66/14+2.3: engaged +2 cycles from the crossing, the close then moved -1..+0 (furthest at column 0); tail: tick 1040 cycles after the frame close, -1..+1 (spread 2); 0 repeats, 0 skips; last slip col -1; tail slips 0; engage col -1
  [i]  P+66/14+3.0: engaged +2 cycles from the crossing, the close then moved -1..+0 (furthest at column 46); tail: tick 1040 cycles after the frame close, -1..+1 (spread 2); 0 repeats, 0 skips; last slip col -1; tail slips 0; engage col -1
  [i]  P+66/14+3.1: engaged +2 cycles from the crossing, the close then moved -1..+1 (furthest at column 0); tail: tick 1040 cycles after the frame close, -1..+0 (spread 1); 0 repeats, 0 skips; last slip col -1; tail slips 0; engage col -1
  [i]  P+66/14+3.2: engaged +4 cycles from the crossing, the close then moved -2..+0 (furthest at column 388); tail: tick 1038 cycles after the frame close, +0..+1 (spread 1); 0 repeats, 0 skips; last slip col -1; tail slips 0; engage col -1
  [i]  P+66/14+3.3: engaged +3 cycles from the crossing, the close then moved -1..+0 (furthest at column 0); tail: tick 1039 cycles after the frame close, +0..+1 (spread 1); 0 repeats, 0 skips; last slip col -1; tail slips 0; engage col -1
== capture_coherence: checks: 401   failures: 0 ==
RESULT: PASS

  [i]  calibration, +66 ppm plan: with the TDM clock unheld the first close lands 13 cycles after its tick

[P+66/15] PROBE CRF, +66 ppm plan, every 1 cycles from -1 to +3, 4 quarter-cycle sub-placements, 1000 columns
  [i]  P+66/15-1.0: engaged -2 cycles from the crossing, the close then moved -121..+0 (furthest at column 995); tail: tick 66 cycles after the frame close, +0..+56 (spread 56); 0 repeats, 0 skips; last slip col -1; tail slips 0; engage col -1
  [i]  P+66/15-1.1: engaged -2 cycles from the crossing, the close then moved -120..+0 (furthest at column 989); tail: tick 66 cycles after the frame close, -1..+56 (spread 57); 0 repeats, 0 skips; last slip col -1; tail slips 0; engage col -1
  [i]  P+66/15-1.2: engaged -1 cycles from the crossing, the close then moved -121..+1 (furthest at column 995); tail: tick 65 cycles after the frame close, -1..+56 (spread 57); 0 repeats, 0 skips; last slip col -1; tail slips 0; engage col -1
  [i]  P+66/15-1.3: engaged -1 cycles from the crossing, the close then moved -121..+0 (furthest at column 995); tail: tick 66 cycles after the frame close, -1..+56 (spread 57); 0 repeats, 0 skips; last slip col -1; tail slips 0; engage col -1
  [i]  P+66/15+0.0: engaged +0 cycles from the crossing, the close then moved -121..+0 (furthest at column 995); tail: tick 64 cycles after the frame close, +0..+57 (spread 57); 0 repeats, 0 skips; last slip col -1; tail slips 0; engage col -1
  [i]  P+66/15+0.1: engaged -1 cycles from the crossing, the close then moved -121..+0 (furthest at column 995); tail: tick 65 cycles after the frame close, -1..+56 (spread 57); 0 repeats, 0 skips; last slip col -1; tail slips 0; engage col -1
  [i]  P+66/15+0.2: engaged -1 cycles from the crossing, the close then moved -121..+1 (furthest at column 995); tail: tick 65 cycles after the frame close, -1..+56 (spread 57); 0 repeats, 0 skips; last slip col -1; tail slips 0; engage col -1
  [i]  P+66/15+0.3: engaged +0 cycles from the crossing, the close then moved -121..+0 (furthest at column 989); tail: tick 65 cycles after the frame close, -1..+56 (spread 57); 0 repeats, 0 skips; last slip col -1; tail slips 0; engage col -1
  [i]  P+66/15+1.0: engaged +0 cycles from the crossing, the close then moved -121..+0 (furthest at column 995); tail: tick 64 cycles after the frame close, +0..+57 (spread 57); 0 repeats, 0 skips; last slip col -1; tail slips 0; engage col -1
  [i]  P+66/15+1.1: engaged +0 cycles from the crossing, the close then moved -121..+0 (furthest at column 995); tail: tick 64 cycles after the frame close, +0..+56 (spread 56); 0 repeats, 0 skips; last slip col -1; tail slips 0; engage col -1
  [i]  P+66/15+1.2: engaged +1 cycles from the crossing, the close then moved +0..+1 (furthest at column 0); tail: tick 1040 cycles after the frame close, +0..+1 (spread 1); 0 repeats, 0 skips; last slip col -1; tail slips 0; engage col -1
  [i]  P+66/15+1.3: engaged +1 cycles from the crossing, the close then moved -1..+0 (furthest at column 0); tail: tick 1041 cycles after the frame close, -1..+1 (spread 2); 0 repeats, 0 skips; last slip col -1; tail slips 0; engage col -1
  [i]  P+66/15+2.0: engaged +2 cycles from the crossing, the close then moved -1..+0 (furthest at column 46); tail: tick 1040 cycles after the frame close, -1..+1 (spread 2); 0 repeats, 0 skips; last slip col -1; tail slips 0; engage col -1
  [i]  P+66/15+2.1: engaged +1 cycles from the crossing, the close then moved -1..+1 (furthest at column 0); tail: tick 1041 cycles after the frame close, -1..+0 (spread 1); 0 repeats, 0 skips; last slip col -1; tail slips 0; engage col -1
  [i]  P+66/15+2.2: engaged +1 cycles from the crossing, the close then moved +0..+1 (furthest at column 0); tail: tick 1040 cycles after the frame close, +0..+1 (spread 1); 0 repeats, 0 skips; last slip col -1; tail slips 0; engage col -1
  [i]  P+66/15+2.3: engaged +2 cycles from the crossing, the close then moved -1..+0 (furthest at column 0); tail: tick 1040 cycles after the frame close, -1..+1 (spread 2); 0 repeats, 0 skips; last slip col -1; tail slips 0; engage col -1
  [i]  P+66/15+3.0: engaged +2 cycles from the crossing, the close then moved -1..+0 (furthest at column 40); tail: tick 1040 cycles after the frame close, -1..+1 (spread 2); 0 repeats, 0 skips; last slip col -1; tail slips 0; engage col -1
  [i]  P+66/15+3.1: engaged +2 cycles from the crossing, the close then moved -1..+1 (furthest at column 0); tail: tick 1040 cycles after the frame close, -1..+0 (spread 1); 0 repeats, 0 skips; last slip col -1; tail slips 0; engage col -1
  [i]  P+66/15+3.2: engaged +3 cycles from the crossing, the close then moved -1..+1 (furthest at column 0); tail: tick 1038 cycles after the frame close, +0..+1 (spread 1); 0 repeats, 0 skips; last slip col -1; tail slips 0; engage col -1
  [i]  P+66/15+3.3: engaged +3 cycles from the crossing, the close then moved -1..+0 (furthest at column 0); tail: tick 1039 cycles after the frame close, +0..+1 (spread 1); 0 repeats, 0 skips; last slip col -1; tail slips 0; engage col -1
== capture_coherence: checks: 401   failures: 0 ==
RESULT: PASS

  [i]  calibration, +66 ppm plan: with the TDM clock unheld the first close lands 13 cycles after its tick

[P+66/16] PROBE CRF, +66 ppm plan, every 1 cycles from -1 to +3, 4 quarter-cycle sub-placements, 1000 columns
  [i]  P+66/16-1.0: engaged -2 cycles from the crossing, the close then moved -121..+0 (furthest at column 995); tail: tick 66 cycles after the frame close, +0..+56 (spread 56); 0 repeats, 0 skips; last slip col -1; tail slips 0; engage col -1
  [i]  P+66/16-1.1: engaged -2 cycles from the crossing, the close then moved -120..+0 (furthest at column 989); tail: tick 66 cycles after the frame close, -1..+56 (spread 57); 0 repeats, 0 skips; last slip col -1; tail slips 0; engage col -1
  [i]  P+66/16-1.2: engaged -1 cycles from the crossing, the close then moved -121..+1 (furthest at column 995); tail: tick 65 cycles after the frame close, -1..+56 (spread 57); 0 repeats, 0 skips; last slip col -1; tail slips 0; engage col -1
  [i]  P+66/16-1.3: engaged -1 cycles from the crossing, the close then moved -121..+0 (furthest at column 995); tail: tick 66 cycles after the frame close, -1..+56 (spread 57); 0 repeats, 0 skips; last slip col -1; tail slips 0; engage col -1
  [i]  P+66/16+0.0: engaged +0 cycles from the crossing, the close then moved -121..+0 (furthest at column 995); tail: tick 64 cycles after the frame close, +0..+57 (spread 57); 0 repeats, 0 skips; last slip col -1; tail slips 0; engage col -1
  [i]  P+66/16+0.1: engaged -1 cycles from the crossing, the close then moved -121..+0 (furthest at column 995); tail: tick 65 cycles after the frame close, -1..+56 (spread 57); 0 repeats, 0 skips; last slip col -1; tail slips 0; engage col -1
  [i]  P+66/16+0.2: engaged -1 cycles from the crossing, the close then moved -121..+1 (furthest at column 995); tail: tick 65 cycles after the frame close, -1..+56 (spread 57); 0 repeats, 0 skips; last slip col -1; tail slips 0; engage col -1
  [i]  P+66/16+0.3: engaged +0 cycles from the crossing, the close then moved -121..+0 (furthest at column 989); tail: tick 65 cycles after the frame close, -1..+56 (spread 57); 0 repeats, 0 skips; last slip col -1; tail slips 0; engage col -1
  [i]  P+66/16+1.0: engaged +0 cycles from the crossing, the close then moved -121..+0 (furthest at column 995); tail: tick 64 cycles after the frame close, +0..+57 (spread 57); 0 repeats, 0 skips; last slip col -1; tail slips 0; engage col -1
  [i]  P+66/16+1.1: engaged +0 cycles from the crossing, the close then moved -121..+0 (furthest at column 995); tail: tick 64 cycles after the frame close, +0..+56 (spread 56); 0 repeats, 0 skips; last slip col -1; tail slips 0; engage col -1
  [i]  P+66/16+1.2: engaged +1 cycles from the crossing, the close then moved +0..+1 (furthest at column 0); tail: tick 1040 cycles after the frame close, +0..+1 (spread 1); 0 repeats, 0 skips; last slip col -1; tail slips 0; engage col -1
  [i]  P+66/16+1.3: engaged +1 cycles from the crossing, the close then moved -1..+0 (furthest at column 0); tail: tick 1041 cycles after the frame close, -1..+1 (spread 2); 0 repeats, 0 skips; last slip col -1; tail slips 0; engage col -1
  [i]  P+66/16+2.0: engaged +2 cycles from the crossing, the close then moved -1..+0 (furthest at column 40); tail: tick 1040 cycles after the frame close, -1..+1 (spread 2); 0 repeats, 0 skips; last slip col -1; tail slips 0; engage col -1
  [i]  P+66/16+2.1: engaged +1 cycles from the crossing, the close then moved -1..+1 (furthest at column 0); tail: tick 1041 cycles after the frame close, -1..+0 (spread 1); 0 repeats, 0 skips; last slip col -1; tail slips 0; engage col -1
  [i]  P+66/16+2.2: engaged +1 cycles from the crossing, the close then moved +0..+1 (furthest at column 0); tail: tick 1040 cycles after the frame close, +0..+1 (spread 1); 0 repeats, 0 skips; last slip col -1; tail slips 0; engage col -1
  [i]  P+66/16+2.3: engaged +2 cycles from the crossing, the close then moved -1..+0 (furthest at column 0); tail: tick 1040 cycles after the frame close, -1..+1 (spread 2); 0 repeats, 0 skips; last slip col -1; tail slips 0; engage col -1
  [i]  P+66/16+3.0: engaged +2 cycles from the crossing, the close then moved -1..+0 (furthest at column 28); tail: tick 1040 cycles after the frame close, -1..+1 (spread 2); 0 repeats, 0 skips; last slip col -1; tail slips 0; engage col -1
  [i]  P+66/16+3.1: engaged +2 cycles from the crossing, the close then moved -1..+1 (furthest at column 0); tail: tick 1040 cycles after the frame close, -1..+0 (spread 1); 0 repeats, 0 skips; last slip col -1; tail slips 0; engage col -1
  [i]  P+66/16+3.2: engaged +3 cycles from the crossing, the close then moved -1..+1 (furthest at column 0); tail: tick 1038 cycles after the frame close, +0..+1 (spread 1); 0 repeats, 0 skips; last slip col -1; tail slips 0; engage col -1
  [i]  P+66/16+3.3: engaged +3 cycles from the crossing, the close then moved -1..+0 (furthest at column 0); tail: tick 1039 cycles after the frame close, +0..+1 (spread 1); 0 repeats, 0 skips; last slip col -1; tail slips 0; engage col -1
== capture_coherence: checks: 401   failures: 0 ==
RESULT: PASS

  [i]  calibration, +66 ppm plan: with the TDM clock unheld the first close lands 13 cycles after its tick

[P+66/17] PROBE CRF, +66 ppm plan, every 1 cycles from -1 to +3, 4 quarter-cycle sub-placements, 1000 columns
  [i]  P+66/17-1.0: engaged -2 cycles from the crossing, the close then moved -121..+0 (furthest at column 995); tail: tick 66 cycles after the frame close, +0..+56 (spread 56); 0 repeats, 0 skips; last slip col -1; tail slips 0; engage col -1
  [i]  P+66/17-1.1: engaged -2 cycles from the crossing, the close then moved -120..+0 (furthest at column 989); tail: tick 66 cycles after the frame close, -1..+56 (spread 57); 0 repeats, 0 skips; last slip col -1; tail slips 0; engage col -1
  [i]  P+66/17-1.2: engaged -1 cycles from the crossing, the close then moved -121..+1 (furthest at column 995); tail: tick 65 cycles after the frame close, -1..+56 (spread 57); 0 repeats, 0 skips; last slip col -1; tail slips 0; engage col -1
  [i]  P+66/17-1.3: engaged -1 cycles from the crossing, the close then moved -121..+0 (furthest at column 995); tail: tick 66 cycles after the frame close, -1..+56 (spread 57); 0 repeats, 0 skips; last slip col -1; tail slips 0; engage col -1
  [i]  P+66/17+0.0: engaged +0 cycles from the crossing, the close then moved -121..+0 (furthest at column 995); tail: tick 64 cycles after the frame close, +0..+57 (spread 57); 0 repeats, 0 skips; last slip col -1; tail slips 0; engage col -1
  [i]  P+66/17+0.1: engaged -1 cycles from the crossing, the close then moved -121..+0 (furthest at column 995); tail: tick 65 cycles after the frame close, -1..+56 (spread 57); 0 repeats, 0 skips; last slip col -1; tail slips 0; engage col -1
  [i]  P+66/17+0.2: engaged -1 cycles from the crossing, the close then moved -121..+1 (furthest at column 995); tail: tick 65 cycles after the frame close, -1..+56 (spread 57); 0 repeats, 0 skips; last slip col -1; tail slips 0; engage col -1
  [i]  P+66/17+0.3: engaged +0 cycles from the crossing, the close then moved -121..+0 (furthest at column 989); tail: tick 65 cycles after the frame close, -1..+56 (spread 57); 0 repeats, 0 skips; last slip col -1; tail slips 0; engage col -1
  [i]  P+66/17+1.0: engaged +0 cycles from the crossing, the close then moved -121..+0 (furthest at column 995); tail: tick 64 cycles after the frame close, +0..+57 (spread 57); 0 repeats, 0 skips; last slip col -1; tail slips 0; engage col -1
  [i]  P+66/17+1.1: engaged +0 cycles from the crossing, the close then moved -121..+0 (furthest at column 995); tail: tick 64 cycles after the frame close, +0..+56 (spread 56); 0 repeats, 0 skips; last slip col -1; tail slips 0; engage col -1
  [i]  P+66/17+1.2: engaged +1 cycles from the crossing, the close then moved +0..+1 (furthest at column 0); tail: tick 1040 cycles after the frame close, +0..+1 (spread 1); 0 repeats, 0 skips; last slip col -1; tail slips 0; engage col -1
  [i]  P+66/17+1.3: engaged +1 cycles from the crossing, the close then moved -1..+0 (furthest at column 0); tail: tick 1041 cycles after the frame close, -1..+1 (spread 2); 0 repeats, 0 skips; last slip col -1; tail slips 0; engage col -1
  [i]  P+66/17+2.0: engaged +2 cycles from the crossing, the close then moved -1..+0 (furthest at column 34); tail: tick 1040 cycles after the frame close, -1..+1 (spread 2); 0 repeats, 0 skips; last slip col -1; tail slips 0; engage col -1
  [i]  P+66/17+2.1: engaged +1 cycles from the crossing, the close then moved -1..+1 (furthest at column 0); tail: tick 1041 cycles after the frame close, -1..+0 (spread 1); 0 repeats, 0 skips; last slip col -1; tail slips 0; engage col -1
  [i]  P+66/17+2.2: engaged +1 cycles from the crossing, the close then moved +0..+1 (furthest at column 0); tail: tick 1040 cycles after the frame close, +0..+1 (spread 1); 0 repeats, 0 skips; last slip col -1; tail slips 0; engage col -1
  [i]  P+66/17+2.3: engaged +2 cycles from the crossing, the close then moved -1..+0 (furthest at column 0); tail: tick 1040 cycles after the frame close, +0..+1 (spread 1); 0 repeats, 0 skips; last slip col -1; tail slips 0; engage col -1
  [i]  P+66/17+3.0: engaged +2 cycles from the crossing, the close then moved -1..+0 (furthest at column 22); tail: tick 1040 cycles after the frame close, -1..+1 (spread 2); 0 repeats, 0 skips; last slip col -1; tail slips 0; engage col -1
  [i]  P+66/17+3.1: engaged +2 cycles from the crossing, the close then moved -1..+1 (furthest at column 0); tail: tick 1040 cycles after the frame close, -1..+0 (spread 1); 0 repeats, 0 skips; last slip col -1; tail slips 0; engage col -1
  [i]  P+66/17+3.2: engaged +3 cycles from the crossing, the close then moved -1..+1 (furthest at column 0); tail: tick 1038 cycles after the frame close, +0..+1 (spread 1); 0 repeats, 0 skips; last slip col -1; tail slips 0; engage col -1
  [i]  P+66/17+3.3: engaged +3 cycles from the crossing, the close then moved -1..+0 (furthest at column 0); tail: tick 1039 cycles after the frame close, +0..+1 (spread 1); 0 repeats, 0 skips; last slip col -1; tail slips 0; engage col -1
== capture_coherence: checks: 401   failures: 0 ==
RESULT: PASS

  [i]  calibration, +66 ppm plan: with the TDM clock unheld the first close lands 13 cycles after its tick

[P+66/18] PROBE CRF, +66 ppm plan, every 1 cycles from -1 to +3, 4 quarter-cycle sub-placements, 1000 columns
  [i]  P+66/18-1.0: engaged -1 cycles from the crossing, the close then moved -121..+0 (furthest at column 995); tail: tick 65 cycles after the frame close, +0..+56 (spread 56); 0 repeats, 0 skips; last slip col -1; tail slips 0; engage col -1
  [i]  P+66/18-1.1: engaged -2 cycles from the crossing, the close then moved -120..+0 (furthest at column 989); tail: tick 66 cycles after the frame close, -1..+56 (spread 57); 0 repeats, 0 skips; last slip col -1; tail slips 0; engage col -1
  [i]  P+66/18-1.2: engaged -2 cycles from the crossing, the close then moved -120..+0 (furthest at column 995); tail: tick 66 cycles after the frame close, -1..+56 (spread 57); 0 repeats, 0 skips; last slip col -1; tail slips 0; engage col -1
  [i]  P+66/18-1.3: engaged -1 cycles from the crossing, the close then moved -121..+0 (furthest at column 995); tail: tick 66 cycles after the frame close, -1..+56 (spread 57); 0 repeats, 0 skips; last slip col -1; tail slips 0; engage col -1
  [i]  P+66/18+0.0: engaged -1 cycles from the crossing, the close then moved -121..+0 (furthest at column 995); tail: tick 65 cycles after the frame close, +0..+56 (spread 56); 0 repeats, 0 skips; last slip col -1; tail slips 0; engage col -1
  [i]  P+66/18+0.1: engaged -1 cycles from the crossing, the close then moved -121..+0 (furthest at column 995); tail: tick 65 cycles after the frame close, -1..+56 (spread 57); 0 repeats, 0 skips; last slip col -1; tail slips 0; engage col -1
  [i]  P+66/18+0.2: engaged +0 cycles from the crossing, the close then moved -121..+1 (furthest at column 995); tail: tick 64 cycles after the frame close, +0..+57 (spread 57); 1 repeats, 1 skips; last slip col 8; tail slips 0; engage col -1
  [i]  P+66/18+0.2: last slip at column 8; engagement window unbounded columns
  [i]  P+66/18+0.3: engaged +0 cycles from the crossing, the close then moved -121..+0 (furthest at column 989); tail: tick 65 cycles after the frame close, -1..+56 (spread 57); 0 repeats, 0 skips; last slip col -1; tail slips 0; engage col -1
  [i]  P+66/18+1.0: engaged +1 cycles from the crossing, the close then moved -1..+1 (furthest at column 4); tail: tick 1041 cycles after the frame close, -1..+1 (spread 2); 0 repeats, 0 skips; last slip col -1; tail slips 0; engage col -1
  [i]  P+66/18+1.1: engaged +0 cycles from the crossing, the close then moved -121..+0 (furthest at column 995); tail: tick 64 cycles after the frame close, +0..+56 (spread 56); 0 repeats, 0 skips; last slip col -1; tail slips 0; engage col -1
  [i]  P+66/18+1.2: engaged +0 cycles from the crossing, the close then moved -121..+1 (furthest at column 995); tail: tick 64 cycles after the frame close, +0..+57 (spread 57); 1 repeats, 1 skips; last slip col 8; tail slips 0; engage col -1
  [i]  P+66/18+1.2: last slip at column 8; engagement window unbounded columns
  [i]  P+66/18+1.3: engaged +1 cycles from the crossing, the close then moved -1..+0 (furthest at column 0); tail: tick 1041 cycles after the frame close, -1..+1 (spread 2); 0 repeats, 0 skips; last slip col -1; tail slips 0; engage col -1
  [i]  P+66/18+2.0: engaged +1 cycles from the crossing, the close then moved -1..+1 (furthest at column 4); tail: tick 1041 cycles after the frame close, -1..+1 (spread 2); 0 repeats, 0 skips; last slip col -1; tail slips 0; engage col -1
  [i]  P+66/18+2.1: engaged +1 cycles from the crossing, the close then moved -1..+1 (furthest at column 0); tail: tick 1041 cycles after the frame close, -1..+0 (spread 1); 0 repeats, 0 skips; last slip col -1; tail slips 0; engage col -1
  [i]  P+66/18+2.2: engaged +2 cycles from the crossing, the close then moved -1..+1 (furthest at column 0); tail: tick 1039 cycles after the frame close, +0..+1 (spread 1); 0 repeats, 0 skips; last slip col -1; tail slips 0; engage col -1
  [i]  P+66/18+2.3: engaged +2 cycles from the crossing, the close then moved -1..+0 (furthest at column 0); tail: tick 1040 cycles after the frame close, +0..+1 (spread 1); 0 repeats, 0 skips; last slip col -1; tail slips 0; engage col -1
  [i]  P+66/18+3.0: engaged +3 cycles from the crossing, the close then moved -1..+0 (furthest at column 22); tail: tick 1039 cycles after the frame close, -1..+1 (spread 2); 0 repeats, 0 skips; last slip col -1; tail slips 0; engage col -1
  [i]  P+66/18+3.1: engaged +2 cycles from the crossing, the close then moved -1..+1 (furthest at column 0); tail: tick 1040 cycles after the frame close, -1..+0 (spread 1); 0 repeats, 0 skips; last slip col -1; tail slips 0; engage col -1
  [i]  P+66/18+3.2: engaged +2 cycles from the crossing, the close then moved -1..+1 (furthest at column 0); tail: tick 1039 cycles after the frame close, +0..+1 (spread 1); 0 repeats, 0 skips; last slip col -1; tail slips 0; engage col -1
  [i]  P+66/18+3.3: engaged +3 cycles from the crossing, the close then moved -1..+0 (furthest at column 0); tail: tick 1039 cycles after the frame close, +0..+1 (spread 1); 0 repeats, 0 skips; last slip col -1; tail slips 0; engage col -1
== capture_coherence: checks: 401   failures: 0 ==
RESULT: PASS

  [i]  calibration, +66 ppm plan: with the TDM clock unheld the first close lands 13 cycles after its tick

[P+66/19] PROBE CRF, +66 ppm plan, every 1 cycles from -1 to +3, 4 quarter-cycle sub-placements, 1000 columns
  [i]  P+66/19-1.0: engaged -1 cycles from the crossing, the close then moved -121..+0 (furthest at column 995); tail: tick 65 cycles after the frame close, +0..+56 (spread 56); 0 repeats, 0 skips; last slip col -1; tail slips 0; engage col -1
  [i]  P+66/19-1.1: engaged -2 cycles from the crossing, the close then moved -121..+0 (furthest at column 995); tail: tick 66 cycles after the frame close, -1..+56 (spread 57); 0 repeats, 0 skips; last slip col -1; tail slips 0; engage col -1
  [i]  P+66/19-1.2: engaged -2 cycles from the crossing, the close then moved -120..+0 (furthest at column 995); tail: tick 66 cycles after the frame close, -1..+56 (spread 57); 0 repeats, 0 skips; last slip col -1; tail slips 0; engage col -1
  [i]  P+66/19-1.3: engaged -1 cycles from the crossing, the close then moved -121..+0 (furthest at column 995); tail: tick 66 cycles after the frame close, -1..+56 (spread 57); 0 repeats, 0 skips; last slip col -1; tail slips 0; engage col -1
  [i]  P+66/19+0.0: engaged -1 cycles from the crossing, the close then moved -121..+0 (furthest at column 995); tail: tick 65 cycles after the frame close, +0..+56 (spread 56); 0 repeats, 0 skips; last slip col -1; tail slips 0; engage col -1
  [i]  P+66/19+0.1: engaged -1 cycles from the crossing, the close then moved -121..+0 (furthest at column 995); tail: tick 65 cycles after the frame close, -1..+57 (spread 58); 0 repeats, 0 skips; last slip col -1; tail slips 0; engage col -1
  [i]  P+66/19+0.2: engaged +0 cycles from the crossing, the close then moved -121..+1 (furthest at column 995); tail: tick 64 cycles after the frame close, +0..+57 (spread 57); 1 repeats, 1 skips; last slip col 8; tail slips 0; engage col -1
  [i]  P+66/19+0.2: last slip at column 8; engagement window unbounded columns
  [i]  P+66/19+0.3: engaged +0 cycles from the crossing, the close then moved -121..+0 (furthest at column 989); tail: tick 65 cycles after the frame close, -1..+56 (spread 57); 0 repeats, 0 skips; last slip col -1; tail slips 0; engage col -1
  [i]  P+66/19+1.0: engaged +1 cycles from the crossing, the close then moved -1..+1 (furthest at column 4); tail: tick 1041 cycles after the frame close, -1..+1 (spread 2); 0 repeats, 0 skips; last slip col -1; tail slips 0; engage col -1
  [i]  P+66/19+1.1: engaged +0 cycles from the crossing, the close then moved -121..+0 (furthest at column 995); tail: tick 64 cycles after the frame close, +0..+57 (spread 57); 0 repeats, 0 skips; last slip col -1; tail slips 0; engage col -1
  [i]  P+66/19+1.2: engaged +0 cycles from the crossing, the close then moved -121..+1 (furthest at column 995); tail: tick 64 cycles after the frame close, +0..+57 (spread 57); 1 repeats, 1 skips; last slip col 8; tail slips 0; engage col -1
  [i]  P+66/19+1.2: last slip at column 8; engagement window unbounded columns
  [i]  P+66/19+1.3: engaged +1 cycles from the crossing, the close then moved -1..+0 (furthest at column 0); tail: tick 1041 cycles after the frame close, -1..+1 (spread 2); 0 repeats, 0 skips; last slip col -1; tail slips 0; engage col -1
  [i]  P+66/19+2.0: engaged +1 cycles from the crossing, the close then moved -1..+1 (furthest at column 4); tail: tick 1041 cycles after the frame close, -1..+1 (spread 2); 0 repeats, 0 skips; last slip col -1; tail slips 0; engage col -1
  [i]  P+66/19+2.1: engaged +1 cycles from the crossing, the close then moved -1..+1 (furthest at column 0); tail: tick 1041 cycles after the frame close, -1..+0 (spread 1); 0 repeats, 0 skips; last slip col -1; tail slips 0; engage col -1
  [i]  P+66/19+2.2: engaged +2 cycles from the crossing, the close then moved -1..+1 (furthest at column 0); tail: tick 1039 cycles after the frame close, +0..+1 (spread 1); 0 repeats, 0 skips; last slip col -1; tail slips 0; engage col -1
  [i]  P+66/19+2.3: engaged +2 cycles from the crossing, the close then moved -1..+0 (furthest at column 0); tail: tick 1040 cycles after the frame close, +0..+1 (spread 1); 0 repeats, 0 skips; last slip col -1; tail slips 0; engage col -1
  [i]  P+66/19+3.0: engaged +3 cycles from the crossing, the close then moved -1..+0 (furthest at column 16); tail: tick 1039 cycles after the frame close, +0..+1 (spread 1); 0 repeats, 0 skips; last slip col -1; tail slips 0; engage col -1
  [i]  P+66/19+3.1: engaged +2 cycles from the crossing, the close then moved -1..+1 (furthest at column 0); tail: tick 1040 cycles after the frame close, -1..+0 (spread 1); 0 repeats, 0 skips; last slip col -1; tail slips 0; engage col -1
  [i]  P+66/19+3.2: engaged +2 cycles from the crossing, the close then moved -1..+1 (furthest at column 0); tail: tick 1039 cycles after the frame close, +0..+1 (spread 1); 0 repeats, 0 skips; last slip col -1; tail slips 0; engage col -1
  [i]  P+66/19+3.3: engaged +3 cycles from the crossing, the close then moved -1..+0 (furthest at column 0); tail: tick 1039 cycles after the frame close, +0..+1 (spread 1); 0 repeats, 0 skips; last slip col -1; tail slips 0; engage col -1
== capture_coherence: checks: 401   failures: 0 ==
RESULT: PASS

  [i]  calibration, +66 ppm plan: with the TDM clock unheld the first close lands 13 cycles after its tick

[P+66/20] PROBE CRF, +66 ppm plan, every 1 cycles from -1 to +3, 4 quarter-cycle sub-placements, 1000 columns
  [i]  P+66/20-1.0: engaged -1 cycles from the crossing, the close then moved -121..+0 (furthest at column 995); tail: tick 65 cycles after the frame close, +0..+56 (spread 56); 0 repeats, 0 skips; last slip col -1; tail slips 0; engage col -1
  [i]  P+66/20-1.1: engaged -2 cycles from the crossing, the close then moved -121..+0 (furthest at column 995); tail: tick 66 cycles after the frame close, -1..+56 (spread 57); 0 repeats, 0 skips; last slip col -1; tail slips 0; engage col -1
  [i]  P+66/20-1.2: engaged -2 cycles from the crossing, the close then moved -120..+0 (furthest at column 995); tail: tick 66 cycles after the frame close, -1..+56 (spread 57); 0 repeats, 0 skips; last slip col -1; tail slips 0; engage col -1
  [i]  P+66/20-1.3: engaged -1 cycles from the crossing, the close then moved -121..+0 (furthest at column 995); tail: tick 66 cycles after the frame close, -1..+56 (spread 57); 0 repeats, 0 skips; last slip col -1; tail slips 0; engage col -1
  [i]  P+66/20+0.0: engaged -1 cycles from the crossing, the close then moved -121..+0 (furthest at column 995); tail: tick 65 cycles after the frame close, +0..+56 (spread 56); 0 repeats, 0 skips; last slip col -1; tail slips 0; engage col -1
  [i]  P+66/20+0.1: engaged -1 cycles from the crossing, the close then moved -121..+0 (furthest at column 995); tail: tick 65 cycles after the frame close, -1..+57 (spread 58); 0 repeats, 0 skips; last slip col -1; tail slips 0; engage col -1
  [i]  P+66/20+0.2: engaged +0 cycles from the crossing, the close then moved -121..+1 (furthest at column 995); tail: tick 64 cycles after the frame close, +0..+57 (spread 57); 1 repeats, 1 skips; last slip col 8; tail slips 0; engage col -1
  [i]  P+66/20+0.2: last slip at column 8; engagement window unbounded columns
  [i]  P+66/20+0.3: engaged +0 cycles from the crossing, the close then moved -121..+0 (furthest at column 989); tail: tick 65 cycles after the frame close, -1..+56 (spread 57); 0 repeats, 0 skips; last slip col -1; tail slips 0; engage col -1
  [i]  P+66/20+1.0: engaged +1 cycles from the crossing, the close then moved -1..+1 (furthest at column 4); tail: tick 1041 cycles after the frame close, -1..+1 (spread 2); 0 repeats, 0 skips; last slip col -1; tail slips 0; engage col -1
  [i]  P+66/20+1.1: engaged +0 cycles from the crossing, the close then moved -121..+0 (furthest at column 989); tail: tick 64 cycles after the frame close, +0..+57 (spread 57); 0 repeats, 0 skips; last slip col -1; tail slips 0; engage col -1
  [i]  P+66/20+1.2: engaged +0 cycles from the crossing, the close then moved -121..+1 (furthest at column 995); tail: tick 64 cycles after the frame close, +0..+57 (spread 57); 1 repeats, 1 skips; last slip col 8; tail slips 0; engage col -1
  [i]  P+66/20+1.2: last slip at column 8; engagement window unbounded columns
  [i]  P+66/20+1.3: engaged +1 cycles from the crossing, the close then moved -1..+0 (furthest at column 0); tail: tick 1041 cycles after the frame close, -1..+1 (spread 2); 0 repeats, 0 skips; last slip col -1; tail slips 0; engage col -1
  [i]  P+66/20+2.0: engaged +1 cycles from the crossing, the close then moved -1..+0 (furthest at column 0); tail: tick 1041 cycles after the frame close, -1..+1 (spread 2); 0 repeats, 0 skips; last slip col -1; tail slips 0; engage col -1
  [i]  P+66/20+2.1: engaged +1 cycles from the crossing, the close then moved -1..+1 (furthest at column 0); tail: tick 1041 cycles after the frame close, -1..+0 (spread 1); 0 repeats, 0 skips; last slip col -1; tail slips 0; engage col -1
  [i]  P+66/20+2.2: engaged +2 cycles from the crossing, the close then moved -1..+1 (furthest at column 0); tail: tick 1039 cycles after the frame close, +0..+1 (spread 1); 0 repeats, 0 skips; last slip col -1; tail slips 0; engage col -1
  [i]  P+66/20+2.3: engaged +2 cycles from the crossing, the close then moved -1..+0 (furthest at column 0); tail: tick 1040 cycles after the frame close, +0..+1 (spread 1); 0 repeats, 0 skips; last slip col -1; tail slips 0; engage col -1
  [i]  P+66/20+3.0: engaged +3 cycles from the crossing, the close then moved -1..+0 (furthest at column 10); tail: tick 1039 cycles after the frame close, +0..+1 (spread 1); 0 repeats, 0 skips; last slip col -1; tail slips 0; engage col -1
  [i]  P+66/20+3.1: engaged +2 cycles from the crossing, the close then moved -1..+1 (furthest at column 0); tail: tick 1040 cycles after the frame close, -1..+0 (spread 1); 0 repeats, 0 skips; last slip col -1; tail slips 0; engage col -1
  [i]  P+66/20+3.2: engaged +2 cycles from the crossing, the close then moved -1..+1 (furthest at column 0); tail: tick 1039 cycles after the frame close, +0..+1 (spread 1); 0 repeats, 0 skips; last slip col -1; tail slips 0; engage col -1
  [i]  P+66/20+3.3: engaged +3 cycles from the crossing, the close then moved -1..+0 (furthest at column 0); tail: tick 1039 cycles after the frame close, +0..+1 (spread 1); 0 repeats, 0 skips; last slip col -1; tail slips 0; engage col -1
== capture_coherence: checks: 401   failures: 0 ==
RESULT: PASS

  [i]  calibration, +66 ppm plan: with the TDM clock unheld the first close lands 13 cycles after its tick

[P+66/21] PROBE CRF, +66 ppm plan, every 1 cycles from -1 to +3, 4 quarter-cycle sub-placements, 1000 columns
  [i]  P+66/21-1.0: engaged -1 cycles from the crossing, the close then moved -121..+0 (furthest at column 995); tail: tick 65 cycles after the frame close, +0..+56 (spread 56); 0 repeats, 0 skips; last slip col -1; tail slips 0; engage col -1
  [i]  P+66/21-1.1: engaged -2 cycles from the crossing, the close then moved -121..+0 (furthest at column 995); tail: tick 66 cycles after the frame close, +0..+56 (spread 56); 0 repeats, 0 skips; last slip col -1; tail slips 0; engage col -1
  [i]  P+66/21-1.2: engaged -2 cycles from the crossing, the close then moved -120..+0 (furthest at column 995); tail: tick 66 cycles after the frame close, -1..+56 (spread 57); 0 repeats, 0 skips; last slip col -1; tail slips 0; engage col -1
  [i]  P+66/21-1.3: engaged -1 cycles from the crossing, the close then moved -121..+0 (furthest at column 995); tail: tick 66 cycles after the frame close, -1..+56 (spread 57); 0 repeats, 0 skips; last slip col -1; tail slips 0; engage col -1
  [i]  P+66/21+0.0: engaged -1 cycles from the crossing, the close then moved -121..+0 (furthest at column 995); tail: tick 65 cycles after the frame close, +0..+56 (spread 56); 0 repeats, 0 skips; last slip col -1; tail slips 0; engage col -1
  [i]  P+66/21+0.1: engaged -1 cycles from the crossing, the close then moved -121..+0 (furthest at column 995); tail: tick 65 cycles after the frame close, +0..+56 (spread 56); 0 repeats, 0 skips; last slip col -1; tail slips 0; engage col -1
  [i]  P+66/21+0.2: engaged +0 cycles from the crossing, the close then moved -121..+1 (furthest at column 995); tail: tick 64 cycles after the frame close, +0..+57 (spread 57); 1 repeats, 1 skips; last slip col 8; tail slips 0; engage col -1
  [i]  P+66/21+0.2: last slip at column 8; engagement window unbounded columns
  [i]  P+66/21+0.3: engaged +0 cycles from the crossing, the close then moved -121..+0 (furthest at column 989); tail: tick 65 cycles after the frame close, -1..+56 (spread 57); 0 repeats, 0 skips; last slip col -1; tail slips 0; engage col -1
  [i]  P+66/21+1.0: engaged +1 cycles from the crossing, the close then moved -1..+0 (furthest at column 0); tail: tick 1041 cycles after the frame close, -1..+1 (spread 2); 0 repeats, 0 skips; last slip col -1; tail slips 0; engage col -1
  [i]  P+66/21+1.1: engaged +0 cycles from the crossing, the close then moved -121..+0 (furthest at column 989); tail: tick 64 cycles after the frame close, +0..+57 (spread 57); 0 repeats, 0 skips; last slip col -1; tail slips 0; engage col -1
  [i]  P+66/21+1.2: engaged +0 cycles from the crossing, the close then moved -121..+1 (furthest at column 995); tail: tick 64 cycles after the frame close, +0..+56 (spread 56); 1 repeats, 1 skips; last slip col 8; tail slips 0; engage col -1
  [i]  P+66/21+1.2: last slip at column 8; engagement window unbounded columns
  [i]  P+66/21+1.3: engaged +1 cycles from the crossing, the close then moved -1..+0 (furthest at column 0); tail: tick 1041 cycles after the frame close, -1..+1 (spread 2); 0 repeats, 0 skips; last slip col -1; tail slips 0; engage col -1
  [i]  P+66/21+2.0: engaged +1 cycles from the crossing, the close then moved -1..+0 (furthest at column 0); tail: tick 1041 cycles after the frame close, -1..+1 (spread 2); 0 repeats, 0 skips; last slip col -1; tail slips 0; engage col -1
  [i]  P+66/21+2.1: engaged +1 cycles from the crossing, the close then moved -1..+1 (furthest at column 0); tail: tick 1041 cycles after the frame close, -1..+0 (spread 1); 0 repeats, 0 skips; last slip col -1; tail slips 0; engage col -1
  [i]  P+66/21+2.2: engaged +2 cycles from the crossing, the close then moved -1..+1 (furthest at column 0); tail: tick 1039 cycles after the frame close, +0..+1 (spread 1); 0 repeats, 0 skips; last slip col -1; tail slips 0; engage col -1
  [i]  P+66/21+2.3: engaged +2 cycles from the crossing, the close then moved -1..+0 (furthest at column 0); tail: tick 1040 cycles after the frame close, +0..+1 (spread 1); 0 repeats, 0 skips; last slip col -1; tail slips 0; engage col -1
  [i]  P+66/21+3.0: engaged +3 cycles from the crossing, the close then moved -1..+0 (furthest at column 0); tail: tick 1039 cycles after the frame close, +0..+1 (spread 1); 0 repeats, 0 skips; last slip col -1; tail slips 0; engage col -1
  [i]  P+66/21+3.1: engaged +2 cycles from the crossing, the close then moved -1..+1 (furthest at column 0); tail: tick 1040 cycles after the frame close, -1..+0 (spread 1); 0 repeats, 0 skips; last slip col -1; tail slips 0; engage col -1
  [i]  P+66/21+3.2: engaged +3 cycles from the crossing, the close then moved -1..+1 (furthest at column 0); tail: tick 1038 cycles after the frame close, +0..+1 (spread 1); 0 repeats, 0 skips; last slip col -1; tail slips 0; engage col -1
  [i]  P+66/21+3.3: engaged +4 cycles from the crossing, the close then moved -2..+0 (furthest at column 454); tail: tick 1038 cycles after the frame close, +0..+1 (spread 1); 0 repeats, 0 skips; last slip col -1; tail slips 0; engage col -1
== capture_coherence: checks: 401   failures: 0 ==
RESULT: PASS

  [i]  calibration, +66 ppm plan: with the TDM clock unheld the first close lands 13 cycles after its tick

[P+66/22] PROBE CRF, +66 ppm plan, every 1 cycles from -1 to +3, 4 quarter-cycle sub-placements, 1000 columns
  [i]  P+66/22-1.0: engaged -1 cycles from the crossing, the close then moved -121..+0 (furthest at column 995); tail: tick 65 cycles after the frame close, +0..+56 (spread 56); 0 repeats, 0 skips; last slip col -1; tail slips 0; engage col -1
  [i]  P+66/22-1.1: engaged -2 cycles from the crossing, the close then moved -121..+0 (furthest at column 995); tail: tick 66 cycles after the frame close, +0..+56 (spread 56); 0 repeats, 0 skips; last slip col -1; tail slips 0; engage col -1
  [i]  P+66/22-1.2: engaged -2 cycles from the crossing, the close then moved -120..+0 (furthest at column 995); tail: tick 66 cycles after the frame close, -1..+56 (spread 57); 0 repeats, 0 skips; last slip col -1; tail slips 0; engage col -1
  [i]  P+66/22-1.3: engaged -1 cycles from the crossing, the close then moved -121..+0 (furthest at column 995); tail: tick 66 cycles after the frame close, -1..+56 (spread 57); 0 repeats, 0 skips; last slip col -1; tail slips 0; engage col -1
  [i]  P+66/22+0.0: engaged -1 cycles from the crossing, the close then moved -121..+0 (furthest at column 995); tail: tick 65 cycles after the frame close, +0..+56 (spread 56); 0 repeats, 0 skips; last slip col -1; tail slips 0; engage col -1
  [i]  P+66/22+0.1: engaged -1 cycles from the crossing, the close then moved -121..+0 (furthest at column 995); tail: tick 65 cycles after the frame close, +0..+56 (spread 56); 0 repeats, 0 skips; last slip col -1; tail slips 0; engage col -1
  [i]  P+66/22+0.2: engaged +0 cycles from the crossing, the close then moved -121..+1 (furthest at column 995); tail: tick 64 cycles after the frame close, +0..+56 (spread 56); 1 repeats, 1 skips; last slip col 8; tail slips 0; engage col -1
  [i]  P+66/22+0.2: last slip at column 8; engagement window unbounded columns
  [i]  P+66/22+0.3: engaged +0 cycles from the crossing, the close then moved -121..+0 (furthest at column 989); tail: tick 65 cycles after the frame close, -1..+56 (spread 57); 0 repeats, 0 skips; last slip col -1; tail slips 0; engage col -1
  [i]  P+66/22+1.0: engaged +1 cycles from the crossing, the close then moved -1..+0 (furthest at column 0); tail: tick 1041 cycles after the frame close, -1..+1 (spread 2); 0 repeats, 0 skips; last slip col -1; tail slips 0; engage col -1
  [i]  P+66/22+1.1: engaged +0 cycles from the crossing, the close then moved -121..+0 (furthest at column 995); tail: tick 64 cycles after the frame close, +0..+57 (spread 57); 0 repeats, 0 skips; last slip col -1; tail slips 0; engage col -1
  [i]  P+66/22+1.2: engaged +0 cycles from the crossing, the close then moved -121..+1 (furthest at column 995); tail: tick 64 cycles after the frame close, +0..+56 (spread 56); 1 repeats, 1 skips; last slip col 8; tail slips 0; engage col -1
  [i]  P+66/22+1.2: last slip at column 8; engagement window unbounded columns
  [i]  P+66/22+1.3: engaged +1 cycles from the crossing, the close then moved -1..+0 (furthest at column 0); tail: tick 1041 cycles after the frame close, -1..+1 (spread 2); 0 repeats, 0 skips; last slip col -1; tail slips 0; engage col -1
  [i]  P+66/22+2.0: engaged +1 cycles from the crossing, the close then moved -1..+0 (furthest at column 0); tail: tick 1041 cycles after the frame close, -1..+1 (spread 2); 0 repeats, 0 skips; last slip col -1; tail slips 0; engage col -1
  [i]  P+66/22+2.1: engaged +1 cycles from the crossing, the close then moved -1..+1 (furthest at column 0); tail: tick 1041 cycles after the frame close, -1..+0 (spread 1); 0 repeats, 0 skips; last slip col -1; tail slips 0; engage col -1
  [i]  P+66/22+2.2: engaged +1 cycles from the crossing, the close then moved -1..+1 (furthest at column 0); tail: tick 1040 cycles after the frame close, +0..+1 (spread 1); 0 repeats, 0 skips; last slip col -1; tail slips 0; engage col -1
  [i]  P+66/22+2.3: engaged +3 cycles from the crossing, the close then moved -1..+0 (furthest at column 0); tail: tick 1039 cycles after the frame close, +0..+1 (spread 1); 0 repeats, 0 skips; last slip col -1; tail slips 0; engage col -1
  [i]  P+66/22+3.0: engaged +2 cycles from the crossing, the close then moved -1..+0 (furthest at column 0); tail: tick 1040 cycles after the frame close, -1..+1 (spread 2); 0 repeats, 0 skips; last slip col -1; tail slips 0; engage col -1
  [i]  P+66/22+3.1: engaged +3 cycles from the crossing, the close then moved -1..+1 (furthest at column 0); tail: tick 1039 cycles after the frame close, -1..+1 (spread 2); 0 repeats, 0 skips; last slip col -1; tail slips 0; engage col -1
  [i]  P+66/22+3.2: engaged +2 cycles from the crossing, the close then moved -1..+1 (furthest at column 0); tail: tick 1039 cycles after the frame close, +0..+1 (spread 1); 0 repeats, 0 skips; last slip col -1; tail slips 0; engage col -1
  [i]  P+66/22+3.3: engaged +3 cycles from the crossing, the close then moved -1..+0 (furthest at column 0); tail: tick 1039 cycles after the frame close, +0..+1 (spread 1); 0 repeats, 0 skips; last slip col -1; tail slips 0; engage col -1
== capture_coherence: checks: 401   failures: 0 ==
RESULT: PASS

  [i]  calibration, +66 ppm plan: with the TDM clock unheld the first close lands 13 cycles after its tick

[P+66/23] PROBE CRF, +66 ppm plan, every 1 cycles from -1 to +3, 4 quarter-cycle sub-placements, 1000 columns
  [i]  P+66/23-1.0: engaged -1 cycles from the crossing, the close then moved -121..+0 (furthest at column 995); tail: tick 65 cycles after the frame close, +0..+56 (spread 56); 0 repeats, 0 skips; last slip col -1; tail slips 0; engage col -1
  [i]  P+66/23-1.1: engaged -2 cycles from the crossing, the close then moved -121..+0 (furthest at column 995); tail: tick 66 cycles after the frame close, +0..+56 (spread 56); 0 repeats, 0 skips; last slip col -1; tail slips 0; engage col -1
  [i]  P+66/23-1.2: engaged -2 cycles from the crossing, the close then moved -120..+0 (furthest at column 989); tail: tick 66 cycles after the frame close, -1..+56 (spread 57); 0 repeats, 0 skips; last slip col -1; tail slips 0; engage col -1
  [i]  P+66/23-1.3: engaged -1 cycles from the crossing, the close then moved -121..+0 (furthest at column 995); tail: tick 66 cycles after the frame close, -1..+56 (spread 57); 0 repeats, 0 skips; last slip col -1; tail slips 0; engage col -1
  [i]  P+66/23+0.0: engaged -1 cycles from the crossing, the close then moved -121..+0 (furthest at column 995); tail: tick 65 cycles after the frame close, +0..+56 (spread 56); 0 repeats, 0 skips; last slip col -1; tail slips 0; engage col -1
  [i]  P+66/23+0.1: engaged -1 cycles from the crossing, the close then moved -121..+0 (furthest at column 995); tail: tick 65 cycles after the frame close, +0..+56 (spread 56); 0 repeats, 0 skips; last slip col -1; tail slips 0; engage col -1
  [i]  P+66/23+0.2: engaged +0 cycles from the crossing, the close then moved -121..+1 (furthest at column 995); tail: tick 64 cycles after the frame close, +0..+56 (spread 56); 1 repeats, 1 skips; last slip col 8; tail slips 0; engage col -1
  [i]  P+66/23+0.2: last slip at column 8; engagement window unbounded columns
  [i]  P+66/23+0.3: engaged +0 cycles from the crossing, the close then moved -121..+0 (furthest at column 989); tail: tick 65 cycles after the frame close, -1..+56 (spread 57); 0 repeats, 0 skips; last slip col -1; tail slips 0; engage col -1
  [i]  P+66/23+1.0: engaged +1 cycles from the crossing, the close then moved -1..+0 (furthest at column 0); tail: tick 1041 cycles after the frame close, -1..+1 (spread 2); 0 repeats, 0 skips; last slip col -1; tail slips 0; engage col -1
  [i]  P+66/23+1.1: engaged +0 cycles from the crossing, the close then moved -121..+0 (furthest at column 995); tail: tick 64 cycles after the frame close, +0..+57 (spread 57); 0 repeats, 0 skips; last slip col -1; tail slips 0; engage col -1
  [i]  P+66/23+1.2: engaged +1 cycles from the crossing, the close then moved -1..+1 (furthest at column 0); tail: tick 1040 cycles after the frame close, +0..+1 (spread 1); 0 repeats, 0 skips; last slip col -1; tail slips 0; engage col -1
  [i]  P+66/23+1.3: engaged +2 cycles from the crossing, the close then moved -1..+0 (furthest at column 0); tail: tick 1040 cycles after the frame close, +0..+1 (spread 1); 0 repeats, 0 skips; last slip col -1; tail slips 0; engage col -1
  [i]  P+66/23+2.0: engaged +2 cycles from the crossing, the close then moved -1..+0 (furthest at column 0); tail: tick 1040 cycles after the frame close, -1..+1 (spread 2); 0 repeats, 0 skips; last slip col -1; tail slips 0; engage col -1
  [i]  P+66/23+2.1: engaged +2 cycles from the crossing, the close then moved -1..+1 (furthest at column 0); tail: tick 1040 cycles after the frame close, -1..+0 (spread 1); 0 repeats, 0 skips; last slip col -1; tail slips 0; engage col -1
  [i]  P+66/23+2.2: engaged +2 cycles from the crossing, the close then moved -1..+1 (furthest at column 0); tail: tick 1039 cycles after the frame close, +0..+1 (spread 1); 0 repeats, 0 skips; last slip col -1; tail slips 0; engage col -1
  [i]  P+66/23+2.3: engaged +2 cycles from the crossing, the close then moved -1..+0 (furthest at column 0); tail: tick 1040 cycles after the frame close, +0..+1 (spread 1); 0 repeats, 0 skips; last slip col -1; tail slips 0; engage col -1
  [i]  P+66/23+3.0: engaged +3 cycles from the crossing, the close then moved -1..+0 (furthest at column 0); tail: tick 1039 cycles after the frame close, +0..+1 (spread 1); 0 repeats, 0 skips; last slip col -1; tail slips 0; engage col -1
  [i]  P+66/23+3.1: engaged +2 cycles from the crossing, the close then moved -1..+0 (furthest at column 100); tail: tick 1040 cycles after the frame close, -1..+1 (spread 2); 0 repeats, 0 skips; last slip col -1; tail slips 0; engage col -1
  [i]  P+66/23+3.2: engaged +3 cycles from the crossing, the close then moved -1..+1 (furthest at column 0); tail: tick 1038 cycles after the frame close, +0..+1 (spread 1); 0 repeats, 0 skips; last slip col -1; tail slips 0; engage col -1
  [i]  P+66/23+3.3: engaged +4 cycles from the crossing, the close then moved -2..+0 (furthest at column 442); tail: tick 1038 cycles after the frame close, +0..+1 (spread 1); 0 repeats, 0 skips; last slip col -1; tail slips 0; engage col -1
== capture_coherence: checks: 401   failures: 0 ==
RESULT: PASS

  [i]  calibration, +66 ppm plan: with the TDM clock unheld the first close lands 13 cycles after its tick

[P+66/24] PROBE CRF, +66 ppm plan, every 1 cycles from -1 to +3, 4 quarter-cycle sub-placements, 1000 columns
  [i]  P+66/24-1.0: engaged -1 cycles from the crossing, the close then moved -121..+0 (furthest at column 995); tail: tick 65 cycles after the frame close, +0..+56 (spread 56); 0 repeats, 0 skips; last slip col -1; tail slips 0; engage col -1
  [i]  P+66/24-1.1: engaged -2 cycles from the crossing, the close then moved -121..+0 (furthest at column 995); tail: tick 66 cycles after the frame close, +0..+56 (spread 56); 0 repeats, 0 skips; last slip col -1; tail slips 0; engage col -1
  [i]  P+66/24-1.2: engaged -2 cycles from the crossing, the close then moved -120..+0 (furthest at column 989); tail: tick 66 cycles after the frame close, -1..+56 (spread 57); 0 repeats, 0 skips; last slip col -1; tail slips 0; engage col -1
  [i]  P+66/24-1.3: engaged -1 cycles from the crossing, the close then moved -121..+0 (furthest at column 995); tail: tick 66 cycles after the frame close, -1..+56 (spread 57); 0 repeats, 0 skips; last slip col -1; tail slips 0; engage col -1
  [i]  P+66/24+0.0: engaged -1 cycles from the crossing, the close then moved -121..+0 (furthest at column 995); tail: tick 65 cycles after the frame close, +0..+56 (spread 56); 0 repeats, 0 skips; last slip col -1; tail slips 0; engage col -1
  [i]  P+66/24+0.1: engaged -1 cycles from the crossing, the close then moved -121..+0 (furthest at column 995); tail: tick 65 cycles after the frame close, +0..+56 (spread 56); 0 repeats, 0 skips; last slip col -1; tail slips 0; engage col -1
  [i]  P+66/24+0.2: engaged -1 cycles from the crossing, the close then moved -121..+1 (furthest at column 995); tail: tick 65 cycles after the frame close, -1..+56 (spread 57); 0 repeats, 0 skips; last slip col -1; tail slips 0; engage col -1
  [i]  P+66/24+0.3: engaged +1 cycles from the crossing, the close then moved -1..+0 (furthest at column 0); tail: tick 1041 cycles after the frame close, -1..+1 (spread 2); 0 repeats, 0 skips; last slip col -1; tail slips 0; engage col -1
  [i]  P+66/24+1.0: engaged +0 cycles from the crossing, the close then moved -121..+0 (furthest at column 995); tail: tick 64 cycles after the frame close, +0..+57 (spread 57); 0 repeats, 0 skips; last slip col -1; tail slips 0; engage col -1
  [i]  P+66/24+1.1: engaged +1 cycles from the crossing, the close then moved -1..+1 (furthest at column 4); tail: tick 1041 cycles after the frame close, -1..+0 (spread 1); 0 repeats, 0 skips; last slip col -1; tail slips 0; engage col -1
  [i]  P+66/24+1.2: engaged +0 cycles from the crossing, the close then moved -121..+1 (furthest at column 995); tail: tick 64 cycles after the frame close, +0..+56 (spread 56); 1 repeats, 1 skips; last slip col 8; tail slips 0; engage col -1
  [i]  P+66/24+1.2: last slip at column 8; engagement window unbounded columns
  [i]  P+66/24+1.3: engaged +1 cycles from the crossing, the close then moved -1..+0 (furthest at column 0); tail: tick 1041 cycles after the frame close, -1..+1 (spread 2); 0 repeats, 0 skips; last slip col -1; tail slips 0; engage col -1
  [i]  P+66/24+2.0: engaged +1 cycles from the crossing, the close then moved -1..+0 (furthest at column 0); tail: tick 1041 cycles after the frame close, -1..+1 (spread 2); 0 repeats, 0 skips; last slip col -1; tail slips 0; engage col -1
  [i]  P+66/24+2.1: engaged +1 cycles from the crossing, the close then moved -1..+1 (furthest at column 4); tail: tick 1041 cycles after the frame close, -1..+0 (spread 1); 0 repeats, 0 skips; last slip col -1; tail slips 0; engage col -1
  [i]  P+66/24+2.2: engaged +1 cycles from the crossing, the close then moved -1..+1 (furthest at column 0); tail: tick 1041 cycles after the frame close, -1..+0 (spread 1); 0 repeats, 0 skips; last slip col -1; tail slips 0; engage col -1
  [i]  P+66/24+2.3: engaged +3 cycles from the crossing, the close then moved -1..+0 (furthest at column 0); tail: tick 1039 cycles after the frame close, +0..+1 (spread 1); 0 repeats, 0 skips; last slip col -1; tail slips 0; engage col -1
  [i]  P+66/24+3.0: engaged +2 cycles from the crossing, the close then moved -1..+0 (furthest at column 0); tail: tick 1040 cycles after the frame close, -1..+1 (spread 2); 0 repeats, 0 skips; last slip col -1; tail slips 0; engage col -1
  [i]  P+66/24+3.1: engaged +3 cycles from the crossing, the close then moved -1..+0 (furthest at column 100); tail: tick 1039 cycles after the frame close, -1..+1 (spread 2); 0 repeats, 0 skips; last slip col -1; tail slips 0; engage col -1
  [i]  P+66/24+3.2: engaged +2 cycles from the crossing, the close then moved -1..+1 (furthest at column 0); tail: tick 1040 cycles after the frame close, -1..+0 (spread 1); 0 repeats, 0 skips; last slip col -1; tail slips 0; engage col -1
  [i]  P+66/24+3.3: engaged +3 cycles from the crossing, the close then moved -2..+0 (furthest at column 520); tail: tick 1039 cycles after the frame close, +0..+1 (spread 1); 0 repeats, 0 skips; last slip col -1; tail slips 0; engage col -1
== capture_coherence: checks: 401   failures: 0 ==
RESULT: PASS

  [i]  calibration, +66 ppm plan: with the TDM clock unheld the first close lands 13 cycles after its tick

[P+66/25] PROBE CRF, +66 ppm plan, every 1 cycles from -1 to +3, 4 quarter-cycle sub-placements, 1000 columns
  [i]  P+66/25-1.0: engaged -1 cycles from the crossing, the close then moved -121..+0 (furthest at column 995); tail: tick 65 cycles after the frame close, +0..+56 (spread 56); 0 repeats, 0 skips; last slip col -1; tail slips 0; engage col -1
  [i]  P+66/25-1.1: engaged -2 cycles from the crossing, the close then moved -121..+0 (furthest at column 995); tail: tick 66 cycles after the frame close, +0..+56 (spread 56); 0 repeats, 0 skips; last slip col -1; tail slips 0; engage col -1
  [i]  P+66/25-1.2: engaged -1 cycles from the crossing, the close then moved -121..+1 (furthest at column 995); tail: tick 65 cycles after the frame close, -1..+56 (spread 57); 0 repeats, 0 skips; last slip col -1; tail slips 0; engage col -1
  [i]  P+66/25-1.3: engaged +0 cycles from the crossing, the close then moved -121..+0 (furthest at column 989); tail: tick 65 cycles after the frame close, -1..+56 (spread 57); 0 repeats, 0 skips; last slip col -1; tail slips 0; engage col -1
  [i]  P+66/25+0.0: engaged +0 cycles from the crossing, the close then moved -121..+0 (furthest at column 995); tail: tick 64 cycles after the frame close, +0..+57 (spread 57); 0 repeats, 0 skips; last slip col -1; tail slips 0; engage col -1
  [i]  P+66/25+0.1: engaged +0 cycles from the crossing, the close then moved -121..+0 (furthest at column 995); tail: tick 64 cycles after the frame close, +0..+57 (spread 57); 0 repeats, 0 skips; last slip col -1; tail slips 0; engage col -1
  [i]  P+66/25+0.2: engaged +0 cycles from the crossing, the close then moved -121..+1 (furthest at column 995); tail: tick 64 cycles after the frame close, +0..+56 (spread 56); 1 repeats, 1 skips; last slip col 8; tail slips 0; engage col -1
  [i]  P+66/25+0.2: last slip at column 8; engagement window unbounded columns
  [i]  P+66/25+0.3: engaged +0 cycles from the crossing, the close then moved -122..+0 (furthest at column 995); tail: tick 65 cycles after the frame close, -1..+56 (spread 57); 0 repeats, 0 skips; last slip col -1; tail slips 0; engage col -1
  [i]  P+66/25+1.0: engaged +1 cycles from the crossing, the close then moved -1..+0 (furthest at column 0); tail: tick 1041 cycles after the frame close, -1..+1 (spread 2); 0 repeats, 0 skips; last slip col -1; tail slips 0; engage col -1
  [i]  P+66/25+1.1: engaged +0 cycles from the crossing, the close then moved -121..+0 (furthest at column 995); tail: tick 64 cycles after the frame close, +0..+57 (spread 57); 0 repeats, 0 skips; last slip col -1; tail slips 0; engage col -1
  [i]  P+66/25+1.2: engaged +1 cycles from the crossing, the close then moved -1..+1 (furthest at column 0); tail: tick 1041 cycles after the frame close, -1..+0 (spread 1); 0 repeats, 0 skips; last slip col -1; tail slips 0; engage col -1
  [i]  P+66/25+1.3: engaged +2 cycles from the crossing, the close then moved -1..+0 (furthest at column 0); tail: tick 1040 cycles after the frame close, +0..+1 (spread 1); 0 repeats, 0 skips; last slip col -1; tail slips 0; engage col -1
  [i]  P+66/25+2.0: engaged +2 cycles from the crossing, the close then moved -1..+0 (furthest at column 0); tail: tick 1040 cycles after the frame close, -1..+1 (spread 2); 0 repeats, 0 skips; last slip col -1; tail slips 0; engage col -1
  [i]  P+66/25+2.1: engaged +2 cycles from the crossing, the close then moved -1..+0 (furthest at column 88); tail: tick 1040 cycles after the frame close, -1..+1 (spread 2); 0 repeats, 0 skips; last slip col -1; tail slips 0; engage col -1
  [i]  P+66/25+2.2: engaged +2 cycles from the crossing, the close then moved -1..+1 (furthest at column 0); tail: tick 1040 cycles after the frame close, -1..+0 (spread 1); 0 repeats, 0 skips; last slip col -1; tail slips 0; engage col -1
  [i]  P+66/25+2.3: engaged +2 cycles from the crossing, the close then moved -1..+0 (furthest at column 0); tail: tick 1040 cycles after the frame close, +0..+1 (spread 1); 0 repeats, 0 skips; last slip col -1; tail slips 0; engage col -1
  [i]  P+66/25+3.0: engaged +3 cycles from the crossing, the close then moved -1..+0 (furthest at column 0); tail: tick 1039 cycles after the frame close, +0..+1 (spread 1); 0 repeats, 0 skips; last slip col -1; tail slips 0; engage col -1
  [i]  P+66/25+3.1: engaged +2 cycles from the crossing, the close then moved -1..+0 (furthest at column 82); tail: tick 1040 cycles after the frame close, -1..+1 (spread 2); 0 repeats, 0 skips; last slip col -1; tail slips 0; engage col -1
  [i]  P+66/25+3.2: engaged +3 cycles from the crossing, the close then moved -1..+1 (furthest at column 0); tail: tick 1039 cycles after the frame close, -1..+0 (spread 1); 0 repeats, 0 skips; last slip col -1; tail slips 0; engage col -1
  [i]  P+66/25+3.3: engaged +4 cycles from the crossing, the close then moved -2..+0 (furthest at column 424); tail: tick 1038 cycles after the frame close, +0..+1 (spread 1); 0 repeats, 0 skips; last slip col -1; tail slips 0; engage col -1
== capture_coherence: checks: 401   failures: 0 ==
RESULT: PASS

  [i]  calibration, +66 ppm plan: with the TDM clock unheld the first close lands 13 cycles after its tick

[P+66/26] PROBE CRF, +66 ppm plan, every 1 cycles from -1 to +3, 4 quarter-cycle sub-placements, 1000 columns
  [i]  P+66/26-1.0: engaged -1 cycles from the crossing, the close then moved -121..+0 (furthest at column 995); tail: tick 65 cycles after the frame close, +0..+56 (spread 56); 0 repeats, 0 skips; last slip col -1; tail slips 0; engage col -1
  [i]  P+66/26-1.1: engaged -2 cycles from the crossing, the close then moved -121..+0 (furthest at column 995); tail: tick 66 cycles after the frame close, +0..+56 (spread 56); 0 repeats, 0 skips; last slip col -1; tail slips 0; engage col -1
  [i]  P+66/26-1.2: engaged -1 cycles from the crossing, the close then moved -121..+1 (furthest at column 995); tail: tick 65 cycles after the frame close, -1..+56 (spread 57); 0 repeats, 0 skips; last slip col -1; tail slips 0; engage col -1
  [i]  P+66/26-1.3: engaged +0 cycles from the crossing, the close then moved -122..+0 (furthest at column 995); tail: tick 65 cycles after the frame close, -1..+56 (spread 57); 0 repeats, 0 skips; last slip col -1; tail slips 0; engage col -1
  [i]  P+66/26+0.0: engaged +0 cycles from the crossing, the close then moved -121..+0 (furthest at column 995); tail: tick 64 cycles after the frame close, +0..+57 (spread 57); 0 repeats, 0 skips; last slip col -1; tail slips 0; engage col -1
  [i]  P+66/26+0.1: engaged +0 cycles from the crossing, the close then moved -121..+0 (furthest at column 995); tail: tick 64 cycles after the frame close, +0..+57 (spread 57); 0 repeats, 0 skips; last slip col -1; tail slips 0; engage col -1
  [i]  P+66/26+0.2: engaged +0 cycles from the crossing, the close then moved -121..+1 (furthest at column 995); tail: tick 64 cycles after the frame close, +0..+56 (spread 56); 1 repeats, 1 skips; last slip col 8; tail slips 0; engage col -1
  [i]  P+66/26+0.2: last slip at column 8; engagement window unbounded columns
  [i]  P+66/26+0.3: engaged +0 cycles from the crossing, the close then moved -122..+0 (furthest at column 995); tail: tick 65 cycles after the frame close, -1..+56 (spread 57); 0 repeats, 0 skips; last slip col -1; tail slips 0; engage col -1
  [i]  P+66/26+1.0: engaged +1 cycles from the crossing, the close then moved -1..+0 (furthest at column 0); tail: tick 1041 cycles after the frame close, -1..+1 (spread 2); 0 repeats, 0 skips; last slip col -1; tail slips 0; engage col -1
  [i]  P+66/26+1.1: engaged +0 cycles from the crossing, the close then moved -121..+0 (furthest at column 995); tail: tick 64 cycles after the frame close, +0..+57 (spread 57); 0 repeats, 0 skips; last slip col -1; tail slips 0; engage col -1
  [i]  P+66/26+1.2: engaged +1 cycles from the crossing, the close then moved -1..+1 (furthest at column 0); tail: tick 1041 cycles after the frame close, -1..+0 (spread 1); 0 repeats, 0 skips; last slip col -1; tail slips 0; engage col -1
  [i]  P+66/26+1.3: engaged +2 cycles from the crossing, the close then moved -1..+0 (furthest at column 0); tail: tick 1040 cycles after the frame close, +0..+1 (spread 1); 0 repeats, 0 skips; last slip col -1; tail slips 0; engage col -1
  [i]  P+66/26+2.0: engaged +2 cycles from the crossing, the close then moved -1..+0 (furthest at column 0); tail: tick 1040 cycles after the frame close, -1..+1 (spread 2); 0 repeats, 0 skips; last slip col -1; tail slips 0; engage col -1
  [i]  P+66/26+2.1: engaged +2 cycles from the crossing, the close then moved -1..+0 (furthest at column 82); tail: tick 1040 cycles after the frame close, -1..+1 (spread 2); 0 repeats, 0 skips; last slip col -1; tail slips 0; engage col -1
  [i]  P+66/26+2.2: engaged +2 cycles from the crossing, the close then moved -1..+1 (furthest at column 0); tail: tick 1040 cycles after the frame close, -1..+0 (spread 1); 0 repeats, 0 skips; last slip col -1; tail slips 0; engage col -1
  [i]  P+66/26+2.3: engaged +2 cycles from the crossing, the close then moved -1..+0 (furthest at column 0); tail: tick 1040 cycles after the frame close, +0..+1 (spread 1); 0 repeats, 0 skips; last slip col -1; tail slips 0; engage col -1
  [i]  P+66/26+3.0: engaged +3 cycles from the crossing, the close then moved -1..+0 (furthest at column 0); tail: tick 1039 cycles after the frame close, +0..+1 (spread 1); 0 repeats, 0 skips; last slip col -1; tail slips 0; engage col -1
  [i]  P+66/26+3.1: engaged +2 cycles from the crossing, the close then moved -1..+0 (furthest at column 70); tail: tick 1040 cycles after the frame close, -1..+1 (spread 2); 0 repeats, 0 skips; last slip col -1; tail slips 0; engage col -1
  [i]  P+66/26+3.2: engaged +3 cycles from the crossing, the close then moved -1..+1 (furthest at column 0); tail: tick 1039 cycles after the frame close, -1..+0 (spread 1); 0 repeats, 0 skips; last slip col -1; tail slips 0; engage col -1
  [i]  P+66/26+3.3: engaged +4 cycles from the crossing, the close then moved -2..+0 (furthest at column 418); tail: tick 1038 cycles after the frame close, +0..+1 (spread 1); 0 repeats, 0 skips; last slip col -1; tail slips 0; engage col -1
== capture_coherence: checks: 401   failures: 0 ==
RESULT: PASS

  [i]  calibration, +66 ppm plan: with the TDM clock unheld the first close lands 13 cycles after its tick

[P+66/27] PROBE CRF, +66 ppm plan, every 1 cycles from -1 to +3, 4 quarter-cycle sub-placements, 1000 columns
  [i]  P+66/27-1.0: engaged -1 cycles from the crossing, the close then moved -121..+0 (furthest at column 995); tail: tick 65 cycles after the frame close, +0..+56 (spread 56); 0 repeats, 0 skips; last slip col -1; tail slips 0; engage col -1
  [i]  P+66/27-1.1: engaged -2 cycles from the crossing, the close then moved -121..+0 (furthest at column 995); tail: tick 66 cycles after the frame close, +0..+56 (spread 56); 0 repeats, 0 skips; last slip col -1; tail slips 0; engage col -1
  [i]  P+66/27-1.2: engaged -1 cycles from the crossing, the close then moved -121..+1 (furthest at column 995); tail: tick 65 cycles after the frame close, -1..+56 (spread 57); 0 repeats, 0 skips; last slip col -1; tail slips 0; engage col -1
  [i]  P+66/27-1.3: engaged +0 cycles from the crossing, the close then moved -122..+0 (furthest at column 995); tail: tick 65 cycles after the frame close, -1..+56 (spread 57); 0 repeats, 0 skips; last slip col -1; tail slips 0; engage col -1
  [i]  P+66/27+0.0: engaged +0 cycles from the crossing, the close then moved -121..+0 (furthest at column 995); tail: tick 64 cycles after the frame close, +0..+57 (spread 57); 0 repeats, 0 skips; last slip col -1; tail slips 0; engage col -1
  [i]  P+66/27+0.1: engaged +0 cycles from the crossing, the close then moved -121..+0 (furthest at column 995); tail: tick 64 cycles after the frame close, +0..+57 (spread 57); 0 repeats, 0 skips; last slip col -1; tail slips 0; engage col -1
  [i]  P+66/27+0.2: engaged +0 cycles from the crossing, the close then moved -121..+1 (furthest at column 995); tail: tick 64 cycles after the frame close, +0..+56 (spread 56); 1 repeats, 1 skips; last slip col 7; tail slips 0; engage col -1
  [i]  P+66/27+0.2: last slip at column 7; engagement window unbounded columns
  [i]  P+66/27+0.3: engaged +0 cycles from the crossing, the close then moved -122..+0 (furthest at column 995); tail: tick 65 cycles after the frame close, -1..+56 (spread 57); 0 repeats, 0 skips; last slip col -1; tail slips 0; engage col -1
  [i]  P+66/27+1.0: engaged +1 cycles from the crossing, the close then moved -1..+0 (furthest at column 0); tail: tick 1041 cycles after the frame close, -1..+1 (spread 2); 0 repeats, 0 skips; last slip col -1; tail slips 0; engage col -1
  [i]  P+66/27+1.1: engaged +0 cycles from the crossing, the close then moved -121..+0 (furthest at column 995); tail: tick 64 cycles after the frame close, +0..+57 (spread 57); 0 repeats, 0 skips; last slip col -1; tail slips 0; engage col -1
  [i]  P+66/27+1.2: engaged +1 cycles from the crossing, the close then moved -1..+1 (furthest at column 0); tail: tick 1041 cycles after the frame close, -1..+0 (spread 1); 0 repeats, 0 skips; last slip col -1; tail slips 0; engage col -1
  [i]  P+66/27+1.3: engaged +2 cycles from the crossing, the close then moved -1..+0 (furthest at column 0); tail: tick 1040 cycles after the frame close, +0..+1 (spread 1); 0 repeats, 0 skips; last slip col -1; tail slips 0; engage col -1
  [i]  P+66/27+2.0: engaged +2 cycles from the crossing, the close then moved -1..+0 (furthest at column 0); tail: tick 1040 cycles after the frame close, -1..+1 (spread 2); 0 repeats, 0 skips; last slip col -1; tail slips 0; engage col -1
  [i]  P+66/27+2.1: engaged +2 cycles from the crossing, the close then moved -1..+0 (furthest at column 70); tail: tick 1040 cycles after the frame close, -1..+1 (spread 2); 0 repeats, 0 skips; last slip col -1; tail slips 0; engage col -1
  [i]  P+66/27+2.2: engaged +2 cycles from the crossing, the close then moved -1..+1 (furthest at column 0); tail: tick 1040 cycles after the frame close, -1..+0 (spread 1); 0 repeats, 0 skips; last slip col -1; tail slips 0; engage col -1
  [i]  P+66/27+2.3: engaged +2 cycles from the crossing, the close then moved -1..+0 (furthest at column 0); tail: tick 1040 cycles after the frame close, +0..+1 (spread 1); 0 repeats, 0 skips; last slip col -1; tail slips 0; engage col -1
  [i]  P+66/27+3.0: engaged +3 cycles from the crossing, the close then moved -1..+0 (furthest at column 0); tail: tick 1039 cycles after the frame close, +0..+1 (spread 1); 0 repeats, 0 skips; last slip col -1; tail slips 0; engage col -1
  [i]  P+66/27+3.1: engaged +2 cycles from the crossing, the close then moved -1..+0 (furthest at column 70); tail: tick 1040 cycles after the frame close, -1..+1 (spread 2); 0 repeats, 0 skips; last slip col -1; tail slips 0; engage col -1
  [i]  P+66/27+3.2: engaged +3 cycles from the crossing, the close then moved -1..+1 (furthest at column 0); tail: tick 1039 cycles after the frame close, -1..+0 (spread 1); 0 repeats, 0 skips; last slip col -1; tail slips 0; engage col -1
  [i]  P+66/27+3.3: engaged +4 cycles from the crossing, the close then moved -2..+0 (furthest at column 412); tail: tick 1038 cycles after the frame close, +0..+1 (spread 1); 0 repeats, 0 skips; last slip col -1; tail slips 0; engage col -1
== capture_coherence: checks: 401   failures: 0 ==
RESULT: PASS

  [i]  calibration, +66 ppm plan: with the TDM clock unheld the first close lands 13 cycles after its tick

[P+66/28] PROBE CRF, +66 ppm plan, every 1 cycles from -1 to +3, 4 quarter-cycle sub-placements, 1000 columns
  [i]  P+66/28-1.0: engaged -1 cycles from the crossing, the close then moved -121..+0 (furthest at column 995); tail: tick 65 cycles after the frame close, +0..+56 (spread 56); 0 repeats, 0 skips; last slip col -1; tail slips 0; engage col -1
  [i]  P+66/28-1.1: engaged -2 cycles from the crossing, the close then moved -121..+0 (furthest at column 995); tail: tick 66 cycles after the frame close, +0..+56 (spread 56); 0 repeats, 0 skips; last slip col -1; tail slips 0; engage col -1
  [i]  P+66/28-1.2: engaged -1 cycles from the crossing, the close then moved -121..+0 (furthest at column 995); tail: tick 65 cycles after the frame close, -1..+56 (spread 57); 0 repeats, 0 skips; last slip col -1; tail slips 0; engage col -1
  [i]  P+66/28-1.3: engaged +0 cycles from the crossing, the close then moved -122..+0 (furthest at column 995); tail: tick 65 cycles after the frame close, -1..+56 (spread 57); 0 repeats, 0 skips; last slip col -1; tail slips 0; engage col -1
  [i]  P+66/28+0.0: engaged +0 cycles from the crossing, the close then moved -121..+0 (furthest at column 995); tail: tick 64 cycles after the frame close, +0..+57 (spread 57); 0 repeats, 0 skips; last slip col -1; tail slips 0; engage col -1
  [i]  P+66/28+0.1: engaged +0 cycles from the crossing, the close then moved -121..+0 (furthest at column 995); tail: tick 64 cycles after the frame close, +0..+57 (spread 57); 0 repeats, 0 skips; last slip col -1; tail slips 0; engage col -1
  [i]  P+66/28+0.2: engaged +0 cycles from the crossing, the close then moved -121..+0 (furthest at column 995); tail: tick 64 cycles after the frame close, +0..+56 (spread 56); 0 repeats, 0 skips; last slip col -1; tail slips 0; engage col -1
  [i]  P+66/28+0.3: engaged +0 cycles from the crossing, the close then moved -122..+0 (furthest at column 995); tail: tick 65 cycles after the frame close, -1..+56 (spread 57); 0 repeats, 0 skips; last slip col -1; tail slips 0; engage col -1
  [i]  P+66/28+1.0: engaged +1 cycles from the crossing, the close then moved -1..+0 (furthest at column 0); tail: tick 1041 cycles after the frame close, -1..+1 (spread 2); 0 repeats, 0 skips; last slip col -1; tail slips 0; engage col -1
  [i]  P+66/28+1.1: engaged +0 cycles from the crossing, the close then moved -121..+0 (furthest at column 995); tail: tick 64 cycles after the frame close, +0..+57 (spread 57); 0 repeats, 0 skips; last slip col -1; tail slips 0; engage col -1
  [i]  P+66/28+1.2: engaged +1 cycles from the crossing, the close then moved -1..+1 (furthest at column 0); tail: tick 1041 cycles after the frame close, -1..+0 (spread 1); 0 repeats, 0 skips; last slip col -1; tail slips 0; engage col -1
  [i]  P+66/28+1.3: engaged +2 cycles from the crossing, the close then moved -1..+0 (furthest at column 0); tail: tick 1040 cycles after the frame close, +0..+1 (spread 1); 0 repeats, 0 skips; last slip col -1; tail slips 0; engage col -1
  [i]  P+66/28+2.0: engaged +2 cycles from the crossing, the close then moved -1..+0 (furthest at column 0); tail: tick 1040 cycles after the frame close, -1..+1 (spread 2); 0 repeats, 0 skips; last slip col -1; tail slips 0; engage col -1
  [i]  P+66/28+2.1: engaged +2 cycles from the crossing, the close then moved -1..+0 (furthest at column 70); tail: tick 1040 cycles after the frame close, -1..+1 (spread 2); 0 repeats, 0 skips; last slip col -1; tail slips 0; engage col -1
  [i]  P+66/28+2.2: engaged +2 cycles from the crossing, the close then moved -1..+1 (furthest at column 0); tail: tick 1040 cycles after the frame close, -1..+0 (spread 1); 0 repeats, 0 skips; last slip col -1; tail slips 0; engage col -1
  [i]  P+66/28+2.3: engaged +2 cycles from the crossing, the close then moved -1..+0 (furthest at column 0); tail: tick 1040 cycles after the frame close, +0..+1 (spread 1); 0 repeats, 0 skips; last slip col -1; tail slips 0; engage col -1
  [i]  P+66/28+3.0: engaged +3 cycles from the crossing, the close then moved -1..+0 (furthest at column 0); tail: tick 1039 cycles after the frame close, +0..+1 (spread 1); 0 repeats, 0 skips; last slip col -1; tail slips 0; engage col -1
  [i]  P+66/28+3.1: engaged +2 cycles from the crossing, the close then moved -1..+0 (furthest at column 58); tail: tick 1040 cycles after the frame close, -1..+1 (spread 2); 0 repeats, 0 skips; last slip col -1; tail slips 0; engage col -1
  [i]  P+66/28+3.2: engaged +3 cycles from the crossing, the close then moved -1..+1 (furthest at column 0); tail: tick 1039 cycles after the frame close, -1..+0 (spread 1); 0 repeats, 0 skips; last slip col -1; tail slips 0; engage col -1
  [i]  P+66/28+3.3: engaged +4 cycles from the crossing, the close then moved -2..+0 (furthest at column 406); tail: tick 1038 cycles after the frame close, +0..+1 (spread 1); 0 repeats, 0 skips; last slip col -1; tail slips 0; engage col -1
== capture_coherence: checks: 401   failures: 0 ==
RESULT: PASS

  [i]  calibration, +66 ppm plan: with the TDM clock unheld the first close lands 13 cycles after its tick

[P+66/29] PROBE CRF, +66 ppm plan, every 1 cycles from -1 to +3, 4 quarter-cycle sub-placements, 1000 columns
  [i]  P+66/29-1.0: engaged -1 cycles from the crossing, the close then moved -121..+0 (furthest at column 995); tail: tick 65 cycles after the frame close, +0..+56 (spread 56); 0 repeats, 0 skips; last slip col -1; tail slips 0; engage col -1
  [i]  P+66/29-1.1: engaged -2 cycles from the crossing, the close then moved -121..+0 (furthest at column 995); tail: tick 66 cycles after the frame close, +0..+56 (spread 56); 0 repeats, 0 skips; last slip col -1; tail slips 0; engage col -1
  [i]  P+66/29-1.2: engaged -1 cycles from the crossing, the close then moved -121..+0 (furthest at column 995); tail: tick 65 cycles after the frame close, -1..+56 (spread 57); 0 repeats, 0 skips; last slip col -1; tail slips 0; engage col -1
  [i]  P+66/29-1.3: engaged +0 cycles from the crossing, the close then moved -122..+0 (furthest at column 995); tail: tick 65 cycles after the frame close, -1..+56 (spread 57); 0 repeats, 0 skips; last slip col -1; tail slips 0; engage col -1
  [i]  P+66/29+0.0: engaged +0 cycles from the crossing, the close then moved -121..+0 (furthest at column 995); tail: tick 64 cycles after the frame close, +0..+57 (spread 57); 0 repeats, 0 skips; last slip col -1; tail slips 0; engage col -1
  [i]  P+66/29+0.1: engaged +0 cycles from the crossing, the close then moved -121..+0 (furthest at column 995); tail: tick 64 cycles after the frame close, +0..+57 (spread 57); 0 repeats, 0 skips; last slip col -1; tail slips 0; engage col -1
  [i]  P+66/29+0.2: engaged +0 cycles from the crossing, the close then moved -121..+0 (furthest at column 995); tail: tick 64 cycles after the frame close, +0..+56 (spread 56); 0 repeats, 0 skips; last slip col -1; tail slips 0; engage col -1
  [i]  P+66/29+0.3: engaged +0 cycles from the crossing, the close then moved -122..+0 (furthest at column 995); tail: tick 65 cycles after the frame close, -1..+56 (spread 57); 0 repeats, 0 skips; last slip col -1; tail slips 0; engage col -1
  [i]  P+66/29+1.0: engaged +1 cycles from the crossing, the close then moved -1..+0 (furthest at column 0); tail: tick 1041 cycles after the frame close, -1..+1 (spread 2); 0 repeats, 0 skips; last slip col -1; tail slips 0; engage col -1
  [i]  P+66/29+1.1: engaged +0 cycles from the crossing, the close then moved -121..+0 (furthest at column 995); tail: tick 64 cycles after the frame close, +0..+57 (spread 57); 0 repeats, 0 skips; last slip col -1; tail slips 0; engage col -1
  [i]  P+66/29+1.2: engaged +1 cycles from the crossing, the close then moved -1..+1 (furthest at column 0); tail: tick 1041 cycles after the frame close, -1..+0 (spread 1); 0 repeats, 0 skips; last slip col -1; tail slips 0; engage col -1
  [i]  P+66/29+1.3: engaged +2 cycles from the crossing, the close then moved -1..+0 (furthest at column 0); tail: tick 1040 cycles after the frame close, +0..+1 (spread 1); 0 repeats, 0 skips; last slip col -1; tail slips 0; engage col -1
  [i]  P+66/29+2.0: engaged +2 cycles from the crossing, the close then moved -1..+0 (furthest at column 0); tail: tick 1040 cycles after the frame close, -1..+1 (spread 2); 0 repeats, 0 skips; last slip col -1; tail slips 0; engage col -1
  [i]  P+66/29+2.1: engaged +2 cycles from the crossing, the close then moved -1..+0 (furthest at column 58); tail: tick 1040 cycles after the frame close, -1..+1 (spread 2); 0 repeats, 0 skips; last slip col -1; tail slips 0; engage col -1
  [i]  P+66/29+2.2: engaged +2 cycles from the crossing, the close then moved -1..+1 (furthest at column 0); tail: tick 1040 cycles after the frame close, -1..+0 (spread 1); 0 repeats, 0 skips; last slip col -1; tail slips 0; engage col -1
  [i]  P+66/29+2.3: engaged +2 cycles from the crossing, the close then moved -1..+0 (furthest at column 0); tail: tick 1040 cycles after the frame close, +0..+1 (spread 1); 0 repeats, 0 skips; last slip col -1; tail slips 0; engage col -1
  [i]  P+66/29+3.0: engaged +3 cycles from the crossing, the close then moved -1..+0 (furthest at column 0); tail: tick 1039 cycles after the frame close, +0..+1 (spread 1); 0 repeats, 0 skips; last slip col -1; tail slips 0; engage col -1
  [i]  P+66/29+3.1: engaged +2 cycles from the crossing, the close then moved -1..+0 (furthest at column 52); tail: tick 1040 cycles after the frame close, -1..+1 (spread 2); 0 repeats, 0 skips; last slip col -1; tail slips 0; engage col -1
  [i]  P+66/29+3.2: engaged +3 cycles from the crossing, the close then moved -1..+1 (furthest at column 0); tail: tick 1039 cycles after the frame close, -1..+1 (spread 2); 0 repeats, 0 skips; last slip col -1; tail slips 0; engage col -1
  [i]  P+66/29+3.3: engaged +4 cycles from the crossing, the close then moved -2..+0 (furthest at column 394); tail: tick 1038 cycles after the frame close, +0..+1 (spread 1); 0 repeats, 0 skips; last slip col -1; tail slips 0; engage col -1
== capture_coherence: checks: 401   failures: 0 ==
RESULT: PASS

  [i]  calibration, +66 ppm plan: with the TDM clock unheld the first close lands 13 cycles after its tick

[P+66/30] PROBE CRF, +66 ppm plan, every 1 cycles from -1 to +3, 4 quarter-cycle sub-placements, 1000 columns
  [i]  P+66/30-1.0: engaged -1 cycles from the crossing, the close then moved -121..+0 (furthest at column 995); tail: tick 65 cycles after the frame close, +0..+57 (spread 57); 0 repeats, 0 skips; last slip col -1; tail slips 0; engage col -1
  [i]  P+66/30-1.1: engaged -2 cycles from the crossing, the close then moved -121..+0 (furthest at column 995); tail: tick 66 cycles after the frame close, +0..+56 (spread 56); 0 repeats, 0 skips; last slip col -1; tail slips 0; engage col -1
  [i]  P+66/30-1.2: engaged -1 cycles from the crossing, the close then moved -121..+0 (furthest at column 995); tail: tick 65 cycles after the frame close, -1..+56 (spread 57); 0 repeats, 0 skips; last slip col -1; tail slips 0; engage col -1
  [i]  P+66/30-1.3: engaged +0 cycles from the crossing, the close then moved -122..+0 (furthest at column 995); tail: tick 65 cycles after the frame close, -1..+56 (spread 57); 0 repeats, 0 skips; last slip col -1; tail slips 0; engage col -1
  [i]  P+66/30+0.0: engaged +0 cycles from the crossing, the close then moved -121..+0 (furthest at column 989); tail: tick 64 cycles after the frame close, +0..+57 (spread 57); 0 repeats, 0 skips; last slip col -1; tail slips 0; engage col -1
  [i]  P+66/30+0.1: engaged +0 cycles from the crossing, the close then moved -121..+0 (furthest at column 995); tail: tick 64 cycles after the frame close, +0..+57 (spread 57); 0 repeats, 0 skips; last slip col -1; tail slips 0; engage col -1
  [i]  P+66/30+0.2: engaged +0 cycles from the crossing, the close then moved -121..+0 (furthest at column 995); tail: tick 64 cycles after the frame close, +0..+56 (spread 56); 0 repeats, 0 skips; last slip col -1; tail slips 0; engage col -1
  [i]  P+66/30+0.3: engaged -1 cycles from the crossing, the close then moved -121..+1 (furthest at column 995); tail: tick 65 cycles after the frame close, -1..+56 (spread 57); 0 repeats, 0 skips; last slip col -1; tail slips 0; engage col -1
  [i]  P+66/30+1.0: engaged +1 cycles from the crossing, the close then moved -1..+0 (furthest at column 0); tail: tick 1041 cycles after the frame close, -1..+1 (spread 2); 0 repeats, 0 skips; last slip col -1; tail slips 0; engage col -1
  [i]  P+66/30+1.1: engaged +0 cycles from the crossing, the close then moved -121..+0 (furthest at column 995); tail: tick 64 cycles after the frame close, +0..+57 (spread 57); 0 repeats, 0 skips; last slip col -1; tail slips 0; engage col -1
  [i]  P+66/30+1.2: engaged +1 cycles from the crossing, the close then moved -1..+1 (furthest at column 0); tail: tick 1041 cycles after the frame close, -1..+0 (spread 1); 0 repeats, 0 skips; last slip col -1; tail slips 0; engage col -1
  [i]  P+66/30+1.3: engaged +2 cycles from the crossing, the close then moved -1..+0 (furthest at column 0); tail: tick 1040 cycles after the frame close, +0..+1 (spread 1); 0 repeats, 0 skips; last slip col -1; tail slips 0; engage col -1
  [i]  P+66/30+2.0: engaged +2 cycles from the crossing, the close then moved -1..+0 (furthest at column 0); tail: tick 1040 cycles after the frame close, -1..+1 (spread 2); 0 repeats, 0 skips; last slip col -1; tail slips 0; engage col -1
  [i]  P+66/30+2.1: engaged +2 cycles from the crossing, the close then moved -1..+0 (furthest at column 52); tail: tick 1040 cycles after the frame close, -1..+1 (spread 2); 0 repeats, 0 skips; last slip col -1; tail slips 0; engage col -1
  [i]  P+66/30+2.2: engaged +2 cycles from the crossing, the close then moved -1..+1 (furthest at column 0); tail: tick 1040 cycles after the frame close, -1..+0 (spread 1); 0 repeats, 0 skips; last slip col -1; tail slips 0; engage col -1
  [i]  P+66/30+2.3: engaged +1 cycles from the crossing, the close then moved +0..+1 (furthest at column 0); tail: tick 1040 cycles after the frame close, +0..+1 (spread 1); 0 repeats, 0 skips; last slip col -1; tail slips 0; engage col -1
  [i]  P+66/30+3.0: engaged +3 cycles from the crossing, the close then moved -1..+0 (furthest at column 0); tail: tick 1039 cycles after the frame close, +0..+1 (spread 1); 0 repeats, 0 skips; last slip col -1; tail slips 0; engage col -1
  [i]  P+66/30+3.1: engaged +2 cycles from the crossing, the close then moved -1..+0 (furthest at column 40); tail: tick 1040 cycles after the frame close, -1..+1 (spread 2); 0 repeats, 0 skips; last slip col -1; tail slips 0; engage col -1
  [i]  P+66/30+3.2: engaged +3 cycles from the crossing, the close then moved -1..+1 (furthest at column 0); tail: tick 1039 cycles after the frame close, -1..+1 (spread 2); 0 repeats, 0 skips; last slip col -1; tail slips 0; engage col -1
  [i]  P+66/30+3.3: engaged +4 cycles from the crossing, the close then moved -2..+0 (furthest at column 388); tail: tick 1038 cycles after the frame close, +0..+1 (spread 1); 0 repeats, 0 skips; last slip col -1; tail slips 0; engage col -1
== capture_coherence: checks: 401   failures: 0 ==
RESULT: PASS

  [i]  calibration, +66 ppm plan: with the TDM clock unheld the first close lands 13 cycles after its tick

[P+66/31] PROBE CRF, +66 ppm plan, every 1 cycles from -1 to +3, 4 quarter-cycle sub-placements, 1000 columns
  [i]  P+66/31-1.0: engaged -1 cycles from the crossing, the close then moved -121..+0 (furthest at column 995); tail: tick 66 cycles after the frame close, -1..+56 (spread 57); 0 repeats, 0 skips; last slip col -1; tail slips 0; engage col -1
  [i]  P+66/31-1.1: engaged -2 cycles from the crossing, the close then moved -121..+0 (furthest at column 995); tail: tick 66 cycles after the frame close, +0..+56 (spread 56); 0 repeats, 0 skips; last slip col -1; tail slips 0; engage col -1
  [i]  P+66/31-1.2: engaged -1 cycles from the crossing, the close then moved -121..+0 (furthest at column 995); tail: tick 65 cycles after the frame close, -1..+56 (spread 57); 0 repeats, 0 skips; last slip col -1; tail slips 0; engage col -1
  [i]  P+66/31-1.3: engaged -1 cycles from the crossing, the close then moved -121..+1 (furthest at column 995); tail: tick 65 cycles after the frame close, -1..+56 (spread 57); 0 repeats, 0 skips; last slip col -1; tail slips 0; engage col -1
  [i]  P+66/31+0.0: engaged +0 cycles from the crossing, the close then moved -121..+0 (furthest at column 989); tail: tick 65 cycles after the frame close, -1..+56 (spread 57); 0 repeats, 0 skips; last slip col -1; tail slips 0; engage col -1
  [i]  P+66/31+0.1: engaged +0 cycles from the crossing, the close then moved -121..+0 (furthest at column 995); tail: tick 64 cycles after the frame close, +0..+57 (spread 57); 0 repeats, 0 skips; last slip col -1; tail slips 0; engage col -1
  [i]  P+66/31+0.2: engaged +0 cycles from the crossing, the close then moved -121..+0 (furthest at column 995); tail: tick 64 cycles after the frame close, +0..+56 (spread 56); 0 repeats, 0 skips; last slip col -1; tail slips 0; engage col -1
  [i]  P+66/31+0.3: engaged -1 cycles from the crossing, the close then moved -121..+1 (furthest at column 995); tail: tick 65 cycles after the frame close, -1..+56 (spread 57); 0 repeats, 0 skips; last slip col -1; tail slips 0; engage col -1
  [i]  P+66/31+1.0: engaged +1 cycles from the crossing, the close then moved -1..+0 (furthest at column 0); tail: tick 1041 cycles after the frame close, -1..+1 (spread 2); 0 repeats, 0 skips; last slip col -1; tail slips 0; engage col -1
  [i]  P+66/31+1.1: engaged +0 cycles from the crossing, the close then moved -121..+0 (furthest at column 995); tail: tick 64 cycles after the frame close, +0..+57 (spread 57); 0 repeats, 0 skips; last slip col -1; tail slips 0; engage col -1
  [i]  P+66/31+1.2: engaged +1 cycles from the crossing, the close then moved -1..+1 (furthest at column 0); tail: tick 1041 cycles after the frame close, -1..+0 (spread 1); 0 repeats, 0 skips; last slip col -1; tail slips 0; engage col -1
  [i]  P+66/31+1.3: engaged +1 cycles from the crossing, the close then moved +0..+1 (furthest at column 0); tail: tick 1040 cycles after the frame close, +0..+1 (spread 1); 0 repeats, 0 skips; last slip col -1; tail slips 0; engage col -1
  [i]  P+66/31+2.0: engaged +2 cycles from the crossing, the close then moved -1..+0 (furthest at column 0); tail: tick 1040 cycles after the frame close, -1..+1 (spread 2); 0 repeats, 0 skips; last slip col -1; tail slips 0; engage col -1
  [i]  P+66/31+2.1: engaged +2 cycles from the crossing, the close then moved -1..+0 (furthest at column 40); tail: tick 1040 cycles after the frame close, -1..+1 (spread 2); 0 repeats, 0 skips; last slip col -1; tail slips 0; engage col -1
  [i]  P+66/31+2.2: engaged +2 cycles from the crossing, the close then moved -1..+1 (furthest at column 0); tail: tick 1040 cycles after the frame close, -1..+0 (spread 1); 0 repeats, 0 skips; last slip col -1; tail slips 0; engage col -1
  [i]  P+66/31+2.3: engaged +1 cycles from the crossing, the close then moved +0..+1 (furthest at column 0); tail: tick 1040 cycles after the frame close, +0..+1 (spread 1); 0 repeats, 0 skips; last slip col -1; tail slips 0; engage col -1
  [i]  P+66/31+3.0: engaged +3 cycles from the crossing, the close then moved -1..+0 (furthest at column 0); tail: tick 1039 cycles after the frame close, +0..+1 (spread 1); 0 repeats, 0 skips; last slip col -1; tail slips 0; engage col -1
  [i]  P+66/31+3.1: engaged +2 cycles from the crossing, the close then moved -1..+0 (furthest at column 40); tail: tick 1040 cycles after the frame close, -1..+1 (spread 2); 0 repeats, 0 skips; last slip col -1; tail slips 0; engage col -1
  [i]  P+66/31+3.2: engaged +3 cycles from the crossing, the close then moved -1..+1 (furthest at column 0); tail: tick 1039 cycles after the frame close, -1..+1 (spread 2); 0 repeats, 0 skips; last slip col -1; tail slips 0; engage col -1
  [i]  P+66/31+3.3: engaged +3 cycles from the crossing, the close then moved -1..+1 (furthest at column 0); tail: tick 1038 cycles after the frame close, +0..+1 (spread 1); 0 repeats, 0 skips; last slip col -1; tail slips 0; engage col -1
== capture_coherence: checks: 401   failures: 0 ==
RESULT: PASS

  [i]  calibration, +66 ppm plan: with the TDM clock unheld the first close lands 13 cycles after its tick

[P+66/32] PROBE CRF, +66 ppm plan, every 1 cycles from -1 to +3, 4 quarter-cycle sub-placements, 1000 columns
  [i]  P+66/32-1.0: engaged -1 cycles from the crossing, the close then moved -121..+0 (furthest at column 995); tail: tick 66 cycles after the frame close, -1..+56 (spread 57); 0 repeats, 0 skips; last slip col -1; tail slips 0; engage col -1
  [i]  P+66/32-1.1: engaged -2 cycles from the crossing, the close then moved -121..+0 (furthest at column 995); tail: tick 66 cycles after the frame close, +0..+56 (spread 56); 0 repeats, 0 skips; last slip col -1; tail slips 0; engage col -1
  [i]  P+66/32-1.2: engaged -1 cycles from the crossing, the close then moved -121..+0 (furthest at column 995); tail: tick 65 cycles after the frame close, -1..+56 (spread 57); 0 repeats, 0 skips; last slip col -1; tail slips 0; engage col -1
  [i]  P+66/32-1.3: engaged -1 cycles from the crossing, the close then moved -121..+1 (furthest at column 995); tail: tick 65 cycles after the frame close, -1..+56 (spread 57); 0 repeats, 0 skips; last slip col -1; tail slips 0; engage col -1
  [i]  P+66/32+0.0: engaged +0 cycles from the crossing, the close then moved -121..+0 (furthest at column 989); tail: tick 65 cycles after the frame close, -1..+56 (spread 57); 0 repeats, 0 skips; last slip col -1; tail slips 0; engage col -1
  [i]  P+66/32+0.1: engaged +0 cycles from the crossing, the close then moved -121..+0 (furthest at column 995); tail: tick 64 cycles after the frame close, +0..+57 (spread 57); 0 repeats, 0 skips; last slip col -1; tail slips 0; engage col -1
  [i]  P+66/32+0.2: engaged +0 cycles from the crossing, the close then moved -121..+0 (furthest at column 995); tail: tick 64 cycles after the frame close, +0..+56 (spread 56); 0 repeats, 0 skips; last slip col -1; tail slips 0; engage col -1
  [i]  P+66/32+0.3: engaged -1 cycles from the crossing, the close then moved -121..+1 (furthest at column 995); tail: tick 65 cycles after the frame close, -1..+56 (spread 57); 0 repeats, 0 skips; last slip col -1; tail slips 0; engage col -1
  [i]  P+66/32+1.0: engaged +1 cycles from the crossing, the close then moved -1..+0 (furthest at column 0); tail: tick 1041 cycles after the frame close, -1..+1 (spread 2); 0 repeats, 0 skips; last slip col -1; tail slips 0; engage col -1
  [i]  P+66/32+1.1: engaged +0 cycles from the crossing, the close then moved -121..+0 (furthest at column 995); tail: tick 64 cycles after the frame close, +0..+57 (spread 57); 0 repeats, 0 skips; last slip col -1; tail slips 0; engage col -1
  [i]  P+66/32+1.2: engaged +1 cycles from the crossing, the close then moved -1..+1 (furthest at column 0); tail: tick 1041 cycles after the frame close, -1..+0 (spread 1); 0 repeats, 0 skips; last slip col -1; tail slips 0; engage col -1
  [i]  P+66/32+1.3: engaged +1 cycles from the crossing, the close then moved +0..+1 (furthest at column 0); tail: tick 1040 cycles after the frame close, +0..+1 (spread 1); 0 repeats, 0 skips; last slip col -1; tail slips 0; engage col -1
  [i]  P+66/32+2.0: engaged +2 cycles from the crossing, the close then moved -1..+0 (furthest at column 0); tail: tick 1040 cycles after the frame close, -1..+1 (spread 2); 0 repeats, 0 skips; last slip col -1; tail slips 0; engage col -1
  [i]  P+66/32+2.1: engaged +2 cycles from the crossing, the close then moved -1..+0 (furthest at column 40); tail: tick 1040 cycles after the frame close, -1..+1 (spread 2); 0 repeats, 0 skips; last slip col -1; tail slips 0; engage col -1
  [i]  P+66/32+2.2: engaged +2 cycles from the crossing, the close then moved -1..+1 (furthest at column 0); tail: tick 1040 cycles after the frame close, -1..+0 (spread 1); 0 repeats, 0 skips; last slip col -1; tail slips 0; engage col -1
  [i]  P+66/32+2.3: engaged +1 cycles from the crossing, the close then moved +0..+1 (furthest at column 0); tail: tick 1040 cycles after the frame close, +0..+1 (spread 1); 0 repeats, 0 skips; last slip col -1; tail slips 0; engage col -1
  [i]  P+66/32+3.0: engaged +3 cycles from the crossing, the close then moved -1..+0 (furthest at column 0); tail: tick 1039 cycles after the frame close, +0..+1 (spread 1); 0 repeats, 0 skips; last slip col -1; tail slips 0; engage col -1
  [i]  P+66/32+3.1: engaged +2 cycles from the crossing, the close then moved -1..+0 (furthest at column 28); tail: tick 1040 cycles after the frame close, -1..+1 (spread 2); 0 repeats, 0 skips; last slip col -1; tail slips 0; engage col -1
  [i]  P+66/32+3.2: engaged +3 cycles from the crossing, the close then moved -1..+1 (furthest at column 0); tail: tick 1039 cycles after the frame close, -1..+1 (spread 2); 0 repeats, 0 skips; last slip col -1; tail slips 0; engage col -1
  [i]  P+66/32+3.3: engaged +3 cycles from the crossing, the close then moved -1..+1 (furthest at column 0); tail: tick 1038 cycles after the frame close, +0..+1 (spread 1); 0 repeats, 0 skips; last slip col -1; tail slips 0; engage col -1
== capture_coherence: checks: 401   failures: 0 ==
RESULT: PASS

  [i]  calibration, +66 ppm plan: with the TDM clock unheld the first close lands 13 cycles after its tick

[P+66/33] PROBE CRF, +66 ppm plan, every 1 cycles from -1 to +3, 4 quarter-cycle sub-placements, 1000 columns
  [i]  P+66/33-1.0: engaged -1 cycles from the crossing, the close then moved -121..+0 (furthest at column 995); tail: tick 66 cycles after the frame close, -1..+56 (spread 57); 0 repeats, 0 skips; last slip col -1; tail slips 0; engage col -1
  [i]  P+66/33-1.1: engaged -2 cycles from the crossing, the close then moved -121..+0 (furthest at column 995); tail: tick 66 cycles after the frame close, +0..+56 (spread 56); 0 repeats, 0 skips; last slip col -1; tail slips 0; engage col -1
  [i]  P+66/33-1.2: engaged -1 cycles from the crossing, the close then moved -121..+0 (furthest at column 995); tail: tick 65 cycles after the frame close, -1..+56 (spread 57); 0 repeats, 0 skips; last slip col -1; tail slips 0; engage col -1
  [i]  P+66/33-1.3: engaged -1 cycles from the crossing, the close then moved -121..+1 (furthest at column 995); tail: tick 65 cycles after the frame close, -1..+56 (spread 57); 0 repeats, 0 skips; last slip col -1; tail slips 0; engage col -1
  [i]  P+66/33+0.0: engaged +0 cycles from the crossing, the close then moved -121..+0 (furthest at column 989); tail: tick 65 cycles after the frame close, -1..+56 (spread 57); 0 repeats, 0 skips; last slip col -1; tail slips 0; engage col -1
  [i]  P+66/33+0.1: engaged +0 cycles from the crossing, the close then moved -121..+0 (furthest at column 995); tail: tick 64 cycles after the frame close, +0..+57 (spread 57); 0 repeats, 0 skips; last slip col -1; tail slips 0; engage col -1
  [i]  P+66/33+0.2: engaged +0 cycles from the crossing, the close then moved -121..+0 (furthest at column 995); tail: tick 64 cycles after the frame close, +0..+56 (spread 56); 0 repeats, 0 skips; last slip col -1; tail slips 0; engage col -1
  [i]  P+66/33+0.3: engaged -1 cycles from the crossing, the close then moved -121..+1 (furthest at column 995); tail: tick 65 cycles after the frame close, -1..+56 (spread 57); 0 repeats, 0 skips; last slip col -1; tail slips 0; engage col -1
  [i]  P+66/33+1.0: engaged +1 cycles from the crossing, the close then moved -1..+0 (furthest at column 0); tail: tick 1041 cycles after the frame close, -1..+1 (spread 2); 0 repeats, 0 skips; last slip col -1; tail slips 0; engage col -1
  [i]  P+66/33+1.1: engaged +0 cycles from the crossing, the close then moved -121..+0 (furthest at column 995); tail: tick 64 cycles after the frame close, +0..+57 (spread 57); 0 repeats, 0 skips; last slip col -1; tail slips 0; engage col -1
  [i]  P+66/33+1.2: engaged +1 cycles from the crossing, the close then moved -1..+1 (furthest at column 0); tail: tick 1041 cycles after the frame close, -1..+0 (spread 1); 0 repeats, 0 skips; last slip col -1; tail slips 0; engage col -1
  [i]  P+66/33+1.3: engaged +1 cycles from the crossing, the close then moved +0..+1 (furthest at column 0); tail: tick 1040 cycles after the frame close, +0..+1 (spread 1); 0 repeats, 0 skips; last slip col -1; tail slips 0; engage col -1
  [i]  P+66/33+2.0: engaged +2 cycles from the crossing, the close then moved -1..+0 (furthest at column 0); tail: tick 1040 cycles after the frame close, -1..+1 (spread 2); 0 repeats, 0 skips; last slip col -1; tail slips 0; engage col -1
  [i]  P+66/33+2.1: engaged +2 cycles from the crossing, the close then moved -1..+0 (furthest at column 28); tail: tick 1040 cycles after the frame close, -1..+1 (spread 2); 0 repeats, 0 skips; last slip col -1; tail slips 0; engage col -1
  [i]  P+66/33+2.2: engaged +2 cycles from the crossing, the close then moved -1..+1 (furthest at column 0); tail: tick 1040 cycles after the frame close, -1..+0 (spread 1); 0 repeats, 0 skips; last slip col -1; tail slips 0; engage col -1
  [i]  P+66/33+2.3: engaged +1 cycles from the crossing, the close then moved +0..+1 (furthest at column 0); tail: tick 1040 cycles after the frame close, +0..+1 (spread 1); 0 repeats, 0 skips; last slip col -1; tail slips 0; engage col -1
  [i]  P+66/33+3.0: engaged +3 cycles from the crossing, the close then moved -1..+0 (furthest at column 0); tail: tick 1039 cycles after the frame close, +0..+1 (spread 1); 0 repeats, 0 skips; last slip col -1; tail slips 0; engage col -1
  [i]  P+66/33+3.1: engaged +2 cycles from the crossing, the close then moved -1..+0 (furthest at column 22); tail: tick 1040 cycles after the frame close, -1..+1 (spread 2); 0 repeats, 0 skips; last slip col -1; tail slips 0; engage col -1
  [i]  P+66/33+3.2: engaged +3 cycles from the crossing, the close then moved -1..+1 (furthest at column 0); tail: tick 1039 cycles after the frame close, -1..+1 (spread 2); 0 repeats, 0 skips; last slip col -1; tail slips 0; engage col -1
  [i]  P+66/33+3.3: engaged +3 cycles from the crossing, the close then moved -1..+1 (furthest at column 0); tail: tick 1038 cycles after the frame close, +0..+1 (spread 1); 0 repeats, 0 skips; last slip col -1; tail slips 0; engage col -1
== capture_coherence: checks: 401   failures: 0 ==
RESULT: PASS

  [i]  calibration, +66 ppm plan: with the TDM clock unheld the first close lands 13 cycles after its tick

[P+66/34] PROBE CRF, +66 ppm plan, every 1 cycles from -1 to +3, 4 quarter-cycle sub-placements, 1000 columns
  [i]  P+66/34-1.0: engaged -1 cycles from the crossing, the close then moved -121..+0 (furthest at column 995); tail: tick 66 cycles after the frame close, -1..+56 (spread 57); 0 repeats, 0 skips; last slip col -1; tail slips 0; engage col -1
  [i]  P+66/34-1.1: engaged -2 cycles from the crossing, the close then moved -121..+0 (furthest at column 995); tail: tick 66 cycles after the frame close, +0..+56 (spread 56); 0 repeats, 0 skips; last slip col -1; tail slips 0; engage col -1
  [i]  P+66/34-1.2: engaged -1 cycles from the crossing, the close then moved -121..+0 (furthest at column 995); tail: tick 65 cycles after the frame close, -1..+56 (spread 57); 0 repeats, 0 skips; last slip col -1; tail slips 0; engage col -1
  [i]  P+66/34-1.3: engaged -1 cycles from the crossing, the close then moved -121..+1 (furthest at column 995); tail: tick 65 cycles after the frame close, -1..+56 (spread 57); 0 repeats, 0 skips; last slip col -1; tail slips 0; engage col -1
  [i]  P+66/34+0.0: engaged +0 cycles from the crossing, the close then moved -121..+0 (furthest at column 989); tail: tick 65 cycles after the frame close, -1..+56 (spread 57); 0 repeats, 0 skips; last slip col -1; tail slips 0; engage col -1
  [i]  P+66/34+0.1: engaged +0 cycles from the crossing, the close then moved -121..+0 (furthest at column 995); tail: tick 64 cycles after the frame close, +0..+57 (spread 57); 0 repeats, 0 skips; last slip col -1; tail slips 0; engage col -1
  [i]  P+66/34+0.2: engaged +0 cycles from the crossing, the close then moved -121..+0 (furthest at column 995); tail: tick 64 cycles after the frame close, +0..+56 (spread 56); 0 repeats, 0 skips; last slip col -1; tail slips 0; engage col -1
  [i]  P+66/34+0.3: engaged -1 cycles from the crossing, the close then moved -121..+1 (furthest at column 995); tail: tick 65 cycles after the frame close, -1..+56 (spread 57); 0 repeats, 0 skips; last slip col -1; tail slips 0; engage col -1
  [i]  P+66/34+1.0: engaged +1 cycles from the crossing, the close then moved -1..+0 (furthest at column 0); tail: tick 1041 cycles after the frame close, -1..+1 (spread 2); 0 repeats, 0 skips; last slip col -1; tail slips 0; engage col -1
  [i]  P+66/34+1.1: engaged +0 cycles from the crossing, the close then moved -121..+0 (furthest at column 995); tail: tick 64 cycles after the frame close, +0..+57 (spread 57); 0 repeats, 0 skips; last slip col -1; tail slips 0; engage col -1
  [i]  P+66/34+1.2: engaged +1 cycles from the crossing, the close then moved -1..+1 (furthest at column 0); tail: tick 1041 cycles after the frame close, -1..+0 (spread 1); 0 repeats, 0 skips; last slip col -1; tail slips 0; engage col -1
  [i]  P+66/34+1.3: engaged +1 cycles from the crossing, the close then moved +0..+1 (furthest at column 0); tail: tick 1040 cycles after the frame close, +0..+1 (spread 1); 0 repeats, 0 skips; last slip col -1; tail slips 0; engage col -1
  [i]  P+66/34+2.0: engaged +2 cycles from the crossing, the close then moved -1..+0 (furthest at column 0); tail: tick 1040 cycles after the frame close, +0..+1 (spread 1); 0 repeats, 0 skips; last slip col -1; tail slips 0; engage col -1
  [i]  P+66/34+2.1: engaged +2 cycles from the crossing, the close then moved -1..+0 (furthest at column 22); tail: tick 1040 cycles after the frame close, -1..+1 (spread 2); 0 repeats, 0 skips; last slip col -1; tail slips 0; engage col -1
  [i]  P+66/34+2.2: engaged +2 cycles from the crossing, the close then moved -1..+1 (furthest at column 0); tail: tick 1040 cycles after the frame close, -1..+0 (spread 1); 0 repeats, 0 skips; last slip col -1; tail slips 0; engage col -1
  [i]  P+66/34+2.3: engaged +1 cycles from the crossing, the close then moved -1..+1 (furthest at column 0); tail: tick 1040 cycles after the frame close, +0..+1 (spread 1); 0 repeats, 0 skips; last slip col -1; tail slips 0; engage col -1
  [i]  P+66/34+3.0: engaged +3 cycles from the crossing, the close then moved -1..+0 (furthest at column 0); tail: tick 1039 cycles after the frame close, +0..+1 (spread 1); 0 repeats, 0 skips; last slip col -1; tail slips 0; engage col -1
  [i]  P+66/34+3.1: engaged +2 cycles from the crossing, the close then moved -1..+0 (furthest at column 10); tail: tick 1040 cycles after the frame close, -1..+1 (spread 2); 0 repeats, 0 skips; last slip col -1; tail slips 0; engage col -1
  [i]  P+66/34+3.2: engaged +3 cycles from the crossing, the close then moved -1..+1 (furthest at column 0); tail: tick 1039 cycles after the frame close, -1..+1 (spread 2); 0 repeats, 0 skips; last slip col -1; tail slips 0; engage col -1
  [i]  P+66/34+3.3: engaged +3 cycles from the crossing, the close then moved -1..+1 (furthest at column 0); tail: tick 1038 cycles after the frame close, +0..+1 (spread 1); 0 repeats, 0 skips; last slip col -1; tail slips 0; engage col -1
== capture_coherence: checks: 401   failures: 0 ==
RESULT: PASS

  [i]  calibration, +66 ppm plan: with the TDM clock unheld the first close lands 13 cycles after its tick

[P+66/35] PROBE CRF, +66 ppm plan, every 1 cycles from -1 to +3, 4 quarter-cycle sub-placements, 1000 columns
  [i]  P+66/35-1.0: engaged -1 cycles from the crossing, the close then moved -121..+0 (furthest at column 995); tail: tick 66 cycles after the frame close, -1..+56 (spread 57); 0 repeats, 0 skips; last slip col -1; tail slips 0; engage col -1
  [i]  P+66/35-1.1: engaged -2 cycles from the crossing, the close then moved -121..+0 (furthest at column 995); tail: tick 66 cycles after the frame close, +0..+56 (spread 56); 0 repeats, 0 skips; last slip col -1; tail slips 0; engage col -1
  [i]  P+66/35-1.2: engaged -1 cycles from the crossing, the close then moved -121..+0 (furthest at column 995); tail: tick 65 cycles after the frame close, -1..+56 (spread 57); 0 repeats, 0 skips; last slip col -1; tail slips 0; engage col -1
  [i]  P+66/35-1.3: engaged -1 cycles from the crossing, the close then moved -121..+1 (furthest at column 995); tail: tick 65 cycles after the frame close, -1..+56 (spread 57); 0 repeats, 0 skips; last slip col -1; tail slips 0; engage col -1
  [i]  P+66/35+0.0: engaged +0 cycles from the crossing, the close then moved -121..+0 (furthest at column 989); tail: tick 65 cycles after the frame close, -1..+56 (spread 57); 0 repeats, 0 skips; last slip col -1; tail slips 0; engage col -1
  [i]  P+66/35+0.1: engaged +0 cycles from the crossing, the close then moved -121..+0 (furthest at column 995); tail: tick 64 cycles after the frame close, +0..+57 (spread 57); 0 repeats, 0 skips; last slip col -1; tail slips 0; engage col -1
  [i]  P+66/35+0.2: engaged +0 cycles from the crossing, the close then moved -121..+0 (furthest at column 995); tail: tick 64 cycles after the frame close, +0..+56 (spread 56); 0 repeats, 0 skips; last slip col -1; tail slips 0; engage col -1
  [i]  P+66/35+0.3: engaged -1 cycles from the crossing, the close then moved -121..+1 (furthest at column 995); tail: tick 65 cycles after the frame close, -1..+56 (spread 57); 0 repeats, 0 skips; last slip col -1; tail slips 0; engage col -1
  [i]  P+66/35+1.0: engaged +1 cycles from the crossing, the close then moved -1..+0 (furthest at column 0); tail: tick 1041 cycles after the frame close, -1..+1 (spread 2); 0 repeats, 0 skips; last slip col -1; tail slips 0; engage col -1
  [i]  P+66/35+1.1: engaged +0 cycles from the crossing, the close then moved -121..+0 (furthest at column 995); tail: tick 64 cycles after the frame close, +0..+57 (spread 57); 0 repeats, 0 skips; last slip col -1; tail slips 0; engage col -1
  [i]  P+66/35+1.2: engaged +1 cycles from the crossing, the close then moved -1..+1 (furthest at column 0); tail: tick 1041 cycles after the frame close, -1..+0 (spread 1); 0 repeats, 0 skips; last slip col -1; tail slips 0; engage col -1
  [i]  P+66/35+1.3: engaged +1 cycles from the crossing, the close then moved -1..+1 (furthest at column 0); tail: tick 1040 cycles after the frame close, +0..+1 (spread 1); 0 repeats, 0 skips; last slip col -1; tail slips 0; engage col -1
  [i]  P+66/35+2.0: engaged +2 cycles from the crossing, the close then moved -1..+0 (furthest at column 0); tail: tick 1040 cycles after the frame close, +0..+1 (spread 1); 0 repeats, 0 skips; last slip col -1; tail slips 0; engage col -1
  [i]  P+66/35+2.1: engaged +2 cycles from the crossing, the close then moved -1..+0 (furthest at column 10); tail: tick 1040 cycles after the frame close, -1..+1 (spread 2); 0 repeats, 0 skips; last slip col -1; tail slips 0; engage col -1
  [i]  P+66/35+2.2: engaged +2 cycles from the crossing, the close then moved -1..+1 (furthest at column 0); tail: tick 1040 cycles after the frame close, -1..+0 (spread 1); 0 repeats, 0 skips; last slip col -1; tail slips 0; engage col -1
  [i]  P+66/35+2.3: engaged +1 cycles from the crossing, the close then moved -1..+1 (furthest at column 0); tail: tick 1040 cycles after the frame close, +0..+1 (spread 1); 0 repeats, 0 skips; last slip col -1; tail slips 0; engage col -1
  [i]  P+66/35+3.0: engaged +3 cycles from the crossing, the close then moved -1..+0 (furthest at column 0); tail: tick 1039 cycles after the frame close, +0..+1 (spread 1); 0 repeats, 0 skips; last slip col -1; tail slips 0; engage col -1
  [i]  P+66/35+3.1: engaged +2 cycles from the crossing, the close then moved -1..+0 (furthest at column 4); tail: tick 1040 cycles after the frame close, -1..+1 (spread 2); 0 repeats, 0 skips; last slip col -1; tail slips 0; engage col -1
  [i]  P+66/35+3.2: engaged +3 cycles from the crossing, the close then moved -1..+1 (furthest at column 0); tail: tick 1039 cycles after the frame close, -1..+1 (spread 2); 0 repeats, 0 skips; last slip col -1; tail slips 0; engage col -1
  [i]  P+66/35+3.3: engaged +3 cycles from the crossing, the close then moved -1..+1 (furthest at column 0); tail: tick 1038 cycles after the frame close, +0..+1 (spread 1); 0 repeats, 0 skips; last slip col -1; tail slips 0; engage col -1
== capture_coherence: checks: 401   failures: 0 ==
RESULT: PASS

  [i]  calibration, +66 ppm plan: with the TDM clock unheld the first close lands 13 cycles after its tick

[P+66/36] PROBE CRF, +66 ppm plan, every 1 cycles from -1 to +3, 4 quarter-cycle sub-placements, 1000 columns
  [i]  P+66/36-1.0: engaged -1 cycles from the crossing, the close then moved -121..+0 (furthest at column 995); tail: tick 66 cycles after the frame close, -1..+56 (spread 57); 0 repeats, 0 skips; last slip col -1; tail slips 0; engage col -1
  [i]  P+66/36-1.1: engaged -2 cycles from the crossing, the close then moved -121..+0 (furthest at column 995); tail: tick 66 cycles after the frame close, +0..+56 (spread 56); 0 repeats, 0 skips; last slip col -1; tail slips 0; engage col -1
  [i]  P+66/36-1.2: engaged -1 cycles from the crossing, the close then moved -121..+0 (furthest at column 995); tail: tick 65 cycles after the frame close, -1..+57 (spread 58); 0 repeats, 0 skips; last slip col -1; tail slips 0; engage col -1
  [i]  P+66/36-1.3: engaged -1 cycles from the crossing, the close then moved -121..+1 (furthest at column 995); tail: tick 65 cycles after the frame close, -1..+56 (spread 57); 0 repeats, 0 skips; last slip col -1; tail slips 0; engage col -1
  [i]  P+66/36+0.0: engaged +0 cycles from the crossing, the close then moved -121..+0 (furthest at column 989); tail: tick 65 cycles after the frame close, -1..+56 (spread 57); 0 repeats, 0 skips; last slip col -1; tail slips 0; engage col -1
  [i]  P+66/36+0.1: engaged +0 cycles from the crossing, the close then moved -121..+0 (furthest at column 995); tail: tick 64 cycles after the frame close, +0..+57 (spread 57); 0 repeats, 0 skips; last slip col -1; tail slips 0; engage col -1
  [i]  P+66/36+0.2: engaged +0 cycles from the crossing, the close then moved -121..+0 (furthest at column 989); tail: tick 64 cycles after the frame close, +0..+57 (spread 57); 0 repeats, 0 skips; last slip col -1; tail slips 0; engage col -1
  [i]  P+66/36+0.3: engaged -1 cycles from the crossing, the close then moved -121..+1 (furthest at column 995); tail: tick 65 cycles after the frame close, -1..+56 (spread 57); 0 repeats, 0 skips; last slip col -1; tail slips 0; engage col -1
  [i]  P+66/36+1.0: engaged +1 cycles from the crossing, the close then moved -1..+0 (furthest at column 0); tail: tick 1041 cycles after the frame close, -1..+1 (spread 2); 0 repeats, 0 skips; last slip col -1; tail slips 0; engage col -1
  [i]  P+66/36+1.1: engaged +0 cycles from the crossing, the close then moved -121..+0 (furthest at column 995); tail: tick 64 cycles after the frame close, +0..+57 (spread 57); 0 repeats, 0 skips; last slip col -1; tail slips 0; engage col -1
  [i]  P+66/36+1.2: engaged +1 cycles from the crossing, the close then moved -1..+1 (furthest at column 0); tail: tick 1041 cycles after the frame close, -1..+0 (spread 1); 0 repeats, 0 skips; last slip col -1; tail slips 0; engage col -1
  [i]  P+66/36+1.3: engaged +1 cycles from the crossing, the close then moved -1..+1 (furthest at column 0); tail: tick 1040 cycles after the frame close, +0..+1 (spread 1); 0 repeats, 0 skips; last slip col -1; tail slips 0; engage col -1
  [i]  P+66/36+2.0: engaged +2 cycles from the crossing, the close then moved -1..+0 (furthest at column 0); tail: tick 1040 cycles after the frame close, +0..+1 (spread 1); 0 repeats, 0 skips; last slip col -1; tail slips 0; engage col -1
  [i]  P+66/36+2.1: engaged +2 cycles from the crossing, the close then moved -1..+0 (furthest at column 10); tail: tick 1040 cycles after the frame close, -1..+1 (spread 2); 0 repeats, 0 skips; last slip col -1; tail slips 0; engage col -1
  [i]  P+66/36+2.2: engaged +2 cycles from the crossing, the close then moved -1..+1 (furthest at column 0); tail: tick 1040 cycles after the frame close, -1..+0 (spread 1); 0 repeats, 0 skips; last slip col -1; tail slips 0; engage col -1
  [i]  P+66/36+2.3: engaged +1 cycles from the crossing, the close then moved -1..+1 (furthest at column 0); tail: tick 1040 cycles after the frame close, +0..+1 (spread 1); 0 repeats, 0 skips; last slip col -1; tail slips 0; engage col -1
  [i]  P+66/36+3.0: engaged +3 cycles from the crossing, the close then moved -1..+0 (furthest at column 0); tail: tick 1039 cycles after the frame close, +0..+1 (spread 1); 0 repeats, 0 skips; last slip col -1; tail slips 0; engage col -1
  [i]  P+66/36+3.1: engaged +2 cycles from the crossing, the close then moved -1..+0 (furthest at column 0); tail: tick 1040 cycles after the frame close, -1..+1 (spread 2); 0 repeats, 0 skips; last slip col -1; tail slips 0; engage col -1
  [i]  P+66/36+3.2: engaged +3 cycles from the crossing, the close then moved -1..+1 (furthest at column 0); tail: tick 1039 cycles after the frame close, -1..+1 (spread 2); 0 repeats, 0 skips; last slip col -1; tail slips 0; engage col -1
  [i]  P+66/36+3.3: engaged +2 cycles from the crossing, the close then moved -1..+1 (furthest at column 0); tail: tick 1039 cycles after the frame close, +0..+1 (spread 1); 0 repeats, 0 skips; last slip col -1; tail slips 0; engage col -1
== capture_coherence: checks: 401   failures: 0 ==
RESULT: PASS

  [i]  calibration, +66 ppm plan: with the TDM clock unheld the first close lands 13 cycles after its tick

[P+66/37] PROBE CRF, +66 ppm plan, every 1 cycles from -1 to +3, 4 quarter-cycle sub-placements, 1000 columns
  [i]  P+66/37-1.0: engaged -1 cycles from the crossing, the close then moved -121..+0 (furthest at column 995); tail: tick 66 cycles after the frame close, -1..+56 (spread 57); 0 repeats, 0 skips; last slip col -1; tail slips 0; engage col -1
  [i]  P+66/37-1.1: engaged -2 cycles from the crossing, the close then moved -121..+0 (furthest at column 995); tail: tick 66 cycles after the frame close, +0..+56 (spread 56); 0 repeats, 0 skips; last slip col -1; tail slips 0; engage col -1
  [i]  P+66/37-1.2: engaged -1 cycles from the crossing, the close then moved -121..+0 (furthest at column 995); tail: tick 65 cycles after the frame close, +0..+57 (spread 57); 0 repeats, 0 skips; last slip col -1; tail slips 0; engage col -1
  [i]  P+66/37-1.3: engaged -1 cycles from the crossing, the close then moved -121..+1 (furthest at column 995); tail: tick 65 cycles after the frame close, -1..+56 (spread 57); 0 repeats, 0 skips; last slip col -1; tail slips 0; engage col -1
  [i]  P+66/37+0.0: engaged +0 cycles from the crossing, the close then moved -121..+0 (furthest at column 989); tail: tick 65 cycles after the frame close, -1..+56 (spread 57); 0 repeats, 0 skips; last slip col -1; tail slips 0; engage col -1
  [i]  P+66/37+0.1: engaged +0 cycles from the crossing, the close then moved -121..+0 (furthest at column 995); tail: tick 64 cycles after the frame close, +0..+57 (spread 57); 0 repeats, 0 skips; last slip col -1; tail slips 0; engage col -1
  [i]  P+66/37+0.2: engaged +0 cycles from the crossing, the close then moved -121..+0 (furthest at column 989); tail: tick 64 cycles after the frame close, +0..+57 (spread 57); 0 repeats, 0 skips; last slip col -1; tail slips 0; engage col -1
  [i]  P+66/37+0.3: engaged -1 cycles from the crossing, the close then moved -121..+1 (furthest at column 995); tail: tick 65 cycles after the frame close, -1..+56 (spread 57); 0 repeats, 0 skips; last slip col -1; tail slips 0; engage col -1
  [i]  P+66/37+1.0: engaged +1 cycles from the crossing, the close then moved -1..+0 (furthest at column 0); tail: tick 1041 cycles after the frame close, -1..+1 (spread 2); 0 repeats, 0 skips; last slip col -1; tail slips 0; engage col -1
  [i]  P+66/37+1.1: engaged +0 cycles from the crossing, the close then moved -121..+0 (furthest at column 995); tail: tick 64 cycles after the frame close, +0..+57 (spread 57); 0 repeats, 0 skips; last slip col -1; tail slips 0; engage col -1
  [i]  P+66/37+1.2: engaged +1 cycles from the crossing, the close then moved -1..+1 (furthest at column 0); tail: tick 1041 cycles after the frame close, -1..+0 (spread 1); 0 repeats, 0 skips; last slip col -1; tail slips 0; engage col -1
  [i]  P+66/37+1.3: engaged +1 cycles from the crossing, the close then moved -1..+1 (furthest at column 0); tail: tick 1040 cycles after the frame close, +0..+1 (spread 1); 0 repeats, 0 skips; last slip col -1; tail slips 0; engage col -1
  [i]  P+66/37+2.0: engaged +2 cycles from the crossing, the close then moved -1..+0 (furthest at column 0); tail: tick 1040 cycles after the frame close, +0..+1 (spread 1); 0 repeats, 0 skips; last slip col -1; tail slips 0; engage col -1
  [i]  P+66/37+2.1: engaged +2 cycles from the crossing, the close then moved -1..+0 (furthest at column 0); tail: tick 1040 cycles after the frame close, -1..+1 (spread 2); 0 repeats, 0 skips; last slip col -1; tail slips 0; engage col -1
  [i]  P+66/37+2.2: engaged +2 cycles from the crossing, the close then moved -1..+1 (furthest at column 0); tail: tick 1040 cycles after the frame close, -1..+0 (spread 1); 0 repeats, 0 skips; last slip col -1; tail slips 0; engage col -1
  [i]  P+66/37+2.3: engaged +2 cycles from the crossing, the close then moved -1..+1 (furthest at column 0); tail: tick 1039 cycles after the frame close, +0..+1 (spread 1); 0 repeats, 0 skips; last slip col -1; tail slips 0; engage col -1
  [i]  P+66/37+3.0: engaged +2 cycles from the crossing, the close then moved -1..+0 (furthest at column 0); tail: tick 1040 cycles after the frame close, +0..+1 (spread 1); 0 repeats, 0 skips; last slip col -1; tail slips 0; engage col -1
  [i]  P+66/37+3.1: engaged +3 cycles from the crossing, the close then moved -1..+0 (furthest at column 0); tail: tick 1039 cycles after the frame close, +0..+1 (spread 1); 0 repeats, 0 skips; last slip col -1; tail slips 0; engage col -1
  [i]  P+66/37+3.2: engaged +2 cycles from the crossing, the close then moved -1..+1 (furthest at column 0); tail: tick 1040 cycles after the frame close, -1..+0 (spread 1); 0 repeats, 0 skips; last slip col -1; tail slips 0; engage col -1
  [i]  P+66/37+3.3: engaged +3 cycles from the crossing, the close then moved -1..+1 (furthest at column 0); tail: tick 1038 cycles after the frame close, +0..+1 (spread 1); 0 repeats, 0 skips; last slip col -1; tail slips 0; engage col -1
== capture_coherence: checks: 401   failures: 0 ==
RESULT: PASS

  [i]  calibration, +66 ppm plan: with the TDM clock unheld the first close lands 13 cycles after its tick

[P+66/38] PROBE CRF, +66 ppm plan, every 1 cycles from -1 to +3, 4 quarter-cycle sub-placements, 1000 columns
  [i]  P+66/38-1.0: engaged -1 cycles from the crossing, the close then moved -121..+0 (furthest at column 995); tail: tick 66 cycles after the frame close, -1..+56 (spread 57); 0 repeats, 0 skips; last slip col -1; tail slips 0; engage col -1
  [i]  P+66/38-1.1: engaged -2 cycles from the crossing, the close then moved -121..+0 (furthest at column 995); tail: tick 66 cycles after the frame close, +0..+56 (spread 56); 0 repeats, 0 skips; last slip col -1; tail slips 0; engage col -1
  [i]  P+66/38-1.2: engaged -1 cycles from the crossing, the close then moved -121..+0 (furthest at column 995); tail: tick 65 cycles after the frame close, +0..+56 (spread 56); 0 repeats, 0 skips; last slip col -1; tail slips 0; engage col -1
  [i]  P+66/38-1.3: engaged -1 cycles from the crossing, the close then moved -121..+1 (furthest at column 995); tail: tick 65 cycles after the frame close, -1..+56 (spread 57); 0 repeats, 0 skips; last slip col -1; tail slips 0; engage col -1
  [i]  P+66/38+0.0: engaged +0 cycles from the crossing, the close then moved -121..+0 (furthest at column 989); tail: tick 65 cycles after the frame close, -1..+56 (spread 57); 0 repeats, 0 skips; last slip col -1; tail slips 0; engage col -1
  [i]  P+66/38+0.1: engaged +0 cycles from the crossing, the close then moved -121..+0 (furthest at column 995); tail: tick 64 cycles after the frame close, +0..+57 (spread 57); 0 repeats, 0 skips; last slip col -1; tail slips 0; engage col -1
  [i]  P+66/38+0.2: engaged +0 cycles from the crossing, the close then moved -121..+0 (furthest at column 989); tail: tick 64 cycles after the frame close, +0..+57 (spread 57); 0 repeats, 0 skips; last slip col -1; tail slips 0; engage col -1
  [i]  P+66/38+0.3: engaged -1 cycles from the crossing, the close then moved -121..+1 (furthest at column 995); tail: tick 65 cycles after the frame close, -1..+56 (spread 57); 0 repeats, 0 skips; last slip col -1; tail slips 0; engage col -1
  [i]  P+66/38+1.0: engaged +1 cycles from the crossing, the close then moved -1..+0 (furthest at column 0); tail: tick 1041 cycles after the frame close, -1..+1 (spread 2); 0 repeats, 0 skips; last slip col -1; tail slips 0; engage col -1
  [i]  P+66/38+1.1: engaged +0 cycles from the crossing, the close then moved -121..+0 (furthest at column 995); tail: tick 64 cycles after the frame close, +0..+57 (spread 57); 0 repeats, 0 skips; last slip col -1; tail slips 0; engage col -1
  [i]  P+66/38+1.2: engaged +1 cycles from the crossing, the close then moved -1..+1 (furthest at column 0); tail: tick 1041 cycles after the frame close, -1..+0 (spread 1); 0 repeats, 0 skips; last slip col -1; tail slips 0; engage col -1
  [i]  P+66/38+1.3: engaged +1 cycles from the crossing, the close then moved -1..+1 (furthest at column 0); tail: tick 1040 cycles after the frame close, +0..+1 (spread 1); 0 repeats, 0 skips; last slip col -1; tail slips 0; engage col -1
  [i]  P+66/38+2.0: engaged +2 cycles from the crossing, the close then moved -1..+0 (furthest at column 0); tail: tick 1040 cycles after the frame close, +0..+1 (spread 1); 0 repeats, 0 skips; last slip col -1; tail slips 0; engage col -1
  [i]  P+66/38+2.1: engaged +2 cycles from the crossing, the close then moved -1..+0 (furthest at column 0); tail: tick 1040 cycles after the frame close, -1..+1 (spread 2); 0 repeats, 0 skips; last slip col -1; tail slips 0; engage col -1
  [i]  P+66/38+2.2: engaged +2 cycles from the crossing, the close then moved -1..+1 (furthest at column 0); tail: tick 1040 cycles after the frame close, -1..+0 (spread 1); 0 repeats, 0 skips; last slip col -1; tail slips 0; engage col -1
  [i]  P+66/38+2.3: engaged +2 cycles from the crossing, the close then moved -1..+1 (furthest at column 0); tail: tick 1039 cycles after the frame close, +0..+1 (spread 1); 0 repeats, 0 skips; last slip col -1; tail slips 0; engage col -1
  [i]  P+66/38+3.0: engaged +2 cycles from the crossing, the close then moved -1..+0 (furthest at column 0); tail: tick 1040 cycles after the frame close, +0..+1 (spread 1); 0 repeats, 0 skips; last slip col -1; tail slips 0; engage col -1
  [i]  P+66/38+3.1: engaged +3 cycles from the crossing, the close then moved -1..+0 (furthest at column 0); tail: tick 1039 cycles after the frame close, +0..+1 (spread 1); 0 repeats, 0 skips; last slip col -1; tail slips 0; engage col -1
  [i]  P+66/38+3.2: engaged +2 cycles from the crossing, the close then moved -1..+1 (furthest at column 0); tail: tick 1040 cycles after the frame close, -1..+1 (spread 2); 0 repeats, 0 skips; last slip col -1; tail slips 0; engage col -1
  [i]  P+66/38+3.3: engaged +3 cycles from the crossing, the close then moved -1..+1 (furthest at column 0); tail: tick 1038 cycles after the frame close, +0..+1 (spread 1); 0 repeats, 0 skips; last slip col -1; tail slips 0; engage col -1
== capture_coherence: checks: 401   failures: 0 ==
RESULT: PASS

  [i]  calibration, +66 ppm plan: with the TDM clock unheld the first close lands 13 cycles after its tick

[P+66/39] PROBE CRF, +66 ppm plan, every 1 cycles from -1 to +3, 4 quarter-cycle sub-placements, 1000 columns
  [i]  P+66/39-1.0: engaged -1 cycles from the crossing, the close then moved -121..+0 (furthest at column 995); tail: tick 66 cycles after the frame close, -1..+56 (spread 57); 0 repeats, 0 skips; last slip col -1; tail slips 0; engage col -1
  [i]  P+66/39-1.1: engaged -2 cycles from the crossing, the close then moved -121..+0 (furthest at column 995); tail: tick 66 cycles after the frame close, +0..+56 (spread 56); 0 repeats, 0 skips; last slip col -1; tail slips 0; engage col -1
  [i]  P+66/39-1.2: engaged -1 cycles from the crossing, the close then moved -121..+0 (furthest at column 995); tail: tick 65 cycles after the frame close, +0..+56 (spread 56); 0 repeats, 0 skips; last slip col -1; tail slips 0; engage col -1
  [i]  P+66/39-1.3: engaged -1 cycles from the crossing, the close then moved -121..+1 (furthest at column 995); tail: tick 65 cycles after the frame close, -1..+56 (spread 57); 0 repeats, 0 skips; last slip col -1; tail slips 0; engage col -1
  [i]  P+66/39+0.0: engaged +0 cycles from the crossing, the close then moved -121..+0 (furthest at column 989); tail: tick 65 cycles after the frame close, -1..+56 (spread 57); 0 repeats, 0 skips; last slip col -1; tail slips 0; engage col -1
  [i]  P+66/39+0.1: engaged +0 cycles from the crossing, the close then moved -121..+0 (furthest at column 995); tail: tick 64 cycles after the frame close, +0..+57 (spread 57); 0 repeats, 0 skips; last slip col -1; tail slips 0; engage col -1
  [i]  P+66/39+0.2: engaged +0 cycles from the crossing, the close then moved -121..+0 (furthest at column 995); tail: tick 64 cycles after the frame close, +0..+57 (spread 57); 0 repeats, 0 skips; last slip col -1; tail slips 0; engage col -1
  [i]  P+66/39+0.3: engaged -1 cycles from the crossing, the close then moved -121..+1 (furthest at column 995); tail: tick 65 cycles after the frame close, -1..+56 (spread 57); 0 repeats, 0 skips; last slip col -1; tail slips 0; engage col -1
  [i]  P+66/39+1.0: engaged +1 cycles from the crossing, the close then moved -1..+0 (furthest at column 0); tail: tick 1041 cycles after the frame close, -1..+1 (spread 2); 0 repeats, 0 skips; last slip col -1; tail slips 0; engage col -1
  [i]  P+66/39+1.1: engaged +0 cycles from the crossing, the close then moved -121..+0 (furthest at column 995); tail: tick 64 cycles after the frame close, +0..+57 (spread 57); 0 repeats, 0 skips; last slip col -1; tail slips 0; engage col -1
  [i]  P+66/39+1.2: engaged +1 cycles from the crossing, the close then moved -1..+1 (furthest at column 0); tail: tick 1041 cycles after the frame close, -1..+0 (spread 1); 0 repeats, 0 skips; last slip col -1; tail slips 0; engage col -1
  [i]  P+66/39+1.3: engaged +0 cycles from the crossing, the close then moved -121..+1 (furthest at column 995); tail: tick 64 cycles after the frame close, +0..+56 (spread 56); 1 repeats, 1 skips; last slip col 8; tail slips 0; engage col -1
  [i]  P+66/39+1.3: last slip at column 8; engagement window unbounded columns
  [i]  P+66/39+2.0: engaged +1 cycles from the crossing, the close then moved -1..+0 (furthest at column 0); tail: tick 1041 cycles after the frame close, -1..+1 (spread 2); 0 repeats, 0 skips; last slip col -1; tail slips 0; engage col -1
  [i]  P+66/39+2.1: engaged +1 cycles from the crossing, the close then moved -1..+0 (furthest at column 0); tail: tick 1041 cycles after the frame close, -1..+1 (spread 2); 0 repeats, 0 skips; last slip col -1; tail slips 0; engage col -1
  [i]  P+66/39+2.2: engaged +1 cycles from the crossing, the close then moved -1..+1 (furthest at column 4); tail: tick 1041 cycles after the frame close, -1..+0 (spread 1); 0 repeats, 0 skips; last slip col -1; tail slips 0; engage col -1
  [i]  P+66/39+2.3: engaged +1 cycles from the crossing, the close then moved -1..+1 (furthest at column 0); tail: tick 1040 cycles after the frame close, +0..+1 (spread 1); 0 repeats, 0 skips; last slip col -1; tail slips 0; engage col -1
  [i]  P+66/39+3.0: engaged +3 cycles from the crossing, the close then moved -1..+0 (furthest at column 0); tail: tick 1039 cycles after the frame close, +0..+1 (spread 1); 0 repeats, 0 skips; last slip col -1; tail slips 0; engage col -1
  [i]  P+66/39+3.1: engaged +2 cycles from the crossing, the close then moved -1..+0 (furthest at column 0); tail: tick 1040 cycles after the frame close, -1..+1 (spread 2); 0 repeats, 0 skips; last slip col -1; tail slips 0; engage col -1
  [i]  P+66/39+3.2: engaged +3 cycles from the crossing, the close then moved -1..+1 (furthest at column 0); tail: tick 1039 cycles after the frame close, -1..+1 (spread 2); 0 repeats, 0 skips; last slip col -1; tail slips 0; engage col -1
  [i]  P+66/39+3.3: engaged +2 cycles from the crossing, the close then moved -1..+1 (furthest at column 0); tail: tick 1039 cycles after the frame close, +0..+1 (spread 1); 0 repeats, 0 skips; last slip col -1; tail slips 0; engage col -1
== capture_coherence: checks: 401   failures: 0 ==
RESULT: PASS

  [i]  calibration, +66 ppm plan: with the TDM clock unheld the first close lands 13 cycles after its tick

[P+66/40] PROBE CRF, +66 ppm plan, every 1 cycles from -1 to +3, 4 quarter-cycle sub-placements, 1000 columns
  [i]  P+66/40-1.0: engaged -1 cycles from the crossing, the close then moved -121..+0 (furthest at column 995); tail: tick 66 cycles after the frame close, -1..+56 (spread 57); 0 repeats, 0 skips; last slip col -1; tail slips 0; engage col -1
  [i]  P+66/40-1.1: engaged -2 cycles from the crossing, the close then moved -121..+0 (furthest at column 995); tail: tick 66 cycles after the frame close, +0..+56 (spread 56); 0 repeats, 0 skips; last slip col -1; tail slips 0; engage col -1
  [i]  P+66/40-1.2: engaged -1 cycles from the crossing, the close then moved -121..+0 (furthest at column 995); tail: tick 65 cycles after the frame close, +0..+56 (spread 56); 0 repeats, 0 skips; last slip col -1; tail slips 0; engage col -1
  [i]  P+66/40-1.3: engaged -1 cycles from the crossing, the close then moved -121..+1 (furthest at column 995); tail: tick 65 cycles after the frame close, -1..+56 (spread 57); 0 repeats, 0 skips; last slip col -1; tail slips 0; engage col -1
  [i]  P+66/40+0.0: engaged +0 cycles from the crossing, the close then moved -121..+0 (furthest at column 989); tail: tick 65 cycles after the frame close, -1..+56 (spread 57); 0 repeats, 0 skips; last slip col -1; tail slips 0; engage col -1
  [i]  P+66/40+0.1: engaged +0 cycles from the crossing, the close then moved -121..+0 (furthest at column 995); tail: tick 64 cycles after the frame close, +0..+57 (spread 57); 0 repeats, 0 skips; last slip col -1; tail slips 0; engage col -1
  [i]  P+66/40+0.2: engaged +0 cycles from the crossing, the close then moved -121..+0 (furthest at column 995); tail: tick 64 cycles after the frame close, +0..+57 (spread 57); 0 repeats, 0 skips; last slip col -1; tail slips 0; engage col -1
  [i]  P+66/40+0.3: engaged +0 cycles from the crossing, the close then moved -121..+1 (furthest at column 995); tail: tick 64 cycles after the frame close, +0..+56 (spread 56); 1 repeats, 1 skips; last slip col 8; tail slips 0; engage col -1
  [i]  P+66/40+0.3: last slip at column 8; engagement window unbounded columns
  [i]  P+66/40+1.0: engaged +0 cycles from the crossing, the close then moved -121..+0 (furthest at column 989); tail: tick 65 cycles after the frame close, -1..+56 (spread 57); 0 repeats, 0 skips; last slip col -1; tail slips 0; engage col -1
  [i]  P+66/40+1.1: engaged +1 cycles from the crossing, the close then moved -1..+0 (furthest at column 0); tail: tick 1041 cycles after the frame close, -1..+1 (spread 2); 0 repeats, 0 skips; last slip col -1; tail slips 0; engage col -1
  [i]  P+66/40+1.2: engaged +0 cycles from the crossing, the close then moved -121..+0 (furthest at column 995); tail: tick 64 cycles after the frame close, +0..+57 (spread 57); 0 repeats, 0 skips; last slip col -1; tail slips 0; engage col -1
  [i]  P+66/40+1.3: engaged +1 cycles from the crossing, the close then moved -1..+1 (furthest at column 0); tail: tick 1040 cycles after the frame close, +0..+1 (spread 1); 0 repeats, 0 skips; last slip col -1; tail slips 0; engage col -1
  [i]  P+66/40+2.0: engaged +2 cycles from the crossing, the close then moved -1..+0 (furthest at column 0); tail: tick 1040 cycles after the frame close, +0..+1 (spread 1); 0 repeats, 0 skips; last slip col -1; tail slips 0; engage col -1
  [i]  P+66/40+2.1: engaged +2 cycles from the crossing, the close then moved -1..+0 (furthest at column 0); tail: tick 1040 cycles after the frame close, -1..+1 (spread 2); 0 repeats, 0 skips; last slip col -1; tail slips 0; engage col -1
  [i]  P+66/40+2.2: engaged +2 cycles from the crossing, the close then moved -1..+0 (furthest at column 100); tail: tick 1040 cycles after the frame close, -1..+1 (spread 2); 0 repeats, 0 skips; last slip col -1; tail slips 0; engage col -1
  [i]  P+66/40+2.3: engaged +2 cycles from the crossing, the close then moved -1..+1 (furthest at column 0); tail: tick 1039 cycles after the frame close, +0..+1 (spread 1); 0 repeats, 0 skips; last slip col -1; tail slips 0; engage col -1
  [i]  P+66/40+3.0: engaged +2 cycles from the crossing, the close then moved -1..+0 (furthest at column 0); tail: tick 1040 cycles after the frame close, +0..+1 (spread 1); 0 repeats, 0 skips; last slip col -1; tail slips 0; engage col -1
  [i]  P+66/40+3.1: engaged +3 cycles from the crossing, the close then moved -1..+0 (furthest at column 0); tail: tick 1039 cycles after the frame close, +0..+1 (spread 1); 0 repeats, 0 skips; last slip col -1; tail slips 0; engage col -1
  [i]  P+66/40+3.2: engaged +2 cycles from the crossing, the close then moved -1..+0 (furthest at column 88); tail: tick 1040 cycles after the frame close, -1..+1 (spread 2); 0 repeats, 0 skips; last slip col -1; tail slips 0; engage col -1
  [i]  P+66/40+3.3: engaged +3 cycles from the crossing, the close then moved -1..+1 (furthest at column 0); tail: tick 1038 cycles after the frame close, +0..+1 (spread 1); 0 repeats, 0 skips; last slip col -1; tail slips 0; engage col -1
== capture_coherence: checks: 401   failures: 0 ==
RESULT: PASS

  [i]  calibration, +66 ppm plan: with the TDM clock unheld the first close lands 13 cycles after its tick

[P+66/41] PROBE CRF, +66 ppm plan, every 1 cycles from -1 to +3, 4 quarter-cycle sub-placements, 1000 columns
  [i]  P+66/41-1.0: engaged -1 cycles from the crossing, the close then moved -121..+0 (furthest at column 995); tail: tick 66 cycles after the frame close, -1..+56 (spread 57); 0 repeats, 0 skips; last slip col -1; tail slips 0; engage col -1
  [i]  P+66/41-1.1: engaged -2 cycles from the crossing, the close then moved -121..+0 (furthest at column 995); tail: tick 66 cycles after the frame close, +0..+56 (spread 56); 0 repeats, 0 skips; last slip col -1; tail slips 0; engage col -1
  [i]  P+66/41-1.2: engaged -1 cycles from the crossing, the close then moved -121..+0 (furthest at column 995); tail: tick 65 cycles after the frame close, +0..+56 (spread 56); 0 repeats, 0 skips; last slip col -1; tail slips 0; engage col -1
  [i]  P+66/41-1.3: engaged -2 cycles from the crossing, the close then moved -120..+0 (furthest at column 989); tail: tick 66 cycles after the frame close, -1..+56 (spread 57); 0 repeats, 0 skips; last slip col -1; tail slips 0; engage col -1
  [i]  P+66/41+0.0: engaged -1 cycles from the crossing, the close then moved -121..+0 (furthest at column 995); tail: tick 66 cycles after the frame close, -1..+56 (spread 57); 0 repeats, 0 skips; last slip col -1; tail slips 0; engage col -1
  [i]  P+66/41+0.1: engaged -1 cycles from the crossing, the close then moved -121..+0 (furthest at column 995); tail: tick 65 cycles after the frame close, +0..+56 (spread 56); 0 repeats, 0 skips; last slip col -1; tail slips 0; engage col -1
  [i]  P+66/41+0.2: engaged -1 cycles from the crossing, the close then moved -121..+0 (furthest at column 995); tail: tick 65 cycles after the frame close, +0..+56 (spread 56); 0 repeats, 0 skips; last slip col -1; tail slips 0; engage col -1
  [i]  P+66/41+0.3: engaged -1 cycles from the crossing, the close then moved -121..+1 (furthest at column 995); tail: tick 65 cycles after the frame close, -1..+56 (spread 57); 0 repeats, 0 skips; last slip col -1; tail slips 0; engage col -1
  [i]  P+66/41+1.0: engaged +1 cycles from the crossing, the close then moved -1..+0 (furthest at column 0); tail: tick 1041 cycles after the frame close, -1..+1 (spread 2); 0 repeats, 0 skips; last slip col -1; tail slips 0; engage col -1
  [i]  P+66/41+1.1: engaged +0 cycles from the crossing, the close then moved -121..+0 (furthest at column 995); tail: tick 64 cycles after the frame close, +0..+57 (spread 57); 0 repeats, 0 skips; last slip col -1; tail slips 0; engage col -1
  [i]  P+66/41+1.2: engaged +1 cycles from the crossing, the close then moved -1..+1 (furthest at column 4); tail: tick 1041 cycles after the frame close, -1..+0 (spread 1); 0 repeats, 0 skips; last slip col -1; tail slips 0; engage col -1
  [i]  P+66/41+1.3: engaged +0 cycles from the crossing, the close then moved -121..+1 (furthest at column 995); tail: tick 64 cycles after the frame close, +0..+56 (spread 56); 1 repeats, 1 skips; last slip col 8; tail slips 0; engage col -1
  [i]  P+66/41+1.3: last slip at column 8; engagement window unbounded columns
  [i]  P+66/41+2.0: engaged +1 cycles from the crossing, the close then moved -1..+0 (furthest at column 0); tail: tick 1041 cycles after the frame close, -1..+1 (spread 2); 0 repeats, 0 skips; last slip col -1; tail slips 0; engage col -1
  [i]  P+66/41+2.1: engaged +1 cycles from the crossing, the close then moved -1..+0 (furthest at column 0); tail: tick 1041 cycles after the frame close, -1..+1 (spread 2); 0 repeats, 0 skips; last slip col -1; tail slips 0; engage col -1
  [i]  P+66/41+2.2: engaged +1 cycles from the crossing, the close then moved -1..+1 (furthest at column 4); tail: tick 1041 cycles after the frame close, -1..+0 (spread 1); 0 repeats, 0 skips; last slip col -1; tail slips 0; engage col -1
  [i]  P+66/41+2.3: engaged +1 cycles from the crossing, the close then moved -1..+1 (furthest at column 0); tail: tick 1041 cycles after the frame close, -1..+0 (spread 1); 0 repeats, 0 skips; last slip col -1; tail slips 0; engage col -1
  [i]  P+66/41+3.0: engaged +3 cycles from the crossing, the close then moved -1..+0 (furthest at column 0); tail: tick 1039 cycles after the frame close, +0..+1 (spread 1); 0 repeats, 0 skips; last slip col -1; tail slips 0; engage col -1
  [i]  P+66/41+3.1: engaged +2 cycles from the crossing, the close then moved -1..+0 (furthest at column 0); tail: tick 1040 cycles after the frame close, -1..+1 (spread 2); 0 repeats, 0 skips; last slip col -1; tail slips 0; engage col -1
  [i]  P+66/41+3.2: engaged +3 cycles from the crossing, the close then moved -1..+0 (furthest at column 88); tail: tick 1039 cycles after the frame close, -1..+1 (spread 2); 0 repeats, 0 skips; last slip col -1; tail slips 0; engage col -1
  [i]  P+66/41+3.3: engaged +2 cycles from the crossing, the close then moved -1..+1 (furthest at column 0); tail: tick 1040 cycles after the frame close, -1..+0 (spread 1); 0 repeats, 0 skips; last slip col -1; tail slips 0; engage col -1
== capture_coherence: checks: 401   failures: 0 ==
RESULT: PASS

  [i]  calibration, +66 ppm plan: with the TDM clock unheld the first close lands 13 cycles after its tick

[P+66/42] PROBE CRF, +66 ppm plan, every 1 cycles from -1 to +3, 4 quarter-cycle sub-placements, 1000 columns
  [i]  P+66/42-1.0: engaged -1 cycles from the crossing, the close then moved -121..+0 (furthest at column 995); tail: tick 66 cycles after the frame close, -1..+56 (spread 57); 0 repeats, 0 skips; last slip col -1; tail slips 0; engage col -1
  [i]  P+66/42-1.1: engaged -2 cycles from the crossing, the close then moved -121..+0 (furthest at column 995); tail: tick 66 cycles after the frame close, +0..+56 (spread 56); 0 repeats, 0 skips; last slip col -1; tail slips 0; engage col -1
  [i]  P+66/42-1.2: engaged -1 cycles from the crossing, the close then moved -121..+0 (furthest at column 995); tail: tick 65 cycles after the frame close, +0..+56 (spread 56); 0 repeats, 0 skips; last slip col -1; tail slips 0; engage col -1
  [i]  P+66/42-1.3: engaged -2 cycles from the crossing, the close then moved -120..+0 (furthest at column 989); tail: tick 66 cycles after the frame close, -1..+56 (spread 57); 0 repeats, 0 skips; last slip col -1; tail slips 0; engage col -1
  [i]  P+66/42+0.0: engaged -1 cycles from the crossing, the close then moved -121..+0 (furthest at column 995); tail: tick 66 cycles after the frame close, -1..+56 (spread 57); 0 repeats, 0 skips; last slip col -1; tail slips 0; engage col -1
  [i]  P+66/42+0.1: engaged -1 cycles from the crossing, the close then moved -121..+0 (furthest at column 995); tail: tick 65 cycles after the frame close, +0..+56 (spread 56); 0 repeats, 0 skips; last slip col -1; tail slips 0; engage col -1
  [i]  P+66/42+0.2: engaged -1 cycles from the crossing, the close then moved -121..+0 (furthest at column 995); tail: tick 65 cycles after the frame close, +0..+56 (spread 56); 0 repeats, 0 skips; last slip col -1; tail slips 0; engage col -1
  [i]  P+66/42+0.3: engaged -1 cycles from the crossing, the close then moved -121..+0 (furthest at column 995); tail: tick 65 cycles after the frame close, -1..+56 (spread 57); 0 repeats, 0 skips; last slip col -1; tail slips 0; engage col -1
  [i]  P+66/42+1.0: engaged +1 cycles from the crossing, the close then moved -1..+0 (furthest at column 0); tail: tick 1041 cycles after the frame close, -1..+1 (spread 2); 0 repeats, 0 skips; last slip col -1; tail slips 0; engage col -1
  [i]  P+66/42+1.1: engaged +0 cycles from the crossing, the close then moved -121..+0 (furthest at column 995); tail: tick 64 cycles after the frame close, +0..+57 (spread 57); 0 repeats, 0 skips; last slip col -1; tail slips 0; engage col -1
  [i]  P+66/42+1.2: engaged +1 cycles from the crossing, the close then moved -1..+1 (furthest at column 4); tail: tick 1041 cycles after the frame close, -1..+0 (spread 1); 0 repeats, 0 skips; last slip col -1; tail slips 0; engage col -1
  [i]  P+66/42+1.3: engaged +0 cycles from the crossing, the close then moved -121..+0 (furthest at column 995); tail: tick 64 cycles after the frame close, +0..+56 (spread 56); 0 repeats, 0 skips; last slip col -1; tail slips 0; engage col -1
  [i]  P+66/42+2.0: engaged +1 cycles from the crossing, the close then moved -1..+0 (furthest at column 0); tail: tick 1041 cycles after the frame close, -1..+1 (spread 2); 0 repeats, 0 skips; last slip col -1; tail slips 0; engage col -1
  [i]  P+66/42+2.1: engaged +1 cycles from the crossing, the close then moved -1..+0 (furthest at column 0); tail: tick 1041 cycles after the frame close, -1..+1 (spread 2); 0 repeats, 0 skips; last slip col -1; tail slips 0; engage col -1
  [i]  P+66/42+2.2: engaged +1 cycles from the crossing, the close then moved -1..+1 (furthest at column 4); tail: tick 1041 cycles after the frame close, -1..+0 (spread 1); 0 repeats, 0 skips; last slip col -1; tail slips 0; engage col -1
  [i]  P+66/42+2.3: engaged +1 cycles from the crossing, the close then moved -1..+1 (furthest at column 0); tail: tick 1041 cycles after the frame close, -1..+0 (spread 1); 0 repeats, 0 skips; last slip col -1; tail slips 0; engage col -1
  [i]  P+66/42+3.0: engaged +3 cycles from the crossing, the close then moved -2..+0 (furthest at column 514); tail: tick 1039 cycles after the frame close, +0..+1 (spread 1); 0 repeats, 0 skips; last slip col -1; tail slips 0; engage col -1
  [i]  P+66/42+3.1: engaged +2 cycles from the crossing, the close then moved -1..+0 (furthest at column 0); tail: tick 1040 cycles after the frame close, -1..+1 (spread 2); 0 repeats, 0 skips; last slip col -1; tail slips 0; engage col -1
  [i]  P+66/42+3.2: engaged +3 cycles from the crossing, the close then moved -1..+0 (furthest at column 76); tail: tick 1039 cycles after the frame close, -1..+1 (spread 2); 0 repeats, 0 skips; last slip col -1; tail slips 0; engage col -1
  [i]  P+66/42+3.3: engaged +2 cycles from the crossing, the close then moved -1..+1 (furthest at column 0); tail: tick 1040 cycles after the frame close, -1..+0 (spread 1); 0 repeats, 0 skips; last slip col -1; tail slips 0; engage col -1
== capture_coherence: checks: 401   failures: 0 ==
RESULT: PASS

  [i]  calibration, +66 ppm plan: with the TDM clock unheld the first close lands 13 cycles after its tick

[P+66/43] PROBE CRF, +66 ppm plan, every 1 cycles from -1 to +3, 4 quarter-cycle sub-placements, 1000 columns
  [i]  P+66/43-1.0: engaged -1 cycles from the crossing, the close then moved -121..+0 (furthest at column 995); tail: tick 66 cycles after the frame close, -1..+56 (spread 57); 0 repeats, 0 skips; last slip col -1; tail slips 0; engage col -1
  [i]  P+66/43-1.1: engaged -2 cycles from the crossing, the close then moved -121..+0 (furthest at column 995); tail: tick 66 cycles after the frame close, +0..+56 (spread 56); 0 repeats, 0 skips; last slip col -1; tail slips 0; engage col -1
  [i]  P+66/43-1.2: engaged -1 cycles from the crossing, the close then moved -121..+0 (furthest at column 995); tail: tick 65 cycles after the frame close, +0..+56 (spread 56); 0 repeats, 0 skips; last slip col -1; tail slips 0; engage col -1
  [i]  P+66/43-1.3: engaged -2 cycles from the crossing, the close then moved -120..+0 (furthest at column 989); tail: tick 66 cycles after the frame close, -1..+56 (spread 57); 0 repeats, 0 skips; last slip col -1; tail slips 0; engage col -1
  [i]  P+66/43+0.0: engaged -1 cycles from the crossing, the close then moved -121..+0 (furthest at column 995); tail: tick 66 cycles after the frame close, -1..+56 (spread 57); 0 repeats, 0 skips; last slip col -1; tail slips 0; engage col -1
  [i]  P+66/43+0.1: engaged -1 cycles from the crossing, the close then moved -121..+0 (furthest at column 995); tail: tick 65 cycles after the frame close, +0..+56 (spread 56); 0 repeats, 0 skips; last slip col -1; tail slips 0; engage col -1
  [i]  P+66/43+0.2: engaged -1 cycles from the crossing, the close then moved -121..+0 (furthest at column 995); tail: tick 65 cycles after the frame close, +0..+56 (spread 56); 0 repeats, 0 skips; last slip col -1; tail slips 0; engage col -1
  [i]  P+66/43+0.3: engaged -1 cycles from the crossing, the close then moved -121..+0 (furthest at column 995); tail: tick 65 cycles after the frame close, -1..+56 (spread 57); 0 repeats, 0 skips; last slip col -1; tail slips 0; engage col -1
  [i]  P+66/43+1.0: engaged +1 cycles from the crossing, the close then moved -1..+0 (furthest at column 0); tail: tick 1041 cycles after the frame close, -1..+1 (spread 2); 0 repeats, 0 skips; last slip col -1; tail slips 0; engage col -1
  [i]  P+66/43+1.1: engaged +0 cycles from the crossing, the close then moved -121..+0 (furthest at column 995); tail: tick 64 cycles after the frame close, +0..+57 (spread 57); 0 repeats, 0 skips; last slip col -1; tail slips 0; engage col -1
  [i]  P+66/43+1.2: engaged +1 cycles from the crossing, the close then moved -1..+1 (furthest at column 4); tail: tick 1041 cycles after the frame close, -1..+0 (spread 1); 0 repeats, 0 skips; last slip col -1; tail slips 0; engage col -1
  [i]  P+66/43+1.3: engaged +0 cycles from the crossing, the close then moved -121..+0 (furthest at column 995); tail: tick 64 cycles after the frame close, +0..+56 (spread 56); 0 repeats, 0 skips; last slip col -1; tail slips 0; engage col -1
  [i]  P+66/43+2.0: engaged +1 cycles from the crossing, the close then moved -1..+0 (furthest at column 0); tail: tick 1041 cycles after the frame close, +0..+1 (spread 1); 0 repeats, 0 skips; last slip col -1; tail slips 0; engage col -1
  [i]  P+66/43+2.1: engaged +1 cycles from the crossing, the close then moved -1..+0 (furthest at column 0); tail: tick 1041 cycles after the frame close, -1..+1 (spread 2); 0 repeats, 0 skips; last slip col -1; tail slips 0; engage col -1
  [i]  P+66/43+2.2: engaged +1 cycles from the crossing, the close then moved -1..+1 (furthest at column 4); tail: tick 1041 cycles after the frame close, -1..+0 (spread 1); 0 repeats, 0 skips; last slip col -1; tail slips 0; engage col -1
  [i]  P+66/43+2.3: engaged +1 cycles from the crossing, the close then moved -1..+1 (furthest at column 0); tail: tick 1041 cycles after the frame close, -1..+0 (spread 1); 0 repeats, 0 skips; last slip col -1; tail slips 0; engage col -1
  [i]  P+66/43+3.0: engaged +3 cycles from the crossing, the close then moved -2..+0 (furthest at column 508); tail: tick 1039 cycles after the frame close, +0..+1 (spread 1); 0 repeats, 0 skips; last slip col -1; tail slips 0; engage col -1
  [i]  P+66/43+3.1: engaged +2 cycles from the crossing, the close then moved -1..+0 (furthest at column 0); tail: tick 1040 cycles after the frame close, -1..+1 (spread 2); 0 repeats, 0 skips; last slip col -1; tail slips 0; engage col -1
  [i]  P+66/43+3.2: engaged +3 cycles from the crossing, the close then moved -1..+0 (furthest at column 70); tail: tick 1039 cycles after the frame close, -1..+1 (spread 2); 0 repeats, 0 skips; last slip col -1; tail slips 0; engage col -1
  [i]  P+66/43+3.3: engaged +2 cycles from the crossing, the close then moved -1..+1 (furthest at column 0); tail: tick 1040 cycles after the frame close, -1..+0 (spread 1); 0 repeats, 0 skips; last slip col -1; tail slips 0; engage col -1
== capture_coherence: checks: 401   failures: 0 ==
RESULT: PASS

  [i]  calibration, +66 ppm plan: with the TDM clock unheld the first close lands 13 cycles after its tick

[P+66/44] PROBE CRF, +66 ppm plan, every 1 cycles from -1 to +3, 4 quarter-cycle sub-placements, 1000 columns
  [i]  P+66/44-1.0: engaged -1 cycles from the crossing, the close then moved -121..+0 (furthest at column 995); tail: tick 66 cycles after the frame close, -1..+56 (spread 57); 0 repeats, 0 skips; last slip col -1; tail slips 0; engage col -1
  [i]  P+66/44-1.1: engaged -2 cycles from the crossing, the close then moved -121..+0 (furthest at column 995); tail: tick 66 cycles after the frame close, +0..+57 (spread 57); 0 repeats, 0 skips; last slip col -1; tail slips 0; engage col -1
  [i]  P+66/44-1.2: engaged -1 cycles from the crossing, the close then moved -121..+0 (furthest at column 995); tail: tick 65 cycles after the frame close, +0..+56 (spread 56); 0 repeats, 0 skips; last slip col -1; tail slips 0; engage col -1
  [i]  P+66/44-1.3: engaged -2 cycles from the crossing, the close then moved -120..+0 (furthest at column 989); tail: tick 66 cycles after the frame close, -1..+56 (spread 57); 0 repeats, 0 skips; last slip col -1; tail slips 0; engage col -1
  [i]  P+66/44+0.0: engaged -1 cycles from the crossing, the close then moved -121..+0 (furthest at column 995); tail: tick 66 cycles after the frame close, -1..+56 (spread 57); 0 repeats, 0 skips; last slip col -1; tail slips 0; engage col -1
  [i]  P+66/44+0.1: engaged -1 cycles from the crossing, the close then moved -121..+0 (furthest at column 995); tail: tick 65 cycles after the frame close, +0..+57 (spread 57); 0 repeats, 0 skips; last slip col -1; tail slips 0; engage col -1
  [i]  P+66/44+0.2: engaged -1 cycles from the crossing, the close then moved -121..+0 (furthest at column 995); tail: tick 65 cycles after the frame close, +0..+56 (spread 56); 0 repeats, 0 skips; last slip col -1; tail slips 0; engage col -1
  [i]  P+66/44+0.3: engaged -1 cycles from the crossing, the close then moved -121..+0 (furthest at column 995); tail: tick 65 cycles after the frame close, -1..+56 (spread 57); 0 repeats, 0 skips; last slip col -1; tail slips 0; engage col -1
  [i]  P+66/44+1.0: engaged +1 cycles from the crossing, the close then moved -1..+0 (furthest at column 0); tail: tick 1041 cycles after the frame close, +0..+1 (spread 1); 0 repeats, 0 skips; last slip col -1; tail slips 0; engage col -1
  [i]  P+66/44+1.1: engaged +0 cycles from the crossing, the close then moved -121..+0 (furthest at column 995); tail: tick 64 cycles after the frame close, +0..+57 (spread 57); 0 repeats, 0 skips; last slip col -1; tail slips 0; engage col -1
  [i]  P+66/44+1.2: engaged +1 cycles from the crossing, the close then moved -1..+1 (furthest at column 4); tail: tick 1041 cycles after the frame close, -1..+0 (spread 1); 0 repeats, 0 skips; last slip col -1; tail slips 0; engage col -1
  [i]  P+66/44+1.3: engaged +0 cycles from the crossing, the close then moved -121..+0 (furthest at column 995); tail: tick 64 cycles after the frame close, +0..+56 (spread 56); 0 repeats, 0 skips; last slip col -1; tail slips 0; engage col -1
  [i]  P+66/44+2.0: engaged +1 cycles from the crossing, the close then moved -1..+0 (furthest at column 0); tail: tick 1041 cycles after the frame close, +0..+1 (spread 1); 0 repeats, 0 skips; last slip col -1; tail slips 0; engage col -1
  [i]  P+66/44+2.1: engaged +1 cycles from the crossing, the close then moved -1..+0 (furthest at column 0); tail: tick 1041 cycles after the frame close, -1..+1 (spread 2); 0 repeats, 0 skips; last slip col -1; tail slips 0; engage col -1
  [i]  P+66/44+2.2: engaged +1 cycles from the crossing, the close then moved -1..+1 (furthest at column 4); tail: tick 1041 cycles after the frame close, -1..+0 (spread 1); 0 repeats, 0 skips; last slip col -1; tail slips 0; engage col -1
  [i]  P+66/44+2.3: engaged +1 cycles from the crossing, the close then moved -1..+1 (furthest at column 0); tail: tick 1041 cycles after the frame close, -1..+0 (spread 1); 0 repeats, 0 skips; last slip col -1; tail slips 0; engage col -1
  [i]  P+66/44+3.0: engaged +3 cycles from the crossing, the close then moved -2..+0 (furthest at column 496); tail: tick 1039 cycles after the frame close, +0..+1 (spread 1); 0 repeats, 0 skips; last slip col -1; tail slips 0; engage col -1
  [i]  P+66/44+3.1: engaged +2 cycles from the crossing, the close then moved -1..+0 (furthest at column 0); tail: tick 1040 cycles after the frame close, -1..+1 (spread 2); 0 repeats, 0 skips; last slip col -1; tail slips 0; engage col -1
  [i]  P+66/44+3.2: engaged +3 cycles from the crossing, the close then moved -1..+0 (furthest at column 64); tail: tick 1039 cycles after the frame close, -1..+1 (spread 2); 0 repeats, 0 skips; last slip col -1; tail slips 0; engage col -1
  [i]  P+66/44+3.3: engaged +2 cycles from the crossing, the close then moved -1..+1 (furthest at column 0); tail: tick 1040 cycles after the frame close, -1..+0 (spread 1); 0 repeats, 0 skips; last slip col -1; tail slips 0; engage col -1
== capture_coherence: checks: 401   failures: 0 ==
RESULT: PASS

  [i]  calibration, +66 ppm plan: with the TDM clock unheld the first close lands 13 cycles after its tick

[P+66/45] PROBE CRF, +66 ppm plan, every 1 cycles from -1 to +3, 4 quarter-cycle sub-placements, 1000 columns
  [i]  P+66/45-1.0: engaged -1 cycles from the crossing, the close then moved -121..+0 (furthest at column 995); tail: tick 66 cycles after the frame close, -1..+56 (spread 57); 0 repeats, 0 skips; last slip col -1; tail slips 0; engage col -1
  [i]  P+66/45-1.1: engaged -2 cycles from the crossing, the close then moved -121..+0 (furthest at column 995); tail: tick 66 cycles after the frame close, +0..+57 (spread 57); 0 repeats, 0 skips; last slip col -1; tail slips 0; engage col -1
  [i]  P+66/45-1.2: engaged -1 cycles from the crossing, the close then moved -121..+0 (furthest at column 995); tail: tick 65 cycles after the frame close, +0..+56 (spread 56); 0 repeats, 0 skips; last slip col -1; tail slips 0; engage col -1
  [i]  P+66/45-1.3: engaged -2 cycles from the crossing, the close then moved -120..+0 (furthest at column 989); tail: tick 66 cycles after the frame close, -1..+56 (spread 57); 0 repeats, 0 skips; last slip col -1; tail slips 0; engage col -1
  [i]  P+66/45+0.0: engaged -1 cycles from the crossing, the close then moved -121..+0 (furthest at column 995); tail: tick 66 cycles after the frame close, -1..+56 (spread 57); 0 repeats, 0 skips; last slip col -1; tail slips 0; engage col -1
  [i]  P+66/45+0.1: engaged -1 cycles from the crossing, the close then moved -121..+0 (furthest at column 995); tail: tick 65 cycles after the frame close, +0..+57 (spread 57); 0 repeats, 0 skips; last slip col -1; tail slips 0; engage col -1
  [i]  P+66/45+0.2: engaged -1 cycles from the crossing, the close then moved -121..+0 (furthest at column 995); tail: tick 65 cycles after the frame close, +0..+56 (spread 56); 0 repeats, 0 skips; last slip col -1; tail slips 0; engage col -1
  [i]  P+66/45+0.3: engaged -1 cycles from the crossing, the close then moved -121..+0 (furthest at column 995); tail: tick 65 cycles after the frame close, -1..+56 (spread 57); 0 repeats, 0 skips; last slip col -1; tail slips 0; engage col -1
  [i]  P+66/45+1.0: engaged +1 cycles from the crossing, the close then moved -1..+0 (furthest at column 0); tail: tick 1041 cycles after the frame close, +0..+1 (spread 1); 0 repeats, 0 skips; last slip col -1; tail slips 0; engage col -1
  [i]  P+66/45+1.1: engaged +0 cycles from the crossing, the close then moved -121..+0 (furthest at column 989); tail: tick 64 cycles after the frame close, +0..+57 (spread 57); 0 repeats, 0 skips; last slip col -1; tail slips 0; engage col -1
  [i]  P+66/45+1.2: engaged +1 cycles from the crossing, the close then moved -1..+1 (furthest at column 4); tail: tick 1041 cycles after the frame close, -1..+0 (spread 1); 0 repeats, 0 skips; last slip col -1; tail slips 0; engage col -1
  [i]  P+66/45+1.3: engaged +0 cycles from the crossing, the close then moved -121..+0 (furthest at column 995); tail: tick 64 cycles after the frame close, +0..+56 (spread 56); 0 repeats, 0 skips; last slip col -1; tail slips 0; engage col -1
  [i]  P+66/45+2.0: engaged +1 cycles from the crossing, the close then moved -1..+0 (furthest at column 0); tail: tick 1041 cycles after the frame close, +0..+1 (spread 1); 0 repeats, 0 skips; last slip col -1; tail slips 0; engage col -1
  [i]  P+66/45+2.1: engaged +1 cycles from the crossing, the close then moved -1..+0 (furthest at column 0); tail: tick 1041 cycles after the frame close, -1..+1 (spread 2); 0 repeats, 0 skips; last slip col -1; tail slips 0; engage col -1
  [i]  P+66/45+2.2: engaged +1 cycles from the crossing, the close then moved -1..+1 (furthest at column 4); tail: tick 1041 cycles after the frame close, -1..+1 (spread 2); 0 repeats, 0 skips; last slip col -1; tail slips 0; engage col -1
  [i]  P+66/45+2.3: engaged +1 cycles from the crossing, the close then moved -1..+1 (furthest at column 0); tail: tick 1041 cycles after the frame close, -1..+0 (spread 1); 0 repeats, 0 skips; last slip col -1; tail slips 0; engage col -1
  [i]  P+66/45+3.0: engaged +3 cycles from the crossing, the close then moved -2..+0 (furthest at column 490); tail: tick 1039 cycles after the frame close, +0..+1 (spread 1); 0 repeats, 0 skips; last slip col -1; tail slips 0; engage col -1
  [i]  P+66/45+3.1: engaged +2 cycles from the crossing, the close then moved -1..+0 (furthest at column 0); tail: tick 1040 cycles after the frame close, -1..+1 (spread 2); 0 repeats, 0 skips; last slip col -1; tail slips 0; engage col -1
  [i]  P+66/45+3.2: engaged +3 cycles from the crossing, the close then moved -1..+0 (furthest at column 58); tail: tick 1039 cycles after the frame close, -1..+1 (spread 2); 0 repeats, 0 skips; last slip col -1; tail slips 0; engage col -1
  [i]  P+66/45+3.3: engaged +2 cycles from the crossing, the close then moved -1..+1 (furthest at column 0); tail: tick 1040 cycles after the frame close, -1..+0 (spread 1); 0 repeats, 0 skips; last slip col -1; tail slips 0; engage col -1
== capture_coherence: checks: 401   failures: 0 ==
RESULT: PASS

  [i]  calibration, +66 ppm plan: with the TDM clock unheld the first close lands 13 cycles after its tick

[P+66/46] PROBE CRF, +66 ppm plan, every 1 cycles from -1 to +3, 4 quarter-cycle sub-placements, 1000 columns
  [i]  P+66/46-1.0: engaged -1 cycles from the crossing, the close then moved -121..+0 (furthest at column 995); tail: tick 66 cycles after the frame close, -1..+56 (spread 57); 0 repeats, 0 skips; last slip col -1; tail slips 0; engage col -1
  [i]  P+66/46-1.1: engaged -2 cycles from the crossing, the close then moved -121..+0 (furthest at column 995); tail: tick 67 cycles after the frame close, -1..+56 (spread 57); 0 repeats, 0 skips; last slip col -1; tail slips 0; engage col -1
  [i]  P+66/46-1.2: engaged -1 cycles from the crossing, the close then moved -121..+0 (furthest at column 995); tail: tick 65 cycles after the frame close, +0..+56 (spread 56); 0 repeats, 0 skips; last slip col -1; tail slips 0; engage col -1
  [i]  P+66/46-1.3: engaged -2 cycles from the crossing, the close then moved -120..+0 (furthest at column 989); tail: tick 66 cycles after the frame close, -1..+56 (spread 57); 0 repeats, 0 skips; last slip col -1; tail slips 0; engage col -1
  [i]  P+66/46+0.0: engaged -2 cycles from the crossing, the close then moved -120..+0 (furthest at column 995); tail: tick 66 cycles after the frame close, -1..+56 (spread 57); 0 repeats, 0 skips; last slip col -1; tail slips 0; engage col -1
  [i]  P+66/46+0.1: engaged -1 cycles from the crossing, the close then moved -121..+0 (furthest at column 995); tail: tick 66 cycles after the frame close, -1..+56 (spread 57); 0 repeats, 0 skips; last slip col -1; tail slips 0; engage col -1
  [i]  P+66/46+0.2: engaged -1 cycles from the crossing, the close then moved -121..+0 (furthest at column 995); tail: tick 65 cycles after the frame close, +0..+56 (spread 56); 0 repeats, 0 skips; last slip col -1; tail slips 0; engage col -1
  [i]  P+66/46+0.3: engaged -1 cycles from the crossing, the close then moved -121..+0 (furthest at column 995); tail: tick 65 cycles after the frame close, -1..+56 (spread 57); 0 repeats, 0 skips; last slip col -1; tail slips 0; engage col -1
  [i]  P+66/46+1.0: engaged +1 cycles from the crossing, the close then moved -1..+0 (furthest at column 0); tail: tick 1041 cycles after the frame close, +0..+1 (spread 1); 0 repeats, 0 skips; last slip col -1; tail slips 0; engage col -1
  [i]  P+66/46+1.1: engaged +0 cycles from the crossing, the close then moved -121..+0 (furthest at column 989); tail: tick 65 cycles after the frame close, -1..+56 (spread 57); 0 repeats, 0 skips; last slip col -1; tail slips 0; engage col -1
  [i]  P+66/46+1.2: engaged +1 cycles from the crossing, the close then moved -1..+1 (furthest at column 4); tail: tick 1041 cycles after the frame close, -1..+1 (spread 2); 0 repeats, 0 skips; last slip col -1; tail slips 0; engage col -1
  [i]  P+66/46+1.3: engaged +0 cycles from the crossing, the close then moved -121..+0 (furthest at column 995); tail: tick 64 cycles after the frame close, +0..+56 (spread 56); 0 repeats, 0 skips; last slip col -1; tail slips 0; engage col -1
  [i]  P+66/46+2.0: engaged +0 cycles from the crossing, the close then moved -121..+1 (furthest at column 995); tail: tick 64 cycles after the frame close, +0..+57 (spread 57); 1 repeats, 1 skips; last slip col 8; tail slips 0; engage col -1
  [i]  P+66/46+2.0: last slip at column 8; engagement window unbounded columns
  [i]  P+66/46+2.1: engaged +1 cycles from the crossing, the close then moved -1..+0 (furthest at column 0); tail: tick 1041 cycles after the frame close, -1..+1 (spread 2); 0 repeats, 0 skips; last slip col -1; tail slips 0; engage col -1
  [i]  P+66/46+2.2: engaged +1 cycles from the crossing, the close then moved -1..+1 (furthest at column 4); tail: tick 1041 cycles after the frame close, -1..+1 (spread 2); 0 repeats, 0 skips; last slip col -1; tail slips 0; engage col -1
  [i]  P+66/46+2.3: engaged +1 cycles from the crossing, the close then moved -1..+1 (furthest at column 0); tail: tick 1041 cycles after the frame close, -1..+0 (spread 1); 0 repeats, 0 skips; last slip col -1; tail slips 0; engage col -1
  [i]  P+66/46+3.0: engaged +3 cycles from the crossing, the close then moved -2..+0 (furthest at column 382); tail: tick 1039 cycles after the frame close, +0..+1 (spread 1); 0 repeats, 0 skips; last slip col -1; tail slips 0; engage col -1
  [i]  P+66/46+3.1: engaged +2 cycles from the crossing, the close then moved -1..+0 (furthest at column 0); tail: tick 1040 cycles after the frame close, -1..+1 (spread 2); 0 repeats, 0 skips; last slip col -1; tail slips 0; engage col -1
  [i]  P+66/46+3.2: engaged +3 cycles from the crossing, the close then moved -1..+0 (furthest at column 46); tail: tick 1039 cycles after the frame close, -1..+1 (spread 2); 0 repeats, 0 skips; last slip col -1; tail slips 0; engage col -1
  [i]  P+66/46+3.3: engaged +2 cycles from the crossing, the close then moved -1..+1 (furthest at column 0); tail: tick 1040 cycles after the frame close, -1..+0 (spread 1); 0 repeats, 0 skips; last slip col -1; tail slips 0; engage col -1
== capture_coherence: checks: 401   failures: 0 ==
RESULT: PASS

  [i]  calibration, +66 ppm plan: with the TDM clock unheld the first close lands 13 cycles after its tick

[P+66/47] PROBE CRF, +66 ppm plan, every 1 cycles from -1 to +3, 4 quarter-cycle sub-placements, 1000 columns
  [i]  P+66/47-1.0: engaged -2 cycles from the crossing, the close then moved -120..+0 (furthest at column 995); tail: tick 66 cycles after the frame close, -1..+56 (spread 57); 0 repeats, 0 skips; last slip col -1; tail slips 0; engage col -1
  [i]  P+66/47-1.1: engaged -2 cycles from the crossing, the close then moved -121..+0 (furthest at column 995); tail: tick 67 cycles after the frame close, -1..+56 (spread 57); 0 repeats, 0 skips; last slip col -1; tail slips 0; engage col -1
  [i]  P+66/47-1.2: engaged -1 cycles from the crossing, the close then moved -121..+0 (furthest at column 995); tail: tick 65 cycles after the frame close, +0..+56 (spread 56); 0 repeats, 0 skips; last slip col -1; tail slips 0; engage col -1
  [i]  P+66/47-1.3: engaged -2 cycles from the crossing, the close then moved -120..+0 (furthest at column 989); tail: tick 66 cycles after the frame close, -1..+56 (spread 57); 0 repeats, 0 skips; last slip col -1; tail slips 0; engage col -1
  [i]  P+66/47+0.0: engaged -2 cycles from the crossing, the close then moved -120..+0 (furthest at column 995); tail: tick 66 cycles after the frame close, -1..+56 (spread 57); 0 repeats, 0 skips; last slip col -1; tail slips 0; engage col -1
  [i]  P+66/47+0.1: engaged -1 cycles from the crossing, the close then moved -121..+0 (furthest at column 995); tail: tick 66 cycles after the frame close, -1..+56 (spread 57); 0 repeats, 0 skips; last slip col -1; tail slips 0; engage col -1
  [i]  P+66/47+0.2: engaged -1 cycles from the crossing, the close then moved -121..+0 (furthest at column 995); tail: tick 65 cycles after the frame close, +0..+56 (spread 56); 0 repeats, 0 skips; last slip col -1; tail slips 0; engage col -1
  [i]  P+66/47+0.3: engaged -1 cycles from the crossing, the close then moved -121..+0 (furthest at column 995); tail: tick 65 cycles after the frame close, -1..+56 (spread 57); 0 repeats, 0 skips; last slip col -1; tail slips 0; engage col -1
  [i]  P+66/47+1.0: engaged +0 cycles from the crossing, the close then moved -121..+1 (furthest at column 995); tail: tick 64 cycles after the frame close, +0..+57 (spread 57); 1 repeats, 1 skips; last slip col 8; tail slips 0; engage col -1
  [i]  P+66/47+1.0: last slip at column 8; engagement window unbounded columns
  [i]  P+66/47+1.1: engaged +0 cycles from the crossing, the close then moved -121..+0 (furthest at column 989); tail: tick 65 cycles after the frame close, -1..+56 (spread 57); 0 repeats, 0 skips; last slip col -1; tail slips 0; engage col -1
  [i]  P+66/47+1.2: engaged +1 cycles from the crossing, the close then moved -1..+1 (furthest at column 4); tail: tick 1041 cycles after the frame close, -1..+1 (spread 2); 0 repeats, 0 skips; last slip col -1; tail slips 0; engage col -1
  [i]  P+66/47+1.3: engaged +0 cycles from the crossing, the close then moved -121..+0 (furthest at column 995); tail: tick 64 cycles after the frame close, +0..+56 (spread 56); 0 repeats, 0 skips; last slip col -1; tail slips 0; engage col -1
  [i]  P+66/47+2.0: engaged +0 cycles from the crossing, the close then moved -121..+1 (furthest at column 995); tail: tick 64 cycles after the frame close, +0..+57 (spread 57); 1 repeats, 1 skips; last slip col 8; tail slips 0; engage col -1
  [i]  P+66/47+2.0: last slip at column 8; engagement window unbounded columns
  [i]  P+66/47+2.1: engaged +1 cycles from the crossing, the close then moved -1..+0 (furthest at column 0); tail: tick 1041 cycles after the frame close, -1..+1 (spread 2); 0 repeats, 0 skips; last slip col -1; tail slips 0; engage col -1
  [i]  P+66/47+2.2: engaged +1 cycles from the crossing, the close then moved -1..+1 (furthest at column 4); tail: tick 1041 cycles after the frame close, -1..+1 (spread 2); 0 repeats, 0 skips; last slip col -1; tail slips 0; engage col -1
  [i]  P+66/47+2.3: engaged +1 cycles from the crossing, the close then moved -1..+1 (furthest at column 0); tail: tick 1041 cycles after the frame close, -1..+0 (spread 1); 0 repeats, 0 skips; last slip col -1; tail slips 0; engage col -1
  [i]  P+66/47+3.0: engaged +2 cycles from the crossing, the close then moved -1..+1 (furthest at column 0); tail: tick 1039 cycles after the frame close, +0..+1 (spread 1); 0 repeats, 0 skips; last slip col -1; tail slips 0; engage col -1
  [i]  P+66/47+3.1: engaged +2 cycles from the crossing, the close then moved -1..+0 (furthest at column 0); tail: tick 1040 cycles after the frame close, -1..+1 (spread 2); 0 repeats, 0 skips; last slip col -1; tail slips 0; engage col -1
  [i]  P+66/47+3.2: engaged +3 cycles from the crossing, the close then moved -1..+0 (furthest at column 40); tail: tick 1039 cycles after the frame close, -1..+1 (spread 2); 0 repeats, 0 skips; last slip col -1; tail slips 0; engage col -1
  [i]  P+66/47+3.3: engaged +2 cycles from the crossing, the close then moved -1..+1 (furthest at column 0); tail: tick 1040 cycles after the frame close, -1..+0 (spread 1); 0 repeats, 0 skips; last slip col -1; tail slips 0; engage col -1
== capture_coherence: checks: 401   failures: 0 ==
RESULT: PASS

  [i]  calibration, +66 ppm plan: with the TDM clock unheld the first close lands 13 cycles after its tick

[P+66/48] PROBE CRF, +66 ppm plan, every 1 cycles from -1 to +3, 4 quarter-cycle sub-placements, 1000 columns
  [i]  P+66/48-1.0: engaged -2 cycles from the crossing, the close then moved -120..+0 (furthest at column 995); tail: tick 66 cycles after the frame close, -1..+56 (spread 57); 0 repeats, 0 skips; last slip col -1; tail slips 0; engage col -1
  [i]  P+66/48-1.1: engaged -2 cycles from the crossing, the close then moved -121..+0 (furthest at column 995); tail: tick 67 cycles after the frame close, -1..+56 (spread 57); 0 repeats, 0 skips; last slip col -1; tail slips 0; engage col -1
  [i]  P+66/48-1.2: engaged -1 cycles from the crossing, the close then moved -121..+0 (furthest at column 995); tail: tick 65 cycles after the frame close, +0..+56 (spread 56); 0 repeats, 0 skips; last slip col -1; tail slips 0; engage col -1
  [i]  P+66/48-1.3: engaged -2 cycles from the crossing, the close then moved -120..+0 (furthest at column 989); tail: tick 66 cycles after the frame close, -1..+56 (spread 57); 0 repeats, 0 skips; last slip col -1; tail slips 0; engage col -1
  [i]  P+66/48+0.0: engaged -2 cycles from the crossing, the close then moved -120..+0 (furthest at column 995); tail: tick 66 cycles after the frame close, -1..+56 (spread 57); 0 repeats, 0 skips; last slip col -1; tail slips 0; engage col -1
  [i]  P+66/48+0.1: engaged -1 cycles from the crossing, the close then moved -121..+0 (furthest at column 995); tail: tick 66 cycles after the frame close, -1..+56 (spread 57); 0 repeats, 0 skips; last slip col -1; tail slips 0; engage col -1
  [i]  P+66/48+0.2: engaged -1 cycles from the crossing, the close then moved -121..+0 (furthest at column 995); tail: tick 65 cycles after the frame close, +0..+56 (spread 56); 0 repeats, 0 skips; last slip col -1; tail slips 0; engage col -1
  [i]  P+66/48+0.3: engaged -1 cycles from the crossing, the close then moved -121..+0 (furthest at column 995); tail: tick 65 cycles after the frame close, -1..+56 (spread 57); 0 repeats, 0 skips; last slip col -1; tail slips 0; engage col -1
  [i]  P+66/48+1.0: engaged +0 cycles from the crossing, the close then moved -121..+1 (furthest at column 995); tail: tick 64 cycles after the frame close, +0..+57 (spread 57); 1 repeats, 1 skips; last slip col 8; tail slips 0; engage col -1
  [i]  P+66/48+1.0: last slip at column 8; engagement window unbounded columns
  [i]  P+66/48+1.1: engaged +0 cycles from the crossing, the close then moved -121..+0 (furthest at column 989); tail: tick 65 cycles after the frame close, -1..+56 (spread 57); 0 repeats, 0 skips; last slip col -1; tail slips 0; engage col -1
  [i]  P+66/48+1.2: engaged +1 cycles from the crossing, the close then moved -1..+1 (furthest at column 4); tail: tick 1041 cycles after the frame close, -1..+1 (spread 2); 0 repeats, 0 skips; last slip col -1; tail slips 0; engage col -1
  [i]  P+66/48+1.3: engaged +0 cycles from the crossing, the close then moved -121..+0 (furthest at column 995); tail: tick 64 cycles after the frame close, +0..+56 (spread 56); 0 repeats, 0 skips; last slip col -1; tail slips 0; engage col -1
  [i]  P+66/48+2.0: engaged +0 cycles from the crossing, the close then moved -121..+1 (furthest at column 995); tail: tick 64 cycles after the frame close, +0..+57 (spread 57); 1 repeats, 1 skips; last slip col 8; tail slips 0; engage col -1
  [i]  P+66/48+2.0: last slip at column 8; engagement window unbounded columns
  [i]  P+66/48+2.1: engaged +1 cycles from the crossing, the close then moved -1..+0 (furthest at column 0); tail: tick 1041 cycles after the frame close, -1..+1 (spread 2); 0 repeats, 0 skips; last slip col -1; tail slips 0; engage col -1
  [i]  P+66/48+2.2: engaged +1 cycles from the crossing, the close then moved -1..+1 (furthest at column 4); tail: tick 1041 cycles after the frame close, -1..+1 (spread 2); 0 repeats, 0 skips; last slip col -1; tail slips 0; engage col -1
  [i]  P+66/48+2.3: engaged +1 cycles from the crossing, the close then moved -1..+1 (furthest at column 0); tail: tick 1041 cycles after the frame close, -1..+0 (spread 1); 0 repeats, 0 skips; last slip col -1; tail slips 0; engage col -1
  [i]  P+66/48+3.0: engaged +2 cycles from the crossing, the close then moved -1..+1 (furthest at column 0); tail: tick 1039 cycles after the frame close, +0..+1 (spread 1); 0 repeats, 0 skips; last slip col -1; tail slips 0; engage col -1
  [i]  P+66/48+3.1: engaged +2 cycles from the crossing, the close then moved -1..+0 (furthest at column 0); tail: tick 1040 cycles after the frame close, -1..+1 (spread 2); 0 repeats, 0 skips; last slip col -1; tail slips 0; engage col -1
  [i]  P+66/48+3.2: engaged +3 cycles from the crossing, the close then moved -1..+0 (furthest at column 34); tail: tick 1039 cycles after the frame close, -1..+1 (spread 2); 0 repeats, 0 skips; last slip col -1; tail slips 0; engage col -1
  [i]  P+66/48+3.3: engaged +2 cycles from the crossing, the close then moved -1..+1 (furthest at column 0); tail: tick 1040 cycles after the frame close, -1..+0 (spread 1); 0 repeats, 0 skips; last slip col -1; tail slips 0; engage col -1
== capture_coherence: checks: 401   failures: 0 ==
RESULT: PASS

  [i]  calibration, +66 ppm plan: with the TDM clock unheld the first close lands 12 cycles after its tick

[P+66/49] PROBE CRF, +66 ppm plan, every 1 cycles from -1 to +3, 4 quarter-cycle sub-placements, 1000 columns
  [i]  P+66/49-1.0: engaged -1 cycles from the crossing, the close then moved -121..+1 (furthest at column 995); tail: tick 65 cycles after the frame close, -1..+56 (spread 57); 0 repeats, 0 skips; last slip col -1; tail slips 0; engage col -1
  [i]  P+66/49-1.1: engaged +0 cycles from the crossing, the close then moved -121..+0 (furthest at column 989); tail: tick 65 cycles after the frame close, -1..+56 (spread 57); 0 repeats, 0 skips; last slip col -1; tail slips 0; engage col -1
  [i]  P+66/49-1.2: engaged +0 cycles from the crossing, the close then moved -121..+0 (furthest at column 995); tail: tick 64 cycles after the frame close, +0..+57 (spread 57); 0 repeats, 0 skips; last slip col -1; tail slips 0; engage col -1
  [i]  P+66/49-1.3: engaged +0 cycles from the crossing, the close then moved -121..+0 (furthest at column 995); tail: tick 64 cycles after the frame close, +0..+56 (spread 56); 0 repeats, 0 skips; last slip col -1; tail slips 0; engage col -1
  [i]  P+66/49+0.0: engaged -1 cycles from the crossing, the close then moved -121..+1 (furthest at column 995); tail: tick 65 cycles after the frame close, -1..+56 (spread 57); 0 repeats, 0 skips; last slip col -1; tail slips 0; engage col -1
  [i]  P+66/49+0.1: engaged +1 cycles from the crossing, the close then moved -1..+0 (furthest at column 0); tail: tick 1041 cycles after the frame close, -1..+1 (spread 2); 0 repeats, 0 skips; last slip col -1; tail slips 0; engage col -1
  [i]  P+66/49+0.2: engaged +0 cycles from the crossing, the close then moved -121..+0 (furthest at column 995); tail: tick 64 cycles after the frame close, +0..+57 (spread 57); 0 repeats, 0 skips; last slip col -1; tail slips 0; engage col -1
  [i]  P+66/49+0.3: engaged +1 cycles from the crossing, the close then moved -1..+1 (furthest at column 0); tail: tick 1041 cycles after the frame close, -1..+0 (spread 1); 0 repeats, 0 skips; last slip col -1; tail slips 0; engage col -1
  [i]  P+66/49+1.0: engaged +1 cycles from the crossing, the close then moved +0..+1 (furthest at column 0); tail: tick 1040 cycles after the frame close, +0..+1 (spread 1); 0 repeats, 0 skips; last slip col -1; tail slips 0; engage col -1
  [i]  P+66/49+1.1: engaged +2 cycles from the crossing, the close then moved -1..+0 (furthest at column 0); tail: tick 1040 cycles after the frame close, -1..+1 (spread 2); 0 repeats, 0 skips; last slip col -1; tail slips 0; engage col -1
  [i]  P+66/49+1.2: engaged +2 cycles from the crossing, the close then moved -1..+0 (furthest at column 28); tail: tick 1040 cycles after the frame close, -1..+1 (spread 2); 0 repeats, 0 skips; last slip col -1; tail slips 0; engage col -1
  [i]  P+66/49+1.3: engaged +2 cycles from the crossing, the close then moved -1..+1 (furthest at column 0); tail: tick 1040 cycles after the frame close, -1..+0 (spread 1); 0 repeats, 0 skips; last slip col -1; tail slips 0; engage col -1
  [i]  P+66/49+2.0: engaged +1 cycles from the crossing, the close then moved +0..+1 (furthest at column 0); tail: tick 1040 cycles after the frame close, +0..+1 (spread 1); 0 repeats, 0 skips; last slip col -1; tail slips 0; engage col -1
  [i]  P+66/49+2.1: engaged +3 cycles from the crossing, the close then moved -1..+0 (furthest at column 0); tail: tick 1039 cycles after the frame close, +0..+1 (spread 1); 0 repeats, 0 skips; last slip col -1; tail slips 0; engage col -1
  [i]  P+66/49+2.2: engaged +2 cycles from the crossing, the close then moved -1..+0 (furthest at column 16); tail: tick 1040 cycles after the frame close, -1..+1 (spread 2); 0 repeats, 0 skips; last slip col -1; tail slips 0; engage col -1
  [i]  P+66/49+2.3: engaged +3 cycles from the crossing, the close then moved -1..+1 (furthest at column 0); tail: tick 1039 cycles after the frame close, -1..+1 (spread 2); 0 repeats, 0 skips; last slip col -1; tail slips 0; engage col -1
  [i]  P+66/49+3.0: engaged +3 cycles from the crossing, the close then moved -1..+1 (furthest at column 0); tail: tick 1038 cycles after the frame close, +0..+1 (spread 1); 0 repeats, 0 skips; last slip col -1; tail slips 0; engage col -1
  [i]  P+66/49+3.1: engaged +4 cycles from the crossing, the close then moved -2..+0 (furthest at column 484); tail: tick 1038 cycles after the frame close, +0..+1 (spread 1); 0 repeats, 0 skips; last slip col -1; tail slips 0; engage col -1
  [i]  P+66/49+3.2: engaged +4 cycles from the crossing, the close then moved -1..+0 (furthest at column 28); tail: tick 1039 cycles after the frame close, -1..+0 (spread 1); 0 repeats, 0 skips; last slip col -1; tail slips 0; engage col -1
  [i]  P+66/49+3.3: engaged +4 cycles from the crossing, the close then moved -1..+1 (furthest at column 0); tail: tick 1039 cycles after the frame close, -1..+0 (spread 1); 0 repeats, 0 skips; last slip col -1; tail slips 0; engage col -1
== capture_coherence: checks: 401   failures: 0 ==
RESULT: PASS

  [i]  calibration, +66 ppm plan: with the TDM clock unheld the first close lands 12 cycles after its tick

[P+66/50] PROBE CRF, +66 ppm plan, every 1 cycles from -1 to +3, 4 quarter-cycle sub-placements, 1000 columns
  [i]  P+66/50-1.0: engaged -1 cycles from the crossing, the close then moved -121..+1 (furthest at column 995); tail: tick 65 cycles after the frame close, -1..+56 (spread 57); 0 repeats, 0 skips; last slip col -1; tail slips 0; engage col -1
  [i]  P+66/50-1.1: engaged +0 cycles from the crossing, the close then moved -121..+0 (furthest at column 989); tail: tick 65 cycles after the frame close, -1..+56 (spread 57); 0 repeats, 0 skips; last slip col -1; tail slips 0; engage col -1
  [i]  P+66/50-1.2: engaged +0 cycles from the crossing, the close then moved -121..+0 (furthest at column 995); tail: tick 64 cycles after the frame close, +0..+57 (spread 57); 0 repeats, 0 skips; last slip col -1; tail slips 0; engage col -1
  [i]  P+66/50-1.3: engaged +0 cycles from the crossing, the close then moved -121..+0 (furthest at column 995); tail: tick 64 cycles after the frame close, +0..+56 (spread 56); 0 repeats, 0 skips; last slip col -1; tail slips 0; engage col -1
  [i]  P+66/50+0.0: engaged -1 cycles from the crossing, the close then moved -121..+1 (furthest at column 995); tail: tick 65 cycles after the frame close, -1..+56 (spread 57); 0 repeats, 0 skips; last slip col -1; tail slips 0; engage col -1
  [i]  P+66/50+0.1: engaged +1 cycles from the crossing, the close then moved -1..+0 (furthest at column 0); tail: tick 1041 cycles after the frame close, -1..+1 (spread 2); 0 repeats, 0 skips; last slip col -1; tail slips 0; engage col -1
  [i]  P+66/50+0.2: engaged +0 cycles from the crossing, the close then moved -121..+0 (furthest at column 995); tail: tick 64 cycles after the frame close, +0..+57 (spread 57); 0 repeats, 0 skips; last slip col -1; tail slips 0; engage col -1
  [i]  P+66/50+0.3: engaged +1 cycles from the crossing, the close then moved -1..+1 (furthest at column 0); tail: tick 1041 cycles after the frame close, -1..+0 (spread 1); 0 repeats, 0 skips; last slip col -1; tail slips 0; engage col -1
  [i]  P+66/50+1.0: engaged +1 cycles from the crossing, the close then moved +0..+1 (furthest at column 0); tail: tick 1040 cycles after the frame close, +0..+1 (spread 1); 0 repeats, 0 skips; last slip col -1; tail slips 0; engage col -1
  [i]  P+66/50+1.1: engaged +2 cycles from the crossing, the close then moved -1..+0 (furthest at column 0); tail: tick 1040 cycles after the frame close, +0..+1 (spread 1); 0 repeats, 0 skips; last slip col -1; tail slips 0; engage col -1
  [i]  P+66/50+1.2: engaged +2 cycles from the crossing, the close then moved -1..+0 (furthest at column 16); tail: tick 1040 cycles after the frame close, -1..+1 (spread 2); 0 repeats, 0 skips; last slip col -1; tail slips 0; engage col -1
  [i]  P+66/50+1.3: engaged +2 cycles from the crossing, the close then moved -1..+1 (furthest at column 0); tail: tick 1040 cycles after the frame close, -1..+0 (spread 1); 0 repeats, 0 skips; last slip col -1; tail slips 0; engage col -1
  [i]  P+66/50+2.0: engaged +1 cycles from the crossing, the close then moved -1..+1 (furthest at column 0); tail: tick 1040 cycles after the frame close, +0..+1 (spread 1); 0 repeats, 0 skips; last slip col -1; tail slips 0; engage col -1
  [i]  P+66/50+2.1: engaged +3 cycles from the crossing, the close then moved -1..+0 (furthest at column 0); tail: tick 1039 cycles after the frame close, +0..+1 (spread 1); 0 repeats, 0 skips; last slip col -1; tail slips 0; engage col -1
  [i]  P+66/50+2.2: engaged +2 cycles from the crossing, the close then moved -1..+0 (furthest at column 10); tail: tick 1040 cycles after the frame close, -1..+1 (spread 2); 0 repeats, 0 skips; last slip col -1; tail slips 0; engage col -1
  [i]  P+66/50+2.3: engaged +3 cycles from the crossing, the close then moved -1..+1 (furthest at column 0); tail: tick 1039 cycles after the frame close, -1..+1 (spread 2); 0 repeats, 0 skips; last slip col -1; tail slips 0; engage col -1
  [i]  P+66/50+3.0: engaged +3 cycles from the crossing, the close then moved -1..+1 (furthest at column 0); tail: tick 1038 cycles after the frame close, +0..+1 (spread 1); 0 repeats, 0 skips; last slip col -1; tail slips 0; engage col -1
  [i]  P+66/50+3.1: engaged +4 cycles from the crossing, the close then moved -2..+0 (furthest at column 472); tail: tick 1038 cycles after the frame close, +0..+1 (spread 1); 0 repeats, 0 skips; last slip col -1; tail slips 0; engage col -1
  [i]  P+66/50+3.2: engaged +4 cycles from the crossing, the close then moved -1..+0 (furthest at column 16); tail: tick 1039 cycles after the frame close, -1..+0 (spread 1); 0 repeats, 0 skips; last slip col -1; tail slips 0; engage col -1
  [i]  P+66/50+3.3: engaged +4 cycles from the crossing, the close then moved -1..+1 (furthest at column 0); tail: tick 1039 cycles after the frame close, -1..+0 (spread 1); 0 repeats, 0 skips; last slip col -1; tail slips 0; engage col -1
== capture_coherence: checks: 401   failures: 0 ==
RESULT: PASS

  [i]  calibration, +66 ppm plan: with the TDM clock unheld the first close lands 12 cycles after its tick

[P+66/51] PROBE CRF, +66 ppm plan, every 1 cycles from -1 to +3, 4 quarter-cycle sub-placements, 1000 columns
  [i]  P+66/51-1.0: engaged -2 cycles from the crossing, the close then moved -120..+0 (furthest at column 995); tail: tick 66 cycles after the frame close, -1..+56 (spread 57); 0 repeats, 0 skips; last slip col -1; tail slips 0; engage col -1
  [i]  P+66/51-1.1: engaged -1 cycles from the crossing, the close then moved -121..+0 (furthest at column 995); tail: tick 66 cycles after the frame close, -1..+56 (spread 57); 0 repeats, 0 skips; last slip col -1; tail slips 0; engage col -1
  [i]  P+66/51-1.2: engaged -1 cycles from the crossing, the close then moved -121..+0 (furthest at column 995); tail: tick 65 cycles after the frame close, +0..+56 (spread 56); 0 repeats, 0 skips; last slip col -1; tail slips 0; engage col -1
  [i]  P+66/51-1.3: engaged -1 cycles from the crossing, the close then moved -121..+0 (furthest at column 995); tail: tick 65 cycles after the frame close, -1..+57 (spread 58); 0 repeats, 0 skips; last slip col -1; tail slips 0; engage col -1
  [i]  P+66/51+0.0: engaged +0 cycles from the crossing, the close then moved -121..+1 (furthest at column 995); tail: tick 64 cycles after the frame close, +0..+57 (spread 57); 1 repeats, 1 skips; last slip col 8; tail slips 0; engage col -1
  [i]  P+66/51+0.0: last slip at column 8; engagement window unbounded columns
  [i]  P+66/51+0.1: engaged +0 cycles from the crossing, the close then moved -121..+0 (furthest at column 989); tail: tick 65 cycles after the frame close, -1..+56 (spread 57); 0 repeats, 0 skips; last slip col -1; tail slips 0; engage col -1
  [i]  P+66/51+0.2: engaged +1 cycles from the crossing, the close then moved -1..+1 (furthest at column 4); tail: tick 1041 cycles after the frame close, -1..+1 (spread 2); 0 repeats, 0 skips; last slip col -1; tail slips 0; engage col -1
  [i]  P+66/51+0.3: engaged +0 cycles from the crossing, the close then moved -121..+0 (furthest at column 989); tail: tick 64 cycles after the frame close, +0..+57 (spread 57); 0 repeats, 0 skips; last slip col -1; tail slips 0; engage col -1
  [i]  P+66/51+1.0: engaged +0 cycles from the crossing, the close then moved -121..+1 (furthest at column 995); tail: tick 64 cycles after the frame close, +0..+57 (spread 57); 1 repeats, 1 skips; last slip col 8; tail slips 0; engage col -1
  [i]  P+66/51+1.0: last slip at column 8; engagement window unbounded columns
  [i]  P+66/51+1.1: engaged +1 cycles from the crossing, the close then moved -1..+0 (furthest at column 0); tail: tick 1041 cycles after the frame close, -1..+1 (spread 2); 0 repeats, 0 skips; last slip col -1; tail slips 0; engage col -1
  [i]  P+66/51+1.2: engaged +1 cycles from the crossing, the close then moved -1..+0 (furthest at column 100); tail: tick 1041 cycles after the frame close, -1..+1 (spread 2); 0 repeats, 0 skips; last slip col -1; tail slips 0; engage col -1
  [i]  P+66/51+1.3: engaged +1 cycles from the crossing, the close then moved -1..+1 (furthest at column 0); tail: tick 1041 cycles after the frame close, -1..+0 (spread 1); 0 repeats, 0 skips; last slip col -1; tail slips 0; engage col -1
  [i]  P+66/51+2.0: engaged +2 cycles from the crossing, the close then moved -1..+1 (furthest at column 0); tail: tick 1039 cycles after the frame close, +0..+1 (spread 1); 0 repeats, 0 skips; last slip col -1; tail slips 0; engage col -1
  [i]  P+66/51+2.1: engaged +2 cycles from the crossing, the close then moved -1..+0 (furthest at column 0); tail: tick 1040 cycles after the frame close, +0..+1 (spread 1); 0 repeats, 0 skips; last slip col -1; tail slips 0; engage col -1
  [i]  P+66/51+2.2: engaged +3 cycles from the crossing, the close then moved -1..+0 (furthest at column 10); tail: tick 1039 cycles after the frame close, +0..+1 (spread 1); 0 repeats, 0 skips; last slip col -1; tail slips 0; engage col -1
  [i]  P+66/51+2.3: engaged +2 cycles from the crossing, the close then moved -1..+1 (furthest at column 0); tail: tick 1040 cycles after the frame close, -1..+0 (spread 1); 0 repeats, 0 skips; last slip col -1; tail slips 0; engage col -1
  [i]  P+66/51+3.0: engaged +2 cycles from the crossing, the close then moved -1..+1 (furthest at column 0); tail: tick 1039 cycles after the frame close, +0..+1 (spread 1); 0 repeats, 0 skips; last slip col -1; tail slips 0; engage col -1
  [i]  P+66/51+3.1: engaged +3 cycles from the crossing, the close then moved -1..+0 (furthest at column 0); tail: tick 1039 cycles after the frame close, +0..+1 (spread 1); 0 repeats, 0 skips; last slip col -1; tail slips 0; engage col -1
  [i]  P+66/51+3.2: engaged +3 cycles from the crossing, the close then moved -1..+0 (furthest at column 4); tail: tick 1039 cycles after the frame close, +0..+1 (spread 1); 0 repeats, 0 skips; last slip col -1; tail slips 0; engage col -1
  [i]  P+66/51+3.3: engaged +3 cycles from the crossing, the close then moved -1..+1 (furthest at column 0); tail: tick 1039 cycles after the frame close, -1..+1 (spread 2); 0 repeats, 0 skips; last slip col -1; tail slips 0; engage col -1
== capture_coherence: checks: 401   failures: 0 ==
RESULT: PASS

  [i]  calibration, +66 ppm plan: with the TDM clock unheld the first close lands 12 cycles after its tick

[P+66/52] PROBE CRF, +66 ppm plan, every 1 cycles from -1 to +3, 4 quarter-cycle sub-placements, 1000 columns
  [i]  P+66/52-1.0: engaged -2 cycles from the crossing, the close then moved -120..+0 (furthest at column 995); tail: tick 66 cycles after the frame close, -1..+56 (spread 57); 0 repeats, 0 skips; last slip col -1; tail slips 0; engage col -1
  [i]  P+66/52-1.1: engaged -1 cycles from the crossing, the close then moved -121..+0 (furthest at column 995); tail: tick 66 cycles after the frame close, -1..+56 (spread 57); 0 repeats, 0 skips; last slip col -1; tail slips 0; engage col -1
  [i]  P+66/52-1.2: engaged -1 cycles from the crossing, the close then moved -121..+0 (furthest at column 995); tail: tick 65 cycles after the frame close, +0..+56 (spread 56); 0 repeats, 0 skips; last slip col -1; tail slips 0; engage col -1
  [i]  P+66/52-1.3: engaged -1 cycles from the crossing, the close then moved -121..+0 (furthest at column 995); tail: tick 65 cycles after the frame close, +0..+57 (spread 57); 0 repeats, 0 skips; last slip col -1; tail slips 0; engage col -1
  [i]  P+66/52+0.0: engaged +0 cycles from the crossing, the close then moved -121..+1 (furthest at column 995); tail: tick 64 cycles after the frame close, +0..+57 (spread 57); 1 repeats, 1 skips; last slip col 8; tail slips 0; engage col -1
  [i]  P+66/52+0.0: last slip at column 8; engagement window unbounded columns
  [i]  P+66/52+0.1: engaged +0 cycles from the crossing, the close then moved -121..+0 (furthest at column 989); tail: tick 65 cycles after the frame close, -1..+56 (spread 57); 0 repeats, 0 skips; last slip col -1; tail slips 0; engage col -1
  [i]  P+66/52+0.2: engaged +1 cycles from the crossing, the close then moved -1..+0 (furthest at column 100); tail: tick 1041 cycles after the frame close, -1..+1 (spread 2); 0 repeats, 0 skips; last slip col -1; tail slips 0; engage col -1
  [i]  P+66/52+0.3: engaged +0 cycles from the crossing, the close then moved -121..+0 (furthest at column 989); tail: tick 64 cycles after the frame close, +0..+57 (spread 57); 0 repeats, 0 skips; last slip col -1; tail slips 0; engage col -1
  [i]  P+66/52+1.0: engaged +0 cycles from the crossing, the close then moved -121..+1 (furthest at column 995); tail: tick 64 cycles after the frame close, +0..+56 (spread 56); 1 repeats, 1 skips; last slip col 8; tail slips 0; engage col -1
  [i]  P+66/52+1.0: last slip at column 8; engagement window unbounded columns
  [i]  P+66/52+1.1: engaged +1 cycles from the crossing, the close then moved -1..+0 (furthest at column 0); tail: tick 1041 cycles after the frame close, -1..+1 (spread 2); 0 repeats, 0 skips; last slip col -1; tail slips 0; engage col -1
  [i]  P+66/52+1.2: engaged +1 cycles from the crossing, the close then moved -1..+0 (furthest at column 0); tail: tick 1041 cycles after the frame close, -1..+1 (spread 2); 0 repeats, 0 skips; last slip col -1; tail slips 0; engage col -1
  [i]  P+66/52+1.3: engaged +1 cycles from the crossing, the close then moved -1..+1 (furthest at column 0); tail: tick 1041 cycles after the frame close, -1..+0 (spread 1); 0 repeats, 0 skips; last slip col -1; tail slips 0; engage col -1
  [i]  P+66/52+2.0: engaged +2 cycles from the crossing, the close then moved -1..+1 (furthest at column 0); tail: tick 1039 cycles after the frame close, +0..+1 (spread 1); 0 repeats, 0 skips; last slip col -1; tail slips 0; engage col -1
  [i]  P+66/52+2.1: engaged +2 cycles from the crossing, the close then moved -1..+0 (furthest at column 0); tail: tick 1040 cycles after the frame close, +0..+1 (spread 1); 0 repeats, 0 skips; last slip col -1; tail slips 0; engage col -1
  [i]  P+66/52+2.2: engaged +3 cycles from the crossing, the close then moved -1..+0 (furthest at column 4); tail: tick 1039 cycles after the frame close, +0..+1 (spread 1); 0 repeats, 0 skips; last slip col -1; tail slips 0; engage col -1
  [i]  P+66/52+2.3: engaged +2 cycles from the crossing, the close then moved -1..+1 (furthest at column 0); tail: tick 1040 cycles after the frame close, -1..+0 (spread 1); 0 repeats, 0 skips; last slip col -1; tail slips 0; engage col -1
  [i]  P+66/52+3.0: engaged +3 cycles from the crossing, the close then moved -1..+1 (furthest at column 0); tail: tick 1038 cycles after the frame close, +0..+1 (spread 1); 0 repeats, 0 skips; last slip col -1; tail slips 0; engage col -1
  [i]  P+66/52+3.1: engaged +4 cycles from the crossing, the close then moved -2..+0 (furthest at column 460); tail: tick 1038 cycles after the frame close, +0..+1 (spread 1); 0 repeats, 0 skips; last slip col -1; tail slips 0; engage col -1
  [i]  P+66/52+3.2: engaged +4 cycles from the crossing, the close then moved -1..+0 (furthest at column 4); tail: tick 1039 cycles after the frame close, -1..+0 (spread 1); 0 repeats, 0 skips; last slip col -1; tail slips 0; engage col -1
  [i]  P+66/52+3.3: engaged +4 cycles from the crossing, the close then moved -1..+1 (furthest at column 0); tail: tick 1039 cycles after the frame close, -1..+0 (spread 1); 0 repeats, 0 skips; last slip col -1; tail slips 0; engage col -1
== capture_coherence: checks: 401   failures: 0 ==
RESULT: PASS

  [i]  calibration, +66 ppm plan: with the TDM clock unheld the first close lands 12 cycles after its tick

[P+66/53] PROBE CRF, +66 ppm plan, every 1 cycles from -1 to +3, 4 quarter-cycle sub-placements, 1000 columns
  [i]  P+66/53-1.0: engaged -2 cycles from the crossing, the close then moved -120..+0 (furthest at column 995); tail: tick 66 cycles after the frame close, -1..+56 (spread 57); 0 repeats, 0 skips; last slip col -1; tail slips 0; engage col -1
  [i]  P+66/53-1.1: engaged -1 cycles from the crossing, the close then moved -121..+0 (furthest at column 995); tail: tick 66 cycles after the frame close, -1..+56 (spread 57); 0 repeats, 0 skips; last slip col -1; tail slips 0; engage col -1
  [i]  P+66/53-1.2: engaged -1 cycles from the crossing, the close then moved -121..+0 (furthest at column 995); tail: tick 65 cycles after the frame close, +0..+56 (spread 56); 0 repeats, 0 skips; last slip col -1; tail slips 0; engage col -1
  [i]  P+66/53-1.3: engaged -1 cycles from the crossing, the close then moved -121..+0 (furthest at column 995); tail: tick 65 cycles after the frame close, +0..+56 (spread 56); 0 repeats, 0 skips; last slip col -1; tail slips 0; engage col -1
  [i]  P+66/53+0.0: engaged +0 cycles from the crossing, the close then moved -121..+1 (furthest at column 995); tail: tick 64 cycles after the frame close, +0..+57 (spread 57); 1 repeats, 1 skips; last slip col 8; tail slips 0; engage col -1
  [i]  P+66/53+0.0: last slip at column 8; engagement window unbounded columns
  [i]  P+66/53+0.1: engaged +0 cycles from the crossing, the close then moved -121..+0 (furthest at column 989); tail: tick 65 cycles after the frame close, -1..+56 (spread 57); 0 repeats, 0 skips; last slip col -1; tail slips 0; engage col -1
  [i]  P+66/53+0.2: engaged +1 cycles from the crossing, the close then moved -1..+0 (furthest at column 0); tail: tick 1041 cycles after the frame close, -1..+1 (spread 2); 0 repeats, 0 skips; last slip col -1; tail slips 0; engage col -1
  [i]  P+66/53+0.3: engaged +0 cycles from the crossing, the close then moved -121..+0 (furthest at column 989); tail: tick 64 cycles after the frame close, +0..+57 (spread 57); 0 repeats, 0 skips; last slip col -1; tail slips 0; engage col -1
  [i]  P+66/53+1.0: engaged +0 cycles from the crossing, the close then moved -121..+1 (furthest at column 995); tail: tick 64 cycles after the frame close, +0..+56 (spread 56); 1 repeats, 1 skips; last slip col 8; tail slips 0; engage col -1
  [i]  P+66/53+1.0: last slip at column 8; engagement window unbounded columns
  [i]  P+66/53+1.1: engaged +1 cycles from the crossing, the close then moved -1..+0 (furthest at column 0); tail: tick 1041 cycles after the frame close, -1..+1 (spread 2); 0 repeats, 0 skips; last slip col -1; tail slips 0; engage col -1
  [i]  P+66/53+1.2: engaged +1 cycles from the crossing, the close then moved -1..+0 (furthest at column 0); tail: tick 1041 cycles after the frame close, -1..+1 (spread 2); 0 repeats, 0 skips; last slip col -1; tail slips 0; engage col -1
  [i]  P+66/53+1.3: engaged +1 cycles from the crossing, the close then moved -1..+1 (furthest at column 0); tail: tick 1041 cycles after the frame close, -1..+0 (spread 1); 0 repeats, 0 skips; last slip col -1; tail slips 0; engage col -1
  [i]  P+66/53+2.0: engaged +1 cycles from the crossing, the close then moved -1..+1 (furthest at column 0); tail: tick 1040 cycles after the frame close, +0..+1 (spread 1); 0 repeats, 0 skips; last slip col -1; tail slips 0; engage col -1
  [i]  P+66/53+2.1: engaged +3 cycles from the crossing, the close then moved -1..+0 (furthest at column 0); tail: tick 1039 cycles after the frame close, +0..+1 (spread 1); 0 repeats, 0 skips; last slip col -1; tail slips 0; engage col -1
  [i]  P+66/53+2.2: engaged +2 cycles from the crossing, the close then moved -1..+0 (furthest at column 0); tail: tick 1040 cycles after the frame close, -1..+1 (spread 2); 0 repeats, 0 skips; last slip col -1; tail slips 0; engage col -1
  [i]  P+66/53+2.3: engaged +3 cycles from the crossing, the close then moved -1..+1 (furthest at column 0); tail: tick 1039 cycles after the frame close, -1..+1 (spread 2); 0 repeats, 0 skips; last slip col -1; tail slips 0; engage col -1
  [i]  P+66/53+3.0: engaged +2 cycles from the crossing, the close then moved -1..+1 (furthest at column 0); tail: tick 1039 cycles after the frame close, +0..+1 (spread 1); 0 repeats, 0 skips; last slip col -1; tail slips 0; engage col -1
  [i]  P+66/53+3.1: engaged +3 cycles from the crossing, the close then moved -1..+0 (furthest at column 0); tail: tick 1039 cycles after the frame close, +0..+1 (spread 1); 0 repeats, 0 skips; last slip col -1; tail slips 0; engage col -1
  [i]  P+66/53+3.2: engaged +3 cycles from the crossing, the close then moved -1..+0 (furthest at column 0); tail: tick 1039 cycles after the frame close, +0..+1 (spread 1); 0 repeats, 0 skips; last slip col -1; tail slips 0; engage col -1
  [i]  P+66/53+3.3: engaged +3 cycles from the crossing, the close then moved -1..+1 (furthest at column 0); tail: tick 1039 cycles after the frame close, -1..+1 (spread 2); 0 repeats, 0 skips; last slip col -1; tail slips 0; engage col -1
== capture_coherence: checks: 401   failures: 0 ==
RESULT: PASS

  [i]  calibration, +66 ppm plan: with the TDM clock unheld the first close lands 12 cycles after its tick

[P+66/54] PROBE CRF, +66 ppm plan, every 1 cycles from -1 to +3, 4 quarter-cycle sub-placements, 1000 columns
  [i]  P+66/54-1.0: engaged -2 cycles from the crossing, the close then moved -120..+0 (furthest at column 989); tail: tick 66 cycles after the frame close, -1..+56 (spread 57); 0 repeats, 0 skips; last slip col -1; tail slips 0; engage col -1
  [i]  P+66/54-1.1: engaged -1 cycles from the crossing, the close then moved -121..+0 (furthest at column 995); tail: tick 66 cycles after the frame close, -1..+56 (spread 57); 0 repeats, 0 skips; last slip col -1; tail slips 0; engage col -1
  [i]  P+66/54-1.2: engaged -1 cycles from the crossing, the close then moved -121..+0 (furthest at column 995); tail: tick 65 cycles after the frame close, +0..+56 (spread 56); 0 repeats, 0 skips; last slip col -1; tail slips 0; engage col -1
  [i]  P+66/54-1.3: engaged -1 cycles from the crossing, the close then moved -121..+0 (furthest at column 995); tail: tick 65 cycles after the frame close, +0..+56 (spread 56); 0 repeats, 0 skips; last slip col -1; tail slips 0; engage col -1
  [i]  P+66/54+0.0: engaged +0 cycles from the crossing, the close then moved -121..+1 (furthest at column 995); tail: tick 64 cycles after the frame close, +0..+56 (spread 56); 1 repeats, 1 skips; last slip col 8; tail slips 0; engage col -1
  [i]  P+66/54+0.0: last slip at column 8; engagement window unbounded columns
  [i]  P+66/54+0.1: engaged +0 cycles from the crossing, the close then moved -121..+0 (furthest at column 989); tail: tick 65 cycles after the frame close, -1..+56 (spread 57); 0 repeats, 0 skips; last slip col -1; tail slips 0; engage col -1
  [i]  P+66/54+0.2: engaged +1 cycles from the crossing, the close then moved -1..+0 (furthest at column 0); tail: tick 1041 cycles after the frame close, -1..+1 (spread 2); 0 repeats, 0 skips; last slip col -1; tail slips 0; engage col -1
  [i]  P+66/54+0.3: engaged +0 cycles from the crossing, the close then moved -121..+0 (furthest at column 995); tail: tick 64 cycles after the frame close, +0..+57 (spread 57); 0 repeats, 0 skips; last slip col -1; tail slips 0; engage col -1
  [i]  P+66/54+1.0: engaged +1 cycles from the crossing, the close then moved -1..+1 (furthest at column 0); tail: tick 1040 cycles after the frame close, +0..+1 (spread 1); 0 repeats, 0 skips; last slip col -1; tail slips 0; engage col -1
  [i]  P+66/54+1.1: engaged +2 cycles from the crossing, the close then moved -1..+0 (furthest at column 0); tail: tick 1040 cycles after the frame close, +0..+1 (spread 1); 0 repeats, 0 skips; last slip col -1; tail slips 0; engage col -1
  [i]  P+66/54+1.2: engaged +2 cycles from the crossing, the close then moved -1..+0 (furthest at column 0); tail: tick 1040 cycles after the frame close, -1..+1 (spread 2); 0 repeats, 0 skips; last slip col -1; tail slips 0; engage col -1
  [i]  P+66/54+1.3: engaged +2 cycles from the crossing, the close then moved -1..+1 (furthest at column 0); tail: tick 1040 cycles after the frame close, -1..+0 (spread 1); 0 repeats, 0 skips; last slip col -1; tail slips 0; engage col -1
  [i]  P+66/54+2.0: engaged +2 cycles from the crossing, the close then moved -1..+1 (furthest at column 0); tail: tick 1039 cycles after the frame close, +0..+1 (spread 1); 0 repeats, 0 skips; last slip col -1; tail slips 0; engage col -1
  [i]  P+66/54+2.1: engaged +2 cycles from the crossing, the close then moved -1..+0 (furthest at column 0); tail: tick 1040 cycles after the frame close, +0..+1 (spread 1); 0 repeats, 0 skips; last slip col -1; tail slips 0; engage col -1
  [i]  P+66/54+2.2: engaged +3 cycles from the crossing, the close then moved -1..+0 (furthest at column 0); tail: tick 1039 cycles after the frame close, +0..+1 (spread 1); 0 repeats, 0 skips; last slip col -1; tail slips 0; engage col -1
  [i]  P+66/54+2.3: engaged +2 cycles from the crossing, the close then moved -1..+1 (furthest at column 0); tail: tick 1040 cycles after the frame close, -1..+1 (spread 2); 0 repeats, 0 skips; last slip col -1; tail slips 0; engage col -1
  [i]  P+66/54+3.0: engaged +3 cycles from the crossing, the close then moved -1..+1 (furthest at column 0); tail: tick 1038 cycles after the frame close, +0..+1 (spread 1); 0 repeats, 0 skips; last slip col -1; tail slips 0; engage col -1
  [i]  P+66/54+3.1: engaged +4 cycles from the crossing, the close then moved -2..+0 (furthest at column 442); tail: tick 1038 cycles after the frame close, +0..+1 (spread 1); 0 repeats, 0 skips; last slip col -1; tail slips 0; engage col -1
  [i]  P+66/54+3.2: engaged +4 cycles from the crossing, the close then moved -1..+0 (furthest at column 0); tail: tick 1038 cycles after the frame close, +0..+1 (spread 1); 0 repeats, 0 skips; last slip col -1; tail slips 0; engage col -1
  [i]  P+66/54+3.3: engaged +4 cycles from the crossing, the close then moved -1..+1 (furthest at column 0); tail: tick 1039 cycles after the frame close, -1..+0 (spread 1); 0 repeats, 0 skips; last slip col -1; tail slips 0; engage col -1
== capture_coherence: checks: 401   failures: 0 ==
RESULT: PASS

  [i]  calibration, +66 ppm plan: with the TDM clock unheld the first close lands 12 cycles after its tick

[P+66/55] PROBE CRF, +66 ppm plan, every 1 cycles from -1 to +3, 4 quarter-cycle sub-placements, 1000 columns
  [i]  P+66/55-1.0: engaged -2 cycles from the crossing, the close then moved -120..+0 (furthest at column 989); tail: tick 66 cycles after the frame close, -1..+56 (spread 57); 0 repeats, 0 skips; last slip col -1; tail slips 0; engage col -1
  [i]  P+66/55-1.1: engaged -1 cycles from the crossing, the close then moved -121..+0 (furthest at column 995); tail: tick 66 cycles after the frame close, -1..+56 (spread 57); 0 repeats, 0 skips; last slip col -1; tail slips 0; engage col -1
  [i]  P+66/55-1.2: engaged -1 cycles from the crossing, the close then moved -121..+0 (furthest at column 995); tail: tick 65 cycles after the frame close, +0..+56 (spread 56); 0 repeats, 0 skips; last slip col -1; tail slips 0; engage col -1
  [i]  P+66/55-1.3: engaged -1 cycles from the crossing, the close then moved -121..+0 (furthest at column 995); tail: tick 65 cycles after the frame close, +0..+56 (spread 56); 0 repeats, 0 skips; last slip col -1; tail slips 0; engage col -1
  [i]  P+66/55+0.0: engaged -1 cycles from the crossing, the close then moved -121..+1 (furthest at column 995); tail: tick 65 cycles after the frame close, -1..+56 (spread 57); 0 repeats, 0 skips; last slip col -1; tail slips 0; engage col -1
  [i]  P+66/55+0.1: engaged +1 cycles from the crossing, the close then moved -1..+0 (furthest at column 0); tail: tick 1041 cycles after the frame close, -1..+1 (spread 2); 0 repeats, 0 skips; last slip col -1; tail slips 0; engage col -1
  [i]  P+66/55+0.2: engaged +0 cycles from the crossing, the close then moved -121..+0 (furthest at column 995); tail: tick 64 cycles after the frame close, +0..+57 (spread 57); 0 repeats, 0 skips; last slip col -1; tail slips 0; engage col -1
  [i]  P+66/55+0.3: engaged +1 cycles from the crossing, the close then moved -1..+1 (furthest at column 0); tail: tick 1041 cycles after the frame close, -1..+0 (spread 1); 0 repeats, 0 skips; last slip col -1; tail slips 0; engage col -1
  [i]  P+66/55+1.0: engaged +0 cycles from the crossing, the close then moved -121..+1 (furthest at column 995); tail: tick 64 cycles after the frame close, +0..+56 (spread 56); 1 repeats, 1 skips; last slip col 8; tail slips 0; engage col -1
  [i]  P+66/55+1.0: last slip at column 8; engagement window unbounded columns
  [i]  P+66/55+1.1: engaged +1 cycles from the crossing, the close then moved -1..+0 (furthest at column 0); tail: tick 1041 cycles after the frame close, -1..+1 (spread 2); 0 repeats, 0 skips; last slip col -1; tail slips 0; engage col -1
  [i]  P+66/55+1.2: engaged +1 cycles from the crossing, the close then moved -1..+0 (furthest at column 0); tail: tick 1041 cycles after the frame close, -1..+1 (spread 2); 0 repeats, 0 skips; last slip col -1; tail slips 0; engage col -1
  [i]  P+66/55+1.3: engaged +1 cycles from the crossing, the close then moved -1..+1 (furthest at column 4); tail: tick 1041 cycles after the frame close, -1..+0 (spread 1); 0 repeats, 0 skips; last slip col -1; tail slips 0; engage col -1
  [i]  P+66/55+2.0: engaged +1 cycles from the crossing, the close then moved -1..+1 (furthest at column 0); tail: tick 1040 cycles after the frame close, +0..+1 (spread 1); 0 repeats, 0 skips; last slip col -1; tail slips 0; engage col -1
  [i]  P+66/55+2.1: engaged +3 cycles from the crossing, the close then moved -1..+0 (furthest at column 0); tail: tick 1039 cycles after the frame close, +0..+1 (spread 1); 0 repeats, 0 skips; last slip col -1; tail slips 0; engage col -1
  [i]  P+66/55+2.2: engaged +2 cycles from the crossing, the close then moved -1..+0 (furthest at column 0); tail: tick 1040 cycles after the frame close, -1..+1 (spread 2); 0 repeats, 0 skips; last slip col -1; tail slips 0; engage col -1
  [i]  P+66/55+2.3: engaged +3 cycles from the crossing, the close then moved -1..+1 (furthest at column 0); tail: tick 1039 cycles after the frame close, -1..+1 (spread 2); 0 repeats, 0 skips; last slip col -1; tail slips 0; engage col -1
  [i]  P+66/55+3.0: engaged +2 cycles from the crossing, the close then moved -1..+1 (furthest at column 0); tail: tick 1039 cycles after the frame close, +0..+1 (spread 1); 0 repeats, 0 skips; last slip col -1; tail slips 0; engage col -1
  [i]  P+66/55+3.1: engaged +3 cycles from the crossing, the close then moved -1..+0 (furthest at column 0); tail: tick 1039 cycles after the frame close, +0..+1 (spread 1); 0 repeats, 0 skips; last slip col -1; tail slips 0; engage col -1
  [i]  P+66/55+3.2: engaged +3 cycles from the crossing, the close then moved -1..+0 (furthest at column 0); tail: tick 1039 cycles after the frame close, +0..+1 (spread 1); 0 repeats, 0 skips; last slip col -1; tail slips 0; engage col -1
  [i]  P+66/55+3.3: engaged +3 cycles from the crossing, the close then moved -1..+0 (furthest at column 94); tail: tick 1039 cycles after the frame close, -1..+1 (spread 2); 0 repeats, 0 skips; last slip col -1; tail slips 0; engage col -1
== capture_coherence: checks: 401   failures: 0 ==
RESULT: PASS

  [i]  calibration, +66 ppm plan: with the TDM clock unheld the first close lands 12 cycles after its tick

[P+66/56] PROBE CRF, +66 ppm plan, every 1 cycles from -1 to +3, 4 quarter-cycle sub-placements, 1000 columns
  [i]  P+66/56-1.0: engaged -2 cycles from the crossing, the close then moved -120..+0 (furthest at column 989); tail: tick 66 cycles after the frame close, -1..+56 (spread 57); 0 repeats, 0 skips; last slip col -1; tail slips 0; engage col -1
  [i]  P+66/56-1.1: engaged -1 cycles from the crossing, the close then moved -121..+0 (furthest at column 995); tail: tick 66 cycles after the frame close, -1..+56 (spread 57); 0 repeats, 0 skips; last slip col -1; tail slips 0; engage col -1
  [i]  P+66/56-1.2: engaged -1 cycles from the crossing, the close then moved -121..+0 (furthest at column 995); tail: tick 65 cycles after the frame close, +0..+56 (spread 56); 0 repeats, 0 skips; last slip col -1; tail slips 0; engage col -1
  [i]  P+66/56-1.3: engaged -1 cycles from the crossing, the close then moved -121..+0 (furthest at column 995); tail: tick 65 cycles after the frame close, +0..+56 (spread 56); 0 repeats, 0 skips; last slip col -1; tail slips 0; engage col -1
  [i]  P+66/56+0.0: engaged -1 cycles from the crossing, the close then moved -121..+1 (furthest at column 995); tail: tick 65 cycles after the frame close, -1..+56 (spread 57); 0 repeats, 0 skips; last slip col -1; tail slips 0; engage col -1
  [i]  P+66/56+0.1: engaged +1 cycles from the crossing, the close then moved -1..+0 (furthest at column 0); tail: tick 1041 cycles after the frame close, -1..+1 (spread 2); 0 repeats, 0 skips; last slip col -1; tail slips 0; engage col -1
  [i]  P+66/56+0.2: engaged +0 cycles from the crossing, the close then moved -121..+0 (furthest at column 995); tail: tick 64 cycles after the frame close, +0..+57 (spread 57); 0 repeats, 0 skips; last slip col -1; tail slips 0; engage col -1
  [i]  P+66/56+0.3: engaged +1 cycles from the crossing, the close then moved -1..+1 (furthest at column 4); tail: tick 1041 cycles after the frame close, -1..+0 (spread 1); 0 repeats, 0 skips; last slip col -1; tail slips 0; engage col -1
  [i]  P+66/56+1.0: engaged +0 cycles from the crossing, the close then moved -121..+1 (furthest at column 995); tail: tick 64 cycles after the frame close, +0..+56 (spread 56); 1 repeats, 1 skips; last slip col 8; tail slips 0; engage col -1
  [i]  P+66/56+1.0: last slip at column 8; engagement window unbounded columns
  [i]  P+66/56+1.1: engaged +1 cycles from the crossing, the close then moved -1..+0 (furthest at column 0); tail: tick 1041 cycles after the frame close, -1..+1 (spread 2); 0 repeats, 0 skips; last slip col -1; tail slips 0; engage col -1
  [i]  P+66/56+1.2: engaged +1 cycles from the crossing, the close then moved -1..+0 (furthest at column 0); tail: tick 1041 cycles after the frame close, -1..+1 (spread 2); 0 repeats, 0 skips; last slip col -1; tail slips 0; engage col -1
  [i]  P+66/56+1.3: engaged +1 cycles from the crossing, the close then moved -1..+1 (furthest at column 4); tail: tick 1041 cycles after the frame close, -1..+0 (spread 1); 0 repeats, 0 skips; last slip col -1; tail slips 0; engage col -1
  [i]  P+66/56+2.0: engaged +1 cycles from the crossing, the close then moved -1..+1 (furthest at column 0); tail: tick 1041 cycles after the frame close, -1..+0 (spread 1); 0 repeats, 0 skips; last slip col -1; tail slips 0; engage col -1
  [i]  P+66/56+2.1: engaged +3 cycles from the crossing, the close then moved -1..+0 (furthest at column 0); tail: tick 1039 cycles after the frame close, +0..+1 (spread 1); 0 repeats, 0 skips; last slip col -1; tail slips 0; engage col -1
  [i]  P+66/56+2.2: engaged +2 cycles from the crossing, the close then moved -1..+0 (furthest at column 0); tail: tick 1040 cycles after the frame close, -1..+1 (spread 2); 0 repeats, 0 skips; last slip col -1; tail slips 0; engage col -1
  [i]  P+66/56+2.3: engaged +3 cycles from the crossing, the close then moved -1..+0 (furthest at column 94); tail: tick 1039 cycles after the frame close, -1..+1 (spread 2); 0 repeats, 0 skips; last slip col -1; tail slips 0; engage col -1
  [i]  P+66/56+3.0: engaged +2 cycles from the crossing, the close then moved -1..+1 (furthest at column 0); tail: tick 1040 cycles after the frame close, -1..+0 (spread 1); 0 repeats, 0 skips; last slip col -1; tail slips 0; engage col -1
  [i]  P+66/56+3.1: engaged +3 cycles from the crossing, the close then moved -2..+0 (furthest at column 514); tail: tick 1039 cycles after the frame close, +0..+1 (spread 1); 0 repeats, 0 skips; last slip col -1; tail slips 0; engage col -1
  [i]  P+66/56+3.2: engaged +3 cycles from the crossing, the close then moved -1..+0 (furthest at column 0); tail: tick 1039 cycles after the frame close, +0..+1 (spread 1); 0 repeats, 0 skips; last slip col -1; tail slips 0; engage col -1
  [i]  P+66/56+3.3: engaged +3 cycles from the crossing, the close then moved -1..+0 (furthest at column 82); tail: tick 1039 cycles after the frame close, -1..+1 (spread 2); 0 repeats, 0 skips; last slip col -1; tail slips 0; engage col -1
== capture_coherence: checks: 401   failures: 0 ==
RESULT: PASS

  [i]  calibration, +66 ppm plan: with the TDM clock unheld the first close lands 12 cycles after its tick

[P+66/57] PROBE CRF, +66 ppm plan, every 1 cycles from -1 to +3, 4 quarter-cycle sub-placements, 1000 columns
  [i]  P+66/57-1.0: engaged -2 cycles from the crossing, the close then moved -120..+0 (furthest at column 989); tail: tick 66 cycles after the frame close, -1..+56 (spread 57); 0 repeats, 0 skips; last slip col -1; tail slips 0; engage col -1
  [i]  P+66/57-1.1: engaged -1 cycles from the crossing, the close then moved -121..+0 (furthest at column 995); tail: tick 66 cycles after the frame close, -1..+56 (spread 57); 0 repeats, 0 skips; last slip col -1; tail slips 0; engage col -1
  [i]  P+66/57-1.2: engaged -1 cycles from the crossing, the close then moved -121..+0 (furthest at column 995); tail: tick 65 cycles after the frame close, +0..+56 (spread 56); 0 repeats, 0 skips; last slip col -1; tail slips 0; engage col -1
  [i]  P+66/57-1.3: engaged -1 cycles from the crossing, the close then moved -121..+0 (furthest at column 995); tail: tick 65 cycles after the frame close, +0..+56 (spread 56); 0 repeats, 0 skips; last slip col -1; tail slips 0; engage col -1
  [i]  P+66/57+0.0: engaged -1 cycles from the crossing, the close then moved -121..+1 (furthest at column 995); tail: tick 65 cycles after the frame close, -1..+56 (spread 57); 0 repeats, 0 skips; last slip col -1; tail slips 0; engage col -1
  [i]  P+66/57+0.1: engaged +1 cycles from the crossing, the close then moved -1..+0 (furthest at column 0); tail: tick 1041 cycles after the frame close, -1..+1 (spread 2); 0 repeats, 0 skips; last slip col -1; tail slips 0; engage col -1
  [i]  P+66/57+0.2: engaged +0 cycles from the crossing, the close then moved -121..+0 (furthest at column 995); tail: tick 64 cycles after the frame close, +0..+57 (spread 57); 0 repeats, 0 skips; last slip col -1; tail slips 0; engage col -1
  [i]  P+66/57+0.3: engaged +1 cycles from the crossing, the close then moved -1..+1 (furthest at column 4); tail: tick 1041 cycles after the frame close, -1..+0 (spread 1); 0 repeats, 0 skips; last slip col -1; tail slips 0; engage col -1
  [i]  P+66/57+1.0: engaged +0 cycles from the crossing, the close then moved -121..+1 (furthest at column 995); tail: tick 64 cycles after the frame close, +0..+56 (spread 56); 1 repeats, 1 skips; last slip col 7; tail slips 0; engage col -1
  [i]  P+66/57+1.0: last slip at column 7; engagement window unbounded columns
  [i]  P+66/57+1.1: engaged +1 cycles from the crossing, the close then moved -1..+0 (furthest at column 0); tail: tick 1041 cycles after the frame close, -1..+1 (spread 2); 0 repeats, 0 skips; last slip col -1; tail slips 0; engage col -1
  [i]  P+66/57+1.2: engaged +1 cycles from the crossing, the close then moved -1..+0 (furthest at column 0); tail: tick 1041 cycles after the frame close, -1..+1 (spread 2); 0 repeats, 0 skips; last slip col -1; tail slips 0; engage col -1
  [i]  P+66/57+1.3: engaged +1 cycles from the crossing, the close then moved -1..+1 (furthest at column 4); tail: tick 1041 cycles after the frame close, -1..+0 (spread 1); 0 repeats, 0 skips; last slip col -1; tail slips 0; engage col -1
  [i]  P+66/57+2.0: engaged +1 cycles from the crossing, the close then moved -1..+1 (furthest at column 0); tail: tick 1041 cycles after the frame close, -1..+0 (spread 1); 0 repeats, 0 skips; last slip col -1; tail slips 0; engage col -1
  [i]  P+66/57+2.1: engaged +3 cycles from the crossing, the close then moved -2..+0 (furthest at column 514); tail: tick 1039 cycles after the frame close, +0..+1 (spread 1); 0 repeats, 0 skips; last slip col -1; tail slips 0; engage col -1
  [i]  P+66/57+2.2: engaged +2 cycles from the crossing, the close then moved -1..+0 (furthest at column 0); tail: tick 1040 cycles after the frame close, -1..+1 (spread 2); 0 repeats, 0 skips; last slip col -1; tail slips 0; engage col -1
  [i]  P+66/57+2.3: engaged +3 cycles from the crossing, the close then moved -1..+0 (furthest at column 88); tail: tick 1039 cycles after the frame close, -1..+1 (spread 2); 0 repeats, 0 skips; last slip col -1; tail slips 0; engage col -1
  [i]  P+66/57+3.0: engaged +2 cycles from the crossing, the close then moved -1..+1 (furthest at column 0); tail: tick 1040 cycles after the frame close, -1..+0 (spread 1); 0 repeats, 0 skips; last slip col -1; tail slips 0; engage col -1
  [i]  P+66/57+3.1: engaged +3 cycles from the crossing, the close then moved -2..+0 (furthest at column 514); tail: tick 1039 cycles after the frame close, +0..+1 (spread 1); 0 repeats, 0 skips; last slip col -1; tail slips 0; engage col -1
  [i]  P+66/57+3.2: engaged +3 cycles from the crossing, the close then moved -1..+0 (furthest at column 0); tail: tick 1039 cycles after the frame close, +0..+1 (spread 1); 0 repeats, 0 skips; last slip col -1; tail slips 0; engage col -1
  [i]  P+66/57+3.3: engaged +3 cycles from the crossing, the close then moved -1..+0 (furthest at column 76); tail: tick 1039 cycles after the frame close, -1..+1 (spread 2); 0 repeats, 0 skips; last slip col -1; tail slips 0; engage col -1
== capture_coherence: checks: 401   failures: 0 ==
RESULT: PASS

  [i]  calibration, +66 ppm plan: with the TDM clock unheld the first close lands 12 cycles after its tick

[P+66/58] PROBE CRF, +66 ppm plan, every 1 cycles from -1 to +3, 4 quarter-cycle sub-placements, 1000 columns
  [i]  P+66/58-1.0: engaged -2 cycles from the crossing, the close then moved -120..+0 (furthest at column 989); tail: tick 66 cycles after the frame close, -1..+56 (spread 57); 0 repeats, 0 skips; last slip col -1; tail slips 0; engage col -1
  [i]  P+66/58-1.1: engaged -1 cycles from the crossing, the close then moved -121..+0 (furthest at column 995); tail: tick 66 cycles after the frame close, -1..+56 (spread 57); 0 repeats, 0 skips; last slip col -1; tail slips 0; engage col -1
  [i]  P+66/58-1.2: engaged -1 cycles from the crossing, the close then moved -121..+0 (furthest at column 995); tail: tick 65 cycles after the frame close, +0..+56 (spread 56); 0 repeats, 0 skips; last slip col -1; tail slips 0; engage col -1
  [i]  P+66/58-1.3: engaged -1 cycles from the crossing, the close then moved -121..+0 (furthest at column 995); tail: tick 65 cycles after the frame close, +0..+56 (spread 56); 0 repeats, 0 skips; last slip col -1; tail slips 0; engage col -1
  [i]  P+66/58+0.0: engaged -1 cycles from the crossing, the close then moved -121..+0 (furthest at column 995); tail: tick 65 cycles after the frame close, -1..+56 (spread 57); 0 repeats, 0 skips; last slip col -1; tail slips 0; engage col -1
  [i]  P+66/58+0.1: engaged +1 cycles from the crossing, the close then moved -1..+0 (furthest at column 0); tail: tick 1041 cycles after the frame close, -1..+1 (spread 2); 0 repeats, 0 skips; last slip col -1; tail slips 0; engage col -1
  [i]  P+66/58+0.2: engaged +0 cycles from the crossing, the close then moved -121..+0 (furthest at column 995); tail: tick 64 cycles after the frame close, +0..+57 (spread 57); 0 repeats, 0 skips; last slip col -1; tail slips 0; engage col -1
  [i]  P+66/58+0.3: engaged +1 cycles from the crossing, the close then moved -1..+1 (furthest at column 4); tail: tick 1041 cycles after the frame close, -1..+0 (spread 1); 0 repeats, 0 skips; last slip col -1; tail slips 0; engage col -1
  [i]  P+66/58+1.0: engaged +0 cycles from the crossing, the close then moved -121..+0 (furthest at column 995); tail: tick 64 cycles after the frame close, +0..+56 (spread 56); 0 repeats, 0 skips; last slip col -1; tail slips 0; engage col -1
  [i]  P+66/58+1.1: engaged +1 cycles from the crossing, the close then moved -1..+0 (furthest at column 0); tail: tick 1041 cycles after the frame close, -1..+1 (spread 2); 0 repeats, 0 skips; last slip col -1; tail slips 0; engage col -1
  [i]  P+66/58+1.2: engaged +1 cycles from the crossing, the close then moved -1..+0 (furthest at column 0); tail: tick 1041 cycles after the frame close, -1..+1 (spread 2); 0 repeats, 0 skips; last slip col -1; tail slips 0; engage col -1
  [i]  P+66/58+1.3: engaged +1 cycles from the crossing, the close then moved -1..+1 (furthest at column 4); tail: tick 1041 cycles after the frame close, -1..+0 (spread 1); 0 repeats, 0 skips; last slip col -1; tail slips 0; engage col -1
  [i]  P+66/58+2.0: engaged +1 cycles from the crossing, the close then moved -1..+1 (furthest at column 0); tail: tick 1041 cycles after the frame close, -1..+0 (spread 1); 0 repeats, 0 skips; last slip col -1; tail slips 0; engage col -1
  [i]  P+66/58+2.1: engaged +3 cycles from the crossing, the close then moved -2..+0 (furthest at column 514); tail: tick 1039 cycles after the frame close, +0..+1 (spread 1); 0 repeats, 0 skips; last slip col -1; tail slips 0; engage col -1
  [i]  P+66/58+2.2: engaged +2 cycles from the crossing, the close then moved -1..+0 (furthest at column 0); tail: tick 1040 cycles after the frame close, -1..+1 (spread 2); 0 repeats, 0 skips; last slip col -1; tail slips 0; engage col -1
  [i]  P+66/58+2.3: engaged +3 cycles from the crossing, the close then moved -1..+0 (furthest at column 76); tail: tick 1039 cycles after the frame close, -1..+1 (spread 2); 0 repeats, 0 skips; last slip col -1; tail slips 0; engage col -1
  [i]  P+66/58+3.0: engaged +2 cycles from the crossing, the close then moved -1..+1 (furthest at column 0); tail: tick 1040 cycles after the frame close, -1..+0 (spread 1); 0 repeats, 0 skips; last slip col -1; tail slips 0; engage col -1
  [i]  P+66/58+3.1: engaged +3 cycles from the crossing, the close then moved -2..+0 (furthest at column 502); tail: tick 1039 cycles after the frame close, +0..+1 (spread 1); 0 repeats, 0 skips; last slip col -1; tail slips 0; engage col -1
  [i]  P+66/58+3.2: engaged +3 cycles from the crossing, the close then moved -1..+0 (furthest at column 0); tail: tick 1039 cycles after the frame close, +0..+1 (spread 1); 0 repeats, 0 skips; last slip col -1; tail slips 0; engage col -1
  [i]  P+66/58+3.3: engaged +3 cycles from the crossing, the close then moved -1..+0 (furthest at column 70); tail: tick 1039 cycles after the frame close, -1..+1 (spread 2); 0 repeats, 0 skips; last slip col -1; tail slips 0; engage col -1
== capture_coherence: checks: 401   failures: 0 ==
RESULT: PASS

  [i]  calibration, +66 ppm plan: with the TDM clock unheld the first close lands 12 cycles after its tick

[P+66/59] PROBE CRF, +66 ppm plan, every 1 cycles from -1 to +3, 4 quarter-cycle sub-placements, 1000 columns
  [i]  P+66/59-1.0: engaged -2 cycles from the crossing, the close then moved -120..+0 (furthest at column 989); tail: tick 66 cycles after the frame close, -1..+56 (spread 57); 0 repeats, 0 skips; last slip col -1; tail slips 0; engage col -1
  [i]  P+66/59-1.1: engaged -1 cycles from the crossing, the close then moved -121..+0 (furthest at column 995); tail: tick 66 cycles after the frame close, -1..+56 (spread 57); 0 repeats, 0 skips; last slip col -1; tail slips 0; engage col -1
  [i]  P+66/59-1.2: engaged -1 cycles from the crossing, the close then moved -121..+0 (furthest at column 995); tail: tick 65 cycles after the frame close, +0..+56 (spread 56); 0 repeats, 0 skips; last slip col -1; tail slips 0; engage col -1
  [i]  P+66/59-1.3: engaged -1 cycles from the crossing, the close then moved -121..+0 (furthest at column 995); tail: tick 65 cycles after the frame close, +0..+56 (spread 56); 0 repeats, 0 skips; last slip col -1; tail slips 0; engage col -1
  [i]  P+66/59+0.0: engaged -1 cycles from the crossing, the close then moved -121..+0 (furthest at column 995); tail: tick 65 cycles after the frame close, -1..+56 (spread 57); 0 repeats, 0 skips; last slip col -1; tail slips 0; engage col -1
  [i]  P+66/59+0.1: engaged +1 cycles from the crossing, the close then moved -1..+0 (furthest at column 0); tail: tick 1041 cycles after the frame close, -1..+1 (spread 2); 0 repeats, 0 skips; last slip col -1; tail slips 0; engage col -1
  [i]  P+66/59+0.2: engaged +0 cycles from the crossing, the close then moved -121..+0 (furthest at column 995); tail: tick 64 cycles after the frame close, +0..+57 (spread 57); 0 repeats, 0 skips; last slip col -1; tail slips 0; engage col -1
  [i]  P+66/59+0.3: engaged +1 cycles from the crossing, the close then moved -1..+1 (furthest at column 4); tail: tick 1041 cycles after the frame close, -1..+0 (spread 1); 0 repeats, 0 skips; last slip col -1; tail slips 0; engage col -1
  [i]  P+66/59+1.0: engaged +0 cycles from the crossing, the close then moved -121..+0 (furthest at column 995); tail: tick 64 cycles after the frame close, +0..+56 (spread 56); 0 repeats, 0 skips; last slip col -1; tail slips 0; engage col -1
  [i]  P+66/59+1.1: engaged +1 cycles from the crossing, the close then moved -1..+0 (furthest at column 0); tail: tick 1041 cycles after the frame close, +0..+1 (spread 1); 0 repeats, 0 skips; last slip col -1; tail slips 0; engage col -1
  [i]  P+66/59+1.2: engaged +1 cycles from the crossing, the close then moved -1..+0 (furthest at column 0); tail: tick 1041 cycles after the frame close, -1..+1 (spread 2); 0 repeats, 0 skips; last slip col -1; tail slips 0; engage col -1
  [i]  P+66/59+1.3: engaged +1 cycles from the crossing, the close then moved -1..+1 (furthest at column 4); tail: tick 1041 cycles after the frame close, -1..+0 (spread 1); 0 repeats, 0 skips; last slip col -1; tail slips 0; engage col -1
  [i]  P+66/59+2.0: engaged +1 cycles from the crossing, the close then moved -1..+1 (furthest at column 0); tail: tick 1041 cycles after the frame close, -1..+0 (spread 1); 0 repeats, 0 skips; last slip col -1; tail slips 0; engage col -1
  [i]  P+66/59+2.1: engaged +3 cycles from the crossing, the close then moved -2..+0 (furthest at column 502); tail: tick 1039 cycles after the frame close, +0..+1 (spread 1); 0 repeats, 0 skips; last slip col -1; tail slips 0; engage col -1
  [i]  P+66/59+2.2: engaged +2 cycles from the crossing, the close then moved -1..+0 (furthest at column 0); tail: tick 1040 cycles after the frame close, -1..+1 (spread 2); 0 repeats, 0 skips; last slip col -1; tail slips 0; engage col -1
  [i]  P+66/59+2.3: engaged +3 cycles from the crossing, the close then moved -1..+0 (furthest at column 70); tail: tick 1039 cycles after the frame close, -1..+1 (spread 2); 0 repeats, 0 skips; last slip col -1; tail slips 0; engage col -1
  [i]  P+66/59+3.0: engaged +2 cycles from the crossing, the close then moved -1..+1 (furthest at column 0); tail: tick 1040 cycles after the frame close, -1..+0 (spread 1); 0 repeats, 0 skips; last slip col -1; tail slips 0; engage col -1
  [i]  P+66/59+3.1: engaged +3 cycles from the crossing, the close then moved -2..+0 (furthest at column 496); tail: tick 1039 cycles after the frame close, +0..+1 (spread 1); 0 repeats, 0 skips; last slip col -1; tail slips 0; engage col -1
  [i]  P+66/59+3.2: engaged +3 cycles from the crossing, the close then moved -1..+0 (furthest at column 0); tail: tick 1039 cycles after the frame close, +0..+1 (spread 1); 0 repeats, 0 skips; last slip col -1; tail slips 0; engage col -1
  [i]  P+66/59+3.3: engaged +3 cycles from the crossing, the close then moved -1..+0 (furthest at column 64); tail: tick 1039 cycles after the frame close, -1..+1 (spread 2); 0 repeats, 0 skips; last slip col -1; tail slips 0; engage col -1
== capture_coherence: checks: 401   failures: 0 ==
RESULT: PASS

  [i]  calibration, +66 ppm plan: with the TDM clock unheld the first close lands 12 cycles after its tick

[P+66/60] PROBE CRF, +66 ppm plan, every 1 cycles from -1 to +3, 4 quarter-cycle sub-placements, 1000 columns
  [i]  P+66/60-1.0: engaged -2 cycles from the crossing, the close then moved -120..+0 (furthest at column 989); tail: tick 66 cycles after the frame close, -1..+56 (spread 57); 0 repeats, 0 skips; last slip col -1; tail slips 0; engage col -1
  [i]  P+66/60-1.1: engaged -1 cycles from the crossing, the close then moved -121..+0 (furthest at column 995); tail: tick 66 cycles after the frame close, -1..+56 (spread 57); 0 repeats, 0 skips; last slip col -1; tail slips 0; engage col -1
  [i]  P+66/60-1.2: engaged -1 cycles from the crossing, the close then moved -121..+0 (furthest at column 995); tail: tick 65 cycles after the frame close, +0..+57 (spread 57); 0 repeats, 0 skips; last slip col -1; tail slips 0; engage col -1
  [i]  P+66/60-1.3: engaged -1 cycles from the crossing, the close then moved -121..+0 (furthest at column 995); tail: tick 65 cycles after the frame close, +0..+56 (spread 56); 0 repeats, 0 skips; last slip col -1; tail slips 0; engage col -1
  [i]  P+66/60+0.0: engaged -1 cycles from the crossing, the close then moved -121..+0 (furthest at column 995); tail: tick 65 cycles after the frame close, -1..+56 (spread 57); 0 repeats, 0 skips; last slip col -1; tail slips 0; engage col -1
  [i]  P+66/60+0.1: engaged +1 cycles from the crossing, the close then moved -1..+0 (furthest at column 0); tail: tick 1041 cycles after the frame close, +0..+1 (spread 1); 0 repeats, 0 skips; last slip col -1; tail slips 0; engage col -1
  [i]  P+66/60+0.2: engaged +0 cycles from the crossing, the close then moved -121..+0 (furthest at column 995); tail: tick 64 cycles after the frame close, +0..+57 (spread 57); 0 repeats, 0 skips; last slip col -1; tail slips 0; engage col -1
  [i]  P+66/60+0.3: engaged +1 cycles from the crossing, the close then moved -1..+1 (furthest at column 4); tail: tick 1041 cycles after the frame close, -1..+0 (spread 1); 0 repeats, 0 skips; last slip col -1; tail slips 0; engage col -1
  [i]  P+66/60+1.0: engaged +0 cycles from the crossing, the close then moved -121..+0 (furthest at column 995); tail: tick 64 cycles after the frame close, +0..+56 (spread 56); 0 repeats, 0 skips; last slip col -1; tail slips 0; engage col -1
  [i]  P+66/60+1.1: engaged +1 cycles from the crossing, the close then moved -1..+0 (furthest at column 0); tail: tick 1041 cycles after the frame close, +0..+1 (spread 1); 0 repeats, 0 skips; last slip col -1; tail slips 0; engage col -1
  [i]  P+66/60+1.2: engaged +1 cycles from the crossing, the close then moved -1..+0 (furthest at column 0); tail: tick 1041 cycles after the frame close, -1..+1 (spread 2); 0 repeats, 0 skips; last slip col -1; tail slips 0; engage col -1
  [i]  P+66/60+1.3: engaged +1 cycles from the crossing, the close then moved -1..+1 (furthest at column 4); tail: tick 1041 cycles after the frame close, -1..+0 (spread 1); 0 repeats, 0 skips; last slip col -1; tail slips 0; engage col -1
  [i]  P+66/60+2.0: engaged +1 cycles from the crossing, the close then moved -1..+1 (furthest at column 0); tail: tick 1041 cycles after the frame close, -1..+0 (spread 1); 0 repeats, 0 skips; last slip col -1; tail slips 0; engage col -1
  [i]  P+66/60+2.1: engaged +3 cycles from the crossing, the close then moved -2..+0 (furthest at column 496); tail: tick 1039 cycles after the frame close, +0..+1 (spread 1); 0 repeats, 0 skips; last slip col -1; tail slips 0; engage col -1
  [i]  P+66/60+2.2: engaged +2 cycles from the crossing, the close then moved -1..+0 (furthest at column 0); tail: tick 1040 cycles after the frame close, -1..+1 (spread 2); 0 repeats, 0 skips; last slip col -1; tail slips 0; engage col -1
  [i]  P+66/60+2.3: engaged +3 cycles from the crossing, the close then moved -1..+0 (furthest at column 64); tail: tick 1039 cycles after the frame close, -1..+1 (spread 2); 0 repeats, 0 skips; last slip col -1; tail slips 0; engage col -1
  [i]  P+66/60+3.0: engaged +2 cycles from the crossing, the close then moved -1..+1 (furthest at column 0); tail: tick 1040 cycles after the frame close, -1..+0 (spread 1); 0 repeats, 0 skips; last slip col -1; tail slips 0; engage col -1
  [i]  P+66/60+3.1: engaged +3 cycles from the crossing, the close then moved -2..+0 (furthest at column 388); tail: tick 1039 cycles after the frame close, +0..+1 (spread 1); 0 repeats, 0 skips; last slip col -1; tail slips 0; engage col -1
  [i]  P+66/60+3.2: engaged +3 cycles from the crossing, the close then moved -1..+0 (furthest at column 0); tail: tick 1039 cycles after the frame close, +0..+1 (spread 1); 0 repeats, 0 skips; last slip col -1; tail slips 0; engage col -1
  [i]  P+66/60+3.3: engaged +3 cycles from the crossing, the close then moved -1..+0 (furthest at column 52); tail: tick 1039 cycles after the frame close, -1..+1 (spread 2); 0 repeats, 0 skips; last slip col -1; tail slips 0; engage col -1
== capture_coherence: checks: 401   failures: 0 ==
RESULT: PASS

  [i]  calibration, +66 ppm plan: with the TDM clock unheld the first close lands 11 cycles after its tick

[P+66/61] PROBE CRF, +66 ppm plan, every 1 cycles from -1 to +3, 4 quarter-cycle sub-placements, 1000 columns
  [i]  P+66/61-1.0: engaged +0 cycles from the crossing, the close then moved -121..+0 (furthest at column 995); tail: tick 64 cycles after the frame close, +0..+56 (spread 56); 0 repeats, 0 skips; last slip col -1; tail slips 0; engage col -1
  [i]  P+66/61-1.1: engaged -1 cycles from the crossing, the close then moved -121..+1 (furthest at column 995); tail: tick 65 cycles after the frame close, -1..+56 (spread 57); 0 repeats, 0 skips; last slip col -1; tail slips 0; engage col -1
  [i]  P+66/61-1.2: engaged +1 cycles from the crossing, the close then moved -1..+0 (furthest at column 0); tail: tick 1041 cycles after the frame close, -1..+1 (spread 2); 0 repeats, 0 skips; last slip col -1; tail slips 0; engage col -1
  [i]  P+66/61-1.3: engaged +0 cycles from the crossing, the close then moved -121..+0 (furthest at column 995); tail: tick 64 cycles after the frame close, +0..+57 (spread 57); 0 repeats, 0 skips; last slip col -1; tail slips 0; engage col -1
  [i]  P+66/61+0.0: engaged +1 cycles from the crossing, the close then moved -1..+1 (furthest at column 0); tail: tick 1041 cycles after the frame close, -1..+0 (spread 1); 0 repeats, 0 skips; last slip col -1; tail slips 0; engage col -1
  [i]  P+66/61+0.1: engaged +2 cycles from the crossing, the close then moved -1..+0 (furthest at column 0); tail: tick 1040 cycles after the frame close, +0..+1 (spread 1); 0 repeats, 0 skips; last slip col -1; tail slips 0; engage col -1
  [i]  P+66/61+0.2: engaged +2 cycles from the crossing, the close then moved -1..+0 (furthest at column 0); tail: tick 1040 cycles after the frame close, -1..+1 (spread 2); 0 repeats, 0 skips; last slip col -1; tail slips 0; engage col -1
  [i]  P+66/61+0.3: engaged +2 cycles from the crossing, the close then moved -1..+0 (furthest at column 52); tail: tick 1040 cycles after the frame close, -1..+1 (spread 2); 0 repeats, 0 skips; last slip col -1; tail slips 0; engage col -1
  [i]  P+66/61+1.0: engaged +2 cycles from the crossing, the close then moved -1..+1 (furthest at column 0); tail: tick 1040 cycles after the frame close, -1..+0 (spread 1); 0 repeats, 0 skips; last slip col -1; tail slips 0; engage col -1
  [i]  P+66/61+1.1: engaged +1 cycles from the crossing, the close then moved +0..+1 (furthest at column 0); tail: tick 1040 cycles after the frame close, +0..+1 (spread 1); 0 repeats, 0 skips; last slip col -1; tail slips 0; engage col -1
  [i]  P+66/61+1.2: engaged +3 cycles from the crossing, the close then moved -1..+0 (furthest at column 0); tail: tick 1039 cycles after the frame close, +0..+1 (spread 1); 0 repeats, 0 skips; last slip col -1; tail slips 0; engage col -1
  [i]  P+66/61+1.3: engaged +2 cycles from the crossing, the close then moved -1..+0 (furthest at column 46); tail: tick 1040 cycles after the frame close, -1..+1 (spread 2); 0 repeats, 0 skips; last slip col -1; tail slips 0; engage col -1
  [i]  P+66/61+2.0: engaged +3 cycles from the crossing, the close then moved -1..+1 (furthest at column 0); tail: tick 1039 cycles after the frame close, -1..+1 (spread 2); 0 repeats, 0 skips; last slip col -1; tail slips 0; engage col -1
  [i]  P+66/61+2.1: engaged +4 cycles from the crossing, the close then moved -2..+0 (furthest at column 388); tail: tick 1038 cycles after the frame close, +0..+1 (spread 1); 0 repeats, 0 skips; last slip col -1; tail slips 0; engage col -1
  [i]  P+66/61+2.2: engaged +4 cycles from the crossing, the close then moved -1..+0 (furthest at column 0); tail: tick 1038 cycles after the frame close, +0..+1 (spread 1); 0 repeats, 0 skips; last slip col -1; tail slips 0; engage col -1
  [i]  P+66/61+2.3: engaged +4 cycles from the crossing, the close then moved -1..+0 (furthest at column 52); tail: tick 1039 cycles after the frame close, -1..+0 (spread 1); 0 repeats, 0 skips; last slip col -1; tail slips 0; engage col -1
  [i]  P+66/61+3.0: engaged +4 cycles from the crossing, the close then moved -1..+1 (furthest at column 0); tail: tick 1039 cycles after the frame close, -1..+0 (spread 1); 0 repeats, 0 skips; last slip col -1; tail slips 0; engage col -1
  [i]  P+66/61+3.1: engaged +3 cycles from the crossing, the close then moved -1..+1 (furthest at column 0); tail: tick 1038 cycles after the frame close, +0..+1 (spread 1); 0 repeats, 0 skips; last slip col -1; tail slips 0; engage col -1
  [i]  P+66/61+3.2: engaged +5 cycles from the crossing, the close then moved -2..+0 (furthest at column 418); tail: tick 1038 cycles after the frame close, -1..+0 (spread 1); 0 repeats, 0 skips; last slip col -1; tail slips 0; engage col -1
  [i]  P+66/61+3.3: engaged +4 cycles from the crossing, the close then moved -1..+0 (furthest at column 46); tail: tick 1039 cycles after the frame close, -1..+0 (spread 1); 0 repeats, 0 skips; last slip col -1; tail slips 0; engage col -1
== capture_coherence: checks: 401   failures: 0 ==
RESULT: PASS

  [i]  calibration, +66 ppm plan: with the TDM clock unheld the first close lands 11 cycles after its tick

[P+66/62] PROBE CRF, +66 ppm plan, every 1 cycles from -1 to +3, 4 quarter-cycle sub-placements, 1000 columns
  [i]  P+66/62-1.0: engaged +0 cycles from the crossing, the close then moved -121..+0 (furthest at column 995); tail: tick 64 cycles after the frame close, +0..+56 (spread 56); 0 repeats, 0 skips; last slip col -1; tail slips 0; engage col -1
  [i]  P+66/62-1.1: engaged -1 cycles from the crossing, the close then moved -121..+1 (furthest at column 995); tail: tick 65 cycles after the frame close, -1..+56 (spread 57); 0 repeats, 0 skips; last slip col -1; tail slips 0; engage col -1
  [i]  P+66/62-1.2: engaged +1 cycles from the crossing, the close then moved -1..+0 (furthest at column 0); tail: tick 1041 cycles after the frame close, -1..+1 (spread 2); 0 repeats, 0 skips; last slip col -1; tail slips 0; engage col -1
  [i]  P+66/62-1.3: engaged +0 cycles from the crossing, the close then moved -121..+0 (furthest at column 995); tail: tick 64 cycles after the frame close, +0..+57 (spread 57); 0 repeats, 0 skips; last slip col -1; tail slips 0; engage col -1
  [i]  P+66/62+0.0: engaged +1 cycles from the crossing, the close then moved -1..+1 (furthest at column 0); tail: tick 1041 cycles after the frame close, -1..+0 (spread 1); 0 repeats, 0 skips; last slip col -1; tail slips 0; engage col -1
  [i]  P+66/62+0.1: engaged +2 cycles from the crossing, the close then moved -1..+0 (furthest at column 0); tail: tick 1040 cycles after the frame close, +0..+1 (spread 1); 0 repeats, 0 skips; last slip col -1; tail slips 0; engage col -1
  [i]  P+66/62+0.2: engaged +2 cycles from the crossing, the close then moved -1..+0 (furthest at column 0); tail: tick 1040 cycles after the frame close, -1..+1 (spread 2); 0 repeats, 0 skips; last slip col -1; tail slips 0; engage col -1
  [i]  P+66/62+0.3: engaged +2 cycles from the crossing, the close then moved -1..+0 (furthest at column 46); tail: tick 1040 cycles after the frame close, -1..+1 (spread 2); 0 repeats, 0 skips; last slip col -1; tail slips 0; engage col -1
  [i]  P+66/62+1.0: engaged +2 cycles from the crossing, the close then moved -1..+1 (furthest at column 0); tail: tick 1040 cycles after the frame close, -1..+0 (spread 1); 0 repeats, 0 skips; last slip col -1; tail slips 0; engage col -1
  [i]  P+66/62+1.1: engaged +1 cycles from the crossing, the close then moved +0..+1 (furthest at column 0); tail: tick 1040 cycles after the frame close, +0..+1 (spread 1); 0 repeats, 0 skips; last slip col -1; tail slips 0; engage col -1
  [i]  P+66/62+1.2: engaged +3 cycles from the crossing, the close then moved -1..+0 (furthest at column 0); tail: tick 1039 cycles after the frame close, +0..+1 (spread 1); 0 repeats, 0 skips; last slip col -1; tail slips 0; engage col -1
  [i]  P+66/62+1.3: engaged +2 cycles from the crossing, the close then moved -1..+0 (furthest at column 40); tail: tick 1040 cycles after the frame close, -1..+1 (spread 2); 0 repeats, 0 skips; last slip col -1; tail slips 0; engage col -1
  [i]  P+66/62+2.0: engaged +3 cycles from the crossing, the close then moved -1..+1 (furthest at column 0); tail: tick 1039 cycles after the frame close, -1..+1 (spread 2); 0 repeats, 0 skips; last slip col -1; tail slips 0; engage col -1
  [i]  P+66/62+2.1: engaged +4 cycles from the crossing, the close then moved -2..+0 (furthest at column 382); tail: tick 1038 cycles after the frame close, +0..+1 (spread 1); 0 repeats, 0 skips; last slip col -1; tail slips 0; engage col -1
  [i]  P+66/62+2.2: engaged +4 cycles from the crossing, the close then moved -2..+0 (furthest at column 604); tail: tick 1038 cycles after the frame close, +0..+1 (spread 1); 0 repeats, 0 skips; last slip col -1; tail slips 0; engage col -1
  [i]  P+66/62+2.3: engaged +4 cycles from the crossing, the close then moved -1..+0 (furthest at column 46); tail: tick 1039 cycles after the frame close, -1..+0 (spread 1); 0 repeats, 0 skips; last slip col -1; tail slips 0; engage col -1
  [i]  P+66/62+3.0: engaged +4 cycles from the crossing, the close then moved -1..+1 (furthest at column 0); tail: tick 1039 cycles after the frame close, -1..+0 (spread 1); 0 repeats, 0 skips; last slip col -1; tail slips 0; engage col -1
  [i]  P+66/62+3.1: engaged +3 cycles from the crossing, the close then moved -1..+1 (furthest at column 0); tail: tick 1038 cycles after the frame close, +0..+1 (spread 1); 0 repeats, 0 skips; last slip col -1; tail slips 0; engage col -1
  [i]  P+66/62+3.2: engaged +5 cycles from the crossing, the close then moved -2..+0 (furthest at column 406); tail: tick 1038 cycles after the frame close, -1..+0 (spread 1); 0 repeats, 0 skips; last slip col -1; tail slips 0; engage col -1
  [i]  P+66/62+3.3: engaged +4 cycles from the crossing, the close then moved -1..+0 (furthest at column 40); tail: tick 1039 cycles after the frame close, -1..+0 (spread 1); 0 repeats, 0 skips; last slip col -1; tail slips 0; engage col -1
== capture_coherence: checks: 401   failures: 0 ==
RESULT: PASS

  [i]  calibration, +66 ppm plan: with the TDM clock unheld the first close lands 11 cycles after its tick

[P+66/63] PROBE CRF, +66 ppm plan, every 1 cycles from -1 to +3, 4 quarter-cycle sub-placements, 1000 columns
  [i]  P+66/63-1.0: engaged +0 cycles from the crossing, the close then moved -121..+0 (furthest at column 995); tail: tick 64 cycles after the frame close, +0..+56 (spread 56); 0 repeats, 0 skips; last slip col -1; tail slips 0; engage col -1
  [i]  P+66/63-1.1: engaged -1 cycles from the crossing, the close then moved -121..+1 (furthest at column 995); tail: tick 65 cycles after the frame close, -1..+56 (spread 57); 0 repeats, 0 skips; last slip col -1; tail slips 0; engage col -1
  [i]  P+66/63-1.2: engaged +1 cycles from the crossing, the close then moved -1..+0 (furthest at column 0); tail: tick 1041 cycles after the frame close, -1..+1 (spread 2); 0 repeats, 0 skips; last slip col -1; tail slips 0; engage col -1
  [i]  P+66/63-1.3: engaged +0 cycles from the crossing, the close then moved -121..+0 (furthest at column 995); tail: tick 64 cycles after the frame close, +0..+57 (spread 57); 0 repeats, 0 skips; last slip col -1; tail slips 0; engage col -1
  [i]  P+66/63+0.0: engaged +1 cycles from the crossing, the close then moved -1..+1 (furthest at column 0); tail: tick 1041 cycles after the frame close, -1..+0 (spread 1); 0 repeats, 0 skips; last slip col -1; tail slips 0; engage col -1
  [i]  P+66/63+0.1: engaged +1 cycles from the crossing, the close then moved +0..+1 (furthest at column 0); tail: tick 1040 cycles after the frame close, +0..+1 (spread 1); 0 repeats, 0 skips; last slip col -1; tail slips 0; engage col -1
  [i]  P+66/63+0.2: engaged +2 cycles from the crossing, the close then moved -1..+0 (furthest at column 0); tail: tick 1040 cycles after the frame close, -1..+1 (spread 2); 0 repeats, 0 skips; last slip col -1; tail slips 0; engage col -1
  [i]  P+66/63+0.3: engaged +2 cycles from the crossing, the close then moved -1..+0 (furthest at column 40); tail: tick 1040 cycles after the frame close, -1..+1 (spread 2); 0 repeats, 0 skips; last slip col -1; tail slips 0; engage col -1
  [i]  P+66/63+1.0: engaged +2 cycles from the crossing, the close then moved -1..+1 (furthest at column 0); tail: tick 1040 cycles after the frame close, -1..+0 (spread 1); 0 repeats, 0 skips; last slip col -1; tail slips 0; engage col -1
  [i]  P+66/63+1.1: engaged +1 cycles from the crossing, the close then moved +0..+1 (furthest at column 0); tail: tick 1040 cycles after the frame close, +0..+1 (spread 1); 0 repeats, 0 skips; last slip col -1; tail slips 0; engage col -1
  [i]  P+66/63+1.2: engaged +3 cycles from the crossing, the close then moved -1..+0 (furthest at column 0); tail: tick 1039 cycles after the frame close, +0..+1 (spread 1); 0 repeats, 0 skips; last slip col -1; tail slips 0; engage col -1
  [i]  P+66/63+1.3: engaged +2 cycles from the crossing, the close then moved -1..+0 (furthest at column 34); tail: tick 1040 cycles after the frame close, -1..+1 (spread 2); 0 repeats, 0 skips; last slip col -1; tail slips 0; engage col -1
  [i]  P+66/63+2.0: engaged +3 cycles from the crossing, the close then moved -1..+1 (furthest at column 0); tail: tick 1039 cycles after the frame close, -1..+1 (spread 2); 0 repeats, 0 skips; last slip col -1; tail slips 0; engage col -1
  [i]  P+66/63+2.1: engaged +3 cycles from the crossing, the close then moved -1..+1 (furthest at column 0); tail: tick 1038 cycles after the frame close, +0..+1 (spread 1); 0 repeats, 0 skips; last slip col -1; tail slips 0; engage col -1
  [i]  P+66/63+2.2: engaged +4 cycles from the crossing, the close then moved -2..+0 (furthest at column 592); tail: tick 1038 cycles after the frame close, +0..+1 (spread 1); 0 repeats, 0 skips; last slip col -1; tail slips 0; engage col -1
  [i]  P+66/63+2.3: engaged +4 cycles from the crossing, the close then moved -1..+0 (furthest at column 40); tail: tick 1039 cycles after the frame close, -1..+0 (spread 1); 0 repeats, 0 skips; last slip col -1; tail slips 0; engage col -1
  [i]  P+66/63+3.0: engaged +4 cycles from the crossing, the close then moved -1..+1 (furthest at column 0); tail: tick 1039 cycles after the frame close, -1..+0 (spread 1); 0 repeats, 0 skips; last slip col -1; tail slips 0; engage col -1
  [i]  P+66/63+3.1: engaged +3 cycles from the crossing, the close then moved -1..+1 (furthest at column 0); tail: tick 1038 cycles after the frame close, +0..+1 (spread 1); 0 repeats, 0 skips; last slip col -1; tail slips 0; engage col -1
  [i]  P+66/63+3.2: engaged +5 cycles from the crossing, the close then moved -2..+0 (furthest at column 400); tail: tick 1038 cycles after the frame close, -1..+0 (spread 1); 0 repeats, 0 skips; last slip col -1; tail slips 0; engage col -1
  [i]  P+66/63+3.3: engaged +4 cycles from the crossing, the close then moved -1..+0 (furthest at column 34); tail: tick 1039 cycles after the frame close, -1..+0 (spread 1); 0 repeats, 0 skips; last slip col -1; tail slips 0; engage col -1
== capture_coherence: checks: 401   failures: 0 ==
RESULT: PASS
