pdu,arrive_s,ring_margin_ticks,full_margin_ticks,render_fill,render_delay_ticks
5199,1.2500823,0.0922,10.9824,14,8.0026
5200,1.2502073,0.0998,10.9824,14,8.0026
5201,1.2503322,0.0998,10.9747,14,8.0102
5202,1.2504572,0.0998,10.9747,14,8.0102
5203,1.2505823,0.0922,10.9824,14,8.0026
5204,1.2507073,0.0998,10.9824,14,8.0026
5205,1.2508322,0.0998,10.9747,14,8.0102
5206,1.2509572,0.0998,10.9747,14,8.0102
5207,1.2510823,0.0998,10.9824,14,8.0026
5208,1.2512073,0.0998,10.9824,14,8.0026
5209,1.2513322,0.0998,10.9747,14,8.0102
5210,1.2514572,0.0998,10.9747,14,8.0102
5211,1.2515823,0.0998,10.9824,14,8.0026
5212,1.2517073,0.0998,10.9824,14,8.0026
5213,1.2518322,0.0998,10.9747,14,8.0102
5214,1.2519572,0.0998,10.9747,14,8.0102
5215,1.2520823,0.0998,10.9824,14,8.0026
5216,1.2522073,0.0998,10.9747,14,8.0026
5217,1.2523322,0.0998,10.9747,14,8.0102
5218,1.2524572,0.0998,10.9747,14,8.0102
5219,1.2525823,0.0998,10.9824,14,8.0026
5220,1.2527073,0.0998,10.9747,14,8.0026
5221,1.2528322,0.0998,10.9747,14,8.0102
5222,1.2529572,0.0998,10.9747,14,8.0102
5223,1.2530823,0.0998,10.9824,14,8.0026
5224,1.2532073,0.0998,10.9747,14,8.0102
5225,1.2533322,0.0998,10.9747,14,8.0102
5226,1.2534572,0.0998,10.9747,14,8.0102
5227,1.2535823,0.0998,10.9824,14,8.0026
5228,1.2537073,0.0998,10.9747,14,8.0102
5229,1.2538322,0.0998,10.9747,14,8.0102
5230,1.2539574,0.0922,10.9824,14,8.0026
5231,1.2540823,0.0998,10.9824,14,8.0026
5232,1.2542073,0.0998,10.9747,14,8.0102
5233,1.2543322,0.0998,10.9747,14,8.0102
5234,1.2544574,0.0922,10.9824,14,8.0026
5235,1.2545823,0.0998,10.9824,14,8.0026
5236,1.2547073,0.0998,10.9747,14,8.0102
5237,1.2548322,0.0998,10.9747,14,8.0102
5238,1.2549574,0.0922,10.9824,14,8.0026
5239,1.2550823,0.0998,10.9824,14,8.0026
5240,1.2552073,0.0998,10.9747,14,8.0102
5241,1.2553322,0.0998,10.9747,14,8.0102
5242,1.2554574,0.0922,10.9824,14,8.0026
5243,1.2555823,0.0998,10.9824,14,8.0026
5244,1.2557073,0.0998,10.9747,14,8.0102
5245,1.2558322,0.0998,10.9747,14,8.0102
5246,1.2559574,0.0922,10.9824,14,8.0026
5247,1.2560823,0.0998,10.9824,14,8.0026
5248,1.2562073,0.0998,10.9747,14,8.0102
5249,1.2563322,0.0998,10.9747,14,8.0102
5250,1.2564574,0.0922,10.9824,14,8.0026
5251,1.2565823,0.0998,10.9824,14,8.0026
5252,1.2567073,0.0998,10.9747,14,8.0102
5253,1.2568322,0.0998,10.9747,14,8.0102
5254,1.2569574,0.0922,10.9824,14,8.0026
5255,1.2570823,0.0998,10.9824,14,8.0026
5256,1.2572073,0.0998,10.9747,14,8.0102
5257,1.2573324,0.0922,10.9824,14,8.0026
5258,1.2574574,0.0922,10.9824,14,8.0026
5259,1.2575823,0.0998,10.9824,14,8.0026
5260,1.2577073,0.0998,10.9747,14,8.0102
5261,1.2578324,0.0922,10.9824,14,8.0026
5262,1.2579574,0.0922,10.9824,14,8.0026
5263,1.2580823,0.0998,10.9824,14,8.0026
5264,1.2582073,0.0998,10.9747,14,8.0102
5265,1.2583324,0.0922,10.9824,14,8.0026
5266,1.2584574,0.0998,10.9824,14,8.0026
5267,1.2585823,0.0998,10.9824,14,8.0026
5268,1.2587073,0.0998,10.9747,14,8.0102
5269,1.2588324,0.0922,10.9824,14,8.0026
5270,1.2589574,0.0998,10.9824,14,8.0026
5271,1.2590823,0.0998,10.9824,14,8.0026
5272,1.2592073,0.0998,10.9747,14,8.0102
5273,1.2593324,0.0922,10.9824,14,8.0026
5274,1.2594574,0.0998,10.9824,14,8.0026
5275,1.2595823,0.0998,10.9824,14,8.0026
5276,1.2597073,0.0998,10.9747,14,8.0102
5277,1.2598324,0.0922,10.9824,14,8.0026
5278,1.2599574,0.0998,10.9824,14,8.0026
5279,1.2600823,0.0998,10.9747,14,8.0026
5280,1.2602073,0.0998,10.9747,14,8.0102
5281,1.2603324,0.0922,10.9824,14,8.0026
5282,1.2604574,0.0998,10.9824,14,8.0026
5283,1.2605823,0.0998,10.9747,14,8.0026
5284,1.2607073,0.0998,10.9747,14,8.0102
5285,1.2608324,0.0922,10.9824,14,8.0026
5286,1.2609574,0.0998,10.9824,14,8.0026
5287,1.2610823,0.0998,10.9747,14,8.0102
5288,1.2612074,0.0922,10.9824,14,8.0026
5289,1.2613324,0.0922,10.9824,14,8.0026
5290,1.2614574,0.0998,10.9824,14,8.0026
5291,1.2615823,0.0998,10.9747,14,8.0102
5292,1.2617074,0.0922,10.9824,14,8.0026
5293,1.2618324,0.0922,10.9824,14,8.0026
5294,1.2619574,0.0998,10.9824,14,8.0026
5295,1.2620823,0.0998,10.9747,14,8.0102
5296,1.2622074,0.0922,10.9824,14,8.0026
5297,1.2623324,0.0922,10.9824,14,8.0026
5298,1.2624574,0.0998,10.9824,14,8.0026
5299,1.2625823,0.0998,10.9747,14,8.0102
5300,1.2627074,0.0922,10.9824,14,8.0026
5301,1.2628324,0.0922,10.9824,14,8.0026
5302,1.2629574,0.0998,10.9824,14,8.0026
5303,1.2630823,0.0998,10.9747,14,8.0102
5304,1.2632074,0.0922,10.9824,14,8.0026
5305,1.2633324,0.0922,10.9824,14,8.0026
5306,1.2634574,0.0998,10.9824,14,8.0026
5307,1.2635823,0.0998,10.9747,14,8.0102
5308,1.2637074,0.0922,10.9824,14,8.0026
5309,1.2638324,0.0922,10.9824,14,8.0026
5310,1.2639574,0.0998,10.9824,14,8.0026
5311,1.2640823,0.0998,10.9747,14,8.0102
5312,1.2642074,0.0922,10.9824,14,8.0026
5313,1.2643324,0.0922,10.9824,14,8.0026
5314,1.2644574,0.0998,10.9824,14,8.0026
5315,1.2645825,0.0922,10.9824,14,8.0026
5316,1.2647074,0.0922,10.9824,14,8.0026
5317,1.2648324,0.0922,10.9824,14,8.0026
5318,1.2649574,0.0998,10.9824,14,8.0026
5319,1.2650825,0.0922,10.9824,14,8.0026
5320,1.2652074,0.0922,10.9824,14,8.0026
5321,1.2653324,0.0922,10.9824,14,8.0026
5322,1.2654574,0.0998,10.9824,14,8.0026
5323,1.2655825,0.0922,10.9824,14,8.0026
5324,1.2657074,0.0922,10.9824,14,8.0026
5325,1.2658324,0.0922,10.9824,14,8.0026
5326,1.2659574,0.0998,10.9824,14,8.0026
5327,1.2660825,0.0922,10.9824,14,8.0026
5328,1.2662074,0.0922,10.9824,14,8.0026
5329,1.2663324,0.0998,10.9824,14,8.0026
5330,1.2664574,0.0998,10.9824,14,8.0026
5331,1.2665825,0.0922,10.9824,14,8.0026
5332,1.2667074,0.0922,10.9824,14,8.0026
5333,1.2668324,0.0998,10.9824,14,8.0026
5334,1.2669574,0.0998,10.9824,14,8.0026
5335,1.2670825,0.0922,10.9824,14,8.0026
5336,1.2672074,0.0922,10.9824,14,8.0026
5337,1.2673324,0.0998,10.9824,14,8.0026
5338,1.2674574,0.0998,10.9824,14,8.0026
5339,1.2675825,0.0922,10.9824,14,8.0026
5340,1.2677074,0.0922,10.9824,14,8.0026
5341,1.2678324,0.0998,10.9824,14,8.0026
5342,1.2679574,0.0998,10.9747,14,8.0026
5343,1.2680825,0.0922,10.9824,14,8.0026
5344,1.2682074,0.0922,10.9824,14,8.0026
5345,1.2683324,0.0998,10.9824,14,8.0026
5346,1.2684575,0.0922,10.9824,14,8.0026
5347,1.2685825,0.0922,10.9824,14,8.0026
5348,1.2687074,0.0922,10.9824,14,8.0026
5349,1.2688324,0.0998,10.9824,14,8.0026
5350,1.2689575,0.0922,10.9824,14,8.0026
5351,1.2690825,0.0922,10.9824,14,8.0026
5352,1.2692074,0.0922,10.9824,14,8.0026
5353,1.2693324,0.0998,10.9824,14,8.0026
5354,1.2694575,0.0922,10.9824,14,8.0026
5355,1.2695825,0.0922,10.9824,14,8.0026
5356,1.2697074,0.0922,10.9824,14,8.0026
5357,1.2698324,0.0998,10.9824,14,8.0026
5358,1.2699575,0.0922,10.9824,14,8.0026
5359,1.2700825,0.0922,10.9824,14,8.0026
5360,1.2702074,0.0922,10.9824,14,8.0026
5361,1.2703324,0.0998,10.9824,14,8.0026
5362,1.2704575,0.0922,10.9824,14,8.0026
5363,1.2705825,0.0922,10.9824,14,8.0026
5364,1.2707074,0.0922,10.9824,14,8.0026
5365,1.2708324,0.0998,10.9824,14,8.0026
5366,1.2709575,0.0922,10.9824,14,8.0026
5367,1.2710825,0.0922,10.9824,14,8.0026
5368,1.2712074,0.0922,10.9824,14,8.0026
5369,1.2713324,0.0998,10.9824,14,8.0026
5370,1.2714575,0.0922,10.9824,14,8.0026
5371,1.2715825,0.0922,10.9824,14,8.0026
5372,1.2717074,0.0922,10.9824,14,8.0026
5373,1.2718326,0.0922,10.9901,14,7.9949
5374,1.2719575,0.0922,10.9824,14,8.0026
5375,1.2720825,0.0922,10.9824,14,8.0026
5376,1.2722074,0.0922,10.9824,14,8.0026
5377,1.2723326,0.0922,10.9901,14,7.9949
5378,1.2724575,0.0922,10.9824,14,8.0026
5379,1.2725825,0.0922,10.9824,14,8.0026
5380,1.2727074,0.0922,10.9824,14,8.0026
5381,1.2728326,0.0922,10.9901,14,7.9949
5382,1.2729575,0.0922,10.9824,14,8.0026
5383,1.2730825,0.0922,10.9824,14,8.0026
5384,1.2732074,0.0922,10.9824,14,8.0026
5385,1.2733326,0.0922,10.9901,14,7.9949
5386,1.2734575,0.0922,10.9824,14,8.0026
5387,1.2735825,0.0922,10.9824,14,8.0026
5388,1.2737074,0.0998,10.9824,14,8.0026
5389,1.2738326,0.0922,10.9901,14,7.9949
5390,1.2739575,0.0922,10.9824,14,8.0026
5391,1.2740825,0.0922,10.9824,14,8.0026
5392,1.2742074,0.0998,10.9824,14,8.0026
5393,1.2743326,0.0922,10.9901,14,7.9949
5394,1.2744575,0.0922,10.9824,14,8.0026
5395,1.2745825,0.0922,10.9824,14,8.0026
5396,1.2747074,0.0998,10.9824,14,8.0026
5397,1.2748326,0.0922,10.9901,14,7.9949
5398,1.2749575,0.0922,10.9824,14,8.0026
5399,1.2750825,0.0922,10.9824,14,8.0026
5400,1.2752074,0.0998,10.9824,14,8.0026
5401,1.2753326,0.0922,10.9824,14,7.9949
5402,1.2754575,0.0922,10.9824,14,8.0026
5403,1.2755825,0.0922,10.9824,14,8.0026
5404,1.2757076,0.0922,10.9901,14,7.9949
5405,1.2758326,0.0922,10.9824,14,7.9949
5406,1.2759575,0.0922,10.9824,14,8.0026
5407,1.2760825,0.0922,10.9824,14,8.0026
5408,1.2762076,0.0922,10.9901,14,7.9949
5409,1.2763326,0.0922,10.9824,14,8.0026
5410,1.2764575,0.0922,10.9824,14,8.0026
5411,1.2765825,0.0922,10.9824,14,8.0026
5412,1.2767076,0.0922,10.9901,14,7.9949
5413,1.2768326,0.0922,10.9824,14,8.0026
5414,1.2769575,0.0922,10.9824,14,8.0026
5415,1.2770825,0.0922,10.9824,14,8.0026
5416,1.2772076,0.0922,10.9901,14,7.9949
5417,1.2773326,0.0922,10.9824,14,8.0026
5418,1.2774575,0.0922,10.9824,14,8.0026
5419,1.2775825,0.0922,10.9824,14,8.0026
5420,1.2777076,0.0922,10.9901,14,7.9949
5421,1.2778326,0.0922,10.9824,14,8.0026
5422,1.2779575,0.0922,10.9824,14,8.0026
5423,1.2780825,0.0922,10.9824,14,8.0026
5424,1.2782076,0.0922,10.9901,14,7.9949
5425,1.2783326,0.0922,10.9824,14,8.0026
5426,1.2784575,0.0922,10.9824,14,8.0026
5427,1.2785825,0.0922,10.9824,14,8.0026
5428,1.2787076,0.0922,10.9901,14,7.9949
5429,1.2788326,0.0922,10.9824,14,8.0026
5430,1.2789575,0.0922,10.9824,14,8.0026
5431,1.2790826,0.0845,10.9901,14,7.9949
5432,1.2792076,0.0922,10.9901,14,7.9949
5433,1.2793326,0.0922,10.9824,14,8.0026
5434,1.2794575,0.0922,10.9824,14,8.0026
5435,1.2795826,0.0845,10.9901,14,7.9949
5436,1.2797076,0.0922,10.9901,14,7.9949
5437,1.2798326,0.0922,10.9824,14,8.0026
5438,1.2799575,0.0922,10.9824,14,8.0026
5439,1.2800826,0.0845,10.9901,14,7.9949
5440,1.2802076,0.0922,10.9901,14,7.9949
5441,1.2803326,0.0922,10.9824,14,8.0026
5442,1.2804575,0.0922,10.9824,14,8.0026
5443,1.2805826,0.0845,10.9901,14,7.9949
5444,1.2807076,0.0922,10.9901,14,7.9949
5445,1.2808326,0.0922,10.9824,14,8.0026
5446,1.2809575,0.0922,10.9824,14,8.0026
5447,1.2810826,0.0845,10.9901,14,7.9949
5448,1.2812076,0.0922,10.9901,14,7.9949
5449,1.2813326,0.0922,10.9824,14,8.0026
5450,1.2814575,0.0922,10.9824,14,8.0026
5451,1.2815826,0.0922,10.9901,14,7.9949
5452,1.2817076,0.0922,10.9901,14,7.9949
5453,1.2818326,0.0922,10.9824,14,8.0026
5454,1.2819575,0.0922,10.9824,14,8.0026
5455,1.2820826,0.0922,10.9901,14,7.9949
5456,1.2822076,0.0922,10.9901,14,7.9949
5457,1.2823326,0.0922,10.9824,14,8.0026
5458,1.2824575,0.0922,10.9824,14,8.0026
5459,1.2825826,0.0922,10.9901,14,7.9949
5460,1.2827076,0.0922,10.9901,14,7.9949
5461,1.2828326,0.0922,10.9824,14,8.0026
5462,1.2829577,0.0845,10.9901,14,7.9949
5463,1.2830826,0.0922,10.9901,14,7.9949
5464,1.2832076,0.0922,10.9824,14,7.9949
5465,1.2833326,0.0922,10.9824,14,8.0026
5466,1.2834577,0.0845,10.9901,14,7.9949
5467,1.2835826,0.0922,10.9901,14,7.9949
5468,1.2837076,0.0922,10.9824,14,7.9949
5469,1.2838326,0.0922,10.9824,14,8.0026
5470,1.2839577,0.0845,10.9901,14,7.9949
5471,1.2840826,0.0922,10.9901,14,7.9949
5472,1.2842076,0.0922,10.9824,14,8.0026
5473,1.2843326,0.0922,10.9824,14,8.0026
5474,1.2844577,0.0845,10.9901,14,7.9949
5475,1.2845826,0.0922,10.9901,14,7.9949
5476,1.2847076,0.0922,10.9824,14,8.0026
5477,1.2848326,0.0922,10.9824,14,8.0026
5478,1.2849577,0.0845,10.9901,14,7.9949
5479,1.2850826,0.0922,10.9901,14,7.9949
5480,1.2852076,0.0922,10.9824,14,8.0026
5481,1.2853326,0.0922,10.9824,14,8.0026
5482,1.2854577,0.0845,10.9901,14,7.9949
5483,1.2855826,0.0922,10.9901,14,7.9949
5484,1.2857076,0.0922,10.9824,14,8.0026
5485,1.2858326,0.0922,10.9824,14,8.0026
5486,1.2859577,0.0845,10.9901,14,7.9949
5487,1.2860826,0.0922,10.9901,14,7.9949
5488,1.2862076,0.0922,10.9824,14,8.0026
5489,1.2863327,0.0845,10.9901,14,7.9949
5490,1.2864577,0.0845,10.9901,14,7.9949
5491,1.2865826,0.0922,10.9901,14,7.9949
5492,1.2867076,0.0922,10.9824,14,8.0026
5493,1.2868327,0.0845,10.9901,14,7.9949
5494,1.2869577,0.0845,10.9901,14,7.9949
5495,1.2870826,0.0922,10.9901,14,7.9949
5496,1.2872076,0.0922,10.9824,14,8.0026
5497,1.2873327,0.0845,10.9901,14,7.9949
5498,1.2874577,0.0845,10.9901,14,7.9949
5499,1.2875826,0.0922,10.9901,14,7.9949
5500,1.2877076,0.0922,10.9824,14,8.0026
5501,1.2878327,0.0845,10.9901,14,7.9949
5502,1.2879577,0.0845,10.9901,14,7.9949
5503,1.2880826,0.0922,10.9901,14,7.9949
5504,1.2882076,0.0922,10.9824,14,8.0026
5505,1.2883327,0.0845,10.9901,14,7.9949
5506,1.2884577,0.0845,10.9901,14,7.9949
5507,1.2885826,0.0922,10.9901,14,7.9949
5508,1.2887076,0.0922,10.9824,14,8.0026
5509,1.2888327,0.0845,10.9901,14,7.9949
5510,1.2889577,0.0845,10.9901,14,7.9949
5511,1.2890826,0.0922,10.9901,14,7.9949
5512,1.2892076,0.0922,10.9824,14,8.0026
5513,1.2893327,0.0845,10.9901,14,7.9949
5514,1.2894577,0.0922,10.9901,14,7.9949
5515,1.2895826,0.0922,10.9901,14,7.9949
5516,1.2897076,0.0922,10.9824,14,8.0026
5517,1.2898327,0.0845,10.9901,14,7.9949
5518,1.2899577,0.0922,10.9901,14,7.9949
5519,1.2900826,0.0922,10.9901,14,7.9949
5520,1.2902078,0.0845,10.9901,14,7.9949
5521,1.2903327,0.0845,10.9901,14,7.9949
5522,1.2904577,0.0922,10.9901,14,7.9949
5523,1.2905826,0.0922,10.9824,14,7.9949
5524,1.2907078,0.0845,10.9901,14,7.9949
5525,1.2908327,0.0845,10.9901,14,7.9949
5526,1.2909577,0.0922,10.9901,14,7.9949
5527,1.2910826,0.0922,10.9824,14,7.9949
5528,1.2912078,0.0845,10.9901,14,7.9949
5529,1.2913327,0.0845,10.9901,14,7.9949
5530,1.2914577,0.0922,10.9901,14,7.9949
5531,1.2915826,0.0922,10.9824,14,8.0026
5532,1.2917078,0.0845,10.9901,14,7.9949
5533,1.2918327,0.0845,10.9901,14,7.9949
5534,1.2919577,0.0922,10.9901,14,7.9949
5535,1.2920826,0.0922,10.9824,14,8.0026
5536,1.2922078,0.0845,10.9901,14,7.9949
5537,1.2923327,0.0845,10.9901,14,7.9949
5538,1.2924577,0.0922,10.9901,14,7.9949
5539,1.2925826,0.0922,10.9824,14,8.0026
5540,1.2927078,0.0845,10.9901,14,7.9949
5541,1.2928327,0.0845,10.9901,14,7.9949
5542,1.2929577,0.0922,10.9901,14,7.9949
5543,1.2930826,0.0922,10.9824,14,8.0026
5544,1.2932078,0.0845,10.9901,14,7.9949
5545,1.2933327,0.0845,10.9901,14,7.9949
5546,1.2934577,0.0922,10.9901,14,7.9949
5547,1.2935828,0.0845,10.9901,14,7.9949
5548,1.2937078,0.0845,10.9901,14,7.9949
5549,1.2938327,0.0845,10.9901,14,7.9949
5550,1.2939577,0.0922,10.9901,14,7.9949
5551,1.2940828,0.0845,10.9901,14,7.9949
5552,1.2942078,0.0845,10.9901,14,7.9949
5553,1.2943327,0.0845,10.9901,14,7.9949
5554,1.2944577,0.0922,10.9901,14,7.9949
5555,1.2945828,0.0845,10.9901,14,7.9949
5556,1.2947078,0.0845,10.9901,14,7.9949
5557,1.2948327,0.0845,10.9901,14,7.9949
5558,1.2949577,0.0922,10.9901,14,7.9949
5559,1.2950828,0.0845,10.9901,14,7.9949
5560,1.2952078,0.0845,10.9901,14,7.9949
5561,1.2953327,0.0845,10.9901,14,7.9949
5562,1.2954577,0.0922,10.9901,14,7.9949
5563,1.2955828,0.0845,10.9901,14,7.9949
5564,1.2957078,0.0845,10.9901,14,7.9949
5565,1.2958327,0.0845,10.9901,14,7.9949
5566,1.2959577,0.0922,10.9901,14,7.9949
5567,1.2960828,0.0845,10.9901,14,7.9949
5568,1.2962078,0.0845,10.9901,14,7.9949
5569,1.2963327,0.0845,10.9901,14,7.9949
5570,1.2964577,0.0922,10.9901,14,7.9949
5571,1.2965828,0.0845,10.9901,14,7.9949
5572,1.2967078,0.0845,10.9901,14,7.9949
5573,1.2968327,0.0922,10.9901,14,7.9949
5574,1.2969577,0.0922,10.9901,14,7.9949
5575,1.2970828,0.0845,10.9901,14,7.9949
5576,1.2972078,0.0845,10.9901,14,7.9949
5577,1.2973327,0.0922,10.9901,14,7.9949
5578,1.2974578,0.0845,10.9978,14,7.9872
5579,1.2975828,0.0845,10.9901,14,7.9949
5580,1.2977078,0.0845,10.9901,14,7.9949
5581,1.2978327,0.0922,10.9901,14,7.9949
5582,1.2979578,0.0845,10.9978,14,7.9872
5583,1.2980828,0.0845,10.9901,14,7.9949
5584,1.2982078,0.0845,10.9901,14,7.9949
5585,1.2983327,0.0922,10.9901,14,7.9949
5586,1.2984578,0.0845,10.9901,14,7.9872
5587,1.2985828,0.0845,10.9901,14,7.9949
5588,1.2987078,0.0845,10.9901,14,7.9949
5589,1.2988327,0.0922,10.9901,14,7.9949
5590,1.2989578,0.0845,10.9901,14,7.9872
5591,1.2990828,0.0845,10.9901,14,7.9949
5592,1.2992078,0.0845,10.9901,14,7.9949
5593,1.2993327,0.0922,10.9901,14,7.9949
5594,1.2994578,0.0845,10.9901,14,7.9949
5595,1.2995828,0.0845,10.9901,14,7.9949
5596,1.2997078,0.0845,10.9901,14,7.9949
5597,1.2998327,0.0922,10.9901,14,7.9949
5598,1.2999578,0.0845,10.9901,14,7.9949
5599,1.3000828,0.0845,10.9901,14,7.9949
5600,1.3002078,0.0845,10.9901,14,7.9949
5601,1.3003327,0.0922,10.9901,14,7.9949
5602,1.3004578,0.0845,10.9901,14,7.9949
5603,1.3005828,0.0845,10.9901,14,7.9949
5604,1.3007078,0.0845,10.9901,14,7.9949
5605,1.3008329,0.0845,10.9978,14,7.9872
5606,1.3009578,0.0845,10.9901,14,7.9949
5607,1.3010828,0.0845,10.9901,14,7.9949
5608,1.3012078,0.0845,10.9901,14,7.9949
5609,1.3013329,0.0845,10.9978,14,7.9872
5610,1.3014578,0.0845,10.9901,14,7.9949
5611,1.3015828,0.0845,10.9901,14,7.9949
5612,1.3017078,0.0845,10.9901,14,7.9949
5613,1.3018329,0.0845,10.9978,14,7.9872
5614,1.3019578,0.0845,10.9901,14,7.9949
5615,1.3020828,0.0845,10.9901,14,7.9949
5616,1.3022078,0.0845,10.9901,14,7.9949
5617,1.3023329,0.0845,10.9978,14,7.9872
5618,1.3024578,0.0845,10.9901,14,7.9949
5619,1.3025828,0.0845,10.9901,14,7.9949
5620,1.3027078,0.0845,10.9901,14,7.9949
5621,1.3028329,0.0845,10.9978,14,7.9872
5622,1.3029578,0.0845,10.9901,14,7.9949
5623,1.3030828,0.0845,10.9901,14,7.9949
5624,1.3032078,0.0845,10.9901,14,7.9949
5625,1.3033329,0.0845,10.9978,14,7.9872
5626,1.3034578,0.0845,10.9901,14,7.9949
5627,1.3035828,0.0845,10.9901,14,7.9949
5628,1.3037078,0.0845,10.9901,14,7.9949
5629,1.3038329,0.0845,10.9978,14,7.9872
5630,1.3039578,0.0845,10.9901,14,7.9949
5631,1.3040828,0.0845,10.9901,14,7.9949
5632,1.3042078,0.0845,10.9901,14,7.9949
5633,1.3043329,0.0845,10.9978,14,7.9872
5634,1.3044578,0.0845,10.9901,14,7.9949
5635,1.3045828,0.0845,10.9901,14,7.9949
5636,1.3047079,0.0845,10.9978,14,7.9872
5637,1.3048329,0.0845,10.9978,14,7.9872
5638,1.3049578,0.0845,10.9901,14,7.9949
5639,1.3050828,0.0845,10.9901,14,7.9949
5640,1.3052079,0.0845,10.9978,14,7.9872
5641,1.3053329,0.0845,10.9978,14,7.9872
5642,1.3054578,0.0845,10.9901,14,7.9949
5643,1.3055828,0.0845,10.9901,14,7.9949
5644,1.3057079,0.0845,10.9978,14,7.9872
5645,1.3058329,0.0845,10.9978,14,7.9872
5646,1.3059578,0.0845,10.9901,14,7.9949
5647,1.3060828,0.0845,10.9901,14,7.9949
5648,1.3062079,0.0845,10.9978,14,7.9872
5649,1.3063329,0.0845,10.9901,14,7.9872
5650,1.3064578,0.0845,10.9901,14,7.9949
5651,1.3065828,0.0845,10.9901,14,7.9949
5652,1.3067079,0.0845,10.9978,14,7.9872
5653,1.3068329,0.0845,10.9901,14,7.9872
5654,1.3069578,0.0845,10.9901,14,7.9949
5655,1.3070828,0.0845,10.9901,14,7.9949
5656,1.3072079,0.0845,10.9978,14,7.9872
5657,1.3073329,0.0845,10.9901,14,7.9949
5658,1.3074578,0.0845,10.9901,14,7.9949
5659,1.3075828,0.0845,10.9901,14,7.9949
5660,1.3077079,0.0845,10.9978,14,7.9872
5661,1.3078329,0.0845,10.9901,14,7.9949
5662,1.3079578,0.0845,10.9901,14,7.9949
5663,1.3080830,0.0768,10.9978,13,7.9872
5664,1.3082079,0.0845,10.9978,14,7.9872
5665,1.3083329,0.0845,10.9901,14,7.9949
5666,1.3084578,0.0845,10.9901,14,7.9949
5667,1.3085830,0.0768,10.9978,13,7.9872
5668,1.3087079,0.0845,10.9978,14,7.9872
5669,1.3088329,0.0845,10.9901,14,7.9949
5670,1.3089578,0.0845,10.9901,14,7.9949
5671,1.3090830,0.0768,10.9978,13,7.9872
5672,1.3092079,0.0845,10.9978,14,7.9872
5673,1.3093329,0.0845,10.9901,14,7.9949
5674,1.3094578,0.0845,10.9901,14,7.9949
5675,1.3095830,0.0768,10.9978,13,7.9872
5676,1.3097079,0.0845,10.9978,14,7.9872
5677,1.3098329,0.0845,10.9901,14,7.9949
5678,1.3099578,0.0845,10.9901,14,7.9949
5679,1.3100830,0.0768,10.9978,13,7.9872
5680,1.3102079,0.0845,10.9978,14,7.9872
5681,1.3103329,0.0845,10.9901,14,7.9949
5682,1.3104578,0.0845,10.9901,14,7.9949
5683,1.3105830,0.0768,10.9978,13,7.9872
5684,1.3107079,0.0845,10.9978,14,7.9872
5685,1.3108329,0.0845,10.9901,14,7.9949
5686,1.3109578,0.0845,10.9901,14,7.9949
5687,1.3110830,0.0768,10.9978,13,7.9872
5688,1.3112079,0.0845,10.9978,14,7.9872
5689,1.3113329,0.0845,10.9901,14,7.9949
5690,1.3114578,0.0845,10.9901,14,7.9949
5691,1.3115830,0.0768,10.9978,13,7.9872
5692,1.3117079,0.0845,10.9978,14,7.9872
5693,1.3118329,0.0845,10.9901,14,7.9949
5694,1.3119580,0.0768,10.9978,13,7.9872
5695,1.3120830,0.0768,10.9978,13,7.9872
5696,1.3122079,0.0845,10.9978,14,7.9872
5697,1.3123329,0.0845,10.9901,14,7.9949
5698,1.3124580,0.0768,10.9978,13,7.9872
5699,1.3125830,0.0845,10.9978,14,7.9872
5700,1.3127079,0.0845,10.9978,14,7.9872
5701,1.3128329,0.0845,10.9901,14,7.9949
5702,1.3129580,0.0768,10.9978,13,7.9872
5703,1.3130830,0.0845,10.9978,14,7.9872
5704,1.3132079,0.0845,10.9978,14,7.9872
5705,1.3133329,0.0845,10.9901,14,7.9949
5706,1.3134580,0.0768,10.9978,13,7.9872
5707,1.3135830,0.0845,10.9978,14,7.9872
5708,1.3137079,0.0845,10.9978,14,7.9872
5709,1.3138329,0.0845,10.9901,14,7.9949
5710,1.3139580,0.0768,10.9978,13,7.9872
5711,1.3140830,0.0845,10.9978,14,7.9872
5712,1.3142079,0.0845,10.9901,14,7.9872
5713,1.3143329,0.0845,10.9901,14,7.9949
5714,1.3144580,0.0768,10.9978,13,7.9872
5715,1.3145830,0.0845,10.9978,14,7.9872
5716,1.3147079,0.0845,10.9901,14,7.9949
5717,1.3148329,0.0845,10.9901,14,7.9949
5718,1.3149580,0.0768,10.9978,13,7.9872
5719,1.3150830,0.0845,10.9978,14,7.9872
5720,1.3152079,0.0845,10.9901,14,7.9949
5721,1.3153330,0.0768,10.9978,13,7.9872
5722,1.3154580,0.0768,10.9978,13,7.9872
5723,1.3155830,0.0845,10.9978,14,7.9872
5724,1.3157079,0.0845,10.9901,14,7.9949
5725,1.3158330,0.0768,10.9978,13,7.9872
5726,1.3159580,0.0768,10.9978,13,7.9872
5727,1.3160830,0.0845,10.9978,14,7.9872
5728,1.3162079,0.0845,10.9901,14,7.9949
5729,1.3163330,0.0768,10.9978,13,7.9872
5730,1.3164580,0.0768,10.9978,13,7.9872
5731,1.3165830,0.0845,10.9978,14,7.9872
5732,1.3167079,0.0845,10.9901,14,7.9949
5733,1.3168330,0.0768,10.9978,13,7.9872
5734,1.3169580,0.0768,10.9978,13,7.9872
5735,1.3170830,0.0845,10.9978,14,7.9872
5736,1.3172079,0.0845,10.9901,14,7.9949
5737,1.3173330,0.0768,10.9978,13,7.9872
5738,1.3174580,0.0768,10.9978,13,7.9872
5739,1.3175830,0.0845,10.9978,14,7.9872
5740,1.3177079,0.0845,10.9901,14,7.9949
5741,1.3178330,0.0768,10.9978,13,7.9872
5742,1.3179580,0.0768,10.9978,13,7.9872
5743,1.3180830,0.0845,10.9978,14,7.9872
5744,1.3182079,0.0845,10.9901,14,7.9949
5745,1.3183330,0.0768,10.9978,13,7.9872
5746,1.3184580,0.0768,10.9978,13,7.9872
5747,1.3185830,0.0845,10.9978,14,7.9872
5748,1.3187079,0.0845,10.9901,14,7.9949
5749,1.3188330,0.0768,10.9978,13,7.9872
5750,1.3189580,0.0768,10.9978,13,7.9872
5751,1.3190830,0.0845,10.9978,14,7.9872
5752,1.3192081,0.0768,10.9978,13,7.9872
5753,1.3193330,0.0768,10.9978,13,7.9872
5754,1.3194580,0.0768,10.9978,13,7.9872
5755,1.3195830,0.0845,10.9978,14,7.9872
5756,1.3197081,0.0768,10.9978,13,7.9872
5757,1.3198330,0.0768,10.9978,13,7.9872
5758,1.3199580,0.0768,10.9978,13,7.9872
5759,1.3200830,0.0845,10.9978,14,7.9872
5760,1.3202081,0.0768,10.9978,13,7.9872
5761,1.3203330,0.0768,10.9978,13,7.9872
5762,1.3204580,0.0845,10.9978,14,7.9872
5763,1.3205830,0.0845,10.9978,14,7.9872
5764,1.3207081,0.0768,10.9978,13,7.9872
5765,1.3208330,0.0768,10.9978,13,7.9872
5766,1.3209580,0.0845,10.9978,14,7.9872
5767,1.3210830,0.0845,10.9978,14,7.9872
5768,1.3212081,0.0768,10.9978,13,7.9872
5769,1.3213330,0.0768,10.9978,13,7.9872
5770,1.3214580,0.0845,10.9978,14,7.9872
5771,1.3215830,0.0845,10.9901,14,7.9872
5772,1.3217081,0.0768,10.9978,13,7.9872
5773,1.3218330,0.0768,10.9978,13,7.9872
5774,1.3219580,0.0845,10.9978,14,7.9872
5775,1.3220830,0.0845,10.9901,14,7.9872
5776,1.3222081,0.0768,10.9978,13,7.9872
5777,1.3223330,0.0768,10.9978,13,7.9872
5778,1.3224580,0.0845,10.9978,14,7.9872
5779,1.3225831,0.0768,10.9978,13,7.9872
5780,1.3227081,0.0768,10.9978,13,7.9872
5781,1.3228330,0.0768,10.9978,13,7.9872
5782,1.3229580,0.0845,10.9978,14,7.9872
5783,1.3230831,0.0768,10.9978,13,7.9872
5784,1.3232081,0.0768,10.9978,13,7.9872
5785,1.3233330,0.0768,10.9978,13,7.9872
5786,1.3234580,0.0845,10.9978,14,7.9872
5787,1.3235831,0.0768,10.9978,13,7.9872
5788,1.3237081,0.0768,10.9978,13,7.9872
5789,1.3238330,0.0768,10.9978,13,7.9872
5790,1.3239580,0.0845,10.9978,14,7.9872
5791,1.3240831,0.0768,10.9978,13,7.9872
5792,1.3242081,0.0768,10.9978,13,7.9872
5793,1.3243330,0.0768,10.9978,13,7.9872
5794,1.3244580,0.0845,10.9978,14,7.9872
5795,1.3245831,0.0768,10.9978,13,7.9872
5796,1.3247081,0.0768,10.9978,13,7.9872
5797,1.3248330,0.0768,10.9978,13,7.9872
5798,1.3249580,0.0845,10.9978,14,7.9872
5799,1.3250831,0.0768,10.9978,13,7.9872
5800,1.3252081,0.0768,10.9978,13,7.9872
5801,1.3253330,0.0768,10.9978,13,7.9872
5802,1.3254580,0.0845,10.9978,14,7.9872
5803,1.3255831,0.0768,10.9978,13,7.9872
5804,1.3257081,0.0768,10.9978,13,7.9872
5805,1.3258330,0.0768,10.9978,13,7.9872
5806,1.3259580,0.0845,10.9978,14,7.9872
5807,1.3260831,0.0768,10.9978,13,7.9872
5808,1.3262081,0.0768,10.9978,13,7.9872
5809,1.3263330,0.0768,10.9978,13,7.9872
5810,1.3264582,0.0768,11.0054,13,7.9795
5811,1.3265831,0.0768,10.9978,13,7.9872
5812,1.3267081,0.0768,10.9978,13,7.9872
5813,1.3268330,0.0768,10.9978,13,7.9872
5814,1.3269582,0.0768,11.0054,13,7.9795
5815,1.3270831,0.0768,10.9978,13,7.9872
5816,1.3272081,0.0768,10.9978,13,7.9872
5817,1.3273330,0.0768,10.9978,13,7.9872
5818,1.3274582,0.0768,11.0054,13,7.9795
5819,1.3275831,0.0768,10.9978,13,7.9872
5820,1.3277081,0.0768,10.9978,13,7.9872
5821,1.3278330,0.0845,10.9978,14,7.9872
5822,1.3279582,0.0768,11.0054,13,7.9795
5823,1.3280831,0.0768,10.9978,13,7.9872
5824,1.3282081,0.0768,10.9978,13,7.9872
5825,1.3283330,0.0845,10.9978,14,7.9872
5826,1.3284582,0.0768,11.0054,13,7.9795
5827,1.3285831,0.0768,10.9978,13,7.9872
5828,1.3287081,0.0768,10.9978,13,7.9872
5829,1.3288330,0.0845,10.9978,14,7.9872
5830,1.3289582,0.0768,11.0054,13,7.9795
5831,1.3290831,0.0768,10.9978,13,7.9872
5832,1.3292081,0.0768,10.9978,13,7.9872
5833,1.3293330,0.0845,10.9978,14,7.9872
5834,1.3294582,0.0768,10.9978,13,7.9795
5835,1.3295831,0.0768,10.9978,13,7.9872
5836,1.3297081,0.0768,10.9978,13,7.9872
5837,1.3298332,0.0768,11.0054,13,7.9795
5838,1.3299582,0.0768,10.9978,13,7.9795
5839,1.3300831,0.0768,10.9978,13,7.9872
5840,1.3302081,0.0768,10.9978,13,7.9872
5841,1.3303332,0.0768,11.0054,13,7.9795
5842,1.3304582,0.0768,10.9978,13,7.9872
5843,1.3305831,0.0768,10.9978,13,7.9872
5844,1.3307081,0.0768,10.9978,13,7.9872
5845,1.3308332,0.0768,11.0054,13,7.9795
5846,1.3309582,0.0768,10.9978,13,7.9872
5847,1.3310831,0.0768,10.9978,13,7.9872
5848,1.3312081,0.0768,10.9978,13,7.9872
5849,1.3313332,0.0768,11.0054,13,7.9795
5850,1.3314582,0.0768,10.9978,13,7.9872
5851,1.3315831,0.0768,10.9978,13,7.9872
5852,1.3317081,0.0768,10.9978,13,7.9872
5853,1.3318332,0.0768,11.0054,13,7.9795
5854,1.3319582,0.0768,10.9978,13,7.9872
5855,1.3320831,0.0768,10.9978,13,7.9872
5856,1.3322081,0.0768,10.9978,13,7.9872
5857,1.3323332,0.0768,11.0054,13,7.9795
5858,1.3324582,0.0768,10.9978,13,7.9872
5859,1.3325831,0.0768,10.9978,13,7.9872
5860,1.3327081,0.0768,10.9978,13,7.9872
5861,1.3328332,0.0768,11.0054,13,7.9795
5862,1.3329582,0.0768,10.9978,13,7.9872
5863,1.3330831,0.0768,10.9978,13,7.9872
5864,1.3332081,0.0768,10.9978,13,7.9872
5865,1.3333332,0.0768,11.0054,13,7.9795
5866,1.3334582,0.0768,10.9978,13,7.9872
5867,1.3335831,0.0768,10.9978,13,7.9872
5868,1.3337082,0.0691,11.0054,13,7.9795
5869,1.3338332,0.0768,11.0054,13,7.9795
5870,1.3339582,0.0768,10.9978,13,7.9872
5871,1.3340831,0.0768,10.9978,13,7.9872
5872,1.3342082,0.0691,11.0054,13,7.9795
5873,1.3343332,0.0768,11.0054,13,7.9795
5874,1.3344582,0.0768,10.9978,13,7.9872
5875,1.3345831,0.0768,10.9978,13,7.9872
5876,1.3347082,0.0691,11.0054,13,7.9795
5877,1.3348332,0.0768,11.0054,13,7.9795
5878,1.3349582,0.0768,10.9978,13,7.9872
5879,1.3350831,0.0768,10.9978,13,7.9872
5880,1.3352082,0.0691,11.0054,13,7.9795
5881,1.3353332,0.0768,11.0054,13,7.9795
5882,1.3354582,0.0768,10.9978,13,7.9872
5883,1.3355831,0.0768,10.9978,13,7.9872
5884,1.3357082,0.0768,11.0054,13,7.9795
5885,1.3358332,0.0768,11.0054,13,7.9795
5886,1.3359582,0.0768,10.9978,13,7.9872
5887,1.3360831,0.0768,10.9978,13,7.9872
5888,1.3362082,0.0768,11.0054,13,7.9795
5889,1.3363332,0.0768,11.0054,13,7.9795
5890,1.3364582,0.0768,10.9978,13,7.9872
5891,1.3365831,0.0768,10.9978,13,7.9872
5892,1.3367082,0.0768,11.0054,13,7.9795
5893,1.3368332,0.0768,11.0054,13,7.9795
5894,1.3369582,0.0768,10.9978,13,7.9872
5895,1.3370833,0.0691,11.0054,13,7.9795
5896,1.3372082,0.0768,11.0054,13,7.9795
5897,1.3373332,0.0768,10.9978,13,7.9795
5898,1.3374582,0.0768,10.9978,13,7.9872
5899,1.3375833,0.0691,11.0054,13,7.9795
5900,1.3377082,0.0768,11.0054,13,7.9795
5901,1.3378332,0.0768,10.9978,13,7.9795
5902,1.3379582,0.0768,10.9978,13,7.9872
5903,1.3380833,0.0691,11.0054,13,7.9795
5904,1.3382082,0.0768,11.0054,13,7.9795
5905,1.3383332,0.0768,10.9978,13,7.9872
5906,1.3384582,0.0768,10.9978,13,7.9872
5907,1.3385833,0.0691,11.0054,13,7.9795
5908,1.3387082,0.0768,11.0054,13,7.9795
5909,1.3388332,0.0768,10.9978,13,7.9872
5910,1.3389582,0.0768,10.9978,13,7.9872
5911,1.3390833,0.0691,11.0054,13,7.9795
5912,1.3392082,0.0768,11.0054,13,7.9795
5913,1.3393332,0.0768,10.9978,13,7.9872
5914,1.3394582,0.0768,10.9978,13,7.9872
5915,1.3395833,0.0691,11.0054,13,7.9795
5916,1.3397082,0.0768,11.0054,13,7.9795
5917,1.3398332,0.0768,10.9978,13,7.9872
5918,1.3399582,0.0768,10.9978,13,7.9872
5919,1.3400833,0.0691,11.0054,13,7.9795
5920,1.3402082,0.0768,11.0054,13,7.9795
5921,1.3403332,0.0768,10.9978,13,7.9872
5922,1.3404582,0.0768,10.9978,13,7.9872
5923,1.3405833,0.0691,11.0054,13,7.9795
5924,1.3407082,0.0768,11.0054,13,7.9795
5925,1.3408332,0.0768,10.9978,13,7.9872
5926,1.3409583,0.0691,11.0054,13,7.9795
5927,1.3410833,0.0691,11.0054,13,7.9795
5928,1.3412082,0.0768,11.0054,13,7.9795
5929,1.3413332,0.0768,10.9978,13,7.9872
5930,1.3414583,0.0691,11.0054,13,7.9795
5931,1.3415833,0.0691,11.0054,13,7.9795
5932,1.3417082,0.0768,11.0054,13,7.9795
5933,1.3418332,0.0768,10.9978,13,7.9872
5934,1.3419583,0.0691,11.0054,13,7.9795
5935,1.3420833,0.0691,11.0054,13,7.9795
5936,1.3422082,0.0768,11.0054,13,7.9795
5937,1.3423332,0.0768,10.9978,13,7.9872
5938,1.3424583,0.0691,11.0054,13,7.9795
5939,1.3425833,0.0691,11.0054,13,7.9795
5940,1.3427082,0.0768,11.0054,13,7.9795
5941,1.3428332,0.0768,10.9978,13,7.9872
5942,1.3429583,0.0691,11.0054,13,7.9795
5943,1.3430833,0.0691,11.0054,13,7.9795
5944,1.3432082,0.0768,11.0054,13,7.9795
5945,1.3433332,0.0768,10.9978,13,7.9872
5946,1.3434583,0.0691,11.0054,13,7.9795
5947,1.3435833,0.0768,11.0054,13,7.9795
5948,1.3437082,0.0768,11.0054,13,7.9795
5949,1.3438332,0.0768,10.9978,13,7.9872
5950,1.3439583,0.0691,11.0054,13,7.9795
5951,1.3440833,0.0768,11.0054,13,7.9795
5952,1.3442082,0.0768,11.0054,13,7.9795
5953,1.3443334,0.0691,11.0054,13,7.9795
5954,1.3444583,0.0691,11.0054,13,7.9795
5955,1.3445833,0.0768,11.0054,13,7.9795
5956,1.3447082,0.0768,11.0054,13,7.9795
5957,1.3448334,0.0691,11.0054,13,7.9795
5958,1.3449583,0.0691,11.0054,13,7.9795
5959,1.3450833,0.0768,11.0054,13,7.9795
5960,1.3452082,0.0768,10.9978,13,7.9795
5961,1.3453334,0.0691,11.0054,13,7.9795
5962,1.3454583,0.0691,11.0054,13,7.9795
5963,1.3455833,0.0768,11.0054,13,7.9795
5964,1.3457082,0.0768,10.9978,13,7.9872
5965,1.3458334,0.0691,11.0054,13,7.9795
5966,1.3459583,0.0691,11.0054,13,7.9795
5967,1.3460833,0.0768,11.0054,13,7.9795
5968,1.3462082,0.0768,10.9978,13,7.9872
5969,1.3463334,0.0691,11.0054,13,7.9795
5970,1.3464583,0.0691,11.0054,13,7.9795
5971,1.3465833,0.0768,11.0054,13,7.9795
5972,1.3467082,0.0768,10.9978,13,7.9872
5973,1.3468334,0.0691,11.0054,13,7.9795
5974,1.3469583,0.0691,11.0054,13,7.9795
5975,1.3470833,0.0768,11.0054,13,7.9795
5976,1.3472082,0.0768,10.9978,13,7.9872
5977,1.3473334,0.0691,11.0054,13,7.9795
5978,1.3474583,0.0691,11.0054,13,7.9795
5979,1.3475833,0.0768,11.0054,13,7.9795
5980,1.3477082,0.0768,10.9978,13,7.9872
5981,1.3478334,0.0691,11.0054,13,7.9795
5982,1.3479583,0.0691,11.0054,13,7.9795
5983,1.3480833,0.0768,11.0054,13,7.9795
5984,1.3482084,0.0691,11.0054,13,7.9795
5985,1.3483334,0.0691,11.0054,13,7.9795
5986,1.3484583,0.0691,11.0054,13,7.9795
5987,1.3485833,0.0768,11.0054,13,7.9795
5988,1.3487084,0.0691,11.0054,13,7.9795
5989,1.3488334,0.0691,11.0054,13,7.9795
5990,1.3489583,0.0691,11.0054,13,7.9795
5991,1.3490833,0.0768,11.0054,13,7.9795
5992,1.3492084,0.0691,11.0054,13,7.9795
5993,1.3493334,0.0691,11.0054,13,7.9795
5994,1.3494583,0.0691,11.0054,13,7.9795
5995,1.3495833,0.0768,11.0054,13,7.9795
5996,1.3497084,0.0691,11.0054,13,7.9795
5997,1.3498334,0.0691,11.0054,13,7.9795
5998,1.3499583,0.0691,11.0054,13,7.9795
5999,1.3500833,0.0768,11.0054,13,7.9795
6000,1.3502084,0.0691,11.0054,13,7.9795
6001,1.3503334,0.0691,11.0054,13,7.9795
6002,1.3504583,0.0691,11.0054,13,7.9795
6003,1.3505833,0.0768,11.0054,13,7.9795
6004,1.3507084,0.0691,11.0054,13,7.9795
6005,1.3508334,0.0691,11.0054,13,7.9795
6006,1.3509583,0.0691,11.0054,13,7.9795
6007,1.3510833,0.0768,11.0054,13,7.9795
6008,1.3512084,0.0691,11.0054,13,7.9795
6009,1.3513334,0.0691,11.0054,13,7.9795
6010,1.3514583,0.0768,11.0054,13,7.9795
6011,1.3515834,0.0691,11.0131,13,7.9718
6012,1.3517084,0.0691,11.0054,13,7.9795
6013,1.3518334,0.0691,11.0054,13,7.9795
6014,1.3519583,0.0768,11.0054,13,7.9795
6015,1.3520834,0.0691,11.0131,13,7.9718
6016,1.3522084,0.0691,11.0054,13,7.9795
6017,1.3523334,0.0691,11.0054,13,7.9795
6018,1.3524583,0.0768,11.0054,13,7.9795
6019,1.3525834,0.0691,11.0054,13,7.9718
6020,1.3527084,0.0691,11.0054,13,7.9795
6021,1.3528334,0.0691,11.0054,13,7.9795
6022,1.3529583,0.0768,11.0054,13,7.9795
6023,1.3530834,0.0691,11.0054,13,7.9718
6024,1.3532084,0.0691,11.0054,13,7.9795
6025,1.3533334,0.0691,11.0054,13,7.9795
6026,1.3534583,0.0768,11.0054,13,7.9795
6027,1.3535834,0.0691,11.0054,13,7.9795
6028,1.3537084,0.0691,11.0054,13,7.9795
6029,1.3538334,0.0691,11.0054,13,7.9795
6030,1.3539583,0.0768,11.0054,13,7.9795
6031,1.3540834,0.0691,11.0054,13,7.9795
6032,1.3542084,0.0691,11.0054,13,7.9795
6033,1.3543334,0.0691,11.0054,13,7.9795
6034,1.3544583,0.0768,11.0054,13,7.9795
6035,1.3545834,0.0691,11.0054,13,7.9795
6036,1.3547084,0.0691,11.0054,13,7.9795
6037,1.3548334,0.0691,11.0054,13,7.9795
6038,1.3549583,0.0768,11.0054,13,7.9795
6039,1.3550834,0.0691,11.0054,13,7.9795
6040,1.3552084,0.0691,11.0054,13,7.9795
6041,1.3553334,0.0691,11.0054,13,7.9795
6042,1.3554585,0.0691,11.0131,13,7.9718
6043,1.3555834,0.0691,11.0054,13,7.9795
6044,1.3557084,0.0691,11.0054,13,7.9795
6045,1.3558334,0.0691,11.0054,13,7.9795
6046,1.3559585,0.0691,11.0131,13,7.9718
6047,1.3560834,0.0691,11.0054,13,7.9795
6048,1.3562084,0.0691,11.0054,13,7.9795
6049,1.3563334,0.0691,11.0054,13,7.9795
6050,1.3564585,0.0691,11.0131,13,7.9718
6051,1.3565834,0.0691,11.0054,13,7.9795
6052,1.3567084,0.0691,11.0054,13,7.9795
6053,1.3568334,0.0691,11.0054,13,7.9795
6054,1.3569585,0.0691,11.0131,13,7.9718
6055,1.3570834,0.0691,11.0054,13,7.9795
6056,1.3572084,0.0691,11.0054,13,7.9795
6057,1.3573334,0.0691,11.0054,13,7.9795
6058,1.3574585,0.0691,11.0131,13,7.9718
6059,1.3575834,0.0691,11.0054,13,7.9795
6060,1.3577084,0.0691,11.0054,13,7.9795
6061,1.3578334,0.0691,11.0054,13,7.9795
6062,1.3579585,0.0691,11.0131,13,7.9718
6063,1.3580834,0.0691,11.0054,13,7.9795
6064,1.3582084,0.0691,11.0054,13,7.9795
6065,1.3583334,0.0691,11.0054,13,7.9795
6066,1.3584585,0.0691,11.0131,13,7.9718
6067,1.3585834,0.0691,11.0054,13,7.9795
6068,1.3587084,0.0691,11.0054,13,7.9795
6069,1.3588335,0.0691,11.0131,13,7.9718
6070,1.3589585,0.0691,11.0131,13,7.9718
6071,1.3590834,0.0691,11.0054,13,7.9795
6072,1.3592084,0.0691,11.0054,13,7.9795
6073,1.3593335,0.0691,11.0131,13,7.9718
6074,1.3594585,0.0691,11.0131,13,7.9718
6075,1.3595834,0.0691,11.0054,13,7.9795
6076,1.3597084,0.0691,11.0054,13,7.9795
6077,1.3598335,0.0691,11.0131,13,7.9718
6078,1.3599585,0.0691,11.0131,13,7.9718
6079,1.3600834,0.0691,11.0054,13,7.9795
6080,1.3602084,0.0691,11.0054,13,7.9795
6081,1.3603335,0.0691,11.0131,13,7.9718
6082,1.3604585,0.0691,11.0054,13,7.9718
6083,1.3605834,0.0691,11.0054,13,7.9795
6084,1.3607084,0.0691,11.0054,13,7.9795
6085,1.3608335,0.0691,11.0131,13,7.9718
6086,1.3609585,0.0691,11.0054,13,7.9718
6087,1.3610834,0.0691,11.0054,13,7.9795
6088,1.3612084,0.0691,11.0054,13,7.9795
6089,1.3613335,0.0691,11.0131,13,7.9718
6090,1.3614585,0.0691,11.0054,13,7.9795
6091,1.3615834,0.0691,11.0054,13,7.9795
6092,1.3617084,0.0691,11.0054,13,7.9795
6093,1.3618335,0.0691,11.0131,13,7.9718
6094,1.3619585,0.0691,11.0054,13,7.9795
6095,1.3620834,0.0691,11.0054,13,7.9795
6096,1.3622084,0.0691,11.0054,13,7.9795
6097,1.3623335,0.0691,11.0131,13,7.9718
6098,1.3624585,0.0691,11.0054,13,7.9795
6099,1.3625834,0.0691,11.0054,13,7.9795
6100,1.3627086,0.0614,11.0131,13,7.9718
6101,1.3628335,0.0691,11.0131,13,7.9718
6102,1.3629585,0.0691,11.0054,13,7.9795
6103,1.3630834,0.0691,11.0054,13,7.9795
6104,1.3632086,0.0614,11.0131,13,7.9718
6105,1.3633335,0.0691,11.0131,13,7.9718
6106,1.3634585,0.0691,11.0054,13,7.9795
6107,1.3635834,0.0691,11.0054,13,7.9795
6108,1.3637086,0.0614,11.0131,13,7.9718
6109,1.3638335,0.0691,11.0131,13,7.9718
6110,1.3639585,0.0691,11.0054,13,7.9795
6111,1.3640834,0.0691,11.0054,13,7.9795
6112,1.3642086,0.0614,11.0131,13,7.9718
6113,1.3643335,0.0691,11.0131,13,7.9718
6114,1.3644585,0.0691,11.0054,13,7.9795
6115,1.3645834,0.0691,11.0054,13,7.9795
6116,1.3647086,0.0614,11.0131,13,7.9718
6117,1.3648335,0.0691,11.0131,13,7.9718
6118,1.3649585,0.0691,11.0054,13,7.9795
6119,1.3650834,0.0691,11.0054,13,7.9795
6120,1.3652086,0.0614,11.0131,13,7.9718
6121,1.3653335,0.0691,11.0131,13,7.9718
6122,1.3654585,0.0691,11.0054,13,7.9795
6123,1.3655834,0.0691,11.0054,13,7.9795
6124,1.3657086,0.0614,11.0131,13,7.9718
6125,1.3658335,0.0691,11.0131,13,7.9718
6126,1.3659585,0.0691,11.0054,13,7.9795
6127,1.3660836,0.0614,11.0131,13,7.9718
6128,1.3662086,0.0614,11.0131,13,7.9718
6129,1.3663335,0.0691,11.0131,13,7.9718
6130,1.3664585,0.0691,11.0054,13,7.9795
6131,1.3665836,0.0614,11.0131,13,7.9718
6132,1.3667086,0.0691,11.0131,13,7.9718
6133,1.3668335,0.0691,11.0131,13,7.9718
6134,1.3669585,0.0691,11.0054,13,7.9795
6135,1.3670836,0.0614,11.0131,13,7.9718
6136,1.3672086,0.0691,11.0131,13,7.9718
6137,1.3673335,0.0691,11.0131,13,7.9718
6138,1.3674585,0.0691,11.0054,13,7.9795
6139,1.3675836,0.0614,11.0131,13,7.9718
6140,1.3677086,0.0691,11.0131,13,7.9718
6141,1.3678335,0.0691,11.0131,13,7.9718
6142,1.3679585,0.0691,11.0054,13,7.9795
6143,1.3680836,0.0614,11.0131,13,7.9718
6144,1.3682086,0.0691,11.0131,13,7.9718
6145,1.3683335,0.0691,11.0054,13,7.9718
6146,1.3684585,0.0691,11.0054,13,7.9795
6147,1.3685836,0.0614,11.0131,13,7.9718
6148,1.3687086,0.0691,11.0131,13,7.9718
6149,1.3688335,0.0691,11.0054,13,7.9718
6150,1.3689585,0.0691,11.0054,13,7.9795
6151,1.3690836,0.0614,11.0131,13,7.9718
6152,1.3692086,0.0691,11.0131,13,7.9718
6153,1.3693335,0.0691,11.0054,13,7.9795
6154,1.3694585,0.0691,11.0054,13,7.9795
6155,1.3695836,0.0614,11.0131,13,7.9718
6156,1.3697086,0.0691,11.0131,13,7.9718
6157,1.3698335,0.0691,11.0054,13,7.9795
6158,1.3699586,0.0614,11.0131,13,7.9718
6159,1.3700836,0.0614,11.0131,13,7.9718
6160,1.3702086,0.0691,11.0131,13,7.9718
6161,1.3703335,0.0691,11.0054,13,7.9795
6162,1.3704586,0.0614,11.0131,13,7.9718
6163,1.3705836,0.0614,11.0131,13,7.9718
6164,1.3707086,0.0691,11.0131,13,7.9718
6165,1.3708335,0.0691,11.0054,13,7.9795
6166,1.3709586,0.0614,11.0131,13,7.9718
6167,1.3710836,0.0614,11.0131,13,7.9718
6168,1.3712086,0.0691,11.0131,13,7.9718
6169,1.3713335,0.0691,11.0054,13,7.9795
6170,1.3714586,0.0614,11.0131,13,7.9718
6171,1.3715836,0.0614,11.0131,13,7.9718
6172,1.3717086,0.0691,11.0131,13,7.9718
6173,1.3718335,0.0691,11.0054,13,7.9795
6174,1.3719586,0.0614,11.0131,13,7.9718
6175,1.3720836,0.0614,11.0131,13,7.9718
6176,1.3722086,0.0691,11.0131,13,7.9718
6177,1.3723335,0.0691,11.0054,13,7.9795
6178,1.3724586,0.0614,11.0131,13,7.9718
6179,1.3725836,0.0614,11.0131,13,7.9718
6180,1.3727086,0.0691,11.0131,13,7.9718
6181,1.3728335,0.0691,11.0054,13,7.9795
6182,1.3729586,0.0614,11.0131,13,7.9718
6183,1.3730836,0.0614,11.0131,13,7.9718
6184,1.3732086,0.0691,11.0131,13,7.9718
6185,1.3733335,0.0691,11.0054,13,7.9795
6186,1.3734586,0.0614,11.0131,13,7.9718
6187,1.3735836,0.0614,11.0131,13,7.9718
6188,1.3737086,0.0691,11.0131,13,7.9718
6189,1.3738337,0.0614,11.0131,13,7.9718
6190,1.3739586,0.0614,11.0131,13,7.9718
6191,1.3740836,0.0614,11.0131,13,7.9718
6192,1.3742086,0.0691,11.0131,13,7.9718
6193,1.3743337,0.0614,11.0131,13,7.9718
6194,1.3744586,0.0614,11.0131,13,7.9718
6195,1.3745836,0.0691,11.0131,13,7.9718
6196,1.3747086,0.0691,11.0131,13,7.9718
6197,1.3748337,0.0614,11.0131,13,7.9718
6198,1.3749586,0.0614,11.0131,13,7.9718
6199,1.3750836,0.0691,11.0131,13,7.9718
6200,1.3752086,0.0691,11.0131,13,7.9718
6201,1.3753337,0.0614,11.0131,13,7.9718
6202,1.3754586,0.0614,11.0131,13,7.9718
6203,1.3755836,0.0691,11.0131,13,7.9718
6204,1.3757086,0.0691,11.0131,13,7.9718
6205,1.3758337,0.0614,11.0131,13,7.9718
6206,1.3759586,0.0614,11.0131,13,7.9718
6207,1.3760836,0.0691,11.0131,13,7.9718
6208,1.3762086,0.0691,11.0054,13,7.9718
6209,1.3763337,0.0614,11.0131,13,7.9718
6210,1.3764586,0.0614,11.0131,13,7.9718
6211,1.3765836,0.0691,11.0131,13,7.9718
6212,1.3767086,0.0691,11.0054,13,7.9718
6213,1.3768337,0.0614,11.0131,13,7.9718
6214,1.3769586,0.0614,11.0131,13,7.9718
6215,1.3770836,0.0691,11.0131,13,7.9718
6216,1.3772087,0.0614,11.0131,13,7.9718
6217,1.3773337,0.0614,11.0131,13,7.9718
6218,1.3774586,0.0614,11.0131,13,7.9718
6219,1.3775836,0.0691,11.0131,13,7.9718
6220,1.3777087,0.0614,11.0131,13,7.9718
6221,1.3778337,0.0614,11.0131,13,7.9718
6222,1.3779586,0.0614,11.0131,13,7.9718
6223,1.3780836,0.0691,11.0131,13,7.9718
6224,1.3782087,0.0614,11.0131,13,7.9718
6225,1.3783337,0.0614,11.0131,13,7.9718
6226,1.3784586,0.0614,11.0131,13,7.9718
6227,1.3785836,0.0691,11.0131,13,7.9718
6228,1.3787087,0.0614,11.0131,13,7.9718
6229,1.3788337,0.0614,11.0131,13,7.9718
6230,1.3789586,0.0614,11.0131,13,7.9718
6231,1.3790836,0.0691,11.0131,13,7.9718
6232,1.3792087,0.0614,11.0131,13,7.9718
6233,1.3793337,0.0614,11.0131,13,7.9718
6234,1.3794586,0.0614,11.0131,13,7.9718
6235,1.3795836,0.0691,11.0131,13,7.9718
6236,1.3797087,0.0614,11.0131,13,7.9718
6237,1.3798337,0.0614,11.0131,13,7.9718
6238,1.3799586,0.0614,11.0131,13,7.9718
6239,1.3800836,0.0691,11.0131,13,7.9718
6240,1.3802087,0.0614,11.0131,13,7.9718
6241,1.3803337,0.0614,11.0131,13,7.9718
6242,1.3804586,0.0614,11.0131,13,7.9718
6243,1.3805836,0.0691,11.0131,13,7.9718
6244,1.3807087,0.0614,11.0131,13,7.9718
6245,1.3808337,0.0614,11.0131,13,7.9718
6246,1.3809586,0.0614,11.0131,13,7.9718
6247,1.3810838,0.0614,11.0208,13,7.9642
6248,1.3812087,0.0614,11.0131,13,7.9718
6249,1.3813337,0.0614,11.0131,13,7.9718
6250,1.3814586,0.0614,11.0131,13,7.9718
6251,1.3815838,0.0614,11.0208,13,7.9642
6252,1.3817087,0.0614,11.0131,13,7.9718
6253,1.3818337,0.0614,11.0131,13,7.9718
6254,1.3819586,0.0614,11.0131,13,7.9718
6255,1.3820838,0.0614,11.0208,13,7.9642
6256,1.3822087,0.0614,11.0131,13,7.9718
6257,1.3823337,0.0614,11.0131,13,7.9718
6258,1.3824586,0.0691,11.0131,13,7.9718
6259,1.3825838,0.0614,11.0208,13,7.9642
6260,1.3827087,0.0614,11.0131,13,7.9718
6261,1.3828337,0.0614,11.0131,13,7.9718
6262,1.3829586,0.0691,11.0131,13,7.9718
6263,1.3830838,0.0614,11.0208,13,7.9642
6264,1.3832087,0.0614,11.0131,13,7.9718
6265,1.3833337,0.0614,11.0131,13,7.9718
6266,1.3834586,0.0691,11.0131,13,7.9718
6267,1.3835838,0.0614,11.0208,13,7.9642
6268,1.3837087,0.0614,11.0131,13,7.9718
6269,1.3838337,0.0614,11.0131,13,7.9718
6270,1.3839586,0.0691,11.0131,13,7.9718
6271,1.3840838,0.0614,11.0131,13,7.9642
6272,1.3842087,0.0614,11.0131,13,7.9718
6273,1.3843337,0.0614,11.0131,13,7.9718
6274,1.3844588,0.0614,11.0208,13,7.9642
6275,1.3845838,0.0614,11.0131,13,7.9642
6276,1.3847087,0.0614,11.0131,13,7.9718
6277,1.3848337,0.0614,11.0131,13,7.9718
6278,1.3849588,0.0614,11.0208,13,7.9642
6279,1.3850838,0.0614,11.0131,13,7.9718
6280,1.3852087,0.0614,11.0131,13,7.9718
6281,1.3853337,0.0614,11.0131,13,7.9718
6282,1.3854588,0.0614,11.0208,13,7.9642
6283,1.3855838,0.0614,11.0131,13,7.9718
6284,1.3857087,0.0614,11.0131,13,7.9718
6285,1.3858337,0.0614,11.0131,13,7.9718
6286,1.3859588,0.0614,11.0208,13,7.9642
6287,1.3860838,0.0614,11.0131,13,7.9718
6288,1.3862087,0.0614,11.0131,13,7.9718
6289,1.3863337,0.0614,11.0131,13,7.9718
6290,1.3864588,0.0614,11.0208,13,7.9642
6291,1.3865838,0.0614,11.0131,13,7.9718
6292,1.3867087,0.0614,11.0131,13,7.9718
6293,1.3868337,0.0614,11.0131,13,7.9718
6294,1.3869588,0.0614,11.0208,13,7.9642
6295,1.3870838,0.0614,11.0131,13,7.9718
6296,1.3872087,0.0614,11.0131,13,7.9718
6297,1.3873337,0.0614,11.0131,13,7.9718
6298,1.3874588,0.0614,11.0208,13,7.9642
6299,1.3875838,0.0614,11.0131,13,7.9718
6300,1.3877087,0.0614,11.0131,13,7.9718
6301,1.3878337,0.0614,11.0131,13,7.9718
6302,1.3879588,0.0614,11.0208,13,7.9642
6303,1.3880838,0.0614,11.0131,13,7.9718
6304,1.3882087,0.0614,11.0131,13,7.9718
6305,1.3883338,0.0538,11.0208,13,7.9642
6306,1.3884588,0.0614,11.0208,13,7.9642
6307,1.3885838,0.0614,11.0131,13,7.9718
6308,1.3887087,0.0614,11.0131,13,7.9718
6309,1.3888338,0.0538,11.0208,13,7.9642
6310,1.3889588,0.0614,11.0208,13,7.9642
6311,1.3890838,0.0614,11.0131,13,7.9718
6312,1.3892087,0.0614,11.0131,13,7.9718
6313,1.3893338,0.0538,11.0208,13,7.9642
6314,1.3894588,0.0614,11.0208,13,7.9642
6315,1.3895838,0.0614,11.0131,13,7.9718
6316,1.3897087,0.0614,11.0131,13,7.9718
6317,1.3898338,0.0538,11.0208,13,7.9642
6318,1.3899588,0.0614,11.0208,13,7.9642
6319,1.3900838,0.0614,11.0131,13,7.9718
6320,1.3902087,0.0614,11.0131,13,7.9718
6321,1.3903338,0.0614,11.0208,13,7.9642
6322,1.3904588,0.0614,11.0208,13,7.9642
6323,1.3905838,0.0614,11.0131,13,7.9718
6324,1.3907087,0.0614,11.0131,13,7.9718
6325,1.3908338,0.0614,11.0208,13,7.9642
6326,1.3909588,0.0614,11.0208,13,7.9642
6327,1.3910838,0.0614,11.0131,13,7.9718
6328,1.3912087,0.0614,11.0131,13,7.9718
6329,1.3913338,0.0614,11.0208,13,7.9642
6330,1.3914588,0.0614,11.0131,13,7.9642
6331,1.3915838,0.0614,11.0131,13,7.9718
6332,1.3917089,0.0538,11.0208,13,7.9642
6333,1.3918338,0.0614,11.0208,13,7.9642
6334,1.3919588,0.0614,11.0131,13,7.9642
6335,1.3920838,0.0614,11.0131,13,7.9718
6336,1.3922089,0.0538,11.0208,13,7.9642
6337,1.3923338,0.0614,11.0208,13,7.9642
6338,1.3924588,0.0614,11.0131,13,7.9718
6339,1.3925838,0.0614,11.0131,13,7.9718
6340,1.3927089,0.0538,11.0208,13,7.9642
6341,1.3928338,0.0614,11.0208,13,7.9642
6342,1.3929588,0.0614,11.0131,13,7.9718
6343,1.3930838,0.0614,11.0131,13,7.9718
6344,1.3932089,0.0538,11.0208,13,7.9642
6345,1.3933338,0.0614,11.0208,13,7.9642
6346,1.3934588,0.0614,11.0131,13,7.9718
6347,1.3935838,0.0614,11.0131,13,7.9718
6348,1.3937089,0.0538,11.0208,13,7.9642
6349,1.3938338,0.0614,11.0208,13,7.9642
6350,1.3939588,0.0614,11.0131,13,7.9718
6351,1.3940838,0.0614,11.0131,13,7.9718
6352,1.3942089,0.0538,11.0208,13,7.9642
6353,1.3943338,0.0614,11.0208,13,7.9642
6354,1.3944588,0.0614,11.0131,13,7.9718
6355,1.3945838,0.0614,11.0131,13,7.9718
6356,1.3947089,0.0538,11.0208,13,7.9642
6357,1.3948338,0.0614,11.0208,13,7.9642
6358,1.3949588,0.0614,11.0131,13,7.9718
6359,1.3950838,0.0614,11.0131,13,7.9718
6360,1.3952089,0.0538,11.0208,13,7.9642
6361,1.3953338,0.0614,11.0208,13,7.9642
6362,1.3954588,0.0614,11.0131,13,7.9718
6363,1.3955839,0.0538,11.0208,13,7.9642
6364,1.3957089,0.0538,11.0208,13,7.9642
6365,1.3958338,0.0614,11.0208,13,7.9642
6366,1.3959588,0.0614,11.0131,13,7.9718
6367,1.3960839,0.0538,11.0208,13,7.9642
6368,1.3962089,0.0538,11.0208,13,7.9642
6369,1.3963338,0.0614,11.0208,13,7.9642
6370,1.3964588,0.0614,11.0131,13,7.9718
6371,1.3965839,0.0538,11.0208,13,7.9642
6372,1.3967089,0.0538,11.0208,13,7.9642
6373,1.3968338,0.0614,11.0208,13,7.9642
6374,1.3969588,0.0614,11.0131,13,7.9718
6375,1.3970839,0.0538,11.0208,13,7.9642
6376,1.3972089,0.0538,11.0208,13,7.9642
6377,1.3973338,0.0614,11.0208,13,7.9642
6378,1.3974588,0.0614,11.0131,13,7.9718
6379,1.3975839,0.0538,11.0208,13,7.9642
6380,1.3977089,0.0614,11.0208,13,7.9642
6381,1.3978338,0.0614,11.0208,13,7.9642
6382,1.3979588,0.0614,11.0131,13,7.9718
6383,1.3980839,0.0538,11.0208,13,7.9642
6384,1.3982089,0.0614,11.0208,13,7.9642
6385,1.3983338,0.0614,11.0208,13,7.9642
6386,1.3984588,0.0614,11.0131,13,7.9718
6387,1.3985839,0.0538,11.0208,13,7.9642
6388,1.3987089,0.0614,11.0208,13,7.9642
6389,1.3988338,0.0614,11.0208,13,7.9642
6390,1.3989590,0.0538,11.0208,13,7.9642
6391,1.3990839,0.0538,11.0208,13,7.9642
6392,1.3992089,0.0614,11.0208,13,7.9642
6393,1.3993338,0.0614,11.0131,13,7.9642
6394,1.3994590,0.0538,11.0208,13,7.9642
6395,1.3995839,0.0538,11.0208,13,7.9642
6396,1.3997089,0.0614,11.0208,13,7.9642
6397,1.3998338,0.0614,11.0131,13,7.9718
6398,1.3999590,0.0538,11.0208,13,7.9642
6399,1.4000839,0.0538,11.0208,13,7.9642
6400,1.4002089,0.0614,11.0208,13,7.9642
6401,1.4003338,0.0614,11.0131,13,7.9718
6402,1.4004590,0.0538,11.0208,13,7.9642
6403,1.4005839,0.0538,11.0208,13,7.9642
6404,1.4007089,0.0614,11.0208,13,7.9642
6405,1.4008338,0.0614,11.0131,13,7.9718
6406,1.4009590,0.0538,11.0208,13,7.9642
6407,1.4010839,0.0538,11.0208,13,7.9642
6408,1.4012089,0.0614,11.0208,13,7.9642
6409,1.4013338,0.0614,11.0131,13,7.9718
6410,1.4014590,0.0538,11.0208,13,7.9642
6411,1.4015839,0.0538,11.0208,13,7.9642
6412,1.4017089,0.0614,11.0208,13,7.9642
6413,1.4018338,0.0614,11.0131,13,7.9718
6414,1.4019590,0.0538,11.0208,13,7.9642
6415,1.4020839,0.0538,11.0208,13,7.9642
6416,1.4022089,0.0614,11.0208,13,7.9642
6417,1.4023338,0.0614,11.0131,13,7.9718
6418,1.4024590,0.0538,11.0208,13,7.9642
6419,1.4025839,0.0538,11.0208,13,7.9642
6420,1.4027089,0.0614,11.0208,13,7.9642
6421,1.4028340,0.0538,11.0208,13,7.9642
6422,1.4029590,0.0538,11.0208,13,7.9642
6423,1.4030839,0.0538,11.0208,13,7.9642
6424,1.4032089,0.0614,11.0208,13,7.9642
6425,1.4033340,0.0538,11.0208,13,7.9642
6426,1.4034590,0.0538,11.0208,13,7.9642
6427,1.4035839,0.0538,11.0208,13,7.9642
6428,1.4037089,0.0614,11.0208,13,7.9642
6429,1.4038340,0.0538,11.0208,13,7.9642
6430,1.4039590,0.0538,11.0208,13,7.9642
6431,1.4040839,0.0538,11.0208,13,7.9642
6432,1.4042089,0.0614,11.0208,13,7.9642
6433,1.4043340,0.0538,11.0208,13,7.9642
6434,1.4044590,0.0538,11.0208,13,7.9642
6435,1.4045839,0.0538,11.0208,13,7.9642
6436,1.4047089,0.0614,11.0208,13,7.9642
6437,1.4048340,0.0538,11.0208,13,7.9642
6438,1.4049590,0.0538,11.0208,13,7.9642
6439,1.4050839,0.0614,11.0208,13,7.9642
6440,1.4052089,0.0614,11.0208,13,7.9642
6441,1.4053340,0.0538,11.0208,13,7.9642
6442,1.4054590,0.0538,11.0208,13,7.9642
6443,1.4055839,0.0614,11.0208,13,7.9642
6444,1.4057089,0.0614,11.0208,13,7.9642
6445,1.4058340,0.0538,11.0208,13,7.9642
6446,1.4059590,0.0538,11.0208,13,7.9642
6447,1.4060839,0.0614,11.0208,13,7.9642
6448,1.4062090,0.0538,11.0285,13,7.9565
6449,1.4063340,0.0538,11.0208,13,7.9642
6450,1.4064590,0.0538,11.0208,13,7.9642
6451,1.4065839,0.0614,11.0208,13,7.9642
6452,1.4067090,0.0538,11.0208,13,7.9565
6453,1.4068340,0.0538,11.0208,13,7.9642
6454,1.4069590,0.0538,11.0208,13,7.9642
6455,1.4070839,0.0614,11.0208,13,7.9642
6456,1.4072090,0.0538,11.0208,13,7.9565
6457,1.4073340,0.0538,11.0208,13,7.9642
6458,1.4074590,0.0538,11.0208,13,7.9642
6459,1.4075839,0.0614,11.0208,13,7.9642
6460,1.4077090,0.0538,11.0208,13,7.9642
6461,1.4078340,0.0538,11.0208,13,7.9642
6462,1.4079590,0.0538,11.0208,13,7.9642
6463,1.4080839,0.0614,11.0208,13,7.9642
6464,1.4082090,0.0538,11.0208,13,7.9642
6465,1.4083340,0.0538,11.0208,13,7.9642
6466,1.4084590,0.0538,11.0208,13,7.9642
6467,1.4085839,0.0614,11.0208,13,7.9642
6468,1.4087090,0.0538,11.0208,13,7.9642
6469,1.4088340,0.0538,11.0208,13,7.9642
6470,1.4089590,0.0538,11.0208,13,7.9642
6471,1.4090839,0.0614,11.0208,13,7.9642
6472,1.4092090,0.0538,11.0208,13,7.9642
6473,1.4093340,0.0538,11.0208,13,7.9642
6474,1.4094590,0.0538,11.0208,13,7.9642
6475,1.4095839,0.0614,11.0208,13,7.9642
6476,1.4097090,0.0538,11.0208,13,7.9642
6477,1.4098340,0.0538,11.0208,13,7.9642
6478,1.4099590,0.0538,11.0208,13,7.9642
6479,1.4100841,0.0538,11.0285,13,7.9565
6480,1.4102090,0.0538,11.0208,13,7.9642
6481,1.4103340,0.0538,11.0208,13,7.9642
6482,1.4104590,0.0538,11.0208,13,7.9642
6483,1.4105841,0.0538,11.0285,13,7.9565
6484,1.4107090,0.0538,11.0208,13,7.9642
6485,1.4108340,0.0538,11.0208,13,7.9642
6486,1.4109590,0.0538,11.0208,13,7.9642
6487,1.4110841,0.0538,11.0285,13,7.9565
6488,1.4112090,0.0538,11.0208,13,7.9642
6489,1.4113340,0.0538,11.0208,13,7.9642
6490,1.4114590,0.0538,11.0208,13,7.9642
6491,1.4115841,0.0538,11.0285,13,7.9565
6492,1.4117090,0.0538,11.0208,13,7.9642
6493,1.4118340,0.0538,11.0208,13,7.9642
6494,1.4119590,0.0538,11.0208,13,7.9642
6495,1.4120841,0.0538,11.0285,13,7.9565
6496,1.4122090,0.0538,11.0208,13,7.9642
6497,1.4123340,0.0538,11.0208,13,7.9642
6498,1.4124590,0.0538,11.0208,13,7.9642
6499,1.4125841,0.0538,11.0285,13,7.9565
6500,1.4127090,0.0538,11.0208,13,7.9642
6501,1.4128340,0.0538,11.0208,13,7.9642
6502,1.4129590,0.0614,11.0208,13,7.9642
6503,1.4130841,0.0538,11.0285,13,7.9565
6504,1.4132090,0.0538,11.0208,13,7.9642
6505,1.4133340,0.0538,11.0208,13,7.9642
6506,1.4134591,0.0538,11.0285,13,7.9565
6507,1.4135841,0.0538,11.0285,13,7.9565
6508,1.4137090,0.0538,11.0208,13,7.9642
6509,1.4138340,0.0538,11.0208,13,7.9642
6510,1.4139591,0.0538,11.0285,13,7.9565
6511,1.4140841,0.0538,11.0285,13,7.9565
6512,1.4142090,0.0538,11.0208,13,7.9642
6513,1.4143340,0.0538,11.0208,13,7.9642
6514,1.4144591,0.0538,11.0285,13,7.9565
6515,1.4145841,0.0538,11.0208,13,7.9565
6516,1.4147090,0.0538,11.0208,13,7.9642
6517,1.4148340,0.0538,11.0208,13,7.9642
6518,1.4149591,0.0538,11.0285,13,7.9565
6519,1.4150841,0.0538,11.0208,13,7.9642
6520,1.4152090,0.0538,11.0208,13,7.9642
6521,1.4153340,0.0538,11.0208,13,7.9642
6522,1.4154591,0.0538,11.0285,13,7.9565
6523,1.4155841,0.0538,11.0208,13,7.9642
6524,1.4157090,0.0538,11.0208,13,7.9642
6525,1.4158340,0.0538,11.0208,13,7.9642
6526,1.4159591,0.0538,11.0285,13,7.9565
6527,1.4160841,0.0538,11.0208,13,7.9642
6528,1.4162090,0.0538,11.0208,13,7.9642
6529,1.4163340,0.0538,11.0208,13,7.9642
6530,1.4164591,0.0538,11.0285,13,7.9565
6531,1.4165841,0.0538,11.0208,13,7.9642
6532,1.4167090,0.0538,11.0208,13,7.9642
6533,1.4168340,0.0538,11.0208,13,7.9642
6534,1.4169591,0.0538,11.0285,13,7.9565
6535,1.4170841,0.0538,11.0208,13,7.9642
6536,1.4172090,0.0538,11.0208,13,7.9642
6537,1.4173342,0.0461,11.0285,13,7.9565
6538,1.4174591,0.0538,11.0285,13,7.9565
6539,1.4175841,0.0538,11.0208,13,7.9642
6540,1.4177090,0.0538,11.0208,13,7.9642
6541,1.4178342,0.0461,11.0285,13,7.9565
6542,1.4179591,0.0538,11.0285,13,7.9565
6543,1.4180841,0.0538,11.0208,13,7.9642
6544,1.4182090,0.0538,11.0208,13,7.9642
6545,1.4183342,0.0461,11.0285,13,7.9565
6546,1.4184591,0.0538,11.0285,13,7.9565
6547,1.4185841,0.0538,11.0208,13,7.9642
6548,1.4187090,0.0538,11.0208,13,7.9642
6549,1.4188342,0.0461,11.0285,13,7.9565
6550,1.4189591,0.0538,11.0285,13,7.9565
6551,1.4190841,0.0538,11.0208,13,7.9642
6552,1.4192090,0.0538,11.0208,13,7.9642
6553,1.4193342,0.0461,11.0285,13,7.9565
6554,1.4194591,0.0538,11.0285,13,7.9565
6555,1.4195841,0.0538,11.0208,13,7.9642
6556,1.4197090,0.0538,11.0208,13,7.9642
6557,1.4198342,0.0461,11.0285,13,7.9565
6558,1.4199591,0.0538,11.0285,13,7.9565
6559,1.4200841,0.0538,11.0208,13,7.9642
6560,1.4202090,0.0538,11.0208,13,7.9642
6561,1.4203342,0.0538,11.0285,13,7.9565
6562,1.4204591,0.0538,11.0285,13,7.9565
6563,1.4205841,0.0538,11.0208,13,7.9642
6564,1.4207092,0.0461,11.0285,13,7.9565
6565,1.4208342,0.0538,11.0285,13,7.9565
6566,1.4209591,0.0538,11.0285,13,7.9565
6567,1.4210841,0.0538,11.0208,13,7.9642
6568,1.4212092,0.0461,11.0285,13,7.9565
6569,1.4213342,0.0538,11.0285,13,7.9565
6570,1.4214591,0.0538,11.0285,13,7.9565
6571,1.4215841,0.0538,11.0208,13,7.9642
6572,1.4217092,0.0461,11.0285,13,7.9565
6573,1.4218342,0.0538,11.0285,13,7.9565
6574,1.4219591,0.0538,11.0208,13,7.9565
6575,1.4220841,0.0538,11.0208,13,7.9642
6576,1.4222092,0.0461,11.0285,13,7.9565
6577,1.4223342,0.0538,11.0285,13,7.9565
6578,1.4224591,0.0538,11.0208,13,7.9565
6579,1.4225841,0.0538,11.0208,13,7.9642
6580,1.4227092,0.0461,11.0285,13,7.9565
6581,1.4228342,0.0538,11.0285,13,7.9565
6582,1.4229591,0.0538,11.0208,13,7.9642
6583,1.4230841,0.0538,11.0208,13,7.9642
6584,1.4232092,0.0461,11.0285,13,7.9565
6585,1.4233342,0.0538,11.0285,13,7.9565
6586,1.4234591,0.0538,11.0208,13,7.9642
6587,1.4235841,0.0538,11.0208,13,7.9642
6588,1.4237092,0.0461,11.0285,13,7.9565
6589,1.4238342,0.0538,11.0285,13,7.9565
6590,1.4239591,0.0538,11.0208,13,7.9642
6591,1.4240841,0.0538,11.0208,13,7.9642
6592,1.4242092,0.0461,11.0285,13,7.9565
6593,1.4243342,0.0538,11.0285,13,7.9565
6594,1.4244591,0.0538,11.0208,13,7.9642
6595,1.4245842,0.0461,11.0285,13,7.9565
6596,1.4247092,0.0461,11.0285,13,7.9565
6597,1.4248342,0.0538,11.0285,13,7.9565
6598,1.4249591,0.0538,11.0208,13,7.9642
6599,1.4250842,0.0461,11.0285,13,7.9565
6600,1.4252092,0.0461,11.0285,13,7.9565
6601,1.4253342,0.0538,11.0285,13,7.9565
6602,1.4254591,0.0538,11.0208,13,7.9642
6603,1.4255842,0.0461,11.0285,13,7.9565
6604,1.4257092,0.0461,11.0285,13,7.9565
6605,1.4258342,0.0538,11.0285,13,7.9565
6606,1.4259591,0.0538,11.0208,13,7.9642
6607,1.4260842,0.0461,11.0285,13,7.9565
6608,1.4262092,0.0461,11.0285,13,7.9565
6609,1.4263342,0.0538,11.0285,13,7.9565
6610,1.4264591,0.0538,11.0208,13,7.9642
6611,1.4265842,0.0461,11.0285,13,7.9565
6612,1.4267092,0.0461,11.0285,13,7.9565
6613,1.4268342,0.0538,11.0285,13,7.9565
6614,1.4269591,0.0538,11.0208,13,7.9642
6615,1.4270842,0.0461,11.0285,13,7.9565
6616,1.4272092,0.0461,11.0285,13,7.9565
6617,1.4273342,0.0538,11.0285,13,7.9565
6618,1.4274591,0.0538,11.0208,13,7.9642
6619,1.4275842,0.0461,11.0285,13,7.9565
6620,1.4277092,0.0461,11.0285,13,7.9565
6621,1.4278342,0.0538,11.0285,13,7.9565
6622,1.4279593,0.0461,11.0285,13,7.9565
6623,1.4280842,0.0461,11.0285,13,7.9565
6624,1.4282092,0.0538,11.0285,13,7.9565
6625,1.4283342,0.0538,11.0285,13,7.9565
6626,1.4284593,0.0461,11.0285,13,7.9565
6627,1.4285842,0.0461,11.0285,13,7.9565
6628,1.4287092,0.0538,11.0285,13,7.9565
6629,1.4288342,0.0538,11.0285,13,7.9565
6630,1.4289593,0.0461,11.0285,13,7.9565
6631,1.4290842,0.0461,11.0285,13,7.9565
6632,1.4292092,0.0538,11.0285,13,7.9565
6633,1.4293342,0.0538,11.0285,13,7.9565
6634,1.4294593,0.0461,11.0285,13,7.9565
6635,1.4295842,0.0461,11.0285,13,7.9565
6636,1.4297092,0.0538,11.0285,13,7.9565
6637,1.4298342,0.0538,11.0208,13,7.9565
6638,1.4299593,0.0461,11.0285,13,7.9565
6639,1.4300842,0.0461,11.0285,13,7.9565
6640,1.4302092,0.0538,11.0285,13,7.9565
6641,1.4303342,0.0538,11.0208,13,7.9565
6642,1.4304593,0.0461,11.0285,13,7.9565
6643,1.4305842,0.0461,11.0285,13,7.9565
6644,1.4307092,0.0538,11.0285,13,7.9565
6645,1.4308342,0.0538,11.0208,13,7.9642
6646,1.4309593,0.0461,11.0285,13,7.9565
6647,1.4310842,0.0461,11.0285,13,7.9565
6648,1.4312092,0.0538,11.0285,13,7.9565
6649,1.4313342,0.0538,11.0208,13,7.9642
6650,1.4314593,0.0461,11.0285,13,7.9565
6651,1.4315842,0.0461,11.0285,13,7.9565
6652,1.4317092,0.0538,11.0285,13,7.9565
6653,1.4318343,0.0461,11.0285,13,7.9565
6654,1.4319593,0.0461,11.0285,13,7.9565
6655,1.4320842,0.0461,11.0285,13,7.9565
6656,1.4322092,0.0538,11.0285,13,7.9565
6657,1.4323343,0.0461,11.0285,13,7.9565
6658,1.4324593,0.0461,11.0285,13,7.9565
6659,1.4325842,0.0461,11.0285,13,7.9565
6660,1.4327092,0.0538,11.0285,13,7.9565
6661,1.4328343,0.0461,11.0285,13,7.9565
6662,1.4329593,0.0461,11.0285,13,7.9565
6663,1.4330842,0.0461,11.0285,13,7.9565
6664,1.4332092,0.0538,11.0285,13,7.9565
6665,1.4333343,0.0461,11.0285,13,7.9565
6666,1.4334593,0.0461,11.0285,13,7.9565
6667,1.4335842,0.0461,11.0285,13,7.9565
6668,1.4337092,0.0538,11.0285,13,7.9565
6669,1.4338343,0.0461,11.0285,13,7.9565
6670,1.4339593,0.0461,11.0285,13,7.9565
6671,1.4340842,0.0461,11.0285,13,7.9565
6672,1.4342092,0.0538,11.0285,13,7.9565
6673,1.4343343,0.0461,11.0285,13,7.9565
6674,1.4344593,0.0461,11.0285,13,7.9565
6675,1.4345842,0.0461,11.0285,13,7.9565
6676,1.4347092,0.0538,11.0285,13,7.9565
6677,1.4348343,0.0461,11.0285,13,7.9565
6678,1.4349593,0.0461,11.0285,13,7.9565
6679,1.4350842,0.0461,11.0285,13,7.9565
6680,1.4352094,0.0461,11.0362,13,7.9488
6681,1.4353343,0.0461,11.0285,13,7.9565
6682,1.4354593,0.0461,11.0285,13,7.9565
6683,1.4355842,0.0461,11.0285,13,7.9565
6684,1.4357094,0.0461,11.0362,13,7.9488
6685,1.4358343,0.0461,11.0285,13,7.9565
6686,1.4359593,0.0461,11.0285,13,7.9565
6687,1.4360842,0.0538,11.0285,13,7.9565
6688,1.4362094,0.0461,11.0362,13,7.9488
6689,1.4363343,0.0461,11.0285,13,7.9565
6690,1.4364593,0.0461,11.0285,13,7.9565
6691,1.4365842,0.0538,11.0285,13,7.9565
6692,1.4367094,0.0461,11.0362,13,7.9488
6693,1.4368343,0.0461,11.0285,13,7.9565
6694,1.4369593,0.0461,11.0285,13,7.9565
6695,1.4370842,0.0538,11.0285,13,7.9565
6696,1.4372094,0.0461,11.0285,13,7.9488
6697,1.4373343,0.0461,11.0285,13,7.9565
6698,1.4374593,0.0461,11.0285,13,7.9565
6699,1.4375842,0.0538,11.0285,13,7.9565
6700,1.4377094,0.0461,11.0285,13,7.9488
6701,1.4378343,0.0461,11.0285,13,7.9565
6702,1.4379593,0.0461,11.0285,13,7.9565
6703,1.4380842,0.0538,11.0285,13,7.9565
6704,1.4382094,0.0461,11.0285,13,7.9565
6705,1.4383343,0.0461,11.0285,13,7.9565
6706,1.4384593,0.0461,11.0285,13,7.9565
6707,1.4385842,0.0538,11.0285,13,7.9565
6708,1.4387094,0.0461,11.0285,13,7.9565
6709,1.4388343,0.0461,11.0285,13,7.9565
6710,1.4389593,0.0461,11.0285,13,7.9565
6711,1.4390844,0.0461,11.0362,13,7.9488
6712,1.4392094,0.0461,11.0285,13,7.9565
6713,1.4393343,0.0461,11.0285,13,7.9565
6714,1.4394593,0.0461,11.0285,13,7.9565
6715,1.4395844,0.0461,11.0362,13,7.9488
6716,1.4397094,0.0461,11.0285,13,7.9565
6717,1.4398343,0.0461,11.0285,13,7.9565
6718,1.4399593,0.0461,11.0285,13,7.9565
6719,1.4400844,0.0461,11.0362,13,7.9488
6720,1.4402094,0.0461,11.0285,13,7.9565
6721,1.4403343,0.0461,11.0285,13,7.9565
6722,1.4404593,0.0461,11.0285,13,7.9565
6723,1.4405844,0.0461,11.0362,13,7.9488
6724,1.4407094,0.0461,11.0285,13,7.9565
6725,1.4408343,0.0461,11.0285,13,7.9565
6726,1.4409593,0.0461,11.0285,13,7.9565
6727,1.4410844,0.0461,11.0362,13,7.9488
6728,1.4412094,0.0461,11.0285,13,7.9565
6729,1.4413343,0.0461,11.0285,13,7.9565
6730,1.4414593,0.0461,11.0285,13,7.9565
6731,1.4415844,0.0461,11.0362,13,7.9488
6732,1.4417094,0.0461,11.0285,13,7.9565
6733,1.4418343,0.0461,11.0285,13,7.9565
6734,1.4419593,0.0461,11.0285,13,7.9565
6735,1.4420844,0.0461,11.0362,13,7.9488
6736,1.4422094,0.0461,11.0285,13,7.9565
6737,1.4423343,0.0461,11.0285,13,7.9565
6738,1.4424594,0.0384,11.0362,13,7.9488
6739,1.4425844,0.0461,11.0362,13,7.9488
6740,1.4427094,0.0461,11.0285,13,7.9565
6741,1.4428343,0.0461,11.0285,13,7.9565
6742,1.4429594,0.0384,11.0362,13,7.9488
6743,1.4430844,0.0461,11.0362,13,7.9488
6744,1.4432094,0.0461,11.0285,13,7.9565
6745,1.4433343,0.0461,11.0285,13,7.9565
6746,1.4434594,0.0461,11.0362,13,7.9488
6747,1.4435844,0.0461,11.0362,13,7.9488
6748,1.4437094,0.0461,11.0285,13,7.9565
6749,1.4438343,0.0461,11.0285,13,7.9565
6750,1.4439594,0.0461,11.0362,13,7.9488
6751,1.4440844,0.0461,11.0362,13,7.9488
6752,1.4442094,0.0461,11.0285,13,7.9565
6753,1.4443343,0.0461,11.0285,13,7.9565
6754,1.4444594,0.0461,11.0362,13,7.9488
6755,1.4445844,0.0461,11.0362,13,7.9488
6756,1.4447094,0.0461,11.0285,13,7.9565
6757,1.4448343,0.0461,11.0285,13,7.9565
6758,1.4449594,0.0461,11.0362,13,7.9488
6759,1.4450844,0.0461,11.0285,13,7.9488
6760,1.4452094,0.0461,11.0285,13,7.9565
6761,1.4453343,0.0461,11.0285,13,7.9565
6762,1.4454594,0.0461,11.0362,13,7.9488
6763,1.4455844,0.0461,11.0285,13,7.9488
6764,1.4457094,0.0461,11.0285,13,7.9565
6765,1.4458343,0.0461,11.0285,13,7.9565
6766,1.4459594,0.0461,11.0362,13,7.9488
6767,1.4460844,0.0461,11.0285,13,7.9565
6768,1.4462094,0.0461,11.0285,13,7.9565
6769,1.4463345,0.0384,11.0362,13,7.9488
6770,1.4464594,0.0461,11.0362,13,7.9488
6771,1.4465844,0.0461,11.0285,13,7.9565
6772,1.4467094,0.0461,11.0285,13,7.9565
6773,1.4468345,0.0384,11.0362,13,7.9488
6774,1.4469594,0.0461,11.0362,13,7.9488
6775,1.4470844,0.0461,11.0285,13,7.9565
6776,1.4472094,0.0461,11.0285,13,7.9565
6777,1.4473345,0.0384,11.0362,13,7.9488
6778,1.4474594,0.0461,11.0362,13,7.9488
6779,1.4475844,0.0461,11.0285,13,7.9565
6780,1.4477094,0.0461,11.0285,13,7.9565
6781,1.4478345,0.0384,11.0362,13,7.9488
6782,1.4479594,0.0461,11.0362,13,7.9488
6783,1.4480844,0.0461,11.0285,13,7.9565
6784,1.4482094,0.0461,11.0285,13,7.9565
6785,1.4483345,0.0384,11.0362,13,7.9488
6786,1.4484594,0.0461,11.0362,13,7.9488
6787,1.4485844,0.0461,11.0285,13,7.9565
6788,1.4487094,0.0461,11.0285,13,7.9565
6789,1.4488345,0.0384,11.0362,13,7.9488
6790,1.4489594,0.0461,11.0362,13,7.9488
6791,1.4490844,0.0461,11.0285,13,7.9565
6792,1.4492094,0.0461,11.0285,13,7.9565
6793,1.4493345,0.0384,11.0362,13,7.9488
6794,1.4494594,0.0461,11.0362,13,7.9488
6795,1.4495844,0.0461,11.0285,13,7.9565
6796,1.4497095,0.0384,11.0362,13,7.9488
6797,1.4498345,0.0384,11.0362,13,7.9488
6798,1.4499594,0.0461,11.0362,13,7.9488
6799,1.4500844,0.0461,11.0285,13,7.9565
6800,1.4502095,0.0384,11.0362,13,7.9488
6801,1.4503345,0.0384,11.0362,13,7.9488
6802,1.4504594,0.0461,11.0362,13,7.9488
6803,1.4505844,0.0461,11.0285,13,7.9565
6804,1.4507095,0.0384,11.0362,13,7.9488
6805,1.4508345,0.0384,11.0362,13,7.9488
6806,1.4509594,0.0461,11.0362,13,7.9488
6807,1.4510844,0.0461,11.0285,13,7.9565
6808,1.4512095,0.0384,11.0362,13,7.9488
6809,1.4513345,0.0461,11.0362,13,7.9488
6810,1.4514594,0.0461,11.0362,13,7.9488
6811,1.4515844,0.0461,11.0285,13,7.9565
6812,1.4517095,0.0384,11.0362,13,7.9488
6813,1.4518345,0.0461,11.0362,13,7.9488
6814,1.4519594,0.0461,11.0362,13,7.9488
6815,1.4520844,0.0461,11.0285,13,7.9565
6816,1.4522095,0.0384,11.0362,13,7.9488
6817,1.4523345,0.0461,11.0362,13,7.9488
6818,1.4524594,0.0461,11.0362,13,7.9488
6819,1.4525844,0.0461,11.0285,13,7.9565
6820,1.4527095,0.0384,11.0362,13,7.9488
6821,1.4528345,0.0461,11.0362,13,7.9488
6822,1.4529594,0.0461,11.0285,13,7.9488
6823,1.4530844,0.0461,11.0285,13,7.9565
6824,1.4532095,0.0384,11.0362,13,7.9488
6825,1.4533345,0.0461,11.0362,13,7.9488
6826,1.4534594,0.0461,11.0285,13,7.9488
6827,1.4535846,0.0384,11.0362,13,7.9488
6828,1.4537095,0.0384,11.0362,13,7.9488
6829,1.4538345,0.0461,11.0362,13,7.9488
6830,1.4539594,0.0461,11.0285,13,7.9565
6831,1.4540846,0.0384,11.0362,13,7.9488
6832,1.4542095,0.0384,11.0362,13,7.9488
6833,1.4543345,0.0461,11.0362,13,7.9488
6834,1.4544594,0.0461,11.0285,13,7.9565
6835,1.4545846,0.0384,11.0362,13,7.9488
6836,1.4547095,0.0384,11.0362,13,7.9488
6837,1.4548345,0.0461,11.0362,13,7.9488
6838,1.4549594,0.0461,11.0285,13,7.9565
6839,1.4550846,0.0384,11.0362,13,7.9488
6840,1.4552095,0.0384,11.0362,13,7.9488
6841,1.4553345,0.0461,11.0362,13,7.9488
6842,1.4554594,0.0461,11.0285,13,7.9565
6843,1.4555846,0.0384,11.0362,13,7.9488
6844,1.4557095,0.0384,11.0362,13,7.9488
6845,1.4558345,0.0461,11.0362,13,7.9488
6846,1.4559594,0.0461,11.0285,13,7.9565
6847,1.4560846,0.0384,11.0362,13,7.9488
6848,1.4562095,0.0384,11.0362,13,7.9488
6849,1.4563345,0.0461,11.0362,13,7.9488
6850,1.4564594,0.0461,11.0285,13,7.9565
6851,1.4565846,0.0384,11.0362,13,7.9488
6852,1.4567095,0.0384,11.0362,13,7.9488
6853,1.4568345,0.0461,11.0362,13,7.9488
6854,1.4569596,0.0384,11.0362,13,7.9488
6855,1.4570846,0.0384,11.0362,13,7.9488
6856,1.4572095,0.0384,11.0362,13,7.9488
6857,1.4573345,0.0461,11.0362,13,7.9488
6858,1.4574596,0.0384,11.0362,13,7.9488
6859,1.4575846,0.0384,11.0362,13,7.9488
6860,1.4577095,0.0384,11.0362,13,7.9488
6861,1.4578345,0.0461,11.0362,13,7.9488
6862,1.4579596,0.0384,11.0362,13,7.9488
6863,1.4580846,0.0384,11.0362,13,7.9488
6864,1.4582095,0.0384,11.0362,13,7.9488
6865,1.4583345,0.0461,11.0362,13,7.9488
6866,1.4584596,0.0384,11.0362,13,7.9488
6867,1.4585846,0.0384,11.0362,13,7.9488
6868,1.4587095,0.0384,11.0362,13,7.9488
6869,1.4588345,0.0461,11.0362,13,7.9488
6870,1.4589596,0.0384,11.0362,13,7.9488
6871,1.4590846,0.0384,11.0362,13,7.9488
6872,1.4592095,0.0461,11.0362,13,7.9488
6873,1.4593345,0.0461,11.0362,13,7.9488
6874,1.4594596,0.0384,11.0362,13,7.9488
6875,1.4595846,0.0384,11.0362,13,7.9488
6876,1.4597095,0.0461,11.0362,13,7.9488
6877,1.4598345,0.0461,11.0362,13,7.9488
6878,1.4599596,0.0384,11.0362,13,7.9488
6879,1.4600846,0.0384,11.0362,13,7.9488
6880,1.4602095,0.0461,11.0362,13,7.9488
6881,1.4603345,0.0461,11.0285,13,7.9488
6882,1.4604596,0.0384,11.0362,13,7.9488
6883,1.4605846,0.0384,11.0362,13,7.9488
6884,1.4607095,0.0461,11.0362,13,7.9488
6885,1.4608346,0.0384,11.0362,13,7.9411
6886,1.4609596,0.0384,11.0362,13,7.9488
6887,1.4610846,0.0384,11.0362,13,7.9488
6888,1.4612095,0.0461,11.0362,13,7.9488
6889,1.4613346,0.0384,11.0362,13,7.9488
6890,1.4614596,0.0384,11.0362,13,7.9488
6891,1.4615846,0.0384,11.0362,13,7.9488
6892,1.4617095,0.0461,11.0362,13,7.9488
6893,1.4618346,0.0384,11.0362,13,7.9488
6894,1.4619596,0.0384,11.0362,13,7.9488
6895,1.4620846,0.0384,11.0362,13,7.9488
6896,1.4622095,0.0461,11.0362,13,7.9488
6897,1.4623346,0.0384,11.0362,13,7.9488
6898,1.4624596,0.0384,11.0362,13,7.9488
6899,1.4625846,0.0384,11.0362,13,7.9488
6900,1.4627095,0.0461,11.0362,13,7.9488
6901,1.4628346,0.0384,11.0362,13,7.9488
6902,1.4629596,0.0384,11.0362,13,7.9488
6903,1.4630846,0.0384,11.0362,13,7.9488
6904,1.4632095,0.0461,11.0362,13,7.9488
6905,1.4633346,0.0384,11.0362,13,7.9488
6906,1.4634596,0.0384,11.0362,13,7.9488
6907,1.4635846,0.0384,11.0362,13,7.9488
6908,1.4637095,0.0461,11.0362,13,7.9488
6909,1.4638346,0.0384,11.0362,13,7.9488
6910,1.4639596,0.0384,11.0362,13,7.9488
6911,1.4640846,0.0384,11.0362,13,7.9488
6912,1.4642097,0.0384,11.0438,13,7.9411
6913,1.4643346,0.0384,11.0362,13,7.9488
6914,1.4644596,0.0384,11.0362,13,7.9488
6915,1.4645846,0.0384,11.0362,13,7.9488
6916,1.4647097,0.0384,11.0438,13,7.9411
6917,1.4648346,0.0384,11.0362,13,7.9488
6918,1.4649596,0.0384,11.0362,13,7.9488
6919,1.4650846,0.0384,11.0362,13,7.9488
6920,1.4652097,0.0384,11.0438,13,7.9411
6921,1.4653346,0.0384,11.0362,13,7.9488
6922,1.4654596,0.0384,11.0362,13,7.9488
6923,1.4655846,0.0384,11.0362,13,7.9488
6924,1.4657097,0.0384,11.0438,13,7.9411
6925,1.4658346,0.0384,11.0362,13,7.9488
6926,1.4659596,0.0384,11.0362,13,7.9488
6927,1.4660846,0.0384,11.0362,13,7.9488
6928,1.4662097,0.0384,11.0438,13,7.9411
6929,1.4663346,0.0384,11.0362,13,7.9488
6930,1.4664596,0.0384,11.0362,13,7.9488
6931,1.4665846,0.0461,11.0362,13,7.9488
6932,1.4667097,0.0384,11.0438,13,7.9411
6933,1.4668346,0.0384,11.0362,13,7.9488
6934,1.4669596,0.0384,11.0362,13,7.9488
6935,1.4670846,0.0461,11.0362,13,7.9488
6936,1.4672097,0.0384,11.0438,13,7.9411
6937,1.4673346,0.0384,11.0362,13,7.9488
6938,1.4674596,0.0384,11.0362,13,7.9488
6939,1.4675846,0.0461,11.0362,13,7.9488
6940,1.4677097,0.0384,11.0438,13,7.9411
6941,1.4678346,0.0384,11.0362,13,7.9488
6942,1.4679596,0.0384,11.0362,13,7.9488
6943,1.4680847,0.0384,11.0438,13,7.9411
6944,1.4682097,0.0384,11.0362,13,7.9411
6945,1.4683346,0.0384,11.0362,13,7.9488
6946,1.4684596,0.0384,11.0362,13,7.9488
6947,1.4685847,0.0384,11.0438,13,7.9411
6948,1.4687097,0.0384,11.0362,13,7.9411
6949,1.4688346,0.0384,11.0362,13,7.9488
6950,1.4689596,0.0384,11.0362,13,7.9488
6951,1.4690847,0.0384,11.0438,13,7.9411
6952,1.4692097,0.0384,11.0362,13,7.9488
6953,1.4693346,0.0384,11.0362,13,7.9488
6954,1.4694596,0.0384,11.0362,13,7.9488
6955,1.4695847,0.0384,11.0438,13,7.9411
6956,1.4697097,0.0384,11.0362,13,7.9488
6957,1.4698346,0.0384,11.0362,13,7.9488
6958,1.4699596,0.0384,11.0362,13,7.9488
6959,1.4700847,0.0384,11.0438,13,7.9411
6960,1.4702097,0.0384,11.0362,13,7.9488
6961,1.4703346,0.0384,11.0362,13,7.9488
6962,1.4704596,0.0384,11.0362,13,7.9488
6963,1.4705847,0.0384,11.0438,13,7.9411
6964,1.4707097,0.0384,11.0362,13,7.9488
6965,1.4708346,0.0384,11.0362,13,7.9488
6966,1.4709596,0.0384,11.0362,13,7.9488
6967,1.4710847,0.0384,11.0438,13,7.9411
6968,1.4712097,0.0384,11.0362,13,7.9488
6969,1.4713346,0.0384,11.0362,13,7.9488
6970,1.4714598,0.0307,11.0438,13,7.9411
6971,1.4715847,0.0384,11.0438,13,7.9411
6972,1.4717097,0.0384,11.0362,13,7.9488
6973,1.4718346,0.0384,11.0362,13,7.9488
6974,1.4719598,0.0307,11.0438,13,7.9411
6975,1.4720847,0.0384,11.0438,13,7.9411
6976,1.4722097,0.0384,11.0362,13,7.9488
6977,1.4723346,0.0384,11.0362,13,7.9488
6978,1.4724598,0.0307,11.0438,13,7.9411
6979,1.4725847,0.0384,11.0438,13,7.9411
6980,1.4727097,0.0384,11.0362,13,7.9488
6981,1.4728346,0.0384,11.0362,13,7.9488
6982,1.4729598,0.0307,11.0438,13,7.9411
6983,1.4730847,0.0384,11.0438,13,7.9411
6984,1.4732097,0.0384,11.0362,13,7.9488
6985,1.4733346,0.0384,11.0362,13,7.9488
6986,1.4734598,0.0307,11.0438,13,7.9411
6987,1.4735847,0.0384,11.0438,13,7.9411
6988,1.4737097,0.0384,11.0362,13,7.9488
6989,1.4738346,0.0384,11.0362,13,7.9488
6990,1.4739598,0.0307,11.0438,13,7.9411
6991,1.4740847,0.0384,11.0438,13,7.9411
6992,1.4742097,0.0384,11.0362,13,7.9488
6993,1.4743346,0.0384,11.0362,13,7.9488
6994,1.4744598,0.0384,11.0438,13,7.9411
6995,1.4745847,0.0384,11.0438,13,7.9411
6996,1.4747097,0.0384,11.0362,13,7.9488
6997,1.4748346,0.0384,11.0362,13,7.9488
6998,1.4749598,0.0384,11.0438,13,7.9411
6999,1.4750847,0.0384,11.0438,13,7.9411
7000,1.4752097,0.0384,11.0362,13,7.9488
7001,1.4753348,0.0307,11.0438,13,7.9411
7002,1.4754598,0.0384,11.0438,13,7.9411
7003,1.4755847,0.0384,11.0438,13,7.9411
7004,1.4757097,0.0384,11.0362,13,7.9488
7005,1.4758348,0.0307,11.0438,13,7.9411
7006,1.4759598,0.0384,11.0438,13,7.9411
7007,1.4760847,0.0384,11.0362,13,7.9411
7008,1.4762097,0.0384,11.0362,13,7.9488
7009,1.4763348,0.0307,11.0438,13,7.9411
7010,1.4764598,0.0384,11.0438,13,7.9411
7011,1.4765847,0.0384,11.0362,13,7.9411
7012,1.4767097,0.0384,11.0362,13,7.9488
7013,1.4768348,0.0307,11.0438,13,7.9411
7014,1.4769598,0.0384,11.0438,13,7.9411
7015,1.4770847,0.0384,11.0362,13,7.9488
7016,1.4772097,0.0384,11.0362,13,7.9488
7017,1.4773348,0.0307,11.0438,13,7.9411
7018,1.4774598,0.0384,11.0438,13,7.9411
7019,1.4775847,0.0384,11.0362,13,7.9488
7020,1.4777097,0.0384,11.0362,13,7.9488
7021,1.4778348,0.0307,11.0438,13,7.9411
7022,1.4779598,0.0384,11.0438,13,7.9411
7023,1.4780847,0.0384,11.0362,13,7.9488
7024,1.4782097,0.0384,11.0362,13,7.9488
7025,1.4783348,0.0307,11.0438,13,7.9411
7026,1.4784598,0.0384,11.0438,13,7.9411
7027,1.4785847,0.0384,11.0362,13,7.9488
7028,1.4787098,0.0307,11.0438,13,7.9411
7029,1.4788348,0.0307,11.0438,13,7.9411
7030,1.4789598,0.0384,11.0438,13,7.9411
7031,1.4790847,0.0384,11.0362,13,7.9488
7032,1.4792098,0.0307,11.0438,13,7.9411
7033,1.4793348,0.0307,11.0438,13,7.9411
7034,1.4794598,0.0384,11.0438,13,7.9411
7035,1.4795847,0.0384,11.0362,13,7.9488
7036,1.4797098,0.0307,11.0438,13,7.9411
7037,1.4798348,0.0307,11.0438,13,7.9411
7038,1.4799598,0.0384,11.0438,13,7.9411
7039,1.4800847,0.0384,11.0362,13,7.9488
7040,1.4802098,0.0307,11.0438,13,7.9411
7041,1.4803348,0.0307,11.0438,13,7.9411
7042,1.4804598,0.0384,11.0438,13,7.9411
7043,1.4805847,0.0384,11.0362,13,7.9488
7044,1.4807098,0.0307,11.0438,13,7.9411
7045,1.4808348,0.0307,11.0438,13,7.9411
7046,1.4809598,0.0384,11.0438,13,7.9411
7047,1.4810847,0.0384,11.0362,13,7.9488
7048,1.4812098,0.0307,11.0438,13,7.9411
7049,1.4813348,0.0307,11.0438,13,7.9411
7050,1.4814598,0.0384,11.0438,13,7.9411
7051,1.4815847,0.0384,11.0362,13,7.9488
7052,1.4817098,0.0307,11.0438,13,7.9411
7053,1.4818348,0.0307,11.0438,13,7.9411
7054,1.4819598,0.0384,11.0438,13,7.9411
7055,1.4820847,0.0384,11.0362,13,7.9488
7056,1.4822098,0.0307,11.0438,13,7.9411
7057,1.4823348,0.0384,11.0438,13,7.9411
7058,1.4824598,0.0384,11.0438,13,7.9411
7059,1.4825849,0.0307,11.0438,13,7.9411
7060,1.4827098,0.0307,11.0438,13,7.9411
7061,1.4828348,0.0384,11.0438,13,7.9411
7062,1.4829598,0.0384,11.0438,13,7.9411
7063,1.4830849,0.0307,11.0438,13,7.9411
7064,1.4832098,0.0307,11.0438,13,7.9411
7065,1.4833348,0.0384,11.0438,13,7.9411
7066,1.4834598,0.0384,11.0438,13,7.9411
7067,1.4835849,0.0307,11.0438,13,7.9411
7068,1.4837098,0.0307,11.0438,13,7.9411
7069,1.4838348,0.0384,11.0438,13,7.9411
7070,1.4839598,0.0384,11.0362,13,7.9411
7071,1.4840849,0.0307,11.0438,13,7.9411
7072,1.4842098,0.0307,11.0438,13,7.9411
7073,1.4843348,0.0384,11.0438,13,7.9411
7074,1.4844598,0.0384,11.0362,13,7.9488
7075,1.4845849,0.0307,11.0438,13,7.9411
7076,1.4847098,0.0307,11.0438,13,7.9411
7077,1.4848348,0.0384,11.0438,13,7.9411
7078,1.4849598,0.0384,11.0362,13,7.9488
7079,1.4850849,0.0307,11.0438,13,7.9411
7080,1.4852098,0.0307,11.0438,13,7.9411
7081,1.4853348,0.0384,11.0438,13,7.9411
7082,1.4854598,0.0384,11.0362,13,7.9488
7083,1.4855849,0.0307,11.0438,13,7.9411
7084,1.4857098,0.0307,11.0438,13,7.9411
7085,1.4858348,0.0384,11.0438,13,7.9411
7086,1.4859599,0.0307,11.0438,13,7.9411
7087,1.4860849,0.0307,11.0438,13,7.9411
7088,1.4862098,0.0307,11.0438,13,7.9411
7089,1.4863348,0.0384,11.0438,13,7.9411
7090,1.4864599,0.0307,11.0438,13,7.9411
7091,1.4865849,0.0307,11.0438,13,7.9411
7092,1.4867098,0.0307,11.0438,13,7.9411
7093,1.4868348,0.0384,11.0438,13,7.9411
7094,1.4869599,0.0307,11.0438,13,7.9411
7095,1.4870849,0.0307,11.0438,13,7.9411
7096,1.4872098,0.0307,11.0438,13,7.9411
7097,1.4873348,0.0384,11.0438,13,7.9411
7098,1.4874599,0.0307,11.0438,13,7.9411
7099,1.4875849,0.0307,11.0438,13,7.9411
7100,1.4877098,0.0307,11.0438,13,7.9411
7101,1.4878348,0.0384,11.0438,13,7.9411
7102,1.4879599,0.0307,11.0438,13,7.9411
7103,1.4880849,0.0307,11.0438,13,7.9411
7104,1.4882098,0.0307,11.0438,13,7.9411
7105,1.4883348,0.0384,11.0438,13,7.9411
7106,1.4884599,0.0307,11.0438,13,7.9411
7107,1.4885849,0.0307,11.0438,13,7.9411
7108,1.4887098,0.0307,11.0438,13,7.9411
7109,1.4888348,0.0384,11.0438,13,7.9411
7110,1.4889599,0.0307,11.0438,13,7.9411
7111,1.4890849,0.0307,11.0438,13,7.9411
7112,1.4892098,0.0307,11.0438,13,7.9411
7113,1.4893348,0.0384,11.0438,13,7.9411
7114,1.4894599,0.0307,11.0438,13,7.9411
7115,1.4895849,0.0307,11.0438,13,7.9411
7116,1.4897098,0.0307,11.0438,13,7.9411
7117,1.4898350,0.0307,11.0515,13,7.9334
7118,1.4899599,0.0307,11.0438,13,7.9411
7119,1.4900849,0.0307,11.0438,13,7.9411
7120,1.4902098,0.0384,11.0438,13,7.9411
7121,1.4903350,0.0307,11.0515,13,7.9334
7122,1.4904599,0.0307,11.0438,13,7.9411
7123,1.4905849,0.0307,11.0438,13,7.9411
7124,1.4907098,0.0384,11.0438,13,7.9411
7125,1.4908350,0.0307,11.0515,13,7.9334
7126,1.4909599,0.0307,11.0438,13,7.9411
7127,1.4910849,0.0307,11.0438,13,7.9411
7128,1.4912098,0.0384,11.0438,13,7.9411
7129,1.4913350,0.0307,11.0438,13,7.9334
7130,1.4914599,0.0307,11.0438,13,7.9411
7131,1.4915849,0.0307,11.0438,13,7.9411
7132,1.4917098,0.0384,11.0438,13,7.9411
7133,1.4918350,0.0307,11.0438,13,7.9334
7134,1.4919599,0.0307,11.0438,13,7.9411
7135,1.4920849,0.0307,11.0438,13,7.9411
7136,1.4922098,0.0384,11.0438,13,7.9411
7137,1.4923350,0.0307,11.0438,13,7.9411
7138,1.4924599,0.0307,11.0438,13,7.9411
7139,1.4925849,0.0307,11.0438,13,7.9411
7140,1.4927098,0.0384,11.0438,13,7.9411
7141,1.4928350,0.0307,11.0438,13,7.9411
7142,1.4929599,0.0307,11.0438,13,7.9411
7143,1.4930849,0.0307,11.0438,13,7.9411
7144,1.4932100,0.0307,11.0515,13,7.9334
7145,1.4933350,0.0307,11.0438,13,7.9411
7146,1.4934599,0.0307,11.0438,13,7.9411
7147,1.4935849,0.0307,11.0438,13,7.9411
7148,1.4937100,0.0307,11.0515,13,7.9334
7149,1.4938350,0.0307,11.0438,13,7.9411
7150,1.4939599,0.0307,11.0438,13,7.9411
7151,1.4940849,0.0307,11.0438,13,7.9411
7152,1.4942100,0.0307,11.0515,13,7.9334
7153,1.4943350,0.0307,11.0438,13,7.9411
7154,1.4944599,0.0307,11.0438,13,7.9411
7155,1.4945849,0.0307,11.0438,13,7.9411
7156,1.4947100,0.0307,11.0515,13,7.9334
7157,1.4948350,0.0307,11.0438,13,7.9411
7158,1.4949599,0.0307,11.0438,13,7.9411
7159,1.4950849,0.0307,11.0438,13,7.9411
7160,1.4952100,0.0307,11.0515,13,7.9334
7161,1.4953350,0.0307,11.0438,13,7.9411
7162,1.4954599,0.0307,11.0438,13,7.9411
7163,1.4955849,0.0307,11.0438,13,7.9411
7164,1.4957100,0.0307,11.0515,13,7.9334
7165,1.4958350,0.0307,11.0438,13,7.9411
7166,1.4959599,0.0307,11.0438,13,7.9411
7167,1.4960849,0.0307,11.0438,13,7.9411
7168,1.4962100,0.0307,11.0515,13,7.9334
7169,1.4963350,0.0307,11.0438,13,7.9411
7170,1.4964599,0.0307,11.0438,13,7.9411
7171,1.4965849,0.0307,11.0438,13,7.9411
7172,1.4967100,0.0307,11.0515,13,7.9334
7173,1.4968350,0.0307,11.0438,13,7.9411
7174,1.4969599,0.0307,11.0438,13,7.9411
7175,1.4970850,0.0230,11.0515,13,7.9334
7176,1.4972100,0.0307,11.0515,13,7.9334
7177,1.4973350,0.0307,11.0438,13,7.9411
7178,1.4974599,0.0307,11.0438,13,7.9411
7179,1.4975850,0.0307,11.0515,13,7.9334
7180,1.4977100,0.0307,11.0515,13,7.9334
7181,1.4978350,0.0307,11.0438,13,7.9411
7182,1.4979599,0.0307,11.0438,13,7.9411
7183,1.4980850,0.0307,11.0515,13,7.9334
7184,1.4982100,0.0307,11.0515,13,7.9334
7185,1.4983350,0.0307,11.0438,13,7.9411
7186,1.4984599,0.0307,11.0438,13,7.9411
7187,1.4985850,0.0307,11.0515,13,7.9334
7188,1.4987100,0.0307,11.0515,13,7.9334
7189,1.4988350,0.0307,11.0438,13,7.9411
7190,1.4989599,0.0307,11.0438,13,7.9411
7191,1.4990850,0.0307,11.0515,13,7.9334
7192,1.4992100,0.0307,11.0438,13,7.9334
7193,1.4993350,0.0307,11.0438,13,7.9411
7194,1.4994599,0.0307,11.0438,13,7.9411
7195,1.4995850,0.0307,11.0515,13,7.9334
7196,1.4997100,0.0307,11.0438,13,7.9334
7197,1.4998350,0.0307,11.0438,13,7.9411
7198,1.4999599,0.0307,11.0438,13,7.9411
7199,1.5000850,0.0307,11.0515,13,7.9334
7200,1.5002100,0.0307,11.0438,13,7.9411
7201,1.5003350,0.0307,11.0438,13,7.9411
7202,1.5004601,0.0230,11.0515,13,7.9334
7203,1.5005850,0.0307,11.0515,13,7.9334
7204,1.5007100,0.0307,11.0438,13,7.9411
7205,1.5008350,0.0307,11.0438,13,7.9411
7206,1.5009601,0.0230,11.0515,13,7.9334
7207,1.5010850,0.0307,11.0515,13,7.9334
7208,1.5012100,0.0307,11.0438,13,7.9411
7209,1.5013350,0.0307,11.0438,13,7.9411
7210,1.5014601,0.0230,11.0515,13,7.9334
7211,1.5015850,0.0307,11.0515,13,7.9334
7212,1.5017100,0.0307,11.0438,13,7.9411
7213,1.5018350,0.0307,11.0438,13,7.9411
7214,1.5019601,0.0230,11.0515,13,7.9334
7215,1.5020850,0.0307,11.0515,13,7.9334
7216,1.5022100,0.0307,11.0438,13,7.9411
7217,1.5023350,0.0307,11.0438,13,7.9411
7218,1.5024601,0.0230,11.0515,13,7.9334
7219,1.5025850,0.0307,11.0515,13,7.9334
7220,1.5027100,0.0307,11.0438,13,7.9411
7221,1.5028350,0.0307,11.0438,13,7.9411
7222,1.5029601,0.0230,11.0515,13,7.9334
7223,1.5030850,0.0307,11.0515,13,7.9334
7224,1.5032100,0.0307,11.0438,13,7.9411
7225,1.5033350,0.0307,11.0438,13,7.9411
7226,1.5034601,0.0230,11.0515,13,7.9334
7227,1.5035850,0.0307,11.0515,13,7.9334
7228,1.5037100,0.0307,11.0438,13,7.9411
7229,1.5038350,0.0307,11.0438,13,7.9411
7230,1.5039601,0.0230,11.0515,13,7.9334
7231,1.5040850,0.0307,11.0515,13,7.9334
7232,1.5042100,0.0307,11.0438,13,7.9411
7233,1.5043351,0.0230,11.0515,13,7.9334
7234,1.5044601,0.0230,11.0515,13,7.9334
7235,1.5045850,0.0307,11.0515,13,7.9334
7236,1.5047100,0.0307,11.0438,13,7.9411
7237,1.5048351,0.0230,11.0515,13,7.9334
7238,1.5049601,0.0230,11.0515,13,7.9334
7239,1.5050850,0.0307,11.0515,13,7.9334
7240,1.5052100,0.0307,11.0438,13,7.9411
7241,1.5053351,0.0230,11.0515,13,7.9334
7242,1.5054601,0.0307,11.0515,13,7.9334
7243,1.5055850,0.0307,11.0515,13,7.9334
7244,1.5057100,0.0307,11.0438,13,7.9411
7245,1.5058351,0.0230,11.0515,13,7.9334
7246,1.5059601,0.0307,11.0515,13,7.9334
7247,1.5060850,0.0307,11.0515,13,7.9334
7248,1.5062100,0.0307,11.0438,13,7.9411
7249,1.5063351,0.0230,11.0515,13,7.9334
7250,1.5064601,0.0307,11.0515,13,7.9334
7251,1.5065850,0.0307,11.0515,13,7.9334
7252,1.5067100,0.0307,11.0438,13,7.9411
7253,1.5068351,0.0230,11.0515,13,7.9334
7254,1.5069601,0.0307,11.0515,13,7.9334
7255,1.5070850,0.0307,11.0438,13,7.9334
7256,1.5072100,0.0307,11.0438,13,7.9411
7257,1.5073351,0.0230,11.0515,13,7.9334
7258,1.5074601,0.0307,11.0515,13,7.9334
7259,1.5075850,0.0307,11.0438,13,7.9334
7260,1.5077102,0.0230,11.0515,13,7.9334
7261,1.5078351,0.0230,11.0515,13,7.9334
7262,1.5079601,0.0307,11.0515,13,7.9334
7263,1.5080850,0.0307,11.0438,13,7.9411
7264,1.5082102,0.0230,11.0515,13,7.9334
7265,1.5083351,0.0230,11.0515,13,7.9334
7266,1.5084601,0.0307,11.0515,13,7.9334
7267,1.5085850,0.0307,11.0438,13,7.9411
7268,1.5087102,0.0230,11.0515,13,7.9334
7269,1.5088351,0.0230,11.0515,13,7.9334
7270,1.5089601,0.0307,11.0515,13,7.9334
7271,1.5090850,0.0307,11.0438,13,7.9411
7272,1.5092102,0.0230,11.0515,13,7.9334
7273,1.5093351,0.0230,11.0515,13,7.9334
7274,1.5094601,0.0307,11.0515,13,7.9334
7275,1.5095850,0.0307,11.0438,13,7.9411
7276,1.5097102,0.0230,11.0515,13,7.9334
7277,1.5098351,0.0230,11.0515,13,7.9334
7278,1.5099601,0.0307,11.0515,13,7.9334
7279,1.5100850,0.0307,11.0438,13,7.9411
7280,1.5102102,0.0230,11.0515,13,7.9334
7281,1.5103351,0.0230,11.0515,13,7.9334
7282,1.5104601,0.0307,11.0515,13,7.9334
7283,1.5105850,0.0307,11.0438,13,7.9411
7284,1.5107102,0.0230,11.0515,13,7.9334
7285,1.5108351,0.0230,11.0515,13,7.9334
7286,1.5109601,0.0307,11.0515,13,7.9334
7287,1.5110850,0.0307,11.0438,13,7.9411
7288,1.5112102,0.0230,11.0515,13,7.9334
7289,1.5113351,0.0230,11.0515,13,7.9334
7290,1.5114601,0.0307,11.0515,13,7.9334
7291,1.5115852,0.0230,11.0515,13,7.9334
7292,1.5117102,0.0230,11.0515,13,7.9334
7293,1.5118351,0.0230,11.0515,13,7.9334
7294,1.5119601,0.0307,11.0515,13,7.9334
7295,1.5120852,0.0230,11.0515,13,7.9334
7296,1.5122102,0.0230,11.0515,13,7.9334
7297,1.5123351,0.0230,11.0515,13,7.9334
7298,1.5124601,0.0307,11.0515,13,7.9334
7299,1.5125852,0.0230,11.0515,13,7.9334
7300,1.5127102,0.0230,11.0515,13,7.9334
7301,1.5128351,0.0230,11.0515,13,7.9334
7302,1.5129601,0.0307,11.0515,13,7.9334
7303,1.5130852,0.0230,11.0515,13,7.9334
7304,1.5132102,0.0230,11.0515,13,7.9334
7305,1.5133351,0.0307,11.0515,13,7.9334
7306,1.5134601,0.0307,11.0515,13,7.9334
7307,1.5135852,0.0230,11.0515,13,7.9334
7308,1.5137102,0.0230,11.0515,13,7.9334
7309,1.5138351,0.0307,11.0515,13,7.9334
7310,1.5139601,0.0307,11.0515,13,7.9334
7311,1.5140852,0.0230,11.0515,13,7.9334
7312,1.5142102,0.0230,11.0515,13,7.9334
7313,1.5143351,0.0307,11.0515,13,7.9334
7314,1.5144601,0.0307,11.0515,13,7.9334
7315,1.5145852,0.0230,11.0515,13,7.9334
7316,1.5147102,0.0230,11.0515,13,7.9334
7317,1.5148351,0.0307,11.0515,13,7.9334
7318,1.5149602,0.0230,11.0515,13,7.9258
7319,1.5150852,0.0230,11.0515,13,7.9334
7320,1.5152102,0.0230,11.0515,13,7.9334
7321,1.5153351,0.0307,11.0515,13,7.9334
7322,1.5154602,0.0230,11.0515,13,7.9258
7323,1.5155852,0.0230,11.0515,13,7.9334
7324,1.5157102,0.0230,11.0515,13,7.9334
7325,1.5158351,0.0307,11.0515,13,7.9334
7326,1.5159602,0.0230,11.0515,13,7.9334
7327,1.5160852,0.0230,11.0515,13,7.9334
7328,1.5162102,0.0230,11.0515,13,7.9334
7329,1.5163351,0.0307,11.0515,13,7.9334
7330,1.5164602,0.0230,11.0515,13,7.9334
7331,1.5165852,0.0230,11.0515,13,7.9334
7332,1.5167102,0.0230,11.0515,13,7.9334
7333,1.5168351,0.0307,11.0515,13,7.9334
7334,1.5169602,0.0230,11.0515,13,7.9334
7335,1.5170852,0.0230,11.0515,13,7.9334
7336,1.5172102,0.0230,11.0515,13,7.9334
7337,1.5173351,0.0307,11.0515,13,7.9334
7338,1.5174602,0.0230,11.0515,13,7.9334
7339,1.5175852,0.0230,11.0515,13,7.9334
7340,1.5177102,0.0230,11.0515,13,7.9334
7341,1.5178351,0.0307,11.0515,13,7.9334
7342,1.5179602,0.0230,11.0515,13,7.9334
7343,1.5180852,0.0230,11.0515,13,7.9334
7344,1.5182102,0.0230,11.0515,13,7.9334
7345,1.5183351,0.0307,11.0515,13,7.9334
7346,1.5184602,0.0230,11.0515,13,7.9334
7347,1.5185852,0.0230,11.0515,13,7.9334
7348,1.5187102,0.0230,11.0515,13,7.9334
7349,1.5188353,0.0230,11.0592,13,7.9258
7350,1.5189602,0.0230,11.0515,13,7.9334
7351,1.5190852,0.0230,11.0515,13,7.9334
7352,1.5192102,0.0230,11.0515,13,7.9334
7353,1.5193353,0.0230,11.0592,13,7.9258
7354,1.5194602,0.0230,11.0515,13,7.9334
7355,1.5195852,0.0230,11.0515,13,7.9334
7356,1.5197102,0.0230,11.0515,13,7.9334
7357,1.5198353,0.0230,11.0592,13,7.9258
7358,1.5199602,0.0230,11.0515,13,7.9334
7359,1.5200852,0.0230,11.0515,13,7.9334
7360,1.5202102,0.0230,11.0515,13,7.9334
7361,1.5203353,0.0230,11.0592,13,7.9258
7362,1.5204602,0.0230,11.0515,13,7.9334
7363,1.5205852,0.0230,11.0515,13,7.9334
7364,1.5207102,0.0230,11.0515,13,7.9334
7365,1.5208353,0.0230,11.0592,13,7.9258
7366,1.5209602,0.0230,11.0515,13,7.9334
7367,1.5210852,0.0230,11.0515,13,7.9334
7368,1.5212102,0.0307,11.0515,13,7.9334
7369,1.5213353,0.0230,11.0592,13,7.9258
7370,1.5214602,0.0230,11.0515,13,7.9334
7371,1.5215852,0.0230,11.0515,13,7.9334
7372,1.5217102,0.0307,11.0515,13,7.9334
7373,1.5218353,0.0230,11.0592,13,7.9258
7374,1.5219602,0.0230,11.0515,13,7.9334
7375,1.5220852,0.0230,11.0515,13,7.9334
7376,1.5222103,0.0230,11.0592,13,7.9258
7377,1.5223353,0.0230,11.0592,13,7.9258
7378,1.5224602,0.0230,11.0515,13,7.9334
7379,1.5225852,0.0230,11.0515,13,7.9334
7380,1.5227103,0.0230,11.0592,13,7.9258
7381,1.5228353,0.0230,11.0515,13,7.9258
7382,1.5229602,0.0230,11.0515,13,7.9334
7383,1.5230852,0.0230,11.0515,13,7.9334
7384,1.5232103,0.0230,11.0592,13,7.9258
7385,1.5233353,0.0230,11.0515,13,7.9334
7386,1.5234602,0.0230,11.0515,13,7.9334
7387,1.5235852,0.0230,11.0515,13,7.9334
7388,1.5237103,0.0230,11.0592,13,7.9258
7389,1.5238353,0.0230,11.0515,13,7.9334
7390,1.5239602,0.0230,11.0515,13,7.9334
7391,1.5240852,0.0230,11.0515,13,7.9334
7392,1.5242103,0.0230,11.0592,13,7.9258
7393,1.5243353,0.0230,11.0515,13,7.9334
7394,1.5244602,0.0230,11.0515,13,7.9334
7395,1.5245852,0.0230,11.0515,13,7.9334
7396,1.5247103,0.0230,11.0592,13,7.9258
7397,1.5248353,0.0230,11.0515,13,7.9334
7398,1.5249602,0.0230,11.0515,13,7.9334
7399,1.5250852,0.0230,11.0515,13,7.9334
7400,1.5252103,0.0230,11.0592,13,7.9258
7401,1.5253353,0.0230,11.0515,13,7.9334
7402,1.5254602,0.0230,11.0515,13,7.9334
7403,1.5255852,0.0230,11.0515,13,7.9334
7404,1.5257103,0.0230,11.0592,13,7.9258
7405,1.5258353,0.0230,11.0515,13,7.9334
7406,1.5259602,0.0230,11.0515,13,7.9334
7407,1.5260854,0.0154,11.0592,13,7.9258
7408,1.5262103,0.0230,11.0592,13,7.9258
7409,1.5263353,0.0230,11.0515,13,7.9334
7410,1.5264602,0.0230,11.0515,13,7.9334
7411,1.5265854,0.0154,11.0592,13,7.9258
7412,1.5267103,0.0230,11.0592,13,7.9258
7413,1.5268353,0.0230,11.0515,13,7.9334
7414,1.5269602,0.0230,11.0515,13,7.9334
7415,1.5270854,0.0154,11.0592,13,7.9258
7416,1.5272103,0.0230,11.0592,13,7.9258
7417,1.5273353,0.0230,11.0515,13,7.9334
7418,1.5274602,0.0230,11.0515,13,7.9334
7419,1.5275854,0.0154,11.0592,13,7.9258
7420,1.5277103,0.0230,11.0592,13,7.9258
7421,1.5278353,0.0230,11.0515,13,7.9334
7422,1.5279602,0.0230,11.0515,13,7.9334
7423,1.5280854,0.0154,11.0592,13,7.9258
7424,1.5282103,0.0230,11.0592,13,7.9258
7425,1.5283353,0.0230,11.0515,13,7.9334
7426,1.5284602,0.0230,11.0515,13,7.9334
7427,1.5285854,0.0154,11.0592,13,7.9258
7428,1.5287103,0.0230,11.0592,13,7.9258
7429,1.5288353,0.0230,11.0515,13,7.9334
7430,1.5289602,0.0230,11.0515,13,7.9334
7431,1.5290854,0.0230,11.0592,13,7.9258
7432,1.5292103,0.0230,11.0592,13,7.9258
7433,1.5293353,0.0230,11.0515,13,7.9334
7434,1.5294604,0.0154,11.0592,13,7.9258
7435,1.5295854,0.0230,11.0592,13,7.9258
7436,1.5297103,0.0230,11.0592,13,7.9258
7437,1.5298353,0.0230,11.0515,13,7.9334
7438,1.5299604,0.0154,11.0592,13,7.9258
7439,1.5300854,0.0230,11.0592,13,7.9258
7440,1.5302103,0.0230,11.0515,13,7.9258
7441,1.5303353,0.0230,11.0515,13,7.9334
7442,1.5304604,0.0154,11.0592,13,7.9258
7443,1.5305854,0.0230,11.0592,13,7.9258
7444,1.5307103,0.0230,11.0515,13,7.9258
7445,1.5308353,0.0230,11.0515,13,7.9334
7446,1.5309604,0.0154,11.0592,13,7.9258
7447,1.5310854,0.0230,11.0592,13,7.9258
7448,1.5312103,0.0230,11.0515,13,7.9334
7449,1.5313353,0.0230,11.0515,13,7.9334
7450,1.5314604,0.0154,11.0592,13,7.9258
7451,1.5315854,0.0230,11.0592,13,7.9258
7452,1.5317103,0.0230,11.0515,13,7.9334
7453,1.5318353,0.0230,11.0515,13,7.9334
7454,1.5319604,0.0154,11.0592,13,7.9258
7455,1.5320854,0.0230,11.0592,13,7.9258
7456,1.5322103,0.0230,11.0515,13,7.9334
7457,1.5323353,0.0230,11.0515,13,7.9334
7458,1.5324604,0.0154,11.0592,13,7.9258
7459,1.5325854,0.0230,11.0592,13,7.9258
7460,1.5327103,0.0230,11.0515,13,7.9334
7461,1.5328353,0.0230,11.0515,13,7.9334
7462,1.5329604,0.0154,11.0592,13,7.9258
7463,1.5330854,0.0230,11.0592,13,7.9258
7464,1.5332103,0.0230,11.0515,13,7.9334
7465,1.5333354,0.0154,11.0592,13,7.9258
7466,1.5334604,0.0154,11.0592,13,7.9258
7467,1.5335854,0.0230,11.0592,13,7.9258
7468,1.5337103,0.0230,11.0515,13,7.9334
7469,1.5338354,0.0154,11.0592,13,7.9258
7470,1.5339604,0.0154,11.0592,13,7.9258
7471,1.5340854,0.0230,11.0592,13,7.9258
7472,1.5342103,0.0230,11.0515,13,7.9334
7473,1.5343354,0.0154,11.0592,13,7.9258
7474,1.5344604,0.0154,11.0592,13,7.9258
7475,1.5345854,0.0230,11.0592,13,7.9258
7476,1.5347103,0.0230,11.0515,13,7.9334
7477,1.5348354,0.0154,11.0592,13,7.9258
7478,1.5349604,0.0154,11.0592,13,7.9258
7479,1.5350854,0.0230,11.0592,13,7.9258
7480,1.5352103,0.0230,11.0515,13,7.9334
7481,1.5353354,0.0154,11.0592,13,7.9258
7482,1.5354604,0.0154,11.0592,13,7.9258
7483,1.5355854,0.0230,11.0592,13,7.9258
7484,1.5357103,0.0230,11.0515,13,7.9334
7485,1.5358354,0.0154,11.0592,13,7.9258
7486,1.5359604,0.0154,11.0592,13,7.9258
7487,1.5360854,0.0230,11.0592,13,7.9258
7488,1.5362103,0.0230,11.0515,13,7.9334
7489,1.5363354,0.0154,11.0592,13,7.9258
7490,1.5364604,0.0230,11.0592,13,7.9258
7491,1.5365854,0.0230,11.0592,13,7.9258
7492,1.5367105,0.0154,11.0592,13,7.9258
7493,1.5368354,0.0154,11.0592,13,7.9258
7494,1.5369604,0.0230,11.0592,13,7.9258
7495,1.5370854,0.0230,11.0592,13,7.9258
7496,1.5372105,0.0154,11.0592,13,7.9258
7497,1.5373354,0.0154,11.0592,13,7.9258
7498,1.5374604,0.0230,11.0592,13,7.9258
7499,1.5375854,0.0230,11.0592,13,7.9258
7500,1.5377105,0.0154,11.0592,13,7.9258
7501,1.5378354,0.0154,11.0592,13,7.9258
7502,1.5379604,0.0230,11.0592,13,7.9258
7503,1.5380854,0.0230,11.0515,13,7.9258
7504,1.5382105,0.0154,11.0592,13,7.9258
7505,1.5383354,0.0154,11.0592,13,7.9258
7506,1.5384604,0.0230,11.0592,13,7.9258
7507,1.5385854,0.0230,11.0515,13,7.9258
7508,1.5387105,0.0154,11.0592,13,7.9258
7509,1.5388354,0.0154,11.0592,13,7.9258
7510,1.5389604,0.0230,11.0592,13,7.9258
7511,1.5390854,0.0230,11.0515,13,7.9334
7512,1.5392105,0.0154,11.0592,13,7.9258
7513,1.5393354,0.0154,11.0592,13,7.9258
7514,1.5394604,0.0230,11.0592,13,7.9258
7515,1.5395854,0.0230,11.0515,13,7.9334
7516,1.5397105,0.0154,11.0592,13,7.9258
7517,1.5398354,0.0154,11.0592,13,7.9258
7518,1.5399604,0.0230,11.0592,13,7.9258
7519,1.5400854,0.0230,11.0515,13,7.9334
7520,1.5402105,0.0154,11.0592,13,7.9258
7521,1.5403354,0.0154,11.0592,13,7.9258
7522,1.5404604,0.0230,11.0592,13,7.9258
7523,1.5405855,0.0154,11.0592,13,7.9258
7524,1.5407105,0.0154,11.0592,13,7.9258
7525,1.5408354,0.0154,11.0592,13,7.9258
7526,1.5409604,0.0230,11.0592,13,7.9258
7527,1.5410855,0.0154,11.0592,13,7.9258
7528,1.5412105,0.0154,11.0592,13,7.9258
7529,1.5413354,0.0154,11.0592,13,7.9258
7530,1.5414604,0.0230,11.0592,13,7.9258
7531,1.5415855,0.0154,11.0592,13,7.9258
7532,1.5417105,0.0154,11.0592,13,7.9258
7533,1.5418354,0.0154,11.0592,13,7.9258
7534,1.5419604,0.0230,11.0592,13,7.9258
7535,1.5420855,0.0154,11.0592,13,7.9258
7536,1.5422105,0.0154,11.0592,13,7.9258
7537,1.5423354,0.0154,11.0592,13,7.9258
7538,1.5424604,0.0230,11.0592,13,7.9258
7539,1.5425855,0.0154,11.0592,13,7.9258
7540,1.5427105,0.0154,11.0592,13,7.9258
7541,1.5428354,0.0154,11.0592,13,7.9258
7542,1.5429604,0.0230,11.0592,13,7.9258
7543,1.5430855,0.0154,11.0592,13,7.9258
7544,1.5432105,0.0154,11.0592,13,7.9258
7545,1.5433354,0.0154,11.0592,13,7.9258
7546,1.5434604,0.0230,11.0592,13,7.9258
7547,1.5435855,0.0154,11.0592,13,7.9258
7548,1.5437105,0.0154,11.0592,13,7.9258
7549,1.5438354,0.0154,11.0592,13,7.9258
7550,1.5439606,0.0154,11.0669,13,7.9181
7551,1.5440855,0.0154,11.0592,13,7.9258
7552,1.5442105,0.0154,11.0592,13,7.9258
7553,1.5443354,0.0230,11.0592,13,7.9258
7554,1.5444606,0.0154,11.0669,13,7.9181
7555,1.5445855,0.0154,11.0592,13,7.9258
7556,1.5447105,0.0154,11.0592,13,7.9258
7557,1.5448354,0.0230,11.0592,13,7.9258
7558,1.5449606,0.0154,11.0669,13,7.9181
7559,1.5450855,0.0154,11.0592,13,7.9258
7560,1.5452105,0.0154,11.0592,13,7.9258
7561,1.5453354,0.0230,11.0592,13,7.9258
7562,1.5454606,0.0154,11.0669,13,7.9181
7563,1.5455855,0.0154,11.0592,13,7.9258
7564,1.5457105,0.0154,11.0592,13,7.9258
7565,1.5458354,0.0230,11.0592,13,7.9258
7566,1.5459606,0.0154,11.0592,13,7.9181
7567,1.5460855,0.0154,11.0592,13,7.9258
7568,1.5462105,0.0154,11.0592,13,7.9258
7569,1.5463354,0.0230,11.0592,13,7.9258
7570,1.5464606,0.0154,11.0592,13,7.9181
7571,1.5465855,0.0154,11.0592,13,7.9258
7572,1.5467105,0.0154,11.0592,13,7.9258
7573,1.5468354,0.0230,11.0592,13,7.9258
7574,1.5469606,0.0154,11.0592,13,7.9258
7575,1.5470855,0.0154,11.0592,13,7.9258
7576,1.5472105,0.0154,11.0592,13,7.9258
7577,1.5473354,0.0230,11.0592,13,7.9258
7578,1.5474606,0.0154,11.0592,13,7.9258
7579,1.5475855,0.0154,11.0592,13,7.9258
7580,1.5477105,0.0154,11.0592,13,7.9258
7581,1.5478356,0.0154,11.0669,13,7.9181
7582,1.5479606,0.0154,11.0592,13,7.9258
7583,1.5480855,0.0154,11.0592,13,7.9258
7584,1.5482105,0.0154,11.0592,13,7.9258
7585,1.5483356,0.0154,11.0669,13,7.9181
7586,1.5484606,0.0154,11.0592,13,7.9258
7587,1.5485855,0.0154,11.0592,13,7.9258
7588,1.5487105,0.0154,11.0592,13,7.9258
7589,1.5488356,0.0154,11.0669,13,7.9181
7590,1.5489606,0.0154,11.0592,13,7.9258
7591,1.5490855,0.0154,11.0592,13,7.9258
7592,1.5492105,0.0154,11.0592,13,7.9258
7593,1.5493356,0.0154,11.0669,13,7.9181
7594,1.5494606,0.0154,11.0592,13,7.9258
7595,1.5495855,0.0154,11.0592,13,7.9258
7596,1.5497105,0.0154,11.0592,13,7.9258
7597,1.5498356,0.0154,11.0669,13,7.9181
7598,1.5499606,0.0154,11.0592,13,7.9258
7599,1.5500855,0.0154,11.0592,13,7.9258
7600,1.5502105,0.0154,11.0592,13,7.9258
7601,1.5503356,0.0154,11.0669,13,7.9181
7602,1.5504606,0.0154,11.0592,13,7.9258
7603,1.5505855,0.0154,11.0592,13,7.9258
7604,1.5507105,0.0154,11.0592,13,7.9258
7605,1.5508356,0.0154,11.0669,13,7.9181
7606,1.5509606,0.0154,11.0592,13,7.9258
7607,1.5510855,0.0154,11.0592,13,7.9258
7608,1.5512106,0.0077,11.0669,13,7.9181
7609,1.5513356,0.0154,11.0669,13,7.9181
7610,1.5514606,0.0154,11.0592,13,7.9258
7611,1.5515855,0.0154,11.0592,13,7.9258
7612,1.5517106,0.0077,11.0669,13,7.9181
7613,1.5518356,0.0154,11.0669,13,7.9181
7614,1.5519606,0.0154,11.0592,13,7.9258
7615,1.5520855,0.0154,11.0592,13,7.9258
7616,1.5522106,0.0154,11.0669,13,7.9181
7617,1.5523356,0.0154,11.0669,13,7.9181
7618,1.5524606,0.0154,11.0592,13,7.9258
7619,1.5525855,0.0154,11.0592,13,7.9258
7620,1.5527106,0.0154,11.0669,13,7.9181
7621,1.5528356,0.0154,11.0669,13,7.9181
7622,1.5529606,0.0154,11.0592,13,7.9258
7623,1.5530855,0.0154,11.0592,13,7.9258
7624,1.5532106,0.0154,11.0669,13,7.9181
7625,1.5533356,0.0154,11.0669,13,7.9181
7626,1.5534606,0.0154,11.0592,13,7.9258
7627,1.5535855,0.0154,11.0592,13,7.9258
7628,1.5537106,0.0154,11.0669,13,7.9181
7629,1.5538356,0.0154,11.0592,13,7.9181
7630,1.5539606,0.0154,11.0592,13,7.9258
7631,1.5540855,0.0154,11.0592,13,7.9258
7632,1.5542106,0.0154,11.0669,13,7.9181
7633,1.5543356,0.0154,11.0592,13,7.9181
7634,1.5544606,0.0154,11.0592,13,7.9258
7635,1.5545855,0.0154,11.0592,13,7.9258
7636,1.5547106,0.0154,11.0669,13,7.9181
7637,1.5548356,0.0154,11.0592,13,7.9258
7638,1.5549606,0.0154,11.0592,13,7.9258
7639,1.5550857,0.0077,11.0669,13,7.9181
7640,1.5552106,0.0154,11.0669,13,7.9181
7641,1.5553356,0.0154,11.0592,13,7.9258
7642,1.5554606,0.0154,11.0592,13,7.9258
7643,1.5555857,0.0077,11.0669,13,7.9181
7644,1.5557106,0.0154,11.0669,13,7.9181
7645,1.5558356,0.0154,11.0592,13,7.9258
7646,1.5559606,0.0154,11.0592,13,7.9258
7647,1.5560857,0.0077,11.0669,13,7.9181
7648,1.5562106,0.0154,11.0669,13,7.9181
7649,1.5563356,0.0154,11.0592,13,7.9258
7650,1.5564606,0.0154,11.0592,13,7.9258
7651,1.5565857,0.0077,11.0669,13,7.9181
7652,1.5567106,0.0154,11.0669,13,7.9181
7653,1.5568356,0.0154,11.0592,13,7.9258
7654,1.5569606,0.0154,11.0592,13,7.9258
7655,1.5570857,0.0077,11.0669,13,7.9181
7656,1.5572106,0.0154,11.0669,13,7.9181
7657,1.5573356,0.0154,11.0592,13,7.9258
7658,1.5574606,0.0154,11.0592,13,7.9258
7659,1.5575857,0.0077,11.0669,13,7.9181
7660,1.5577106,0.0154,11.0669,13,7.9181
7661,1.5578356,0.0154,11.0592,13,7.9258
7662,1.5579606,0.0154,11.0592,13,7.9258
7663,1.5580857,0.0077,11.0669,13,7.9181
7664,1.5582106,0.0154,11.0669,13,7.9181
7665,1.5583356,0.0154,11.0592,13,7.9258
7666,1.5584607,0.0077,11.0669,13,7.9181
7667,1.5585857,0.0077,11.0669,13,7.9181
7668,1.5587106,0.0154,11.0669,13,7.9181
7669,1.5588356,0.0154,11.0592,13,7.9258
7670,1.5589607,0.0077,11.0669,13,7.9181
7671,1.5590857,0.0077,11.0669,13,7.9181
7672,1.5592106,0.0154,11.0669,13,7.9181
7673,1.5593356,0.0154,11.0592,13,7.9258
7674,1.5594607,0.0077,11.0669,13,7.9181
7675,1.5595857,0.0077,11.0669,13,7.9181
7676,1.5597106,0.0154,11.0669,13,7.9181
7677,1.5598356,0.0154,11.0592,13,7.9258
7678,1.5599607,0.0077,11.0669,13,7.9181
7679,1.5600857,0.0154,11.0669,13,7.9181
7680,1.5602106,0.0154,11.0669,13,7.9181
7681,1.5603356,0.0154,11.0592,13,7.9258
7682,1.5604607,0.0077,11.0669,13,7.9181
7683,1.5605857,0.0154,11.0669,13,7.9181
7684,1.5607106,0.0154,11.0669,13,7.9181
7685,1.5608356,0.0154,11.0592,13,7.9258
7686,1.5609607,0.0077,11.0669,13,7.9181
7687,1.5610857,0.0154,11.0669,13,7.9181
7688,1.5612106,0.0154,11.0669,13,7.9181
7689,1.5613356,0.0154,11.0592,13,7.9258
7690,1.5614607,0.0077,11.0669,13,7.9181
7691,1.5615857,0.0154,11.0669,13,7.9181
7692,1.5617106,0.0154,11.0592,13,7.9181
7693,1.5618356,0.0154,11.0592,13,7.9258
7694,1.5619607,0.0077,11.0669,13,7.9181
7695,1.5620857,0.0154,11.0669,13,7.9181
7696,1.5622106,0.0154,11.0592,13,7.9181
7697,1.5623358,0.0077,11.0669,13,7.9181
7698,1.5624607,0.0077,11.0669,13,7.9181
7699,1.5625857,0.0154,11.0669,13,7.9181
7700,1.5627106,0.0154,11.0592,13,7.9258
7701,1.5628358,0.0077,11.0669,13,7.9181
7702,1.5629607,0.0077,11.0669,13,7.9181
7703,1.5630857,0.0154,11.0669,13,7.9181
7704,1.5632106,0.0154,11.0592,13,7.9258
7705,1.5633358,0.0077,11.0669,13,7.9181
7706,1.5634607,0.0077,11.0669,13,7.9181
7707,1.5635857,0.0154,11.0669,13,7.9181
7708,1.5637106,0.0154,11.0592,13,7.9258
7709,1.5638358,0.0077,11.0669,13,7.9181
7710,1.5639607,0.0077,11.0669,13,7.9181
7711,1.5640857,0.0154,11.0669,13,7.9181
7712,1.5642106,0.0154,11.0592,13,7.9258
7713,1.5643358,0.0077,11.0669,13,7.9181
7714,1.5644607,0.0077,11.0669,13,7.9181
7715,1.5645857,0.0154,11.0669,13,7.9181
7716,1.5647106,0.0154,11.0592,13,7.9258
7717,1.5648358,0.0077,11.0669,13,7.9181
7718,1.5649607,0.0077,11.0669,13,7.9181
7719,1.5650857,0.0154,11.0669,13,7.9181
7720,1.5652106,0.0154,11.0592,13,7.9258
7721,1.5653358,0.0077,11.0669,13,7.9181
7722,1.5654607,0.0077,11.0669,13,7.9181
7723,1.5655857,0.0154,11.0669,13,7.9181
7724,1.5657106,0.0154,11.0592,13,7.9258
7725,1.5658358,0.0077,11.0669,13,7.9181
7726,1.5659607,0.0077,11.0669,13,7.9181
7727,1.5660857,0.0154,11.0669,13,7.9181
7728,1.5662108,0.0077,11.0669,13,7.9181
7729,1.5663358,0.0077,11.0669,13,7.9181
7730,1.5664607,0.0077,11.0669,13,7.9181
7731,1.5665857,0.0154,11.0669,13,7.9181
7732,1.5667108,0.0077,11.0669,13,7.9181
7733,1.5668358,0.0077,11.0669,13,7.9181
7734,1.5669607,0.0077,11.0669,13,7.9181
7735,1.5670857,0.0154,11.0669,13,7.9181
7736,1.5672108,0.0077,11.0669,13,7.9181
7737,1.5673358,0.0077,11.0669,13,7.9181
7738,1.5674607,0.0077,11.0669,13,7.9181
7739,1.5675857,0.0154,11.0669,13,7.9181
7740,1.5677108,0.0077,11.0669,13,7.9181
7741,1.5678358,0.0077,11.0669,13,7.9181
7742,1.5679607,0.0154,11.0669,13,7.9181
7743,1.5680857,0.0154,11.0669,13,7.9181
7744,1.5682108,0.0077,11.0669,13,7.9181
7745,1.5683358,0.0077,11.0669,13,7.9181
7746,1.5684607,0.0154,11.0669,13,7.9181
7747,1.5685857,0.0154,11.0669,13,7.9181
7748,1.5687108,0.0077,11.0669,13,7.9181
7749,1.5688358,0.0077,11.0669,13,7.9181
7750,1.5689607,0.0154,11.0669,13,7.9181
7751,1.5690857,0.0154,11.0669,13,7.9181
7752,1.5692108,0.0077,11.0669,13,7.9181
7753,1.5693358,0.0077,11.0669,13,7.9181
7754,1.5694607,0.0154,11.0669,13,7.9181
7755,1.5695858,0.0077,11.0669,13,7.9104
7756,1.5697108,0.0077,11.0669,13,7.9181
7757,1.5698358,0.0077,11.0669,13,7.9181
7758,1.5699607,0.0154,11.0669,13,7.9181
7759,1.5700858,0.0077,11.0669,13,7.9104
7760,1.5702108,0.0077,11.0669,13,7.9181
7761,1.5703358,0.0077,11.0669,13,7.9181
7762,1.5704607,0.0154,11.0669,13,7.9181
7763,1.5705858,0.0077,11.0669,13,7.9181
7764,1.5707108,0.0077,11.0669,13,7.9181
7765,1.5708358,0.0077,11.0669,13,7.9181
7766,1.5709607,0.0154,11.0669,13,7.9181
7767,1.5710858,0.0077,11.0669,13,7.9181
7768,1.5712108,0.0077,11.0669,13,7.9181
7769,1.5713358,0.0077,11.0669,13,7.9181
7770,1.5714607,0.0154,11.0669,13,7.9181
7771,1.5715858,0.0077,11.0669,13,7.9181
7772,1.5717108,0.0077,11.0669,13,7.9181
7773,1.5718358,0.0077,11.0669,13,7.9181
7774,1.5719607,0.0154,11.0669,13,7.9181
7775,1.5720858,0.0077,11.0669,13,7.9181
7776,1.5722108,0.0077,11.0669,13,7.9181
7777,1.5723358,0.0077,11.0669,13,7.9181
7778,1.5724607,0.0154,11.0669,13,7.9181
7779,1.5725858,0.0077,11.0669,13,7.9181
7780,1.5727108,0.0077,11.0669,13,7.9181
7781,1.5728358,0.0077,11.0669,13,7.9181
7782,1.5729607,0.0154,11.0669,13,7.9181
7783,1.5730858,0.0077,11.0669,13,7.9181
7784,1.5732108,0.0077,11.0669,13,7.9181
7785,1.5733358,0.0077,11.0669,13,7.9181
7786,1.5734609,0.0077,11.0746,13,7.9104
7787,1.5735858,0.0077,11.0669,13,7.9181
7788,1.5737108,0.0077,11.0669,13,7.9181
7789,1.5738358,0.0077,11.0669,13,7.9181
7790,1.5739609,0.0077,11.0746,13,7.9104
7791,1.5740858,0.0077,11.0669,13,7.9181
7792,1.5742108,0.0077,11.0669,13,7.9181
7793,1.5743358,0.0077,11.0669,13,7.9181
7794,1.5744609,0.0077,11.0746,13,7.9104
7795,1.5745858,0.0077,11.0669,13,7.9181
7796,1.5747108,0.0077,11.0669,13,7.9181
7797,1.5748358,0.0077,11.0669,13,7.9181
7798,1.5749609,0.0077,11.0746,13,7.9104
7799,1.5750858,0.0077,11.0669,13,7.9181
7800,1.5752108,0.0077,11.0669,13,7.9181
7801,1.5753358,0.0077,11.0669,13,7.9181
7802,1.5754609,0.0077,11.0746,13,7.9104
7803,1.5755858,0.0077,11.0669,13,7.9181
7804,1.5757108,0.0077,11.0669,13,7.9181
7805,1.5758358,0.0154,11.0669,13,7.9181
7806,1.5759609,0.0077,11.0746,13,7.9104
7807,1.5760858,0.0077,11.0669,13,7.9181
7808,1.5762108,0.0077,11.0669,13,7.9181
7809,1.5763358,0.0154,11.0669,13,7.9181
7810,1.5764609,0.0077,11.0746,13,7.9104
7811,1.5765858,0.0077,11.0669,13,7.9181
7812,1.5767108,0.0077,11.0669,13,7.9181
7813,1.5768359,0.0077,11.0746,13,7.9104
7814,1.5769609,0.0077,11.0746,13,7.9104
7815,1.5770858,0.0077,11.0669,13,7.9181
7816,1.5772108,0.0077,11.0669,13,7.9181
7817,1.5773359,0.0077,11.0746,13,7.9104
7818,1.5774609,0.0077,11.0669,13,7.9104
7819,1.5775858,0.0077,11.0669,13,7.9181
7820,1.5777108,0.0077,11.0669,13,7.9181
7821,1.5778359,0.0077,11.0746,13,7.9104
7822,1.5779609,0.0077,11.0669,13,7.9181
7823,1.5780858,0.0077,11.0669,13,7.9181
7824,1.5782108,0.0077,11.0669,13,7.9181
7825,1.5783359,0.0077,11.0746,13,7.9104
7826,1.5784609,0.0077,11.0669,13,7.9181
7827,1.5785858,0.0077,11.0669,13,7.9181
7828,1.5787108,0.0077,11.0669,13,7.9181
7829,1.5788359,0.0077,11.0746,13,7.9104
7830,1.5789609,0.0077,11.0669,13,7.9181
7831,1.5790858,0.0077,11.0669,13,7.9181
7832,1.5792108,0.0077,11.0669,13,7.9181
7833,1.5793359,0.0077,11.0746,13,7.9104
7834,1.5794609,0.0077,11.0669,13,7.9181
7835,1.5795858,0.0077,11.0669,13,7.9181
7836,1.5797108,0.0077,11.0669,13,7.9181
7837,1.5798359,0.0077,11.0746,13,7.9104
7838,1.5799609,0.0077,11.0669,13,7.9181
7839,1.5800858,0.0077,11.0669,13,7.9181
7840,1.5802108,0.0077,11.0669,13,7.9181
7841,1.5803359,0.0077,11.0746,13,7.9104
7842,1.5804609,0.0077,11.0669,13,7.9181
7843,1.5805858,0.0077,11.0669,13,7.9181
7844,1.5807110,1.0061,11.0746,13,7.9104
7845,1.5808359,1.0061,11.0746,13,7.9104
7846,1.5809609,1.0061,10.0685,13,7.9181
7847,1.5810858,1.0061,10.0685,13,7.9181
7848,1.5812110,1.0061,10.0762,13,7.9104
7849,1.5813359,1.0061,10.0685,13,7.9104
7850,1.5814609,1.0061,10.0685,13,7.9181
7851,1.5815858,1.0061,10.0685,13,7.9181
7852,1.5817110,1.0061,10.0762,13,7.9104
7853,1.5818359,1.0061,10.0685,13,7.9104
7854,1.5819609,1.0061,10.0685,13,7.9181
7855,1.5820858,1.0061,10.0685,13,7.9181
7856,1.5822110,1.0061,10.0762,13,7.9104
7857,1.5823359,1.0061,10.0685,13,7.9104
7858,1.5824609,1.0061,10.0685,13,7.9181
7859,1.5825858,1.0061,10.0685,13,7.9181
7860,1.5827110,1.0061,10.0762,13,7.9104
7861,1.5828359,1.0061,10.0685,13,7.9104
7862,1.5829609,1.0061,10.0685,13,7.9181
7863,1.5830858,1.0061,10.0685,13,7.9181
7864,1.5832110,1.0061,10.0762,13,7.9104
7865,1.5833359,1.0061,10.0685,13,7.9104
7866,1.5834609,1.0061,10.0685,13,7.9181
7867,1.5835858,1.0061,10.0685,13,7.9181
7868,1.5837110,1.0061,10.0762,13,7.9104
7869,1.5838359,1.0061,10.0685,13,7.9104
7870,1.5839609,1.0061,10.0685,13,7.9181
7871,1.5840860,0.9984,10.0762,13,7.9104
7872,1.5842110,1.0061,10.0762,13,7.9104
7873,1.5843359,1.0061,10.0685,13,7.9104
7874,1.5844609,1.0061,10.0685,13,7.9181
7875,1.5845860,1.0061,10.0762,13,7.9104
7876,1.5847110,1.0061,10.0762,13,7.9104
7877,1.5848359,1.0061,10.0685,13,7.9104
7878,1.5849609,1.0061,10.0685,13,7.9181
7879,1.5850860,1.0061,10.0762,13,7.9104
7880,1.5852110,1.0061,10.0762,13,7.9104
7881,1.5853359,1.0061,10.0685,13,7.9104
7882,1.5854609,1.0061,10.0685,13,7.9181
7883,1.5855860,1.0061,10.0762,13,7.9104
7884,1.5857110,1.0061,10.0762,13,7.9104
7885,1.5858359,1.0061,10.0685,13,7.9181
7886,1.5859609,1.0061,10.0685,13,7.9181
7887,1.5860860,1.0061,10.0762,13,7.9104
7888,1.5862110,1.0061,10.0685,13,7.9104
7889,1.5863359,1.0061,10.0685,13,7.9181
7890,1.5864609,1.0061,10.0685,13,7.9181
7891,1.5865860,1.0061,10.0762,13,7.9104
7892,1.5867110,1.0061,10.0685,13,7.9104
7893,1.5868359,1.0061,10.0685,13,7.9181
7894,1.5869609,1.0061,10.0685,13,7.9181
7895,1.5870860,1.0061,10.0762,13,7.9104
7896,1.5872110,1.0061,10.0685,13,7.9104
7897,1.5873359,1.0061,10.0685,13,7.9181
7898,1.5874609,1.0061,10.0685,13,7.9181
7899,1.5875860,1.0061,10.0762,13,7.9104
7900,1.5877110,1.0061,10.0685,13,7.9104
7901,1.5878359,1.0061,10.0685,13,7.9181
7902,1.5879610,0.9984,10.0762,13,7.9104
7903,1.5880860,1.0061,10.0762,13,7.9104
7904,1.5882110,1.0061,10.0685,13,7.9104
7905,1.5883359,1.0061,10.0685,13,7.9181
7906,1.5884610,0.9984,10.0762,13,7.9104
7907,1.5885860,1.0061,10.0762,13,7.9104
7908,1.5887110,1.0061,10.0685,13,7.9104
7909,1.5888359,1.0061,10.0685,13,7.9181
7910,1.5889610,0.9984,10.0762,13,7.9104
7911,1.5890860,1.0061,10.0762,13,7.9104
7912,1.5892110,1.0061,10.0685,13,7.9104
7913,1.5893359,1.0061,10.0685,13,7.9181
7914,1.5894610,0.9984,10.0762,13,7.9104
7915,1.5895860,1.0061,10.0762,13,7.9104
7916,1.5897110,1.0061,10.0685,13,7.9104
7917,1.5898359,1.0061,10.0685,13,7.9181
7918,1.5899610,0.9984,10.0762,13,7.9104
7919,1.5900860,1.0061,10.0762,13,7.9104
7920,1.5902110,1.0061,10.0685,13,7.9104
7921,1.5903359,1.0061,10.0685,13,7.9181
7922,1.5904610,0.9984,10.0762,13,7.9104
7923,1.5905860,1.0061,10.0762,13,7.9104
7924,1.5907110,1.0061,10.0685,13,7.9104
7925,1.5908359,1.0061,10.0685,13,7.9181
7926,1.5909610,0.9984,10.0762,13,7.9104
7927,1.5910860,1.0061,10.0762,13,7.9104
7928,1.5912110,1.0061,10.0685,13,7.9104
7929,1.5913361,0.9984,10.0762,13,7.9104
7930,1.5914610,0.9984,10.0762,13,7.9104
7931,1.5915860,1.0061,10.0762,13,7.9104
7932,1.5917110,1.0061,10.0685,13,7.9104
7933,1.5918361,0.9984,10.0762,13,7.9104
7934,1.5919610,0.9984,10.0762,13,7.9104
7935,1.5920860,1.0061,10.0762,13,7.9104
7936,1.5922110,1.0061,10.0685,13,7.9104
7937,1.5923361,0.9984,10.0762,13,7.9104
7938,1.5924610,1.0061,10.0762,13,7.9104
7939,1.5925860,1.0061,10.0762,13,7.9104
7940,1.5927110,1.0061,10.0685,13,7.9104
7941,1.5928361,0.9984,10.0762,13,7.9104
7942,1.5929610,1.0061,10.0762,13,7.9104
7943,1.5930860,1.0061,10.0762,13,7.9104
7944,1.5932110,1.0061,10.0685,13,7.9104
7945,1.5933361,0.9984,10.0762,13,7.9104
7946,1.5934610,1.0061,10.0762,13,7.9104
7947,1.5935860,1.0061,10.0762,13,7.9104
7948,1.5937110,1.0061,10.0685,13,7.9181
7949,1.5938361,0.9984,10.0762,13,7.9104
7950,1.5939610,1.0061,10.0762,13,7.9104
7951,1.5940860,1.0061,10.0685,13,7.9104
7952,1.5942110,1.0061,10.0685,13,7.9181
7953,1.5943361,0.9984,10.0762,13,7.9104
7954,1.5944610,1.0061,10.0762,13,7.9104
7955,1.5945860,1.0061,10.0685,13,7.9104
7956,1.5947110,1.0061,10.0685,13,7.9181
7957,1.5948361,0.9984,10.0762,13,7.9104
7958,1.5949610,1.0061,10.0762,13,7.9104
7959,1.5950860,1.0061,10.0685,13,7.9104
7960,1.5952111,0.9984,10.0762,13,7.9104
7961,1.5953361,0.9984,10.0762,13,7.9104
7962,1.5954610,1.0061,10.0762,13,7.9104
7963,1.5955860,1.0061,10.0685,13,7.9104
7964,1.5957111,0.9984,10.0762,13,7.9104
7965,1.5958361,0.9984,10.0762,13,7.9104
7966,1.5959610,1.0061,10.0762,13,7.9104
7967,1.5960860,1.0061,10.0685,13,7.9104
7968,1.5962111,0.9984,10.0762,13,7.9104
7969,1.5963361,0.9984,10.0762,13,7.9104
7970,1.5964610,1.0061,10.0762,13,7.9104
7971,1.5965860,1.0061,10.0685,13,7.9104
7972,1.5967111,0.9984,10.0762,13,7.9104
7973,1.5968361,0.9984,10.0762,13,7.9104
7974,1.5969610,1.0061,10.0762,13,7.9104
7975,1.5970860,1.0061,10.0685,13,7.9104
7976,1.5972111,0.9984,10.0762,13,7.9104
7977,1.5973361,0.9984,10.0762,13,7.9104
7978,1.5974610,1.0061,10.0762,13,7.9104
7979,1.5975860,1.0061,10.0685,13,7.9104
7980,1.5977111,0.9984,10.0762,13,7.9104
7981,1.5978361,0.9984,10.0762,13,7.9104
7982,1.5979610,1.0061,10.0762,13,7.9104
7983,1.5980860,1.0061,10.0685,13,7.9104
7984,1.5982111,0.9984,10.0762,13,7.9104
7985,1.5983361,0.9984,10.0762,13,7.9104
7986,1.5984610,1.0061,10.0762,13,7.9104
7987,1.5985862,0.9984,10.0762,13,7.9027
7988,1.5987111,0.9984,10.0762,13,7.9104
7989,1.5988361,0.9984,10.0762,13,7.9104
7990,1.5989610,1.0061,10.0762,13,7.9104
7991,1.5990862,0.9984,10.0762,13,7.9027
7992,1.5992111,0.9984,10.0762,13,7.9104
7993,1.5993361,0.9984,10.0762,13,7.9104
7994,1.5994610,1.0061,10.0762,13,7.9104
7995,1.5995862,0.9984,10.0762,13,7.9027
7996,1.5997111,0.9984,10.0762,13,7.9104
7997,1.5998361,0.9984,10.0762,13,7.9104
7998,1.5999610,1.0061,10.0762,13,7.9104
7999,1.6000862,0.9984,10.0762,13,7.9027
8000,1.6002111,0.9984,10.0762,13,7.9104
8001,1.6003361,1.0061,10.0762,13,7.9104
8002,1.6004610,1.0061,10.0762,13,7.9104
8003,1.6005862,0.9984,10.0762,13,7.9027
8004,1.6007111,0.9984,10.0762,13,7.9104
8005,1.6008361,1.0061,10.0762,13,7.9104
8006,1.6009610,1.0061,10.0762,13,7.9104
8007,1.6010862,0.9984,10.0762,13,7.9027
8008,1.6012111,0.9984,10.0762,13,7.9104
8009,1.6013361,1.0061,10.0762,13,7.9104
8010,1.6014610,1.0061,10.0762,13,7.9104
8011,1.6015862,0.9984,10.0762,13,7.9104
8012,1.6017111,0.9984,10.0762,13,7.9104
8013,1.6018361,1.0061,10.0762,13,7.9104
8014,1.6019610,1.0061,10.0685,13,7.9104
8015,1.6020862,0.9984,10.0762,13,7.9104
8016,1.6022111,0.9984,10.0762,13,7.9104
8017,1.6023361,1.0061,10.0762,13,7.9104
8018,1.6024612,0.9984,10.0762,13,7.9027
8019,1.6025862,0.9984,10.0762,13,7.9104
8020,1.6027111,0.9984,10.0762,13,7.9104
8021,1.6028361,1.0061,10.0762,13,7.9104
8022,1.6029612,0.9984,10.0762,13,7.9027
8023,1.6030862,0.9984,10.0762,13,7.9104
8024,1.6032111,0.9984,10.0762,13,7.9104
8025,1.6033361,1.0061,10.0762,13,7.9104
8026,1.6034612,0.9984,10.0762,13,7.9027
8027,1.6035862,0.9984,10.0762,13,7.9104
8028,1.6037111,0.9984,10.0762,13,7.9104
8029,1.6038361,1.0061,10.0762,13,7.9104
8030,1.6039612,0.9984,10.0762,13,7.9027
8031,1.6040862,0.9984,10.0762,13,7.9104
8032,1.6042111,0.9984,10.0762,13,7.9104
8033,1.6043361,1.0061,10.0762,13,7.9104
8034,1.6044612,0.9984,10.0762,13,7.9027
8035,1.6045862,0.9984,10.0762,13,7.9104
8036,1.6047111,0.9984,10.0762,13,7.9104
8037,1.6048361,1.0061,10.0762,13,7.9104
8038,1.6049612,0.9984,10.0762,13,7.9027
8039,1.6050862,0.9984,10.0762,13,7.9104
8040,1.6052111,0.9984,10.0762,13,7.9104
8041,1.6053361,1.0061,10.0762,13,7.9104
8042,1.6054612,0.9984,10.0762,13,7.9027
8043,1.6055862,0.9984,10.0762,13,7.9104
8044,1.6057111,0.9984,10.0762,13,7.9104
8045,1.6058362,0.9984,10.0838,13,7.9027
8046,1.6059612,0.9984,10.0762,13,7.9027
8047,1.6060862,0.9984,10.0762,13,7.9104
8048,1.6062111,0.9984,10.0762,13,7.9104
8049,1.6063362,0.9984,10.0838,13,7.9027
8050,1.6064612,0.9984,10.0762,13,7.9027
8051,1.6065862,0.9984,10.0762,13,7.9104
8052,1.6067111,0.9984,10.0762,13,7.9104
8053,1.6068362,0.9984,10.0838,13,7.9027
8054,1.6069612,0.9984,10.0762,13,7.9027
8055,1.6070862,0.9984,10.0762,13,7.9104
8056,1.6072111,0.9984,10.0762,13,7.9104
8057,1.6073362,0.9984,10.0838,13,7.9027
8058,1.6074612,0.9984,10.0762,13,7.9027
8059,1.6075862,0.9984,10.0762,13,7.9104
8060,1.6077111,0.9984,10.0762,13,7.9104
8061,1.6078362,0.9984,10.0838,13,7.9027
8062,1.6079612,0.9984,10.0762,13,7.9027
8063,1.6080862,0.9984,10.0762,13,7.9104
8064,1.6082111,1.0061,10.0762,13,7.9104
8065,1.6083362,0.9984,10.0838,13,7.9027
8066,1.6084612,0.9984,10.0762,13,7.9027
8067,1.6085862,0.9984,10.0762,13,7.9104
8068,1.6087111,1.0061,10.0762,13,7.9104
8069,1.6088362,0.9984,10.0838,13,7.9027
8070,1.6089612,0.9984,10.0762,13,7.9027
8071,1.6090862,0.9984,10.0762,13,7.9104
8072,1.6092111,1.0061,10.0762,13,7.9104
8073,1.6093362,0.9984,10.0838,13,7.9027
8074,1.6094612,0.9984,10.0762,13,7.9104
8075,1.6095862,0.9984,10.0762,13,7.9104
8076,1.6097113,0.9984,10.0838,13,7.9027
8077,1.6098362,0.9984,10.0762,13,7.9027
8078,1.6099612,0.9984,10.0762,13,7.9104
8079,1.6100862,0.9984,10.0762,13,7.9104
8080,1.6102113,0.9984,10.0838,13,7.9027
8081,1.6103362,0.9984,10.0762,13,7.9027
8082,1.6104612,0.9984,10.0762,13,7.9104
8083,1.6105862,0.9984,10.0762,13,7.9104
8084,1.6107113,0.9984,10.0838,13,7.9027
8085,1.6108362,0.9984,10.0762,13,7.9027
8086,1.6109612,0.9984,10.0762,13,7.9104
8087,1.6110862,0.9984,10.0762,13,7.9104
8088,1.6112113,0.9984,10.0838,13,7.9027
8089,1.6113362,0.9984,10.0762,13,7.9027
8090,1.6114612,0.9984,10.0762,13,7.9104
8091,1.6115862,0.9984,10.0762,13,7.9104
8092,1.6117113,0.9984,10.0838,13,7.9027
8093,1.6118362,0.9984,10.0762,13,7.9027
8094,1.6119612,0.9984,10.0762,13,7.9104
8095,1.6120862,0.9984,10.0762,13,7.9104
8096,1.6122113,0.9984,10.0838,13,7.9027
8097,1.6123362,0.9984,10.0762,13,7.9027
8098,1.6124612,0.9984,10.0762,13,7.9104
8099,1.6125862,0.9984,10.0762,13,7.9104
8100,1.6127113,0.9984,10.0838,13,7.9027
8101,1.6128362,0.9984,10.0762,13,7.9027
8102,1.6129612,0.9984,10.0762,13,7.9104
8103,1.6130863,0.9907,10.0838,13,7.9027
8104,1.6132113,0.9984,10.0838,13,7.9027
8105,1.6133362,0.9984,10.0762,13,7.9027
8106,1.6134612,0.9984,10.0762,13,7.9104
8107,1.6135863,0.9907,10.0838,13,7.9027
8108,1.6137113,0.9984,10.0838,13,7.9027
8109,1.6138362,0.9984,10.0762,13,7.9027
8110,1.6139612,0.9984,10.0762,13,7.9104
8111,1.6140863,0.9907,10.0838,13,7.9027
8112,1.6142113,0.9984,10.0838,13,7.9027
8113,1.6143362,0.9984,10.0762,13,7.9027
8114,1.6144612,0.9984,10.0762,13,7.9104
8115,1.6145863,0.9907,10.0838,13,7.9027
8116,1.6147113,0.9984,10.0838,13,7.9027
8117,1.6148362,0.9984,10.0762,13,7.9027
8118,1.6149612,0.9984,10.0762,13,7.9104
8119,1.6150863,0.9907,10.0838,13,7.9027
8120,1.6152113,0.9984,10.0838,13,7.9027
8121,1.6153362,0.9984,10.0762,13,7.9027
8122,1.6154612,0.9984,10.0762,13,7.9104
8123,1.6155863,0.9907,10.0838,13,7.9027
8124,1.6157113,0.9984,10.0838,13,7.9027
8125,1.6158362,0.9984,10.0762,13,7.9027
8126,1.6159612,0.9984,10.0762,13,7.9104
8127,1.6160863,0.9984,10.0838,13,7.9027
8128,1.6162113,0.9984,10.0838,13,7.9027
8129,1.6163362,0.9984,10.0762,13,7.9027
8130,1.6164612,0.9984,10.0762,13,7.9104
8131,1.6165863,0.9984,10.0838,13,7.9027
8132,1.6167113,0.9984,10.0838,13,7.9027
8133,1.6168362,0.9984,10.0762,13,7.9027
8134,1.6169614,0.9907,10.0838,13,7.9027
8135,1.6170863,0.9984,10.0838,13,7.9027
8136,1.6172113,0.9984,10.0838,13,7.9027
8137,1.6173362,0.9984,10.0762,13,7.9104
8138,1.6174614,0.9907,10.0838,13,7.9027
8139,1.6175863,0.9984,10.0838,13,7.9027
8140,1.6177113,0.9984,10.0762,13,7.9027
8141,1.6178362,0.9984,10.0762,13,7.9104
8142,1.6179614,0.9907,10.0838,13,7.9027
8143,1.6180863,0.9984,10.0838,13,7.9027
8144,1.6182113,0.9984,10.0762,13,7.9027
8145,1.6183362,0.9984,10.0762,13,7.9104
8146,1.6184614,0.9907,10.0838,13,7.9027
8147,1.6185863,0.9984,10.0838,13,7.9027
8148,1.6187113,0.9984,10.0762,13,7.9027
8149,1.6188362,0.9984,10.0762,13,7.9104
8150,1.6189614,0.9907,10.0838,13,7.9027
8151,1.6190863,0.9984,10.0838,13,7.9027
8152,1.6192113,0.9984,10.0762,13,7.9027
8153,1.6193362,0.9984,10.0762,13,7.9104
8154,1.6194614,0.9907,10.0838,13,7.9027
8155,1.6195863,0.9984,10.0838,13,7.9027
8156,1.6197113,0.9984,10.0762,13,7.9027
8157,1.6198362,0.9984,10.0762,13,7.9104
8158,1.6199614,0.9907,10.0838,13,7.9027
8159,1.6200863,0.9984,10.0838,13,7.9027
8160,1.6202113,0.9984,10.0762,13,7.9027
8161,1.6203364,0.9907,10.0838,13,7.9027
8162,1.6204614,0.9907,10.0838,13,7.9027
8163,1.6205863,0.9984,10.0838,13,7.9027
8164,1.6207113,0.9984,10.0762,13,7.9027
8165,1.6208364,0.9907,10.0838,13,7.9027
8166,1.6209614,0.9907,10.0838,13,7.9027
8167,1.6210863,0.9984,10.0838,13,7.9027
8168,1.6212113,0.9984,10.0762,13,7.9027
8169,1.6213364,0.9907,10.0838,13,7.9027
8170,1.6214614,0.9907,10.0838,13,7.9027
8171,1.6215863,0.9984,10.0838,13,7.9027
8172,1.6217113,0.9984,10.0762,13,7.9027
8173,1.6218364,0.9907,10.0838,13,7.9027
8174,1.6219614,0.9907,10.0838,13,7.9027
8175,1.6220863,0.9984,10.0838,13,7.9027
8176,1.6222113,0.9984,10.0762,13,7.9027
8177,1.6223364,0.9907,10.0838,13,7.9027
8178,1.6224614,0.9907,10.0838,13,7.9027
8179,1.6225863,0.9984,10.0838,13,7.9027
8180,1.6227113,0.9984,10.0762,13,7.9027
8181,1.6228364,0.9907,10.0838,13,7.9027
8182,1.6229614,0.9907,10.0838,13,7.9027
8183,1.6230863,0.9984,10.0838,13,7.9027
8184,1.6232113,0.9984,10.0762,13,7.9027
8185,1.6233364,0.9907,10.0838,13,7.9027
8186,1.6234614,0.9907,10.0838,13,7.9027
8187,1.6235863,0.9984,10.0838,13,7.9027
8188,1.6237113,0.9984,10.0762,13,7.9027
8189,1.6238364,0.9907,10.0838,13,7.9027
8190,1.6239614,0.9984,10.0838,13,7.9027
8191,1.6240863,0.9984,10.0838,13,7.9027
8192,1.6242114,0.9907,10.0838,13,7.8950
8193,1.6243364,0.9907,10.0838,13,7.9027
8194,1.6244614,0.9984,10.0838,13,7.9027
8195,1.6245863,0.9984,10.0838,13,7.9027
8196,1.6247114,0.9907,10.0838,13,7.8950
8197,1.6248364,0.9907,10.0838,13,7.9027
8198,1.6249614,0.9984,10.0838,13,7.9027
8199,1.6250863,0.9984,10.0838,13,7.9027
8200,1.6252114,0.9907,10.0838,13,7.9027
8201,1.6253364,0.9907,10.0838,13,7.9027
8202,1.6254614,0.9984,10.0838,13,7.9027
8203,1.6255863,0.9984,10.0762,13,7.9027
8204,1.6257114,0.9907,10.0838,13,7.9027
8205,1.6258364,0.9907,10.0838,13,7.9027
8206,1.6259614,0.9984,10.0838,13,7.9027
8207,1.6260863,0.9984,10.0762,13,7.9027
8208,1.6262114,0.9907,10.0838,13,7.9027
8209,1.6263364,0.9907,10.0838,13,7.9027
8210,1.6264614,0.9984,10.0838,13,7.9027
8211,1.6265863,0.9984,10.0762,13,7.9027
8212,1.6267114,0.9907,10.0838,13,7.9027
8213,1.6268364,0.9907,10.0838,13,7.9027
8214,1.6269614,0.9984,10.0838,13,7.9027
8215,1.6270863,0.9984,10.0762,13,7.9027
8216,1.6272114,0.9907,10.0838,13,7.9027
8217,1.6273364,0.9907,10.0838,13,7.9027
8218,1.6274614,0.9984,10.0838,13,7.9027
8219,1.6275865,0.9907,10.0838,13,7.8950
8220,1.6277114,0.9907,10.0838,13,7.9027
8221,1.6278364,0.9907,10.0838,13,7.9027
8222,1.6279614,0.9984,10.0838,13,7.9027
8223,1.6280865,0.9907,10.0838,13,7.8950
8224,1.6282114,0.9907,10.0838,13,7.9027
8225,1.6283364,0.9907,10.0838,13,7.9027
8226,1.6284614,0.9984,10.0838,13,7.9027
8227,1.6285865,0.9907,10.0838,13,7.8950
8228,1.6287114,0.9907,10.0838,13,7.9027
8229,1.6288364,0.9907,10.0838,13,7.9027
8230,1.6289614,0.9984,10.0838,13,7.9027
8231,1.6290865,0.9907,10.0838,13,7.8950
8232,1.6292114,0.9907,10.0838,13,7.9027
8233,1.6293364,0.9907,10.0838,13,7.9027
8234,1.6294614,0.9984,10.0838,13,7.9027
8235,1.6295865,0.9907,10.0838,13,7.8950
8236,1.6297114,0.9907,10.0838,13,7.9027
8237,1.6298364,0.9907,10.0838,13,7.9027
8238,1.6299614,0.9984,10.0838,13,7.9027
8239,1.6300865,0.9907,10.0838,13,7.8950
8240,1.6302114,0.9907,10.0838,13,7.9027
8241,1.6303364,0.9907,10.0838,13,7.9027
8242,1.6304614,0.9984,10.0838,13,7.9027
8243,1.6305865,0.9907,10.0838,13,7.8950
8244,1.6307114,0.9907,10.0838,13,7.9027
8245,1.6308364,0.9907,10.0838,13,7.9027
8246,1.6309614,0.9984,10.0838,13,7.9027
8247,1.6310865,0.9907,10.0838,13,7.8950
8248,1.6312114,0.9907,10.0838,13,7.9027
8249,1.6313364,0.9907,10.0838,13,7.9027
8250,1.6314615,0.9907,10.0915,13,7.8950
8251,1.6315865,0.9907,10.0838,13,7.8950
8252,1.6317114,0.9907,10.0838,13,7.9027
8253,1.6318364,0.9984,10.0838,13,7.9027
8254,1.6319615,0.9907,10.0915,13,7.8950
8255,1.6320865,0.9907,10.0838,13,7.8950
8256,1.6322114,0.9907,10.0838,13,7.9027
8257,1.6323364,0.9984,10.0838,13,7.9027
8258,1.6324615,0.9907,10.0915,13,7.8950
8259,1.6325865,0.9907,10.0838,13,7.8950
8260,1.6327114,0.9907,10.0838,13,7.9027
8261,1.6328364,0.9984,10.0838,13,7.9027
8262,1.6329615,0.9907,10.0915,13,7.8950
8263,1.6330865,0.9907,10.0838,13,7.9027
8264,1.6332114,0.9907,10.0838,13,7.9027
8265,1.6333364,0.9984,10.0838,13,7.9027
8266,1.6334615,0.9907,10.0838,13,7.8950
8267,1.6335865,0.9907,10.0838,13,7.9027
8268,1.6337114,0.9907,10.0838,13,7.9027
8269,1.6338364,0.9984,10.0838,13,7.9027
8270,1.6339615,0.9907,10.0838,13,7.8950
8271,1.6340865,0.9907,10.0838,13,7.9027
8272,1.6342114,0.9907,10.0838,13,7.9027
8273,1.6343364,0.9984,10.0838,13,7.9027
8274,1.6344615,0.9907,10.0838,13,7.8950
8275,1.6345865,0.9907,10.0838,13,7.9027
8276,1.6347114,0.9907,10.0838,13,7.9027
8277,1.6348366,0.9907,10.0915,13,7.8950
8278,1.6349615,0.9907,10.0838,13,7.8950
8279,1.6350865,0.9907,10.0838,13,7.9027
8280,1.6352114,0.9907,10.0838,13,7.9027
8281,1.6353366,0.9907,10.0915,13,7.8950
8282,1.6354615,0.9907,10.0838,13,7.8950
8283,1.6355865,0.9907,10.0838,13,7.9027
8284,1.6357114,0.9907,10.0838,13,7.9027
8285,1.6358366,0.9907,10.0915,13,7.8950
8286,1.6359615,0.9907,10.0838,13,7.8950
8287,1.6360865,0.9907,10.0838,13,7.9027
8288,1.6362114,0.9907,10.0838,13,7.9027
8289,1.6363366,0.9907,10.0915,13,7.8950
8290,1.6364615,0.9907,10.0838,13,7.8950
8291,1.6365865,0.9907,10.0838,13,7.9027
8292,1.6367114,0.9907,10.0838,13,7.9027
8293,1.6368366,0.9907,10.0915,13,7.8950
8294,1.6369615,0.9907,10.0838,13,7.8950
8295,1.6370865,0.9907,10.0838,13,7.9027
8296,1.6372114,0.9907,10.0838,13,7.9027
8297,1.6373366,0.9907,10.0915,13,7.8950
8298,1.6374615,0.9907,10.0838,13,7.8950
8299,1.6375865,0.9907,10.0838,13,7.9027
8300,1.6377114,0.9907,10.0838,13,7.9027
8301,1.6378366,0.9907,10.0915,13,7.8950
8302,1.6379615,0.9907,10.0838,13,7.8950
8303,1.6380865,0.9907,10.0838,13,7.9027
8304,1.6382114,0.9907,10.0838,13,7.9027
8305,1.6383366,0.9907,10.0915,13,7.8950
8306,1.6384615,0.9907,10.0838,13,7.8950
8307,1.6385865,0.9907,10.0838,13,7.9027
8308,1.6387116,0.9830,10.0915,13,7.8950
8309,1.6388366,0.9907,10.0915,13,7.8950
8310,1.6389615,0.9907,10.0838,13,7.8950
8311,1.6390865,0.9907,10.0838,13,7.9027
8312,1.6392116,0.9830,10.0915,13,7.8950
8313,1.6393366,0.9907,10.0915,13,7.8950
8314,1.6394615,0.9907,10.0838,13,7.8950
8315,1.6395865,0.9907,10.0838,13,7.9027
8316,1.6397116,0.9907,10.0915,13,7.8950
8317,1.6398366,0.9907,10.0915,13,7.8950
8318,1.6399615,0.9907,10.0838,13,7.8950
8319,1.6400865,0.9907,10.0838,13,7.9027
8320,1.6402116,0.9907,10.0915,13,7.8950
8321,1.6403366,0.9907,10.0915,13,7.8950
8322,1.6404615,0.9907,10.0838,13,7.8950
8323,1.6405865,0.9907,10.0838,13,7.9027
8324,1.6407116,0.9907,10.0915,13,7.8950
8325,1.6408366,0.9907,10.0915,13,7.8950
8326,1.6409615,0.9907,10.0838,13,7.9027
8327,1.6410865,0.9907,10.0838,13,7.9027
8328,1.6412116,0.9907,10.0915,13,7.8950
8329,1.6413366,0.9907,10.0838,13,7.8950
8330,1.6414615,0.9907,10.0838,13,7.9027
8331,1.6415865,0.9907,10.0838,13,7.9027
8332,1.6417116,0.9907,10.0915,13,7.8950
8333,1.6418366,0.9907,10.0838,13,7.8950
8334,1.6419615,0.9907,10.0838,13,7.9027
8335,1.6420866,0.9830,10.0915,13,7.8950
8336,1.6422116,0.9907,10.0915,13,7.8950
8337,1.6423366,0.9907,10.0838,13,7.8950
8338,1.6424615,0.9907,10.0838,13,7.9027
8339,1.6425866,0.9830,10.0915,13,7.8950
8340,1.6427116,0.9907,10.0915,13,7.8950
8341,1.6428366,0.9907,10.0838,13,7.8950
8342,1.6429615,0.9907,10.0838,13,7.9027
8343,1.6430866,0.9830,10.0915,13,7.8950
8344,1.6432116,0.9907,10.0915,13,7.8950
8345,1.6433366,0.9907,10.0838,13,7.8950
8346,1.6434615,0.9907,10.0838,13,7.9027
8347,1.6435866,0.9830,10.0915,13,7.8950
8348,1.6437116,0.9907,10.0915,13,7.8950
8349,1.6438366,0.9907,10.0838,13,7.8950
8350,1.6439615,0.9907,10.0838,13,7.9027
8351,1.6440866,0.9830,10.0915,13,7.8950
8352,1.6442116,0.9907,10.0915,13,7.8950
8353,1.6443366,0.9907,10.0838,13,7.8950
8354,1.6444615,0.9907,10.0838,13,7.9027
8355,1.6445866,0.9830,10.0915,13,7.8950
8356,1.6447116,0.9907,10.0915,13,7.8950
8357,1.6448366,0.9907,10.0838,13,7.8950
8358,1.6449615,0.9907,10.0838,13,7.9027
8359,1.6450866,0.9830,10.0915,13,7.8950
8360,1.6452116,0.9907,10.0915,13,7.8950
8361,1.6453366,0.9907,10.0838,13,7.8950
8362,1.6454615,0.9907,10.0838,13,7.9027
8363,1.6455866,0.9830,10.0915,13,7.8950
8364,1.6457116,0.9907,10.0915,13,7.8950
8365,1.6458366,0.9907,10.0838,13,7.8950
8366,1.6459617,0.9830,10.0915,13,7.8950
8367,1.6460866,0.9830,10.0915,13,7.8950
8368,1.6462116,0.9907,10.0915,13,7.8950
8369,1.6463366,0.9907,10.0838,13,7.8950
8370,1.6464617,0.9830,10.0915,13,7.8950
8371,1.6465866,0.9830,10.0915,13,7.8950
8372,1.6467116,0.9907,10.0915,13,7.8950
8373,1.6468366,0.9907,10.0838,13,7.8950
8374,1.6469617,0.9830,10.0915,13,7.8950
8375,1.6470866,0.9830,10.0915,13,7.8950
8376,1.6472116,0.9907,10.0915,13,7.8950
8377,1.6473366,0.9907,10.0838,13,7.8950
8378,1.6474617,0.9830,10.0915,13,7.8950
8379,1.6475866,0.9907,10.0915,13,7.8950
8380,1.6477116,0.9907,10.0915,13,7.8950
8381,1.6478366,0.9907,10.0838,13,7.8950
8382,1.6479617,0.9830,10.0915,13,7.8950
8383,1.6480866,0.9907,10.0915,13,7.8950
8384,1.6482116,0.9907,10.0915,13,7.8950
8385,1.6483366,0.9907,10.0838,13,7.9027
8386,1.6484617,0.9830,10.0915,13,7.8950
8387,1.6485866,0.9907,10.0915,13,7.8950
8388,1.6487116,0.9907,10.0838,13,7.8950
8389,1.6488366,0.9907,10.0838,13,7.9027
8390,1.6489617,0.9830,10.0915,13,7.8950
8391,1.6490866,0.9907,10.0915,13,7.8950
8392,1.6492116,0.9907,10.0838,13,7.8950
8393,1.6493367,0.9830,10.0915,13,7.8950
8394,1.6494617,0.9830,10.0915,13,7.8950
8395,1.6495866,0.9907,10.0915,13,7.8950
8396,1.6497116,0.9907,10.0838,13,7.8950
8397,1.6498367,0.9830,10.0915,13,7.8950
8398,1.6499617,0.9830,10.0915,13,7.8950
8399,1.6500866,0.9907,10.0915,13,7.8950
8400,1.6502116,0.9907,10.0838,13,7.8950
8401,1.6503367,0.9830,10.0915,13,7.8950
8402,1.6504617,0.9830,10.0915,13,7.8950
8403,1.6505866,0.9907,10.0915,13,7.8950
8404,1.6507116,0.9907,10.0838,13,7.8950
8405,1.6508367,0.9830,10.0915,13,7.8950
8406,1.6509617,0.9830,10.0915,13,7.8950
8407,1.6510866,0.9907,10.0915,13,7.8950
8408,1.6512116,0.9907,10.0838,13,7.8950
8409,1.6513367,0.9830,10.0915,13,7.8950
8410,1.6514617,0.9830,10.0915,13,7.8950
8411,1.6515866,0.9907,10.0915,13,7.8950
8412,1.6517116,0.9907,10.0838,13,7.8950
8413,1.6518367,0.9830,10.0915,13,7.8950
8414,1.6519617,0.9830,10.0915,13,7.8950
8415,1.6520866,0.9907,10.0915,13,7.8950
8416,1.6522116,0.9907,10.0838,13,7.8950
8417,1.6523367,0.9830,10.0915,13,7.8950
8418,1.6524617,0.9830,10.0915,13,7.8950
8419,1.6525866,0.9907,10.0915,13,7.8950
8420,1.6527116,0.9907,10.0838,13,7.8950
8421,1.6528367,0.9830,10.0915,13,7.8950
8422,1.6529617,0.9830,10.0915,13,7.8950
8423,1.6530866,0.9907,10.0915,13,7.8950
8424,1.6532118,0.9830,10.0915,13,7.8874
8425,1.6533367,0.9830,10.0915,13,7.8950
8426,1.6534617,0.9830,10.0915,13,7.8950
8427,1.6535866,0.9907,10.0915,13,7.8950
8428,1.6537118,0.9830,10.0915,13,7.8874
8429,1.6538367,0.9830,10.0915,13,7.8950
8430,1.6539617,0.9830,10.0915,13,7.8950
8431,1.6540866,0.9907,10.0915,13,7.8950
8432,1.6542118,0.9830,10.0915,13,7.8874
8433,1.6543367,0.9830,10.0915,13,7.8950
8434,1.6544617,0.9830,10.0915,13,7.8950
8435,1.6545866,0.9907,10.0915,13,7.8950
8436,1.6547118,0.9830,10.0915,13,7.8874
8437,1.6548367,0.9830,10.0915,13,7.8950
8438,1.6549617,0.9830,10.0915,13,7.8950
8439,1.6550866,0.9907,10.0915,13,7.8950
8440,1.6552118,0.9830,10.0915,13,7.8874
8441,1.6553367,0.9830,10.0915,13,7.8950
8442,1.6554617,0.9907,10.0915,13,7.8950
8443,1.6555866,0.9907,10.0915,13,7.8950
8444,1.6557118,0.9830,10.0915,13,7.8874
8445,1.6558367,0.9830,10.0915,13,7.8950
8446,1.6559617,0.9907,10.0915,13,7.8950
8447,1.6560866,0.9907,10.0915,13,7.8950
8448,1.6562118,0.9830,10.0915,13,7.8950
8449,1.6563367,0.9830,10.0915,13,7.8950
8450,1.6564617,0.9907,10.0915,13,7.8950
8451,1.6565868,0.9830,10.0915,13,7.8874
8452,1.6567118,0.9830,10.0915,13,7.8950
8453,1.6568367,0.9830,10.0915,13,7.8950
8454,1.6569617,0.9907,10.0915,13,7.8950
8455,1.6570868,0.9830,10.0915,13,7.8874
8456,1.6572118,0.9830,10.0915,13,7.8950
8457,1.6573367,0.9830,10.0915,13,7.8950
8458,1.6574617,0.9907,10.0915,13,7.8950
8459,1.6575868,0.9830,10.0915,13,7.8874
8460,1.6577118,0.9830,10.0915,13,7.8950
8461,1.6578367,0.9830,10.0915,13,7.8950
8462,1.6579617,0.9907,10.0915,13,7.8950
8463,1.6580868,0.9830,10.0915,13,7.8874
8464,1.6582118,0.9830,10.0915,13,7.8950
8465,1.6583367,0.9830,10.0915,13,7.8950
8466,1.6584617,0.9907,10.0915,13,7.8950
8467,1.6585868,0.9830,10.0915,13,7.8874
8468,1.6587118,0.9830,10.0915,13,7.8950
8469,1.6588367,0.9830,10.0915,13,7.8950
8470,1.6589617,0.9907,10.0915,13,7.8950
8471,1.6590868,0.9830,10.0915,13,7.8874
8472,1.6592118,0.9830,10.0915,13,7.8950
8473,1.6593367,0.9830,10.0915,13,7.8950
8474,1.6594617,0.9907,10.0915,13,7.8950
8475,1.6595868,0.9830,10.0915,13,7.8874
8476,1.6597118,0.9830,10.0915,13,7.8950
8477,1.6598367,0.9830,10.0915,13,7.8950
8478,1.6599617,0.9907,10.0915,13,7.8950
8479,1.6600868,0.9830,10.0915,13,7.8874
8480,1.6602118,0.9830,10.0915,13,7.8950
8481,1.6603367,0.9830,10.0915,13,7.8950
8482,1.6604618,0.9830,10.0992,13,7.8874
8483,1.6605868,0.9830,10.0915,13,7.8874
8484,1.6607118,0.9830,10.0915,13,7.8950
8485,1.6608367,0.9830,10.0915,13,7.8950
8486,1.6609618,0.9830,10.0992,13,7.8874
8487,1.6610868,0.9830,10.0915,13,7.8874
8488,1.6612118,0.9830,10.0915,13,7.8950
8489,1.6613367,0.9830,10.0915,13,7.8950
8490,1.6614618,0.9830,10.0992,13,7.8874
8491,1.6615868,0.9830,10.0915,13,7.8874
8492,1.6617118,0.9830,10.0915,13,7.8950
8493,1.6618367,0.9830,10.0915,13,7.8950
8494,1.6619618,0.9830,10.0992,13,7.8874
8495,1.6620868,0.9830,10.0915,13,7.8874
8496,1.6622118,0.9830,10.0915,13,7.8950
8497,1.6623367,0.9830,10.0915,13,7.8950
8498,1.6624618,0.9830,10.0992,13,7.8874
8499,1.6625868,0.9830,10.0915,13,7.8874
8500,1.6627118,0.9830,10.0915,13,7.8950
8501,1.6628367,0.9907,10.0915,13,7.8950
8502,1.6629618,0.9830,10.0992,13,7.8874
8503,1.6630868,0.9830,10.0915,13,7.8874
8504,1.6632118,0.9830,10.0915,13,7.8950
8505,1.6633367,0.9907,10.0915,13,7.8950
8506,1.6634618,0.9830,10.0992,13,7.8874
8507,1.6635868,0.9830,10.0915,13,7.8874
8508,1.6637118,0.9830,10.0915,13,7.8950
8509,1.6638369,0.9830,10.0992,13,7.8874
8510,1.6639618,0.9830,10.0992,13,7.8874
8511,1.6640868,0.9830,10.0915,13,7.8950
8512,1.6642118,0.9830,10.0915,13,7.8950
8513,1.6643369,0.9830,10.0992,13,7.8874
8514,1.6644618,0.9830,10.0915,13,7.8874
8515,1.6645868,0.9830,10.0915,13,7.8950
8516,1.6647118,0.9830,10.0915,13,7.8950
8517,1.6648369,0.9830,10.0992,13,7.8874
8518,1.6649618,0.9830,10.0915,13,7.8874
8519,1.6650868,0.9830,10.0915,13,7.8950
8520,1.6652118,0.9830,10.0915,13,7.8950
8521,1.6653369,0.9830,10.0992,13,7.8874
8522,1.6654618,0.9830,10.0915,13,7.8874
8523,1.6655868,0.9830,10.0915,13,7.8950
8524,1.6657118,0.9830,10.0915,13,7.8950
8525,1.6658369,0.9830,10.0992,13,7.8874
8526,1.6659618,0.9830,10.0915,13,7.8874
8527,1.6660868,0.9830,10.0915,13,7.8950
8528,1.6662118,0.9830,10.0915,13,7.8950
8529,1.6663369,0.9830,10.0992,13,7.8874
8530,1.6664618,0.9830,10.0915,13,7.8874
8531,1.6665868,0.9830,10.0915,13,7.8950
8532,1.6667118,0.9830,10.0915,13,7.8950
8533,1.6668369,0.9830,10.0992,13,7.8874
8534,1.6669618,0.9830,10.0915,13,7.8874
8535,1.6670868,0.9830,10.0915,13,7.8950
8536,1.6672118,0.9830,10.0915,13,7.8950
8537,1.6673369,0.9830,10.0992,13,7.8874
8538,1.6674618,0.9830,10.0915,13,7.8874
8539,1.6675868,0.9830,10.0915,13,7.8950
8540,1.6677119,0.9754,10.0992,13,7.8874
8541,1.6678369,0.9830,10.0992,13,7.8874
8542,1.6679618,0.9830,10.0915,13,7.8874
8543,1.6680868,0.9830,10.0915,13,7.8950
8544,1.6682119,0.9754,10.0992,13,7.8874
8545,1.6683369,0.9830,10.0992,13,7.8874
8546,1.6684618,0.9830,10.0915,13,7.8874
8547,1.6685868,0.9830,10.0915,13,7.8950
8548,1.6687119,0.9754,10.0992,13,7.8874
8549,1.6688369,0.9830,10.0992,13,7.8874
8550,1.6689618,0.9830,10.0915,13,7.8874
8551,1.6690868,0.9830,10.0915,13,7.8950
8552,1.6692119,0.9754,10.0992,13,7.8874
8553,1.6693369,0.9830,10.0992,13,7.8874
8554,1.6694618,0.9830,10.0915,13,7.8874
8555,1.6695868,0.9830,10.0915,13,7.8950
8556,1.6697119,0.9754,10.0992,13,7.8874
8557,1.6698369,0.9830,10.0992,13,7.8874
8558,1.6699618,0.9830,10.0915,13,7.8874
8559,1.6700868,0.9830,10.0915,13,7.8950
8560,1.6702119,0.9754,10.0992,13,7.8874
8561,1.6703369,0.9830,10.0992,13,7.8874
8562,1.6704618,0.9830,10.0915,13,7.8874
8563,1.6705868,0.9830,10.0915,13,7.8950
8564,1.6707119,0.9830,10.0992,13,7.8874
8565,1.6708369,0.9830,10.0992,13,7.8874
8566,1.6709618,0.9830,10.0915,13,7.8874
8567,1.6710870,0.9754,10.0992,13,7.8874
8568,1.6712119,0.9830,10.0992,13,7.8874
8569,1.6713369,0.9830,10.0992,13,7.8874
8570,1.6714618,0.9830,10.0915,13,7.8874
8571,1.6715870,0.9754,10.0992,13,7.8874
8572,1.6717119,0.9830,10.0992,13,7.8874
8573,1.6718369,0.9830,10.0992,13,7.8874
8574,1.6719618,0.9830,10.0915,13,7.8950
8575,1.6720870,0.9754,10.0992,13,7.8874
8576,1.6722119,0.9830,10.0992,13,7.8874
8577,1.6723369,0.9830,10.0915,13,7.8874
8578,1.6724618,0.9830,10.0915,13,7.8950
8579,1.6725870,0.9754,10.0992,13,7.8874
8580,1.6727119,0.9830,10.0992,13,7.8874
8581,1.6728369,0.9830,10.0915,13,7.8874
8582,1.6729618,0.9830,10.0915,13,7.8950
8583,1.6730870,0.9754,10.0992,13,7.8874
8584,1.6732119,0.9830,10.0992,13,7.8874
8585,1.6733369,0.9830,10.0915,13,7.8874
8586,1.6734618,0.9830,10.0915,13,7.8950
8587,1.6735870,0.9754,10.0992,13,7.8874
8588,1.6737119,0.9830,10.0992,13,7.8874
8589,1.6738369,0.9830,10.0915,13,7.8874
8590,1.6739618,0.9830,10.0915,13,7.8950
8591,1.6740870,0.9754,10.0992,13,7.8874
8592,1.6742119,0.9830,10.0992,13,7.8874
8593,1.6743369,0.9830,10.0915,13,7.8874
8594,1.6744618,0.9830,10.0915,13,7.8950
8595,1.6745870,0.9754,10.0992,13,7.8874
8596,1.6747119,0.9830,10.0992,13,7.8874
8597,1.6748369,0.9830,10.0915,13,7.8874
8598,1.6749620,0.9754,10.0992,13,7.8874
8599,1.6750870,0.9754,10.0992,13,7.8874
8600,1.6752119,0.9830,10.0992,13,7.8874
8601,1.6753369,0.9830,10.0915,13,7.8874
8602,1.6754620,0.9754,10.0992,13,7.8874
8603,1.6755870,0.9754,10.0992,13,7.8874
8604,1.6757119,0.9830,10.0992,13,7.8874
8605,1.6758369,0.9830,10.0915,13,7.8874
8606,1.6759620,0.9754,10.0992,13,7.8874
8607,1.6760870,0.9754,10.0992,13,7.8874
8608,1.6762119,0.9830,10.0992,13,7.8874
8609,1.6763369,0.9830,10.0915,13,7.8874
8610,1.6764620,0.9754,10.0992,13,7.8874
8611,1.6765870,0.9754,10.0992,13,7.8874
8612,1.6767119,0.9830,10.0992,13,7.8874
8613,1.6768369,0.9830,10.0915,13,7.8874
8614,1.6769620,0.9754,10.0992,13,7.8874
8615,1.6770870,0.9754,10.0992,13,7.8874
8616,1.6772119,0.9830,10.0992,13,7.8874
8617,1.6773369,0.9830,10.0915,13,7.8874
8618,1.6774620,0.9754,10.0992,13,7.8874
8619,1.6775870,0.9754,10.0992,13,7.8874
8620,1.6777119,0.9830,10.0992,13,7.8874
8621,1.6778369,0.9830,10.0915,13,7.8874
8622,1.6779620,0.9754,10.0992,13,7.8874
8623,1.6780870,0.9754,10.0992,13,7.8874
8624,1.6782119,0.9830,10.0992,13,7.8874
8625,1.6783370,0.9754,10.0992,13,7.8797
8626,1.6784620,0.9754,10.0992,13,7.8874
8627,1.6785870,0.9830,10.0992,13,7.8874
8628,1.6787119,0.9830,10.0992,13,7.8874
8629,1.6788370,0.9754,10.0992,13,7.8797
8630,1.6789620,0.9754,10.0992,13,7.8874
8631,1.6790870,0.9830,10.0992,13,7.8874
8632,1.6792119,0.9830,10.0992,13,7.8874
8633,1.6793370,0.9754,10.0992,13,7.8797
8634,1.6794620,0.9754,10.0992,13,7.8874
8635,1.6795870,0.9830,10.0992,13,7.8874
8636,1.6797119,0.9830,10.0992,13,7.8874
8637,1.6798370,0.9754,10.0992,13,7.8874
8638,1.6799620,0.9754,10.0992,13,7.8874
8639,1.6800870,0.9830,10.0992,13,7.8874
8640,1.6802119,0.9830,10.0915,13,7.8874
8641,1.6803370,0.9754,10.0992,13,7.8874
8642,1.6804620,0.9754,10.0992,13,7.8874
8643,1.6805870,0.9830,10.0992,13,7.8874
8644,1.6807119,0.9830,10.0915,13,7.8874
8645,1.6808370,0.9754,10.0992,13,7.8874
8646,1.6809620,0.9754,10.0992,13,7.8874
8647,1.6810870,0.9830,10.0992,13,7.8874
8648,1.6812119,0.9830,10.0915,13,7.8874
8649,1.6813370,0.9754,10.0992,13,7.8874
8650,1.6814620,0.9754,10.0992,13,7.8874
8651,1.6815870,0.9830,10.0992,13,7.8874
8652,1.6817119,0.9830,10.0915,13,7.8874
8653,1.6818370,0.9754,10.0992,13,7.8874
8654,1.6819620,0.9754,10.0992,13,7.8874
8655,1.6820870,0.9830,10.0992,13,7.8874
8656,1.6822121,0.9754,10.0992,13,7.8797
8657,1.6823370,0.9754,10.0992,13,7.8874
8658,1.6824620,0.9754,10.0992,13,7.8874
8659,1.6825870,0.9830,10.0992,13,7.8874
8660,1.6827121,0.9754,10.0992,13,7.8797
8661,1.6828370,0.9754,10.0992,13,7.8874
8662,1.6829620,0.9754,10.0992,13,7.8874
8663,1.6830870,0.9830,10.0992,13,7.8874
8664,1.6832121,0.9754,10.0992,13,7.8797
8665,1.6833370,0.9754,10.0992,13,7.8874
8666,1.6834620,0.9754,10.0992,13,7.8874
8667,1.6835870,0.9830,10.0992,13,7.8874
8668,1.6837121,0.9754,10.0992,13,7.8797
8669,1.6838370,0.9754,10.0992,13,7.8874
8670,1.6839620,0.9754,10.0992,13,7.8874
8671,1.6840870,0.9830,10.0992,13,7.8874
8672,1.6842121,0.9754,10.0992,13,7.8797
8673,1.6843370,0.9754,10.0992,13,7.8874
8674,1.6844620,0.9754,10.0992,13,7.8874
8675,1.6845870,0.9830,10.0992,13,7.8874
8676,1.6847121,0.9754,10.0992,13,7.8797
8677,1.6848370,0.9754,10.0992,13,7.8874
8678,1.6849620,0.9754,10.0992,13,7.8874
8679,1.6850870,0.9830,10.0992,13,7.8874
8680,1.6852121,0.9754,10.0992,13,7.8797
8681,1.6853370,0.9754,10.0992,13,7.8874
8682,1.6854620,0.9754,10.0992,13,7.8874
8683,1.6855871,0.9754,10.1069,13,7.8797
8684,1.6857121,0.9754,10.0992,13,7.8797
8685,1.6858370,0.9754,10.0992,13,7.8874
8686,1.6859620,0.9754,10.0992,13,7.8874
8687,1.6860871,0.9754,10.1069,13,7.8797
8688,1.6862121,0.9754,10.0992,13,7.8797
8689,1.6863370,0.9754,10.0992,13,7.8874
8690,1.6864620,0.9830,10.0992,13,7.8874
8691,1.6865871,0.9754,10.1069,13,7.8797
8692,1.6867121,0.9754,10.0992,13,7.8797
8693,1.6868370,0.9754,10.0992,13,7.8874
8694,1.6869620,0.9830,10.0992,13,7.8874
8695,1.6870871,0.9754,10.1069,13,7.8797
8696,1.6872121,0.9754,10.0992,13,7.8797
8697,1.6873370,0.9754,10.0992,13,7.8874
8698,1.6874620,0.9830,10.0992,13,7.8874
8699,1.6875871,0.9754,10.1069,13,7.8797
8700,1.6877121,0.9754,10.0992,13,7.8874
8701,1.6878370,0.9754,10.0992,13,7.8874
8702,1.6879620,0.9830,10.0992,13,7.8874
8703,1.6880871,0.9754,10.0992,13,7.8797
8704,1.6882121,0.9754,10.0992,13,7.8874
8705,1.6883370,0.9754,10.0992,13,7.8874
8706,1.6884620,0.9830,10.0992,13,7.8874
8707,1.6885871,0.9754,10.0992,13,7.8797
8708,1.6887121,0.9754,10.0992,13,7.8874
8709,1.6888370,0.9754,10.0992,13,7.8874
8710,1.6889620,0.9830,10.0992,13,7.8874
8711,1.6890871,0.9754,10.0992,13,7.8797
8712,1.6892121,0.9754,10.0992,13,7.8874
8713,1.6893370,0.9754,10.0992,13,7.8874
8714,1.6894622,0.9754,10.1069,13,7.8797
8715,1.6895871,0.9754,10.0992,13,7.8797
8716,1.6897121,0.9754,10.0992,13,7.8874
8717,1.6898370,0.9754,10.0992,13,7.8874
8718,1.6899622,0.9754,10.1069,13,7.8797
8719,1.6900871,0.9754,10.0992,13,7.8797
8720,1.6902121,0.9754,10.0992,13,7.8874
8721,1.6903370,0.9754,10.0992,13,7.8874
8722,1.6904622,0.9754,10.1069,13,7.8797
8723,1.6905871,0.9754,10.0992,13,7.8797
8724,1.6907121,0.9754,10.0992,13,7.8874
8725,1.6908370,0.9754,10.0992,13,7.8874
8726,1.6909622,0.9754,10.1069,13,7.8797
8727,1.6910871,0.9754,10.0992,13,7.8797
8728,1.6912121,0.9754,10.0992,13,7.8874
8729,1.6913370,0.9754,10.0992,13,7.8874
8730,1.6914622,0.9754,10.1069,13,7.8797
8731,1.6915871,0.9754,10.0992,13,7.8797
8732,1.6917121,0.9754,10.0992,13,7.8874
8733,1.6918370,0.9754,10.0992,13,7.8874
8734,1.6919622,0.9754,10.1069,13,7.8797
8735,1.6920871,0.9754,10.0992,13,7.8797
8736,1.6922121,0.9754,10.0992,13,7.8874
8737,1.6923370,0.9754,10.0992,13,7.8874
8738,1.6924622,0.9754,10.1069,13,7.8797
8739,1.6925871,0.9754,10.0992,13,7.8797
8740,1.6927121,0.9754,10.0992,13,7.8874
8741,1.6928372,0.9677,10.1069,13,7.8797
8742,1.6929622,0.9754,10.1069,13,7.8797
8743,1.6930871,0.9754,10.0992,13,7.8797
8744,1.6932121,0.9754,10.0992,13,7.8874
8745,1.6933372,0.9677,10.1069,13,7.8797
8746,1.6934622,0.9754,10.1069,13,7.8797
8747,1.6935871,0.9754,10.0992,13,7.8797
8748,1.6937121,0.9754,10.0992,13,7.8874
8749,1.6938372,0.9677,10.1069,13,7.8797
8750,1.6939622,0.9754,10.1069,13,7.8797
8751,1.6940871,0.9754,10.0992,13,7.8797
8752,1.6942121,0.9754,10.0992,13,7.8874
8753,1.6943372,0.9754,10.1069,13,7.8797
8754,1.6944622,0.9754,10.1069,13,7.8797
8755,1.6945871,0.9754,10.0992,13,7.8797
8756,1.6947121,0.9754,10.0992,13,7.8874
8757,1.6948372,0.9754,10.1069,13,7.8797
8758,1.6949622,0.9754,10.1069,13,7.8797
8759,1.6950871,0.9754,10.0992,13,7.8797
8760,1.6952121,0.9754,10.0992,13,7.8874
8761,1.6953372,0.9754,10.1069,13,7.8797
8762,1.6954622,0.9754,10.1069,13,7.8797
8763,1.6955871,0.9754,10.0992,13,7.8874
8764,1.6957121,0.9754,10.0992,13,7.8874
8765,1.6958372,0.9754,10.1069,13,7.8797
8766,1.6959622,0.9754,10.0992,13,7.8797
8767,1.6960871,0.9754,10.0992,13,7.8874
8768,1.6962121,0.9754,10.0992,13,7.8874
8769,1.6963372,0.9754,10.1069,13,7.8797
8770,1.6964622,0.9754,10.0992,13,7.8797
8771,1.6965871,0.9754,10.0992,13,7.8874
8772,1.6967122,0.9677,10.1069,13,7.8797
8773,1.6968372,0.9754,10.1069,13,7.8797
8774,1.6969622,0.9754,10.0992,13,7.8797
8775,1.6970871,0.9754,10.0992,13,7.8874
8776,1.6972122,0.9677,10.1069,13,7.8797
8777,1.6973372,0.9754,10.1069,13,7.8797
8778,1.6974622,0.9754,10.0992,13,7.8797
8779,1.6975871,0.9754,10.0992,13,7.8874
8780,1.6977122,0.9677,10.1069,13,7.8797
8781,1.6978372,0.9754,10.1069,13,7.8797
8782,1.6979622,0.9754,10.0992,13,7.8797
8783,1.6980871,0.9754,10.0992,13,7.8874
8784,1.6982122,0.9677,10.1069,13,7.8797
8785,1.6983372,0.9754,10.1069,13,7.8797
8786,1.6984622,0.9754,10.0992,13,7.8797
8787,1.6985871,0.9754,10.0992,13,7.8874
8788,1.6987122,0.9677,10.1069,13,7.8797
8789,1.6988372,0.9754,10.1069,13,7.8797
8790,1.6989622,0.9754,10.0992,13,7.8797
8791,1.6990871,0.9754,10.0992,13,7.8874
8792,1.6992122,0.9677,10.1069,13,7.8797
8793,1.6993372,0.9754,10.1069,13,7.8797
8794,1.6994622,0.9754,10.0992,13,7.8797
8795,1.6995871,0.9754,10.0992,13,7.8874
8796,1.6997122,0.9677,10.1069,13,7.8797
8797,1.6998372,0.9754,10.1069,13,7.8797
8798,1.6999622,0.9754,10.0992,13,7.8797
8799,1.7000873,0.9677,10.1069,13,7.8797
8800,1.7002122,0.9677,10.1069,13,7.8797
8801,1.7003372,0.9754,10.1069,13,7.8797
8802,1.7004622,0.9754,10.0992,13,7.8797
8803,1.7005873,0.9677,10.1069,13,7.8797
8804,1.7007122,0.9677,10.1069,13,7.8797
8805,1.7008372,0.9754,10.1069,13,7.8797
8806,1.7009622,0.9754,10.0992,13,7.8797
8807,1.7010873,0.9677,10.1069,13,7.8797
8808,1.7012122,0.9677,10.1069,13,7.8797
8809,1.7013372,0.9754,10.1069,13,7.8797
8810,1.7014622,0.9754,10.0992,13,7.8797
8811,1.7015873,0.9677,10.1069,13,7.8797
8812,1.7017122,0.9677,10.1069,13,7.8797
8813,1.7018372,0.9754,10.1069,13,7.8797
8814,1.7019622,0.9754,10.0992,13,7.8797
8815,1.7020873,0.9677,10.1069,13,7.8797
8816,1.7022122,0.9754,10.1069,13,7.8797
8817,1.7023372,0.9754,10.1069,13,7.8797
8818,1.7024622,0.9754,10.0992,13,7.8797
8819,1.7025873,0.9677,10.1069,13,7.8797
8820,1.7027122,0.9754,10.1069,13,7.8797
8821,1.7028372,0.9754,10.1069,13,7.8797
8822,1.7029622,0.9754,10.0992,13,7.8797
8823,1.7030873,0.9677,10.1069,13,7.8797
8824,1.7032122,0.9754,10.1069,13,7.8797
8825,1.7033372,0.9754,10.1069,13,7.8797
8826,1.7034622,0.9754,10.0992,13,7.8874
8827,1.7035873,0.9677,10.1069,13,7.8797
8828,1.7037122,0.9754,10.1069,13,7.8797
8829,1.7038372,0.9754,10.0992,13,7.8797
8830,1.7039623,0.9677,10.1069,13,7.8797
8831,1.7040873,0.9677,10.1069,13,7.8797
8832,1.7042122,0.9754,10.1069,13,7.8797
8833,1.7043372,0.9754,10.0992,13,7.8797
8834,1.7044623,0.9677,10.1069,13,7.8797
8835,1.7045873,0.9677,10.1069,13,7.8797
8836,1.7047122,0.9754,10.1069,13,7.8797
8837,1.7048372,0.9754,10.0992,13,7.8797
8838,1.7049623,0.9677,10.1069,13,7.8797
8839,1.7050873,0.9677,10.1069,13,7.8797
8840,1.7052122,0.9754,10.1069,13,7.8797
8841,1.7053372,0.9754,10.0992,13,7.8797
8842,1.7054623,0.9677,10.1069,13,7.8797
8843,1.7055873,0.9677,10.1069,13,7.8797
8844,1.7057122,0.9754,10.1069,13,7.8797
8845,1.7058372,0.9754,10.0992,13,7.8797
8846,1.7059623,0.9677,10.1069,13,7.8797
8847,1.7060873,0.9677,10.1069,13,7.8797
8848,1.7062122,0.9754,10.1069,13,7.8797
8849,1.7063372,0.9754,10.0992,13,7.8797
8850,1.7064623,0.9677,10.1069,13,7.8797
8851,1.7065873,0.9677,10.1069,13,7.8797
8852,1.7067122,0.9754,10.1069,13,7.8797
8853,1.7068372,0.9754,10.0992,13,7.8797
8854,1.7069623,0.9677,10.1069,13,7.8797
8855,1.7070873,0.9677,10.1069,13,7.8797
8856,1.7072122,0.9754,10.1069,13,7.8797
8857,1.7073374,0.9677,10.1069,13,7.8720
8858,1.7074623,0.9677,10.1069,13,7.8797
8859,1.7075873,0.9677,10.1069,13,7.8797
8860,1.7077122,0.9754,10.1069,13,7.8797
8861,1.7078374,0.9677,10.1069,13,7.8720
8862,1.7079623,0.9677,10.1069,13,7.8797
8863,1.7080873,0.9677,10.1069,13,7.8797
8864,1.7082122,0.9754,10.1069,13,7.8797
8865,1.7083374,0.9677,10.1069,13,7.8720
8866,1.7084623,0.9677,10.1069,13,7.8797
8867,1.7085873,0.9677,10.1069,13,7.8797
8868,1.7087122,0.9754,10.1069,13,7.8797
8869,1.7088374,0.9677,10.1069,13,7.8720
8870,1.7089623,0.9677,10.1069,13,7.8797
8871,1.7090873,0.9677,10.1069,13,7.8797
8872,1.7092122,0.9754,10.1069,13,7.8797
8873,1.7093374,0.9677,10.1069,13,7.8720
8874,1.7094623,0.9677,10.1069,13,7.8797
8875,1.7095873,0.9677,10.1069,13,7.8797
8876,1.7097122,0.9754,10.1069,13,7.8797
8877,1.7098374,0.9677,10.1069,13,7.8720
8878,1.7099623,0.9677,10.1069,13,7.8797
8879,1.7100873,0.9754,10.1069,13,7.8797
8880,1.7102122,0.9754,10.1069,13,7.8797
8881,1.7103374,0.9677,10.1069,13,7.8720
8882,1.7104623,0.9677,10.1069,13,7.8797
8883,1.7105873,0.9754,10.1069,13,7.8797
8884,1.7107122,0.9754,10.1069,13,7.8797
8885,1.7108374,0.9677,10.1069,13,7.8720
8886,1.7109623,0.9677,10.1069,13,7.8797
8887,1.7110873,0.9754,10.1069,13,7.8797
8888,1.7112124,0.9677,10.1146,13,7.8720
8889,1.7113374,0.9677,10.1069,13,7.8797
8890,1.7114623,0.9677,10.1069,13,7.8797
8891,1.7115873,0.9754,10.1069,13,7.8797
8892,1.7117124,0.9677,10.1069,13,7.8720
8893,1.7118374,0.9677,10.1069,13,7.8797
8894,1.7119623,0.9677,10.1069,13,7.8797
8895,1.7120873,0.9754,10.1069,13,7.8797
8896,1.7122124,0.9677,10.1069,13,7.8720
8897,1.7123374,0.9677,10.1069,13,7.8797
8898,1.7124623,0.9677,10.1069,13,7.8797
8899,1.7125873,0.9754,10.1069,13,7.8797
8900,1.7127124,0.9677,10.1069,13,7.8720
8901,1.7128374,0.9677,10.1069,13,7.8797
8902,1.7129623,0.9677,10.1069,13,7.8797
8903,1.7130873,0.9754,10.1069,13,7.8797
8904,1.7132124,0.9677,10.1069,13,7.8720
8905,1.7133374,0.9677,10.1069,13,7.8797
8906,1.7134623,0.9677,10.1069,13,7.8797
8907,1.7135873,0.9754,10.1069,13,7.8797
8908,1.7137124,0.9677,10.1069,13,7.8720
8909,1.7138374,0.9677,10.1069,13,7.8797
8910,1.7139623,0.9677,10.1069,13,7.8797
8911,1.7140873,0.9754,10.1069,13,7.8797
8912,1.7142124,0.9677,10.1069,13,7.8720
8913,1.7143374,0.9677,10.1069,13,7.8797
8914,1.7144623,0.9677,10.1069,13,7.8797
8915,1.7145874,0.9677,10.1146,13,7.8720
8916,1.7147124,0.9677,10.1069,13,7.8720
8917,1.7148374,0.9677,10.1069,13,7.8797
8918,1.7149623,0.9677,10.1069,13,7.8797
8919,1.7150874,0.9677,10.1146,13,7.8720
8920,1.7152124,0.9677,10.1069,13,7.8720
8921,1.7153374,0.9677,10.1069,13,7.8797
8922,1.7154623,0.9677,10.1069,13,7.8797
8923,1.7155874,0.9677,10.1146,13,7.8720
8924,1.7157124,0.9677,10.1069,13,7.8720
8925,1.7158374,0.9677,10.1069,13,7.8797
8926,1.7159623,0.9677,10.1069,13,7.8797
8927,1.7160874,0.9677,10.1146,13,7.8720
8928,1.7162124,0.9677,10.1069,13,7.8720
8929,1.7163374,0.9677,10.1069,13,7.8797
8930,1.7164623,0.9677,10.1069,13,7.8797
8931,1.7165874,0.9677,10.1146,13,7.8720
8932,1.7167124,0.9677,10.1069,13,7.8720
8933,1.7168374,0.9677,10.1069,13,7.8797
8934,1.7169623,0.9677,10.1069,13,7.8797
8935,1.7170874,0.9677,10.1146,13,7.8720
8936,1.7172124,0.9677,10.1069,13,7.8720
8937,1.7173374,0.9677,10.1069,13,7.8797
8938,1.7174623,0.9677,10.1069,13,7.8797
8939,1.7175874,0.9677,10.1146,13,7.8720
8940,1.7177124,0.9677,10.1069,13,7.8720
8941,1.7178374,0.9677,10.1069,13,7.8797
8942,1.7179623,0.9754,10.1069,13,7.8797
8943,1.7180874,0.9677,10.1146,13,7.8720
8944,1.7182124,0.9677,10.1069,13,7.8720
8945,1.7183374,0.9677,10.1069,13,7.8797
8946,1.7184625,0.9677,10.1146,13,7.8720
8947,1.7185874,0.9677,10.1146,13,7.8720
8948,1.7187124,0.9677,10.1069,13,7.8720
8949,1.7188374,0.9677,10.1069,13,7.8797
8950,1.7189625,0.9677,10.1146,13,7.8720
8951,1.7190874,0.9677,10.1146,13,7.8720
8952,1.7192124,0.9677,10.1069,13,7.8797
8953,1.7193374,0.9677,10.1069,13,7.8797
8954,1.7194625,0.9677,10.1146,13,7.8720
8955,1.7195874,0.9677,10.1069,13,7.8720
8956,1.7197124,0.9677,10.1069,13,7.8797
8957,1.7198374,0.9677,10.1069,13,7.8797
8958,1.7199625,0.9677,10.1146,13,7.8720
8959,1.7200874,0.9677,10.1069,13,7.8720
8960,1.7202124,0.9677,10.1069,13,7.8797
8961,1.7203374,0.9677,10.1069,13,7.8797
8962,1.7204625,0.9677,10.1146,13,7.8720
8963,1.7205874,0.9677,10.1069,13,7.8720
8964,1.7207124,0.9677,10.1069,13,7.8797
8965,1.7208374,0.9677,10.1069,13,7.8797
8966,1.7209625,0.9677,10.1146,13,7.8720
8967,1.7210874,0.9677,10.1069,13,7.8720
8968,1.7212124,0.9677,10.1069,13,7.8797
8969,1.7213374,0.9677,10.1069,13,7.8797
8970,1.7214625,0.9677,10.1146,13,7.8720
8971,1.7215874,0.9677,10.1069,13,7.8720
8972,1.7217124,0.9677,10.1069,13,7.8797
8973,1.7218375,0.9600,10.1146,13,7.8720
8974,1.7219625,0.9677,10.1146,13,7.8720
8975,1.7220874,0.9677,10.1069,13,7.8720
8976,1.7222124,0.9677,10.1069,13,7.8797
8977,1.7223375,0.9600,10.1146,13,7.8720
8978,1.7224625,0.9677,10.1146,13,7.8720
8979,1.7225874,0.9677,10.1069,13,7.8720
8980,1.7227124,0.9677,10.1069,13,7.8797
8981,1.7228375,0.9600,10.1146,13,7.8720
8982,1.7229625,0.9677,10.1146,13,7.8720
8983,1.7230874,0.9677,10.1069,13,7.8720
8984,1.7232124,0.9677,10.1069,13,7.8797
8985,1.7233375,0.9600,10.1146,13,7.8720
8986,1.7234625,0.9677,10.1146,13,7.8720
8987,1.7235874,0.9677,10.1069,13,7.8720
8988,1.7237124,0.9677,10.1069,13,7.8797
8989,1.7238375,0.9600,10.1146,13,7.8720
8990,1.7239625,0.9677,10.1146,13,7.8720
8991,1.7240874,0.9677,10.1069,13,7.8720
8992,1.7242124,0.9677,10.1069,13,7.8797
8993,1.7243375,0.9600,10.1146,13,7.8720
8994,1.7244625,0.9677,10.1146,13,7.8720
8995,1.7245874,0.9677,10.1069,13,7.8720
8996,1.7247124,0.9677,10.1069,13,7.8797
8997,1.7248375,0.9600,10.1146,13,7.8720
8998,1.7249625,0.9677,10.1146,13,7.8720
8999,1.7250874,0.9677,10.1069,13,7.8720
9000,1.7252124,0.9677,10.1069,13,7.8797
9001,1.7253375,0.9600,10.1146,13,7.8720
9002,1.7254625,0.9677,10.1146,13,7.8720
9003,1.7255874,0.9677,10.1069,13,7.8720
9004,1.7257126,0.9600,10.1146,13,7.8720
9005,1.7258375,0.9677,10.1146,13,7.8720
9006,1.7259625,0.9677,10.1146,13,7.8720
9007,1.7260874,0.9677,10.1069,13,7.8720
9008,1.7262126,0.9600,10.1146,13,7.8720
9009,1.7263375,0.9677,10.1146,13,7.8720
9010,1.7264625,0.9677,10.1146,13,7.8720
9011,1.7265874,0.9677,10.1069,13,7.8720
9012,1.7267126,0.9600,10.1146,13,7.8720
9013,1.7268375,0.9677,10.1146,13,7.8720
9014,1.7269625,0.9677,10.1146,13,7.8720
9015,1.7270874,0.9677,10.1069,13,7.8797
9016,1.7272126,0.9600,10.1146,13,7.8720
9017,1.7273375,0.9677,10.1146,13,7.8720
9018,1.7274625,0.9677,10.1069,13,7.8720
9019,1.7275874,0.9677,10.1069,13,7.8797
9020,1.7277126,0.9600,10.1146,13,7.8720
9021,1.7278375,0.9677,10.1146,13,7.8720
9022,1.7279625,0.9677,10.1069,13,7.8720
9023,1.7280874,0.9677,10.1069,13,7.8797
9024,1.7282126,0.9600,10.1146,13,7.8720
9025,1.7283375,0.9677,10.1146,13,7.8720
9026,1.7284625,0.9677,10.1069,13,7.8720
9027,1.7285874,0.9677,10.1069,13,7.8797
9028,1.7287126,0.9600,10.1146,13,7.8720
9029,1.7288375,0.9677,10.1146,13,7.8720
9030,1.7289625,0.9677,10.1069,13,7.8720
9031,1.7290876,0.9600,10.1146,13,7.8720
9032,1.7292126,0.9600,10.1146,13,7.8720
9033,1.7293375,0.9677,10.1146,13,7.8720
9034,1.7294625,0.9677,10.1069,13,7.8720
9035,1.7295876,0.9600,10.1146,13,7.8720
9036,1.7297126,0.9600,10.1146,13,7.8720
9037,1.7298375,0.9677,10.1146,13,7.8720
9038,1.7299625,0.9677,10.1069,13,7.8720
9039,1.7300876,0.9600,10.1146,13,7.8720
9040,1.7302126,0.9600,10.1146,13,7.8720
9041,1.7303375,0.9677,10.1146,13,7.8720
9042,1.7304625,0.9677,10.1069,13,7.8720
9043,1.7305876,0.9600,10.1146,13,7.8720
9044,1.7307126,0.9600,10.1146,13,7.8720
9045,1.7308375,0.9677,10.1146,13,7.8720
9046,1.7309625,0.9677,10.1069,13,7.8720
9047,1.7310876,0.9600,10.1146,13,7.8720
9048,1.7312126,0.9600,10.1146,13,7.8720
9049,1.7313375,0.9677,10.1146,13,7.8720
9050,1.7314625,0.9677,10.1069,13,7.8720
9051,1.7315876,0.9600,10.1146,13,7.8720
9052,1.7317126,0.9600,10.1146,13,7.8720
9053,1.7318375,0.9677,10.1146,13,7.8720
9054,1.7319625,0.9677,10.1069,13,7.8720
9055,1.7320876,0.9600,10.1146,13,7.8720
9056,1.7322126,0.9600,10.1146,13,7.8720
9057,1.7323375,0.9677,10.1146,13,7.8720
9058,1.7324625,0.9677,10.1069,13,7.8720
9059,1.7325876,0.9600,10.1146,13,7.8720
9060,1.7327126,0.9600,10.1146,13,7.8720
9061,1.7328375,0.9677,10.1146,13,7.8720
9062,1.7329626,0.9600,10.1146,13,7.8643
9063,1.7330876,0.9600,10.1146,13,7.8720
9064,1.7332126,0.9600,10.1146,13,7.8720
9065,1.7333375,0.9677,10.1146,13,7.8720
9066,1.7334626,0.9600,10.1146,13,7.8643
9067,1.7335876,0.9600,10.1146,13,7.8720
9068,1.7337126,0.9677,10.1146,13,7.8720
9069,1.7338375,0.9677,10.1146,13,7.8720
9070,1.7339626,0.9600,10.1146,13,7.8643
9071,1.7340876,0.9600,10.1146,13,7.8720
9072,1.7342126,0.9677,10.1146,13,7.8720
9073,1.7343375,0.9677,10.1146,13,7.8720
9074,1.7344626,0.9600,10.1146,13,7.8643
9075,1.7345876,0.9600,10.1146,13,7.8720
9076,1.7347126,0.9677,10.1146,13,7.8720
9077,1.7348375,0.9677,10.1146,13,7.8720
9078,1.7349626,0.9600,10.1146,13,7.8720
9079,1.7350876,0.9600,10.1146,13,7.8720
9080,1.7352126,0.9677,10.1146,13,7.8720
9081,1.7353375,0.9677,10.1069,13,7.8720
9082,1.7354626,0.9600,10.1146,13,7.8720
9083,1.7355876,0.9600,10.1146,13,7.8720
9084,1.7357126,0.9677,10.1146,13,7.8720
9085,1.7358375,0.9677,10.1069,13,7.8720
9086,1.7359626,0.9600,10.1146,13,7.8720
9087,1.7360876,0.9600,10.1146,13,7.8720
9088,1.7362126,0.9677,10.1146,13,7.8720
9089,1.7363377,0.9600,10.1146,13,7.8643
9090,1.7364626,0.9600,10.1146,13,7.8720
9091,1.7365876,0.9600,10.1146,13,7.8720
9092,1.7367126,0.9677,10.1146,13,7.8720
9093,1.7368377,0.9600,10.1146,13,7.8643
9094,1.7369626,0.9600,10.1146,13,7.8720
9095,1.7370876,0.9600,10.1146,13,7.8720
9096,1.7372126,0.9677,10.1146,13,7.8720
9097,1.7373377,0.9600,10.1146,13,7.8643
9098,1.7374626,0.9600,10.1146,13,7.8720
9099,1.7375876,0.9600,10.1146,13,7.8720
9100,1.7377126,0.9677,10.1146,13,7.8720
9101,1.7378377,0.9600,10.1146,13,7.8643
9102,1.7379626,0.9600,10.1146,13,7.8720
9103,1.7380876,0.9600,10.1146,13,7.8720
9104,1.7382126,0.9677,10.1146,13,7.8720
9105,1.7383377,0.9600,10.1146,13,7.8643
9106,1.7384626,0.9600,10.1146,13,7.8720
9107,1.7385876,0.9600,10.1146,13,7.8720
9108,1.7387126,0.9677,10.1146,13,7.8720
9109,1.7388377,0.9600,10.1146,13,7.8643
9110,1.7389626,0.9600,10.1146,13,7.8720
9111,1.7390876,0.9600,10.1146,13,7.8720
9112,1.7392126,0.9677,10.1146,13,7.8720
9113,1.7393377,0.9600,10.1146,13,7.8643
9114,1.7394626,0.9600,10.1146,13,7.8720
9115,1.7395876,0.9600,10.1146,13,7.8720
9116,1.7397126,0.9677,10.1146,13,7.8720
9117,1.7398377,0.9600,10.1146,13,7.8643
9118,1.7399626,0.9600,10.1146,13,7.8720
9119,1.7400876,0.9600,10.1146,13,7.8720
9120,1.7402127,0.9600,10.1222,13,7.8643
9121,1.7403377,0.9600,10.1146,13,7.8643
9122,1.7404626,0.9600,10.1146,13,7.8720
9123,1.7405876,0.9600,10.1146,13,7.8720
9124,1.7407127,0.9600,10.1222,13,7.8643
9125,1.7408377,0.9600,10.1146,13,7.8643
9126,1.7409626,0.9600,10.1146,13,7.8720
9127,1.7410876,0.9600,10.1146,13,7.8720
9128,1.7412127,0.9600,10.1222,13,7.8643
9129,1.7413377,0.9600,10.1146,13,7.8643
9130,1.7414626,0.9600,10.1146,13,7.8720
9131,1.7415876,0.9677,10.1146,13,7.8720
9132,1.7417127,0.9600,10.1222,13,7.8643
9133,1.7418377,0.9600,10.1146,13,7.8643
9134,1.7419626,0.9600,10.1146,13,7.8720
9135,1.7420876,0.9677,10.1146,13,7.8720
9136,1.7422127,0.9600,10.1222,13,7.8643
9137,1.7423377,0.9600,10.1146,13,7.8643
9138,1.7424626,0.9600,10.1146,13,7.8720
9139,1.7425876,0.9677,10.1146,13,7.8720
9140,1.7427127,0.9600,10.1222,13,7.8643
9141,1.7428377,0.9600,10.1146,13,7.8720
9142,1.7429626,0.9600,10.1146,13,7.8720
9143,1.7430876,0.9677,10.1146,13,7.8720
9144,1.7432127,0.9600,10.1146,13,7.8643
9145,1.7433377,0.9600,10.1146,13,7.8720
9146,1.7434626,0.9600,10.1146,13,7.8720
9147,1.7435878,0.9600,10.1222,13,7.8643
9148,1.7437127,0.9600,10.1146,13,7.8643
9149,1.7438377,0.9600,10.1146,13,7.8720
9150,1.7439626,0.9600,10.1146,13,7.8720
9151,1.7440878,0.9600,10.1222,13,7.8643
9152,1.7442127,0.9600,10.1146,13,7.8643
9153,1.7443377,0.9600,10.1146,13,7.8720
9154,1.7444626,0.9600,10.1146,13,7.8720
9155,1.7445878,0.9600,10.1222,13,7.8643
9156,1.7447127,0.9600,10.1146,13,7.8643
9157,1.7448377,0.9600,10.1146,13,7.8720
9158,1.7449626,0.9600,10.1146,13,7.8720
9159,1.7450878,0.9600,10.1222,13,7.8643
9160,1.7452127,0.9600,10.1146,13,7.8643
9161,1.7453377,0.9600,10.1146,13,7.8720
9162,1.7454626,0.9600,10.1146,13,7.8720
9163,1.7455878,0.9600,10.1222,13,7.8643
9164,1.7457127,0.9600,10.1146,13,7.8643
9165,1.7458377,0.9600,10.1146,13,7.8720
9166,1.7459626,0.9600,10.1146,13,7.8720
9167,1.7460878,0.9600,10.1222,13,7.8643
9168,1.7462127,0.9600,10.1146,13,7.8643
9169,1.7463377,0.9600,10.1146,13,7.8720
9170,1.7464626,0.9600,10.1146,13,7.8720
9171,1.7465878,0.9600,10.1222,13,7.8643
9172,1.7467127,0.9600,10.1146,13,7.8643
9173,1.7468377,0.9600,10.1146,13,7.8720
9174,1.7469626,0.9600,10.1146,13,7.8720
9175,1.7470878,0.9600,10.1222,13,7.8643
9176,1.7472127,0.9600,10.1146,13,7.8643
9177,1.7473377,0.9600,10.1146,13,7.8720
9178,1.7474628,0.9523,10.1222,13,7.8643
9179,1.7475878,0.9600,10.1222,13,7.8643
9180,1.7477127,0.9600,10.1146,13,7.8643
9181,1.7478377,0.9600,10.1146,13,7.8720
9182,1.7479628,0.9523,10.1222,13,7.8643
9183,1.7480878,0.9600,10.1222,13,7.8643
9184,1.7482127,0.9600,10.1146,13,7.8643
9185,1.7483377,0.9600,10.1146,13,7.8720
9186,1.7484628,0.9523,10.1222,13,7.8643
9187,1.7485878,0.9600,10.1222,13,7.8643
9188,1.7487127,0.9600,10.1146,13,7.8643
9189,1.7488377,0.9600,10.1146,13,7.8720
9190,1.7489628,0.9523,10.1222,13,7.8643
9191,1.7490878,0.9600,10.1222,13,7.8643
9192,1.7492127,0.9600,10.1146,13,7.8643
9193,1.7493377,0.9600,10.1146,13,7.8720
9194,1.7494628,0.9600,10.1222,13,7.8643
9195,1.7495878,0.9600,10.1222,13,7.8643
9196,1.7497127,0.9600,10.1146,13,7.8643
9197,1.7498377,0.9600,10.1146,13,7.8720
9198,1.7499628,0.9600,10.1222,13,7.8643
