Test project $PACKET/scratch/reversals-OFF/build
    Start 1: unit
1/1 Test #1: unit .............................***Failed    0.08 sec
Running "main" (60 tests)...
  "mrp_pdu_suite": 1690 passes in 16ms.
  "timer_suite": 14 passes in 2ms.
  "msrp_values_suite": 23 passes in 2ms.
$PACKET/scratch/reversals-OFF/source/tests/unit/receive_test.c:44: Failure: receive_suite -> truncation_respects_complete_vectors_and_pdu_end 
	Expected [mrpdu_parse(pdu,sizeof(pdu),a->ops,attr,la,0)] to [be less than] [0]
		actual value:			[0]
		expected to be less than:	[0]

  "receive_suite": 82 passes, 1 failure in 4ms.
  "transmit_suite": 106 passes in 5ms.
  "integration_suite": 371 passes in 12ms.
  "milan_suite": 442 passes in 10ms.
$PACKET/scratch/reversals-OFF/source/tests/unit/review_test.c:56: Failure: boundaries_suite -> later_versions_skip_unknown_messages_in_every_application 
	Expected [mrpdu_parse(pdu, len, a->ops, attribute, leaveall, ((void *)0))] to [be less than] [0]
		actual value:			[0]
		expected to be less than:	[0]

$PACKET/scratch/reversals-OFF/source/tests/unit/review_test.c:57: Failure: boundaries_suite -> later_versions_skip_unknown_messages_in_every_application 
	Expected [decoded + leavealls] to [equal] [0]
		actual value:			[1]
		expected value:			[0]

$PACKET/scratch/reversals-OFF/source/tests/unit/review_test.c:58: Failure: boundaries_suite -> later_versions_skip_unknown_messages_in_every_application 
	Expected [mrp_rx(a, 0, pdu, len)] to [be less than] [0]
		actual value:			[0]
		expected to be less than:	[0]

$PACKET/scratch/reversals-OFF/source/tests/unit/review_test.c:59: Failure: boundaries_suite -> later_versions_skip_unknown_messages_in_every_application 
	Expected [joins] to [equal] [before]
		actual value:			[2]
		expected value:			[1]

$PACKET/scratch/reversals-OFF/source/tests/unit/review_test.c:60: Failure: boundaries_suite -> later_versions_skip_unknown_messages_in_every_application 
	Expected [mrp_attr_visit(a, 0, ((void *)0), ((void *)0))] to [equal] [0]
		actual value:			[1]
		expected value:			[0]

$PACKET/scratch/reversals-OFF/source/tests/unit/review_test.c:56: Failure: boundaries_suite -> later_versions_skip_unknown_messages_in_every_application 
	Expected [mrpdu_parse(pdu, len, a->ops, attribute, leaveall, ((void *)0))] to [be less than] [0]
		actual value:			[0]
		expected to be less than:	[0]

$PACKET/scratch/reversals-OFF/source/tests/unit/review_test.c:57: Failure: boundaries_suite -> later_versions_skip_unknown_messages_in_every_application 
	Expected [decoded + leavealls] to [equal] [0]
		actual value:			[2]
		expected value:			[0]

$PACKET/scratch/reversals-OFF/source/tests/unit/review_test.c:58: Failure: boundaries_suite -> later_versions_skip_unknown_messages_in_every_application 
	Expected [mrp_rx(a, 0, pdu, len)] to [be less than] [0]
		actual value:			[0]
		expected to be less than:	[0]

$PACKET/scratch/reversals-OFF/source/tests/unit/review_test.c:59: Failure: boundaries_suite -> later_versions_skip_unknown_messages_in_every_application 
	Expected [joins] to [equal] [before]
		actual value:			[2]
		expected value:			[1]

$PACKET/scratch/reversals-OFF/source/tests/unit/review_test.c:60: Failure: boundaries_suite -> later_versions_skip_unknown_messages_in_every_application 
	Expected [mrp_attr_visit(a, 0, ((void *)0), ((void *)0))] to [equal] [0]
		actual value:			[1]
		expected value:			[0]

$PACKET/scratch/reversals-OFF/source/tests/unit/review_test.c:56: Failure: boundaries_suite -> later_versions_skip_unknown_messages_in_every_application 
	Expected [mrpdu_parse(pdu, len, a->ops, attribute, leaveall, ((void *)0))] to [be less than] [0]
		actual value:			[0]
		expected to be less than:	[0]

$PACKET/scratch/reversals-OFF/source/tests/unit/review_test.c:57: Failure: boundaries_suite -> later_versions_skip_unknown_messages_in_every_application 
	Expected [decoded + leavealls] to [equal] [0]
		actual value:			[3]
		expected value:			[0]

$PACKET/scratch/reversals-OFF/source/tests/unit/review_test.c:58: Failure: boundaries_suite -> later_versions_skip_unknown_messages_in_every_application 
	Expected [mrp_rx(a, 0, pdu, len)] to [be less than] [0]
		actual value:			[0]
		expected to be less than:	[0]

$PACKET/scratch/reversals-OFF/source/tests/unit/review_test.c:59: Failure: boundaries_suite -> later_versions_skip_unknown_messages_in_every_application 
	Expected [joins] to [equal] [before]
		actual value:			[2]
		expected value:			[1]

$PACKET/scratch/reversals-OFF/source/tests/unit/review_test.c:60: Failure: boundaries_suite -> later_versions_skip_unknown_messages_in_every_application 
	Expected [mrp_attr_visit(a, 0, ((void *)0), ((void *)0))] to [equal] [0]
		actual value:			[1]
		expected value:			[0]

$PACKET/scratch/reversals-OFF/source/tests/unit/review_test.c:56: Failure: boundaries_suite -> later_versions_skip_unknown_events_but_current_versions_reject_them 
	Expected [mrpdu_parse(pdu, len, a->ops, attribute, leaveall, ((void *)0))] to [be less than] [0]
		actual value:			[0]
		expected to be less than:	[0]

$PACKET/scratch/reversals-OFF/source/tests/unit/review_test.c:57: Failure: boundaries_suite -> later_versions_skip_unknown_events_but_current_versions_reject_them 
	Expected [decoded + leavealls] to [equal] [0]
		actual value:			[1]
		expected value:			[0]

$PACKET/scratch/reversals-OFF/source/tests/unit/review_test.c:58: Failure: boundaries_suite -> later_versions_skip_unknown_events_but_current_versions_reject_them 
	Expected [mrp_rx(a, 0, pdu, len)] to [be less than] [0]
		actual value:			[0]
		expected to be less than:	[0]

$PACKET/scratch/reversals-OFF/source/tests/unit/review_test.c:59: Failure: boundaries_suite -> later_versions_skip_unknown_events_but_current_versions_reject_them 
	Expected [joins] to [equal] [before]
		actual value:			[2]
		expected value:			[1]

$PACKET/scratch/reversals-OFF/source/tests/unit/review_test.c:60: Failure: boundaries_suite -> later_versions_skip_unknown_events_but_current_versions_reject_them 
	Expected [mrp_attr_visit(a, 0, ((void *)0), ((void *)0))] to [equal] [0]
		actual value:			[1]
		expected value:			[0]

$PACKET/scratch/reversals-OFF/source/tests/unit/review_test.c:56: Failure: boundaries_suite -> later_versions_skip_unknown_events_but_current_versions_reject_them 
	Expected [mrpdu_parse(pdu, len, a->ops, attribute, leaveall, ((void *)0))] to [be less than] [0]
		actual value:			[0]
		expected to be less than:	[0]

$PACKET/scratch/reversals-OFF/source/tests/unit/review_test.c:57: Failure: boundaries_suite -> later_versions_skip_unknown_events_but_current_versions_reject_them 
	Expected [decoded + leavealls] to [equal] [0]
		actual value:			[2]
		expected value:			[0]

$PACKET/scratch/reversals-OFF/source/tests/unit/review_test.c:58: Failure: boundaries_suite -> later_versions_skip_unknown_events_but_current_versions_reject_them 
	Expected [mrp_rx(a, 0, pdu, len)] to [be less than] [0]
		actual value:			[0]
		expected to be less than:	[0]

$PACKET/scratch/reversals-OFF/source/tests/unit/review_test.c:59: Failure: boundaries_suite -> later_versions_skip_unknown_events_but_current_versions_reject_them 
	Expected [joins] to [equal] [before]
		actual value:			[2]
		expected value:			[1]

$PACKET/scratch/reversals-OFF/source/tests/unit/review_test.c:60: Failure: boundaries_suite -> later_versions_skip_unknown_events_but_current_versions_reject_them 
	Expected [mrp_attr_visit(a, 0, ((void *)0), ((void *)0))] to [equal] [0]
		actual value:			[1]
		expected value:			[0]

$PACKET/scratch/reversals-OFF/source/tests/unit/review_test.c:56: Failure: boundaries_suite -> later_versions_skip_unknown_events_but_current_versions_reject_them 
	Expected [mrpdu_parse(pdu, len, a->ops, attribute, leaveall, ((void *)0))] to [be less than] [0]
		actual value:			[0]
		expected to be less than:	[0]

$PACKET/scratch/reversals-OFF/source/tests/unit/review_test.c:57: Failure: boundaries_suite -> later_versions_skip_unknown_events_but_current_versions_reject_them 
	Expected [decoded + leavealls] to [equal] [0]
		actual value:			[3]
		expected value:			[0]

$PACKET/scratch/reversals-OFF/source/tests/unit/review_test.c:58: Failure: boundaries_suite -> later_versions_skip_unknown_events_but_current_versions_reject_them 
	Expected [mrp_rx(a, 0, pdu, len)] to [be less than] [0]
		actual value:			[0]
		expected to be less than:	[0]

$PACKET/scratch/reversals-OFF/source/tests/unit/review_test.c:59: Failure: boundaries_suite -> later_versions_skip_unknown_events_but_current_versions_reject_them 
	Expected [joins] to [equal] [before]
		actual value:			[2]
		expected value:			[1]

$PACKET/scratch/reversals-OFF/source/tests/unit/review_test.c:60: Failure: boundaries_suite -> later_versions_skip_unknown_events_but_current_versions_reject_them 
	Expected [mrp_attr_visit(a, 0, ((void *)0), ((void *)0))] to [equal] [0]
		actual value:			[1]
		expected value:			[0]

$PACKET/scratch/reversals-OFF/source/tests/unit/review_test.c:56: Failure: boundaries_suite -> later_versions_skip_unknown_events_but_current_versions_reject_them 
	Expected [mrpdu_parse(pdu, len, a->ops, attribute, leaveall, ((void *)0))] to [be less than] [0]
		actual value:			[0]
		expected to be less than:	[0]

$PACKET/scratch/reversals-OFF/source/tests/unit/review_test.c:57: Failure: boundaries_suite -> later_versions_skip_unknown_events_but_current_versions_reject_them 
	Expected [decoded + leavealls] to [equal] [0]
		actual value:			[4]
		expected value:			[0]

$PACKET/scratch/reversals-OFF/source/tests/unit/review_test.c:58: Failure: boundaries_suite -> later_versions_skip_unknown_events_but_current_versions_reject_them 
	Expected [mrp_rx(a, 0, pdu, len)] to [be less than] [0]
		actual value:			[0]
		expected to be less than:	[0]

$PACKET/scratch/reversals-OFF/source/tests/unit/review_test.c:59: Failure: boundaries_suite -> later_versions_skip_unknown_events_but_current_versions_reject_them 
	Expected [joins] to [equal] [before]
		actual value:			[2]
		expected value:			[1]

$PACKET/scratch/reversals-OFF/source/tests/unit/review_test.c:60: Failure: boundaries_suite -> later_versions_skip_unknown_events_but_current_versions_reject_them 
	Expected [mrp_attr_visit(a, 0, ((void *)0), ((void *)0))] to [equal] [0]
		actual value:			[1]
		expected value:			[0]

$PACKET/scratch/reversals-OFF/source/tests/unit/review_test.c:56: Failure: boundaries_suite -> later_versions_skip_unknown_events_but_current_versions_reject_them 
	Expected [mrpdu_parse(pdu, len, a->ops, attribute, leaveall, ((void *)0))] to [be less than] [0]
		actual value:			[0]
		expected to be less than:	[0]

$PACKET/scratch/reversals-OFF/source/tests/unit/review_test.c:57: Failure: boundaries_suite -> later_versions_skip_unknown_events_but_current_versions_reject_them 
	Expected [decoded + leavealls] to [equal] [0]
		actual value:			[5]
		expected value:			[0]

$PACKET/scratch/reversals-OFF/source/tests/unit/review_test.c:58: Failure: boundaries_suite -> later_versions_skip_unknown_events_but_current_versions_reject_them 
	Expected [mrp_rx(a, 0, pdu, len)] to [be less than] [0]
		actual value:			[0]
		expected to be less than:	[0]

$PACKET/scratch/reversals-OFF/source/tests/unit/review_test.c:59: Failure: boundaries_suite -> later_versions_skip_unknown_events_but_current_versions_reject_them 
	Expected [joins] to [equal] [before]
		actual value:			[2]
		expected value:			[1]

$PACKET/scratch/reversals-OFF/source/tests/unit/review_test.c:60: Failure: boundaries_suite -> later_versions_skip_unknown_events_but_current_versions_reject_them 
	Expected [mrp_attr_visit(a, 0, ((void *)0), ((void *)0))] to [equal] [0]
		actual value:			[1]
		expected value:			[0]

$PACKET/scratch/reversals-OFF/source/tests/unit/review_test.c:56: Failure: boundaries_suite -> later_versions_skip_unknown_events_but_current_versions_reject_them 
	Expected [mrpdu_parse(pdu, len, a->ops, attribute, leaveall, ((void *)0))] to [be less than] [0]
		actual value:			[0]
		expected to be less than:	[0]

$PACKET/scratch/reversals-OFF/source/tests/unit/review_test.c:57: Failure: boundaries_suite -> later_versions_skip_unknown_events_but_current_versions_reject_them 
	Expected [decoded + leavealls] to [equal] [0]
		actual value:			[6]
		expected value:			[0]

$PACKET/scratch/reversals-OFF/source/tests/unit/review_test.c:58: Failure: boundaries_suite -> later_versions_skip_unknown_events_but_current_versions_reject_them 
	Expected [mrp_rx(a, 0, pdu, len)] to [be less than] [0]
		actual value:			[0]
		expected to be less than:	[0]

$PACKET/scratch/reversals-OFF/source/tests/unit/review_test.c:59: Failure: boundaries_suite -> later_versions_skip_unknown_events_but_current_versions_reject_them 
	Expected [joins] to [equal] [before]
		actual value:			[2]
		expected value:			[1]

$PACKET/scratch/reversals-OFF/source/tests/unit/review_test.c:60: Failure: boundaries_suite -> later_versions_skip_unknown_events_but_current_versions_reject_them 
	Expected [mrp_attr_visit(a, 0, ((void *)0), ((void *)0))] to [equal] [0]
		actual value:			[1]
		expected value:			[0]

$PACKET/scratch/reversals-OFF/source/tests/unit/review_test.c:56: Failure: boundaries_suite -> later_versions_skip_unknown_events_but_current_versions_reject_them 
	Expected [mrpdu_parse(pdu, len, a->ops, attribute, leaveall, ((void *)0))] to [be less than] [0]
		actual value:			[0]
		expected to be less than:	[0]

$PACKET/scratch/reversals-OFF/source/tests/unit/review_test.c:57: Failure: boundaries_suite -> later_versions_skip_unknown_events_but_current_versions_reject_them 
	Expected [decoded + leavealls] to [equal] [0]
		actual value:			[7]
		expected value:			[0]

$PACKET/scratch/reversals-OFF/source/tests/unit/review_test.c:58: Failure: boundaries_suite -> later_versions_skip_unknown_events_but_current_versions_reject_them 
	Expected [mrp_rx(a, 0, pdu, len)] to [be less than] [0]
		actual value:			[0]
		expected to be less than:	[0]

$PACKET/scratch/reversals-OFF/source/tests/unit/review_test.c:59: Failure: boundaries_suite -> later_versions_skip_unknown_events_but_current_versions_reject_them 
	Expected [joins] to [equal] [before]
		actual value:			[2]
		expected value:			[1]

$PACKET/scratch/reversals-OFF/source/tests/unit/review_test.c:60: Failure: boundaries_suite -> later_versions_skip_unknown_events_but_current_versions_reject_them 
	Expected [mrp_attr_visit(a, 0, ((void *)0), ((void *)0))] to [equal] [0]
		actual value:			[1]
		expected value:			[0]

$PACKET/scratch/reversals-OFF/source/tests/unit/review_test.c:56: Failure: boundaries_suite -> later_versions_skip_unknown_events_but_current_versions_reject_them 
	Expected [mrpdu_parse(pdu, len, a->ops, attribute, leaveall, ((void *)0))] to [be less than] [0]
		actual value:			[0]
		expected to be less than:	[0]

$PACKET/scratch/reversals-OFF/source/tests/unit/review_test.c:57: Failure: boundaries_suite -> later_versions_skip_unknown_events_but_current_versions_reject_them 
	Expected [decoded + leavealls] to [equal] [0]
		actual value:			[8]
		expected value:			[0]

$PACKET/scratch/reversals-OFF/source/tests/unit/review_test.c:58: Failure: boundaries_suite -> later_versions_skip_unknown_events_but_current_versions_reject_them 
	Expected [mrp_rx(a, 0, pdu, len)] to [be less than] [0]
		actual value:			[0]
		expected to be less than:	[0]

$PACKET/scratch/reversals-OFF/source/tests/unit/review_test.c:59: Failure: boundaries_suite -> later_versions_skip_unknown_events_but_current_versions_reject_them 
	Expected [joins] to [equal] [before]
		actual value:			[2]
		expected value:			[1]

$PACKET/scratch/reversals-OFF/source/tests/unit/review_test.c:60: Failure: boundaries_suite -> later_versions_skip_unknown_events_but_current_versions_reject_them 
	Expected [mrp_attr_visit(a, 0, ((void *)0), ((void *)0))] to [equal] [0]
		actual value:			[1]
		expected value:			[0]

$PACKET/scratch/reversals-OFF/source/tests/unit/review_test.c:56: Failure: boundaries_suite -> later_versions_skip_unknown_events_but_current_versions_reject_them 
	Expected [mrpdu_parse(pdu, len, a->ops, attribute, leaveall, ((void *)0))] to [be less than] [0]
		actual value:			[0]
		expected to be less than:	[0]

$PACKET/scratch/reversals-OFF/source/tests/unit/review_test.c:57: Failure: boundaries_suite -> later_versions_skip_unknown_events_but_current_versions_reject_them 
	Expected [decoded + leavealls] to [equal] [0]
		actual value:			[9]
		expected value:			[0]

$PACKET/scratch/reversals-OFF/source/tests/unit/review_test.c:58: Failure: boundaries_suite -> later_versions_skip_unknown_events_but_current_versions_reject_them 
	Expected [mrp_rx(a, 0, pdu, len)] to [be less than] [0]
		actual value:			[0]
		expected to be less than:	[0]

$PACKET/scratch/reversals-OFF/source/tests/unit/review_test.c:59: Failure: boundaries_suite -> later_versions_skip_unknown_events_but_current_versions_reject_them 
	Expected [joins] to [equal] [before]
		actual value:			[2]
		expected value:			[1]

$PACKET/scratch/reversals-OFF/source/tests/unit/review_test.c:60: Failure: boundaries_suite -> later_versions_skip_unknown_events_but_current_versions_reject_them 
	Expected [mrp_attr_visit(a, 0, ((void *)0), ((void *)0))] to [equal] [0]
		actual value:			[1]
		expected value:			[0]

$PACKET/scratch/reversals-OFF/source/tests/unit/review_test.c:56: Failure: boundaries_suite -> later_versions_skip_unknown_events_but_current_versions_reject_them 
	Expected [mrpdu_parse(pdu, len, a->ops, attribute, leaveall, ((void *)0))] to [be less than] [0]
		actual value:			[0]
		expected to be less than:	[0]

$PACKET/scratch/reversals-OFF/source/tests/unit/review_test.c:57: Failure: boundaries_suite -> later_versions_skip_unknown_events_but_current_versions_reject_them 
	Expected [decoded + leavealls] to [equal] [0]
		actual value:			[10]
		expected value:			[0]

$PACKET/scratch/reversals-OFF/source/tests/unit/review_test.c:58: Failure: boundaries_suite -> later_versions_skip_unknown_events_but_current_versions_reject_them 
	Expected [mrp_rx(a, 0, pdu, len)] to [be less than] [0]
		actual value:			[0]
		expected to be less than:	[0]

$PACKET/scratch/reversals-OFF/source/tests/unit/review_test.c:59: Failure: boundaries_suite -> later_versions_skip_unknown_events_but_current_versions_reject_them 
	Expected [joins] to [equal] [before]
		actual value:			[2]
		expected value:			[1]

$PACKET/scratch/reversals-OFF/source/tests/unit/review_test.c:60: Failure: boundaries_suite -> later_versions_skip_unknown_events_but_current_versions_reject_them 
	Expected [mrp_attr_visit(a, 0, ((void *)0), ((void *)0))] to [equal] [0]
		actual value:			[1]
		expected value:			[0]

$PACKET/scratch/reversals-OFF/source/tests/unit/review_test.c:56: Failure: boundaries_suite -> later_versions_skip_unknown_events_but_current_versions_reject_them 
	Expected [mrpdu_parse(pdu, len, a->ops, attribute, leaveall, ((void *)0))] to [be less than] [0]
		actual value:			[0]
		expected to be less than:	[0]

$PACKET/scratch/reversals-OFF/source/tests/unit/review_test.c:57: Failure: boundaries_suite -> later_versions_skip_unknown_events_but_current_versions_reject_them 
	Expected [decoded + leavealls] to [equal] [0]
		actual value:			[11]
		expected value:			[0]

$PACKET/scratch/reversals-OFF/source/tests/unit/review_test.c:58: Failure: boundaries_suite -> later_versions_skip_unknown_events_but_current_versions_reject_them 
	Expected [mrp_rx(a, 0, pdu, len)] to [be less than] [0]
		actual value:			[0]
		expected to be less than:	[0]

$PACKET/scratch/reversals-OFF/source/tests/unit/review_test.c:59: Failure: boundaries_suite -> later_versions_skip_unknown_events_but_current_versions_reject_them 
	Expected [joins] to [equal] [before]
		actual value:			[2]
		expected value:			[1]

$PACKET/scratch/reversals-OFF/source/tests/unit/review_test.c:60: Failure: boundaries_suite -> later_versions_skip_unknown_events_but_current_versions_reject_them 
	Expected [mrp_attr_visit(a, 0, ((void *)0), ((void *)0))] to [equal] [0]
		actual value:			[1]
		expected value:			[0]

$PACKET/scratch/reversals-OFF/source/tests/unit/review_test.c:56: Failure: boundaries_suite -> later_versions_skip_unknown_events_but_current_versions_reject_them 
	Expected [mrpdu_parse(pdu, len, a->ops, attribute, leaveall, ((void *)0))] to [be less than] [0]
		actual value:			[0]
		expected to be less than:	[0]

$PACKET/scratch/reversals-OFF/source/tests/unit/review_test.c:57: Failure: boundaries_suite -> later_versions_skip_unknown_events_but_current_versions_reject_them 
	Expected [decoded + leavealls] to [equal] [0]
		actual value:			[12]
		expected value:			[0]

$PACKET/scratch/reversals-OFF/source/tests/unit/review_test.c:58: Failure: boundaries_suite -> later_versions_skip_unknown_events_but_current_versions_reject_them 
	Expected [mrp_rx(a, 0, pdu, len)] to [be less than] [0]
		actual value:			[0]
		expected to be less than:	[0]

$PACKET/scratch/reversals-OFF/source/tests/unit/review_test.c:59: Failure: boundaries_suite -> later_versions_skip_unknown_events_but_current_versions_reject_them 
	Expected [joins] to [equal] [before]
		actual value:			[2]
		expected value:			[1]

$PACKET/scratch/reversals-OFF/source/tests/unit/review_test.c:60: Failure: boundaries_suite -> later_versions_skip_unknown_events_but_current_versions_reject_them 
	Expected [mrp_attr_visit(a, 0, ((void *)0), ((void *)0))] to [equal] [0]
		actual value:			[1]
		expected value:			[0]

$PACKET/scratch/reversals-OFF/source/tests/unit/review_test.c:56: Failure: boundaries_suite -> later_versions_skip_unknown_events_but_current_versions_reject_them 
	Expected [mrpdu_parse(pdu, len, a->ops, attribute, leaveall, ((void *)0))] to [be less than] [0]
		actual value:			[0]
		expected to be less than:	[0]

$PACKET/scratch/reversals-OFF/source/tests/unit/review_test.c:57: Failure: boundaries_suite -> later_versions_skip_unknown_events_but_current_versions_reject_them 
	Expected [decoded + leavealls] to [equal] [0]
		actual value:			[13]
		expected value:			[0]

$PACKET/scratch/reversals-OFF/source/tests/unit/review_test.c:58: Failure: boundaries_suite -> later_versions_skip_unknown_events_but_current_versions_reject_them 
	Expected [mrp_rx(a, 0, pdu, len)] to [be less than] [0]
		actual value:			[0]
		expected to be less than:	[0]

$PACKET/scratch/reversals-OFF/source/tests/unit/review_test.c:59: Failure: boundaries_suite -> later_versions_skip_unknown_events_but_current_versions_reject_them 
	Expected [joins] to [equal] [before]
		actual value:			[2]
		expected value:			[1]

$PACKET/scratch/reversals-OFF/source/tests/unit/review_test.c:60: Failure: boundaries_suite -> later_versions_skip_unknown_events_but_current_versions_reject_them 
	Expected [mrp_attr_visit(a, 0, ((void *)0), ((void *)0))] to [equal] [0]
		actual value:			[1]
		expected value:			[0]

$PACKET/scratch/reversals-OFF/source/tests/unit/review_test.c:56: Failure: boundaries_suite -> later_versions_skip_unknown_events_but_current_versions_reject_them 
	Expected [mrpdu_parse(pdu, len, a->ops, attribute, leaveall, ((void *)0))] to [be less than] [0]
		actual value:			[0]
		expected to be less than:	[0]

$PACKET/scratch/reversals-OFF/source/tests/unit/review_test.c:57: Failure: boundaries_suite -> later_versions_skip_unknown_events_but_current_versions_reject_them 
	Expected [decoded + leavealls] to [equal] [0]
		actual value:			[14]
		expected value:			[0]

$PACKET/scratch/reversals-OFF/source/tests/unit/review_test.c:58: Failure: boundaries_suite -> later_versions_skip_unknown_events_but_current_versions_reject_them 
	Expected [mrp_rx(a, 0, pdu, len)] to [be less than] [0]
		actual value:			[0]
		expected to be less than:	[0]

$PACKET/scratch/reversals-OFF/source/tests/unit/review_test.c:59: Failure: boundaries_suite -> later_versions_skip_unknown_events_but_current_versions_reject_them 
	Expected [joins] to [equal] [before]
		actual value:			[2]
		expected value:			[1]

$PACKET/scratch/reversals-OFF/source/tests/unit/review_test.c:60: Failure: boundaries_suite -> later_versions_skip_unknown_events_but_current_versions_reject_them 
	Expected [mrp_attr_visit(a, 0, ((void *)0), ((void *)0))] to [equal] [0]
		actual value:			[1]
		expected value:			[0]

$PACKET/scratch/reversals-OFF/source/tests/unit/review_test.c:56: Failure: boundaries_suite -> later_versions_skip_unknown_events_but_current_versions_reject_them 
	Expected [mrpdu_parse(pdu, len, a->ops, attribute, leaveall, ((void *)0))] to [be less than] [0]
		actual value:			[0]
		expected to be less than:	[0]

$PACKET/scratch/reversals-OFF/source/tests/unit/review_test.c:57: Failure: boundaries_suite -> later_versions_skip_unknown_events_but_current_versions_reject_them 
	Expected [decoded + leavealls] to [equal] [0]
		actual value:			[15]
		expected value:			[0]

$PACKET/scratch/reversals-OFF/source/tests/unit/review_test.c:58: Failure: boundaries_suite -> later_versions_skip_unknown_events_but_current_versions_reject_them 
	Expected [mrp_rx(a, 0, pdu, len)] to [be less than] [0]
		actual value:			[0]
		expected to be less than:	[0]

$PACKET/scratch/reversals-OFF/source/tests/unit/review_test.c:59: Failure: boundaries_suite -> later_versions_skip_unknown_events_but_current_versions_reject_them 
	Expected [joins] to [equal] [before]
		actual value:			[2]
		expected value:			[1]

$PACKET/scratch/reversals-OFF/source/tests/unit/review_test.c:60: Failure: boundaries_suite -> later_versions_skip_unknown_events_but_current_versions_reject_them 
	Expected [mrp_attr_visit(a, 0, ((void *)0), ((void *)0))] to [equal] [0]
		actual value:			[1]
		expected value:			[0]

$PACKET/scratch/reversals-OFF/source/tests/unit/review_test.c:56: Failure: boundaries_suite -> later_versions_skip_unknown_events_but_current_versions_reject_them 
	Expected [mrpdu_parse(pdu, len, a->ops, attribute, leaveall, ((void *)0))] to [be less than] [0]
		actual value:			[0]
		expected to be less than:	[0]

$PACKET/scratch/reversals-OFF/source/tests/unit/review_test.c:57: Failure: boundaries_suite -> later_versions_skip_unknown_events_but_current_versions_reject_them 
	Expected [decoded + leavealls] to [equal] [0]
		actual value:			[16]
		expected value:			[0]

$PACKET/scratch/reversals-OFF/source/tests/unit/review_test.c:58: Failure: boundaries_suite -> later_versions_skip_unknown_events_but_current_versions_reject_them 
	Expected [mrp_rx(a, 0, pdu, len)] to [be less than] [0]
		actual value:			[0]
		expected to be less than:	[0]

$PACKET/scratch/reversals-OFF/source/tests/unit/review_test.c:59: Failure: boundaries_suite -> later_versions_skip_unknown_events_but_current_versions_reject_them 
	Expected [joins] to [equal] [before]
		actual value:			[2]
		expected value:			[1]

$PACKET/scratch/reversals-OFF/source/tests/unit/review_test.c:60: Failure: boundaries_suite -> later_versions_skip_unknown_events_but_current_versions_reject_them 
	Expected [mrp_attr_visit(a, 0, ((void *)0), ((void *)0))] to [equal] [0]
		actual value:			[1]
		expected value:			[0]

$PACKET/scratch/reversals-OFF/source/tests/unit/review_test.c:56: Failure: boundaries_suite -> later_versions_skip_unknown_events_but_current_versions_reject_them 
	Expected [mrpdu_parse(pdu, len, a->ops, attribute, leaveall, ((void *)0))] to [be less than] [0]
		actual value:			[0]
		expected to be less than:	[0]

$PACKET/scratch/reversals-OFF/source/tests/unit/review_test.c:57: Failure: boundaries_suite -> later_versions_skip_unknown_events_but_current_versions_reject_them 
	Expected [decoded + leavealls] to [equal] [0]
		actual value:			[17]
		expected value:			[0]

$PACKET/scratch/reversals-OFF/source/tests/unit/review_test.c:58: Failure: boundaries_suite -> later_versions_skip_unknown_events_but_current_versions_reject_them 
	Expected [mrp_rx(a, 0, pdu, len)] to [be less than] [0]
		actual value:			[0]
		expected to be less than:	[0]

$PACKET/scratch/reversals-OFF/source/tests/unit/review_test.c:59: Failure: boundaries_suite -> later_versions_skip_unknown_events_but_current_versions_reject_them 
	Expected [joins] to [equal] [before]
		actual value:			[2]
		expected value:			[1]

$PACKET/scratch/reversals-OFF/source/tests/unit/review_test.c:60: Failure: boundaries_suite -> later_versions_skip_unknown_events_but_current_versions_reject_them 
	Expected [mrp_attr_visit(a, 0, ((void *)0), ((void *)0))] to [equal] [0]
		actual value:			[1]
		expected value:			[0]

$PACKET/scratch/reversals-OFF/source/tests/unit/review_test.c:56: Failure: boundaries_suite -> later_versions_skip_unknown_events_but_current_versions_reject_them 
	Expected [mrpdu_parse(pdu, len, a->ops, attribute, leaveall, ((void *)0))] to [be less than] [0]
		actual value:			[0]
		expected to be less than:	[0]

$PACKET/scratch/reversals-OFF/source/tests/unit/review_test.c:57: Failure: boundaries_suite -> later_versions_skip_unknown_events_but_current_versions_reject_them 
	Expected [decoded + leavealls] to [equal] [0]
		actual value:			[18]
		expected value:			[0]

$PACKET/scratch/reversals-OFF/source/tests/unit/review_test.c:58: Failure: boundaries_suite -> later_versions_skip_unknown_events_but_current_versions_reject_them 
	Expected [mrp_rx(a, 0, pdu, len)] to [be less than] [0]
		actual value:			[0]
		expected to be less than:	[0]

$PACKET/scratch/reversals-OFF/source/tests/unit/review_test.c:59: Failure: boundaries_suite -> later_versions_skip_unknown_events_but_current_versions_reject_them 
	Expected [joins] to [equal] [before]
		actual value:			[2]
		expected value:			[1]

$PACKET/scratch/reversals-OFF/source/tests/unit/review_test.c:60: Failure: boundaries_suite -> later_versions_skip_unknown_events_but_current_versions_reject_them 
	Expected [mrp_attr_visit(a, 0, ((void *)0), ((void *)0))] to [equal] [0]
		actual value:			[1]
		expected value:			[0]

$PACKET/scratch/reversals-OFF/source/tests/unit/review_test.c:56: Failure: boundaries_suite -> later_versions_skip_unknown_events_but_current_versions_reject_them 
	Expected [mrpdu_parse(pdu, len, a->ops, attribute, leaveall, ((void *)0))] to [be less than] [0]
		actual value:			[0]
		expected to be less than:	[0]

$PACKET/scratch/reversals-OFF/source/tests/unit/review_test.c:57: Failure: boundaries_suite -> later_versions_skip_unknown_events_but_current_versions_reject_them 
	Expected [decoded + leavealls] to [equal] [0]
		actual value:			[19]
		expected value:			[0]

$PACKET/scratch/reversals-OFF/source/tests/unit/review_test.c:58: Failure: boundaries_suite -> later_versions_skip_unknown_events_but_current_versions_reject_them 
	Expected [mrp_rx(a, 0, pdu, len)] to [be less than] [0]
		actual value:			[0]
		expected to be less than:	[0]

$PACKET/scratch/reversals-OFF/source/tests/unit/review_test.c:59: Failure: boundaries_suite -> later_versions_skip_unknown_events_but_current_versions_reject_them 
	Expected [joins] to [equal] [before]
		actual value:			[2]
		expected value:			[1]

$PACKET/scratch/reversals-OFF/source/tests/unit/review_test.c:60: Failure: boundaries_suite -> later_versions_skip_unknown_events_but_current_versions_reject_them 
	Expected [mrp_attr_visit(a, 0, ((void *)0), ((void *)0))] to [equal] [0]
		actual value:			[1]
		expected value:			[0]

$PACKET/scratch/reversals-OFF/source/tests/unit/review_test.c:56: Failure: boundaries_suite -> later_versions_skip_unknown_events_but_current_versions_reject_them 
	Expected [mrpdu_parse(pdu, len, a->ops, attribute, leaveall, ((void *)0))] to [be less than] [0]
		actual value:			[0]
		expected to be less than:	[0]

$PACKET/scratch/reversals-OFF/source/tests/unit/review_test.c:57: Failure: boundaries_suite -> later_versions_skip_unknown_events_but_current_versions_reject_them 
	Expected [decoded + leavealls] to [equal] [0]
		actual value:			[20]
		expected value:			[0]

$PACKET/scratch/reversals-OFF/source/tests/unit/review_test.c:58: Failure: boundaries_suite -> later_versions_skip_unknown_events_but_current_versions_reject_them 
	Expected [mrp_rx(a, 0, pdu, len)] to [be less than] [0]
		actual value:			[0]
		expected to be less than:	[0]

$PACKET/scratch/reversals-OFF/source/tests/unit/review_test.c:59: Failure: boundaries_suite -> later_versions_skip_unknown_events_but_current_versions_reject_them 
	Expected [joins] to [equal] [before]
		actual value:			[2]
		expected value:			[1]

$PACKET/scratch/reversals-OFF/source/tests/unit/review_test.c:60: Failure: boundaries_suite -> later_versions_skip_unknown_events_but_current_versions_reject_them 
	Expected [mrp_attr_visit(a, 0, ((void *)0), ((void *)0))] to [equal] [0]
		actual value:			[1]
		expected value:			[0]

$PACKET/scratch/reversals-OFF/source/tests/unit/review_test.c:56: Failure: boundaries_suite -> later_versions_skip_unknown_events_but_current_versions_reject_them 
	Expected [mrpdu_parse(pdu, len, a->ops, attribute, leaveall, ((void *)0))] to [be less than] [0]
		actual value:			[0]
		expected to be less than:	[0]

$PACKET/scratch/reversals-OFF/source/tests/unit/review_test.c:57: Failure: boundaries_suite -> later_versions_skip_unknown_events_but_current_versions_reject_them 
	Expected [decoded + leavealls] to [equal] [0]
		actual value:			[21]
		expected value:			[0]

$PACKET/scratch/reversals-OFF/source/tests/unit/review_test.c:58: Failure: boundaries_suite -> later_versions_skip_unknown_events_but_current_versions_reject_them 
	Expected [mrp_rx(a, 0, pdu, len)] to [be less than] [0]
		actual value:			[0]
		expected to be less than:	[0]

$PACKET/scratch/reversals-OFF/source/tests/unit/review_test.c:59: Failure: boundaries_suite -> later_versions_skip_unknown_events_but_current_versions_reject_them 
	Expected [joins] to [equal] [before]
		actual value:			[2]
		expected value:			[1]

$PACKET/scratch/reversals-OFF/source/tests/unit/review_test.c:60: Failure: boundaries_suite -> later_versions_skip_unknown_events_but_current_versions_reject_them 
	Expected [mrp_attr_visit(a, 0, ((void *)0), ((void *)0))] to [equal] [0]
		actual value:			[1]
		expected value:			[0]

$PACKET/scratch/reversals-OFF/source/tests/unit/review_test.c:56: Failure: boundaries_suite -> later_versions_skip_unknown_events_but_current_versions_reject_them 
	Expected [mrpdu_parse(pdu, len, a->ops, attribute, leaveall, ((void *)0))] to [be less than] [0]
		actual value:			[0]
		expected to be less than:	[0]

$PACKET/scratch/reversals-OFF/source/tests/unit/review_test.c:57: Failure: boundaries_suite -> later_versions_skip_unknown_events_but_current_versions_reject_them 
	Expected [decoded + leavealls] to [equal] [0]
		actual value:			[22]
		expected value:			[0]

$PACKET/scratch/reversals-OFF/source/tests/unit/review_test.c:58: Failure: boundaries_suite -> later_versions_skip_unknown_events_but_current_versions_reject_them 
	Expected [mrp_rx(a, 0, pdu, len)] to [be less than] [0]
		actual value:			[0]
		expected to be less than:	[0]

$PACKET/scratch/reversals-OFF/source/tests/unit/review_test.c:59: Failure: boundaries_suite -> later_versions_skip_unknown_events_but_current_versions_reject_them 
	Expected [joins] to [equal] [before]
		actual value:			[2]
		expected value:			[1]

$PACKET/scratch/reversals-OFF/source/tests/unit/review_test.c:60: Failure: boundaries_suite -> later_versions_skip_unknown_events_but_current_versions_reject_them 
	Expected [mrp_attr_visit(a, 0, ((void *)0), ((void *)0))] to [equal] [0]
		actual value:			[1]
		expected value:			[0]

$PACKET/scratch/reversals-OFF/source/tests/unit/review_test.c:56: Failure: boundaries_suite -> later_versions_skip_unknown_events_but_current_versions_reject_them 
	Expected [mrpdu_parse(pdu, len, a->ops, attribute, leaveall, ((void *)0))] to [be less than] [0]
		actual value:			[0]
		expected to be less than:	[0]

$PACKET/scratch/reversals-OFF/source/tests/unit/review_test.c:57: Failure: boundaries_suite -> later_versions_skip_unknown_events_but_current_versions_reject_them 
	Expected [decoded + leavealls] to [equal] [0]
		actual value:			[23]
		expected value:			[0]

$PACKET/scratch/reversals-OFF/source/tests/unit/review_test.c:58: Failure: boundaries_suite -> later_versions_skip_unknown_events_but_current_versions_reject_them 
	Expected [mrp_rx(a, 0, pdu, len)] to [be less than] [0]
		actual value:			[0]
		expected to be less than:	[0]

$PACKET/scratch/reversals-OFF/source/tests/unit/review_test.c:59: Failure: boundaries_suite -> later_versions_skip_unknown_events_but_current_versions_reject_them 
	Expected [joins] to [equal] [before]
		actual value:			[2]
		expected value:			[1]

$PACKET/scratch/reversals-OFF/source/tests/unit/review_test.c:60: Failure: boundaries_suite -> later_versions_skip_unknown_events_but_current_versions_reject_them 
	Expected [mrp_attr_visit(a, 0, ((void *)0), ((void *)0))] to [equal] [0]
		actual value:			[1]
		expected value:			[0]

$PACKET/scratch/reversals-OFF/source/tests/unit/review_test.c:56: Failure: boundaries_suite -> later_versions_skip_unknown_events_but_current_versions_reject_them 
	Expected [mrpdu_parse(pdu, len, a->ops, attribute, leaveall, ((void *)0))] to [be less than] [0]
		actual value:			[0]
		expected to be less than:	[0]

$PACKET/scratch/reversals-OFF/source/tests/unit/review_test.c:57: Failure: boundaries_suite -> later_versions_skip_unknown_events_but_current_versions_reject_them 
	Expected [decoded + leavealls] to [equal] [0]
		actual value:			[24]
		expected value:			[0]

$PACKET/scratch/reversals-OFF/source/tests/unit/review_test.c:58: Failure: boundaries_suite -> later_versions_skip_unknown_events_but_current_versions_reject_them 
	Expected [mrp_rx(a, 0, pdu, len)] to [be less than] [0]
		actual value:			[0]
		expected to be less than:	[0]

$PACKET/scratch/reversals-OFF/source/tests/unit/review_test.c:59: Failure: boundaries_suite -> later_versions_skip_unknown_events_but_current_versions_reject_them 
	Expected [joins] to [equal] [before]
		actual value:			[2]
		expected value:			[1]

$PACKET/scratch/reversals-OFF/source/tests/unit/review_test.c:60: Failure: boundaries_suite -> later_versions_skip_unknown_events_but_current_versions_reject_them 
	Expected [mrp_attr_visit(a, 0, ((void *)0), ((void *)0))] to [equal] [0]
		actual value:			[1]
		expected value:			[0]

$PACKET/scratch/reversals-OFF/source/tests/unit/review_test.c:56: Failure: boundaries_suite -> later_versions_skip_unknown_events_but_current_versions_reject_them 
	Expected [mrpdu_parse(pdu, len, a->ops, attribute, leaveall, ((void *)0))] to [be less than] [0]
		actual value:			[0]
		expected to be less than:	[0]

$PACKET/scratch/reversals-OFF/source/tests/unit/review_test.c:57: Failure: boundaries_suite -> later_versions_skip_unknown_events_but_current_versions_reject_them 
	Expected [decoded + leavealls] to [equal] [0]
		actual value:			[25]
		expected value:			[0]

$PACKET/scratch/reversals-OFF/source/tests/unit/review_test.c:58: Failure: boundaries_suite -> later_versions_skip_unknown_events_but_current_versions_reject_them 
	Expected [mrp_rx(a, 0, pdu, len)] to [be less than] [0]
		actual value:			[0]
		expected to be less than:	[0]

$PACKET/scratch/reversals-OFF/source/tests/unit/review_test.c:59: Failure: boundaries_suite -> later_versions_skip_unknown_events_but_current_versions_reject_them 
	Expected [joins] to [equal] [before]
		actual value:			[2]
		expected value:			[1]

$PACKET/scratch/reversals-OFF/source/tests/unit/review_test.c:60: Failure: boundaries_suite -> later_versions_skip_unknown_events_but_current_versions_reject_them 
	Expected [mrp_attr_visit(a, 0, ((void *)0), ((void *)0))] to [equal] [0]
		actual value:			[1]
		expected value:			[0]

$PACKET/scratch/reversals-OFF/source/tests/unit/review_test.c:56: Failure: boundaries_suite -> later_versions_skip_unknown_events_but_current_versions_reject_them 
	Expected [mrpdu_parse(pdu, len, a->ops, attribute, leaveall, ((void *)0))] to [be less than] [0]
		actual value:			[0]
		expected to be less than:	[0]

$PACKET/scratch/reversals-OFF/source/tests/unit/review_test.c:57: Failure: boundaries_suite -> later_versions_skip_unknown_events_but_current_versions_reject_them 
	Expected [decoded + leavealls] to [equal] [0]
		actual value:			[26]
		expected value:			[0]

$PACKET/scratch/reversals-OFF/source/tests/unit/review_test.c:58: Failure: boundaries_suite -> later_versions_skip_unknown_events_but_current_versions_reject_them 
	Expected [mrp_rx(a, 0, pdu, len)] to [be less than] [0]
		actual value:			[0]
		expected to be less than:	[0]

$PACKET/scratch/reversals-OFF/source/tests/unit/review_test.c:59: Failure: boundaries_suite -> later_versions_skip_unknown_events_but_current_versions_reject_them 
	Expected [joins] to [equal] [before]
		actual value:			[2]
		expected value:			[1]

$PACKET/scratch/reversals-OFF/source/tests/unit/review_test.c:60: Failure: boundaries_suite -> later_versions_skip_unknown_events_but_current_versions_reject_them 
	Expected [mrp_attr_visit(a, 0, ((void *)0), ((void *)0))] to [equal] [0]
		actual value:			[1]
		expected value:			[0]

$PACKET/scratch/reversals-OFF/source/tests/unit/review_test.c:56: Failure: boundaries_suite -> later_versions_skip_unknown_events_but_current_versions_reject_them 
	Expected [mrpdu_parse(pdu, len, a->ops, attribute, leaveall, ((void *)0))] to [be less than] [0]
		actual value:			[0]
		expected to be less than:	[0]

$PACKET/scratch/reversals-OFF/source/tests/unit/review_test.c:57: Failure: boundaries_suite -> later_versions_skip_unknown_events_but_current_versions_reject_them 
	Expected [decoded + leavealls] to [equal] [0]
		actual value:			[27]
		expected value:			[0]

$PACKET/scratch/reversals-OFF/source/tests/unit/review_test.c:58: Failure: boundaries_suite -> later_versions_skip_unknown_events_but_current_versions_reject_them 
	Expected [mrp_rx(a, 0, pdu, len)] to [be less than] [0]
		actual value:			[0]
		expected to be less than:	[0]

$PACKET/scratch/reversals-OFF/source/tests/unit/review_test.c:59: Failure: boundaries_suite -> later_versions_skip_unknown_events_but_current_versions_reject_them 
	Expected [joins] to [equal] [before]
		actual value:			[2]
		expected value:			[1]

$PACKET/scratch/reversals-OFF/source/tests/unit/review_test.c:60: Failure: boundaries_suite -> later_versions_skip_unknown_events_but_current_versions_reject_them 
	Expected [mrp_attr_visit(a, 0, ((void *)0), ((void *)0))] to [equal] [0]
		actual value:			[1]
		expected value:			[0]

$PACKET/scratch/reversals-OFF/source/tests/unit/review_test.c:56: Failure: boundaries_suite -> later_versions_skip_unknown_events_but_current_versions_reject_them 
	Expected [mrpdu_parse(pdu, len, a->ops, attribute, leaveall, ((void *)0))] to [be less than] [0]
		actual value:			[0]
		expected to be less than:	[0]

$PACKET/scratch/reversals-OFF/source/tests/unit/review_test.c:57: Failure: boundaries_suite -> later_versions_skip_unknown_events_but_current_versions_reject_them 
	Expected [decoded + leavealls] to [equal] [0]
		actual value:			[28]
		expected value:			[0]

$PACKET/scratch/reversals-OFF/source/tests/unit/review_test.c:58: Failure: boundaries_suite -> later_versions_skip_unknown_events_but_current_versions_reject_them 
	Expected [mrp_rx(a, 0, pdu, len)] to [be less than] [0]
		actual value:			[0]
		expected to be less than:	[0]

$PACKET/scratch/reversals-OFF/source/tests/unit/review_test.c:59: Failure: boundaries_suite -> later_versions_skip_unknown_events_but_current_versions_reject_them 
	Expected [joins] to [equal] [before]
		actual value:			[2]
		expected value:			[1]

$PACKET/scratch/reversals-OFF/source/tests/unit/review_test.c:60: Failure: boundaries_suite -> later_versions_skip_unknown_events_but_current_versions_reject_them 
	Expected [mrp_attr_visit(a, 0, ((void *)0), ((void *)0))] to [equal] [0]
		actual value:			[1]
		expected value:			[0]

$PACKET/scratch/reversals-OFF/source/tests/unit/review_test.c:56: Failure: boundaries_suite -> later_versions_skip_unknown_events_but_current_versions_reject_them 
	Expected [mrpdu_parse(pdu, len, a->ops, attribute, leaveall, ((void *)0))] to [be less than] [0]
		actual value:			[0]
		expected to be less than:	[0]

$PACKET/scratch/reversals-OFF/source/tests/unit/review_test.c:57: Failure: boundaries_suite -> later_versions_skip_unknown_events_but_current_versions_reject_them 
	Expected [decoded + leavealls] to [equal] [0]
		actual value:			[29]
		expected value:			[0]

$PACKET/scratch/reversals-OFF/source/tests/unit/review_test.c:58: Failure: boundaries_suite -> later_versions_skip_unknown_events_but_current_versions_reject_them 
	Expected [mrp_rx(a, 0, pdu, len)] to [be less than] [0]
		actual value:			[0]
		expected to be less than:	[0]

$PACKET/scratch/reversals-OFF/source/tests/unit/review_test.c:59: Failure: boundaries_suite -> later_versions_skip_unknown_events_but_current_versions_reject_them 
	Expected [joins] to [equal] [before]
		actual value:			[2]
		expected value:			[1]

$PACKET/scratch/reversals-OFF/source/tests/unit/review_test.c:60: Failure: boundaries_suite -> later_versions_skip_unknown_events_but_current_versions_reject_them 
	Expected [mrp_attr_visit(a, 0, ((void *)0), ((void *)0))] to [equal] [0]
		actual value:			[1]
		expected value:			[0]

$PACKET/scratch/reversals-OFF/source/tests/unit/review_test.c:56: Failure: boundaries_suite -> later_versions_skip_unknown_events_but_current_versions_reject_them 
	Expected [mrpdu_parse(pdu, len, a->ops, attribute, leaveall, ((void *)0))] to [be less than] [0]
		actual value:			[0]
		expected to be less than:	[0]

$PACKET/scratch/reversals-OFF/source/tests/unit/review_test.c:57: Failure: boundaries_suite -> later_versions_skip_unknown_events_but_current_versions_reject_them 
	Expected [decoded + leavealls] to [equal] [0]
		actual value:			[30]
		expected value:			[0]

$PACKET/scratch/reversals-OFF/source/tests/unit/review_test.c:58: Failure: boundaries_suite -> later_versions_skip_unknown_events_but_current_versions_reject_them 
	Expected [mrp_rx(a, 0, pdu, len)] to [be less than] [0]
		actual value:			[0]
		expected to be less than:	[0]

$PACKET/scratch/reversals-OFF/source/tests/unit/review_test.c:59: Failure: boundaries_suite -> later_versions_skip_unknown_events_but_current_versions_reject_them 
	Expected [joins] to [equal] [before]
		actual value:			[2]
		expected value:			[1]

$PACKET/scratch/reversals-OFF/source/tests/unit/review_test.c:60: Failure: boundaries_suite -> later_versions_skip_unknown_events_but_current_versions_reject_them 
	Expected [mrp_attr_visit(a, 0, ((void *)0), ((void *)0))] to [equal] [0]
		actual value:			[1]
		expected value:			[0]

$PACKET/scratch/reversals-OFF/source/tests/unit/review_test.c:56: Failure: boundaries_suite -> later_versions_skip_unknown_events_but_current_versions_reject_them 
	Expected [mrpdu_parse(pdu, len, a->ops, attribute, leaveall, ((void *)0))] to [be less than] [0]
		actual value:			[0]
		expected to be less than:	[0]

$PACKET/scratch/reversals-OFF/source/tests/unit/review_test.c:57: Failure: boundaries_suite -> later_versions_skip_unknown_events_but_current_versions_reject_them 
	Expected [decoded + leavealls] to [equal] [0]
		actual value:			[31]
		expected value:			[0]

$PACKET/scratch/reversals-OFF/source/tests/unit/review_test.c:58: Failure: boundaries_suite -> later_versions_skip_unknown_events_but_current_versions_reject_them 
	Expected [mrp_rx(a, 0, pdu, len)] to [be less than] [0]
		actual value:			[0]
		expected to be less than:	[0]

$PACKET/scratch/reversals-OFF/source/tests/unit/review_test.c:59: Failure: boundaries_suite -> later_versions_skip_unknown_events_but_current_versions_reject_them 
	Expected [joins] to [equal] [before]
		actual value:			[2]
		expected value:			[1]

$PACKET/scratch/reversals-OFF/source/tests/unit/review_test.c:60: Failure: boundaries_suite -> later_versions_skip_unknown_events_but_current_versions_reject_them 
	Expected [mrp_attr_visit(a, 0, ((void *)0), ((void *)0))] to [equal] [0]
		actual value:			[1]
		expected value:			[0]

$PACKET/scratch/reversals-OFF/source/tests/unit/review_test.c:56: Failure: boundaries_suite -> later_versions_skip_unknown_events_but_current_versions_reject_them 
	Expected [mrpdu_parse(pdu, len, a->ops, attribute, leaveall, ((void *)0))] to [be less than] [0]
		actual value:			[0]
		expected to be less than:	[0]

$PACKET/scratch/reversals-OFF/source/tests/unit/review_test.c:57: Failure: boundaries_suite -> later_versions_skip_unknown_events_but_current_versions_reject_them 
	Expected [decoded + leavealls] to [equal] [0]
		actual value:			[32]
		expected value:			[0]

$PACKET/scratch/reversals-OFF/source/tests/unit/review_test.c:58: Failure: boundaries_suite -> later_versions_skip_unknown_events_but_current_versions_reject_them 
	Expected [mrp_rx(a, 0, pdu, len)] to [be less than] [0]
		actual value:			[0]
		expected to be less than:	[0]

$PACKET/scratch/reversals-OFF/source/tests/unit/review_test.c:59: Failure: boundaries_suite -> later_versions_skip_unknown_events_but_current_versions_reject_them 
	Expected [joins] to [equal] [before]
		actual value:			[2]
		expected value:			[1]

$PACKET/scratch/reversals-OFF/source/tests/unit/review_test.c:60: Failure: boundaries_suite -> later_versions_skip_unknown_events_but_current_versions_reject_them 
	Expected [mrp_attr_visit(a, 0, ((void *)0), ((void *)0))] to [equal] [0]
		actual value:			[1]
		expected value:			[0]

$PACKET/scratch/reversals-OFF/source/tests/unit/review_test.c:56: Failure: boundaries_suite -> later_versions_skip_unknown_events_but_current_versions_reject_them 
	Expected [mrpdu_parse(pdu, len, a->ops, attribute, leaveall, ((void *)0))] to [be less than] [0]
		actual value:			[0]
		expected to be less than:	[0]

$PACKET/scratch/reversals-OFF/source/tests/unit/review_test.c:57: Failure: boundaries_suite -> later_versions_skip_unknown_events_but_current_versions_reject_them 
	Expected [decoded + leavealls] to [equal] [0]
		actual value:			[33]
		expected value:			[0]

$PACKET/scratch/reversals-OFF/source/tests/unit/review_test.c:58: Failure: boundaries_suite -> later_versions_skip_unknown_events_but_current_versions_reject_them 
	Expected [mrp_rx(a, 0, pdu, len)] to [be less than] [0]
		actual value:			[0]
		expected to be less than:	[0]

$PACKET/scratch/reversals-OFF/source/tests/unit/review_test.c:59: Failure: boundaries_suite -> later_versions_skip_unknown_events_but_current_versions_reject_them 
	Expected [joins] to [equal] [before]
		actual value:			[2]
		expected value:			[1]

$PACKET/scratch/reversals-OFF/source/tests/unit/review_test.c:60: Failure: boundaries_suite -> later_versions_skip_unknown_events_but_current_versions_reject_them 
	Expected [mrp_attr_visit(a, 0, ((void *)0), ((void *)0))] to [equal] [0]
		actual value:			[1]
		expected value:			[0]

$PACKET/scratch/reversals-OFF/source/tests/unit/review_test.c:56: Failure: boundaries_suite -> later_versions_skip_unknown_events_but_current_versions_reject_them 
	Expected [mrpdu_parse(pdu, len, a->ops, attribute, leaveall, ((void *)0))] to [be less than] [0]
		actual value:			[0]
		expected to be less than:	[0]

$PACKET/scratch/reversals-OFF/source/tests/unit/review_test.c:57: Failure: boundaries_suite -> later_versions_skip_unknown_events_but_current_versions_reject_them 
	Expected [decoded + leavealls] to [equal] [0]
		actual value:			[34]
		expected value:			[0]

$PACKET/scratch/reversals-OFF/source/tests/unit/review_test.c:58: Failure: boundaries_suite -> later_versions_skip_unknown_events_but_current_versions_reject_them 
	Expected [mrp_rx(a, 0, pdu, len)] to [be less than] [0]
		actual value:			[0]
		expected to be less than:	[0]

$PACKET/scratch/reversals-OFF/source/tests/unit/review_test.c:59: Failure: boundaries_suite -> later_versions_skip_unknown_events_but_current_versions_reject_them 
	Expected [joins] to [equal] [before]
		actual value:			[2]
		expected value:			[1]

$PACKET/scratch/reversals-OFF/source/tests/unit/review_test.c:60: Failure: boundaries_suite -> later_versions_skip_unknown_events_but_current_versions_reject_them 
	Expected [mrp_attr_visit(a, 0, ((void *)0), ((void *)0))] to [equal] [0]
		actual value:			[1]
		expected value:			[0]

$PACKET/scratch/reversals-OFF/source/tests/unit/review_test.c:56: Failure: boundaries_suite -> later_versions_skip_unknown_events_but_current_versions_reject_them 
	Expected [mrpdu_parse(pdu, len, a->ops, attribute, leaveall, ((void *)0))] to [be less than] [0]
		actual value:			[0]
		expected to be less than:	[0]

$PACKET/scratch/reversals-OFF/source/tests/unit/review_test.c:57: Failure: boundaries_suite -> later_versions_skip_unknown_events_but_current_versions_reject_them 
	Expected [decoded + leavealls] to [equal] [0]
		actual value:			[35]
		expected value:			[0]

$PACKET/scratch/reversals-OFF/source/tests/unit/review_test.c:58: Failure: boundaries_suite -> later_versions_skip_unknown_events_but_current_versions_reject_them 
	Expected [mrp_rx(a, 0, pdu, len)] to [be less than] [0]
		actual value:			[0]
		expected to be less than:	[0]

$PACKET/scratch/reversals-OFF/source/tests/unit/review_test.c:59: Failure: boundaries_suite -> later_versions_skip_unknown_events_but_current_versions_reject_them 
	Expected [joins] to [equal] [before]
		actual value:			[2]
		expected value:			[1]

$PACKET/scratch/reversals-OFF/source/tests/unit/review_test.c:60: Failure: boundaries_suite -> later_versions_skip_unknown_events_but_current_versions_reject_them 
	Expected [mrp_attr_visit(a, 0, ((void *)0), ((void *)0))] to [equal] [0]
		actual value:			[1]
		expected value:			[0]

$PACKET/scratch/reversals-OFF/source/tests/unit/review_test.c:56: Failure: boundaries_suite -> later_versions_skip_unknown_events_but_current_versions_reject_them 
	Expected [mrpdu_parse(pdu, len, a->ops, attribute, leaveall, ((void *)0))] to [be less than] [0]
		actual value:			[0]
		expected to be less than:	[0]

$PACKET/scratch/reversals-OFF/source/tests/unit/review_test.c:57: Failure: boundaries_suite -> later_versions_skip_unknown_events_but_current_versions_reject_them 
	Expected [decoded + leavealls] to [equal] [0]
		actual value:			[36]
		expected value:			[0]

$PACKET/scratch/reversals-OFF/source/tests/unit/review_test.c:58: Failure: boundaries_suite -> later_versions_skip_unknown_events_but_current_versions_reject_them 
	Expected [mrp_rx(a, 0, pdu, len)] to [be less than] [0]
		actual value:			[0]
		expected to be less than:	[0]

$PACKET/scratch/reversals-OFF/source/tests/unit/review_test.c:59: Failure: boundaries_suite -> later_versions_skip_unknown_events_but_current_versions_reject_them 
	Expected [joins] to [equal] [before]
		actual value:			[2]
		expected value:			[1]

$PACKET/scratch/reversals-OFF/source/tests/unit/review_test.c:60: Failure: boundaries_suite -> later_versions_skip_unknown_events_but_current_versions_reject_them 
	Expected [mrp_attr_visit(a, 0, ((void *)0), ((void *)0))] to [equal] [0]
		actual value:			[1]
		expected value:			[0]

$PACKET/scratch/reversals-OFF/source/tests/unit/review_test.c:56: Failure: boundaries_suite -> later_versions_skip_unknown_events_but_current_versions_reject_them 
	Expected [mrpdu_parse(pdu, len, a->ops, attribute, leaveall, ((void *)0))] to [be less than] [0]
		actual value:			[0]
		expected to be less than:	[0]

$PACKET/scratch/reversals-OFF/source/tests/unit/review_test.c:57: Failure: boundaries_suite -> later_versions_skip_unknown_events_but_current_versions_reject_them 
	Expected [decoded + leavealls] to [equal] [0]
		actual value:			[37]
		expected value:			[0]

$PACKET/scratch/reversals-OFF/source/tests/unit/review_test.c:58: Failure: boundaries_suite -> later_versions_skip_unknown_events_but_current_versions_reject_them 
	Expected [mrp_rx(a, 0, pdu, len)] to [be less than] [0]
		actual value:			[0]
		expected to be less than:	[0]

$PACKET/scratch/reversals-OFF/source/tests/unit/review_test.c:59: Failure: boundaries_suite -> later_versions_skip_unknown_events_but_current_versions_reject_them 
	Expected [joins] to [equal] [before]
		actual value:			[2]
		expected value:			[1]

$PACKET/scratch/reversals-OFF/source/tests/unit/review_test.c:60: Failure: boundaries_suite -> later_versions_skip_unknown_events_but_current_versions_reject_them 
	Expected [mrp_attr_visit(a, 0, ((void *)0), ((void *)0))] to [equal] [0]
		actual value:			[1]
		expected value:			[0]

$PACKET/scratch/reversals-OFF/source/tests/unit/review_test.c:56: Failure: boundaries_suite -> later_versions_skip_unknown_events_but_current_versions_reject_them 
	Expected [mrpdu_parse(pdu, len, a->ops, attribute, leaveall, ((void *)0))] to [be less than] [0]
		actual value:			[0]
		expected to be less than:	[0]

$PACKET/scratch/reversals-OFF/source/tests/unit/review_test.c:57: Failure: boundaries_suite -> later_versions_skip_unknown_events_but_current_versions_reject_them 
	Expected [decoded + leavealls] to [equal] [0]
		actual value:			[38]
		expected value:			[0]

$PACKET/scratch/reversals-OFF/source/tests/unit/review_test.c:58: Failure: boundaries_suite -> later_versions_skip_unknown_events_but_current_versions_reject_them 
	Expected [mrp_rx(a, 0, pdu, len)] to [be less than] [0]
		actual value:			[0]
		expected to be less than:	[0]

$PACKET/scratch/reversals-OFF/source/tests/unit/review_test.c:59: Failure: boundaries_suite -> later_versions_skip_unknown_events_but_current_versions_reject_them 
	Expected [joins] to [equal] [before]
		actual value:			[2]
		expected value:			[1]

$PACKET/scratch/reversals-OFF/source/tests/unit/review_test.c:60: Failure: boundaries_suite -> later_versions_skip_unknown_events_but_current_versions_reject_them 
	Expected [mrp_attr_visit(a, 0, ((void *)0), ((void *)0))] to [equal] [0]
		actual value:			[1]
		expected value:			[0]

$PACKET/scratch/reversals-OFF/source/tests/unit/review_test.c:56: Failure: boundaries_suite -> later_versions_skip_unknown_events_but_current_versions_reject_them 
	Expected [mrpdu_parse(pdu, len, a->ops, attribute, leaveall, ((void *)0))] to [be less than] [0]
		actual value:			[0]
		expected to be less than:	[0]

$PACKET/scratch/reversals-OFF/source/tests/unit/review_test.c:57: Failure: boundaries_suite -> later_versions_skip_unknown_events_but_current_versions_reject_them 
	Expected [decoded + leavealls] to [equal] [0]
		actual value:			[39]
		expected value:			[0]

$PACKET/scratch/reversals-OFF/source/tests/unit/review_test.c:58: Failure: boundaries_suite -> later_versions_skip_unknown_events_but_current_versions_reject_them 
	Expected [mrp_rx(a, 0, pdu, len)] to [be less than] [0]
		actual value:			[0]
		expected to be less than:	[0]

$PACKET/scratch/reversals-OFF/source/tests/unit/review_test.c:59: Failure: boundaries_suite -> later_versions_skip_unknown_events_but_current_versions_reject_them 
	Expected [joins] to [equal] [before]
		actual value:			[2]
		expected value:			[1]

$PACKET/scratch/reversals-OFF/source/tests/unit/review_test.c:60: Failure: boundaries_suite -> later_versions_skip_unknown_events_but_current_versions_reject_them 
	Expected [mrp_attr_visit(a, 0, ((void *)0), ((void *)0))] to [equal] [0]
		actual value:			[1]
		expected value:			[0]

$PACKET/scratch/reversals-OFF/source/tests/unit/review_test.c:56: Failure: boundaries_suite -> later_versions_skip_unknown_events_but_current_versions_reject_them 
	Expected [mrpdu_parse(pdu, len, a->ops, attribute, leaveall, ((void *)0))] to [be less than] [0]
		actual value:			[0]
		expected to be less than:	[0]

$PACKET/scratch/reversals-OFF/source/tests/unit/review_test.c:57: Failure: boundaries_suite -> later_versions_skip_unknown_events_but_current_versions_reject_them 
	Expected [decoded + leavealls] to [equal] [0]
		actual value:			[40]
		expected value:			[0]

$PACKET/scratch/reversals-OFF/source/tests/unit/review_test.c:58: Failure: boundaries_suite -> later_versions_skip_unknown_events_but_current_versions_reject_them 
	Expected [mrp_rx(a, 0, pdu, len)] to [be less than] [0]
		actual value:			[0]
		expected to be less than:	[0]

$PACKET/scratch/reversals-OFF/source/tests/unit/review_test.c:59: Failure: boundaries_suite -> later_versions_skip_unknown_events_but_current_versions_reject_them 
	Expected [joins] to [equal] [before]
		actual value:			[2]
		expected value:			[1]

$PACKET/scratch/reversals-OFF/source/tests/unit/review_test.c:60: Failure: boundaries_suite -> later_versions_skip_unknown_events_but_current_versions_reject_them 
	Expected [mrp_attr_visit(a, 0, ((void *)0), ((void *)0))] to [equal] [0]
		actual value:			[1]
		expected value:			[0]

$PACKET/scratch/reversals-OFF/source/tests/unit/review_test.c:56: Failure: boundaries_suite -> later_versions_skip_unknown_events_but_current_versions_reject_them 
	Expected [mrpdu_parse(pdu, len, a->ops, attribute, leaveall, ((void *)0))] to [be less than] [0]
		actual value:			[0]
		expected to be less than:	[0]

$PACKET/scratch/reversals-OFF/source/tests/unit/review_test.c:57: Failure: boundaries_suite -> later_versions_skip_unknown_events_but_current_versions_reject_them 
	Expected [decoded + leavealls] to [equal] [0]
		actual value:			[41]
		expected value:			[0]

$PACKET/scratch/reversals-OFF/source/tests/unit/review_test.c:58: Failure: boundaries_suite -> later_versions_skip_unknown_events_but_current_versions_reject_them 
	Expected [mrp_rx(a, 0, pdu, len)] to [be less than] [0]
		actual value:			[0]
		expected to be less than:	[0]

$PACKET/scratch/reversals-OFF/source/tests/unit/review_test.c:59: Failure: boundaries_suite -> later_versions_skip_unknown_events_but_current_versions_reject_them 
	Expected [joins] to [equal] [before]
		actual value:			[2]
		expected value:			[1]

$PACKET/scratch/reversals-OFF/source/tests/unit/review_test.c:60: Failure: boundaries_suite -> later_versions_skip_unknown_events_but_current_versions_reject_them 
	Expected [mrp_attr_visit(a, 0, ((void *)0), ((void *)0))] to [equal] [0]
		actual value:			[1]
		expected value:			[0]

$PACKET/scratch/reversals-OFF/source/tests/unit/review_test.c:56: Failure: boundaries_suite -> later_versions_skip_unknown_events_but_current_versions_reject_them 
	Expected [mrpdu_parse(pdu, len, a->ops, attribute, leaveall, ((void *)0))] to [be less than] [0]
		actual value:			[0]
		expected to be less than:	[0]

$PACKET/scratch/reversals-OFF/source/tests/unit/review_test.c:57: Failure: boundaries_suite -> later_versions_skip_unknown_events_but_current_versions_reject_them 
	Expected [decoded + leavealls] to [equal] [0]
		actual value:			[42]
		expected value:			[0]

$PACKET/scratch/reversals-OFF/source/tests/unit/review_test.c:58: Failure: boundaries_suite -> later_versions_skip_unknown_events_but_current_versions_reject_them 
	Expected [mrp_rx(a, 0, pdu, len)] to [be less than] [0]
		actual value:			[0]
		expected to be less than:	[0]

$PACKET/scratch/reversals-OFF/source/tests/unit/review_test.c:59: Failure: boundaries_suite -> later_versions_skip_unknown_events_but_current_versions_reject_them 
	Expected [joins] to [equal] [before]
		actual value:			[2]
		expected value:			[1]

$PACKET/scratch/reversals-OFF/source/tests/unit/review_test.c:60: Failure: boundaries_suite -> later_versions_skip_unknown_events_but_current_versions_reject_them 
	Expected [mrp_attr_visit(a, 0, ((void *)0), ((void *)0))] to [equal] [0]
		actual value:			[1]
		expected value:			[0]

$PACKET/scratch/reversals-OFF/source/tests/unit/review_test.c:56: Failure: boundaries_suite -> later_versions_skip_unknown_events_but_current_versions_reject_them 
	Expected [mrpdu_parse(pdu, len, a->ops, attribute, leaveall, ((void *)0))] to [be less than] [0]
		actual value:			[0]
		expected to be less than:	[0]

$PACKET/scratch/reversals-OFF/source/tests/unit/review_test.c:57: Failure: boundaries_suite -> later_versions_skip_unknown_events_but_current_versions_reject_them 
	Expected [decoded + leavealls] to [equal] [0]
		actual value:			[43]
		expected value:			[0]

$PACKET/scratch/reversals-OFF/source/tests/unit/review_test.c:58: Failure: boundaries_suite -> later_versions_skip_unknown_events_but_current_versions_reject_them 
	Expected [mrp_rx(a, 0, pdu, len)] to [be less than] [0]
		actual value:			[0]
		expected to be less than:	[0]

$PACKET/scratch/reversals-OFF/source/tests/unit/review_test.c:59: Failure: boundaries_suite -> later_versions_skip_unknown_events_but_current_versions_reject_them 
	Expected [joins] to [equal] [before]
		actual value:			[2]
		expected value:			[1]

$PACKET/scratch/reversals-OFF/source/tests/unit/review_test.c:60: Failure: boundaries_suite -> later_versions_skip_unknown_events_but_current_versions_reject_them 
	Expected [mrp_attr_visit(a, 0, ((void *)0), ((void *)0))] to [equal] [0]
		actual value:			[1]
		expected value:			[0]

$PACKET/scratch/reversals-OFF/source/tests/unit/review_test.c:56: Failure: boundaries_suite -> later_versions_skip_unknown_events_but_current_versions_reject_them 
	Expected [mrpdu_parse(pdu, len, a->ops, attribute, leaveall, ((void *)0))] to [be less than] [0]
		actual value:			[0]
		expected to be less than:	[0]

$PACKET/scratch/reversals-OFF/source/tests/unit/review_test.c:57: Failure: boundaries_suite -> later_versions_skip_unknown_events_but_current_versions_reject_them 
	Expected [decoded + leavealls] to [equal] [0]
		actual value:			[44]
		expected value:			[0]

$PACKET/scratch/reversals-OFF/source/tests/unit/review_test.c:58: Failure: boundaries_suite -> later_versions_skip_unknown_events_but_current_versions_reject_them 
	Expected [mrp_rx(a, 0, pdu, len)] to [be less than] [0]
		actual value:			[0]
		expected to be less than:	[0]

$PACKET/scratch/reversals-OFF/source/tests/unit/review_test.c:59: Failure: boundaries_suite -> later_versions_skip_unknown_events_but_current_versions_reject_them 
	Expected [joins] to [equal] [before]
		actual value:			[2]
		expected value:			[1]

$PACKET/scratch/reversals-OFF/source/tests/unit/review_test.c:60: Failure: boundaries_suite -> later_versions_skip_unknown_events_but_current_versions_reject_them 
	Expected [mrp_attr_visit(a, 0, ((void *)0), ((void *)0))] to [equal] [0]
		actual value:			[1]
		expected value:			[0]

$PACKET/scratch/reversals-OFF/source/tests/unit/review_test.c:56: Failure: boundaries_suite -> later_versions_skip_unknown_events_but_current_versions_reject_them 
	Expected [mrpdu_parse(pdu, len, a->ops, attribute, leaveall, ((void *)0))] to [be less than] [0]
		actual value:			[0]
		expected to be less than:	[0]

$PACKET/scratch/reversals-OFF/source/tests/unit/review_test.c:57: Failure: boundaries_suite -> later_versions_skip_unknown_events_but_current_versions_reject_them 
	Expected [decoded + leavealls] to [equal] [0]
		actual value:			[45]
		expected value:			[0]

$PACKET/scratch/reversals-OFF/source/tests/unit/review_test.c:58: Failure: boundaries_suite -> later_versions_skip_unknown_events_but_current_versions_reject_them 
	Expected [mrp_rx(a, 0, pdu, len)] to [be less than] [0]
		actual value:			[0]
		expected to be less than:	[0]

$PACKET/scratch/reversals-OFF/source/tests/unit/review_test.c:59: Failure: boundaries_suite -> later_versions_skip_unknown_events_but_current_versions_reject_them 
	Expected [joins] to [equal] [before]
		actual value:			[2]
		expected value:			[1]

$PACKET/scratch/reversals-OFF/source/tests/unit/review_test.c:60: Failure: boundaries_suite -> later_versions_skip_unknown_events_but_current_versions_reject_them 
	Expected [mrp_attr_visit(a, 0, ((void *)0), ((void *)0))] to [equal] [0]
		actual value:			[1]
		expected value:			[0]

$PACKET/scratch/reversals-OFF/source/tests/unit/review_test.c:56: Failure: boundaries_suite -> later_versions_skip_unknown_events_but_current_versions_reject_them 
	Expected [mrpdu_parse(pdu, len, a->ops, attribute, leaveall, ((void *)0))] to [be less than] [0]
		actual value:			[0]
		expected to be less than:	[0]

$PACKET/scratch/reversals-OFF/source/tests/unit/review_test.c:57: Failure: boundaries_suite -> later_versions_skip_unknown_events_but_current_versions_reject_them 
	Expected [decoded + leavealls] to [equal] [0]
		actual value:			[46]
		expected value:			[0]

$PACKET/scratch/reversals-OFF/source/tests/unit/review_test.c:58: Failure: boundaries_suite -> later_versions_skip_unknown_events_but_current_versions_reject_them 
	Expected [mrp_rx(a, 0, pdu, len)] to [be less than] [0]
		actual value:			[0]
		expected to be less than:	[0]

$PACKET/scratch/reversals-OFF/source/tests/unit/review_test.c:59: Failure: boundaries_suite -> later_versions_skip_unknown_events_but_current_versions_reject_them 
	Expected [joins] to [equal] [before]
		actual value:			[2]
		expected value:			[1]

$PACKET/scratch/reversals-OFF/source/tests/unit/review_test.c:60: Failure: boundaries_suite -> later_versions_skip_unknown_events_but_current_versions_reject_them 
	Expected [mrp_attr_visit(a, 0, ((void *)0), ((void *)0))] to [equal] [0]
		actual value:			[1]
		expected value:			[0]

$PACKET/scratch/reversals-OFF/source/tests/unit/review_test.c:56: Failure: boundaries_suite -> later_versions_skip_unknown_events_but_current_versions_reject_them 
	Expected [mrpdu_parse(pdu, len, a->ops, attribute, leaveall, ((void *)0))] to [be less than] [0]
		actual value:			[0]
		expected to be less than:	[0]

$PACKET/scratch/reversals-OFF/source/tests/unit/review_test.c:57: Failure: boundaries_suite -> later_versions_skip_unknown_events_but_current_versions_reject_them 
	Expected [decoded + leavealls] to [equal] [0]
		actual value:			[47]
		expected value:			[0]

$PACKET/scratch/reversals-OFF/source/tests/unit/review_test.c:58: Failure: boundaries_suite -> later_versions_skip_unknown_events_but_current_versions_reject_them 
	Expected [mrp_rx(a, 0, pdu, len)] to [be less than] [0]
		actual value:			[0]
		expected to be less than:	[0]

$PACKET/scratch/reversals-OFF/source/tests/unit/review_test.c:59: Failure: boundaries_suite -> later_versions_skip_unknown_events_but_current_versions_reject_them 
	Expected [joins] to [equal] [before]
		actual value:			[2]
		expected value:			[1]

$PACKET/scratch/reversals-OFF/source/tests/unit/review_test.c:60: Failure: boundaries_suite -> later_versions_skip_unknown_events_but_current_versions_reject_them 
	Expected [mrp_attr_visit(a, 0, ((void *)0), ((void *)0))] to [equal] [0]
		actual value:			[1]
		expected value:			[0]

$PACKET/scratch/reversals-OFF/source/tests/unit/review_test.c:56: Failure: boundaries_suite -> later_versions_skip_unknown_events_but_current_versions_reject_them 
	Expected [mrpdu_parse(pdu, len, a->ops, attribute, leaveall, ((void *)0))] to [be less than] [0]
		actual value:			[0]
		expected to be less than:	[0]

$PACKET/scratch/reversals-OFF/source/tests/unit/review_test.c:57: Failure: boundaries_suite -> later_versions_skip_unknown_events_but_current_versions_reject_them 
	Expected [decoded + leavealls] to [equal] [0]
		actual value:			[48]
		expected value:			[0]

$PACKET/scratch/reversals-OFF/source/tests/unit/review_test.c:58: Failure: boundaries_suite -> later_versions_skip_unknown_events_but_current_versions_reject_them 
	Expected [mrp_rx(a, 0, pdu, len)] to [be less than] [0]
		actual value:			[0]
		expected to be less than:	[0]

$PACKET/scratch/reversals-OFF/source/tests/unit/review_test.c:59: Failure: boundaries_suite -> later_versions_skip_unknown_events_but_current_versions_reject_them 
	Expected [joins] to [equal] [before]
		actual value:			[2]
		expected value:			[1]

$PACKET/scratch/reversals-OFF/source/tests/unit/review_test.c:60: Failure: boundaries_suite -> later_versions_skip_unknown_events_but_current_versions_reject_them 
	Expected [mrp_attr_visit(a, 0, ((void *)0), ((void *)0))] to [equal] [0]
		actual value:			[1]
		expected value:			[0]

$PACKET/scratch/reversals-OFF/source/tests/unit/review_test.c:56: Failure: boundaries_suite -> later_versions_skip_unknown_events_but_current_versions_reject_them 
	Expected [mrpdu_parse(pdu, len, a->ops, attribute, leaveall, ((void *)0))] to [be less than] [0]
		actual value:			[0]
		expected to be less than:	[0]

$PACKET/scratch/reversals-OFF/source/tests/unit/review_test.c:57: Failure: boundaries_suite -> later_versions_skip_unknown_events_but_current_versions_reject_them 
	Expected [decoded + leavealls] to [equal] [0]
		actual value:			[49]
		expected value:			[0]

$PACKET/scratch/reversals-OFF/source/tests/unit/review_test.c:58: Failure: boundaries_suite -> later_versions_skip_unknown_events_but_current_versions_reject_them 
	Expected [mrp_rx(a, 0, pdu, len)] to [be less than] [0]
		actual value:			[0]
		expected to be less than:	[0]

$PACKET/scratch/reversals-OFF/source/tests/unit/review_test.c:59: Failure: boundaries_suite -> later_versions_skip_unknown_events_but_current_versions_reject_them 
	Expected [joins] to [equal] [before]
		actual value:			[2]
		expected value:			[1]

$PACKET/scratch/reversals-OFF/source/tests/unit/review_test.c:60: Failure: boundaries_suite -> later_versions_skip_unknown_events_but_current_versions_reject_them 
	Expected [mrp_attr_visit(a, 0, ((void *)0), ((void *)0))] to [equal] [0]
		actual value:			[1]
		expected value:			[0]

$PACKET/scratch/reversals-OFF/source/tests/unit/review_test.c:56: Failure: boundaries_suite -> later_versions_skip_unknown_events_but_current_versions_reject_them 
	Expected [mrpdu_parse(pdu, len, a->ops, attribute, leaveall, ((void *)0))] to [be less than] [0]
		actual value:			[0]
		expected to be less than:	[0]

$PACKET/scratch/reversals-OFF/source/tests/unit/review_test.c:57: Failure: boundaries_suite -> later_versions_skip_unknown_events_but_current_versions_reject_them 
	Expected [decoded + leavealls] to [equal] [0]
		actual value:			[50]
		expected value:			[0]

$PACKET/scratch/reversals-OFF/source/tests/unit/review_test.c:58: Failure: boundaries_suite -> later_versions_skip_unknown_events_but_current_versions_reject_them 
	Expected [mrp_rx(a, 0, pdu, len)] to [be less than] [0]
		actual value:			[0]
		expected to be less than:	[0]

$PACKET/scratch/reversals-OFF/source/tests/unit/review_test.c:59: Failure: boundaries_suite -> later_versions_skip_unknown_events_but_current_versions_reject_them 
	Expected [joins] to [equal] [before]
		actual value:			[2]
		expected value:			[1]

$PACKET/scratch/reversals-OFF/source/tests/unit/review_test.c:60: Failure: boundaries_suite -> later_versions_skip_unknown_events_but_current_versions_reject_them 
	Expected [mrp_attr_visit(a, 0, ((void *)0), ((void *)0))] to [equal] [0]
		actual value:			[1]
		expected value:			[0]

$PACKET/scratch/reversals-OFF/source/tests/unit/review_test.c:56: Failure: boundaries_suite -> later_versions_skip_unknown_events_but_current_versions_reject_them 
	Expected [mrpdu_parse(pdu, len, a->ops, attribute, leaveall, ((void *)0))] to [be less than] [0]
		actual value:			[0]
		expected to be less than:	[0]

$PACKET/scratch/reversals-OFF/source/tests/unit/review_test.c:57: Failure: boundaries_suite -> later_versions_skip_unknown_events_but_current_versions_reject_them 
	Expected [decoded + leavealls] to [equal] [0]
		actual value:			[51]
		expected value:			[0]

$PACKET/scratch/reversals-OFF/source/tests/unit/review_test.c:58: Failure: boundaries_suite -> later_versions_skip_unknown_events_but_current_versions_reject_them 
	Expected [mrp_rx(a, 0, pdu, len)] to [be less than] [0]
		actual value:			[0]
		expected to be less than:	[0]

$PACKET/scratch/reversals-OFF/source/tests/unit/review_test.c:59: Failure: boundaries_suite -> later_versions_skip_unknown_events_but_current_versions_reject_them 
	Expected [joins] to [equal] [before]
		actual value:			[2]
		expected value:			[1]

$PACKET/scratch/reversals-OFF/source/tests/unit/review_test.c:60: Failure: boundaries_suite -> later_versions_skip_unknown_events_but_current_versions_reject_them 
	Expected [mrp_attr_visit(a, 0, ((void *)0), ((void *)0))] to [equal] [0]
		actual value:			[1]
		expected value:			[0]

$PACKET/scratch/reversals-OFF/source/tests/unit/review_test.c:56: Failure: boundaries_suite -> later_versions_skip_unknown_events_but_current_versions_reject_them 
	Expected [mrpdu_parse(pdu, len, a->ops, attribute, leaveall, ((void *)0))] to [be less than] [0]
		actual value:			[0]
		expected to be less than:	[0]

$PACKET/scratch/reversals-OFF/source/tests/unit/review_test.c:57: Failure: boundaries_suite -> later_versions_skip_unknown_events_but_current_versions_reject_them 
	Expected [decoded + leavealls] to [equal] [0]
		actual value:			[52]
		expected value:			[0]

$PACKET/scratch/reversals-OFF/source/tests/unit/review_test.c:58: Failure: boundaries_suite -> later_versions_skip_unknown_events_but_current_versions_reject_them 
	Expected [mrp_rx(a, 0, pdu, len)] to [be less than] [0]
		actual value:			[0]
		expected to be less than:	[0]

$PACKET/scratch/reversals-OFF/source/tests/unit/review_test.c:59: Failure: boundaries_suite -> later_versions_skip_unknown_events_but_current_versions_reject_them 
	Expected [joins] to [equal] [before]
		actual value:			[2]
		expected value:			[1]

$PACKET/scratch/reversals-OFF/source/tests/unit/review_test.c:60: Failure: boundaries_suite -> later_versions_skip_unknown_events_but_current_versions_reject_them 
	Expected [mrp_attr_visit(a, 0, ((void *)0), ((void *)0))] to [equal] [0]
		actual value:			[1]
		expected value:			[0]

$PACKET/scratch/reversals-OFF/source/tests/unit/review_test.c:56: Failure: boundaries_suite -> later_versions_skip_unknown_events_but_current_versions_reject_them 
	Expected [mrpdu_parse(pdu, len, a->ops, attribute, leaveall, ((void *)0))] to [be less than] [0]
		actual value:			[0]
		expected to be less than:	[0]

$PACKET/scratch/reversals-OFF/source/tests/unit/review_test.c:57: Failure: boundaries_suite -> later_versions_skip_unknown_events_but_current_versions_reject_them 
	Expected [decoded + leavealls] to [equal] [0]
		actual value:			[53]
		expected value:			[0]

$PACKET/scratch/reversals-OFF/source/tests/unit/review_test.c:58: Failure: boundaries_suite -> later_versions_skip_unknown_events_but_current_versions_reject_them 
	Expected [mrp_rx(a, 0, pdu, len)] to [be less than] [0]
		actual value:			[0]
		expected to be less than:	[0]

$PACKET/scratch/reversals-OFF/source/tests/unit/review_test.c:59: Failure: boundaries_suite -> later_versions_skip_unknown_events_but_current_versions_reject_them 
	Expected [joins] to [equal] [before]
		actual value:			[2]
		expected value:			[1]

$PACKET/scratch/reversals-OFF/source/tests/unit/review_test.c:60: Failure: boundaries_suite -> later_versions_skip_unknown_events_but_current_versions_reject_them 
	Expected [mrp_attr_visit(a, 0, ((void *)0), ((void *)0))] to [equal] [0]
		actual value:			[1]
		expected value:			[0]

$PACKET/scratch/reversals-OFF/source/tests/unit/review_test.c:56: Failure: boundaries_suite -> later_versions_skip_unknown_events_but_current_versions_reject_them 
	Expected [mrpdu_parse(pdu, len, a->ops, attribute, leaveall, ((void *)0))] to [be less than] [0]
		actual value:			[0]
		expected to be less than:	[0]

$PACKET/scratch/reversals-OFF/source/tests/unit/review_test.c:57: Failure: boundaries_suite -> later_versions_skip_unknown_events_but_current_versions_reject_them 
	Expected [decoded + leavealls] to [equal] [0]
		actual value:			[54]
		expected value:			[0]

$PACKET/scratch/reversals-OFF/source/tests/unit/review_test.c:58: Failure: boundaries_suite -> later_versions_skip_unknown_events_but_current_versions_reject_them 
	Expected [mrp_rx(a, 0, pdu, len)] to [be less than] [0]
		actual value:			[0]
		expected to be less than:	[0]

$PACKET/scratch/reversals-OFF/source/tests/unit/review_test.c:59: Failure: boundaries_suite -> later_versions_skip_unknown_events_but_current_versions_reject_them 
	Expected [joins] to [equal] [before]
		actual value:			[2]
		expected value:			[1]

$PACKET/scratch/reversals-OFF/source/tests/unit/review_test.c:60: Failure: boundaries_suite -> later_versions_skip_unknown_events_but_current_versions_reject_them 
	Expected [mrp_attr_visit(a, 0, ((void *)0), ((void *)0))] to [equal] [0]
		actual value:			[1]
		expected value:			[0]

$PACKET/scratch/reversals-OFF/source/tests/unit/review_test.c:56: Failure: boundaries_suite -> later_versions_skip_unknown_events_but_current_versions_reject_them 
	Expected [mrpdu_parse(pdu, len, a->ops, attribute, leaveall, ((void *)0))] to [be less than] [0]
		actual value:			[0]
		expected to be less than:	[0]

$PACKET/scratch/reversals-OFF/source/tests/unit/review_test.c:57: Failure: boundaries_suite -> later_versions_skip_unknown_events_but_current_versions_reject_them 
	Expected [decoded + leavealls] to [equal] [0]
		actual value:			[55]
		expected value:			[0]

$PACKET/scratch/reversals-OFF/source/tests/unit/review_test.c:58: Failure: boundaries_suite -> later_versions_skip_unknown_events_but_current_versions_reject_them 
	Expected [mrp_rx(a, 0, pdu, len)] to [be less than] [0]
		actual value:			[0]
		expected to be less than:	[0]

$PACKET/scratch/reversals-OFF/source/tests/unit/review_test.c:59: Failure: boundaries_suite -> later_versions_skip_unknown_events_but_current_versions_reject_them 
	Expected [joins] to [equal] [before]
		actual value:			[2]
		expected value:			[1]

$PACKET/scratch/reversals-OFF/source/tests/unit/review_test.c:60: Failure: boundaries_suite -> later_versions_skip_unknown_events_but_current_versions_reject_them 
	Expected [mrp_attr_visit(a, 0, ((void *)0), ((void *)0))] to [equal] [0]
		actual value:			[1]
		expected value:			[0]

$PACKET/scratch/reversals-OFF/source/tests/unit/review_test.c:56: Failure: boundaries_suite -> later_versions_skip_unknown_events_but_current_versions_reject_them 
	Expected [mrpdu_parse(pdu, len, a->ops, attribute, leaveall, ((void *)0))] to [be less than] [0]
		actual value:			[0]
		expected to be less than:	[0]

$PACKET/scratch/reversals-OFF/source/tests/unit/review_test.c:57: Failure: boundaries_suite -> later_versions_skip_unknown_events_but_current_versions_reject_them 
	Expected [decoded + leavealls] to [equal] [0]
		actual value:			[56]
		expected value:			[0]

$PACKET/scratch/reversals-OFF/source/tests/unit/review_test.c:58: Failure: boundaries_suite -> later_versions_skip_unknown_events_but_current_versions_reject_them 
	Expected [mrp_rx(a, 0, pdu, len)] to [be less than] [0]
		actual value:			[0]
		expected to be less than:	[0]

$PACKET/scratch/reversals-OFF/source/tests/unit/review_test.c:59: Failure: boundaries_suite -> later_versions_skip_unknown_events_but_current_versions_reject_them 
	Expected [joins] to [equal] [before]
		actual value:			[2]
		expected value:			[1]

$PACKET/scratch/reversals-OFF/source/tests/unit/review_test.c:60: Failure: boundaries_suite -> later_versions_skip_unknown_events_but_current_versions_reject_them 
	Expected [mrp_attr_visit(a, 0, ((void *)0), ((void *)0))] to [equal] [0]
		actual value:			[1]
		expected value:			[0]

$PACKET/scratch/reversals-OFF/source/tests/unit/review_test.c:56: Failure: boundaries_suite -> later_versions_skip_unknown_events_but_current_versions_reject_them 
	Expected [mrpdu_parse(pdu, len, a->ops, attribute, leaveall, ((void *)0))] to [be less than] [0]
		actual value:			[0]
		expected to be less than:	[0]

$PACKET/scratch/reversals-OFF/source/tests/unit/review_test.c:57: Failure: boundaries_suite -> later_versions_skip_unknown_events_but_current_versions_reject_them 
	Expected [decoded + leavealls] to [equal] [0]
		actual value:			[57]
		expected value:			[0]

$PACKET/scratch/reversals-OFF/source/tests/unit/review_test.c:58: Failure: boundaries_suite -> later_versions_skip_unknown_events_but_current_versions_reject_them 
	Expected [mrp_rx(a, 0, pdu, len)] to [be less than] [0]
		actual value:			[0]
		expected to be less than:	[0]

$PACKET/scratch/reversals-OFF/source/tests/unit/review_test.c:59: Failure: boundaries_suite -> later_versions_skip_unknown_events_but_current_versions_reject_them 
	Expected [joins] to [equal] [before]
		actual value:			[2]
		expected value:			[1]

$PACKET/scratch/reversals-OFF/source/tests/unit/review_test.c:60: Failure: boundaries_suite -> later_versions_skip_unknown_events_but_current_versions_reject_them 
	Expected [mrp_attr_visit(a, 0, ((void *)0), ((void *)0))] to [equal] [0]
		actual value:			[1]
		expected value:			[0]

$PACKET/scratch/reversals-OFF/source/tests/unit/review_test.c:56: Failure: boundaries_suite -> later_versions_skip_unknown_events_but_current_versions_reject_them 
	Expected [mrpdu_parse(pdu, len, a->ops, attribute, leaveall, ((void *)0))] to [be less than] [0]
		actual value:			[0]
		expected to be less than:	[0]

$PACKET/scratch/reversals-OFF/source/tests/unit/review_test.c:57: Failure: boundaries_suite -> later_versions_skip_unknown_events_but_current_versions_reject_them 
	Expected [decoded + leavealls] to [equal] [0]
		actual value:			[58]
		expected value:			[0]

$PACKET/scratch/reversals-OFF/source/tests/unit/review_test.c:58: Failure: boundaries_suite -> later_versions_skip_unknown_events_but_current_versions_reject_them 
	Expected [mrp_rx(a, 0, pdu, len)] to [be less than] [0]
		actual value:			[0]
		expected to be less than:	[0]

$PACKET/scratch/reversals-OFF/source/tests/unit/review_test.c:59: Failure: boundaries_suite -> later_versions_skip_unknown_events_but_current_versions_reject_them 
	Expected [joins] to [equal] [before]
		actual value:			[2]
		expected value:			[1]

$PACKET/scratch/reversals-OFF/source/tests/unit/review_test.c:60: Failure: boundaries_suite -> later_versions_skip_unknown_events_but_current_versions_reject_them 
	Expected [mrp_attr_visit(a, 0, ((void *)0), ((void *)0))] to [equal] [0]
		actual value:			[1]
		expected value:			[0]

$PACKET/scratch/reversals-OFF/source/tests/unit/review_test.c:56: Failure: boundaries_suite -> later_versions_skip_unknown_events_but_current_versions_reject_them 
	Expected [mrpdu_parse(pdu, len, a->ops, attribute, leaveall, ((void *)0))] to [be less than] [0]
		actual value:			[0]
		expected to be less than:	[0]

$PACKET/scratch/reversals-OFF/source/tests/unit/review_test.c:57: Failure: boundaries_suite -> later_versions_skip_unknown_events_but_current_versions_reject_them 
	Expected [decoded + leavealls] to [equal] [0]
		actual value:			[59]
		expected value:			[0]

$PACKET/scratch/reversals-OFF/source/tests/unit/review_test.c:58: Failure: boundaries_suite -> later_versions_skip_unknown_events_but_current_versions_reject_them 
	Expected [mrp_rx(a, 0, pdu, len)] to [be less than] [0]
		actual value:			[0]
		expected to be less than:	[0]

$PACKET/scratch/reversals-OFF/source/tests/unit/review_test.c:59: Failure: boundaries_suite -> later_versions_skip_unknown_events_but_current_versions_reject_them 
	Expected [joins] to [equal] [before]
		actual value:			[2]
		expected value:			[1]

$PACKET/scratch/reversals-OFF/source/tests/unit/review_test.c:60: Failure: boundaries_suite -> later_versions_skip_unknown_events_but_current_versions_reject_them 
	Expected [mrp_attr_visit(a, 0, ((void *)0), ((void *)0))] to [equal] [0]
		actual value:			[1]
		expected value:			[0]

$PACKET/scratch/reversals-OFF/source/tests/unit/review_test.c:56: Failure: boundaries_suite -> later_versions_skip_unknown_events_but_current_versions_reject_them 
	Expected [mrpdu_parse(pdu, len, a->ops, attribute, leaveall, ((void *)0))] to [be less than] [0]
		actual value:			[0]
		expected to be less than:	[0]

$PACKET/scratch/reversals-OFF/source/tests/unit/review_test.c:57: Failure: boundaries_suite -> later_versions_skip_unknown_events_but_current_versions_reject_them 
	Expected [decoded + leavealls] to [equal] [0]
		actual value:			[60]
		expected value:			[0]

$PACKET/scratch/reversals-OFF/source/tests/unit/review_test.c:58: Failure: boundaries_suite -> later_versions_skip_unknown_events_but_current_versions_reject_them 
	Expected [mrp_rx(a, 0, pdu, len)] to [be less than] [0]
		actual value:			[0]
		expected to be less than:	[0]

$PACKET/scratch/reversals-OFF/source/tests/unit/review_test.c:59: Failure: boundaries_suite -> later_versions_skip_unknown_events_but_current_versions_reject_them 
	Expected [joins] to [equal] [before]
		actual value:			[2]
		expected value:			[1]

$PACKET/scratch/reversals-OFF/source/tests/unit/review_test.c:60: Failure: boundaries_suite -> later_versions_skip_unknown_events_but_current_versions_reject_them 
	Expected [mrp_attr_visit(a, 0, ((void *)0), ((void *)0))] to [equal] [0]
		actual value:			[1]
		expected value:			[0]

$PACKET/scratch/reversals-OFF/source/tests/unit/review_test.c:56: Failure: boundaries_suite -> later_versions_skip_unknown_events_but_current_versions_reject_them 
	Expected [mrpdu_parse(pdu, len, a->ops, attribute, leaveall, ((void *)0))] to [be less than] [0]
		actual value:			[0]
		expected to be less than:	[0]

$PACKET/scratch/reversals-OFF/source/tests/unit/review_test.c:57: Failure: boundaries_suite -> later_versions_skip_unknown_events_but_current_versions_reject_them 
	Expected [decoded + leavealls] to [equal] [0]
		actual value:			[61]
		expected value:			[0]

$PACKET/scratch/reversals-OFF/source/tests/unit/review_test.c:58: Failure: boundaries_suite -> later_versions_skip_unknown_events_but_current_versions_reject_them 
	Expected [mrp_rx(a, 0, pdu, len)] to [be less than] [0]
		actual value:			[0]
		expected to be less than:	[0]

$PACKET/scratch/reversals-OFF/source/tests/unit/review_test.c:59: Failure: boundaries_suite -> later_versions_skip_unknown_events_but_current_versions_reject_them 
	Expected [joins] to [equal] [before]
		actual value:			[2]
		expected value:			[1]

$PACKET/scratch/reversals-OFF/source/tests/unit/review_test.c:60: Failure: boundaries_suite -> later_versions_skip_unknown_events_but_current_versions_reject_them 
	Expected [mrp_attr_visit(a, 0, ((void *)0), ((void *)0))] to [equal] [0]
		actual value:			[1]
		expected value:			[0]

$PACKET/scratch/reversals-OFF/source/tests/unit/review_test.c:56: Failure: boundaries_suite -> later_versions_skip_unknown_events_but_current_versions_reject_them 
	Expected [mrpdu_parse(pdu, len, a->ops, attribute, leaveall, ((void *)0))] to [be less than] [0]
		actual value:			[0]
		expected to be less than:	[0]

$PACKET/scratch/reversals-OFF/source/tests/unit/review_test.c:57: Failure: boundaries_suite -> later_versions_skip_unknown_events_but_current_versions_reject_them 
	Expected [decoded + leavealls] to [equal] [0]
		actual value:			[62]
		expected value:			[0]

$PACKET/scratch/reversals-OFF/source/tests/unit/review_test.c:58: Failure: boundaries_suite -> later_versions_skip_unknown_events_but_current_versions_reject_them 
	Expected [mrp_rx(a, 0, pdu, len)] to [be less than] [0]
		actual value:			[0]
		expected to be less than:	[0]

$PACKET/scratch/reversals-OFF/source/tests/unit/review_test.c:59: Failure: boundaries_suite -> later_versions_skip_unknown_events_but_current_versions_reject_them 
	Expected [joins] to [equal] [before]
		actual value:			[2]
		expected value:			[1]

$PACKET/scratch/reversals-OFF/source/tests/unit/review_test.c:60: Failure: boundaries_suite -> later_versions_skip_unknown_events_but_current_versions_reject_them 
	Expected [mrp_attr_visit(a, 0, ((void *)0), ((void *)0))] to [equal] [0]
		actual value:			[1]
		expected value:			[0]

$PACKET/scratch/reversals-OFF/source/tests/unit/review_test.c:56: Failure: boundaries_suite -> later_versions_skip_unknown_events_but_current_versions_reject_them 
	Expected [mrpdu_parse(pdu, len, a->ops, attribute, leaveall, ((void *)0))] to [be less than] [0]
		actual value:			[0]
		expected to be less than:	[0]

$PACKET/scratch/reversals-OFF/source/tests/unit/review_test.c:57: Failure: boundaries_suite -> later_versions_skip_unknown_events_but_current_versions_reject_them 
	Expected [decoded + leavealls] to [equal] [0]
		actual value:			[63]
		expected value:			[0]

$PACKET/scratch/reversals-OFF/source/tests/unit/review_test.c:58: Failure: boundaries_suite -> later_versions_skip_unknown_events_but_current_versions_reject_them 
	Expected [mrp_rx(a, 0, pdu, len)] to [be less than] [0]
		actual value:			[0]
		expected to be less than:	[0]

$PACKET/scratch/reversals-OFF/source/tests/unit/review_test.c:59: Failure: boundaries_suite -> later_versions_skip_unknown_events_but_current_versions_reject_them 
	Expected [joins] to [equal] [before]
		actual value:			[2]
		expected value:			[1]

$PACKET/scratch/reversals-OFF/source/tests/unit/review_test.c:60: Failure: boundaries_suite -> later_versions_skip_unknown_events_but_current_versions_reject_them 
	Expected [mrp_attr_visit(a, 0, ((void *)0), ((void *)0))] to [equal] [0]
		actual value:			[1]
		expected value:			[0]

$PACKET/scratch/reversals-OFF/source/tests/unit/review_test.c:56: Failure: boundaries_suite -> later_versions_skip_unknown_events_but_current_versions_reject_them 
	Expected [mrpdu_parse(pdu, len, a->ops, attribute, leaveall, ((void *)0))] to [be less than] [0]
		actual value:			[0]
		expected to be less than:	[0]

$PACKET/scratch/reversals-OFF/source/tests/unit/review_test.c:57: Failure: boundaries_suite -> later_versions_skip_unknown_events_but_current_versions_reject_them 
	Expected [decoded + leavealls] to [equal] [0]
		actual value:			[64]
		expected value:			[0]

$PACKET/scratch/reversals-OFF/source/tests/unit/review_test.c:58: Failure: boundaries_suite -> later_versions_skip_unknown_events_but_current_versions_reject_them 
	Expected [mrp_rx(a, 0, pdu, len)] to [be less than] [0]
		actual value:			[0]
		expected to be less than:	[0]

$PACKET/scratch/reversals-OFF/source/tests/unit/review_test.c:59: Failure: boundaries_suite -> later_versions_skip_unknown_events_but_current_versions_reject_them 
	Expected [joins] to [equal] [before]
		actual value:			[2]
		expected value:			[1]

$PACKET/scratch/reversals-OFF/source/tests/unit/review_test.c:60: Failure: boundaries_suite -> later_versions_skip_unknown_events_but_current_versions_reject_them 
	Expected [mrp_attr_visit(a, 0, ((void *)0), ((void *)0))] to [equal] [0]
		actual value:			[1]
		expected value:			[0]

$PACKET/scratch/reversals-OFF/source/tests/unit/review_test.c:56: Failure: boundaries_suite -> later_versions_skip_unknown_events_but_current_versions_reject_them 
	Expected [mrpdu_parse(pdu, len, a->ops, attribute, leaveall, ((void *)0))] to [be less than] [0]
		actual value:			[0]
		expected to be less than:	[0]

$PACKET/scratch/reversals-OFF/source/tests/unit/review_test.c:57: Failure: boundaries_suite -> later_versions_skip_unknown_events_but_current_versions_reject_them 
	Expected [decoded + leavealls] to [equal] [0]
		actual value:			[65]
		expected value:			[0]

$PACKET/scratch/reversals-OFF/source/tests/unit/review_test.c:58: Failure: boundaries_suite -> later_versions_skip_unknown_events_but_current_versions_reject_them 
	Expected [mrp_rx(a, 0, pdu, len)] to [be less than] [0]
		actual value:			[0]
		expected to be less than:	[0]

$PACKET/scratch/reversals-OFF/source/tests/unit/review_test.c:59: Failure: boundaries_suite -> later_versions_skip_unknown_events_but_current_versions_reject_them 
	Expected [joins] to [equal] [before]
		actual value:			[2]
		expected value:			[1]

$PACKET/scratch/reversals-OFF/source/tests/unit/review_test.c:60: Failure: boundaries_suite -> later_versions_skip_unknown_events_but_current_versions_reject_them 
	Expected [mrp_attr_visit(a, 0, ((void *)0), ((void *)0))] to [equal] [0]
		actual value:			[1]
		expected value:			[0]

$PACKET/scratch/reversals-OFF/source/tests/unit/review_test.c:56: Failure: boundaries_suite -> later_versions_skip_unknown_events_but_current_versions_reject_them 
	Expected [mrpdu_parse(pdu, len, a->ops, attribute, leaveall, ((void *)0))] to [be less than] [0]
		actual value:			[0]
		expected to be less than:	[0]

$PACKET/scratch/reversals-OFF/source/tests/unit/review_test.c:57: Failure: boundaries_suite -> later_versions_skip_unknown_events_but_current_versions_reject_them 
	Expected [decoded + leavealls] to [equal] [0]
		actual value:			[66]
		expected value:			[0]

$PACKET/scratch/reversals-OFF/source/tests/unit/review_test.c:58: Failure: boundaries_suite -> later_versions_skip_unknown_events_but_current_versions_reject_them 
	Expected [mrp_rx(a, 0, pdu, len)] to [be less than] [0]
		actual value:			[0]
		expected to be less than:	[0]

$PACKET/scratch/reversals-OFF/source/tests/unit/review_test.c:59: Failure: boundaries_suite -> later_versions_skip_unknown_events_but_current_versions_reject_them 
	Expected [joins] to [equal] [before]
		actual value:			[2]
		expected value:			[1]

$PACKET/scratch/reversals-OFF/source/tests/unit/review_test.c:60: Failure: boundaries_suite -> later_versions_skip_unknown_events_but_current_versions_reject_them 
	Expected [mrp_attr_visit(a, 0, ((void *)0), ((void *)0))] to [equal] [0]
		actual value:			[1]
		expected value:			[0]

$PACKET/scratch/reversals-OFF/source/tests/unit/review_test.c:56: Failure: boundaries_suite -> later_versions_skip_unknown_events_but_current_versions_reject_them 
	Expected [mrpdu_parse(pdu, len, a->ops, attribute, leaveall, ((void *)0))] to [be less than] [0]
		actual value:			[0]
		expected to be less than:	[0]

$PACKET/scratch/reversals-OFF/source/tests/unit/review_test.c:57: Failure: boundaries_suite -> later_versions_skip_unknown_events_but_current_versions_reject_them 
	Expected [decoded + leavealls] to [equal] [0]
		actual value:			[67]
		expected value:			[0]

$PACKET/scratch/reversals-OFF/source/tests/unit/review_test.c:58: Failure: boundaries_suite -> later_versions_skip_unknown_events_but_current_versions_reject_them 
	Expected [mrp_rx(a, 0, pdu, len)] to [be less than] [0]
		actual value:			[0]
		expected to be less than:	[0]

$PACKET/scratch/reversals-OFF/source/tests/unit/review_test.c:59: Failure: boundaries_suite -> later_versions_skip_unknown_events_but_current_versions_reject_them 
	Expected [joins] to [equal] [before]
		actual value:			[2]
		expected value:			[1]

$PACKET/scratch/reversals-OFF/source/tests/unit/review_test.c:60: Failure: boundaries_suite -> later_versions_skip_unknown_events_but_current_versions_reject_them 
	Expected [mrp_attr_visit(a, 0, ((void *)0), ((void *)0))] to [equal] [0]
		actual value:			[1]
		expected value:			[0]

$PACKET/scratch/reversals-OFF/source/tests/unit/review_test.c:56: Failure: boundaries_suite -> later_versions_skip_unknown_events_but_current_versions_reject_them 
	Expected [mrpdu_parse(pdu, len, a->ops, attribute, leaveall, ((void *)0))] to [be less than] [0]
		actual value:			[0]
		expected to be less than:	[0]

$PACKET/scratch/reversals-OFF/source/tests/unit/review_test.c:57: Failure: boundaries_suite -> later_versions_skip_unknown_events_but_current_versions_reject_them 
	Expected [decoded + leavealls] to [equal] [0]
		actual value:			[68]
		expected value:			[0]

$PACKET/scratch/reversals-OFF/source/tests/unit/review_test.c:58: Failure: boundaries_suite -> later_versions_skip_unknown_events_but_current_versions_reject_them 
	Expected [mrp_rx(a, 0, pdu, len)] to [be less than] [0]
		actual value:			[0]
		expected to be less than:	[0]

$PACKET/scratch/reversals-OFF/source/tests/unit/review_test.c:59: Failure: boundaries_suite -> later_versions_skip_unknown_events_but_current_versions_reject_them 
	Expected [joins] to [equal] [before]
		actual value:			[2]
		expected value:			[1]

$PACKET/scratch/reversals-OFF/source/tests/unit/review_test.c:60: Failure: boundaries_suite -> later_versions_skip_unknown_events_but_current_versions_reject_them 
	Expected [mrp_attr_visit(a, 0, ((void *)0), ((void *)0))] to [equal] [0]
		actual value:			[1]
		expected value:			[0]

$PACKET/scratch/reversals-OFF/source/tests/unit/review_test.c:56: Failure: boundaries_suite -> later_versions_skip_unknown_events_but_current_versions_reject_them 
	Expected [mrpdu_parse(pdu, len, a->ops, attribute, leaveall, ((void *)0))] to [be less than] [0]
		actual value:			[0]
		expected to be less than:	[0]

$PACKET/scratch/reversals-OFF/source/tests/unit/review_test.c:57: Failure: boundaries_suite -> later_versions_skip_unknown_events_but_current_versions_reject_them 
	Expected [decoded + leavealls] to [equal] [0]
		actual value:			[69]
		expected value:			[0]

$PACKET/scratch/reversals-OFF/source/tests/unit/review_test.c:58: Failure: boundaries_suite -> later_versions_skip_unknown_events_but_current_versions_reject_them 
	Expected [mrp_rx(a, 0, pdu, len)] to [be less than] [0]
		actual value:			[0]
		expected to be less than:	[0]

$PACKET/scratch/reversals-OFF/source/tests/unit/review_test.c:59: Failure: boundaries_suite -> later_versions_skip_unknown_events_but_current_versions_reject_them 
	Expected [joins] to [equal] [before]
		actual value:			[2]
		expected value:			[1]

$PACKET/scratch/reversals-OFF/source/tests/unit/review_test.c:60: Failure: boundaries_suite -> later_versions_skip_unknown_events_but_current_versions_reject_them 
	Expected [mrp_attr_visit(a, 0, ((void *)0), ((void *)0))] to [equal] [0]
		actual value:			[1]
		expected value:			[0]

$PACKET/scratch/reversals-OFF/source/tests/unit/review_test.c:56: Failure: boundaries_suite -> later_versions_skip_unknown_events_but_current_versions_reject_them 
	Expected [mrpdu_parse(pdu, len, a->ops, attribute, leaveall, ((void *)0))] to [be less than] [0]
		actual value:			[0]
		expected to be less than:	[0]

$PACKET/scratch/reversals-OFF/source/tests/unit/review_test.c:57: Failure: boundaries_suite -> later_versions_skip_unknown_events_but_current_versions_reject_them 
	Expected [decoded + leavealls] to [equal] [0]
		actual value:			[70]
		expected value:			[0]

$PACKET/scratch/reversals-OFF/source/tests/unit/review_test.c:58: Failure: boundaries_suite -> later_versions_skip_unknown_events_but_current_versions_reject_them 
	Expected [mrp_rx(a, 0, pdu, len)] to [be less than] [0]
		actual value:			[0]
		expected to be less than:	[0]

$PACKET/scratch/reversals-OFF/source/tests/unit/review_test.c:59: Failure: boundaries_suite -> later_versions_skip_unknown_events_but_current_versions_reject_them 
	Expected [joins] to [equal] [before]
		actual value:			[2]
		expected value:			[1]

$PACKET/scratch/reversals-OFF/source/tests/unit/review_test.c:60: Failure: boundaries_suite -> later_versions_skip_unknown_events_but_current_versions_reject_them 
	Expected [mrp_attr_visit(a, 0, ((void *)0), ((void *)0))] to [equal] [0]
		actual value:			[1]
		expected value:			[0]

$PACKET/scratch/reversals-OFF/source/tests/unit/review_test.c:56: Failure: boundaries_suite -> later_versions_skip_unknown_events_but_current_versions_reject_them 
	Expected [mrpdu_parse(pdu, len, a->ops, attribute, leaveall, ((void *)0))] to [be less than] [0]
		actual value:			[0]
		expected to be less than:	[0]

$PACKET/scratch/reversals-OFF/source/tests/unit/review_test.c:57: Failure: boundaries_suite -> later_versions_skip_unknown_events_but_current_versions_reject_them 
	Expected [decoded + leavealls] to [equal] [0]
		actual value:			[71]
		expected value:			[0]

$PACKET/scratch/reversals-OFF/source/tests/unit/review_test.c:58: Failure: boundaries_suite -> later_versions_skip_unknown_events_but_current_versions_reject_them 
	Expected [mrp_rx(a, 0, pdu, len)] to [be less than] [0]
		actual value:			[0]
		expected to be less than:	[0]

$PACKET/scratch/reversals-OFF/source/tests/unit/review_test.c:59: Failure: boundaries_suite -> later_versions_skip_unknown_events_but_current_versions_reject_them 
	Expected [joins] to [equal] [before]
		actual value:			[2]
		expected value:			[1]

$PACKET/scratch/reversals-OFF/source/tests/unit/review_test.c:60: Failure: boundaries_suite -> later_versions_skip_unknown_events_but_current_versions_reject_them 
	Expected [mrp_attr_visit(a, 0, ((void *)0), ((void *)0))] to [equal] [0]
		actual value:			[1]
		expected value:			[0]

$PACKET/scratch/reversals-OFF/source/tests/unit/review_test.c:56: Failure: boundaries_suite -> later_versions_skip_unknown_events_but_current_versions_reject_them 
	Expected [mrpdu_parse(pdu, len, a->ops, attribute, leaveall, ((void *)0))] to [be less than] [0]
		actual value:			[0]
		expected to be less than:	[0]

$PACKET/scratch/reversals-OFF/source/tests/unit/review_test.c:57: Failure: boundaries_suite -> later_versions_skip_unknown_events_but_current_versions_reject_them 
	Expected [decoded + leavealls] to [equal] [0]
		actual value:			[72]
		expected value:			[0]

$PACKET/scratch/reversals-OFF/source/tests/unit/review_test.c:58: Failure: boundaries_suite -> later_versions_skip_unknown_events_but_current_versions_reject_them 
	Expected [mrp_rx(a, 0, pdu, len)] to [be less than] [0]
		actual value:			[0]
		expected to be less than:	[0]

$PACKET/scratch/reversals-OFF/source/tests/unit/review_test.c:59: Failure: boundaries_suite -> later_versions_skip_unknown_events_but_current_versions_reject_them 
	Expected [joins] to [equal] [before]
		actual value:			[2]
		expected value:			[1]

$PACKET/scratch/reversals-OFF/source/tests/unit/review_test.c:60: Failure: boundaries_suite -> later_versions_skip_unknown_events_but_current_versions_reject_them 
	Expected [mrp_attr_visit(a, 0, ((void *)0), ((void *)0))] to [equal] [0]
		actual value:			[1]
		expected value:			[0]

$PACKET/scratch/reversals-OFF/source/tests/unit/review_test.c:56: Failure: boundaries_suite -> later_versions_skip_unknown_events_but_current_versions_reject_them 
	Expected [mrpdu_parse(pdu, len, a->ops, attribute, leaveall, ((void *)0))] to [be less than] [0]
		actual value:			[0]
		expected to be less than:	[0]

$PACKET/scratch/reversals-OFF/source/tests/unit/review_test.c:57: Failure: boundaries_suite -> later_versions_skip_unknown_events_but_current_versions_reject_them 
	Expected [decoded + leavealls] to [equal] [0]
		actual value:			[73]
		expected value:			[0]

$PACKET/scratch/reversals-OFF/source/tests/unit/review_test.c:58: Failure: boundaries_suite -> later_versions_skip_unknown_events_but_current_versions_reject_them 
	Expected [mrp_rx(a, 0, pdu, len)] to [be less than] [0]
		actual value:			[0]
		expected to be less than:	[0]

$PACKET/scratch/reversals-OFF/source/tests/unit/review_test.c:59: Failure: boundaries_suite -> later_versions_skip_unknown_events_but_current_versions_reject_them 
	Expected [joins] to [equal] [before]
		actual value:			[2]
		expected value:			[1]

$PACKET/scratch/reversals-OFF/source/tests/unit/review_test.c:60: Failure: boundaries_suite -> later_versions_skip_unknown_events_but_current_versions_reject_them 
	Expected [mrp_attr_visit(a, 0, ((void *)0), ((void *)0))] to [equal] [0]
		actual value:			[1]
		expected value:			[0]

$PACKET/scratch/reversals-OFF/source/tests/unit/review_test.c:56: Failure: boundaries_suite -> later_versions_skip_unknown_events_but_current_versions_reject_them 
	Expected [mrpdu_parse(pdu, len, a->ops, attribute, leaveall, ((void *)0))] to [be less than] [0]
		actual value:			[0]
		expected to be less than:	[0]

$PACKET/scratch/reversals-OFF/source/tests/unit/review_test.c:57: Failure: boundaries_suite -> later_versions_skip_unknown_events_but_current_versions_reject_them 
	Expected [decoded + leavealls] to [equal] [0]
		actual value:			[74]
		expected value:			[0]

$PACKET/scratch/reversals-OFF/source/tests/unit/review_test.c:58: Failure: boundaries_suite -> later_versions_skip_unknown_events_but_current_versions_reject_them 
	Expected [mrp_rx(a, 0, pdu, len)] to [be less than] [0]
		actual value:			[0]
		expected to be less than:	[0]

$PACKET/scratch/reversals-OFF/source/tests/unit/review_test.c:59: Failure: boundaries_suite -> later_versions_skip_unknown_events_but_current_versions_reject_them 
	Expected [joins] to [equal] [before]
		actual value:			[2]
		expected value:			[1]

$PACKET/scratch/reversals-OFF/source/tests/unit/review_test.c:60: Failure: boundaries_suite -> later_versions_skip_unknown_events_but_current_versions_reject_them 
	Expected [mrp_attr_visit(a, 0, ((void *)0), ((void *)0))] to [equal] [0]
		actual value:			[1]
		expected value:			[0]

$PACKET/scratch/reversals-OFF/source/tests/unit/review_test.c:56: Failure: boundaries_suite -> later_versions_skip_unknown_events_but_current_versions_reject_them 
	Expected [mrpdu_parse(pdu, len, a->ops, attribute, leaveall, ((void *)0))] to [be less than] [0]
		actual value:			[0]
		expected to be less than:	[0]

$PACKET/scratch/reversals-OFF/source/tests/unit/review_test.c:57: Failure: boundaries_suite -> later_versions_skip_unknown_events_but_current_versions_reject_them 
	Expected [decoded + leavealls] to [equal] [0]
		actual value:			[75]
		expected value:			[0]

$PACKET/scratch/reversals-OFF/source/tests/unit/review_test.c:58: Failure: boundaries_suite -> later_versions_skip_unknown_events_but_current_versions_reject_them 
	Expected [mrp_rx(a, 0, pdu, len)] to [be less than] [0]
		actual value:			[0]
		expected to be less than:	[0]

$PACKET/scratch/reversals-OFF/source/tests/unit/review_test.c:59: Failure: boundaries_suite -> later_versions_skip_unknown_events_but_current_versions_reject_them 
	Expected [joins] to [equal] [before]
		actual value:			[2]
		expected value:			[1]

$PACKET/scratch/reversals-OFF/source/tests/unit/review_test.c:60: Failure: boundaries_suite -> later_versions_skip_unknown_events_but_current_versions_reject_them 
	Expected [mrp_attr_visit(a, 0, ((void *)0), ((void *)0))] to [equal] [0]
		actual value:			[1]
		expected value:			[0]

$PACKET/scratch/reversals-OFF/source/tests/unit/review_test.c:56: Failure: boundaries_suite -> later_versions_skip_unknown_events_but_current_versions_reject_them 
	Expected [mrpdu_parse(pdu, len, a->ops, attribute, leaveall, ((void *)0))] to [be less than] [0]
		actual value:			[0]
		expected to be less than:	[0]

$PACKET/scratch/reversals-OFF/source/tests/unit/review_test.c:57: Failure: boundaries_suite -> later_versions_skip_unknown_events_but_current_versions_reject_them 
	Expected [decoded + leavealls] to [equal] [0]
		actual value:			[76]
		expected value:			[0]

$PACKET/scratch/reversals-OFF/source/tests/unit/review_test.c:58: Failure: boundaries_suite -> later_versions_skip_unknown_events_but_current_versions_reject_them 
	Expected [mrp_rx(a, 0, pdu, len)] to [be less than] [0]
		actual value:			[0]
		expected to be less than:	[0]

$PACKET/scratch/reversals-OFF/source/tests/unit/review_test.c:59: Failure: boundaries_suite -> later_versions_skip_unknown_events_but_current_versions_reject_them 
	Expected [joins] to [equal] [before]
		actual value:			[2]
		expected value:			[1]

$PACKET/scratch/reversals-OFF/source/tests/unit/review_test.c:60: Failure: boundaries_suite -> later_versions_skip_unknown_events_but_current_versions_reject_them 
	Expected [mrp_attr_visit(a, 0, ((void *)0), ((void *)0))] to [equal] [0]
		actual value:			[1]
		expected value:			[0]

$PACKET/scratch/reversals-OFF/source/tests/unit/review_test.c:56: Failure: boundaries_suite -> later_versions_skip_unknown_events_but_current_versions_reject_them 
	Expected [mrpdu_parse(pdu, len, a->ops, attribute, leaveall, ((void *)0))] to [be less than] [0]
		actual value:			[0]
		expected to be less than:	[0]

$PACKET/scratch/reversals-OFF/source/tests/unit/review_test.c:57: Failure: boundaries_suite -> later_versions_skip_unknown_events_but_current_versions_reject_them 
	Expected [decoded + leavealls] to [equal] [0]
		actual value:			[77]
		expected value:			[0]

$PACKET/scratch/reversals-OFF/source/tests/unit/review_test.c:58: Failure: boundaries_suite -> later_versions_skip_unknown_events_but_current_versions_reject_them 
	Expected [mrp_rx(a, 0, pdu, len)] to [be less than] [0]
		actual value:			[0]
		expected to be less than:	[0]

$PACKET/scratch/reversals-OFF/source/tests/unit/review_test.c:59: Failure: boundaries_suite -> later_versions_skip_unknown_events_but_current_versions_reject_them 
	Expected [joins] to [equal] [before]
		actual value:			[2]
		expected value:			[1]

$PACKET/scratch/reversals-OFF/source/tests/unit/review_test.c:60: Failure: boundaries_suite -> later_versions_skip_unknown_events_but_current_versions_reject_them 
	Expected [mrp_attr_visit(a, 0, ((void *)0), ((void *)0))] to [equal] [0]
		actual value:			[1]
		expected value:			[0]

$PACKET/scratch/reversals-OFF/source/tests/unit/review_test.c:56: Failure: boundaries_suite -> later_versions_skip_unknown_events_but_current_versions_reject_them 
	Expected [mrpdu_parse(pdu, len, a->ops, attribute, leaveall, ((void *)0))] to [be less than] [0]
		actual value:			[0]
		expected to be less than:	[0]

$PACKET/scratch/reversals-OFF/source/tests/unit/review_test.c:57: Failure: boundaries_suite -> later_versions_skip_unknown_events_but_current_versions_reject_them 
	Expected [decoded + leavealls] to [equal] [0]
		actual value:			[78]
		expected value:			[0]

$PACKET/scratch/reversals-OFF/source/tests/unit/review_test.c:58: Failure: boundaries_suite -> later_versions_skip_unknown_events_but_current_versions_reject_them 
	Expected [mrp_rx(a, 0, pdu, len)] to [be less than] [0]
		actual value:			[0]
		expected to be less than:	[0]

$PACKET/scratch/reversals-OFF/source/tests/unit/review_test.c:59: Failure: boundaries_suite -> later_versions_skip_unknown_events_but_current_versions_reject_them 
	Expected [joins] to [equal] [before]
		actual value:			[2]
		expected value:			[1]

$PACKET/scratch/reversals-OFF/source/tests/unit/review_test.c:60: Failure: boundaries_suite -> later_versions_skip_unknown_events_but_current_versions_reject_them 
	Expected [mrp_attr_visit(a, 0, ((void *)0), ((void *)0))] to [equal] [0]
		actual value:			[1]
		expected value:			[0]

$PACKET/scratch/reversals-OFF/source/tests/unit/review_test.c:56: Failure: boundaries_suite -> later_versions_skip_unknown_events_but_current_versions_reject_them 
	Expected [mrpdu_parse(pdu, len, a->ops, attribute, leaveall, ((void *)0))] to [be less than] [0]
		actual value:			[0]
		expected to be less than:	[0]

$PACKET/scratch/reversals-OFF/source/tests/unit/review_test.c:57: Failure: boundaries_suite -> later_versions_skip_unknown_events_but_current_versions_reject_them 
	Expected [decoded + leavealls] to [equal] [0]
		actual value:			[79]
		expected value:			[0]

$PACKET/scratch/reversals-OFF/source/tests/unit/review_test.c:58: Failure: boundaries_suite -> later_versions_skip_unknown_events_but_current_versions_reject_them 
	Expected [mrp_rx(a, 0, pdu, len)] to [be less than] [0]
		actual value:			[0]
		expected to be less than:	[0]

$PACKET/scratch/reversals-OFF/source/tests/unit/review_test.c:59: Failure: boundaries_suite -> later_versions_skip_unknown_events_but_current_versions_reject_them 
	Expected [joins] to [equal] [before]
		actual value:			[2]
		expected value:			[1]

$PACKET/scratch/reversals-OFF/source/tests/unit/review_test.c:60: Failure: boundaries_suite -> later_versions_skip_unknown_events_but_current_versions_reject_them 
	Expected [mrp_attr_visit(a, 0, ((void *)0), ((void *)0))] to [equal] [0]
		actual value:			[1]
		expected value:			[0]

$PACKET/scratch/reversals-OFF/source/tests/unit/review_test.c:56: Failure: boundaries_suite -> later_versions_skip_unknown_events_but_current_versions_reject_them 
	Expected [mrpdu_parse(pdu, len, a->ops, attribute, leaveall, ((void *)0))] to [be less than] [0]
		actual value:			[0]
		expected to be less than:	[0]

$PACKET/scratch/reversals-OFF/source/tests/unit/review_test.c:57: Failure: boundaries_suite -> later_versions_skip_unknown_events_but_current_versions_reject_them 
	Expected [decoded + leavealls] to [equal] [0]
		actual value:			[80]
		expected value:			[0]

$PACKET/scratch/reversals-OFF/source/tests/unit/review_test.c:58: Failure: boundaries_suite -> later_versions_skip_unknown_events_but_current_versions_reject_them 
	Expected [mrp_rx(a, 0, pdu, len)] to [be less than] [0]
		actual value:			[0]
		expected to be less than:	[0]

$PACKET/scratch/reversals-OFF/source/tests/unit/review_test.c:59: Failure: boundaries_suite -> later_versions_skip_unknown_events_but_current_versions_reject_them 
	Expected [joins] to [equal] [before]
		actual value:			[2]
		expected value:			[1]

$PACKET/scratch/reversals-OFF/source/tests/unit/review_test.c:60: Failure: boundaries_suite -> later_versions_skip_unknown_events_but_current_versions_reject_them 
	Expected [mrp_attr_visit(a, 0, ((void *)0), ((void *)0))] to [equal] [0]
		actual value:			[1]
		expected value:			[0]

$PACKET/scratch/reversals-OFF/source/tests/unit/review_test.c:56: Failure: boundaries_suite -> later_versions_skip_unknown_events_but_current_versions_reject_them 
	Expected [mrpdu_parse(pdu, len, a->ops, attribute, leaveall, ((void *)0))] to [be less than] [0]
		actual value:			[0]
		expected to be less than:	[0]

$PACKET/scratch/reversals-OFF/source/tests/unit/review_test.c:57: Failure: boundaries_suite -> later_versions_skip_unknown_events_but_current_versions_reject_them 
	Expected [decoded + leavealls] to [equal] [0]
		actual value:			[81]
		expected value:			[0]

$PACKET/scratch/reversals-OFF/source/tests/unit/review_test.c:58: Failure: boundaries_suite -> later_versions_skip_unknown_events_but_current_versions_reject_them 
	Expected [mrp_rx(a, 0, pdu, len)] to [be less than] [0]
		actual value:			[0]
		expected to be less than:	[0]

$PACKET/scratch/reversals-OFF/source/tests/unit/review_test.c:59: Failure: boundaries_suite -> later_versions_skip_unknown_events_but_current_versions_reject_them 
	Expected [joins] to [equal] [before]
		actual value:			[2]
		expected value:			[1]

$PACKET/scratch/reversals-OFF/source/tests/unit/review_test.c:60: Failure: boundaries_suite -> later_versions_skip_unknown_events_but_current_versions_reject_them 
	Expected [mrp_attr_visit(a, 0, ((void *)0), ((void *)0))] to [equal] [0]
		actual value:			[1]
		expected value:			[0]

$PACKET/scratch/reversals-OFF/source/tests/unit/review_test.c:56: Failure: boundaries_suite -> later_versions_skip_unknown_events_but_current_versions_reject_them 
	Expected [mrpdu_parse(pdu, len, a->ops, attribute, leaveall, ((void *)0))] to [be less than] [0]
		actual value:			[0]
		expected to be less than:	[0]

$PACKET/scratch/reversals-OFF/source/tests/unit/review_test.c:57: Failure: boundaries_suite -> later_versions_skip_unknown_events_but_current_versions_reject_them 
	Expected [decoded + leavealls] to [equal] [0]
		actual value:			[82]
		expected value:			[0]

$PACKET/scratch/reversals-OFF/source/tests/unit/review_test.c:58: Failure: boundaries_suite -> later_versions_skip_unknown_events_but_current_versions_reject_them 
	Expected [mrp_rx(a, 0, pdu, len)] to [be less than] [0]
		actual value:			[0]
		expected to be less than:	[0]

$PACKET/scratch/reversals-OFF/source/tests/unit/review_test.c:59: Failure: boundaries_suite -> later_versions_skip_unknown_events_but_current_versions_reject_them 
	Expected [joins] to [equal] [before]
		actual value:			[2]
		expected value:			[1]

$PACKET/scratch/reversals-OFF/source/tests/unit/review_test.c:60: Failure: boundaries_suite -> later_versions_skip_unknown_events_but_current_versions_reject_them 
	Expected [mrp_attr_visit(a, 0, ((void *)0), ((void *)0))] to [equal] [0]
		actual value:			[1]
		expected value:			[0]

$PACKET/scratch/reversals-OFF/source/tests/unit/review_test.c:56: Failure: boundaries_suite -> later_versions_skip_unknown_events_but_current_versions_reject_them 
	Expected [mrpdu_parse(pdu, len, a->ops, attribute, leaveall, ((void *)0))] to [be less than] [0]
		actual value:			[0]
		expected to be less than:	[0]

$PACKET/scratch/reversals-OFF/source/tests/unit/review_test.c:57: Failure: boundaries_suite -> later_versions_skip_unknown_events_but_current_versions_reject_them 
	Expected [decoded + leavealls] to [equal] [0]
		actual value:			[83]
		expected value:			[0]

$PACKET/scratch/reversals-OFF/source/tests/unit/review_test.c:58: Failure: boundaries_suite -> later_versions_skip_unknown_events_but_current_versions_reject_them 
	Expected [mrp_rx(a, 0, pdu, len)] to [be less than] [0]
		actual value:			[0]
		expected to be less than:	[0]

$PACKET/scratch/reversals-OFF/source/tests/unit/review_test.c:59: Failure: boundaries_suite -> later_versions_skip_unknown_events_but_current_versions_reject_them 
	Expected [joins] to [equal] [before]
		actual value:			[2]
		expected value:			[1]

$PACKET/scratch/reversals-OFF/source/tests/unit/review_test.c:60: Failure: boundaries_suite -> later_versions_skip_unknown_events_but_current_versions_reject_them 
	Expected [mrp_attr_visit(a, 0, ((void *)0), ((void *)0))] to [equal] [0]
		actual value:			[1]
		expected value:			[0]

$PACKET/scratch/reversals-OFF/source/tests/unit/review_test.c:56: Failure: boundaries_suite -> later_versions_skip_unknown_events_but_current_versions_reject_them 
	Expected [mrpdu_parse(pdu, len, a->ops, attribute, leaveall, ((void *)0))] to [be less than] [0]
		actual value:			[0]
		expected to be less than:	[0]

$PACKET/scratch/reversals-OFF/source/tests/unit/review_test.c:57: Failure: boundaries_suite -> later_versions_skip_unknown_events_but_current_versions_reject_them 
	Expected [decoded + leavealls] to [equal] [0]
		actual value:			[84]
		expected value:			[0]

$PACKET/scratch/reversals-OFF/source/tests/unit/review_test.c:58: Failure: boundaries_suite -> later_versions_skip_unknown_events_but_current_versions_reject_them 
	Expected [mrp_rx(a, 0, pdu, len)] to [be less than] [0]
		actual value:			[0]
		expected to be less than:	[0]

$PACKET/scratch/reversals-OFF/source/tests/unit/review_test.c:59: Failure: boundaries_suite -> later_versions_skip_unknown_events_but_current_versions_reject_them 
	Expected [joins] to [equal] [before]
		actual value:			[2]
		expected value:			[1]

$PACKET/scratch/reversals-OFF/source/tests/unit/review_test.c:60: Failure: boundaries_suite -> later_versions_skip_unknown_events_but_current_versions_reject_them 
	Expected [mrp_attr_visit(a, 0, ((void *)0), ((void *)0))] to [equal] [0]
		actual value:			[1]
		expected value:			[0]

$PACKET/scratch/reversals-OFF/source/tests/unit/review_test.c:56: Failure: boundaries_suite -> later_versions_skip_unknown_events_but_current_versions_reject_them 
	Expected [mrpdu_parse(pdu, len, a->ops, attribute, leaveall, ((void *)0))] to [be less than] [0]
		actual value:			[0]
		expected to be less than:	[0]

$PACKET/scratch/reversals-OFF/source/tests/unit/review_test.c:57: Failure: boundaries_suite -> later_versions_skip_unknown_events_but_current_versions_reject_them 
	Expected [decoded + leavealls] to [equal] [0]
		actual value:			[85]
		expected value:			[0]

$PACKET/scratch/reversals-OFF/source/tests/unit/review_test.c:58: Failure: boundaries_suite -> later_versions_skip_unknown_events_but_current_versions_reject_them 
	Expected [mrp_rx(a, 0, pdu, len)] to [be less than] [0]
		actual value:			[0]
		expected to be less than:	[0]

$PACKET/scratch/reversals-OFF/source/tests/unit/review_test.c:59: Failure: boundaries_suite -> later_versions_skip_unknown_events_but_current_versions_reject_them 
	Expected [joins] to [equal] [before]
		actual value:			[2]
		expected value:			[1]

$PACKET/scratch/reversals-OFF/source/tests/unit/review_test.c:60: Failure: boundaries_suite -> later_versions_skip_unknown_events_but_current_versions_reject_them 
	Expected [mrp_attr_visit(a, 0, ((void *)0), ((void *)0))] to [equal] [0]
		actual value:			[1]
		expected value:			[0]

$PACKET/scratch/reversals-OFF/source/tests/unit/review_test.c:56: Failure: boundaries_suite -> later_versions_skip_unknown_events_but_current_versions_reject_them 
	Expected [mrpdu_parse(pdu, len, a->ops, attribute, leaveall, ((void *)0))] to [be less than] [0]
		actual value:			[0]
		expected to be less than:	[0]

$PACKET/scratch/reversals-OFF/source/tests/unit/review_test.c:57: Failure: boundaries_suite -> later_versions_skip_unknown_events_but_current_versions_reject_them 
	Expected [decoded + leavealls] to [equal] [0]
		actual value:			[86]
		expected value:			[0]

$PACKET/scratch/reversals-OFF/source/tests/unit/review_test.c:58: Failure: boundaries_suite -> later_versions_skip_unknown_events_but_current_versions_reject_them 
	Expected [mrp_rx(a, 0, pdu, len)] to [be less than] [0]
		actual value:			[0]
		expected to be less than:	[0]

$PACKET/scratch/reversals-OFF/source/tests/unit/review_test.c:59: Failure: boundaries_suite -> later_versions_skip_unknown_events_but_current_versions_reject_them 
	Expected [joins] to [equal] [before]
		actual value:			[2]
		expected value:			[1]

$PACKET/scratch/reversals-OFF/source/tests/unit/review_test.c:60: Failure: boundaries_suite -> later_versions_skip_unknown_events_but_current_versions_reject_them 
	Expected [mrp_attr_visit(a, 0, ((void *)0), ((void *)0))] to [equal] [0]
		actual value:			[1]
		expected value:			[0]

$PACKET/scratch/reversals-OFF/source/tests/unit/review_test.c:56: Failure: boundaries_suite -> later_versions_skip_unknown_events_but_current_versions_reject_them 
	Expected [mrpdu_parse(pdu, len, a->ops, attribute, leaveall, ((void *)0))] to [be less than] [0]
		actual value:			[0]
		expected to be less than:	[0]

$PACKET/scratch/reversals-OFF/source/tests/unit/review_test.c:57: Failure: boundaries_suite -> later_versions_skip_unknown_events_but_current_versions_reject_them 
	Expected [decoded + leavealls] to [equal] [0]
		actual value:			[87]
		expected value:			[0]

$PACKET/scratch/reversals-OFF/source/tests/unit/review_test.c:58: Failure: boundaries_suite -> later_versions_skip_unknown_events_but_current_versions_reject_them 
	Expected [mrp_rx(a, 0, pdu, len)] to [be less than] [0]
		actual value:			[0]
		expected to be less than:	[0]

$PACKET/scratch/reversals-OFF/source/tests/unit/review_test.c:59: Failure: boundaries_suite -> later_versions_skip_unknown_events_but_current_versions_reject_them 
	Expected [joins] to [equal] [before]
		actual value:			[2]
		expected value:			[1]

$PACKET/scratch/reversals-OFF/source/tests/unit/review_test.c:60: Failure: boundaries_suite -> later_versions_skip_unknown_events_but_current_versions_reject_them 
	Expected [mrp_attr_visit(a, 0, ((void *)0), ((void *)0))] to [equal] [0]
		actual value:			[1]
		expected value:			[0]

$PACKET/scratch/reversals-OFF/source/tests/unit/review_test.c:56: Failure: boundaries_suite -> later_versions_skip_unknown_events_but_current_versions_reject_them 
	Expected [mrpdu_parse(pdu, len, a->ops, attribute, leaveall, ((void *)0))] to [be less than] [0]
		actual value:			[0]
		expected to be less than:	[0]

$PACKET/scratch/reversals-OFF/source/tests/unit/review_test.c:57: Failure: boundaries_suite -> later_versions_skip_unknown_events_but_current_versions_reject_them 
	Expected [decoded + leavealls] to [equal] [0]
		actual value:			[88]
		expected value:			[0]

$PACKET/scratch/reversals-OFF/source/tests/unit/review_test.c:58: Failure: boundaries_suite -> later_versions_skip_unknown_events_but_current_versions_reject_them 
	Expected [mrp_rx(a, 0, pdu, len)] to [be less than] [0]
		actual value:			[0]
		expected to be less than:	[0]

$PACKET/scratch/reversals-OFF/source/tests/unit/review_test.c:59: Failure: boundaries_suite -> later_versions_skip_unknown_events_but_current_versions_reject_them 
	Expected [joins] to [equal] [before]
		actual value:			[2]
		expected value:			[1]

$PACKET/scratch/reversals-OFF/source/tests/unit/review_test.c:60: Failure: boundaries_suite -> later_versions_skip_unknown_events_but_current_versions_reject_them 
	Expected [mrp_attr_visit(a, 0, ((void *)0), ((void *)0))] to [equal] [0]
		actual value:			[1]
		expected value:			[0]

$PACKET/scratch/reversals-OFF/source/tests/unit/review_test.c:56: Failure: boundaries_suite -> later_versions_skip_unknown_events_but_current_versions_reject_them 
	Expected [mrpdu_parse(pdu, len, a->ops, attribute, leaveall, ((void *)0))] to [be less than] [0]
		actual value:			[0]
		expected to be less than:	[0]

$PACKET/scratch/reversals-OFF/source/tests/unit/review_test.c:57: Failure: boundaries_suite -> later_versions_skip_unknown_events_but_current_versions_reject_them 
	Expected [decoded + leavealls] to [equal] [0]
		actual value:			[89]
		expected value:			[0]

$PACKET/scratch/reversals-OFF/source/tests/unit/review_test.c:58: Failure: boundaries_suite -> later_versions_skip_unknown_events_but_current_versions_reject_them 
	Expected [mrp_rx(a, 0, pdu, len)] to [be less than] [0]
		actual value:			[0]
		expected to be less than:	[0]

$PACKET/scratch/reversals-OFF/source/tests/unit/review_test.c:59: Failure: boundaries_suite -> later_versions_skip_unknown_events_but_current_versions_reject_them 
	Expected [joins] to [equal] [before]
		actual value:			[2]
		expected value:			[1]

$PACKET/scratch/reversals-OFF/source/tests/unit/review_test.c:60: Failure: boundaries_suite -> later_versions_skip_unknown_events_but_current_versions_reject_them 
	Expected [mrp_attr_visit(a, 0, ((void *)0), ((void *)0))] to [equal] [0]
		actual value:			[1]
		expected value:			[0]

$PACKET/scratch/reversals-OFF/source/tests/unit/review_test.c:56: Failure: boundaries_suite -> later_versions_skip_unknown_events_but_current_versions_reject_them 
	Expected [mrpdu_parse(pdu, len, a->ops, attribute, leaveall, ((void *)0))] to [be less than] [0]
		actual value:			[0]
		expected to be less than:	[0]

$PACKET/scratch/reversals-OFF/source/tests/unit/review_test.c:57: Failure: boundaries_suite -> later_versions_skip_unknown_events_but_current_versions_reject_them 
	Expected [decoded + leavealls] to [equal] [0]
		actual value:			[90]
		expected value:			[0]

$PACKET/scratch/reversals-OFF/source/tests/unit/review_test.c:58: Failure: boundaries_suite -> later_versions_skip_unknown_events_but_current_versions_reject_them 
	Expected [mrp_rx(a, 0, pdu, len)] to [be less than] [0]
		actual value:			[0]
		expected to be less than:	[0]

$PACKET/scratch/reversals-OFF/source/tests/unit/review_test.c:59: Failure: boundaries_suite -> later_versions_skip_unknown_events_but_current_versions_reject_them 
	Expected [joins] to [equal] [before]
		actual value:			[2]
		expected value:			[1]

$PACKET/scratch/reversals-OFF/source/tests/unit/review_test.c:60: Failure: boundaries_suite -> later_versions_skip_unknown_events_but_current_versions_reject_them 
	Expected [mrp_attr_visit(a, 0, ((void *)0), ((void *)0))] to [equal] [0]
		actual value:			[1]
		expected value:			[0]

$PACKET/scratch/reversals-OFF/source/tests/unit/review_test.c:56: Failure: boundaries_suite -> later_versions_skip_unknown_events_but_current_versions_reject_them 
	Expected [mrpdu_parse(pdu, len, a->ops, attribute, leaveall, ((void *)0))] to [be less than] [0]
		actual value:			[0]
		expected to be less than:	[0]

$PACKET/scratch/reversals-OFF/source/tests/unit/review_test.c:57: Failure: boundaries_suite -> later_versions_skip_unknown_events_but_current_versions_reject_them 
	Expected [decoded + leavealls] to [equal] [0]
		actual value:			[91]
		expected value:			[0]

$PACKET/scratch/reversals-OFF/source/tests/unit/review_test.c:58: Failure: boundaries_suite -> later_versions_skip_unknown_events_but_current_versions_reject_them 
	Expected [mrp_rx(a, 0, pdu, len)] to [be less than] [0]
		actual value:			[0]
		expected to be less than:	[0]

$PACKET/scratch/reversals-OFF/source/tests/unit/review_test.c:59: Failure: boundaries_suite -> later_versions_skip_unknown_events_but_current_versions_reject_them 
	Expected [joins] to [equal] [before]
		actual value:			[2]
		expected value:			[1]

$PACKET/scratch/reversals-OFF/source/tests/unit/review_test.c:60: Failure: boundaries_suite -> later_versions_skip_unknown_events_but_current_versions_reject_them 
	Expected [mrp_attr_visit(a, 0, ((void *)0), ((void *)0))] to [equal] [0]
		actual value:			[1]
		expected value:			[0]

$PACKET/scratch/reversals-OFF/source/tests/unit/review_test.c:56: Failure: boundaries_suite -> later_versions_skip_unknown_events_but_current_versions_reject_them 
	Expected [mrpdu_parse(pdu, len, a->ops, attribute, leaveall, ((void *)0))] to [be less than] [0]
		actual value:			[0]
		expected to be less than:	[0]

$PACKET/scratch/reversals-OFF/source/tests/unit/review_test.c:57: Failure: boundaries_suite -> later_versions_skip_unknown_events_but_current_versions_reject_them 
	Expected [decoded + leavealls] to [equal] [0]
		actual value:			[92]
		expected value:			[0]

$PACKET/scratch/reversals-OFF/source/tests/unit/review_test.c:58: Failure: boundaries_suite -> later_versions_skip_unknown_events_but_current_versions_reject_them 
	Expected [mrp_rx(a, 0, pdu, len)] to [be less than] [0]
		actual value:			[0]
		expected to be less than:	[0]

$PACKET/scratch/reversals-OFF/source/tests/unit/review_test.c:59: Failure: boundaries_suite -> later_versions_skip_unknown_events_but_current_versions_reject_them 
	Expected [joins] to [equal] [before]
		actual value:			[2]
		expected value:			[1]

$PACKET/scratch/reversals-OFF/source/tests/unit/review_test.c:60: Failure: boundaries_suite -> later_versions_skip_unknown_events_but_current_versions_reject_them 
	Expected [mrp_attr_visit(a, 0, ((void *)0), ((void *)0))] to [equal] [0]
		actual value:			[1]
		expected value:			[0]

$PACKET/scratch/reversals-OFF/source/tests/unit/review_test.c:56: Failure: boundaries_suite -> later_versions_skip_unknown_events_but_current_versions_reject_them 
	Expected [mrpdu_parse(pdu, len, a->ops, attribute, leaveall, ((void *)0))] to [be less than] [0]
		actual value:			[0]
		expected to be less than:	[0]

$PACKET/scratch/reversals-OFF/source/tests/unit/review_test.c:57: Failure: boundaries_suite -> later_versions_skip_unknown_events_but_current_versions_reject_them 
	Expected [decoded + leavealls] to [equal] [0]
		actual value:			[93]
		expected value:			[0]

$PACKET/scratch/reversals-OFF/source/tests/unit/review_test.c:58: Failure: boundaries_suite -> later_versions_skip_unknown_events_but_current_versions_reject_them 
	Expected [mrp_rx(a, 0, pdu, len)] to [be less than] [0]
		actual value:			[0]
		expected to be less than:	[0]

$PACKET/scratch/reversals-OFF/source/tests/unit/review_test.c:59: Failure: boundaries_suite -> later_versions_skip_unknown_events_but_current_versions_reject_them 
	Expected [joins] to [equal] [before]
		actual value:			[2]
		expected value:			[1]

$PACKET/scratch/reversals-OFF/source/tests/unit/review_test.c:60: Failure: boundaries_suite -> later_versions_skip_unknown_events_but_current_versions_reject_them 
	Expected [mrp_attr_visit(a, 0, ((void *)0), ((void *)0))] to [equal] [0]
		actual value:			[1]
		expected value:			[0]

$PACKET/scratch/reversals-OFF/source/tests/unit/review_test.c:56: Failure: boundaries_suite -> later_versions_skip_unknown_events_but_current_versions_reject_them 
	Expected [mrpdu_parse(pdu, len, a->ops, attribute, leaveall, ((void *)0))] to [be less than] [0]
		actual value:			[0]
		expected to be less than:	[0]

$PACKET/scratch/reversals-OFF/source/tests/unit/review_test.c:57: Failure: boundaries_suite -> later_versions_skip_unknown_events_but_current_versions_reject_them 
	Expected [decoded + leavealls] to [equal] [0]
		actual value:			[94]
		expected value:			[0]

$PACKET/scratch/reversals-OFF/source/tests/unit/review_test.c:58: Failure: boundaries_suite -> later_versions_skip_unknown_events_but_current_versions_reject_them 
	Expected [mrp_rx(a, 0, pdu, len)] to [be less than] [0]
		actual value:			[0]
		expected to be less than:	[0]

$PACKET/scratch/reversals-OFF/source/tests/unit/review_test.c:59: Failure: boundaries_suite -> later_versions_skip_unknown_events_but_current_versions_reject_them 
	Expected [joins] to [equal] [before]
		actual value:			[2]
		expected value:			[1]

$PACKET/scratch/reversals-OFF/source/tests/unit/review_test.c:60: Failure: boundaries_suite -> later_versions_skip_unknown_events_but_current_versions_reject_them 
	Expected [mrp_attr_visit(a, 0, ((void *)0), ((void *)0))] to [equal] [0]
		actual value:			[1]
		expected value:			[0]

$PACKET/scratch/reversals-OFF/source/tests/unit/review_test.c:56: Failure: boundaries_suite -> later_versions_skip_unknown_events_but_current_versions_reject_them 
	Expected [mrpdu_parse(pdu, len, a->ops, attribute, leaveall, ((void *)0))] to [be less than] [0]
		actual value:			[0]
		expected to be less than:	[0]

$PACKET/scratch/reversals-OFF/source/tests/unit/review_test.c:57: Failure: boundaries_suite -> later_versions_skip_unknown_events_but_current_versions_reject_them 
	Expected [decoded + leavealls] to [equal] [0]
		actual value:			[95]
		expected value:			[0]

$PACKET/scratch/reversals-OFF/source/tests/unit/review_test.c:58: Failure: boundaries_suite -> later_versions_skip_unknown_events_but_current_versions_reject_them 
	Expected [mrp_rx(a, 0, pdu, len)] to [be less than] [0]
		actual value:			[0]
		expected to be less than:	[0]

$PACKET/scratch/reversals-OFF/source/tests/unit/review_test.c:59: Failure: boundaries_suite -> later_versions_skip_unknown_events_but_current_versions_reject_them 
	Expected [joins] to [equal] [before]
		actual value:			[2]
		expected value:			[1]

$PACKET/scratch/reversals-OFF/source/tests/unit/review_test.c:60: Failure: boundaries_suite -> later_versions_skip_unknown_events_but_current_versions_reject_them 
	Expected [mrp_attr_visit(a, 0, ((void *)0), ((void *)0))] to [equal] [0]
		actual value:			[1]
		expected value:			[0]

$PACKET/scratch/reversals-OFF/source/tests/unit/review_test.c:56: Failure: boundaries_suite -> later_versions_skip_unknown_events_but_current_versions_reject_them 
	Expected [mrpdu_parse(pdu, len, a->ops, attribute, leaveall, ((void *)0))] to [be less than] [0]
		actual value:			[0]
		expected to be less than:	[0]

$PACKET/scratch/reversals-OFF/source/tests/unit/review_test.c:57: Failure: boundaries_suite -> later_versions_skip_unknown_events_but_current_versions_reject_them 
	Expected [decoded + leavealls] to [equal] [0]
		actual value:			[96]
		expected value:			[0]

$PACKET/scratch/reversals-OFF/source/tests/unit/review_test.c:58: Failure: boundaries_suite -> later_versions_skip_unknown_events_but_current_versions_reject_them 
	Expected [mrp_rx(a, 0, pdu, len)] to [be less than] [0]
		actual value:			[0]
		expected to be less than:	[0]

$PACKET/scratch/reversals-OFF/source/tests/unit/review_test.c:59: Failure: boundaries_suite -> later_versions_skip_unknown_events_but_current_versions_reject_them 
	Expected [joins] to [equal] [before]
		actual value:			[2]
		expected value:			[1]

$PACKET/scratch/reversals-OFF/source/tests/unit/review_test.c:60: Failure: boundaries_suite -> later_versions_skip_unknown_events_but_current_versions_reject_them 
	Expected [mrp_attr_visit(a, 0, ((void *)0), ((void *)0))] to [equal] [0]
		actual value:			[1]
		expected value:			[0]

$PACKET/scratch/reversals-OFF/source/tests/unit/review_test.c:56: Failure: boundaries_suite -> later_versions_skip_unknown_events_but_current_versions_reject_them 
	Expected [mrpdu_parse(pdu, len, a->ops, attribute, leaveall, ((void *)0))] to [be less than] [0]
		actual value:			[0]
		expected to be less than:	[0]

$PACKET/scratch/reversals-OFF/source/tests/unit/review_test.c:57: Failure: boundaries_suite -> later_versions_skip_unknown_events_but_current_versions_reject_them 
	Expected [decoded + leavealls] to [equal] [0]
		actual value:			[97]
		expected value:			[0]

$PACKET/scratch/reversals-OFF/source/tests/unit/review_test.c:58: Failure: boundaries_suite -> later_versions_skip_unknown_events_but_current_versions_reject_them 
	Expected [mrp_rx(a, 0, pdu, len)] to [be less than] [0]
		actual value:			[0]
		expected to be less than:	[0]

$PACKET/scratch/reversals-OFF/source/tests/unit/review_test.c:59: Failure: boundaries_suite -> later_versions_skip_unknown_events_but_current_versions_reject_them 
	Expected [joins] to [equal] [before]
		actual value:			[2]
		expected value:			[1]

$PACKET/scratch/reversals-OFF/source/tests/unit/review_test.c:60: Failure: boundaries_suite -> later_versions_skip_unknown_events_but_current_versions_reject_them 
	Expected [mrp_attr_visit(a, 0, ((void *)0), ((void *)0))] to [equal] [0]
		actual value:			[1]
		expected value:			[0]

$PACKET/scratch/reversals-OFF/source/tests/unit/review_test.c:56: Failure: boundaries_suite -> later_versions_skip_unknown_events_but_current_versions_reject_them 
	Expected [mrpdu_parse(pdu, len, a->ops, attribute, leaveall, ((void *)0))] to [be less than] [0]
		actual value:			[0]
		expected to be less than:	[0]

$PACKET/scratch/reversals-OFF/source/tests/unit/review_test.c:57: Failure: boundaries_suite -> later_versions_skip_unknown_events_but_current_versions_reject_them 
	Expected [decoded + leavealls] to [equal] [0]
		actual value:			[98]
		expected value:			[0]

$PACKET/scratch/reversals-OFF/source/tests/unit/review_test.c:58: Failure: boundaries_suite -> later_versions_skip_unknown_events_but_current_versions_reject_them 
	Expected [mrp_rx(a, 0, pdu, len)] to [be less than] [0]
		actual value:			[0]
		expected to be less than:	[0]

$PACKET/scratch/reversals-OFF/source/tests/unit/review_test.c:59: Failure: boundaries_suite -> later_versions_skip_unknown_events_but_current_versions_reject_them 
	Expected [joins] to [equal] [before]
		actual value:			[2]
		expected value:			[1]

$PACKET/scratch/reversals-OFF/source/tests/unit/review_test.c:60: Failure: boundaries_suite -> later_versions_skip_unknown_events_but_current_versions_reject_them 
	Expected [mrp_attr_visit(a, 0, ((void *)0), ((void *)0))] to [equal] [0]
		actual value:			[1]
		expected value:			[0]

$PACKET/scratch/reversals-OFF/source/tests/unit/review_test.c:56: Failure: boundaries_suite -> later_versions_skip_unknown_events_but_current_versions_reject_them 
	Expected [mrpdu_parse(pdu, len, a->ops, attribute, leaveall, ((void *)0))] to [be less than] [0]
		actual value:			[0]
		expected to be less than:	[0]

$PACKET/scratch/reversals-OFF/source/tests/unit/review_test.c:57: Failure: boundaries_suite -> later_versions_skip_unknown_events_but_current_versions_reject_them 
	Expected [decoded + leavealls] to [equal] [0]
		actual value:			[99]
		expected value:			[0]

$PACKET/scratch/reversals-OFF/source/tests/unit/review_test.c:58: Failure: boundaries_suite -> later_versions_skip_unknown_events_but_current_versions_reject_them 
	Expected [mrp_rx(a, 0, pdu, len)] to [be less than] [0]
		actual value:			[0]
		expected to be less than:	[0]

$PACKET/scratch/reversals-OFF/source/tests/unit/review_test.c:59: Failure: boundaries_suite -> later_versions_skip_unknown_events_but_current_versions_reject_them 
	Expected [joins] to [equal] [before]
		actual value:			[2]
		expected value:			[1]

$PACKET/scratch/reversals-OFF/source/tests/unit/review_test.c:60: Failure: boundaries_suite -> later_versions_skip_unknown_events_but_current_versions_reject_them 
	Expected [mrp_attr_visit(a, 0, ((void *)0), ((void *)0))] to [equal] [0]
		actual value:			[1]
		expected value:			[0]

$PACKET/scratch/reversals-OFF/source/tests/unit/review_test.c:56: Failure: boundaries_suite -> later_versions_skip_unknown_events_but_current_versions_reject_them 
	Expected [mrpdu_parse(pdu, len, a->ops, attribute, leaveall, ((void *)0))] to [be less than] [0]
		actual value:			[0]
		expected to be less than:	[0]

$PACKET/scratch/reversals-OFF/source/tests/unit/review_test.c:57: Failure: boundaries_suite -> later_versions_skip_unknown_events_but_current_versions_reject_them 
	Expected [decoded + leavealls] to [equal] [0]
		actual value:			[100]
		expected value:			[0]

$PACKET/scratch/reversals-OFF/source/tests/unit/review_test.c:58: Failure: boundaries_suite -> later_versions_skip_unknown_events_but_current_versions_reject_them 
	Expected [mrp_rx(a, 0, pdu, len)] to [be less than] [0]
		actual value:			[0]
		expected to be less than:	[0]

$PACKET/scratch/reversals-OFF/source/tests/unit/review_test.c:59: Failure: boundaries_suite -> later_versions_skip_unknown_events_but_current_versions_reject_them 
	Expected [joins] to [equal] [before]
		actual value:			[2]
		expected value:			[1]

$PACKET/scratch/reversals-OFF/source/tests/unit/review_test.c:60: Failure: boundaries_suite -> later_versions_skip_unknown_events_but_current_versions_reject_them 
	Expected [mrp_attr_visit(a, 0, ((void *)0), ((void *)0))] to [equal] [0]
		actual value:			[1]
		expected value:			[0]

$PACKET/scratch/reversals-OFF/source/tests/unit/review_test.c:56: Failure: boundaries_suite -> later_versions_skip_unknown_events_but_current_versions_reject_them 
	Expected [mrpdu_parse(pdu, len, a->ops, attribute, leaveall, ((void *)0))] to [be less than] [0]
		actual value:			[0]
		expected to be less than:	[0]

$PACKET/scratch/reversals-OFF/source/tests/unit/review_test.c:57: Failure: boundaries_suite -> later_versions_skip_unknown_events_but_current_versions_reject_them 
	Expected [decoded + leavealls] to [equal] [0]
		actual value:			[101]
		expected value:			[0]

$PACKET/scratch/reversals-OFF/source/tests/unit/review_test.c:58: Failure: boundaries_suite -> later_versions_skip_unknown_events_but_current_versions_reject_them 
	Expected [mrp_rx(a, 0, pdu, len)] to [be less than] [0]
		actual value:			[0]
		expected to be less than:	[0]

$PACKET/scratch/reversals-OFF/source/tests/unit/review_test.c:59: Failure: boundaries_suite -> later_versions_skip_unknown_events_but_current_versions_reject_them 
	Expected [joins] to [equal] [before]
		actual value:			[2]
		expected value:			[1]

$PACKET/scratch/reversals-OFF/source/tests/unit/review_test.c:60: Failure: boundaries_suite -> later_versions_skip_unknown_events_but_current_versions_reject_them 
	Expected [mrp_attr_visit(a, 0, ((void *)0), ((void *)0))] to [equal] [0]
		actual value:			[1]
		expected value:			[0]

$PACKET/scratch/reversals-OFF/source/tests/unit/review_test.c:56: Failure: boundaries_suite -> later_versions_skip_unknown_events_but_current_versions_reject_them 
	Expected [mrpdu_parse(pdu, len, a->ops, attribute, leaveall, ((void *)0))] to [be less than] [0]
		actual value:			[0]
		expected to be less than:	[0]

$PACKET/scratch/reversals-OFF/source/tests/unit/review_test.c:57: Failure: boundaries_suite -> later_versions_skip_unknown_events_but_current_versions_reject_them 
	Expected [decoded + leavealls] to [equal] [0]
		actual value:			[102]
		expected value:			[0]

$PACKET/scratch/reversals-OFF/source/tests/unit/review_test.c:58: Failure: boundaries_suite -> later_versions_skip_unknown_events_but_current_versions_reject_them 
	Expected [mrp_rx(a, 0, pdu, len)] to [be less than] [0]
		actual value:			[0]
		expected to be less than:	[0]

$PACKET/scratch/reversals-OFF/source/tests/unit/review_test.c:59: Failure: boundaries_suite -> later_versions_skip_unknown_events_but_current_versions_reject_them 
	Expected [joins] to [equal] [before]
		actual value:			[2]
		expected value:			[1]

$PACKET/scratch/reversals-OFF/source/tests/unit/review_test.c:60: Failure: boundaries_suite -> later_versions_skip_unknown_events_but_current_versions_reject_them 
	Expected [mrp_attr_visit(a, 0, ((void *)0), ((void *)0))] to [equal] [0]
		actual value:			[1]
		expected value:			[0]

$PACKET/scratch/reversals-OFF/source/tests/unit/review_test.c:56: Failure: boundaries_suite -> later_versions_skip_unknown_events_but_current_versions_reject_them 
	Expected [mrpdu_parse(pdu, len, a->ops, attribute, leaveall, ((void *)0))] to [be less than] [0]
		actual value:			[0]
		expected to be less than:	[0]

$PACKET/scratch/reversals-OFF/source/tests/unit/review_test.c:57: Failure: boundaries_suite -> later_versions_skip_unknown_events_but_current_versions_reject_them 
	Expected [decoded + leavealls] to [equal] [0]
		actual value:			[103]
		expected value:			[0]

$PACKET/scratch/reversals-OFF/source/tests/unit/review_test.c:58: Failure: boundaries_suite -> later_versions_skip_unknown_events_but_current_versions_reject_them 
	Expected [mrp_rx(a, 0, pdu, len)] to [be less than] [0]
		actual value:			[0]
		expected to be less than:	[0]

$PACKET/scratch/reversals-OFF/source/tests/unit/review_test.c:59: Failure: boundaries_suite -> later_versions_skip_unknown_events_but_current_versions_reject_them 
	Expected [joins] to [equal] [before]
		actual value:			[2]
		expected value:			[1]

$PACKET/scratch/reversals-OFF/source/tests/unit/review_test.c:60: Failure: boundaries_suite -> later_versions_skip_unknown_events_but_current_versions_reject_them 
	Expected [mrp_attr_visit(a, 0, ((void *)0), ((void *)0))] to [equal] [0]
		actual value:			[1]
		expected value:			[0]

$PACKET/scratch/reversals-OFF/source/tests/unit/review_test.c:56: Failure: boundaries_suite -> later_versions_skip_unknown_events_but_current_versions_reject_them 
	Expected [mrpdu_parse(pdu, len, a->ops, attribute, leaveall, ((void *)0))] to [be less than] [0]
		actual value:			[0]
		expected to be less than:	[0]

$PACKET/scratch/reversals-OFF/source/tests/unit/review_test.c:57: Failure: boundaries_suite -> later_versions_skip_unknown_events_but_current_versions_reject_them 
	Expected [decoded + leavealls] to [equal] [0]
		actual value:			[104]
		expected value:			[0]

$PACKET/scratch/reversals-OFF/source/tests/unit/review_test.c:58: Failure: boundaries_suite -> later_versions_skip_unknown_events_but_current_versions_reject_them 
	Expected [mrp_rx(a, 0, pdu, len)] to [be less than] [0]
		actual value:			[0]
		expected to be less than:	[0]

$PACKET/scratch/reversals-OFF/source/tests/unit/review_test.c:59: Failure: boundaries_suite -> later_versions_skip_unknown_events_but_current_versions_reject_them 
	Expected [joins] to [equal] [before]
		actual value:			[2]
		expected value:			[1]

$PACKET/scratch/reversals-OFF/source/tests/unit/review_test.c:60: Failure: boundaries_suite -> later_versions_skip_unknown_events_but_current_versions_reject_them 
	Expected [mrp_attr_visit(a, 0, ((void *)0), ((void *)0))] to [equal] [0]
		actual value:			[1]
		expected value:			[0]

$PACKET/scratch/reversals-OFF/source/tests/unit/review_test.c:56: Failure: boundaries_suite -> later_versions_skip_unknown_events_but_current_versions_reject_them 
	Expected [mrpdu_parse(pdu, len, a->ops, attribute, leaveall, ((void *)0))] to [be less than] [0]
		actual value:			[0]
		expected to be less than:	[0]

$PACKET/scratch/reversals-OFF/source/tests/unit/review_test.c:57: Failure: boundaries_suite -> later_versions_skip_unknown_events_but_current_versions_reject_them 
	Expected [decoded + leavealls] to [equal] [0]
		actual value:			[105]
		expected value:			[0]

$PACKET/scratch/reversals-OFF/source/tests/unit/review_test.c:58: Failure: boundaries_suite -> later_versions_skip_unknown_events_but_current_versions_reject_them 
	Expected [mrp_rx(a, 0, pdu, len)] to [be less than] [0]
		actual value:			[0]
		expected to be less than:	[0]

$PACKET/scratch/reversals-OFF/source/tests/unit/review_test.c:59: Failure: boundaries_suite -> later_versions_skip_unknown_events_but_current_versions_reject_them 
	Expected [joins] to [equal] [before]
		actual value:			[2]
		expected value:			[1]

$PACKET/scratch/reversals-OFF/source/tests/unit/review_test.c:60: Failure: boundaries_suite -> later_versions_skip_unknown_events_but_current_versions_reject_them 
	Expected [mrp_attr_visit(a, 0, ((void *)0), ((void *)0))] to [equal] [0]
		actual value:			[1]
		expected value:			[0]

$PACKET/scratch/reversals-OFF/source/tests/unit/review_test.c:56: Failure: boundaries_suite -> later_versions_skip_unknown_events_but_current_versions_reject_them 
	Expected [mrpdu_parse(pdu, len, a->ops, attribute, leaveall, ((void *)0))] to [be less than] [0]
		actual value:			[0]
		expected to be less than:	[0]

$PACKET/scratch/reversals-OFF/source/tests/unit/review_test.c:57: Failure: boundaries_suite -> later_versions_skip_unknown_events_but_current_versions_reject_them 
	Expected [decoded + leavealls] to [equal] [0]
		actual value:			[106]
		expected value:			[0]

$PACKET/scratch/reversals-OFF/source/tests/unit/review_test.c:58: Failure: boundaries_suite -> later_versions_skip_unknown_events_but_current_versions_reject_them 
	Expected [mrp_rx(a, 0, pdu, len)] to [be less than] [0]
		actual value:			[0]
		expected to be less than:	[0]

$PACKET/scratch/reversals-OFF/source/tests/unit/review_test.c:59: Failure: boundaries_suite -> later_versions_skip_unknown_events_but_current_versions_reject_them 
	Expected [joins] to [equal] [before]
		actual value:			[2]
		expected value:			[1]

$PACKET/scratch/reversals-OFF/source/tests/unit/review_test.c:60: Failure: boundaries_suite -> later_versions_skip_unknown_events_but_current_versions_reject_them 
	Expected [mrp_attr_visit(a, 0, ((void *)0), ((void *)0))] to [equal] [0]
		actual value:			[1]
		expected value:			[0]

$PACKET/scratch/reversals-OFF/source/tests/unit/review_test.c:56: Failure: boundaries_suite -> later_versions_skip_unknown_events_but_current_versions_reject_them 
	Expected [mrpdu_parse(pdu, len, a->ops, attribute, leaveall, ((void *)0))] to [be less than] [0]
		actual value:			[0]
		expected to be less than:	[0]

$PACKET/scratch/reversals-OFF/source/tests/unit/review_test.c:57: Failure: boundaries_suite -> later_versions_skip_unknown_events_but_current_versions_reject_them 
	Expected [decoded + leavealls] to [equal] [0]
		actual value:			[107]
		expected value:			[0]

$PACKET/scratch/reversals-OFF/source/tests/unit/review_test.c:58: Failure: boundaries_suite -> later_versions_skip_unknown_events_but_current_versions_reject_them 
	Expected [mrp_rx(a, 0, pdu, len)] to [be less than] [0]
		actual value:			[0]
		expected to be less than:	[0]

$PACKET/scratch/reversals-OFF/source/tests/unit/review_test.c:59: Failure: boundaries_suite -> later_versions_skip_unknown_events_but_current_versions_reject_them 
	Expected [joins] to [equal] [before]
		actual value:			[2]
		expected value:			[1]

$PACKET/scratch/reversals-OFF/source/tests/unit/review_test.c:60: Failure: boundaries_suite -> later_versions_skip_unknown_events_but_current_versions_reject_them 
	Expected [mrp_attr_visit(a, 0, ((void *)0), ((void *)0))] to [equal] [0]
		actual value:			[1]
		expected value:			[0]

$PACKET/scratch/reversals-OFF/source/tests/unit/review_test.c:56: Failure: boundaries_suite -> later_versions_skip_unknown_events_but_current_versions_reject_them 
	Expected [mrpdu_parse(pdu, len, a->ops, attribute, leaveall, ((void *)0))] to [be less than] [0]
		actual value:			[0]
		expected to be less than:	[0]

$PACKET/scratch/reversals-OFF/source/tests/unit/review_test.c:57: Failure: boundaries_suite -> later_versions_skip_unknown_events_but_current_versions_reject_them 
	Expected [decoded + leavealls] to [equal] [0]
		actual value:			[108]
		expected value:			[0]

$PACKET/scratch/reversals-OFF/source/tests/unit/review_test.c:58: Failure: boundaries_suite -> later_versions_skip_unknown_events_but_current_versions_reject_them 
	Expected [mrp_rx(a, 0, pdu, len)] to [be less than] [0]
		actual value:			[0]
		expected to be less than:	[0]

$PACKET/scratch/reversals-OFF/source/tests/unit/review_test.c:59: Failure: boundaries_suite -> later_versions_skip_unknown_events_but_current_versions_reject_them 
	Expected [joins] to [equal] [before]
		actual value:			[2]
		expected value:			[1]

$PACKET/scratch/reversals-OFF/source/tests/unit/review_test.c:60: Failure: boundaries_suite -> later_versions_skip_unknown_events_but_current_versions_reject_them 
	Expected [mrp_attr_visit(a, 0, ((void *)0), ((void *)0))] to [equal] [0]
		actual value:			[1]
		expected value:			[0]

$PACKET/scratch/reversals-OFF/source/tests/unit/review_test.c:56: Failure: boundaries_suite -> later_versions_skip_unknown_events_but_current_versions_reject_them 
	Expected [mrpdu_parse(pdu, len, a->ops, attribute, leaveall, ((void *)0))] to [be less than] [0]
		actual value:			[0]
		expected to be less than:	[0]

$PACKET/scratch/reversals-OFF/source/tests/unit/review_test.c:57: Failure: boundaries_suite -> later_versions_skip_unknown_events_but_current_versions_reject_them 
	Expected [decoded + leavealls] to [equal] [0]
		actual value:			[109]
		expected value:			[0]

$PACKET/scratch/reversals-OFF/source/tests/unit/review_test.c:58: Failure: boundaries_suite -> later_versions_skip_unknown_events_but_current_versions_reject_them 
	Expected [mrp_rx(a, 0, pdu, len)] to [be less than] [0]
		actual value:			[0]
		expected to be less than:	[0]

$PACKET/scratch/reversals-OFF/source/tests/unit/review_test.c:59: Failure: boundaries_suite -> later_versions_skip_unknown_events_but_current_versions_reject_them 
	Expected [joins] to [equal] [before]
		actual value:			[2]
		expected value:			[1]

$PACKET/scratch/reversals-OFF/source/tests/unit/review_test.c:60: Failure: boundaries_suite -> later_versions_skip_unknown_events_but_current_versions_reject_them 
	Expected [mrp_attr_visit(a, 0, ((void *)0), ((void *)0))] to [equal] [0]
		actual value:			[1]
		expected value:			[0]

$PACKET/scratch/reversals-OFF/source/tests/unit/review_test.c:56: Failure: boundaries_suite -> later_versions_skip_unknown_events_but_current_versions_reject_them 
	Expected [mrpdu_parse(pdu, len, a->ops, attribute, leaveall, ((void *)0))] to [be less than] [0]
		actual value:			[0]
		expected to be less than:	[0]

$PACKET/scratch/reversals-OFF/source/tests/unit/review_test.c:57: Failure: boundaries_suite -> later_versions_skip_unknown_events_but_current_versions_reject_them 
	Expected [decoded + leavealls] to [equal] [0]
		actual value:			[110]
		expected value:			[0]

$PACKET/scratch/reversals-OFF/source/tests/unit/review_test.c:58: Failure: boundaries_suite -> later_versions_skip_unknown_events_but_current_versions_reject_them 
	Expected [mrp_rx(a, 0, pdu, len)] to [be less than] [0]
		actual value:			[0]
		expected to be less than:	[0]

$PACKET/scratch/reversals-OFF/source/tests/unit/review_test.c:59: Failure: boundaries_suite -> later_versions_skip_unknown_events_but_current_versions_reject_them 
	Expected [joins] to [equal] [before]
		actual value:			[2]
		expected value:			[1]

$PACKET/scratch/reversals-OFF/source/tests/unit/review_test.c:60: Failure: boundaries_suite -> later_versions_skip_unknown_events_but_current_versions_reject_them 
	Expected [mrp_attr_visit(a, 0, ((void *)0), ((void *)0))] to [equal] [0]
		actual value:			[1]
		expected value:			[0]

$PACKET/scratch/reversals-OFF/source/tests/unit/review_test.c:56: Failure: boundaries_suite -> later_versions_skip_unknown_events_but_current_versions_reject_them 
	Expected [mrpdu_parse(pdu, len, a->ops, attribute, leaveall, ((void *)0))] to [be less than] [0]
		actual value:			[0]
		expected to be less than:	[0]

$PACKET/scratch/reversals-OFF/source/tests/unit/review_test.c:57: Failure: boundaries_suite -> later_versions_skip_unknown_events_but_current_versions_reject_them 
	Expected [decoded + leavealls] to [equal] [0]
		actual value:			[111]
		expected value:			[0]

$PACKET/scratch/reversals-OFF/source/tests/unit/review_test.c:58: Failure: boundaries_suite -> later_versions_skip_unknown_events_but_current_versions_reject_them 
	Expected [mrp_rx(a, 0, pdu, len)] to [be less than] [0]
		actual value:			[0]
		expected to be less than:	[0]

$PACKET/scratch/reversals-OFF/source/tests/unit/review_test.c:59: Failure: boundaries_suite -> later_versions_skip_unknown_events_but_current_versions_reject_them 
	Expected [joins] to [equal] [before]
		actual value:			[2]
		expected value:			[1]

$PACKET/scratch/reversals-OFF/source/tests/unit/review_test.c:60: Failure: boundaries_suite -> later_versions_skip_unknown_events_but_current_versions_reject_them 
	Expected [mrp_attr_visit(a, 0, ((void *)0), ((void *)0))] to [equal] [0]
		actual value:			[1]
		expected value:			[0]

$PACKET/scratch/reversals-OFF/source/tests/unit/review_test.c:56: Failure: boundaries_suite -> later_versions_skip_unknown_events_but_current_versions_reject_them 
	Expected [mrpdu_parse(pdu, len, a->ops, attribute, leaveall, ((void *)0))] to [be less than] [0]
		actual value:			[0]
		expected to be less than:	[0]

$PACKET/scratch/reversals-OFF/source/tests/unit/review_test.c:57: Failure: boundaries_suite -> later_versions_skip_unknown_events_but_current_versions_reject_them 
	Expected [decoded + leavealls] to [equal] [0]
		actual value:			[112]
		expected value:			[0]

$PACKET/scratch/reversals-OFF/source/tests/unit/review_test.c:58: Failure: boundaries_suite -> later_versions_skip_unknown_events_but_current_versions_reject_them 
	Expected [mrp_rx(a, 0, pdu, len)] to [be less than] [0]
		actual value:			[0]
		expected to be less than:	[0]

$PACKET/scratch/reversals-OFF/source/tests/unit/review_test.c:59: Failure: boundaries_suite -> later_versions_skip_unknown_events_but_current_versions_reject_them 
	Expected [joins] to [equal] [before]
		actual value:			[2]
		expected value:			[1]

$PACKET/scratch/reversals-OFF/source/tests/unit/review_test.c:60: Failure: boundaries_suite -> later_versions_skip_unknown_events_but_current_versions_reject_them 
	Expected [mrp_attr_visit(a, 0, ((void *)0), ((void *)0))] to [equal] [0]
		actual value:			[1]
		expected value:			[0]

$PACKET/scratch/reversals-OFF/source/tests/unit/review_test.c:56: Failure: boundaries_suite -> later_versions_skip_unknown_events_but_current_versions_reject_them 
	Expected [mrpdu_parse(pdu, len, a->ops, attribute, leaveall, ((void *)0))] to [be less than] [0]
		actual value:			[0]
		expected to be less than:	[0]

$PACKET/scratch/reversals-OFF/source/tests/unit/review_test.c:57: Failure: boundaries_suite -> later_versions_skip_unknown_events_but_current_versions_reject_them 
	Expected [decoded + leavealls] to [equal] [0]
		actual value:			[113]
		expected value:			[0]

$PACKET/scratch/reversals-OFF/source/tests/unit/review_test.c:58: Failure: boundaries_suite -> later_versions_skip_unknown_events_but_current_versions_reject_them 
	Expected [mrp_rx(a, 0, pdu, len)] to [be less than] [0]
		actual value:			[0]
		expected to be less than:	[0]

$PACKET/scratch/reversals-OFF/source/tests/unit/review_test.c:59: Failure: boundaries_suite -> later_versions_skip_unknown_events_but_current_versions_reject_them 
	Expected [joins] to [equal] [before]
		actual value:			[2]
		expected value:			[1]

$PACKET/scratch/reversals-OFF/source/tests/unit/review_test.c:60: Failure: boundaries_suite -> later_versions_skip_unknown_events_but_current_versions_reject_them 
	Expected [mrp_attr_visit(a, 0, ((void *)0), ((void *)0))] to [equal] [0]
		actual value:			[1]
		expected value:			[0]

$PACKET/scratch/reversals-OFF/source/tests/unit/review_test.c:56: Failure: boundaries_suite -> later_versions_skip_unknown_events_but_current_versions_reject_them 
	Expected [mrpdu_parse(pdu, len, a->ops, attribute, leaveall, ((void *)0))] to [be less than] [0]
		actual value:			[0]
		expected to be less than:	[0]

$PACKET/scratch/reversals-OFF/source/tests/unit/review_test.c:57: Failure: boundaries_suite -> later_versions_skip_unknown_events_but_current_versions_reject_them 
	Expected [decoded + leavealls] to [equal] [0]
		actual value:			[114]
		expected value:			[0]

$PACKET/scratch/reversals-OFF/source/tests/unit/review_test.c:58: Failure: boundaries_suite -> later_versions_skip_unknown_events_but_current_versions_reject_them 
	Expected [mrp_rx(a, 0, pdu, len)] to [be less than] [0]
		actual value:			[0]
		expected to be less than:	[0]

$PACKET/scratch/reversals-OFF/source/tests/unit/review_test.c:59: Failure: boundaries_suite -> later_versions_skip_unknown_events_but_current_versions_reject_them 
	Expected [joins] to [equal] [before]
		actual value:			[2]
		expected value:			[1]

$PACKET/scratch/reversals-OFF/source/tests/unit/review_test.c:60: Failure: boundaries_suite -> later_versions_skip_unknown_events_but_current_versions_reject_them 
	Expected [mrp_attr_visit(a, 0, ((void *)0), ((void *)0))] to [equal] [0]
		actual value:			[1]
		expected value:			[0]

$PACKET/scratch/reversals-OFF/source/tests/unit/review_test.c:56: Failure: boundaries_suite -> later_versions_skip_unknown_events_but_current_versions_reject_them 
	Expected [mrpdu_parse(pdu, len, a->ops, attribute, leaveall, ((void *)0))] to [be less than] [0]
		actual value:			[0]
		expected to be less than:	[0]

$PACKET/scratch/reversals-OFF/source/tests/unit/review_test.c:57: Failure: boundaries_suite -> later_versions_skip_unknown_events_but_current_versions_reject_them 
	Expected [decoded + leavealls] to [equal] [0]
		actual value:			[115]
		expected value:			[0]

$PACKET/scratch/reversals-OFF/source/tests/unit/review_test.c:58: Failure: boundaries_suite -> later_versions_skip_unknown_events_but_current_versions_reject_them 
	Expected [mrp_rx(a, 0, pdu, len)] to [be less than] [0]
		actual value:			[0]
		expected to be less than:	[0]

$PACKET/scratch/reversals-OFF/source/tests/unit/review_test.c:59: Failure: boundaries_suite -> later_versions_skip_unknown_events_but_current_versions_reject_them 
	Expected [joins] to [equal] [before]
		actual value:			[2]
		expected value:			[1]

$PACKET/scratch/reversals-OFF/source/tests/unit/review_test.c:60: Failure: boundaries_suite -> later_versions_skip_unknown_events_but_current_versions_reject_them 
	Expected [mrp_attr_visit(a, 0, ((void *)0), ((void *)0))] to [equal] [0]
		actual value:			[1]
		expected value:			[0]

$PACKET/scratch/reversals-OFF/source/tests/unit/review_test.c:56: Failure: boundaries_suite -> later_versions_skip_unknown_events_but_current_versions_reject_them 
	Expected [mrpdu_parse(pdu, len, a->ops, attribute, leaveall, ((void *)0))] to [be less than] [0]
		actual value:			[0]
		expected to be less than:	[0]

$PACKET/scratch/reversals-OFF/source/tests/unit/review_test.c:57: Failure: boundaries_suite -> later_versions_skip_unknown_events_but_current_versions_reject_them 
	Expected [decoded + leavealls] to [equal] [0]
		actual value:			[116]
		expected value:			[0]

$PACKET/scratch/reversals-OFF/source/tests/unit/review_test.c:58: Failure: boundaries_suite -> later_versions_skip_unknown_events_but_current_versions_reject_them 
	Expected [mrp_rx(a, 0, pdu, len)] to [be less than] [0]
		actual value:			[0]
		expected to be less than:	[0]

$PACKET/scratch/reversals-OFF/source/tests/unit/review_test.c:59: Failure: boundaries_suite -> later_versions_skip_unknown_events_but_current_versions_reject_them 
	Expected [joins] to [equal] [before]
		actual value:			[2]
		expected value:			[1]

$PACKET/scratch/reversals-OFF/source/tests/unit/review_test.c:60: Failure: boundaries_suite -> later_versions_skip_unknown_events_but_current_versions_reject_them 
	Expected [mrp_attr_visit(a, 0, ((void *)0), ((void *)0))] to [equal] [0]
		actual value:			[1]
		expected value:			[0]

$PACKET/scratch/reversals-OFF/source/tests/unit/review_test.c:56: Failure: boundaries_suite -> later_versions_skip_unknown_events_but_current_versions_reject_them 
	Expected [mrpdu_parse(pdu, len, a->ops, attribute, leaveall, ((void *)0))] to [be less than] [0]
		actual value:			[0]
		expected to be less than:	[0]

$PACKET/scratch/reversals-OFF/source/tests/unit/review_test.c:57: Failure: boundaries_suite -> later_versions_skip_unknown_events_but_current_versions_reject_them 
	Expected [decoded + leavealls] to [equal] [0]
		actual value:			[117]
		expected value:			[0]

$PACKET/scratch/reversals-OFF/source/tests/unit/review_test.c:58: Failure: boundaries_suite -> later_versions_skip_unknown_events_but_current_versions_reject_them 
	Expected [mrp_rx(a, 0, pdu, len)] to [be less than] [0]
		actual value:			[0]
		expected to be less than:	[0]

$PACKET/scratch/reversals-OFF/source/tests/unit/review_test.c:59: Failure: boundaries_suite -> later_versions_skip_unknown_events_but_current_versions_reject_them 
	Expected [joins] to [equal] [before]
		actual value:			[2]
		expected value:			[1]

$PACKET/scratch/reversals-OFF/source/tests/unit/review_test.c:60: Failure: boundaries_suite -> later_versions_skip_unknown_events_but_current_versions_reject_them 
	Expected [mrp_attr_visit(a, 0, ((void *)0), ((void *)0))] to [equal] [0]
		actual value:			[1]
		expected value:			[0]

$PACKET/scratch/reversals-OFF/source/tests/unit/review_test.c:56: Failure: boundaries_suite -> later_versions_skip_unknown_events_but_current_versions_reject_them 
	Expected [mrpdu_parse(pdu, len, a->ops, attribute, leaveall, ((void *)0))] to [be less than] [0]
		actual value:			[0]
		expected to be less than:	[0]

$PACKET/scratch/reversals-OFF/source/tests/unit/review_test.c:57: Failure: boundaries_suite -> later_versions_skip_unknown_events_but_current_versions_reject_them 
	Expected [decoded + leavealls] to [equal] [0]
		actual value:			[118]
		expected value:			[0]

$PACKET/scratch/reversals-OFF/source/tests/unit/review_test.c:58: Failure: boundaries_suite -> later_versions_skip_unknown_events_but_current_versions_reject_them 
	Expected [mrp_rx(a, 0, pdu, len)] to [be less than] [0]
		actual value:			[0]
		expected to be less than:	[0]

$PACKET/scratch/reversals-OFF/source/tests/unit/review_test.c:59: Failure: boundaries_suite -> later_versions_skip_unknown_events_but_current_versions_reject_them 
	Expected [joins] to [equal] [before]
		actual value:			[2]
		expected value:			[1]

$PACKET/scratch/reversals-OFF/source/tests/unit/review_test.c:60: Failure: boundaries_suite -> later_versions_skip_unknown_events_but_current_versions_reject_them 
	Expected [mrp_attr_visit(a, 0, ((void *)0), ((void *)0))] to [equal] [0]
		actual value:			[1]
		expected value:			[0]

$PACKET/scratch/reversals-OFF/source/tests/unit/review_test.c:56: Failure: boundaries_suite -> later_versions_skip_unknown_events_but_current_versions_reject_them 
	Expected [mrpdu_parse(pdu, len, a->ops, attribute, leaveall, ((void *)0))] to [be less than] [0]
		actual value:			[0]
		expected to be less than:	[0]

$PACKET/scratch/reversals-OFF/source/tests/unit/review_test.c:57: Failure: boundaries_suite -> later_versions_skip_unknown_events_but_current_versions_reject_them 
	Expected [decoded + leavealls] to [equal] [0]
		actual value:			[119]
		expected value:			[0]

$PACKET/scratch/reversals-OFF/source/tests/unit/review_test.c:58: Failure: boundaries_suite -> later_versions_skip_unknown_events_but_current_versions_reject_them 
	Expected [mrp_rx(a, 0, pdu, len)] to [be less than] [0]
		actual value:			[0]
		expected to be less than:	[0]

$PACKET/scratch/reversals-OFF/source/tests/unit/review_test.c:59: Failure: boundaries_suite -> later_versions_skip_unknown_events_but_current_versions_reject_them 
	Expected [joins] to [equal] [before]
		actual value:			[2]
		expected value:			[1]

$PACKET/scratch/reversals-OFF/source/tests/unit/review_test.c:60: Failure: boundaries_suite -> later_versions_skip_unknown_events_but_current_versions_reject_them 
	Expected [mrp_attr_visit(a, 0, ((void *)0), ((void *)0))] to [equal] [0]
		actual value:			[1]
		expected value:			[0]

$PACKET/scratch/reversals-OFF/source/tests/unit/review_test.c:56: Failure: boundaries_suite -> later_versions_skip_unknown_events_but_current_versions_reject_them 
	Expected [mrpdu_parse(pdu, len, a->ops, attribute, leaveall, ((void *)0))] to [be less than] [0]
		actual value:			[0]
		expected to be less than:	[0]

$PACKET/scratch/reversals-OFF/source/tests/unit/review_test.c:57: Failure: boundaries_suite -> later_versions_skip_unknown_events_but_current_versions_reject_them 
	Expected [decoded + leavealls] to [equal] [0]
		actual value:			[120]
		expected value:			[0]

$PACKET/scratch/reversals-OFF/source/tests/unit/review_test.c:58: Failure: boundaries_suite -> later_versions_skip_unknown_events_but_current_versions_reject_them 
	Expected [mrp_rx(a, 0, pdu, len)] to [be less than] [0]
		actual value:			[0]
		expected to be less than:	[0]

$PACKET/scratch/reversals-OFF/source/tests/unit/review_test.c:59: Failure: boundaries_suite -> later_versions_skip_unknown_events_but_current_versions_reject_them 
	Expected [joins] to [equal] [before]
		actual value:			[2]
		expected value:			[1]

$PACKET/scratch/reversals-OFF/source/tests/unit/review_test.c:60: Failure: boundaries_suite -> later_versions_skip_unknown_events_but_current_versions_reject_them 
	Expected [mrp_attr_visit(a, 0, ((void *)0), ((void *)0))] to [equal] [0]
		actual value:			[1]
		expected value:			[0]

$PACKET/scratch/reversals-OFF/source/tests/unit/review_test.c:56: Failure: boundaries_suite -> reserved_leaveall_events_are_rejected_atomically 
	Expected [mrpdu_parse(pdu, len, a->ops, attribute, leaveall, ((void *)0))] to [be less than] [0]
		actual value:			[0]
		expected to be less than:	[0]

$PACKET/scratch/reversals-OFF/source/tests/unit/review_test.c:57: Failure: boundaries_suite -> reserved_leaveall_events_are_rejected_atomically 
	Expected [decoded + leavealls] to [equal] [0]
		actual value:			[1]
		expected value:			[0]

$PACKET/scratch/reversals-OFF/source/tests/unit/review_test.c:58: Failure: boundaries_suite -> reserved_leaveall_events_are_rejected_atomically 
	Expected [mrp_rx(a, 0, pdu, len)] to [be less than] [0]
		actual value:			[0]
		expected to be less than:	[0]

$PACKET/scratch/reversals-OFF/source/tests/unit/review_test.c:59: Failure: boundaries_suite -> reserved_leaveall_events_are_rejected_atomically 
	Expected [joins] to [equal] [before]
		actual value:			[1]
		expected value:			[0]

$PACKET/scratch/reversals-OFF/source/tests/unit/review_test.c:60: Failure: boundaries_suite -> reserved_leaveall_events_are_rejected_atomically 
	Expected [mrp_attr_visit(a, 0, ((void *)0), ((void *)0))] to [equal] [0]
		actual value:			[1]
		expected value:			[0]

$PACKET/scratch/reversals-OFF/source/tests/unit/review_test.c:56: Failure: boundaries_suite -> reserved_leaveall_events_are_rejected_atomically 
	Expected [mrpdu_parse(pdu, len, a->ops, attribute, leaveall, ((void *)0))] to [be less than] [0]
		actual value:			[0]
		expected to be less than:	[0]

$PACKET/scratch/reversals-OFF/source/tests/unit/review_test.c:57: Failure: boundaries_suite -> reserved_leaveall_events_are_rejected_atomically 
	Expected [decoded + leavealls] to [equal] [0]
		actual value:			[2]
		expected value:			[0]

$PACKET/scratch/reversals-OFF/source/tests/unit/review_test.c:58: Failure: boundaries_suite -> reserved_leaveall_events_are_rejected_atomically 
	Expected [mrp_rx(a, 0, pdu, len)] to [be less than] [0]
		actual value:			[0]
		expected to be less than:	[0]

$PACKET/scratch/reversals-OFF/source/tests/unit/review_test.c:59: Failure: boundaries_suite -> reserved_leaveall_events_are_rejected_atomically 
	Expected [joins] to [equal] [before]
		actual value:			[2]
		expected value:			[1]

$PACKET/scratch/reversals-OFF/source/tests/unit/review_test.c:60: Failure: boundaries_suite -> reserved_leaveall_events_are_rejected_atomically 
	Expected [mrp_attr_visit(a, 0, ((void *)0), ((void *)0))] to [equal] [0]
		actual value:			[1]
		expected value:			[0]

$PACKET/scratch/reversals-OFF/source/tests/unit/review_test.c:56: Failure: boundaries_suite -> reserved_leaveall_events_are_rejected_atomically 
	Expected [mrpdu_parse(pdu, len, a->ops, attribute, leaveall, ((void *)0))] to [be less than] [0]
		actual value:			[0]
		expected to be less than:	[0]

$PACKET/scratch/reversals-OFF/source/tests/unit/review_test.c:57: Failure: boundaries_suite -> reserved_leaveall_events_are_rejected_atomically 
	Expected [decoded + leavealls] to [equal] [0]
		actual value:			[3]
		expected value:			[0]

$PACKET/scratch/reversals-OFF/source/tests/unit/review_test.c:58: Failure: boundaries_suite -> reserved_leaveall_events_are_rejected_atomically 
	Expected [mrp_rx(a, 0, pdu, len)] to [be less than] [0]
		actual value:			[0]
		expected to be less than:	[0]

$PACKET/scratch/reversals-OFF/source/tests/unit/review_test.c:59: Failure: boundaries_suite -> reserved_leaveall_events_are_rejected_atomically 
	Expected [joins] to [equal] [before]
		actual value:			[3]
		expected value:			[2]

$PACKET/scratch/reversals-OFF/source/tests/unit/review_test.c:60: Failure: boundaries_suite -> reserved_leaveall_events_are_rejected_atomically 
	Expected [mrp_attr_visit(a, 0, ((void *)0), ((void *)0))] to [equal] [0]
		actual value:			[1]
		expected value:			[0]

$PACKET/scratch/reversals-OFF/source/tests/unit/review_test.c:56: Failure: boundaries_suite -> reserved_leaveall_events_are_rejected_atomically 
	Expected [mrpdu_parse(pdu, len, a->ops, attribute, leaveall, ((void *)0))] to [be less than] [0]
		actual value:			[0]
		expected to be less than:	[0]

$PACKET/scratch/reversals-OFF/source/tests/unit/review_test.c:57: Failure: boundaries_suite -> reserved_leaveall_events_are_rejected_atomically 
	Expected [decoded + leavealls] to [equal] [0]
		actual value:			[4]
		expected value:			[0]

$PACKET/scratch/reversals-OFF/source/tests/unit/review_test.c:58: Failure: boundaries_suite -> reserved_leaveall_events_are_rejected_atomically 
	Expected [mrp_rx(a, 0, pdu, len)] to [be less than] [0]
		actual value:			[0]
		expected to be less than:	[0]

$PACKET/scratch/reversals-OFF/source/tests/unit/review_test.c:59: Failure: boundaries_suite -> reserved_leaveall_events_are_rejected_atomically 
	Expected [joins] to [equal] [before]
		actual value:			[4]
		expected value:			[3]

$PACKET/scratch/reversals-OFF/source/tests/unit/review_test.c:60: Failure: boundaries_suite -> reserved_leaveall_events_are_rejected_atomically 
	Expected [mrp_attr_visit(a, 0, ((void *)0), ((void *)0))] to [equal] [0]
		actual value:			[1]
		expected value:			[0]

$PACKET/scratch/reversals-OFF/source/tests/unit/review_test.c:56: Failure: boundaries_suite -> reserved_leaveall_events_are_rejected_atomically 
	Expected [mrpdu_parse(pdu, len, a->ops, attribute, leaveall, ((void *)0))] to [be less than] [0]
		actual value:			[0]
		expected to be less than:	[0]

$PACKET/scratch/reversals-OFF/source/tests/unit/review_test.c:57: Failure: boundaries_suite -> reserved_leaveall_events_are_rejected_atomically 
	Expected [decoded + leavealls] to [equal] [0]
		actual value:			[5]
		expected value:			[0]

$PACKET/scratch/reversals-OFF/source/tests/unit/review_test.c:58: Failure: boundaries_suite -> reserved_leaveall_events_are_rejected_atomically 
	Expected [mrp_rx(a, 0, pdu, len)] to [be less than] [0]
		actual value:			[0]
		expected to be less than:	[0]

$PACKET/scratch/reversals-OFF/source/tests/unit/review_test.c:59: Failure: boundaries_suite -> reserved_leaveall_events_are_rejected_atomically 
	Expected [joins] to [equal] [before]
		actual value:			[5]
		expected value:			[4]

$PACKET/scratch/reversals-OFF/source/tests/unit/review_test.c:60: Failure: boundaries_suite -> reserved_leaveall_events_are_rejected_atomically 
	Expected [mrp_attr_visit(a, 0, ((void *)0), ((void *)0))] to [equal] [0]
		actual value:			[1]
		expected value:			[0]

$PACKET/scratch/reversals-OFF/source/tests/unit/review_test.c:56: Failure: boundaries_suite -> reserved_leaveall_events_are_rejected_atomically 
	Expected [mrpdu_parse(pdu, len, a->ops, attribute, leaveall, ((void *)0))] to [be less than] [0]
		actual value:			[0]
		expected to be less than:	[0]

$PACKET/scratch/reversals-OFF/source/tests/unit/review_test.c:57: Failure: boundaries_suite -> reserved_leaveall_events_are_rejected_atomically 
	Expected [decoded + leavealls] to [equal] [0]
		actual value:			[6]
		expected value:			[0]

$PACKET/scratch/reversals-OFF/source/tests/unit/review_test.c:58: Failure: boundaries_suite -> reserved_leaveall_events_are_rejected_atomically 
	Expected [mrp_rx(a, 0, pdu, len)] to [be less than] [0]
		actual value:			[0]
		expected to be less than:	[0]

$PACKET/scratch/reversals-OFF/source/tests/unit/review_test.c:59: Failure: boundaries_suite -> reserved_leaveall_events_are_rejected_atomically 
	Expected [joins] to [equal] [before]
		actual value:			[6]
		expected value:			[5]

$PACKET/scratch/reversals-OFF/source/tests/unit/review_test.c:60: Failure: boundaries_suite -> reserved_leaveall_events_are_rejected_atomically 
	Expected [mrp_attr_visit(a, 0, ((void *)0), ((void *)0))] to [equal] [0]
		actual value:			[1]
		expected value:			[0]

  "boundaries_suite": 522 passes, 645 failures in 25ms.
Completed "main": 3250 passes, 646 failures in 76ms.


0% tests passed, 1 tests failed out of 1

Total Test time (real) =   0.08 sec

The following tests FAILED:
	  1 - unit (Failed)
Errors while running CTest
