
-- Running command `read_verilog /tmp/pp112-portability.C4cOfK/srp.v; hierarchy -check -top KL_srp_top; proc; opt_clean; check' --

1. Executing Verilog-2005 frontend: /tmp/pp112-portability.C4cOfK/srp.v
Parsing Verilog input from `/tmp/pp112-portability.C4cOfK/srp.v' to AST representation.
Generating RTLIL representation for module `\KL_srp_admission'.
Generating RTLIL representation for module `\KL_srp_decoder'.
Generating RTLIL representation for module `\KL_srp_domain'.
Generating RTLIL representation for module `\KL_srp_encoder'.
Note: Assuming pure combinatorial block at /tmp/pp112-portability.C4cOfK/srp.v:1265.2-1329.5 in
compliance with IEC 62142(E):2005 / IEEE Std. 1364.1(E):2002. Recommending
use of @* instead of @(...) for better match of synthesis and simulation.
Generating RTLIL representation for module `\KL_srp_listener_fsm'.
Generating RTLIL representation for module `\KL_srp_talker_fsm'.
Generating RTLIL representation for module `\KL_srp_top'.
Warning: Replacing memory \tf_cnt_r with list of registers. See /tmp/pp112-portability.C4cOfK/srp.v:3881
Warning: Replacing memory \tf_q_r with list of registers. See /tmp/pp112-portability.C4cOfK/srp.v:3819
Warning: Replacing memory \tf_wptr_r with list of registers. See /tmp/pp112-portability.C4cOfK/srp.v:3877, /tmp/pp112-portability.C4cOfK/srp.v:3814
Generating RTLIL representation for module `\KL_srp_vlan'.
Successfully finished Verilog frontend.

2. Executing HIERARCHY pass (managing design hierarchy).

2.1. Analyzing design hierarchy..
Top module:  \KL_srp_top
Used module:     \KL_srp_encoder
Used module:     \KL_srp_listener_fsm
Used module:     \KL_srp_talker_fsm
Used module:     \KL_srp_admission
Used module:     \KL_srp_vlan
Used module:     \KL_srp_domain
Used module:     \KL_srp_decoder
Parameter \DEPTH_P = 12
Parameter \TX_STD_BYTES_P = 576
Parameter \TX_OVERSIZE_BYTES_P = 1600

2.2. Executing AST frontend in derive mode using pre-parsed AST for module `\KL_srp_encoder'.
Parameter \DEPTH_P = 12
Parameter \TX_STD_BYTES_P = 576
Parameter \TX_OVERSIZE_BYTES_P = 1600
Generating RTLIL representation for module `$paramod$1224c55e5fd4121b95546e57d33a658897774d54\KL_srp_encoder'.
Note: Assuming pure combinatorial block at /tmp/pp112-portability.C4cOfK/srp.v:1265.2-1329.5 in
compliance with IEC 62142(E):2005 / IEEE Std. 1364.1(E):2002. Recommending
use of @* instead of @(...) for better match of synthesis and simulation.
Parameter \N_SINKS_P = 8
Parameter \LEAVE_MS_P = 5000
Parameter \SLOT_BASE_P = 24
Parameter \SLOT_AW_P = 7
Parameter \OWNER_BASE_P = 8'01100000

2.3. Executing AST frontend in derive mode using pre-parsed AST for module `\KL_srp_listener_fsm'.
Parameter \N_SINKS_P = 8
Parameter \LEAVE_MS_P = 5000
Parameter \SLOT_BASE_P = 24
Parameter \SLOT_AW_P = 7
Parameter \OWNER_BASE_P = 8'01100000
Generating RTLIL representation for module `$paramod$332570c9ba38493029a13e59b85c21b68cddc498\KL_srp_listener_fsm'.
Parameter \N_SOURCES_P = 8
Parameter \LEAVE_MS_P = 5000
Parameter \SLOT_BASE_P = 16
Parameter \SLOT_AW_P = 7
Parameter \OWNER_BASE_P = 8'01000000

2.4. Executing AST frontend in derive mode using pre-parsed AST for module `\KL_srp_talker_fsm'.
Parameter \N_SOURCES_P = 8
Parameter \LEAVE_MS_P = 5000
Parameter \SLOT_BASE_P = 16
Parameter \SLOT_AW_P = 7
Parameter \OWNER_BASE_P = 8'01000000
Generating RTLIL representation for module `$paramod$88c47cdca12b5c3898cef34ad98804b2496da97e\KL_srp_talker_fsm'.
Parameter \N_SOURCES_P = 8

2.5. Executing AST frontend in derive mode using pre-parsed AST for module `\KL_srp_admission'.
Parameter \N_SOURCES_P = 8
Generating RTLIL representation for module `$paramod\KL_srp_admission\N_SOURCES_P=32'00000000000000000000000000001000'.
Parameter \N_VIDS_P = 4
Parameter \REFCNT_W_P = 5

2.6. Executing AST frontend in derive mode using pre-parsed AST for module `\KL_srp_vlan'.
Parameter \N_VIDS_P = 4
Parameter \REFCNT_W_P = 5
Generating RTLIL representation for module `$paramod$391fbb556570799cf2e9dffc5ef8b362f93a0423\KL_srp_vlan'.
Parameter \DEF_PRIO_P = 8'00000011
Parameter \DEF_VID_P = 16'0000000000000010

2.7. Executing AST frontend in derive mode using pre-parsed AST for module `\KL_srp_domain'.
Parameter \DEF_PRIO_P = 8'00000011
Parameter \DEF_VID_P = 16'0000000000000010
Generating RTLIL representation for module `$paramod\KL_srp_domain\DEF_PRIO_P=8'00000011\DEF_VID_P=16'0000000000000010'.
Parameter \TP_DEPTH_P = 1024

2.8. Executing AST frontend in derive mode using pre-parsed AST for module `\KL_srp_decoder'.
Parameter \TP_DEPTH_P = 1024
Generating RTLIL representation for module `$paramod\KL_srp_decoder\TP_DEPTH_P=32'00000000000000000000010000000000'.

2.9. Analyzing design hierarchy..
Top module:  \KL_srp_top
Used module:     $paramod$1224c55e5fd4121b95546e57d33a658897774d54\KL_srp_encoder
Used module:     $paramod$332570c9ba38493029a13e59b85c21b68cddc498\KL_srp_listener_fsm
Used module:     $paramod$88c47cdca12b5c3898cef34ad98804b2496da97e\KL_srp_talker_fsm
Used module:     $paramod\KL_srp_admission\N_SOURCES_P=32'00000000000000000000000000001000
Used module:     $paramod$391fbb556570799cf2e9dffc5ef8b362f93a0423\KL_srp_vlan
Used module:     $paramod\KL_srp_domain\DEF_PRIO_P=8'00000011\DEF_VID_P=16'0000000000000010
Used module:     $paramod\KL_srp_decoder\TP_DEPTH_P=32'00000000000000000000010000000000

2.10. Analyzing design hierarchy..
Top module:  \KL_srp_top
Used module:     $paramod$1224c55e5fd4121b95546e57d33a658897774d54\KL_srp_encoder
Used module:     $paramod$332570c9ba38493029a13e59b85c21b68cddc498\KL_srp_listener_fsm
Used module:     $paramod$88c47cdca12b5c3898cef34ad98804b2496da97e\KL_srp_talker_fsm
Used module:     $paramod\KL_srp_admission\N_SOURCES_P=32'00000000000000000000000000001000
Used module:     $paramod$391fbb556570799cf2e9dffc5ef8b362f93a0423\KL_srp_vlan
Used module:     $paramod\KL_srp_domain\DEF_PRIO_P=8'00000011\DEF_VID_P=16'0000000000000010
Used module:     $paramod\KL_srp_decoder\TP_DEPTH_P=32'00000000000000000000010000000000
Removing unused module `\KL_srp_vlan'.
Removing unused module `\KL_srp_talker_fsm'.
Removing unused module `\KL_srp_listener_fsm'.
Removing unused module `\KL_srp_encoder'.
Removing unused module `\KL_srp_domain'.
Removing unused module `\KL_srp_decoder'.
Removing unused module `\KL_srp_admission'.
Removed 7 unused modules.

3. Executing PROC pass (convert processes to netlists).

3.1. Executing PROC_CLEAN pass (remove empty switches from decision trees).
Found and cleaned up 1 empty switch in `$paramod\KL_srp_decoder\TP_DEPTH_P=32'00000000000000000000010000000000.$proc$/tmp/pp112-portability.C4cOfK/srp.v:351$9786'.
Found and cleaned up 1 empty switch in `$paramod\KL_srp_decoder\TP_DEPTH_P=32'00000000000000000000010000000000.$proc$/tmp/pp112-portability.C4cOfK/srp.v:304$9756'.
Found and cleaned up 1 empty switch in `$paramod\KL_srp_decoder\TP_DEPTH_P=32'00000000000000000000010000000000.$proc$/tmp/pp112-portability.C4cOfK/srp.v:288$9751'.
Found and cleaned up 1 empty switch in `\KL_srp_top.$proc$/tmp/pp112-portability.C4cOfK/srp.v:3847$4988'.
Found and cleaned up 1 empty switch in `\KL_srp_top.$proc$/tmp/pp112-portability.C4cOfK/srp.v:3659$4734'.
Found and cleaned up 1 empty switch in `\KL_srp_top.$proc$/tmp/pp112-portability.C4cOfK/srp.v:3568$4711'.
Found and cleaned up 1 empty switch in `$paramod$391fbb556570799cf2e9dffc5ef8b362f93a0423\KL_srp_vlan.$proc$/tmp/pp112-portability.C4cOfK/srp.v:4115$9623'.
Found and cleaned up 1 empty switch in `$paramod\KL_srp_admission\N_SOURCES_P=32'00000000000000000000000000001000.$proc$/tmp/pp112-portability.C4cOfK/srp.v:167$9569'.
Found and cleaned up 1 empty switch in `$paramod\KL_srp_admission\N_SOURCES_P=32'00000000000000000000000000001000.$proc$/tmp/pp112-portability.C4cOfK/srp.v:115$9536'.
Found and cleaned up 1 empty switch in `$paramod$88c47cdca12b5c3898cef34ad98804b2496da97e\KL_srp_talker_fsm.$proc$/tmp/pp112-portability.C4cOfK/srp.v:2997$9157'.
Found and cleaned up 1 empty switch in `$paramod$88c47cdca12b5c3898cef34ad98804b2496da97e\KL_srp_talker_fsm.$proc$/tmp/pp112-portability.C4cOfK/srp.v:2937$8994'.
Found and cleaned up 1 empty switch in `$paramod$88c47cdca12b5c3898cef34ad98804b2496da97e\KL_srp_talker_fsm.$proc$/tmp/pp112-portability.C4cOfK/srp.v:2854$8700'.
Found and cleaned up 1 empty switch in `$paramod$88c47cdca12b5c3898cef34ad98804b2496da97e\KL_srp_talker_fsm.$proc$/tmp/pp112-portability.C4cOfK/srp.v:2843$8683'.
Found and cleaned up 1 empty switch in `$paramod$88c47cdca12b5c3898cef34ad98804b2496da97e\KL_srp_talker_fsm.$proc$/tmp/pp112-portability.C4cOfK/srp.v:2696$8072'.
Found and cleaned up 1 empty switch in `$paramod$88c47cdca12b5c3898cef34ad98804b2496da97e\KL_srp_talker_fsm.$proc$/tmp/pp112-portability.C4cOfK/srp.v:2649$7879'.
Found and cleaned up 1 empty switch in `$paramod$88c47cdca12b5c3898cef34ad98804b2496da97e\KL_srp_talker_fsm.$proc$/tmp/pp112-portability.C4cOfK/srp.v:2626$7868'.
Found and cleaned up 1 empty switch in `$paramod$88c47cdca12b5c3898cef34ad98804b2496da97e\KL_srp_talker_fsm.$proc$/tmp/pp112-portability.C4cOfK/srp.v:2610$7706'.
Found and cleaned up 1 empty switch in `$paramod$332570c9ba38493029a13e59b85c21b68cddc498\KL_srp_listener_fsm.$proc$/tmp/pp112-portability.C4cOfK/srp.v:2280$7432'.
Found and cleaned up 1 empty switch in `$paramod$332570c9ba38493029a13e59b85c21b68cddc498\KL_srp_listener_fsm.$proc$/tmp/pp112-portability.C4cOfK/srp.v:2220$7269'.
Found and cleaned up 1 empty switch in `$paramod$332570c9ba38493029a13e59b85c21b68cddc498\KL_srp_listener_fsm.$proc$/tmp/pp112-portability.C4cOfK/srp.v:2127$7031'.
Found and cleaned up 1 empty switch in `$paramod$332570c9ba38493029a13e59b85c21b68cddc498\KL_srp_listener_fsm.$proc$/tmp/pp112-portability.C4cOfK/srp.v:1993$6405'.
Found and cleaned up 1 empty switch in `$paramod$332570c9ba38493029a13e59b85c21b68cddc498\KL_srp_listener_fsm.$proc$/tmp/pp112-portability.C4cOfK/srp.v:1947$6308'.
Found and cleaned up 1 empty switch in `$paramod$332570c9ba38493029a13e59b85c21b68cddc498\KL_srp_listener_fsm.$proc$/tmp/pp112-portability.C4cOfK/srp.v:1922$6153'.
Found and cleaned up 1 empty switch in `$paramod$332570c9ba38493029a13e59b85c21b68cddc498\KL_srp_listener_fsm.$proc$/tmp/pp112-portability.C4cOfK/srp.v:1907$6133'.
Found and cleaned up 1 empty switch in `$paramod$332570c9ba38493029a13e59b85c21b68cddc498\KL_srp_listener_fsm.$proc$/tmp/pp112-portability.C4cOfK/srp.v:1882$5965'.
Found and cleaned up 1 empty switch in `$paramod$1224c55e5fd4121b95546e57d33a658897774d54\KL_srp_encoder.$proc$/tmp/pp112-portability.C4cOfK/srp.v:1265$5375'.
Found and cleaned up 1 empty switch in `$paramod$1224c55e5fd4121b95546e57d33a658897774d54\KL_srp_encoder.$proc$/tmp/pp112-portability.C4cOfK/srp.v:1238$5370'.
Found and cleaned up 1 empty switch in `$paramod$1224c55e5fd4121b95546e57d33a658897774d54\KL_srp_encoder.$proc$/tmp/pp112-portability.C4cOfK/srp.v:1154$5343'.
Cleaned up 28 empty switches.

3.2. Executing PROC_RMDEAD pass (remove dead branches from decision trees).
Marked 46 switch rules as full_case in process $proc$/tmp/pp112-portability.C4cOfK/srp.v:391$9806 in module $paramod\KL_srp_decoder\TP_DEPTH_P=32'00000000000000000000010000000000.
Marked 1 switch rules as full_case in process $proc$/tmp/pp112-portability.C4cOfK/srp.v:372$9796 in module $paramod\KL_srp_decoder\TP_DEPTH_P=32'00000000000000000000010000000000.
Marked 1 switch rules as full_case in process $proc$/tmp/pp112-portability.C4cOfK/srp.v:304$9756 in module $paramod\KL_srp_decoder\TP_DEPTH_P=32'00000000000000000000010000000000.
Removed 1 dead cases from process $proc$/tmp/pp112-portability.C4cOfK/srp.v:3870$4994 in module KL_srp_top.
Marked 11 switch rules as full_case in process $proc$/tmp/pp112-portability.C4cOfK/srp.v:3870$4994 in module KL_srp_top.
Marked 5 switch rules as full_case in process $proc$/tmp/pp112-portability.C4cOfK/srp.v:3847$4988 in module KL_srp_top.
Marked 2 switch rules as full_case in process $proc$/tmp/pp112-portability.C4cOfK/srp.v:3812$4966 in module KL_srp_top.
Marked 26 switch rules as full_case in process $proc$/tmp/pp112-portability.C4cOfK/srp.v:3671$4749 in module KL_srp_top.
Marked 1 switch rules as full_case in process $proc$/tmp/pp112-portability.C4cOfK/srp.v:3659$4734 in module KL_srp_top.
Marked 4 switch rules as full_case in process $proc$/tmp/pp112-portability.C4cOfK/srp.v:3568$4711 in module KL_srp_top.
Marked 1 switch rules as full_case in process $proc$/tmp/pp112-portability.C4cOfK/srp.v:3335$4701 in module KL_srp_top.
Marked 4 switch rules as full_case in process $proc$/tmp/pp112-portability.C4cOfK/srp.v:796$9706 in module $paramod\KL_srp_domain\DEF_PRIO_P=8'00000011\DEF_VID_P=16'0000000000000010.
Marked 10 switch rules as full_case in process $proc$/tmp/pp112-portability.C4cOfK/srp.v:4143$9636 in module $paramod$391fbb556570799cf2e9dffc5ef8b362f93a0423\KL_srp_vlan.
Marked 4 switch rules as full_case in process $proc$/tmp/pp112-portability.C4cOfK/srp.v:4115$9623 in module $paramod$391fbb556570799cf2e9dffc5ef8b362f93a0423\KL_srp_vlan.
Marked 1 switch rules as full_case in process $proc$/tmp/pp112-portability.C4cOfK/srp.v:4083$9610 in module $paramod$391fbb556570799cf2e9dffc5ef8b362f93a0423\KL_srp_vlan.
Marked 3 switch rules as full_case in process $proc$/tmp/pp112-portability.C4cOfK/srp.v:123$9559 in module $paramod\KL_srp_admission\N_SOURCES_P=32'00000000000000000000000000001000.
Marked 9 switch rules as full_case in process $proc$/tmp/pp112-portability.C4cOfK/srp.v:66$9464 in module $paramod\KL_srp_admission\N_SOURCES_P=32'00000000000000000000000000001000.
Marked 7 switch rules as full_case in process $proc$/tmp/pp112-portability.C4cOfK/srp.v:2965$9007 in module $paramod$88c47cdca12b5c3898cef34ad98804b2496da97e\KL_srp_talker_fsm.
Marked 24 switch rules as full_case in process $proc$/tmp/pp112-portability.C4cOfK/srp.v:2937$8994 in module $paramod$88c47cdca12b5c3898cef34ad98804b2496da97e\KL_srp_talker_fsm.
Marked 50 switch rules as full_case in process $proc$/tmp/pp112-portability.C4cOfK/srp.v:2872$8726 in module $paramod$88c47cdca12b5c3898cef34ad98804b2496da97e\KL_srp_talker_fsm.
Marked 8 switch rules as full_case in process $proc$/tmp/pp112-portability.C4cOfK/srp.v:2854$8700 in module $paramod$88c47cdca12b5c3898cef34ad98804b2496da97e\KL_srp_talker_fsm.
Marked 127 switch rules as full_case in process $proc$/tmp/pp112-portability.C4cOfK/srp.v:2717$8119 in module $paramod$88c47cdca12b5c3898cef34ad98804b2496da97e\KL_srp_talker_fsm.
Marked 4 switch rules as full_case in process $proc$/tmp/pp112-portability.C4cOfK/srp.v:2696$8072 in module $paramod$88c47cdca12b5c3898cef34ad98804b2496da97e\KL_srp_talker_fsm.
Marked 48 switch rules as full_case in process $proc$/tmp/pp112-portability.C4cOfK/srp.v:2649$7879 in module $paramod$88c47cdca12b5c3898cef34ad98804b2496da97e\KL_srp_talker_fsm.
Marked 7 switch rules as full_case in process $proc$/tmp/pp112-portability.C4cOfK/srp.v:2248$7282 in module $paramod$332570c9ba38493029a13e59b85c21b68cddc498\KL_srp_listener_fsm.
Marked 24 switch rules as full_case in process $proc$/tmp/pp112-portability.C4cOfK/srp.v:2220$7269 in module $paramod$332570c9ba38493029a13e59b85c21b68cddc498\KL_srp_listener_fsm.
Marked 50 switch rules as full_case in process $proc$/tmp/pp112-portability.C4cOfK/srp.v:2145$7057 in module $paramod$332570c9ba38493029a13e59b85c21b68cddc498\KL_srp_listener_fsm.
Marked 8 switch rules as full_case in process $proc$/tmp/pp112-portability.C4cOfK/srp.v:2127$7031 in module $paramod$332570c9ba38493029a13e59b85c21b68cddc498\KL_srp_listener_fsm.
Marked 151 switch rules as full_case in process $proc$/tmp/pp112-portability.C4cOfK/srp.v:2004$6430 in module $paramod$332570c9ba38493029a13e59b85c21b68cddc498\KL_srp_listener_fsm.
Marked 3 switch rules as full_case in process $proc$/tmp/pp112-portability.C4cOfK/srp.v:1993$6405 in module $paramod$332570c9ba38493029a13e59b85c21b68cddc498\KL_srp_listener_fsm.
Marked 48 switch rules as full_case in process $proc$/tmp/pp112-portability.C4cOfK/srp.v:1947$6308 in module $paramod$332570c9ba38493029a13e59b85c21b68cddc498\KL_srp_listener_fsm.
Marked 3 switch rules as full_case in process $proc$/tmp/pp112-portability.C4cOfK/srp.v:1229$5850 in module $paramod$1224c55e5fd4121b95546e57d33a658897774d54\KL_srp_encoder.
Marked 3 switch rules as full_case in process $proc$/tmp/pp112-portability.C4cOfK/srp.v:1171$5808 in module $paramod$1224c55e5fd4121b95546e57d33a658897774d54\KL_srp_encoder.
Removed 1 dead cases from process $proc$/tmp/pp112-portability.C4cOfK/srp.v:1331$5706 in module $paramod$1224c55e5fd4121b95546e57d33a658897774d54\KL_srp_encoder.
Marked 19 switch rules as full_case in process $proc$/tmp/pp112-portability.C4cOfK/srp.v:1331$5706 in module $paramod$1224c55e5fd4121b95546e57d33a658897774d54\KL_srp_encoder.
Marked 20 switch rules as full_case in process $proc$/tmp/pp112-portability.C4cOfK/srp.v:1265$5375 in module $paramod$1224c55e5fd4121b95546e57d33a658897774d54\KL_srp_encoder.
Marked 4 switch rules as full_case in process $proc$/tmp/pp112-portability.C4cOfK/srp.v:1238$5370 in module $paramod$1224c55e5fd4121b95546e57d33a658897774d54\KL_srp_encoder.
Marked 1 switch rules as full_case in process $proc$/tmp/pp112-portability.C4cOfK/srp.v:1154$5343 in module $paramod$1224c55e5fd4121b95546e57d33a658897774d54\KL_srp_encoder.
Marked 2 switch rules as full_case in process $proc$/tmp/pp112-portability.C4cOfK/srp.v:1137$5327 in module $paramod$1224c55e5fd4121b95546e57d33a658897774d54\KL_srp_encoder.
Removed a total of 2 dead cases.

3.3. Executing PROC_PRUNE pass (remove redundant assignments in processes).
Removed 39 redundant assignments.
Promoted 867 assignments to connections.

3.4. Executing PROC_INIT pass (extract init attributes).

3.5. Executing PROC_ARST pass (detect async resets in processes).

3.6. Executing PROC_ROM pass (convert switches to ROMs).
Converted 0 switches.
<suppressed ~908 debug messages>

3.7. Executing PROC_MUX pass (convert decision trees to multiplexers).
Creating decoders for process `$paramod\KL_srp_decoder\TP_DEPTH_P=32'00000000000000000000010000000000.$proc$/tmp/pp112-portability.C4cOfK/srp.v:723$9930'.
Creating decoders for process `$paramod\KL_srp_decoder\TP_DEPTH_P=32'00000000000000000000010000000000.$proc$/tmp/pp112-portability.C4cOfK/srp.v:349$9919'.
     1/1: $1\srp_pkg_srp_tp_digit$func$/tmp/pp112-portability.C4cOfK/srp.v:349$9748.q[7:0]$9925
Creating decoders for process `$paramod\KL_srp_decoder\TP_DEPTH_P=32'00000000000000000000010000000000.$proc$/tmp/pp112-portability.C4cOfK/srp.v:348$9908'.
     1/1: $1\srp_pkg_srp_tp_digit$func$/tmp/pp112-portability.C4cOfK/srp.v:348$9747.q[7:0]$9914
Creating decoders for process `$paramod\KL_srp_decoder\TP_DEPTH_P=32'00000000000000000000010000000000.$proc$/tmp/pp112-portability.C4cOfK/srp.v:391$9806'.
     1/76: $0\sid_r[63:0] [63:16]
     2/76: $0\sid_r[63:0] [15:0]
     3/76: $6$bitselwrite$pos$/tmp/pp112-portability.C4cOfK/srp.v:541$9733[1:0]$9852
     4/76: $5$lookahead\la_msrp_o$9805[3:0]$9844
     5/76: $5$bitselwrite$pos$/tmp/pp112-portability.C4cOfK/srp.v:541$9733[1:0]$9842
     6/76: $5$lookahead\la_done_r$9804[3:0]$9843
     7/76: $5$bitselwrite$pos$/tmp/pp112-portability.C4cOfK/srp.v:539$9732[1:0]$9841
     8/76: $4$lookahead\la_msrp_o$9805[3:0]$9836
     9/76: $4$lookahead\la_done_r$9804[3:0]$9835
    10/76: $4$bitselwrite$pos$/tmp/pp112-portability.C4cOfK/srp.v:541$9733[1:0]$9834
    11/76: $4$bitselwrite$pos$/tmp/pp112-portability.C4cOfK/srp.v:539$9732[1:0]$9833
    12/76: $0\listlen_decl_r[15:0] [15:8]
    13/76: $0\listlen_decl_r[15:0] [7:0]
    14/76: $3$lookahead\la_msrp_o$9805[3:0]$9824
    15/76: $3$bitselwrite$pos$/tmp/pp112-portability.C4cOfK/srp.v:541$9733[1:0]$9822
    16/76: $3$bitselwrite$pos$/tmp/pp112-portability.C4cOfK/srp.v:539$9732[1:0]$9821
    17/76: $2$lookahead\la_msrp_o$9805[3:0]$9819
    18/76: $2$lookahead\la_done_r$9804[3:0]$9818
    19/76: $2$bitselwrite$pos$/tmp/pp112-portability.C4cOfK/srp.v:541$9733[1:0]$9817
    20/76: $2$bitselwrite$pos$/tmp/pp112-portability.C4cOfK/srp.v:539$9732[1:0]$9816
    21/76: $0\listlen_bad_o[0:0]
    22/76: $0\pdu_done_o[0:0]
    23/76: $0\la_mvrp_o[0:0]
    24/76: $1$lookahead\la_msrp_o$9805[3:0]$9815
    25/76: $0\evt_valid_o[0:0]
    26/76: $1$lookahead\la_done_r$9804[3:0]$9814
    27/76: $1$bitselwrite$pos$/tmp/pp112-portability.C4cOfK/srp.v:541$9733[1:0]$9813
    28/76: $1$bitselwrite$pos$/tmp/pp112-portability.C4cOfK/srp.v:539$9732[1:0]$9812
    29/76: $0\tp_rd_dig_r[1:0]
    30/76: $0\tp_rd_byte_r[9:0]
    31/76: $0\tp_wptr_r[10:0]
    32/76: $0\store_left_r[12:0]
    33/76: $0\slot_left_r[2:0]
    34/76: $0\idx_r[1:0]
    35/76: $0\fp_byte_r[7:0]
    36/76: $0\pend_byte_r[7:0]
    37/76: $0\dprio_r[7:0]
    38/76: $0\dcid_r[7:0]
    39/76: $0\fcode_r[7:0]
    40/76: $0\sysid_r[63:0]
    41/76: $0\lat_r[31:0]
    42/76: $0\pr_r[7:0]
    43/76: $0\mif_r[15:0]
    44/76: $0\mfs_r[15:0]
    45/76: $0\vid_r[15:0]
    46/76: $0\da_r[47:0]
    47/76: $6$lookahead\la_msrp_o$9805[3:0]$9853
    48/76: $0\last_seen_r[0:0]
    49/76: $0\fv_idx_r[5:0]
    50/76: $0\values_left_r[12:0]
    51/76: $0\vhdr1_r[7:0]
    52/76: $0\listlen_cnt_r[15:0]
    53/76: $3$lookahead\la_done_r$9804[3:0]$9823
    54/76: $0\attr_len_r[7:0]
    55/76: $0\attr_type_r[7:0]
    56/76: $0\app_msrp_r[0:0]
    57/76: $0\state_r[3:0]
    58/76: $0\dbg_listlen_cnt_o[15:0]
    59/76: $0\pdu_malformed_o[0:0]
    60/76: $0\pdu_ok_o[0:0]
    61/76: $0\evt_class_a_o[0:0]
    62/76: $0\evt_class_id_o[7:0]
    63/76: $0\evt_failure_code_o[7:0]
    64/76: $0\evt_failure_system_id_o[63:0]
    65/76: $0\evt_acc_latency_o[31:0]
    66/76: $0\evt_rank_o[0:0]
    67/76: $0\evt_priority_o[7:0]
    68/76: $0\evt_max_interval_frames_o[15:0]
    69/76: $0\evt_max_frame_size_o[15:0]
    70/76: $0\evt_fourpacked_o[1:0]
    71/76: $0\evt_mrp_event_o[2:0]
    72/76: $0\evt_vid_o[15:0]
    73/76: $0\evt_da_o[47:0]
    74/76: $0\evt_stream_id_o[63:0]
    75/76: $0\evt_attr_type_o[7:0]
    76/76: $0\evt_msrp_o[0:0]
Creating decoders for process `$paramod\KL_srp_decoder\TP_DEPTH_P=32'00000000000000000000010000000000.$proc$/tmp/pp112-portability.C4cOfK/srp.v:372$9796'.
     1/3: $1$memwr$\tp_ram$/tmp/pp112-portability.C4cOfK/srp.v:374$9749_EN[7:0]$9802
     2/3: $1$memwr$\tp_ram$/tmp/pp112-portability.C4cOfK/srp.v:374$9749_DATA[7:0]$9801
     3/3: $1$memwr$\tp_ram$/tmp/pp112-portability.C4cOfK/srp.v:374$9749_ADDR[9:0]$9800
Creating decoders for process `$paramod\KL_srp_decoder\TP_DEPTH_P=32'00000000000000000000010000000000.$proc$/tmp/pp112-portability.C4cOfK/srp.v:351$9786'.
     1/1: $1\fp_code_w[1:0]
Creating decoders for process `$paramod\KL_srp_decoder\TP_DEPTH_P=32'00000000000000000000010000000000.$proc$/tmp/pp112-portability.C4cOfK/srp.v:304$9756'.
     1/2: $2\len_ok_w[0:0]
     2/2: $1\len_ok_w[0:0]
Creating decoders for process `$paramod\KL_srp_decoder\TP_DEPTH_P=32'00000000000000000000010000000000.$proc$/tmp/pp112-portability.C4cOfK/srp.v:288$9751'.
Creating decoders for process `\KL_srp_top.$proc$/tmp/pp112-portability.C4cOfK/srp.v:4028$5121'.
Creating decoders for process `\KL_srp_top.$proc$/tmp/pp112-portability.C4cOfK/srp.v:3860$5117'.
Creating decoders for process `\KL_srp_top.$proc$/tmp/pp112-portability.C4cOfK/srp.v:3858$5113'.
Creating decoders for process `\KL_srp_top.$proc$/tmp/pp112-portability.C4cOfK/srp.v:3870$4994'.
     1/91: $11$lookahead\cad_pend_r$4993[2:0]$5104 [2]
     2/91: $0\enc_la_r[1:0] [0]
     3/91: $0\enc_la_r[1:0] [1]
     4/91: $11$lookahead\cad_pend_r$4993[2:0]$5104 [0]
     5/91: $10$lookahead\cad_pend_r$4993[2:0]$5103
     6/91: $9$lookahead\cad_pend_r$4993[2:0]$5099 [2]
     7/91: $0\cad_dl_r[159:0] [95:64]
     8/91: $0\cad_dl_r[159:0] [63:32]
     9/91: $9$lookahead\cad_pend_r$4993[2:0]$5099 [0]
    10/91: $0\cad_dl_r[159:0] [31:0]
    11/91: $0\need_draw_r[1:0] [0]
    12/91: $9$lookahead\cad_pend_r$4993[2:0]$5099 [1]
    13/91: $0\need_draw_r[1:0] [1]
    14/91: $0\cad_dl_r[159:0] [159:128]
    15/91: $8$lookahead\cad_pend_r$4993[4:3]$5091 [0]
    16/91: $7$lookahead\cad_pend_r$4993[4:3]$5090
    17/91: $6$lookahead\cad_pend_r$4993[4:3]$5089
    18/91: $0\enc_join_r[1:0] [1]
    19/91: $0\enc_join_r[1:0] [0]
    20/91: $0\arm_cancel_o[0:0]
    21/91: $5$bitselwrite$pos$/tmp/pp112-portability.C4cOfK/srp.v:3939$4671[2:0]$5062
    22/91: $5\sv2v_cast_42C2E$func$/tmp/pp112-portability.C4cOfK/srp.v:3936$4670.$result[6:0]$5060
    23/91: $5\sv2v_cast_42C2E$func$/tmp/pp112-portability.C4cOfK/srp.v:3936$4670.inp[6:0]$5061
    24/91: $5\sv2v_cast_32$func$/tmp/pp112-portability.C4cOfK/srp.v:3936$4669.$result[31:0]$5058
    25/91: $5\sv2v_cast_32$func$/tmp/pp112-portability.C4cOfK/srp.v:3936$4669.inp[31:0]$5059
    26/91: $4$lookahead\cad_pend_r$4993[4:0]$5056
    27/91: $4$bitselwrite$pos$/tmp/pp112-portability.C4cOfK/srp.v:3939$4671[2:0]$5055
    28/91: $4\sv2v_cast_42C2E$func$/tmp/pp112-portability.C4cOfK/srp.v:3936$4670.inp[6:0]$5054
    29/91: $4\sv2v_cast_42C2E$func$/tmp/pp112-portability.C4cOfK/srp.v:3936$4670.$result[6:0]$5053
    30/91: $4\sv2v_cast_32$func$/tmp/pp112-portability.C4cOfK/srp.v:3936$4669.inp[31:0]$5052
    31/91: $4\sv2v_cast_32$func$/tmp/pp112-portability.C4cOfK/srp.v:3936$4669.$result[31:0]$5051
    32/91: $3$lookahead\cad_pend_r$4993[4:0]$5049
    33/91: $3$bitselwrite$pos$/tmp/pp112-portability.C4cOfK/srp.v:3939$4671[2:0]$5048
    34/91: $3\sv2v_cast_42C2E$func$/tmp/pp112-portability.C4cOfK/srp.v:3936$4670.inp[6:0]$5047
    35/91: $3\sv2v_cast_42C2E$func$/tmp/pp112-portability.C4cOfK/srp.v:3936$4670.$result[6:0]$5046
    36/91: $3\sv2v_cast_32$func$/tmp/pp112-portability.C4cOfK/srp.v:3936$4669.inp[31:0]$5045
    37/91: $3\sv2v_cast_32$func$/tmp/pp112-portability.C4cOfK/srp.v:3936$4669.$result[31:0]$5044
    38/91: $2$lookahead\cad_pend_r$4993[4:0]$5038
    39/91: $2$bitselwrite$pos$/tmp/pp112-portability.C4cOfK/srp.v:3939$4671[2:0]$5032
    40/91: $2\sv2v_cast_42C2E$func$/tmp/pp112-portability.C4cOfK/srp.v:3936$4670.inp[6:0]$5031
    41/91: $2\sv2v_cast_42C2E$func$/tmp/pp112-portability.C4cOfK/srp.v:3936$4670.$result[6:0]$5030
    42/91: $2\sv2v_cast_32$func$/tmp/pp112-portability.C4cOfK/srp.v:3936$4669.inp[31:0]$5029
    43/91: $2\sv2v_cast_32$func$/tmp/pp112-portability.C4cOfK/srp.v:3936$4669.$result[31:0]$5028
    44/91: $2$memwr$\tf_rptr_r$/tmp/pp112-portability.C4cOfK/srp.v:3944$4683_EN[4:0]$5037
    45/91: $2$memwr$\tf_rptr_r$/tmp/pp112-portability.C4cOfK/srp.v:3944$4683_DATA[4:0]$5036
    46/91: $2$memwr$\tf_rptr_r$/tmp/pp112-portability.C4cOfK/srp.v:3944$4683_ADDR[0:0]$5035
    47/91: $2$mem2reg_rd$\tf_q_r$/tmp/pp112-portability.C4cOfK/srp.v:3943$4678_DATA[47:0]$5034
    48/91: $2$mem2reg_rd$\tf_q_r$/tmp/pp112-portability.C4cOfK/srp.v:3943$4678_ADDR[0:0]$5033
    49/91: $1$lookahead\cad_pend_r$4993[4:0]$5021 [4:3]
    50/91: $1$lookahead\cad_pend_r$4993[4:0]$5021 [2:0]
    51/91: $3$mem2reg_rd$\tf_q_r$/tmp/pp112-portability.C4cOfK/srp.v:3943$4678_DATA[47:0]$5076
    52/91: $0\p_la_mvrp_r[0:0]
    53/91: $0\p_la_msrp_r[0:0]
    54/91: $0\p_periodic_r[0:0]
    55/91: $0\p_join_fsm_r[0:0]
    56/91: $0\hw_full_q_r[0:0]
    57/91: $0\draw_req_o[0:0]
    58/91: $11$lookahead\cad_pend_r$4993[2:0]$5104 [1]
    59/91: $0\tf_cnt_r[1][5:0]
    60/91: $0\tf_cnt_r[0][5:0]
    61/91: $1$memwr$\tf_rptr_r$/tmp/pp112-portability.C4cOfK/srp.v:3880$4682_EN[4:0]$5017
    62/91: $1$memwr$\tf_rptr_r$/tmp/pp112-portability.C4cOfK/srp.v:3879$4681_EN[4:0]$5016
    63/91: $0\arm_valid_o[0:0]
    64/91: $1$memwr$\tf_rptr_r$/tmp/pp112-portability.C4cOfK/srp.v:3944$4683_EN[4:0]$5020
    65/91: $1$memwr$\tf_rptr_r$/tmp/pp112-portability.C4cOfK/srp.v:3944$4683_DATA[4:0]$5019
    66/91: $1$memwr$\tf_rptr_r$/tmp/pp112-portability.C4cOfK/srp.v:3944$4683_ADDR[0:0]$5018
    67/91: $1$mem2reg_rd$\tf_q_r$/tmp/pp112-portability.C4cOfK/srp.v:3943$4678_DATA[47:0]$5015
    68/91: $1$mem2reg_rd$\tf_q_r$/tmp/pp112-portability.C4cOfK/srp.v:3943$4678_ADDR[0:0]$5014
    69/91: $1$bitselwrite$pos$/tmp/pp112-portability.C4cOfK/srp.v:3939$4671[2:0]$5013
    70/91: $1\sv2v_cast_42C2E$func$/tmp/pp112-portability.C4cOfK/srp.v:3936$4670.inp[6:0]$5012
    71/91: $1\sv2v_cast_42C2E$func$/tmp/pp112-portability.C4cOfK/srp.v:3936$4670.$result[6:0]$5011
    72/91: $1\sv2v_cast_32$func$/tmp/pp112-portability.C4cOfK/srp.v:3936$4669.inp[31:0]$5010
    73/91: $1\sv2v_cast_32$func$/tmp/pp112-portability.C4cOfK/srp.v:3936$4669.$result[31:0]$5009
    74/91: $1\timer_cadence_plane.sv2v_autoblock_3.u[31:0]
    75/91: $0\tf_wptr_r[1][4:0]
    76/91: $0\tf_wptr_r[0][4:0]
    77/91: $0\td_ls_r[0:0]
    78/91: $0\td_tk_r[0:0]
    79/91: $0\rnd_act_r[0:0]
    80/91: $0\dr_app_r[0:0]
    81/91: $0\dr_inflight_r[0:0]
    82/91: $0\cad_dl_r[159:0] [127:96]
    83/91: $8$lookahead\cad_pend_r$4993[4:3]$5091 [1]
    84/91: $0\init_done_r[0:0]
    85/91: $0\tm_rr_r[0:0]
    86/91: $0\tm_sel_r[0:0]
    87/91: $0\tm_st_r[0:0]
    88/91: $5$lookahead\cad_pend_r$4993[4:0]$5063
    89/91: $0\arm_deadline_ms_o[31:0]
    90/91: $0\arm_owner_o[7:0]
    91/91: $0\arm_slot_o[6:0]
Creating decoders for process `\KL_srp_top.$proc$/tmp/pp112-portability.C4cOfK/srp.v:3847$4988'.
     1/5: $5\cad_ix_w[2:0]
     2/5: $4\cad_ix_w[2:0]
     3/5: $3\cad_ix_w[2:0]
     4/5: $2\cad_ix_w[2:0]
     5/5: $1\cad_ix_w[2:0]
Creating decoders for process `\KL_srp_top.$proc$/tmp/pp112-portability.C4cOfK/srp.v:3818$4981'.
Creating decoders for process `\KL_srp_top.$proc$/tmp/pp112-portability.C4cOfK/srp.v:3812$4966'.
     1/6: $1$memwr$\tf_ram_r$/tmp/pp112-portability.C4cOfK/srp.v:3816$4680_EN[47:0]$4979
     2/6: $1$memwr$\tf_ram_r$/tmp/pp112-portability.C4cOfK/srp.v:3816$4680_DATA[47:0]$4978
     3/6: $1$memwr$\tf_ram_r$/tmp/pp112-portability.C4cOfK/srp.v:3816$4680_ADDR[31:0]$4977
     4/6: $1$memwr$\tf_ram_r$/tmp/pp112-portability.C4cOfK/srp.v:3814$4679_EN[47:0]$4975
     5/6: $1$memwr$\tf_ram_r$/tmp/pp112-portability.C4cOfK/srp.v:3814$4679_DATA[47:0]$4974
     6/6: $1$memwr$\tf_ram_r$/tmp/pp112-portability.C4cOfK/srp.v:3814$4679_ADDR[31:0]$4973
Creating decoders for process `\KL_srp_top.$proc$/tmp/pp112-portability.C4cOfK/srp.v:3671$4749'.
     1/141: $21$lookahead\opt_cnt_r$4748[15:0]$4906
     2/141: $4$bitselwrite$pos$/tmp/pp112-portability.C4cOfK/srp.v:3774$4656[31:0]$4899
     3/141: $21$lookahead\opt_r$4747[7:0]$4905
     4/141: $4$bitselwrite$pos$/tmp/pp112-portability.C4cOfK/srp.v:3773$4655[2:0]$4898
     5/141: $4$lookahead\adm_mif_r$4746[127:0]$4904
     6/141: $4$bitselwrite$pos$/tmp/pp112-portability.C4cOfK/srp.v:3772$4654[31:0]$4897
     7/141: $4$lookahead\adm_mfs_r$4745[127:0]$4903
     8/141: $4$bitselwrite$pos$/tmp/pp112-portability.C4cOfK/srp.v:3771$4653[31:0]$4896
     9/141: $4$lookahead\adm_req_r$4744[7:0]$4902
    10/141: $4$bitselwrite$pos$/tmp/pp112-portability.C4cOfK/srp.v:3770$4652[2:0]$4895
    11/141: $4$bitselwrite$pos$/tmp/pp112-portability.C4cOfK/srp.v:3778$4658[2:0]$4901
    12/141: $4$bitselwrite$pos$/tmp/pp112-portability.C4cOfK/srp.v:3777$4657[2:0]$4900
    13/141: $20$lookahead\opt_cnt_r$4748[15:0]$4894
    14/141: $20$lookahead\opt_r$4747[7:0]$4893
    15/141: $3$lookahead\adm_mif_r$4746[127:0]$4892
    16/141: $3$lookahead\adm_mfs_r$4745[127:0]$4891
    17/141: $3$lookahead\adm_req_r$4744[7:0]$4890
    18/141: $3$bitselwrite$pos$/tmp/pp112-portability.C4cOfK/srp.v:3778$4658[2:0]$4889
    19/141: $3$bitselwrite$pos$/tmp/pp112-portability.C4cOfK/srp.v:3777$4657[2:0]$4888
    20/141: $3$bitselwrite$pos$/tmp/pp112-portability.C4cOfK/srp.v:3774$4656[31:0]$4887
    21/141: $3$bitselwrite$pos$/tmp/pp112-portability.C4cOfK/srp.v:3773$4655[2:0]$4886
    22/141: $3$bitselwrite$pos$/tmp/pp112-portability.C4cOfK/srp.v:3772$4654[31:0]$4885
    23/141: $3$bitselwrite$pos$/tmp/pp112-portability.C4cOfK/srp.v:3771$4653[31:0]$4884
    24/141: $3$bitselwrite$pos$/tmp/pp112-portability.C4cOfK/srp.v:3770$4652[2:0]$4883
    25/141: $4\sv2v_cast_32$func$/tmp/pp112-portability.C4cOfK/srp.v:3715$4648.$result[31:0]$4869
    26/141: $4\sv2v_cast_32$func$/tmp/pp112-portability.C4cOfK/srp.v:3715$4648.inp[31:0]$4870
    27/141: $4\sv2v_cast_32$func$/tmp/pp112-portability.C4cOfK/srp.v:3742$4651.inp[31:0]$4876
    28/141: $4\sv2v_cast_32$func$/tmp/pp112-portability.C4cOfK/srp.v:3742$4651.$result[31:0]$4875
    29/141: $4\sv2v_cast_32$func$/tmp/pp112-portability.C4cOfK/srp.v:3733$4650.inp[31:0]$4874
    30/141: $4\sv2v_cast_32$func$/tmp/pp112-portability.C4cOfK/srp.v:3733$4650.$result[31:0]$4873
    31/141: $4\sv2v_cast_32$func$/tmp/pp112-portability.C4cOfK/srp.v:3724$4649.inp[31:0]$4872
    32/141: $4\sv2v_cast_32$func$/tmp/pp112-portability.C4cOfK/srp.v:3724$4649.$result[31:0]$4871
    33/141: $3\sv2v_cast_32$func$/tmp/pp112-portability.C4cOfK/srp.v:3742$4651.inp[31:0]$4868
    34/141: $3\sv2v_cast_32$func$/tmp/pp112-portability.C4cOfK/srp.v:3742$4651.$result[31:0]$4867
    35/141: $3\sv2v_cast_32$func$/tmp/pp112-portability.C4cOfK/srp.v:3733$4650.inp[31:0]$4866
    36/141: $3\sv2v_cast_32$func$/tmp/pp112-portability.C4cOfK/srp.v:3733$4650.$result[31:0]$4865
    37/141: $3\sv2v_cast_32$func$/tmp/pp112-portability.C4cOfK/srp.v:3724$4649.inp[31:0]$4864
    38/141: $3\sv2v_cast_32$func$/tmp/pp112-portability.C4cOfK/srp.v:3724$4649.$result[31:0]$4863
    39/141: $3\sv2v_cast_32$func$/tmp/pp112-portability.C4cOfK/srp.v:3715$4648.inp[31:0]$4862
    40/141: $3\sv2v_cast_32$func$/tmp/pp112-portability.C4cOfK/srp.v:3715$4648.$result[31:0]$4861
    41/141: $2\sv2v_cast_32$func$/tmp/pp112-portability.C4cOfK/srp.v:3742$4651.inp[31:0]$4848
    42/141: $2\sv2v_cast_32$func$/tmp/pp112-portability.C4cOfK/srp.v:3742$4651.$result[31:0]$4847
    43/141: $2\sv2v_cast_32$func$/tmp/pp112-portability.C4cOfK/srp.v:3733$4650.inp[31:0]$4846
    44/141: $2\sv2v_cast_32$func$/tmp/pp112-portability.C4cOfK/srp.v:3733$4650.$result[31:0]$4845
    45/141: $2\sv2v_cast_32$func$/tmp/pp112-portability.C4cOfK/srp.v:3724$4649.inp[31:0]$4844
    46/141: $2\sv2v_cast_32$func$/tmp/pp112-portability.C4cOfK/srp.v:3724$4649.$result[31:0]$4843
    47/141: $2\sv2v_cast_32$func$/tmp/pp112-portability.C4cOfK/srp.v:3715$4648.inp[31:0]$4842
    48/141: $2\sv2v_cast_32$func$/tmp/pp112-portability.C4cOfK/srp.v:3715$4648.$result[31:0]$4841
    49/141: $19$lookahead\opt_cnt_r$4748[15:0]$4860
    50/141: $19$lookahead\opt_r$4747[7:0]$4859
    51/141: $2$lookahead\adm_mif_r$4746[127:0]$4858
    52/141: $2$lookahead\adm_mfs_r$4745[127:0]$4857
    53/141: $2$lookahead\adm_req_r$4744[7:0]$4856
    54/141: $2$bitselwrite$pos$/tmp/pp112-portability.C4cOfK/srp.v:3778$4658[2:0]$4855
    55/141: $2$bitselwrite$pos$/tmp/pp112-portability.C4cOfK/srp.v:3777$4657[2:0]$4854
    56/141: $2$bitselwrite$pos$/tmp/pp112-portability.C4cOfK/srp.v:3774$4656[31:0]$4853
    57/141: $2$bitselwrite$pos$/tmp/pp112-portability.C4cOfK/srp.v:3773$4655[2:0]$4852
    58/141: $2$bitselwrite$pos$/tmp/pp112-portability.C4cOfK/srp.v:3772$4654[31:0]$4851
    59/141: $2$bitselwrite$pos$/tmp/pp112-portability.C4cOfK/srp.v:3771$4653[31:0]$4850
    60/141: $2$bitselwrite$pos$/tmp/pp112-portability.C4cOfK/srp.v:3770$4652[2:0]$4849
    61/141: $2$lookahead\opt_cnt_r$4748[15:0]$4792 [15:14]
    62/141: $18$lookahead\opt_r$4747[7:7]$4838
    63/141: $17$lookahead\opt_cnt_r$4748[15:14]$4836
    64/141: $17$lookahead\opt_r$4747[7:7]$4835
    65/141: $16$lookahead\opt_cnt_r$4748[13:12]$4833
    66/141: $16$lookahead\opt_r$4747[6:6]$4832
    67/141: $15$lookahead\opt_cnt_r$4748[13:12]$4830
    68/141: $15$lookahead\opt_r$4747[6:6]$4829
    69/141: $14$lookahead\opt_cnt_r$4748[11:10]$4827
    70/141: $14$lookahead\opt_r$4747[5:5]$4826
    71/141: $13$lookahead\opt_cnt_r$4748[11:10]$4824
    72/141: $13$lookahead\opt_r$4747[5:5]$4823
    73/141: $12$lookahead\opt_cnt_r$4748[9:8]$4821
    74/141: $12$lookahead\opt_r$4747[4:4]$4820
    75/141: $11$lookahead\opt_cnt_r$4748[9:8]$4818
    76/141: $11$lookahead\opt_r$4747[4:4]$4817
    77/141: $10$lookahead\opt_cnt_r$4748[7:6]$4815
    78/141: $10$lookahead\opt_r$4747[3:3]$4814
    79/141: $9$lookahead\opt_cnt_r$4748[7:6]$4812
    80/141: $9$lookahead\opt_r$4747[3:3]$4811
    81/141: $8$lookahead\opt_cnt_r$4748[5:4]$4809
    82/141: $8$lookahead\opt_r$4747[2:2]$4808
    83/141: $7$lookahead\opt_cnt_r$4748[5:4]$4806
    84/141: $7$lookahead\opt_r$4747[2:2]$4805
    85/141: $6$lookahead\opt_cnt_r$4748[3:2]$4803
    86/141: $6$lookahead\opt_r$4747[1:1]$4802
    87/141: $5$lookahead\opt_cnt_r$4748[3:2]$4800
    88/141: $5$lookahead\opt_r$4747[1:1]$4799
    89/141: $4$lookahead\opt_cnt_r$4748[1:0]$4797
    90/141: $4$lookahead\opt_r$4747[0:0]$4796
    91/141: $3$lookahead\opt_cnt_r$4748[1:0]$4794
    92/141: $3$lookahead\opt_r$4747[0:0]$4793
    93/141: $2\service_plane.sv2v_autoblock_1.s[31:0]
    94/141: $2$lookahead\opt_cnt_r$4748[15:0]$4792 [13:12]
    95/141: $2$lookahead\opt_r$4747[7:0]$4791 [6]
    96/141: $2$lookahead\opt_cnt_r$4748[15:0]$4792 [11:10]
    97/141: $2$lookahead\opt_r$4747[7:0]$4791 [5]
    98/141: $2$lookahead\opt_cnt_r$4748[15:0]$4792 [9:8]
    99/141: $2$lookahead\opt_r$4747[7:0]$4791 [4]
   100/141: $2$lookahead\opt_cnt_r$4748[15:0]$4792 [7:6]
   101/141: $2$lookahead\opt_r$4747[7:0]$4791 [3]
   102/141: $2$lookahead\opt_cnt_r$4748[15:0]$4792 [5:4]
   103/141: $2$lookahead\opt_r$4747[7:0]$4791 [2]
   104/141: $2$lookahead\opt_cnt_r$4748[15:0]$4792 [3:2]
   105/141: $2$lookahead\opt_r$4747[7:0]$4791 [1]
   106/141: $2$lookahead\opt_cnt_r$4748[15:0]$4792 [1:0]
   107/141: $2$lookahead\opt_r$4747[7:0]$4791 [0]
   108/141: $2$lookahead\opt_r$4747[7:0]$4791 [7]
   109/141: $18$lookahead\opt_cnt_r$4748[15:14]$4839
   110/141: $1$lookahead\opt_cnt_r$4748[15:0]$4790
   111/141: $1$lookahead\opt_r$4747[7:0]$4789
   112/141: $1$lookahead\adm_mif_r$4746[127:0]$4788
   113/141: $1$lookahead\adm_mfs_r$4745[127:0]$4787
   114/141: $1$lookahead\adm_req_r$4744[7:0]$4786
   115/141: $0\rsp_valid_o[0:0]
   116/141: $1$bitselwrite$pos$/tmp/pp112-portability.C4cOfK/srp.v:3778$4658[2:0]$4785
   117/141: $1$bitselwrite$pos$/tmp/pp112-portability.C4cOfK/srp.v:3777$4657[2:0]$4784
   118/141: $1$bitselwrite$pos$/tmp/pp112-portability.C4cOfK/srp.v:3774$4656[31:0]$4783
   119/141: $1$bitselwrite$pos$/tmp/pp112-portability.C4cOfK/srp.v:3773$4655[2:0]$4782
   120/141: $1$bitselwrite$pos$/tmp/pp112-portability.C4cOfK/srp.v:3772$4654[31:0]$4781
   121/141: $1$bitselwrite$pos$/tmp/pp112-portability.C4cOfK/srp.v:3771$4653[31:0]$4780
   122/141: $1$bitselwrite$pos$/tmp/pp112-portability.C4cOfK/srp.v:3770$4652[2:0]$4779
   123/141: $1\sv2v_cast_32$func$/tmp/pp112-portability.C4cOfK/srp.v:3742$4651.inp[31:0]$4778
   124/141: $1\sv2v_cast_32$func$/tmp/pp112-portability.C4cOfK/srp.v:3742$4651.$result[31:0]$4777
   125/141: $1\sv2v_cast_32$func$/tmp/pp112-portability.C4cOfK/srp.v:3733$4650.inp[31:0]$4776
   126/141: $1\sv2v_cast_32$func$/tmp/pp112-portability.C4cOfK/srp.v:3733$4650.$result[31:0]$4775
   127/141: $1\sv2v_cast_32$func$/tmp/pp112-portability.C4cOfK/srp.v:3724$4649.inp[31:0]$4774
   128/141: $1\sv2v_cast_32$func$/tmp/pp112-portability.C4cOfK/srp.v:3724$4649.$result[31:0]$4773
   129/141: $1\sv2v_cast_32$func$/tmp/pp112-portability.C4cOfK/srp.v:3715$4648.inp[31:0]$4772
   130/141: $1\sv2v_cast_32$func$/tmp/pp112-portability.C4cOfK/srp.v:3715$4648.$result[31:0]$4771
   131/141: $1\service_plane.sv2v_autoblock_1.s[31:0]
   132/141: $0\rsp_data_r[31:0]
   133/141: $0\rsp_status_r[1:0]
   134/141: $0\svc_st_r[1:0]
   135/141: $0\a_open_r[0:0]
   136/141: $0\a_mif_r[15:0]
   137/141: $0\a_mfs_r[15:0]
   138/141: $0\a_vid_r[11:0]
   139/141: $0\a_da_r[47:0]
   140/141: $0\a_sid_r[63:0]
   141/141: $0\a_idx_r[7:0]
Creating decoders for process `\KL_srp_top.$proc$/tmp/pp112-portability.C4cOfK/srp.v:3659$4734'.
     1/2: $1\adm_invalidate_w[7:0]
     2/2: $1$bitselwrite$pos$/tmp/pp112-portability.C4cOfK/srp.v:3664$4647[2:0]$4736
Creating decoders for process `\KL_srp_top.$proc$/tmp/pp112-portability.C4cOfK/srp.v:3568$4711'.
     1/24: $4\enc_ev_value_w[271:0]
     2/24: $4\enc_ev_fp_w[1:0]
     3/24: $4\enc_ev_event_w[2:0]
     4/24: $4\enc_ev_type_w[7:0]
     5/24: $4\enc_ev_app_w[0:0]
     6/24: $4\enc_ev_valid_w[0:0]
     7/24: $3\enc_ev_value_w[271:0]
     8/24: $3\enc_ev_fp_w[1:0]
     9/24: $3\enc_ev_event_w[2:0]
    10/24: $3\enc_ev_type_w[7:0]
    11/24: $3\enc_ev_app_w[0:0]
    12/24: $3\enc_ev_valid_w[0:0]
    13/24: $2\enc_ev_value_w[271:0]
    14/24: $2\enc_ev_fp_w[1:0]
    15/24: $2\enc_ev_event_w[2:0]
    16/24: $2\enc_ev_type_w[7:0]
    17/24: $2\enc_ev_app_w[0:0]
    18/24: $2\enc_ev_valid_w[0:0]
    19/24: $1\enc_ev_value_w[271:0]
    20/24: $1\enc_ev_fp_w[1:0]
    21/24: $1\enc_ev_event_w[2:0]
    22/24: $1\enc_ev_type_w[7:0]
    23/24: $1\enc_ev_app_w[0:0]
    24/24: $1\enc_ev_valid_w[0:0]
Creating decoders for process `\KL_srp_top.$proc$/tmp/pp112-portability.C4cOfK/srp.v:3335$4701'.
     1/1: $0\vrr_r[0:0]
Creating decoders for process `$paramod\KL_srp_domain\DEF_PRIO_P=8'00000011\DEF_VID_P=16'0000000000000010.$proc$/tmp/pp112-portability.C4cOfK/srp.v:796$9706'.
     1/16: $0\evt_domain_change_o[0:0]
     2/16: $0\link_q_r[0:0]
     3/16: $0\rejoin_pend_r[0:0]
     4/16: $0\rx_pend_vid_r[15:0]
     5/16: $0\rx_pend_prio_r[7:0]
     6/16: $0\rx_pend_v_r[0:0]
     7/16: $0\q1_val_r[31:0]
     8/16: $0\q0_val_r[31:0]
     9/16: $0\q1_ev_r[2:0]
    10/16: $0\q0_ev_r[2:0]
    11/16: $0\q1_valid_r[0:0]
    12/16: $0\q0_valid_r[0:0]
    13/16: $0\declared_r[0:0]
    14/16: $0\adopted_r[0:0]
    15/16: $0\decl_vid_r[15:0]
    16/16: $0\decl_prio_r[7:0]
Creating decoders for process `$paramod$391fbb556570799cf2e9dffc5ef8b362f93a0423\KL_srp_vlan.$proc$/tmp/pp112-portability.C4cOfK/srp.v:4267$9692'.
Creating decoders for process `$paramod$391fbb556570799cf2e9dffc5ef8b362f93a0423\KL_srp_vlan.$proc$/tmp/pp112-portability.C4cOfK/srp.v:4143$9636'.
     1/31: $6$lookahead\active_r$9635[3:0]$9675
     2/31: $4$bitselwrite$pos$/tmp/pp112-portability.C4cOfK/srp.v:4222$9604[1:0]$9674
     3/31: $5$lookahead\active_r$9635[3:0]$9664
     4/31: $5$bitselwrite$pos$/tmp/pp112-portability.C4cOfK/srp.v:4211$9603[1:0]$9663
     5/31: $4$lookahead\active_r$9635[3:0]$9662
     6/31: $4$bitselwrite$pos$/tmp/pp112-portability.C4cOfK/srp.v:4211$9603[1:0]$9661
     7/31: $3$lookahead\active_r$9635[3:0]$9660
     8/31: $3$bitselwrite$pos$/tmp/pp112-portability.C4cOfK/srp.v:4211$9603[1:0]$9658
     9/31: $3$bitselwrite$pos$/tmp/pp112-portability.C4cOfK/srp.v:4222$9604[1:0]$9659
    10/31: $2$lookahead\active_r$9635[3:0]$9647
    11/31: $2$bitselwrite$pos$/tmp/pp112-portability.C4cOfK/srp.v:4222$9604[1:0]$9646
    12/31: $2$bitselwrite$pos$/tmp/pp112-portability.C4cOfK/srp.v:4211$9603[1:0]$9645
    13/31: $0\user_err_o[0:0]
    14/31: $1$lookahead\active_r$9635[3:0]$9643
    15/31: $1$bitselwrite$pos$/tmp/pp112-portability.C4cOfK/srp.v:4222$9604[1:0]$9642
    16/31: $1$bitselwrite$pos$/tmp/pp112-portability.C4cOfK/srp.v:4211$9603[1:0]$9641
    17/31: $0\ev_vid_r[15:0]
    18/31: $0\ev_code_r[2:0]
    19/31: $0\ridx_r[1:0]
    20/31: $0\free_ix_r[1:0]
    21/31: $0\free_v_r[0:0]
    22/31: $0\found_cnt_r[4:0]
    23/31: $0\found_ix_r[1:0]
    24/31: $0\found_v_r[0:0]
    25/31: $0\chk_v_r[0:0]
    26/31: $0\chk_ix_r[1:0]
    27/31: $0\scan_ix_r[1:0]
    28/31: $0\op_vid_r[11:0]
    29/31: $0\op_join_r[0:0]
    30/31: $0\st_r[3:0]
    31/31: $0\rejoin_pend_r[0:0]
Creating decoders for process `$paramod$391fbb556570799cf2e9dffc5ef8b362f93a0423\KL_srp_vlan.$proc$/tmp/pp112-portability.C4cOfK/srp.v:4115$9623'.
     1/12: $4\tbl_wdat_w[16:0]
     2/12: $4\tbl_wix_w[1:0]
     3/12: $4\tbl_we_w[0:0]
     4/12: $3\tbl_wdat_w[16:0]
     5/12: $3\tbl_wix_w[1:0]
     6/12: $3\tbl_we_w[0:0]
     7/12: $2\tbl_wdat_w[16:0]
     8/12: $2\tbl_wix_w[1:0]
     9/12: $2\tbl_we_w[0:0]
    10/12: $1\tbl_wdat_w[16:0]
    11/12: $1\tbl_wix_w[1:0]
    12/12: $1\tbl_we_w[0:0]
Creating decoders for process `$paramod$391fbb556570799cf2e9dffc5ef8b362f93a0423\KL_srp_vlan.$proc$/tmp/pp112-portability.C4cOfK/srp.v:4087$9617'.
Creating decoders for process `$paramod$391fbb556570799cf2e9dffc5ef8b362f93a0423\KL_srp_vlan.$proc$/tmp/pp112-portability.C4cOfK/srp.v:4083$9610'.
     1/3: $1$memwr$\tbl_r$/tmp/pp112-portability.C4cOfK/srp.v:4085$9609_EN[16:0]$9616
     2/3: $1$memwr$\tbl_r$/tmp/pp112-portability.C4cOfK/srp.v:4085$9609_DATA[16:0]$9615
     3/3: $1$memwr$\tbl_r$/tmp/pp112-portability.C4cOfK/srp.v:4085$9609_ADDR[1:0]$9614
Creating decoders for process `$paramod\KL_srp_admission\N_SOURCES_P=32'00000000000000000000000000001000.$proc$/tmp/pp112-portability.C4cOfK/srp.v:181$9598'.
Creating decoders for process `$paramod\KL_srp_admission\N_SOURCES_P=32'00000000000000000000000000001000.$proc$/tmp/pp112-portability.C4cOfK/srp.v:112$9594'.
Creating decoders for process `$paramod\KL_srp_admission\N_SOURCES_P=32'00000000000000000000000000001000.$proc$/tmp/pp112-portability.C4cOfK/srp.v:167$9569'.
Creating decoders for process `$paramod\KL_srp_admission\N_SOURCES_P=32'00000000000000000000000000001000.$proc$/tmp/pp112-portability.C4cOfK/srp.v:123$9559'.
     1/10: $0\round_done_o[0:0]
     2/10: $0\wgslope_r[255:0]
     3/10: $0\wgrant_r[7:0]
     4/10: $0\over_acc_r[0:0]
     5/10: $0\acc_r[31:0]
     6/10: $0\aidx_r[2:0]
     7/10: $0\over_r[0:0]
     8/10: $0\sum_r[31:0]
     9/10: $0\gslope_r[255:0]
    10/10: $0\grant_r[7:0]
Creating decoders for process `$paramod\KL_srp_admission\N_SOURCES_P=32'00000000000000000000000000001000.$proc$/tmp/pp112-portability.C4cOfK/srp.v:115$9536'.
Creating decoders for process `$paramod\KL_srp_admission\N_SOURCES_P=32'00000000000000000000000000001000.$proc$/tmp/pp112-portability.C4cOfK/srp.v:66$9464'.
     1/29: $9$lookahead\slope_valid_r$9462[7:7]$9500
     2/29: $8$lookahead\slope_valid_r$9462[6:6]$9499
     3/29: $7$lookahead\slope_valid_r$9462[5:5]$9498
     4/29: $6$lookahead\slope_valid_r$9462[4:4]$9497
     5/29: $5$lookahead\slope_valid_r$9462[3:3]$9496
     6/29: $4$lookahead\slope_valid_r$9462[2:2]$9495
     7/29: $3$lookahead\slope_valid_r$9462[1:1]$9494
     8/29: $2$lookahead\slope_valid_r$9462[0:0]$9493
     9/29: $1$lookahead\slope_valid_r$9462[7:0]$9476 [7]
    10/29: $1$lookahead\slope_valid_r$9462[7:0]$9476 [6]
    11/29: $1$lookahead\slope_valid_r$9462[7:0]$9476 [5]
    12/29: $1$lookahead\slope_valid_r$9462[7:0]$9476 [4]
    13/29: $1$lookahead\slope_valid_r$9462[7:0]$9476 [3]
    14/29: $1$lookahead\slope_valid_r$9462[7:0]$9476 [2]
    15/29: $1$lookahead\slope_valid_r$9462[7:0]$9476 [1]
    16/29: $1$lookahead\slope_valid_r$9462[7:0]$9476 [0]
    17/29: $0\valid_q2_r[0:0]
    18/29: $0\valid_q1_r[0:0]
    19/29: $1$lookahead\slope_q_r$9463[255:0]$9477
    20/29: $0\iv_bytes_r[32:0]
    21/29: $0\frame_bytes_r[16:0]
    22/29: $0\cidx_q2_r[2:0]
    23/29: $0\cidx_q1_r[2:0]
    24/29: $0\cidx_r[2:0]
    25/29: $1$bitselwrite$pos$/tmp/pp112-portability.C4cOfK/srp.v:93$9446[31:0]$9475
    26/29: $1$bitselwrite$pos$/tmp/pp112-portability.C4cOfK/srp.v:84$9445[2:0]$9474
    27/29: $1\sv2v_cast_32$func$/tmp/pp112-portability.C4cOfK/srp.v:79$9443.inp[31:0]$9473
    28/29: $1\sv2v_cast_32$func$/tmp/pp112-portability.C4cOfK/srp.v:79$9443.$result[31:0]$9472
    29/29: $1\slope_walk.sv2v_autoblock_1.s[31:0]
Creating decoders for process `$paramod$88c47cdca12b5c3898cef34ad98804b2496da97e\KL_srp_talker_fsm.$proc$/tmp/pp112-portability.C4cOfK/srp.v:3014$9442'.
Creating decoders for process `$paramod$88c47cdca12b5c3898cef34ad98804b2496da97e\KL_srp_talker_fsm.$proc$/tmp/pp112-portability.C4cOfK/srp.v:2840$9438'.
Creating decoders for process `$paramod$88c47cdca12b5c3898cef34ad98804b2496da97e\KL_srp_talker_fsm.$proc$/tmp/pp112-portability.C4cOfK/srp.v:2997$9157'.
Creating decoders for process `$paramod$88c47cdca12b5c3898cef34ad98804b2496da97e\KL_srp_talker_fsm.$proc$/tmp/pp112-portability.C4cOfK/srp.v:2965$9007'.
     1/52: $7$lookahead\vj_pend_r$9003[7:0]$9128
     2/52: $4$bitselwrite$pos$/tmp/pp112-portability.C4cOfK/srp.v:2989$7686[2:0]$9125
     3/52: $4$lookahead\vl_vid_r$9006[95:0]$9130
     4/52: $7$lookahead\vl_pend_r$9004[7:0]$9129
     5/52: $4$bitselwrite$pos$/tmp/pp112-portability.C4cOfK/srp.v:2992$7688[31:0]$9127
     6/52: $4$bitselwrite$pos$/tmp/pp112-portability.C4cOfK/srp.v:2991$7687[2:0]$9126
     7/52: $6$lookahead\vl_pend_r$9004[7:0]$9093
     8/52: $4$bitselwrite$pos$/tmp/pp112-portability.C4cOfK/srp.v:2982$7683[2:0]$9089
     9/52: $4$lookahead\vj_vid_r$9005[95:0]$9094
    10/52: $6$lookahead\vj_pend_r$9003[7:0]$9092
    11/52: $4$bitselwrite$pos$/tmp/pp112-portability.C4cOfK/srp.v:2985$7685[31:0]$9091
    12/52: $4$bitselwrite$pos$/tmp/pp112-portability.C4cOfK/srp.v:2984$7684[2:0]$9090
    13/52: $3$lookahead\vj_vid_r$9005[95:0]$9074
    14/52: $5$lookahead\vl_pend_r$9004[7:0]$9073
    15/52: $5$lookahead\vj_pend_r$9003[7:0]$9072
    16/52: $3$bitselwrite$pos$/tmp/pp112-portability.C4cOfK/srp.v:2985$7685[31:0]$9068
    17/52: $3$bitselwrite$pos$/tmp/pp112-portability.C4cOfK/srp.v:2984$7684[2:0]$9067
    18/52: $3$bitselwrite$pos$/tmp/pp112-portability.C4cOfK/srp.v:2982$7683[2:0]$9066
    19/52: $3$lookahead\vl_vid_r$9006[95:0]$9075
    20/52: $3$bitselwrite$pos$/tmp/pp112-portability.C4cOfK/srp.v:2992$7688[31:0]$9071
    21/52: $3$bitselwrite$pos$/tmp/pp112-portability.C4cOfK/srp.v:2991$7687[2:0]$9070
    22/52: $3$bitselwrite$pos$/tmp/pp112-portability.C4cOfK/srp.v:2989$7686[2:0]$9069
    23/52: $2$lookahead\vl_vid_r$9006[95:0]$9065
    24/52: $2$lookahead\vj_vid_r$9005[95:0]$9064
    25/52: $4$lookahead\vl_pend_r$9004[7:0]$9063
    26/52: $4$lookahead\vj_pend_r$9003[7:0]$9062
    27/52: $2$bitselwrite$pos$/tmp/pp112-portability.C4cOfK/srp.v:2992$7688[31:0]$9061
    28/52: $2$bitselwrite$pos$/tmp/pp112-portability.C4cOfK/srp.v:2991$7687[2:0]$9060
    29/52: $2$bitselwrite$pos$/tmp/pp112-portability.C4cOfK/srp.v:2989$7686[2:0]$9059
    30/52: $2$bitselwrite$pos$/tmp/pp112-portability.C4cOfK/srp.v:2985$7685[31:0]$9058
    31/52: $2$bitselwrite$pos$/tmp/pp112-portability.C4cOfK/srp.v:2984$7684[2:0]$9057
    32/52: $2$bitselwrite$pos$/tmp/pp112-portability.C4cOfK/srp.v:2982$7683[2:0]$9056
    33/52: $3$lookahead\vj_pend_r$9003[7:0]$9040
    34/52: $3$bitselwrite$pos$/tmp/pp112-portability.C4cOfK/srp.v:2975$7681[2:0]$9038
    35/52: $3$lookahead\vl_pend_r$9004[7:0]$9041
    36/52: $3$bitselwrite$pos$/tmp/pp112-portability.C4cOfK/srp.v:2977$7682[2:0]$9039
    37/52: $2$lookahead\vl_pend_r$9004[7:0]$9037
    38/52: $2$lookahead\vj_pend_r$9003[7:0]$9036
    39/52: $2$bitselwrite$pos$/tmp/pp112-portability.C4cOfK/srp.v:2977$7682[2:0]$9035
    40/52: $2$bitselwrite$pos$/tmp/pp112-portability.C4cOfK/srp.v:2975$7681[2:0]$9034
    41/52: $1$lookahead\vl_vid_r$9006[95:0]$9032
    42/52: $1$lookahead\vj_vid_r$9005[95:0]$9031
    43/52: $1$lookahead\vl_pend_r$9004[7:0]$9030
    44/52: $1$lookahead\vj_pend_r$9003[7:0]$9029
    45/52: $1$bitselwrite$pos$/tmp/pp112-portability.C4cOfK/srp.v:2992$7688[31:0]$9028
    46/52: $1$bitselwrite$pos$/tmp/pp112-portability.C4cOfK/srp.v:2991$7687[2:0]$9027
    47/52: $1$bitselwrite$pos$/tmp/pp112-portability.C4cOfK/srp.v:2989$7686[2:0]$9026
    48/52: $1$bitselwrite$pos$/tmp/pp112-portability.C4cOfK/srp.v:2985$7685[31:0]$9025
    49/52: $1$bitselwrite$pos$/tmp/pp112-portability.C4cOfK/srp.v:2984$7684[2:0]$9024
    50/52: $1$bitselwrite$pos$/tmp/pp112-portability.C4cOfK/srp.v:2982$7683[2:0]$9023
    51/52: $1$bitselwrite$pos$/tmp/pp112-portability.C4cOfK/srp.v:2977$7682[2:0]$9022
    52/52: $1$bitselwrite$pos$/tmp/pp112-portability.C4cOfK/srp.v:2975$7681[2:0]$9021
Creating decoders for process `$paramod$88c47cdca12b5c3898cef34ad98804b2496da97e\KL_srp_talker_fsm.$proc$/tmp/pp112-portability.C4cOfK/srp.v:2937$8994'.
     1/96: $24\user_vid_o[11:0]
     2/96: $24\vsel_ix_w[2:0]
     3/96: $24\vsel_join_w[0:0]
     4/96: $24\vsel_v_w[0:0]
     5/96: $23\user_vid_o[11:0]
     6/96: $23\vsel_ix_w[2:0]
     7/96: $23\vsel_join_w[0:0]
     8/96: $23\vsel_v_w[0:0]
     9/96: $22\vsel_ix_w[2:0]
    10/96: $22\vsel_join_w[0:0]
    11/96: $22\vsel_v_w[0:0]
    12/96: $22\user_vid_o[11:0]
    13/96: $21\user_vid_o[11:0]
    14/96: $21\vsel_ix_w[2:0]
    15/96: $21\vsel_join_w[0:0]
    16/96: $21\vsel_v_w[0:0]
    17/96: $20\user_vid_o[11:0]
    18/96: $20\vsel_ix_w[2:0]
    19/96: $20\vsel_join_w[0:0]
    20/96: $20\vsel_v_w[0:0]
    21/96: $19\vsel_ix_w[2:0]
    22/96: $19\vsel_join_w[0:0]
    23/96: $19\vsel_v_w[0:0]
    24/96: $19\user_vid_o[11:0]
    25/96: $18\user_vid_o[11:0]
    26/96: $18\vsel_ix_w[2:0]
    27/96: $18\vsel_join_w[0:0]
    28/96: $18\vsel_v_w[0:0]
    29/96: $17\user_vid_o[11:0]
    30/96: $17\vsel_ix_w[2:0]
    31/96: $17\vsel_join_w[0:0]
    32/96: $17\vsel_v_w[0:0]
    33/96: $16\vsel_ix_w[2:0]
    34/96: $16\vsel_join_w[0:0]
    35/96: $16\vsel_v_w[0:0]
    36/96: $16\user_vid_o[11:0]
    37/96: $15\user_vid_o[11:0]
    38/96: $15\vsel_ix_w[2:0]
    39/96: $15\vsel_join_w[0:0]
    40/96: $15\vsel_v_w[0:0]
    41/96: $14\user_vid_o[11:0]
    42/96: $14\vsel_ix_w[2:0]
    43/96: $14\vsel_join_w[0:0]
    44/96: $14\vsel_v_w[0:0]
    45/96: $13\vsel_ix_w[2:0]
    46/96: $13\vsel_join_w[0:0]
    47/96: $13\vsel_v_w[0:0]
    48/96: $13\user_vid_o[11:0]
    49/96: $12\user_vid_o[11:0]
    50/96: $12\vsel_ix_w[2:0]
    51/96: $12\vsel_join_w[0:0]
    52/96: $12\vsel_v_w[0:0]
    53/96: $11\user_vid_o[11:0]
    54/96: $11\vsel_ix_w[2:0]
    55/96: $11\vsel_join_w[0:0]
    56/96: $11\vsel_v_w[0:0]
    57/96: $10\vsel_ix_w[2:0]
    58/96: $10\vsel_join_w[0:0]
    59/96: $10\vsel_v_w[0:0]
    60/96: $10\user_vid_o[11:0]
    61/96: $9\user_vid_o[11:0]
    62/96: $9\vsel_ix_w[2:0]
    63/96: $9\vsel_join_w[0:0]
    64/96: $9\vsel_v_w[0:0]
    65/96: $8\user_vid_o[11:0]
    66/96: $8\vsel_ix_w[2:0]
    67/96: $8\vsel_join_w[0:0]
    68/96: $8\vsel_v_w[0:0]
    69/96: $7\vsel_ix_w[2:0]
    70/96: $7\vsel_join_w[0:0]
    71/96: $7\vsel_v_w[0:0]
    72/96: $7\user_vid_o[11:0]
    73/96: $6\user_vid_o[11:0]
    74/96: $6\vsel_ix_w[2:0]
    75/96: $6\vsel_join_w[0:0]
    76/96: $6\vsel_v_w[0:0]
    77/96: $5\user_vid_o[11:0]
    78/96: $5\vsel_ix_w[2:0]
    79/96: $5\vsel_join_w[0:0]
    80/96: $5\vsel_v_w[0:0]
    81/96: $4\vsel_ix_w[2:0]
    82/96: $4\vsel_join_w[0:0]
    83/96: $4\vsel_v_w[0:0]
    84/96: $4\user_vid_o[11:0]
    85/96: $3\user_vid_o[11:0]
    86/96: $3\vsel_ix_w[2:0]
    87/96: $3\vsel_join_w[0:0]
    88/96: $3\vsel_v_w[0:0]
    89/96: $2\user_vid_o[11:0]
    90/96: $2\vsel_ix_w[2:0]
    91/96: $2\vsel_join_w[0:0]
    92/96: $2\vsel_v_w[0:0]
    93/96: $1\vsel_ix_w[2:0]
    94/96: $1\vsel_join_w[0:0]
    95/96: $1\vsel_v_w[0:0]
    96/96: $1\user_vid_o[11:0]
Creating decoders for process `$paramod$88c47cdca12b5c3898cef34ad98804b2496da97e\KL_srp_talker_fsm.$proc$/tmp/pp112-portability.C4cOfK/srp.v:2872$8726'.
     1/106: $0\lstn_reg_change_o[7:0] [7]
     2/106: $0\lstn_reg_change_o[7:0] [6]
     3/106: $0\lstn_prev_r[15:0] [13:12]
     4/106: $0\lstn_reg_change_o[7:0] [5]
     5/106: $0\lstn_prev_r[15:0] [11:10]
     6/106: $0\lstn_reg_change_o[7:0] [4]
     7/106: $0\lstn_prev_r[15:0] [9:8]
     8/106: $0\lstn_reg_change_o[7:0] [3]
     9/106: $0\lstn_prev_r[15:0] [7:6]
    10/106: $0\lstn_reg_change_o[7:0] [2]
    11/106: $0\lstn_prev_r[15:0] [5:4]
    12/106: $0\lstn_reg_change_o[7:0] [1]
    13/106: $0\lstn_prev_r[15:0] [3:2]
    14/106: $0\lstn_reg_change_o[7:0] [0]
    15/106: $0\lstn_prev_r[15:0] [1:0]
    16/106: $49$lookahead\tpend_r$8725[15:14]$8983
    17/106: $48$lookahead\tpend_r$8725[15:14]$8973
    18/106: $47$lookahead\tpend_r$8725[15:14]$8969
    19/106: $46$lookahead\tpend_r$8725[15:14]$8966
    20/106: $45$lookahead\tpend_r$8725[15:14]$8964
    21/106: $44$lookahead\tpend_r$8725[13:12]$8957
    22/106: $43$lookahead\tpend_r$8725[13:12]$8955
    23/106: $42$lookahead\tpend_r$8725[13:12]$8945
    24/106: $41$lookahead\tpend_r$8725[13:12]$8941
    25/106: $40$lookahead\tpend_r$8725[13:12]$8938
    26/106: $0\lstn_val_r[15:0] [15:14]
    27/106: $0\lstn_val_r[15:0] [13:12]
    28/106: $0\reg_r[15:0] [13:12]
    29/106: $38$lookahead\tpend_r$8725[11:10]$8929
    30/106: $37$lookahead\tpend_r$8725[11:10]$8927
    31/106: $36$lookahead\tpend_r$8725[11:10]$8917
    32/106: $35$lookahead\tpend_r$8725[11:10]$8913
    33/106: $34$lookahead\tpend_r$8725[11:10]$8910
    34/106: $0\reg_r[15:0] [15:14]
    35/106: $0\lstn_val_r[15:0] [11:10]
    36/106: $0\reg_r[15:0] [11:10]
    37/106: $32$lookahead\tpend_r$8725[9:8]$8901
    38/106: $31$lookahead\tpend_r$8725[9:8]$8899
    39/106: $30$lookahead\tpend_r$8725[9:8]$8889
    40/106: $29$lookahead\tpend_r$8725[9:8]$8885
    41/106: $28$lookahead\tpend_r$8725[9:8]$8882
    42/106: $39$lookahead\tpend_r$8725[13:12]$8936
    43/106: $0\lstn_val_r[15:0] [9:8]
    44/106: $0\reg_r[15:0] [9:8]
    45/106: $26$lookahead\tpend_r$8725[7:6]$8873
    46/106: $25$lookahead\tpend_r$8725[7:6]$8871
    47/106: $24$lookahead\tpend_r$8725[7:6]$8861
    48/106: $23$lookahead\tpend_r$8725[7:6]$8857
    49/106: $22$lookahead\tpend_r$8725[7:6]$8854
    50/106: $33$lookahead\tpend_r$8725[11:10]$8908
    51/106: $0\lstn_val_r[15:0] [7:6]
    52/106: $0\reg_r[15:0] [7:6]
    53/106: $20$lookahead\tpend_r$8725[5:4]$8845
    54/106: $19$lookahead\tpend_r$8725[5:4]$8843
    55/106: $18$lookahead\tpend_r$8725[5:4]$8833
    56/106: $17$lookahead\tpend_r$8725[5:4]$8829
    57/106: $16$lookahead\tpend_r$8725[5:4]$8826
    58/106: $27$lookahead\tpend_r$8725[9:8]$8880
    59/106: $0\lstn_val_r[15:0] [5:4]
    60/106: $0\reg_r[15:0] [5:4]
    61/106: $14$lookahead\tpend_r$8725[3:2]$8817
    62/106: $13$lookahead\tpend_r$8725[3:2]$8815
    63/106: $12$lookahead\tpend_r$8725[3:2]$8805
    64/106: $11$lookahead\tpend_r$8725[3:2]$8801
    65/106: $10$lookahead\tpend_r$8725[3:2]$8798
    66/106: $21$lookahead\tpend_r$8725[7:6]$8852
    67/106: $0\lstn_val_r[15:0] [3:2]
    68/106: $0\reg_r[15:0] [3:2]
    69/106: $8$lookahead\tpend_r$8725[1:0]$8789
    70/106: $7$lookahead\tpend_r$8725[1:0]$8787
    71/106: $6$lookahead\tpend_r$8725[1:0]$8777
    72/106: $5$lookahead\tpend_r$8725[1:0]$8773
    73/106: $4$lookahead\tpend_r$8725[1:0]$8770
    74/106: $15$lookahead\tpend_r$8725[5:4]$8824
    75/106: $0\lstn_val_r[15:0] [1:0]
    76/106: $0\reg_r[15:0] [1:0]
    77/106: $2$lookahead\tpend_r$8725[15:0]$8745
    78/106: $2$bitselwrite$pos$/tmp/pp112-portability.C4cOfK/srp.v:2894$7656[31:0]$8744
    79/106: $2\sv2v_cast_42C2E$func$/tmp/pp112-portability.C4cOfK/srp.v:2891$7655.$result[6:0]$8742
    80/106: $2\sv2v_cast_42C2E$func$/tmp/pp112-portability.C4cOfK/srp.v:2891$7655.inp[6:0]$8743
    81/106: $2\sv2v_cast_32$func$/tmp/pp112-portability.C4cOfK/srp.v:2891$7654.$result[31:0]$8740
    82/106: $2\sv2v_cast_32$func$/tmp/pp112-portability.C4cOfK/srp.v:2891$7654.inp[31:0]$8741
    83/106: $1$lookahead\tpend_r$8725[15:0]$8739 [15:14]
    84/106: $1$lookahead\tpend_r$8725[15:0]$8739 [13:12]
    85/106: $1$lookahead\tpend_r$8725[15:0]$8739 [11:10]
    86/106: $1$lookahead\tpend_r$8725[15:0]$8739 [9:8]
    87/106: $1$lookahead\tpend_r$8725[15:0]$8739 [7:6]
    88/106: $1$lookahead\tpend_r$8725[15:0]$8739 [5:4]
    89/106: $1$lookahead\tpend_r$8725[15:0]$8739 [3:2]
    90/106: $1$lookahead\tpend_r$8725[15:0]$8739 [1:0]
    91/106: $0\lstn_prev_r[15:0] [15:14]
    92/106: $0\arm_valid_o[0:0]
    93/106: $1$bitselwrite$pos$/tmp/pp112-portability.C4cOfK/srp.v:2894$7656[31:0]$8738
    94/106: $1\sv2v_cast_42C2E$func$/tmp/pp112-portability.C4cOfK/srp.v:2891$7655.inp[6:0]$8737
    95/106: $1\sv2v_cast_42C2E$func$/tmp/pp112-portability.C4cOfK/srp.v:2891$7655.$result[6:0]$8736
    96/106: $1\sv2v_cast_32$func$/tmp/pp112-portability.C4cOfK/srp.v:2891$7654.inp[31:0]$8735
    97/106: $1\sv2v_cast_32$func$/tmp/pp112-portability.C4cOfK/srp.v:2891$7654.$result[31:0]$8734
    98/106: $1\reg_plane.sv2v_autoblock_8.s[31:0]
    99/106: $1\reg_plane.sv2v_autoblock_7.s[31:0]
   100/106: $50$lookahead\tpend_r$8725[15:14]$8985
   101/106: $9$lookahead\tpend_r$8725[3:2]$8796
   102/106: $3$lookahead\tpend_r$8725[1:0]$8768
   103/106: $0\arm_deadline_ms_o[31:0]
   104/106: $0\arm_owner_o[7:0]
   105/106: $0\arm_slot_o[6:0]
   106/106: $0\arm_cancel_o[0:0]
Creating decoders for process `$paramod$88c47cdca12b5c3898cef34ad98804b2496da97e\KL_srp_talker_fsm.$proc$/tmp/pp112-portability.C4cOfK/srp.v:2854$8700'.
     1/16: $8\tsel_ix_w[2:0]
     2/16: $8\tsel_v_w[0:0]
     3/16: $7\tsel_ix_w[2:0]
     4/16: $7\tsel_v_w[0:0]
     5/16: $6\tsel_ix_w[2:0]
     6/16: $6\tsel_v_w[0:0]
     7/16: $5\tsel_ix_w[2:0]
     8/16: $5\tsel_v_w[0:0]
     9/16: $4\tsel_ix_w[2:0]
    10/16: $4\tsel_v_w[0:0]
    11/16: $3\tsel_ix_w[2:0]
    12/16: $3\tsel_v_w[0:0]
    13/16: $2\tsel_ix_w[2:0]
    14/16: $2\tsel_v_w[0:0]
    15/16: $1\tsel_ix_w[2:0]
    16/16: $1\tsel_v_w[0:0]
Creating decoders for process `$paramod$88c47cdca12b5c3898cef34ad98804b2496da97e\KL_srp_talker_fsm.$proc$/tmp/pp112-portability.C4cOfK/srp.v:2843$8683'.
Creating decoders for process `$paramod$88c47cdca12b5c3898cef34ad98804b2496da97e\KL_srp_talker_fsm.$proc$/tmp/pp112-portability.C4cOfK/srp.v:2717$8119'.
     1/270: $3$lookahead\lat_r$8117[255:0]$8583
     2/270: $3$bitselwrite$pos$/tmp/pp112-portability.C4cOfK/srp.v:2772$7639[31:0]$8573
     3/270: $3$lookahead\rank_r$8116[7:0]$8582
     4/270: $3$bitselwrite$pos$/tmp/pp112-portability.C4cOfK/srp.v:2771$7638[2:0]$8572
     5/270: $3$lookahead\prio_r$8115[23:0]$8581
     6/270: $3$bitselwrite$pos$/tmp/pp112-portability.C4cOfK/srp.v:2770$7637[31:0]$8571
     7/270: $3$lookahead\mif_r$8114[127:0]$8580
     8/270: $3$bitselwrite$pos$/tmp/pp112-portability.C4cOfK/srp.v:2769$7636[31:0]$8570
     9/270: $3$lookahead\mfs_r$8113[127:0]$8579
    10/270: $3$bitselwrite$pos$/tmp/pp112-portability.C4cOfK/srp.v:2768$7635[31:0]$8569
    11/270: $3$lookahead\vid_r$8112[95:0]$8578
    12/270: $3$bitselwrite$pos$/tmp/pp112-portability.C4cOfK/srp.v:2767$7634[31:0]$8568
    13/270: $3$lookahead\da_r$8111[383:0]$8577
    14/270: $3$bitselwrite$pos$/tmp/pp112-portability.C4cOfK/srp.v:2766$7633[31:0]$8567
    15/270: $3$lookahead\sid_r$8110[511:0]$8576
    16/270: $3$bitselwrite$pos$/tmp/pp112-portability.C4cOfK/srp.v:2765$7632[31:0]$8566
    17/270: $3$lookahead\rec_valid_r$8109[7:0]$8575
    18/270: $3$bitselwrite$pos$/tmp/pp112-portability.C4cOfK/srp.v:2764$7631[2:0]$8565
    19/270: $11$lookahead\fail_r$8118[7:0]$8584
    20/270: $3$bitselwrite$pos$/tmp/pp112-portability.C4cOfK/srp.v:2775$7640[2:0]$8574
    21/270: $10$lookahead\fail_r$8118[7:0]$8564
    22/270: $2$lookahead\lat_r$8117[255:0]$8563
    23/270: $2$lookahead\rank_r$8116[7:0]$8562
    24/270: $2$lookahead\prio_r$8115[23:0]$8561
    25/270: $2$lookahead\mif_r$8114[127:0]$8560
    26/270: $2$lookahead\mfs_r$8113[127:0]$8559
    27/270: $2$lookahead\vid_r$8112[95:0]$8558
    28/270: $2$lookahead\da_r$8111[383:0]$8557
    29/270: $2$lookahead\sid_r$8110[511:0]$8556
    30/270: $2$lookahead\rec_valid_r$8109[7:0]$8555
    31/270: $2$bitselwrite$pos$/tmp/pp112-portability.C4cOfK/srp.v:2775$7640[2:0]$8554
    32/270: $2$bitselwrite$pos$/tmp/pp112-portability.C4cOfK/srp.v:2772$7639[31:0]$8553
    33/270: $2$bitselwrite$pos$/tmp/pp112-portability.C4cOfK/srp.v:2771$7638[2:0]$8552
    34/270: $2$bitselwrite$pos$/tmp/pp112-portability.C4cOfK/srp.v:2770$7637[31:0]$8551
    35/270: $2$bitselwrite$pos$/tmp/pp112-portability.C4cOfK/srp.v:2769$7636[31:0]$8550
    36/270: $2$bitselwrite$pos$/tmp/pp112-portability.C4cOfK/srp.v:2768$7635[31:0]$8549
    37/270: $2$bitselwrite$pos$/tmp/pp112-portability.C4cOfK/srp.v:2767$7634[31:0]$8548
    38/270: $2$bitselwrite$pos$/tmp/pp112-portability.C4cOfK/srp.v:2766$7633[31:0]$8547
    39/270: $2$bitselwrite$pos$/tmp/pp112-portability.C4cOfK/srp.v:2765$7632[31:0]$8546
    40/270: $2$bitselwrite$pos$/tmp/pp112-portability.C4cOfK/srp.v:2764$7631[2:0]$8545
    41/270: $9$lookahead\fail_r$8118[7:7]$8543
    42/270: $13\app_next_f$func$/tmp/pp112-portability.C4cOfK/srp.v:2749$7630.nx[3:0]$8530
    43/270: $12\app_next_f$func$/tmp/pp112-portability.C4cOfK/srp.v:2749$7630.nx[3:0]$8529
    44/270: $11\app_next_f$func$/tmp/pp112-portability.C4cOfK/srp.v:2749$7630.nx[3:0]$8528
    45/270: $10\app_next_f$func$/tmp/pp112-portability.C4cOfK/srp.v:2749$7630.nx[3:0]$8527
    46/270: $9\app_next_f$func$/tmp/pp112-portability.C4cOfK/srp.v:2749$7630.nx[3:0]$8526
    47/270: $8\app_next_f$func$/tmp/pp112-portability.C4cOfK/srp.v:2749$7630.nx[3:0]$8525
    48/270: $7\app_next_f$func$/tmp/pp112-portability.C4cOfK/srp.v:2749$7630.nx[3:0]$8520
    49/270: $6\app_next_f$func$/tmp/pp112-portability.C4cOfK/srp.v:2749$7630.nx[3:0]$8519
    50/270: $5\app_next_f$func$/tmp/pp112-portability.C4cOfK/srp.v:2749$7630.nx[3:0]$8518
    51/270: $4\app_next_f$func$/tmp/pp112-portability.C4cOfK/srp.v:2749$7630.nx[3:0]$8517
    52/270: $3\app_next_f$func$/tmp/pp112-portability.C4cOfK/srp.v:2749$7630.nx[3:0]$8512
    53/270: $2\app_next_f$func$/tmp/pp112-portability.C4cOfK/srp.v:2749$7630.$result[3:0]$8507
    54/270: $2\app_next_f$func$/tmp/pp112-portability.C4cOfK/srp.v:2749$7630.nx[3:0]$8511
    55/270: $2\app_next_f$func$/tmp/pp112-portability.C4cOfK/srp.v:2749$7630.p2p[0:0]$8510
    56/270: $2\app_next_f$func$/tmp/pp112-portability.C4cOfK/srp.v:2749$7630.ev[3:0]$8509
    57/270: $2\app_next_f$func$/tmp/pp112-portability.C4cOfK/srp.v:2749$7630.st[3:0]$8508
    58/270: $8$lookahead\fail_r$8118[6:6]$8505
    59/270: $0\per_pend_r[7:0] [7]
    60/270: $0\per_pend_r[7:0] [6]
    61/270: $0\rla_pend_r[7:0] [6]
    62/270: $12\app_next_f$func$/tmp/pp112-portability.C4cOfK/srp.v:2749$7629.nx[3:0]$8491
    63/270: $11\app_next_f$func$/tmp/pp112-portability.C4cOfK/srp.v:2749$7629.nx[3:0]$8490
    64/270: $10\app_next_f$func$/tmp/pp112-portability.C4cOfK/srp.v:2749$7629.nx[3:0]$8489
    65/270: $9\app_next_f$func$/tmp/pp112-portability.C4cOfK/srp.v:2749$7629.nx[3:0]$8488
    66/270: $8\app_next_f$func$/tmp/pp112-portability.C4cOfK/srp.v:2749$7629.nx[3:0]$8487
    67/270: $7\app_next_f$func$/tmp/pp112-portability.C4cOfK/srp.v:2749$7629.nx[3:0]$8482
    68/270: $6\app_next_f$func$/tmp/pp112-portability.C4cOfK/srp.v:2749$7629.nx[3:0]$8481
    69/270: $5\app_next_f$func$/tmp/pp112-portability.C4cOfK/srp.v:2749$7629.nx[3:0]$8480
    70/270: $4\app_next_f$func$/tmp/pp112-portability.C4cOfK/srp.v:2749$7629.nx[3:0]$8479
    71/270: $3\app_next_f$func$/tmp/pp112-portability.C4cOfK/srp.v:2749$7629.nx[3:0]$8474
    72/270: $0\app_r[31:0] [31:28]
    73/270: $0\app_r[31:0] [27:24]
    74/270: $2\app_next_f$func$/tmp/pp112-portability.C4cOfK/srp.v:2749$7629.nx[3:0]$8473
    75/270: $2\app_next_f$func$/tmp/pp112-portability.C4cOfK/srp.v:2749$7629.p2p[0:0]$8472
    76/270: $2\app_next_f$func$/tmp/pp112-portability.C4cOfK/srp.v:2749$7629.ev[3:0]$8471
    77/270: $2\app_next_f$func$/tmp/pp112-portability.C4cOfK/srp.v:2749$7629.st[3:0]$8470
    78/270: $7$lookahead\fail_r$8118[5:5]$8467
    79/270: $0\rla_pend_r[7:0] [7]
    80/270: $0\per_pend_r[7:0] [5]
    81/270: $0\rla_pend_r[7:0] [5]
    82/270: $12\app_next_f$func$/tmp/pp112-portability.C4cOfK/srp.v:2749$7628.nx[3:0]$8453
    83/270: $11\app_next_f$func$/tmp/pp112-portability.C4cOfK/srp.v:2749$7628.nx[3:0]$8452
    84/270: $10\app_next_f$func$/tmp/pp112-portability.C4cOfK/srp.v:2749$7628.nx[3:0]$8451
    85/270: $9\app_next_f$func$/tmp/pp112-portability.C4cOfK/srp.v:2749$7628.nx[3:0]$8450
    86/270: $8\app_next_f$func$/tmp/pp112-portability.C4cOfK/srp.v:2749$7628.nx[3:0]$8449
    87/270: $7\app_next_f$func$/tmp/pp112-portability.C4cOfK/srp.v:2749$7628.nx[3:0]$8444
    88/270: $6\app_next_f$func$/tmp/pp112-portability.C4cOfK/srp.v:2749$7628.nx[3:0]$8443
    89/270: $5\app_next_f$func$/tmp/pp112-portability.C4cOfK/srp.v:2749$7628.nx[3:0]$8442
    90/270: $4\app_next_f$func$/tmp/pp112-portability.C4cOfK/srp.v:2749$7628.nx[3:0]$8441
    91/270: $3\app_next_f$func$/tmp/pp112-portability.C4cOfK/srp.v:2749$7628.nx[3:0]$8436
    92/270: $2\app_next_f$func$/tmp/pp112-portability.C4cOfK/srp.v:2749$7629.$result[3:0]$8469
    93/270: $0\app_r[31:0] [23:20]
    94/270: $2\app_next_f$func$/tmp/pp112-portability.C4cOfK/srp.v:2749$7628.nx[3:0]$8435
    95/270: $2\app_next_f$func$/tmp/pp112-portability.C4cOfK/srp.v:2749$7628.p2p[0:0]$8434
    96/270: $2\app_next_f$func$/tmp/pp112-portability.C4cOfK/srp.v:2749$7628.ev[3:0]$8433
    97/270: $2\app_next_f$func$/tmp/pp112-portability.C4cOfK/srp.v:2749$7628.st[3:0]$8432
    98/270: $6$lookahead\fail_r$8118[4:4]$8429
    99/270: $13\app_next_f$func$/tmp/pp112-portability.C4cOfK/srp.v:2749$7629.nx[3:0]$8492
   100/270: $0\per_pend_r[7:0] [4]
   101/270: $0\rla_pend_r[7:0] [4]
   102/270: $12\app_next_f$func$/tmp/pp112-portability.C4cOfK/srp.v:2749$7627.nx[3:0]$8415
   103/270: $11\app_next_f$func$/tmp/pp112-portability.C4cOfK/srp.v:2749$7627.nx[3:0]$8414
   104/270: $10\app_next_f$func$/tmp/pp112-portability.C4cOfK/srp.v:2749$7627.nx[3:0]$8413
   105/270: $9\app_next_f$func$/tmp/pp112-portability.C4cOfK/srp.v:2749$7627.nx[3:0]$8412
   106/270: $8\app_next_f$func$/tmp/pp112-portability.C4cOfK/srp.v:2749$7627.nx[3:0]$8411
   107/270: $7\app_next_f$func$/tmp/pp112-portability.C4cOfK/srp.v:2749$7627.nx[3:0]$8406
   108/270: $6\app_next_f$func$/tmp/pp112-portability.C4cOfK/srp.v:2749$7627.nx[3:0]$8405
   109/270: $5\app_next_f$func$/tmp/pp112-portability.C4cOfK/srp.v:2749$7627.nx[3:0]$8404
   110/270: $4\app_next_f$func$/tmp/pp112-portability.C4cOfK/srp.v:2749$7627.nx[3:0]$8403
   111/270: $3\app_next_f$func$/tmp/pp112-portability.C4cOfK/srp.v:2749$7627.nx[3:0]$8398
   112/270: $2\app_next_f$func$/tmp/pp112-portability.C4cOfK/srp.v:2749$7628.$result[3:0]$8431
   113/270: $0\app_r[31:0] [19:16]
   114/270: $2\app_next_f$func$/tmp/pp112-portability.C4cOfK/srp.v:2749$7627.nx[3:0]$8397
   115/270: $2\app_next_f$func$/tmp/pp112-portability.C4cOfK/srp.v:2749$7627.p2p[0:0]$8396
   116/270: $2\app_next_f$func$/tmp/pp112-portability.C4cOfK/srp.v:2749$7627.ev[3:0]$8395
   117/270: $2\app_next_f$func$/tmp/pp112-portability.C4cOfK/srp.v:2749$7627.st[3:0]$8394
   118/270: $5$lookahead\fail_r$8118[3:3]$8391
   119/270: $13\app_next_f$func$/tmp/pp112-portability.C4cOfK/srp.v:2749$7628.nx[3:0]$8454
   120/270: $0\per_pend_r[7:0] [3]
   121/270: $0\rla_pend_r[7:0] [3]
   122/270: $12\app_next_f$func$/tmp/pp112-portability.C4cOfK/srp.v:2749$7626.nx[3:0]$8377
   123/270: $11\app_next_f$func$/tmp/pp112-portability.C4cOfK/srp.v:2749$7626.nx[3:0]$8376
   124/270: $10\app_next_f$func$/tmp/pp112-portability.C4cOfK/srp.v:2749$7626.nx[3:0]$8375
   125/270: $9\app_next_f$func$/tmp/pp112-portability.C4cOfK/srp.v:2749$7626.nx[3:0]$8374
   126/270: $8\app_next_f$func$/tmp/pp112-portability.C4cOfK/srp.v:2749$7626.nx[3:0]$8373
   127/270: $7\app_next_f$func$/tmp/pp112-portability.C4cOfK/srp.v:2749$7626.nx[3:0]$8368
   128/270: $6\app_next_f$func$/tmp/pp112-portability.C4cOfK/srp.v:2749$7626.nx[3:0]$8367
   129/270: $5\app_next_f$func$/tmp/pp112-portability.C4cOfK/srp.v:2749$7626.nx[3:0]$8366
   130/270: $4\app_next_f$func$/tmp/pp112-portability.C4cOfK/srp.v:2749$7626.nx[3:0]$8365
   131/270: $3\app_next_f$func$/tmp/pp112-portability.C4cOfK/srp.v:2749$7626.nx[3:0]$8360
   132/270: $2\app_next_f$func$/tmp/pp112-portability.C4cOfK/srp.v:2749$7627.$result[3:0]$8393
   133/270: $0\app_r[31:0] [15:12]
   134/270: $2\app_next_f$func$/tmp/pp112-portability.C4cOfK/srp.v:2749$7626.nx[3:0]$8359
   135/270: $2\app_next_f$func$/tmp/pp112-portability.C4cOfK/srp.v:2749$7626.p2p[0:0]$8358
   136/270: $2\app_next_f$func$/tmp/pp112-portability.C4cOfK/srp.v:2749$7626.ev[3:0]$8357
   137/270: $2\app_next_f$func$/tmp/pp112-portability.C4cOfK/srp.v:2749$7626.st[3:0]$8356
   138/270: $4$lookahead\fail_r$8118[2:2]$8353
   139/270: $13\app_next_f$func$/tmp/pp112-portability.C4cOfK/srp.v:2749$7627.nx[3:0]$8416
   140/270: $0\per_pend_r[7:0] [2]
   141/270: $0\rla_pend_r[7:0] [2]
   142/270: $12\app_next_f$func$/tmp/pp112-portability.C4cOfK/srp.v:2749$7625.nx[3:0]$8339
   143/270: $11\app_next_f$func$/tmp/pp112-portability.C4cOfK/srp.v:2749$7625.nx[3:0]$8338
   144/270: $10\app_next_f$func$/tmp/pp112-portability.C4cOfK/srp.v:2749$7625.nx[3:0]$8337
   145/270: $9\app_next_f$func$/tmp/pp112-portability.C4cOfK/srp.v:2749$7625.nx[3:0]$8336
   146/270: $8\app_next_f$func$/tmp/pp112-portability.C4cOfK/srp.v:2749$7625.nx[3:0]$8335
   147/270: $7\app_next_f$func$/tmp/pp112-portability.C4cOfK/srp.v:2749$7625.nx[3:0]$8330
   148/270: $6\app_next_f$func$/tmp/pp112-portability.C4cOfK/srp.v:2749$7625.nx[3:0]$8329
   149/270: $5\app_next_f$func$/tmp/pp112-portability.C4cOfK/srp.v:2749$7625.nx[3:0]$8328
   150/270: $4\app_next_f$func$/tmp/pp112-portability.C4cOfK/srp.v:2749$7625.nx[3:0]$8327
   151/270: $3\app_next_f$func$/tmp/pp112-portability.C4cOfK/srp.v:2749$7625.nx[3:0]$8322
   152/270: $2\app_next_f$func$/tmp/pp112-portability.C4cOfK/srp.v:2749$7626.$result[3:0]$8355
   153/270: $0\app_r[31:0] [11:8]
   154/270: $2\app_next_f$func$/tmp/pp112-portability.C4cOfK/srp.v:2749$7625.nx[3:0]$8321
   155/270: $2\app_next_f$func$/tmp/pp112-portability.C4cOfK/srp.v:2749$7625.p2p[0:0]$8320
   156/270: $2\app_next_f$func$/tmp/pp112-portability.C4cOfK/srp.v:2749$7625.ev[3:0]$8319
   157/270: $2\app_next_f$func$/tmp/pp112-portability.C4cOfK/srp.v:2749$7625.st[3:0]$8318
   158/270: $3$lookahead\fail_r$8118[1:1]$8315
   159/270: $13\app_next_f$func$/tmp/pp112-portability.C4cOfK/srp.v:2749$7626.nx[3:0]$8378
   160/270: $0\per_pend_r[7:0] [1]
   161/270: $0\rla_pend_r[7:0] [1]
   162/270: $12\app_next_f$func$/tmp/pp112-portability.C4cOfK/srp.v:2749$7624.nx[3:0]$8301
   163/270: $11\app_next_f$func$/tmp/pp112-portability.C4cOfK/srp.v:2749$7624.nx[3:0]$8300
   164/270: $10\app_next_f$func$/tmp/pp112-portability.C4cOfK/srp.v:2749$7624.nx[3:0]$8299
   165/270: $9\app_next_f$func$/tmp/pp112-portability.C4cOfK/srp.v:2749$7624.nx[3:0]$8298
   166/270: $8\app_next_f$func$/tmp/pp112-portability.C4cOfK/srp.v:2749$7624.nx[3:0]$8297
   167/270: $7\app_next_f$func$/tmp/pp112-portability.C4cOfK/srp.v:2749$7624.nx[3:0]$8292
   168/270: $6\app_next_f$func$/tmp/pp112-portability.C4cOfK/srp.v:2749$7624.nx[3:0]$8291
   169/270: $5\app_next_f$func$/tmp/pp112-portability.C4cOfK/srp.v:2749$7624.nx[3:0]$8290
   170/270: $4\app_next_f$func$/tmp/pp112-portability.C4cOfK/srp.v:2749$7624.nx[3:0]$8289
   171/270: $3\app_next_f$func$/tmp/pp112-portability.C4cOfK/srp.v:2749$7624.nx[3:0]$8284
   172/270: $2\app_next_f$func$/tmp/pp112-portability.C4cOfK/srp.v:2749$7625.$result[3:0]$8317
   173/270: $0\app_r[31:0] [7:4]
   174/270: $2\app_next_f$func$/tmp/pp112-portability.C4cOfK/srp.v:2749$7624.nx[3:0]$8283
   175/270: $2\app_next_f$func$/tmp/pp112-portability.C4cOfK/srp.v:2749$7624.p2p[0:0]$8282
   176/270: $2\app_next_f$func$/tmp/pp112-portability.C4cOfK/srp.v:2749$7624.ev[3:0]$8281
   177/270: $2\app_next_f$func$/tmp/pp112-portability.C4cOfK/srp.v:2749$7624.st[3:0]$8280
   178/270: $2$lookahead\fail_r$8118[0:0]$8277
   179/270: $13\app_next_f$func$/tmp/pp112-portability.C4cOfK/srp.v:2749$7625.nx[3:0]$8340
   180/270: $0\per_pend_r[7:0] [0]
   181/270: $0\rla_pend_r[7:0] [0]
   182/270: $12\app_next_f$func$/tmp/pp112-portability.C4cOfK/srp.v:2749$7623.nx[3:0]$8263
   183/270: $11\app_next_f$func$/tmp/pp112-portability.C4cOfK/srp.v:2749$7623.nx[3:0]$8262
   184/270: $10\app_next_f$func$/tmp/pp112-portability.C4cOfK/srp.v:2749$7623.nx[3:0]$8261
   185/270: $9\app_next_f$func$/tmp/pp112-portability.C4cOfK/srp.v:2749$7623.nx[3:0]$8260
   186/270: $8\app_next_f$func$/tmp/pp112-portability.C4cOfK/srp.v:2749$7623.nx[3:0]$8259
   187/270: $7\app_next_f$func$/tmp/pp112-portability.C4cOfK/srp.v:2749$7623.nx[3:0]$8254
   188/270: $6\app_next_f$func$/tmp/pp112-portability.C4cOfK/srp.v:2749$7623.nx[3:0]$8253
   189/270: $5\app_next_f$func$/tmp/pp112-portability.C4cOfK/srp.v:2749$7623.nx[3:0]$8252
   190/270: $4\app_next_f$func$/tmp/pp112-portability.C4cOfK/srp.v:2749$7623.nx[3:0]$8251
   191/270: $3\app_next_f$func$/tmp/pp112-portability.C4cOfK/srp.v:2749$7623.nx[3:0]$8246
   192/270: $2\app_next_f$func$/tmp/pp112-portability.C4cOfK/srp.v:2749$7624.$result[3:0]$8279
   193/270: $0\app_r[31:0] [3:0]
   194/270: $2\app_next_f$func$/tmp/pp112-portability.C4cOfK/srp.v:2749$7623.nx[3:0]$8245
   195/270: $2\app_next_f$func$/tmp/pp112-portability.C4cOfK/srp.v:2749$7623.p2p[0:0]$8244
   196/270: $2\app_next_f$func$/tmp/pp112-portability.C4cOfK/srp.v:2749$7623.ev[3:0]$8243
   197/270: $2\app_next_f$func$/tmp/pp112-portability.C4cOfK/srp.v:2749$7623.st[3:0]$8242
   198/270: $0\txop_done_o[0:0]
   199/270: $1$lookahead\fail_r$8118[7:0]$8240
   200/270: $1$lookahead\lat_r$8117[255:0]$8239
   201/270: $1$lookahead\rank_r$8116[7:0]$8238
   202/270: $1$lookahead\prio_r$8115[23:0]$8237
   203/270: $1$lookahead\mif_r$8114[127:0]$8236
   204/270: $1$lookahead\mfs_r$8113[127:0]$8235
   205/270: $1$lookahead\vid_r$8112[95:0]$8234
   206/270: $1$lookahead\da_r$8111[383:0]$8233
   207/270: $1$lookahead\sid_r$8110[511:0]$8232
   208/270: $1$lookahead\rec_valid_r$8109[7:0]$8231
   209/270: $1$bitselwrite$pos$/tmp/pp112-portability.C4cOfK/srp.v:2775$7640[2:0]$8230
   210/270: $1$bitselwrite$pos$/tmp/pp112-portability.C4cOfK/srp.v:2772$7639[31:0]$8229
   211/270: $1$bitselwrite$pos$/tmp/pp112-portability.C4cOfK/srp.v:2771$7638[2:0]$8228
   212/270: $1$bitselwrite$pos$/tmp/pp112-portability.C4cOfK/srp.v:2770$7637[31:0]$8227
   213/270: $1$bitselwrite$pos$/tmp/pp112-portability.C4cOfK/srp.v:2769$7636[31:0]$8226
   214/270: $1$bitselwrite$pos$/tmp/pp112-portability.C4cOfK/srp.v:2768$7635[31:0]$8225
   215/270: $1$bitselwrite$pos$/tmp/pp112-portability.C4cOfK/srp.v:2767$7634[31:0]$8224
   216/270: $1$bitselwrite$pos$/tmp/pp112-portability.C4cOfK/srp.v:2766$7633[31:0]$8223
   217/270: $1$bitselwrite$pos$/tmp/pp112-portability.C4cOfK/srp.v:2765$7632[31:0]$8222
   218/270: $1$bitselwrite$pos$/tmp/pp112-portability.C4cOfK/srp.v:2764$7631[2:0]$8221
   219/270: $1\app_next_f$func$/tmp/pp112-portability.C4cOfK/srp.v:2749$7630.nx[3:0]$8220
   220/270: $1\app_next_f$func$/tmp/pp112-portability.C4cOfK/srp.v:2749$7630.p2p[0:0]$8219
   221/270: $1\app_next_f$func$/tmp/pp112-portability.C4cOfK/srp.v:2749$7630.ev[3:0]$8218
   222/270: $1\app_next_f$func$/tmp/pp112-portability.C4cOfK/srp.v:2749$7630.st[3:0]$8217
   223/270: $1\app_next_f$func$/tmp/pp112-portability.C4cOfK/srp.v:2749$7630.$result[3:0]$8216
   224/270: $1\app_next_f$func$/tmp/pp112-portability.C4cOfK/srp.v:2749$7629.nx[3:0]$8215
   225/270: $1\app_next_f$func$/tmp/pp112-portability.C4cOfK/srp.v:2749$7629.p2p[0:0]$8214
   226/270: $1\app_next_f$func$/tmp/pp112-portability.C4cOfK/srp.v:2749$7629.ev[3:0]$8213
   227/270: $1\app_next_f$func$/tmp/pp112-portability.C4cOfK/srp.v:2749$7629.st[3:0]$8212
   228/270: $1\app_next_f$func$/tmp/pp112-portability.C4cOfK/srp.v:2749$7629.$result[3:0]$8211
   229/270: $1\app_next_f$func$/tmp/pp112-portability.C4cOfK/srp.v:2749$7628.nx[3:0]$8210
   230/270: $1\app_next_f$func$/tmp/pp112-portability.C4cOfK/srp.v:2749$7628.p2p[0:0]$8209
   231/270: $1\app_next_f$func$/tmp/pp112-portability.C4cOfK/srp.v:2749$7628.ev[3:0]$8208
   232/270: $1\app_next_f$func$/tmp/pp112-portability.C4cOfK/srp.v:2749$7628.st[3:0]$8207
   233/270: $1\app_next_f$func$/tmp/pp112-portability.C4cOfK/srp.v:2749$7628.$result[3:0]$8206
   234/270: $1\app_next_f$func$/tmp/pp112-portability.C4cOfK/srp.v:2749$7627.nx[3:0]$8205
   235/270: $1\app_next_f$func$/tmp/pp112-portability.C4cOfK/srp.v:2749$7627.p2p[0:0]$8204
   236/270: $1\app_next_f$func$/tmp/pp112-portability.C4cOfK/srp.v:2749$7627.ev[3:0]$8203
   237/270: $1\app_next_f$func$/tmp/pp112-portability.C4cOfK/srp.v:2749$7627.st[3:0]$8202
   238/270: $1\app_next_f$func$/tmp/pp112-portability.C4cOfK/srp.v:2749$7627.$result[3:0]$8201
   239/270: $1\app_next_f$func$/tmp/pp112-portability.C4cOfK/srp.v:2749$7626.nx[3:0]$8200
   240/270: $1\app_next_f$func$/tmp/pp112-portability.C4cOfK/srp.v:2749$7626.p2p[0:0]$8199
   241/270: $1\app_next_f$func$/tmp/pp112-portability.C4cOfK/srp.v:2749$7626.ev[3:0]$8198
   242/270: $1\app_next_f$func$/tmp/pp112-portability.C4cOfK/srp.v:2749$7626.st[3:0]$8197
   243/270: $1\app_next_f$func$/tmp/pp112-portability.C4cOfK/srp.v:2749$7626.$result[3:0]$8196
   244/270: $1\app_next_f$func$/tmp/pp112-portability.C4cOfK/srp.v:2749$7625.nx[3:0]$8195
   245/270: $1\app_next_f$func$/tmp/pp112-portability.C4cOfK/srp.v:2749$7625.p2p[0:0]$8194
   246/270: $1\app_next_f$func$/tmp/pp112-portability.C4cOfK/srp.v:2749$7625.ev[3:0]$8193
   247/270: $1\app_next_f$func$/tmp/pp112-portability.C4cOfK/srp.v:2749$7625.st[3:0]$8192
   248/270: $1\app_next_f$func$/tmp/pp112-portability.C4cOfK/srp.v:2749$7625.$result[3:0]$8191
   249/270: $1\app_next_f$func$/tmp/pp112-portability.C4cOfK/srp.v:2749$7624.nx[3:0]$8190
   250/270: $1\app_next_f$func$/tmp/pp112-portability.C4cOfK/srp.v:2749$7624.p2p[0:0]$8189
   251/270: $1\app_next_f$func$/tmp/pp112-portability.C4cOfK/srp.v:2749$7624.ev[3:0]$8188
   252/270: $1\app_next_f$func$/tmp/pp112-portability.C4cOfK/srp.v:2749$7624.st[3:0]$8187
   253/270: $1\app_next_f$func$/tmp/pp112-portability.C4cOfK/srp.v:2749$7624.$result[3:0]$8186
   254/270: $1\app_next_f$func$/tmp/pp112-portability.C4cOfK/srp.v:2749$7623.nx[3:0]$8185
   255/270: $1\app_next_f$func$/tmp/pp112-portability.C4cOfK/srp.v:2749$7623.p2p[0:0]$8184
   256/270: $1\app_next_f$func$/tmp/pp112-portability.C4cOfK/srp.v:2749$7623.ev[3:0]$8183
   257/270: $1\app_next_f$func$/tmp/pp112-portability.C4cOfK/srp.v:2749$7623.st[3:0]$8182
   258/270: $1\app_next_f$func$/tmp/pp112-portability.C4cOfK/srp.v:2749$7623.$result[3:0]$8181
   259/270: $1\app_plane.sv2v_autoblock_4.s[31:0]
   260/270: $0\push_type_r[7:0]
   261/270: $0\push_val_r[271:0]
   262/270: $0\push_code_r[2:0]
   263/270: $0\laown_pend_r[0:0]
   264/270: $0\tick_pend_r[0:0]
   265/270: $0\wtxla_r[0:0]
   266/270: $0\wsrc_r[2:0]
   267/270: $0\walk_r[1:0]
   268/270: $13\app_next_f$func$/tmp/pp112-portability.C4cOfK/srp.v:2749$7624.nx[3:0]$8302
   269/270: $13\app_next_f$func$/tmp/pp112-portability.C4cOfK/srp.v:2749$7623.nx[3:0]$8264
   270/270: $2\app_next_f$func$/tmp/pp112-portability.C4cOfK/srp.v:2749$7623.$result[3:0]$8241
Creating decoders for process `$paramod$88c47cdca12b5c3898cef34ad98804b2496da97e\KL_srp_talker_fsm.$proc$/tmp/pp112-portability.C4cOfK/srp.v:2696$8072'.
     1/5: $3\app_msg_f$func$/tmp/pp112-portability.C4cOfK/srp.v:2711$7622.m[3:0]$8108
     2/5: $2\app_msg_f$func$/tmp/pp112-portability.C4cOfK/srp.v:2711$7622.m[3:0]$8107
     3/5: $1\app_msg_f$func$/tmp/pp112-portability.C4cOfK/srp.v:2711$7622.m[3:0]$8106
     4/5: $1\wval_w[71:0] [71:8]
     5/5: $1\wval_w[71:0] [7:0]
Creating decoders for process `$paramod$88c47cdca12b5c3898cef34ad98804b2496da97e\KL_srp_talker_fsm.$proc$/tmp/pp112-portability.C4cOfK/srp.v:2649$7879'.
     1/240: $48\walk_grant_w[0:0]
     2/240: $48\app_ev_w[31:28]
     3/240: $48\app_ev_v_w[7:7]
     4/240: $40\per_grant_w[7:7]
     5/240: $47\app_ev_w[31:28]
     6/240: $47\app_ev_v_w[7:7]
     7/240: $47\walk_grant_w[0:0]
     8/240: $32\adm_grant_w[7:7]
     9/240: $46\app_ev_w[31:28]
    10/240: $46\app_ev_v_w[7:7]
    11/240: $46\walk_grant_w[0:0]
    12/240: $39\per_grant_w[7:7]
    13/240: $24\rla_grant_w[7:7]
    14/240: $45\app_ev_w[31:28]
    15/240: $45\app_ev_v_w[7:7]
    16/240: $31\adm_grant_w[7:7]
    17/240: $45\walk_grant_w[0:0]
    18/240: $38\per_grant_w[7:7]
    19/240: $44\app_ev_w[31:28]
    20/240: $44\app_ev_v_w[7:7]
    21/240: $30\adm_grant_w[7:7]
    22/240: $44\walk_grant_w[0:0]
    23/240: $37\per_grant_w[7:7]
    24/240: $23\rla_grant_w[7:7]
    25/240: $43\app_ev_w[31:28]
    26/240: $43\app_ev_v_w[7:7]
    27/240: $29\adm_grant_w[7:7]
    28/240: $43\walk_grant_w[0:0]
    29/240: $36\per_grant_w[7:7]
    30/240: $22\rla_grant_w[7:7]
    31/240: $42\walk_grant_w[0:0]
    32/240: $42\app_ev_w[27:24]
    33/240: $42\app_ev_v_w[6:6]
    34/240: $35\per_grant_w[6:6]
    35/240: $41\app_ev_w[27:24]
    36/240: $41\app_ev_v_w[6:6]
    37/240: $41\walk_grant_w[0:0]
    38/240: $28\adm_grant_w[6:6]
    39/240: $40\app_ev_w[27:24]
    40/240: $40\app_ev_v_w[6:6]
    41/240: $40\walk_grant_w[0:0]
    42/240: $34\per_grant_w[6:6]
    43/240: $21\rla_grant_w[6:6]
    44/240: $39\app_ev_w[27:24]
    45/240: $39\app_ev_v_w[6:6]
    46/240: $27\adm_grant_w[6:6]
    47/240: $39\walk_grant_w[0:0]
    48/240: $33\per_grant_w[6:6]
    49/240: $38\app_ev_w[27:24]
    50/240: $38\app_ev_v_w[6:6]
    51/240: $26\adm_grant_w[6:6]
    52/240: $38\walk_grant_w[0:0]
    53/240: $32\per_grant_w[6:6]
    54/240: $20\rla_grant_w[6:6]
    55/240: $37\app_ev_w[27:24]
    56/240: $37\app_ev_v_w[6:6]
    57/240: $25\adm_grant_w[6:6]
    58/240: $37\walk_grant_w[0:0]
    59/240: $31\per_grant_w[6:6]
    60/240: $19\rla_grant_w[6:6]
    61/240: $36\walk_grant_w[0:0]
    62/240: $36\app_ev_w[23:20]
    63/240: $36\app_ev_v_w[5:5]
    64/240: $30\per_grant_w[5:5]
    65/240: $35\app_ev_w[23:20]
    66/240: $35\app_ev_v_w[5:5]
    67/240: $35\walk_grant_w[0:0]
    68/240: $24\adm_grant_w[5:5]
    69/240: $34\app_ev_w[23:20]
    70/240: $34\app_ev_v_w[5:5]
    71/240: $34\walk_grant_w[0:0]
    72/240: $29\per_grant_w[5:5]
    73/240: $18\rla_grant_w[5:5]
    74/240: $33\app_ev_w[23:20]
    75/240: $33\app_ev_v_w[5:5]
    76/240: $23\adm_grant_w[5:5]
    77/240: $33\walk_grant_w[0:0]
    78/240: $28\per_grant_w[5:5]
    79/240: $32\app_ev_w[23:20]
    80/240: $32\app_ev_v_w[5:5]
    81/240: $22\adm_grant_w[5:5]
    82/240: $32\walk_grant_w[0:0]
    83/240: $27\per_grant_w[5:5]
    84/240: $17\rla_grant_w[5:5]
    85/240: $31\app_ev_w[23:20]
    86/240: $31\app_ev_v_w[5:5]
    87/240: $21\adm_grant_w[5:5]
    88/240: $31\walk_grant_w[0:0]
    89/240: $26\per_grant_w[5:5]
    90/240: $16\rla_grant_w[5:5]
    91/240: $30\walk_grant_w[0:0]
    92/240: $30\app_ev_w[19:16]
    93/240: $30\app_ev_v_w[4:4]
    94/240: $25\per_grant_w[4:4]
    95/240: $29\app_ev_w[19:16]
    96/240: $29\app_ev_v_w[4:4]
    97/240: $29\walk_grant_w[0:0]
    98/240: $20\adm_grant_w[4:4]
    99/240: $28\app_ev_w[19:16]
   100/240: $28\app_ev_v_w[4:4]
   101/240: $28\walk_grant_w[0:0]
   102/240: $24\per_grant_w[4:4]
   103/240: $15\rla_grant_w[4:4]
   104/240: $27\app_ev_w[19:16]
   105/240: $27\app_ev_v_w[4:4]
   106/240: $19\adm_grant_w[4:4]
   107/240: $27\walk_grant_w[0:0]
   108/240: $23\per_grant_w[4:4]
   109/240: $26\app_ev_w[19:16]
   110/240: $26\app_ev_v_w[4:4]
   111/240: $18\adm_grant_w[4:4]
   112/240: $26\walk_grant_w[0:0]
   113/240: $22\per_grant_w[4:4]
   114/240: $14\rla_grant_w[4:4]
   115/240: $25\app_ev_w[19:16]
   116/240: $25\app_ev_v_w[4:4]
   117/240: $17\adm_grant_w[4:4]
   118/240: $25\walk_grant_w[0:0]
   119/240: $21\per_grant_w[4:4]
   120/240: $13\rla_grant_w[4:4]
   121/240: $24\walk_grant_w[0:0]
   122/240: $24\app_ev_w[15:12]
   123/240: $24\app_ev_v_w[3:3]
   124/240: $20\per_grant_w[3:3]
   125/240: $23\app_ev_w[15:12]
   126/240: $23\app_ev_v_w[3:3]
   127/240: $23\walk_grant_w[0:0]
   128/240: $16\adm_grant_w[3:3]
   129/240: $22\app_ev_w[15:12]
   130/240: $22\app_ev_v_w[3:3]
   131/240: $22\walk_grant_w[0:0]
   132/240: $19\per_grant_w[3:3]
   133/240: $12\rla_grant_w[3:3]
   134/240: $21\app_ev_w[15:12]
   135/240: $21\app_ev_v_w[3:3]
   136/240: $15\adm_grant_w[3:3]
   137/240: $21\walk_grant_w[0:0]
   138/240: $18\per_grant_w[3:3]
   139/240: $20\app_ev_w[15:12]
   140/240: $20\app_ev_v_w[3:3]
   141/240: $14\adm_grant_w[3:3]
   142/240: $20\walk_grant_w[0:0]
   143/240: $17\per_grant_w[3:3]
   144/240: $11\rla_grant_w[3:3]
   145/240: $19\app_ev_w[15:12]
   146/240: $19\app_ev_v_w[3:3]
   147/240: $13\adm_grant_w[3:3]
   148/240: $19\walk_grant_w[0:0]
   149/240: $16\per_grant_w[3:3]
   150/240: $10\rla_grant_w[3:3]
   151/240: $18\walk_grant_w[0:0]
   152/240: $18\app_ev_w[11:8]
   153/240: $18\app_ev_v_w[2:2]
   154/240: $15\per_grant_w[2:2]
   155/240: $17\app_ev_w[11:8]
   156/240: $17\app_ev_v_w[2:2]
   157/240: $17\walk_grant_w[0:0]
   158/240: $12\adm_grant_w[2:2]
   159/240: $16\app_ev_w[11:8]
   160/240: $16\app_ev_v_w[2:2]
   161/240: $16\walk_grant_w[0:0]
   162/240: $14\per_grant_w[2:2]
   163/240: $9\rla_grant_w[2:2]
   164/240: $15\app_ev_w[11:8]
   165/240: $15\app_ev_v_w[2:2]
   166/240: $11\adm_grant_w[2:2]
   167/240: $15\walk_grant_w[0:0]
   168/240: $13\per_grant_w[2:2]
   169/240: $14\app_ev_w[11:8]
   170/240: $14\app_ev_v_w[2:2]
   171/240: $10\adm_grant_w[2:2]
   172/240: $14\walk_grant_w[0:0]
   173/240: $12\per_grant_w[2:2]
   174/240: $8\rla_grant_w[2:2]
   175/240: $13\app_ev_w[11:8]
   176/240: $13\app_ev_v_w[2:2]
   177/240: $9\adm_grant_w[2:2]
   178/240: $13\walk_grant_w[0:0]
   179/240: $11\per_grant_w[2:2]
   180/240: $7\rla_grant_w[2:2]
   181/240: $12\walk_grant_w[0:0]
   182/240: $12\app_ev_w[7:4]
   183/240: $12\app_ev_v_w[1:1]
   184/240: $10\per_grant_w[1:1]
   185/240: $11\app_ev_w[7:4]
   186/240: $11\app_ev_v_w[1:1]
   187/240: $11\walk_grant_w[0:0]
   188/240: $8\adm_grant_w[1:1]
   189/240: $10\app_ev_w[7:4]
   190/240: $10\app_ev_v_w[1:1]
   191/240: $10\walk_grant_w[0:0]
   192/240: $9\per_grant_w[1:1]
   193/240: $6\rla_grant_w[1:1]
   194/240: $9\app_ev_w[7:4]
   195/240: $9\app_ev_v_w[1:1]
   196/240: $7\adm_grant_w[1:1]
   197/240: $9\walk_grant_w[0:0]
   198/240: $8\per_grant_w[1:1]
   199/240: $8\app_ev_w[7:4]
   200/240: $8\app_ev_v_w[1:1]
   201/240: $6\adm_grant_w[1:1]
   202/240: $8\walk_grant_w[0:0]
   203/240: $7\per_grant_w[1:1]
   204/240: $5\rla_grant_w[1:1]
   205/240: $7\app_ev_w[7:4]
   206/240: $7\app_ev_v_w[1:1]
   207/240: $5\adm_grant_w[1:1]
   208/240: $7\walk_grant_w[0:0]
   209/240: $6\per_grant_w[1:1]
   210/240: $4\rla_grant_w[1:1]
   211/240: $6\walk_grant_w[0:0]
   212/240: $6\app_ev_w[3:0]
   213/240: $6\app_ev_v_w[0:0]
   214/240: $5\per_grant_w[0:0]
   215/240: $5\app_ev_w[3:0]
   216/240: $5\app_ev_v_w[0:0]
   217/240: $5\walk_grant_w[0:0]
   218/240: $4\adm_grant_w[0:0]
   219/240: $4\app_ev_w[3:0]
   220/240: $4\app_ev_v_w[0:0]
   221/240: $4\walk_grant_w[0:0]
   222/240: $4\per_grant_w[0:0]
   223/240: $3\rla_grant_w[0:0]
   224/240: $3\app_ev_w[3:0]
   225/240: $3\app_ev_v_w[0:0]
   226/240: $3\adm_grant_w[0:0]
   227/240: $3\walk_grant_w[0:0]
   228/240: $3\per_grant_w[0:0]
   229/240: $2\app_ev_w[3:0]
   230/240: $2\app_ev_v_w[0:0]
   231/240: $2\adm_grant_w[0:0]
   232/240: $2\walk_grant_w[0:0]
   233/240: $2\per_grant_w[0:0]
   234/240: $2\rla_grant_w[0:0]
   235/240: $1\app_ev_w[3:0]
   236/240: $1\app_ev_v_w[0:0]
   237/240: $1\adm_grant_w[0:0]
   238/240: $1\walk_grant_w[0:0]
   239/240: $1\per_grant_w[0:0]
   240/240: $1\rla_grant_w[0:0]
Creating decoders for process `$paramod$88c47cdca12b5c3898cef34ad98804b2496da97e\KL_srp_talker_fsm.$proc$/tmp/pp112-portability.C4cOfK/srp.v:2626$7868'.
Creating decoders for process `$paramod$88c47cdca12b5c3898cef34ad98804b2496da97e\KL_srp_talker_fsm.$proc$/tmp/pp112-portability.C4cOfK/srp.v:2610$7706'.
Creating decoders for process `$paramod$332570c9ba38493029a13e59b85c21b68cddc498\KL_srp_listener_fsm.$proc$/tmp/pp112-portability.C4cOfK/srp.v:2297$7597'.
Creating decoders for process `$paramod$332570c9ba38493029a13e59b85c21b68cddc498\KL_srp_listener_fsm.$proc$/tmp/pp112-portability.C4cOfK/srp.v:1920$7593'.
Creating decoders for process `$paramod$332570c9ba38493029a13e59b85c21b68cddc498\KL_srp_listener_fsm.$proc$/tmp/pp112-portability.C4cOfK/srp.v:2280$7432'.
Creating decoders for process `$paramod$332570c9ba38493029a13e59b85c21b68cddc498\KL_srp_listener_fsm.$proc$/tmp/pp112-portability.C4cOfK/srp.v:2248$7282'.
     1/52: $7$lookahead\vj_pend_r$7278[7:0]$7403
     2/52: $4$bitselwrite$pos$/tmp/pp112-portability.C4cOfK/srp.v:2272$5953[2:0]$7400
     3/52: $4$lookahead\vl_vid_r$7281[95:0]$7405
     4/52: $7$lookahead\vl_pend_r$7279[7:0]$7404
     5/52: $4$bitselwrite$pos$/tmp/pp112-portability.C4cOfK/srp.v:2275$5955[31:0]$7402
     6/52: $4$bitselwrite$pos$/tmp/pp112-portability.C4cOfK/srp.v:2274$5954[2:0]$7401
     7/52: $6$lookahead\vl_pend_r$7279[7:0]$7368
     8/52: $4$bitselwrite$pos$/tmp/pp112-portability.C4cOfK/srp.v:2265$5950[2:0]$7364
     9/52: $4$lookahead\vj_vid_r$7280[95:0]$7369
    10/52: $6$lookahead\vj_pend_r$7278[7:0]$7367
    11/52: $4$bitselwrite$pos$/tmp/pp112-portability.C4cOfK/srp.v:2268$5952[31:0]$7366
    12/52: $4$bitselwrite$pos$/tmp/pp112-portability.C4cOfK/srp.v:2267$5951[2:0]$7365
    13/52: $3$lookahead\vj_vid_r$7280[95:0]$7349
    14/52: $5$lookahead\vl_pend_r$7279[7:0]$7348
    15/52: $5$lookahead\vj_pend_r$7278[7:0]$7347
    16/52: $3$bitselwrite$pos$/tmp/pp112-portability.C4cOfK/srp.v:2268$5952[31:0]$7343
    17/52: $3$bitselwrite$pos$/tmp/pp112-portability.C4cOfK/srp.v:2267$5951[2:0]$7342
    18/52: $3$bitselwrite$pos$/tmp/pp112-portability.C4cOfK/srp.v:2265$5950[2:0]$7341
    19/52: $3$lookahead\vl_vid_r$7281[95:0]$7350
    20/52: $3$bitselwrite$pos$/tmp/pp112-portability.C4cOfK/srp.v:2275$5955[31:0]$7346
    21/52: $3$bitselwrite$pos$/tmp/pp112-portability.C4cOfK/srp.v:2274$5954[2:0]$7345
    22/52: $3$bitselwrite$pos$/tmp/pp112-portability.C4cOfK/srp.v:2272$5953[2:0]$7344
    23/52: $2$lookahead\vl_vid_r$7281[95:0]$7340
    24/52: $2$lookahead\vj_vid_r$7280[95:0]$7339
    25/52: $4$lookahead\vl_pend_r$7279[7:0]$7338
    26/52: $4$lookahead\vj_pend_r$7278[7:0]$7337
    27/52: $2$bitselwrite$pos$/tmp/pp112-portability.C4cOfK/srp.v:2275$5955[31:0]$7336
    28/52: $2$bitselwrite$pos$/tmp/pp112-portability.C4cOfK/srp.v:2274$5954[2:0]$7335
    29/52: $2$bitselwrite$pos$/tmp/pp112-portability.C4cOfK/srp.v:2272$5953[2:0]$7334
    30/52: $2$bitselwrite$pos$/tmp/pp112-portability.C4cOfK/srp.v:2268$5952[31:0]$7333
    31/52: $2$bitselwrite$pos$/tmp/pp112-portability.C4cOfK/srp.v:2267$5951[2:0]$7332
    32/52: $2$bitselwrite$pos$/tmp/pp112-portability.C4cOfK/srp.v:2265$5950[2:0]$7331
    33/52: $3$lookahead\vj_pend_r$7278[7:0]$7315
    34/52: $3$bitselwrite$pos$/tmp/pp112-portability.C4cOfK/srp.v:2258$5948[2:0]$7313
    35/52: $3$lookahead\vl_pend_r$7279[7:0]$7316
    36/52: $3$bitselwrite$pos$/tmp/pp112-portability.C4cOfK/srp.v:2260$5949[2:0]$7314
    37/52: $2$lookahead\vl_pend_r$7279[7:0]$7312
    38/52: $2$lookahead\vj_pend_r$7278[7:0]$7311
    39/52: $2$bitselwrite$pos$/tmp/pp112-portability.C4cOfK/srp.v:2260$5949[2:0]$7310
    40/52: $2$bitselwrite$pos$/tmp/pp112-portability.C4cOfK/srp.v:2258$5948[2:0]$7309
    41/52: $1$lookahead\vl_vid_r$7281[95:0]$7307
    42/52: $1$lookahead\vj_vid_r$7280[95:0]$7306
    43/52: $1$lookahead\vl_pend_r$7279[7:0]$7305
    44/52: $1$lookahead\vj_pend_r$7278[7:0]$7304
    45/52: $1$bitselwrite$pos$/tmp/pp112-portability.C4cOfK/srp.v:2275$5955[31:0]$7303
    46/52: $1$bitselwrite$pos$/tmp/pp112-portability.C4cOfK/srp.v:2274$5954[2:0]$7302
    47/52: $1$bitselwrite$pos$/tmp/pp112-portability.C4cOfK/srp.v:2272$5953[2:0]$7301
    48/52: $1$bitselwrite$pos$/tmp/pp112-portability.C4cOfK/srp.v:2268$5952[31:0]$7300
    49/52: $1$bitselwrite$pos$/tmp/pp112-portability.C4cOfK/srp.v:2267$5951[2:0]$7299
    50/52: $1$bitselwrite$pos$/tmp/pp112-portability.C4cOfK/srp.v:2265$5950[2:0]$7298
    51/52: $1$bitselwrite$pos$/tmp/pp112-portability.C4cOfK/srp.v:2260$5949[2:0]$7297
    52/52: $1$bitselwrite$pos$/tmp/pp112-portability.C4cOfK/srp.v:2258$5948[2:0]$7296
Creating decoders for process `$paramod$332570c9ba38493029a13e59b85c21b68cddc498\KL_srp_listener_fsm.$proc$/tmp/pp112-portability.C4cOfK/srp.v:2220$7269'.
     1/96: $24\user_vid_o[11:0]
     2/96: $24\vsel_ix_w[2:0]
     3/96: $24\vsel_join_w[0:0]
     4/96: $24\vsel_v_w[0:0]
     5/96: $23\user_vid_o[11:0]
     6/96: $23\vsel_ix_w[2:0]
     7/96: $23\vsel_join_w[0:0]
     8/96: $23\vsel_v_w[0:0]
     9/96: $22\vsel_ix_w[2:0]
    10/96: $22\vsel_join_w[0:0]
    11/96: $22\vsel_v_w[0:0]
    12/96: $22\user_vid_o[11:0]
    13/96: $21\user_vid_o[11:0]
    14/96: $21\vsel_ix_w[2:0]
    15/96: $21\vsel_join_w[0:0]
    16/96: $21\vsel_v_w[0:0]
    17/96: $20\user_vid_o[11:0]
    18/96: $20\vsel_ix_w[2:0]
    19/96: $20\vsel_join_w[0:0]
    20/96: $20\vsel_v_w[0:0]
    21/96: $19\vsel_ix_w[2:0]
    22/96: $19\vsel_join_w[0:0]
    23/96: $19\vsel_v_w[0:0]
    24/96: $19\user_vid_o[11:0]
    25/96: $18\user_vid_o[11:0]
    26/96: $18\vsel_ix_w[2:0]
    27/96: $18\vsel_join_w[0:0]
    28/96: $18\vsel_v_w[0:0]
    29/96: $17\user_vid_o[11:0]
    30/96: $17\vsel_ix_w[2:0]
    31/96: $17\vsel_join_w[0:0]
    32/96: $17\vsel_v_w[0:0]
    33/96: $16\vsel_ix_w[2:0]
    34/96: $16\vsel_join_w[0:0]
    35/96: $16\vsel_v_w[0:0]
    36/96: $16\user_vid_o[11:0]
    37/96: $15\user_vid_o[11:0]
    38/96: $15\vsel_ix_w[2:0]
    39/96: $15\vsel_join_w[0:0]
    40/96: $15\vsel_v_w[0:0]
    41/96: $14\user_vid_o[11:0]
    42/96: $14\vsel_ix_w[2:0]
    43/96: $14\vsel_join_w[0:0]
    44/96: $14\vsel_v_w[0:0]
    45/96: $13\vsel_ix_w[2:0]
    46/96: $13\vsel_join_w[0:0]
    47/96: $13\vsel_v_w[0:0]
    48/96: $13\user_vid_o[11:0]
    49/96: $12\user_vid_o[11:0]
    50/96: $12\vsel_ix_w[2:0]
    51/96: $12\vsel_join_w[0:0]
    52/96: $12\vsel_v_w[0:0]
    53/96: $11\user_vid_o[11:0]
    54/96: $11\vsel_ix_w[2:0]
    55/96: $11\vsel_join_w[0:0]
    56/96: $11\vsel_v_w[0:0]
    57/96: $10\vsel_ix_w[2:0]
    58/96: $10\vsel_join_w[0:0]
    59/96: $10\vsel_v_w[0:0]
    60/96: $10\user_vid_o[11:0]
    61/96: $9\user_vid_o[11:0]
    62/96: $9\vsel_ix_w[2:0]
    63/96: $9\vsel_join_w[0:0]
    64/96: $9\vsel_v_w[0:0]
    65/96: $8\user_vid_o[11:0]
    66/96: $8\vsel_ix_w[2:0]
    67/96: $8\vsel_join_w[0:0]
    68/96: $8\vsel_v_w[0:0]
    69/96: $7\vsel_ix_w[2:0]
    70/96: $7\vsel_join_w[0:0]
    71/96: $7\vsel_v_w[0:0]
    72/96: $7\user_vid_o[11:0]
    73/96: $6\user_vid_o[11:0]
    74/96: $6\vsel_ix_w[2:0]
    75/96: $6\vsel_join_w[0:0]
    76/96: $6\vsel_v_w[0:0]
    77/96: $5\user_vid_o[11:0]
    78/96: $5\vsel_ix_w[2:0]
    79/96: $5\vsel_join_w[0:0]
    80/96: $5\vsel_v_w[0:0]
    81/96: $4\vsel_ix_w[2:0]
    82/96: $4\vsel_join_w[0:0]
    83/96: $4\vsel_v_w[0:0]
    84/96: $4\user_vid_o[11:0]
    85/96: $3\user_vid_o[11:0]
    86/96: $3\vsel_ix_w[2:0]
    87/96: $3\vsel_join_w[0:0]
    88/96: $3\vsel_v_w[0:0]
    89/96: $2\user_vid_o[11:0]
    90/96: $2\vsel_ix_w[2:0]
    91/96: $2\vsel_join_w[0:0]
    92/96: $2\vsel_v_w[0:0]
    93/96: $1\vsel_ix_w[2:0]
    94/96: $1\vsel_join_w[0:0]
    95/96: $1\vsel_v_w[0:0]
    96/96: $1\user_vid_o[11:0]
Creating decoders for process `$paramod$332570c9ba38493029a13e59b85c21b68cddc498\KL_srp_listener_fsm.$proc$/tmp/pp112-portability.C4cOfK/srp.v:2145$7057'.
     1/129: $50$lookahead\tpend_r$7056[15:14]$7268
     2/129: $49$lookahead\tpend_r$7056[15:14]$7266
     3/129: $48$lookahead\tpend_r$7056[15:14]$7257
     4/129: $47$lookahead\tpend_r$7056[15:14]$7253
     5/129: $46$lookahead\tpend_r$7056[15:14]$7250
     6/129: $45$lookahead\tpend_r$7056[15:14]$7248
     7/129: $44$lookahead\tpend_r$7056[13:12]$7246
     8/129: $43$lookahead\tpend_r$7056[13:12]$7244
     9/129: $42$lookahead\tpend_r$7056[13:12]$7235
    10/129: $0\evt_tk_unregistered_o[7:0] [7]
    11/129: $0\evt_tk_unregistered_o[7:0] [6]
    12/129: $0\evt_tk_registered_o[7:0] [7]
    13/129: $0\evt_tk_registered_o[7:0] [6]
    14/129: $0\fsysid_r[511:0] [447:384]
    15/129: $0\fcode_r[63:0] [55:48]
    16/129: $0\lat_r[255:0] [255:224]
    17/129: $0\lat_r[255:0] [223:192]
    18/129: $0\rtype_r[7:0] [6]
    19/129: $0\reg_r[15:0] [13:12]
    20/129: $38$lookahead\tpend_r$7056[11:10]$7224
    21/129: $37$lookahead\tpend_r$7056[11:10]$7222
    22/129: $36$lookahead\tpend_r$7056[11:10]$7213
    23/129: $41$lookahead\tpend_r$7056[13:12]$7231
    24/129: $0\evt_tk_unregistered_o[7:0] [5]
    25/129: $0\fsysid_r[511:0] [511:448]
    26/129: $0\evt_tk_registered_o[7:0] [5]
    27/129: $0\fsysid_r[511:0] [383:320]
    28/129: $0\fcode_r[63:0] [47:40]
    29/129: $0\rtype_r[7:0] [7]
    30/129: $0\lat_r[255:0] [191:160]
    31/129: $0\rtype_r[7:0] [5]
    32/129: $0\reg_r[15:0] [11:10]
    33/129: $32$lookahead\tpend_r$7056[9:8]$7202
    34/129: $31$lookahead\tpend_r$7056[9:8]$7200
    35/129: $30$lookahead\tpend_r$7056[9:8]$7191
    36/129: $35$lookahead\tpend_r$7056[11:10]$7209
    37/129: $0\evt_tk_unregistered_o[7:0] [4]
    38/129: $0\fcode_r[63:0] [63:56]
    39/129: $0\evt_tk_registered_o[7:0] [4]
    40/129: $0\fsysid_r[511:0] [319:256]
    41/129: $0\fcode_r[63:0] [39:32]
    42/129: $0\reg_r[15:0] [15:14]
    43/129: $0\lat_r[255:0] [159:128]
    44/129: $0\rtype_r[7:0] [4]
    45/129: $0\reg_r[15:0] [9:8]
    46/129: $26$lookahead\tpend_r$7056[7:6]$7180
    47/129: $25$lookahead\tpend_r$7056[7:6]$7178
    48/129: $24$lookahead\tpend_r$7056[7:6]$7169
    49/129: $29$lookahead\tpend_r$7056[9:8]$7187
    50/129: $0\evt_tk_unregistered_o[7:0] [3]
    51/129: $40$lookahead\tpend_r$7056[13:12]$7228
    52/129: $0\evt_tk_registered_o[7:0] [3]
    53/129: $0\fsysid_r[511:0] [255:192]
    54/129: $0\fcode_r[63:0] [31:24]
    55/129: $39$lookahead\tpend_r$7056[13:12]$7226
    56/129: $0\lat_r[255:0] [127:96]
    57/129: $0\rtype_r[7:0] [3]
    58/129: $0\reg_r[15:0] [7:6]
    59/129: $20$lookahead\tpend_r$7056[5:4]$7158
    60/129: $19$lookahead\tpend_r$7056[5:4]$7156
    61/129: $18$lookahead\tpend_r$7056[5:4]$7147
    62/129: $23$lookahead\tpend_r$7056[7:6]$7165
    63/129: $0\evt_tk_unregistered_o[7:0] [2]
    64/129: $34$lookahead\tpend_r$7056[11:10]$7206
    65/129: $0\evt_tk_registered_o[7:0] [2]
    66/129: $0\fsysid_r[511:0] [191:128]
    67/129: $0\fcode_r[63:0] [23:16]
    68/129: $33$lookahead\tpend_r$7056[11:10]$7204
    69/129: $0\lat_r[255:0] [95:64]
    70/129: $0\rtype_r[7:0] [2]
    71/129: $0\reg_r[15:0] [5:4]
    72/129: $14$lookahead\tpend_r$7056[3:2]$7136
    73/129: $13$lookahead\tpend_r$7056[3:2]$7134
    74/129: $12$lookahead\tpend_r$7056[3:2]$7125
    75/129: $17$lookahead\tpend_r$7056[5:4]$7143
    76/129: $0\evt_tk_unregistered_o[7:0] [1]
    77/129: $28$lookahead\tpend_r$7056[9:8]$7184
    78/129: $0\evt_tk_registered_o[7:0] [1]
    79/129: $0\fsysid_r[511:0] [127:64]
    80/129: $0\fcode_r[63:0] [15:8]
    81/129: $27$lookahead\tpend_r$7056[9:8]$7182
    82/129: $0\lat_r[255:0] [63:32]
    83/129: $0\rtype_r[7:0] [1]
    84/129: $0\reg_r[15:0] [3:2]
    85/129: $8$lookahead\tpend_r$7056[1:0]$7114
    86/129: $7$lookahead\tpend_r$7056[1:0]$7112
    87/129: $6$lookahead\tpend_r$7056[1:0]$7103
    88/129: $11$lookahead\tpend_r$7056[3:2]$7121
    89/129: $0\evt_tk_unregistered_o[7:0] [0]
    90/129: $22$lookahead\tpend_r$7056[7:6]$7162
    91/129: $0\evt_tk_registered_o[7:0] [0]
    92/129: $0\fsysid_r[511:0] [63:0]
    93/129: $0\fcode_r[63:0] [7:0]
    94/129: $21$lookahead\tpend_r$7056[7:6]$7160
    95/129: $0\lat_r[255:0] [31:0]
    96/129: $0\rtype_r[7:0] [0]
    97/129: $0\reg_r[15:0] [1:0]
    98/129: $2$lookahead\tpend_r$7056[15:0]$7076
    99/129: $2$bitselwrite$pos$/tmp/pp112-portability.C4cOfK/srp.v:2171$5923[31:0]$7075
   100/129: $2\sv2v_cast_42C2E$func$/tmp/pp112-portability.C4cOfK/srp.v:2168$5922.$result[6:0]$7073
   101/129: $2\sv2v_cast_42C2E$func$/tmp/pp112-portability.C4cOfK/srp.v:2168$5922.inp[6:0]$7074
   102/129: $2\sv2v_cast_32$func$/tmp/pp112-portability.C4cOfK/srp.v:2168$5921.$result[31:0]$7071
   103/129: $2\sv2v_cast_32$func$/tmp/pp112-portability.C4cOfK/srp.v:2168$5921.inp[31:0]$7072
   104/129: $1$lookahead\tpend_r$7056[15:0]$7070 [15:14]
   105/129: $1$lookahead\tpend_r$7056[15:0]$7070 [13:12]
   106/129: $1$lookahead\tpend_r$7056[15:0]$7070 [11:10]
   107/129: $1$lookahead\tpend_r$7056[15:0]$7070 [9:8]
   108/129: $1$lookahead\tpend_r$7056[15:0]$7070 [7:6]
   109/129: $1$lookahead\tpend_r$7056[15:0]$7070 [5:4]
   110/129: $1$lookahead\tpend_r$7056[15:0]$7070 [3:2]
   111/129: $1$lookahead\tpend_r$7056[15:0]$7070 [1:0]
   112/129: $5$lookahead\tpend_r$7056[1:0]$7099
   113/129: $16$lookahead\tpend_r$7056[5:4]$7140
   114/129: $0\arm_valid_o[0:0]
   115/129: $1$bitselwrite$pos$/tmp/pp112-portability.C4cOfK/srp.v:2171$5923[31:0]$7069
   116/129: $1\sv2v_cast_42C2E$func$/tmp/pp112-portability.C4cOfK/srp.v:2168$5922.inp[6:0]$7068
   117/129: $1\sv2v_cast_42C2E$func$/tmp/pp112-portability.C4cOfK/srp.v:2168$5922.$result[6:0]$7067
   118/129: $1\sv2v_cast_32$func$/tmp/pp112-portability.C4cOfK/srp.v:2168$5921.inp[31:0]$7066
   119/129: $1\sv2v_cast_32$func$/tmp/pp112-portability.C4cOfK/srp.v:2168$5921.$result[31:0]$7065
   120/129: $1\reg_plane.sv2v_autoblock_7.s[31:0]
   121/129: $10$lookahead\tpend_r$7056[3:2]$7118
   122/129: $9$lookahead\tpend_r$7056[3:2]$7116
   123/129: $3$lookahead\tpend_r$7056[1:0]$7094
   124/129: $0\arm_deadline_ms_o[31:0]
   125/129: $0\arm_owner_o[7:0]
   126/129: $0\arm_slot_o[6:0]
   127/129: $0\arm_cancel_o[0:0]
   128/129: $4$lookahead\tpend_r$7056[1:0]$7096
   129/129: $15$lookahead\tpend_r$7056[5:4]$7138
Creating decoders for process `$paramod$332570c9ba38493029a13e59b85c21b68cddc498\KL_srp_listener_fsm.$proc$/tmp/pp112-portability.C4cOfK/srp.v:2127$7031'.
     1/16: $8\tsel_ix_w[2:0]
     2/16: $8\tsel_v_w[0:0]
     3/16: $7\tsel_ix_w[2:0]
     4/16: $7\tsel_v_w[0:0]
     5/16: $6\tsel_ix_w[2:0]
     6/16: $6\tsel_v_w[0:0]
     7/16: $5\tsel_ix_w[2:0]
     8/16: $5\tsel_v_w[0:0]
     9/16: $4\tsel_ix_w[2:0]
    10/16: $4\tsel_v_w[0:0]
    11/16: $3\tsel_ix_w[2:0]
    12/16: $3\tsel_v_w[0:0]
    13/16: $2\tsel_ix_w[2:0]
    14/16: $2\tsel_v_w[0:0]
    15/16: $1\tsel_ix_w[2:0]
    16/16: $1\tsel_v_w[0:0]
Creating decoders for process `$paramod$332570c9ba38493029a13e59b85c21b68cddc498\KL_srp_listener_fsm.$proc$/tmp/pp112-portability.C4cOfK/srp.v:2004$6430'.
     1/296: $11$lookahead\fourpack_r$6429[15:0]$6935
     2/296: $3$bitselwrite$pos$/tmp/pp112-portability.C4cOfK/srp.v:2064$5906[31:0]$6925
     3/296: $27$lookahead\decl_pend_r$6428[15:0]$6934
     4/296: $3$bitselwrite$pos$/tmp/pp112-portability.C4cOfK/srp.v:2063$5905[31:0]$6924
     5/296: $11$lookahead\app_r$6427[31:0]$6933
     6/296: $3$bitselwrite$pos$/tmp/pp112-portability.C4cOfK/srp.v:2062$5904[31:0]$6923
     7/296: $3$lookahead\vid_r$6426[95:0]$6932
     8/296: $3$bitselwrite$pos$/tmp/pp112-portability.C4cOfK/srp.v:2061$5903[31:0]$6922
     9/296: $3$lookahead\da_r$6425[383:0]$6931
    10/296: $3$bitselwrite$pos$/tmp/pp112-portability.C4cOfK/srp.v:2060$5902[31:0]$6921
    11/296: $3$lookahead\sid_r$6424[511:0]$6930
    12/296: $3$bitselwrite$pos$/tmp/pp112-portability.C4cOfK/srp.v:2059$5901[31:0]$6920
    13/296: $3$lookahead\armed_r$6423[7:0]$6929
    14/296: $3$bitselwrite$pos$/tmp/pp112-portability.C4cOfK/srp.v:2058$5900[2:0]$6919
    15/296: $3$lookahead\rec_valid_r$6422[7:0]$6928
    16/296: $3$bitselwrite$pos$/tmp/pp112-portability.C4cOfK/srp.v:2057$5899[2:0]$6918
    17/296: $3$bitselwrite$pos$/tmp/pp112-portability.C4cOfK/srp.v:2068$5908[31:0]$6927
    18/296: $3$bitselwrite$pos$/tmp/pp112-portability.C4cOfK/srp.v:2067$5907[2:0]$6926
    19/296: $10$lookahead\fourpack_r$6429[15:0]$6917
    20/296: $26$lookahead\decl_pend_r$6428[15:0]$6916
    21/296: $10$lookahead\app_r$6427[31:0]$6915
    22/296: $2$lookahead\vid_r$6426[95:0]$6914
    23/296: $2$lookahead\da_r$6425[383:0]$6913
    24/296: $2$lookahead\sid_r$6424[511:0]$6912
    25/296: $2$lookahead\armed_r$6423[7:0]$6911
    26/296: $2$lookahead\rec_valid_r$6422[7:0]$6910
    27/296: $2$bitselwrite$pos$/tmp/pp112-portability.C4cOfK/srp.v:2068$5908[31:0]$6909
    28/296: $2$bitselwrite$pos$/tmp/pp112-portability.C4cOfK/srp.v:2067$5907[2:0]$6908
    29/296: $2$bitselwrite$pos$/tmp/pp112-portability.C4cOfK/srp.v:2064$5906[31:0]$6907
    30/296: $2$bitselwrite$pos$/tmp/pp112-portability.C4cOfK/srp.v:2063$5905[31:0]$6906
    31/296: $2$bitselwrite$pos$/tmp/pp112-portability.C4cOfK/srp.v:2062$5904[31:0]$6905
    32/296: $2$bitselwrite$pos$/tmp/pp112-portability.C4cOfK/srp.v:2061$5903[31:0]$6904
    33/296: $2$bitselwrite$pos$/tmp/pp112-portability.C4cOfK/srp.v:2060$5902[31:0]$6903
    34/296: $2$bitselwrite$pos$/tmp/pp112-portability.C4cOfK/srp.v:2059$5901[31:0]$6902
    35/296: $2$bitselwrite$pos$/tmp/pp112-portability.C4cOfK/srp.v:2058$5900[2:0]$6901
    36/296: $2$bitselwrite$pos$/tmp/pp112-portability.C4cOfK/srp.v:2057$5899[2:0]$6900
    37/296: $9$lookahead\fourpack_r$6429[15:14]$6887
    38/296: $25$lookahead\decl_pend_r$6428[15:14]$6884
    39/296: $24$lookahead\decl_pend_r$6428[15:14]$6883
    40/296: $23$lookahead\decl_pend_r$6428[15:14]$6881
    41/296: $13\app_next_f$func$/tmp/pp112-portability.C4cOfK/srp.v:2034$5898.nx[3:0]$6880
    42/296: $12\app_next_f$func$/tmp/pp112-portability.C4cOfK/srp.v:2034$5898.nx[3:0]$6879
    43/296: $11\app_next_f$func$/tmp/pp112-portability.C4cOfK/srp.v:2034$5898.nx[3:0]$6878
    44/296: $10\app_next_f$func$/tmp/pp112-portability.C4cOfK/srp.v:2034$5898.nx[3:0]$6877
    45/296: $9\app_next_f$func$/tmp/pp112-portability.C4cOfK/srp.v:2034$5898.nx[3:0]$6876
    46/296: $8\app_next_f$func$/tmp/pp112-portability.C4cOfK/srp.v:2034$5898.nx[3:0]$6875
    47/296: $7\app_next_f$func$/tmp/pp112-portability.C4cOfK/srp.v:2034$5898.nx[3:0]$6870
    48/296: $6\app_next_f$func$/tmp/pp112-portability.C4cOfK/srp.v:2034$5898.nx[3:0]$6869
    49/296: $5\app_next_f$func$/tmp/pp112-portability.C4cOfK/srp.v:2034$5898.nx[3:0]$6868
    50/296: $4\app_next_f$func$/tmp/pp112-portability.C4cOfK/srp.v:2034$5898.nx[3:0]$6867
    51/296: $3\app_next_f$func$/tmp/pp112-portability.C4cOfK/srp.v:2034$5898.nx[3:0]$6862
    52/296: $9$lookahead\app_r$6427[31:28]$6861
    53/296: $2\app_next_f$func$/tmp/pp112-portability.C4cOfK/srp.v:2034$5898.$result[3:0]$6856
    54/296: $2\app_next_f$func$/tmp/pp112-portability.C4cOfK/srp.v:2034$5898.nx[3:0]$6860
    55/296: $2\app_next_f$func$/tmp/pp112-portability.C4cOfK/srp.v:2034$5898.p2p[0:0]$6859
    56/296: $2\app_next_f$func$/tmp/pp112-portability.C4cOfK/srp.v:2034$5898.ev[3:0]$6858
    57/296: $2\app_next_f$func$/tmp/pp112-portability.C4cOfK/srp.v:2034$5898.st[3:0]$6857
    58/296: $0\per_pend_r[7:0] [7]
    59/296: $0\per_pend_r[7:0] [6]
    60/296: $0\rla_pend_r[7:0] [6]
    61/296: $22$lookahead\decl_pend_r$6428[13:12]$6840
    62/296: $21$lookahead\decl_pend_r$6428[13:12]$6839
    63/296: $0\decl_fp_r[15:0] [15:14]
    64/296: $0\decl_fp_r[15:0] [13:12]
    65/296: $13\app_next_f$func$/tmp/pp112-portability.C4cOfK/srp.v:2034$5897.nx[3:0]$6836
    66/296: $12\app_next_f$func$/tmp/pp112-portability.C4cOfK/srp.v:2034$5897.nx[3:0]$6835
    67/296: $11\app_next_f$func$/tmp/pp112-portability.C4cOfK/srp.v:2034$5897.nx[3:0]$6834
    68/296: $10\app_next_f$func$/tmp/pp112-portability.C4cOfK/srp.v:2034$5897.nx[3:0]$6833
    69/296: $9\app_next_f$func$/tmp/pp112-portability.C4cOfK/srp.v:2034$5897.nx[3:0]$6832
    70/296: $8\app_next_f$func$/tmp/pp112-portability.C4cOfK/srp.v:2034$5897.nx[3:0]$6831
    71/296: $7\app_next_f$func$/tmp/pp112-portability.C4cOfK/srp.v:2034$5897.nx[3:0]$6826
    72/296: $6\app_next_f$func$/tmp/pp112-portability.C4cOfK/srp.v:2034$5897.nx[3:0]$6825
    73/296: $5\app_next_f$func$/tmp/pp112-portability.C4cOfK/srp.v:2034$5897.nx[3:0]$6824
    74/296: $4\app_next_f$func$/tmp/pp112-portability.C4cOfK/srp.v:2034$5897.nx[3:0]$6823
    75/296: $3\app_next_f$func$/tmp/pp112-portability.C4cOfK/srp.v:2034$5897.nx[3:0]$6818
    76/296: $8$lookahead\app_r$6427[27:24]$6817
    77/296: $2\app_next_f$func$/tmp/pp112-portability.C4cOfK/srp.v:2034$5897.$result[3:0]$6812
    78/296: $2\app_next_f$func$/tmp/pp112-portability.C4cOfK/srp.v:2034$5897.nx[3:0]$6816
    79/296: $2\app_next_f$func$/tmp/pp112-portability.C4cOfK/srp.v:2034$5897.p2p[0:0]$6815
    80/296: $2\app_next_f$func$/tmp/pp112-portability.C4cOfK/srp.v:2034$5897.ev[3:0]$6814
    81/296: $2\app_next_f$func$/tmp/pp112-portability.C4cOfK/srp.v:2034$5897.st[3:0]$6813
    82/296: $0\rla_pend_r[7:0] [7]
    83/296: $0\per_pend_r[7:0] [5]
    84/296: $0\rla_pend_r[7:0] [5]
    85/296: $19$lookahead\decl_pend_r$6428[11:10]$6796
    86/296: $18$lookahead\decl_pend_r$6428[11:10]$6795
    87/296: $20$lookahead\decl_pend_r$6428[13:12]$6837
    88/296: $0\decl_fp_r[15:0] [11:10]
    89/296: $13\app_next_f$func$/tmp/pp112-portability.C4cOfK/srp.v:2034$5896.nx[3:0]$6792
    90/296: $12\app_next_f$func$/tmp/pp112-portability.C4cOfK/srp.v:2034$5896.nx[3:0]$6791
    91/296: $11\app_next_f$func$/tmp/pp112-portability.C4cOfK/srp.v:2034$5896.nx[3:0]$6790
    92/296: $10\app_next_f$func$/tmp/pp112-portability.C4cOfK/srp.v:2034$5896.nx[3:0]$6789
    93/296: $9\app_next_f$func$/tmp/pp112-portability.C4cOfK/srp.v:2034$5896.nx[3:0]$6788
    94/296: $8\app_next_f$func$/tmp/pp112-portability.C4cOfK/srp.v:2034$5896.nx[3:0]$6787
    95/296: $7\app_next_f$func$/tmp/pp112-portability.C4cOfK/srp.v:2034$5896.nx[3:0]$6782
    96/296: $6\app_next_f$func$/tmp/pp112-portability.C4cOfK/srp.v:2034$5896.nx[3:0]$6781
    97/296: $5\app_next_f$func$/tmp/pp112-portability.C4cOfK/srp.v:2034$5896.nx[3:0]$6780
    98/296: $4\app_next_f$func$/tmp/pp112-portability.C4cOfK/srp.v:2034$5896.nx[3:0]$6779
    99/296: $3\app_next_f$func$/tmp/pp112-portability.C4cOfK/srp.v:2034$5896.nx[3:0]$6774
   100/296: $7$lookahead\app_r$6427[23:20]$6773
   101/296: $2\app_next_f$func$/tmp/pp112-portability.C4cOfK/srp.v:2034$5896.$result[3:0]$6768
   102/296: $2\app_next_f$func$/tmp/pp112-portability.C4cOfK/srp.v:2034$5896.nx[3:0]$6772
   103/296: $2\app_next_f$func$/tmp/pp112-portability.C4cOfK/srp.v:2034$5896.p2p[0:0]$6771
   104/296: $2\app_next_f$func$/tmp/pp112-portability.C4cOfK/srp.v:2034$5896.ev[3:0]$6770
   105/296: $2\app_next_f$func$/tmp/pp112-portability.C4cOfK/srp.v:2034$5896.st[3:0]$6769
   106/296: $8$lookahead\fourpack_r$6429[13:12]$6843
   107/296: $0\per_pend_r[7:0] [4]
   108/296: $0\rla_pend_r[7:0] [4]
   109/296: $16$lookahead\decl_pend_r$6428[9:8]$6752
   110/296: $15$lookahead\decl_pend_r$6428[9:8]$6751
   111/296: $17$lookahead\decl_pend_r$6428[11:10]$6793
   112/296: $0\decl_fp_r[15:0] [9:8]
   113/296: $13\app_next_f$func$/tmp/pp112-portability.C4cOfK/srp.v:2034$5895.nx[3:0]$6748
   114/296: $12\app_next_f$func$/tmp/pp112-portability.C4cOfK/srp.v:2034$5895.nx[3:0]$6747
   115/296: $11\app_next_f$func$/tmp/pp112-portability.C4cOfK/srp.v:2034$5895.nx[3:0]$6746
   116/296: $10\app_next_f$func$/tmp/pp112-portability.C4cOfK/srp.v:2034$5895.nx[3:0]$6745
   117/296: $9\app_next_f$func$/tmp/pp112-portability.C4cOfK/srp.v:2034$5895.nx[3:0]$6744
   118/296: $8\app_next_f$func$/tmp/pp112-portability.C4cOfK/srp.v:2034$5895.nx[3:0]$6743
   119/296: $7\app_next_f$func$/tmp/pp112-portability.C4cOfK/srp.v:2034$5895.nx[3:0]$6738
   120/296: $6\app_next_f$func$/tmp/pp112-portability.C4cOfK/srp.v:2034$5895.nx[3:0]$6737
   121/296: $5\app_next_f$func$/tmp/pp112-portability.C4cOfK/srp.v:2034$5895.nx[3:0]$6736
   122/296: $4\app_next_f$func$/tmp/pp112-portability.C4cOfK/srp.v:2034$5895.nx[3:0]$6735
   123/296: $3\app_next_f$func$/tmp/pp112-portability.C4cOfK/srp.v:2034$5895.nx[3:0]$6730
   124/296: $6$lookahead\app_r$6427[19:16]$6729
   125/296: $2\app_next_f$func$/tmp/pp112-portability.C4cOfK/srp.v:2034$5895.$result[3:0]$6724
   126/296: $2\app_next_f$func$/tmp/pp112-portability.C4cOfK/srp.v:2034$5895.nx[3:0]$6728
   127/296: $2\app_next_f$func$/tmp/pp112-portability.C4cOfK/srp.v:2034$5895.p2p[0:0]$6727
   128/296: $2\app_next_f$func$/tmp/pp112-portability.C4cOfK/srp.v:2034$5895.ev[3:0]$6726
   129/296: $2\app_next_f$func$/tmp/pp112-portability.C4cOfK/srp.v:2034$5895.st[3:0]$6725
   130/296: $7$lookahead\fourpack_r$6429[11:10]$6799
   131/296: $0\per_pend_r[7:0] [3]
   132/296: $0\rla_pend_r[7:0] [3]
   133/296: $13$lookahead\decl_pend_r$6428[7:6]$6708
   134/296: $12$lookahead\decl_pend_r$6428[7:6]$6707
   135/296: $14$lookahead\decl_pend_r$6428[9:8]$6749
   136/296: $0\decl_fp_r[15:0] [7:6]
   137/296: $13\app_next_f$func$/tmp/pp112-portability.C4cOfK/srp.v:2034$5894.nx[3:0]$6704
   138/296: $12\app_next_f$func$/tmp/pp112-portability.C4cOfK/srp.v:2034$5894.nx[3:0]$6703
   139/296: $11\app_next_f$func$/tmp/pp112-portability.C4cOfK/srp.v:2034$5894.nx[3:0]$6702
   140/296: $10\app_next_f$func$/tmp/pp112-portability.C4cOfK/srp.v:2034$5894.nx[3:0]$6701
   141/296: $9\app_next_f$func$/tmp/pp112-portability.C4cOfK/srp.v:2034$5894.nx[3:0]$6700
   142/296: $8\app_next_f$func$/tmp/pp112-portability.C4cOfK/srp.v:2034$5894.nx[3:0]$6699
   143/296: $7\app_next_f$func$/tmp/pp112-portability.C4cOfK/srp.v:2034$5894.nx[3:0]$6694
   144/296: $6\app_next_f$func$/tmp/pp112-portability.C4cOfK/srp.v:2034$5894.nx[3:0]$6693
   145/296: $5\app_next_f$func$/tmp/pp112-portability.C4cOfK/srp.v:2034$5894.nx[3:0]$6692
   146/296: $4\app_next_f$func$/tmp/pp112-portability.C4cOfK/srp.v:2034$5894.nx[3:0]$6691
   147/296: $3\app_next_f$func$/tmp/pp112-portability.C4cOfK/srp.v:2034$5894.nx[3:0]$6686
   148/296: $5$lookahead\app_r$6427[15:12]$6685
   149/296: $2\app_next_f$func$/tmp/pp112-portability.C4cOfK/srp.v:2034$5894.$result[3:0]$6680
   150/296: $2\app_next_f$func$/tmp/pp112-portability.C4cOfK/srp.v:2034$5894.nx[3:0]$6684
   151/296: $2\app_next_f$func$/tmp/pp112-portability.C4cOfK/srp.v:2034$5894.p2p[0:0]$6683
   152/296: $2\app_next_f$func$/tmp/pp112-portability.C4cOfK/srp.v:2034$5894.ev[3:0]$6682
   153/296: $2\app_next_f$func$/tmp/pp112-portability.C4cOfK/srp.v:2034$5894.st[3:0]$6681
   154/296: $6$lookahead\fourpack_r$6429[9:8]$6755
   155/296: $0\per_pend_r[7:0] [2]
   156/296: $0\rla_pend_r[7:0] [2]
   157/296: $10$lookahead\decl_pend_r$6428[5:4]$6664
   158/296: $9$lookahead\decl_pend_r$6428[5:4]$6663
   159/296: $11$lookahead\decl_pend_r$6428[7:6]$6705
   160/296: $0\decl_fp_r[15:0] [5:4]
   161/296: $13\app_next_f$func$/tmp/pp112-portability.C4cOfK/srp.v:2034$5893.nx[3:0]$6660
   162/296: $12\app_next_f$func$/tmp/pp112-portability.C4cOfK/srp.v:2034$5893.nx[3:0]$6659
   163/296: $11\app_next_f$func$/tmp/pp112-portability.C4cOfK/srp.v:2034$5893.nx[3:0]$6658
   164/296: $10\app_next_f$func$/tmp/pp112-portability.C4cOfK/srp.v:2034$5893.nx[3:0]$6657
   165/296: $9\app_next_f$func$/tmp/pp112-portability.C4cOfK/srp.v:2034$5893.nx[3:0]$6656
   166/296: $8\app_next_f$func$/tmp/pp112-portability.C4cOfK/srp.v:2034$5893.nx[3:0]$6655
   167/296: $7\app_next_f$func$/tmp/pp112-portability.C4cOfK/srp.v:2034$5893.nx[3:0]$6650
   168/296: $6\app_next_f$func$/tmp/pp112-portability.C4cOfK/srp.v:2034$5893.nx[3:0]$6649
   169/296: $5\app_next_f$func$/tmp/pp112-portability.C4cOfK/srp.v:2034$5893.nx[3:0]$6648
   170/296: $4\app_next_f$func$/tmp/pp112-portability.C4cOfK/srp.v:2034$5893.nx[3:0]$6647
   171/296: $3\app_next_f$func$/tmp/pp112-portability.C4cOfK/srp.v:2034$5893.nx[3:0]$6642
   172/296: $4$lookahead\app_r$6427[11:8]$6641
   173/296: $2\app_next_f$func$/tmp/pp112-portability.C4cOfK/srp.v:2034$5893.$result[3:0]$6636
   174/296: $2\app_next_f$func$/tmp/pp112-portability.C4cOfK/srp.v:2034$5893.nx[3:0]$6640
   175/296: $2\app_next_f$func$/tmp/pp112-portability.C4cOfK/srp.v:2034$5893.p2p[0:0]$6639
   176/296: $2\app_next_f$func$/tmp/pp112-portability.C4cOfK/srp.v:2034$5893.ev[3:0]$6638
   177/296: $2\app_next_f$func$/tmp/pp112-portability.C4cOfK/srp.v:2034$5893.st[3:0]$6637
   178/296: $5$lookahead\fourpack_r$6429[7:6]$6711
   179/296: $0\per_pend_r[7:0] [1]
   180/296: $0\rla_pend_r[7:0] [1]
   181/296: $7$lookahead\decl_pend_r$6428[3:2]$6620
   182/296: $6$lookahead\decl_pend_r$6428[3:2]$6619
   183/296: $8$lookahead\decl_pend_r$6428[5:4]$6661
   184/296: $0\decl_fp_r[15:0] [3:2]
   185/296: $13\app_next_f$func$/tmp/pp112-portability.C4cOfK/srp.v:2034$5892.nx[3:0]$6616
   186/296: $12\app_next_f$func$/tmp/pp112-portability.C4cOfK/srp.v:2034$5892.nx[3:0]$6615
   187/296: $11\app_next_f$func$/tmp/pp112-portability.C4cOfK/srp.v:2034$5892.nx[3:0]$6614
   188/296: $10\app_next_f$func$/tmp/pp112-portability.C4cOfK/srp.v:2034$5892.nx[3:0]$6613
   189/296: $9\app_next_f$func$/tmp/pp112-portability.C4cOfK/srp.v:2034$5892.nx[3:0]$6612
   190/296: $8\app_next_f$func$/tmp/pp112-portability.C4cOfK/srp.v:2034$5892.nx[3:0]$6611
   191/296: $7\app_next_f$func$/tmp/pp112-portability.C4cOfK/srp.v:2034$5892.nx[3:0]$6606
   192/296: $6\app_next_f$func$/tmp/pp112-portability.C4cOfK/srp.v:2034$5892.nx[3:0]$6605
   193/296: $5\app_next_f$func$/tmp/pp112-portability.C4cOfK/srp.v:2034$5892.nx[3:0]$6604
   194/296: $4\app_next_f$func$/tmp/pp112-portability.C4cOfK/srp.v:2034$5892.nx[3:0]$6603
   195/296: $3\app_next_f$func$/tmp/pp112-portability.C4cOfK/srp.v:2034$5892.nx[3:0]$6598
   196/296: $3$lookahead\app_r$6427[7:4]$6597
   197/296: $2\app_next_f$func$/tmp/pp112-portability.C4cOfK/srp.v:2034$5892.$result[3:0]$6592
   198/296: $2\app_next_f$func$/tmp/pp112-portability.C4cOfK/srp.v:2034$5892.nx[3:0]$6596
   199/296: $2\app_next_f$func$/tmp/pp112-portability.C4cOfK/srp.v:2034$5892.p2p[0:0]$6595
   200/296: $2\app_next_f$func$/tmp/pp112-portability.C4cOfK/srp.v:2034$5892.ev[3:0]$6594
   201/296: $2\app_next_f$func$/tmp/pp112-portability.C4cOfK/srp.v:2034$5892.st[3:0]$6593
   202/296: $4$lookahead\fourpack_r$6429[5:4]$6667
   203/296: $0\per_pend_r[7:0] [0]
   204/296: $0\rla_pend_r[7:0] [0]
   205/296: $4$lookahead\decl_pend_r$6428[1:0]$6576
   206/296: $3$lookahead\decl_pend_r$6428[1:0]$6575
   207/296: $5$lookahead\decl_pend_r$6428[3:2]$6617
   208/296: $0\decl_fp_r[15:0] [1:0]
   209/296: $13\app_next_f$func$/tmp/pp112-portability.C4cOfK/srp.v:2034$5891.nx[3:0]$6572
   210/296: $12\app_next_f$func$/tmp/pp112-portability.C4cOfK/srp.v:2034$5891.nx[3:0]$6571
   211/296: $11\app_next_f$func$/tmp/pp112-portability.C4cOfK/srp.v:2034$5891.nx[3:0]$6570
   212/296: $10\app_next_f$func$/tmp/pp112-portability.C4cOfK/srp.v:2034$5891.nx[3:0]$6569
   213/296: $9\app_next_f$func$/tmp/pp112-portability.C4cOfK/srp.v:2034$5891.nx[3:0]$6568
   214/296: $8\app_next_f$func$/tmp/pp112-portability.C4cOfK/srp.v:2034$5891.nx[3:0]$6567
   215/296: $7\app_next_f$func$/tmp/pp112-portability.C4cOfK/srp.v:2034$5891.nx[3:0]$6562
   216/296: $6\app_next_f$func$/tmp/pp112-portability.C4cOfK/srp.v:2034$5891.nx[3:0]$6561
   217/296: $5\app_next_f$func$/tmp/pp112-portability.C4cOfK/srp.v:2034$5891.nx[3:0]$6560
   218/296: $4\app_next_f$func$/tmp/pp112-portability.C4cOfK/srp.v:2034$5891.nx[3:0]$6559
   219/296: $3\app_next_f$func$/tmp/pp112-portability.C4cOfK/srp.v:2034$5891.nx[3:0]$6554
   220/296: $2$lookahead\app_r$6427[3:0]$6553
   221/296: $2\app_next_f$func$/tmp/pp112-portability.C4cOfK/srp.v:2034$5891.$result[3:0]$6548
   222/296: $2\app_next_f$func$/tmp/pp112-portability.C4cOfK/srp.v:2034$5891.nx[3:0]$6552
   223/296: $2\app_next_f$func$/tmp/pp112-portability.C4cOfK/srp.v:2034$5891.p2p[0:0]$6551
   224/296: $2\app_next_f$func$/tmp/pp112-portability.C4cOfK/srp.v:2034$5891.ev[3:0]$6550
   225/296: $2\app_next_f$func$/tmp/pp112-portability.C4cOfK/srp.v:2034$5891.st[3:0]$6549
   226/296: $0\txop_done_o[0:0]
   227/296: $1$lookahead\decl_pend_r$6428[15:0]$6546
   228/296: $1$lookahead\fourpack_r$6429[15:0]$6547
   229/296: $1$lookahead\app_r$6427[31:0]$6545
   230/296: $1$lookahead\vid_r$6426[95:0]$6544
   231/296: $1$lookahead\da_r$6425[383:0]$6543
   232/296: $1$lookahead\sid_r$6424[511:0]$6542
   233/296: $1$lookahead\armed_r$6423[7:0]$6541
   234/296: $1$lookahead\rec_valid_r$6422[7:0]$6540
   235/296: $1$bitselwrite$pos$/tmp/pp112-portability.C4cOfK/srp.v:2068$5908[31:0]$6539
   236/296: $1$bitselwrite$pos$/tmp/pp112-portability.C4cOfK/srp.v:2067$5907[2:0]$6538
   237/296: $1$bitselwrite$pos$/tmp/pp112-portability.C4cOfK/srp.v:2064$5906[31:0]$6537
   238/296: $1$bitselwrite$pos$/tmp/pp112-portability.C4cOfK/srp.v:2063$5905[31:0]$6536
   239/296: $1$bitselwrite$pos$/tmp/pp112-portability.C4cOfK/srp.v:2062$5904[31:0]$6535
   240/296: $1$bitselwrite$pos$/tmp/pp112-portability.C4cOfK/srp.v:2061$5903[31:0]$6534
   241/296: $1$bitselwrite$pos$/tmp/pp112-portability.C4cOfK/srp.v:2060$5902[31:0]$6533
   242/296: $1$bitselwrite$pos$/tmp/pp112-portability.C4cOfK/srp.v:2059$5901[31:0]$6532
   243/296: $1$bitselwrite$pos$/tmp/pp112-portability.C4cOfK/srp.v:2058$5900[2:0]$6531
   244/296: $1$bitselwrite$pos$/tmp/pp112-portability.C4cOfK/srp.v:2057$5899[2:0]$6530
   245/296: $1\app_next_f$func$/tmp/pp112-portability.C4cOfK/srp.v:2034$5898.nx[3:0]$6529
   246/296: $1\app_next_f$func$/tmp/pp112-portability.C4cOfK/srp.v:2034$5898.p2p[0:0]$6528
   247/296: $1\app_next_f$func$/tmp/pp112-portability.C4cOfK/srp.v:2034$5898.ev[3:0]$6527
   248/296: $1\app_next_f$func$/tmp/pp112-portability.C4cOfK/srp.v:2034$5898.st[3:0]$6526
   249/296: $1\app_next_f$func$/tmp/pp112-portability.C4cOfK/srp.v:2034$5898.$result[3:0]$6525
   250/296: $1\app_next_f$func$/tmp/pp112-portability.C4cOfK/srp.v:2034$5897.nx[3:0]$6524
   251/296: $1\app_next_f$func$/tmp/pp112-portability.C4cOfK/srp.v:2034$5897.p2p[0:0]$6523
   252/296: $1\app_next_f$func$/tmp/pp112-portability.C4cOfK/srp.v:2034$5897.ev[3:0]$6522
   253/296: $1\app_next_f$func$/tmp/pp112-portability.C4cOfK/srp.v:2034$5897.st[3:0]$6521
   254/296: $1\app_next_f$func$/tmp/pp112-portability.C4cOfK/srp.v:2034$5897.$result[3:0]$6520
   255/296: $1\app_next_f$func$/tmp/pp112-portability.C4cOfK/srp.v:2034$5896.nx[3:0]$6519
   256/296: $1\app_next_f$func$/tmp/pp112-portability.C4cOfK/srp.v:2034$5896.p2p[0:0]$6518
   257/296: $1\app_next_f$func$/tmp/pp112-portability.C4cOfK/srp.v:2034$5896.ev[3:0]$6517
   258/296: $1\app_next_f$func$/tmp/pp112-portability.C4cOfK/srp.v:2034$5896.st[3:0]$6516
   259/296: $1\app_next_f$func$/tmp/pp112-portability.C4cOfK/srp.v:2034$5896.$result[3:0]$6515
   260/296: $1\app_next_f$func$/tmp/pp112-portability.C4cOfK/srp.v:2034$5895.nx[3:0]$6514
   261/296: $1\app_next_f$func$/tmp/pp112-portability.C4cOfK/srp.v:2034$5895.p2p[0:0]$6513
   262/296: $1\app_next_f$func$/tmp/pp112-portability.C4cOfK/srp.v:2034$5895.ev[3:0]$6512
   263/296: $1\app_next_f$func$/tmp/pp112-portability.C4cOfK/srp.v:2034$5895.st[3:0]$6511
   264/296: $1\app_next_f$func$/tmp/pp112-portability.C4cOfK/srp.v:2034$5895.$result[3:0]$6510
   265/296: $1\app_next_f$func$/tmp/pp112-portability.C4cOfK/srp.v:2034$5894.nx[3:0]$6509
   266/296: $1\app_next_f$func$/tmp/pp112-portability.C4cOfK/srp.v:2034$5894.p2p[0:0]$6508
   267/296: $1\app_next_f$func$/tmp/pp112-portability.C4cOfK/srp.v:2034$5894.ev[3:0]$6507
   268/296: $1\app_next_f$func$/tmp/pp112-portability.C4cOfK/srp.v:2034$5894.st[3:0]$6506
   269/296: $1\app_next_f$func$/tmp/pp112-portability.C4cOfK/srp.v:2034$5894.$result[3:0]$6505
   270/296: $1\app_next_f$func$/tmp/pp112-portability.C4cOfK/srp.v:2034$5893.nx[3:0]$6504
   271/296: $1\app_next_f$func$/tmp/pp112-portability.C4cOfK/srp.v:2034$5893.p2p[0:0]$6503
   272/296: $1\app_next_f$func$/tmp/pp112-portability.C4cOfK/srp.v:2034$5893.ev[3:0]$6502
   273/296: $1\app_next_f$func$/tmp/pp112-portability.C4cOfK/srp.v:2034$5893.st[3:0]$6501
   274/296: $1\app_next_f$func$/tmp/pp112-portability.C4cOfK/srp.v:2034$5893.$result[3:0]$6500
   275/296: $1\app_next_f$func$/tmp/pp112-portability.C4cOfK/srp.v:2034$5892.nx[3:0]$6499
   276/296: $1\app_next_f$func$/tmp/pp112-portability.C4cOfK/srp.v:2034$5892.p2p[0:0]$6498
   277/296: $1\app_next_f$func$/tmp/pp112-portability.C4cOfK/srp.v:2034$5892.ev[3:0]$6497
   278/296: $1\app_next_f$func$/tmp/pp112-portability.C4cOfK/srp.v:2034$5892.st[3:0]$6496
   279/296: $1\app_next_f$func$/tmp/pp112-portability.C4cOfK/srp.v:2034$5892.$result[3:0]$6495
   280/296: $1\app_next_f$func$/tmp/pp112-portability.C4cOfK/srp.v:2034$5891.nx[3:0]$6494
   281/296: $1\app_next_f$func$/tmp/pp112-portability.C4cOfK/srp.v:2034$5891.p2p[0:0]$6493
   282/296: $1\app_next_f$func$/tmp/pp112-portability.C4cOfK/srp.v:2034$5891.ev[3:0]$6492
   283/296: $1\app_next_f$func$/tmp/pp112-portability.C4cOfK/srp.v:2034$5891.st[3:0]$6491
   284/296: $1\app_next_f$func$/tmp/pp112-portability.C4cOfK/srp.v:2034$5891.$result[3:0]$6490
   285/296: $1\app_plane.sv2v_autoblock_5.s[31:0]
   286/296: $0\push_val_r[271:0]
   287/296: $0\push_fp_r[1:0]
   288/296: $0\push_code_r[2:0]
   289/296: $0\laown_pend_r[0:0]
   290/296: $0\tick_pend_r[0:0]
   291/296: $0\wtxla_r[0:0]
   292/296: $0\wsrc_r[2:0]
   293/296: $0\walk_r[1:0]
   294/296: $3$lookahead\fourpack_r$6429[3:2]$6623
   295/296: $2$lookahead\fourpack_r$6429[1:0]$6579
   296/296: $2$lookahead\decl_pend_r$6428[1:0]$6573
Creating decoders for process `$paramod$332570c9ba38493029a13e59b85c21b68cddc498\KL_srp_listener_fsm.$proc$/tmp/pp112-portability.C4cOfK/srp.v:1993$6405'.
     1/3: $3\app_msg_f$func$/tmp/pp112-portability.C4cOfK/srp.v:1998$5890.m[3:0]$6421
     2/3: $2\app_msg_f$func$/tmp/pp112-portability.C4cOfK/srp.v:1998$5890.m[3:0]$6420
     3/3: $1\app_msg_f$func$/tmp/pp112-portability.C4cOfK/srp.v:1998$5890.m[3:0]$6419
Creating decoders for process `$paramod$332570c9ba38493029a13e59b85c21b68cddc498\KL_srp_listener_fsm.$proc$/tmp/pp112-portability.C4cOfK/srp.v:1947$6308'.
     1/240: $48\walk_grant_w[0:0]
     2/240: $48\app_ev_w[31:28]
     3/240: $48\app_ev_v_w[7:7]
     4/240: $40\per_grant_w[7:7]
     5/240: $47\app_ev_w[31:28]
     6/240: $47\app_ev_v_w[7:7]
     7/240: $47\walk_grant_w[0:0]
     8/240: $32\rla_grant_w[7:7]
     9/240: $46\app_ev_w[31:28]
    10/240: $46\app_ev_v_w[7:7]
    11/240: $46\walk_grant_w[0:0]
    12/240: $39\per_grant_w[7:7]
    13/240: $24\decl_grant_w[7:7]
    14/240: $45\app_ev_w[31:28]
    15/240: $45\app_ev_v_w[7:7]
    16/240: $45\walk_grant_w[0:0]
    17/240: $38\per_grant_w[7:7]
    18/240: $31\rla_grant_w[7:7]
    19/240: $44\app_ev_w[31:28]
    20/240: $44\app_ev_v_w[7:7]
    21/240: $44\walk_grant_w[0:0]
    22/240: $37\per_grant_w[7:7]
    23/240: $30\rla_grant_w[7:7]
    24/240: $23\decl_grant_w[7:7]
    25/240: $43\app_ev_w[31:28]
    26/240: $43\app_ev_v_w[7:7]
    27/240: $43\walk_grant_w[0:0]
    28/240: $36\per_grant_w[7:7]
    29/240: $29\rla_grant_w[7:7]
    30/240: $22\decl_grant_w[7:7]
    31/240: $42\walk_grant_w[0:0]
    32/240: $42\app_ev_w[27:24]
    33/240: $42\app_ev_v_w[6:6]
    34/240: $35\per_grant_w[6:6]
    35/240: $41\app_ev_w[27:24]
    36/240: $41\app_ev_v_w[6:6]
    37/240: $41\walk_grant_w[0:0]
    38/240: $28\rla_grant_w[6:6]
    39/240: $40\app_ev_w[27:24]
    40/240: $40\app_ev_v_w[6:6]
    41/240: $40\walk_grant_w[0:0]
    42/240: $34\per_grant_w[6:6]
    43/240: $21\decl_grant_w[6:6]
    44/240: $39\app_ev_w[27:24]
    45/240: $39\app_ev_v_w[6:6]
    46/240: $39\walk_grant_w[0:0]
    47/240: $33\per_grant_w[6:6]
    48/240: $27\rla_grant_w[6:6]
    49/240: $38\app_ev_w[27:24]
    50/240: $38\app_ev_v_w[6:6]
    51/240: $38\walk_grant_w[0:0]
    52/240: $32\per_grant_w[6:6]
    53/240: $26\rla_grant_w[6:6]
    54/240: $20\decl_grant_w[6:6]
    55/240: $37\app_ev_w[27:24]
    56/240: $37\app_ev_v_w[6:6]
    57/240: $37\walk_grant_w[0:0]
    58/240: $31\per_grant_w[6:6]
    59/240: $25\rla_grant_w[6:6]
    60/240: $19\decl_grant_w[6:6]
    61/240: $36\walk_grant_w[0:0]
    62/240: $36\app_ev_w[23:20]
    63/240: $36\app_ev_v_w[5:5]
    64/240: $30\per_grant_w[5:5]
    65/240: $35\app_ev_w[23:20]
    66/240: $35\app_ev_v_w[5:5]
    67/240: $35\walk_grant_w[0:0]
    68/240: $24\rla_grant_w[5:5]
    69/240: $34\app_ev_w[23:20]
    70/240: $34\app_ev_v_w[5:5]
    71/240: $34\walk_grant_w[0:0]
    72/240: $29\per_grant_w[5:5]
    73/240: $18\decl_grant_w[5:5]
    74/240: $33\app_ev_w[23:20]
    75/240: $33\app_ev_v_w[5:5]
    76/240: $33\walk_grant_w[0:0]
    77/240: $28\per_grant_w[5:5]
    78/240: $23\rla_grant_w[5:5]
    79/240: $32\app_ev_w[23:20]
    80/240: $32\app_ev_v_w[5:5]
    81/240: $32\walk_grant_w[0:0]
    82/240: $27\per_grant_w[5:5]
    83/240: $22\rla_grant_w[5:5]
    84/240: $17\decl_grant_w[5:5]
    85/240: $31\app_ev_w[23:20]
    86/240: $31\app_ev_v_w[5:5]
    87/240: $31\walk_grant_w[0:0]
    88/240: $26\per_grant_w[5:5]
    89/240: $21\rla_grant_w[5:5]
    90/240: $16\decl_grant_w[5:5]
    91/240: $30\walk_grant_w[0:0]
    92/240: $30\app_ev_w[19:16]
    93/240: $30\app_ev_v_w[4:4]
    94/240: $25\per_grant_w[4:4]
    95/240: $29\app_ev_w[19:16]
    96/240: $29\app_ev_v_w[4:4]
    97/240: $29\walk_grant_w[0:0]
    98/240: $20\rla_grant_w[4:4]
    99/240: $28\app_ev_w[19:16]
   100/240: $28\app_ev_v_w[4:4]
   101/240: $28\walk_grant_w[0:0]
   102/240: $24\per_grant_w[4:4]
   103/240: $15\decl_grant_w[4:4]
   104/240: $27\app_ev_w[19:16]
   105/240: $27\app_ev_v_w[4:4]
   106/240: $27\walk_grant_w[0:0]
   107/240: $23\per_grant_w[4:4]
   108/240: $19\rla_grant_w[4:4]
   109/240: $26\app_ev_w[19:16]
   110/240: $26\app_ev_v_w[4:4]
   111/240: $26\walk_grant_w[0:0]
   112/240: $22\per_grant_w[4:4]
   113/240: $18\rla_grant_w[4:4]
   114/240: $14\decl_grant_w[4:4]
   115/240: $25\app_ev_w[19:16]
   116/240: $25\app_ev_v_w[4:4]
   117/240: $25\walk_grant_w[0:0]
   118/240: $21\per_grant_w[4:4]
   119/240: $17\rla_grant_w[4:4]
   120/240: $13\decl_grant_w[4:4]
   121/240: $24\walk_grant_w[0:0]
   122/240: $24\app_ev_w[15:12]
   123/240: $24\app_ev_v_w[3:3]
   124/240: $20\per_grant_w[3:3]
   125/240: $23\app_ev_w[15:12]
   126/240: $23\app_ev_v_w[3:3]
   127/240: $23\walk_grant_w[0:0]
   128/240: $16\rla_grant_w[3:3]
   129/240: $22\app_ev_w[15:12]
   130/240: $22\app_ev_v_w[3:3]
   131/240: $22\walk_grant_w[0:0]
   132/240: $19\per_grant_w[3:3]
   133/240: $12\decl_grant_w[3:3]
   134/240: $21\app_ev_w[15:12]
   135/240: $21\app_ev_v_w[3:3]
   136/240: $21\walk_grant_w[0:0]
   137/240: $18\per_grant_w[3:3]
   138/240: $15\rla_grant_w[3:3]
   139/240: $20\app_ev_w[15:12]
   140/240: $20\app_ev_v_w[3:3]
   141/240: $20\walk_grant_w[0:0]
   142/240: $17\per_grant_w[3:3]
   143/240: $14\rla_grant_w[3:3]
   144/240: $11\decl_grant_w[3:3]
   145/240: $19\app_ev_w[15:12]
   146/240: $19\app_ev_v_w[3:3]
   147/240: $19\walk_grant_w[0:0]
   148/240: $16\per_grant_w[3:3]
   149/240: $13\rla_grant_w[3:3]
   150/240: $10\decl_grant_w[3:3]
   151/240: $18\walk_grant_w[0:0]
   152/240: $18\app_ev_w[11:8]
   153/240: $18\app_ev_v_w[2:2]
   154/240: $15\per_grant_w[2:2]
   155/240: $17\app_ev_w[11:8]
   156/240: $17\app_ev_v_w[2:2]
   157/240: $17\walk_grant_w[0:0]
   158/240: $12\rla_grant_w[2:2]
   159/240: $16\app_ev_w[11:8]
   160/240: $16\app_ev_v_w[2:2]
   161/240: $16\walk_grant_w[0:0]
   162/240: $14\per_grant_w[2:2]
   163/240: $9\decl_grant_w[2:2]
   164/240: $15\app_ev_w[11:8]
   165/240: $15\app_ev_v_w[2:2]
   166/240: $15\walk_grant_w[0:0]
   167/240: $13\per_grant_w[2:2]
   168/240: $11\rla_grant_w[2:2]
   169/240: $14\app_ev_w[11:8]
   170/240: $14\app_ev_v_w[2:2]
   171/240: $14\walk_grant_w[0:0]
   172/240: $12\per_grant_w[2:2]
   173/240: $10\rla_grant_w[2:2]
   174/240: $8\decl_grant_w[2:2]
   175/240: $13\app_ev_w[11:8]
   176/240: $13\app_ev_v_w[2:2]
   177/240: $13\walk_grant_w[0:0]
   178/240: $11\per_grant_w[2:2]
   179/240: $9\rla_grant_w[2:2]
   180/240: $7\decl_grant_w[2:2]
   181/240: $12\walk_grant_w[0:0]
   182/240: $12\app_ev_w[7:4]
   183/240: $12\app_ev_v_w[1:1]
   184/240: $10\per_grant_w[1:1]
   185/240: $11\app_ev_w[7:4]
   186/240: $11\app_ev_v_w[1:1]
   187/240: $11\walk_grant_w[0:0]
   188/240: $8\rla_grant_w[1:1]
   189/240: $10\app_ev_w[7:4]
   190/240: $10\app_ev_v_w[1:1]
   191/240: $10\walk_grant_w[0:0]
   192/240: $9\per_grant_w[1:1]
   193/240: $6\decl_grant_w[1:1]
   194/240: $9\app_ev_w[7:4]
   195/240: $9\app_ev_v_w[1:1]
   196/240: $9\walk_grant_w[0:0]
   197/240: $8\per_grant_w[1:1]
   198/240: $7\rla_grant_w[1:1]
   199/240: $8\app_ev_w[7:4]
   200/240: $8\app_ev_v_w[1:1]
   201/240: $8\walk_grant_w[0:0]
   202/240: $7\per_grant_w[1:1]
   203/240: $6\rla_grant_w[1:1]
   204/240: $5\decl_grant_w[1:1]
   205/240: $7\app_ev_w[7:4]
   206/240: $7\app_ev_v_w[1:1]
   207/240: $7\walk_grant_w[0:0]
   208/240: $6\per_grant_w[1:1]
   209/240: $5\rla_grant_w[1:1]
   210/240: $4\decl_grant_w[1:1]
   211/240: $6\walk_grant_w[0:0]
   212/240: $6\app_ev_w[3:0]
   213/240: $6\app_ev_v_w[0:0]
   214/240: $5\per_grant_w[0:0]
   215/240: $5\app_ev_w[3:0]
   216/240: $5\app_ev_v_w[0:0]
   217/240: $5\walk_grant_w[0:0]
   218/240: $4\rla_grant_w[0:0]
   219/240: $4\app_ev_w[3:0]
   220/240: $4\app_ev_v_w[0:0]
   221/240: $4\walk_grant_w[0:0]
   222/240: $4\per_grant_w[0:0]
   223/240: $3\decl_grant_w[0:0]
   224/240: $3\app_ev_w[3:0]
   225/240: $3\app_ev_v_w[0:0]
   226/240: $3\walk_grant_w[0:0]
   227/240: $3\per_grant_w[0:0]
   228/240: $3\rla_grant_w[0:0]
   229/240: $2\app_ev_w[3:0]
   230/240: $2\app_ev_v_w[0:0]
   231/240: $2\walk_grant_w[0:0]
   232/240: $2\per_grant_w[0:0]
   233/240: $2\rla_grant_w[0:0]
   234/240: $2\decl_grant_w[0:0]
   235/240: $1\app_ev_w[3:0]
   236/240: $1\app_ev_v_w[0:0]
   237/240: $1\walk_grant_w[0:0]
   238/240: $1\per_grant_w[0:0]
   239/240: $1\rla_grant_w[0:0]
   240/240: $1\decl_grant_w[0:0]
Creating decoders for process `$paramod$332570c9ba38493029a13e59b85c21b68cddc498\KL_srp_listener_fsm.$proc$/tmp/pp112-portability.C4cOfK/srp.v:1922$6153'.
Creating decoders for process `$paramod$332570c9ba38493029a13e59b85c21b68cddc498\KL_srp_listener_fsm.$proc$/tmp/pp112-portability.C4cOfK/srp.v:1907$6133'.
Creating decoders for process `$paramod$332570c9ba38493029a13e59b85c21b68cddc498\KL_srp_listener_fsm.$proc$/tmp/pp112-portability.C4cOfK/srp.v:1882$5965'.
Creating decoders for process `$paramod$1224c55e5fd4121b95546e57d33a658897774d54\KL_srp_encoder.$proc$/tmp/pp112-portability.C4cOfK/srp.v:1573$5872'.
Creating decoders for process `$paramod$1224c55e5fd4121b95546e57d33a658897774d54\KL_srp_encoder.$proc$/tmp/pp112-portability.C4cOfK/srp.v:1564$5868'.
Creating decoders for process `$paramod$1224c55e5fd4121b95546e57d33a658897774d54\KL_srp_encoder.$proc$/tmp/pp112-portability.C4cOfK/srp.v:1253$5864'.
Creating decoders for process `$paramod$1224c55e5fd4121b95546e57d33a658897774d54\KL_srp_encoder.$proc$/tmp/pp112-portability.C4cOfK/srp.v:1229$5850'.
     1/6: $3\attr_len_f$func$/tmp/pp112-portability.C4cOfK/srp.v:1229$5281._sv2v_jump[1:0]$5863
     2/6: $3\attr_len_f$func$/tmp/pp112-portability.C4cOfK/srp.v:1229$5281.$result[5:0]$5862
     3/6: $2\attr_len_f$func$/tmp/pp112-portability.C4cOfK/srp.v:1229$5281._sv2v_jump[1:0]$5861
     4/6: $2\attr_len_f$func$/tmp/pp112-portability.C4cOfK/srp.v:1229$5281.$result[5:0]$5860
     5/6: $1\attr_len_f$func$/tmp/pp112-portability.C4cOfK/srp.v:1229$5281._sv2v_jump[1:0]$5858
     6/6: $1\attr_len_f$func$/tmp/pp112-portability.C4cOfK/srp.v:1229$5281.$result[5:0]$5857
Creating decoders for process `$paramod$1224c55e5fd4121b95546e57d33a658897774d54\KL_srp_encoder.$proc$/tmp/pp112-portability.C4cOfK/srp.v:1171$5808'.
     1/6: $3\succ_f$func$/tmp/pp112-portability.C4cOfK/srp.v:1171$5280._sv2v_jump[1:0]$5836
     2/6: $3\succ_f$func$/tmp/pp112-portability.C4cOfK/srp.v:1171$5280.$result[0:0]$5835
     3/6: $2\succ_f$func$/tmp/pp112-portability.C4cOfK/srp.v:1171$5280._sv2v_jump[1:0]$5834
     4/6: $2\succ_f$func$/tmp/pp112-portability.C4cOfK/srp.v:1171$5280.$result[0:0]$5833
     5/6: $1\succ_f$func$/tmp/pp112-portability.C4cOfK/srp.v:1171$5280._sv2v_jump[1:0]$5828
     6/6: $1\succ_f$func$/tmp/pp112-portability.C4cOfK/srp.v:1171$5280.$result[0:0]$5827
Creating decoders for process `$paramod$1224c55e5fd4121b95546e57d33a658897774d54\KL_srp_encoder.$proc$/tmp/pp112-portability.C4cOfK/srp.v:1331$5706'.
     1/59: $2$lookahead\run_fp_r$5705[23:0]$5725 [23:2]
     2/59: $9$lookahead\run_ev_r$5704[2:0]$5784
     3/59: $8$lookahead\run_fp_r$5705[1:0]$5783
     4/59: $8$lookahead\run_ev_r$5704[2:0]$5782
     5/59: $7$lookahead\run_fp_r$5705[1:0]$5779
     6/59: $7$lookahead\run_ev_r$5704[2:0]$5778
     7/59: $6$lookahead\run_fp_r$5705[1:0]$5777
     8/59: $6$lookahead\run_ev_r$5704[2:0]$5776
     9/59: $5$lookahead\run_fp_r$5705[1:0]$5772
    10/59: $5$lookahead\run_ev_r$5704[2:0]$5771
    11/59: $2$lookahead\run_ev_r$5704[35:0]$5724 [35:3]
    12/59: $2$lookahead\run_ev_r$5704[35:0]$5724 [2:0]
    13/59: $9$lookahead\run_fp_r$5705[1:0]$5785
    14/59: $4$lookahead\run_ev_r$5704[35:0]$5744 [35:3]
    15/59: $4$lookahead\run_fp_r$5705[23:0]$5745 [1:0]
    16/59: $4$lookahead\run_ev_r$5704[35:0]$5744 [2:0]
    17/59: $4$bitselwrite$pos$/tmp/pp112-portability.C4cOfK/srp.v:1426$5275[31:0]$5743
    18/59: $4$bitselwrite$pos$/tmp/pp112-portability.C4cOfK/srp.v:1425$5274[31:0]$5742
    19/59: $3$lookahead\run_fp_r$5705[23:0]$5741
    20/59: $3$lookahead\run_ev_r$5704[35:0]$5740
    21/59: $3$bitselwrite$pos$/tmp/pp112-portability.C4cOfK/srp.v:1426$5275[31:0]$5739
    22/59: $3$bitselwrite$pos$/tmp/pp112-portability.C4cOfK/srp.v:1425$5274[31:0]$5738
    23/59: $0\la_pend_r[1:0] [1]
    24/59: $0\la_pend_r[1:0] [0]
    25/59: $0\join_pend_r[1:0] [0]
    26/59: $4$lookahead\run_fp_r$5705[23:0]$5745 [23:2]
    27/59: $2$bitselwrite$pos$/tmp/pp112-portability.C4cOfK/srp.v:1426$5275[31:0]$5723
    28/59: $2$bitselwrite$pos$/tmp/pp112-portability.C4cOfK/srp.v:1425$5274[31:0]$5722
    29/59: $1$lookahead\run_fp_r$5705[23:0]$5715
    30/59: $1$lookahead\run_ev_r$5704[35:0]$5714
    31/59: $1$bitselwrite$pos$/tmp/pp112-portability.C4cOfK/srp.v:1426$5275[31:0]$5713
    32/59: $1$bitselwrite$pos$/tmp/pp112-portability.C4cOfK/srp.v:1425$5274[31:0]$5712
    33/59: $0\join_pend_r[1:0] [1]
    34/59: $2$lookahead\run_fp_r$5705[23:0]$5725 [1:0]
    35/59: $0\hold_val_r[271:0]
    36/59: $0\hold_fp_r[1:0]
    37/59: $0\hold_ev_r[2:0]
    38/59: $0\hold_type_r[7:0]
    39/59: $0\hold_valid_r[0:0]
    40/59: $0\run_len_r[3:0]
    41/59: $0\run_last_r[271:0]
    42/59: $0\run_first_r[271:0]
    43/59: $0\run_type_r[7:0]
    44/59: $0\run_open_r[0:0]
    45/59: $0\close_for_pdu_r[0:0]
    46/59: $0\la_seen_r[3:0]
    47/59: $0\la_act_r[0:0]
    48/59: $0\msg_type_r[7:0]
    49/59: $0\msg_open_r[0:0]
    50/59: $0\ll_addr_r[10:0]
    51/59: $0\bidx_r[5:0]
    52/59: $0\waddr_r[10:0]
    53/59: $0\slot_r[2:0]
    54/59: $0\drain_n_r[3:0]
    55/59: $0\cur_app_r[0:0]
    56/59: $0\st_r[3:0]
    57/59: $0\rd_idx_r[3:0]
    58/59: $0\cnt_mvrp_r[3:0]
    59/59: $0\cnt_msrp_r[3:0]
Creating decoders for process `$paramod$1224c55e5fd4121b95546e57d33a658897774d54\KL_srp_encoder.$proc$/tmp/pp112-portability.C4cOfK/srp.v:1265$5375'.
     1/155: $3\run_fp_at_f$func$/tmp/pp112-portability.C4cOfK/srp.v:1315$5255._sv2v_jump[1:0]$5689
     2/155: $3\run_fp_at_f$func$/tmp/pp112-portability.C4cOfK/srp.v:1315$5255.$result[1:0]$5688
     3/155: $2\run_fp_at_f$func$/tmp/pp112-portability.C4cOfK/srp.v:1315$5255._sv2v_jump[1:0]$5686
     4/155: $2\run_fp_at_f$func$/tmp/pp112-portability.C4cOfK/srp.v:1315$5255.$result[1:0]$5685
     5/155: $3\run_fp_at_f$func$/tmp/pp112-portability.C4cOfK/srp.v:1315$5254._sv2v_jump[1:0]$5679
     6/155: $3\run_fp_at_f$func$/tmp/pp112-portability.C4cOfK/srp.v:1315$5254.$result[1:0]$5678
     7/155: $2\run_fp_at_f$func$/tmp/pp112-portability.C4cOfK/srp.v:1315$5254._sv2v_jump[1:0]$5676
     8/155: $2\run_fp_at_f$func$/tmp/pp112-portability.C4cOfK/srp.v:1315$5254.$result[1:0]$5675
     9/155: $3\run_fp_at_f$func$/tmp/pp112-portability.C4cOfK/srp.v:1315$5253._sv2v_jump[1:0]$5669
    10/155: $3\run_fp_at_f$func$/tmp/pp112-portability.C4cOfK/srp.v:1315$5253.$result[1:0]$5668
    11/155: $2\run_fp_at_f$func$/tmp/pp112-portability.C4cOfK/srp.v:1315$5253._sv2v_jump[1:0]$5666
    12/155: $2\run_fp_at_f$func$/tmp/pp112-portability.C4cOfK/srp.v:1315$5253.$result[1:0]$5665
    13/155: $3\run_fp_at_f$func$/tmp/pp112-portability.C4cOfK/srp.v:1315$5252._sv2v_jump[1:0]$5659
    14/155: $3\run_fp_at_f$func$/tmp/pp112-portability.C4cOfK/srp.v:1315$5252.$result[1:0]$5658
    15/155: $2\run_fp_at_f$func$/tmp/pp112-portability.C4cOfK/srp.v:1315$5252._sv2v_jump[1:0]$5656
    16/155: $2\run_fp_at_f$func$/tmp/pp112-portability.C4cOfK/srp.v:1315$5252.$result[1:0]$5655
    17/155: $3\run_ev_at_f$func$/tmp/pp112-portability.C4cOfK/srp.v:1310$5240._sv2v_jump[1:0]$5644
    18/155: $3\run_ev_at_f$func$/tmp/pp112-portability.C4cOfK/srp.v:1310$5240.$result[2:0]$5643
    19/155: $2\run_ev_at_f$func$/tmp/pp112-portability.C4cOfK/srp.v:1310$5240._sv2v_jump[1:0]$5641
    20/155: $2\run_ev_at_f$func$/tmp/pp112-portability.C4cOfK/srp.v:1310$5240.$result[2:0]$5640
    21/155: $3\run_ev_at_f$func$/tmp/pp112-portability.C4cOfK/srp.v:1310$5239._sv2v_jump[1:0]$5634
    22/155: $3\run_ev_at_f$func$/tmp/pp112-portability.C4cOfK/srp.v:1310$5239.$result[2:0]$5633
    23/155: $2\run_ev_at_f$func$/tmp/pp112-portability.C4cOfK/srp.v:1310$5239._sv2v_jump[1:0]$5631
    24/155: $2\run_ev_at_f$func$/tmp/pp112-portability.C4cOfK/srp.v:1310$5239.$result[2:0]$5630
    25/155: $3\run_ev_at_f$func$/tmp/pp112-portability.C4cOfK/srp.v:1310$5238._sv2v_jump[1:0]$5624
    26/155: $3\run_ev_at_f$func$/tmp/pp112-portability.C4cOfK/srp.v:1310$5238.$result[2:0]$5623
    27/155: $2\run_ev_at_f$func$/tmp/pp112-portability.C4cOfK/srp.v:1310$5238._sv2v_jump[1:0]$5621
    28/155: $2\run_ev_at_f$func$/tmp/pp112-portability.C4cOfK/srp.v:1310$5238.$result[2:0]$5620
    29/155: $7\wr_data_w[7:0]
    30/155: $6\wr_data_w[7:0]
    31/155: $5\wr_data_w[7:0]
    32/155: $4\wr_data_w[7:0]
    33/155: $3\wr_data_w[7:0]
    34/155: $3\mac_byte_f$func$/tmp/pp112-portability.C4cOfK/srp.v:1279$5231.$result[7:0]$5591
    35/155: $3\sv2v_cast_32_signed$func$/tmp/pp112-portability.C4cOfK/srp.v:1055$5233.$result[31:0]$5596
    36/155: $3\sv2v_cast_32_signed$func$/tmp/pp112-portability.C4cOfK/srp.v:1055$5233.inp[31:0]$5597
    37/155: $3\sv2v_cast_32_signed$func$/tmp/pp112-portability.C4cOfK/srp.v:1055$5232.$result[31:0]$5594
    38/155: $3\sv2v_cast_32_signed$func$/tmp/pp112-portability.C4cOfK/srp.v:1055$5232.inp[31:0]$5595
    39/155: $3\mac_byte_f$func$/tmp/pp112-portability.C4cOfK/srp.v:1279$5231.i[5:0]$5593
    40/155: $3\mac_byte_f$func$/tmp/pp112-portability.C4cOfK/srp.v:1279$5231.v[47:0]$5592
    41/155: $2\wr_data_w[7:0]
    42/155: $2\mac_byte_f$func$/tmp/pp112-portability.C4cOfK/srp.v:1277$5228.$result[7:0]$5571
    43/155: $2\sv2v_cast_32_signed$func$/tmp/pp112-portability.C4cOfK/srp.v:1055$5230.$result[31:0]$5576
    44/155: $2\sv2v_cast_32_signed$func$/tmp/pp112-portability.C4cOfK/srp.v:1055$5230.inp[31:0]$5577
    45/155: $2\sv2v_cast_32_signed$func$/tmp/pp112-portability.C4cOfK/srp.v:1055$5229.$result[31:0]$5574
    46/155: $2\sv2v_cast_32_signed$func$/tmp/pp112-portability.C4cOfK/srp.v:1055$5229.inp[31:0]$5575
    47/155: $2\mac_byte_f$func$/tmp/pp112-portability.C4cOfK/srp.v:1277$5228.i[5:0]$5573
    48/155: $2\mac_byte_f$func$/tmp/pp112-portability.C4cOfK/srp.v:1277$5228.v[47:0]$5572
    49/155: $2\sv2v_cast_32_signed$func$/tmp/pp112-portability.C4cOfK/srp.v:1055$5233.inp[31:0]$5584
    50/155: $2\sv2v_cast_32_signed$func$/tmp/pp112-portability.C4cOfK/srp.v:1055$5233.$result[31:0]$5583
    51/155: $2\sv2v_cast_32_signed$func$/tmp/pp112-portability.C4cOfK/srp.v:1055$5232.inp[31:0]$5582
    52/155: $2\sv2v_cast_32_signed$func$/tmp/pp112-portability.C4cOfK/srp.v:1055$5232.$result[31:0]$5581
    53/155: $2\mac_byte_f$func$/tmp/pp112-portability.C4cOfK/srp.v:1279$5231.i[5:0]$5580
    54/155: $2\mac_byte_f$func$/tmp/pp112-portability.C4cOfK/srp.v:1279$5231.v[47:0]$5579
    55/155: $2\mac_byte_f$func$/tmp/pp112-portability.C4cOfK/srp.v:1279$5231.$result[7:0]$5578
    56/155: $1\sv2v_cast_32_signed$func$/tmp/pp112-portability.C4cOfK/srp.v:1055$5233.inp[31:0]$5486
    57/155: $1\sv2v_cast_32_signed$func$/tmp/pp112-portability.C4cOfK/srp.v:1055$5233.$result[31:0]$5485
    58/155: $1\sv2v_cast_32_signed$func$/tmp/pp112-portability.C4cOfK/srp.v:1055$5232.inp[31:0]$5484
    59/155: $1\sv2v_cast_32_signed$func$/tmp/pp112-portability.C4cOfK/srp.v:1055$5232.$result[31:0]$5483
    60/155: $1\mac_byte_f$func$/tmp/pp112-portability.C4cOfK/srp.v:1279$5231.i[5:0]$5482
    61/155: $1\mac_byte_f$func$/tmp/pp112-portability.C4cOfK/srp.v:1279$5231.v[47:0]$5481
    62/155: $1\mac_byte_f$func$/tmp/pp112-portability.C4cOfK/srp.v:1279$5231.$result[7:0]$5480
    63/155: $1\sv2v_cast_32_signed$func$/tmp/pp112-portability.C4cOfK/srp.v:1055$5230.inp[31:0]$5479
    64/155: $1\sv2v_cast_32_signed$func$/tmp/pp112-portability.C4cOfK/srp.v:1055$5230.$result[31:0]$5478
    65/155: $1\sv2v_cast_32_signed$func$/tmp/pp112-portability.C4cOfK/srp.v:1055$5229.inp[31:0]$5477
    66/155: $1\sv2v_cast_32_signed$func$/tmp/pp112-portability.C4cOfK/srp.v:1055$5229.$result[31:0]$5476
    67/155: $1\mac_byte_f$func$/tmp/pp112-portability.C4cOfK/srp.v:1277$5228.i[5:0]$5475
    68/155: $1\mac_byte_f$func$/tmp/pp112-portability.C4cOfK/srp.v:1277$5228.v[47:0]$5474
    69/155: $1\mac_byte_f$func$/tmp/pp112-portability.C4cOfK/srp.v:1277$5228.$result[7:0]$5473
    70/155: $1\wr_data_w[7:0]
    71/155: $1\nbytes_w[5:0]
    72/155: $1\wr_valid_w[0:0]
    73/155: $1\sv2v_cast_8$func$/tmp/pp112-portability.C4cOfK/srp.v:1072$5268.inp[7:0]$5569
    74/155: $1\sv2v_cast_8$func$/tmp/pp112-portability.C4cOfK/srp.v:1072$5268.$result[7:0]$5568
    75/155: $1\sv2v_cast_8$func$/tmp/pp112-portability.C4cOfK/srp.v:1072$5267.inp[7:0]$5567
    76/155: $1\sv2v_cast_8$func$/tmp/pp112-portability.C4cOfK/srp.v:1072$5267.$result[7:0]$5566
    77/155: $1\sv2v_cast_8$func$/tmp/pp112-portability.C4cOfK/srp.v:1072$5266.inp[7:0]$5565
    78/155: $1\sv2v_cast_8$func$/tmp/pp112-portability.C4cOfK/srp.v:1072$5266.$result[7:0]$5564
    79/155: $1\sv2v_cast_8$func$/tmp/pp112-portability.C4cOfK/srp.v:1072$5265.inp[7:0]$5563
    80/155: $1\sv2v_cast_8$func$/tmp/pp112-portability.C4cOfK/srp.v:1072$5265.$result[7:0]$5562
    81/155: $1\sv2v_cast_32$func$/tmp/pp112-portability.C4cOfK/srp.v:1201$5264.inp[31:0]$5561
    82/155: $1\sv2v_cast_32$func$/tmp/pp112-portability.C4cOfK/srp.v:1201$5264.$result[31:0]$5560
    83/155: $1\sv2v_cast_32$func$/tmp/pp112-portability.C4cOfK/srp.v:1201$5263.inp[31:0]$5559
    84/155: $1\sv2v_cast_32$func$/tmp/pp112-portability.C4cOfK/srp.v:1201$5263.$result[31:0]$5558
    85/155: $1\sv2v_cast_32$func$/tmp/pp112-portability.C4cOfK/srp.v:1201$5262.inp[31:0]$5557
    86/155: $1\sv2v_cast_32$func$/tmp/pp112-portability.C4cOfK/srp.v:1201$5262.$result[31:0]$5556
    87/155: $1\sv2v_cast_32$func$/tmp/pp112-portability.C4cOfK/srp.v:1201$5261.inp[31:0]$5555
    88/155: $1\sv2v_cast_32$func$/tmp/pp112-portability.C4cOfK/srp.v:1201$5261.$result[31:0]$5554
    89/155: $1\sv2v_cast_32$func$/tmp/pp112-portability.C4cOfK/srp.v:1201$5260.inp[31:0]$5553
    90/155: $1\sv2v_cast_32$func$/tmp/pp112-portability.C4cOfK/srp.v:1201$5260.$result[31:0]$5552
    91/155: $1\sv2v_cast_32$func$/tmp/pp112-portability.C4cOfK/srp.v:1201$5259.inp[31:0]$5551
    92/155: $1\sv2v_cast_32$func$/tmp/pp112-portability.C4cOfK/srp.v:1201$5259.$result[31:0]$5550
    93/155: $1\sv2v_cast_32$func$/tmp/pp112-portability.C4cOfK/srp.v:1201$5258.inp[31:0]$5549
    94/155: $1\sv2v_cast_32$func$/tmp/pp112-portability.C4cOfK/srp.v:1201$5258.$result[31:0]$5548
    95/155: $1\sv2v_cast_32$func$/tmp/pp112-portability.C4cOfK/srp.v:1201$5257.inp[31:0]$5547
    96/155: $1\sv2v_cast_32$func$/tmp/pp112-portability.C4cOfK/srp.v:1201$5257.$result[31:0]$5546
    97/155: $1\pack4_f$func$/tmp/pp112-portability.C4cOfK/srp.v:1315$5256.d[1:0]$5545
    98/155: $1\pack4_f$func$/tmp/pp112-portability.C4cOfK/srp.v:1315$5256.c[1:0]$5544
    99/155: $1\pack4_f$func$/tmp/pp112-portability.C4cOfK/srp.v:1315$5256.b[1:0]$5543
   100/155: $1\pack4_f$func$/tmp/pp112-portability.C4cOfK/srp.v:1315$5256.a[1:0]$5542
   101/155: $1\pack4_f$func$/tmp/pp112-portability.C4cOfK/srp.v:1315$5256.$result[7:0]$5541
   102/155: $1\run_fp_at_f$func$/tmp/pp112-portability.C4cOfK/srp.v:1315$5255._sv2v_jump[1:0]$5540
   103/155: $1\run_fp_at_f$func$/tmp/pp112-portability.C4cOfK/srp.v:1315$5255.j[5:0]$5539
   104/155: $1\run_fp_at_f$func$/tmp/pp112-portability.C4cOfK/srp.v:1315$5255.$result[1:0]$5538
   105/155: $1\run_fp_at_f$func$/tmp/pp112-portability.C4cOfK/srp.v:1315$5254._sv2v_jump[1:0]$5537
   106/155: $1\run_fp_at_f$func$/tmp/pp112-portability.C4cOfK/srp.v:1315$5254.j[5:0]$5536
   107/155: $1\run_fp_at_f$func$/tmp/pp112-portability.C4cOfK/srp.v:1315$5254.$result[1:0]$5535
   108/155: $1\run_fp_at_f$func$/tmp/pp112-portability.C4cOfK/srp.v:1315$5253._sv2v_jump[1:0]$5534
   109/155: $1\run_fp_at_f$func$/tmp/pp112-portability.C4cOfK/srp.v:1315$5253.j[5:0]$5533
   110/155: $1\run_fp_at_f$func$/tmp/pp112-portability.C4cOfK/srp.v:1315$5253.$result[1:0]$5532
   111/155: $1\run_fp_at_f$func$/tmp/pp112-portability.C4cOfK/srp.v:1315$5252._sv2v_jump[1:0]$5531
   112/155: $1\run_fp_at_f$func$/tmp/pp112-portability.C4cOfK/srp.v:1315$5252.j[5:0]$5530
   113/155: $1\run_fp_at_f$func$/tmp/pp112-portability.C4cOfK/srp.v:1315$5252.$result[1:0]$5529
   114/155: $1\sv2v_cast_6$func$/tmp/pp112-portability.C4cOfK/srp.v:1314$5251.inp[5:0]$5528
   115/155: $1\sv2v_cast_6$func$/tmp/pp112-portability.C4cOfK/srp.v:1314$5251.$result[5:0]$5527
   116/155: $1\sv2v_cast_8$func$/tmp/pp112-portability.C4cOfK/srp.v:1065$5250.inp[7:0]$5526
   117/155: $1\sv2v_cast_8$func$/tmp/pp112-portability.C4cOfK/srp.v:1065$5250.$result[7:0]$5525
   118/155: $1\sv2v_cast_8$func$/tmp/pp112-portability.C4cOfK/srp.v:1065$5249.inp[7:0]$5524
   119/155: $1\sv2v_cast_8$func$/tmp/pp112-portability.C4cOfK/srp.v:1065$5249.$result[7:0]$5523
   120/155: $1\sv2v_cast_8$func$/tmp/pp112-portability.C4cOfK/srp.v:1065$5248.inp[7:0]$5522
   121/155: $1\sv2v_cast_8$func$/tmp/pp112-portability.C4cOfK/srp.v:1065$5248.$result[7:0]$5521
   122/155: $1\sv2v_cast_32$func$/tmp/pp112-portability.C4cOfK/srp.v:1186$5247.inp[31:0]$5520
   123/155: $1\sv2v_cast_32$func$/tmp/pp112-portability.C4cOfK/srp.v:1186$5247.$result[31:0]$5519
   124/155: $1\sv2v_cast_32$func$/tmp/pp112-portability.C4cOfK/srp.v:1186$5246.inp[31:0]$5518
   125/155: $1\sv2v_cast_32$func$/tmp/pp112-portability.C4cOfK/srp.v:1186$5246.$result[31:0]$5517
   126/155: $1\sv2v_cast_32$func$/tmp/pp112-portability.C4cOfK/srp.v:1186$5245.inp[31:0]$5516
   127/155: $1\sv2v_cast_32$func$/tmp/pp112-portability.C4cOfK/srp.v:1186$5245.$result[31:0]$5515
   128/155: $1\sv2v_cast_32$func$/tmp/pp112-portability.C4cOfK/srp.v:1186$5244.inp[31:0]$5514
   129/155: $1\sv2v_cast_32$func$/tmp/pp112-portability.C4cOfK/srp.v:1186$5244.$result[31:0]$5513
   130/155: $1\sv2v_cast_32$func$/tmp/pp112-portability.C4cOfK/srp.v:1186$5243.inp[31:0]$5512
   131/155: $1\sv2v_cast_32$func$/tmp/pp112-portability.C4cOfK/srp.v:1186$5243.$result[31:0]$5511
   132/155: $1\sv2v_cast_32$func$/tmp/pp112-portability.C4cOfK/srp.v:1186$5242.inp[31:0]$5510
   133/155: $1\sv2v_cast_32$func$/tmp/pp112-portability.C4cOfK/srp.v:1186$5242.$result[31:0]$5509
   134/155: $1\pack3_f$func$/tmp/pp112-portability.C4cOfK/srp.v:1310$5241.c[2:0]$5508
   135/155: $1\pack3_f$func$/tmp/pp112-portability.C4cOfK/srp.v:1310$5241.b[2:0]$5507
   136/155: $1\pack3_f$func$/tmp/pp112-portability.C4cOfK/srp.v:1310$5241.a[2:0]$5506
   137/155: $1\pack3_f$func$/tmp/pp112-portability.C4cOfK/srp.v:1310$5241.$result[7:0]$5505
   138/155: $1\run_ev_at_f$func$/tmp/pp112-portability.C4cOfK/srp.v:1310$5240._sv2v_jump[1:0]$5504
   139/155: $1\run_ev_at_f$func$/tmp/pp112-portability.C4cOfK/srp.v:1310$5240.j[5:0]$5503
   140/155: $1\run_ev_at_f$func$/tmp/pp112-portability.C4cOfK/srp.v:1310$5240.$result[2:0]$5502
   141/155: $1\run_ev_at_f$func$/tmp/pp112-portability.C4cOfK/srp.v:1310$5239._sv2v_jump[1:0]$5501
   142/155: $1\run_ev_at_f$func$/tmp/pp112-portability.C4cOfK/srp.v:1310$5239.j[5:0]$5500
   143/155: $1\run_ev_at_f$func$/tmp/pp112-portability.C4cOfK/srp.v:1310$5239.$result[2:0]$5499
   144/155: $1\run_ev_at_f$func$/tmp/pp112-portability.C4cOfK/srp.v:1310$5238._sv2v_jump[1:0]$5498
   145/155: $1\run_ev_at_f$func$/tmp/pp112-portability.C4cOfK/srp.v:1310$5238.j[5:0]$5497
   146/155: $1\run_ev_at_f$func$/tmp/pp112-portability.C4cOfK/srp.v:1310$5238.$result[2:0]$5496
   147/155: $1\sv2v_cast_6$func$/tmp/pp112-portability.C4cOfK/srp.v:1309$5237.inp[5:0]$5495
   148/155: $1\sv2v_cast_6$func$/tmp/pp112-portability.C4cOfK/srp.v:1309$5237.$result[5:0]$5494
   149/155: $1\sv2v_cast_32_signed$func$/tmp/pp112-portability.C4cOfK/srp.v:1050$5236.inp[31:0]$5493
   150/155: $1\sv2v_cast_32_signed$func$/tmp/pp112-portability.C4cOfK/srp.v:1050$5236.$result[31:0]$5492
   151/155: $1\sv2v_cast_32_signed$func$/tmp/pp112-portability.C4cOfK/srp.v:1050$5235.inp[31:0]$5491
   152/155: $1\sv2v_cast_32_signed$func$/tmp/pp112-portability.C4cOfK/srp.v:1050$5235.$result[31:0]$5490
   153/155: $1\fv_byte_f$func$/tmp/pp112-portability.C4cOfK/srp.v:1305$5234.i[5:0]$5489
   154/155: $1\fv_byte_f$func$/tmp/pp112-portability.C4cOfK/srp.v:1305$5234.v[271:0]$5488
   155/155: $1\fv_byte_f$func$/tmp/pp112-portability.C4cOfK/srp.v:1305$5234.$result[7:0]$5487
Creating decoders for process `$paramod$1224c55e5fd4121b95546e57d33a658897774d54\KL_srp_encoder.$proc$/tmp/pp112-portability.C4cOfK/srp.v:1238$5370'.
     1/4: $4\la_next_w[7:0]
     2/4: $3\la_next_w[7:0]
     3/4: $2\la_next_w[7:0]
     4/4: $1\la_next_w[7:0]
Creating decoders for process `$paramod$1224c55e5fd4121b95546e57d33a658897774d54\KL_srp_encoder.$proc$/tmp/pp112-portability.C4cOfK/srp.v:1154$5343'.
     1/4: $1\cap_val_w[271:0]
     2/4: $1\cap_fp_w[1:0]
     3/4: $1\cap_ev_w[2:0]
     4/4: $1\cap_type_w[7:0]
Creating decoders for process `$paramod$1224c55e5fd4121b95546e57d33a658897774d54\KL_srp_encoder.$proc$/tmp/pp112-portability.C4cOfK/srp.v:1143$5340'.
Creating decoders for process `$paramod$1224c55e5fd4121b95546e57d33a658897774d54\KL_srp_encoder.$proc$/tmp/pp112-portability.C4cOfK/srp.v:1137$5327'.
     1/6: $1$memwr$\mvrp_ram_r$/tmp/pp112-portability.C4cOfK/srp.v:1141$5285_EN[18:0]$5339
     2/6: $1$memwr$\mvrp_ram_r$/tmp/pp112-portability.C4cOfK/srp.v:1141$5285_DATA[18:0]$5338
     3/6: $1$memwr$\mvrp_ram_r$/tmp/pp112-portability.C4cOfK/srp.v:1141$5285_ADDR[3:0]$5337
     4/6: $1$memwr$\msrp_ram_r$/tmp/pp112-portability.C4cOfK/srp.v:1139$5284_EN[284:0]$5336
     5/6: $1$memwr$\msrp_ram_r$/tmp/pp112-portability.C4cOfK/srp.v:1139$5284_DATA[284:0]$5335
     6/6: $1$memwr$\msrp_ram_r$/tmp/pp112-portability.C4cOfK/srp.v:1139$5284_ADDR[3:0]$5334

3.8. Executing PROC_DLATCH pass (convert process syncs to latches).
No latch inferred for signal `$paramod\KL_srp_decoder\TP_DEPTH_P=32'00000000000000000000010000000000.\_sv2v_0' from process `$paramod\KL_srp_decoder\TP_DEPTH_P=32'00000000000000000000010000000000.$proc$/tmp/pp112-portability.C4cOfK/srp.v:723$9930'.
No latch inferred for signal `$paramod\KL_srp_decoder\TP_DEPTH_P=32'00000000000000000000010000000000.\srp_pkg_srp_tp_digit$func$/tmp/pp112-portability.C4cOfK/srp.v:349$9719.$result' from process `$paramod\KL_srp_decoder\TP_DEPTH_P=32'00000000000000000000010000000000.$proc$/tmp/pp112-portability.C4cOfK/srp.v:349$9919'.
No latch inferred for signal `$paramod\KL_srp_decoder\TP_DEPTH_P=32'00000000000000000000010000000000.\srp_pkg_srp_tp_digit$func$/tmp/pp112-portability.C4cOfK/srp.v:348$9718.$result' from process `$paramod\KL_srp_decoder\TP_DEPTH_P=32'00000000000000000000010000000000.$proc$/tmp/pp112-portability.C4cOfK/srp.v:348$9908'.
No latch inferred for signal `$paramod\KL_srp_decoder\TP_DEPTH_P=32'00000000000000000000010000000000.\fp_code_w' from process `$paramod\KL_srp_decoder\TP_DEPTH_P=32'00000000000000000000010000000000.$proc$/tmp/pp112-portability.C4cOfK/srp.v:351$9786'.
No latch inferred for signal `$paramod\KL_srp_decoder\TP_DEPTH_P=32'00000000000000000000010000000000.\len_ok_w' from process `$paramod\KL_srp_decoder\TP_DEPTH_P=32'00000000000000000000010000000000.$proc$/tmp/pp112-portability.C4cOfK/srp.v:304$9756'.
No latch inferred for signal `$paramod\KL_srp_decoder\TP_DEPTH_P=32'00000000000000000000010000000000.\mrp_ready_o' from process `$paramod\KL_srp_decoder\TP_DEPTH_P=32'00000000000000000000010000000000.$proc$/tmp/pp112-portability.C4cOfK/srp.v:288$9751'.
No latch inferred for signal `\KL_srp_top.\_sv2v_0' from process `\KL_srp_top.$proc$/tmp/pp112-portability.C4cOfK/srp.v:4028$5121'.
No latch inferred for signal `\KL_srp_top.\sv2v_cast_32$func$/tmp/pp112-portability.C4cOfK/srp.v:3860$4668.$result' from process `\KL_srp_top.$proc$/tmp/pp112-portability.C4cOfK/srp.v:3860$5117'.
No latch inferred for signal `\KL_srp_top.\sv2v_cast_32$func$/tmp/pp112-portability.C4cOfK/srp.v:3858$4667.$result' from process `\KL_srp_top.$proc$/tmp/pp112-portability.C4cOfK/srp.v:3858$5113'.
No latch inferred for signal `\KL_srp_top.\cad_ix_w' from process `\KL_srp_top.$proc$/tmp/pp112-portability.C4cOfK/srp.v:3847$4988'.
No latch inferred for signal `\KL_srp_top.\cad_pick.sv2v_autoblock_2.i' from process `\KL_srp_top.$proc$/tmp/pp112-portability.C4cOfK/srp.v:3847$4988'.
No latch inferred for signal `\KL_srp_top.\adm_invalidate_w' from process `\KL_srp_top.$proc$/tmp/pp112-portability.C4cOfK/srp.v:3659$4734'.
No latch inferred for signal `\KL_srp_top.\enc_ev_valid_w' from process `\KL_srp_top.$proc$/tmp/pp112-portability.C4cOfK/srp.v:3568$4711'.
No latch inferred for signal `\KL_srp_top.\enc_ev_app_w' from process `\KL_srp_top.$proc$/tmp/pp112-portability.C4cOfK/srp.v:3568$4711'.
No latch inferred for signal `\KL_srp_top.\enc_ev_type_w' from process `\KL_srp_top.$proc$/tmp/pp112-portability.C4cOfK/srp.v:3568$4711'.
No latch inferred for signal `\KL_srp_top.\enc_ev_event_w' from process `\KL_srp_top.$proc$/tmp/pp112-portability.C4cOfK/srp.v:3568$4711'.
No latch inferred for signal `\KL_srp_top.\enc_ev_fp_w' from process `\KL_srp_top.$proc$/tmp/pp112-portability.C4cOfK/srp.v:3568$4711'.
No latch inferred for signal `\KL_srp_top.\enc_ev_value_w' from process `\KL_srp_top.$proc$/tmp/pp112-portability.C4cOfK/srp.v:3568$4711'.
No latch inferred for signal `$paramod$391fbb556570799cf2e9dffc5ef8b362f93a0423\KL_srp_vlan.\_sv2v_0' from process `$paramod$391fbb556570799cf2e9dffc5ef8b362f93a0423\KL_srp_vlan.$proc$/tmp/pp112-portability.C4cOfK/srp.v:4267$9692'.
No latch inferred for signal `$paramod$391fbb556570799cf2e9dffc5ef8b362f93a0423\KL_srp_vlan.\tbl_we_w' from process `$paramod$391fbb556570799cf2e9dffc5ef8b362f93a0423\KL_srp_vlan.$proc$/tmp/pp112-portability.C4cOfK/srp.v:4115$9623'.
No latch inferred for signal `$paramod$391fbb556570799cf2e9dffc5ef8b362f93a0423\KL_srp_vlan.\tbl_wix_w' from process `$paramod$391fbb556570799cf2e9dffc5ef8b362f93a0423\KL_srp_vlan.$proc$/tmp/pp112-portability.C4cOfK/srp.v:4115$9623'.
No latch inferred for signal `$paramod$391fbb556570799cf2e9dffc5ef8b362f93a0423\KL_srp_vlan.\tbl_wdat_w' from process `$paramod$391fbb556570799cf2e9dffc5ef8b362f93a0423\KL_srp_vlan.$proc$/tmp/pp112-portability.C4cOfK/srp.v:4115$9623'.
No latch inferred for signal `$paramod\KL_srp_admission\N_SOURCES_P=32'00000000000000000000000000001000.\_sv2v_0' from process `$paramod\KL_srp_admission\N_SOURCES_P=32'00000000000000000000000000001000.$proc$/tmp/pp112-portability.C4cOfK/srp.v:181$9598'.
No latch inferred for signal `$paramod\KL_srp_admission\N_SOURCES_P=32'00000000000000000000000000001000.\sv2v_cast_32$func$/tmp/pp112-portability.C4cOfK/srp.v:112$9447.$result' from process `$paramod\KL_srp_admission\N_SOURCES_P=32'00000000000000000000000000001000.$proc$/tmp/pp112-portability.C4cOfK/srp.v:112$9594'.
No latch inferred for signal `$paramod\KL_srp_admission\N_SOURCES_P=32'00000000000000000000000000001000.\sr_admitted_o' from process `$paramod\KL_srp_admission\N_SOURCES_P=32'00000000000000000000000000001000.$proc$/tmp/pp112-portability.C4cOfK/srp.v:167$9569'.
No latch inferred for signal `$paramod\KL_srp_admission\N_SOURCES_P=32'00000000000000000000000000001000.\granted_slope_bps_o' from process `$paramod\KL_srp_admission\N_SOURCES_P=32'00000000000000000000000000001000.$proc$/tmp/pp112-portability.C4cOfK/srp.v:167$9569'.
No latch inferred for signal `$paramod\KL_srp_admission\N_SOURCES_P=32'00000000000000000000000000001000.\publish.sv2v_autoblock_2.s' from process `$paramod\KL_srp_admission\N_SOURCES_P=32'00000000000000000000000000001000.$proc$/tmp/pp112-portability.C4cOfK/srp.v:167$9569'.
No latch inferred for signal `$paramod\KL_srp_admission\N_SOURCES_P=32'00000000000000000000000000001000.\wgrant_now_w' from process `$paramod\KL_srp_admission\N_SOURCES_P=32'00000000000000000000000000001000.$proc$/tmp/pp112-portability.C4cOfK/srp.v:115$9536'.
No latch inferred for signal `$paramod\KL_srp_admission\N_SOURCES_P=32'00000000000000000000000000001000.\wgslope_now_w' from process `$paramod\KL_srp_admission\N_SOURCES_P=32'00000000000000000000000000001000.$proc$/tmp/pp112-portability.C4cOfK/srp.v:115$9536'.
No latch inferred for signal `$paramod$88c47cdca12b5c3898cef34ad98804b2496da97e\KL_srp_talker_fsm.\_sv2v_0' from process `$paramod$88c47cdca12b5c3898cef34ad98804b2496da97e\KL_srp_talker_fsm.$proc$/tmp/pp112-portability.C4cOfK/srp.v:3014$9442'.
No latch inferred for signal `$paramod$88c47cdca12b5c3898cef34ad98804b2496da97e\KL_srp_talker_fsm.\sv2v_cast_32$func$/tmp/pp112-portability.C4cOfK/srp.v:2840$7645.$result' from process `$paramod$88c47cdca12b5c3898cef34ad98804b2496da97e\KL_srp_talker_fsm.$proc$/tmp/pp112-portability.C4cOfK/srp.v:2840$9438'.
No latch inferred for signal `$paramod$88c47cdca12b5c3898cef34ad98804b2496da97e\KL_srp_talker_fsm.\msrp_fail_code_o' from process `$paramod$88c47cdca12b5c3898cef34ad98804b2496da97e\KL_srp_talker_fsm.$proc$/tmp/pp112-portability.C4cOfK/srp.v:2997$9157'.
No latch inferred for signal `$paramod$88c47cdca12b5c3898cef34ad98804b2496da97e\KL_srp_talker_fsm.\msrp_fail_bridge_o' from process `$paramod$88c47cdca12b5c3898cef34ad98804b2496da97e\KL_srp_talker_fsm.$proc$/tmp/pp112-portability.C4cOfK/srp.v:2997$9157'.
No latch inferred for signal `$paramod$88c47cdca12b5c3898cef34ad98804b2496da97e\KL_srp_talker_fsm.\dbg_app_state_o' from process `$paramod$88c47cdca12b5c3898cef34ad98804b2496da97e\KL_srp_talker_fsm.$proc$/tmp/pp112-portability.C4cOfK/srp.v:2997$9157'.
No latch inferred for signal `$paramod$88c47cdca12b5c3898cef34ad98804b2496da97e\KL_srp_talker_fsm.\dbg_reg_state_o' from process `$paramod$88c47cdca12b5c3898cef34ad98804b2496da97e\KL_srp_talker_fsm.$proc$/tmp/pp112-portability.C4cOfK/srp.v:2997$9157'.
No latch inferred for signal `$paramod$88c47cdca12b5c3898cef34ad98804b2496da97e\KL_srp_talker_fsm.\tk_decl_state_o' from process `$paramod$88c47cdca12b5c3898cef34ad98804b2496da97e\KL_srp_talker_fsm.$proc$/tmp/pp112-portability.C4cOfK/srp.v:2997$9157'.
No latch inferred for signal `$paramod$88c47cdca12b5c3898cef34ad98804b2496da97e\KL_srp_talker_fsm.\lstn_reg_state_o' from process `$paramod$88c47cdca12b5c3898cef34ad98804b2496da97e\KL_srp_talker_fsm.$proc$/tmp/pp112-portability.C4cOfK/srp.v:2997$9157'.
No latch inferred for signal `$paramod$88c47cdca12b5c3898cef34ad98804b2496da97e\KL_srp_talker_fsm.\active_o' from process `$paramod$88c47cdca12b5c3898cef34ad98804b2496da97e\KL_srp_talker_fsm.$proc$/tmp/pp112-portability.C4cOfK/srp.v:2997$9157'.
No latch inferred for signal `$paramod$88c47cdca12b5c3898cef34ad98804b2496da97e\KL_srp_talker_fsm.\status_map.sv2v_autoblock_10.s' from process `$paramod$88c47cdca12b5c3898cef34ad98804b2496da97e\KL_srp_talker_fsm.$proc$/tmp/pp112-portability.C4cOfK/srp.v:2997$9157'.
No latch inferred for signal `$paramod$88c47cdca12b5c3898cef34ad98804b2496da97e\KL_srp_talker_fsm.\user_vid_o' from process `$paramod$88c47cdca12b5c3898cef34ad98804b2496da97e\KL_srp_talker_fsm.$proc$/tmp/pp112-portability.C4cOfK/srp.v:2937$8994'.
No latch inferred for signal `$paramod$88c47cdca12b5c3898cef34ad98804b2496da97e\KL_srp_talker_fsm.\vsel_v_w' from process `$paramod$88c47cdca12b5c3898cef34ad98804b2496da97e\KL_srp_talker_fsm.$proc$/tmp/pp112-portability.C4cOfK/srp.v:2937$8994'.
No latch inferred for signal `$paramod$88c47cdca12b5c3898cef34ad98804b2496da97e\KL_srp_talker_fsm.\vsel_join_w' from process `$paramod$88c47cdca12b5c3898cef34ad98804b2496da97e\KL_srp_talker_fsm.$proc$/tmp/pp112-portability.C4cOfK/srp.v:2937$8994'.
No latch inferred for signal `$paramod$88c47cdca12b5c3898cef34ad98804b2496da97e\KL_srp_talker_fsm.\vsel_ix_w' from process `$paramod$88c47cdca12b5c3898cef34ad98804b2496da97e\KL_srp_talker_fsm.$proc$/tmp/pp112-portability.C4cOfK/srp.v:2937$8994'.
No latch inferred for signal `$paramod$88c47cdca12b5c3898cef34ad98804b2496da97e\KL_srp_talker_fsm.\vlan_sel.sv2v_autoblock_9.s' from process `$paramod$88c47cdca12b5c3898cef34ad98804b2496da97e\KL_srp_talker_fsm.$proc$/tmp/pp112-portability.C4cOfK/srp.v:2937$8994'.
No latch inferred for signal `$paramod$88c47cdca12b5c3898cef34ad98804b2496da97e\KL_srp_talker_fsm.\tsel_v_w' from process `$paramod$88c47cdca12b5c3898cef34ad98804b2496da97e\KL_srp_talker_fsm.$proc$/tmp/pp112-portability.C4cOfK/srp.v:2854$8700'.
No latch inferred for signal `$paramod$88c47cdca12b5c3898cef34ad98804b2496da97e\KL_srp_talker_fsm.\tsel_ix_w' from process `$paramod$88c47cdca12b5c3898cef34ad98804b2496da97e\KL_srp_talker_fsm.$proc$/tmp/pp112-portability.C4cOfK/srp.v:2854$8700'.
No latch inferred for signal `$paramod$88c47cdca12b5c3898cef34ad98804b2496da97e\KL_srp_talker_fsm.\tissue_sel.sv2v_autoblock_6.s' from process `$paramod$88c47cdca12b5c3898cef34ad98804b2496da97e\KL_srp_talker_fsm.$proc$/tmp/pp112-portability.C4cOfK/srp.v:2854$8700'.
No latch inferred for signal `$paramod$88c47cdca12b5c3898cef34ad98804b2496da97e\KL_srp_talker_fsm.\lstn_out_w' from process `$paramod$88c47cdca12b5c3898cef34ad98804b2496da97e\KL_srp_talker_fsm.$proc$/tmp/pp112-portability.C4cOfK/srp.v:2843$8683'.
No latch inferred for signal `$paramod$88c47cdca12b5c3898cef34ad98804b2496da97e\KL_srp_talker_fsm.\lstn_out_map.sv2v_autoblock_5.s' from process `$paramod$88c47cdca12b5c3898cef34ad98804b2496da97e\KL_srp_talker_fsm.$proc$/tmp/pp112-portability.C4cOfK/srp.v:2843$8683'.
No latch inferred for signal `$paramod$88c47cdca12b5c3898cef34ad98804b2496da97e\KL_srp_talker_fsm.\wval_w' from process `$paramod$88c47cdca12b5c3898cef34ad98804b2496da97e\KL_srp_talker_fsm.$proc$/tmp/pp112-portability.C4cOfK/srp.v:2696$8072'.
No latch inferred for signal `$paramod$88c47cdca12b5c3898cef34ad98804b2496da97e\KL_srp_talker_fsm.\wmsg_w' from process `$paramod$88c47cdca12b5c3898cef34ad98804b2496da97e\KL_srp_talker_fsm.$proc$/tmp/pp112-portability.C4cOfK/srp.v:2696$8072'.
No latch inferred for signal `$paramod$88c47cdca12b5c3898cef34ad98804b2496da97e\KL_srp_talker_fsm.\app_ev_v_w' from process `$paramod$88c47cdca12b5c3898cef34ad98804b2496da97e\KL_srp_talker_fsm.$proc$/tmp/pp112-portability.C4cOfK/srp.v:2649$7879'.
No latch inferred for signal `$paramod$88c47cdca12b5c3898cef34ad98804b2496da97e\KL_srp_talker_fsm.\app_ev_w' from process `$paramod$88c47cdca12b5c3898cef34ad98804b2496da97e\KL_srp_talker_fsm.$proc$/tmp/pp112-portability.C4cOfK/srp.v:2649$7879'.
No latch inferred for signal `$paramod$88c47cdca12b5c3898cef34ad98804b2496da97e\KL_srp_talker_fsm.\rla_grant_w' from process `$paramod$88c47cdca12b5c3898cef34ad98804b2496da97e\KL_srp_talker_fsm.$proc$/tmp/pp112-portability.C4cOfK/srp.v:2649$7879'.
No latch inferred for signal `$paramod$88c47cdca12b5c3898cef34ad98804b2496da97e\KL_srp_talker_fsm.\per_grant_w' from process `$paramod$88c47cdca12b5c3898cef34ad98804b2496da97e\KL_srp_talker_fsm.$proc$/tmp/pp112-portability.C4cOfK/srp.v:2649$7879'.
No latch inferred for signal `$paramod$88c47cdca12b5c3898cef34ad98804b2496da97e\KL_srp_talker_fsm.\walk_grant_w' from process `$paramod$88c47cdca12b5c3898cef34ad98804b2496da97e\KL_srp_talker_fsm.$proc$/tmp/pp112-portability.C4cOfK/srp.v:2649$7879'.
No latch inferred for signal `$paramod$88c47cdca12b5c3898cef34ad98804b2496da97e\KL_srp_talker_fsm.\adm_grant_w' from process `$paramod$88c47cdca12b5c3898cef34ad98804b2496da97e\KL_srp_talker_fsm.$proc$/tmp/pp112-portability.C4cOfK/srp.v:2649$7879'.
No latch inferred for signal `$paramod$88c47cdca12b5c3898cef34ad98804b2496da97e\KL_srp_talker_fsm.\adm_fix_w' from process `$paramod$88c47cdca12b5c3898cef34ad98804b2496da97e\KL_srp_talker_fsm.$proc$/tmp/pp112-portability.C4cOfK/srp.v:2649$7879'.
No latch inferred for signal `$paramod$88c47cdca12b5c3898cef34ad98804b2496da97e\KL_srp_talker_fsm.\app_arb.sv2v_autoblock_3.s' from process `$paramod$88c47cdca12b5c3898cef34ad98804b2496da97e\KL_srp_talker_fsm.$proc$/tmp/pp112-portability.C4cOfK/srp.v:2649$7879'.
No latch inferred for signal `$paramod$88c47cdca12b5c3898cef34ad98804b2496da97e\KL_srp_talker_fsm.\la_rx_app_w' from process `$paramod$88c47cdca12b5c3898cef34ad98804b2496da97e\KL_srp_talker_fsm.$proc$/tmp/pp112-portability.C4cOfK/srp.v:2626$7868'.
No latch inferred for signal `$paramod$88c47cdca12b5c3898cef34ad98804b2496da97e\KL_srp_talker_fsm.\la_rx_app_map.sv2v_autoblock_2.s' from process `$paramod$88c47cdca12b5c3898cef34ad98804b2496da97e\KL_srp_talker_fsm.$proc$/tmp/pp112-portability.C4cOfK/srp.v:2626$7868'.
No latch inferred for signal `$paramod$88c47cdca12b5c3898cef34ad98804b2496da97e\KL_srp_talker_fsm.\app_rx_hit_w' from process `$paramod$88c47cdca12b5c3898cef34ad98804b2496da97e\KL_srp_talker_fsm.$proc$/tmp/pp112-portability.C4cOfK/srp.v:2610$7706'.
No latch inferred for signal `$paramod$88c47cdca12b5c3898cef34ad98804b2496da97e\KL_srp_talker_fsm.\reg_rx_hit_w' from process `$paramod$88c47cdca12b5c3898cef34ad98804b2496da97e\KL_srp_talker_fsm.$proc$/tmp/pp112-portability.C4cOfK/srp.v:2610$7706'.
No latch inferred for signal `$paramod$88c47cdca12b5c3898cef34ad98804b2496da97e\KL_srp_talker_fsm.\rx_app_ev_w' from process `$paramod$88c47cdca12b5c3898cef34ad98804b2496da97e\KL_srp_talker_fsm.$proc$/tmp/pp112-portability.C4cOfK/srp.v:2610$7706'.
No latch inferred for signal `$paramod$88c47cdca12b5c3898cef34ad98804b2496da97e\KL_srp_talker_fsm.\hit_map.sv2v_autoblock_1.s' from process `$paramod$88c47cdca12b5c3898cef34ad98804b2496da97e\KL_srp_talker_fsm.$proc$/tmp/pp112-portability.C4cOfK/srp.v:2610$7706'.
No latch inferred for signal `$paramod$332570c9ba38493029a13e59b85c21b68cddc498\KL_srp_listener_fsm.\_sv2v_0' from process `$paramod$332570c9ba38493029a13e59b85c21b68cddc498\KL_srp_listener_fsm.$proc$/tmp/pp112-portability.C4cOfK/srp.v:2297$7597'.
No latch inferred for signal `$paramod$332570c9ba38493029a13e59b85c21b68cddc498\KL_srp_listener_fsm.\sv2v_cast_32$func$/tmp/pp112-portability.C4cOfK/srp.v:1920$5873.$result' from process `$paramod$332570c9ba38493029a13e59b85c21b68cddc498\KL_srp_listener_fsm.$proc$/tmp/pp112-portability.C4cOfK/srp.v:1920$7593'.
No latch inferred for signal `$paramod$332570c9ba38493029a13e59b85c21b68cddc498\KL_srp_listener_fsm.\tk_reg_state_o' from process `$paramod$332570c9ba38493029a13e59b85c21b68cddc498\KL_srp_listener_fsm.$proc$/tmp/pp112-portability.C4cOfK/srp.v:2280$7432'.
No latch inferred for signal `$paramod$332570c9ba38493029a13e59b85c21b68cddc498\KL_srp_listener_fsm.\lstn_decl_state_o' from process `$paramod$332570c9ba38493029a13e59b85c21b68cddc498\KL_srp_listener_fsm.$proc$/tmp/pp112-portability.C4cOfK/srp.v:2280$7432'.
No latch inferred for signal `$paramod$332570c9ba38493029a13e59b85c21b68cddc498\KL_srp_listener_fsm.\acc_latency_o' from process `$paramod$332570c9ba38493029a13e59b85c21b68cddc498\KL_srp_listener_fsm.$proc$/tmp/pp112-portability.C4cOfK/srp.v:2280$7432'.
No latch inferred for signal `$paramod$332570c9ba38493029a13e59b85c21b68cddc498\KL_srp_listener_fsm.\msrp_fail_code_o' from process `$paramod$332570c9ba38493029a13e59b85c21b68cddc498\KL_srp_listener_fsm.$proc$/tmp/pp112-portability.C4cOfK/srp.v:2280$7432'.
No latch inferred for signal `$paramod$332570c9ba38493029a13e59b85c21b68cddc498\KL_srp_listener_fsm.\msrp_fail_bridge_o' from process `$paramod$332570c9ba38493029a13e59b85c21b68cddc498\KL_srp_listener_fsm.$proc$/tmp/pp112-portability.C4cOfK/srp.v:2280$7432'.
No latch inferred for signal `$paramod$332570c9ba38493029a13e59b85c21b68cddc498\KL_srp_listener_fsm.\dbg_app_state_o' from process `$paramod$332570c9ba38493029a13e59b85c21b68cddc498\KL_srp_listener_fsm.$proc$/tmp/pp112-portability.C4cOfK/srp.v:2280$7432'.
No latch inferred for signal `$paramod$332570c9ba38493029a13e59b85c21b68cddc498\KL_srp_listener_fsm.\dbg_reg_state_o' from process `$paramod$332570c9ba38493029a13e59b85c21b68cddc498\KL_srp_listener_fsm.$proc$/tmp/pp112-portability.C4cOfK/srp.v:2280$7432'.
No latch inferred for signal `$paramod$332570c9ba38493029a13e59b85c21b68cddc498\KL_srp_listener_fsm.\status_map.sv2v_autoblock_9.s' from process `$paramod$332570c9ba38493029a13e59b85c21b68cddc498\KL_srp_listener_fsm.$proc$/tmp/pp112-portability.C4cOfK/srp.v:2280$7432'.
No latch inferred for signal `$paramod$332570c9ba38493029a13e59b85c21b68cddc498\KL_srp_listener_fsm.\user_vid_o' from process `$paramod$332570c9ba38493029a13e59b85c21b68cddc498\KL_srp_listener_fsm.$proc$/tmp/pp112-portability.C4cOfK/srp.v:2220$7269'.
No latch inferred for signal `$paramod$332570c9ba38493029a13e59b85c21b68cddc498\KL_srp_listener_fsm.\vsel_v_w' from process `$paramod$332570c9ba38493029a13e59b85c21b68cddc498\KL_srp_listener_fsm.$proc$/tmp/pp112-portability.C4cOfK/srp.v:2220$7269'.
No latch inferred for signal `$paramod$332570c9ba38493029a13e59b85c21b68cddc498\KL_srp_listener_fsm.\vsel_join_w' from process `$paramod$332570c9ba38493029a13e59b85c21b68cddc498\KL_srp_listener_fsm.$proc$/tmp/pp112-portability.C4cOfK/srp.v:2220$7269'.
No latch inferred for signal `$paramod$332570c9ba38493029a13e59b85c21b68cddc498\KL_srp_listener_fsm.\vsel_ix_w' from process `$paramod$332570c9ba38493029a13e59b85c21b68cddc498\KL_srp_listener_fsm.$proc$/tmp/pp112-portability.C4cOfK/srp.v:2220$7269'.
No latch inferred for signal `$paramod$332570c9ba38493029a13e59b85c21b68cddc498\KL_srp_listener_fsm.\vlan_sel.sv2v_autoblock_8.s' from process `$paramod$332570c9ba38493029a13e59b85c21b68cddc498\KL_srp_listener_fsm.$proc$/tmp/pp112-portability.C4cOfK/srp.v:2220$7269'.
No latch inferred for signal `$paramod$332570c9ba38493029a13e59b85c21b68cddc498\KL_srp_listener_fsm.\tsel_v_w' from process `$paramod$332570c9ba38493029a13e59b85c21b68cddc498\KL_srp_listener_fsm.$proc$/tmp/pp112-portability.C4cOfK/srp.v:2127$7031'.
No latch inferred for signal `$paramod$332570c9ba38493029a13e59b85c21b68cddc498\KL_srp_listener_fsm.\tsel_ix_w' from process `$paramod$332570c9ba38493029a13e59b85c21b68cddc498\KL_srp_listener_fsm.$proc$/tmp/pp112-portability.C4cOfK/srp.v:2127$7031'.
No latch inferred for signal `$paramod$332570c9ba38493029a13e59b85c21b68cddc498\KL_srp_listener_fsm.\tissue_sel.sv2v_autoblock_6.s' from process `$paramod$332570c9ba38493029a13e59b85c21b68cddc498\KL_srp_listener_fsm.$proc$/tmp/pp112-portability.C4cOfK/srp.v:2127$7031'.
No latch inferred for signal `$paramod$332570c9ba38493029a13e59b85c21b68cddc498\KL_srp_listener_fsm.\wval_w' from process `$paramod$332570c9ba38493029a13e59b85c21b68cddc498\KL_srp_listener_fsm.$proc$/tmp/pp112-portability.C4cOfK/srp.v:1993$6405'.
No latch inferred for signal `$paramod$332570c9ba38493029a13e59b85c21b68cddc498\KL_srp_listener_fsm.\wmsg_w' from process `$paramod$332570c9ba38493029a13e59b85c21b68cddc498\KL_srp_listener_fsm.$proc$/tmp/pp112-portability.C4cOfK/srp.v:1993$6405'.
No latch inferred for signal `$paramod$332570c9ba38493029a13e59b85c21b68cddc498\KL_srp_listener_fsm.\app_ev_v_w' from process `$paramod$332570c9ba38493029a13e59b85c21b68cddc498\KL_srp_listener_fsm.$proc$/tmp/pp112-portability.C4cOfK/srp.v:1947$6308'.
No latch inferred for signal `$paramod$332570c9ba38493029a13e59b85c21b68cddc498\KL_srp_listener_fsm.\app_ev_w' from process `$paramod$332570c9ba38493029a13e59b85c21b68cddc498\KL_srp_listener_fsm.$proc$/tmp/pp112-portability.C4cOfK/srp.v:1947$6308'.
No latch inferred for signal `$paramod$332570c9ba38493029a13e59b85c21b68cddc498\KL_srp_listener_fsm.\decl_grant_w' from process `$paramod$332570c9ba38493029a13e59b85c21b68cddc498\KL_srp_listener_fsm.$proc$/tmp/pp112-portability.C4cOfK/srp.v:1947$6308'.
No latch inferred for signal `$paramod$332570c9ba38493029a13e59b85c21b68cddc498\KL_srp_listener_fsm.\rla_grant_w' from process `$paramod$332570c9ba38493029a13e59b85c21b68cddc498\KL_srp_listener_fsm.$proc$/tmp/pp112-portability.C4cOfK/srp.v:1947$6308'.
No latch inferred for signal `$paramod$332570c9ba38493029a13e59b85c21b68cddc498\KL_srp_listener_fsm.\per_grant_w' from process `$paramod$332570c9ba38493029a13e59b85c21b68cddc498\KL_srp_listener_fsm.$proc$/tmp/pp112-portability.C4cOfK/srp.v:1947$6308'.
No latch inferred for signal `$paramod$332570c9ba38493029a13e59b85c21b68cddc498\KL_srp_listener_fsm.\walk_grant_w' from process `$paramod$332570c9ba38493029a13e59b85c21b68cddc498\KL_srp_listener_fsm.$proc$/tmp/pp112-portability.C4cOfK/srp.v:1947$6308'.
No latch inferred for signal `$paramod$332570c9ba38493029a13e59b85c21b68cddc498\KL_srp_listener_fsm.\app_arb.sv2v_autoblock_4.s' from process `$paramod$332570c9ba38493029a13e59b85c21b68cddc498\KL_srp_listener_fsm.$proc$/tmp/pp112-portability.C4cOfK/srp.v:1947$6308'.
No latch inferred for signal `$paramod$332570c9ba38493029a13e59b85c21b68cddc498\KL_srp_listener_fsm.\ind_reg_w' from process `$paramod$332570c9ba38493029a13e59b85c21b68cddc498\KL_srp_listener_fsm.$proc$/tmp/pp112-portability.C4cOfK/srp.v:1922$6153'.
No latch inferred for signal `$paramod$332570c9ba38493029a13e59b85c21b68cddc498\KL_srp_listener_fsm.\ind_unreg_w' from process `$paramod$332570c9ba38493029a13e59b85c21b68cddc498\KL_srp_listener_fsm.$proc$/tmp/pp112-portability.C4cOfK/srp.v:1922$6153'.
No latch inferred for signal `$paramod$332570c9ba38493029a13e59b85c21b68cddc498\KL_srp_listener_fsm.\reg_ind.sv2v_autoblock_3.s' from process `$paramod$332570c9ba38493029a13e59b85c21b68cddc498\KL_srp_listener_fsm.$proc$/tmp/pp112-portability.C4cOfK/srp.v:1922$6153'.
No latch inferred for signal `$paramod$332570c9ba38493029a13e59b85c21b68cddc498\KL_srp_listener_fsm.\leaveall_any_w' from process `$paramod$332570c9ba38493029a13e59b85c21b68cddc498\KL_srp_listener_fsm.$proc$/tmp/pp112-portability.C4cOfK/srp.v:1907$6133'.
No latch inferred for signal `$paramod$332570c9ba38493029a13e59b85c21b68cddc498\KL_srp_listener_fsm.\la_rx_reg_map.sv2v_autoblock_2.s' from process `$paramod$332570c9ba38493029a13e59b85c21b68cddc498\KL_srp_listener_fsm.$proc$/tmp/pp112-portability.C4cOfK/srp.v:1907$6133'.
No latch inferred for signal `$paramod$332570c9ba38493029a13e59b85c21b68cddc498\KL_srp_listener_fsm.\app_rx_hit_w' from process `$paramod$332570c9ba38493029a13e59b85c21b68cddc498\KL_srp_listener_fsm.$proc$/tmp/pp112-portability.C4cOfK/srp.v:1882$5965'.
No latch inferred for signal `$paramod$332570c9ba38493029a13e59b85c21b68cddc498\KL_srp_listener_fsm.\reg_rx_hit_w' from process `$paramod$332570c9ba38493029a13e59b85c21b68cddc498\KL_srp_listener_fsm.$proc$/tmp/pp112-portability.C4cOfK/srp.v:1882$5965'.
No latch inferred for signal `$paramod$332570c9ba38493029a13e59b85c21b68cddc498\KL_srp_listener_fsm.\rx_app_ev_w' from process `$paramod$332570c9ba38493029a13e59b85c21b68cddc498\KL_srp_listener_fsm.$proc$/tmp/pp112-portability.C4cOfK/srp.v:1882$5965'.
No latch inferred for signal `$paramod$332570c9ba38493029a13e59b85c21b68cddc498\KL_srp_listener_fsm.\rx_is_failed_w' from process `$paramod$332570c9ba38493029a13e59b85c21b68cddc498\KL_srp_listener_fsm.$proc$/tmp/pp112-portability.C4cOfK/srp.v:1882$5965'.
No latch inferred for signal `$paramod$332570c9ba38493029a13e59b85c21b68cddc498\KL_srp_listener_fsm.\rx_registering_w' from process `$paramod$332570c9ba38493029a13e59b85c21b68cddc498\KL_srp_listener_fsm.$proc$/tmp/pp112-portability.C4cOfK/srp.v:1882$5965'.
No latch inferred for signal `$paramod$332570c9ba38493029a13e59b85c21b68cddc498\KL_srp_listener_fsm.\hit_map.sv2v_autoblock_1.s' from process `$paramod$332570c9ba38493029a13e59b85c21b68cddc498\KL_srp_listener_fsm.$proc$/tmp/pp112-portability.C4cOfK/srp.v:1882$5965'.
No latch inferred for signal `$paramod$1224c55e5fd4121b95546e57d33a658897774d54\KL_srp_encoder.\_sv2v_0' from process `$paramod$1224c55e5fd4121b95546e57d33a658897774d54\KL_srp_encoder.$proc$/tmp/pp112-portability.C4cOfK/srp.v:1573$5872'.
No latch inferred for signal `$paramod$1224c55e5fd4121b95546e57d33a658897774d54\KL_srp_encoder.\sv2v_cast_81A7A$func$/tmp/pp112-portability.C4cOfK/srp.v:1564$5279.$result' from process `$paramod$1224c55e5fd4121b95546e57d33a658897774d54\KL_srp_encoder.$proc$/tmp/pp112-portability.C4cOfK/srp.v:1564$5868'.
No latch inferred for signal `$paramod$1224c55e5fd4121b95546e57d33a658897774d54\KL_srp_encoder.\sv2v_cast_13$func$/tmp/pp112-portability.C4cOfK/srp.v:1253$5226.$result' from process `$paramod$1224c55e5fd4121b95546e57d33a658897774d54\KL_srp_encoder.$proc$/tmp/pp112-portability.C4cOfK/srp.v:1253$5864'.
No latch inferred for signal `$paramod$1224c55e5fd4121b95546e57d33a658897774d54\KL_srp_encoder.\attr_len_f$func$/tmp/pp112-portability.C4cOfK/srp.v:1229$5221.$result' from process `$paramod$1224c55e5fd4121b95546e57d33a658897774d54\KL_srp_encoder.$proc$/tmp/pp112-portability.C4cOfK/srp.v:1229$5850'.
No latch inferred for signal `$paramod$1224c55e5fd4121b95546e57d33a658897774d54\KL_srp_encoder.\succ_f$func$/tmp/pp112-portability.C4cOfK/srp.v:1171$5218.$result' from process `$paramod$1224c55e5fd4121b95546e57d33a658897774d54\KL_srp_encoder.$proc$/tmp/pp112-portability.C4cOfK/srp.v:1171$5808'.
No latch inferred for signal `$paramod$1224c55e5fd4121b95546e57d33a658897774d54\KL_srp_encoder.\wr_valid_w' from process `$paramod$1224c55e5fd4121b95546e57d33a658897774d54\KL_srp_encoder.$proc$/tmp/pp112-portability.C4cOfK/srp.v:1265$5375'.
No latch inferred for signal `$paramod$1224c55e5fd4121b95546e57d33a658897774d54\KL_srp_encoder.\wr_data_w' from process `$paramod$1224c55e5fd4121b95546e57d33a658897774d54\KL_srp_encoder.$proc$/tmp/pp112-portability.C4cOfK/srp.v:1265$5375'.
No latch inferred for signal `$paramod$1224c55e5fd4121b95546e57d33a658897774d54\KL_srp_encoder.\nbytes_w' from process `$paramod$1224c55e5fd4121b95546e57d33a658897774d54\KL_srp_encoder.$proc$/tmp/pp112-portability.C4cOfK/srp.v:1265$5375'.
No latch inferred for signal `$paramod$1224c55e5fd4121b95546e57d33a658897774d54\KL_srp_encoder.\la_next_w' from process `$paramod$1224c55e5fd4121b95546e57d33a658897774d54\KL_srp_encoder.$proc$/tmp/pp112-portability.C4cOfK/srp.v:1238$5370'.
No latch inferred for signal `$paramod$1224c55e5fd4121b95546e57d33a658897774d54\KL_srp_encoder.\la_next_pick.sv2v_autoblock_1.i' from process `$paramod$1224c55e5fd4121b95546e57d33a658897774d54\KL_srp_encoder.$proc$/tmp/pp112-portability.C4cOfK/srp.v:1238$5370'.
No latch inferred for signal `$paramod$1224c55e5fd4121b95546e57d33a658897774d54\KL_srp_encoder.\cap_type_w' from process `$paramod$1224c55e5fd4121b95546e57d33a658897774d54\KL_srp_encoder.$proc$/tmp/pp112-portability.C4cOfK/srp.v:1154$5343'.
No latch inferred for signal `$paramod$1224c55e5fd4121b95546e57d33a658897774d54\KL_srp_encoder.\cap_ev_w' from process `$paramod$1224c55e5fd4121b95546e57d33a658897774d54\KL_srp_encoder.$proc$/tmp/pp112-portability.C4cOfK/srp.v:1154$5343'.
No latch inferred for signal `$paramod$1224c55e5fd4121b95546e57d33a658897774d54\KL_srp_encoder.\cap_fp_w' from process `$paramod$1224c55e5fd4121b95546e57d33a658897774d54\KL_srp_encoder.$proc$/tmp/pp112-portability.C4cOfK/srp.v:1154$5343'.
No latch inferred for signal `$paramod$1224c55e5fd4121b95546e57d33a658897774d54\KL_srp_encoder.\cap_val_w' from process `$paramod$1224c55e5fd4121b95546e57d33a658897774d54\KL_srp_encoder.$proc$/tmp/pp112-portability.C4cOfK/srp.v:1154$5343'.

3.9. Executing PROC_DFF pass (convert process syncs to FFs).
Creating register for signal `$paramod\KL_srp_decoder\TP_DEPTH_P=32'00000000000000000000010000000000.\evt_valid_o' using process `$paramod\KL_srp_decoder\TP_DEPTH_P=32'00000000000000000000010000000000.$proc$/tmp/pp112-portability.C4cOfK/srp.v:391$9806'.
  created $dff cell `$procdff$32265' with positive edge clock.
Creating register for signal `$paramod\KL_srp_decoder\TP_DEPTH_P=32'00000000000000000000010000000000.\evt_msrp_o' using process `$paramod\KL_srp_decoder\TP_DEPTH_P=32'00000000000000000000010000000000.$proc$/tmp/pp112-portability.C4cOfK/srp.v:391$9806'.
  created $dff cell `$procdff$32266' with positive edge clock.
Creating register for signal `$paramod\KL_srp_decoder\TP_DEPTH_P=32'00000000000000000000010000000000.\evt_attr_type_o' using process `$paramod\KL_srp_decoder\TP_DEPTH_P=32'00000000000000000000010000000000.$proc$/tmp/pp112-portability.C4cOfK/srp.v:391$9806'.
  created $dff cell `$procdff$32267' with positive edge clock.
Creating register for signal `$paramod\KL_srp_decoder\TP_DEPTH_P=32'00000000000000000000010000000000.\evt_stream_id_o' using process `$paramod\KL_srp_decoder\TP_DEPTH_P=32'00000000000000000000010000000000.$proc$/tmp/pp112-portability.C4cOfK/srp.v:391$9806'.
  created $dff cell `$procdff$32268' with positive edge clock.
Creating register for signal `$paramod\KL_srp_decoder\TP_DEPTH_P=32'00000000000000000000010000000000.\evt_da_o' using process `$paramod\KL_srp_decoder\TP_DEPTH_P=32'00000000000000000000010000000000.$proc$/tmp/pp112-portability.C4cOfK/srp.v:391$9806'.
  created $dff cell `$procdff$32269' with positive edge clock.
Creating register for signal `$paramod\KL_srp_decoder\TP_DEPTH_P=32'00000000000000000000010000000000.\evt_vid_o' using process `$paramod\KL_srp_decoder\TP_DEPTH_P=32'00000000000000000000010000000000.$proc$/tmp/pp112-portability.C4cOfK/srp.v:391$9806'.
  created $dff cell `$procdff$32270' with positive edge clock.
Creating register for signal `$paramod\KL_srp_decoder\TP_DEPTH_P=32'00000000000000000000010000000000.\evt_mrp_event_o' using process `$paramod\KL_srp_decoder\TP_DEPTH_P=32'00000000000000000000010000000000.$proc$/tmp/pp112-portability.C4cOfK/srp.v:391$9806'.
  created $dff cell `$procdff$32271' with positive edge clock.
Creating register for signal `$paramod\KL_srp_decoder\TP_DEPTH_P=32'00000000000000000000010000000000.\evt_fourpacked_o' using process `$paramod\KL_srp_decoder\TP_DEPTH_P=32'00000000000000000000010000000000.$proc$/tmp/pp112-portability.C4cOfK/srp.v:391$9806'.
  created $dff cell `$procdff$32272' with positive edge clock.
Creating register for signal `$paramod\KL_srp_decoder\TP_DEPTH_P=32'00000000000000000000010000000000.\evt_max_frame_size_o' using process `$paramod\KL_srp_decoder\TP_DEPTH_P=32'00000000000000000000010000000000.$proc$/tmp/pp112-portability.C4cOfK/srp.v:391$9806'.
  created $dff cell `$procdff$32273' with positive edge clock.
Creating register for signal `$paramod\KL_srp_decoder\TP_DEPTH_P=32'00000000000000000000010000000000.\evt_max_interval_frames_o' using process `$paramod\KL_srp_decoder\TP_DEPTH_P=32'00000000000000000000010000000000.$proc$/tmp/pp112-portability.C4cOfK/srp.v:391$9806'.
  created $dff cell `$procdff$32274' with positive edge clock.
Creating register for signal `$paramod\KL_srp_decoder\TP_DEPTH_P=32'00000000000000000000010000000000.\evt_priority_o' using process `$paramod\KL_srp_decoder\TP_DEPTH_P=32'00000000000000000000010000000000.$proc$/tmp/pp112-portability.C4cOfK/srp.v:391$9806'.
  created $dff cell `$procdff$32275' with positive edge clock.
Creating register for signal `$paramod\KL_srp_decoder\TP_DEPTH_P=32'00000000000000000000010000000000.\evt_rank_o' using process `$paramod\KL_srp_decoder\TP_DEPTH_P=32'00000000000000000000010000000000.$proc$/tmp/pp112-portability.C4cOfK/srp.v:391$9806'.
  created $dff cell `$procdff$32276' with positive edge clock.
Creating register for signal `$paramod\KL_srp_decoder\TP_DEPTH_P=32'00000000000000000000010000000000.\evt_acc_latency_o' using process `$paramod\KL_srp_decoder\TP_DEPTH_P=32'00000000000000000000010000000000.$proc$/tmp/pp112-portability.C4cOfK/srp.v:391$9806'.
  created $dff cell `$procdff$32277' with positive edge clock.
Creating register for signal `$paramod\KL_srp_decoder\TP_DEPTH_P=32'00000000000000000000010000000000.\evt_failure_system_id_o' using process `$paramod\KL_srp_decoder\TP_DEPTH_P=32'00000000000000000000010000000000.$proc$/tmp/pp112-portability.C4cOfK/srp.v:391$9806'.
  created $dff cell `$procdff$32278' with positive edge clock.
Creating register for signal `$paramod\KL_srp_decoder\TP_DEPTH_P=32'00000000000000000000010000000000.\evt_failure_code_o' using process `$paramod\KL_srp_decoder\TP_DEPTH_P=32'00000000000000000000010000000000.$proc$/tmp/pp112-portability.C4cOfK/srp.v:391$9806'.
  created $dff cell `$procdff$32279' with positive edge clock.
Creating register for signal `$paramod\KL_srp_decoder\TP_DEPTH_P=32'00000000000000000000010000000000.\evt_class_id_o' using process `$paramod\KL_srp_decoder\TP_DEPTH_P=32'00000000000000000000010000000000.$proc$/tmp/pp112-portability.C4cOfK/srp.v:391$9806'.
  created $dff cell `$procdff$32280' with positive edge clock.
Creating register for signal `$paramod\KL_srp_decoder\TP_DEPTH_P=32'00000000000000000000010000000000.\evt_class_a_o' using process `$paramod\KL_srp_decoder\TP_DEPTH_P=32'00000000000000000000010000000000.$proc$/tmp/pp112-portability.C4cOfK/srp.v:391$9806'.
  created $dff cell `$procdff$32281' with positive edge clock.
Creating register for signal `$paramod\KL_srp_decoder\TP_DEPTH_P=32'00000000000000000000010000000000.\la_msrp_o' using process `$paramod\KL_srp_decoder\TP_DEPTH_P=32'00000000000000000000010000000000.$proc$/tmp/pp112-portability.C4cOfK/srp.v:391$9806'.
  created $dff cell `$procdff$32282' with positive edge clock.
Creating register for signal `$paramod\KL_srp_decoder\TP_DEPTH_P=32'00000000000000000000010000000000.\la_mvrp_o' using process `$paramod\KL_srp_decoder\TP_DEPTH_P=32'00000000000000000000010000000000.$proc$/tmp/pp112-portability.C4cOfK/srp.v:391$9806'.
  created $dff cell `$procdff$32283' with positive edge clock.
Creating register for signal `$paramod\KL_srp_decoder\TP_DEPTH_P=32'00000000000000000000010000000000.\pdu_done_o' using process `$paramod\KL_srp_decoder\TP_DEPTH_P=32'00000000000000000000010000000000.$proc$/tmp/pp112-portability.C4cOfK/srp.v:391$9806'.
  created $dff cell `$procdff$32284' with positive edge clock.
Creating register for signal `$paramod\KL_srp_decoder\TP_DEPTH_P=32'00000000000000000000010000000000.\pdu_ok_o' using process `$paramod\KL_srp_decoder\TP_DEPTH_P=32'00000000000000000000010000000000.$proc$/tmp/pp112-portability.C4cOfK/srp.v:391$9806'.
  created $dff cell `$procdff$32285' with positive edge clock.
Creating register for signal `$paramod\KL_srp_decoder\TP_DEPTH_P=32'00000000000000000000010000000000.\pdu_malformed_o' using process `$paramod\KL_srp_decoder\TP_DEPTH_P=32'00000000000000000000010000000000.$proc$/tmp/pp112-portability.C4cOfK/srp.v:391$9806'.
  created $dff cell `$procdff$32286' with positive edge clock.
Creating register for signal `$paramod\KL_srp_decoder\TP_DEPTH_P=32'00000000000000000000010000000000.\listlen_bad_o' using process `$paramod\KL_srp_decoder\TP_DEPTH_P=32'00000000000000000000010000000000.$proc$/tmp/pp112-portability.C4cOfK/srp.v:391$9806'.
  created $dff cell `$procdff$32287' with positive edge clock.
Creating register for signal `$paramod\KL_srp_decoder\TP_DEPTH_P=32'00000000000000000000010000000000.\dbg_listlen_cnt_o' using process `$paramod\KL_srp_decoder\TP_DEPTH_P=32'00000000000000000000010000000000.$proc$/tmp/pp112-portability.C4cOfK/srp.v:391$9806'.
  created $dff cell `$procdff$32288' with positive edge clock.
Creating register for signal `$paramod\KL_srp_decoder\TP_DEPTH_P=32'00000000000000000000010000000000.\state_r' using process `$paramod\KL_srp_decoder\TP_DEPTH_P=32'00000000000000000000010000000000.$proc$/tmp/pp112-portability.C4cOfK/srp.v:391$9806'.
  created $dff cell `$procdff$32289' with positive edge clock.
Creating register for signal `$paramod\KL_srp_decoder\TP_DEPTH_P=32'00000000000000000000010000000000.\app_msrp_r' using process `$paramod\KL_srp_decoder\TP_DEPTH_P=32'00000000000000000000010000000000.$proc$/tmp/pp112-portability.C4cOfK/srp.v:391$9806'.
  created $dff cell `$procdff$32290' with positive edge clock.
Creating register for signal `$paramod\KL_srp_decoder\TP_DEPTH_P=32'00000000000000000000010000000000.\attr_type_r' using process `$paramod\KL_srp_decoder\TP_DEPTH_P=32'00000000000000000000010000000000.$proc$/tmp/pp112-portability.C4cOfK/srp.v:391$9806'.
  created $dff cell `$procdff$32291' with positive edge clock.
Creating register for signal `$paramod\KL_srp_decoder\TP_DEPTH_P=32'00000000000000000000010000000000.\attr_len_r' using process `$paramod\KL_srp_decoder\TP_DEPTH_P=32'00000000000000000000010000000000.$proc$/tmp/pp112-portability.C4cOfK/srp.v:391$9806'.
  created $dff cell `$procdff$32292' with positive edge clock.
Creating register for signal `$paramod\KL_srp_decoder\TP_DEPTH_P=32'00000000000000000000010000000000.\listlen_decl_r' using process `$paramod\KL_srp_decoder\TP_DEPTH_P=32'00000000000000000000010000000000.$proc$/tmp/pp112-portability.C4cOfK/srp.v:391$9806'.
  created $dff cell `$procdff$32293' with positive edge clock.
Creating register for signal `$paramod\KL_srp_decoder\TP_DEPTH_P=32'00000000000000000000010000000000.\listlen_cnt_r' using process `$paramod\KL_srp_decoder\TP_DEPTH_P=32'00000000000000000000010000000000.$proc$/tmp/pp112-portability.C4cOfK/srp.v:391$9806'.
  created $dff cell `$procdff$32294' with positive edge clock.
Creating register for signal `$paramod\KL_srp_decoder\TP_DEPTH_P=32'00000000000000000000010000000000.\vhdr1_r' using process `$paramod\KL_srp_decoder\TP_DEPTH_P=32'00000000000000000000010000000000.$proc$/tmp/pp112-portability.C4cOfK/srp.v:391$9806'.
  created $dff cell `$procdff$32295' with positive edge clock.
Creating register for signal `$paramod\KL_srp_decoder\TP_DEPTH_P=32'00000000000000000000010000000000.\values_left_r' using process `$paramod\KL_srp_decoder\TP_DEPTH_P=32'00000000000000000000010000000000.$proc$/tmp/pp112-portability.C4cOfK/srp.v:391$9806'.
  created $dff cell `$procdff$32296' with positive edge clock.
Creating register for signal `$paramod\KL_srp_decoder\TP_DEPTH_P=32'00000000000000000000010000000000.\fv_idx_r' using process `$paramod\KL_srp_decoder\TP_DEPTH_P=32'00000000000000000000010000000000.$proc$/tmp/pp112-portability.C4cOfK/srp.v:391$9806'.
  created $dff cell `$procdff$32297' with positive edge clock.
Creating register for signal `$paramod\KL_srp_decoder\TP_DEPTH_P=32'00000000000000000000010000000000.\last_seen_r' using process `$paramod\KL_srp_decoder\TP_DEPTH_P=32'00000000000000000000010000000000.$proc$/tmp/pp112-portability.C4cOfK/srp.v:391$9806'.
  created $dff cell `$procdff$32298' with positive edge clock.
Creating register for signal `$paramod\KL_srp_decoder\TP_DEPTH_P=32'00000000000000000000010000000000.\la_done_r' using process `$paramod\KL_srp_decoder\TP_DEPTH_P=32'00000000000000000000010000000000.$proc$/tmp/pp112-portability.C4cOfK/srp.v:391$9806'.
  created $dff cell `$procdff$32299' with positive edge clock.
Creating register for signal `$paramod\KL_srp_decoder\TP_DEPTH_P=32'00000000000000000000010000000000.\sid_r' using process `$paramod\KL_srp_decoder\TP_DEPTH_P=32'00000000000000000000010000000000.$proc$/tmp/pp112-portability.C4cOfK/srp.v:391$9806'.
  created $dff cell `$procdff$32300' with positive edge clock.
Creating register for signal `$paramod\KL_srp_decoder\TP_DEPTH_P=32'00000000000000000000010000000000.\da_r' using process `$paramod\KL_srp_decoder\TP_DEPTH_P=32'00000000000000000000010000000000.$proc$/tmp/pp112-portability.C4cOfK/srp.v:391$9806'.
  created $dff cell `$procdff$32301' with positive edge clock.
Creating register for signal `$paramod\KL_srp_decoder\TP_DEPTH_P=32'00000000000000000000010000000000.\vid_r' using process `$paramod\KL_srp_decoder\TP_DEPTH_P=32'00000000000000000000010000000000.$proc$/tmp/pp112-portability.C4cOfK/srp.v:391$9806'.
  created $dff cell `$procdff$32302' with positive edge clock.
Creating register for signal `$paramod\KL_srp_decoder\TP_DEPTH_P=32'00000000000000000000010000000000.\mfs_r' using process `$paramod\KL_srp_decoder\TP_DEPTH_P=32'00000000000000000000010000000000.$proc$/tmp/pp112-portability.C4cOfK/srp.v:391$9806'.
  created $dff cell `$procdff$32303' with positive edge clock.
Creating register for signal `$paramod\KL_srp_decoder\TP_DEPTH_P=32'00000000000000000000010000000000.\mif_r' using process `$paramod\KL_srp_decoder\TP_DEPTH_P=32'00000000000000000000010000000000.$proc$/tmp/pp112-portability.C4cOfK/srp.v:391$9806'.
  created $dff cell `$procdff$32304' with positive edge clock.
Creating register for signal `$paramod\KL_srp_decoder\TP_DEPTH_P=32'00000000000000000000010000000000.\pr_r' using process `$paramod\KL_srp_decoder\TP_DEPTH_P=32'00000000000000000000010000000000.$proc$/tmp/pp112-portability.C4cOfK/srp.v:391$9806'.
  created $dff cell `$procdff$32305' with positive edge clock.
Creating register for signal `$paramod\KL_srp_decoder\TP_DEPTH_P=32'00000000000000000000010000000000.\lat_r' using process `$paramod\KL_srp_decoder\TP_DEPTH_P=32'00000000000000000000010000000000.$proc$/tmp/pp112-portability.C4cOfK/srp.v:391$9806'.
  created $dff cell `$procdff$32306' with positive edge clock.
Creating register for signal `$paramod\KL_srp_decoder\TP_DEPTH_P=32'00000000000000000000010000000000.\sysid_r' using process `$paramod\KL_srp_decoder\TP_DEPTH_P=32'00000000000000000000010000000000.$proc$/tmp/pp112-portability.C4cOfK/srp.v:391$9806'.
  created $dff cell `$procdff$32307' with positive edge clock.
Creating register for signal `$paramod\KL_srp_decoder\TP_DEPTH_P=32'00000000000000000000010000000000.\fcode_r' using process `$paramod\KL_srp_decoder\TP_DEPTH_P=32'00000000000000000000010000000000.$proc$/tmp/pp112-portability.C4cOfK/srp.v:391$9806'.
  created $dff cell `$procdff$32308' with positive edge clock.
Creating register for signal `$paramod\KL_srp_decoder\TP_DEPTH_P=32'00000000000000000000010000000000.\dcid_r' using process `$paramod\KL_srp_decoder\TP_DEPTH_P=32'00000000000000000000010000000000.$proc$/tmp/pp112-portability.C4cOfK/srp.v:391$9806'.
  created $dff cell `$procdff$32309' with positive edge clock.
Creating register for signal `$paramod\KL_srp_decoder\TP_DEPTH_P=32'00000000000000000000010000000000.\dprio_r' using process `$paramod\KL_srp_decoder\TP_DEPTH_P=32'00000000000000000000010000000000.$proc$/tmp/pp112-portability.C4cOfK/srp.v:391$9806'.
  created $dff cell `$procdff$32310' with positive edge clock.
Creating register for signal `$paramod\KL_srp_decoder\TP_DEPTH_P=32'00000000000000000000010000000000.\pend_byte_r' using process `$paramod\KL_srp_decoder\TP_DEPTH_P=32'00000000000000000000010000000000.$proc$/tmp/pp112-portability.C4cOfK/srp.v:391$9806'.
  created $dff cell `$procdff$32311' with positive edge clock.
Creating register for signal `$paramod\KL_srp_decoder\TP_DEPTH_P=32'00000000000000000000010000000000.\fp_byte_r' using process `$paramod\KL_srp_decoder\TP_DEPTH_P=32'00000000000000000000010000000000.$proc$/tmp/pp112-portability.C4cOfK/srp.v:391$9806'.
  created $dff cell `$procdff$32312' with positive edge clock.
Creating register for signal `$paramod\KL_srp_decoder\TP_DEPTH_P=32'00000000000000000000010000000000.\idx_r' using process `$paramod\KL_srp_decoder\TP_DEPTH_P=32'00000000000000000000010000000000.$proc$/tmp/pp112-portability.C4cOfK/srp.v:391$9806'.
  created $dff cell `$procdff$32313' with positive edge clock.
Creating register for signal `$paramod\KL_srp_decoder\TP_DEPTH_P=32'00000000000000000000010000000000.\slot_left_r' using process `$paramod\KL_srp_decoder\TP_DEPTH_P=32'00000000000000000000010000000000.$proc$/tmp/pp112-portability.C4cOfK/srp.v:391$9806'.
  created $dff cell `$procdff$32314' with positive edge clock.
Creating register for signal `$paramod\KL_srp_decoder\TP_DEPTH_P=32'00000000000000000000010000000000.\store_left_r' using process `$paramod\KL_srp_decoder\TP_DEPTH_P=32'00000000000000000000010000000000.$proc$/tmp/pp112-portability.C4cOfK/srp.v:391$9806'.
  created $dff cell `$procdff$32315' with positive edge clock.
Creating register for signal `$paramod\KL_srp_decoder\TP_DEPTH_P=32'00000000000000000000010000000000.\tp_wptr_r' using process `$paramod\KL_srp_decoder\TP_DEPTH_P=32'00000000000000000000010000000000.$proc$/tmp/pp112-portability.C4cOfK/srp.v:391$9806'.
  created $dff cell `$procdff$32316' with positive edge clock.
Creating register for signal `$paramod\KL_srp_decoder\TP_DEPTH_P=32'00000000000000000000010000000000.\tp_rd_byte_r' using process `$paramod\KL_srp_decoder\TP_DEPTH_P=32'00000000000000000000010000000000.$proc$/tmp/pp112-portability.C4cOfK/srp.v:391$9806'.
  created $dff cell `$procdff$32317' with positive edge clock.
Creating register for signal `$paramod\KL_srp_decoder\TP_DEPTH_P=32'00000000000000000000010000000000.\tp_rd_dig_r' using process `$paramod\KL_srp_decoder\TP_DEPTH_P=32'00000000000000000000010000000000.$proc$/tmp/pp112-portability.C4cOfK/srp.v:391$9806'.
  created $dff cell `$procdff$32318' with positive edge clock.
Creating register for signal `$paramod\KL_srp_decoder\TP_DEPTH_P=32'00000000000000000000010000000000.$bitselwrite$pos$/tmp/pp112-portability.C4cOfK/srp.v:539$9732' using process `$paramod\KL_srp_decoder\TP_DEPTH_P=32'00000000000000000000010000000000.$proc$/tmp/pp112-portability.C4cOfK/srp.v:391$9806'.
  created $dff cell `$procdff$32319' with positive edge clock.
Creating register for signal `$paramod\KL_srp_decoder\TP_DEPTH_P=32'00000000000000000000010000000000.$bitselwrite$pos$/tmp/pp112-portability.C4cOfK/srp.v:541$9733' using process `$paramod\KL_srp_decoder\TP_DEPTH_P=32'00000000000000000000010000000000.$proc$/tmp/pp112-portability.C4cOfK/srp.v:391$9806'.
  created $dff cell `$procdff$32320' with positive edge clock.
Creating register for signal `$paramod\KL_srp_decoder\TP_DEPTH_P=32'00000000000000000000010000000000.$lookahead\la_done_r$9804' using process `$paramod\KL_srp_decoder\TP_DEPTH_P=32'00000000000000000000010000000000.$proc$/tmp/pp112-portability.C4cOfK/srp.v:391$9806'.
  created $dff cell `$procdff$32321' with positive edge clock.
Creating register for signal `$paramod\KL_srp_decoder\TP_DEPTH_P=32'00000000000000000000010000000000.$lookahead\la_msrp_o$9805' using process `$paramod\KL_srp_decoder\TP_DEPTH_P=32'00000000000000000000010000000000.$proc$/tmp/pp112-portability.C4cOfK/srp.v:391$9806'.
  created $dff cell `$procdff$32322' with positive edge clock.
Creating register for signal `$paramod\KL_srp_decoder\TP_DEPTH_P=32'00000000000000000000010000000000.\tp_rdata_r' using process `$paramod\KL_srp_decoder\TP_DEPTH_P=32'00000000000000000000010000000000.$proc$/tmp/pp112-portability.C4cOfK/srp.v:372$9796'.
  created $dff cell `$procdff$32323' with positive edge clock.
Creating register for signal `$paramod\KL_srp_decoder\TP_DEPTH_P=32'00000000000000000000010000000000.$memwr$\tp_ram$/tmp/pp112-portability.C4cOfK/srp.v:374$9749_ADDR' using process `$paramod\KL_srp_decoder\TP_DEPTH_P=32'00000000000000000000010000000000.$proc$/tmp/pp112-portability.C4cOfK/srp.v:372$9796'.
  created $dff cell `$procdff$32324' with positive edge clock.
Creating register for signal `$paramod\KL_srp_decoder\TP_DEPTH_P=32'00000000000000000000010000000000.$memwr$\tp_ram$/tmp/pp112-portability.C4cOfK/srp.v:374$9749_DATA' using process `$paramod\KL_srp_decoder\TP_DEPTH_P=32'00000000000000000000010000000000.$proc$/tmp/pp112-portability.C4cOfK/srp.v:372$9796'.
  created $dff cell `$procdff$32325' with positive edge clock.
Creating register for signal `$paramod\KL_srp_decoder\TP_DEPTH_P=32'00000000000000000000010000000000.$memwr$\tp_ram$/tmp/pp112-portability.C4cOfK/srp.v:374$9749_EN' using process `$paramod\KL_srp_decoder\TP_DEPTH_P=32'00000000000000000000010000000000.$proc$/tmp/pp112-portability.C4cOfK/srp.v:372$9796'.
  created $dff cell `$procdff$32326' with positive edge clock.
Creating register for signal `\KL_srp_top.\arm_valid_o' using process `\KL_srp_top.$proc$/tmp/pp112-portability.C4cOfK/srp.v:3870$4994'.
  created $dff cell `$procdff$32327' with positive edge clock.
Creating register for signal `\KL_srp_top.\arm_cancel_o' using process `\KL_srp_top.$proc$/tmp/pp112-portability.C4cOfK/srp.v:3870$4994'.
  created $dff cell `$procdff$32328' with positive edge clock.
Creating register for signal `\KL_srp_top.\arm_slot_o' using process `\KL_srp_top.$proc$/tmp/pp112-portability.C4cOfK/srp.v:3870$4994'.
  created $dff cell `$procdff$32329' with positive edge clock.
Creating register for signal `\KL_srp_top.\arm_owner_o' using process `\KL_srp_top.$proc$/tmp/pp112-portability.C4cOfK/srp.v:3870$4994'.
  created $dff cell `$procdff$32330' with positive edge clock.
Creating register for signal `\KL_srp_top.\arm_deadline_ms_o' using process `\KL_srp_top.$proc$/tmp/pp112-portability.C4cOfK/srp.v:3870$4994'.
  created $dff cell `$procdff$32331' with positive edge clock.
Creating register for signal `\KL_srp_top.\draw_req_o' using process `\KL_srp_top.$proc$/tmp/pp112-portability.C4cOfK/srp.v:3870$4994'.
  created $dff cell `$procdff$32332' with positive edge clock.
Creating register for signal `\KL_srp_top.\p_join_fsm_r' using process `\KL_srp_top.$proc$/tmp/pp112-portability.C4cOfK/srp.v:3870$4994'.
  created $dff cell `$procdff$32333' with positive edge clock.
Creating register for signal `\KL_srp_top.\p_periodic_r' using process `\KL_srp_top.$proc$/tmp/pp112-portability.C4cOfK/srp.v:3870$4994'.
  created $dff cell `$procdff$32334' with positive edge clock.
Creating register for signal `\KL_srp_top.\p_la_msrp_r' using process `\KL_srp_top.$proc$/tmp/pp112-portability.C4cOfK/srp.v:3870$4994'.
  created $dff cell `$procdff$32335' with positive edge clock.
Creating register for signal `\KL_srp_top.\p_la_mvrp_r' using process `\KL_srp_top.$proc$/tmp/pp112-portability.C4cOfK/srp.v:3870$4994'.
  created $dff cell `$procdff$32336' with positive edge clock.
Creating register for signal `\KL_srp_top.\enc_join_r' using process `\KL_srp_top.$proc$/tmp/pp112-portability.C4cOfK/srp.v:3870$4994'.
  created $dff cell `$procdff$32337' with positive edge clock.
Creating register for signal `\KL_srp_top.\enc_la_r' using process `\KL_srp_top.$proc$/tmp/pp112-portability.C4cOfK/srp.v:3870$4994'.
  created $dff cell `$procdff$32338' with positive edge clock.
Creating register for signal `\KL_srp_top.\tm_st_r' using process `\KL_srp_top.$proc$/tmp/pp112-portability.C4cOfK/srp.v:3870$4994'.
  created $dff cell `$procdff$32339' with positive edge clock.
Creating register for signal `\KL_srp_top.\tm_sel_r' using process `\KL_srp_top.$proc$/tmp/pp112-portability.C4cOfK/srp.v:3870$4994'.
  created $dff cell `$procdff$32340' with positive edge clock.
Creating register for signal `\KL_srp_top.\tm_rr_r' using process `\KL_srp_top.$proc$/tmp/pp112-portability.C4cOfK/srp.v:3870$4994'.
  created $dff cell `$procdff$32341' with positive edge clock.
Creating register for signal `\KL_srp_top.\init_done_r' using process `\KL_srp_top.$proc$/tmp/pp112-portability.C4cOfK/srp.v:3870$4994'.
  created $dff cell `$procdff$32342' with positive edge clock.
Creating register for signal `\KL_srp_top.\cad_pend_r' using process `\KL_srp_top.$proc$/tmp/pp112-portability.C4cOfK/srp.v:3870$4994'.
  created $dff cell `$procdff$32343' with positive edge clock.
Creating register for signal `\KL_srp_top.\cad_dl_r' using process `\KL_srp_top.$proc$/tmp/pp112-portability.C4cOfK/srp.v:3870$4994'.
  created $dff cell `$procdff$32344' with positive edge clock.
Creating register for signal `\KL_srp_top.\need_draw_r' using process `\KL_srp_top.$proc$/tmp/pp112-portability.C4cOfK/srp.v:3870$4994'.
  created $dff cell `$procdff$32345' with positive edge clock.
Creating register for signal `\KL_srp_top.\dr_inflight_r' using process `\KL_srp_top.$proc$/tmp/pp112-portability.C4cOfK/srp.v:3870$4994'.
  created $dff cell `$procdff$32346' with positive edge clock.
Creating register for signal `\KL_srp_top.\dr_app_r' using process `\KL_srp_top.$proc$/tmp/pp112-portability.C4cOfK/srp.v:3870$4994'.
  created $dff cell `$procdff$32347' with positive edge clock.
Creating register for signal `\KL_srp_top.\rnd_act_r' using process `\KL_srp_top.$proc$/tmp/pp112-portability.C4cOfK/srp.v:3870$4994'.
  created $dff cell `$procdff$32348' with positive edge clock.
Creating register for signal `\KL_srp_top.\td_tk_r' using process `\KL_srp_top.$proc$/tmp/pp112-portability.C4cOfK/srp.v:3870$4994'.
  created $dff cell `$procdff$32349' with positive edge clock.
Creating register for signal `\KL_srp_top.\td_ls_r' using process `\KL_srp_top.$proc$/tmp/pp112-portability.C4cOfK/srp.v:3870$4994'.
  created $dff cell `$procdff$32350' with positive edge clock.
Creating register for signal `\KL_srp_top.\hw_full_q_r' using process `\KL_srp_top.$proc$/tmp/pp112-portability.C4cOfK/srp.v:3870$4994'.
  created $dff cell `$procdff$32351' with positive edge clock.
Creating register for signal `\KL_srp_top.\timer_cadence_plane.sv2v_autoblock_3.u' using process `\KL_srp_top.$proc$/tmp/pp112-portability.C4cOfK/srp.v:3870$4994'.
  created $dff cell `$procdff$32352' with positive edge clock.
Creating register for signal `\KL_srp_top.\sv2v_cast_32$func$/tmp/pp112-portability.C4cOfK/srp.v:3936$4669.$result' using process `\KL_srp_top.$proc$/tmp/pp112-portability.C4cOfK/srp.v:3870$4994'.
  created $dff cell `$procdff$32353' with positive edge clock.
Creating register for signal `\KL_srp_top.\sv2v_cast_32$func$/tmp/pp112-portability.C4cOfK/srp.v:3936$4669.inp' using process `\KL_srp_top.$proc$/tmp/pp112-portability.C4cOfK/srp.v:3870$4994'.
  created $dff cell `$procdff$32354' with positive edge clock.
Creating register for signal `\KL_srp_top.\sv2v_cast_42C2E$func$/tmp/pp112-portability.C4cOfK/srp.v:3936$4670.$result' using process `\KL_srp_top.$proc$/tmp/pp112-portability.C4cOfK/srp.v:3870$4994'.
  created $dff cell `$procdff$32355' with positive edge clock.
Creating register for signal `\KL_srp_top.\sv2v_cast_42C2E$func$/tmp/pp112-portability.C4cOfK/srp.v:3936$4670.inp' using process `\KL_srp_top.$proc$/tmp/pp112-portability.C4cOfK/srp.v:3870$4994'.
  created $dff cell `$procdff$32356' with positive edge clock.
Creating register for signal `\KL_srp_top.$bitselwrite$pos$/tmp/pp112-portability.C4cOfK/srp.v:3939$4671' using process `\KL_srp_top.$proc$/tmp/pp112-portability.C4cOfK/srp.v:3870$4994'.
  created $dff cell `$procdff$32357' with positive edge clock.
Creating register for signal `\KL_srp_top.\tf_wptr_r[0]' using process `\KL_srp_top.$proc$/tmp/pp112-portability.C4cOfK/srp.v:3870$4994'.
  created $dff cell `$procdff$32358' with positive edge clock.
Creating register for signal `\KL_srp_top.\tf_wptr_r[1]' using process `\KL_srp_top.$proc$/tmp/pp112-portability.C4cOfK/srp.v:3870$4994'.
  created $dff cell `$procdff$32359' with positive edge clock.
Creating register for signal `\KL_srp_top.\tf_cnt_r[0]' using process `\KL_srp_top.$proc$/tmp/pp112-portability.C4cOfK/srp.v:3870$4994'.
  created $dff cell `$procdff$32360' with positive edge clock.
Creating register for signal `\KL_srp_top.\tf_cnt_r[1]' using process `\KL_srp_top.$proc$/tmp/pp112-portability.C4cOfK/srp.v:3870$4994'.
  created $dff cell `$procdff$32361' with positive edge clock.
Creating register for signal `\KL_srp_top.$mem2reg_rd$\tf_q_r$/tmp/pp112-portability.C4cOfK/srp.v:3943$4678_ADDR' using process `\KL_srp_top.$proc$/tmp/pp112-portability.C4cOfK/srp.v:3870$4994'.
  created $dff cell `$procdff$32362' with positive edge clock.
Creating register for signal `\KL_srp_top.$mem2reg_rd$\tf_q_r$/tmp/pp112-portability.C4cOfK/srp.v:3943$4678_DATA' using process `\KL_srp_top.$proc$/tmp/pp112-portability.C4cOfK/srp.v:3870$4994'.
  created $dff cell `$procdff$32363' with positive edge clock.
Creating register for signal `\KL_srp_top.$memwr$\tf_rptr_r$/tmp/pp112-portability.C4cOfK/srp.v:3879$4681_EN' using process `\KL_srp_top.$proc$/tmp/pp112-portability.C4cOfK/srp.v:3870$4994'.
  created $dff cell `$procdff$32364' with positive edge clock.
Creating register for signal `\KL_srp_top.$memwr$\tf_rptr_r$/tmp/pp112-portability.C4cOfK/srp.v:3880$4682_EN' using process `\KL_srp_top.$proc$/tmp/pp112-portability.C4cOfK/srp.v:3870$4994'.
  created $dff cell `$procdff$32365' with positive edge clock.
Creating register for signal `\KL_srp_top.$memwr$\tf_rptr_r$/tmp/pp112-portability.C4cOfK/srp.v:3944$4683_ADDR' using process `\KL_srp_top.$proc$/tmp/pp112-portability.C4cOfK/srp.v:3870$4994'.
  created $dff cell `$procdff$32366' with positive edge clock.
Creating register for signal `\KL_srp_top.$memwr$\tf_rptr_r$/tmp/pp112-portability.C4cOfK/srp.v:3944$4683_DATA' using process `\KL_srp_top.$proc$/tmp/pp112-portability.C4cOfK/srp.v:3870$4994'.
  created $dff cell `$procdff$32367' with positive edge clock.
Creating register for signal `\KL_srp_top.$memwr$\tf_rptr_r$/tmp/pp112-portability.C4cOfK/srp.v:3944$4683_EN' using process `\KL_srp_top.$proc$/tmp/pp112-portability.C4cOfK/srp.v:3870$4994'.
  created $dff cell `$procdff$32368' with positive edge clock.
Creating register for signal `\KL_srp_top.$lookahead\cad_pend_r$4993' using process `\KL_srp_top.$proc$/tmp/pp112-portability.C4cOfK/srp.v:3870$4994'.
  created $dff cell `$procdff$32369' with positive edge clock.
Creating register for signal `\KL_srp_top.\tf_q_r[0]' using process `\KL_srp_top.$proc$/tmp/pp112-portability.C4cOfK/srp.v:3818$4981'.
  created $dff cell `$procdff$32370' with positive edge clock.
Creating register for signal `\KL_srp_top.\tf_q_r[1]' using process `\KL_srp_top.$proc$/tmp/pp112-portability.C4cOfK/srp.v:3818$4981'.
  created $dff cell `$procdff$32371' with positive edge clock.
Creating register for signal `\KL_srp_top.$memwr$\tf_ram_r$/tmp/pp112-portability.C4cOfK/srp.v:3814$4679_ADDR' using process `\KL_srp_top.$proc$/tmp/pp112-portability.C4cOfK/srp.v:3812$4966'.
  created $dff cell `$procdff$32372' with positive edge clock.
Creating register for signal `\KL_srp_top.$memwr$\tf_ram_r$/tmp/pp112-portability.C4cOfK/srp.v:3814$4679_DATA' using process `\KL_srp_top.$proc$/tmp/pp112-portability.C4cOfK/srp.v:3812$4966'.
  created $dff cell `$procdff$32373' with positive edge clock.
Creating register for signal `\KL_srp_top.$memwr$\tf_ram_r$/tmp/pp112-portability.C4cOfK/srp.v:3814$4679_EN' using process `\KL_srp_top.$proc$/tmp/pp112-portability.C4cOfK/srp.v:3812$4966'.
  created $dff cell `$procdff$32374' with positive edge clock.
Creating register for signal `\KL_srp_top.$memwr$\tf_ram_r$/tmp/pp112-portability.C4cOfK/srp.v:3816$4680_ADDR' using process `\KL_srp_top.$proc$/tmp/pp112-portability.C4cOfK/srp.v:3812$4966'.
  created $dff cell `$procdff$32375' with positive edge clock.
Creating register for signal `\KL_srp_top.$memwr$\tf_ram_r$/tmp/pp112-portability.C4cOfK/srp.v:3816$4680_DATA' using process `\KL_srp_top.$proc$/tmp/pp112-portability.C4cOfK/srp.v:3812$4966'.
  created $dff cell `$procdff$32376' with positive edge clock.
Creating register for signal `\KL_srp_top.$memwr$\tf_ram_r$/tmp/pp112-portability.C4cOfK/srp.v:3816$4680_EN' using process `\KL_srp_top.$proc$/tmp/pp112-portability.C4cOfK/srp.v:3812$4966'.
  created $dff cell `$procdff$32377' with positive edge clock.
Creating register for signal `\KL_srp_top.\rsp_valid_o' using process `\KL_srp_top.$proc$/tmp/pp112-portability.C4cOfK/srp.v:3671$4749'.
  created $dff cell `$procdff$32378' with positive edge clock.
Creating register for signal `\KL_srp_top.\adm_req_r' using process `\KL_srp_top.$proc$/tmp/pp112-portability.C4cOfK/srp.v:3671$4749'.
  created $dff cell `$procdff$32379' with positive edge clock.
Creating register for signal `\KL_srp_top.\adm_mfs_r' using process `\KL_srp_top.$proc$/tmp/pp112-portability.C4cOfK/srp.v:3671$4749'.
  created $dff cell `$procdff$32380' with positive edge clock.
Creating register for signal `\KL_srp_top.\adm_mif_r' using process `\KL_srp_top.$proc$/tmp/pp112-portability.C4cOfK/srp.v:3671$4749'.
  created $dff cell `$procdff$32381' with positive edge clock.
Creating register for signal `\KL_srp_top.\opt_r' using process `\KL_srp_top.$proc$/tmp/pp112-portability.C4cOfK/srp.v:3671$4749'.
  created $dff cell `$procdff$32382' with positive edge clock.
Creating register for signal `\KL_srp_top.\opt_cnt_r' using process `\KL_srp_top.$proc$/tmp/pp112-portability.C4cOfK/srp.v:3671$4749'.
  created $dff cell `$procdff$32383' with positive edge clock.
Creating register for signal `\KL_srp_top.\a_idx_r' using process `\KL_srp_top.$proc$/tmp/pp112-portability.C4cOfK/srp.v:3671$4749'.
  created $dff cell `$procdff$32384' with positive edge clock.
Creating register for signal `\KL_srp_top.\a_sid_r' using process `\KL_srp_top.$proc$/tmp/pp112-portability.C4cOfK/srp.v:3671$4749'.
  created $dff cell `$procdff$32385' with positive edge clock.
Creating register for signal `\KL_srp_top.\a_da_r' using process `\KL_srp_top.$proc$/tmp/pp112-portability.C4cOfK/srp.v:3671$4749'.
  created $dff cell `$procdff$32386' with positive edge clock.
Creating register for signal `\KL_srp_top.\a_vid_r' using process `\KL_srp_top.$proc$/tmp/pp112-portability.C4cOfK/srp.v:3671$4749'.
  created $dff cell `$procdff$32387' with positive edge clock.
Creating register for signal `\KL_srp_top.\a_mfs_r' using process `\KL_srp_top.$proc$/tmp/pp112-portability.C4cOfK/srp.v:3671$4749'.
  created $dff cell `$procdff$32388' with positive edge clock.
Creating register for signal `\KL_srp_top.\a_mif_r' using process `\KL_srp_top.$proc$/tmp/pp112-portability.C4cOfK/srp.v:3671$4749'.
  created $dff cell `$procdff$32389' with positive edge clock.
Creating register for signal `\KL_srp_top.\a_open_r' using process `\KL_srp_top.$proc$/tmp/pp112-portability.C4cOfK/srp.v:3671$4749'.
  created $dff cell `$procdff$32390' with positive edge clock.
Creating register for signal `\KL_srp_top.\svc_st_r' using process `\KL_srp_top.$proc$/tmp/pp112-portability.C4cOfK/srp.v:3671$4749'.
  created $dff cell `$procdff$32391' with positive edge clock.
Creating register for signal `\KL_srp_top.\rsp_status_r' using process `\KL_srp_top.$proc$/tmp/pp112-portability.C4cOfK/srp.v:3671$4749'.
  created $dff cell `$procdff$32392' with positive edge clock.
Creating register for signal `\KL_srp_top.\rsp_data_r' using process `\KL_srp_top.$proc$/tmp/pp112-portability.C4cOfK/srp.v:3671$4749'.
  created $dff cell `$procdff$32393' with positive edge clock.
Creating register for signal `\KL_srp_top.\service_plane.sv2v_autoblock_1.s' using process `\KL_srp_top.$proc$/tmp/pp112-portability.C4cOfK/srp.v:3671$4749'.
  created $dff cell `$procdff$32394' with positive edge clock.
Creating register for signal `\KL_srp_top.\sv2v_cast_32$func$/tmp/pp112-portability.C4cOfK/srp.v:3715$4648.$result' using process `\KL_srp_top.$proc$/tmp/pp112-portability.C4cOfK/srp.v:3671$4749'.
  created $dff cell `$procdff$32395' with positive edge clock.
Creating register for signal `\KL_srp_top.\sv2v_cast_32$func$/tmp/pp112-portability.C4cOfK/srp.v:3715$4648.inp' using process `\KL_srp_top.$proc$/tmp/pp112-portability.C4cOfK/srp.v:3671$4749'.
  created $dff cell `$procdff$32396' with positive edge clock.
Creating register for signal `\KL_srp_top.\sv2v_cast_32$func$/tmp/pp112-portability.C4cOfK/srp.v:3724$4649.$result' using process `\KL_srp_top.$proc$/tmp/pp112-portability.C4cOfK/srp.v:3671$4749'.
  created $dff cell `$procdff$32397' with positive edge clock.
Creating register for signal `\KL_srp_top.\sv2v_cast_32$func$/tmp/pp112-portability.C4cOfK/srp.v:3724$4649.inp' using process `\KL_srp_top.$proc$/tmp/pp112-portability.C4cOfK/srp.v:3671$4749'.
  created $dff cell `$procdff$32398' with positive edge clock.
Creating register for signal `\KL_srp_top.\sv2v_cast_32$func$/tmp/pp112-portability.C4cOfK/srp.v:3733$4650.$result' using process `\KL_srp_top.$proc$/tmp/pp112-portability.C4cOfK/srp.v:3671$4749'.
  created $dff cell `$procdff$32399' with positive edge clock.
Creating register for signal `\KL_srp_top.\sv2v_cast_32$func$/tmp/pp112-portability.C4cOfK/srp.v:3733$4650.inp' using process `\KL_srp_top.$proc$/tmp/pp112-portability.C4cOfK/srp.v:3671$4749'.
  created $dff cell `$procdff$32400' with positive edge clock.
Creating register for signal `\KL_srp_top.\sv2v_cast_32$func$/tmp/pp112-portability.C4cOfK/srp.v:3742$4651.$result' using process `\KL_srp_top.$proc$/tmp/pp112-portability.C4cOfK/srp.v:3671$4749'.
  created $dff cell `$procdff$32401' with positive edge clock.
Creating register for signal `\KL_srp_top.\sv2v_cast_32$func$/tmp/pp112-portability.C4cOfK/srp.v:3742$4651.inp' using process `\KL_srp_top.$proc$/tmp/pp112-portability.C4cOfK/srp.v:3671$4749'.
  created $dff cell `$procdff$32402' with positive edge clock.
Creating register for signal `\KL_srp_top.$bitselwrite$pos$/tmp/pp112-portability.C4cOfK/srp.v:3770$4652' using process `\KL_srp_top.$proc$/tmp/pp112-portability.C4cOfK/srp.v:3671$4749'.
  created $dff cell `$procdff$32403' with positive edge clock.
Creating register for signal `\KL_srp_top.$bitselwrite$pos$/tmp/pp112-portability.C4cOfK/srp.v:3771$4653' using process `\KL_srp_top.$proc$/tmp/pp112-portability.C4cOfK/srp.v:3671$4749'.
  created $dff cell `$procdff$32404' with positive edge clock.
Creating register for signal `\KL_srp_top.$bitselwrite$pos$/tmp/pp112-portability.C4cOfK/srp.v:3772$4654' using process `\KL_srp_top.$proc$/tmp/pp112-portability.C4cOfK/srp.v:3671$4749'.
  created $dff cell `$procdff$32405' with positive edge clock.
Creating register for signal `\KL_srp_top.$bitselwrite$pos$/tmp/pp112-portability.C4cOfK/srp.v:3773$4655' using process `\KL_srp_top.$proc$/tmp/pp112-portability.C4cOfK/srp.v:3671$4749'.
  created $dff cell `$procdff$32406' with positive edge clock.
Creating register for signal `\KL_srp_top.$bitselwrite$pos$/tmp/pp112-portability.C4cOfK/srp.v:3774$4656' using process `\KL_srp_top.$proc$/tmp/pp112-portability.C4cOfK/srp.v:3671$4749'.
  created $dff cell `$procdff$32407' with positive edge clock.
Creating register for signal `\KL_srp_top.$bitselwrite$pos$/tmp/pp112-portability.C4cOfK/srp.v:3777$4657' using process `\KL_srp_top.$proc$/tmp/pp112-portability.C4cOfK/srp.v:3671$4749'.
  created $dff cell `$procdff$32408' with positive edge clock.
Creating register for signal `\KL_srp_top.$bitselwrite$pos$/tmp/pp112-portability.C4cOfK/srp.v:3778$4658' using process `\KL_srp_top.$proc$/tmp/pp112-portability.C4cOfK/srp.v:3671$4749'.
  created $dff cell `$procdff$32409' with positive edge clock.
Creating register for signal `\KL_srp_top.$lookahead\adm_req_r$4744' using process `\KL_srp_top.$proc$/tmp/pp112-portability.C4cOfK/srp.v:3671$4749'.
  created $dff cell `$procdff$32410' with positive edge clock.
Creating register for signal `\KL_srp_top.$lookahead\adm_mfs_r$4745' using process `\KL_srp_top.$proc$/tmp/pp112-portability.C4cOfK/srp.v:3671$4749'.
  created $dff cell `$procdff$32411' with positive edge clock.
Creating register for signal `\KL_srp_top.$lookahead\adm_mif_r$4746' using process `\KL_srp_top.$proc$/tmp/pp112-portability.C4cOfK/srp.v:3671$4749'.
  created $dff cell `$procdff$32412' with positive edge clock.
Creating register for signal `\KL_srp_top.$lookahead\opt_r$4747' using process `\KL_srp_top.$proc$/tmp/pp112-portability.C4cOfK/srp.v:3671$4749'.
  created $dff cell `$procdff$32413' with positive edge clock.
Creating register for signal `\KL_srp_top.$lookahead\opt_cnt_r$4748' using process `\KL_srp_top.$proc$/tmp/pp112-portability.C4cOfK/srp.v:3671$4749'.
  created $dff cell `$procdff$32414' with positive edge clock.
Creating register for signal `\KL_srp_top.\vrr_r' using process `\KL_srp_top.$proc$/tmp/pp112-portability.C4cOfK/srp.v:3335$4701'.
  created $dff cell `$procdff$32415' with positive edge clock.
Creating register for signal `$paramod\KL_srp_domain\DEF_PRIO_P=8'00000011\DEF_VID_P=16'0000000000000010.\evt_domain_change_o' using process `$paramod\KL_srp_domain\DEF_PRIO_P=8'00000011\DEF_VID_P=16'0000000000000010.$proc$/tmp/pp112-portability.C4cOfK/srp.v:796$9706'.
  created $dff cell `$procdff$32416' with positive edge clock.
Creating register for signal `$paramod\KL_srp_domain\DEF_PRIO_P=8'00000011\DEF_VID_P=16'0000000000000010.\decl_prio_r' using process `$paramod\KL_srp_domain\DEF_PRIO_P=8'00000011\DEF_VID_P=16'0000000000000010.$proc$/tmp/pp112-portability.C4cOfK/srp.v:796$9706'.
  created $dff cell `$procdff$32417' with positive edge clock.
Creating register for signal `$paramod\KL_srp_domain\DEF_PRIO_P=8'00000011\DEF_VID_P=16'0000000000000010.\decl_vid_r' using process `$paramod\KL_srp_domain\DEF_PRIO_P=8'00000011\DEF_VID_P=16'0000000000000010.$proc$/tmp/pp112-portability.C4cOfK/srp.v:796$9706'.
  created $dff cell `$procdff$32418' with positive edge clock.
Creating register for signal `$paramod\KL_srp_domain\DEF_PRIO_P=8'00000011\DEF_VID_P=16'0000000000000010.\adopted_r' using process `$paramod\KL_srp_domain\DEF_PRIO_P=8'00000011\DEF_VID_P=16'0000000000000010.$proc$/tmp/pp112-portability.C4cOfK/srp.v:796$9706'.
  created $dff cell `$procdff$32419' with positive edge clock.
Creating register for signal `$paramod\KL_srp_domain\DEF_PRIO_P=8'00000011\DEF_VID_P=16'0000000000000010.\declared_r' using process `$paramod\KL_srp_domain\DEF_PRIO_P=8'00000011\DEF_VID_P=16'0000000000000010.$proc$/tmp/pp112-portability.C4cOfK/srp.v:796$9706'.
  created $dff cell `$procdff$32420' with positive edge clock.
Creating register for signal `$paramod\KL_srp_domain\DEF_PRIO_P=8'00000011\DEF_VID_P=16'0000000000000010.\link_q_r' using process `$paramod\KL_srp_domain\DEF_PRIO_P=8'00000011\DEF_VID_P=16'0000000000000010.$proc$/tmp/pp112-portability.C4cOfK/srp.v:796$9706'.
  created $dff cell `$procdff$32421' with positive edge clock.
Creating register for signal `$paramod\KL_srp_domain\DEF_PRIO_P=8'00000011\DEF_VID_P=16'0000000000000010.\q0_valid_r' using process `$paramod\KL_srp_domain\DEF_PRIO_P=8'00000011\DEF_VID_P=16'0000000000000010.$proc$/tmp/pp112-portability.C4cOfK/srp.v:796$9706'.
  created $dff cell `$procdff$32422' with positive edge clock.
Creating register for signal `$paramod\KL_srp_domain\DEF_PRIO_P=8'00000011\DEF_VID_P=16'0000000000000010.\q1_valid_r' using process `$paramod\KL_srp_domain\DEF_PRIO_P=8'00000011\DEF_VID_P=16'0000000000000010.$proc$/tmp/pp112-portability.C4cOfK/srp.v:796$9706'.
  created $dff cell `$procdff$32423' with positive edge clock.
Creating register for signal `$paramod\KL_srp_domain\DEF_PRIO_P=8'00000011\DEF_VID_P=16'0000000000000010.\q0_ev_r' using process `$paramod\KL_srp_domain\DEF_PRIO_P=8'00000011\DEF_VID_P=16'0000000000000010.$proc$/tmp/pp112-portability.C4cOfK/srp.v:796$9706'.
  created $dff cell `$procdff$32424' with positive edge clock.
Creating register for signal `$paramod\KL_srp_domain\DEF_PRIO_P=8'00000011\DEF_VID_P=16'0000000000000010.\q1_ev_r' using process `$paramod\KL_srp_domain\DEF_PRIO_P=8'00000011\DEF_VID_P=16'0000000000000010.$proc$/tmp/pp112-portability.C4cOfK/srp.v:796$9706'.
  created $dff cell `$procdff$32425' with positive edge clock.
Creating register for signal `$paramod\KL_srp_domain\DEF_PRIO_P=8'00000011\DEF_VID_P=16'0000000000000010.\q0_val_r' using process `$paramod\KL_srp_domain\DEF_PRIO_P=8'00000011\DEF_VID_P=16'0000000000000010.$proc$/tmp/pp112-portability.C4cOfK/srp.v:796$9706'.
  created $dff cell `$procdff$32426' with positive edge clock.
Creating register for signal `$paramod\KL_srp_domain\DEF_PRIO_P=8'00000011\DEF_VID_P=16'0000000000000010.\q1_val_r' using process `$paramod\KL_srp_domain\DEF_PRIO_P=8'00000011\DEF_VID_P=16'0000000000000010.$proc$/tmp/pp112-portability.C4cOfK/srp.v:796$9706'.
  created $dff cell `$procdff$32427' with positive edge clock.
Creating register for signal `$paramod\KL_srp_domain\DEF_PRIO_P=8'00000011\DEF_VID_P=16'0000000000000010.\rx_pend_v_r' using process `$paramod\KL_srp_domain\DEF_PRIO_P=8'00000011\DEF_VID_P=16'0000000000000010.$proc$/tmp/pp112-portability.C4cOfK/srp.v:796$9706'.
  created $dff cell `$procdff$32428' with positive edge clock.
Creating register for signal `$paramod\KL_srp_domain\DEF_PRIO_P=8'00000011\DEF_VID_P=16'0000000000000010.\rx_pend_prio_r' using process `$paramod\KL_srp_domain\DEF_PRIO_P=8'00000011\DEF_VID_P=16'0000000000000010.$proc$/tmp/pp112-portability.C4cOfK/srp.v:796$9706'.
  created $dff cell `$procdff$32429' with positive edge clock.
Creating register for signal `$paramod\KL_srp_domain\DEF_PRIO_P=8'00000011\DEF_VID_P=16'0000000000000010.\rx_pend_vid_r' using process `$paramod\KL_srp_domain\DEF_PRIO_P=8'00000011\DEF_VID_P=16'0000000000000010.$proc$/tmp/pp112-portability.C4cOfK/srp.v:796$9706'.
  created $dff cell `$procdff$32430' with positive edge clock.
Creating register for signal `$paramod\KL_srp_domain\DEF_PRIO_P=8'00000011\DEF_VID_P=16'0000000000000010.\rejoin_pend_r' using process `$paramod\KL_srp_domain\DEF_PRIO_P=8'00000011\DEF_VID_P=16'0000000000000010.$proc$/tmp/pp112-portability.C4cOfK/srp.v:796$9706'.
  created $dff cell `$procdff$32431' with positive edge clock.
Creating register for signal `$paramod$391fbb556570799cf2e9dffc5ef8b362f93a0423\KL_srp_vlan.\rejoin_pend_r' using process `$paramod$391fbb556570799cf2e9dffc5ef8b362f93a0423\KL_srp_vlan.$proc$/tmp/pp112-portability.C4cOfK/srp.v:4143$9636'.
  created $dff cell `$procdff$32432' with positive edge clock.
Creating register for signal `$paramod$391fbb556570799cf2e9dffc5ef8b362f93a0423\KL_srp_vlan.\st_r' using process `$paramod$391fbb556570799cf2e9dffc5ef8b362f93a0423\KL_srp_vlan.$proc$/tmp/pp112-portability.C4cOfK/srp.v:4143$9636'.
  created $dff cell `$procdff$32433' with positive edge clock.
Creating register for signal `$paramod$391fbb556570799cf2e9dffc5ef8b362f93a0423\KL_srp_vlan.\user_err_o' using process `$paramod$391fbb556570799cf2e9dffc5ef8b362f93a0423\KL_srp_vlan.$proc$/tmp/pp112-portability.C4cOfK/srp.v:4143$9636'.
  created $dff cell `$procdff$32434' with positive edge clock.
Creating register for signal `$paramod$391fbb556570799cf2e9dffc5ef8b362f93a0423\KL_srp_vlan.\active_r' using process `$paramod$391fbb556570799cf2e9dffc5ef8b362f93a0423\KL_srp_vlan.$proc$/tmp/pp112-portability.C4cOfK/srp.v:4143$9636'.
  created $dff cell `$procdff$32435' with positive edge clock.
Creating register for signal `$paramod$391fbb556570799cf2e9dffc5ef8b362f93a0423\KL_srp_vlan.\op_join_r' using process `$paramod$391fbb556570799cf2e9dffc5ef8b362f93a0423\KL_srp_vlan.$proc$/tmp/pp112-portability.C4cOfK/srp.v:4143$9636'.
  created $dff cell `$procdff$32436' with positive edge clock.
Creating register for signal `$paramod$391fbb556570799cf2e9dffc5ef8b362f93a0423\KL_srp_vlan.\op_vid_r' using process `$paramod$391fbb556570799cf2e9dffc5ef8b362f93a0423\KL_srp_vlan.$proc$/tmp/pp112-portability.C4cOfK/srp.v:4143$9636'.
  created $dff cell `$procdff$32437' with positive edge clock.
Creating register for signal `$paramod$391fbb556570799cf2e9dffc5ef8b362f93a0423\KL_srp_vlan.\scan_ix_r' using process `$paramod$391fbb556570799cf2e9dffc5ef8b362f93a0423\KL_srp_vlan.$proc$/tmp/pp112-portability.C4cOfK/srp.v:4143$9636'.
  created $dff cell `$procdff$32438' with positive edge clock.
Creating register for signal `$paramod$391fbb556570799cf2e9dffc5ef8b362f93a0423\KL_srp_vlan.\chk_ix_r' using process `$paramod$391fbb556570799cf2e9dffc5ef8b362f93a0423\KL_srp_vlan.$proc$/tmp/pp112-portability.C4cOfK/srp.v:4143$9636'.
  created $dff cell `$procdff$32439' with positive edge clock.
Creating register for signal `$paramod$391fbb556570799cf2e9dffc5ef8b362f93a0423\KL_srp_vlan.\chk_v_r' using process `$paramod$391fbb556570799cf2e9dffc5ef8b362f93a0423\KL_srp_vlan.$proc$/tmp/pp112-portability.C4cOfK/srp.v:4143$9636'.
  created $dff cell `$procdff$32440' with positive edge clock.
Creating register for signal `$paramod$391fbb556570799cf2e9dffc5ef8b362f93a0423\KL_srp_vlan.\found_v_r' using process `$paramod$391fbb556570799cf2e9dffc5ef8b362f93a0423\KL_srp_vlan.$proc$/tmp/pp112-portability.C4cOfK/srp.v:4143$9636'.
  created $dff cell `$procdff$32441' with positive edge clock.
Creating register for signal `$paramod$391fbb556570799cf2e9dffc5ef8b362f93a0423\KL_srp_vlan.\found_ix_r' using process `$paramod$391fbb556570799cf2e9dffc5ef8b362f93a0423\KL_srp_vlan.$proc$/tmp/pp112-portability.C4cOfK/srp.v:4143$9636'.
  created $dff cell `$procdff$32442' with positive edge clock.
Creating register for signal `$paramod$391fbb556570799cf2e9dffc5ef8b362f93a0423\KL_srp_vlan.\found_cnt_r' using process `$paramod$391fbb556570799cf2e9dffc5ef8b362f93a0423\KL_srp_vlan.$proc$/tmp/pp112-portability.C4cOfK/srp.v:4143$9636'.
  created $dff cell `$procdff$32443' with positive edge clock.
Creating register for signal `$paramod$391fbb556570799cf2e9dffc5ef8b362f93a0423\KL_srp_vlan.\free_v_r' using process `$paramod$391fbb556570799cf2e9dffc5ef8b362f93a0423\KL_srp_vlan.$proc$/tmp/pp112-portability.C4cOfK/srp.v:4143$9636'.
  created $dff cell `$procdff$32444' with positive edge clock.
Creating register for signal `$paramod$391fbb556570799cf2e9dffc5ef8b362f93a0423\KL_srp_vlan.\free_ix_r' using process `$paramod$391fbb556570799cf2e9dffc5ef8b362f93a0423\KL_srp_vlan.$proc$/tmp/pp112-portability.C4cOfK/srp.v:4143$9636'.
  created $dff cell `$procdff$32445' with positive edge clock.
Creating register for signal `$paramod$391fbb556570799cf2e9dffc5ef8b362f93a0423\KL_srp_vlan.\ridx_r' using process `$paramod$391fbb556570799cf2e9dffc5ef8b362f93a0423\KL_srp_vlan.$proc$/tmp/pp112-portability.C4cOfK/srp.v:4143$9636'.
  created $dff cell `$procdff$32446' with positive edge clock.
Creating register for signal `$paramod$391fbb556570799cf2e9dffc5ef8b362f93a0423\KL_srp_vlan.\ev_code_r' using process `$paramod$391fbb556570799cf2e9dffc5ef8b362f93a0423\KL_srp_vlan.$proc$/tmp/pp112-portability.C4cOfK/srp.v:4143$9636'.
  created $dff cell `$procdff$32447' with positive edge clock.
Creating register for signal `$paramod$391fbb556570799cf2e9dffc5ef8b362f93a0423\KL_srp_vlan.\ev_vid_r' using process `$paramod$391fbb556570799cf2e9dffc5ef8b362f93a0423\KL_srp_vlan.$proc$/tmp/pp112-portability.C4cOfK/srp.v:4143$9636'.
  created $dff cell `$procdff$32448' with positive edge clock.
Creating register for signal `$paramod$391fbb556570799cf2e9dffc5ef8b362f93a0423\KL_srp_vlan.$bitselwrite$pos$/tmp/pp112-portability.C4cOfK/srp.v:4211$9603' using process `$paramod$391fbb556570799cf2e9dffc5ef8b362f93a0423\KL_srp_vlan.$proc$/tmp/pp112-portability.C4cOfK/srp.v:4143$9636'.
  created $dff cell `$procdff$32449' with positive edge clock.
Creating register for signal `$paramod$391fbb556570799cf2e9dffc5ef8b362f93a0423\KL_srp_vlan.$bitselwrite$pos$/tmp/pp112-portability.C4cOfK/srp.v:4222$9604' using process `$paramod$391fbb556570799cf2e9dffc5ef8b362f93a0423\KL_srp_vlan.$proc$/tmp/pp112-portability.C4cOfK/srp.v:4143$9636'.
  created $dff cell `$procdff$32450' with positive edge clock.
Creating register for signal `$paramod$391fbb556570799cf2e9dffc5ef8b362f93a0423\KL_srp_vlan.$lookahead\active_r$9635' using process `$paramod$391fbb556570799cf2e9dffc5ef8b362f93a0423\KL_srp_vlan.$proc$/tmp/pp112-portability.C4cOfK/srp.v:4143$9636'.
  created $dff cell `$procdff$32451' with positive edge clock.
Creating register for signal `$paramod$391fbb556570799cf2e9dffc5ef8b362f93a0423\KL_srp_vlan.\tbl_q_r' using process `$paramod$391fbb556570799cf2e9dffc5ef8b362f93a0423\KL_srp_vlan.$proc$/tmp/pp112-portability.C4cOfK/srp.v:4087$9617'.
  created $dff cell `$procdff$32452' with positive edge clock.
Creating register for signal `$paramod$391fbb556570799cf2e9dffc5ef8b362f93a0423\KL_srp_vlan.$memwr$\tbl_r$/tmp/pp112-portability.C4cOfK/srp.v:4085$9609_ADDR' using process `$paramod$391fbb556570799cf2e9dffc5ef8b362f93a0423\KL_srp_vlan.$proc$/tmp/pp112-portability.C4cOfK/srp.v:4083$9610'.
  created $dff cell `$procdff$32453' with positive edge clock.
Creating register for signal `$paramod$391fbb556570799cf2e9dffc5ef8b362f93a0423\KL_srp_vlan.$memwr$\tbl_r$/tmp/pp112-portability.C4cOfK/srp.v:4085$9609_DATA' using process `$paramod$391fbb556570799cf2e9dffc5ef8b362f93a0423\KL_srp_vlan.$proc$/tmp/pp112-portability.C4cOfK/srp.v:4083$9610'.
  created $dff cell `$procdff$32454' with positive edge clock.
Creating register for signal `$paramod$391fbb556570799cf2e9dffc5ef8b362f93a0423\KL_srp_vlan.$memwr$\tbl_r$/tmp/pp112-portability.C4cOfK/srp.v:4085$9609_EN' using process `$paramod$391fbb556570799cf2e9dffc5ef8b362f93a0423\KL_srp_vlan.$proc$/tmp/pp112-portability.C4cOfK/srp.v:4083$9610'.
  created $dff cell `$procdff$32455' with positive edge clock.
Creating register for signal `$paramod\KL_srp_admission\N_SOURCES_P=32'00000000000000000000000000001000.\round_done_o' using process `$paramod\KL_srp_admission\N_SOURCES_P=32'00000000000000000000000000001000.$proc$/tmp/pp112-portability.C4cOfK/srp.v:123$9559'.
  created $dff cell `$procdff$32456' with positive edge clock.
Creating register for signal `$paramod\KL_srp_admission\N_SOURCES_P=32'00000000000000000000000000001000.\aidx_r' using process `$paramod\KL_srp_admission\N_SOURCES_P=32'00000000000000000000000000001000.$proc$/tmp/pp112-portability.C4cOfK/srp.v:123$9559'.
  created $dff cell `$procdff$32457' with positive edge clock.
Creating register for signal `$paramod\KL_srp_admission\N_SOURCES_P=32'00000000000000000000000000001000.\acc_r' using process `$paramod\KL_srp_admission\N_SOURCES_P=32'00000000000000000000000000001000.$proc$/tmp/pp112-portability.C4cOfK/srp.v:123$9559'.
  created $dff cell `$procdff$32458' with positive edge clock.
Creating register for signal `$paramod\KL_srp_admission\N_SOURCES_P=32'00000000000000000000000000001000.\over_acc_r' using process `$paramod\KL_srp_admission\N_SOURCES_P=32'00000000000000000000000000001000.$proc$/tmp/pp112-portability.C4cOfK/srp.v:123$9559'.
  created $dff cell `$procdff$32459' with positive edge clock.
Creating register for signal `$paramod\KL_srp_admission\N_SOURCES_P=32'00000000000000000000000000001000.\wgrant_r' using process `$paramod\KL_srp_admission\N_SOURCES_P=32'00000000000000000000000000001000.$proc$/tmp/pp112-portability.C4cOfK/srp.v:123$9559'.
  created $dff cell `$procdff$32460' with positive edge clock.
Creating register for signal `$paramod\KL_srp_admission\N_SOURCES_P=32'00000000000000000000000000001000.\wgslope_r' using process `$paramod\KL_srp_admission\N_SOURCES_P=32'00000000000000000000000000001000.$proc$/tmp/pp112-portability.C4cOfK/srp.v:123$9559'.
  created $dff cell `$procdff$32461' with positive edge clock.
Creating register for signal `$paramod\KL_srp_admission\N_SOURCES_P=32'00000000000000000000000000001000.\grant_r' using process `$paramod\KL_srp_admission\N_SOURCES_P=32'00000000000000000000000000001000.$proc$/tmp/pp112-portability.C4cOfK/srp.v:123$9559'.
  created $dff cell `$procdff$32462' with positive edge clock.
Creating register for signal `$paramod\KL_srp_admission\N_SOURCES_P=32'00000000000000000000000000001000.\gslope_r' using process `$paramod\KL_srp_admission\N_SOURCES_P=32'00000000000000000000000000001000.$proc$/tmp/pp112-portability.C4cOfK/srp.v:123$9559'.
  created $dff cell `$procdff$32463' with positive edge clock.
Creating register for signal `$paramod\KL_srp_admission\N_SOURCES_P=32'00000000000000000000000000001000.\sum_r' using process `$paramod\KL_srp_admission\N_SOURCES_P=32'00000000000000000000000000001000.$proc$/tmp/pp112-portability.C4cOfK/srp.v:123$9559'.
  created $dff cell `$procdff$32464' with positive edge clock.
Creating register for signal `$paramod\KL_srp_admission\N_SOURCES_P=32'00000000000000000000000000001000.\over_r' using process `$paramod\KL_srp_admission\N_SOURCES_P=32'00000000000000000000000000001000.$proc$/tmp/pp112-portability.C4cOfK/srp.v:123$9559'.
  created $dff cell `$procdff$32465' with positive edge clock.
Creating register for signal `$paramod\KL_srp_admission\N_SOURCES_P=32'00000000000000000000000000001000.\cidx_r' using process `$paramod\KL_srp_admission\N_SOURCES_P=32'00000000000000000000000000001000.$proc$/tmp/pp112-portability.C4cOfK/srp.v:66$9464'.
  created $dff cell `$procdff$32466' with positive edge clock.
Creating register for signal `$paramod\KL_srp_admission\N_SOURCES_P=32'00000000000000000000000000001000.\cidx_q1_r' using process `$paramod\KL_srp_admission\N_SOURCES_P=32'00000000000000000000000000001000.$proc$/tmp/pp112-portability.C4cOfK/srp.v:66$9464'.
  created $dff cell `$procdff$32467' with positive edge clock.
Creating register for signal `$paramod\KL_srp_admission\N_SOURCES_P=32'00000000000000000000000000001000.\cidx_q2_r' using process `$paramod\KL_srp_admission\N_SOURCES_P=32'00000000000000000000000000001000.$proc$/tmp/pp112-portability.C4cOfK/srp.v:66$9464'.
  created $dff cell `$procdff$32468' with positive edge clock.
Creating register for signal `$paramod\KL_srp_admission\N_SOURCES_P=32'00000000000000000000000000001000.\frame_bytes_r' using process `$paramod\KL_srp_admission\N_SOURCES_P=32'00000000000000000000000000001000.$proc$/tmp/pp112-portability.C4cOfK/srp.v:66$9464'.
  created $dff cell `$procdff$32469' with positive edge clock.
Creating register for signal `$paramod\KL_srp_admission\N_SOURCES_P=32'00000000000000000000000000001000.\iv_bytes_r' using process `$paramod\KL_srp_admission\N_SOURCES_P=32'00000000000000000000000000001000.$proc$/tmp/pp112-portability.C4cOfK/srp.v:66$9464'.
  created $dff cell `$procdff$32470' with positive edge clock.
Creating register for signal `$paramod\KL_srp_admission\N_SOURCES_P=32'00000000000000000000000000001000.\slope_q_r' using process `$paramod\KL_srp_admission\N_SOURCES_P=32'00000000000000000000000000001000.$proc$/tmp/pp112-portability.C4cOfK/srp.v:66$9464'.
  created $dff cell `$procdff$32471' with positive edge clock.
Creating register for signal `$paramod\KL_srp_admission\N_SOURCES_P=32'00000000000000000000000000001000.\valid_q1_r' using process `$paramod\KL_srp_admission\N_SOURCES_P=32'00000000000000000000000000001000.$proc$/tmp/pp112-portability.C4cOfK/srp.v:66$9464'.
  created $dff cell `$procdff$32472' with positive edge clock.
Creating register for signal `$paramod\KL_srp_admission\N_SOURCES_P=32'00000000000000000000000000001000.\valid_q2_r' using process `$paramod\KL_srp_admission\N_SOURCES_P=32'00000000000000000000000000001000.$proc$/tmp/pp112-portability.C4cOfK/srp.v:66$9464'.
  created $dff cell `$procdff$32473' with positive edge clock.
Creating register for signal `$paramod\KL_srp_admission\N_SOURCES_P=32'00000000000000000000000000001000.\slope_valid_r' using process `$paramod\KL_srp_admission\N_SOURCES_P=32'00000000000000000000000000001000.$proc$/tmp/pp112-portability.C4cOfK/srp.v:66$9464'.
  created $dff cell `$procdff$32474' with positive edge clock.
Creating register for signal `$paramod\KL_srp_admission\N_SOURCES_P=32'00000000000000000000000000001000.\slope_walk.sv2v_autoblock_1.s' using process `$paramod\KL_srp_admission\N_SOURCES_P=32'00000000000000000000000000001000.$proc$/tmp/pp112-portability.C4cOfK/srp.v:66$9464'.
  created $dff cell `$procdff$32475' with positive edge clock.
Creating register for signal `$paramod\KL_srp_admission\N_SOURCES_P=32'00000000000000000000000000001000.\sv2v_cast_32$func$/tmp/pp112-portability.C4cOfK/srp.v:79$9443.$result' using process `$paramod\KL_srp_admission\N_SOURCES_P=32'00000000000000000000000000001000.$proc$/tmp/pp112-portability.C4cOfK/srp.v:66$9464'.
  created $dff cell `$procdff$32476' with positive edge clock.
Creating register for signal `$paramod\KL_srp_admission\N_SOURCES_P=32'00000000000000000000000000001000.\sv2v_cast_32$func$/tmp/pp112-portability.C4cOfK/srp.v:79$9443.inp' using process `$paramod\KL_srp_admission\N_SOURCES_P=32'00000000000000000000000000001000.$proc$/tmp/pp112-portability.C4cOfK/srp.v:66$9464'.
  created $dff cell `$procdff$32477' with positive edge clock.
Creating register for signal `$paramod\KL_srp_admission\N_SOURCES_P=32'00000000000000000000000000001000.$bitselwrite$pos$/tmp/pp112-portability.C4cOfK/srp.v:84$9445' using process `$paramod\KL_srp_admission\N_SOURCES_P=32'00000000000000000000000000001000.$proc$/tmp/pp112-portability.C4cOfK/srp.v:66$9464'.
  created $dff cell `$procdff$32478' with positive edge clock.
Creating register for signal `$paramod\KL_srp_admission\N_SOURCES_P=32'00000000000000000000000000001000.$bitselwrite$pos$/tmp/pp112-portability.C4cOfK/srp.v:93$9446' using process `$paramod\KL_srp_admission\N_SOURCES_P=32'00000000000000000000000000001000.$proc$/tmp/pp112-portability.C4cOfK/srp.v:66$9464'.
  created $dff cell `$procdff$32479' with positive edge clock.
Creating register for signal `$paramod\KL_srp_admission\N_SOURCES_P=32'00000000000000000000000000001000.$lookahead\slope_valid_r$9462' using process `$paramod\KL_srp_admission\N_SOURCES_P=32'00000000000000000000000000001000.$proc$/tmp/pp112-portability.C4cOfK/srp.v:66$9464'.
  created $dff cell `$procdff$32480' with positive edge clock.
Creating register for signal `$paramod\KL_srp_admission\N_SOURCES_P=32'00000000000000000000000000001000.$lookahead\slope_q_r$9463' using process `$paramod\KL_srp_admission\N_SOURCES_P=32'00000000000000000000000000001000.$proc$/tmp/pp112-portability.C4cOfK/srp.v:66$9464'.
  created $dff cell `$procdff$32481' with positive edge clock.
Creating register for signal `$paramod$88c47cdca12b5c3898cef34ad98804b2496da97e\KL_srp_talker_fsm.\vj_pend_r' using process `$paramod$88c47cdca12b5c3898cef34ad98804b2496da97e\KL_srp_talker_fsm.$proc$/tmp/pp112-portability.C4cOfK/srp.v:2965$9007'.
  created $dff cell `$procdff$32482' with positive edge clock.
Creating register for signal `$paramod$88c47cdca12b5c3898cef34ad98804b2496da97e\KL_srp_talker_fsm.\vl_pend_r' using process `$paramod$88c47cdca12b5c3898cef34ad98804b2496da97e\KL_srp_talker_fsm.$proc$/tmp/pp112-portability.C4cOfK/srp.v:2965$9007'.
  created $dff cell `$procdff$32483' with positive edge clock.
Creating register for signal `$paramod$88c47cdca12b5c3898cef34ad98804b2496da97e\KL_srp_talker_fsm.\vj_vid_r' using process `$paramod$88c47cdca12b5c3898cef34ad98804b2496da97e\KL_srp_talker_fsm.$proc$/tmp/pp112-portability.C4cOfK/srp.v:2965$9007'.
  created $dff cell `$procdff$32484' with positive edge clock.
Creating register for signal `$paramod$88c47cdca12b5c3898cef34ad98804b2496da97e\KL_srp_talker_fsm.\vl_vid_r' using process `$paramod$88c47cdca12b5c3898cef34ad98804b2496da97e\KL_srp_talker_fsm.$proc$/tmp/pp112-portability.C4cOfK/srp.v:2965$9007'.
  created $dff cell `$procdff$32485' with positive edge clock.
Creating register for signal `$paramod$88c47cdca12b5c3898cef34ad98804b2496da97e\KL_srp_talker_fsm.$bitselwrite$pos$/tmp/pp112-portability.C4cOfK/srp.v:2975$7681' using process `$paramod$88c47cdca12b5c3898cef34ad98804b2496da97e\KL_srp_talker_fsm.$proc$/tmp/pp112-portability.C4cOfK/srp.v:2965$9007'.
  created $dff cell `$procdff$32486' with positive edge clock.
Creating register for signal `$paramod$88c47cdca12b5c3898cef34ad98804b2496da97e\KL_srp_talker_fsm.$bitselwrite$pos$/tmp/pp112-portability.C4cOfK/srp.v:2977$7682' using process `$paramod$88c47cdca12b5c3898cef34ad98804b2496da97e\KL_srp_talker_fsm.$proc$/tmp/pp112-portability.C4cOfK/srp.v:2965$9007'.
  created $dff cell `$procdff$32487' with positive edge clock.
Creating register for signal `$paramod$88c47cdca12b5c3898cef34ad98804b2496da97e\KL_srp_talker_fsm.$bitselwrite$pos$/tmp/pp112-portability.C4cOfK/srp.v:2982$7683' using process `$paramod$88c47cdca12b5c3898cef34ad98804b2496da97e\KL_srp_talker_fsm.$proc$/tmp/pp112-portability.C4cOfK/srp.v:2965$9007'.
  created $dff cell `$procdff$32488' with positive edge clock.
Creating register for signal `$paramod$88c47cdca12b5c3898cef34ad98804b2496da97e\KL_srp_talker_fsm.$bitselwrite$pos$/tmp/pp112-portability.C4cOfK/srp.v:2984$7684' using process `$paramod$88c47cdca12b5c3898cef34ad98804b2496da97e\KL_srp_talker_fsm.$proc$/tmp/pp112-portability.C4cOfK/srp.v:2965$9007'.
  created $dff cell `$procdff$32489' with positive edge clock.
Creating register for signal `$paramod$88c47cdca12b5c3898cef34ad98804b2496da97e\KL_srp_talker_fsm.$bitselwrite$pos$/tmp/pp112-portability.C4cOfK/srp.v:2985$7685' using process `$paramod$88c47cdca12b5c3898cef34ad98804b2496da97e\KL_srp_talker_fsm.$proc$/tmp/pp112-portability.C4cOfK/srp.v:2965$9007'.
  created $dff cell `$procdff$32490' with positive edge clock.
Creating register for signal `$paramod$88c47cdca12b5c3898cef34ad98804b2496da97e\KL_srp_talker_fsm.$bitselwrite$pos$/tmp/pp112-portability.C4cOfK/srp.v:2989$7686' using process `$paramod$88c47cdca12b5c3898cef34ad98804b2496da97e\KL_srp_talker_fsm.$proc$/tmp/pp112-portability.C4cOfK/srp.v:2965$9007'.
  created $dff cell `$procdff$32491' with positive edge clock.
Creating register for signal `$paramod$88c47cdca12b5c3898cef34ad98804b2496da97e\KL_srp_talker_fsm.$bitselwrite$pos$/tmp/pp112-portability.C4cOfK/srp.v:2991$7687' using process `$paramod$88c47cdca12b5c3898cef34ad98804b2496da97e\KL_srp_talker_fsm.$proc$/tmp/pp112-portability.C4cOfK/srp.v:2965$9007'.
  created $dff cell `$procdff$32492' with positive edge clock.
Creating register for signal `$paramod$88c47cdca12b5c3898cef34ad98804b2496da97e\KL_srp_talker_fsm.$bitselwrite$pos$/tmp/pp112-portability.C4cOfK/srp.v:2992$7688' using process `$paramod$88c47cdca12b5c3898cef34ad98804b2496da97e\KL_srp_talker_fsm.$proc$/tmp/pp112-portability.C4cOfK/srp.v:2965$9007'.
  created $dff cell `$procdff$32493' with positive edge clock.
Creating register for signal `$paramod$88c47cdca12b5c3898cef34ad98804b2496da97e\KL_srp_talker_fsm.$lookahead\vj_pend_r$9003' using process `$paramod$88c47cdca12b5c3898cef34ad98804b2496da97e\KL_srp_talker_fsm.$proc$/tmp/pp112-portability.C4cOfK/srp.v:2965$9007'.
  created $dff cell `$procdff$32494' with positive edge clock.
Creating register for signal `$paramod$88c47cdca12b5c3898cef34ad98804b2496da97e\KL_srp_talker_fsm.$lookahead\vl_pend_r$9004' using process `$paramod$88c47cdca12b5c3898cef34ad98804b2496da97e\KL_srp_talker_fsm.$proc$/tmp/pp112-portability.C4cOfK/srp.v:2965$9007'.
  created $dff cell `$procdff$32495' with positive edge clock.
Creating register for signal `$paramod$88c47cdca12b5c3898cef34ad98804b2496da97e\KL_srp_talker_fsm.$lookahead\vj_vid_r$9005' using process `$paramod$88c47cdca12b5c3898cef34ad98804b2496da97e\KL_srp_talker_fsm.$proc$/tmp/pp112-portability.C4cOfK/srp.v:2965$9007'.
  created $dff cell `$procdff$32496' with positive edge clock.
Creating register for signal `$paramod$88c47cdca12b5c3898cef34ad98804b2496da97e\KL_srp_talker_fsm.$lookahead\vl_vid_r$9006' using process `$paramod$88c47cdca12b5c3898cef34ad98804b2496da97e\KL_srp_talker_fsm.$proc$/tmp/pp112-portability.C4cOfK/srp.v:2965$9007'.
  created $dff cell `$procdff$32497' with positive edge clock.
Creating register for signal `$paramod$88c47cdca12b5c3898cef34ad98804b2496da97e\KL_srp_talker_fsm.\arm_valid_o' using process `$paramod$88c47cdca12b5c3898cef34ad98804b2496da97e\KL_srp_talker_fsm.$proc$/tmp/pp112-portability.C4cOfK/srp.v:2872$8726'.
  created $dff cell `$procdff$32498' with positive edge clock.
Creating register for signal `$paramod$88c47cdca12b5c3898cef34ad98804b2496da97e\KL_srp_talker_fsm.\arm_cancel_o' using process `$paramod$88c47cdca12b5c3898cef34ad98804b2496da97e\KL_srp_talker_fsm.$proc$/tmp/pp112-portability.C4cOfK/srp.v:2872$8726'.
  created $dff cell `$procdff$32499' with positive edge clock.
Creating register for signal `$paramod$88c47cdca12b5c3898cef34ad98804b2496da97e\KL_srp_talker_fsm.\arm_slot_o' using process `$paramod$88c47cdca12b5c3898cef34ad98804b2496da97e\KL_srp_talker_fsm.$proc$/tmp/pp112-portability.C4cOfK/srp.v:2872$8726'.
  created $dff cell `$procdff$32500' with positive edge clock.
Creating register for signal `$paramod$88c47cdca12b5c3898cef34ad98804b2496da97e\KL_srp_talker_fsm.\arm_owner_o' using process `$paramod$88c47cdca12b5c3898cef34ad98804b2496da97e\KL_srp_talker_fsm.$proc$/tmp/pp112-portability.C4cOfK/srp.v:2872$8726'.
  created $dff cell `$procdff$32501' with positive edge clock.
Creating register for signal `$paramod$88c47cdca12b5c3898cef34ad98804b2496da97e\KL_srp_talker_fsm.\arm_deadline_ms_o' using process `$paramod$88c47cdca12b5c3898cef34ad98804b2496da97e\KL_srp_talker_fsm.$proc$/tmp/pp112-portability.C4cOfK/srp.v:2872$8726'.
  created $dff cell `$procdff$32502' with positive edge clock.
Creating register for signal `$paramod$88c47cdca12b5c3898cef34ad98804b2496da97e\KL_srp_talker_fsm.\reg_r' using process `$paramod$88c47cdca12b5c3898cef34ad98804b2496da97e\KL_srp_talker_fsm.$proc$/tmp/pp112-portability.C4cOfK/srp.v:2872$8726'.
  created $dff cell `$procdff$32503' with positive edge clock.
Creating register for signal `$paramod$88c47cdca12b5c3898cef34ad98804b2496da97e\KL_srp_talker_fsm.\tpend_r' using process `$paramod$88c47cdca12b5c3898cef34ad98804b2496da97e\KL_srp_talker_fsm.$proc$/tmp/pp112-portability.C4cOfK/srp.v:2872$8726'.
  created $dff cell `$procdff$32504' with positive edge clock.
Creating register for signal `$paramod$88c47cdca12b5c3898cef34ad98804b2496da97e\KL_srp_talker_fsm.\reg_plane.sv2v_autoblock_7.s' using process `$paramod$88c47cdca12b5c3898cef34ad98804b2496da97e\KL_srp_talker_fsm.$proc$/tmp/pp112-portability.C4cOfK/srp.v:2872$8726'.
  created $dff cell `$procdff$32505' with positive edge clock.
Creating register for signal `$paramod$88c47cdca12b5c3898cef34ad98804b2496da97e\KL_srp_talker_fsm.\lstn_reg_change_o' using process `$paramod$88c47cdca12b5c3898cef34ad98804b2496da97e\KL_srp_talker_fsm.$proc$/tmp/pp112-portability.C4cOfK/srp.v:2872$8726'.
  created $dff cell `$procdff$32506' with positive edge clock.
Creating register for signal `$paramod$88c47cdca12b5c3898cef34ad98804b2496da97e\KL_srp_talker_fsm.\lstn_val_r' using process `$paramod$88c47cdca12b5c3898cef34ad98804b2496da97e\KL_srp_talker_fsm.$proc$/tmp/pp112-portability.C4cOfK/srp.v:2872$8726'.
  created $dff cell `$procdff$32507' with positive edge clock.
Creating register for signal `$paramod$88c47cdca12b5c3898cef34ad98804b2496da97e\KL_srp_talker_fsm.\lstn_prev_r' using process `$paramod$88c47cdca12b5c3898cef34ad98804b2496da97e\KL_srp_talker_fsm.$proc$/tmp/pp112-portability.C4cOfK/srp.v:2872$8726'.
  created $dff cell `$procdff$32508' with positive edge clock.
Creating register for signal `$paramod$88c47cdca12b5c3898cef34ad98804b2496da97e\KL_srp_talker_fsm.\reg_plane.sv2v_autoblock_8.s' using process `$paramod$88c47cdca12b5c3898cef34ad98804b2496da97e\KL_srp_talker_fsm.$proc$/tmp/pp112-portability.C4cOfK/srp.v:2872$8726'.
  created $dff cell `$procdff$32509' with positive edge clock.
Creating register for signal `$paramod$88c47cdca12b5c3898cef34ad98804b2496da97e\KL_srp_talker_fsm.\sv2v_cast_32$func$/tmp/pp112-portability.C4cOfK/srp.v:2891$7654.$result' using process `$paramod$88c47cdca12b5c3898cef34ad98804b2496da97e\KL_srp_talker_fsm.$proc$/tmp/pp112-portability.C4cOfK/srp.v:2872$8726'.
  created $dff cell `$procdff$32510' with positive edge clock.
Creating register for signal `$paramod$88c47cdca12b5c3898cef34ad98804b2496da97e\KL_srp_talker_fsm.\sv2v_cast_32$func$/tmp/pp112-portability.C4cOfK/srp.v:2891$7654.inp' using process `$paramod$88c47cdca12b5c3898cef34ad98804b2496da97e\KL_srp_talker_fsm.$proc$/tmp/pp112-portability.C4cOfK/srp.v:2872$8726'.
  created $dff cell `$procdff$32511' with positive edge clock.
Creating register for signal `$paramod$88c47cdca12b5c3898cef34ad98804b2496da97e\KL_srp_talker_fsm.\sv2v_cast_42C2E$func$/tmp/pp112-portability.C4cOfK/srp.v:2891$7655.$result' using process `$paramod$88c47cdca12b5c3898cef34ad98804b2496da97e\KL_srp_talker_fsm.$proc$/tmp/pp112-portability.C4cOfK/srp.v:2872$8726'.
  created $dff cell `$procdff$32512' with positive edge clock.
Creating register for signal `$paramod$88c47cdca12b5c3898cef34ad98804b2496da97e\KL_srp_talker_fsm.\sv2v_cast_42C2E$func$/tmp/pp112-portability.C4cOfK/srp.v:2891$7655.inp' using process `$paramod$88c47cdca12b5c3898cef34ad98804b2496da97e\KL_srp_talker_fsm.$proc$/tmp/pp112-portability.C4cOfK/srp.v:2872$8726'.
  created $dff cell `$procdff$32513' with positive edge clock.
Creating register for signal `$paramod$88c47cdca12b5c3898cef34ad98804b2496da97e\KL_srp_talker_fsm.$bitselwrite$pos$/tmp/pp112-portability.C4cOfK/srp.v:2894$7656' using process `$paramod$88c47cdca12b5c3898cef34ad98804b2496da97e\KL_srp_talker_fsm.$proc$/tmp/pp112-portability.C4cOfK/srp.v:2872$8726'.
  created $dff cell `$procdff$32514' with positive edge clock.
Creating register for signal `$paramod$88c47cdca12b5c3898cef34ad98804b2496da97e\KL_srp_talker_fsm.$lookahead\tpend_r$8725' using process `$paramod$88c47cdca12b5c3898cef34ad98804b2496da97e\KL_srp_talker_fsm.$proc$/tmp/pp112-portability.C4cOfK/srp.v:2872$8726'.
  created $dff cell `$procdff$32515' with positive edge clock.
Creating register for signal `$paramod$88c47cdca12b5c3898cef34ad98804b2496da97e\KL_srp_talker_fsm.\sid_r' using process `$paramod$88c47cdca12b5c3898cef34ad98804b2496da97e\KL_srp_talker_fsm.$proc$/tmp/pp112-portability.C4cOfK/srp.v:2717$8119'.
  created $dff cell `$procdff$32516' with positive edge clock.
Creating register for signal `$paramod$88c47cdca12b5c3898cef34ad98804b2496da97e\KL_srp_talker_fsm.\da_r' using process `$paramod$88c47cdca12b5c3898cef34ad98804b2496da97e\KL_srp_talker_fsm.$proc$/tmp/pp112-portability.C4cOfK/srp.v:2717$8119'.
  created $dff cell `$procdff$32517' with positive edge clock.
Creating register for signal `$paramod$88c47cdca12b5c3898cef34ad98804b2496da97e\KL_srp_talker_fsm.\vid_r' using process `$paramod$88c47cdca12b5c3898cef34ad98804b2496da97e\KL_srp_talker_fsm.$proc$/tmp/pp112-portability.C4cOfK/srp.v:2717$8119'.
  created $dff cell `$procdff$32518' with positive edge clock.
Creating register for signal `$paramod$88c47cdca12b5c3898cef34ad98804b2496da97e\KL_srp_talker_fsm.\mfs_r' using process `$paramod$88c47cdca12b5c3898cef34ad98804b2496da97e\KL_srp_talker_fsm.$proc$/tmp/pp112-portability.C4cOfK/srp.v:2717$8119'.
  created $dff cell `$procdff$32519' with positive edge clock.
Creating register for signal `$paramod$88c47cdca12b5c3898cef34ad98804b2496da97e\KL_srp_talker_fsm.\mif_r' using process `$paramod$88c47cdca12b5c3898cef34ad98804b2496da97e\KL_srp_talker_fsm.$proc$/tmp/pp112-portability.C4cOfK/srp.v:2717$8119'.
  created $dff cell `$procdff$32520' with positive edge clock.
Creating register for signal `$paramod$88c47cdca12b5c3898cef34ad98804b2496da97e\KL_srp_talker_fsm.\lat_r' using process `$paramod$88c47cdca12b5c3898cef34ad98804b2496da97e\KL_srp_talker_fsm.$proc$/tmp/pp112-portability.C4cOfK/srp.v:2717$8119'.
  created $dff cell `$procdff$32521' with positive edge clock.
Creating register for signal `$paramod$88c47cdca12b5c3898cef34ad98804b2496da97e\KL_srp_talker_fsm.\txop_done_o' using process `$paramod$88c47cdca12b5c3898cef34ad98804b2496da97e\KL_srp_talker_fsm.$proc$/tmp/pp112-portability.C4cOfK/srp.v:2717$8119'.
  created $dff cell `$procdff$32522' with positive edge clock.
Creating register for signal `$paramod$88c47cdca12b5c3898cef34ad98804b2496da97e\KL_srp_talker_fsm.\rec_valid_r' using process `$paramod$88c47cdca12b5c3898cef34ad98804b2496da97e\KL_srp_talker_fsm.$proc$/tmp/pp112-portability.C4cOfK/srp.v:2717$8119'.
  created $dff cell `$procdff$32523' with positive edge clock.
Creating register for signal `$paramod$88c47cdca12b5c3898cef34ad98804b2496da97e\KL_srp_talker_fsm.\app_r' using process `$paramod$88c47cdca12b5c3898cef34ad98804b2496da97e\KL_srp_talker_fsm.$proc$/tmp/pp112-portability.C4cOfK/srp.v:2717$8119'.
  created $dff cell `$procdff$32524' with positive edge clock.
Creating register for signal `$paramod$88c47cdca12b5c3898cef34ad98804b2496da97e\KL_srp_talker_fsm.\rla_pend_r' using process `$paramod$88c47cdca12b5c3898cef34ad98804b2496da97e\KL_srp_talker_fsm.$proc$/tmp/pp112-portability.C4cOfK/srp.v:2717$8119'.
  created $dff cell `$procdff$32525' with positive edge clock.
Creating register for signal `$paramod$88c47cdca12b5c3898cef34ad98804b2496da97e\KL_srp_talker_fsm.\per_pend_r' using process `$paramod$88c47cdca12b5c3898cef34ad98804b2496da97e\KL_srp_talker_fsm.$proc$/tmp/pp112-portability.C4cOfK/srp.v:2717$8119'.
  created $dff cell `$procdff$32526' with positive edge clock.
Creating register for signal `$paramod$88c47cdca12b5c3898cef34ad98804b2496da97e\KL_srp_talker_fsm.\walk_r' using process `$paramod$88c47cdca12b5c3898cef34ad98804b2496da97e\KL_srp_talker_fsm.$proc$/tmp/pp112-portability.C4cOfK/srp.v:2717$8119'.
  created $dff cell `$procdff$32527' with positive edge clock.
Creating register for signal `$paramod$88c47cdca12b5c3898cef34ad98804b2496da97e\KL_srp_talker_fsm.\wsrc_r' using process `$paramod$88c47cdca12b5c3898cef34ad98804b2496da97e\KL_srp_talker_fsm.$proc$/tmp/pp112-portability.C4cOfK/srp.v:2717$8119'.
  created $dff cell `$procdff$32528' with positive edge clock.
Creating register for signal `$paramod$88c47cdca12b5c3898cef34ad98804b2496da97e\KL_srp_talker_fsm.\wtxla_r' using process `$paramod$88c47cdca12b5c3898cef34ad98804b2496da97e\KL_srp_talker_fsm.$proc$/tmp/pp112-portability.C4cOfK/srp.v:2717$8119'.
  created $dff cell `$procdff$32529' with positive edge clock.
Creating register for signal `$paramod$88c47cdca12b5c3898cef34ad98804b2496da97e\KL_srp_talker_fsm.\tick_pend_r' using process `$paramod$88c47cdca12b5c3898cef34ad98804b2496da97e\KL_srp_talker_fsm.$proc$/tmp/pp112-portability.C4cOfK/srp.v:2717$8119'.
  created $dff cell `$procdff$32530' with positive edge clock.
Creating register for signal `$paramod$88c47cdca12b5c3898cef34ad98804b2496da97e\KL_srp_talker_fsm.\laown_pend_r' using process `$paramod$88c47cdca12b5c3898cef34ad98804b2496da97e\KL_srp_talker_fsm.$proc$/tmp/pp112-portability.C4cOfK/srp.v:2717$8119'.
  created $dff cell `$procdff$32531' with positive edge clock.
Creating register for signal `$paramod$88c47cdca12b5c3898cef34ad98804b2496da97e\KL_srp_talker_fsm.\push_code_r' using process `$paramod$88c47cdca12b5c3898cef34ad98804b2496da97e\KL_srp_talker_fsm.$proc$/tmp/pp112-portability.C4cOfK/srp.v:2717$8119'.
  created $dff cell `$procdff$32532' with positive edge clock.
Creating register for signal `$paramod$88c47cdca12b5c3898cef34ad98804b2496da97e\KL_srp_talker_fsm.\push_val_r' using process `$paramod$88c47cdca12b5c3898cef34ad98804b2496da97e\KL_srp_talker_fsm.$proc$/tmp/pp112-portability.C4cOfK/srp.v:2717$8119'.
  created $dff cell `$procdff$32533' with positive edge clock.
Creating register for signal `$paramod$88c47cdca12b5c3898cef34ad98804b2496da97e\KL_srp_talker_fsm.\prio_r' using process `$paramod$88c47cdca12b5c3898cef34ad98804b2496da97e\KL_srp_talker_fsm.$proc$/tmp/pp112-portability.C4cOfK/srp.v:2717$8119'.
  created $dff cell `$procdff$32534' with positive edge clock.
Creating register for signal `$paramod$88c47cdca12b5c3898cef34ad98804b2496da97e\KL_srp_talker_fsm.\rank_r' using process `$paramod$88c47cdca12b5c3898cef34ad98804b2496da97e\KL_srp_talker_fsm.$proc$/tmp/pp112-portability.C4cOfK/srp.v:2717$8119'.
  created $dff cell `$procdff$32535' with positive edge clock.
Creating register for signal `$paramod$88c47cdca12b5c3898cef34ad98804b2496da97e\KL_srp_talker_fsm.\fail_r' using process `$paramod$88c47cdca12b5c3898cef34ad98804b2496da97e\KL_srp_talker_fsm.$proc$/tmp/pp112-portability.C4cOfK/srp.v:2717$8119'.
  created $dff cell `$procdff$32536' with positive edge clock.
Creating register for signal `$paramod$88c47cdca12b5c3898cef34ad98804b2496da97e\KL_srp_talker_fsm.\push_type_r' using process `$paramod$88c47cdca12b5c3898cef34ad98804b2496da97e\KL_srp_talker_fsm.$proc$/tmp/pp112-portability.C4cOfK/srp.v:2717$8119'.
  created $dff cell `$procdff$32537' with positive edge clock.
Creating register for signal `$paramod$88c47cdca12b5c3898cef34ad98804b2496da97e\KL_srp_talker_fsm.\app_plane.sv2v_autoblock_4.s' using process `$paramod$88c47cdca12b5c3898cef34ad98804b2496da97e\KL_srp_talker_fsm.$proc$/tmp/pp112-portability.C4cOfK/srp.v:2717$8119'.
  created $dff cell `$procdff$32538' with positive edge clock.
Creating register for signal `$paramod$88c47cdca12b5c3898cef34ad98804b2496da97e\KL_srp_talker_fsm.\app_next_f$func$/tmp/pp112-portability.C4cOfK/srp.v:2749$7623.$result' using process `$paramod$88c47cdca12b5c3898cef34ad98804b2496da97e\KL_srp_talker_fsm.$proc$/tmp/pp112-portability.C4cOfK/srp.v:2717$8119'.
  created $dff cell `$procdff$32539' with positive edge clock.
Creating register for signal `$paramod$88c47cdca12b5c3898cef34ad98804b2496da97e\KL_srp_talker_fsm.\app_next_f$func$/tmp/pp112-portability.C4cOfK/srp.v:2749$7623.st' using process `$paramod$88c47cdca12b5c3898cef34ad98804b2496da97e\KL_srp_talker_fsm.$proc$/tmp/pp112-portability.C4cOfK/srp.v:2717$8119'.
  created $dff cell `$procdff$32540' with positive edge clock.
Creating register for signal `$paramod$88c47cdca12b5c3898cef34ad98804b2496da97e\KL_srp_talker_fsm.\app_next_f$func$/tmp/pp112-portability.C4cOfK/srp.v:2749$7623.ev' using process `$paramod$88c47cdca12b5c3898cef34ad98804b2496da97e\KL_srp_talker_fsm.$proc$/tmp/pp112-portability.C4cOfK/srp.v:2717$8119'.
  created $dff cell `$procdff$32541' with positive edge clock.
Creating register for signal `$paramod$88c47cdca12b5c3898cef34ad98804b2496da97e\KL_srp_talker_fsm.\app_next_f$func$/tmp/pp112-portability.C4cOfK/srp.v:2749$7623.p2p' using process `$paramod$88c47cdca12b5c3898cef34ad98804b2496da97e\KL_srp_talker_fsm.$proc$/tmp/pp112-portability.C4cOfK/srp.v:2717$8119'.
  created $dff cell `$procdff$32542' with positive edge clock.
Creating register for signal `$paramod$88c47cdca12b5c3898cef34ad98804b2496da97e\KL_srp_talker_fsm.\app_next_f$func$/tmp/pp112-portability.C4cOfK/srp.v:2749$7623.nx' using process `$paramod$88c47cdca12b5c3898cef34ad98804b2496da97e\KL_srp_talker_fsm.$proc$/tmp/pp112-portability.C4cOfK/srp.v:2717$8119'.
  created $dff cell `$procdff$32543' with positive edge clock.
Creating register for signal `$paramod$88c47cdca12b5c3898cef34ad98804b2496da97e\KL_srp_talker_fsm.\app_next_f$func$/tmp/pp112-portability.C4cOfK/srp.v:2749$7624.$result' using process `$paramod$88c47cdca12b5c3898cef34ad98804b2496da97e\KL_srp_talker_fsm.$proc$/tmp/pp112-portability.C4cOfK/srp.v:2717$8119'.
  created $dff cell `$procdff$32544' with positive edge clock.
Creating register for signal `$paramod$88c47cdca12b5c3898cef34ad98804b2496da97e\KL_srp_talker_fsm.\app_next_f$func$/tmp/pp112-portability.C4cOfK/srp.v:2749$7624.st' using process `$paramod$88c47cdca12b5c3898cef34ad98804b2496da97e\KL_srp_talker_fsm.$proc$/tmp/pp112-portability.C4cOfK/srp.v:2717$8119'.
  created $dff cell `$procdff$32545' with positive edge clock.
Creating register for signal `$paramod$88c47cdca12b5c3898cef34ad98804b2496da97e\KL_srp_talker_fsm.\app_next_f$func$/tmp/pp112-portability.C4cOfK/srp.v:2749$7624.ev' using process `$paramod$88c47cdca12b5c3898cef34ad98804b2496da97e\KL_srp_talker_fsm.$proc$/tmp/pp112-portability.C4cOfK/srp.v:2717$8119'.
  created $dff cell `$procdff$32546' with positive edge clock.
Creating register for signal `$paramod$88c47cdca12b5c3898cef34ad98804b2496da97e\KL_srp_talker_fsm.\app_next_f$func$/tmp/pp112-portability.C4cOfK/srp.v:2749$7624.p2p' using process `$paramod$88c47cdca12b5c3898cef34ad98804b2496da97e\KL_srp_talker_fsm.$proc$/tmp/pp112-portability.C4cOfK/srp.v:2717$8119'.
  created $dff cell `$procdff$32547' with positive edge clock.
Creating register for signal `$paramod$88c47cdca12b5c3898cef34ad98804b2496da97e\KL_srp_talker_fsm.\app_next_f$func$/tmp/pp112-portability.C4cOfK/srp.v:2749$7624.nx' using process `$paramod$88c47cdca12b5c3898cef34ad98804b2496da97e\KL_srp_talker_fsm.$proc$/tmp/pp112-portability.C4cOfK/srp.v:2717$8119'.
  created $dff cell `$procdff$32548' with positive edge clock.
Creating register for signal `$paramod$88c47cdca12b5c3898cef34ad98804b2496da97e\KL_srp_talker_fsm.\app_next_f$func$/tmp/pp112-portability.C4cOfK/srp.v:2749$7625.$result' using process `$paramod$88c47cdca12b5c3898cef34ad98804b2496da97e\KL_srp_talker_fsm.$proc$/tmp/pp112-portability.C4cOfK/srp.v:2717$8119'.
  created $dff cell `$procdff$32549' with positive edge clock.
Creating register for signal `$paramod$88c47cdca12b5c3898cef34ad98804b2496da97e\KL_srp_talker_fsm.\app_next_f$func$/tmp/pp112-portability.C4cOfK/srp.v:2749$7625.st' using process `$paramod$88c47cdca12b5c3898cef34ad98804b2496da97e\KL_srp_talker_fsm.$proc$/tmp/pp112-portability.C4cOfK/srp.v:2717$8119'.
  created $dff cell `$procdff$32550' with positive edge clock.
Creating register for signal `$paramod$88c47cdca12b5c3898cef34ad98804b2496da97e\KL_srp_talker_fsm.\app_next_f$func$/tmp/pp112-portability.C4cOfK/srp.v:2749$7625.ev' using process `$paramod$88c47cdca12b5c3898cef34ad98804b2496da97e\KL_srp_talker_fsm.$proc$/tmp/pp112-portability.C4cOfK/srp.v:2717$8119'.
  created $dff cell `$procdff$32551' with positive edge clock.
Creating register for signal `$paramod$88c47cdca12b5c3898cef34ad98804b2496da97e\KL_srp_talker_fsm.\app_next_f$func$/tmp/pp112-portability.C4cOfK/srp.v:2749$7625.p2p' using process `$paramod$88c47cdca12b5c3898cef34ad98804b2496da97e\KL_srp_talker_fsm.$proc$/tmp/pp112-portability.C4cOfK/srp.v:2717$8119'.
  created $dff cell `$procdff$32552' with positive edge clock.
Creating register for signal `$paramod$88c47cdca12b5c3898cef34ad98804b2496da97e\KL_srp_talker_fsm.\app_next_f$func$/tmp/pp112-portability.C4cOfK/srp.v:2749$7625.nx' using process `$paramod$88c47cdca12b5c3898cef34ad98804b2496da97e\KL_srp_talker_fsm.$proc$/tmp/pp112-portability.C4cOfK/srp.v:2717$8119'.
  created $dff cell `$procdff$32553' with positive edge clock.
Creating register for signal `$paramod$88c47cdca12b5c3898cef34ad98804b2496da97e\KL_srp_talker_fsm.\app_next_f$func$/tmp/pp112-portability.C4cOfK/srp.v:2749$7626.$result' using process `$paramod$88c47cdca12b5c3898cef34ad98804b2496da97e\KL_srp_talker_fsm.$proc$/tmp/pp112-portability.C4cOfK/srp.v:2717$8119'.
  created $dff cell `$procdff$32554' with positive edge clock.
Creating register for signal `$paramod$88c47cdca12b5c3898cef34ad98804b2496da97e\KL_srp_talker_fsm.\app_next_f$func$/tmp/pp112-portability.C4cOfK/srp.v:2749$7626.st' using process `$paramod$88c47cdca12b5c3898cef34ad98804b2496da97e\KL_srp_talker_fsm.$proc$/tmp/pp112-portability.C4cOfK/srp.v:2717$8119'.
  created $dff cell `$procdff$32555' with positive edge clock.
Creating register for signal `$paramod$88c47cdca12b5c3898cef34ad98804b2496da97e\KL_srp_talker_fsm.\app_next_f$func$/tmp/pp112-portability.C4cOfK/srp.v:2749$7626.ev' using process `$paramod$88c47cdca12b5c3898cef34ad98804b2496da97e\KL_srp_talker_fsm.$proc$/tmp/pp112-portability.C4cOfK/srp.v:2717$8119'.
  created $dff cell `$procdff$32556' with positive edge clock.
Creating register for signal `$paramod$88c47cdca12b5c3898cef34ad98804b2496da97e\KL_srp_talker_fsm.\app_next_f$func$/tmp/pp112-portability.C4cOfK/srp.v:2749$7626.p2p' using process `$paramod$88c47cdca12b5c3898cef34ad98804b2496da97e\KL_srp_talker_fsm.$proc$/tmp/pp112-portability.C4cOfK/srp.v:2717$8119'.
  created $dff cell `$procdff$32557' with positive edge clock.
Creating register for signal `$paramod$88c47cdca12b5c3898cef34ad98804b2496da97e\KL_srp_talker_fsm.\app_next_f$func$/tmp/pp112-portability.C4cOfK/srp.v:2749$7626.nx' using process `$paramod$88c47cdca12b5c3898cef34ad98804b2496da97e\KL_srp_talker_fsm.$proc$/tmp/pp112-portability.C4cOfK/srp.v:2717$8119'.
  created $dff cell `$procdff$32558' with positive edge clock.
Creating register for signal `$paramod$88c47cdca12b5c3898cef34ad98804b2496da97e\KL_srp_talker_fsm.\app_next_f$func$/tmp/pp112-portability.C4cOfK/srp.v:2749$7627.$result' using process `$paramod$88c47cdca12b5c3898cef34ad98804b2496da97e\KL_srp_talker_fsm.$proc$/tmp/pp112-portability.C4cOfK/srp.v:2717$8119'.
  created $dff cell `$procdff$32559' with positive edge clock.
Creating register for signal `$paramod$88c47cdca12b5c3898cef34ad98804b2496da97e\KL_srp_talker_fsm.\app_next_f$func$/tmp/pp112-portability.C4cOfK/srp.v:2749$7627.st' using process `$paramod$88c47cdca12b5c3898cef34ad98804b2496da97e\KL_srp_talker_fsm.$proc$/tmp/pp112-portability.C4cOfK/srp.v:2717$8119'.
  created $dff cell `$procdff$32560' with positive edge clock.
Creating register for signal `$paramod$88c47cdca12b5c3898cef34ad98804b2496da97e\KL_srp_talker_fsm.\app_next_f$func$/tmp/pp112-portability.C4cOfK/srp.v:2749$7627.ev' using process `$paramod$88c47cdca12b5c3898cef34ad98804b2496da97e\KL_srp_talker_fsm.$proc$/tmp/pp112-portability.C4cOfK/srp.v:2717$8119'.
  created $dff cell `$procdff$32561' with positive edge clock.
Creating register for signal `$paramod$88c47cdca12b5c3898cef34ad98804b2496da97e\KL_srp_talker_fsm.\app_next_f$func$/tmp/pp112-portability.C4cOfK/srp.v:2749$7627.p2p' using process `$paramod$88c47cdca12b5c3898cef34ad98804b2496da97e\KL_srp_talker_fsm.$proc$/tmp/pp112-portability.C4cOfK/srp.v:2717$8119'.
  created $dff cell `$procdff$32562' with positive edge clock.
Creating register for signal `$paramod$88c47cdca12b5c3898cef34ad98804b2496da97e\KL_srp_talker_fsm.\app_next_f$func$/tmp/pp112-portability.C4cOfK/srp.v:2749$7627.nx' using process `$paramod$88c47cdca12b5c3898cef34ad98804b2496da97e\KL_srp_talker_fsm.$proc$/tmp/pp112-portability.C4cOfK/srp.v:2717$8119'.
  created $dff cell `$procdff$32563' with positive edge clock.
Creating register for signal `$paramod$88c47cdca12b5c3898cef34ad98804b2496da97e\KL_srp_talker_fsm.\app_next_f$func$/tmp/pp112-portability.C4cOfK/srp.v:2749$7628.$result' using process `$paramod$88c47cdca12b5c3898cef34ad98804b2496da97e\KL_srp_talker_fsm.$proc$/tmp/pp112-portability.C4cOfK/srp.v:2717$8119'.
  created $dff cell `$procdff$32564' with positive edge clock.
Creating register for signal `$paramod$88c47cdca12b5c3898cef34ad98804b2496da97e\KL_srp_talker_fsm.\app_next_f$func$/tmp/pp112-portability.C4cOfK/srp.v:2749$7628.st' using process `$paramod$88c47cdca12b5c3898cef34ad98804b2496da97e\KL_srp_talker_fsm.$proc$/tmp/pp112-portability.C4cOfK/srp.v:2717$8119'.
  created $dff cell `$procdff$32565' with positive edge clock.
Creating register for signal `$paramod$88c47cdca12b5c3898cef34ad98804b2496da97e\KL_srp_talker_fsm.\app_next_f$func$/tmp/pp112-portability.C4cOfK/srp.v:2749$7628.ev' using process `$paramod$88c47cdca12b5c3898cef34ad98804b2496da97e\KL_srp_talker_fsm.$proc$/tmp/pp112-portability.C4cOfK/srp.v:2717$8119'.
  created $dff cell `$procdff$32566' with positive edge clock.
Creating register for signal `$paramod$88c47cdca12b5c3898cef34ad98804b2496da97e\KL_srp_talker_fsm.\app_next_f$func$/tmp/pp112-portability.C4cOfK/srp.v:2749$7628.p2p' using process `$paramod$88c47cdca12b5c3898cef34ad98804b2496da97e\KL_srp_talker_fsm.$proc$/tmp/pp112-portability.C4cOfK/srp.v:2717$8119'.
  created $dff cell `$procdff$32567' with positive edge clock.
Creating register for signal `$paramod$88c47cdca12b5c3898cef34ad98804b2496da97e\KL_srp_talker_fsm.\app_next_f$func$/tmp/pp112-portability.C4cOfK/srp.v:2749$7628.nx' using process `$paramod$88c47cdca12b5c3898cef34ad98804b2496da97e\KL_srp_talker_fsm.$proc$/tmp/pp112-portability.C4cOfK/srp.v:2717$8119'.
  created $dff cell `$procdff$32568' with positive edge clock.
Creating register for signal `$paramod$88c47cdca12b5c3898cef34ad98804b2496da97e\KL_srp_talker_fsm.\app_next_f$func$/tmp/pp112-portability.C4cOfK/srp.v:2749$7629.$result' using process `$paramod$88c47cdca12b5c3898cef34ad98804b2496da97e\KL_srp_talker_fsm.$proc$/tmp/pp112-portability.C4cOfK/srp.v:2717$8119'.
  created $dff cell `$procdff$32569' with positive edge clock.
Creating register for signal `$paramod$88c47cdca12b5c3898cef34ad98804b2496da97e\KL_srp_talker_fsm.\app_next_f$func$/tmp/pp112-portability.C4cOfK/srp.v:2749$7629.st' using process `$paramod$88c47cdca12b5c3898cef34ad98804b2496da97e\KL_srp_talker_fsm.$proc$/tmp/pp112-portability.C4cOfK/srp.v:2717$8119'.
  created $dff cell `$procdff$32570' with positive edge clock.
Creating register for signal `$paramod$88c47cdca12b5c3898cef34ad98804b2496da97e\KL_srp_talker_fsm.\app_next_f$func$/tmp/pp112-portability.C4cOfK/srp.v:2749$7629.ev' using process `$paramod$88c47cdca12b5c3898cef34ad98804b2496da97e\KL_srp_talker_fsm.$proc$/tmp/pp112-portability.C4cOfK/srp.v:2717$8119'.
  created $dff cell `$procdff$32571' with positive edge clock.
Creating register for signal `$paramod$88c47cdca12b5c3898cef34ad98804b2496da97e\KL_srp_talker_fsm.\app_next_f$func$/tmp/pp112-portability.C4cOfK/srp.v:2749$7629.p2p' using process `$paramod$88c47cdca12b5c3898cef34ad98804b2496da97e\KL_srp_talker_fsm.$proc$/tmp/pp112-portability.C4cOfK/srp.v:2717$8119'.
  created $dff cell `$procdff$32572' with positive edge clock.
Creating register for signal `$paramod$88c47cdca12b5c3898cef34ad98804b2496da97e\KL_srp_talker_fsm.\app_next_f$func$/tmp/pp112-portability.C4cOfK/srp.v:2749$7629.nx' using process `$paramod$88c47cdca12b5c3898cef34ad98804b2496da97e\KL_srp_talker_fsm.$proc$/tmp/pp112-portability.C4cOfK/srp.v:2717$8119'.
  created $dff cell `$procdff$32573' with positive edge clock.
Creating register for signal `$paramod$88c47cdca12b5c3898cef34ad98804b2496da97e\KL_srp_talker_fsm.\app_next_f$func$/tmp/pp112-portability.C4cOfK/srp.v:2749$7630.$result' using process `$paramod$88c47cdca12b5c3898cef34ad98804b2496da97e\KL_srp_talker_fsm.$proc$/tmp/pp112-portability.C4cOfK/srp.v:2717$8119'.
  created $dff cell `$procdff$32574' with positive edge clock.
Creating register for signal `$paramod$88c47cdca12b5c3898cef34ad98804b2496da97e\KL_srp_talker_fsm.\app_next_f$func$/tmp/pp112-portability.C4cOfK/srp.v:2749$7630.st' using process `$paramod$88c47cdca12b5c3898cef34ad98804b2496da97e\KL_srp_talker_fsm.$proc$/tmp/pp112-portability.C4cOfK/srp.v:2717$8119'.
  created $dff cell `$procdff$32575' with positive edge clock.
Creating register for signal `$paramod$88c47cdca12b5c3898cef34ad98804b2496da97e\KL_srp_talker_fsm.\app_next_f$func$/tmp/pp112-portability.C4cOfK/srp.v:2749$7630.ev' using process `$paramod$88c47cdca12b5c3898cef34ad98804b2496da97e\KL_srp_talker_fsm.$proc$/tmp/pp112-portability.C4cOfK/srp.v:2717$8119'.
  created $dff cell `$procdff$32576' with positive edge clock.
Creating register for signal `$paramod$88c47cdca12b5c3898cef34ad98804b2496da97e\KL_srp_talker_fsm.\app_next_f$func$/tmp/pp112-portability.C4cOfK/srp.v:2749$7630.p2p' using process `$paramod$88c47cdca12b5c3898cef34ad98804b2496da97e\KL_srp_talker_fsm.$proc$/tmp/pp112-portability.C4cOfK/srp.v:2717$8119'.
  created $dff cell `$procdff$32577' with positive edge clock.
Creating register for signal `$paramod$88c47cdca12b5c3898cef34ad98804b2496da97e\KL_srp_talker_fsm.\app_next_f$func$/tmp/pp112-portability.C4cOfK/srp.v:2749$7630.nx' using process `$paramod$88c47cdca12b5c3898cef34ad98804b2496da97e\KL_srp_talker_fsm.$proc$/tmp/pp112-portability.C4cOfK/srp.v:2717$8119'.
  created $dff cell `$procdff$32578' with positive edge clock.
Creating register for signal `$paramod$88c47cdca12b5c3898cef34ad98804b2496da97e\KL_srp_talker_fsm.$bitselwrite$pos$/tmp/pp112-portability.C4cOfK/srp.v:2764$7631' using process `$paramod$88c47cdca12b5c3898cef34ad98804b2496da97e\KL_srp_talker_fsm.$proc$/tmp/pp112-portability.C4cOfK/srp.v:2717$8119'.
  created $dff cell `$procdff$32579' with positive edge clock.
Creating register for signal `$paramod$88c47cdca12b5c3898cef34ad98804b2496da97e\KL_srp_talker_fsm.$bitselwrite$pos$/tmp/pp112-portability.C4cOfK/srp.v:2765$7632' using process `$paramod$88c47cdca12b5c3898cef34ad98804b2496da97e\KL_srp_talker_fsm.$proc$/tmp/pp112-portability.C4cOfK/srp.v:2717$8119'.
  created $dff cell `$procdff$32580' with positive edge clock.
Creating register for signal `$paramod$88c47cdca12b5c3898cef34ad98804b2496da97e\KL_srp_talker_fsm.$bitselwrite$pos$/tmp/pp112-portability.C4cOfK/srp.v:2766$7633' using process `$paramod$88c47cdca12b5c3898cef34ad98804b2496da97e\KL_srp_talker_fsm.$proc$/tmp/pp112-portability.C4cOfK/srp.v:2717$8119'.
  created $dff cell `$procdff$32581' with positive edge clock.
Creating register for signal `$paramod$88c47cdca12b5c3898cef34ad98804b2496da97e\KL_srp_talker_fsm.$bitselwrite$pos$/tmp/pp112-portability.C4cOfK/srp.v:2767$7634' using process `$paramod$88c47cdca12b5c3898cef34ad98804b2496da97e\KL_srp_talker_fsm.$proc$/tmp/pp112-portability.C4cOfK/srp.v:2717$8119'.
  created $dff cell `$procdff$32582' with positive edge clock.
Creating register for signal `$paramod$88c47cdca12b5c3898cef34ad98804b2496da97e\KL_srp_talker_fsm.$bitselwrite$pos$/tmp/pp112-portability.C4cOfK/srp.v:2768$7635' using process `$paramod$88c47cdca12b5c3898cef34ad98804b2496da97e\KL_srp_talker_fsm.$proc$/tmp/pp112-portability.C4cOfK/srp.v:2717$8119'.
  created $dff cell `$procdff$32583' with positive edge clock.
Creating register for signal `$paramod$88c47cdca12b5c3898cef34ad98804b2496da97e\KL_srp_talker_fsm.$bitselwrite$pos$/tmp/pp112-portability.C4cOfK/srp.v:2769$7636' using process `$paramod$88c47cdca12b5c3898cef34ad98804b2496da97e\KL_srp_talker_fsm.$proc$/tmp/pp112-portability.C4cOfK/srp.v:2717$8119'.
  created $dff cell `$procdff$32584' with positive edge clock.
Creating register for signal `$paramod$88c47cdca12b5c3898cef34ad98804b2496da97e\KL_srp_talker_fsm.$bitselwrite$pos$/tmp/pp112-portability.C4cOfK/srp.v:2770$7637' using process `$paramod$88c47cdca12b5c3898cef34ad98804b2496da97e\KL_srp_talker_fsm.$proc$/tmp/pp112-portability.C4cOfK/srp.v:2717$8119'.
  created $dff cell `$procdff$32585' with positive edge clock.
Creating register for signal `$paramod$88c47cdca12b5c3898cef34ad98804b2496da97e\KL_srp_talker_fsm.$bitselwrite$pos$/tmp/pp112-portability.C4cOfK/srp.v:2771$7638' using process `$paramod$88c47cdca12b5c3898cef34ad98804b2496da97e\KL_srp_talker_fsm.$proc$/tmp/pp112-portability.C4cOfK/srp.v:2717$8119'.
  created $dff cell `$procdff$32586' with positive edge clock.
Creating register for signal `$paramod$88c47cdca12b5c3898cef34ad98804b2496da97e\KL_srp_talker_fsm.$bitselwrite$pos$/tmp/pp112-portability.C4cOfK/srp.v:2772$7639' using process `$paramod$88c47cdca12b5c3898cef34ad98804b2496da97e\KL_srp_talker_fsm.$proc$/tmp/pp112-portability.C4cOfK/srp.v:2717$8119'.
  created $dff cell `$procdff$32587' with positive edge clock.
Creating register for signal `$paramod$88c47cdca12b5c3898cef34ad98804b2496da97e\KL_srp_talker_fsm.$bitselwrite$pos$/tmp/pp112-portability.C4cOfK/srp.v:2775$7640' using process `$paramod$88c47cdca12b5c3898cef34ad98804b2496da97e\KL_srp_talker_fsm.$proc$/tmp/pp112-portability.C4cOfK/srp.v:2717$8119'.
  created $dff cell `$procdff$32588' with positive edge clock.
Creating register for signal `$paramod$88c47cdca12b5c3898cef34ad98804b2496da97e\KL_srp_talker_fsm.$lookahead\rec_valid_r$8109' using process `$paramod$88c47cdca12b5c3898cef34ad98804b2496da97e\KL_srp_talker_fsm.$proc$/tmp/pp112-portability.C4cOfK/srp.v:2717$8119'.
  created $dff cell `$procdff$32589' with positive edge clock.
Creating register for signal `$paramod$88c47cdca12b5c3898cef34ad98804b2496da97e\KL_srp_talker_fsm.$lookahead\sid_r$8110' using process `$paramod$88c47cdca12b5c3898cef34ad98804b2496da97e\KL_srp_talker_fsm.$proc$/tmp/pp112-portability.C4cOfK/srp.v:2717$8119'.
  created $dff cell `$procdff$32590' with positive edge clock.
Creating register for signal `$paramod$88c47cdca12b5c3898cef34ad98804b2496da97e\KL_srp_talker_fsm.$lookahead\da_r$8111' using process `$paramod$88c47cdca12b5c3898cef34ad98804b2496da97e\KL_srp_talker_fsm.$proc$/tmp/pp112-portability.C4cOfK/srp.v:2717$8119'.
  created $dff cell `$procdff$32591' with positive edge clock.
Creating register for signal `$paramod$88c47cdca12b5c3898cef34ad98804b2496da97e\KL_srp_talker_fsm.$lookahead\vid_r$8112' using process `$paramod$88c47cdca12b5c3898cef34ad98804b2496da97e\KL_srp_talker_fsm.$proc$/tmp/pp112-portability.C4cOfK/srp.v:2717$8119'.
  created $dff cell `$procdff$32592' with positive edge clock.
Creating register for signal `$paramod$88c47cdca12b5c3898cef34ad98804b2496da97e\KL_srp_talker_fsm.$lookahead\mfs_r$8113' using process `$paramod$88c47cdca12b5c3898cef34ad98804b2496da97e\KL_srp_talker_fsm.$proc$/tmp/pp112-portability.C4cOfK/srp.v:2717$8119'.
  created $dff cell `$procdff$32593' with positive edge clock.
Creating register for signal `$paramod$88c47cdca12b5c3898cef34ad98804b2496da97e\KL_srp_talker_fsm.$lookahead\mif_r$8114' using process `$paramod$88c47cdca12b5c3898cef34ad98804b2496da97e\KL_srp_talker_fsm.$proc$/tmp/pp112-portability.C4cOfK/srp.v:2717$8119'.
  created $dff cell `$procdff$32594' with positive edge clock.
Creating register for signal `$paramod$88c47cdca12b5c3898cef34ad98804b2496da97e\KL_srp_talker_fsm.$lookahead\prio_r$8115' using process `$paramod$88c47cdca12b5c3898cef34ad98804b2496da97e\KL_srp_talker_fsm.$proc$/tmp/pp112-portability.C4cOfK/srp.v:2717$8119'.
  created $dff cell `$procdff$32595' with positive edge clock.
Creating register for signal `$paramod$88c47cdca12b5c3898cef34ad98804b2496da97e\KL_srp_talker_fsm.$lookahead\rank_r$8116' using process `$paramod$88c47cdca12b5c3898cef34ad98804b2496da97e\KL_srp_talker_fsm.$proc$/tmp/pp112-portability.C4cOfK/srp.v:2717$8119'.
  created $dff cell `$procdff$32596' with positive edge clock.
Creating register for signal `$paramod$88c47cdca12b5c3898cef34ad98804b2496da97e\KL_srp_talker_fsm.$lookahead\lat_r$8117' using process `$paramod$88c47cdca12b5c3898cef34ad98804b2496da97e\KL_srp_talker_fsm.$proc$/tmp/pp112-portability.C4cOfK/srp.v:2717$8119'.
  created $dff cell `$procdff$32597' with positive edge clock.
Creating register for signal `$paramod$88c47cdca12b5c3898cef34ad98804b2496da97e\KL_srp_talker_fsm.$lookahead\fail_r$8118' using process `$paramod$88c47cdca12b5c3898cef34ad98804b2496da97e\KL_srp_talker_fsm.$proc$/tmp/pp112-portability.C4cOfK/srp.v:2717$8119'.
  created $dff cell `$procdff$32598' with positive edge clock.
Creating register for signal `$paramod$332570c9ba38493029a13e59b85c21b68cddc498\KL_srp_listener_fsm.\vj_pend_r' using process `$paramod$332570c9ba38493029a13e59b85c21b68cddc498\KL_srp_listener_fsm.$proc$/tmp/pp112-portability.C4cOfK/srp.v:2248$7282'.
  created $dff cell `$procdff$32599' with positive edge clock.
Creating register for signal `$paramod$332570c9ba38493029a13e59b85c21b68cddc498\KL_srp_listener_fsm.\vl_pend_r' using process `$paramod$332570c9ba38493029a13e59b85c21b68cddc498\KL_srp_listener_fsm.$proc$/tmp/pp112-portability.C4cOfK/srp.v:2248$7282'.
  created $dff cell `$procdff$32600' with positive edge clock.
Creating register for signal `$paramod$332570c9ba38493029a13e59b85c21b68cddc498\KL_srp_listener_fsm.\vj_vid_r' using process `$paramod$332570c9ba38493029a13e59b85c21b68cddc498\KL_srp_listener_fsm.$proc$/tmp/pp112-portability.C4cOfK/srp.v:2248$7282'.
  created $dff cell `$procdff$32601' with positive edge clock.
Creating register for signal `$paramod$332570c9ba38493029a13e59b85c21b68cddc498\KL_srp_listener_fsm.\vl_vid_r' using process `$paramod$332570c9ba38493029a13e59b85c21b68cddc498\KL_srp_listener_fsm.$proc$/tmp/pp112-portability.C4cOfK/srp.v:2248$7282'.
  created $dff cell `$procdff$32602' with positive edge clock.
Creating register for signal `$paramod$332570c9ba38493029a13e59b85c21b68cddc498\KL_srp_listener_fsm.$bitselwrite$pos$/tmp/pp112-portability.C4cOfK/srp.v:2258$5948' using process `$paramod$332570c9ba38493029a13e59b85c21b68cddc498\KL_srp_listener_fsm.$proc$/tmp/pp112-portability.C4cOfK/srp.v:2248$7282'.
  created $dff cell `$procdff$32603' with positive edge clock.
Creating register for signal `$paramod$332570c9ba38493029a13e59b85c21b68cddc498\KL_srp_listener_fsm.$bitselwrite$pos$/tmp/pp112-portability.C4cOfK/srp.v:2260$5949' using process `$paramod$332570c9ba38493029a13e59b85c21b68cddc498\KL_srp_listener_fsm.$proc$/tmp/pp112-portability.C4cOfK/srp.v:2248$7282'.
  created $dff cell `$procdff$32604' with positive edge clock.
Creating register for signal `$paramod$332570c9ba38493029a13e59b85c21b68cddc498\KL_srp_listener_fsm.$bitselwrite$pos$/tmp/pp112-portability.C4cOfK/srp.v:2265$5950' using process `$paramod$332570c9ba38493029a13e59b85c21b68cddc498\KL_srp_listener_fsm.$proc$/tmp/pp112-portability.C4cOfK/srp.v:2248$7282'.
  created $dff cell `$procdff$32605' with positive edge clock.
Creating register for signal `$paramod$332570c9ba38493029a13e59b85c21b68cddc498\KL_srp_listener_fsm.$bitselwrite$pos$/tmp/pp112-portability.C4cOfK/srp.v:2267$5951' using process `$paramod$332570c9ba38493029a13e59b85c21b68cddc498\KL_srp_listener_fsm.$proc$/tmp/pp112-portability.C4cOfK/srp.v:2248$7282'.
  created $dff cell `$procdff$32606' with positive edge clock.
Creating register for signal `$paramod$332570c9ba38493029a13e59b85c21b68cddc498\KL_srp_listener_fsm.$bitselwrite$pos$/tmp/pp112-portability.C4cOfK/srp.v:2268$5952' using process `$paramod$332570c9ba38493029a13e59b85c21b68cddc498\KL_srp_listener_fsm.$proc$/tmp/pp112-portability.C4cOfK/srp.v:2248$7282'.
  created $dff cell `$procdff$32607' with positive edge clock.
Creating register for signal `$paramod$332570c9ba38493029a13e59b85c21b68cddc498\KL_srp_listener_fsm.$bitselwrite$pos$/tmp/pp112-portability.C4cOfK/srp.v:2272$5953' using process `$paramod$332570c9ba38493029a13e59b85c21b68cddc498\KL_srp_listener_fsm.$proc$/tmp/pp112-portability.C4cOfK/srp.v:2248$7282'.
  created $dff cell `$procdff$32608' with positive edge clock.
Creating register for signal `$paramod$332570c9ba38493029a13e59b85c21b68cddc498\KL_srp_listener_fsm.$bitselwrite$pos$/tmp/pp112-portability.C4cOfK/srp.v:2274$5954' using process `$paramod$332570c9ba38493029a13e59b85c21b68cddc498\KL_srp_listener_fsm.$proc$/tmp/pp112-portability.C4cOfK/srp.v:2248$7282'.
  created $dff cell `$procdff$32609' with positive edge clock.
Creating register for signal `$paramod$332570c9ba38493029a13e59b85c21b68cddc498\KL_srp_listener_fsm.$bitselwrite$pos$/tmp/pp112-portability.C4cOfK/srp.v:2275$5955' using process `$paramod$332570c9ba38493029a13e59b85c21b68cddc498\KL_srp_listener_fsm.$proc$/tmp/pp112-portability.C4cOfK/srp.v:2248$7282'.
  created $dff cell `$procdff$32610' with positive edge clock.
Creating register for signal `$paramod$332570c9ba38493029a13e59b85c21b68cddc498\KL_srp_listener_fsm.$lookahead\vj_pend_r$7278' using process `$paramod$332570c9ba38493029a13e59b85c21b68cddc498\KL_srp_listener_fsm.$proc$/tmp/pp112-portability.C4cOfK/srp.v:2248$7282'.
  created $dff cell `$procdff$32611' with positive edge clock.
Creating register for signal `$paramod$332570c9ba38493029a13e59b85c21b68cddc498\KL_srp_listener_fsm.$lookahead\vl_pend_r$7279' using process `$paramod$332570c9ba38493029a13e59b85c21b68cddc498\KL_srp_listener_fsm.$proc$/tmp/pp112-portability.C4cOfK/srp.v:2248$7282'.
  created $dff cell `$procdff$32612' with positive edge clock.
Creating register for signal `$paramod$332570c9ba38493029a13e59b85c21b68cddc498\KL_srp_listener_fsm.$lookahead\vj_vid_r$7280' using process `$paramod$332570c9ba38493029a13e59b85c21b68cddc498\KL_srp_listener_fsm.$proc$/tmp/pp112-portability.C4cOfK/srp.v:2248$7282'.
  created $dff cell `$procdff$32613' with positive edge clock.
Creating register for signal `$paramod$332570c9ba38493029a13e59b85c21b68cddc498\KL_srp_listener_fsm.$lookahead\vl_vid_r$7281' using process `$paramod$332570c9ba38493029a13e59b85c21b68cddc498\KL_srp_listener_fsm.$proc$/tmp/pp112-portability.C4cOfK/srp.v:2248$7282'.
  created $dff cell `$procdff$32614' with positive edge clock.
Creating register for signal `$paramod$332570c9ba38493029a13e59b85c21b68cddc498\KL_srp_listener_fsm.\lat_r' using process `$paramod$332570c9ba38493029a13e59b85c21b68cddc498\KL_srp_listener_fsm.$proc$/tmp/pp112-portability.C4cOfK/srp.v:2145$7057'.
  created $dff cell `$procdff$32615' with positive edge clock.
Creating register for signal `$paramod$332570c9ba38493029a13e59b85c21b68cddc498\KL_srp_listener_fsm.\fcode_r' using process `$paramod$332570c9ba38493029a13e59b85c21b68cddc498\KL_srp_listener_fsm.$proc$/tmp/pp112-portability.C4cOfK/srp.v:2145$7057'.
  created $dff cell `$procdff$32616' with positive edge clock.
Creating register for signal `$paramod$332570c9ba38493029a13e59b85c21b68cddc498\KL_srp_listener_fsm.\arm_valid_o' using process `$paramod$332570c9ba38493029a13e59b85c21b68cddc498\KL_srp_listener_fsm.$proc$/tmp/pp112-portability.C4cOfK/srp.v:2145$7057'.
  created $dff cell `$procdff$32617' with positive edge clock.
Creating register for signal `$paramod$332570c9ba38493029a13e59b85c21b68cddc498\KL_srp_listener_fsm.\arm_cancel_o' using process `$paramod$332570c9ba38493029a13e59b85c21b68cddc498\KL_srp_listener_fsm.$proc$/tmp/pp112-portability.C4cOfK/srp.v:2145$7057'.
  created $dff cell `$procdff$32618' with positive edge clock.
Creating register for signal `$paramod$332570c9ba38493029a13e59b85c21b68cddc498\KL_srp_listener_fsm.\arm_slot_o' using process `$paramod$332570c9ba38493029a13e59b85c21b68cddc498\KL_srp_listener_fsm.$proc$/tmp/pp112-portability.C4cOfK/srp.v:2145$7057'.
  created $dff cell `$procdff$32619' with positive edge clock.
Creating register for signal `$paramod$332570c9ba38493029a13e59b85c21b68cddc498\KL_srp_listener_fsm.\arm_owner_o' using process `$paramod$332570c9ba38493029a13e59b85c21b68cddc498\KL_srp_listener_fsm.$proc$/tmp/pp112-portability.C4cOfK/srp.v:2145$7057'.
  created $dff cell `$procdff$32620' with positive edge clock.
Creating register for signal `$paramod$332570c9ba38493029a13e59b85c21b68cddc498\KL_srp_listener_fsm.\arm_deadline_ms_o' using process `$paramod$332570c9ba38493029a13e59b85c21b68cddc498\KL_srp_listener_fsm.$proc$/tmp/pp112-portability.C4cOfK/srp.v:2145$7057'.
  created $dff cell `$procdff$32621' with positive edge clock.
Creating register for signal `$paramod$332570c9ba38493029a13e59b85c21b68cddc498\KL_srp_listener_fsm.\evt_tk_registered_o' using process `$paramod$332570c9ba38493029a13e59b85c21b68cddc498\KL_srp_listener_fsm.$proc$/tmp/pp112-portability.C4cOfK/srp.v:2145$7057'.
  created $dff cell `$procdff$32622' with positive edge clock.
Creating register for signal `$paramod$332570c9ba38493029a13e59b85c21b68cddc498\KL_srp_listener_fsm.\evt_tk_unregistered_o' using process `$paramod$332570c9ba38493029a13e59b85c21b68cddc498\KL_srp_listener_fsm.$proc$/tmp/pp112-portability.C4cOfK/srp.v:2145$7057'.
  created $dff cell `$procdff$32623' with positive edge clock.
Creating register for signal `$paramod$332570c9ba38493029a13e59b85c21b68cddc498\KL_srp_listener_fsm.\reg_r' using process `$paramod$332570c9ba38493029a13e59b85c21b68cddc498\KL_srp_listener_fsm.$proc$/tmp/pp112-portability.C4cOfK/srp.v:2145$7057'.
  created $dff cell `$procdff$32624' with positive edge clock.
Creating register for signal `$paramod$332570c9ba38493029a13e59b85c21b68cddc498\KL_srp_listener_fsm.\rtype_r' using process `$paramod$332570c9ba38493029a13e59b85c21b68cddc498\KL_srp_listener_fsm.$proc$/tmp/pp112-portability.C4cOfK/srp.v:2145$7057'.
  created $dff cell `$procdff$32625' with positive edge clock.
Creating register for signal `$paramod$332570c9ba38493029a13e59b85c21b68cddc498\KL_srp_listener_fsm.\fsysid_r' using process `$paramod$332570c9ba38493029a13e59b85c21b68cddc498\KL_srp_listener_fsm.$proc$/tmp/pp112-portability.C4cOfK/srp.v:2145$7057'.
  created $dff cell `$procdff$32626' with positive edge clock.
Creating register for signal `$paramod$332570c9ba38493029a13e59b85c21b68cddc498\KL_srp_listener_fsm.\tpend_r' using process `$paramod$332570c9ba38493029a13e59b85c21b68cddc498\KL_srp_listener_fsm.$proc$/tmp/pp112-portability.C4cOfK/srp.v:2145$7057'.
  created $dff cell `$procdff$32627' with positive edge clock.
Creating register for signal `$paramod$332570c9ba38493029a13e59b85c21b68cddc498\KL_srp_listener_fsm.\reg_plane.sv2v_autoblock_7.s' using process `$paramod$332570c9ba38493029a13e59b85c21b68cddc498\KL_srp_listener_fsm.$proc$/tmp/pp112-portability.C4cOfK/srp.v:2145$7057'.
  created $dff cell `$procdff$32628' with positive edge clock.
Creating register for signal `$paramod$332570c9ba38493029a13e59b85c21b68cddc498\KL_srp_listener_fsm.\sv2v_cast_32$func$/tmp/pp112-portability.C4cOfK/srp.v:2168$5921.$result' using process `$paramod$332570c9ba38493029a13e59b85c21b68cddc498\KL_srp_listener_fsm.$proc$/tmp/pp112-portability.C4cOfK/srp.v:2145$7057'.
  created $dff cell `$procdff$32629' with positive edge clock.
Creating register for signal `$paramod$332570c9ba38493029a13e59b85c21b68cddc498\KL_srp_listener_fsm.\sv2v_cast_32$func$/tmp/pp112-portability.C4cOfK/srp.v:2168$5921.inp' using process `$paramod$332570c9ba38493029a13e59b85c21b68cddc498\KL_srp_listener_fsm.$proc$/tmp/pp112-portability.C4cOfK/srp.v:2145$7057'.
  created $dff cell `$procdff$32630' with positive edge clock.
Creating register for signal `$paramod$332570c9ba38493029a13e59b85c21b68cddc498\KL_srp_listener_fsm.\sv2v_cast_42C2E$func$/tmp/pp112-portability.C4cOfK/srp.v:2168$5922.$result' using process `$paramod$332570c9ba38493029a13e59b85c21b68cddc498\KL_srp_listener_fsm.$proc$/tmp/pp112-portability.C4cOfK/srp.v:2145$7057'.
  created $dff cell `$procdff$32631' with positive edge clock.
Creating register for signal `$paramod$332570c9ba38493029a13e59b85c21b68cddc498\KL_srp_listener_fsm.\sv2v_cast_42C2E$func$/tmp/pp112-portability.C4cOfK/srp.v:2168$5922.inp' using process `$paramod$332570c9ba38493029a13e59b85c21b68cddc498\KL_srp_listener_fsm.$proc$/tmp/pp112-portability.C4cOfK/srp.v:2145$7057'.
  created $dff cell `$procdff$32632' with positive edge clock.
Creating register for signal `$paramod$332570c9ba38493029a13e59b85c21b68cddc498\KL_srp_listener_fsm.$bitselwrite$pos$/tmp/pp112-portability.C4cOfK/srp.v:2171$5923' using process `$paramod$332570c9ba38493029a13e59b85c21b68cddc498\KL_srp_listener_fsm.$proc$/tmp/pp112-portability.C4cOfK/srp.v:2145$7057'.
  created $dff cell `$procdff$32633' with positive edge clock.
Creating register for signal `$paramod$332570c9ba38493029a13e59b85c21b68cddc498\KL_srp_listener_fsm.$lookahead\tpend_r$7056' using process `$paramod$332570c9ba38493029a13e59b85c21b68cddc498\KL_srp_listener_fsm.$proc$/tmp/pp112-portability.C4cOfK/srp.v:2145$7057'.
  created $dff cell `$procdff$32634' with positive edge clock.
Creating register for signal `$paramod$332570c9ba38493029a13e59b85c21b68cddc498\KL_srp_listener_fsm.\sid_r' using process `$paramod$332570c9ba38493029a13e59b85c21b68cddc498\KL_srp_listener_fsm.$proc$/tmp/pp112-portability.C4cOfK/srp.v:2004$6430'.
  created $dff cell `$procdff$32635' with positive edge clock.
Creating register for signal `$paramod$332570c9ba38493029a13e59b85c21b68cddc498\KL_srp_listener_fsm.\da_r' using process `$paramod$332570c9ba38493029a13e59b85c21b68cddc498\KL_srp_listener_fsm.$proc$/tmp/pp112-portability.C4cOfK/srp.v:2004$6430'.
  created $dff cell `$procdff$32636' with positive edge clock.
Creating register for signal `$paramod$332570c9ba38493029a13e59b85c21b68cddc498\KL_srp_listener_fsm.\vid_r' using process `$paramod$332570c9ba38493029a13e59b85c21b68cddc498\KL_srp_listener_fsm.$proc$/tmp/pp112-portability.C4cOfK/srp.v:2004$6430'.
  created $dff cell `$procdff$32637' with positive edge clock.
Creating register for signal `$paramod$332570c9ba38493029a13e59b85c21b68cddc498\KL_srp_listener_fsm.\txop_done_o' using process `$paramod$332570c9ba38493029a13e59b85c21b68cddc498\KL_srp_listener_fsm.$proc$/tmp/pp112-portability.C4cOfK/srp.v:2004$6430'.
  created $dff cell `$procdff$32638' with positive edge clock.
Creating register for signal `$paramod$332570c9ba38493029a13e59b85c21b68cddc498\KL_srp_listener_fsm.\rec_valid_r' using process `$paramod$332570c9ba38493029a13e59b85c21b68cddc498\KL_srp_listener_fsm.$proc$/tmp/pp112-portability.C4cOfK/srp.v:2004$6430'.
  created $dff cell `$procdff$32639' with positive edge clock.
Creating register for signal `$paramod$332570c9ba38493029a13e59b85c21b68cddc498\KL_srp_listener_fsm.\armed_r' using process `$paramod$332570c9ba38493029a13e59b85c21b68cddc498\KL_srp_listener_fsm.$proc$/tmp/pp112-portability.C4cOfK/srp.v:2004$6430'.
  created $dff cell `$procdff$32640' with positive edge clock.
Creating register for signal `$paramod$332570c9ba38493029a13e59b85c21b68cddc498\KL_srp_listener_fsm.\app_r' using process `$paramod$332570c9ba38493029a13e59b85c21b68cddc498\KL_srp_listener_fsm.$proc$/tmp/pp112-portability.C4cOfK/srp.v:2004$6430'.
  created $dff cell `$procdff$32641' with positive edge clock.
Creating register for signal `$paramod$332570c9ba38493029a13e59b85c21b68cddc498\KL_srp_listener_fsm.\fourpack_r' using process `$paramod$332570c9ba38493029a13e59b85c21b68cddc498\KL_srp_listener_fsm.$proc$/tmp/pp112-portability.C4cOfK/srp.v:2004$6430'.
  created $dff cell `$procdff$32642' with positive edge clock.
Creating register for signal `$paramod$332570c9ba38493029a13e59b85c21b68cddc498\KL_srp_listener_fsm.\decl_pend_r' using process `$paramod$332570c9ba38493029a13e59b85c21b68cddc498\KL_srp_listener_fsm.$proc$/tmp/pp112-portability.C4cOfK/srp.v:2004$6430'.
  created $dff cell `$procdff$32643' with positive edge clock.
Creating register for signal `$paramod$332570c9ba38493029a13e59b85c21b68cddc498\KL_srp_listener_fsm.\decl_fp_r' using process `$paramod$332570c9ba38493029a13e59b85c21b68cddc498\KL_srp_listener_fsm.$proc$/tmp/pp112-portability.C4cOfK/srp.v:2004$6430'.
  created $dff cell `$procdff$32644' with positive edge clock.
Creating register for signal `$paramod$332570c9ba38493029a13e59b85c21b68cddc498\KL_srp_listener_fsm.\rla_pend_r' using process `$paramod$332570c9ba38493029a13e59b85c21b68cddc498\KL_srp_listener_fsm.$proc$/tmp/pp112-portability.C4cOfK/srp.v:2004$6430'.
  created $dff cell `$procdff$32645' with positive edge clock.
Creating register for signal `$paramod$332570c9ba38493029a13e59b85c21b68cddc498\KL_srp_listener_fsm.\per_pend_r' using process `$paramod$332570c9ba38493029a13e59b85c21b68cddc498\KL_srp_listener_fsm.$proc$/tmp/pp112-portability.C4cOfK/srp.v:2004$6430'.
  created $dff cell `$procdff$32646' with positive edge clock.
Creating register for signal `$paramod$332570c9ba38493029a13e59b85c21b68cddc498\KL_srp_listener_fsm.\walk_r' using process `$paramod$332570c9ba38493029a13e59b85c21b68cddc498\KL_srp_listener_fsm.$proc$/tmp/pp112-portability.C4cOfK/srp.v:2004$6430'.
  created $dff cell `$procdff$32647' with positive edge clock.
Creating register for signal `$paramod$332570c9ba38493029a13e59b85c21b68cddc498\KL_srp_listener_fsm.\wsrc_r' using process `$paramod$332570c9ba38493029a13e59b85c21b68cddc498\KL_srp_listener_fsm.$proc$/tmp/pp112-portability.C4cOfK/srp.v:2004$6430'.
  created $dff cell `$procdff$32648' with positive edge clock.
Creating register for signal `$paramod$332570c9ba38493029a13e59b85c21b68cddc498\KL_srp_listener_fsm.\wtxla_r' using process `$paramod$332570c9ba38493029a13e59b85c21b68cddc498\KL_srp_listener_fsm.$proc$/tmp/pp112-portability.C4cOfK/srp.v:2004$6430'.
  created $dff cell `$procdff$32649' with positive edge clock.
Creating register for signal `$paramod$332570c9ba38493029a13e59b85c21b68cddc498\KL_srp_listener_fsm.\tick_pend_r' using process `$paramod$332570c9ba38493029a13e59b85c21b68cddc498\KL_srp_listener_fsm.$proc$/tmp/pp112-portability.C4cOfK/srp.v:2004$6430'.
  created $dff cell `$procdff$32650' with positive edge clock.
Creating register for signal `$paramod$332570c9ba38493029a13e59b85c21b68cddc498\KL_srp_listener_fsm.\laown_pend_r' using process `$paramod$332570c9ba38493029a13e59b85c21b68cddc498\KL_srp_listener_fsm.$proc$/tmp/pp112-portability.C4cOfK/srp.v:2004$6430'.
  created $dff cell `$procdff$32651' with positive edge clock.
Creating register for signal `$paramod$332570c9ba38493029a13e59b85c21b68cddc498\KL_srp_listener_fsm.\push_code_r' using process `$paramod$332570c9ba38493029a13e59b85c21b68cddc498\KL_srp_listener_fsm.$proc$/tmp/pp112-portability.C4cOfK/srp.v:2004$6430'.
  created $dff cell `$procdff$32652' with positive edge clock.
Creating register for signal `$paramod$332570c9ba38493029a13e59b85c21b68cddc498\KL_srp_listener_fsm.\push_fp_r' using process `$paramod$332570c9ba38493029a13e59b85c21b68cddc498\KL_srp_listener_fsm.$proc$/tmp/pp112-portability.C4cOfK/srp.v:2004$6430'.
  created $dff cell `$procdff$32653' with positive edge clock.
Creating register for signal `$paramod$332570c9ba38493029a13e59b85c21b68cddc498\KL_srp_listener_fsm.\push_val_r' using process `$paramod$332570c9ba38493029a13e59b85c21b68cddc498\KL_srp_listener_fsm.$proc$/tmp/pp112-portability.C4cOfK/srp.v:2004$6430'.
  created $dff cell `$procdff$32654' with positive edge clock.
Creating register for signal `$paramod$332570c9ba38493029a13e59b85c21b68cddc498\KL_srp_listener_fsm.\app_plane.sv2v_autoblock_5.s' using process `$paramod$332570c9ba38493029a13e59b85c21b68cddc498\KL_srp_listener_fsm.$proc$/tmp/pp112-portability.C4cOfK/srp.v:2004$6430'.
  created $dff cell `$procdff$32655' with positive edge clock.
Creating register for signal `$paramod$332570c9ba38493029a13e59b85c21b68cddc498\KL_srp_listener_fsm.\app_next_f$func$/tmp/pp112-portability.C4cOfK/srp.v:2034$5891.$result' using process `$paramod$332570c9ba38493029a13e59b85c21b68cddc498\KL_srp_listener_fsm.$proc$/tmp/pp112-portability.C4cOfK/srp.v:2004$6430'.
  created $dff cell `$procdff$32656' with positive edge clock.
Creating register for signal `$paramod$332570c9ba38493029a13e59b85c21b68cddc498\KL_srp_listener_fsm.\app_next_f$func$/tmp/pp112-portability.C4cOfK/srp.v:2034$5891.st' using process `$paramod$332570c9ba38493029a13e59b85c21b68cddc498\KL_srp_listener_fsm.$proc$/tmp/pp112-portability.C4cOfK/srp.v:2004$6430'.
  created $dff cell `$procdff$32657' with positive edge clock.
Creating register for signal `$paramod$332570c9ba38493029a13e59b85c21b68cddc498\KL_srp_listener_fsm.\app_next_f$func$/tmp/pp112-portability.C4cOfK/srp.v:2034$5891.ev' using process `$paramod$332570c9ba38493029a13e59b85c21b68cddc498\KL_srp_listener_fsm.$proc$/tmp/pp112-portability.C4cOfK/srp.v:2004$6430'.
  created $dff cell `$procdff$32658' with positive edge clock.
Creating register for signal `$paramod$332570c9ba38493029a13e59b85c21b68cddc498\KL_srp_listener_fsm.\app_next_f$func$/tmp/pp112-portability.C4cOfK/srp.v:2034$5891.p2p' using process `$paramod$332570c9ba38493029a13e59b85c21b68cddc498\KL_srp_listener_fsm.$proc$/tmp/pp112-portability.C4cOfK/srp.v:2004$6430'.
  created $dff cell `$procdff$32659' with positive edge clock.
Creating register for signal `$paramod$332570c9ba38493029a13e59b85c21b68cddc498\KL_srp_listener_fsm.\app_next_f$func$/tmp/pp112-portability.C4cOfK/srp.v:2034$5891.nx' using process `$paramod$332570c9ba38493029a13e59b85c21b68cddc498\KL_srp_listener_fsm.$proc$/tmp/pp112-portability.C4cOfK/srp.v:2004$6430'.
  created $dff cell `$procdff$32660' with positive edge clock.
Creating register for signal `$paramod$332570c9ba38493029a13e59b85c21b68cddc498\KL_srp_listener_fsm.\app_next_f$func$/tmp/pp112-portability.C4cOfK/srp.v:2034$5892.$result' using process `$paramod$332570c9ba38493029a13e59b85c21b68cddc498\KL_srp_listener_fsm.$proc$/tmp/pp112-portability.C4cOfK/srp.v:2004$6430'.
  created $dff cell `$procdff$32661' with positive edge clock.
Creating register for signal `$paramod$332570c9ba38493029a13e59b85c21b68cddc498\KL_srp_listener_fsm.\app_next_f$func$/tmp/pp112-portability.C4cOfK/srp.v:2034$5892.st' using process `$paramod$332570c9ba38493029a13e59b85c21b68cddc498\KL_srp_listener_fsm.$proc$/tmp/pp112-portability.C4cOfK/srp.v:2004$6430'.
  created $dff cell `$procdff$32662' with positive edge clock.
Creating register for signal `$paramod$332570c9ba38493029a13e59b85c21b68cddc498\KL_srp_listener_fsm.\app_next_f$func$/tmp/pp112-portability.C4cOfK/srp.v:2034$5892.ev' using process `$paramod$332570c9ba38493029a13e59b85c21b68cddc498\KL_srp_listener_fsm.$proc$/tmp/pp112-portability.C4cOfK/srp.v:2004$6430'.
  created $dff cell `$procdff$32663' with positive edge clock.
Creating register for signal `$paramod$332570c9ba38493029a13e59b85c21b68cddc498\KL_srp_listener_fsm.\app_next_f$func$/tmp/pp112-portability.C4cOfK/srp.v:2034$5892.p2p' using process `$paramod$332570c9ba38493029a13e59b85c21b68cddc498\KL_srp_listener_fsm.$proc$/tmp/pp112-portability.C4cOfK/srp.v:2004$6430'.
  created $dff cell `$procdff$32664' with positive edge clock.
Creating register for signal `$paramod$332570c9ba38493029a13e59b85c21b68cddc498\KL_srp_listener_fsm.\app_next_f$func$/tmp/pp112-portability.C4cOfK/srp.v:2034$5892.nx' using process `$paramod$332570c9ba38493029a13e59b85c21b68cddc498\KL_srp_listener_fsm.$proc$/tmp/pp112-portability.C4cOfK/srp.v:2004$6430'.
  created $dff cell `$procdff$32665' with positive edge clock.
Creating register for signal `$paramod$332570c9ba38493029a13e59b85c21b68cddc498\KL_srp_listener_fsm.\app_next_f$func$/tmp/pp112-portability.C4cOfK/srp.v:2034$5893.$result' using process `$paramod$332570c9ba38493029a13e59b85c21b68cddc498\KL_srp_listener_fsm.$proc$/tmp/pp112-portability.C4cOfK/srp.v:2004$6430'.
  created $dff cell `$procdff$32666' with positive edge clock.
Creating register for signal `$paramod$332570c9ba38493029a13e59b85c21b68cddc498\KL_srp_listener_fsm.\app_next_f$func$/tmp/pp112-portability.C4cOfK/srp.v:2034$5893.st' using process `$paramod$332570c9ba38493029a13e59b85c21b68cddc498\KL_srp_listener_fsm.$proc$/tmp/pp112-portability.C4cOfK/srp.v:2004$6430'.
  created $dff cell `$procdff$32667' with positive edge clock.
Creating register for signal `$paramod$332570c9ba38493029a13e59b85c21b68cddc498\KL_srp_listener_fsm.\app_next_f$func$/tmp/pp112-portability.C4cOfK/srp.v:2034$5893.ev' using process `$paramod$332570c9ba38493029a13e59b85c21b68cddc498\KL_srp_listener_fsm.$proc$/tmp/pp112-portability.C4cOfK/srp.v:2004$6430'.
  created $dff cell `$procdff$32668' with positive edge clock.
Creating register for signal `$paramod$332570c9ba38493029a13e59b85c21b68cddc498\KL_srp_listener_fsm.\app_next_f$func$/tmp/pp112-portability.C4cOfK/srp.v:2034$5893.p2p' using process `$paramod$332570c9ba38493029a13e59b85c21b68cddc498\KL_srp_listener_fsm.$proc$/tmp/pp112-portability.C4cOfK/srp.v:2004$6430'.
  created $dff cell `$procdff$32669' with positive edge clock.
Creating register for signal `$paramod$332570c9ba38493029a13e59b85c21b68cddc498\KL_srp_listener_fsm.\app_next_f$func$/tmp/pp112-portability.C4cOfK/srp.v:2034$5893.nx' using process `$paramod$332570c9ba38493029a13e59b85c21b68cddc498\KL_srp_listener_fsm.$proc$/tmp/pp112-portability.C4cOfK/srp.v:2004$6430'.
  created $dff cell `$procdff$32670' with positive edge clock.
Creating register for signal `$paramod$332570c9ba38493029a13e59b85c21b68cddc498\KL_srp_listener_fsm.\app_next_f$func$/tmp/pp112-portability.C4cOfK/srp.v:2034$5894.$result' using process `$paramod$332570c9ba38493029a13e59b85c21b68cddc498\KL_srp_listener_fsm.$proc$/tmp/pp112-portability.C4cOfK/srp.v:2004$6430'.
  created $dff cell `$procdff$32671' with positive edge clock.
Creating register for signal `$paramod$332570c9ba38493029a13e59b85c21b68cddc498\KL_srp_listener_fsm.\app_next_f$func$/tmp/pp112-portability.C4cOfK/srp.v:2034$5894.st' using process `$paramod$332570c9ba38493029a13e59b85c21b68cddc498\KL_srp_listener_fsm.$proc$/tmp/pp112-portability.C4cOfK/srp.v:2004$6430'.
  created $dff cell `$procdff$32672' with positive edge clock.
Creating register for signal `$paramod$332570c9ba38493029a13e59b85c21b68cddc498\KL_srp_listener_fsm.\app_next_f$func$/tmp/pp112-portability.C4cOfK/srp.v:2034$5894.ev' using process `$paramod$332570c9ba38493029a13e59b85c21b68cddc498\KL_srp_listener_fsm.$proc$/tmp/pp112-portability.C4cOfK/srp.v:2004$6430'.
  created $dff cell `$procdff$32673' with positive edge clock.
Creating register for signal `$paramod$332570c9ba38493029a13e59b85c21b68cddc498\KL_srp_listener_fsm.\app_next_f$func$/tmp/pp112-portability.C4cOfK/srp.v:2034$5894.p2p' using process `$paramod$332570c9ba38493029a13e59b85c21b68cddc498\KL_srp_listener_fsm.$proc$/tmp/pp112-portability.C4cOfK/srp.v:2004$6430'.
  created $dff cell `$procdff$32674' with positive edge clock.
Creating register for signal `$paramod$332570c9ba38493029a13e59b85c21b68cddc498\KL_srp_listener_fsm.\app_next_f$func$/tmp/pp112-portability.C4cOfK/srp.v:2034$5894.nx' using process `$paramod$332570c9ba38493029a13e59b85c21b68cddc498\KL_srp_listener_fsm.$proc$/tmp/pp112-portability.C4cOfK/srp.v:2004$6430'.
  created $dff cell `$procdff$32675' with positive edge clock.
Creating register for signal `$paramod$332570c9ba38493029a13e59b85c21b68cddc498\KL_srp_listener_fsm.\app_next_f$func$/tmp/pp112-portability.C4cOfK/srp.v:2034$5895.$result' using process `$paramod$332570c9ba38493029a13e59b85c21b68cddc498\KL_srp_listener_fsm.$proc$/tmp/pp112-portability.C4cOfK/srp.v:2004$6430'.
  created $dff cell `$procdff$32676' with positive edge clock.
Creating register for signal `$paramod$332570c9ba38493029a13e59b85c21b68cddc498\KL_srp_listener_fsm.\app_next_f$func$/tmp/pp112-portability.C4cOfK/srp.v:2034$5895.st' using process `$paramod$332570c9ba38493029a13e59b85c21b68cddc498\KL_srp_listener_fsm.$proc$/tmp/pp112-portability.C4cOfK/srp.v:2004$6430'.
  created $dff cell `$procdff$32677' with positive edge clock.
Creating register for signal `$paramod$332570c9ba38493029a13e59b85c21b68cddc498\KL_srp_listener_fsm.\app_next_f$func$/tmp/pp112-portability.C4cOfK/srp.v:2034$5895.ev' using process `$paramod$332570c9ba38493029a13e59b85c21b68cddc498\KL_srp_listener_fsm.$proc$/tmp/pp112-portability.C4cOfK/srp.v:2004$6430'.
  created $dff cell `$procdff$32678' with positive edge clock.
Creating register for signal `$paramod$332570c9ba38493029a13e59b85c21b68cddc498\KL_srp_listener_fsm.\app_next_f$func$/tmp/pp112-portability.C4cOfK/srp.v:2034$5895.p2p' using process `$paramod$332570c9ba38493029a13e59b85c21b68cddc498\KL_srp_listener_fsm.$proc$/tmp/pp112-portability.C4cOfK/srp.v:2004$6430'.
  created $dff cell `$procdff$32679' with positive edge clock.
Creating register for signal `$paramod$332570c9ba38493029a13e59b85c21b68cddc498\KL_srp_listener_fsm.\app_next_f$func$/tmp/pp112-portability.C4cOfK/srp.v:2034$5895.nx' using process `$paramod$332570c9ba38493029a13e59b85c21b68cddc498\KL_srp_listener_fsm.$proc$/tmp/pp112-portability.C4cOfK/srp.v:2004$6430'.
  created $dff cell `$procdff$32680' with positive edge clock.
Creating register for signal `$paramod$332570c9ba38493029a13e59b85c21b68cddc498\KL_srp_listener_fsm.\app_next_f$func$/tmp/pp112-portability.C4cOfK/srp.v:2034$5896.$result' using process `$paramod$332570c9ba38493029a13e59b85c21b68cddc498\KL_srp_listener_fsm.$proc$/tmp/pp112-portability.C4cOfK/srp.v:2004$6430'.
  created $dff cell `$procdff$32681' with positive edge clock.
Creating register for signal `$paramod$332570c9ba38493029a13e59b85c21b68cddc498\KL_srp_listener_fsm.\app_next_f$func$/tmp/pp112-portability.C4cOfK/srp.v:2034$5896.st' using process `$paramod$332570c9ba38493029a13e59b85c21b68cddc498\KL_srp_listener_fsm.$proc$/tmp/pp112-portability.C4cOfK/srp.v:2004$6430'.
  created $dff cell `$procdff$32682' with positive edge clock.
Creating register for signal `$paramod$332570c9ba38493029a13e59b85c21b68cddc498\KL_srp_listener_fsm.\app_next_f$func$/tmp/pp112-portability.C4cOfK/srp.v:2034$5896.ev' using process `$paramod$332570c9ba38493029a13e59b85c21b68cddc498\KL_srp_listener_fsm.$proc$/tmp/pp112-portability.C4cOfK/srp.v:2004$6430'.
  created $dff cell `$procdff$32683' with positive edge clock.
Creating register for signal `$paramod$332570c9ba38493029a13e59b85c21b68cddc498\KL_srp_listener_fsm.\app_next_f$func$/tmp/pp112-portability.C4cOfK/srp.v:2034$5896.p2p' using process `$paramod$332570c9ba38493029a13e59b85c21b68cddc498\KL_srp_listener_fsm.$proc$/tmp/pp112-portability.C4cOfK/srp.v:2004$6430'.
  created $dff cell `$procdff$32684' with positive edge clock.
Creating register for signal `$paramod$332570c9ba38493029a13e59b85c21b68cddc498\KL_srp_listener_fsm.\app_next_f$func$/tmp/pp112-portability.C4cOfK/srp.v:2034$5896.nx' using process `$paramod$332570c9ba38493029a13e59b85c21b68cddc498\KL_srp_listener_fsm.$proc$/tmp/pp112-portability.C4cOfK/srp.v:2004$6430'.
  created $dff cell `$procdff$32685' with positive edge clock.
Creating register for signal `$paramod$332570c9ba38493029a13e59b85c21b68cddc498\KL_srp_listener_fsm.\app_next_f$func$/tmp/pp112-portability.C4cOfK/srp.v:2034$5897.$result' using process `$paramod$332570c9ba38493029a13e59b85c21b68cddc498\KL_srp_listener_fsm.$proc$/tmp/pp112-portability.C4cOfK/srp.v:2004$6430'.
  created $dff cell `$procdff$32686' with positive edge clock.
Creating register for signal `$paramod$332570c9ba38493029a13e59b85c21b68cddc498\KL_srp_listener_fsm.\app_next_f$func$/tmp/pp112-portability.C4cOfK/srp.v:2034$5897.st' using process `$paramod$332570c9ba38493029a13e59b85c21b68cddc498\KL_srp_listener_fsm.$proc$/tmp/pp112-portability.C4cOfK/srp.v:2004$6430'.
  created $dff cell `$procdff$32687' with positive edge clock.
Creating register for signal `$paramod$332570c9ba38493029a13e59b85c21b68cddc498\KL_srp_listener_fsm.\app_next_f$func$/tmp/pp112-portability.C4cOfK/srp.v:2034$5897.ev' using process `$paramod$332570c9ba38493029a13e59b85c21b68cddc498\KL_srp_listener_fsm.$proc$/tmp/pp112-portability.C4cOfK/srp.v:2004$6430'.
  created $dff cell `$procdff$32688' with positive edge clock.
Creating register for signal `$paramod$332570c9ba38493029a13e59b85c21b68cddc498\KL_srp_listener_fsm.\app_next_f$func$/tmp/pp112-portability.C4cOfK/srp.v:2034$5897.p2p' using process `$paramod$332570c9ba38493029a13e59b85c21b68cddc498\KL_srp_listener_fsm.$proc$/tmp/pp112-portability.C4cOfK/srp.v:2004$6430'.
  created $dff cell `$procdff$32689' with positive edge clock.
Creating register for signal `$paramod$332570c9ba38493029a13e59b85c21b68cddc498\KL_srp_listener_fsm.\app_next_f$func$/tmp/pp112-portability.C4cOfK/srp.v:2034$5897.nx' using process `$paramod$332570c9ba38493029a13e59b85c21b68cddc498\KL_srp_listener_fsm.$proc$/tmp/pp112-portability.C4cOfK/srp.v:2004$6430'.
  created $dff cell `$procdff$32690' with positive edge clock.
Creating register for signal `$paramod$332570c9ba38493029a13e59b85c21b68cddc498\KL_srp_listener_fsm.\app_next_f$func$/tmp/pp112-portability.C4cOfK/srp.v:2034$5898.$result' using process `$paramod$332570c9ba38493029a13e59b85c21b68cddc498\KL_srp_listener_fsm.$proc$/tmp/pp112-portability.C4cOfK/srp.v:2004$6430'.
  created $dff cell `$procdff$32691' with positive edge clock.
Creating register for signal `$paramod$332570c9ba38493029a13e59b85c21b68cddc498\KL_srp_listener_fsm.\app_next_f$func$/tmp/pp112-portability.C4cOfK/srp.v:2034$5898.st' using process `$paramod$332570c9ba38493029a13e59b85c21b68cddc498\KL_srp_listener_fsm.$proc$/tmp/pp112-portability.C4cOfK/srp.v:2004$6430'.
  created $dff cell `$procdff$32692' with positive edge clock.
Creating register for signal `$paramod$332570c9ba38493029a13e59b85c21b68cddc498\KL_srp_listener_fsm.\app_next_f$func$/tmp/pp112-portability.C4cOfK/srp.v:2034$5898.ev' using process `$paramod$332570c9ba38493029a13e59b85c21b68cddc498\KL_srp_listener_fsm.$proc$/tmp/pp112-portability.C4cOfK/srp.v:2004$6430'.
  created $dff cell `$procdff$32693' with positive edge clock.
Creating register for signal `$paramod$332570c9ba38493029a13e59b85c21b68cddc498\KL_srp_listener_fsm.\app_next_f$func$/tmp/pp112-portability.C4cOfK/srp.v:2034$5898.p2p' using process `$paramod$332570c9ba38493029a13e59b85c21b68cddc498\KL_srp_listener_fsm.$proc$/tmp/pp112-portability.C4cOfK/srp.v:2004$6430'.
  created $dff cell `$procdff$32694' with positive edge clock.
Creating register for signal `$paramod$332570c9ba38493029a13e59b85c21b68cddc498\KL_srp_listener_fsm.\app_next_f$func$/tmp/pp112-portability.C4cOfK/srp.v:2034$5898.nx' using process `$paramod$332570c9ba38493029a13e59b85c21b68cddc498\KL_srp_listener_fsm.$proc$/tmp/pp112-portability.C4cOfK/srp.v:2004$6430'.
  created $dff cell `$procdff$32695' with positive edge clock.
Creating register for signal `$paramod$332570c9ba38493029a13e59b85c21b68cddc498\KL_srp_listener_fsm.$bitselwrite$pos$/tmp/pp112-portability.C4cOfK/srp.v:2057$5899' using process `$paramod$332570c9ba38493029a13e59b85c21b68cddc498\KL_srp_listener_fsm.$proc$/tmp/pp112-portability.C4cOfK/srp.v:2004$6430'.
  created $dff cell `$procdff$32696' with positive edge clock.
Creating register for signal `$paramod$332570c9ba38493029a13e59b85c21b68cddc498\KL_srp_listener_fsm.$bitselwrite$pos$/tmp/pp112-portability.C4cOfK/srp.v:2058$5900' using process `$paramod$332570c9ba38493029a13e59b85c21b68cddc498\KL_srp_listener_fsm.$proc$/tmp/pp112-portability.C4cOfK/srp.v:2004$6430'.
  created $dff cell `$procdff$32697' with positive edge clock.
Creating register for signal `$paramod$332570c9ba38493029a13e59b85c21b68cddc498\KL_srp_listener_fsm.$bitselwrite$pos$/tmp/pp112-portability.C4cOfK/srp.v:2059$5901' using process `$paramod$332570c9ba38493029a13e59b85c21b68cddc498\KL_srp_listener_fsm.$proc$/tmp/pp112-portability.C4cOfK/srp.v:2004$6430'.
  created $dff cell `$procdff$32698' with positive edge clock.
Creating register for signal `$paramod$332570c9ba38493029a13e59b85c21b68cddc498\KL_srp_listener_fsm.$bitselwrite$pos$/tmp/pp112-portability.C4cOfK/srp.v:2060$5902' using process `$paramod$332570c9ba38493029a13e59b85c21b68cddc498\KL_srp_listener_fsm.$proc$/tmp/pp112-portability.C4cOfK/srp.v:2004$6430'.
  created $dff cell `$procdff$32699' with positive edge clock.
Creating register for signal `$paramod$332570c9ba38493029a13e59b85c21b68cddc498\KL_srp_listener_fsm.$bitselwrite$pos$/tmp/pp112-portability.C4cOfK/srp.v:2061$5903' using process `$paramod$332570c9ba38493029a13e59b85c21b68cddc498\KL_srp_listener_fsm.$proc$/tmp/pp112-portability.C4cOfK/srp.v:2004$6430'.
  created $dff cell `$procdff$32700' with positive edge clock.
Creating register for signal `$paramod$332570c9ba38493029a13e59b85c21b68cddc498\KL_srp_listener_fsm.$bitselwrite$pos$/tmp/pp112-portability.C4cOfK/srp.v:2062$5904' using process `$paramod$332570c9ba38493029a13e59b85c21b68cddc498\KL_srp_listener_fsm.$proc$/tmp/pp112-portability.C4cOfK/srp.v:2004$6430'.
  created $dff cell `$procdff$32701' with positive edge clock.
Creating register for signal `$paramod$332570c9ba38493029a13e59b85c21b68cddc498\KL_srp_listener_fsm.$bitselwrite$pos$/tmp/pp112-portability.C4cOfK/srp.v:2063$5905' using process `$paramod$332570c9ba38493029a13e59b85c21b68cddc498\KL_srp_listener_fsm.$proc$/tmp/pp112-portability.C4cOfK/srp.v:2004$6430'.
  created $dff cell `$procdff$32702' with positive edge clock.
Creating register for signal `$paramod$332570c9ba38493029a13e59b85c21b68cddc498\KL_srp_listener_fsm.$bitselwrite$pos$/tmp/pp112-portability.C4cOfK/srp.v:2064$5906' using process `$paramod$332570c9ba38493029a13e59b85c21b68cddc498\KL_srp_listener_fsm.$proc$/tmp/pp112-portability.C4cOfK/srp.v:2004$6430'.
  created $dff cell `$procdff$32703' with positive edge clock.
Creating register for signal `$paramod$332570c9ba38493029a13e59b85c21b68cddc498\KL_srp_listener_fsm.$bitselwrite$pos$/tmp/pp112-portability.C4cOfK/srp.v:2067$5907' using process `$paramod$332570c9ba38493029a13e59b85c21b68cddc498\KL_srp_listener_fsm.$proc$/tmp/pp112-portability.C4cOfK/srp.v:2004$6430'.
  created $dff cell `$procdff$32704' with positive edge clock.
Creating register for signal `$paramod$332570c9ba38493029a13e59b85c21b68cddc498\KL_srp_listener_fsm.$bitselwrite$pos$/tmp/pp112-portability.C4cOfK/srp.v:2068$5908' using process `$paramod$332570c9ba38493029a13e59b85c21b68cddc498\KL_srp_listener_fsm.$proc$/tmp/pp112-portability.C4cOfK/srp.v:2004$6430'.
  created $dff cell `$procdff$32705' with positive edge clock.
Creating register for signal `$paramod$332570c9ba38493029a13e59b85c21b68cddc498\KL_srp_listener_fsm.$lookahead\rec_valid_r$6422' using process `$paramod$332570c9ba38493029a13e59b85c21b68cddc498\KL_srp_listener_fsm.$proc$/tmp/pp112-portability.C4cOfK/srp.v:2004$6430'.
  created $dff cell `$procdff$32706' with positive edge clock.
Creating register for signal `$paramod$332570c9ba38493029a13e59b85c21b68cddc498\KL_srp_listener_fsm.$lookahead\armed_r$6423' using process `$paramod$332570c9ba38493029a13e59b85c21b68cddc498\KL_srp_listener_fsm.$proc$/tmp/pp112-portability.C4cOfK/srp.v:2004$6430'.
  created $dff cell `$procdff$32707' with positive edge clock.
Creating register for signal `$paramod$332570c9ba38493029a13e59b85c21b68cddc498\KL_srp_listener_fsm.$lookahead\sid_r$6424' using process `$paramod$332570c9ba38493029a13e59b85c21b68cddc498\KL_srp_listener_fsm.$proc$/tmp/pp112-portability.C4cOfK/srp.v:2004$6430'.
  created $dff cell `$procdff$32708' with positive edge clock.
Creating register for signal `$paramod$332570c9ba38493029a13e59b85c21b68cddc498\KL_srp_listener_fsm.$lookahead\da_r$6425' using process `$paramod$332570c9ba38493029a13e59b85c21b68cddc498\KL_srp_listener_fsm.$proc$/tmp/pp112-portability.C4cOfK/srp.v:2004$6430'.
  created $dff cell `$procdff$32709' with positive edge clock.
Creating register for signal `$paramod$332570c9ba38493029a13e59b85c21b68cddc498\KL_srp_listener_fsm.$lookahead\vid_r$6426' using process `$paramod$332570c9ba38493029a13e59b85c21b68cddc498\KL_srp_listener_fsm.$proc$/tmp/pp112-portability.C4cOfK/srp.v:2004$6430'.
  created $dff cell `$procdff$32710' with positive edge clock.
Creating register for signal `$paramod$332570c9ba38493029a13e59b85c21b68cddc498\KL_srp_listener_fsm.$lookahead\app_r$6427' using process `$paramod$332570c9ba38493029a13e59b85c21b68cddc498\KL_srp_listener_fsm.$proc$/tmp/pp112-portability.C4cOfK/srp.v:2004$6430'.
  created $dff cell `$procdff$32711' with positive edge clock.
Creating register for signal `$paramod$332570c9ba38493029a13e59b85c21b68cddc498\KL_srp_listener_fsm.$lookahead\decl_pend_r$6428' using process `$paramod$332570c9ba38493029a13e59b85c21b68cddc498\KL_srp_listener_fsm.$proc$/tmp/pp112-portability.C4cOfK/srp.v:2004$6430'.
  created $dff cell `$procdff$32712' with positive edge clock.
Creating register for signal `$paramod$332570c9ba38493029a13e59b85c21b68cddc498\KL_srp_listener_fsm.$lookahead\fourpack_r$6429' using process `$paramod$332570c9ba38493029a13e59b85c21b68cddc498\KL_srp_listener_fsm.$proc$/tmp/pp112-portability.C4cOfK/srp.v:2004$6430'.
  created $dff cell `$procdff$32713' with positive edge clock.
Creating register for signal `$paramod$1224c55e5fd4121b95546e57d33a658897774d54\KL_srp_encoder.\cnt_msrp_r' using process `$paramod$1224c55e5fd4121b95546e57d33a658897774d54\KL_srp_encoder.$proc$/tmp/pp112-portability.C4cOfK/srp.v:1331$5706'.
  created $dff cell `$procdff$32714' with positive edge clock.
Creating register for signal `$paramod$1224c55e5fd4121b95546e57d33a658897774d54\KL_srp_encoder.\cnt_mvrp_r' using process `$paramod$1224c55e5fd4121b95546e57d33a658897774d54\KL_srp_encoder.$proc$/tmp/pp112-portability.C4cOfK/srp.v:1331$5706'.
  created $dff cell `$procdff$32715' with positive edge clock.
Creating register for signal `$paramod$1224c55e5fd4121b95546e57d33a658897774d54\KL_srp_encoder.\rd_idx_r' using process `$paramod$1224c55e5fd4121b95546e57d33a658897774d54\KL_srp_encoder.$proc$/tmp/pp112-portability.C4cOfK/srp.v:1331$5706'.
  created $dff cell `$procdff$32716' with positive edge clock.
Creating register for signal `$paramod$1224c55e5fd4121b95546e57d33a658897774d54\KL_srp_encoder.\st_r' using process `$paramod$1224c55e5fd4121b95546e57d33a658897774d54\KL_srp_encoder.$proc$/tmp/pp112-portability.C4cOfK/srp.v:1331$5706'.
  created $dff cell `$procdff$32717' with positive edge clock.
Creating register for signal `$paramod$1224c55e5fd4121b95546e57d33a658897774d54\KL_srp_encoder.\cur_app_r' using process `$paramod$1224c55e5fd4121b95546e57d33a658897774d54\KL_srp_encoder.$proc$/tmp/pp112-portability.C4cOfK/srp.v:1331$5706'.
  created $dff cell `$procdff$32718' with positive edge clock.
Creating register for signal `$paramod$1224c55e5fd4121b95546e57d33a658897774d54\KL_srp_encoder.\drain_n_r' using process `$paramod$1224c55e5fd4121b95546e57d33a658897774d54\KL_srp_encoder.$proc$/tmp/pp112-portability.C4cOfK/srp.v:1331$5706'.
  created $dff cell `$procdff$32719' with positive edge clock.
Creating register for signal `$paramod$1224c55e5fd4121b95546e57d33a658897774d54\KL_srp_encoder.\slot_r' using process `$paramod$1224c55e5fd4121b95546e57d33a658897774d54\KL_srp_encoder.$proc$/tmp/pp112-portability.C4cOfK/srp.v:1331$5706'.
  created $dff cell `$procdff$32720' with positive edge clock.
Creating register for signal `$paramod$1224c55e5fd4121b95546e57d33a658897774d54\KL_srp_encoder.\waddr_r' using process `$paramod$1224c55e5fd4121b95546e57d33a658897774d54\KL_srp_encoder.$proc$/tmp/pp112-portability.C4cOfK/srp.v:1331$5706'.
  created $dff cell `$procdff$32721' with positive edge clock.
Creating register for signal `$paramod$1224c55e5fd4121b95546e57d33a658897774d54\KL_srp_encoder.\bidx_r' using process `$paramod$1224c55e5fd4121b95546e57d33a658897774d54\KL_srp_encoder.$proc$/tmp/pp112-portability.C4cOfK/srp.v:1331$5706'.
  created $dff cell `$procdff$32722' with positive edge clock.
Creating register for signal `$paramod$1224c55e5fd4121b95546e57d33a658897774d54\KL_srp_encoder.\ll_addr_r' using process `$paramod$1224c55e5fd4121b95546e57d33a658897774d54\KL_srp_encoder.$proc$/tmp/pp112-portability.C4cOfK/srp.v:1331$5706'.
  created $dff cell `$procdff$32723' with positive edge clock.
Creating register for signal `$paramod$1224c55e5fd4121b95546e57d33a658897774d54\KL_srp_encoder.\msg_open_r' using process `$paramod$1224c55e5fd4121b95546e57d33a658897774d54\KL_srp_encoder.$proc$/tmp/pp112-portability.C4cOfK/srp.v:1331$5706'.
  created $dff cell `$procdff$32724' with positive edge clock.
Creating register for signal `$paramod$1224c55e5fd4121b95546e57d33a658897774d54\KL_srp_encoder.\msg_type_r' using process `$paramod$1224c55e5fd4121b95546e57d33a658897774d54\KL_srp_encoder.$proc$/tmp/pp112-portability.C4cOfK/srp.v:1331$5706'.
  created $dff cell `$procdff$32725' with positive edge clock.
Creating register for signal `$paramod$1224c55e5fd4121b95546e57d33a658897774d54\KL_srp_encoder.\la_act_r' using process `$paramod$1224c55e5fd4121b95546e57d33a658897774d54\KL_srp_encoder.$proc$/tmp/pp112-portability.C4cOfK/srp.v:1331$5706'.
  created $dff cell `$procdff$32726' with positive edge clock.
Creating register for signal `$paramod$1224c55e5fd4121b95546e57d33a658897774d54\KL_srp_encoder.\la_seen_r' using process `$paramod$1224c55e5fd4121b95546e57d33a658897774d54\KL_srp_encoder.$proc$/tmp/pp112-portability.C4cOfK/srp.v:1331$5706'.
  created $dff cell `$procdff$32727' with positive edge clock.
Creating register for signal `$paramod$1224c55e5fd4121b95546e57d33a658897774d54\KL_srp_encoder.\close_for_pdu_r' using process `$paramod$1224c55e5fd4121b95546e57d33a658897774d54\KL_srp_encoder.$proc$/tmp/pp112-portability.C4cOfK/srp.v:1331$5706'.
  created $dff cell `$procdff$32728' with positive edge clock.
Creating register for signal `$paramod$1224c55e5fd4121b95546e57d33a658897774d54\KL_srp_encoder.\run_open_r' using process `$paramod$1224c55e5fd4121b95546e57d33a658897774d54\KL_srp_encoder.$proc$/tmp/pp112-portability.C4cOfK/srp.v:1331$5706'.
  created $dff cell `$procdff$32729' with positive edge clock.
Creating register for signal `$paramod$1224c55e5fd4121b95546e57d33a658897774d54\KL_srp_encoder.\run_type_r' using process `$paramod$1224c55e5fd4121b95546e57d33a658897774d54\KL_srp_encoder.$proc$/tmp/pp112-portability.C4cOfK/srp.v:1331$5706'.
  created $dff cell `$procdff$32730' with positive edge clock.
Creating register for signal `$paramod$1224c55e5fd4121b95546e57d33a658897774d54\KL_srp_encoder.\run_first_r' using process `$paramod$1224c55e5fd4121b95546e57d33a658897774d54\KL_srp_encoder.$proc$/tmp/pp112-portability.C4cOfK/srp.v:1331$5706'.
  created $dff cell `$procdff$32731' with positive edge clock.
Creating register for signal `$paramod$1224c55e5fd4121b95546e57d33a658897774d54\KL_srp_encoder.\run_last_r' using process `$paramod$1224c55e5fd4121b95546e57d33a658897774d54\KL_srp_encoder.$proc$/tmp/pp112-portability.C4cOfK/srp.v:1331$5706'.
  created $dff cell `$procdff$32732' with positive edge clock.
Creating register for signal `$paramod$1224c55e5fd4121b95546e57d33a658897774d54\KL_srp_encoder.\run_len_r' using process `$paramod$1224c55e5fd4121b95546e57d33a658897774d54\KL_srp_encoder.$proc$/tmp/pp112-portability.C4cOfK/srp.v:1331$5706'.
  created $dff cell `$procdff$32733' with positive edge clock.
Creating register for signal `$paramod$1224c55e5fd4121b95546e57d33a658897774d54\KL_srp_encoder.\run_ev_r' using process `$paramod$1224c55e5fd4121b95546e57d33a658897774d54\KL_srp_encoder.$proc$/tmp/pp112-portability.C4cOfK/srp.v:1331$5706'.
  created $dff cell `$procdff$32734' with positive edge clock.
Creating register for signal `$paramod$1224c55e5fd4121b95546e57d33a658897774d54\KL_srp_encoder.\run_fp_r' using process `$paramod$1224c55e5fd4121b95546e57d33a658897774d54\KL_srp_encoder.$proc$/tmp/pp112-portability.C4cOfK/srp.v:1331$5706'.
  created $dff cell `$procdff$32735' with positive edge clock.
Creating register for signal `$paramod$1224c55e5fd4121b95546e57d33a658897774d54\KL_srp_encoder.\hold_valid_r' using process `$paramod$1224c55e5fd4121b95546e57d33a658897774d54\KL_srp_encoder.$proc$/tmp/pp112-portability.C4cOfK/srp.v:1331$5706'.
  created $dff cell `$procdff$32736' with positive edge clock.
Creating register for signal `$paramod$1224c55e5fd4121b95546e57d33a658897774d54\KL_srp_encoder.\hold_type_r' using process `$paramod$1224c55e5fd4121b95546e57d33a658897774d54\KL_srp_encoder.$proc$/tmp/pp112-portability.C4cOfK/srp.v:1331$5706'.
  created $dff cell `$procdff$32737' with positive edge clock.
Creating register for signal `$paramod$1224c55e5fd4121b95546e57d33a658897774d54\KL_srp_encoder.\hold_ev_r' using process `$paramod$1224c55e5fd4121b95546e57d33a658897774d54\KL_srp_encoder.$proc$/tmp/pp112-portability.C4cOfK/srp.v:1331$5706'.
  created $dff cell `$procdff$32738' with positive edge clock.
Creating register for signal `$paramod$1224c55e5fd4121b95546e57d33a658897774d54\KL_srp_encoder.\hold_fp_r' using process `$paramod$1224c55e5fd4121b95546e57d33a658897774d54\KL_srp_encoder.$proc$/tmp/pp112-portability.C4cOfK/srp.v:1331$5706'.
  created $dff cell `$procdff$32739' with positive edge clock.
Creating register for signal `$paramod$1224c55e5fd4121b95546e57d33a658897774d54\KL_srp_encoder.\hold_val_r' using process `$paramod$1224c55e5fd4121b95546e57d33a658897774d54\KL_srp_encoder.$proc$/tmp/pp112-portability.C4cOfK/srp.v:1331$5706'.
  created $dff cell `$procdff$32740' with positive edge clock.
Creating register for signal `$paramod$1224c55e5fd4121b95546e57d33a658897774d54\KL_srp_encoder.\join_pend_r' using process `$paramod$1224c55e5fd4121b95546e57d33a658897774d54\KL_srp_encoder.$proc$/tmp/pp112-portability.C4cOfK/srp.v:1331$5706'.
  created $dff cell `$procdff$32741' with positive edge clock.
Creating register for signal `$paramod$1224c55e5fd4121b95546e57d33a658897774d54\KL_srp_encoder.\la_pend_r' using process `$paramod$1224c55e5fd4121b95546e57d33a658897774d54\KL_srp_encoder.$proc$/tmp/pp112-portability.C4cOfK/srp.v:1331$5706'.
  created $dff cell `$procdff$32742' with positive edge clock.
Creating register for signal `$paramod$1224c55e5fd4121b95546e57d33a658897774d54\KL_srp_encoder.$bitselwrite$pos$/tmp/pp112-portability.C4cOfK/srp.v:1425$5274' using process `$paramod$1224c55e5fd4121b95546e57d33a658897774d54\KL_srp_encoder.$proc$/tmp/pp112-portability.C4cOfK/srp.v:1331$5706'.
  created $dff cell `$procdff$32743' with positive edge clock.
Creating register for signal `$paramod$1224c55e5fd4121b95546e57d33a658897774d54\KL_srp_encoder.$bitselwrite$pos$/tmp/pp112-portability.C4cOfK/srp.v:1426$5275' using process `$paramod$1224c55e5fd4121b95546e57d33a658897774d54\KL_srp_encoder.$proc$/tmp/pp112-portability.C4cOfK/srp.v:1331$5706'.
  created $dff cell `$procdff$32744' with positive edge clock.
Creating register for signal `$paramod$1224c55e5fd4121b95546e57d33a658897774d54\KL_srp_encoder.$lookahead\run_ev_r$5704' using process `$paramod$1224c55e5fd4121b95546e57d33a658897774d54\KL_srp_encoder.$proc$/tmp/pp112-portability.C4cOfK/srp.v:1331$5706'.
  created $dff cell `$procdff$32745' with positive edge clock.
Creating register for signal `$paramod$1224c55e5fd4121b95546e57d33a658897774d54\KL_srp_encoder.$lookahead\run_fp_r$5705' using process `$paramod$1224c55e5fd4121b95546e57d33a658897774d54\KL_srp_encoder.$proc$/tmp/pp112-portability.C4cOfK/srp.v:1331$5706'.
  created $dff cell `$procdff$32746' with positive edge clock.
Creating register for signal `$paramod$1224c55e5fd4121b95546e57d33a658897774d54\KL_srp_encoder.\msrp_q_r' using process `$paramod$1224c55e5fd4121b95546e57d33a658897774d54\KL_srp_encoder.$proc$/tmp/pp112-portability.C4cOfK/srp.v:1143$5340'.
  created $dff cell `$procdff$32747' with positive edge clock.
Creating register for signal `$paramod$1224c55e5fd4121b95546e57d33a658897774d54\KL_srp_encoder.\mvrp_q_r' using process `$paramod$1224c55e5fd4121b95546e57d33a658897774d54\KL_srp_encoder.$proc$/tmp/pp112-portability.C4cOfK/srp.v:1143$5340'.
  created $dff cell `$procdff$32748' with positive edge clock.
Creating register for signal `$paramod$1224c55e5fd4121b95546e57d33a658897774d54\KL_srp_encoder.$memwr$\msrp_ram_r$/tmp/pp112-portability.C4cOfK/srp.v:1139$5284_ADDR' using process `$paramod$1224c55e5fd4121b95546e57d33a658897774d54\KL_srp_encoder.$proc$/tmp/pp112-portability.C4cOfK/srp.v:1137$5327'.
  created $dff cell `$procdff$32749' with positive edge clock.
Creating register for signal `$paramod$1224c55e5fd4121b95546e57d33a658897774d54\KL_srp_encoder.$memwr$\msrp_ram_r$/tmp/pp112-portability.C4cOfK/srp.v:1139$5284_DATA' using process `$paramod$1224c55e5fd4121b95546e57d33a658897774d54\KL_srp_encoder.$proc$/tmp/pp112-portability.C4cOfK/srp.v:1137$5327'.
  created $dff cell `$procdff$32750' with positive edge clock.
Creating register for signal `$paramod$1224c55e5fd4121b95546e57d33a658897774d54\KL_srp_encoder.$memwr$\msrp_ram_r$/tmp/pp112-portability.C4cOfK/srp.v:1139$5284_EN' using process `$paramod$1224c55e5fd4121b95546e57d33a658897774d54\KL_srp_encoder.$proc$/tmp/pp112-portability.C4cOfK/srp.v:1137$5327'.
  created $dff cell `$procdff$32751' with positive edge clock.
Creating register for signal `$paramod$1224c55e5fd4121b95546e57d33a658897774d54\KL_srp_encoder.$memwr$\mvrp_ram_r$/tmp/pp112-portability.C4cOfK/srp.v:1141$5285_ADDR' using process `$paramod$1224c55e5fd4121b95546e57d33a658897774d54\KL_srp_encoder.$proc$/tmp/pp112-portability.C4cOfK/srp.v:1137$5327'.
  created $dff cell `$procdff$32752' with positive edge clock.
Creating register for signal `$paramod$1224c55e5fd4121b95546e57d33a658897774d54\KL_srp_encoder.$memwr$\mvrp_ram_r$/tmp/pp112-portability.C4cOfK/srp.v:1141$5285_DATA' using process `$paramod$1224c55e5fd4121b95546e57d33a658897774d54\KL_srp_encoder.$proc$/tmp/pp112-portability.C4cOfK/srp.v:1137$5327'.
  created $dff cell `$procdff$32753' with positive edge clock.
Creating register for signal `$paramod$1224c55e5fd4121b95546e57d33a658897774d54\KL_srp_encoder.$memwr$\mvrp_ram_r$/tmp/pp112-portability.C4cOfK/srp.v:1141$5285_EN' using process `$paramod$1224c55e5fd4121b95546e57d33a658897774d54\KL_srp_encoder.$proc$/tmp/pp112-portability.C4cOfK/srp.v:1137$5327'.
  created $dff cell `$procdff$32754' with positive edge clock.

3.10. Executing PROC_MEMWR pass (convert process memory writes to cells).

3.11. Executing PROC_CLEAN pass (remove empty switches from decision trees).
Removing empty process `$paramod\KL_srp_decoder\TP_DEPTH_P=32'00000000000000000000010000000000.$proc$/tmp/pp112-portability.C4cOfK/srp.v:723$9930'.
Found and cleaned up 1 empty switch in `$paramod\KL_srp_decoder\TP_DEPTH_P=32'00000000000000000000010000000000.$proc$/tmp/pp112-portability.C4cOfK/srp.v:349$9919'.
Removing empty process `$paramod\KL_srp_decoder\TP_DEPTH_P=32'00000000000000000000010000000000.$proc$/tmp/pp112-portability.C4cOfK/srp.v:349$9919'.
Found and cleaned up 1 empty switch in `$paramod\KL_srp_decoder\TP_DEPTH_P=32'00000000000000000000010000000000.$proc$/tmp/pp112-portability.C4cOfK/srp.v:348$9908'.
Removing empty process `$paramod\KL_srp_decoder\TP_DEPTH_P=32'00000000000000000000010000000000.$proc$/tmp/pp112-portability.C4cOfK/srp.v:348$9908'.
Found and cleaned up 57 empty switches in `$paramod\KL_srp_decoder\TP_DEPTH_P=32'00000000000000000000010000000000.$proc$/tmp/pp112-portability.C4cOfK/srp.v:391$9806'.
Removing empty process `$paramod\KL_srp_decoder\TP_DEPTH_P=32'00000000000000000000010000000000.$proc$/tmp/pp112-portability.C4cOfK/srp.v:391$9806'.
Found and cleaned up 1 empty switch in `$paramod\KL_srp_decoder\TP_DEPTH_P=32'00000000000000000000010000000000.$proc$/tmp/pp112-portability.C4cOfK/srp.v:372$9796'.
Removing empty process `$paramod\KL_srp_decoder\TP_DEPTH_P=32'00000000000000000000010000000000.$proc$/tmp/pp112-portability.C4cOfK/srp.v:372$9796'.
Found and cleaned up 1 empty switch in `$paramod\KL_srp_decoder\TP_DEPTH_P=32'00000000000000000000010000000000.$proc$/tmp/pp112-portability.C4cOfK/srp.v:351$9786'.
Removing empty process `$paramod\KL_srp_decoder\TP_DEPTH_P=32'00000000000000000000010000000000.$proc$/tmp/pp112-portability.C4cOfK/srp.v:351$9786'.
Found and cleaned up 2 empty switches in `$paramod\KL_srp_decoder\TP_DEPTH_P=32'00000000000000000000010000000000.$proc$/tmp/pp112-portability.C4cOfK/srp.v:304$9756'.
Removing empty process `$paramod\KL_srp_decoder\TP_DEPTH_P=32'00000000000000000000010000000000.$proc$/tmp/pp112-portability.C4cOfK/srp.v:304$9756'.
Removing empty process `$paramod\KL_srp_decoder\TP_DEPTH_P=32'00000000000000000000010000000000.$proc$/tmp/pp112-portability.C4cOfK/srp.v:288$9751'.
Removing empty process `KL_srp_top.$proc$/tmp/pp112-portability.C4cOfK/srp.v:4028$5121'.
Removing empty process `KL_srp_top.$proc$/tmp/pp112-portability.C4cOfK/srp.v:3860$5117'.
Removing empty process `KL_srp_top.$proc$/tmp/pp112-portability.C4cOfK/srp.v:3858$5113'.
Found and cleaned up 20 empty switches in `\KL_srp_top.$proc$/tmp/pp112-portability.C4cOfK/srp.v:3870$4994'.
Removing empty process `KL_srp_top.$proc$/tmp/pp112-portability.C4cOfK/srp.v:3870$4994'.
Found and cleaned up 5 empty switches in `\KL_srp_top.$proc$/tmp/pp112-portability.C4cOfK/srp.v:3847$4988'.
Removing empty process `KL_srp_top.$proc$/tmp/pp112-portability.C4cOfK/srp.v:3847$4988'.
Removing empty process `KL_srp_top.$proc$/tmp/pp112-portability.C4cOfK/srp.v:3818$4981'.
Found and cleaned up 2 empty switches in `\KL_srp_top.$proc$/tmp/pp112-portability.C4cOfK/srp.v:3812$4966'.
Removing empty process `KL_srp_top.$proc$/tmp/pp112-portability.C4cOfK/srp.v:3812$4966'.
Found and cleaned up 29 empty switches in `\KL_srp_top.$proc$/tmp/pp112-portability.C4cOfK/srp.v:3671$4749'.
Removing empty process `KL_srp_top.$proc$/tmp/pp112-portability.C4cOfK/srp.v:3671$4749'.
Found and cleaned up 1 empty switch in `\KL_srp_top.$proc$/tmp/pp112-portability.C4cOfK/srp.v:3659$4734'.
Removing empty process `KL_srp_top.$proc$/tmp/pp112-portability.C4cOfK/srp.v:3659$4734'.
Found and cleaned up 4 empty switches in `\KL_srp_top.$proc$/tmp/pp112-portability.C4cOfK/srp.v:3568$4711'.
Removing empty process `KL_srp_top.$proc$/tmp/pp112-portability.C4cOfK/srp.v:3568$4711'.
Found and cleaned up 2 empty switches in `\KL_srp_top.$proc$/tmp/pp112-portability.C4cOfK/srp.v:3335$4701'.
Removing empty process `KL_srp_top.$proc$/tmp/pp112-portability.C4cOfK/srp.v:3335$4701'.
Found and cleaned up 9 empty switches in `$paramod\KL_srp_domain\DEF_PRIO_P=8'00000011\DEF_VID_P=16'0000000000000010.$proc$/tmp/pp112-portability.C4cOfK/srp.v:796$9706'.
Removing empty process `$paramod\KL_srp_domain\DEF_PRIO_P=8'00000011\DEF_VID_P=16'0000000000000010.$proc$/tmp/pp112-portability.C4cOfK/srp.v:796$9706'.
Removing empty process `$paramod$391fbb556570799cf2e9dffc5ef8b362f93a0423\KL_srp_vlan.$proc$/tmp/pp112-portability.C4cOfK/srp.v:4267$9692'.
Found and cleaned up 21 empty switches in `$paramod$391fbb556570799cf2e9dffc5ef8b362f93a0423\KL_srp_vlan.$proc$/tmp/pp112-portability.C4cOfK/srp.v:4143$9636'.
Removing empty process `$paramod$391fbb556570799cf2e9dffc5ef8b362f93a0423\KL_srp_vlan.$proc$/tmp/pp112-portability.C4cOfK/srp.v:4143$9636'.
Found and cleaned up 4 empty switches in `$paramod$391fbb556570799cf2e9dffc5ef8b362f93a0423\KL_srp_vlan.$proc$/tmp/pp112-portability.C4cOfK/srp.v:4115$9623'.
Removing empty process `$paramod$391fbb556570799cf2e9dffc5ef8b362f93a0423\KL_srp_vlan.$proc$/tmp/pp112-portability.C4cOfK/srp.v:4115$9623'.
Removing empty process `$paramod$391fbb556570799cf2e9dffc5ef8b362f93a0423\KL_srp_vlan.$proc$/tmp/pp112-portability.C4cOfK/srp.v:4087$9617'.
Found and cleaned up 1 empty switch in `$paramod$391fbb556570799cf2e9dffc5ef8b362f93a0423\KL_srp_vlan.$proc$/tmp/pp112-portability.C4cOfK/srp.v:4083$9610'.
Removing empty process `$paramod$391fbb556570799cf2e9dffc5ef8b362f93a0423\KL_srp_vlan.$proc$/tmp/pp112-portability.C4cOfK/srp.v:4083$9610'.
Removing empty process `$paramod\KL_srp_admission\N_SOURCES_P=32'00000000000000000000000000001000.$proc$/tmp/pp112-portability.C4cOfK/srp.v:181$9598'.
Removing empty process `$paramod\KL_srp_admission\N_SOURCES_P=32'00000000000000000000000000001000.$proc$/tmp/pp112-portability.C4cOfK/srp.v:112$9594'.
Removing empty process `$paramod\KL_srp_admission\N_SOURCES_P=32'00000000000000000000000000001000.$proc$/tmp/pp112-portability.C4cOfK/srp.v:167$9569'.
Found and cleaned up 3 empty switches in `$paramod\KL_srp_admission\N_SOURCES_P=32'00000000000000000000000000001000.$proc$/tmp/pp112-portability.C4cOfK/srp.v:123$9559'.
Removing empty process `$paramod\KL_srp_admission\N_SOURCES_P=32'00000000000000000000000000001000.$proc$/tmp/pp112-portability.C4cOfK/srp.v:123$9559'.
Removing empty process `$paramod\KL_srp_admission\N_SOURCES_P=32'00000000000000000000000000001000.$proc$/tmp/pp112-portability.C4cOfK/srp.v:115$9536'.
Found and cleaned up 9 empty switches in `$paramod\KL_srp_admission\N_SOURCES_P=32'00000000000000000000000000001000.$proc$/tmp/pp112-portability.C4cOfK/srp.v:66$9464'.
Removing empty process `$paramod\KL_srp_admission\N_SOURCES_P=32'00000000000000000000000000001000.$proc$/tmp/pp112-portability.C4cOfK/srp.v:66$9464'.
Removing empty process `$paramod$88c47cdca12b5c3898cef34ad98804b2496da97e\KL_srp_talker_fsm.$proc$/tmp/pp112-portability.C4cOfK/srp.v:3014$9442'.
Removing empty process `$paramod$88c47cdca12b5c3898cef34ad98804b2496da97e\KL_srp_talker_fsm.$proc$/tmp/pp112-portability.C4cOfK/srp.v:2840$9438'.
Removing empty process `$paramod$88c47cdca12b5c3898cef34ad98804b2496da97e\KL_srp_talker_fsm.$proc$/tmp/pp112-portability.C4cOfK/srp.v:2997$9157'.
Found and cleaned up 7 empty switches in `$paramod$88c47cdca12b5c3898cef34ad98804b2496da97e\KL_srp_talker_fsm.$proc$/tmp/pp112-portability.C4cOfK/srp.v:2965$9007'.
Removing empty process `$paramod$88c47cdca12b5c3898cef34ad98804b2496da97e\KL_srp_talker_fsm.$proc$/tmp/pp112-portability.C4cOfK/srp.v:2965$9007'.
Found and cleaned up 24 empty switches in `$paramod$88c47cdca12b5c3898cef34ad98804b2496da97e\KL_srp_talker_fsm.$proc$/tmp/pp112-portability.C4cOfK/srp.v:2937$8994'.
Removing empty process `$paramod$88c47cdca12b5c3898cef34ad98804b2496da97e\KL_srp_talker_fsm.$proc$/tmp/pp112-portability.C4cOfK/srp.v:2937$8994'.
Found and cleaned up 74 empty switches in `$paramod$88c47cdca12b5c3898cef34ad98804b2496da97e\KL_srp_talker_fsm.$proc$/tmp/pp112-portability.C4cOfK/srp.v:2872$8726'.
Removing empty process `$paramod$88c47cdca12b5c3898cef34ad98804b2496da97e\KL_srp_talker_fsm.$proc$/tmp/pp112-portability.C4cOfK/srp.v:2872$8726'.
Found and cleaned up 8 empty switches in `$paramod$88c47cdca12b5c3898cef34ad98804b2496da97e\KL_srp_talker_fsm.$proc$/tmp/pp112-portability.C4cOfK/srp.v:2854$8700'.
Removing empty process `$paramod$88c47cdca12b5c3898cef34ad98804b2496da97e\KL_srp_talker_fsm.$proc$/tmp/pp112-portability.C4cOfK/srp.v:2854$8700'.
Removing empty process `$paramod$88c47cdca12b5c3898cef34ad98804b2496da97e\KL_srp_talker_fsm.$proc$/tmp/pp112-portability.C4cOfK/srp.v:2843$8683'.
Found and cleaned up 150 empty switches in `$paramod$88c47cdca12b5c3898cef34ad98804b2496da97e\KL_srp_talker_fsm.$proc$/tmp/pp112-portability.C4cOfK/srp.v:2717$8119'.
Removing empty process `$paramod$88c47cdca12b5c3898cef34ad98804b2496da97e\KL_srp_talker_fsm.$proc$/tmp/pp112-portability.C4cOfK/srp.v:2717$8119'.
Found and cleaned up 4 empty switches in `$paramod$88c47cdca12b5c3898cef34ad98804b2496da97e\KL_srp_talker_fsm.$proc$/tmp/pp112-portability.C4cOfK/srp.v:2696$8072'.
Removing empty process `$paramod$88c47cdca12b5c3898cef34ad98804b2496da97e\KL_srp_talker_fsm.$proc$/tmp/pp112-portability.C4cOfK/srp.v:2696$8072'.
Found and cleaned up 48 empty switches in `$paramod$88c47cdca12b5c3898cef34ad98804b2496da97e\KL_srp_talker_fsm.$proc$/tmp/pp112-portability.C4cOfK/srp.v:2649$7879'.
Removing empty process `$paramod$88c47cdca12b5c3898cef34ad98804b2496da97e\KL_srp_talker_fsm.$proc$/tmp/pp112-portability.C4cOfK/srp.v:2649$7879'.
Removing empty process `$paramod$88c47cdca12b5c3898cef34ad98804b2496da97e\KL_srp_talker_fsm.$proc$/tmp/pp112-portability.C4cOfK/srp.v:2626$7868'.
Removing empty process `$paramod$88c47cdca12b5c3898cef34ad98804b2496da97e\KL_srp_talker_fsm.$proc$/tmp/pp112-portability.C4cOfK/srp.v:2610$7706'.
Removing empty process `$paramod$332570c9ba38493029a13e59b85c21b68cddc498\KL_srp_listener_fsm.$proc$/tmp/pp112-portability.C4cOfK/srp.v:2297$7597'.
Removing empty process `$paramod$332570c9ba38493029a13e59b85c21b68cddc498\KL_srp_listener_fsm.$proc$/tmp/pp112-portability.C4cOfK/srp.v:1920$7593'.
Removing empty process `$paramod$332570c9ba38493029a13e59b85c21b68cddc498\KL_srp_listener_fsm.$proc$/tmp/pp112-portability.C4cOfK/srp.v:2280$7432'.
Found and cleaned up 7 empty switches in `$paramod$332570c9ba38493029a13e59b85c21b68cddc498\KL_srp_listener_fsm.$proc$/tmp/pp112-portability.C4cOfK/srp.v:2248$7282'.
Removing empty process `$paramod$332570c9ba38493029a13e59b85c21b68cddc498\KL_srp_listener_fsm.$proc$/tmp/pp112-portability.C4cOfK/srp.v:2248$7282'.
Found and cleaned up 24 empty switches in `$paramod$332570c9ba38493029a13e59b85c21b68cddc498\KL_srp_listener_fsm.$proc$/tmp/pp112-portability.C4cOfK/srp.v:2220$7269'.
Removing empty process `$paramod$332570c9ba38493029a13e59b85c21b68cddc498\KL_srp_listener_fsm.$proc$/tmp/pp112-portability.C4cOfK/srp.v:2220$7269'.
Found and cleaned up 82 empty switches in `$paramod$332570c9ba38493029a13e59b85c21b68cddc498\KL_srp_listener_fsm.$proc$/tmp/pp112-portability.C4cOfK/srp.v:2145$7057'.
Removing empty process `$paramod$332570c9ba38493029a13e59b85c21b68cddc498\KL_srp_listener_fsm.$proc$/tmp/pp112-portability.C4cOfK/srp.v:2145$7057'.
Found and cleaned up 8 empty switches in `$paramod$332570c9ba38493029a13e59b85c21b68cddc498\KL_srp_listener_fsm.$proc$/tmp/pp112-portability.C4cOfK/srp.v:2127$7031'.
Removing empty process `$paramod$332570c9ba38493029a13e59b85c21b68cddc498\KL_srp_listener_fsm.$proc$/tmp/pp112-portability.C4cOfK/srp.v:2127$7031'.
Found and cleaned up 174 empty switches in `$paramod$332570c9ba38493029a13e59b85c21b68cddc498\KL_srp_listener_fsm.$proc$/tmp/pp112-portability.C4cOfK/srp.v:2004$6430'.
Removing empty process `$paramod$332570c9ba38493029a13e59b85c21b68cddc498\KL_srp_listener_fsm.$proc$/tmp/pp112-portability.C4cOfK/srp.v:2004$6430'.
Found and cleaned up 3 empty switches in `$paramod$332570c9ba38493029a13e59b85c21b68cddc498\KL_srp_listener_fsm.$proc$/tmp/pp112-portability.C4cOfK/srp.v:1993$6405'.
Removing empty process `$paramod$332570c9ba38493029a13e59b85c21b68cddc498\KL_srp_listener_fsm.$proc$/tmp/pp112-portability.C4cOfK/srp.v:1993$6405'.
Found and cleaned up 48 empty switches in `$paramod$332570c9ba38493029a13e59b85c21b68cddc498\KL_srp_listener_fsm.$proc$/tmp/pp112-portability.C4cOfK/srp.v:1947$6308'.
Removing empty process `$paramod$332570c9ba38493029a13e59b85c21b68cddc498\KL_srp_listener_fsm.$proc$/tmp/pp112-portability.C4cOfK/srp.v:1947$6308'.
Removing empty process `$paramod$332570c9ba38493029a13e59b85c21b68cddc498\KL_srp_listener_fsm.$proc$/tmp/pp112-portability.C4cOfK/srp.v:1922$6153'.
Removing empty process `$paramod$332570c9ba38493029a13e59b85c21b68cddc498\KL_srp_listener_fsm.$proc$/tmp/pp112-portability.C4cOfK/srp.v:1907$6133'.
Removing empty process `$paramod$332570c9ba38493029a13e59b85c21b68cddc498\KL_srp_listener_fsm.$proc$/tmp/pp112-portability.C4cOfK/srp.v:1882$5965'.
Removing empty process `$paramod$1224c55e5fd4121b95546e57d33a658897774d54\KL_srp_encoder.$proc$/tmp/pp112-portability.C4cOfK/srp.v:1573$5872'.
Removing empty process `$paramod$1224c55e5fd4121b95546e57d33a658897774d54\KL_srp_encoder.$proc$/tmp/pp112-portability.C4cOfK/srp.v:1564$5868'.
Removing empty process `$paramod$1224c55e5fd4121b95546e57d33a658897774d54\KL_srp_encoder.$proc$/tmp/pp112-portability.C4cOfK/srp.v:1253$5864'.
Found and cleaned up 3 empty switches in `$paramod$1224c55e5fd4121b95546e57d33a658897774d54\KL_srp_encoder.$proc$/tmp/pp112-portability.C4cOfK/srp.v:1229$5850'.
Removing empty process `$paramod$1224c55e5fd4121b95546e57d33a658897774d54\KL_srp_encoder.$proc$/tmp/pp112-portability.C4cOfK/srp.v:1229$5850'.
Found and cleaned up 3 empty switches in `$paramod$1224c55e5fd4121b95546e57d33a658897774d54\KL_srp_encoder.$proc$/tmp/pp112-portability.C4cOfK/srp.v:1171$5808'.
Removing empty process `$paramod$1224c55e5fd4121b95546e57d33a658897774d54\KL_srp_encoder.$proc$/tmp/pp112-portability.C4cOfK/srp.v:1171$5808'.
Found and cleaned up 40 empty switches in `$paramod$1224c55e5fd4121b95546e57d33a658897774d54\KL_srp_encoder.$proc$/tmp/pp112-portability.C4cOfK/srp.v:1331$5706'.
Removing empty process `$paramod$1224c55e5fd4121b95546e57d33a658897774d54\KL_srp_encoder.$proc$/tmp/pp112-portability.C4cOfK/srp.v:1331$5706'.
Found and cleaned up 21 empty switches in `$paramod$1224c55e5fd4121b95546e57d33a658897774d54\KL_srp_encoder.$proc$/tmp/pp112-portability.C4cOfK/srp.v:1265$5375'.
Removing empty process `$paramod$1224c55e5fd4121b95546e57d33a658897774d54\KL_srp_encoder.$proc$/tmp/pp112-portability.C4cOfK/srp.v:1265$5375'.
Found and cleaned up 4 empty switches in `$paramod$1224c55e5fd4121b95546e57d33a658897774d54\KL_srp_encoder.$proc$/tmp/pp112-portability.C4cOfK/srp.v:1238$5370'.
Removing empty process `$paramod$1224c55e5fd4121b95546e57d33a658897774d54\KL_srp_encoder.$proc$/tmp/pp112-portability.C4cOfK/srp.v:1238$5370'.
Found and cleaned up 1 empty switch in `$paramod$1224c55e5fd4121b95546e57d33a658897774d54\KL_srp_encoder.$proc$/tmp/pp112-portability.C4cOfK/srp.v:1154$5343'.
Removing empty process `$paramod$1224c55e5fd4121b95546e57d33a658897774d54\KL_srp_encoder.$proc$/tmp/pp112-portability.C4cOfK/srp.v:1154$5343'.
Removing empty process `$paramod$1224c55e5fd4121b95546e57d33a658897774d54\KL_srp_encoder.$proc$/tmp/pp112-portability.C4cOfK/srp.v:1143$5340'.
Found and cleaned up 2 empty switches in `$paramod$1224c55e5fd4121b95546e57d33a658897774d54\KL_srp_encoder.$proc$/tmp/pp112-portability.C4cOfK/srp.v:1137$5327'.
Removing empty process `$paramod$1224c55e5fd4121b95546e57d33a658897774d54\KL_srp_encoder.$proc$/tmp/pp112-portability.C4cOfK/srp.v:1137$5327'.
Cleaned up 908 empty switches.

3.12. Executing OPT_EXPR pass (perform const folding).
Optimizing module $paramod\KL_srp_decoder\TP_DEPTH_P=32'00000000000000000000010000000000.
<suppressed ~99 debug messages>
Optimizing module KL_srp_top.
<suppressed ~388 debug messages>
Optimizing module $paramod\KL_srp_domain\DEF_PRIO_P=8'00000011\DEF_VID_P=16'0000000000000010.
<suppressed ~16 debug messages>
Optimizing module $paramod$391fbb556570799cf2e9dffc5ef8b362f93a0423\KL_srp_vlan.
<suppressed ~42 debug messages>
Optimizing module $paramod\KL_srp_admission\N_SOURCES_P=32'00000000000000000000000000001000.
<suppressed ~41 debug messages>
Optimizing module $paramod$88c47cdca12b5c3898cef34ad98804b2496da97e\KL_srp_talker_fsm.
<suppressed ~620 debug messages>
Optimizing module $paramod$332570c9ba38493029a13e59b85c21b68cddc498\KL_srp_listener_fsm.
<suppressed ~679 debug messages>
Optimizing module $paramod$1224c55e5fd4121b95546e57d33a658897774d54\KL_srp_encoder.
<suppressed ~144 debug messages>

4. Executing OPT_CLEAN pass (remove unused cells and wires).
Finding unused cells or wires in module $paramod\KL_srp_decoder\TP_DEPTH_P=32'00000000000000000000010000000000..
Finding unused cells or wires in module \KL_srp_top..
Finding unused cells or wires in module $paramod\KL_srp_domain\DEF_PRIO_P=8'00000011\DEF_VID_P=16'0000000000000010..
Finding unused cells or wires in module $paramod$391fbb556570799cf2e9dffc5ef8b362f93a0423\KL_srp_vlan..
Finding unused cells or wires in module $paramod\KL_srp_admission\N_SOURCES_P=32'00000000000000000000000000001000..
Finding unused cells or wires in module $paramod$88c47cdca12b5c3898cef34ad98804b2496da97e\KL_srp_talker_fsm..
Finding unused cells or wires in module $paramod$332570c9ba38493029a13e59b85c21b68cddc498\KL_srp_listener_fsm..
Finding unused cells or wires in module $paramod$1224c55e5fd4121b95546e57d33a658897774d54\KL_srp_encoder..
Removed 1584 unused cells and 10748 unused wires.
<suppressed ~1675 debug messages>

5. Executing CHECK pass (checking for obvious problems).
Checking module $paramod\KL_srp_decoder\TP_DEPTH_P=32'00000000000000000000010000000000...
Checking module KL_srp_top...
Checking module $paramod\KL_srp_domain\DEF_PRIO_P=8'00000011\DEF_VID_P=16'0000000000000010...
Checking module $paramod$391fbb556570799cf2e9dffc5ef8b362f93a0423\KL_srp_vlan...
Checking module $paramod\KL_srp_admission\N_SOURCES_P=32'00000000000000000000000000001000...
Checking module $paramod$88c47cdca12b5c3898cef34ad98804b2496da97e\KL_srp_talker_fsm...
Checking module $paramod$332570c9ba38493029a13e59b85c21b68cddc498\KL_srp_listener_fsm...
Checking module $paramod$1224c55e5fd4121b95546e57d33a658897774d54\KL_srp_encoder...
Found and reported 0 problems.
