act-ci: validation base b17580b91deb11f3441dfc5d7f9fafe539d929b8 (live dev tip; matches the recorded base oid)
act-ci: PR #505 ready_for_review exact head 6af65a151663e1301f1983a6c9d22650a0b35da9
act-ci: base b17580b91deb11f3441dfc5d7f9fafe539d929b8 (live dev tip; recorded base oid b17580b91deb11f3441dfc5d7f9fafe539d929b8), draft=false
act-ci: credentials=none docker-socket=none caches=ephemeral
act-ci: action actions/cache@v4 materialised at 0057852bfaa89a56745cba8c7296529d2fc39830
act-ci: action actions/checkout@v4 materialised at 11d5960a326750d5838078e36cf38b85af677262
act-ci: action actions/download-artifact@v4 materialised at d3f86a106a0bac45b974a628896c90dbdf5c8093
act-ci: action actions/upload-artifact@v4 materialised at ea165f8d65b6e75b540449e92b4886f43607fa02
act-ci: running rtl-full (.github/workflows/rtl.yml)
time="2026-09-22T07:07:46+02:00" level=info msg="Using docker host 'unix:///var/run/docker.sock', and daemon socket '-'"
time="2026-09-22T07:07:46+02:00" level=info msg="Start server on http://172.21.0.1:34243"
[rtl-full/full-ci-gate] ⭐ Run Set up job
[rtl-full/full-ci-gate] 🚀  Start image=catthehacker/ubuntu:full-latest
[rtl-full/full-ci-gate]   🐳  docker pull image=catthehacker/ubuntu:full-latest platform= username= forcePull=false
[rtl-full/full-ci-gate]   🐳  docker create image=catthehacker/ubuntu:full-latest platform= entrypoint=["tail" "-f" "/dev/null"] cmd=[] network="milan-act-ci-05a6a2bf86b9244fa8d373ec24a0185f"
[rtl-full/full-ci-gate]   🐳  docker run image=catthehacker/ubuntu:full-latest platform= entrypoint=["tail" "-f" "/dev/null"] cmd=[] network="milan-act-ci-05a6a2bf86b9244fa8d373ec24a0185f"
[rtl-full/full-ci-gate]   🐳  docker exec cmd=[chown -R 1001:1001 /tmp/milan-act-ci-26939fb06f5e20c9eea874e4d5523579/candidate/6af65a151663e1301f1983a6c9d22650a0b35da9] user=0 workdir=
[rtl-full/full-ci-gate]   🐳  docker exec cmd=[node --no-warnings -e console.log(process.execPath)] user= workdir=
[rtl-full/full-ci-gate]   ✅  Success - Set up job
[rtl-full/full-ci-gate] ⭐ Run Main actions/checkout@v4
[rtl-full/full-ci-gate]   🐳  docker cp src=/tmp/milan-act-ci-26939fb06f5e20c9eea874e4d5523579/candidate/6af65a151663e1301f1983a6c9d22650a0b35da9/. dst=/tmp/milan-act-ci-26939fb06f5e20c9eea874e4d5523579/candidate/6af65a151663e1301f1983a6c9d22650a0b35da9
[rtl-full/full-ci-gate]   🐳  docker exec cmd=[chown -R 1001:1001 /tmp/milan-act-ci-26939fb06f5e20c9eea874e4d5523579/candidate/6af65a151663e1301f1983a6c9d22650a0b35da9] user=0 workdir=
[rtl-full/full-ci-gate]   ✅  Success - Main actions/checkout@v4 [997.081859ms]
[rtl-full/full-ci-gate] ⭐ Run Main Print the event and pin the one SHA this run validates
[rtl-full/full-ci-gate]   🐳  docker exec cmd=[bash -e /var/run/act/workflow/target] user= workdir=
[rtl-full/full-ci-gate]   | event=pull_request ref=refs/pull/505/merge sha=6af65a151663e1301f1983a6c9d22650a0b35da9
[rtl-full/full-ci-gate]   ✅  Success - Main Print the event and pin the one SHA this run validates [68.448348ms]
[rtl-full/full-ci-gate]   ⚙  ::set-output:: target_sha=6af65a151663e1301f1983a6c9d22650a0b35da9
[rtl-full/full-ci-gate] ⭐ Run Main Assert the repository default branch is dev
[rtl-full/full-ci-gate]   🐳  docker exec cmd=[bash -e /var/run/act/workflow/2] user= workdir=
[rtl-full/full-ci-gate]   | default_branch=unreadable expected=dev event=pull_request (informational)
[rtl-full/full-ci-gate]   | default-branch: WARNING, 'unreadable' is not 'dev'; this pull_request run continues, the next scheduled or dispatched run will refuse
[rtl-full/full-ci-gate]   ✅  Success - Main Assert the repository default branch is dev [188.779176ms]
[rtl-full/full-ci-gate] ⭐ Run Main Hold every workflow file to its contract
[rtl-full/full-ci-gate]   🐳  docker exec cmd=[bash -e /var/run/act/workflow/3] user= workdir=
[rtl-full/full-ci-gate]   |   note cron `17 1 * * *` renders 01:17 UTC; the policy page states both
[rtl-full/full-ci-gate]   | ci_events: OK (1505 contract item(s) across 4 workflow files and docs/testing/CI_WORKFLOWS.md)
[rtl-full/full-ci-gate]   ✅  Success - Main Hold every workflow file to its contract [825.100388ms]
[rtl-full/full-ci-gate] ⭐ Run Main Decide whether this exact head needs the exhaustive gates
[rtl-full/full-ci-gate]   🐳  docker exec cmd=[bash -e /var/run/act/workflow/gate] user= workdir=
[rtl-full/full-ci-gate]   |   ok   ['docs/testing/CI_WORKFLOWS.md']: rtl=False
[rtl-full/full-ci-gate]   |   ok   ['README.md', 'AGENTS.md']: rtl=False
[rtl-full/full-ci-gate]   |   ok   ['LICENSES/CERN-OHL-W-2.0.txt']: rtl=False
[rtl-full/full-ci-gate]   |   ok   ['docs/diagrams/x.drawio', 'docs/diagrams/x.svg', 'docs/diagrams/x.png']: rtl=False
[rtl-full/full-ci-gate]   |   ok   ['hdl/ieee1722/avtp/doc/TEST_RESULTS.md']: rtl=True
[rtl-full/full-ci-gate]   |   ok   ['hdl/ieee8021as/gptp_plane/doc/TEST_RESULTS.md']: rtl=True
[rtl-full/full-ci-gate]   |   ok   ['docs/reference/REGISTER_MAP.md']: rtl=True
[rtl-full/full-ci-gate]   |   ok   ['docs/testing/MILAN_V12_AUDIT_2026-08-16.md']: rtl=True
[rtl-full/full-ci-gate]   |   ok   ['docs/reference/TRACE_EVENTS.md']: rtl=True
[rtl-full/full-ci-gate]   |   ok   ['docs/traceability/gen_module_matrix.py']: rtl=True
[rtl-full/full-ci-gate]   |   ok   ['docs/diagrams/PNG_MANIFEST.json']: rtl=True
[rtl-full/full-ci-gate]   |   ok   ['docs/traceability/untested.budget']: rtl=True
[rtl-full/full-ci-gate]   |   ok   ['docs/notes.txt']: rtl=True
[rtl-full/full-ci-gate]   |   ok   ['tb/verilator/milan_dp/README.md']: rtl=True
[rtl-full/full-ci-gate]   |   ok   ['hdl/ieee1722/aaf/doc/x.svg']: rtl=True
[rtl-full/full-ci-gate]   |   ok   ['cdc_census.drawio']: rtl=True
[rtl-full/full-ci-gate]   |   ok   ['cdc_census.svg']: rtl=True
[rtl-full/full-ci-gate]   |   ok   ['docs/x.md', 'hdl/ieee1722/avtp/doc/TEST_RESULTS.md']: rtl=True
[rtl-full/full-ci-gate]   |   ok   ['docs/testing/MILAN_V12_AUDIT_2026-10-01.md', 'docs/testing/MILAN_V12_AUDIT_2026-08-16.md']: rtl=True
[rtl-full/full-ci-gate]   |   ok   ['docs/design/KL_pp_shadow.md', 'hdl/milan/KL_pp_shadow.sv']: rtl=True
[rtl-full/full-ci-gate]   |   ok   ['hdl/milan/KL_pp_shadow.sv']: rtl=True
[rtl-full/full-ci-gate]   |   ok   ['.github/ISSUE_TEMPLATE/task.yml']: rtl=True
[rtl-full/full-ci-gate]   |   ok   ['LICENSE']: rtl=True
[rtl-full/full-ci-gate]   |   ok   ['notes.rst']: rtl=True
[rtl-full/full-ci-gate]   |   ok   ['docs/x.md', 'hdl/ieee1722/aaf/doc/x.svg.in']: rtl=True
[rtl-full/full-ci-gate]   |   ok   ['requirements.txt']: rtl=True
[rtl-full/full-ci-gate]   |   ok   ['hdl/milan/milan_datapath.sv']: rtl=True
[rtl-full/full-ci-gate]   |   ok   ['scripts/lint_rtl.py']: rtl=True
[rtl-full/full-ci-gate]   |   ok   ['.github/workflows/rtl.yml']: rtl=True
[rtl-full/full-ci-gate]   |   ok   ['docs/x.md', 'tb/verilator/cdc/Makefile']: rtl=True
[rtl-full/full-ci-gate]   |   ok   []: rtl=True
[rtl-full/full-ci-gate]   |   ok   ['gptp-processor']: rtl=True
[rtl-full/full-ci-gate]   |   ok   ['protocol-processor']: rtl=True
[rtl-full/full-ci-gate]   |   ok   ['external']: rtl=True
[rtl-full/full-ci-gate]   |   ok   ['third_party/verilog-axis']: rtl=True
[rtl-full/full-ci-gate]   |   ok   ['.gitmodules']: rtl=True
[rtl-full/full-ci-gate]   |   ok   ['docs/x.md', 'gptp-processor']: rtl=True
[rtl-full/full-ci-gate]   |   ok   submodule rule names protocol-processor
[rtl-full/full-ci-gate]   |   ok   submodule rule names gptp-processor
[rtl-full/full-ci-gate]   |   ok   submodule rule names external
[rtl-full/full-ci-gate]   |   ok   submodule rule names third_party/verilog-axis
[rtl-full/full-ci-gate]   |   ok   submodule rule names .gitmodules
[rtl-full/full-ci-gate]   |   ok   gate-read page docs/reference/REGISTER_MAP.md (named at tests/steps/counters_contract_steps.py:38) is relevant
[rtl-full/full-ci-gate]   |   ok   gate-read page docs/reference/TRACE_EVENTS.md (named at sw/trace/gen_trace_events.py:28) is relevant
[rtl-full/full-ci-gate]   |   ok   gate-read page docs/testing/MILAN_V12_AUDIT_2026-08-16.md (named at tests/steps/milan_streaming_licence_steps.py:27) is relevant
[rtl-full/full-ci-gate]   |   ok   a new reader spelt as a whole path literal names ['docs/reference/EGRESS_QUEUE_MAP.md']
[rtl-full/full-ci-gate]   |   ok   a new reader spelt as a pathlib join of literals names ['docs/reference/EGRESS_QUEUE_MAP.md']
[rtl-full/full-ci-gate]   |   ok   a new reader spelt as os.path.join of its pieces names ['docs/reference/EGRESS_QUEUE_MAP.md']
[rtl-full/full-ci-gate]   |   ok   a new reader spelt as a docs directory constant joined later names ['docs/reference/EGRESS_QUEUE_MAP.md']
[rtl-full/full-ci-gate]   |   ok   a new reader spelt as an f-string over a directory variable names ['docs/reference/EGRESS_QUEUE_MAP.md']
[rtl-full/full-ci-gate]   |   ok   a new reader spelt as an f-string over a literal directory names ['docs/reference/EGRESS_QUEUE_MAP.md']
[rtl-full/full-ci-gate]   |   ok   a new reader spelt as a relative literal names ['docs/reference/EGRESS_QUEUE_MAP.md']
[rtl-full/full-ci-gate]   |   ok   a new reader spelt as a join wrapped over two lines names ['docs/reference/EGRESS_QUEUE_MAP.md']
[rtl-full/full-ci-gate]   |   ok   a new reader spelt as a bare file name handed to a helper names ['docs/reference/EGRESS_QUEUE_MAP.md']
[rtl-full/full-ci-gate]   |   ok   a new reader spelt as a top-level page as a whole literal names ['QUICKSTART.md']
[rtl-full/full-ci-gate]   |   ok   a new reader spelt as a recipe reading it through a directory variable names ['docs/reference/EGRESS_QUEUE_MAP.md']
[rtl-full/full-ci-gate]   |   ok   a new reader spelt as a recipe reading its whole path names ['docs/reference/EGRESS_QUEUE_MAP.md']
[rtl-full/full-ci-gate]   |   ok   a new reader spelt as a shell line reading it names ['docs/reference/EGRESS_QUEUE_MAP.md']
[rtl-full/full-ci-gate]   |   ok   a new reader spelt as a comment naming it names nothing
[rtl-full/full-ci-gate]   |   ok   a new reader spelt as a message naming it names nothing
[rtl-full/full-ci-gate]   |   ok   a new reader spelt as a reader docs-check runs too names nothing
[rtl-full/full-ci-gate]   |   ok   mutation: gptp-processor filed as docs-only is rejected
[rtl-full/full-ci-gate]   |   ok   mutation: protocol-processor filed as docs-only is rejected
[rtl-full/full-ci-gate]   |   ok   mutation: external filed as docs-only is rejected
[rtl-full/full-ci-gate]   |   ok   mutation: third_party/verilog-axis filed as docs-only is rejected
[rtl-full/full-ci-gate]   |   ok   mutation: .gitmodules filed as docs-only is rejected
[rtl-full/full-ci-gate]   |   ok   mutation: .github/ISSUE_TEMPLATE/ filed as docs-only is rejected
[rtl-full/full-ci-gate]   |   ok   mutation: LICENSE filed as docs-only is rejected
[rtl-full/full-ci-gate]   |   ok   mutation: .rst filed as docs-only is rejected
[rtl-full/full-ci-gate]   |   ok   mutation: docs/ filed as docs-only is rejected
[rtl-full/full-ci-gate]   |   ok   mutation: hdl/ieee1722/avtp/doc/ filed as docs-only is rejected
[rtl-full/full-ci-gate]   |   ok   mutation: hdl/ieee8021as/gptp_plane/doc/ filed as docs-only is rejected
[rtl-full/full-ci-gate]   |   ok   mutation: tb/ filed as docs-only is rejected
[rtl-full/full-ci-gate]   |   ok   mutation: .py filed as docs-only is rejected
[rtl-full/full-ci-gate]   |   ok   mutation: .json filed as docs-only is rejected
[rtl-full/full-ci-gate]   |   ok   mutation: .svg filed as docs-only is rejected
[rtl-full/full-ci-gate]   |   ok   mutation: gate-read docs/reference/REGISTER_MAP.md filed as docs-only is rejected
[rtl-full/full-ci-gate]   |   ok   mutation: the scan still names docs/reference/REGISTER_MAP.md once the table drops it
[rtl-full/full-ci-gate]   |   ok   mutation: gate-read docs/reference/TRACE_EVENTS.md filed as docs-only is rejected
[rtl-full/full-ci-gate]   |   ok   mutation: the scan still names docs/reference/TRACE_EVENTS.md once the table drops it
[rtl-full/full-ci-gate]   |   ok   mutation: gate-read docs/testing/MILAN_V12_AUDIT_2026-08-16.md filed as docs-only is rejected
[rtl-full/full-ci-gate]   |   ok   mutation: the scan still names docs/testing/MILAN_V12_AUDIT_2026-08-16.md once the table drops it
[rtl-full/full-ci-gate]   | selftest: PASS
[rtl-full/full-ci-gate]   | Changed files:
[rtl-full/full-ci-gate]   |   docs/testing/CI_WORKFLOWS.md
[rtl-full/full-ci-gate]   |   scripts/ci_events.py
[rtl-full/full-ci-gate]   | draft=false rtl=true run_full=true
[rtl-full/full-ci-gate]   ✅  Success - Main Decide whether this exact head needs the exhaustive gates [2.32158583s]
[rtl-full/full-ci-gate]   ⚙  ::set-output:: rtl=true
[rtl-full/full-ci-gate]   ⚙  ::set-output:: run_full=true
[rtl-full/full-ci-gate] ⭐ Run Complete job
[rtl-full/full-ci-gate] Cleaning up container for job full-ci-gate
[rtl-full/full-ci-gate]   ✅  Success - Complete job
[rtl-full/full-ci-gate] 🏁  Job succeeded
[rtl-full/Verilator shard 0/5-1             ] ⭐ Run Set up job
[rtl-full/Verilator shard 0/5-1             ] 🚀  Start image=catthehacker/ubuntu:full-latest
[rtl-full/Verilator shard 2/5-3             ] ⭐ Run Set up job
[rtl-full/Verilator shard 2/5-3             ] 🚀  Start image=catthehacker/ubuntu:full-latest
[rtl-full/Verilator shard 1/5-2             ] ⭐ Run Set up job
[rtl-full/Verilator shard 1/5-2             ] 🚀  Start image=catthehacker/ubuntu:full-latest
[rtl-full/Verilator shard 3/5-4             ] ⭐ Run Set up job
[rtl-full/Verilator shard 3/5-4             ] 🚀  Start image=catthehacker/ubuntu:full-latest
[rtl-full/Verilator shard 2/5-3             ]   🐳  docker pull image=catthehacker/ubuntu:full-latest platform= username= forcePull=false
[rtl-full/Verilator shard 3/5-4             ]   🐳  docker pull image=catthehacker/ubuntu:full-latest platform= username= forcePull=false
[rtl-full/Verilator shard 0/5-1             ]   🐳  docker pull image=catthehacker/ubuntu:full-latest platform= username= forcePull=false
[rtl-full/Verilator shard 1/5-2             ]   🐳  docker pull image=catthehacker/ubuntu:full-latest platform= username= forcePull=false
[rtl-full/Verilator shard 1/5-2             ]   🐳  docker create image=catthehacker/ubuntu:full-latest platform= entrypoint=["tail" "-f" "/dev/null"] cmd=[] network="milan-act-ci-05a6a2bf86b9244fa8d373ec24a0185f"
[rtl-full/Verilator shard 3/5-4             ]   🐳  docker create image=catthehacker/ubuntu:full-latest platform= entrypoint=["tail" "-f" "/dev/null"] cmd=[] network="milan-act-ci-05a6a2bf86b9244fa8d373ec24a0185f"
[rtl-full/Verilator shard 2/5-3             ]   🐳  docker create image=catthehacker/ubuntu:full-latest platform= entrypoint=["tail" "-f" "/dev/null"] cmd=[] network="milan-act-ci-05a6a2bf86b9244fa8d373ec24a0185f"
[rtl-full/Verilator shard 0/5-1             ]   🐳  docker create image=catthehacker/ubuntu:full-latest platform= entrypoint=["tail" "-f" "/dev/null"] cmd=[] network="milan-act-ci-05a6a2bf86b9244fa8d373ec24a0185f"
[rtl-full/Verilator shard 1/5-2             ]   🐳  docker run image=catthehacker/ubuntu:full-latest platform= entrypoint=["tail" "-f" "/dev/null"] cmd=[] network="milan-act-ci-05a6a2bf86b9244fa8d373ec24a0185f"
[rtl-full/Verilator shard 3/5-4             ]   🐳  docker run image=catthehacker/ubuntu:full-latest platform= entrypoint=["tail" "-f" "/dev/null"] cmd=[] network="milan-act-ci-05a6a2bf86b9244fa8d373ec24a0185f"
[rtl-full/Verilator shard 2/5-3             ]   🐳  docker run image=catthehacker/ubuntu:full-latest platform= entrypoint=["tail" "-f" "/dev/null"] cmd=[] network="milan-act-ci-05a6a2bf86b9244fa8d373ec24a0185f"
[rtl-full/Verilator shard 0/5-1             ]   🐳  docker run image=catthehacker/ubuntu:full-latest platform= entrypoint=["tail" "-f" "/dev/null"] cmd=[] network="milan-act-ci-05a6a2bf86b9244fa8d373ec24a0185f"
[rtl-full/Verilator shard 1/5-2             ]   🐳  docker exec cmd=[chown -R 1001:1001 /tmp/milan-act-ci-26939fb06f5e20c9eea874e4d5523579/candidate/6af65a151663e1301f1983a6c9d22650a0b35da9] user=0 workdir=
[rtl-full/Verilator shard 3/5-4             ]   🐳  docker exec cmd=[chown -R 1001:1001 /tmp/milan-act-ci-26939fb06f5e20c9eea874e4d5523579/candidate/6af65a151663e1301f1983a6c9d22650a0b35da9] user=0 workdir=
[rtl-full/Verilator shard 0/5-1             ]   🐳  docker exec cmd=[chown -R 1001:1001 /tmp/milan-act-ci-26939fb06f5e20c9eea874e4d5523579/candidate/6af65a151663e1301f1983a6c9d22650a0b35da9] user=0 workdir=
[rtl-full/Verilator shard 1/5-2             ]   🐳  docker exec cmd=[node --no-warnings -e console.log(process.execPath)] user= workdir=
[rtl-full/Verilator shard 2/5-3             ]   🐳  docker exec cmd=[chown -R 1001:1001 /tmp/milan-act-ci-26939fb06f5e20c9eea874e4d5523579/candidate/6af65a151663e1301f1983a6c9d22650a0b35da9] user=0 workdir=
[rtl-full/Verilator shard 3/5-4             ]   🐳  docker exec cmd=[node --no-warnings -e console.log(process.execPath)] user= workdir=
[rtl-full/Verilator shard 0/5-1             ]   🐳  docker exec cmd=[node --no-warnings -e console.log(process.execPath)] user= workdir=
[rtl-full/Verilator shard 1/5-2             ]   ✅  Success - Set up job
[rtl-full/Verilator shard 1/5-2             ]   ☁  git clone 'https://github.com/actions/cache' # ref=v4
[rtl-full/Verilator shard 2/5-3             ]   🐳  docker exec cmd=[node --no-warnings -e console.log(process.execPath)] user= workdir=
[rtl-full/Verilator shard 3/5-4             ]   ✅  Success - Set up job
[rtl-full/Verilator shard 3/5-4             ]   ☁  git clone 'https://github.com/actions/cache' # ref=v4
[rtl-full/Verilator shard 0/5-1             ]   ✅  Success - Set up job
[rtl-full/Verilator shard 0/5-1             ]   ☁  git clone 'https://github.com/actions/cache' # ref=v4
[rtl-full/Verilator shard 2/5-3             ]   ✅  Success - Set up job
[rtl-full/Verilator shard 2/5-3             ]   ☁  git clone 'https://github.com/actions/cache' # ref=v4
[rtl-full/Verilator shard 1/5-2             ]   ☁  git clone 'https://github.com/actions/cache' # ref=v4
[rtl-full/Verilator shard 3/5-4             ]   ☁  git clone 'https://github.com/actions/cache' # ref=v4
[rtl-full/Verilator shard 0/5-1             ]   ☁  git clone 'https://github.com/actions/cache' # ref=v4
[rtl-full/Verilator shard 2/5-3             ]   ☁  git clone 'https://github.com/actions/cache' # ref=v4
[rtl-full/Verilator shard 1/5-2             ]   ☁  git clone 'https://github.com/actions/upload-artifact' # ref=v4
[rtl-full/Verilator shard 3/5-4             ]   ☁  git clone 'https://github.com/actions/upload-artifact' # ref=v4
[rtl-full/Verilator shard 0/5-1             ]   ☁  git clone 'https://github.com/actions/upload-artifact' # ref=v4
[rtl-full/Verilator shard 2/5-3             ]   ☁  git clone 'https://github.com/actions/upload-artifact' # ref=v4
[rtl-full/Verilator shard 1/5-2             ] 🧪  Matrix: map[shard:1 total:5]
[rtl-full/Verilator shard 1/5-2             ] ⭐ Run Main actions/checkout@v4
[rtl-full/Verilator shard 1/5-2             ]   🐳  docker cp src=/tmp/milan-act-ci-26939fb06f5e20c9eea874e4d5523579/candidate/6af65a151663e1301f1983a6c9d22650a0b35da9/. dst=/tmp/milan-act-ci-26939fb06f5e20c9eea874e4d5523579/candidate/6af65a151663e1301f1983a6c9d22650a0b35da9
[rtl-full/Verilator shard 3/5-4             ] 🧪  Matrix: map[shard:3 total:5]
[rtl-full/Verilator shard 3/5-4             ] ⭐ Run Main actions/checkout@v4
[rtl-full/Verilator shard 3/5-4             ]   🐳  docker cp src=/tmp/milan-act-ci-26939fb06f5e20c9eea874e4d5523579/candidate/6af65a151663e1301f1983a6c9d22650a0b35da9/. dst=/tmp/milan-act-ci-26939fb06f5e20c9eea874e4d5523579/candidate/6af65a151663e1301f1983a6c9d22650a0b35da9
[rtl-full/Verilator shard 0/5-1             ] 🧪  Matrix: map[shard:0 total:5]
[rtl-full/Verilator shard 0/5-1             ] ⭐ Run Main actions/checkout@v4
[rtl-full/Verilator shard 0/5-1             ]   🐳  docker cp src=/tmp/milan-act-ci-26939fb06f5e20c9eea874e4d5523579/candidate/6af65a151663e1301f1983a6c9d22650a0b35da9/. dst=/tmp/milan-act-ci-26939fb06f5e20c9eea874e4d5523579/candidate/6af65a151663e1301f1983a6c9d22650a0b35da9
[rtl-full/Verilator shard 2/5-3             ] 🧪  Matrix: map[shard:2 total:5]
[rtl-full/Verilator shard 2/5-3             ] ⭐ Run Main actions/checkout@v4
[rtl-full/Verilator shard 2/5-3             ]   🐳  docker cp src=/tmp/milan-act-ci-26939fb06f5e20c9eea874e4d5523579/candidate/6af65a151663e1301f1983a6c9d22650a0b35da9/. dst=/tmp/milan-act-ci-26939fb06f5e20c9eea874e4d5523579/candidate/6af65a151663e1301f1983a6c9d22650a0b35da9
[rtl-full/Verilator shard 1/5-2             ]   🐳  docker exec cmd=[chown -R 1001:1001 /tmp/milan-act-ci-26939fb06f5e20c9eea874e4d5523579/candidate/6af65a151663e1301f1983a6c9d22650a0b35da9] user=0 workdir=
[rtl-full/Verilator shard 1/5-2             ]   ✅  Success - Main actions/checkout@v4 [1.612541922s]
[rtl-full/Verilator shard 1/5-2             ] ⭐ Run Main Fetch RTL dependencies
[rtl-full/Verilator shard 3/5-4             ]   🐳  docker exec cmd=[chown -R 1001:1001 /tmp/milan-act-ci-26939fb06f5e20c9eea874e4d5523579/candidate/6af65a151663e1301f1983a6c9d22650a0b35da9] user=0 workdir=
[rtl-full/Verilator shard 1/5-2             ]   🐳  docker exec cmd=[bash -e /var/run/act/workflow/1] user= workdir=
[rtl-full/Verilator shard 3/5-4             ]   ✅  Success - Main actions/checkout@v4 [1.636549208s]
[rtl-full/Verilator shard 1/5-2             ]   ✅  Success - Main Fetch RTL dependencies [104.655405ms]
[rtl-full/Verilator shard 0/5-1             ]   🐳  docker exec cmd=[chown -R 1001:1001 /tmp/milan-act-ci-26939fb06f5e20c9eea874e4d5523579/candidate/6af65a151663e1301f1983a6c9d22650a0b35da9] user=0 workdir=
[rtl-full/Verilator shard 3/5-4             ] ⭐ Run Main Fetch RTL dependencies
[rtl-full/Verilator shard 1/5-2             ] ⭐ Run Main Record the tree this worker validates
[rtl-full/Verilator shard 3/5-4             ]   🐳  docker exec cmd=[bash -e /var/run/act/workflow/1] user= workdir=
[rtl-full/Verilator shard 1/5-2             ]   🐳  docker exec cmd=[bash -e /var/run/act/workflow/2] user= workdir=
[rtl-full/Verilator shard 0/5-1             ]   ✅  Success - Main actions/checkout@v4 [1.593530819s]
[rtl-full/Verilator shard 0/5-1             ] ⭐ Run Main Fetch RTL dependencies
[rtl-full/Verilator shard 1/5-2             ]   | target_sha=6af65a151663e1301f1983a6c9d22650a0b35da9
[rtl-full/Verilator shard 2/5-3             ]   🐳  docker exec cmd=[chown -R 1001:1001 /tmp/milan-act-ci-26939fb06f5e20c9eea874e4d5523579/candidate/6af65a151663e1301f1983a6c9d22650a0b35da9] user=0 workdir=
[rtl-full/Verilator shard 1/5-2             ]   ✅  Success - Main Record the tree this worker validates [78.530845ms]
[rtl-full/Verilator shard 3/5-4             ]   ✅  Success - Main Fetch RTL dependencies [115.26281ms]
[rtl-full/Verilator shard 0/5-1             ]   🐳  docker exec cmd=[bash -e /var/run/act/workflow/1] user= workdir=
[rtl-full/Verilator shard 1/5-2             ] ⭐ Run Main Cache the pinned Verilator build
[rtl-full/Verilator shard 1/5-2             ]   🐳  docker cp src=/tmp/milan-act-ci-26939fb06f5e20c9eea874e4d5523579/state/6af65a151663e1301f1983a6c9d22650a0b35da9/actions/actions-cache@v4/ dst=/var/run/act/actions/actions-cache@v4/
[rtl-full/Verilator shard 2/5-3             ]   ✅  Success - Main actions/checkout@v4 [1.553677294s]
[rtl-full/Verilator shard 3/5-4             ] ⭐ Run Main Record the tree this worker validates
[rtl-full/Verilator shard 2/5-3             ] ⭐ Run Main Fetch RTL dependencies
[rtl-full/Verilator shard 3/5-4             ]   🐳  docker exec cmd=[bash -e /var/run/act/workflow/2] user= workdir=
[rtl-full/Verilator shard 0/5-1             ]   ✅  Success - Main Fetch RTL dependencies [129.935549ms]
[rtl-full/Verilator shard 2/5-3             ]   🐳  docker exec cmd=[bash -e /var/run/act/workflow/1] user= workdir=
[rtl-full/Verilator shard 3/5-4             ]   | target_sha=6af65a151663e1301f1983a6c9d22650a0b35da9
[rtl-full/Verilator shard 3/5-4             ]   ✅  Success - Main Record the tree this worker validates [86.278912ms]
[rtl-full/Verilator shard 0/5-1             ] ⭐ Run Main Record the tree this worker validates
[rtl-full/Verilator shard 3/5-4             ] ⭐ Run Main Cache the pinned Verilator build
[rtl-full/Verilator shard 3/5-4             ]   🐳  docker cp src=/tmp/milan-act-ci-26939fb06f5e20c9eea874e4d5523579/state/6af65a151663e1301f1983a6c9d22650a0b35da9/actions/actions-cache@v4/ dst=/var/run/act/actions/actions-cache@v4/
[rtl-full/Verilator shard 0/5-1             ]   🐳  docker exec cmd=[bash -e /var/run/act/workflow/2] user= workdir=
[rtl-full/Verilator shard 1/5-2             ]   🐳  docker exec cmd=[chown -R 1001:1001 /var/run/act/actions/actions-cache@v4/] user=0 workdir=
[rtl-full/Verilator shard 2/5-3             ]   ✅  Success - Main Fetch RTL dependencies [116.578032ms]
[rtl-full/Verilator shard 2/5-3             ] ⭐ Run Main Record the tree this worker validates
[rtl-full/Verilator shard 0/5-1             ]   | target_sha=6af65a151663e1301f1983a6c9d22650a0b35da9
[rtl-full/Verilator shard 0/5-1             ]   ✅  Success - Main Record the tree this worker validates [84.999835ms]
[rtl-full/Verilator shard 1/5-2             ]   🐳  docker exec cmd=[/usr/local/bin/node /var/run/act/actions/actions-cache@v4/dist/restore/index.js] user= workdir=
[rtl-full/Verilator shard 2/5-3             ]   🐳  docker exec cmd=[bash -e /var/run/act/workflow/2] user= workdir=
[rtl-full/Verilator shard 0/5-1             ] ⭐ Run Main Cache the pinned Verilator build
[rtl-full/Verilator shard 0/5-1             ]   🐳  docker cp src=/tmp/milan-act-ci-26939fb06f5e20c9eea874e4d5523579/state/6af65a151663e1301f1983a6c9d22650a0b35da9/actions/actions-cache@v4/ dst=/var/run/act/actions/actions-cache@v4/
[rtl-full/Verilator shard 2/5-3             ]   | target_sha=6af65a151663e1301f1983a6c9d22650a0b35da9
[rtl-full/Verilator shard 2/5-3             ]   ✅  Success - Main Record the tree this worker validates [78.038327ms]
[rtl-full/Verilator shard 3/5-4             ]   🐳  docker exec cmd=[chown -R 1001:1001 /var/run/act/actions/actions-cache@v4/] user=0 workdir=
[rtl-full/Verilator shard 2/5-3             ] ⭐ Run Main Cache the pinned Verilator build
[rtl-full/Verilator shard 2/5-3             ]   🐳  docker cp src=/tmp/milan-act-ci-26939fb06f5e20c9eea874e4d5523579/state/6af65a151663e1301f1983a6c9d22650a0b35da9/actions/actions-cache@v4/ dst=/var/run/act/actions/actions-cache@v4/
[rtl-full/Verilator shard 3/5-4             ]   🐳  docker exec cmd=[/usr/local/bin/node /var/run/act/actions/actions-cache@v4/dist/restore/index.js] user= workdir=
[rtl-full/Verilator shard 1/5-2             ]   | (node:88) [DEP0040] DeprecationWarning: The `punycode` module is deprecated. Please use a userland alternative instead.
[rtl-full/Verilator shard 1/5-2             ]   | (Use `node --trace-deprecation ...` to show where the warning was created)
[rtl-full/Verilator shard 1/5-2             ]   | Cache not found for input keys: verilator-v5.050-Linux
[rtl-full/Verilator shard 1/5-2             ]   ✅  Success - Main Cache the pinned Verilator build [432.565409ms]
[rtl-full/Verilator shard 0/5-1             ]   🐳  docker exec cmd=[chown -R 1001:1001 /var/run/act/actions/actions-cache@v4/] user=0 workdir=
[rtl-full/Verilator shard 1/5-2             ] ⭐ Run Main Build Verilator from source on cache miss
[rtl-full/Verilator shard 0/5-1             ]   🐳  docker exec cmd=[/usr/local/bin/node /var/run/act/actions/actions-cache@v4/dist/restore/index.js] user= workdir=
[rtl-full/Verilator shard 1/5-2             ]   🐳  docker exec cmd=[bash -e /var/run/act/workflow/4] user= workdir=
[rtl-full/Verilator shard 2/5-3             ]   🐳  docker exec cmd=[chown -R 1001:1001 /var/run/act/actions/actions-cache@v4/] user=0 workdir=
[rtl-full/Verilator shard 3/5-4             ]   | (node:89) [DEP0040] DeprecationWarning: The `punycode` module is deprecated. Please use a userland alternative instead.
[rtl-full/Verilator shard 3/5-4             ]   | (Use `node --trace-deprecation ...` to show where the warning was created)
[rtl-full/Verilator shard 3/5-4             ]   | Cache not found for input keys: verilator-v5.050-Linux
[rtl-full/Verilator shard 3/5-4             ]   ✅  Success - Main Cache the pinned Verilator build [449.410055ms]
[rtl-full/Verilator shard 2/5-3             ]   🐳  docker exec cmd=[/usr/local/bin/node /var/run/act/actions/actions-cache@v4/dist/restore/index.js] user= workdir=
[rtl-full/Verilator shard 3/5-4             ] ⭐ Run Main Build Verilator from source on cache miss
[rtl-full/Verilator shard 3/5-4             ]   🐳  docker exec cmd=[bash -e /var/run/act/workflow/4] user= workdir=
[rtl-full/Verilator shard 0/5-1             ]   | (node:89) [DEP0040] DeprecationWarning: The `punycode` module is deprecated. Please use a userland alternative instead.
[rtl-full/Verilator shard 0/5-1             ]   | (Use `node --trace-deprecation ...` to show where the warning was created)
[rtl-full/Verilator shard 0/5-1             ]   | Cache not found for input keys: verilator-v5.050-Linux
[rtl-full/Verilator shard 0/5-1             ]   ✅  Success - Main Cache the pinned Verilator build [439.832264ms]
[rtl-full/Verilator shard 0/5-1             ] ⭐ Run Main Build Verilator from source on cache miss
[rtl-full/Verilator shard 0/5-1             ]   🐳  docker exec cmd=[bash -e /var/run/act/workflow/4] user= workdir=
[rtl-full/Verilator shard 2/5-3             ]   | (node:89) [DEP0040] DeprecationWarning: The `punycode` module is deprecated. Please use a userland alternative instead.
[rtl-full/Verilator shard 2/5-3             ]   | (Use `node --trace-deprecation ...` to show where the warning was created)
[rtl-full/Verilator shard 2/5-3             ]   | Cache not found for input keys: verilator-v5.050-Linux
[rtl-full/Verilator shard 2/5-3             ]   ✅  Success - Main Cache the pinned Verilator build [470.649581ms]
[rtl-full/Verilator shard 2/5-3             ] ⭐ Run Main Build Verilator from source on cache miss
[rtl-full/Verilator shard 2/5-3             ]   🐳  docker exec cmd=[bash -e /var/run/act/workflow/4] user= workdir=
[rtl-full/Verilator shard 1/5-2             ]   | Reading package lists...
[rtl-full/Verilator shard 1/5-2             ]   | Building dependency tree...
[rtl-full/Verilator shard 1/5-2             ]   | Reading state information...
[rtl-full/Verilator shard 3/5-4             ]   | Reading package lists...
[rtl-full/Verilator shard 1/5-2             ]   | git is already the newest version (1:2.55.0-0ppa1~ubuntu24.04.2).
[rtl-full/Verilator shard 1/5-2             ]   | git set to manually installed.
[rtl-full/Verilator shard 1/5-2             ]   | make is already the newest version (4.3-4.1build2).
[rtl-full/Verilator shard 1/5-2             ]   | autoconf is already the newest version (2.71-3).
[rtl-full/Verilator shard 1/5-2             ]   | g++ is already the newest version (4:13.2.0-7ubuntu1).
[rtl-full/Verilator shard 1/5-2             ]   | flex is already the newest version (2.6.4-8.2build1).
[rtl-full/Verilator shard 1/5-2             ]   | python3 is already the newest version (3.12.3-0ubuntu2.1).
[rtl-full/Verilator shard 1/5-2             ]   | The following additional packages will be installed:
[rtl-full/Verilator shard 1/5-2             ]   |   libperl5.38t64 perl-base perl-modules-5.38
[rtl-full/Verilator shard 1/5-2             ]   | Suggested packages:
[rtl-full/Verilator shard 1/5-2             ]   |   bison-doc perl-doc libterm-readline-gnu-perl | libterm-readline-perl-perl
[rtl-full/Verilator shard 1/5-2             ]   |   libtap-harness-archive-perl
[rtl-full/Verilator shard 3/5-4             ]   | Building dependency tree...
[rtl-full/Verilator shard 3/5-4             ]   | Reading state information...
[rtl-full/Verilator shard 1/5-2             ]   | The following NEW packages will be installed:
[rtl-full/Verilator shard 1/5-2             ]   |   help2man libfl-dev libfl2
[rtl-full/Verilator shard 1/5-2             ]   | The following packages will be upgraded:
[rtl-full/Verilator shard 1/5-2             ]   |   bison libperl5.38t64 perl perl-base perl-modules-5.38
[rtl-full/Verilator shard 1/5-2             ]   | 5 upgraded, 3 newly installed, 0 to remove and 184 not upgraded.
[rtl-full/Verilator shard 1/5-2             ]   | Need to get 11.0 MB of archives.
[rtl-full/Verilator shard 1/5-2             ]   | After this operation, 685 kB of additional disk space will be used.
[rtl-full/Verilator shard 1/5-2             ]   | Get:1 file:/etc/apt/apt-mirrors.txt Mirrorlist [144 B]
[rtl-full/Verilator shard 1/5-2             ]   | Get:2 http://azure.archive.ubuntu.com/ubuntu noble-updates/main amd64 libperl5.38t64 amd64 5.38.2-3.2ubuntu0.6 [4864 kB]
[rtl-full/Verilator shard 3/5-4             ]   | git is already the newest version (1:2.55.0-0ppa1~ubuntu24.04.2).
[rtl-full/Verilator shard 3/5-4             ]   | git set to manually installed.
[rtl-full/Verilator shard 3/5-4             ]   | make is already the newest version (4.3-4.1build2).
[rtl-full/Verilator shard 3/5-4             ]   | autoconf is already the newest version (2.71-3).
[rtl-full/Verilator shard 3/5-4             ]   | g++ is already the newest version (4:13.2.0-7ubuntu1).
[rtl-full/Verilator shard 3/5-4             ]   | flex is already the newest version (2.6.4-8.2build1).
[rtl-full/Verilator shard 3/5-4             ]   | python3 is already the newest version (3.12.3-0ubuntu2.1).
[rtl-full/Verilator shard 3/5-4             ]   | The following additional packages will be installed:
[rtl-full/Verilator shard 3/5-4             ]   |   libperl5.38t64 perl-base perl-modules-5.38
[rtl-full/Verilator shard 3/5-4             ]   | Suggested packages:
[rtl-full/Verilator shard 3/5-4             ]   |   bison-doc perl-doc libterm-readline-gnu-perl | libterm-readline-perl-perl
[rtl-full/Verilator shard 3/5-4             ]   |   libtap-harness-archive-perl
[rtl-full/Verilator shard 3/5-4             ]   | The following NEW packages will be installed:
[rtl-full/Verilator shard 3/5-4             ]   |   help2man libfl-dev libfl2
[rtl-full/Verilator shard 3/5-4             ]   | The following packages will be upgraded:
[rtl-full/Verilator shard 3/5-4             ]   |   bison libperl5.38t64 perl perl-base perl-modules-5.38
[rtl-full/Verilator shard 2/5-3             ]   | Reading package lists...
[rtl-full/Verilator shard 3/5-4             ]   | 5 upgraded, 3 newly installed, 0 to remove and 184 not upgraded.
[rtl-full/Verilator shard 3/5-4             ]   | Need to get 11.0 MB of archives.
[rtl-full/Verilator shard 3/5-4             ]   | After this operation, 685 kB of additional disk space will be used.
[rtl-full/Verilator shard 3/5-4             ]   | Get:1 file:/etc/apt/apt-mirrors.txt Mirrorlist [144 B]
[rtl-full/Verilator shard 3/5-4             ]   | Get:2 http://azure.archive.ubuntu.com/ubuntu noble-updates/main amd64 libperl5.38t64 amd64 5.38.2-3.2ubuntu0.6 [4864 kB]
[rtl-full/Verilator shard 1/5-2             ]   | Get:3 http://azure.archive.ubuntu.com/ubuntu noble-updates/main amd64 perl amd64 5.38.2-3.2ubuntu0.6 [231 kB]
[rtl-full/Verilator shard 1/5-2             ]   | Get:4 http://azure.archive.ubuntu.com/ubuntu noble-updates/main amd64 perl-base amd64 5.38.2-3.2ubuntu0.6 [1826 kB]
[rtl-full/Verilator shard 2/5-3             ]   | Building dependency tree...
[rtl-full/Verilator shard 2/5-3             ]   | Reading state information...
[rtl-full/Verilator shard 0/5-1             ]   | Reading package lists...
[rtl-full/Verilator shard 1/5-2             ]   | Get:5 http://azure.archive.ubuntu.com/ubuntu noble-updates/main amd64 perl-modules-5.38 all 5.38.2-3.2ubuntu0.6 [3110 kB]
[rtl-full/Verilator shard 3/5-4             ]   | Get:3 http://azure.archive.ubuntu.com/ubuntu noble-updates/main amd64 perl amd64 5.38.2-3.2ubuntu0.6 [231 kB]
[rtl-full/Verilator shard 1/5-2             ]   | Get:6 http://azure.archive.ubuntu.com/ubuntu noble-updates/main amd64 bison amd64 2:3.8.2+dfsg-1ubuntu0.24.04.1 [749 kB]
[rtl-full/Verilator shard 3/5-4             ]   | Get:4 http://azure.archive.ubuntu.com/ubuntu noble-updates/main amd64 perl-base amd64 5.38.2-3.2ubuntu0.6 [1826 kB]
[rtl-full/Verilator shard 1/5-2             ]   | Get:7 http://azure.archive.ubuntu.com/ubuntu noble/universe amd64 help2man amd64 1.49.3 [201 kB]
[rtl-full/Verilator shard 1/5-2             ]   | Get:8 http://azure.archive.ubuntu.com/ubuntu noble/main amd64 libfl2 amd64 2.6.4-8.2build1 [9768 B]
[rtl-full/Verilator shard 2/5-3             ]   | git is already the newest version (1:2.55.0-0ppa1~ubuntu24.04.2).
[rtl-full/Verilator shard 2/5-3             ]   | git set to manually installed.
[rtl-full/Verilator shard 2/5-3             ]   | make is already the newest version (4.3-4.1build2).
[rtl-full/Verilator shard 2/5-3             ]   | autoconf is already the newest version (2.71-3).
[rtl-full/Verilator shard 2/5-3             ]   | g++ is already the newest version (4:13.2.0-7ubuntu1).
[rtl-full/Verilator shard 2/5-3             ]   | flex is already the newest version (2.6.4-8.2build1).
[rtl-full/Verilator shard 2/5-3             ]   | python3 is already the newest version (3.12.3-0ubuntu2.1).
[rtl-full/Verilator shard 2/5-3             ]   | The following additional packages will be installed:
[rtl-full/Verilator shard 2/5-3             ]   |   libperl5.38t64 perl-base perl-modules-5.38
[rtl-full/Verilator shard 2/5-3             ]   | Suggested packages:
[rtl-full/Verilator shard 2/5-3             ]   |   bison-doc perl-doc libterm-readline-gnu-perl | libterm-readline-perl-perl
[rtl-full/Verilator shard 2/5-3             ]   |   libtap-harness-archive-perl
[rtl-full/Verilator shard 3/5-4             ]   | Get:5 http://azure.archive.ubuntu.com/ubuntu noble-updates/main amd64 perl-modules-5.38 all 5.38.2-3.2ubuntu0.6 [3110 kB]
[rtl-full/Verilator shard 0/5-1             ]   | Building dependency tree...
[rtl-full/Verilator shard 0/5-1             ]   | Reading state information...
[rtl-full/Verilator shard 1/5-2             ]   | Get:9 http://azure.archive.ubuntu.com/ubuntu noble/main amd64 libfl-dev amd64 2.6.4-8.2build1 [6250 B]
[rtl-full/Verilator shard 2/5-3             ]   | The following NEW packages will be installed:
[rtl-full/Verilator shard 2/5-3             ]   |   help2man libfl-dev libfl2
[rtl-full/Verilator shard 2/5-3             ]   | The following packages will be upgraded:
[rtl-full/Verilator shard 2/5-3             ]   |   bison libperl5.38t64 perl perl-base perl-modules-5.38
[rtl-full/Verilator shard 2/5-3             ]   | 5 upgraded, 3 newly installed, 0 to remove and 184 not upgraded.
[rtl-full/Verilator shard 2/5-3             ]   | Need to get 11.0 MB of archives.
[rtl-full/Verilator shard 2/5-3             ]   | After this operation, 685 kB of additional disk space will be used.
[rtl-full/Verilator shard 2/5-3             ]   | Get:1 file:/etc/apt/apt-mirrors.txt Mirrorlist [144 B]
[rtl-full/Verilator shard 2/5-3             ]   | Get:2 http://azure.archive.ubuntu.com/ubuntu noble-updates/main amd64 libperl5.38t64 amd64 5.38.2-3.2ubuntu0.6 [4864 kB]
[rtl-full/Verilator shard 3/5-4             ]   | Get:6 http://azure.archive.ubuntu.com/ubuntu noble-updates/main amd64 bison amd64 2:3.8.2+dfsg-1ubuntu0.24.04.1 [749 kB]
[rtl-full/Verilator shard 0/5-1             ]   | git is already the newest version (1:2.55.0-0ppa1~ubuntu24.04.2).
[rtl-full/Verilator shard 0/5-1             ]   | git set to manually installed.
[rtl-full/Verilator shard 0/5-1             ]   | make is already the newest version (4.3-4.1build2).
[rtl-full/Verilator shard 0/5-1             ]   | autoconf is already the newest version (2.71-3).
[rtl-full/Verilator shard 0/5-1             ]   | g++ is already the newest version (4:13.2.0-7ubuntu1).
[rtl-full/Verilator shard 0/5-1             ]   | flex is already the newest version (2.6.4-8.2build1).
[rtl-full/Verilator shard 0/5-1             ]   | python3 is already the newest version (3.12.3-0ubuntu2.1).
[rtl-full/Verilator shard 0/5-1             ]   | The following additional packages will be installed:
[rtl-full/Verilator shard 0/5-1             ]   |   libperl5.38t64 perl-base perl-modules-5.38
[rtl-full/Verilator shard 0/5-1             ]   | Suggested packages:
[rtl-full/Verilator shard 0/5-1             ]   |   bison-doc perl-doc libterm-readline-gnu-perl | libterm-readline-perl-perl
[rtl-full/Verilator shard 0/5-1             ]   |   libtap-harness-archive-perl
[rtl-full/Verilator shard 0/5-1             ]   | The following NEW packages will be installed:
[rtl-full/Verilator shard 0/5-1             ]   |   help2man libfl-dev libfl2
[rtl-full/Verilator shard 0/5-1             ]   | The following packages will be upgraded:
[rtl-full/Verilator shard 0/5-1             ]   |   bison libperl5.38t64 perl perl-base perl-modules-5.38
[rtl-full/Verilator shard 3/5-4             ]   | Get:7 http://azure.archive.ubuntu.com/ubuntu noble/universe amd64 help2man amd64 1.49.3 [201 kB]
[rtl-full/Verilator shard 0/5-1             ]   | 5 upgraded, 3 newly installed, 0 to remove and 184 not upgraded.
[rtl-full/Verilator shard 0/5-1             ]   | Need to get 11.0 MB of archives.
[rtl-full/Verilator shard 0/5-1             ]   | After this operation, 685 kB of additional disk space will be used.
[rtl-full/Verilator shard 0/5-1             ]   | Get:1 file:/etc/apt/apt-mirrors.txt Mirrorlist [144 B]
[rtl-full/Verilator shard 3/5-4             ]   | Get:8 http://azure.archive.ubuntu.com/ubuntu noble/main amd64 libfl2 amd64 2.6.4-8.2build1 [9768 B]
[rtl-full/Verilator shard 0/5-1             ]   | Get:2 http://azure.archive.ubuntu.com/ubuntu noble-updates/main amd64 libperl5.38t64 amd64 5.38.2-3.2ubuntu0.6 [4864 kB]
[rtl-full/Verilator shard 3/5-4             ]   | Get:9 http://azure.archive.ubuntu.com/ubuntu noble/main amd64 libfl-dev amd64 2.6.4-8.2build1 [6250 B]
[rtl-full/Verilator shard 1/5-2             ]   | Fetched 11.0 MB in 1s (20.3 MB/s)
[rtl-full/Verilator shard 0/5-1             ]   | Get:3 http://azure.archive.ubuntu.com/ubuntu noble-updates/main amd64 perl amd64 5.38.2-3.2ubuntu0.6 [231 kB]
[rtl-full/Verilator shard 0/5-1             ]   | Get:4 http://azure.archive.ubuntu.com/ubuntu noble-updates/main amd64 perl-base amd64 5.38.2-3.2ubuntu0.6 [1826 kB]
[rtl-full/Verilator shard 2/5-3             ]   | Get:3 http://azure.archive.ubuntu.com/ubuntu noble-updates/main amd64 perl amd64 5.38.2-3.2ubuntu0.6 [231 kB]
[rtl-full/Verilator shard 0/5-1             ]   | Get:5 http://azure.archive.ubuntu.com/ubuntu noble-updates/main amd64 perl-modules-5.38 all 5.38.2-3.2ubuntu0.6 [3110 kB]
[rtl-full/Verilator shard 2/5-3             ]   | Get:4 http://azure.archive.ubuntu.com/ubuntu noble-updates/main amd64 perl-base amd64 5.38.2-3.2ubuntu0.6 [1826 kB]
[rtl-full/Verilator shard 3/5-4             ]   | Fetched 11.0 MB in 1s (17.5 MB/s)
[rtl-full/Verilator shard 0/5-1             ]   | Get:6 http://azure.archive.ubuntu.com/ubuntu noble-updates/main amd64 bison amd64 2:3.8.2+dfsg-1ubuntu0.24.04.1 [749 kB]
[rtl-full/Verilator shard 2/5-3             ]   | Get:5 http://azure.archive.ubuntu.com/ubuntu noble-updates/main amd64 perl-modules-5.38 all 5.38.2-3.2ubuntu0.6 [3110 kB]
[rtl-full/Verilator shard 1/5-2             ]   | (Reading database ... (Reading database ... 5%(Reading database ... 10%(Reading database ... 15%(Reading database ... 20%(Reading database ... 25%(Reading database ... 30%(Reading database ... 35%(Reading database ... 40%(Reading database ... 45%(Reading database ... 50%(Reading database ... 55%(Reading database ... 60%(Reading database ... 65%(Reading database ... 70%(Reading database ... 75%(Reading database ... 80%(Reading database ... 85%(Reading database ... 90%(Reading database ... 95%(Reading database ... 100%(Reading database ... 203385 files and directories currently installed.)
[rtl-full/Verilator shard 1/5-2             ]   | Preparing to unpack .../libperl5.38t64_5.38.2-3.2ubuntu0.6_amd64.deb ...
[rtl-full/Verilator shard 0/5-1             ]   | Get:7 http://azure.archive.ubuntu.com/ubuntu noble/universe amd64 help2man amd64 1.49.3 [201 kB]
[rtl-full/Verilator shard 1/5-2             ]   | Unpacking libperl5.38t64:amd64 (5.38.2-3.2ubuntu0.6) over (5.38.2-3.2ubuntu0.3) ...
[rtl-full/Verilator shard 0/5-1             ]   | Get:8 http://azure.archive.ubuntu.com/ubuntu noble/main amd64 libfl2 amd64 2.6.4-8.2build1 [9768 B]
[rtl-full/Verilator shard 0/5-1             ]   | Get:9 http://azure.archive.ubuntu.com/ubuntu noble/main amd64 libfl-dev amd64 2.6.4-8.2build1 [6250 B]
[rtl-full/Verilator shard 2/5-3             ]   | Get:6 http://azure.archive.ubuntu.com/ubuntu noble-updates/main amd64 bison amd64 2:3.8.2+dfsg-1ubuntu0.24.04.1 [749 kB]
[rtl-full/Verilator shard 3/5-4             ]   | (Reading database ... (Reading database ... 5%(Reading database ... 10%(Reading database ... 15%(Reading database ... 20%(Reading database ... 25%(Reading database ... 30%(Reading database ... 35%(Reading database ... 40%(Reading database ... 45%(Reading database ... 50%(Reading database ... 55%(Reading database ... 60%(Reading database ... 65%(Reading database ... 70%(Reading database ... 75%(Reading database ... 80%(Reading database ... 85%(Reading database ... 90%(Reading database ... 95%(Reading database ... 100%(Reading database ... 203385 files and directories currently installed.)
[rtl-full/Verilator shard 3/5-4             ]   | Preparing to unpack .../libperl5.38t64_5.38.2-3.2ubuntu0.6_amd64.deb ...
[rtl-full/Verilator shard 2/5-3             ]   | Get:7 http://azure.archive.ubuntu.com/ubuntu noble/universe amd64 help2man amd64 1.49.3 [201 kB]
[rtl-full/Verilator shard 2/5-3             ]   | Get:8 http://azure.archive.ubuntu.com/ubuntu noble/main amd64 libfl2 amd64 2.6.4-8.2build1 [9768 B]
[rtl-full/Verilator shard 3/5-4             ]   | Unpacking libperl5.38t64:amd64 (5.38.2-3.2ubuntu0.6) over (5.38.2-3.2ubuntu0.3) ...
[rtl-full/Verilator shard 2/5-3             ]   | Get:9 http://azure.archive.ubuntu.com/ubuntu noble/main amd64 libfl-dev amd64 2.6.4-8.2build1 [6250 B]
[rtl-full/Verilator shard 0/5-1             ]   | Fetched 11.0 MB in 1s (21.4 MB/s)
[rtl-full/Verilator shard 2/5-3             ]   | Fetched 11.0 MB in 1s (13.7 MB/s)
[rtl-full/Verilator shard 0/5-1             ]   | (Reading database ... (Reading database ... 5%(Reading database ... 10%(Reading database ... 15%(Reading database ... 20%(Reading database ... 25%(Reading database ... 30%(Reading database ... 35%(Reading database ... 40%(Reading database ... 45%(Reading database ... 50%(Reading database ... 55%(Reading database ... 60%(Reading database ... 65%(Reading database ... 70%(Reading database ... 75%(Reading database ... 80%(Reading database ... 85%(Reading database ... 90%(Reading database ... 95%(Reading database ... 100%(Reading database ... 203385 files and directories currently installed.)
[rtl-full/Verilator shard 0/5-1             ]   | Preparing to unpack .../libperl5.38t64_5.38.2-3.2ubuntu0.6_amd64.deb ...
[rtl-full/Verilator shard 0/5-1             ]   | Unpacking libperl5.38t64:amd64 (5.38.2-3.2ubuntu0.6) over (5.38.2-3.2ubuntu0.3) ...
[rtl-full/Verilator shard 2/5-3             ]   | (Reading database ... (Reading database ... 5%(Reading database ... 10%(Reading database ... 15%(Reading database ... 20%(Reading database ... 25%(Reading database ... 30%(Reading database ... 35%(Reading database ... 40%(Reading database ... 45%(Reading database ... 50%(Reading database ... 55%(Reading database ... 60%(Reading database ... 65%(Reading database ... 70%(Reading database ... 75%(Reading database ... 80%(Reading database ... 85%(Reading database ... 90%(Reading database ... 95%(Reading database ... 100%(Reading database ... 203385 files and directories currently installed.)
[rtl-full/Verilator shard 2/5-3             ]   | Preparing to unpack .../libperl5.38t64_5.38.2-3.2ubuntu0.6_amd64.deb ...
[rtl-full/Verilator shard 2/5-3             ]   | Unpacking libperl5.38t64:amd64 (5.38.2-3.2ubuntu0.6) over (5.38.2-3.2ubuntu0.3) ...
[rtl-full/Verilator shard 1/5-2             ]   | Preparing to unpack .../perl_5.38.2-3.2ubuntu0.6_amd64.deb ...
[rtl-full/Verilator shard 1/5-2             ]   | Unpacking perl (5.38.2-3.2ubuntu0.6) over (5.38.2-3.2ubuntu0.3) ...
[rtl-full/Verilator shard 3/5-4             ]   | Preparing to unpack .../perl_5.38.2-3.2ubuntu0.6_amd64.deb ...
[rtl-full/Verilator shard 3/5-4             ]   | Unpacking perl (5.38.2-3.2ubuntu0.6) over (5.38.2-3.2ubuntu0.3) ...
[rtl-full/Verilator shard 0/5-1             ]   | Preparing to unpack .../perl_5.38.2-3.2ubuntu0.6_amd64.deb ...
[rtl-full/Verilator shard 2/5-3             ]   | Preparing to unpack .../perl_5.38.2-3.2ubuntu0.6_amd64.deb ...
[rtl-full/Verilator shard 0/5-1             ]   | Unpacking perl (5.38.2-3.2ubuntu0.6) over (5.38.2-3.2ubuntu0.3) ...
[rtl-full/Verilator shard 2/5-3             ]   | Unpacking perl (5.38.2-3.2ubuntu0.6) over (5.38.2-3.2ubuntu0.3) ...
[rtl-full/Verilator shard 1/5-2             ]   | Preparing to unpack .../perl-base_5.38.2-3.2ubuntu0.6_amd64.deb ...
[rtl-full/Verilator shard 1/5-2             ]   | Unpacking perl-base (5.38.2-3.2ubuntu0.6) over (5.38.2-3.2ubuntu0.3) ...
[rtl-full/Verilator shard 3/5-4             ]   | Preparing to unpack .../perl-base_5.38.2-3.2ubuntu0.6_amd64.deb ...
[rtl-full/Verilator shard 3/5-4             ]   | Unpacking perl-base (5.38.2-3.2ubuntu0.6) over (5.38.2-3.2ubuntu0.3) ...
[rtl-full/Verilator shard 0/5-1             ]   | Preparing to unpack .../perl-base_5.38.2-3.2ubuntu0.6_amd64.deb ...
[rtl-full/Verilator shard 2/5-3             ]   | Preparing to unpack .../perl-base_5.38.2-3.2ubuntu0.6_amd64.deb ...
[rtl-full/Verilator shard 0/5-1             ]   | Unpacking perl-base (5.38.2-3.2ubuntu0.6) over (5.38.2-3.2ubuntu0.3) ...
[rtl-full/Verilator shard 2/5-3             ]   | Unpacking perl-base (5.38.2-3.2ubuntu0.6) over (5.38.2-3.2ubuntu0.3) ...
[rtl-full/Verilator shard 1/5-2             ]   | Setting up perl-base (5.38.2-3.2ubuntu0.6) ...
[rtl-full/Verilator shard 3/5-4             ]   | Setting up perl-base (5.38.2-3.2ubuntu0.6) ...
[rtl-full/Verilator shard 1/5-2             ]   | (Reading database ... (Reading database ... 5%(Reading database ... 10%(Reading database ... 15%(Reading database ... 20%(Reading database ... 25%(Reading database ... 30%(Reading database ... 35%(Reading database ... 40%(Reading database ... 45%(Reading database ... 50%(Reading database ... 55%(Reading database ... 60%(Reading database ... 65%(Reading database ... 70%(Reading database ... 75%(Reading database ... 80%(Reading database ... 85%(Reading database ... 90%(Reading database ... 95%(Reading database ... 100%(Reading database ... 203385 files and directories currently installed.)
[rtl-full/Verilator shard 1/5-2             ]   | Preparing to unpack .../perl-modules-5.38_5.38.2-3.2ubuntu0.6_all.deb ...
[rtl-full/Verilator shard 1/5-2             ]   | Unpacking perl-modules-5.38 (5.38.2-3.2ubuntu0.6) over (5.38.2-3.2ubuntu0.3) ...
[rtl-full/Verilator shard 3/5-4             ]   | (Reading database ... (Reading database ... 5%(Reading database ... 10%(Reading database ... 15%(Reading database ... 20%(Reading database ... 25%(Reading database ... 30%(Reading database ... 35%(Reading database ... 40%(Reading database ... 45%(Reading database ... 50%(Reading database ... 55%(Reading database ... 60%(Reading database ... 65%(Reading database ... 70%(Reading database ... 75%(Reading database ... 80%(Reading database ... 85%(Reading database ... 90%(Reading database ... 95%(Reading database ... 100%(Reading database ... 203385 files and directories currently installed.)
[rtl-full/Verilator shard 3/5-4             ]   | Preparing to unpack .../perl-modules-5.38_5.38.2-3.2ubuntu0.6_all.deb ...
[rtl-full/Verilator shard 3/5-4             ]   | Unpacking perl-modules-5.38 (5.38.2-3.2ubuntu0.6) over (5.38.2-3.2ubuntu0.3) ...
[rtl-full/Verilator shard 0/5-1             ]   | Setting up perl-base (5.38.2-3.2ubuntu0.6) ...
[rtl-full/Verilator shard 2/5-3             ]   | Setting up perl-base (5.38.2-3.2ubuntu0.6) ...
[rtl-full/Verilator shard 0/5-1             ]   | (Reading database ... (Reading database ... 5%(Reading database ... 10%(Reading database ... 15%(Reading database ... 20%(Reading database ... 25%(Reading database ... 30%(Reading database ... 35%(Reading database ... 40%(Reading database ... 45%(Reading database ... 50%(Reading database ... 55%(Reading database ... 60%(Reading database ... 65%(Reading database ... 70%(Reading database ... 75%(Reading database ... 80%(Reading database ... 85%(Reading database ... 90%(Reading database ... 95%(Reading database ... 100%(Reading database ... 203385 files and directories currently installed.)
[rtl-full/Verilator shard 0/5-1             ]   | Preparing to unpack .../perl-modules-5.38_5.38.2-3.2ubuntu0.6_all.deb ...
[rtl-full/Verilator shard 2/5-3             ]   | (Reading database ... (Reading database ... 5%(Reading database ... 10%(Reading database ... 15%(Reading database ... 20%(Reading database ... 25%(Reading database ... 30%(Reading database ... 35%(Reading database ... 40%(Reading database ... 45%(Reading database ... 50%(Reading database ... 55%(Reading database ... 60%(Reading database ... 65%(Reading database ... 70%(Reading database ... 75%(Reading database ... 80%(Reading database ... 85%(Reading database ... 90%(Reading database ... 95%(Reading database ... 100%(Reading database ... 203385 files and directories currently installed.)
[rtl-full/Verilator shard 2/5-3             ]   | Preparing to unpack .../perl-modules-5.38_5.38.2-3.2ubuntu0.6_all.deb ...
[rtl-full/Verilator shard 0/5-1             ]   | Unpacking perl-modules-5.38 (5.38.2-3.2ubuntu0.6) over (5.38.2-3.2ubuntu0.3) ...
[rtl-full/Verilator shard 2/5-3             ]   | Unpacking perl-modules-5.38 (5.38.2-3.2ubuntu0.6) over (5.38.2-3.2ubuntu0.3) ...
[rtl-full/Verilator shard 3/5-4             ]   | Preparing to unpack .../bison_2%3a3.8.2+dfsg-1ubuntu0.24.04.1_amd64.deb ...
[rtl-full/Verilator shard 3/5-4             ]   | Unpacking bison (2:3.8.2+dfsg-1ubuntu0.24.04.1) over (2:3.8.2+dfsg-1build2) ...
[rtl-full/Verilator shard 1/5-2             ]   | Preparing to unpack .../bison_2%3a3.8.2+dfsg-1ubuntu0.24.04.1_amd64.deb ...
[rtl-full/Verilator shard 1/5-2             ]   | Unpacking bison (2:3.8.2+dfsg-1ubuntu0.24.04.1) over (2:3.8.2+dfsg-1build2) ...
[rtl-full/Verilator shard 3/5-4             ]   | Selecting previously unselected package help2man.
[rtl-full/Verilator shard 3/5-4             ]   | Preparing to unpack .../help2man_1.49.3_amd64.deb ...
[rtl-full/Verilator shard 3/5-4             ]   | Unpacking help2man (1.49.3) ...
[rtl-full/Verilator shard 1/5-2             ]   | Selecting previously unselected package help2man.
[rtl-full/Verilator shard 1/5-2             ]   | Preparing to unpack .../help2man_1.49.3_amd64.deb ...
[rtl-full/Verilator shard 1/5-2             ]   | Unpacking help2man (1.49.3) ...
[rtl-full/Verilator shard 3/5-4             ]   | Selecting previously unselected package libfl2:amd64.
[rtl-full/Verilator shard 3/5-4             ]   | Preparing to unpack .../libfl2_2.6.4-8.2build1_amd64.deb ...
[rtl-full/Verilator shard 3/5-4             ]   | Unpacking libfl2:amd64 (2.6.4-8.2build1) ...
[rtl-full/Verilator shard 1/5-2             ]   | Selecting previously unselected package libfl2:amd64.
[rtl-full/Verilator shard 1/5-2             ]   | Preparing to unpack .../libfl2_2.6.4-8.2build1_amd64.deb ...
[rtl-full/Verilator shard 1/5-2             ]   | Unpacking libfl2:amd64 (2.6.4-8.2build1) ...
[rtl-full/Verilator shard 3/5-4             ]   | Selecting previously unselected package libfl-dev:amd64.
[rtl-full/Verilator shard 3/5-4             ]   | Preparing to unpack .../libfl-dev_2.6.4-8.2build1_amd64.deb ...
[rtl-full/Verilator shard 3/5-4             ]   | Unpacking libfl-dev:amd64 (2.6.4-8.2build1) ...
[rtl-full/Verilator shard 1/5-2             ]   | Selecting previously unselected package libfl-dev:amd64.
[rtl-full/Verilator shard 1/5-2             ]   | Preparing to unpack .../libfl-dev_2.6.4-8.2build1_amd64.deb ...
[rtl-full/Verilator shard 1/5-2             ]   | Unpacking libfl-dev:amd64 (2.6.4-8.2build1) ...
[rtl-full/Verilator shard 3/5-4             ]   | Setting up perl-modules-5.38 (5.38.2-3.2ubuntu0.6) ...
[rtl-full/Verilator shard 3/5-4             ]   | Setting up libfl2:amd64 (2.6.4-8.2build1) ...
[rtl-full/Verilator shard 1/5-2             ]   | Setting up perl-modules-5.38 (5.38.2-3.2ubuntu0.6) ...
[rtl-full/Verilator shard 3/5-4             ]   | Setting up bison (2:3.8.2+dfsg-1ubuntu0.24.04.1) ...
[rtl-full/Verilator shard 1/5-2             ]   | Setting up libfl2:amd64 (2.6.4-8.2build1) ...
[rtl-full/Verilator shard 1/5-2             ]   | Setting up bison (2:3.8.2+dfsg-1ubuntu0.24.04.1) ...
[rtl-full/Verilator shard 3/5-4             ]   | Setting up libperl5.38t64:amd64 (5.38.2-3.2ubuntu0.6) ...
[rtl-full/Verilator shard 3/5-4             ]   | Setting up libfl-dev:amd64 (2.6.4-8.2build1) ...
[rtl-full/Verilator shard 1/5-2             ]   | Setting up libperl5.38t64:amd64 (5.38.2-3.2ubuntu0.6) ...
[rtl-full/Verilator shard 3/5-4             ]   | Setting up perl (5.38.2-3.2ubuntu0.6) ...
[rtl-full/Verilator shard 1/5-2             ]   | Setting up libfl-dev:amd64 (2.6.4-8.2build1) ...
[rtl-full/Verilator shard 1/5-2             ]   | Setting up perl (5.38.2-3.2ubuntu0.6) ...
[rtl-full/Verilator shard 3/5-4             ]   | Setting up help2man (1.49.3) ...
[rtl-full/Verilator shard 3/5-4             ]   | Processing triggers for libc-bin (2.39-0ubuntu8.8) ...
[rtl-full/Verilator shard 1/5-2             ]   | Setting up help2man (1.49.3) ...
[rtl-full/Verilator shard 1/5-2             ]   | Processing triggers for libc-bin (2.39-0ubuntu8.8) ...
[rtl-full/Verilator shard 3/5-4             ]   | Processing triggers for man-db (2.12.0-4build2) ...
[rtl-full/Verilator shard 3/5-4             ]   | Not building database; man-db/auto-update is not 'true'.
[rtl-full/Verilator shard 3/5-4             ]   | Processing triggers for install-info (7.1-3build2) ...
[rtl-full/Verilator shard 1/5-2             ]   | Processing triggers for man-db (2.12.0-4build2) ...
[rtl-full/Verilator shard 1/5-2             ]   | Not building database; man-db/auto-update is not 'true'.
[rtl-full/Verilator shard 1/5-2             ]   | Processing triggers for install-info (7.1-3build2) ...
[rtl-full/Verilator shard 3/5-4             ]   | readline() on closed filehandle HENV at /usr/sbin/needrestart line 79.
[rtl-full/Verilator shard 3/5-4             ]   | Use of uninitialized value in unpack at /usr/sbin/needrestart line 79.
[rtl-full/Verilator shard 1/5-2             ]   | readline() on closed filehandle HENV at /usr/sbin/needrestart line 79.
[rtl-full/Verilator shard 1/5-2             ]   | Use of uninitialized value in unpack at /usr/sbin/needrestart line 79.
[rtl-full/Verilator shard 3/5-4             ]   | readline() on closed filehandle HENV at /usr/sbin/needrestart line 79.
[rtl-full/Verilator shard 3/5-4             ]   | Use of uninitialized value in unpack at /usr/sbin/needrestart line 79.
[rtl-full/Verilator shard 1/5-2             ]   | readline() on closed filehandle HENV at /usr/sbin/needrestart line 79.
[rtl-full/Verilator shard 1/5-2             ]   | Use of uninitialized value in unpack at /usr/sbin/needrestart line 79.
[rtl-full/Verilator shard 3/5-4             ]   | 
[rtl-full/Verilator shard 3/5-4             ]   | Failed to retrieve available kernel versions.
[rtl-full/Verilator shard 3/5-4             ]   | 
[rtl-full/Verilator shard 3/5-4             ]   | The processor microcode seems to be up-to-date.
[rtl-full/Verilator shard 3/5-4             ]   | 
[rtl-full/Verilator shard 3/5-4             ]   | No services need to be restarted.
[rtl-full/Verilator shard 3/5-4             ]   | 
[rtl-full/Verilator shard 3/5-4             ]   | No containers need to be restarted.
[rtl-full/Verilator shard 3/5-4             ]   | 
[rtl-full/Verilator shard 3/5-4             ]   | No user sessions are running outdated binaries.
[rtl-full/Verilator shard 3/5-4             ]   | 
[rtl-full/Verilator shard 3/5-4             ]   | No VM guests are running outdated hypervisor (qemu) binaries on this host.
[rtl-full/Verilator shard 1/5-2             ]   | 
[rtl-full/Verilator shard 1/5-2             ]   | Failed to retrieve available kernel versions.
[rtl-full/Verilator shard 1/5-2             ]   | 
[rtl-full/Verilator shard 1/5-2             ]   | The processor microcode seems to be up-to-date.
[rtl-full/Verilator shard 1/5-2             ]   | 
[rtl-full/Verilator shard 1/5-2             ]   | No services need to be restarted.
[rtl-full/Verilator shard 1/5-2             ]   | 
[rtl-full/Verilator shard 1/5-2             ]   | No containers need to be restarted.
[rtl-full/Verilator shard 1/5-2             ]   | 
[rtl-full/Verilator shard 1/5-2             ]   | No user sessions are running outdated binaries.
[rtl-full/Verilator shard 1/5-2             ]   | 
[rtl-full/Verilator shard 1/5-2             ]   | No VM guests are running outdated hypervisor (qemu) binaries on this host.
[rtl-full/Verilator shard 0/5-1             ]   | Preparing to unpack .../bison_2%3a3.8.2+dfsg-1ubuntu0.24.04.1_amd64.deb ...
[rtl-full/Verilator shard 1/5-2             ]   | Cloning into '/tmp/verilator-src'...
[rtl-full/Verilator shard 2/5-3             ]   | Preparing to unpack .../bison_2%3a3.8.2+dfsg-1ubuntu0.24.04.1_amd64.deb ...
[rtl-full/Verilator shard 0/5-1             ]   | Unpacking bison (2:3.8.2+dfsg-1ubuntu0.24.04.1) over (2:3.8.2+dfsg-1build2) ...
[rtl-full/Verilator shard 2/5-3             ]   | Unpacking bison (2:3.8.2+dfsg-1ubuntu0.24.04.1) over (2:3.8.2+dfsg-1build2) ...
[rtl-full/Verilator shard 3/5-4             ]   | Cloning into '/tmp/verilator-src'...
[rtl-full/Verilator shard 0/5-1             ]   | Selecting previously unselected package help2man.
[rtl-full/Verilator shard 0/5-1             ]   | Preparing to unpack .../help2man_1.49.3_amd64.deb ...
[rtl-full/Verilator shard 2/5-3             ]   | Selecting previously unselected package help2man.
[rtl-full/Verilator shard 0/5-1             ]   | Unpacking help2man (1.49.3) ...
[rtl-full/Verilator shard 2/5-3             ]   | Preparing to unpack .../help2man_1.49.3_amd64.deb ...
[rtl-full/Verilator shard 2/5-3             ]   | Unpacking help2man (1.49.3) ...
[rtl-full/Verilator shard 0/5-1             ]   | Selecting previously unselected package libfl2:amd64.
[rtl-full/Verilator shard 0/5-1             ]   | Preparing to unpack .../libfl2_2.6.4-8.2build1_amd64.deb ...
[rtl-full/Verilator shard 0/5-1             ]   | Unpacking libfl2:amd64 (2.6.4-8.2build1) ...
[rtl-full/Verilator shard 2/5-3             ]   | Selecting previously unselected package libfl2:amd64.
[rtl-full/Verilator shard 2/5-3             ]   | Preparing to unpack .../libfl2_2.6.4-8.2build1_amd64.deb ...
[rtl-full/Verilator shard 2/5-3             ]   | Unpacking libfl2:amd64 (2.6.4-8.2build1) ...
[rtl-full/Verilator shard 0/5-1             ]   | Selecting previously unselected package libfl-dev:amd64.
[rtl-full/Verilator shard 0/5-1             ]   | Preparing to unpack .../libfl-dev_2.6.4-8.2build1_amd64.deb ...
[rtl-full/Verilator shard 0/5-1             ]   | Unpacking libfl-dev:amd64 (2.6.4-8.2build1) ...
[rtl-full/Verilator shard 2/5-3             ]   | Selecting previously unselected package libfl-dev:amd64.
[rtl-full/Verilator shard 2/5-3             ]   | Preparing to unpack .../libfl-dev_2.6.4-8.2build1_amd64.deb ...
[rtl-full/Verilator shard 2/5-3             ]   | Unpacking libfl-dev:amd64 (2.6.4-8.2build1) ...
[rtl-full/Verilator shard 0/5-1             ]   | Setting up perl-modules-5.38 (5.38.2-3.2ubuntu0.6) ...
[rtl-full/Verilator shard 2/5-3             ]   | Setting up perl-modules-5.38 (5.38.2-3.2ubuntu0.6) ...
[rtl-full/Verilator shard 0/5-1             ]   | Setting up libfl2:amd64 (2.6.4-8.2build1) ...
[rtl-full/Verilator shard 1/5-2             ]   | warning: refs/tags/v5.050 0a24d49771fa57c36ff667272bf7b5c6705e4df0 is not a commit!
[rtl-full/Verilator shard 1/5-2             ]   | Note: switching to '848d926ebd4addacacd294dc84e35d9d4ae8078c'.
[rtl-full/Verilator shard 1/5-2             ]   | 
[rtl-full/Verilator shard 1/5-2             ]   | You are in 'detached HEAD' state. You can look around, make experimental
[rtl-full/Verilator shard 1/5-2             ]   | changes and commit them, and you can discard any commits you make in this
[rtl-full/Verilator shard 1/5-2             ]   | state without impacting any branches by switching back to a branch.
[rtl-full/Verilator shard 1/5-2             ]   | 
[rtl-full/Verilator shard 1/5-2             ]   | If you want to create a new branch to retain commits you create, you may
[rtl-full/Verilator shard 1/5-2             ]   | do so (now or later) by using -c with the switch command. Example:
[rtl-full/Verilator shard 1/5-2             ]   | 
[rtl-full/Verilator shard 1/5-2             ]   |   git switch -c <new-branch-name>
[rtl-full/Verilator shard 1/5-2             ]   | 
[rtl-full/Verilator shard 1/5-2             ]   | Or undo this operation with:
[rtl-full/Verilator shard 1/5-2             ]   | 
[rtl-full/Verilator shard 1/5-2             ]   |   git switch -
[rtl-full/Verilator shard 1/5-2             ]   | 
[rtl-full/Verilator shard 1/5-2             ]   | Turn off this advice by setting config variable advice.detachedHead to false
[rtl-full/Verilator shard 1/5-2             ]   | 
[rtl-full/Verilator shard 2/5-3             ]   | Setting up libfl2:amd64 (2.6.4-8.2build1) ...
[rtl-full/Verilator shard 0/5-1             ]   | Setting up bison (2:3.8.2+dfsg-1ubuntu0.24.04.1) ...
[rtl-full/Verilator shard 3/5-4             ]   | warning: refs/tags/v5.050 0a24d49771fa57c36ff667272bf7b5c6705e4df0 is not a commit!
[rtl-full/Verilator shard 3/5-4             ]   | Note: switching to '848d926ebd4addacacd294dc84e35d9d4ae8078c'.
[rtl-full/Verilator shard 3/5-4             ]   | 
[rtl-full/Verilator shard 3/5-4             ]   | You are in 'detached HEAD' state. You can look around, make experimental
[rtl-full/Verilator shard 3/5-4             ]   | changes and commit them, and you can discard any commits you make in this
[rtl-full/Verilator shard 3/5-4             ]   | state without impacting any branches by switching back to a branch.
[rtl-full/Verilator shard 3/5-4             ]   | 
[rtl-full/Verilator shard 3/5-4             ]   | If you want to create a new branch to retain commits you create, you may
[rtl-full/Verilator shard 3/5-4             ]   | do so (now or later) by using -c with the switch command. Example:
[rtl-full/Verilator shard 3/5-4             ]   | 
[rtl-full/Verilator shard 3/5-4             ]   |   git switch -c <new-branch-name>
[rtl-full/Verilator shard 3/5-4             ]   | 
[rtl-full/Verilator shard 3/5-4             ]   | Or undo this operation with:
[rtl-full/Verilator shard 3/5-4             ]   | 
[rtl-full/Verilator shard 3/5-4             ]   |   git switch -
[rtl-full/Verilator shard 3/5-4             ]   | 
[rtl-full/Verilator shard 3/5-4             ]   | Turn off this advice by setting config variable advice.detachedHead to false
[rtl-full/Verilator shard 3/5-4             ]   | 
[rtl-full/Verilator shard 2/5-3             ]   | Setting up bison (2:3.8.2+dfsg-1ubuntu0.24.04.1) ...
[rtl-full/Verilator shard 0/5-1             ]   | Setting up libperl5.38t64:amd64 (5.38.2-3.2ubuntu0.6) ...
[rtl-full/Verilator shard 2/5-3             ]   | Setting up libperl5.38t64:amd64 (5.38.2-3.2ubuntu0.6) ...
[rtl-full/Verilator shard 0/5-1             ]   | Setting up libfl-dev:amd64 (2.6.4-8.2build1) ...
[rtl-full/Verilator shard 2/5-3             ]   | Setting up libfl-dev:amd64 (2.6.4-8.2build1) ...
[rtl-full/Verilator shard 0/5-1             ]   | Setting up perl (5.38.2-3.2ubuntu0.6) ...
[rtl-full/Verilator shard 2/5-3             ]   | Setting up perl (5.38.2-3.2ubuntu0.6) ...
[rtl-full/Verilator shard 0/5-1             ]   | Setting up help2man (1.49.3) ...
[rtl-full/Verilator shard 2/5-3             ]   | Setting up help2man (1.49.3) ...
[rtl-full/Verilator shard 0/5-1             ]   | Processing triggers for libc-bin (2.39-0ubuntu8.8) ...
[rtl-full/Verilator shard 2/5-3             ]   | Processing triggers for libc-bin (2.39-0ubuntu8.8) ...
[rtl-full/Verilator shard 0/5-1             ]   | Processing triggers for man-db (2.12.0-4build2) ...
[rtl-full/Verilator shard 0/5-1             ]   | Not building database; man-db/auto-update is not 'true'.
[rtl-full/Verilator shard 2/5-3             ]   | Processing triggers for man-db (2.12.0-4build2) ...
[rtl-full/Verilator shard 0/5-1             ]   | Processing triggers for install-info (7.1-3build2) ...
[rtl-full/Verilator shard 2/5-3             ]   | Not building database; man-db/auto-update is not 'true'.
[rtl-full/Verilator shard 2/5-3             ]   | Processing triggers for install-info (7.1-3build2) ...
[rtl-full/Verilator shard 1/5-2             ]   | configuring for Verilator 5.050 2026-07-01
[rtl-full/Verilator shard 1/5-2             ]   | checking whether to perform partial static linking of Verilator binary... yes
[rtl-full/Verilator shard 1/5-2             ]   | checking whether to use AddressSanitizer... no
[rtl-full/Verilator shard 1/5-2             ]   | checking whether to use tcmalloc... check
[rtl-full/Verilator shard 1/5-2             ]   | checking whether to use jemalloc... check
[rtl-full/Verilator shard 1/5-2             ]   | checking whether to build for gcov code coverage collection... no
[rtl-full/Verilator shard 1/5-2             ]   | checking whether to use hardcoded paths... yes
[rtl-full/Verilator shard 1/5-2             ]   | checking whether to show and stop on compilation warnings... no
[rtl-full/Verilator shard 1/5-2             ]   | checking whether to run long tests... no
[rtl-full/Verilator shard 1/5-2             ]   | checking for z3... no
[rtl-full/Verilator shard 1/5-2             ]   | checking for cvc5... no
[rtl-full/Verilator shard 1/5-2             ]   | checking for cvc4... no
[rtl-full/Verilator shard 1/5-2             ]   | checking for SMT solver... no
[rtl-full/Verilator shard 1/5-2             ]   | compiler CXX inbound is set to... 
[rtl-full/Verilator shard 1/5-2             ]   | checking for gcc... gcc
[rtl-full/Verilator shard 0/5-1             ]   | readline() on closed filehandle HENV at /usr/sbin/needrestart line 79.
[rtl-full/Verilator shard 0/5-1             ]   | Use of uninitialized value in unpack at /usr/sbin/needrestart line 79.
[rtl-full/Verilator shard 2/5-3             ]   | readline() on closed filehandle HENV at /usr/sbin/needrestart line 79.
[rtl-full/Verilator shard 2/5-3             ]   | Use of uninitialized value in unpack at /usr/sbin/needrestart line 79.
[rtl-full/Verilator shard 3/5-4             ]   | configuring for Verilator 5.050 2026-07-01
[rtl-full/Verilator shard 3/5-4             ]   | checking whether to perform partial static linking of Verilator binary... yes
[rtl-full/Verilator shard 3/5-4             ]   | checking whether to use AddressSanitizer... no
[rtl-full/Verilator shard 3/5-4             ]   | checking whether to use tcmalloc... check
[rtl-full/Verilator shard 3/5-4             ]   | checking whether to use jemalloc... check
[rtl-full/Verilator shard 3/5-4             ]   | checking whether to build for gcov code coverage collection... no
[rtl-full/Verilator shard 3/5-4             ]   | checking whether to use hardcoded paths... yes
[rtl-full/Verilator shard 3/5-4             ]   | checking whether to show and stop on compilation warnings... no
[rtl-full/Verilator shard 3/5-4             ]   | checking whether to run long tests... no
[rtl-full/Verilator shard 3/5-4             ]   | checking for z3... no
[rtl-full/Verilator shard 3/5-4             ]   | checking for cvc5... no
[rtl-full/Verilator shard 3/5-4             ]   | checking for cvc4... no
[rtl-full/Verilator shard 3/5-4             ]   | checking for SMT solver... no
[rtl-full/Verilator shard 3/5-4             ]   | compiler CXX inbound is set to... 
[rtl-full/Verilator shard 3/5-4             ]   | checking for gcc... gcc
[rtl-full/Verilator shard 1/5-2             ]   | checking whether the C compiler works... yes
[rtl-full/Verilator shard 1/5-2             ]   | checking for C compiler default output file name... a.out
[rtl-full/Verilator shard 1/5-2             ]   | checking for suffix of executables... 
[rtl-full/Verilator shard 0/5-1             ]   | readline() on closed filehandle HENV at /usr/sbin/needrestart line 79.
[rtl-full/Verilator shard 0/5-1             ]   | Use of uninitialized value in unpack at /usr/sbin/needrestart line 79.
[rtl-full/Verilator shard 2/5-3             ]   | readline() on closed filehandle HENV at /usr/sbin/needrestart line 79.
[rtl-full/Verilator shard 2/5-3             ]   | Use of uninitialized value in unpack at /usr/sbin/needrestart line 79.
[rtl-full/Verilator shard 3/5-4             ]   | checking whether the C compiler works... yes
[rtl-full/Verilator shard 3/5-4             ]   | checking for C compiler default output file name... a.out
[rtl-full/Verilator shard 1/5-2             ]   | checking whether we are cross compiling... no
[rtl-full/Verilator shard 1/5-2             ]   | checking for suffix of object files... o
[rtl-full/Verilator shard 3/5-4             ]   | checking for suffix of executables... 
[rtl-full/Verilator shard 1/5-2             ]   | checking whether the compiler supports GNU C... yes
[rtl-full/Verilator shard 3/5-4             ]   | checking whether we are cross compiling... no
[rtl-full/Verilator shard 1/5-2             ]   | checking whether gcc accepts -g... yes
[rtl-full/Verilator shard 3/5-4             ]   | checking for suffix of object files... o
[rtl-full/Verilator shard 1/5-2             ]   | checking for gcc option to enable C11 features... none needed
[rtl-full/Verilator shard 1/5-2             ]   | checking for g++... g++
[rtl-full/Verilator shard 3/5-4             ]   | checking whether the compiler supports GNU C... yes
[rtl-full/Verilator shard 3/5-4             ]   | checking whether gcc accepts -g... yes
[rtl-full/Verilator shard 1/5-2             ]   | checking whether the compiler supports GNU C++... yes
[rtl-full/Verilator shard 3/5-4             ]   | checking for gcc option to enable C11 features... none needed
[rtl-full/Verilator shard 3/5-4             ]   | checking for g++... g++
[rtl-full/Verilator shard 1/5-2             ]   | checking whether g++ accepts -g... yes
[rtl-full/Verilator shard 3/5-4             ]   | checking whether the compiler supports GNU C++... yes
[rtl-full/Verilator shard 1/5-2             ]   | checking for g++ option to enable C++11 features... none needed
[rtl-full/Verilator shard 3/5-4             ]   | checking whether g++ accepts -g... yes
[rtl-full/Verilator shard 1/5-2             ]   | checking for a BSD-compatible install... /usr/bin/install -c
[rtl-full/Verilator shard 1/5-2             ]   | compiler version... g++ --version = g++ (Ubuntu 13.3.0-6ubuntu2~24.04.1) 13.3.0
[rtl-full/Verilator shard 1/5-2             ]   | checking that C++ compiler can compile simple program... yes
[rtl-full/Verilator shard 1/5-2             ]   | checking for ar... ar
[rtl-full/Verilator shard 1/5-2             ]   | checking for perl... perl
[rtl-full/Verilator shard 1/5-2             ]   | checking for python3... python3
[rtl-full/Verilator shard 1/5-2             ]   | python3 --version = Python 3.12.3
[rtl-full/Verilator shard 1/5-2             ]   | checking for flex... flex
[rtl-full/Verilator shard 1/5-2             ]   | flex --version = flex 2.6.4
[rtl-full/Verilator shard 1/5-2             ]   | checking for bison... bison
[rtl-full/Verilator shard 1/5-2             ]   | bison --version = bison (GNU Bison) 3.8.2
[rtl-full/Verilator shard 1/5-2             ]   | checking for ccache... no
[rtl-full/Verilator shard 3/5-4             ]   | checking for g++ option to enable C++11 features... none needed
[rtl-full/Verilator shard 3/5-4             ]   | checking for a BSD-compatible install... /usr/bin/install -c
[rtl-full/Verilator shard 3/5-4             ]   | compiler version... g++ --version = g++ (Ubuntu 13.3.0-6ubuntu2~24.04.1) 13.3.0
[rtl-full/Verilator shard 1/5-2             ]   | checking for stdio.h... yes
[rtl-full/Verilator shard 1/5-2             ]   | checking for stdlib.h... yes
[rtl-full/Verilator shard 3/5-4             ]   | checking that C++ compiler can compile simple program... yes
[rtl-full/Verilator shard 3/5-4             ]   | checking for ar... ar
[rtl-full/Verilator shard 3/5-4             ]   | checking for perl... perl
[rtl-full/Verilator shard 3/5-4             ]   | checking for python3... python3
[rtl-full/Verilator shard 3/5-4             ]   | python3 --version = Python 3.12.3
[rtl-full/Verilator shard 3/5-4             ]   | checking for flex... flex
[rtl-full/Verilator shard 3/5-4             ]   | flex --version = flex 2.6.4
[rtl-full/Verilator shard 3/5-4             ]   | checking for bison... bison
[rtl-full/Verilator shard 1/5-2             ]   | checking for string.h... yes
[rtl-full/Verilator shard 3/5-4             ]   | bison --version = bison (GNU Bison) 3.8.2
[rtl-full/Verilator shard 3/5-4             ]   | checking for ccache... no
[rtl-full/Verilator shard 3/5-4             ]   | checking for stdio.h... yes
[rtl-full/Verilator shard 1/5-2             ]   | checking for inttypes.h... yes
[rtl-full/Verilator shard 3/5-4             ]   | checking for stdlib.h... yes
[rtl-full/Verilator shard 1/5-2             ]   | checking for stdint.h... yes
[rtl-full/Verilator shard 3/5-4             ]   | checking for string.h... yes
[rtl-full/Verilator shard 1/5-2             ]   | checking for strings.h... yes
[rtl-full/Verilator shard 3/5-4             ]   | checking for inttypes.h... yes
[rtl-full/Verilator shard 1/5-2             ]   | checking for sys/stat.h... yes
[rtl-full/Verilator shard 3/5-4             ]   | checking for stdint.h... yes
[rtl-full/Verilator shard 1/5-2             ]   | checking for sys/types.h... yes
[rtl-full/Verilator shard 3/5-4             ]   | checking for strings.h... yes
[rtl-full/Verilator shard 1/5-2             ]   | checking for unistd.h... yes
[rtl-full/Verilator shard 3/5-4             ]   | checking for sys/stat.h... yes
[rtl-full/Verilator shard 3/5-4             ]   | checking for sys/types.h... yes
[rtl-full/Verilator shard 1/5-2             ]   | checking for size_t... yes
[rtl-full/Verilator shard 1/5-2             ]   | checking for size_t... (cached) yes
[rtl-full/Verilator shard 3/5-4             ]   | checking for unistd.h... yes
[rtl-full/Verilator shard 1/5-2             ]   | checking for inline... inline
[rtl-full/Verilator shard 3/5-4             ]   | checking for size_t... yes
[rtl-full/Verilator shard 3/5-4             ]   | checking for size_t... (cached) yes
[rtl-full/Verilator shard 3/5-4             ]   | checking for inline... inline
[rtl-full/Verilator shard 0/5-1             ]   | 
[rtl-full/Verilator shard 0/5-1             ]   | Failed to retrieve available kernel versions.
[rtl-full/Verilator shard 0/5-1             ]   | 
[rtl-full/Verilator shard 0/5-1             ]   | The processor microcode seems to be up-to-date.
[rtl-full/Verilator shard 0/5-1             ]   | 
[rtl-full/Verilator shard 0/5-1             ]   | No services need to be restarted.
[rtl-full/Verilator shard 0/5-1             ]   | 
[rtl-full/Verilator shard 0/5-1             ]   | No containers need to be restarted.
[rtl-full/Verilator shard 0/5-1             ]   | 
[rtl-full/Verilator shard 0/5-1             ]   | No user sessions are running outdated binaries.
[rtl-full/Verilator shard 0/5-1             ]   | 
[rtl-full/Verilator shard 0/5-1             ]   | No VM guests are running outdated hypervisor (qemu) binaries on this host.
[rtl-full/Verilator shard 2/5-3             ]   | 
[rtl-full/Verilator shard 2/5-3             ]   | Failed to retrieve available kernel versions.
[rtl-full/Verilator shard 2/5-3             ]   | 
[rtl-full/Verilator shard 2/5-3             ]   | The processor microcode seems to be up-to-date.
[rtl-full/Verilator shard 2/5-3             ]   | 
[rtl-full/Verilator shard 2/5-3             ]   | No services need to be restarted.
[rtl-full/Verilator shard 2/5-3             ]   | 
[rtl-full/Verilator shard 2/5-3             ]   | No containers need to be restarted.
[rtl-full/Verilator shard 2/5-3             ]   | 
[rtl-full/Verilator shard 2/5-3             ]   | No user sessions are running outdated binaries.
[rtl-full/Verilator shard 2/5-3             ]   | 
[rtl-full/Verilator shard 2/5-3             ]   | No VM guests are running outdated hypervisor (qemu) binaries on this host.
[rtl-full/Verilator shard 1/5-2             ]   | checking whether g++ accepts -pg... yes
[rtl-full/Verilator shard 3/5-4             ]   | checking whether g++ accepts -pg... yes
[rtl-full/Verilator shard 1/5-2             ]   | checking whether g++ accepts -std=gnu++17... yes
[rtl-full/Verilator shard 3/5-4             ]   | checking whether g++ accepts -std=gnu++17... yes
[rtl-full/Verilator shard 1/5-2             ]   | checking whether g++ accepts -Wextra... yes
[rtl-full/Verilator shard 3/5-4             ]   | checking whether g++ accepts -Wextra... yes
[rtl-full/Verilator shard 1/5-2             ]   | checking whether g++ accepts -Wfloat-conversion... yes
[rtl-full/Verilator shard 3/5-4             ]   | checking whether g++ accepts -Wfloat-conversion... yes
[rtl-full/Verilator shard 1/5-2             ]   | checking whether g++ accepts -Wlogical-op... yes
[rtl-full/Verilator shard 1/5-2             ]   | checking whether g++ accepts -Wthread-safety... no
[rtl-full/Verilator shard 3/5-4             ]   | checking whether g++ accepts -Wlogical-op... yes
[rtl-full/Verilator shard 1/5-2             ]   | checking whether coroutines are supported by g++... no
[rtl-full/Verilator shard 3/5-4             ]   | checking whether g++ accepts -Wthread-safety... no
[rtl-full/Verilator shard 1/5-2             ]   | checking whether coroutines are supported by g++ with -fcoroutines-ts... no
[rtl-full/Verilator shard 3/5-4             ]   | checking whether coroutines are supported by g++... no
[rtl-full/Verilator shard 3/5-4             ]   | checking whether coroutines are supported by g++ with -fcoroutines-ts... no
[rtl-full/Verilator shard 1/5-2             ]   | checking whether coroutines are supported by g++ with -fcoroutines... yes
[rtl-full/Verilator shard 1/5-2             ]   | checking whether g++ accepts -Qunused-arguments... no
[rtl-full/Verilator shard 3/5-4             ]   | checking whether coroutines are supported by g++ with -fcoroutines... yes
[rtl-full/Verilator shard 3/5-4             ]   | checking whether g++ accepts -Qunused-arguments... no
[rtl-full/Verilator shard 1/5-2             ]   | checking whether g++ accepts -Wno-shadow... yes
[rtl-full/Verilator shard 3/5-4             ]   | checking whether g++ accepts -Wno-shadow... yes
[rtl-full/Verilator shard 1/5-2             ]   | checking whether g++ accepts -Wno-unnecessary-virtual-specifier... no
[rtl-full/Verilator shard 0/5-1             ]   | Cloning into '/tmp/verilator-src'...
[rtl-full/Verilator shard 3/5-4             ]   | checking whether g++ accepts -Wno-unnecessary-virtual-specifier... no
[rtl-full/Verilator shard 1/5-2             ]   | checking whether g++ accepts -Wno-unused-parameter... yes
[rtl-full/Verilator shard 1/5-2             ]   | checking whether g++ accepts -Xclang -fno-pch-timestamp... no
[rtl-full/Verilator shard 2/5-3             ]   | Cloning into '/tmp/verilator-src'...
[rtl-full/Verilator shard 3/5-4             ]   | checking whether g++ accepts -Wno-unused-parameter... yes
[rtl-full/Verilator shard 3/5-4             ]   | checking whether g++ accepts -Xclang -fno-pch-timestamp... no
[rtl-full/Verilator shard 1/5-2             ]   | checking whether g++ accepts -faligned-new... yes
[rtl-full/Verilator shard 3/5-4             ]   | checking whether g++ accepts -faligned-new... yes
[rtl-full/Verilator shard 1/5-2             ]   | checking whether g++ accepts -fno-exceptions... yes
[rtl-full/Verilator shard 3/5-4             ]   | checking whether g++ accepts -fno-exceptions... yes
[rtl-full/Verilator shard 1/5-2             ]   | checking whether g++ accepts -Wno-char-subscripts... yes
[rtl-full/Verilator shard 3/5-4             ]   | checking whether g++ accepts -Wno-char-subscripts... yes
[rtl-full/Verilator shard 1/5-2             ]   | checking whether g++ accepts -Wno-null-conversion... no
[rtl-full/Verilator shard 3/5-4             ]   | checking whether g++ accepts -Wno-null-conversion... no
[rtl-full/Verilator shard 1/5-2             ]   | checking whether g++ accepts -Wno-parentheses-equality... no
[rtl-full/Verilator shard 3/5-4             ]   | checking whether g++ accepts -Wno-parentheses-equality... no
[rtl-full/Verilator shard 1/5-2             ]   | checking whether g++ accepts -Wno-unused... yes
[rtl-full/Verilator shard 3/5-4             ]   | checking whether g++ accepts -Wno-unused... yes
[rtl-full/Verilator shard 1/5-2             ]   | checking whether g++ accepts -Og... yes
[rtl-full/Verilator shard 3/5-4             ]   | checking whether g++ accepts -Og... yes
[rtl-full/Verilator shard 1/5-2             ]   | checking whether g++ accepts -ggdb... yes
[rtl-full/Verilator shard 3/5-4             ]   | checking whether g++ accepts -ggdb... yes
[rtl-full/Verilator shard 1/5-2             ]   | checking whether g++ accepts -gz... yes
[rtl-full/Verilator shard 1/5-2             ]   | checking whether g++ linker accepts -gz... yes
[rtl-full/Verilator shard 3/5-4             ]   | checking whether g++ accepts -gz... yes
[rtl-full/Verilator shard 1/5-2             ]   | checking whether g++ accepts -O3... yes
[rtl-full/Verilator shard 3/5-4             ]   | checking whether g++ linker accepts -gz... yes
[rtl-full/Verilator shard 3/5-4             ]   | checking whether g++ accepts -O3... yes
[rtl-full/Verilator shard 1/5-2             ]   | checking whether g++ accepts -faligned-new... yes
[rtl-full/Verilator shard 1/5-2             ]   | checking whether g++ accepts -fbracket-depth=4096... no
[rtl-full/Verilator shard 3/5-4             ]   | checking whether g++ accepts -faligned-new... yes
[rtl-full/Verilator shard 1/5-2             ]   | checking whether g++ accepts -fcf-protection=none... yes
[rtl-full/Verilator shard 3/5-4             ]   | checking whether g++ accepts -fbracket-depth=4096... no
[rtl-full/Verilator shard 1/5-2             ]   | checking whether g++ accepts -Xclang -fno-pch-timestamp... no
[rtl-full/Verilator shard 1/5-2             ]   | checking whether g++ accepts -mno-cet... no
[rtl-full/Verilator shard 3/5-4             ]   | checking whether g++ accepts -fcf-protection=none... yes
[rtl-full/Verilator shard 1/5-2             ]   | checking whether g++ accepts -Qunused-arguments... no
[rtl-full/Verilator shard 3/5-4             ]   | checking whether g++ accepts -Xclang -fno-pch-timestamp... no
[rtl-full/Verilator shard 0/5-1             ]   | warning: refs/tags/v5.050 0a24d49771fa57c36ff667272bf7b5c6705e4df0 is not a commit!
[rtl-full/Verilator shard 0/5-1             ]   | Note: switching to '848d926ebd4addacacd294dc84e35d9d4ae8078c'.
[rtl-full/Verilator shard 0/5-1             ]   | 
[rtl-full/Verilator shard 0/5-1             ]   | You are in 'detached HEAD' state. You can look around, make experimental
[rtl-full/Verilator shard 0/5-1             ]   | changes and commit them, and you can discard any commits you make in this
[rtl-full/Verilator shard 0/5-1             ]   | state without impacting any branches by switching back to a branch.
[rtl-full/Verilator shard 0/5-1             ]   | 
[rtl-full/Verilator shard 0/5-1             ]   | If you want to create a new branch to retain commits you create, you may
[rtl-full/Verilator shard 0/5-1             ]   | do so (now or later) by using -c with the switch command. Example:
[rtl-full/Verilator shard 0/5-1             ]   | 
[rtl-full/Verilator shard 0/5-1             ]   |   git switch -c <new-branch-name>
[rtl-full/Verilator shard 0/5-1             ]   | 
[rtl-full/Verilator shard 0/5-1             ]   | Or undo this operation with:
[rtl-full/Verilator shard 0/5-1             ]   | 
[rtl-full/Verilator shard 0/5-1             ]   |   git switch -
[rtl-full/Verilator shard 0/5-1             ]   | 
[rtl-full/Verilator shard 0/5-1             ]   | Turn off this advice by setting config variable advice.detachedHead to false
[rtl-full/Verilator shard 0/5-1             ]   | 
[rtl-full/Verilator shard 3/5-4             ]   | checking whether g++ accepts -mno-cet... no
[rtl-full/Verilator shard 2/5-3             ]   | warning: refs/tags/v5.050 0a24d49771fa57c36ff667272bf7b5c6705e4df0 is not a commit!
[rtl-full/Verilator shard 2/5-3             ]   | Note: switching to '848d926ebd4addacacd294dc84e35d9d4ae8078c'.
[rtl-full/Verilator shard 2/5-3             ]   | 
[rtl-full/Verilator shard 2/5-3             ]   | You are in 'detached HEAD' state. You can look around, make experimental
[rtl-full/Verilator shard 2/5-3             ]   | changes and commit them, and you can discard any commits you make in this
[rtl-full/Verilator shard 2/5-3             ]   | state without impacting any branches by switching back to a branch.
[rtl-full/Verilator shard 2/5-3             ]   | 
[rtl-full/Verilator shard 2/5-3             ]   | If you want to create a new branch to retain commits you create, you may
[rtl-full/Verilator shard 2/5-3             ]   | do so (now or later) by using -c with the switch command. Example:
[rtl-full/Verilator shard 2/5-3             ]   | 
[rtl-full/Verilator shard 2/5-3             ]   |   git switch -c <new-branch-name>
[rtl-full/Verilator shard 2/5-3             ]   | 
[rtl-full/Verilator shard 2/5-3             ]   | Or undo this operation with:
[rtl-full/Verilator shard 2/5-3             ]   | 
[rtl-full/Verilator shard 2/5-3             ]   |   git switch -
[rtl-full/Verilator shard 2/5-3             ]   | 
[rtl-full/Verilator shard 2/5-3             ]   | Turn off this advice by setting config variable advice.detachedHead to false
[rtl-full/Verilator shard 2/5-3             ]   | 
[rtl-full/Verilator shard 3/5-4             ]   | checking whether g++ accepts -Qunused-arguments... no
[rtl-full/Verilator shard 1/5-2             ]   | checking whether g++ accepts -Wno-bool-operation... yes
[rtl-full/Verilator shard 3/5-4             ]   | checking whether g++ accepts -Wno-bool-operation... yes
[rtl-full/Verilator shard 1/5-2             ]   | checking whether g++ accepts -Wno-c++11-narrowing... no
[rtl-full/Verilator shard 1/5-2             ]   | checking whether g++ accepts -Wno-constant-logical-operand... no
[rtl-full/Verilator shard 3/5-4             ]   | checking whether g++ accepts -Wno-c++11-narrowing... no
[rtl-full/Verilator shard 1/5-2             ]   | checking whether g++ accepts -Wno-int-in-bool-context... yes
[rtl-full/Verilator shard 3/5-4             ]   | checking whether g++ accepts -Wno-constant-logical-operand... no
[rtl-full/Verilator shard 1/5-2             ]   | checking whether g++ accepts -Wno-non-pod-varargs... no
[rtl-full/Verilator shard 3/5-4             ]   | checking whether g++ accepts -Wno-int-in-bool-context... yes
[rtl-full/Verilator shard 1/5-2             ]   | checking whether g++ accepts -Wno-parentheses-equality... no
[rtl-full/Verilator shard 3/5-4             ]   | checking whether g++ accepts -Wno-non-pod-varargs... no
[rtl-full/Verilator shard 1/5-2             ]   | checking whether g++ accepts -Wno-shadow... yes
[rtl-full/Verilator shard 3/5-4             ]   | checking whether g++ accepts -Wno-parentheses-equality... no
[rtl-full/Verilator shard 1/5-2             ]   | checking whether g++ accepts -Wno-sign-compare... yes
[rtl-full/Verilator shard 3/5-4             ]   | checking whether g++ accepts -Wno-shadow... yes
[rtl-full/Verilator shard 1/5-2             ]   | checking whether g++ accepts -Wno-subobject-linkage... yes
[rtl-full/Verilator shard 3/5-4             ]   | checking whether g++ accepts -Wno-sign-compare... yes
[rtl-full/Verilator shard 1/5-2             ]   | checking whether g++ accepts -Wno-tautological-bitwise-compare... no
[rtl-full/Verilator shard 3/5-4             ]   | checking whether g++ accepts -Wno-subobject-linkage... yes
[rtl-full/Verilator shard 1/5-2             ]   | checking whether g++ accepts -Wno-tautological-compare... yes
[rtl-full/Verilator shard 0/5-1             ]   | configuring for Verilator 5.050 2026-07-01
[rtl-full/Verilator shard 0/5-1             ]   | checking whether to perform partial static linking of Verilator binary... yes
[rtl-full/Verilator shard 0/5-1             ]   | checking whether to use AddressSanitizer... no
[rtl-full/Verilator shard 0/5-1             ]   | checking whether to use tcmalloc... check
[rtl-full/Verilator shard 0/5-1             ]   | checking whether to use jemalloc... check
[rtl-full/Verilator shard 0/5-1             ]   | checking whether to build for gcov code coverage collection... no
[rtl-full/Verilator shard 0/5-1             ]   | checking whether to use hardcoded paths... yes
[rtl-full/Verilator shard 0/5-1             ]   | checking whether to show and stop on compilation warnings... no
[rtl-full/Verilator shard 0/5-1             ]   | checking whether to run long tests... no
[rtl-full/Verilator shard 0/5-1             ]   | checking for z3... no
[rtl-full/Verilator shard 0/5-1             ]   | checking for cvc5... no
[rtl-full/Verilator shard 0/5-1             ]   | checking for cvc4... no
[rtl-full/Verilator shard 0/5-1             ]   | checking for SMT solver... no
[rtl-full/Verilator shard 0/5-1             ]   | compiler CXX inbound is set to... 
[rtl-full/Verilator shard 0/5-1             ]   | checking for gcc... gcc
[rtl-full/Verilator shard 3/5-4             ]   | checking whether g++ accepts -Wno-tautological-bitwise-compare... no
[rtl-full/Verilator shard 2/5-3             ]   | configuring for Verilator 5.050 2026-07-01
[rtl-full/Verilator shard 2/5-3             ]   | checking whether to perform partial static linking of Verilator binary... yes
[rtl-full/Verilator shard 2/5-3             ]   | checking whether to use AddressSanitizer... no
[rtl-full/Verilator shard 2/5-3             ]   | checking whether to use tcmalloc... check
[rtl-full/Verilator shard 2/5-3             ]   | checking whether to use jemalloc... check
[rtl-full/Verilator shard 2/5-3             ]   | checking whether to build for gcov code coverage collection... no
[rtl-full/Verilator shard 2/5-3             ]   | checking whether to use hardcoded paths... yes
[rtl-full/Verilator shard 2/5-3             ]   | checking whether to show and stop on compilation warnings... no
[rtl-full/Verilator shard 2/5-3             ]   | checking whether to run long tests... no
[rtl-full/Verilator shard 2/5-3             ]   | checking for z3... no
[rtl-full/Verilator shard 2/5-3             ]   | checking for cvc5... no
[rtl-full/Verilator shard 2/5-3             ]   | checking for cvc4... no
[rtl-full/Verilator shard 2/5-3             ]   | checking for SMT solver... no
[rtl-full/Verilator shard 2/5-3             ]   | compiler CXX inbound is set to... 
[rtl-full/Verilator shard 2/5-3             ]   | checking for gcc... gcc
[rtl-full/Verilator shard 1/5-2             ]   | checking whether g++ accepts -Wno-uninitialized... yes
[rtl-full/Verilator shard 0/5-1             ]   | checking whether the C compiler works... yes
[rtl-full/Verilator shard 0/5-1             ]   | checking for C compiler default output file name... a.out
[rtl-full/Verilator shard 3/5-4             ]   | checking whether g++ accepts -Wno-tautological-compare... yes
[rtl-full/Verilator shard 0/5-1             ]   | checking for suffix of executables... 
[rtl-full/Verilator shard 2/5-3             ]   | checking whether the C compiler works... yes
[rtl-full/Verilator shard 2/5-3             ]   | checking for C compiler default output file name... a.out
[rtl-full/Verilator shard 0/5-1             ]   | checking whether we are cross compiling... no
[rtl-full/Verilator shard 1/5-2             ]   | checking whether g++ accepts -Wno-unnecessary-virtual-specifier... no
[rtl-full/Verilator shard 0/5-1             ]   | checking for suffix of object files... o
[rtl-full/Verilator shard 2/5-3             ]   | checking for suffix of executables... 
[rtl-full/Verilator shard 3/5-4             ]   | checking whether g++ accepts -Wno-uninitialized... yes
[rtl-full/Verilator shard 0/5-1             ]   | checking whether the compiler supports GNU C... yes
[rtl-full/Verilator shard 0/5-1             ]   | checking whether gcc accepts -g... yes
[rtl-full/Verilator shard 2/5-3             ]   | checking whether we are cross compiling... no
[rtl-full/Verilator shard 2/5-3             ]   | checking for suffix of object files... o
[rtl-full/Verilator shard 0/5-1             ]   | checking for gcc option to enable C11 features... none needed
[rtl-full/Verilator shard 0/5-1             ]   | checking for g++... g++
[rtl-full/Verilator shard 2/5-3             ]   | checking whether the compiler supports GNU C... yes
[rtl-full/Verilator shard 1/5-2             ]   | checking whether g++ accepts -Wno-unused-but-set-parameter... yes
[rtl-full/Verilator shard 2/5-3             ]   | checking whether gcc accepts -g... yes
[rtl-full/Verilator shard 3/5-4             ]   | checking whether g++ accepts -Wno-unnecessary-virtual-specifier... no
[rtl-full/Verilator shard 0/5-1             ]   | checking whether the compiler supports GNU C++... yes
[rtl-full/Verilator shard 2/5-3             ]   | checking for gcc option to enable C11 features... none needed
[rtl-full/Verilator shard 2/5-3             ]   | checking for g++... g++
[rtl-full/Verilator shard 0/5-1             ]   | checking whether g++ accepts -g... yes
[rtl-full/Verilator shard 2/5-3             ]   | checking whether the compiler supports GNU C++... yes
[rtl-full/Verilator shard 1/5-2             ]   | checking whether g++ accepts -Wno-unused-but-set-variable... yes
[rtl-full/Verilator shard 0/5-1             ]   | checking for g++ option to enable C++11 features... none needed
[rtl-full/Verilator shard 3/5-4             ]   | checking whether g++ accepts -Wno-unused-but-set-parameter... yes
[rtl-full/Verilator shard 2/5-3             ]   | checking whether g++ accepts -g... yes
[rtl-full/Verilator shard 0/5-1             ]   | checking for a BSD-compatible install... /usr/bin/install -c
[rtl-full/Verilator shard 0/5-1             ]   | compiler version... g++ --version = g++ (Ubuntu 13.3.0-6ubuntu2~24.04.1) 13.3.0
[rtl-full/Verilator shard 2/5-3             ]   | checking for g++ option to enable C++11 features... none needed
[rtl-full/Verilator shard 0/5-1             ]   | checking that C++ compiler can compile simple program... yes
[rtl-full/Verilator shard 0/5-1             ]   | checking for ar... ar
[rtl-full/Verilator shard 0/5-1             ]   | checking for perl... perl
[rtl-full/Verilator shard 0/5-1             ]   | checking for python3... python3
[rtl-full/Verilator shard 0/5-1             ]   | python3 --version = Python 3.12.3
[rtl-full/Verilator shard 0/5-1             ]   | checking for flex... flex
[rtl-full/Verilator shard 2/5-3             ]   | checking for a BSD-compatible install... /usr/bin/install -c
[rtl-full/Verilator shard 0/5-1             ]   | flex --version = flex 2.6.4
[rtl-full/Verilator shard 0/5-1             ]   | checking for bison... bison
[rtl-full/Verilator shard 2/5-3             ]   | compiler version... g++ --version = g++ (Ubuntu 13.3.0-6ubuntu2~24.04.1) 13.3.0
[rtl-full/Verilator shard 0/5-1             ]   | bison --version = bison (GNU Bison) 3.8.2
[rtl-full/Verilator shard 0/5-1             ]   | checking for ccache... no
[rtl-full/Verilator shard 1/5-2             ]   | checking whether g++ accepts -Wno-unused-parameter... yes
[rtl-full/Verilator shard 3/5-4             ]   | checking whether g++ accepts -Wno-unused-but-set-variable... yes
[rtl-full/Verilator shard 0/5-1             ]   | checking for stdio.h... yes
[rtl-full/Verilator shard 2/5-3             ]   | checking that C++ compiler can compile simple program... yes
[rtl-full/Verilator shard 2/5-3             ]   | checking for ar... ar
[rtl-full/Verilator shard 2/5-3             ]   | checking for perl... perl
[rtl-full/Verilator shard 2/5-3             ]   | checking for python3... python3
[rtl-full/Verilator shard 0/5-1             ]   | checking for stdlib.h... yes
[rtl-full/Verilator shard 2/5-3             ]   | python3 --version = Python 3.12.3
[rtl-full/Verilator shard 2/5-3             ]   | checking for flex... flex
[rtl-full/Verilator shard 2/5-3             ]   | flex --version = flex 2.6.4
[rtl-full/Verilator shard 2/5-3             ]   | checking for bison... bison
[rtl-full/Verilator shard 2/5-3             ]   | bison --version = bison (GNU Bison) 3.8.2
[rtl-full/Verilator shard 2/5-3             ]   | checking for ccache... no
[rtl-full/Verilator shard 0/5-1             ]   | checking for string.h... yes
[rtl-full/Verilator shard 2/5-3             ]   | checking for stdio.h... yes
[rtl-full/Verilator shard 1/5-2             ]   | checking whether g++ accepts -Wno-unused-variable... yes
[rtl-full/Verilator shard 0/5-1             ]   | checking for inttypes.h... yes
[rtl-full/Verilator shard 2/5-3             ]   | checking for stdlib.h... yes
[rtl-full/Verilator shard 3/5-4             ]   | checking whether g++ accepts -Wno-unused-parameter... yes
[rtl-full/Verilator shard 0/5-1             ]   | checking for stdint.h... yes
[rtl-full/Verilator shard 2/5-3             ]   | checking for string.h... yes
[rtl-full/Verilator shard 0/5-1             ]   | checking for strings.h... yes
[rtl-full/Verilator shard 2/5-3             ]   | checking for inttypes.h... yes
[rtl-full/Verilator shard 1/5-2             ]   | checking whether g++ accepts -Wno-vla-cxx-extension... no
[rtl-full/Verilator shard 0/5-1             ]   | checking for sys/stat.h... yes
[rtl-full/Verilator shard 2/5-3             ]   | checking for stdint.h... yes
[rtl-full/Verilator shard 1/5-2             ]   | checking whether g++ linker accepts -mt... no
[rtl-full/Verilator shard 3/5-4             ]   | checking whether g++ accepts -Wno-unused-variable... yes
[rtl-full/Verilator shard 2/5-3             ]   | checking for strings.h... yes
[rtl-full/Verilator shard 0/5-1             ]   | checking for sys/types.h... yes
[rtl-full/Verilator shard 2/5-3             ]   | checking for sys/stat.h... yes
[rtl-full/Verilator shard 1/5-2             ]   | checking whether g++ linker accepts -pthread... yes
[rtl-full/Verilator shard 0/5-1             ]   | checking for unistd.h... yes
[rtl-full/Verilator shard 2/5-3             ]   | checking for sys/types.h... yes
[rtl-full/Verilator shard 1/5-2             ]   | checking whether g++ linker accepts -lpthread... yes
[rtl-full/Verilator shard 3/5-4             ]   | checking whether g++ accepts -Wno-vla-cxx-extension... no
[rtl-full/Verilator shard 2/5-3             ]   | checking for unistd.h... yes
[rtl-full/Verilator shard 3/5-4             ]   | checking whether g++ linker accepts -mt... no
[rtl-full/Verilator shard 0/5-1             ]   | checking for size_t... yes
[rtl-full/Verilator shard 0/5-1             ]   | checking for size_t... (cached) yes
[rtl-full/Verilator shard 1/5-2             ]   | checking whether g++ linker accepts -latomic... yes
[rtl-full/Verilator shard 0/5-1             ]   | checking for inline... inline
[rtl-full/Verilator shard 3/5-4             ]   | checking whether g++ linker accepts -pthread... yes
[rtl-full/Verilator shard 2/5-3             ]   | checking for size_t... yes
[rtl-full/Verilator shard 2/5-3             ]   | checking for size_t... (cached) yes
[rtl-full/Verilator shard 1/5-2             ]   | checking whether g++ linker accepts -rdynamic... yes
[rtl-full/Verilator shard 2/5-3             ]   | checking for inline... inline
[rtl-full/Verilator shard 3/5-4             ]   | checking whether g++ linker accepts -lpthread... yes
[rtl-full/Verilator shard 1/5-2             ]   | checking whether g++ linker accepts -ldl... yes
[rtl-full/Verilator shard 3/5-4             ]   | checking whether g++ linker accepts -latomic... yes
[rtl-full/Verilator shard 1/5-2             ]   | checking whether g++ linker accepts -fuse-ld=mold... no
[rtl-full/Verilator shard 1/5-2             ]   | checking whether g++ linker accepts -fuse-ld=mold... no
[rtl-full/Verilator shard 3/5-4             ]   | checking whether g++ linker accepts -rdynamic... yes
[rtl-full/Verilator shard 0/5-1             ]   | checking whether g++ accepts -pg... yes
[rtl-full/Verilator shard 1/5-2             ]   | checking whether g++ linker accepts -static-libgcc... yes
[rtl-full/Verilator shard 3/5-4             ]   | checking whether g++ linker accepts -ldl... yes
[rtl-full/Verilator shard 2/5-3             ]   | checking whether g++ accepts -pg... yes
[rtl-full/Verilator shard 3/5-4             ]   | checking whether g++ linker accepts -fuse-ld=mold... no
[rtl-full/Verilator shard 1/5-2             ]   | checking whether g++ linker accepts -static-libstdc++... yes
[rtl-full/Verilator shard 3/5-4             ]   | checking whether g++ linker accepts -fuse-ld=mold... no
[rtl-full/Verilator shard 0/5-1             ]   | checking whether g++ accepts -std=gnu++17... yes
[rtl-full/Verilator shard 1/5-2             ]   | checking whether g++ linker accepts -Xlinker -gc-sections... yes
[rtl-full/Verilator shard 3/5-4             ]   | checking whether g++ linker accepts -static-libgcc... yes
[rtl-full/Verilator shard 2/5-3             ]   | checking whether g++ accepts -std=gnu++17... yes
[rtl-full/Verilator shard 1/5-2             ]   | checking whether g++ linker accepts -lpthread... yes
[rtl-full/Verilator shard 3/5-4             ]   | checking whether g++ linker accepts -static-libstdc++... yes
[rtl-full/Verilator shard 0/5-1             ]   | checking whether g++ accepts -Wextra... yes
[rtl-full/Verilator shard 1/5-2             ]   | checking whether g++ linker accepts -latomic... yes
[rtl-full/Verilator shard 3/5-4             ]   | checking whether g++ linker accepts -Xlinker -gc-sections... yes
[rtl-full/Verilator shard 2/5-3             ]   | checking whether g++ accepts -Wextra... yes
[rtl-full/Verilator shard 1/5-2             ]   | checking whether g++ linker accepts -lbcrypt... no
[rtl-full/Verilator shard 0/5-1             ]   | checking whether g++ accepts -Wfloat-conversion... yes
[rtl-full/Verilator shard 3/5-4             ]   | checking whether g++ linker accepts -lpthread... yes
[rtl-full/Verilator shard 1/5-2             ]   | checking whether g++ linker accepts -lpsapi... no
[rtl-full/Verilator shard 3/5-4             ]   | checking whether g++ linker accepts -latomic... yes
[rtl-full/Verilator shard 2/5-3             ]   | checking whether g++ accepts -Wfloat-conversion... yes
[rtl-full/Verilator shard 1/5-2             ]   | checking whether g++ linker accepts -Xlinker --whole-archive -l:libjemalloc.a -Xlinker --no-whole-archive... no
[rtl-full/Verilator shard 0/5-1             ]   | checking whether g++ accepts -Wlogical-op... yes
[rtl-full/Verilator shard 3/5-4             ]   | checking whether g++ linker accepts -lbcrypt... no
[rtl-full/Verilator shard 1/5-2             ]   | checking whether g++ linker accepts -ljemalloc... no
[rtl-full/Verilator shard 0/5-1             ]   | checking whether g++ accepts -Wthread-safety... no
[rtl-full/Verilator shard 3/5-4             ]   | checking whether g++ linker accepts -lpsapi... no
[rtl-full/Verilator shard 2/5-3             ]   | checking whether g++ accepts -Wlogical-op... yes
[rtl-full/Verilator shard 1/5-2             ]   | checking whether g++ linker accepts -Xlinker --whole-archive -l:libtcmalloc_minimal.a -Xlinker --no-whole-archive... no
[rtl-full/Verilator shard 3/5-4             ]   | checking whether g++ linker accepts -Xlinker --whole-archive -l:libjemalloc.a -Xlinker --no-whole-archive... no
[rtl-full/Verilator shard 0/5-1             ]   | checking whether coroutines are supported by g++... no
[rtl-full/Verilator shard 2/5-3             ]   | checking whether g++ accepts -Wthread-safety... no
[rtl-full/Verilator shard 1/5-2             ]   | checking whether g++ linker accepts -ltcmalloc_minimal... no
[rtl-full/Verilator shard 0/5-1             ]   | checking whether coroutines are supported by g++ with -fcoroutines-ts... no
[rtl-full/Verilator shard 3/5-4             ]   | checking whether g++ linker accepts -ljemalloc... no
[rtl-full/Verilator shard 2/5-3             ]   | checking whether coroutines are supported by g++... no
[rtl-full/Verilator shard 3/5-4             ]   | checking whether g++ linker accepts -Xlinker --whole-archive -l:libtcmalloc_minimal.a -Xlinker --no-whole-archive... no
[rtl-full/Verilator shard 2/5-3             ]   | checking whether coroutines are supported by g++ with -fcoroutines-ts... no
[rtl-full/Verilator shard 0/5-1             ]   | checking whether coroutines are supported by g++ with -fcoroutines... yes
[rtl-full/Verilator shard 3/5-4             ]   | checking whether g++ linker accepts -ltcmalloc_minimal... no
[rtl-full/Verilator shard 0/5-1             ]   | checking whether g++ accepts -Qunused-arguments... no
[rtl-full/Verilator shard 1/5-2             ]   | checking whether g++ supports C++14... yes
[rtl-full/Verilator shard 1/5-2             ]   | checking for g++ precompile header include option... -include
[rtl-full/Verilator shard 2/5-3             ]   | checking whether coroutines are supported by g++ with -fcoroutines... yes
[rtl-full/Verilator shard 1/5-2             ]   | checking for struct stat.st_mtim.tv_nsec... yes
[rtl-full/Verilator shard 1/5-2             ]   | checking whether SystemC is found (in system path)... no
[rtl-full/Verilator shard 2/5-3             ]   | checking whether g++ accepts -Qunused-arguments... no
[rtl-full/Verilator shard 1/5-2             ]   | configure: creating ./config.status
[rtl-full/Verilator shard 0/5-1             ]   | checking whether g++ accepts -Wno-shadow... yes
[rtl-full/Verilator shard 3/5-4             ]   | checking whether g++ supports C++14... yes
[rtl-full/Verilator shard 3/5-4             ]   | checking for g++ precompile header include option... -include
[rtl-full/Verilator shard 3/5-4             ]   | checking for struct stat.st_mtim.tv_nsec... yes
[rtl-full/Verilator shard 3/5-4             ]   | checking whether SystemC is found (in system path)... no
[rtl-full/Verilator shard 2/5-3             ]   | checking whether g++ accepts -Wno-shadow... yes
[rtl-full/Verilator shard 3/5-4             ]   | configure: creating ./config.status
[rtl-full/Verilator shard 1/5-2             ]   | config.status: creating Makefile
[rtl-full/Verilator shard 0/5-1             ]   | checking whether g++ accepts -Wno-unnecessary-virtual-specifier... no
[rtl-full/Verilator shard 1/5-2             ]   | config.status: creating src/Makefile
[rtl-full/Verilator shard 1/5-2             ]   | config.status: creating src/Makefile_obj
[rtl-full/Verilator shard 1/5-2             ]   | config.status: creating include/verilated.mk
[rtl-full/Verilator shard 2/5-3             ]   | checking whether g++ accepts -Wno-unnecessary-virtual-specifier... no
[rtl-full/Verilator shard 1/5-2             ]   | config.status: creating include/verilated_config.h
[rtl-full/Verilator shard 3/5-4             ]   | config.status: creating Makefile
[rtl-full/Verilator shard 0/5-1             ]   | checking whether g++ accepts -Wno-unused-parameter... yes
[rtl-full/Verilator shard 1/5-2             ]   | config.status: creating verilator.pc
[rtl-full/Verilator shard 3/5-4             ]   | config.status: creating src/Makefile
[rtl-full/Verilator shard 1/5-2             ]   | config.status: creating verilator-config.cmake
[rtl-full/Verilator shard 3/5-4             ]   | config.status: creating src/Makefile_obj
[rtl-full/Verilator shard 1/5-2             ]   | config.status: creating verilator-config-version.cmake
[rtl-full/Verilator shard 2/5-3             ]   | checking whether g++ accepts -Wno-unused-parameter... yes
[rtl-full/Verilator shard 0/5-1             ]   | checking whether g++ accepts -Xclang -fno-pch-timestamp... no
[rtl-full/Verilator shard 1/5-2             ]   | config.status: creating src/config_package.h
[rtl-full/Verilator shard 3/5-4             ]   | config.status: creating include/verilated.mk
[rtl-full/Verilator shard 1/5-2             ]   | 
[rtl-full/Verilator shard 1/5-2             ]   | Now type 'make' (or sometimes 'gmake') to build Verilator.
[rtl-full/Verilator shard 1/5-2             ]   | 
[rtl-full/Verilator shard 3/5-4             ]   | config.status: creating include/verilated_config.h
[rtl-full/Verilator shard 2/5-3             ]   | checking whether g++ accepts -Xclang -fno-pch-timestamp... no
[rtl-full/Verilator shard 3/5-4             ]   | config.status: creating verilator.pc
[rtl-full/Verilator shard 1/5-2             ]   | ------------------------------------------------------------
[rtl-full/Verilator shard 1/5-2             ]   | pod2man bin/verilator verilator.1
[rtl-full/Verilator shard 1/5-2             ]   | making verilator in src
[rtl-full/Verilator shard 1/5-2             ]   | pod2man bin/verilator_coverage verilator_coverage.1
[rtl-full/Verilator shard 1/5-2             ]   | make -C src 
[rtl-full/Verilator shard 1/5-2             ]   | make[1]: Entering directory '/tmp/verilator-src/src'
[rtl-full/Verilator shard 1/5-2             ]   | mkdir -p obj_dbg
[rtl-full/Verilator shard 1/5-2             ]   | python3 ./config_rev . >config_rev.h
[rtl-full/Verilator shard 1/5-2             ]   | mkdir -p obj_opt
[rtl-full/Verilator shard 3/5-4             ]   | config.status: creating verilator-config.cmake
[rtl-full/Verilator shard 3/5-4             ]   | config.status: creating verilator-config-version.cmake
[rtl-full/Verilator shard 0/5-1             ]   | checking whether g++ accepts -faligned-new... yes
[rtl-full/Verilator shard 3/5-4             ]   | config.status: creating src/config_package.h
[rtl-full/Verilator shard 1/5-2             ]   | help2man --no-info --no-discard-stderr --version-string=- \
[rtl-full/Verilator shard 1/5-2             ]   | 	-n "Create Gantt chart of Verilator multi-threaded execution" bin/verilator_gantt -o verilator_gantt.1
[rtl-full/Verilator shard 3/5-4             ]   | 
[rtl-full/Verilator shard 3/5-4             ]   | Now type 'make' (or sometimes 'gmake') to build Verilator.
[rtl-full/Verilator shard 3/5-4             ]   | 
[rtl-full/Verilator shard 2/5-3             ]   | checking whether g++ accepts -faligned-new... yes
[rtl-full/Verilator shard 3/5-4             ]   | pod2man bin/verilator verilator.1
[rtl-full/Verilator shard 3/5-4             ]   | ------------------------------------------------------------
[rtl-full/Verilator shard 3/5-4             ]   | making verilator in src
[rtl-full/Verilator shard 3/5-4             ]   | pod2man bin/verilator_coverage verilator_coverage.1
[rtl-full/Verilator shard 3/5-4             ]   | make -C src 
[rtl-full/Verilator shard 3/5-4             ]   | make[1]: Entering directory '/tmp/verilator-src/src'
[rtl-full/Verilator shard 1/5-2             ]   | help2man --no-info --no-discard-stderr --version-string=- \
[rtl-full/Verilator shard 1/5-2             ]   | 	-n "Read gprof report created with Verilator --prof-cfuncs" bin/verilator_profcfunc -o verilator_profcfunc.1
[rtl-full/Verilator shard 3/5-4             ]   | mkdir -p obj_dbg
[rtl-full/Verilator shard 3/5-4             ]   | python3 ./config_rev . >config_rev.h
[rtl-full/Verilator shard 3/5-4             ]   | mkdir -p obj_opt
[rtl-full/Verilator shard 0/5-1             ]   | checking whether g++ accepts -fno-exceptions... yes
[rtl-full/Verilator shard 2/5-3             ]   | checking whether g++ accepts -fno-exceptions... yes
[rtl-full/Verilator shard 3/5-4             ]   | help2man --no-info --no-discard-stderr --version-string=- \
[rtl-full/Verilator shard 3/5-4             ]   | 	-n "Create Gantt chart of Verilator multi-threaded execution" bin/verilator_gantt -o verilator_gantt.1
[rtl-full/Verilator shard 1/5-2             ]   | config_rev using v5.050
[rtl-full/Verilator shard 3/5-4             ]   | help2man --no-info --no-discard-stderr --version-string=- \
[rtl-full/Verilator shard 3/5-4             ]   | 	-n "Read gprof report created with Verilator --prof-cfuncs" bin/verilator_profcfunc -o verilator_profcfunc.1
[rtl-full/Verilator shard 1/5-2             ]   | make -C obj_dbg -j 1  TGT=../../bin/verilator_bin_dbg VL_DEBUG=1 -f ../Makefile_obj serial
[rtl-full/Verilator shard 1/5-2             ]   | make[2]: Entering directory '/tmp/verilator-src/src'
[rtl-full/Verilator shard 1/5-2             ]   | make[2]: warning: -j1 forced in submake: resetting jobserver mode.
[rtl-full/Verilator shard 1/5-2             ]   | make -C obj_dbg       TGT=../../bin/verilator_coverage_bin_dbg VL_DEBUG=1 VL_VLCOV=1 -f ../Makefile_obj serial_vlcov
[rtl-full/Verilator shard 1/5-2             ]   | make -C obj_opt -j 1  TGT=../../bin/verilator_bin -f ../Makefile_obj serial
[rtl-full/Verilator shard 1/5-2             ]   | python3 ../astgen -I .. --astdef V3AstNodeDType.h --astdef V3AstNodeExpr.h --astdef V3AstNodeOther.h --astdef V3AstNodeStmt.h --dfgdef V3DfgVertices.h --classes
[rtl-full/Verilator shard 1/5-2             ]   | make[2]: Entering directory '/tmp/verilator-src/src'
[rtl-full/Verilator shard 1/5-2             ]   | make[2]: warning: -j1 forced in submake: resetting jobserver mode.
[rtl-full/Verilator shard 1/5-2             ]   | make[2]: Entering directory '/tmp/verilator-src/src/obj_dbg'
[rtl-full/Verilator shard 1/5-2             ]   | python3 ../vlcovgen --srcdir ..
[rtl-full/Verilator shard 1/5-2             ]   | python3 ../astgen -I .. --astdef V3AstNodeDType.h --astdef V3AstNodeExpr.h --astdef V3AstNodeOther.h --astdef V3AstNodeStmt.h --dfgdef V3DfgVertices.h --classes
[rtl-full/Verilator shard 0/5-1             ]   | checking whether g++ accepts -Wno-char-subscripts... yes
[rtl-full/Verilator shard 2/5-3             ]   | checking whether g++ accepts -Wno-char-subscripts... yes
[rtl-full/Verilator shard 1/5-2             ]   | touch vlcovgen.d
[rtl-full/Verilator shard 1/5-2             ]   | make[2]: Leaving directory '/tmp/verilator-src/src/obj_dbg'
[rtl-full/Verilator shard 1/5-2             ]   | make -C obj_dbg       TGT=../../bin/verilator_coverage_bin_dbg VL_DEBUG=1 VL_VLCOV=1 -f ../Makefile_obj
[rtl-full/Verilator shard 1/5-2             ]   | make[2]: Entering directory '/tmp/verilator-src/src/obj_dbg'
[rtl-full/Verilator shard 1/5-2             ]   | g++   -Og -ggdb -gz -DVL_DEBUG -D_GLIBCXX_DEBUG -DVERILATOR_INTERNAL_ -MMD -I. -I.. -I.. -I../../include -I../../include -MP  -Wno-shadow -Wno-unused-parameter -faligned-new -fno-exceptions -DDEFENV_SYSTEMC=\"\" -DDEFENV_SYSTEMC_ARCH=\"\" -DDEFENV_SYSTEMC_INCLUDE=\"\" -DDEFENV_SYSTEMC_LIBDIR=\"\" -DDEFENV_VERILATOR_ROOT=\"/opt/verilator/share/verilator\" -c ../VlcMain.cpp -o VlcMain.o
[rtl-full/Verilator shard 1/5-2             ]   |       Compile flags:  g++ -Og -ggdb -gz -DVL_DEBUG -D_GLIBCXX_DEBUG -DVERILATOR_INTERNAL_ -MMD -I. -I.. -I.. -I../../include -I../../include -MP -Wno-shadow -Wno-unused-parameter -faligned-new -fno-exceptions -DDEFENV_SYSTEMC="" -DDEFENV_SYSTEMC_ARCH="" -DDEFENV_SYSTEMC_INCLUDE="" -DDEFENV_SYSTEMC_LIBDIR="" -DDEFENV_VERILATOR_ROOT="/opt/verilator/share/verilator"
[rtl-full/Verilator shard 0/5-1             ]   | checking whether g++ accepts -Wno-null-conversion... no
[rtl-full/Verilator shard 2/5-3             ]   | checking whether g++ accepts -Wno-null-conversion... no
[rtl-full/Verilator shard 3/5-4             ]   | config_rev using v5.050
[rtl-full/Verilator shard 3/5-4             ]   | make -C obj_dbg -j 1  TGT=../../bin/verilator_bin_dbg VL_DEBUG=1 -f ../Makefile_obj serial
[rtl-full/Verilator shard 3/5-4             ]   | make -C obj_dbg       TGT=../../bin/verilator_coverage_bin_dbg VL_DEBUG=1 VL_VLCOV=1 -f ../Makefile_obj serial_vlcov
[rtl-full/Verilator shard 3/5-4             ]   | make[2]: Entering directory '/tmp/verilator-src/src'
[rtl-full/Verilator shard 3/5-4             ]   | make[2]: warning: -j1 forced in submake: resetting jobserver mode.
[rtl-full/Verilator shard 3/5-4             ]   | make -C obj_opt -j 1  TGT=../../bin/verilator_bin -f ../Makefile_obj serial
[rtl-full/Verilator shard 3/5-4             ]   | python3 ../astgen -I .. --astdef V3AstNodeDType.h --astdef V3AstNodeExpr.h --astdef V3AstNodeOther.h --astdef V3AstNodeStmt.h --dfgdef V3DfgVertices.h --classes
[rtl-full/Verilator shard 3/5-4             ]   | make[2]: warning: -j1 forced in submake: resetting jobserver mode.
[rtl-full/Verilator shard 3/5-4             ]   | make[2]: Entering directory '/tmp/verilator-src/src'
[rtl-full/Verilator shard 3/5-4             ]   | make[2]: Entering directory '/tmp/verilator-src/src/obj_dbg'
[rtl-full/Verilator shard 3/5-4             ]   | python3 ../vlcovgen --srcdir ..
[rtl-full/Verilator shard 3/5-4             ]   | python3 ../astgen -I .. --astdef V3AstNodeDType.h --astdef V3AstNodeExpr.h --astdef V3AstNodeOther.h --astdef V3AstNodeStmt.h --dfgdef V3DfgVertices.h --classes
[rtl-full/Verilator shard 0/5-1             ]   | checking whether g++ accepts -Wno-parentheses-equality... no
[rtl-full/Verilator shard 3/5-4             ]   | touch vlcovgen.d
[rtl-full/Verilator shard 3/5-4             ]   | make[2]: Leaving directory '/tmp/verilator-src/src/obj_dbg'
[rtl-full/Verilator shard 3/5-4             ]   | make -C obj_dbg       TGT=../../bin/verilator_coverage_bin_dbg VL_DEBUG=1 VL_VLCOV=1 -f ../Makefile_obj
[rtl-full/Verilator shard 3/5-4             ]   | make[2]: Entering directory '/tmp/verilator-src/src/obj_dbg'
[rtl-full/Verilator shard 3/5-4             ]   |       Compile flags:  g++ -Og -ggdb -gz -DVL_DEBUG -D_GLIBCXX_DEBUG -DVERILATOR_INTERNAL_ -MMD -I. -I.. -I.. -I../../include -I../../include -MP -Wno-shadow -Wno-unused-parameter -faligned-new -fno-exceptions -DDEFENV_SYSTEMC="" -DDEFENV_SYSTEMC_ARCH="" -DDEFENV_SYSTEMC_INCLUDE="" -DDEFENV_SYSTEMC_LIBDIR="" -DDEFENV_VERILATOR_ROOT="/opt/verilator/share/verilator"
[rtl-full/Verilator shard 3/5-4             ]   | g++   -Og -ggdb -gz -DVL_DEBUG -D_GLIBCXX_DEBUG -DVERILATOR_INTERNAL_ -MMD -I. -I.. -I.. -I../../include -I../../include -MP  -Wno-shadow -Wno-unused-parameter -faligned-new -fno-exceptions -DDEFENV_SYSTEMC=\"\" -DDEFENV_SYSTEMC_ARCH=\"\" -DDEFENV_SYSTEMC_INCLUDE=\"\" -DDEFENV_SYSTEMC_LIBDIR=\"\" -DDEFENV_VERILATOR_ROOT=\"/opt/verilator/share/verilator\" -c ../VlcMain.cpp -o VlcMain.o
[rtl-full/Verilator shard 2/5-3             ]   | checking whether g++ accepts -Wno-parentheses-equality... no
[rtl-full/Verilator shard 0/5-1             ]   | checking whether g++ accepts -Wno-unused... yes
[rtl-full/Verilator shard 2/5-3             ]   | checking whether g++ accepts -Wno-unused... yes
[rtl-full/Verilator shard 0/5-1             ]   | checking whether g++ accepts -Og... yes
[rtl-full/Verilator shard 2/5-3             ]   | checking whether g++ accepts -Og... yes
[rtl-full/Verilator shard 0/5-1             ]   | checking whether g++ accepts -ggdb... yes
[rtl-full/Verilator shard 2/5-3             ]   | checking whether g++ accepts -ggdb... yes
[rtl-full/Verilator shard 0/5-1             ]   | checking whether g++ accepts -gz... yes
[rtl-full/Verilator shard 2/5-3             ]   | checking whether g++ accepts -gz... yes
[rtl-full/Verilator shard 0/5-1             ]   | checking whether g++ linker accepts -gz... yes
[rtl-full/Verilator shard 2/5-3             ]   | checking whether g++ linker accepts -gz... yes
[rtl-full/Verilator shard 0/5-1             ]   | checking whether g++ accepts -O3... yes
[rtl-full/Verilator shard 2/5-3             ]   | checking whether g++ accepts -O3... yes
[rtl-full/Verilator shard 2/5-3             ]   | checking whether g++ accepts -faligned-new... yes
[rtl-full/Verilator shard 0/5-1             ]   | checking whether g++ accepts -faligned-new... yes
[rtl-full/Verilator shard 1/5-2             ]   | If you get errors from verilog.y below, try upgrading bison to version 1.875 or newer.
[rtl-full/Verilator shard 1/5-2             ]   | python3 ../bisonpre --yacc bison -d -v -o V3ParseBison.c  ../verilog.y
[rtl-full/Verilator shard 2/5-3             ]   | checking whether g++ accepts -fbracket-depth=4096... no
[rtl-full/Verilator shard 0/5-1             ]   | checking whether g++ accepts -fbracket-depth=4096... no
[rtl-full/Verilator shard 2/5-3             ]   | checking whether g++ accepts -fcf-protection=none... yes
[rtl-full/Verilator shard 0/5-1             ]   | checking whether g++ accepts -fcf-protection=none... yes
[rtl-full/Verilator shard 1/5-2             ]   |   edit ../verilog.y V3ParseBison_pretmp.y
[rtl-full/Verilator shard 1/5-2             ]   | Executing: bison -d -v --report=itemset --report=lookahead -b V3ParseBison_pretmp -o V3ParseBison_pretmp.c V3ParseBison_pretmp.y
[rtl-full/Verilator shard 2/5-3             ]   | checking whether g++ accepts -Xclang -fno-pch-timestamp... no
[rtl-full/Verilator shard 0/5-1             ]   | checking whether g++ accepts -Xclang -fno-pch-timestamp... no
[rtl-full/Verilator shard 2/5-3             ]   | checking whether g++ accepts -mno-cet... no
[rtl-full/Verilator shard 0/5-1             ]   | checking whether g++ accepts -mno-cet... no
[rtl-full/Verilator shard 2/5-3             ]   | checking whether g++ accepts -Qunused-arguments... no
[rtl-full/Verilator shard 0/5-1             ]   | checking whether g++ accepts -Qunused-arguments... no
[rtl-full/Verilator shard 1/5-2             ]   | If you get errors from verilog.y below, try upgrading bison to version 1.875 or newer.
[rtl-full/Verilator shard 1/5-2             ]   | python3 ../bisonpre --yacc bison -d -v -o V3ParseBison.c  ../verilog.y
[rtl-full/Verilator shard 2/5-3             ]   | checking whether g++ accepts -Wno-bool-operation... yes
[rtl-full/Verilator shard 0/5-1             ]   | checking whether g++ accepts -Wno-bool-operation... yes
[rtl-full/Verilator shard 3/5-4             ]   | If you get errors from verilog.y below, try upgrading bison to version 1.875 or newer.
[rtl-full/Verilator shard 3/5-4             ]   | python3 ../bisonpre --yacc bison -d -v -o V3ParseBison.c  ../verilog.y
[rtl-full/Verilator shard 3/5-4             ]   | If you get errors from verilog.y below, try upgrading bison to version 1.875 or newer.
[rtl-full/Verilator shard 3/5-4             ]   | python3 ../bisonpre --yacc bison -d -v -o V3ParseBison.c  ../verilog.y
[rtl-full/Verilator shard 1/5-2             ]   |   edit ../verilog.y V3ParseBison_pretmp.y
[rtl-full/Verilator shard 1/5-2             ]   | Executing: bison -d -v --report=itemset --report=lookahead -b V3ParseBison_pretmp -o V3ParseBison_pretmp.c V3ParseBison_pretmp.y
[rtl-full/Verilator shard 2/5-3             ]   | checking whether g++ accepts -Wno-c++11-narrowing... no
[rtl-full/Verilator shard 0/5-1             ]   | checking whether g++ accepts -Wno-c++11-narrowing... no
[rtl-full/Verilator shard 3/5-4             ]   |   edit ../verilog.y V3ParseBison_pretmp.y
[rtl-full/Verilator shard 3/5-4             ]   | Executing: bison -d -v --report=itemset --report=lookahead -b V3ParseBison_pretmp -o V3ParseBison_pretmp.c V3ParseBison_pretmp.y
[rtl-full/Verilator shard 3/5-4             ]   |   edit ../verilog.y V3ParseBison_pretmp.y
[rtl-full/Verilator shard 3/5-4             ]   | Executing: bison -d -v --report=itemset --report=lookahead -b V3ParseBison_pretmp -o V3ParseBison_pretmp.c V3ParseBison_pretmp.y
[rtl-full/Verilator shard 2/5-3             ]   | checking whether g++ accepts -Wno-constant-logical-operand... no
[rtl-full/Verilator shard 0/5-1             ]   | checking whether g++ accepts -Wno-constant-logical-operand... no
[rtl-full/Verilator shard 2/5-3             ]   | checking whether g++ accepts -Wno-int-in-bool-context... yes
[rtl-full/Verilator shard 0/5-1             ]   | checking whether g++ accepts -Wno-int-in-bool-context... yes
[rtl-full/Verilator shard 2/5-3             ]   | checking whether g++ accepts -Wno-non-pod-varargs... no
[rtl-full/Verilator shard 0/5-1             ]   | checking whether g++ accepts -Wno-non-pod-varargs... no
[rtl-full/Verilator shard 2/5-3             ]   | checking whether g++ accepts -Wno-parentheses-equality... no
[rtl-full/Verilator shard 0/5-1             ]   | checking whether g++ accepts -Wno-parentheses-equality... no
[rtl-full/Verilator shard 2/5-3             ]   | checking whether g++ accepts -Wno-shadow... yes
[rtl-full/Verilator shard 0/5-1             ]   | checking whether g++ accepts -Wno-shadow... yes
[rtl-full/Verilator shard 2/5-3             ]   | checking whether g++ accepts -Wno-sign-compare... yes
[rtl-full/Verilator shard 2/5-3             ]   | checking whether g++ accepts -Wno-subobject-linkage... yes
[rtl-full/Verilator shard 0/5-1             ]   | checking whether g++ accepts -Wno-sign-compare... yes
[rtl-full/Verilator shard 2/5-3             ]   | checking whether g++ accepts -Wno-tautological-bitwise-compare... no
[rtl-full/Verilator shard 0/5-1             ]   | checking whether g++ accepts -Wno-subobject-linkage... yes
[rtl-full/Verilator shard 2/5-3             ]   | checking whether g++ accepts -Wno-tautological-compare... yes
[rtl-full/Verilator shard 0/5-1             ]   | checking whether g++ accepts -Wno-tautological-bitwise-compare... no
[rtl-full/Verilator shard 0/5-1             ]   | checking whether g++ accepts -Wno-tautological-compare... yes
[rtl-full/Verilator shard 2/5-3             ]   | checking whether g++ accepts -Wno-uninitialized... yes
[rtl-full/Verilator shard 0/5-1             ]   | checking whether g++ accepts -Wno-uninitialized... yes
[rtl-full/Verilator shard 2/5-3             ]   | checking whether g++ accepts -Wno-unnecessary-virtual-specifier... no
[rtl-full/Verilator shard 0/5-1             ]   | checking whether g++ accepts -Wno-unnecessary-virtual-specifier... no
[rtl-full/Verilator shard 2/5-3             ]   | checking whether g++ accepts -Wno-unused-but-set-parameter... yes
[rtl-full/Verilator shard 0/5-1             ]   | checking whether g++ accepts -Wno-unused-but-set-parameter... yes
[rtl-full/Verilator shard 2/5-3             ]   | checking whether g++ accepts -Wno-unused-but-set-variable... yes
[rtl-full/Verilator shard 0/5-1             ]   | checking whether g++ accepts -Wno-unused-but-set-variable... yes
[rtl-full/Verilator shard 2/5-3             ]   | checking whether g++ accepts -Wno-unused-parameter... yes
[rtl-full/Verilator shard 0/5-1             ]   | checking whether g++ accepts -Wno-unused-parameter... yes
[rtl-full/Verilator shard 2/5-3             ]   | checking whether g++ accepts -Wno-unused-variable... yes
[rtl-full/Verilator shard 0/5-1             ]   | checking whether g++ accepts -Wno-unused-variable... yes
[rtl-full/Verilator shard 2/5-3             ]   | checking whether g++ accepts -Wno-vla-cxx-extension... no
[rtl-full/Verilator shard 0/5-1             ]   | checking whether g++ accepts -Wno-vla-cxx-extension... no
[rtl-full/Verilator shard 2/5-3             ]   | checking whether g++ linker accepts -mt... no
[rtl-full/Verilator shard 0/5-1             ]   | checking whether g++ linker accepts -mt... no
[rtl-full/Verilator shard 2/5-3             ]   | checking whether g++ linker accepts -pthread... yes
[rtl-full/Verilator shard 0/5-1             ]   | checking whether g++ linker accepts -pthread... yes
[rtl-full/Verilator shard 2/5-3             ]   | checking whether g++ linker accepts -lpthread... yes
[rtl-full/Verilator shard 0/5-1             ]   | checking whether g++ linker accepts -lpthread... yes
[rtl-full/Verilator shard 0/5-1             ]   | checking whether g++ linker accepts -latomic... yes
[rtl-full/Verilator shard 2/5-3             ]   | checking whether g++ linker accepts -latomic... yes
[rtl-full/Verilator shard 0/5-1             ]   | checking whether g++ linker accepts -rdynamic... yes
[rtl-full/Verilator shard 0/5-1             ]   | checking whether g++ linker accepts -ldl... yes
[rtl-full/Verilator shard 2/5-3             ]   | checking whether g++ linker accepts -rdynamic... yes
[rtl-full/Verilator shard 0/5-1             ]   | checking whether g++ linker accepts -fuse-ld=mold... no
[rtl-full/Verilator shard 2/5-3             ]   | checking whether g++ linker accepts -ldl... yes
[rtl-full/Verilator shard 0/5-1             ]   | checking whether g++ linker accepts -fuse-ld=mold... no
[rtl-full/Verilator shard 2/5-3             ]   | checking whether g++ linker accepts -fuse-ld=mold... no
[rtl-full/Verilator shard 2/5-3             ]   | checking whether g++ linker accepts -fuse-ld=mold... no
[rtl-full/Verilator shard 0/5-1             ]   | checking whether g++ linker accepts -static-libgcc... yes
[rtl-full/Verilator shard 0/5-1             ]   | checking whether g++ linker accepts -static-libstdc++... yes
[rtl-full/Verilator shard 2/5-3             ]   | checking whether g++ linker accepts -static-libgcc... yes
[rtl-full/Verilator shard 2/5-3             ]   | checking whether g++ linker accepts -static-libstdc++... yes
[rtl-full/Verilator shard 0/5-1             ]   | checking whether g++ linker accepts -Xlinker -gc-sections... yes
[rtl-full/Verilator shard 2/5-3             ]   | checking whether g++ linker accepts -Xlinker -gc-sections... yes
[rtl-full/Verilator shard 0/5-1             ]   | checking whether g++ linker accepts -lpthread... yes
[rtl-full/Verilator shard 2/5-3             ]   | checking whether g++ linker accepts -lpthread... yes
[rtl-full/Verilator shard 0/5-1             ]   | checking whether g++ linker accepts -latomic... yes
[rtl-full/Verilator shard 2/5-3             ]   | checking whether g++ linker accepts -latomic... yes
[rtl-full/Verilator shard 0/5-1             ]   | checking whether g++ linker accepts -lbcrypt... no
[rtl-full/Verilator shard 2/5-3             ]   | checking whether g++ linker accepts -lbcrypt... no
[rtl-full/Verilator shard 0/5-1             ]   | checking whether g++ linker accepts -lpsapi... no
[rtl-full/Verilator shard 0/5-1             ]   | checking whether g++ linker accepts -Xlinker --whole-archive -l:libjemalloc.a -Xlinker --no-whole-archive... no
[rtl-full/Verilator shard 2/5-3             ]   | checking whether g++ linker accepts -lpsapi... no
[rtl-full/Verilator shard 0/5-1             ]   | checking whether g++ linker accepts -ljemalloc... no
[rtl-full/Verilator shard 2/5-3             ]   | checking whether g++ linker accepts -Xlinker --whole-archive -l:libjemalloc.a -Xlinker --no-whole-archive... no
[rtl-full/Verilator shard 2/5-3             ]   | checking whether g++ linker accepts -ljemalloc... no
[rtl-full/Verilator shard 0/5-1             ]   | checking whether g++ linker accepts -Xlinker --whole-archive -l:libtcmalloc_minimal.a -Xlinker --no-whole-archive... no
[rtl-full/Verilator shard 0/5-1             ]   | checking whether g++ linker accepts -ltcmalloc_minimal... no
[rtl-full/Verilator shard 2/5-3             ]   | checking whether g++ linker accepts -Xlinker --whole-archive -l:libtcmalloc_minimal.a -Xlinker --no-whole-archive... no
[rtl-full/Verilator shard 2/5-3             ]   | checking whether g++ linker accepts -ltcmalloc_minimal... no
[rtl-full/Verilator shard 2/5-3             ]   | checking whether g++ supports C++14... yes
[rtl-full/Verilator shard 2/5-3             ]   | checking for g++ precompile header include option... -include
[rtl-full/Verilator shard 0/5-1             ]   | checking whether g++ supports C++14... yes
[rtl-full/Verilator shard 0/5-1             ]   | checking for g++ precompile header include option... -include
[rtl-full/Verilator shard 2/5-3             ]   | checking for struct stat.st_mtim.tv_nsec... yes
[rtl-full/Verilator shard 0/5-1             ]   | checking for struct stat.st_mtim.tv_nsec... yes
[rtl-full/Verilator shard 2/5-3             ]   | checking whether SystemC is found (in system path)... no
[rtl-full/Verilator shard 2/5-3             ]   | configure: creating ./config.status
[rtl-full/Verilator shard 0/5-1             ]   | checking whether SystemC is found (in system path)... no
[rtl-full/Verilator shard 0/5-1             ]   | configure: creating ./config.status
[rtl-full/Verilator shard 2/5-3             ]   | config.status: creating Makefile
[rtl-full/Verilator shard 2/5-3             ]   | config.status: creating src/Makefile
[rtl-full/Verilator shard 0/5-1             ]   | config.status: creating Makefile
[rtl-full/Verilator shard 2/5-3             ]   | config.status: creating src/Makefile_obj
[rtl-full/Verilator shard 0/5-1             ]   | config.status: creating src/Makefile
[rtl-full/Verilator shard 2/5-3             ]   | config.status: creating include/verilated.mk
[rtl-full/Verilator shard 0/5-1             ]   | config.status: creating src/Makefile_obj
[rtl-full/Verilator shard 2/5-3             ]   | config.status: creating include/verilated_config.h
[rtl-full/Verilator shard 0/5-1             ]   | config.status: creating include/verilated.mk
[rtl-full/Verilator shard 2/5-3             ]   | config.status: creating verilator.pc
[rtl-full/Verilator shard 0/5-1             ]   | config.status: creating include/verilated_config.h
[rtl-full/Verilator shard 2/5-3             ]   | config.status: creating verilator-config.cmake
[rtl-full/Verilator shard 0/5-1             ]   | config.status: creating verilator.pc
[rtl-full/Verilator shard 0/5-1             ]   | config.status: creating verilator-config.cmake
[rtl-full/Verilator shard 2/5-3             ]   | config.status: creating verilator-config-version.cmake
[rtl-full/Verilator shard 0/5-1             ]   | config.status: creating verilator-config-version.cmake
[rtl-full/Verilator shard 2/5-3             ]   | config.status: creating src/config_package.h
[rtl-full/Verilator shard 0/5-1             ]   | config.status: creating src/config_package.h
[rtl-full/Verilator shard 2/5-3             ]   | 
[rtl-full/Verilator shard 2/5-3             ]   | Now type 'make' (or sometimes 'gmake') to build Verilator.
[rtl-full/Verilator shard 2/5-3             ]   | 
[rtl-full/Verilator shard 0/5-1             ]   | 
[rtl-full/Verilator shard 0/5-1             ]   | Now type 'make' (or sometimes 'gmake') to build Verilator.
[rtl-full/Verilator shard 0/5-1             ]   | 
[rtl-full/Verilator shard 2/5-3             ]   | ------------------------------------------------------------
[rtl-full/Verilator shard 2/5-3             ]   | making verilator in src
[rtl-full/Verilator shard 2/5-3             ]   | pod2man bin/verilator verilator.1
[rtl-full/Verilator shard 2/5-3             ]   | make -C src 
[rtl-full/Verilator shard 2/5-3             ]   | pod2man bin/verilator_coverage verilator_coverage.1
[rtl-full/Verilator shard 2/5-3             ]   | make[1]: Entering directory '/tmp/verilator-src/src'
[rtl-full/Verilator shard 0/5-1             ]   | pod2man bin/verilator verilator.1
[rtl-full/Verilator shard 0/5-1             ]   | pod2man bin/verilator_coverage verilator_coverage.1
[rtl-full/Verilator shard 0/5-1             ]   | ------------------------------------------------------------
[rtl-full/Verilator shard 2/5-3             ]   | mkdir -p obj_dbg
[rtl-full/Verilator shard 2/5-3             ]   | python3 ./config_rev . >config_rev.h
[rtl-full/Verilator shard 2/5-3             ]   | mkdir -p obj_opt
[rtl-full/Verilator shard 0/5-1             ]   | making verilator in src
[rtl-full/Verilator shard 0/5-1             ]   | help2man --no-info --no-discard-stderr --version-string=- \
[rtl-full/Verilator shard 0/5-1             ]   | 	-n "Create Gantt chart of Verilator multi-threaded execution" bin/verilator_gantt -o verilator_gantt.1
[rtl-full/Verilator shard 2/5-3             ]   | help2man --no-info --no-discard-stderr --version-string=- \
[rtl-full/Verilator shard 2/5-3             ]   | 	-n "Create Gantt chart of Verilator multi-threaded execution" bin/verilator_gantt -o verilator_gantt.1
[rtl-full/Verilator shard 0/5-1             ]   | make -C src 
[rtl-full/Verilator shard 0/5-1             ]   | make[1]: Entering directory '/tmp/verilator-src/src'
[rtl-full/Verilator shard 0/5-1             ]   | help2man --no-info --no-discard-stderr --version-string=- \
[rtl-full/Verilator shard 0/5-1             ]   | 	-n "Read gprof report created with Verilator --prof-cfuncs" bin/verilator_profcfunc -o verilator_profcfunc.1
[rtl-full/Verilator shard 0/5-1             ]   | mkdir -p obj_dbg
[rtl-full/Verilator shard 0/5-1             ]   | python3 ./config_rev . >config_rev.h
[rtl-full/Verilator shard 0/5-1             ]   | mkdir -p obj_opt
[rtl-full/Verilator shard 2/5-3             ]   | help2man --no-info --no-discard-stderr --version-string=- \
[rtl-full/Verilator shard 2/5-3             ]   | 	-n "Read gprof report created with Verilator --prof-cfuncs" bin/verilator_profcfunc -o verilator_profcfunc.1
[rtl-full/Verilator shard 2/5-3             ]   | config_rev using v5.050
[rtl-full/Verilator shard 2/5-3             ]   | make -C obj_dbg -j 1  TGT=../../bin/verilator_bin_dbg VL_DEBUG=1 -f ../Makefile_obj serial
[rtl-full/Verilator shard 2/5-3             ]   | make -C obj_dbg       TGT=../../bin/verilator_coverage_bin_dbg VL_DEBUG=1 VL_VLCOV=1 -f ../Makefile_obj serial_vlcov
[rtl-full/Verilator shard 2/5-3             ]   | make -C obj_opt -j 1  TGT=../../bin/verilator_bin -f ../Makefile_obj serial
[rtl-full/Verilator shard 2/5-3             ]   | make[2]: Entering directory '/tmp/verilator-src/src'
[rtl-full/Verilator shard 2/5-3             ]   | make[2]: warning: -j1 forced in submake: resetting jobserver mode.
[rtl-full/Verilator shard 2/5-3             ]   | make[2]: warning: -j1 forced in submake: resetting jobserver mode.
[rtl-full/Verilator shard 2/5-3             ]   | make[2]: Entering directory '/tmp/verilator-src/src'
[rtl-full/Verilator shard 2/5-3             ]   | python3 ../astgen -I .. --astdef V3AstNodeDType.h --astdef V3AstNodeExpr.h --astdef V3AstNodeOther.h --astdef V3AstNodeStmt.h --dfgdef V3DfgVertices.h --classes
[rtl-full/Verilator shard 2/5-3             ]   | make[2]: Entering directory '/tmp/verilator-src/src/obj_dbg'
[rtl-full/Verilator shard 2/5-3             ]   | python3 ../vlcovgen --srcdir ..
[rtl-full/Verilator shard 2/5-3             ]   | python3 ../astgen -I .. --astdef V3AstNodeDType.h --astdef V3AstNodeExpr.h --astdef V3AstNodeOther.h --astdef V3AstNodeStmt.h --dfgdef V3DfgVertices.h --classes
[rtl-full/Verilator shard 2/5-3             ]   | touch vlcovgen.d
[rtl-full/Verilator shard 2/5-3             ]   | make[2]: Leaving directory '/tmp/verilator-src/src/obj_dbg'
[rtl-full/Verilator shard 2/5-3             ]   | make -C obj_dbg       TGT=../../bin/verilator_coverage_bin_dbg VL_DEBUG=1 VL_VLCOV=1 -f ../Makefile_obj
[rtl-full/Verilator shard 2/5-3             ]   | make[2]: Entering directory '/tmp/verilator-src/src/obj_dbg'
[rtl-full/Verilator shard 2/5-3             ]   |       Compile flags:  g++ -Og -ggdb -gz -DVL_DEBUG -D_GLIBCXX_DEBUG -DVERILATOR_INTERNAL_ -MMD -I. -I.. -I.. -I../../include -I../../include -MP -Wno-shadow -Wno-unused-parameter -faligned-new -fno-exceptions -DDEFENV_SYSTEMC="" -DDEFENV_SYSTEMC_ARCH="" -DDEFENV_SYSTEMC_INCLUDE="" -DDEFENV_SYSTEMC_LIBDIR="" -DDEFENV_VERILATOR_ROOT="/opt/verilator/share/verilator"
[rtl-full/Verilator shard 2/5-3             ]   | g++   -Og -ggdb -gz -DVL_DEBUG -D_GLIBCXX_DEBUG -DVERILATOR_INTERNAL_ -MMD -I. -I.. -I.. -I../../include -I../../include -MP  -Wno-shadow -Wno-unused-parameter -faligned-new -fno-exceptions -DDEFENV_SYSTEMC=\"\" -DDEFENV_SYSTEMC_ARCH=\"\" -DDEFENV_SYSTEMC_INCLUDE=\"\" -DDEFENV_SYSTEMC_LIBDIR=\"\" -DDEFENV_VERILATOR_ROOT=\"/opt/verilator/share/verilator\" -c ../VlcMain.cpp -o VlcMain.o
[rtl-full/Verilator shard 0/5-1             ]   | config_rev using v5.050
[rtl-full/Verilator shard 0/5-1             ]   | make -C obj_dbg -j 1  TGT=../../bin/verilator_bin_dbg VL_DEBUG=1 -f ../Makefile_obj serial
[rtl-full/Verilator shard 0/5-1             ]   | make -C obj_dbg       TGT=../../bin/verilator_coverage_bin_dbg VL_DEBUG=1 VL_VLCOV=1 -f ../Makefile_obj serial_vlcov
[rtl-full/Verilator shard 0/5-1             ]   | make -C obj_opt -j 1  TGT=../../bin/verilator_bin -f ../Makefile_obj serial
[rtl-full/Verilator shard 0/5-1             ]   | make[2]: Entering directory '/tmp/verilator-src/src'
[rtl-full/Verilator shard 0/5-1             ]   | make[2]: warning: -j1 forced in submake: resetting jobserver mode.
[rtl-full/Verilator shard 0/5-1             ]   | make[2]: warning: -j1 forced in submake: resetting jobserver mode.
[rtl-full/Verilator shard 0/5-1             ]   | make[2]: Entering directory '/tmp/verilator-src/src'
[rtl-full/Verilator shard 0/5-1             ]   | make[2]: Entering directory '/tmp/verilator-src/src/obj_dbg'
[rtl-full/Verilator shard 0/5-1             ]   | python3 ../vlcovgen --srcdir ..
[rtl-full/Verilator shard 0/5-1             ]   | python3 ../astgen -I .. --astdef V3AstNodeDType.h --astdef V3AstNodeExpr.h --astdef V3AstNodeOther.h --astdef V3AstNodeStmt.h --dfgdef V3DfgVertices.h --classes
[rtl-full/Verilator shard 0/5-1             ]   | python3 ../astgen -I .. --astdef V3AstNodeDType.h --astdef V3AstNodeExpr.h --astdef V3AstNodeOther.h --astdef V3AstNodeStmt.h --dfgdef V3DfgVertices.h --classes
[rtl-full/Verilator shard 0/5-1             ]   | touch vlcovgen.d
[rtl-full/Verilator shard 0/5-1             ]   | make[2]: Leaving directory '/tmp/verilator-src/src/obj_dbg'
[rtl-full/Verilator shard 0/5-1             ]   | make -C obj_dbg       TGT=../../bin/verilator_coverage_bin_dbg VL_DEBUG=1 VL_VLCOV=1 -f ../Makefile_obj
[rtl-full/Verilator shard 0/5-1             ]   | make[2]: Entering directory '/tmp/verilator-src/src/obj_dbg'
[rtl-full/Verilator shard 0/5-1             ]   |       Compile flags:  g++ -Og -ggdb -gz -DVL_DEBUG -D_GLIBCXX_DEBUG -DVERILATOR_INTERNAL_ -MMD -I. -I.. -I.. -I../../include -I../../include -MP -Wno-shadow -Wno-unused-parameter -faligned-new -fno-exceptions -DDEFENV_SYSTEMC="" -DDEFENV_SYSTEMC_ARCH="" -DDEFENV_SYSTEMC_INCLUDE="" -DDEFENV_SYSTEMC_LIBDIR="" -DDEFENV_VERILATOR_ROOT="/opt/verilator/share/verilator"
[rtl-full/Verilator shard 0/5-1             ]   | g++   -Og -ggdb -gz -DVL_DEBUG -D_GLIBCXX_DEBUG -DVERILATOR_INTERNAL_ -MMD -I. -I.. -I.. -I../../include -I../../include -MP  -Wno-shadow -Wno-unused-parameter -faligned-new -fno-exceptions -DDEFENV_SYSTEMC=\"\" -DDEFENV_SYSTEMC_ARCH=\"\" -DDEFENV_SYSTEMC_INCLUDE=\"\" -DDEFENV_SYSTEMC_LIBDIR=\"\" -DDEFENV_VERILATOR_ROOT=\"/opt/verilator/share/verilator\" -c ../VlcMain.cpp -o VlcMain.o
[rtl-full/Verilator shard 1/5-2             ]   |       Linking ../../bin/verilator_coverage_bin_dbg...
[rtl-full/Verilator shard 1/5-2             ]   | g++ -gz -static-libgcc -static-libstdc++ -Xlinker -gc-sections -o ../../bin/verilator_coverage_bin_dbg VlcMain.o   -lpthread -latomic -lm
[rtl-full/Verilator shard 1/5-2             ]   | make[2]: Leaving directory '/tmp/verilator-src/src/obj_dbg'
[rtl-full/Verilator shard 2/5-3             ]   | If you get errors from verilog.y below, try upgrading bison to version 1.875 or newer.
[rtl-full/Verilator shard 2/5-3             ]   | python3 ../bisonpre --yacc bison -d -v -o V3ParseBison.c  ../verilog.y
[rtl-full/Verilator shard 0/5-1             ]   | If you get errors from verilog.y below, try upgrading bison to version 1.875 or newer.
[rtl-full/Verilator shard 0/5-1             ]   | If you get errors from verilog.y below, try upgrading bison to version 1.875 or newer.
[rtl-full/Verilator shard 0/5-1             ]   | python3 ../bisonpre --yacc bison -d -v -o V3ParseBison.c  ../verilog.y
[rtl-full/Verilator shard 0/5-1             ]   | python3 ../bisonpre --yacc bison -d -v -o V3ParseBison.c  ../verilog.y
[rtl-full/Verilator shard 3/5-4             ]   |       Linking ../../bin/verilator_coverage_bin_dbg...
[rtl-full/Verilator shard 3/5-4             ]   | g++ -gz -static-libgcc -static-libstdc++ -Xlinker -gc-sections -o ../../bin/verilator_coverage_bin_dbg VlcMain.o   -lpthread -latomic -lm
[rtl-full/Verilator shard 2/5-3             ]   |   edit ../verilog.y V3ParseBison_pretmp.y
[rtl-full/Verilator shard 2/5-3             ]   | Executing: bison -d -v --report=itemset --report=lookahead -b V3ParseBison_pretmp -o V3ParseBison_pretmp.c V3ParseBison_pretmp.y
[rtl-full/Verilator shard 0/5-1             ]   |   edit ../verilog.y V3ParseBison_pretmp.y
[rtl-full/Verilator shard 0/5-1             ]   | Executing: bison -d -v --report=itemset --report=lookahead -b V3ParseBison_pretmp -o V3ParseBison_pretmp.c V3ParseBison_pretmp.y
[rtl-full/Verilator shard 0/5-1             ]   |   edit ../verilog.y V3ParseBison_pretmp.y
[rtl-full/Verilator shard 0/5-1             ]   | Executing: bison -d -v --report=itemset --report=lookahead -b V3ParseBison_pretmp -o V3ParseBison_pretmp.c V3ParseBison_pretmp.y
[rtl-full/Verilator shard 2/5-3             ]   | If you get errors from verilog.y below, try upgrading bison to version 1.875 or newer.
[rtl-full/Verilator shard 2/5-3             ]   | python3 ../bisonpre --yacc bison -d -v -o V3ParseBison.c  ../verilog.y
[rtl-full/Verilator shard 2/5-3             ]   |   edit ../verilog.y V3ParseBison_pretmp.y
[rtl-full/Verilator shard 2/5-3             ]   | Executing: bison -d -v --report=itemset --report=lookahead -b V3ParseBison_pretmp -o V3ParseBison_pretmp.c V3ParseBison_pretmp.y
[rtl-full/Verilator shard 3/5-4             ]   | make[2]: Leaving directory '/tmp/verilator-src/src/obj_dbg'
[rtl-full/Verilator shard 1/5-2             ]   |   edit V3ParseBison_pretmp.output V3ParseBison.output
[rtl-full/Verilator shard 1/5-2             ]   |   edit V3ParseBison_pretmp.c V3ParseBison.c
[rtl-full/Verilator shard 1/5-2             ]   |   edit V3ParseBison_pretmp.h V3ParseBison.h
[rtl-full/Verilator shard 1/5-2             ]   | make[2]: Leaving directory '/tmp/verilator-src/src/obj_dbg'
[rtl-full/Verilator shard 1/5-2             ]   | make -C obj_dbg       TGT=../../bin/verilator_bin_dbg VL_DEBUG=1 -f ../Makefile_obj
[rtl-full/Verilator shard 1/5-2             ]   | make[2]: Entering directory '/tmp/verilator-src/src/obj_dbg'
[rtl-full/Verilator shard 1/5-2             ]   | python3 ../astgen -I .. --astdef V3AstNodeDType.h --astdef V3AstNodeExpr.h --astdef V3AstNodeOther.h --astdef V3AstNodeStmt.h --dfgdef V3DfgVertices.h V3Const.cpp
[rtl-full/Verilator shard 1/5-2             ]   |       Compile flags:  g++ -Og -ggdb -gz -DVL_DEBUG -D_GLIBCXX_DEBUG -DVERILATOR_INTERNAL_ -MMD -I. -I.. -I.. -I../../include -I../../include -MP -Wno-shadow -Wno-unused-parameter -faligned-new -fno-exceptions -DDEFENV_SYSTEMC="" -DDEFENV_SYSTEMC_ARCH="" -DDEFENV_SYSTEMC_INCLUDE="" -DDEFENV_SYSTEMC_LIBDIR="" -DDEFENV_VERILATOR_ROOT="/opt/verilator/share/verilator"
[rtl-full/Verilator shard 1/5-2             ]   | g++   -Og -ggdb -gz -DVL_DEBUG -D_GLIBCXX_DEBUG -DVERILATOR_INTERNAL_ -MMD -I. -I.. -I.. -I../../include -I../../include -MP  -Wno-shadow -Wno-unused-parameter -faligned-new -fno-exceptions -DDEFENV_SYSTEMC=\"\" -DDEFENV_SYSTEMC_ARCH=\"\" -DDEFENV_SYSTEMC_INCLUDE=\"\" -DDEFENV_SYSTEMC_LIBDIR=\"\" -DDEFENV_VERILATOR_ROOT=\"/opt/verilator/share/verilator\" -c ../V3Error.cpp -o V3Error.o
[rtl-full/Verilator shard 1/5-2             ]   | g++   -Og -ggdb -gz -DVL_DEBUG -D_GLIBCXX_DEBUG -DVERILATOR_INTERNAL_ -MMD -I. -I.. -I.. -I../../include -I../../include -MP  -Wno-shadow -Wno-unused-parameter -faligned-new -fno-exceptions -DDEFENV_SYSTEMC=\"\" -DDEFENV_SYSTEMC_ARCH=\"\" -DDEFENV_SYSTEMC_INCLUDE=\"\" -DDEFENV_SYSTEMC_LIBDIR=\"\" -DDEFENV_VERILATOR_ROOT=\"/opt/verilator/share/verilator\" -c ../V3FileLine.cpp -o V3FileLine.o
[rtl-full/Verilator shard 3/5-4             ]   |   edit V3ParseBison_pretmp.output V3ParseBison.output
[rtl-full/Verilator shard 3/5-4             ]   |   edit V3ParseBison_pretmp.c V3ParseBison.c
[rtl-full/Verilator shard 3/5-4             ]   |   edit V3ParseBison_pretmp.h V3ParseBison.h
[rtl-full/Verilator shard 3/5-4             ]   | make[2]: Leaving directory '/tmp/verilator-src/src/obj_opt'
[rtl-full/Verilator shard 3/5-4             ]   | make -C obj_opt       TGT=../../bin/verilator_bin -f ../Makefile_obj
[rtl-full/Verilator shard 3/5-4             ]   | make[2]: Entering directory '/tmp/verilator-src/src/obj_opt'
[rtl-full/Verilator shard 3/5-4             ]   | python3 ../astgen -I .. --astdef V3AstNodeDType.h --astdef V3AstNodeExpr.h --astdef V3AstNodeOther.h --astdef V3AstNodeStmt.h --dfgdef V3DfgVertices.h V3Const.cpp
[rtl-full/Verilator shard 3/5-4             ]   |       Compile flags:  g++ -O3 -DVERILATOR_INTERNAL_ -MMD -I. -I.. -I.. -I../../include -I../../include -MP -Wno-shadow -Wno-unused-parameter -faligned-new -fno-exceptions -DDEFENV_SYSTEMC="" -DDEFENV_SYSTEMC_ARCH="" -DDEFENV_SYSTEMC_INCLUDE="" -DDEFENV_SYSTEMC_LIBDIR="" -DDEFENV_VERILATOR_ROOT="/opt/verilator/share/verilator"
[rtl-full/Verilator shard 3/5-4             ]   | g++   -O3 -DVERILATOR_INTERNAL_ -MMD -I. -I.. -I.. -I../../include -I../../include -MP  -Wno-shadow -Wno-unused-parameter -faligned-new -fno-exceptions -DDEFENV_SYSTEMC=\"\" -DDEFENV_SYSTEMC_ARCH=\"\" -DDEFENV_SYSTEMC_INCLUDE=\"\" -DDEFENV_SYSTEMC_LIBDIR=\"\" -DDEFENV_VERILATOR_ROOT=\"/opt/verilator/share/verilator\" -c ../V3Error.cpp -o V3Error.o
[rtl-full/Verilator shard 3/5-4             ]   | g++   -O3 -DVERILATOR_INTERNAL_ -MMD -I. -I.. -I.. -I../../include -I../../include -MP  -Wno-shadow -Wno-unused-parameter -faligned-new -fno-exceptions -DDEFENV_SYSTEMC=\"\" -DDEFENV_SYSTEMC_ARCH=\"\" -DDEFENV_SYSTEMC_INCLUDE=\"\" -DDEFENV_SYSTEMC_LIBDIR=\"\" -DDEFENV_VERILATOR_ROOT=\"/opt/verilator/share/verilator\" -c ../V3FileLine.cpp -o V3FileLine.o
[rtl-full/Verilator shard 1/5-2             ]   | g++   -Og -ggdb -gz -DVL_DEBUG -D_GLIBCXX_DEBUG -DVERILATOR_INTERNAL_ -MMD -I. -I.. -I.. -I../../include -I../../include -MP  -Wno-shadow -Wno-unused-parameter -faligned-new -fno-exceptions -DDEFENV_SYSTEMC=\"\" -DDEFENV_SYSTEMC_ARCH=\"\" -DDEFENV_SYSTEMC_INCLUDE=\"\" -DDEFENV_SYSTEMC_LIBDIR=\"\" -DDEFENV_VERILATOR_ROOT=\"/opt/verilator/share/verilator\" -c ../V3Graph.cpp -o V3Graph.o
[rtl-full/Verilator shard 3/5-4             ]   | g++   -O3 -DVERILATOR_INTERNAL_ -MMD -I. -I.. -I.. -I../../include -I../../include -MP  -Wno-shadow -Wno-unused-parameter -faligned-new -fno-exceptions -DDEFENV_SYSTEMC=\"\" -DDEFENV_SYSTEMC_ARCH=\"\" -DDEFENV_SYSTEMC_INCLUDE=\"\" -DDEFENV_SYSTEMC_LIBDIR=\"\" -DDEFENV_VERILATOR_ROOT=\"/opt/verilator/share/verilator\" -c ../V3Graph.cpp -o V3Graph.o
[rtl-full/Verilator shard 1/5-2             ]   |   edit V3ParseBison_pretmp.output V3ParseBison.output
[rtl-full/Verilator shard 1/5-2             ]   |   edit V3ParseBison_pretmp.c V3ParseBison.c
[rtl-full/Verilator shard 1/5-2             ]   |   edit V3ParseBison_pretmp.h V3ParseBison.h
[rtl-full/Verilator shard 1/5-2             ]   | make[2]: Leaving directory '/tmp/verilator-src/src/obj_opt'
[rtl-full/Verilator shard 1/5-2             ]   | make -C obj_opt       TGT=../../bin/verilator_bin -f ../Makefile_obj
[rtl-full/Verilator shard 1/5-2             ]   | make[2]: Entering directory '/tmp/verilator-src/src/obj_opt'
[rtl-full/Verilator shard 1/5-2             ]   |       Compile flags:  g++ -O3 -DVERILATOR_INTERNAL_ -MMD -I. -I.. -I.. -I../../include -I../../include -MP -Wno-shadow -Wno-unused-parameter -faligned-new -fno-exceptions -DDEFENV_SYSTEMC="" -DDEFENV_SYSTEMC_ARCH="" -DDEFENV_SYSTEMC_INCLUDE="" -DDEFENV_SYSTEMC_LIBDIR="" -DDEFENV_VERILATOR_ROOT="/opt/verilator/share/verilator"
[rtl-full/Verilator shard 1/5-2             ]   | python3 ../astgen -I .. --astdef V3AstNodeDType.h --astdef V3AstNodeExpr.h --astdef V3AstNodeOther.h --astdef V3AstNodeStmt.h --dfgdef V3DfgVertices.h V3Const.cpp
[rtl-full/Verilator shard 1/5-2             ]   | g++   -O3 -DVERILATOR_INTERNAL_ -MMD -I. -I.. -I.. -I../../include -I../../include -MP  -Wno-shadow -Wno-unused-parameter -faligned-new -fno-exceptions -DDEFENV_SYSTEMC=\"\" -DDEFENV_SYSTEMC_ARCH=\"\" -DDEFENV_SYSTEMC_INCLUDE=\"\" -DDEFENV_SYSTEMC_LIBDIR=\"\" -DDEFENV_VERILATOR_ROOT=\"/opt/verilator/share/verilator\" -c ../V3Error.cpp -o V3Error.o
[rtl-full/Verilator shard 1/5-2             ]   | g++   -O3 -DVERILATOR_INTERNAL_ -MMD -I. -I.. -I.. -I../../include -I../../include -MP  -Wno-shadow -Wno-unused-parameter -faligned-new -fno-exceptions -DDEFENV_SYSTEMC=\"\" -DDEFENV_SYSTEMC_ARCH=\"\" -DDEFENV_SYSTEMC_INCLUDE=\"\" -DDEFENV_SYSTEMC_LIBDIR=\"\" -DDEFENV_VERILATOR_ROOT=\"/opt/verilator/share/verilator\" -c ../V3FileLine.cpp -o V3FileLine.o
[rtl-full/Verilator shard 3/5-4             ]   |   edit V3ParseBison_pretmp.output V3ParseBison.output
[rtl-full/Verilator shard 3/5-4             ]   |   edit V3ParseBison_pretmp.c V3ParseBison.c
[rtl-full/Verilator shard 3/5-4             ]   |   edit V3ParseBison_pretmp.h V3ParseBison.h
[rtl-full/Verilator shard 3/5-4             ]   | make[2]: Leaving directory '/tmp/verilator-src/src/obj_dbg'
[rtl-full/Verilator shard 3/5-4             ]   | make -C obj_dbg       TGT=../../bin/verilator_bin_dbg VL_DEBUG=1 -f ../Makefile_obj
[rtl-full/Verilator shard 3/5-4             ]   | make[2]: Entering directory '/tmp/verilator-src/src/obj_dbg'
[rtl-full/Verilator shard 3/5-4             ]   |       Compile flags:  g++ -Og -ggdb -gz -DVL_DEBUG -D_GLIBCXX_DEBUG -DVERILATOR_INTERNAL_ -MMD -I. -I.. -I.. -I../../include -I../../include -MP -Wno-shadow -Wno-unused-parameter -faligned-new -fno-exceptions -DDEFENV_SYSTEMC="" -DDEFENV_SYSTEMC_ARCH="" -DDEFENV_SYSTEMC_INCLUDE="" -DDEFENV_SYSTEMC_LIBDIR="" -DDEFENV_VERILATOR_ROOT="/opt/verilator/share/verilator"
[rtl-full/Verilator shard 3/5-4             ]   | python3 ../astgen -I .. --astdef V3AstNodeDType.h --astdef V3AstNodeExpr.h --astdef V3AstNodeOther.h --astdef V3AstNodeStmt.h --dfgdef V3DfgVertices.h V3Const.cpp
[rtl-full/Verilator shard 2/5-3             ]   |       Linking ../../bin/verilator_coverage_bin_dbg...
[rtl-full/Verilator shard 2/5-3             ]   | g++ -gz -static-libgcc -static-libstdc++ -Xlinker -gc-sections -o ../../bin/verilator_coverage_bin_dbg VlcMain.o   -lpthread -latomic -lm
[rtl-full/Verilator shard 2/5-3             ]   | make[2]: Leaving directory '/tmp/verilator-src/src/obj_dbg'
[rtl-full/Verilator shard 0/5-1             ]   |       Linking ../../bin/verilator_coverage_bin_dbg...
[rtl-full/Verilator shard 0/5-1             ]   | g++ -gz -static-libgcc -static-libstdc++ -Xlinker -gc-sections -o ../../bin/verilator_coverage_bin_dbg VlcMain.o   -lpthread -latomic -lm
[rtl-full/Verilator shard 0/5-1             ]   | make[2]: Leaving directory '/tmp/verilator-src/src/obj_dbg'
[rtl-full/Verilator shard 3/5-4             ]   | g++   -Og -ggdb -gz -DVL_DEBUG -D_GLIBCXX_DEBUG -DVERILATOR_INTERNAL_ -MMD -I. -I.. -I.. -I../../include -I../../include -MP  -Wno-shadow -Wno-unused-parameter -faligned-new -fno-exceptions -DDEFENV_SYSTEMC=\"\" -DDEFENV_SYSTEMC_ARCH=\"\" -DDEFENV_SYSTEMC_INCLUDE=\"\" -DDEFENV_SYSTEMC_LIBDIR=\"\" -DDEFENV_VERILATOR_ROOT=\"/opt/verilator/share/verilator\" -c ../V3Error.cpp -o V3Error.o
[rtl-full/Verilator shard 0/5-1             ]   |   edit V3ParseBison_pretmp.output V3ParseBison.output
[rtl-full/Verilator shard 0/5-1             ]   |   edit V3ParseBison_pretmp.c V3ParseBison.c
[rtl-full/Verilator shard 0/5-1             ]   |   edit V3ParseBison_pretmp.h V3ParseBison.h
[rtl-full/Verilator shard 0/5-1             ]   | make[2]: Leaving directory '/tmp/verilator-src/src/obj_opt'
[rtl-full/Verilator shard 0/5-1             ]   | make -C obj_opt       TGT=../../bin/verilator_bin -f ../Makefile_obj
[rtl-full/Verilator shard 0/5-1             ]   | make[2]: Entering directory '/tmp/verilator-src/src/obj_opt'
[rtl-full/Verilator shard 0/5-1             ]   | python3 ../astgen -I .. --astdef V3AstNodeDType.h --astdef V3AstNodeExpr.h --astdef V3AstNodeOther.h --astdef V3AstNodeStmt.h --dfgdef V3DfgVertices.h V3Const.cpp
[rtl-full/Verilator shard 0/5-1             ]   |       Compile flags:  g++ -O3 -DVERILATOR_INTERNAL_ -MMD -I. -I.. -I.. -I../../include -I../../include -MP -Wno-shadow -Wno-unused-parameter -faligned-new -fno-exceptions -DDEFENV_SYSTEMC="" -DDEFENV_SYSTEMC_ARCH="" -DDEFENV_SYSTEMC_INCLUDE="" -DDEFENV_SYSTEMC_LIBDIR="" -DDEFENV_VERILATOR_ROOT="/opt/verilator/share/verilator"
[rtl-full/Verilator shard 0/5-1             ]   | g++   -O3 -DVERILATOR_INTERNAL_ -MMD -I. -I.. -I.. -I../../include -I../../include -MP  -Wno-shadow -Wno-unused-parameter -faligned-new -fno-exceptions -DDEFENV_SYSTEMC=\"\" -DDEFENV_SYSTEMC_ARCH=\"\" -DDEFENV_SYSTEMC_INCLUDE=\"\" -DDEFENV_SYSTEMC_LIBDIR=\"\" -DDEFENV_VERILATOR_ROOT=\"/opt/verilator/share/verilator\" -c ../V3Error.cpp -o V3Error.o
[rtl-full/Verilator shard 0/5-1             ]   | g++   -O3 -DVERILATOR_INTERNAL_ -MMD -I. -I.. -I.. -I../../include -I../../include -MP  -Wno-shadow -Wno-unused-parameter -faligned-new -fno-exceptions -DDEFENV_SYSTEMC=\"\" -DDEFENV_SYSTEMC_ARCH=\"\" -DDEFENV_SYSTEMC_INCLUDE=\"\" -DDEFENV_SYSTEMC_LIBDIR=\"\" -DDEFENV_VERILATOR_ROOT=\"/opt/verilator/share/verilator\" -c ../V3FileLine.cpp -o V3FileLine.o
[rtl-full/Verilator shard 3/5-4             ]   | g++   -O3 -DVERILATOR_INTERNAL_ -MMD -I. -I.. -I.. -I../../include -I../../include -MP  -Wno-shadow -Wno-unused-parameter -faligned-new -fno-exceptions -DDEFENV_SYSTEMC=\"\" -DDEFENV_SYSTEMC_ARCH=\"\" -DDEFENV_SYSTEMC_INCLUDE=\"\" -DDEFENV_SYSTEMC_LIBDIR=\"\" -DDEFENV_VERILATOR_ROOT=\"/opt/verilator/share/verilator\" -c ../V3GraphAcyc.cpp -o V3GraphAcyc.o
[rtl-full/Verilator shard 2/5-3             ]   |   edit V3ParseBison_pretmp.output V3ParseBison.output
[rtl-full/Verilator shard 2/5-3             ]   |   edit V3ParseBison_pretmp.c V3ParseBison.c
[rtl-full/Verilator shard 2/5-3             ]   |   edit V3ParseBison_pretmp.h V3ParseBison.h
[rtl-full/Verilator shard 2/5-3             ]   | make[2]: Leaving directory '/tmp/verilator-src/src/obj_opt'
[rtl-full/Verilator shard 2/5-3             ]   | make -C obj_opt       TGT=../../bin/verilator_bin -f ../Makefile_obj
[rtl-full/Verilator shard 2/5-3             ]   | make[2]: Entering directory '/tmp/verilator-src/src/obj_opt'
[rtl-full/Verilator shard 2/5-3             ]   | python3 ../astgen -I .. --astdef V3AstNodeDType.h --astdef V3AstNodeExpr.h --astdef V3AstNodeOther.h --astdef V3AstNodeStmt.h --dfgdef V3DfgVertices.h V3Const.cpp
[rtl-full/Verilator shard 2/5-3             ]   |       Compile flags:  g++ -O3 -DVERILATOR_INTERNAL_ -MMD -I. -I.. -I.. -I../../include -I../../include -MP -Wno-shadow -Wno-unused-parameter -faligned-new -fno-exceptions -DDEFENV_SYSTEMC="" -DDEFENV_SYSTEMC_ARCH="" -DDEFENV_SYSTEMC_INCLUDE="" -DDEFENV_SYSTEMC_LIBDIR="" -DDEFENV_VERILATOR_ROOT="/opt/verilator/share/verilator"
[rtl-full/Verilator shard 2/5-3             ]   | g++   -O3 -DVERILATOR_INTERNAL_ -MMD -I. -I.. -I.. -I../../include -I../../include -MP  -Wno-shadow -Wno-unused-parameter -faligned-new -fno-exceptions -DDEFENV_SYSTEMC=\"\" -DDEFENV_SYSTEMC_ARCH=\"\" -DDEFENV_SYSTEMC_INCLUDE=\"\" -DDEFENV_SYSTEMC_LIBDIR=\"\" -DDEFENV_VERILATOR_ROOT=\"/opt/verilator/share/verilator\" -c ../V3Error.cpp -o V3Error.o
[rtl-full/Verilator shard 2/5-3             ]   | g++   -O3 -DVERILATOR_INTERNAL_ -MMD -I. -I.. -I.. -I../../include -I../../include -MP  -Wno-shadow -Wno-unused-parameter -faligned-new -fno-exceptions -DDEFENV_SYSTEMC=\"\" -DDEFENV_SYSTEMC_ARCH=\"\" -DDEFENV_SYSTEMC_INCLUDE=\"\" -DDEFENV_SYSTEMC_LIBDIR=\"\" -DDEFENV_VERILATOR_ROOT=\"/opt/verilator/share/verilator\" -c ../V3FileLine.cpp -o V3FileLine.o
[rtl-full/Verilator shard 0/5-1             ]   | g++   -O3 -DVERILATOR_INTERNAL_ -MMD -I. -I.. -I.. -I../../include -I../../include -MP  -Wno-shadow -Wno-unused-parameter -faligned-new -fno-exceptions -DDEFENV_SYSTEMC=\"\" -DDEFENV_SYSTEMC_ARCH=\"\" -DDEFENV_SYSTEMC_INCLUDE=\"\" -DDEFENV_SYSTEMC_LIBDIR=\"\" -DDEFENV_VERILATOR_ROOT=\"/opt/verilator/share/verilator\" -c ../V3Graph.cpp -o V3Graph.o
[rtl-full/Verilator shard 1/5-2             ]   | g++   -Og -ggdb -gz -DVL_DEBUG -D_GLIBCXX_DEBUG -DVERILATOR_INTERNAL_ -MMD -I. -I.. -I.. -I../../include -I../../include -MP  -Wno-shadow -Wno-unused-parameter -faligned-new -fno-exceptions -DDEFENV_SYSTEMC=\"\" -DDEFENV_SYSTEMC_ARCH=\"\" -DDEFENV_SYSTEMC_INCLUDE=\"\" -DDEFENV_SYSTEMC_LIBDIR=\"\" -DDEFENV_VERILATOR_ROOT=\"/opt/verilator/share/verilator\" -c ../V3GraphAcyc.cpp -o V3GraphAcyc.o
[rtl-full/Verilator shard 2/5-3             ]   |   edit V3ParseBison_pretmp.output V3ParseBison.output
[rtl-full/Verilator shard 2/5-3             ]   |   edit V3ParseBison_pretmp.c V3ParseBison.c
[rtl-full/Verilator shard 2/5-3             ]   |   edit V3ParseBison_pretmp.h V3ParseBison.h
[rtl-full/Verilator shard 2/5-3             ]   | make[2]: Leaving directory '/tmp/verilator-src/src/obj_dbg'
[rtl-full/Verilator shard 2/5-3             ]   | make -C obj_dbg       TGT=../../bin/verilator_bin_dbg VL_DEBUG=1 -f ../Makefile_obj
[rtl-full/Verilator shard 2/5-3             ]   | make[2]: Entering directory '/tmp/verilator-src/src/obj_dbg'
[rtl-full/Verilator shard 2/5-3             ]   |       Compile flags:  g++ -Og -ggdb -gz -DVL_DEBUG -D_GLIBCXX_DEBUG -DVERILATOR_INTERNAL_ -MMD -I. -I.. -I.. -I../../include -I../../include -MP -Wno-shadow -Wno-unused-parameter -faligned-new -fno-exceptions -DDEFENV_SYSTEMC="" -DDEFENV_SYSTEMC_ARCH="" -DDEFENV_SYSTEMC_INCLUDE="" -DDEFENV_SYSTEMC_LIBDIR="" -DDEFENV_VERILATOR_ROOT="/opt/verilator/share/verilator"
[rtl-full/Verilator shard 2/5-3             ]   | python3 ../astgen -I .. --astdef V3AstNodeDType.h --astdef V3AstNodeExpr.h --astdef V3AstNodeOther.h --astdef V3AstNodeStmt.h --dfgdef V3DfgVertices.h V3Const.cpp
[rtl-full/Verilator shard 2/5-3             ]   | g++   -Og -ggdb -gz -DVL_DEBUG -D_GLIBCXX_DEBUG -DVERILATOR_INTERNAL_ -MMD -I. -I.. -I.. -I../../include -I../../include -MP  -Wno-shadow -Wno-unused-parameter -faligned-new -fno-exceptions -DDEFENV_SYSTEMC=\"\" -DDEFENV_SYSTEMC_ARCH=\"\" -DDEFENV_SYSTEMC_INCLUDE=\"\" -DDEFENV_SYSTEMC_LIBDIR=\"\" -DDEFENV_VERILATOR_ROOT=\"/opt/verilator/share/verilator\" -c ../V3Error.cpp -o V3Error.o
[rtl-full/Verilator shard 1/5-2             ]   | g++   -Og -ggdb -gz -DVL_DEBUG -D_GLIBCXX_DEBUG -DVERILATOR_INTERNAL_ -MMD -I. -I.. -I.. -I../../include -I../../include -MP  -Wno-shadow -Wno-unused-parameter -faligned-new -fno-exceptions -DDEFENV_SYSTEMC=\"\" -DDEFENV_SYSTEMC_ARCH=\"\" -DDEFENV_SYSTEMC_INCLUDE=\"\" -DDEFENV_SYSTEMC_LIBDIR=\"\" -DDEFENV_VERILATOR_ROOT=\"/opt/verilator/share/verilator\" -c ../V3GraphAlg.cpp -o V3GraphAlg.o
[rtl-full/Verilator shard 2/5-3             ]   | g++   -Og -ggdb -gz -DVL_DEBUG -D_GLIBCXX_DEBUG -DVERILATOR_INTERNAL_ -MMD -I. -I.. -I.. -I../../include -I../../include -MP  -Wno-shadow -Wno-unused-parameter -faligned-new -fno-exceptions -DDEFENV_SYSTEMC=\"\" -DDEFENV_SYSTEMC_ARCH=\"\" -DDEFENV_SYSTEMC_INCLUDE=\"\" -DDEFENV_SYSTEMC_LIBDIR=\"\" -DDEFENV_VERILATOR_ROOT=\"/opt/verilator/share/verilator\" -c ../V3FileLine.cpp -o V3FileLine.o
[rtl-full/Verilator shard 3/5-4             ]   | g++   -O3 -DVERILATOR_INTERNAL_ -MMD -I. -I.. -I.. -I../../include -I../../include -MP  -Wno-shadow -Wno-unused-parameter -faligned-new -fno-exceptions -DDEFENV_SYSTEMC=\"\" -DDEFENV_SYSTEMC_ARCH=\"\" -DDEFENV_SYSTEMC_INCLUDE=\"\" -DDEFENV_SYSTEMC_LIBDIR=\"\" -DDEFENV_VERILATOR_ROOT=\"/opt/verilator/share/verilator\" -c ../V3GraphAlg.cpp -o V3GraphAlg.o
[rtl-full/Verilator shard 1/5-2             ]   | g++   -Og -ggdb -gz -DVL_DEBUG -D_GLIBCXX_DEBUG -DVERILATOR_INTERNAL_ -MMD -I. -I.. -I.. -I../../include -I../../include -MP  -Wno-shadow -Wno-unused-parameter -faligned-new -fno-exceptions -DDEFENV_SYSTEMC=\"\" -DDEFENV_SYSTEMC_ARCH=\"\" -DDEFENV_SYSTEMC_INCLUDE=\"\" -DDEFENV_SYSTEMC_LIBDIR=\"\" -DDEFENV_VERILATOR_ROOT=\"/opt/verilator/share/verilator\" -c ../V3GraphPathChecker.cpp -o V3GraphPathChecker.o
[rtl-full/Verilator shard 3/5-4             ]   | g++   -O3 -DVERILATOR_INTERNAL_ -MMD -I. -I.. -I.. -I../../include -I../../include -MP  -Wno-shadow -Wno-unused-parameter -faligned-new -fno-exceptions -DDEFENV_SYSTEMC=\"\" -DDEFENV_SYSTEMC_ARCH=\"\" -DDEFENV_SYSTEMC_INCLUDE=\"\" -DDEFENV_SYSTEMC_LIBDIR=\"\" -DDEFENV_VERILATOR_ROOT=\"/opt/verilator/share/verilator\" -c ../V3GraphPathChecker.cpp -o V3GraphPathChecker.o
[rtl-full/Verilator shard 1/5-2             ]   | g++   -Og -ggdb -gz -DVL_DEBUG -D_GLIBCXX_DEBUG -DVERILATOR_INTERNAL_ -MMD -I. -I.. -I.. -I../../include -I../../include -MP  -Wno-shadow -Wno-unused-parameter -faligned-new -fno-exceptions -DDEFENV_SYSTEMC=\"\" -DDEFENV_SYSTEMC_ARCH=\"\" -DDEFENV_SYSTEMC_INCLUDE=\"\" -DDEFENV_SYSTEMC_LIBDIR=\"\" -DDEFENV_VERILATOR_ROOT=\"/opt/verilator/share/verilator\" -c ../V3GraphTest.cpp -o V3GraphTest.o
[rtl-full/Verilator shard 0/5-1             ]   | g++   -O3 -DVERILATOR_INTERNAL_ -MMD -I. -I.. -I.. -I../../include -I../../include -MP  -Wno-shadow -Wno-unused-parameter -faligned-new -fno-exceptions -DDEFENV_SYSTEMC=\"\" -DDEFENV_SYSTEMC_ARCH=\"\" -DDEFENV_SYSTEMC_INCLUDE=\"\" -DDEFENV_SYSTEMC_LIBDIR=\"\" -DDEFENV_VERILATOR_ROOT=\"/opt/verilator/share/verilator\" -c ../V3GraphAcyc.cpp -o V3GraphAcyc.o
[rtl-full/Verilator shard 3/5-4             ]   | g++   -O3 -DVERILATOR_INTERNAL_ -MMD -I. -I.. -I.. -I../../include -I../../include -MP  -Wno-shadow -Wno-unused-parameter -faligned-new -fno-exceptions -DDEFENV_SYSTEMC=\"\" -DDEFENV_SYSTEMC_ARCH=\"\" -DDEFENV_SYSTEMC_INCLUDE=\"\" -DDEFENV_SYSTEMC_LIBDIR=\"\" -DDEFENV_VERILATOR_ROOT=\"/opt/verilator/share/verilator\" -c ../V3GraphTest.cpp -o V3GraphTest.o
[rtl-full/Verilator shard 1/5-2             ]   | g++   -O3 -DVERILATOR_INTERNAL_ -MMD -I. -I.. -I.. -I../../include -I../../include -MP  -Wno-shadow -Wno-unused-parameter -faligned-new -fno-exceptions -DDEFENV_SYSTEMC=\"\" -DDEFENV_SYSTEMC_ARCH=\"\" -DDEFENV_SYSTEMC_INCLUDE=\"\" -DDEFENV_SYSTEMC_LIBDIR=\"\" -DDEFENV_VERILATOR_ROOT=\"/opt/verilator/share/verilator\" -c ../V3Graph.cpp -o V3Graph.o
[rtl-full/Verilator shard 0/5-1             ]   |   edit V3ParseBison_pretmp.output V3ParseBison.output
[rtl-full/Verilator shard 0/5-1             ]   |   edit V3ParseBison_pretmp.c V3ParseBison.c
[rtl-full/Verilator shard 0/5-1             ]   |   edit V3ParseBison_pretmp.h V3ParseBison.h
[rtl-full/Verilator shard 0/5-1             ]   | make[2]: Leaving directory '/tmp/verilator-src/src/obj_dbg'
[rtl-full/Verilator shard 0/5-1             ]   | make -C obj_dbg       TGT=../../bin/verilator_bin_dbg VL_DEBUG=1 -f ../Makefile_obj
[rtl-full/Verilator shard 0/5-1             ]   | make[2]: Entering directory '/tmp/verilator-src/src/obj_dbg'
[rtl-full/Verilator shard 0/5-1             ]   |       Compile flags:  g++ -Og -ggdb -gz -DVL_DEBUG -D_GLIBCXX_DEBUG -DVERILATOR_INTERNAL_ -MMD -I. -I.. -I.. -I../../include -I../../include -MP -Wno-shadow -Wno-unused-parameter -faligned-new -fno-exceptions -DDEFENV_SYSTEMC="" -DDEFENV_SYSTEMC_ARCH="" -DDEFENV_SYSTEMC_INCLUDE="" -DDEFENV_SYSTEMC_LIBDIR="" -DDEFENV_VERILATOR_ROOT="/opt/verilator/share/verilator"
[rtl-full/Verilator shard 0/5-1             ]   | python3 ../astgen -I .. --astdef V3AstNodeDType.h --astdef V3AstNodeExpr.h --astdef V3AstNodeOther.h --astdef V3AstNodeStmt.h --dfgdef V3DfgVertices.h V3Const.cpp
[rtl-full/Verilator shard 0/5-1             ]   | g++   -O3 -DVERILATOR_INTERNAL_ -MMD -I. -I.. -I.. -I../../include -I../../include -MP  -Wno-shadow -Wno-unused-parameter -faligned-new -fno-exceptions -DDEFENV_SYSTEMC=\"\" -DDEFENV_SYSTEMC_ARCH=\"\" -DDEFENV_SYSTEMC_INCLUDE=\"\" -DDEFENV_SYSTEMC_LIBDIR=\"\" -DDEFENV_VERILATOR_ROOT=\"/opt/verilator/share/verilator\" -c ../V3GraphAlg.cpp -o V3GraphAlg.o
[rtl-full/Verilator shard 0/5-1             ]   | g++   -O3 -DVERILATOR_INTERNAL_ -MMD -I. -I.. -I.. -I../../include -I../../include -MP  -Wno-shadow -Wno-unused-parameter -faligned-new -fno-exceptions -DDEFENV_SYSTEMC=\"\" -DDEFENV_SYSTEMC_ARCH=\"\" -DDEFENV_SYSTEMC_INCLUDE=\"\" -DDEFENV_SYSTEMC_LIBDIR=\"\" -DDEFENV_VERILATOR_ROOT=\"/opt/verilator/share/verilator\" -c ../V3GraphPathChecker.cpp -o V3GraphPathChecker.o
[rtl-full/Verilator shard 2/5-3             ]   | g++   -Og -ggdb -gz -DVL_DEBUG -D_GLIBCXX_DEBUG -DVERILATOR_INTERNAL_ -MMD -I. -I.. -I.. -I../../include -I../../include -MP  -Wno-shadow -Wno-unused-parameter -faligned-new -fno-exceptions -DDEFENV_SYSTEMC=\"\" -DDEFENV_SYSTEMC_ARCH=\"\" -DDEFENV_SYSTEMC_INCLUDE=\"\" -DDEFENV_SYSTEMC_LIBDIR=\"\" -DDEFENV_VERILATOR_ROOT=\"/opt/verilator/share/verilator\" -c ../V3Graph.cpp -o V3Graph.o
[rtl-full/Verilator shard 1/5-2             ]   | g++   -O3 -DVERILATOR_INTERNAL_ -MMD -I. -I.. -I.. -I../../include -I../../include -MP  -Wno-shadow -Wno-unused-parameter -faligned-new -fno-exceptions -DDEFENV_SYSTEMC=\"\" -DDEFENV_SYSTEMC_ARCH=\"\" -DDEFENV_SYSTEMC_INCLUDE=\"\" -DDEFENV_SYSTEMC_LIBDIR=\"\" -DDEFENV_VERILATOR_ROOT=\"/opt/verilator/share/verilator\" -c ../V3GraphAcyc.cpp -o V3GraphAcyc.o
[rtl-full/Verilator shard 3/5-4             ]   | g++   -Og -ggdb -gz -DVL_DEBUG -D_GLIBCXX_DEBUG -DVERILATOR_INTERNAL_ -MMD -I. -I.. -I.. -I../../include -I../../include -MP  -Wno-shadow -Wno-unused-parameter -faligned-new -fno-exceptions -DDEFENV_SYSTEMC=\"\" -DDEFENV_SYSTEMC_ARCH=\"\" -DDEFENV_SYSTEMC_INCLUDE=\"\" -DDEFENV_SYSTEMC_LIBDIR=\"\" -DDEFENV_VERILATOR_ROOT=\"/opt/verilator/share/verilator\" -c ../V3FileLine.cpp -o V3FileLine.o
[rtl-full/Verilator shard 3/5-4             ]   | g++   -O3 -DVERILATOR_INTERNAL_ -MMD -I. -I.. -I.. -I../../include -I../../include -MP  -Wno-shadow -Wno-unused-parameter -faligned-new -fno-exceptions -DDEFENV_SYSTEMC=\"\" -DDEFENV_SYSTEMC_ARCH=\"\" -DDEFENV_SYSTEMC_INCLUDE=\"\" -DDEFENV_SYSTEMC_LIBDIR=\"\" -DDEFENV_VERILATOR_ROOT=\"/opt/verilator/share/verilator\" -c ../V3Hash.cpp -o V3Hash.o
[rtl-full/Verilator shard 0/5-1             ]   | g++   -Og -ggdb -gz -DVL_DEBUG -D_GLIBCXX_DEBUG -DVERILATOR_INTERNAL_ -MMD -I. -I.. -I.. -I../../include -I../../include -MP  -Wno-shadow -Wno-unused-parameter -faligned-new -fno-exceptions -DDEFENV_SYSTEMC=\"\" -DDEFENV_SYSTEMC_ARCH=\"\" -DDEFENV_SYSTEMC_INCLUDE=\"\" -DDEFENV_SYSTEMC_LIBDIR=\"\" -DDEFENV_VERILATOR_ROOT=\"/opt/verilator/share/verilator\" -c ../V3Error.cpp -o V3Error.o
[rtl-full/Verilator shard 0/5-1             ]   | g++   -O3 -DVERILATOR_INTERNAL_ -MMD -I. -I.. -I.. -I../../include -I../../include -MP  -Wno-shadow -Wno-unused-parameter -faligned-new -fno-exceptions -DDEFENV_SYSTEMC=\"\" -DDEFENV_SYSTEMC_ARCH=\"\" -DDEFENV_SYSTEMC_INCLUDE=\"\" -DDEFENV_SYSTEMC_LIBDIR=\"\" -DDEFENV_VERILATOR_ROOT=\"/opt/verilator/share/verilator\" -c ../V3GraphTest.cpp -o V3GraphTest.o
[rtl-full/Verilator shard 1/5-2             ]   | g++   -O3 -DVERILATOR_INTERNAL_ -MMD -I. -I.. -I.. -I../../include -I../../include -MP  -Wno-shadow -Wno-unused-parameter -faligned-new -fno-exceptions -DDEFENV_SYSTEMC=\"\" -DDEFENV_SYSTEMC_ARCH=\"\" -DDEFENV_SYSTEMC_INCLUDE=\"\" -DDEFENV_SYSTEMC_LIBDIR=\"\" -DDEFENV_VERILATOR_ROOT=\"/opt/verilator/share/verilator\" -c ../V3GraphAlg.cpp -o V3GraphAlg.o
[rtl-full/Verilator shard 2/5-3             ]   | g++   -O3 -DVERILATOR_INTERNAL_ -MMD -I. -I.. -I.. -I../../include -I../../include -MP  -Wno-shadow -Wno-unused-parameter -faligned-new -fno-exceptions -DDEFENV_SYSTEMC=\"\" -DDEFENV_SYSTEMC_ARCH=\"\" -DDEFENV_SYSTEMC_INCLUDE=\"\" -DDEFENV_SYSTEMC_LIBDIR=\"\" -DDEFENV_VERILATOR_ROOT=\"/opt/verilator/share/verilator\" -c ../V3Graph.cpp -o V3Graph.o
[rtl-full/Verilator shard 0/5-1             ]   | g++   -O3 -DVERILATOR_INTERNAL_ -MMD -I. -I.. -I.. -I../../include -I../../include -MP  -Wno-shadow -Wno-unused-parameter -faligned-new -fno-exceptions -DDEFENV_SYSTEMC=\"\" -DDEFENV_SYSTEMC_ARCH=\"\" -DDEFENV_SYSTEMC_INCLUDE=\"\" -DDEFENV_SYSTEMC_LIBDIR=\"\" -DDEFENV_VERILATOR_ROOT=\"/opt/verilator/share/verilator\" -c ../V3Hash.cpp -o V3Hash.o
[rtl-full/Verilator shard 3/5-4             ]   | g++   -O3 -DVERILATOR_INTERNAL_ -MMD -I. -I.. -I.. -I../../include -I../../include -MP  -Wno-shadow -Wno-unused-parameter -faligned-new -fno-exceptions -DDEFENV_SYSTEMC=\"\" -DDEFENV_SYSTEMC_ARCH=\"\" -DDEFENV_SYSTEMC_INCLUDE=\"\" -DDEFENV_SYSTEMC_LIBDIR=\"\" -DDEFENV_VERILATOR_ROOT=\"/opt/verilator/share/verilator\" -c ../V3OptionParser.cpp -o V3OptionParser.o
[rtl-full/Verilator shard 3/5-4             ]   | g++   -O3 -DVERILATOR_INTERNAL_ -MMD -I. -I.. -I.. -I../../include -I../../include -MP  -Wno-shadow -Wno-unused-parameter -faligned-new -fno-exceptions -DDEFENV_SYSTEMC=\"\" -DDEFENV_SYSTEMC_ARCH=\"\" -DDEFENV_SYSTEMC_INCLUDE=\"\" -DDEFENV_SYSTEMC_LIBDIR=\"\" -DDEFENV_VERILATOR_ROOT=\"/opt/verilator/share/verilator\" -c ../V3Os.cpp -o V3Os.o
[rtl-full/Verilator shard 1/5-2             ]   | g++   -O3 -DVERILATOR_INTERNAL_ -MMD -I. -I.. -I.. -I../../include -I../../include -MP  -Wno-shadow -Wno-unused-parameter -faligned-new -fno-exceptions -DDEFENV_SYSTEMC=\"\" -DDEFENV_SYSTEMC_ARCH=\"\" -DDEFENV_SYSTEMC_INCLUDE=\"\" -DDEFENV_SYSTEMC_LIBDIR=\"\" -DDEFENV_VERILATOR_ROOT=\"/opt/verilator/share/verilator\" -c ../V3GraphPathChecker.cpp -o V3GraphPathChecker.o
[rtl-full/Verilator shard 2/5-3             ]   | g++   -Og -ggdb -gz -DVL_DEBUG -D_GLIBCXX_DEBUG -DVERILATOR_INTERNAL_ -MMD -I. -I.. -I.. -I../../include -I../../include -MP  -Wno-shadow -Wno-unused-parameter -faligned-new -fno-exceptions -DDEFENV_SYSTEMC=\"\" -DDEFENV_SYSTEMC_ARCH=\"\" -DDEFENV_SYSTEMC_INCLUDE=\"\" -DDEFENV_SYSTEMC_LIBDIR=\"\" -DDEFENV_VERILATOR_ROOT=\"/opt/verilator/share/verilator\" -c ../V3GraphAcyc.cpp -o V3GraphAcyc.o
[rtl-full/Verilator shard 3/5-4             ]   | g++   -O3 -DVERILATOR_INTERNAL_ -MMD -I. -I.. -I.. -I../../include -I../../include -MP  -Wno-shadow -Wno-unused-parameter -faligned-new -fno-exceptions -DDEFENV_SYSTEMC=\"\" -DDEFENV_SYSTEMC_ARCH=\"\" -DDEFENV_SYSTEMC_INCLUDE=\"\" -DDEFENV_SYSTEMC_LIBDIR=\"\" -DDEFENV_VERILATOR_ROOT=\"/opt/verilator/share/verilator\" -Wno-char-subscripts -Wno-unused -c ../V3ParseGrammar.cpp -o V3ParseGrammar.o
[rtl-full/Verilator shard 0/5-1             ]   | g++   -O3 -DVERILATOR_INTERNAL_ -MMD -I. -I.. -I.. -I../../include -I../../include -MP  -Wno-shadow -Wno-unused-parameter -faligned-new -fno-exceptions -DDEFENV_SYSTEMC=\"\" -DDEFENV_SYSTEMC_ARCH=\"\" -DDEFENV_SYSTEMC_INCLUDE=\"\" -DDEFENV_SYSTEMC_LIBDIR=\"\" -DDEFENV_VERILATOR_ROOT=\"/opt/verilator/share/verilator\" -c ../V3OptionParser.cpp -o V3OptionParser.o
[rtl-full/Verilator shard 1/5-2             ]   | g++   -Og -ggdb -gz -DVL_DEBUG -D_GLIBCXX_DEBUG -DVERILATOR_INTERNAL_ -MMD -I. -I.. -I.. -I../../include -I../../include -MP  -Wno-shadow -Wno-unused-parameter -faligned-new -fno-exceptions -DDEFENV_SYSTEMC=\"\" -DDEFENV_SYSTEMC_ARCH=\"\" -DDEFENV_SYSTEMC_INCLUDE=\"\" -DDEFENV_SYSTEMC_LIBDIR=\"\" -DDEFENV_VERILATOR_ROOT=\"/opt/verilator/share/verilator\" -c ../V3Hash.cpp -o V3Hash.o
[rtl-full/Verilator shard 0/5-1             ]   | g++   -O3 -DVERILATOR_INTERNAL_ -MMD -I. -I.. -I.. -I../../include -I../../include -MP  -Wno-shadow -Wno-unused-parameter -faligned-new -fno-exceptions -DDEFENV_SYSTEMC=\"\" -DDEFENV_SYSTEMC_ARCH=\"\" -DDEFENV_SYSTEMC_INCLUDE=\"\" -DDEFENV_SYSTEMC_LIBDIR=\"\" -DDEFENV_VERILATOR_ROOT=\"/opt/verilator/share/verilator\" -c ../V3Os.cpp -o V3Os.o
[rtl-full/Verilator shard 0/5-1             ]   | g++   -O3 -DVERILATOR_INTERNAL_ -MMD -I. -I.. -I.. -I../../include -I../../include -MP  -Wno-shadow -Wno-unused-parameter -faligned-new -fno-exceptions -DDEFENV_SYSTEMC=\"\" -DDEFENV_SYSTEMC_ARCH=\"\" -DDEFENV_SYSTEMC_INCLUDE=\"\" -DDEFENV_SYSTEMC_LIBDIR=\"\" -DDEFENV_VERILATOR_ROOT=\"/opt/verilator/share/verilator\" -Wno-char-subscripts -Wno-unused -c ../V3ParseGrammar.cpp -o V3ParseGrammar.o
[rtl-full/Verilator shard 1/5-2             ]   | g++   -O3 -DVERILATOR_INTERNAL_ -MMD -I. -I.. -I.. -I../../include -I../../include -MP  -Wno-shadow -Wno-unused-parameter -faligned-new -fno-exceptions -DDEFENV_SYSTEMC=\"\" -DDEFENV_SYSTEMC_ARCH=\"\" -DDEFENV_SYSTEMC_INCLUDE=\"\" -DDEFENV_SYSTEMC_LIBDIR=\"\" -DDEFENV_VERILATOR_ROOT=\"/opt/verilator/share/verilator\" -c ../V3GraphTest.cpp -o V3GraphTest.o
[rtl-full/Verilator shard 1/5-2             ]   | g++   -Og -ggdb -gz -DVL_DEBUG -D_GLIBCXX_DEBUG -DVERILATOR_INTERNAL_ -MMD -I. -I.. -I.. -I../../include -I../../include -MP  -Wno-shadow -Wno-unused-parameter -faligned-new -fno-exceptions -DDEFENV_SYSTEMC=\"\" -DDEFENV_SYSTEMC_ARCH=\"\" -DDEFENV_SYSTEMC_INCLUDE=\"\" -DDEFENV_SYSTEMC_LIBDIR=\"\" -DDEFENV_VERILATOR_ROOT=\"/opt/verilator/share/verilator\" -c ../V3OptionParser.cpp -o V3OptionParser.o
[rtl-full/Verilator shard 1/5-2             ]   | g++   -Og -ggdb -gz -DVL_DEBUG -D_GLIBCXX_DEBUG -DVERILATOR_INTERNAL_ -MMD -I. -I.. -I.. -I../../include -I../../include -MP  -Wno-shadow -Wno-unused-parameter -faligned-new -fno-exceptions -DDEFENV_SYSTEMC=\"\" -DDEFENV_SYSTEMC_ARCH=\"\" -DDEFENV_SYSTEMC_INCLUDE=\"\" -DDEFENV_SYSTEMC_LIBDIR=\"\" -DDEFENV_VERILATOR_ROOT=\"/opt/verilator/share/verilator\" -c ../V3Os.cpp -o V3Os.o
[rtl-full/Verilator shard 3/5-4             ]   | g++   -O3 -DVERILATOR_INTERNAL_ -MMD -I. -I.. -I.. -I../../include -I../../include -MP  -Wno-shadow -Wno-unused-parameter -faligned-new -fno-exceptions -DDEFENV_SYSTEMC=\"\" -DDEFENV_SYSTEMC_ARCH=\"\" -DDEFENV_SYSTEMC_INCLUDE=\"\" -DDEFENV_SYSTEMC_LIBDIR=\"\" -DDEFENV_VERILATOR_ROOT=\"/opt/verilator/share/verilator\" -Wno-char-subscripts -Wno-unused -c ../V3ParseImp.cpp -o V3ParseImp.o
[rtl-full/Verilator shard 2/5-3             ]   | g++   -O3 -DVERILATOR_INTERNAL_ -MMD -I. -I.. -I.. -I../../include -I../../include -MP  -Wno-shadow -Wno-unused-parameter -faligned-new -fno-exceptions -DDEFENV_SYSTEMC=\"\" -DDEFENV_SYSTEMC_ARCH=\"\" -DDEFENV_SYSTEMC_INCLUDE=\"\" -DDEFENV_SYSTEMC_LIBDIR=\"\" -DDEFENV_VERILATOR_ROOT=\"/opt/verilator/share/verilator\" -c ../V3GraphAcyc.cpp -o V3GraphAcyc.o
[rtl-full/Verilator shard 2/5-3             ]   | g++   -Og -ggdb -gz -DVL_DEBUG -D_GLIBCXX_DEBUG -DVERILATOR_INTERNAL_ -MMD -I. -I.. -I.. -I../../include -I../../include -MP  -Wno-shadow -Wno-unused-parameter -faligned-new -fno-exceptions -DDEFENV_SYSTEMC=\"\" -DDEFENV_SYSTEMC_ARCH=\"\" -DDEFENV_SYSTEMC_INCLUDE=\"\" -DDEFENV_SYSTEMC_LIBDIR=\"\" -DDEFENV_VERILATOR_ROOT=\"/opt/verilator/share/verilator\" -c ../V3GraphAlg.cpp -o V3GraphAlg.o
[rtl-full/Verilator shard 2/5-3             ]   | g++   -Og -ggdb -gz -DVL_DEBUG -D_GLIBCXX_DEBUG -DVERILATOR_INTERNAL_ -MMD -I. -I.. -I.. -I../../include -I../../include -MP  -Wno-shadow -Wno-unused-parameter -faligned-new -fno-exceptions -DDEFENV_SYSTEMC=\"\" -DDEFENV_SYSTEMC_ARCH=\"\" -DDEFENV_SYSTEMC_INCLUDE=\"\" -DDEFENV_SYSTEMC_LIBDIR=\"\" -DDEFENV_VERILATOR_ROOT=\"/opt/verilator/share/verilator\" -c ../V3GraphPathChecker.cpp -o V3GraphPathChecker.o
[rtl-full/Verilator shard 0/5-1             ]   | g++   -O3 -DVERILATOR_INTERNAL_ -MMD -I. -I.. -I.. -I../../include -I../../include -MP  -Wno-shadow -Wno-unused-parameter -faligned-new -fno-exceptions -DDEFENV_SYSTEMC=\"\" -DDEFENV_SYSTEMC_ARCH=\"\" -DDEFENV_SYSTEMC_INCLUDE=\"\" -DDEFENV_SYSTEMC_LIBDIR=\"\" -DDEFENV_VERILATOR_ROOT=\"/opt/verilator/share/verilator\" -Wno-char-subscripts -Wno-unused -c ../V3ParseImp.cpp -o V3ParseImp.o
[rtl-full/Verilator shard 0/5-1             ]   | g++   -Og -ggdb -gz -DVL_DEBUG -D_GLIBCXX_DEBUG -DVERILATOR_INTERNAL_ -MMD -I. -I.. -I.. -I../../include -I../../include -MP  -Wno-shadow -Wno-unused-parameter -faligned-new -fno-exceptions -DDEFENV_SYSTEMC=\"\" -DDEFENV_SYSTEMC_ARCH=\"\" -DDEFENV_SYSTEMC_INCLUDE=\"\" -DDEFENV_SYSTEMC_LIBDIR=\"\" -DDEFENV_VERILATOR_ROOT=\"/opt/verilator/share/verilator\" -c ../V3FileLine.cpp -o V3FileLine.o
[rtl-full/Verilator shard 1/5-2             ]   | g++   -Og -ggdb -gz -DVL_DEBUG -D_GLIBCXX_DEBUG -DVERILATOR_INTERNAL_ -MMD -I. -I.. -I.. -I../../include -I../../include -MP  -Wno-shadow -Wno-unused-parameter -faligned-new -fno-exceptions -DDEFENV_SYSTEMC=\"\" -DDEFENV_SYSTEMC_ARCH=\"\" -DDEFENV_SYSTEMC_INCLUDE=\"\" -DDEFENV_SYSTEMC_LIBDIR=\"\" -DDEFENV_VERILATOR_ROOT=\"/opt/verilator/share/verilator\" -Wno-char-subscripts -Wno-unused -c ../V3ParseGrammar.cpp -o V3ParseGrammar.o
[rtl-full/Verilator shard 2/5-3             ]   | g++   -O3 -DVERILATOR_INTERNAL_ -MMD -I. -I.. -I.. -I../../include -I../../include -MP  -Wno-shadow -Wno-unused-parameter -faligned-new -fno-exceptions -DDEFENV_SYSTEMC=\"\" -DDEFENV_SYSTEMC_ARCH=\"\" -DDEFENV_SYSTEMC_INCLUDE=\"\" -DDEFENV_SYSTEMC_LIBDIR=\"\" -DDEFENV_VERILATOR_ROOT=\"/opt/verilator/share/verilator\" -c ../V3GraphAlg.cpp -o V3GraphAlg.o
[rtl-full/Verilator shard 1/5-2             ]   | g++   -O3 -DVERILATOR_INTERNAL_ -MMD -I. -I.. -I.. -I../../include -I../../include -MP  -Wno-shadow -Wno-unused-parameter -faligned-new -fno-exceptions -DDEFENV_SYSTEMC=\"\" -DDEFENV_SYSTEMC_ARCH=\"\" -DDEFENV_SYSTEMC_INCLUDE=\"\" -DDEFENV_SYSTEMC_LIBDIR=\"\" -DDEFENV_VERILATOR_ROOT=\"/opt/verilator/share/verilator\" -c ../V3Hash.cpp -o V3Hash.o
[rtl-full/Verilator shard 2/5-3             ]   | g++   -O3 -DVERILATOR_INTERNAL_ -MMD -I. -I.. -I.. -I../../include -I../../include -MP  -Wno-shadow -Wno-unused-parameter -faligned-new -fno-exceptions -DDEFENV_SYSTEMC=\"\" -DDEFENV_SYSTEMC_ARCH=\"\" -DDEFENV_SYSTEMC_INCLUDE=\"\" -DDEFENV_SYSTEMC_LIBDIR=\"\" -DDEFENV_VERILATOR_ROOT=\"/opt/verilator/share/verilator\" -c ../V3GraphPathChecker.cpp -o V3GraphPathChecker.o
[rtl-full/Verilator shard 3/5-4             ]   | flex --version
[rtl-full/Verilator shard 3/5-4             ]   | flex 2.6.4
[rtl-full/Verilator shard 3/5-4             ]   | flex -d -oV3Lexer_pregen.yy.cpp ../verilog.l
[rtl-full/Verilator shard 3/5-4             ]   | flex --version
[rtl-full/Verilator shard 3/5-4             ]   | flex 2.6.4
[rtl-full/Verilator shard 3/5-4             ]   | flex -d -oV3PreLex_pregen.yy.cpp ../V3PreLex.l
[rtl-full/Verilator shard 3/5-4             ]   | g++   -O3 -DVERILATOR_INTERNAL_ -MMD -I. -I.. -I.. -I../../include -I../../include -MP  -Wno-shadow -Wno-unused-parameter -faligned-new -fno-exceptions -DDEFENV_SYSTEMC=\"\" -DDEFENV_SYSTEMC_ARCH=\"\" -DDEFENV_SYSTEMC_INCLUDE=\"\" -DDEFENV_SYSTEMC_LIBDIR=\"\" -DDEFENV_VERILATOR_ROOT=\"/opt/verilator/share/verilator\" -c ../V3PreShell.cpp -o V3PreShell.o
[rtl-full/Verilator shard 2/5-3             ]   | g++   -Og -ggdb -gz -DVL_DEBUG -D_GLIBCXX_DEBUG -DVERILATOR_INTERNAL_ -MMD -I. -I.. -I.. -I../../include -I../../include -MP  -Wno-shadow -Wno-unused-parameter -faligned-new -fno-exceptions -DDEFENV_SYSTEMC=\"\" -DDEFENV_SYSTEMC_ARCH=\"\" -DDEFENV_SYSTEMC_INCLUDE=\"\" -DDEFENV_SYSTEMC_LIBDIR=\"\" -DDEFENV_VERILATOR_ROOT=\"/opt/verilator/share/verilator\" -c ../V3GraphTest.cpp -o V3GraphTest.o
[rtl-full/Verilator shard 0/5-1             ]   | flex --version
[rtl-full/Verilator shard 0/5-1             ]   | flex 2.6.4
[rtl-full/Verilator shard 0/5-1             ]   | flex -d -oV3Lexer_pregen.yy.cpp ../verilog.l
[rtl-full/Verilator shard 1/5-2             ]   | g++   -Og -ggdb -gz -DVL_DEBUG -D_GLIBCXX_DEBUG -DVERILATOR_INTERNAL_ -MMD -I. -I.. -I.. -I../../include -I../../include -MP  -Wno-shadow -Wno-unused-parameter -faligned-new -fno-exceptions -DDEFENV_SYSTEMC=\"\" -DDEFENV_SYSTEMC_ARCH=\"\" -DDEFENV_SYSTEMC_INCLUDE=\"\" -DDEFENV_SYSTEMC_LIBDIR=\"\" -DDEFENV_VERILATOR_ROOT=\"/opt/verilator/share/verilator\" -Wno-char-subscripts -Wno-unused -c ../V3ParseImp.cpp -o V3ParseImp.o
[rtl-full/Verilator shard 0/5-1             ]   | flex --version
[rtl-full/Verilator shard 0/5-1             ]   | flex 2.6.4
[rtl-full/Verilator shard 0/5-1             ]   | flex -d -oV3PreLex_pregen.yy.cpp ../V3PreLex.l
[rtl-full/Verilator shard 0/5-1             ]   | g++   -O3 -DVERILATOR_INTERNAL_ -MMD -I. -I.. -I.. -I../../include -I../../include -MP  -Wno-shadow -Wno-unused-parameter -faligned-new -fno-exceptions -DDEFENV_SYSTEMC=\"\" -DDEFENV_SYSTEMC_ARCH=\"\" -DDEFENV_SYSTEMC_INCLUDE=\"\" -DDEFENV_SYSTEMC_LIBDIR=\"\" -DDEFENV_VERILATOR_ROOT=\"/opt/verilator/share/verilator\" -c ../V3PreShell.cpp -o V3PreShell.o
[rtl-full/Verilator shard 1/5-2             ]   | g++   -O3 -DVERILATOR_INTERNAL_ -MMD -I. -I.. -I.. -I../../include -I../../include -MP  -Wno-shadow -Wno-unused-parameter -faligned-new -fno-exceptions -DDEFENV_SYSTEMC=\"\" -DDEFENV_SYSTEMC_ARCH=\"\" -DDEFENV_SYSTEMC_INCLUDE=\"\" -DDEFENV_SYSTEMC_LIBDIR=\"\" -DDEFENV_VERILATOR_ROOT=\"/opt/verilator/share/verilator\" -c ../V3OptionParser.cpp -o V3OptionParser.o
[rtl-full/Verilator shard 3/5-4             ]   | g++   -Og -ggdb -gz -DVL_DEBUG -D_GLIBCXX_DEBUG -DVERILATOR_INTERNAL_ -MMD -I. -I.. -I.. -I../../include -I../../include -MP  -Wno-shadow -Wno-unused-parameter -faligned-new -fno-exceptions -DDEFENV_SYSTEMC=\"\" -DDEFENV_SYSTEMC_ARCH=\"\" -DDEFENV_SYSTEMC_INCLUDE=\"\" -DDEFENV_SYSTEMC_LIBDIR=\"\" -DDEFENV_VERILATOR_ROOT=\"/opt/verilator/share/verilator\" -c ../V3Graph.cpp -o V3Graph.o
[rtl-full/Verilator shard 1/5-2             ]   | flex --version
[rtl-full/Verilator shard 1/5-2             ]   | flex 2.6.4
[rtl-full/Verilator shard 1/5-2             ]   | flex -d -oV3Lexer_pregen.yy.cpp ../verilog.l
[rtl-full/Verilator shard 1/5-2             ]   | flex --version
[rtl-full/Verilator shard 1/5-2             ]   | flex 2.6.4
[rtl-full/Verilator shard 1/5-2             ]   | flex -d -oV3PreLex_pregen.yy.cpp ../V3PreLex.l
[rtl-full/Verilator shard 1/5-2             ]   | g++   -Og -ggdb -gz -DVL_DEBUG -D_GLIBCXX_DEBUG -DVERILATOR_INTERNAL_ -MMD -I. -I.. -I.. -I../../include -I../../include -MP  -Wno-shadow -Wno-unused-parameter -faligned-new -fno-exceptions -DDEFENV_SYSTEMC=\"\" -DDEFENV_SYSTEMC_ARCH=\"\" -DDEFENV_SYSTEMC_INCLUDE=\"\" -DDEFENV_SYSTEMC_LIBDIR=\"\" -DDEFENV_VERILATOR_ROOT=\"/opt/verilator/share/verilator\" -c ../V3PreShell.cpp -o V3PreShell.o
[rtl-full/Verilator shard 2/5-3             ]   | g++   -O3 -DVERILATOR_INTERNAL_ -MMD -I. -I.. -I.. -I../../include -I../../include -MP  -Wno-shadow -Wno-unused-parameter -faligned-new -fno-exceptions -DDEFENV_SYSTEMC=\"\" -DDEFENV_SYSTEMC_ARCH=\"\" -DDEFENV_SYSTEMC_INCLUDE=\"\" -DDEFENV_SYSTEMC_LIBDIR=\"\" -DDEFENV_VERILATOR_ROOT=\"/opt/verilator/share/verilator\" -c ../V3GraphTest.cpp -o V3GraphTest.o
[rtl-full/Verilator shard 3/5-4             ]   | g++   -O3 -DVERILATOR_INTERNAL_ -MMD -I. -I.. -I.. -I../../include -I../../include -MP  -Wno-shadow -Wno-unused-parameter -faligned-new -fno-exceptions -DDEFENV_SYSTEMC=\"\" -DDEFENV_SYSTEMC_ARCH=\"\" -DDEFENV_SYSTEMC_INCLUDE=\"\" -DDEFENV_SYSTEMC_LIBDIR=\"\" -DDEFENV_VERILATOR_ROOT=\"/opt/verilator/share/verilator\" -c ../V3String.cpp -o V3String.o
[rtl-full/Verilator shard 0/5-1             ]   | g++   -O3 -DVERILATOR_INTERNAL_ -MMD -I. -I.. -I.. -I../../include -I../../include -MP  -Wno-shadow -Wno-unused-parameter -faligned-new -fno-exceptions -DDEFENV_SYSTEMC=\"\" -DDEFENV_SYSTEMC_ARCH=\"\" -DDEFENV_SYSTEMC_INCLUDE=\"\" -DDEFENV_SYSTEMC_LIBDIR=\"\" -DDEFENV_VERILATOR_ROOT=\"/opt/verilator/share/verilator\" -c ../V3String.cpp -o V3String.o
[rtl-full/Verilator shard 2/5-3             ]   | g++   -Og -ggdb -gz -DVL_DEBUG -D_GLIBCXX_DEBUG -DVERILATOR_INTERNAL_ -MMD -I. -I.. -I.. -I../../include -I../../include -MP  -Wno-shadow -Wno-unused-parameter -faligned-new -fno-exceptions -DDEFENV_SYSTEMC=\"\" -DDEFENV_SYSTEMC_ARCH=\"\" -DDEFENV_SYSTEMC_INCLUDE=\"\" -DDEFENV_SYSTEMC_LIBDIR=\"\" -DDEFENV_VERILATOR_ROOT=\"/opt/verilator/share/verilator\" -c ../V3Hash.cpp -o V3Hash.o
[rtl-full/Verilator shard 2/5-3             ]   | g++   -O3 -DVERILATOR_INTERNAL_ -MMD -I. -I.. -I.. -I../../include -I../../include -MP  -Wno-shadow -Wno-unused-parameter -faligned-new -fno-exceptions -DDEFENV_SYSTEMC=\"\" -DDEFENV_SYSTEMC_ARCH=\"\" -DDEFENV_SYSTEMC_INCLUDE=\"\" -DDEFENV_SYSTEMC_LIBDIR=\"\" -DDEFENV_VERILATOR_ROOT=\"/opt/verilator/share/verilator\" -c ../V3Hash.cpp -o V3Hash.o
[rtl-full/Verilator shard 2/5-3             ]   | g++   -Og -ggdb -gz -DVL_DEBUG -D_GLIBCXX_DEBUG -DVERILATOR_INTERNAL_ -MMD -I. -I.. -I.. -I../../include -I../../include -MP  -Wno-shadow -Wno-unused-parameter -faligned-new -fno-exceptions -DDEFENV_SYSTEMC=\"\" -DDEFENV_SYSTEMC_ARCH=\"\" -DDEFENV_SYSTEMC_INCLUDE=\"\" -DDEFENV_SYSTEMC_LIBDIR=\"\" -DDEFENV_VERILATOR_ROOT=\"/opt/verilator/share/verilator\" -c ../V3OptionParser.cpp -o V3OptionParser.o
[rtl-full/Verilator shard 2/5-3             ]   | g++   -O3 -DVERILATOR_INTERNAL_ -MMD -I. -I.. -I.. -I../../include -I../../include -MP  -Wno-shadow -Wno-unused-parameter -faligned-new -fno-exceptions -DDEFENV_SYSTEMC=\"\" -DDEFENV_SYSTEMC_ARCH=\"\" -DDEFENV_SYSTEMC_INCLUDE=\"\" -DDEFENV_SYSTEMC_LIBDIR=\"\" -DDEFENV_VERILATOR_ROOT=\"/opt/verilator/share/verilator\" -c ../V3OptionParser.cpp -o V3OptionParser.o
[rtl-full/Verilator shard 2/5-3             ]   | g++   -Og -ggdb -gz -DVL_DEBUG -D_GLIBCXX_DEBUG -DVERILATOR_INTERNAL_ -MMD -I. -I.. -I.. -I../../include -I../../include -MP  -Wno-shadow -Wno-unused-parameter -faligned-new -fno-exceptions -DDEFENV_SYSTEMC=\"\" -DDEFENV_SYSTEMC_ARCH=\"\" -DDEFENV_SYSTEMC_INCLUDE=\"\" -DDEFENV_SYSTEMC_LIBDIR=\"\" -DDEFENV_VERILATOR_ROOT=\"/opt/verilator/share/verilator\" -c ../V3Os.cpp -o V3Os.o
[rtl-full/Verilator shard 2/5-3             ]   | g++   -O3 -DVERILATOR_INTERNAL_ -MMD -I. -I.. -I.. -I../../include -I../../include -MP  -Wno-shadow -Wno-unused-parameter -faligned-new -fno-exceptions -DDEFENV_SYSTEMC=\"\" -DDEFENV_SYSTEMC_ARCH=\"\" -DDEFENV_SYSTEMC_INCLUDE=\"\" -DDEFENV_SYSTEMC_LIBDIR=\"\" -DDEFENV_VERILATOR_ROOT=\"/opt/verilator/share/verilator\" -c ../V3Os.cpp -o V3Os.o
[rtl-full/Verilator shard 3/5-4             ]   | g++   -O3 -DVERILATOR_INTERNAL_ -MMD -I. -I.. -I.. -I../../include -I../../include -MP  -Wno-shadow -Wno-unused-parameter -faligned-new -fno-exceptions -DDEFENV_SYSTEMC=\"\" -DDEFENV_SYSTEMC_ARCH=\"\" -DDEFENV_SYSTEMC_INCLUDE=\"\" -DDEFENV_SYSTEMC_LIBDIR=\"\" -DDEFENV_VERILATOR_ROOT=\"/opt/verilator/share/verilator\" -c ../V3ThreadPool.cpp -o V3ThreadPool.o
[rtl-full/Verilator shard 3/5-4             ]   | g++   -Og -ggdb -gz -DVL_DEBUG -D_GLIBCXX_DEBUG -DVERILATOR_INTERNAL_ -MMD -I. -I.. -I.. -I../../include -I../../include -MP  -Wno-shadow -Wno-unused-parameter -faligned-new -fno-exceptions -DDEFENV_SYSTEMC=\"\" -DDEFENV_SYSTEMC_ARCH=\"\" -DDEFENV_SYSTEMC_INCLUDE=\"\" -DDEFENV_SYSTEMC_LIBDIR=\"\" -DDEFENV_VERILATOR_ROOT=\"/opt/verilator/share/verilator\" -c ../V3GraphAcyc.cpp -o V3GraphAcyc.o
[rtl-full/Verilator shard 1/5-2             ]   | g++   -Og -ggdb -gz -DVL_DEBUG -D_GLIBCXX_DEBUG -DVERILATOR_INTERNAL_ -MMD -I. -I.. -I.. -I../../include -I../../include -MP  -Wno-shadow -Wno-unused-parameter -faligned-new -fno-exceptions -DDEFENV_SYSTEMC=\"\" -DDEFENV_SYSTEMC_ARCH=\"\" -DDEFENV_SYSTEMC_INCLUDE=\"\" -DDEFENV_SYSTEMC_LIBDIR=\"\" -DDEFENV_VERILATOR_ROOT=\"/opt/verilator/share/verilator\" -c ../V3String.cpp -o V3String.o
[rtl-full/Verilator shard 3/5-4             ]   | g++   -O3 -DVERILATOR_INTERNAL_ -MMD -I. -I.. -I.. -I../../include -I../../include -MP  -Wno-shadow -Wno-unused-parameter -faligned-new -fno-exceptions -DDEFENV_SYSTEMC=\"\" -DDEFENV_SYSTEMC_ARCH=\"\" -DDEFENV_SYSTEMC_INCLUDE=\"\" -DDEFENV_SYSTEMC_LIBDIR=\"\" -DDEFENV_VERILATOR_ROOT=\"/opt/verilator/share/verilator\" -c ../V3Waiver.cpp -o V3Waiver.o
[rtl-full/Verilator shard 0/5-1             ]   | g++   -Og -ggdb -gz -DVL_DEBUG -D_GLIBCXX_DEBUG -DVERILATOR_INTERNAL_ -MMD -I. -I.. -I.. -I../../include -I../../include -MP  -Wno-shadow -Wno-unused-parameter -faligned-new -fno-exceptions -DDEFENV_SYSTEMC=\"\" -DDEFENV_SYSTEMC_ARCH=\"\" -DDEFENV_SYSTEMC_INCLUDE=\"\" -DDEFENV_SYSTEMC_LIBDIR=\"\" -DDEFENV_VERILATOR_ROOT=\"/opt/verilator/share/verilator\" -c ../V3Graph.cpp -o V3Graph.o
[rtl-full/Verilator shard 0/5-1             ]   | g++   -O3 -DVERILATOR_INTERNAL_ -MMD -I. -I.. -I.. -I../../include -I../../include -MP  -Wno-shadow -Wno-unused-parameter -faligned-new -fno-exceptions -DDEFENV_SYSTEMC=\"\" -DDEFENV_SYSTEMC_ARCH=\"\" -DDEFENV_SYSTEMC_INCLUDE=\"\" -DDEFENV_SYSTEMC_LIBDIR=\"\" -DDEFENV_VERILATOR_ROOT=\"/opt/verilator/share/verilator\" -c ../V3ThreadPool.cpp -o V3ThreadPool.o
[rtl-full/Verilator shard 2/5-3             ]   | g++   -Og -ggdb -gz -DVL_DEBUG -D_GLIBCXX_DEBUG -DVERILATOR_INTERNAL_ -MMD -I. -I.. -I.. -I../../include -I../../include -MP  -Wno-shadow -Wno-unused-parameter -faligned-new -fno-exceptions -DDEFENV_SYSTEMC=\"\" -DDEFENV_SYSTEMC_ARCH=\"\" -DDEFENV_SYSTEMC_INCLUDE=\"\" -DDEFENV_SYSTEMC_LIBDIR=\"\" -DDEFENV_VERILATOR_ROOT=\"/opt/verilator/share/verilator\" -Wno-char-subscripts -Wno-unused -c ../V3ParseGrammar.cpp -o V3ParseGrammar.o
[rtl-full/Verilator shard 1/5-2             ]   | g++   -O3 -DVERILATOR_INTERNAL_ -MMD -I. -I.. -I.. -I../../include -I../../include -MP  -Wno-shadow -Wno-unused-parameter -faligned-new -fno-exceptions -DDEFENV_SYSTEMC=\"\" -DDEFENV_SYSTEMC_ARCH=\"\" -DDEFENV_SYSTEMC_INCLUDE=\"\" -DDEFENV_SYSTEMC_LIBDIR=\"\" -DDEFENV_VERILATOR_ROOT=\"/opt/verilator/share/verilator\" -c ../V3Os.cpp -o V3Os.o
[rtl-full/Verilator shard 3/5-4             ]   | g++   -O3 -DVERILATOR_INTERNAL_ -MMD -I. -I.. -I.. -I../../include -I../../include -MP  -Wno-shadow -Wno-unused-parameter -faligned-new -fno-exceptions -DDEFENV_SYSTEMC=\"\" -DDEFENV_SYSTEMC_ARCH=\"\" -DDEFENV_SYSTEMC_INCLUDE=\"\" -DDEFENV_SYSTEMC_LIBDIR=\"\" -DDEFENV_VERILATOR_ROOT=\"/opt/verilator/share/verilator\" -c ../Verilator.cpp -o Verilator.o
[rtl-full/Verilator shard 2/5-3             ]   | g++   -Og -ggdb -gz -DVL_DEBUG -D_GLIBCXX_DEBUG -DVERILATOR_INTERNAL_ -MMD -I. -I.. -I.. -I../../include -I../../include -MP  -Wno-shadow -Wno-unused-parameter -faligned-new -fno-exceptions -DDEFENV_SYSTEMC=\"\" -DDEFENV_SYSTEMC_ARCH=\"\" -DDEFENV_SYSTEMC_INCLUDE=\"\" -DDEFENV_SYSTEMC_LIBDIR=\"\" -DDEFENV_VERILATOR_ROOT=\"/opt/verilator/share/verilator\" -Wno-char-subscripts -Wno-unused -c ../V3ParseImp.cpp -o V3ParseImp.o
[rtl-full/Verilator shard 0/5-1             ]   | g++   -O3 -DVERILATOR_INTERNAL_ -MMD -I. -I.. -I.. -I../../include -I../../include -MP  -Wno-shadow -Wno-unused-parameter -faligned-new -fno-exceptions -DDEFENV_SYSTEMC=\"\" -DDEFENV_SYSTEMC_ARCH=\"\" -DDEFENV_SYSTEMC_INCLUDE=\"\" -DDEFENV_SYSTEMC_LIBDIR=\"\" -DDEFENV_VERILATOR_ROOT=\"/opt/verilator/share/verilator\" -c ../V3Waiver.cpp -o V3Waiver.o
[rtl-full/Verilator shard 3/5-4             ]   | g++   -O3 -DVERILATOR_INTERNAL_ -MMD -I. -I.. -I.. -I../../include -I../../include -MP  -Wno-shadow -Wno-unused-parameter -faligned-new -fno-exceptions -DDEFENV_SYSTEMC=\"\" -DDEFENV_SYSTEMC_ARCH=\"\" -DDEFENV_SYSTEMC_INCLUDE=\"\" -DDEFENV_SYSTEMC_LIBDIR=\"\" -DDEFENV_VERILATOR_ROOT=\"/opt/verilator/share/verilator\" -x c++-header -c ../V3PchAstMT.h -o V3PchAstMT.h.gch
[rtl-full/Verilator shard 2/5-3             ]   | g++   -O3 -DVERILATOR_INTERNAL_ -MMD -I. -I.. -I.. -I../../include -I../../include -MP  -Wno-shadow -Wno-unused-parameter -faligned-new -fno-exceptions -DDEFENV_SYSTEMC=\"\" -DDEFENV_SYSTEMC_ARCH=\"\" -DDEFENV_SYSTEMC_INCLUDE=\"\" -DDEFENV_SYSTEMC_LIBDIR=\"\" -DDEFENV_VERILATOR_ROOT=\"/opt/verilator/share/verilator\" -Wno-char-subscripts -Wno-unused -c ../V3ParseGrammar.cpp -o V3ParseGrammar.o
[rtl-full/Verilator shard 0/5-1             ]   | g++   -O3 -DVERILATOR_INTERNAL_ -MMD -I. -I.. -I.. -I../../include -I../../include -MP  -Wno-shadow -Wno-unused-parameter -faligned-new -fno-exceptions -DDEFENV_SYSTEMC=\"\" -DDEFENV_SYSTEMC_ARCH=\"\" -DDEFENV_SYSTEMC_INCLUDE=\"\" -DDEFENV_SYSTEMC_LIBDIR=\"\" -DDEFENV_VERILATOR_ROOT=\"/opt/verilator/share/verilator\" -c ../Verilator.cpp -o Verilator.o
[rtl-full/Verilator shard 2/5-3             ]   | flex --version
[rtl-full/Verilator shard 2/5-3             ]   | flex 2.6.4
[rtl-full/Verilator shard 2/5-3             ]   | flex -d -oV3Lexer_pregen.yy.cpp ../verilog.l
[rtl-full/Verilator shard 0/5-1             ]   | g++   -O3 -DVERILATOR_INTERNAL_ -MMD -I. -I.. -I.. -I../../include -I../../include -MP  -Wno-shadow -Wno-unused-parameter -faligned-new -fno-exceptions -DDEFENV_SYSTEMC=\"\" -DDEFENV_SYSTEMC_ARCH=\"\" -DDEFENV_SYSTEMC_INCLUDE=\"\" -DDEFENV_SYSTEMC_LIBDIR=\"\" -DDEFENV_VERILATOR_ROOT=\"/opt/verilator/share/verilator\" -x c++-header -c ../V3PchAstMT.h -o V3PchAstMT.h.gch
[rtl-full/Verilator shard 2/5-3             ]   | flex --version
[rtl-full/Verilator shard 2/5-3             ]   | flex 2.6.4
[rtl-full/Verilator shard 2/5-3             ]   | flex -d -oV3PreLex_pregen.yy.cpp ../V3PreLex.l
[rtl-full/Verilator shard 2/5-3             ]   | g++   -Og -ggdb -gz -DVL_DEBUG -D_GLIBCXX_DEBUG -DVERILATOR_INTERNAL_ -MMD -I. -I.. -I.. -I../../include -I../../include -MP  -Wno-shadow -Wno-unused-parameter -faligned-new -fno-exceptions -DDEFENV_SYSTEMC=\"\" -DDEFENV_SYSTEMC_ARCH=\"\" -DDEFENV_SYSTEMC_INCLUDE=\"\" -DDEFENV_SYSTEMC_LIBDIR=\"\" -DDEFENV_VERILATOR_ROOT=\"/opt/verilator/share/verilator\" -c ../V3PreShell.cpp -o V3PreShell.o
[rtl-full/Verilator shard 1/5-2             ]   | g++   -Og -ggdb -gz -DVL_DEBUG -D_GLIBCXX_DEBUG -DVERILATOR_INTERNAL_ -MMD -I. -I.. -I.. -I../../include -I../../include -MP  -Wno-shadow -Wno-unused-parameter -faligned-new -fno-exceptions -DDEFENV_SYSTEMC=\"\" -DDEFENV_SYSTEMC_ARCH=\"\" -DDEFENV_SYSTEMC_INCLUDE=\"\" -DDEFENV_SYSTEMC_LIBDIR=\"\" -DDEFENV_VERILATOR_ROOT=\"/opt/verilator/share/verilator\" -c ../V3ThreadPool.cpp -o V3ThreadPool.o
[rtl-full/Verilator shard 0/5-1             ]   | g++   -Og -ggdb -gz -DVL_DEBUG -D_GLIBCXX_DEBUG -DVERILATOR_INTERNAL_ -MMD -I. -I.. -I.. -I../../include -I../../include -MP  -Wno-shadow -Wno-unused-parameter -faligned-new -fno-exceptions -DDEFENV_SYSTEMC=\"\" -DDEFENV_SYSTEMC_ARCH=\"\" -DDEFENV_SYSTEMC_INCLUDE=\"\" -DDEFENV_SYSTEMC_LIBDIR=\"\" -DDEFENV_VERILATOR_ROOT=\"/opt/verilator/share/verilator\" -c ../V3GraphAcyc.cpp -o V3GraphAcyc.o
[rtl-full/Verilator shard 1/5-2             ]   | g++   -Og -ggdb -gz -DVL_DEBUG -D_GLIBCXX_DEBUG -DVERILATOR_INTERNAL_ -MMD -I. -I.. -I.. -I../../include -I../../include -MP  -Wno-shadow -Wno-unused-parameter -faligned-new -fno-exceptions -DDEFENV_SYSTEMC=\"\" -DDEFENV_SYSTEMC_ARCH=\"\" -DDEFENV_SYSTEMC_INCLUDE=\"\" -DDEFENV_SYSTEMC_LIBDIR=\"\" -DDEFENV_VERILATOR_ROOT=\"/opt/verilator/share/verilator\" -c ../V3Waiver.cpp -o V3Waiver.o
[rtl-full/Verilator shard 3/5-4             ]   | g++   -Og -ggdb -gz -DVL_DEBUG -D_GLIBCXX_DEBUG -DVERILATOR_INTERNAL_ -MMD -I. -I.. -I.. -I../../include -I../../include -MP  -Wno-shadow -Wno-unused-parameter -faligned-new -fno-exceptions -DDEFENV_SYSTEMC=\"\" -DDEFENV_SYSTEMC_ARCH=\"\" -DDEFENV_SYSTEMC_INCLUDE=\"\" -DDEFENV_SYSTEMC_LIBDIR=\"\" -DDEFENV_VERILATOR_ROOT=\"/opt/verilator/share/verilator\" -c ../V3GraphAlg.cpp -o V3GraphAlg.o
[rtl-full/Verilator shard 1/5-2             ]   | g++   -O3 -DVERILATOR_INTERNAL_ -MMD -I. -I.. -I.. -I../../include -I../../include -MP  -Wno-shadow -Wno-unused-parameter -faligned-new -fno-exceptions -DDEFENV_SYSTEMC=\"\" -DDEFENV_SYSTEMC_ARCH=\"\" -DDEFENV_SYSTEMC_INCLUDE=\"\" -DDEFENV_SYSTEMC_LIBDIR=\"\" -DDEFENV_VERILATOR_ROOT=\"/opt/verilator/share/verilator\" -Wno-char-subscripts -Wno-unused -c ../V3ParseGrammar.cpp -o V3ParseGrammar.o
[rtl-full/Verilator shard 1/5-2             ]   | g++   -Og -ggdb -gz -DVL_DEBUG -D_GLIBCXX_DEBUG -DVERILATOR_INTERNAL_ -MMD -I. -I.. -I.. -I../../include -I../../include -MP  -Wno-shadow -Wno-unused-parameter -faligned-new -fno-exceptions -DDEFENV_SYSTEMC=\"\" -DDEFENV_SYSTEMC_ARCH=\"\" -DDEFENV_SYSTEMC_INCLUDE=\"\" -DDEFENV_SYSTEMC_LIBDIR=\"\" -DDEFENV_VERILATOR_ROOT=\"/opt/verilator/share/verilator\" -c ../Verilator.cpp -o Verilator.o
[rtl-full/Verilator shard 1/5-2             ]   | g++   -Og -ggdb -gz -DVL_DEBUG -D_GLIBCXX_DEBUG -DVERILATOR_INTERNAL_ -MMD -I. -I.. -I.. -I../../include -I../../include -MP  -Wno-shadow -Wno-unused-parameter -faligned-new -fno-exceptions -DDEFENV_SYSTEMC=\"\" -DDEFENV_SYSTEMC_ARCH=\"\" -DDEFENV_SYSTEMC_INCLUDE=\"\" -DDEFENV_SYSTEMC_LIBDIR=\"\" -DDEFENV_VERILATOR_ROOT=\"/opt/verilator/share/verilator\" -x c++-header -c ../V3PchAstMT.h -o V3PchAstMT.h.gch
[rtl-full/Verilator shard 2/5-3             ]   | g++   -Og -ggdb -gz -DVL_DEBUG -D_GLIBCXX_DEBUG -DVERILATOR_INTERNAL_ -MMD -I. -I.. -I.. -I../../include -I../../include -MP  -Wno-shadow -Wno-unused-parameter -faligned-new -fno-exceptions -DDEFENV_SYSTEMC=\"\" -DDEFENV_SYSTEMC_ARCH=\"\" -DDEFENV_SYSTEMC_INCLUDE=\"\" -DDEFENV_SYSTEMC_LIBDIR=\"\" -DDEFENV_VERILATOR_ROOT=\"/opt/verilator/share/verilator\" -c ../V3String.cpp -o V3String.o
[rtl-full/Verilator shard 3/5-4             ]   | g++   -O3 -DVERILATOR_INTERNAL_ -MMD -I. -I.. -I.. -I../../include -I../../include -MP  -Wno-shadow -Wno-unused-parameter -faligned-new -fno-exceptions -DDEFENV_SYSTEMC=\"\" -DDEFENV_SYSTEMC_ARCH=\"\" -DDEFENV_SYSTEMC_INCLUDE=\"\" -DDEFENV_SYSTEMC_LIBDIR=\"\" -DDEFENV_VERILATOR_ROOT=\"/opt/verilator/share/verilator\" -x c++-header -c ../V3PchAstNoMT.h -o V3PchAstNoMT.h.gch
[rtl-full/Verilator shard 0/5-1             ]   | g++   -O3 -DVERILATOR_INTERNAL_ -MMD -I. -I.. -I.. -I../../include -I../../include -MP  -Wno-shadow -Wno-unused-parameter -faligned-new -fno-exceptions -DDEFENV_SYSTEMC=\"\" -DDEFENV_SYSTEMC_ARCH=\"\" -DDEFENV_SYSTEMC_INCLUDE=\"\" -DDEFENV_SYSTEMC_LIBDIR=\"\" -DDEFENV_VERILATOR_ROOT=\"/opt/verilator/share/verilator\" -x c++-header -c ../V3PchAstNoMT.h -o V3PchAstNoMT.h.gch
[rtl-full/Verilator shard 3/5-4             ]   | g++   -Og -ggdb -gz -DVL_DEBUG -D_GLIBCXX_DEBUG -DVERILATOR_INTERNAL_ -MMD -I. -I.. -I.. -I../../include -I../../include -MP  -Wno-shadow -Wno-unused-parameter -faligned-new -fno-exceptions -DDEFENV_SYSTEMC=\"\" -DDEFENV_SYSTEMC_ARCH=\"\" -DDEFENV_SYSTEMC_INCLUDE=\"\" -DDEFENV_SYSTEMC_LIBDIR=\"\" -DDEFENV_VERILATOR_ROOT=\"/opt/verilator/share/verilator\" -c ../V3GraphPathChecker.cpp -o V3GraphPathChecker.o
[rtl-full/Verilator shard 0/5-1             ]   | g++   -Og -ggdb -gz -DVL_DEBUG -D_GLIBCXX_DEBUG -DVERILATOR_INTERNAL_ -MMD -I. -I.. -I.. -I../../include -I../../include -MP  -Wno-shadow -Wno-unused-parameter -faligned-new -fno-exceptions -DDEFENV_SYSTEMC=\"\" -DDEFENV_SYSTEMC_ARCH=\"\" -DDEFENV_SYSTEMC_INCLUDE=\"\" -DDEFENV_SYSTEMC_LIBDIR=\"\" -DDEFENV_VERILATOR_ROOT=\"/opt/verilator/share/verilator\" -c ../V3GraphAlg.cpp -o V3GraphAlg.o
[rtl-full/Verilator shard 1/5-2             ]   | g++   -Og -ggdb -gz -DVL_DEBUG -D_GLIBCXX_DEBUG -DVERILATOR_INTERNAL_ -MMD -I. -I.. -I.. -I../../include -I../../include -MP  -Wno-shadow -Wno-unused-parameter -faligned-new -fno-exceptions -DDEFENV_SYSTEMC=\"\" -DDEFENV_SYSTEMC_ARCH=\"\" -DDEFENV_SYSTEMC_INCLUDE=\"\" -DDEFENV_SYSTEMC_LIBDIR=\"\" -DDEFENV_VERILATOR_ROOT=\"/opt/verilator/share/verilator\" -x c++-header -c ../V3PchAstNoMT.h -o V3PchAstNoMT.h.gch
[rtl-full/Verilator shard 2/5-3             ]   | g++   -O3 -DVERILATOR_INTERNAL_ -MMD -I. -I.. -I.. -I../../include -I../../include -MP  -Wno-shadow -Wno-unused-parameter -faligned-new -fno-exceptions -DDEFENV_SYSTEMC=\"\" -DDEFENV_SYSTEMC_ARCH=\"\" -DDEFENV_SYSTEMC_INCLUDE=\"\" -DDEFENV_SYSTEMC_LIBDIR=\"\" -DDEFENV_VERILATOR_ROOT=\"/opt/verilator/share/verilator\" -Wno-char-subscripts -Wno-unused -c ../V3ParseImp.cpp -o V3ParseImp.o
[rtl-full/Verilator shard 2/5-3             ]   | flex --version
[rtl-full/Verilator shard 2/5-3             ]   | flex 2.6.4
[rtl-full/Verilator shard 2/5-3             ]   | flex -d -oV3Lexer_pregen.yy.cpp ../verilog.l
[rtl-full/Verilator shard 2/5-3             ]   | flex --version
[rtl-full/Verilator shard 2/5-3             ]   | flex 2.6.4
[rtl-full/Verilator shard 2/5-3             ]   | flex -d -oV3PreLex_pregen.yy.cpp ../V3PreLex.l
[rtl-full/Verilator shard 2/5-3             ]   | g++   -O3 -DVERILATOR_INTERNAL_ -MMD -I. -I.. -I.. -I../../include -I../../include -MP  -Wno-shadow -Wno-unused-parameter -faligned-new -fno-exceptions -DDEFENV_SYSTEMC=\"\" -DDEFENV_SYSTEMC_ARCH=\"\" -DDEFENV_SYSTEMC_INCLUDE=\"\" -DDEFENV_SYSTEMC_LIBDIR=\"\" -DDEFENV_VERILATOR_ROOT=\"/opt/verilator/share/verilator\" -c ../V3PreShell.cpp -o V3PreShell.o
[rtl-full/Verilator shard 3/5-4             ]   | g++   -Og -ggdb -gz -DVL_DEBUG -D_GLIBCXX_DEBUG -DVERILATOR_INTERNAL_ -MMD -I. -I.. -I.. -I../../include -I../../include -MP  -Wno-shadow -Wno-unused-parameter -faligned-new -fno-exceptions -DDEFENV_SYSTEMC=\"\" -DDEFENV_SYSTEMC_ARCH=\"\" -DDEFENV_SYSTEMC_INCLUDE=\"\" -DDEFENV_SYSTEMC_LIBDIR=\"\" -DDEFENV_VERILATOR_ROOT=\"/opt/verilator/share/verilator\" -c ../V3GraphTest.cpp -o V3GraphTest.o
[rtl-full/Verilator shard 1/5-2             ]   | g++   -Og -ggdb -gz -DVL_DEBUG -D_GLIBCXX_DEBUG -DVERILATOR_INTERNAL_ -MMD -I. -I.. -I.. -I../../include -I../../include -MP  -Wno-shadow -Wno-unused-parameter -faligned-new -fno-exceptions -DDEFENV_SYSTEMC=\"\" -DDEFENV_SYSTEMC_ARCH=\"\" -DDEFENV_SYSTEMC_INCLUDE=\"\" -DDEFENV_SYSTEMC_LIBDIR=\"\" -DDEFENV_VERILATOR_ROOT=\"/opt/verilator/share/verilator\" -c V3Const__gen.cpp -o V3Const__gen.o
[rtl-full/Verilator shard 3/5-4             ]   | g++   -Og -ggdb -gz -DVL_DEBUG -D_GLIBCXX_DEBUG -DVERILATOR_INTERNAL_ -MMD -I. -I.. -I.. -I../../include -I../../include -MP  -Wno-shadow -Wno-unused-parameter -faligned-new -fno-exceptions -DDEFENV_SYSTEMC=\"\" -DDEFENV_SYSTEMC_ARCH=\"\" -DDEFENV_SYSTEMC_INCLUDE=\"\" -DDEFENV_SYSTEMC_LIBDIR=\"\" -DDEFENV_VERILATOR_ROOT=\"/opt/verilator/share/verilator\" -c ../V3Hash.cpp -o V3Hash.o
[rtl-full/Verilator shard 2/5-3             ]   | g++   -O3 -DVERILATOR_INTERNAL_ -MMD -I. -I.. -I.. -I../../include -I../../include -MP  -Wno-shadow -Wno-unused-parameter -faligned-new -fno-exceptions -DDEFENV_SYSTEMC=\"\" -DDEFENV_SYSTEMC_ARCH=\"\" -DDEFENV_SYSTEMC_INCLUDE=\"\" -DDEFENV_SYSTEMC_LIBDIR=\"\" -DDEFENV_VERILATOR_ROOT=\"/opt/verilator/share/verilator\" -c ../V3String.cpp -o V3String.o
[rtl-full/Verilator shard 0/5-1             ]   | g++   -Og -ggdb -gz -DVL_DEBUG -D_GLIBCXX_DEBUG -DVERILATOR_INTERNAL_ -MMD -I. -I.. -I.. -I../../include -I../../include -MP  -Wno-shadow -Wno-unused-parameter -faligned-new -fno-exceptions -DDEFENV_SYSTEMC=\"\" -DDEFENV_SYSTEMC_ARCH=\"\" -DDEFENV_SYSTEMC_INCLUDE=\"\" -DDEFENV_SYSTEMC_LIBDIR=\"\" -DDEFENV_VERILATOR_ROOT=\"/opt/verilator/share/verilator\" -c ../V3GraphPathChecker.cpp -o V3GraphPathChecker.o
[rtl-full/Verilator shard 3/5-4             ]   | g++   -O3 -DVERILATOR_INTERNAL_ -MMD -I. -I.. -I.. -I../../include -I../../include -MP  -Wno-shadow -Wno-unused-parameter -faligned-new -fno-exceptions -DDEFENV_SYSTEMC=\"\" -DDEFENV_SYSTEMC_ARCH=\"\" -DDEFENV_SYSTEMC_INCLUDE=\"\" -DDEFENV_SYSTEMC_LIBDIR=\"\" -DDEFENV_VERILATOR_ROOT=\"/opt/verilator/share/verilator\" -c V3Const__gen.cpp -o V3Const__gen.o
[rtl-full/Verilator shard 3/5-4             ]   | g++   -Og -ggdb -gz -DVL_DEBUG -D_GLIBCXX_DEBUG -DVERILATOR_INTERNAL_ -MMD -I. -I.. -I.. -I../../include -I../../include -MP  -Wno-shadow -Wno-unused-parameter -faligned-new -fno-exceptions -DDEFENV_SYSTEMC=\"\" -DDEFENV_SYSTEMC_ARCH=\"\" -DDEFENV_SYSTEMC_INCLUDE=\"\" -DDEFENV_SYSTEMC_LIBDIR=\"\" -DDEFENV_VERILATOR_ROOT=\"/opt/verilator/share/verilator\" -c ../V3OptionParser.cpp -o V3OptionParser.o
[rtl-full/Verilator shard 0/5-1             ]   | g++   -Og -ggdb -gz -DVL_DEBUG -D_GLIBCXX_DEBUG -DVERILATOR_INTERNAL_ -MMD -I. -I.. -I.. -I../../include -I../../include -MP  -Wno-shadow -Wno-unused-parameter -faligned-new -fno-exceptions -DDEFENV_SYSTEMC=\"\" -DDEFENV_SYSTEMC_ARCH=\"\" -DDEFENV_SYSTEMC_INCLUDE=\"\" -DDEFENV_SYSTEMC_LIBDIR=\"\" -DDEFENV_VERILATOR_ROOT=\"/opt/verilator/share/verilator\" -c ../V3GraphTest.cpp -o V3GraphTest.o
[rtl-full/Verilator shard 0/5-1             ]   | g++   -Og -ggdb -gz -DVL_DEBUG -D_GLIBCXX_DEBUG -DVERILATOR_INTERNAL_ -MMD -I. -I.. -I.. -I../../include -I../../include -MP  -Wno-shadow -Wno-unused-parameter -faligned-new -fno-exceptions -DDEFENV_SYSTEMC=\"\" -DDEFENV_SYSTEMC_ARCH=\"\" -DDEFENV_SYSTEMC_INCLUDE=\"\" -DDEFENV_SYSTEMC_LIBDIR=\"\" -DDEFENV_VERILATOR_ROOT=\"/opt/verilator/share/verilator\" -c ../V3Hash.cpp -o V3Hash.o
[rtl-full/Verilator shard 2/5-3             ]   | g++   -O3 -DVERILATOR_INTERNAL_ -MMD -I. -I.. -I.. -I../../include -I../../include -MP  -Wno-shadow -Wno-unused-parameter -faligned-new -fno-exceptions -DDEFENV_SYSTEMC=\"\" -DDEFENV_SYSTEMC_ARCH=\"\" -DDEFENV_SYSTEMC_INCLUDE=\"\" -DDEFENV_SYSTEMC_LIBDIR=\"\" -DDEFENV_VERILATOR_ROOT=\"/opt/verilator/share/verilator\" -c ../V3ThreadPool.cpp -o V3ThreadPool.o
[rtl-full/Verilator shard 2/5-3             ]   | g++   -Og -ggdb -gz -DVL_DEBUG -D_GLIBCXX_DEBUG -DVERILATOR_INTERNAL_ -MMD -I. -I.. -I.. -I../../include -I../../include -MP  -Wno-shadow -Wno-unused-parameter -faligned-new -fno-exceptions -DDEFENV_SYSTEMC=\"\" -DDEFENV_SYSTEMC_ARCH=\"\" -DDEFENV_SYSTEMC_INCLUDE=\"\" -DDEFENV_SYSTEMC_LIBDIR=\"\" -DDEFENV_VERILATOR_ROOT=\"/opt/verilator/share/verilator\" -c ../V3ThreadPool.cpp -o V3ThreadPool.o
[rtl-full/Verilator shard 0/5-1             ]   | g++   -Og -ggdb -gz -DVL_DEBUG -D_GLIBCXX_DEBUG -DVERILATOR_INTERNAL_ -MMD -I. -I.. -I.. -I../../include -I../../include -MP  -Wno-shadow -Wno-unused-parameter -faligned-new -fno-exceptions -DDEFENV_SYSTEMC=\"\" -DDEFENV_SYSTEMC_ARCH=\"\" -DDEFENV_SYSTEMC_INCLUDE=\"\" -DDEFENV_SYSTEMC_LIBDIR=\"\" -DDEFENV_VERILATOR_ROOT=\"/opt/verilator/share/verilator\" -c ../V3OptionParser.cpp -o V3OptionParser.o
[rtl-full/Verilator shard 3/5-4             ]   | g++   -Og -ggdb -gz -DVL_DEBUG -D_GLIBCXX_DEBUG -DVERILATOR_INTERNAL_ -MMD -I. -I.. -I.. -I../../include -I../../include -MP  -Wno-shadow -Wno-unused-parameter -faligned-new -fno-exceptions -DDEFENV_SYSTEMC=\"\" -DDEFENV_SYSTEMC_ARCH=\"\" -DDEFENV_SYSTEMC_INCLUDE=\"\" -DDEFENV_SYSTEMC_LIBDIR=\"\" -DDEFENV_VERILATOR_ROOT=\"/opt/verilator/share/verilator\" -c ../V3Os.cpp -o V3Os.o
[rtl-full/Verilator shard 0/5-1             ]   | g++   -Og -ggdb -gz -DVL_DEBUG -D_GLIBCXX_DEBUG -DVERILATOR_INTERNAL_ -MMD -I. -I.. -I.. -I../../include -I../../include -MP  -Wno-shadow -Wno-unused-parameter -faligned-new -fno-exceptions -DDEFENV_SYSTEMC=\"\" -DDEFENV_SYSTEMC_ARCH=\"\" -DDEFENV_SYSTEMC_INCLUDE=\"\" -DDEFENV_SYSTEMC_LIBDIR=\"\" -DDEFENV_VERILATOR_ROOT=\"/opt/verilator/share/verilator\" -c ../V3Os.cpp -o V3Os.o
[rtl-full/Verilator shard 2/5-3             ]   | g++   -O3 -DVERILATOR_INTERNAL_ -MMD -I. -I.. -I.. -I../../include -I../../include -MP  -Wno-shadow -Wno-unused-parameter -faligned-new -fno-exceptions -DDEFENV_SYSTEMC=\"\" -DDEFENV_SYSTEMC_ARCH=\"\" -DDEFENV_SYSTEMC_INCLUDE=\"\" -DDEFENV_SYSTEMC_LIBDIR=\"\" -DDEFENV_VERILATOR_ROOT=\"/opt/verilator/share/verilator\" -c ../V3Waiver.cpp -o V3Waiver.o
[rtl-full/Verilator shard 3/5-4             ]   | python3 ../flexfix V3Lexer <V3Lexer_pregen.yy.cpp >V3Lexer.yy.cpp
[rtl-full/Verilator shard 3/5-4             ]   | python3 ../flexfix V3PreLex <V3PreLex_pregen.yy.cpp >V3PreLex.yy.cpp
[rtl-full/Verilator shard 3/5-4             ]   | g++   -O3 -DVERILATOR_INTERNAL_ -MMD -I. -I.. -I.. -I../../include -I../../include -MP  -Wno-shadow -Wno-unused-parameter -faligned-new -fno-exceptions -DDEFENV_SYSTEMC=\"\" -DDEFENV_SYSTEMC_ARCH=\"\" -DDEFENV_SYSTEMC_INCLUDE=\"\" -DDEFENV_SYSTEMC_LIBDIR=\"\" -DDEFENV_VERILATOR_ROOT=\"/opt/verilator/share/verilator\" -include V3PchAstMT.h -c ../V3Ast.cpp -o V3Ast.o
[rtl-full/Verilator shard 0/5-1             ]   | g++   -O3 -DVERILATOR_INTERNAL_ -MMD -I. -I.. -I.. -I../../include -I../../include -MP  -Wno-shadow -Wno-unused-parameter -faligned-new -fno-exceptions -DDEFENV_SYSTEMC=\"\" -DDEFENV_SYSTEMC_ARCH=\"\" -DDEFENV_SYSTEMC_INCLUDE=\"\" -DDEFENV_SYSTEMC_LIBDIR=\"\" -DDEFENV_VERILATOR_ROOT=\"/opt/verilator/share/verilator\" -c V3Const__gen.cpp -o V3Const__gen.o
[rtl-full/Verilator shard 2/5-3             ]   | g++   -Og -ggdb -gz -DVL_DEBUG -D_GLIBCXX_DEBUG -DVERILATOR_INTERNAL_ -MMD -I. -I.. -I.. -I../../include -I../../include -MP  -Wno-shadow -Wno-unused-parameter -faligned-new -fno-exceptions -DDEFENV_SYSTEMC=\"\" -DDEFENV_SYSTEMC_ARCH=\"\" -DDEFENV_SYSTEMC_INCLUDE=\"\" -DDEFENV_SYSTEMC_LIBDIR=\"\" -DDEFENV_VERILATOR_ROOT=\"/opt/verilator/share/verilator\" -c ../V3Waiver.cpp -o V3Waiver.o
[rtl-full/Verilator shard 2/5-3             ]   | g++   -Og -ggdb -gz -DVL_DEBUG -D_GLIBCXX_DEBUG -DVERILATOR_INTERNAL_ -MMD -I. -I.. -I.. -I../../include -I../../include -MP  -Wno-shadow -Wno-unused-parameter -faligned-new -fno-exceptions -DDEFENV_SYSTEMC=\"\" -DDEFENV_SYSTEMC_ARCH=\"\" -DDEFENV_SYSTEMC_INCLUDE=\"\" -DDEFENV_SYSTEMC_LIBDIR=\"\" -DDEFENV_VERILATOR_ROOT=\"/opt/verilator/share/verilator\" -c ../Verilator.cpp -o Verilator.o
[rtl-full/Verilator shard 2/5-3             ]   | g++   -O3 -DVERILATOR_INTERNAL_ -MMD -I. -I.. -I.. -I../../include -I../../include -MP  -Wno-shadow -Wno-unused-parameter -faligned-new -fno-exceptions -DDEFENV_SYSTEMC=\"\" -DDEFENV_SYSTEMC_ARCH=\"\" -DDEFENV_SYSTEMC_INCLUDE=\"\" -DDEFENV_SYSTEMC_LIBDIR=\"\" -DDEFENV_VERILATOR_ROOT=\"/opt/verilator/share/verilator\" -c ../Verilator.cpp -o Verilator.o
[rtl-full/Verilator shard 1/5-2             ]   | python3 ../flexfix V3Lexer <V3Lexer_pregen.yy.cpp >V3Lexer.yy.cpp
[rtl-full/Verilator shard 1/5-2             ]   | python3 ../flexfix V3PreLex <V3PreLex_pregen.yy.cpp >V3PreLex.yy.cpp
[rtl-full/Verilator shard 1/5-2             ]   | g++   -O3 -DVERILATOR_INTERNAL_ -MMD -I. -I.. -I.. -I../../include -I../../include -MP  -Wno-shadow -Wno-unused-parameter -faligned-new -fno-exceptions -DDEFENV_SYSTEMC=\"\" -DDEFENV_SYSTEMC_ARCH=\"\" -DDEFENV_SYSTEMC_INCLUDE=\"\" -DDEFENV_SYSTEMC_LIBDIR=\"\" -DDEFENV_VERILATOR_ROOT=\"/opt/verilator/share/verilator\" -Wno-char-subscripts -Wno-unused -c ../V3ParseImp.cpp -o V3ParseImp.o
[rtl-full/Verilator shard 0/5-1             ]   | g++   -Og -ggdb -gz -DVL_DEBUG -D_GLIBCXX_DEBUG -DVERILATOR_INTERNAL_ -MMD -I. -I.. -I.. -I../../include -I../../include -MP  -Wno-shadow -Wno-unused-parameter -faligned-new -fno-exceptions -DDEFENV_SYSTEMC=\"\" -DDEFENV_SYSTEMC_ARCH=\"\" -DDEFENV_SYSTEMC_INCLUDE=\"\" -DDEFENV_SYSTEMC_LIBDIR=\"\" -DDEFENV_VERILATOR_ROOT=\"/opt/verilator/share/verilator\" -Wno-char-subscripts -Wno-unused -c ../V3ParseGrammar.cpp -o V3ParseGrammar.o
[rtl-full/Verilator shard 2/5-3             ]   | g++   -Og -ggdb -gz -DVL_DEBUG -D_GLIBCXX_DEBUG -DVERILATOR_INTERNAL_ -MMD -I. -I.. -I.. -I../../include -I../../include -MP  -Wno-shadow -Wno-unused-parameter -faligned-new -fno-exceptions -DDEFENV_SYSTEMC=\"\" -DDEFENV_SYSTEMC_ARCH=\"\" -DDEFENV_SYSTEMC_INCLUDE=\"\" -DDEFENV_SYSTEMC_LIBDIR=\"\" -DDEFENV_VERILATOR_ROOT=\"/opt/verilator/share/verilator\" -x c++-header -c ../V3PchAstMT.h -o V3PchAstMT.h.gch
[rtl-full/Verilator shard 3/5-4             ]   | g++   -Og -ggdb -gz -DVL_DEBUG -D_GLIBCXX_DEBUG -DVERILATOR_INTERNAL_ -MMD -I. -I.. -I.. -I../../include -I../../include -MP  -Wno-shadow -Wno-unused-parameter -faligned-new -fno-exceptions -DDEFENV_SYSTEMC=\"\" -DDEFENV_SYSTEMC_ARCH=\"\" -DDEFENV_SYSTEMC_INCLUDE=\"\" -DDEFENV_SYSTEMC_LIBDIR=\"\" -DDEFENV_VERILATOR_ROOT=\"/opt/verilator/share/verilator\" -Wno-char-subscripts -Wno-unused -c ../V3ParseGrammar.cpp -o V3ParseGrammar.o
[rtl-full/Verilator shard 0/5-1             ]   | g++   -Og -ggdb -gz -DVL_DEBUG -D_GLIBCXX_DEBUG -DVERILATOR_INTERNAL_ -MMD -I. -I.. -I.. -I../../include -I../../include -MP  -Wno-shadow -Wno-unused-parameter -faligned-new -fno-exceptions -DDEFENV_SYSTEMC=\"\" -DDEFENV_SYSTEMC_ARCH=\"\" -DDEFENV_SYSTEMC_INCLUDE=\"\" -DDEFENV_SYSTEMC_LIBDIR=\"\" -DDEFENV_VERILATOR_ROOT=\"/opt/verilator/share/verilator\" -Wno-char-subscripts -Wno-unused -c ../V3ParseImp.cpp -o V3ParseImp.o
[rtl-full/Verilator shard 1/5-2             ]   | g++   -Og -ggdb -gz -DVL_DEBUG -D_GLIBCXX_DEBUG -DVERILATOR_INTERNAL_ -MMD -I. -I.. -I.. -I../../include -I../../include -MP  -Wno-shadow -Wno-unused-parameter -faligned-new -fno-exceptions -DDEFENV_SYSTEMC=\"\" -DDEFENV_SYSTEMC_ARCH=\"\" -DDEFENV_SYSTEMC_INCLUDE=\"\" -DDEFENV_SYSTEMC_LIBDIR=\"\" -DDEFENV_VERILATOR_ROOT=\"/opt/verilator/share/verilator\" -include V3PchAstMT.h -c ../V3Ast.cpp -o V3Ast.o
[rtl-full/Verilator shard 3/5-4             ]   | g++   -O3 -DVERILATOR_INTERNAL_ -MMD -I. -I.. -I.. -I../../include -I../../include -MP  -Wno-shadow -Wno-unused-parameter -faligned-new -fno-exceptions -DDEFENV_SYSTEMC=\"\" -DDEFENV_SYSTEMC_ARCH=\"\" -DDEFENV_SYSTEMC_INCLUDE=\"\" -DDEFENV_SYSTEMC_LIBDIR=\"\" -DDEFENV_VERILATOR_ROOT=\"/opt/verilator/share/verilator\" -include V3PchAstMT.h -c ../V3AstNodes.cpp -o V3AstNodes.o
[rtl-full/Verilator shard 3/5-4             ]   | g++   -O3 -DVERILATOR_INTERNAL_ -MMD -I. -I.. -I.. -I../../include -I../../include -MP  -Wno-shadow -Wno-unused-parameter -faligned-new -fno-exceptions -DDEFENV_SYSTEMC=\"\" -DDEFENV_SYSTEMC_ARCH=\"\" -DDEFENV_SYSTEMC_INCLUDE=\"\" -DDEFENV_SYSTEMC_LIBDIR=\"\" -DDEFENV_VERILATOR_ROOT=\"/opt/verilator/share/verilator\" -include V3PchAstMT.h -c ../V3Broken.cpp -o V3Broken.o
[rtl-full/Verilator shard 2/5-3             ]   | g++   -O3 -DVERILATOR_INTERNAL_ -MMD -I. -I.. -I.. -I../../include -I../../include -MP  -Wno-shadow -Wno-unused-parameter -faligned-new -fno-exceptions -DDEFENV_SYSTEMC=\"\" -DDEFENV_SYSTEMC_ARCH=\"\" -DDEFENV_SYSTEMC_INCLUDE=\"\" -DDEFENV_SYSTEMC_LIBDIR=\"\" -DDEFENV_VERILATOR_ROOT=\"/opt/verilator/share/verilator\" -x c++-header -c ../V3PchAstMT.h -o V3PchAstMT.h.gch
[rtl-full/Verilator shard 2/5-3             ]   | g++   -Og -ggdb -gz -DVL_DEBUG -D_GLIBCXX_DEBUG -DVERILATOR_INTERNAL_ -MMD -I. -I.. -I.. -I../../include -I../../include -MP  -Wno-shadow -Wno-unused-parameter -faligned-new -fno-exceptions -DDEFENV_SYSTEMC=\"\" -DDEFENV_SYSTEMC_ARCH=\"\" -DDEFENV_SYSTEMC_INCLUDE=\"\" -DDEFENV_SYSTEMC_LIBDIR=\"\" -DDEFENV_VERILATOR_ROOT=\"/opt/verilator/share/verilator\" -x c++-header -c ../V3PchAstNoMT.h -o V3PchAstNoMT.h.gch
[rtl-full/Verilator shard 1/5-2             ]   | flex --version
[rtl-full/Verilator shard 1/5-2             ]   | flex 2.6.4
[rtl-full/Verilator shard 1/5-2             ]   | flex -d -oV3Lexer_pregen.yy.cpp ../verilog.l
[rtl-full/Verilator shard 1/5-2             ]   | flex --version
[rtl-full/Verilator shard 1/5-2             ]   | flex 2.6.4
[rtl-full/Verilator shard 1/5-2             ]   | flex -d -oV3PreLex_pregen.yy.cpp ../V3PreLex.l
[rtl-full/Verilator shard 1/5-2             ]   | g++   -Og -ggdb -gz -DVL_DEBUG -D_GLIBCXX_DEBUG -DVERILATOR_INTERNAL_ -MMD -I. -I.. -I.. -I../../include -I../../include -MP  -Wno-shadow -Wno-unused-parameter -faligned-new -fno-exceptions -DDEFENV_SYSTEMC=\"\" -DDEFENV_SYSTEMC_ARCH=\"\" -DDEFENV_SYSTEMC_INCLUDE=\"\" -DDEFENV_SYSTEMC_LIBDIR=\"\" -DDEFENV_VERILATOR_ROOT=\"/opt/verilator/share/verilator\" -include V3PchAstMT.h -c ../V3AstNodes.cpp -o V3AstNodes.o
[rtl-full/Verilator shard 0/5-1             ]   | python3 ../flexfix V3Lexer <V3Lexer_pregen.yy.cpp >V3Lexer.yy.cpp
[rtl-full/Verilator shard 0/5-1             ]   | python3 ../flexfix V3PreLex <V3PreLex_pregen.yy.cpp >V3PreLex.yy.cpp
[rtl-full/Verilator shard 0/5-1             ]   | g++   -O3 -DVERILATOR_INTERNAL_ -MMD -I. -I.. -I.. -I../../include -I../../include -MP  -Wno-shadow -Wno-unused-parameter -faligned-new -fno-exceptions -DDEFENV_SYSTEMC=\"\" -DDEFENV_SYSTEMC_ARCH=\"\" -DDEFENV_SYSTEMC_INCLUDE=\"\" -DDEFENV_SYSTEMC_LIBDIR=\"\" -DDEFENV_VERILATOR_ROOT=\"/opt/verilator/share/verilator\" -include V3PchAstMT.h -c ../V3Ast.cpp -o V3Ast.o
[rtl-full/Verilator shard 3/5-4             ]   | g++   -Og -ggdb -gz -DVL_DEBUG -D_GLIBCXX_DEBUG -DVERILATOR_INTERNAL_ -MMD -I. -I.. -I.. -I../../include -I../../include -MP  -Wno-shadow -Wno-unused-parameter -faligned-new -fno-exceptions -DDEFENV_SYSTEMC=\"\" -DDEFENV_SYSTEMC_ARCH=\"\" -DDEFENV_SYSTEMC_INCLUDE=\"\" -DDEFENV_SYSTEMC_LIBDIR=\"\" -DDEFENV_VERILATOR_ROOT=\"/opt/verilator/share/verilator\" -Wno-char-subscripts -Wno-unused -c ../V3ParseImp.cpp -o V3ParseImp.o
[rtl-full/Verilator shard 1/5-2             ]   | g++   -Og -ggdb -gz -DVL_DEBUG -D_GLIBCXX_DEBUG -DVERILATOR_INTERNAL_ -MMD -I. -I.. -I.. -I../../include -I../../include -MP  -Wno-shadow -Wno-unused-parameter -faligned-new -fno-exceptions -DDEFENV_SYSTEMC=\"\" -DDEFENV_SYSTEMC_ARCH=\"\" -DDEFENV_SYSTEMC_INCLUDE=\"\" -DDEFENV_SYSTEMC_LIBDIR=\"\" -DDEFENV_VERILATOR_ROOT=\"/opt/verilator/share/verilator\" -include V3PchAstMT.h -c ../V3Broken.cpp -o V3Broken.o
[rtl-full/Verilator shard 1/5-2             ]   | g++   -Og -ggdb -gz -DVL_DEBUG -D_GLIBCXX_DEBUG -DVERILATOR_INTERNAL_ -MMD -I. -I.. -I.. -I../../include -I../../include -MP  -Wno-shadow -Wno-unused-parameter -faligned-new -fno-exceptions -DDEFENV_SYSTEMC=\"\" -DDEFENV_SYSTEMC_ARCH=\"\" -DDEFENV_SYSTEMC_INCLUDE=\"\" -DDEFENV_SYSTEMC_LIBDIR=\"\" -DDEFENV_VERILATOR_ROOT=\"/opt/verilator/share/verilator\" -include V3PchAstMT.h -c ../V3Control.cpp -o V3Control.o
[rtl-full/Verilator shard 0/5-1             ]   | flex --version
[rtl-full/Verilator shard 0/5-1             ]   | flex 2.6.4
[rtl-full/Verilator shard 0/5-1             ]   | flex -d -oV3Lexer_pregen.yy.cpp ../verilog.l
[rtl-full/Verilator shard 0/5-1             ]   | flex --version
[rtl-full/Verilator shard 0/5-1             ]   | flex 2.6.4
[rtl-full/Verilator shard 0/5-1             ]   | flex -d -oV3PreLex_pregen.yy.cpp ../V3PreLex.l
[rtl-full/Verilator shard 0/5-1             ]   | g++   -Og -ggdb -gz -DVL_DEBUG -D_GLIBCXX_DEBUG -DVERILATOR_INTERNAL_ -MMD -I. -I.. -I.. -I../../include -I../../include -MP  -Wno-shadow -Wno-unused-parameter -faligned-new -fno-exceptions -DDEFENV_SYSTEMC=\"\" -DDEFENV_SYSTEMC_ARCH=\"\" -DDEFENV_SYSTEMC_INCLUDE=\"\" -DDEFENV_SYSTEMC_LIBDIR=\"\" -DDEFENV_VERILATOR_ROOT=\"/opt/verilator/share/verilator\" -c ../V3PreShell.cpp -o V3PreShell.o
[rtl-full/Verilator shard 0/5-1             ]   | g++   -O3 -DVERILATOR_INTERNAL_ -MMD -I. -I.. -I.. -I../../include -I../../include -MP  -Wno-shadow -Wno-unused-parameter -faligned-new -fno-exceptions -DDEFENV_SYSTEMC=\"\" -DDEFENV_SYSTEMC_ARCH=\"\" -DDEFENV_SYSTEMC_INCLUDE=\"\" -DDEFENV_SYSTEMC_LIBDIR=\"\" -DDEFENV_VERILATOR_ROOT=\"/opt/verilator/share/verilator\" -include V3PchAstMT.h -c ../V3AstNodes.cpp -o V3AstNodes.o
[rtl-full/Verilator shard 1/5-2             ]   | g++   -O3 -DVERILATOR_INTERNAL_ -MMD -I. -I.. -I.. -I../../include -I../../include -MP  -Wno-shadow -Wno-unused-parameter -faligned-new -fno-exceptions -DDEFENV_SYSTEMC=\"\" -DDEFENV_SYSTEMC_ARCH=\"\" -DDEFENV_SYSTEMC_INCLUDE=\"\" -DDEFENV_SYSTEMC_LIBDIR=\"\" -DDEFENV_VERILATOR_ROOT=\"/opt/verilator/share/verilator\" -c ../V3PreShell.cpp -o V3PreShell.o
[rtl-full/Verilator shard 1/5-2             ]   | g++   -O3 -DVERILATOR_INTERNAL_ -MMD -I. -I.. -I.. -I../../include -I../../include -MP  -Wno-shadow -Wno-unused-parameter -faligned-new -fno-exceptions -DDEFENV_SYSTEMC=\"\" -DDEFENV_SYSTEMC_ARCH=\"\" -DDEFENV_SYSTEMC_INCLUDE=\"\" -DDEFENV_SYSTEMC_LIBDIR=\"\" -DDEFENV_VERILATOR_ROOT=\"/opt/verilator/share/verilator\" -c ../V3String.cpp -o V3String.o
[rtl-full/Verilator shard 0/5-1             ]   | g++   -Og -ggdb -gz -DVL_DEBUG -D_GLIBCXX_DEBUG -DVERILATOR_INTERNAL_ -MMD -I. -I.. -I.. -I../../include -I../../include -MP  -Wno-shadow -Wno-unused-parameter -faligned-new -fno-exceptions -DDEFENV_SYSTEMC=\"\" -DDEFENV_SYSTEMC_ARCH=\"\" -DDEFENV_SYSTEMC_INCLUDE=\"\" -DDEFENV_SYSTEMC_LIBDIR=\"\" -DDEFENV_VERILATOR_ROOT=\"/opt/verilator/share/verilator\" -c ../V3String.cpp -o V3String.o
[rtl-full/Verilator shard 3/5-4             ]   | g++   -O3 -DVERILATOR_INTERNAL_ -MMD -I. -I.. -I.. -I../../include -I../../include -MP  -Wno-shadow -Wno-unused-parameter -faligned-new -fno-exceptions -DDEFENV_SYSTEMC=\"\" -DDEFENV_SYSTEMC_ARCH=\"\" -DDEFENV_SYSTEMC_INCLUDE=\"\" -DDEFENV_SYSTEMC_LIBDIR=\"\" -DDEFENV_VERILATOR_ROOT=\"/opt/verilator/share/verilator\" -include V3PchAstMT.h -c ../V3Control.cpp -o V3Control.o
[rtl-full/Verilator shard 0/5-1             ]   | g++   -Og -ggdb -gz -DVL_DEBUG -D_GLIBCXX_DEBUG -DVERILATOR_INTERNAL_ -MMD -I. -I.. -I.. -I../../include -I../../include -MP  -Wno-shadow -Wno-unused-parameter -faligned-new -fno-exceptions -DDEFENV_SYSTEMC=\"\" -DDEFENV_SYSTEMC_ARCH=\"\" -DDEFENV_SYSTEMC_INCLUDE=\"\" -DDEFENV_SYSTEMC_LIBDIR=\"\" -DDEFENV_VERILATOR_ROOT=\"/opt/verilator/share/verilator\" -c ../V3ThreadPool.cpp -o V3ThreadPool.o
[rtl-full/Verilator shard 2/5-3             ]   | g++   -Og -ggdb -gz -DVL_DEBUG -D_GLIBCXX_DEBUG -DVERILATOR_INTERNAL_ -MMD -I. -I.. -I.. -I../../include -I../../include -MP  -Wno-shadow -Wno-unused-parameter -faligned-new -fno-exceptions -DDEFENV_SYSTEMC=\"\" -DDEFENV_SYSTEMC_ARCH=\"\" -DDEFENV_SYSTEMC_INCLUDE=\"\" -DDEFENV_SYSTEMC_LIBDIR=\"\" -DDEFENV_VERILATOR_ROOT=\"/opt/verilator/share/verilator\" -c V3Const__gen.cpp -o V3Const__gen.o
[rtl-full/Verilator shard 1/5-2             ]   | g++   -O3 -DVERILATOR_INTERNAL_ -MMD -I. -I.. -I.. -I../../include -I../../include -MP  -Wno-shadow -Wno-unused-parameter -faligned-new -fno-exceptions -DDEFENV_SYSTEMC=\"\" -DDEFENV_SYSTEMC_ARCH=\"\" -DDEFENV_SYSTEMC_INCLUDE=\"\" -DDEFENV_SYSTEMC_LIBDIR=\"\" -DDEFENV_VERILATOR_ROOT=\"/opt/verilator/share/verilator\" -c ../V3ThreadPool.cpp -o V3ThreadPool.o
[rtl-full/Verilator shard 2/5-3             ]   | g++   -O3 -DVERILATOR_INTERNAL_ -MMD -I. -I.. -I.. -I../../include -I../../include -MP  -Wno-shadow -Wno-unused-parameter -faligned-new -fno-exceptions -DDEFENV_SYSTEMC=\"\" -DDEFENV_SYSTEMC_ARCH=\"\" -DDEFENV_SYSTEMC_INCLUDE=\"\" -DDEFENV_SYSTEMC_LIBDIR=\"\" -DDEFENV_VERILATOR_ROOT=\"/opt/verilator/share/verilator\" -x c++-header -c ../V3PchAstNoMT.h -o V3PchAstNoMT.h.gch
[rtl-full/Verilator shard 1/5-2             ]   | g++   -Og -ggdb -gz -DVL_DEBUG -D_GLIBCXX_DEBUG -DVERILATOR_INTERNAL_ -MMD -I. -I.. -I.. -I../../include -I../../include -MP  -Wno-shadow -Wno-unused-parameter -faligned-new -fno-exceptions -DDEFENV_SYSTEMC=\"\" -DDEFENV_SYSTEMC_ARCH=\"\" -DDEFENV_SYSTEMC_INCLUDE=\"\" -DDEFENV_SYSTEMC_LIBDIR=\"\" -DDEFENV_VERILATOR_ROOT=\"/opt/verilator/share/verilator\" -include V3PchAstMT.h -c ../V3EmitCBase.cpp -o V3EmitCBase.o
[rtl-full/Verilator shard 1/5-2             ]   | g++   -O3 -DVERILATOR_INTERNAL_ -MMD -I. -I.. -I.. -I../../include -I../../include -MP  -Wno-shadow -Wno-unused-parameter -faligned-new -fno-exceptions -DDEFENV_SYSTEMC=\"\" -DDEFENV_SYSTEMC_ARCH=\"\" -DDEFENV_SYSTEMC_INCLUDE=\"\" -DDEFENV_SYSTEMC_LIBDIR=\"\" -DDEFENV_VERILATOR_ROOT=\"/opt/verilator/share/verilator\" -c ../V3Waiver.cpp -o V3Waiver.o
[rtl-full/Verilator shard 3/5-4             ]   | flex --version
[rtl-full/Verilator shard 3/5-4             ]   | flex 2.6.4
[rtl-full/Verilator shard 3/5-4             ]   | flex -d -oV3Lexer_pregen.yy.cpp ../verilog.l
[rtl-full/Verilator shard 3/5-4             ]   | flex --version
[rtl-full/Verilator shard 3/5-4             ]   | flex 2.6.4
[rtl-full/Verilator shard 3/5-4             ]   | flex -d -oV3PreLex_pregen.yy.cpp ../V3PreLex.l
[rtl-full/Verilator shard 3/5-4             ]   | g++   -Og -ggdb -gz -DVL_DEBUG -D_GLIBCXX_DEBUG -DVERILATOR_INTERNAL_ -MMD -I. -I.. -I.. -I../../include -I../../include -MP  -Wno-shadow -Wno-unused-parameter -faligned-new -fno-exceptions -DDEFENV_SYSTEMC=\"\" -DDEFENV_SYSTEMC_ARCH=\"\" -DDEFENV_SYSTEMC_INCLUDE=\"\" -DDEFENV_SYSTEMC_LIBDIR=\"\" -DDEFENV_VERILATOR_ROOT=\"/opt/verilator/share/verilator\" -c ../V3PreShell.cpp -o V3PreShell.o
[rtl-full/Verilator shard 0/5-1             ]   | g++   -Og -ggdb -gz -DVL_DEBUG -D_GLIBCXX_DEBUG -DVERILATOR_INTERNAL_ -MMD -I. -I.. -I.. -I../../include -I../../include -MP  -Wno-shadow -Wno-unused-parameter -faligned-new -fno-exceptions -DDEFENV_SYSTEMC=\"\" -DDEFENV_SYSTEMC_ARCH=\"\" -DDEFENV_SYSTEMC_INCLUDE=\"\" -DDEFENV_SYSTEMC_LIBDIR=\"\" -DDEFENV_VERILATOR_ROOT=\"/opt/verilator/share/verilator\" -c ../V3Waiver.cpp -o V3Waiver.o
[rtl-full/Verilator shard 0/5-1             ]   | g++   -Og -ggdb -gz -DVL_DEBUG -D_GLIBCXX_DEBUG -DVERILATOR_INTERNAL_ -MMD -I. -I.. -I.. -I../../include -I../../include -MP  -Wno-shadow -Wno-unused-parameter -faligned-new -fno-exceptions -DDEFENV_SYSTEMC=\"\" -DDEFENV_SYSTEMC_ARCH=\"\" -DDEFENV_SYSTEMC_INCLUDE=\"\" -DDEFENV_SYSTEMC_LIBDIR=\"\" -DDEFENV_VERILATOR_ROOT=\"/opt/verilator/share/verilator\" -c ../Verilator.cpp -o Verilator.o
[rtl-full/Verilator shard 3/5-4             ]   | g++   -Og -ggdb -gz -DVL_DEBUG -D_GLIBCXX_DEBUG -DVERILATOR_INTERNAL_ -MMD -I. -I.. -I.. -I../../include -I../../include -MP  -Wno-shadow -Wno-unused-parameter -faligned-new -fno-exceptions -DDEFENV_SYSTEMC=\"\" -DDEFENV_SYSTEMC_ARCH=\"\" -DDEFENV_SYSTEMC_INCLUDE=\"\" -DDEFENV_SYSTEMC_LIBDIR=\"\" -DDEFENV_VERILATOR_ROOT=\"/opt/verilator/share/verilator\" -c ../V3String.cpp -o V3String.o
[rtl-full/Verilator shard 2/5-3             ]   | python3 ../flexfix V3Lexer <V3Lexer_pregen.yy.cpp >V3Lexer.yy.cpp
[rtl-full/Verilator shard 2/5-3             ]   | python3 ../flexfix V3PreLex <V3PreLex_pregen.yy.cpp >V3PreLex.yy.cpp
[rtl-full/Verilator shard 1/5-2             ]   | g++   -O3 -DVERILATOR_INTERNAL_ -MMD -I. -I.. -I.. -I../../include -I../../include -MP  -Wno-shadow -Wno-unused-parameter -faligned-new -fno-exceptions -DDEFENV_SYSTEMC=\"\" -DDEFENV_SYSTEMC_ARCH=\"\" -DDEFENV_SYSTEMC_INCLUDE=\"\" -DDEFENV_SYSTEMC_LIBDIR=\"\" -DDEFENV_VERILATOR_ROOT=\"/opt/verilator/share/verilator\" -c ../Verilator.cpp -o Verilator.o
[rtl-full/Verilator shard 2/5-3             ]   | g++   -Og -ggdb -gz -DVL_DEBUG -D_GLIBCXX_DEBUG -DVERILATOR_INTERNAL_ -MMD -I. -I.. -I.. -I../../include -I../../include -MP  -Wno-shadow -Wno-unused-parameter -faligned-new -fno-exceptions -DDEFENV_SYSTEMC=\"\" -DDEFENV_SYSTEMC_ARCH=\"\" -DDEFENV_SYSTEMC_INCLUDE=\"\" -DDEFENV_SYSTEMC_LIBDIR=\"\" -DDEFENV_VERILATOR_ROOT=\"/opt/verilator/share/verilator\" -include V3PchAstMT.h -c ../V3Ast.cpp -o V3Ast.o
[rtl-full/Verilator shard 1/5-2             ]   | g++   -Og -ggdb -gz -DVL_DEBUG -D_GLIBCXX_DEBUG -DVERILATOR_INTERNAL_ -MMD -I. -I.. -I.. -I../../include -I../../include -MP  -Wno-shadow -Wno-unused-parameter -faligned-new -fno-exceptions -DDEFENV_SYSTEMC=\"\" -DDEFENV_SYSTEMC_ARCH=\"\" -DDEFENV_SYSTEMC_INCLUDE=\"\" -DDEFENV_SYSTEMC_LIBDIR=\"\" -DDEFENV_VERILATOR_ROOT=\"/opt/verilator/share/verilator\" -include V3PchAstMT.h -c ../V3EmitCConstPool.cpp -o V3EmitCConstPool.o
[rtl-full/Verilator shard 2/5-3             ]   | g++   -Og -ggdb -gz -DVL_DEBUG -D_GLIBCXX_DEBUG -DVERILATOR_INTERNAL_ -MMD -I. -I.. -I.. -I../../include -I../../include -MP  -Wno-shadow -Wno-unused-parameter -faligned-new -fno-exceptions -DDEFENV_SYSTEMC=\"\" -DDEFENV_SYSTEMC_ARCH=\"\" -DDEFENV_SYSTEMC_INCLUDE=\"\" -DDEFENV_SYSTEMC_LIBDIR=\"\" -DDEFENV_VERILATOR_ROOT=\"/opt/verilator/share/verilator\" -include V3PchAstMT.h -c ../V3AstNodes.cpp -o V3AstNodes.o
[rtl-full/Verilator shard 3/5-4             ]   | g++   -Og -ggdb -gz -DVL_DEBUG -D_GLIBCXX_DEBUG -DVERILATOR_INTERNAL_ -MMD -I. -I.. -I.. -I../../include -I../../include -MP  -Wno-shadow -Wno-unused-parameter -faligned-new -fno-exceptions -DDEFENV_SYSTEMC=\"\" -DDEFENV_SYSTEMC_ARCH=\"\" -DDEFENV_SYSTEMC_INCLUDE=\"\" -DDEFENV_SYSTEMC_LIBDIR=\"\" -DDEFENV_VERILATOR_ROOT=\"/opt/verilator/share/verilator\" -c ../V3ThreadPool.cpp -o V3ThreadPool.o
[rtl-full/Verilator shard 0/5-1             ]   | g++   -O3 -DVERILATOR_INTERNAL_ -MMD -I. -I.. -I.. -I../../include -I../../include -MP  -Wno-shadow -Wno-unused-parameter -faligned-new -fno-exceptions -DDEFENV_SYSTEMC=\"\" -DDEFENV_SYSTEMC_ARCH=\"\" -DDEFENV_SYSTEMC_INCLUDE=\"\" -DDEFENV_SYSTEMC_LIBDIR=\"\" -DDEFENV_VERILATOR_ROOT=\"/opt/verilator/share/verilator\" -include V3PchAstMT.h -c ../V3Broken.cpp -o V3Broken.o
[rtl-full/Verilator shard 0/5-1             ]   | g++   -Og -ggdb -gz -DVL_DEBUG -D_GLIBCXX_DEBUG -DVERILATOR_INTERNAL_ -MMD -I. -I.. -I.. -I../../include -I../../include -MP  -Wno-shadow -Wno-unused-parameter -faligned-new -fno-exceptions -DDEFENV_SYSTEMC=\"\" -DDEFENV_SYSTEMC_ARCH=\"\" -DDEFENV_SYSTEMC_INCLUDE=\"\" -DDEFENV_SYSTEMC_LIBDIR=\"\" -DDEFENV_VERILATOR_ROOT=\"/opt/verilator/share/verilator\" -x c++-header -c ../V3PchAstMT.h -o V3PchAstMT.h.gch
[rtl-full/Verilator shard 1/5-2             ]   | g++   -O3 -DVERILATOR_INTERNAL_ -MMD -I. -I.. -I.. -I../../include -I../../include -MP  -Wno-shadow -Wno-unused-parameter -faligned-new -fno-exceptions -DDEFENV_SYSTEMC=\"\" -DDEFENV_SYSTEMC_ARCH=\"\" -DDEFENV_SYSTEMC_INCLUDE=\"\" -DDEFENV_SYSTEMC_LIBDIR=\"\" -DDEFENV_VERILATOR_ROOT=\"/opt/verilator/share/verilator\" -x c++-header -c ../V3PchAstMT.h -o V3PchAstMT.h.gch
[rtl-full/Verilator shard 3/5-4             ]   | g++   -O3 -DVERILATOR_INTERNAL_ -MMD -I. -I.. -I.. -I../../include -I../../include -MP  -Wno-shadow -Wno-unused-parameter -faligned-new -fno-exceptions -DDEFENV_SYSTEMC=\"\" -DDEFENV_SYSTEMC_ARCH=\"\" -DDEFENV_SYSTEMC_INCLUDE=\"\" -DDEFENV_SYSTEMC_LIBDIR=\"\" -DDEFENV_VERILATOR_ROOT=\"/opt/verilator/share/verilator\" -include V3PchAstMT.h -c ../V3EmitCBase.cpp -o V3EmitCBase.o
[rtl-full/Verilator shard 2/5-3             ]   | g++   -Og -ggdb -gz -DVL_DEBUG -D_GLIBCXX_DEBUG -DVERILATOR_INTERNAL_ -MMD -I. -I.. -I.. -I../../include -I../../include -MP  -Wno-shadow -Wno-unused-parameter -faligned-new -fno-exceptions -DDEFENV_SYSTEMC=\"\" -DDEFENV_SYSTEMC_ARCH=\"\" -DDEFENV_SYSTEMC_INCLUDE=\"\" -DDEFENV_SYSTEMC_LIBDIR=\"\" -DDEFENV_VERILATOR_ROOT=\"/opt/verilator/share/verilator\" -include V3PchAstMT.h -c ../V3Broken.cpp -o V3Broken.o
[rtl-full/Verilator shard 3/5-4             ]   | g++   -O3 -DVERILATOR_INTERNAL_ -MMD -I. -I.. -I.. -I../../include -I../../include -MP  -Wno-shadow -Wno-unused-parameter -faligned-new -fno-exceptions -DDEFENV_SYSTEMC=\"\" -DDEFENV_SYSTEMC_ARCH=\"\" -DDEFENV_SYSTEMC_INCLUDE=\"\" -DDEFENV_SYSTEMC_LIBDIR=\"\" -DDEFENV_VERILATOR_ROOT=\"/opt/verilator/share/verilator\" -include V3PchAstMT.h -c ../V3EmitCConstPool.cpp -o V3EmitCConstPool.o
[rtl-full/Verilator shard 3/5-4             ]   | g++   -Og -ggdb -gz -DVL_DEBUG -D_GLIBCXX_DEBUG -DVERILATOR_INTERNAL_ -MMD -I. -I.. -I.. -I../../include -I../../include -MP  -Wno-shadow -Wno-unused-parameter -faligned-new -fno-exceptions -DDEFENV_SYSTEMC=\"\" -DDEFENV_SYSTEMC_ARCH=\"\" -DDEFENV_SYSTEMC_INCLUDE=\"\" -DDEFENV_SYSTEMC_LIBDIR=\"\" -DDEFENV_VERILATOR_ROOT=\"/opt/verilator/share/verilator\" -c ../V3Waiver.cpp -o V3Waiver.o
[rtl-full/Verilator shard 1/5-2             ]   | g++   -Og -ggdb -gz -DVL_DEBUG -D_GLIBCXX_DEBUG -DVERILATOR_INTERNAL_ -MMD -I. -I.. -I.. -I../../include -I../../include -MP  -Wno-shadow -Wno-unused-parameter -faligned-new -fno-exceptions -DDEFENV_SYSTEMC=\"\" -DDEFENV_SYSTEMC_ARCH=\"\" -DDEFENV_SYSTEMC_INCLUDE=\"\" -DDEFENV_SYSTEMC_LIBDIR=\"\" -DDEFENV_VERILATOR_ROOT=\"/opt/verilator/share/verilator\" -include V3PchAstMT.h -c ../V3EmitCFunc.cpp -o V3EmitCFunc.o
[rtl-full/Verilator shard 0/5-1             ]   | g++   -O3 -DVERILATOR_INTERNAL_ -MMD -I. -I.. -I.. -I../../include -I../../include -MP  -Wno-shadow -Wno-unused-parameter -faligned-new -fno-exceptions -DDEFENV_SYSTEMC=\"\" -DDEFENV_SYSTEMC_ARCH=\"\" -DDEFENV_SYSTEMC_INCLUDE=\"\" -DDEFENV_SYSTEMC_LIBDIR=\"\" -DDEFENV_VERILATOR_ROOT=\"/opt/verilator/share/verilator\" -include V3PchAstMT.h -c ../V3Control.cpp -o V3Control.o
[rtl-full/Verilator shard 1/5-2             ]   | g++   -O3 -DVERILATOR_INTERNAL_ -MMD -I. -I.. -I.. -I../../include -I../../include -MP  -Wno-shadow -Wno-unused-parameter -faligned-new -fno-exceptions -DDEFENV_SYSTEMC=\"\" -DDEFENV_SYSTEMC_ARCH=\"\" -DDEFENV_SYSTEMC_INCLUDE=\"\" -DDEFENV_SYSTEMC_LIBDIR=\"\" -DDEFENV_VERILATOR_ROOT=\"/opt/verilator/share/verilator\" -x c++-header -c ../V3PchAstNoMT.h -o V3PchAstNoMT.h.gch
[rtl-full/Verilator shard 3/5-4             ]   | g++   -O3 -DVERILATOR_INTERNAL_ -MMD -I. -I.. -I.. -I../../include -I../../include -MP  -Wno-shadow -Wno-unused-parameter -faligned-new -fno-exceptions -DDEFENV_SYSTEMC=\"\" -DDEFENV_SYSTEMC_ARCH=\"\" -DDEFENV_SYSTEMC_INCLUDE=\"\" -DDEFENV_SYSTEMC_LIBDIR=\"\" -DDEFENV_VERILATOR_ROOT=\"/opt/verilator/share/verilator\" -include V3PchAstMT.h -c ../V3EmitCFunc.cpp -o V3EmitCFunc.o
[rtl-full/Verilator shard 0/5-1             ]   | g++   -Og -ggdb -gz -DVL_DEBUG -D_GLIBCXX_DEBUG -DVERILATOR_INTERNAL_ -MMD -I. -I.. -I.. -I../../include -I../../include -MP  -Wno-shadow -Wno-unused-parameter -faligned-new -fno-exceptions -DDEFENV_SYSTEMC=\"\" -DDEFENV_SYSTEMC_ARCH=\"\" -DDEFENV_SYSTEMC_INCLUDE=\"\" -DDEFENV_SYSTEMC_LIBDIR=\"\" -DDEFENV_VERILATOR_ROOT=\"/opt/verilator/share/verilator\" -x c++-header -c ../V3PchAstNoMT.h -o V3PchAstNoMT.h.gch
[rtl-full/Verilator shard 3/5-4             ]   | g++   -Og -ggdb -gz -DVL_DEBUG -D_GLIBCXX_DEBUG -DVERILATOR_INTERNAL_ -MMD -I. -I.. -I.. -I../../include -I../../include -MP  -Wno-shadow -Wno-unused-parameter -faligned-new -fno-exceptions -DDEFENV_SYSTEMC=\"\" -DDEFENV_SYSTEMC_ARCH=\"\" -DDEFENV_SYSTEMC_INCLUDE=\"\" -DDEFENV_SYSTEMC_LIBDIR=\"\" -DDEFENV_VERILATOR_ROOT=\"/opt/verilator/share/verilator\" -c ../Verilator.cpp -o Verilator.o
[rtl-full/Verilator shard 2/5-3             ]   | g++   -Og -ggdb -gz -DVL_DEBUG -D_GLIBCXX_DEBUG -DVERILATOR_INTERNAL_ -MMD -I. -I.. -I.. -I../../include -I../../include -MP  -Wno-shadow -Wno-unused-parameter -faligned-new -fno-exceptions -DDEFENV_SYSTEMC=\"\" -DDEFENV_SYSTEMC_ARCH=\"\" -DDEFENV_SYSTEMC_INCLUDE=\"\" -DDEFENV_SYSTEMC_LIBDIR=\"\" -DDEFENV_VERILATOR_ROOT=\"/opt/verilator/share/verilator\" -include V3PchAstMT.h -c ../V3Control.cpp -o V3Control.o
[rtl-full/Verilator shard 3/5-4             ]   | g++   -Og -ggdb -gz -DVL_DEBUG -D_GLIBCXX_DEBUG -DVERILATOR_INTERNAL_ -MMD -I. -I.. -I.. -I../../include -I../../include -MP  -Wno-shadow -Wno-unused-parameter -faligned-new -fno-exceptions -DDEFENV_SYSTEMC=\"\" -DDEFENV_SYSTEMC_ARCH=\"\" -DDEFENV_SYSTEMC_INCLUDE=\"\" -DDEFENV_SYSTEMC_LIBDIR=\"\" -DDEFENV_VERILATOR_ROOT=\"/opt/verilator/share/verilator\" -x c++-header -c ../V3PchAstMT.h -o V3PchAstMT.h.gch
[rtl-full/Verilator shard 2/5-3             ]   | g++   -O3 -DVERILATOR_INTERNAL_ -MMD -I. -I.. -I.. -I../../include -I../../include -MP  -Wno-shadow -Wno-unused-parameter -faligned-new -fno-exceptions -DDEFENV_SYSTEMC=\"\" -DDEFENV_SYSTEMC_ARCH=\"\" -DDEFENV_SYSTEMC_INCLUDE=\"\" -DDEFENV_SYSTEMC_LIBDIR=\"\" -DDEFENV_VERILATOR_ROOT=\"/opt/verilator/share/verilator\" -c V3Const__gen.cpp -o V3Const__gen.o
[rtl-full/Verilator shard 1/5-2             ]   | g++   -Og -ggdb -gz -DVL_DEBUG -D_GLIBCXX_DEBUG -DVERILATOR_INTERNAL_ -MMD -I. -I.. -I.. -I../../include -I../../include -MP  -Wno-shadow -Wno-unused-parameter -faligned-new -fno-exceptions -DDEFENV_SYSTEMC=\"\" -DDEFENV_SYSTEMC_ARCH=\"\" -DDEFENV_SYSTEMC_INCLUDE=\"\" -DDEFENV_SYSTEMC_LIBDIR=\"\" -DDEFENV_VERILATOR_ROOT=\"/opt/verilator/share/verilator\" -include V3PchAstMT.h -c ../V3EmitCHeaders.cpp -o V3EmitCHeaders.o
[rtl-full/Verilator shard 3/5-4             ]   | g++   -O3 -DVERILATOR_INTERNAL_ -MMD -I. -I.. -I.. -I../../include -I../../include -MP  -Wno-shadow -Wno-unused-parameter -faligned-new -fno-exceptions -DDEFENV_SYSTEMC=\"\" -DDEFENV_SYSTEMC_ARCH=\"\" -DDEFENV_SYSTEMC_INCLUDE=\"\" -DDEFENV_SYSTEMC_LIBDIR=\"\" -DDEFENV_VERILATOR_ROOT=\"/opt/verilator/share/verilator\" -include V3PchAstMT.h -c ../V3EmitCHeaders.cpp -o V3EmitCHeaders.o
[rtl-full/Verilator shard 3/5-4             ]   | g++   -Og -ggdb -gz -DVL_DEBUG -D_GLIBCXX_DEBUG -DVERILATOR_INTERNAL_ -MMD -I. -I.. -I.. -I../../include -I../../include -MP  -Wno-shadow -Wno-unused-parameter -faligned-new -fno-exceptions -DDEFENV_SYSTEMC=\"\" -DDEFENV_SYSTEMC_ARCH=\"\" -DDEFENV_SYSTEMC_INCLUDE=\"\" -DDEFENV_SYSTEMC_LIBDIR=\"\" -DDEFENV_VERILATOR_ROOT=\"/opt/verilator/share/verilator\" -x c++-header -c ../V3PchAstNoMT.h -o V3PchAstNoMT.h.gch
[rtl-full/Verilator shard 3/5-4             ]   | g++   -O3 -DVERILATOR_INTERNAL_ -MMD -I. -I.. -I.. -I../../include -I../../include -MP  -Wno-shadow -Wno-unused-parameter -faligned-new -fno-exceptions -DDEFENV_SYSTEMC=\"\" -DDEFENV_SYSTEMC_ARCH=\"\" -DDEFENV_SYSTEMC_INCLUDE=\"\" -DDEFENV_SYSTEMC_LIBDIR=\"\" -DDEFENV_VERILATOR_ROOT=\"/opt/verilator/share/verilator\" -include V3PchAstMT.h -c ../V3EmitCImp.cpp -o V3EmitCImp.o
[rtl-full/Verilator shard 1/5-2             ]   | g++   -Og -ggdb -gz -DVL_DEBUG -D_GLIBCXX_DEBUG -DVERILATOR_INTERNAL_ -MMD -I. -I.. -I.. -I../../include -I../../include -MP  -Wno-shadow -Wno-unused-parameter -faligned-new -fno-exceptions -DDEFENV_SYSTEMC=\"\" -DDEFENV_SYSTEMC_ARCH=\"\" -DDEFENV_SYSTEMC_INCLUDE=\"\" -DDEFENV_SYSTEMC_LIBDIR=\"\" -DDEFENV_VERILATOR_ROOT=\"/opt/verilator/share/verilator\" -include V3PchAstMT.h -c ../V3EmitCImp.cpp -o V3EmitCImp.o
[rtl-full/Verilator shard 1/5-2             ]   | g++   -Og -ggdb -gz -DVL_DEBUG -D_GLIBCXX_DEBUG -DVERILATOR_INTERNAL_ -MMD -I. -I.. -I.. -I../../include -I../../include -MP  -Wno-shadow -Wno-unused-parameter -faligned-new -fno-exceptions -DDEFENV_SYSTEMC=\"\" -DDEFENV_SYSTEMC_ARCH=\"\" -DDEFENV_SYSTEMC_INCLUDE=\"\" -DDEFENV_SYSTEMC_LIBDIR=\"\" -DDEFENV_VERILATOR_ROOT=\"/opt/verilator/share/verilator\" -include V3PchAstMT.h -c ../V3EmitCInlines.cpp -o V3EmitCInlines.o
[rtl-full/Verilator shard 0/5-1             ]   | g++   -O3 -DVERILATOR_INTERNAL_ -MMD -I. -I.. -I.. -I../../include -I../../include -MP  -Wno-shadow -Wno-unused-parameter -faligned-new -fno-exceptions -DDEFENV_SYSTEMC=\"\" -DDEFENV_SYSTEMC_ARCH=\"\" -DDEFENV_SYSTEMC_INCLUDE=\"\" -DDEFENV_SYSTEMC_LIBDIR=\"\" -DDEFENV_VERILATOR_ROOT=\"/opt/verilator/share/verilator\" -include V3PchAstMT.h -c ../V3EmitCBase.cpp -o V3EmitCBase.o
[rtl-full/Verilator shard 2/5-3             ]   | g++   -Og -ggdb -gz -DVL_DEBUG -D_GLIBCXX_DEBUG -DVERILATOR_INTERNAL_ -MMD -I. -I.. -I.. -I../../include -I../../include -MP  -Wno-shadow -Wno-unused-parameter -faligned-new -fno-exceptions -DDEFENV_SYSTEMC=\"\" -DDEFENV_SYSTEMC_ARCH=\"\" -DDEFENV_SYSTEMC_INCLUDE=\"\" -DDEFENV_SYSTEMC_LIBDIR=\"\" -DDEFENV_VERILATOR_ROOT=\"/opt/verilator/share/verilator\" -include V3PchAstMT.h -c ../V3EmitCBase.cpp -o V3EmitCBase.o
[rtl-full/Verilator shard 1/5-2             ]   | g++   -Og -ggdb -gz -DVL_DEBUG -D_GLIBCXX_DEBUG -DVERILATOR_INTERNAL_ -MMD -I. -I.. -I.. -I../../include -I../../include -MP  -Wno-shadow -Wno-unused-parameter -faligned-new -fno-exceptions -DDEFENV_SYSTEMC=\"\" -DDEFENV_SYSTEMC_ARCH=\"\" -DDEFENV_SYSTEMC_INCLUDE=\"\" -DDEFENV_SYSTEMC_LIBDIR=\"\" -DDEFENV_VERILATOR_ROOT=\"/opt/verilator/share/verilator\" -include V3PchAstMT.h -c ../V3EmitCPch.cpp -o V3EmitCPch.o
[rtl-full/Verilator shard 1/5-2             ]   | g++   -Og -ggdb -gz -DVL_DEBUG -D_GLIBCXX_DEBUG -DVERILATOR_INTERNAL_ -MMD -I. -I.. -I.. -I../../include -I../../include -MP  -Wno-shadow -Wno-unused-parameter -faligned-new -fno-exceptions -DDEFENV_SYSTEMC=\"\" -DDEFENV_SYSTEMC_ARCH=\"\" -DDEFENV_SYSTEMC_INCLUDE=\"\" -DDEFENV_SYSTEMC_LIBDIR=\"\" -DDEFENV_VERILATOR_ROOT=\"/opt/verilator/share/verilator\" -include V3PchAstMT.h -c ../V3EmitV.cpp -o V3EmitV.o
[rtl-full/Verilator shard 0/5-1             ]   | g++   -O3 -DVERILATOR_INTERNAL_ -MMD -I. -I.. -I.. -I../../include -I../../include -MP  -Wno-shadow -Wno-unused-parameter -faligned-new -fno-exceptions -DDEFENV_SYSTEMC=\"\" -DDEFENV_SYSTEMC_ARCH=\"\" -DDEFENV_SYSTEMC_INCLUDE=\"\" -DDEFENV_SYSTEMC_LIBDIR=\"\" -DDEFENV_VERILATOR_ROOT=\"/opt/verilator/share/verilator\" -include V3PchAstMT.h -c ../V3EmitCConstPool.cpp -o V3EmitCConstPool.o
[rtl-full/Verilator shard 3/5-4             ]   | g++   -Og -ggdb -gz -DVL_DEBUG -D_GLIBCXX_DEBUG -DVERILATOR_INTERNAL_ -MMD -I. -I.. -I.. -I../../include -I../../include -MP  -Wno-shadow -Wno-unused-parameter -faligned-new -fno-exceptions -DDEFENV_SYSTEMC=\"\" -DDEFENV_SYSTEMC_ARCH=\"\" -DDEFENV_SYSTEMC_INCLUDE=\"\" -DDEFENV_SYSTEMC_LIBDIR=\"\" -DDEFENV_VERILATOR_ROOT=\"/opt/verilator/share/verilator\" -c V3Const__gen.cpp -o V3Const__gen.o
[rtl-full/Verilator shard 1/5-2             ]   | g++   -O3 -DVERILATOR_INTERNAL_ -MMD -I. -I.. -I.. -I../../include -I../../include -MP  -Wno-shadow -Wno-unused-parameter -faligned-new -fno-exceptions -DDEFENV_SYSTEMC=\"\" -DDEFENV_SYSTEMC_ARCH=\"\" -DDEFENV_SYSTEMC_INCLUDE=\"\" -DDEFENV_SYSTEMC_LIBDIR=\"\" -DDEFENV_VERILATOR_ROOT=\"/opt/verilator/share/verilator\" -c V3Const__gen.cpp -o V3Const__gen.o
[rtl-full/Verilator shard 0/5-1             ]   | g++   -O3 -DVERILATOR_INTERNAL_ -MMD -I. -I.. -I.. -I../../include -I../../include -MP  -Wno-shadow -Wno-unused-parameter -faligned-new -fno-exceptions -DDEFENV_SYSTEMC=\"\" -DDEFENV_SYSTEMC_ARCH=\"\" -DDEFENV_SYSTEMC_INCLUDE=\"\" -DDEFENV_SYSTEMC_LIBDIR=\"\" -DDEFENV_VERILATOR_ROOT=\"/opt/verilator/share/verilator\" -include V3PchAstMT.h -c ../V3EmitCFunc.cpp -o V3EmitCFunc.o
[rtl-full/Verilator shard 0/5-1             ]   | g++   -Og -ggdb -gz -DVL_DEBUG -D_GLIBCXX_DEBUG -DVERILATOR_INTERNAL_ -MMD -I. -I.. -I.. -I../../include -I../../include -MP  -Wno-shadow -Wno-unused-parameter -faligned-new -fno-exceptions -DDEFENV_SYSTEMC=\"\" -DDEFENV_SYSTEMC_ARCH=\"\" -DDEFENV_SYSTEMC_INCLUDE=\"\" -DDEFENV_SYSTEMC_LIBDIR=\"\" -DDEFENV_VERILATOR_ROOT=\"/opt/verilator/share/verilator\" -c V3Const__gen.cpp -o V3Const__gen.o
[rtl-full/Verilator shard 2/5-3             ]   | g++   -Og -ggdb -gz -DVL_DEBUG -D_GLIBCXX_DEBUG -DVERILATOR_INTERNAL_ -MMD -I. -I.. -I.. -I../../include -I../../include -MP  -Wno-shadow -Wno-unused-parameter -faligned-new -fno-exceptions -DDEFENV_SYSTEMC=\"\" -DDEFENV_SYSTEMC_ARCH=\"\" -DDEFENV_SYSTEMC_INCLUDE=\"\" -DDEFENV_SYSTEMC_LIBDIR=\"\" -DDEFENV_VERILATOR_ROOT=\"/opt/verilator/share/verilator\" -include V3PchAstMT.h -c ../V3EmitCConstPool.cpp -o V3EmitCConstPool.o
[rtl-full/Verilator shard 1/5-2             ]   | python3 ../flexfix V3Lexer <V3Lexer_pregen.yy.cpp >V3Lexer.yy.cpp
[rtl-full/Verilator shard 1/5-2             ]   | python3 ../flexfix V3PreLex <V3PreLex_pregen.yy.cpp >V3PreLex.yy.cpp
[rtl-full/Verilator shard 1/5-2             ]   | g++   -Og -ggdb -gz -DVL_DEBUG -D_GLIBCXX_DEBUG -DVERILATOR_INTERNAL_ -MMD -I. -I.. -I.. -I../../include -I../../include -MP  -Wno-shadow -Wno-unused-parameter -faligned-new -fno-exceptions -DDEFENV_SYSTEMC=\"\" -DDEFENV_SYSTEMC_ARCH=\"\" -DDEFENV_SYSTEMC_INCLUDE=\"\" -DDEFENV_SYSTEMC_LIBDIR=\"\" -DDEFENV_VERILATOR_ROOT=\"/opt/verilator/share/verilator\" -include V3PchAstMT.h -c ../V3File.cpp -o V3File.o
[rtl-full/Verilator shard 3/5-4             ]   | g++   -O3 -DVERILATOR_INTERNAL_ -MMD -I. -I.. -I.. -I../../include -I../../include -MP  -Wno-shadow -Wno-unused-parameter -faligned-new -fno-exceptions -DDEFENV_SYSTEMC=\"\" -DDEFENV_SYSTEMC_ARCH=\"\" -DDEFENV_SYSTEMC_INCLUDE=\"\" -DDEFENV_SYSTEMC_LIBDIR=\"\" -DDEFENV_VERILATOR_ROOT=\"/opt/verilator/share/verilator\" -include V3PchAstMT.h -c ../V3EmitCInlines.cpp -o V3EmitCInlines.o
[rtl-full/Verilator shard 2/5-3             ]   | g++   -Og -ggdb -gz -DVL_DEBUG -D_GLIBCXX_DEBUG -DVERILATOR_INTERNAL_ -MMD -I. -I.. -I.. -I../../include -I../../include -MP  -Wno-shadow -Wno-unused-parameter -faligned-new -fno-exceptions -DDEFENV_SYSTEMC=\"\" -DDEFENV_SYSTEMC_ARCH=\"\" -DDEFENV_SYSTEMC_INCLUDE=\"\" -DDEFENV_SYSTEMC_LIBDIR=\"\" -DDEFENV_VERILATOR_ROOT=\"/opt/verilator/share/verilator\" -include V3PchAstMT.h -c ../V3EmitCFunc.cpp -o V3EmitCFunc.o
[rtl-full/Verilator shard 3/5-4             ]   | python3 ../flexfix V3Lexer <V3Lexer_pregen.yy.cpp >V3Lexer.yy.cpp
[rtl-full/Verilator shard 0/5-1             ]   | g++   -O3 -DVERILATOR_INTERNAL_ -MMD -I. -I.. -I.. -I../../include -I../../include -MP  -Wno-shadow -Wno-unused-parameter -faligned-new -fno-exceptions -DDEFENV_SYSTEMC=\"\" -DDEFENV_SYSTEMC_ARCH=\"\" -DDEFENV_SYSTEMC_INCLUDE=\"\" -DDEFENV_SYSTEMC_LIBDIR=\"\" -DDEFENV_VERILATOR_ROOT=\"/opt/verilator/share/verilator\" -include V3PchAstMT.h -c ../V3EmitCHeaders.cpp -o V3EmitCHeaders.o
[rtl-full/Verilator shard 3/5-4             ]   | python3 ../flexfix V3PreLex <V3PreLex_pregen.yy.cpp >V3PreLex.yy.cpp
[rtl-full/Verilator shard 3/5-4             ]   | g++   -O3 -DVERILATOR_INTERNAL_ -MMD -I. -I.. -I.. -I../../include -I../../include -MP  -Wno-shadow -Wno-unused-parameter -faligned-new -fno-exceptions -DDEFENV_SYSTEMC=\"\" -DDEFENV_SYSTEMC_ARCH=\"\" -DDEFENV_SYSTEMC_INCLUDE=\"\" -DDEFENV_SYSTEMC_LIBDIR=\"\" -DDEFENV_VERILATOR_ROOT=\"/opt/verilator/share/verilator\" -include V3PchAstMT.h -c ../V3EmitCPch.cpp -o V3EmitCPch.o
[rtl-full/Verilator shard 3/5-4             ]   | g++   -Og -ggdb -gz -DVL_DEBUG -D_GLIBCXX_DEBUG -DVERILATOR_INTERNAL_ -MMD -I. -I.. -I.. -I../../include -I../../include -MP  -Wno-shadow -Wno-unused-parameter -faligned-new -fno-exceptions -DDEFENV_SYSTEMC=\"\" -DDEFENV_SYSTEMC_ARCH=\"\" -DDEFENV_SYSTEMC_INCLUDE=\"\" -DDEFENV_SYSTEMC_LIBDIR=\"\" -DDEFENV_VERILATOR_ROOT=\"/opt/verilator/share/verilator\" -include V3PchAstMT.h -c ../V3Ast.cpp -o V3Ast.o
[rtl-full/Verilator shard 1/5-2             ]   | g++   -O3 -DVERILATOR_INTERNAL_ -MMD -I. -I.. -I.. -I../../include -I../../include -MP  -Wno-shadow -Wno-unused-parameter -faligned-new -fno-exceptions -DDEFENV_SYSTEMC=\"\" -DDEFENV_SYSTEMC_ARCH=\"\" -DDEFENV_SYSTEMC_INCLUDE=\"\" -DDEFENV_SYSTEMC_LIBDIR=\"\" -DDEFENV_VERILATOR_ROOT=\"/opt/verilator/share/verilator\" -include V3PchAstMT.h -c ../V3Ast.cpp -o V3Ast.o
[rtl-full/Verilator shard 3/5-4             ]   | g++   -O3 -DVERILATOR_INTERNAL_ -MMD -I. -I.. -I.. -I../../include -I../../include -MP  -Wno-shadow -Wno-unused-parameter -faligned-new -fno-exceptions -DDEFENV_SYSTEMC=\"\" -DDEFENV_SYSTEMC_ARCH=\"\" -DDEFENV_SYSTEMC_INCLUDE=\"\" -DDEFENV_SYSTEMC_LIBDIR=\"\" -DDEFENV_VERILATOR_ROOT=\"/opt/verilator/share/verilator\" -include V3PchAstMT.h -c ../V3EmitV.cpp -o V3EmitV.o
[rtl-full/Verilator shard 0/5-1             ]   | g++   -O3 -DVERILATOR_INTERNAL_ -MMD -I. -I.. -I.. -I../../include -I../../include -MP  -Wno-shadow -Wno-unused-parameter -faligned-new -fno-exceptions -DDEFENV_SYSTEMC=\"\" -DDEFENV_SYSTEMC_ARCH=\"\" -DDEFENV_SYSTEMC_INCLUDE=\"\" -DDEFENV_SYSTEMC_LIBDIR=\"\" -DDEFENV_VERILATOR_ROOT=\"/opt/verilator/share/verilator\" -include V3PchAstMT.h -c ../V3EmitCImp.cpp -o V3EmitCImp.o
[rtl-full/Verilator shard 1/5-2             ]   | g++   -Og -ggdb -gz -DVL_DEBUG -D_GLIBCXX_DEBUG -DVERILATOR_INTERNAL_ -MMD -I. -I.. -I.. -I../../include -I../../include -MP  -Wno-shadow -Wno-unused-parameter -faligned-new -fno-exceptions -DDEFENV_SYSTEMC=\"\" -DDEFENV_SYSTEMC_ARCH=\"\" -DDEFENV_SYSTEMC_INCLUDE=\"\" -DDEFENV_SYSTEMC_LIBDIR=\"\" -DDEFENV_VERILATOR_ROOT=\"/opt/verilator/share/verilator\" -include V3PchAstMT.h -c ../V3FuncOpt.cpp -o V3FuncOpt.o
[rtl-full/Verilator shard 2/5-3             ]   | g++   -Og -ggdb -gz -DVL_DEBUG -D_GLIBCXX_DEBUG -DVERILATOR_INTERNAL_ -MMD -I. -I.. -I.. -I../../include -I../../include -MP  -Wno-shadow -Wno-unused-parameter -faligned-new -fno-exceptions -DDEFENV_SYSTEMC=\"\" -DDEFENV_SYSTEMC_ARCH=\"\" -DDEFENV_SYSTEMC_INCLUDE=\"\" -DDEFENV_SYSTEMC_LIBDIR=\"\" -DDEFENV_VERILATOR_ROOT=\"/opt/verilator/share/verilator\" -include V3PchAstMT.h -c ../V3EmitCHeaders.cpp -o V3EmitCHeaders.o
[rtl-full/Verilator shard 1/5-2             ]   | g++   -O3 -DVERILATOR_INTERNAL_ -MMD -I. -I.. -I.. -I../../include -I../../include -MP  -Wno-shadow -Wno-unused-parameter -faligned-new -fno-exceptions -DDEFENV_SYSTEMC=\"\" -DDEFENV_SYSTEMC_ARCH=\"\" -DDEFENV_SYSTEMC_INCLUDE=\"\" -DDEFENV_SYSTEMC_LIBDIR=\"\" -DDEFENV_VERILATOR_ROOT=\"/opt/verilator/share/verilator\" -include V3PchAstMT.h -c ../V3AstNodes.cpp -o V3AstNodes.o
[rtl-full/Verilator shard 3/5-4             ]   | g++   -Og -ggdb -gz -DVL_DEBUG -D_GLIBCXX_DEBUG -DVERILATOR_INTERNAL_ -MMD -I. -I.. -I.. -I../../include -I../../include -MP  -Wno-shadow -Wno-unused-parameter -faligned-new -fno-exceptions -DDEFENV_SYSTEMC=\"\" -DDEFENV_SYSTEMC_ARCH=\"\" -DDEFENV_SYSTEMC_INCLUDE=\"\" -DDEFENV_SYSTEMC_LIBDIR=\"\" -DDEFENV_VERILATOR_ROOT=\"/opt/verilator/share/verilator\" -include V3PchAstMT.h -c ../V3AstNodes.cpp -o V3AstNodes.o
[rtl-full/Verilator shard 2/5-3             ]   | g++   -Og -ggdb -gz -DVL_DEBUG -D_GLIBCXX_DEBUG -DVERILATOR_INTERNAL_ -MMD -I. -I.. -I.. -I../../include -I../../include -MP  -Wno-shadow -Wno-unused-parameter -faligned-new -fno-exceptions -DDEFENV_SYSTEMC=\"\" -DDEFENV_SYSTEMC_ARCH=\"\" -DDEFENV_SYSTEMC_INCLUDE=\"\" -DDEFENV_SYSTEMC_LIBDIR=\"\" -DDEFENV_VERILATOR_ROOT=\"/opt/verilator/share/verilator\" -include V3PchAstMT.h -c ../V3EmitCImp.cpp -o V3EmitCImp.o
[rtl-full/Verilator shard 0/5-1             ]   | g++   -O3 -DVERILATOR_INTERNAL_ -MMD -I. -I.. -I.. -I../../include -I../../include -MP  -Wno-shadow -Wno-unused-parameter -faligned-new -fno-exceptions -DDEFENV_SYSTEMC=\"\" -DDEFENV_SYSTEMC_ARCH=\"\" -DDEFENV_SYSTEMC_INCLUDE=\"\" -DDEFENV_SYSTEMC_LIBDIR=\"\" -DDEFENV_VERILATOR_ROOT=\"/opt/verilator/share/verilator\" -include V3PchAstMT.h -c ../V3EmitCInlines.cpp -o V3EmitCInlines.o
[rtl-full/Verilator shard 0/5-1             ]   | g++   -O3 -DVERILATOR_INTERNAL_ -MMD -I. -I.. -I.. -I../../include -I../../include -MP  -Wno-shadow -Wno-unused-parameter -faligned-new -fno-exceptions -DDEFENV_SYSTEMC=\"\" -DDEFENV_SYSTEMC_ARCH=\"\" -DDEFENV_SYSTEMC_INCLUDE=\"\" -DDEFENV_SYSTEMC_LIBDIR=\"\" -DDEFENV_VERILATOR_ROOT=\"/opt/verilator/share/verilator\" -include V3PchAstMT.h -c ../V3EmitCPch.cpp -o V3EmitCPch.o
[rtl-full/Verilator shard 3/5-4             ]   | g++   -Og -ggdb -gz -DVL_DEBUG -D_GLIBCXX_DEBUG -DVERILATOR_INTERNAL_ -MMD -I. -I.. -I.. -I../../include -I../../include -MP  -Wno-shadow -Wno-unused-parameter -faligned-new -fno-exceptions -DDEFENV_SYSTEMC=\"\" -DDEFENV_SYSTEMC_ARCH=\"\" -DDEFENV_SYSTEMC_INCLUDE=\"\" -DDEFENV_SYSTEMC_LIBDIR=\"\" -DDEFENV_VERILATOR_ROOT=\"/opt/verilator/share/verilator\" -include V3PchAstMT.h -c ../V3Broken.cpp -o V3Broken.o
[rtl-full/Verilator shard 0/5-1             ]   | g++   -O3 -DVERILATOR_INTERNAL_ -MMD -I. -I.. -I.. -I../../include -I../../include -MP  -Wno-shadow -Wno-unused-parameter -faligned-new -fno-exceptions -DDEFENV_SYSTEMC=\"\" -DDEFENV_SYSTEMC_ARCH=\"\" -DDEFENV_SYSTEMC_INCLUDE=\"\" -DDEFENV_SYSTEMC_LIBDIR=\"\" -DDEFENV_VERILATOR_ROOT=\"/opt/verilator/share/verilator\" -include V3PchAstMT.h -c ../V3EmitV.cpp -o V3EmitV.o
[rtl-full/Verilator shard 3/5-4             ]   | g++   -O3 -DVERILATOR_INTERNAL_ -MMD -I. -I.. -I.. -I../../include -I../../include -MP  -Wno-shadow -Wno-unused-parameter -faligned-new -fno-exceptions -DDEFENV_SYSTEMC=\"\" -DDEFENV_SYSTEMC_ARCH=\"\" -DDEFENV_SYSTEMC_INCLUDE=\"\" -DDEFENV_SYSTEMC_LIBDIR=\"\" -DDEFENV_VERILATOR_ROOT=\"/opt/verilator/share/verilator\" -include V3PchAstMT.h -c ../V3File.cpp -o V3File.o
[rtl-full/Verilator shard 1/5-2             ]   | g++   -Og -ggdb -gz -DVL_DEBUG -D_GLIBCXX_DEBUG -DVERILATOR_INTERNAL_ -MMD -I. -I.. -I.. -I../../include -I../../include -MP  -Wno-shadow -Wno-unused-parameter -faligned-new -fno-exceptions -DDEFENV_SYSTEMC=\"\" -DDEFENV_SYSTEMC_ARCH=\"\" -DDEFENV_SYSTEMC_INCLUDE=\"\" -DDEFENV_SYSTEMC_LIBDIR=\"\" -DDEFENV_VERILATOR_ROOT=\"/opt/verilator/share/verilator\" -include V3PchAstMT.h -c ../V3Global.cpp -o V3Global.o
[rtl-full/Verilator shard 3/5-4             ]   | g++   -Og -ggdb -gz -DVL_DEBUG -D_GLIBCXX_DEBUG -DVERILATOR_INTERNAL_ -MMD -I. -I.. -I.. -I../../include -I../../include -MP  -Wno-shadow -Wno-unused-parameter -faligned-new -fno-exceptions -DDEFENV_SYSTEMC=\"\" -DDEFENV_SYSTEMC_ARCH=\"\" -DDEFENV_SYSTEMC_INCLUDE=\"\" -DDEFENV_SYSTEMC_LIBDIR=\"\" -DDEFENV_VERILATOR_ROOT=\"/opt/verilator/share/verilator\" -include V3PchAstMT.h -c ../V3Control.cpp -o V3Control.o
[rtl-full/Verilator shard 1/5-2             ]   | g++   -O3 -DVERILATOR_INTERNAL_ -MMD -I. -I.. -I.. -I../../include -I../../include -MP  -Wno-shadow -Wno-unused-parameter -faligned-new -fno-exceptions -DDEFENV_SYSTEMC=\"\" -DDEFENV_SYSTEMC_ARCH=\"\" -DDEFENV_SYSTEMC_INCLUDE=\"\" -DDEFENV_SYSTEMC_LIBDIR=\"\" -DDEFENV_VERILATOR_ROOT=\"/opt/verilator/share/verilator\" -include V3PchAstMT.h -c ../V3Broken.cpp -o V3Broken.o
[rtl-full/Verilator shard 2/5-3             ]   | g++   -Og -ggdb -gz -DVL_DEBUG -D_GLIBCXX_DEBUG -DVERILATOR_INTERNAL_ -MMD -I. -I.. -I.. -I../../include -I../../include -MP  -Wno-shadow -Wno-unused-parameter -faligned-new -fno-exceptions -DDEFENV_SYSTEMC=\"\" -DDEFENV_SYSTEMC_ARCH=\"\" -DDEFENV_SYSTEMC_INCLUDE=\"\" -DDEFENV_SYSTEMC_LIBDIR=\"\" -DDEFENV_VERILATOR_ROOT=\"/opt/verilator/share/verilator\" -include V3PchAstMT.h -c ../V3EmitCInlines.cpp -o V3EmitCInlines.o
[rtl-full/Verilator shard 0/5-1             ]   | g++   -O3 -DVERILATOR_INTERNAL_ -MMD -I. -I.. -I.. -I../../include -I../../include -MP  -Wno-shadow -Wno-unused-parameter -faligned-new -fno-exceptions -DDEFENV_SYSTEMC=\"\" -DDEFENV_SYSTEMC_ARCH=\"\" -DDEFENV_SYSTEMC_INCLUDE=\"\" -DDEFENV_SYSTEMC_LIBDIR=\"\" -DDEFENV_VERILATOR_ROOT=\"/opt/verilator/share/verilator\" -include V3PchAstMT.h -c ../V3File.cpp -o V3File.o
[rtl-full/Verilator shard 2/5-3             ]   | g++   -Og -ggdb -gz -DVL_DEBUG -D_GLIBCXX_DEBUG -DVERILATOR_INTERNAL_ -MMD -I. -I.. -I.. -I../../include -I../../include -MP  -Wno-shadow -Wno-unused-parameter -faligned-new -fno-exceptions -DDEFENV_SYSTEMC=\"\" -DDEFENV_SYSTEMC_ARCH=\"\" -DDEFENV_SYSTEMC_INCLUDE=\"\" -DDEFENV_SYSTEMC_LIBDIR=\"\" -DDEFENV_VERILATOR_ROOT=\"/opt/verilator/share/verilator\" -include V3PchAstMT.h -c ../V3EmitCPch.cpp -o V3EmitCPch.o
[rtl-full/Verilator shard 2/5-3             ]   | g++   -Og -ggdb -gz -DVL_DEBUG -D_GLIBCXX_DEBUG -DVERILATOR_INTERNAL_ -MMD -I. -I.. -I.. -I../../include -I../../include -MP  -Wno-shadow -Wno-unused-parameter -faligned-new -fno-exceptions -DDEFENV_SYSTEMC=\"\" -DDEFENV_SYSTEMC_ARCH=\"\" -DDEFENV_SYSTEMC_INCLUDE=\"\" -DDEFENV_SYSTEMC_LIBDIR=\"\" -DDEFENV_VERILATOR_ROOT=\"/opt/verilator/share/verilator\" -include V3PchAstMT.h -c ../V3EmitV.cpp -o V3EmitV.o
[rtl-full/Verilator shard 0/5-1             ]   | g++   -O3 -DVERILATOR_INTERNAL_ -MMD -I. -I.. -I.. -I../../include -I../../include -MP  -Wno-shadow -Wno-unused-parameter -faligned-new -fno-exceptions -DDEFENV_SYSTEMC=\"\" -DDEFENV_SYSTEMC_ARCH=\"\" -DDEFENV_SYSTEMC_INCLUDE=\"\" -DDEFENV_SYSTEMC_LIBDIR=\"\" -DDEFENV_VERILATOR_ROOT=\"/opt/verilator/share/verilator\" -include V3PchAstMT.h -c ../V3FuncOpt.cpp -o V3FuncOpt.o
[rtl-full/Verilator shard 1/5-2             ]   | g++   -Og -ggdb -gz -DVL_DEBUG -D_GLIBCXX_DEBUG -DVERILATOR_INTERNAL_ -MMD -I. -I.. -I.. -I../../include -I../../include -MP  -Wno-shadow -Wno-unused-parameter -faligned-new -fno-exceptions -DDEFENV_SYSTEMC=\"\" -DDEFENV_SYSTEMC_ARCH=\"\" -DDEFENV_SYSTEMC_INCLUDE=\"\" -DDEFENV_SYSTEMC_LIBDIR=\"\" -DDEFENV_VERILATOR_ROOT=\"/opt/verilator/share/verilator\" -include V3PchAstMT.h -c ../V3Hasher.cpp -o V3Hasher.o
[rtl-full/Verilator shard 3/5-4             ]   | g++   -O3 -DVERILATOR_INTERNAL_ -MMD -I. -I.. -I.. -I../../include -I../../include -MP  -Wno-shadow -Wno-unused-parameter -faligned-new -fno-exceptions -DDEFENV_SYSTEMC=\"\" -DDEFENV_SYSTEMC_ARCH=\"\" -DDEFENV_SYSTEMC_INCLUDE=\"\" -DDEFENV_SYSTEMC_LIBDIR=\"\" -DDEFENV_VERILATOR_ROOT=\"/opt/verilator/share/verilator\" -include V3PchAstMT.h -c ../V3FuncOpt.cpp -o V3FuncOpt.o
[rtl-full/Verilator shard 2/5-3             ]   | python3 ../flexfix V3Lexer <V3Lexer_pregen.yy.cpp >V3Lexer.yy.cpp
[rtl-full/Verilator shard 1/5-2             ]   | g++   -Og -ggdb -gz -DVL_DEBUG -D_GLIBCXX_DEBUG -DVERILATOR_INTERNAL_ -MMD -I. -I.. -I.. -I../../include -I../../include -MP  -Wno-shadow -Wno-unused-parameter -faligned-new -fno-exceptions -DDEFENV_SYSTEMC=\"\" -DDEFENV_SYSTEMC_ARCH=\"\" -DDEFENV_SYSTEMC_INCLUDE=\"\" -DDEFENV_SYSTEMC_LIBDIR=\"\" -DDEFENV_VERILATOR_ROOT=\"/opt/verilator/share/verilator\" -include V3PchAstMT.h -c ../V3Number.cpp -o V3Number.o
[rtl-full/Verilator shard 0/5-1             ]   | g++   -O3 -DVERILATOR_INTERNAL_ -MMD -I. -I.. -I.. -I../../include -I../../include -MP  -Wno-shadow -Wno-unused-parameter -faligned-new -fno-exceptions -DDEFENV_SYSTEMC=\"\" -DDEFENV_SYSTEMC_ARCH=\"\" -DDEFENV_SYSTEMC_INCLUDE=\"\" -DDEFENV_SYSTEMC_LIBDIR=\"\" -DDEFENV_VERILATOR_ROOT=\"/opt/verilator/share/verilator\" -include V3PchAstMT.h -c ../V3Global.cpp -o V3Global.o
[rtl-full/Verilator shard 2/5-3             ]   | python3 ../flexfix V3PreLex <V3PreLex_pregen.yy.cpp >V3PreLex.yy.cpp
[rtl-full/Verilator shard 2/5-3             ]   | g++   -O3 -DVERILATOR_INTERNAL_ -MMD -I. -I.. -I.. -I../../include -I../../include -MP  -Wno-shadow -Wno-unused-parameter -faligned-new -fno-exceptions -DDEFENV_SYSTEMC=\"\" -DDEFENV_SYSTEMC_ARCH=\"\" -DDEFENV_SYSTEMC_INCLUDE=\"\" -DDEFENV_SYSTEMC_LIBDIR=\"\" -DDEFENV_VERILATOR_ROOT=\"/opt/verilator/share/verilator\" -include V3PchAstMT.h -c ../V3Ast.cpp -o V3Ast.o
[rtl-full/Verilator shard 2/5-3             ]   | g++   -Og -ggdb -gz -DVL_DEBUG -D_GLIBCXX_DEBUG -DVERILATOR_INTERNAL_ -MMD -I. -I.. -I.. -I../../include -I../../include -MP  -Wno-shadow -Wno-unused-parameter -faligned-new -fno-exceptions -DDEFENV_SYSTEMC=\"\" -DDEFENV_SYSTEMC_ARCH=\"\" -DDEFENV_SYSTEMC_INCLUDE=\"\" -DDEFENV_SYSTEMC_LIBDIR=\"\" -DDEFENV_VERILATOR_ROOT=\"/opt/verilator/share/verilator\" -include V3PchAstMT.h -c ../V3File.cpp -o V3File.o
[rtl-full/Verilator shard 0/5-1             ]   | g++   -O3 -DVERILATOR_INTERNAL_ -MMD -I. -I.. -I.. -I../../include -I../../include -MP  -Wno-shadow -Wno-unused-parameter -faligned-new -fno-exceptions -DDEFENV_SYSTEMC=\"\" -DDEFENV_SYSTEMC_ARCH=\"\" -DDEFENV_SYSTEMC_INCLUDE=\"\" -DDEFENV_SYSTEMC_LIBDIR=\"\" -DDEFENV_VERILATOR_ROOT=\"/opt/verilator/share/verilator\" -include V3PchAstMT.h -c ../V3Hasher.cpp -o V3Hasher.o
[rtl-full/Verilator shard 0/5-1             ]   | g++   -O3 -DVERILATOR_INTERNAL_ -MMD -I. -I.. -I.. -I../../include -I../../include -MP  -Wno-shadow -Wno-unused-parameter -faligned-new -fno-exceptions -DDEFENV_SYSTEMC=\"\" -DDEFENV_SYSTEMC_ARCH=\"\" -DDEFENV_SYSTEMC_INCLUDE=\"\" -DDEFENV_SYSTEMC_LIBDIR=\"\" -DDEFENV_VERILATOR_ROOT=\"/opt/verilator/share/verilator\" -include V3PchAstMT.h -c ../V3Number.cpp -o V3Number.o
[rtl-full/Verilator shard 0/5-1             ]   | python3 ../flexfix V3Lexer <V3Lexer_pregen.yy.cpp >V3Lexer.yy.cpp
[rtl-full/Verilator shard 0/5-1             ]   | python3 ../flexfix V3PreLex <V3PreLex_pregen.yy.cpp >V3PreLex.yy.cpp
[rtl-full/Verilator shard 0/5-1             ]   | g++   -Og -ggdb -gz -DVL_DEBUG -D_GLIBCXX_DEBUG -DVERILATOR_INTERNAL_ -MMD -I. -I.. -I.. -I../../include -I../../include -MP  -Wno-shadow -Wno-unused-parameter -faligned-new -fno-exceptions -DDEFENV_SYSTEMC=\"\" -DDEFENV_SYSTEMC_ARCH=\"\" -DDEFENV_SYSTEMC_INCLUDE=\"\" -DDEFENV_SYSTEMC_LIBDIR=\"\" -DDEFENV_VERILATOR_ROOT=\"/opt/verilator/share/verilator\" -include V3PchAstMT.h -c ../V3Ast.cpp -o V3Ast.o
[rtl-full/Verilator shard 2/5-3             ]   | g++   -Og -ggdb -gz -DVL_DEBUG -D_GLIBCXX_DEBUG -DVERILATOR_INTERNAL_ -MMD -I. -I.. -I.. -I../../include -I../../include -MP  -Wno-shadow -Wno-unused-parameter -faligned-new -fno-exceptions -DDEFENV_SYSTEMC=\"\" -DDEFENV_SYSTEMC_ARCH=\"\" -DDEFENV_SYSTEMC_INCLUDE=\"\" -DDEFENV_SYSTEMC_LIBDIR=\"\" -DDEFENV_VERILATOR_ROOT=\"/opt/verilator/share/verilator\" -include V3PchAstMT.h -c ../V3FuncOpt.cpp -o V3FuncOpt.o
[rtl-full/Verilator shard 3/5-4             ]   | g++   -O3 -DVERILATOR_INTERNAL_ -MMD -I. -I.. -I.. -I../../include -I../../include -MP  -Wno-shadow -Wno-unused-parameter -faligned-new -fno-exceptions -DDEFENV_SYSTEMC=\"\" -DDEFENV_SYSTEMC_ARCH=\"\" -DDEFENV_SYSTEMC_INCLUDE=\"\" -DDEFENV_SYSTEMC_LIBDIR=\"\" -DDEFENV_VERILATOR_ROOT=\"/opt/verilator/share/verilator\" -include V3PchAstMT.h -c ../V3Global.cpp -o V3Global.o
[rtl-full/Verilator shard 0/5-1             ]   | g++   -O3 -DVERILATOR_INTERNAL_ -MMD -I. -I.. -I.. -I../../include -I../../include -MP  -Wno-shadow -Wno-unused-parameter -faligned-new -fno-exceptions -DDEFENV_SYSTEMC=\"\" -DDEFENV_SYSTEMC_ARCH=\"\" -DDEFENV_SYSTEMC_INCLUDE=\"\" -DDEFENV_SYSTEMC_LIBDIR=\"\" -DDEFENV_VERILATOR_ROOT=\"/opt/verilator/share/verilator\" -include V3PchAstMT.h -c ../V3Options.cpp -o V3Options.o
[rtl-full/Verilator shard 1/5-2             ]   | g++   -Og -ggdb -gz -DVL_DEBUG -D_GLIBCXX_DEBUG -DVERILATOR_INTERNAL_ -MMD -I. -I.. -I.. -I../../include -I../../include -MP  -Wno-shadow -Wno-unused-parameter -faligned-new -fno-exceptions -DDEFENV_SYSTEMC=\"\" -DDEFENV_SYSTEMC_ARCH=\"\" -DDEFENV_SYSTEMC_INCLUDE=\"\" -DDEFENV_SYSTEMC_LIBDIR=\"\" -DDEFENV_VERILATOR_ROOT=\"/opt/verilator/share/verilator\" -include V3PchAstMT.h -c ../V3Options.cpp -o V3Options.o
[rtl-full/Verilator shard 2/5-3             ]   | g++   -Og -ggdb -gz -DVL_DEBUG -D_GLIBCXX_DEBUG -DVERILATOR_INTERNAL_ -MMD -I. -I.. -I.. -I../../include -I../../include -MP  -Wno-shadow -Wno-unused-parameter -faligned-new -fno-exceptions -DDEFENV_SYSTEMC=\"\" -DDEFENV_SYSTEMC_ARCH=\"\" -DDEFENV_SYSTEMC_INCLUDE=\"\" -DDEFENV_SYSTEMC_LIBDIR=\"\" -DDEFENV_VERILATOR_ROOT=\"/opt/verilator/share/verilator\" -include V3PchAstMT.h -c ../V3Global.cpp -o V3Global.o
[rtl-full/Verilator shard 1/5-2             ]   | g++   -Og -ggdb -gz -DVL_DEBUG -D_GLIBCXX_DEBUG -DVERILATOR_INTERNAL_ -MMD -I. -I.. -I.. -I../../include -I../../include -MP  -Wno-shadow -Wno-unused-parameter -faligned-new -fno-exceptions -DDEFENV_SYSTEMC=\"\" -DDEFENV_SYSTEMC_ARCH=\"\" -DDEFENV_SYSTEMC_INCLUDE=\"\" -DDEFENV_SYSTEMC_LIBDIR=\"\" -DDEFENV_VERILATOR_ROOT=\"/opt/verilator/share/verilator\" -include V3PchAstMT.h -c ../V3Stats.cpp -o V3Stats.o
[rtl-full/Verilator shard 2/5-3             ]   | g++   -Og -ggdb -gz -DVL_DEBUG -D_GLIBCXX_DEBUG -DVERILATOR_INTERNAL_ -MMD -I. -I.. -I.. -I../../include -I../../include -MP  -Wno-shadow -Wno-unused-parameter -faligned-new -fno-exceptions -DDEFENV_SYSTEMC=\"\" -DDEFENV_SYSTEMC_ARCH=\"\" -DDEFENV_SYSTEMC_INCLUDE=\"\" -DDEFENV_SYSTEMC_LIBDIR=\"\" -DDEFENV_VERILATOR_ROOT=\"/opt/verilator/share/verilator\" -include V3PchAstMT.h -c ../V3Hasher.cpp -o V3Hasher.o
[rtl-full/Verilator shard 2/5-3             ]   | g++   -O3 -DVERILATOR_INTERNAL_ -MMD -I. -I.. -I.. -I../../include -I../../include -MP  -Wno-shadow -Wno-unused-parameter -faligned-new -fno-exceptions -DDEFENV_SYSTEMC=\"\" -DDEFENV_SYSTEMC_ARCH=\"\" -DDEFENV_SYSTEMC_INCLUDE=\"\" -DDEFENV_SYSTEMC_LIBDIR=\"\" -DDEFENV_VERILATOR_ROOT=\"/opt/verilator/share/verilator\" -include V3PchAstMT.h -c ../V3AstNodes.cpp -o V3AstNodes.o
[rtl-full/Verilator shard 0/5-1             ]   | g++   -O3 -DVERILATOR_INTERNAL_ -MMD -I. -I.. -I.. -I../../include -I../../include -MP  -Wno-shadow -Wno-unused-parameter -faligned-new -fno-exceptions -DDEFENV_SYSTEMC=\"\" -DDEFENV_SYSTEMC_ARCH=\"\" -DDEFENV_SYSTEMC_INCLUDE=\"\" -DDEFENV_SYSTEMC_LIBDIR=\"\" -DDEFENV_VERILATOR_ROOT=\"/opt/verilator/share/verilator\" -include V3PchAstMT.h -c ../V3Stats.cpp -o V3Stats.o
[rtl-full/Verilator shard 3/5-4             ]   | g++   -O3 -DVERILATOR_INTERNAL_ -MMD -I. -I.. -I.. -I../../include -I../../include -MP  -Wno-shadow -Wno-unused-parameter -faligned-new -fno-exceptions -DDEFENV_SYSTEMC=\"\" -DDEFENV_SYSTEMC_ARCH=\"\" -DDEFENV_SYSTEMC_INCLUDE=\"\" -DDEFENV_SYSTEMC_LIBDIR=\"\" -DDEFENV_VERILATOR_ROOT=\"/opt/verilator/share/verilator\" -include V3PchAstMT.h -c ../V3Hasher.cpp -o V3Hasher.o
[rtl-full/Verilator shard 2/5-3             ]   | g++   -Og -ggdb -gz -DVL_DEBUG -D_GLIBCXX_DEBUG -DVERILATOR_INTERNAL_ -MMD -I. -I.. -I.. -I../../include -I../../include -MP  -Wno-shadow -Wno-unused-parameter -faligned-new -fno-exceptions -DDEFENV_SYSTEMC=\"\" -DDEFENV_SYSTEMC_ARCH=\"\" -DDEFENV_SYSTEMC_INCLUDE=\"\" -DDEFENV_SYSTEMC_LIBDIR=\"\" -DDEFENV_VERILATOR_ROOT=\"/opt/verilator/share/verilator\" -include V3PchAstMT.h -c ../V3Number.cpp -o V3Number.o
[rtl-full/Verilator shard 1/5-2             ]   | g++   -Og -ggdb -gz -DVL_DEBUG -D_GLIBCXX_DEBUG -DVERILATOR_INTERNAL_ -MMD -I. -I.. -I.. -I../../include -I../../include -MP  -Wno-shadow -Wno-unused-parameter -faligned-new -fno-exceptions -DDEFENV_SYSTEMC=\"\" -DDEFENV_SYSTEMC_ARCH=\"\" -DDEFENV_SYSTEMC_INCLUDE=\"\" -DDEFENV_SYSTEMC_LIBDIR=\"\" -DDEFENV_VERILATOR_ROOT=\"/opt/verilator/share/verilator\" -include V3PchAstMT.h -c ../V3StatsReport.cpp -o V3StatsReport.o
[rtl-full/Verilator shard 2/5-3             ]   | g++   -Og -ggdb -gz -DVL_DEBUG -D_GLIBCXX_DEBUG -DVERILATOR_INTERNAL_ -MMD -I. -I.. -I.. -I../../include -I../../include -MP  -Wno-shadow -Wno-unused-parameter -faligned-new -fno-exceptions -DDEFENV_SYSTEMC=\"\" -DDEFENV_SYSTEMC_ARCH=\"\" -DDEFENV_SYSTEMC_INCLUDE=\"\" -DDEFENV_SYSTEMC_LIBDIR=\"\" -DDEFENV_VERILATOR_ROOT=\"/opt/verilator/share/verilator\" -include V3PchAstMT.h -c ../V3Options.cpp -o V3Options.o
[rtl-full/Verilator shard 3/5-4             ]   | g++   -O3 -DVERILATOR_INTERNAL_ -MMD -I. -I.. -I.. -I../../include -I../../include -MP  -Wno-shadow -Wno-unused-parameter -faligned-new -fno-exceptions -DDEFENV_SYSTEMC=\"\" -DDEFENV_SYSTEMC_ARCH=\"\" -DDEFENV_SYSTEMC_INCLUDE=\"\" -DDEFENV_SYSTEMC_LIBDIR=\"\" -DDEFENV_VERILATOR_ROOT=\"/opt/verilator/share/verilator\" -include V3PchAstMT.h -c ../V3Number.cpp -o V3Number.o
[rtl-full/Verilator shard 0/5-1             ]   | g++   -Og -ggdb -gz -DVL_DEBUG -D_GLIBCXX_DEBUG -DVERILATOR_INTERNAL_ -MMD -I. -I.. -I.. -I../../include -I../../include -MP  -Wno-shadow -Wno-unused-parameter -faligned-new -fno-exceptions -DDEFENV_SYSTEMC=\"\" -DDEFENV_SYSTEMC_ARCH=\"\" -DDEFENV_SYSTEMC_INCLUDE=\"\" -DDEFENV_SYSTEMC_LIBDIR=\"\" -DDEFENV_VERILATOR_ROOT=\"/opt/verilator/share/verilator\" -include V3PchAstMT.h -c ../V3AstNodes.cpp -o V3AstNodes.o
[rtl-full/Verilator shard 1/5-2             ]   | g++   -O3 -DVERILATOR_INTERNAL_ -MMD -I. -I.. -I.. -I../../include -I../../include -MP  -Wno-shadow -Wno-unused-parameter -faligned-new -fno-exceptions -DDEFENV_SYSTEMC=\"\" -DDEFENV_SYSTEMC_ARCH=\"\" -DDEFENV_SYSTEMC_INCLUDE=\"\" -DDEFENV_SYSTEMC_LIBDIR=\"\" -DDEFENV_VERILATOR_ROOT=\"/opt/verilator/share/verilator\" -include V3PchAstMT.h -c ../V3Control.cpp -o V3Control.o
[rtl-full/Verilator shard 0/5-1             ]   | g++   -O3 -DVERILATOR_INTERNAL_ -MMD -I. -I.. -I.. -I../../include -I../../include -MP  -Wno-shadow -Wno-unused-parameter -faligned-new -fno-exceptions -DDEFENV_SYSTEMC=\"\" -DDEFENV_SYSTEMC_ARCH=\"\" -DDEFENV_SYSTEMC_INCLUDE=\"\" -DDEFENV_SYSTEMC_LIBDIR=\"\" -DDEFENV_VERILATOR_ROOT=\"/opt/verilator/share/verilator\" -include V3PchAstMT.h -c ../V3StatsReport.cpp -o V3StatsReport.o
[rtl-full/Verilator shard 3/5-4             ]   | g++   -Og -ggdb -gz -DVL_DEBUG -D_GLIBCXX_DEBUG -DVERILATOR_INTERNAL_ -MMD -I. -I.. -I.. -I../../include -I../../include -MP  -Wno-shadow -Wno-unused-parameter -faligned-new -fno-exceptions -DDEFENV_SYSTEMC=\"\" -DDEFENV_SYSTEMC_ARCH=\"\" -DDEFENV_SYSTEMC_INCLUDE=\"\" -DDEFENV_SYSTEMC_LIBDIR=\"\" -DDEFENV_VERILATOR_ROOT=\"/opt/verilator/share/verilator\" -include V3PchAstMT.h -c ../V3EmitCBase.cpp -o V3EmitCBase.o
[rtl-full/Verilator shard 0/5-1             ]   | g++   -O3 -DVERILATOR_INTERNAL_ -MMD -I. -I.. -I.. -I../../include -I../../include -MP  -Wno-shadow -Wno-unused-parameter -faligned-new -fno-exceptions -DDEFENV_SYSTEMC=\"\" -DDEFENV_SYSTEMC_ARCH=\"\" -DDEFENV_SYSTEMC_INCLUDE=\"\" -DDEFENV_SYSTEMC_LIBDIR=\"\" -DDEFENV_VERILATOR_ROOT=\"/opt/verilator/share/verilator\" -include V3PchAstMT.h -c ../V3VariableOrder.cpp -o V3VariableOrder.o
[rtl-full/Verilator shard 2/5-3             ]   | g++   -Og -ggdb -gz -DVL_DEBUG -D_GLIBCXX_DEBUG -DVERILATOR_INTERNAL_ -MMD -I. -I.. -I.. -I../../include -I../../include -MP  -Wno-shadow -Wno-unused-parameter -faligned-new -fno-exceptions -DDEFENV_SYSTEMC=\"\" -DDEFENV_SYSTEMC_ARCH=\"\" -DDEFENV_SYSTEMC_INCLUDE=\"\" -DDEFENV_SYSTEMC_LIBDIR=\"\" -DDEFENV_VERILATOR_ROOT=\"/opt/verilator/share/verilator\" -include V3PchAstMT.h -c ../V3Stats.cpp -o V3Stats.o
[rtl-full/Verilator shard 2/5-3             ]   | g++   -Og -ggdb -gz -DVL_DEBUG -D_GLIBCXX_DEBUG -DVERILATOR_INTERNAL_ -MMD -I. -I.. -I.. -I../../include -I../../include -MP  -Wno-shadow -Wno-unused-parameter -faligned-new -fno-exceptions -DDEFENV_SYSTEMC=\"\" -DDEFENV_SYSTEMC_ARCH=\"\" -DDEFENV_SYSTEMC_INCLUDE=\"\" -DDEFENV_SYSTEMC_LIBDIR=\"\" -DDEFENV_VERILATOR_ROOT=\"/opt/verilator/share/verilator\" -include V3PchAstMT.h -c ../V3StatsReport.cpp -o V3StatsReport.o
[rtl-full/Verilator shard 1/5-2             ]   | g++   -Og -ggdb -gz -DVL_DEBUG -D_GLIBCXX_DEBUG -DVERILATOR_INTERNAL_ -MMD -I. -I.. -I.. -I../../include -I../../include -MP  -Wno-shadow -Wno-unused-parameter -faligned-new -fno-exceptions -DDEFENV_SYSTEMC=\"\" -DDEFENV_SYSTEMC_ARCH=\"\" -DDEFENV_SYSTEMC_INCLUDE=\"\" -DDEFENV_SYSTEMC_LIBDIR=\"\" -DDEFENV_VERILATOR_ROOT=\"/opt/verilator/share/verilator\" -include V3PchAstMT.h -c ../V3VariableOrder.cpp -o V3VariableOrder.o
[rtl-full/Verilator shard 3/5-4             ]   | g++   -Og -ggdb -gz -DVL_DEBUG -D_GLIBCXX_DEBUG -DVERILATOR_INTERNAL_ -MMD -I. -I.. -I.. -I../../include -I../../include -MP  -Wno-shadow -Wno-unused-parameter -faligned-new -fno-exceptions -DDEFENV_SYSTEMC=\"\" -DDEFENV_SYSTEMC_ARCH=\"\" -DDEFENV_SYSTEMC_INCLUDE=\"\" -DDEFENV_SYSTEMC_LIBDIR=\"\" -DDEFENV_VERILATOR_ROOT=\"/opt/verilator/share/verilator\" -include V3PchAstMT.h -c ../V3EmitCConstPool.cpp -o V3EmitCConstPool.o
[rtl-full/Verilator shard 0/5-1             ]   | g++   -O3 -DVERILATOR_INTERNAL_ -MMD -I. -I.. -I.. -I../../include -I../../include -MP  -Wno-shadow -Wno-unused-parameter -faligned-new -fno-exceptions -DDEFENV_SYSTEMC=\"\" -DDEFENV_SYSTEMC_ARCH=\"\" -DDEFENV_SYSTEMC_INCLUDE=\"\" -DDEFENV_SYSTEMC_LIBDIR=\"\" -DDEFENV_VERILATOR_ROOT=\"/opt/verilator/share/verilator\" -include V3PchAstNoMT.h -c ../V3Active.cpp -o V3Active.o
[rtl-full/Verilator shard 2/5-3             ]   | g++   -Og -ggdb -gz -DVL_DEBUG -D_GLIBCXX_DEBUG -DVERILATOR_INTERNAL_ -MMD -I. -I.. -I.. -I../../include -I../../include -MP  -Wno-shadow -Wno-unused-parameter -faligned-new -fno-exceptions -DDEFENV_SYSTEMC=\"\" -DDEFENV_SYSTEMC_ARCH=\"\" -DDEFENV_SYSTEMC_INCLUDE=\"\" -DDEFENV_SYSTEMC_LIBDIR=\"\" -DDEFENV_VERILATOR_ROOT=\"/opt/verilator/share/verilator\" -include V3PchAstMT.h -c ../V3VariableOrder.cpp -o V3VariableOrder.o
[rtl-full/Verilator shard 0/5-1             ]   | g++   -O3 -DVERILATOR_INTERNAL_ -MMD -I. -I.. -I.. -I../../include -I../../include -MP  -Wno-shadow -Wno-unused-parameter -faligned-new -fno-exceptions -DDEFENV_SYSTEMC=\"\" -DDEFENV_SYSTEMC_ARCH=\"\" -DDEFENV_SYSTEMC_INCLUDE=\"\" -DDEFENV_SYSTEMC_LIBDIR=\"\" -DDEFENV_VERILATOR_ROOT=\"/opt/verilator/share/verilator\" -include V3PchAstNoMT.h -c ../V3ActiveTop.cpp -o V3ActiveTop.o
[rtl-full/Verilator shard 3/5-4             ]   | g++   -Og -ggdb -gz -DVL_DEBUG -D_GLIBCXX_DEBUG -DVERILATOR_INTERNAL_ -MMD -I. -I.. -I.. -I../../include -I../../include -MP  -Wno-shadow -Wno-unused-parameter -faligned-new -fno-exceptions -DDEFENV_SYSTEMC=\"\" -DDEFENV_SYSTEMC_ARCH=\"\" -DDEFENV_SYSTEMC_INCLUDE=\"\" -DDEFENV_SYSTEMC_LIBDIR=\"\" -DDEFENV_VERILATOR_ROOT=\"/opt/verilator/share/verilator\" -include V3PchAstMT.h -c ../V3EmitCFunc.cpp -o V3EmitCFunc.o
[rtl-full/Verilator shard 0/5-1             ]   | g++   -O3 -DVERILATOR_INTERNAL_ -MMD -I. -I.. -I.. -I../../include -I../../include -MP  -Wno-shadow -Wno-unused-parameter -faligned-new -fno-exceptions -DDEFENV_SYSTEMC=\"\" -DDEFENV_SYSTEMC_ARCH=\"\" -DDEFENV_SYSTEMC_INCLUDE=\"\" -DDEFENV_SYSTEMC_LIBDIR=\"\" -DDEFENV_VERILATOR_ROOT=\"/opt/verilator/share/verilator\" -include V3PchAstNoMT.h -c ../V3Assert.cpp -o V3Assert.o
[rtl-full/Verilator shard 2/5-3             ]   | g++   -Og -ggdb -gz -DVL_DEBUG -D_GLIBCXX_DEBUG -DVERILATOR_INTERNAL_ -MMD -I. -I.. -I.. -I../../include -I../../include -MP  -Wno-shadow -Wno-unused-parameter -faligned-new -fno-exceptions -DDEFENV_SYSTEMC=\"\" -DDEFENV_SYSTEMC_ARCH=\"\" -DDEFENV_SYSTEMC_INCLUDE=\"\" -DDEFENV_SYSTEMC_LIBDIR=\"\" -DDEFENV_VERILATOR_ROOT=\"/opt/verilator/share/verilator\" -include V3PchAstNoMT.h -c ../V3Active.cpp -o V3Active.o
[rtl-full/Verilator shard 1/5-2             ]   | g++   -Og -ggdb -gz -DVL_DEBUG -D_GLIBCXX_DEBUG -DVERILATOR_INTERNAL_ -MMD -I. -I.. -I.. -I../../include -I../../include -MP  -Wno-shadow -Wno-unused-parameter -faligned-new -fno-exceptions -DDEFENV_SYSTEMC=\"\" -DDEFENV_SYSTEMC_ARCH=\"\" -DDEFENV_SYSTEMC_INCLUDE=\"\" -DDEFENV_SYSTEMC_LIBDIR=\"\" -DDEFENV_VERILATOR_ROOT=\"/opt/verilator/share/verilator\" -include V3PchAstNoMT.h -c ../V3Active.cpp -o V3Active.o
[rtl-full/Verilator shard 3/5-4             ]   | g++   -O3 -DVERILATOR_INTERNAL_ -MMD -I. -I.. -I.. -I../../include -I../../include -MP  -Wno-shadow -Wno-unused-parameter -faligned-new -fno-exceptions -DDEFENV_SYSTEMC=\"\" -DDEFENV_SYSTEMC_ARCH=\"\" -DDEFENV_SYSTEMC_INCLUDE=\"\" -DDEFENV_SYSTEMC_LIBDIR=\"\" -DDEFENV_VERILATOR_ROOT=\"/opt/verilator/share/verilator\" -include V3PchAstMT.h -c ../V3Options.cpp -o V3Options.o
[rtl-full/Verilator shard 0/5-1             ]   | g++   -O3 -DVERILATOR_INTERNAL_ -MMD -I. -I.. -I.. -I../../include -I../../include -MP  -Wno-shadow -Wno-unused-parameter -faligned-new -fno-exceptions -DDEFENV_SYSTEMC=\"\" -DDEFENV_SYSTEMC_ARCH=\"\" -DDEFENV_SYSTEMC_INCLUDE=\"\" -DDEFENV_SYSTEMC_LIBDIR=\"\" -DDEFENV_VERILATOR_ROOT=\"/opt/verilator/share/verilator\" -include V3PchAstNoMT.h -c ../V3AssertNfa.cpp -o V3AssertNfa.o
[rtl-full/Verilator shard 3/5-4             ]   | g++   -O3 -DVERILATOR_INTERNAL_ -MMD -I. -I.. -I.. -I../../include -I../../include -MP  -Wno-shadow -Wno-unused-parameter -faligned-new -fno-exceptions -DDEFENV_SYSTEMC=\"\" -DDEFENV_SYSTEMC_ARCH=\"\" -DDEFENV_SYSTEMC_INCLUDE=\"\" -DDEFENV_SYSTEMC_LIBDIR=\"\" -DDEFENV_VERILATOR_ROOT=\"/opt/verilator/share/verilator\" -include V3PchAstMT.h -c ../V3Stats.cpp -o V3Stats.o
[rtl-full/Verilator shard 0/5-1             ]   | g++   -O3 -DVERILATOR_INTERNAL_ -MMD -I. -I.. -I.. -I../../include -I../../include -MP  -Wno-shadow -Wno-unused-parameter -faligned-new -fno-exceptions -DDEFENV_SYSTEMC=\"\" -DDEFENV_SYSTEMC_ARCH=\"\" -DDEFENV_SYSTEMC_INCLUDE=\"\" -DDEFENV_SYSTEMC_LIBDIR=\"\" -DDEFENV_VERILATOR_ROOT=\"/opt/verilator/share/verilator\" -include V3PchAstNoMT.h -c ../V3AssertPre.cpp -o V3AssertPre.o
[rtl-full/Verilator shard 2/5-3             ]   | g++   -Og -ggdb -gz -DVL_DEBUG -D_GLIBCXX_DEBUG -DVERILATOR_INTERNAL_ -MMD -I. -I.. -I.. -I../../include -I../../include -MP  -Wno-shadow -Wno-unused-parameter -faligned-new -fno-exceptions -DDEFENV_SYSTEMC=\"\" -DDEFENV_SYSTEMC_ARCH=\"\" -DDEFENV_SYSTEMC_INCLUDE=\"\" -DDEFENV_SYSTEMC_LIBDIR=\"\" -DDEFENV_VERILATOR_ROOT=\"/opt/verilator/share/verilator\" -include V3PchAstNoMT.h -c ../V3ActiveTop.cpp -o V3ActiveTop.o
[rtl-full/Verilator shard 1/5-2             ]   | g++   -Og -ggdb -gz -DVL_DEBUG -D_GLIBCXX_DEBUG -DVERILATOR_INTERNAL_ -MMD -I. -I.. -I.. -I../../include -I../../include -MP  -Wno-shadow -Wno-unused-parameter -faligned-new -fno-exceptions -DDEFENV_SYSTEMC=\"\" -DDEFENV_SYSTEMC_ARCH=\"\" -DDEFENV_SYSTEMC_INCLUDE=\"\" -DDEFENV_SYSTEMC_LIBDIR=\"\" -DDEFENV_VERILATOR_ROOT=\"/opt/verilator/share/verilator\" -include V3PchAstNoMT.h -c ../V3ActiveTop.cpp -o V3ActiveTop.o
[rtl-full/Verilator shard 1/5-2             ]   | g++   -O3 -DVERILATOR_INTERNAL_ -MMD -I. -I.. -I.. -I../../include -I../../include -MP  -Wno-shadow -Wno-unused-parameter -faligned-new -fno-exceptions -DDEFENV_SYSTEMC=\"\" -DDEFENV_SYSTEMC_ARCH=\"\" -DDEFENV_SYSTEMC_INCLUDE=\"\" -DDEFENV_SYSTEMC_LIBDIR=\"\" -DDEFENV_VERILATOR_ROOT=\"/opt/verilator/share/verilator\" -include V3PchAstMT.h -c ../V3EmitCBase.cpp -o V3EmitCBase.o
[rtl-full/Verilator shard 2/5-3             ]   | g++   -Og -ggdb -gz -DVL_DEBUG -D_GLIBCXX_DEBUG -DVERILATOR_INTERNAL_ -MMD -I. -I.. -I.. -I../../include -I../../include -MP  -Wno-shadow -Wno-unused-parameter -faligned-new -fno-exceptions -DDEFENV_SYSTEMC=\"\" -DDEFENV_SYSTEMC_ARCH=\"\" -DDEFENV_SYSTEMC_INCLUDE=\"\" -DDEFENV_SYSTEMC_LIBDIR=\"\" -DDEFENV_VERILATOR_ROOT=\"/opt/verilator/share/verilator\" -include V3PchAstNoMT.h -c ../V3Assert.cpp -o V3Assert.o
[rtl-full/Verilator shard 3/5-4             ]   | g++   -Og -ggdb -gz -DVL_DEBUG -D_GLIBCXX_DEBUG -DVERILATOR_INTERNAL_ -MMD -I. -I.. -I.. -I../../include -I../../include -MP  -Wno-shadow -Wno-unused-parameter -faligned-new -fno-exceptions -DDEFENV_SYSTEMC=\"\" -DDEFENV_SYSTEMC_ARCH=\"\" -DDEFENV_SYSTEMC_INCLUDE=\"\" -DDEFENV_SYSTEMC_LIBDIR=\"\" -DDEFENV_VERILATOR_ROOT=\"/opt/verilator/share/verilator\" -include V3PchAstMT.h -c ../V3EmitCHeaders.cpp -o V3EmitCHeaders.o
[rtl-full/Verilator shard 1/5-2             ]   | g++   -Og -ggdb -gz -DVL_DEBUG -D_GLIBCXX_DEBUG -DVERILATOR_INTERNAL_ -MMD -I. -I.. -I.. -I../../include -I../../include -MP  -Wno-shadow -Wno-unused-parameter -faligned-new -fno-exceptions -DDEFENV_SYSTEMC=\"\" -DDEFENV_SYSTEMC_ARCH=\"\" -DDEFENV_SYSTEMC_INCLUDE=\"\" -DDEFENV_SYSTEMC_LIBDIR=\"\" -DDEFENV_VERILATOR_ROOT=\"/opt/verilator/share/verilator\" -include V3PchAstNoMT.h -c ../V3Assert.cpp -o V3Assert.o
[rtl-full/Verilator shard 2/5-3             ]   | g++   -Og -ggdb -gz -DVL_DEBUG -D_GLIBCXX_DEBUG -DVERILATOR_INTERNAL_ -MMD -I. -I.. -I.. -I../../include -I../../include -MP  -Wno-shadow -Wno-unused-parameter -faligned-new -fno-exceptions -DDEFENV_SYSTEMC=\"\" -DDEFENV_SYSTEMC_ARCH=\"\" -DDEFENV_SYSTEMC_INCLUDE=\"\" -DDEFENV_SYSTEMC_LIBDIR=\"\" -DDEFENV_VERILATOR_ROOT=\"/opt/verilator/share/verilator\" -include V3PchAstNoMT.h -c ../V3AssertNfa.cpp -o V3AssertNfa.o
[rtl-full/Verilator shard 3/5-4             ]   | g++   -O3 -DVERILATOR_INTERNAL_ -MMD -I. -I.. -I.. -I../../include -I../../include -MP  -Wno-shadow -Wno-unused-parameter -faligned-new -fno-exceptions -DDEFENV_SYSTEMC=\"\" -DDEFENV_SYSTEMC_ARCH=\"\" -DDEFENV_SYSTEMC_INCLUDE=\"\" -DDEFENV_SYSTEMC_LIBDIR=\"\" -DDEFENV_VERILATOR_ROOT=\"/opt/verilator/share/verilator\" -include V3PchAstMT.h -c ../V3StatsReport.cpp -o V3StatsReport.o
[rtl-full/Verilator shard 1/5-2             ]   | g++   -Og -ggdb -gz -DVL_DEBUG -D_GLIBCXX_DEBUG -DVERILATOR_INTERNAL_ -MMD -I. -I.. -I.. -I../../include -I../../include -MP  -Wno-shadow -Wno-unused-parameter -faligned-new -fno-exceptions -DDEFENV_SYSTEMC=\"\" -DDEFENV_SYSTEMC_ARCH=\"\" -DDEFENV_SYSTEMC_INCLUDE=\"\" -DDEFENV_SYSTEMC_LIBDIR=\"\" -DDEFENV_VERILATOR_ROOT=\"/opt/verilator/share/verilator\" -include V3PchAstNoMT.h -c ../V3AssertNfa.cpp -o V3AssertNfa.o
[rtl-full/Verilator shard 2/5-3             ]   | g++   -Og -ggdb -gz -DVL_DEBUG -D_GLIBCXX_DEBUG -DVERILATOR_INTERNAL_ -MMD -I. -I.. -I.. -I../../include -I../../include -MP  -Wno-shadow -Wno-unused-parameter -faligned-new -fno-exceptions -DDEFENV_SYSTEMC=\"\" -DDEFENV_SYSTEMC_ARCH=\"\" -DDEFENV_SYSTEMC_INCLUDE=\"\" -DDEFENV_SYSTEMC_LIBDIR=\"\" -DDEFENV_VERILATOR_ROOT=\"/opt/verilator/share/verilator\" -include V3PchAstNoMT.h -c ../V3AssertPre.cpp -o V3AssertPre.o
[rtl-full/Verilator shard 0/5-1             ]   | g++   -O3 -DVERILATOR_INTERNAL_ -MMD -I. -I.. -I.. -I../../include -I../../include -MP  -Wno-shadow -Wno-unused-parameter -faligned-new -fno-exceptions -DDEFENV_SYSTEMC=\"\" -DDEFENV_SYSTEMC_ARCH=\"\" -DDEFENV_SYSTEMC_INCLUDE=\"\" -DDEFENV_SYSTEMC_LIBDIR=\"\" -DDEFENV_VERILATOR_ROOT=\"/opt/verilator/share/verilator\" -include V3PchAstNoMT.h -c ../V3Begin.cpp -o V3Begin.o
[rtl-full/Verilator shard 1/5-2             ]   | g++   -O3 -DVERILATOR_INTERNAL_ -MMD -I. -I.. -I.. -I../../include -I../../include -MP  -Wno-shadow -Wno-unused-parameter -faligned-new -fno-exceptions -DDEFENV_SYSTEMC=\"\" -DDEFENV_SYSTEMC_ARCH=\"\" -DDEFENV_SYSTEMC_INCLUDE=\"\" -DDEFENV_SYSTEMC_LIBDIR=\"\" -DDEFENV_VERILATOR_ROOT=\"/opt/verilator/share/verilator\" -include V3PchAstMT.h -c ../V3EmitCConstPool.cpp -o V3EmitCConstPool.o
[rtl-full/Verilator shard 3/5-4             ]   | g++   -O3 -DVERILATOR_INTERNAL_ -MMD -I. -I.. -I.. -I../../include -I../../include -MP  -Wno-shadow -Wno-unused-parameter -faligned-new -fno-exceptions -DDEFENV_SYSTEMC=\"\" -DDEFENV_SYSTEMC_ARCH=\"\" -DDEFENV_SYSTEMC_INCLUDE=\"\" -DDEFENV_SYSTEMC_LIBDIR=\"\" -DDEFENV_VERILATOR_ROOT=\"/opt/verilator/share/verilator\" -include V3PchAstMT.h -c ../V3VariableOrder.cpp -o V3VariableOrder.o
[rtl-full/Verilator shard 0/5-1             ]   | g++   -O3 -DVERILATOR_INTERNAL_ -MMD -I. -I.. -I.. -I../../include -I../../include -MP  -Wno-shadow -Wno-unused-parameter -faligned-new -fno-exceptions -DDEFENV_SYSTEMC=\"\" -DDEFENV_SYSTEMC_ARCH=\"\" -DDEFENV_SYSTEMC_INCLUDE=\"\" -DDEFENV_SYSTEMC_LIBDIR=\"\" -DDEFENV_VERILATOR_ROOT=\"/opt/verilator/share/verilator\" -include V3PchAstNoMT.h -c ../V3Branch.cpp -o V3Branch.o
[rtl-full/Verilator shard 1/5-2             ]   | g++   -Og -ggdb -gz -DVL_DEBUG -D_GLIBCXX_DEBUG -DVERILATOR_INTERNAL_ -MMD -I. -I.. -I.. -I../../include -I../../include -MP  -Wno-shadow -Wno-unused-parameter -faligned-new -fno-exceptions -DDEFENV_SYSTEMC=\"\" -DDEFENV_SYSTEMC_ARCH=\"\" -DDEFENV_SYSTEMC_INCLUDE=\"\" -DDEFENV_SYSTEMC_LIBDIR=\"\" -DDEFENV_VERILATOR_ROOT=\"/opt/verilator/share/verilator\" -include V3PchAstNoMT.h -c ../V3AssertPre.cpp -o V3AssertPre.o
[rtl-full/Verilator shard 2/5-3             ]   | g++   -Og -ggdb -gz -DVL_DEBUG -D_GLIBCXX_DEBUG -DVERILATOR_INTERNAL_ -MMD -I. -I.. -I.. -I../../include -I../../include -MP  -Wno-shadow -Wno-unused-parameter -faligned-new -fno-exceptions -DDEFENV_SYSTEMC=\"\" -DDEFENV_SYSTEMC_ARCH=\"\" -DDEFENV_SYSTEMC_INCLUDE=\"\" -DDEFENV_SYSTEMC_LIBDIR=\"\" -DDEFENV_VERILATOR_ROOT=\"/opt/verilator/share/verilator\" -include V3PchAstNoMT.h -c ../V3Begin.cpp -o V3Begin.o
[rtl-full/Verilator shard 0/5-1             ]   | g++   -O3 -DVERILATOR_INTERNAL_ -MMD -I. -I.. -I.. -I../../include -I../../include -MP  -Wno-shadow -Wno-unused-parameter -faligned-new -fno-exceptions -DDEFENV_SYSTEMC=\"\" -DDEFENV_SYSTEMC_ARCH=\"\" -DDEFENV_SYSTEMC_INCLUDE=\"\" -DDEFENV_SYSTEMC_LIBDIR=\"\" -DDEFENV_VERILATOR_ROOT=\"/opt/verilator/share/verilator\" -include V3PchAstNoMT.h -c ../V3CCtors.cpp -o V3CCtors.o
[rtl-full/Verilator shard 0/5-1             ]   | g++   -O3 -DVERILATOR_INTERNAL_ -MMD -I. -I.. -I.. -I../../include -I../../include -MP  -Wno-shadow -Wno-unused-parameter -faligned-new -fno-exceptions -DDEFENV_SYSTEMC=\"\" -DDEFENV_SYSTEMC_ARCH=\"\" -DDEFENV_SYSTEMC_INCLUDE=\"\" -DDEFENV_SYSTEMC_LIBDIR=\"\" -DDEFENV_VERILATOR_ROOT=\"/opt/verilator/share/verilator\" -include V3PchAstNoMT.h -c ../V3CUse.cpp -o V3CUse.o
[rtl-full/Verilator shard 0/5-1             ]   | g++   -O3 -DVERILATOR_INTERNAL_ -MMD -I. -I.. -I.. -I../../include -I../../include -MP  -Wno-shadow -Wno-unused-parameter -faligned-new -fno-exceptions -DDEFENV_SYSTEMC=\"\" -DDEFENV_SYSTEMC_ARCH=\"\" -DDEFENV_SYSTEMC_INCLUDE=\"\" -DDEFENV_SYSTEMC_LIBDIR=\"\" -DDEFENV_VERILATOR_ROOT=\"/opt/verilator/share/verilator\" -include V3PchAstNoMT.h -c ../V3Case.cpp -o V3Case.o
[rtl-full/Verilator shard 3/5-4             ]   | g++   -Og -ggdb -gz -DVL_DEBUG -D_GLIBCXX_DEBUG -DVERILATOR_INTERNAL_ -MMD -I. -I.. -I.. -I../../include -I../../include -MP  -Wno-shadow -Wno-unused-parameter -faligned-new -fno-exceptions -DDEFENV_SYSTEMC=\"\" -DDEFENV_SYSTEMC_ARCH=\"\" -DDEFENV_SYSTEMC_INCLUDE=\"\" -DDEFENV_SYSTEMC_LIBDIR=\"\" -DDEFENV_VERILATOR_ROOT=\"/opt/verilator/share/verilator\" -include V3PchAstMT.h -c ../V3EmitCImp.cpp -o V3EmitCImp.o
[rtl-full/Verilator shard 3/5-4             ]   | g++   -Og -ggdb -gz -DVL_DEBUG -D_GLIBCXX_DEBUG -DVERILATOR_INTERNAL_ -MMD -I. -I.. -I.. -I../../include -I../../include -MP  -Wno-shadow -Wno-unused-parameter -faligned-new -fno-exceptions -DDEFENV_SYSTEMC=\"\" -DDEFENV_SYSTEMC_ARCH=\"\" -DDEFENV_SYSTEMC_INCLUDE=\"\" -DDEFENV_SYSTEMC_LIBDIR=\"\" -DDEFENV_VERILATOR_ROOT=\"/opt/verilator/share/verilator\" -include V3PchAstMT.h -c ../V3EmitCInlines.cpp -o V3EmitCInlines.o
[rtl-full/Verilator shard 1/5-2             ]   | g++   -O3 -DVERILATOR_INTERNAL_ -MMD -I. -I.. -I.. -I../../include -I../../include -MP  -Wno-shadow -Wno-unused-parameter -faligned-new -fno-exceptions -DDEFENV_SYSTEMC=\"\" -DDEFENV_SYSTEMC_ARCH=\"\" -DDEFENV_SYSTEMC_INCLUDE=\"\" -DDEFENV_SYSTEMC_LIBDIR=\"\" -DDEFENV_VERILATOR_ROOT=\"/opt/verilator/share/verilator\" -include V3PchAstMT.h -c ../V3EmitCFunc.cpp -o V3EmitCFunc.o
[rtl-full/Verilator shard 2/5-3             ]   | g++   -Og -ggdb -gz -DVL_DEBUG -D_GLIBCXX_DEBUG -DVERILATOR_INTERNAL_ -MMD -I. -I.. -I.. -I../../include -I../../include -MP  -Wno-shadow -Wno-unused-parameter -faligned-new -fno-exceptions -DDEFENV_SYSTEMC=\"\" -DDEFENV_SYSTEMC_ARCH=\"\" -DDEFENV_SYSTEMC_INCLUDE=\"\" -DDEFENV_SYSTEMC_LIBDIR=\"\" -DDEFENV_VERILATOR_ROOT=\"/opt/verilator/share/verilator\" -include V3PchAstNoMT.h -c ../V3Branch.cpp -o V3Branch.o
[rtl-full/Verilator shard 3/5-4             ]   | g++   -O3 -DVERILATOR_INTERNAL_ -MMD -I. -I.. -I.. -I../../include -I../../include -MP  -Wno-shadow -Wno-unused-parameter -faligned-new -fno-exceptions -DDEFENV_SYSTEMC=\"\" -DDEFENV_SYSTEMC_ARCH=\"\" -DDEFENV_SYSTEMC_INCLUDE=\"\" -DDEFENV_SYSTEMC_LIBDIR=\"\" -DDEFENV_VERILATOR_ROOT=\"/opt/verilator/share/verilator\" -include V3PchAstNoMT.h -c ../V3Active.cpp -o V3Active.o
[rtl-full/Verilator shard 3/5-4             ]   | g++   -O3 -DVERILATOR_INTERNAL_ -MMD -I. -I.. -I.. -I../../include -I../../include -MP  -Wno-shadow -Wno-unused-parameter -faligned-new -fno-exceptions -DDEFENV_SYSTEMC=\"\" -DDEFENV_SYSTEMC_ARCH=\"\" -DDEFENV_SYSTEMC_INCLUDE=\"\" -DDEFENV_SYSTEMC_LIBDIR=\"\" -DDEFENV_VERILATOR_ROOT=\"/opt/verilator/share/verilator\" -include V3PchAstNoMT.h -c ../V3ActiveTop.cpp -o V3ActiveTop.o
[rtl-full/Verilator shard 2/5-3             ]   | g++   -Og -ggdb -gz -DVL_DEBUG -D_GLIBCXX_DEBUG -DVERILATOR_INTERNAL_ -MMD -I. -I.. -I.. -I../../include -I../../include -MP  -Wno-shadow -Wno-unused-parameter -faligned-new -fno-exceptions -DDEFENV_SYSTEMC=\"\" -DDEFENV_SYSTEMC_ARCH=\"\" -DDEFENV_SYSTEMC_INCLUDE=\"\" -DDEFENV_SYSTEMC_LIBDIR=\"\" -DDEFENV_VERILATOR_ROOT=\"/opt/verilator/share/verilator\" -include V3PchAstNoMT.h -c ../V3CCtors.cpp -o V3CCtors.o
[rtl-full/Verilator shard 0/5-1             ]   | g++   -O3 -DVERILATOR_INTERNAL_ -MMD -I. -I.. -I.. -I../../include -I../../include -MP  -Wno-shadow -Wno-unused-parameter -faligned-new -fno-exceptions -DDEFENV_SYSTEMC=\"\" -DDEFENV_SYSTEMC_ARCH=\"\" -DDEFENV_SYSTEMC_INCLUDE=\"\" -DDEFENV_SYSTEMC_LIBDIR=\"\" -DDEFENV_VERILATOR_ROOT=\"/opt/verilator/share/verilator\" -include V3PchAstNoMT.h -c ../V3Cast.cpp -o V3Cast.o
[rtl-full/Verilator shard 3/5-4             ]   | g++   -Og -ggdb -gz -DVL_DEBUG -D_GLIBCXX_DEBUG -DVERILATOR_INTERNAL_ -MMD -I. -I.. -I.. -I../../include -I../../include -MP  -Wno-shadow -Wno-unused-parameter -faligned-new -fno-exceptions -DDEFENV_SYSTEMC=\"\" -DDEFENV_SYSTEMC_ARCH=\"\" -DDEFENV_SYSTEMC_INCLUDE=\"\" -DDEFENV_SYSTEMC_LIBDIR=\"\" -DDEFENV_VERILATOR_ROOT=\"/opt/verilator/share/verilator\" -include V3PchAstMT.h -c ../V3EmitCPch.cpp -o V3EmitCPch.o
[rtl-full/Verilator shard 0/5-1             ]   | g++   -O3 -DVERILATOR_INTERNAL_ -MMD -I. -I.. -I.. -I../../include -I../../include -MP  -Wno-shadow -Wno-unused-parameter -faligned-new -fno-exceptions -DDEFENV_SYSTEMC=\"\" -DDEFENV_SYSTEMC_ARCH=\"\" -DDEFENV_SYSTEMC_INCLUDE=\"\" -DDEFENV_SYSTEMC_LIBDIR=\"\" -DDEFENV_VERILATOR_ROOT=\"/opt/verilator/share/verilator\" -include V3PchAstNoMT.h -c ../V3Cfg.cpp -o V3Cfg.o
[rtl-full/Verilator shard 1/5-2             ]   | g++   -Og -ggdb -gz -DVL_DEBUG -D_GLIBCXX_DEBUG -DVERILATOR_INTERNAL_ -MMD -I. -I.. -I.. -I../../include -I../../include -MP  -Wno-shadow -Wno-unused-parameter -faligned-new -fno-exceptions -DDEFENV_SYSTEMC=\"\" -DDEFENV_SYSTEMC_ARCH=\"\" -DDEFENV_SYSTEMC_INCLUDE=\"\" -DDEFENV_SYSTEMC_LIBDIR=\"\" -DDEFENV_VERILATOR_ROOT=\"/opt/verilator/share/verilator\" -include V3PchAstNoMT.h -c ../V3Begin.cpp -o V3Begin.o
[rtl-full/Verilator shard 1/5-2             ]   | g++   -Og -ggdb -gz -DVL_DEBUG -D_GLIBCXX_DEBUG -DVERILATOR_INTERNAL_ -MMD -I. -I.. -I.. -I../../include -I../../include -MP  -Wno-shadow -Wno-unused-parameter -faligned-new -fno-exceptions -DDEFENV_SYSTEMC=\"\" -DDEFENV_SYSTEMC_ARCH=\"\" -DDEFENV_SYSTEMC_INCLUDE=\"\" -DDEFENV_SYSTEMC_LIBDIR=\"\" -DDEFENV_VERILATOR_ROOT=\"/opt/verilator/share/verilator\" -include V3PchAstNoMT.h -c ../V3Branch.cpp -o V3Branch.o
[rtl-full/Verilator shard 2/5-3             ]   | g++   -Og -ggdb -gz -DVL_DEBUG -D_GLIBCXX_DEBUG -DVERILATOR_INTERNAL_ -MMD -I. -I.. -I.. -I../../include -I../../include -MP  -Wno-shadow -Wno-unused-parameter -faligned-new -fno-exceptions -DDEFENV_SYSTEMC=\"\" -DDEFENV_SYSTEMC_ARCH=\"\" -DDEFENV_SYSTEMC_INCLUDE=\"\" -DDEFENV_SYSTEMC_LIBDIR=\"\" -DDEFENV_VERILATOR_ROOT=\"/opt/verilator/share/verilator\" -include V3PchAstNoMT.h -c ../V3CUse.cpp -o V3CUse.o
[rtl-full/Verilator shard 2/5-3             ]   | g++   -Og -ggdb -gz -DVL_DEBUG -D_GLIBCXX_DEBUG -DVERILATOR_INTERNAL_ -MMD -I. -I.. -I.. -I../../include -I../../include -MP  -Wno-shadow -Wno-unused-parameter -faligned-new -fno-exceptions -DDEFENV_SYSTEMC=\"\" -DDEFENV_SYSTEMC_ARCH=\"\" -DDEFENV_SYSTEMC_INCLUDE=\"\" -DDEFENV_SYSTEMC_LIBDIR=\"\" -DDEFENV_VERILATOR_ROOT=\"/opt/verilator/share/verilator\" -include V3PchAstNoMT.h -c ../V3Case.cpp -o V3Case.o
[rtl-full/Verilator shard 1/5-2             ]   | g++   -O3 -DVERILATOR_INTERNAL_ -MMD -I. -I.. -I.. -I../../include -I../../include -MP  -Wno-shadow -Wno-unused-parameter -faligned-new -fno-exceptions -DDEFENV_SYSTEMC=\"\" -DDEFENV_SYSTEMC_ARCH=\"\" -DDEFENV_SYSTEMC_INCLUDE=\"\" -DDEFENV_SYSTEMC_LIBDIR=\"\" -DDEFENV_VERILATOR_ROOT=\"/opt/verilator/share/verilator\" -include V3PchAstMT.h -c ../V3EmitCHeaders.cpp -o V3EmitCHeaders.o
[rtl-full/Verilator shard 1/5-2             ]   | g++   -O3 -DVERILATOR_INTERNAL_ -MMD -I. -I.. -I.. -I../../include -I../../include -MP  -Wno-shadow -Wno-unused-parameter -faligned-new -fno-exceptions -DDEFENV_SYSTEMC=\"\" -DDEFENV_SYSTEMC_ARCH=\"\" -DDEFENV_SYSTEMC_INCLUDE=\"\" -DDEFENV_SYSTEMC_LIBDIR=\"\" -DDEFENV_VERILATOR_ROOT=\"/opt/verilator/share/verilator\" -include V3PchAstMT.h -c ../V3EmitCImp.cpp -o V3EmitCImp.o
[rtl-full/Verilator shard 3/5-4             ]   | g++   -O3 -DVERILATOR_INTERNAL_ -MMD -I. -I.. -I.. -I../../include -I../../include -MP  -Wno-shadow -Wno-unused-parameter -faligned-new -fno-exceptions -DDEFENV_SYSTEMC=\"\" -DDEFENV_SYSTEMC_ARCH=\"\" -DDEFENV_SYSTEMC_INCLUDE=\"\" -DDEFENV_SYSTEMC_LIBDIR=\"\" -DDEFENV_VERILATOR_ROOT=\"/opt/verilator/share/verilator\" -include V3PchAstNoMT.h -c ../V3Assert.cpp -o V3Assert.o
[rtl-full/Verilator shard 0/5-1             ]   | g++   -O3 -DVERILATOR_INTERNAL_ -MMD -I. -I.. -I.. -I../../include -I../../include -MP  -Wno-shadow -Wno-unused-parameter -faligned-new -fno-exceptions -DDEFENV_SYSTEMC=\"\" -DDEFENV_SYSTEMC_ARCH=\"\" -DDEFENV_SYSTEMC_INCLUDE=\"\" -DDEFENV_SYSTEMC_LIBDIR=\"\" -DDEFENV_VERILATOR_ROOT=\"/opt/verilator/share/verilator\" -include V3PchAstNoMT.h -c ../V3CfgBuilder.cpp -o V3CfgBuilder.o
[rtl-full/Verilator shard 1/5-2             ]   | g++   -Og -ggdb -gz -DVL_DEBUG -D_GLIBCXX_DEBUG -DVERILATOR_INTERNAL_ -MMD -I. -I.. -I.. -I../../include -I../../include -MP  -Wno-shadow -Wno-unused-parameter -faligned-new -fno-exceptions -DDEFENV_SYSTEMC=\"\" -DDEFENV_SYSTEMC_ARCH=\"\" -DDEFENV_SYSTEMC_INCLUDE=\"\" -DDEFENV_SYSTEMC_LIBDIR=\"\" -DDEFENV_VERILATOR_ROOT=\"/opt/verilator/share/verilator\" -include V3PchAstNoMT.h -c ../V3CCtors.cpp -o V3CCtors.o
[rtl-full/Verilator shard 3/5-4             ]   | g++   -Og -ggdb -gz -DVL_DEBUG -D_GLIBCXX_DEBUG -DVERILATOR_INTERNAL_ -MMD -I. -I.. -I.. -I../../include -I../../include -MP  -Wno-shadow -Wno-unused-parameter -faligned-new -fno-exceptions -DDEFENV_SYSTEMC=\"\" -DDEFENV_SYSTEMC_ARCH=\"\" -DDEFENV_SYSTEMC_INCLUDE=\"\" -DDEFENV_SYSTEMC_LIBDIR=\"\" -DDEFENV_VERILATOR_ROOT=\"/opt/verilator/share/verilator\" -include V3PchAstMT.h -c ../V3EmitV.cpp -o V3EmitV.o
[rtl-full/Verilator shard 3/5-4             ]   | g++   -O3 -DVERILATOR_INTERNAL_ -MMD -I. -I.. -I.. -I../../include -I../../include -MP  -Wno-shadow -Wno-unused-parameter -faligned-new -fno-exceptions -DDEFENV_SYSTEMC=\"\" -DDEFENV_SYSTEMC_ARCH=\"\" -DDEFENV_SYSTEMC_INCLUDE=\"\" -DDEFENV_SYSTEMC_LIBDIR=\"\" -DDEFENV_VERILATOR_ROOT=\"/opt/verilator/share/verilator\" -include V3PchAstNoMT.h -c ../V3AssertNfa.cpp -o V3AssertNfa.o
[rtl-full/Verilator shard 2/5-3             ]   | g++   -Og -ggdb -gz -DVL_DEBUG -D_GLIBCXX_DEBUG -DVERILATOR_INTERNAL_ -MMD -I. -I.. -I.. -I../../include -I../../include -MP  -Wno-shadow -Wno-unused-parameter -faligned-new -fno-exceptions -DDEFENV_SYSTEMC=\"\" -DDEFENV_SYSTEMC_ARCH=\"\" -DDEFENV_SYSTEMC_INCLUDE=\"\" -DDEFENV_SYSTEMC_LIBDIR=\"\" -DDEFENV_VERILATOR_ROOT=\"/opt/verilator/share/verilator\" -include V3PchAstNoMT.h -c ../V3Cast.cpp -o V3Cast.o
[rtl-full/Verilator shard 0/5-1             ]   | g++   -O3 -DVERILATOR_INTERNAL_ -MMD -I. -I.. -I.. -I../../include -I../../include -MP  -Wno-shadow -Wno-unused-parameter -faligned-new -fno-exceptions -DDEFENV_SYSTEMC=\"\" -DDEFENV_SYSTEMC_ARCH=\"\" -DDEFENV_SYSTEMC_INCLUDE=\"\" -DDEFENV_SYSTEMC_LIBDIR=\"\" -DDEFENV_VERILATOR_ROOT=\"/opt/verilator/share/verilator\" -include V3PchAstNoMT.h -c ../V3CfgLiveVariables.cpp -o V3CfgLiveVariables.o
[rtl-full/Verilator shard 2/5-3             ]   | g++   -Og -ggdb -gz -DVL_DEBUG -D_GLIBCXX_DEBUG -DVERILATOR_INTERNAL_ -MMD -I. -I.. -I.. -I../../include -I../../include -MP  -Wno-shadow -Wno-unused-parameter -faligned-new -fno-exceptions -DDEFENV_SYSTEMC=\"\" -DDEFENV_SYSTEMC_ARCH=\"\" -DDEFENV_SYSTEMC_INCLUDE=\"\" -DDEFENV_SYSTEMC_LIBDIR=\"\" -DDEFENV_VERILATOR_ROOT=\"/opt/verilator/share/verilator\" -include V3PchAstNoMT.h -c ../V3Cfg.cpp -o V3Cfg.o
[rtl-full/Verilator shard 1/5-2             ]   | g++   -Og -ggdb -gz -DVL_DEBUG -D_GLIBCXX_DEBUG -DVERILATOR_INTERNAL_ -MMD -I. -I.. -I.. -I../../include -I../../include -MP  -Wno-shadow -Wno-unused-parameter -faligned-new -fno-exceptions -DDEFENV_SYSTEMC=\"\" -DDEFENV_SYSTEMC_ARCH=\"\" -DDEFENV_SYSTEMC_INCLUDE=\"\" -DDEFENV_SYSTEMC_LIBDIR=\"\" -DDEFENV_VERILATOR_ROOT=\"/opt/verilator/share/verilator\" -include V3PchAstNoMT.h -c ../V3CUse.cpp -o V3CUse.o
[rtl-full/Verilator shard 0/5-1             ]   | g++   -O3 -DVERILATOR_INTERNAL_ -MMD -I. -I.. -I.. -I../../include -I../../include -MP  -Wno-shadow -Wno-unused-parameter -faligned-new -fno-exceptions -DDEFENV_SYSTEMC=\"\" -DDEFENV_SYSTEMC_ARCH=\"\" -DDEFENV_SYSTEMC_INCLUDE=\"\" -DDEFENV_SYSTEMC_LIBDIR=\"\" -DDEFENV_VERILATOR_ROOT=\"/opt/verilator/share/verilator\" -include V3PchAstNoMT.h -c ../V3Class.cpp -o V3Class.o
[rtl-full/Verilator shard 1/5-2             ]   | g++   -O3 -DVERILATOR_INTERNAL_ -MMD -I. -I.. -I.. -I../../include -I../../include -MP  -Wno-shadow -Wno-unused-parameter -faligned-new -fno-exceptions -DDEFENV_SYSTEMC=\"\" -DDEFENV_SYSTEMC_ARCH=\"\" -DDEFENV_SYSTEMC_INCLUDE=\"\" -DDEFENV_SYSTEMC_LIBDIR=\"\" -DDEFENV_VERILATOR_ROOT=\"/opt/verilator/share/verilator\" -include V3PchAstMT.h -c ../V3EmitCInlines.cpp -o V3EmitCInlines.o
[rtl-full/Verilator shard 2/5-3             ]   | g++   -Og -ggdb -gz -DVL_DEBUG -D_GLIBCXX_DEBUG -DVERILATOR_INTERNAL_ -MMD -I. -I.. -I.. -I../../include -I../../include -MP  -Wno-shadow -Wno-unused-parameter -faligned-new -fno-exceptions -DDEFENV_SYSTEMC=\"\" -DDEFENV_SYSTEMC_ARCH=\"\" -DDEFENV_SYSTEMC_INCLUDE=\"\" -DDEFENV_SYSTEMC_LIBDIR=\"\" -DDEFENV_VERILATOR_ROOT=\"/opt/verilator/share/verilator\" -include V3PchAstNoMT.h -c ../V3CfgBuilder.cpp -o V3CfgBuilder.o
[rtl-full/Verilator shard 0/5-1             ]   | g++   -O3 -DVERILATOR_INTERNAL_ -MMD -I. -I.. -I.. -I../../include -I../../include -MP  -Wno-shadow -Wno-unused-parameter -faligned-new -fno-exceptions -DDEFENV_SYSTEMC=\"\" -DDEFENV_SYSTEMC_ARCH=\"\" -DDEFENV_SYSTEMC_INCLUDE=\"\" -DDEFENV_SYSTEMC_LIBDIR=\"\" -DDEFENV_VERILATOR_ROOT=\"/opt/verilator/share/verilator\" -include V3PchAstNoMT.h -c ../V3Clean.cpp -o V3Clean.o
[rtl-full/Verilator shard 1/5-2             ]   | g++   -O3 -DVERILATOR_INTERNAL_ -MMD -I. -I.. -I.. -I../../include -I../../include -MP  -Wno-shadow -Wno-unused-parameter -faligned-new -fno-exceptions -DDEFENV_SYSTEMC=\"\" -DDEFENV_SYSTEMC_ARCH=\"\" -DDEFENV_SYSTEMC_INCLUDE=\"\" -DDEFENV_SYSTEMC_LIBDIR=\"\" -DDEFENV_VERILATOR_ROOT=\"/opt/verilator/share/verilator\" -include V3PchAstMT.h -c ../V3EmitCPch.cpp -o V3EmitCPch.o
[rtl-full/Verilator shard 2/5-3             ]   | g++   -Og -ggdb -gz -DVL_DEBUG -D_GLIBCXX_DEBUG -DVERILATOR_INTERNAL_ -MMD -I. -I.. -I.. -I../../include -I../../include -MP  -Wno-shadow -Wno-unused-parameter -faligned-new -fno-exceptions -DDEFENV_SYSTEMC=\"\" -DDEFENV_SYSTEMC_ARCH=\"\" -DDEFENV_SYSTEMC_INCLUDE=\"\" -DDEFENV_SYSTEMC_LIBDIR=\"\" -DDEFENV_VERILATOR_ROOT=\"/opt/verilator/share/verilator\" -include V3PchAstNoMT.h -c ../V3CfgLiveVariables.cpp -o V3CfgLiveVariables.o
[rtl-full/Verilator shard 1/5-2             ]   | g++   -O3 -DVERILATOR_INTERNAL_ -MMD -I. -I.. -I.. -I../../include -I../../include -MP  -Wno-shadow -Wno-unused-parameter -faligned-new -fno-exceptions -DDEFENV_SYSTEMC=\"\" -DDEFENV_SYSTEMC_ARCH=\"\" -DDEFENV_SYSTEMC_INCLUDE=\"\" -DDEFENV_SYSTEMC_LIBDIR=\"\" -DDEFENV_VERILATOR_ROOT=\"/opt/verilator/share/verilator\" -include V3PchAstMT.h -c ../V3EmitV.cpp -o V3EmitV.o
[rtl-full/Verilator shard 2/5-3             ]   | g++   -Og -ggdb -gz -DVL_DEBUG -D_GLIBCXX_DEBUG -DVERILATOR_INTERNAL_ -MMD -I. -I.. -I.. -I../../include -I../../include -MP  -Wno-shadow -Wno-unused-parameter -faligned-new -fno-exceptions -DDEFENV_SYSTEMC=\"\" -DDEFENV_SYSTEMC_ARCH=\"\" -DDEFENV_SYSTEMC_INCLUDE=\"\" -DDEFENV_SYSTEMC_LIBDIR=\"\" -DDEFENV_VERILATOR_ROOT=\"/opt/verilator/share/verilator\" -include V3PchAstNoMT.h -c ../V3Class.cpp -o V3Class.o
[rtl-full/Verilator shard 1/5-2             ]   | g++   -Og -ggdb -gz -DVL_DEBUG -D_GLIBCXX_DEBUG -DVERILATOR_INTERNAL_ -MMD -I. -I.. -I.. -I../../include -I../../include -MP  -Wno-shadow -Wno-unused-parameter -faligned-new -fno-exceptions -DDEFENV_SYSTEMC=\"\" -DDEFENV_SYSTEMC_ARCH=\"\" -DDEFENV_SYSTEMC_INCLUDE=\"\" -DDEFENV_SYSTEMC_LIBDIR=\"\" -DDEFENV_VERILATOR_ROOT=\"/opt/verilator/share/verilator\" -include V3PchAstNoMT.h -c ../V3Case.cpp -o V3Case.o
[rtl-full/Verilator shard 3/5-4             ]   | g++   -O3 -DVERILATOR_INTERNAL_ -MMD -I. -I.. -I.. -I../../include -I../../include -MP  -Wno-shadow -Wno-unused-parameter -faligned-new -fno-exceptions -DDEFENV_SYSTEMC=\"\" -DDEFENV_SYSTEMC_ARCH=\"\" -DDEFENV_SYSTEMC_INCLUDE=\"\" -DDEFENV_SYSTEMC_LIBDIR=\"\" -DDEFENV_VERILATOR_ROOT=\"/opt/verilator/share/verilator\" -include V3PchAstNoMT.h -c ../V3AssertPre.cpp -o V3AssertPre.o
[rtl-full/Verilator shard 0/5-1             ]   | g++   -O3 -DVERILATOR_INTERNAL_ -MMD -I. -I.. -I.. -I../../include -I../../include -MP  -Wno-shadow -Wno-unused-parameter -faligned-new -fno-exceptions -DDEFENV_SYSTEMC=\"\" -DDEFENV_SYSTEMC_ARCH=\"\" -DDEFENV_SYSTEMC_INCLUDE=\"\" -DDEFENV_SYSTEMC_LIBDIR=\"\" -DDEFENV_VERILATOR_ROOT=\"/opt/verilator/share/verilator\" -include V3PchAstNoMT.h -c ../V3Clock.cpp -o V3Clock.o
[rtl-full/Verilator shard 3/5-4             ]   | g++   -Og -ggdb -gz -DVL_DEBUG -D_GLIBCXX_DEBUG -DVERILATOR_INTERNAL_ -MMD -I. -I.. -I.. -I../../include -I../../include -MP  -Wno-shadow -Wno-unused-parameter -faligned-new -fno-exceptions -DDEFENV_SYSTEMC=\"\" -DDEFENV_SYSTEMC_ARCH=\"\" -DDEFENV_SYSTEMC_INCLUDE=\"\" -DDEFENV_SYSTEMC_LIBDIR=\"\" -DDEFENV_VERILATOR_ROOT=\"/opt/verilator/share/verilator\" -include V3PchAstMT.h -c ../V3File.cpp -o V3File.o
[rtl-full/Verilator shard 3/5-4             ]   | g++   -Og -ggdb -gz -DVL_DEBUG -D_GLIBCXX_DEBUG -DVERILATOR_INTERNAL_ -MMD -I. -I.. -I.. -I../../include -I../../include -MP  -Wno-shadow -Wno-unused-parameter -faligned-new -fno-exceptions -DDEFENV_SYSTEMC=\"\" -DDEFENV_SYSTEMC_ARCH=\"\" -DDEFENV_SYSTEMC_INCLUDE=\"\" -DDEFENV_SYSTEMC_LIBDIR=\"\" -DDEFENV_VERILATOR_ROOT=\"/opt/verilator/share/verilator\" -include V3PchAstMT.h -c ../V3FuncOpt.cpp -o V3FuncOpt.o
[rtl-full/Verilator shard 0/5-1             ]   | g++   -O3 -DVERILATOR_INTERNAL_ -MMD -I. -I.. -I.. -I../../include -I../../include -MP  -Wno-shadow -Wno-unused-parameter -faligned-new -fno-exceptions -DDEFENV_SYSTEMC=\"\" -DDEFENV_SYSTEMC_ARCH=\"\" -DDEFENV_SYSTEMC_INCLUDE=\"\" -DDEFENV_SYSTEMC_LIBDIR=\"\" -DDEFENV_VERILATOR_ROOT=\"/opt/verilator/share/verilator\" -include V3PchAstNoMT.h -c ../V3Combine.cpp -o V3Combine.o
[rtl-full/Verilator shard 0/5-1             ]   | g++   -O3 -DVERILATOR_INTERNAL_ -MMD -I. -I.. -I.. -I../../include -I../../include -MP  -Wno-shadow -Wno-unused-parameter -faligned-new -fno-exceptions -DDEFENV_SYSTEMC=\"\" -DDEFENV_SYSTEMC_ARCH=\"\" -DDEFENV_SYSTEMC_INCLUDE=\"\" -DDEFENV_SYSTEMC_LIBDIR=\"\" -DDEFENV_VERILATOR_ROOT=\"/opt/verilator/share/verilator\" -include V3PchAstNoMT.h -c ../V3Common.cpp -o V3Common.o
[rtl-full/Verilator shard 2/5-3             ]   | g++   -Og -ggdb -gz -DVL_DEBUG -D_GLIBCXX_DEBUG -DVERILATOR_INTERNAL_ -MMD -I. -I.. -I.. -I../../include -I../../include -MP  -Wno-shadow -Wno-unused-parameter -faligned-new -fno-exceptions -DDEFENV_SYSTEMC=\"\" -DDEFENV_SYSTEMC_ARCH=\"\" -DDEFENV_SYSTEMC_INCLUDE=\"\" -DDEFENV_SYSTEMC_LIBDIR=\"\" -DDEFENV_VERILATOR_ROOT=\"/opt/verilator/share/verilator\" -include V3PchAstNoMT.h -c ../V3Clean.cpp -o V3Clean.o
[rtl-full/Verilator shard 1/5-2             ]   | g++   -O3 -DVERILATOR_INTERNAL_ -MMD -I. -I.. -I.. -I../../include -I../../include -MP  -Wno-shadow -Wno-unused-parameter -faligned-new -fno-exceptions -DDEFENV_SYSTEMC=\"\" -DDEFENV_SYSTEMC_ARCH=\"\" -DDEFENV_SYSTEMC_INCLUDE=\"\" -DDEFENV_SYSTEMC_LIBDIR=\"\" -DDEFENV_VERILATOR_ROOT=\"/opt/verilator/share/verilator\" -include V3PchAstMT.h -c ../V3File.cpp -o V3File.o
[rtl-full/Verilator shard 0/5-1             ]   | g++   -O3 -DVERILATOR_INTERNAL_ -MMD -I. -I.. -I.. -I../../include -I../../include -MP  -Wno-shadow -Wno-unused-parameter -faligned-new -fno-exceptions -DDEFENV_SYSTEMC=\"\" -DDEFENV_SYSTEMC_ARCH=\"\" -DDEFENV_SYSTEMC_INCLUDE=\"\" -DDEFENV_SYSTEMC_LIBDIR=\"\" -DDEFENV_VERILATOR_ROOT=\"/opt/verilator/share/verilator\" -include V3PchAstNoMT.h -c ../V3Coverage.cpp -o V3Coverage.o
[rtl-full/Verilator shard 3/5-4             ]   | g++   -O3 -DVERILATOR_INTERNAL_ -MMD -I. -I.. -I.. -I../../include -I../../include -MP  -Wno-shadow -Wno-unused-parameter -faligned-new -fno-exceptions -DDEFENV_SYSTEMC=\"\" -DDEFENV_SYSTEMC_ARCH=\"\" -DDEFENV_SYSTEMC_INCLUDE=\"\" -DDEFENV_SYSTEMC_LIBDIR=\"\" -DDEFENV_VERILATOR_ROOT=\"/opt/verilator/share/verilator\" -include V3PchAstNoMT.h -c ../V3Begin.cpp -o V3Begin.o
[rtl-full/Verilator shard 2/5-3             ]   | g++   -Og -ggdb -gz -DVL_DEBUG -D_GLIBCXX_DEBUG -DVERILATOR_INTERNAL_ -MMD -I. -I.. -I.. -I../../include -I../../include -MP  -Wno-shadow -Wno-unused-parameter -faligned-new -fno-exceptions -DDEFENV_SYSTEMC=\"\" -DDEFENV_SYSTEMC_ARCH=\"\" -DDEFENV_SYSTEMC_INCLUDE=\"\" -DDEFENV_SYSTEMC_LIBDIR=\"\" -DDEFENV_VERILATOR_ROOT=\"/opt/verilator/share/verilator\" -include V3PchAstNoMT.h -c ../V3Clock.cpp -o V3Clock.o
[rtl-full/Verilator shard 0/5-1             ]   | g++   -O3 -DVERILATOR_INTERNAL_ -MMD -I. -I.. -I.. -I../../include -I../../include -MP  -Wno-shadow -Wno-unused-parameter -faligned-new -fno-exceptions -DDEFENV_SYSTEMC=\"\" -DDEFENV_SYSTEMC_ARCH=\"\" -DDEFENV_SYSTEMC_INCLUDE=\"\" -DDEFENV_SYSTEMC_LIBDIR=\"\" -DDEFENV_VERILATOR_ROOT=\"/opt/verilator/share/verilator\" -include V3PchAstNoMT.h -c ../V3Covergroup.cpp -o V3Covergroup.o
[rtl-full/Verilator shard 0/5-1             ]   | g++   -O3 -DVERILATOR_INTERNAL_ -MMD -I. -I.. -I.. -I../../include -I../../include -MP  -Wno-shadow -Wno-unused-parameter -faligned-new -fno-exceptions -DDEFENV_SYSTEMC=\"\" -DDEFENV_SYSTEMC_ARCH=\"\" -DDEFENV_SYSTEMC_INCLUDE=\"\" -DDEFENV_SYSTEMC_LIBDIR=\"\" -DDEFENV_VERILATOR_ROOT=\"/opt/verilator/share/verilator\" -include V3PchAstNoMT.h -c ../V3CoverageJoin.cpp -o V3CoverageJoin.o
[rtl-full/Verilator shard 2/5-3             ]   | g++   -Og -ggdb -gz -DVL_DEBUG -D_GLIBCXX_DEBUG -DVERILATOR_INTERNAL_ -MMD -I. -I.. -I.. -I../../include -I../../include -MP  -Wno-shadow -Wno-unused-parameter -faligned-new -fno-exceptions -DDEFENV_SYSTEMC=\"\" -DDEFENV_SYSTEMC_ARCH=\"\" -DDEFENV_SYSTEMC_INCLUDE=\"\" -DDEFENV_SYSTEMC_LIBDIR=\"\" -DDEFENV_VERILATOR_ROOT=\"/opt/verilator/share/verilator\" -include V3PchAstNoMT.h -c ../V3Combine.cpp -o V3Combine.o
[rtl-full/Verilator shard 2/5-3             ]   | g++   -Og -ggdb -gz -DVL_DEBUG -D_GLIBCXX_DEBUG -DVERILATOR_INTERNAL_ -MMD -I. -I.. -I.. -I../../include -I../../include -MP  -Wno-shadow -Wno-unused-parameter -faligned-new -fno-exceptions -DDEFENV_SYSTEMC=\"\" -DDEFENV_SYSTEMC_ARCH=\"\" -DDEFENV_SYSTEMC_INCLUDE=\"\" -DDEFENV_SYSTEMC_LIBDIR=\"\" -DDEFENV_VERILATOR_ROOT=\"/opt/verilator/share/verilator\" -include V3PchAstNoMT.h -c ../V3Common.cpp -o V3Common.o
[rtl-full/Verilator shard 3/5-4             ]   | g++   -Og -ggdb -gz -DVL_DEBUG -D_GLIBCXX_DEBUG -DVERILATOR_INTERNAL_ -MMD -I. -I.. -I.. -I../../include -I../../include -MP  -Wno-shadow -Wno-unused-parameter -faligned-new -fno-exceptions -DDEFENV_SYSTEMC=\"\" -DDEFENV_SYSTEMC_ARCH=\"\" -DDEFENV_SYSTEMC_INCLUDE=\"\" -DDEFENV_SYSTEMC_LIBDIR=\"\" -DDEFENV_VERILATOR_ROOT=\"/opt/verilator/share/verilator\" -include V3PchAstMT.h -c ../V3Global.cpp -o V3Global.o
[rtl-full/Verilator shard 1/5-2             ]   | g++   -Og -ggdb -gz -DVL_DEBUG -D_GLIBCXX_DEBUG -DVERILATOR_INTERNAL_ -MMD -I. -I.. -I.. -I../../include -I../../include -MP  -Wno-shadow -Wno-unused-parameter -faligned-new -fno-exceptions -DDEFENV_SYSTEMC=\"\" -DDEFENV_SYSTEMC_ARCH=\"\" -DDEFENV_SYSTEMC_INCLUDE=\"\" -DDEFENV_SYSTEMC_LIBDIR=\"\" -DDEFENV_VERILATOR_ROOT=\"/opt/verilator/share/verilator\" -include V3PchAstNoMT.h -c ../V3Cast.cpp -o V3Cast.o
[rtl-full/Verilator shard 0/5-1             ]   | g++   -O3 -DVERILATOR_INTERNAL_ -MMD -I. -I.. -I.. -I../../include -I../../include -MP  -Wno-shadow -Wno-unused-parameter -faligned-new -fno-exceptions -DDEFENV_SYSTEMC=\"\" -DDEFENV_SYSTEMC_ARCH=\"\" -DDEFENV_SYSTEMC_INCLUDE=\"\" -DDEFENV_SYSTEMC_LIBDIR=\"\" -DDEFENV_VERILATOR_ROOT=\"/opt/verilator/share/verilator\" -include V3PchAstNoMT.h -c ../V3Dead.cpp -o V3Dead.o
[rtl-full/Verilator shard 3/5-4             ]   | g++   -Og -ggdb -gz -DVL_DEBUG -D_GLIBCXX_DEBUG -DVERILATOR_INTERNAL_ -MMD -I. -I.. -I.. -I../../include -I../../include -MP  -Wno-shadow -Wno-unused-parameter -faligned-new -fno-exceptions -DDEFENV_SYSTEMC=\"\" -DDEFENV_SYSTEMC_ARCH=\"\" -DDEFENV_SYSTEMC_INCLUDE=\"\" -DDEFENV_SYSTEMC_LIBDIR=\"\" -DDEFENV_VERILATOR_ROOT=\"/opt/verilator/share/verilator\" -include V3PchAstMT.h -c ../V3Hasher.cpp -o V3Hasher.o
[rtl-full/Verilator shard 2/5-3             ]   | g++   -Og -ggdb -gz -DVL_DEBUG -D_GLIBCXX_DEBUG -DVERILATOR_INTERNAL_ -MMD -I. -I.. -I.. -I../../include -I../../include -MP  -Wno-shadow -Wno-unused-parameter -faligned-new -fno-exceptions -DDEFENV_SYSTEMC=\"\" -DDEFENV_SYSTEMC_ARCH=\"\" -DDEFENV_SYSTEMC_INCLUDE=\"\" -DDEFENV_SYSTEMC_LIBDIR=\"\" -DDEFENV_VERILATOR_ROOT=\"/opt/verilator/share/verilator\" -include V3PchAstNoMT.h -c ../V3Coverage.cpp -o V3Coverage.o
[rtl-full/Verilator shard 1/5-2             ]   | g++   -O3 -DVERILATOR_INTERNAL_ -MMD -I. -I.. -I.. -I../../include -I../../include -MP  -Wno-shadow -Wno-unused-parameter -faligned-new -fno-exceptions -DDEFENV_SYSTEMC=\"\" -DDEFENV_SYSTEMC_ARCH=\"\" -DDEFENV_SYSTEMC_INCLUDE=\"\" -DDEFENV_SYSTEMC_LIBDIR=\"\" -DDEFENV_VERILATOR_ROOT=\"/opt/verilator/share/verilator\" -include V3PchAstMT.h -c ../V3FuncOpt.cpp -o V3FuncOpt.o
[rtl-full/Verilator shard 3/5-4             ]   | g++   -O3 -DVERILATOR_INTERNAL_ -MMD -I. -I.. -I.. -I../../include -I../../include -MP  -Wno-shadow -Wno-unused-parameter -faligned-new -fno-exceptions -DDEFENV_SYSTEMC=\"\" -DDEFENV_SYSTEMC_ARCH=\"\" -DDEFENV_SYSTEMC_INCLUDE=\"\" -DDEFENV_SYSTEMC_LIBDIR=\"\" -DDEFENV_VERILATOR_ROOT=\"/opt/verilator/share/verilator\" -include V3PchAstNoMT.h -c ../V3Branch.cpp -o V3Branch.o
[rtl-full/Verilator shard 2/5-3             ]   | g++   -Og -ggdb -gz -DVL_DEBUG -D_GLIBCXX_DEBUG -DVERILATOR_INTERNAL_ -MMD -I. -I.. -I.. -I../../include -I../../include -MP  -Wno-shadow -Wno-unused-parameter -faligned-new -fno-exceptions -DDEFENV_SYSTEMC=\"\" -DDEFENV_SYSTEMC_ARCH=\"\" -DDEFENV_SYSTEMC_INCLUDE=\"\" -DDEFENV_SYSTEMC_LIBDIR=\"\" -DDEFENV_VERILATOR_ROOT=\"/opt/verilator/share/verilator\" -include V3PchAstNoMT.h -c ../V3Covergroup.cpp -o V3Covergroup.o
[rtl-full/Verilator shard 3/5-4             ]   | g++   -O3 -DVERILATOR_INTERNAL_ -MMD -I. -I.. -I.. -I../../include -I../../include -MP  -Wno-shadow -Wno-unused-parameter -faligned-new -fno-exceptions -DDEFENV_SYSTEMC=\"\" -DDEFENV_SYSTEMC_ARCH=\"\" -DDEFENV_SYSTEMC_INCLUDE=\"\" -DDEFENV_SYSTEMC_LIBDIR=\"\" -DDEFENV_VERILATOR_ROOT=\"/opt/verilator/share/verilator\" -include V3PchAstNoMT.h -c ../V3CCtors.cpp -o V3CCtors.o
[rtl-full/Verilator shard 1/5-2             ]   | g++   -Og -ggdb -gz -DVL_DEBUG -D_GLIBCXX_DEBUG -DVERILATOR_INTERNAL_ -MMD -I. -I.. -I.. -I../../include -I../../include -MP  -Wno-shadow -Wno-unused-parameter -faligned-new -fno-exceptions -DDEFENV_SYSTEMC=\"\" -DDEFENV_SYSTEMC_ARCH=\"\" -DDEFENV_SYSTEMC_INCLUDE=\"\" -DDEFENV_SYSTEMC_LIBDIR=\"\" -DDEFENV_VERILATOR_ROOT=\"/opt/verilator/share/verilator\" -include V3PchAstNoMT.h -c ../V3Cfg.cpp -o V3Cfg.o
[rtl-full/Verilator shard 2/5-3             ]   | g++   -Og -ggdb -gz -DVL_DEBUG -D_GLIBCXX_DEBUG -DVERILATOR_INTERNAL_ -MMD -I. -I.. -I.. -I../../include -I../../include -MP  -Wno-shadow -Wno-unused-parameter -faligned-new -fno-exceptions -DDEFENV_SYSTEMC=\"\" -DDEFENV_SYSTEMC_ARCH=\"\" -DDEFENV_SYSTEMC_INCLUDE=\"\" -DDEFENV_SYSTEMC_LIBDIR=\"\" -DDEFENV_VERILATOR_ROOT=\"/opt/verilator/share/verilator\" -include V3PchAstNoMT.h -c ../V3CoverageJoin.cpp -o V3CoverageJoin.o
[rtl-full/Verilator shard 1/5-2             ]   | g++   -O3 -DVERILATOR_INTERNAL_ -MMD -I. -I.. -I.. -I../../include -I../../include -MP  -Wno-shadow -Wno-unused-parameter -faligned-new -fno-exceptions -DDEFENV_SYSTEMC=\"\" -DDEFENV_SYSTEMC_ARCH=\"\" -DDEFENV_SYSTEMC_INCLUDE=\"\" -DDEFENV_SYSTEMC_LIBDIR=\"\" -DDEFENV_VERILATOR_ROOT=\"/opt/verilator/share/verilator\" -include V3PchAstMT.h -c ../V3Global.cpp -o V3Global.o
[rtl-full/Verilator shard 3/5-4             ]   | g++   -O3 -DVERILATOR_INTERNAL_ -MMD -I. -I.. -I.. -I../../include -I../../include -MP  -Wno-shadow -Wno-unused-parameter -faligned-new -fno-exceptions -DDEFENV_SYSTEMC=\"\" -DDEFENV_SYSTEMC_ARCH=\"\" -DDEFENV_SYSTEMC_INCLUDE=\"\" -DDEFENV_SYSTEMC_LIBDIR=\"\" -DDEFENV_VERILATOR_ROOT=\"/opt/verilator/share/verilator\" -include V3PchAstNoMT.h -c ../V3CUse.cpp -o V3CUse.o
[rtl-full/Verilator shard 1/5-2             ]   | g++   -Og -ggdb -gz -DVL_DEBUG -D_GLIBCXX_DEBUG -DVERILATOR_INTERNAL_ -MMD -I. -I.. -I.. -I../../include -I../../include -MP  -Wno-shadow -Wno-unused-parameter -faligned-new -fno-exceptions -DDEFENV_SYSTEMC=\"\" -DDEFENV_SYSTEMC_ARCH=\"\" -DDEFENV_SYSTEMC_INCLUDE=\"\" -DDEFENV_SYSTEMC_LIBDIR=\"\" -DDEFENV_VERILATOR_ROOT=\"/opt/verilator/share/verilator\" -include V3PchAstNoMT.h -c ../V3CfgBuilder.cpp -o V3CfgBuilder.o
[rtl-full/Verilator shard 3/5-4             ]   | g++   -Og -ggdb -gz -DVL_DEBUG -D_GLIBCXX_DEBUG -DVERILATOR_INTERNAL_ -MMD -I. -I.. -I.. -I../../include -I../../include -MP  -Wno-shadow -Wno-unused-parameter -faligned-new -fno-exceptions -DDEFENV_SYSTEMC=\"\" -DDEFENV_SYSTEMC_ARCH=\"\" -DDEFENV_SYSTEMC_INCLUDE=\"\" -DDEFENV_SYSTEMC_LIBDIR=\"\" -DDEFENV_VERILATOR_ROOT=\"/opt/verilator/share/verilator\" -include V3PchAstMT.h -c ../V3Number.cpp -o V3Number.o
[rtl-full/Verilator shard 1/5-2             ]   | g++   -O3 -DVERILATOR_INTERNAL_ -MMD -I. -I.. -I.. -I../../include -I../../include -MP  -Wno-shadow -Wno-unused-parameter -faligned-new -fno-exceptions -DDEFENV_SYSTEMC=\"\" -DDEFENV_SYSTEMC_ARCH=\"\" -DDEFENV_SYSTEMC_INCLUDE=\"\" -DDEFENV_SYSTEMC_LIBDIR=\"\" -DDEFENV_VERILATOR_ROOT=\"/opt/verilator/share/verilator\" -include V3PchAstMT.h -c ../V3Hasher.cpp -o V3Hasher.o
[rtl-full/Verilator shard 3/5-4             ]   | g++   -O3 -DVERILATOR_INTERNAL_ -MMD -I. -I.. -I.. -I../../include -I../../include -MP  -Wno-shadow -Wno-unused-parameter -faligned-new -fno-exceptions -DDEFENV_SYSTEMC=\"\" -DDEFENV_SYSTEMC_ARCH=\"\" -DDEFENV_SYSTEMC_INCLUDE=\"\" -DDEFENV_SYSTEMC_LIBDIR=\"\" -DDEFENV_VERILATOR_ROOT=\"/opt/verilator/share/verilator\" -include V3PchAstNoMT.h -c ../V3Case.cpp -o V3Case.o
[rtl-full/Verilator shard 0/5-1             ]   | g++   -Og -ggdb -gz -DVL_DEBUG -D_GLIBCXX_DEBUG -DVERILATOR_INTERNAL_ -MMD -I. -I.. -I.. -I../../include -I../../include -MP  -Wno-shadow -Wno-unused-parameter -faligned-new -fno-exceptions -DDEFENV_SYSTEMC=\"\" -DDEFENV_SYSTEMC_ARCH=\"\" -DDEFENV_SYSTEMC_INCLUDE=\"\" -DDEFENV_SYSTEMC_LIBDIR=\"\" -DDEFENV_VERILATOR_ROOT=\"/opt/verilator/share/verilator\" -include V3PchAstMT.h -c ../V3Broken.cpp -o V3Broken.o
[rtl-full/Verilator shard 0/5-1             ]   | g++   -O3 -DVERILATOR_INTERNAL_ -MMD -I. -I.. -I.. -I../../include -I../../include -MP  -Wno-shadow -Wno-unused-parameter -faligned-new -fno-exceptions -DDEFENV_SYSTEMC=\"\" -DDEFENV_SYSTEMC_ARCH=\"\" -DDEFENV_SYSTEMC_INCLUDE=\"\" -DDEFENV_SYSTEMC_LIBDIR=\"\" -DDEFENV_VERILATOR_ROOT=\"/opt/verilator/share/verilator\" -include V3PchAstNoMT.h -c ../V3Delayed.cpp -o V3Delayed.o
[rtl-full/Verilator shard 0/5-1             ]   | g++   -O3 -DVERILATOR_INTERNAL_ -MMD -I. -I.. -I.. -I../../include -I../../include -MP  -Wno-shadow -Wno-unused-parameter -faligned-new -fno-exceptions -DDEFENV_SYSTEMC=\"\" -DDEFENV_SYSTEMC_ARCH=\"\" -DDEFENV_SYSTEMC_INCLUDE=\"\" -DDEFENV_SYSTEMC_LIBDIR=\"\" -DDEFENV_VERILATOR_ROOT=\"/opt/verilator/share/verilator\" -include V3PchAstNoMT.h -c ../V3Depth.cpp -o V3Depth.o
[rtl-full/Verilator shard 3/5-4             ]   | g++   -O3 -DVERILATOR_INTERNAL_ -MMD -I. -I.. -I.. -I../../include -I../../include -MP  -Wno-shadow -Wno-unused-parameter -faligned-new -fno-exceptions -DDEFENV_SYSTEMC=\"\" -DDEFENV_SYSTEMC_ARCH=\"\" -DDEFENV_SYSTEMC_INCLUDE=\"\" -DDEFENV_SYSTEMC_LIBDIR=\"\" -DDEFENV_VERILATOR_ROOT=\"/opt/verilator/share/verilator\" -include V3PchAstNoMT.h -c ../V3Cast.cpp -o V3Cast.o
[rtl-full/Verilator shard 2/5-3             ]   | g++   -Og -ggdb -gz -DVL_DEBUG -D_GLIBCXX_DEBUG -DVERILATOR_INTERNAL_ -MMD -I. -I.. -I.. -I../../include -I../../include -MP  -Wno-shadow -Wno-unused-parameter -faligned-new -fno-exceptions -DDEFENV_SYSTEMC=\"\" -DDEFENV_SYSTEMC_ARCH=\"\" -DDEFENV_SYSTEMC_INCLUDE=\"\" -DDEFENV_SYSTEMC_LIBDIR=\"\" -DDEFENV_VERILATOR_ROOT=\"/opt/verilator/share/verilator\" -include V3PchAstNoMT.h -c ../V3Dead.cpp -o V3Dead.o
[rtl-full/Verilator shard 3/5-4             ]   | g++   -Og -ggdb -gz -DVL_DEBUG -D_GLIBCXX_DEBUG -DVERILATOR_INTERNAL_ -MMD -I. -I.. -I.. -I../../include -I../../include -MP  -Wno-shadow -Wno-unused-parameter -faligned-new -fno-exceptions -DDEFENV_SYSTEMC=\"\" -DDEFENV_SYSTEMC_ARCH=\"\" -DDEFENV_SYSTEMC_INCLUDE=\"\" -DDEFENV_SYSTEMC_LIBDIR=\"\" -DDEFENV_VERILATOR_ROOT=\"/opt/verilator/share/verilator\" -include V3PchAstMT.h -c ../V3Options.cpp -o V3Options.o
[rtl-full/Verilator shard 1/5-2             ]   | g++   -Og -ggdb -gz -DVL_DEBUG -D_GLIBCXX_DEBUG -DVERILATOR_INTERNAL_ -MMD -I. -I.. -I.. -I../../include -I../../include -MP  -Wno-shadow -Wno-unused-parameter -faligned-new -fno-exceptions -DDEFENV_SYSTEMC=\"\" -DDEFENV_SYSTEMC_ARCH=\"\" -DDEFENV_SYSTEMC_INCLUDE=\"\" -DDEFENV_SYSTEMC_LIBDIR=\"\" -DDEFENV_VERILATOR_ROOT=\"/opt/verilator/share/verilator\" -include V3PchAstNoMT.h -c ../V3CfgLiveVariables.cpp -o V3CfgLiveVariables.o
[rtl-full/Verilator shard 1/5-2             ]   | g++   -Og -ggdb -gz -DVL_DEBUG -D_GLIBCXX_DEBUG -DVERILATOR_INTERNAL_ -MMD -I. -I.. -I.. -I../../include -I../../include -MP  -Wno-shadow -Wno-unused-parameter -faligned-new -fno-exceptions -DDEFENV_SYSTEMC=\"\" -DDEFENV_SYSTEMC_ARCH=\"\" -DDEFENV_SYSTEMC_INCLUDE=\"\" -DDEFENV_SYSTEMC_LIBDIR=\"\" -DDEFENV_VERILATOR_ROOT=\"/opt/verilator/share/verilator\" -include V3PchAstNoMT.h -c ../V3Class.cpp -o V3Class.o
[rtl-full/Verilator shard 1/5-2             ]   | g++   -Og -ggdb -gz -DVL_DEBUG -D_GLIBCXX_DEBUG -DVERILATOR_INTERNAL_ -MMD -I. -I.. -I.. -I../../include -I../../include -MP  -Wno-shadow -Wno-unused-parameter -faligned-new -fno-exceptions -DDEFENV_SYSTEMC=\"\" -DDEFENV_SYSTEMC_ARCH=\"\" -DDEFENV_SYSTEMC_INCLUDE=\"\" -DDEFENV_SYSTEMC_LIBDIR=\"\" -DDEFENV_VERILATOR_ROOT=\"/opt/verilator/share/verilator\" -include V3PchAstNoMT.h -c ../V3Clean.cpp -o V3Clean.o
[rtl-full/Verilator shard 0/5-1             ]   | g++   -O3 -DVERILATOR_INTERNAL_ -MMD -I. -I.. -I.. -I../../include -I../../include -MP  -Wno-shadow -Wno-unused-parameter -faligned-new -fno-exceptions -DDEFENV_SYSTEMC=\"\" -DDEFENV_SYSTEMC_ARCH=\"\" -DDEFENV_SYSTEMC_INCLUDE=\"\" -DDEFENV_SYSTEMC_LIBDIR=\"\" -DDEFENV_VERILATOR_ROOT=\"/opt/verilator/share/verilator\" -include V3PchAstNoMT.h -c ../V3DepthBlock.cpp -o V3DepthBlock.o
[rtl-full/Verilator shard 0/5-1             ]   | g++   -O3 -DVERILATOR_INTERNAL_ -MMD -I. -I.. -I.. -I../../include -I../../include -MP  -Wno-shadow -Wno-unused-parameter -faligned-new -fno-exceptions -DDEFENV_SYSTEMC=\"\" -DDEFENV_SYSTEMC_ARCH=\"\" -DDEFENV_SYSTEMC_INCLUDE=\"\" -DDEFENV_SYSTEMC_LIBDIR=\"\" -DDEFENV_VERILATOR_ROOT=\"/opt/verilator/share/verilator\" -include V3PchAstNoMT.h -c ../V3Descope.cpp -o V3Descope.o
[rtl-full/Verilator shard 3/5-4             ]   | g++   -Og -ggdb -gz -DVL_DEBUG -D_GLIBCXX_DEBUG -DVERILATOR_INTERNAL_ -MMD -I. -I.. -I.. -I../../include -I../../include -MP  -Wno-shadow -Wno-unused-parameter -faligned-new -fno-exceptions -DDEFENV_SYSTEMC=\"\" -DDEFENV_SYSTEMC_ARCH=\"\" -DDEFENV_SYSTEMC_INCLUDE=\"\" -DDEFENV_SYSTEMC_LIBDIR=\"\" -DDEFENV_VERILATOR_ROOT=\"/opt/verilator/share/verilator\" -include V3PchAstMT.h -c ../V3Stats.cpp -o V3Stats.o
[rtl-full/Verilator shard 3/5-4             ]   | g++   -O3 -DVERILATOR_INTERNAL_ -MMD -I. -I.. -I.. -I../../include -I../../include -MP  -Wno-shadow -Wno-unused-parameter -faligned-new -fno-exceptions -DDEFENV_SYSTEMC=\"\" -DDEFENV_SYSTEMC_ARCH=\"\" -DDEFENV_SYSTEMC_INCLUDE=\"\" -DDEFENV_SYSTEMC_LIBDIR=\"\" -DDEFENV_VERILATOR_ROOT=\"/opt/verilator/share/verilator\" -include V3PchAstNoMT.h -c ../V3Cfg.cpp -o V3Cfg.o
[rtl-full/Verilator shard 2/5-3             ]   | g++   -Og -ggdb -gz -DVL_DEBUG -D_GLIBCXX_DEBUG -DVERILATOR_INTERNAL_ -MMD -I. -I.. -I.. -I../../include -I../../include -MP  -Wno-shadow -Wno-unused-parameter -faligned-new -fno-exceptions -DDEFENV_SYSTEMC=\"\" -DDEFENV_SYSTEMC_ARCH=\"\" -DDEFENV_SYSTEMC_INCLUDE=\"\" -DDEFENV_SYSTEMC_LIBDIR=\"\" -DDEFENV_VERILATOR_ROOT=\"/opt/verilator/share/verilator\" -include V3PchAstNoMT.h -c ../V3Delayed.cpp -o V3Delayed.o
[rtl-full/Verilator shard 3/5-4             ]   | g++   -O3 -DVERILATOR_INTERNAL_ -MMD -I. -I.. -I.. -I../../include -I../../include -MP  -Wno-shadow -Wno-unused-parameter -faligned-new -fno-exceptions -DDEFENV_SYSTEMC=\"\" -DDEFENV_SYSTEMC_ARCH=\"\" -DDEFENV_SYSTEMC_INCLUDE=\"\" -DDEFENV_SYSTEMC_LIBDIR=\"\" -DDEFENV_VERILATOR_ROOT=\"/opt/verilator/share/verilator\" -include V3PchAstNoMT.h -c ../V3CfgBuilder.cpp -o V3CfgBuilder.o
[rtl-full/Verilator shard 1/5-2             ]   | g++   -O3 -DVERILATOR_INTERNAL_ -MMD -I. -I.. -I.. -I../../include -I../../include -MP  -Wno-shadow -Wno-unused-parameter -faligned-new -fno-exceptions -DDEFENV_SYSTEMC=\"\" -DDEFENV_SYSTEMC_ARCH=\"\" -DDEFENV_SYSTEMC_INCLUDE=\"\" -DDEFENV_SYSTEMC_LIBDIR=\"\" -DDEFENV_VERILATOR_ROOT=\"/opt/verilator/share/verilator\" -include V3PchAstMT.h -c ../V3Number.cpp -o V3Number.o
[rtl-full/Verilator shard 0/5-1             ]   | g++   -Og -ggdb -gz -DVL_DEBUG -D_GLIBCXX_DEBUG -DVERILATOR_INTERNAL_ -MMD -I. -I.. -I.. -I../../include -I../../include -MP  -Wno-shadow -Wno-unused-parameter -faligned-new -fno-exceptions -DDEFENV_SYSTEMC=\"\" -DDEFENV_SYSTEMC_ARCH=\"\" -DDEFENV_SYSTEMC_INCLUDE=\"\" -DDEFENV_SYSTEMC_LIBDIR=\"\" -DDEFENV_VERILATOR_ROOT=\"/opt/verilator/share/verilator\" -include V3PchAstMT.h -c ../V3Control.cpp -o V3Control.o
[rtl-full/Verilator shard 1/5-2             ]   | g++   -Og -ggdb -gz -DVL_DEBUG -D_GLIBCXX_DEBUG -DVERILATOR_INTERNAL_ -MMD -I. -I.. -I.. -I../../include -I../../include -MP  -Wno-shadow -Wno-unused-parameter -faligned-new -fno-exceptions -DDEFENV_SYSTEMC=\"\" -DDEFENV_SYSTEMC_ARCH=\"\" -DDEFENV_SYSTEMC_INCLUDE=\"\" -DDEFENV_SYSTEMC_LIBDIR=\"\" -DDEFENV_VERILATOR_ROOT=\"/opt/verilator/share/verilator\" -include V3PchAstNoMT.h -c ../V3Clock.cpp -o V3Clock.o
[rtl-full/Verilator shard 2/5-3             ]   | g++   -O3 -DVERILATOR_INTERNAL_ -MMD -I. -I.. -I.. -I../../include -I../../include -MP  -Wno-shadow -Wno-unused-parameter -faligned-new -fno-exceptions -DDEFENV_SYSTEMC=\"\" -DDEFENV_SYSTEMC_ARCH=\"\" -DDEFENV_SYSTEMC_INCLUDE=\"\" -DDEFENV_SYSTEMC_LIBDIR=\"\" -DDEFENV_VERILATOR_ROOT=\"/opt/verilator/share/verilator\" -include V3PchAstMT.h -c ../V3Broken.cpp -o V3Broken.o
[rtl-full/Verilator shard 2/5-3             ]   | g++   -Og -ggdb -gz -DVL_DEBUG -D_GLIBCXX_DEBUG -DVERILATOR_INTERNAL_ -MMD -I. -I.. -I.. -I../../include -I../../include -MP  -Wno-shadow -Wno-unused-parameter -faligned-new -fno-exceptions -DDEFENV_SYSTEMC=\"\" -DDEFENV_SYSTEMC_ARCH=\"\" -DDEFENV_SYSTEMC_INCLUDE=\"\" -DDEFENV_SYSTEMC_LIBDIR=\"\" -DDEFENV_VERILATOR_ROOT=\"/opt/verilator/share/verilator\" -include V3PchAstNoMT.h -c ../V3Depth.cpp -o V3Depth.o
[rtl-full/Verilator shard 3/5-4             ]   | g++   -Og -ggdb -gz -DVL_DEBUG -D_GLIBCXX_DEBUG -DVERILATOR_INTERNAL_ -MMD -I. -I.. -I.. -I../../include -I../../include -MP  -Wno-shadow -Wno-unused-parameter -faligned-new -fno-exceptions -DDEFENV_SYSTEMC=\"\" -DDEFENV_SYSTEMC_ARCH=\"\" -DDEFENV_SYSTEMC_INCLUDE=\"\" -DDEFENV_SYSTEMC_LIBDIR=\"\" -DDEFENV_VERILATOR_ROOT=\"/opt/verilator/share/verilator\" -include V3PchAstMT.h -c ../V3StatsReport.cpp -o V3StatsReport.o
[rtl-full/Verilator shard 3/5-4             ]   | g++   -O3 -DVERILATOR_INTERNAL_ -MMD -I. -I.. -I.. -I../../include -I../../include -MP  -Wno-shadow -Wno-unused-parameter -faligned-new -fno-exceptions -DDEFENV_SYSTEMC=\"\" -DDEFENV_SYSTEMC_ARCH=\"\" -DDEFENV_SYSTEMC_INCLUDE=\"\" -DDEFENV_SYSTEMC_LIBDIR=\"\" -DDEFENV_VERILATOR_ROOT=\"/opt/verilator/share/verilator\" -include V3PchAstNoMT.h -c ../V3CfgLiveVariables.cpp -o V3CfgLiveVariables.o
[rtl-full/Verilator shard 3/5-4             ]   | g++   -O3 -DVERILATOR_INTERNAL_ -MMD -I. -I.. -I.. -I../../include -I../../include -MP  -Wno-shadow -Wno-unused-parameter -faligned-new -fno-exceptions -DDEFENV_SYSTEMC=\"\" -DDEFENV_SYSTEMC_ARCH=\"\" -DDEFENV_SYSTEMC_INCLUDE=\"\" -DDEFENV_SYSTEMC_LIBDIR=\"\" -DDEFENV_VERILATOR_ROOT=\"/opt/verilator/share/verilator\" -include V3PchAstNoMT.h -c ../V3Class.cpp -o V3Class.o
[rtl-full/Verilator shard 1/5-2             ]   | g++   -Og -ggdb -gz -DVL_DEBUG -D_GLIBCXX_DEBUG -DVERILATOR_INTERNAL_ -MMD -I. -I.. -I.. -I../../include -I../../include -MP  -Wno-shadow -Wno-unused-parameter -faligned-new -fno-exceptions -DDEFENV_SYSTEMC=\"\" -DDEFENV_SYSTEMC_ARCH=\"\" -DDEFENV_SYSTEMC_INCLUDE=\"\" -DDEFENV_SYSTEMC_LIBDIR=\"\" -DDEFENV_VERILATOR_ROOT=\"/opt/verilator/share/verilator\" -include V3PchAstNoMT.h -c ../V3Combine.cpp -o V3Combine.o
[rtl-full/Verilator shard 0/5-1             ]   | g++   -O3 -DVERILATOR_INTERNAL_ -MMD -I. -I.. -I.. -I../../include -I../../include -MP  -Wno-shadow -Wno-unused-parameter -faligned-new -fno-exceptions -DDEFENV_SYSTEMC=\"\" -DDEFENV_SYSTEMC_ARCH=\"\" -DDEFENV_SYSTEMC_INCLUDE=\"\" -DDEFENV_SYSTEMC_LIBDIR=\"\" -DDEFENV_VERILATOR_ROOT=\"/opt/verilator/share/verilator\" -include V3PchAstNoMT.h -c ../V3Dfg.cpp -o V3Dfg.o
[rtl-full/Verilator shard 0/5-1             ]   | g++   -O3 -DVERILATOR_INTERNAL_ -MMD -I. -I.. -I.. -I../../include -I../../include -MP  -Wno-shadow -Wno-unused-parameter -faligned-new -fno-exceptions -DDEFENV_SYSTEMC=\"\" -DDEFENV_SYSTEMC_ARCH=\"\" -DDEFENV_SYSTEMC_INCLUDE=\"\" -DDEFENV_SYSTEMC_LIBDIR=\"\" -DDEFENV_VERILATOR_ROOT=\"/opt/verilator/share/verilator\" -include V3PchAstNoMT.h -c ../V3DfgAstToDfg.cpp -o V3DfgAstToDfg.o
[rtl-full/Verilator shard 1/5-2             ]   | g++   -O3 -DVERILATOR_INTERNAL_ -MMD -I. -I.. -I.. -I../../include -I../../include -MP  -Wno-shadow -Wno-unused-parameter -faligned-new -fno-exceptions -DDEFENV_SYSTEMC=\"\" -DDEFENV_SYSTEMC_ARCH=\"\" -DDEFENV_SYSTEMC_INCLUDE=\"\" -DDEFENV_SYSTEMC_LIBDIR=\"\" -DDEFENV_VERILATOR_ROOT=\"/opt/verilator/share/verilator\" -include V3PchAstMT.h -c ../V3Options.cpp -o V3Options.o
[rtl-full/Verilator shard 2/5-3             ]   | g++   -Og -ggdb -gz -DVL_DEBUG -D_GLIBCXX_DEBUG -DVERILATOR_INTERNAL_ -MMD -I. -I.. -I.. -I../../include -I../../include -MP  -Wno-shadow -Wno-unused-parameter -faligned-new -fno-exceptions -DDEFENV_SYSTEMC=\"\" -DDEFENV_SYSTEMC_ARCH=\"\" -DDEFENV_SYSTEMC_INCLUDE=\"\" -DDEFENV_SYSTEMC_LIBDIR=\"\" -DDEFENV_VERILATOR_ROOT=\"/opt/verilator/share/verilator\" -include V3PchAstNoMT.h -c ../V3DepthBlock.cpp -o V3DepthBlock.o
[rtl-full/Verilator shard 0/5-1             ]   | g++   -O3 -DVERILATOR_INTERNAL_ -MMD -I. -I.. -I.. -I../../include -I../../include -MP  -Wno-shadow -Wno-unused-parameter -faligned-new -fno-exceptions -DDEFENV_SYSTEMC=\"\" -DDEFENV_SYSTEMC_ARCH=\"\" -DDEFENV_SYSTEMC_INCLUDE=\"\" -DDEFENV_SYSTEMC_LIBDIR=\"\" -DDEFENV_VERILATOR_ROOT=\"/opt/verilator/share/verilator\" -include V3PchAstNoMT.h -c ../V3DfgBreakCycles.cpp -o V3DfgBreakCycles.o
[rtl-full/Verilator shard 2/5-3             ]   | g++   -Og -ggdb -gz -DVL_DEBUG -D_GLIBCXX_DEBUG -DVERILATOR_INTERNAL_ -MMD -I. -I.. -I.. -I../../include -I../../include -MP  -Wno-shadow -Wno-unused-parameter -faligned-new -fno-exceptions -DDEFENV_SYSTEMC=\"\" -DDEFENV_SYSTEMC_ARCH=\"\" -DDEFENV_SYSTEMC_INCLUDE=\"\" -DDEFENV_SYSTEMC_LIBDIR=\"\" -DDEFENV_VERILATOR_ROOT=\"/opt/verilator/share/verilator\" -include V3PchAstNoMT.h -c ../V3Descope.cpp -o V3Descope.o
[rtl-full/Verilator shard 1/5-2             ]   | g++   -O3 -DVERILATOR_INTERNAL_ -MMD -I. -I.. -I.. -I../../include -I../../include -MP  -Wno-shadow -Wno-unused-parameter -faligned-new -fno-exceptions -DDEFENV_SYSTEMC=\"\" -DDEFENV_SYSTEMC_ARCH=\"\" -DDEFENV_SYSTEMC_INCLUDE=\"\" -DDEFENV_SYSTEMC_LIBDIR=\"\" -DDEFENV_VERILATOR_ROOT=\"/opt/verilator/share/verilator\" -include V3PchAstMT.h -c ../V3Stats.cpp -o V3Stats.o
[rtl-full/Verilator shard 2/5-3             ]   | g++   -O3 -DVERILATOR_INTERNAL_ -MMD -I. -I.. -I.. -I../../include -I../../include -MP  -Wno-shadow -Wno-unused-parameter -faligned-new -fno-exceptions -DDEFENV_SYSTEMC=\"\" -DDEFENV_SYSTEMC_ARCH=\"\" -DDEFENV_SYSTEMC_INCLUDE=\"\" -DDEFENV_SYSTEMC_LIBDIR=\"\" -DDEFENV_VERILATOR_ROOT=\"/opt/verilator/share/verilator\" -include V3PchAstMT.h -c ../V3Control.cpp -o V3Control.o
[rtl-full/Verilator shard 2/5-3             ]   | g++   -Og -ggdb -gz -DVL_DEBUG -D_GLIBCXX_DEBUG -DVERILATOR_INTERNAL_ -MMD -I. -I.. -I.. -I../../include -I../../include -MP  -Wno-shadow -Wno-unused-parameter -faligned-new -fno-exceptions -DDEFENV_SYSTEMC=\"\" -DDEFENV_SYSTEMC_ARCH=\"\" -DDEFENV_SYSTEMC_INCLUDE=\"\" -DDEFENV_SYSTEMC_LIBDIR=\"\" -DDEFENV_VERILATOR_ROOT=\"/opt/verilator/share/verilator\" -include V3PchAstNoMT.h -c ../V3Dfg.cpp -o V3Dfg.o
[rtl-full/Verilator shard 3/5-4             ]   | g++   -O3 -DVERILATOR_INTERNAL_ -MMD -I. -I.. -I.. -I../../include -I../../include -MP  -Wno-shadow -Wno-unused-parameter -faligned-new -fno-exceptions -DDEFENV_SYSTEMC=\"\" -DDEFENV_SYSTEMC_ARCH=\"\" -DDEFENV_SYSTEMC_INCLUDE=\"\" -DDEFENV_SYSTEMC_LIBDIR=\"\" -DDEFENV_VERILATOR_ROOT=\"/opt/verilator/share/verilator\" -include V3PchAstNoMT.h -c ../V3Clean.cpp -o V3Clean.o
[rtl-full/Verilator shard 3/5-4             ]   | g++   -Og -ggdb -gz -DVL_DEBUG -D_GLIBCXX_DEBUG -DVERILATOR_INTERNAL_ -MMD -I. -I.. -I.. -I../../include -I../../include -MP  -Wno-shadow -Wno-unused-parameter -faligned-new -fno-exceptions -DDEFENV_SYSTEMC=\"\" -DDEFENV_SYSTEMC_ARCH=\"\" -DDEFENV_SYSTEMC_INCLUDE=\"\" -DDEFENV_SYSTEMC_LIBDIR=\"\" -DDEFENV_VERILATOR_ROOT=\"/opt/verilator/share/verilator\" -include V3PchAstMT.h -c ../V3VariableOrder.cpp -o V3VariableOrder.o
[rtl-full/Verilator shard 3/5-4             ]   | g++   -Og -ggdb -gz -DVL_DEBUG -D_GLIBCXX_DEBUG -DVERILATOR_INTERNAL_ -MMD -I. -I.. -I.. -I../../include -I../../include -MP  -Wno-shadow -Wno-unused-parameter -faligned-new -fno-exceptions -DDEFENV_SYSTEMC=\"\" -DDEFENV_SYSTEMC_ARCH=\"\" -DDEFENV_SYSTEMC_INCLUDE=\"\" -DDEFENV_SYSTEMC_LIBDIR=\"\" -DDEFENV_VERILATOR_ROOT=\"/opt/verilator/share/verilator\" -include V3PchAstNoMT.h -c ../V3Active.cpp -o V3Active.o
[rtl-full/Verilator shard 2/5-3             ]   | g++   -Og -ggdb -gz -DVL_DEBUG -D_GLIBCXX_DEBUG -DVERILATOR_INTERNAL_ -MMD -I. -I.. -I.. -I../../include -I../../include -MP  -Wno-shadow -Wno-unused-parameter -faligned-new -fno-exceptions -DDEFENV_SYSTEMC=\"\" -DDEFENV_SYSTEMC_ARCH=\"\" -DDEFENV_SYSTEMC_INCLUDE=\"\" -DDEFENV_SYSTEMC_LIBDIR=\"\" -DDEFENV_VERILATOR_ROOT=\"/opt/verilator/share/verilator\" -include V3PchAstNoMT.h -c ../V3DfgAstToDfg.cpp -o V3DfgAstToDfg.o
[rtl-full/Verilator shard 1/5-2             ]   | g++   -Og -ggdb -gz -DVL_DEBUG -D_GLIBCXX_DEBUG -DVERILATOR_INTERNAL_ -MMD -I. -I.. -I.. -I../../include -I../../include -MP  -Wno-shadow -Wno-unused-parameter -faligned-new -fno-exceptions -DDEFENV_SYSTEMC=\"\" -DDEFENV_SYSTEMC_ARCH=\"\" -DDEFENV_SYSTEMC_INCLUDE=\"\" -DDEFENV_SYSTEMC_LIBDIR=\"\" -DDEFENV_VERILATOR_ROOT=\"/opt/verilator/share/verilator\" -include V3PchAstNoMT.h -c ../V3Common.cpp -o V3Common.o
[rtl-full/Verilator shard 0/5-1             ]   | g++   -Og -ggdb -gz -DVL_DEBUG -D_GLIBCXX_DEBUG -DVERILATOR_INTERNAL_ -MMD -I. -I.. -I.. -I../../include -I../../include -MP  -Wno-shadow -Wno-unused-parameter -faligned-new -fno-exceptions -DDEFENV_SYSTEMC=\"\" -DDEFENV_SYSTEMC_ARCH=\"\" -DDEFENV_SYSTEMC_INCLUDE=\"\" -DDEFENV_SYSTEMC_LIBDIR=\"\" -DDEFENV_VERILATOR_ROOT=\"/opt/verilator/share/verilator\" -include V3PchAstMT.h -c ../V3EmitCBase.cpp -o V3EmitCBase.o
[rtl-full/Verilator shard 1/5-2             ]   | g++   -O3 -DVERILATOR_INTERNAL_ -MMD -I. -I.. -I.. -I../../include -I../../include -MP  -Wno-shadow -Wno-unused-parameter -faligned-new -fno-exceptions -DDEFENV_SYSTEMC=\"\" -DDEFENV_SYSTEMC_ARCH=\"\" -DDEFENV_SYSTEMC_INCLUDE=\"\" -DDEFENV_SYSTEMC_LIBDIR=\"\" -DDEFENV_VERILATOR_ROOT=\"/opt/verilator/share/verilator\" -include V3PchAstMT.h -c ../V3StatsReport.cpp -o V3StatsReport.o
[rtl-full/Verilator shard 1/5-2             ]   | g++   -O3 -DVERILATOR_INTERNAL_ -MMD -I. -I.. -I.. -I../../include -I../../include -MP  -Wno-shadow -Wno-unused-parameter -faligned-new -fno-exceptions -DDEFENV_SYSTEMC=\"\" -DDEFENV_SYSTEMC_ARCH=\"\" -DDEFENV_SYSTEMC_INCLUDE=\"\" -DDEFENV_SYSTEMC_LIBDIR=\"\" -DDEFENV_VERILATOR_ROOT=\"/opt/verilator/share/verilator\" -include V3PchAstMT.h -c ../V3VariableOrder.cpp -o V3VariableOrder.o
[rtl-full/Verilator shard 2/5-3             ]   | g++   -Og -ggdb -gz -DVL_DEBUG -D_GLIBCXX_DEBUG -DVERILATOR_INTERNAL_ -MMD -I. -I.. -I.. -I../../include -I../../include -MP  -Wno-shadow -Wno-unused-parameter -faligned-new -fno-exceptions -DDEFENV_SYSTEMC=\"\" -DDEFENV_SYSTEMC_ARCH=\"\" -DDEFENV_SYSTEMC_INCLUDE=\"\" -DDEFENV_SYSTEMC_LIBDIR=\"\" -DDEFENV_VERILATOR_ROOT=\"/opt/verilator/share/verilator\" -include V3PchAstNoMT.h -c ../V3DfgBreakCycles.cpp -o V3DfgBreakCycles.o
[rtl-full/Verilator shard 3/5-4             ]   | g++   -O3 -DVERILATOR_INTERNAL_ -MMD -I. -I.. -I.. -I../../include -I../../include -MP  -Wno-shadow -Wno-unused-parameter -faligned-new -fno-exceptions -DDEFENV_SYSTEMC=\"\" -DDEFENV_SYSTEMC_ARCH=\"\" -DDEFENV_SYSTEMC_INCLUDE=\"\" -DDEFENV_SYSTEMC_LIBDIR=\"\" -DDEFENV_VERILATOR_ROOT=\"/opt/verilator/share/verilator\" -include V3PchAstNoMT.h -c ../V3Clock.cpp -o V3Clock.o
[rtl-full/Verilator shard 1/5-2             ]   | g++   -Og -ggdb -gz -DVL_DEBUG -D_GLIBCXX_DEBUG -DVERILATOR_INTERNAL_ -MMD -I. -I.. -I.. -I../../include -I../../include -MP  -Wno-shadow -Wno-unused-parameter -faligned-new -fno-exceptions -DDEFENV_SYSTEMC=\"\" -DDEFENV_SYSTEMC_ARCH=\"\" -DDEFENV_SYSTEMC_INCLUDE=\"\" -DDEFENV_SYSTEMC_LIBDIR=\"\" -DDEFENV_VERILATOR_ROOT=\"/opt/verilator/share/verilator\" -include V3PchAstNoMT.h -c ../V3Coverage.cpp -o V3Coverage.o
[rtl-full/Verilator shard 2/5-3             ]   | g++   -O3 -DVERILATOR_INTERNAL_ -MMD -I. -I.. -I.. -I../../include -I../../include -MP  -Wno-shadow -Wno-unused-parameter -faligned-new -fno-exceptions -DDEFENV_SYSTEMC=\"\" -DDEFENV_SYSTEMC_ARCH=\"\" -DDEFENV_SYSTEMC_INCLUDE=\"\" -DDEFENV_SYSTEMC_LIBDIR=\"\" -DDEFENV_VERILATOR_ROOT=\"/opt/verilator/share/verilator\" -include V3PchAstMT.h -c ../V3EmitCBase.cpp -o V3EmitCBase.o
[rtl-full/Verilator shard 3/5-4             ]   | g++   -Og -ggdb -gz -DVL_DEBUG -D_GLIBCXX_DEBUG -DVERILATOR_INTERNAL_ -MMD -I. -I.. -I.. -I../../include -I../../include -MP  -Wno-shadow -Wno-unused-parameter -faligned-new -fno-exceptions -DDEFENV_SYSTEMC=\"\" -DDEFENV_SYSTEMC_ARCH=\"\" -DDEFENV_SYSTEMC_INCLUDE=\"\" -DDEFENV_SYSTEMC_LIBDIR=\"\" -DDEFENV_VERILATOR_ROOT=\"/opt/verilator/share/verilator\" -include V3PchAstNoMT.h -c ../V3ActiveTop.cpp -o V3ActiveTop.o
[rtl-full/Verilator shard 0/5-1             ]   | g++   -Og -ggdb -gz -DVL_DEBUG -D_GLIBCXX_DEBUG -DVERILATOR_INTERNAL_ -MMD -I. -I.. -I.. -I../../include -I../../include -MP  -Wno-shadow -Wno-unused-parameter -faligned-new -fno-exceptions -DDEFENV_SYSTEMC=\"\" -DDEFENV_SYSTEMC_ARCH=\"\" -DDEFENV_SYSTEMC_INCLUDE=\"\" -DDEFENV_SYSTEMC_LIBDIR=\"\" -DDEFENV_VERILATOR_ROOT=\"/opt/verilator/share/verilator\" -include V3PchAstMT.h -c ../V3EmitCConstPool.cpp -o V3EmitCConstPool.o
[rtl-full/Verilator shard 3/5-4             ]   | g++   -Og -ggdb -gz -DVL_DEBUG -D_GLIBCXX_DEBUG -DVERILATOR_INTERNAL_ -MMD -I. -I.. -I.. -I../../include -I../../include -MP  -Wno-shadow -Wno-unused-parameter -faligned-new -fno-exceptions -DDEFENV_SYSTEMC=\"\" -DDEFENV_SYSTEMC_ARCH=\"\" -DDEFENV_SYSTEMC_INCLUDE=\"\" -DDEFENV_SYSTEMC_LIBDIR=\"\" -DDEFENV_VERILATOR_ROOT=\"/opt/verilator/share/verilator\" -include V3PchAstNoMT.h -c ../V3Assert.cpp -o V3Assert.o
[rtl-full/Verilator shard 3/5-4             ]   | g++   -O3 -DVERILATOR_INTERNAL_ -MMD -I. -I.. -I.. -I../../include -I../../include -MP  -Wno-shadow -Wno-unused-parameter -faligned-new -fno-exceptions -DDEFENV_SYSTEMC=\"\" -DDEFENV_SYSTEMC_ARCH=\"\" -DDEFENV_SYSTEMC_INCLUDE=\"\" -DDEFENV_SYSTEMC_LIBDIR=\"\" -DDEFENV_VERILATOR_ROOT=\"/opt/verilator/share/verilator\" -include V3PchAstNoMT.h -c ../V3Combine.cpp -o V3Combine.o
[rtl-full/Verilator shard 1/5-2             ]   | g++   -O3 -DVERILATOR_INTERNAL_ -MMD -I. -I.. -I.. -I../../include -I../../include -MP  -Wno-shadow -Wno-unused-parameter -faligned-new -fno-exceptions -DDEFENV_SYSTEMC=\"\" -DDEFENV_SYSTEMC_ARCH=\"\" -DDEFENV_SYSTEMC_INCLUDE=\"\" -DDEFENV_SYSTEMC_LIBDIR=\"\" -DDEFENV_VERILATOR_ROOT=\"/opt/verilator/share/verilator\" -include V3PchAstNoMT.h -c ../V3Active.cpp -o V3Active.o
[rtl-full/Verilator shard 0/5-1             ]   | g++   -Og -ggdb -gz -DVL_DEBUG -D_GLIBCXX_DEBUG -DVERILATOR_INTERNAL_ -MMD -I. -I.. -I.. -I../../include -I../../include -MP  -Wno-shadow -Wno-unused-parameter -faligned-new -fno-exceptions -DDEFENV_SYSTEMC=\"\" -DDEFENV_SYSTEMC_ARCH=\"\" -DDEFENV_SYSTEMC_INCLUDE=\"\" -DDEFENV_SYSTEMC_LIBDIR=\"\" -DDEFENV_VERILATOR_ROOT=\"/opt/verilator/share/verilator\" -include V3PchAstMT.h -c ../V3EmitCFunc.cpp -o V3EmitCFunc.o
[rtl-full/Verilator shard 1/5-2             ]   | g++   -O3 -DVERILATOR_INTERNAL_ -MMD -I. -I.. -I.. -I../../include -I../../include -MP  -Wno-shadow -Wno-unused-parameter -faligned-new -fno-exceptions -DDEFENV_SYSTEMC=\"\" -DDEFENV_SYSTEMC_ARCH=\"\" -DDEFENV_SYSTEMC_INCLUDE=\"\" -DDEFENV_SYSTEMC_LIBDIR=\"\" -DDEFENV_VERILATOR_ROOT=\"/opt/verilator/share/verilator\" -include V3PchAstNoMT.h -c ../V3ActiveTop.cpp -o V3ActiveTop.o
[rtl-full/Verilator shard 3/5-4             ]   | g++   -Og -ggdb -gz -DVL_DEBUG -D_GLIBCXX_DEBUG -DVERILATOR_INTERNAL_ -MMD -I. -I.. -I.. -I../../include -I../../include -MP  -Wno-shadow -Wno-unused-parameter -faligned-new -fno-exceptions -DDEFENV_SYSTEMC=\"\" -DDEFENV_SYSTEMC_ARCH=\"\" -DDEFENV_SYSTEMC_INCLUDE=\"\" -DDEFENV_SYSTEMC_LIBDIR=\"\" -DDEFENV_VERILATOR_ROOT=\"/opt/verilator/share/verilator\" -include V3PchAstNoMT.h -c ../V3AssertNfa.cpp -o V3AssertNfa.o
[rtl-full/Verilator shard 3/5-4             ]   | g++   -Og -ggdb -gz -DVL_DEBUG -D_GLIBCXX_DEBUG -DVERILATOR_INTERNAL_ -MMD -I. -I.. -I.. -I../../include -I../../include -MP  -Wno-shadow -Wno-unused-parameter -faligned-new -fno-exceptions -DDEFENV_SYSTEMC=\"\" -DDEFENV_SYSTEMC_ARCH=\"\" -DDEFENV_SYSTEMC_INCLUDE=\"\" -DDEFENV_SYSTEMC_LIBDIR=\"\" -DDEFENV_VERILATOR_ROOT=\"/opt/verilator/share/verilator\" -include V3PchAstNoMT.h -c ../V3AssertPre.cpp -o V3AssertPre.o
[rtl-full/Verilator shard 1/5-2             ]   | g++   -O3 -DVERILATOR_INTERNAL_ -MMD -I. -I.. -I.. -I../../include -I../../include -MP  -Wno-shadow -Wno-unused-parameter -faligned-new -fno-exceptions -DDEFENV_SYSTEMC=\"\" -DDEFENV_SYSTEMC_ARCH=\"\" -DDEFENV_SYSTEMC_INCLUDE=\"\" -DDEFENV_SYSTEMC_LIBDIR=\"\" -DDEFENV_VERILATOR_ROOT=\"/opt/verilator/share/verilator\" -include V3PchAstNoMT.h -c ../V3Assert.cpp -o V3Assert.o
[rtl-full/Verilator shard 3/5-4             ]   | g++   -O3 -DVERILATOR_INTERNAL_ -MMD -I. -I.. -I.. -I../../include -I../../include -MP  -Wno-shadow -Wno-unused-parameter -faligned-new -fno-exceptions -DDEFENV_SYSTEMC=\"\" -DDEFENV_SYSTEMC_ARCH=\"\" -DDEFENV_SYSTEMC_INCLUDE=\"\" -DDEFENV_SYSTEMC_LIBDIR=\"\" -DDEFENV_VERILATOR_ROOT=\"/opt/verilator/share/verilator\" -include V3PchAstNoMT.h -c ../V3Common.cpp -o V3Common.o
[rtl-full/Verilator shard 1/5-2             ]   | g++   -O3 -DVERILATOR_INTERNAL_ -MMD -I. -I.. -I.. -I../../include -I../../include -MP  -Wno-shadow -Wno-unused-parameter -faligned-new -fno-exceptions -DDEFENV_SYSTEMC=\"\" -DDEFENV_SYSTEMC_ARCH=\"\" -DDEFENV_SYSTEMC_INCLUDE=\"\" -DDEFENV_SYSTEMC_LIBDIR=\"\" -DDEFENV_VERILATOR_ROOT=\"/opt/verilator/share/verilator\" -include V3PchAstNoMT.h -c ../V3AssertNfa.cpp -o V3AssertNfa.o
[rtl-full/Verilator shard 2/5-3             ]   | g++   -O3 -DVERILATOR_INTERNAL_ -MMD -I. -I.. -I.. -I../../include -I../../include -MP  -Wno-shadow -Wno-unused-parameter -faligned-new -fno-exceptions -DDEFENV_SYSTEMC=\"\" -DDEFENV_SYSTEMC_ARCH=\"\" -DDEFENV_SYSTEMC_INCLUDE=\"\" -DDEFENV_SYSTEMC_LIBDIR=\"\" -DDEFENV_VERILATOR_ROOT=\"/opt/verilator/share/verilator\" -include V3PchAstMT.h -c ../V3EmitCConstPool.cpp -o V3EmitCConstPool.o
[rtl-full/Verilator shard 1/5-2             ]   | g++   -O3 -DVERILATOR_INTERNAL_ -MMD -I. -I.. -I.. -I../../include -I../../include -MP  -Wno-shadow -Wno-unused-parameter -faligned-new -fno-exceptions -DDEFENV_SYSTEMC=\"\" -DDEFENV_SYSTEMC_ARCH=\"\" -DDEFENV_SYSTEMC_INCLUDE=\"\" -DDEFENV_SYSTEMC_LIBDIR=\"\" -DDEFENV_VERILATOR_ROOT=\"/opt/verilator/share/verilator\" -include V3PchAstNoMT.h -c ../V3AssertPre.cpp -o V3AssertPre.o
[rtl-full/Verilator shard 2/5-3             ]   | g++   -O3 -DVERILATOR_INTERNAL_ -MMD -I. -I.. -I.. -I../../include -I../../include -MP  -Wno-shadow -Wno-unused-parameter -faligned-new -fno-exceptions -DDEFENV_SYSTEMC=\"\" -DDEFENV_SYSTEMC_ARCH=\"\" -DDEFENV_SYSTEMC_INCLUDE=\"\" -DDEFENV_SYSTEMC_LIBDIR=\"\" -DDEFENV_VERILATOR_ROOT=\"/opt/verilator/share/verilator\" -include V3PchAstMT.h -c ../V3EmitCFunc.cpp -o V3EmitCFunc.o
[rtl-full/Verilator shard 0/5-1             ]   | g++   -O3 -DVERILATOR_INTERNAL_ -MMD -I. -I.. -I.. -I../../include -I../../include -MP  -Wno-shadow -Wno-unused-parameter -faligned-new -fno-exceptions -DDEFENV_SYSTEMC=\"\" -DDEFENV_SYSTEMC_ARCH=\"\" -DDEFENV_SYSTEMC_INCLUDE=\"\" -DDEFENV_SYSTEMC_LIBDIR=\"\" -DDEFENV_VERILATOR_ROOT=\"/opt/verilator/share/verilator\" -include V3PchAstNoMT.h -c ../V3DfgColorSCCs.cpp -o V3DfgColorSCCs.o
[rtl-full/Verilator shard 0/5-1             ]   | g++   -Og -ggdb -gz -DVL_DEBUG -D_GLIBCXX_DEBUG -DVERILATOR_INTERNAL_ -MMD -I. -I.. -I.. -I../../include -I../../include -MP  -Wno-shadow -Wno-unused-parameter -faligned-new -fno-exceptions -DDEFENV_SYSTEMC=\"\" -DDEFENV_SYSTEMC_ARCH=\"\" -DDEFENV_SYSTEMC_INCLUDE=\"\" -DDEFENV_SYSTEMC_LIBDIR=\"\" -DDEFENV_VERILATOR_ROOT=\"/opt/verilator/share/verilator\" -include V3PchAstMT.h -c ../V3EmitCHeaders.cpp -o V3EmitCHeaders.o
[rtl-full/Verilator shard 0/5-1             ]   | g++   -Og -ggdb -gz -DVL_DEBUG -D_GLIBCXX_DEBUG -DVERILATOR_INTERNAL_ -MMD -I. -I.. -I.. -I../../include -I../../include -MP  -Wno-shadow -Wno-unused-parameter -faligned-new -fno-exceptions -DDEFENV_SYSTEMC=\"\" -DDEFENV_SYSTEMC_ARCH=\"\" -DDEFENV_SYSTEMC_INCLUDE=\"\" -DDEFENV_SYSTEMC_LIBDIR=\"\" -DDEFENV_VERILATOR_ROOT=\"/opt/verilator/share/verilator\" -include V3PchAstMT.h -c ../V3EmitCImp.cpp -o V3EmitCImp.o
[rtl-full/Verilator shard 0/5-1             ]   | g++   -Og -ggdb -gz -DVL_DEBUG -D_GLIBCXX_DEBUG -DVERILATOR_INTERNAL_ -MMD -I. -I.. -I.. -I../../include -I../../include -MP  -Wno-shadow -Wno-unused-parameter -faligned-new -fno-exceptions -DDEFENV_SYSTEMC=\"\" -DDEFENV_SYSTEMC_ARCH=\"\" -DDEFENV_SYSTEMC_INCLUDE=\"\" -DDEFENV_SYSTEMC_LIBDIR=\"\" -DDEFENV_VERILATOR_ROOT=\"/opt/verilator/share/verilator\" -include V3PchAstMT.h -c ../V3EmitCInlines.cpp -o V3EmitCInlines.o
[rtl-full/Verilator shard 3/5-4             ]   | g++   -Og -ggdb -gz -DVL_DEBUG -D_GLIBCXX_DEBUG -DVERILATOR_INTERNAL_ -MMD -I. -I.. -I.. -I../../include -I../../include -MP  -Wno-shadow -Wno-unused-parameter -faligned-new -fno-exceptions -DDEFENV_SYSTEMC=\"\" -DDEFENV_SYSTEMC_ARCH=\"\" -DDEFENV_SYSTEMC_INCLUDE=\"\" -DDEFENV_SYSTEMC_LIBDIR=\"\" -DDEFENV_VERILATOR_ROOT=\"/opt/verilator/share/verilator\" -include V3PchAstNoMT.h -c ../V3Begin.cpp -o V3Begin.o
[rtl-full/Verilator shard 1/5-2             ]   | g++   -Og -ggdb -gz -DVL_DEBUG -D_GLIBCXX_DEBUG -DVERILATOR_INTERNAL_ -MMD -I. -I.. -I.. -I../../include -I../../include -MP  -Wno-shadow -Wno-unused-parameter -faligned-new -fno-exceptions -DDEFENV_SYSTEMC=\"\" -DDEFENV_SYSTEMC_ARCH=\"\" -DDEFENV_SYSTEMC_INCLUDE=\"\" -DDEFENV_SYSTEMC_LIBDIR=\"\" -DDEFENV_VERILATOR_ROOT=\"/opt/verilator/share/verilator\" -include V3PchAstNoMT.h -c ../V3Covergroup.cpp -o V3Covergroup.o
[rtl-full/Verilator shard 3/5-4             ]   | g++   -O3 -DVERILATOR_INTERNAL_ -MMD -I. -I.. -I.. -I../../include -I../../include -MP  -Wno-shadow -Wno-unused-parameter -faligned-new -fno-exceptions -DDEFENV_SYSTEMC=\"\" -DDEFENV_SYSTEMC_ARCH=\"\" -DDEFENV_SYSTEMC_INCLUDE=\"\" -DDEFENV_SYSTEMC_LIBDIR=\"\" -DDEFENV_VERILATOR_ROOT=\"/opt/verilator/share/verilator\" -include V3PchAstNoMT.h -c ../V3Coverage.cpp -o V3Coverage.o
[rtl-full/Verilator shard 0/5-1             ]   | g++   -O3 -DVERILATOR_INTERNAL_ -MMD -I. -I.. -I.. -I../../include -I../../include -MP  -Wno-shadow -Wno-unused-parameter -faligned-new -fno-exceptions -DDEFENV_SYSTEMC=\"\" -DDEFENV_SYSTEMC_ARCH=\"\" -DDEFENV_SYSTEMC_INCLUDE=\"\" -DDEFENV_SYSTEMC_LIBDIR=\"\" -DDEFENV_VERILATOR_ROOT=\"/opt/verilator/share/verilator\" -include V3PchAstNoMT.h -c ../V3DfgCse.cpp -o V3DfgCse.o
[rtl-full/Verilator shard 2/5-3             ]   | g++   -O3 -DVERILATOR_INTERNAL_ -MMD -I. -I.. -I.. -I../../include -I../../include -MP  -Wno-shadow -Wno-unused-parameter -faligned-new -fno-exceptions -DDEFENV_SYSTEMC=\"\" -DDEFENV_SYSTEMC_ARCH=\"\" -DDEFENV_SYSTEMC_INCLUDE=\"\" -DDEFENV_SYSTEMC_LIBDIR=\"\" -DDEFENV_VERILATOR_ROOT=\"/opt/verilator/share/verilator\" -include V3PchAstMT.h -c ../V3EmitCHeaders.cpp -o V3EmitCHeaders.o
[rtl-full/Verilator shard 0/5-1             ]   | g++   -Og -ggdb -gz -DVL_DEBUG -D_GLIBCXX_DEBUG -DVERILATOR_INTERNAL_ -MMD -I. -I.. -I.. -I../../include -I../../include -MP  -Wno-shadow -Wno-unused-parameter -faligned-new -fno-exceptions -DDEFENV_SYSTEMC=\"\" -DDEFENV_SYSTEMC_ARCH=\"\" -DDEFENV_SYSTEMC_INCLUDE=\"\" -DDEFENV_SYSTEMC_LIBDIR=\"\" -DDEFENV_VERILATOR_ROOT=\"/opt/verilator/share/verilator\" -include V3PchAstMT.h -c ../V3EmitCPch.cpp -o V3EmitCPch.o
[rtl-full/Verilator shard 1/5-2             ]   | g++   -O3 -DVERILATOR_INTERNAL_ -MMD -I. -I.. -I.. -I../../include -I../../include -MP  -Wno-shadow -Wno-unused-parameter -faligned-new -fno-exceptions -DDEFENV_SYSTEMC=\"\" -DDEFENV_SYSTEMC_ARCH=\"\" -DDEFENV_SYSTEMC_INCLUDE=\"\" -DDEFENV_SYSTEMC_LIBDIR=\"\" -DDEFENV_VERILATOR_ROOT=\"/opt/verilator/share/verilator\" -include V3PchAstNoMT.h -c ../V3Begin.cpp -o V3Begin.o
[rtl-full/Verilator shard 3/5-4             ]   | g++   -O3 -DVERILATOR_INTERNAL_ -MMD -I. -I.. -I.. -I../../include -I../../include -MP  -Wno-shadow -Wno-unused-parameter -faligned-new -fno-exceptions -DDEFENV_SYSTEMC=\"\" -DDEFENV_SYSTEMC_ARCH=\"\" -DDEFENV_SYSTEMC_INCLUDE=\"\" -DDEFENV_SYSTEMC_LIBDIR=\"\" -DDEFENV_VERILATOR_ROOT=\"/opt/verilator/share/verilator\" -include V3PchAstNoMT.h -c ../V3Covergroup.cpp -o V3Covergroup.o
[rtl-full/Verilator shard 3/5-4             ]   | g++   -Og -ggdb -gz -DVL_DEBUG -D_GLIBCXX_DEBUG -DVERILATOR_INTERNAL_ -MMD -I. -I.. -I.. -I../../include -I../../include -MP  -Wno-shadow -Wno-unused-parameter -faligned-new -fno-exceptions -DDEFENV_SYSTEMC=\"\" -DDEFENV_SYSTEMC_ARCH=\"\" -DDEFENV_SYSTEMC_INCLUDE=\"\" -DDEFENV_SYSTEMC_LIBDIR=\"\" -DDEFENV_VERILATOR_ROOT=\"/opt/verilator/share/verilator\" -include V3PchAstNoMT.h -c ../V3Branch.cpp -o V3Branch.o
[rtl-full/Verilator shard 2/5-3             ]   | g++   -Og -ggdb -gz -DVL_DEBUG -D_GLIBCXX_DEBUG -DVERILATOR_INTERNAL_ -MMD -I. -I.. -I.. -I../../include -I../../include -MP  -Wno-shadow -Wno-unused-parameter -faligned-new -fno-exceptions -DDEFENV_SYSTEMC=\"\" -DDEFENV_SYSTEMC_ARCH=\"\" -DDEFENV_SYSTEMC_INCLUDE=\"\" -DDEFENV_SYSTEMC_LIBDIR=\"\" -DDEFENV_VERILATOR_ROOT=\"/opt/verilator/share/verilator\" -include V3PchAstNoMT.h -c ../V3DfgColorSCCs.cpp -o V3DfgColorSCCs.o
[rtl-full/Verilator shard 2/5-3             ]   | g++   -Og -ggdb -gz -DVL_DEBUG -D_GLIBCXX_DEBUG -DVERILATOR_INTERNAL_ -MMD -I. -I.. -I.. -I../../include -I../../include -MP  -Wno-shadow -Wno-unused-parameter -faligned-new -fno-exceptions -DDEFENV_SYSTEMC=\"\" -DDEFENV_SYSTEMC_ARCH=\"\" -DDEFENV_SYSTEMC_INCLUDE=\"\" -DDEFENV_SYSTEMC_LIBDIR=\"\" -DDEFENV_VERILATOR_ROOT=\"/opt/verilator/share/verilator\" -include V3PchAstNoMT.h -c ../V3DfgCse.cpp -o V3DfgCse.o
[rtl-full/Verilator shard 3/5-4             ]   | g++   -Og -ggdb -gz -DVL_DEBUG -D_GLIBCXX_DEBUG -DVERILATOR_INTERNAL_ -MMD -I. -I.. -I.. -I../../include -I../../include -MP  -Wno-shadow -Wno-unused-parameter -faligned-new -fno-exceptions -DDEFENV_SYSTEMC=\"\" -DDEFENV_SYSTEMC_ARCH=\"\" -DDEFENV_SYSTEMC_INCLUDE=\"\" -DDEFENV_SYSTEMC_LIBDIR=\"\" -DDEFENV_VERILATOR_ROOT=\"/opt/verilator/share/verilator\" -include V3PchAstNoMT.h -c ../V3CCtors.cpp -o V3CCtors.o
[rtl-full/Verilator shard 1/5-2             ]   | g++   -O3 -DVERILATOR_INTERNAL_ -MMD -I. -I.. -I.. -I../../include -I../../include -MP  -Wno-shadow -Wno-unused-parameter -faligned-new -fno-exceptions -DDEFENV_SYSTEMC=\"\" -DDEFENV_SYSTEMC_ARCH=\"\" -DDEFENV_SYSTEMC_INCLUDE=\"\" -DDEFENV_SYSTEMC_LIBDIR=\"\" -DDEFENV_VERILATOR_ROOT=\"/opt/verilator/share/verilator\" -include V3PchAstNoMT.h -c ../V3Branch.cpp -o V3Branch.o
[rtl-full/Verilator shard 0/5-1             ]   | g++   -O3 -DVERILATOR_INTERNAL_ -MMD -I. -I.. -I.. -I../../include -I../../include -MP  -Wno-shadow -Wno-unused-parameter -faligned-new -fno-exceptions -DDEFENV_SYSTEMC=\"\" -DDEFENV_SYSTEMC_ARCH=\"\" -DDEFENV_SYSTEMC_INCLUDE=\"\" -DDEFENV_SYSTEMC_LIBDIR=\"\" -DDEFENV_VERILATOR_ROOT=\"/opt/verilator/share/verilator\" -include V3PchAstNoMT.h -c ../V3DfgDataType.cpp -o V3DfgDataType.o
[rtl-full/Verilator shard 3/5-4             ]   | g++   -Og -ggdb -gz -DVL_DEBUG -D_GLIBCXX_DEBUG -DVERILATOR_INTERNAL_ -MMD -I. -I.. -I.. -I../../include -I../../include -MP  -Wno-shadow -Wno-unused-parameter -faligned-new -fno-exceptions -DDEFENV_SYSTEMC=\"\" -DDEFENV_SYSTEMC_ARCH=\"\" -DDEFENV_SYSTEMC_INCLUDE=\"\" -DDEFENV_SYSTEMC_LIBDIR=\"\" -DDEFENV_VERILATOR_ROOT=\"/opt/verilator/share/verilator\" -include V3PchAstNoMT.h -c ../V3CUse.cpp -o V3CUse.o
[rtl-full/Verilator shard 2/5-3             ]   | g++   -O3 -DVERILATOR_INTERNAL_ -MMD -I. -I.. -I.. -I../../include -I../../include -MP  -Wno-shadow -Wno-unused-parameter -faligned-new -fno-exceptions -DDEFENV_SYSTEMC=\"\" -DDEFENV_SYSTEMC_ARCH=\"\" -DDEFENV_SYSTEMC_INCLUDE=\"\" -DDEFENV_SYSTEMC_LIBDIR=\"\" -DDEFENV_VERILATOR_ROOT=\"/opt/verilator/share/verilator\" -include V3PchAstMT.h -c ../V3EmitCImp.cpp -o V3EmitCImp.o
[rtl-full/Verilator shard 0/5-1             ]   | g++   -Og -ggdb -gz -DVL_DEBUG -D_GLIBCXX_DEBUG -DVERILATOR_INTERNAL_ -MMD -I. -I.. -I.. -I../../include -I../../include -MP  -Wno-shadow -Wno-unused-parameter -faligned-new -fno-exceptions -DDEFENV_SYSTEMC=\"\" -DDEFENV_SYSTEMC_ARCH=\"\" -DDEFENV_SYSTEMC_INCLUDE=\"\" -DDEFENV_SYSTEMC_LIBDIR=\"\" -DDEFENV_VERILATOR_ROOT=\"/opt/verilator/share/verilator\" -include V3PchAstMT.h -c ../V3EmitV.cpp -o V3EmitV.o
[rtl-full/Verilator shard 0/5-1             ]   | g++   -Og -ggdb -gz -DVL_DEBUG -D_GLIBCXX_DEBUG -DVERILATOR_INTERNAL_ -MMD -I. -I.. -I.. -I../../include -I../../include -MP  -Wno-shadow -Wno-unused-parameter -faligned-new -fno-exceptions -DDEFENV_SYSTEMC=\"\" -DDEFENV_SYSTEMC_ARCH=\"\" -DDEFENV_SYSTEMC_INCLUDE=\"\" -DDEFENV_SYSTEMC_LIBDIR=\"\" -DDEFENV_VERILATOR_ROOT=\"/opt/verilator/share/verilator\" -include V3PchAstMT.h -c ../V3File.cpp -o V3File.o
[rtl-full/Verilator shard 1/5-2             ]   | g++   -O3 -DVERILATOR_INTERNAL_ -MMD -I. -I.. -I.. -I../../include -I../../include -MP  -Wno-shadow -Wno-unused-parameter -faligned-new -fno-exceptions -DDEFENV_SYSTEMC=\"\" -DDEFENV_SYSTEMC_ARCH=\"\" -DDEFENV_SYSTEMC_INCLUDE=\"\" -DDEFENV_SYSTEMC_LIBDIR=\"\" -DDEFENV_VERILATOR_ROOT=\"/opt/verilator/share/verilator\" -include V3PchAstNoMT.h -c ../V3CCtors.cpp -o V3CCtors.o
[rtl-full/Verilator shard 0/5-1             ]   | g++   -O3 -DVERILATOR_INTERNAL_ -MMD -I. -I.. -I.. -I../../include -I../../include -MP  -Wno-shadow -Wno-unused-parameter -faligned-new -fno-exceptions -DDEFENV_SYSTEMC=\"\" -DDEFENV_SYSTEMC_ARCH=\"\" -DDEFENV_SYSTEMC_INCLUDE=\"\" -DDEFENV_SYSTEMC_LIBDIR=\"\" -DDEFENV_VERILATOR_ROOT=\"/opt/verilator/share/verilator\" -include V3PchAstNoMT.h -c ../V3DfgDecomposition.cpp -o V3DfgDecomposition.o
[rtl-full/Verilator shard 2/5-3             ]   | g++   -Og -ggdb -gz -DVL_DEBUG -D_GLIBCXX_DEBUG -DVERILATOR_INTERNAL_ -MMD -I. -I.. -I.. -I../../include -I../../include -MP  -Wno-shadow -Wno-unused-parameter -faligned-new -fno-exceptions -DDEFENV_SYSTEMC=\"\" -DDEFENV_SYSTEMC_ARCH=\"\" -DDEFENV_SYSTEMC_INCLUDE=\"\" -DDEFENV_SYSTEMC_LIBDIR=\"\" -DDEFENV_VERILATOR_ROOT=\"/opt/verilator/share/verilator\" -include V3PchAstNoMT.h -c ../V3DfgDataType.cpp -o V3DfgDataType.o
[rtl-full/Verilator shard 3/5-4             ]   | g++   -Og -ggdb -gz -DVL_DEBUG -D_GLIBCXX_DEBUG -DVERILATOR_INTERNAL_ -MMD -I. -I.. -I.. -I../../include -I../../include -MP  -Wno-shadow -Wno-unused-parameter -faligned-new -fno-exceptions -DDEFENV_SYSTEMC=\"\" -DDEFENV_SYSTEMC_ARCH=\"\" -DDEFENV_SYSTEMC_INCLUDE=\"\" -DDEFENV_SYSTEMC_LIBDIR=\"\" -DDEFENV_VERILATOR_ROOT=\"/opt/verilator/share/verilator\" -include V3PchAstNoMT.h -c ../V3Case.cpp -o V3Case.o
[rtl-full/Verilator shard 1/5-2             ]   | g++   -O3 -DVERILATOR_INTERNAL_ -MMD -I. -I.. -I.. -I../../include -I../../include -MP  -Wno-shadow -Wno-unused-parameter -faligned-new -fno-exceptions -DDEFENV_SYSTEMC=\"\" -DDEFENV_SYSTEMC_ARCH=\"\" -DDEFENV_SYSTEMC_INCLUDE=\"\" -DDEFENV_SYSTEMC_LIBDIR=\"\" -DDEFENV_VERILATOR_ROOT=\"/opt/verilator/share/verilator\" -include V3PchAstNoMT.h -c ../V3CUse.cpp -o V3CUse.o
[rtl-full/Verilator shard 1/5-2             ]   | g++   -O3 -DVERILATOR_INTERNAL_ -MMD -I. -I.. -I.. -I../../include -I../../include -MP  -Wno-shadow -Wno-unused-parameter -faligned-new -fno-exceptions -DDEFENV_SYSTEMC=\"\" -DDEFENV_SYSTEMC_ARCH=\"\" -DDEFENV_SYSTEMC_INCLUDE=\"\" -DDEFENV_SYSTEMC_LIBDIR=\"\" -DDEFENV_VERILATOR_ROOT=\"/opt/verilator/share/verilator\" -include V3PchAstNoMT.h -c ../V3Case.cpp -o V3Case.o
[rtl-full/Verilator shard 3/5-4             ]   | g++   -Og -ggdb -gz -DVL_DEBUG -D_GLIBCXX_DEBUG -DVERILATOR_INTERNAL_ -MMD -I. -I.. -I.. -I../../include -I../../include -MP  -Wno-shadow -Wno-unused-parameter -faligned-new -fno-exceptions -DDEFENV_SYSTEMC=\"\" -DDEFENV_SYSTEMC_ARCH=\"\" -DDEFENV_SYSTEMC_INCLUDE=\"\" -DDEFENV_SYSTEMC_LIBDIR=\"\" -DDEFENV_VERILATOR_ROOT=\"/opt/verilator/share/verilator\" -include V3PchAstNoMT.h -c ../V3Cast.cpp -o V3Cast.o
[rtl-full/Verilator shard 3/5-4             ]   | g++   -O3 -DVERILATOR_INTERNAL_ -MMD -I. -I.. -I.. -I../../include -I../../include -MP  -Wno-shadow -Wno-unused-parameter -faligned-new -fno-exceptions -DDEFENV_SYSTEMC=\"\" -DDEFENV_SYSTEMC_ARCH=\"\" -DDEFENV_SYSTEMC_INCLUDE=\"\" -DDEFENV_SYSTEMC_LIBDIR=\"\" -DDEFENV_VERILATOR_ROOT=\"/opt/verilator/share/verilator\" -include V3PchAstNoMT.h -c ../V3CoverageJoin.cpp -o V3CoverageJoin.o
[rtl-full/Verilator shard 1/5-2             ]   | g++   -O3 -DVERILATOR_INTERNAL_ -MMD -I. -I.. -I.. -I../../include -I../../include -MP  -Wno-shadow -Wno-unused-parameter -faligned-new -fno-exceptions -DDEFENV_SYSTEMC=\"\" -DDEFENV_SYSTEMC_ARCH=\"\" -DDEFENV_SYSTEMC_INCLUDE=\"\" -DDEFENV_SYSTEMC_LIBDIR=\"\" -DDEFENV_VERILATOR_ROOT=\"/opt/verilator/share/verilator\" -include V3PchAstNoMT.h -c ../V3Cast.cpp -o V3Cast.o
[rtl-full/Verilator shard 2/5-3             ]   | g++   -Og -ggdb -gz -DVL_DEBUG -D_GLIBCXX_DEBUG -DVERILATOR_INTERNAL_ -MMD -I. -I.. -I.. -I../../include -I../../include -MP  -Wno-shadow -Wno-unused-parameter -faligned-new -fno-exceptions -DDEFENV_SYSTEMC=\"\" -DDEFENV_SYSTEMC_ARCH=\"\" -DDEFENV_SYSTEMC_INCLUDE=\"\" -DDEFENV_SYSTEMC_LIBDIR=\"\" -DDEFENV_VERILATOR_ROOT=\"/opt/verilator/share/verilator\" -include V3PchAstNoMT.h -c ../V3DfgDecomposition.cpp -o V3DfgDecomposition.o
[rtl-full/Verilator shard 2/5-3             ]   | g++   -O3 -DVERILATOR_INTERNAL_ -MMD -I. -I.. -I.. -I../../include -I../../include -MP  -Wno-shadow -Wno-unused-parameter -faligned-new -fno-exceptions -DDEFENV_SYSTEMC=\"\" -DDEFENV_SYSTEMC_ARCH=\"\" -DDEFENV_SYSTEMC_INCLUDE=\"\" -DDEFENV_SYSTEMC_LIBDIR=\"\" -DDEFENV_VERILATOR_ROOT=\"/opt/verilator/share/verilator\" -include V3PchAstMT.h -c ../V3EmitCInlines.cpp -o V3EmitCInlines.o
[rtl-full/Verilator shard 2/5-3             ]   | g++   -Og -ggdb -gz -DVL_DEBUG -D_GLIBCXX_DEBUG -DVERILATOR_INTERNAL_ -MMD -I. -I.. -I.. -I../../include -I../../include -MP  -Wno-shadow -Wno-unused-parameter -faligned-new -fno-exceptions -DDEFENV_SYSTEMC=\"\" -DDEFENV_SYSTEMC_ARCH=\"\" -DDEFENV_SYSTEMC_INCLUDE=\"\" -DDEFENV_SYSTEMC_LIBDIR=\"\" -DDEFENV_VERILATOR_ROOT=\"/opt/verilator/share/verilator\" -include V3PchAstNoMT.h -c ../V3DfgDfgToAst.cpp -o V3DfgDfgToAst.o
[rtl-full/Verilator shard 3/5-4             ]   | g++   -O3 -DVERILATOR_INTERNAL_ -MMD -I. -I.. -I.. -I../../include -I../../include -MP  -Wno-shadow -Wno-unused-parameter -faligned-new -fno-exceptions -DDEFENV_SYSTEMC=\"\" -DDEFENV_SYSTEMC_ARCH=\"\" -DDEFENV_SYSTEMC_INCLUDE=\"\" -DDEFENV_SYSTEMC_LIBDIR=\"\" -DDEFENV_VERILATOR_ROOT=\"/opt/verilator/share/verilator\" -include V3PchAstNoMT.h -c ../V3Dead.cpp -o V3Dead.o
[rtl-full/Verilator shard 3/5-4             ]   | g++   -Og -ggdb -gz -DVL_DEBUG -D_GLIBCXX_DEBUG -DVERILATOR_INTERNAL_ -MMD -I. -I.. -I.. -I../../include -I../../include -MP  -Wno-shadow -Wno-unused-parameter -faligned-new -fno-exceptions -DDEFENV_SYSTEMC=\"\" -DDEFENV_SYSTEMC_ARCH=\"\" -DDEFENV_SYSTEMC_INCLUDE=\"\" -DDEFENV_SYSTEMC_LIBDIR=\"\" -DDEFENV_VERILATOR_ROOT=\"/opt/verilator/share/verilator\" -include V3PchAstNoMT.h -c ../V3Cfg.cpp -o V3Cfg.o
[rtl-full/Verilator shard 3/5-4             ]   | g++   -O3 -DVERILATOR_INTERNAL_ -MMD -I. -I.. -I.. -I../../include -I../../include -MP  -Wno-shadow -Wno-unused-parameter -faligned-new -fno-exceptions -DDEFENV_SYSTEMC=\"\" -DDEFENV_SYSTEMC_ARCH=\"\" -DDEFENV_SYSTEMC_INCLUDE=\"\" -DDEFENV_SYSTEMC_LIBDIR=\"\" -DDEFENV_VERILATOR_ROOT=\"/opt/verilator/share/verilator\" -include V3PchAstNoMT.h -c ../V3Delayed.cpp -o V3Delayed.o
[rtl-full/Verilator shard 1/5-2             ]   | g++   -O3 -DVERILATOR_INTERNAL_ -MMD -I. -I.. -I.. -I../../include -I../../include -MP  -Wno-shadow -Wno-unused-parameter -faligned-new -fno-exceptions -DDEFENV_SYSTEMC=\"\" -DDEFENV_SYSTEMC_ARCH=\"\" -DDEFENV_SYSTEMC_INCLUDE=\"\" -DDEFENV_SYSTEMC_LIBDIR=\"\" -DDEFENV_VERILATOR_ROOT=\"/opt/verilator/share/verilator\" -include V3PchAstNoMT.h -c ../V3Cfg.cpp -o V3Cfg.o
[rtl-full/Verilator shard 1/5-2             ]   | g++   -O3 -DVERILATOR_INTERNAL_ -MMD -I. -I.. -I.. -I../../include -I../../include -MP  -Wno-shadow -Wno-unused-parameter -faligned-new -fno-exceptions -DDEFENV_SYSTEMC=\"\" -DDEFENV_SYSTEMC_ARCH=\"\" -DDEFENV_SYSTEMC_INCLUDE=\"\" -DDEFENV_SYSTEMC_LIBDIR=\"\" -DDEFENV_VERILATOR_ROOT=\"/opt/verilator/share/verilator\" -include V3PchAstNoMT.h -c ../V3CfgBuilder.cpp -o V3CfgBuilder.o
[rtl-full/Verilator shard 2/5-3             ]   | g++   -O3 -DVERILATOR_INTERNAL_ -MMD -I. -I.. -I.. -I../../include -I../../include -MP  -Wno-shadow -Wno-unused-parameter -faligned-new -fno-exceptions -DDEFENV_SYSTEMC=\"\" -DDEFENV_SYSTEMC_ARCH=\"\" -DDEFENV_SYSTEMC_INCLUDE=\"\" -DDEFENV_SYSTEMC_LIBDIR=\"\" -DDEFENV_VERILATOR_ROOT=\"/opt/verilator/share/verilator\" -include V3PchAstMT.h -c ../V3EmitCPch.cpp -o V3EmitCPch.o
[rtl-full/Verilator shard 0/5-1             ]   | g++   -Og -ggdb -gz -DVL_DEBUG -D_GLIBCXX_DEBUG -DVERILATOR_INTERNAL_ -MMD -I. -I.. -I.. -I../../include -I../../include -MP  -Wno-shadow -Wno-unused-parameter -faligned-new -fno-exceptions -DDEFENV_SYSTEMC=\"\" -DDEFENV_SYSTEMC_ARCH=\"\" -DDEFENV_SYSTEMC_INCLUDE=\"\" -DDEFENV_SYSTEMC_LIBDIR=\"\" -DDEFENV_VERILATOR_ROOT=\"/opt/verilator/share/verilator\" -include V3PchAstMT.h -c ../V3FuncOpt.cpp -o V3FuncOpt.o
[rtl-full/Verilator shard 1/5-2             ]   | g++   -Og -ggdb -gz -DVL_DEBUG -D_GLIBCXX_DEBUG -DVERILATOR_INTERNAL_ -MMD -I. -I.. -I.. -I../../include -I../../include -MP  -Wno-shadow -Wno-unused-parameter -faligned-new -fno-exceptions -DDEFENV_SYSTEMC=\"\" -DDEFENV_SYSTEMC_ARCH=\"\" -DDEFENV_SYSTEMC_INCLUDE=\"\" -DDEFENV_SYSTEMC_LIBDIR=\"\" -DDEFENV_VERILATOR_ROOT=\"/opt/verilator/share/verilator\" -include V3PchAstNoMT.h -c ../V3CoverageJoin.cpp -o V3CoverageJoin.o
[rtl-full/Verilator shard 0/5-1             ]   | g++   -Og -ggdb -gz -DVL_DEBUG -D_GLIBCXX_DEBUG -DVERILATOR_INTERNAL_ -MMD -I. -I.. -I.. -I../../include -I../../include -MP  -Wno-shadow -Wno-unused-parameter -faligned-new -fno-exceptions -DDEFENV_SYSTEMC=\"\" -DDEFENV_SYSTEMC_ARCH=\"\" -DDEFENV_SYSTEMC_INCLUDE=\"\" -DDEFENV_SYSTEMC_LIBDIR=\"\" -DDEFENV_VERILATOR_ROOT=\"/opt/verilator/share/verilator\" -include V3PchAstMT.h -c ../V3Global.cpp -o V3Global.o
[rtl-full/Verilator shard 3/5-4             ]   | g++   -Og -ggdb -gz -DVL_DEBUG -D_GLIBCXX_DEBUG -DVERILATOR_INTERNAL_ -MMD -I. -I.. -I.. -I../../include -I../../include -MP  -Wno-shadow -Wno-unused-parameter -faligned-new -fno-exceptions -DDEFENV_SYSTEMC=\"\" -DDEFENV_SYSTEMC_ARCH=\"\" -DDEFENV_SYSTEMC_INCLUDE=\"\" -DDEFENV_SYSTEMC_LIBDIR=\"\" -DDEFENV_VERILATOR_ROOT=\"/opt/verilator/share/verilator\" -include V3PchAstNoMT.h -c ../V3CfgBuilder.cpp -o V3CfgBuilder.o
[rtl-full/Verilator shard 0/5-1             ]   | g++   -Og -ggdb -gz -DVL_DEBUG -D_GLIBCXX_DEBUG -DVERILATOR_INTERNAL_ -MMD -I. -I.. -I.. -I../../include -I../../include -MP  -Wno-shadow -Wno-unused-parameter -faligned-new -fno-exceptions -DDEFENV_SYSTEMC=\"\" -DDEFENV_SYSTEMC_ARCH=\"\" -DDEFENV_SYSTEMC_INCLUDE=\"\" -DDEFENV_SYSTEMC_LIBDIR=\"\" -DDEFENV_VERILATOR_ROOT=\"/opt/verilator/share/verilator\" -include V3PchAstMT.h -c ../V3Hasher.cpp -o V3Hasher.o
[rtl-full/Verilator shard 1/5-2             ]   | g++   -O3 -DVERILATOR_INTERNAL_ -MMD -I. -I.. -I.. -I../../include -I../../include -MP  -Wno-shadow -Wno-unused-parameter -faligned-new -fno-exceptions -DDEFENV_SYSTEMC=\"\" -DDEFENV_SYSTEMC_ARCH=\"\" -DDEFENV_SYSTEMC_INCLUDE=\"\" -DDEFENV_SYSTEMC_LIBDIR=\"\" -DDEFENV_VERILATOR_ROOT=\"/opt/verilator/share/verilator\" -include V3PchAstNoMT.h -c ../V3CfgLiveVariables.cpp -o V3CfgLiveVariables.o
[rtl-full/Verilator shard 0/5-1             ]   | g++   -O3 -DVERILATOR_INTERNAL_ -MMD -I. -I.. -I.. -I../../include -I../../include -MP  -Wno-shadow -Wno-unused-parameter -faligned-new -fno-exceptions -DDEFENV_SYSTEMC=\"\" -DDEFENV_SYSTEMC_ARCH=\"\" -DDEFENV_SYSTEMC_INCLUDE=\"\" -DDEFENV_SYSTEMC_LIBDIR=\"\" -DDEFENV_VERILATOR_ROOT=\"/opt/verilator/share/verilator\" -include V3PchAstNoMT.h -c ../V3DfgDfgToAst.cpp -o V3DfgDfgToAst.o
[rtl-full/Verilator shard 1/5-2             ]   | g++   -Og -ggdb -gz -DVL_DEBUG -D_GLIBCXX_DEBUG -DVERILATOR_INTERNAL_ -MMD -I. -I.. -I.. -I../../include -I../../include -MP  -Wno-shadow -Wno-unused-parameter -faligned-new -fno-exceptions -DDEFENV_SYSTEMC=\"\" -DDEFENV_SYSTEMC_ARCH=\"\" -DDEFENV_SYSTEMC_INCLUDE=\"\" -DDEFENV_SYSTEMC_LIBDIR=\"\" -DDEFENV_VERILATOR_ROOT=\"/opt/verilator/share/verilator\" -include V3PchAstNoMT.h -c ../V3Dead.cpp -o V3Dead.o
[rtl-full/Verilator shard 2/5-3             ]   | g++   -O3 -DVERILATOR_INTERNAL_ -MMD -I. -I.. -I.. -I../../include -I../../include -MP  -Wno-shadow -Wno-unused-parameter -faligned-new -fno-exceptions -DDEFENV_SYSTEMC=\"\" -DDEFENV_SYSTEMC_ARCH=\"\" -DDEFENV_SYSTEMC_INCLUDE=\"\" -DDEFENV_SYSTEMC_LIBDIR=\"\" -DDEFENV_VERILATOR_ROOT=\"/opt/verilator/share/verilator\" -include V3PchAstMT.h -c ../V3EmitV.cpp -o V3EmitV.o
[rtl-full/Verilator shard 3/5-4             ]   | g++   -Og -ggdb -gz -DVL_DEBUG -D_GLIBCXX_DEBUG -DVERILATOR_INTERNAL_ -MMD -I. -I.. -I.. -I../../include -I../../include -MP  -Wno-shadow -Wno-unused-parameter -faligned-new -fno-exceptions -DDEFENV_SYSTEMC=\"\" -DDEFENV_SYSTEMC_ARCH=\"\" -DDEFENV_SYSTEMC_INCLUDE=\"\" -DDEFENV_SYSTEMC_LIBDIR=\"\" -DDEFENV_VERILATOR_ROOT=\"/opt/verilator/share/verilator\" -include V3PchAstNoMT.h -c ../V3CfgLiveVariables.cpp -o V3CfgLiveVariables.o
[rtl-full/Verilator shard 3/5-4             ]   | g++   -O3 -DVERILATOR_INTERNAL_ -MMD -I. -I.. -I.. -I../../include -I../../include -MP  -Wno-shadow -Wno-unused-parameter -faligned-new -fno-exceptions -DDEFENV_SYSTEMC=\"\" -DDEFENV_SYSTEMC_ARCH=\"\" -DDEFENV_SYSTEMC_INCLUDE=\"\" -DDEFENV_SYSTEMC_LIBDIR=\"\" -DDEFENV_VERILATOR_ROOT=\"/opt/verilator/share/verilator\" -include V3PchAstNoMT.h -c ../V3Depth.cpp -o V3Depth.o
[rtl-full/Verilator shard 1/5-2             ]   | g++   -O3 -DVERILATOR_INTERNAL_ -MMD -I. -I.. -I.. -I../../include -I../../include -MP  -Wno-shadow -Wno-unused-parameter -faligned-new -fno-exceptions -DDEFENV_SYSTEMC=\"\" -DDEFENV_SYSTEMC_ARCH=\"\" -DDEFENV_SYSTEMC_INCLUDE=\"\" -DDEFENV_SYSTEMC_LIBDIR=\"\" -DDEFENV_VERILATOR_ROOT=\"/opt/verilator/share/verilator\" -include V3PchAstNoMT.h -c ../V3Class.cpp -o V3Class.o
[rtl-full/Verilator shard 1/5-2             ]   | g++   -Og -ggdb -gz -DVL_DEBUG -D_GLIBCXX_DEBUG -DVERILATOR_INTERNAL_ -MMD -I. -I.. -I.. -I../../include -I../../include -MP  -Wno-shadow -Wno-unused-parameter -faligned-new -fno-exceptions -DDEFENV_SYSTEMC=\"\" -DDEFENV_SYSTEMC_ARCH=\"\" -DDEFENV_SYSTEMC_INCLUDE=\"\" -DDEFENV_SYSTEMC_LIBDIR=\"\" -DDEFENV_VERILATOR_ROOT=\"/opt/verilator/share/verilator\" -include V3PchAstNoMT.h -c ../V3Delayed.cpp -o V3Delayed.o
[rtl-full/Verilator shard 2/5-3             ]   | g++   -Og -ggdb -gz -DVL_DEBUG -D_GLIBCXX_DEBUG -DVERILATOR_INTERNAL_ -MMD -I. -I.. -I.. -I../../include -I../../include -MP  -Wno-shadow -Wno-unused-parameter -faligned-new -fno-exceptions -DDEFENV_SYSTEMC=\"\" -DDEFENV_SYSTEMC_ARCH=\"\" -DDEFENV_SYSTEMC_INCLUDE=\"\" -DDEFENV_SYSTEMC_LIBDIR=\"\" -DDEFENV_VERILATOR_ROOT=\"/opt/verilator/share/verilator\" -include V3PchAstNoMT.h -c ../V3DfgOptimizer.cpp -o V3DfgOptimizer.o
[rtl-full/Verilator shard 3/5-4             ]   | g++   -Og -ggdb -gz -DVL_DEBUG -D_GLIBCXX_DEBUG -DVERILATOR_INTERNAL_ -MMD -I. -I.. -I.. -I../../include -I../../include -MP  -Wno-shadow -Wno-unused-parameter -faligned-new -fno-exceptions -DDEFENV_SYSTEMC=\"\" -DDEFENV_SYSTEMC_ARCH=\"\" -DDEFENV_SYSTEMC_INCLUDE=\"\" -DDEFENV_SYSTEMC_LIBDIR=\"\" -DDEFENV_VERILATOR_ROOT=\"/opt/verilator/share/verilator\" -include V3PchAstNoMT.h -c ../V3Class.cpp -o V3Class.o
[rtl-full/Verilator shard 2/5-3             ]   | g++   -Og -ggdb -gz -DVL_DEBUG -D_GLIBCXX_DEBUG -DVERILATOR_INTERNAL_ -MMD -I. -I.. -I.. -I../../include -I../../include -MP  -Wno-shadow -Wno-unused-parameter -faligned-new -fno-exceptions -DDEFENV_SYSTEMC=\"\" -DDEFENV_SYSTEMC_ARCH=\"\" -DDEFENV_SYSTEMC_INCLUDE=\"\" -DDEFENV_SYSTEMC_LIBDIR=\"\" -DDEFENV_VERILATOR_ROOT=\"/opt/verilator/share/verilator\" -include V3PchAstNoMT.h -c ../V3DfgPasses.cpp -o V3DfgPasses.o
[rtl-full/Verilator shard 0/5-1             ]   | g++   -Og -ggdb -gz -DVL_DEBUG -D_GLIBCXX_DEBUG -DVERILATOR_INTERNAL_ -MMD -I. -I.. -I.. -I../../include -I../../include -MP  -Wno-shadow -Wno-unused-parameter -faligned-new -fno-exceptions -DDEFENV_SYSTEMC=\"\" -DDEFENV_SYSTEMC_ARCH=\"\" -DDEFENV_SYSTEMC_INCLUDE=\"\" -DDEFENV_SYSTEMC_LIBDIR=\"\" -DDEFENV_VERILATOR_ROOT=\"/opt/verilator/share/verilator\" -include V3PchAstMT.h -c ../V3Number.cpp -o V3Number.o
[rtl-full/Verilator shard 1/5-2             ]   | g++   -O3 -DVERILATOR_INTERNAL_ -MMD -I. -I.. -I.. -I../../include -I../../include -MP  -Wno-shadow -Wno-unused-parameter -faligned-new -fno-exceptions -DDEFENV_SYSTEMC=\"\" -DDEFENV_SYSTEMC_ARCH=\"\" -DDEFENV_SYSTEMC_INCLUDE=\"\" -DDEFENV_SYSTEMC_LIBDIR=\"\" -DDEFENV_VERILATOR_ROOT=\"/opt/verilator/share/verilator\" -include V3PchAstNoMT.h -c ../V3Clean.cpp -o V3Clean.o
[rtl-full/Verilator shard 3/5-4             ]   | g++   -O3 -DVERILATOR_INTERNAL_ -MMD -I. -I.. -I.. -I../../include -I../../include -MP  -Wno-shadow -Wno-unused-parameter -faligned-new -fno-exceptions -DDEFENV_SYSTEMC=\"\" -DDEFENV_SYSTEMC_ARCH=\"\" -DDEFENV_SYSTEMC_INCLUDE=\"\" -DDEFENV_SYSTEMC_LIBDIR=\"\" -DDEFENV_VERILATOR_ROOT=\"/opt/verilator/share/verilator\" -include V3PchAstNoMT.h -c ../V3DepthBlock.cpp -o V3DepthBlock.o
[rtl-full/Verilator shard 3/5-4             ]   | g++   -O3 -DVERILATOR_INTERNAL_ -MMD -I. -I.. -I.. -I../../include -I../../include -MP  -Wno-shadow -Wno-unused-parameter -faligned-new -fno-exceptions -DDEFENV_SYSTEMC=\"\" -DDEFENV_SYSTEMC_ARCH=\"\" -DDEFENV_SYSTEMC_INCLUDE=\"\" -DDEFENV_SYSTEMC_LIBDIR=\"\" -DDEFENV_VERILATOR_ROOT=\"/opt/verilator/share/verilator\" -include V3PchAstNoMT.h -c ../V3Descope.cpp -o V3Descope.o
[rtl-full/Verilator shard 0/5-1             ]   | g++   -Og -ggdb -gz -DVL_DEBUG -D_GLIBCXX_DEBUG -DVERILATOR_INTERNAL_ -MMD -I. -I.. -I.. -I../../include -I../../include -MP  -Wno-shadow -Wno-unused-parameter -faligned-new -fno-exceptions -DDEFENV_SYSTEMC=\"\" -DDEFENV_SYSTEMC_ARCH=\"\" -DDEFENV_SYSTEMC_INCLUDE=\"\" -DDEFENV_SYSTEMC_LIBDIR=\"\" -DDEFENV_VERILATOR_ROOT=\"/opt/verilator/share/verilator\" -include V3PchAstMT.h -c ../V3Options.cpp -o V3Options.o
[rtl-full/Verilator shard 1/5-2             ]   | g++   -Og -ggdb -gz -DVL_DEBUG -D_GLIBCXX_DEBUG -DVERILATOR_INTERNAL_ -MMD -I. -I.. -I.. -I../../include -I../../include -MP  -Wno-shadow -Wno-unused-parameter -faligned-new -fno-exceptions -DDEFENV_SYSTEMC=\"\" -DDEFENV_SYSTEMC_ARCH=\"\" -DDEFENV_SYSTEMC_INCLUDE=\"\" -DDEFENV_SYSTEMC_LIBDIR=\"\" -DDEFENV_VERILATOR_ROOT=\"/opt/verilator/share/verilator\" -include V3PchAstNoMT.h -c ../V3Depth.cpp -o V3Depth.o
[rtl-full/Verilator shard 2/5-3             ]   | g++   -O3 -DVERILATOR_INTERNAL_ -MMD -I. -I.. -I.. -I../../include -I../../include -MP  -Wno-shadow -Wno-unused-parameter -faligned-new -fno-exceptions -DDEFENV_SYSTEMC=\"\" -DDEFENV_SYSTEMC_ARCH=\"\" -DDEFENV_SYSTEMC_INCLUDE=\"\" -DDEFENV_SYSTEMC_LIBDIR=\"\" -DDEFENV_VERILATOR_ROOT=\"/opt/verilator/share/verilator\" -include V3PchAstMT.h -c ../V3File.cpp -o V3File.o
[rtl-full/Verilator shard 1/5-2             ]   | g++   -O3 -DVERILATOR_INTERNAL_ -MMD -I. -I.. -I.. -I../../include -I../../include -MP  -Wno-shadow -Wno-unused-parameter -faligned-new -fno-exceptions -DDEFENV_SYSTEMC=\"\" -DDEFENV_SYSTEMC_ARCH=\"\" -DDEFENV_SYSTEMC_INCLUDE=\"\" -DDEFENV_SYSTEMC_LIBDIR=\"\" -DDEFENV_VERILATOR_ROOT=\"/opt/verilator/share/verilator\" -include V3PchAstNoMT.h -c ../V3Clock.cpp -o V3Clock.o
[rtl-full/Verilator shard 0/5-1             ]   | g++   -O3 -DVERILATOR_INTERNAL_ -MMD -I. -I.. -I.. -I../../include -I../../include -MP  -Wno-shadow -Wno-unused-parameter -faligned-new -fno-exceptions -DDEFENV_SYSTEMC=\"\" -DDEFENV_SYSTEMC_ARCH=\"\" -DDEFENV_SYSTEMC_INCLUDE=\"\" -DDEFENV_SYSTEMC_LIBDIR=\"\" -DDEFENV_VERILATOR_ROOT=\"/opt/verilator/share/verilator\" -include V3PchAstNoMT.h -c ../V3DfgOptimizer.cpp -o V3DfgOptimizer.o
[rtl-full/Verilator shard 0/5-1             ]   | g++   -Og -ggdb -gz -DVL_DEBUG -D_GLIBCXX_DEBUG -DVERILATOR_INTERNAL_ -MMD -I. -I.. -I.. -I../../include -I../../include -MP  -Wno-shadow -Wno-unused-parameter -faligned-new -fno-exceptions -DDEFENV_SYSTEMC=\"\" -DDEFENV_SYSTEMC_ARCH=\"\" -DDEFENV_SYSTEMC_INCLUDE=\"\" -DDEFENV_SYSTEMC_LIBDIR=\"\" -DDEFENV_VERILATOR_ROOT=\"/opt/verilator/share/verilator\" -include V3PchAstMT.h -c ../V3Stats.cpp -o V3Stats.o
[rtl-full/Verilator shard 2/5-3             ]   | g++   -O3 -DVERILATOR_INTERNAL_ -MMD -I. -I.. -I.. -I../../include -I../../include -MP  -Wno-shadow -Wno-unused-parameter -faligned-new -fno-exceptions -DDEFENV_SYSTEMC=\"\" -DDEFENV_SYSTEMC_ARCH=\"\" -DDEFENV_SYSTEMC_INCLUDE=\"\" -DDEFENV_SYSTEMC_LIBDIR=\"\" -DDEFENV_VERILATOR_ROOT=\"/opt/verilator/share/verilator\" -include V3PchAstMT.h -c ../V3FuncOpt.cpp -o V3FuncOpt.o
[rtl-full/Verilator shard 3/5-4             ]   | g++   -Og -ggdb -gz -DVL_DEBUG -D_GLIBCXX_DEBUG -DVERILATOR_INTERNAL_ -MMD -I. -I.. -I.. -I../../include -I../../include -MP  -Wno-shadow -Wno-unused-parameter -faligned-new -fno-exceptions -DDEFENV_SYSTEMC=\"\" -DDEFENV_SYSTEMC_ARCH=\"\" -DDEFENV_SYSTEMC_INCLUDE=\"\" -DDEFENV_SYSTEMC_LIBDIR=\"\" -DDEFENV_VERILATOR_ROOT=\"/opt/verilator/share/verilator\" -include V3PchAstNoMT.h -c ../V3Clean.cpp -o V3Clean.o
[rtl-full/Verilator shard 1/5-2             ]   | g++   -Og -ggdb -gz -DVL_DEBUG -D_GLIBCXX_DEBUG -DVERILATOR_INTERNAL_ -MMD -I. -I.. -I.. -I../../include -I../../include -MP  -Wno-shadow -Wno-unused-parameter -faligned-new -fno-exceptions -DDEFENV_SYSTEMC=\"\" -DDEFENV_SYSTEMC_ARCH=\"\" -DDEFENV_SYSTEMC_INCLUDE=\"\" -DDEFENV_SYSTEMC_LIBDIR=\"\" -DDEFENV_VERILATOR_ROOT=\"/opt/verilator/share/verilator\" -include V3PchAstNoMT.h -c ../V3DepthBlock.cpp -o V3DepthBlock.o
[rtl-full/Verilator shard 3/5-4             ]   | g++   -O3 -DVERILATOR_INTERNAL_ -MMD -I. -I.. -I.. -I../../include -I../../include -MP  -Wno-shadow -Wno-unused-parameter -faligned-new -fno-exceptions -DDEFENV_SYSTEMC=\"\" -DDEFENV_SYSTEMC_ARCH=\"\" -DDEFENV_SYSTEMC_INCLUDE=\"\" -DDEFENV_SYSTEMC_LIBDIR=\"\" -DDEFENV_VERILATOR_ROOT=\"/opt/verilator/share/verilator\" -include V3PchAstNoMT.h -c ../V3Dfg.cpp -o V3Dfg.o
[rtl-full/Verilator shard 2/5-3             ]   | g++   -Og -ggdb -gz -DVL_DEBUG -D_GLIBCXX_DEBUG -DVERILATOR_INTERNAL_ -MMD -I. -I.. -I.. -I../../include -I../../include -MP  -Wno-shadow -Wno-unused-parameter -faligned-new -fno-exceptions -DDEFENV_SYSTEMC=\"\" -DDEFENV_SYSTEMC_ARCH=\"\" -DDEFENV_SYSTEMC_INCLUDE=\"\" -DDEFENV_SYSTEMC_LIBDIR=\"\" -DDEFENV_VERILATOR_ROOT=\"/opt/verilator/share/verilator\" -include V3PchAstNoMT.h -c ../V3DfgPeephole.cpp -o V3DfgPeephole.o
[rtl-full/Verilator shard 1/5-2             ]   | g++   -O3 -DVERILATOR_INTERNAL_ -MMD -I. -I.. -I.. -I../../include -I../../include -MP  -Wno-shadow -Wno-unused-parameter -faligned-new -fno-exceptions -DDEFENV_SYSTEMC=\"\" -DDEFENV_SYSTEMC_ARCH=\"\" -DDEFENV_SYSTEMC_INCLUDE=\"\" -DDEFENV_SYSTEMC_LIBDIR=\"\" -DDEFENV_VERILATOR_ROOT=\"/opt/verilator/share/verilator\" -include V3PchAstNoMT.h -c ../V3Combine.cpp -o V3Combine.o
[rtl-full/Verilator shard 1/5-2             ]   | g++   -O3 -DVERILATOR_INTERNAL_ -MMD -I. -I.. -I.. -I../../include -I../../include -MP  -Wno-shadow -Wno-unused-parameter -faligned-new -fno-exceptions -DDEFENV_SYSTEMC=\"\" -DDEFENV_SYSTEMC_ARCH=\"\" -DDEFENV_SYSTEMC_INCLUDE=\"\" -DDEFENV_SYSTEMC_LIBDIR=\"\" -DDEFENV_VERILATOR_ROOT=\"/opt/verilator/share/verilator\" -include V3PchAstNoMT.h -c ../V3Common.cpp -o V3Common.o
[rtl-full/Verilator shard 3/5-4             ]   | g++   -Og -ggdb -gz -DVL_DEBUG -D_GLIBCXX_DEBUG -DVERILATOR_INTERNAL_ -MMD -I. -I.. -I.. -I../../include -I../../include -MP  -Wno-shadow -Wno-unused-parameter -faligned-new -fno-exceptions -DDEFENV_SYSTEMC=\"\" -DDEFENV_SYSTEMC_ARCH=\"\" -DDEFENV_SYSTEMC_INCLUDE=\"\" -DDEFENV_SYSTEMC_LIBDIR=\"\" -DDEFENV_VERILATOR_ROOT=\"/opt/verilator/share/verilator\" -include V3PchAstNoMT.h -c ../V3Clock.cpp -o V3Clock.o
[rtl-full/Verilator shard 0/5-1             ]   | g++   -O3 -DVERILATOR_INTERNAL_ -MMD -I. -I.. -I.. -I../../include -I../../include -MP  -Wno-shadow -Wno-unused-parameter -faligned-new -fno-exceptions -DDEFENV_SYSTEMC=\"\" -DDEFENV_SYSTEMC_ARCH=\"\" -DDEFENV_SYSTEMC_INCLUDE=\"\" -DDEFENV_SYSTEMC_LIBDIR=\"\" -DDEFENV_VERILATOR_ROOT=\"/opt/verilator/share/verilator\" -include V3PchAstNoMT.h -c ../V3DfgPasses.cpp -o V3DfgPasses.o
[rtl-full/Verilator shard 0/5-1             ]   | g++   -Og -ggdb -gz -DVL_DEBUG -D_GLIBCXX_DEBUG -DVERILATOR_INTERNAL_ -MMD -I. -I.. -I.. -I../../include -I../../include -MP  -Wno-shadow -Wno-unused-parameter -faligned-new -fno-exceptions -DDEFENV_SYSTEMC=\"\" -DDEFENV_SYSTEMC_ARCH=\"\" -DDEFENV_SYSTEMC_INCLUDE=\"\" -DDEFENV_SYSTEMC_LIBDIR=\"\" -DDEFENV_VERILATOR_ROOT=\"/opt/verilator/share/verilator\" -include V3PchAstMT.h -c ../V3StatsReport.cpp -o V3StatsReport.o
[rtl-full/Verilator shard 0/5-1             ]   | g++   -O3 -DVERILATOR_INTERNAL_ -MMD -I. -I.. -I.. -I../../include -I../../include -MP  -Wno-shadow -Wno-unused-parameter -faligned-new -fno-exceptions -DDEFENV_SYSTEMC=\"\" -DDEFENV_SYSTEMC_ARCH=\"\" -DDEFENV_SYSTEMC_INCLUDE=\"\" -DDEFENV_SYSTEMC_LIBDIR=\"\" -DDEFENV_VERILATOR_ROOT=\"/opt/verilator/share/verilator\" -include V3PchAstNoMT.h -c ../V3DfgPeephole.cpp -o V3DfgPeephole.o
[rtl-full/Verilator shard 3/5-4             ]   | g++   -O3 -DVERILATOR_INTERNAL_ -MMD -I. -I.. -I.. -I../../include -I../../include -MP  -Wno-shadow -Wno-unused-parameter -faligned-new -fno-exceptions -DDEFENV_SYSTEMC=\"\" -DDEFENV_SYSTEMC_ARCH=\"\" -DDEFENV_SYSTEMC_INCLUDE=\"\" -DDEFENV_SYSTEMC_LIBDIR=\"\" -DDEFENV_VERILATOR_ROOT=\"/opt/verilator/share/verilator\" -include V3PchAstNoMT.h -c ../V3DfgAstToDfg.cpp -o V3DfgAstToDfg.o
[rtl-full/Verilator shard 2/5-3             ]   | g++   -Og -ggdb -gz -DVL_DEBUG -D_GLIBCXX_DEBUG -DVERILATOR_INTERNAL_ -MMD -I. -I.. -I.. -I../../include -I../../include -MP  -Wno-shadow -Wno-unused-parameter -faligned-new -fno-exceptions -DDEFENV_SYSTEMC=\"\" -DDEFENV_SYSTEMC_ARCH=\"\" -DDEFENV_SYSTEMC_INCLUDE=\"\" -DDEFENV_SYSTEMC_LIBDIR=\"\" -DDEFENV_VERILATOR_ROOT=\"/opt/verilator/share/verilator\" -include V3PchAstNoMT.h -c ../V3DfgPushDownSels.cpp -o V3DfgPushDownSels.o
[rtl-full/Verilator shard 1/5-2             ]   | g++   -Og -ggdb -gz -DVL_DEBUG -D_GLIBCXX_DEBUG -DVERILATOR_INTERNAL_ -MMD -I. -I.. -I.. -I../../include -I../../include -MP  -Wno-shadow -Wno-unused-parameter -faligned-new -fno-exceptions -DDEFENV_SYSTEMC=\"\" -DDEFENV_SYSTEMC_ARCH=\"\" -DDEFENV_SYSTEMC_INCLUDE=\"\" -DDEFENV_SYSTEMC_LIBDIR=\"\" -DDEFENV_VERILATOR_ROOT=\"/opt/verilator/share/verilator\" -include V3PchAstNoMT.h -c ../V3Descope.cpp -o V3Descope.o
[rtl-full/Verilator shard 3/5-4             ]   | g++   -Og -ggdb -gz -DVL_DEBUG -D_GLIBCXX_DEBUG -DVERILATOR_INTERNAL_ -MMD -I. -I.. -I.. -I../../include -I../../include -MP  -Wno-shadow -Wno-unused-parameter -faligned-new -fno-exceptions -DDEFENV_SYSTEMC=\"\" -DDEFENV_SYSTEMC_ARCH=\"\" -DDEFENV_SYSTEMC_INCLUDE=\"\" -DDEFENV_SYSTEMC_LIBDIR=\"\" -DDEFENV_VERILATOR_ROOT=\"/opt/verilator/share/verilator\" -include V3PchAstNoMT.h -c ../V3Combine.cpp -o V3Combine.o
[rtl-full/Verilator shard 2/5-3             ]   | g++   -O3 -DVERILATOR_INTERNAL_ -MMD -I. -I.. -I.. -I../../include -I../../include -MP  -Wno-shadow -Wno-unused-parameter -faligned-new -fno-exceptions -DDEFENV_SYSTEMC=\"\" -DDEFENV_SYSTEMC_ARCH=\"\" -DDEFENV_SYSTEMC_INCLUDE=\"\" -DDEFENV_SYSTEMC_LIBDIR=\"\" -DDEFENV_VERILATOR_ROOT=\"/opt/verilator/share/verilator\" -include V3PchAstMT.h -c ../V3Global.cpp -o V3Global.o
[rtl-full/Verilator shard 1/5-2             ]   | g++   -Og -ggdb -gz -DVL_DEBUG -D_GLIBCXX_DEBUG -DVERILATOR_INTERNAL_ -MMD -I. -I.. -I.. -I../../include -I../../include -MP  -Wno-shadow -Wno-unused-parameter -faligned-new -fno-exceptions -DDEFENV_SYSTEMC=\"\" -DDEFENV_SYSTEMC_ARCH=\"\" -DDEFENV_SYSTEMC_INCLUDE=\"\" -DDEFENV_SYSTEMC_LIBDIR=\"\" -DDEFENV_VERILATOR_ROOT=\"/opt/verilator/share/verilator\" -include V3PchAstNoMT.h -c ../V3Dfg.cpp -o V3Dfg.o
[rtl-full/Verilator shard 1/5-2             ]   | g++   -O3 -DVERILATOR_INTERNAL_ -MMD -I. -I.. -I.. -I../../include -I../../include -MP  -Wno-shadow -Wno-unused-parameter -faligned-new -fno-exceptions -DDEFENV_SYSTEMC=\"\" -DDEFENV_SYSTEMC_ARCH=\"\" -DDEFENV_SYSTEMC_INCLUDE=\"\" -DDEFENV_SYSTEMC_LIBDIR=\"\" -DDEFENV_VERILATOR_ROOT=\"/opt/verilator/share/verilator\" -include V3PchAstNoMT.h -c ../V3Coverage.cpp -o V3Coverage.o
[rtl-full/Verilator shard 2/5-3             ]   | g++   -O3 -DVERILATOR_INTERNAL_ -MMD -I. -I.. -I.. -I../../include -I../../include -MP  -Wno-shadow -Wno-unused-parameter -faligned-new -fno-exceptions -DDEFENV_SYSTEMC=\"\" -DDEFENV_SYSTEMC_ARCH=\"\" -DDEFENV_SYSTEMC_INCLUDE=\"\" -DDEFENV_SYSTEMC_LIBDIR=\"\" -DDEFENV_VERILATOR_ROOT=\"/opt/verilator/share/verilator\" -include V3PchAstMT.h -c ../V3Hasher.cpp -o V3Hasher.o
[rtl-full/Verilator shard 3/5-4             ]   | g++   -Og -ggdb -gz -DVL_DEBUG -D_GLIBCXX_DEBUG -DVERILATOR_INTERNAL_ -MMD -I. -I.. -I.. -I../../include -I../../include -MP  -Wno-shadow -Wno-unused-parameter -faligned-new -fno-exceptions -DDEFENV_SYSTEMC=\"\" -DDEFENV_SYSTEMC_ARCH=\"\" -DDEFENV_SYSTEMC_INCLUDE=\"\" -DDEFENV_SYSTEMC_LIBDIR=\"\" -DDEFENV_VERILATOR_ROOT=\"/opt/verilator/share/verilator\" -include V3PchAstNoMT.h -c ../V3Common.cpp -o V3Common.o
[rtl-full/Verilator shard 1/5-2             ]   | g++   -O3 -DVERILATOR_INTERNAL_ -MMD -I. -I.. -I.. -I../../include -I../../include -MP  -Wno-shadow -Wno-unused-parameter -faligned-new -fno-exceptions -DDEFENV_SYSTEMC=\"\" -DDEFENV_SYSTEMC_ARCH=\"\" -DDEFENV_SYSTEMC_INCLUDE=\"\" -DDEFENV_SYSTEMC_LIBDIR=\"\" -DDEFENV_VERILATOR_ROOT=\"/opt/verilator/share/verilator\" -include V3PchAstNoMT.h -c ../V3Covergroup.cpp -o V3Covergroup.o
[rtl-full/Verilator shard 1/5-2             ]   | g++   -Og -ggdb -gz -DVL_DEBUG -D_GLIBCXX_DEBUG -DVERILATOR_INTERNAL_ -MMD -I. -I.. -I.. -I../../include -I../../include -MP  -Wno-shadow -Wno-unused-parameter -faligned-new -fno-exceptions -DDEFENV_SYSTEMC=\"\" -DDEFENV_SYSTEMC_ARCH=\"\" -DDEFENV_SYSTEMC_INCLUDE=\"\" -DDEFENV_SYSTEMC_LIBDIR=\"\" -DDEFENV_VERILATOR_ROOT=\"/opt/verilator/share/verilator\" -include V3PchAstNoMT.h -c ../V3DfgAstToDfg.cpp -o V3DfgAstToDfg.o
[rtl-full/Verilator shard 3/5-4             ]   | g++   -Og -ggdb -gz -DVL_DEBUG -D_GLIBCXX_DEBUG -DVERILATOR_INTERNAL_ -MMD -I. -I.. -I.. -I../../include -I../../include -MP  -Wno-shadow -Wno-unused-parameter -faligned-new -fno-exceptions -DDEFENV_SYSTEMC=\"\" -DDEFENV_SYSTEMC_ARCH=\"\" -DDEFENV_SYSTEMC_INCLUDE=\"\" -DDEFENV_SYSTEMC_LIBDIR=\"\" -DDEFENV_VERILATOR_ROOT=\"/opt/verilator/share/verilator\" -include V3PchAstNoMT.h -c ../V3Coverage.cpp -o V3Coverage.o
[rtl-full/Verilator shard 0/5-1             ]   | g++   -Og -ggdb -gz -DVL_DEBUG -D_GLIBCXX_DEBUG -DVERILATOR_INTERNAL_ -MMD -I. -I.. -I.. -I../../include -I../../include -MP  -Wno-shadow -Wno-unused-parameter -faligned-new -fno-exceptions -DDEFENV_SYSTEMC=\"\" -DDEFENV_SYSTEMC_ARCH=\"\" -DDEFENV_SYSTEMC_INCLUDE=\"\" -DDEFENV_SYSTEMC_LIBDIR=\"\" -DDEFENV_VERILATOR_ROOT=\"/opt/verilator/share/verilator\" -include V3PchAstMT.h -c ../V3VariableOrder.cpp -o V3VariableOrder.o
[rtl-full/Verilator shard 0/5-1             ]   | g++   -O3 -DVERILATOR_INTERNAL_ -MMD -I. -I.. -I.. -I../../include -I../../include -MP  -Wno-shadow -Wno-unused-parameter -faligned-new -fno-exceptions -DDEFENV_SYSTEMC=\"\" -DDEFENV_SYSTEMC_ARCH=\"\" -DDEFENV_SYSTEMC_INCLUDE=\"\" -DDEFENV_SYSTEMC_LIBDIR=\"\" -DDEFENV_VERILATOR_ROOT=\"/opt/verilator/share/verilator\" -include V3PchAstNoMT.h -c ../V3DfgPushDownSels.cpp -o V3DfgPushDownSels.o
[rtl-full/Verilator shard 2/5-3             ]   | g++   -O3 -DVERILATOR_INTERNAL_ -MMD -I. -I.. -I.. -I../../include -I../../include -MP  -Wno-shadow -Wno-unused-parameter -faligned-new -fno-exceptions -DDEFENV_SYSTEMC=\"\" -DDEFENV_SYSTEMC_ARCH=\"\" -DDEFENV_SYSTEMC_INCLUDE=\"\" -DDEFENV_SYSTEMC_LIBDIR=\"\" -DDEFENV_VERILATOR_ROOT=\"/opt/verilator/share/verilator\" -include V3PchAstMT.h -c ../V3Number.cpp -o V3Number.o
[rtl-full/Verilator shard 3/5-4             ]   | g++   -O3 -DVERILATOR_INTERNAL_ -MMD -I. -I.. -I.. -I../../include -I../../include -MP  -Wno-shadow -Wno-unused-parameter -faligned-new -fno-exceptions -DDEFENV_SYSTEMC=\"\" -DDEFENV_SYSTEMC_ARCH=\"\" -DDEFENV_SYSTEMC_INCLUDE=\"\" -DDEFENV_SYSTEMC_LIBDIR=\"\" -DDEFENV_VERILATOR_ROOT=\"/opt/verilator/share/verilator\" -include V3PchAstNoMT.h -c ../V3DfgBreakCycles.cpp -o V3DfgBreakCycles.o
[rtl-full/Verilator shard 3/5-4             ]   | g++   -Og -ggdb -gz -DVL_DEBUG -D_GLIBCXX_DEBUG -DVERILATOR_INTERNAL_ -MMD -I. -I.. -I.. -I../../include -I../../include -MP  -Wno-shadow -Wno-unused-parameter -faligned-new -fno-exceptions -DDEFENV_SYSTEMC=\"\" -DDEFENV_SYSTEMC_ARCH=\"\" -DDEFENV_SYSTEMC_INCLUDE=\"\" -DDEFENV_SYSTEMC_LIBDIR=\"\" -DDEFENV_VERILATOR_ROOT=\"/opt/verilator/share/verilator\" -include V3PchAstNoMT.h -c ../V3Covergroup.cpp -o V3Covergroup.o
[rtl-full/Verilator shard 2/5-3             ]   | g++   -O3 -DVERILATOR_INTERNAL_ -MMD -I. -I.. -I.. -I../../include -I../../include -MP  -Wno-shadow -Wno-unused-parameter -faligned-new -fno-exceptions -DDEFENV_SYSTEMC=\"\" -DDEFENV_SYSTEMC_ARCH=\"\" -DDEFENV_SYSTEMC_INCLUDE=\"\" -DDEFENV_SYSTEMC_LIBDIR=\"\" -DDEFENV_VERILATOR_ROOT=\"/opt/verilator/share/verilator\" -include V3PchAstMT.h -c ../V3Options.cpp -o V3Options.o
[rtl-full/Verilator shard 2/5-3             ]   | g++   -Og -ggdb -gz -DVL_DEBUG -D_GLIBCXX_DEBUG -DVERILATOR_INTERNAL_ -MMD -I. -I.. -I.. -I../../include -I../../include -MP  -Wno-shadow -Wno-unused-parameter -faligned-new -fno-exceptions -DDEFENV_SYSTEMC=\"\" -DDEFENV_SYSTEMC_ARCH=\"\" -DDEFENV_SYSTEMC_INCLUDE=\"\" -DDEFENV_SYSTEMC_LIBDIR=\"\" -DDEFENV_VERILATOR_ROOT=\"/opt/verilator/share/verilator\" -include V3PchAstNoMT.h -c ../V3DfgRegularize.cpp -o V3DfgRegularize.o
[rtl-full/Verilator shard 0/5-1             ]   | g++   -Og -ggdb -gz -DVL_DEBUG -D_GLIBCXX_DEBUG -DVERILATOR_INTERNAL_ -MMD -I. -I.. -I.. -I../../include -I../../include -MP  -Wno-shadow -Wno-unused-parameter -faligned-new -fno-exceptions -DDEFENV_SYSTEMC=\"\" -DDEFENV_SYSTEMC_ARCH=\"\" -DDEFENV_SYSTEMC_INCLUDE=\"\" -DDEFENV_SYSTEMC_LIBDIR=\"\" -DDEFENV_VERILATOR_ROOT=\"/opt/verilator/share/verilator\" -include V3PchAstNoMT.h -c ../V3Active.cpp -o V3Active.o
[rtl-full/Verilator shard 0/5-1             ]   | g++   -O3 -DVERILATOR_INTERNAL_ -MMD -I. -I.. -I.. -I../../include -I../../include -MP  -Wno-shadow -Wno-unused-parameter -faligned-new -fno-exceptions -DDEFENV_SYSTEMC=\"\" -DDEFENV_SYSTEMC_ARCH=\"\" -DDEFENV_SYSTEMC_INCLUDE=\"\" -DDEFENV_SYSTEMC_LIBDIR=\"\" -DDEFENV_VERILATOR_ROOT=\"/opt/verilator/share/verilator\" -include V3PchAstNoMT.h -c ../V3DfgRegularize.cpp -o V3DfgRegularize.o
[rtl-full/Verilator shard 1/5-2             ]   | g++   -Og -ggdb -gz -DVL_DEBUG -D_GLIBCXX_DEBUG -DVERILATOR_INTERNAL_ -MMD -I. -I.. -I.. -I../../include -I../../include -MP  -Wno-shadow -Wno-unused-parameter -faligned-new -fno-exceptions -DDEFENV_SYSTEMC=\"\" -DDEFENV_SYSTEMC_ARCH=\"\" -DDEFENV_SYSTEMC_INCLUDE=\"\" -DDEFENV_SYSTEMC_LIBDIR=\"\" -DDEFENV_VERILATOR_ROOT=\"/opt/verilator/share/verilator\" -include V3PchAstNoMT.h -c ../V3DfgBreakCycles.cpp -o V3DfgBreakCycles.o
[rtl-full/Verilator shard 1/5-2             ]   | g++   -O3 -DVERILATOR_INTERNAL_ -MMD -I. -I.. -I.. -I../../include -I../../include -MP  -Wno-shadow -Wno-unused-parameter -faligned-new -fno-exceptions -DDEFENV_SYSTEMC=\"\" -DDEFENV_SYSTEMC_ARCH=\"\" -DDEFENV_SYSTEMC_INCLUDE=\"\" -DDEFENV_SYSTEMC_LIBDIR=\"\" -DDEFENV_VERILATOR_ROOT=\"/opt/verilator/share/verilator\" -include V3PchAstNoMT.h -c ../V3CoverageJoin.cpp -o V3CoverageJoin.o
[rtl-full/Verilator shard 0/5-1             ]   | g++   -Og -ggdb -gz -DVL_DEBUG -D_GLIBCXX_DEBUG -DVERILATOR_INTERNAL_ -MMD -I. -I.. -I.. -I../../include -I../../include -MP  -Wno-shadow -Wno-unused-parameter -faligned-new -fno-exceptions -DDEFENV_SYSTEMC=\"\" -DDEFENV_SYSTEMC_ARCH=\"\" -DDEFENV_SYSTEMC_INCLUDE=\"\" -DDEFENV_SYSTEMC_LIBDIR=\"\" -DDEFENV_VERILATOR_ROOT=\"/opt/verilator/share/verilator\" -include V3PchAstNoMT.h -c ../V3ActiveTop.cpp -o V3ActiveTop.o
[rtl-full/Verilator shard 3/5-4             ]   | g++   -O3 -DVERILATOR_INTERNAL_ -MMD -I. -I.. -I.. -I../../include -I../../include -MP  -Wno-shadow -Wno-unused-parameter -faligned-new -fno-exceptions -DDEFENV_SYSTEMC=\"\" -DDEFENV_SYSTEMC_ARCH=\"\" -DDEFENV_SYSTEMC_INCLUDE=\"\" -DDEFENV_SYSTEMC_LIBDIR=\"\" -DDEFENV_VERILATOR_ROOT=\"/opt/verilator/share/verilator\" -include V3PchAstNoMT.h -c ../V3DfgColorSCCs.cpp -o V3DfgColorSCCs.o
[rtl-full/Verilator shard 1/5-2             ]   | g++   -O3 -DVERILATOR_INTERNAL_ -MMD -I. -I.. -I.. -I../../include -I../../include -MP  -Wno-shadow -Wno-unused-parameter -faligned-new -fno-exceptions -DDEFENV_SYSTEMC=\"\" -DDEFENV_SYSTEMC_ARCH=\"\" -DDEFENV_SYSTEMC_INCLUDE=\"\" -DDEFENV_SYSTEMC_LIBDIR=\"\" -DDEFENV_VERILATOR_ROOT=\"/opt/verilator/share/verilator\" -include V3PchAstNoMT.h -c ../V3Dead.cpp -o V3Dead.o
[rtl-full/Verilator shard 2/5-3             ]   | g++   -Og -ggdb -gz -DVL_DEBUG -D_GLIBCXX_DEBUG -DVERILATOR_INTERNAL_ -MMD -I. -I.. -I.. -I../../include -I../../include -MP  -Wno-shadow -Wno-unused-parameter -faligned-new -fno-exceptions -DDEFENV_SYSTEMC=\"\" -DDEFENV_SYSTEMC_ARCH=\"\" -DDEFENV_SYSTEMC_INCLUDE=\"\" -DDEFENV_SYSTEMC_LIBDIR=\"\" -DDEFENV_VERILATOR_ROOT=\"/opt/verilator/share/verilator\" -include V3PchAstNoMT.h -c ../V3DfgSynthesize.cpp -o V3DfgSynthesize.o
[rtl-full/Verilator shard 1/5-2             ]   | g++   -O3 -DVERILATOR_INTERNAL_ -MMD -I. -I.. -I.. -I../../include -I../../include -MP  -Wno-shadow -Wno-unused-parameter -faligned-new -fno-exceptions -DDEFENV_SYSTEMC=\"\" -DDEFENV_SYSTEMC_ARCH=\"\" -DDEFENV_SYSTEMC_INCLUDE=\"\" -DDEFENV_SYSTEMC_LIBDIR=\"\" -DDEFENV_VERILATOR_ROOT=\"/opt/verilator/share/verilator\" -include V3PchAstNoMT.h -c ../V3Delayed.cpp -o V3Delayed.o
[rtl-full/Verilator shard 0/5-1             ]   | g++   -O3 -DVERILATOR_INTERNAL_ -MMD -I. -I.. -I.. -I../../include -I../../include -MP  -Wno-shadow -Wno-unused-parameter -faligned-new -fno-exceptions -DDEFENV_SYSTEMC=\"\" -DDEFENV_SYSTEMC_ARCH=\"\" -DDEFENV_SYSTEMC_INCLUDE=\"\" -DDEFENV_SYSTEMC_LIBDIR=\"\" -DDEFENV_VERILATOR_ROOT=\"/opt/verilator/share/verilator\" -include V3PchAstNoMT.h -c ../V3DfgSynthesize.cpp -o V3DfgSynthesize.o
[rtl-full/Verilator shard 3/5-4             ]   | g++   -Og -ggdb -gz -DVL_DEBUG -D_GLIBCXX_DEBUG -DVERILATOR_INTERNAL_ -MMD -I. -I.. -I.. -I../../include -I../../include -MP  -Wno-shadow -Wno-unused-parameter -faligned-new -fno-exceptions -DDEFENV_SYSTEMC=\"\" -DDEFENV_SYSTEMC_ARCH=\"\" -DDEFENV_SYSTEMC_INCLUDE=\"\" -DDEFENV_SYSTEMC_LIBDIR=\"\" -DDEFENV_VERILATOR_ROOT=\"/opt/verilator/share/verilator\" -include V3PchAstNoMT.h -c ../V3CoverageJoin.cpp -o V3CoverageJoin.o
[rtl-full/Verilator shard 3/5-4             ]   | g++   -O3 -DVERILATOR_INTERNAL_ -MMD -I. -I.. -I.. -I../../include -I../../include -MP  -Wno-shadow -Wno-unused-parameter -faligned-new -fno-exceptions -DDEFENV_SYSTEMC=\"\" -DDEFENV_SYSTEMC_ARCH=\"\" -DDEFENV_SYSTEMC_INCLUDE=\"\" -DDEFENV_SYSTEMC_LIBDIR=\"\" -DDEFENV_VERILATOR_ROOT=\"/opt/verilator/share/verilator\" -include V3PchAstNoMT.h -c ../V3DfgCse.cpp -o V3DfgCse.o
[rtl-full/Verilator shard 0/5-1             ]   | g++   -Og -ggdb -gz -DVL_DEBUG -D_GLIBCXX_DEBUG -DVERILATOR_INTERNAL_ -MMD -I. -I.. -I.. -I../../include -I../../include -MP  -Wno-shadow -Wno-unused-parameter -faligned-new -fno-exceptions -DDEFENV_SYSTEMC=\"\" -DDEFENV_SYSTEMC_ARCH=\"\" -DDEFENV_SYSTEMC_INCLUDE=\"\" -DDEFENV_SYSTEMC_LIBDIR=\"\" -DDEFENV_VERILATOR_ROOT=\"/opt/verilator/share/verilator\" -include V3PchAstNoMT.h -c ../V3Assert.cpp -o V3Assert.o
[rtl-full/Verilator shard 0/5-1             ]   | g++   -Og -ggdb -gz -DVL_DEBUG -D_GLIBCXX_DEBUG -DVERILATOR_INTERNAL_ -MMD -I. -I.. -I.. -I../../include -I../../include -MP  -Wno-shadow -Wno-unused-parameter -faligned-new -fno-exceptions -DDEFENV_SYSTEMC=\"\" -DDEFENV_SYSTEMC_ARCH=\"\" -DDEFENV_SYSTEMC_INCLUDE=\"\" -DDEFENV_SYSTEMC_LIBDIR=\"\" -DDEFENV_VERILATOR_ROOT=\"/opt/verilator/share/verilator\" -include V3PchAstNoMT.h -c ../V3AssertNfa.cpp -o V3AssertNfa.o
[rtl-full/Verilator shard 3/5-4             ]   | g++   -O3 -DVERILATOR_INTERNAL_ -MMD -I. -I.. -I.. -I../../include -I../../include -MP  -Wno-shadow -Wno-unused-parameter -faligned-new -fno-exceptions -DDEFENV_SYSTEMC=\"\" -DDEFENV_SYSTEMC_ARCH=\"\" -DDEFENV_SYSTEMC_INCLUDE=\"\" -DDEFENV_SYSTEMC_LIBDIR=\"\" -DDEFENV_VERILATOR_ROOT=\"/opt/verilator/share/verilator\" -include V3PchAstNoMT.h -c ../V3DfgDataType.cpp -o V3DfgDataType.o
[rtl-full/Verilator shard 2/5-3             ]   | g++   -Og -ggdb -gz -DVL_DEBUG -D_GLIBCXX_DEBUG -DVERILATOR_INTERNAL_ -MMD -I. -I.. -I.. -I../../include -I../../include -MP  -Wno-shadow -Wno-unused-parameter -faligned-new -fno-exceptions -DDEFENV_SYSTEMC=\"\" -DDEFENV_SYSTEMC_ARCH=\"\" -DDEFENV_SYSTEMC_INCLUDE=\"\" -DDEFENV_SYSTEMC_LIBDIR=\"\" -DDEFENV_VERILATOR_ROOT=\"/opt/verilator/share/verilator\" -include V3PchAstNoMT.h -c ../V3DiagSarif.cpp -o V3DiagSarif.o
[rtl-full/Verilator shard 0/5-1             ]   | g++   -O3 -DVERILATOR_INTERNAL_ -MMD -I. -I.. -I.. -I../../include -I../../include -MP  -Wno-shadow -Wno-unused-parameter -faligned-new -fno-exceptions -DDEFENV_SYSTEMC=\"\" -DDEFENV_SYSTEMC_ARCH=\"\" -DDEFENV_SYSTEMC_INCLUDE=\"\" -DDEFENV_SYSTEMC_LIBDIR=\"\" -DDEFENV_VERILATOR_ROOT=\"/opt/verilator/share/verilator\" -include V3PchAstNoMT.h -c ../V3DiagSarif.cpp -o V3DiagSarif.o
[rtl-full/Verilator shard 2/5-3             ]   | g++   -O3 -DVERILATOR_INTERNAL_ -MMD -I. -I.. -I.. -I../../include -I../../include -MP  -Wno-shadow -Wno-unused-parameter -faligned-new -fno-exceptions -DDEFENV_SYSTEMC=\"\" -DDEFENV_SYSTEMC_ARCH=\"\" -DDEFENV_SYSTEMC_INCLUDE=\"\" -DDEFENV_SYSTEMC_LIBDIR=\"\" -DDEFENV_VERILATOR_ROOT=\"/opt/verilator/share/verilator\" -include V3PchAstMT.h -c ../V3Stats.cpp -o V3Stats.o
[rtl-full/Verilator shard 1/5-2             ]   | g++   -Og -ggdb -gz -DVL_DEBUG -D_GLIBCXX_DEBUG -DVERILATOR_INTERNAL_ -MMD -I. -I.. -I.. -I../../include -I../../include -MP  -Wno-shadow -Wno-unused-parameter -faligned-new -fno-exceptions -DDEFENV_SYSTEMC=\"\" -DDEFENV_SYSTEMC_ARCH=\"\" -DDEFENV_SYSTEMC_INCLUDE=\"\" -DDEFENV_SYSTEMC_LIBDIR=\"\" -DDEFENV_VERILATOR_ROOT=\"/opt/verilator/share/verilator\" -include V3PchAstNoMT.h -c ../V3DfgColorSCCs.cpp -o V3DfgColorSCCs.o
[rtl-full/Verilator shard 3/5-4             ]   | g++   -Og -ggdb -gz -DVL_DEBUG -D_GLIBCXX_DEBUG -DVERILATOR_INTERNAL_ -MMD -I. -I.. -I.. -I../../include -I../../include -MP  -Wno-shadow -Wno-unused-parameter -faligned-new -fno-exceptions -DDEFENV_SYSTEMC=\"\" -DDEFENV_SYSTEMC_ARCH=\"\" -DDEFENV_SYSTEMC_INCLUDE=\"\" -DDEFENV_SYSTEMC_LIBDIR=\"\" -DDEFENV_VERILATOR_ROOT=\"/opt/verilator/share/verilator\" -include V3PchAstNoMT.h -c ../V3Dead.cpp -o V3Dead.o
[rtl-full/Verilator shard 3/5-4             ]   | g++   -O3 -DVERILATOR_INTERNAL_ -MMD -I. -I.. -I.. -I../../include -I../../include -MP  -Wno-shadow -Wno-unused-parameter -faligned-new -fno-exceptions -DDEFENV_SYSTEMC=\"\" -DDEFENV_SYSTEMC_ARCH=\"\" -DDEFENV_SYSTEMC_INCLUDE=\"\" -DDEFENV_SYSTEMC_LIBDIR=\"\" -DDEFENV_VERILATOR_ROOT=\"/opt/verilator/share/verilator\" -include V3PchAstNoMT.h -c ../V3DfgDecomposition.cpp -o V3DfgDecomposition.o
[rtl-full/Verilator shard 3/5-4             ]   | g++   -O3 -DVERILATOR_INTERNAL_ -MMD -I. -I.. -I.. -I../../include -I../../include -MP  -Wno-shadow -Wno-unused-parameter -faligned-new -fno-exceptions -DDEFENV_SYSTEMC=\"\" -DDEFENV_SYSTEMC_ARCH=\"\" -DDEFENV_SYSTEMC_INCLUDE=\"\" -DDEFENV_SYSTEMC_LIBDIR=\"\" -DDEFENV_VERILATOR_ROOT=\"/opt/verilator/share/verilator\" -include V3PchAstNoMT.h -c ../V3DfgDfgToAst.cpp -o V3DfgDfgToAst.o
[rtl-full/Verilator shard 1/5-2             ]   | g++   -O3 -DVERILATOR_INTERNAL_ -MMD -I. -I.. -I.. -I../../include -I../../include -MP  -Wno-shadow -Wno-unused-parameter -faligned-new -fno-exceptions -DDEFENV_SYSTEMC=\"\" -DDEFENV_SYSTEMC_ARCH=\"\" -DDEFENV_SYSTEMC_INCLUDE=\"\" -DDEFENV_SYSTEMC_LIBDIR=\"\" -DDEFENV_VERILATOR_ROOT=\"/opt/verilator/share/verilator\" -include V3PchAstNoMT.h -c ../V3Depth.cpp -o V3Depth.o
[rtl-full/Verilator shard 2/5-3             ]   | g++   -O3 -DVERILATOR_INTERNAL_ -MMD -I. -I.. -I.. -I../../include -I../../include -MP  -Wno-shadow -Wno-unused-parameter -faligned-new -fno-exceptions -DDEFENV_SYSTEMC=\"\" -DDEFENV_SYSTEMC_ARCH=\"\" -DDEFENV_SYSTEMC_INCLUDE=\"\" -DDEFENV_SYSTEMC_LIBDIR=\"\" -DDEFENV_VERILATOR_ROOT=\"/opt/verilator/share/verilator\" -include V3PchAstMT.h -c ../V3StatsReport.cpp -o V3StatsReport.o
[rtl-full/Verilator shard 3/5-4             ]   | g++   -Og -ggdb -gz -DVL_DEBUG -D_GLIBCXX_DEBUG -DVERILATOR_INTERNAL_ -MMD -I. -I.. -I.. -I../../include -I../../include -MP  -Wno-shadow -Wno-unused-parameter -faligned-new -fno-exceptions -DDEFENV_SYSTEMC=\"\" -DDEFENV_SYSTEMC_ARCH=\"\" -DDEFENV_SYSTEMC_INCLUDE=\"\" -DDEFENV_SYSTEMC_LIBDIR=\"\" -DDEFENV_VERILATOR_ROOT=\"/opt/verilator/share/verilator\" -include V3PchAstNoMT.h -c ../V3Delayed.cpp -o V3Delayed.o
[rtl-full/Verilator shard 2/5-3             ]   | g++   -Og -ggdb -gz -DVL_DEBUG -D_GLIBCXX_DEBUG -DVERILATOR_INTERNAL_ -MMD -I. -I.. -I.. -I../../include -I../../include -MP  -Wno-shadow -Wno-unused-parameter -faligned-new -fno-exceptions -DDEFENV_SYSTEMC=\"\" -DDEFENV_SYSTEMC_ARCH=\"\" -DDEFENV_SYSTEMC_INCLUDE=\"\" -DDEFENV_SYSTEMC_LIBDIR=\"\" -DDEFENV_VERILATOR_ROOT=\"/opt/verilator/share/verilator\" -include V3PchAstNoMT.h -c ../V3DupFinder.cpp -o V3DupFinder.o
[rtl-full/Verilator shard 1/5-2             ]   | g++   -O3 -DVERILATOR_INTERNAL_ -MMD -I. -I.. -I.. -I../../include -I../../include -MP  -Wno-shadow -Wno-unused-parameter -faligned-new -fno-exceptions -DDEFENV_SYSTEMC=\"\" -DDEFENV_SYSTEMC_ARCH=\"\" -DDEFENV_SYSTEMC_INCLUDE=\"\" -DDEFENV_SYSTEMC_LIBDIR=\"\" -DDEFENV_VERILATOR_ROOT=\"/opt/verilator/share/verilator\" -include V3PchAstNoMT.h -c ../V3DepthBlock.cpp -o V3DepthBlock.o
[rtl-full/Verilator shard 1/5-2             ]   | g++   -Og -ggdb -gz -DVL_DEBUG -D_GLIBCXX_DEBUG -DVERILATOR_INTERNAL_ -MMD -I. -I.. -I.. -I../../include -I../../include -MP  -Wno-shadow -Wno-unused-parameter -faligned-new -fno-exceptions -DDEFENV_SYSTEMC=\"\" -DDEFENV_SYSTEMC_ARCH=\"\" -DDEFENV_SYSTEMC_INCLUDE=\"\" -DDEFENV_SYSTEMC_LIBDIR=\"\" -DDEFENV_VERILATOR_ROOT=\"/opt/verilator/share/verilator\" -include V3PchAstNoMT.h -c ../V3DfgCse.cpp -o V3DfgCse.o
[rtl-full/Verilator shard 0/5-1             ]   | g++   -O3 -DVERILATOR_INTERNAL_ -MMD -I. -I.. -I.. -I../../include -I../../include -MP  -Wno-shadow -Wno-unused-parameter -faligned-new -fno-exceptions -DDEFENV_SYSTEMC=\"\" -DDEFENV_SYSTEMC_ARCH=\"\" -DDEFENV_SYSTEMC_INCLUDE=\"\" -DDEFENV_SYSTEMC_LIBDIR=\"\" -DDEFENV_VERILATOR_ROOT=\"/opt/verilator/share/verilator\" -include V3PchAstNoMT.h -c ../V3DupFinder.cpp -o V3DupFinder.o
[rtl-full/Verilator shard 1/5-2             ]   | g++   -O3 -DVERILATOR_INTERNAL_ -MMD -I. -I.. -I.. -I../../include -I../../include -MP  -Wno-shadow -Wno-unused-parameter -faligned-new -fno-exceptions -DDEFENV_SYSTEMC=\"\" -DDEFENV_SYSTEMC_ARCH=\"\" -DDEFENV_SYSTEMC_INCLUDE=\"\" -DDEFENV_SYSTEMC_LIBDIR=\"\" -DDEFENV_VERILATOR_ROOT=\"/opt/verilator/share/verilator\" -include V3PchAstNoMT.h -c ../V3Descope.cpp -o V3Descope.o
[rtl-full/Verilator shard 3/5-4             ]   | g++   -O3 -DVERILATOR_INTERNAL_ -MMD -I. -I.. -I.. -I../../include -I../../include -MP  -Wno-shadow -Wno-unused-parameter -faligned-new -fno-exceptions -DDEFENV_SYSTEMC=\"\" -DDEFENV_SYSTEMC_ARCH=\"\" -DDEFENV_SYSTEMC_INCLUDE=\"\" -DDEFENV_SYSTEMC_LIBDIR=\"\" -DDEFENV_VERILATOR_ROOT=\"/opt/verilator/share/verilator\" -include V3PchAstNoMT.h -c ../V3DfgOptimizer.cpp -o V3DfgOptimizer.o
[rtl-full/Verilator shard 3/5-4             ]   | g++   -Og -ggdb -gz -DVL_DEBUG -D_GLIBCXX_DEBUG -DVERILATOR_INTERNAL_ -MMD -I. -I.. -I.. -I../../include -I../../include -MP  -Wno-shadow -Wno-unused-parameter -faligned-new -fno-exceptions -DDEFENV_SYSTEMC=\"\" -DDEFENV_SYSTEMC_ARCH=\"\" -DDEFENV_SYSTEMC_INCLUDE=\"\" -DDEFENV_SYSTEMC_LIBDIR=\"\" -DDEFENV_VERILATOR_ROOT=\"/opt/verilator/share/verilator\" -include V3PchAstNoMT.h -c ../V3Depth.cpp -o V3Depth.o
[rtl-full/Verilator shard 2/5-3             ]   | g++   -O3 -DVERILATOR_INTERNAL_ -MMD -I. -I.. -I.. -I../../include -I../../include -MP  -Wno-shadow -Wno-unused-parameter -faligned-new -fno-exceptions -DDEFENV_SYSTEMC=\"\" -DDEFENV_SYSTEMC_ARCH=\"\" -DDEFENV_SYSTEMC_INCLUDE=\"\" -DDEFENV_SYSTEMC_LIBDIR=\"\" -DDEFENV_VERILATOR_ROOT=\"/opt/verilator/share/verilator\" -include V3PchAstMT.h -c ../V3VariableOrder.cpp -o V3VariableOrder.o
[rtl-full/Verilator shard 0/5-1             ]   | g++   -Og -ggdb -gz -DVL_DEBUG -D_GLIBCXX_DEBUG -DVERILATOR_INTERNAL_ -MMD -I. -I.. -I.. -I../../include -I../../include -MP  -Wno-shadow -Wno-unused-parameter -faligned-new -fno-exceptions -DDEFENV_SYSTEMC=\"\" -DDEFENV_SYSTEMC_ARCH=\"\" -DDEFENV_SYSTEMC_INCLUDE=\"\" -DDEFENV_SYSTEMC_LIBDIR=\"\" -DDEFENV_VERILATOR_ROOT=\"/opt/verilator/share/verilator\" -include V3PchAstNoMT.h -c ../V3AssertPre.cpp -o V3AssertPre.o
[rtl-full/Verilator shard 1/5-2             ]   | g++   -O3 -DVERILATOR_INTERNAL_ -MMD -I. -I.. -I.. -I../../include -I../../include -MP  -Wno-shadow -Wno-unused-parameter -faligned-new -fno-exceptions -DDEFENV_SYSTEMC=\"\" -DDEFENV_SYSTEMC_ARCH=\"\" -DDEFENV_SYSTEMC_INCLUDE=\"\" -DDEFENV_SYSTEMC_LIBDIR=\"\" -DDEFENV_VERILATOR_ROOT=\"/opt/verilator/share/verilator\" -include V3PchAstNoMT.h -c ../V3Dfg.cpp -o V3Dfg.o
[rtl-full/Verilator shard 2/5-3             ]   | g++   -Og -ggdb -gz -DVL_DEBUG -D_GLIBCXX_DEBUG -DVERILATOR_INTERNAL_ -MMD -I. -I.. -I.. -I../../include -I../../include -MP  -Wno-shadow -Wno-unused-parameter -faligned-new -fno-exceptions -DDEFENV_SYSTEMC=\"\" -DDEFENV_SYSTEMC_ARCH=\"\" -DDEFENV_SYSTEMC_INCLUDE=\"\" -DDEFENV_SYSTEMC_LIBDIR=\"\" -DDEFENV_VERILATOR_ROOT=\"/opt/verilator/share/verilator\" -include V3PchAstNoMT.h -c ../V3EmitCMain.cpp -o V3EmitCMain.o
[rtl-full/Verilator shard 0/5-1             ]   | g++   -Og -ggdb -gz -DVL_DEBUG -D_GLIBCXX_DEBUG -DVERILATOR_INTERNAL_ -MMD -I. -I.. -I.. -I../../include -I../../include -MP  -Wno-shadow -Wno-unused-parameter -faligned-new -fno-exceptions -DDEFENV_SYSTEMC=\"\" -DDEFENV_SYSTEMC_ARCH=\"\" -DDEFENV_SYSTEMC_INCLUDE=\"\" -DDEFENV_SYSTEMC_LIBDIR=\"\" -DDEFENV_VERILATOR_ROOT=\"/opt/verilator/share/verilator\" -include V3PchAstNoMT.h -c ../V3Begin.cpp -o V3Begin.o
[rtl-full/Verilator shard 1/5-2             ]   | g++   -Og -ggdb -gz -DVL_DEBUG -D_GLIBCXX_DEBUG -DVERILATOR_INTERNAL_ -MMD -I. -I.. -I.. -I../../include -I../../include -MP  -Wno-shadow -Wno-unused-parameter -faligned-new -fno-exceptions -DDEFENV_SYSTEMC=\"\" -DDEFENV_SYSTEMC_ARCH=\"\" -DDEFENV_SYSTEMC_INCLUDE=\"\" -DDEFENV_SYSTEMC_LIBDIR=\"\" -DDEFENV_VERILATOR_ROOT=\"/opt/verilator/share/verilator\" -include V3PchAstNoMT.h -c ../V3DfgDataType.cpp -o V3DfgDataType.o
[rtl-full/Verilator shard 2/5-3             ]   | g++   -O3 -DVERILATOR_INTERNAL_ -MMD -I. -I.. -I.. -I../../include -I../../include -MP  -Wno-shadow -Wno-unused-parameter -faligned-new -fno-exceptions -DDEFENV_SYSTEMC=\"\" -DDEFENV_SYSTEMC_ARCH=\"\" -DDEFENV_SYSTEMC_INCLUDE=\"\" -DDEFENV_SYSTEMC_LIBDIR=\"\" -DDEFENV_VERILATOR_ROOT=\"/opt/verilator/share/verilator\" -include V3PchAstNoMT.h -c ../V3Active.cpp -o V3Active.o
[rtl-full/Verilator shard 2/5-3             ]   | g++   -Og -ggdb -gz -DVL_DEBUG -D_GLIBCXX_DEBUG -DVERILATOR_INTERNAL_ -MMD -I. -I.. -I.. -I../../include -I../../include -MP  -Wno-shadow -Wno-unused-parameter -faligned-new -fno-exceptions -DDEFENV_SYSTEMC=\"\" -DDEFENV_SYSTEMC_ARCH=\"\" -DDEFENV_SYSTEMC_INCLUDE=\"\" -DDEFENV_SYSTEMC_LIBDIR=\"\" -DDEFENV_VERILATOR_ROOT=\"/opt/verilator/share/verilator\" -include V3PchAstNoMT.h -c ../V3EmitCModel.cpp -o V3EmitCModel.o
[rtl-full/Verilator shard 1/5-2             ]   | g++   -Og -ggdb -gz -DVL_DEBUG -D_GLIBCXX_DEBUG -DVERILATOR_INTERNAL_ -MMD -I. -I.. -I.. -I../../include -I../../include -MP  -Wno-shadow -Wno-unused-parameter -faligned-new -fno-exceptions -DDEFENV_SYSTEMC=\"\" -DDEFENV_SYSTEMC_ARCH=\"\" -DDEFENV_SYSTEMC_INCLUDE=\"\" -DDEFENV_SYSTEMC_LIBDIR=\"\" -DDEFENV_VERILATOR_ROOT=\"/opt/verilator/share/verilator\" -include V3PchAstNoMT.h -c ../V3DfgDecomposition.cpp -o V3DfgDecomposition.o
[rtl-full/Verilator shard 3/5-4             ]   | g++   -O3 -DVERILATOR_INTERNAL_ -MMD -I. -I.. -I.. -I../../include -I../../include -MP  -Wno-shadow -Wno-unused-parameter -faligned-new -fno-exceptions -DDEFENV_SYSTEMC=\"\" -DDEFENV_SYSTEMC_ARCH=\"\" -DDEFENV_SYSTEMC_INCLUDE=\"\" -DDEFENV_SYSTEMC_LIBDIR=\"\" -DDEFENV_VERILATOR_ROOT=\"/opt/verilator/share/verilator\" -include V3PchAstNoMT.h -c ../V3DfgPasses.cpp -o V3DfgPasses.o
[rtl-full/Verilator shard 3/5-4             ]   | g++   -Og -ggdb -gz -DVL_DEBUG -D_GLIBCXX_DEBUG -DVERILATOR_INTERNAL_ -MMD -I. -I.. -I.. -I../../include -I../../include -MP  -Wno-shadow -Wno-unused-parameter -faligned-new -fno-exceptions -DDEFENV_SYSTEMC=\"\" -DDEFENV_SYSTEMC_ARCH=\"\" -DDEFENV_SYSTEMC_INCLUDE=\"\" -DDEFENV_SYSTEMC_LIBDIR=\"\" -DDEFENV_VERILATOR_ROOT=\"/opt/verilator/share/verilator\" -include V3PchAstNoMT.h -c ../V3DepthBlock.cpp -o V3DepthBlock.o
[rtl-full/Verilator shard 1/5-2             ]   | g++   -O3 -DVERILATOR_INTERNAL_ -MMD -I. -I.. -I.. -I../../include -I../../include -MP  -Wno-shadow -Wno-unused-parameter -faligned-new -fno-exceptions -DDEFENV_SYSTEMC=\"\" -DDEFENV_SYSTEMC_ARCH=\"\" -DDEFENV_SYSTEMC_INCLUDE=\"\" -DDEFENV_SYSTEMC_LIBDIR=\"\" -DDEFENV_VERILATOR_ROOT=\"/opt/verilator/share/verilator\" -include V3PchAstNoMT.h -c ../V3DfgAstToDfg.cpp -o V3DfgAstToDfg.o
[rtl-full/Verilator shard 3/5-4             ]   | g++   -Og -ggdb -gz -DVL_DEBUG -D_GLIBCXX_DEBUG -DVERILATOR_INTERNAL_ -MMD -I. -I.. -I.. -I../../include -I../../include -MP  -Wno-shadow -Wno-unused-parameter -faligned-new -fno-exceptions -DDEFENV_SYSTEMC=\"\" -DDEFENV_SYSTEMC_ARCH=\"\" -DDEFENV_SYSTEMC_INCLUDE=\"\" -DDEFENV_SYSTEMC_LIBDIR=\"\" -DDEFENV_VERILATOR_ROOT=\"/opt/verilator/share/verilator\" -include V3PchAstNoMT.h -c ../V3Descope.cpp -o V3Descope.o
[rtl-full/Verilator shard 0/5-1             ]   | g++   -Og -ggdb -gz -DVL_DEBUG -D_GLIBCXX_DEBUG -DVERILATOR_INTERNAL_ -MMD -I. -I.. -I.. -I../../include -I../../include -MP  -Wno-shadow -Wno-unused-parameter -faligned-new -fno-exceptions -DDEFENV_SYSTEMC=\"\" -DDEFENV_SYSTEMC_ARCH=\"\" -DDEFENV_SYSTEMC_INCLUDE=\"\" -DDEFENV_SYSTEMC_LIBDIR=\"\" -DDEFENV_VERILATOR_ROOT=\"/opt/verilator/share/verilator\" -include V3PchAstNoMT.h -c ../V3Branch.cpp -o V3Branch.o
[rtl-full/Verilator shard 3/5-4             ]   | g++   -O3 -DVERILATOR_INTERNAL_ -MMD -I. -I.. -I.. -I../../include -I../../include -MP  -Wno-shadow -Wno-unused-parameter -faligned-new -fno-exceptions -DDEFENV_SYSTEMC=\"\" -DDEFENV_SYSTEMC_ARCH=\"\" -DDEFENV_SYSTEMC_INCLUDE=\"\" -DDEFENV_SYSTEMC_LIBDIR=\"\" -DDEFENV_VERILATOR_ROOT=\"/opt/verilator/share/verilator\" -include V3PchAstNoMT.h -c ../V3DfgPeephole.cpp -o V3DfgPeephole.o
[rtl-full/Verilator shard 2/5-3             ]   | g++   -O3 -DVERILATOR_INTERNAL_ -MMD -I. -I.. -I.. -I../../include -I../../include -MP  -Wno-shadow -Wno-unused-parameter -faligned-new -fno-exceptions -DDEFENV_SYSTEMC=\"\" -DDEFENV_SYSTEMC_ARCH=\"\" -DDEFENV_SYSTEMC_INCLUDE=\"\" -DDEFENV_SYSTEMC_LIBDIR=\"\" -DDEFENV_VERILATOR_ROOT=\"/opt/verilator/share/verilator\" -include V3PchAstNoMT.h -c ../V3ActiveTop.cpp -o V3ActiveTop.o
[rtl-full/Verilator shard 1/5-2             ]   | g++   -Og -ggdb -gz -DVL_DEBUG -D_GLIBCXX_DEBUG -DVERILATOR_INTERNAL_ -MMD -I. -I.. -I.. -I../../include -I../../include -MP  -Wno-shadow -Wno-unused-parameter -faligned-new -fno-exceptions -DDEFENV_SYSTEMC=\"\" -DDEFENV_SYSTEMC_ARCH=\"\" -DDEFENV_SYSTEMC_INCLUDE=\"\" -DDEFENV_SYSTEMC_LIBDIR=\"\" -DDEFENV_VERILATOR_ROOT=\"/opt/verilator/share/verilator\" -include V3PchAstNoMT.h -c ../V3DfgDfgToAst.cpp -o V3DfgDfgToAst.o
[rtl-full/Verilator shard 2/5-3             ]   | g++   -O3 -DVERILATOR_INTERNAL_ -MMD -I. -I.. -I.. -I../../include -I../../include -MP  -Wno-shadow -Wno-unused-parameter -faligned-new -fno-exceptions -DDEFENV_SYSTEMC=\"\" -DDEFENV_SYSTEMC_ARCH=\"\" -DDEFENV_SYSTEMC_INCLUDE=\"\" -DDEFENV_SYSTEMC_LIBDIR=\"\" -DDEFENV_VERILATOR_ROOT=\"/opt/verilator/share/verilator\" -include V3PchAstNoMT.h -c ../V3Assert.cpp -o V3Assert.o
[rtl-full/Verilator shard 0/5-1             ]   | g++   -O3 -DVERILATOR_INTERNAL_ -MMD -I. -I.. -I.. -I../../include -I../../include -MP  -Wno-shadow -Wno-unused-parameter -faligned-new -fno-exceptions -DDEFENV_SYSTEMC=\"\" -DDEFENV_SYSTEMC_ARCH=\"\" -DDEFENV_SYSTEMC_INCLUDE=\"\" -DDEFENV_SYSTEMC_LIBDIR=\"\" -DDEFENV_VERILATOR_ROOT=\"/opt/verilator/share/verilator\" -include V3PchAstNoMT.h -c ../V3EmitCMain.cpp -o V3EmitCMain.o
[rtl-full/Verilator shard 3/5-4             ]   | g++   -Og -ggdb -gz -DVL_DEBUG -D_GLIBCXX_DEBUG -DVERILATOR_INTERNAL_ -MMD -I. -I.. -I.. -I../../include -I../../include -MP  -Wno-shadow -Wno-unused-parameter -faligned-new -fno-exceptions -DDEFENV_SYSTEMC=\"\" -DDEFENV_SYSTEMC_ARCH=\"\" -DDEFENV_SYSTEMC_INCLUDE=\"\" -DDEFENV_SYSTEMC_LIBDIR=\"\" -DDEFENV_VERILATOR_ROOT=\"/opt/verilator/share/verilator\" -include V3PchAstNoMT.h -c ../V3Dfg.cpp -o V3Dfg.o
[rtl-full/Verilator shard 0/5-1             ]   | g++   -O3 -DVERILATOR_INTERNAL_ -MMD -I. -I.. -I.. -I../../include -I../../include -MP  -Wno-shadow -Wno-unused-parameter -faligned-new -fno-exceptions -DDEFENV_SYSTEMC=\"\" -DDEFENV_SYSTEMC_ARCH=\"\" -DDEFENV_SYSTEMC_INCLUDE=\"\" -DDEFENV_SYSTEMC_LIBDIR=\"\" -DDEFENV_VERILATOR_ROOT=\"/opt/verilator/share/verilator\" -include V3PchAstNoMT.h -c ../V3EmitCModel.cpp -o V3EmitCModel.o
[rtl-full/Verilator shard 0/5-1             ]   | g++   -Og -ggdb -gz -DVL_DEBUG -D_GLIBCXX_DEBUG -DVERILATOR_INTERNAL_ -MMD -I. -I.. -I.. -I../../include -I../../include -MP  -Wno-shadow -Wno-unused-parameter -faligned-new -fno-exceptions -DDEFENV_SYSTEMC=\"\" -DDEFENV_SYSTEMC_ARCH=\"\" -DDEFENV_SYSTEMC_INCLUDE=\"\" -DDEFENV_SYSTEMC_LIBDIR=\"\" -DDEFENV_VERILATOR_ROOT=\"/opt/verilator/share/verilator\" -include V3PchAstNoMT.h -c ../V3CCtors.cpp -o V3CCtors.o
[rtl-full/Verilator shard 1/5-2             ]   | g++   -O3 -DVERILATOR_INTERNAL_ -MMD -I. -I.. -I.. -I../../include -I../../include -MP  -Wno-shadow -Wno-unused-parameter -faligned-new -fno-exceptions -DDEFENV_SYSTEMC=\"\" -DDEFENV_SYSTEMC_ARCH=\"\" -DDEFENV_SYSTEMC_INCLUDE=\"\" -DDEFENV_SYSTEMC_LIBDIR=\"\" -DDEFENV_VERILATOR_ROOT=\"/opt/verilator/share/verilator\" -include V3PchAstNoMT.h -c ../V3DfgBreakCycles.cpp -o V3DfgBreakCycles.o
[rtl-full/Verilator shard 2/5-3             ]   | g++   -O3 -DVERILATOR_INTERNAL_ -MMD -I. -I.. -I.. -I../../include -I../../include -MP  -Wno-shadow -Wno-unused-parameter -faligned-new -fno-exceptions -DDEFENV_SYSTEMC=\"\" -DDEFENV_SYSTEMC_ARCH=\"\" -DDEFENV_SYSTEMC_INCLUDE=\"\" -DDEFENV_SYSTEMC_LIBDIR=\"\" -DDEFENV_VERILATOR_ROOT=\"/opt/verilator/share/verilator\" -include V3PchAstNoMT.h -c ../V3AssertNfa.cpp -o V3AssertNfa.o
[rtl-full/Verilator shard 0/5-1             ]   | g++   -O3 -DVERILATOR_INTERNAL_ -MMD -I. -I.. -I.. -I../../include -I../../include -MP  -Wno-shadow -Wno-unused-parameter -faligned-new -fno-exceptions -DDEFENV_SYSTEMC=\"\" -DDEFENV_SYSTEMC_ARCH=\"\" -DDEFENV_SYSTEMC_INCLUDE=\"\" -DDEFENV_SYSTEMC_LIBDIR=\"\" -DDEFENV_VERILATOR_ROOT=\"/opt/verilator/share/verilator\" -include V3PchAstNoMT.h -c ../V3EmitCSyms.cpp -o V3EmitCSyms.o
[rtl-full/Verilator shard 2/5-3             ]   | g++   -Og -ggdb -gz -DVL_DEBUG -D_GLIBCXX_DEBUG -DVERILATOR_INTERNAL_ -MMD -I. -I.. -I.. -I../../include -I../../include -MP  -Wno-shadow -Wno-unused-parameter -faligned-new -fno-exceptions -DDEFENV_SYSTEMC=\"\" -DDEFENV_SYSTEMC_ARCH=\"\" -DDEFENV_SYSTEMC_INCLUDE=\"\" -DDEFENV_SYSTEMC_LIBDIR=\"\" -DDEFENV_VERILATOR_ROOT=\"/opt/verilator/share/verilator\" -include V3PchAstNoMT.h -c ../V3EmitCSyms.cpp -o V3EmitCSyms.o
[rtl-full/Verilator shard 3/5-4             ]   | g++   -O3 -DVERILATOR_INTERNAL_ -MMD -I. -I.. -I.. -I../../include -I../../include -MP  -Wno-shadow -Wno-unused-parameter -faligned-new -fno-exceptions -DDEFENV_SYSTEMC=\"\" -DDEFENV_SYSTEMC_ARCH=\"\" -DDEFENV_SYSTEMC_INCLUDE=\"\" -DDEFENV_SYSTEMC_LIBDIR=\"\" -DDEFENV_VERILATOR_ROOT=\"/opt/verilator/share/verilator\" -include V3PchAstNoMT.h -c ../V3DfgPushDownSels.cpp -o V3DfgPushDownSels.o
[rtl-full/Verilator shard 0/5-1             ]   | g++   -Og -ggdb -gz -DVL_DEBUG -D_GLIBCXX_DEBUG -DVERILATOR_INTERNAL_ -MMD -I. -I.. -I.. -I../../include -I../../include -MP  -Wno-shadow -Wno-unused-parameter -faligned-new -fno-exceptions -DDEFENV_SYSTEMC=\"\" -DDEFENV_SYSTEMC_ARCH=\"\" -DDEFENV_SYSTEMC_INCLUDE=\"\" -DDEFENV_SYSTEMC_LIBDIR=\"\" -DDEFENV_VERILATOR_ROOT=\"/opt/verilator/share/verilator\" -include V3PchAstNoMT.h -c ../V3CUse.cpp -o V3CUse.o
[rtl-full/Verilator shard 0/5-1             ]   | g++   -O3 -DVERILATOR_INTERNAL_ -MMD -I. -I.. -I.. -I../../include -I../../include -MP  -Wno-shadow -Wno-unused-parameter -faligned-new -fno-exceptions -DDEFENV_SYSTEMC=\"\" -DDEFENV_SYSTEMC_ARCH=\"\" -DDEFENV_SYSTEMC_INCLUDE=\"\" -DDEFENV_SYSTEMC_LIBDIR=\"\" -DDEFENV_VERILATOR_ROOT=\"/opt/verilator/share/verilator\" -include V3PchAstNoMT.h -c ../V3EmitMk.cpp -o V3EmitMk.o
[rtl-full/Verilator shard 1/5-2             ]   | g++   -Og -ggdb -gz -DVL_DEBUG -D_GLIBCXX_DEBUG -DVERILATOR_INTERNAL_ -MMD -I. -I.. -I.. -I../../include -I../../include -MP  -Wno-shadow -Wno-unused-parameter -faligned-new -fno-exceptions -DDEFENV_SYSTEMC=\"\" -DDEFENV_SYSTEMC_ARCH=\"\" -DDEFENV_SYSTEMC_INCLUDE=\"\" -DDEFENV_SYSTEMC_LIBDIR=\"\" -DDEFENV_VERILATOR_ROOT=\"/opt/verilator/share/verilator\" -include V3PchAstNoMT.h -c ../V3DfgOptimizer.cpp -o V3DfgOptimizer.o
[rtl-full/Verilator shard 3/5-4             ]   | g++   -Og -ggdb -gz -DVL_DEBUG -D_GLIBCXX_DEBUG -DVERILATOR_INTERNAL_ -MMD -I. -I.. -I.. -I../../include -I../../include -MP  -Wno-shadow -Wno-unused-parameter -faligned-new -fno-exceptions -DDEFENV_SYSTEMC=\"\" -DDEFENV_SYSTEMC_ARCH=\"\" -DDEFENV_SYSTEMC_INCLUDE=\"\" -DDEFENV_SYSTEMC_LIBDIR=\"\" -DDEFENV_VERILATOR_ROOT=\"/opt/verilator/share/verilator\" -include V3PchAstNoMT.h -c ../V3DfgAstToDfg.cpp -o V3DfgAstToDfg.o
[rtl-full/Verilator shard 1/5-2             ]   | g++   -Og -ggdb -gz -DVL_DEBUG -D_GLIBCXX_DEBUG -DVERILATOR_INTERNAL_ -MMD -I. -I.. -I.. -I../../include -I../../include -MP  -Wno-shadow -Wno-unused-parameter -faligned-new -fno-exceptions -DDEFENV_SYSTEMC=\"\" -DDEFENV_SYSTEMC_ARCH=\"\" -DDEFENV_SYSTEMC_INCLUDE=\"\" -DDEFENV_SYSTEMC_LIBDIR=\"\" -DDEFENV_VERILATOR_ROOT=\"/opt/verilator/share/verilator\" -include V3PchAstNoMT.h -c ../V3DfgPasses.cpp -o V3DfgPasses.o
[rtl-full/Verilator shard 0/5-1             ]   | g++   -Og -ggdb -gz -DVL_DEBUG -D_GLIBCXX_DEBUG -DVERILATOR_INTERNAL_ -MMD -I. -I.. -I.. -I../../include -I../../include -MP  -Wno-shadow -Wno-unused-parameter -faligned-new -fno-exceptions -DDEFENV_SYSTEMC=\"\" -DDEFENV_SYSTEMC_ARCH=\"\" -DDEFENV_SYSTEMC_INCLUDE=\"\" -DDEFENV_SYSTEMC_LIBDIR=\"\" -DDEFENV_VERILATOR_ROOT=\"/opt/verilator/share/verilator\" -include V3PchAstNoMT.h -c ../V3Case.cpp -o V3Case.o
[rtl-full/Verilator shard 2/5-3             ]   | g++   -O3 -DVERILATOR_INTERNAL_ -MMD -I. -I.. -I.. -I../../include -I../../include -MP  -Wno-shadow -Wno-unused-parameter -faligned-new -fno-exceptions -DDEFENV_SYSTEMC=\"\" -DDEFENV_SYSTEMC_ARCH=\"\" -DDEFENV_SYSTEMC_INCLUDE=\"\" -DDEFENV_SYSTEMC_LIBDIR=\"\" -DDEFENV_VERILATOR_ROOT=\"/opt/verilator/share/verilator\" -include V3PchAstNoMT.h -c ../V3AssertPre.cpp -o V3AssertPre.o
[rtl-full/Verilator shard 1/5-2             ]   | g++   -Og -ggdb -gz -DVL_DEBUG -D_GLIBCXX_DEBUG -DVERILATOR_INTERNAL_ -MMD -I. -I.. -I.. -I../../include -I../../include -MP  -Wno-shadow -Wno-unused-parameter -faligned-new -fno-exceptions -DDEFENV_SYSTEMC=\"\" -DDEFENV_SYSTEMC_ARCH=\"\" -DDEFENV_SYSTEMC_INCLUDE=\"\" -DDEFENV_SYSTEMC_LIBDIR=\"\" -DDEFENV_VERILATOR_ROOT=\"/opt/verilator/share/verilator\" -include V3PchAstNoMT.h -c ../V3DfgPeephole.cpp -o V3DfgPeephole.o
[rtl-full/Verilator shard 0/5-1             ]   | g++   -O3 -DVERILATOR_INTERNAL_ -MMD -I. -I.. -I.. -I../../include -I../../include -MP  -Wno-shadow -Wno-unused-parameter -faligned-new -fno-exceptions -DDEFENV_SYSTEMC=\"\" -DDEFENV_SYSTEMC_ARCH=\"\" -DDEFENV_SYSTEMC_INCLUDE=\"\" -DDEFENV_SYSTEMC_LIBDIR=\"\" -DDEFENV_VERILATOR_ROOT=\"/opt/verilator/share/verilator\" -include V3PchAstNoMT.h -c ../V3EmitMkJson.cpp -o V3EmitMkJson.o
[rtl-full/Verilator shard 3/5-4             ]   | g++   -O3 -DVERILATOR_INTERNAL_ -MMD -I. -I.. -I.. -I../../include -I../../include -MP  -Wno-shadow -Wno-unused-parameter -faligned-new -fno-exceptions -DDEFENV_SYSTEMC=\"\" -DDEFENV_SYSTEMC_ARCH=\"\" -DDEFENV_SYSTEMC_INCLUDE=\"\" -DDEFENV_SYSTEMC_LIBDIR=\"\" -DDEFENV_VERILATOR_ROOT=\"/opt/verilator/share/verilator\" -include V3PchAstNoMT.h -c ../V3DfgRegularize.cpp -o V3DfgRegularize.o
[rtl-full/Verilator shard 3/5-4             ]   | g++   -Og -ggdb -gz -DVL_DEBUG -D_GLIBCXX_DEBUG -DVERILATOR_INTERNAL_ -MMD -I. -I.. -I.. -I../../include -I../../include -MP  -Wno-shadow -Wno-unused-parameter -faligned-new -fno-exceptions -DDEFENV_SYSTEMC=\"\" -DDEFENV_SYSTEMC_ARCH=\"\" -DDEFENV_SYSTEMC_INCLUDE=\"\" -DDEFENV_SYSTEMC_LIBDIR=\"\" -DDEFENV_VERILATOR_ROOT=\"/opt/verilator/share/verilator\" -include V3PchAstNoMT.h -c ../V3DfgBreakCycles.cpp -o V3DfgBreakCycles.o
[rtl-full/Verilator shard 2/5-3             ]   | g++   -Og -ggdb -gz -DVL_DEBUG -D_GLIBCXX_DEBUG -DVERILATOR_INTERNAL_ -MMD -I. -I.. -I.. -I../../include -I../../include -MP  -Wno-shadow -Wno-unused-parameter -faligned-new -fno-exceptions -DDEFENV_SYSTEMC=\"\" -DDEFENV_SYSTEMC_ARCH=\"\" -DDEFENV_SYSTEMC_INCLUDE=\"\" -DDEFENV_SYSTEMC_LIBDIR=\"\" -DDEFENV_VERILATOR_ROOT=\"/opt/verilator/share/verilator\" -include V3PchAstNoMT.h -c ../V3EmitMk.cpp -o V3EmitMk.o
[rtl-full/Verilator shard 1/5-2             ]   | g++   -O3 -DVERILATOR_INTERNAL_ -MMD -I. -I.. -I.. -I../../include -I../../include -MP  -Wno-shadow -Wno-unused-parameter -faligned-new -fno-exceptions -DDEFENV_SYSTEMC=\"\" -DDEFENV_SYSTEMC_ARCH=\"\" -DDEFENV_SYSTEMC_INCLUDE=\"\" -DDEFENV_SYSTEMC_LIBDIR=\"\" -DDEFENV_VERILATOR_ROOT=\"/opt/verilator/share/verilator\" -include V3PchAstNoMT.h -c ../V3DfgColorSCCs.cpp -o V3DfgColorSCCs.o
[rtl-full/Verilator shard 0/5-1             ]   | g++   -Og -ggdb -gz -DVL_DEBUG -D_GLIBCXX_DEBUG -DVERILATOR_INTERNAL_ -MMD -I. -I.. -I.. -I../../include -I../../include -MP  -Wno-shadow -Wno-unused-parameter -faligned-new -fno-exceptions -DDEFENV_SYSTEMC=\"\" -DDEFENV_SYSTEMC_ARCH=\"\" -DDEFENV_SYSTEMC_INCLUDE=\"\" -DDEFENV_SYSTEMC_LIBDIR=\"\" -DDEFENV_VERILATOR_ROOT=\"/opt/verilator/share/verilator\" -include V3PchAstNoMT.h -c ../V3Cast.cpp -o V3Cast.o
[rtl-full/Verilator shard 0/5-1             ]   | g++   -O3 -DVERILATOR_INTERNAL_ -MMD -I. -I.. -I.. -I../../include -I../../include -MP  -Wno-shadow -Wno-unused-parameter -faligned-new -fno-exceptions -DDEFENV_SYSTEMC=\"\" -DDEFENV_SYSTEMC_ARCH=\"\" -DDEFENV_SYSTEMC_INCLUDE=\"\" -DDEFENV_SYSTEMC_LIBDIR=\"\" -DDEFENV_VERILATOR_ROOT=\"/opt/verilator/share/verilator\" -include V3PchAstNoMT.h -c ../V3ExecGraph.cpp -o V3ExecGraph.o
[rtl-full/Verilator shard 0/5-1             ]   | g++   -O3 -DVERILATOR_INTERNAL_ -MMD -I. -I.. -I.. -I../../include -I../../include -MP  -Wno-shadow -Wno-unused-parameter -faligned-new -fno-exceptions -DDEFENV_SYSTEMC=\"\" -DDEFENV_SYSTEMC_ARCH=\"\" -DDEFENV_SYSTEMC_INCLUDE=\"\" -DDEFENV_SYSTEMC_LIBDIR=\"\" -DDEFENV_VERILATOR_ROOT=\"/opt/verilator/share/verilator\" -include V3PchAstNoMT.h -c ../V3Expand.cpp -o V3Expand.o
[rtl-full/Verilator shard 1/5-2             ]   | g++   -O3 -DVERILATOR_INTERNAL_ -MMD -I. -I.. -I.. -I../../include -I../../include -MP  -Wno-shadow -Wno-unused-parameter -faligned-new -fno-exceptions -DDEFENV_SYSTEMC=\"\" -DDEFENV_SYSTEMC_ARCH=\"\" -DDEFENV_SYSTEMC_INCLUDE=\"\" -DDEFENV_SYSTEMC_LIBDIR=\"\" -DDEFENV_VERILATOR_ROOT=\"/opt/verilator/share/verilator\" -include V3PchAstNoMT.h -c ../V3DfgCse.cpp -o V3DfgCse.o
[rtl-full/Verilator shard 1/5-2             ]   | g++   -O3 -DVERILATOR_INTERNAL_ -MMD -I. -I.. -I.. -I../../include -I../../include -MP  -Wno-shadow -Wno-unused-parameter -faligned-new -fno-exceptions -DDEFENV_SYSTEMC=\"\" -DDEFENV_SYSTEMC_ARCH=\"\" -DDEFENV_SYSTEMC_INCLUDE=\"\" -DDEFENV_SYSTEMC_LIBDIR=\"\" -DDEFENV_VERILATOR_ROOT=\"/opt/verilator/share/verilator\" -include V3PchAstNoMT.h -c ../V3DfgDataType.cpp -o V3DfgDataType.o
[rtl-full/Verilator shard 2/5-3             ]   | g++   -O3 -DVERILATOR_INTERNAL_ -MMD -I. -I.. -I.. -I../../include -I../../include -MP  -Wno-shadow -Wno-unused-parameter -faligned-new -fno-exceptions -DDEFENV_SYSTEMC=\"\" -DDEFENV_SYSTEMC_ARCH=\"\" -DDEFENV_SYSTEMC_INCLUDE=\"\" -DDEFENV_SYSTEMC_LIBDIR=\"\" -DDEFENV_VERILATOR_ROOT=\"/opt/verilator/share/verilator\" -include V3PchAstNoMT.h -c ../V3Begin.cpp -o V3Begin.o
[rtl-full/Verilator shard 1/5-2             ]   | g++   -Og -ggdb -gz -DVL_DEBUG -D_GLIBCXX_DEBUG -DVERILATOR_INTERNAL_ -MMD -I. -I.. -I.. -I../../include -I../../include -MP  -Wno-shadow -Wno-unused-parameter -faligned-new -fno-exceptions -DDEFENV_SYSTEMC=\"\" -DDEFENV_SYSTEMC_ARCH=\"\" -DDEFENV_SYSTEMC_INCLUDE=\"\" -DDEFENV_SYSTEMC_LIBDIR=\"\" -DDEFENV_VERILATOR_ROOT=\"/opt/verilator/share/verilator\" -include V3PchAstNoMT.h -c ../V3DfgPushDownSels.cpp -o V3DfgPushDownSels.o
[rtl-full/Verilator shard 3/5-4             ]   | g++   -O3 -DVERILATOR_INTERNAL_ -MMD -I. -I.. -I.. -I../../include -I../../include -MP  -Wno-shadow -Wno-unused-parameter -faligned-new -fno-exceptions -DDEFENV_SYSTEMC=\"\" -DDEFENV_SYSTEMC_ARCH=\"\" -DDEFENV_SYSTEMC_INCLUDE=\"\" -DDEFENV_SYSTEMC_LIBDIR=\"\" -DDEFENV_VERILATOR_ROOT=\"/opt/verilator/share/verilator\" -include V3PchAstNoMT.h -c ../V3DfgSynthesize.cpp -o V3DfgSynthesize.o
[rtl-full/Verilator shard 0/5-1             ]   | g++   -O3 -DVERILATOR_INTERNAL_ -MMD -I. -I.. -I.. -I../../include -I../../include -MP  -Wno-shadow -Wno-unused-parameter -faligned-new -fno-exceptions -DDEFENV_SYSTEMC=\"\" -DDEFENV_SYSTEMC_ARCH=\"\" -DDEFENV_SYSTEMC_INCLUDE=\"\" -DDEFENV_SYSTEMC_LIBDIR=\"\" -DDEFENV_VERILATOR_ROOT=\"/opt/verilator/share/verilator\" -include V3PchAstNoMT.h -c ../V3Force.cpp -o V3Force.o
[rtl-full/Verilator shard 2/5-3             ]   | g++   -O3 -DVERILATOR_INTERNAL_ -MMD -I. -I.. -I.. -I../../include -I../../include -MP  -Wno-shadow -Wno-unused-parameter -faligned-new -fno-exceptions -DDEFENV_SYSTEMC=\"\" -DDEFENV_SYSTEMC_ARCH=\"\" -DDEFENV_SYSTEMC_INCLUDE=\"\" -DDEFENV_SYSTEMC_LIBDIR=\"\" -DDEFENV_VERILATOR_ROOT=\"/opt/verilator/share/verilator\" -include V3PchAstNoMT.h -c ../V3Branch.cpp -o V3Branch.o
[rtl-full/Verilator shard 1/5-2             ]   | g++   -O3 -DVERILATOR_INTERNAL_ -MMD -I. -I.. -I.. -I../../include -I../../include -MP  -Wno-shadow -Wno-unused-parameter -faligned-new -fno-exceptions -DDEFENV_SYSTEMC=\"\" -DDEFENV_SYSTEMC_ARCH=\"\" -DDEFENV_SYSTEMC_INCLUDE=\"\" -DDEFENV_SYSTEMC_LIBDIR=\"\" -DDEFENV_VERILATOR_ROOT=\"/opt/verilator/share/verilator\" -include V3PchAstNoMT.h -c ../V3DfgDecomposition.cpp -o V3DfgDecomposition.o
[rtl-full/Verilator shard 0/5-1             ]   | g++   -Og -ggdb -gz -DVL_DEBUG -D_GLIBCXX_DEBUG -DVERILATOR_INTERNAL_ -MMD -I. -I.. -I.. -I../../include -I../../include -MP  -Wno-shadow -Wno-unused-parameter -faligned-new -fno-exceptions -DDEFENV_SYSTEMC=\"\" -DDEFENV_SYSTEMC_ARCH=\"\" -DDEFENV_SYSTEMC_INCLUDE=\"\" -DDEFENV_SYSTEMC_LIBDIR=\"\" -DDEFENV_VERILATOR_ROOT=\"/opt/verilator/share/verilator\" -include V3PchAstNoMT.h -c ../V3Cfg.cpp -o V3Cfg.o
[rtl-full/Verilator shard 2/5-3             ]   | g++   -O3 -DVERILATOR_INTERNAL_ -MMD -I. -I.. -I.. -I../../include -I../../include -MP  -Wno-shadow -Wno-unused-parameter -faligned-new -fno-exceptions -DDEFENV_SYSTEMC=\"\" -DDEFENV_SYSTEMC_ARCH=\"\" -DDEFENV_SYSTEMC_INCLUDE=\"\" -DDEFENV_SYSTEMC_LIBDIR=\"\" -DDEFENV_VERILATOR_ROOT=\"/opt/verilator/share/verilator\" -include V3PchAstNoMT.h -c ../V3CCtors.cpp -o V3CCtors.o
[rtl-full/Verilator shard 2/5-3             ]   | g++   -Og -ggdb -gz -DVL_DEBUG -D_GLIBCXX_DEBUG -DVERILATOR_INTERNAL_ -MMD -I. -I.. -I.. -I../../include -I../../include -MP  -Wno-shadow -Wno-unused-parameter -faligned-new -fno-exceptions -DDEFENV_SYSTEMC=\"\" -DDEFENV_SYSTEMC_ARCH=\"\" -DDEFENV_SYSTEMC_INCLUDE=\"\" -DDEFENV_SYSTEMC_LIBDIR=\"\" -DDEFENV_VERILATOR_ROOT=\"/opt/verilator/share/verilator\" -include V3PchAstNoMT.h -c ../V3EmitMkJson.cpp -o V3EmitMkJson.o
[rtl-full/Verilator shard 1/5-2             ]   | g++   -O3 -DVERILATOR_INTERNAL_ -MMD -I. -I.. -I.. -I../../include -I../../include -MP  -Wno-shadow -Wno-unused-parameter -faligned-new -fno-exceptions -DDEFENV_SYSTEMC=\"\" -DDEFENV_SYSTEMC_ARCH=\"\" -DDEFENV_SYSTEMC_INCLUDE=\"\" -DDEFENV_SYSTEMC_LIBDIR=\"\" -DDEFENV_VERILATOR_ROOT=\"/opt/verilator/share/verilator\" -include V3PchAstNoMT.h -c ../V3DfgDfgToAst.cpp -o V3DfgDfgToAst.o
[rtl-full/Verilator shard 0/5-1             ]   | g++   -O3 -DVERILATOR_INTERNAL_ -MMD -I. -I.. -I.. -I../../include -I../../include -MP  -Wno-shadow -Wno-unused-parameter -faligned-new -fno-exceptions -DDEFENV_SYSTEMC=\"\" -DDEFENV_SYSTEMC_ARCH=\"\" -DDEFENV_SYSTEMC_INCLUDE=\"\" -DDEFENV_SYSTEMC_LIBDIR=\"\" -DDEFENV_VERILATOR_ROOT=\"/opt/verilator/share/verilator\" -include V3PchAstNoMT.h -c ../V3FsmDetect.cpp -o V3FsmDetect.o
[rtl-full/Verilator shard 2/5-3             ]   | g++   -Og -ggdb -gz -DVL_DEBUG -D_GLIBCXX_DEBUG -DVERILATOR_INTERNAL_ -MMD -I. -I.. -I.. -I../../include -I../../include -MP  -Wno-shadow -Wno-unused-parameter -faligned-new -fno-exceptions -DDEFENV_SYSTEMC=\"\" -DDEFENV_SYSTEMC_ARCH=\"\" -DDEFENV_SYSTEMC_INCLUDE=\"\" -DDEFENV_SYSTEMC_LIBDIR=\"\" -DDEFENV_VERILATOR_ROOT=\"/opt/verilator/share/verilator\" -include V3PchAstNoMT.h -c ../V3ExecGraph.cpp -o V3ExecGraph.o
[rtl-full/Verilator shard 2/5-3             ]   | g++   -O3 -DVERILATOR_INTERNAL_ -MMD -I. -I.. -I.. -I../../include -I../../include -MP  -Wno-shadow -Wno-unused-parameter -faligned-new -fno-exceptions -DDEFENV_SYSTEMC=\"\" -DDEFENV_SYSTEMC_ARCH=\"\" -DDEFENV_SYSTEMC_INCLUDE=\"\" -DDEFENV_SYSTEMC_LIBDIR=\"\" -DDEFENV_VERILATOR_ROOT=\"/opt/verilator/share/verilator\" -include V3PchAstNoMT.h -c ../V3CUse.cpp -o V3CUse.o
[rtl-full/Verilator shard 3/5-4             ]   | g++   -O3 -DVERILATOR_INTERNAL_ -MMD -I. -I.. -I.. -I../../include -I../../include -MP  -Wno-shadow -Wno-unused-parameter -faligned-new -fno-exceptions -DDEFENV_SYSTEMC=\"\" -DDEFENV_SYSTEMC_ARCH=\"\" -DDEFENV_SYSTEMC_INCLUDE=\"\" -DDEFENV_SYSTEMC_LIBDIR=\"\" -DDEFENV_VERILATOR_ROOT=\"/opt/verilator/share/verilator\" -include V3PchAstNoMT.h -c ../V3DiagSarif.cpp -o V3DiagSarif.o
[rtl-full/Verilator shard 0/5-1             ]   | g++   -Og -ggdb -gz -DVL_DEBUG -D_GLIBCXX_DEBUG -DVERILATOR_INTERNAL_ -MMD -I. -I.. -I.. -I../../include -I../../include -MP  -Wno-shadow -Wno-unused-parameter -faligned-new -fno-exceptions -DDEFENV_SYSTEMC=\"\" -DDEFENV_SYSTEMC_ARCH=\"\" -DDEFENV_SYSTEMC_INCLUDE=\"\" -DDEFENV_SYSTEMC_LIBDIR=\"\" -DDEFENV_VERILATOR_ROOT=\"/opt/verilator/share/verilator\" -include V3PchAstNoMT.h -c ../V3CfgBuilder.cpp -o V3CfgBuilder.o
[rtl-full/Verilator shard 0/5-1             ]   | g++   -O3 -DVERILATOR_INTERNAL_ -MMD -I. -I.. -I.. -I../../include -I../../include -MP  -Wno-shadow -Wno-unused-parameter -faligned-new -fno-exceptions -DDEFENV_SYSTEMC=\"\" -DDEFENV_SYSTEMC_ARCH=\"\" -DDEFENV_SYSTEMC_INCLUDE=\"\" -DDEFENV_SYSTEMC_LIBDIR=\"\" -DDEFENV_VERILATOR_ROOT=\"/opt/verilator/share/verilator\" -include V3PchAstNoMT.h -c ../V3Fork.cpp -o V3Fork.o
[rtl-full/Verilator shard 3/5-4             ]   | g++   -Og -ggdb -gz -DVL_DEBUG -D_GLIBCXX_DEBUG -DVERILATOR_INTERNAL_ -MMD -I. -I.. -I.. -I../../include -I../../include -MP  -Wno-shadow -Wno-unused-parameter -faligned-new -fno-exceptions -DDEFENV_SYSTEMC=\"\" -DDEFENV_SYSTEMC_ARCH=\"\" -DDEFENV_SYSTEMC_INCLUDE=\"\" -DDEFENV_SYSTEMC_LIBDIR=\"\" -DDEFENV_VERILATOR_ROOT=\"/opt/verilator/share/verilator\" -include V3PchAstNoMT.h -c ../V3DfgColorSCCs.cpp -o V3DfgColorSCCs.o
[rtl-full/Verilator shard 2/5-3             ]   | g++   -O3 -DVERILATOR_INTERNAL_ -MMD -I. -I.. -I.. -I../../include -I../../include -MP  -Wno-shadow -Wno-unused-parameter -faligned-new -fno-exceptions -DDEFENV_SYSTEMC=\"\" -DDEFENV_SYSTEMC_ARCH=\"\" -DDEFENV_SYSTEMC_INCLUDE=\"\" -DDEFENV_SYSTEMC_LIBDIR=\"\" -DDEFENV_VERILATOR_ROOT=\"/opt/verilator/share/verilator\" -include V3PchAstNoMT.h -c ../V3Case.cpp -o V3Case.o
[rtl-full/Verilator shard 1/5-2             ]   | g++   -Og -ggdb -gz -DVL_DEBUG -D_GLIBCXX_DEBUG -DVERILATOR_INTERNAL_ -MMD -I. -I.. -I.. -I../../include -I../../include -MP  -Wno-shadow -Wno-unused-parameter -faligned-new -fno-exceptions -DDEFENV_SYSTEMC=\"\" -DDEFENV_SYSTEMC_ARCH=\"\" -DDEFENV_SYSTEMC_INCLUDE=\"\" -DDEFENV_SYSTEMC_LIBDIR=\"\" -DDEFENV_VERILATOR_ROOT=\"/opt/verilator/share/verilator\" -include V3PchAstNoMT.h -c ../V3DfgRegularize.cpp -o V3DfgRegularize.o
[rtl-full/Verilator shard 2/5-3             ]   | g++   -O3 -DVERILATOR_INTERNAL_ -MMD -I. -I.. -I.. -I../../include -I../../include -MP  -Wno-shadow -Wno-unused-parameter -faligned-new -fno-exceptions -DDEFENV_SYSTEMC=\"\" -DDEFENV_SYSTEMC_ARCH=\"\" -DDEFENV_SYSTEMC_INCLUDE=\"\" -DDEFENV_SYSTEMC_LIBDIR=\"\" -DDEFENV_VERILATOR_ROOT=\"/opt/verilator/share/verilator\" -include V3PchAstNoMT.h -c ../V3Cast.cpp -o V3Cast.o
[rtl-full/Verilator shard 2/5-3             ]   | g++   -Og -ggdb -gz -DVL_DEBUG -D_GLIBCXX_DEBUG -DVERILATOR_INTERNAL_ -MMD -I. -I.. -I.. -I../../include -I../../include -MP  -Wno-shadow -Wno-unused-parameter -faligned-new -fno-exceptions -DDEFENV_SYSTEMC=\"\" -DDEFENV_SYSTEMC_ARCH=\"\" -DDEFENV_SYSTEMC_INCLUDE=\"\" -DDEFENV_SYSTEMC_LIBDIR=\"\" -DDEFENV_VERILATOR_ROOT=\"/opt/verilator/share/verilator\" -include V3PchAstNoMT.h -c ../V3Expand.cpp -o V3Expand.o
[rtl-full/Verilator shard 1/5-2             ]   | g++   -O3 -DVERILATOR_INTERNAL_ -MMD -I. -I.. -I.. -I../../include -I../../include -MP  -Wno-shadow -Wno-unused-parameter -faligned-new -fno-exceptions -DDEFENV_SYSTEMC=\"\" -DDEFENV_SYSTEMC_ARCH=\"\" -DDEFENV_SYSTEMC_INCLUDE=\"\" -DDEFENV_SYSTEMC_LIBDIR=\"\" -DDEFENV_VERILATOR_ROOT=\"/opt/verilator/share/verilator\" -include V3PchAstNoMT.h -c ../V3DfgOptimizer.cpp -o V3DfgOptimizer.o
[rtl-full/Verilator shard 0/5-1             ]   | g++   -O3 -DVERILATOR_INTERNAL_ -MMD -I. -I.. -I.. -I../../include -I../../include -MP  -Wno-shadow -Wno-unused-parameter -faligned-new -fno-exceptions -DDEFENV_SYSTEMC=\"\" -DDEFENV_SYSTEMC_ARCH=\"\" -DDEFENV_SYSTEMC_INCLUDE=\"\" -DDEFENV_SYSTEMC_LIBDIR=\"\" -DDEFENV_VERILATOR_ROOT=\"/opt/verilator/share/verilator\" -include V3PchAstNoMT.h -c ../V3Gate.cpp -o V3Gate.o
[rtl-full/Verilator shard 1/5-2             ]   | g++   -O3 -DVERILATOR_INTERNAL_ -MMD -I. -I.. -I.. -I../../include -I../../include -MP  -Wno-shadow -Wno-unused-parameter -faligned-new -fno-exceptions -DDEFENV_SYSTEMC=\"\" -DDEFENV_SYSTEMC_ARCH=\"\" -DDEFENV_SYSTEMC_INCLUDE=\"\" -DDEFENV_SYSTEMC_LIBDIR=\"\" -DDEFENV_VERILATOR_ROOT=\"/opt/verilator/share/verilator\" -include V3PchAstNoMT.h -c ../V3DfgPasses.cpp -o V3DfgPasses.o
[rtl-full/Verilator shard 3/5-4             ]   | g++   -O3 -DVERILATOR_INTERNAL_ -MMD -I. -I.. -I.. -I../../include -I../../include -MP  -Wno-shadow -Wno-unused-parameter -faligned-new -fno-exceptions -DDEFENV_SYSTEMC=\"\" -DDEFENV_SYSTEMC_ARCH=\"\" -DDEFENV_SYSTEMC_INCLUDE=\"\" -DDEFENV_SYSTEMC_LIBDIR=\"\" -DDEFENV_VERILATOR_ROOT=\"/opt/verilator/share/verilator\" -include V3PchAstNoMT.h -c ../V3DupFinder.cpp -o V3DupFinder.o
[rtl-full/Verilator shard 0/5-1             ]   | g++   -Og -ggdb -gz -DVL_DEBUG -D_GLIBCXX_DEBUG -DVERILATOR_INTERNAL_ -MMD -I. -I.. -I.. -I../../include -I../../include -MP  -Wno-shadow -Wno-unused-parameter -faligned-new -fno-exceptions -DDEFENV_SYSTEMC=\"\" -DDEFENV_SYSTEMC_ARCH=\"\" -DDEFENV_SYSTEMC_INCLUDE=\"\" -DDEFENV_SYSTEMC_LIBDIR=\"\" -DDEFENV_VERILATOR_ROOT=\"/opt/verilator/share/verilator\" -include V3PchAstNoMT.h -c ../V3CfgLiveVariables.cpp -o V3CfgLiveVariables.o
[rtl-full/Verilator shard 3/5-4             ]   | g++   -Og -ggdb -gz -DVL_DEBUG -D_GLIBCXX_DEBUG -DVERILATOR_INTERNAL_ -MMD -I. -I.. -I.. -I../../include -I../../include -MP  -Wno-shadow -Wno-unused-parameter -faligned-new -fno-exceptions -DDEFENV_SYSTEMC=\"\" -DDEFENV_SYSTEMC_ARCH=\"\" -DDEFENV_SYSTEMC_INCLUDE=\"\" -DDEFENV_SYSTEMC_LIBDIR=\"\" -DDEFENV_VERILATOR_ROOT=\"/opt/verilator/share/verilator\" -include V3PchAstNoMT.h -c ../V3DfgCse.cpp -o V3DfgCse.o
[rtl-full/Verilator shard 3/5-4             ]   | g++   -Og -ggdb -gz -DVL_DEBUG -D_GLIBCXX_DEBUG -DVERILATOR_INTERNAL_ -MMD -I. -I.. -I.. -I../../include -I../../include -MP  -Wno-shadow -Wno-unused-parameter -faligned-new -fno-exceptions -DDEFENV_SYSTEMC=\"\" -DDEFENV_SYSTEMC_ARCH=\"\" -DDEFENV_SYSTEMC_INCLUDE=\"\" -DDEFENV_SYSTEMC_LIBDIR=\"\" -DDEFENV_VERILATOR_ROOT=\"/opt/verilator/share/verilator\" -include V3PchAstNoMT.h -c ../V3DfgDataType.cpp -o V3DfgDataType.o
[rtl-full/Verilator shard 2/5-3             ]   | g++   -O3 -DVERILATOR_INTERNAL_ -MMD -I. -I.. -I.. -I../../include -I../../include -MP  -Wno-shadow -Wno-unused-parameter -faligned-new -fno-exceptions -DDEFENV_SYSTEMC=\"\" -DDEFENV_SYSTEMC_ARCH=\"\" -DDEFENV_SYSTEMC_INCLUDE=\"\" -DDEFENV_SYSTEMC_LIBDIR=\"\" -DDEFENV_VERILATOR_ROOT=\"/opt/verilator/share/verilator\" -include V3PchAstNoMT.h -c ../V3Cfg.cpp -o V3Cfg.o
[rtl-full/Verilator shard 0/5-1             ]   | g++   -O3 -DVERILATOR_INTERNAL_ -MMD -I. -I.. -I.. -I../../include -I../../include -MP  -Wno-shadow -Wno-unused-parameter -faligned-new -fno-exceptions -DDEFENV_SYSTEMC=\"\" -DDEFENV_SYSTEMC_ARCH=\"\" -DDEFENV_SYSTEMC_INCLUDE=\"\" -DDEFENV_SYSTEMC_LIBDIR=\"\" -DDEFENV_VERILATOR_ROOT=\"/opt/verilator/share/verilator\" -include V3PchAstNoMT.h -c ../V3HierBlock.cpp -o V3HierBlock.o
[rtl-full/Verilator shard 1/5-2             ]   | g++   -Og -ggdb -gz -DVL_DEBUG -D_GLIBCXX_DEBUG -DVERILATOR_INTERNAL_ -MMD -I. -I.. -I.. -I../../include -I../../include -MP  -Wno-shadow -Wno-unused-parameter -faligned-new -fno-exceptions -DDEFENV_SYSTEMC=\"\" -DDEFENV_SYSTEMC_ARCH=\"\" -DDEFENV_SYSTEMC_INCLUDE=\"\" -DDEFENV_SYSTEMC_LIBDIR=\"\" -DDEFENV_VERILATOR_ROOT=\"/opt/verilator/share/verilator\" -include V3PchAstNoMT.h -c ../V3DfgSynthesize.cpp -o V3DfgSynthesize.o
[rtl-full/Verilator shard 1/5-2             ]   | g++   -Og -ggdb -gz -DVL_DEBUG -D_GLIBCXX_DEBUG -DVERILATOR_INTERNAL_ -MMD -I. -I.. -I.. -I../../include -I../../include -MP  -Wno-shadow -Wno-unused-parameter -faligned-new -fno-exceptions -DDEFENV_SYSTEMC=\"\" -DDEFENV_SYSTEMC_ARCH=\"\" -DDEFENV_SYSTEMC_INCLUDE=\"\" -DDEFENV_SYSTEMC_LIBDIR=\"\" -DDEFENV_VERILATOR_ROOT=\"/opt/verilator/share/verilator\" -include V3PchAstNoMT.h -c ../V3DiagSarif.cpp -o V3DiagSarif.o
[rtl-full/Verilator shard 2/5-3             ]   | g++   -Og -ggdb -gz -DVL_DEBUG -D_GLIBCXX_DEBUG -DVERILATOR_INTERNAL_ -MMD -I. -I.. -I.. -I../../include -I../../include -MP  -Wno-shadow -Wno-unused-parameter -faligned-new -fno-exceptions -DDEFENV_SYSTEMC=\"\" -DDEFENV_SYSTEMC_ARCH=\"\" -DDEFENV_SYSTEMC_INCLUDE=\"\" -DDEFENV_SYSTEMC_LIBDIR=\"\" -DDEFENV_VERILATOR_ROOT=\"/opt/verilator/share/verilator\" -include V3PchAstNoMT.h -c ../V3Force.cpp -o V3Force.o
[rtl-full/Verilator shard 3/5-4             ]   | g++   -O3 -DVERILATOR_INTERNAL_ -MMD -I. -I.. -I.. -I../../include -I../../include -MP  -Wno-shadow -Wno-unused-parameter -faligned-new -fno-exceptions -DDEFENV_SYSTEMC=\"\" -DDEFENV_SYSTEMC_ARCH=\"\" -DDEFENV_SYSTEMC_INCLUDE=\"\" -DDEFENV_SYSTEMC_LIBDIR=\"\" -DDEFENV_VERILATOR_ROOT=\"/opt/verilator/share/verilator\" -include V3PchAstNoMT.h -c ../V3EmitCMain.cpp -o V3EmitCMain.o
[rtl-full/Verilator shard 2/5-3             ]   | g++   -O3 -DVERILATOR_INTERNAL_ -MMD -I. -I.. -I.. -I../../include -I../../include -MP  -Wno-shadow -Wno-unused-parameter -faligned-new -fno-exceptions -DDEFENV_SYSTEMC=\"\" -DDEFENV_SYSTEMC_ARCH=\"\" -DDEFENV_SYSTEMC_INCLUDE=\"\" -DDEFENV_SYSTEMC_LIBDIR=\"\" -DDEFENV_VERILATOR_ROOT=\"/opt/verilator/share/verilator\" -include V3PchAstNoMT.h -c ../V3CfgBuilder.cpp -o V3CfgBuilder.o
[rtl-full/Verilator shard 1/5-2             ]   | g++   -O3 -DVERILATOR_INTERNAL_ -MMD -I. -I.. -I.. -I../../include -I../../include -MP  -Wno-shadow -Wno-unused-parameter -faligned-new -fno-exceptions -DDEFENV_SYSTEMC=\"\" -DDEFENV_SYSTEMC_ARCH=\"\" -DDEFENV_SYSTEMC_INCLUDE=\"\" -DDEFENV_SYSTEMC_LIBDIR=\"\" -DDEFENV_VERILATOR_ROOT=\"/opt/verilator/share/verilator\" -include V3PchAstNoMT.h -c ../V3DfgPeephole.cpp -o V3DfgPeephole.o
[rtl-full/Verilator shard 3/5-4             ]   | g++   -Og -ggdb -gz -DVL_DEBUG -D_GLIBCXX_DEBUG -DVERILATOR_INTERNAL_ -MMD -I. -I.. -I.. -I../../include -I../../include -MP  -Wno-shadow -Wno-unused-parameter -faligned-new -fno-exceptions -DDEFENV_SYSTEMC=\"\" -DDEFENV_SYSTEMC_ARCH=\"\" -DDEFENV_SYSTEMC_INCLUDE=\"\" -DDEFENV_SYSTEMC_LIBDIR=\"\" -DDEFENV_VERILATOR_ROOT=\"/opt/verilator/share/verilator\" -include V3PchAstNoMT.h -c ../V3DfgDecomposition.cpp -o V3DfgDecomposition.o
[rtl-full/Verilator shard 2/5-3             ]   | g++   -Og -ggdb -gz -DVL_DEBUG -D_GLIBCXX_DEBUG -DVERILATOR_INTERNAL_ -MMD -I. -I.. -I.. -I../../include -I../../include -MP  -Wno-shadow -Wno-unused-parameter -faligned-new -fno-exceptions -DDEFENV_SYSTEMC=\"\" -DDEFENV_SYSTEMC_ARCH=\"\" -DDEFENV_SYSTEMC_INCLUDE=\"\" -DDEFENV_SYSTEMC_LIBDIR=\"\" -DDEFENV_VERILATOR_ROOT=\"/opt/verilator/share/verilator\" -include V3PchAstNoMT.h -c ../V3FsmDetect.cpp -o V3FsmDetect.o
[rtl-full/Verilator shard 3/5-4             ]   | g++   -O3 -DVERILATOR_INTERNAL_ -MMD -I. -I.. -I.. -I../../include -I../../include -MP  -Wno-shadow -Wno-unused-parameter -faligned-new -fno-exceptions -DDEFENV_SYSTEMC=\"\" -DDEFENV_SYSTEMC_ARCH=\"\" -DDEFENV_SYSTEMC_INCLUDE=\"\" -DDEFENV_SYSTEMC_LIBDIR=\"\" -DDEFENV_VERILATOR_ROOT=\"/opt/verilator/share/verilator\" -include V3PchAstNoMT.h -c ../V3EmitCModel.cpp -o V3EmitCModel.o
[rtl-full/Verilator shard 0/5-1             ]   | g++   -Og -ggdb -gz -DVL_DEBUG -D_GLIBCXX_DEBUG -DVERILATOR_INTERNAL_ -MMD -I. -I.. -I.. -I../../include -I../../include -MP  -Wno-shadow -Wno-unused-parameter -faligned-new -fno-exceptions -DDEFENV_SYSTEMC=\"\" -DDEFENV_SYSTEMC_ARCH=\"\" -DDEFENV_SYSTEMC_INCLUDE=\"\" -DDEFENV_SYSTEMC_LIBDIR=\"\" -DDEFENV_VERILATOR_ROOT=\"/opt/verilator/share/verilator\" -include V3PchAstNoMT.h -c ../V3Class.cpp -o V3Class.o
[rtl-full/Verilator shard 3/5-4             ]   | g++   -Og -ggdb -gz -DVL_DEBUG -D_GLIBCXX_DEBUG -DVERILATOR_INTERNAL_ -MMD -I. -I.. -I.. -I../../include -I../../include -MP  -Wno-shadow -Wno-unused-parameter -faligned-new -fno-exceptions -DDEFENV_SYSTEMC=\"\" -DDEFENV_SYSTEMC_ARCH=\"\" -DDEFENV_SYSTEMC_INCLUDE=\"\" -DDEFENV_SYSTEMC_LIBDIR=\"\" -DDEFENV_VERILATOR_ROOT=\"/opt/verilator/share/verilator\" -include V3PchAstNoMT.h -c ../V3DfgDfgToAst.cpp -o V3DfgDfgToAst.o
[rtl-full/Verilator shard 2/5-3             ]   | g++   -O3 -DVERILATOR_INTERNAL_ -MMD -I. -I.. -I.. -I../../include -I../../include -MP  -Wno-shadow -Wno-unused-parameter -faligned-new -fno-exceptions -DDEFENV_SYSTEMC=\"\" -DDEFENV_SYSTEMC_ARCH=\"\" -DDEFENV_SYSTEMC_INCLUDE=\"\" -DDEFENV_SYSTEMC_LIBDIR=\"\" -DDEFENV_VERILATOR_ROOT=\"/opt/verilator/share/verilator\" -include V3PchAstNoMT.h -c ../V3CfgLiveVariables.cpp -o V3CfgLiveVariables.o
[rtl-full/Verilator shard 0/5-1             ]   | g++   -O3 -DVERILATOR_INTERNAL_ -MMD -I. -I.. -I.. -I../../include -I../../include -MP  -Wno-shadow -Wno-unused-parameter -faligned-new -fno-exceptions -DDEFENV_SYSTEMC=\"\" -DDEFENV_SYSTEMC_ARCH=\"\" -DDEFENV_SYSTEMC_INCLUDE=\"\" -DDEFENV_SYSTEMC_LIBDIR=\"\" -DDEFENV_VERILATOR_ROOT=\"/opt/verilator/share/verilator\" -include V3PchAstNoMT.h -c ../V3Inline.cpp -o V3Inline.o
[rtl-full/Verilator shard 2/5-3             ]   | g++   -O3 -DVERILATOR_INTERNAL_ -MMD -I. -I.. -I.. -I../../include -I../../include -MP  -Wno-shadow -Wno-unused-parameter -faligned-new -fno-exceptions -DDEFENV_SYSTEMC=\"\" -DDEFENV_SYSTEMC_ARCH=\"\" -DDEFENV_SYSTEMC_INCLUDE=\"\" -DDEFENV_SYSTEMC_LIBDIR=\"\" -DDEFENV_VERILATOR_ROOT=\"/opt/verilator/share/verilator\" -include V3PchAstNoMT.h -c ../V3Class.cpp -o V3Class.o
[rtl-full/Verilator shard 0/5-1             ]   | g++   -O3 -DVERILATOR_INTERNAL_ -MMD -I. -I.. -I.. -I../../include -I../../include -MP  -Wno-shadow -Wno-unused-parameter -faligned-new -fno-exceptions -DDEFENV_SYSTEMC=\"\" -DDEFENV_SYSTEMC_ARCH=\"\" -DDEFENV_SYSTEMC_INCLUDE=\"\" -DDEFENV_SYSTEMC_LIBDIR=\"\" -DDEFENV_VERILATOR_ROOT=\"/opt/verilator/share/verilator\" -include V3PchAstNoMT.h -c ../V3InlineCFuncs.cpp -o V3InlineCFuncs.o
[rtl-full/Verilator shard 1/5-2             ]   | g++   -Og -ggdb -gz -DVL_DEBUG -D_GLIBCXX_DEBUG -DVERILATOR_INTERNAL_ -MMD -I. -I.. -I.. -I../../include -I../../include -MP  -Wno-shadow -Wno-unused-parameter -faligned-new -fno-exceptions -DDEFENV_SYSTEMC=\"\" -DDEFENV_SYSTEMC_ARCH=\"\" -DDEFENV_SYSTEMC_INCLUDE=\"\" -DDEFENV_SYSTEMC_LIBDIR=\"\" -DDEFENV_VERILATOR_ROOT=\"/opt/verilator/share/verilator\" -include V3PchAstNoMT.h -c ../V3DupFinder.cpp -o V3DupFinder.o
[rtl-full/Verilator shard 0/5-1             ]   | g++   -O3 -DVERILATOR_INTERNAL_ -MMD -I. -I.. -I.. -I../../include -I../../include -MP  -Wno-shadow -Wno-unused-parameter -faligned-new -fno-exceptions -DDEFENV_SYSTEMC=\"\" -DDEFENV_SYSTEMC_ARCH=\"\" -DDEFENV_SYSTEMC_INCLUDE=\"\" -DDEFENV_SYSTEMC_LIBDIR=\"\" -DDEFENV_VERILATOR_ROOT=\"/opt/verilator/share/verilator\" -include V3PchAstNoMT.h -c ../V3Inst.cpp -o V3Inst.o
[rtl-full/Verilator shard 1/5-2             ]   | g++   -O3 -DVERILATOR_INTERNAL_ -MMD -I. -I.. -I.. -I../../include -I../../include -MP  -Wno-shadow -Wno-unused-parameter -faligned-new -fno-exceptions -DDEFENV_SYSTEMC=\"\" -DDEFENV_SYSTEMC_ARCH=\"\" -DDEFENV_SYSTEMC_INCLUDE=\"\" -DDEFENV_SYSTEMC_LIBDIR=\"\" -DDEFENV_VERILATOR_ROOT=\"/opt/verilator/share/verilator\" -include V3PchAstNoMT.h -c ../V3DfgPushDownSels.cpp -o V3DfgPushDownSels.o
[rtl-full/Verilator shard 0/5-1             ]   | g++   -Og -ggdb -gz -DVL_DEBUG -D_GLIBCXX_DEBUG -DVERILATOR_INTERNAL_ -MMD -I. -I.. -I.. -I../../include -I../../include -MP  -Wno-shadow -Wno-unused-parameter -faligned-new -fno-exceptions -DDEFENV_SYSTEMC=\"\" -DDEFENV_SYSTEMC_ARCH=\"\" -DDEFENV_SYSTEMC_INCLUDE=\"\" -DDEFENV_SYSTEMC_LIBDIR=\"\" -DDEFENV_VERILATOR_ROOT=\"/opt/verilator/share/verilator\" -include V3PchAstNoMT.h -c ../V3Clean.cpp -o V3Clean.o
[rtl-full/Verilator shard 3/5-4             ]   | g++   -O3 -DVERILATOR_INTERNAL_ -MMD -I. -I.. -I.. -I../../include -I../../include -MP  -Wno-shadow -Wno-unused-parameter -faligned-new -fno-exceptions -DDEFENV_SYSTEMC=\"\" -DDEFENV_SYSTEMC_ARCH=\"\" -DDEFENV_SYSTEMC_INCLUDE=\"\" -DDEFENV_SYSTEMC_LIBDIR=\"\" -DDEFENV_VERILATOR_ROOT=\"/opt/verilator/share/verilator\" -include V3PchAstNoMT.h -c ../V3EmitCSyms.cpp -o V3EmitCSyms.o
[rtl-full/Verilator shard 2/5-3             ]   | g++   -O3 -DVERILATOR_INTERNAL_ -MMD -I. -I.. -I.. -I../../include -I../../include -MP  -Wno-shadow -Wno-unused-parameter -faligned-new -fno-exceptions -DDEFENV_SYSTEMC=\"\" -DDEFENV_SYSTEMC_ARCH=\"\" -DDEFENV_SYSTEMC_INCLUDE=\"\" -DDEFENV_SYSTEMC_LIBDIR=\"\" -DDEFENV_VERILATOR_ROOT=\"/opt/verilator/share/verilator\" -include V3PchAstNoMT.h -c ../V3Clean.cpp -o V3Clean.o
[rtl-full/Verilator shard 0/5-1             ]   | g++   -O3 -DVERILATOR_INTERNAL_ -MMD -I. -I.. -I.. -I../../include -I../../include -MP  -Wno-shadow -Wno-unused-parameter -faligned-new -fno-exceptions -DDEFENV_SYSTEMC=\"\" -DDEFENV_SYSTEMC_ARCH=\"\" -DDEFENV_SYSTEMC_INCLUDE=\"\" -DDEFENV_SYSTEMC_LIBDIR=\"\" -DDEFENV_VERILATOR_ROOT=\"/opt/verilator/share/verilator\" -include V3PchAstNoMT.h -c ../V3InstrCount.cpp -o V3InstrCount.o
[rtl-full/Verilator shard 0/5-1             ]   | g++   -O3 -DVERILATOR_INTERNAL_ -MMD -I. -I.. -I.. -I../../include -I../../include -MP  -Wno-shadow -Wno-unused-parameter -faligned-new -fno-exceptions -DDEFENV_SYSTEMC=\"\" -DDEFENV_SYSTEMC_ARCH=\"\" -DDEFENV_SYSTEMC_INCLUDE=\"\" -DDEFENV_SYSTEMC_LIBDIR=\"\" -DDEFENV_VERILATOR_ROOT=\"/opt/verilator/share/verilator\" -include V3PchAstNoMT.h -c ../V3Interface.cpp -o V3Interface.o
[rtl-full/Verilator shard 1/5-2             ]   | g++   -Og -ggdb -gz -DVL_DEBUG -D_GLIBCXX_DEBUG -DVERILATOR_INTERNAL_ -MMD -I. -I.. -I.. -I../../include -I../../include -MP  -Wno-shadow -Wno-unused-parameter -faligned-new -fno-exceptions -DDEFENV_SYSTEMC=\"\" -DDEFENV_SYSTEMC_ARCH=\"\" -DDEFENV_SYSTEMC_INCLUDE=\"\" -DDEFENV_SYSTEMC_LIBDIR=\"\" -DDEFENV_VERILATOR_ROOT=\"/opt/verilator/share/verilator\" -include V3PchAstNoMT.h -c ../V3EmitCMain.cpp -o V3EmitCMain.o
[rtl-full/Verilator shard 2/5-3             ]   | g++   -Og -ggdb -gz -DVL_DEBUG -D_GLIBCXX_DEBUG -DVERILATOR_INTERNAL_ -MMD -I. -I.. -I.. -I../../include -I../../include -MP  -Wno-shadow -Wno-unused-parameter -faligned-new -fno-exceptions -DDEFENV_SYSTEMC=\"\" -DDEFENV_SYSTEMC_ARCH=\"\" -DDEFENV_SYSTEMC_INCLUDE=\"\" -DDEFENV_SYSTEMC_LIBDIR=\"\" -DDEFENV_VERILATOR_ROOT=\"/opt/verilator/share/verilator\" -include V3PchAstNoMT.h -c ../V3Fork.cpp -o V3Fork.o
[rtl-full/Verilator shard 2/5-3             ]   | g++   -O3 -DVERILATOR_INTERNAL_ -MMD -I. -I.. -I.. -I../../include -I../../include -MP  -Wno-shadow -Wno-unused-parameter -faligned-new -fno-exceptions -DDEFENV_SYSTEMC=\"\" -DDEFENV_SYSTEMC_ARCH=\"\" -DDEFENV_SYSTEMC_INCLUDE=\"\" -DDEFENV_SYSTEMC_LIBDIR=\"\" -DDEFENV_VERILATOR_ROOT=\"/opt/verilator/share/verilator\" -include V3PchAstNoMT.h -c ../V3Clock.cpp -o V3Clock.o
[rtl-full/Verilator shard 1/5-2             ]   | g++   -O3 -DVERILATOR_INTERNAL_ -MMD -I. -I.. -I.. -I../../include -I../../include -MP  -Wno-shadow -Wno-unused-parameter -faligned-new -fno-exceptions -DDEFENV_SYSTEMC=\"\" -DDEFENV_SYSTEMC_ARCH=\"\" -DDEFENV_SYSTEMC_INCLUDE=\"\" -DDEFENV_SYSTEMC_LIBDIR=\"\" -DDEFENV_VERILATOR_ROOT=\"/opt/verilator/share/verilator\" -include V3PchAstNoMT.h -c ../V3DfgRegularize.cpp -o V3DfgRegularize.o
[rtl-full/Verilator shard 0/5-1             ]   | g++   -O3 -DVERILATOR_INTERNAL_ -MMD -I. -I.. -I.. -I../../include -I../../include -MP  -Wno-shadow -Wno-unused-parameter -faligned-new -fno-exceptions -DDEFENV_SYSTEMC=\"\" -DDEFENV_SYSTEMC_ARCH=\"\" -DDEFENV_SYSTEMC_INCLUDE=\"\" -DDEFENV_SYSTEMC_LIBDIR=\"\" -DDEFENV_VERILATOR_ROOT=\"/opt/verilator/share/verilator\" -include V3PchAstNoMT.h -c ../V3LibMap.cpp -o V3LibMap.o
[rtl-full/Verilator shard 0/5-1             ]   | g++   -Og -ggdb -gz -DVL_DEBUG -D_GLIBCXX_DEBUG -DVERILATOR_INTERNAL_ -MMD -I. -I.. -I.. -I../../include -I../../include -MP  -Wno-shadow -Wno-unused-parameter -faligned-new -fno-exceptions -DDEFENV_SYSTEMC=\"\" -DDEFENV_SYSTEMC_ARCH=\"\" -DDEFENV_SYSTEMC_INCLUDE=\"\" -DDEFENV_SYSTEMC_LIBDIR=\"\" -DDEFENV_VERILATOR_ROOT=\"/opt/verilator/share/verilator\" -include V3PchAstNoMT.h -c ../V3Clock.cpp -o V3Clock.o
[rtl-full/Verilator shard 0/5-1             ]   | g++   -O3 -DVERILATOR_INTERNAL_ -MMD -I. -I.. -I.. -I../../include -I../../include -MP  -Wno-shadow -Wno-unused-parameter -faligned-new -fno-exceptions -DDEFENV_SYSTEMC=\"\" -DDEFENV_SYSTEMC_ARCH=\"\" -DDEFENV_SYSTEMC_INCLUDE=\"\" -DDEFENV_SYSTEMC_LIBDIR=\"\" -DDEFENV_VERILATOR_ROOT=\"/opt/verilator/share/verilator\" -include V3PchAstNoMT.h -c ../V3Life.cpp -o V3Life.o
[rtl-full/Verilator shard 0/5-1             ]   | g++   -O3 -DVERILATOR_INTERNAL_ -MMD -I. -I.. -I.. -I../../include -I../../include -MP  -Wno-shadow -Wno-unused-parameter -faligned-new -fno-exceptions -DDEFENV_SYSTEMC=\"\" -DDEFENV_SYSTEMC_ARCH=\"\" -DDEFENV_SYSTEMC_INCLUDE=\"\" -DDEFENV_SYSTEMC_LIBDIR=\"\" -DDEFENV_VERILATOR_ROOT=\"/opt/verilator/share/verilator\" -include V3PchAstNoMT.h -c ../V3LifePost.cpp -o V3LifePost.o
[rtl-full/Verilator shard 3/5-4             ]   | g++   -Og -ggdb -gz -DVL_DEBUG -D_GLIBCXX_DEBUG -DVERILATOR_INTERNAL_ -MMD -I. -I.. -I.. -I../../include -I../../include -MP  -Wno-shadow -Wno-unused-parameter -faligned-new -fno-exceptions -DDEFENV_SYSTEMC=\"\" -DDEFENV_SYSTEMC_ARCH=\"\" -DDEFENV_SYSTEMC_INCLUDE=\"\" -DDEFENV_SYSTEMC_LIBDIR=\"\" -DDEFENV_VERILATOR_ROOT=\"/opt/verilator/share/verilator\" -include V3PchAstNoMT.h -c ../V3DfgOptimizer.cpp -o V3DfgOptimizer.o
[rtl-full/Verilator shard 3/5-4             ]   | g++   -Og -ggdb -gz -DVL_DEBUG -D_GLIBCXX_DEBUG -DVERILATOR_INTERNAL_ -MMD -I. -I.. -I.. -I../../include -I../../include -MP  -Wno-shadow -Wno-unused-parameter -faligned-new -fno-exceptions -DDEFENV_SYSTEMC=\"\" -DDEFENV_SYSTEMC_ARCH=\"\" -DDEFENV_SYSTEMC_INCLUDE=\"\" -DDEFENV_SYSTEMC_LIBDIR=\"\" -DDEFENV_VERILATOR_ROOT=\"/opt/verilator/share/verilator\" -include V3PchAstNoMT.h -c ../V3DfgPasses.cpp -o V3DfgPasses.o
[rtl-full/Verilator shard 2/5-3             ]   | g++   -O3 -DVERILATOR_INTERNAL_ -MMD -I. -I.. -I.. -I../../include -I../../include -MP  -Wno-shadow -Wno-unused-parameter -faligned-new -fno-exceptions -DDEFENV_SYSTEMC=\"\" -DDEFENV_SYSTEMC_ARCH=\"\" -DDEFENV_SYSTEMC_INCLUDE=\"\" -DDEFENV_SYSTEMC_LIBDIR=\"\" -DDEFENV_VERILATOR_ROOT=\"/opt/verilator/share/verilator\" -include V3PchAstNoMT.h -c ../V3Combine.cpp -o V3Combine.o
[rtl-full/Verilator shard 0/5-1             ]   | g++   -Og -ggdb -gz -DVL_DEBUG -D_GLIBCXX_DEBUG -DVERILATOR_INTERNAL_ -MMD -I. -I.. -I.. -I../../include -I../../include -MP  -Wno-shadow -Wno-unused-parameter -faligned-new -fno-exceptions -DDEFENV_SYSTEMC=\"\" -DDEFENV_SYSTEMC_ARCH=\"\" -DDEFENV_SYSTEMC_INCLUDE=\"\" -DDEFENV_SYSTEMC_LIBDIR=\"\" -DDEFENV_VERILATOR_ROOT=\"/opt/verilator/share/verilator\" -include V3PchAstNoMT.h -c ../V3Combine.cpp -o V3Combine.o
[rtl-full/Verilator shard 0/5-1             ]   | g++   -O3 -DVERILATOR_INTERNAL_ -MMD -I. -I.. -I.. -I../../include -I../../include -MP  -Wno-shadow -Wno-unused-parameter -faligned-new -fno-exceptions -DDEFENV_SYSTEMC=\"\" -DDEFENV_SYSTEMC_ARCH=\"\" -DDEFENV_SYSTEMC_INCLUDE=\"\" -DDEFENV_SYSTEMC_LIBDIR=\"\" -DDEFENV_VERILATOR_ROOT=\"/opt/verilator/share/verilator\" -include V3PchAstNoMT.h -c ../V3LiftExpr.cpp -o V3LiftExpr.o
[rtl-full/Verilator shard 2/5-3             ]   | g++   -O3 -DVERILATOR_INTERNAL_ -MMD -I. -I.. -I.. -I../../include -I../../include -MP  -Wno-shadow -Wno-unused-parameter -faligned-new -fno-exceptions -DDEFENV_SYSTEMC=\"\" -DDEFENV_SYSTEMC_ARCH=\"\" -DDEFENV_SYSTEMC_INCLUDE=\"\" -DDEFENV_SYSTEMC_LIBDIR=\"\" -DDEFENV_VERILATOR_ROOT=\"/opt/verilator/share/verilator\" -include V3PchAstNoMT.h -c ../V3Common.cpp -o V3Common.o
[rtl-full/Verilator shard 0/5-1             ]   | g++   -Og -ggdb -gz -DVL_DEBUG -D_GLIBCXX_DEBUG -DVERILATOR_INTERNAL_ -MMD -I. -I.. -I.. -I../../include -I../../include -MP  -Wno-shadow -Wno-unused-parameter -faligned-new -fno-exceptions -DDEFENV_SYSTEMC=\"\" -DDEFENV_SYSTEMC_ARCH=\"\" -DDEFENV_SYSTEMC_INCLUDE=\"\" -DDEFENV_SYSTEMC_LIBDIR=\"\" -DDEFENV_VERILATOR_ROOT=\"/opt/verilator/share/verilator\" -include V3PchAstNoMT.h -c ../V3Common.cpp -o V3Common.o
[rtl-full/Verilator shard 1/5-2             ]   | g++   -Og -ggdb -gz -DVL_DEBUG -D_GLIBCXX_DEBUG -DVERILATOR_INTERNAL_ -MMD -I. -I.. -I.. -I../../include -I../../include -MP  -Wno-shadow -Wno-unused-parameter -faligned-new -fno-exceptions -DDEFENV_SYSTEMC=\"\" -DDEFENV_SYSTEMC_ARCH=\"\" -DDEFENV_SYSTEMC_INCLUDE=\"\" -DDEFENV_SYSTEMC_LIBDIR=\"\" -DDEFENV_VERILATOR_ROOT=\"/opt/verilator/share/verilator\" -include V3PchAstNoMT.h -c ../V3EmitCModel.cpp -o V3EmitCModel.o
[rtl-full/Verilator shard 0/5-1             ]   | g++   -Og -ggdb -gz -DVL_DEBUG -D_GLIBCXX_DEBUG -DVERILATOR_INTERNAL_ -MMD -I. -I.. -I.. -I../../include -I../../include -MP  -Wno-shadow -Wno-unused-parameter -faligned-new -fno-exceptions -DDEFENV_SYSTEMC=\"\" -DDEFENV_SYSTEMC_ARCH=\"\" -DDEFENV_SYSTEMC_INCLUDE=\"\" -DDEFENV_SYSTEMC_LIBDIR=\"\" -DDEFENV_VERILATOR_ROOT=\"/opt/verilator/share/verilator\" -include V3PchAstNoMT.h -c ../V3Coverage.cpp -o V3Coverage.o
[rtl-full/Verilator shard 1/5-2             ]   | g++   -O3 -DVERILATOR_INTERNAL_ -MMD -I. -I.. -I.. -I../../include -I../../include -MP  -Wno-shadow -Wno-unused-parameter -faligned-new -fno-exceptions -DDEFENV_SYSTEMC=\"\" -DDEFENV_SYSTEMC_ARCH=\"\" -DDEFENV_SYSTEMC_INCLUDE=\"\" -DDEFENV_SYSTEMC_LIBDIR=\"\" -DDEFENV_VERILATOR_ROOT=\"/opt/verilator/share/verilator\" -include V3PchAstNoMT.h -c ../V3DfgSynthesize.cpp -o V3DfgSynthesize.o
[rtl-full/Verilator shard 2/5-3             ]   | g++   -O3 -DVERILATOR_INTERNAL_ -MMD -I. -I.. -I.. -I../../include -I../../include -MP  -Wno-shadow -Wno-unused-parameter -faligned-new -fno-exceptions -DDEFENV_SYSTEMC=\"\" -DDEFENV_SYSTEMC_ARCH=\"\" -DDEFENV_SYSTEMC_INCLUDE=\"\" -DDEFENV_SYSTEMC_LIBDIR=\"\" -DDEFENV_VERILATOR_ROOT=\"/opt/verilator/share/verilator\" -include V3PchAstNoMT.h -c ../V3Coverage.cpp -o V3Coverage.o
[rtl-full/Verilator shard 0/5-1             ]   | g++   -O3 -DVERILATOR_INTERNAL_ -MMD -I. -I.. -I.. -I../../include -I../../include -MP  -Wno-shadow -Wno-unused-parameter -faligned-new -fno-exceptions -DDEFENV_SYSTEMC=\"\" -DDEFENV_SYSTEMC_ARCH=\"\" -DDEFENV_SYSTEMC_INCLUDE=\"\" -DDEFENV_SYSTEMC_LIBDIR=\"\" -DDEFENV_VERILATOR_ROOT=\"/opt/verilator/share/verilator\" -include V3PchAstNoMT.h -c ../V3LinkCells.cpp -o V3LinkCells.o
[rtl-full/Verilator shard 3/5-4             ]   | g++   -O3 -DVERILATOR_INTERNAL_ -MMD -I. -I.. -I.. -I../../include -I../../include -MP  -Wno-shadow -Wno-unused-parameter -faligned-new -fno-exceptions -DDEFENV_SYSTEMC=\"\" -DDEFENV_SYSTEMC_ARCH=\"\" -DDEFENV_SYSTEMC_INCLUDE=\"\" -DDEFENV_SYSTEMC_LIBDIR=\"\" -DDEFENV_VERILATOR_ROOT=\"/opt/verilator/share/verilator\" -include V3PchAstNoMT.h -c ../V3EmitMk.cpp -o V3EmitMk.o
[rtl-full/Verilator shard 3/5-4             ]   | g++   -Og -ggdb -gz -DVL_DEBUG -D_GLIBCXX_DEBUG -DVERILATOR_INTERNAL_ -MMD -I. -I.. -I.. -I../../include -I../../include -MP  -Wno-shadow -Wno-unused-parameter -faligned-new -fno-exceptions -DDEFENV_SYSTEMC=\"\" -DDEFENV_SYSTEMC_ARCH=\"\" -DDEFENV_SYSTEMC_INCLUDE=\"\" -DDEFENV_SYSTEMC_LIBDIR=\"\" -DDEFENV_VERILATOR_ROOT=\"/opt/verilator/share/verilator\" -include V3PchAstNoMT.h -c ../V3DfgPeephole.cpp -o V3DfgPeephole.o
[rtl-full/Verilator shard 0/5-1             ]   | g++   -Og -ggdb -gz -DVL_DEBUG -D_GLIBCXX_DEBUG -DVERILATOR_INTERNAL_ -MMD -I. -I.. -I.. -I../../include -I../../include -MP  -Wno-shadow -Wno-unused-parameter -faligned-new -fno-exceptions -DDEFENV_SYSTEMC=\"\" -DDEFENV_SYSTEMC_ARCH=\"\" -DDEFENV_SYSTEMC_INCLUDE=\"\" -DDEFENV_SYSTEMC_LIBDIR=\"\" -DDEFENV_VERILATOR_ROOT=\"/opt/verilator/share/verilator\" -include V3PchAstNoMT.h -c ../V3Covergroup.cpp -o V3Covergroup.o
[rtl-full/Verilator shard 2/5-3             ]   | g++   -O3 -DVERILATOR_INTERNAL_ -MMD -I. -I.. -I.. -I../../include -I../../include -MP  -Wno-shadow -Wno-unused-parameter -faligned-new -fno-exceptions -DDEFENV_SYSTEMC=\"\" -DDEFENV_SYSTEMC_ARCH=\"\" -DDEFENV_SYSTEMC_INCLUDE=\"\" -DDEFENV_SYSTEMC_LIBDIR=\"\" -DDEFENV_VERILATOR_ROOT=\"/opt/verilator/share/verilator\" -include V3PchAstNoMT.h -c ../V3Covergroup.cpp -o V3Covergroup.o
[rtl-full/Verilator shard 3/5-4             ]   | g++   -O3 -DVERILATOR_INTERNAL_ -MMD -I. -I.. -I.. -I../../include -I../../include -MP  -Wno-shadow -Wno-unused-parameter -faligned-new -fno-exceptions -DDEFENV_SYSTEMC=\"\" -DDEFENV_SYSTEMC_ARCH=\"\" -DDEFENV_SYSTEMC_INCLUDE=\"\" -DDEFENV_SYSTEMC_LIBDIR=\"\" -DDEFENV_VERILATOR_ROOT=\"/opt/verilator/share/verilator\" -include V3PchAstNoMT.h -c ../V3EmitMkJson.cpp -o V3EmitMkJson.o
[rtl-full/Verilator shard 2/5-3             ]   | g++   -Og -ggdb -gz -DVL_DEBUG -D_GLIBCXX_DEBUG -DVERILATOR_INTERNAL_ -MMD -I. -I.. -I.. -I../../include -I../../include -MP  -Wno-shadow -Wno-unused-parameter -faligned-new -fno-exceptions -DDEFENV_SYSTEMC=\"\" -DDEFENV_SYSTEMC_ARCH=\"\" -DDEFENV_SYSTEMC_INCLUDE=\"\" -DDEFENV_SYSTEMC_LIBDIR=\"\" -DDEFENV_VERILATOR_ROOT=\"/opt/verilator/share/verilator\" -include V3PchAstNoMT.h -c ../V3Gate.cpp -o V3Gate.o
[rtl-full/Verilator shard 0/5-1             ]   | g++   -Og -ggdb -gz -DVL_DEBUG -D_GLIBCXX_DEBUG -DVERILATOR_INTERNAL_ -MMD -I. -I.. -I.. -I../../include -I../../include -MP  -Wno-shadow -Wno-unused-parameter -faligned-new -fno-exceptions -DDEFENV_SYSTEMC=\"\" -DDEFENV_SYSTEMC_ARCH=\"\" -DDEFENV_SYSTEMC_INCLUDE=\"\" -DDEFENV_SYSTEMC_LIBDIR=\"\" -DDEFENV_VERILATOR_ROOT=\"/opt/verilator/share/verilator\" -include V3PchAstNoMT.h -c ../V3CoverageJoin.cpp -o V3CoverageJoin.o
[rtl-full/Verilator shard 2/5-3             ]   | g++   -Og -ggdb -gz -DVL_DEBUG -D_GLIBCXX_DEBUG -DVERILATOR_INTERNAL_ -MMD -I. -I.. -I.. -I../../include -I../../include -MP  -Wno-shadow -Wno-unused-parameter -faligned-new -fno-exceptions -DDEFENV_SYSTEMC=\"\" -DDEFENV_SYSTEMC_ARCH=\"\" -DDEFENV_SYSTEMC_INCLUDE=\"\" -DDEFENV_SYSTEMC_LIBDIR=\"\" -DDEFENV_VERILATOR_ROOT=\"/opt/verilator/share/verilator\" -include V3PchAstNoMT.h -c ../V3HierBlock.cpp -o V3HierBlock.o
[rtl-full/Verilator shard 3/5-4             ]   | g++   -Og -ggdb -gz -DVL_DEBUG -D_GLIBCXX_DEBUG -DVERILATOR_INTERNAL_ -MMD -I. -I.. -I.. -I../../include -I../../include -MP  -Wno-shadow -Wno-unused-parameter -faligned-new -fno-exceptions -DDEFENV_SYSTEMC=\"\" -DDEFENV_SYSTEMC_ARCH=\"\" -DDEFENV_SYSTEMC_INCLUDE=\"\" -DDEFENV_SYSTEMC_LIBDIR=\"\" -DDEFENV_VERILATOR_ROOT=\"/opt/verilator/share/verilator\" -include V3PchAstNoMT.h -c ../V3DfgPushDownSels.cpp -o V3DfgPushDownSels.o
[rtl-full/Verilator shard 3/5-4             ]   | g++   -O3 -DVERILATOR_INTERNAL_ -MMD -I. -I.. -I.. -I../../include -I../../include -MP  -Wno-shadow -Wno-unused-parameter -faligned-new -fno-exceptions -DDEFENV_SYSTEMC=\"\" -DDEFENV_SYSTEMC_ARCH=\"\" -DDEFENV_SYSTEMC_INCLUDE=\"\" -DDEFENV_SYSTEMC_LIBDIR=\"\" -DDEFENV_VERILATOR_ROOT=\"/opt/verilator/share/verilator\" -include V3PchAstNoMT.h -c ../V3ExecGraph.cpp -o V3ExecGraph.o
[rtl-full/Verilator shard 1/5-2             ]   | g++   -O3 -DVERILATOR_INTERNAL_ -MMD -I. -I.. -I.. -I../../include -I../../include -MP  -Wno-shadow -Wno-unused-parameter -faligned-new -fno-exceptions -DDEFENV_SYSTEMC=\"\" -DDEFENV_SYSTEMC_ARCH=\"\" -DDEFENV_SYSTEMC_INCLUDE=\"\" -DDEFENV_SYSTEMC_LIBDIR=\"\" -DDEFENV_VERILATOR_ROOT=\"/opt/verilator/share/verilator\" -include V3PchAstNoMT.h -c ../V3DiagSarif.cpp -o V3DiagSarif.o
[rtl-full/Verilator shard 0/5-1             ]   | g++   -Og -ggdb -gz -DVL_DEBUG -D_GLIBCXX_DEBUG -DVERILATOR_INTERNAL_ -MMD -I. -I.. -I.. -I../../include -I../../include -MP  -Wno-shadow -Wno-unused-parameter -faligned-new -fno-exceptions -DDEFENV_SYSTEMC=\"\" -DDEFENV_SYSTEMC_ARCH=\"\" -DDEFENV_SYSTEMC_INCLUDE=\"\" -DDEFENV_SYSTEMC_LIBDIR=\"\" -DDEFENV_VERILATOR_ROOT=\"/opt/verilator/share/verilator\" -include V3PchAstNoMT.h -c ../V3Dead.cpp -o V3Dead.o
[rtl-full/Verilator shard 0/5-1             ]   | g++   -Og -ggdb -gz -DVL_DEBUG -D_GLIBCXX_DEBUG -DVERILATOR_INTERNAL_ -MMD -I. -I.. -I.. -I../../include -I../../include -MP  -Wno-shadow -Wno-unused-parameter -faligned-new -fno-exceptions -DDEFENV_SYSTEMC=\"\" -DDEFENV_SYSTEMC_ARCH=\"\" -DDEFENV_SYSTEMC_INCLUDE=\"\" -DDEFENV_SYSTEMC_LIBDIR=\"\" -DDEFENV_VERILATOR_ROOT=\"/opt/verilator/share/verilator\" -include V3PchAstNoMT.h -c ../V3Delayed.cpp -o V3Delayed.o
[rtl-full/Verilator shard 0/5-1             ]   | g++   -O3 -DVERILATOR_INTERNAL_ -MMD -I. -I.. -I.. -I../../include -I../../include -MP  -Wno-shadow -Wno-unused-parameter -faligned-new -fno-exceptions -DDEFENV_SYSTEMC=\"\" -DDEFENV_SYSTEMC_ARCH=\"\" -DDEFENV_SYSTEMC_INCLUDE=\"\" -DDEFENV_SYSTEMC_LIBDIR=\"\" -DDEFENV_VERILATOR_ROOT=\"/opt/verilator/share/verilator\" -include V3PchAstNoMT.h -c ../V3LinkDot.cpp -o V3LinkDot.o
[rtl-full/Verilator shard 1/5-2             ]   | g++   -Og -ggdb -gz -DVL_DEBUG -D_GLIBCXX_DEBUG -DVERILATOR_INTERNAL_ -MMD -I. -I.. -I.. -I../../include -I../../include -MP  -Wno-shadow -Wno-unused-parameter -faligned-new -fno-exceptions -DDEFENV_SYSTEMC=\"\" -DDEFENV_SYSTEMC_ARCH=\"\" -DDEFENV_SYSTEMC_INCLUDE=\"\" -DDEFENV_SYSTEMC_LIBDIR=\"\" -DDEFENV_VERILATOR_ROOT=\"/opt/verilator/share/verilator\" -include V3PchAstNoMT.h -c ../V3EmitCSyms.cpp -o V3EmitCSyms.o
[rtl-full/Verilator shard 3/5-4             ]   | g++   -O3 -DVERILATOR_INTERNAL_ -MMD -I. -I.. -I.. -I../../include -I../../include -MP  -Wno-shadow -Wno-unused-parameter -faligned-new -fno-exceptions -DDEFENV_SYSTEMC=\"\" -DDEFENV_SYSTEMC_ARCH=\"\" -DDEFENV_SYSTEMC_INCLUDE=\"\" -DDEFENV_SYSTEMC_LIBDIR=\"\" -DDEFENV_VERILATOR_ROOT=\"/opt/verilator/share/verilator\" -include V3PchAstNoMT.h -c ../V3Expand.cpp -o V3Expand.o
[rtl-full/Verilator shard 2/5-3             ]   | g++   -O3 -DVERILATOR_INTERNAL_ -MMD -I. -I.. -I.. -I../../include -I../../include -MP  -Wno-shadow -Wno-unused-parameter -faligned-new -fno-exceptions -DDEFENV_SYSTEMC=\"\" -DDEFENV_SYSTEMC_ARCH=\"\" -DDEFENV_SYSTEMC_INCLUDE=\"\" -DDEFENV_SYSTEMC_LIBDIR=\"\" -DDEFENV_VERILATOR_ROOT=\"/opt/verilator/share/verilator\" -include V3PchAstNoMT.h -c ../V3CoverageJoin.cpp -o V3CoverageJoin.o
[rtl-full/Verilator shard 2/5-3             ]   | g++   -Og -ggdb -gz -DVL_DEBUG -D_GLIBCXX_DEBUG -DVERILATOR_INTERNAL_ -MMD -I. -I.. -I.. -I../../include -I../../include -MP  -Wno-shadow -Wno-unused-parameter -faligned-new -fno-exceptions -DDEFENV_SYSTEMC=\"\" -DDEFENV_SYSTEMC_ARCH=\"\" -DDEFENV_SYSTEMC_INCLUDE=\"\" -DDEFENV_SYSTEMC_LIBDIR=\"\" -DDEFENV_VERILATOR_ROOT=\"/opt/verilator/share/verilator\" -include V3PchAstNoMT.h -c ../V3Inline.cpp -o V3Inline.o
[rtl-full/Verilator shard 3/5-4             ]   | g++   -Og -ggdb -gz -DVL_DEBUG -D_GLIBCXX_DEBUG -DVERILATOR_INTERNAL_ -MMD -I. -I.. -I.. -I../../include -I../../include -MP  -Wno-shadow -Wno-unused-parameter -faligned-new -fno-exceptions -DDEFENV_SYSTEMC=\"\" -DDEFENV_SYSTEMC_ARCH=\"\" -DDEFENV_SYSTEMC_INCLUDE=\"\" -DDEFENV_SYSTEMC_LIBDIR=\"\" -DDEFENV_VERILATOR_ROOT=\"/opt/verilator/share/verilator\" -include V3PchAstNoMT.h -c ../V3DfgRegularize.cpp -o V3DfgRegularize.o
[rtl-full/Verilator shard 2/5-3             ]   | g++   -Og -ggdb -gz -DVL_DEBUG -D_GLIBCXX_DEBUG -DVERILATOR_INTERNAL_ -MMD -I. -I.. -I.. -I../../include -I../../include -MP  -Wno-shadow -Wno-unused-parameter -faligned-new -fno-exceptions -DDEFENV_SYSTEMC=\"\" -DDEFENV_SYSTEMC_ARCH=\"\" -DDEFENV_SYSTEMC_INCLUDE=\"\" -DDEFENV_SYSTEMC_LIBDIR=\"\" -DDEFENV_VERILATOR_ROOT=\"/opt/verilator/share/verilator\" -include V3PchAstNoMT.h -c ../V3InlineCFuncs.cpp -o V3InlineCFuncs.o
[rtl-full/Verilator shard 3/5-4             ]   | g++   -O3 -DVERILATOR_INTERNAL_ -MMD -I. -I.. -I.. -I../../include -I../../include -MP  -Wno-shadow -Wno-unused-parameter -faligned-new -fno-exceptions -DDEFENV_SYSTEMC=\"\" -DDEFENV_SYSTEMC_ARCH=\"\" -DDEFENV_SYSTEMC_INCLUDE=\"\" -DDEFENV_SYSTEMC_LIBDIR=\"\" -DDEFENV_VERILATOR_ROOT=\"/opt/verilator/share/verilator\" -include V3PchAstNoMT.h -c ../V3Force.cpp -o V3Force.o
[rtl-full/Verilator shard 2/5-3             ]   | g++   -O3 -DVERILATOR_INTERNAL_ -MMD -I. -I.. -I.. -I../../include -I../../include -MP  -Wno-shadow -Wno-unused-parameter -faligned-new -fno-exceptions -DDEFENV_SYSTEMC=\"\" -DDEFENV_SYSTEMC_ARCH=\"\" -DDEFENV_SYSTEMC_INCLUDE=\"\" -DDEFENV_SYSTEMC_LIBDIR=\"\" -DDEFENV_VERILATOR_ROOT=\"/opt/verilator/share/verilator\" -include V3PchAstNoMT.h -c ../V3Dead.cpp -o V3Dead.o
[rtl-full/Verilator shard 1/5-2             ]   | g++   -O3 -DVERILATOR_INTERNAL_ -MMD -I. -I.. -I.. -I../../include -I../../include -MP  -Wno-shadow -Wno-unused-parameter -faligned-new -fno-exceptions -DDEFENV_SYSTEMC=\"\" -DDEFENV_SYSTEMC_ARCH=\"\" -DDEFENV_SYSTEMC_INCLUDE=\"\" -DDEFENV_SYSTEMC_LIBDIR=\"\" -DDEFENV_VERILATOR_ROOT=\"/opt/verilator/share/verilator\" -include V3PchAstNoMT.h -c ../V3DupFinder.cpp -o V3DupFinder.o
[rtl-full/Verilator shard 3/5-4             ]   | g++   -Og -ggdb -gz -DVL_DEBUG -D_GLIBCXX_DEBUG -DVERILATOR_INTERNAL_ -MMD -I. -I.. -I.. -I../../include -I../../include -MP  -Wno-shadow -Wno-unused-parameter -faligned-new -fno-exceptions -DDEFENV_SYSTEMC=\"\" -DDEFENV_SYSTEMC_ARCH=\"\" -DDEFENV_SYSTEMC_INCLUDE=\"\" -DDEFENV_SYSTEMC_LIBDIR=\"\" -DDEFENV_VERILATOR_ROOT=\"/opt/verilator/share/verilator\" -include V3PchAstNoMT.h -c ../V3DfgSynthesize.cpp -o V3DfgSynthesize.o
[rtl-full/Verilator shard 2/5-3             ]   | g++   -O3 -DVERILATOR_INTERNAL_ -MMD -I. -I.. -I.. -I../../include -I../../include -MP  -Wno-shadow -Wno-unused-parameter -faligned-new -fno-exceptions -DDEFENV_SYSTEMC=\"\" -DDEFENV_SYSTEMC_ARCH=\"\" -DDEFENV_SYSTEMC_INCLUDE=\"\" -DDEFENV_SYSTEMC_LIBDIR=\"\" -DDEFENV_VERILATOR_ROOT=\"/opt/verilator/share/verilator\" -include V3PchAstNoMT.h -c ../V3Delayed.cpp -o V3Delayed.o
[rtl-full/Verilator shard 1/5-2             ]   | g++   -O3 -DVERILATOR_INTERNAL_ -MMD -I. -I.. -I.. -I../../include -I../../include -MP  -Wno-shadow -Wno-unused-parameter -faligned-new -fno-exceptions -DDEFENV_SYSTEMC=\"\" -DDEFENV_SYSTEMC_ARCH=\"\" -DDEFENV_SYSTEMC_INCLUDE=\"\" -DDEFENV_SYSTEMC_LIBDIR=\"\" -DDEFENV_VERILATOR_ROOT=\"/opt/verilator/share/verilator\" -include V3PchAstNoMT.h -c ../V3EmitCMain.cpp -o V3EmitCMain.o
[rtl-full/Verilator shard 3/5-4             ]   | g++   -O3 -DVERILATOR_INTERNAL_ -MMD -I. -I.. -I.. -I../../include -I../../include -MP  -Wno-shadow -Wno-unused-parameter -faligned-new -fno-exceptions -DDEFENV_SYSTEMC=\"\" -DDEFENV_SYSTEMC_ARCH=\"\" -DDEFENV_SYSTEMC_INCLUDE=\"\" -DDEFENV_SYSTEMC_LIBDIR=\"\" -DDEFENV_VERILATOR_ROOT=\"/opt/verilator/share/verilator\" -include V3PchAstNoMT.h -c ../V3FsmDetect.cpp -o V3FsmDetect.o
[rtl-full/Verilator shard 0/5-1             ]   | g++   -Og -ggdb -gz -DVL_DEBUG -D_GLIBCXX_DEBUG -DVERILATOR_INTERNAL_ -MMD -I. -I.. -I.. -I../../include -I../../include -MP  -Wno-shadow -Wno-unused-parameter -faligned-new -fno-exceptions -DDEFENV_SYSTEMC=\"\" -DDEFENV_SYSTEMC_ARCH=\"\" -DDEFENV_SYSTEMC_INCLUDE=\"\" -DDEFENV_SYSTEMC_LIBDIR=\"\" -DDEFENV_VERILATOR_ROOT=\"/opt/verilator/share/verilator\" -include V3PchAstNoMT.h -c ../V3Depth.cpp -o V3Depth.o
[rtl-full/Verilator shard 2/5-3             ]   | g++   -Og -ggdb -gz -DVL_DEBUG -D_GLIBCXX_DEBUG -DVERILATOR_INTERNAL_ -MMD -I. -I.. -I.. -I../../include -I../../include -MP  -Wno-shadow -Wno-unused-parameter -faligned-new -fno-exceptions -DDEFENV_SYSTEMC=\"\" -DDEFENV_SYSTEMC_ARCH=\"\" -DDEFENV_SYSTEMC_INCLUDE=\"\" -DDEFENV_SYSTEMC_LIBDIR=\"\" -DDEFENV_VERILATOR_ROOT=\"/opt/verilator/share/verilator\" -include V3PchAstNoMT.h -c ../V3Inst.cpp -o V3Inst.o
[rtl-full/Verilator shard 1/5-2             ]   | g++   -Og -ggdb -gz -DVL_DEBUG -D_GLIBCXX_DEBUG -DVERILATOR_INTERNAL_ -MMD -I. -I.. -I.. -I../../include -I../../include -MP  -Wno-shadow -Wno-unused-parameter -faligned-new -fno-exceptions -DDEFENV_SYSTEMC=\"\" -DDEFENV_SYSTEMC_ARCH=\"\" -DDEFENV_SYSTEMC_INCLUDE=\"\" -DDEFENV_SYSTEMC_LIBDIR=\"\" -DDEFENV_VERILATOR_ROOT=\"/opt/verilator/share/verilator\" -include V3PchAstNoMT.h -c ../V3EmitMk.cpp -o V3EmitMk.o
[rtl-full/Verilator shard 2/5-3             ]   | g++   -Og -ggdb -gz -DVL_DEBUG -D_GLIBCXX_DEBUG -DVERILATOR_INTERNAL_ -MMD -I. -I.. -I.. -I../../include -I../../include -MP  -Wno-shadow -Wno-unused-parameter -faligned-new -fno-exceptions -DDEFENV_SYSTEMC=\"\" -DDEFENV_SYSTEMC_ARCH=\"\" -DDEFENV_SYSTEMC_INCLUDE=\"\" -DDEFENV_SYSTEMC_LIBDIR=\"\" -DDEFENV_VERILATOR_ROOT=\"/opt/verilator/share/verilator\" -include V3PchAstNoMT.h -c ../V3InstrCount.cpp -o V3InstrCount.o
[rtl-full/Verilator shard 2/5-3             ]   | g++   -O3 -DVERILATOR_INTERNAL_ -MMD -I. -I.. -I.. -I../../include -I../../include -MP  -Wno-shadow -Wno-unused-parameter -faligned-new -fno-exceptions -DDEFENV_SYSTEMC=\"\" -DDEFENV_SYSTEMC_ARCH=\"\" -DDEFENV_SYSTEMC_INCLUDE=\"\" -DDEFENV_SYSTEMC_LIBDIR=\"\" -DDEFENV_VERILATOR_ROOT=\"/opt/verilator/share/verilator\" -include V3PchAstNoMT.h -c ../V3Depth.cpp -o V3Depth.o
[rtl-full/Verilator shard 0/5-1             ]   | g++   -Og -ggdb -gz -DVL_DEBUG -D_GLIBCXX_DEBUG -DVERILATOR_INTERNAL_ -MMD -I. -I.. -I.. -I../../include -I../../include -MP  -Wno-shadow -Wno-unused-parameter -faligned-new -fno-exceptions -DDEFENV_SYSTEMC=\"\" -DDEFENV_SYSTEMC_ARCH=\"\" -DDEFENV_SYSTEMC_INCLUDE=\"\" -DDEFENV_SYSTEMC_LIBDIR=\"\" -DDEFENV_VERILATOR_ROOT=\"/opt/verilator/share/verilator\" -include V3PchAstNoMT.h -c ../V3DepthBlock.cpp -o V3DepthBlock.o
[rtl-full/Verilator shard 1/5-2             ]   | g++   -O3 -DVERILATOR_INTERNAL_ -MMD -I. -I.. -I.. -I../../include -I../../include -MP  -Wno-shadow -Wno-unused-parameter -faligned-new -fno-exceptions -DDEFENV_SYSTEMC=\"\" -DDEFENV_SYSTEMC_ARCH=\"\" -DDEFENV_SYSTEMC_INCLUDE=\"\" -DDEFENV_SYSTEMC_LIBDIR=\"\" -DDEFENV_VERILATOR_ROOT=\"/opt/verilator/share/verilator\" -include V3PchAstNoMT.h -c ../V3EmitCModel.cpp -o V3EmitCModel.o
[rtl-full/Verilator shard 2/5-3             ]   | g++   -Og -ggdb -gz -DVL_DEBUG -D_GLIBCXX_DEBUG -DVERILATOR_INTERNAL_ -MMD -I. -I.. -I.. -I../../include -I../../include -MP  -Wno-shadow -Wno-unused-parameter -faligned-new -fno-exceptions -DDEFENV_SYSTEMC=\"\" -DDEFENV_SYSTEMC_ARCH=\"\" -DDEFENV_SYSTEMC_INCLUDE=\"\" -DDEFENV_SYSTEMC_LIBDIR=\"\" -DDEFENV_VERILATOR_ROOT=\"/opt/verilator/share/verilator\" -include V3PchAstNoMT.h -c ../V3Interface.cpp -o V3Interface.o
[rtl-full/Verilator shard 3/5-4             ]   | g++   -O3 -DVERILATOR_INTERNAL_ -MMD -I. -I.. -I.. -I../../include -I../../include -MP  -Wno-shadow -Wno-unused-parameter -faligned-new -fno-exceptions -DDEFENV_SYSTEMC=\"\" -DDEFENV_SYSTEMC_ARCH=\"\" -DDEFENV_SYSTEMC_INCLUDE=\"\" -DDEFENV_SYSTEMC_LIBDIR=\"\" -DDEFENV_VERILATOR_ROOT=\"/opt/verilator/share/verilator\" -include V3PchAstNoMT.h -c ../V3Fork.cpp -o V3Fork.o
[rtl-full/Verilator shard 0/5-1             ]   | g++   -Og -ggdb -gz -DVL_DEBUG -D_GLIBCXX_DEBUG -DVERILATOR_INTERNAL_ -MMD -I. -I.. -I.. -I../../include -I../../include -MP  -Wno-shadow -Wno-unused-parameter -faligned-new -fno-exceptions -DDEFENV_SYSTEMC=\"\" -DDEFENV_SYSTEMC_ARCH=\"\" -DDEFENV_SYSTEMC_INCLUDE=\"\" -DDEFENV_SYSTEMC_LIBDIR=\"\" -DDEFENV_VERILATOR_ROOT=\"/opt/verilator/share/verilator\" -include V3PchAstNoMT.h -c ../V3Descope.cpp -o V3Descope.o
[rtl-full/Verilator shard 2/5-3             ]   | g++   -O3 -DVERILATOR_INTERNAL_ -MMD -I. -I.. -I.. -I../../include -I../../include -MP  -Wno-shadow -Wno-unused-parameter -faligned-new -fno-exceptions -DDEFENV_SYSTEMC=\"\" -DDEFENV_SYSTEMC_ARCH=\"\" -DDEFENV_SYSTEMC_INCLUDE=\"\" -DDEFENV_SYSTEMC_LIBDIR=\"\" -DDEFENV_VERILATOR_ROOT=\"/opt/verilator/share/verilator\" -include V3PchAstNoMT.h -c ../V3DepthBlock.cpp -o V3DepthBlock.o
[rtl-full/Verilator shard 0/5-1             ]   | g++   -Og -ggdb -gz -DVL_DEBUG -D_GLIBCXX_DEBUG -DVERILATOR_INTERNAL_ -MMD -I. -I.. -I.. -I../../include -I../../include -MP  -Wno-shadow -Wno-unused-parameter -faligned-new -fno-exceptions -DDEFENV_SYSTEMC=\"\" -DDEFENV_SYSTEMC_ARCH=\"\" -DDEFENV_SYSTEMC_INCLUDE=\"\" -DDEFENV_SYSTEMC_LIBDIR=\"\" -DDEFENV_VERILATOR_ROOT=\"/opt/verilator/share/verilator\" -include V3PchAstNoMT.h -c ../V3Dfg.cpp -o V3Dfg.o
[rtl-full/Verilator shard 3/5-4             ]   | g++   -Og -ggdb -gz -DVL_DEBUG -D_GLIBCXX_DEBUG -DVERILATOR_INTERNAL_ -MMD -I. -I.. -I.. -I../../include -I../../include -MP  -Wno-shadow -Wno-unused-parameter -faligned-new -fno-exceptions -DDEFENV_SYSTEMC=\"\" -DDEFENV_SYSTEMC_ARCH=\"\" -DDEFENV_SYSTEMC_INCLUDE=\"\" -DDEFENV_SYSTEMC_LIBDIR=\"\" -DDEFENV_VERILATOR_ROOT=\"/opt/verilator/share/verilator\" -include V3PchAstNoMT.h -c ../V3DiagSarif.cpp -o V3DiagSarif.o
[rtl-full/Verilator shard 0/5-1             ]   | g++   -Og -ggdb -gz -DVL_DEBUG -D_GLIBCXX_DEBUG -DVERILATOR_INTERNAL_ -MMD -I. -I.. -I.. -I../../include -I../../include -MP  -Wno-shadow -Wno-unused-parameter -faligned-new -fno-exceptions -DDEFENV_SYSTEMC=\"\" -DDEFENV_SYSTEMC_ARCH=\"\" -DDEFENV_SYSTEMC_INCLUDE=\"\" -DDEFENV_SYSTEMC_LIBDIR=\"\" -DDEFENV_VERILATOR_ROOT=\"/opt/verilator/share/verilator\" -include V3PchAstNoMT.h -c ../V3DfgAstToDfg.cpp -o V3DfgAstToDfg.o
[rtl-full/Verilator shard 2/5-3             ]   | g++   -Og -ggdb -gz -DVL_DEBUG -D_GLIBCXX_DEBUG -DVERILATOR_INTERNAL_ -MMD -I. -I.. -I.. -I../../include -I../../include -MP  -Wno-shadow -Wno-unused-parameter -faligned-new -fno-exceptions -DDEFENV_SYSTEMC=\"\" -DDEFENV_SYSTEMC_ARCH=\"\" -DDEFENV_SYSTEMC_INCLUDE=\"\" -DDEFENV_SYSTEMC_LIBDIR=\"\" -DDEFENV_VERILATOR_ROOT=\"/opt/verilator/share/verilator\" -include V3PchAstNoMT.h -c ../V3LibMap.cpp -o V3LibMap.o
[rtl-full/Verilator shard 2/5-3             ]   | g++   -O3 -DVERILATOR_INTERNAL_ -MMD -I. -I.. -I.. -I../../include -I../../include -MP  -Wno-shadow -Wno-unused-parameter -faligned-new -fno-exceptions -DDEFENV_SYSTEMC=\"\" -DDEFENV_SYSTEMC_ARCH=\"\" -DDEFENV_SYSTEMC_INCLUDE=\"\" -DDEFENV_SYSTEMC_LIBDIR=\"\" -DDEFENV_VERILATOR_ROOT=\"/opt/verilator/share/verilator\" -include V3PchAstNoMT.h -c ../V3Descope.cpp -o V3Descope.o
[rtl-full/Verilator shard 2/5-3             ]   | g++   -Og -ggdb -gz -DVL_DEBUG -D_GLIBCXX_DEBUG -DVERILATOR_INTERNAL_ -MMD -I. -I.. -I.. -I../../include -I../../include -MP  -Wno-shadow -Wno-unused-parameter -faligned-new -fno-exceptions -DDEFENV_SYSTEMC=\"\" -DDEFENV_SYSTEMC_ARCH=\"\" -DDEFENV_SYSTEMC_INCLUDE=\"\" -DDEFENV_SYSTEMC_LIBDIR=\"\" -DDEFENV_VERILATOR_ROOT=\"/opt/verilator/share/verilator\" -include V3PchAstNoMT.h -c ../V3Life.cpp -o V3Life.o
[rtl-full/Verilator shard 1/5-2             ]   | g++   -O3 -DVERILATOR_INTERNAL_ -MMD -I. -I.. -I.. -I../../include -I../../include -MP  -Wno-shadow -Wno-unused-parameter -faligned-new -fno-exceptions -DDEFENV_SYSTEMC=\"\" -DDEFENV_SYSTEMC_ARCH=\"\" -DDEFENV_SYSTEMC_INCLUDE=\"\" -DDEFENV_SYSTEMC_LIBDIR=\"\" -DDEFENV_VERILATOR_ROOT=\"/opt/verilator/share/verilator\" -include V3PchAstNoMT.h -c ../V3EmitCSyms.cpp -o V3EmitCSyms.o
[rtl-full/Verilator shard 1/5-2             ]   | g++   -Og -ggdb -gz -DVL_DEBUG -D_GLIBCXX_DEBUG -DVERILATOR_INTERNAL_ -MMD -I. -I.. -I.. -I../../include -I../../include -MP  -Wno-shadow -Wno-unused-parameter -faligned-new -fno-exceptions -DDEFENV_SYSTEMC=\"\" -DDEFENV_SYSTEMC_ARCH=\"\" -DDEFENV_SYSTEMC_INCLUDE=\"\" -DDEFENV_SYSTEMC_LIBDIR=\"\" -DDEFENV_VERILATOR_ROOT=\"/opt/verilator/share/verilator\" -include V3PchAstNoMT.h -c ../V3EmitMkJson.cpp -o V3EmitMkJson.o
[rtl-full/Verilator shard 2/5-3             ]   | g++   -O3 -DVERILATOR_INTERNAL_ -MMD -I. -I.. -I.. -I../../include -I../../include -MP  -Wno-shadow -Wno-unused-parameter -faligned-new -fno-exceptions -DDEFENV_SYSTEMC=\"\" -DDEFENV_SYSTEMC_ARCH=\"\" -DDEFENV_SYSTEMC_INCLUDE=\"\" -DDEFENV_SYSTEMC_LIBDIR=\"\" -DDEFENV_VERILATOR_ROOT=\"/opt/verilator/share/verilator\" -include V3PchAstNoMT.h -c ../V3Dfg.cpp -o V3Dfg.o
[rtl-full/Verilator shard 0/5-1             ]   | g++   -Og -ggdb -gz -DVL_DEBUG -D_GLIBCXX_DEBUG -DVERILATOR_INTERNAL_ -MMD -I. -I.. -I.. -I../../include -I../../include -MP  -Wno-shadow -Wno-unused-parameter -faligned-new -fno-exceptions -DDEFENV_SYSTEMC=\"\" -DDEFENV_SYSTEMC_ARCH=\"\" -DDEFENV_SYSTEMC_INCLUDE=\"\" -DDEFENV_SYSTEMC_LIBDIR=\"\" -DDEFENV_VERILATOR_ROOT=\"/opt/verilator/share/verilator\" -include V3PchAstNoMT.h -c ../V3DfgBreakCycles.cpp -o V3DfgBreakCycles.o
[rtl-full/Verilator shard 3/5-4             ]   | g++   -O3 -DVERILATOR_INTERNAL_ -MMD -I. -I.. -I.. -I../../include -I../../include -MP  -Wno-shadow -Wno-unused-parameter -faligned-new -fno-exceptions -DDEFENV_SYSTEMC=\"\" -DDEFENV_SYSTEMC_ARCH=\"\" -DDEFENV_SYSTEMC_INCLUDE=\"\" -DDEFENV_SYSTEMC_LIBDIR=\"\" -DDEFENV_VERILATOR_ROOT=\"/opt/verilator/share/verilator\" -include V3PchAstNoMT.h -c ../V3Gate.cpp -o V3Gate.o
[rtl-full/Verilator shard 3/5-4             ]   | g++   -Og -ggdb -gz -DVL_DEBUG -D_GLIBCXX_DEBUG -DVERILATOR_INTERNAL_ -MMD -I. -I.. -I.. -I../../include -I../../include -MP  -Wno-shadow -Wno-unused-parameter -faligned-new -fno-exceptions -DDEFENV_SYSTEMC=\"\" -DDEFENV_SYSTEMC_ARCH=\"\" -DDEFENV_SYSTEMC_INCLUDE=\"\" -DDEFENV_SYSTEMC_LIBDIR=\"\" -DDEFENV_VERILATOR_ROOT=\"/opt/verilator/share/verilator\" -include V3PchAstNoMT.h -c ../V3DupFinder.cpp -o V3DupFinder.o
[rtl-full/Verilator shard 1/5-2             ]   | g++   -Og -ggdb -gz -DVL_DEBUG -D_GLIBCXX_DEBUG -DVERILATOR_INTERNAL_ -MMD -I. -I.. -I.. -I../../include -I../../include -MP  -Wno-shadow -Wno-unused-parameter -faligned-new -fno-exceptions -DDEFENV_SYSTEMC=\"\" -DDEFENV_SYSTEMC_ARCH=\"\" -DDEFENV_SYSTEMC_INCLUDE=\"\" -DDEFENV_SYSTEMC_LIBDIR=\"\" -DDEFENV_VERILATOR_ROOT=\"/opt/verilator/share/verilator\" -include V3PchAstNoMT.h -c ../V3ExecGraph.cpp -o V3ExecGraph.o
[rtl-full/Verilator shard 2/5-3             ]   | g++   -Og -ggdb -gz -DVL_DEBUG -D_GLIBCXX_DEBUG -DVERILATOR_INTERNAL_ -MMD -I. -I.. -I.. -I../../include -I../../include -MP  -Wno-shadow -Wno-unused-parameter -faligned-new -fno-exceptions -DDEFENV_SYSTEMC=\"\" -DDEFENV_SYSTEMC_ARCH=\"\" -DDEFENV_SYSTEMC_INCLUDE=\"\" -DDEFENV_SYSTEMC_LIBDIR=\"\" -DDEFENV_VERILATOR_ROOT=\"/opt/verilator/share/verilator\" -include V3PchAstNoMT.h -c ../V3LifePost.cpp -o V3LifePost.o
[rtl-full/Verilator shard 2/5-3             ]   | g++   -Og -ggdb -gz -DVL_DEBUG -D_GLIBCXX_DEBUG -DVERILATOR_INTERNAL_ -MMD -I. -I.. -I.. -I../../include -I../../include -MP  -Wno-shadow -Wno-unused-parameter -faligned-new -fno-exceptions -DDEFENV_SYSTEMC=\"\" -DDEFENV_SYSTEMC_ARCH=\"\" -DDEFENV_SYSTEMC_INCLUDE=\"\" -DDEFENV_SYSTEMC_LIBDIR=\"\" -DDEFENV_VERILATOR_ROOT=\"/opt/verilator/share/verilator\" -include V3PchAstNoMT.h -c ../V3LiftExpr.cpp -o V3LiftExpr.o
[rtl-full/Verilator shard 0/5-1             ]   | g++   -Og -ggdb -gz -DVL_DEBUG -D_GLIBCXX_DEBUG -DVERILATOR_INTERNAL_ -MMD -I. -I.. -I.. -I../../include -I../../include -MP  -Wno-shadow -Wno-unused-parameter -faligned-new -fno-exceptions -DDEFENV_SYSTEMC=\"\" -DDEFENV_SYSTEMC_ARCH=\"\" -DDEFENV_SYSTEMC_INCLUDE=\"\" -DDEFENV_SYSTEMC_LIBDIR=\"\" -DDEFENV_VERILATOR_ROOT=\"/opt/verilator/share/verilator\" -include V3PchAstNoMT.h -c ../V3DfgColorSCCs.cpp -o V3DfgColorSCCs.o
[rtl-full/Verilator shard 3/5-4             ]   | g++   -O3 -DVERILATOR_INTERNAL_ -MMD -I. -I.. -I.. -I../../include -I../../include -MP  -Wno-shadow -Wno-unused-parameter -faligned-new -fno-exceptions -DDEFENV_SYSTEMC=\"\" -DDEFENV_SYSTEMC_ARCH=\"\" -DDEFENV_SYSTEMC_INCLUDE=\"\" -DDEFENV_SYSTEMC_LIBDIR=\"\" -DDEFENV_VERILATOR_ROOT=\"/opt/verilator/share/verilator\" -include V3PchAstNoMT.h -c ../V3HierBlock.cpp -o V3HierBlock.o
[rtl-full/Verilator shard 2/5-3             ]   | g++   -O3 -DVERILATOR_INTERNAL_ -MMD -I. -I.. -I.. -I../../include -I../../include -MP  -Wno-shadow -Wno-unused-parameter -faligned-new -fno-exceptions -DDEFENV_SYSTEMC=\"\" -DDEFENV_SYSTEMC_ARCH=\"\" -DDEFENV_SYSTEMC_INCLUDE=\"\" -DDEFENV_SYSTEMC_LIBDIR=\"\" -DDEFENV_VERILATOR_ROOT=\"/opt/verilator/share/verilator\" -include V3PchAstNoMT.h -c ../V3DfgAstToDfg.cpp -o V3DfgAstToDfg.o
[rtl-full/Verilator shard 1/5-2             ]   | g++   -Og -ggdb -gz -DVL_DEBUG -D_GLIBCXX_DEBUG -DVERILATOR_INTERNAL_ -MMD -I. -I.. -I.. -I../../include -I../../include -MP  -Wno-shadow -Wno-unused-parameter -faligned-new -fno-exceptions -DDEFENV_SYSTEMC=\"\" -DDEFENV_SYSTEMC_ARCH=\"\" -DDEFENV_SYSTEMC_INCLUDE=\"\" -DDEFENV_SYSTEMC_LIBDIR=\"\" -DDEFENV_VERILATOR_ROOT=\"/opt/verilator/share/verilator\" -include V3PchAstNoMT.h -c ../V3Expand.cpp -o V3Expand.o
[rtl-full/Verilator shard 3/5-4             ]   | g++   -Og -ggdb -gz -DVL_DEBUG -D_GLIBCXX_DEBUG -DVERILATOR_INTERNAL_ -MMD -I. -I.. -I.. -I../../include -I../../include -MP  -Wno-shadow -Wno-unused-parameter -faligned-new -fno-exceptions -DDEFENV_SYSTEMC=\"\" -DDEFENV_SYSTEMC_ARCH=\"\" -DDEFENV_SYSTEMC_INCLUDE=\"\" -DDEFENV_SYSTEMC_LIBDIR=\"\" -DDEFENV_VERILATOR_ROOT=\"/opt/verilator/share/verilator\" -include V3PchAstNoMT.h -c ../V3EmitCMain.cpp -o V3EmitCMain.o
[rtl-full/Verilator shard 2/5-3             ]   | g++   -Og -ggdb -gz -DVL_DEBUG -D_GLIBCXX_DEBUG -DVERILATOR_INTERNAL_ -MMD -I. -I.. -I.. -I../../include -I../../include -MP  -Wno-shadow -Wno-unused-parameter -faligned-new -fno-exceptions -DDEFENV_SYSTEMC=\"\" -DDEFENV_SYSTEMC_ARCH=\"\" -DDEFENV_SYSTEMC_INCLUDE=\"\" -DDEFENV_SYSTEMC_LIBDIR=\"\" -DDEFENV_VERILATOR_ROOT=\"/opt/verilator/share/verilator\" -include V3PchAstNoMT.h -c ../V3LinkCells.cpp -o V3LinkCells.o
[rtl-full/Verilator shard 2/5-3             ]   | g++   -Og -ggdb -gz -DVL_DEBUG -D_GLIBCXX_DEBUG -DVERILATOR_INTERNAL_ -MMD -I. -I.. -I.. -I../../include -I../../include -MP  -Wno-shadow -Wno-unused-parameter -faligned-new -fno-exceptions -DDEFENV_SYSTEMC=\"\" -DDEFENV_SYSTEMC_ARCH=\"\" -DDEFENV_SYSTEMC_INCLUDE=\"\" -DDEFENV_SYSTEMC_LIBDIR=\"\" -DDEFENV_VERILATOR_ROOT=\"/opt/verilator/share/verilator\" -include V3PchAstNoMT.h -c ../V3LinkDot.cpp -o V3LinkDot.o
[rtl-full/Verilator shard 1/5-2             ]   | g++   -O3 -DVERILATOR_INTERNAL_ -MMD -I. -I.. -I.. -I../../include -I../../include -MP  -Wno-shadow -Wno-unused-parameter -faligned-new -fno-exceptions -DDEFENV_SYSTEMC=\"\" -DDEFENV_SYSTEMC_ARCH=\"\" -DDEFENV_SYSTEMC_INCLUDE=\"\" -DDEFENV_SYSTEMC_LIBDIR=\"\" -DDEFENV_VERILATOR_ROOT=\"/opt/verilator/share/verilator\" -include V3PchAstNoMT.h -c ../V3EmitMk.cpp -o V3EmitMk.o
[rtl-full/Verilator shard 0/5-1             ]   | g++   -Og -ggdb -gz -DVL_DEBUG -D_GLIBCXX_DEBUG -DVERILATOR_INTERNAL_ -MMD -I. -I.. -I.. -I../../include -I../../include -MP  -Wno-shadow -Wno-unused-parameter -faligned-new -fno-exceptions -DDEFENV_SYSTEMC=\"\" -DDEFENV_SYSTEMC_ARCH=\"\" -DDEFENV_SYSTEMC_INCLUDE=\"\" -DDEFENV_SYSTEMC_LIBDIR=\"\" -DDEFENV_VERILATOR_ROOT=\"/opt/verilator/share/verilator\" -include V3PchAstNoMT.h -c ../V3DfgCse.cpp -o V3DfgCse.o
[rtl-full/Verilator shard 2/5-3             ]   | g++   -O3 -DVERILATOR_INTERNAL_ -MMD -I. -I.. -I.. -I../../include -I../../include -MP  -Wno-shadow -Wno-unused-parameter -faligned-new -fno-exceptions -DDEFENV_SYSTEMC=\"\" -DDEFENV_SYSTEMC_ARCH=\"\" -DDEFENV_SYSTEMC_INCLUDE=\"\" -DDEFENV_SYSTEMC_LIBDIR=\"\" -DDEFENV_VERILATOR_ROOT=\"/opt/verilator/share/verilator\" -include V3PchAstNoMT.h -c ../V3DfgBreakCycles.cpp -o V3DfgBreakCycles.o
[rtl-full/Verilator shard 3/5-4             ]   | g++   -O3 -DVERILATOR_INTERNAL_ -MMD -I. -I.. -I.. -I../../include -I../../include -MP  -Wno-shadow -Wno-unused-parameter -faligned-new -fno-exceptions -DDEFENV_SYSTEMC=\"\" -DDEFENV_SYSTEMC_ARCH=\"\" -DDEFENV_SYSTEMC_INCLUDE=\"\" -DDEFENV_SYSTEMC_LIBDIR=\"\" -DDEFENV_VERILATOR_ROOT=\"/opt/verilator/share/verilator\" -include V3PchAstNoMT.h -c ../V3Inline.cpp -o V3Inline.o
[rtl-full/Verilator shard 3/5-4             ]   | g++   -Og -ggdb -gz -DVL_DEBUG -D_GLIBCXX_DEBUG -DVERILATOR_INTERNAL_ -MMD -I. -I.. -I.. -I../../include -I../../include -MP  -Wno-shadow -Wno-unused-parameter -faligned-new -fno-exceptions -DDEFENV_SYSTEMC=\"\" -DDEFENV_SYSTEMC_ARCH=\"\" -DDEFENV_SYSTEMC_INCLUDE=\"\" -DDEFENV_SYSTEMC_LIBDIR=\"\" -DDEFENV_VERILATOR_ROOT=\"/opt/verilator/share/verilator\" -include V3PchAstNoMT.h -c ../V3EmitCModel.cpp -o V3EmitCModel.o
[rtl-full/Verilator shard 3/5-4             ]   | g++   -O3 -DVERILATOR_INTERNAL_ -MMD -I. -I.. -I.. -I../../include -I../../include -MP  -Wno-shadow -Wno-unused-parameter -faligned-new -fno-exceptions -DDEFENV_SYSTEMC=\"\" -DDEFENV_SYSTEMC_ARCH=\"\" -DDEFENV_SYSTEMC_INCLUDE=\"\" -DDEFENV_SYSTEMC_LIBDIR=\"\" -DDEFENV_VERILATOR_ROOT=\"/opt/verilator/share/verilator\" -include V3PchAstNoMT.h -c ../V3InlineCFuncs.cpp -o V3InlineCFuncs.o
[rtl-full/Verilator shard 1/5-2             ]   | g++   -Og -ggdb -gz -DVL_DEBUG -D_GLIBCXX_DEBUG -DVERILATOR_INTERNAL_ -MMD -I. -I.. -I.. -I../../include -I../../include -MP  -Wno-shadow -Wno-unused-parameter -faligned-new -fno-exceptions -DDEFENV_SYSTEMC=\"\" -DDEFENV_SYSTEMC_ARCH=\"\" -DDEFENV_SYSTEMC_INCLUDE=\"\" -DDEFENV_SYSTEMC_LIBDIR=\"\" -DDEFENV_VERILATOR_ROOT=\"/opt/verilator/share/verilator\" -include V3PchAstNoMT.h -c ../V3Force.cpp -o V3Force.o
[rtl-full/Verilator shard 3/5-4             ]   | g++   -Og -ggdb -gz -DVL_DEBUG -D_GLIBCXX_DEBUG -DVERILATOR_INTERNAL_ -MMD -I. -I.. -I.. -I../../include -I../../include -MP  -Wno-shadow -Wno-unused-parameter -faligned-new -fno-exceptions -DDEFENV_SYSTEMC=\"\" -DDEFENV_SYSTEMC_ARCH=\"\" -DDEFENV_SYSTEMC_INCLUDE=\"\" -DDEFENV_SYSTEMC_LIBDIR=\"\" -DDEFENV_VERILATOR_ROOT=\"/opt/verilator/share/verilator\" -include V3PchAstNoMT.h -c ../V3EmitCSyms.cpp -o V3EmitCSyms.o
[rtl-full/Verilator shard 0/5-1             ]   | g++   -O3 -DVERILATOR_INTERNAL_ -MMD -I. -I.. -I.. -I../../include -I../../include -MP  -Wno-shadow -Wno-unused-parameter -faligned-new -fno-exceptions -DDEFENV_SYSTEMC=\"\" -DDEFENV_SYSTEMC_ARCH=\"\" -DDEFENV_SYSTEMC_INCLUDE=\"\" -DDEFENV_SYSTEMC_LIBDIR=\"\" -DDEFENV_VERILATOR_ROOT=\"/opt/verilator/share/verilator\" -include V3PchAstNoMT.h -c ../V3LinkDotIfaceCapture.cpp -o V3LinkDotIfaceCapture.o
[rtl-full/Verilator shard 3/5-4             ]   | g++   -O3 -DVERILATOR_INTERNAL_ -MMD -I. -I.. -I.. -I../../include -I../../include -MP  -Wno-shadow -Wno-unused-parameter -faligned-new -fno-exceptions -DDEFENV_SYSTEMC=\"\" -DDEFENV_SYSTEMC_ARCH=\"\" -DDEFENV_SYSTEMC_INCLUDE=\"\" -DDEFENV_SYSTEMC_LIBDIR=\"\" -DDEFENV_VERILATOR_ROOT=\"/opt/verilator/share/verilator\" -include V3PchAstNoMT.h -c ../V3Inst.cpp -o V3Inst.o
[rtl-full/Verilator shard 1/5-2             ]   | g++   -Og -ggdb -gz -DVL_DEBUG -D_GLIBCXX_DEBUG -DVERILATOR_INTERNAL_ -MMD -I. -I.. -I.. -I../../include -I../../include -MP  -Wno-shadow -Wno-unused-parameter -faligned-new -fno-exceptions -DDEFENV_SYSTEMC=\"\" -DDEFENV_SYSTEMC_ARCH=\"\" -DDEFENV_SYSTEMC_INCLUDE=\"\" -DDEFENV_SYSTEMC_LIBDIR=\"\" -DDEFENV_VERILATOR_ROOT=\"/opt/verilator/share/verilator\" -include V3PchAstNoMT.h -c ../V3FsmDetect.cpp -o V3FsmDetect.o
[rtl-full/Verilator shard 1/5-2             ]   | g++   -O3 -DVERILATOR_INTERNAL_ -MMD -I. -I.. -I.. -I../../include -I../../include -MP  -Wno-shadow -Wno-unused-parameter -faligned-new -fno-exceptions -DDEFENV_SYSTEMC=\"\" -DDEFENV_SYSTEMC_ARCH=\"\" -DDEFENV_SYSTEMC_INCLUDE=\"\" -DDEFENV_SYSTEMC_LIBDIR=\"\" -DDEFENV_VERILATOR_ROOT=\"/opt/verilator/share/verilator\" -include V3PchAstNoMT.h -c ../V3EmitMkJson.cpp -o V3EmitMkJson.o
[rtl-full/Verilator shard 0/5-1             ]   | g++   -Og -ggdb -gz -DVL_DEBUG -D_GLIBCXX_DEBUG -DVERILATOR_INTERNAL_ -MMD -I. -I.. -I.. -I../../include -I../../include -MP  -Wno-shadow -Wno-unused-parameter -faligned-new -fno-exceptions -DDEFENV_SYSTEMC=\"\" -DDEFENV_SYSTEMC_ARCH=\"\" -DDEFENV_SYSTEMC_INCLUDE=\"\" -DDEFENV_SYSTEMC_LIBDIR=\"\" -DDEFENV_VERILATOR_ROOT=\"/opt/verilator/share/verilator\" -include V3PchAstNoMT.h -c ../V3DfgDataType.cpp -o V3DfgDataType.o
[rtl-full/Verilator shard 3/5-4             ]   | g++   -O3 -DVERILATOR_INTERNAL_ -MMD -I. -I.. -I.. -I../../include -I../../include -MP  -Wno-shadow -Wno-unused-parameter -faligned-new -fno-exceptions -DDEFENV_SYSTEMC=\"\" -DDEFENV_SYSTEMC_ARCH=\"\" -DDEFENV_SYSTEMC_INCLUDE=\"\" -DDEFENV_SYSTEMC_LIBDIR=\"\" -DDEFENV_VERILATOR_ROOT=\"/opt/verilator/share/verilator\" -include V3PchAstNoMT.h -c ../V3InstrCount.cpp -o V3InstrCount.o
[rtl-full/Verilator shard 0/5-1             ]   | g++   -Og -ggdb -gz -DVL_DEBUG -D_GLIBCXX_DEBUG -DVERILATOR_INTERNAL_ -MMD -I. -I.. -I.. -I../../include -I../../include -MP  -Wno-shadow -Wno-unused-parameter -faligned-new -fno-exceptions -DDEFENV_SYSTEMC=\"\" -DDEFENV_SYSTEMC_ARCH=\"\" -DDEFENV_SYSTEMC_INCLUDE=\"\" -DDEFENV_SYSTEMC_LIBDIR=\"\" -DDEFENV_VERILATOR_ROOT=\"/opt/verilator/share/verilator\" -include V3PchAstNoMT.h -c ../V3DfgDecomposition.cpp -o V3DfgDecomposition.o
[rtl-full/Verilator shard 0/5-1             ]   | g++   -Og -ggdb -gz -DVL_DEBUG -D_GLIBCXX_DEBUG -DVERILATOR_INTERNAL_ -MMD -I. -I.. -I.. -I../../include -I../../include -MP  -Wno-shadow -Wno-unused-parameter -faligned-new -fno-exceptions -DDEFENV_SYSTEMC=\"\" -DDEFENV_SYSTEMC_ARCH=\"\" -DDEFENV_SYSTEMC_INCLUDE=\"\" -DDEFENV_SYSTEMC_LIBDIR=\"\" -DDEFENV_VERILATOR_ROOT=\"/opt/verilator/share/verilator\" -include V3PchAstNoMT.h -c ../V3DfgDfgToAst.cpp -o V3DfgDfgToAst.o
[rtl-full/Verilator shard 1/5-2             ]   | g++   -O3 -DVERILATOR_INTERNAL_ -MMD -I. -I.. -I.. -I../../include -I../../include -MP  -Wno-shadow -Wno-unused-parameter -faligned-new -fno-exceptions -DDEFENV_SYSTEMC=\"\" -DDEFENV_SYSTEMC_ARCH=\"\" -DDEFENV_SYSTEMC_INCLUDE=\"\" -DDEFENV_SYSTEMC_LIBDIR=\"\" -DDEFENV_VERILATOR_ROOT=\"/opt/verilator/share/verilator\" -include V3PchAstNoMT.h -c ../V3ExecGraph.cpp -o V3ExecGraph.o
[rtl-full/Verilator shard 2/5-3             ]   | g++   -O3 -DVERILATOR_INTERNAL_ -MMD -I. -I.. -I.. -I../../include -I../../include -MP  -Wno-shadow -Wno-unused-parameter -faligned-new -fno-exceptions -DDEFENV_SYSTEMC=\"\" -DDEFENV_SYSTEMC_ARCH=\"\" -DDEFENV_SYSTEMC_INCLUDE=\"\" -DDEFENV_SYSTEMC_LIBDIR=\"\" -DDEFENV_VERILATOR_ROOT=\"/opt/verilator/share/verilator\" -include V3PchAstNoMT.h -c ../V3DfgColorSCCs.cpp -o V3DfgColorSCCs.o
[rtl-full/Verilator shard 2/5-3             ]   | g++   -Og -ggdb -gz -DVL_DEBUG -D_GLIBCXX_DEBUG -DVERILATOR_INTERNAL_ -MMD -I. -I.. -I.. -I../../include -I../../include -MP  -Wno-shadow -Wno-unused-parameter -faligned-new -fno-exceptions -DDEFENV_SYSTEMC=\"\" -DDEFENV_SYSTEMC_ARCH=\"\" -DDEFENV_SYSTEMC_INCLUDE=\"\" -DDEFENV_SYSTEMC_LIBDIR=\"\" -DDEFENV_VERILATOR_ROOT=\"/opt/verilator/share/verilator\" -include V3PchAstNoMT.h -c ../V3LinkDotIfaceCapture.cpp -o V3LinkDotIfaceCapture.o
[rtl-full/Verilator shard 1/5-2             ]   | g++   -O3 -DVERILATOR_INTERNAL_ -MMD -I. -I.. -I.. -I../../include -I../../include -MP  -Wno-shadow -Wno-unused-parameter -faligned-new -fno-exceptions -DDEFENV_SYSTEMC=\"\" -DDEFENV_SYSTEMC_ARCH=\"\" -DDEFENV_SYSTEMC_INCLUDE=\"\" -DDEFENV_SYSTEMC_LIBDIR=\"\" -DDEFENV_VERILATOR_ROOT=\"/opt/verilator/share/verilator\" -include V3PchAstNoMT.h -c ../V3Expand.cpp -o V3Expand.o
[rtl-full/Verilator shard 2/5-3             ]   | g++   -O3 -DVERILATOR_INTERNAL_ -MMD -I. -I.. -I.. -I../../include -I../../include -MP  -Wno-shadow -Wno-unused-parameter -faligned-new -fno-exceptions -DDEFENV_SYSTEMC=\"\" -DDEFENV_SYSTEMC_ARCH=\"\" -DDEFENV_SYSTEMC_INCLUDE=\"\" -DDEFENV_SYSTEMC_LIBDIR=\"\" -DDEFENV_VERILATOR_ROOT=\"/opt/verilator/share/verilator\" -include V3PchAstNoMT.h -c ../V3DfgCse.cpp -o V3DfgCse.o
[rtl-full/Verilator shard 0/5-1             ]   | g++   -O3 -DVERILATOR_INTERNAL_ -MMD -I. -I.. -I.. -I../../include -I../../include -MP  -Wno-shadow -Wno-unused-parameter -faligned-new -fno-exceptions -DDEFENV_SYSTEMC=\"\" -DDEFENV_SYSTEMC_ARCH=\"\" -DDEFENV_SYSTEMC_INCLUDE=\"\" -DDEFENV_SYSTEMC_LIBDIR=\"\" -DDEFENV_VERILATOR_ROOT=\"/opt/verilator/share/verilator\" -include V3PchAstNoMT.h -c ../V3LinkInc.cpp -o V3LinkInc.o
[rtl-full/Verilator shard 2/5-3             ]   | g++   -O3 -DVERILATOR_INTERNAL_ -MMD -I. -I.. -I.. -I../../include -I../../include -MP  -Wno-shadow -Wno-unused-parameter -faligned-new -fno-exceptions -DDEFENV_SYSTEMC=\"\" -DDEFENV_SYSTEMC_ARCH=\"\" -DDEFENV_SYSTEMC_INCLUDE=\"\" -DDEFENV_SYSTEMC_LIBDIR=\"\" -DDEFENV_VERILATOR_ROOT=\"/opt/verilator/share/verilator\" -include V3PchAstNoMT.h -c ../V3DfgDataType.cpp -o V3DfgDataType.o
[rtl-full/Verilator shard 0/5-1             ]   | g++   -Og -ggdb -gz -DVL_DEBUG -D_GLIBCXX_DEBUG -DVERILATOR_INTERNAL_ -MMD -I. -I.. -I.. -I../../include -I../../include -MP  -Wno-shadow -Wno-unused-parameter -faligned-new -fno-exceptions -DDEFENV_SYSTEMC=\"\" -DDEFENV_SYSTEMC_ARCH=\"\" -DDEFENV_SYSTEMC_INCLUDE=\"\" -DDEFENV_SYSTEMC_LIBDIR=\"\" -DDEFENV_VERILATOR_ROOT=\"/opt/verilator/share/verilator\" -include V3PchAstNoMT.h -c ../V3DfgOptimizer.cpp -o V3DfgOptimizer.o
[rtl-full/Verilator shard 3/5-4             ]   | g++   -O3 -DVERILATOR_INTERNAL_ -MMD -I. -I.. -I.. -I../../include -I../../include -MP  -Wno-shadow -Wno-unused-parameter -faligned-new -fno-exceptions -DDEFENV_SYSTEMC=\"\" -DDEFENV_SYSTEMC_ARCH=\"\" -DDEFENV_SYSTEMC_INCLUDE=\"\" -DDEFENV_SYSTEMC_LIBDIR=\"\" -DDEFENV_VERILATOR_ROOT=\"/opt/verilator/share/verilator\" -include V3PchAstNoMT.h -c ../V3Interface.cpp -o V3Interface.o
[rtl-full/Verilator shard 3/5-4             ]   | g++   -O3 -DVERILATOR_INTERNAL_ -MMD -I. -I.. -I.. -I../../include -I../../include -MP  -Wno-shadow -Wno-unused-parameter -faligned-new -fno-exceptions -DDEFENV_SYSTEMC=\"\" -DDEFENV_SYSTEMC_ARCH=\"\" -DDEFENV_SYSTEMC_INCLUDE=\"\" -DDEFENV_SYSTEMC_LIBDIR=\"\" -DDEFENV_VERILATOR_ROOT=\"/opt/verilator/share/verilator\" -include V3PchAstNoMT.h -c ../V3LibMap.cpp -o V3LibMap.o
[rtl-full/Verilator shard 2/5-3             ]   | g++   -O3 -DVERILATOR_INTERNAL_ -MMD -I. -I.. -I.. -I../../include -I../../include -MP  -Wno-shadow -Wno-unused-parameter -faligned-new -fno-exceptions -DDEFENV_SYSTEMC=\"\" -DDEFENV_SYSTEMC_ARCH=\"\" -DDEFENV_SYSTEMC_INCLUDE=\"\" -DDEFENV_SYSTEMC_LIBDIR=\"\" -DDEFENV_VERILATOR_ROOT=\"/opt/verilator/share/verilator\" -include V3PchAstNoMT.h -c ../V3DfgDecomposition.cpp -o V3DfgDecomposition.o
[rtl-full/Verilator shard 2/5-3             ]   | g++   -O3 -DVERILATOR_INTERNAL_ -MMD -I. -I.. -I.. -I../../include -I../../include -MP  -Wno-shadow -Wno-unused-parameter -faligned-new -fno-exceptions -DDEFENV_SYSTEMC=\"\" -DDEFENV_SYSTEMC_ARCH=\"\" -DDEFENV_SYSTEMC_INCLUDE=\"\" -DDEFENV_SYSTEMC_LIBDIR=\"\" -DDEFENV_VERILATOR_ROOT=\"/opt/verilator/share/verilator\" -include V3PchAstNoMT.h -c ../V3DfgDfgToAst.cpp -o V3DfgDfgToAst.o
[rtl-full/Verilator shard 3/5-4             ]   | g++   -O3 -DVERILATOR_INTERNAL_ -MMD -I. -I.. -I.. -I../../include -I../../include -MP  -Wno-shadow -Wno-unused-parameter -faligned-new -fno-exceptions -DDEFENV_SYSTEMC=\"\" -DDEFENV_SYSTEMC_ARCH=\"\" -DDEFENV_SYSTEMC_INCLUDE=\"\" -DDEFENV_SYSTEMC_LIBDIR=\"\" -DDEFENV_VERILATOR_ROOT=\"/opt/verilator/share/verilator\" -include V3PchAstNoMT.h -c ../V3Life.cpp -o V3Life.o
[rtl-full/Verilator shard 0/5-1             ]   | g++   -O3 -DVERILATOR_INTERNAL_ -MMD -I. -I.. -I.. -I../../include -I../../include -MP  -Wno-shadow -Wno-unused-parameter -faligned-new -fno-exceptions -DDEFENV_SYSTEMC=\"\" -DDEFENV_SYSTEMC_ARCH=\"\" -DDEFENV_SYSTEMC_INCLUDE=\"\" -DDEFENV_SYSTEMC_LIBDIR=\"\" -DDEFENV_VERILATOR_ROOT=\"/opt/verilator/share/verilator\" -include V3PchAstNoMT.h -c ../V3LinkJump.cpp -o V3LinkJump.o
[rtl-full/Verilator shard 3/5-4             ]   | g++   -Og -ggdb -gz -DVL_DEBUG -D_GLIBCXX_DEBUG -DVERILATOR_INTERNAL_ -MMD -I. -I.. -I.. -I../../include -I../../include -MP  -Wno-shadow -Wno-unused-parameter -faligned-new -fno-exceptions -DDEFENV_SYSTEMC=\"\" -DDEFENV_SYSTEMC_ARCH=\"\" -DDEFENV_SYSTEMC_INCLUDE=\"\" -DDEFENV_SYSTEMC_LIBDIR=\"\" -DDEFENV_VERILATOR_ROOT=\"/opt/verilator/share/verilator\" -include V3PchAstNoMT.h -c ../V3EmitMk.cpp -o V3EmitMk.o
[rtl-full/Verilator shard 0/5-1             ]   | g++   -Og -ggdb -gz -DVL_DEBUG -D_GLIBCXX_DEBUG -DVERILATOR_INTERNAL_ -MMD -I. -I.. -I.. -I../../include -I../../include -MP  -Wno-shadow -Wno-unused-parameter -faligned-new -fno-exceptions -DDEFENV_SYSTEMC=\"\" -DDEFENV_SYSTEMC_ARCH=\"\" -DDEFENV_SYSTEMC_INCLUDE=\"\" -DDEFENV_SYSTEMC_LIBDIR=\"\" -DDEFENV_VERILATOR_ROOT=\"/opt/verilator/share/verilator\" -include V3PchAstNoMT.h -c ../V3DfgPasses.cpp -o V3DfgPasses.o
[rtl-full/Verilator shard 3/5-4             ]   | g++   -O3 -DVERILATOR_INTERNAL_ -MMD -I. -I.. -I.. -I../../include -I../../include -MP  -Wno-shadow -Wno-unused-parameter -faligned-new -fno-exceptions -DDEFENV_SYSTEMC=\"\" -DDEFENV_SYSTEMC_ARCH=\"\" -DDEFENV_SYSTEMC_INCLUDE=\"\" -DDEFENV_SYSTEMC_LIBDIR=\"\" -DDEFENV_VERILATOR_ROOT=\"/opt/verilator/share/verilator\" -include V3PchAstNoMT.h -c ../V3LifePost.cpp -o V3LifePost.o
[rtl-full/Verilator shard 0/5-1             ]   | g++   -Og -ggdb -gz -DVL_DEBUG -D_GLIBCXX_DEBUG -DVERILATOR_INTERNAL_ -MMD -I. -I.. -I.. -I../../include -I../../include -MP  -Wno-shadow -Wno-unused-parameter -faligned-new -fno-exceptions -DDEFENV_SYSTEMC=\"\" -DDEFENV_SYSTEMC_ARCH=\"\" -DDEFENV_SYSTEMC_INCLUDE=\"\" -DDEFENV_SYSTEMC_LIBDIR=\"\" -DDEFENV_VERILATOR_ROOT=\"/opt/verilator/share/verilator\" -include V3PchAstNoMT.h -c ../V3DfgPeephole.cpp -o V3DfgPeephole.o
[rtl-full/Verilator shard 1/5-2             ]   | g++   -O3 -DVERILATOR_INTERNAL_ -MMD -I. -I.. -I.. -I../../include -I../../include -MP  -Wno-shadow -Wno-unused-parameter -faligned-new -fno-exceptions -DDEFENV_SYSTEMC=\"\" -DDEFENV_SYSTEMC_ARCH=\"\" -DDEFENV_SYSTEMC_INCLUDE=\"\" -DDEFENV_SYSTEMC_LIBDIR=\"\" -DDEFENV_VERILATOR_ROOT=\"/opt/verilator/share/verilator\" -include V3PchAstNoMT.h -c ../V3Force.cpp -o V3Force.o
[rtl-full/Verilator shard 3/5-4             ]   | g++   -Og -ggdb -gz -DVL_DEBUG -D_GLIBCXX_DEBUG -DVERILATOR_INTERNAL_ -MMD -I. -I.. -I.. -I../../include -I../../include -MP  -Wno-shadow -Wno-unused-parameter -faligned-new -fno-exceptions -DDEFENV_SYSTEMC=\"\" -DDEFENV_SYSTEMC_ARCH=\"\" -DDEFENV_SYSTEMC_INCLUDE=\"\" -DDEFENV_SYSTEMC_LIBDIR=\"\" -DDEFENV_VERILATOR_ROOT=\"/opt/verilator/share/verilator\" -include V3PchAstNoMT.h -c ../V3EmitMkJson.cpp -o V3EmitMkJson.o
[rtl-full/Verilator shard 0/5-1             ]   | g++   -O3 -DVERILATOR_INTERNAL_ -MMD -I. -I.. -I.. -I../../include -I../../include -MP  -Wno-shadow -Wno-unused-parameter -faligned-new -fno-exceptions -DDEFENV_SYSTEMC=\"\" -DDEFENV_SYSTEMC_ARCH=\"\" -DDEFENV_SYSTEMC_INCLUDE=\"\" -DDEFENV_SYSTEMC_LIBDIR=\"\" -DDEFENV_VERILATOR_ROOT=\"/opt/verilator/share/verilator\" -include V3PchAstNoMT.h -c ../V3LinkLValue.cpp -o V3LinkLValue.o
[rtl-full/Verilator shard 2/5-3             ]   | g++   -Og -ggdb -gz -DVL_DEBUG -D_GLIBCXX_DEBUG -DVERILATOR_INTERNAL_ -MMD -I. -I.. -I.. -I../../include -I../../include -MP  -Wno-shadow -Wno-unused-parameter -faligned-new -fno-exceptions -DDEFENV_SYSTEMC=\"\" -DDEFENV_SYSTEMC_ARCH=\"\" -DDEFENV_SYSTEMC_INCLUDE=\"\" -DDEFENV_SYSTEMC_LIBDIR=\"\" -DDEFENV_VERILATOR_ROOT=\"/opt/verilator/share/verilator\" -include V3PchAstNoMT.h -c ../V3LinkInc.cpp -o V3LinkInc.o
[rtl-full/Verilator shard 3/5-4             ]   | g++   -O3 -DVERILATOR_INTERNAL_ -MMD -I. -I.. -I.. -I../../include -I../../include -MP  -Wno-shadow -Wno-unused-parameter -faligned-new -fno-exceptions -DDEFENV_SYSTEMC=\"\" -DDEFENV_SYSTEMC_ARCH=\"\" -DDEFENV_SYSTEMC_INCLUDE=\"\" -DDEFENV_SYSTEMC_LIBDIR=\"\" -DDEFENV_VERILATOR_ROOT=\"/opt/verilator/share/verilator\" -include V3PchAstNoMT.h -c ../V3LiftExpr.cpp -o V3LiftExpr.o
[rtl-full/Verilator shard 3/5-4             ]   | g++   -O3 -DVERILATOR_INTERNAL_ -MMD -I. -I.. -I.. -I../../include -I../../include -MP  -Wno-shadow -Wno-unused-parameter -faligned-new -fno-exceptions -DDEFENV_SYSTEMC=\"\" -DDEFENV_SYSTEMC_ARCH=\"\" -DDEFENV_SYSTEMC_INCLUDE=\"\" -DDEFENV_SYSTEMC_LIBDIR=\"\" -DDEFENV_VERILATOR_ROOT=\"/opt/verilator/share/verilator\" -include V3PchAstNoMT.h -c ../V3LinkCells.cpp -o V3LinkCells.o
[rtl-full/Verilator shard 2/5-3             ]   | g++   -O3 -DVERILATOR_INTERNAL_ -MMD -I. -I.. -I.. -I../../include -I../../include -MP  -Wno-shadow -Wno-unused-parameter -faligned-new -fno-exceptions -DDEFENV_SYSTEMC=\"\" -DDEFENV_SYSTEMC_ARCH=\"\" -DDEFENV_SYSTEMC_INCLUDE=\"\" -DDEFENV_SYSTEMC_LIBDIR=\"\" -DDEFENV_VERILATOR_ROOT=\"/opt/verilator/share/verilator\" -include V3PchAstNoMT.h -c ../V3DfgOptimizer.cpp -o V3DfgOptimizer.o
[rtl-full/Verilator shard 1/5-2             ]   | g++   -O3 -DVERILATOR_INTERNAL_ -MMD -I. -I.. -I.. -I../../include -I../../include -MP  -Wno-shadow -Wno-unused-parameter -faligned-new -fno-exceptions -DDEFENV_SYSTEMC=\"\" -DDEFENV_SYSTEMC_ARCH=\"\" -DDEFENV_SYSTEMC_INCLUDE=\"\" -DDEFENV_SYSTEMC_LIBDIR=\"\" -DDEFENV_VERILATOR_ROOT=\"/opt/verilator/share/verilator\" -include V3PchAstNoMT.h -c ../V3FsmDetect.cpp -o V3FsmDetect.o
[rtl-full/Verilator shard 1/5-2             ]   | g++   -Og -ggdb -gz -DVL_DEBUG -D_GLIBCXX_DEBUG -DVERILATOR_INTERNAL_ -MMD -I. -I.. -I.. -I../../include -I../../include -MP  -Wno-shadow -Wno-unused-parameter -faligned-new -fno-exceptions -DDEFENV_SYSTEMC=\"\" -DDEFENV_SYSTEMC_ARCH=\"\" -DDEFENV_SYSTEMC_INCLUDE=\"\" -DDEFENV_SYSTEMC_LIBDIR=\"\" -DDEFENV_VERILATOR_ROOT=\"/opt/verilator/share/verilator\" -include V3PchAstNoMT.h -c ../V3Fork.cpp -o V3Fork.o
[rtl-full/Verilator shard 0/5-1             ]   | g++   -O3 -DVERILATOR_INTERNAL_ -MMD -I. -I.. -I.. -I../../include -I../../include -MP  -Wno-shadow -Wno-unused-parameter -faligned-new -fno-exceptions -DDEFENV_SYSTEMC=\"\" -DDEFENV_SYSTEMC_ARCH=\"\" -DDEFENV_SYSTEMC_INCLUDE=\"\" -DDEFENV_SYSTEMC_LIBDIR=\"\" -DDEFENV_VERILATOR_ROOT=\"/opt/verilator/share/verilator\" -include V3PchAstNoMT.h -c ../V3LinkLevel.cpp -o V3LinkLevel.o
[rtl-full/Verilator shard 0/5-1             ]   | g++   -O3 -DVERILATOR_INTERNAL_ -MMD -I. -I.. -I.. -I../../include -I../../include -MP  -Wno-shadow -Wno-unused-parameter -faligned-new -fno-exceptions -DDEFENV_SYSTEMC=\"\" -DDEFENV_SYSTEMC_ARCH=\"\" -DDEFENV_SYSTEMC_INCLUDE=\"\" -DDEFENV_SYSTEMC_LIBDIR=\"\" -DDEFENV_VERILATOR_ROOT=\"/opt/verilator/share/verilator\" -include V3PchAstNoMT.h -c ../V3LinkParse.cpp -o V3LinkParse.o
[rtl-full/Verilator shard 3/5-4             ]   | g++   -Og -ggdb -gz -DVL_DEBUG -D_GLIBCXX_DEBUG -DVERILATOR_INTERNAL_ -MMD -I. -I.. -I.. -I../../include -I../../include -MP  -Wno-shadow -Wno-unused-parameter -faligned-new -fno-exceptions -DDEFENV_SYSTEMC=\"\" -DDEFENV_SYSTEMC_ARCH=\"\" -DDEFENV_SYSTEMC_INCLUDE=\"\" -DDEFENV_SYSTEMC_LIBDIR=\"\" -DDEFENV_VERILATOR_ROOT=\"/opt/verilator/share/verilator\" -include V3PchAstNoMT.h -c ../V3ExecGraph.cpp -o V3ExecGraph.o
[rtl-full/Verilator shard 3/5-4             ]   | g++   -O3 -DVERILATOR_INTERNAL_ -MMD -I. -I.. -I.. -I../../include -I../../include -MP  -Wno-shadow -Wno-unused-parameter -faligned-new -fno-exceptions -DDEFENV_SYSTEMC=\"\" -DDEFENV_SYSTEMC_ARCH=\"\" -DDEFENV_SYSTEMC_INCLUDE=\"\" -DDEFENV_SYSTEMC_LIBDIR=\"\" -DDEFENV_VERILATOR_ROOT=\"/opt/verilator/share/verilator\" -include V3PchAstNoMT.h -c ../V3LinkDot.cpp -o V3LinkDot.o
[rtl-full/Verilator shard 2/5-3             ]   | g++   -O3 -DVERILATOR_INTERNAL_ -MMD -I. -I.. -I.. -I../../include -I../../include -MP  -Wno-shadow -Wno-unused-parameter -faligned-new -fno-exceptions -DDEFENV_SYSTEMC=\"\" -DDEFENV_SYSTEMC_ARCH=\"\" -DDEFENV_SYSTEMC_INCLUDE=\"\" -DDEFENV_SYSTEMC_LIBDIR=\"\" -DDEFENV_VERILATOR_ROOT=\"/opt/verilator/share/verilator\" -include V3PchAstNoMT.h -c ../V3DfgPasses.cpp -o V3DfgPasses.o
[rtl-full/Verilator shard 2/5-3             ]   | g++   -Og -ggdb -gz -DVL_DEBUG -D_GLIBCXX_DEBUG -DVERILATOR_INTERNAL_ -MMD -I. -I.. -I.. -I../../include -I../../include -MP  -Wno-shadow -Wno-unused-parameter -faligned-new -fno-exceptions -DDEFENV_SYSTEMC=\"\" -DDEFENV_SYSTEMC_ARCH=\"\" -DDEFENV_SYSTEMC_INCLUDE=\"\" -DDEFENV_SYSTEMC_LIBDIR=\"\" -DDEFENV_VERILATOR_ROOT=\"/opt/verilator/share/verilator\" -include V3PchAstNoMT.h -c ../V3LinkJump.cpp -o V3LinkJump.o
[rtl-full/Verilator shard 0/5-1             ]   | g++   -Og -ggdb -gz -DVL_DEBUG -D_GLIBCXX_DEBUG -DVERILATOR_INTERNAL_ -MMD -I. -I.. -I.. -I../../include -I../../include -MP  -Wno-shadow -Wno-unused-parameter -faligned-new -fno-exceptions -DDEFENV_SYSTEMC=\"\" -DDEFENV_SYSTEMC_ARCH=\"\" -DDEFENV_SYSTEMC_INCLUDE=\"\" -DDEFENV_SYSTEMC_LIBDIR=\"\" -DDEFENV_VERILATOR_ROOT=\"/opt/verilator/share/verilator\" -include V3PchAstNoMT.h -c ../V3DfgPushDownSels.cpp -o V3DfgPushDownSels.o
[rtl-full/Verilator shard 3/5-4             ]   | g++   -Og -ggdb -gz -DVL_DEBUG -D_GLIBCXX_DEBUG -DVERILATOR_INTERNAL_ -MMD -I. -I.. -I.. -I../../include -I../../include -MP  -Wno-shadow -Wno-unused-parameter -faligned-new -fno-exceptions -DDEFENV_SYSTEMC=\"\" -DDEFENV_SYSTEMC_ARCH=\"\" -DDEFENV_SYSTEMC_INCLUDE=\"\" -DDEFENV_SYSTEMC_LIBDIR=\"\" -DDEFENV_VERILATOR_ROOT=\"/opt/verilator/share/verilator\" -include V3PchAstNoMT.h -c ../V3Expand.cpp -o V3Expand.o
[rtl-full/Verilator shard 1/5-2             ]   | g++   -Og -ggdb -gz -DVL_DEBUG -D_GLIBCXX_DEBUG -DVERILATOR_INTERNAL_ -MMD -I. -I.. -I.. -I../../include -I../../include -MP  -Wno-shadow -Wno-unused-parameter -faligned-new -fno-exceptions -DDEFENV_SYSTEMC=\"\" -DDEFENV_SYSTEMC_ARCH=\"\" -DDEFENV_SYSTEMC_INCLUDE=\"\" -DDEFENV_SYSTEMC_LIBDIR=\"\" -DDEFENV_VERILATOR_ROOT=\"/opt/verilator/share/verilator\" -include V3PchAstNoMT.h -c ../V3Gate.cpp -o V3Gate.o
[rtl-full/Verilator shard 2/5-3             ]   | g++   -O3 -DVERILATOR_INTERNAL_ -MMD -I. -I.. -I.. -I../../include -I../../include -MP  -Wno-shadow -Wno-unused-parameter -faligned-new -fno-exceptions -DDEFENV_SYSTEMC=\"\" -DDEFENV_SYSTEMC_ARCH=\"\" -DDEFENV_SYSTEMC_INCLUDE=\"\" -DDEFENV_SYSTEMC_LIBDIR=\"\" -DDEFENV_VERILATOR_ROOT=\"/opt/verilator/share/verilator\" -include V3PchAstNoMT.h -c ../V3DfgPeephole.cpp -o V3DfgPeephole.o
[rtl-full/Verilator shard 1/5-2             ]   | g++   -O3 -DVERILATOR_INTERNAL_ -MMD -I. -I.. -I.. -I../../include -I../../include -MP  -Wno-shadow -Wno-unused-parameter -faligned-new -fno-exceptions -DDEFENV_SYSTEMC=\"\" -DDEFENV_SYSTEMC_ARCH=\"\" -DDEFENV_SYSTEMC_INCLUDE=\"\" -DDEFENV_SYSTEMC_LIBDIR=\"\" -DDEFENV_VERILATOR_ROOT=\"/opt/verilator/share/verilator\" -include V3PchAstNoMT.h -c ../V3Fork.cpp -o V3Fork.o
[rtl-full/Verilator shard 0/5-1             ]   | g++   -O3 -DVERILATOR_INTERNAL_ -MMD -I. -I.. -I.. -I../../include -I../../include -MP  -Wno-shadow -Wno-unused-parameter -faligned-new -fno-exceptions -DDEFENV_SYSTEMC=\"\" -DDEFENV_SYSTEMC_ARCH=\"\" -DDEFENV_SYSTEMC_INCLUDE=\"\" -DDEFENV_SYSTEMC_LIBDIR=\"\" -DDEFENV_VERILATOR_ROOT=\"/opt/verilator/share/verilator\" -include V3PchAstNoMT.h -c ../V3LinkResolve.cpp -o V3LinkResolve.o
[rtl-full/Verilator shard 3/5-4             ]   | g++   -O3 -DVERILATOR_INTERNAL_ -MMD -I. -I.. -I.. -I../../include -I../../include -MP  -Wno-shadow -Wno-unused-parameter -faligned-new -fno-exceptions -DDEFENV_SYSTEMC=\"\" -DDEFENV_SYSTEMC_ARCH=\"\" -DDEFENV_SYSTEMC_INCLUDE=\"\" -DDEFENV_SYSTEMC_LIBDIR=\"\" -DDEFENV_VERILATOR_ROOT=\"/opt/verilator/share/verilator\" -include V3PchAstNoMT.h -c ../V3LinkDotIfaceCapture.cpp -o V3LinkDotIfaceCapture.o
[rtl-full/Verilator shard 0/5-1             ]   | g++   -O3 -DVERILATOR_INTERNAL_ -MMD -I. -I.. -I.. -I../../include -I../../include -MP  -Wno-shadow -Wno-unused-parameter -faligned-new -fno-exceptions -DDEFENV_SYSTEMC=\"\" -DDEFENV_SYSTEMC_ARCH=\"\" -DDEFENV_SYSTEMC_INCLUDE=\"\" -DDEFENV_SYSTEMC_LIBDIR=\"\" -DDEFENV_VERILATOR_ROOT=\"/opt/verilator/share/verilator\" -include V3PchAstNoMT.h -c ../V3LinkWith.cpp -o V3LinkWith.o
[rtl-full/Verilator shard 1/5-2             ]   | g++   -Og -ggdb -gz -DVL_DEBUG -D_GLIBCXX_DEBUG -DVERILATOR_INTERNAL_ -MMD -I. -I.. -I.. -I../../include -I../../include -MP  -Wno-shadow -Wno-unused-parameter -faligned-new -fno-exceptions -DDEFENV_SYSTEMC=\"\" -DDEFENV_SYSTEMC_ARCH=\"\" -DDEFENV_SYSTEMC_INCLUDE=\"\" -DDEFENV_SYSTEMC_LIBDIR=\"\" -DDEFENV_VERILATOR_ROOT=\"/opt/verilator/share/verilator\" -include V3PchAstNoMT.h -c ../V3HierBlock.cpp -o V3HierBlock.o
[rtl-full/Verilator shard 2/5-3             ]   | g++   -O3 -DVERILATOR_INTERNAL_ -MMD -I. -I.. -I.. -I../../include -I../../include -MP  -Wno-shadow -Wno-unused-parameter -faligned-new -fno-exceptions -DDEFENV_SYSTEMC=\"\" -DDEFENV_SYSTEMC_ARCH=\"\" -DDEFENV_SYSTEMC_INCLUDE=\"\" -DDEFENV_SYSTEMC_LIBDIR=\"\" -DDEFENV_VERILATOR_ROOT=\"/opt/verilator/share/verilator\" -include V3PchAstNoMT.h -c ../V3DfgPushDownSels.cpp -o V3DfgPushDownSels.o
[rtl-full/Verilator shard 2/5-3             ]   | g++   -Og -ggdb -gz -DVL_DEBUG -D_GLIBCXX_DEBUG -DVERILATOR_INTERNAL_ -MMD -I. -I.. -I.. -I../../include -I../../include -MP  -Wno-shadow -Wno-unused-parameter -faligned-new -fno-exceptions -DDEFENV_SYSTEMC=\"\" -DDEFENV_SYSTEMC_ARCH=\"\" -DDEFENV_SYSTEMC_INCLUDE=\"\" -DDEFENV_SYSTEMC_LIBDIR=\"\" -DDEFENV_VERILATOR_ROOT=\"/opt/verilator/share/verilator\" -include V3PchAstNoMT.h -c ../V3LinkLValue.cpp -o V3LinkLValue.o
[rtl-full/Verilator shard 2/5-3             ]   | g++   -Og -ggdb -gz -DVL_DEBUG -D_GLIBCXX_DEBUG -DVERILATOR_INTERNAL_ -MMD -I. -I.. -I.. -I../../include -I../../include -MP  -Wno-shadow -Wno-unused-parameter -faligned-new -fno-exceptions -DDEFENV_SYSTEMC=\"\" -DDEFENV_SYSTEMC_ARCH=\"\" -DDEFENV_SYSTEMC_INCLUDE=\"\" -DDEFENV_SYSTEMC_LIBDIR=\"\" -DDEFENV_VERILATOR_ROOT=\"/opt/verilator/share/verilator\" -include V3PchAstNoMT.h -c ../V3LinkLevel.cpp -o V3LinkLevel.o
[rtl-full/Verilator shard 3/5-4             ]   | g++   -Og -ggdb -gz -DVL_DEBUG -D_GLIBCXX_DEBUG -DVERILATOR_INTERNAL_ -MMD -I. -I.. -I.. -I../../include -I../../include -MP  -Wno-shadow -Wno-unused-parameter -faligned-new -fno-exceptions -DDEFENV_SYSTEMC=\"\" -DDEFENV_SYSTEMC_ARCH=\"\" -DDEFENV_SYSTEMC_INCLUDE=\"\" -DDEFENV_SYSTEMC_LIBDIR=\"\" -DDEFENV_VERILATOR_ROOT=\"/opt/verilator/share/verilator\" -include V3PchAstNoMT.h -c ../V3Force.cpp -o V3Force.o
[rtl-full/Verilator shard 0/5-1             ]   | g++   -O3 -DVERILATOR_INTERNAL_ -MMD -I. -I.. -I.. -I../../include -I../../include -MP  -Wno-shadow -Wno-unused-parameter -faligned-new -fno-exceptions -DDEFENV_SYSTEMC=\"\" -DDEFENV_SYSTEMC_ARCH=\"\" -DDEFENV_SYSTEMC_INCLUDE=\"\" -DDEFENV_SYSTEMC_LIBDIR=\"\" -DDEFENV_VERILATOR_ROOT=\"/opt/verilator/share/verilator\" -include V3PchAstNoMT.h -c ../V3Localize.cpp -o V3Localize.o
[rtl-full/Verilator shard 0/5-1             ]   | g++   -O3 -DVERILATOR_INTERNAL_ -MMD -I. -I.. -I.. -I../../include -I../../include -MP  -Wno-shadow -Wno-unused-parameter -faligned-new -fno-exceptions -DDEFENV_SYSTEMC=\"\" -DDEFENV_SYSTEMC_ARCH=\"\" -DDEFENV_SYSTEMC_INCLUDE=\"\" -DDEFENV_SYSTEMC_LIBDIR=\"\" -DDEFENV_VERILATOR_ROOT=\"/opt/verilator/share/verilator\" -include V3PchAstNoMT.h -c ../V3MergeCond.cpp -o V3MergeCond.o
[rtl-full/Verilator shard 1/5-2             ]   | g++   -O3 -DVERILATOR_INTERNAL_ -MMD -I. -I.. -I.. -I../../include -I../../include -MP  -Wno-shadow -Wno-unused-parameter -faligned-new -fno-exceptions -DDEFENV_SYSTEMC=\"\" -DDEFENV_SYSTEMC_ARCH=\"\" -DDEFENV_SYSTEMC_INCLUDE=\"\" -DDEFENV_SYSTEMC_LIBDIR=\"\" -DDEFENV_VERILATOR_ROOT=\"/opt/verilator/share/verilator\" -include V3PchAstNoMT.h -c ../V3Gate.cpp -o V3Gate.o
[rtl-full/Verilator shard 2/5-3             ]   | g++   -Og -ggdb -gz -DVL_DEBUG -D_GLIBCXX_DEBUG -DVERILATOR_INTERNAL_ -MMD -I. -I.. -I.. -I../../include -I../../include -MP  -Wno-shadow -Wno-unused-parameter -faligned-new -fno-exceptions -DDEFENV_SYSTEMC=\"\" -DDEFENV_SYSTEMC_ARCH=\"\" -DDEFENV_SYSTEMC_INCLUDE=\"\" -DDEFENV_SYSTEMC_LIBDIR=\"\" -DDEFENV_VERILATOR_ROOT=\"/opt/verilator/share/verilator\" -include V3PchAstNoMT.h -c ../V3LinkParse.cpp -o V3LinkParse.o
[rtl-full/Verilator shard 0/5-1             ]   | g++   -Og -ggdb -gz -DVL_DEBUG -D_GLIBCXX_DEBUG -DVERILATOR_INTERNAL_ -MMD -I. -I.. -I.. -I../../include -I../../include -MP  -Wno-shadow -Wno-unused-parameter -faligned-new -fno-exceptions -DDEFENV_SYSTEMC=\"\" -DDEFENV_SYSTEMC_ARCH=\"\" -DDEFENV_SYSTEMC_INCLUDE=\"\" -DDEFENV_SYSTEMC_LIBDIR=\"\" -DDEFENV_VERILATOR_ROOT=\"/opt/verilator/share/verilator\" -include V3PchAstNoMT.h -c ../V3DfgRegularize.cpp -o V3DfgRegularize.o
[rtl-full/Verilator shard 3/5-4             ]   | g++   -Og -ggdb -gz -DVL_DEBUG -D_GLIBCXX_DEBUG -DVERILATOR_INTERNAL_ -MMD -I. -I.. -I.. -I../../include -I../../include -MP  -Wno-shadow -Wno-unused-parameter -faligned-new -fno-exceptions -DDEFENV_SYSTEMC=\"\" -DDEFENV_SYSTEMC_ARCH=\"\" -DDEFENV_SYSTEMC_INCLUDE=\"\" -DDEFENV_SYSTEMC_LIBDIR=\"\" -DDEFENV_VERILATOR_ROOT=\"/opt/verilator/share/verilator\" -include V3PchAstNoMT.h -c ../V3FsmDetect.cpp -o V3FsmDetect.o
[rtl-full/Verilator shard 1/5-2             ]   | g++   -O3 -DVERILATOR_INTERNAL_ -MMD -I. -I.. -I.. -I../../include -I../../include -MP  -Wno-shadow -Wno-unused-parameter -faligned-new -fno-exceptions -DDEFENV_SYSTEMC=\"\" -DDEFENV_SYSTEMC_ARCH=\"\" -DDEFENV_SYSTEMC_INCLUDE=\"\" -DDEFENV_SYSTEMC_LIBDIR=\"\" -DDEFENV_VERILATOR_ROOT=\"/opt/verilator/share/verilator\" -include V3PchAstNoMT.h -c ../V3HierBlock.cpp -o V3HierBlock.o
[rtl-full/Verilator shard 2/5-3             ]   | g++   -O3 -DVERILATOR_INTERNAL_ -MMD -I. -I.. -I.. -I../../include -I../../include -MP  -Wno-shadow -Wno-unused-parameter -faligned-new -fno-exceptions -DDEFENV_SYSTEMC=\"\" -DDEFENV_SYSTEMC_ARCH=\"\" -DDEFENV_SYSTEMC_INCLUDE=\"\" -DDEFENV_SYSTEMC_LIBDIR=\"\" -DDEFENV_VERILATOR_ROOT=\"/opt/verilator/share/verilator\" -include V3PchAstNoMT.h -c ../V3DfgRegularize.cpp -o V3DfgRegularize.o
[rtl-full/Verilator shard 3/5-4             ]   | g++   -O3 -DVERILATOR_INTERNAL_ -MMD -I. -I.. -I.. -I../../include -I../../include -MP  -Wno-shadow -Wno-unused-parameter -faligned-new -fno-exceptions -DDEFENV_SYSTEMC=\"\" -DDEFENV_SYSTEMC_ARCH=\"\" -DDEFENV_SYSTEMC_INCLUDE=\"\" -DDEFENV_SYSTEMC_LIBDIR=\"\" -DDEFENV_VERILATOR_ROOT=\"/opt/verilator/share/verilator\" -include V3PchAstNoMT.h -c ../V3LinkInc.cpp -o V3LinkInc.o
[rtl-full/Verilator shard 0/5-1             ]   | g++   -O3 -DVERILATOR_INTERNAL_ -MMD -I. -I.. -I.. -I../../include -I../../include -MP  -Wno-shadow -Wno-unused-parameter -faligned-new -fno-exceptions -DDEFENV_SYSTEMC=\"\" -DDEFENV_SYSTEMC_ARCH=\"\" -DDEFENV_SYSTEMC_INCLUDE=\"\" -DDEFENV_SYSTEMC_LIBDIR=\"\" -DDEFENV_VERILATOR_ROOT=\"/opt/verilator/share/verilator\" -include V3PchAstNoMT.h -c ../V3Name.cpp -o V3Name.o
[rtl-full/Verilator shard 2/5-3             ]   | g++   -Og -ggdb -gz -DVL_DEBUG -D_GLIBCXX_DEBUG -DVERILATOR_INTERNAL_ -MMD -I. -I.. -I.. -I../../include -I../../include -MP  -Wno-shadow -Wno-unused-parameter -faligned-new -fno-exceptions -DDEFENV_SYSTEMC=\"\" -DDEFENV_SYSTEMC_ARCH=\"\" -DDEFENV_SYSTEMC_INCLUDE=\"\" -DDEFENV_SYSTEMC_LIBDIR=\"\" -DDEFENV_VERILATOR_ROOT=\"/opt/verilator/share/verilator\" -include V3PchAstNoMT.h -c ../V3LinkResolve.cpp -o V3LinkResolve.o
[rtl-full/Verilator shard 1/5-2             ]   | g++   -Og -ggdb -gz -DVL_DEBUG -D_GLIBCXX_DEBUG -DVERILATOR_INTERNAL_ -MMD -I. -I.. -I.. -I../../include -I../../include -MP  -Wno-shadow -Wno-unused-parameter -faligned-new -fno-exceptions -DDEFENV_SYSTEMC=\"\" -DDEFENV_SYSTEMC_ARCH=\"\" -DDEFENV_SYSTEMC_INCLUDE=\"\" -DDEFENV_SYSTEMC_LIBDIR=\"\" -DDEFENV_VERILATOR_ROOT=\"/opt/verilator/share/verilator\" -include V3PchAstNoMT.h -c ../V3Inline.cpp -o V3Inline.o
[rtl-full/Verilator shard 0/5-1             ]   | g++   -Og -ggdb -gz -DVL_DEBUG -D_GLIBCXX_DEBUG -DVERILATOR_INTERNAL_ -MMD -I. -I.. -I.. -I../../include -I../../include -MP  -Wno-shadow -Wno-unused-parameter -faligned-new -fno-exceptions -DDEFENV_SYSTEMC=\"\" -DDEFENV_SYSTEMC_ARCH=\"\" -DDEFENV_SYSTEMC_INCLUDE=\"\" -DDEFENV_SYSTEMC_LIBDIR=\"\" -DDEFENV_VERILATOR_ROOT=\"/opt/verilator/share/verilator\" -include V3PchAstNoMT.h -c ../V3DfgSynthesize.cpp -o V3DfgSynthesize.o
[rtl-full/Verilator shard 1/5-2             ]   | g++   -Og -ggdb -gz -DVL_DEBUG -D_GLIBCXX_DEBUG -DVERILATOR_INTERNAL_ -MMD -I. -I.. -I.. -I../../include -I../../include -MP  -Wno-shadow -Wno-unused-parameter -faligned-new -fno-exceptions -DDEFENV_SYSTEMC=\"\" -DDEFENV_SYSTEMC_ARCH=\"\" -DDEFENV_SYSTEMC_INCLUDE=\"\" -DDEFENV_SYSTEMC_LIBDIR=\"\" -DDEFENV_VERILATOR_ROOT=\"/opt/verilator/share/verilator\" -include V3PchAstNoMT.h -c ../V3InlineCFuncs.cpp -o V3InlineCFuncs.o
[rtl-full/Verilator shard 2/5-3             ]   | g++   -O3 -DVERILATOR_INTERNAL_ -MMD -I. -I.. -I.. -I../../include -I../../include -MP  -Wno-shadow -Wno-unused-parameter -faligned-new -fno-exceptions -DDEFENV_SYSTEMC=\"\" -DDEFENV_SYSTEMC_ARCH=\"\" -DDEFENV_SYSTEMC_INCLUDE=\"\" -DDEFENV_SYSTEMC_LIBDIR=\"\" -DDEFENV_VERILATOR_ROOT=\"/opt/verilator/share/verilator\" -include V3PchAstNoMT.h -c ../V3DfgSynthesize.cpp -o V3DfgSynthesize.o
[rtl-full/Verilator shard 0/5-1             ]   | g++   -O3 -DVERILATOR_INTERNAL_ -MMD -I. -I.. -I.. -I../../include -I../../include -MP  -Wno-shadow -Wno-unused-parameter -faligned-new -fno-exceptions -DDEFENV_SYSTEMC=\"\" -DDEFENV_SYSTEMC_ARCH=\"\" -DDEFENV_SYSTEMC_INCLUDE=\"\" -DDEFENV_SYSTEMC_LIBDIR=\"\" -DDEFENV_VERILATOR_ROOT=\"/opt/verilator/share/verilator\" -include V3PchAstNoMT.h -c ../V3Order.cpp -o V3Order.o
[rtl-full/Verilator shard 1/5-2             ]   | g++   -O3 -DVERILATOR_INTERNAL_ -MMD -I. -I.. -I.. -I../../include -I../../include -MP  -Wno-shadow -Wno-unused-parameter -faligned-new -fno-exceptions -DDEFENV_SYSTEMC=\"\" -DDEFENV_SYSTEMC_ARCH=\"\" -DDEFENV_SYSTEMC_INCLUDE=\"\" -DDEFENV_SYSTEMC_LIBDIR=\"\" -DDEFENV_VERILATOR_ROOT=\"/opt/verilator/share/verilator\" -include V3PchAstNoMT.h -c ../V3Inline.cpp -o V3Inline.o
[rtl-full/Verilator shard 3/5-4             ]   | g++   -O3 -DVERILATOR_INTERNAL_ -MMD -I. -I.. -I.. -I../../include -I../../include -MP  -Wno-shadow -Wno-unused-parameter -faligned-new -fno-exceptions -DDEFENV_SYSTEMC=\"\" -DDEFENV_SYSTEMC_ARCH=\"\" -DDEFENV_SYSTEMC_INCLUDE=\"\" -DDEFENV_SYSTEMC_LIBDIR=\"\" -DDEFENV_VERILATOR_ROOT=\"/opt/verilator/share/verilator\" -include V3PchAstNoMT.h -c ../V3LinkJump.cpp -o V3LinkJump.o
[rtl-full/Verilator shard 0/5-1             ]   | g++   -Og -ggdb -gz -DVL_DEBUG -D_GLIBCXX_DEBUG -DVERILATOR_INTERNAL_ -MMD -I. -I.. -I.. -I../../include -I../../include -MP  -Wno-shadow -Wno-unused-parameter -faligned-new -fno-exceptions -DDEFENV_SYSTEMC=\"\" -DDEFENV_SYSTEMC_ARCH=\"\" -DDEFENV_SYSTEMC_INCLUDE=\"\" -DDEFENV_SYSTEMC_LIBDIR=\"\" -DDEFENV_VERILATOR_ROOT=\"/opt/verilator/share/verilator\" -include V3PchAstNoMT.h -c ../V3DiagSarif.cpp -o V3DiagSarif.o
[rtl-full/Verilator shard 2/5-3             ]   | g++   -Og -ggdb -gz -DVL_DEBUG -D_GLIBCXX_DEBUG -DVERILATOR_INTERNAL_ -MMD -I. -I.. -I.. -I../../include -I../../include -MP  -Wno-shadow -Wno-unused-parameter -faligned-new -fno-exceptions -DDEFENV_SYSTEMC=\"\" -DDEFENV_SYSTEMC_ARCH=\"\" -DDEFENV_SYSTEMC_INCLUDE=\"\" -DDEFENV_SYSTEMC_LIBDIR=\"\" -DDEFENV_VERILATOR_ROOT=\"/opt/verilator/share/verilator\" -include V3PchAstNoMT.h -c ../V3LinkWith.cpp -o V3LinkWith.o
[rtl-full/Verilator shard 2/5-3             ]   | g++   -Og -ggdb -gz -DVL_DEBUG -D_GLIBCXX_DEBUG -DVERILATOR_INTERNAL_ -MMD -I. -I.. -I.. -I../../include -I../../include -MP  -Wno-shadow -Wno-unused-parameter -faligned-new -fno-exceptions -DDEFENV_SYSTEMC=\"\" -DDEFENV_SYSTEMC_ARCH=\"\" -DDEFENV_SYSTEMC_INCLUDE=\"\" -DDEFENV_SYSTEMC_LIBDIR=\"\" -DDEFENV_VERILATOR_ROOT=\"/opt/verilator/share/verilator\" -include V3PchAstNoMT.h -c ../V3Localize.cpp -o V3Localize.o
[rtl-full/Verilator shard 0/5-1             ]   | g++   -O3 -DVERILATOR_INTERNAL_ -MMD -I. -I.. -I.. -I../../include -I../../include -MP  -Wno-shadow -Wno-unused-parameter -faligned-new -fno-exceptions -DDEFENV_SYSTEMC=\"\" -DDEFENV_SYSTEMC_ARCH=\"\" -DDEFENV_SYSTEMC_INCLUDE=\"\" -DDEFENV_SYSTEMC_LIBDIR=\"\" -DDEFENV_VERILATOR_ROOT=\"/opt/verilator/share/verilator\" -include V3PchAstNoMT.h -c ../V3OrderGraphBuilder.cpp -o V3OrderGraphBuilder.o
[rtl-full/Verilator shard 1/5-2             ]   | g++   -Og -ggdb -gz -DVL_DEBUG -D_GLIBCXX_DEBUG -DVERILATOR_INTERNAL_ -MMD -I. -I.. -I.. -I../../include -I../../include -MP  -Wno-shadow -Wno-unused-parameter -faligned-new -fno-exceptions -DDEFENV_SYSTEMC=\"\" -DDEFENV_SYSTEMC_ARCH=\"\" -DDEFENV_SYSTEMC_INCLUDE=\"\" -DDEFENV_SYSTEMC_LIBDIR=\"\" -DDEFENV_VERILATOR_ROOT=\"/opt/verilator/share/verilator\" -include V3PchAstNoMT.h -c ../V3Inst.cpp -o V3Inst.o
[rtl-full/Verilator shard 0/5-1             ]   | g++   -O3 -DVERILATOR_INTERNAL_ -MMD -I. -I.. -I.. -I../../include -I../../include -MP  -Wno-shadow -Wno-unused-parameter -faligned-new -fno-exceptions -DDEFENV_SYSTEMC=\"\" -DDEFENV_SYSTEMC_ARCH=\"\" -DDEFENV_SYSTEMC_INCLUDE=\"\" -DDEFENV_SYSTEMC_LIBDIR=\"\" -DDEFENV_VERILATOR_ROOT=\"/opt/verilator/share/verilator\" -include V3PchAstNoMT.h -c ../V3OrderMoveGraph.cpp -o V3OrderMoveGraph.o
[rtl-full/Verilator shard 1/5-2             ]   | g++   -O3 -DVERILATOR_INTERNAL_ -MMD -I. -I.. -I.. -I../../include -I../../include -MP  -Wno-shadow -Wno-unused-parameter -faligned-new -fno-exceptions -DDEFENV_SYSTEMC=\"\" -DDEFENV_SYSTEMC_ARCH=\"\" -DDEFENV_SYSTEMC_INCLUDE=\"\" -DDEFENV_SYSTEMC_LIBDIR=\"\" -DDEFENV_VERILATOR_ROOT=\"/opt/verilator/share/verilator\" -include V3PchAstNoMT.h -c ../V3InlineCFuncs.cpp -o V3InlineCFuncs.o
[rtl-full/Verilator shard 2/5-3             ]   | g++   -Og -ggdb -gz -DVL_DEBUG -D_GLIBCXX_DEBUG -DVERILATOR_INTERNAL_ -MMD -I. -I.. -I.. -I../../include -I../../include -MP  -Wno-shadow -Wno-unused-parameter -faligned-new -fno-exceptions -DDEFENV_SYSTEMC=\"\" -DDEFENV_SYSTEMC_ARCH=\"\" -DDEFENV_SYSTEMC_INCLUDE=\"\" -DDEFENV_SYSTEMC_LIBDIR=\"\" -DDEFENV_VERILATOR_ROOT=\"/opt/verilator/share/verilator\" -include V3PchAstNoMT.h -c ../V3MergeCond.cpp -o V3MergeCond.o
[rtl-full/Verilator shard 1/5-2             ]   | g++   -Og -ggdb -gz -DVL_DEBUG -D_GLIBCXX_DEBUG -DVERILATOR_INTERNAL_ -MMD -I. -I.. -I.. -I../../include -I../../include -MP  -Wno-shadow -Wno-unused-parameter -faligned-new -fno-exceptions -DDEFENV_SYSTEMC=\"\" -DDEFENV_SYSTEMC_ARCH=\"\" -DDEFENV_SYSTEMC_INCLUDE=\"\" -DDEFENV_SYSTEMC_LIBDIR=\"\" -DDEFENV_VERILATOR_ROOT=\"/opt/verilator/share/verilator\" -include V3PchAstNoMT.h -c ../V3InstrCount.cpp -o V3InstrCount.o
[rtl-full/Verilator shard 3/5-4             ]   | g++   -Og -ggdb -gz -DVL_DEBUG -D_GLIBCXX_DEBUG -DVERILATOR_INTERNAL_ -MMD -I. -I.. -I.. -I../../include -I../../include -MP  -Wno-shadow -Wno-unused-parameter -faligned-new -fno-exceptions -DDEFENV_SYSTEMC=\"\" -DDEFENV_SYSTEMC_ARCH=\"\" -DDEFENV_SYSTEMC_INCLUDE=\"\" -DDEFENV_SYSTEMC_LIBDIR=\"\" -DDEFENV_VERILATOR_ROOT=\"/opt/verilator/share/verilator\" -include V3PchAstNoMT.h -c ../V3Fork.cpp -o V3Fork.o
[rtl-full/Verilator shard 2/5-3             ]   | g++   -O3 -DVERILATOR_INTERNAL_ -MMD -I. -I.. -I.. -I../../include -I../../include -MP  -Wno-shadow -Wno-unused-parameter -faligned-new -fno-exceptions -DDEFENV_SYSTEMC=\"\" -DDEFENV_SYSTEMC_ARCH=\"\" -DDEFENV_SYSTEMC_INCLUDE=\"\" -DDEFENV_SYSTEMC_LIBDIR=\"\" -DDEFENV_VERILATOR_ROOT=\"/opt/verilator/share/verilator\" -include V3PchAstNoMT.h -c ../V3DiagSarif.cpp -o V3DiagSarif.o
[rtl-full/Verilator shard 1/5-2             ]   | g++   -O3 -DVERILATOR_INTERNAL_ -MMD -I. -I.. -I.. -I../../include -I../../include -MP  -Wno-shadow -Wno-unused-parameter -faligned-new -fno-exceptions -DDEFENV_SYSTEMC=\"\" -DDEFENV_SYSTEMC_ARCH=\"\" -DDEFENV_SYSTEMC_INCLUDE=\"\" -DDEFENV_SYSTEMC_LIBDIR=\"\" -DDEFENV_VERILATOR_ROOT=\"/opt/verilator/share/verilator\" -include V3PchAstNoMT.h -c ../V3Inst.cpp -o V3Inst.o
[rtl-full/Verilator shard 2/5-3             ]   | g++   -Og -ggdb -gz -DVL_DEBUG -D_GLIBCXX_DEBUG -DVERILATOR_INTERNAL_ -MMD -I. -I.. -I.. -I../../include -I../../include -MP  -Wno-shadow -Wno-unused-parameter -faligned-new -fno-exceptions -DDEFENV_SYSTEMC=\"\" -DDEFENV_SYSTEMC_ARCH=\"\" -DDEFENV_SYSTEMC_INCLUDE=\"\" -DDEFENV_SYSTEMC_LIBDIR=\"\" -DDEFENV_VERILATOR_ROOT=\"/opt/verilator/share/verilator\" -include V3PchAstNoMT.h -c ../V3Name.cpp -o V3Name.o
[rtl-full/Verilator shard 3/5-4             ]   | g++   -O3 -DVERILATOR_INTERNAL_ -MMD -I. -I.. -I.. -I../../include -I../../include -MP  -Wno-shadow -Wno-unused-parameter -faligned-new -fno-exceptions -DDEFENV_SYSTEMC=\"\" -DDEFENV_SYSTEMC_ARCH=\"\" -DDEFENV_SYSTEMC_INCLUDE=\"\" -DDEFENV_SYSTEMC_LIBDIR=\"\" -DDEFENV_VERILATOR_ROOT=\"/opt/verilator/share/verilator\" -include V3PchAstNoMT.h -c ../V3LinkLValue.cpp -o V3LinkLValue.o
[rtl-full/Verilator shard 0/5-1             ]   | g++   -O3 -DVERILATOR_INTERNAL_ -MMD -I. -I.. -I.. -I../../include -I../../include -MP  -Wno-shadow -Wno-unused-parameter -faligned-new -fno-exceptions -DDEFENV_SYSTEMC=\"\" -DDEFENV_SYSTEMC_ARCH=\"\" -DDEFENV_SYSTEMC_INCLUDE=\"\" -DDEFENV_SYSTEMC_LIBDIR=\"\" -DDEFENV_VERILATOR_ROOT=\"/opt/verilator/share/verilator\" -include V3PchAstNoMT.h -c ../V3OrderParallel.cpp -o V3OrderParallel.o
[rtl-full/Verilator shard 0/5-1             ]   | g++   -Og -ggdb -gz -DVL_DEBUG -D_GLIBCXX_DEBUG -DVERILATOR_INTERNAL_ -MMD -I. -I.. -I.. -I../../include -I../../include -MP  -Wno-shadow -Wno-unused-parameter -faligned-new -fno-exceptions -DDEFENV_SYSTEMC=\"\" -DDEFENV_SYSTEMC_ARCH=\"\" -DDEFENV_SYSTEMC_INCLUDE=\"\" -DDEFENV_SYSTEMC_LIBDIR=\"\" -DDEFENV_VERILATOR_ROOT=\"/opt/verilator/share/verilator\" -include V3PchAstNoMT.h -c ../V3DupFinder.cpp -o V3DupFinder.o
[rtl-full/Verilator shard 0/5-1             ]   | g++   -O3 -DVERILATOR_INTERNAL_ -MMD -I. -I.. -I.. -I../../include -I../../include -MP  -Wno-shadow -Wno-unused-parameter -faligned-new -fno-exceptions -DDEFENV_SYSTEMC=\"\" -DDEFENV_SYSTEMC_ARCH=\"\" -DDEFENV_SYSTEMC_INCLUDE=\"\" -DDEFENV_SYSTEMC_LIBDIR=\"\" -DDEFENV_VERILATOR_ROOT=\"/opt/verilator/share/verilator\" -include V3PchAstNoMT.h -c ../V3OrderProcessDomains.cpp -o V3OrderProcessDomains.o
[rtl-full/Verilator shard 1/5-2             ]   | g++   -Og -ggdb -gz -DVL_DEBUG -D_GLIBCXX_DEBUG -DVERILATOR_INTERNAL_ -MMD -I. -I.. -I.. -I../../include -I../../include -MP  -Wno-shadow -Wno-unused-parameter -faligned-new -fno-exceptions -DDEFENV_SYSTEMC=\"\" -DDEFENV_SYSTEMC_ARCH=\"\" -DDEFENV_SYSTEMC_INCLUDE=\"\" -DDEFENV_SYSTEMC_LIBDIR=\"\" -DDEFENV_VERILATOR_ROOT=\"/opt/verilator/share/verilator\" -include V3PchAstNoMT.h -c ../V3Interface.cpp -o V3Interface.o
[rtl-full/Verilator shard 1/5-2             ]   | g++   -O3 -DVERILATOR_INTERNAL_ -MMD -I. -I.. -I.. -I../../include -I../../include -MP  -Wno-shadow -Wno-unused-parameter -faligned-new -fno-exceptions -DDEFENV_SYSTEMC=\"\" -DDEFENV_SYSTEMC_ARCH=\"\" -DDEFENV_SYSTEMC_INCLUDE=\"\" -DDEFENV_SYSTEMC_LIBDIR=\"\" -DDEFENV_VERILATOR_ROOT=\"/opt/verilator/share/verilator\" -include V3PchAstNoMT.h -c ../V3InstrCount.cpp -o V3InstrCount.o
[rtl-full/Verilator shard 3/5-4             ]   | g++   -O3 -DVERILATOR_INTERNAL_ -MMD -I. -I.. -I.. -I../../include -I../../include -MP  -Wno-shadow -Wno-unused-parameter -faligned-new -fno-exceptions -DDEFENV_SYSTEMC=\"\" -DDEFENV_SYSTEMC_ARCH=\"\" -DDEFENV_SYSTEMC_INCLUDE=\"\" -DDEFENV_SYSTEMC_LIBDIR=\"\" -DDEFENV_VERILATOR_ROOT=\"/opt/verilator/share/verilator\" -include V3PchAstNoMT.h -c ../V3LinkLevel.cpp -o V3LinkLevel.o
[rtl-full/Verilator shard 1/5-2             ]   | g++   -Og -ggdb -gz -DVL_DEBUG -D_GLIBCXX_DEBUG -DVERILATOR_INTERNAL_ -MMD -I. -I.. -I.. -I../../include -I../../include -MP  -Wno-shadow -Wno-unused-parameter -faligned-new -fno-exceptions -DDEFENV_SYSTEMC=\"\" -DDEFENV_SYSTEMC_ARCH=\"\" -DDEFENV_SYSTEMC_INCLUDE=\"\" -DDEFENV_SYSTEMC_LIBDIR=\"\" -DDEFENV_VERILATOR_ROOT=\"/opt/verilator/share/verilator\" -include V3PchAstNoMT.h -c ../V3LibMap.cpp -o V3LibMap.o
[rtl-full/Verilator shard 2/5-3             ]   | g++   -Og -ggdb -gz -DVL_DEBUG -D_GLIBCXX_DEBUG -DVERILATOR_INTERNAL_ -MMD -I. -I.. -I.. -I../../include -I../../include -MP  -Wno-shadow -Wno-unused-parameter -faligned-new -fno-exceptions -DDEFENV_SYSTEMC=\"\" -DDEFENV_SYSTEMC_ARCH=\"\" -DDEFENV_SYSTEMC_INCLUDE=\"\" -DDEFENV_SYSTEMC_LIBDIR=\"\" -DDEFENV_VERILATOR_ROOT=\"/opt/verilator/share/verilator\" -include V3PchAstNoMT.h -c ../V3Order.cpp -o V3Order.o
[rtl-full/Verilator shard 2/5-3             ]   | g++   -O3 -DVERILATOR_INTERNAL_ -MMD -I. -I.. -I.. -I../../include -I../../include -MP  -Wno-shadow -Wno-unused-parameter -faligned-new -fno-exceptions -DDEFENV_SYSTEMC=\"\" -DDEFENV_SYSTEMC_ARCH=\"\" -DDEFENV_SYSTEMC_INCLUDE=\"\" -DDEFENV_SYSTEMC_LIBDIR=\"\" -DDEFENV_VERILATOR_ROOT=\"/opt/verilator/share/verilator\" -include V3PchAstNoMT.h -c ../V3DupFinder.cpp -o V3DupFinder.o
[rtl-full/Verilator shard 1/5-2             ]   | g++   -Og -ggdb -gz -DVL_DEBUG -D_GLIBCXX_DEBUG -DVERILATOR_INTERNAL_ -MMD -I. -I.. -I.. -I../../include -I../../include -MP  -Wno-shadow -Wno-unused-parameter -faligned-new -fno-exceptions -DDEFENV_SYSTEMC=\"\" -DDEFENV_SYSTEMC_ARCH=\"\" -DDEFENV_SYSTEMC_INCLUDE=\"\" -DDEFENV_SYSTEMC_LIBDIR=\"\" -DDEFENV_VERILATOR_ROOT=\"/opt/verilator/share/verilator\" -include V3PchAstNoMT.h -c ../V3Life.cpp -o V3Life.o
[rtl-full/Verilator shard 0/5-1             ]   | g++   -Og -ggdb -gz -DVL_DEBUG -D_GLIBCXX_DEBUG -DVERILATOR_INTERNAL_ -MMD -I. -I.. -I.. -I../../include -I../../include -MP  -Wno-shadow -Wno-unused-parameter -faligned-new -fno-exceptions -DDEFENV_SYSTEMC=\"\" -DDEFENV_SYSTEMC_ARCH=\"\" -DDEFENV_SYSTEMC_INCLUDE=\"\" -DDEFENV_SYSTEMC_LIBDIR=\"\" -DDEFENV_VERILATOR_ROOT=\"/opt/verilator/share/verilator\" -include V3PchAstNoMT.h -c ../V3EmitCMain.cpp -o V3EmitCMain.o
[rtl-full/Verilator shard 3/5-4             ]   | g++   -Og -ggdb -gz -DVL_DEBUG -D_GLIBCXX_DEBUG -DVERILATOR_INTERNAL_ -MMD -I. -I.. -I.. -I../../include -I../../include -MP  -Wno-shadow -Wno-unused-parameter -faligned-new -fno-exceptions -DDEFENV_SYSTEMC=\"\" -DDEFENV_SYSTEMC_ARCH=\"\" -DDEFENV_SYSTEMC_INCLUDE=\"\" -DDEFENV_SYSTEMC_LIBDIR=\"\" -DDEFENV_VERILATOR_ROOT=\"/opt/verilator/share/verilator\" -include V3PchAstNoMT.h -c ../V3Gate.cpp -o V3Gate.o
[rtl-full/Verilator shard 2/5-3             ]   | g++   -Og -ggdb -gz -DVL_DEBUG -D_GLIBCXX_DEBUG -DVERILATOR_INTERNAL_ -MMD -I. -I.. -I.. -I../../include -I../../include -MP  -Wno-shadow -Wno-unused-parameter -faligned-new -fno-exceptions -DDEFENV_SYSTEMC=\"\" -DDEFENV_SYSTEMC_ARCH=\"\" -DDEFENV_SYSTEMC_INCLUDE=\"\" -DDEFENV_SYSTEMC_LIBDIR=\"\" -DDEFENV_VERILATOR_ROOT=\"/opt/verilator/share/verilator\" -include V3PchAstNoMT.h -c ../V3OrderGraphBuilder.cpp -o V3OrderGraphBuilder.o
[rtl-full/Verilator shard 1/5-2             ]   | g++   -O3 -DVERILATOR_INTERNAL_ -MMD -I. -I.. -I.. -I../../include -I../../include -MP  -Wno-shadow -Wno-unused-parameter -faligned-new -fno-exceptions -DDEFENV_SYSTEMC=\"\" -DDEFENV_SYSTEMC_ARCH=\"\" -DDEFENV_SYSTEMC_INCLUDE=\"\" -DDEFENV_SYSTEMC_LIBDIR=\"\" -DDEFENV_VERILATOR_ROOT=\"/opt/verilator/share/verilator\" -include V3PchAstNoMT.h -c ../V3Interface.cpp -o V3Interface.o
[rtl-full/Verilator shard 1/5-2             ]   | g++   -O3 -DVERILATOR_INTERNAL_ -MMD -I. -I.. -I.. -I../../include -I../../include -MP  -Wno-shadow -Wno-unused-parameter -faligned-new -fno-exceptions -DDEFENV_SYSTEMC=\"\" -DDEFENV_SYSTEMC_ARCH=\"\" -DDEFENV_SYSTEMC_INCLUDE=\"\" -DDEFENV_SYSTEMC_LIBDIR=\"\" -DDEFENV_VERILATOR_ROOT=\"/opt/verilator/share/verilator\" -include V3PchAstNoMT.h -c ../V3LibMap.cpp -o V3LibMap.o
[rtl-full/Verilator shard 2/5-3             ]   | g++   -O3 -DVERILATOR_INTERNAL_ -MMD -I. -I.. -I.. -I../../include -I../../include -MP  -Wno-shadow -Wno-unused-parameter -faligned-new -fno-exceptions -DDEFENV_SYSTEMC=\"\" -DDEFENV_SYSTEMC_ARCH=\"\" -DDEFENV_SYSTEMC_INCLUDE=\"\" -DDEFENV_SYSTEMC_LIBDIR=\"\" -DDEFENV_VERILATOR_ROOT=\"/opt/verilator/share/verilator\" -include V3PchAstNoMT.h -c ../V3EmitCMain.cpp -o V3EmitCMain.o
[rtl-full/Verilator shard 3/5-4             ]   | g++   -Og -ggdb -gz -DVL_DEBUG -D_GLIBCXX_DEBUG -DVERILATOR_INTERNAL_ -MMD -I. -I.. -I.. -I../../include -I../../include -MP  -Wno-shadow -Wno-unused-parameter -faligned-new -fno-exceptions -DDEFENV_SYSTEMC=\"\" -DDEFENV_SYSTEMC_ARCH=\"\" -DDEFENV_SYSTEMC_INCLUDE=\"\" -DDEFENV_SYSTEMC_LIBDIR=\"\" -DDEFENV_VERILATOR_ROOT=\"/opt/verilator/share/verilator\" -include V3PchAstNoMT.h -c ../V3HierBlock.cpp -o V3HierBlock.o
[rtl-full/Verilator shard 0/5-1             ]   | g++   -O3 -DVERILATOR_INTERNAL_ -MMD -I. -I.. -I.. -I../../include -I../../include -MP  -Wno-shadow -Wno-unused-parameter -faligned-new -fno-exceptions -DDEFENV_SYSTEMC=\"\" -DDEFENV_SYSTEMC_ARCH=\"\" -DDEFENV_SYSTEMC_INCLUDE=\"\" -DDEFENV_SYSTEMC_LIBDIR=\"\" -DDEFENV_VERILATOR_ROOT=\"/opt/verilator/share/verilator\" -include V3PchAstNoMT.h -c ../V3OrderSerial.cpp -o V3OrderSerial.o
[rtl-full/Verilator shard 3/5-4             ]   | g++   -O3 -DVERILATOR_INTERNAL_ -MMD -I. -I.. -I.. -I../../include -I../../include -MP  -Wno-shadow -Wno-unused-parameter -faligned-new -fno-exceptions -DDEFENV_SYSTEMC=\"\" -DDEFENV_SYSTEMC_ARCH=\"\" -DDEFENV_SYSTEMC_INCLUDE=\"\" -DDEFENV_SYSTEMC_LIBDIR=\"\" -DDEFENV_VERILATOR_ROOT=\"/opt/verilator/share/verilator\" -include V3PchAstNoMT.h -c ../V3LinkParse.cpp -o V3LinkParse.o
[rtl-full/Verilator shard 3/5-4             ]   | g++   -O3 -DVERILATOR_INTERNAL_ -MMD -I. -I.. -I.. -I../../include -I../../include -MP  -Wno-shadow -Wno-unused-parameter -faligned-new -fno-exceptions -DDEFENV_SYSTEMC=\"\" -DDEFENV_SYSTEMC_ARCH=\"\" -DDEFENV_SYSTEMC_INCLUDE=\"\" -DDEFENV_SYSTEMC_LIBDIR=\"\" -DDEFENV_VERILATOR_ROOT=\"/opt/verilator/share/verilator\" -include V3PchAstNoMT.h -c ../V3LinkResolve.cpp -o V3LinkResolve.o
[rtl-full/Verilator shard 1/5-2             ]   | g++   -Og -ggdb -gz -DVL_DEBUG -D_GLIBCXX_DEBUG -DVERILATOR_INTERNAL_ -MMD -I. -I.. -I.. -I../../include -I../../include -MP  -Wno-shadow -Wno-unused-parameter -faligned-new -fno-exceptions -DDEFENV_SYSTEMC=\"\" -DDEFENV_SYSTEMC_ARCH=\"\" -DDEFENV_SYSTEMC_INCLUDE=\"\" -DDEFENV_SYSTEMC_LIBDIR=\"\" -DDEFENV_VERILATOR_ROOT=\"/opt/verilator/share/verilator\" -include V3PchAstNoMT.h -c ../V3LifePost.cpp -o V3LifePost.o
[rtl-full/Verilator shard 1/5-2             ]   | g++   -Og -ggdb -gz -DVL_DEBUG -D_GLIBCXX_DEBUG -DVERILATOR_INTERNAL_ -MMD -I. -I.. -I.. -I../../include -I../../include -MP  -Wno-shadow -Wno-unused-parameter -faligned-new -fno-exceptions -DDEFENV_SYSTEMC=\"\" -DDEFENV_SYSTEMC_ARCH=\"\" -DDEFENV_SYSTEMC_INCLUDE=\"\" -DDEFENV_SYSTEMC_LIBDIR=\"\" -DDEFENV_VERILATOR_ROOT=\"/opt/verilator/share/verilator\" -include V3PchAstNoMT.h -c ../V3LiftExpr.cpp -o V3LiftExpr.o
[rtl-full/Verilator shard 0/5-1             ]   | g++   -Og -ggdb -gz -DVL_DEBUG -D_GLIBCXX_DEBUG -DVERILATOR_INTERNAL_ -MMD -I. -I.. -I.. -I../../include -I../../include -MP  -Wno-shadow -Wno-unused-parameter -faligned-new -fno-exceptions -DDEFENV_SYSTEMC=\"\" -DDEFENV_SYSTEMC_ARCH=\"\" -DDEFENV_SYSTEMC_INCLUDE=\"\" -DDEFENV_SYSTEMC_LIBDIR=\"\" -DDEFENV_VERILATOR_ROOT=\"/opt/verilator/share/verilator\" -include V3PchAstNoMT.h -c ../V3EmitCModel.cpp -o V3EmitCModel.o
[rtl-full/Verilator shard 1/5-2             ]   | g++   -O3 -DVERILATOR_INTERNAL_ -MMD -I. -I.. -I.. -I../../include -I../../include -MP  -Wno-shadow -Wno-unused-parameter -faligned-new -fno-exceptions -DDEFENV_SYSTEMC=\"\" -DDEFENV_SYSTEMC_ARCH=\"\" -DDEFENV_SYSTEMC_INCLUDE=\"\" -DDEFENV_SYSTEMC_LIBDIR=\"\" -DDEFENV_VERILATOR_ROOT=\"/opt/verilator/share/verilator\" -include V3PchAstNoMT.h -c ../V3Life.cpp -o V3Life.o
[rtl-full/Verilator shard 2/5-3             ]   | g++   -Og -ggdb -gz -DVL_DEBUG -D_GLIBCXX_DEBUG -DVERILATOR_INTERNAL_ -MMD -I. -I.. -I.. -I../../include -I../../include -MP  -Wno-shadow -Wno-unused-parameter -faligned-new -fno-exceptions -DDEFENV_SYSTEMC=\"\" -DDEFENV_SYSTEMC_ARCH=\"\" -DDEFENV_SYSTEMC_INCLUDE=\"\" -DDEFENV_SYSTEMC_LIBDIR=\"\" -DDEFENV_VERILATOR_ROOT=\"/opt/verilator/share/verilator\" -include V3PchAstNoMT.h -c ../V3OrderMoveGraph.cpp -o V3OrderMoveGraph.o
[rtl-full/Verilator shard 1/5-2             ]   | g++   -O3 -DVERILATOR_INTERNAL_ -MMD -I. -I.. -I.. -I../../include -I../../include -MP  -Wno-shadow -Wno-unused-parameter -faligned-new -fno-exceptions -DDEFENV_SYSTEMC=\"\" -DDEFENV_SYSTEMC_ARCH=\"\" -DDEFENV_SYSTEMC_INCLUDE=\"\" -DDEFENV_SYSTEMC_LIBDIR=\"\" -DDEFENV_VERILATOR_ROOT=\"/opt/verilator/share/verilator\" -include V3PchAstNoMT.h -c ../V3LifePost.cpp -o V3LifePost.o
[rtl-full/Verilator shard 2/5-3             ]   | g++   -O3 -DVERILATOR_INTERNAL_ -MMD -I. -I.. -I.. -I../../include -I../../include -MP  -Wno-shadow -Wno-unused-parameter -faligned-new -fno-exceptions -DDEFENV_SYSTEMC=\"\" -DDEFENV_SYSTEMC_ARCH=\"\" -DDEFENV_SYSTEMC_INCLUDE=\"\" -DDEFENV_SYSTEMC_LIBDIR=\"\" -DDEFENV_VERILATOR_ROOT=\"/opt/verilator/share/verilator\" -include V3PchAstNoMT.h -c ../V3EmitCModel.cpp -o V3EmitCModel.o
[rtl-full/Verilator shard 1/5-2             ]   | g++   -Og -ggdb -gz -DVL_DEBUG -D_GLIBCXX_DEBUG -DVERILATOR_INTERNAL_ -MMD -I. -I.. -I.. -I../../include -I../../include -MP  -Wno-shadow -Wno-unused-parameter -faligned-new -fno-exceptions -DDEFENV_SYSTEMC=\"\" -DDEFENV_SYSTEMC_ARCH=\"\" -DDEFENV_SYSTEMC_INCLUDE=\"\" -DDEFENV_SYSTEMC_LIBDIR=\"\" -DDEFENV_VERILATOR_ROOT=\"/opt/verilator/share/verilator\" -include V3PchAstNoMT.h -c ../V3LinkCells.cpp -o V3LinkCells.o
[rtl-full/Verilator shard 1/5-2             ]   | g++   -Og -ggdb -gz -DVL_DEBUG -D_GLIBCXX_DEBUG -DVERILATOR_INTERNAL_ -MMD -I. -I.. -I.. -I../../include -I../../include -MP  -Wno-shadow -Wno-unused-parameter -faligned-new -fno-exceptions -DDEFENV_SYSTEMC=\"\" -DDEFENV_SYSTEMC_ARCH=\"\" -DDEFENV_SYSTEMC_INCLUDE=\"\" -DDEFENV_SYSTEMC_LIBDIR=\"\" -DDEFENV_VERILATOR_ROOT=\"/opt/verilator/share/verilator\" -include V3PchAstNoMT.h -c ../V3LinkDot.cpp -o V3LinkDot.o
[rtl-full/Verilator shard 3/5-4             ]   | g++   -O3 -DVERILATOR_INTERNAL_ -MMD -I. -I.. -I.. -I../../include -I../../include -MP  -Wno-shadow -Wno-unused-parameter -faligned-new -fno-exceptions -DDEFENV_SYSTEMC=\"\" -DDEFENV_SYSTEMC_ARCH=\"\" -DDEFENV_SYSTEMC_INCLUDE=\"\" -DDEFENV_SYSTEMC_LIBDIR=\"\" -DDEFENV_VERILATOR_ROOT=\"/opt/verilator/share/verilator\" -include V3PchAstNoMT.h -c ../V3LinkWith.cpp -o V3LinkWith.o
[rtl-full/Verilator shard 2/5-3             ]   | g++   -Og -ggdb -gz -DVL_DEBUG -D_GLIBCXX_DEBUG -DVERILATOR_INTERNAL_ -MMD -I. -I.. -I.. -I../../include -I../../include -MP  -Wno-shadow -Wno-unused-parameter -faligned-new -fno-exceptions -DDEFENV_SYSTEMC=\"\" -DDEFENV_SYSTEMC_ARCH=\"\" -DDEFENV_SYSTEMC_INCLUDE=\"\" -DDEFENV_SYSTEMC_LIBDIR=\"\" -DDEFENV_VERILATOR_ROOT=\"/opt/verilator/share/verilator\" -include V3PchAstNoMT.h -c ../V3OrderParallel.cpp -o V3OrderParallel.o
[rtl-full/Verilator shard 0/5-1             ]   | g++   -O3 -DVERILATOR_INTERNAL_ -MMD -I. -I.. -I.. -I../../include -I../../include -MP  -Wno-shadow -Wno-unused-parameter -faligned-new -fno-exceptions -DDEFENV_SYSTEMC=\"\" -DDEFENV_SYSTEMC_ARCH=\"\" -DDEFENV_SYSTEMC_INCLUDE=\"\" -DDEFENV_SYSTEMC_LIBDIR=\"\" -DDEFENV_VERILATOR_ROOT=\"/opt/verilator/share/verilator\" -include V3PchAstNoMT.h -c ../V3Param.cpp -o V3Param.o
[rtl-full/Verilator shard 1/5-2             ]   | g++   -O3 -DVERILATOR_INTERNAL_ -MMD -I. -I.. -I.. -I../../include -I../../include -MP  -Wno-shadow -Wno-unused-parameter -faligned-new -fno-exceptions -DDEFENV_SYSTEMC=\"\" -DDEFENV_SYSTEMC_ARCH=\"\" -DDEFENV_SYSTEMC_INCLUDE=\"\" -DDEFENV_SYSTEMC_LIBDIR=\"\" -DDEFENV_VERILATOR_ROOT=\"/opt/verilator/share/verilator\" -include V3PchAstNoMT.h -c ../V3LiftExpr.cpp -o V3LiftExpr.o
[rtl-full/Verilator shard 3/5-4             ]   | g++   -Og -ggdb -gz -DVL_DEBUG -D_GLIBCXX_DEBUG -DVERILATOR_INTERNAL_ -MMD -I. -I.. -I.. -I../../include -I../../include -MP  -Wno-shadow -Wno-unused-parameter -faligned-new -fno-exceptions -DDEFENV_SYSTEMC=\"\" -DDEFENV_SYSTEMC_ARCH=\"\" -DDEFENV_SYSTEMC_INCLUDE=\"\" -DDEFENV_SYSTEMC_LIBDIR=\"\" -DDEFENV_VERILATOR_ROOT=\"/opt/verilator/share/verilator\" -include V3PchAstNoMT.h -c ../V3Inline.cpp -o V3Inline.o
[rtl-full/Verilator shard 1/5-2             ]   | g++   -O3 -DVERILATOR_INTERNAL_ -MMD -I. -I.. -I.. -I../../include -I../../include -MP  -Wno-shadow -Wno-unused-parameter -faligned-new -fno-exceptions -DDEFENV_SYSTEMC=\"\" -DDEFENV_SYSTEMC_ARCH=\"\" -DDEFENV_SYSTEMC_INCLUDE=\"\" -DDEFENV_SYSTEMC_LIBDIR=\"\" -DDEFENV_VERILATOR_ROOT=\"/opt/verilator/share/verilator\" -include V3PchAstNoMT.h -c ../V3LinkCells.cpp -o V3LinkCells.o
[rtl-full/Verilator shard 2/5-3             ]   | g++   -O3 -DVERILATOR_INTERNAL_ -MMD -I. -I.. -I.. -I../../include -I../../include -MP  -Wno-shadow -Wno-unused-parameter -faligned-new -fno-exceptions -DDEFENV_SYSTEMC=\"\" -DDEFENV_SYSTEMC_ARCH=\"\" -DDEFENV_SYSTEMC_INCLUDE=\"\" -DDEFENV_SYSTEMC_LIBDIR=\"\" -DDEFENV_VERILATOR_ROOT=\"/opt/verilator/share/verilator\" -include V3PchAstNoMT.h -c ../V3EmitCSyms.cpp -o V3EmitCSyms.o
[rtl-full/Verilator shard 2/5-3             ]   | g++   -Og -ggdb -gz -DVL_DEBUG -D_GLIBCXX_DEBUG -DVERILATOR_INTERNAL_ -MMD -I. -I.. -I.. -I../../include -I../../include -MP  -Wno-shadow -Wno-unused-parameter -faligned-new -fno-exceptions -DDEFENV_SYSTEMC=\"\" -DDEFENV_SYSTEMC_ARCH=\"\" -DDEFENV_SYSTEMC_INCLUDE=\"\" -DDEFENV_SYSTEMC_LIBDIR=\"\" -DDEFENV_VERILATOR_ROOT=\"/opt/verilator/share/verilator\" -include V3PchAstNoMT.h -c ../V3OrderProcessDomains.cpp -o V3OrderProcessDomains.o
[rtl-full/Verilator shard 0/5-1             ]   | g++   -O3 -DVERILATOR_INTERNAL_ -MMD -I. -I.. -I.. -I../../include -I../../include -MP  -Wno-shadow -Wno-unused-parameter -faligned-new -fno-exceptions -DDEFENV_SYSTEMC=\"\" -DDEFENV_SYSTEMC_ARCH=\"\" -DDEFENV_SYSTEMC_INCLUDE=\"\" -DDEFENV_SYSTEMC_LIBDIR=\"\" -DDEFENV_VERILATOR_ROOT=\"/opt/verilator/share/verilator\" -include V3PchAstNoMT.h -c ../V3PatternStats.cpp -o V3PatternStats.o
[rtl-full/Verilator shard 3/5-4             ]   | g++   -O3 -DVERILATOR_INTERNAL_ -MMD -I. -I.. -I.. -I../../include -I../../include -MP  -Wno-shadow -Wno-unused-parameter -faligned-new -fno-exceptions -DDEFENV_SYSTEMC=\"\" -DDEFENV_SYSTEMC_ARCH=\"\" -DDEFENV_SYSTEMC_INCLUDE=\"\" -DDEFENV_SYSTEMC_LIBDIR=\"\" -DDEFENV_VERILATOR_ROOT=\"/opt/verilator/share/verilator\" -include V3PchAstNoMT.h -c ../V3Localize.cpp -o V3Localize.o
[rtl-full/Verilator shard 0/5-1             ]   | g++   -Og -ggdb -gz -DVL_DEBUG -D_GLIBCXX_DEBUG -DVERILATOR_INTERNAL_ -MMD -I. -I.. -I.. -I../../include -I../../include -MP  -Wno-shadow -Wno-unused-parameter -faligned-new -fno-exceptions -DDEFENV_SYSTEMC=\"\" -DDEFENV_SYSTEMC_ARCH=\"\" -DDEFENV_SYSTEMC_INCLUDE=\"\" -DDEFENV_SYSTEMC_LIBDIR=\"\" -DDEFENV_VERILATOR_ROOT=\"/opt/verilator/share/verilator\" -include V3PchAstNoMT.h -c ../V3EmitCSyms.cpp -o V3EmitCSyms.o
[rtl-full/Verilator shard 3/5-4             ]   | g++   -O3 -DVERILATOR_INTERNAL_ -MMD -I. -I.. -I.. -I../../include -I../../include -MP  -Wno-shadow -Wno-unused-parameter -faligned-new -fno-exceptions -DDEFENV_SYSTEMC=\"\" -DDEFENV_SYSTEMC_ARCH=\"\" -DDEFENV_SYSTEMC_INCLUDE=\"\" -DDEFENV_SYSTEMC_LIBDIR=\"\" -DDEFENV_VERILATOR_ROOT=\"/opt/verilator/share/verilator\" -include V3PchAstNoMT.h -c ../V3MergeCond.cpp -o V3MergeCond.o
[rtl-full/Verilator shard 1/5-2             ]   | g++   -O3 -DVERILATOR_INTERNAL_ -MMD -I. -I.. -I.. -I../../include -I../../include -MP  -Wno-shadow -Wno-unused-parameter -faligned-new -fno-exceptions -DDEFENV_SYSTEMC=\"\" -DDEFENV_SYSTEMC_ARCH=\"\" -DDEFENV_SYSTEMC_INCLUDE=\"\" -DDEFENV_SYSTEMC_LIBDIR=\"\" -DDEFENV_VERILATOR_ROOT=\"/opt/verilator/share/verilator\" -include V3PchAstNoMT.h -c ../V3LinkDot.cpp -o V3LinkDot.o
[rtl-full/Verilator shard 3/5-4             ]   | g++   -Og -ggdb -gz -DVL_DEBUG -D_GLIBCXX_DEBUG -DVERILATOR_INTERNAL_ -MMD -I. -I.. -I.. -I../../include -I../../include -MP  -Wno-shadow -Wno-unused-parameter -faligned-new -fno-exceptions -DDEFENV_SYSTEMC=\"\" -DDEFENV_SYSTEMC_ARCH=\"\" -DDEFENV_SYSTEMC_INCLUDE=\"\" -DDEFENV_SYSTEMC_LIBDIR=\"\" -DDEFENV_VERILATOR_ROOT=\"/opt/verilator/share/verilator\" -include V3PchAstNoMT.h -c ../V3InlineCFuncs.cpp -o V3InlineCFuncs.o
[rtl-full/Verilator shard 0/5-1             ]   | g++   -O3 -DVERILATOR_INTERNAL_ -MMD -I. -I.. -I.. -I../../include -I../../include -MP  -Wno-shadow -Wno-unused-parameter -faligned-new -fno-exceptions -DDEFENV_SYSTEMC=\"\" -DDEFENV_SYSTEMC_ARCH=\"\" -DDEFENV_SYSTEMC_INCLUDE=\"\" -DDEFENV_SYSTEMC_LIBDIR=\"\" -DDEFENV_VERILATOR_ROOT=\"/opt/verilator/share/verilator\" -include V3PchAstNoMT.h -c ../V3Premit.cpp -o V3Premit.o
[rtl-full/Verilator shard 3/5-4             ]   | g++   -O3 -DVERILATOR_INTERNAL_ -MMD -I. -I.. -I.. -I../../include -I../../include -MP  -Wno-shadow -Wno-unused-parameter -faligned-new -fno-exceptions -DDEFENV_SYSTEMC=\"\" -DDEFENV_SYSTEMC_ARCH=\"\" -DDEFENV_SYSTEMC_INCLUDE=\"\" -DDEFENV_SYSTEMC_LIBDIR=\"\" -DDEFENV_VERILATOR_ROOT=\"/opt/verilator/share/verilator\" -include V3PchAstNoMT.h -c ../V3Name.cpp -o V3Name.o
[rtl-full/Verilator shard 3/5-4             ]   | g++   -Og -ggdb -gz -DVL_DEBUG -D_GLIBCXX_DEBUG -DVERILATOR_INTERNAL_ -MMD -I. -I.. -I.. -I../../include -I../../include -MP  -Wno-shadow -Wno-unused-parameter -faligned-new -fno-exceptions -DDEFENV_SYSTEMC=\"\" -DDEFENV_SYSTEMC_ARCH=\"\" -DDEFENV_SYSTEMC_INCLUDE=\"\" -DDEFENV_SYSTEMC_LIBDIR=\"\" -DDEFENV_VERILATOR_ROOT=\"/opt/verilator/share/verilator\" -include V3PchAstNoMT.h -c ../V3Inst.cpp -o V3Inst.o
[rtl-full/Verilator shard 2/5-3             ]   | g++   -Og -ggdb -gz -DVL_DEBUG -D_GLIBCXX_DEBUG -DVERILATOR_INTERNAL_ -MMD -I. -I.. -I.. -I../../include -I../../include -MP  -Wno-shadow -Wno-unused-parameter -faligned-new -fno-exceptions -DDEFENV_SYSTEMC=\"\" -DDEFENV_SYSTEMC_ARCH=\"\" -DDEFENV_SYSTEMC_INCLUDE=\"\" -DDEFENV_SYSTEMC_LIBDIR=\"\" -DDEFENV_VERILATOR_ROOT=\"/opt/verilator/share/verilator\" -include V3PchAstNoMT.h -c ../V3OrderSerial.cpp -o V3OrderSerial.o
[rtl-full/Verilator shard 3/5-4             ]   | g++   -O3 -DVERILATOR_INTERNAL_ -MMD -I. -I.. -I.. -I../../include -I../../include -MP  -Wno-shadow -Wno-unused-parameter -faligned-new -fno-exceptions -DDEFENV_SYSTEMC=\"\" -DDEFENV_SYSTEMC_ARCH=\"\" -DDEFENV_SYSTEMC_INCLUDE=\"\" -DDEFENV_SYSTEMC_LIBDIR=\"\" -DDEFENV_VERILATOR_ROOT=\"/opt/verilator/share/verilator\" -include V3PchAstNoMT.h -c ../V3Order.cpp -o V3Order.o
[rtl-full/Verilator shard 3/5-4             ]   | g++   -Og -ggdb -gz -DVL_DEBUG -D_GLIBCXX_DEBUG -DVERILATOR_INTERNAL_ -MMD -I. -I.. -I.. -I../../include -I../../include -MP  -Wno-shadow -Wno-unused-parameter -faligned-new -fno-exceptions -DDEFENV_SYSTEMC=\"\" -DDEFENV_SYSTEMC_ARCH=\"\" -DDEFENV_SYSTEMC_INCLUDE=\"\" -DDEFENV_SYSTEMC_LIBDIR=\"\" -DDEFENV_VERILATOR_ROOT=\"/opt/verilator/share/verilator\" -include V3PchAstNoMT.h -c ../V3InstrCount.cpp -o V3InstrCount.o
[rtl-full/Verilator shard 0/5-1             ]   | g++   -O3 -DVERILATOR_INTERNAL_ -MMD -I. -I.. -I.. -I../../include -I../../include -MP  -Wno-shadow -Wno-unused-parameter -faligned-new -fno-exceptions -DDEFENV_SYSTEMC=\"\" -DDEFENV_SYSTEMC_ARCH=\"\" -DDEFENV_SYSTEMC_INCLUDE=\"\" -DDEFENV_SYSTEMC_LIBDIR=\"\" -DDEFENV_VERILATOR_ROOT=\"/opt/verilator/share/verilator\" -include V3PchAstNoMT.h -c ../V3ProtectLib.cpp -o V3ProtectLib.o
[rtl-full/Verilator shard 1/5-2             ]   | g++   -Og -ggdb -gz -DVL_DEBUG -D_GLIBCXX_DEBUG -DVERILATOR_INTERNAL_ -MMD -I. -I.. -I.. -I../../include -I../../include -MP  -Wno-shadow -Wno-unused-parameter -faligned-new -fno-exceptions -DDEFENV_SYSTEMC=\"\" -DDEFENV_SYSTEMC_ARCH=\"\" -DDEFENV_SYSTEMC_INCLUDE=\"\" -DDEFENV_SYSTEMC_LIBDIR=\"\" -DDEFENV_VERILATOR_ROOT=\"/opt/verilator/share/verilator\" -include V3PchAstNoMT.h -c ../V3LinkDotIfaceCapture.cpp -o V3LinkDotIfaceCapture.o
[rtl-full/Verilator shard 3/5-4             ]   | g++   -O3 -DVERILATOR_INTERNAL_ -MMD -I. -I.. -I.. -I../../include -I../../include -MP  -Wno-shadow -Wno-unused-parameter -faligned-new -fno-exceptions -DDEFENV_SYSTEMC=\"\" -DDEFENV_SYSTEMC_ARCH=\"\" -DDEFENV_SYSTEMC_INCLUDE=\"\" -DDEFENV_SYSTEMC_LIBDIR=\"\" -DDEFENV_VERILATOR_ROOT=\"/opt/verilator/share/verilator\" -include V3PchAstNoMT.h -c ../V3OrderGraphBuilder.cpp -o V3OrderGraphBuilder.o
[rtl-full/Verilator shard 1/5-2             ]   | g++   -O3 -DVERILATOR_INTERNAL_ -MMD -I. -I.. -I.. -I../../include -I../../include -MP  -Wno-shadow -Wno-unused-parameter -faligned-new -fno-exceptions -DDEFENV_SYSTEMC=\"\" -DDEFENV_SYSTEMC_ARCH=\"\" -DDEFENV_SYSTEMC_INCLUDE=\"\" -DDEFENV_SYSTEMC_LIBDIR=\"\" -DDEFENV_VERILATOR_ROOT=\"/opt/verilator/share/verilator\" -include V3PchAstNoMT.h -c ../V3LinkDotIfaceCapture.cpp -o V3LinkDotIfaceCapture.o
[rtl-full/Verilator shard 0/5-1             ]   | g++   -Og -ggdb -gz -DVL_DEBUG -D_GLIBCXX_DEBUG -DVERILATOR_INTERNAL_ -MMD -I. -I.. -I.. -I../../include -I../../include -MP  -Wno-shadow -Wno-unused-parameter -faligned-new -fno-exceptions -DDEFENV_SYSTEMC=\"\" -DDEFENV_SYSTEMC_ARCH=\"\" -DDEFENV_SYSTEMC_INCLUDE=\"\" -DDEFENV_SYSTEMC_LIBDIR=\"\" -DDEFENV_VERILATOR_ROOT=\"/opt/verilator/share/verilator\" -include V3PchAstNoMT.h -c ../V3EmitMk.cpp -o V3EmitMk.o
[rtl-full/Verilator shard 3/5-4             ]   | g++   -Og -ggdb -gz -DVL_DEBUG -D_GLIBCXX_DEBUG -DVERILATOR_INTERNAL_ -MMD -I. -I.. -I.. -I../../include -I../../include -MP  -Wno-shadow -Wno-unused-parameter -faligned-new -fno-exceptions -DDEFENV_SYSTEMC=\"\" -DDEFENV_SYSTEMC_ARCH=\"\" -DDEFENV_SYSTEMC_INCLUDE=\"\" -DDEFENV_SYSTEMC_LIBDIR=\"\" -DDEFENV_VERILATOR_ROOT=\"/opt/verilator/share/verilator\" -include V3PchAstNoMT.h -c ../V3Interface.cpp -o V3Interface.o
[rtl-full/Verilator shard 3/5-4             ]   | g++   -O3 -DVERILATOR_INTERNAL_ -MMD -I. -I.. -I.. -I../../include -I../../include -MP  -Wno-shadow -Wno-unused-parameter -faligned-new -fno-exceptions -DDEFENV_SYSTEMC=\"\" -DDEFENV_SYSTEMC_ARCH=\"\" -DDEFENV_SYSTEMC_INCLUDE=\"\" -DDEFENV_SYSTEMC_LIBDIR=\"\" -DDEFENV_VERILATOR_ROOT=\"/opt/verilator/share/verilator\" -include V3PchAstNoMT.h -c ../V3OrderMoveGraph.cpp -o V3OrderMoveGraph.o
[rtl-full/Verilator shard 2/5-3             ]   | g++   -O3 -DVERILATOR_INTERNAL_ -MMD -I. -I.. -I.. -I../../include -I../../include -MP  -Wno-shadow -Wno-unused-parameter -faligned-new -fno-exceptions -DDEFENV_SYSTEMC=\"\" -DDEFENV_SYSTEMC_ARCH=\"\" -DDEFENV_SYSTEMC_INCLUDE=\"\" -DDEFENV_SYSTEMC_LIBDIR=\"\" -DDEFENV_VERILATOR_ROOT=\"/opt/verilator/share/verilator\" -include V3PchAstNoMT.h -c ../V3EmitMk.cpp -o V3EmitMk.o
[rtl-full/Verilator shard 2/5-3             ]   | g++   -Og -ggdb -gz -DVL_DEBUG -D_GLIBCXX_DEBUG -DVERILATOR_INTERNAL_ -MMD -I. -I.. -I.. -I../../include -I../../include -MP  -Wno-shadow -Wno-unused-parameter -faligned-new -fno-exceptions -DDEFENV_SYSTEMC=\"\" -DDEFENV_SYSTEMC_ARCH=\"\" -DDEFENV_SYSTEMC_INCLUDE=\"\" -DDEFENV_SYSTEMC_LIBDIR=\"\" -DDEFENV_VERILATOR_ROOT=\"/opt/verilator/share/verilator\" -include V3PchAstNoMT.h -c ../V3Param.cpp -o V3Param.o
[rtl-full/Verilator shard 0/5-1             ]   | g++   -O3 -DVERILATOR_INTERNAL_ -MMD -I. -I.. -I.. -I../../include -I../../include -MP  -Wno-shadow -Wno-unused-parameter -faligned-new -fno-exceptions -DDEFENV_SYSTEMC=\"\" -DDEFENV_SYSTEMC_ARCH=\"\" -DDEFENV_SYSTEMC_INCLUDE=\"\" -DDEFENV_SYSTEMC_LIBDIR=\"\" -DDEFENV_VERILATOR_ROOT=\"/opt/verilator/share/verilator\" -include V3PchAstNoMT.h -c ../V3RandSequence.cpp -o V3RandSequence.o
[rtl-full/Verilator shard 2/5-3             ]   | g++   -Og -ggdb -gz -DVL_DEBUG -D_GLIBCXX_DEBUG -DVERILATOR_INTERNAL_ -MMD -I. -I.. -I.. -I../../include -I../../include -MP  -Wno-shadow -Wno-unused-parameter -faligned-new -fno-exceptions -DDEFENV_SYSTEMC=\"\" -DDEFENV_SYSTEMC_ARCH=\"\" -DDEFENV_SYSTEMC_INCLUDE=\"\" -DDEFENV_SYSTEMC_LIBDIR=\"\" -DDEFENV_VERILATOR_ROOT=\"/opt/verilator/share/verilator\" -include V3PchAstNoMT.h -c ../V3PatternStats.cpp -o V3PatternStats.o
[rtl-full/Verilator shard 3/5-4             ]   | g++   -O3 -DVERILATOR_INTERNAL_ -MMD -I. -I.. -I.. -I../../include -I../../include -MP  -Wno-shadow -Wno-unused-parameter -faligned-new -fno-exceptions -DDEFENV_SYSTEMC=\"\" -DDEFENV_SYSTEMC_ARCH=\"\" -DDEFENV_SYSTEMC_INCLUDE=\"\" -DDEFENV_SYSTEMC_LIBDIR=\"\" -DDEFENV_VERILATOR_ROOT=\"/opt/verilator/share/verilator\" -include V3PchAstNoMT.h -c ../V3OrderParallel.cpp -o V3OrderParallel.o
[rtl-full/Verilator shard 3/5-4             ]   | g++   -Og -ggdb -gz -DVL_DEBUG -D_GLIBCXX_DEBUG -DVERILATOR_INTERNAL_ -MMD -I. -I.. -I.. -I../../include -I../../include -MP  -Wno-shadow -Wno-unused-parameter -faligned-new -fno-exceptions -DDEFENV_SYSTEMC=\"\" -DDEFENV_SYSTEMC_ARCH=\"\" -DDEFENV_SYSTEMC_INCLUDE=\"\" -DDEFENV_SYSTEMC_LIBDIR=\"\" -DDEFENV_VERILATOR_ROOT=\"/opt/verilator/share/verilator\" -include V3PchAstNoMT.h -c ../V3LibMap.cpp -o V3LibMap.o
[rtl-full/Verilator shard 3/5-4             ]   | g++   -O3 -DVERILATOR_INTERNAL_ -MMD -I. -I.. -I.. -I../../include -I../../include -MP  -Wno-shadow -Wno-unused-parameter -faligned-new -fno-exceptions -DDEFENV_SYSTEMC=\"\" -DDEFENV_SYSTEMC_ARCH=\"\" -DDEFENV_SYSTEMC_INCLUDE=\"\" -DDEFENV_SYSTEMC_LIBDIR=\"\" -DDEFENV_VERILATOR_ROOT=\"/opt/verilator/share/verilator\" -include V3PchAstNoMT.h -c ../V3OrderProcessDomains.cpp -o V3OrderProcessDomains.o
[rtl-full/Verilator shard 3/5-4             ]   | g++   -Og -ggdb -gz -DVL_DEBUG -D_GLIBCXX_DEBUG -DVERILATOR_INTERNAL_ -MMD -I. -I.. -I.. -I../../include -I../../include -MP  -Wno-shadow -Wno-unused-parameter -faligned-new -fno-exceptions -DDEFENV_SYSTEMC=\"\" -DDEFENV_SYSTEMC_ARCH=\"\" -DDEFENV_SYSTEMC_INCLUDE=\"\" -DDEFENV_SYSTEMC_LIBDIR=\"\" -DDEFENV_VERILATOR_ROOT=\"/opt/verilator/share/verilator\" -include V3PchAstNoMT.h -c ../V3Life.cpp -o V3Life.o
[rtl-full/Verilator shard 2/5-3             ]   | g++   -O3 -DVERILATOR_INTERNAL_ -MMD -I. -I.. -I.. -I../../include -I../../include -MP  -Wno-shadow -Wno-unused-parameter -faligned-new -fno-exceptions -DDEFENV_SYSTEMC=\"\" -DDEFENV_SYSTEMC_ARCH=\"\" -DDEFENV_SYSTEMC_INCLUDE=\"\" -DDEFENV_SYSTEMC_LIBDIR=\"\" -DDEFENV_VERILATOR_ROOT=\"/opt/verilator/share/verilator\" -include V3PchAstNoMT.h -c ../V3EmitMkJson.cpp -o V3EmitMkJson.o
[rtl-full/Verilator shard 1/5-2             ]   | g++   -O3 -DVERILATOR_INTERNAL_ -MMD -I. -I.. -I.. -I../../include -I../../include -MP  -Wno-shadow -Wno-unused-parameter -faligned-new -fno-exceptions -DDEFENV_SYSTEMC=\"\" -DDEFENV_SYSTEMC_ARCH=\"\" -DDEFENV_SYSTEMC_INCLUDE=\"\" -DDEFENV_SYSTEMC_LIBDIR=\"\" -DDEFENV_VERILATOR_ROOT=\"/opt/verilator/share/verilator\" -include V3PchAstNoMT.h -c ../V3LinkInc.cpp -o V3LinkInc.o
[rtl-full/Verilator shard 2/5-3             ]   | g++   -O3 -DVERILATOR_INTERNAL_ -MMD -I. -I.. -I.. -I../../include -I../../include -MP  -Wno-shadow -Wno-unused-parameter -faligned-new -fno-exceptions -DDEFENV_SYSTEMC=\"\" -DDEFENV_SYSTEMC_ARCH=\"\" -DDEFENV_SYSTEMC_INCLUDE=\"\" -DDEFENV_SYSTEMC_LIBDIR=\"\" -DDEFENV_VERILATOR_ROOT=\"/opt/verilator/share/verilator\" -include V3PchAstNoMT.h -c ../V3ExecGraph.cpp -o V3ExecGraph.o
[rtl-full/Verilator shard 0/5-1             ]   | g++   -Og -ggdb -gz -DVL_DEBUG -D_GLIBCXX_DEBUG -DVERILATOR_INTERNAL_ -MMD -I. -I.. -I.. -I../../include -I../../include -MP  -Wno-shadow -Wno-unused-parameter -faligned-new -fno-exceptions -DDEFENV_SYSTEMC=\"\" -DDEFENV_SYSTEMC_ARCH=\"\" -DDEFENV_SYSTEMC_INCLUDE=\"\" -DDEFENV_SYSTEMC_LIBDIR=\"\" -DDEFENV_VERILATOR_ROOT=\"/opt/verilator/share/verilator\" -include V3PchAstNoMT.h -c ../V3EmitMkJson.cpp -o V3EmitMkJson.o
[rtl-full/Verilator shard 2/5-3             ]   | g++   -O3 -DVERILATOR_INTERNAL_ -MMD -I. -I.. -I.. -I../../include -I../../include -MP  -Wno-shadow -Wno-unused-parameter -faligned-new -fno-exceptions -DDEFENV_SYSTEMC=\"\" -DDEFENV_SYSTEMC_ARCH=\"\" -DDEFENV_SYSTEMC_INCLUDE=\"\" -DDEFENV_SYSTEMC_LIBDIR=\"\" -DDEFENV_VERILATOR_ROOT=\"/opt/verilator/share/verilator\" -include V3PchAstNoMT.h -c ../V3Expand.cpp -o V3Expand.o
[rtl-full/Verilator shard 3/5-4             ]   | g++   -Og -ggdb -gz -DVL_DEBUG -D_GLIBCXX_DEBUG -DVERILATOR_INTERNAL_ -MMD -I. -I.. -I.. -I../../include -I../../include -MP  -Wno-shadow -Wno-unused-parameter -faligned-new -fno-exceptions -DDEFENV_SYSTEMC=\"\" -DDEFENV_SYSTEMC_ARCH=\"\" -DDEFENV_SYSTEMC_INCLUDE=\"\" -DDEFENV_SYSTEMC_LIBDIR=\"\" -DDEFENV_VERILATOR_ROOT=\"/opt/verilator/share/verilator\" -include V3PchAstNoMT.h -c ../V3LifePost.cpp -o V3LifePost.o
[rtl-full/Verilator shard 0/5-1             ]   | g++   -O3 -DVERILATOR_INTERNAL_ -MMD -I. -I.. -I.. -I../../include -I../../include -MP  -Wno-shadow -Wno-unused-parameter -faligned-new -fno-exceptions -DDEFENV_SYSTEMC=\"\" -DDEFENV_SYSTEMC_ARCH=\"\" -DDEFENV_SYSTEMC_INCLUDE=\"\" -DDEFENV_SYSTEMC_LIBDIR=\"\" -DDEFENV_VERILATOR_ROOT=\"/opt/verilator/share/verilator\" -include V3PchAstNoMT.h -c ../V3Randomize.cpp -o V3Randomize.o
[rtl-full/Verilator shard 0/5-1             ]   | g++   -Og -ggdb -gz -DVL_DEBUG -D_GLIBCXX_DEBUG -DVERILATOR_INTERNAL_ -MMD -I. -I.. -I.. -I../../include -I../../include -MP  -Wno-shadow -Wno-unused-parameter -faligned-new -fno-exceptions -DDEFENV_SYSTEMC=\"\" -DDEFENV_SYSTEMC_ARCH=\"\" -DDEFENV_SYSTEMC_INCLUDE=\"\" -DDEFENV_SYSTEMC_LIBDIR=\"\" -DDEFENV_VERILATOR_ROOT=\"/opt/verilator/share/verilator\" -include V3PchAstNoMT.h -c ../V3ExecGraph.cpp -o V3ExecGraph.o
[rtl-full/Verilator shard 2/5-3             ]   | g++   -Og -ggdb -gz -DVL_DEBUG -D_GLIBCXX_DEBUG -DVERILATOR_INTERNAL_ -MMD -I. -I.. -I.. -I../../include -I../../include -MP  -Wno-shadow -Wno-unused-parameter -faligned-new -fno-exceptions -DDEFENV_SYSTEMC=\"\" -DDEFENV_SYSTEMC_ARCH=\"\" -DDEFENV_SYSTEMC_INCLUDE=\"\" -DDEFENV_SYSTEMC_LIBDIR=\"\" -DDEFENV_VERILATOR_ROOT=\"/opt/verilator/share/verilator\" -include V3PchAstNoMT.h -c ../V3Premit.cpp -o V3Premit.o
[rtl-full/Verilator shard 3/5-4             ]   | g++   -Og -ggdb -gz -DVL_DEBUG -D_GLIBCXX_DEBUG -DVERILATOR_INTERNAL_ -MMD -I. -I.. -I.. -I../../include -I../../include -MP  -Wno-shadow -Wno-unused-parameter -faligned-new -fno-exceptions -DDEFENV_SYSTEMC=\"\" -DDEFENV_SYSTEMC_ARCH=\"\" -DDEFENV_SYSTEMC_INCLUDE=\"\" -DDEFENV_SYSTEMC_LIBDIR=\"\" -DDEFENV_VERILATOR_ROOT=\"/opt/verilator/share/verilator\" -include V3PchAstNoMT.h -c ../V3LiftExpr.cpp -o V3LiftExpr.o
[rtl-full/Verilator shard 1/5-2             ]   | g++   -Og -ggdb -gz -DVL_DEBUG -D_GLIBCXX_DEBUG -DVERILATOR_INTERNAL_ -MMD -I. -I.. -I.. -I../../include -I../../include -MP  -Wno-shadow -Wno-unused-parameter -faligned-new -fno-exceptions -DDEFENV_SYSTEMC=\"\" -DDEFENV_SYSTEMC_ARCH=\"\" -DDEFENV_SYSTEMC_INCLUDE=\"\" -DDEFENV_SYSTEMC_LIBDIR=\"\" -DDEFENV_VERILATOR_ROOT=\"/opt/verilator/share/verilator\" -include V3PchAstNoMT.h -c ../V3LinkInc.cpp -o V3LinkInc.o
[rtl-full/Verilator shard 3/5-4             ]   | g++   -O3 -DVERILATOR_INTERNAL_ -MMD -I. -I.. -I.. -I../../include -I../../include -MP  -Wno-shadow -Wno-unused-parameter -faligned-new -fno-exceptions -DDEFENV_SYSTEMC=\"\" -DDEFENV_SYSTEMC_ARCH=\"\" -DDEFENV_SYSTEMC_INCLUDE=\"\" -DDEFENV_SYSTEMC_LIBDIR=\"\" -DDEFENV_VERILATOR_ROOT=\"/opt/verilator/share/verilator\" -include V3PchAstNoMT.h -c ../V3OrderSerial.cpp -o V3OrderSerial.o
[rtl-full/Verilator shard 0/5-1             ]   | g++   -Og -ggdb -gz -DVL_DEBUG -D_GLIBCXX_DEBUG -DVERILATOR_INTERNAL_ -MMD -I. -I.. -I.. -I../../include -I../../include -MP  -Wno-shadow -Wno-unused-parameter -faligned-new -fno-exceptions -DDEFENV_SYSTEMC=\"\" -DDEFENV_SYSTEMC_ARCH=\"\" -DDEFENV_SYSTEMC_INCLUDE=\"\" -DDEFENV_SYSTEMC_LIBDIR=\"\" -DDEFENV_VERILATOR_ROOT=\"/opt/verilator/share/verilator\" -include V3PchAstNoMT.h -c ../V3Expand.cpp -o V3Expand.o
[rtl-full/Verilator shard 0/5-1             ]   | g++   -O3 -DVERILATOR_INTERNAL_ -MMD -I. -I.. -I.. -I../../include -I../../include -MP  -Wno-shadow -Wno-unused-parameter -faligned-new -fno-exceptions -DDEFENV_SYSTEMC=\"\" -DDEFENV_SYSTEMC_ARCH=\"\" -DDEFENV_SYSTEMC_INCLUDE=\"\" -DDEFENV_SYSTEMC_LIBDIR=\"\" -DDEFENV_VERILATOR_ROOT=\"/opt/verilator/share/verilator\" -include V3PchAstNoMT.h -c ../V3Reloop.cpp -o V3Reloop.o
[rtl-full/Verilator shard 1/5-2             ]   | g++   -O3 -DVERILATOR_INTERNAL_ -MMD -I. -I.. -I.. -I../../include -I../../include -MP  -Wno-shadow -Wno-unused-parameter -faligned-new -fno-exceptions -DDEFENV_SYSTEMC=\"\" -DDEFENV_SYSTEMC_ARCH=\"\" -DDEFENV_SYSTEMC_INCLUDE=\"\" -DDEFENV_SYSTEMC_LIBDIR=\"\" -DDEFENV_VERILATOR_ROOT=\"/opt/verilator/share/verilator\" -include V3PchAstNoMT.h -c ../V3LinkJump.cpp -o V3LinkJump.o
[rtl-full/Verilator shard 3/5-4             ]   | g++   -Og -ggdb -gz -DVL_DEBUG -D_GLIBCXX_DEBUG -DVERILATOR_INTERNAL_ -MMD -I. -I.. -I.. -I../../include -I../../include -MP  -Wno-shadow -Wno-unused-parameter -faligned-new -fno-exceptions -DDEFENV_SYSTEMC=\"\" -DDEFENV_SYSTEMC_ARCH=\"\" -DDEFENV_SYSTEMC_INCLUDE=\"\" -DDEFENV_SYSTEMC_LIBDIR=\"\" -DDEFENV_VERILATOR_ROOT=\"/opt/verilator/share/verilator\" -include V3PchAstNoMT.h -c ../V3LinkCells.cpp -o V3LinkCells.o
[rtl-full/Verilator shard 2/5-3             ]   | g++   -Og -ggdb -gz -DVL_DEBUG -D_GLIBCXX_DEBUG -DVERILATOR_INTERNAL_ -MMD -I. -I.. -I.. -I../../include -I../../include -MP  -Wno-shadow -Wno-unused-parameter -faligned-new -fno-exceptions -DDEFENV_SYSTEMC=\"\" -DDEFENV_SYSTEMC_ARCH=\"\" -DDEFENV_SYSTEMC_INCLUDE=\"\" -DDEFENV_SYSTEMC_LIBDIR=\"\" -DDEFENV_VERILATOR_ROOT=\"/opt/verilator/share/verilator\" -include V3PchAstNoMT.h -c ../V3ProtectLib.cpp -o V3ProtectLib.o
[rtl-full/Verilator shard 2/5-3             ]   | g++   -O3 -DVERILATOR_INTERNAL_ -MMD -I. -I.. -I.. -I../../include -I../../include -MP  -Wno-shadow -Wno-unused-parameter -faligned-new -fno-exceptions -DDEFENV_SYSTEMC=\"\" -DDEFENV_SYSTEMC_ARCH=\"\" -DDEFENV_SYSTEMC_INCLUDE=\"\" -DDEFENV_SYSTEMC_LIBDIR=\"\" -DDEFENV_VERILATOR_ROOT=\"/opt/verilator/share/verilator\" -include V3PchAstNoMT.h -c ../V3Force.cpp -o V3Force.o
[rtl-full/Verilator shard 1/5-2             ]   | g++   -Og -ggdb -gz -DVL_DEBUG -D_GLIBCXX_DEBUG -DVERILATOR_INTERNAL_ -MMD -I. -I.. -I.. -I../../include -I../../include -MP  -Wno-shadow -Wno-unused-parameter -faligned-new -fno-exceptions -DDEFENV_SYSTEMC=\"\" -DDEFENV_SYSTEMC_ARCH=\"\" -DDEFENV_SYSTEMC_INCLUDE=\"\" -DDEFENV_SYSTEMC_LIBDIR=\"\" -DDEFENV_VERILATOR_ROOT=\"/opt/verilator/share/verilator\" -include V3PchAstNoMT.h -c ../V3LinkJump.cpp -o V3LinkJump.o
[rtl-full/Verilator shard 3/5-4             ]   | g++   -O3 -DVERILATOR_INTERNAL_ -MMD -I. -I.. -I.. -I../../include -I../../include -MP  -Wno-shadow -Wno-unused-parameter -faligned-new -fno-exceptions -DDEFENV_SYSTEMC=\"\" -DDEFENV_SYSTEMC_ARCH=\"\" -DDEFENV_SYSTEMC_INCLUDE=\"\" -DDEFENV_SYSTEMC_LIBDIR=\"\" -DDEFENV_VERILATOR_ROOT=\"/opt/verilator/share/verilator\" -include V3PchAstNoMT.h -c ../V3Param.cpp -o V3Param.o
[rtl-full/Verilator shard 2/5-3             ]   | g++   -O3 -DVERILATOR_INTERNAL_ -MMD -I. -I.. -I.. -I../../include -I../../include -MP  -Wno-shadow -Wno-unused-parameter -faligned-new -fno-exceptions -DDEFENV_SYSTEMC=\"\" -DDEFENV_SYSTEMC_ARCH=\"\" -DDEFENV_SYSTEMC_INCLUDE=\"\" -DDEFENV_SYSTEMC_LIBDIR=\"\" -DDEFENV_VERILATOR_ROOT=\"/opt/verilator/share/verilator\" -include V3PchAstNoMT.h -c ../V3FsmDetect.cpp -o V3FsmDetect.o
[rtl-full/Verilator shard 3/5-4             ]   | g++   -Og -ggdb -gz -DVL_DEBUG -D_GLIBCXX_DEBUG -DVERILATOR_INTERNAL_ -MMD -I. -I.. -I.. -I../../include -I../../include -MP  -Wno-shadow -Wno-unused-parameter -faligned-new -fno-exceptions -DDEFENV_SYSTEMC=\"\" -DDEFENV_SYSTEMC_ARCH=\"\" -DDEFENV_SYSTEMC_INCLUDE=\"\" -DDEFENV_SYSTEMC_LIBDIR=\"\" -DDEFENV_VERILATOR_ROOT=\"/opt/verilator/share/verilator\" -include V3PchAstNoMT.h -c ../V3LinkDot.cpp -o V3LinkDot.o
[rtl-full/Verilator shard 0/5-1             ]   | g++   -O3 -DVERILATOR_INTERNAL_ -MMD -I. -I.. -I.. -I../../include -I../../include -MP  -Wno-shadow -Wno-unused-parameter -faligned-new -fno-exceptions -DDEFENV_SYSTEMC=\"\" -DDEFENV_SYSTEMC_ARCH=\"\" -DDEFENV_SYSTEMC_INCLUDE=\"\" -DDEFENV_SYSTEMC_LIBDIR=\"\" -DDEFENV_VERILATOR_ROOT=\"/opt/verilator/share/verilator\" -include V3PchAstNoMT.h -c ../V3Reorder.cpp -o V3Reorder.o
[rtl-full/Verilator shard 3/5-4             ]   | g++   -O3 -DVERILATOR_INTERNAL_ -MMD -I. -I.. -I.. -I../../include -I../../include -MP  -Wno-shadow -Wno-unused-parameter -faligned-new -fno-exceptions -DDEFENV_SYSTEMC=\"\" -DDEFENV_SYSTEMC_ARCH=\"\" -DDEFENV_SYSTEMC_INCLUDE=\"\" -DDEFENV_SYSTEMC_LIBDIR=\"\" -DDEFENV_VERILATOR_ROOT=\"/opt/verilator/share/verilator\" -include V3PchAstNoMT.h -c ../V3PatternStats.cpp -o V3PatternStats.o
[rtl-full/Verilator shard 0/5-1             ]   | g++   -Og -ggdb -gz -DVL_DEBUG -D_GLIBCXX_DEBUG -DVERILATOR_INTERNAL_ -MMD -I. -I.. -I.. -I../../include -I../../include -MP  -Wno-shadow -Wno-unused-parameter -faligned-new -fno-exceptions -DDEFENV_SYSTEMC=\"\" -DDEFENV_SYSTEMC_ARCH=\"\" -DDEFENV_SYSTEMC_INCLUDE=\"\" -DDEFENV_SYSTEMC_LIBDIR=\"\" -DDEFENV_VERILATOR_ROOT=\"/opt/verilator/share/verilator\" -include V3PchAstNoMT.h -c ../V3Force.cpp -o V3Force.o
[rtl-full/Verilator shard 2/5-3             ]   | g++   -Og -ggdb -gz -DVL_DEBUG -D_GLIBCXX_DEBUG -DVERILATOR_INTERNAL_ -MMD -I. -I.. -I.. -I../../include -I../../include -MP  -Wno-shadow -Wno-unused-parameter -faligned-new -fno-exceptions -DDEFENV_SYSTEMC=\"\" -DDEFENV_SYSTEMC_ARCH=\"\" -DDEFENV_SYSTEMC_INCLUDE=\"\" -DDEFENV_SYSTEMC_LIBDIR=\"\" -DDEFENV_VERILATOR_ROOT=\"/opt/verilator/share/verilator\" -include V3PchAstNoMT.h -c ../V3RandSequence.cpp -o V3RandSequence.o
[rtl-full/Verilator shard 0/5-1             ]   | g++   -Og -ggdb -gz -DVL_DEBUG -D_GLIBCXX_DEBUG -DVERILATOR_INTERNAL_ -MMD -I. -I.. -I.. -I../../include -I../../include -MP  -Wno-shadow -Wno-unused-parameter -faligned-new -fno-exceptions -DDEFENV_SYSTEMC=\"\" -DDEFENV_SYSTEMC_ARCH=\"\" -DDEFENV_SYSTEMC_INCLUDE=\"\" -DDEFENV_SYSTEMC_LIBDIR=\"\" -DDEFENV_VERILATOR_ROOT=\"/opt/verilator/share/verilator\" -include V3PchAstNoMT.h -c ../V3FsmDetect.cpp -o V3FsmDetect.o
[rtl-full/Verilator shard 1/5-2             ]   | g++   -Og -ggdb -gz -DVL_DEBUG -D_GLIBCXX_DEBUG -DVERILATOR_INTERNAL_ -MMD -I. -I.. -I.. -I../../include -I../../include -MP  -Wno-shadow -Wno-unused-parameter -faligned-new -fno-exceptions -DDEFENV_SYSTEMC=\"\" -DDEFENV_SYSTEMC_ARCH=\"\" -DDEFENV_SYSTEMC_INCLUDE=\"\" -DDEFENV_SYSTEMC_LIBDIR=\"\" -DDEFENV_VERILATOR_ROOT=\"/opt/verilator/share/verilator\" -include V3PchAstNoMT.h -c ../V3LinkLValue.cpp -o V3LinkLValue.o
[rtl-full/Verilator shard 1/5-2             ]   | g++   -O3 -DVERILATOR_INTERNAL_ -MMD -I. -I.. -I.. -I../../include -I../../include -MP  -Wno-shadow -Wno-unused-parameter -faligned-new -fno-exceptions -DDEFENV_SYSTEMC=\"\" -DDEFENV_SYSTEMC_ARCH=\"\" -DDEFENV_SYSTEMC_INCLUDE=\"\" -DDEFENV_SYSTEMC_LIBDIR=\"\" -DDEFENV_VERILATOR_ROOT=\"/opt/verilator/share/verilator\" -include V3PchAstNoMT.h -c ../V3LinkLValue.cpp -o V3LinkLValue.o
[rtl-full/Verilator shard 0/5-1             ]   | g++   -O3 -DVERILATOR_INTERNAL_ -MMD -I. -I.. -I.. -I../../include -I../../include -MP  -Wno-shadow -Wno-unused-parameter -faligned-new -fno-exceptions -DDEFENV_SYSTEMC=\"\" -DDEFENV_SYSTEMC_ARCH=\"\" -DDEFENV_SYSTEMC_INCLUDE=\"\" -DDEFENV_SYSTEMC_LIBDIR=\"\" -DDEFENV_VERILATOR_ROOT=\"/opt/verilator/share/verilator\" -include V3PchAstNoMT.h -c ../V3Sampled.cpp -o V3Sampled.o
[rtl-full/Verilator shard 3/5-4             ]   | g++   -Og -ggdb -gz -DVL_DEBUG -D_GLIBCXX_DEBUG -DVERILATOR_INTERNAL_ -MMD -I. -I.. -I.. -I../../include -I../../include -MP  -Wno-shadow -Wno-unused-parameter -faligned-new -fno-exceptions -DDEFENV_SYSTEMC=\"\" -DDEFENV_SYSTEMC_ARCH=\"\" -DDEFENV_SYSTEMC_INCLUDE=\"\" -DDEFENV_SYSTEMC_LIBDIR=\"\" -DDEFENV_VERILATOR_ROOT=\"/opt/verilator/share/verilator\" -include V3PchAstNoMT.h -c ../V3LinkDotIfaceCapture.cpp -o V3LinkDotIfaceCapture.o
[rtl-full/Verilator shard 3/5-4             ]   | g++   -O3 -DVERILATOR_INTERNAL_ -MMD -I. -I.. -I.. -I../../include -I../../include -MP  -Wno-shadow -Wno-unused-parameter -faligned-new -fno-exceptions -DDEFENV_SYSTEMC=\"\" -DDEFENV_SYSTEMC_ARCH=\"\" -DDEFENV_SYSTEMC_INCLUDE=\"\" -DDEFENV_SYSTEMC_LIBDIR=\"\" -DDEFENV_VERILATOR_ROOT=\"/opt/verilator/share/verilator\" -include V3PchAstNoMT.h -c ../V3Premit.cpp -o V3Premit.o
[rtl-full/Verilator shard 1/5-2             ]   | g++   -Og -ggdb -gz -DVL_DEBUG -D_GLIBCXX_DEBUG -DVERILATOR_INTERNAL_ -MMD -I. -I.. -I.. -I../../include -I../../include -MP  -Wno-shadow -Wno-unused-parameter -faligned-new -fno-exceptions -DDEFENV_SYSTEMC=\"\" -DDEFENV_SYSTEMC_ARCH=\"\" -DDEFENV_SYSTEMC_INCLUDE=\"\" -DDEFENV_SYSTEMC_LIBDIR=\"\" -DDEFENV_VERILATOR_ROOT=\"/opt/verilator/share/verilator\" -include V3PchAstNoMT.h -c ../V3LinkLevel.cpp -o V3LinkLevel.o
[rtl-full/Verilator shard 1/5-2             ]   | g++   -Og -ggdb -gz -DVL_DEBUG -D_GLIBCXX_DEBUG -DVERILATOR_INTERNAL_ -MMD -I. -I.. -I.. -I../../include -I../../include -MP  -Wno-shadow -Wno-unused-parameter -faligned-new -fno-exceptions -DDEFENV_SYSTEMC=\"\" -DDEFENV_SYSTEMC_ARCH=\"\" -DDEFENV_SYSTEMC_INCLUDE=\"\" -DDEFENV_SYSTEMC_LIBDIR=\"\" -DDEFENV_VERILATOR_ROOT=\"/opt/verilator/share/verilator\" -include V3PchAstNoMT.h -c ../V3LinkParse.cpp -o V3LinkParse.o
[rtl-full/Verilator shard 1/5-2             ]   | g++   -O3 -DVERILATOR_INTERNAL_ -MMD -I. -I.. -I.. -I../../include -I../../include -MP  -Wno-shadow -Wno-unused-parameter -faligned-new -fno-exceptions -DDEFENV_SYSTEMC=\"\" -DDEFENV_SYSTEMC_ARCH=\"\" -DDEFENV_SYSTEMC_INCLUDE=\"\" -DDEFENV_SYSTEMC_LIBDIR=\"\" -DDEFENV_VERILATOR_ROOT=\"/opt/verilator/share/verilator\" -include V3PchAstNoMT.h -c ../V3LinkLevel.cpp -o V3LinkLevel.o
[rtl-full/Verilator shard 2/5-3             ]   | g++   -O3 -DVERILATOR_INTERNAL_ -MMD -I. -I.. -I.. -I../../include -I../../include -MP  -Wno-shadow -Wno-unused-parameter -faligned-new -fno-exceptions -DDEFENV_SYSTEMC=\"\" -DDEFENV_SYSTEMC_ARCH=\"\" -DDEFENV_SYSTEMC_INCLUDE=\"\" -DDEFENV_SYSTEMC_LIBDIR=\"\" -DDEFENV_VERILATOR_ROOT=\"/opt/verilator/share/verilator\" -include V3PchAstNoMT.h -c ../V3Fork.cpp -o V3Fork.o
[rtl-full/Verilator shard 0/5-1             ]   | g++   -O3 -DVERILATOR_INTERNAL_ -MMD -I. -I.. -I.. -I../../include -I../../include -MP  -Wno-shadow -Wno-unused-parameter -faligned-new -fno-exceptions -DDEFENV_SYSTEMC=\"\" -DDEFENV_SYSTEMC_ARCH=\"\" -DDEFENV_SYSTEMC_INCLUDE=\"\" -DDEFENV_SYSTEMC_LIBDIR=\"\" -DDEFENV_VERILATOR_ROOT=\"/opt/verilator/share/verilator\" -include V3PchAstNoMT.h -c ../V3Sched.cpp -o V3Sched.o
[rtl-full/Verilator shard 2/5-3             ]   | g++   -Og -ggdb -gz -DVL_DEBUG -D_GLIBCXX_DEBUG -DVERILATOR_INTERNAL_ -MMD -I. -I.. -I.. -I../../include -I../../include -MP  -Wno-shadow -Wno-unused-parameter -faligned-new -fno-exceptions -DDEFENV_SYSTEMC=\"\" -DDEFENV_SYSTEMC_ARCH=\"\" -DDEFENV_SYSTEMC_INCLUDE=\"\" -DDEFENV_SYSTEMC_LIBDIR=\"\" -DDEFENV_VERILATOR_ROOT=\"/opt/verilator/share/verilator\" -include V3PchAstNoMT.h -c ../V3Randomize.cpp -o V3Randomize.o
[rtl-full/Verilator shard 2/5-3             ]   | g++   -O3 -DVERILATOR_INTERNAL_ -MMD -I. -I.. -I.. -I../../include -I../../include -MP  -Wno-shadow -Wno-unused-parameter -faligned-new -fno-exceptions -DDEFENV_SYSTEMC=\"\" -DDEFENV_SYSTEMC_ARCH=\"\" -DDEFENV_SYSTEMC_INCLUDE=\"\" -DDEFENV_SYSTEMC_LIBDIR=\"\" -DDEFENV_VERILATOR_ROOT=\"/opt/verilator/share/verilator\" -include V3PchAstNoMT.h -c ../V3Gate.cpp -o V3Gate.o
[rtl-full/Verilator shard 3/5-4             ]   | g++   -O3 -DVERILATOR_INTERNAL_ -MMD -I. -I.. -I.. -I../../include -I../../include -MP  -Wno-shadow -Wno-unused-parameter -faligned-new -fno-exceptions -DDEFENV_SYSTEMC=\"\" -DDEFENV_SYSTEMC_ARCH=\"\" -DDEFENV_SYSTEMC_INCLUDE=\"\" -DDEFENV_SYSTEMC_LIBDIR=\"\" -DDEFENV_VERILATOR_ROOT=\"/opt/verilator/share/verilator\" -include V3PchAstNoMT.h -c ../V3ProtectLib.cpp -o V3ProtectLib.o
[rtl-full/Verilator shard 2/5-3             ]   | g++   -O3 -DVERILATOR_INTERNAL_ -MMD -I. -I.. -I.. -I../../include -I../../include -MP  -Wno-shadow -Wno-unused-parameter -faligned-new -fno-exceptions -DDEFENV_SYSTEMC=\"\" -DDEFENV_SYSTEMC_ARCH=\"\" -DDEFENV_SYSTEMC_INCLUDE=\"\" -DDEFENV_SYSTEMC_LIBDIR=\"\" -DDEFENV_VERILATOR_ROOT=\"/opt/verilator/share/verilator\" -include V3PchAstNoMT.h -c ../V3HierBlock.cpp -o V3HierBlock.o
[rtl-full/Verilator shard 1/5-2             ]   | g++   -O3 -DVERILATOR_INTERNAL_ -MMD -I. -I.. -I.. -I../../include -I../../include -MP  -Wno-shadow -Wno-unused-parameter -faligned-new -fno-exceptions -DDEFENV_SYSTEMC=\"\" -DDEFENV_SYSTEMC_ARCH=\"\" -DDEFENV_SYSTEMC_INCLUDE=\"\" -DDEFENV_SYSTEMC_LIBDIR=\"\" -DDEFENV_VERILATOR_ROOT=\"/opt/verilator/share/verilator\" -include V3PchAstNoMT.h -c ../V3LinkParse.cpp -o V3LinkParse.o
[rtl-full/Verilator shard 1/5-2             ]   | g++   -O3 -DVERILATOR_INTERNAL_ -MMD -I. -I.. -I.. -I../../include -I../../include -MP  -Wno-shadow -Wno-unused-parameter -faligned-new -fno-exceptions -DDEFENV_SYSTEMC=\"\" -DDEFENV_SYSTEMC_ARCH=\"\" -DDEFENV_SYSTEMC_INCLUDE=\"\" -DDEFENV_SYSTEMC_LIBDIR=\"\" -DDEFENV_VERILATOR_ROOT=\"/opt/verilator/share/verilator\" -include V3PchAstNoMT.h -c ../V3LinkResolve.cpp -o V3LinkResolve.o
[rtl-full/Verilator shard 1/5-2             ]   | g++   -Og -ggdb -gz -DVL_DEBUG -D_GLIBCXX_DEBUG -DVERILATOR_INTERNAL_ -MMD -I. -I.. -I.. -I../../include -I../../include -MP  -Wno-shadow -Wno-unused-parameter -faligned-new -fno-exceptions -DDEFENV_SYSTEMC=\"\" -DDEFENV_SYSTEMC_ARCH=\"\" -DDEFENV_SYSTEMC_INCLUDE=\"\" -DDEFENV_SYSTEMC_LIBDIR=\"\" -DDEFENV_VERILATOR_ROOT=\"/opt/verilator/share/verilator\" -include V3PchAstNoMT.h -c ../V3LinkResolve.cpp -o V3LinkResolve.o
[rtl-full/Verilator shard 2/5-3             ]   | g++   -Og -ggdb -gz -DVL_DEBUG -D_GLIBCXX_DEBUG -DVERILATOR_INTERNAL_ -MMD -I. -I.. -I.. -I../../include -I../../include -MP  -Wno-shadow -Wno-unused-parameter -faligned-new -fno-exceptions -DDEFENV_SYSTEMC=\"\" -DDEFENV_SYSTEMC_ARCH=\"\" -DDEFENV_SYSTEMC_INCLUDE=\"\" -DDEFENV_SYSTEMC_LIBDIR=\"\" -DDEFENV_VERILATOR_ROOT=\"/opt/verilator/share/verilator\" -include V3PchAstNoMT.h -c ../V3Reloop.cpp -o V3Reloop.o
[rtl-full/Verilator shard 0/5-1             ]   | g++   -Og -ggdb -gz -DVL_DEBUG -D_GLIBCXX_DEBUG -DVERILATOR_INTERNAL_ -MMD -I. -I.. -I.. -I../../include -I../../include -MP  -Wno-shadow -Wno-unused-parameter -faligned-new -fno-exceptions -DDEFENV_SYSTEMC=\"\" -DDEFENV_SYSTEMC_ARCH=\"\" -DDEFENV_SYSTEMC_INCLUDE=\"\" -DDEFENV_SYSTEMC_LIBDIR=\"\" -DDEFENV_VERILATOR_ROOT=\"/opt/verilator/share/verilator\" -include V3PchAstNoMT.h -c ../V3Fork.cpp -o V3Fork.o
[rtl-full/Verilator shard 3/5-4             ]   | g++   -O3 -DVERILATOR_INTERNAL_ -MMD -I. -I.. -I.. -I../../include -I../../include -MP  -Wno-shadow -Wno-unused-parameter -faligned-new -fno-exceptions -DDEFENV_SYSTEMC=\"\" -DDEFENV_SYSTEMC_ARCH=\"\" -DDEFENV_SYSTEMC_INCLUDE=\"\" -DDEFENV_SYSTEMC_LIBDIR=\"\" -DDEFENV_VERILATOR_ROOT=\"/opt/verilator/share/verilator\" -include V3PchAstNoMT.h -c ../V3RandSequence.cpp -o V3RandSequence.o
[rtl-full/Verilator shard 1/5-2             ]   | g++   -Og -ggdb -gz -DVL_DEBUG -D_GLIBCXX_DEBUG -DVERILATOR_INTERNAL_ -MMD -I. -I.. -I.. -I../../include -I../../include -MP  -Wno-shadow -Wno-unused-parameter -faligned-new -fno-exceptions -DDEFENV_SYSTEMC=\"\" -DDEFENV_SYSTEMC_ARCH=\"\" -DDEFENV_SYSTEMC_INCLUDE=\"\" -DDEFENV_SYSTEMC_LIBDIR=\"\" -DDEFENV_VERILATOR_ROOT=\"/opt/verilator/share/verilator\" -include V3PchAstNoMT.h -c ../V3LinkWith.cpp -o V3LinkWith.o
[rtl-full/Verilator shard 0/5-1             ]   | g++   -O3 -DVERILATOR_INTERNAL_ -MMD -I. -I.. -I.. -I../../include -I../../include -MP  -Wno-shadow -Wno-unused-parameter -faligned-new -fno-exceptions -DDEFENV_SYSTEMC=\"\" -DDEFENV_SYSTEMC_ARCH=\"\" -DDEFENV_SYSTEMC_INCLUDE=\"\" -DDEFENV_SYSTEMC_LIBDIR=\"\" -DDEFENV_VERILATOR_ROOT=\"/opt/verilator/share/verilator\" -include V3PchAstNoMT.h -c ../V3SchedAcyclic.cpp -o V3SchedAcyclic.o
[rtl-full/Verilator shard 2/5-3             ]   | g++   -O3 -DVERILATOR_INTERNAL_ -MMD -I. -I.. -I.. -I../../include -I../../include -MP  -Wno-shadow -Wno-unused-parameter -faligned-new -fno-exceptions -DDEFENV_SYSTEMC=\"\" -DDEFENV_SYSTEMC_ARCH=\"\" -DDEFENV_SYSTEMC_INCLUDE=\"\" -DDEFENV_SYSTEMC_LIBDIR=\"\" -DDEFENV_VERILATOR_ROOT=\"/opt/verilator/share/verilator\" -include V3PchAstNoMT.h -c ../V3Inline.cpp -o V3Inline.o
[rtl-full/Verilator shard 1/5-2             ]   | g++   -O3 -DVERILATOR_INTERNAL_ -MMD -I. -I.. -I.. -I../../include -I../../include -MP  -Wno-shadow -Wno-unused-parameter -faligned-new -fno-exceptions -DDEFENV_SYSTEMC=\"\" -DDEFENV_SYSTEMC_ARCH=\"\" -DDEFENV_SYSTEMC_INCLUDE=\"\" -DDEFENV_SYSTEMC_LIBDIR=\"\" -DDEFENV_VERILATOR_ROOT=\"/opt/verilator/share/verilator\" -include V3PchAstNoMT.h -c ../V3LinkWith.cpp -o V3LinkWith.o
[rtl-full/Verilator shard 3/5-4             ]   | g++   -Og -ggdb -gz -DVL_DEBUG -D_GLIBCXX_DEBUG -DVERILATOR_INTERNAL_ -MMD -I. -I.. -I.. -I../../include -I../../include -MP  -Wno-shadow -Wno-unused-parameter -faligned-new -fno-exceptions -DDEFENV_SYSTEMC=\"\" -DDEFENV_SYSTEMC_ARCH=\"\" -DDEFENV_SYSTEMC_INCLUDE=\"\" -DDEFENV_SYSTEMC_LIBDIR=\"\" -DDEFENV_VERILATOR_ROOT=\"/opt/verilator/share/verilator\" -include V3PchAstNoMT.h -c ../V3LinkInc.cpp -o V3LinkInc.o
[rtl-full/Verilator shard 2/5-3             ]   | g++   -O3 -DVERILATOR_INTERNAL_ -MMD -I. -I.. -I.. -I../../include -I../../include -MP  -Wno-shadow -Wno-unused-parameter -faligned-new -fno-exceptions -DDEFENV_SYSTEMC=\"\" -DDEFENV_SYSTEMC_ARCH=\"\" -DDEFENV_SYSTEMC_INCLUDE=\"\" -DDEFENV_SYSTEMC_LIBDIR=\"\" -DDEFENV_VERILATOR_ROOT=\"/opt/verilator/share/verilator\" -include V3PchAstNoMT.h -c ../V3InlineCFuncs.cpp -o V3InlineCFuncs.o
[rtl-full/Verilator shard 0/5-1             ]   | g++   -Og -ggdb -gz -DVL_DEBUG -D_GLIBCXX_DEBUG -DVERILATOR_INTERNAL_ -MMD -I. -I.. -I.. -I../../include -I../../include -MP  -Wno-shadow -Wno-unused-parameter -faligned-new -fno-exceptions -DDEFENV_SYSTEMC=\"\" -DDEFENV_SYSTEMC_ARCH=\"\" -DDEFENV_SYSTEMC_INCLUDE=\"\" -DDEFENV_SYSTEMC_LIBDIR=\"\" -DDEFENV_VERILATOR_ROOT=\"/opt/verilator/share/verilator\" -include V3PchAstNoMT.h -c ../V3Gate.cpp -o V3Gate.o
[rtl-full/Verilator shard 2/5-3             ]   | g++   -Og -ggdb -gz -DVL_DEBUG -D_GLIBCXX_DEBUG -DVERILATOR_INTERNAL_ -MMD -I. -I.. -I.. -I../../include -I../../include -MP  -Wno-shadow -Wno-unused-parameter -faligned-new -fno-exceptions -DDEFENV_SYSTEMC=\"\" -DDEFENV_SYSTEMC_ARCH=\"\" -DDEFENV_SYSTEMC_INCLUDE=\"\" -DDEFENV_SYSTEMC_LIBDIR=\"\" -DDEFENV_VERILATOR_ROOT=\"/opt/verilator/share/verilator\" -include V3PchAstNoMT.h -c ../V3Reorder.cpp -o V3Reorder.o
[rtl-full/Verilator shard 0/5-1             ]   | g++   -O3 -DVERILATOR_INTERNAL_ -MMD -I. -I.. -I.. -I../../include -I../../include -MP  -Wno-shadow -Wno-unused-parameter -faligned-new -fno-exceptions -DDEFENV_SYSTEMC=\"\" -DDEFENV_SYSTEMC_ARCH=\"\" -DDEFENV_SYSTEMC_INCLUDE=\"\" -DDEFENV_SYSTEMC_LIBDIR=\"\" -DDEFENV_VERILATOR_ROOT=\"/opt/verilator/share/verilator\" -include V3PchAstNoMT.h -c ../V3SchedPartition.cpp -o V3SchedPartition.o
[rtl-full/Verilator shard 1/5-2             ]   | g++   -Og -ggdb -gz -DVL_DEBUG -D_GLIBCXX_DEBUG -DVERILATOR_INTERNAL_ -MMD -I. -I.. -I.. -I../../include -I../../include -MP  -Wno-shadow -Wno-unused-parameter -faligned-new -fno-exceptions -DDEFENV_SYSTEMC=\"\" -DDEFENV_SYSTEMC_ARCH=\"\" -DDEFENV_SYSTEMC_INCLUDE=\"\" -DDEFENV_SYSTEMC_LIBDIR=\"\" -DDEFENV_VERILATOR_ROOT=\"/opt/verilator/share/verilator\" -include V3PchAstNoMT.h -c ../V3Localize.cpp -o V3Localize.o
[rtl-full/Verilator shard 1/5-2             ]   | g++   -O3 -DVERILATOR_INTERNAL_ -MMD -I. -I.. -I.. -I../../include -I../../include -MP  -Wno-shadow -Wno-unused-parameter -faligned-new -fno-exceptions -DDEFENV_SYSTEMC=\"\" -DDEFENV_SYSTEMC_ARCH=\"\" -DDEFENV_SYSTEMC_INCLUDE=\"\" -DDEFENV_SYSTEMC_LIBDIR=\"\" -DDEFENV_VERILATOR_ROOT=\"/opt/verilator/share/verilator\" -include V3PchAstNoMT.h -c ../V3Localize.cpp -o V3Localize.o
[rtl-full/Verilator shard 1/5-2             ]   | g++   -Og -ggdb -gz -DVL_DEBUG -D_GLIBCXX_DEBUG -DVERILATOR_INTERNAL_ -MMD -I. -I.. -I.. -I../../include -I../../include -MP  -Wno-shadow -Wno-unused-parameter -faligned-new -fno-exceptions -DDEFENV_SYSTEMC=\"\" -DDEFENV_SYSTEMC_ARCH=\"\" -DDEFENV_SYSTEMC_INCLUDE=\"\" -DDEFENV_SYSTEMC_LIBDIR=\"\" -DDEFENV_VERILATOR_ROOT=\"/opt/verilator/share/verilator\" -include V3PchAstNoMT.h -c ../V3MergeCond.cpp -o V3MergeCond.o
[rtl-full/Verilator shard 1/5-2             ]   | g++   -O3 -DVERILATOR_INTERNAL_ -MMD -I. -I.. -I.. -I../../include -I../../include -MP  -Wno-shadow -Wno-unused-parameter -faligned-new -fno-exceptions -DDEFENV_SYSTEMC=\"\" -DDEFENV_SYSTEMC_ARCH=\"\" -DDEFENV_SYSTEMC_INCLUDE=\"\" -DDEFENV_SYSTEMC_LIBDIR=\"\" -DDEFENV_VERILATOR_ROOT=\"/opt/verilator/share/verilator\" -include V3PchAstNoMT.h -c ../V3MergeCond.cpp -o V3MergeCond.o
[rtl-full/Verilator shard 3/5-4             ]   | g++   -O3 -DVERILATOR_INTERNAL_ -MMD -I. -I.. -I.. -I../../include -I../../include -MP  -Wno-shadow -Wno-unused-parameter -faligned-new -fno-exceptions -DDEFENV_SYSTEMC=\"\" -DDEFENV_SYSTEMC_ARCH=\"\" -DDEFENV_SYSTEMC_INCLUDE=\"\" -DDEFENV_SYSTEMC_LIBDIR=\"\" -DDEFENV_VERILATOR_ROOT=\"/opt/verilator/share/verilator\" -include V3PchAstNoMT.h -c ../V3Randomize.cpp -o V3Randomize.o
[rtl-full/Verilator shard 3/5-4             ]   | g++   -Og -ggdb -gz -DVL_DEBUG -D_GLIBCXX_DEBUG -DVERILATOR_INTERNAL_ -MMD -I. -I.. -I.. -I../../include -I../../include -MP  -Wno-shadow -Wno-unused-parameter -faligned-new -fno-exceptions -DDEFENV_SYSTEMC=\"\" -DDEFENV_SYSTEMC_ARCH=\"\" -DDEFENV_SYSTEMC_INCLUDE=\"\" -DDEFENV_SYSTEMC_LIBDIR=\"\" -DDEFENV_VERILATOR_ROOT=\"/opt/verilator/share/verilator\" -include V3PchAstNoMT.h -c ../V3LinkJump.cpp -o V3LinkJump.o
[rtl-full/Verilator shard 2/5-3             ]   | g++   -O3 -DVERILATOR_INTERNAL_ -MMD -I. -I.. -I.. -I../../include -I../../include -MP  -Wno-shadow -Wno-unused-parameter -faligned-new -fno-exceptions -DDEFENV_SYSTEMC=\"\" -DDEFENV_SYSTEMC_ARCH=\"\" -DDEFENV_SYSTEMC_INCLUDE=\"\" -DDEFENV_SYSTEMC_LIBDIR=\"\" -DDEFENV_VERILATOR_ROOT=\"/opt/verilator/share/verilator\" -include V3PchAstNoMT.h -c ../V3Inst.cpp -o V3Inst.o
[rtl-full/Verilator shard 2/5-3             ]   | g++   -O3 -DVERILATOR_INTERNAL_ -MMD -I. -I.. -I.. -I../../include -I../../include -MP  -Wno-shadow -Wno-unused-parameter -faligned-new -fno-exceptions -DDEFENV_SYSTEMC=\"\" -DDEFENV_SYSTEMC_ARCH=\"\" -DDEFENV_SYSTEMC_INCLUDE=\"\" -DDEFENV_SYSTEMC_LIBDIR=\"\" -DDEFENV_VERILATOR_ROOT=\"/opt/verilator/share/verilator\" -include V3PchAstNoMT.h -c ../V3InstrCount.cpp -o V3InstrCount.o
[rtl-full/Verilator shard 3/5-4             ]   | g++   -O3 -DVERILATOR_INTERNAL_ -MMD -I. -I.. -I.. -I../../include -I../../include -MP  -Wno-shadow -Wno-unused-parameter -faligned-new -fno-exceptions -DDEFENV_SYSTEMC=\"\" -DDEFENV_SYSTEMC_ARCH=\"\" -DDEFENV_SYSTEMC_INCLUDE=\"\" -DDEFENV_SYSTEMC_LIBDIR=\"\" -DDEFENV_VERILATOR_ROOT=\"/opt/verilator/share/verilator\" -include V3PchAstNoMT.h -c ../V3Reloop.cpp -o V3Reloop.o
[rtl-full/Verilator shard 0/5-1             ]   | g++   -Og -ggdb -gz -DVL_DEBUG -D_GLIBCXX_DEBUG -DVERILATOR_INTERNAL_ -MMD -I. -I.. -I.. -I../../include -I../../include -MP  -Wno-shadow -Wno-unused-parameter -faligned-new -fno-exceptions -DDEFENV_SYSTEMC=\"\" -DDEFENV_SYSTEMC_ARCH=\"\" -DDEFENV_SYSTEMC_INCLUDE=\"\" -DDEFENV_SYSTEMC_LIBDIR=\"\" -DDEFENV_VERILATOR_ROOT=\"/opt/verilator/share/verilator\" -include V3PchAstNoMT.h -c ../V3HierBlock.cpp -o V3HierBlock.o
[rtl-full/Verilator shard 2/5-3             ]   | g++   -Og -ggdb -gz -DVL_DEBUG -D_GLIBCXX_DEBUG -DVERILATOR_INTERNAL_ -MMD -I. -I.. -I.. -I../../include -I../../include -MP  -Wno-shadow -Wno-unused-parameter -faligned-new -fno-exceptions -DDEFENV_SYSTEMC=\"\" -DDEFENV_SYSTEMC_ARCH=\"\" -DDEFENV_SYSTEMC_INCLUDE=\"\" -DDEFENV_SYSTEMC_LIBDIR=\"\" -DDEFENV_VERILATOR_ROOT=\"/opt/verilator/share/verilator\" -include V3PchAstNoMT.h -c ../V3Sampled.cpp -o V3Sampled.o
[rtl-full/Verilator shard 0/5-1             ]   | g++   -O3 -DVERILATOR_INTERNAL_ -MMD -I. -I.. -I.. -I../../include -I../../include -MP  -Wno-shadow -Wno-unused-parameter -faligned-new -fno-exceptions -DDEFENV_SYSTEMC=\"\" -DDEFENV_SYSTEMC_ARCH=\"\" -DDEFENV_SYSTEMC_INCLUDE=\"\" -DDEFENV_SYSTEMC_LIBDIR=\"\" -DDEFENV_VERILATOR_ROOT=\"/opt/verilator/share/verilator\" -include V3PchAstNoMT.h -c ../V3SchedReplicate.cpp -o V3SchedReplicate.o
[rtl-full/Verilator shard 1/5-2             ]   | g++   -O3 -DVERILATOR_INTERNAL_ -MMD -I. -I.. -I.. -I../../include -I../../include -MP  -Wno-shadow -Wno-unused-parameter -faligned-new -fno-exceptions -DDEFENV_SYSTEMC=\"\" -DDEFENV_SYSTEMC_ARCH=\"\" -DDEFENV_SYSTEMC_INCLUDE=\"\" -DDEFENV_SYSTEMC_LIBDIR=\"\" -DDEFENV_VERILATOR_ROOT=\"/opt/verilator/share/verilator\" -include V3PchAstNoMT.h -c ../V3Name.cpp -o V3Name.o
[rtl-full/Verilator shard 1/5-2             ]   | g++   -Og -ggdb -gz -DVL_DEBUG -D_GLIBCXX_DEBUG -DVERILATOR_INTERNAL_ -MMD -I. -I.. -I.. -I../../include -I../../include -MP  -Wno-shadow -Wno-unused-parameter -faligned-new -fno-exceptions -DDEFENV_SYSTEMC=\"\" -DDEFENV_SYSTEMC_ARCH=\"\" -DDEFENV_SYSTEMC_INCLUDE=\"\" -DDEFENV_SYSTEMC_LIBDIR=\"\" -DDEFENV_VERILATOR_ROOT=\"/opt/verilator/share/verilator\" -include V3PchAstNoMT.h -c ../V3Name.cpp -o V3Name.o
[rtl-full/Verilator shard 0/5-1             ]   | g++   -O3 -DVERILATOR_INTERNAL_ -MMD -I. -I.. -I.. -I../../include -I../../include -MP  -Wno-shadow -Wno-unused-parameter -faligned-new -fno-exceptions -DDEFENV_SYSTEMC=\"\" -DDEFENV_SYSTEMC_ARCH=\"\" -DDEFENV_SYSTEMC_INCLUDE=\"\" -DDEFENV_SYSTEMC_LIBDIR=\"\" -DDEFENV_VERILATOR_ROOT=\"/opt/verilator/share/verilator\" -include V3PchAstNoMT.h -c ../V3SchedTiming.cpp -o V3SchedTiming.o
[rtl-full/Verilator shard 1/5-2             ]   | g++   -Og -ggdb -gz -DVL_DEBUG -D_GLIBCXX_DEBUG -DVERILATOR_INTERNAL_ -MMD -I. -I.. -I.. -I../../include -I../../include -MP  -Wno-shadow -Wno-unused-parameter -faligned-new -fno-exceptions -DDEFENV_SYSTEMC=\"\" -DDEFENV_SYSTEMC_ARCH=\"\" -DDEFENV_SYSTEMC_INCLUDE=\"\" -DDEFENV_SYSTEMC_LIBDIR=\"\" -DDEFENV_VERILATOR_ROOT=\"/opt/verilator/share/verilator\" -include V3PchAstNoMT.h -c ../V3Order.cpp -o V3Order.o
[rtl-full/Verilator shard 1/5-2             ]   | g++   -O3 -DVERILATOR_INTERNAL_ -MMD -I. -I.. -I.. -I../../include -I../../include -MP  -Wno-shadow -Wno-unused-parameter -faligned-new -fno-exceptions -DDEFENV_SYSTEMC=\"\" -DDEFENV_SYSTEMC_ARCH=\"\" -DDEFENV_SYSTEMC_INCLUDE=\"\" -DDEFENV_SYSTEMC_LIBDIR=\"\" -DDEFENV_VERILATOR_ROOT=\"/opt/verilator/share/verilator\" -include V3PchAstNoMT.h -c ../V3Order.cpp -o V3Order.o
[rtl-full/Verilator shard 2/5-3             ]   | g++   -Og -ggdb -gz -DVL_DEBUG -D_GLIBCXX_DEBUG -DVERILATOR_INTERNAL_ -MMD -I. -I.. -I.. -I../../include -I../../include -MP  -Wno-shadow -Wno-unused-parameter -faligned-new -fno-exceptions -DDEFENV_SYSTEMC=\"\" -DDEFENV_SYSTEMC_ARCH=\"\" -DDEFENV_SYSTEMC_INCLUDE=\"\" -DDEFENV_SYSTEMC_LIBDIR=\"\" -DDEFENV_VERILATOR_ROOT=\"/opt/verilator/share/verilator\" -include V3PchAstNoMT.h -c ../V3Sched.cpp -o V3Sched.o
[rtl-full/Verilator shard 2/5-3             ]   | g++   -O3 -DVERILATOR_INTERNAL_ -MMD -I. -I.. -I.. -I../../include -I../../include -MP  -Wno-shadow -Wno-unused-parameter -faligned-new -fno-exceptions -DDEFENV_SYSTEMC=\"\" -DDEFENV_SYSTEMC_ARCH=\"\" -DDEFENV_SYSTEMC_INCLUDE=\"\" -DDEFENV_SYSTEMC_LIBDIR=\"\" -DDEFENV_VERILATOR_ROOT=\"/opt/verilator/share/verilator\" -include V3PchAstNoMT.h -c ../V3Interface.cpp -o V3Interface.o
[rtl-full/Verilator shard 3/5-4             ]   | g++   -O3 -DVERILATOR_INTERNAL_ -MMD -I. -I.. -I.. -I../../include -I../../include -MP  -Wno-shadow -Wno-unused-parameter -faligned-new -fno-exceptions -DDEFENV_SYSTEMC=\"\" -DDEFENV_SYSTEMC_ARCH=\"\" -DDEFENV_SYSTEMC_INCLUDE=\"\" -DDEFENV_SYSTEMC_LIBDIR=\"\" -DDEFENV_VERILATOR_ROOT=\"/opt/verilator/share/verilator\" -include V3PchAstNoMT.h -c ../V3Reorder.cpp -o V3Reorder.o
[rtl-full/Verilator shard 3/5-4             ]   | g++   -Og -ggdb -gz -DVL_DEBUG -D_GLIBCXX_DEBUG -DVERILATOR_INTERNAL_ -MMD -I. -I.. -I.. -I../../include -I../../include -MP  -Wno-shadow -Wno-unused-parameter -faligned-new -fno-exceptions -DDEFENV_SYSTEMC=\"\" -DDEFENV_SYSTEMC_ARCH=\"\" -DDEFENV_SYSTEMC_INCLUDE=\"\" -DDEFENV_SYSTEMC_LIBDIR=\"\" -DDEFENV_VERILATOR_ROOT=\"/opt/verilator/share/verilator\" -include V3PchAstNoMT.h -c ../V3LinkLValue.cpp -o V3LinkLValue.o
[rtl-full/Verilator shard 1/5-2             ]   | g++   -O3 -DVERILATOR_INTERNAL_ -MMD -I. -I.. -I.. -I../../include -I../../include -MP  -Wno-shadow -Wno-unused-parameter -faligned-new -fno-exceptions -DDEFENV_SYSTEMC=\"\" -DDEFENV_SYSTEMC_ARCH=\"\" -DDEFENV_SYSTEMC_INCLUDE=\"\" -DDEFENV_SYSTEMC_LIBDIR=\"\" -DDEFENV_VERILATOR_ROOT=\"/opt/verilator/share/verilator\" -include V3PchAstNoMT.h -c ../V3OrderGraphBuilder.cpp -o V3OrderGraphBuilder.o
[rtl-full/Verilator shard 3/5-4             ]   | g++   -Og -ggdb -gz -DVL_DEBUG -D_GLIBCXX_DEBUG -DVERILATOR_INTERNAL_ -MMD -I. -I.. -I.. -I../../include -I../../include -MP  -Wno-shadow -Wno-unused-parameter -faligned-new -fno-exceptions -DDEFENV_SYSTEMC=\"\" -DDEFENV_SYSTEMC_ARCH=\"\" -DDEFENV_SYSTEMC_INCLUDE=\"\" -DDEFENV_SYSTEMC_LIBDIR=\"\" -DDEFENV_VERILATOR_ROOT=\"/opt/verilator/share/verilator\" -include V3PchAstNoMT.h -c ../V3LinkLevel.cpp -o V3LinkLevel.o
[rtl-full/Verilator shard 2/5-3             ]   | g++   -O3 -DVERILATOR_INTERNAL_ -MMD -I. -I.. -I.. -I../../include -I../../include -MP  -Wno-shadow -Wno-unused-parameter -faligned-new -fno-exceptions -DDEFENV_SYSTEMC=\"\" -DDEFENV_SYSTEMC_ARCH=\"\" -DDEFENV_SYSTEMC_INCLUDE=\"\" -DDEFENV_SYSTEMC_LIBDIR=\"\" -DDEFENV_VERILATOR_ROOT=\"/opt/verilator/share/verilator\" -include V3PchAstNoMT.h -c ../V3LibMap.cpp -o V3LibMap.o
[rtl-full/Verilator shard 0/5-1             ]   | g++   -O3 -DVERILATOR_INTERNAL_ -MMD -I. -I.. -I.. -I../../include -I../../include -MP  -Wno-shadow -Wno-unused-parameter -faligned-new -fno-exceptions -DDEFENV_SYSTEMC=\"\" -DDEFENV_SYSTEMC_ARCH=\"\" -DDEFENV_SYSTEMC_INCLUDE=\"\" -DDEFENV_SYSTEMC_LIBDIR=\"\" -DDEFENV_VERILATOR_ROOT=\"/opt/verilator/share/verilator\" -include V3PchAstNoMT.h -c ../V3SchedTrigger.cpp -o V3SchedTrigger.o
[rtl-full/Verilator shard 1/5-2             ]   | g++   -O3 -DVERILATOR_INTERNAL_ -MMD -I. -I.. -I.. -I../../include -I../../include -MP  -Wno-shadow -Wno-unused-parameter -faligned-new -fno-exceptions -DDEFENV_SYSTEMC=\"\" -DDEFENV_SYSTEMC_ARCH=\"\" -DDEFENV_SYSTEMC_INCLUDE=\"\" -DDEFENV_SYSTEMC_LIBDIR=\"\" -DDEFENV_VERILATOR_ROOT=\"/opt/verilator/share/verilator\" -include V3PchAstNoMT.h -c ../V3OrderMoveGraph.cpp -o V3OrderMoveGraph.o
[rtl-full/Verilator shard 0/5-1             ]   | g++   -Og -ggdb -gz -DVL_DEBUG -D_GLIBCXX_DEBUG -DVERILATOR_INTERNAL_ -MMD -I. -I.. -I.. -I../../include -I../../include -MP  -Wno-shadow -Wno-unused-parameter -faligned-new -fno-exceptions -DDEFENV_SYSTEMC=\"\" -DDEFENV_SYSTEMC_ARCH=\"\" -DDEFENV_SYSTEMC_INCLUDE=\"\" -DDEFENV_SYSTEMC_LIBDIR=\"\" -DDEFENV_VERILATOR_ROOT=\"/opt/verilator/share/verilator\" -include V3PchAstNoMT.h -c ../V3Inline.cpp -o V3Inline.o
[rtl-full/Verilator shard 2/5-3             ]   | g++   -O3 -DVERILATOR_INTERNAL_ -MMD -I. -I.. -I.. -I../../include -I../../include -MP  -Wno-shadow -Wno-unused-parameter -faligned-new -fno-exceptions -DDEFENV_SYSTEMC=\"\" -DDEFENV_SYSTEMC_ARCH=\"\" -DDEFENV_SYSTEMC_INCLUDE=\"\" -DDEFENV_SYSTEMC_LIBDIR=\"\" -DDEFENV_VERILATOR_ROOT=\"/opt/verilator/share/verilator\" -include V3PchAstNoMT.h -c ../V3Life.cpp -o V3Life.o
[rtl-full/Verilator shard 0/5-1             ]   | g++   -Og -ggdb -gz -DVL_DEBUG -D_GLIBCXX_DEBUG -DVERILATOR_INTERNAL_ -MMD -I. -I.. -I.. -I../../include -I../../include -MP  -Wno-shadow -Wno-unused-parameter -faligned-new -fno-exceptions -DDEFENV_SYSTEMC=\"\" -DDEFENV_SYSTEMC_ARCH=\"\" -DDEFENV_SYSTEMC_INCLUDE=\"\" -DDEFENV_SYSTEMC_LIBDIR=\"\" -DDEFENV_VERILATOR_ROOT=\"/opt/verilator/share/verilator\" -include V3PchAstNoMT.h -c ../V3InlineCFuncs.cpp -o V3InlineCFuncs.o
[rtl-full/Verilator shard 1/5-2             ]   | g++   -Og -ggdb -gz -DVL_DEBUG -D_GLIBCXX_DEBUG -DVERILATOR_INTERNAL_ -MMD -I. -I.. -I.. -I../../include -I../../include -MP  -Wno-shadow -Wno-unused-parameter -faligned-new -fno-exceptions -DDEFENV_SYSTEMC=\"\" -DDEFENV_SYSTEMC_ARCH=\"\" -DDEFENV_SYSTEMC_INCLUDE=\"\" -DDEFENV_SYSTEMC_LIBDIR=\"\" -DDEFENV_VERILATOR_ROOT=\"/opt/verilator/share/verilator\" -include V3PchAstNoMT.h -c ../V3OrderGraphBuilder.cpp -o V3OrderGraphBuilder.o
[rtl-full/Verilator shard 2/5-3             ]   | g++   -Og -ggdb -gz -DVL_DEBUG -D_GLIBCXX_DEBUG -DVERILATOR_INTERNAL_ -MMD -I. -I.. -I.. -I../../include -I../../include -MP  -Wno-shadow -Wno-unused-parameter -faligned-new -fno-exceptions -DDEFENV_SYSTEMC=\"\" -DDEFENV_SYSTEMC_ARCH=\"\" -DDEFENV_SYSTEMC_INCLUDE=\"\" -DDEFENV_SYSTEMC_LIBDIR=\"\" -DDEFENV_VERILATOR_ROOT=\"/opt/verilator/share/verilator\" -include V3PchAstNoMT.h -c ../V3SchedAcyclic.cpp -o V3SchedAcyclic.o
[rtl-full/Verilator shard 1/5-2             ]   | g++   -Og -ggdb -gz -DVL_DEBUG -D_GLIBCXX_DEBUG -DVERILATOR_INTERNAL_ -MMD -I. -I.. -I.. -I../../include -I../../include -MP  -Wno-shadow -Wno-unused-parameter -faligned-new -fno-exceptions -DDEFENV_SYSTEMC=\"\" -DDEFENV_SYSTEMC_ARCH=\"\" -DDEFENV_SYSTEMC_INCLUDE=\"\" -DDEFENV_SYSTEMC_LIBDIR=\"\" -DDEFENV_VERILATOR_ROOT=\"/opt/verilator/share/verilator\" -include V3PchAstNoMT.h -c ../V3OrderMoveGraph.cpp -o V3OrderMoveGraph.o
[rtl-full/Verilator shard 2/5-3             ]   | g++   -O3 -DVERILATOR_INTERNAL_ -MMD -I. -I.. -I.. -I../../include -I../../include -MP  -Wno-shadow -Wno-unused-parameter -faligned-new -fno-exceptions -DDEFENV_SYSTEMC=\"\" -DDEFENV_SYSTEMC_ARCH=\"\" -DDEFENV_SYSTEMC_INCLUDE=\"\" -DDEFENV_SYSTEMC_LIBDIR=\"\" -DDEFENV_VERILATOR_ROOT=\"/opt/verilator/share/verilator\" -include V3PchAstNoMT.h -c ../V3LifePost.cpp -o V3LifePost.o
[rtl-full/Verilator shard 3/5-4             ]   | g++   -O3 -DVERILATOR_INTERNAL_ -MMD -I. -I.. -I.. -I../../include -I../../include -MP  -Wno-shadow -Wno-unused-parameter -faligned-new -fno-exceptions -DDEFENV_SYSTEMC=\"\" -DDEFENV_SYSTEMC_ARCH=\"\" -DDEFENV_SYSTEMC_INCLUDE=\"\" -DDEFENV_SYSTEMC_LIBDIR=\"\" -DDEFENV_VERILATOR_ROOT=\"/opt/verilator/share/verilator\" -include V3PchAstNoMT.h -c ../V3Sampled.cpp -o V3Sampled.o
[rtl-full/Verilator shard 0/5-1             ]   | g++   -O3 -DVERILATOR_INTERNAL_ -MMD -I. -I.. -I.. -I../../include -I../../include -MP  -Wno-shadow -Wno-unused-parameter -faligned-new -fno-exceptions -DDEFENV_SYSTEMC=\"\" -DDEFENV_SYSTEMC_ARCH=\"\" -DDEFENV_SYSTEMC_INCLUDE=\"\" -DDEFENV_SYSTEMC_LIBDIR=\"\" -DDEFENV_VERILATOR_ROOT=\"/opt/verilator/share/verilator\" -include V3PchAstNoMT.h -c ../V3SchedUtil.cpp -o V3SchedUtil.o
[rtl-full/Verilator shard 1/5-2             ]   | g++   -O3 -DVERILATOR_INTERNAL_ -MMD -I. -I.. -I.. -I../../include -I../../include -MP  -Wno-shadow -Wno-unused-parameter -faligned-new -fno-exceptions -DDEFENV_SYSTEMC=\"\" -DDEFENV_SYSTEMC_ARCH=\"\" -DDEFENV_SYSTEMC_INCLUDE=\"\" -DDEFENV_SYSTEMC_LIBDIR=\"\" -DDEFENV_VERILATOR_ROOT=\"/opt/verilator/share/verilator\" -include V3PchAstNoMT.h -c ../V3OrderParallel.cpp -o V3OrderParallel.o
[rtl-full/Verilator shard 3/5-4             ]   | g++   -Og -ggdb -gz -DVL_DEBUG -D_GLIBCXX_DEBUG -DVERILATOR_INTERNAL_ -MMD -I. -I.. -I.. -I../../include -I../../include -MP  -Wno-shadow -Wno-unused-parameter -faligned-new -fno-exceptions -DDEFENV_SYSTEMC=\"\" -DDEFENV_SYSTEMC_ARCH=\"\" -DDEFENV_SYSTEMC_INCLUDE=\"\" -DDEFENV_SYSTEMC_LIBDIR=\"\" -DDEFENV_VERILATOR_ROOT=\"/opt/verilator/share/verilator\" -include V3PchAstNoMT.h -c ../V3LinkParse.cpp -o V3LinkParse.o
[rtl-full/Verilator shard 2/5-3             ]   | g++   -O3 -DVERILATOR_INTERNAL_ -MMD -I. -I.. -I.. -I../../include -I../../include -MP  -Wno-shadow -Wno-unused-parameter -faligned-new -fno-exceptions -DDEFENV_SYSTEMC=\"\" -DDEFENV_SYSTEMC_ARCH=\"\" -DDEFENV_SYSTEMC_INCLUDE=\"\" -DDEFENV_SYSTEMC_LIBDIR=\"\" -DDEFENV_VERILATOR_ROOT=\"/opt/verilator/share/verilator\" -include V3PchAstNoMT.h -c ../V3LiftExpr.cpp -o V3LiftExpr.o
[rtl-full/Verilator shard 0/5-1             ]   | g++   -Og -ggdb -gz -DVL_DEBUG -D_GLIBCXX_DEBUG -DVERILATOR_INTERNAL_ -MMD -I. -I.. -I.. -I../../include -I../../include -MP  -Wno-shadow -Wno-unused-parameter -faligned-new -fno-exceptions -DDEFENV_SYSTEMC=\"\" -DDEFENV_SYSTEMC_ARCH=\"\" -DDEFENV_SYSTEMC_INCLUDE=\"\" -DDEFENV_SYSTEMC_LIBDIR=\"\" -DDEFENV_VERILATOR_ROOT=\"/opt/verilator/share/verilator\" -include V3PchAstNoMT.h -c ../V3Inst.cpp -o V3Inst.o
[rtl-full/Verilator shard 2/5-3             ]   | g++   -O3 -DVERILATOR_INTERNAL_ -MMD -I. -I.. -I.. -I../../include -I../../include -MP  -Wno-shadow -Wno-unused-parameter -faligned-new -fno-exceptions -DDEFENV_SYSTEMC=\"\" -DDEFENV_SYSTEMC_ARCH=\"\" -DDEFENV_SYSTEMC_INCLUDE=\"\" -DDEFENV_SYSTEMC_LIBDIR=\"\" -DDEFENV_VERILATOR_ROOT=\"/opt/verilator/share/verilator\" -include V3PchAstNoMT.h -c ../V3LinkCells.cpp -o V3LinkCells.o
[rtl-full/Verilator shard 1/5-2             ]   | g++   -O3 -DVERILATOR_INTERNAL_ -MMD -I. -I.. -I.. -I../../include -I../../include -MP  -Wno-shadow -Wno-unused-parameter -faligned-new -fno-exceptions -DDEFENV_SYSTEMC=\"\" -DDEFENV_SYSTEMC_ARCH=\"\" -DDEFENV_SYSTEMC_INCLUDE=\"\" -DDEFENV_SYSTEMC_LIBDIR=\"\" -DDEFENV_VERILATOR_ROOT=\"/opt/verilator/share/verilator\" -include V3PchAstNoMT.h -c ../V3OrderProcessDomains.cpp -o V3OrderProcessDomains.o
[rtl-full/Verilator shard 3/5-4             ]   | g++   -Og -ggdb -gz -DVL_DEBUG -D_GLIBCXX_DEBUG -DVERILATOR_INTERNAL_ -MMD -I. -I.. -I.. -I../../include -I../../include -MP  -Wno-shadow -Wno-unused-parameter -faligned-new -fno-exceptions -DDEFENV_SYSTEMC=\"\" -DDEFENV_SYSTEMC_ARCH=\"\" -DDEFENV_SYSTEMC_INCLUDE=\"\" -DDEFENV_SYSTEMC_LIBDIR=\"\" -DDEFENV_VERILATOR_ROOT=\"/opt/verilator/share/verilator\" -include V3PchAstNoMT.h -c ../V3LinkResolve.cpp -o V3LinkResolve.o
[rtl-full/Verilator shard 3/5-4             ]   | g++   -O3 -DVERILATOR_INTERNAL_ -MMD -I. -I.. -I.. -I../../include -I../../include -MP  -Wno-shadow -Wno-unused-parameter -faligned-new -fno-exceptions -DDEFENV_SYSTEMC=\"\" -DDEFENV_SYSTEMC_ARCH=\"\" -DDEFENV_SYSTEMC_INCLUDE=\"\" -DDEFENV_SYSTEMC_LIBDIR=\"\" -DDEFENV_VERILATOR_ROOT=\"/opt/verilator/share/verilator\" -include V3PchAstNoMT.h -c ../V3Sched.cpp -o V3Sched.o
[rtl-full/Verilator shard 0/5-1             ]   | g++   -Og -ggdb -gz -DVL_DEBUG -D_GLIBCXX_DEBUG -DVERILATOR_INTERNAL_ -MMD -I. -I.. -I.. -I../../include -I../../include -MP  -Wno-shadow -Wno-unused-parameter -faligned-new -fno-exceptions -DDEFENV_SYSTEMC=\"\" -DDEFENV_SYSTEMC_ARCH=\"\" -DDEFENV_SYSTEMC_INCLUDE=\"\" -DDEFENV_SYSTEMC_LIBDIR=\"\" -DDEFENV_VERILATOR_ROOT=\"/opt/verilator/share/verilator\" -include V3PchAstNoMT.h -c ../V3InstrCount.cpp -o V3InstrCount.o
[rtl-full/Verilator shard 1/5-2             ]   | g++   -Og -ggdb -gz -DVL_DEBUG -D_GLIBCXX_DEBUG -DVERILATOR_INTERNAL_ -MMD -I. -I.. -I.. -I../../include -I../../include -MP  -Wno-shadow -Wno-unused-parameter -faligned-new -fno-exceptions -DDEFENV_SYSTEMC=\"\" -DDEFENV_SYSTEMC_ARCH=\"\" -DDEFENV_SYSTEMC_INCLUDE=\"\" -DDEFENV_SYSTEMC_LIBDIR=\"\" -DDEFENV_VERILATOR_ROOT=\"/opt/verilator/share/verilator\" -include V3PchAstNoMT.h -c ../V3OrderParallel.cpp -o V3OrderParallel.o
[rtl-full/Verilator shard 1/5-2             ]   | g++   -Og -ggdb -gz -DVL_DEBUG -D_GLIBCXX_DEBUG -DVERILATOR_INTERNAL_ -MMD -I. -I.. -I.. -I../../include -I../../include -MP  -Wno-shadow -Wno-unused-parameter -faligned-new -fno-exceptions -DDEFENV_SYSTEMC=\"\" -DDEFENV_SYSTEMC_ARCH=\"\" -DDEFENV_SYSTEMC_INCLUDE=\"\" -DDEFENV_SYSTEMC_LIBDIR=\"\" -DDEFENV_VERILATOR_ROOT=\"/opt/verilator/share/verilator\" -include V3PchAstNoMT.h -c ../V3OrderProcessDomains.cpp -o V3OrderProcessDomains.o
[rtl-full/Verilator shard 2/5-3             ]   | g++   -O3 -DVERILATOR_INTERNAL_ -MMD -I. -I.. -I.. -I../../include -I../../include -MP  -Wno-shadow -Wno-unused-parameter -faligned-new -fno-exceptions -DDEFENV_SYSTEMC=\"\" -DDEFENV_SYSTEMC_ARCH=\"\" -DDEFENV_SYSTEMC_INCLUDE=\"\" -DDEFENV_SYSTEMC_LIBDIR=\"\" -DDEFENV_VERILATOR_ROOT=\"/opt/verilator/share/verilator\" -include V3PchAstNoMT.h -c ../V3LinkDot.cpp -o V3LinkDot.o
[rtl-full/Verilator shard 0/5-1             ]   | g++   -O3 -DVERILATOR_INTERNAL_ -MMD -I. -I.. -I.. -I../../include -I../../include -MP  -Wno-shadow -Wno-unused-parameter -faligned-new -fno-exceptions -DDEFENV_SYSTEMC=\"\" -DDEFENV_SYSTEMC_ARCH=\"\" -DDEFENV_SYSTEMC_INCLUDE=\"\" -DDEFENV_SYSTEMC_LIBDIR=\"\" -DDEFENV_VERILATOR_ROOT=\"/opt/verilator/share/verilator\" -include V3PchAstNoMT.h -c ../V3SchedVirtIface.cpp -o V3SchedVirtIface.o
[rtl-full/Verilator shard 0/5-1             ]   | g++   -Og -ggdb -gz -DVL_DEBUG -D_GLIBCXX_DEBUG -DVERILATOR_INTERNAL_ -MMD -I. -I.. -I.. -I../../include -I../../include -MP  -Wno-shadow -Wno-unused-parameter -faligned-new -fno-exceptions -DDEFENV_SYSTEMC=\"\" -DDEFENV_SYSTEMC_ARCH=\"\" -DDEFENV_SYSTEMC_INCLUDE=\"\" -DDEFENV_SYSTEMC_LIBDIR=\"\" -DDEFENV_VERILATOR_ROOT=\"/opt/verilator/share/verilator\" -include V3PchAstNoMT.h -c ../V3Interface.cpp -o V3Interface.o
[rtl-full/Verilator shard 2/5-3             ]   | g++   -Og -ggdb -gz -DVL_DEBUG -D_GLIBCXX_DEBUG -DVERILATOR_INTERNAL_ -MMD -I. -I.. -I.. -I../../include -I../../include -MP  -Wno-shadow -Wno-unused-parameter -faligned-new -fno-exceptions -DDEFENV_SYSTEMC=\"\" -DDEFENV_SYSTEMC_ARCH=\"\" -DDEFENV_SYSTEMC_INCLUDE=\"\" -DDEFENV_SYSTEMC_LIBDIR=\"\" -DDEFENV_VERILATOR_ROOT=\"/opt/verilator/share/verilator\" -include V3PchAstNoMT.h -c ../V3SchedPartition.cpp -o V3SchedPartition.o
[rtl-full/Verilator shard 0/5-1             ]   | g++   -Og -ggdb -gz -DVL_DEBUG -D_GLIBCXX_DEBUG -DVERILATOR_INTERNAL_ -MMD -I. -I.. -I.. -I../../include -I../../include -MP  -Wno-shadow -Wno-unused-parameter -faligned-new -fno-exceptions -DDEFENV_SYSTEMC=\"\" -DDEFENV_SYSTEMC_ARCH=\"\" -DDEFENV_SYSTEMC_INCLUDE=\"\" -DDEFENV_SYSTEMC_LIBDIR=\"\" -DDEFENV_VERILATOR_ROOT=\"/opt/verilator/share/verilator\" -include V3PchAstNoMT.h -c ../V3LibMap.cpp -o V3LibMap.o
[rtl-full/Verilator shard 3/5-4             ]   | g++   -Og -ggdb -gz -DVL_DEBUG -D_GLIBCXX_DEBUG -DVERILATOR_INTERNAL_ -MMD -I. -I.. -I.. -I../../include -I../../include -MP  -Wno-shadow -Wno-unused-parameter -faligned-new -fno-exceptions -DDEFENV_SYSTEMC=\"\" -DDEFENV_SYSTEMC_ARCH=\"\" -DDEFENV_SYSTEMC_INCLUDE=\"\" -DDEFENV_SYSTEMC_LIBDIR=\"\" -DDEFENV_VERILATOR_ROOT=\"/opt/verilator/share/verilator\" -include V3PchAstNoMT.h -c ../V3LinkWith.cpp -o V3LinkWith.o
[rtl-full/Verilator shard 3/5-4             ]   | g++   -Og -ggdb -gz -DVL_DEBUG -D_GLIBCXX_DEBUG -DVERILATOR_INTERNAL_ -MMD -I. -I.. -I.. -I../../include -I../../include -MP  -Wno-shadow -Wno-unused-parameter -faligned-new -fno-exceptions -DDEFENV_SYSTEMC=\"\" -DDEFENV_SYSTEMC_ARCH=\"\" -DDEFENV_SYSTEMC_INCLUDE=\"\" -DDEFENV_SYSTEMC_LIBDIR=\"\" -DDEFENV_VERILATOR_ROOT=\"/opt/verilator/share/verilator\" -include V3PchAstNoMT.h -c ../V3Localize.cpp -o V3Localize.o
[rtl-full/Verilator shard 0/5-1             ]   | g++   -O3 -DVERILATOR_INTERNAL_ -MMD -I. -I.. -I.. -I../../include -I../../include -MP  -Wno-shadow -Wno-unused-parameter -faligned-new -fno-exceptions -DDEFENV_SYSTEMC=\"\" -DDEFENV_SYSTEMC_ARCH=\"\" -DDEFENV_SYSTEMC_INCLUDE=\"\" -DDEFENV_SYSTEMC_LIBDIR=\"\" -DDEFENV_VERILATOR_ROOT=\"/opt/verilator/share/verilator\" -include V3PchAstNoMT.h -c ../V3Scope.cpp -o V3Scope.o
[rtl-full/Verilator shard 2/5-3             ]   | g++   -O3 -DVERILATOR_INTERNAL_ -MMD -I. -I.. -I.. -I../../include -I../../include -MP  -Wno-shadow -Wno-unused-parameter -faligned-new -fno-exceptions -DDEFENV_SYSTEMC=\"\" -DDEFENV_SYSTEMC_ARCH=\"\" -DDEFENV_SYSTEMC_INCLUDE=\"\" -DDEFENV_SYSTEMC_LIBDIR=\"\" -DDEFENV_VERILATOR_ROOT=\"/opt/verilator/share/verilator\" -include V3PchAstNoMT.h -c ../V3LinkDotIfaceCapture.cpp -o V3LinkDotIfaceCapture.o
[rtl-full/Verilator shard 0/5-1             ]   | g++   -Og -ggdb -gz -DVL_DEBUG -D_GLIBCXX_DEBUG -DVERILATOR_INTERNAL_ -MMD -I. -I.. -I.. -I../../include -I../../include -MP  -Wno-shadow -Wno-unused-parameter -faligned-new -fno-exceptions -DDEFENV_SYSTEMC=\"\" -DDEFENV_SYSTEMC_ARCH=\"\" -DDEFENV_SYSTEMC_INCLUDE=\"\" -DDEFENV_SYSTEMC_LIBDIR=\"\" -DDEFENV_VERILATOR_ROOT=\"/opt/verilator/share/verilator\" -include V3PchAstNoMT.h -c ../V3Life.cpp -o V3Life.o
[rtl-full/Verilator shard 0/5-1             ]   | g++   -O3 -DVERILATOR_INTERNAL_ -MMD -I. -I.. -I.. -I../../include -I../../include -MP  -Wno-shadow -Wno-unused-parameter -faligned-new -fno-exceptions -DDEFENV_SYSTEMC=\"\" -DDEFENV_SYSTEMC_ARCH=\"\" -DDEFENV_SYSTEMC_INCLUDE=\"\" -DDEFENV_SYSTEMC_LIBDIR=\"\" -DDEFENV_VERILATOR_ROOT=\"/opt/verilator/share/verilator\" -include V3PchAstNoMT.h -c ../V3Scoreboard.cpp -o V3Scoreboard.o
[rtl-full/Verilator shard 1/5-2             ]   | g++   -O3 -DVERILATOR_INTERNAL_ -MMD -I. -I.. -I.. -I../../include -I../../include -MP  -Wno-shadow -Wno-unused-parameter -faligned-new -fno-exceptions -DDEFENV_SYSTEMC=\"\" -DDEFENV_SYSTEMC_ARCH=\"\" -DDEFENV_SYSTEMC_INCLUDE=\"\" -DDEFENV_SYSTEMC_LIBDIR=\"\" -DDEFENV_VERILATOR_ROOT=\"/opt/verilator/share/verilator\" -include V3PchAstNoMT.h -c ../V3OrderSerial.cpp -o V3OrderSerial.o
[rtl-full/Verilator shard 2/5-3             ]   | g++   -Og -ggdb -gz -DVL_DEBUG -D_GLIBCXX_DEBUG -DVERILATOR_INTERNAL_ -MMD -I. -I.. -I.. -I../../include -I../../include -MP  -Wno-shadow -Wno-unused-parameter -faligned-new -fno-exceptions -DDEFENV_SYSTEMC=\"\" -DDEFENV_SYSTEMC_ARCH=\"\" -DDEFENV_SYSTEMC_INCLUDE=\"\" -DDEFENV_SYSTEMC_LIBDIR=\"\" -DDEFENV_VERILATOR_ROOT=\"/opt/verilator/share/verilator\" -include V3PchAstNoMT.h -c ../V3SchedReplicate.cpp -o V3SchedReplicate.o
[rtl-full/Verilator shard 3/5-4             ]   | g++   -O3 -DVERILATOR_INTERNAL_ -MMD -I. -I.. -I.. -I../../include -I../../include -MP  -Wno-shadow -Wno-unused-parameter -faligned-new -fno-exceptions -DDEFENV_SYSTEMC=\"\" -DDEFENV_SYSTEMC_ARCH=\"\" -DDEFENV_SYSTEMC_INCLUDE=\"\" -DDEFENV_SYSTEMC_LIBDIR=\"\" -DDEFENV_VERILATOR_ROOT=\"/opt/verilator/share/verilator\" -include V3PchAstNoMT.h -c ../V3SchedAcyclic.cpp -o V3SchedAcyclic.o
[rtl-full/Verilator shard 3/5-4             ]   | g++   -Og -ggdb -gz -DVL_DEBUG -D_GLIBCXX_DEBUG -DVERILATOR_INTERNAL_ -MMD -I. -I.. -I.. -I../../include -I../../include -MP  -Wno-shadow -Wno-unused-parameter -faligned-new -fno-exceptions -DDEFENV_SYSTEMC=\"\" -DDEFENV_SYSTEMC_ARCH=\"\" -DDEFENV_SYSTEMC_INCLUDE=\"\" -DDEFENV_SYSTEMC_LIBDIR=\"\" -DDEFENV_VERILATOR_ROOT=\"/opt/verilator/share/verilator\" -include V3PchAstNoMT.h -c ../V3MergeCond.cpp -o V3MergeCond.o
[rtl-full/Verilator shard 0/5-1             ]   | g++   -Og -ggdb -gz -DVL_DEBUG -D_GLIBCXX_DEBUG -DVERILATOR_INTERNAL_ -MMD -I. -I.. -I.. -I../../include -I../../include -MP  -Wno-shadow -Wno-unused-parameter -faligned-new -fno-exceptions -DDEFENV_SYSTEMC=\"\" -DDEFENV_SYSTEMC_ARCH=\"\" -DDEFENV_SYSTEMC_INCLUDE=\"\" -DDEFENV_SYSTEMC_LIBDIR=\"\" -DDEFENV_VERILATOR_ROOT=\"/opt/verilator/share/verilator\" -include V3PchAstNoMT.h -c ../V3LifePost.cpp -o V3LifePost.o
[rtl-full/Verilator shard 0/5-1             ]   | g++   -O3 -DVERILATOR_INTERNAL_ -MMD -I. -I.. -I.. -I../../include -I../../include -MP  -Wno-shadow -Wno-unused-parameter -faligned-new -fno-exceptions -DDEFENV_SYSTEMC=\"\" -DDEFENV_SYSTEMC_ARCH=\"\" -DDEFENV_SYSTEMC_INCLUDE=\"\" -DDEFENV_SYSTEMC_LIBDIR=\"\" -DDEFENV_VERILATOR_ROOT=\"/opt/verilator/share/verilator\" -include V3PchAstNoMT.h -c ../V3Slice.cpp -o V3Slice.o
[rtl-full/Verilator shard 1/5-2             ]   | g++   -Og -ggdb -gz -DVL_DEBUG -D_GLIBCXX_DEBUG -DVERILATOR_INTERNAL_ -MMD -I. -I.. -I.. -I../../include -I../../include -MP  -Wno-shadow -Wno-unused-parameter -faligned-new -fno-exceptions -DDEFENV_SYSTEMC=\"\" -DDEFENV_SYSTEMC_ARCH=\"\" -DDEFENV_SYSTEMC_INCLUDE=\"\" -DDEFENV_SYSTEMC_LIBDIR=\"\" -DDEFENV_VERILATOR_ROOT=\"/opt/verilator/share/verilator\" -include V3PchAstNoMT.h -c ../V3OrderSerial.cpp -o V3OrderSerial.o
[rtl-full/Verilator shard 0/5-1             ]   | g++   -Og -ggdb -gz -DVL_DEBUG -D_GLIBCXX_DEBUG -DVERILATOR_INTERNAL_ -MMD -I. -I.. -I.. -I../../include -I../../include -MP  -Wno-shadow -Wno-unused-parameter -faligned-new -fno-exceptions -DDEFENV_SYSTEMC=\"\" -DDEFENV_SYSTEMC_ARCH=\"\" -DDEFENV_SYSTEMC_INCLUDE=\"\" -DDEFENV_SYSTEMC_LIBDIR=\"\" -DDEFENV_VERILATOR_ROOT=\"/opt/verilator/share/verilator\" -include V3PchAstNoMT.h -c ../V3LiftExpr.cpp -o V3LiftExpr.o
[rtl-full/Verilator shard 2/5-3             ]   | g++   -Og -ggdb -gz -DVL_DEBUG -D_GLIBCXX_DEBUG -DVERILATOR_INTERNAL_ -MMD -I. -I.. -I.. -I../../include -I../../include -MP  -Wno-shadow -Wno-unused-parameter -faligned-new -fno-exceptions -DDEFENV_SYSTEMC=\"\" -DDEFENV_SYSTEMC_ARCH=\"\" -DDEFENV_SYSTEMC_INCLUDE=\"\" -DDEFENV_SYSTEMC_LIBDIR=\"\" -DDEFENV_VERILATOR_ROOT=\"/opt/verilator/share/verilator\" -include V3PchAstNoMT.h -c ../V3SchedTiming.cpp -o V3SchedTiming.o
[rtl-full/Verilator shard 3/5-4             ]   | g++   -O3 -DVERILATOR_INTERNAL_ -MMD -I. -I.. -I.. -I../../include -I../../include -MP  -Wno-shadow -Wno-unused-parameter -faligned-new -fno-exceptions -DDEFENV_SYSTEMC=\"\" -DDEFENV_SYSTEMC_ARCH=\"\" -DDEFENV_SYSTEMC_INCLUDE=\"\" -DDEFENV_SYSTEMC_LIBDIR=\"\" -DDEFENV_VERILATOR_ROOT=\"/opt/verilator/share/verilator\" -include V3PchAstNoMT.h -c ../V3SchedPartition.cpp -o V3SchedPartition.o
[rtl-full/Verilator shard 0/5-1             ]   | g++   -O3 -DVERILATOR_INTERNAL_ -MMD -I. -I.. -I.. -I../../include -I../../include -MP  -Wno-shadow -Wno-unused-parameter -faligned-new -fno-exceptions -DDEFENV_SYSTEMC=\"\" -DDEFENV_SYSTEMC_ARCH=\"\" -DDEFENV_SYSTEMC_INCLUDE=\"\" -DDEFENV_SYSTEMC_LIBDIR=\"\" -DDEFENV_VERILATOR_ROOT=\"/opt/verilator/share/verilator\" -include V3PchAstNoMT.h -c ../V3Split.cpp -o V3Split.o
[rtl-full/Verilator shard 1/5-2             ]   | g++   -O3 -DVERILATOR_INTERNAL_ -MMD -I. -I.. -I.. -I../../include -I../../include -MP  -Wno-shadow -Wno-unused-parameter -faligned-new -fno-exceptions -DDEFENV_SYSTEMC=\"\" -DDEFENV_SYSTEMC_ARCH=\"\" -DDEFENV_SYSTEMC_INCLUDE=\"\" -DDEFENV_SYSTEMC_LIBDIR=\"\" -DDEFENV_VERILATOR_ROOT=\"/opt/verilator/share/verilator\" -include V3PchAstNoMT.h -c ../V3Param.cpp -o V3Param.o
[rtl-full/Verilator shard 3/5-4             ]   | g++   -Og -ggdb -gz -DVL_DEBUG -D_GLIBCXX_DEBUG -DVERILATOR_INTERNAL_ -MMD -I. -I.. -I.. -I../../include -I../../include -MP  -Wno-shadow -Wno-unused-parameter -faligned-new -fno-exceptions -DDEFENV_SYSTEMC=\"\" -DDEFENV_SYSTEMC_ARCH=\"\" -DDEFENV_SYSTEMC_INCLUDE=\"\" -DDEFENV_SYSTEMC_LIBDIR=\"\" -DDEFENV_VERILATOR_ROOT=\"/opt/verilator/share/verilator\" -include V3PchAstNoMT.h -c ../V3Name.cpp -o V3Name.o
[rtl-full/Verilator shard 1/5-2             ]   | g++   -O3 -DVERILATOR_INTERNAL_ -MMD -I. -I.. -I.. -I../../include -I../../include -MP  -Wno-shadow -Wno-unused-parameter -faligned-new -fno-exceptions -DDEFENV_SYSTEMC=\"\" -DDEFENV_SYSTEMC_ARCH=\"\" -DDEFENV_SYSTEMC_INCLUDE=\"\" -DDEFENV_SYSTEMC_LIBDIR=\"\" -DDEFENV_VERILATOR_ROOT=\"/opt/verilator/share/verilator\" -include V3PchAstNoMT.h -c ../V3PatternStats.cpp -o V3PatternStats.o
[rtl-full/Verilator shard 0/5-1             ]   | g++   -Og -ggdb -gz -DVL_DEBUG -D_GLIBCXX_DEBUG -DVERILATOR_INTERNAL_ -MMD -I. -I.. -I.. -I../../include -I../../include -MP  -Wno-shadow -Wno-unused-parameter -faligned-new -fno-exceptions -DDEFENV_SYSTEMC=\"\" -DDEFENV_SYSTEMC_ARCH=\"\" -DDEFENV_SYSTEMC_INCLUDE=\"\" -DDEFENV_SYSTEMC_LIBDIR=\"\" -DDEFENV_VERILATOR_ROOT=\"/opt/verilator/share/verilator\" -include V3PchAstNoMT.h -c ../V3LinkCells.cpp -o V3LinkCells.o
[rtl-full/Verilator shard 0/5-1             ]   | g++   -O3 -DVERILATOR_INTERNAL_ -MMD -I. -I.. -I.. -I../../include -I../../include -MP  -Wno-shadow -Wno-unused-parameter -faligned-new -fno-exceptions -DDEFENV_SYSTEMC=\"\" -DDEFENV_SYSTEMC_ARCH=\"\" -DDEFENV_SYSTEMC_INCLUDE=\"\" -DDEFENV_SYSTEMC_LIBDIR=\"\" -DDEFENV_VERILATOR_ROOT=\"/opt/verilator/share/verilator\" -include V3PchAstNoMT.h -c ../V3SplitVar.cpp -o V3SplitVar.o
[rtl-full/Verilator shard 0/5-1             ]   | g++   -Og -ggdb -gz -DVL_DEBUG -D_GLIBCXX_DEBUG -DVERILATOR_INTERNAL_ -MMD -I. -I.. -I.. -I../../include -I../../include -MP  -Wno-shadow -Wno-unused-parameter -faligned-new -fno-exceptions -DDEFENV_SYSTEMC=\"\" -DDEFENV_SYSTEMC_ARCH=\"\" -DDEFENV_SYSTEMC_INCLUDE=\"\" -DDEFENV_SYSTEMC_LIBDIR=\"\" -DDEFENV_VERILATOR_ROOT=\"/opt/verilator/share/verilator\" -include V3PchAstNoMT.h -c ../V3LinkDot.cpp -o V3LinkDot.o
[rtl-full/Verilator shard 1/5-2             ]   | g++   -Og -ggdb -gz -DVL_DEBUG -D_GLIBCXX_DEBUG -DVERILATOR_INTERNAL_ -MMD -I. -I.. -I.. -I../../include -I../../include -MP  -Wno-shadow -Wno-unused-parameter -faligned-new -fno-exceptions -DDEFENV_SYSTEMC=\"\" -DDEFENV_SYSTEMC_ARCH=\"\" -DDEFENV_SYSTEMC_INCLUDE=\"\" -DDEFENV_SYSTEMC_LIBDIR=\"\" -DDEFENV_VERILATOR_ROOT=\"/opt/verilator/share/verilator\" -include V3PchAstNoMT.h -c ../V3Param.cpp -o V3Param.o
[rtl-full/Verilator shard 3/5-4             ]   | g++   -Og -ggdb -gz -DVL_DEBUG -D_GLIBCXX_DEBUG -DVERILATOR_INTERNAL_ -MMD -I. -I.. -I.. -I../../include -I../../include -MP  -Wno-shadow -Wno-unused-parameter -faligned-new -fno-exceptions -DDEFENV_SYSTEMC=\"\" -DDEFENV_SYSTEMC_ARCH=\"\" -DDEFENV_SYSTEMC_INCLUDE=\"\" -DDEFENV_SYSTEMC_LIBDIR=\"\" -DDEFENV_VERILATOR_ROOT=\"/opt/verilator/share/verilator\" -include V3PchAstNoMT.h -c ../V3Order.cpp -o V3Order.o
[rtl-full/Verilator shard 2/5-3             ]   | g++   -Og -ggdb -gz -DVL_DEBUG -D_GLIBCXX_DEBUG -DVERILATOR_INTERNAL_ -MMD -I. -I.. -I.. -I../../include -I../../include -MP  -Wno-shadow -Wno-unused-parameter -faligned-new -fno-exceptions -DDEFENV_SYSTEMC=\"\" -DDEFENV_SYSTEMC_ARCH=\"\" -DDEFENV_SYSTEMC_INCLUDE=\"\" -DDEFENV_SYSTEMC_LIBDIR=\"\" -DDEFENV_VERILATOR_ROOT=\"/opt/verilator/share/verilator\" -include V3PchAstNoMT.h -c ../V3SchedTrigger.cpp -o V3SchedTrigger.o
[rtl-full/Verilator shard 3/5-4             ]   | g++   -O3 -DVERILATOR_INTERNAL_ -MMD -I. -I.. -I.. -I../../include -I../../include -MP  -Wno-shadow -Wno-unused-parameter -faligned-new -fno-exceptions -DDEFENV_SYSTEMC=\"\" -DDEFENV_SYSTEMC_ARCH=\"\" -DDEFENV_SYSTEMC_INCLUDE=\"\" -DDEFENV_SYSTEMC_LIBDIR=\"\" -DDEFENV_VERILATOR_ROOT=\"/opt/verilator/share/verilator\" -include V3PchAstNoMT.h -c ../V3SchedReplicate.cpp -o V3SchedReplicate.o
[rtl-full/Verilator shard 2/5-3             ]   | g++   -O3 -DVERILATOR_INTERNAL_ -MMD -I. -I.. -I.. -I../../include -I../../include -MP  -Wno-shadow -Wno-unused-parameter -faligned-new -fno-exceptions -DDEFENV_SYSTEMC=\"\" -DDEFENV_SYSTEMC_ARCH=\"\" -DDEFENV_SYSTEMC_INCLUDE=\"\" -DDEFENV_SYSTEMC_LIBDIR=\"\" -DDEFENV_VERILATOR_ROOT=\"/opt/verilator/share/verilator\" -include V3PchAstNoMT.h -c ../V3LinkInc.cpp -o V3LinkInc.o
[rtl-full/Verilator shard 2/5-3             ]   | g++   -Og -ggdb -gz -DVL_DEBUG -D_GLIBCXX_DEBUG -DVERILATOR_INTERNAL_ -MMD -I. -I.. -I.. -I../../include -I../../include -MP  -Wno-shadow -Wno-unused-parameter -faligned-new -fno-exceptions -DDEFENV_SYSTEMC=\"\" -DDEFENV_SYSTEMC_ARCH=\"\" -DDEFENV_SYSTEMC_INCLUDE=\"\" -DDEFENV_SYSTEMC_LIBDIR=\"\" -DDEFENV_VERILATOR_ROOT=\"/opt/verilator/share/verilator\" -include V3PchAstNoMT.h -c ../V3SchedUtil.cpp -o V3SchedUtil.o
[rtl-full/Verilator shard 1/5-2             ]   | g++   -O3 -DVERILATOR_INTERNAL_ -MMD -I. -I.. -I.. -I../../include -I../../include -MP  -Wno-shadow -Wno-unused-parameter -faligned-new -fno-exceptions -DDEFENV_SYSTEMC=\"\" -DDEFENV_SYSTEMC_ARCH=\"\" -DDEFENV_SYSTEMC_INCLUDE=\"\" -DDEFENV_SYSTEMC_LIBDIR=\"\" -DDEFENV_VERILATOR_ROOT=\"/opt/verilator/share/verilator\" -include V3PchAstNoMT.h -c ../V3Premit.cpp -o V3Premit.o
[rtl-full/Verilator shard 3/5-4             ]   | g++   -Og -ggdb -gz -DVL_DEBUG -D_GLIBCXX_DEBUG -DVERILATOR_INTERNAL_ -MMD -I. -I.. -I.. -I../../include -I../../include -MP  -Wno-shadow -Wno-unused-parameter -faligned-new -fno-exceptions -DDEFENV_SYSTEMC=\"\" -DDEFENV_SYSTEMC_ARCH=\"\" -DDEFENV_SYSTEMC_INCLUDE=\"\" -DDEFENV_SYSTEMC_LIBDIR=\"\" -DDEFENV_VERILATOR_ROOT=\"/opt/verilator/share/verilator\" -include V3PchAstNoMT.h -c ../V3OrderGraphBuilder.cpp -o V3OrderGraphBuilder.o
[rtl-full/Verilator shard 3/5-4             ]   | g++   -O3 -DVERILATOR_INTERNAL_ -MMD -I. -I.. -I.. -I../../include -I../../include -MP  -Wno-shadow -Wno-unused-parameter -faligned-new -fno-exceptions -DDEFENV_SYSTEMC=\"\" -DDEFENV_SYSTEMC_ARCH=\"\" -DDEFENV_SYSTEMC_INCLUDE=\"\" -DDEFENV_SYSTEMC_LIBDIR=\"\" -DDEFENV_VERILATOR_ROOT=\"/opt/verilator/share/verilator\" -include V3PchAstNoMT.h -c ../V3SchedTiming.cpp -o V3SchedTiming.o
[rtl-full/Verilator shard 0/5-1             ]   | g++   -O3 -DVERILATOR_INTERNAL_ -MMD -I. -I.. -I.. -I../../include -I../../include -MP  -Wno-shadow -Wno-unused-parameter -faligned-new -fno-exceptions -DDEFENV_SYSTEMC=\"\" -DDEFENV_SYSTEMC_ARCH=\"\" -DDEFENV_SYSTEMC_INCLUDE=\"\" -DDEFENV_SYSTEMC_LIBDIR=\"\" -DDEFENV_VERILATOR_ROOT=\"/opt/verilator/share/verilator\" -include V3PchAstNoMT.h -c ../V3StackCount.cpp -o V3StackCount.o
[rtl-full/Verilator shard 1/5-2             ]   | g++   -O3 -DVERILATOR_INTERNAL_ -MMD -I. -I.. -I.. -I../../include -I../../include -MP  -Wno-shadow -Wno-unused-parameter -faligned-new -fno-exceptions -DDEFENV_SYSTEMC=\"\" -DDEFENV_SYSTEMC_ARCH=\"\" -DDEFENV_SYSTEMC_INCLUDE=\"\" -DDEFENV_SYSTEMC_LIBDIR=\"\" -DDEFENV_VERILATOR_ROOT=\"/opt/verilator/share/verilator\" -include V3PchAstNoMT.h -c ../V3ProtectLib.cpp -o V3ProtectLib.o
[rtl-full/Verilator shard 3/5-4             ]   | g++   -Og -ggdb -gz -DVL_DEBUG -D_GLIBCXX_DEBUG -DVERILATOR_INTERNAL_ -MMD -I. -I.. -I.. -I../../include -I../../include -MP  -Wno-shadow -Wno-unused-parameter -faligned-new -fno-exceptions -DDEFENV_SYSTEMC=\"\" -DDEFENV_SYSTEMC_ARCH=\"\" -DDEFENV_SYSTEMC_INCLUDE=\"\" -DDEFENV_SYSTEMC_LIBDIR=\"\" -DDEFENV_VERILATOR_ROOT=\"/opt/verilator/share/verilator\" -include V3PchAstNoMT.h -c ../V3OrderMoveGraph.cpp -o V3OrderMoveGraph.o
[rtl-full/Verilator shard 3/5-4             ]   | g++   -O3 -DVERILATOR_INTERNAL_ -MMD -I. -I.. -I.. -I../../include -I../../include -MP  -Wno-shadow -Wno-unused-parameter -faligned-new -fno-exceptions -DDEFENV_SYSTEMC=\"\" -DDEFENV_SYSTEMC_ARCH=\"\" -DDEFENV_SYSTEMC_INCLUDE=\"\" -DDEFENV_SYSTEMC_LIBDIR=\"\" -DDEFENV_VERILATOR_ROOT=\"/opt/verilator/share/verilator\" -include V3PchAstNoMT.h -c ../V3SchedTrigger.cpp -o V3SchedTrigger.o
[rtl-full/Verilator shard 1/5-2             ]   | g++   -O3 -DVERILATOR_INTERNAL_ -MMD -I. -I.. -I.. -I../../include -I../../include -MP  -Wno-shadow -Wno-unused-parameter -faligned-new -fno-exceptions -DDEFENV_SYSTEMC=\"\" -DDEFENV_SYSTEMC_ARCH=\"\" -DDEFENV_SYSTEMC_INCLUDE=\"\" -DDEFENV_SYSTEMC_LIBDIR=\"\" -DDEFENV_VERILATOR_ROOT=\"/opt/verilator/share/verilator\" -include V3PchAstNoMT.h -c ../V3RandSequence.cpp -o V3RandSequence.o
[rtl-full/Verilator shard 2/5-3             ]   | g++   -O3 -DVERILATOR_INTERNAL_ -MMD -I. -I.. -I.. -I../../include -I../../include -MP  -Wno-shadow -Wno-unused-parameter -faligned-new -fno-exceptions -DDEFENV_SYSTEMC=\"\" -DDEFENV_SYSTEMC_ARCH=\"\" -DDEFENV_SYSTEMC_INCLUDE=\"\" -DDEFENV_SYSTEMC_LIBDIR=\"\" -DDEFENV_VERILATOR_ROOT=\"/opt/verilator/share/verilator\" -include V3PchAstNoMT.h -c ../V3LinkJump.cpp -o V3LinkJump.o
[rtl-full/Verilator shard 0/5-1             ]   | g++   -Og -ggdb -gz -DVL_DEBUG -D_GLIBCXX_DEBUG -DVERILATOR_INTERNAL_ -MMD -I. -I.. -I.. -I../../include -I../../include -MP  -Wno-shadow -Wno-unused-parameter -faligned-new -fno-exceptions -DDEFENV_SYSTEMC=\"\" -DDEFENV_SYSTEMC_ARCH=\"\" -DDEFENV_SYSTEMC_INCLUDE=\"\" -DDEFENV_SYSTEMC_LIBDIR=\"\" -DDEFENV_VERILATOR_ROOT=\"/opt/verilator/share/verilator\" -include V3PchAstNoMT.h -c ../V3LinkDotIfaceCapture.cpp -o V3LinkDotIfaceCapture.o
[rtl-full/Verilator shard 0/5-1             ]   | g++   -O3 -DVERILATOR_INTERNAL_ -MMD -I. -I.. -I.. -I../../include -I../../include -MP  -Wno-shadow -Wno-unused-parameter -faligned-new -fno-exceptions -DDEFENV_SYSTEMC=\"\" -DDEFENV_SYSTEMC_ARCH=\"\" -DDEFENV_SYSTEMC_INCLUDE=\"\" -DDEFENV_SYSTEMC_LIBDIR=\"\" -DDEFENV_VERILATOR_ROOT=\"/opt/verilator/share/verilator\" -include V3PchAstNoMT.h -c ../V3Subst.cpp -o V3Subst.o
[rtl-full/Verilator shard 3/5-4             ]   | g++   -Og -ggdb -gz -DVL_DEBUG -D_GLIBCXX_DEBUG -DVERILATOR_INTERNAL_ -MMD -I. -I.. -I.. -I../../include -I../../include -MP  -Wno-shadow -Wno-unused-parameter -faligned-new -fno-exceptions -DDEFENV_SYSTEMC=\"\" -DDEFENV_SYSTEMC_ARCH=\"\" -DDEFENV_SYSTEMC_INCLUDE=\"\" -DDEFENV_SYSTEMC_LIBDIR=\"\" -DDEFENV_VERILATOR_ROOT=\"/opt/verilator/share/verilator\" -include V3PchAstNoMT.h -c ../V3OrderParallel.cpp -o V3OrderParallel.o
[rtl-full/Verilator shard 1/5-2             ]   | g++   -O3 -DVERILATOR_INTERNAL_ -MMD -I. -I.. -I.. -I../../include -I../../include -MP  -Wno-shadow -Wno-unused-parameter -faligned-new -fno-exceptions -DDEFENV_SYSTEMC=\"\" -DDEFENV_SYSTEMC_ARCH=\"\" -DDEFENV_SYSTEMC_INCLUDE=\"\" -DDEFENV_SYSTEMC_LIBDIR=\"\" -DDEFENV_VERILATOR_ROOT=\"/opt/verilator/share/verilator\" -include V3PchAstNoMT.h -c ../V3Randomize.cpp -o V3Randomize.o
[rtl-full/Verilator shard 3/5-4             ]   | g++   -O3 -DVERILATOR_INTERNAL_ -MMD -I. -I.. -I.. -I../../include -I../../include -MP  -Wno-shadow -Wno-unused-parameter -faligned-new -fno-exceptions -DDEFENV_SYSTEMC=\"\" -DDEFENV_SYSTEMC_ARCH=\"\" -DDEFENV_SYSTEMC_INCLUDE=\"\" -DDEFENV_SYSTEMC_LIBDIR=\"\" -DDEFENV_VERILATOR_ROOT=\"/opt/verilator/share/verilator\" -include V3PchAstNoMT.h -c ../V3SchedUtil.cpp -o V3SchedUtil.o
[rtl-full/Verilator shard 3/5-4             ]   | g++   -Og -ggdb -gz -DVL_DEBUG -D_GLIBCXX_DEBUG -DVERILATOR_INTERNAL_ -MMD -I. -I.. -I.. -I../../include -I../../include -MP  -Wno-shadow -Wno-unused-parameter -faligned-new -fno-exceptions -DDEFENV_SYSTEMC=\"\" -DDEFENV_SYSTEMC_ARCH=\"\" -DDEFENV_SYSTEMC_INCLUDE=\"\" -DDEFENV_SYSTEMC_LIBDIR=\"\" -DDEFENV_VERILATOR_ROOT=\"/opt/verilator/share/verilator\" -include V3PchAstNoMT.h -c ../V3OrderProcessDomains.cpp -o V3OrderProcessDomains.o
[rtl-full/Verilator shard 2/5-3             ]   | g++   -Og -ggdb -gz -DVL_DEBUG -D_GLIBCXX_DEBUG -DVERILATOR_INTERNAL_ -MMD -I. -I.. -I.. -I../../include -I../../include -MP  -Wno-shadow -Wno-unused-parameter -faligned-new -fno-exceptions -DDEFENV_SYSTEMC=\"\" -DDEFENV_SYSTEMC_ARCH=\"\" -DDEFENV_SYSTEMC_INCLUDE=\"\" -DDEFENV_SYSTEMC_LIBDIR=\"\" -DDEFENV_VERILATOR_ROOT=\"/opt/verilator/share/verilator\" -include V3PchAstNoMT.h -c ../V3SchedVirtIface.cpp -o V3SchedVirtIface.o
[rtl-full/Verilator shard 0/5-1             ]   | g++   -Og -ggdb -gz -DVL_DEBUG -D_GLIBCXX_DEBUG -DVERILATOR_INTERNAL_ -MMD -I. -I.. -I.. -I../../include -I../../include -MP  -Wno-shadow -Wno-unused-parameter -faligned-new -fno-exceptions -DDEFENV_SYSTEMC=\"\" -DDEFENV_SYSTEMC_ARCH=\"\" -DDEFENV_SYSTEMC_INCLUDE=\"\" -DDEFENV_SYSTEMC_LIBDIR=\"\" -DDEFENV_VERILATOR_ROOT=\"/opt/verilator/share/verilator\" -include V3PchAstNoMT.h -c ../V3LinkInc.cpp -o V3LinkInc.o
[rtl-full/Verilator shard 0/5-1             ]   | g++   -O3 -DVERILATOR_INTERNAL_ -MMD -I. -I.. -I.. -I../../include -I../../include -MP  -Wno-shadow -Wno-unused-parameter -faligned-new -fno-exceptions -DDEFENV_SYSTEMC=\"\" -DDEFENV_SYSTEMC_ARCH=\"\" -DDEFENV_SYSTEMC_INCLUDE=\"\" -DDEFENV_SYSTEMC_LIBDIR=\"\" -DDEFENV_VERILATOR_ROOT=\"/opt/verilator/share/verilator\" -include V3PchAstNoMT.h -c ../V3Table.cpp -o V3Table.o
[rtl-full/Verilator shard 2/5-3             ]   | g++   -O3 -DVERILATOR_INTERNAL_ -MMD -I. -I.. -I.. -I../../include -I../../include -MP  -Wno-shadow -Wno-unused-parameter -faligned-new -fno-exceptions -DDEFENV_SYSTEMC=\"\" -DDEFENV_SYSTEMC_ARCH=\"\" -DDEFENV_SYSTEMC_INCLUDE=\"\" -DDEFENV_SYSTEMC_LIBDIR=\"\" -DDEFENV_VERILATOR_ROOT=\"/opt/verilator/share/verilator\" -include V3PchAstNoMT.h -c ../V3LinkLValue.cpp -o V3LinkLValue.o
[rtl-full/Verilator shard 1/5-2             ]   | g++   -O3 -DVERILATOR_INTERNAL_ -MMD -I. -I.. -I.. -I../../include -I../../include -MP  -Wno-shadow -Wno-unused-parameter -faligned-new -fno-exceptions -DDEFENV_SYSTEMC=\"\" -DDEFENV_SYSTEMC_ARCH=\"\" -DDEFENV_SYSTEMC_INCLUDE=\"\" -DDEFENV_SYSTEMC_LIBDIR=\"\" -DDEFENV_VERILATOR_ROOT=\"/opt/verilator/share/verilator\" -include V3PchAstNoMT.h -c ../V3Reloop.cpp -o V3Reloop.o
[rtl-full/Verilator shard 2/5-3             ]   | g++   -Og -ggdb -gz -DVL_DEBUG -D_GLIBCXX_DEBUG -DVERILATOR_INTERNAL_ -MMD -I. -I.. -I.. -I../../include -I../../include -MP  -Wno-shadow -Wno-unused-parameter -faligned-new -fno-exceptions -DDEFENV_SYSTEMC=\"\" -DDEFENV_SYSTEMC_ARCH=\"\" -DDEFENV_SYSTEMC_INCLUDE=\"\" -DDEFENV_SYSTEMC_LIBDIR=\"\" -DDEFENV_VERILATOR_ROOT=\"/opt/verilator/share/verilator\" -include V3PchAstNoMT.h -c ../V3Scope.cpp -o V3Scope.o
[rtl-full/Verilator shard 0/5-1             ]   | g++   -Og -ggdb -gz -DVL_DEBUG -D_GLIBCXX_DEBUG -DVERILATOR_INTERNAL_ -MMD -I. -I.. -I.. -I../../include -I../../include -MP  -Wno-shadow -Wno-unused-parameter -faligned-new -fno-exceptions -DDEFENV_SYSTEMC=\"\" -DDEFENV_SYSTEMC_ARCH=\"\" -DDEFENV_SYSTEMC_INCLUDE=\"\" -DDEFENV_SYSTEMC_LIBDIR=\"\" -DDEFENV_VERILATOR_ROOT=\"/opt/verilator/share/verilator\" -include V3PchAstNoMT.h -c ../V3LinkJump.cpp -o V3LinkJump.o
[rtl-full/Verilator shard 3/5-4             ]   | g++   -O3 -DVERILATOR_INTERNAL_ -MMD -I. -I.. -I.. -I../../include -I../../include -MP  -Wno-shadow -Wno-unused-parameter -faligned-new -fno-exceptions -DDEFENV_SYSTEMC=\"\" -DDEFENV_SYSTEMC_ARCH=\"\" -DDEFENV_SYSTEMC_INCLUDE=\"\" -DDEFENV_SYSTEMC_LIBDIR=\"\" -DDEFENV_VERILATOR_ROOT=\"/opt/verilator/share/verilator\" -include V3PchAstNoMT.h -c ../V3SchedVirtIface.cpp -o V3SchedVirtIface.o
[rtl-full/Verilator shard 2/5-3             ]   | g++   -O3 -DVERILATOR_INTERNAL_ -MMD -I. -I.. -I.. -I../../include -I../../include -MP  -Wno-shadow -Wno-unused-parameter -faligned-new -fno-exceptions -DDEFENV_SYSTEMC=\"\" -DDEFENV_SYSTEMC_ARCH=\"\" -DDEFENV_SYSTEMC_INCLUDE=\"\" -DDEFENV_SYSTEMC_LIBDIR=\"\" -DDEFENV_VERILATOR_ROOT=\"/opt/verilator/share/verilator\" -include V3PchAstNoMT.h -c ../V3LinkLevel.cpp -o V3LinkLevel.o
[rtl-full/Verilator shard 0/5-1             ]   | g++   -Og -ggdb -gz -DVL_DEBUG -D_GLIBCXX_DEBUG -DVERILATOR_INTERNAL_ -MMD -I. -I.. -I.. -I../../include -I../../include -MP  -Wno-shadow -Wno-unused-parameter -faligned-new -fno-exceptions -DDEFENV_SYSTEMC=\"\" -DDEFENV_SYSTEMC_ARCH=\"\" -DDEFENV_SYSTEMC_INCLUDE=\"\" -DDEFENV_SYSTEMC_LIBDIR=\"\" -DDEFENV_VERILATOR_ROOT=\"/opt/verilator/share/verilator\" -include V3PchAstNoMT.h -c ../V3LinkLValue.cpp -o V3LinkLValue.o
[rtl-full/Verilator shard 2/5-3             ]   | g++   -Og -ggdb -gz -DVL_DEBUG -D_GLIBCXX_DEBUG -DVERILATOR_INTERNAL_ -MMD -I. -I.. -I.. -I../../include -I../../include -MP  -Wno-shadow -Wno-unused-parameter -faligned-new -fno-exceptions -DDEFENV_SYSTEMC=\"\" -DDEFENV_SYSTEMC_ARCH=\"\" -DDEFENV_SYSTEMC_INCLUDE=\"\" -DDEFENV_SYSTEMC_LIBDIR=\"\" -DDEFENV_VERILATOR_ROOT=\"/opt/verilator/share/verilator\" -include V3PchAstNoMT.h -c ../V3Scoreboard.cpp -o V3Scoreboard.o
[rtl-full/Verilator shard 2/5-3             ]   | g++   -O3 -DVERILATOR_INTERNAL_ -MMD -I. -I.. -I.. -I../../include -I../../include -MP  -Wno-shadow -Wno-unused-parameter -faligned-new -fno-exceptions -DDEFENV_SYSTEMC=\"\" -DDEFENV_SYSTEMC_ARCH=\"\" -DDEFENV_SYSTEMC_INCLUDE=\"\" -DDEFENV_SYSTEMC_LIBDIR=\"\" -DDEFENV_VERILATOR_ROOT=\"/opt/verilator/share/verilator\" -include V3PchAstNoMT.h -c ../V3LinkParse.cpp -o V3LinkParse.o
[rtl-full/Verilator shard 3/5-4             ]   | g++   -Og -ggdb -gz -DVL_DEBUG -D_GLIBCXX_DEBUG -DVERILATOR_INTERNAL_ -MMD -I. -I.. -I.. -I../../include -I../../include -MP  -Wno-shadow -Wno-unused-parameter -faligned-new -fno-exceptions -DDEFENV_SYSTEMC=\"\" -DDEFENV_SYSTEMC_ARCH=\"\" -DDEFENV_SYSTEMC_INCLUDE=\"\" -DDEFENV_SYSTEMC_LIBDIR=\"\" -DDEFENV_VERILATOR_ROOT=\"/opt/verilator/share/verilator\" -include V3PchAstNoMT.h -c ../V3OrderSerial.cpp -o V3OrderSerial.o
[rtl-full/Verilator shard 1/5-2             ]   | g++   -O3 -DVERILATOR_INTERNAL_ -MMD -I. -I.. -I.. -I../../include -I../../include -MP  -Wno-shadow -Wno-unused-parameter -faligned-new -fno-exceptions -DDEFENV_SYSTEMC=\"\" -DDEFENV_SYSTEMC_ARCH=\"\" -DDEFENV_SYSTEMC_INCLUDE=\"\" -DDEFENV_SYSTEMC_LIBDIR=\"\" -DDEFENV_VERILATOR_ROOT=\"/opt/verilator/share/verilator\" -include V3PchAstNoMT.h -c ../V3Reorder.cpp -o V3Reorder.o
[rtl-full/Verilator shard 2/5-3             ]   | g++   -Og -ggdb -gz -DVL_DEBUG -D_GLIBCXX_DEBUG -DVERILATOR_INTERNAL_ -MMD -I. -I.. -I.. -I../../include -I../../include -MP  -Wno-shadow -Wno-unused-parameter -faligned-new -fno-exceptions -DDEFENV_SYSTEMC=\"\" -DDEFENV_SYSTEMC_ARCH=\"\" -DDEFENV_SYSTEMC_INCLUDE=\"\" -DDEFENV_SYSTEMC_LIBDIR=\"\" -DDEFENV_VERILATOR_ROOT=\"/opt/verilator/share/verilator\" -include V3PchAstNoMT.h -c ../V3Slice.cpp -o V3Slice.o
[rtl-full/Verilator shard 2/5-3             ]   | g++   -Og -ggdb -gz -DVL_DEBUG -D_GLIBCXX_DEBUG -DVERILATOR_INTERNAL_ -MMD -I. -I.. -I.. -I../../include -I../../include -MP  -Wno-shadow -Wno-unused-parameter -faligned-new -fno-exceptions -DDEFENV_SYSTEMC=\"\" -DDEFENV_SYSTEMC_ARCH=\"\" -DDEFENV_SYSTEMC_INCLUDE=\"\" -DDEFENV_SYSTEMC_LIBDIR=\"\" -DDEFENV_VERILATOR_ROOT=\"/opt/verilator/share/verilator\" -include V3PchAstNoMT.h -c ../V3Split.cpp -o V3Split.o
[rtl-full/Verilator shard 0/5-1             ]   | g++   -O3 -DVERILATOR_INTERNAL_ -MMD -I. -I.. -I.. -I../../include -I../../include -MP  -Wno-shadow -Wno-unused-parameter -faligned-new -fno-exceptions -DDEFENV_SYSTEMC=\"\" -DDEFENV_SYSTEMC_ARCH=\"\" -DDEFENV_SYSTEMC_INCLUDE=\"\" -DDEFENV_SYSTEMC_LIBDIR=\"\" -DDEFENV_VERILATOR_ROOT=\"/opt/verilator/share/verilator\" -include V3PchAstNoMT.h -c ../V3Task.cpp -o V3Task.o
[rtl-full/Verilator shard 3/5-4             ]   | g++   -O3 -DVERILATOR_INTERNAL_ -MMD -I. -I.. -I.. -I../../include -I../../include -MP  -Wno-shadow -Wno-unused-parameter -faligned-new -fno-exceptions -DDEFENV_SYSTEMC=\"\" -DDEFENV_SYSTEMC_ARCH=\"\" -DDEFENV_SYSTEMC_INCLUDE=\"\" -DDEFENV_SYSTEMC_LIBDIR=\"\" -DDEFENV_VERILATOR_ROOT=\"/opt/verilator/share/verilator\" -include V3PchAstNoMT.h -c ../V3Scope.cpp -o V3Scope.o
[rtl-full/Verilator shard 2/5-3             ]   | g++   -O3 -DVERILATOR_INTERNAL_ -MMD -I. -I.. -I.. -I../../include -I../../include -MP  -Wno-shadow -Wno-unused-parameter -faligned-new -fno-exceptions -DDEFENV_SYSTEMC=\"\" -DDEFENV_SYSTEMC_ARCH=\"\" -DDEFENV_SYSTEMC_INCLUDE=\"\" -DDEFENV_SYSTEMC_LIBDIR=\"\" -DDEFENV_VERILATOR_ROOT=\"/opt/verilator/share/verilator\" -include V3PchAstNoMT.h -c ../V3LinkResolve.cpp -o V3LinkResolve.o
[rtl-full/Verilator shard 0/5-1             ]   | g++   -Og -ggdb -gz -DVL_DEBUG -D_GLIBCXX_DEBUG -DVERILATOR_INTERNAL_ -MMD -I. -I.. -I.. -I../../include -I../../include -MP  -Wno-shadow -Wno-unused-parameter -faligned-new -fno-exceptions -DDEFENV_SYSTEMC=\"\" -DDEFENV_SYSTEMC_ARCH=\"\" -DDEFENV_SYSTEMC_INCLUDE=\"\" -DDEFENV_SYSTEMC_LIBDIR=\"\" -DDEFENV_VERILATOR_ROOT=\"/opt/verilator/share/verilator\" -include V3PchAstNoMT.h -c ../V3LinkLevel.cpp -o V3LinkLevel.o
[rtl-full/Verilator shard 3/5-4             ]   | g++   -O3 -DVERILATOR_INTERNAL_ -MMD -I. -I.. -I.. -I../../include -I../../include -MP  -Wno-shadow -Wno-unused-parameter -faligned-new -fno-exceptions -DDEFENV_SYSTEMC=\"\" -DDEFENV_SYSTEMC_ARCH=\"\" -DDEFENV_SYSTEMC_INCLUDE=\"\" -DDEFENV_SYSTEMC_LIBDIR=\"\" -DDEFENV_VERILATOR_ROOT=\"/opt/verilator/share/verilator\" -include V3PchAstNoMT.h -c ../V3Scoreboard.cpp -o V3Scoreboard.o
[rtl-full/Verilator shard 0/5-1             ]   | g++   -Og -ggdb -gz -DVL_DEBUG -D_GLIBCXX_DEBUG -DVERILATOR_INTERNAL_ -MMD -I. -I.. -I.. -I../../include -I../../include -MP  -Wno-shadow -Wno-unused-parameter -faligned-new -fno-exceptions -DDEFENV_SYSTEMC=\"\" -DDEFENV_SYSTEMC_ARCH=\"\" -DDEFENV_SYSTEMC_INCLUDE=\"\" -DDEFENV_SYSTEMC_LIBDIR=\"\" -DDEFENV_VERILATOR_ROOT=\"/opt/verilator/share/verilator\" -include V3PchAstNoMT.h -c ../V3LinkParse.cpp -o V3LinkParse.o
[rtl-full/Verilator shard 3/5-4             ]   | g++   -O3 -DVERILATOR_INTERNAL_ -MMD -I. -I.. -I.. -I../../include -I../../include -MP  -Wno-shadow -Wno-unused-parameter -faligned-new -fno-exceptions -DDEFENV_SYSTEMC=\"\" -DDEFENV_SYSTEMC_ARCH=\"\" -DDEFENV_SYSTEMC_INCLUDE=\"\" -DDEFENV_SYSTEMC_LIBDIR=\"\" -DDEFENV_VERILATOR_ROOT=\"/opt/verilator/share/verilator\" -include V3PchAstNoMT.h -c ../V3Slice.cpp -o V3Slice.o
[rtl-full/Verilator shard 1/5-2             ]   | g++   -O3 -DVERILATOR_INTERNAL_ -MMD -I. -I.. -I.. -I../../include -I../../include -MP  -Wno-shadow -Wno-unused-parameter -faligned-new -fno-exceptions -DDEFENV_SYSTEMC=\"\" -DDEFENV_SYSTEMC_ARCH=\"\" -DDEFENV_SYSTEMC_INCLUDE=\"\" -DDEFENV_SYSTEMC_LIBDIR=\"\" -DDEFENV_VERILATOR_ROOT=\"/opt/verilator/share/verilator\" -include V3PchAstNoMT.h -c ../V3Sampled.cpp -o V3Sampled.o
[rtl-full/Verilator shard 3/5-4             ]   | g++   -Og -ggdb -gz -DVL_DEBUG -D_GLIBCXX_DEBUG -DVERILATOR_INTERNAL_ -MMD -I. -I.. -I.. -I../../include -I../../include -MP  -Wno-shadow -Wno-unused-parameter -faligned-new -fno-exceptions -DDEFENV_SYSTEMC=\"\" -DDEFENV_SYSTEMC_ARCH=\"\" -DDEFENV_SYSTEMC_INCLUDE=\"\" -DDEFENV_SYSTEMC_LIBDIR=\"\" -DDEFENV_VERILATOR_ROOT=\"/opt/verilator/share/verilator\" -include V3PchAstNoMT.h -c ../V3Param.cpp -o V3Param.o
[rtl-full/Verilator shard 0/5-1             ]   | g++   -Og -ggdb -gz -DVL_DEBUG -D_GLIBCXX_DEBUG -DVERILATOR_INTERNAL_ -MMD -I. -I.. -I.. -I../../include -I../../include -MP  -Wno-shadow -Wno-unused-parameter -faligned-new -fno-exceptions -DDEFENV_SYSTEMC=\"\" -DDEFENV_SYSTEMC_ARCH=\"\" -DDEFENV_SYSTEMC_INCLUDE=\"\" -DDEFENV_SYSTEMC_LIBDIR=\"\" -DDEFENV_VERILATOR_ROOT=\"/opt/verilator/share/verilator\" -include V3PchAstNoMT.h -c ../V3LinkResolve.cpp -o V3LinkResolve.o
[rtl-full/Verilator shard 3/5-4             ]   | g++   -Og -ggdb -gz -DVL_DEBUG -D_GLIBCXX_DEBUG -DVERILATOR_INTERNAL_ -MMD -I. -I.. -I.. -I../../include -I../../include -MP  -Wno-shadow -Wno-unused-parameter -faligned-new -fno-exceptions -DDEFENV_SYSTEMC=\"\" -DDEFENV_SYSTEMC_ARCH=\"\" -DDEFENV_SYSTEMC_INCLUDE=\"\" -DDEFENV_SYSTEMC_LIBDIR=\"\" -DDEFENV_VERILATOR_ROOT=\"/opt/verilator/share/verilator\" -include V3PchAstNoMT.h -c ../V3PatternStats.cpp -o V3PatternStats.o
[rtl-full/Verilator shard 1/5-2             ]   | g++   -O3 -DVERILATOR_INTERNAL_ -MMD -I. -I.. -I.. -I../../include -I../../include -MP  -Wno-shadow -Wno-unused-parameter -faligned-new -fno-exceptions -DDEFENV_SYSTEMC=\"\" -DDEFENV_SYSTEMC_ARCH=\"\" -DDEFENV_SYSTEMC_INCLUDE=\"\" -DDEFENV_SYSTEMC_LIBDIR=\"\" -DDEFENV_VERILATOR_ROOT=\"/opt/verilator/share/verilator\" -include V3PchAstNoMT.h -c ../V3Sched.cpp -o V3Sched.o
[rtl-full/Verilator shard 2/5-3             ]   | g++   -Og -ggdb -gz -DVL_DEBUG -D_GLIBCXX_DEBUG -DVERILATOR_INTERNAL_ -MMD -I. -I.. -I.. -I../../include -I../../include -MP  -Wno-shadow -Wno-unused-parameter -faligned-new -fno-exceptions -DDEFENV_SYSTEMC=\"\" -DDEFENV_SYSTEMC_ARCH=\"\" -DDEFENV_SYSTEMC_INCLUDE=\"\" -DDEFENV_SYSTEMC_LIBDIR=\"\" -DDEFENV_VERILATOR_ROOT=\"/opt/verilator/share/verilator\" -include V3PchAstNoMT.h -c ../V3SplitVar.cpp -o V3SplitVar.o
[rtl-full/Verilator shard 3/5-4             ]   | g++   -O3 -DVERILATOR_INTERNAL_ -MMD -I. -I.. -I.. -I../../include -I../../include -MP  -Wno-shadow -Wno-unused-parameter -faligned-new -fno-exceptions -DDEFENV_SYSTEMC=\"\" -DDEFENV_SYSTEMC_ARCH=\"\" -DDEFENV_SYSTEMC_INCLUDE=\"\" -DDEFENV_SYSTEMC_LIBDIR=\"\" -DDEFENV_VERILATOR_ROOT=\"/opt/verilator/share/verilator\" -include V3PchAstNoMT.h -c ../V3Split.cpp -o V3Split.o
[rtl-full/Verilator shard 0/5-1             ]   | g++   -Og -ggdb -gz -DVL_DEBUG -D_GLIBCXX_DEBUG -DVERILATOR_INTERNAL_ -MMD -I. -I.. -I.. -I../../include -I../../include -MP  -Wno-shadow -Wno-unused-parameter -faligned-new -fno-exceptions -DDEFENV_SYSTEMC=\"\" -DDEFENV_SYSTEMC_ARCH=\"\" -DDEFENV_SYSTEMC_INCLUDE=\"\" -DDEFENV_SYSTEMC_LIBDIR=\"\" -DDEFENV_VERILATOR_ROOT=\"/opt/verilator/share/verilator\" -include V3PchAstNoMT.h -c ../V3LinkWith.cpp -o V3LinkWith.o
[rtl-full/Verilator shard 1/5-2             ]   | g++   -O3 -DVERILATOR_INTERNAL_ -MMD -I. -I.. -I.. -I../../include -I../../include -MP  -Wno-shadow -Wno-unused-parameter -faligned-new -fno-exceptions -DDEFENV_SYSTEMC=\"\" -DDEFENV_SYSTEMC_ARCH=\"\" -DDEFENV_SYSTEMC_INCLUDE=\"\" -DDEFENV_SYSTEMC_LIBDIR=\"\" -DDEFENV_VERILATOR_ROOT=\"/opt/verilator/share/verilator\" -include V3PchAstNoMT.h -c ../V3SchedAcyclic.cpp -o V3SchedAcyclic.o
[rtl-full/Verilator shard 2/5-3             ]   | g++   -O3 -DVERILATOR_INTERNAL_ -MMD -I. -I.. -I.. -I../../include -I../../include -MP  -Wno-shadow -Wno-unused-parameter -faligned-new -fno-exceptions -DDEFENV_SYSTEMC=\"\" -DDEFENV_SYSTEMC_ARCH=\"\" -DDEFENV_SYSTEMC_INCLUDE=\"\" -DDEFENV_SYSTEMC_LIBDIR=\"\" -DDEFENV_VERILATOR_ROOT=\"/opt/verilator/share/verilator\" -include V3PchAstNoMT.h -c ../V3LinkWith.cpp -o V3LinkWith.o
[rtl-full/Verilator shard 2/5-3             ]   | g++   -O3 -DVERILATOR_INTERNAL_ -MMD -I. -I.. -I.. -I../../include -I../../include -MP  -Wno-shadow -Wno-unused-parameter -faligned-new -fno-exceptions -DDEFENV_SYSTEMC=\"\" -DDEFENV_SYSTEMC_ARCH=\"\" -DDEFENV_SYSTEMC_INCLUDE=\"\" -DDEFENV_SYSTEMC_LIBDIR=\"\" -DDEFENV_VERILATOR_ROOT=\"/opt/verilator/share/verilator\" -include V3PchAstNoMT.h -c ../V3Localize.cpp -o V3Localize.o
[rtl-full/Verilator shard 2/5-3             ]   | g++   -Og -ggdb -gz -DVL_DEBUG -D_GLIBCXX_DEBUG -DVERILATOR_INTERNAL_ -MMD -I. -I.. -I.. -I../../include -I../../include -MP  -Wno-shadow -Wno-unused-parameter -faligned-new -fno-exceptions -DDEFENV_SYSTEMC=\"\" -DDEFENV_SYSTEMC_ARCH=\"\" -DDEFENV_SYSTEMC_INCLUDE=\"\" -DDEFENV_SYSTEMC_LIBDIR=\"\" -DDEFENV_VERILATOR_ROOT=\"/opt/verilator/share/verilator\" -include V3PchAstNoMT.h -c ../V3StackCount.cpp -o V3StackCount.o
[rtl-full/Verilator shard 0/5-1             ]   | g++   -Og -ggdb -gz -DVL_DEBUG -D_GLIBCXX_DEBUG -DVERILATOR_INTERNAL_ -MMD -I. -I.. -I.. -I../../include -I../../include -MP  -Wno-shadow -Wno-unused-parameter -faligned-new -fno-exceptions -DDEFENV_SYSTEMC=\"\" -DDEFENV_SYSTEMC_ARCH=\"\" -DDEFENV_SYSTEMC_INCLUDE=\"\" -DDEFENV_SYSTEMC_LIBDIR=\"\" -DDEFENV_VERILATOR_ROOT=\"/opt/verilator/share/verilator\" -include V3PchAstNoMT.h -c ../V3Localize.cpp -o V3Localize.o
[rtl-full/Verilator shard 3/5-4             ]   | g++   -O3 -DVERILATOR_INTERNAL_ -MMD -I. -I.. -I.. -I../../include -I../../include -MP  -Wno-shadow -Wno-unused-parameter -faligned-new -fno-exceptions -DDEFENV_SYSTEMC=\"\" -DDEFENV_SYSTEMC_ARCH=\"\" -DDEFENV_SYSTEMC_INCLUDE=\"\" -DDEFENV_SYSTEMC_LIBDIR=\"\" -DDEFENV_VERILATOR_ROOT=\"/opt/verilator/share/verilator\" -include V3PchAstNoMT.h -c ../V3SplitVar.cpp -o V3SplitVar.o
[rtl-full/Verilator shard 0/5-1             ]   | g++   -Og -ggdb -gz -DVL_DEBUG -D_GLIBCXX_DEBUG -DVERILATOR_INTERNAL_ -MMD -I. -I.. -I.. -I../../include -I../../include -MP  -Wno-shadow -Wno-unused-parameter -faligned-new -fno-exceptions -DDEFENV_SYSTEMC=\"\" -DDEFENV_SYSTEMC_ARCH=\"\" -DDEFENV_SYSTEMC_INCLUDE=\"\" -DDEFENV_SYSTEMC_LIBDIR=\"\" -DDEFENV_VERILATOR_ROOT=\"/opt/verilator/share/verilator\" -include V3PchAstNoMT.h -c ../V3MergeCond.cpp -o V3MergeCond.o
[rtl-full/Verilator shard 1/5-2             ]   | g++   -Og -ggdb -gz -DVL_DEBUG -D_GLIBCXX_DEBUG -DVERILATOR_INTERNAL_ -MMD -I. -I.. -I.. -I../../include -I../../include -MP  -Wno-shadow -Wno-unused-parameter -faligned-new -fno-exceptions -DDEFENV_SYSTEMC=\"\" -DDEFENV_SYSTEMC_ARCH=\"\" -DDEFENV_SYSTEMC_INCLUDE=\"\" -DDEFENV_SYSTEMC_LIBDIR=\"\" -DDEFENV_VERILATOR_ROOT=\"/opt/verilator/share/verilator\" -include V3PchAstNoMT.h -c ../V3PatternStats.cpp -o V3PatternStats.o
[rtl-full/Verilator shard 2/5-3             ]   | g++   -O3 -DVERILATOR_INTERNAL_ -MMD -I. -I.. -I.. -I../../include -I../../include -MP  -Wno-shadow -Wno-unused-parameter -faligned-new -fno-exceptions -DDEFENV_SYSTEMC=\"\" -DDEFENV_SYSTEMC_ARCH=\"\" -DDEFENV_SYSTEMC_INCLUDE=\"\" -DDEFENV_SYSTEMC_LIBDIR=\"\" -DDEFENV_VERILATOR_ROOT=\"/opt/verilator/share/verilator\" -include V3PchAstNoMT.h -c ../V3MergeCond.cpp -o V3MergeCond.o
[rtl-full/Verilator shard 0/5-1             ]   | g++   -Og -ggdb -gz -DVL_DEBUG -D_GLIBCXX_DEBUG -DVERILATOR_INTERNAL_ -MMD -I. -I.. -I.. -I../../include -I../../include -MP  -Wno-shadow -Wno-unused-parameter -faligned-new -fno-exceptions -DDEFENV_SYSTEMC=\"\" -DDEFENV_SYSTEMC_ARCH=\"\" -DDEFENV_SYSTEMC_INCLUDE=\"\" -DDEFENV_SYSTEMC_LIBDIR=\"\" -DDEFENV_VERILATOR_ROOT=\"/opt/verilator/share/verilator\" -include V3PchAstNoMT.h -c ../V3Name.cpp -o V3Name.o
[rtl-full/Verilator shard 3/5-4             ]   | g++   -O3 -DVERILATOR_INTERNAL_ -MMD -I. -I.. -I.. -I../../include -I../../include -MP  -Wno-shadow -Wno-unused-parameter -faligned-new -fno-exceptions -DDEFENV_SYSTEMC=\"\" -DDEFENV_SYSTEMC_ARCH=\"\" -DDEFENV_SYSTEMC_INCLUDE=\"\" -DDEFENV_SYSTEMC_LIBDIR=\"\" -DDEFENV_VERILATOR_ROOT=\"/opt/verilator/share/verilator\" -include V3PchAstNoMT.h -c ../V3StackCount.cpp -o V3StackCount.o
[rtl-full/Verilator shard 2/5-3             ]   | g++   -O3 -DVERILATOR_INTERNAL_ -MMD -I. -I.. -I.. -I../../include -I../../include -MP  -Wno-shadow -Wno-unused-parameter -faligned-new -fno-exceptions -DDEFENV_SYSTEMC=\"\" -DDEFENV_SYSTEMC_ARCH=\"\" -DDEFENV_SYSTEMC_INCLUDE=\"\" -DDEFENV_SYSTEMC_LIBDIR=\"\" -DDEFENV_VERILATOR_ROOT=\"/opt/verilator/share/verilator\" -include V3PchAstNoMT.h -c ../V3Name.cpp -o V3Name.o
[rtl-full/Verilator shard 1/5-2             ]   | g++   -O3 -DVERILATOR_INTERNAL_ -MMD -I. -I.. -I.. -I../../include -I../../include -MP  -Wno-shadow -Wno-unused-parameter -faligned-new -fno-exceptions -DDEFENV_SYSTEMC=\"\" -DDEFENV_SYSTEMC_ARCH=\"\" -DDEFENV_SYSTEMC_INCLUDE=\"\" -DDEFENV_SYSTEMC_LIBDIR=\"\" -DDEFENV_VERILATOR_ROOT=\"/opt/verilator/share/verilator\" -include V3PchAstNoMT.h -c ../V3SchedPartition.cpp -o V3SchedPartition.o
[rtl-full/Verilator shard 3/5-4             ]   | g++   -Og -ggdb -gz -DVL_DEBUG -D_GLIBCXX_DEBUG -DVERILATOR_INTERNAL_ -MMD -I. -I.. -I.. -I../../include -I../../include -MP  -Wno-shadow -Wno-unused-parameter -faligned-new -fno-exceptions -DDEFENV_SYSTEMC=\"\" -DDEFENV_SYSTEMC_ARCH=\"\" -DDEFENV_SYSTEMC_INCLUDE=\"\" -DDEFENV_SYSTEMC_LIBDIR=\"\" -DDEFENV_VERILATOR_ROOT=\"/opt/verilator/share/verilator\" -include V3PchAstNoMT.h -c ../V3Premit.cpp -o V3Premit.o
[rtl-full/Verilator shard 1/5-2             ]   | g++   -O3 -DVERILATOR_INTERNAL_ -MMD -I. -I.. -I.. -I../../include -I../../include -MP  -Wno-shadow -Wno-unused-parameter -faligned-new -fno-exceptions -DDEFENV_SYSTEMC=\"\" -DDEFENV_SYSTEMC_ARCH=\"\" -DDEFENV_SYSTEMC_INCLUDE=\"\" -DDEFENV_SYSTEMC_LIBDIR=\"\" -DDEFENV_VERILATOR_ROOT=\"/opt/verilator/share/verilator\" -include V3PchAstNoMT.h -c ../V3SchedReplicate.cpp -o V3SchedReplicate.o
[rtl-full/Verilator shard 2/5-3             ]   | g++   -Og -ggdb -gz -DVL_DEBUG -D_GLIBCXX_DEBUG -DVERILATOR_INTERNAL_ -MMD -I. -I.. -I.. -I../../include -I../../include -MP  -Wno-shadow -Wno-unused-parameter -faligned-new -fno-exceptions -DDEFENV_SYSTEMC=\"\" -DDEFENV_SYSTEMC_ARCH=\"\" -DDEFENV_SYSTEMC_INCLUDE=\"\" -DDEFENV_SYSTEMC_LIBDIR=\"\" -DDEFENV_VERILATOR_ROOT=\"/opt/verilator/share/verilator\" -include V3PchAstNoMT.h -c ../V3Subst.cpp -o V3Subst.o
[rtl-full/Verilator shard 0/5-1             ]   | g++   -Og -ggdb -gz -DVL_DEBUG -D_GLIBCXX_DEBUG -DVERILATOR_INTERNAL_ -MMD -I. -I.. -I.. -I../../include -I../../include -MP  -Wno-shadow -Wno-unused-parameter -faligned-new -fno-exceptions -DDEFENV_SYSTEMC=\"\" -DDEFENV_SYSTEMC_ARCH=\"\" -DDEFENV_SYSTEMC_INCLUDE=\"\" -DDEFENV_SYSTEMC_LIBDIR=\"\" -DDEFENV_VERILATOR_ROOT=\"/opt/verilator/share/verilator\" -include V3PchAstNoMT.h -c ../V3Order.cpp -o V3Order.o
[rtl-full/Verilator shard 0/5-1             ]   | g++   -Og -ggdb -gz -DVL_DEBUG -D_GLIBCXX_DEBUG -DVERILATOR_INTERNAL_ -MMD -I. -I.. -I.. -I../../include -I../../include -MP  -Wno-shadow -Wno-unused-parameter -faligned-new -fno-exceptions -DDEFENV_SYSTEMC=\"\" -DDEFENV_SYSTEMC_ARCH=\"\" -DDEFENV_SYSTEMC_INCLUDE=\"\" -DDEFENV_SYSTEMC_LIBDIR=\"\" -DDEFENV_VERILATOR_ROOT=\"/opt/verilator/share/verilator\" -include V3PchAstNoMT.h -c ../V3OrderGraphBuilder.cpp -o V3OrderGraphBuilder.o
[rtl-full/Verilator shard 3/5-4             ]   | g++   -O3 -DVERILATOR_INTERNAL_ -MMD -I. -I.. -I.. -I../../include -I../../include -MP  -Wno-shadow -Wno-unused-parameter -faligned-new -fno-exceptions -DDEFENV_SYSTEMC=\"\" -DDEFENV_SYSTEMC_ARCH=\"\" -DDEFENV_SYSTEMC_INCLUDE=\"\" -DDEFENV_SYSTEMC_LIBDIR=\"\" -DDEFENV_VERILATOR_ROOT=\"/opt/verilator/share/verilator\" -include V3PchAstNoMT.h -c ../V3Subst.cpp -o V3Subst.o
[rtl-full/Verilator shard 0/5-1             ]   | g++   -Og -ggdb -gz -DVL_DEBUG -D_GLIBCXX_DEBUG -DVERILATOR_INTERNAL_ -MMD -I. -I.. -I.. -I../../include -I../../include -MP  -Wno-shadow -Wno-unused-parameter -faligned-new -fno-exceptions -DDEFENV_SYSTEMC=\"\" -DDEFENV_SYSTEMC_ARCH=\"\" -DDEFENV_SYSTEMC_INCLUDE=\"\" -DDEFENV_SYSTEMC_LIBDIR=\"\" -DDEFENV_VERILATOR_ROOT=\"/opt/verilator/share/verilator\" -include V3PchAstNoMT.h -c ../V3OrderMoveGraph.cpp -o V3OrderMoveGraph.o
[rtl-full/Verilator shard 2/5-3             ]   | g++   -O3 -DVERILATOR_INTERNAL_ -MMD -I. -I.. -I.. -I../../include -I../../include -MP  -Wno-shadow -Wno-unused-parameter -faligned-new -fno-exceptions -DDEFENV_SYSTEMC=\"\" -DDEFENV_SYSTEMC_ARCH=\"\" -DDEFENV_SYSTEMC_INCLUDE=\"\" -DDEFENV_SYSTEMC_LIBDIR=\"\" -DDEFENV_VERILATOR_ROOT=\"/opt/verilator/share/verilator\" -include V3PchAstNoMT.h -c ../V3Order.cpp -o V3Order.o
[rtl-full/Verilator shard 1/5-2             ]   | g++   -O3 -DVERILATOR_INTERNAL_ -MMD -I. -I.. -I.. -I../../include -I../../include -MP  -Wno-shadow -Wno-unused-parameter -faligned-new -fno-exceptions -DDEFENV_SYSTEMC=\"\" -DDEFENV_SYSTEMC_ARCH=\"\" -DDEFENV_SYSTEMC_INCLUDE=\"\" -DDEFENV_SYSTEMC_LIBDIR=\"\" -DDEFENV_VERILATOR_ROOT=\"/opt/verilator/share/verilator\" -include V3PchAstNoMT.h -c ../V3SchedTiming.cpp -o V3SchedTiming.o
[rtl-full/Verilator shard 2/5-3             ]   | g++   -Og -ggdb -gz -DVL_DEBUG -D_GLIBCXX_DEBUG -DVERILATOR_INTERNAL_ -MMD -I. -I.. -I.. -I../../include -I../../include -MP  -Wno-shadow -Wno-unused-parameter -faligned-new -fno-exceptions -DDEFENV_SYSTEMC=\"\" -DDEFENV_SYSTEMC_ARCH=\"\" -DDEFENV_SYSTEMC_INCLUDE=\"\" -DDEFENV_SYSTEMC_LIBDIR=\"\" -DDEFENV_VERILATOR_ROOT=\"/opt/verilator/share/verilator\" -include V3PchAstNoMT.h -c ../V3Table.cpp -o V3Table.o
[rtl-full/Verilator shard 2/5-3             ]   | g++   -O3 -DVERILATOR_INTERNAL_ -MMD -I. -I.. -I.. -I../../include -I../../include -MP  -Wno-shadow -Wno-unused-parameter -faligned-new -fno-exceptions -DDEFENV_SYSTEMC=\"\" -DDEFENV_SYSTEMC_ARCH=\"\" -DDEFENV_SYSTEMC_INCLUDE=\"\" -DDEFENV_SYSTEMC_LIBDIR=\"\" -DDEFENV_VERILATOR_ROOT=\"/opt/verilator/share/verilator\" -include V3PchAstNoMT.h -c ../V3OrderGraphBuilder.cpp -o V3OrderGraphBuilder.o
[rtl-full/Verilator shard 3/5-4             ]   | g++   -Og -ggdb -gz -DVL_DEBUG -D_GLIBCXX_DEBUG -DVERILATOR_INTERNAL_ -MMD -I. -I.. -I.. -I../../include -I../../include -MP  -Wno-shadow -Wno-unused-parameter -faligned-new -fno-exceptions -DDEFENV_SYSTEMC=\"\" -DDEFENV_SYSTEMC_ARCH=\"\" -DDEFENV_SYSTEMC_INCLUDE=\"\" -DDEFENV_SYSTEMC_LIBDIR=\"\" -DDEFENV_VERILATOR_ROOT=\"/opt/verilator/share/verilator\" -include V3PchAstNoMT.h -c ../V3ProtectLib.cpp -o V3ProtectLib.o
[rtl-full/Verilator shard 0/5-1             ]   | g++   -O3 -DVERILATOR_INTERNAL_ -MMD -I. -I.. -I.. -I../../include -I../../include -MP  -Wno-shadow -Wno-unused-parameter -faligned-new -fno-exceptions -DDEFENV_SYSTEMC=\"\" -DDEFENV_SYSTEMC_ARCH=\"\" -DDEFENV_SYSTEMC_INCLUDE=\"\" -DDEFENV_SYSTEMC_LIBDIR=\"\" -DDEFENV_VERILATOR_ROOT=\"/opt/verilator/share/verilator\" -include V3PchAstNoMT.h -c ../V3Timing.cpp -o V3Timing.o
[rtl-full/Verilator shard 1/5-2             ]   | g++   -Og -ggdb -gz -DVL_DEBUG -D_GLIBCXX_DEBUG -DVERILATOR_INTERNAL_ -MMD -I. -I.. -I.. -I../../include -I../../include -MP  -Wno-shadow -Wno-unused-parameter -faligned-new -fno-exceptions -DDEFENV_SYSTEMC=\"\" -DDEFENV_SYSTEMC_ARCH=\"\" -DDEFENV_SYSTEMC_INCLUDE=\"\" -DDEFENV_SYSTEMC_LIBDIR=\"\" -DDEFENV_VERILATOR_ROOT=\"/opt/verilator/share/verilator\" -include V3PchAstNoMT.h -c ../V3Premit.cpp -o V3Premit.o
[rtl-full/Verilator shard 1/5-2             ]   | g++   -O3 -DVERILATOR_INTERNAL_ -MMD -I. -I.. -I.. -I../../include -I../../include -MP  -Wno-shadow -Wno-unused-parameter -faligned-new -fno-exceptions -DDEFENV_SYSTEMC=\"\" -DDEFENV_SYSTEMC_ARCH=\"\" -DDEFENV_SYSTEMC_INCLUDE=\"\" -DDEFENV_SYSTEMC_LIBDIR=\"\" -DDEFENV_VERILATOR_ROOT=\"/opt/verilator/share/verilator\" -include V3PchAstNoMT.h -c ../V3SchedTrigger.cpp -o V3SchedTrigger.o
[rtl-full/Verilator shard 0/5-1             ]   | g++   -Og -ggdb -gz -DVL_DEBUG -D_GLIBCXX_DEBUG -DVERILATOR_INTERNAL_ -MMD -I. -I.. -I.. -I../../include -I../../include -MP  -Wno-shadow -Wno-unused-parameter -faligned-new -fno-exceptions -DDEFENV_SYSTEMC=\"\" -DDEFENV_SYSTEMC_ARCH=\"\" -DDEFENV_SYSTEMC_INCLUDE=\"\" -DDEFENV_SYSTEMC_LIBDIR=\"\" -DDEFENV_VERILATOR_ROOT=\"/opt/verilator/share/verilator\" -include V3PchAstNoMT.h -c ../V3OrderParallel.cpp -o V3OrderParallel.o
[rtl-full/Verilator shard 2/5-3             ]   | g++   -O3 -DVERILATOR_INTERNAL_ -MMD -I. -I.. -I.. -I../../include -I../../include -MP  -Wno-shadow -Wno-unused-parameter -faligned-new -fno-exceptions -DDEFENV_SYSTEMC=\"\" -DDEFENV_SYSTEMC_ARCH=\"\" -DDEFENV_SYSTEMC_INCLUDE=\"\" -DDEFENV_SYSTEMC_LIBDIR=\"\" -DDEFENV_VERILATOR_ROOT=\"/opt/verilator/share/verilator\" -include V3PchAstNoMT.h -c ../V3OrderMoveGraph.cpp -o V3OrderMoveGraph.o
[rtl-full/Verilator shard 1/5-2             ]   | g++   -O3 -DVERILATOR_INTERNAL_ -MMD -I. -I.. -I.. -I../../include -I../../include -MP  -Wno-shadow -Wno-unused-parameter -faligned-new -fno-exceptions -DDEFENV_SYSTEMC=\"\" -DDEFENV_SYSTEMC_ARCH=\"\" -DDEFENV_SYSTEMC_INCLUDE=\"\" -DDEFENV_SYSTEMC_LIBDIR=\"\" -DDEFENV_VERILATOR_ROOT=\"/opt/verilator/share/verilator\" -include V3PchAstNoMT.h -c ../V3SchedUtil.cpp -o V3SchedUtil.o
[rtl-full/Verilator shard 3/5-4             ]   | g++   -O3 -DVERILATOR_INTERNAL_ -MMD -I. -I.. -I.. -I../../include -I../../include -MP  -Wno-shadow -Wno-unused-parameter -faligned-new -fno-exceptions -DDEFENV_SYSTEMC=\"\" -DDEFENV_SYSTEMC_ARCH=\"\" -DDEFENV_SYSTEMC_INCLUDE=\"\" -DDEFENV_SYSTEMC_LIBDIR=\"\" -DDEFENV_VERILATOR_ROOT=\"/opt/verilator/share/verilator\" -include V3PchAstNoMT.h -c ../V3Table.cpp -o V3Table.o
[rtl-full/Verilator shard 2/5-3             ]   | g++   -Og -ggdb -gz -DVL_DEBUG -D_GLIBCXX_DEBUG -DVERILATOR_INTERNAL_ -MMD -I. -I.. -I.. -I../../include -I../../include -MP  -Wno-shadow -Wno-unused-parameter -faligned-new -fno-exceptions -DDEFENV_SYSTEMC=\"\" -DDEFENV_SYSTEMC_ARCH=\"\" -DDEFENV_SYSTEMC_INCLUDE=\"\" -DDEFENV_SYSTEMC_LIBDIR=\"\" -DDEFENV_VERILATOR_ROOT=\"/opt/verilator/share/verilator\" -include V3PchAstNoMT.h -c ../V3Task.cpp -o V3Task.o
[rtl-full/Verilator shard 0/5-1             ]   | g++   -Og -ggdb -gz -DVL_DEBUG -D_GLIBCXX_DEBUG -DVERILATOR_INTERNAL_ -MMD -I. -I.. -I.. -I../../include -I../../include -MP  -Wno-shadow -Wno-unused-parameter -faligned-new -fno-exceptions -DDEFENV_SYSTEMC=\"\" -DDEFENV_SYSTEMC_ARCH=\"\" -DDEFENV_SYSTEMC_INCLUDE=\"\" -DDEFENV_SYSTEMC_LIBDIR=\"\" -DDEFENV_VERILATOR_ROOT=\"/opt/verilator/share/verilator\" -include V3PchAstNoMT.h -c ../V3OrderProcessDomains.cpp -o V3OrderProcessDomains.o
[rtl-full/Verilator shard 3/5-4             ]   | g++   -Og -ggdb -gz -DVL_DEBUG -D_GLIBCXX_DEBUG -DVERILATOR_INTERNAL_ -MMD -I. -I.. -I.. -I../../include -I../../include -MP  -Wno-shadow -Wno-unused-parameter -faligned-new -fno-exceptions -DDEFENV_SYSTEMC=\"\" -DDEFENV_SYSTEMC_ARCH=\"\" -DDEFENV_SYSTEMC_INCLUDE=\"\" -DDEFENV_SYSTEMC_LIBDIR=\"\" -DDEFENV_VERILATOR_ROOT=\"/opt/verilator/share/verilator\" -include V3PchAstNoMT.h -c ../V3RandSequence.cpp -o V3RandSequence.o
[rtl-full/Verilator shard 0/5-1             ]   | g++   -Og -ggdb -gz -DVL_DEBUG -D_GLIBCXX_DEBUG -DVERILATOR_INTERNAL_ -MMD -I. -I.. -I.. -I../../include -I../../include -MP  -Wno-shadow -Wno-unused-parameter -faligned-new -fno-exceptions -DDEFENV_SYSTEMC=\"\" -DDEFENV_SYSTEMC_ARCH=\"\" -DDEFENV_SYSTEMC_INCLUDE=\"\" -DDEFENV_SYSTEMC_LIBDIR=\"\" -DDEFENV_VERILATOR_ROOT=\"/opt/verilator/share/verilator\" -include V3PchAstNoMT.h -c ../V3OrderSerial.cpp -o V3OrderSerial.o
[rtl-full/Verilator shard 2/5-3             ]   | g++   -O3 -DVERILATOR_INTERNAL_ -MMD -I. -I.. -I.. -I../../include -I../../include -MP  -Wno-shadow -Wno-unused-parameter -faligned-new -fno-exceptions -DDEFENV_SYSTEMC=\"\" -DDEFENV_SYSTEMC_ARCH=\"\" -DDEFENV_SYSTEMC_INCLUDE=\"\" -DDEFENV_SYSTEMC_LIBDIR=\"\" -DDEFENV_VERILATOR_ROOT=\"/opt/verilator/share/verilator\" -include V3PchAstNoMT.h -c ../V3OrderParallel.cpp -o V3OrderParallel.o
[rtl-full/Verilator shard 1/5-2             ]   | g++   -O3 -DVERILATOR_INTERNAL_ -MMD -I. -I.. -I.. -I../../include -I../../include -MP  -Wno-shadow -Wno-unused-parameter -faligned-new -fno-exceptions -DDEFENV_SYSTEMC=\"\" -DDEFENV_SYSTEMC_ARCH=\"\" -DDEFENV_SYSTEMC_INCLUDE=\"\" -DDEFENV_SYSTEMC_LIBDIR=\"\" -DDEFENV_VERILATOR_ROOT=\"/opt/verilator/share/verilator\" -include V3PchAstNoMT.h -c ../V3SchedVirtIface.cpp -o V3SchedVirtIface.o
[rtl-full/Verilator shard 2/5-3             ]   | g++   -O3 -DVERILATOR_INTERNAL_ -MMD -I. -I.. -I.. -I../../include -I../../include -MP  -Wno-shadow -Wno-unused-parameter -faligned-new -fno-exceptions -DDEFENV_SYSTEMC=\"\" -DDEFENV_SYSTEMC_ARCH=\"\" -DDEFENV_SYSTEMC_INCLUDE=\"\" -DDEFENV_SYSTEMC_LIBDIR=\"\" -DDEFENV_VERILATOR_ROOT=\"/opt/verilator/share/verilator\" -include V3PchAstNoMT.h -c ../V3OrderProcessDomains.cpp -o V3OrderProcessDomains.o
[rtl-full/Verilator shard 1/5-2             ]   | g++   -Og -ggdb -gz -DVL_DEBUG -D_GLIBCXX_DEBUG -DVERILATOR_INTERNAL_ -MMD -I. -I.. -I.. -I../../include -I../../include -MP  -Wno-shadow -Wno-unused-parameter -faligned-new -fno-exceptions -DDEFENV_SYSTEMC=\"\" -DDEFENV_SYSTEMC_ARCH=\"\" -DDEFENV_SYSTEMC_INCLUDE=\"\" -DDEFENV_SYSTEMC_LIBDIR=\"\" -DDEFENV_VERILATOR_ROOT=\"/opt/verilator/share/verilator\" -include V3PchAstNoMT.h -c ../V3ProtectLib.cpp -o V3ProtectLib.o
[rtl-full/Verilator shard 3/5-4             ]   | g++   -O3 -DVERILATOR_INTERNAL_ -MMD -I. -I.. -I.. -I../../include -I../../include -MP  -Wno-shadow -Wno-unused-parameter -faligned-new -fno-exceptions -DDEFENV_SYSTEMC=\"\" -DDEFENV_SYSTEMC_ARCH=\"\" -DDEFENV_SYSTEMC_INCLUDE=\"\" -DDEFENV_SYSTEMC_LIBDIR=\"\" -DDEFENV_VERILATOR_ROOT=\"/opt/verilator/share/verilator\" -include V3PchAstNoMT.h -c ../V3Task.cpp -o V3Task.o
[rtl-full/Verilator shard 1/5-2             ]   | g++   -O3 -DVERILATOR_INTERNAL_ -MMD -I. -I.. -I.. -I../../include -I../../include -MP  -Wno-shadow -Wno-unused-parameter -faligned-new -fno-exceptions -DDEFENV_SYSTEMC=\"\" -DDEFENV_SYSTEMC_ARCH=\"\" -DDEFENV_SYSTEMC_INCLUDE=\"\" -DDEFENV_SYSTEMC_LIBDIR=\"\" -DDEFENV_VERILATOR_ROOT=\"/opt/verilator/share/verilator\" -include V3PchAstNoMT.h -c ../V3Scope.cpp -o V3Scope.o
[rtl-full/Verilator shard 0/5-1             ]   | g++   -Og -ggdb -gz -DVL_DEBUG -D_GLIBCXX_DEBUG -DVERILATOR_INTERNAL_ -MMD -I. -I.. -I.. -I../../include -I../../include -MP  -Wno-shadow -Wno-unused-parameter -faligned-new -fno-exceptions -DDEFENV_SYSTEMC=\"\" -DDEFENV_SYSTEMC_ARCH=\"\" -DDEFENV_SYSTEMC_INCLUDE=\"\" -DDEFENV_SYSTEMC_LIBDIR=\"\" -DDEFENV_VERILATOR_ROOT=\"/opt/verilator/share/verilator\" -include V3PchAstNoMT.h -c ../V3Param.cpp -o V3Param.o
[rtl-full/Verilator shard 2/5-3             ]   | g++   -Og -ggdb -gz -DVL_DEBUG -D_GLIBCXX_DEBUG -DVERILATOR_INTERNAL_ -MMD -I. -I.. -I.. -I../../include -I../../include -MP  -Wno-shadow -Wno-unused-parameter -faligned-new -fno-exceptions -DDEFENV_SYSTEMC=\"\" -DDEFENV_SYSTEMC_ARCH=\"\" -DDEFENV_SYSTEMC_INCLUDE=\"\" -DDEFENV_SYSTEMC_LIBDIR=\"\" -DDEFENV_VERILATOR_ROOT=\"/opt/verilator/share/verilator\" -include V3PchAstNoMT.h -c ../V3Timing.cpp -o V3Timing.o
[rtl-full/Verilator shard 1/5-2             ]   | g++   -Og -ggdb -gz -DVL_DEBUG -D_GLIBCXX_DEBUG -DVERILATOR_INTERNAL_ -MMD -I. -I.. -I.. -I../../include -I../../include -MP  -Wno-shadow -Wno-unused-parameter -faligned-new -fno-exceptions -DDEFENV_SYSTEMC=\"\" -DDEFENV_SYSTEMC_ARCH=\"\" -DDEFENV_SYSTEMC_INCLUDE=\"\" -DDEFENV_SYSTEMC_LIBDIR=\"\" -DDEFENV_VERILATOR_ROOT=\"/opt/verilator/share/verilator\" -include V3PchAstNoMT.h -c ../V3RandSequence.cpp -o V3RandSequence.o
[rtl-full/Verilator shard 1/5-2             ]   | g++   -O3 -DVERILATOR_INTERNAL_ -MMD -I. -I.. -I.. -I../../include -I../../include -MP  -Wno-shadow -Wno-unused-parameter -faligned-new -fno-exceptions -DDEFENV_SYSTEMC=\"\" -DDEFENV_SYSTEMC_ARCH=\"\" -DDEFENV_SYSTEMC_INCLUDE=\"\" -DDEFENV_SYSTEMC_LIBDIR=\"\" -DDEFENV_VERILATOR_ROOT=\"/opt/verilator/share/verilator\" -include V3PchAstNoMT.h -c ../V3Scoreboard.cpp -o V3Scoreboard.o
[rtl-full/Verilator shard 0/5-1             ]   | g++   -Og -ggdb -gz -DVL_DEBUG -D_GLIBCXX_DEBUG -DVERILATOR_INTERNAL_ -MMD -I. -I.. -I.. -I../../include -I../../include -MP  -Wno-shadow -Wno-unused-parameter -faligned-new -fno-exceptions -DDEFENV_SYSTEMC=\"\" -DDEFENV_SYSTEMC_ARCH=\"\" -DDEFENV_SYSTEMC_INCLUDE=\"\" -DDEFENV_SYSTEMC_LIBDIR=\"\" -DDEFENV_VERILATOR_ROOT=\"/opt/verilator/share/verilator\" -include V3PchAstNoMT.h -c ../V3PatternStats.cpp -o V3PatternStats.o
[rtl-full/Verilator shard 0/5-1             ]   | g++   -O3 -DVERILATOR_INTERNAL_ -MMD -I. -I.. -I.. -I../../include -I../../include -MP  -Wno-shadow -Wno-unused-parameter -faligned-new -fno-exceptions -DDEFENV_SYSTEMC=\"\" -DDEFENV_SYSTEMC_ARCH=\"\" -DDEFENV_SYSTEMC_INCLUDE=\"\" -DDEFENV_SYSTEMC_LIBDIR=\"\" -DDEFENV_VERILATOR_ROOT=\"/opt/verilator/share/verilator\" -include V3PchAstNoMT.h -c ../V3Trace.cpp -o V3Trace.o
[rtl-full/Verilator shard 1/5-2             ]   | g++   -O3 -DVERILATOR_INTERNAL_ -MMD -I. -I.. -I.. -I../../include -I../../include -MP  -Wno-shadow -Wno-unused-parameter -faligned-new -fno-exceptions -DDEFENV_SYSTEMC=\"\" -DDEFENV_SYSTEMC_ARCH=\"\" -DDEFENV_SYSTEMC_INCLUDE=\"\" -DDEFENV_SYSTEMC_LIBDIR=\"\" -DDEFENV_VERILATOR_ROOT=\"/opt/verilator/share/verilator\" -include V3PchAstNoMT.h -c ../V3Slice.cpp -o V3Slice.o
[rtl-full/Verilator shard 2/5-3             ]   | g++   -O3 -DVERILATOR_INTERNAL_ -MMD -I. -I.. -I.. -I../../include -I../../include -MP  -Wno-shadow -Wno-unused-parameter -faligned-new -fno-exceptions -DDEFENV_SYSTEMC=\"\" -DDEFENV_SYSTEMC_ARCH=\"\" -DDEFENV_SYSTEMC_INCLUDE=\"\" -DDEFENV_SYSTEMC_LIBDIR=\"\" -DDEFENV_VERILATOR_ROOT=\"/opt/verilator/share/verilator\" -include V3PchAstNoMT.h -c ../V3OrderSerial.cpp -o V3OrderSerial.o
[rtl-full/Verilator shard 3/5-4             ]   | g++   -O3 -DVERILATOR_INTERNAL_ -MMD -I. -I.. -I.. -I../../include -I../../include -MP  -Wno-shadow -Wno-unused-parameter -faligned-new -fno-exceptions -DDEFENV_SYSTEMC=\"\" -DDEFENV_SYSTEMC_ARCH=\"\" -DDEFENV_SYSTEMC_INCLUDE=\"\" -DDEFENV_SYSTEMC_LIBDIR=\"\" -DDEFENV_VERILATOR_ROOT=\"/opt/verilator/share/verilator\" -include V3PchAstNoMT.h -c ../V3Timing.cpp -o V3Timing.o
[rtl-full/Verilator shard 1/5-2             ]   | g++   -O3 -DVERILATOR_INTERNAL_ -MMD -I. -I.. -I.. -I../../include -I../../include -MP  -Wno-shadow -Wno-unused-parameter -faligned-new -fno-exceptions -DDEFENV_SYSTEMC=\"\" -DDEFENV_SYSTEMC_ARCH=\"\" -DDEFENV_SYSTEMC_INCLUDE=\"\" -DDEFENV_SYSTEMC_LIBDIR=\"\" -DDEFENV_VERILATOR_ROOT=\"/opt/verilator/share/verilator\" -include V3PchAstNoMT.h -c ../V3Split.cpp -o V3Split.o
[rtl-full/Verilator shard 3/5-4             ]   | g++   -Og -ggdb -gz -DVL_DEBUG -D_GLIBCXX_DEBUG -DVERILATOR_INTERNAL_ -MMD -I. -I.. -I.. -I../../include -I../../include -MP  -Wno-shadow -Wno-unused-parameter -faligned-new -fno-exceptions -DDEFENV_SYSTEMC=\"\" -DDEFENV_SYSTEMC_ARCH=\"\" -DDEFENV_SYSTEMC_INCLUDE=\"\" -DDEFENV_SYSTEMC_LIBDIR=\"\" -DDEFENV_VERILATOR_ROOT=\"/opt/verilator/share/verilator\" -include V3PchAstNoMT.h -c ../V3Randomize.cpp -o V3Randomize.o
[rtl-full/Verilator shard 1/5-2             ]   | g++   -O3 -DVERILATOR_INTERNAL_ -MMD -I. -I.. -I.. -I../../include -I../../include -MP  -Wno-shadow -Wno-unused-parameter -faligned-new -fno-exceptions -DDEFENV_SYSTEMC=\"\" -DDEFENV_SYSTEMC_ARCH=\"\" -DDEFENV_SYSTEMC_INCLUDE=\"\" -DDEFENV_SYSTEMC_LIBDIR=\"\" -DDEFENV_VERILATOR_ROOT=\"/opt/verilator/share/verilator\" -include V3PchAstNoMT.h -c ../V3SplitVar.cpp -o V3SplitVar.o
[rtl-full/Verilator shard 1/5-2             ]   | g++   -O3 -DVERILATOR_INTERNAL_ -MMD -I. -I.. -I.. -I../../include -I../../include -MP  -Wno-shadow -Wno-unused-parameter -faligned-new -fno-exceptions -DDEFENV_SYSTEMC=\"\" -DDEFENV_SYSTEMC_ARCH=\"\" -DDEFENV_SYSTEMC_INCLUDE=\"\" -DDEFENV_SYSTEMC_LIBDIR=\"\" -DDEFENV_VERILATOR_ROOT=\"/opt/verilator/share/verilator\" -include V3PchAstNoMT.h -c ../V3StackCount.cpp -o V3StackCount.o
[rtl-full/Verilator shard 0/5-1             ]   | g++   -Og -ggdb -gz -DVL_DEBUG -D_GLIBCXX_DEBUG -DVERILATOR_INTERNAL_ -MMD -I. -I.. -I.. -I../../include -I../../include -MP  -Wno-shadow -Wno-unused-parameter -faligned-new -fno-exceptions -DDEFENV_SYSTEMC=\"\" -DDEFENV_SYSTEMC_ARCH=\"\" -DDEFENV_SYSTEMC_INCLUDE=\"\" -DDEFENV_SYSTEMC_LIBDIR=\"\" -DDEFENV_VERILATOR_ROOT=\"/opt/verilator/share/verilator\" -include V3PchAstNoMT.h -c ../V3Premit.cpp -o V3Premit.o
[rtl-full/Verilator shard 2/5-3             ]   | g++   -O3 -DVERILATOR_INTERNAL_ -MMD -I. -I.. -I.. -I../../include -I../../include -MP  -Wno-shadow -Wno-unused-parameter -faligned-new -fno-exceptions -DDEFENV_SYSTEMC=\"\" -DDEFENV_SYSTEMC_ARCH=\"\" -DDEFENV_SYSTEMC_INCLUDE=\"\" -DDEFENV_SYSTEMC_LIBDIR=\"\" -DDEFENV_VERILATOR_ROOT=\"/opt/verilator/share/verilator\" -include V3PchAstNoMT.h -c ../V3Param.cpp -o V3Param.o
[rtl-full/Verilator shard 0/5-1             ]   | g++   -Og -ggdb -gz -DVL_DEBUG -D_GLIBCXX_DEBUG -DVERILATOR_INTERNAL_ -MMD -I. -I.. -I.. -I../../include -I../../include -MP  -Wno-shadow -Wno-unused-parameter -faligned-new -fno-exceptions -DDEFENV_SYSTEMC=\"\" -DDEFENV_SYSTEMC_ARCH=\"\" -DDEFENV_SYSTEMC_INCLUDE=\"\" -DDEFENV_SYSTEMC_LIBDIR=\"\" -DDEFENV_VERILATOR_ROOT=\"/opt/verilator/share/verilator\" -include V3PchAstNoMT.h -c ../V3ProtectLib.cpp -o V3ProtectLib.o
[rtl-full/Verilator shard 1/5-2             ]   | g++   -O3 -DVERILATOR_INTERNAL_ -MMD -I. -I.. -I.. -I../../include -I../../include -MP  -Wno-shadow -Wno-unused-parameter -faligned-new -fno-exceptions -DDEFENV_SYSTEMC=\"\" -DDEFENV_SYSTEMC_ARCH=\"\" -DDEFENV_SYSTEMC_INCLUDE=\"\" -DDEFENV_SYSTEMC_LIBDIR=\"\" -DDEFENV_VERILATOR_ROOT=\"/opt/verilator/share/verilator\" -include V3PchAstNoMT.h -c ../V3Subst.cpp -o V3Subst.o
[rtl-full/Verilator shard 1/5-2             ]   | g++   -Og -ggdb -gz -DVL_DEBUG -D_GLIBCXX_DEBUG -DVERILATOR_INTERNAL_ -MMD -I. -I.. -I.. -I../../include -I../../include -MP  -Wno-shadow -Wno-unused-parameter -faligned-new -fno-exceptions -DDEFENV_SYSTEMC=\"\" -DDEFENV_SYSTEMC_ARCH=\"\" -DDEFENV_SYSTEMC_INCLUDE=\"\" -DDEFENV_SYSTEMC_LIBDIR=\"\" -DDEFENV_VERILATOR_ROOT=\"/opt/verilator/share/verilator\" -include V3PchAstNoMT.h -c ../V3Randomize.cpp -o V3Randomize.o
[rtl-full/Verilator shard 1/5-2             ]   | g++   -Og -ggdb -gz -DVL_DEBUG -D_GLIBCXX_DEBUG -DVERILATOR_INTERNAL_ -MMD -I. -I.. -I.. -I../../include -I../../include -MP  -Wno-shadow -Wno-unused-parameter -faligned-new -fno-exceptions -DDEFENV_SYSTEMC=\"\" -DDEFENV_SYSTEMC_ARCH=\"\" -DDEFENV_SYSTEMC_INCLUDE=\"\" -DDEFENV_SYSTEMC_LIBDIR=\"\" -DDEFENV_VERILATOR_ROOT=\"/opt/verilator/share/verilator\" -include V3PchAstNoMT.h -c ../V3Reloop.cpp -o V3Reloop.o
[rtl-full/Verilator shard 0/5-1             ]   | g++   -O3 -DVERILATOR_INTERNAL_ -MMD -I. -I.. -I.. -I../../include -I../../include -MP  -Wno-shadow -Wno-unused-parameter -faligned-new -fno-exceptions -DDEFENV_SYSTEMC=\"\" -DDEFENV_SYSTEMC_ARCH=\"\" -DDEFENV_SYSTEMC_INCLUDE=\"\" -DDEFENV_SYSTEMC_LIBDIR=\"\" -DDEFENV_VERILATOR_ROOT=\"/opt/verilator/share/verilator\" -include V3PchAstNoMT.h -c ../V3TraceDecl.cpp -o V3TraceDecl.o
[rtl-full/Verilator shard 2/5-3             ]   | g++   -Og -ggdb -gz -DVL_DEBUG -D_GLIBCXX_DEBUG -DVERILATOR_INTERNAL_ -MMD -I. -I.. -I.. -I../../include -I../../include -MP  -Wno-shadow -Wno-unused-parameter -faligned-new -fno-exceptions -DDEFENV_SYSTEMC=\"\" -DDEFENV_SYSTEMC_ARCH=\"\" -DDEFENV_SYSTEMC_INCLUDE=\"\" -DDEFENV_SYSTEMC_LIBDIR=\"\" -DDEFENV_VERILATOR_ROOT=\"/opt/verilator/share/verilator\" -include V3PchAstNoMT.h -c ../V3Trace.cpp -o V3Trace.o
[rtl-full/Verilator shard 0/5-1             ]   | g++   -O3 -DVERILATOR_INTERNAL_ -MMD -I. -I.. -I.. -I../../include -I../../include -MP  -Wno-shadow -Wno-unused-parameter -faligned-new -fno-exceptions -DDEFENV_SYSTEMC=\"\" -DDEFENV_SYSTEMC_ARCH=\"\" -DDEFENV_SYSTEMC_INCLUDE=\"\" -DDEFENV_SYSTEMC_LIBDIR=\"\" -DDEFENV_VERILATOR_ROOT=\"/opt/verilator/share/verilator\" -include V3PchAstNoMT.h -c ../V3Tristate.cpp -o V3Tristate.o
[rtl-full/Verilator shard 0/5-1             ]   | g++   -Og -ggdb -gz -DVL_DEBUG -D_GLIBCXX_DEBUG -DVERILATOR_INTERNAL_ -MMD -I. -I.. -I.. -I../../include -I../../include -MP  -Wno-shadow -Wno-unused-parameter -faligned-new -fno-exceptions -DDEFENV_SYSTEMC=\"\" -DDEFENV_SYSTEMC_ARCH=\"\" -DDEFENV_SYSTEMC_INCLUDE=\"\" -DDEFENV_SYSTEMC_LIBDIR=\"\" -DDEFENV_VERILATOR_ROOT=\"/opt/verilator/share/verilator\" -include V3PchAstNoMT.h -c ../V3RandSequence.cpp -o V3RandSequence.o
[rtl-full/Verilator shard 3/5-4             ]   | g++   -O3 -DVERILATOR_INTERNAL_ -MMD -I. -I.. -I.. -I../../include -I../../include -MP  -Wno-shadow -Wno-unused-parameter -faligned-new -fno-exceptions -DDEFENV_SYSTEMC=\"\" -DDEFENV_SYSTEMC_ARCH=\"\" -DDEFENV_SYSTEMC_INCLUDE=\"\" -DDEFENV_SYSTEMC_LIBDIR=\"\" -DDEFENV_VERILATOR_ROOT=\"/opt/verilator/share/verilator\" -include V3PchAstNoMT.h -c ../V3Trace.cpp -o V3Trace.o
[rtl-full/Verilator shard 2/5-3             ]   | g++   -O3 -DVERILATOR_INTERNAL_ -MMD -I. -I.. -I.. -I../../include -I../../include -MP  -Wno-shadow -Wno-unused-parameter -faligned-new -fno-exceptions -DDEFENV_SYSTEMC=\"\" -DDEFENV_SYSTEMC_ARCH=\"\" -DDEFENV_SYSTEMC_INCLUDE=\"\" -DDEFENV_SYSTEMC_LIBDIR=\"\" -DDEFENV_VERILATOR_ROOT=\"/opt/verilator/share/verilator\" -include V3PchAstNoMT.h -c ../V3PatternStats.cpp -o V3PatternStats.o
[rtl-full/Verilator shard 1/5-2             ]   | g++   -O3 -DVERILATOR_INTERNAL_ -MMD -I. -I.. -I.. -I../../include -I../../include -MP  -Wno-shadow -Wno-unused-parameter -faligned-new -fno-exceptions -DDEFENV_SYSTEMC=\"\" -DDEFENV_SYSTEMC_ARCH=\"\" -DDEFENV_SYSTEMC_INCLUDE=\"\" -DDEFENV_SYSTEMC_LIBDIR=\"\" -DDEFENV_VERILATOR_ROOT=\"/opt/verilator/share/verilator\" -include V3PchAstNoMT.h -c ../V3Table.cpp -o V3Table.o
[rtl-full/Verilator shard 3/5-4             ]   | g++   -Og -ggdb -gz -DVL_DEBUG -D_GLIBCXX_DEBUG -DVERILATOR_INTERNAL_ -MMD -I. -I.. -I.. -I../../include -I../../include -MP  -Wno-shadow -Wno-unused-parameter -faligned-new -fno-exceptions -DDEFENV_SYSTEMC=\"\" -DDEFENV_SYSTEMC_ARCH=\"\" -DDEFENV_SYSTEMC_INCLUDE=\"\" -DDEFENV_SYSTEMC_LIBDIR=\"\" -DDEFENV_VERILATOR_ROOT=\"/opt/verilator/share/verilator\" -include V3PchAstNoMT.h -c ../V3Reloop.cpp -o V3Reloop.o
[rtl-full/Verilator shard 1/5-2             ]   | g++   -Og -ggdb -gz -DVL_DEBUG -D_GLIBCXX_DEBUG -DVERILATOR_INTERNAL_ -MMD -I. -I.. -I.. -I../../include -I../../include -MP  -Wno-shadow -Wno-unused-parameter -faligned-new -fno-exceptions -DDEFENV_SYSTEMC=\"\" -DDEFENV_SYSTEMC_ARCH=\"\" -DDEFENV_SYSTEMC_INCLUDE=\"\" -DDEFENV_SYSTEMC_LIBDIR=\"\" -DDEFENV_VERILATOR_ROOT=\"/opt/verilator/share/verilator\" -include V3PchAstNoMT.h -c ../V3Reorder.cpp -o V3Reorder.o
[rtl-full/Verilator shard 3/5-4             ]   | g++   -O3 -DVERILATOR_INTERNAL_ -MMD -I. -I.. -I.. -I../../include -I../../include -MP  -Wno-shadow -Wno-unused-parameter -faligned-new -fno-exceptions -DDEFENV_SYSTEMC=\"\" -DDEFENV_SYSTEMC_ARCH=\"\" -DDEFENV_SYSTEMC_INCLUDE=\"\" -DDEFENV_SYSTEMC_LIBDIR=\"\" -DDEFENV_VERILATOR_ROOT=\"/opt/verilator/share/verilator\" -include V3PchAstNoMT.h -c ../V3TraceDecl.cpp -o V3TraceDecl.o
[rtl-full/Verilator shard 2/5-3             ]   | g++   -Og -ggdb -gz -DVL_DEBUG -D_GLIBCXX_DEBUG -DVERILATOR_INTERNAL_ -MMD -I. -I.. -I.. -I../../include -I../../include -MP  -Wno-shadow -Wno-unused-parameter -faligned-new -fno-exceptions -DDEFENV_SYSTEMC=\"\" -DDEFENV_SYSTEMC_ARCH=\"\" -DDEFENV_SYSTEMC_INCLUDE=\"\" -DDEFENV_SYSTEMC_LIBDIR=\"\" -DDEFENV_VERILATOR_ROOT=\"/opt/verilator/share/verilator\" -include V3PchAstNoMT.h -c ../V3TraceDecl.cpp -o V3TraceDecl.o
[rtl-full/Verilator shard 1/5-2             ]   | g++   -O3 -DVERILATOR_INTERNAL_ -MMD -I. -I.. -I.. -I../../include -I../../include -MP  -Wno-shadow -Wno-unused-parameter -faligned-new -fno-exceptions -DDEFENV_SYSTEMC=\"\" -DDEFENV_SYSTEMC_ARCH=\"\" -DDEFENV_SYSTEMC_INCLUDE=\"\" -DDEFENV_SYSTEMC_LIBDIR=\"\" -DDEFENV_VERILATOR_ROOT=\"/opt/verilator/share/verilator\" -include V3PchAstNoMT.h -c ../V3Task.cpp -o V3Task.o
[rtl-full/Verilator shard 3/5-4             ]   | g++   -Og -ggdb -gz -DVL_DEBUG -D_GLIBCXX_DEBUG -DVERILATOR_INTERNAL_ -MMD -I. -I.. -I.. -I../../include -I../../include -MP  -Wno-shadow -Wno-unused-parameter -faligned-new -fno-exceptions -DDEFENV_SYSTEMC=\"\" -DDEFENV_SYSTEMC_ARCH=\"\" -DDEFENV_SYSTEMC_INCLUDE=\"\" -DDEFENV_SYSTEMC_LIBDIR=\"\" -DDEFENV_VERILATOR_ROOT=\"/opt/verilator/share/verilator\" -include V3PchAstNoMT.h -c ../V3Reorder.cpp -o V3Reorder.o
[rtl-full/Verilator shard 2/5-3             ]   | g++   -O3 -DVERILATOR_INTERNAL_ -MMD -I. -I.. -I.. -I../../include -I../../include -MP  -Wno-shadow -Wno-unused-parameter -faligned-new -fno-exceptions -DDEFENV_SYSTEMC=\"\" -DDEFENV_SYSTEMC_ARCH=\"\" -DDEFENV_SYSTEMC_INCLUDE=\"\" -DDEFENV_SYSTEMC_LIBDIR=\"\" -DDEFENV_VERILATOR_ROOT=\"/opt/verilator/share/verilator\" -include V3PchAstNoMT.h -c ../V3Premit.cpp -o V3Premit.o
[rtl-full/Verilator shard 0/5-1             ]   | g++   -O3 -DVERILATOR_INTERNAL_ -MMD -I. -I.. -I.. -I../../include -I../../include -MP  -Wno-shadow -Wno-unused-parameter -faligned-new -fno-exceptions -DDEFENV_SYSTEMC=\"\" -DDEFENV_SYSTEMC_ARCH=\"\" -DDEFENV_SYSTEMC_INCLUDE=\"\" -DDEFENV_SYSTEMC_LIBDIR=\"\" -DDEFENV_VERILATOR_ROOT=\"/opt/verilator/share/verilator\" -include V3PchAstNoMT.h -c ../V3Udp.cpp -o V3Udp.o
[rtl-full/Verilator shard 1/5-2             ] Reevaluate condition ${{ steps.cache-verilator.outputs.cache-hit != 'true' }} due to cancellation
[rtl-full/Verilator shard 2/5-3             ] Reevaluate condition ${{ steps.cache-verilator.outputs.cache-hit != 'true' }} due to cancellation
[rtl-full/Verilator shard 0/5-1             ] Reevaluate condition ${{ steps.cache-verilator.outputs.cache-hit != 'true' }} due to cancellation
[rtl-full/Verilator shard 3/5-4             ] Reevaluate condition ${{ steps.cache-verilator.outputs.cache-hit != 'true' }} due to cancellation
[rtl-full/Verilator shard 1/5-2             ] Result condition keepStepRunning=false
[rtl-full/Verilator shard 1/5-2             ]   ❌  Failure - Main Build Verilator from source on cache miss [13m2.652042408s]
[rtl-full/Verilator shard 0/5-1             ] Result condition keepStepRunning=false
[rtl-full/Verilator shard 0/5-1             ]   ❌  Failure - Main Build Verilator from source on cache miss [13m2.396772007s]
[rtl-full/Verilator shard 2/5-3             ] Result condition keepStepRunning=false
[rtl-full/Verilator shard 2/5-3             ]   ❌  Failure - Main Build Verilator from source on cache miss [13m2.281340224s]
[rtl-full/Verilator shard 3/5-4             ] Result condition keepStepRunning=false
[rtl-full/Verilator shard 3/5-4             ]   ❌  Failure - Main Build Verilator from source on cache miss [13m2.503217416s]
[rtl-full/Verilator shard 0/5-1             ] context canceled
[rtl-full/Verilator shard 3/5-4             ] context canceled
[rtl-full/Verilator shard 1/5-2             ] context canceled
[rtl-full/Verilator shard 2/5-3             ] context canceled
[rtl-full/Verilator shard 2/5-3             ] ⭐ Run Main Upload this shard's suite logs
[rtl-full/Verilator shard 3/5-4             ] ⭐ Run Main Upload this shard's suite logs
[rtl-full/Verilator shard 2/5-3             ]   🐳  docker cp src=/tmp/milan-act-ci-26939fb06f5e20c9eea874e4d5523579/state/6af65a151663e1301f1983a6c9d22650a0b35da9/actions/actions-upload-artifact@v4/ dst=/var/run/act/actions/actions-upload-artifact@v4/
[rtl-full/Verilator shard 0/5-1             ] ⭐ Run Main Upload this shard's suite logs
[rtl-full/Verilator shard 1/5-2             ] ⭐ Run Main Upload this shard's suite logs
[rtl-full/Verilator shard 3/5-4             ]   🐳  docker cp src=/tmp/milan-act-ci-26939fb06f5e20c9eea874e4d5523579/state/6af65a151663e1301f1983a6c9d22650a0b35da9/actions/actions-upload-artifact@v4/ dst=/var/run/act/actions/actions-upload-artifact@v4/
[rtl-full/Verilator shard 1/5-2             ]   🐳  docker cp src=/tmp/milan-act-ci-26939fb06f5e20c9eea874e4d5523579/state/6af65a151663e1301f1983a6c9d22650a0b35da9/actions/actions-upload-artifact@v4/ dst=/var/run/act/actions/actions-upload-artifact@v4/
[rtl-full/Verilator shard 0/5-1             ]   🐳  docker cp src=/tmp/milan-act-ci-26939fb06f5e20c9eea874e4d5523579/state/6af65a151663e1301f1983a6c9d22650a0b35da9/actions/actions-upload-artifact@v4/ dst=/var/run/act/actions/actions-upload-artifact@v4/
[rtl-full/Verilator shard 2/5-3             ]   🐳  docker exec cmd=[chown -R 1001:1001 /var/run/act/actions/actions-upload-artifact@v4/] user=0 workdir=
[rtl-full/Verilator shard 3/5-4             ]   🐳  docker exec cmd=[chown -R 1001:1001 /var/run/act/actions/actions-upload-artifact@v4/] user=0 workdir=
[rtl-full/Verilator shard 0/5-1             ]   🐳  docker exec cmd=[chown -R 1001:1001 /var/run/act/actions/actions-upload-artifact@v4/] user=0 workdir=
[rtl-full/Verilator shard 1/5-2             ]   🐳  docker exec cmd=[chown -R 1001:1001 /var/run/act/actions/actions-upload-artifact@v4/] user=0 workdir=
[rtl-full/Verilator shard 2/5-3             ]   🐳  docker exec cmd=[/usr/local/bin/node /var/run/act/actions/actions-upload-artifact@v4/dist/upload/index.js] user= workdir=
[rtl-full/Verilator shard 3/5-4             ]   🐳  docker exec cmd=[/usr/local/bin/node /var/run/act/actions/actions-upload-artifact@v4/dist/upload/index.js] user= workdir=
[rtl-full/Verilator shard 0/5-1             ]   🐳  docker exec cmd=[/usr/local/bin/node /var/run/act/actions/actions-upload-artifact@v4/dist/upload/index.js] user= workdir=
[rtl-full/Verilator shard 1/5-2             ]   🐳  docker exec cmd=[/usr/local/bin/node /var/run/act/actions/actions-upload-artifact@v4/dist/upload/index.js] user= workdir=
[rtl-full/Verilator shard 2/5-3             ]   | (node:4404) [DEP0040] DeprecationWarning: The `punycode` module is deprecated. Please use a userland alternative instead.
[rtl-full/Verilator shard 2/5-3             ]   | (Use `node --trace-deprecation ...` to show where the warning was created)
[rtl-full/Verilator shard 2/5-3             ]   | With the provided path, there will be 1 file uploaded
[rtl-full/Verilator shard 2/5-3             ]   | Artifact name is valid!
[rtl-full/Verilator shard 2/5-3             ]   | Root directory input is valid!
[rtl-full/Verilator shard 2/5-3             ]   | Beginning upload of artifact content to blob storage
[rtl-full/Verilator shard 3/5-4             ]   | (node:4420) [DEP0040] DeprecationWarning: The `punycode` module is deprecated. Please use a userland alternative instead.
[rtl-full/Verilator shard 3/5-4             ]   | (Use `node --trace-deprecation ...` to show where the warning was created)
[rtl-full/Verilator shard 3/5-4             ]   | With the provided path, there will be 1 file uploaded
[rtl-full/Verilator shard 3/5-4             ]   | Artifact name is valid!
[rtl-full/Verilator shard 3/5-4             ]   | Root directory input is valid!
[rtl-full/Verilator shard 2/5-3             ]   | Uploaded bytes 175
[rtl-full/Verilator shard 2/5-3             ]   | Finished uploading artifact content to blob storage!
[rtl-full/Verilator shard 2/5-3             ]   | SHA256 digest of uploaded artifact zip is 3f7d4e07cca3faed1ab7f7529ea230322e5089d704a77b0759553714e393fa94
[rtl-full/Verilator shard 2/5-3             ]   | Finalizing artifact upload
[rtl-full/Verilator shard 2/5-3             ]   | Artifact suite-logs-2.zip successfully finalized. Artifact ID 887368902
[rtl-full/Verilator shard 2/5-3             ]   | Artifact suite-logs-2 has been successfully uploaded! Final size is 175 bytes. Artifact ID is 887368902
[rtl-full/Verilator shard 2/5-3             ]   | Artifact download URL: https://github.com/kebag-logic/milan-fpga/actions/runs/1/artifacts/887368902
[rtl-full/Verilator shard 1/5-2             ]   | (node:4412) [DEP0040] DeprecationWarning: The `punycode` module is deprecated. Please use a userland alternative instead.
[rtl-full/Verilator shard 1/5-2             ]   | (Use `node --trace-deprecation ...` to show where the warning was created)
[rtl-full/Verilator shard 3/5-4             ]   | Beginning upload of artifact content to blob storage
[rtl-full/Verilator shard 2/5-3             ]   ✅  Success - Main Upload this shard's suite logs [2.083871242s]
[rtl-full/Verilator shard 2/5-3             ]   ⚙  ::set-output:: artifact-id=887368902
[rtl-full/Verilator shard 2/5-3             ]   ⚙  ::set-output:: artifact-digest=3f7d4e07cca3faed1ab7f7529ea230322e5089d704a77b0759553714e393fa94
[rtl-full/Verilator shard 2/5-3             ]   ⚙  ::set-output:: artifact-url=https://github.com/kebag-logic/milan-fpga/actions/runs/1/artifacts/887368902
[rtl-full/Verilator shard 2/5-3             ] ⭐ Run Complete job
[rtl-full/Verilator shard 2/5-3             ] Cleaning up container for job Verilator shard 2/5
[rtl-full/Verilator shard 1/5-2             ]   | With the provided path, there will be 1 file uploaded
[rtl-full/Verilator shard 1/5-2             ]   | Artifact name is valid!
[rtl-full/Verilator shard 1/5-2             ]   | Root directory input is valid!
[rtl-full/Verilator shard 3/5-4             ]   | Uploaded bytes 175
[rtl-full/Verilator shard 3/5-4             ]   | Finished uploading artifact content to blob storage!
[rtl-full/Verilator shard 3/5-4             ]   | SHA256 digest of uploaded artifact zip is a3a7cad277bf5d34ba502bf788f8362e6fda6eb65a53df662b761048e183b5c8
[rtl-full/Verilator shard 3/5-4             ]   | Finalizing artifact upload
[rtl-full/Verilator shard 3/5-4             ]   | Artifact suite-logs-3.zip successfully finalized. Artifact ID 904146521
[rtl-full/Verilator shard 3/5-4             ]   | Artifact suite-logs-3 has been successfully uploaded! Final size is 175 bytes. Artifact ID is 904146521
[rtl-full/Verilator shard 3/5-4             ]   | Artifact download URL: https://github.com/kebag-logic/milan-fpga/actions/runs/1/artifacts/904146521
[rtl-full/Verilator shard 3/5-4             ]   ✅  Success - Main Upload this shard's suite logs [2.250512126s]
[rtl-full/Verilator shard 3/5-4             ]   ⚙  ::set-output:: artifact-id=904146521
[rtl-full/Verilator shard 3/5-4             ]   ⚙  ::set-output:: artifact-digest=a3a7cad277bf5d34ba502bf788f8362e6fda6eb65a53df662b761048e183b5c8
[rtl-full/Verilator shard 3/5-4             ]   ⚙  ::set-output:: artifact-url=https://github.com/kebag-logic/milan-fpga/actions/runs/1/artifacts/904146521
[rtl-full/Verilator shard 1/5-2             ]   | Beginning upload of artifact content to blob storage
[rtl-full/Verilator shard 3/5-4             ] ⭐ Run Complete job
[rtl-full/Verilator shard 3/5-4             ] Cleaning up container for job Verilator shard 3/5
[rtl-full/Verilator shard 0/5-1             ]   | (node:4416) [DEP0040] DeprecationWarning: The `punycode` module is deprecated. Please use a userland alternative instead.
[rtl-full/Verilator shard 0/5-1             ]   | (Use `node --trace-deprecation ...` to show where the warning was created)
[rtl-full/Verilator shard 0/5-1             ]   | With the provided path, there will be 1 file uploaded
[rtl-full/Verilator shard 0/5-1             ]   | Artifact name is valid!
[rtl-full/Verilator shard 0/5-1             ]   | Root directory input is valid!
[rtl-full/Verilator shard 1/5-2             ]   | Uploaded bytes 175
[rtl-full/Verilator shard 1/5-2             ]   | Finished uploading artifact content to blob storage!
[rtl-full/Verilator shard 1/5-2             ]   | SHA256 digest of uploaded artifact zip is a3a7cad277bf5d34ba502bf788f8362e6fda6eb65a53df662b761048e183b5c8
[rtl-full/Verilator shard 1/5-2             ]   | Finalizing artifact upload
[rtl-full/Verilator shard 1/5-2             ]   | Artifact suite-logs-1.zip successfully finalized. Artifact ID 870591283
[rtl-full/Verilator shard 1/5-2             ]   | Artifact suite-logs-1 has been successfully uploaded! Final size is 175 bytes. Artifact ID is 870591283
[rtl-full/Verilator shard 1/5-2             ]   | Artifact download URL: https://github.com/kebag-logic/milan-fpga/actions/runs/1/artifacts/870591283
[rtl-full/Verilator shard 1/5-2             ]   ✅  Success - Main Upload this shard's suite logs [2.44095011s]
[rtl-full/Verilator shard 0/5-1             ]   | Beginning upload of artifact content to blob storage
[rtl-full/Verilator shard 1/5-2             ]   ⚙  ::set-output:: artifact-id=870591283
[rtl-full/Verilator shard 1/5-2             ]   ⚙  ::set-output:: artifact-digest=a3a7cad277bf5d34ba502bf788f8362e6fda6eb65a53df662b761048e183b5c8
[rtl-full/Verilator shard 1/5-2             ]   ⚙  ::set-output:: artifact-url=https://github.com/kebag-logic/milan-fpga/actions/runs/1/artifacts/870591283
[rtl-full/Verilator shard 1/5-2             ] ⭐ Run Complete job
[rtl-full/Verilator shard 1/5-2             ] Cleaning up container for job Verilator shard 1/5
[rtl-full/Verilator shard 0/5-1             ]   | Uploaded bytes 175
[rtl-full/Verilator shard 0/5-1             ]   | Finished uploading artifact content to blob storage!
[rtl-full/Verilator shard 0/5-1             ]   | SHA256 digest of uploaded artifact zip is 3f7d4e07cca3faed1ab7f7529ea230322e5089d704a77b0759553714e393fa94
[rtl-full/Verilator shard 0/5-1             ]   | Finalizing artifact upload
[rtl-full/Verilator shard 0/5-1             ]   | Artifact suite-logs-0.zip successfully finalized. Artifact ID 853813664
[rtl-full/Verilator shard 0/5-1             ]   | Artifact suite-logs-0 has been successfully uploaded! Final size is 175 bytes. Artifact ID is 853813664
[rtl-full/Verilator shard 0/5-1             ]   | Artifact download URL: https://github.com/kebag-logic/milan-fpga/actions/runs/1/artifacts/853813664
[rtl-full/Verilator shard 0/5-1             ]   ✅  Success - Main Upload this shard's suite logs [2.580927666s]
[rtl-full/Verilator shard 0/5-1             ]   ⚙  ::set-output:: artifact-id=853813664
[rtl-full/Verilator shard 0/5-1             ]   ⚙  ::set-output:: artifact-digest=3f7d4e07cca3faed1ab7f7529ea230322e5089d704a77b0759553714e393fa94
[rtl-full/Verilator shard 0/5-1             ]   ⚙  ::set-output:: artifact-url=https://github.com/kebag-logic/milan-fpga/actions/runs/1/artifacts/853813664
[rtl-full/Verilator shard 0/5-1             ] ⭐ Run Complete job
[rtl-full/Verilator shard 0/5-1             ] Cleaning up container for job Verilator shard 0/5
[rtl-full/Verilator shard 3/5-4             ]   ✅  Success - Complete job
[rtl-full/Verilator shard 3/5-4             ] 🏁  Job failed
[rtl-full/Verilator shard 4/5-5             ] ⭐ Run Set up job
[rtl-full/Verilator shard 4/5-5             ] 🚀  Start image=catthehacker/ubuntu:full-latest
[rtl-full/Verilator shard 4/5-5             ] context canceled
[rtl-full/Verilator shard 4/5-5             ]   ❌  Failure - Set up job
[rtl-full/Verilator shard 4/5-5             ] 🏁  Job failed
[rtl-full/Verilator shard 2/5-3             ]   ✅  Success - Complete job
[rtl-full/Verilator shard 2/5-3             ] 🏁  Job failed
[rtl-full/Verilator shard 1/5-2             ]   ✅  Success - Complete job
[rtl-full/Verilator shard 1/5-2             ] 🏁  Job failed
[rtl-full/Verilator shard 0/5-1             ]   ✅  Success - Complete job
[rtl-full/Verilator shard 0/5-1             ] 🏁  Job failed
[rtl-full/Yosys shard 0/4-1                 ] ⭐ Run Set up job
[rtl-full/Yosys shard 0/4-1                 ] 🚀  Start image=catthehacker/ubuntu:full-latest
[rtl-full/Yosys shard 2/4-3                 ] ⭐ Run Set up job
[rtl-full/Yosys shard 3/4-4                 ] ⭐ Run Set up job
[rtl-full/Yosys shard 2/4-3                 ] 🚀  Start image=catthehacker/ubuntu:full-latest
[rtl-full/Yosys shard 3/4-4                 ] 🚀  Start image=catthehacker/ubuntu:full-latest
[rtl-full/Yosys shard 0/4-1                 ] context canceled
[rtl-full/Yosys shard 0/4-1                 ]   ❌  Failure - Set up job
[rtl-full/Yosys shard 0/4-1                 ] 🏁  Job failed
[rtl-full/Yosys shard 2/4-3                 ] context canceled
[rtl-full/Yosys shard 3/4-4                 ] context canceled
[rtl-full/Yosys shard 3/4-4                 ]   ❌  Failure - Set up job
[rtl-full/Yosys shard 3/4-4                 ] 🏁  Job failed
[rtl-full/Yosys shard 2/4-3                 ]   ❌  Failure - Set up job
[rtl-full/Yosys shard 2/4-3                 ] 🏁  Job failed
[rtl-full/Yosys shard 1/4-2                 ] ⭐ Run Set up job
[rtl-full/Yosys shard 1/4-2                 ] 🚀  Start image=catthehacker/ubuntu:full-latest
[rtl-full/Yosys shard 1/4-2                 ] context canceled
[rtl-full/Yosys shard 1/4-2                 ]   ❌  Failure - Set up job
[rtl-full/Yosys shard 1/4-2                 ] 🏁  Job failed
Error: context canceled
act-ci: interrupted by SIGINT after cleanup
