make: Entering directory '/tmp/a306-541-s6qjh6s5/r323-rerun/uf_refreshes_timeout/tb/verilator/crf_rx'
/tmp/a306-541-s6qjh6s5/verilator-j8 --cc --exe --build -j 0 --top-module KL_crf_rx --public-flat-rw -GCLK_FREQ_HZ_P=200000 -GIVAL_CYC_P=200 -GMAXTT_NS_P=2000000 -GEARLY_MARGIN_NS_P=10000000 -Wall -Wno-fatal -Werror-UNDRIVEN -Wno-DECLFILENAME -Wno-UNUSEDSIGNAL -Wno-WIDTHEXPAND -Wno-WIDTHTRUNC -Wno-UNUSEDPARAM -Wno-EOFNEWLINE -CFLAGS "-std=c++17 -O2 -DIVAL_CYC_C=200u -DMAXTT_NS_C=2000000u -DEARLY_M_NS_C=10000000u -Wall -Wextra" -Mdir obj_discontinuity /tmp/a306-541-s6qjh6s5/r323-rerun/uf_refreshes_timeout/uf_refreshes_timeout.sv sim_discontinuity.cpp -o Vdiscontinuity
make[1]: Entering directory '/tmp/a306-541-s6qjh6s5/r323-rerun/uf_refreshes_timeout/tb/verilator/crf_rx/obj_discontinuity'
g++  -I.  -MMD -I/usr/share/verilator/include -I/usr/share/verilator/include/vltstd -DVERILATOR=1 -DVM_COVERAGE=0 -DVM_SC=0 -DVM_TIMING=0 -DVM_TRACE=0 -DVM_TRACE_FST=0 -DVM_TRACE_VCD=0 -DVM_TRACE_SAIF=0 -DVM_VPI=0 -faligned-new -fcf-protection=none -Wno-bool-operation -Wno-int-in-bool-context -Wno-shadow -Wno-sign-compare -Wno-subobject-linkage -Wno-tautological-compare -Wno-uninitialized -Wno-unused-but-set-parameter -Wno-unused-but-set-variable -Wno-unused-parameter -Wno-unused-variable    -std=c++17 -O2 -DIVAL_CYC_C=200u -DMAXTT_NS_C=2000000u -DEARLY_M_NS_C=10000000u -Wall -Wextra   -Os  -c -o sim_discontinuity.o ../sim_discontinuity.cpp
g++ -Os  -I.  -MMD -I/usr/share/verilator/include -I/usr/share/verilator/include/vltstd -DVERILATOR=1 -DVM_COVERAGE=0 -DVM_SC=0 -DVM_TIMING=0 -DVM_TRACE=0 -DVM_TRACE_FST=0 -DVM_TRACE_VCD=0 -DVM_TRACE_SAIF=0 -DVM_VPI=0 -faligned-new -fcf-protection=none -Wno-bool-operation -Wno-int-in-bool-context -Wno-shadow -Wno-sign-compare -Wno-subobject-linkage -Wno-tautological-compare -Wno-uninitialized -Wno-unused-but-set-parameter -Wno-unused-but-set-variable -Wno-unused-parameter -Wno-unused-variable    -std=c++17 -O2 -DIVAL_CYC_C=200u -DMAXTT_NS_C=2000000u -DEARLY_M_NS_C=10000000u -Wall -Wextra   -c -o verilated.o /usr/share/verilator/include/verilated.cpp
g++ -Os  -I.  -MMD -I/usr/share/verilator/include -I/usr/share/verilator/include/vltstd -DVERILATOR=1 -DVM_COVERAGE=0 -DVM_SC=0 -DVM_TIMING=0 -DVM_TRACE=0 -DVM_TRACE_FST=0 -DVM_TRACE_VCD=0 -DVM_TRACE_SAIF=0 -DVM_VPI=0 -faligned-new -fcf-protection=none -Wno-bool-operation -Wno-int-in-bool-context -Wno-shadow -Wno-sign-compare -Wno-subobject-linkage -Wno-tautological-compare -Wno-uninitialized -Wno-unused-but-set-parameter -Wno-unused-but-set-variable -Wno-unused-parameter -Wno-unused-variable    -std=c++17 -O2 -DIVAL_CYC_C=200u -DMAXTT_NS_C=2000000u -DEARLY_M_NS_C=10000000u -Wall -Wextra   -c -o verilated_dpi.o /usr/share/verilator/include/verilated_dpi.cpp
g++ -Os  -I.  -MMD -I/usr/share/verilator/include -I/usr/share/verilator/include/vltstd -DVERILATOR=1 -DVM_COVERAGE=0 -DVM_SC=0 -DVM_TIMING=0 -DVM_TRACE=0 -DVM_TRACE_FST=0 -DVM_TRACE_VCD=0 -DVM_TRACE_SAIF=0 -DVM_VPI=0 -faligned-new -fcf-protection=none -Wno-bool-operation -Wno-int-in-bool-context -Wno-shadow -Wno-sign-compare -Wno-subobject-linkage -Wno-tautological-compare -Wno-uninitialized -Wno-unused-but-set-parameter -Wno-unused-but-set-variable -Wno-unused-parameter -Wno-unused-variable    -std=c++17 -O2 -DIVAL_CYC_C=200u -DMAXTT_NS_C=2000000u -DEARLY_M_NS_C=10000000u -Wall -Wextra   -c -o verilated_threads.o /usr/share/verilator/include/verilated_threads.cpp
python3 /usr/share/verilator/bin/verilator_includer -DVL_INCLUDE_OPT=include VKL_crf_rx.cpp VKL_crf_rx___024root__0.cpp VKL_crf_rx__Dpi.cpp VKL_crf_rx___024root__Slow.cpp VKL_crf_rx___024root__0__Slow.cpp VKL_crf_rx__Syms__Slow.cpp > VKL_crf_rx__ALL.cpp
g++ -Os  -I.  -MMD -I/usr/share/verilator/include -I/usr/share/verilator/include/vltstd -DVERILATOR=1 -DVM_COVERAGE=0 -DVM_SC=0 -DVM_TIMING=0 -DVM_TRACE=0 -DVM_TRACE_FST=0 -DVM_TRACE_VCD=0 -DVM_TRACE_SAIF=0 -DVM_VPI=0 -faligned-new -fcf-protection=none -Wno-bool-operation -Wno-int-in-bool-context -Wno-shadow -Wno-sign-compare -Wno-subobject-linkage -Wno-tautological-compare -Wno-uninitialized -Wno-unused-but-set-parameter -Wno-unused-but-set-variable -Wno-unused-parameter -Wno-unused-variable    -std=c++17 -O2 -DIVAL_CYC_C=200u -DMAXTT_NS_C=2000000u -DEARLY_M_NS_C=10000000u -Wall -Wextra   -c -o VKL_crf_rx__ALL.o VKL_crf_rx__ALL.cpp
g++    sim_discontinuity.o verilated.o verilated_dpi.o verilated_threads.o VKL_crf_rx__ALL.a    -pthread -lpthread -latomic   -o Vdiscontinuity
rm VKL_crf_rx__ALL.verilator_deplist.tmp
make[1]: Leaving directory '/tmp/a306-541-s6qjh6s5/r323-rerun/uf_refreshes_timeout/tb/verilator/crf_rx/obj_discontinuity'
- V e r i l a t i o n   R e p o r t: Verilator 5.052 2026-09-05 rev v5.052
- Verilator: Built from 0.053 MB sources in 2 modules, into 0.129 MB in 6 C++ files needing 0.000 MB
- Verilator: Walltime 5.403 s (elab=0.001, cvt=0.010, bld=5.384); cpu 0.022 s on 8 threads; allocated 17.457 MB
./obj_discontinuity/Vdiscontinuity
  [ ok ] initial history stays invalid for 256 timestamps
  [ ok ] initial history stays invalid for 256 timestamps
  [ ok ] initial history stays invalid for 256 timestamps
  [ ok ] initial history stays invalid for 256 timestamps
  [ ok ] initial history stays invalid for 256 timestamps
  [ ok ] initial history stays invalid for 256 timestamps
  [ ok ] initial history stays invalid for 256 timestamps
  [ ok ] initial history stays invalid for 256 timestamps
  [ ok ] initial history stays invalid for 256 timestamps
  [ ok ] initial history stays invalid for 256 timestamps
  [ ok ] initial history stays invalid for 256 timestamps
  [ ok ] initial history stays invalid for 256 timestamps
  [ ok ] initial history stays invalid for 256 timestamps
  [ ok ] initial history stays invalid for 256 timestamps
  [ ok ] initial history stays invalid for 256 timestamps
  [ ok ] initial history stays invalid for 256 timestamps
  [ ok ] initial history stays invalid for 256 timestamps
  [ ok ] initial history stays invalid for 256 timestamps
  [ ok ] initial history stays invalid for 256 timestamps
  [ ok ] initial history stays invalid for 256 timestamps
  [ ok ] initial history stays invalid for 256 timestamps
  [ ok ] initial history stays invalid for 256 timestamps
  [ ok ] initial history stays invalid for 256 timestamps
  [ ok ] initial history stays invalid for 256 timestamps
  [ ok ] initial history stays invalid for 256 timestamps
  [ ok ] initial history stays invalid for 256 timestamps
  [ ok ] initial history stays invalid for 256 timestamps
  [ ok ] initial history stays invalid for 256 timestamps
  [ ok ] initial history stays invalid for 256 timestamps
  [ ok ] initial history stays invalid for 256 timestamps
  [ ok ] initial history stays invalid for 256 timestamps
  [ ok ] initial history stays invalid for 256 timestamps
  [ ok ] initial history stays invalid for 256 timestamps
  [ ok ] initial history stays invalid for 256 timestamps
  [ ok ] initial history stays invalid for 256 timestamps
  [ ok ] initial history stays invalid for 256 timestamps
  [ ok ] initial history stays invalid for 256 timestamps
  [ ok ] initial history stays invalid for 256 timestamps
  [ ok ] initial history stays invalid for 256 timestamps
  [ ok ] initial history stays invalid for 256 timestamps
  [ ok ] initial history stays invalid for 256 timestamps
  [ ok ] initial history stays invalid for 256 timestamps
  [ ok ] initial history stays invalid for 256 timestamps
  [ ok ] initial history stays invalid for 256 timestamps
  [ ok ] initial history stays invalid for 256 timestamps
  [ ok ] initial history stays invalid for 256 timestamps
  [ ok ] initial history stays invalid for 256 timestamps
  [ ok ] initial history stays invalid for 256 timestamps
  [ ok ] initial history stays invalid for 256 timestamps
  [ ok ] initial history stays invalid for 256 timestamps
  [ ok ] initial history stays invalid for 256 timestamps
  [ ok ] initial history stays invalid for 256 timestamps
  [ ok ] initial history stays invalid for 256 timestamps
  [ ok ] initial history stays invalid for 256 timestamps
  [ ok ] initial history stays invalid for 256 timestamps
  [ ok ] initial history stays invalid for 256 timestamps
  [ ok ] initial history stays invalid for 256 timestamps
  [ ok ] initial history stays invalid for 256 timestamps
  [ ok ] initial history stays invalid for 256 timestamps
  [ ok ] initial history stays invalid for 256 timestamps
  [ ok ] initial history stays invalid for 256 timestamps
  [ ok ] initial history stays invalid for 256 timestamps
  [ ok ] initial history stays invalid for 256 timestamps
  [ ok ] initial history stays invalid for 256 timestamps
  [ ok ] initial history stays invalid for 256 timestamps
  [ ok ] initial history stays invalid for 256 timestamps
  [ ok ] initial history stays invalid for 256 timestamps
  [ ok ] initial history stays invalid for 256 timestamps
  [ ok ] initial history stays invalid for 256 timestamps
  [ ok ] initial history stays invalid for 256 timestamps
  [ ok ] initial history stays invalid for 256 timestamps
  [ ok ] initial history stays invalid for 256 timestamps
  [ ok ] initial history stays invalid for 256 timestamps
  [ ok ] initial history stays invalid for 256 timestamps
  [ ok ] initial history stays invalid for 256 timestamps
  [ ok ] initial history stays invalid for 256 timestamps
  [ ok ] initial history stays invalid for 256 timestamps
  [ ok ] initial history stays invalid for 256 timestamps
  [ ok ] initial history stays invalid for 256 timestamps
  [ ok ] initial history stays invalid for 256 timestamps
  [ ok ] initial history stays invalid for 256 timestamps
  [ ok ] initial history stays invalid for 256 timestamps
  [ ok ] initial history stays invalid for 256 timestamps
  [ ok ] initial history stays invalid for 256 timestamps
  [ ok ] initial history stays invalid for 256 timestamps
  [ ok ] initial history stays invalid for 256 timestamps
  [ ok ] initial history stays invalid for 256 timestamps
  [ ok ] initial history stays invalid for 256 timestamps
  [ ok ] initial history stays invalid for 256 timestamps
  [ ok ] initial history stays invalid for 256 timestamps
  [ ok ] initial history stays invalid for 256 timestamps
  [ ok ] initial history stays invalid for 256 timestamps
  [ ok ] initial history stays invalid for 256 timestamps
  [ ok ] initial history stays invalid for 256 timestamps
  [ ok ] initial history stays invalid for 256 timestamps
  [ ok ] initial history stays invalid for 256 timestamps
  [ ok ] initial history stays invalid for 256 timestamps
  [ ok ] initial history stays invalid for 256 timestamps
  [ ok ] initial history stays invalid for 256 timestamps
  [ ok ] initial history stays invalid for 256 timestamps
  [ ok ] initial history stays invalid for 256 timestamps
  [ ok ] initial history stays invalid for 256 timestamps
  [ ok ] initial history stays invalid for 256 timestamps
  [ ok ] initial history stays invalid for 256 timestamps
  [ ok ] initial history stays invalid for 256 timestamps
  [ ok ] initial history stays invalid for 256 timestamps
  [ ok ] initial history stays invalid for 256 timestamps
  [ ok ] initial history stays invalid for 256 timestamps
  [ ok ] initial history stays invalid for 256 timestamps
  [ ok ] initial history stays invalid for 256 timestamps
  [ ok ] initial history stays invalid for 256 timestamps
  [ ok ] initial history stays invalid for 256 timestamps
  [ ok ] initial history stays invalid for 256 timestamps
  [ ok ] initial history stays invalid for 256 timestamps
  [ ok ] initial history stays invalid for 256 timestamps
  [ ok ] initial history stays invalid for 256 timestamps
  [ ok ] initial history stays invalid for 256 timestamps
  [ ok ] initial history stays invalid for 256 timestamps
  [ ok ] initial history stays invalid for 256 timestamps
  [ ok ] initial history stays invalid for 256 timestamps
  [ ok ] initial history stays invalid for 256 timestamps
  [ ok ] initial history stays invalid for 256 timestamps
  [ ok ] initial history stays invalid for 256 timestamps
  [ ok ] initial history stays invalid for 256 timestamps
  [ ok ] initial history stays invalid for 256 timestamps
  [ ok ] initial history stays invalid for 256 timestamps
  [ ok ] initial history stays invalid for 256 timestamps
  [ ok ] initial history stays invalid for 256 timestamps
  [ ok ] initial history stays invalid for 256 timestamps
  [ ok ] initial history stays invalid for 256 timestamps
  [ ok ] initial history stays invalid for 256 timestamps
  [ ok ] initial history stays invalid for 256 timestamps
  [ ok ] initial history stays invalid for 256 timestamps
  [ ok ] initial history stays invalid for 256 timestamps
  [ ok ] initial history stays invalid for 256 timestamps
  [ ok ] initial history stays invalid for 256 timestamps
  [ ok ] initial history stays invalid for 256 timestamps
  [ ok ] initial history stays invalid for 256 timestamps
  [ ok ] initial history stays invalid for 256 timestamps
  [ ok ] initial history stays invalid for 256 timestamps
  [ ok ] initial history stays invalid for 256 timestamps
  [ ok ] initial history stays invalid for 256 timestamps
  [ ok ] initial history stays invalid for 256 timestamps
  [ ok ] initial history stays invalid for 256 timestamps
  [ ok ] initial history stays invalid for 256 timestamps
  [ ok ] initial history stays invalid for 256 timestamps
  [ ok ] initial history stays invalid for 256 timestamps
  [ ok ] initial history stays invalid for 256 timestamps
  [ ok ] initial history stays invalid for 256 timestamps
  [ ok ] initial history stays invalid for 256 timestamps
  [ ok ] initial history stays invalid for 256 timestamps
  [ ok ] initial history stays invalid for 256 timestamps
  [ ok ] initial history stays invalid for 256 timestamps
  [ ok ] initial history stays invalid for 256 timestamps
  [ ok ] initial history stays invalid for 256 timestamps
  [ ok ] initial history stays invalid for 256 timestamps
  [ ok ] initial history stays invalid for 256 timestamps
  [ ok ] initial history stays invalid for 256 timestamps
  [ ok ] initial history stays invalid for 256 timestamps
  [ ok ] initial history stays invalid for 256 timestamps
  [ ok ] initial history stays invalid for 256 timestamps
  [ ok ] initial history stays invalid for 256 timestamps
  [ ok ] initial history stays invalid for 256 timestamps
  [ ok ] initial history stays invalid for 256 timestamps
  [ ok ] initial history stays invalid for 256 timestamps
  [ ok ] initial history stays invalid for 256 timestamps
  [ ok ] initial history stays invalid for 256 timestamps
  [ ok ] initial history stays invalid for 256 timestamps
  [ ok ] initial history stays invalid for 256 timestamps
  [ ok ] initial history stays invalid for 256 timestamps
  [ ok ] initial history stays invalid for 256 timestamps
  [ ok ] initial history stays invalid for 256 timestamps
  [ ok ] initial history stays invalid for 256 timestamps
  [ ok ] initial history stays invalid for 256 timestamps
  [ ok ] initial history stays invalid for 256 timestamps
  [ ok ] initial history stays invalid for 256 timestamps
  [ ok ] initial history stays invalid for 256 timestamps
  [ ok ] initial history stays invalid for 256 timestamps
  [ ok ] initial history stays invalid for 256 timestamps
  [ ok ] initial history stays invalid for 256 timestamps
  [ ok ] initial history stays invalid for 256 timestamps
  [ ok ] initial history stays invalid for 256 timestamps
  [ ok ] initial history stays invalid for 256 timestamps
  [ ok ] initial history stays invalid for 256 timestamps
  [ ok ] initial history stays invalid for 256 timestamps
  [ ok ] initial history stays invalid for 256 timestamps
  [ ok ] initial history stays invalid for 256 timestamps
  [ ok ] initial history stays invalid for 256 timestamps
  [ ok ] initial history stays invalid for 256 timestamps
  [ ok ] initial history stays invalid for 256 timestamps
  [ ok ] initial history stays invalid for 256 timestamps
  [ ok ] initial history stays invalid for 256 timestamps
  [ ok ] initial history stays invalid for 256 timestamps
  [ ok ] initial history stays invalid for 256 timestamps
  [ ok ] initial history stays invalid for 256 timestamps
  [ ok ] initial history stays invalid for 256 timestamps
  [ ok ] initial history stays invalid for 256 timestamps
  [ ok ] initial history stays invalid for 256 timestamps
  [ ok ] initial history stays invalid for 256 timestamps
  [ ok ] initial history stays invalid for 256 timestamps
  [ ok ] initial history stays invalid for 256 timestamps
  [ ok ] initial history stays invalid for 256 timestamps
  [ ok ] initial history stays invalid for 256 timestamps
  [ ok ] initial history stays invalid for 256 timestamps
  [ ok ] initial history stays invalid for 256 timestamps
  [ ok ] initial history stays invalid for 256 timestamps
  [ ok ] initial history stays invalid for 256 timestamps
  [ ok ] initial history stays invalid for 256 timestamps
  [ ok ] initial history stays invalid for 256 timestamps
  [ ok ] initial history stays invalid for 256 timestamps
  [ ok ] initial history stays invalid for 256 timestamps
  [ ok ] initial history stays invalid for 256 timestamps
  [ ok ] initial history stays invalid for 256 timestamps
  [ ok ] initial history stays invalid for 256 timestamps
  [ ok ] initial history stays invalid for 256 timestamps
  [ ok ] initial history stays invalid for 256 timestamps
  [ ok ] initial history stays invalid for 256 timestamps
  [ ok ] initial history stays invalid for 256 timestamps
  [ ok ] initial history stays invalid for 256 timestamps
  [ ok ] initial history stays invalid for 256 timestamps
  [ ok ] initial history stays invalid for 256 timestamps
  [ ok ] initial history stays invalid for 256 timestamps
  [ ok ] initial history stays invalid for 256 timestamps
  [ ok ] initial history stays invalid for 256 timestamps
  [ ok ] initial history stays invalid for 256 timestamps
  [ ok ] initial history stays invalid for 256 timestamps
  [ ok ] initial history stays invalid for 256 timestamps
  [ ok ] initial history stays invalid for 256 timestamps
  [ ok ] initial history stays invalid for 256 timestamps
  [ ok ] initial history stays invalid for 256 timestamps
  [ ok ] initial history stays invalid for 256 timestamps
  [ ok ] initial history stays invalid for 256 timestamps
  [ ok ] initial history stays invalid for 256 timestamps
  [ ok ] initial history stays invalid for 256 timestamps
  [ ok ] initial history stays invalid for 256 timestamps
  [ ok ] initial history stays invalid for 256 timestamps
  [ ok ] initial history stays invalid for 256 timestamps
  [ ok ] initial history stays invalid for 256 timestamps
  [ ok ] initial history stays invalid for 256 timestamps
  [ ok ] initial history stays invalid for 256 timestamps
  [ ok ] initial history stays invalid for 256 timestamps
  [ ok ] initial history stays invalid for 256 timestamps
  [ ok ] initial history stays invalid for 256 timestamps
  [ ok ] initial history stays invalid for 256 timestamps
  [ ok ] initial history stays invalid for 256 timestamps
  [ ok ] initial history stays invalid for 256 timestamps
  [ ok ] initial history stays invalid for 256 timestamps
  [ ok ] initial history stays invalid for 256 timestamps
  [ ok ] initial history stays invalid for 256 timestamps
  [ ok ] initial history stays invalid for 256 timestamps
  [ ok ] initial history stays invalid for 256 timestamps
  [ ok ] initial history stays invalid for 256 timestamps
  [ ok ] initial history stays invalid for 256 timestamps
  [ ok ] initial history stays invalid for 256 timestamps
  [ ok ] initial history stays invalid for 256 timestamps
  [ ok ] initial history stays invalid for 256 timestamps
  [ ok ] 257th timestamp publishes a valid sample
  [ ok ] rate equals 256 source intervals minus nominal
  [ ok ] tu edge invalidates before the sampling edge
  [ ok ] tu edge holds the published rate
  [ ok ] tu edge leaves receiver locked
  [ ok ] all 255 crossing intervals are withheld
  [ ok ] exactly 256 new intervals restore validity
  [ ok ] first clean rate excludes the phase jump
  [ ok ] tu edges never count a media unlock      got=0 exp=0
  [ ok ] tu edge invalidates before the sampling edge
  [ ok ] tu edge holds the published rate
  [ ok ] tu edge leaves receiver locked
  [ ok ] all 255 crossing intervals are withheld
  [ ok ] exactly 256 new intervals restore validity
  [ ok ] first clean rate excludes the phase jump
  [ ok ] tu edges never count a media unlock      got=0 exp=0
  [ ok ] unmarked timestamp jump invalidates the rate
  [ ok ] unmarked timestamp jump cannot publish
  [ ok ] unmarked timestamp jump preserves receiver lock
  [ ok ] all 255 crossing intervals are withheld
  [ ok ] exactly 256 new intervals restore validity
  [ ok ] first clean rate excludes the phase jump
  [ ok ] unmarked timestamp jump invalidates the rate
  [ ok ] unmarked timestamp jump cannot publish
  [ ok ] unmarked timestamp jump preserves receiver lock
  [ ok ] all 255 crossing intervals are withheld
  [ ok ] exactly 256 new intervals restore validity
  [ ok ] first clean rate excludes the phase jump
  [ ok ] unmarked timestamp jump invalidates the rate
  [ ok ] unmarked timestamp jump cannot publish
  [ ok ] unmarked timestamp jump preserves receiver lock
  [ ok ] all 255 crossing intervals are withheld
  [ ok ] exactly 256 new intervals restore validity
  [ ok ] first clean rate excludes the phase jump
  [ ok ] unmarked timestamp jump invalidates the rate
  [ ok ] unmarked timestamp jump cannot publish
  [ ok ] unmarked timestamp jump preserves receiver lock
  [ ok ] all 255 crossing intervals are withheld
  [ ok ] exactly 256 new intervals restore validity
  [ ok ] first clean rate excludes the phase jump
  [ ok ] unmarked timestamp jump invalidates the rate
  [ ok ] unmarked timestamp jump cannot publish
  [ ok ] unmarked timestamp jump preserves receiver lock
  [ ok ] all 255 crossing intervals are withheld
  [ ok ] exactly 256 new intervals restore validity
  [ ok ] first clean rate excludes the phase jump
  [ ok ] unmarked timestamp jump invalidates the rate
  [ ok ] unmarked timestamp jump cannot publish
  [ ok ] unmarked timestamp jump preserves receiver lock
  [ ok ] all 255 crossing intervals are withheld
  [ ok ] exactly 256 new intervals restore validity
  [ ok ] first clean rate excludes the phase jump
  [ ok ] unmarked timestamp jump invalidates the rate
  [ ok ] unmarked timestamp jump cannot publish
  [ ok ] unmarked timestamp jump preserves receiver lock
  [ ok ] all 255 crossing intervals are withheld
  [ ok ] exactly 256 new intervals restore validity
  [ ok ] first clean rate excludes the phase jump
  [ ok ] unmarked timestamp jump invalidates the rate
  [ ok ] unmarked timestamp jump cannot publish
  [ ok ] unmarked timestamp jump preserves receiver lock
  [ ok ] all 255 crossing intervals are withheld
  [ ok ] exactly 256 new intervals restore validity
  [ ok ] first clean rate excludes the phase jump
  [ ok ] unmarked timestamp jump invalidates the rate
  [ ok ] unmarked timestamp jump cannot publish
  [ ok ] unmarked timestamp jump preserves receiver lock
  [ ok ] all 255 crossing intervals are withheld
  [ ok ] exactly 256 new intervals restore validity
  [ ok ] first clean rate excludes the phase jump
  [ ok ] unmarked timestamp jump invalidates the rate
  [ ok ] unmarked timestamp jump cannot publish
  [ ok ] unmarked timestamp jump preserves receiver lock
  [ ok ] all 255 crossing intervals are withheld
  [ ok ] exactly 256 new intervals restore validity
  [ ok ] first clean rate excludes the phase jump
  [ ok ] initial history stays invalid for 256 timestamps
  [ ok ] initial history stays invalid for 256 timestamps
  [ ok ] initial history stays invalid for 256 timestamps
  [ ok ] initial history stays invalid for 256 timestamps
  [ ok ] initial history stays invalid for 256 timestamps
  [ ok ] initial history stays invalid for 256 timestamps
  [ ok ] initial history stays invalid for 256 timestamps
  [ ok ] initial history stays invalid for 256 timestamps
  [ ok ] initial history stays invalid for 256 timestamps
  [ ok ] initial history stays invalid for 256 timestamps
  [ ok ] initial history stays invalid for 256 timestamps
  [ ok ] initial history stays invalid for 256 timestamps
  [ ok ] initial history stays invalid for 256 timestamps
  [ ok ] initial history stays invalid for 256 timestamps
  [ ok ] initial history stays invalid for 256 timestamps
  [ ok ] initial history stays invalid for 256 timestamps
  [ ok ] initial history stays invalid for 256 timestamps
  [ ok ] initial history stays invalid for 256 timestamps
  [ ok ] initial history stays invalid for 256 timestamps
  [ ok ] initial history stays invalid for 256 timestamps
  [ ok ] initial history stays invalid for 256 timestamps
  [ ok ] initial history stays invalid for 256 timestamps
  [ ok ] initial history stays invalid for 256 timestamps
  [ ok ] initial history stays invalid for 256 timestamps
  [ ok ] initial history stays invalid for 256 timestamps
  [ ok ] initial history stays invalid for 256 timestamps
  [ ok ] initial history stays invalid for 256 timestamps
  [ ok ] initial history stays invalid for 256 timestamps
  [ ok ] initial history stays invalid for 256 timestamps
  [ ok ] initial history stays invalid for 256 timestamps
  [ ok ] initial history stays invalid for 256 timestamps
  [ ok ] initial history stays invalid for 256 timestamps
  [ ok ] initial history stays invalid for 256 timestamps
  [ ok ] initial history stays invalid for 256 timestamps
  [ ok ] initial history stays invalid for 256 timestamps
  [ ok ] initial history stays invalid for 256 timestamps
  [ ok ] initial history stays invalid for 256 timestamps
  [ ok ] initial history stays invalid for 256 timestamps
  [ ok ] initial history stays invalid for 256 timestamps
  [ ok ] initial history stays invalid for 256 timestamps
  [ ok ] initial history stays invalid for 256 timestamps
  [ ok ] initial history stays invalid for 256 timestamps
  [ ok ] initial history stays invalid for 256 timestamps
  [ ok ] initial history stays invalid for 256 timestamps
  [ ok ] initial history stays invalid for 256 timestamps
  [ ok ] initial history stays invalid for 256 timestamps
  [ ok ] initial history stays invalid for 256 timestamps
  [ ok ] initial history stays invalid for 256 timestamps
  [ ok ] initial history stays invalid for 256 timestamps
  [ ok ] initial history stays invalid for 256 timestamps
  [ ok ] initial history stays invalid for 256 timestamps
  [ ok ] initial history stays invalid for 256 timestamps
  [ ok ] initial history stays invalid for 256 timestamps
  [ ok ] initial history stays invalid for 256 timestamps
  [ ok ] initial history stays invalid for 256 timestamps
  [ ok ] initial history stays invalid for 256 timestamps
  [ ok ] initial history stays invalid for 256 timestamps
  [ ok ] initial history stays invalid for 256 timestamps
  [ ok ] initial history stays invalid for 256 timestamps
  [ ok ] initial history stays invalid for 256 timestamps
  [ ok ] initial history stays invalid for 256 timestamps
  [ ok ] initial history stays invalid for 256 timestamps
  [ ok ] initial history stays invalid for 256 timestamps
  [ ok ] initial history stays invalid for 256 timestamps
  [ ok ] initial history stays invalid for 256 timestamps
  [ ok ] initial history stays invalid for 256 timestamps
  [ ok ] initial history stays invalid for 256 timestamps
  [ ok ] initial history stays invalid for 256 timestamps
  [ ok ] initial history stays invalid for 256 timestamps
  [ ok ] initial history stays invalid for 256 timestamps
  [ ok ] initial history stays invalid for 256 timestamps
  [ ok ] initial history stays invalid for 256 timestamps
  [ ok ] initial history stays invalid for 256 timestamps
  [ ok ] initial history stays invalid for 256 timestamps
  [ ok ] initial history stays invalid for 256 timestamps
  [ ok ] initial history stays invalid for 256 timestamps
  [ ok ] initial history stays invalid for 256 timestamps
  [ ok ] initial history stays invalid for 256 timestamps
  [ ok ] initial history stays invalid for 256 timestamps
  [ ok ] initial history stays invalid for 256 timestamps
  [ ok ] initial history stays invalid for 256 timestamps
  [ ok ] initial history stays invalid for 256 timestamps
  [ ok ] initial history stays invalid for 256 timestamps
  [ ok ] initial history stays invalid for 256 timestamps
  [ ok ] initial history stays invalid for 256 timestamps
  [ ok ] initial history stays invalid for 256 timestamps
  [ ok ] initial history stays invalid for 256 timestamps
  [ ok ] initial history stays invalid for 256 timestamps
  [ ok ] initial history stays invalid for 256 timestamps
  [ ok ] initial history stays invalid for 256 timestamps
  [ ok ] initial history stays invalid for 256 timestamps
  [ ok ] initial history stays invalid for 256 timestamps
  [ ok ] initial history stays invalid for 256 timestamps
  [ ok ] initial history stays invalid for 256 timestamps
  [ ok ] initial history stays invalid for 256 timestamps
  [ ok ] initial history stays invalid for 256 timestamps
  [ ok ] initial history stays invalid for 256 timestamps
  [ ok ] initial history stays invalid for 256 timestamps
  [ ok ] initial history stays invalid for 256 timestamps
  [ ok ] initial history stays invalid for 256 timestamps
  [ ok ] initial history stays invalid for 256 timestamps
  [ ok ] initial history stays invalid for 256 timestamps
  [ ok ] initial history stays invalid for 256 timestamps
  [ ok ] initial history stays invalid for 256 timestamps
  [ ok ] initial history stays invalid for 256 timestamps
  [ ok ] initial history stays invalid for 256 timestamps
  [ ok ] initial history stays invalid for 256 timestamps
  [ ok ] initial history stays invalid for 256 timestamps
  [ ok ] initial history stays invalid for 256 timestamps
  [ ok ] initial history stays invalid for 256 timestamps
  [ ok ] initial history stays invalid for 256 timestamps
  [ ok ] initial history stays invalid for 256 timestamps
  [ ok ] initial history stays invalid for 256 timestamps
  [ ok ] initial history stays invalid for 256 timestamps
  [ ok ] initial history stays invalid for 256 timestamps
  [ ok ] initial history stays invalid for 256 timestamps
  [ ok ] initial history stays invalid for 256 timestamps
  [ ok ] initial history stays invalid for 256 timestamps
  [ ok ] initial history stays invalid for 256 timestamps
  [ ok ] initial history stays invalid for 256 timestamps
  [ ok ] initial history stays invalid for 256 timestamps
  [ ok ] initial history stays invalid for 256 timestamps
  [ ok ] initial history stays invalid for 256 timestamps
  [ ok ] initial history stays invalid for 256 timestamps
  [ ok ] initial history stays invalid for 256 timestamps
  [ ok ] initial history stays invalid for 256 timestamps
  [ ok ] initial history stays invalid for 256 timestamps
  [ ok ] initial history stays invalid for 256 timestamps
  [ ok ] initial history stays invalid for 256 timestamps
  [ ok ] initial history stays invalid for 256 timestamps
  [ ok ] initial history stays invalid for 256 timestamps
  [ ok ] initial history stays invalid for 256 timestamps
  [ ok ] initial history stays invalid for 256 timestamps
  [ ok ] initial history stays invalid for 256 timestamps
  [ ok ] initial history stays invalid for 256 timestamps
  [ ok ] initial history stays invalid for 256 timestamps
  [ ok ] initial history stays invalid for 256 timestamps
  [ ok ] initial history stays invalid for 256 timestamps
  [ ok ] initial history stays invalid for 256 timestamps
  [ ok ] initial history stays invalid for 256 timestamps
  [ ok ] initial history stays invalid for 256 timestamps
  [ ok ] initial history stays invalid for 256 timestamps
  [ ok ] initial history stays invalid for 256 timestamps
  [ ok ] initial history stays invalid for 256 timestamps
  [ ok ] initial history stays invalid for 256 timestamps
  [ ok ] initial history stays invalid for 256 timestamps
  [ ok ] initial history stays invalid for 256 timestamps
  [ ok ] initial history stays invalid for 256 timestamps
  [ ok ] initial history stays invalid for 256 timestamps
  [ ok ] initial history stays invalid for 256 timestamps
  [ ok ] initial history stays invalid for 256 timestamps
  [ ok ] initial history stays invalid for 256 timestamps
  [ ok ] initial history stays invalid for 256 timestamps
  [ ok ] initial history stays invalid for 256 timestamps
  [ ok ] initial history stays invalid for 256 timestamps
  [ ok ] initial history stays invalid for 256 timestamps
  [ ok ] initial history stays invalid for 256 timestamps
  [ ok ] initial history stays invalid for 256 timestamps
  [ ok ] initial history stays invalid for 256 timestamps
  [ ok ] initial history stays invalid for 256 timestamps
  [ ok ] initial history stays invalid for 256 timestamps
  [ ok ] initial history stays invalid for 256 timestamps
  [ ok ] initial history stays invalid for 256 timestamps
  [ ok ] initial history stays invalid for 256 timestamps
  [ ok ] initial history stays invalid for 256 timestamps
  [ ok ] initial history stays invalid for 256 timestamps
  [ ok ] initial history stays invalid for 256 timestamps
  [ ok ] initial history stays invalid for 256 timestamps
  [ ok ] initial history stays invalid for 256 timestamps
  [ ok ] initial history stays invalid for 256 timestamps
  [ ok ] initial history stays invalid for 256 timestamps
  [ ok ] initial history stays invalid for 256 timestamps
  [ ok ] initial history stays invalid for 256 timestamps
  [ ok ] initial history stays invalid for 256 timestamps
  [ ok ] initial history stays invalid for 256 timestamps
  [ ok ] initial history stays invalid for 256 timestamps
  [ ok ] initial history stays invalid for 256 timestamps
  [ ok ] initial history stays invalid for 256 timestamps
  [ ok ] initial history stays invalid for 256 timestamps
  [ ok ] initial history stays invalid for 256 timestamps
  [ ok ] initial history stays invalid for 256 timestamps
  [ ok ] initial history stays invalid for 256 timestamps
  [ ok ] initial history stays invalid for 256 timestamps
  [ ok ] initial history stays invalid for 256 timestamps
  [ ok ] initial history stays invalid for 256 timestamps
  [ ok ] initial history stays invalid for 256 timestamps
  [ ok ] initial history stays invalid for 256 timestamps
  [ ok ] initial history stays invalid for 256 timestamps
  [ ok ] initial history stays invalid for 256 timestamps
  [ ok ] initial history stays invalid for 256 timestamps
  [ ok ] initial history stays invalid for 256 timestamps
  [ ok ] initial history stays invalid for 256 timestamps
  [ ok ] initial history stays invalid for 256 timestamps
  [ ok ] initial history stays invalid for 256 timestamps
  [ ok ] initial history stays invalid for 256 timestamps
  [ ok ] initial history stays invalid for 256 timestamps
  [ ok ] initial history stays invalid for 256 timestamps
  [ ok ] initial history stays invalid for 256 timestamps
  [ ok ] initial history stays invalid for 256 timestamps
  [ ok ] initial history stays invalid for 256 timestamps
  [ ok ] initial history stays invalid for 256 timestamps
  [ ok ] initial history stays invalid for 256 timestamps
  [ ok ] initial history stays invalid for 256 timestamps
  [ ok ] initial history stays invalid for 256 timestamps
  [ ok ] initial history stays invalid for 256 timestamps
  [ ok ] initial history stays invalid for 256 timestamps
  [ ok ] initial history stays invalid for 256 timestamps
  [ ok ] initial history stays invalid for 256 timestamps
  [ ok ] initial history stays invalid for 256 timestamps
  [ ok ] initial history stays invalid for 256 timestamps
  [ ok ] initial history stays invalid for 256 timestamps
  [ ok ] initial history stays invalid for 256 timestamps
  [ ok ] initial history stays invalid for 256 timestamps
  [ ok ] initial history stays invalid for 256 timestamps
  [ ok ] initial history stays invalid for 256 timestamps
  [ ok ] initial history stays invalid for 256 timestamps
  [ ok ] initial history stays invalid for 256 timestamps
  [ ok ] initial history stays invalid for 256 timestamps
  [ ok ] initial history stays invalid for 256 timestamps
  [ ok ] initial history stays invalid for 256 timestamps
  [ ok ] initial history stays invalid for 256 timestamps
  [ ok ] initial history stays invalid for 256 timestamps
  [ ok ] initial history stays invalid for 256 timestamps
  [ ok ] initial history stays invalid for 256 timestamps
  [ ok ] initial history stays invalid for 256 timestamps
  [ ok ] initial history stays invalid for 256 timestamps
  [ ok ] initial history stays invalid for 256 timestamps
  [ ok ] initial history stays invalid for 256 timestamps
  [ ok ] initial history stays invalid for 256 timestamps
  [ ok ] initial history stays invalid for 256 timestamps
  [ ok ] initial history stays invalid for 256 timestamps
  [ ok ] initial history stays invalid for 256 timestamps
  [ ok ] initial history stays invalid for 256 timestamps
  [ ok ] initial history stays invalid for 256 timestamps
  [ ok ] initial history stays invalid for 256 timestamps
  [ ok ] initial history stays invalid for 256 timestamps
  [ ok ] initial history stays invalid for 256 timestamps
  [ ok ] initial history stays invalid for 256 timestamps
  [ ok ] initial history stays invalid for 256 timestamps
  [ ok ] initial history stays invalid for 256 timestamps
  [ ok ] initial history stays invalid for 256 timestamps
  [ ok ] initial history stays invalid for 256 timestamps
  [ ok ] initial history stays invalid for 256 timestamps
  [ ok ] initial history stays invalid for 256 timestamps
  [ ok ] initial history stays invalid for 256 timestamps
  [ ok ] initial history stays invalid for 256 timestamps
  [ ok ] initial history stays invalid for 256 timestamps
  [ ok ] initial history stays invalid for 256 timestamps
  [ ok ] initial history stays invalid for 256 timestamps
  [ ok ] initial history stays invalid for 256 timestamps
  [ ok ] initial history stays invalid for 256 timestamps
  [ ok ] initial history stays invalid for 256 timestamps
  [ ok ] initial history stays invalid for 256 timestamps
  [ ok ] initial history stays invalid for 256 timestamps
  [ ok ] initial history stays invalid for 256 timestamps
  [ ok ] initial history stays invalid for 256 timestamps
  [ ok ] 257th timestamp publishes a valid sample
  [ ok ] rate equals 256 source intervals minus nominal
  [ ok ] 2048 ns boundary remains valid
  [ ok ] 2048 ns boundary remains valid
  [ ok ] 2049 ns boundary is rejected
  [ ok ] all 255 crossing intervals are withheld
  [ ok ] exactly 256 new intervals restore validity
  [ ok ] first clean rate excludes the phase jump
  [ ok ] 2049 ns boundary is rejected
  [ ok ] all 255 crossing intervals are withheld
  [ ok ] exactly 256 new intervals restore validity
  [ ok ] first clean rate excludes the phase jump
  [ ok ] combined legitimate rate extremes are never rejected
  [ ok ] legitimate rate changes still propagate
  [ ok ] combined legitimate rate extremes are never rejected
  [ ok ] legitimate rate changes still propagate
  [ ok ] malformed marker cannot invalidate
  [ ok ] foreign marker cannot invalidate
  [ ok ] rejected frames cannot change rate       got=153856 exp=153856
  [ ok ] rejected marker never seeds the reference
  [ ok ] initial history stays invalid for 256 timestamps
  [ ok ] initial history stays invalid for 256 timestamps
  [ ok ] initial history stays invalid for 256 timestamps
  [ ok ] initial history stays invalid for 256 timestamps
  [ ok ] initial history stays invalid for 256 timestamps
  [ ok ] initial history stays invalid for 256 timestamps
  [ ok ] initial history stays invalid for 256 timestamps
  [ ok ] initial history stays invalid for 256 timestamps
  [ ok ] initial history stays invalid for 256 timestamps
  [ ok ] initial history stays invalid for 256 timestamps
  [ ok ] initial history stays invalid for 256 timestamps
  [ ok ] initial history stays invalid for 256 timestamps
  [ ok ] initial history stays invalid for 256 timestamps
  [ ok ] initial history stays invalid for 256 timestamps
  [ ok ] initial history stays invalid for 256 timestamps
  [ ok ] initial history stays invalid for 256 timestamps
  [ ok ] initial history stays invalid for 256 timestamps
  [ ok ] initial history stays invalid for 256 timestamps
  [ ok ] initial history stays invalid for 256 timestamps
  [ ok ] initial history stays invalid for 256 timestamps
  [ ok ] initial history stays invalid for 256 timestamps
  [ ok ] initial history stays invalid for 256 timestamps
  [ ok ] initial history stays invalid for 256 timestamps
  [ ok ] initial history stays invalid for 256 timestamps
  [ ok ] initial history stays invalid for 256 timestamps
  [ ok ] initial history stays invalid for 256 timestamps
  [ ok ] initial history stays invalid for 256 timestamps
  [ ok ] initial history stays invalid for 256 timestamps
  [ ok ] initial history stays invalid for 256 timestamps
  [ ok ] initial history stays invalid for 256 timestamps
  [ ok ] initial history stays invalid for 256 timestamps
  [ ok ] initial history stays invalid for 256 timestamps
  [ ok ] initial history stays invalid for 256 timestamps
  [ ok ] initial history stays invalid for 256 timestamps
  [ ok ] initial history stays invalid for 256 timestamps
  [ ok ] initial history stays invalid for 256 timestamps
  [ ok ] initial history stays invalid for 256 timestamps
  [ ok ] initial history stays invalid for 256 timestamps
  [ ok ] initial history stays invalid for 256 timestamps
  [ ok ] initial history stays invalid for 256 timestamps
  [ ok ] initial history stays invalid for 256 timestamps
  [ ok ] initial history stays invalid for 256 timestamps
  [ ok ] initial history stays invalid for 256 timestamps
  [ ok ] initial history stays invalid for 256 timestamps
  [ ok ] initial history stays invalid for 256 timestamps
  [ ok ] initial history stays invalid for 256 timestamps
  [ ok ] initial history stays invalid for 256 timestamps
  [ ok ] initial history stays invalid for 256 timestamps
  [ ok ] initial history stays invalid for 256 timestamps
  [ ok ] initial history stays invalid for 256 timestamps
  [ ok ] initial history stays invalid for 256 timestamps
  [ ok ] initial history stays invalid for 256 timestamps
  [ ok ] initial history stays invalid for 256 timestamps
  [ ok ] initial history stays invalid for 256 timestamps
  [ ok ] initial history stays invalid for 256 timestamps
  [ ok ] initial history stays invalid for 256 timestamps
  [ ok ] initial history stays invalid for 256 timestamps
  [ ok ] initial history stays invalid for 256 timestamps
  [ ok ] initial history stays invalid for 256 timestamps
  [ ok ] initial history stays invalid for 256 timestamps
  [ ok ] initial history stays invalid for 256 timestamps
  [ ok ] initial history stays invalid for 256 timestamps
  [ ok ] initial history stays invalid for 256 timestamps
  [ ok ] initial history stays invalid for 256 timestamps
  [ ok ] initial history stays invalid for 256 timestamps
  [ ok ] initial history stays invalid for 256 timestamps
  [ ok ] initial history stays invalid for 256 timestamps
  [ ok ] initial history stays invalid for 256 timestamps
  [ ok ] initial history stays invalid for 256 timestamps
  [ ok ] initial history stays invalid for 256 timestamps
  [ ok ] initial history stays invalid for 256 timestamps
  [ ok ] initial history stays invalid for 256 timestamps
  [ ok ] initial history stays invalid for 256 timestamps
  [ ok ] initial history stays invalid for 256 timestamps
  [ ok ] initial history stays invalid for 256 timestamps
  [ ok ] initial history stays invalid for 256 timestamps
  [ ok ] initial history stays invalid for 256 timestamps
  [ ok ] initial history stays invalid for 256 timestamps
  [ ok ] initial history stays invalid for 256 timestamps
  [ ok ] initial history stays invalid for 256 timestamps
  [ ok ] initial history stays invalid for 256 timestamps
  [ ok ] initial history stays invalid for 256 timestamps
  [ ok ] initial history stays invalid for 256 timestamps
  [ ok ] initial history stays invalid for 256 timestamps
  [ ok ] initial history stays invalid for 256 timestamps
  [ ok ] initial history stays invalid for 256 timestamps
  [ ok ] initial history stays invalid for 256 timestamps
  [ ok ] initial history stays invalid for 256 timestamps
  [ ok ] initial history stays invalid for 256 timestamps
  [ ok ] initial history stays invalid for 256 timestamps
  [ ok ] initial history stays invalid for 256 timestamps
  [ ok ] initial history stays invalid for 256 timestamps
  [ ok ] initial history stays invalid for 256 timestamps
  [ ok ] initial history stays invalid for 256 timestamps
  [ ok ] initial history stays invalid for 256 timestamps
  [ ok ] initial history stays invalid for 256 timestamps
  [ ok ] initial history stays invalid for 256 timestamps
  [ ok ] initial history stays invalid for 256 timestamps
  [ ok ] initial history stays invalid for 256 timestamps
  [ ok ] initial history stays invalid for 256 timestamps
  [ ok ] initial history stays invalid for 256 timestamps
  [ ok ] initial history stays invalid for 256 timestamps
  [ ok ] initial history stays invalid for 256 timestamps
  [ ok ] initial history stays invalid for 256 timestamps
  [ ok ] initial history stays invalid for 256 timestamps
  [ ok ] initial history stays invalid for 256 timestamps
  [ ok ] initial history stays invalid for 256 timestamps
  [ ok ] initial history stays invalid for 256 timestamps
  [ ok ] initial history stays invalid for 256 timestamps
  [ ok ] initial history stays invalid for 256 timestamps
  [ ok ] initial history stays invalid for 256 timestamps
  [ ok ] initial history stays invalid for 256 timestamps
  [ ok ] initial history stays invalid for 256 timestamps
  [ ok ] initial history stays invalid for 256 timestamps
  [ ok ] initial history stays invalid for 256 timestamps
  [ ok ] initial history stays invalid for 256 timestamps
  [ ok ] initial history stays invalid for 256 timestamps
  [ ok ] initial history stays invalid for 256 timestamps
  [ ok ] initial history stays invalid for 256 timestamps
  [ ok ] initial history stays invalid for 256 timestamps
  [ ok ] initial history stays invalid for 256 timestamps
  [ ok ] initial history stays invalid for 256 timestamps
  [ ok ] initial history stays invalid for 256 timestamps
  [ ok ] initial history stays invalid for 256 timestamps
  [ ok ] initial history stays invalid for 256 timestamps
  [ ok ] initial history stays invalid for 256 timestamps
  [ ok ] initial history stays invalid for 256 timestamps
  [ ok ] initial history stays invalid for 256 timestamps
  [ ok ] initial history stays invalid for 256 timestamps
  [ ok ] initial history stays invalid for 256 timestamps
  [ ok ] initial history stays invalid for 256 timestamps
  [ ok ] initial history stays invalid for 256 timestamps
  [ ok ] initial history stays invalid for 256 timestamps
  [ ok ] initial history stays invalid for 256 timestamps
  [ ok ] initial history stays invalid for 256 timestamps
  [ ok ] initial history stays invalid for 256 timestamps
  [ ok ] initial history stays invalid for 256 timestamps
  [ ok ] initial history stays invalid for 256 timestamps
  [ ok ] initial history stays invalid for 256 timestamps
  [ ok ] initial history stays invalid for 256 timestamps
  [ ok ] initial history stays invalid for 256 timestamps
  [ ok ] initial history stays invalid for 256 timestamps
  [ ok ] initial history stays invalid for 256 timestamps
  [ ok ] initial history stays invalid for 256 timestamps
  [ ok ] initial history stays invalid for 256 timestamps
  [ ok ] initial history stays invalid for 256 timestamps
  [ ok ] initial history stays invalid for 256 timestamps
  [ ok ] initial history stays invalid for 256 timestamps
  [ ok ] initial history stays invalid for 256 timestamps
  [ ok ] initial history stays invalid for 256 timestamps
  [ ok ] initial history stays invalid for 256 timestamps
  [ ok ] initial history stays invalid for 256 timestamps
  [ ok ] initial history stays invalid for 256 timestamps
  [ ok ] initial history stays invalid for 256 timestamps
  [ ok ] initial history stays invalid for 256 timestamps
  [ ok ] initial history stays invalid for 256 timestamps
  [ ok ] initial history stays invalid for 256 timestamps
  [ ok ] initial history stays invalid for 256 timestamps
  [ ok ] initial history stays invalid for 256 timestamps
  [ ok ] initial history stays invalid for 256 timestamps
  [ ok ] initial history stays invalid for 256 timestamps
  [ ok ] initial history stays invalid for 256 timestamps
  [ ok ] initial history stays invalid for 256 timestamps
  [ ok ] initial history stays invalid for 256 timestamps
  [ ok ] initial history stays invalid for 256 timestamps
  [ ok ] initial history stays invalid for 256 timestamps
  [ ok ] initial history stays invalid for 256 timestamps
  [ ok ] initial history stays invalid for 256 timestamps
  [ ok ] initial history stays invalid for 256 timestamps
  [ ok ] initial history stays invalid for 256 timestamps
  [ ok ] initial history stays invalid for 256 timestamps
  [ ok ] initial history stays invalid for 256 timestamps
  [ ok ] initial history stays invalid for 256 timestamps
  [ ok ] initial history stays invalid for 256 timestamps
  [ ok ] initial history stays invalid for 256 timestamps
  [ ok ] initial history stays invalid for 256 timestamps
  [ ok ] initial history stays invalid for 256 timestamps
  [ ok ] initial history stays invalid for 256 timestamps
  [ ok ] initial history stays invalid for 256 timestamps
  [ ok ] initial history stays invalid for 256 timestamps
  [ ok ] initial history stays invalid for 256 timestamps
  [ ok ] initial history stays invalid for 256 timestamps
  [ ok ] initial history stays invalid for 256 timestamps
  [ ok ] initial history stays invalid for 256 timestamps
  [ ok ] initial history stays invalid for 256 timestamps
  [ ok ] initial history stays invalid for 256 timestamps
  [ ok ] initial history stays invalid for 256 timestamps
  [ ok ] initial history stays invalid for 256 timestamps
  [ ok ] initial history stays invalid for 256 timestamps
  [ ok ] initial history stays invalid for 256 timestamps
  [ ok ] initial history stays invalid for 256 timestamps
  [ ok ] initial history stays invalid for 256 timestamps
  [ ok ] initial history stays invalid for 256 timestamps
  [ ok ] initial history stays invalid for 256 timestamps
  [ ok ] initial history stays invalid for 256 timestamps
  [ ok ] initial history stays invalid for 256 timestamps
  [ ok ] initial history stays invalid for 256 timestamps
  [ ok ] initial history stays invalid for 256 timestamps
  [ ok ] initial history stays invalid for 256 timestamps
  [ ok ] initial history stays invalid for 256 timestamps
  [ ok ] initial history stays invalid for 256 timestamps
  [ ok ] initial history stays invalid for 256 timestamps
  [ ok ] initial history stays invalid for 256 timestamps
  [ ok ] initial history stays invalid for 256 timestamps
  [ ok ] initial history stays invalid for 256 timestamps
  [ ok ] initial history stays invalid for 256 timestamps
  [ ok ] initial history stays invalid for 256 timestamps
  [ ok ] initial history stays invalid for 256 timestamps
  [ ok ] initial history stays invalid for 256 timestamps
  [ ok ] initial history stays invalid for 256 timestamps
  [ ok ] initial history stays invalid for 256 timestamps
  [ ok ] initial history stays invalid for 256 timestamps
  [ ok ] initial history stays invalid for 256 timestamps
  [ ok ] initial history stays invalid for 256 timestamps
  [ ok ] initial history stays invalid for 256 timestamps
  [ ok ] initial history stays invalid for 256 timestamps
  [ ok ] initial history stays invalid for 256 timestamps
  [ ok ] initial history stays invalid for 256 timestamps
  [ ok ] initial history stays invalid for 256 timestamps
  [ ok ] initial history stays invalid for 256 timestamps
  [ ok ] initial history stays invalid for 256 timestamps
  [ ok ] initial history stays invalid for 256 timestamps
  [ ok ] initial history stays invalid for 256 timestamps
  [ ok ] initial history stays invalid for 256 timestamps
  [ ok ] initial history stays invalid for 256 timestamps
  [ ok ] initial history stays invalid for 256 timestamps
  [ ok ] initial history stays invalid for 256 timestamps
  [ ok ] initial history stays invalid for 256 timestamps
  [ ok ] initial history stays invalid for 256 timestamps
  [ ok ] initial history stays invalid for 256 timestamps
  [ ok ] initial history stays invalid for 256 timestamps
  [ ok ] initial history stays invalid for 256 timestamps
  [ ok ] initial history stays invalid for 256 timestamps
  [ ok ] initial history stays invalid for 256 timestamps
  [ ok ] initial history stays invalid for 256 timestamps
  [ ok ] initial history stays invalid for 256 timestamps
  [ ok ] initial history stays invalid for 256 timestamps
  [ ok ] initial history stays invalid for 256 timestamps
  [ ok ] initial history stays invalid for 256 timestamps
  [ ok ] initial history stays invalid for 256 timestamps
  [ ok ] initial history stays invalid for 256 timestamps
  [ ok ] initial history stays invalid for 256 timestamps
  [ ok ] initial history stays invalid for 256 timestamps
  [ ok ] initial history stays invalid for 256 timestamps
  [ ok ] initial history stays invalid for 256 timestamps
  [ ok ] initial history stays invalid for 256 timestamps
  [ ok ] initial history stays invalid for 256 timestamps
  [ ok ] initial history stays invalid for 256 timestamps
  [ ok ] initial history stays invalid for 256 timestamps
  [ ok ] initial history stays invalid for 256 timestamps
  [ ok ] initial history stays invalid for 256 timestamps
  [ ok ] initial history stays invalid for 256 timestamps
  [ ok ] initial history stays invalid for 256 timestamps
  [ ok ] initial history stays invalid for 256 timestamps
  [ ok ] initial history stays invalid for 256 timestamps
  [ ok ] initial history stays invalid for 256 timestamps
  [ ok ] 257th timestamp publishes a valid sample
  [ ok ] rate equals 256 source intervals minus nominal
  [ ok ] back-to-back marker cancels pending publication
  [ ok ] back-to-back marker leaves invalid history
  [ ok ] all 255 crossing intervals are withheld
  [ ok ] exactly 256 new intervals restore validity
  [ ok ] first clean rate excludes the phase jump
  [ ok ] lost PDU cannot poison a 256-PDU rate
  [ ok ] all 255 crossing intervals are withheld
  [ ok ] exactly 256 new intervals restore validity
  [ ok ] first clean rate excludes the phase jump
  [ ok ] duplicate PDU restarts the rate history
  [ ok ] all 255 crossing intervals are withheld
  [ ok ] exactly 256 new intervals restore validity
  [ ok ] first clean rate excludes the phase jump
  [ ok ] STOP gates sample validity immediately
  [ ok ] silence invalidates the old rate
  [ ok ] initial history stays invalid for 256 timestamps
  [ ok ] initial history stays invalid for 256 timestamps
  [ ok ] initial history stays invalid for 256 timestamps
  [ ok ] initial history stays invalid for 256 timestamps
  [ ok ] initial history stays invalid for 256 timestamps
  [ ok ] initial history stays invalid for 256 timestamps
  [ ok ] initial history stays invalid for 256 timestamps
  [ ok ] initial history stays invalid for 256 timestamps
  [ ok ] initial history stays invalid for 256 timestamps
  [ ok ] initial history stays invalid for 256 timestamps
  [ ok ] initial history stays invalid for 256 timestamps
  [ ok ] initial history stays invalid for 256 timestamps
  [ ok ] initial history stays invalid for 256 timestamps
  [ ok ] initial history stays invalid for 256 timestamps
  [ ok ] initial history stays invalid for 256 timestamps
  [ ok ] initial history stays invalid for 256 timestamps
  [ ok ] initial history stays invalid for 256 timestamps
  [ ok ] initial history stays invalid for 256 timestamps
  [ ok ] initial history stays invalid for 256 timestamps
  [ ok ] initial history stays invalid for 256 timestamps
  [ ok ] initial history stays invalid for 256 timestamps
  [ ok ] initial history stays invalid for 256 timestamps
  [ ok ] initial history stays invalid for 256 timestamps
  [ ok ] initial history stays invalid for 256 timestamps
  [ ok ] initial history stays invalid for 256 timestamps
  [ ok ] initial history stays invalid for 256 timestamps
  [ ok ] initial history stays invalid for 256 timestamps
  [ ok ] initial history stays invalid for 256 timestamps
  [ ok ] initial history stays invalid for 256 timestamps
  [ ok ] initial history stays invalid for 256 timestamps
  [ ok ] initial history stays invalid for 256 timestamps
  [ ok ] initial history stays invalid for 256 timestamps
  [ ok ] initial history stays invalid for 256 timestamps
  [ ok ] initial history stays invalid for 256 timestamps
  [ ok ] initial history stays invalid for 256 timestamps
  [ ok ] initial history stays invalid for 256 timestamps
  [ ok ] initial history stays invalid for 256 timestamps
  [ ok ] initial history stays invalid for 256 timestamps
  [ ok ] initial history stays invalid for 256 timestamps
  [ ok ] initial history stays invalid for 256 timestamps
  [ ok ] initial history stays invalid for 256 timestamps
  [ ok ] initial history stays invalid for 256 timestamps
  [ ok ] initial history stays invalid for 256 timestamps
  [ ok ] initial history stays invalid for 256 timestamps
  [ ok ] initial history stays invalid for 256 timestamps
  [ ok ] initial history stays invalid for 256 timestamps
  [ ok ] initial history stays invalid for 256 timestamps
  [ ok ] initial history stays invalid for 256 timestamps
  [ ok ] initial history stays invalid for 256 timestamps
  [ ok ] initial history stays invalid for 256 timestamps
  [ ok ] initial history stays invalid for 256 timestamps
  [ ok ] initial history stays invalid for 256 timestamps
  [ ok ] initial history stays invalid for 256 timestamps
  [ ok ] initial history stays invalid for 256 timestamps
  [ ok ] initial history stays invalid for 256 timestamps
  [ ok ] initial history stays invalid for 256 timestamps
  [ ok ] initial history stays invalid for 256 timestamps
  [ ok ] initial history stays invalid for 256 timestamps
  [ ok ] initial history stays invalid for 256 timestamps
  [ ok ] initial history stays invalid for 256 timestamps
  [ ok ] initial history stays invalid for 256 timestamps
  [ ok ] initial history stays invalid for 256 timestamps
  [ ok ] initial history stays invalid for 256 timestamps
  [ ok ] initial history stays invalid for 256 timestamps
  [ ok ] initial history stays invalid for 256 timestamps
  [ ok ] initial history stays invalid for 256 timestamps
  [ ok ] initial history stays invalid for 256 timestamps
  [ ok ] initial history stays invalid for 256 timestamps
  [ ok ] initial history stays invalid for 256 timestamps
  [ ok ] initial history stays invalid for 256 timestamps
  [ ok ] initial history stays invalid for 256 timestamps
  [ ok ] initial history stays invalid for 256 timestamps
  [ ok ] initial history stays invalid for 256 timestamps
  [ ok ] initial history stays invalid for 256 timestamps
  [ ok ] initial history stays invalid for 256 timestamps
  [ ok ] initial history stays invalid for 256 timestamps
  [ ok ] initial history stays invalid for 256 timestamps
  [ ok ] initial history stays invalid for 256 timestamps
  [ ok ] initial history stays invalid for 256 timestamps
  [ ok ] initial history stays invalid for 256 timestamps
  [ ok ] initial history stays invalid for 256 timestamps
  [ ok ] initial history stays invalid for 256 timestamps
  [ ok ] initial history stays invalid for 256 timestamps
  [ ok ] initial history stays invalid for 256 timestamps
  [ ok ] initial history stays invalid for 256 timestamps
  [ ok ] initial history stays invalid for 256 timestamps
  [ ok ] initial history stays invalid for 256 timestamps
  [ ok ] initial history stays invalid for 256 timestamps
  [ ok ] initial history stays invalid for 256 timestamps
  [ ok ] initial history stays invalid for 256 timestamps
  [ ok ] initial history stays invalid for 256 timestamps
  [ ok ] initial history stays invalid for 256 timestamps
  [ ok ] initial history stays invalid for 256 timestamps
  [ ok ] initial history stays invalid for 256 timestamps
  [ ok ] initial history stays invalid for 256 timestamps
  [ ok ] initial history stays invalid for 256 timestamps
  [ ok ] initial history stays invalid for 256 timestamps
  [ ok ] initial history stays invalid for 256 timestamps
  [ ok ] initial history stays invalid for 256 timestamps
  [ ok ] initial history stays invalid for 256 timestamps
  [ ok ] initial history stays invalid for 256 timestamps
  [ ok ] initial history stays invalid for 256 timestamps
  [ ok ] initial history stays invalid for 256 timestamps
  [ ok ] initial history stays invalid for 256 timestamps
  [ ok ] initial history stays invalid for 256 timestamps
  [ ok ] initial history stays invalid for 256 timestamps
  [ ok ] initial history stays invalid for 256 timestamps
  [ ok ] initial history stays invalid for 256 timestamps
  [ ok ] initial history stays invalid for 256 timestamps
  [ ok ] initial history stays invalid for 256 timestamps
  [ ok ] initial history stays invalid for 256 timestamps
  [ ok ] initial history stays invalid for 256 timestamps
  [ ok ] initial history stays invalid for 256 timestamps
  [ ok ] initial history stays invalid for 256 timestamps
  [ ok ] initial history stays invalid for 256 timestamps
  [ ok ] initial history stays invalid for 256 timestamps
  [ ok ] initial history stays invalid for 256 timestamps
  [ ok ] initial history stays invalid for 256 timestamps
  [ ok ] initial history stays invalid for 256 timestamps
  [ ok ] initial history stays invalid for 256 timestamps
  [ ok ] initial history stays invalid for 256 timestamps
  [ ok ] initial history stays invalid for 256 timestamps
  [ ok ] initial history stays invalid for 256 timestamps
  [ ok ] initial history stays invalid for 256 timestamps
  [ ok ] initial history stays invalid for 256 timestamps
  [ ok ] initial history stays invalid for 256 timestamps
  [ ok ] initial history stays invalid for 256 timestamps
  [ ok ] initial history stays invalid for 256 timestamps
  [ ok ] initial history stays invalid for 256 timestamps
  [ ok ] initial history stays invalid for 256 timestamps
  [ ok ] initial history stays invalid for 256 timestamps
  [ ok ] initial history stays invalid for 256 timestamps
  [ ok ] initial history stays invalid for 256 timestamps
  [ ok ] initial history stays invalid for 256 timestamps
  [ ok ] initial history stays invalid for 256 timestamps
  [ ok ] initial history stays invalid for 256 timestamps
  [ ok ] initial history stays invalid for 256 timestamps
  [ ok ] initial history stays invalid for 256 timestamps
  [ ok ] initial history stays invalid for 256 timestamps
  [ ok ] initial history stays invalid for 256 timestamps
  [ ok ] initial history stays invalid for 256 timestamps
  [ ok ] initial history stays invalid for 256 timestamps
  [ ok ] initial history stays invalid for 256 timestamps
  [ ok ] initial history stays invalid for 256 timestamps
  [ ok ] initial history stays invalid for 256 timestamps
  [ ok ] initial history stays invalid for 256 timestamps
  [ ok ] initial history stays invalid for 256 timestamps
  [ ok ] initial history stays invalid for 256 timestamps
  [ ok ] initial history stays invalid for 256 timestamps
  [ ok ] initial history stays invalid for 256 timestamps
  [ ok ] initial history stays invalid for 256 timestamps
  [ ok ] initial history stays invalid for 256 timestamps
  [ ok ] initial history stays invalid for 256 timestamps
  [ ok ] initial history stays invalid for 256 timestamps
  [ ok ] initial history stays invalid for 256 timestamps
  [ ok ] initial history stays invalid for 256 timestamps
  [ ok ] initial history stays invalid for 256 timestamps
  [ ok ] initial history stays invalid for 256 timestamps
  [ ok ] initial history stays invalid for 256 timestamps
  [ ok ] initial history stays invalid for 256 timestamps
  [ ok ] initial history stays invalid for 256 timestamps
  [ ok ] initial history stays invalid for 256 timestamps
  [ ok ] initial history stays invalid for 256 timestamps
  [ ok ] initial history stays invalid for 256 timestamps
  [ ok ] initial history stays invalid for 256 timestamps
  [ ok ] initial history stays invalid for 256 timestamps
  [ ok ] initial history stays invalid for 256 timestamps
  [ ok ] initial history stays invalid for 256 timestamps
  [ ok ] initial history stays invalid for 256 timestamps
  [ ok ] initial history stays invalid for 256 timestamps
  [ ok ] initial history stays invalid for 256 timestamps
  [ ok ] initial history stays invalid for 256 timestamps
  [ ok ] initial history stays invalid for 256 timestamps
  [ ok ] initial history stays invalid for 256 timestamps
  [ ok ] initial history stays invalid for 256 timestamps
  [ ok ] initial history stays invalid for 256 timestamps
  [ ok ] initial history stays invalid for 256 timestamps
  [ ok ] initial history stays invalid for 256 timestamps
  [ ok ] initial history stays invalid for 256 timestamps
  [ ok ] initial history stays invalid for 256 timestamps
  [ ok ] initial history stays invalid for 256 timestamps
  [ ok ] initial history stays invalid for 256 timestamps
  [ ok ] initial history stays invalid for 256 timestamps
  [ ok ] initial history stays invalid for 256 timestamps
  [ ok ] initial history stays invalid for 256 timestamps
  [ ok ] initial history stays invalid for 256 timestamps
  [ ok ] initial history stays invalid for 256 timestamps
  [ ok ] initial history stays invalid for 256 timestamps
  [ ok ] initial history stays invalid for 256 timestamps
  [ ok ] initial history stays invalid for 256 timestamps
  [ ok ] initial history stays invalid for 256 timestamps
  [ ok ] initial history stays invalid for 256 timestamps
  [ ok ] initial history stays invalid for 256 timestamps
  [ ok ] initial history stays invalid for 256 timestamps
  [ ok ] initial history stays invalid for 256 timestamps
  [ ok ] initial history stays invalid for 256 timestamps
  [ ok ] initial history stays invalid for 256 timestamps
  [ ok ] initial history stays invalid for 256 timestamps
  [ ok ] initial history stays invalid for 256 timestamps
  [ ok ] initial history stays invalid for 256 timestamps
  [ ok ] initial history stays invalid for 256 timestamps
  [ ok ] initial history stays invalid for 256 timestamps
  [ ok ] initial history stays invalid for 256 timestamps
  [ ok ] initial history stays invalid for 256 timestamps
  [ ok ] initial history stays invalid for 256 timestamps
  [ ok ] initial history stays invalid for 256 timestamps
  [ ok ] initial history stays invalid for 256 timestamps
  [ ok ] initial history stays invalid for 256 timestamps
  [ ok ] initial history stays invalid for 256 timestamps
  [ ok ] initial history stays invalid for 256 timestamps
  [ ok ] initial history stays invalid for 256 timestamps
  [ ok ] initial history stays invalid for 256 timestamps
  [ ok ] initial history stays invalid for 256 timestamps
  [ ok ] initial history stays invalid for 256 timestamps
  [ ok ] initial history stays invalid for 256 timestamps
  [ ok ] initial history stays invalid for 256 timestamps
  [ ok ] initial history stays invalid for 256 timestamps
  [ ok ] initial history stays invalid for 256 timestamps
  [ ok ] initial history stays invalid for 256 timestamps
  [ ok ] initial history stays invalid for 256 timestamps
  [ ok ] initial history stays invalid for 256 timestamps
  [ ok ] initial history stays invalid for 256 timestamps
  [ ok ] initial history stays invalid for 256 timestamps
  [ ok ] initial history stays invalid for 256 timestamps
  [ ok ] initial history stays invalid for 256 timestamps
  [ ok ] initial history stays invalid for 256 timestamps
  [ ok ] initial history stays invalid for 256 timestamps
  [ ok ] initial history stays invalid for 256 timestamps
  [ ok ] initial history stays invalid for 256 timestamps
  [ ok ] initial history stays invalid for 256 timestamps
  [ ok ] initial history stays invalid for 256 timestamps
  [ ok ] initial history stays invalid for 256 timestamps
  [ ok ] initial history stays invalid for 256 timestamps
  [ ok ] initial history stays invalid for 256 timestamps
  [ ok ] initial history stays invalid for 256 timestamps
  [ ok ] initial history stays invalid for 256 timestamps
  [ ok ] initial history stays invalid for 256 timestamps
  [ ok ] initial history stays invalid for 256 timestamps
  [ ok ] initial history stays invalid for 256 timestamps
  [ ok ] initial history stays invalid for 256 timestamps
  [ ok ] initial history stays invalid for 256 timestamps
  [ ok ] initial history stays invalid for 256 timestamps
  [ ok ] initial history stays invalid for 256 timestamps
  [ ok ] initial history stays invalid for 256 timestamps
  [ ok ] initial history stays invalid for 256 timestamps
  [ ok ] initial history stays invalid for 256 timestamps
  [ ok ] initial history stays invalid for 256 timestamps
  [ ok ] initial history stays invalid for 256 timestamps
  [ ok ] initial history stays invalid for 256 timestamps
  [ ok ] initial history stays invalid for 256 timestamps
  [ ok ] initial history stays invalid for 256 timestamps
  [ ok ] initial history stays invalid for 256 timestamps
  [ ok ] initial history stays invalid for 256 timestamps
  [ ok ] initial history stays invalid for 256 timestamps
  [ ok ] initial history stays invalid for 256 timestamps
  [ ok ] initial history stays invalid for 256 timestamps
  [ ok ] 257th timestamp publishes a valid sample
  [ ok ] rate equals 256 source intervals minus nominal
  [ ok ] rebind invalidates old history
  [ ok ] initial history stays invalid for 256 timestamps
  [ ok ] initial history stays invalid for 256 timestamps
  [ ok ] initial history stays invalid for 256 timestamps
  [ ok ] initial history stays invalid for 256 timestamps
  [ ok ] initial history stays invalid for 256 timestamps
  [ ok ] initial history stays invalid for 256 timestamps
  [ ok ] initial history stays invalid for 256 timestamps
  [ ok ] initial history stays invalid for 256 timestamps
  [ ok ] initial history stays invalid for 256 timestamps
  [ ok ] initial history stays invalid for 256 timestamps
  [ ok ] initial history stays invalid for 256 timestamps
  [ ok ] initial history stays invalid for 256 timestamps
  [ ok ] initial history stays invalid for 256 timestamps
  [ ok ] initial history stays invalid for 256 timestamps
  [ ok ] initial history stays invalid for 256 timestamps
  [ ok ] initial history stays invalid for 256 timestamps
  [ ok ] initial history stays invalid for 256 timestamps
  [ ok ] initial history stays invalid for 256 timestamps
  [ ok ] initial history stays invalid for 256 timestamps
  [ ok ] initial history stays invalid for 256 timestamps
  [ ok ] initial history stays invalid for 256 timestamps
  [ ok ] initial history stays invalid for 256 timestamps
  [ ok ] initial history stays invalid for 256 timestamps
  [ ok ] initial history stays invalid for 256 timestamps
  [ ok ] initial history stays invalid for 256 timestamps
  [ ok ] initial history stays invalid for 256 timestamps
  [ ok ] initial history stays invalid for 256 timestamps
  [ ok ] initial history stays invalid for 256 timestamps
  [ ok ] initial history stays invalid for 256 timestamps
  [ ok ] initial history stays invalid for 256 timestamps
  [ ok ] initial history stays invalid for 256 timestamps
  [ ok ] initial history stays invalid for 256 timestamps
  [ ok ] initial history stays invalid for 256 timestamps
  [ ok ] initial history stays invalid for 256 timestamps
  [ ok ] initial history stays invalid for 256 timestamps
  [ ok ] initial history stays invalid for 256 timestamps
  [ ok ] initial history stays invalid for 256 timestamps
  [ ok ] initial history stays invalid for 256 timestamps
  [ ok ] initial history stays invalid for 256 timestamps
  [ ok ] initial history stays invalid for 256 timestamps
  [ ok ] initial history stays invalid for 256 timestamps
  [ ok ] initial history stays invalid for 256 timestamps
  [ ok ] initial history stays invalid for 256 timestamps
  [ ok ] initial history stays invalid for 256 timestamps
  [ ok ] initial history stays invalid for 256 timestamps
  [ ok ] initial history stays invalid for 256 timestamps
  [ ok ] initial history stays invalid for 256 timestamps
  [ ok ] initial history stays invalid for 256 timestamps
  [ ok ] initial history stays invalid for 256 timestamps
  [ ok ] initial history stays invalid for 256 timestamps
  [ ok ] initial history stays invalid for 256 timestamps
  [ ok ] initial history stays invalid for 256 timestamps
  [ ok ] initial history stays invalid for 256 timestamps
  [ ok ] initial history stays invalid for 256 timestamps
  [ ok ] initial history stays invalid for 256 timestamps
  [ ok ] initial history stays invalid for 256 timestamps
  [ ok ] initial history stays invalid for 256 timestamps
  [ ok ] initial history stays invalid for 256 timestamps
  [ ok ] initial history stays invalid for 256 timestamps
  [ ok ] initial history stays invalid for 256 timestamps
  [ ok ] initial history stays invalid for 256 timestamps
  [ ok ] initial history stays invalid for 256 timestamps
  [ ok ] initial history stays invalid for 256 timestamps
  [ ok ] initial history stays invalid for 256 timestamps
  [ ok ] initial history stays invalid for 256 timestamps
  [ ok ] initial history stays invalid for 256 timestamps
  [ ok ] initial history stays invalid for 256 timestamps
  [ ok ] initial history stays invalid for 256 timestamps
  [ ok ] initial history stays invalid for 256 timestamps
  [ ok ] initial history stays invalid for 256 timestamps
  [ ok ] initial history stays invalid for 256 timestamps
  [ ok ] initial history stays invalid for 256 timestamps
  [ ok ] initial history stays invalid for 256 timestamps
  [ ok ] initial history stays invalid for 256 timestamps
  [ ok ] initial history stays invalid for 256 timestamps
  [ ok ] initial history stays invalid for 256 timestamps
  [ ok ] initial history stays invalid for 256 timestamps
  [ ok ] initial history stays invalid for 256 timestamps
  [ ok ] initial history stays invalid for 256 timestamps
  [ ok ] initial history stays invalid for 256 timestamps
  [ ok ] initial history stays invalid for 256 timestamps
  [ ok ] initial history stays invalid for 256 timestamps
  [ ok ] initial history stays invalid for 256 timestamps
  [ ok ] initial history stays invalid for 256 timestamps
  [ ok ] initial history stays invalid for 256 timestamps
  [ ok ] initial history stays invalid for 256 timestamps
  [ ok ] initial history stays invalid for 256 timestamps
  [ ok ] initial history stays invalid for 256 timestamps
  [ ok ] initial history stays invalid for 256 timestamps
  [ ok ] initial history stays invalid for 256 timestamps
  [ ok ] initial history stays invalid for 256 timestamps
  [ ok ] initial history stays invalid for 256 timestamps
  [ ok ] initial history stays invalid for 256 timestamps
  [ ok ] initial history stays invalid for 256 timestamps
  [ ok ] initial history stays invalid for 256 timestamps
  [ ok ] initial history stays invalid for 256 timestamps
  [ ok ] initial history stays invalid for 256 timestamps
  [ ok ] initial history stays invalid for 256 timestamps
  [ ok ] initial history stays invalid for 256 timestamps
  [ ok ] initial history stays invalid for 256 timestamps
  [ ok ] initial history stays invalid for 256 timestamps
  [ ok ] initial history stays invalid for 256 timestamps
  [ ok ] initial history stays invalid for 256 timestamps
  [ ok ] initial history stays invalid for 256 timestamps
  [ ok ] initial history stays invalid for 256 timestamps
  [ ok ] initial history stays invalid for 256 timestamps
  [ ok ] initial history stays invalid for 256 timestamps
  [ ok ] initial history stays invalid for 256 timestamps
  [ ok ] initial history stays invalid for 256 timestamps
  [ ok ] initial history stays invalid for 256 timestamps
  [ ok ] initial history stays invalid for 256 timestamps
  [ ok ] initial history stays invalid for 256 timestamps
  [ ok ] initial history stays invalid for 256 timestamps
  [ ok ] initial history stays invalid for 256 timestamps
  [ ok ] initial history stays invalid for 256 timestamps
  [ ok ] initial history stays invalid for 256 timestamps
  [ ok ] initial history stays invalid for 256 timestamps
  [ ok ] initial history stays invalid for 256 timestamps
  [ ok ] initial history stays invalid for 256 timestamps
  [ ok ] initial history stays invalid for 256 timestamps
  [ ok ] initial history stays invalid for 256 timestamps
  [ ok ] initial history stays invalid for 256 timestamps
  [ ok ] initial history stays invalid for 256 timestamps
  [ ok ] initial history stays invalid for 256 timestamps
  [ ok ] initial history stays invalid for 256 timestamps
  [ ok ] initial history stays invalid for 256 timestamps
  [ ok ] initial history stays invalid for 256 timestamps
  [ ok ] initial history stays invalid for 256 timestamps
  [ ok ] initial history stays invalid for 256 timestamps
  [ ok ] initial history stays invalid for 256 timestamps
  [ ok ] initial history stays invalid for 256 timestamps
  [ ok ] initial history stays invalid for 256 timestamps
  [ ok ] initial history stays invalid for 256 timestamps
  [ ok ] initial history stays invalid for 256 timestamps
  [ ok ] initial history stays invalid for 256 timestamps
  [ ok ] initial history stays invalid for 256 timestamps
  [ ok ] initial history stays invalid for 256 timestamps
  [ ok ] initial history stays invalid for 256 timestamps
  [ ok ] initial history stays invalid for 256 timestamps
  [ ok ] initial history stays invalid for 256 timestamps
  [ ok ] initial history stays invalid for 256 timestamps
  [ ok ] initial history stays invalid for 256 timestamps
  [ ok ] initial history stays invalid for 256 timestamps
  [ ok ] initial history stays invalid for 256 timestamps
  [ ok ] initial history stays invalid for 256 timestamps
  [ ok ] initial history stays invalid for 256 timestamps
  [ ok ] initial history stays invalid for 256 timestamps
  [ ok ] initial history stays invalid for 256 timestamps
  [ ok ] initial history stays invalid for 256 timestamps
  [ ok ] initial history stays invalid for 256 timestamps
  [ ok ] initial history stays invalid for 256 timestamps
  [ ok ] initial history stays invalid for 256 timestamps
  [ ok ] initial history stays invalid for 256 timestamps
  [ ok ] initial history stays invalid for 256 timestamps
  [ ok ] initial history stays invalid for 256 timestamps
  [ ok ] initial history stays invalid for 256 timestamps
  [ ok ] initial history stays invalid for 256 timestamps
  [ ok ] initial history stays invalid for 256 timestamps
  [ ok ] initial history stays invalid for 256 timestamps
  [ ok ] initial history stays invalid for 256 timestamps
  [ ok ] initial history stays invalid for 256 timestamps
  [ ok ] initial history stays invalid for 256 timestamps
  [ ok ] initial history stays invalid for 256 timestamps
  [ ok ] initial history stays invalid for 256 timestamps
  [ ok ] initial history stays invalid for 256 timestamps
  [ ok ] initial history stays invalid for 256 timestamps
  [ ok ] initial history stays invalid for 256 timestamps
  [ ok ] initial history stays invalid for 256 timestamps
  [ ok ] initial history stays invalid for 256 timestamps
  [ ok ] initial history stays invalid for 256 timestamps
  [ ok ] initial history stays invalid for 256 timestamps
  [ ok ] initial history stays invalid for 256 timestamps
  [ ok ] initial history stays invalid for 256 timestamps
  [ ok ] initial history stays invalid for 256 timestamps
  [ ok ] initial history stays invalid for 256 timestamps
  [ ok ] initial history stays invalid for 256 timestamps
  [ ok ] initial history stays invalid for 256 timestamps
  [ ok ] initial history stays invalid for 256 timestamps
  [ ok ] initial history stays invalid for 256 timestamps
  [ ok ] initial history stays invalid for 256 timestamps
  [ ok ] initial history stays invalid for 256 timestamps
  [ ok ] initial history stays invalid for 256 timestamps
  [ ok ] initial history stays invalid for 256 timestamps
  [ ok ] initial history stays invalid for 256 timestamps
  [ ok ] initial history stays invalid for 256 timestamps
  [ ok ] initial history stays invalid for 256 timestamps
  [ ok ] initial history stays invalid for 256 timestamps
  [ ok ] initial history stays invalid for 256 timestamps
  [ ok ] initial history stays invalid for 256 timestamps
  [ ok ] initial history stays invalid for 256 timestamps
  [ ok ] initial history stays invalid for 256 timestamps
  [ ok ] initial history stays invalid for 256 timestamps
  [ ok ] initial history stays invalid for 256 timestamps
  [ ok ] initial history stays invalid for 256 timestamps
  [ ok ] initial history stays invalid for 256 timestamps
  [ ok ] initial history stays invalid for 256 timestamps
  [ ok ] initial history stays invalid for 256 timestamps
  [ ok ] initial history stays invalid for 256 timestamps
  [ ok ] initial history stays invalid for 256 timestamps
  [ ok ] initial history stays invalid for 256 timestamps
  [ ok ] initial history stays invalid for 256 timestamps
  [ ok ] initial history stays invalid for 256 timestamps
  [ ok ] initial history stays invalid for 256 timestamps
  [ ok ] initial history stays invalid for 256 timestamps
  [ ok ] initial history stays invalid for 256 timestamps
  [ ok ] initial history stays invalid for 256 timestamps
  [ ok ] initial history stays invalid for 256 timestamps
  [ ok ] initial history stays invalid for 256 timestamps
  [ ok ] initial history stays invalid for 256 timestamps
  [ ok ] initial history stays invalid for 256 timestamps
  [ ok ] initial history stays invalid for 256 timestamps
  [ ok ] initial history stays invalid for 256 timestamps
  [ ok ] initial history stays invalid for 256 timestamps
  [ ok ] initial history stays invalid for 256 timestamps
  [ ok ] initial history stays invalid for 256 timestamps
  [ ok ] initial history stays invalid for 256 timestamps
  [ ok ] initial history stays invalid for 256 timestamps
  [ ok ] initial history stays invalid for 256 timestamps
  [ ok ] initial history stays invalid for 256 timestamps
  [ ok ] initial history stays invalid for 256 timestamps
  [ ok ] initial history stays invalid for 256 timestamps
  [ ok ] initial history stays invalid for 256 timestamps
  [ ok ] initial history stays invalid for 256 timestamps
  [ ok ] initial history stays invalid for 256 timestamps
  [ ok ] initial history stays invalid for 256 timestamps
  [ ok ] initial history stays invalid for 256 timestamps
  [ ok ] initial history stays invalid for 256 timestamps
  [ ok ] initial history stays invalid for 256 timestamps
  [ ok ] initial history stays invalid for 256 timestamps
  [ ok ] initial history stays invalid for 256 timestamps
  [ ok ] initial history stays invalid for 256 timestamps
  [ ok ] initial history stays invalid for 256 timestamps
  [ ok ] initial history stays invalid for 256 timestamps
  [ ok ] initial history stays invalid for 256 timestamps
  [ ok ] initial history stays invalid for 256 timestamps
  [ ok ] initial history stays invalid for 256 timestamps
  [ ok ] initial history stays invalid for 256 timestamps
  [ ok ] initial history stays invalid for 256 timestamps
  [ ok ] initial history stays invalid for 256 timestamps
  [ ok ] initial history stays invalid for 256 timestamps
  [ ok ] initial history stays invalid for 256 timestamps
  [ ok ] initial history stays invalid for 256 timestamps
  [ ok ] initial history stays invalid for 256 timestamps
  [ ok ] initial history stays invalid for 256 timestamps
  [ ok ] initial history stays invalid for 256 timestamps
  [ ok ] initial history stays invalid for 256 timestamps
  [ ok ] initial history stays invalid for 256 timestamps
  [ ok ] initial history stays invalid for 256 timestamps
  [ ok ] initial history stays invalid for 256 timestamps
  [ ok ] initial history stays invalid for 256 timestamps
  [ ok ] initial history stays invalid for 256 timestamps
  [ ok ] initial history stays invalid for 256 timestamps
  [ ok ] initial history stays invalid for 256 timestamps
  [ ok ] initial history stays invalid for 256 timestamps
  [ ok ] initial history stays invalid for 256 timestamps
  [ ok ] initial history stays invalid for 256 timestamps
  [ ok ] 257th timestamp publishes a valid sample
  [ ok ] rate equals 256 source intervals minus nominal
  [ ok ] reset invalidates history
  [ ok ] initial history stays invalid for 256 timestamps
  [ ok ] initial history stays invalid for 256 timestamps
  [ ok ] initial history stays invalid for 256 timestamps
  [ ok ] initial history stays invalid for 256 timestamps
  [ ok ] initial history stays invalid for 256 timestamps
  [ ok ] initial history stays invalid for 256 timestamps
  [ ok ] initial history stays invalid for 256 timestamps
  [ ok ] initial history stays invalid for 256 timestamps
  [ ok ] initial history stays invalid for 256 timestamps
  [ ok ] initial history stays invalid for 256 timestamps
  [ ok ] initial history stays invalid for 256 timestamps
  [ ok ] initial history stays invalid for 256 timestamps
  [ ok ] initial history stays invalid for 256 timestamps
  [ ok ] initial history stays invalid for 256 timestamps
  [ ok ] initial history stays invalid for 256 timestamps
  [ ok ] initial history stays invalid for 256 timestamps
  [ ok ] initial history stays invalid for 256 timestamps
  [ ok ] initial history stays invalid for 256 timestamps
  [ ok ] initial history stays invalid for 256 timestamps
  [ ok ] initial history stays invalid for 256 timestamps
  [ ok ] initial history stays invalid for 256 timestamps
  [ ok ] initial history stays invalid for 256 timestamps
  [ ok ] initial history stays invalid for 256 timestamps
  [ ok ] initial history stays invalid for 256 timestamps
  [ ok ] initial history stays invalid for 256 timestamps
  [ ok ] initial history stays invalid for 256 timestamps
  [ ok ] initial history stays invalid for 256 timestamps
  [ ok ] initial history stays invalid for 256 timestamps
  [ ok ] initial history stays invalid for 256 timestamps
  [ ok ] initial history stays invalid for 256 timestamps
  [ ok ] initial history stays invalid for 256 timestamps
  [ ok ] initial history stays invalid for 256 timestamps
  [ ok ] initial history stays invalid for 256 timestamps
  [ ok ] initial history stays invalid for 256 timestamps
  [ ok ] initial history stays invalid for 256 timestamps
  [ ok ] initial history stays invalid for 256 timestamps
  [ ok ] initial history stays invalid for 256 timestamps
  [ ok ] initial history stays invalid for 256 timestamps
  [ ok ] initial history stays invalid for 256 timestamps
  [ ok ] initial history stays invalid for 256 timestamps
  [ ok ] initial history stays invalid for 256 timestamps
  [ ok ] initial history stays invalid for 256 timestamps
  [ ok ] initial history stays invalid for 256 timestamps
  [ ok ] initial history stays invalid for 256 timestamps
  [ ok ] initial history stays invalid for 256 timestamps
  [ ok ] initial history stays invalid for 256 timestamps
  [ ok ] initial history stays invalid for 256 timestamps
  [ ok ] initial history stays invalid for 256 timestamps
  [ ok ] initial history stays invalid for 256 timestamps
  [ ok ] initial history stays invalid for 256 timestamps
  [ ok ] initial history stays invalid for 256 timestamps
  [ ok ] initial history stays invalid for 256 timestamps
  [ ok ] initial history stays invalid for 256 timestamps
  [ ok ] initial history stays invalid for 256 timestamps
  [ ok ] initial history stays invalid for 256 timestamps
  [ ok ] initial history stays invalid for 256 timestamps
  [ ok ] initial history stays invalid for 256 timestamps
  [ ok ] initial history stays invalid for 256 timestamps
  [ ok ] initial history stays invalid for 256 timestamps
  [ ok ] initial history stays invalid for 256 timestamps
  [ ok ] initial history stays invalid for 256 timestamps
  [ ok ] initial history stays invalid for 256 timestamps
  [ ok ] initial history stays invalid for 256 timestamps
  [ ok ] initial history stays invalid for 256 timestamps
  [ ok ] initial history stays invalid for 256 timestamps
  [ ok ] initial history stays invalid for 256 timestamps
  [ ok ] initial history stays invalid for 256 timestamps
  [ ok ] initial history stays invalid for 256 timestamps
  [ ok ] initial history stays invalid for 256 timestamps
  [ ok ] initial history stays invalid for 256 timestamps
  [ ok ] initial history stays invalid for 256 timestamps
  [ ok ] initial history stays invalid for 256 timestamps
  [ ok ] initial history stays invalid for 256 timestamps
  [ ok ] initial history stays invalid for 256 timestamps
  [ ok ] initial history stays invalid for 256 timestamps
  [ ok ] initial history stays invalid for 256 timestamps
  [ ok ] initial history stays invalid for 256 timestamps
  [ ok ] initial history stays invalid for 256 timestamps
  [ ok ] initial history stays invalid for 256 timestamps
  [ ok ] initial history stays invalid for 256 timestamps
  [ ok ] initial history stays invalid for 256 timestamps
  [ ok ] initial history stays invalid for 256 timestamps
  [ ok ] initial history stays invalid for 256 timestamps
  [ ok ] initial history stays invalid for 256 timestamps
  [ ok ] initial history stays invalid for 256 timestamps
  [ ok ] initial history stays invalid for 256 timestamps
  [ ok ] initial history stays invalid for 256 timestamps
  [ ok ] initial history stays invalid for 256 timestamps
  [ ok ] initial history stays invalid for 256 timestamps
  [ ok ] initial history stays invalid for 256 timestamps
  [ ok ] initial history stays invalid for 256 timestamps
  [ ok ] initial history stays invalid for 256 timestamps
  [ ok ] initial history stays invalid for 256 timestamps
  [ ok ] initial history stays invalid for 256 timestamps
  [ ok ] initial history stays invalid for 256 timestamps
  [ ok ] initial history stays invalid for 256 timestamps
  [ ok ] initial history stays invalid for 256 timestamps
  [ ok ] initial history stays invalid for 256 timestamps
  [ ok ] initial history stays invalid for 256 timestamps
  [ ok ] initial history stays invalid for 256 timestamps
  [ ok ] initial history stays invalid for 256 timestamps
  [ ok ] initial history stays invalid for 256 timestamps
  [ ok ] initial history stays invalid for 256 timestamps
  [ ok ] initial history stays invalid for 256 timestamps
  [ ok ] initial history stays invalid for 256 timestamps
  [ ok ] initial history stays invalid for 256 timestamps
  [ ok ] initial history stays invalid for 256 timestamps
  [ ok ] initial history stays invalid for 256 timestamps
  [ ok ] initial history stays invalid for 256 timestamps
  [ ok ] initial history stays invalid for 256 timestamps
  [ ok ] initial history stays invalid for 256 timestamps
  [ ok ] initial history stays invalid for 256 timestamps
  [ ok ] initial history stays invalid for 256 timestamps
  [ ok ] initial history stays invalid for 256 timestamps
  [ ok ] initial history stays invalid for 256 timestamps
  [ ok ] initial history stays invalid for 256 timestamps
  [ ok ] initial history stays invalid for 256 timestamps
  [ ok ] initial history stays invalid for 256 timestamps
  [ ok ] initial history stays invalid for 256 timestamps
  [ ok ] initial history stays invalid for 256 timestamps
  [ ok ] initial history stays invalid for 256 timestamps
  [ ok ] initial history stays invalid for 256 timestamps
  [ ok ] initial history stays invalid for 256 timestamps
  [ ok ] initial history stays invalid for 256 timestamps
  [ ok ] initial history stays invalid for 256 timestamps
  [ ok ] initial history stays invalid for 256 timestamps
  [ ok ] initial history stays invalid for 256 timestamps
  [ ok ] initial history stays invalid for 256 timestamps
  [ ok ] initial history stays invalid for 256 timestamps
  [ ok ] initial history stays invalid for 256 timestamps
  [ ok ] initial history stays invalid for 256 timestamps
  [ ok ] initial history stays invalid for 256 timestamps
  [ ok ] initial history stays invalid for 256 timestamps
  [ ok ] initial history stays invalid for 256 timestamps
  [ ok ] initial history stays invalid for 256 timestamps
  [ ok ] initial history stays invalid for 256 timestamps
  [ ok ] initial history stays invalid for 256 timestamps
  [ ok ] initial history stays invalid for 256 timestamps
  [ ok ] initial history stays invalid for 256 timestamps
  [ ok ] initial history stays invalid for 256 timestamps
  [ ok ] initial history stays invalid for 256 timestamps
  [ ok ] initial history stays invalid for 256 timestamps
  [ ok ] initial history stays invalid for 256 timestamps
  [ ok ] initial history stays invalid for 256 timestamps
  [ ok ] initial history stays invalid for 256 timestamps
  [ ok ] initial history stays invalid for 256 timestamps
  [ ok ] initial history stays invalid for 256 timestamps
  [ ok ] initial history stays invalid for 256 timestamps
  [ ok ] initial history stays invalid for 256 timestamps
  [ ok ] initial history stays invalid for 256 timestamps
  [ ok ] initial history stays invalid for 256 timestamps
  [ ok ] initial history stays invalid for 256 timestamps
  [ ok ] initial history stays invalid for 256 timestamps
  [ ok ] initial history stays invalid for 256 timestamps
  [ ok ] initial history stays invalid for 256 timestamps
  [ ok ] initial history stays invalid for 256 timestamps
  [ ok ] initial history stays invalid for 256 timestamps
  [ ok ] initial history stays invalid for 256 timestamps
  [ ok ] initial history stays invalid for 256 timestamps
  [ ok ] initial history stays invalid for 256 timestamps
  [ ok ] initial history stays invalid for 256 timestamps
  [ ok ] initial history stays invalid for 256 timestamps
  [ ok ] initial history stays invalid for 256 timestamps
  [ ok ] initial history stays invalid for 256 timestamps
  [ ok ] initial history stays invalid for 256 timestamps
  [ ok ] initial history stays invalid for 256 timestamps
  [ ok ] initial history stays invalid for 256 timestamps
  [ ok ] initial history stays invalid for 256 timestamps
  [ ok ] initial history stays invalid for 256 timestamps
  [ ok ] initial history stays invalid for 256 timestamps
  [ ok ] initial history stays invalid for 256 timestamps
  [ ok ] initial history stays invalid for 256 timestamps
  [ ok ] initial history stays invalid for 256 timestamps
  [ ok ] initial history stays invalid for 256 timestamps
  [ ok ] initial history stays invalid for 256 timestamps
  [ ok ] initial history stays invalid for 256 timestamps
  [ ok ] initial history stays invalid for 256 timestamps
  [ ok ] initial history stays invalid for 256 timestamps
  [ ok ] initial history stays invalid for 256 timestamps
  [ ok ] initial history stays invalid for 256 timestamps
  [ ok ] initial history stays invalid for 256 timestamps
  [ ok ] initial history stays invalid for 256 timestamps
  [ ok ] initial history stays invalid for 256 timestamps
  [ ok ] initial history stays invalid for 256 timestamps
  [ ok ] initial history stays invalid for 256 timestamps
  [ ok ] initial history stays invalid for 256 timestamps
  [ ok ] initial history stays invalid for 256 timestamps
  [ ok ] initial history stays invalid for 256 timestamps
  [ ok ] initial history stays invalid for 256 timestamps
  [ ok ] initial history stays invalid for 256 timestamps
  [ ok ] initial history stays invalid for 256 timestamps
  [ ok ] initial history stays invalid for 256 timestamps
  [ ok ] initial history stays invalid for 256 timestamps
  [ ok ] initial history stays invalid for 256 timestamps
  [ ok ] initial history stays invalid for 256 timestamps
  [ ok ] initial history stays invalid for 256 timestamps
  [ ok ] initial history stays invalid for 256 timestamps
  [ ok ] initial history stays invalid for 256 timestamps
  [ ok ] initial history stays invalid for 256 timestamps
  [ ok ] initial history stays invalid for 256 timestamps
  [ ok ] initial history stays invalid for 256 timestamps
  [ ok ] initial history stays invalid for 256 timestamps
  [ ok ] initial history stays invalid for 256 timestamps
  [ ok ] initial history stays invalid for 256 timestamps
  [ ok ] initial history stays invalid for 256 timestamps
  [ ok ] initial history stays invalid for 256 timestamps
  [ ok ] initial history stays invalid for 256 timestamps
  [ ok ] initial history stays invalid for 256 timestamps
  [ ok ] initial history stays invalid for 256 timestamps
  [ ok ] initial history stays invalid for 256 timestamps
  [ ok ] initial history stays invalid for 256 timestamps
  [ ok ] initial history stays invalid for 256 timestamps
  [ ok ] initial history stays invalid for 256 timestamps
  [ ok ] initial history stays invalid for 256 timestamps
  [ ok ] initial history stays invalid for 256 timestamps
  [ ok ] initial history stays invalid for 256 timestamps
  [ ok ] initial history stays invalid for 256 timestamps
  [ ok ] initial history stays invalid for 256 timestamps
  [ ok ] initial history stays invalid for 256 timestamps
  [ ok ] initial history stays invalid for 256 timestamps
  [ ok ] initial history stays invalid for 256 timestamps
  [ ok ] initial history stays invalid for 256 timestamps
  [ ok ] initial history stays invalid for 256 timestamps
  [ ok ] initial history stays invalid for 256 timestamps
  [ ok ] initial history stays invalid for 256 timestamps
  [ ok ] initial history stays invalid for 256 timestamps
  [ ok ] initial history stays invalid for 256 timestamps
  [ ok ] initial history stays invalid for 256 timestamps
  [ ok ] initial history stays invalid for 256 timestamps
  [ ok ] initial history stays invalid for 256 timestamps
  [ ok ] initial history stays invalid for 256 timestamps
  [ ok ] initial history stays invalid for 256 timestamps
  [ ok ] initial history stays invalid for 256 timestamps
  [ ok ] initial history stays invalid for 256 timestamps
  [ ok ] initial history stays invalid for 256 timestamps
  [ ok ] initial history stays invalid for 256 timestamps
  [ ok ] initial history stays invalid for 256 timestamps
  [ ok ] initial history stays invalid for 256 timestamps
  [ ok ] initial history stays invalid for 256 timestamps
  [ ok ] initial history stays invalid for 256 timestamps
  [ ok ] initial history stays invalid for 256 timestamps
  [ ok ] initial history stays invalid for 256 timestamps
  [ ok ] initial history stays invalid for 256 timestamps
  [ ok ] initial history stays invalid for 256 timestamps
  [ ok ] initial history stays invalid for 256 timestamps
  [ ok ] initial history stays invalid for 256 timestamps
  [ ok ] initial history stays invalid for 256 timestamps
  [ ok ] initial history stays invalid for 256 timestamps
  [ ok ] initial history stays invalid for 256 timestamps
  [ ok ] initial history stays invalid for 256 timestamps
  [ ok ] initial history stays invalid for 256 timestamps
  [ ok ] initial history stays invalid for 256 timestamps
  [ ok ] initial history stays invalid for 256 timestamps
  [ ok ] initial history stays invalid for 256 timestamps
  [ ok ] initial history stays invalid for 256 timestamps
  [ ok ] initial history stays invalid for 256 timestamps
  [ ok ] 257th timestamp publishes a valid sample
  [ ok ] rate equals 256 source intervals minus nominal
  [ ok ] natural 64-bit rollover preserves clean spacing
  [ ok ] initial history stays invalid for 256 timestamps
  [ ok ] initial history stays invalid for 256 timestamps
  [ ok ] initial history stays invalid for 256 timestamps
  [ ok ] initial history stays invalid for 256 timestamps
  [ ok ] initial history stays invalid for 256 timestamps
  [ ok ] initial history stays invalid for 256 timestamps
  [ ok ] initial history stays invalid for 256 timestamps
  [ ok ] initial history stays invalid for 256 timestamps
  [ ok ] initial history stays invalid for 256 timestamps
  [ ok ] initial history stays invalid for 256 timestamps
  [ ok ] initial history stays invalid for 256 timestamps
  [ ok ] initial history stays invalid for 256 timestamps
  [ ok ] initial history stays invalid for 256 timestamps
  [ ok ] initial history stays invalid for 256 timestamps
  [ ok ] initial history stays invalid for 256 timestamps
  [ ok ] initial history stays invalid for 256 timestamps
  [ ok ] initial history stays invalid for 256 timestamps
  [ ok ] initial history stays invalid for 256 timestamps
  [ ok ] initial history stays invalid for 256 timestamps
  [ ok ] initial history stays invalid for 256 timestamps
  [ ok ] initial history stays invalid for 256 timestamps
  [ ok ] initial history stays invalid for 256 timestamps
  [ ok ] initial history stays invalid for 256 timestamps
  [ ok ] initial history stays invalid for 256 timestamps
  [ ok ] initial history stays invalid for 256 timestamps
  [ ok ] initial history stays invalid for 256 timestamps
  [ ok ] initial history stays invalid for 256 timestamps
  [ ok ] initial history stays invalid for 256 timestamps
  [ ok ] initial history stays invalid for 256 timestamps
  [ ok ] initial history stays invalid for 256 timestamps
  [ ok ] initial history stays invalid for 256 timestamps
  [ ok ] initial history stays invalid for 256 timestamps
  [ ok ] initial history stays invalid for 256 timestamps
  [ ok ] initial history stays invalid for 256 timestamps
  [ ok ] initial history stays invalid for 256 timestamps
  [ ok ] initial history stays invalid for 256 timestamps
  [ ok ] initial history stays invalid for 256 timestamps
  [ ok ] initial history stays invalid for 256 timestamps
  [ ok ] initial history stays invalid for 256 timestamps
  [ ok ] initial history stays invalid for 256 timestamps
  [ ok ] initial history stays invalid for 256 timestamps
  [ ok ] initial history stays invalid for 256 timestamps
  [ ok ] initial history stays invalid for 256 timestamps
  [ ok ] initial history stays invalid for 256 timestamps
  [ ok ] initial history stays invalid for 256 timestamps
  [ ok ] initial history stays invalid for 256 timestamps
  [ ok ] initial history stays invalid for 256 timestamps
  [ ok ] initial history stays invalid for 256 timestamps
  [ ok ] initial history stays invalid for 256 timestamps
  [ ok ] initial history stays invalid for 256 timestamps
  [ ok ] initial history stays invalid for 256 timestamps
  [ ok ] initial history stays invalid for 256 timestamps
  [ ok ] initial history stays invalid for 256 timestamps
  [ ok ] initial history stays invalid for 256 timestamps
  [ ok ] initial history stays invalid for 256 timestamps
  [ ok ] initial history stays invalid for 256 timestamps
  [ ok ] initial history stays invalid for 256 timestamps
  [ ok ] initial history stays invalid for 256 timestamps
  [ ok ] initial history stays invalid for 256 timestamps
  [ ok ] initial history stays invalid for 256 timestamps
  [ ok ] initial history stays invalid for 256 timestamps
  [ ok ] initial history stays invalid for 256 timestamps
  [ ok ] initial history stays invalid for 256 timestamps
  [ ok ] initial history stays invalid for 256 timestamps
  [ ok ] initial history stays invalid for 256 timestamps
  [ ok ] initial history stays invalid for 256 timestamps
  [ ok ] initial history stays invalid for 256 timestamps
  [ ok ] initial history stays invalid for 256 timestamps
  [ ok ] initial history stays invalid for 256 timestamps
  [ ok ] initial history stays invalid for 256 timestamps
  [ ok ] initial history stays invalid for 256 timestamps
  [ ok ] initial history stays invalid for 256 timestamps
  [ ok ] initial history stays invalid for 256 timestamps
  [ ok ] initial history stays invalid for 256 timestamps
  [ ok ] initial history stays invalid for 256 timestamps
  [ ok ] initial history stays invalid for 256 timestamps
  [ ok ] initial history stays invalid for 256 timestamps
  [ ok ] initial history stays invalid for 256 timestamps
  [ ok ] initial history stays invalid for 256 timestamps
  [ ok ] initial history stays invalid for 256 timestamps
  [ ok ] initial history stays invalid for 256 timestamps
  [ ok ] initial history stays invalid for 256 timestamps
  [ ok ] initial history stays invalid for 256 timestamps
  [ ok ] initial history stays invalid for 256 timestamps
  [ ok ] initial history stays invalid for 256 timestamps
  [ ok ] initial history stays invalid for 256 timestamps
  [ ok ] initial history stays invalid for 256 timestamps
  [ ok ] initial history stays invalid for 256 timestamps
  [ ok ] initial history stays invalid for 256 timestamps
  [ ok ] initial history stays invalid for 256 timestamps
  [ ok ] initial history stays invalid for 256 timestamps
  [ ok ] initial history stays invalid for 256 timestamps
  [ ok ] initial history stays invalid for 256 timestamps
  [ ok ] initial history stays invalid for 256 timestamps
  [ ok ] initial history stays invalid for 256 timestamps
  [ ok ] initial history stays invalid for 256 timestamps
  [ ok ] initial history stays invalid for 256 timestamps
  [ ok ] initial history stays invalid for 256 timestamps
  [ ok ] initial history stays invalid for 256 timestamps
  [ ok ] initial history stays invalid for 256 timestamps
  [ ok ] initial history stays invalid for 256 timestamps
  [ ok ] initial history stays invalid for 256 timestamps
  [ ok ] initial history stays invalid for 256 timestamps
  [ ok ] initial history stays invalid for 256 timestamps
  [ ok ] initial history stays invalid for 256 timestamps
  [ ok ] initial history stays invalid for 256 timestamps
  [ ok ] initial history stays invalid for 256 timestamps
  [ ok ] initial history stays invalid for 256 timestamps
  [ ok ] initial history stays invalid for 256 timestamps
  [ ok ] initial history stays invalid for 256 timestamps
  [ ok ] initial history stays invalid for 256 timestamps
  [ ok ] initial history stays invalid for 256 timestamps
  [ ok ] initial history stays invalid for 256 timestamps
  [ ok ] initial history stays invalid for 256 timestamps
  [ ok ] initial history stays invalid for 256 timestamps
  [ ok ] initial history stays invalid for 256 timestamps
  [ ok ] initial history stays invalid for 256 timestamps
  [ ok ] initial history stays invalid for 256 timestamps
  [ ok ] initial history stays invalid for 256 timestamps
  [ ok ] initial history stays invalid for 256 timestamps
  [ ok ] initial history stays invalid for 256 timestamps
  [ ok ] initial history stays invalid for 256 timestamps
  [ ok ] initial history stays invalid for 256 timestamps
  [ ok ] initial history stays invalid for 256 timestamps
  [ ok ] initial history stays invalid for 256 timestamps
  [ ok ] initial history stays invalid for 256 timestamps
  [ ok ] initial history stays invalid for 256 timestamps
  [ ok ] initial history stays invalid for 256 timestamps
  [ ok ] initial history stays invalid for 256 timestamps
  [ ok ] initial history stays invalid for 256 timestamps
  [ ok ] initial history stays invalid for 256 timestamps
  [ ok ] initial history stays invalid for 256 timestamps
  [ ok ] initial history stays invalid for 256 timestamps
  [ ok ] initial history stays invalid for 256 timestamps
  [ ok ] initial history stays invalid for 256 timestamps
  [ ok ] initial history stays invalid for 256 timestamps
  [ ok ] initial history stays invalid for 256 timestamps
  [ ok ] initial history stays invalid for 256 timestamps
  [ ok ] initial history stays invalid for 256 timestamps
  [ ok ] initial history stays invalid for 256 timestamps
  [ ok ] initial history stays invalid for 256 timestamps
  [ ok ] initial history stays invalid for 256 timestamps
  [ ok ] initial history stays invalid for 256 timestamps
  [ ok ] initial history stays invalid for 256 timestamps
  [ ok ] initial history stays invalid for 256 timestamps
  [ ok ] initial history stays invalid for 256 timestamps
  [ ok ] initial history stays invalid for 256 timestamps
  [ ok ] initial history stays invalid for 256 timestamps
  [ ok ] initial history stays invalid for 256 timestamps
  [ ok ] initial history stays invalid for 256 timestamps
  [ ok ] initial history stays invalid for 256 timestamps
  [ ok ] initial history stays invalid for 256 timestamps
  [ ok ] initial history stays invalid for 256 timestamps
  [ ok ] initial history stays invalid for 256 timestamps
  [ ok ] initial history stays invalid for 256 timestamps
  [ ok ] initial history stays invalid for 256 timestamps
  [ ok ] initial history stays invalid for 256 timestamps
  [ ok ] initial history stays invalid for 256 timestamps
  [ ok ] initial history stays invalid for 256 timestamps
  [ ok ] initial history stays invalid for 256 timestamps
  [ ok ] initial history stays invalid for 256 timestamps
  [ ok ] initial history stays invalid for 256 timestamps
  [ ok ] initial history stays invalid for 256 timestamps
  [ ok ] initial history stays invalid for 256 timestamps
  [ ok ] initial history stays invalid for 256 timestamps
  [ ok ] initial history stays invalid for 256 timestamps
  [ ok ] initial history stays invalid for 256 timestamps
  [ ok ] initial history stays invalid for 256 timestamps
  [ ok ] initial history stays invalid for 256 timestamps
  [ ok ] initial history stays invalid for 256 timestamps
  [ ok ] initial history stays invalid for 256 timestamps
  [ ok ] initial history stays invalid for 256 timestamps
  [ ok ] initial history stays invalid for 256 timestamps
  [ ok ] initial history stays invalid for 256 timestamps
  [ ok ] initial history stays invalid for 256 timestamps
  [ ok ] initial history stays invalid for 256 timestamps
  [ ok ] initial history stays invalid for 256 timestamps
  [ ok ] initial history stays invalid for 256 timestamps
  [ ok ] initial history stays invalid for 256 timestamps
  [ ok ] initial history stays invalid for 256 timestamps
  [ ok ] initial history stays invalid for 256 timestamps
  [ ok ] initial history stays invalid for 256 timestamps
  [ ok ] initial history stays invalid for 256 timestamps
  [ ok ] initial history stays invalid for 256 timestamps
  [ ok ] initial history stays invalid for 256 timestamps
  [ ok ] initial history stays invalid for 256 timestamps
  [ ok ] initial history stays invalid for 256 timestamps
  [ ok ] initial history stays invalid for 256 timestamps
  [ ok ] initial history stays invalid for 256 timestamps
  [ ok ] initial history stays invalid for 256 timestamps
  [ ok ] initial history stays invalid for 256 timestamps
  [ ok ] initial history stays invalid for 256 timestamps
  [ ok ] initial history stays invalid for 256 timestamps
  [ ok ] initial history stays invalid for 256 timestamps
  [ ok ] initial history stays invalid for 256 timestamps
  [ ok ] initial history stays invalid for 256 timestamps
  [ ok ] initial history stays invalid for 256 timestamps
  [ ok ] initial history stays invalid for 256 timestamps
  [ ok ] initial history stays invalid for 256 timestamps
  [ ok ] initial history stays invalid for 256 timestamps
  [ ok ] initial history stays invalid for 256 timestamps
  [ ok ] initial history stays invalid for 256 timestamps
  [ ok ] initial history stays invalid for 256 timestamps
  [ ok ] initial history stays invalid for 256 timestamps
  [ ok ] initial history stays invalid for 256 timestamps
  [ ok ] initial history stays invalid for 256 timestamps
  [ ok ] initial history stays invalid for 256 timestamps
  [ ok ] initial history stays invalid for 256 timestamps
  [ ok ] initial history stays invalid for 256 timestamps
  [ ok ] initial history stays invalid for 256 timestamps
  [ ok ] initial history stays invalid for 256 timestamps
  [ ok ] initial history stays invalid for 256 timestamps
  [ ok ] initial history stays invalid for 256 timestamps
  [ ok ] initial history stays invalid for 256 timestamps
  [ ok ] initial history stays invalid for 256 timestamps
  [ ok ] initial history stays invalid for 256 timestamps
  [ ok ] initial history stays invalid for 256 timestamps
  [ ok ] initial history stays invalid for 256 timestamps
  [ ok ] initial history stays invalid for 256 timestamps
  [ ok ] initial history stays invalid for 256 timestamps
  [ ok ] initial history stays invalid for 256 timestamps
  [ ok ] initial history stays invalid for 256 timestamps
  [ ok ] initial history stays invalid for 256 timestamps
  [ ok ] initial history stays invalid for 256 timestamps
  [ ok ] initial history stays invalid for 256 timestamps
  [ ok ] initial history stays invalid for 256 timestamps
  [ ok ] initial history stays invalid for 256 timestamps
  [ ok ] initial history stays invalid for 256 timestamps
  [ ok ] initial history stays invalid for 256 timestamps
  [ ok ] initial history stays invalid for 256 timestamps
  [ ok ] initial history stays invalid for 256 timestamps
  [ ok ] initial history stays invalid for 256 timestamps
  [ ok ] initial history stays invalid for 256 timestamps
  [ ok ] initial history stays invalid for 256 timestamps
  [ ok ] initial history stays invalid for 256 timestamps
  [ ok ] initial history stays invalid for 256 timestamps
  [ ok ] initial history stays invalid for 256 timestamps
  [ ok ] initial history stays invalid for 256 timestamps
  [ ok ] initial history stays invalid for 256 timestamps
  [ ok ] initial history stays invalid for 256 timestamps
  [ ok ] initial history stays invalid for 256 timestamps
  [ ok ] initial history stays invalid for 256 timestamps
  [ ok ] initial history stays invalid for 256 timestamps
  [ ok ] initial history stays invalid for 256 timestamps
  [ ok ] initial history stays invalid for 256 timestamps
  [ ok ] initial history stays invalid for 256 timestamps
  [ ok ] initial history stays invalid for 256 timestamps
  [ ok ] initial history stays invalid for 256 timestamps
  [ ok ] initial history stays invalid for 256 timestamps
  [ ok ] initial history stays invalid for 256 timestamps
  [ ok ] initial history stays invalid for 256 timestamps
  [ ok ] initial history stays invalid for 256 timestamps
  [ ok ] initial history stays invalid for 256 timestamps
  [ ok ] initial history stays invalid for 256 timestamps
  [ ok ] initial history stays invalid for 256 timestamps
  [ ok ] initial history stays invalid for 256 timestamps
  [ ok ] 257th timestamp publishes a valid sample
  [ ok ] rate equals 256 source intervals minus nominal
  [ ok ] validation error precondition: sink is locked
  [ ok ] validation error precondition: one lock event got=1 exp=1
  [ ok ] validation error preserves established lock
  [ ok ] validation error retains lock through interval commit
  [ ok ] locked validation error counts UNSUPPORTED_FORMAT once got=1 exp=1
  [ ok ] validation error never counts an accepted PDU got=4 exp=4
  [ ok ] validation error adds no lock event      got=1 exp=1
  [ ok ] validation error adds no unlock event    got=0 exp=0
  [ ok ] empty interval never recounts the validation error got=1 exp=1
  [ ok ] valid resume keeps the established lock
  [ ok ] valid resume needs no new lock event     got=1 exp=1
  [ ok ] silence shorter than 100 ms retains lock
  [ ok ] silence before timeout adds no unlock    got=0 exp=0
  [ ok ] 100 ms silence still unlocks after validation error
  [ ok ] 100 ms silence counts one unlock         got=1 exp=1
  [ ok ] continued silence never recounts the unlock got=1 exp=1
  [ ok ] initial history stays invalid for 256 timestamps
  [ ok ] initial history stays invalid for 256 timestamps
  [ ok ] initial history stays invalid for 256 timestamps
  [ ok ] initial history stays invalid for 256 timestamps
  [ ok ] initial history stays invalid for 256 timestamps
  [ ok ] initial history stays invalid for 256 timestamps
  [ ok ] initial history stays invalid for 256 timestamps
  [ ok ] initial history stays invalid for 256 timestamps
  [ ok ] initial history stays invalid for 256 timestamps
  [ ok ] initial history stays invalid for 256 timestamps
  [ ok ] initial history stays invalid for 256 timestamps
  [ ok ] initial history stays invalid for 256 timestamps
  [ ok ] initial history stays invalid for 256 timestamps
  [ ok ] initial history stays invalid for 256 timestamps
  [ ok ] initial history stays invalid for 256 timestamps
  [ ok ] initial history stays invalid for 256 timestamps
  [ ok ] initial history stays invalid for 256 timestamps
  [ ok ] initial history stays invalid for 256 timestamps
  [ ok ] initial history stays invalid for 256 timestamps
  [ ok ] initial history stays invalid for 256 timestamps
  [ ok ] initial history stays invalid for 256 timestamps
  [ ok ] initial history stays invalid for 256 timestamps
  [ ok ] initial history stays invalid for 256 timestamps
  [ ok ] initial history stays invalid for 256 timestamps
  [ ok ] initial history stays invalid for 256 timestamps
  [ ok ] initial history stays invalid for 256 timestamps
  [ ok ] initial history stays invalid for 256 timestamps
  [ ok ] initial history stays invalid for 256 timestamps
  [ ok ] initial history stays invalid for 256 timestamps
  [ ok ] initial history stays invalid for 256 timestamps
  [ ok ] initial history stays invalid for 256 timestamps
  [ ok ] initial history stays invalid for 256 timestamps
  [ ok ] initial history stays invalid for 256 timestamps
  [ ok ] initial history stays invalid for 256 timestamps
  [ ok ] initial history stays invalid for 256 timestamps
  [ ok ] initial history stays invalid for 256 timestamps
  [ ok ] initial history stays invalid for 256 timestamps
  [ ok ] initial history stays invalid for 256 timestamps
  [ ok ] initial history stays invalid for 256 timestamps
  [ ok ] initial history stays invalid for 256 timestamps
  [ ok ] initial history stays invalid for 256 timestamps
  [ ok ] initial history stays invalid for 256 timestamps
  [ ok ] initial history stays invalid for 256 timestamps
  [ ok ] initial history stays invalid for 256 timestamps
  [ ok ] initial history stays invalid for 256 timestamps
  [ ok ] initial history stays invalid for 256 timestamps
  [ ok ] initial history stays invalid for 256 timestamps
  [ ok ] initial history stays invalid for 256 timestamps
  [ ok ] initial history stays invalid for 256 timestamps
  [ ok ] initial history stays invalid for 256 timestamps
  [ ok ] initial history stays invalid for 256 timestamps
  [ ok ] initial history stays invalid for 256 timestamps
  [ ok ] initial history stays invalid for 256 timestamps
  [ ok ] initial history stays invalid for 256 timestamps
  [ ok ] initial history stays invalid for 256 timestamps
  [ ok ] initial history stays invalid for 256 timestamps
  [ ok ] initial history stays invalid for 256 timestamps
  [ ok ] initial history stays invalid for 256 timestamps
  [ ok ] initial history stays invalid for 256 timestamps
  [ ok ] initial history stays invalid for 256 timestamps
  [ ok ] initial history stays invalid for 256 timestamps
  [ ok ] initial history stays invalid for 256 timestamps
  [ ok ] initial history stays invalid for 256 timestamps
  [ ok ] initial history stays invalid for 256 timestamps
  [ ok ] initial history stays invalid for 256 timestamps
  [ ok ] initial history stays invalid for 256 timestamps
  [ ok ] initial history stays invalid for 256 timestamps
  [ ok ] initial history stays invalid for 256 timestamps
  [ ok ] initial history stays invalid for 256 timestamps
  [ ok ] initial history stays invalid for 256 timestamps
  [ ok ] initial history stays invalid for 256 timestamps
  [ ok ] initial history stays invalid for 256 timestamps
  [ ok ] initial history stays invalid for 256 timestamps
  [ ok ] initial history stays invalid for 256 timestamps
  [ ok ] initial history stays invalid for 256 timestamps
  [ ok ] initial history stays invalid for 256 timestamps
  [ ok ] initial history stays invalid for 256 timestamps
  [ ok ] initial history stays invalid for 256 timestamps
  [ ok ] initial history stays invalid for 256 timestamps
  [ ok ] initial history stays invalid for 256 timestamps
  [ ok ] initial history stays invalid for 256 timestamps
  [ ok ] initial history stays invalid for 256 timestamps
  [ ok ] initial history stays invalid for 256 timestamps
  [ ok ] initial history stays invalid for 256 timestamps
  [ ok ] initial history stays invalid for 256 timestamps
  [ ok ] initial history stays invalid for 256 timestamps
  [ ok ] initial history stays invalid for 256 timestamps
  [ ok ] initial history stays invalid for 256 timestamps
  [ ok ] initial history stays invalid for 256 timestamps
  [ ok ] initial history stays invalid for 256 timestamps
  [ ok ] initial history stays invalid for 256 timestamps
  [ ok ] initial history stays invalid for 256 timestamps
  [ ok ] initial history stays invalid for 256 timestamps
  [ ok ] initial history stays invalid for 256 timestamps
  [ ok ] initial history stays invalid for 256 timestamps
  [ ok ] initial history stays invalid for 256 timestamps
  [ ok ] initial history stays invalid for 256 timestamps
  [ ok ] initial history stays invalid for 256 timestamps
  [ ok ] initial history stays invalid for 256 timestamps
  [ ok ] initial history stays invalid for 256 timestamps
  [ ok ] initial history stays invalid for 256 timestamps
  [ ok ] initial history stays invalid for 256 timestamps
  [ ok ] initial history stays invalid for 256 timestamps
  [ ok ] initial history stays invalid for 256 timestamps
  [ ok ] initial history stays invalid for 256 timestamps
  [ ok ] initial history stays invalid for 256 timestamps
  [ ok ] initial history stays invalid for 256 timestamps
  [ ok ] initial history stays invalid for 256 timestamps
  [ ok ] initial history stays invalid for 256 timestamps
  [ ok ] initial history stays invalid for 256 timestamps
  [ ok ] initial history stays invalid for 256 timestamps
  [ ok ] initial history stays invalid for 256 timestamps
  [ ok ] initial history stays invalid for 256 timestamps
  [ ok ] initial history stays invalid for 256 timestamps
  [ ok ] initial history stays invalid for 256 timestamps
  [ ok ] initial history stays invalid for 256 timestamps
  [ ok ] initial history stays invalid for 256 timestamps
  [ ok ] initial history stays invalid for 256 timestamps
  [ ok ] initial history stays invalid for 256 timestamps
  [ ok ] initial history stays invalid for 256 timestamps
  [ ok ] initial history stays invalid for 256 timestamps
  [ ok ] initial history stays invalid for 256 timestamps
  [ ok ] initial history stays invalid for 256 timestamps
  [ ok ] initial history stays invalid for 256 timestamps
  [ ok ] initial history stays invalid for 256 timestamps
  [ ok ] initial history stays invalid for 256 timestamps
  [ ok ] initial history stays invalid for 256 timestamps
  [ ok ] initial history stays invalid for 256 timestamps
  [ ok ] initial history stays invalid for 256 timestamps
  [ ok ] initial history stays invalid for 256 timestamps
  [ ok ] initial history stays invalid for 256 timestamps
  [ ok ] initial history stays invalid for 256 timestamps
  [ ok ] initial history stays invalid for 256 timestamps
  [ ok ] initial history stays invalid for 256 timestamps
  [ ok ] initial history stays invalid for 256 timestamps
  [ ok ] initial history stays invalid for 256 timestamps
  [ ok ] initial history stays invalid for 256 timestamps
  [ ok ] initial history stays invalid for 256 timestamps
  [ ok ] initial history stays invalid for 256 timestamps
  [ ok ] initial history stays invalid for 256 timestamps
  [ ok ] initial history stays invalid for 256 timestamps
  [ ok ] initial history stays invalid for 256 timestamps
  [ ok ] initial history stays invalid for 256 timestamps
  [ ok ] initial history stays invalid for 256 timestamps
  [ ok ] initial history stays invalid for 256 timestamps
  [ ok ] initial history stays invalid for 256 timestamps
  [ ok ] initial history stays invalid for 256 timestamps
  [ ok ] initial history stays invalid for 256 timestamps
  [ ok ] initial history stays invalid for 256 timestamps
  [ ok ] initial history stays invalid for 256 timestamps
  [ ok ] initial history stays invalid for 256 timestamps
  [ ok ] initial history stays invalid for 256 timestamps
  [ ok ] initial history stays invalid for 256 timestamps
  [ ok ] initial history stays invalid for 256 timestamps
  [ ok ] initial history stays invalid for 256 timestamps
  [ ok ] initial history stays invalid for 256 timestamps
  [ ok ] initial history stays invalid for 256 timestamps
  [ ok ] initial history stays invalid for 256 timestamps
  [ ok ] initial history stays invalid for 256 timestamps
  [ ok ] initial history stays invalid for 256 timestamps
  [ ok ] initial history stays invalid for 256 timestamps
  [ ok ] initial history stays invalid for 256 timestamps
  [ ok ] initial history stays invalid for 256 timestamps
  [ ok ] initial history stays invalid for 256 timestamps
  [ ok ] initial history stays invalid for 256 timestamps
  [ ok ] initial history stays invalid for 256 timestamps
  [ ok ] initial history stays invalid for 256 timestamps
  [ ok ] initial history stays invalid for 256 timestamps
  [ ok ] initial history stays invalid for 256 timestamps
  [ ok ] initial history stays invalid for 256 timestamps
  [ ok ] initial history stays invalid for 256 timestamps
  [ ok ] initial history stays invalid for 256 timestamps
  [ ok ] initial history stays invalid for 256 timestamps
  [ ok ] initial history stays invalid for 256 timestamps
  [ ok ] initial history stays invalid for 256 timestamps
  [ ok ] initial history stays invalid for 256 timestamps
  [ ok ] initial history stays invalid for 256 timestamps
  [ ok ] initial history stays invalid for 256 timestamps
  [ ok ] initial history stays invalid for 256 timestamps
  [ ok ] initial history stays invalid for 256 timestamps
  [ ok ] initial history stays invalid for 256 timestamps
  [ ok ] initial history stays invalid for 256 timestamps
  [ ok ] initial history stays invalid for 256 timestamps
  [ ok ] initial history stays invalid for 256 timestamps
  [ ok ] initial history stays invalid for 256 timestamps
  [ ok ] initial history stays invalid for 256 timestamps
  [ ok ] initial history stays invalid for 256 timestamps
  [ ok ] initial history stays invalid for 256 timestamps
  [ ok ] initial history stays invalid for 256 timestamps
  [ ok ] initial history stays invalid for 256 timestamps
  [ ok ] initial history stays invalid for 256 timestamps
  [ ok ] initial history stays invalid for 256 timestamps
  [ ok ] initial history stays invalid for 256 timestamps
  [ ok ] initial history stays invalid for 256 timestamps
  [ ok ] initial history stays invalid for 256 timestamps
  [ ok ] initial history stays invalid for 256 timestamps
  [ ok ] initial history stays invalid for 256 timestamps
  [ ok ] initial history stays invalid for 256 timestamps
  [ ok ] initial history stays invalid for 256 timestamps
  [ ok ] initial history stays invalid for 256 timestamps
  [ ok ] initial history stays invalid for 256 timestamps
  [ ok ] initial history stays invalid for 256 timestamps
  [ ok ] initial history stays invalid for 256 timestamps
  [ ok ] initial history stays invalid for 256 timestamps
  [ ok ] initial history stays invalid for 256 timestamps
  [ ok ] initial history stays invalid for 256 timestamps
  [ ok ] initial history stays invalid for 256 timestamps
  [ ok ] initial history stays invalid for 256 timestamps
  [ ok ] initial history stays invalid for 256 timestamps
  [ ok ] initial history stays invalid for 256 timestamps
  [ ok ] initial history stays invalid for 256 timestamps
  [ ok ] initial history stays invalid for 256 timestamps
  [ ok ] initial history stays invalid for 256 timestamps
  [ ok ] initial history stays invalid for 256 timestamps
  [ ok ] initial history stays invalid for 256 timestamps
  [ ok ] initial history stays invalid for 256 timestamps
  [ ok ] initial history stays invalid for 256 timestamps
  [ ok ] initial history stays invalid for 256 timestamps
  [ ok ] initial history stays invalid for 256 timestamps
  [ ok ] initial history stays invalid for 256 timestamps
  [ ok ] initial history stays invalid for 256 timestamps
  [ ok ] initial history stays invalid for 256 timestamps
  [ ok ] initial history stays invalid for 256 timestamps
  [ ok ] initial history stays invalid for 256 timestamps
  [ ok ] initial history stays invalid for 256 timestamps
  [ ok ] initial history stays invalid for 256 timestamps
  [ ok ] initial history stays invalid for 256 timestamps
  [ ok ] initial history stays invalid for 256 timestamps
  [ ok ] initial history stays invalid for 256 timestamps
  [ ok ] initial history stays invalid for 256 timestamps
  [ ok ] initial history stays invalid for 256 timestamps
  [ ok ] initial history stays invalid for 256 timestamps
  [ ok ] initial history stays invalid for 256 timestamps
  [ ok ] initial history stays invalid for 256 timestamps
  [ ok ] initial history stays invalid for 256 timestamps
  [ ok ] initial history stays invalid for 256 timestamps
  [ ok ] initial history stays invalid for 256 timestamps
  [ ok ] initial history stays invalid for 256 timestamps
  [ ok ] initial history stays invalid for 256 timestamps
  [ ok ] initial history stays invalid for 256 timestamps
  [ ok ] initial history stays invalid for 256 timestamps
  [ ok ] initial history stays invalid for 256 timestamps
  [ ok ] initial history stays invalid for 256 timestamps
  [ ok ] initial history stays invalid for 256 timestamps
  [ ok ] initial history stays invalid for 256 timestamps
  [ ok ] initial history stays invalid for 256 timestamps
  [ ok ] initial history stays invalid for 256 timestamps
  [ ok ] initial history stays invalid for 256 timestamps
  [ ok ] initial history stays invalid for 256 timestamps
  [ ok ] initial history stays invalid for 256 timestamps
  [ ok ] initial history stays invalid for 256 timestamps
  [ ok ] initial history stays invalid for 256 timestamps
  [ ok ] initial history stays invalid for 256 timestamps
  [ ok ] initial history stays invalid for 256 timestamps
  [ ok ] initial history stays invalid for 256 timestamps
  [ ok ] initial history stays invalid for 256 timestamps
  [ ok ] 257th timestamp publishes a valid sample
  [ ok ] rate equals 256 source intervals minus nominal
  [ ok ] reject stream precondition: sink is locked
  [ ok ] reject stream precondition: one lock event got=1 exp=1
  [ ok ] reject stream precondition: no unlock event got=0 exp=0
  [ ok ] reject stream retains lock before 100 ms
  [ ok ] reject stream before timeout adds no unlock got=0 exp=0
  [FAIL] reject stream cannot refresh the 100 ms timeout
  [FAIL] reject stream timeout counts one unlock  got=0 exp=1
  [FAIL] continued reject stream stays unlocked
  [FAIL] continued reject stream never recounts the unlock got=0 exp=1
  [ ok ] reject stream never adds a lock event    got=1 exp=1
  [ ok ] reject stream counts validation errors
== crf_rx discontinuity: checks: 2201   failures: 4 ==
RESULT: FAIL
make: Leaving directory '/tmp/a306-541-s6qjh6s5/r323-rerun/uf_refreshes_timeout/tb/verilator/crf_rx'
make: *** [Makefile:63: discontinuity] Error 1
