Copyright 1986-2022 Xilinx, Inc. All Rights Reserved. Copyright 2022-2026 Advanced Micro Devices, Inc. All Rights Reserved.
---------------------------------------------------------------------------------------------------------------------------------------------
| Tool Version : Vivado v.2026.1 (lin64) Build 6511674 Tue Jun 16 11:01:26 MDT 2026
| Date         : Sat Oct 10 02:47:29 2026
| Host         : <redacted>
| Command      : report_timing_summary -file alinx_ax7101_timing_synth.rpt
| Design       : alinx_ax7101
| Device       : 7a100t-fgg484
| Speed File   : -2  PRODUCTION 1.23 2018-06-13
| Design State : Synthesized
---------------------------------------------------------------------------------------------------------------------------------------------

Timing Summary Report

------------------------------------------------------------------------------------------------
| Timer Settings
| --------------
------------------------------------------------------------------------------------------------

  Enable Multi Corner Analysis               :  Yes
  Enable Pessimism Removal                   :  Yes
  Pessimism Removal Resolution               :  Nearest Common Node
  Enable Input Delay Default Clock           :  No
  Enable Preset / Clear Arcs                 :  No
  Disable Flight Delays                      :  No
  Ignore I/O Paths                           :  No
  Timing Early Launch at Borrowing Latches   :  No
  Borrow Time for Max Delay Exceptions       :  Yes
  Merge Timing Exceptions                    :  Yes
  Inter-SLR Compensation                     :  Conservative

  Corner  Analyze    Analyze    
  Name    Max Paths  Min Paths  
  ------  ---------  ---------  
  Slow    Yes        Yes        
  Fast    Yes        Yes        


------------------------------------------------------------------------------------------------
| Report Methodology
| ------------------
------------------------------------------------------------------------------------------------

No report available as report_methodology has not been run prior. Run report_methodology on the current design for the summary of methodology violations.



check_timing report

Table of Contents
-----------------
1. checking no_clock (0)
2. checking constant_clock (0)
3. checking pulse_width_clock (0)
4. checking unconstrained_internal_endpoints (0)
5. checking no_input_delay (46)
6. checking no_output_delay (87)
7. checking multiple_clock (0)
8. checking generated_clocks (0)
9. checking loops (0)
10. checking partial_input_delay (0)
11. checking partial_output_delay (0)
12. checking latch_loops (0)

1. checking no_clock (0)
------------------------
 There are 0 register/latch pins with no clock.


2. checking constant_clock (0)
------------------------------
 There are 0 register/latch pins with constant_clock.


3. checking pulse_width_clock (0)
---------------------------------
 There are 0 register/latch pins which need pulse_width check


4. checking unconstrained_internal_endpoints (0)
------------------------------------------------
 There are 0 pins that are not constrained for maximum delay.

 There are 0 pins that are not constrained for maximum delay due to constant clock.


5. checking no_input_delay (46)
-------------------------------
 There are 46 input ports with no input delay specified. (HIGH)

 There are 0 input ports with no input delay but user has a false path constraint.


6. checking no_output_delay (87)
--------------------------------
 There are 87 ports with no output delay specified. (HIGH)

 There are 0 ports with no output delay but user has a false path constraint

 There are 0 ports with no output delay but with a timing clock defined on it or propagating through it


7. checking multiple_clock (0)
------------------------------
 There are 0 register/latch pins with multiple clocks.


8. checking generated_clocks (0)
--------------------------------
 There are 0 generated clocks that are not connected to a clock source.


9. checking loops (0)
---------------------
 There are 0 combinational loops in the design.


10. checking partial_input_delay (0)
------------------------------------
 There are 0 input ports with partial input delay specified.


11. checking partial_output_delay (0)
-------------------------------------
 There are 0 ports with partial output delay specified.


12. checking latch_loops (0)
----------------------------
 There are 0 combinational latch loops in the design through latch input



------------------------------------------------------------------------------------------------
| Design Timing Summary
| ---------------------
------------------------------------------------------------------------------------------------

    WNS(ns)      TNS(ns)  TNS Failing Endpoints  TNS Total Endpoints      WHS(ns)      THS(ns)  THS Failing Endpoints  THS Total Endpoints     WPWS(ns)     TPWS(ns)  TPWS Failing Endpoints  TPWS Total Endpoints  
    -------      -------  ---------------------  -------------------      -------      -------  ---------------------  -------------------     --------     --------  ----------------------  --------------------  
     -2.634      -45.039                     60               181353       -0.829      -51.506                     85               181353        0.264        0.000                       0                 61264  


Timing constraints are not met.


------------------------------------------------------------------------------------------------
| Clock Summary
| -------------
------------------------------------------------------------------------------------------------

Clock                              Waveform(ns)         Period(ns)      Frequency(MHz)
-----                              ------------         ----------      --------------
clk200_p                           {0.000 2.500}        5.000           200.000         
  milansoc_crg_clkout0             {0.000 5.000}        10.000          100.000         
    milansoc_crg_audio_ref_raw     {0.000 16.087}       32.174          31.081          
      milansoc_crg_audio_mclk_raw  {0.000 20.345}       40.691          24.576          
      milansoc_crg_mmcm_audio_fb   {0.000 16.087}       32.174          31.081          
    milansoc_crg_pll_audio_fb      {0.000 10.000}       20.000          50.000          
  milansoc_crg_clkout1             {0.000 10.000}       20.000          50.000          
  milansoc_crg_clkout2             {0.000 1.250}        2.500           400.000         
  milansoc_crg_clkout3             {0.625 1.875}        2.500           400.000         
  milansoc_crg_clkout4             {0.000 2.500}        5.000           200.000         
  subfragments_pll_fb              {0.000 2.500}        5.000           200.000         
eth_clocks0_rx                     {0.000 4.000}        8.000           125.000         


------------------------------------------------------------------------------------------------
| Intra Clock Table
| -----------------
------------------------------------------------------------------------------------------------

Clock                                  WNS(ns)      TNS(ns)  TNS Failing Endpoints  TNS Total Endpoints      WHS(ns)      THS(ns)  THS Failing Endpoints  THS Total Endpoints     WPWS(ns)     TPWS(ns)  TPWS Failing Endpoints  TPWS Total Endpoints  
-----                                  -------      -------  ---------------------  -------------------      -------      -------  ---------------------  -------------------     --------     --------  ----------------------  --------------------  
clk200_p                                 4.009        0.000                      0                    7        0.138        0.000                      0                    7        1.100        0.000                       0                    10  
  milansoc_crg_clkout0                  -0.409      -13.020                     32                19305        0.010        0.000                      0                19305        3.000        0.000                       0                  7298  
    milansoc_crg_audio_ref_raw                                                                                                                                                      11.087        0.000                       0                     3  
      milansoc_crg_audio_mclk_raw       34.075        0.000                      0                 2027        0.010        0.000                      0                 2027       19.215        0.000                       0                   677  
      milansoc_crg_mmcm_audio_fb                                                                                                                                                    30.925        0.000                       0                     2  
    milansoc_crg_pll_audio_fb                                                                                                                                                       18.751        0.000                       0                     2  
  milansoc_crg_clkout1                  -2.634      -31.776                     16               154805        0.035        0.000                      0               154805        7.500        0.000                       0                 52467  
  milansoc_crg_clkout2                                                                                                                                                               0.908        0.000                       0                   128  
  milansoc_crg_clkout3                                                                                                                                                               0.908        0.000                       0                     6  
  milansoc_crg_clkout4                   1.214        0.000                      0                  186        0.037        0.000                      0                  186        0.264        0.000                       0                    78  
  subfragments_pll_fb                                                                                                                                                                3.751        0.000                       0                     2  
eth_clocks0_rx                           1.232        0.000                      0                 1676        0.035        0.000                      0                 1676        2.870        0.000                       0                   591  


------------------------------------------------------------------------------------------------
| Inter Clock Table
| -----------------
------------------------------------------------------------------------------------------------

From Clock            To Clock                  WNS(ns)      TNS(ns)  TNS Failing Endpoints  TNS Total Endpoints      WHS(ns)      THS(ns)  THS Failing Endpoints  THS Total Endpoints  
----------            --------                  -------      -------  ---------------------  -------------------      -------      -------  ---------------------  -------------------  
eth_clocks0_rx        milansoc_crg_clkout0        1.449        0.000                      0                   13       -0.829      -10.763                     13                   13  
milansoc_crg_clkout4  milansoc_crg_clkout1        3.814        0.000                      0                    3       -0.060       -0.179                      3                    3  
eth_clocks0_rx        milansoc_crg_clkout1        3.398        0.000                      0                   52       -0.761      -39.517                     52                   52  
milansoc_crg_clkout1  milansoc_crg_clkout4        3.670        0.000                      0                   17       -0.065       -1.048                     17                   17  
milansoc_crg_clkout0  eth_clocks0_rx             -0.020       -0.242                     12                   12        0.431        0.000                      0                   12  
milansoc_crg_clkout1  eth_clocks0_rx              2.038        0.000                      0                    6        0.341        0.000                      0                    6  


------------------------------------------------------------------------------------------------
| Other Path Groups Table
| -----------------------
------------------------------------------------------------------------------------------------

Path Group            From Clock            To Clock                  WNS(ns)      TNS(ns)  TNS Failing Endpoints  TNS Total Endpoints      WHS(ns)      THS(ns)  THS Failing Endpoints  THS Total Endpoints  
----------            ----------            --------                  -------      -------  ---------------------  -------------------      -------      -------  ---------------------  -------------------  
**async_default**     milansoc_crg_clkout0  milansoc_crg_clkout0        7.581        0.000                      0                  380        0.311        0.000                      0                  380  
**async_default**     milansoc_crg_clkout1  milansoc_crg_clkout1       17.206        0.000                      0                 2864        0.291        0.000                      0                 2864  


------------------------------------------------------------------------------------------------
| Timing Details
| --------------
------------------------------------------------------------------------------------------------


---------------------------------------------------------------------------------------------------
From Clock:  clk200_p
  To Clock:  clk200_p

Setup :            0  Failing Endpoints,  Worst Slack        4.009ns,  Total Violation        0.000ns
Hold  :            0  Failing Endpoints,  Worst Slack        0.138ns,  Total Violation        0.000ns
PW    :            0  Failing Endpoints,  Worst Slack        1.100ns,  Total Violation        0.000ns
---------------------------------------------------------------------------------------------------


Max Delay Paths
--------------------------------------------------------------------------------------
Slack (MET) :             4.009ns  (required time - arrival time)
  Source:                 FDCE/C
                            (rising edge-triggered cell FDCE clocked by clk200_p  {rise@0.000ns fall@2.500ns period=5.000ns})
  Destination:            FDCE_1/D
                            (rising edge-triggered cell FDCE clocked by clk200_p  {rise@0.000ns fall@2.500ns period=5.000ns})
  Path Group:             clk200_p
  Path Type:              Setup (Max at Slow Process Corner)
  Requirement:            5.000ns  (clk200_p rise@5.000ns - clk200_p rise@0.000ns)
  Data Path Delay:        0.653ns  (logic 0.397ns (60.796%)  route 0.256ns (39.204%))
  Logic Levels:           0  
  Clock Path Skew:        -0.145ns (DCD - SCD + CPR)
    Destination Clock Delay (DCD):    1.945ns = ( 6.945 - 5.000 ) 
    Source Clock Delay      (SCD):    2.164ns
    Clock Pessimism Removal (CPR):    0.074ns
  Clock Uncertainty:      0.035ns  ((TSJ^2 + TIJ^2)^1/2 + DJ) / 2 + PE
    Total System Jitter     (TSJ):    0.071ns
    Total Input Jitter      (TIJ):    0.000ns
    Discrete Jitter          (DJ):    0.000ns
    Phase Error              (PE):    0.000ns

    Location             Delay type                Incr(ns)  Path(ns)    Netlist Resource(s)
  -------------------------------------------------------------------    -------------------
                         (clock clk200_p rise edge)
                                                      0.000     0.000 r  <hidden>
    R4                                                0.000     0.000 r  clk200_p
                         net (fo=0)                   0.000     0.000    clk200_p
    R4                   IBUFDS (Prop_ibufds_I_O)     0.851     0.851 r  IBUFDS/O
                         net (fo=1, unplaced)         0.647     1.498    IBUFDS_n_0_BUFG_inst_n_0
                         BUFG (Prop_bufg_I_O)         0.082     1.580 r  IBUFDS_n_0_BUFG_inst/O
                         net (fo=9, unplaced)         0.584     2.164    milansoc_crg_clkin_signal
                         FDCE                                         r  FDCE/C
  -------------------------------------------------------------------    -------------------
                         FDCE (Prop_fdce_C_Q)         0.397     2.561 r  FDCE/Q
                         net (fo=1, unplaced)         0.256     2.817    subfragments_reset0
                         FDCE                                         r  FDCE_1/D
  -------------------------------------------------------------------    -------------------

                         (clock clk200_p rise edge)
                                                      5.000     5.000 r  <hidden>
    R4                                                0.000     5.000 r  clk200_p
                         net (fo=0)                   0.000     5.000    clk200_p
    R4                   IBUFDS (Prop_ibufds_I_O)     0.813     5.813 r  IBUFDS/O
                         net (fo=1, unplaced)         0.615     6.428    IBUFDS_n_0_BUFG_inst_n_0
                         BUFG (Prop_bufg_I_O)         0.078     6.506 r  IBUFDS_n_0_BUFG_inst/O
                         net (fo=9, unplaced)         0.439     6.945    milansoc_crg_clkin_signal
                         FDCE                                         r  FDCE_1/C
                         clock pessimism              0.074     7.019    <hidden>
                         clock uncertainty           -0.035     6.984    <hidden>
                         FDCE (Setup_fdce_C_D)       -0.158     6.826    FDCE_1
  -------------------------------------------------------------------
                         required time                          6.826    <hidden>
                         arrival time                          -2.817    <hidden>
  -------------------------------------------------------------------
                         slack                                  4.009    <hidden>





Min Delay Paths
--------------------------------------------------------------------------------------
Slack (MET) :             0.138ns  (arrival time - required time)
  Source:                 FDCE/C
                            (rising edge-triggered cell FDCE clocked by clk200_p  {rise@0.000ns fall@2.500ns period=5.000ns})
  Destination:            FDCE_1/D
                            (rising edge-triggered cell FDCE clocked by clk200_p  {rise@0.000ns fall@2.500ns period=5.000ns})
  Path Group:             clk200_p
  Path Type:              Hold (Min at Fast Process Corner)
  Requirement:            0.000ns  (clk200_p rise@0.000ns - clk200_p rise@0.000ns)
  Data Path Delay:        0.274ns  (logic 0.147ns (53.659%)  route 0.127ns (46.341%))
  Logic Levels:           0  
  Clock Path Skew:        0.145ns (DCD - SCD - CPR)
    Destination Clock Delay (DCD):    1.027ns
    Source Clock Delay      (SCD):    0.831ns
    Clock Pessimism Removal (CPR):    0.051ns

    Location             Delay type                Incr(ns)  Path(ns)    Netlist Resource(s)
  -------------------------------------------------------------------    -------------------
                         (clock clk200_p rise edge)
                                                      0.000     0.000 r  <hidden>
    R4                                                0.000     0.000 r  clk200_p
                         net (fo=0)                   0.000     0.000    clk200_p
    R4                   IBUFDS (Prop_ibufds_I_O)     0.369     0.369 r  IBUFDS/O
                         net (fo=1, unplaced)         0.321     0.690    IBUFDS_n_0_BUFG_inst_n_0
                         BUFG (Prop_bufg_I_O)         0.027     0.717 r  IBUFDS_n_0_BUFG_inst/O
                         net (fo=9, unplaced)         0.114     0.831    milansoc_crg_clkin_signal
                         FDCE                                         r  FDCE/C
  -------------------------------------------------------------------    -------------------
                         FDCE (Prop_fdce_C_Q)         0.147     0.978 r  FDCE/Q
                         net (fo=1, unplaced)         0.127     1.105    subfragments_reset0
                         FDCE                                         r  FDCE_1/D
  -------------------------------------------------------------------    -------------------

                         (clock clk200_p rise edge)
                                                      0.000     0.000 r  <hidden>
    R4                                                0.000     0.000 r  clk200_p
                         net (fo=0)                   0.000     0.000    clk200_p
    R4                   IBUFDS (Prop_ibufds_I_O)     0.400     0.400 r  IBUFDS/O
                         net (fo=1, unplaced)         0.338     0.738    IBUFDS_n_0_BUFG_inst_n_0
                         BUFG (Prop_bufg_I_O)         0.030     0.768 r  IBUFDS_n_0_BUFG_inst/O
                         net (fo=9, unplaced)         0.259     1.027    milansoc_crg_clkin_signal
                         FDCE                                         r  FDCE_1/C
                         clock pessimism             -0.051     0.976    <hidden>
                         FDCE (Hold_fdce_C_D)        -0.009     0.967    FDCE_1
  -------------------------------------------------------------------
                         required time                         -0.967    <hidden>
                         arrival time                           1.105    <hidden>
  -------------------------------------------------------------------
                         slack                                  0.138    <hidden>





Pulse Width Checks
--------------------------------------------------------------------------------------
Clock Name:         clk200_p
Waveform(ns):       { 0.000 2.500 }
Period(ns):         5.000
Sources:            { clk200_p }

Check Type        Corner  Lib Pin           Reference Pin  Required(ns)  Actual(ns)  Slack(ns)  Location  Pin
Min Period        n/a     BUFG/I            n/a            1.592         5.000       3.408                IBUFDS_n_0_BUFG_inst/I
Max Period        n/a     PLLE2_ADV/CLKIN1  n/a            52.633        5.000       47.633               PLLE2_ADV/CLKIN1
Low Pulse Width   Slow    PLLE2_ADV/CLKIN1  n/a            1.400         2.500       1.100                PLLE2_ADV/CLKIN1
High Pulse Width  Slow    PLLE2_ADV/CLKIN1  n/a            1.400         2.500       1.100                PLLE2_ADV/CLKIN1



---------------------------------------------------------------------------------------------------
From Clock:  milansoc_crg_clkout0
  To Clock:  milansoc_crg_clkout0

Setup :           32  Failing Endpoints,  Worst Slack       -0.409ns,  Total Violation      -13.020ns
Hold  :            0  Failing Endpoints,  Worst Slack        0.010ns,  Total Violation        0.000ns
PW    :            0  Failing Endpoints,  Worst Slack        3.000ns,  Total Violation        0.000ns
---------------------------------------------------------------------------------------------------


Max Delay Paths
--------------------------------------------------------------------------------------
Slack (VIOLATED) :        -0.409ns  (required time - arrival time)
  Source:                 milansoc_sdram_zqcs_timer_count1_reg[8]/C
                            (rising edge-triggered cell FDRE clocked by milansoc_crg_clkout0  {rise@0.000ns fall@5.000ns period=10.000ns})
  Destination:            subfragments_bankmachine0_state_reg[0]/CE
                            (rising edge-triggered cell FDRE clocked by milansoc_crg_clkout0  {rise@0.000ns fall@5.000ns period=10.000ns})
  Path Group:             milansoc_crg_clkout0
  Path Type:              Setup (Max at Slow Process Corner)
  Requirement:            10.000ns  (milansoc_crg_clkout0 rise@10.000ns - milansoc_crg_clkout0 rise@0.000ns)
  Data Path Delay:        10.041ns  (logic 2.542ns (25.316%)  route 7.499ns (74.684%))
  Logic Levels:           17  (LUT3=2 LUT4=2 LUT5=1 LUT6=11 MUXF7=1)
  Clock Path Skew:        -0.145ns (DCD - SCD + CPR)
    Destination Clock Delay (DCD):    3.212ns = ( 13.212 - 10.000 ) 
    Source Clock Delay      (SCD):    3.617ns
    Clock Pessimism Removal (CPR):    0.260ns
  Clock Uncertainty:      0.058ns  ((TSJ^2 + DJ^2)^1/2) / 2 + PE
    Total System Jitter     (TSJ):    0.071ns
    Discrete Jitter          (DJ):    0.091ns
    Phase Error              (PE):    0.000ns

    Location             Delay type                Incr(ns)  Path(ns)    Netlist Resource(s)
  -------------------------------------------------------------------    -------------------
                         (clock milansoc_crg_clkout0 rise edge)
                                                      0.000     0.000 r  <hidden>
    R4                                                0.000     0.000 r  clk200_p
                         net (fo=0)                   0.000     0.000    clk200_p
    R4                   IBUFDS (Prop_ibufds_I_O)     0.851     0.851 r  IBUFDS/O
                         net (fo=1, unplaced)         0.647     1.498    IBUFDS_n_0_BUFG_inst_n_0
                         BUFG (Prop_bufg_I_O)         0.082     1.580 r  IBUFDS_n_0_BUFG_inst/O
                         net (fo=9, unplaced)         0.584     2.164    milansoc_crg_clkin_signal
                         PLLE2_ADV (Prop_plle2_adv_CLKIN1_CLKOUT0)
                                                      0.077     2.241 r  PLLE2_ADV/CLKOUT0
                         net (fo=1, unplaced)         0.647     2.889    milansoc_crg_clkout0
                         BUFG (Prop_bufg_I_O)         0.081     2.970 r  BUFG/O
                         net (fo=7296, unplaced)      0.647     3.617    sys_clk
                         FDRE                                         r  milansoc_sdram_zqcs_timer_count1_reg[8]/C
  -------------------------------------------------------------------    -------------------
                         FDRE (Prop_fdre_C_Q)         0.397     4.014 f  milansoc_sdram_zqcs_timer_count1_reg[8]/Q
                         net (fo=2, unplaced)         0.790     4.804    milansoc_sdram_zqcs_timer_count1_reg[8]
                         LUT6 (Prop_lut6_I0_O)        0.232     5.036 r  milansoc_sdram_zqcs_timer_count1[0]_i_12/O
                         net (fo=1, unplaced)         0.347     5.383    milansoc_sdram_zqcs_timer_count1[0]_i_12_n_0
                         LUT6 (Prop_lut6_I5_O)        0.105     5.488 r  milansoc_sdram_zqcs_timer_count1[0]_i_8/O
                         net (fo=1, unplaced)         0.347     5.835    milansoc_sdram_zqcs_timer_count1[0]_i_8_n_0
                         LUT6 (Prop_lut6_I0_O)        0.105     5.940 r  milansoc_sdram_zqcs_timer_count1[0]_i_3/O
                         net (fo=6, unplaced)         0.379     6.319    milansoc_sdram_zqcs_timer_count1[0]_i_3_n_0
                         LUT5 (Prop_lut5_I0_O)        0.105     6.424 r  milansoc_sdram_bankmachine5_pipe_valid_source_payload_we_i_3/O
                         net (fo=78, unplaced)        0.440     6.864    milansoc_sdram_cmd_valid
                         LUT4 (Prop_lut4_I2_O)        0.105     6.969 f  milansoc_sdram_bankmachine1_pipe_valid_source_valid_i_3/O
                         net (fo=8, unplaced)         0.385     7.354    milansoc_sdram_bankmachine1_pipe_valid_source_valid_i_3_n_0
                         LUT6 (Prop_lut6_I3_O)        0.105     7.459 f  milansoc_sdram_dfi_p1_wrdata_en_i_15/O
                         net (fo=10, unplaced)        0.625     8.084    milansoc_sdram_bankmachine1_cmd_payload_is_write
                         LUT3 (Prop_lut3_I0_O)        0.105     8.189 r  milansoc_sdram_choose_cmd_grant[2]_i_9/O
                         net (fo=9, unplaced)         0.569     8.758    milansoc_sdram_choose_cmd_valids_reg[1]
                         LUT6 (Prop_lut6_I0_O)        0.105     8.863 r  milansoc_sdram_tfawcon_ready_i_9/O
                         net (fo=1, unplaced)         0.000     8.863    milansoc_sdram_tfawcon_ready_i_9_n_0
                         MUXF7 (Prop_muxf7_I0_O)      0.201     9.064 r  milansoc_sdram_tfawcon_ready_reg_i_5/O
                         net (fo=14, unplaced)        0.400     9.464    rhs_self43
                         LUT4 (Prop_lut4_I3_O)        0.242     9.706 r  milansoc_sdram_tfawcon_ready_i_6/O
                         net (fo=4, unplaced)         0.606    10.312    milansoc_sdram_choose_cmd_cmd_payload_cas
                         LUT6 (Prop_lut6_I0_O)        0.105    10.417 r  milansoc_sdram_tfawcon_ready_i_4/O
                         net (fo=11, unplaced)        0.393    10.810    milansoc_sdram_choose_cmd_cmd_ready
                         LUT3 (Prop_lut3_I0_O)        0.105    10.915 r  milansoc_sdram_bankmachine3_level[3]_i_7/O
                         net (fo=5, unplaced)         0.375    11.290    milansoc_sdram_bankmachine3_level[3]_i_7_n_0
                         LUT6 (Prop_lut6_I2_O)        0.105    11.395 r  milansoc_sdram_bankmachine0_level[3]_i_4/O
                         net (fo=16, unplaced)        0.401    11.796    milansoc_sdram_bankmachine0_cmd_ready
                         LUT6 (Prop_lut6_I0_O)        0.105    11.901 r  subfragments_bankmachine0_state[3]_i_4/O
                         net (fo=2, unplaced)         0.358    12.259    subfragments_bankmachine0_state[3]_i_4_n_0
                         LUT6 (Prop_lut6_I5_O)        0.105    12.364 r  subfragments_bankmachine0_state[3]_i_5/O
                         net (fo=1, unplaced)         0.347    12.711    subfragments_bankmachine0_state[3]_i_5_n_0
                         LUT6 (Prop_lut6_I3_O)        0.105    12.816 r  subfragments_bankmachine0_state[3]_i_3/O
                         net (fo=1, unplaced)         0.347    13.163    subfragments_bankmachine0_state[3]_i_3_n_0
                         LUT6 (Prop_lut6_I0_O)        0.105    13.268 r  subfragments_bankmachine0_state[3]_i_1/O
                         net (fo=4, unplaced)         0.390    13.658    subfragments_bankmachine0_next_state[0]
                         FDRE                                         r  subfragments_bankmachine0_state_reg[0]/CE
  -------------------------------------------------------------------    -------------------

                         (clock milansoc_crg_clkout0 rise edge)
                                                     10.000    10.000 r  <hidden>
    R4                                                0.000    10.000 r  clk200_p
                         net (fo=0)                   0.000    10.000    clk200_p
    R4                   IBUFDS (Prop_ibufds_I_O)     0.813    10.813 r  IBUFDS/O
                         net (fo=1, unplaced)         0.615    11.428    IBUFDS_n_0_BUFG_inst_n_0
                         BUFG (Prop_bufg_I_O)         0.078    11.506 r  IBUFDS_n_0_BUFG_inst/O
                         net (fo=9, unplaced)         0.439    11.945    milansoc_crg_clkin_signal
                         PLLE2_ADV (Prop_plle2_adv_CLKIN1_CLKOUT0)
                                                      0.073    12.018 r  PLLE2_ADV/CLKOUT0
                         net (fo=1, unplaced)         0.615    12.633    milansoc_crg_clkout0
                         BUFG (Prop_bufg_I_O)         0.077    12.710 r  BUFG/O
                         net (fo=7296, unplaced)      0.502    13.212    sys_clk
                         FDRE                                         r  subfragments_bankmachine0_state_reg[0]/C
                         clock pessimism              0.260    13.472    <hidden>
                         clock uncertainty           -0.058    13.414    <hidden>
                         FDRE (Setup_fdre_C_CE)      -0.165    13.249    subfragments_bankmachine0_state_reg[0]
  -------------------------------------------------------------------
                         required time                         13.249    <hidden>
                         arrival time                         -13.658    <hidden>
  -------------------------------------------------------------------
                         slack                                 -0.409    <hidden>





Min Delay Paths
--------------------------------------------------------------------------------------
Slack (MET) :             0.010ns  (arrival time - required time)
  Source:                 milansoc_a7ddrphy_rst_storage_reg/C
                            (rising edge-triggered cell FDRE clocked by milansoc_crg_clkout0  {rise@0.000ns fall@5.000ns period=10.000ns})
  Destination:            OSERDESE2/RST
                            (rising edge-triggered cell OSERDESE2 clocked by milansoc_crg_clkout0  {rise@0.000ns fall@5.000ns period=10.000ns})
  Path Group:             milansoc_crg_clkout0
  Path Type:              Hold (Min at Fast Process Corner)
  Requirement:            0.000ns  (milansoc_crg_clkout0 rise@0.000ns - milansoc_crg_clkout0 rise@0.000ns)
  Data Path Delay:        0.714ns  (logic 0.245ns (34.297%)  route 0.469ns (65.703%))
  Logic Levels:           1  (LUT2=1)
  Clock Path Skew:        0.145ns (DCD - SCD - CPR)
    Destination Clock Delay (DCD):    1.785ns
    Source Clock Delay      (SCD):    1.421ns
    Clock Pessimism Removal (CPR):    0.219ns

    Location             Delay type                Incr(ns)  Path(ns)    Netlist Resource(s)
  -------------------------------------------------------------------    -------------------
                         (clock milansoc_crg_clkout0 rise edge)
                                                      0.000     0.000 r  <hidden>
    R4                                                0.000     0.000 r  clk200_p
                         net (fo=0)                   0.000     0.000    clk200_p
    R4                   IBUFDS (Prop_ibufds_I_O)     0.369     0.369 r  IBUFDS/O
                         net (fo=1, unplaced)         0.321     0.690    IBUFDS_n_0_BUFG_inst_n_0
                         BUFG (Prop_bufg_I_O)         0.027     0.717 r  IBUFDS_n_0_BUFG_inst/O
                         net (fo=9, unplaced)         0.114     0.831    milansoc_crg_clkin_signal
                         PLLE2_ADV (Prop_plle2_adv_CLKIN1_CLKOUT0)
                                                      0.050     0.881 r  PLLE2_ADV/CLKOUT0
                         net (fo=1, unplaced)         0.321     1.202    milansoc_crg_clkout0
                         BUFG (Prop_bufg_I_O)         0.026     1.228 r  BUFG/O
                         net (fo=7296, unplaced)      0.193     1.421    sys_clk
                         FDRE                                         r  milansoc_a7ddrphy_rst_storage_reg/C
  -------------------------------------------------------------------    -------------------
                         FDRE (Prop_fdre_C_Q)         0.147     1.568 r  milansoc_a7ddrphy_rst_storage_reg/Q
                         net (fo=19, unplaced)        0.148     1.716    milansoc_a7ddrphy_rst_storage
                         LUT2 (Prop_lut2_I1_O)        0.098     1.814 r  OSERDESE2_1_i_2/O
                         net (fo=98, unplaced)        0.321     2.135    RST0
    OLOGIC_X1Y94         OSERDESE2                                    r  OSERDESE2/RST
  -------------------------------------------------------------------    -------------------

                         (clock milansoc_crg_clkout0 rise edge)
                                                      0.000     0.000 r  <hidden>
    R4                                                0.000     0.000 r  clk200_p
                         net (fo=0)                   0.000     0.000    clk200_p
    R4                   IBUFDS (Prop_ibufds_I_O)     0.400     0.400 r  IBUFDS/O
                         net (fo=1, unplaced)         0.338     0.738    IBUFDS_n_0_BUFG_inst_n_0
                         BUFG (Prop_bufg_I_O)         0.030     0.768 r  IBUFDS_n_0_BUFG_inst/O
                         net (fo=9, unplaced)         0.259     1.027    milansoc_crg_clkin_signal
                         PLLE2_ADV (Prop_plle2_adv_CLKIN1_CLKOUT0)
                                                      0.053     1.080 r  PLLE2_ADV/CLKOUT0
                         net (fo=1, unplaced)         0.338     1.418    milansoc_crg_clkout0
                         BUFG (Prop_bufg_I_O)         0.029     1.447 r  BUFG/O
                         net (fo=7296, unplaced)      0.338     1.785    sys_clk
    OLOGIC_X1Y94         OSERDESE2                                    r  OSERDESE2/CLKDIV
                         clock pessimism             -0.219     1.566    <hidden>
    OLOGIC_X1Y94         OSERDESE2 (Hold_oserdese2_CLKDIV_RST)
                                                      0.559     2.125    OSERDESE2
  -------------------------------------------------------------------
                         required time                         -2.125    <hidden>
                         arrival time                           2.135    <hidden>
  -------------------------------------------------------------------
                         slack                                  0.010    <hidden>





Pulse Width Checks
--------------------------------------------------------------------------------------
Clock Name:         milansoc_crg_clkout0
Waveform(ns):       { 0.000 5.000 }
Period(ns):         10.000
Sources:            { PLLE2_ADV/CLKOUT0 }

Check Type        Corner  Lib Pin             Reference Pin  Required(ns)  Actual(ns)  Slack(ns)  Location  Pin
Min Period        n/a     RAMB36E1/CLKARDCLK  n/a            2.472         10.000      7.528                storage_15_reg_0/CLKARDCLK
Max Period        n/a     PLLE2_ADV/CLKIN1    n/a            52.633        10.000      42.633               pll_audio_pre/CLKIN1
Low Pulse Width   Slow    PLLE2_ADV/CLKIN1    n/a            2.000         5.000       3.000                pll_audio_pre/CLKIN1
High Pulse Width  Slow    PLLE2_ADV/CLKIN1    n/a            2.000         5.000       3.000                pll_audio_pre/CLKIN1



---------------------------------------------------------------------------------------------------
From Clock:  milansoc_crg_audio_ref_raw
  To Clock:  milansoc_crg_audio_ref_raw

Setup :           NA  Failing Endpoints,  Worst Slack           NA  ,  Total Violation           NA
Hold  :           NA  Failing Endpoints,  Worst Slack           NA  ,  Total Violation           NA
PW    :            0  Failing Endpoints,  Worst Slack       11.087ns,  Total Violation        0.000ns
---------------------------------------------------------------------------------------------------


Pulse Width Checks
--------------------------------------------------------------------------------------
Clock Name:         milansoc_crg_audio_ref_raw
Waveform(ns):       { 0.000 16.087 }
Period(ns):         32.174
Sources:            { pll_audio_pre/CLKOUT0 }

Check Type        Corner  Lib Pin            Reference Pin  Required(ns)  Actual(ns)  Slack(ns)  Location  Pin
Min Period        n/a     BUFG/I             n/a            1.592         32.174      30.582               BUFG_2/I
Max Period        n/a     MMCME2_ADV/CLKIN1  n/a            100.000       32.174      67.826               mmcm_audio/CLKIN1
Low Pulse Width   Slow    MMCME2_ADV/CLKIN1  n/a            5.000         16.087      11.087               mmcm_audio/CLKIN1
High Pulse Width  Slow    MMCME2_ADV/CLKIN1  n/a            5.000         16.087      11.087               mmcm_audio/CLKIN1



---------------------------------------------------------------------------------------------------
From Clock:  milansoc_crg_audio_mclk_raw
  To Clock:  milansoc_crg_audio_mclk_raw

Setup :            0  Failing Endpoints,  Worst Slack       34.075ns,  Total Violation        0.000ns
Hold  :            0  Failing Endpoints,  Worst Slack        0.010ns,  Total Violation        0.000ns
PW    :            0  Failing Endpoints,  Worst Slack       19.215ns,  Total Violation        0.000ns
---------------------------------------------------------------------------------------------------


Max Delay Paths
--------------------------------------------------------------------------------------
Slack (MET) :             34.075ns  (required time - arrival time)
  Source:                 milan_datapath/g_tdm_render_live.g_master.chan_tdm_render/u_fcdc/mem_r_reg_0/CLKARDCLK
                            (rising edge-triggered cell RAMB36E1 clocked by milansoc_crg_audio_mclk_raw  {rise@0.000ns fall@20.345ns period=40.691ns})
  Destination:            milan_datapath/g_tdm_render_live.g_master.chan_tdm_render/dout_nxt_r_reg/D
                            (rising edge-triggered cell FDRE clocked by milansoc_crg_audio_mclk_raw  {rise@0.000ns fall@20.345ns period=40.691ns})
  Path Group:             milansoc_crg_audio_mclk_raw
  Path Type:              Setup (Max at Slow Process Corner)
  Requirement:            40.691ns  (milansoc_crg_audio_mclk_raw rise@40.691ns - milansoc_crg_audio_mclk_raw rise@0.000ns)
  Data Path Delay:        6.389ns  (logic 3.555ns (55.639%)  route 2.834ns (44.361%))
  Logic Levels:           9  (LUT3=1 LUT4=1 LUT6=4 MUXF7=2 MUXF8=1)
  Clock Path Skew:        -0.145ns (DCD - SCD + CPR)
    Destination Clock Delay (DCD):    5.684ns = ( 46.375 - 40.691 ) 
    Source Clock Delay      (SCD):    6.460ns
    Clock Pessimism Removal (CPR):    0.631ns
  Clock Uncertainty:      0.124ns  ((TSJ^2 + DJ^2)^1/2) / 2 + PE
    Total System Jitter     (TSJ):    0.071ns
    Discrete Jitter          (DJ):    0.237ns
    Phase Error              (PE):    0.000ns

    Location             Delay type                Incr(ns)  Path(ns)    Netlist Resource(s)
  -------------------------------------------------------------------    -------------------
                         (clock milansoc_crg_audio_mclk_raw rise edge)
                                                      0.000     0.000 r  <hidden>
    R4                                                0.000     0.000 r  clk200_p
                         net (fo=0)                   0.000     0.000    clk200_p
    R4                   IBUFDS (Prop_ibufds_I_O)     0.851     0.851 r  IBUFDS/O
                         net (fo=1, unplaced)         0.647     1.498    IBUFDS_n_0_BUFG_inst_n_0
                         BUFG (Prop_bufg_I_O)         0.082     1.580 r  IBUFDS_n_0_BUFG_inst/O
                         net (fo=9, unplaced)         0.584     2.164    milansoc_crg_clkin_signal
                         PLLE2_ADV (Prop_plle2_adv_CLKIN1_CLKOUT0)
                                                      0.077     2.241 r  PLLE2_ADV/CLKOUT0
                         net (fo=1, unplaced)         0.647     2.889    milansoc_crg_clkout0
                         BUFG (Prop_bufg_I_O)         0.081     2.970 r  BUFG/O
                         net (fo=7296, unplaced)      0.647     3.617    sys_clk
                         PLLE2_ADV (Prop_plle2_adv_CLKIN1_CLKOUT0)
                                                      0.077     3.694 r  pll_audio_pre/CLKOUT0
                         net (fo=1, unplaced)         0.647     4.342    milansoc_crg_audio_ref_raw
                         BUFG (Prop_bufg_I_O)         0.081     4.423 r  BUFG_2/O
                         net (fo=1, unplaced)         0.584     5.007    milansoc_crg_audio_ref
                         MMCME2_ADV (Prop_mmcme2_adv_CLKIN1_CLKOUT0)
                                                      0.077     5.084 r  mmcm_audio/CLKOUT0
                         net (fo=1, unplaced)         0.647     5.731    milansoc_crg_audio_mclk_raw
                         BUFG (Prop_bufg_I_O)         0.081     5.812 r  BUFG_3/O
                         net (fo=675, unplaced)       0.647     6.460    milan_datapath/g_tdm_render_live.g_master.chan_tdm_render/u_fcdc/rptr_bin_r_reg[2]_0
                         RAMB36E1                                     r  milan_datapath/g_tdm_render_live.g_master.chan_tdm_render/u_fcdc/mem_r_reg_0/CLKARDCLK
  -------------------------------------------------------------------    -------------------
                         RAMB36E1 (Prop_ramb36e1_CLKARDCLK_DOADO[8])
                                                      2.125     8.585 r  milan_datapath/g_tdm_render_live.g_master.chan_tdm_render/u_fcdc/mem_r_reg_0/DOADO[8]
                         net (fo=1, unplaced)         0.647     9.232    milan_datapath/g_tdm_render_live.g_master.chan_tdm_render/u_fcdc/rdata_w[8]
                         LUT3 (Prop_lut3_I0_O)        0.125     9.357 r  milan_datapath/g_tdm_render_live.g_master.chan_tdm_render/u_fcdc/next_r[8]_i_1/O
                         net (fo=3, unplaced)         0.346     9.703    milan_datapath/g_tdm_render_live.g_master.chan_tdm_render/u_fcdc/D[8]
                         LUT6 (Prop_lut6_I2_O)        0.105     9.808 r  milan_datapath/g_tdm_render_live.g_master.chan_tdm_render/u_fcdc/dout_nxt_r_i_196/O
                         net (fo=1, unplaced)         0.347    10.155    milan_datapath/g_tdm_render_live.g_master.chan_tdm_render/u_fcdc/dout_nxt_r_i_196_n_0
                         LUT6 (Prop_lut6_I5_O)        0.105    10.260 r  milan_datapath/g_tdm_render_live.g_master.chan_tdm_render/u_fcdc/dout_nxt_r_i_100/O
                         net (fo=1, unplaced)         0.000    10.260    milan_datapath/g_tdm_render_live.g_master.chan_tdm_render/u_fcdc/dout_nxt_r_i_100_n_0
                         MUXF7 (Prop_muxf7_I0_O)      0.201    10.461 r  milan_datapath/g_tdm_render_live.g_master.chan_tdm_render/u_fcdc/dout_nxt_r_reg_i_44/O
                         net (fo=1, unplaced)         0.000    10.461    milan_datapath/g_tdm_render_live.g_master.chan_tdm_render/u_fcdc/dout_nxt_r_reg_i_44_n_0
                         MUXF8 (Prop_muxf8_I0_O)      0.082    10.543 r  milan_datapath/g_tdm_render_live.g_master.chan_tdm_render/u_fcdc/dout_nxt_r_reg_i_16/O
                         net (fo=1, unplaced)         0.563    11.106    milan_datapath/g_tdm_render_live.g_master.chan_tdm_render/u_fcdc/dout_nxt_r_reg_i_16_n_0
                         LUT6 (Prop_lut6_I0_O)        0.259    11.365 r  milan_datapath/g_tdm_render_live.g_master.chan_tdm_render/u_fcdc/dout_nxt_r_i_7/O
                         net (fo=1, unplaced)         0.000    11.365    milan_datapath/g_tdm_render_live.g_master.chan_tdm_render/u_fcdc/dout_nxt_r_i_7_n_0
                         MUXF7 (Prop_muxf7_I1_O)      0.206    11.571 r  milan_datapath/g_tdm_render_live.g_master.chan_tdm_render/u_fcdc/dout_nxt_r_reg_i_3/O
                         net (fo=1, unplaced)         0.584    12.155    milan_datapath/g_aif_tdm_master.g_solo.aaf_capture/dout_nxt_r_reg
                         LUT6 (Prop_lut6_I3_O)        0.242    12.397 r  milan_datapath/g_aif_tdm_master.g_solo.aaf_capture/dout_nxt_r_i_2/O
                         net (fo=1, unplaced)         0.347    12.744    milan_datapath/g_aif_tdm_master.g_solo.aaf_capture/g_tdm_render_live.g_master.chan_tdm_render/dout_nxt_r
                         LUT4 (Prop_lut4_I0_O)        0.105    12.849 r  milan_datapath/g_aif_tdm_master.g_solo.aaf_capture/dout_nxt_r_i_1/O
                         net (fo=1, unplaced)         0.000    12.849    milan_datapath/g_tdm_render_live.g_master.chan_tdm_render/dout_nxt_r_reg_1
                         FDRE                                         r  milan_datapath/g_tdm_render_live.g_master.chan_tdm_render/dout_nxt_r_reg/D
  -------------------------------------------------------------------    -------------------

                         (clock milansoc_crg_audio_mclk_raw rise edge)
                                                     40.691    40.691 r  <hidden>
    R4                                                0.000    40.691 r  clk200_p
                         net (fo=0)                   0.000    40.691    clk200_p
    R4                   IBUFDS (Prop_ibufds_I_O)     0.813    41.503 r  IBUFDS/O
                         net (fo=1, unplaced)         0.615    42.118    IBUFDS_n_0_BUFG_inst_n_0
                         BUFG (Prop_bufg_I_O)         0.078    42.196 r  IBUFDS_n_0_BUFG_inst/O
                         net (fo=9, unplaced)         0.439    42.635    milansoc_crg_clkin_signal
                         PLLE2_ADV (Prop_plle2_adv_CLKIN1_CLKOUT0)
                                                      0.073    42.708 r  PLLE2_ADV/CLKOUT0
                         net (fo=1, unplaced)         0.615    43.324    milansoc_crg_clkout0
                         BUFG (Prop_bufg_I_O)         0.077    43.401 r  BUFG/O
                         net (fo=7296, unplaced)      0.502    43.903    sys_clk
                         PLLE2_ADV (Prop_plle2_adv_CLKIN1_CLKOUT0)
                                                      0.073    43.976 r  pll_audio_pre/CLKOUT0
                         net (fo=1, unplaced)         0.615    44.591    milansoc_crg_audio_ref_raw
                         BUFG (Prop_bufg_I_O)         0.077    44.668 r  BUFG_2/O
                         net (fo=1, unplaced)         0.439    45.107    milansoc_crg_audio_ref
                         MMCME2_ADV (Prop_mmcme2_adv_CLKIN1_CLKOUT0)
                                                      0.073    45.180 r  mmcm_audio/CLKOUT0
                         net (fo=1, unplaced)         0.615    45.795    milansoc_crg_audio_mclk_raw
                         BUFG (Prop_bufg_I_O)         0.077    45.872 r  BUFG_3/O
                         net (fo=675, unplaced)       0.502    46.375    milan_datapath/g_tdm_render_live.g_master.chan_tdm_render/rptr_bin_r_reg[2]
                         FDRE                                         r  milan_datapath/g_tdm_render_live.g_master.chan_tdm_render/dout_nxt_r_reg/C
                         clock pessimism              0.631    47.005    <hidden>
                         clock uncertainty           -0.124    46.881    <hidden>
                         FDRE (Setup_fdre_C_D)        0.043    46.924    milan_datapath/g_tdm_render_live.g_master.chan_tdm_render/dout_nxt_r_reg
  -------------------------------------------------------------------
                         required time                         46.924    <hidden>
                         arrival time                         -12.849    <hidden>
  -------------------------------------------------------------------
                         slack                                 34.075    <hidden>





Min Delay Paths
--------------------------------------------------------------------------------------
Slack (MET) :             0.010ns  (arrival time - required time)
  Source:                 milan_datapath/g_aif_tdm_master.g_solo.aaf_capture/bclk_n_r_reg/C
                            (rising edge-triggered cell FDSE clocked by milansoc_crg_audio_mclk_raw  {rise@0.000ns fall@20.345ns period=40.691ns})
  Destination:            milan_datapath/g_aif_tdm_master.g_solo.aaf_capture/fsync_r_reg/CE
                            (rising edge-triggered cell FDSE clocked by milansoc_crg_audio_mclk_raw  {rise@0.000ns fall@20.345ns period=40.691ns})
  Path Group:             milansoc_crg_audio_mclk_raw
  Path Type:              Hold (Min at Fast Process Corner)
  Requirement:            0.000ns  (milansoc_crg_audio_mclk_raw rise@0.000ns - milansoc_crg_audio_mclk_raw rise@0.000ns)
  Data Path Delay:        0.727ns  (logic 0.245ns (33.689%)  route 0.482ns (66.311%))
  Logic Levels:           1  (LUT1=1)
  Clock Path Skew:        0.145ns (DCD - SCD - CPR)
    Destination Clock Delay (DCD):    3.221ns
    Source Clock Delay      (SCD):    2.522ns
    Clock Pessimism Removal (CPR):    0.555ns

    Location             Delay type                Incr(ns)  Path(ns)    Netlist Resource(s)
  -------------------------------------------------------------------    -------------------
                         (clock milansoc_crg_audio_mclk_raw rise edge)
                                                      0.000     0.000 r  <hidden>
    R4                                                0.000     0.000 r  clk200_p
                         net (fo=0)                   0.000     0.000    clk200_p
    R4                   IBUFDS (Prop_ibufds_I_O)     0.369     0.369 r  IBUFDS/O
                         net (fo=1, unplaced)         0.321     0.690    IBUFDS_n_0_BUFG_inst_n_0
                         BUFG (Prop_bufg_I_O)         0.027     0.717 r  IBUFDS_n_0_BUFG_inst/O
                         net (fo=9, unplaced)         0.114     0.831    milansoc_crg_clkin_signal
                         PLLE2_ADV (Prop_plle2_adv_CLKIN1_CLKOUT0)
                                                      0.050     0.881 r  PLLE2_ADV/CLKOUT0
                         net (fo=1, unplaced)         0.321     1.202    milansoc_crg_clkout0
                         BUFG (Prop_bufg_I_O)         0.026     1.228 r  BUFG/O
                         net (fo=7296, unplaced)      0.193     1.421    sys_clk
                         PLLE2_ADV (Prop_plle2_adv_CLKIN1_CLKOUT0)
                                                      0.050     1.471 r  pll_audio_pre/CLKOUT0
                         net (fo=1, unplaced)         0.321     1.792    milansoc_crg_audio_ref_raw
                         BUFG (Prop_bufg_I_O)         0.026     1.818 r  BUFG_2/O
                         net (fo=1, unplaced)         0.114     1.932    milansoc_crg_audio_ref
                         MMCME2_ADV (Prop_mmcme2_adv_CLKIN1_CLKOUT0)
                                                      0.050     1.982 r  mmcm_audio/CLKOUT0
                         net (fo=1, unplaced)         0.321     2.303    milansoc_crg_audio_mclk_raw
                         BUFG (Prop_bufg_I_O)         0.026     2.329 r  BUFG_3/O
                         net (fo=675, unplaced)       0.193     2.522    milan_datapath/g_aif_tdm_master.g_solo.aaf_capture/rgray_w2_r_reg[3]
                         FDSE                                         r  milan_datapath/g_aif_tdm_master.g_solo.aaf_capture/bclk_n_r_reg/C
  -------------------------------------------------------------------    -------------------
                         FDSE (Prop_fdse_C_Q)         0.147     2.669 f  milan_datapath/g_aif_tdm_master.g_solo.aaf_capture/bclk_n_r_reg/Q
                         net (fo=56, unplaced)        0.161     2.830    milan_datapath/g_aif_tdm_master.g_solo.aaf_capture/aifm_bclk_rise_w
                         LUT1 (Prop_lut1_I0_O)        0.098     2.928 r  milan_datapath/g_aif_tdm_master.g_solo.aaf_capture/fsync_r_i_1/O
                         net (fo=3, unplaced)         0.321     3.249    milan_datapath/g_aif_tdm_master.g_solo.aaf_capture/aifm_bclk_fall_w
    OLOGIC_X0Y164        FDSE                                         r  milan_datapath/g_aif_tdm_master.g_solo.aaf_capture/fsync_r_reg/CE
  -------------------------------------------------------------------    -------------------

                         (clock milansoc_crg_audio_mclk_raw rise edge)
                                                      0.000     0.000 r  <hidden>
    R4                                                0.000     0.000 r  clk200_p
                         net (fo=0)                   0.000     0.000    clk200_p
    R4                   IBUFDS (Prop_ibufds_I_O)     0.400     0.400 r  IBUFDS/O
                         net (fo=1, unplaced)         0.338     0.738    IBUFDS_n_0_BUFG_inst_n_0
                         BUFG (Prop_bufg_I_O)         0.030     0.768 r  IBUFDS_n_0_BUFG_inst/O
                         net (fo=9, unplaced)         0.259     1.027    milansoc_crg_clkin_signal
                         PLLE2_ADV (Prop_plle2_adv_CLKIN1_CLKOUT0)
                                                      0.053     1.080 r  PLLE2_ADV/CLKOUT0
                         net (fo=1, unplaced)         0.338     1.418    milansoc_crg_clkout0
                         BUFG (Prop_bufg_I_O)         0.029     1.447 r  BUFG/O
                         net (fo=7296, unplaced)      0.338     1.785    sys_clk
                         PLLE2_ADV (Prop_plle2_adv_CLKIN1_CLKOUT0)
                                                      0.053     1.838 r  pll_audio_pre/CLKOUT0
                         net (fo=1, unplaced)         0.338     2.175    milansoc_crg_audio_ref_raw
                         BUFG (Prop_bufg_I_O)         0.029     2.204 r  BUFG_2/O
                         net (fo=1, unplaced)         0.259     2.463    milansoc_crg_audio_ref
                         MMCME2_ADV (Prop_mmcme2_adv_CLKIN1_CLKOUT0)
                                                      0.053     2.516 r  mmcm_audio/CLKOUT0
                         net (fo=1, unplaced)         0.338     2.854    milansoc_crg_audio_mclk_raw
                         BUFG (Prop_bufg_I_O)         0.029     2.883 r  BUFG_3/O
                         net (fo=675, unplaced)       0.338     3.221    milan_datapath/g_aif_tdm_master.g_solo.aaf_capture/rgray_w2_r_reg[3]
    OLOGIC_X0Y164        FDSE                                         r  milan_datapath/g_aif_tdm_master.g_solo.aaf_capture/fsync_r_reg/C
                         clock pessimism             -0.555     2.667    <hidden>
    OLOGIC_X0Y164        FDSE (Hold_fdse_C_CE)        0.572     3.239    milan_datapath/g_aif_tdm_master.g_solo.aaf_capture/fsync_r_reg
  -------------------------------------------------------------------
                         required time                         -3.239    <hidden>
                         arrival time                           3.249    <hidden>
  -------------------------------------------------------------------
                         slack                                  0.010    <hidden>





Pulse Width Checks
--------------------------------------------------------------------------------------
Clock Name:         milansoc_crg_audio_mclk_raw
Waveform(ns):       { 0.000 20.345 }
Period(ns):         40.691
Sources:            { mmcm_audio/CLKOUT0 }

Check Type        Corner  Lib Pin             Reference Pin  Required(ns)  Actual(ns)  Slack(ns)  Location  Pin
Min Period        n/a     RAMB36E1/CLKARDCLK  n/a            2.170         40.691      38.521               milan_datapath/g_tdm_render_live.g_master.chan_tdm_render/u_fcdc/mem_r_reg_0/CLKARDCLK
Max Period        n/a     MMCME2_ADV/CLKOUT0  n/a            213.360       40.691      172.669              mmcm_audio/CLKOUT0
Low Pulse Width   Slow    RAMD32/CLK          n/a            1.130         20.345      19.215               milan_datapath/g_aif_tdm_master.g_solo.aaf_capture/u_tcdc/mem_r_reg_0_7_0_5/RAMA/CLK
High Pulse Width  Slow    RAMD32/CLK          n/a            1.130         20.345      19.215               milan_datapath/g_aif_tdm_master.g_solo.aaf_capture/u_tcdc/mem_r_reg_0_7_0_5/RAMA/CLK



---------------------------------------------------------------------------------------------------
From Clock:  milansoc_crg_mmcm_audio_fb
  To Clock:  milansoc_crg_mmcm_audio_fb

Setup :           NA  Failing Endpoints,  Worst Slack           NA  ,  Total Violation           NA
Hold  :           NA  Failing Endpoints,  Worst Slack           NA  ,  Total Violation           NA
PW    :            0  Failing Endpoints,  Worst Slack       30.925ns,  Total Violation        0.000ns
---------------------------------------------------------------------------------------------------


Pulse Width Checks
--------------------------------------------------------------------------------------
Clock Name:         milansoc_crg_mmcm_audio_fb
Waveform(ns):       { 0.000 16.087 }
Period(ns):         32.174
Sources:            { mmcm_audio/CLKFBOUT }

Check Type  Corner  Lib Pin              Reference Pin  Required(ns)  Actual(ns)  Slack(ns)  Location  Pin
Min Period  n/a     MMCME2_ADV/CLKFBOUT  n/a            1.249         32.174      30.925               mmcm_audio/CLKFBOUT
Max Period  n/a     MMCME2_ADV/CLKFBIN   n/a            100.000       32.174      67.826               mmcm_audio/CLKFBIN



---------------------------------------------------------------------------------------------------
From Clock:  milansoc_crg_pll_audio_fb
  To Clock:  milansoc_crg_pll_audio_fb

Setup :           NA  Failing Endpoints,  Worst Slack           NA  ,  Total Violation           NA
Hold  :           NA  Failing Endpoints,  Worst Slack           NA  ,  Total Violation           NA
PW    :            0  Failing Endpoints,  Worst Slack       18.751ns,  Total Violation        0.000ns
---------------------------------------------------------------------------------------------------


Pulse Width Checks
--------------------------------------------------------------------------------------
Clock Name:         milansoc_crg_pll_audio_fb
Waveform(ns):       { 0.000 10.000 }
Period(ns):         20.000
Sources:            { pll_audio_pre/CLKFBOUT }

Check Type  Corner  Lib Pin             Reference Pin  Required(ns)  Actual(ns)  Slack(ns)  Location  Pin
Min Period  n/a     PLLE2_ADV/CLKFBOUT  n/a            1.249         20.000      18.751               pll_audio_pre/CLKFBOUT
Max Period  n/a     PLLE2_ADV/CLKFBIN   n/a            52.633        20.000      32.633               pll_audio_pre/CLKFBIN



---------------------------------------------------------------------------------------------------
From Clock:  milansoc_crg_clkout1
  To Clock:  milansoc_crg_clkout1

Setup :           16  Failing Endpoints,  Worst Slack       -2.634ns,  Total Violation      -31.776ns
Hold  :            0  Failing Endpoints,  Worst Slack        0.035ns,  Total Violation        0.000ns
PW    :            0  Failing Endpoints,  Worst Slack        7.500ns,  Total Violation        0.000ns
---------------------------------------------------------------------------------------------------


Max Delay Paths
--------------------------------------------------------------------------------------
Slack (VIOLATED) :        -2.634ns  (required time - arrival time)
  Source:                 milan_datapath/pp_shadow/u_pp/u_notify/pend_r_reg[2]/C
                            (rising edge-triggered cell FDRE clocked by milansoc_crg_clkout1  {rise@0.000ns fall@10.000ns period=20.000ns})
  Destination:            milan_datapath/pp_shadow/u_pp/u_tx_arbiter/slot_r_reg[0]/D
                            (rising edge-triggered cell FDRE clocked by milansoc_crg_clkout1  {rise@0.000ns fall@10.000ns period=20.000ns})
  Path Group:             milansoc_crg_clkout1
  Path Type:              Setup (Max at Slow Process Corner)
  Requirement:            20.000ns  (milansoc_crg_clkout1 rise@20.000ns - milansoc_crg_clkout1 rise@0.000ns)
  Data Path Delay:        22.501ns  (logic 5.628ns (25.012%)  route 16.873ns (74.988%))
  Logic Levels:           45  (LUT2=7 LUT3=5 LUT4=7 LUT5=10 LUT6=14 MUXF7=2)
  Clock Path Skew:        -0.145ns (DCD - SCD + CPR)
    Destination Clock Delay (DCD):    3.149ns = ( 23.149 - 20.000 ) 
    Source Clock Delay      (SCD):    3.554ns
    Clock Pessimism Removal (CPR):    0.260ns
  Clock Uncertainty:      0.063ns  ((TSJ^2 + DJ^2)^1/2) / 2 + PE
    Total System Jitter     (TSJ):    0.071ns
    Discrete Jitter          (DJ):    0.104ns
    Phase Error              (PE):    0.000ns

    Location             Delay type                Incr(ns)  Path(ns)    Netlist Resource(s)
  -------------------------------------------------------------------    -------------------
                         (clock milansoc_crg_clkout1 rise edge)
                                                      0.000     0.000 r  <hidden>
    R4                                                0.000     0.000 r  clk200_p
                         net (fo=0)                   0.000     0.000    clk200_p
    R4                   IBUFDS (Prop_ibufds_I_O)     0.851     0.851 r  IBUFDS/O
                         net (fo=1, unplaced)         0.647     1.498    IBUFDS_n_0_BUFG_inst_n_0
                         BUFG (Prop_bufg_I_O)         0.082     1.580 r  IBUFDS_n_0_BUFG_inst/O
                         net (fo=9, unplaced)         0.584     2.164    milansoc_crg_clkin_signal
                         PLLE2_ADV (Prop_plle2_adv_CLKIN1_CLKOUT1)
                                                      0.077     2.241 r  PLLE2_ADV/CLKOUT1
                         net (fo=1, unplaced)         0.647     2.889    milansoc_crg_clkout1
                         BUFG (Prop_bufg_I_O)         0.081     2.970 r  BUFG_1/O
                         net (fo=52469, unplaced)     0.584     3.554    milan_datapath/pp_shadow/u_pp/u_notify/out
                         FDRE                                         r  milan_datapath/pp_shadow/u_pp/u_notify/pend_r_reg[2]/C
  -------------------------------------------------------------------    -------------------
                         FDRE (Prop_fdre_C_Q)         0.397     3.951 r  milan_datapath/pp_shadow/u_pp/u_notify/pend_r_reg[2]/Q
                         net (fo=4, unplaced)         0.803     4.754    milan_datapath/pp_shadow/u_pp/u_notify/pend_r_reg[2]_0
                         LUT6 (Prop_lut6_I0_O)        0.232     4.986 r  milan_datapath/pp_shadow/u_pp/u_notify/rows_r_reg_0_15_0_1_i_48/O
                         net (fo=2, unplaced)         0.339     5.325    milan_datapath/pp_shadow/u_pp/u_notify/rows_r_reg_0_15_0_1_i_48_n_0
                         LUT6 (Prop_lut6_I0_O)        0.105     5.430 r  milan_datapath/pp_shadow/u_pp/u_notify/rows_r_reg_0_15_0_1_i_46/O
                         net (fo=1, unplaced)         0.347     5.777    milan_datapath/pp_shadow/u_pp/u_notify/rows_r_reg_0_15_0_1_i_46_n_0
                         LUT3 (Prop_lut3_I2_O)        0.105     5.882 r  milan_datapath/pp_shadow/u_pp/u_notify/rows_r_reg_0_15_0_1_i_29/O
                         net (fo=10, unplaced)        0.390     6.272    milan_datapath/pp_shadow/u_pp/u_notify/rows_r_reg_0_15_0_1_i_29_n_0
                         LUT2 (Prop_lut2_I1_O)        0.105     6.377 f  milan_datapath/pp_shadow/u_pp/u_notify/mon_arm_slot_o[1]_i_2/O
                         net (fo=8, unplaced)         0.620     6.997    milan_datapath/pp_shadow/u_pp/u_notify/mon_arm_slot_o[1]_i_2_n_0
                         LUT5 (Prop_lut5_I0_O)        0.105     7.102 r  milan_datapath/pp_shadow/u_pp/u_notify/FSM_onehot_c_st_r[3]_i_32/O
                         net (fo=1, unplaced)         0.347     7.449    milan_datapath/pp_shadow/u_pp/u_notify/FSM_onehot_c_st_r[3]_i_32_n_0
                         LUT6 (Prop_lut6_I5_O)        0.105     7.554 r  milan_datapath/pp_shadow/u_pp/u_notify/FSM_onehot_c_st_r[3]_i_30/O
                         net (fo=1, unplaced)         0.347     7.901    milan_datapath/pp_shadow/u_pp/u_notify/FSM_onehot_c_st_r[3]_i_30_n_0
                         LUT6 (Prop_lut6_I0_O)        0.105     8.006 r  milan_datapath/pp_shadow/u_pp/u_notify/FSM_onehot_c_st_r[3]_i_25/O
                         net (fo=1, unplaced)         0.347     8.353    milan_datapath/pp_shadow/u_pp/u_notify/FSM_onehot_c_st_r[3]_i_25_n_0
                         LUT6 (Prop_lut6_I0_O)        0.105     8.458 r  milan_datapath/pp_shadow/u_pp/u_notify/FSM_onehot_c_st_r[3]_i_16/O
                         net (fo=2, unplaced)         0.358     8.816    milan_datapath/pp_shadow/u_pp/u_notify/FSM_onehot_c_st_r[3]_i_16_n_0
                         LUT2 (Prop_lut2_I0_O)        0.105     8.921 f  milan_datapath/pp_shadow/u_pp/u_notify/FSM_onehot_c_st_r[3]_i_7/O
                         net (fo=4, unplaced)         0.352     9.273    milan_datapath/pp_shadow/u_pp/u_notify/FSM_onehot_c_st_r[3]_i_7_n_0
                         LUT3 (Prop_lut3_I2_O)        0.105     9.378 f  milan_datapath/pp_shadow/u_pp/u_notify/FSM_onehot_c_st_r[3]_i_18/O
                         net (fo=3, unplaced)         0.346     9.724    milan_datapath/pp_shadow/u_pp/u_notify/FSM_onehot_c_st_r[3]_i_18_n_0
                         LUT4 (Prop_lut4_I2_O)        0.105     9.829 r  milan_datapath/pp_shadow/u_pp/u_notify/FSM_onehot_c_st_r[3]_i_13/O
                         net (fo=4, unplaced)         0.371    10.200    milan_datapath/pp_shadow/u_pp/u_notify/FSM_onehot_c_st_r[3]_i_13_n_0
                         LUT5 (Prop_lut5_I4_O)        0.105    10.305 f  milan_datapath/pp_shadow/u_pp/u_notify/cancel_pend_r[3]_i_12/O
                         net (fo=4, unplaced)         0.371    10.676    milan_datapath/pp_shadow/u_pp/u_notify/cancel_pend_r[3]_i_12_n_0
                         LUT2 (Prop_lut2_I1_O)        0.105    10.781 r  milan_datapath/pp_shadow/u_pp/u_notify/cancel_pend_r[3]_i_4/O
                         net (fo=12, unplaced)        0.395    11.176    milan_datapath/pp_shadow/u_pp/u_notify/cancel_pend_r[3]_i_4_n_0
                         LUT6 (Prop_lut6_I2_O)        0.105    11.281 r  milan_datapath/pp_shadow/u_pp/u_notify/FSM_onehot_c_st_r[3]_i_24/O
                         net (fo=1, unplaced)         0.347    11.628    milan_datapath/pp_shadow/u_pp/u_notify/FSM_onehot_c_st_r[3]_i_24_n_0
                         LUT5 (Prop_lut5_I4_O)        0.105    11.733 r  milan_datapath/pp_shadow/u_pp/u_notify/FSM_onehot_c_st_r[3]_i_15/O
                         net (fo=5, unplaced)         0.375    12.108    milan_datapath/pp_shadow/u_pp/u_originator/ntfy_ca_cancel_owner_w[2]
                         LUT6 (Prop_lut6_I2_O)        0.105    12.213 f  milan_datapath/pp_shadow/u_pp/u_originator/cancel_pend_r[0]_i_4/O
                         net (fo=1, unplaced)         0.347    12.560    milan_datapath/pp_shadow/u_pp/u_originator/cancel_pend_r[0]_i_4_n_0
                         LUT4 (Prop_lut4_I3_O)        0.105    12.665 r  milan_datapath/pp_shadow/u_pp/u_originator/cancel_pend_r[0]_i_2/O
                         net (fo=5, unplaced)         0.610    13.275    milan_datapath/pp_shadow/u_pp/u_originator/valid_r_reg[0]_0
                         LUT4 (Prop_lut4_I1_O)        0.125    13.400 r  milan_datapath/pp_shadow/u_pp/u_originator/cancel_pend_r[3]_i_5/O
                         net (fo=2, unplaced)         0.358    13.758    milan_datapath/pp_shadow/u_pp/u_notify/cancel_pend_r_reg[3]_1
                         LUT5 (Prop_lut5_I4_O)        0.105    13.863 r  milan_datapath/pp_shadow/u_pp/u_notify/tslot_r_reg_r1_0_3_0_5_i_12/O
                         net (fo=6, unplaced)         0.360    14.223    milan_datapath/pp_shadow/u_pp/u_notify/cancel_pend_r_reg[3]_0
                         LUT4 (Prop_lut4_I2_O)        0.125    14.348 f  milan_datapath/pp_shadow/u_pp/u_notify/tmr_arm_slot_o[5]_i_3/O
                         net (fo=18, unplaced)        0.404    14.752    milan_datapath/pp_shadow/u_pp/u_originator/tmr_arm_owner_o_reg[0]_0
                         LUT2 (Prop_lut2_I1_O)        0.105    14.857 r  milan_datapath/pp_shadow/u_pp/u_originator/seq_ctr_r[0][15]_i_4/O
                         net (fo=32, unplaced)        0.418    15.275    milan_datapath/pp_shadow/u_pp/u_originator/valid_r_reg[3]_0
                         LUT4 (Prop_lut4_I0_O)        0.105    15.380 r  milan_datapath/pp_shadow/u_pp/u_originator/retried_r[1]_i_2/O
                         net (fo=15, unplaced)        0.400    15.780    milan_datapath/pp_shadow/u_pp/u_originator/accept_pend_r_reg[2]_0
                         LUT5 (Prop_lut5_I0_O)        0.105    15.885 r  milan_datapath/pp_shadow/u_pp/u_originator/retried_r[3]_i_4/O
                         net (fo=9, unplaced)         0.388    16.273    milan_datapath/pp_shadow/u_pp/u_originator/p_41_in
                         LUT2 (Prop_lut2_I1_O)        0.105    16.378 f  milan_datapath/pp_shadow/u_pp/u_originator/retried_r[2]_i_3/O
                         net (fo=7, unplaced)         0.382    16.760    milan_datapath/pp_shadow/u_pp/u_originator/retried_r[2]_i_3_n_0
                         LUT2 (Prop_lut2_I1_O)        0.105    16.865 r  milan_datapath/pp_shadow/u_pp/u_originator/fail_owner_o[3]_i_1/O
                         net (fo=16, unplaced)        0.401    17.266    milan_datapath/pp_shadow/u_pp/u_originator/fail_owner_o[3]_i_1_n_0
                         LUT5 (Prop_lut5_I4_O)        0.105    17.371 r  milan_datapath/pp_shadow/u_pp/u_originator/laneq_org_r[5][2]_i_33/O
                         net (fo=9, unplaced)         0.623    17.994    milan_datapath/pp_shadow/u_pp/u_originator/org_withdraw_slot_mask_w[6]
                         LUT6 (Prop_lut6_I1_O)        0.105    18.099 f  milan_datapath/pp_shadow/u_pp/u_originator/pend_r[7]_i_9/O
                         net (fo=1, unplaced)         0.000    18.099    milan_datapath/pp_shadow/u_pp/u_originator/pend_r[7]_i_9_n_0
                         MUXF7 (Prop_muxf7_I1_O)      0.206    18.305 f  milan_datapath/pp_shadow/u_pp/u_originator/pend_r_reg[7]_i_5/O
                         net (fo=2, unplaced)         0.360    18.665    milan_datapath/pp_shadow/u_pp/u_originator/pend_r_reg[7]_i_5_n_0
                         LUT5 (Prop_lut5_I3_O)        0.242    18.907 f  milan_datapath/pp_shadow/u_pp/u_originator/pend_r[7]_i_2__0/O
                         net (fo=2, unplaced)         0.358    19.265    milan_datapath/pp_shadow/u_pp/u_originator/arb_req_w[7]
                         LUT2 (Prop_lut2_I0_O)        0.105    19.370 f  milan_datapath/pp_shadow/u_pp/u_originator/owner_r[2]_i_4/O
                         net (fo=4, unplaced)         0.371    19.741    milan_datapath/pp_shadow/u_pp/u_tx_arbiter/slot_r_reg[0]_2
                         LUT6 (Prop_lut6_I0_O)        0.105    19.846 r  milan_datapath/pp_shadow/u_pp/u_tx_arbiter/owner_r[2]_i_11/O
                         net (fo=3, unplaced)         0.365    20.211    milan_datapath/pp_shadow/u_pp/u_tx_arbiter/pend_r_reg[5]_0
                         LUT3 (Prop_lut3_I0_O)        0.105    20.316 r  milan_datapath/pp_shadow/u_pp/u_tx_arbiter/owner_r[2]_i_15/O
                         net (fo=3, unplaced)         0.365    20.681    milan_datapath/pp_shadow/u_pp/u_tx_arbiter/owner_r[2]_i_15_n_0
                         LUT4 (Prop_lut4_I3_O)        0.105    20.786 r  milan_datapath/pp_shadow/u_pp/u_tx_arbiter/owner_r[1]_i_4/O
                         net (fo=2, unplaced)         0.358    21.144    milan_datapath/pp_shadow/u_pp/u_tx_arbiter/owner_r[1]_i_4_n_0
                         LUT6 (Prop_lut6_I5_O)        0.105    21.249 r  milan_datapath/pp_shadow/u_pp/u_tx_arbiter/owner_r[1]_i_2/O
                         net (fo=4, unplaced)         0.371    21.620    milan_datapath/pp_shadow/u_pp/u_tx_arbiter/owner_r[1]_i_2_n_0
                         LUT6 (Prop_lut6_I1_O)        0.105    21.725 f  milan_datapath/pp_shadow/u_pp/u_tx_arbiter/owner_r[1]_i_5/O
                         net (fo=2, unplaced)         0.358    22.083    milan_datapath/pp_shadow/u_pp/u_tx_arbiter/owner_r[1]_i_5_n_0
                         LUT4 (Prop_lut4_I2_O)        0.105    22.188 r  milan_datapath/pp_shadow/u_pp/u_tx_arbiter/owner_r[1]_i_3/O
                         net (fo=4, unplaced)         0.241    22.429    milan_datapath/pp_shadow/u_pp/u_tx_arbiter/owner_r[1]_i_3_n_0
                         LUT3 (Prop_lut3_I1_O)        0.105    22.534 f  milan_datapath/pp_shadow/u_pp/u_tx_arbiter/owner_r[2]_i_14/O
                         net (fo=3, unplaced)         0.365    22.899    milan_datapath/pp_shadow/u_pp/u_tx_arbiter/owner_r[2]_i_14_n_0
                         LUT5 (Prop_lut5_I0_O)        0.105    23.004 r  milan_datapath/pp_shadow/u_pp/u_tx_arbiter/owner_r[2]_i_10/O
                         net (fo=1, unplaced)         0.347    23.351    milan_datapath/pp_shadow/u_pp/u_srp/u_encoder/owner_r_reg[1]
                         LUT6 (Prop_lut6_I3_O)        0.105    23.456 r  milan_datapath/pp_shadow/u_pp/u_srp/u_encoder/owner_r[2]_i_5/O
                         net (fo=7, unplaced)         0.382    23.838    milan_datapath/pp_shadow/u_pp/u_tx_arbiter/owner_r_reg[1]_0
                         LUT3 (Prop_lut3_I1_O)        0.105    23.943 f  milan_datapath/pp_shadow/u_pp/u_tx_arbiter/owner_r[2]_i_13/O
                         net (fo=2, unplaced)         0.358    24.301    milan_datapath/pp_shadow/u_pp/u_tx_arbiter/owner_r[2]_i_13_n_0
                         LUT6 (Prop_lut6_I3_O)        0.105    24.406 r  milan_datapath/pp_shadow/u_pp/u_tx_arbiter/owner_r[2]_i_6/O
                         net (fo=5, unplaced)         0.375    24.781    milan_datapath/pp_shadow/u_pp/u_tx_arbiter/owner_r[2]_i_6_n_0
                         LUT6 (Prop_lut6_I1_O)        0.105    24.886 r  milan_datapath/pp_shadow/u_pp/u_tx_arbiter/owner_r[2]_i_7/O
                         net (fo=4, unplaced)         0.371    25.257    milan_datapath/pp_shadow/u_pp/u_tx_arbiter/owner_r[2]_i_7_n_0
                         LUT5 (Prop_lut5_I4_O)        0.105    25.362 r  milan_datapath/pp_shadow/u_pp/u_tx_arbiter/owner_r[1]_i_1/O
                         net (fo=7, unplaced)         0.382    25.744    milan_datapath/pp_shadow/u_pp/u_tx_arbiter/owner_r[1]_i_1_n_0
                         LUT5 (Prop_lut5_I3_O)        0.105    25.849 r  milan_datapath/pp_shadow/u_pp/u_tx_arbiter/slot_r[0]_i_3/O
                         net (fo=1, unplaced)         0.000    25.849    milan_datapath/pp_shadow/u_pp/u_tx_arbiter/slot_r[0]_i_3_n_0
                         MUXF7 (Prop_muxf7_I1_O)      0.206    26.055 r  milan_datapath/pp_shadow/u_pp/u_tx_arbiter/slot_r_reg[0]_i_1/O
                         net (fo=1, unplaced)         0.000    26.055    milan_datapath/pp_shadow/u_pp/u_tx_arbiter/tx_slot_i[0]
                         FDRE                                         r  milan_datapath/pp_shadow/u_pp/u_tx_arbiter/slot_r_reg[0]/D
  -------------------------------------------------------------------    -------------------

                         (clock milansoc_crg_clkout1 rise edge)
                                                     20.000    20.000 r  <hidden>
    R4                                                0.000    20.000 r  clk200_p
                         net (fo=0)                   0.000    20.000    clk200_p
    R4                   IBUFDS (Prop_ibufds_I_O)     0.813    20.813 r  IBUFDS/O
                         net (fo=1, unplaced)         0.615    21.428    IBUFDS_n_0_BUFG_inst_n_0
                         BUFG (Prop_bufg_I_O)         0.078    21.506 r  IBUFDS_n_0_BUFG_inst/O
                         net (fo=9, unplaced)         0.439    21.945    milansoc_crg_clkin_signal
                         PLLE2_ADV (Prop_plle2_adv_CLKIN1_CLKOUT1)
                                                      0.073    22.018 r  PLLE2_ADV/CLKOUT1
                         net (fo=1, unplaced)         0.615    22.633    milansoc_crg_clkout1
                         BUFG (Prop_bufg_I_O)         0.077    22.710 r  BUFG_1/O
                         net (fo=52469, unplaced)     0.439    23.149    milan_datapath/pp_shadow/u_pp/u_tx_arbiter/out
                         FDRE                                         r  milan_datapath/pp_shadow/u_pp/u_tx_arbiter/slot_r_reg[0]/C
                         clock pessimism              0.260    23.409    <hidden>
                         clock uncertainty           -0.063    23.346    <hidden>
                         FDRE (Setup_fdre_C_D)        0.075    23.421    milan_datapath/pp_shadow/u_pp/u_tx_arbiter/slot_r_reg[0]
  -------------------------------------------------------------------
                         required time                         23.421    <hidden>
                         arrival time                         -26.055    <hidden>
  -------------------------------------------------------------------
                         slack                                 -2.634    <hidden>





Min Delay Paths
--------------------------------------------------------------------------------------
Slack (MET) :             0.035ns  (arrival time - required time)
  Source:                 milan_datapath/g_gptp_plane.u_gptp_shadow/ts_arr_r_reg[0]/C
                            (rising edge-triggered cell FDRE clocked by milansoc_crg_clkout1  {rise@0.000ns fall@10.000ns period=20.000ns})
  Destination:            milan_datapath/g_gptp_plane.u_gptp_shadow/tsf_r_reg_0_31_0_5/RAMA/I
                            (rising edge-triggered cell RAMD32 clocked by milansoc_crg_clkout1  {rise@0.000ns fall@10.000ns period=20.000ns})
  Path Group:             milansoc_crg_clkout1
  Path Type:              Hold (Min at Fast Process Corner)
  Requirement:            0.000ns  (milansoc_crg_clkout1 rise@0.000ns - milansoc_crg_clkout1 rise@0.000ns)
  Data Path Delay:        0.274ns  (logic 0.147ns (53.659%)  route 0.127ns (46.341%))
  Logic Levels:           0  
  Clock Path Skew:        0.145ns (DCD - SCD - CPR)
    Destination Clock Delay (DCD):    1.706ns
    Source Clock Delay      (SCD):    1.342ns
    Clock Pessimism Removal (CPR):    0.219ns

    Location             Delay type                Incr(ns)  Path(ns)    Netlist Resource(s)
  -------------------------------------------------------------------    -------------------
                         (clock milansoc_crg_clkout1 rise edge)
                                                      0.000     0.000 r  <hidden>
    R4                                                0.000     0.000 r  clk200_p
                         net (fo=0)                   0.000     0.000    clk200_p
    R4                   IBUFDS (Prop_ibufds_I_O)     0.369     0.369 r  IBUFDS/O
                         net (fo=1, unplaced)         0.321     0.690    IBUFDS_n_0_BUFG_inst_n_0
                         BUFG (Prop_bufg_I_O)         0.027     0.717 r  IBUFDS_n_0_BUFG_inst/O
                         net (fo=9, unplaced)         0.114     0.831    milansoc_crg_clkin_signal
                         PLLE2_ADV (Prop_plle2_adv_CLKIN1_CLKOUT1)
                                                      0.050     0.881 r  PLLE2_ADV/CLKOUT1
                         net (fo=1, unplaced)         0.321     1.202    milansoc_crg_clkout1
                         BUFG (Prop_bufg_I_O)         0.026     1.228 r  BUFG_1/O
                         net (fo=52469, unplaced)     0.114     1.342    milan_datapath/g_gptp_plane.u_gptp_shadow/out
                         FDRE                                         r  milan_datapath/g_gptp_plane.u_gptp_shadow/ts_arr_r_reg[0]/C
  -------------------------------------------------------------------    -------------------
                         FDRE (Prop_fdre_C_Q)         0.147     1.489 r  milan_datapath/g_gptp_plane.u_gptp_shadow/ts_arr_r_reg[0]/Q
                         net (fo=1, unplaced)         0.127     1.616    milan_datapath/g_gptp_plane.u_gptp_shadow/tsf_r_reg_0_31_0_5/DIA0
                         RAMD32                                       r  milan_datapath/g_gptp_plane.u_gptp_shadow/tsf_r_reg_0_31_0_5/RAMA/I
  -------------------------------------------------------------------    -------------------

                         (clock milansoc_crg_clkout1 rise edge)
                                                      0.000     0.000 r  <hidden>
    R4                                                0.000     0.000 r  clk200_p
                         net (fo=0)                   0.000     0.000    clk200_p
    R4                   IBUFDS (Prop_ibufds_I_O)     0.400     0.400 r  IBUFDS/O
                         net (fo=1, unplaced)         0.338     0.738    IBUFDS_n_0_BUFG_inst_n_0
                         BUFG (Prop_bufg_I_O)         0.030     0.768 r  IBUFDS_n_0_BUFG_inst/O
                         net (fo=9, unplaced)         0.259     1.027    milansoc_crg_clkin_signal
                         PLLE2_ADV (Prop_plle2_adv_CLKIN1_CLKOUT1)
                                                      0.053     1.080 r  PLLE2_ADV/CLKOUT1
                         net (fo=1, unplaced)         0.338     1.418    milansoc_crg_clkout1
                         BUFG (Prop_bufg_I_O)         0.029     1.447 r  BUFG_1/O
                         net (fo=52469, unplaced)     0.259     1.706    milan_datapath/g_gptp_plane.u_gptp_shadow/tsf_r_reg_0_31_0_5/WCLK
                         RAMD32                                       r  milan_datapath/g_gptp_plane.u_gptp_shadow/tsf_r_reg_0_31_0_5/RAMA/CLK
                         clock pessimism             -0.219     1.487    <hidden>
                         RAMD32 (Hold_ramd32_CLK_I)
                                                      0.094     1.581    milan_datapath/g_gptp_plane.u_gptp_shadow/tsf_r_reg_0_31_0_5/RAMA
  -------------------------------------------------------------------
                         required time                         -1.581    <hidden>
                         arrival time                           1.616    <hidden>
  -------------------------------------------------------------------
                         slack                                  0.035    <hidden>





Pulse Width Checks
--------------------------------------------------------------------------------------
Clock Name:         milansoc_crg_clkout1
Waveform(ns):       { 0.000 10.000 }
Period(ns):         20.000
Sources:            { PLLE2_ADV/CLKOUT1 }

Check Type        Corner  Lib Pin            Reference Pin  Required(ns)  Actual(ns)  Slack(ns)  Location  Pin
Min Period        n/a     MMCME2_ADV/DCLK    n/a            4.999         20.000      15.001               mmcm_audio/DCLK
Max Period        n/a     PLLE2_ADV/CLKOUT1  n/a            160.000       20.000      140.000              PLLE2_ADV/CLKOUT1
Low Pulse Width   Slow    MMCME2_ADV/DCLK    n/a            2.499         10.000      7.500                mmcm_audio/DCLK
High Pulse Width  Slow    MMCME2_ADV/DCLK    n/a            2.499         10.000      7.501                mmcm_audio/DCLK



---------------------------------------------------------------------------------------------------
From Clock:  milansoc_crg_clkout2
  To Clock:  milansoc_crg_clkout2

Setup :           NA  Failing Endpoints,  Worst Slack           NA  ,  Total Violation           NA
Hold  :           NA  Failing Endpoints,  Worst Slack           NA  ,  Total Violation           NA
PW    :            0  Failing Endpoints,  Worst Slack        0.908ns,  Total Violation        0.000ns
---------------------------------------------------------------------------------------------------


Pulse Width Checks
--------------------------------------------------------------------------------------
Clock Name:         milansoc_crg_clkout2
Waveform(ns):       { 0.000 1.250 }
Period(ns):         2.500
Sources:            { PLLE2_ADV/CLKOUT2 }

Check Type  Corner  Lib Pin            Reference Pin  Required(ns)  Actual(ns)  Slack(ns)  Location  Pin
Min Period  n/a     BUFG/I             n/a            1.592         2.500       0.908                BUFG_4/I
Max Period  n/a     PLLE2_ADV/CLKOUT2  n/a            160.000       2.500       157.500              PLLE2_ADV/CLKOUT2



---------------------------------------------------------------------------------------------------
From Clock:  milansoc_crg_clkout3
  To Clock:  milansoc_crg_clkout3

Setup :           NA  Failing Endpoints,  Worst Slack           NA  ,  Total Violation           NA
Hold  :           NA  Failing Endpoints,  Worst Slack           NA  ,  Total Violation           NA
PW    :            0  Failing Endpoints,  Worst Slack        0.908ns,  Total Violation        0.000ns
---------------------------------------------------------------------------------------------------


Pulse Width Checks
--------------------------------------------------------------------------------------
Clock Name:         milansoc_crg_clkout3
Waveform(ns):       { 0.625 1.875 }
Period(ns):         2.500
Sources:            { PLLE2_ADV/CLKOUT3 }

Check Type  Corner  Lib Pin            Reference Pin  Required(ns)  Actual(ns)  Slack(ns)  Location  Pin
Min Period  n/a     BUFG/I             n/a            1.592         2.500       0.908                BUFG_5/I
Max Period  n/a     PLLE2_ADV/CLKOUT3  n/a            160.000       2.500       157.500              PLLE2_ADV/CLKOUT3



---------------------------------------------------------------------------------------------------
From Clock:  milansoc_crg_clkout4
  To Clock:  milansoc_crg_clkout4

Setup :            0  Failing Endpoints,  Worst Slack        1.214ns,  Total Violation        0.000ns
Hold  :            0  Failing Endpoints,  Worst Slack        0.037ns,  Total Violation        0.000ns
PW    :            0  Failing Endpoints,  Worst Slack        0.264ns,  Total Violation        0.000ns
---------------------------------------------------------------------------------------------------


Max Delay Paths
--------------------------------------------------------------------------------------
Slack (MET) :             1.214ns  (required time - arrival time)
  Source:                 FDPE_10/C
                            (rising edge-triggered cell FDPE clocked by milansoc_crg_clkout4  {rise@0.000ns fall@2.500ns period=5.000ns})
  Destination:            FDPE_11/D
                            (rising edge-triggered cell FDPE clocked by milansoc_crg_clkout4  {rise@0.000ns fall@2.500ns period=5.000ns})
  Path Group:             milansoc_crg_clkout4
  Path Type:              Setup (Max at Slow Process Corner)
  Requirement:            2.000ns  (MaxDelay Path 2.000ns)
  Data Path Delay:        0.544ns  (logic 0.397ns (72.978%)  route 0.147ns (27.022%))
  Logic Levels:           0  
  Clock Path Skew:        -0.145ns (DCD - SCD + CPR)
    Destination Clock Delay (DCD):    3.149ns
    Source Clock Delay      (SCD):    3.554ns
    Clock Pessimism Removal (CPR):    0.260ns
  Clock Uncertainty:      0.053ns  ((TSJ^2 + DJ^2)^1/2) / 2 + PE
    Total System Jitter     (TSJ):    0.071ns
    Discrete Jitter          (DJ):    0.080ns
    Phase Error              (PE):    0.000ns
  Timing Exception:       MaxDelay Path 2.000ns

    Location             Delay type                Incr(ns)  Path(ns)    Netlist Resource(s)
  -------------------------------------------------------------------    -------------------
                         (clock milansoc_crg_clkout4 rise edge)
                                                      0.000     0.000 r  <hidden>
    R4                                                0.000     0.000 r  clk200_p
                         net (fo=0)                   0.000     0.000    clk200_p
    R4                   IBUFDS (Prop_ibufds_I_O)     0.851     0.851 r  IBUFDS/O
                         net (fo=1, unplaced)         0.647     1.498    IBUFDS_n_0_BUFG_inst_n_0
                         BUFG (Prop_bufg_I_O)         0.082     1.580 r  IBUFDS_n_0_BUFG_inst/O
                         net (fo=9, unplaced)         0.584     2.164    milansoc_crg_clkin_signal
                         PLLE2_ADV (Prop_plle2_adv_CLKIN1_CLKOUT4)
                                                      0.077     2.241 r  PLLE2_ADV/CLKOUT4
                         net (fo=1, unplaced)         0.647     2.889    milansoc_crg_clkout4
                         BUFG (Prop_bufg_I_O)         0.081     2.970 r  BUFG_6/O
                         net (fo=76, unplaced)        0.584     3.554    idelay_clk
                         FDPE                                         r  FDPE_10/C
  -------------------------------------------------------------------    -------------------
                         FDPE (Prop_fdpe_C_Q)         0.397     3.951 r  FDPE_10/Q
                         net (fo=1, unplaced)         0.147     4.098    impl_xilinxasyncresetsynchronizerimpl5_rst_meta
                         FDPE                                         r  FDPE_11/D
  -------------------------------------------------------------------    -------------------

                         max delay                    2.000     2.000    <hidden>
    R4                                                0.000     2.000 r  clk200_p
                         net (fo=0)                   0.000     2.000    clk200_p
    R4                   IBUFDS (Prop_ibufds_I_O)     0.813     2.813 r  IBUFDS/O
                         net (fo=1, unplaced)         0.615     3.428    IBUFDS_n_0_BUFG_inst_n_0
                         BUFG (Prop_bufg_I_O)         0.078     3.506 r  IBUFDS_n_0_BUFG_inst/O
                         net (fo=9, unplaced)         0.439     3.945    milansoc_crg_clkin_signal
                         PLLE2_ADV (Prop_plle2_adv_CLKIN1_CLKOUT4)
                                                      0.073     4.018 r  PLLE2_ADV/CLKOUT4
                         net (fo=1, unplaced)         0.615     4.633    milansoc_crg_clkout4
                         BUFG (Prop_bufg_I_O)         0.077     4.710 r  BUFG_6/O
                         net (fo=76, unplaced)        0.439     5.149    idelay_clk
                         FDPE                                         r  FDPE_11/C
                         clock pessimism              0.260     5.409    <hidden>
                         clock uncertainty           -0.053     5.355    <hidden>
                         FDPE (Setup_fdpe_C_D)       -0.044     5.311    FDPE_11
  -------------------------------------------------------------------
                         required time                          5.311    <hidden>
                         arrival time                          -4.098    <hidden>
  -------------------------------------------------------------------
                         slack                                  1.214    <hidden>





Min Delay Paths
--------------------------------------------------------------------------------------
Slack (MET) :             0.037ns  (arrival time - required time)
  Source:                 FDPE_10/C
                            (rising edge-triggered cell FDPE clocked by milansoc_crg_clkout4  {rise@0.000ns fall@2.500ns period=5.000ns})
  Destination:            FDPE_11/D
                            (rising edge-triggered cell FDPE clocked by milansoc_crg_clkout4  {rise@0.000ns fall@2.500ns period=5.000ns})
  Path Group:             milansoc_crg_clkout4
  Path Type:              Hold (Min at Fast Process Corner)
  Requirement:            0.000ns  (milansoc_crg_clkout4 rise@0.000ns - milansoc_crg_clkout4 rise@0.000ns)
  Data Path Delay:        0.220ns  (logic 0.147ns (66.849%)  route 0.073ns (33.151%))
  Logic Levels:           0  
  Clock Path Skew:        0.145ns (DCD - SCD - CPR)
    Destination Clock Delay (DCD):    1.706ns
    Source Clock Delay      (SCD):    1.342ns
    Clock Pessimism Removal (CPR):    0.219ns

    Location             Delay type                Incr(ns)  Path(ns)    Netlist Resource(s)
  -------------------------------------------------------------------    -------------------
                         (clock milansoc_crg_clkout4 rise edge)
                                                      0.000     0.000 r  <hidden>
    R4                                                0.000     0.000 r  clk200_p
                         net (fo=0)                   0.000     0.000    clk200_p
    R4                   IBUFDS (Prop_ibufds_I_O)     0.369     0.369 r  IBUFDS/O
                         net (fo=1, unplaced)         0.321     0.690    IBUFDS_n_0_BUFG_inst_n_0
                         BUFG (Prop_bufg_I_O)         0.027     0.717 r  IBUFDS_n_0_BUFG_inst/O
                         net (fo=9, unplaced)         0.114     0.831    milansoc_crg_clkin_signal
                         PLLE2_ADV (Prop_plle2_adv_CLKIN1_CLKOUT4)
                                                      0.050     0.881 r  PLLE2_ADV/CLKOUT4
                         net (fo=1, unplaced)         0.321     1.202    milansoc_crg_clkout4
                         BUFG (Prop_bufg_I_O)         0.026     1.228 r  BUFG_6/O
                         net (fo=76, unplaced)        0.114     1.342    idelay_clk
                         FDPE                                         r  FDPE_10/C
  -------------------------------------------------------------------    -------------------
                         FDPE (Prop_fdpe_C_Q)         0.147     1.489 r  FDPE_10/Q
                         net (fo=1, unplaced)         0.073     1.562    impl_xilinxasyncresetsynchronizerimpl5_rst_meta
                         FDPE                                         r  FDPE_11/D
  -------------------------------------------------------------------    -------------------

                         (clock milansoc_crg_clkout4 rise edge)
                                                      0.000     0.000 r  <hidden>
    R4                                                0.000     0.000 r  clk200_p
                         net (fo=0)                   0.000     0.000    clk200_p
    R4                   IBUFDS (Prop_ibufds_I_O)     0.400     0.400 r  IBUFDS/O
                         net (fo=1, unplaced)         0.338     0.738    IBUFDS_n_0_BUFG_inst_n_0
                         BUFG (Prop_bufg_I_O)         0.030     0.768 r  IBUFDS_n_0_BUFG_inst/O
                         net (fo=9, unplaced)         0.259     1.027    milansoc_crg_clkin_signal
                         PLLE2_ADV (Prop_plle2_adv_CLKIN1_CLKOUT4)
                                                      0.053     1.080 r  PLLE2_ADV/CLKOUT4
                         net (fo=1, unplaced)         0.338     1.418    milansoc_crg_clkout4
                         BUFG (Prop_bufg_I_O)         0.029     1.447 r  BUFG_6/O
                         net (fo=76, unplaced)        0.259     1.706    idelay_clk
                         FDPE                                         r  FDPE_11/C
                         clock pessimism             -0.219     1.487    <hidden>
                         FDPE (Hold_fdpe_C_D)         0.038     1.525    FDPE_11
  -------------------------------------------------------------------
                         required time                         -1.525    <hidden>
                         arrival time                           1.562    <hidden>
  -------------------------------------------------------------------
                         slack                                  0.037    <hidden>





Pulse Width Checks
--------------------------------------------------------------------------------------
Clock Name:         milansoc_crg_clkout4
Waveform(ns):       { 0.000 2.500 }
Period(ns):         5.000
Sources:            { PLLE2_ADV/CLKOUT4 }

Check Type        Corner  Lib Pin            Reference Pin  Required(ns)  Actual(ns)  Slack(ns)  Location  Pin
Min Period        n/a     IDELAYCTRL/REFCLK  n/a            2.438         5.000       2.562                IDELAYCTRL/REFCLK
Max Period        n/a     IDELAYCTRL/REFCLK  n/a            5.264         5.000       0.264                IDELAYCTRL/REFCLK
Low Pulse Width   Slow    MMCME2_ADV/PSCLK   n/a            1.000         2.500       1.500                mmcm_audio/PSCLK
High Pulse Width  Slow    MMCME2_ADV/PSCLK   n/a            1.000         2.500       1.501                mmcm_audio/PSCLK



---------------------------------------------------------------------------------------------------
From Clock:  subfragments_pll_fb
  To Clock:  subfragments_pll_fb

Setup :           NA  Failing Endpoints,  Worst Slack           NA  ,  Total Violation           NA
Hold  :           NA  Failing Endpoints,  Worst Slack           NA  ,  Total Violation           NA
PW    :            0  Failing Endpoints,  Worst Slack        3.751ns,  Total Violation        0.000ns
---------------------------------------------------------------------------------------------------


Pulse Width Checks
--------------------------------------------------------------------------------------
Clock Name:         subfragments_pll_fb
Waveform(ns):       { 0.000 2.500 }
Period(ns):         5.000
Sources:            { PLLE2_ADV/CLKFBOUT }

Check Type  Corner  Lib Pin             Reference Pin  Required(ns)  Actual(ns)  Slack(ns)  Location  Pin
Min Period  n/a     PLLE2_ADV/CLKFBOUT  n/a            1.249         5.000       3.751                PLLE2_ADV/CLKFBOUT
Max Period  n/a     PLLE2_ADV/CLKFBIN   n/a            52.633        5.000       47.633               PLLE2_ADV/CLKFBIN



---------------------------------------------------------------------------------------------------
From Clock:  eth_clocks0_rx
  To Clock:  eth_clocks0_rx

Setup :            0  Failing Endpoints,  Worst Slack        1.232ns,  Total Violation        0.000ns
Hold  :            0  Failing Endpoints,  Worst Slack        0.035ns,  Total Violation        0.000ns
PW    :            0  Failing Endpoints,  Worst Slack        2.870ns,  Total Violation        0.000ns
---------------------------------------------------------------------------------------------------


Max Delay Paths
--------------------------------------------------------------------------------------
Slack (MET) :             1.232ns  (required time - arrival time)
  Source:                 FDPE_12/C
                            (rising edge-triggered cell FDPE clocked by eth_clocks0_rx  {rise@0.000ns fall@4.000ns period=8.000ns})
  Destination:            FDPE_13/D
                            (rising edge-triggered cell FDPE clocked by eth_clocks0_rx  {rise@0.000ns fall@4.000ns period=8.000ns})
  Path Group:             eth_clocks0_rx
  Path Type:              Setup (Max at Slow Process Corner)
  Requirement:            2.000ns  (MaxDelay Path 2.000ns)
  Data Path Delay:        0.544ns  (logic 0.397ns (72.978%)  route 0.147ns (27.022%))
  Logic Levels:           0  
  Clock Path Skew:        -0.145ns (DCD - SCD + CPR)
    Destination Clock Delay (DCD):    2.548ns
    Source Clock Delay      (SCD):    2.795ns
    Clock Pessimism Removal (CPR):    0.102ns
  Clock Uncertainty:      0.035ns  ((TSJ^2 + TIJ^2)^1/2 + DJ) / 2 + PE
    Total System Jitter     (TSJ):    0.071ns
    Total Input Jitter      (TIJ):    0.000ns
    Discrete Jitter          (DJ):    0.000ns
    Phase Error              (PE):    0.000ns
  Timing Exception:       MaxDelay Path 2.000ns

    Location             Delay type                Incr(ns)  Path(ns)    Netlist Resource(s)
  -------------------------------------------------------------------    -------------------
                         (clock eth_clocks0_rx rise edge)
                                                      0.000     0.000 r  <hidden>
    K18                                               0.000     0.000 r  eth_clocks0_rx
                         net (fo=0)                   0.000     0.000    eth_clocks0_rx
    K18                  IBUF (Prop_ibuf_I_O)         1.419     1.419 r  eth_clocks0_rx_IBUF_inst/O
                         net (fo=2, unplaced)         0.647     2.067    milansoc_phy_eth_tx_clk_reg
                         BUFG (Prop_bufg_I_O)         0.081     2.148 r  BUFG_8/O
                         net (fo=416, unplaced)       0.647     2.795    eth_tx_clk
                         FDPE                                         r  FDPE_12/C
  -------------------------------------------------------------------    -------------------
                         FDPE (Prop_fdpe_C_Q)         0.397     3.192 r  FDPE_12/Q
                         net (fo=1, unplaced)         0.147     3.339    impl_xilinxasyncresetsynchronizerimpl6_rst_meta
                         FDPE                                         r  FDPE_13/D
  -------------------------------------------------------------------    -------------------

                         max delay                    2.000     2.000    <hidden>
    K18                                               0.000     2.000 r  eth_clocks0_rx
                         net (fo=0)                   0.000     2.000    eth_clocks0_rx
    K18                  IBUF (Prop_ibuf_I_O)         1.353     3.353 r  eth_clocks0_rx_IBUF_inst/O
                         net (fo=2, unplaced)         0.615     3.969    milansoc_phy_eth_tx_clk_reg
                         BUFG (Prop_bufg_I_O)         0.077     4.046 r  BUFG_8/O
                         net (fo=416, unplaced)       0.502     4.548    eth_tx_clk
                         FDPE                                         r  FDPE_13/C
                         clock pessimism              0.102     4.650    <hidden>
                         clock uncertainty           -0.035     4.615    <hidden>
                         FDPE (Setup_fdpe_C_D)       -0.044     4.571    FDPE_13
  -------------------------------------------------------------------
                         required time                          4.571    <hidden>
                         arrival time                          -3.339    <hidden>
  -------------------------------------------------------------------
                         slack                                  1.232    <hidden>





Min Delay Paths
--------------------------------------------------------------------------------------
Slack (MET) :             0.035ns  (arrival time - required time)
  Source:                 milansoc_liteethmaccore_bufferizeendpoints_pipe_valid_source_payload_data_reg[0]/C
                            (rising edge-triggered cell FDRE clocked by eth_clocks0_rx  {rise@0.000ns fall@4.000ns period=8.000ns})
  Destination:            storage_21_reg_0_7_0_5/RAMA/I
                            (rising edge-triggered cell RAMD32 clocked by eth_clocks0_rx  {rise@0.000ns fall@4.000ns period=8.000ns})
  Path Group:             eth_clocks0_rx
  Path Type:              Hold (Min at Fast Process Corner)
  Requirement:            0.000ns  (eth_clocks0_rx rise@0.000ns - eth_clocks0_rx rise@0.000ns)
  Data Path Delay:        0.274ns  (logic 0.147ns (53.659%)  route 0.127ns (46.341%))
  Logic Levels:           0  
  Clock Path Skew:        0.145ns (DCD - SCD - CPR)
    Destination Clock Delay (DCD):    1.149ns
    Source Clock Delay      (SCD):    0.796ns
    Clock Pessimism Removal (CPR):    0.208ns

    Location             Delay type                Incr(ns)  Path(ns)    Netlist Resource(s)
  -------------------------------------------------------------------    -------------------
                         (clock eth_clocks0_rx rise edge)
                                                      0.000     0.000 r  <hidden>
    K18                                               0.000     0.000 r  eth_clocks0_rx
                         net (fo=0)                   0.000     0.000    eth_clocks0_rx
    K18                  IBUF (Prop_ibuf_I_O)         0.256     0.256 r  eth_clocks0_rx_IBUF_inst/O
                         net (fo=2, unplaced)         0.321     0.577    milansoc_phy_eth_tx_clk_reg
                         BUFG (Prop_bufg_I_O)         0.026     0.603 r  BUFG_7/O
                         net (fo=173, unplaced)       0.193     0.796    eth_rx_clk
                         FDRE                                         r  milansoc_liteethmaccore_bufferizeendpoints_pipe_valid_source_payload_data_reg[0]/C
  -------------------------------------------------------------------    -------------------
                         FDRE (Prop_fdre_C_Q)         0.147     0.943 r  milansoc_liteethmaccore_bufferizeendpoints_pipe_valid_source_payload_data_reg[0]/Q
                         net (fo=1, unplaced)         0.127     1.070    storage_21_reg_0_7_0_5/DIA0
                         RAMD32                                       r  storage_21_reg_0_7_0_5/RAMA/I
  -------------------------------------------------------------------    -------------------

                         (clock eth_clocks0_rx rise edge)
                                                      0.000     0.000 r  <hidden>
    K18                                               0.000     0.000 r  eth_clocks0_rx
                         net (fo=0)                   0.000     0.000    eth_clocks0_rx
    K18                  IBUF (Prop_ibuf_I_O)         0.444     0.444 r  eth_clocks0_rx_IBUF_inst/O
                         net (fo=2, unplaced)         0.338     0.782    milansoc_phy_eth_tx_clk_reg
                         BUFG (Prop_bufg_I_O)         0.029     0.811 r  BUFG_7/O
                         net (fo=173, unplaced)       0.338     1.149    storage_21_reg_0_7_0_5/WCLK
                         RAMD32                                       r  storage_21_reg_0_7_0_5/RAMA/CLK
                         clock pessimism             -0.208     0.941    <hidden>
                         RAMD32 (Hold_ramd32_CLK_I)
                                                      0.094     1.035    storage_21_reg_0_7_0_5/RAMA
  -------------------------------------------------------------------
                         required time                         -1.035    <hidden>
                         arrival time                           1.070    <hidden>
  -------------------------------------------------------------------
                         slack                                  0.035    <hidden>





Pulse Width Checks
--------------------------------------------------------------------------------------
Clock Name:         eth_clocks0_rx
Waveform(ns):       { 0.000 4.000 }
Period(ns):         8.000
Sources:            { eth_clocks0_rx }

Check Type        Corner  Lib Pin             Reference Pin  Required(ns)  Actual(ns)  Slack(ns)  Location  Pin
Min Period        n/a     RAMB36E1/CLKARDCLK  n/a            2.170         8.000       5.830                storage_20_reg_0/CLKARDCLK
Low Pulse Width   Slow    RAMD32/CLK          n/a            1.130         4.000       2.870                storage_21_reg_0_7_0_5/RAMA/CLK
High Pulse Width  Slow    RAMD32/CLK          n/a            1.130         4.000       2.870                storage_21_reg_0_7_0_5/RAMA/CLK



---------------------------------------------------------------------------------------------------
From Clock:  eth_clocks0_rx
  To Clock:  milansoc_crg_clkout0

Setup :            0  Failing Endpoints,  Worst Slack        1.449ns,  Total Violation        0.000ns
Hold  :           13  Failing Endpoints,  Worst Slack       -0.829ns,  Total Violation      -10.763ns
---------------------------------------------------------------------------------------------------


Max Delay Paths
--------------------------------------------------------------------------------------
Slack (MET) :             1.449ns  (required time - arrival time)
  Source:                 milansoc_liteethmaccore_rx_cdc_cdc_graycounter0_q_reg[3]/C
                            (rising edge-triggered cell FDRE clocked by eth_clocks0_rx  {rise@0.000ns fall@4.000ns period=8.000ns})
  Destination:            impl_xilinxmultiregimpl160_reg[3]/D
                            (rising edge-triggered cell FDRE clocked by milansoc_crg_clkout0  {rise@0.000ns fall@5.000ns period=10.000ns})
  Path Group:             milansoc_crg_clkout0
  Path Type:              Setup (Max at Slow Process Corner)
  Requirement:            2.000ns  (milansoc_crg_clkout0 rise@10.000ns - eth_clocks0_rx rise@8.000ns)
  Data Path Delay:        0.681ns  (logic 0.397ns (58.297%)  route 0.284ns (41.703%))
  Logic Levels:           0  
  Clock Path Skew:        0.417ns (DCD - SCD + CPR)
    Destination Clock Delay (DCD):    3.212ns = ( 13.212 - 10.000 ) 
    Source Clock Delay      (SCD):    2.795ns = ( 10.795 - 8.000 ) 
    Clock Pessimism Removal (CPR):    0.000ns
  Clock Uncertainty:      0.129ns  ((TSJ^2 + DJ^2)^1/2) / 2 + PE
    Total System Jitter     (TSJ):    0.071ns
    Discrete Jitter          (DJ):    0.091ns
    Phase Error              (PE):    0.071ns
  Clock Domain Crossing:  Inter clock paths are considered valid unless explicitly excluded by timing constraints such as set_clock_groups or set_false_path.

    Location             Delay type                Incr(ns)  Path(ns)    Netlist Resource(s)
  -------------------------------------------------------------------    -------------------
                         (clock eth_clocks0_rx rise edge)
                                                      8.000     8.000 r  <hidden>
    K18                                               0.000     8.000 r  eth_clocks0_rx
                         net (fo=0)                   0.000     8.000    eth_clocks0_rx
    K18                  IBUF (Prop_ibuf_I_O)         1.419     9.419 r  eth_clocks0_rx_IBUF_inst/O
                         net (fo=2, unplaced)         0.647    10.067    milansoc_phy_eth_tx_clk_reg
                         BUFG (Prop_bufg_I_O)         0.081    10.148 r  BUFG_7/O
                         net (fo=173, unplaced)       0.647    10.795    eth_rx_clk
                         FDRE                                         r  milansoc_liteethmaccore_rx_cdc_cdc_graycounter0_q_reg[3]/C
  -------------------------------------------------------------------    -------------------
                         FDRE (Prop_fdre_C_Q)         0.397    11.192 r  milansoc_liteethmaccore_rx_cdc_cdc_graycounter0_q_reg[3]/Q
                         net (fo=5, unplaced)         0.284    11.476    milansoc_liteethmaccore_rx_cdc_cdc_graycounter0_q[3]
                         FDRE                                         r  impl_xilinxmultiregimpl160_reg[3]/D
  -------------------------------------------------------------------    -------------------

                         (clock milansoc_crg_clkout0 rise edge)
                                                     10.000    10.000 r  <hidden>
    R4                                                0.000    10.000 r  clk200_p
                         net (fo=0)                   0.000    10.000    clk200_p
    R4                   IBUFDS (Prop_ibufds_I_O)     0.813    10.813 r  IBUFDS/O
                         net (fo=1, unplaced)         0.615    11.428    IBUFDS_n_0_BUFG_inst_n_0
                         BUFG (Prop_bufg_I_O)         0.078    11.506 r  IBUFDS_n_0_BUFG_inst/O
                         net (fo=9, unplaced)         0.439    11.945    milansoc_crg_clkin_signal
                         PLLE2_ADV (Prop_plle2_adv_CLKIN1_CLKOUT0)
                                                      0.073    12.018 r  PLLE2_ADV/CLKOUT0
                         net (fo=1, unplaced)         0.615    12.633    milansoc_crg_clkout0
                         BUFG (Prop_bufg_I_O)         0.077    12.710 r  BUFG/O
                         net (fo=7296, unplaced)      0.502    13.212    sys_clk
                         FDRE                                         r  impl_xilinxmultiregimpl160_reg[3]/C
                         clock pessimism              0.000    13.212    <hidden>
                         clock uncertainty           -0.129    13.084    <hidden>
                         FDRE (Setup_fdre_C_D)       -0.158    12.926    impl_xilinxmultiregimpl160_reg[3]
  -------------------------------------------------------------------
                         required time                         12.926    <hidden>
                         arrival time                         -11.476    <hidden>
  -------------------------------------------------------------------
                         slack                                  1.449    <hidden>





Min Delay Paths
--------------------------------------------------------------------------------------
Slack (VIOLATED) :        -0.829ns  (arrival time - required time)
  Source:                 milansoc_liteethmaccore_tx_cdc_cdc_graycounter1_q_reg[0]/C
                            (rising edge-triggered cell FDRE clocked by eth_clocks0_rx  {rise@0.000ns fall@4.000ns period=8.000ns})
  Destination:            impl_xilinxmultiregimpl130_reg[0]/D
                            (rising edge-triggered cell FDRE clocked by milansoc_crg_clkout0  {rise@0.000ns fall@5.000ns period=10.000ns})
  Path Group:             milansoc_crg_clkout0
  Path Type:              Hold (Min at Fast Process Corner)
  Requirement:            0.000ns  (milansoc_crg_clkout0 rise@0.000ns - eth_clocks0_rx rise@0.000ns)
  Data Path Delay:        0.279ns  (logic 0.147ns (52.611%)  route 0.132ns (47.389%))
  Logic Levels:           0  
  Clock Path Skew:        0.988ns (DCD - SCD - CPR)
    Destination Clock Delay (DCD):    1.785ns
    Source Clock Delay      (SCD):    0.796ns
    Clock Pessimism Removal (CPR):    -0.000ns
  Clock Uncertainty:      0.129ns  ((TSJ^2 + DJ^2)^1/2) / 2 + PE
    Total System Jitter     (TSJ):    0.071ns
    Discrete Jitter          (DJ):    0.091ns
    Phase Error              (PE):    0.071ns
  Clock Domain Crossing:  Inter clock paths are considered valid unless explicitly excluded by timing constraints such as set_clock_groups or set_false_path.

    Location             Delay type                Incr(ns)  Path(ns)    Netlist Resource(s)
  -------------------------------------------------------------------    -------------------
                         (clock eth_clocks0_rx rise edge)
                                                      0.000     0.000 r  <hidden>
    K18                                               0.000     0.000 r  eth_clocks0_rx
                         net (fo=0)                   0.000     0.000    eth_clocks0_rx
    K18                  IBUF (Prop_ibuf_I_O)         0.256     0.256 r  eth_clocks0_rx_IBUF_inst/O
                         net (fo=2, unplaced)         0.321     0.577    milansoc_phy_eth_tx_clk_reg
                         BUFG (Prop_bufg_I_O)         0.026     0.603 r  BUFG_8/O
                         net (fo=416, unplaced)       0.193     0.796    eth_tx_clk
                         FDRE                                         r  milansoc_liteethmaccore_tx_cdc_cdc_graycounter1_q_reg[0]/C
  -------------------------------------------------------------------    -------------------
                         FDRE (Prop_fdre_C_Q)         0.147     0.943 r  milansoc_liteethmaccore_tx_cdc_cdc_graycounter1_q_reg[0]/Q
                         net (fo=2, unplaced)         0.132     1.076    milansoc_liteethmaccore_tx_cdc_cdc_graycounter1_q[0]
                         FDRE                                         r  impl_xilinxmultiregimpl130_reg[0]/D
  -------------------------------------------------------------------    -------------------

                         (clock milansoc_crg_clkout0 rise edge)
                                                      0.000     0.000 r  <hidden>
    R4                                                0.000     0.000 r  clk200_p
                         net (fo=0)                   0.000     0.000    clk200_p
    R4                   IBUFDS (Prop_ibufds_I_O)     0.400     0.400 r  IBUFDS/O
                         net (fo=1, unplaced)         0.338     0.738    IBUFDS_n_0_BUFG_inst_n_0
                         BUFG (Prop_bufg_I_O)         0.030     0.768 r  IBUFDS_n_0_BUFG_inst/O
                         net (fo=9, unplaced)         0.259     1.027    milansoc_crg_clkin_signal
                         PLLE2_ADV (Prop_plle2_adv_CLKIN1_CLKOUT0)
                                                      0.053     1.080 r  PLLE2_ADV/CLKOUT0
                         net (fo=1, unplaced)         0.338     1.418    milansoc_crg_clkout0
                         BUFG (Prop_bufg_I_O)         0.029     1.447 r  BUFG/O
                         net (fo=7296, unplaced)      0.338     1.785    sys_clk
                         FDRE                                         r  impl_xilinxmultiregimpl130_reg[0]/C
                         clock pessimism              0.000     1.785    <hidden>
                         clock uncertainty            0.129     1.913    <hidden>
                         FDRE (Hold_fdre_C_D)        -0.009     1.904    impl_xilinxmultiregimpl130_reg[0]
  -------------------------------------------------------------------
                         required time                         -1.904    <hidden>
                         arrival time                           1.076    <hidden>
  -------------------------------------------------------------------
                         slack                                 -0.829    <hidden>





---------------------------------------------------------------------------------------------------
From Clock:  milansoc_crg_clkout4
  To Clock:  milansoc_crg_clkout1

Setup :            0  Failing Endpoints,  Worst Slack        3.814ns,  Total Violation        0.000ns
Hold  :            3  Failing Endpoints,  Worst Slack       -0.060ns,  Total Violation       -0.179ns
---------------------------------------------------------------------------------------------------


Max Delay Paths
--------------------------------------------------------------------------------------
Slack (MET) :             3.814ns  (required time - arrival time)
  Source:                 milan_datapath/g_mmcm_servo.mmcm_servo/ps_busy_ps_r_reg/C
                            (rising edge-triggered cell FDRE clocked by milansoc_crg_clkout4  {rise@0.000ns fall@2.500ns period=5.000ns})
  Destination:            milan_datapath/g_mmcm_servo.mmcm_servo/psbusy_sync_r_reg[0]/D
                            (rising edge-triggered cell FDRE clocked by milansoc_crg_clkout1  {rise@0.000ns fall@10.000ns period=20.000ns})
  Path Group:             milansoc_crg_clkout1
  Path Type:              Setup (Max at Slow Process Corner)
  Requirement:            5.000ns  (milansoc_crg_clkout1 rise@20.000ns - milansoc_crg_clkout4 rise@15.000ns)
  Data Path Delay:        0.664ns  (logic 0.397ns (59.789%)  route 0.267ns (40.211%))
  Logic Levels:           0  
  Clock Path Skew:        -0.181ns (DCD - SCD + CPR)
    Destination Clock Delay (DCD):    3.149ns = ( 23.149 - 20.000 ) 
    Source Clock Delay      (SCD):    3.554ns = ( 18.554 - 15.000 ) 
    Clock Pessimism Removal (CPR):    0.223ns
  Clock Uncertainty:      0.183ns  ((TSJ^2 + DJ^2)^1/2) / 2 + PE
    Total System Jitter     (TSJ):    0.071ns
    Discrete Jitter          (DJ):    0.104ns
    Phase Error              (PE):    0.120ns

    Location             Delay type                Incr(ns)  Path(ns)    Netlist Resource(s)
  -------------------------------------------------------------------    -------------------
                         (clock milansoc_crg_clkout4 rise edge)
                                                     15.000    15.000 r  <hidden>
    R4                                                0.000    15.000 r  clk200_p
                         net (fo=0)                   0.000    15.000    clk200_p
    R4                   IBUFDS (Prop_ibufds_I_O)     0.851    15.851 r  IBUFDS/O
                         net (fo=1, unplaced)         0.647    16.498    IBUFDS_n_0_BUFG_inst_n_0
                         BUFG (Prop_bufg_I_O)         0.082    16.580 r  IBUFDS_n_0_BUFG_inst/O
                         net (fo=9, unplaced)         0.584    17.164    milansoc_crg_clkin_signal
                         PLLE2_ADV (Prop_plle2_adv_CLKIN1_CLKOUT4)
                                                      0.077    17.241 r  PLLE2_ADV/CLKOUT4
                         net (fo=1, unplaced)         0.647    17.889    milansoc_crg_clkout4
                         BUFG (Prop_bufg_I_O)         0.081    17.970 r  BUFG_6/O
                         net (fo=76, unplaced)        0.584    18.554    milan_datapath/g_mmcm_servo.mmcm_servo/CLK
                         FDRE                                         r  milan_datapath/g_mmcm_servo.mmcm_servo/ps_busy_ps_r_reg/C
  -------------------------------------------------------------------    -------------------
                         FDRE (Prop_fdre_C_Q)         0.397    18.951 r  milan_datapath/g_mmcm_servo.mmcm_servo/ps_busy_ps_r_reg/Q
                         net (fo=2, unplaced)         0.267    19.218    milan_datapath/g_mmcm_servo.mmcm_servo/ps_busy_ps_r_reg_n_0
                         FDRE                                         r  milan_datapath/g_mmcm_servo.mmcm_servo/psbusy_sync_r_reg[0]/D
  -------------------------------------------------------------------    -------------------

                         (clock milansoc_crg_clkout1 rise edge)
                                                     20.000    20.000 r  <hidden>
    R4                                                0.000    20.000 r  clk200_p
                         net (fo=0)                   0.000    20.000    clk200_p
    R4                   IBUFDS (Prop_ibufds_I_O)     0.813    20.813 r  IBUFDS/O
                         net (fo=1, unplaced)         0.615    21.428    IBUFDS_n_0_BUFG_inst_n_0
                         BUFG (Prop_bufg_I_O)         0.078    21.506 r  IBUFDS_n_0_BUFG_inst/O
                         net (fo=9, unplaced)         0.439    21.945    milansoc_crg_clkin_signal
                         PLLE2_ADV (Prop_plle2_adv_CLKIN1_CLKOUT1)
                                                      0.073    22.018 r  PLLE2_ADV/CLKOUT1
                         net (fo=1, unplaced)         0.615    22.633    milansoc_crg_clkout1
                         BUFG (Prop_bufg_I_O)         0.077    22.710 r  BUFG_1/O
                         net (fo=52469, unplaced)     0.439    23.149    milan_datapath/g_mmcm_servo.mmcm_servo/out
                         FDRE                                         r  milan_datapath/g_mmcm_servo.mmcm_servo/psbusy_sync_r_reg[0]/C
                         clock pessimism              0.223    23.372    <hidden>
                         clock uncertainty           -0.183    23.189    <hidden>
                         FDRE (Setup_fdre_C_D)       -0.158    23.031    milan_datapath/g_mmcm_servo.mmcm_servo/psbusy_sync_r_reg[0]
  -------------------------------------------------------------------
                         required time                         23.031    <hidden>
                         arrival time                         -19.218    <hidden>
  -------------------------------------------------------------------
                         slack                                  3.814    <hidden>





Min Delay Paths
--------------------------------------------------------------------------------------
Slack (VIOLATED) :        -0.060ns  (arrival time - required time)
  Source:                 milan_datapath/g_mmcm_servo.mmcm_servo/ps_busy_ps_r_reg/C
                            (rising edge-triggered cell FDRE clocked by milansoc_crg_clkout4  {rise@0.000ns fall@2.500ns period=5.000ns})
  Destination:            milan_datapath/g_mmcm_servo.mmcm_servo/psbusy_sync_r_reg[0]/D
                            (rising edge-triggered cell FDRE clocked by milansoc_crg_clkout1  {rise@0.000ns fall@10.000ns period=20.000ns})
  Path Group:             milansoc_crg_clkout1
  Path Type:              Hold (Min at Fast Process Corner)
  Requirement:            0.000ns  (milansoc_crg_clkout1 rise@0.000ns - milansoc_crg_clkout4 rise@0.000ns)
  Data Path Delay:        0.279ns  (logic 0.147ns (52.611%)  route 0.132ns (47.389%))
  Logic Levels:           0  
  Clock Path Skew:        0.165ns (DCD - SCD - CPR)
    Destination Clock Delay (DCD):    1.706ns
    Source Clock Delay      (SCD):    1.342ns
    Clock Pessimism Removal (CPR):    0.199ns
  Clock Uncertainty:      0.183ns  ((TSJ^2 + DJ^2)^1/2) / 2 + PE
    Total System Jitter     (TSJ):    0.071ns
    Discrete Jitter          (DJ):    0.104ns
    Phase Error              (PE):    0.120ns

    Location             Delay type                Incr(ns)  Path(ns)    Netlist Resource(s)
  -------------------------------------------------------------------    -------------------
                         (clock milansoc_crg_clkout4 rise edge)
                                                      0.000     0.000 r  <hidden>
    R4                                                0.000     0.000 r  clk200_p
                         net (fo=0)                   0.000     0.000    clk200_p
    R4                   IBUFDS (Prop_ibufds_I_O)     0.369     0.369 r  IBUFDS/O
                         net (fo=1, unplaced)         0.321     0.690    IBUFDS_n_0_BUFG_inst_n_0
                         BUFG (Prop_bufg_I_O)         0.027     0.717 r  IBUFDS_n_0_BUFG_inst/O
                         net (fo=9, unplaced)         0.114     0.831    milansoc_crg_clkin_signal
                         PLLE2_ADV (Prop_plle2_adv_CLKIN1_CLKOUT4)
                                                      0.050     0.881 r  PLLE2_ADV/CLKOUT4
                         net (fo=1, unplaced)         0.321     1.202    milansoc_crg_clkout4
                         BUFG (Prop_bufg_I_O)         0.026     1.228 r  BUFG_6/O
                         net (fo=76, unplaced)        0.114     1.342    milan_datapath/g_mmcm_servo.mmcm_servo/CLK
                         FDRE                                         r  milan_datapath/g_mmcm_servo.mmcm_servo/ps_busy_ps_r_reg/C
  -------------------------------------------------------------------    -------------------
                         FDRE (Prop_fdre_C_Q)         0.147     1.489 r  milan_datapath/g_mmcm_servo.mmcm_servo/ps_busy_ps_r_reg/Q
                         net (fo=2, unplaced)         0.132     1.621    milan_datapath/g_mmcm_servo.mmcm_servo/ps_busy_ps_r_reg_n_0
                         FDRE                                         r  milan_datapath/g_mmcm_servo.mmcm_servo/psbusy_sync_r_reg[0]/D
  -------------------------------------------------------------------    -------------------

                         (clock milansoc_crg_clkout1 rise edge)
                                                      0.000     0.000 r  <hidden>
    R4                                                0.000     0.000 r  clk200_p
                         net (fo=0)                   0.000     0.000    clk200_p
    R4                   IBUFDS (Prop_ibufds_I_O)     0.400     0.400 r  IBUFDS/O
                         net (fo=1, unplaced)         0.338     0.738    IBUFDS_n_0_BUFG_inst_n_0
                         BUFG (Prop_bufg_I_O)         0.030     0.768 r  IBUFDS_n_0_BUFG_inst/O
                         net (fo=9, unplaced)         0.259     1.027    milansoc_crg_clkin_signal
                         PLLE2_ADV (Prop_plle2_adv_CLKIN1_CLKOUT1)
                                                      0.053     1.080 r  PLLE2_ADV/CLKOUT1
                         net (fo=1, unplaced)         0.338     1.418    milansoc_crg_clkout1
                         BUFG (Prop_bufg_I_O)         0.029     1.447 r  BUFG_1/O
                         net (fo=52469, unplaced)     0.259     1.706    milan_datapath/g_mmcm_servo.mmcm_servo/out
                         FDRE                                         r  milan_datapath/g_mmcm_servo.mmcm_servo/psbusy_sync_r_reg[0]/C
                         clock pessimism             -0.199     1.507    <hidden>
                         clock uncertainty            0.183     1.690    <hidden>
                         FDRE (Hold_fdre_C_D)        -0.009     1.681    milan_datapath/g_mmcm_servo.mmcm_servo/psbusy_sync_r_reg[0]
  -------------------------------------------------------------------
                         required time                         -1.681    <hidden>
                         arrival time                           1.621    <hidden>
  -------------------------------------------------------------------
                         slack                                 -0.060    <hidden>





---------------------------------------------------------------------------------------------------
From Clock:  eth_clocks0_rx
  To Clock:  milansoc_crg_clkout1

Setup :            0  Failing Endpoints,  Worst Slack        3.398ns,  Total Violation        0.000ns
Hold  :           52  Failing Endpoints,  Worst Slack       -0.761ns,  Total Violation      -39.517ns
---------------------------------------------------------------------------------------------------


Max Delay Paths
--------------------------------------------------------------------------------------
Slack (MET) :             3.398ns  (required time - arrival time)
  Source:                 KL_gptp_gmii_launch/u_overrun_cdc/src_level_reg/C
                            (rising edge-triggered cell FDRE clocked by eth_clocks0_rx  {rise@0.000ns fall@4.000ns period=8.000ns})
  Destination:            KL_gptp_gmii_launch/u_overrun_cdc/sync_reg[0]/D
                            (rising edge-triggered cell FDRE clocked by milansoc_crg_clkout1  {rise@0.000ns fall@10.000ns period=20.000ns})
  Path Group:             milansoc_crg_clkout1
  Path Type:              Setup (Max at Slow Process Corner)
  Requirement:            4.000ns  (milansoc_crg_clkout1 rise@20.000ns - eth_clocks0_rx rise@16.000ns)
  Data Path Delay:        0.664ns  (logic 0.397ns (59.789%)  route 0.267ns (40.211%))
  Logic Levels:           0  
  Clock Path Skew:        0.354ns (DCD - SCD + CPR)
    Destination Clock Delay (DCD):    3.149ns = ( 23.149 - 20.000 ) 
    Source Clock Delay      (SCD):    2.795ns = ( 18.795 - 16.000 ) 
    Clock Pessimism Removal (CPR):    0.000ns
  Clock Uncertainty:      0.134ns  ((TSJ^2 + DJ^2)^1/2) / 2 + PE
    Total System Jitter     (TSJ):    0.071ns
    Discrete Jitter          (DJ):    0.104ns
    Phase Error              (PE):    0.071ns
  Clock Domain Crossing:  Inter clock paths are considered valid unless explicitly excluded by timing constraints such as set_clock_groups or set_false_path.

    Location             Delay type                Incr(ns)  Path(ns)    Netlist Resource(s)
  -------------------------------------------------------------------    -------------------
                         (clock eth_clocks0_rx rise edge)
                                                     16.000    16.000 r  <hidden>
    K18                                               0.000    16.000 r  eth_clocks0_rx
                         net (fo=0)                   0.000    16.000    eth_clocks0_rx
    K18                  IBUF (Prop_ibuf_I_O)         1.419    17.419 r  eth_clocks0_rx_IBUF_inst/O
                         net (fo=2, unplaced)         0.647    18.067    milansoc_phy_eth_tx_clk_reg
                         BUFG (Prop_bufg_I_O)         0.081    18.148 r  BUFG_8/O
                         net (fo=416, unplaced)       0.647    18.795    KL_gptp_gmii_launch/u_overrun_cdc/eth_tx_clk
                         FDRE                                         r  KL_gptp_gmii_launch/u_overrun_cdc/src_level_reg/C
  -------------------------------------------------------------------    -------------------
                         FDRE (Prop_fdre_C_Q)         0.397    19.192 r  KL_gptp_gmii_launch/u_overrun_cdc/src_level_reg/Q
                         net (fo=2, unplaced)         0.267    19.459    KL_gptp_gmii_launch/u_overrun_cdc/src_level
                         FDRE                                         r  KL_gptp_gmii_launch/u_overrun_cdc/sync_reg[0]/D
  -------------------------------------------------------------------    -------------------

                         (clock milansoc_crg_clkout1 rise edge)
                                                     20.000    20.000 r  <hidden>
    R4                                                0.000    20.000 r  clk200_p
                         net (fo=0)                   0.000    20.000    clk200_p
    R4                   IBUFDS (Prop_ibufds_I_O)     0.813    20.813 r  IBUFDS/O
                         net (fo=1, unplaced)         0.615    21.428    IBUFDS_n_0_BUFG_inst_n_0
                         BUFG (Prop_bufg_I_O)         0.078    21.506 r  IBUFDS_n_0_BUFG_inst/O
                         net (fo=9, unplaced)         0.439    21.945    milansoc_crg_clkin_signal
                         PLLE2_ADV (Prop_plle2_adv_CLKIN1_CLKOUT1)
                                                      0.073    22.018 r  PLLE2_ADV/CLKOUT1
                         net (fo=1, unplaced)         0.615    22.633    milansoc_crg_clkout1
                         BUFG (Prop_bufg_I_O)         0.077    22.710 r  BUFG_1/O
                         net (fo=52469, unplaced)     0.439    23.149    KL_gptp_gmii_launch/u_overrun_cdc/out
                         FDRE                                         r  KL_gptp_gmii_launch/u_overrun_cdc/sync_reg[0]/C
                         clock pessimism              0.000    23.149    <hidden>
                         clock uncertainty           -0.134    23.015    <hidden>
                         FDRE (Setup_fdre_C_D)       -0.158    22.857    KL_gptp_gmii_launch/u_overrun_cdc/sync_reg[0]
  -------------------------------------------------------------------
                         required time                         22.857    <hidden>
                         arrival time                         -19.459    <hidden>
  -------------------------------------------------------------------
                         slack                                  3.398    <hidden>





Min Delay Paths
--------------------------------------------------------------------------------------
Slack (VIOLATED) :        -0.761ns  (arrival time - required time)
  Source:                 KL_gptp_gmii_launch/u_rec_cdc/data_hold_reg[0]/C
                            (rising edge-triggered cell FDRE clocked by eth_clocks0_rx  {rise@0.000ns fall@4.000ns period=8.000ns})
  Destination:            KL_gptp_gmii_launch/u_rec_cdc/dest_out_r_reg[0]/D
                            (rising edge-triggered cell FDRE clocked by milansoc_crg_clkout1  {rise@0.000ns fall@10.000ns period=20.000ns})
  Path Group:             milansoc_crg_clkout1
  Path Type:              Hold (Min at Fast Process Corner)
  Requirement:            0.000ns  (milansoc_crg_clkout1 rise@0.000ns - eth_clocks0_rx rise@0.000ns)
  Data Path Delay:        0.274ns  (logic 0.147ns (53.659%)  route 0.127ns (46.341%))
  Logic Levels:           0  
  Clock Path Skew:        0.909ns (DCD - SCD - CPR)
    Destination Clock Delay (DCD):    1.706ns
    Source Clock Delay      (SCD):    0.796ns
    Clock Pessimism Removal (CPR):    -0.000ns
  Clock Uncertainty:      0.134ns  ((TSJ^2 + DJ^2)^1/2) / 2 + PE
    Total System Jitter     (TSJ):    0.071ns
    Discrete Jitter          (DJ):    0.104ns
    Phase Error              (PE):    0.071ns
  Clock Domain Crossing:  Inter clock paths are considered valid unless explicitly excluded by timing constraints such as set_clock_groups or set_false_path.

    Location             Delay type                Incr(ns)  Path(ns)    Netlist Resource(s)
  -------------------------------------------------------------------    -------------------
                         (clock eth_clocks0_rx rise edge)
                                                      0.000     0.000 r  <hidden>
    K18                                               0.000     0.000 r  eth_clocks0_rx
                         net (fo=0)                   0.000     0.000    eth_clocks0_rx
    K18                  IBUF (Prop_ibuf_I_O)         0.256     0.256 r  eth_clocks0_rx_IBUF_inst/O
                         net (fo=2, unplaced)         0.321     0.577    milansoc_phy_eth_tx_clk_reg
                         BUFG (Prop_bufg_I_O)         0.026     0.603 r  BUFG_8/O
                         net (fo=416, unplaced)       0.193     0.796    KL_gptp_gmii_launch/u_rec_cdc/eth_tx_clk
                         FDRE                                         r  KL_gptp_gmii_launch/u_rec_cdc/data_hold_reg[0]/C
  -------------------------------------------------------------------    -------------------
                         FDRE (Prop_fdre_C_Q)         0.147     0.943 r  KL_gptp_gmii_launch/u_rec_cdc/data_hold_reg[0]/Q
                         net (fo=1, unplaced)         0.127     1.070    KL_gptp_gmii_launch/u_rec_cdc/data_hold[0]
                         FDRE                                         r  KL_gptp_gmii_launch/u_rec_cdc/dest_out_r_reg[0]/D
  -------------------------------------------------------------------    -------------------

                         (clock milansoc_crg_clkout1 rise edge)
                                                      0.000     0.000 r  <hidden>
    R4                                                0.000     0.000 r  clk200_p
                         net (fo=0)                   0.000     0.000    clk200_p
    R4                   IBUFDS (Prop_ibufds_I_O)     0.400     0.400 r  IBUFDS/O
                         net (fo=1, unplaced)         0.338     0.738    IBUFDS_n_0_BUFG_inst_n_0
                         BUFG (Prop_bufg_I_O)         0.030     0.768 r  IBUFDS_n_0_BUFG_inst/O
                         net (fo=9, unplaced)         0.259     1.027    milansoc_crg_clkin_signal
                         PLLE2_ADV (Prop_plle2_adv_CLKIN1_CLKOUT1)
                                                      0.053     1.080 r  PLLE2_ADV/CLKOUT1
                         net (fo=1, unplaced)         0.338     1.418    milansoc_crg_clkout1
                         BUFG (Prop_bufg_I_O)         0.029     1.447 r  BUFG_1/O
                         net (fo=52469, unplaced)     0.259     1.706    KL_gptp_gmii_launch/u_rec_cdc/out
                         FDRE                                         r  KL_gptp_gmii_launch/u_rec_cdc/dest_out_r_reg[0]/C
                         clock pessimism              0.000     1.706    <hidden>
                         clock uncertainty            0.134     1.840    <hidden>
                         FDRE (Hold_fdre_C_D)        -0.009     1.831    KL_gptp_gmii_launch/u_rec_cdc/dest_out_r_reg[0]
  -------------------------------------------------------------------
                         required time                         -1.831    <hidden>
                         arrival time                           1.070    <hidden>
  -------------------------------------------------------------------
                         slack                                 -0.761    <hidden>





---------------------------------------------------------------------------------------------------
From Clock:  milansoc_crg_clkout1
  To Clock:  milansoc_crg_clkout4

Setup :            0  Failing Endpoints,  Worst Slack        3.670ns,  Total Violation        0.000ns
Hold  :           17  Failing Endpoints,  Worst Slack       -0.065ns,  Total Violation       -1.048ns
---------------------------------------------------------------------------------------------------


Max Delay Paths
--------------------------------------------------------------------------------------
Slack (MET) :             3.670ns  (required time - arrival time)
  Source:                 FDPE_3/C
                            (rising edge-triggered cell FDPE clocked by milansoc_crg_clkout1  {rise@0.000ns fall@10.000ns period=20.000ns})
  Destination:            milan_datapath/g_mmcm_servo.mmcm_servo/psrst_sync_r_reg[0]/D
                            (rising edge-triggered cell FDRE clocked by milansoc_crg_clkout4  {rise@0.000ns fall@2.500ns period=5.000ns})
  Path Group:             milansoc_crg_clkout4
  Path Type:              Setup (Max at Slow Process Corner)
  Requirement:            5.000ns  (milansoc_crg_clkout4 rise@5.000ns - milansoc_crg_clkout1 rise@0.000ns)
  Data Path Delay:        1.009ns  (logic 0.629ns (62.339%)  route 0.380ns (37.661%))
  Logic Levels:           1  (LUT1=1)
  Clock Path Skew:        -0.181ns (DCD - SCD + CPR)
    Destination Clock Delay (DCD):    3.149ns = ( 8.149 - 5.000 ) 
    Source Clock Delay      (SCD):    3.554ns
    Clock Pessimism Removal (CPR):    0.223ns
  Clock Uncertainty:      0.183ns  ((TSJ^2 + DJ^2)^1/2) / 2 + PE
    Total System Jitter     (TSJ):    0.071ns
    Discrete Jitter          (DJ):    0.104ns
    Phase Error              (PE):    0.120ns

    Location             Delay type                Incr(ns)  Path(ns)    Netlist Resource(s)
  -------------------------------------------------------------------    -------------------
                         (clock milansoc_crg_clkout1 rise edge)
                                                      0.000     0.000 r  <hidden>
    R4                                                0.000     0.000 r  clk200_p
                         net (fo=0)                   0.000     0.000    clk200_p
    R4                   IBUFDS (Prop_ibufds_I_O)     0.851     0.851 r  IBUFDS/O
                         net (fo=1, unplaced)         0.647     1.498    IBUFDS_n_0_BUFG_inst_n_0
                         BUFG (Prop_bufg_I_O)         0.082     1.580 r  IBUFDS_n_0_BUFG_inst/O
                         net (fo=9, unplaced)         0.584     2.164    milansoc_crg_clkin_signal
                         PLLE2_ADV (Prop_plle2_adv_CLKIN1_CLKOUT1)
                                                      0.077     2.241 r  PLLE2_ADV/CLKOUT1
                         net (fo=1, unplaced)         0.647     2.889    milansoc_crg_clkout1
                         BUFG (Prop_bufg_I_O)         0.081     2.970 r  BUFG_1/O
                         net (fo=52469, unplaced)     0.584     3.554    milan_clk
                         FDPE                                         r  FDPE_3/C
  -------------------------------------------------------------------    -------------------
                         FDPE (Prop_fdpe_C_Q)         0.397     3.951 f  FDPE_3/Q
                         net (fo=31723, unplaced)     0.380     4.331    milan_datapath/chan_map_capture/milan_rst
                         LUT1 (Prop_lut1_I0_O)        0.232     4.563 r  milan_datapath/chan_map_capture/amap_stage_r_reg_i_19/O
                         net (fo=272, unplaced)       0.000     4.563    milan_datapath/g_mmcm_servo.mmcm_servo/D[0]
                         FDRE                                         r  milan_datapath/g_mmcm_servo.mmcm_servo/psrst_sync_r_reg[0]/D
  -------------------------------------------------------------------    -------------------

                         (clock milansoc_crg_clkout4 rise edge)
                                                      5.000     5.000 r  <hidden>
    R4                                                0.000     5.000 r  clk200_p
                         net (fo=0)                   0.000     5.000    clk200_p
    R4                   IBUFDS (Prop_ibufds_I_O)     0.813     5.813 r  IBUFDS/O
                         net (fo=1, unplaced)         0.615     6.428    IBUFDS_n_0_BUFG_inst_n_0
                         BUFG (Prop_bufg_I_O)         0.078     6.506 r  IBUFDS_n_0_BUFG_inst/O
                         net (fo=9, unplaced)         0.439     6.945    milansoc_crg_clkin_signal
                         PLLE2_ADV (Prop_plle2_adv_CLKIN1_CLKOUT4)
                                                      0.073     7.018 r  PLLE2_ADV/CLKOUT4
                         net (fo=1, unplaced)         0.615     7.633    milansoc_crg_clkout4
                         BUFG (Prop_bufg_I_O)         0.077     7.710 r  BUFG_6/O
                         net (fo=76, unplaced)        0.439     8.149    milan_datapath/g_mmcm_servo.mmcm_servo/CLK
                         FDRE                                         r  milan_datapath/g_mmcm_servo.mmcm_servo/psrst_sync_r_reg[0]/C
                         clock pessimism              0.223     8.372    <hidden>
                         clock uncertainty           -0.183     8.189    <hidden>
                         FDRE (Setup_fdre_C_D)        0.043     8.232    milan_datapath/g_mmcm_servo.mmcm_servo/psrst_sync_r_reg[0]
  -------------------------------------------------------------------
                         required time                          8.232    <hidden>
                         arrival time                          -4.563    <hidden>
  -------------------------------------------------------------------
                         slack                                  3.670    <hidden>





Min Delay Paths
--------------------------------------------------------------------------------------
Slack (VIOLATED) :        -0.065ns  (arrival time - required time)
  Source:                 milan_datapath/g_mmcm_servo.mmcm_servo/u_batch_hs/data_hold_reg[0]/C
                            (rising edge-triggered cell FDRE clocked by milansoc_crg_clkout1  {rise@0.000ns fall@10.000ns period=20.000ns})
  Destination:            milan_datapath/g_mmcm_servo.mmcm_servo/u_batch_hs/dest_out_r_reg[0]/D
                            (rising edge-triggered cell FDRE clocked by milansoc_crg_clkout4  {rise@0.000ns fall@2.500ns period=5.000ns})
  Path Group:             milansoc_crg_clkout4
  Path Type:              Hold (Min at Fast Process Corner)
  Requirement:            0.000ns  (milansoc_crg_clkout4 rise@0.000ns - milansoc_crg_clkout1 rise@0.000ns)
  Data Path Delay:        0.274ns  (logic 0.147ns (53.659%)  route 0.127ns (46.341%))
  Logic Levels:           0  
  Clock Path Skew:        0.165ns (DCD - SCD - CPR)
    Destination Clock Delay (DCD):    1.706ns
    Source Clock Delay      (SCD):    1.342ns
    Clock Pessimism Removal (CPR):    0.199ns
  Clock Uncertainty:      0.183ns  ((TSJ^2 + DJ^2)^1/2) / 2 + PE
    Total System Jitter     (TSJ):    0.071ns
    Discrete Jitter          (DJ):    0.104ns
    Phase Error              (PE):    0.120ns

    Location             Delay type                Incr(ns)  Path(ns)    Netlist Resource(s)
  -------------------------------------------------------------------    -------------------
                         (clock milansoc_crg_clkout1 rise edge)
                                                      0.000     0.000 r  <hidden>
    R4                                                0.000     0.000 r  clk200_p
                         net (fo=0)                   0.000     0.000    clk200_p
    R4                   IBUFDS (Prop_ibufds_I_O)     0.369     0.369 r  IBUFDS/O
                         net (fo=1, unplaced)         0.321     0.690    IBUFDS_n_0_BUFG_inst_n_0
                         BUFG (Prop_bufg_I_O)         0.027     0.717 r  IBUFDS_n_0_BUFG_inst/O
                         net (fo=9, unplaced)         0.114     0.831    milansoc_crg_clkin_signal
                         PLLE2_ADV (Prop_plle2_adv_CLKIN1_CLKOUT1)
                                                      0.050     0.881 r  PLLE2_ADV/CLKOUT1
                         net (fo=1, unplaced)         0.321     1.202    milansoc_crg_clkout1
                         BUFG (Prop_bufg_I_O)         0.026     1.228 r  BUFG_1/O
                         net (fo=52469, unplaced)     0.114     1.342    milan_datapath/g_mmcm_servo.mmcm_servo/u_batch_hs/out
                         FDRE                                         r  milan_datapath/g_mmcm_servo.mmcm_servo/u_batch_hs/data_hold_reg[0]/C
  -------------------------------------------------------------------    -------------------
                         FDRE (Prop_fdre_C_Q)         0.147     1.489 r  milan_datapath/g_mmcm_servo.mmcm_servo/u_batch_hs/data_hold_reg[0]/Q
                         net (fo=1, unplaced)         0.127     1.616    milan_datapath/g_mmcm_servo.mmcm_servo/u_batch_hs/data_hold[0]
                         FDRE                                         r  milan_datapath/g_mmcm_servo.mmcm_servo/u_batch_hs/dest_out_r_reg[0]/D
  -------------------------------------------------------------------    -------------------

                         (clock milansoc_crg_clkout4 rise edge)
                                                      0.000     0.000 r  <hidden>
    R4                                                0.000     0.000 r  clk200_p
                         net (fo=0)                   0.000     0.000    clk200_p
    R4                   IBUFDS (Prop_ibufds_I_O)     0.400     0.400 r  IBUFDS/O
                         net (fo=1, unplaced)         0.338     0.738    IBUFDS_n_0_BUFG_inst_n_0
                         BUFG (Prop_bufg_I_O)         0.030     0.768 r  IBUFDS_n_0_BUFG_inst/O
                         net (fo=9, unplaced)         0.259     1.027    milansoc_crg_clkin_signal
                         PLLE2_ADV (Prop_plle2_adv_CLKIN1_CLKOUT4)
                                                      0.053     1.080 r  PLLE2_ADV/CLKOUT4
                         net (fo=1, unplaced)         0.338     1.418    milansoc_crg_clkout4
                         BUFG (Prop_bufg_I_O)         0.029     1.447 r  BUFG_6/O
                         net (fo=76, unplaced)        0.259     1.706    milan_datapath/g_mmcm_servo.mmcm_servo/u_batch_hs/CLK
                         FDRE                                         r  milan_datapath/g_mmcm_servo.mmcm_servo/u_batch_hs/dest_out_r_reg[0]/C
                         clock pessimism             -0.199     1.507    <hidden>
                         clock uncertainty            0.183     1.690    <hidden>
                         FDRE (Hold_fdre_C_D)        -0.009     1.681    milan_datapath/g_mmcm_servo.mmcm_servo/u_batch_hs/dest_out_r_reg[0]
  -------------------------------------------------------------------
                         required time                         -1.681    <hidden>
                         arrival time                           1.616    <hidden>
  -------------------------------------------------------------------
                         slack                                 -0.065    <hidden>





---------------------------------------------------------------------------------------------------
From Clock:  milansoc_crg_clkout0
  To Clock:  eth_clocks0_rx

Setup :           12  Failing Endpoints,  Worst Slack       -0.020ns,  Total Violation       -0.242ns
Hold  :            0  Failing Endpoints,  Worst Slack        0.431ns,  Total Violation        0.000ns
---------------------------------------------------------------------------------------------------


Max Delay Paths
--------------------------------------------------------------------------------------
Slack (VIOLATED) :        -0.020ns  (required time - arrival time)
  Source:                 milansoc_liteethmaccore_tx_cdc_cdc_graycounter0_q_reg[0]/C
                            (rising edge-triggered cell FDRE clocked by milansoc_crg_clkout0  {rise@0.000ns fall@5.000ns period=10.000ns})
  Destination:            impl_xilinxmultiregimpl120_reg[0]/D
                            (rising edge-triggered cell FDRE clocked by eth_clocks0_rx  {rise@0.000ns fall@4.000ns period=8.000ns})
  Path Group:             eth_clocks0_rx
  Path Type:              Setup (Max at Slow Process Corner)
  Requirement:            2.000ns  (eth_clocks0_rx rise@32.000ns - milansoc_crg_clkout0 rise@30.000ns)
  Data Path Delay:        0.664ns  (logic 0.397ns (59.789%)  route 0.267ns (40.211%))
  Logic Levels:           0  
  Clock Path Skew:        -1.069ns (DCD - SCD + CPR)
    Destination Clock Delay (DCD):    2.548ns = ( 34.548 - 32.000 ) 
    Source Clock Delay      (SCD):    3.617ns = ( 33.617 - 30.000 ) 
    Clock Pessimism Removal (CPR):    0.000ns
  Clock Uncertainty:      0.129ns  ((TSJ^2 + DJ^2)^1/2) / 2 + PE
    Total System Jitter     (TSJ):    0.071ns
    Discrete Jitter          (DJ):    0.091ns
    Phase Error              (PE):    0.071ns
  Clock Domain Crossing:  Inter clock paths are considered valid unless explicitly excluded by timing constraints such as set_clock_groups or set_false_path.

    Location             Delay type                Incr(ns)  Path(ns)    Netlist Resource(s)
  -------------------------------------------------------------------    -------------------
                         (clock milansoc_crg_clkout0 rise edge)
                                                     30.000    30.000 r  <hidden>
    R4                                                0.000    30.000 r  clk200_p
                         net (fo=0)                   0.000    30.000    clk200_p
    R4                   IBUFDS (Prop_ibufds_I_O)     0.851    30.851 r  IBUFDS/O
                         net (fo=1, unplaced)         0.647    31.498    IBUFDS_n_0_BUFG_inst_n_0
                         BUFG (Prop_bufg_I_O)         0.082    31.580 r  IBUFDS_n_0_BUFG_inst/O
                         net (fo=9, unplaced)         0.584    32.164    milansoc_crg_clkin_signal
                         PLLE2_ADV (Prop_plle2_adv_CLKIN1_CLKOUT0)
                                                      0.077    32.241 r  PLLE2_ADV/CLKOUT0
                         net (fo=1, unplaced)         0.647    32.889    milansoc_crg_clkout0
                         BUFG (Prop_bufg_I_O)         0.081    32.970 r  BUFG/O
                         net (fo=7296, unplaced)      0.647    33.617    sys_clk
                         FDRE                                         r  milansoc_liteethmaccore_tx_cdc_cdc_graycounter0_q_reg[0]/C
  -------------------------------------------------------------------    -------------------
                         FDRE (Prop_fdre_C_Q)         0.397    34.014 r  milansoc_liteethmaccore_tx_cdc_cdc_graycounter0_q_reg[0]/Q
                         net (fo=2, unplaced)         0.267    34.281    milansoc_liteethmaccore_tx_cdc_cdc_graycounter0_q[0]
                         FDRE                                         r  impl_xilinxmultiregimpl120_reg[0]/D
  -------------------------------------------------------------------    -------------------

                         (clock eth_clocks0_rx rise edge)
                                                     32.000    32.000 r  <hidden>
    K18                                               0.000    32.000 r  eth_clocks0_rx
                         net (fo=0)                   0.000    32.000    eth_clocks0_rx
    K18                  IBUF (Prop_ibuf_I_O)         1.353    33.353 r  eth_clocks0_rx_IBUF_inst/O
                         net (fo=2, unplaced)         0.615    33.969    milansoc_phy_eth_tx_clk_reg
                         BUFG (Prop_bufg_I_O)         0.077    34.046 r  BUFG_8/O
                         net (fo=416, unplaced)       0.502    34.548    eth_tx_clk
                         FDRE                                         r  impl_xilinxmultiregimpl120_reg[0]/C
                         clock pessimism              0.000    34.548    <hidden>
                         clock uncertainty           -0.129    34.419    <hidden>
                         FDRE (Setup_fdre_C_D)       -0.158    34.261    impl_xilinxmultiregimpl120_reg[0]
  -------------------------------------------------------------------
                         required time                         34.261    <hidden>
                         arrival time                         -34.281    <hidden>
  -------------------------------------------------------------------
                         slack                                 -0.020    <hidden>





Min Delay Paths
--------------------------------------------------------------------------------------
Slack (MET) :             0.431ns  (arrival time - required time)
  Source:                 milansoc_liteethmaccore_tx_cdc_cdc_graycounter0_q_reg[0]/C
                            (rising edge-triggered cell FDRE clocked by milansoc_crg_clkout0  {rise@0.000ns fall@5.000ns period=10.000ns})
  Destination:            impl_xilinxmultiregimpl120_reg[0]/D
                            (rising edge-triggered cell FDRE clocked by eth_clocks0_rx  {rise@0.000ns fall@4.000ns period=8.000ns})
  Path Group:             eth_clocks0_rx
  Path Type:              Hold (Min at Fast Process Corner)
  Requirement:            0.000ns  (eth_clocks0_rx rise@0.000ns - milansoc_crg_clkout0 rise@0.000ns)
  Data Path Delay:        0.279ns  (logic 0.147ns (52.611%)  route 0.132ns (47.389%))
  Logic Levels:           0  
  Clock Path Skew:        -0.272ns (DCD - SCD - CPR)
    Destination Clock Delay (DCD):    1.149ns
    Source Clock Delay      (SCD):    1.421ns
    Clock Pessimism Removal (CPR):    -0.000ns
  Clock Uncertainty:      0.129ns  ((TSJ^2 + DJ^2)^1/2) / 2 + PE
    Total System Jitter     (TSJ):    0.071ns
    Discrete Jitter          (DJ):    0.091ns
    Phase Error              (PE):    0.071ns
  Clock Domain Crossing:  Inter clock paths are considered valid unless explicitly excluded by timing constraints such as set_clock_groups or set_false_path.

    Location             Delay type                Incr(ns)  Path(ns)    Netlist Resource(s)
  -------------------------------------------------------------------    -------------------
                         (clock milansoc_crg_clkout0 rise edge)
                                                      0.000     0.000 r  <hidden>
    R4                                                0.000     0.000 r  clk200_p
                         net (fo=0)                   0.000     0.000    clk200_p
    R4                   IBUFDS (Prop_ibufds_I_O)     0.369     0.369 r  IBUFDS/O
                         net (fo=1, unplaced)         0.321     0.690    IBUFDS_n_0_BUFG_inst_n_0
                         BUFG (Prop_bufg_I_O)         0.027     0.717 r  IBUFDS_n_0_BUFG_inst/O
                         net (fo=9, unplaced)         0.114     0.831    milansoc_crg_clkin_signal
                         PLLE2_ADV (Prop_plle2_adv_CLKIN1_CLKOUT0)
                                                      0.050     0.881 r  PLLE2_ADV/CLKOUT0
                         net (fo=1, unplaced)         0.321     1.202    milansoc_crg_clkout0
                         BUFG (Prop_bufg_I_O)         0.026     1.228 r  BUFG/O
                         net (fo=7296, unplaced)      0.193     1.421    sys_clk
                         FDRE                                         r  milansoc_liteethmaccore_tx_cdc_cdc_graycounter0_q_reg[0]/C
  -------------------------------------------------------------------    -------------------
                         FDRE (Prop_fdre_C_Q)         0.147     1.568 r  milansoc_liteethmaccore_tx_cdc_cdc_graycounter0_q_reg[0]/Q
                         net (fo=2, unplaced)         0.132     1.700    milansoc_liteethmaccore_tx_cdc_cdc_graycounter0_q[0]
                         FDRE                                         r  impl_xilinxmultiregimpl120_reg[0]/D
  -------------------------------------------------------------------    -------------------

                         (clock eth_clocks0_rx rise edge)
                                                      0.000     0.000 r  <hidden>
    K18                                               0.000     0.000 r  eth_clocks0_rx
                         net (fo=0)                   0.000     0.000    eth_clocks0_rx
    K18                  IBUF (Prop_ibuf_I_O)         0.444     0.444 r  eth_clocks0_rx_IBUF_inst/O
                         net (fo=2, unplaced)         0.338     0.782    milansoc_phy_eth_tx_clk_reg
                         BUFG (Prop_bufg_I_O)         0.029     0.811 r  BUFG_8/O
                         net (fo=416, unplaced)       0.338     1.149    eth_tx_clk
                         FDRE                                         r  impl_xilinxmultiregimpl120_reg[0]/C
                         clock pessimism              0.000     1.149    <hidden>
                         clock uncertainty            0.129     1.278    <hidden>
                         FDRE (Hold_fdre_C_D)        -0.009     1.269    impl_xilinxmultiregimpl120_reg[0]
  -------------------------------------------------------------------
                         required time                         -1.269    <hidden>
                         arrival time                           1.700    <hidden>
  -------------------------------------------------------------------
                         slack                                  0.431    <hidden>





---------------------------------------------------------------------------------------------------
From Clock:  milansoc_crg_clkout1
  To Clock:  eth_clocks0_rx

Setup :            0  Failing Endpoints,  Worst Slack        2.038ns,  Total Violation        0.000ns
Hold  :            0  Failing Endpoints,  Worst Slack        0.341ns,  Total Violation        0.000ns
---------------------------------------------------------------------------------------------------


Max Delay Paths
--------------------------------------------------------------------------------------
Slack (MET) :             2.038ns  (required time - arrival time)
  Source:                 KL_gptp_gmii_launch/u_rec_cdc/ack_tog_reg/C
                            (rising edge-triggered cell FDRE clocked by milansoc_crg_clkout1  {rise@0.000ns fall@10.000ns period=20.000ns})
  Destination:            KL_gptp_gmii_launch/u_rec_cdc/ack_sync_reg[0]/D
                            (rising edge-triggered cell FDRE clocked by eth_clocks0_rx  {rise@0.000ns fall@4.000ns period=8.000ns})
  Path Group:             eth_clocks0_rx
  Path Type:              Setup (Max at Slow Process Corner)
  Requirement:            4.000ns  (eth_clocks0_rx rise@24.000ns - milansoc_crg_clkout1 rise@20.000ns)
  Data Path Delay:        0.664ns  (logic 0.397ns (59.789%)  route 0.267ns (40.211%))
  Logic Levels:           0  
  Clock Path Skew:        -1.006ns (DCD - SCD + CPR)
    Destination Clock Delay (DCD):    2.548ns = ( 26.548 - 24.000 ) 
    Source Clock Delay      (SCD):    3.554ns = ( 23.554 - 20.000 ) 
    Clock Pessimism Removal (CPR):    0.000ns
  Clock Uncertainty:      0.134ns  ((TSJ^2 + DJ^2)^1/2) / 2 + PE
    Total System Jitter     (TSJ):    0.071ns
    Discrete Jitter          (DJ):    0.104ns
    Phase Error              (PE):    0.071ns
  Clock Domain Crossing:  Inter clock paths are considered valid unless explicitly excluded by timing constraints such as set_clock_groups or set_false_path.

    Location             Delay type                Incr(ns)  Path(ns)    Netlist Resource(s)
  -------------------------------------------------------------------    -------------------
                         (clock milansoc_crg_clkout1 rise edge)
                                                     20.000    20.000 r  <hidden>
    R4                                                0.000    20.000 r  clk200_p
                         net (fo=0)                   0.000    20.000    clk200_p
    R4                   IBUFDS (Prop_ibufds_I_O)     0.851    20.851 r  IBUFDS/O
                         net (fo=1, unplaced)         0.647    21.498    IBUFDS_n_0_BUFG_inst_n_0
                         BUFG (Prop_bufg_I_O)         0.082    21.580 r  IBUFDS_n_0_BUFG_inst/O
                         net (fo=9, unplaced)         0.584    22.164    milansoc_crg_clkin_signal
                         PLLE2_ADV (Prop_plle2_adv_CLKIN1_CLKOUT1)
                                                      0.077    22.241 r  PLLE2_ADV/CLKOUT1
                         net (fo=1, unplaced)         0.647    22.889    milansoc_crg_clkout1
                         BUFG (Prop_bufg_I_O)         0.081    22.970 r  BUFG_1/O
                         net (fo=52469, unplaced)     0.584    23.554    KL_gptp_gmii_launch/u_rec_cdc/out
                         FDRE                                         r  KL_gptp_gmii_launch/u_rec_cdc/ack_tog_reg/C
  -------------------------------------------------------------------    -------------------
                         FDRE (Prop_fdre_C_Q)         0.397    23.951 r  KL_gptp_gmii_launch/u_rec_cdc/ack_tog_reg/Q
                         net (fo=2, unplaced)         0.267    24.218    KL_gptp_gmii_launch/u_rec_cdc/ack_tog
                         FDRE                                         r  KL_gptp_gmii_launch/u_rec_cdc/ack_sync_reg[0]/D
  -------------------------------------------------------------------    -------------------

                         (clock eth_clocks0_rx rise edge)
                                                     24.000    24.000 r  <hidden>
    K18                                               0.000    24.000 r  eth_clocks0_rx
                         net (fo=0)                   0.000    24.000    eth_clocks0_rx
    K18                  IBUF (Prop_ibuf_I_O)         1.353    25.353 r  eth_clocks0_rx_IBUF_inst/O
                         net (fo=2, unplaced)         0.615    25.969    milansoc_phy_eth_tx_clk_reg
                         BUFG (Prop_bufg_I_O)         0.077    26.046 r  BUFG_8/O
                         net (fo=416, unplaced)       0.502    26.548    KL_gptp_gmii_launch/u_rec_cdc/eth_tx_clk
                         FDRE                                         r  KL_gptp_gmii_launch/u_rec_cdc/ack_sync_reg[0]/C
                         clock pessimism              0.000    26.548    <hidden>
                         clock uncertainty           -0.134    26.414    <hidden>
                         FDRE (Setup_fdre_C_D)       -0.158    26.256    KL_gptp_gmii_launch/u_rec_cdc/ack_sync_reg[0]
  -------------------------------------------------------------------
                         required time                         26.256    <hidden>
                         arrival time                         -24.218    <hidden>
  -------------------------------------------------------------------
                         slack                                  2.038    <hidden>





Min Delay Paths
--------------------------------------------------------------------------------------
Slack (MET) :             0.341ns  (arrival time - required time)
  Source:                 KL_gptp_gmii_launch/u_seal_cdc/data_hold_reg[0]/C
                            (rising edge-triggered cell FDRE clocked by milansoc_crg_clkout1  {rise@0.000ns fall@10.000ns period=20.000ns})
  Destination:            KL_gptp_gmii_launch/u_seal_cdc/dest_out_r_reg[0]/D
                            (rising edge-triggered cell FDRE clocked by eth_clocks0_rx  {rise@0.000ns fall@4.000ns period=8.000ns})
  Path Group:             eth_clocks0_rx
  Path Type:              Hold (Min at Fast Process Corner)
  Requirement:            0.000ns  (eth_clocks0_rx rise@0.000ns - milansoc_crg_clkout1 rise@0.000ns)
  Data Path Delay:        0.274ns  (logic 0.147ns (53.659%)  route 0.127ns (46.341%))
  Logic Levels:           0  
  Clock Path Skew:        -0.193ns (DCD - SCD - CPR)
    Destination Clock Delay (DCD):    1.149ns
    Source Clock Delay      (SCD):    1.342ns
    Clock Pessimism Removal (CPR):    -0.000ns
  Clock Uncertainty:      0.134ns  ((TSJ^2 + DJ^2)^1/2) / 2 + PE
    Total System Jitter     (TSJ):    0.071ns
    Discrete Jitter          (DJ):    0.104ns
    Phase Error              (PE):    0.071ns
  Clock Domain Crossing:  Inter clock paths are considered valid unless explicitly excluded by timing constraints such as set_clock_groups or set_false_path.

    Location             Delay type                Incr(ns)  Path(ns)    Netlist Resource(s)
  -------------------------------------------------------------------    -------------------
                         (clock milansoc_crg_clkout1 rise edge)
                                                      0.000     0.000 r  <hidden>
    R4                                                0.000     0.000 r  clk200_p
                         net (fo=0)                   0.000     0.000    clk200_p
    R4                   IBUFDS (Prop_ibufds_I_O)     0.369     0.369 r  IBUFDS/O
                         net (fo=1, unplaced)         0.321     0.690    IBUFDS_n_0_BUFG_inst_n_0
                         BUFG (Prop_bufg_I_O)         0.027     0.717 r  IBUFDS_n_0_BUFG_inst/O
                         net (fo=9, unplaced)         0.114     0.831    milansoc_crg_clkin_signal
                         PLLE2_ADV (Prop_plle2_adv_CLKIN1_CLKOUT1)
                                                      0.050     0.881 r  PLLE2_ADV/CLKOUT1
                         net (fo=1, unplaced)         0.321     1.202    milansoc_crg_clkout1
                         BUFG (Prop_bufg_I_O)         0.026     1.228 r  BUFG_1/O
                         net (fo=52469, unplaced)     0.114     1.342    KL_gptp_gmii_launch/u_seal_cdc/out
                         FDRE                                         r  KL_gptp_gmii_launch/u_seal_cdc/data_hold_reg[0]/C
  -------------------------------------------------------------------    -------------------
                         FDRE (Prop_fdre_C_Q)         0.147     1.489 r  KL_gptp_gmii_launch/u_seal_cdc/data_hold_reg[0]/Q
                         net (fo=1, unplaced)         0.127     1.616    KL_gptp_gmii_launch/u_seal_cdc/data_hold_reg_n_0_[0]
                         FDRE                                         r  KL_gptp_gmii_launch/u_seal_cdc/dest_out_r_reg[0]/D
  -------------------------------------------------------------------    -------------------

                         (clock eth_clocks0_rx rise edge)
                                                      0.000     0.000 r  <hidden>
    K18                                               0.000     0.000 r  eth_clocks0_rx
                         net (fo=0)                   0.000     0.000    eth_clocks0_rx
    K18                  IBUF (Prop_ibuf_I_O)         0.444     0.444 r  eth_clocks0_rx_IBUF_inst/O
                         net (fo=2, unplaced)         0.338     0.782    milansoc_phy_eth_tx_clk_reg
                         BUFG (Prop_bufg_I_O)         0.029     0.811 r  BUFG_8/O
                         net (fo=416, unplaced)       0.338     1.149    KL_gptp_gmii_launch/u_seal_cdc/eth_tx_clk
                         FDRE                                         r  KL_gptp_gmii_launch/u_seal_cdc/dest_out_r_reg[0]/C
                         clock pessimism              0.000     1.149    <hidden>
                         clock uncertainty            0.134     1.283    <hidden>
                         FDRE (Hold_fdre_C_D)        -0.009     1.274    KL_gptp_gmii_launch/u_seal_cdc/dest_out_r_reg[0]
  -------------------------------------------------------------------
                         required time                         -1.274    <hidden>
                         arrival time                           1.616    <hidden>
  -------------------------------------------------------------------
                         slack                                  0.341    <hidden>





---------------------------------------------------------------------------------------------------
Path Group:  **async_default**
From Clock:  milansoc_crg_clkout0
  To Clock:  milansoc_crg_clkout0

Setup :            0  Failing Endpoints,  Worst Slack        7.581ns,  Total Violation        0.000ns
Hold  :            0  Failing Endpoints,  Worst Slack        0.311ns,  Total Violation        0.000ns
---------------------------------------------------------------------------------------------------


Max Delay Paths
--------------------------------------------------------------------------------------
Slack (MET) :             7.581ns  (required time - arrival time)
  Source:                 milansoc_milansoc_reset_wr_stb_reg/C
                            (rising edge-triggered cell FDRE clocked by milansoc_crg_clkout0  {rise@0.000ns fall@5.000ns period=10.000ns})
  Destination:            VexiiRiscvLitex_f5f08b170311db53220574624f819159/dma_bridge_down_arbiter_core/a_arbiter/maskLocked_1_reg/PRE
                            (recovery check against rising-edge clock milansoc_crg_clkout0  {rise@0.000ns fall@5.000ns period=10.000ns})
  Path Group:             **async_default**
  Path Type:              Recovery (Max at Slow Process Corner)
  Requirement:            10.000ns  (milansoc_crg_clkout0 rise@10.000ns - milansoc_crg_clkout0 rise@0.000ns)
  Data Path Delay:        1.895ns  (logic 0.629ns (33.193%)  route 1.266ns (66.807%))
  Logic Levels:           1  (LUT4=1)
  Clock Path Skew:        -0.145ns (DCD - SCD + CPR)
    Destination Clock Delay (DCD):    3.212ns = ( 13.212 - 10.000 ) 
    Source Clock Delay      (SCD):    3.617ns
    Clock Pessimism Removal (CPR):    0.260ns
  Clock Uncertainty:      0.058ns  ((TSJ^2 + DJ^2)^1/2) / 2 + PE
    Total System Jitter     (TSJ):    0.071ns
    Discrete Jitter          (DJ):    0.091ns
    Phase Error              (PE):    0.000ns

    Location             Delay type                Incr(ns)  Path(ns)    Netlist Resource(s)
  -------------------------------------------------------------------    -------------------
                         (clock milansoc_crg_clkout0 rise edge)
                                                      0.000     0.000 r  <hidden>
    R4                                                0.000     0.000 r  clk200_p
                         net (fo=0)                   0.000     0.000    clk200_p
    R4                   IBUFDS (Prop_ibufds_I_O)     0.851     0.851 r  IBUFDS/O
                         net (fo=1, unplaced)         0.647     1.498    IBUFDS_n_0_BUFG_inst_n_0
                         BUFG (Prop_bufg_I_O)         0.082     1.580 r  IBUFDS_n_0_BUFG_inst/O
                         net (fo=9, unplaced)         0.584     2.164    milansoc_crg_clkin_signal
                         PLLE2_ADV (Prop_plle2_adv_CLKIN1_CLKOUT0)
                                                      0.077     2.241 r  PLLE2_ADV/CLKOUT0
                         net (fo=1, unplaced)         0.647     2.889    milansoc_crg_clkout0
                         BUFG (Prop_bufg_I_O)         0.081     2.970 r  BUFG/O
                         net (fo=7296, unplaced)      0.647     3.617    sys_clk
                         FDRE                                         r  milansoc_milansoc_reset_wr_stb_reg/C
  -------------------------------------------------------------------    -------------------
                         FDRE (Prop_fdre_C_Q)         0.397     4.014 f  milansoc_milansoc_reset_wr_stb_reg/Q
                         net (fo=4, unplaced)         0.649     4.663    VexiiRiscvLitex_f5f08b170311db53220574624f819159/peripheral_plic_intc_thread_logic/milansoc_milansoc_reset_wr_stb
                         LUT4 (Prop_lut4_I1_O)        0.232     4.895 f  VexiiRiscvLitex_f5f08b170311db53220574624f819159/peripheral_plic_intc_thread_logic/outHitSignal_buffercc_i_1/O
                         net (fo=346, unplaced)       0.617     5.512    VexiiRiscvLitex_f5f08b170311db53220574624f819159/dma_bridge_down_arbiter_core/a_arbiter/AR[0]
                         FDPE                                         f  VexiiRiscvLitex_f5f08b170311db53220574624f819159/dma_bridge_down_arbiter_core/a_arbiter/maskLocked_1_reg/PRE
  -------------------------------------------------------------------    -------------------

                         (clock milansoc_crg_clkout0 rise edge)
                                                     10.000    10.000 r  <hidden>
    R4                                                0.000    10.000 r  clk200_p
                         net (fo=0)                   0.000    10.000    clk200_p
    R4                   IBUFDS (Prop_ibufds_I_O)     0.813    10.813 r  IBUFDS/O
                         net (fo=1, unplaced)         0.615    11.428    IBUFDS_n_0_BUFG_inst_n_0
                         BUFG (Prop_bufg_I_O)         0.078    11.506 r  IBUFDS_n_0_BUFG_inst/O
                         net (fo=9, unplaced)         0.439    11.945    milansoc_crg_clkin_signal
                         PLLE2_ADV (Prop_plle2_adv_CLKIN1_CLKOUT0)
                                                      0.073    12.018 r  PLLE2_ADV/CLKOUT0
                         net (fo=1, unplaced)         0.615    12.633    milansoc_crg_clkout0
                         BUFG (Prop_bufg_I_O)         0.077    12.710 r  BUFG/O
                         net (fo=7296, unplaced)      0.502    13.212    VexiiRiscvLitex_f5f08b170311db53220574624f819159/dma_bridge_down_arbiter_core/a_arbiter/locked_reg_0
                         FDPE                                         r  VexiiRiscvLitex_f5f08b170311db53220574624f819159/dma_bridge_down_arbiter_core/a_arbiter/maskLocked_1_reg/C
                         clock pessimism              0.260    13.472    <hidden>
                         clock uncertainty           -0.058    13.414    <hidden>
                         FDPE (Recov_fdpe_C_PRE)     -0.321    13.093    VexiiRiscvLitex_f5f08b170311db53220574624f819159/dma_bridge_down_arbiter_core/a_arbiter/maskLocked_1_reg
  -------------------------------------------------------------------
                         required time                         13.093    <hidden>
                         arrival time                          -5.512    <hidden>
  -------------------------------------------------------------------
                         slack                                  7.581    <hidden>





Min Delay Paths
--------------------------------------------------------------------------------------
Slack (MET) :             0.311ns  (arrival time - required time)
  Source:                 VexiiRiscvLitex_f5f08b170311db53220574624f819159/vexiis_0_priv_stoptime_regNext_cc_driver/toplevel_cpuResetCtrl_reset_asyncAssertSyncDeassert_buffercc/buffers_1_reg/C
                            (rising edge-triggered cell FDPE clocked by milansoc_crg_clkout0  {rise@0.000ns fall@5.000ns period=10.000ns})
  Destination:            VexiiRiscvLitex_f5f08b170311db53220574624f819159/dma_filter_down_to_unified_mBus_cc/d_1/popCC_addressGen_rValid_reg/CLR
                            (removal check against rising-edge clock milansoc_crg_clkout0  {rise@0.000ns fall@5.000ns period=10.000ns})
  Path Group:             **async_default**
  Path Type:              Removal (Min at Fast Process Corner)
  Requirement:            0.000ns  (milansoc_crg_clkout0 rise@0.000ns - milansoc_crg_clkout0 rise@0.000ns)
  Data Path Delay:        0.315ns  (logic 0.147ns (46.650%)  route 0.168ns (53.350%))
  Logic Levels:           0  
  Clock Path Skew:        0.145ns (DCD - SCD - CPR)
    Destination Clock Delay (DCD):    1.785ns
    Source Clock Delay      (SCD):    1.421ns
    Clock Pessimism Removal (CPR):    0.219ns

    Location             Delay type                Incr(ns)  Path(ns)    Netlist Resource(s)
  -------------------------------------------------------------------    -------------------
                         (clock milansoc_crg_clkout0 rise edge)
                                                      0.000     0.000 r  <hidden>
    R4                                                0.000     0.000 r  clk200_p
                         net (fo=0)                   0.000     0.000    clk200_p
    R4                   IBUFDS (Prop_ibufds_I_O)     0.369     0.369 r  IBUFDS/O
                         net (fo=1, unplaced)         0.321     0.690    IBUFDS_n_0_BUFG_inst_n_0
                         BUFG (Prop_bufg_I_O)         0.027     0.717 r  IBUFDS_n_0_BUFG_inst/O
                         net (fo=9, unplaced)         0.114     0.831    milansoc_crg_clkin_signal
                         PLLE2_ADV (Prop_plle2_adv_CLKIN1_CLKOUT0)
                                                      0.050     0.881 r  PLLE2_ADV/CLKOUT0
                         net (fo=1, unplaced)         0.321     1.202    milansoc_crg_clkout0
                         BUFG (Prop_bufg_I_O)         0.026     1.228 r  BUFG/O
                         net (fo=7296, unplaced)      0.193     1.421    VexiiRiscvLitex_f5f08b170311db53220574624f819159/vexiis_0_priv_stoptime_regNext_cc_driver/toplevel_cpuResetCtrl_reset_asyncAssertSyncDeassert_buffercc/litex_clk
                         FDPE                                         r  VexiiRiscvLitex_f5f08b170311db53220574624f819159/vexiis_0_priv_stoptime_regNext_cc_driver/toplevel_cpuResetCtrl_reset_asyncAssertSyncDeassert_buffercc/buffers_1_reg/C
  -------------------------------------------------------------------    -------------------
                         FDPE (Prop_fdpe_C_Q)         0.147     1.568 f  VexiiRiscvLitex_f5f08b170311db53220574624f819159/vexiis_0_priv_stoptime_regNext_cc_driver/toplevel_cpuResetCtrl_reset_asyncAssertSyncDeassert_buffercc/buffers_1_reg/Q
                         net (fo=38, unplaced)        0.168     1.736    VexiiRiscvLitex_f5f08b170311db53220574624f819159/dma_filter_down_to_unified_mBus_cc/d_1/popCC_ptrToPush_reg[0]_0[0]
                         FDCE                                         f  VexiiRiscvLitex_f5f08b170311db53220574624f819159/dma_filter_down_to_unified_mBus_cc/d_1/popCC_addressGen_rValid_reg/CLR
  -------------------------------------------------------------------    -------------------

                         (clock milansoc_crg_clkout0 rise edge)
                                                      0.000     0.000 r  <hidden>
    R4                                                0.000     0.000 r  clk200_p
                         net (fo=0)                   0.000     0.000    clk200_p
    R4                   IBUFDS (Prop_ibufds_I_O)     0.400     0.400 r  IBUFDS/O
                         net (fo=1, unplaced)         0.338     0.738    IBUFDS_n_0_BUFG_inst_n_0
                         BUFG (Prop_bufg_I_O)         0.030     0.768 r  IBUFDS_n_0_BUFG_inst/O
                         net (fo=9, unplaced)         0.259     1.027    milansoc_crg_clkin_signal
                         PLLE2_ADV (Prop_plle2_adv_CLKIN1_CLKOUT0)
                                                      0.053     1.080 r  PLLE2_ADV/CLKOUT0
                         net (fo=1, unplaced)         0.338     1.418    milansoc_crg_clkout0
                         BUFG (Prop_bufg_I_O)         0.029     1.447 r  BUFG/O
                         net (fo=7296, unplaced)      0.338     1.785    VexiiRiscvLitex_f5f08b170311db53220574624f819159/dma_filter_down_to_unified_mBus_cc/d_1/popCC_addressGen_rValid_reg_2
                         FDCE                                         r  VexiiRiscvLitex_f5f08b170311db53220574624f819159/dma_filter_down_to_unified_mBus_cc/d_1/popCC_addressGen_rValid_reg/C
                         clock pessimism             -0.219     1.566    <hidden>
                         FDCE (Remov_fdce_C_CLR)     -0.141     1.425    VexiiRiscvLitex_f5f08b170311db53220574624f819159/dma_filter_down_to_unified_mBus_cc/d_1/popCC_addressGen_rValid_reg
  -------------------------------------------------------------------
                         required time                         -1.425    <hidden>
                         arrival time                           1.736    <hidden>
  -------------------------------------------------------------------
                         slack                                  0.311    <hidden>





---------------------------------------------------------------------------------------------------
Path Group:  **async_default**
From Clock:  milansoc_crg_clkout1
  To Clock:  milansoc_crg_clkout1

Setup :            0  Failing Endpoints,  Worst Slack       17.206ns,  Total Violation        0.000ns
Hold  :            0  Failing Endpoints,  Worst Slack        0.291ns,  Total Violation        0.000ns
---------------------------------------------------------------------------------------------------


Max Delay Paths
--------------------------------------------------------------------------------------
Slack (MET) :             17.206ns  (required time - arrival time)
  Source:                 VexiiRiscvLitex_f5f08b170311db53220574624f819159/cpuResetCtrl_fiber_holder_counter_reg[1]/C
                            (rising edge-triggered cell FDCE clocked by milansoc_crg_clkout1  {rise@0.000ns fall@10.000ns period=20.000ns})
  Destination:            VexiiRiscvLitex_f5f08b170311db53220574624f819159/cpuResetCtrl_fiber_buffer/buffers_0_reg/PRE
                            (recovery check against rising-edge clock milansoc_crg_clkout1  {rise@0.000ns fall@10.000ns period=20.000ns})
  Path Group:             **async_default**
  Path Type:              Recovery (Max at Slow Process Corner)
  Requirement:            20.000ns  (milansoc_crg_clkout1 rise@20.000ns - milansoc_crg_clkout1 rise@0.000ns)
  Data Path Delay:        2.265ns  (logic 0.734ns (32.406%)  route 1.531ns (67.594%))
  Logic Levels:           2  (LUT4=2)
  Clock Path Skew:        -0.145ns (DCD - SCD + CPR)
    Destination Clock Delay (DCD):    3.149ns = ( 23.149 - 20.000 ) 
    Source Clock Delay      (SCD):    3.554ns
    Clock Pessimism Removal (CPR):    0.260ns
  Clock Uncertainty:      0.063ns  ((TSJ^2 + DJ^2)^1/2) / 2 + PE
    Total System Jitter     (TSJ):    0.071ns
    Discrete Jitter          (DJ):    0.104ns
    Phase Error              (PE):    0.000ns

    Location             Delay type                Incr(ns)  Path(ns)    Netlist Resource(s)
  -------------------------------------------------------------------    -------------------
                         (clock milansoc_crg_clkout1 rise edge)
                                                      0.000     0.000 r  <hidden>
    R4                                                0.000     0.000 r  clk200_p
                         net (fo=0)                   0.000     0.000    clk200_p
    R4                   IBUFDS (Prop_ibufds_I_O)     0.851     0.851 r  IBUFDS/O
                         net (fo=1, unplaced)         0.647     1.498    IBUFDS_n_0_BUFG_inst_n_0
                         BUFG (Prop_bufg_I_O)         0.082     1.580 r  IBUFDS_n_0_BUFG_inst/O
                         net (fo=9, unplaced)         0.584     2.164    milansoc_crg_clkin_signal
                         PLLE2_ADV (Prop_plle2_adv_CLKIN1_CLKOUT1)
                                                      0.077     2.241 r  PLLE2_ADV/CLKOUT1
                         net (fo=1, unplaced)         0.647     2.889    milansoc_crg_clkout1
                         BUFG (Prop_bufg_I_O)         0.081     2.970 r  BUFG_1/O
                         net (fo=52469, unplaced)     0.584     3.554    VexiiRiscvLitex_f5f08b170311db53220574624f819159/out
                         FDCE                                         r  VexiiRiscvLitex_f5f08b170311db53220574624f819159/cpuResetCtrl_fiber_holder_counter_reg[1]/C
  -------------------------------------------------------------------    -------------------
                         FDCE (Prop_fdce_C_Q)         0.397     3.951 f  VexiiRiscvLitex_f5f08b170311db53220574624f819159/cpuResetCtrl_fiber_holder_counter_reg[1]/Q
                         net (fo=6, unplaced)         0.657     4.608    VexiiRiscvLitex_f5f08b170311db53220574624f819159/cpuResetCtrl_fiber_holder_counter_reg[1]
                         LUT4 (Prop_lut4_I1_O)        0.232     4.840 r  VexiiRiscvLitex_f5f08b170311db53220574624f819159/cpuResetCtrl_fiber_buffer_i_2/O
                         net (fo=1, unplaced)         0.347     5.187    VexiiRiscvLitex_f5f08b170311db53220574624f819159/cpuResetCtrl_fiber_buffer_i_2_n_0
                         LUT4 (Prop_lut4_I0_O)        0.105     5.292 f  VexiiRiscvLitex_f5f08b170311db53220574624f819159/cpuResetCtrl_fiber_buffer_i_1/O
                         net (fo=9, unplaced)         0.527     5.819    VexiiRiscvLitex_f5f08b170311db53220574624f819159/cpuResetCtrl_fiber_buffer/cpuResetCtrl_fiber_holder_reset
                         FDPE                                         f  VexiiRiscvLitex_f5f08b170311db53220574624f819159/cpuResetCtrl_fiber_buffer/buffers_0_reg/PRE
  -------------------------------------------------------------------    -------------------

                         (clock milansoc_crg_clkout1 rise edge)
                                                     20.000    20.000 r  <hidden>
    R4                                                0.000    20.000 r  clk200_p
                         net (fo=0)                   0.000    20.000    clk200_p
    R4                   IBUFDS (Prop_ibufds_I_O)     0.813    20.813 r  IBUFDS/O
                         net (fo=1, unplaced)         0.615    21.428    IBUFDS_n_0_BUFG_inst_n_0
                         BUFG (Prop_bufg_I_O)         0.078    21.506 r  IBUFDS_n_0_BUFG_inst/O
                         net (fo=9, unplaced)         0.439    21.945    milansoc_crg_clkin_signal
                         PLLE2_ADV (Prop_plle2_adv_CLKIN1_CLKOUT1)
                                                      0.073    22.018 r  PLLE2_ADV/CLKOUT1
                         net (fo=1, unplaced)         0.615    22.633    milansoc_crg_clkout1
                         BUFG (Prop_bufg_I_O)         0.077    22.710 r  BUFG_1/O
                         net (fo=52469, unplaced)     0.439    23.149    VexiiRiscvLitex_f5f08b170311db53220574624f819159/cpuResetCtrl_fiber_buffer/cpu_clk
                         FDPE                                         r  VexiiRiscvLitex_f5f08b170311db53220574624f819159/cpuResetCtrl_fiber_buffer/buffers_0_reg/C
                         clock pessimism              0.260    23.409    <hidden>
                         clock uncertainty           -0.063    23.346    <hidden>
                         FDPE (Recov_fdpe_C_PRE)     -0.321    23.025    VexiiRiscvLitex_f5f08b170311db53220574624f819159/cpuResetCtrl_fiber_buffer/buffers_0_reg
  -------------------------------------------------------------------
                         required time                         23.025    <hidden>
                         arrival time                          -5.819    <hidden>
  -------------------------------------------------------------------
                         slack                                 17.206    <hidden>





Min Delay Paths
--------------------------------------------------------------------------------------
Slack (MET) :             0.291ns  (arrival time - required time)
  Source:                 VexiiRiscvLitex_f5f08b170311db53220574624f819159/cpuResetCtrl_fiber_aggregator_asyncBuffers_0/buffers_1_reg/C
                            (rising edge-triggered cell FDPE clocked by milansoc_crg_clkout1  {rise@0.000ns fall@10.000ns period=20.000ns})
  Destination:            VexiiRiscvLitex_f5f08b170311db53220574624f819159/cpuResetCtrl_fiber_holder_counter_reg[0]/CLR
                            (removal check against rising-edge clock milansoc_crg_clkout1  {rise@0.000ns fall@10.000ns period=20.000ns})
  Path Group:             **async_default**
  Path Type:              Removal (Min at Fast Process Corner)
  Requirement:            0.000ns  (milansoc_crg_clkout1 rise@0.000ns - milansoc_crg_clkout1 rise@0.000ns)
  Data Path Delay:        0.295ns  (logic 0.147ns (49.784%)  route 0.148ns (50.216%))
  Logic Levels:           0  
  Clock Path Skew:        0.145ns (DCD - SCD - CPR)
    Destination Clock Delay (DCD):    1.706ns
    Source Clock Delay      (SCD):    1.342ns
    Clock Pessimism Removal (CPR):    0.219ns

    Location             Delay type                Incr(ns)  Path(ns)    Netlist Resource(s)
  -------------------------------------------------------------------    -------------------
                         (clock milansoc_crg_clkout1 rise edge)
                                                      0.000     0.000 r  <hidden>
    R4                                                0.000     0.000 r  clk200_p
                         net (fo=0)                   0.000     0.000    clk200_p
    R4                   IBUFDS (Prop_ibufds_I_O)     0.369     0.369 r  IBUFDS/O
                         net (fo=1, unplaced)         0.321     0.690    IBUFDS_n_0_BUFG_inst_n_0
                         BUFG (Prop_bufg_I_O)         0.027     0.717 r  IBUFDS_n_0_BUFG_inst/O
                         net (fo=9, unplaced)         0.114     0.831    milansoc_crg_clkin_signal
                         PLLE2_ADV (Prop_plle2_adv_CLKIN1_CLKOUT1)
                                                      0.050     0.881 r  PLLE2_ADV/CLKOUT1
                         net (fo=1, unplaced)         0.321     1.202    milansoc_crg_clkout1
                         BUFG (Prop_bufg_I_O)         0.026     1.228 r  BUFG_1/O
                         net (fo=52469, unplaced)     0.114     1.342    VexiiRiscvLitex_f5f08b170311db53220574624f819159/cpuResetCtrl_fiber_aggregator_asyncBuffers_0/cpu_clk
                         FDPE                                         r  VexiiRiscvLitex_f5f08b170311db53220574624f819159/cpuResetCtrl_fiber_aggregator_asyncBuffers_0/buffers_1_reg/C
  -------------------------------------------------------------------    -------------------
                         FDPE (Prop_fdpe_C_Q)         0.147     1.489 f  VexiiRiscvLitex_f5f08b170311db53220574624f819159/cpuResetCtrl_fiber_aggregator_asyncBuffers_0/buffers_1_reg/Q
                         net (fo=7, unplaced)         0.148     1.637    VexiiRiscvLitex_f5f08b170311db53220574624f819159/cpuResetCtrl_fiber_aggregator_asyncBuffers_0_io_dataOut
                         FDCE                                         f  VexiiRiscvLitex_f5f08b170311db53220574624f819159/cpuResetCtrl_fiber_holder_counter_reg[0]/CLR
  -------------------------------------------------------------------    -------------------

                         (clock milansoc_crg_clkout1 rise edge)
                                                      0.000     0.000 r  <hidden>
    R4                                                0.000     0.000 r  clk200_p
                         net (fo=0)                   0.000     0.000    clk200_p
    R4                   IBUFDS (Prop_ibufds_I_O)     0.400     0.400 r  IBUFDS/O
                         net (fo=1, unplaced)         0.338     0.738    IBUFDS_n_0_BUFG_inst_n_0
                         BUFG (Prop_bufg_I_O)         0.030     0.768 r  IBUFDS_n_0_BUFG_inst/O
                         net (fo=9, unplaced)         0.259     1.027    milansoc_crg_clkin_signal
                         PLLE2_ADV (Prop_plle2_adv_CLKIN1_CLKOUT1)
                                                      0.053     1.080 r  PLLE2_ADV/CLKOUT1
                         net (fo=1, unplaced)         0.338     1.418    milansoc_crg_clkout1
                         BUFG (Prop_bufg_I_O)         0.029     1.447 r  BUFG_1/O
                         net (fo=52469, unplaced)     0.259     1.706    VexiiRiscvLitex_f5f08b170311db53220574624f819159/out
                         FDCE                                         r  VexiiRiscvLitex_f5f08b170311db53220574624f819159/cpuResetCtrl_fiber_holder_counter_reg[0]/C
                         clock pessimism             -0.219     1.487    <hidden>
                         FDCE (Remov_fdce_C_CLR)     -0.141     1.346    VexiiRiscvLitex_f5f08b170311db53220574624f819159/cpuResetCtrl_fiber_holder_counter_reg[0]
  -------------------------------------------------------------------
                         required time                         -1.346    <hidden>
                         arrival time                           1.637    <hidden>
  -------------------------------------------------------------------
                         slack                                  0.291    <hidden>





