cycle,phase,utc,send_us,response_us,since_bind_command_ms,status,ML,MU,SI,SEQ,MRST,TU,TSV,TSNV,UF,LATE,EARLY,FRX
A0300-1,pre-bind,2026-10-05T11:14:08.745718+00:00,1791198848740742,1791198848745718,-0.026,Success.,1,1,0,0,0,0,28338,0,0,0,0,28338
A0300-1,first-pdus-20,2026-10-05T11:14:08.770727+00:00,1791198848767963,1791198848770727,24.983,Success.,0,0,0,0,0,0,0,0,0,0,0,0
A0300-1,first-pdus-100,2026-10-05T11:14:08.850746+00:00,1791198848847967,1791198848850746,105.002,Success.,0,0,0,0,0,0,0,0,0,0,0,0
A0300-1,first-pdus-250,2026-10-05T11:14:09.000757+00:00,1791198848997965,1791198849000757,255.013,Success.,1,0,0,0,0,0,1126,0,0,0,0,0
A0300-1,post-unbind,2026-10-05T11:14:10.855774+00:00,1791198850852992,1791198850855774,2110.03,Success.,1,1,0,0,0,0,1526,0,0,0,0,1526
AAAF-edge1025-1,pre-bind,2026-10-05T11:31:19.330407+00:00,1791199879325426,1791199879330407,-0.034,Success.,1,1,0,0,0,0,7575,0,0,0,0,7575
AAAF-edge1025-1,first-pdus-20,2026-10-05T11:31:19.355405+00:00,1791199879354317,1791199879355405,24.964,Success.,0,0,0,0,0,0,0,0,0,0,0,0
AAAF-edge1025-1,first-pdus-100,2026-10-05T11:31:19.435407+00:00,1791199879434318,1791199879435407,104.966,Success.,1,0,0,0,0,0,204,0,0,0,0,0
AAAF-edge1025-1,first-pdus-250,2026-10-05T11:31:19.585426+00:00,1791199879584314,1791199879585426,254.985,Success.,1,0,0,0,0,0,1404,0,0,0,0,0
AAAF-edge1025-1,post-unbind,2026-10-05T11:31:22.165479+00:00,1791199882164334,1791199882165479,2835.038,Success.,1,1,0,0,0,0,7603,0,0,0,0,7603
AAAF-edge1025-2,pre-bind,2026-10-05T11:31:24.600423+00:00,1791199884595442,1791199884600423,-0.032,Success.,1,1,0,0,0,0,7603,0,0,0,0,7603
AAAF-edge1025-2,first-pdus-20,2026-10-05T11:31:24.625437+00:00,1791199884624343,1791199884625437,24.982,Success.,1,0,0,0,0,0,130,0,0,0,0,0
AAAF-edge1025-2,first-pdus-100,2026-10-05T11:31:24.705454+00:00,1791199884704349,1791199884705454,104.999,Success.,1,0,0,0,0,0,771,0,0,0,0,0
AAAF-edge1025-2,first-pdus-250,2026-10-05T11:31:24.855456+00:00,1791199884854336,1791199884855456,255.001,Success.,1,0,0,0,0,0,1971,0,0,0,0,1574
AAAF-edge1025-2,post-unbind,2026-10-05T11:31:27.435487+00:00,1791199887434265,1791199887435487,2835.032,Success.,1,1,0,0,0,0,8169,0,0,0,0,8169
AAAF-edge1025-3,pre-bind,2026-10-05T11:31:29.870427+00:00,1791199889865430,1791199889870427,-0.03,Success.,1,1,0,0,0,0,8169,0,0,0,0,8169
AAAF-edge1025-3,first-pdus-20,2026-10-05T11:31:29.895423+00:00,1791199889894344,1791199889895423,24.966,Success.,0,0,0,0,0,0,0,0,0,0,0,0
AAAF-edge1025-3,first-pdus-100,2026-10-05T11:31:29.975439+00:00,1791199889974340,1791199889975439,104.982,Success.,0,0,0,0,0,0,0,0,0,0,0,0
AAAF-edge1025-3,first-pdus-250,2026-10-05T11:31:30.125410+00:00,1791199890124341,1791199890125410,254.953,Success.,1,0,0,0,0,0,220,0,0,0,0,0
AAAF-edge1025-3,post-unbind,2026-10-05T11:31:32.705440+00:00,1791199892704217,1791199892705440,2834.983,Success.,1,1,0,0,0,0,6418,0,0,0,0,6418
AAAF-edge1025-4,pre-bind,2026-10-05T11:31:35.095409+00:00,1791199895090423,1791199895095409,-0.029,Success.,1,1,0,0,0,0,6418,0,0,0,0,6418
AAAF-edge1025-4,first-pdus-20,2026-10-05T11:31:35.120407+00:00,1791199895119325,1791199895120407,24.969,Success.,0,0,0,0,0,0,0,0,0,0,0,0
AAAF-edge1025-4,first-pdus-100,2026-10-05T11:31:35.200422+00:00,1791199895199327,1791199895200422,104.984,Success.,0,0,0,0,0,0,0,0,0,0,0,0
AAAF-edge1025-4,first-pdus-250,2026-10-05T11:31:35.350428+00:00,1791199895349336,1791199895350428,254.99,Success.,1,0,0,0,0,0,1138,0,0,0,0,0
AAAF-edge1025-4,post-unbind,2026-10-05T11:31:37.930414+00:00,1791199897929234,1791199897930414,2834.976,Success.,1,1,0,0,0,0,7337,0,0,0,0,7337
AAAF-edge1025-5,pre-bind,2026-10-05T11:31:40.230401+00:00,1791199900225413,1791199900230401,-0.022,Success.,1,1,0,0,0,0,7337,0,0,0,0,7337
AAAF-edge1025-5,first-pdus-20,2026-10-05T11:31:40.255410+00:00,1791199900254249,1791199900255410,24.987,Success.,0,0,0,0,0,0,0,0,0,0,0,0
AAAF-edge1025-5,first-pdus-100,2026-10-05T11:31:40.335442+00:00,1791199900334260,1791199900335442,105.019,Success.,0,0,0,0,0,0,0,0,0,0,0,0
AAAF-edge1025-5,first-pdus-250,2026-10-05T11:31:40.485438+00:00,1791199900484256,1791199900485438,255.015,Success.,1,0,0,0,0,0,601,0,0,0,0,0
AAAF-edge1025-5,post-unbind,2026-10-05T11:31:43.065460+00:00,1791199903064242,1791199903065460,2835.037,Success.,1,1,0,0,0,0,6800,0,0,0,0,6800
AAAF-edge975-1,pre-bind,2026-10-05T11:30:52.815413+00:00,1791199852810445,1791199852815413,-0.045,Success.,1,1,0,0,0,0,22788,0,0,0,0,22788
AAAF-edge975-1,first-pdus-20,2026-10-05T11:30:52.840414+00:00,1791199852839230,1791199852840414,24.956,Success.,0,0,0,0,0,0,0,0,0,0,0,0
AAAF-edge975-1,first-pdus-100,2026-10-05T11:30:52.920427+00:00,1791199852919223,1791199852920427,104.969,Success.,0,0,0,0,0,0,0,0,0,0,0,0
AAAF-edge975-1,first-pdus-250,2026-10-05T11:30:53.070462+00:00,1791199853069225,1791199853070462,255.004,Success.,1,0,0,0,0,0,59,0,0,0,0,0
AAAF-edge975-1,post-unbind,2026-10-05T11:30:55.600529+00:00,1791199855599228,1791199855600529,2785.071,Success.,1,1,0,0,0,0,5859,0,0,0,0,5859
AAAF-edge975-2,pre-bind,2026-10-05T11:30:58.135417+00:00,1791199858130435,1791199858135417,-0.038,Success.,1,1,0,0,0,0,5859,0,0,0,0,5859
AAAF-edge975-2,first-pdus-20,2026-10-05T11:30:58.160434+00:00,1791199858159290,1791199858160434,24.979,Success.,0,0,0,0,0,0,0,0,0,0,0,0
AAAF-edge975-2,first-pdus-100,2026-10-05T11:30:58.240473+00:00,1791199858239293,1791199858240473,105.018,Success.,1,0,0,0,0,0,257,0,0,0,0,0
AAAF-edge975-2,first-pdus-250,2026-10-05T11:30:58.390513+00:00,1791199858389292,1791199858390513,255.058,Success.,1,0,0,0,0,0,1457,0,0,0,0,0
AAAF-edge975-2,post-unbind,2026-10-05T11:31:00.920521+00:00,1791199860919224,1791199860920521,2785.066,Success.,1,1,0,0,0,0,7257,0,0,0,0,7257
AAAF-edge975-3,pre-bind,2026-10-05T11:31:03.450405+00:00,1791199863445425,1791199863450405,-0.037,Success.,1,1,0,0,0,0,7257,0,0,0,0,7257
AAAF-edge975-3,first-pdus-20,2026-10-05T11:31:03.475408+00:00,1791199863474179,1791199863475408,24.966,Success.,0,0,0,0,0,0,0,0,0,0,0,0
AAAF-edge975-3,first-pdus-100,2026-10-05T11:31:03.555423+00:00,1791199863554182,1791199863555423,104.981,Success.,0,0,0,0,0,0,0,0,0,0,0,0
AAAF-edge975-3,first-pdus-250,2026-10-05T11:31:03.705460+00:00,1791199863704183,1791199863705460,255.018,Success.,1,0,0,0,0,0,773,0,0,0,0,0
AAAF-edge975-3,post-unbind,2026-10-05T11:31:06.235483+00:00,1791199866234222,1791199866235483,2785.041,Success.,1,1,0,0,0,0,6573,0,0,0,0,6573
AAAF-edge975-4,pre-bind,2026-10-05T11:31:08.730411+00:00,1791199868725447,1791199868730411,-0.051,Success.,1,1,0,0,0,0,6573,0,0,0,0,6573
AAAF-edge975-4,first-pdus-20,2026-10-05T11:31:08.755421+00:00,1791199868754328,1791199868755421,24.959,Success.,0,0,0,0,0,0,0,0,0,0,0,0
AAAF-edge975-4,first-pdus-100,2026-10-05T11:31:08.835474+00:00,1791199868834330,1791199868835474,105.012,Success.,1,0,0,0,0,0,217,0,0,0,0,0
AAAF-edge975-4,first-pdus-250,2026-10-05T11:31:08.985454+00:00,1791199868984327,1791199868985454,254.992,Success.,1,0,0,0,0,0,1417,0,0,0,0,0
AAAF-edge975-4,post-unbind,2026-10-05T11:31:11.515473+00:00,1791199871514336,1791199871515473,2785.011,Success.,1,1,0,0,0,0,7216,0,0,0,0,7216
AAAF-edge975-5,pre-bind,2026-10-05T11:31:14.175413+00:00,1791199874170432,1791199874175413,-0.024,Success.,1,1,0,0,0,0,7216,0,0,0,0,7216
AAAF-edge975-5,first-pdus-20,2026-10-05T11:31:14.200414+00:00,1791199874199266,1791199874200414,24.977,Success.,0,0,0,0,0,0,0,0,0,0,0,0
AAAF-edge975-5,first-pdus-100,2026-10-05T11:31:14.280409+00:00,1791199874279273,1791199874280409,104.972,Success.,1,0,0,0,0,0,576,0,0,0,0,0
AAAF-edge975-5,first-pdus-250,2026-10-05T11:31:14.430426+00:00,1791199874429279,1791199874430426,254.989,Success.,1,0,0,0,0,0,1776,0,0,0,0,0
AAAF-edge975-5,post-unbind,2026-10-05T11:31:16.960455+00:00,1791199876959234,1791199876960455,2785.018,Success.,1,1,0,0,0,0,7575,0,0,0,0,7575
AAAF0300-2,pre-bind,2026-10-05T11:14:57.346992+00:00,1791198897342013,1791198897346992,-0.035,Success.,1,1,0,0,0,0,1526,0,0,0,0,1526
AAAF0300-2,first-pdus-20,2026-10-05T11:14:57.372016+00:00,1791198897369815,1791198897372016,24.989,Success.,0,0,0,0,0,0,0,0,0,0,0,0
AAAF0300-2,first-pdus-100,2026-10-05T11:14:57.452032+00:00,1791198897449820,1791198897452032,105.005,Success.,0,0,0,0,0,0,0,0,0,0,0,0
AAAF0300-2,first-pdus-250,2026-10-05T11:14:57.602019+00:00,1791198897599824,1791198897602019,254.992,Success.,1,0,0,0,0,0,1143,0,0,0,0,0
AAAF0300-2,post-unbind,2026-10-05T11:14:59.457049+00:00,1791198899454897,1791198899457049,2110.022,Success.,1,1,0,0,0,0,1543,0,0,0,0,1543
AAAF0300-3,pre-bind,2026-10-05T11:15:01.921935+00:00,1791198901916959,1791198901921935,-0.03,Success.,1,1,0,0,0,0,1543,0,0,0,0,1543
AAAF0300-3,first-pdus-20,2026-10-05T11:15:01.946946+00:00,1791198901944814,1791198901946946,24.981,Success.,0,0,0,0,0,0,0,0,0,0,0,0
AAAF0300-3,first-pdus-100,2026-10-05T11:15:02.026941+00:00,1791198902024814,1791198902026941,104.976,Success.,1,0,0,0,0,0,128,0,0,0,0,0
AAAF0300-3,first-pdus-250,2026-10-05T11:15:02.176968+00:00,1791198902174817,1791198902176968,255.003,Success.,1,0,0,0,0,0,1328,0,0,0,0,0
AAAF0300-3,post-unbind,2026-10-05T11:15:04.031952+00:00,1791198904029847,1791198904031952,2109.987,Success.,1,1,0,0,0,0,1728,0,0,0,0,1728
AAAF0300-4,pre-bind,2026-10-05T11:15:06.706961+00:00,1791198906701984,1791198906706961,-0.038,Success.,1,1,0,0,0,0,1728,0,0,0,0,1728
AAAF0300-4,first-pdus-20,2026-10-05T11:15:06.731977+00:00,1791198906729947,1791198906731977,24.978,Success.,0,0,0,0,0,0,0,0,0,0,0,0
AAAF0300-4,first-pdus-100,2026-10-05T11:15:06.811956+00:00,1791198906809931,1791198906811956,104.957,Success.,1,0,0,0,0,0,34,0,0,0,0,0
AAAF0300-4,first-pdus-250,2026-10-05T11:15:06.962002+00:00,1791198906959947,1791198906962002,255.003,Success.,1,0,0,0,0,0,1234,0,0,0,0,0
AAAF0300-4,post-unbind,2026-10-05T11:15:08.817013+00:00,1791198908814926,1791198908817013,2110.014,Success.,1,1,0,0,0,0,1634,0,0,0,0,1634
AAAF0300-5,pre-bind,2026-10-05T11:15:11.296967+00:00,1791198911291990,1791198911296967,-0.028,Success.,1,1,0,0,0,0,1634,0,0,0,0,1634
AAAF0300-5,first-pdus-20,2026-10-05T11:15:11.321983+00:00,1791198911319909,1791198911321983,24.988,Success.,0,0,0,0,0,0,0,0,0,0,0,0
AAAF0300-5,first-pdus-100,2026-10-05T11:15:11.402016+00:00,1791198911399911,1791198911402016,105.021,Success.,0,0,0,0,0,0,0,0,0,0,0,0
AAAF0300-5,first-pdus-250,2026-10-05T11:15:11.552009+00:00,1791198911549913,1791198911552009,255.014,Success.,1,0,0,0,0,0,1153,0,0,0,0,0
AAAF0300-5,post-unbind,2026-10-05T11:15:13.407011+00:00,1791198913404930,1791198913407011,2110.016,Success.,1,1,0,0,0,0,1553,0,0,0,0,1553
AAAF0600-1,pre-bind,2026-10-05T11:15:15.801928+00:00,1791198915796979,1791198915801928,-0.039,Success.,1,1,0,0,0,0,1553,0,0,0,0,1553
AAAF0600-1,first-pdus-20,2026-10-05T11:15:15.826938+00:00,1791198915825015,1791198915826938,24.971,Success.,0,0,0,0,0,0,0,0,0,0,0,0
AAAF0600-1,first-pdus-100,2026-10-05T11:15:15.906989+00:00,1791198915905023,1791198915906989,105.022,Success.,0,0,0,0,0,0,0,0,0,0,0,0
AAAF0600-1,first-pdus-250,2026-10-05T11:15:16.056971+00:00,1791198916055031,1791198916056971,255.004,Success.,1,0,0,0,0,0,386,0,0,0,0,0
AAAF0600-1,post-unbind,2026-10-05T11:15:18.212030+00:00,1791198918210013,1791198918212030,2410.063,Success.,1,1,0,0,0,0,3185,0,0,0,0,3185
AAAF0600-2,pre-bind,2026-10-05T11:15:20.836976+00:00,1791198920832018,1791198920836976,-0.042,Success.,1,1,0,0,0,0,3185,0,0,0,0,3185
AAAF0600-2,first-pdus-20,2026-10-05T11:15:20.862007+00:00,1791198920860019,1791198920862007,24.989,Success.,0,0,0,0,0,0,0,0,0,0,0,0
AAAF0600-2,first-pdus-100,2026-10-05T11:15:20.942017+00:00,1791198920940031,1791198920942017,104.999,Success.,0,0,0,0,0,0,0,0,0,0,0,0
AAAF0600-2,first-pdus-250,2026-10-05T11:15:21.092006+00:00,1791198921090019,1791198921092006,254.988,Success.,1,0,0,0,0,0,664,0,0,0,0,0
AAAF0600-2,post-unbind,2026-10-05T11:15:23.246999+00:00,1791198923245065,1791198923246999,2409.981,Success.,1,1,0,0,0,0,3464,0,0,0,0,3464
AAAF0600-3,pre-bind,2026-10-05T11:15:25.656959+00:00,1791198925651999,1791198925656959,-0.033,Success.,1,1,0,0,0,0,3464,0,0,0,0,3464
AAAF0600-3,first-pdus-20,2026-10-05T11:15:25.681974+00:00,1791198925680960,1791198925681974,24.982,Success.,0,0,0,0,0,0,0,0,0,0,0,0
AAAF0600-3,first-pdus-100,2026-10-05T11:15:25.761999+00:00,1791198925759965,1791198925761999,105.007,Success.,0,0,0,0,0,0,0,0,0,0,0,0
AAAF0600-3,first-pdus-250,2026-10-05T11:15:25.912000+00:00,1791198925909969,1791198925912000,255.008,Success.,1,0,0,0,0,0,834,0,0,0,0,0
AAAF0600-3,post-unbind,2026-10-05T11:15:28.067023+00:00,1791198928064957,1791198928067023,2410.031,Success.,1,1,0,0,0,0,3633,0,0,0,0,3633
AAAF0600-4,pre-bind,2026-10-05T11:15:30.566948+00:00,1791198930561984,1791198930566948,-0.046,Success.,1,1,0,0,0,0,3633,0,0,0,0,3633
AAAF0600-4,first-pdus-20,2026-10-05T11:15:30.591951+00:00,1791198930590030,1791198930591951,24.957,Success.,0,0,0,0,0,0,0,0,0,0,0,0
AAAF0600-4,first-pdus-100,2026-10-05T11:15:30.671992+00:00,1791198930670040,1791198930671992,104.998,Success.,1,0,0,0,0,0,513,0,0,0,0,0
AAAF0600-4,first-pdus-250,2026-10-05T11:15:30.822003+00:00,1791198930820038,1791198930822003,255.009,Success.,1,0,0,0,0,0,1714,0,0,0,0,1580
AAAF0600-4,post-unbind,2026-10-05T11:15:32.977006+00:00,1791198932974992,1791198932977006,2410.012,Success.,1,1,0,0,0,0,4513,0,0,0,0,4513
AAAF0600-5,pre-bind,2026-10-05T11:15:35.631948+00:00,1791198935627002,1791198935631948,-0.058,Success.,1,1,0,0,0,0,4513,0,0,0,0,4513
AAAF0600-5,first-pdus-20,2026-10-05T11:15:35.656964+00:00,1791198935654834,1791198935656964,24.958,Success.,0,0,0,0,0,0,0,0,0,0,0,0
AAAF0600-5,first-pdus-100,2026-10-05T11:15:35.736998+00:00,1791198935734844,1791198935736998,104.992,Success.,0,0,0,0,0,0,0,0,0,0,0,0
AAAF0600-5,first-pdus-250,2026-10-05T11:15:35.886998+00:00,1791198935884839,1791198935886998,254.992,Success.,1,0,0,0,0,0,633,0,0,0,0,0
AAAF0600-5,post-unbind,2026-10-05T11:15:38.042035+00:00,1791198938040029,1791198938042035,2410.029,Success.,1,1,0,0,0,0,3433,0,0,0,0,3433
AAAF0900-1,pre-bind,2026-10-05T11:15:40.516953+00:00,1791198940511981,1791198940516953,-0.031,Success.,1,1,0,0,0,0,3433,0,0,0,0,3433
AAAF0900-1,first-pdus-20,2026-10-05T11:15:40.541969+00:00,1791198940539947,1791198940541969,24.985,Success.,0,0,0,0,0,0,0,0,0,0,0,0
AAAF0900-1,first-pdus-100,2026-10-05T11:15:40.621974+00:00,1791198940619948,1791198940621974,104.99,Success.,1,0,0,0,0,0,112,0,0,0,0,0
AAAF0900-1,first-pdus-250,2026-10-05T11:15:40.771990+00:00,1791198940769956,1791198940771990,255.006,Success.,1,0,0,0,0,0,1312,0,0,0,0,0
AAAF0900-1,post-unbind,2026-10-05T11:15:43.226966+00:00,1791198943224965,1791198943226966,2709.982,Success.,1,1,0,0,0,0,6512,0,0,0,0,6512
AAAF0900-2,pre-bind,2026-10-05T11:15:48.521955+00:00,1791198948517002,1791198948521955,-0.035,Success.,1,1,0,0,0,0,6512,0,0,0,0,6512
AAAF0900-2,first-pdus-20,2026-10-05T11:15:48.546954+00:00,1791198948545022,1791198948546954,24.964,Success.,0,0,0,0,0,0,0,0,0,0,0,0
AAAF0900-2,first-pdus-100,2026-10-05T11:15:48.626952+00:00,1791198948625019,1791198948626952,104.962,Success.,1,0,0,0,0,0,151,0,0,0,0,0
AAAF0900-2,first-pdus-250,2026-10-05T11:15:48.776980+00:00,1791198948775029,1791198948776980,254.99,Success.,1,0,0,0,0,0,1352,0,0,0,0,0
AAAF0900-2,post-unbind,2026-10-05T11:15:51.231992+00:00,1791198951229974,1791198951231992,2710.002,Success.,1,1,0,0,0,0,6552,0,0,0,0,6552
AAAF0900-3,pre-bind,2026-10-05T11:15:53.586933+00:00,1791198953581958,1791198953586933,-0.038,Success.,1,1,0,0,0,0,6552,0,0,0,0,6552
AAAF0900-3,first-pdus-20,2026-10-05T11:15:53.611928+00:00,1791198953609976,1791198953611928,24.957,Success.,1,0,0,0,0,0,34,0,0,0,0,0
AAAF0900-3,first-pdus-100,2026-10-05T11:15:53.691954+00:00,1791198953689979,1791198953691954,104.983,Success.,1,0,0,0,0,0,674,0,0,0,0,0
AAAF0900-3,first-pdus-250,2026-10-05T11:15:53.841960+00:00,1791198953839980,1791198953841960,254.989,Success.,1,0,0,0,0,0,1874,0,0,0,0,1582
AAAF0900-3,post-unbind,2026-10-05T11:15:56.296976+00:00,1791198956295030,1791198956296976,2710.005,Success.,1,1,0,0,0,0,7074,0,0,0,0,7074
AAAF0900-4,pre-bind,2026-10-05T11:15:58.686950+00:00,1791198958681971,1791198958686950,-0.03,Success.,1,1,0,0,0,0,7074,0,0,0,0,7074
AAAF0900-4,first-pdus-20,2026-10-05T11:15:58.711946+00:00,1791198958709961,1791198958711946,24.966,Success.,0,0,0,0,0,0,0,0,0,0,0,0
AAAF0900-4,first-pdus-100,2026-10-05T11:15:58.791977+00:00,1791198958789962,1791198958791977,104.997,Success.,0,0,0,0,0,0,0,0,0,0,0,0
AAAF0900-4,first-pdus-250,2026-10-05T11:15:58.941991+00:00,1791198958939972,1791198958941991,255.011,Success.,1,0,0,0,0,0,1074,0,0,0,0,0
AAAF0900-4,post-unbind,2026-10-05T11:16:01.396994+00:00,1791198961394970,1791198961396994,2710.014,Success.,1,1,0,0,0,0,6273,0,0,0,0,6273
AAAF0900-5,pre-bind,2026-10-05T11:16:03.956951+00:00,1791198963951983,1791198963956951,-0.035,Success.,1,1,0,0,0,0,6273,0,0,0,0,6273
AAAF0900-5,first-pdus-20,2026-10-05T11:16:03.981959+00:00,1791198963980001,1791198963981959,24.973,Success.,0,0,0,0,0,0,0,0,0,0,0,0
AAAF0900-5,first-pdus-100,2026-10-05T11:16:04.061956+00:00,1791198964059997,1791198964061956,104.97,Success.,1,0,0,0,0,0,419,0,0,0,0,0
AAAF0900-5,first-pdus-250,2026-10-05T11:16:04.211972+00:00,1791198964210013,1791198964211972,254.986,Success.,1,0,0,0,0,0,1619,0,0,0,0,0
AAAF0900-5,post-unbind,2026-10-05T11:16:06.666983+00:00,1791198966664978,1791198966666983,2709.997,Success.,1,1,0,0,0,0,6819,0,0,0,0,6819
AAAF1000-1,pre-bind,2026-10-05T11:16:09.277048+00:00,1791198969271986,1791198969277048,-0.043,Success.,1,1,0,0,0,0,6819,0,0,0,0,6819
AAAF1000-1,first-pdus-20,2026-10-05T11:16:09.301970+00:00,1791198969299838,1791198969301970,24.879,Success.,0,0,0,0,0,0,0,0,0,0,0,0
AAAF1000-1,first-pdus-100,2026-10-05T11:16:09.381987+00:00,1791198969379840,1791198969381987,104.896,Success.,0,0,0,0,0,0,0,0,0,0,0,0
AAAF1000-1,first-pdus-250,2026-10-05T11:16:09.531971+00:00,1791198969529848,1791198969531971,254.88,Success.,1,0,0,0,0,0,991,0,0,0,0,0
AAAF1000-1,post-unbind,2026-10-05T11:16:12.086964+00:00,1791198972084864,1791198972086964,2809.873,Success.,1,1,0,0,0,0,6991,0,0,0,0,6991
AAAF1000-2,pre-bind,2026-10-05T11:16:14.626943+00:00,1791198974621999,1791198974626943,-0.047,Success.,1,1,0,0,0,0,6991,0,0,0,0,6991
AAAF1000-2,first-pdus-20,2026-10-05T11:16:14.651947+00:00,1791198974650029,1791198974651947,24.957,Success.,0,0,0,0,0,0,0,0,0,0,0,0
AAAF1000-2,first-pdus-100,2026-10-05T11:16:14.731997+00:00,1791198974730041,1791198974731997,105.007,Success.,0,0,0,0,0,0,0,0,0,0,0,0
AAAF1000-2,first-pdus-250,2026-10-05T11:16:14.881978+00:00,1791198974880046,1791198974881978,254.988,Success.,1,0,0,0,0,0,593,0,0,0,0,0
AAAF1000-2,post-unbind,2026-10-05T11:16:17.437008+00:00,1791198977434940,1791198977437008,2810.018,Success.,1,1,0,0,0,0,6592,0,0,0,0,6592
AAAF1000-3,pre-bind,2026-10-05T11:16:19.876935+00:00,1791198979871970,1791198979876935,-0.027,Success.,1,1,0,0,0,0,6592,0,0,0,0,6592
AAAF1000-3,first-pdus-20,2026-10-05T11:16:19.901935+00:00,1791198979899906,1791198979901935,24.973,Success.,0,0,0,0,0,0,0,0,0,0,0,0
AAAF1000-3,first-pdus-100,2026-10-05T11:16:19.981977+00:00,1791198979979911,1791198979981977,105.015,Success.,0,0,0,0,0,0,0,0,0,0,0,0
AAAF1000-3,first-pdus-250,2026-10-05T11:16:20.131944+00:00,1791198980129911,1791198980131944,254.982,Success.,1,0,0,0,0,0,317,0,0,0,0,0
AAAF1000-3,post-unbind,2026-10-05T11:16:22.687027+00:00,1791198982684948,1791198982687027,2810.065,Success.,1,1,0,0,0,0,6317,0,0,0,0,6317
AAAF1000-4,pre-bind,2026-10-05T11:16:25.081974+00:00,1791198985076978,1791198985081974,-0.027,Success.,1,1,0,0,0,0,6317,0,0,0,0,6317
AAAF1000-4,first-pdus-20,2026-10-05T11:16:25.106989+00:00,1791198985104856,1791198985106989,24.988,Success.,0,0,0,0,0,0,0,0,0,0,0,0
AAAF1000-4,first-pdus-100,2026-10-05T11:16:25.186989+00:00,1791198985186120,1791198985186989,104.988,Success.,0,0,0,0,0,0,0,0,0,0,0,0
AAAF1000-4,first-pdus-250,2026-10-05T11:16:25.337027+00:00,1791198985334840,1791198985337027,255.026,Success.,1,0,0,0,0,0,1032,0,0,0,0,0
AAAF1000-4,post-unbind,2026-10-05T11:16:27.891965+00:00,1791198987889912,1791198987891965,2809.964,Success.,1,1,0,0,0,0,7032,0,0,0,0,7032
AAAF1000-5,pre-bind,2026-10-05T11:16:30.321957+00:00,1791198990316992,1791198990321957,-0.041,Success.,1,1,0,0,0,0,7032,0,0,0,0,7032
AAAF1000-5,first-pdus-20,2026-10-05T11:16:30.346966+00:00,1791198990344851,1791198990346966,24.968,Success.,0,0,0,0,0,0,0,0,0,0,0,0
AAAF1000-5,first-pdus-100,2026-10-05T11:16:30.426968+00:00,1791198990424855,1791198990426968,104.97,Success.,1,0,0,0,0,0,151,0,0,0,0,0
AAAF1000-5,first-pdus-250,2026-10-05T11:16:30.577004+00:00,1791198990574857,1791198990577004,255.006,Success.,1,0,0,0,0,0,1351,0,0,0,0,0
AAAF1000-5,post-unbind,2026-10-05T11:16:33.131984+00:00,1791198993129856,1791198993131984,2809.986,Success.,1,1,0,0,0,0,7351,0,0,0,0,7351
AAAF1100-1,pre-bind,2026-10-05T11:16:35.636961+00:00,1791198995631997,1791198995636961,-0.038,Success.,1,1,0,0,0,0,7351,0,0,0,0,7351
AAAF1100-1,first-pdus-20,2026-10-05T11:16:35.661959+00:00,1791198995660003,1791198995661959,24.96,Success.,0,0,0,0,0,0,0,0,0,0,0,0
AAAF1100-1,first-pdus-100,2026-10-05T11:16:35.742021+00:00,1791198995740013,1791198995742021,105.022,Success.,0,0,0,0,0,0,0,0,0,0,0,0
AAAF1100-1,first-pdus-250,2026-10-05T11:16:35.891992+00:00,1791198995890034,1791198995891992,254.993,Success.,1,0,0,0,0,0,673,0,0,0,0,0
AAAF1100-1,post-unbind,2026-10-05T11:16:38.547040+00:00,1791198998544947,1791198998547040,2910.041,Success.,1,1,0,0,0,0,7472,0,0,0,0,7472
AAAF1100-2,pre-bind,2026-10-05T11:16:41.036946+00:00,1791199001031990,1791199001036946,-0.043,Success.,1,1,0,0,0,0,7472,0,0,0,0,7472
AAAF1100-2,first-pdus-20,2026-10-05T11:16:41.061971+00:00,1791199001060015,1791199001061971,24.982,Success.,0,0,0,0,0,0,0,0,0,0,0,0
AAAF1100-2,first-pdus-100,2026-10-05T11:16:41.141997+00:00,1791199001140011,1791199001141997,105.008,Success.,0,0,0,0,0,0,0,0,0,0,0,0
AAAF1100-2,first-pdus-250,2026-10-05T11:16:41.291970+00:00,1791199001290018,1791199001291970,254.981,Success.,1,0,0,0,0,0,672,0,0,0,0,0
AAAF1100-2,post-unbind,2026-10-05T11:16:43.947027+00:00,1791199003945035,1791199003947027,2910.038,Success.,1,1,0,0,0,0,7471,0,0,0,0,7471
AAAF1100-3,pre-bind,2026-10-05T11:16:46.366975+00:00,1791199006361972,1791199006366975,-0.025,Success.,1,1,0,0,0,0,7471,0,0,0,0,7471
AAAF1100-3,first-pdus-20,2026-10-05T11:16:46.391998+00:00,1791199006390002,1791199006391998,24.998,Success.,0,0,0,0,0,0,0,0,0,0,0,0
AAAF1100-3,first-pdus-100,2026-10-05T11:16:46.472026+00:00,1791199006470006,1791199006472026,105.026,Success.,1,0,0,0,0,0,512,0,0,0,0,0
AAAF1100-3,first-pdus-250,2026-10-05T11:16:46.622038+00:00,1791199006620012,1791199006622038,255.038,Success.,1,0,0,0,0,0,1712,0,0,0,0,0
AAAF1100-3,post-unbind,2026-10-05T11:16:49.277053+00:00,1791199009274975,1791199009277053,2910.053,Success.,1,1,0,0,0,0,8511,0,0,0,0,8511
AAAF1100-4,pre-bind,2026-10-05T11:16:51.921977+00:00,1791199011917014,1791199011921977,-0.046,Success.,1,1,0,0,0,0,8511,0,0,0,0,8511
AAAF1100-4,first-pdus-20,2026-10-05T11:16:51.946992+00:00,1791199011944917,1791199011946992,24.969,Success.,0,0,0,0,0,0,0,0,0,0,0,0
AAAF1100-4,first-pdus-100,2026-10-05T11:16:52.027002+00:00,1791199012024893,1791199012027002,104.979,Success.,1,0,0,0,0,0,135,0,0,0,0,0
AAAF1100-4,first-pdus-250,2026-10-05T11:16:52.177012+00:00,1791199012174920,1791199012177012,254.989,Success.,1,0,0,0,0,0,1335,0,0,0,0,0
AAAF1100-4,post-unbind,2026-10-05T11:16:54.832069+00:00,1791199014829896,1791199014832069,2910.046,Success.,1,1,0,0,0,0,8135,0,0,0,0,8135
AAAF1100-5,pre-bind,2026-10-05T11:16:57.571986+00:00,1791199017567013,1791199017571986,-0.032,Success.,1,1,0,0,0,0,8135,0,0,0,0,8135
AAAF1100-5,first-pdus-20,2026-10-05T11:16:57.597012+00:00,1791199017594942,1791199017597012,24.994,Success.,0,0,0,0,0,0,0,0,0,0,0,0
AAAF1100-5,first-pdus-100,2026-10-05T11:16:57.677010+00:00,1791199017674959,1791199017677010,104.992,Success.,1,0,0,0,0,0,550,0,0,0,0,0
AAAF1100-5,first-pdus-250,2026-10-05T11:16:57.827022+00:00,1791199017824952,1791199017827022,255.004,Success.,1,0,0,0,0,0,1750,0,0,0,0,1578
AAAF1100-5,post-unbind,2026-10-05T11:17:00.482036+00:00,1791199020480599,1791199020482036,2910.018,Success.,1,1,0,0,0,0,8549,0,0,0,0,8549
AAAF1500-1,pre-bind,2026-10-05T11:17:03.661968+00:00,1791199023656980,1791199023661968,-0.021,Success.,1,1,0,0,0,0,8549,0,0,0,0,8549
AAAF1500-1,first-pdus-20,2026-10-05T11:17:03.686979+00:00,1791199023684838,1791199023686979,24.99,Success.,0,0,0,0,0,0,0,0,0,0,0,0
AAAF1500-1,first-pdus-100,2026-10-05T11:17:03.767038+00:00,1791199023764848,1791199023767038,105.049,Success.,0,0,0,0,0,0,0,0,0,0,0,0
AAAF1500-1,first-pdus-250,2026-10-05T11:17:03.917045+00:00,1791199023914857,1791199023917045,255.056,Success.,1,0,0,0,0,0,484,0,0,0,0,0
AAAF1500-1,post-unbind,2026-10-05T11:17:06.972046+00:00,1791199026969953,1791199026972046,3310.057,Success.,1,1,0,0,0,0,10484,0,0,0,0,10484
AAAF1500-2,pre-bind,2026-10-05T11:17:11.296936+00:00,1791199031291979,1791199031296936,-0.054,Success.,1,1,0,0,0,0,10484,0,0,0,0,10484
AAAF1500-2,first-pdus-20,2026-10-05T11:17:11.321945+00:00,1791199031320047,1791199031321945,24.955,Success.,0,0,0,0,0,0,0,0,0,0,0,0
AAAF1500-2,first-pdus-100,2026-10-05T11:17:11.401956+00:00,1791199031400075,1791199031401956,104.966,Success.,0,0,0,0,0,0,0,0,0,0,0,0
AAAF1500-2,first-pdus-250,2026-10-05T11:17:11.551979+00:00,1791199031550078,1791199031551979,254.989,Success.,1,0,0,0,0,0,1149,0,0,0,0,0
AAAF1500-2,post-unbind,2026-10-05T11:17:14.606995+00:00,1791199034605004,1791199034606995,3310.005,Success.,1,1,0,0,0,0,11148,0,0,0,0,11148
AAAF1500-3,pre-bind,2026-10-05T11:17:19.206991+00:00,1791199039202052,1791199039206991,-0.052,Success.,1,1,0,0,0,0,11148,0,0,0,0,11148
AAAF1500-3,first-pdus-20,2026-10-05T11:17:19.232009+00:00,1791199039229951,1791199039232009,24.966,Success.,0,0,0,0,0,0,0,0,0,0,0,0
AAAF1500-3,first-pdus-100,2026-10-05T11:17:19.312032+00:00,1791199039309969,1791199039312032,104.989,Success.,0,0,0,0,0,0,0,0,0,0,0,0
AAAF1500-3,first-pdus-250,2026-10-05T11:17:19.461970+00:00,1791199039459958,1791199039461970,254.927,Success.,1,0,0,0,0,0,431,0,0,0,0,0
AAAF1500-3,post-unbind,2026-10-05T11:17:22.517000+00:00,1791199042515108,1791199042517000,3309.957,Success.,1,1,0,0,0,0,10431,0,0,0,0,10431
AAAF1500-4,pre-bind,2026-10-05T11:17:27.806997+00:00,1791199047802034,1791199047806997,-0.046,Success.,1,1,0,0,0,0,10431,0,0,0,0,10431
AAAF1500-4,first-pdus-20,2026-10-05T11:17:27.832008+00:00,1791199047829862,1791199047832008,24.965,Success.,0,0,0,0,0,0,0,0,0,0,0,0
AAAF1500-4,first-pdus-100,2026-10-05T11:17:27.912023+00:00,1791199047909866,1791199047912023,104.98,Success.,0,0,0,0,0,0,0,0,0,0,0,0
AAAF1500-4,first-pdus-250,2026-10-05T11:17:28.062020+00:00,1791199048059861,1791199048062020,254.977,Success.,1,0,0,0,0,0,412,0,0,0,0,0
AAAF1500-4,post-unbind,2026-10-05T11:17:31.116997+00:00,1791199051115086,1791199051116997,3309.954,Success.,1,1,0,0,0,0,10412,0,0,0,0,10412
AAAF1500-5,pre-bind,2026-10-05T11:17:38.301954+00:00,1791199058296996,1791199058301954,-0.045,Success.,1,1,0,0,0,0,10412,0,0,0,0,10412
AAAF1500-5,first-pdus-20,2026-10-05T11:17:38.326985+00:00,1791199058325019,1791199058326985,24.986,Success.,0,0,0,0,0,0,0,0,0,0,0,0
AAAF1500-5,first-pdus-100,2026-10-05T11:17:38.407009+00:00,1791199058405030,1791199058407009,105.01,Success.,0,0,0,0,0,0,0,0,0,0,0,0
AAAF1500-5,first-pdus-250,2026-10-05T11:17:38.557011+00:00,1791199058555026,1791199058557011,255.012,Success.,1,0,0,0,0,0,1190,0,0,0,0,0
AAAF1500-5,post-unbind,2026-10-05T11:17:41.611985+00:00,1791199061609994,1791199061611985,3309.986,Success.,1,1,0,0,0,0,11190,0,0,0,0,11190
AAAF3000-1,pre-bind,2026-10-05T11:17:46.981933+00:00,1791199066977003,1791199066981933,-0.045,Success.,1,1,0,0,0,0,11190,0,0,0,0,11190
AAAF3000-1,first-pdus-20,2026-10-05T11:17:47.006943+00:00,1791199067004997,1791199067006943,24.965,Success.,0,0,0,0,0,0,0,0,0,0,0,0
AAAF3000-1,first-pdus-100,2026-10-05T11:17:47.086950+00:00,1791199067085004,1791199067086950,104.972,Success.,1,0,0,0,0,0,619,0,0,0,0,0
AAAF3000-1,first-pdus-250,2026-10-05T11:17:47.236968+00:00,1791199067234999,1791199067236968,254.99,Success.,1,0,0,0,0,0,1820,0,0,0,0,0
AAAF3000-1,post-unbind,2026-10-05T11:17:51.792036+00:00,1791199071790076,1791199071792036,4810.058,Success.,1,1,0,0,0,0,23819,0,0,0,0,23819
AAAF3000-2,pre-bind,2026-10-05T11:17:55.991969+00:00,1791199075987024,1791199075991969,-0.042,Success.,1,1,0,0,0,0,23819,0,0,0,0,23819
AAAF3000-2,first-pdus-20,2026-10-05T11:17:56.016982+00:00,1791199076015018,1791199076016982,24.971,Success.,1,0,0,0,0,0,59,0,0,0,0,0
AAAF3000-2,first-pdus-100,2026-10-05T11:17:56.097005+00:00,1791199076095030,1791199076097005,104.994,Success.,1,0,0,0,0,0,699,0,0,0,0,0
AAAF3000-2,first-pdus-250,2026-10-05T11:17:56.247022+00:00,1791199076245051,1791199076247022,255.011,Success.,1,0,0,0,0,0,1900,0,0,0,0,0
AAAF3000-2,post-unbind,2026-10-05T11:18:00.802016+00:00,1791199080800084,1791199080802016,4810.005,Success.,1,1,0,0,0,0,23899,0,0,0,0,23899
AAAF3000-3,pre-bind,2026-10-05T11:18:09.311957+00:00,1791199089306989,1791199089311957,-0.044,Success.,1,1,0,0,0,0,23899,0,0,0,0,23899
AAAF3000-3,first-pdus-20,2026-10-05T11:18:09.336962+00:00,1791199089335057,1791199089336962,24.961,Success.,0,0,0,0,0,0,0,0,0,0,0,0
AAAF3000-3,first-pdus-100,2026-10-05T11:18:09.416945+00:00,1791199089415058,1791199089416945,104.944,Success.,0,0,0,0,0,0,0,0,0,0,0,0
AAAF3000-3,first-pdus-250,2026-10-05T11:18:09.566967+00:00,1791199089565070,1791199089566967,254.966,Success.,1,0,0,0,0,0,867,0,0,0,0,0
AAAF3000-3,post-unbind,2026-10-05T11:18:14.122045+00:00,1791199094120090,1791199094122045,4810.044,Success.,1,1,0,0,0,0,22866,0,0,0,0,22866
AAAF3000-4,pre-bind,2026-10-05T11:18:18.756963+00:00,1791199098752000,1791199098756963,-0.032,Success.,1,1,0,0,0,0,22866,0,0,0,0,22866
AAAF3000-4,first-pdus-20,2026-10-05T11:18:18.781984+00:00,1791199098779832,1791199098781984,24.989,Success.,0,0,0,0,0,0,0,0,0,0,0,0
AAAF3000-4,first-pdus-100,2026-10-05T11:18:18.862007+00:00,1791199098859847,1791199098862007,105.012,Success.,1,0,0,0,0,0,428,0,0,0,0,0
AAAF3000-4,first-pdus-250,2026-10-05T11:18:19.011975+00:00,1791199099009848,1791199099011975,254.98,Success.,1,0,0,0,0,0,1627,0,0,0,0,0
AAAF3000-4,post-unbind,2026-10-05T11:18:23.566996+00:00,1791199103565004,1791199103566996,4810.001,Success.,1,1,0,0,0,0,23627,0,0,0,0,23627
AAAF3000-5,pre-bind,2026-10-05T11:18:28.251988+00:00,1791199108247019,1791199108251988,-0.036,Success.,1,1,0,0,0,0,23627,0,0,0,0,23627
AAAF3000-5,first-pdus-20,2026-10-05T11:18:28.277053+00:00,1791199108274872,1791199108277053,25.029,Success.,0,0,0,0,0,0,0,0,0,0,0,0
AAAF3000-5,first-pdus-100,2026-10-05T11:18:28.357081+00:00,1791199108354882,1791199108357081,105.057,Success.,0,0,0,0,0,0,0,0,0,0,0,0
AAAF3000-5,first-pdus-250,2026-10-05T11:18:28.507076+00:00,1791199108504879,1791199108507076,255.052,Success.,1,0,0,0,0,0,788,0,0,0,0,0
AAAF3000-5,post-unbind,2026-10-05T11:18:33.061995+00:00,1791199113060071,1791199113061995,4809.971,Success.,1,1,0,0,0,0,22788,0,0,0,0,22788
ACRF-edge1025-1,pre-bind,2026-10-05T11:33:08.845401+00:00,1791199988840440,1791199988845401,-0.044,Success.,1,1,0,0,0,0,,,0,0,0,1
ACRF-edge1025-1,first-pdus-20,2026-10-05T11:33:08.870424+00:00,1791199988869337,1791199988870424,24.979,Success.,0,0,0,0,0,0,,,0,0,0,0
ACRF-edge1025-1,first-pdus-100,2026-10-05T11:33:08.950438+00:00,1791199988949336,1791199988950438,104.993,Success.,0,0,0,0,0,0,,,0,0,0,0
ACRF-edge1025-1,first-pdus-250,2026-10-05T11:33:09.100452+00:00,1791199989099342,1791199989100452,255.007,Success.,1,0,0,0,0,0,,,0,0,0,0
ACRF-edge1025-1,post-unbind,2026-10-05T11:33:11.680447+00:00,1791199991679330,1791199991680447,2835.002,Success.,1,1,0,0,0,0,,,0,0,0,2
ACRF-edge1025-2,pre-bind,2026-10-05T11:33:14.160389+00:00,1791199994155420,1791199994160389,-0.038,Success.,1,1,0,0,0,0,,,0,0,0,2
ACRF-edge1025-2,first-pdus-20,2026-10-05T11:33:14.185424+00:00,1791199994184181,1791199994185424,24.997,Success.,0,0,0,0,0,0,,,0,0,0,0
ACRF-edge1025-2,first-pdus-100,2026-10-05T11:33:14.265451+00:00,1791199994264189,1791199994265451,105.024,Success.,1,0,0,0,0,0,,,0,0,0,0
ACRF-edge1025-2,first-pdus-250,2026-10-05T11:33:14.415457+00:00,1791199994414201,1791199994415457,255.03,Success.,1,0,0,0,0,0,,,0,0,0,0
ACRF-edge1025-2,post-unbind,2026-10-05T11:33:16.995443+00:00,1791199996994240,1791199996995443,2835.016,Success.,1,1,0,0,0,0,,,0,0,0,2
ACRF-edge1025-3,pre-bind,2026-10-05T11:33:19.315407+00:00,1791199999310422,1791199999315407,-0.027,Success.,1,1,0,0,0,0,,,0,0,0,2
ACRF-edge1025-3,first-pdus-20,2026-10-05T11:33:19.340408+00:00,1791199999339249,1791199999340408,24.974,Success.,0,0,0,0,0,0,,,0,0,0,0
ACRF-edge1025-3,first-pdus-100,2026-10-05T11:33:19.420401+00:00,1791199999419251,1791199999420401,104.967,Success.,0,0,0,0,0,0,,,0,0,0,0
ACRF-edge1025-3,first-pdus-250,2026-10-05T11:33:19.570431+00:00,1791199999569255,1791199999570431,254.997,Success.,1,0,0,0,0,0,,,0,0,0,0
ACRF-edge1025-3,post-unbind,2026-10-05T11:33:22.150454+00:00,1791200002149204,1791200002150454,2835.02,Success.,1,1,0,0,0,0,,,0,0,0,2
ACRF-edge1025-4,pre-bind,2026-10-05T11:33:24.500410+00:00,1791200004495430,1791200004500410,-0.033,Success.,1,1,0,0,0,0,,,0,0,0,2
ACRF-edge1025-4,first-pdus-20,2026-10-05T11:33:24.525424+00:00,1791200004524270,1791200004525424,24.981,Success.,0,0,0,0,0,0,,,0,0,0,0
ACRF-edge1025-4,first-pdus-100,2026-10-05T11:33:24.605446+00:00,1791200004604279,1791200004605446,105.003,Success.,0,0,0,0,0,0,,,0,0,0,0
ACRF-edge1025-4,first-pdus-250,2026-10-05T11:33:24.755444+00:00,1791200004754279,1791200004755444,255.001,Success.,1,0,0,0,0,0,,,0,0,0,0
ACRF-edge1025-4,post-unbind,2026-10-05T11:33:27.335457+00:00,1791200007334277,1791200007335457,2835.014,Success.,1,1,0,0,0,0,,,0,0,0,2
ACRF-edge1025-5,pre-bind,2026-10-05T11:33:29.680487+00:00,1791200009675415,1791200009680487,-0.022,Success.,1,1,0,0,0,0,,,0,0,0,2
ACRF-edge1025-5,first-pdus-20,2026-10-05T11:33:29.705412+00:00,1791200009704635,1791200009705412,24.903,Success.,0,0,0,0,0,0,,,0,0,0,0
ACRF-edge1025-5,first-pdus-100,2026-10-05T11:33:29.785468+00:00,1791200009784648,1791200009785468,104.959,Success.,0,0,0,0,0,0,,,0,0,0,0
ACRF-edge1025-5,first-pdus-250,2026-10-05T11:33:29.935457+00:00,1791200009934635,1791200009935457,254.948,Success.,1,0,0,0,0,0,,,0,0,0,0
ACRF-edge1025-5,post-unbind,2026-10-05T11:33:32.515457+00:00,1791200012514221,1791200012515457,2834.948,Success.,1,1,0,0,0,0,,,0,0,0,1
ACRF-edge975-1,pre-bind,2026-10-05T11:32:43.395415+00:00,1791199963390419,1791199963395415,-0.029,Success.,1,1,0,0,0,0,,,0,0,0,4
ACRF-edge975-1,first-pdus-20,2026-10-05T11:32:43.420419+00:00,1791199963419279,1791199963420419,24.975,Success.,0,0,0,0,0,0,,,0,0,0,0
ACRF-edge975-1,first-pdus-100,2026-10-05T11:32:43.500436+00:00,1791199963499277,1791199963500436,104.992,Success.,1,0,0,0,0,0,,,0,0,0,0
ACRF-edge975-1,first-pdus-250,2026-10-05T11:32:43.650447+00:00,1791199963649281,1791199963650447,255.003,Success.,1,0,0,0,0,0,,,0,0,0,0
ACRF-edge975-1,post-unbind,2026-10-05T11:32:46.180739+00:00,1791199966179228,1791199966180739,2785.295,Success.,1,1,0,0,0,0,,,0,0,0,2
ACRF-edge975-2,pre-bind,2026-10-05T11:32:48.530419+00:00,1791199968525439,1791199968530419,-0.026,Success.,1,1,0,0,0,0,,,0,0,0,2
ACRF-edge975-2,first-pdus-20,2026-10-05T11:32:48.555443+00:00,1791199968554263,1791199968555443,24.998,Success.,0,0,0,0,0,0,,,0,0,0,0
ACRF-edge975-2,first-pdus-100,2026-10-05T11:32:48.635423+00:00,1791199968634264,1791199968635423,104.978,Success.,1,0,0,0,0,0,,,0,0,0,0
ACRF-edge975-2,first-pdus-250,2026-10-05T11:32:48.785437+00:00,1791199968784264,1791199968785437,254.992,Success.,1,0,0,0,0,0,,,0,0,0,0
ACRF-edge975-2,post-unbind,2026-10-05T11:32:51.315504+00:00,1791199971314260,1791199971315504,2785.059,Success.,1,1,0,0,0,0,,,0,0,0,2
ACRF-edge975-3,pre-bind,2026-10-05T11:32:53.635413+00:00,1791199973630428,1791199973635413,-0.026,Success.,1,1,0,0,0,0,,,0,0,0,2
ACRF-edge975-3,first-pdus-20,2026-10-05T11:32:53.660409+00:00,1791199973659196,1791199973660409,24.97,Success.,0,0,0,0,0,0,,,0,0,0,0
ACRF-edge975-3,first-pdus-100,2026-10-05T11:32:53.740447+00:00,1791199973739201,1791199973740447,105.008,Success.,0,0,0,0,0,0,,,0,0,0,0
ACRF-edge975-3,first-pdus-250,2026-10-05T11:32:53.890444+00:00,1791199973889210,1791199973890444,255.005,Success.,1,0,0,0,0,0,,,0,0,0,0
ACRF-edge975-3,post-unbind,2026-10-05T11:32:56.420472+00:00,1791199976419236,1791199976420472,2785.033,Success.,1,1,0,0,0,0,,,0,0,0,1
ACRF-edge975-4,pre-bind,2026-10-05T11:32:58.635396+00:00,1791199978630427,1791199978635396,-0.043,Success.,1,1,0,0,0,0,,,0,0,0,1
ACRF-edge975-4,first-pdus-20,2026-10-05T11:32:58.660404+00:00,1791199978659323,1791199978660404,24.965,Success.,0,0,0,0,0,0,,,0,0,0,0
ACRF-edge975-4,first-pdus-100,2026-10-05T11:32:58.740435+00:00,1791199978739326,1791199978740435,104.996,Success.,0,0,0,0,0,0,,,0,0,0,0
ACRF-edge975-4,first-pdus-250,2026-10-05T11:32:58.890435+00:00,1791199978889326,1791199978890435,254.996,Success.,1,0,0,0,0,0,,,0,0,0,0
ACRF-edge975-4,post-unbind,2026-10-05T11:33:01.420447+00:00,1791199981419315,1791199981420447,2785.008,Success.,1,1,0,0,0,0,,,0,0,0,1
ACRF-edge975-5,pre-bind,2026-10-05T11:33:03.630406+00:00,1791199983625441,1791199983630406,-0.042,Success.,1,1,0,0,0,0,,,0,0,0,1
ACRF-edge975-5,first-pdus-20,2026-10-05T11:33:03.655418+00:00,1791199983654177,1791199983655418,24.97,Success.,0,0,0,0,0,0,,,0,0,0,0
ACRF-edge975-5,first-pdus-100,2026-10-05T11:33:03.735447+00:00,1791199983734186,1791199983735447,104.999,Success.,0,0,0,0,0,0,,,0,0,0,0
ACRF-edge975-5,first-pdus-250,2026-10-05T11:33:03.885430+00:00,1791199983884174,1791199983885430,254.982,Success.,1,0,0,0,0,0,,,0,0,0,0
ACRF-edge975-5,post-unbind,2026-10-05T11:33:06.415514+00:00,1791199986414197,1791199986415514,2785.066,Success.,1,1,0,0,0,0,,,0,0,0,1
ACRF0300-1,pre-bind,2026-10-05T11:22:58.002559+00:00,1791199377997604,1791199378002559,-0.043,Success.,1,1,0,0,0,0,,,0,0,0,5
ACRF0300-1,first-pdus-20,2026-10-05T11:22:58.027583+00:00,1791199378023449,1791199378027583,24.981,Success.,0,0,0,0,0,0,,,0,0,0,0
ACRF0300-1,first-pdus-100,2026-10-05T11:22:58.107633+00:00,1791199378103441,1791199378107633,105.031,Success.,0,0,0,0,0,0,,,0,0,0,0
ACRF0300-1,first-pdus-250,2026-10-05T11:22:58.257637+00:00,1791199378253444,1791199378257637,255.035,Success.,1,0,0,0,0,0,,,0,0,0,0
ACRF0300-1,post-unbind,2026-10-05T11:23:00.112657+00:00,1791199380108598,1791199380112657,2110.055,Success.,1,1,0,0,0,0,,,0,0,0,1
ACRF0300-2,pre-bind,2026-10-05T11:23:11.297587+00:00,1791199391292613,1791199391297587,-0.035,Success.,1,1,0,0,0,0,,,0,0,0,1
ACRF0300-2,first-pdus-20,2026-10-05T11:23:11.322618+00:00,1791199391318458,1791199391322618,24.996,Success.,0,0,0,0,0,0,,,0,0,0,0
ACRF0300-2,first-pdus-100,2026-10-05T11:23:11.402649+00:00,1791199391398457,1791199391402649,105.027,Success.,0,0,0,0,0,0,,,0,0,0,0
ACRF0300-2,first-pdus-250,2026-10-05T11:23:11.552647+00:00,1791199391548460,1791199391552647,255.025,Success.,1,0,0,0,0,0,,,0,0,0,0
ACRF0300-2,post-unbind,2026-10-05T11:23:13.407622+00:00,1791199393403530,1791199393407622,2110.0,Success.,1,1,0,0,0,0,,,0,0,0,1
ACRF0300-3,pre-bind,2026-10-05T11:23:15.857593+00:00,1791199395852589,1791199395857593,-0.028,Success.,1,1,0,0,0,0,,,0,0,0,1
ACRF0300-3,first-pdus-20,2026-10-05T11:23:15.882588+00:00,1791199395878489,1791199395882588,24.967,Success.,0,0,0,0,0,0,,,0,0,0,0
ACRF0300-3,first-pdus-100,2026-10-05T11:23:15.962641+00:00,1791199395958489,1791199395962641,105.02,Success.,0,0,0,0,0,0,,,0,0,0,0
ACRF0300-3,first-pdus-250,2026-10-05T11:23:16.112636+00:00,1791199396108494,1791199396112636,255.015,Success.,1,0,0,0,0,0,,,0,0,0,0
ACRF0300-3,post-unbind,2026-10-05T11:23:17.967660+00:00,1791199397963657,1791199397967660,2110.039,Success.,1,1,0,0,0,0,,,0,0,0,1
ACRF0300-4,pre-bind,2026-10-05T11:23:20.392560+00:00,1791199400387639,1791199400392560,-0.083,Success.,1,1,0,0,0,0,,,0,0,0,1
ACRF0300-4,first-pdus-20,2026-10-05T11:23:20.417589+00:00,1791199400413615,1791199400417589,24.946,Success.,0,0,0,0,0,0,,,0,0,0,0
ACRF0300-4,first-pdus-100,2026-10-05T11:23:20.497605+00:00,1791199400493672,1791199400497605,104.962,Success.,1,0,0,0,0,0,,,0,0,0,0
ACRF0300-4,first-pdus-250,2026-10-05T11:23:20.647617+00:00,1791199400643675,1791199400647617,254.974,Success.,1,0,0,0,0,0,,,0,0,0,0
ACRF0300-4,post-unbind,2026-10-05T11:23:22.502610+00:00,1791199402498764,1791199402502610,2109.967,Success.,1,1,0,0,0,0,,,0,0,0,1
ACRF0300-5,pre-bind,2026-10-05T11:23:24.927588+00:00,1791199404922658,1791199404927588,-0.076,Success.,1,1,0,0,0,0,,,0,0,0,1
ACRF0300-5,first-pdus-20,2026-10-05T11:23:24.952585+00:00,1791199404948645,1791199404952585,24.921,Success.,0,0,0,0,0,0,,,0,0,0,0
ACRF0300-5,first-pdus-100,2026-10-05T11:23:25.032660+00:00,1791199405028636,1791199405032660,104.996,Success.,1,0,0,0,0,0,,,0,0,0,0
ACRF0300-5,first-pdus-250,2026-10-05T11:23:25.183825+00:00,1791199405178659,1791199405183825,256.161,Success.,1,0,0,0,0,0,,,0,0,0,0
ACRF0300-5,post-unbind,2026-10-05T11:23:27.037645+00:00,1791199407033762,1791199407037645,2109.981,Success.,1,1,0,0,0,0,,,0,0,0,1
ACRF0600-1,pre-bind,2026-10-05T11:23:29.627573+00:00,1791199409622641,1791199409627573,-0.062,Success.,1,1,0,0,0,0,,,0,0,0,1
ACRF0600-1,first-pdus-20,2026-10-05T11:23:29.652600+00:00,1791199409648600,1791199409652600,24.965,Success.,0,0,0,0,0,0,,,0,0,0,0
ACRF0600-1,first-pdus-100,2026-10-05T11:23:29.732612+00:00,1791199409728613,1791199409732612,104.977,Success.,0,0,0,0,0,0,,,0,0,0,0
ACRF0600-1,first-pdus-250,2026-10-05T11:23:29.882647+00:00,1791199409878611,1791199409882647,255.012,Success.,1,0,0,0,0,0,,,0,0,0,0
ACRF0600-1,post-unbind,2026-10-05T11:23:32.037616+00:00,1791199412033791,1791199412037616,2409.981,Success.,1,1,0,0,0,0,,,0,0,0,1
ACRF0600-2,pre-bind,2026-10-05T11:23:34.437581+00:00,1791199414432613,1791199414437581,-0.069,Success.,1,1,0,0,0,0,,,0,0,0,1
ACRF0600-2,first-pdus-20,2026-10-05T11:23:34.462615+00:00,1791199414458635,1791199414462615,24.965,Success.,0,0,0,0,0,0,,,0,0,0,0
ACRF0600-2,first-pdus-100,2026-10-05T11:23:34.542650+00:00,1791199414538647,1791199414542650,105.0,Success.,0,0,0,0,0,0,,,0,0,0,0
ACRF0600-2,first-pdus-250,2026-10-05T11:23:34.692615+00:00,1791199414688593,1791199414692615,254.965,Success.,1,0,0,0,0,0,,,0,0,0,0
ACRF0600-2,post-unbind,2026-10-05T11:23:36.847662+00:00,1791199416843746,1791199416847662,2410.012,Success.,1,1,0,0,0,0,,,0,0,0,2
ACRF0600-3,pre-bind,2026-10-05T11:23:39.512589+00:00,1791199419507651,1791199419512589,-0.083,Success.,1,1,0,0,0,0,,,0,0,0,2
ACRF0600-3,first-pdus-20,2026-10-05T11:23:39.537597+00:00,1791199419533648,1791199419537597,24.925,Success.,0,0,0,0,0,0,,,0,0,0,0
ACRF0600-3,first-pdus-100,2026-10-05T11:23:39.617587+00:00,1791199419613622,1791199419617587,104.915,Success.,0,0,0,0,0,0,,,0,0,0,0
ACRF0600-3,first-pdus-250,2026-10-05T11:23:39.767642+00:00,1791199419763650,1791199419767642,254.97,Success.,1,0,0,0,0,0,,,0,0,0,0
ACRF0600-3,post-unbind,2026-10-05T11:23:41.922646+00:00,1791199421918719,1791199421922646,2409.974,Success.,1,1,0,0,0,0,,,0,0,0,2
ACRF0600-4,pre-bind,2026-10-05T11:23:44.337624+00:00,1791199424332664,1791199424337624,-0.067,Success.,1,1,0,0,0,0,,,0,0,0,2
ACRF0600-4,first-pdus-20,2026-10-05T11:23:44.362631+00:00,1791199424358581,1791199424362631,24.94,Success.,0,0,0,0,0,0,,,0,0,0,0
ACRF0600-4,first-pdus-100,2026-10-05T11:23:44.442651+00:00,1791199424438589,1791199424442651,104.96,Success.,1,0,0,0,0,0,,,0,0,0,0
ACRF0600-4,first-pdus-250,2026-10-05T11:23:44.592674+00:00,1791199424588603,1791199424592674,254.983,Success.,1,0,0,0,0,0,,,0,0,0,0
ACRF0600-4,post-unbind,2026-10-05T11:23:46.747628+00:00,1791199426743673,1791199426747628,2409.937,Success.,1,1,0,0,0,0,,,0,0,0,2
ACRF0600-5,pre-bind,2026-10-05T11:23:49.097573+00:00,1791199429092635,1791199429097573,-0.075,Success.,1,1,0,0,0,0,,,0,0,0,2
ACRF0600-5,first-pdus-20,2026-10-05T11:23:49.122580+00:00,1791199429118587,1791199429122580,24.932,Success.,0,0,0,0,0,0,,,0,0,0,0
ACRF0600-5,first-pdus-100,2026-10-05T11:23:49.202614+00:00,1791199429198585,1791199429202614,104.966,Success.,0,0,0,0,0,0,,,0,0,0,0
ACRF0600-5,first-pdus-250,2026-10-05T11:23:49.352619+00:00,1791199429348597,1791199429352619,254.971,Success.,1,0,0,0,0,0,,,0,0,0,0
ACRF0600-5,post-unbind,2026-10-05T11:23:51.507640+00:00,1791199431503685,1791199431507640,2409.992,Success.,1,1,0,0,0,0,,,0,0,0,1
ACRF0900-1,pre-bind,2026-10-05T11:23:53.917579+00:00,1791199433912633,1791199433917579,-0.051,Success.,1,1,0,0,0,0,,,0,0,0,1
ACRF0900-1,first-pdus-20,2026-10-05T11:23:53.942581+00:00,1791199433938527,1791199433942581,24.951,Success.,0,0,0,0,0,0,,,0,0,0,0
ACRF0900-1,first-pdus-100,2026-10-05T11:23:54.022585+00:00,1791199434018541,1791199434022585,104.955,Success.,0,0,0,0,0,0,,,0,0,0,0
ACRF0900-1,first-pdus-250,2026-10-05T11:23:54.172600+00:00,1791199434168561,1791199434172600,254.97,Success.,1,0,0,0,0,0,,,0,0,0,0
ACRF0900-1,post-unbind,2026-10-05T11:23:56.627638+00:00,1791199436623534,1791199436627638,2710.008,Success.,1,1,0,0,0,0,,,0,0,0,2
ACRF0900-2,pre-bind,2026-10-05T11:23:59.042563+00:00,1791199439037608,1791199439042563,-0.043,Success.,1,1,0,0,0,0,,,0,0,0,2
ACRF0900-2,first-pdus-20,2026-10-05T11:23:59.067563+00:00,1791199439063618,1791199439067563,24.957,Success.,0,0,0,0,0,0,,,0,0,0,0
ACRF0900-2,first-pdus-100,2026-10-05T11:23:59.147573+00:00,1791199439143628,1791199439147573,104.967,Success.,0,0,0,0,0,0,,,0,0,0,0
ACRF0900-2,first-pdus-250,2026-10-05T11:23:59.297587+00:00,1791199439293619,1791199439297587,254.981,Success.,1,0,0,0,0,0,,,0,0,0,0
ACRF0900-2,post-unbind,2026-10-05T11:24:01.752620+00:00,1791199441748614,1791199441752620,2710.014,Success.,1,1,0,0,0,0,,,0,0,0,2
ACRF0900-3,pre-bind,2026-10-05T11:24:04.157587+00:00,1791199444152615,1791199444157587,-0.042,Success.,1,1,0,0,0,0,,,0,0,0,2
ACRF0900-3,first-pdus-20,2026-10-05T11:24:04.183050+00:00,1791199444178468,1791199444183050,25.421,Success.,0,0,0,0,0,0,,,0,0,0,0
ACRF0900-3,first-pdus-100,2026-10-05T11:24:04.262585+00:00,1791199444258479,1791199444262585,104.956,Success.,1,0,0,0,0,0,,,0,0,0,0
ACRF0900-3,first-pdus-250,2026-10-05T11:24:04.412615+00:00,1791199444408481,1791199444412615,254.986,Success.,1,0,0,0,0,0,,,0,0,0,0
ACRF0900-3,post-unbind,2026-10-05T11:24:06.867657+00:00,1791199446863618,1791199446867657,2710.028,Success.,1,1,0,0,0,0,,,0,0,0,2
ACRF0900-4,pre-bind,2026-10-05T11:24:09.302573+00:00,1791199449297616,1791199449302573,-0.052,Success.,1,1,0,0,0,0,,,0,0,0,2
ACRF0900-4,first-pdus-20,2026-10-05T11:24:09.327632+00:00,1791199449323529,1791199449327632,25.007,Success.,0,0,0,0,0,0,,,0,0,0,0
ACRF0900-4,first-pdus-100,2026-10-05T11:24:09.407613+00:00,1791199449403537,1791199449407613,104.988,Success.,0,0,0,0,0,0,,,0,0,0,0
ACRF0900-4,first-pdus-250,2026-10-05T11:24:09.557594+00:00,1791199449553537,1791199449557594,254.969,Success.,1,0,0,0,0,0,,,0,0,0,0
ACRF0900-4,post-unbind,2026-10-05T11:24:12.012599+00:00,1791199452008562,1791199452012599,2709.974,Success.,1,1,0,0,0,0,,,0,0,0,2
ACRF0900-5,pre-bind,2026-10-05T11:24:14.332572+00:00,1791199454327615,1791199454332572,-0.035,Success.,1,1,0,0,0,0,,,0,0,0,2
ACRF0900-5,first-pdus-20,2026-10-05T11:24:14.357581+00:00,1791199454353455,1791199454357581,24.974,Success.,0,0,0,0,0,0,,,0,0,0,0
ACRF0900-5,first-pdus-100,2026-10-05T11:24:14.437597+00:00,1791199454433452,1791199454437597,104.99,Success.,1,0,0,0,0,0,,,0,0,0,0
ACRF0900-5,first-pdus-250,2026-10-05T11:24:14.587614+00:00,1791199454583456,1791199454587614,255.007,Success.,1,0,0,0,0,0,,,0,0,0,0
ACRF0900-5,post-unbind,2026-10-05T11:24:17.042645+00:00,1791199457038600,1791199457042645,2710.038,Success.,1,1,0,0,0,0,,,0,0,0,2
ACRF1000-1,pre-bind,2026-10-05T11:24:19.492576+00:00,1791199459487724,1791199459492576,-0.072,Success.,1,1,0,0,0,0,,,0,0,0,2
ACRF1000-1,first-pdus-20,2026-10-05T11:24:19.517567+00:00,1791199459513754,1791199459517567,24.919,Success.,0,0,0,0,0,0,,,0,0,0,0
ACRF1000-1,first-pdus-100,2026-10-05T11:24:19.597590+00:00,1791199459593752,1791199459597590,104.942,Success.,0,0,0,0,0,0,,,0,0,0,0
ACRF1000-1,first-pdus-250,2026-10-05T11:24:19.747615+00:00,1791199459743757,1791199459747615,254.967,Success.,1,0,0,0,0,0,,,0,0,0,0
ACRF1000-1,post-unbind,2026-10-05T11:24:22.302683+00:00,1791199462298629,1791199462302683,2810.035,Success.,1,1,0,0,0,0,,,0,0,0,2
ACRF1000-2,pre-bind,2026-10-05T11:24:24.772601+00:00,1791199464767632,1791199464772601,-0.034,Success.,1,1,0,0,0,0,,,0,0,0,2
ACRF1000-2,first-pdus-20,2026-10-05T11:24:24.797612+00:00,1791199464793433,1791199464797612,24.977,Success.,0,0,0,0,0,0,,,0,0,0,0
ACRF1000-2,first-pdus-100,2026-10-05T11:24:24.877643+00:00,1791199464873445,1791199464877643,105.008,Success.,1,0,0,0,0,0,,,0,0,0,0
ACRF1000-2,first-pdus-250,2026-10-05T11:24:25.027627+00:00,1791199465023428,1791199465027627,254.992,Success.,1,0,0,0,0,0,,,0,0,0,0
ACRF1000-2,post-unbind,2026-10-05T11:24:27.582678+00:00,1791199467578416,1791199467582678,2810.043,Success.,1,1,0,0,0,0,,,0,0,0,1
ACRF1000-3,pre-bind,2026-10-05T11:24:30.002572+00:00,1791199469997590,1791199470002572,-0.031,Success.,1,1,0,0,0,0,,,0,0,0,1
ACRF1000-3,first-pdus-20,2026-10-05T11:24:30.027576+00:00,1791199470023449,1791199470027576,24.973,Success.,0,0,0,0,0,0,,,0,0,0,0
ACRF1000-3,first-pdus-100,2026-10-05T11:24:30.107571+00:00,1791199470103444,1791199470107571,104.968,Success.,0,0,0,0,0,0,,,0,0,0,0
ACRF1000-3,first-pdus-250,2026-10-05T11:24:30.257593+00:00,1791199470253450,1791199470257593,254.99,Success.,1,0,0,0,0,0,,,0,0,0,0
ACRF1000-3,post-unbind,2026-10-05T11:24:32.812659+00:00,1791199472808437,1791199472812659,2810.056,Success.,1,1,0,0,0,0,,,0,0,0,2
ACRF1000-4,pre-bind,2026-10-05T11:24:35.147599+00:00,1791199475142633,1791199475147599,-0.043,Success.,1,1,0,0,0,0,,,0,0,0,2
ACRF1000-4,first-pdus-20,2026-10-05T11:24:35.172611+00:00,1791199475168446,1791199475172611,24.969,Success.,0,0,0,0,0,0,,,0,0,0,0
ACRF1000-4,first-pdus-100,2026-10-05T11:24:35.252632+00:00,1791199475248453,1791199475252632,104.99,Success.,1,0,0,0,0,0,,,0,0,0,0
ACRF1000-4,first-pdus-250,2026-10-05T11:24:35.402673+00:00,1791199475398453,1791199475402673,255.031,Success.,1,0,0,0,0,0,,,0,0,0,0
ACRF1000-4,post-unbind,2026-10-05T11:24:37.957617+00:00,1791199477953451,1791199477957617,2809.975,Success.,1,1,0,0,0,0,,,0,0,0,2
ACRF1000-5,pre-bind,2026-10-05T11:24:40.352589+00:00,1791199480347630,1791199480352589,-0.037,Success.,1,1,0,0,0,0,,,0,0,0,2
ACRF1000-5,first-pdus-20,2026-10-05T11:24:40.377627+00:00,1791199480373461,1791199480377627,25.001,Success.,0,0,0,0,0,0,,,0,0,0,0
ACRF1000-5,first-pdus-100,2026-10-05T11:24:40.457672+00:00,1791199480453471,1791199480457672,105.046,Success.,1,0,0,0,0,0,,,0,0,0,0
ACRF1000-5,first-pdus-250,2026-10-05T11:24:40.607672+00:00,1791199480603473,1791199480607672,255.046,Success.,1,0,0,0,0,0,,,0,0,0,0
ACRF1000-5,post-unbind,2026-10-05T11:24:43.162667+00:00,1791199483158454,1791199483162667,2810.041,Success.,1,1,0,0,0,0,,,0,0,0,2
ACRF1100-1,pre-bind,2026-10-05T11:24:45.607596+00:00,1791199485602645,1791199485607596,-0.054,Success.,1,1,0,0,0,0,,,0,0,0,2
ACRF1100-1,first-pdus-20,2026-10-05T11:24:45.632607+00:00,1791199485628528,1791199485632607,24.957,Success.,0,0,0,0,0,0,,,0,0,0,0
ACRF1100-1,first-pdus-100,2026-10-05T11:24:45.712663+00:00,1791199485708530,1791199485712663,105.013,Success.,0,0,0,0,0,0,,,0,0,0,0
ACRF1100-1,first-pdus-250,2026-10-05T11:24:45.862674+00:00,1791199485858528,1791199485862674,255.024,Success.,1,0,0,0,0,0,,,0,0,0,0
ACRF1100-1,post-unbind,2026-10-05T11:24:48.517737+00:00,1791199488513610,1791199488517737,2910.087,Success.,1,1,0,0,0,0,,,0,0,0,1
ACRF1100-2,pre-bind,2026-10-05T11:24:51.047669+00:00,1791199491042746,1791199491047669,-0.071,Success.,1,1,0,0,0,0,,,0,0,0,1
ACRF1100-2,first-pdus-20,2026-10-05T11:24:51.072713+00:00,1791199491068455,1791199491072713,24.973,Success.,0,0,0,0,0,0,,,0,0,0,0
ACRF1100-2,first-pdus-100,2026-10-05T11:24:51.152709+00:00,1791199491148467,1791199491152709,104.969,Success.,0,0,0,0,0,0,,,0,0,0,0
ACRF1100-2,first-pdus-250,2026-10-05T11:24:51.302695+00:00,1791199491298469,1791199491302695,254.955,Success.,1,0,0,0,0,0,,,0,0,0,0
ACRF1100-2,post-unbind,2026-10-05T11:24:53.957658+00:00,1791199493953552,1791199493957658,2909.918,Success.,1,1,0,0,0,0,,,0,0,0,2
ACRF1100-3,pre-bind,2026-10-05T11:24:56.442588+00:00,1791199496437632,1791199496442588,-0.048,Success.,1,1,0,0,0,0,,,0,0,0,2
ACRF1100-3,first-pdus-20,2026-10-05T11:24:56.467630+00:00,1791199496463510,1791199496467630,24.994,Success.,0,0,0,0,0,0,,,0,0,0,0
ACRF1100-3,first-pdus-100,2026-10-05T11:24:56.547642+00:00,1791199496543513,1791199496547642,105.006,Success.,0,0,0,0,0,0,,,0,0,0,0
ACRF1100-3,first-pdus-250,2026-10-05T11:24:56.697649+00:00,1791199496693506,1791199496697649,255.013,Success.,1,0,0,0,0,0,,,0,0,0,0
ACRF1100-3,post-unbind,2026-10-05T11:24:59.352668+00:00,1791199499348613,1791199499352668,2910.032,Success.,1,1,0,0,0,0,,,0,0,0,2
ACRF1100-4,pre-bind,2026-10-05T11:25:01.737590+00:00,1791199501732623,1791199501737590,-0.037,Success.,1,1,0,0,0,0,,,0,0,0,2
ACRF1100-4,first-pdus-20,2026-10-05T11:25:01.762621+00:00,1791199501758430,1791199501762621,24.994,Success.,0,0,0,0,0,0,,,0,0,0,0
ACRF1100-4,first-pdus-100,2026-10-05T11:25:01.842645+00:00,1791199501838431,1791199501842645,105.018,Success.,1,0,0,0,0,0,,,0,0,0,0
ACRF1100-4,first-pdus-250,2026-10-05T11:25:01.992671+00:00,1791199501988441,1791199501992671,255.044,Success.,1,0,0,0,0,0,,,0,0,0,0
ACRF1100-4,post-unbind,2026-10-05T11:25:04.647648+00:00,1791199504643439,1791199504647648,2910.021,Success.,1,1,0,0,0,0,,,0,0,0,2
ACRF1100-5,pre-bind,2026-10-05T11:25:07.057574+00:00,1791199507052621,1791199507057574,-0.063,Success.,1,1,0,0,0,0,,,0,0,0,2
ACRF1100-5,first-pdus-20,2026-10-05T11:25:07.082593+00:00,1791199507078542,1791199507082593,24.956,Success.,0,0,0,0,0,0,,,0,0,0,0
ACRF1100-5,first-pdus-100,2026-10-05T11:25:07.162615+00:00,1791199507158564,1791199507162615,104.978,Success.,0,0,0,0,0,0,,,0,0,0,0
ACRF1100-5,first-pdus-250,2026-10-05T11:25:07.312614+00:00,1791199507308560,1791199507312614,254.977,Success.,1,0,0,0,0,0,,,0,0,0,0
ACRF1100-5,post-unbind,2026-10-05T11:25:09.967714+00:00,1791199509963683,1791199509967714,2910.077,Success.,1,1,0,0,0,0,,,0,0,0,2
ACRF1500-1,pre-bind,2026-10-05T11:25:12.437612+00:00,1791199512432611,1791199512437612,-0.04,Success.,1,1,0,0,0,0,,,0,0,0,2
ACRF1500-1,first-pdus-20,2026-10-05T11:25:12.462625+00:00,1791199512458491,1791199512462625,24.973,Success.,0,0,0,0,0,0,,,0,0,0,0
ACRF1500-1,first-pdus-100,2026-10-05T11:25:12.542645+00:00,1791199512538485,1791199512542645,104.993,Success.,0,0,0,0,0,0,,,0,0,0,0
ACRF1500-1,first-pdus-250,2026-10-05T11:25:12.692644+00:00,1791199512688482,1791199512692644,254.992,Success.,1,0,0,0,0,0,,,0,0,0,0
ACRF1500-1,post-unbind,2026-10-05T11:25:15.747655+00:00,1791199515743569,1791199515747655,3310.003,Success.,1,1,0,0,0,0,,,0,0,0,3
ACRF1500-2,pre-bind,2026-10-05T11:25:18.162592+00:00,1791199518157658,1791199518162592,-0.068,Success.,1,1,0,0,0,0,,,0,0,0,3
ACRF1500-2,first-pdus-20,2026-10-05T11:25:18.187598+00:00,1791199518183560,1791199518187598,24.938,Success.,0,0,0,0,0,0,,,0,0,0,0
ACRF1500-2,first-pdus-100,2026-10-05T11:25:18.267632+00:00,1791199518263565,1791199518267632,104.972,Success.,1,0,0,0,0,0,,,0,0,0,0
ACRF1500-2,first-pdus-250,2026-10-05T11:25:18.417624+00:00,1791199518413576,1791199518417624,254.964,Success.,1,0,0,0,0,0,,,0,0,0,0
ACRF1500-2,post-unbind,2026-10-05T11:25:21.472680+00:00,1791199521468721,1791199521472680,3310.02,Success.,1,1,0,0,0,0,,,0,0,0,2
ACRF1500-3,pre-bind,2026-10-05T11:25:23.927575+00:00,1791199523922586,1791199523927575,-0.025,Success.,1,1,0,0,0,0,,,0,0,0,2
ACRF1500-3,first-pdus-20,2026-10-05T11:25:23.952597+00:00,1791199523948474,1791199523952597,24.997,Success.,0,0,0,0,0,0,,,0,0,0,0
ACRF1500-3,first-pdus-100,2026-10-05T11:25:24.032578+00:00,1791199524028481,1791199524032578,104.978,Success.,1,0,0,0,0,0,,,0,0,0,0
ACRF1500-3,first-pdus-250,2026-10-05T11:25:24.182619+00:00,1791199524178479,1791199524182619,255.019,Success.,1,0,0,0,0,0,,,0,0,0,0
ACRF1500-3,post-unbind,2026-10-05T11:25:27.237640+00:00,1791199527233582,1791199527237640,3310.04,Success.,1,1,0,0,0,0,,,0,0,0,2
ACRF1500-4,pre-bind,2026-10-05T11:25:29.742612+00:00,1791199529737691,1791199529742612,-0.083,Success.,1,1,0,0,0,0,,,0,0,0,2
ACRF1500-4,first-pdus-20,2026-10-05T11:25:29.767614+00:00,1791199529763570,1791199529767614,24.919,Success.,0,0,0,0,0,0,,,0,0,0,0
ACRF1500-4,first-pdus-100,2026-10-05T11:25:29.847698+00:00,1791199529843565,1791199529847698,105.003,Success.,1,0,0,0,0,0,,,0,0,0,0
ACRF1500-4,first-pdus-250,2026-10-05T11:25:29.997701+00:00,1791199529993610,1791199529997701,255.006,Success.,1,0,0,0,0,0,,,0,0,0,0
ACRF1500-4,post-unbind,2026-10-05T11:25:33.052688+00:00,1791199533048711,1791199533052688,3309.993,Success.,1,1,0,0,0,0,,,0,0,0,2
ACRF1500-5,pre-bind,2026-10-05T11:25:35.572582+00:00,1791199535567633,1791199535572582,-0.045,Success.,1,1,0,0,0,0,,,0,0,0,2
ACRF1500-5,first-pdus-20,2026-10-05T11:25:35.597603+00:00,1791199535593554,1791199535597603,24.976,Success.,0,0,0,0,0,0,,,0,0,0,0
ACRF1500-5,first-pdus-100,2026-10-05T11:25:35.677697+00:00,1791199535673583,1791199535677697,105.07,Success.,1,0,0,0,0,0,,,0,0,0,0
ACRF1500-5,first-pdus-250,2026-10-05T11:25:35.827679+00:00,1791199535823571,1791199535827679,255.052,Success.,1,0,0,0,0,0,,,0,0,0,1
ACRF1500-5,post-unbind,2026-10-05T11:25:38.882677+00:00,1791199538878734,1791199538882677,3310.05,Success.,1,1,0,0,0,0,,,0,0,0,3
ACRF3000-1,pre-bind,2026-10-05T11:25:41.442586+00:00,1791199541437613,1791199541442586,-0.043,Success.,1,1,0,0,0,0,,,0,0,0,3
ACRF3000-1,first-pdus-20,2026-10-05T11:25:41.467591+00:00,1791199541463471,1791199541467591,24.962,Success.,0,0,0,0,0,0,,,0,0,0,0
ACRF3000-1,first-pdus-100,2026-10-05T11:25:41.547661+00:00,1791199541543470,1791199541547661,105.032,Success.,0,0,0,0,0,0,,,0,0,0,0
ACRF3000-1,first-pdus-250,2026-10-05T11:25:41.697633+00:00,1791199541693477,1791199541697633,255.004,Success.,1,0,0,0,0,0,,,0,0,0,0
ACRF3000-1,post-unbind,2026-10-05T11:25:46.252774+00:00,1791199546248704,1791199546252774,4810.145,Success.,1,1,0,0,0,0,,,0,0,0,4
ACRF3000-2,pre-bind,2026-10-05T11:25:48.732656+00:00,1791199548727681,1791199548732656,-0.045,Success.,1,1,0,0,0,0,,,0,0,0,4
ACRF3000-2,first-pdus-20,2026-10-05T11:25:48.757691+00:00,1791199548753499,1791199548757691,24.99,Success.,0,0,0,0,0,0,,,0,0,0,0
ACRF3000-2,first-pdus-100,2026-10-05T11:25:48.837694+00:00,1791199548833497,1791199548837694,104.993,Success.,1,0,0,0,0,0,,,0,0,0,0
ACRF3000-2,first-pdus-250,2026-10-05T11:25:48.987706+00:00,1791199548983556,1791199548987706,255.005,Success.,1,0,0,0,0,0,,,0,0,0,0
ACRF3000-2,post-unbind,2026-10-05T11:25:53.542643+00:00,1791199553538693,1791199553542643,4809.942,Success.,1,1,0,0,0,0,,,0,0,0,3
ACRF3000-3,pre-bind,2026-10-05T11:25:56.127567+00:00,1791199556122612,1791199556127567,-0.053,Success.,1,1,0,0,0,0,,,0,0,0,3
ACRF3000-3,first-pdus-20,2026-10-05T11:25:56.152595+00:00,1791199556148557,1791199556152595,24.975,Success.,0,0,0,0,0,0,,,0,0,0,0
ACRF3000-3,first-pdus-100,2026-10-05T11:25:56.232586+00:00,1791199556228580,1791199556232586,104.966,Success.,1,0,0,0,0,0,,,0,0,0,0
ACRF3000-3,first-pdus-250,2026-10-05T11:25:56.382606+00:00,1791199556378587,1791199556382606,254.986,Success.,1,0,0,0,0,0,,,0,0,0,0
ACRF3000-3,post-unbind,2026-10-05T11:26:00.937720+00:00,1791199560933721,1791199560937720,4810.1,Success.,1,1,0,0,0,0,,,0,0,0,4
ACRF3000-4,pre-bind,2026-10-05T11:26:03.537599+00:00,1791199563532660,1791199563537599,-0.073,Success.,1,1,0,0,0,0,,,0,0,0,4
ACRF3000-4,first-pdus-20,2026-10-05T11:26:03.562619+00:00,1791199563558575,1791199563562619,24.947,Success.,0,0,0,0,0,0,,,0,0,0,0
ACRF3000-4,first-pdus-100,2026-10-05T11:26:03.642646+00:00,1791199563638552,1791199563642646,104.974,Success.,1,0,0,0,0,0,,,0,0,0,0
ACRF3000-4,first-pdus-250,2026-10-05T11:26:03.792712+00:00,1791199563788552,1791199563792712,255.04,Success.,1,0,0,0,0,0,,,0,0,0,0
ACRF3000-4,post-unbind,2026-10-05T11:26:08.347731+00:00,1791199568343646,1791199568347731,4810.059,Success.,1,1,0,0,0,0,,,0,0,0,4
ACRF3000-5,pre-bind,2026-10-05T11:26:10.992677+00:00,1791199570987841,1791199570992677,-0.068,Success.,1,1,0,0,0,0,,,0,0,0,4
ACRF3000-5,first-pdus-20,2026-10-05T11:26:11.017661+00:00,1791199571013800,1791199571017661,24.916,Success.,0,0,0,0,0,0,,,0,0,0,0
ACRF3000-5,first-pdus-100,2026-10-05T11:26:11.097752+00:00,1791199571093805,1791199571097752,105.007,Success.,1,0,0,0,0,0,,,0,0,0,0
ACRF3000-5,first-pdus-250,2026-10-05T11:26:11.247734+00:00,1791199571243806,1791199571247734,254.989,Success.,1,0,0,0,0,0,,,0,0,0,0
ACRF3000-5,post-unbind,2026-10-05T11:26:15.802707+00:00,1791199575798661,1791199575802707,4809.962,Success.,1,1,0,0,0,0,,,0,0,0,4
BAAF-edge1025-1,pre-bind,2026-10-05T11:32:15.275422+00:00,1791199935270425,1791199935275422,-0.03,Success.,1,1,0,0,0,0,14348,0,0,0,0,14348
BAAF-edge1025-1,first-pdus-20,2026-10-05T11:32:15.305426+00:00,1791199935304207,1791199935305426,29.974,Success.,1,0,0,0,0,0,73,0,0,0,0,73
BAAF-edge1025-1,first-pdus-100,2026-10-05T11:32:15.385441+00:00,1791199935384207,1791199935385441,109.989,Success.,1,0,0,0,0,0,713,0,0,0,0,713
BAAF-edge1025-1,first-pdus-250,2026-10-05T11:32:15.535428+00:00,1791199935534218,1791199935535428,259.976,Success.,1,0,0,0,0,0,1913,0,0,0,0,1913
BAAF-edge1025-1,post-unbind,2026-10-05T11:32:18.000478+00:00,1791199937999231,1791199938000478,2725.026,Success.,1,1,0,0,0,0,7193,0,0,0,0,7193
BAAF-edge1025-2,pre-bind,2026-10-05T11:32:23.200416+00:00,1791199943195420,1791199943200416,-0.027,Success.,1,1,0,0,0,0,7193,0,0,0,0,7193
BAAF-edge1025-2,first-pdus-20,2026-10-05T11:32:23.230404+00:00,1791199943229205,1791199943230404,29.961,Success.,1,0,0,0,0,0,71,0,0,0,0,71
BAAF-edge1025-2,first-pdus-100,2026-10-05T11:32:23.310427+00:00,1791199943309215,1791199943310427,109.984,Success.,1,0,0,0,0,0,711,0,0,0,0,711
BAAF-edge1025-2,first-pdus-250,2026-10-05T11:32:23.460437+00:00,1791199943459210,1791199943460437,259.994,Success.,1,0,0,0,0,0,1911,0,0,0,0,1911
BAAF-edge1025-2,post-unbind,2026-10-05T11:32:26.000434+00:00,1791199945999248,1791199946000434,2799.991,Success.,1,1,0,0,0,0,7791,0,0,0,0,7791
BAAF-edge1025-3,pre-bind,2026-10-05T11:32:28.525403+00:00,1791199948520426,1791199948525403,-0.027,Success.,1,1,0,0,0,0,7791,0,0,0,0,7791
BAAF-edge1025-3,first-pdus-20,2026-10-05T11:32:28.555402+00:00,1791199948554210,1791199948555402,29.972,Success.,1,0,0,0,0,0,75,0,0,0,0,75
BAAF-edge1025-3,first-pdus-100,2026-10-05T11:32:28.635419+00:00,1791199948634208,1791199948635419,109.989,Success.,1,0,0,0,0,0,715,0,0,0,0,715
BAAF-edge1025-3,first-pdus-250,2026-10-05T11:32:28.785443+00:00,1791199948784213,1791199948785443,260.013,Success.,1,0,0,0,0,0,1915,0,0,0,0,1915
BAAF-edge1025-3,post-unbind,2026-10-05T11:32:31.000452+00:00,1791199950999236,1791199951000452,2475.022,Success.,1,1,0,0,0,0,5195,0,0,0,0,5195
BAAF-edge1025-4,pre-bind,2026-10-05T11:32:33.360401+00:00,1791199953355420,1791199953360401,-0.032,Success.,1,1,0,0,0,0,5195,0,0,0,0,5195
BAAF-edge1025-4,first-pdus-20,2026-10-05T11:32:33.390392+00:00,1791199953389209,1791199953390392,29.959,Success.,1,0,0,0,0,0,72,0,0,0,0,72
BAAF-edge1025-4,first-pdus-100,2026-10-05T11:32:33.470431+00:00,1791199953469214,1791199953470431,109.998,Success.,1,0,0,0,0,0,712,0,0,0,0,712
BAAF-edge1025-4,first-pdus-250,2026-10-05T11:32:33.620441+00:00,1791199953619228,1791199953620441,260.008,Success.,1,0,0,0,0,0,1912,0,0,0,0,1912
BAAF-edge1025-4,post-unbind,2026-10-05T11:32:36.000448+00:00,1791199955999228,1791199956000448,2640.015,Success.,1,1,0,0,0,0,6513,0,0,0,0,6513
BAAF-edge1025-5,pre-bind,2026-10-05T11:32:38.490413+00:00,1791199958485430,1791199958490413,-0.03,Success.,1,1,0,0,0,0,6513,0,0,0,0,6513
BAAF-edge1025-5,first-pdus-20,2026-10-05T11:32:38.520411+00:00,1791199958519201,1791199958520411,29.968,Success.,1,0,0,0,0,0,70,0,0,0,0,70
BAAF-edge1025-5,first-pdus-100,2026-10-05T11:32:38.600445+00:00,1791199958599208,1791199958600445,110.002,Success.,1,0,0,0,0,0,711,0,0,0,0,711
BAAF-edge1025-5,first-pdus-250,2026-10-05T11:32:38.750454+00:00,1791199958749211,1791199958750454,260.011,Success.,1,0,0,0,0,0,1911,0,0,0,0,1911
BAAF-edge1025-5,post-unbind,2026-10-05T11:32:41.000437+00:00,1791199960999290,1791199961000437,2509.994,Success.,1,1,0,0,0,0,5471,0,0,0,0,5471
BAAF-edge975-1,pre-bind,2026-10-05T11:31:45.575431+00:00,1791199905570455,1791199905575431,-0.032,Success.,1,1,0,0,0,0,23911,0,0,0,0,23911
BAAF-edge975-1,first-pdus-20,2026-10-05T11:31:45.605422+00:00,1791199905604316,1791199905605422,29.959,Success.,0,0,0,0,0,0,0,0,0,0,0,0
BAAF-edge975-1,first-pdus-100,2026-10-05T11:31:45.685479+00:00,1791199905684289,1791199905685479,110.016,Success.,1,0,0,0,0,0,589,0,0,0,0,589
BAAF-edge975-1,first-pdus-250,2026-10-05T11:31:45.835449+00:00,1791199905834291,1791199905835449,259.986,Success.,1,0,0,0,0,0,1789,0,0,0,0,1789
BAAF-edge975-1,post-unbind,2026-10-05T11:31:48.945462+00:00,1791199908944235,1791199908945462,3369.999,Success.,1,1,0,0,0,0,12228,0,0,0,0,12228
BAAF-edge975-2,pre-bind,2026-10-05T11:31:51.390409+00:00,1791199911385446,1791199911390409,-0.029,Success.,1,1,0,0,0,0,12228,0,0,0,0,12228
BAAF-edge975-2,first-pdus-20,2026-10-05T11:31:51.420423+00:00,1791199911419229,1791199911420423,29.985,Success.,1,0,0,0,0,0,73,0,0,0,0,73
BAAF-edge975-2,first-pdus-100,2026-10-05T11:31:51.500440+00:00,1791199911499229,1791199911500440,110.002,Success.,1,0,0,0,0,0,713,0,0,0,0,713
BAAF-edge975-2,first-pdus-250,2026-10-05T11:31:51.650414+00:00,1791199911649232,1791199911650414,259.976,Success.,1,0,0,0,0,0,1913,0,0,0,0,1913
BAAF-edge975-2,post-unbind,2026-10-05T11:31:54.945449+00:00,1791199914944247,1791199914945449,3555.011,Success.,1,1,0,0,0,0,13833,0,0,0,0,13833
BAAF-edge975-3,pre-bind,2026-10-05T11:31:57.370407+00:00,1791199917365427,1791199917370407,-0.028,Success.,1,1,0,0,0,0,13833,0,0,0,0,13833
BAAF-edge975-3,first-pdus-20,2026-10-05T11:31:57.400420+00:00,1791199917399218,1791199917400420,29.985,Success.,1,0,0,0,0,0,75,0,0,0,0,75
BAAF-edge975-3,first-pdus-100,2026-10-05T11:31:57.480444+00:00,1791199917479229,1791199917480444,110.009,Success.,1,0,0,0,0,0,716,0,0,0,0,716
BAAF-edge975-3,first-pdus-250,2026-10-05T11:31:57.630467+00:00,1791199917629218,1791199917630467,260.032,Success.,1,0,0,0,0,0,1915,0,0,0,0,1915
BAAF-edge975-3,post-unbind,2026-10-05T11:32:00.945438+00:00,1791199920944232,1791199920945438,3575.003,Success.,1,1,0,0,0,0,13996,0,0,0,0,13996
BAAF-edge975-4,pre-bind,2026-10-05T11:32:03.330408+00:00,1791199923325452,1791199923330408,-0.041,Success.,1,1,0,0,0,0,13996,0,0,0,0,13996
BAAF-edge975-4,first-pdus-20,2026-10-05T11:32:03.360413+00:00,1791199923359256,1791199923360413,29.964,Success.,1,0,0,0,0,0,70,0,0,0,0,70
BAAF-edge975-4,first-pdus-100,2026-10-05T11:32:03.440461+00:00,1791199923439261,1791199923440461,110.012,Success.,1,0,0,0,0,0,710,0,0,0,0,710
BAAF-edge975-4,first-pdus-250,2026-10-05T11:32:03.590463+00:00,1791199923589267,1791199923590463,260.014,Success.,1,0,0,0,0,0,1910,0,0,0,0,1910
BAAF-edge975-4,post-unbind,2026-10-05T11:32:06.945484+00:00,1791199926944227,1791199926945484,3615.035,Success.,1,1,0,0,0,0,14310,0,0,0,0,14310
BAAF-edge975-5,pre-bind,2026-10-05T11:32:09.325411+00:00,1791199929320441,1791199929325411,-0.043,Success.,1,1,0,0,0,0,14310,0,0,0,0,14310
BAAF-edge975-5,first-pdus-20,2026-10-05T11:32:09.355408+00:00,1791199929354243,1791199929355408,29.954,Success.,1,0,0,0,0,0,68,0,0,0,0,68
BAAF-edge975-5,first-pdus-100,2026-10-05T11:32:09.435423+00:00,1791199929434251,1791199929435423,109.969,Success.,1,0,0,0,0,0,708,0,0,0,0,708
BAAF-edge975-5,first-pdus-250,2026-10-05T11:32:09.585427+00:00,1791199929584256,1791199929585427,259.973,Success.,1,0,0,0,0,0,1908,0,0,0,0,1908
BAAF-edge975-5,post-unbind,2026-10-05T11:32:12.945448+00:00,1791199932944279,1791199932945448,3619.994,Success.,1,1,0,0,0,0,14348,0,0,0,0,14348
BAAF0300-1,pre-bind,2026-10-05T11:18:59.035720+00:00,1791199139030759,1791199139035720,-0.033,Success.,1,1,0,0,0,0,48433,0,0,0,0,48433
BAAF0300-1,first-pdus-20,2026-10-05T11:18:59.070737+00:00,1791199139069434,1791199139070737,34.984,Success.,0,0,0,0,0,0,0,0,0,0,0,0
BAAF0300-1,first-pdus-100,2026-10-05T11:18:59.150747+00:00,1791199139149435,1791199139150747,114.994,Success.,0,0,0,0,0,0,0,0,0,0,0,0
BAAF0300-1,first-pdus-250,2026-10-05T11:18:59.300749+00:00,1791199139299437,1791199139300749,264.996,Success.,1,0,0,0,0,0,330,0,0,0,0,330
BAAF0300-1,post-unbind,2026-10-05T11:19:01.155790+00:00,1791199141154416,1791199141155790,2120.037,Success.,1,1,0,0,0,0,730,0,0,0,0,730
BAAF0300-2,pre-bind,2026-10-05T11:19:03.700775+00:00,1791199143695820,1791199143700775,-0.077,Success.,1,1,0,0,0,0,730,0,0,0,0,730
BAAF0300-2,first-pdus-20,2026-10-05T11:19:03.730732+00:00,1791199143729389,1791199143730732,29.88,Success.,1,0,0,0,0,0,68,0,0,0,1,68
BAAF0300-2,first-pdus-100,2026-10-05T11:19:03.810765+00:00,1791199143809387,1791199143810765,109.913,Success.,1,0,0,0,0,0,708,0,0,0,1,708
BAAF0300-2,first-pdus-250,2026-10-05T11:19:03.960786+00:00,1791199143959393,1791199143960786,259.934,Success.,1,0,0,0,0,0,1908,0,0,0,1,1908
BAAF0300-2,post-unbind,2026-10-05T11:19:05.815742+00:00,1791199145814427,1791199145815742,2114.89,Success.,1,1,0,0,0,0,2307,0,0,0,1,2307
BAAF0300-3,pre-bind,2026-10-05T11:19:08.355721+00:00,1791199148350761,1791199148355721,-0.04,Success.,1,1,0,0,0,0,2307,0,0,0,1,2307
BAAF0300-3,first-pdus-20,2026-10-05T11:19:08.385715+00:00,1791199148384317,1791199148385715,29.954,Success.,1,0,0,0,0,0,64,0,0,0,0,64
BAAF0300-3,first-pdus-100,2026-10-05T11:19:08.465762+00:00,1791199148464328,1791199148465762,110.001,Success.,1,0,0,0,0,0,705,0,0,0,0,705
BAAF0300-3,first-pdus-250,2026-10-05T11:19:08.615761+00:00,1791199148614329,1791199148615761,260.0,Success.,1,0,0,0,0,0,1905,0,0,0,0,1905
BAAF0300-3,post-unbind,2026-10-05T11:19:10.470792+00:00,1791199150469366,1791199150470792,2115.031,Success.,1,1,0,0,0,0,2305,0,0,0,0,2305
BAAF0300-4,pre-bind,2026-10-05T11:19:12.980712+00:00,1791199152975756,1791199152980712,-0.045,Success.,1,1,0,0,0,0,2305,0,0,0,0,2305
BAAF0300-4,first-pdus-20,2026-10-05T11:19:13.010705+00:00,1791199153009406,1791199153010705,29.948,Success.,1,0,0,0,0,0,70,0,0,0,0,70
BAAF0300-4,first-pdus-100,2026-10-05T11:19:13.090757+00:00,1791199153089416,1791199153090757,110.0,Success.,1,0,0,0,0,0,710,0,0,0,0,710
BAAF0300-4,first-pdus-250,2026-10-05T11:19:13.240775+00:00,1791199153239410,1791199153240775,260.018,Success.,1,0,0,0,0,0,1910,0,0,0,0,1910
BAAF0300-4,post-unbind,2026-10-05T11:19:15.095805+00:00,1791199155094606,1791199155095805,2115.048,Success.,1,1,0,0,0,0,2310,0,0,0,0,2310
BAAF0300-5,pre-bind,2026-10-05T11:19:17.615757+00:00,1791199157610805,1791199157615757,-0.071,Success.,1,1,0,0,0,0,2310,0,0,0,0,2310
BAAF0300-5,first-pdus-20,2026-10-05T11:19:17.645756+00:00,1791199157644397,1791199157645756,29.928,Success.,1,0,0,0,0,0,76,0,0,0,0,76
BAAF0300-5,first-pdus-100,2026-10-05T11:19:17.725814+00:00,1791199157724404,1791199157725814,109.986,Success.,1,0,0,0,0,0,716,0,0,0,0,716
BAAF0300-5,first-pdus-250,2026-10-05T11:19:17.875813+00:00,1791199157874418,1791199157875813,259.985,Success.,1,0,0,0,0,0,1917,0,0,0,0,1917
BAAF0300-5,post-unbind,2026-10-05T11:19:19.730782+00:00,1791199159729376,1791199159730782,2114.954,Success.,1,1,0,0,0,0,2316,0,0,0,0,2316
BAAF0600-1,pre-bind,2026-10-05T11:19:22.340729+00:00,1791199162335757,1791199162340729,-0.039,Success.,1,1,0,0,0,0,2316,0,0,0,0,2316
BAAF0600-1,first-pdus-20,2026-10-05T11:19:22.370733+00:00,1791199162369522,1791199162370733,29.965,Success.,1,0,0,0,0,0,68,0,0,0,0,68
BAAF0600-1,first-pdus-100,2026-10-05T11:19:22.450784+00:00,1791199162449531,1791199162450784,110.016,Success.,1,0,0,0,0,0,708,0,0,0,0,708
BAAF0600-1,first-pdus-250,2026-10-05T11:19:22.600789+00:00,1791199162599528,1791199162600789,260.021,Success.,1,0,0,0,0,0,1908,0,0,0,0,1908
BAAF0600-1,post-unbind,2026-10-05T11:19:24.755804+00:00,1791199164754403,1791199164755804,2415.036,Success.,1,1,0,0,0,0,4708,0,0,0,0,4708
BAAF0600-2,pre-bind,2026-10-05T11:19:27.355720+00:00,1791199167350739,1791199167355720,-0.034,Success.,1,1,0,0,0,0,4708,0,0,0,0,4708
BAAF0600-2,first-pdus-20,2026-10-05T11:19:27.385713+00:00,1791199167384406,1791199167385713,29.959,Success.,1,0,0,0,0,0,69,0,0,0,0,69
BAAF0600-2,first-pdus-100,2026-10-05T11:19:27.465775+00:00,1791199167464415,1791199167465775,110.021,Success.,1,0,0,0,0,0,709,0,0,0,0,709
BAAF0600-2,first-pdus-250,2026-10-05T11:19:27.615787+00:00,1791199167614413,1791199167615787,260.033,Success.,1,0,0,0,0,0,1910,0,0,0,0,1910
BAAF0600-2,post-unbind,2026-10-05T11:19:29.770781+00:00,1791199169769401,1791199169770781,2415.027,Success.,1,1,0,0,0,0,4710,0,0,0,0,4710
BAAF0600-3,pre-bind,2026-10-05T11:19:32.385772+00:00,1791199172380815,1791199172385772,-0.1,Success.,1,1,0,0,0,0,4710,0,0,0,0,4710
BAAF0600-3,first-pdus-20,2026-10-05T11:19:32.415741+00:00,1791199172414537,1791199172415741,29.869,Success.,1,0,0,0,0,0,69,0,0,0,0,69
BAAF0600-3,first-pdus-100,2026-10-05T11:19:32.495828+00:00,1791199172494547,1791199172495828,109.956,Success.,1,0,0,0,0,0,709,0,0,0,0,709
BAAF0600-3,first-pdus-250,2026-10-05T11:19:32.645815+00:00,1791199172644537,1791199172645815,259.943,Success.,1,0,0,0,0,0,1909,0,0,0,0,1909
BAAF0600-3,post-unbind,2026-10-05T11:19:34.800832+00:00,1791199174799448,1791199174800832,2414.96,Success.,1,1,0,0,0,0,4709,0,0,0,0,4709
BAAF0600-4,pre-bind,2026-10-05T11:19:37.350744+00:00,1791199177345788,1791199177350744,-0.038,Success.,1,1,0,0,0,0,4709,0,0,0,0,4709
BAAF0600-4,first-pdus-20,2026-10-05T11:19:37.380836+00:00,1791199177379455,1791199177380836,30.054,Success.,1,0,0,0,0,0,73,0,0,0,0,73
BAAF0600-4,first-pdus-100,2026-10-05T11:19:37.460832+00:00,1791199177459451,1791199177460832,110.05,Success.,1,0,0,0,0,0,713,0,0,0,0,713
BAAF0600-4,first-pdus-250,2026-10-05T11:19:37.610794+00:00,1791199177609450,1791199177610794,260.012,Success.,1,0,0,0,0,0,1913,0,0,0,0,1913
BAAF0600-4,post-unbind,2026-10-05T11:19:39.765834+00:00,1791199179764486,1791199179765834,2415.052,Success.,1,1,0,0,0,0,4714,0,0,0,0,4714
BAAF0600-5,pre-bind,2026-10-05T11:19:42.325750+00:00,1791199182320799,1791199182325750,-0.066,Success.,1,1,0,0,0,0,4714,0,0,0,0,4714
BAAF0600-5,first-pdus-20,2026-10-05T11:19:42.355741+00:00,1791199182354403,1791199182355741,29.925,Success.,1,0,0,0,0,0,71,0,0,0,0,71
BAAF0600-5,first-pdus-100,2026-10-05T11:19:42.435785+00:00,1791199182434458,1791199182435785,109.969,Success.,1,0,0,0,0,0,712,0,0,0,0,712
BAAF0600-5,first-pdus-250,2026-10-05T11:19:42.585795+00:00,1791199182584463,1791199182585795,259.979,Success.,1,0,0,0,0,0,1912,0,0,0,0,1912
BAAF0600-5,post-unbind,2026-10-05T11:19:44.740779+00:00,1791199184739513,1791199184740779,2414.963,Success.,1,1,0,0,0,0,4712,0,0,0,0,4712
BAAF0900-1,pre-bind,2026-10-05T11:19:47.265747+00:00,1791199187260795,1791199187265747,-0.056,Success.,1,1,0,0,0,0,4712,0,0,0,0,4712
BAAF0900-1,first-pdus-20,2026-10-05T11:19:47.295740+00:00,1791199187294414,1791199187295740,29.937,Success.,1,0,0,0,0,0,69,0,0,0,0,69
BAAF0900-1,first-pdus-100,2026-10-05T11:19:47.375768+00:00,1791199187374418,1791199187375768,109.965,Success.,1,0,0,0,0,0,709,0,0,0,0,709
BAAF0900-1,first-pdus-250,2026-10-05T11:19:47.525809+00:00,1791199187524402,1791199187525809,260.006,Success.,1,0,0,0,0,0,1908,0,0,0,0,1908
BAAF0900-1,post-unbind,2026-10-05T11:19:49.980840+00:00,1791199189979542,1791199189980840,2715.037,Success.,1,1,0,0,0,0,7109,0,0,0,0,7109
BAAF0900-2,pre-bind,2026-10-05T11:19:52.590724+00:00,1791199192585759,1791199192590724,-0.038,Success.,1,1,0,0,0,0,7109,0,0,0,0,7109
BAAF0900-2,first-pdus-20,2026-10-05T11:19:52.620737+00:00,1791199192619414,1791199192620737,29.975,Success.,1,0,0,0,0,0,76,0,0,0,0,76
BAAF0900-2,first-pdus-100,2026-10-05T11:19:52.700771+00:00,1791199192699411,1791199192700771,110.009,Success.,1,0,0,0,0,0,716,0,0,0,0,716
BAAF0900-2,first-pdus-250,2026-10-05T11:19:52.850775+00:00,1791199192849409,1791199192850775,260.013,Success.,1,0,0,0,0,0,1916,0,0,0,0,1916
BAAF0900-2,post-unbind,2026-10-05T11:19:55.305843+00:00,1791199195304466,1791199195305843,2715.081,Success.,1,1,0,0,0,0,7116,0,0,0,0,7116
BAAF0900-3,pre-bind,2026-10-05T11:19:57.815758+00:00,1791199197810793,1791199197815758,-0.044,Success.,1,1,0,0,0,0,7116,0,0,0,0,7116
BAAF0900-3,first-pdus-20,2026-10-05T11:19:57.845776+00:00,1791199197844431,1791199197845776,29.974,Success.,1,0,0,0,0,0,77,0,0,0,0,77
BAAF0900-3,first-pdus-100,2026-10-05T11:19:57.925820+00:00,1791199197924448,1791199197925820,110.018,Success.,1,0,0,0,0,0,717,0,0,0,0,717
BAAF0900-3,first-pdus-250,2026-10-05T11:19:58.075829+00:00,1791199198074441,1791199198075829,260.027,Success.,1,0,0,0,0,0,1917,0,0,0,0,1917
BAAF0900-3,post-unbind,2026-10-05T11:20:00.530857+00:00,1791199200529509,1791199200530857,2715.055,Success.,1,1,0,0,0,0,7117,0,0,0,0,7117
BAAF0900-4,pre-bind,2026-10-05T11:20:03.895734+00:00,1791199203890774,1791199203895734,-0.063,Success.,1,1,0,0,0,0,7117,0,0,0,0,7117
BAAF0900-4,first-pdus-20,2026-10-05T11:20:03.925735+00:00,1791199203924460,1791199203925735,29.938,Success.,1,0,0,0,0,0,69,0,0,0,0,69
BAAF0900-4,first-pdus-100,2026-10-05T11:20:04.005739+00:00,1791199204004481,1791199204005739,109.942,Success.,1,0,0,0,0,0,710,0,0,0,0,710
BAAF0900-4,first-pdus-250,2026-10-05T11:20:04.155731+00:00,1791199204154480,1791199204155731,259.934,Success.,1,0,0,0,0,0,1910,0,0,0,0,1910
BAAF0900-4,post-unbind,2026-10-05T11:20:06.610796+00:00,1791199206609494,1791199206610796,2714.999,Success.,1,1,0,0,0,0,7109,0,0,0,0,7109
BAAF0900-5,pre-bind,2026-10-05T11:20:09.610716+00:00,1791199209605732,1791199209610716,-0.033,Success.,1,1,0,0,0,0,7109,0,0,0,0,7109
BAAF0900-5,first-pdus-20,2026-10-05T11:20:09.640696+00:00,1791199209639351,1791199209640696,29.947,Success.,1,0,0,0,0,0,67,0,0,1,0,67
BAAF0900-5,first-pdus-100,2026-10-05T11:20:09.720750+00:00,1791199209719355,1791199209720750,110.001,Success.,1,0,0,0,0,0,707,0,0,1,0,707
BAAF0900-5,first-pdus-250,2026-10-05T11:20:09.870741+00:00,1791199209869357,1791199209870741,259.992,Success.,1,0,0,0,0,0,1907,0,0,1,0,1907
BAAF0900-5,post-unbind,2026-10-05T11:20:12.325796+00:00,1791199212324482,1791199212325796,2715.047,Success.,1,1,0,0,0,0,7107,0,0,1,0,7107
BAAF1000-1,pre-bind,2026-10-05T11:20:15.465733+00:00,1791199215460762,1791199215465733,-0.121,Success.,1,1,0,0,0,0,7107,0,0,1,0,7107
BAAF1000-1,first-pdus-20,2026-10-05T11:20:15.495731+00:00,1791199215494381,1791199215495731,29.877,Success.,1,0,0,0,0,0,71,0,0,0,0,71
BAAF1000-1,first-pdus-100,2026-10-05T11:20:15.575779+00:00,1791199215574383,1791199215575779,109.925,Success.,1,0,0,0,0,0,711,0,0,0,0,711
BAAF1000-1,first-pdus-250,2026-10-05T11:20:15.725828+00:00,1791199215724388,1791199215725828,259.974,Success.,1,0,0,0,0,0,1911,0,0,0,0,1911
BAAF1000-1,post-unbind,2026-10-05T11:20:18.280769+00:00,1791199218279404,1791199218280769,2814.915,Success.,1,1,0,0,0,0,7911,0,0,0,0,7911
BAAF1000-2,pre-bind,2026-10-05T11:20:22.880726+00:00,1791199222875766,1791199222880726,-0.056,Success.,1,1,0,0,0,0,7911,0,0,0,0,7911
BAAF1000-2,first-pdus-20,2026-10-05T11:20:22.910727+00:00,1791199222909420,1791199222910727,29.945,Success.,1,0,0,0,0,0,55,0,0,0,0,55
BAAF1000-2,first-pdus-100,2026-10-05T11:20:22.990750+00:00,1791199222989430,1791199222990750,109.968,Success.,1,0,0,0,0,0,695,0,0,0,0,695
BAAF1000-2,first-pdus-250,2026-10-05T11:20:23.140761+00:00,1791199223139432,1791199223140761,259.979,Success.,1,0,0,0,0,0,1895,0,0,0,0,1895
BAAF1000-2,post-unbind,2026-10-05T11:20:25.695737+00:00,1791199225694443,1791199225695737,2814.955,Success.,1,1,0,0,0,0,7895,0,0,0,0,7895
BAAF1000-3,pre-bind,2026-10-05T11:20:28.805719+00:00,1791199228800747,1791199228805719,-0.055,Success.,1,1,0,0,0,0,7895,0,0,0,0,7895
BAAF1000-3,first-pdus-20,2026-10-05T11:20:28.835731+00:00,1791199228834414,1791199228835731,29.957,Success.,1,0,0,0,0,0,76,0,0,0,0,76
BAAF1000-3,first-pdus-100,2026-10-05T11:20:28.915756+00:00,1791199228914429,1791199228915756,109.982,Success.,1,0,0,0,0,0,716,0,0,0,0,716
BAAF1000-3,first-pdus-250,2026-10-05T11:20:29.065724+00:00,1791199229064424,1791199229065724,259.95,Success.,1,0,0,0,0,0,1916,0,0,0,0,1916
BAAF1000-3,post-unbind,2026-10-05T11:20:31.620770+00:00,1791199231619399,1791199231620770,2814.996,Success.,1,1,0,0,0,0,7916,0,0,0,0,7916
BAAF1000-4,pre-bind,2026-10-05T11:20:34.835705+00:00,1791199234830733,1791199234835705,-0.031,Success.,1,1,0,0,0,0,7916,0,0,0,0,7916
BAAF1000-4,first-pdus-20,2026-10-05T11:20:34.865699+00:00,1791199234864313,1791199234865699,29.963,Success.,1,0,0,0,0,0,77,0,0,0,0,77
BAAF1000-4,first-pdus-100,2026-10-05T11:20:34.945789+00:00,1791199234944349,1791199234945789,110.053,Success.,1,0,0,0,0,0,718,0,0,0,0,718
BAAF1000-4,first-pdus-250,2026-10-05T11:20:35.095727+00:00,1791199235094347,1791199235095727,259.991,Success.,1,0,0,0,0,0,1918,0,0,0,0,1918
BAAF1000-4,post-unbind,2026-10-05T11:20:37.650800+00:00,1791199237649404,1791199237650800,2815.064,Success.,1,1,0,0,0,0,7918,0,0,0,0,7918
BAAF1000-5,pre-bind,2026-10-05T11:20:41.850717+00:00,1791199241845736,1791199241850717,-0.024,Success.,1,1,0,0,0,0,7918,0,0,0,0,7918
BAAF1000-5,first-pdus-20,2026-10-05T11:20:41.880708+00:00,1791199241879468,1791199241880708,29.967,Success.,0,0,0,0,0,0,0,0,0,0,0,0
BAAF1000-5,first-pdus-100,2026-10-05T11:20:41.960754+00:00,1791199241959485,1791199241960754,110.013,Success.,0,0,0,0,0,0,0,0,0,0,0,0
BAAF1000-5,first-pdus-250,2026-10-05T11:20:42.110762+00:00,1791199242109483,1791199242110762,260.021,Success.,1,0,0,0,0,0,1179,0,0,0,0,1179
BAAF1000-5,post-unbind,2026-10-05T11:20:44.665788+00:00,1791199244664435,1791199244665788,2815.047,Success.,1,1,0,0,0,0,7179,0,0,0,0,7179
BAAF1100-1,pre-bind,2026-10-05T11:20:48.275738+00:00,1791199248270746,1791199248275738,-0.035,Success.,1,1,0,0,0,0,7179,0,0,0,0,7179
BAAF1100-1,first-pdus-20,2026-10-05T11:20:48.305732+00:00,1791199248304420,1791199248305732,29.959,Success.,1,0,0,0,0,0,69,0,0,0,0,69
BAAF1100-1,first-pdus-100,2026-10-05T11:20:48.385782+00:00,1791199248384443,1791199248385782,110.009,Success.,1,0,0,0,0,0,710,0,0,0,0,710
BAAF1100-1,first-pdus-250,2026-10-05T11:20:48.535775+00:00,1791199248534449,1791199248535775,260.002,Success.,1,0,0,0,0,0,1910,0,0,0,0,1910
BAAF1100-1,post-unbind,2026-10-05T11:20:51.190789+00:00,1791199251189579,1791199251190789,2915.016,Success.,1,1,0,0,0,0,8709,0,0,0,0,8709
BAAF1100-2,pre-bind,2026-10-05T11:20:54.335703+00:00,1791199254330754,1791199254335703,-0.022,Success.,1,1,0,0,0,0,8709,0,0,0,0,8709
BAAF1100-2,first-pdus-20,2026-10-05T11:20:54.365695+00:00,1791199254364392,1791199254365695,29.97,Success.,1,0,0,0,0,0,69,0,0,0,0,69
BAAF1100-2,first-pdus-100,2026-10-05T11:20:54.445726+00:00,1791199254444410,1791199254445726,110.001,Success.,1,0,0,0,0,0,709,0,0,0,0,709
BAAF1100-2,first-pdus-250,2026-10-05T11:20:54.595714+00:00,1791199254594402,1791199254595714,259.989,Success.,1,0,0,0,0,0,1909,0,0,0,0,1909
BAAF1100-2,post-unbind,2026-10-05T11:20:57.250801+00:00,1791199257249530,1791199257250801,2915.076,Success.,1,1,0,0,0,0,8709,0,0,0,0,8709
BAAF1100-3,pre-bind,2026-10-05T11:21:00.450723+00:00,1791199260445730,1791199260450723,-0.034,Success.,1,1,0,0,0,0,8709,0,0,0,0,8709
BAAF1100-3,first-pdus-20,2026-10-05T11:21:00.480710+00:00,1791199260479410,1791199260480710,29.953,Success.,1,0,0,0,0,0,75,0,0,0,0,75
BAAF1100-3,first-pdus-100,2026-10-05T11:21:00.560757+00:00,1791199260559424,1791199260560757,110.0,Success.,1,0,0,0,0,0,715,0,0,0,0,715
BAAF1100-3,first-pdus-250,2026-10-05T11:21:00.710750+00:00,1791199260709457,1791199260710750,259.993,Success.,1,0,0,0,0,0,1915,0,0,0,0,1915
BAAF1100-3,post-unbind,2026-10-05T11:21:03.365740+00:00,1791199263364386,1791199263365740,2914.983,Success.,1,1,0,0,0,0,8715,0,0,0,0,8715
BAAF1100-4,pre-bind,2026-10-05T11:21:06.110727+00:00,1791199266105756,1791199266110727,-0.034,Success.,1,1,0,0,0,0,8715,0,0,0,0,8715
BAAF1100-4,first-pdus-20,2026-10-05T11:21:06.140709+00:00,1791199266139426,1791199266140709,29.948,Success.,1,0,0,0,0,0,78,0,0,0,0,78
BAAF1100-4,first-pdus-100,2026-10-05T11:21:06.220767+00:00,1791199266219435,1791199266220767,110.006,Success.,1,0,0,0,0,0,718,0,0,0,0,718
BAAF1100-4,first-pdus-250,2026-10-05T11:21:06.370754+00:00,1791199266369444,1791199266370754,259.993,Success.,1,0,0,0,0,0,1918,0,0,0,0,1918
BAAF1100-4,post-unbind,2026-10-05T11:21:09.025736+00:00,1791199269024420,1791199269025736,2914.975,Success.,1,1,0,0,0,0,8718,0,0,0,0,8718
BAAF1100-5,pre-bind,2026-10-05T11:21:11.560752+00:00,1791199271555763,1791199271560752,-0.044,Success.,1,1,0,0,0,0,8718,0,0,0,0,8718
BAAF1100-5,first-pdus-20,2026-10-05T11:21:11.590737+00:00,1791199271589437,1791199271590737,29.941,Success.,1,0,0,0,0,0,77,0,0,0,0,77
BAAF1100-5,first-pdus-100,2026-10-05T11:21:11.670754+00:00,1791199271669446,1791199271670754,109.958,Success.,1,0,0,0,0,0,717,0,0,0,0,717
BAAF1100-5,first-pdus-250,2026-10-05T11:21:11.820730+00:00,1791199271819443,1791199271820730,259.934,Success.,1,0,0,0,0,0,1917,0,0,0,0,1917
BAAF1100-5,post-unbind,2026-10-05T11:21:14.475753+00:00,1791199274474423,1791199274475753,2914.957,Success.,1,1,0,0,0,0,8717,0,0,0,0,8717
BAAF1500-1,pre-bind,2026-10-05T11:21:17.050722+00:00,1791199277045748,1791199277050722,-0.039,Success.,1,1,0,0,0,0,8717,0,0,0,0,8717
BAAF1500-1,first-pdus-20,2026-10-05T11:21:17.080700+00:00,1791199277079319,1791199277080700,29.939,Success.,1,0,0,0,0,0,57,0,0,0,0,57
BAAF1500-1,first-pdus-100,2026-10-05T11:21:17.160729+00:00,1791199277159369,1791199277160729,109.968,Success.,1,0,0,0,0,0,698,0,0,0,0,698
BAAF1500-1,first-pdus-250,2026-10-05T11:21:17.310719+00:00,1791199277309370,1791199277310719,259.958,Success.,1,0,0,0,0,0,1898,0,0,0,0,1898
BAAF1500-1,post-unbind,2026-10-05T11:21:20.365765+00:00,1791199280364476,1791199280365765,3315.004,Success.,1,1,0,0,0,0,11898,0,0,0,0,11898
BAAF1500-2,pre-bind,2026-10-05T11:21:22.775705+00:00,1791199282770729,1791199282775705,-0.032,Success.,1,1,0,0,0,0,11898,0,0,0,0,11898
BAAF1500-2,first-pdus-20,2026-10-05T11:21:22.805707+00:00,1791199282804329,1791199282805707,29.97,Success.,1,0,0,0,0,0,74,0,0,0,0,74
BAAF1500-2,first-pdus-100,2026-10-05T11:21:22.885734+00:00,1791199282884331,1791199282885734,109.997,Success.,1,0,0,0,0,0,714,0,0,0,0,714
BAAF1500-2,first-pdus-250,2026-10-05T11:21:23.035715+00:00,1791199283034342,1791199283035715,259.978,Success.,1,0,0,0,0,0,1914,0,0,0,0,1914
BAAF1500-2,post-unbind,2026-10-05T11:21:26.090734+00:00,1791199286089445,1791199286090734,3314.997,Success.,1,1,0,0,0,0,11915,0,0,0,0,11915
BAAF1500-3,pre-bind,2026-10-05T11:21:28.520699+00:00,1791199288515726,1791199288520699,-0.038,Success.,1,1,0,0,0,0,11915,0,0,0,0,11915
BAAF1500-3,first-pdus-20,2026-10-05T11:21:28.550701+00:00,1791199288549436,1791199288550701,29.964,Success.,1,0,0,0,0,0,67,0,0,0,0,67
BAAF1500-3,first-pdus-100,2026-10-05T11:21:28.630732+00:00,1791199288629445,1791199288630732,109.995,Success.,1,0,0,0,0,0,708,0,0,0,0,708
BAAF1500-3,first-pdus-250,2026-10-05T11:21:28.780747+00:00,1791199288779429,1791199288780747,260.01,Success.,1,0,0,0,0,0,1907,0,0,0,0,1907
BAAF1500-3,post-unbind,2026-10-05T11:21:31.835754+00:00,1791199291834427,1791199291835754,3315.017,Success.,1,1,0,0,0,0,11907,0,0,0,0,11907
BAAF1500-4,pre-bind,2026-10-05T11:21:34.315732+00:00,1791199294310765,1791199294315732,-0.047,Success.,1,1,0,0,0,0,11907,0,0,0,0,11907
BAAF1500-4,first-pdus-20,2026-10-05T11:21:34.345735+00:00,1791199294344419,1791199294345735,29.956,Success.,1,0,0,0,0,0,69,0,0,0,0,69
BAAF1500-4,first-pdus-100,2026-10-05T11:21:34.425746+00:00,1791199294424423,1791199294425746,109.967,Success.,1,0,0,0,0,0,709,0,0,0,0,709
BAAF1500-4,first-pdus-250,2026-10-05T11:21:34.575786+00:00,1791199294574426,1791199294575786,260.007,Success.,1,0,0,0,0,0,1910,0,0,0,0,1910
BAAF1500-4,post-unbind,2026-10-05T11:21:37.630784+00:00,1791199297629414,1791199297630784,3315.005,Success.,1,1,0,0,0,0,11909,0,0,0,0,11909
BAAF1500-5,pre-bind,2026-10-05T11:21:40.125711+00:00,1791199300120733,1791199300125711,-0.027,Success.,1,1,0,0,0,0,11909,0,0,0,0,11909
BAAF1500-5,first-pdus-20,2026-10-05T11:21:40.155781+00:00,1791199300154406,1791199300155781,30.043,Success.,0,0,0,0,0,0,0,0,0,0,0,0
BAAF1500-5,first-pdus-100,2026-10-05T11:21:40.235812+00:00,1791199300234410,1791199300235812,110.074,Success.,1,0,0,0,0,0,334,0,0,0,0,334
BAAF1500-5,first-pdus-250,2026-10-05T11:21:40.385801+00:00,1791199300384404,1791199300385801,260.063,Success.,1,0,0,0,0,0,1534,0,0,0,0,1534
BAAF1500-5,post-unbind,2026-10-05T11:21:43.440748+00:00,1791199303439469,1791199303440748,3315.01,Success.,1,1,0,0,0,0,11534,0,0,0,0,11534
BAAF3000-1,pre-bind,2026-10-05T11:21:45.885700+00:00,1791199305880756,1791199305885700,-0.051,Success.,1,1,0,0,0,0,11534,0,0,0,0,11534
BAAF3000-1,first-pdus-20,2026-10-05T11:21:45.915702+00:00,1791199305914426,1791199305915702,29.951,Success.,1,0,0,0,0,0,75,0,0,0,0,75
BAAF3000-1,first-pdus-100,2026-10-05T11:21:45.995704+00:00,1791199305994429,1791199305995704,109.953,Success.,1,0,0,0,0,0,715,0,0,0,0,715
BAAF3000-1,first-pdus-250,2026-10-05T11:21:46.145725+00:00,1791199306144433,1791199306145725,259.974,Success.,1,0,0,0,0,0,1915,0,0,0,0,1915
BAAF3000-1,post-unbind,2026-10-05T11:21:50.700762+00:00,1791199310699436,1791199310700762,4815.011,Success.,1,1,0,0,0,0,23915,0,0,0,0,23915
BAAF3000-2,pre-bind,2026-10-05T11:21:53.235711+00:00,1791199313230736,1791199313235711,-0.04,Success.,1,1,0,0,0,0,23915,0,0,0,0,23915
BAAF3000-2,first-pdus-20,2026-10-05T11:21:53.265710+00:00,1791199313264403,1791199313265710,29.959,Success.,1,0,0,0,0,0,71,0,0,0,0,71
BAAF3000-2,first-pdus-100,2026-10-05T11:21:53.345741+00:00,1791199313344396,1791199313345741,109.99,Success.,1,0,0,0,0,0,711,0,0,0,0,711
BAAF3000-2,first-pdus-250,2026-10-05T11:21:53.495734+00:00,1791199313494389,1791199313495734,259.983,Success.,1,0,0,0,0,0,1911,0,0,0,0,1911
BAAF3000-2,post-unbind,2026-10-05T11:21:58.050761+00:00,1791199318049511,1791199318050761,4815.01,Success.,1,1,0,0,0,0,23911,0,0,0,0,23911
BAAF3000-3,pre-bind,2026-10-05T11:22:00.650689+00:00,1791199320645707,1791199320650689,-0.031,Success.,1,1,0,0,0,0,23911,0,0,0,0,23911
BAAF3000-3,first-pdus-20,2026-10-05T11:22:00.680859+00:00,1791199320679361,1791199320680859,30.139,Success.,1,0,0,0,0,0,71,0,0,0,0,71
BAAF3000-3,first-pdus-100,2026-10-05T11:22:00.760715+00:00,1791199320759368,1791199320760715,109.995,Success.,1,0,0,0,0,0,711,0,0,0,0,711
BAAF3000-3,first-pdus-250,2026-10-05T11:22:00.910707+00:00,1791199320909367,1791199320910707,259.987,Success.,1,0,0,0,0,0,1911,0,0,0,0,1911
BAAF3000-3,post-unbind,2026-10-05T11:22:05.465765+00:00,1791199325464441,1791199325465765,4815.045,Success.,1,1,0,0,0,0,23911,0,0,0,0,23911
BAAF3000-4,pre-bind,2026-10-05T11:22:07.925685+00:00,1791199327920717,1791199327925685,-0.042,Success.,1,1,0,0,0,0,23911,0,0,0,0,23911
BAAF3000-4,first-pdus-20,2026-10-05T11:22:07.955688+00:00,1791199327954318,1791199327955688,29.961,Success.,1,0,0,0,0,0,70,0,0,0,0,70
BAAF3000-4,first-pdus-100,2026-10-05T11:22:08.035695+00:00,1791199328034324,1791199328035695,109.968,Success.,1,0,0,0,0,0,711,0,0,0,0,711
BAAF3000-4,first-pdus-250,2026-10-05T11:22:08.185720+00:00,1791199328184316,1791199328185720,259.993,Success.,1,0,0,0,0,0,1911,0,0,0,0,1911
BAAF3000-4,post-unbind,2026-10-05T11:22:12.740736+00:00,1791199332739371,1791199332740736,4815.009,Success.,1,1,0,0,0,0,23911,0,0,0,0,23911
BAAF3000-5,pre-bind,2026-10-05T11:22:15.160709+00:00,1791199335155739,1791199335160709,-0.029,Success.,1,1,0,0,0,0,23911,0,0,0,0,23911
BAAF3000-5,first-pdus-20,2026-10-05T11:22:15.190698+00:00,1791199335189380,1791199335190698,29.96,Success.,1,0,0,0,0,0,71,0,0,0,0,71
BAAF3000-5,first-pdus-100,2026-10-05T11:22:15.270745+00:00,1791199335269389,1791199335270745,110.007,Success.,1,0,0,0,0,0,711,0,0,0,0,711
BAAF3000-5,first-pdus-250,2026-10-05T11:22:15.420771+00:00,1791199335419392,1791199335420771,260.033,Success.,1,0,0,0,0,0,1911,0,0,0,0,1911
BAAF3000-5,post-unbind,2026-10-05T11:22:19.975782+00:00,1791199339974482,1791199339975782,4815.044,Success.,1,1,0,0,0,0,23911,0,0,0,0,23911
BCRF-edge1025-1,pre-bind,2026-10-05T11:34:04.285404+00:00,1791200044280436,1791200044285404,-0.041,Success.,1,1,0,0,0,0,885,0,0,0,0,885
BCRF-edge1025-1,first-pdus-20,2026-10-05T11:34:04.315407+00:00,1791200044314240,1791200044315407,29.962,Success.,1,0,0,0,0,0,4,0,0,0,0,4
BCRF-edge1025-1,first-pdus-100,2026-10-05T11:34:04.395429+00:00,1791200044394245,1791200044395429,109.984,Success.,1,0,0,0,0,0,44,0,0,0,0,44
BCRF-edge1025-1,first-pdus-250,2026-10-05T11:34:04.545458+00:00,1791200044544253,1791200044545458,260.013,Success.,1,0,0,0,0,0,119,0,0,0,0,119
BCRF-edge1025-1,post-unbind,2026-10-05T11:34:07.015412+00:00,1791200047014239,1791200047015412,2729.967,Success.,1,1,0,0,0,0,452,0,0,0,0,452
BCRF-edge1025-2,pre-bind,2026-10-05T11:34:09.390400+00:00,1791200049385424,1791200049390400,-0.027,Success.,1,1,0,0,0,0,452,0,0,0,0,452
BCRF-edge1025-2,first-pdus-20,2026-10-05T11:34:09.420404+00:00,1791200049419229,1791200049420404,29.977,Success.,1,0,0,0,0,0,5,0,0,0,0,5
BCRF-edge1025-2,first-pdus-100,2026-10-05T11:34:09.500416+00:00,1791200049499229,1791200049500416,109.989,Success.,1,0,0,0,0,0,45,0,0,0,0,45
BCRF-edge1025-2,first-pdus-250,2026-10-05T11:34:09.650432+00:00,1791200049649231,1791200049650432,260.005,Success.,1,0,0,0,0,0,120,0,0,0,0,120
BCRF-edge1025-2,post-unbind,2026-10-05T11:34:12.015416+00:00,1791200052014271,1791200052015416,2624.989,Success.,1,1,0,0,0,0,401,0,0,0,0,401
BCRF-edge1025-3,pre-bind,2026-10-05T11:34:14.310423+00:00,1791200054305491,1791200054310423,-0.034,Success.,1,1,0,0,0,0,401,0,0,0,0,401
BCRF-edge1025-3,first-pdus-20,2026-10-05T11:34:14.340419+00:00,1791200054339320,1791200054340419,29.962,Success.,1,0,0,0,0,0,5,0,0,0,0,5
BCRF-edge1025-3,first-pdus-100,2026-10-05T11:34:14.420439+00:00,1791200054419324,1791200054420439,109.982,Success.,1,0,0,0,0,0,45,0,0,0,0,45
BCRF-edge1025-3,first-pdus-250,2026-10-05T11:34:14.570442+00:00,1791200054569325,1791200054570442,259.985,Success.,1,0,0,0,0,0,120,0,0,0,0,120
BCRF-edge1025-3,post-unbind,2026-10-05T11:34:17.015485+00:00,1791200057014266,1791200057015485,2705.028,Success.,1,1,0,0,0,0,440,0,0,0,0,440
BCRF-edge1025-4,pre-bind,2026-10-05T11:34:19.230399+00:00,1791200059225419,1791200059230399,-0.026,Success.,1,1,0,0,0,0,440,0,0,0,0,440
BCRF-edge1025-4,first-pdus-20,2026-10-05T11:34:19.260400+00:00,1791200059259204,1791200059260400,29.975,Success.,1,0,0,0,0,0,5,0,0,0,0,5
BCRF-edge1025-4,first-pdus-100,2026-10-05T11:34:19.340440+00:00,1791200059339214,1791200059340440,110.015,Success.,1,0,0,0,0,0,45,0,0,0,0,45
BCRF-edge1025-4,first-pdus-250,2026-10-05T11:34:19.490438+00:00,1791200059489210,1791200059490438,260.013,Success.,1,0,0,0,0,0,120,0,0,0,0,120
BCRF-edge1025-4,post-unbind,2026-10-05T11:34:22.015439+00:00,1791200062014241,1791200062015439,2785.014,Success.,1,1,0,0,0,0,480,0,0,0,0,480
BCRF-edge1025-5,pre-bind,2026-10-05T11:34:24.380416+00:00,1791200064375423,1791200064380416,-0.029,Success.,1,1,0,0,0,0,480,0,0,0,0,480
BCRF-edge1025-5,first-pdus-20,2026-10-05T11:34:24.410427+00:00,1791200064409241,1791200064410427,29.982,Success.,1,0,0,0,0,0,5,0,0,0,0,5
BCRF-edge1025-5,first-pdus-100,2026-10-05T11:34:24.490463+00:00,1791200064489244,1791200064490463,110.018,Success.,1,0,0,0,0,0,45,0,0,0,0,45
BCRF-edge1025-5,first-pdus-250,2026-10-05T11:34:24.640468+00:00,1791200064639247,1791200064640468,260.023,Success.,1,0,0,0,0,0,120,0,0,0,0,120
BCRF-edge1025-5,post-unbind,2026-10-05T11:34:27.015407+00:00,1791200067014218,1791200067015407,2634.962,Success.,1,1,0,0,0,0,405,0,0,0,0,405
BCRF-edge975-1,pre-bind,2026-10-05T11:33:34.815390+00:00,1791200014810416,1791200014815390,-0.032,Success.,1,1,0,0,0,0,1496,0,0,0,0,1496
BCRF-edge975-1,first-pdus-20,2026-10-05T11:33:34.845396+00:00,1791200014844218,1791200014845396,29.974,Success.,0,0,0,0,0,0,0,0,0,0,0,0
BCRF-edge975-1,first-pdus-100,2026-10-05T11:33:34.925428+00:00,1791200014924224,1791200014925428,110.006,Success.,0,0,0,0,0,0,0,0,0,0,0,0
BCRF-edge975-1,first-pdus-250,2026-10-05T11:33:35.075400+00:00,1791200015074222,1791200015075400,259.978,Success.,1,0,0,0,0,0,32,0,0,0,0,32
BCRF-edge975-1,post-unbind,2026-10-05T11:33:37.960446+00:00,1791200017959282,1791200017960446,3145.024,Success.,1,1,0,0,0,0,572,0,0,0,0,572
BCRF-edge975-2,pre-bind,2026-10-05T11:33:40.275405+00:00,1791200020270419,1791200020275405,-0.029,Success.,1,1,0,0,0,0,572,0,0,0,0,572
BCRF-edge975-2,first-pdus-20,2026-10-05T11:33:40.305402+00:00,1791200020304229,1791200020305402,29.968,Success.,1,0,0,0,0,0,5,0,0,0,0,5
BCRF-edge975-2,first-pdus-100,2026-10-05T11:33:40.385428+00:00,1791200020384242,1791200020385428,109.994,Success.,1,0,0,0,0,0,45,0,0,0,0,45
BCRF-edge975-2,first-pdus-250,2026-10-05T11:33:40.535436+00:00,1791200020534243,1791200020535436,260.002,Success.,1,0,0,0,0,0,120,0,0,0,0,120
BCRF-edge975-2,post-unbind,2026-10-05T11:33:43.960466+00:00,1791200023959274,1791200023960466,3685.032,Success.,1,1,0,0,0,0,930,0,0,0,0,930
BCRF-edge975-3,pre-bind,2026-10-05T11:33:46.305401+00:00,1791200026300433,1791200026305401,-0.043,Success.,1,1,0,0,0,0,930,0,0,0,0,930
BCRF-edge975-3,first-pdus-20,2026-10-05T11:33:46.335407+00:00,1791200026334316,1791200026335407,29.963,Success.,1,0,0,0,0,0,5,0,0,0,0,5
BCRF-edge975-3,first-pdus-100,2026-10-05T11:33:46.415457+00:00,1791200026414319,1791200026415457,110.013,Success.,1,0,0,0,0,0,45,0,0,0,0,45
BCRF-edge975-3,first-pdus-250,2026-10-05T11:33:46.565445+00:00,1791200026564313,1791200026565445,260.001,Success.,1,0,0,0,0,0,120,0,0,0,0,120
BCRF-edge975-3,post-unbind,2026-10-05T11:33:49.960437+00:00,1791200029959247,1791200029960437,3654.993,Success.,1,1,0,0,0,0,915,0,0,0,0,915
BCRF-edge975-4,pre-bind,2026-10-05T11:33:52.255412+00:00,1791200032250438,1791200032255412,-0.036,Success.,1,1,0,0,0,0,915,0,0,0,0,915
BCRF-edge975-4,first-pdus-20,2026-10-05T11:33:52.285411+00:00,1791200032284259,1791200032285411,29.963,Success.,1,0,0,0,0,0,5,0,0,0,0,5
BCRF-edge975-4,first-pdus-100,2026-10-05T11:33:52.365422+00:00,1791200032364270,1791200032365422,109.974,Success.,1,0,0,0,0,0,45,0,0,0,0,45
BCRF-edge975-4,first-pdus-250,2026-10-05T11:33:52.515446+00:00,1791200032514271,1791200032515446,259.998,Success.,1,0,0,0,0,0,120,0,0,0,0,120
BCRF-edge975-4,post-unbind,2026-10-05T11:33:55.960509+00:00,1791200035959273,1791200035960509,3705.061,Success.,1,1,0,0,0,0,940,0,0,0,0,940
BCRF-edge975-5,pre-bind,2026-10-05T11:33:58.370431+00:00,1791200038365462,1791200038370431,-0.031,Success.,1,1,0,0,0,0,940,0,0,0,0,940
BCRF-edge975-5,first-pdus-20,2026-10-05T11:33:58.400431+00:00,1791200038399245,1791200038400431,29.969,Success.,1,0,0,0,0,0,5,0,0,0,0,5
BCRF-edge975-5,first-pdus-100,2026-10-05T11:33:58.480473+00:00,1791200038479250,1791200038480473,110.011,Success.,1,0,0,0,0,0,45,0,0,0,0,45
BCRF-edge975-5,first-pdus-250,2026-10-05T11:33:58.630496+00:00,1791200038629251,1791200038630496,260.034,Success.,1,0,0,0,0,0,120,0,0,0,0,120
BCRF-edge975-5,post-unbind,2026-10-05T11:34:01.965469+00:00,1791200041964275,1791200041965469,3595.007,Success.,1,1,0,0,0,0,885,0,0,0,0,885
BCRF0300-1,pre-bind,2026-10-05T11:26:46.156236+00:00,1791199606151269,1791199606156236,-0.047,Success.,1,1,0,0,0,0,326525,0,0,0,0,326525
BCRF0300-1,first-pdus-20,2026-10-05T11:26:46.191251+00:00,1791199606188079,1791199606191251,34.968,Success.,0,0,0,0,0,0,0,0,0,0,0,0
BCRF0300-1,first-pdus-100,2026-10-05T11:26:46.271258+00:00,1791199606268076,1791199606271258,114.975,Success.,1,0,0,0,0,0,4,0,0,0,0,4
BCRF0300-1,first-pdus-250,2026-10-05T11:26:46.421288+00:00,1791199606418076,1791199606421288,265.005,Success.,1,0,0,0,0,0,79,0,0,0,0,79
BCRF0300-1,post-unbind,2026-10-05T11:26:48.276331+00:00,1791199608273086,1791199608276331,2120.048,Success.,1,1,0,0,0,0,104,0,0,0,0,104
BCRF0300-2,pre-bind,2026-10-05T11:26:50.816198+00:00,1791199610811225,1791199610816198,-0.037,Success.,1,1,0,0,0,0,104,0,0,0,0,104
BCRF0300-2,first-pdus-20,2026-10-05T11:26:50.851196+00:00,1791199610848034,1791199610851196,34.961,Success.,1,0,0,0,0,0,6,0,0,0,0,6
BCRF0300-2,first-pdus-100,2026-10-05T11:26:50.931215+00:00,1791199610928027,1791199610931215,114.98,Success.,1,0,0,0,0,0,46,0,0,0,0,46
BCRF0300-2,first-pdus-250,2026-10-05T11:26:51.081229+00:00,1791199611078039,1791199611081229,264.994,Success.,1,0,0,0,0,0,121,0,0,0,0,121
BCRF0300-2,post-unbind,2026-10-05T11:26:52.936320+00:00,1791199612933086,1791199612936320,2120.085,Success.,1,1,0,0,0,0,146,0,0,0,0,146
BCRF0300-3,pre-bind,2026-10-05T11:26:55.496248+00:00,1791199615491311,1791199615496248,-0.083,Success.,1,1,0,0,0,0,146,0,0,0,0,146
BCRF0300-3,first-pdus-20,2026-10-05T11:26:55.531245+00:00,1791199615528158,1791199615531245,34.914,Success.,1,0,0,0,0,0,6,0,0,0,0,6
BCRF0300-3,first-pdus-100,2026-10-05T11:26:55.611346+00:00,1791199615608164,1791199615611346,115.015,Success.,1,0,0,0,0,0,46,0,0,0,0,46
BCRF0300-3,first-pdus-250,2026-10-05T11:26:55.761345+00:00,1791199615758155,1791199615761345,265.014,Success.,1,0,0,0,0,0,121,0,0,0,0,121
BCRF0300-3,post-unbind,2026-10-05T11:26:57.616343+00:00,1791199617613222,1791199617616343,2120.012,Success.,1,1,0,0,0,0,146,0,0,0,0,146
BCRF0300-4,pre-bind,2026-10-05T11:27:00.161226+00:00,1791199620156263,1791199620161226,-0.045,Success.,1,1,0,0,0,0,146,0,0,0,0,146
BCRF0300-4,first-pdus-20,2026-10-05T11:27:00.196263+00:00,1791199620193099,1791199620196263,34.992,Success.,0,0,0,0,0,0,0,0,0,0,0,0
BCRF0300-4,first-pdus-100,2026-10-05T11:27:00.276276+00:00,1791199620273101,1791199620276276,115.005,Success.,1,0,0,0,0,0,40,0,0,0,0,40
BCRF0300-4,first-pdus-250,2026-10-05T11:27:00.426271+00:00,1791199620423107,1791199620426271,265.0,Success.,1,0,0,0,0,0,115,0,0,0,0,115
BCRF0300-4,post-unbind,2026-10-05T11:27:02.281282+00:00,1791199622278129,1791199622281282,2120.011,Success.,1,1,0,0,0,0,140,0,0,0,0,140
BCRF0300-5,pre-bind,2026-10-05T11:27:04.906220+00:00,1791199624901252,1791199624906220,-0.048,Success.,1,1,0,0,0,0,140,0,0,0,0,140
BCRF0300-5,first-pdus-20,2026-10-05T11:27:04.941225+00:00,1791199624938218,1791199624941225,34.957,Success.,1,0,0,0,0,0,6,0,0,0,0,6
BCRF0300-5,first-pdus-100,2026-10-05T11:27:05.021274+00:00,1791199625018226,1791199625021274,115.006,Success.,1,0,0,0,0,0,46,0,0,0,0,46
BCRF0300-5,first-pdus-250,2026-10-05T11:27:05.171266+00:00,1791199625168222,1791199625171266,264.998,Success.,1,0,0,0,0,0,121,0,0,0,0,121
BCRF0300-5,post-unbind,2026-10-05T11:27:07.026286+00:00,1791199627023280,1791199627026286,2120.018,Success.,1,1,0,0,0,0,146,0,0,0,0,146
BCRF0600-1,pre-bind,2026-10-05T11:27:09.631219+00:00,1791199629626255,1791199629631219,-0.05,Success.,1,1,0,0,0,0,146,0,0,0,0,146
BCRF0600-1,first-pdus-20,2026-10-05T11:27:09.666239+00:00,1791199629663258,1791199629666239,34.97,Success.,1,0,0,0,0,0,6,0,0,0,0,6
BCRF0600-1,first-pdus-100,2026-10-05T11:27:09.746283+00:00,1791199629743252,1791199629746283,115.014,Success.,1,0,0,0,0,0,46,0,0,0,0,46
BCRF0600-1,first-pdus-250,2026-10-05T11:27:09.896281+00:00,1791199629893249,1791199629896281,265.012,Success.,1,0,0,0,0,0,121,0,0,0,0,121
BCRF0600-1,post-unbind,2026-10-05T11:27:12.051325+00:00,1791199632048252,1791199632051325,2420.056,Success.,1,1,0,0,0,0,296,0,0,0,0,296
BCRF0600-2,pre-bind,2026-10-05T11:27:14.556239+00:00,1791199634551281,1791199634556239,-0.034,Success.,1,1,0,0,0,0,296,0,0,0,0,296
BCRF0600-2,first-pdus-20,2026-10-05T11:27:14.591266+00:00,1791199634588219,1791199634591266,34.993,Success.,1,0,0,0,0,0,6,0,0,0,0,6
BCRF0600-2,first-pdus-100,2026-10-05T11:27:14.671328+00:00,1791199634668274,1791199634671328,115.055,Success.,1,0,0,0,0,0,46,0,0,0,0,46
BCRF0600-2,first-pdus-250,2026-10-05T11:27:14.821267+00:00,1791199634818248,1791199634821267,264.994,Success.,1,0,0,0,0,0,121,0,0,0,0,121
BCRF0600-2,post-unbind,2026-10-05T11:27:16.976258+00:00,1791199636973357,1791199636976258,2419.985,Success.,1,1,0,0,0,0,296,0,0,0,0,296
BCRF0600-3,pre-bind,2026-10-05T11:27:19.576249+00:00,1791199639571286,1791199639576249,-0.076,Success.,1,1,0,0,0,0,296,0,0,0,0,296
BCRF0600-3,first-pdus-20,2026-10-05T11:27:19.611276+00:00,1791199639608184,1791199639611276,34.951,Success.,1,0,0,0,0,0,6,0,0,0,0,6
BCRF0600-3,first-pdus-100,2026-10-05T11:27:19.691269+00:00,1791199639688169,1791199639691269,114.944,Success.,1,0,0,0,0,0,46,0,0,0,0,46
BCRF0600-3,first-pdus-250,2026-10-05T11:27:19.841340+00:00,1791199639838177,1791199639841340,265.015,Success.,1,0,0,0,0,0,121,0,0,0,0,121
BCRF0600-3,post-unbind,2026-10-05T11:27:21.996370+00:00,1791199641993187,1791199641996370,2420.045,Success.,1,1,0,0,0,0,296,0,0,0,0,296
BCRF0600-4,pre-bind,2026-10-05T11:27:24.621229+00:00,1791199644616285,1791199644621229,-0.056,Success.,1,1,0,0,0,0,296,0,0,0,0,296
BCRF0600-4,first-pdus-20,2026-10-05T11:27:24.656256+00:00,1791199644653273,1791199644656256,34.971,Success.,1,0,0,0,0,0,7,0,0,0,0,7
BCRF0600-4,first-pdus-100,2026-10-05T11:27:24.736289+00:00,1791199644733285,1791199644736289,115.004,Success.,1,0,0,0,0,0,47,0,0,0,0,47
BCRF0600-4,first-pdus-250,2026-10-05T11:27:24.886325+00:00,1791199644883288,1791199644886325,265.04,Success.,1,0,0,0,0,0,122,0,0,0,0,122
BCRF0600-4,post-unbind,2026-10-05T11:27:27.041294+00:00,1791199647038320,1791199647041294,2420.009,Success.,1,1,0,0,0,0,297,0,0,0,0,297
BCRF0600-5,pre-bind,2026-10-05T11:27:29.641210+00:00,1791199649636247,1791199649641210,-0.032,Success.,1,1,0,0,0,0,297,0,0,0,0,297
BCRF0600-5,first-pdus-20,2026-10-05T11:27:29.676213+00:00,1791199649673105,1791199649676213,34.971,Success.,1,0,0,0,0,0,6,0,0,0,0,6
BCRF0600-5,first-pdus-100,2026-10-05T11:27:29.756266+00:00,1791199649753132,1791199649756266,115.024,Success.,1,0,0,0,0,0,46,0,0,0,0,46
BCRF0600-5,first-pdus-250,2026-10-05T11:27:29.906264+00:00,1791199649903135,1791199649906264,265.022,Success.,1,0,0,0,0,0,121,0,0,0,0,121
BCRF0600-5,post-unbind,2026-10-05T11:27:32.061322+00:00,1791199652058143,1791199652061322,2420.08,Success.,1,1,0,0,0,0,296,0,0,0,0,296
BCRF0900-1,pre-bind,2026-10-05T11:27:34.719397+00:00,1791199654681472,1791199654719397,-0.26,Success.,1,1,0,0,0,0,296,0,0,0,0,296
BCRF0900-1,first-pdus-20,2026-10-05T11:27:34.756242+00:00,1791199654753505,1791199654756242,36.585,Success.,1,0,0,0,0,0,7,0,0,0,0,7
BCRF0900-1,first-pdus-100,2026-10-05T11:27:34.836272+00:00,1791199654833516,1791199654836272,116.615,Success.,1,0,0,0,0,0,47,0,0,0,0,47
BCRF0900-1,first-pdus-250,2026-10-05T11:27:34.986361+00:00,1791199654983533,1791199654986361,266.704,Success.,1,0,0,0,0,0,122,0,0,0,0,122
BCRF0900-1,post-unbind,2026-10-05T11:27:37.441323+00:00,1791199657438313,1791199657441323,2721.666,Success.,1,1,0,0,0,0,447,0,0,0,0,447
BCRF0900-2,pre-bind,2026-10-05T11:27:40.016253+00:00,1791199660011293,1791199660016253,-0.07,Success.,1,1,0,0,0,0,447,0,0,0,0,447
BCRF0900-2,first-pdus-20,2026-10-05T11:27:40.051343+00:00,1791199660048318,1791199660051343,35.02,Success.,0,0,0,0,0,0,0,0,0,0,0,0
BCRF0900-2,first-pdus-100,2026-10-05T11:27:40.131262+00:00,1791199660128279,1791199660131262,114.939,Success.,1,0,0,0,0,0,17,0,0,0,0,17
BCRF0900-2,first-pdus-250,2026-10-05T11:27:40.281359+00:00,1791199660278332,1791199660281359,265.036,Success.,1,0,0,0,0,0,92,0,0,0,0,92
BCRF0900-2,post-unbind,2026-10-05T11:27:42.736333+00:00,1791199662733233,1791199662736333,2720.01,Success.,1,1,0,0,0,0,417,0,0,0,0,417
BCRF0900-3,pre-bind,2026-10-05T11:27:45.151197+00:00,1791199665146224,1791199665151197,-0.034,Success.,1,1,0,0,0,0,417,0,0,0,0,417
BCRF0900-3,first-pdus-20,2026-10-05T11:27:45.186217+00:00,1791199665183124,1791199665186217,34.986,Success.,1,0,0,0,0,0,6,0,0,0,0,6
BCRF0900-3,first-pdus-100,2026-10-05T11:27:45.266227+00:00,1791199665263135,1791199665266227,114.996,Success.,1,0,0,0,0,0,46,0,0,0,0,46
BCRF0900-3,first-pdus-250,2026-10-05T11:27:45.416233+00:00,1791199665413150,1791199665416233,265.002,Success.,1,0,0,0,0,0,121,0,0,0,0,121
BCRF0900-3,post-unbind,2026-10-05T11:27:47.871265+00:00,1791199667868339,1791199667871265,2720.034,Success.,1,1,0,0,0,0,446,0,0,0,0,446
BCRF0900-4,pre-bind,2026-10-05T11:27:50.371209+00:00,1791199670366269,1791199670371209,-0.07,Success.,1,1,0,0,0,0,446,0,0,0,0,446
BCRF0900-4,first-pdus-20,2026-10-05T11:27:50.406201+00:00,1791199670403244,1791199670406201,34.922,Success.,1,0,0,0,0,0,6,0,0,0,0,6
BCRF0900-4,first-pdus-100,2026-10-05T11:27:50.486224+00:00,1791199670483257,1791199670486224,114.945,Success.,1,0,0,0,0,0,46,0,0,0,0,46
BCRF0900-4,first-pdus-250,2026-10-05T11:27:50.636236+00:00,1791199670633273,1791199670636236,264.957,Success.,1,0,0,0,0,0,121,0,0,0,0,121
BCRF0900-4,post-unbind,2026-10-05T11:27:53.091229+00:00,1791199673088338,1791199673091229,2719.95,Success.,1,1,0,0,0,0,446,0,0,0,0,446
BCRF0900-5,pre-bind,2026-10-05T11:27:55.606224+00:00,1791199675601244,1791199675606224,-0.042,Success.,1,1,0,0,0,0,446,0,0,0,0,446
BCRF0900-5,first-pdus-20,2026-10-05T11:27:55.641217+00:00,1791199675638111,1791199675641217,34.951,Success.,1,0,0,0,0,0,6,0,0,0,0,6
BCRF0900-5,first-pdus-100,2026-10-05T11:27:55.721229+00:00,1791199675718118,1791199675721229,114.963,Success.,1,0,0,0,0,0,46,0,0,0,0,46
BCRF0900-5,first-pdus-250,2026-10-05T11:27:55.871263+00:00,1791199675868116,1791199675871263,264.997,Success.,1,0,0,0,0,0,121,0,0,0,0,121
BCRF0900-5,post-unbind,2026-10-05T11:27:58.326250+00:00,1791199678323240,1791199678326250,2719.984,Success.,1,1,0,0,0,0,446,0,0,0,0,446
BCRF1000-1,pre-bind,2026-10-05T11:28:00.876228+00:00,1791199680871273,1791199680876228,-0.056,Success.,1,1,0,0,0,0,446,0,0,0,0,446
BCRF1000-1,first-pdus-20,2026-10-05T11:28:00.911251+00:00,1791199680908247,1791199680911251,34.967,Success.,1,0,0,0,0,0,7,0,0,0,0,7
BCRF1000-1,first-pdus-100,2026-10-05T11:28:00.991269+00:00,1791199680988250,1791199680991269,114.985,Success.,1,0,0,0,0,0,47,0,0,0,0,47
BCRF1000-1,first-pdus-250,2026-10-05T11:28:01.141242+00:00,1791199681138237,1791199681141242,264.958,Success.,1,0,0,0,0,0,122,0,0,0,0,122
BCRF1000-1,post-unbind,2026-10-05T11:28:03.696223+00:00,1791199683693286,1791199683696223,2819.939,Success.,1,1,0,0,0,0,497,0,0,0,0,497
BCRF1000-2,pre-bind,2026-10-05T11:28:06.156194+00:00,1791199686151235,1791199686156194,-0.047,Success.,1,1,0,0,0,0,497,0,0,0,0,497
BCRF1000-2,first-pdus-20,2026-10-05T11:28:06.191209+00:00,1791199686188230,1791199686191209,34.968,Success.,1,0,0,0,0,0,7,0,0,0,0,7
BCRF1000-2,first-pdus-100,2026-10-05T11:28:06.271229+00:00,1791199686268229,1791199686271229,114.988,Success.,1,0,0,0,0,0,47,0,0,0,0,47
BCRF1000-2,first-pdus-250,2026-10-05T11:28:06.421226+00:00,1791199686418230,1791199686421226,264.985,Success.,1,0,0,0,0,0,122,0,0,0,0,122
BCRF1000-2,post-unbind,2026-10-05T11:28:08.976249+00:00,1791199688973290,1791199688976249,2820.008,Success.,1,1,0,0,0,0,497,0,0,0,0,497
BCRF1000-3,pre-bind,2026-10-05T11:28:11.571239+00:00,1791199691566272,1791199691571239,-0.04,Success.,1,1,0,0,0,0,497,0,0,0,0,497
BCRF1000-3,first-pdus-20,2026-10-05T11:28:11.606259+00:00,1791199691603220,1791199691606259,34.98,Success.,1,0,0,0,0,0,6,0,0,0,0,6
BCRF1000-3,first-pdus-100,2026-10-05T11:28:11.687144+00:00,1791199691683343,1791199691687144,115.865,Success.,1,0,0,0,0,0,46,0,0,0,0,46
BCRF1000-3,first-pdus-250,2026-10-05T11:28:11.836278+00:00,1791199691833243,1791199691836278,264.999,Success.,1,0,0,0,0,0,121,0,0,0,0,121
BCRF1000-3,post-unbind,2026-10-05T11:28:14.391345+00:00,1791199694388200,1791199694391345,2820.066,Success.,1,1,0,0,0,0,496,0,0,0,0,496
BCRF1000-4,pre-bind,2026-10-05T11:28:16.991217+00:00,1791199696986240,1791199696991217,-0.028,Success.,1,1,0,0,0,0,496,0,0,0,0,496
BCRF1000-4,first-pdus-20,2026-10-05T11:28:17.026236+00:00,1791199697023123,1791199697026236,34.991,Success.,1,0,0,0,0,0,6,0,0,0,0,6
BCRF1000-4,first-pdus-100,2026-10-05T11:28:17.106257+00:00,1791199697103120,1791199697106257,115.012,Success.,1,0,0,0,0,0,46,0,0,0,0,46
BCRF1000-4,first-pdus-250,2026-10-05T11:28:17.256281+00:00,1791199697253123,1791199697256281,265.036,Success.,1,0,0,0,0,0,121,0,0,0,0,121
BCRF1000-4,post-unbind,2026-10-05T11:28:19.811235+00:00,1791199699808207,1791199699811235,2819.99,Success.,1,1,0,0,0,0,496,0,0,0,0,496
BCRF1000-5,pre-bind,2026-10-05T11:28:22.416224+00:00,1791199702411247,1791199702416224,-0.032,Success.,1,1,0,0,0,0,496,0,0,0,0,496
BCRF1000-5,first-pdus-20,2026-10-05T11:28:22.451222+00:00,1791199702448103,1791199702451222,34.966,Success.,1,0,0,0,0,0,6,0,0,0,0,6
BCRF1000-5,first-pdus-100,2026-10-05T11:28:22.531252+00:00,1791199702528116,1791199702531252,114.996,Success.,1,0,0,0,0,0,46,0,0,0,0,46
BCRF1000-5,first-pdus-250,2026-10-05T11:28:22.681234+00:00,1791199702678092,1791199702681234,264.978,Success.,1,0,0,0,0,0,121,0,0,0,0,121
BCRF1000-5,post-unbind,2026-10-05T11:28:25.236242+00:00,1791199705233217,1791199705236242,2819.986,Success.,1,1,0,0,0,0,496,0,0,0,0,496
BCRF1100-1,pre-bind,2026-10-05T11:28:27.826221+00:00,1791199707821273,1791199707826221,-0.071,Success.,1,1,0,0,0,0,496,0,0,0,0,496
BCRF1100-1,first-pdus-20,2026-10-05T11:28:27.861239+00:00,1791199707858413,1791199707861239,34.947,Success.,1,0,0,0,0,0,7,0,0,0,0,7
BCRF1100-1,first-pdus-100,2026-10-05T11:28:27.941285+00:00,1791199707938438,1791199707941285,114.993,Success.,1,0,0,0,0,0,47,0,0,0,0,47
BCRF1100-1,first-pdus-250,2026-10-05T11:28:28.091260+00:00,1791199708088460,1791199708091260,264.968,Success.,1,0,0,0,0,0,122,0,0,0,0,122
BCRF1100-1,post-unbind,2026-10-05T11:28:30.746280+00:00,1791199710743370,1791199710746280,2919.988,Success.,1,1,0,0,0,0,547,0,0,0,0,547
BCRF1100-2,pre-bind,2026-10-05T11:28:33.301209+00:00,1791199713296254,1791199713301209,-0.036,Success.,1,1,0,0,0,0,547,0,0,0,0,547
BCRF1100-2,first-pdus-20,2026-10-05T11:28:33.336229+00:00,1791199713333144,1791199713336229,34.984,Success.,1,0,0,0,0,0,6,0,0,0,0,6
BCRF1100-2,first-pdus-100,2026-10-05T11:28:33.416275+00:00,1791199713413146,1791199713416275,115.03,Success.,1,0,0,0,0,0,46,0,0,0,0,46
BCRF1100-2,first-pdus-250,2026-10-05T11:28:33.566275+00:00,1791199713563174,1791199713566275,265.03,Success.,1,0,0,0,0,0,121,0,0,0,0,121
BCRF1100-2,post-unbind,2026-10-05T11:28:36.221277+00:00,1791199716218353,1791199716221277,2920.032,Success.,1,1,0,0,0,0,546,0,0,0,0,546
BCRF1100-3,pre-bind,2026-10-05T11:28:38.746227+00:00,1791199718741256,1791199718746227,-0.091,Success.,1,1,0,0,0,0,546,0,0,0,0,546
BCRF1100-3,first-pdus-20,2026-10-05T11:28:38.781259+00:00,1791199718778238,1791199718781259,34.941,Success.,1,0,0,0,0,0,6,0,0,0,0,6
BCRF1100-3,first-pdus-100,2026-10-05T11:28:38.861273+00:00,1791199718858239,1791199718861273,114.955,Success.,1,0,0,0,0,0,46,0,0,0,0,46
BCRF1100-3,first-pdus-250,2026-10-05T11:28:39.011281+00:00,1791199719008251,1791199719011281,264.963,Success.,1,0,0,0,0,0,121,0,0,0,0,121
BCRF1100-3,post-unbind,2026-10-05T11:28:41.666350+00:00,1791199721663323,1791199721666350,2920.032,Success.,1,1,0,0,0,0,546,0,0,0,0,546
BCRF1100-4,pre-bind,2026-10-05T11:28:44.201221+00:00,1791199724196237,1791199724201221,-0.03,Success.,1,1,0,0,0,0,546,0,0,0,0,546
BCRF1100-4,first-pdus-20,2026-10-05T11:28:44.236257+00:00,1791199724233080,1791199724236257,35.006,Success.,1,0,0,0,0,0,7,0,0,0,0,7
BCRF1100-4,first-pdus-100,2026-10-05T11:28:44.316260+00:00,1791199724313079,1791199724316260,115.009,Success.,1,0,0,0,0,0,47,0,0,0,0,47
BCRF1100-4,first-pdus-250,2026-10-05T11:28:44.466264+00:00,1791199724463081,1791199724466264,265.013,Success.,1,0,0,0,0,0,122,0,0,0,0,122
BCRF1100-4,post-unbind,2026-10-05T11:28:47.121242+00:00,1791199727118227,1791199727121242,2919.991,Success.,1,1,0,0,0,0,547,0,0,0,0,547
BCRF1100-5,pre-bind,2026-10-05T11:28:49.631208+00:00,1791199729626265,1791199729631208,-0.048,Success.,1,1,0,0,0,0,547,0,0,0,0,547
BCRF1100-5,first-pdus-20,2026-10-05T11:28:49.666223+00:00,1791199729663229,1791199729666223,34.967,Success.,1,0,0,0,0,0,6,0,0,0,0,6
BCRF1100-5,first-pdus-100,2026-10-05T11:28:49.746294+00:00,1791199729743258,1791199729746294,115.038,Success.,1,0,0,0,0,0,46,0,0,0,0,46
BCRF1100-5,first-pdus-250,2026-10-05T11:28:49.896283+00:00,1791199729893248,1791199729896283,265.027,Success.,1,0,0,0,0,0,121,0,0,0,0,121
BCRF1100-5,post-unbind,2026-10-05T11:28:52.551319+00:00,1791199732548339,1791199732551319,2920.063,Success.,1,1,0,0,0,0,546,0,0,0,0,546
BCRF1500-1,pre-bind,2026-10-05T11:28:55.136230+00:00,1791199735131263,1791199735136230,-0.044,Success.,1,1,0,0,0,0,546,0,0,0,0,546
BCRF1500-1,first-pdus-20,2026-10-05T11:28:55.171256+00:00,1791199735168134,1791199735171256,34.982,Success.,1,0,0,0,0,0,6,0,0,0,0,6
BCRF1500-1,first-pdus-100,2026-10-05T11:28:55.251323+00:00,1791199735248156,1791199735251323,115.049,Success.,1,0,0,0,0,0,46,0,0,0,0,46
BCRF1500-1,first-pdus-250,2026-10-05T11:28:55.401379+00:00,1791199735398145,1791199735401379,265.105,Success.,1,0,0,0,0,0,121,0,0,0,0,121
BCRF1500-1,post-unbind,2026-10-05T11:28:58.456327+00:00,1791199738453248,1791199738456327,3320.053,Success.,1,1,0,0,0,0,746,0,0,0,0,746
BCRF1500-2,pre-bind,2026-10-05T11:29:01.016222+00:00,1791199741011260,1791199741016222,-0.037,Success.,1,1,0,0,0,0,746,0,0,0,0,746
BCRF1500-2,first-pdus-20,2026-10-05T11:29:01.051255+00:00,1791199741048156,1791199741051255,34.996,Success.,1,0,0,0,0,0,6,0,0,0,0,6
BCRF1500-2,first-pdus-100,2026-10-05T11:29:01.131264+00:00,1791199741128176,1791199741131264,115.005,Success.,1,0,0,0,0,0,46,0,0,0,0,46
BCRF1500-2,first-pdus-250,2026-10-05T11:29:01.281285+00:00,1791199741278159,1791199741281285,265.026,Success.,1,0,0,0,0,0,121,0,0,0,0,121
BCRF1500-2,post-unbind,2026-10-05T11:29:04.336329+00:00,1791199744333326,1791199744336329,3320.07,Success.,1,1,0,0,0,0,746,0,0,0,0,746
BCRF1500-3,pre-bind,2026-10-05T11:29:06.961243+00:00,1791199746956265,1791199746961243,-0.034,Success.,1,1,0,0,0,0,746,0,0,0,0,746
BCRF1500-3,first-pdus-20,2026-10-05T11:29:06.996280+00:00,1791199746993213,1791199746996280,35.003,Success.,1,0,0,0,0,0,7,0,0,0,0,7
BCRF1500-3,first-pdus-100,2026-10-05T11:29:07.076321+00:00,1791199747073204,1791199747076321,115.044,Success.,1,0,0,0,0,0,47,0,0,0,0,47
BCRF1500-3,first-pdus-250,2026-10-05T11:29:07.226341+00:00,1791199747223188,1791199747226341,265.064,Success.,1,0,0,0,0,0,122,0,0,0,0,122
BCRF1500-3,post-unbind,2026-10-05T11:29:10.281268+00:00,1791199750278250,1791199750281268,3319.991,Success.,1,1,0,0,0,0,747,0,0,0,0,747
BCRF1500-4,pre-bind,2026-10-05T11:29:12.916270+00:00,1791199752911316,1791199752916270,-0.059,Success.,1,1,0,0,0,0,747,0,0,0,0,747
BCRF1500-4,first-pdus-20,2026-10-05T11:29:12.951342+00:00,1791199752948155,1791199752951342,35.013,Success.,1,0,0,0,0,0,6,0,0,0,0,6
BCRF1500-4,first-pdus-100,2026-10-05T11:29:13.031338+00:00,1791199753028152,1791199753031338,115.009,Success.,1,0,0,0,0,0,46,0,0,0,0,46
BCRF1500-4,first-pdus-250,2026-10-05T11:29:13.181270+00:00,1791199753178173,1791199753181270,264.941,Success.,1,0,0,0,0,0,121,0,0,0,0,121
BCRF1500-4,post-unbind,2026-10-05T11:29:16.236346+00:00,1791199756233274,1791199756236346,3320.017,Success.,1,1,0,0,0,0,746,0,0,0,0,746
BCRF1500-5,pre-bind,2026-10-05T11:29:18.856208+00:00,1791199758851237,1791199758856208,-0.043,Success.,1,1,0,0,0,0,746,0,0,0,0,746
BCRF1500-5,first-pdus-20,2026-10-05T11:29:18.891249+00:00,1791199758888143,1791199758891249,34.998,Success.,1,0,0,0,0,0,6,0,0,0,0,6
BCRF1500-5,first-pdus-100,2026-10-05T11:29:18.971327+00:00,1791199758968139,1791199758971327,115.076,Success.,1,0,0,0,0,0,46,0,0,0,0,46
BCRF1500-5,first-pdus-250,2026-10-05T11:29:19.121403+00:00,1791199759118174,1791199759121403,265.152,Success.,1,0,0,0,0,0,121,0,0,0,0,121
BCRF1500-5,post-unbind,2026-10-05T11:29:22.176346+00:00,1791199762173291,1791199762176346,3320.095,Success.,1,1,0,0,0,0,746,0,0,0,0,746
BCRF3000-1,pre-bind,2026-10-05T11:29:24.701205+00:00,1791199764696252,1791199764701205,-0.054,Success.,1,1,0,0,0,0,746,0,0,0,0,746
BCRF3000-1,first-pdus-20,2026-10-05T11:29:24.736226+00:00,1791199764733148,1791199764736226,34.967,Success.,1,0,0,0,0,0,6,0,0,0,0,6
BCRF3000-1,first-pdus-100,2026-10-05T11:29:24.816224+00:00,1791199764813153,1791199764816224,114.965,Success.,1,0,0,0,0,0,46,0,0,0,0,46
BCRF3000-1,first-pdus-250,2026-10-05T11:29:24.966288+00:00,1791199764963150,1791199764966288,265.029,Success.,1,0,0,0,0,0,121,0,0,0,0,121
BCRF3000-1,post-unbind,2026-10-05T11:29:29.521333+00:00,1791199769518184,1791199769521333,4820.074,Success.,1,1,0,0,0,0,1496,0,0,0,0,1496
BCRF3000-2,pre-bind,2026-10-05T11:29:33.091202+00:00,1791199773086229,1791199773091202,-0.037,Success.,1,1,0,0,0,0,1496,0,0,0,0,1496
BCRF3000-2,first-pdus-20,2026-10-05T11:29:33.126246+00:00,1791199773123133,1791199773126246,35.007,Success.,1,0,0,0,0,0,6,0,0,0,0,6
BCRF3000-2,first-pdus-100,2026-10-05T11:29:33.206236+00:00,1791199773203136,1791199773206236,114.997,Success.,1,0,0,0,0,0,46,0,0,0,0,46
BCRF3000-2,first-pdus-250,2026-10-05T11:29:33.356282+00:00,1791199773353140,1791199773356282,265.043,Success.,1,0,0,0,0,0,121,0,0,0,0,121
BCRF3000-2,post-unbind,2026-10-05T11:29:37.911267+00:00,1791199777908244,1791199777911267,4820.028,Success.,1,1,0,0,0,0,1496,0,0,0,0,1496
BCRF3000-3,pre-bind,2026-10-05T11:29:40.441232+00:00,1791199780436266,1791199780441232,-0.04,Success.,1,1,0,0,0,0,1496,0,0,0,0,1496
BCRF3000-3,first-pdus-20,2026-10-05T11:29:40.476265+00:00,1791199780473065,1791199780476265,34.993,Success.,1,0,0,0,0,0,6,0,0,0,0,6
BCRF3000-3,first-pdus-100,2026-10-05T11:29:40.556367+00:00,1791199780553069,1791199780556367,115.095,Success.,1,0,0,0,0,0,46,0,0,0,0,46
BCRF3000-3,first-pdus-250,2026-10-05T11:29:40.706284+00:00,1791199780703066,1791199780706284,265.012,Success.,1,0,0,0,0,0,121,0,0,0,0,121
BCRF3000-3,post-unbind,2026-10-05T11:29:45.261325+00:00,1791199785258213,1791199785261325,4820.053,Success.,1,1,0,0,0,0,1496,0,0,0,0,1496
BCRF3000-4,pre-bind,2026-10-05T11:29:47.866203+00:00,1791199787861262,1791199787866203,-0.074,Success.,1,1,0,0,0,0,1496,0,0,0,0,1496
BCRF3000-4,first-pdus-20,2026-10-05T11:29:47.901209+00:00,1791199787898270,1791199787901209,34.932,Success.,1,0,0,0,0,0,6,0,0,0,0,6
BCRF3000-4,first-pdus-100,2026-10-05T11:29:47.981238+00:00,1791199787978333,1791199787981238,114.961,Success.,1,0,0,0,0,0,46,0,0,0,0,46
BCRF3000-4,first-pdus-250,2026-10-05T11:29:48.131262+00:00,1791199788128320,1791199788131262,264.985,Success.,1,0,0,0,0,0,121,0,0,0,0,121
BCRF3000-4,post-unbind,2026-10-05T11:29:52.686248+00:00,1791199792683227,1791199792686248,4819.971,Success.,1,1,0,0,0,0,1496,0,0,0,0,1496
BCRF3000-5,pre-bind,2026-10-05T11:29:55.186203+00:00,1791199795181267,1791199795186203,-0.523,Success.,1,1,0,0,0,0,1496,0,0,0,0,1496
BCRF3000-5,first-pdus-20,2026-10-05T11:29:55.221253+00:00,1791199795218084,1791199795221253,34.527,Success.,1,0,0,0,0,0,6,0,0,0,0,6
BCRF3000-5,first-pdus-100,2026-10-05T11:29:55.301275+00:00,1791199795298088,1791199795301275,114.549,Success.,1,0,0,0,0,0,46,0,0,0,0,46
BCRF3000-5,first-pdus-250,2026-10-05T11:29:55.451267+00:00,1791199795448080,1791199795451267,264.541,Success.,1,0,0,0,0,0,121,0,0,0,0,121
BCRF3000-5,post-unbind,2026-10-05T11:30:00.007155+00:00,1791199800003371,1791199800007155,4820.429,Success.,1,1,0,0,0,0,1496,0,0,0,0,1496
