
 /----------------------------------------------------------------------------\
 |  yosys -- Yosys Open SYnthesis Suite                                       |
 |  Copyright (C) 2012 - 2026  Claire Xenia Wolf <claire@yosyshq.com>         |
 |  Distributed under an ISC-like license, type "license" to see terms        |
 \----------------------------------------------------------------------------/
 Yosys 0.66 (git sha1 86f2ddebc-dirty, g++ 16.1.1 -march=x86-64 -mtune=generic -O2 -fno-plt -fexceptions -fstack-clash-protection -fcf-protection -fno-omit-frame-pointer -mno-omit-leaf-frame-pointer -ffile-prefix-map=/build/yosys/src=/usr/src/debug/yosys -fPIC -O3) [startdir/yosys at makepkg]

-- Executing script file `neg_3.ys' --

1. Executing Verilog-2005 frontend: neg_3.v
Parsing SystemVerilog input from `neg_3.v' to AST representation.
Generating RTLIL representation for module `\KL_pp_nvm_port'.
Successfully finished Verilog frontend.
Parameter \MEM_TIMEOUT_CYC_P = 3

2. Executing AST frontend in derive mode using pre-parsed AST for module `\KL_pp_nvm_port'.
Parameter \MEM_TIMEOUT_CYC_P = 3
Generating RTLIL representation for module `$paramod\KL_pp_nvm_port\MEM_TIMEOUT_CYC_P=32'00000000000000000000000000000011'.

3. Executing PREP pass.

3.1. Executing HIERARCHY pass (managing design hierarchy).

3.1.1. Analyzing design hierarchy..
Top module:  \KL_pp_nvm_port

3.1.2. Analyzing design hierarchy..
Top module:  \KL_pp_nvm_port
Removed 0 unused modules.

3.2. Executing PROC pass (convert processes to netlists).

3.2.1. Executing PROC_CLEAN pass (remove empty switches from decision trees).
Found and cleaned up 1 empty switch in `\KL_pp_nvm_port.$proc$neg_3.v:394$544'.
Cleaned up 1 empty switch.

3.2.2. Executing PROC_RMDEAD pass (remove dead branches from decision trees).
Marked 2 switch rules as full_case in process $proc$neg_3.v:128$370 in module KL_pp_nvm_port.
Marked 3 switch rules as full_case in process $proc$neg_3.v:136$377 in module KL_pp_nvm_port.
Removed 1 dead cases from process $proc$neg_3.v:156$389 in module KL_pp_nvm_port.
Marked 21 switch rules as full_case in process $proc$neg_3.v:156$389 in module KL_pp_nvm_port.
Marked 3 switch rules as full_case in process $proc$neg_3.v:372$504 in module KL_pp_nvm_port.
Marked 1 switch rules as full_case in process $proc$neg_3.v:394$544 in module KL_pp_nvm_port.
Removed a total of 1 dead cases.

3.2.3. Executing PROC_PRUNE pass (remove redundant assignments in processes).
Removed 1 redundant assignment.
Promoted 19 assignments to connections.

3.2.4. Executing PROC_INIT pass (extract init attributes).

3.2.5. Executing PROC_ARST pass (detect async resets in processes).

3.2.6. Executing PROC_ROM pass (convert switches to ROMs).
Converted 0 switches.
<suppressed ~61 debug messages>

3.2.7. Executing PROC_MUX pass (convert decision trees to multiplexers).
Creating decoders for process `\KL_pp_nvm_port.$proc$neg_3.v:128$370'.
     1/1: $0\tmo_r[1:0]
Creating decoders for process `\KL_pp_nvm_port.$proc$neg_3.v:136$377'.
     1/3: $0\lg_r[0:0]
     2/3: $0\owed_rd_r[0:0]
     3/3: $0\owed_r[0:0]
Creating decoders for process `\KL_pp_nvm_port.$proc$neg_3.v:156$389'.
     1/37: $4$memwr$\hdr_r$neg_3.v:285$292_EN[7:0]$464
     2/37: $4$memwr$\hdr_r$neg_3.v:285$292_DATA[7:0]$463
     3/37: $4$memwr$\hdr_r$neg_3.v:285$292_ADDR[2:0]$462
     4/37: $3$memwr$\hdr_r$neg_3.v:285$292_EN[7:0]$461
     5/37: $3$memwr$\hdr_r$neg_3.v:285$292_DATA[7:0]$460
     6/37: $3$memwr$\hdr_r$neg_3.v:285$292_ADDR[2:0]$459
     7/37: $3$memwr$\hdr_r$neg_3.v:187$291_EN[7:0]$429
     8/37: $3$memwr$\hdr_r$neg_3.v:187$291_DATA[7:0]$428
     9/37: $3$memwr$\hdr_r$neg_3.v:187$291_ADDR[2:0]$427
    10/37: $2$memwr$\hdr_r$neg_3.v:285$292_EN[7:0]$425
    11/37: $2$memwr$\hdr_r$neg_3.v:285$292_DATA[7:0]$424
    12/37: $2$memwr$\hdr_r$neg_3.v:285$292_ADDR[2:0]$423
    13/37: $2$memwr$\hdr_r$neg_3.v:187$291_EN[7:0]$422
    14/37: $2$memwr$\hdr_r$neg_3.v:187$291_DATA[7:0]$421
    15/37: $2$memwr$\hdr_r$neg_3.v:187$291_ADDR[2:0]$420
    16/37: $1\nvm_port_fsm.sv2v_autoblock_1.i[31:0]
    17/37: $1$memwr$\hdr_r$neg_3.v:168$290_EN[7:0]$412
    18/37: $1$memwr$\hdr_r$neg_3.v:168$289_EN[7:0]$411
    19/37: $1$memwr$\hdr_r$neg_3.v:168$288_EN[7:0]$410
    20/37: $1$memwr$\hdr_r$neg_3.v:168$287_EN[7:0]$409
    21/37: $1$memwr$\hdr_r$neg_3.v:168$286_EN[7:0]$408
    22/37: $1$memwr$\hdr_r$neg_3.v:168$285_EN[7:0]$407
    23/37: $1$memwr$\hdr_r$neg_3.v:168$284_EN[7:0]$406
    24/37: $1$memwr$\hdr_r$neg_3.v:168$283_EN[7:0]$405
    25/37: $1$memwr$\hdr_r$neg_3.v:285$292_EN[7:0]$418
    26/37: $1$memwr$\hdr_r$neg_3.v:285$292_DATA[7:0]$417
    27/37: $1$memwr$\hdr_r$neg_3.v:285$292_ADDR[2:0]$416
    28/37: $1$memwr$\hdr_r$neg_3.v:187$291_EN[7:0]$415
    29/37: $1$memwr$\hdr_r$neg_3.v:187$291_DATA[7:0]$414
    30/37: $1$memwr$\hdr_r$neg_3.v:187$291_ADDR[2:0]$413
    31/37: $0\done_seen_r[0:0]
    32/37: $0\rec_r[7:0]
    33/37: $0\plen_r[15:0]
    34/37: $0\bcnt_r[15:0]
    35/37: $0\hidx_r[2:0]
    36/37: $0\err_r[0:0]
    37/37: $0\state_r[3:0]
Creating decoders for process `\KL_pp_nvm_port.$proc$neg_3.v:372$504'.
     1/1: $0\cause_r[1:0]
Creating decoders for process `\KL_pp_nvm_port.$proc$neg_3.v:394$544'.
     1/3: $1\dev_op_o[1:0]
     2/3: $1\dev_len_o[15:0]
     3/3: $1\dev_offset_o[15:0]
Creating decoders for process `\KL_pp_nvm_port.$proc$neg_3.v:416$555'.

3.2.8. Executing PROC_DLATCH pass (convert process syncs to latches).
No latch inferred for signal `\KL_pp_nvm_port.\dev_op_o' from process `\KL_pp_nvm_port.$proc$neg_3.v:394$544'.
No latch inferred for signal `\KL_pp_nvm_port.\dev_offset_o' from process `\KL_pp_nvm_port.$proc$neg_3.v:394$544'.
No latch inferred for signal `\KL_pp_nvm_port.\dev_len_o' from process `\KL_pp_nvm_port.$proc$neg_3.v:394$544'.
No latch inferred for signal `\KL_pp_nvm_port.\_sv2v_0' from process `\KL_pp_nvm_port.$proc$neg_3.v:416$555'.

3.2.9. Executing PROC_DFF pass (convert process syncs to FFs).
Creating register for signal `\KL_pp_nvm_port.\tmo_r' using process `\KL_pp_nvm_port.$proc$neg_3.v:128$370'.
  created $dff cell `$procdff$1317' with positive edge clock.
Creating register for signal `\KL_pp_nvm_port.\owed_r' using process `\KL_pp_nvm_port.$proc$neg_3.v:136$377'.
  created $dff cell `$procdff$1318' with positive edge clock.
Creating register for signal `\KL_pp_nvm_port.\owed_rd_r' using process `\KL_pp_nvm_port.$proc$neg_3.v:136$377'.
  created $dff cell `$procdff$1319' with positive edge clock.
Creating register for signal `\KL_pp_nvm_port.\lg_r' using process `\KL_pp_nvm_port.$proc$neg_3.v:136$377'.
  created $dff cell `$procdff$1320' with positive edge clock.
Creating register for signal `\KL_pp_nvm_port.\state_r' using process `\KL_pp_nvm_port.$proc$neg_3.v:156$389'.
  created $dff cell `$procdff$1321' with positive edge clock.
Creating register for signal `\KL_pp_nvm_port.\err_r' using process `\KL_pp_nvm_port.$proc$neg_3.v:156$389'.
  created $dff cell `$procdff$1322' with positive edge clock.
Creating register for signal `\KL_pp_nvm_port.\hidx_r' using process `\KL_pp_nvm_port.$proc$neg_3.v:156$389'.
  created $dff cell `$procdff$1323' with positive edge clock.
Creating register for signal `\KL_pp_nvm_port.\bcnt_r' using process `\KL_pp_nvm_port.$proc$neg_3.v:156$389'.
  created $dff cell `$procdff$1324' with positive edge clock.
Creating register for signal `\KL_pp_nvm_port.\plen_r' using process `\KL_pp_nvm_port.$proc$neg_3.v:156$389'.
  created $dff cell `$procdff$1325' with positive edge clock.
Creating register for signal `\KL_pp_nvm_port.\rec_r' using process `\KL_pp_nvm_port.$proc$neg_3.v:156$389'.
  created $dff cell `$procdff$1326' with positive edge clock.
Creating register for signal `\KL_pp_nvm_port.\done_seen_r' using process `\KL_pp_nvm_port.$proc$neg_3.v:156$389'.
  created $dff cell `$procdff$1327' with positive edge clock.
Creating register for signal `\KL_pp_nvm_port.\nvm_port_fsm.sv2v_autoblock_1.i' using process `\KL_pp_nvm_port.$proc$neg_3.v:156$389'.
  created $dff cell `$procdff$1328' with positive edge clock.
Creating register for signal `\KL_pp_nvm_port.$memwr$\hdr_r$neg_3.v:168$283_EN' using process `\KL_pp_nvm_port.$proc$neg_3.v:156$389'.
  created $dff cell `$procdff$1329' with positive edge clock.
Creating register for signal `\KL_pp_nvm_port.$memwr$\hdr_r$neg_3.v:168$284_EN' using process `\KL_pp_nvm_port.$proc$neg_3.v:156$389'.
  created $dff cell `$procdff$1330' with positive edge clock.
Creating register for signal `\KL_pp_nvm_port.$memwr$\hdr_r$neg_3.v:168$285_EN' using process `\KL_pp_nvm_port.$proc$neg_3.v:156$389'.
  created $dff cell `$procdff$1331' with positive edge clock.
Creating register for signal `\KL_pp_nvm_port.$memwr$\hdr_r$neg_3.v:168$286_EN' using process `\KL_pp_nvm_port.$proc$neg_3.v:156$389'.
  created $dff cell `$procdff$1332' with positive edge clock.
Creating register for signal `\KL_pp_nvm_port.$memwr$\hdr_r$neg_3.v:168$287_EN' using process `\KL_pp_nvm_port.$proc$neg_3.v:156$389'.
  created $dff cell `$procdff$1333' with positive edge clock.
Creating register for signal `\KL_pp_nvm_port.$memwr$\hdr_r$neg_3.v:168$288_EN' using process `\KL_pp_nvm_port.$proc$neg_3.v:156$389'.
  created $dff cell `$procdff$1334' with positive edge clock.
Creating register for signal `\KL_pp_nvm_port.$memwr$\hdr_r$neg_3.v:168$289_EN' using process `\KL_pp_nvm_port.$proc$neg_3.v:156$389'.
  created $dff cell `$procdff$1335' with positive edge clock.
Creating register for signal `\KL_pp_nvm_port.$memwr$\hdr_r$neg_3.v:168$290_EN' using process `\KL_pp_nvm_port.$proc$neg_3.v:156$389'.
  created $dff cell `$procdff$1336' with positive edge clock.
Creating register for signal `\KL_pp_nvm_port.$memwr$\hdr_r$neg_3.v:187$291_ADDR' using process `\KL_pp_nvm_port.$proc$neg_3.v:156$389'.
  created $dff cell `$procdff$1337' with positive edge clock.
Creating register for signal `\KL_pp_nvm_port.$memwr$\hdr_r$neg_3.v:187$291_DATA' using process `\KL_pp_nvm_port.$proc$neg_3.v:156$389'.
  created $dff cell `$procdff$1338' with positive edge clock.
Creating register for signal `\KL_pp_nvm_port.$memwr$\hdr_r$neg_3.v:187$291_EN' using process `\KL_pp_nvm_port.$proc$neg_3.v:156$389'.
  created $dff cell `$procdff$1339' with positive edge clock.
Creating register for signal `\KL_pp_nvm_port.$memwr$\hdr_r$neg_3.v:285$292_ADDR' using process `\KL_pp_nvm_port.$proc$neg_3.v:156$389'.
  created $dff cell `$procdff$1340' with positive edge clock.
Creating register for signal `\KL_pp_nvm_port.$memwr$\hdr_r$neg_3.v:285$292_DATA' using process `\KL_pp_nvm_port.$proc$neg_3.v:156$389'.
  created $dff cell `$procdff$1341' with positive edge clock.
Creating register for signal `\KL_pp_nvm_port.$memwr$\hdr_r$neg_3.v:285$292_EN' using process `\KL_pp_nvm_port.$proc$neg_3.v:156$389'.
  created $dff cell `$procdff$1342' with positive edge clock.
Creating register for signal `\KL_pp_nvm_port.\cause_r' using process `\KL_pp_nvm_port.$proc$neg_3.v:372$504'.
  created $dff cell `$procdff$1343' with positive edge clock.

3.2.10. Executing PROC_MEMWR pass (convert process memory writes to cells).

3.2.11. Executing PROC_CLEAN pass (remove empty switches from decision trees).
Found and cleaned up 3 empty switches in `\KL_pp_nvm_port.$proc$neg_3.v:128$370'.
Removing empty process `KL_pp_nvm_port.$proc$neg_3.v:128$370'.
Found and cleaned up 6 empty switches in `\KL_pp_nvm_port.$proc$neg_3.v:136$377'.
Removing empty process `KL_pp_nvm_port.$proc$neg_3.v:136$377'.
Found and cleaned up 47 empty switches in `\KL_pp_nvm_port.$proc$neg_3.v:156$389'.
Removing empty process `KL_pp_nvm_port.$proc$neg_3.v:156$389'.
Found and cleaned up 4 empty switches in `\KL_pp_nvm_port.$proc$neg_3.v:372$504'.
Removing empty process `KL_pp_nvm_port.$proc$neg_3.v:372$504'.
Found and cleaned up 1 empty switch in `\KL_pp_nvm_port.$proc$neg_3.v:394$544'.
Removing empty process `KL_pp_nvm_port.$proc$neg_3.v:394$544'.
Removing empty process `KL_pp_nvm_port.$proc$neg_3.v:416$555'.
Cleaned up 61 empty switches.

3.2.12. Executing OPT_EXPR pass (perform const folding).
Optimizing module KL_pp_nvm_port.
<suppressed ~68 debug messages>

3.3. Executing FUTURE pass.

3.4. Executing OPT_EXPR pass (perform const folding).
Optimizing module KL_pp_nvm_port.

3.5. Executing OPT_CLEAN pass (remove unused cells and wires).
Finding unused cells or wires in module \KL_pp_nvm_port..
Removed 24 unused cells and 296 unused wires.
<suppressed ~26 debug messages>

3.6. Executing CHECK pass (checking for obvious problems).
Checking module KL_pp_nvm_port...
Found and reported 0 problems.

3.7. Executing OPT pass (performing simple optimizations).

3.7.1. Executing OPT_EXPR pass (perform const folding).
Optimizing module KL_pp_nvm_port.

3.7.2. Executing OPT_MERGE pass (detect identical cells).
Finding identical cells in module `\KL_pp_nvm_port'.
Computing hashes of 538 cells of `\KL_pp_nvm_port'.
Finding duplicate cells in `\KL_pp_nvm_port'.
Computing hashes of 377 cells of `\KL_pp_nvm_port'.
Finding duplicate cells in `\KL_pp_nvm_port'.
Computing hashes of 371 cells of `\KL_pp_nvm_port'.
Finding duplicate cells in `\KL_pp_nvm_port'.
<suppressed ~501 debug messages>
Removed a total of 167 cells.

3.7.3. Executing OPT_MUXTREE pass (detect dead branches in mux trees).
Running muxtree optimizer on module \KL_pp_nvm_port..
  Creating internal representation of mux trees.
  Evaluating internal representation of mux trees.
      Replacing known input bits on port A of cell $procmux$578: \owed_r -> 1'1
      Replacing known input bits on port A of cell $procmux$572: \owed_r -> 1'0
  Analyzing evaluation results.
    dead port 2/2 on $mux $procmux$842.
    dead port 2/2 on $mux $procmux$823.
    dead port 2/2 on $mux $procmux$804.
    dead port 2/2 on $mux $procmux$784.
    dead port 2/2 on $mux $procmux$773.
    dead port 2/2 on $mux $procmux$762.
    dead port 2/2 on $mux $procmux$742.
    dead port 2/2 on $mux $procmux$739.
    dead port 2/2 on $mux $procmux$720.
    dead port 2/2 on $mux $procmux$717.
    dead port 2/2 on $mux $procmux$698.
    dead port 2/2 on $mux $procmux$695.
    dead port 2/2 on $mux $procmux$676.
    dead port 2/2 on $mux $procmux$673.
    dead port 2/2 on $mux $procmux$662.
    dead port 2/2 on $mux $procmux$659.
    dead port 2/2 on $mux $procmux$648.
    dead port 2/2 on $mux $procmux$645.
    dead port 2/2 on $mux $procmux$634.
    dead port 2/2 on $mux $procmux$631.
    dead port 1/2 on $mux $procmux$629.
    dead port 2/2 on $mux $procmux$617.
    dead port 2/2 on $mux $procmux$614.
    dead port 1/2 on $mux $procmux$612.
    dead port 2/2 on $mux $procmux$600.
    dead port 2/2 on $mux $procmux$597.
    dead port 1/2 on $mux $procmux$595.
Removed 27 multiplexer ports.
<suppressed ~255 debug messages>

3.7.4. Executing OPT_REDUCE pass (consolidate $*mux and $reduce_* inputs).
  Optimizing cells in module \KL_pp_nvm_port.
    Consolidated identical input bits for $mux cell $procmux$869:
      Old ports: A=8'11111111, B=8'00000000, Y=$0$memwr$\hdr_r$neg_3.v:168$283_EN[7:0]$390
      New ports: A=1'1, B=1'0, Y=$0$memwr$\hdr_r$neg_3.v:168$283_EN[7:0]$390 [0]
      New connections: $0$memwr$\hdr_r$neg_3.v:168$283_EN[7:0]$390 [7:1] = { $0$memwr$\hdr_r$neg_3.v:168$283_EN[7:0]$390 [0] $0$memwr$\hdr_r$neg_3.v:168$283_EN[7:0]$390 [0] $0$memwr$\hdr_r$neg_3.v:168$283_EN[7:0]$390 [0] $0$memwr$\hdr_r$neg_3.v:168$283_EN[7:0]$390 [0] $0$memwr$\hdr_r$neg_3.v:168$283_EN[7:0]$390 [0] $0$memwr$\hdr_r$neg_3.v:168$283_EN[7:0]$390 [0] $0$memwr$\hdr_r$neg_3.v:168$283_EN[7:0]$390 [0] }
    Consolidated identical input bits for $mux cell $procmux$866:
      Old ports: A=8'11111111, B=8'00000000, Y=$0$memwr$\hdr_r$neg_3.v:168$284_EN[7:0]$391
      New ports: A=1'1, B=1'0, Y=$0$memwr$\hdr_r$neg_3.v:168$284_EN[7:0]$391 [0]
      New connections: $0$memwr$\hdr_r$neg_3.v:168$284_EN[7:0]$391 [7:1] = { $0$memwr$\hdr_r$neg_3.v:168$284_EN[7:0]$391 [0] $0$memwr$\hdr_r$neg_3.v:168$284_EN[7:0]$391 [0] $0$memwr$\hdr_r$neg_3.v:168$284_EN[7:0]$391 [0] $0$memwr$\hdr_r$neg_3.v:168$284_EN[7:0]$391 [0] $0$memwr$\hdr_r$neg_3.v:168$284_EN[7:0]$391 [0] $0$memwr$\hdr_r$neg_3.v:168$284_EN[7:0]$391 [0] $0$memwr$\hdr_r$neg_3.v:168$284_EN[7:0]$391 [0] }
    Consolidated identical input bits for $mux cell $procmux$863:
      Old ports: A=8'11111111, B=8'00000000, Y=$0$memwr$\hdr_r$neg_3.v:168$285_EN[7:0]$392
      New ports: A=1'1, B=1'0, Y=$0$memwr$\hdr_r$neg_3.v:168$285_EN[7:0]$392 [0]
      New connections: $0$memwr$\hdr_r$neg_3.v:168$285_EN[7:0]$392 [7:1] = { $0$memwr$\hdr_r$neg_3.v:168$285_EN[7:0]$392 [0] $0$memwr$\hdr_r$neg_3.v:168$285_EN[7:0]$392 [0] $0$memwr$\hdr_r$neg_3.v:168$285_EN[7:0]$392 [0] $0$memwr$\hdr_r$neg_3.v:168$285_EN[7:0]$392 [0] $0$memwr$\hdr_r$neg_3.v:168$285_EN[7:0]$392 [0] $0$memwr$\hdr_r$neg_3.v:168$285_EN[7:0]$392 [0] $0$memwr$\hdr_r$neg_3.v:168$285_EN[7:0]$392 [0] }
    Consolidated identical input bits for $mux cell $procmux$860:
      Old ports: A=8'11111111, B=8'00000000, Y=$0$memwr$\hdr_r$neg_3.v:168$286_EN[7:0]$393
      New ports: A=1'1, B=1'0, Y=$0$memwr$\hdr_r$neg_3.v:168$286_EN[7:0]$393 [0]
      New connections: $0$memwr$\hdr_r$neg_3.v:168$286_EN[7:0]$393 [7:1] = { $0$memwr$\hdr_r$neg_3.v:168$286_EN[7:0]$393 [0] $0$memwr$\hdr_r$neg_3.v:168$286_EN[7:0]$393 [0] $0$memwr$\hdr_r$neg_3.v:168$286_EN[7:0]$393 [0] $0$memwr$\hdr_r$neg_3.v:168$286_EN[7:0]$393 [0] $0$memwr$\hdr_r$neg_3.v:168$286_EN[7:0]$393 [0] $0$memwr$\hdr_r$neg_3.v:168$286_EN[7:0]$393 [0] $0$memwr$\hdr_r$neg_3.v:168$286_EN[7:0]$393 [0] }
    Consolidated identical input bits for $mux cell $procmux$857:
      Old ports: A=8'11111111, B=8'00000000, Y=$0$memwr$\hdr_r$neg_3.v:168$287_EN[7:0]$394
      New ports: A=1'1, B=1'0, Y=$0$memwr$\hdr_r$neg_3.v:168$287_EN[7:0]$394 [0]
      New connections: $0$memwr$\hdr_r$neg_3.v:168$287_EN[7:0]$394 [7:1] = { $0$memwr$\hdr_r$neg_3.v:168$287_EN[7:0]$394 [0] $0$memwr$\hdr_r$neg_3.v:168$287_EN[7:0]$394 [0] $0$memwr$\hdr_r$neg_3.v:168$287_EN[7:0]$394 [0] $0$memwr$\hdr_r$neg_3.v:168$287_EN[7:0]$394 [0] $0$memwr$\hdr_r$neg_3.v:168$287_EN[7:0]$394 [0] $0$memwr$\hdr_r$neg_3.v:168$287_EN[7:0]$394 [0] $0$memwr$\hdr_r$neg_3.v:168$287_EN[7:0]$394 [0] }
    Consolidated identical input bits for $mux cell $procmux$854:
      Old ports: A=8'11111111, B=8'00000000, Y=$0$memwr$\hdr_r$neg_3.v:168$288_EN[7:0]$395
      New ports: A=1'1, B=1'0, Y=$0$memwr$\hdr_r$neg_3.v:168$288_EN[7:0]$395 [0]
      New connections: $0$memwr$\hdr_r$neg_3.v:168$288_EN[7:0]$395 [7:1] = { $0$memwr$\hdr_r$neg_3.v:168$288_EN[7:0]$395 [0] $0$memwr$\hdr_r$neg_3.v:168$288_EN[7:0]$395 [0] $0$memwr$\hdr_r$neg_3.v:168$288_EN[7:0]$395 [0] $0$memwr$\hdr_r$neg_3.v:168$288_EN[7:0]$395 [0] $0$memwr$\hdr_r$neg_3.v:168$288_EN[7:0]$395 [0] $0$memwr$\hdr_r$neg_3.v:168$288_EN[7:0]$395 [0] $0$memwr$\hdr_r$neg_3.v:168$288_EN[7:0]$395 [0] }
    Consolidated identical input bits for $mux cell $procmux$851:
      Old ports: A=8'11111111, B=8'00000000, Y=$0$memwr$\hdr_r$neg_3.v:168$289_EN[7:0]$396
      New ports: A=1'1, B=1'0, Y=$0$memwr$\hdr_r$neg_3.v:168$289_EN[7:0]$396 [0]
      New connections: $0$memwr$\hdr_r$neg_3.v:168$289_EN[7:0]$396 [7:1] = { $0$memwr$\hdr_r$neg_3.v:168$289_EN[7:0]$396 [0] $0$memwr$\hdr_r$neg_3.v:168$289_EN[7:0]$396 [0] $0$memwr$\hdr_r$neg_3.v:168$289_EN[7:0]$396 [0] $0$memwr$\hdr_r$neg_3.v:168$289_EN[7:0]$396 [0] $0$memwr$\hdr_r$neg_3.v:168$289_EN[7:0]$396 [0] $0$memwr$\hdr_r$neg_3.v:168$289_EN[7:0]$396 [0] $0$memwr$\hdr_r$neg_3.v:168$289_EN[7:0]$396 [0] }
    Consolidated identical input bits for $mux cell $procmux$848:
      Old ports: A=8'11111111, B=8'00000000, Y=$0$memwr$\hdr_r$neg_3.v:168$290_EN[7:0]$397
      New ports: A=1'1, B=1'0, Y=$0$memwr$\hdr_r$neg_3.v:168$290_EN[7:0]$397 [0]
      New connections: $0$memwr$\hdr_r$neg_3.v:168$290_EN[7:0]$397 [7:1] = { $0$memwr$\hdr_r$neg_3.v:168$290_EN[7:0]$397 [0] $0$memwr$\hdr_r$neg_3.v:168$290_EN[7:0]$397 [0] $0$memwr$\hdr_r$neg_3.v:168$290_EN[7:0]$397 [0] $0$memwr$\hdr_r$neg_3.v:168$290_EN[7:0]$397 [0] $0$memwr$\hdr_r$neg_3.v:168$290_EN[7:0]$397 [0] $0$memwr$\hdr_r$neg_3.v:168$290_EN[7:0]$397 [0] $0$memwr$\hdr_r$neg_3.v:168$290_EN[7:0]$397 [0] }
    New ctrl vector for $pmux cell $procmux$786: { $auto$opt_reduce.cc:135:opt_pmux$1355 $procmux$1283_CMP }
    New ctrl vector for $pmux cell $procmux$744: { $auto$opt_reduce.cc:135:opt_pmux$1357 $procmux$1216_CMP }
  Optimizing cells in module \KL_pp_nvm_port.
Performed a total of 10 changes.

3.7.5. Executing OPT_MERGE pass (detect identical cells).
Finding identical cells in module `\KL_pp_nvm_port'.
Computing hashes of 346 cells of `\KL_pp_nvm_port'.
Finding duplicate cells in `\KL_pp_nvm_port'.
Computing hashes of 326 cells of `\KL_pp_nvm_port'.
Finding duplicate cells in `\KL_pp_nvm_port'.
Computing hashes of 318 cells of `\KL_pp_nvm_port'.
Finding duplicate cells in `\KL_pp_nvm_port'.
Computing hashes of 317 cells of `\KL_pp_nvm_port'.
Finding duplicate cells in `\KL_pp_nvm_port'.
<suppressed ~87 debug messages>
Removed a total of 29 cells.

3.7.6. Executing OPT_CLEAN pass (remove unused cells and wires).
Finding unused cells or wires in module \KL_pp_nvm_port..
Removed 0 unused cells and 223 unused wires.
<suppressed ~1 debug messages>

3.7.7. Executing OPT_EXPR pass (perform const folding).
Optimizing module KL_pp_nvm_port.

3.7.8. Rerunning OPT passes. (Maybe there is more to do..)

3.7.9. Executing OPT_MUXTREE pass (detect dead branches in mux trees).
Running muxtree optimizer on module \KL_pp_nvm_port..
  Creating internal representation of mux trees.
  Evaluating internal representation of mux trees.
  Analyzing evaluation results.
Removed 0 multiplexer ports.
<suppressed ~220 debug messages>

3.7.10. Executing OPT_REDUCE pass (consolidate $*mux and $reduce_* inputs).
  Optimizing cells in module \KL_pp_nvm_port.
    New ctrl vector for $pmux cell $procmux$1165: { $eq$neg_3.v:384$513_Y $auto$opt_reduce.cc:135:opt_pmux$1359 $eq$neg_3.v:107$315_Y $eq$neg_3.v:114$324_Y $eq$neg_3.v:387$522_Y $eq$neg_3.v:107$313_Y $eq$neg_3.v:107$311_Y $eq$neg_3.v:114$322_Y $eq$neg_3.v:107$307_Y $eq$neg_3.v:107$305_Y $eq$neg_3.v:114$320_Y $eq$neg_3.v:107$303_Y $eq$neg_3.v:114$319_Y $eq$neg_3.v:371$497_Y $eq$neg_3.v:131$372_Y }
    New ctrl vector for $pmux cell $procmux$891: { $eq$neg_3.v:384$513_Y $auto$opt_reduce.cc:135:opt_pmux$1361 $eq$neg_3.v:131$372_Y }
    New ctrl vector for $pmux cell $procmux$1080: { $auto$opt_reduce.cc:135:opt_pmux$1365 $eq$neg_3.v:107$315_Y $auto$opt_reduce.cc:135:opt_pmux$1363 $eq$neg_3.v:107$313_Y $eq$neg_3.v:107$311_Y $eq$neg_3.v:107$307_Y $eq$neg_3.v:107$305_Y $eq$neg_3.v:371$497_Y $eq$neg_3.v:131$372_Y }
    New ctrl vector for $pmux cell $procmux$1023: { $eq$neg_3.v:387$522_Y $eq$neg_3.v:107$313_Y $eq$neg_3.v:107$311_Y $auto$opt_reduce.cc:135:opt_pmux$1367 $eq$neg_3.v:107$305_Y $eq$neg_3.v:371$497_Y $eq$neg_3.v:131$372_Y }
  Optimizing cells in module \KL_pp_nvm_port.
Performed a total of 4 changes.

3.7.11. Executing OPT_MERGE pass (detect identical cells).
Finding identical cells in module `\KL_pp_nvm_port'.
Computing hashes of 322 cells of `\KL_pp_nvm_port'.
Finding duplicate cells in `\KL_pp_nvm_port'.
Removed a total of 0 cells.

3.7.12. Executing OPT_CLEAN pass (remove unused cells and wires).
Finding unused cells or wires in module \KL_pp_nvm_port..

3.7.13. Executing OPT_EXPR pass (perform const folding).
Optimizing module KL_pp_nvm_port.

3.7.14. Rerunning OPT passes. (Maybe there is more to do..)

3.7.15. Executing OPT_MUXTREE pass (detect dead branches in mux trees).
Running muxtree optimizer on module \KL_pp_nvm_port..
  Creating internal representation of mux trees.
  Evaluating internal representation of mux trees.
  Analyzing evaluation results.
Removed 0 multiplexer ports.
<suppressed ~195 debug messages>

3.7.16. Executing OPT_REDUCE pass (consolidate $*mux and $reduce_* inputs).
  Optimizing cells in module \KL_pp_nvm_port.
Performed a total of 0 changes.

3.7.17. Executing OPT_MERGE pass (detect identical cells).
Finding identical cells in module `\KL_pp_nvm_port'.
Computing hashes of 322 cells of `\KL_pp_nvm_port'.
Finding duplicate cells in `\KL_pp_nvm_port'.
Removed a total of 0 cells.

3.7.18. Executing OPT_CLEAN pass (remove unused cells and wires).
Finding unused cells or wires in module \KL_pp_nvm_port..

3.7.19. Executing OPT_EXPR pass (perform const folding).
Optimizing module KL_pp_nvm_port.

3.7.20. Finished fast OPT passes. (There is nothing left to do.)

3.8. Executing WREDUCE pass (reducing word size of cells).
Removed top 29 address bits (of 32) from memory init port KL_pp_nvm_port.$auto$proc_memwr.cc:45:proc_memwr$1345 (hdr_r).
Removed top 29 address bits (of 32) from memory read port KL_pp_nvm_port.$memrd$\hdr_r$neg_3.v:104$293 (hdr_r).
Removed top 29 address bits (of 32) from memory read port KL_pp_nvm_port.$memrd$\hdr_r$neg_3.v:104$294 (hdr_r).
Removed top 29 address bits (of 32) from memory read port KL_pp_nvm_port.$memrd$\hdr_r$neg_3.v:105$295 (hdr_r).
Removed top 29 address bits (of 32) from memory read port KL_pp_nvm_port.$memrd$\hdr_r$neg_3.v:105$297 (hdr_r).
Removed top 29 address bits (of 32) from memory init port KL_pp_nvm_port.$auto$proc_memwr.cc:45:proc_memwr$1351 (hdr_r).
Removed top 29 address bits (of 32) from memory init port KL_pp_nvm_port.$auto$proc_memwr.cc:45:proc_memwr$1350 (hdr_r).
Removed top 29 address bits (of 32) from memory init port KL_pp_nvm_port.$auto$proc_memwr.cc:45:proc_memwr$1349 (hdr_r).
Removed top 29 address bits (of 32) from memory init port KL_pp_nvm_port.$auto$proc_memwr.cc:45:proc_memwr$1348 (hdr_r).
Removed top 29 address bits (of 32) from memory init port KL_pp_nvm_port.$auto$proc_memwr.cc:45:proc_memwr$1347 (hdr_r).
Removed top 29 address bits (of 32) from memory init port KL_pp_nvm_port.$auto$proc_memwr.cc:45:proc_memwr$1344 (hdr_r).
Removed top 29 address bits (of 32) from memory init port KL_pp_nvm_port.$auto$proc_memwr.cc:45:proc_memwr$1346 (hdr_r).
Removed top 3 bits (of 8) from port B of cell KL_pp_nvm_port.$eq$neg_3.v:105$296 ($eq).
Removed top 2 bits (of 8) from port B of cell KL_pp_nvm_port.$eq$neg_3.v:105$298 ($eq).
Removed top 5 bits (of 16) from port B of cell KL_pp_nvm_port.$le$neg_3.v:105$300 ($le).
Removed top 1 bits (of 2) from port B of cell KL_pp_nvm_port.$add$neg_3.v:134$376 ($add).
Removed top 2 bits (of 3) from port B of cell KL_pp_nvm_port.$add$neg_3.v:188$430 ($add).
Removed top 3 bits (of 4) from mux cell KL_pp_nvm_port.$ternary$neg_3.v:241$445 ($mux).
Removed top 15 bits (of 16) from port B of cell KL_pp_nvm_port.$sub$neg_3.v:249$447 ($sub).
Removed top 15 bits (of 16) from port B of cell KL_pp_nvm_port.$add$neg_3.v:254$454 ($add).
Removed top 2 bits (of 4) from mux cell KL_pp_nvm_port.$ternary$neg_3.v:317$476 ($mux).
Removed top 12 bits (of 16) from port A of cell KL_pp_nvm_port.$add$neg_3.v:404$545 ($add).
Removed top 1 bits (of 4) from mux cell KL_pp_nvm_port.$procmux$1198 ($mux).
Removed top 1 bits (of 4) from port B of cell KL_pp_nvm_port.$procmux$1230_CMP0 ($eq).
Removed top 1 bits (of 4) from port B of cell KL_pp_nvm_port.$procmux$1241_CMP0 ($eq).
Removed top 1 bits (of 4) from port B of cell KL_pp_nvm_port.$procmux$1252_CMP0 ($eq).
Removed top 2 bits (of 4) from port B of cell KL_pp_nvm_port.$procmux$1266_CMP0 ($eq).
Removed top 3 bits (of 4) from port B of cell KL_pp_nvm_port.$procmux$1283_CMP0 ($eq).
Removed top 2 bits (of 4) from port B of cell KL_pp_nvm_port.$procmux$1308_CMP0 ($eq).
Removed top 1 bits (of 4) from port B of cell KL_pp_nvm_port.$procmux$1313_CMP0 ($eq).
Removed top 12 bits (of 16) from mux cell KL_pp_nvm_port.$procmux$1315 ($mux).
Removed top 1 bits (of 4) from wire KL_pp_nvm_port.$procmux$1198_Y.
Removed top 3 bits (of 4) from wire KL_pp_nvm_port.$ternary$neg_3.v:241$445_Y.
Removed top 2 bits (of 4) from wire KL_pp_nvm_port.$ternary$neg_3.v:317$476_Y.

3.9. Executing OPT_CLEAN pass (remove unused cells and wires).
Finding unused cells or wires in module \KL_pp_nvm_port..
Removed 0 unused cells and 3 unused wires.
<suppressed ~1 debug messages>

3.10. Executing MEMORY_COLLECT pass (generating $mem cells).

3.11. Executing OPT pass (performing simple optimizations).

3.11.1. Executing OPT_EXPR pass (perform const folding).
Optimizing module KL_pp_nvm_port.

3.11.2. Executing OPT_MERGE pass (detect identical cells).
Finding identical cells in module `\KL_pp_nvm_port'.
Computing hashes of 308 cells of `\KL_pp_nvm_port'.
Finding duplicate cells in `\KL_pp_nvm_port'.
Removed a total of 0 cells.

3.11.3. Executing OPT_CLEAN pass (remove unused cells and wires).
Finding unused cells or wires in module \KL_pp_nvm_port..

3.11.4. Finished fast OPT passes.

3.12. Executing SORT pass.

3.13. Printing statistics.

=== KL_pp_nvm_port ===

        +----------Local Count, excluding submodules.
        | 
      328 wires
     1195 wire bits
       54 public wires
      187 public wire bits
       31 ports
      105 port bits
      308 cells
        4   $add
       12   $dff
       20   $eq
        1   $le
       44   $logic_and
       15   $logic_not
       45   $logic_or
        1   $mem_v2
      146   $mux
        1   $ne
       10   $pmux
        1   $reduce_bool
        7   $reduce_or
        1   $sub

3.14. Executing CHECK pass (checking for obvious problems).
Checking module KL_pp_nvm_port...
Found and reported 0 problems.

4. Executing FLATTEN pass (flatten design).

5. Executing MEMORY_MAP pass (converting memories to logic and flip-flops).
Mapping memory \hdr_r in module \KL_pp_nvm_port:
  created 8 $dff cells and 0 static cells of width 8.
  read interface: 0 $dff and 35 $mux cells.
  write interface: 192 write mux blocks.

6. Executing OPT pass (performing simple optimizations).

6.1. Executing OPT_EXPR pass (perform const folding).
Optimizing module KL_pp_nvm_port.
<suppressed ~252 debug messages>

6.2. Executing OPT_MERGE pass (detect identical cells).
Finding identical cells in module `\KL_pp_nvm_port'.
Computing hashes of 616 cells of `\KL_pp_nvm_port'.
Finding duplicate cells in `\KL_pp_nvm_port'.
Removed a total of 0 cells.

6.3. Executing OPT_DFF pass (perform DFF optimizations).
Adding SRST signal on $procdff$1343 ($dff) from module KL_pp_nvm_port (D = $procmux$1298_Y [1], Q = \cause_r [1], rval = 1'0).
Adding SRST signal on $procdff$1343 ($dff) from module KL_pp_nvm_port (D = $procmux$1295_Y [0], Q = \cause_r [0], rval = 1'0).
Adding EN signal on $auto$ff.cc:337:slice$2501 ($sdff) from module KL_pp_nvm_port (D = $procmux$1295_Y [0], Q = \cause_r [0]).
Adding EN signal on $auto$ff.cc:337:slice$2500 ($sdff) from module KL_pp_nvm_port (D = $procmux$1298_Y [1], Q = \cause_r [1]).
Adding SRST signal on $procdff$1327 ($dff) from module KL_pp_nvm_port (D = $procmux$891_Y, Q = \done_seen_r, rval = 1'0).
Adding SRST signal on $procdff$1326 ($dff) from module KL_pp_nvm_port (D = $procmux$940_Y, Q = \rec_r, rval = 8'00000000).
Adding EN signal on $auto$ff.cc:337:slice$2513 ($sdff) from module KL_pp_nvm_port (D = \nvm_record_id_i, Q = \rec_r).
Adding SRST signal on $procdff$1325 ($dff) from module KL_pp_nvm_port (D = $procmux$955_Y, Q = \plen_r, rval = 16'0000000000000000).
Adding EN signal on $auto$ff.cc:337:slice$2517 ($sdff) from module KL_pp_nvm_port (D = $procmux$955_Y, Q = \plen_r).
Adding SRST signal on $procdff$1324 ($dff) from module KL_pp_nvm_port (D = $procmux$976_Y, Q = \bcnt_r, rval = 16'0000000000000000).
Adding EN signal on $auto$ff.cc:337:slice$2531 ($sdff) from module KL_pp_nvm_port (D = $procmux$976_Y, Q = \bcnt_r).
Adding SRST signal on $procdff$1323 ($dff) from module KL_pp_nvm_port (D = $procmux$1023_Y, Q = \hidx_r, rval = 3'000).
Adding EN signal on $auto$ff.cc:337:slice$2565 ($sdff) from module KL_pp_nvm_port (D = $procmux$1023_Y, Q = \hidx_r).
Adding SRST signal on $procdff$1322 ($dff) from module KL_pp_nvm_port (D = $procmux$1160_Y, Q = \err_r, rval = 1'0).
Adding EN signal on $auto$ff.cc:337:slice$2599 ($sdff) from module KL_pp_nvm_port (D = $procmux$1160_Y, Q = \err_r).
Adding SRST signal on $procdff$1321 ($dff) from module KL_pp_nvm_port (D = $procmux$1287_Y, Q = \state_r, rval = 4'0000).
Adding EN signal on $auto$ff.cc:337:slice$2621 ($sdff) from module KL_pp_nvm_port (D = $procmux$1287_Y, Q = \state_r).
Adding SRST signal on $procdff$1320 ($dff) from module KL_pp_nvm_port (D = $logic_and$neg_3.v:143$379_Y, Q = \lg_r, rval = 1'0).
Adding SRST signal on $procdff$1319 ($dff) from module KL_pp_nvm_port (D = $procmux$567_Y, Q = \owed_rd_r, rval = 1'0).
Adding EN signal on $auto$ff.cc:337:slice$2676 ($sdff) from module KL_pp_nvm_port (D = \rd_st_w, Q = \owed_rd_r).
Adding SRST signal on $procdff$1318 ($dff) from module KL_pp_nvm_port (D = $procmux$580_Y, Q = \owed_r, rval = 1'0).
Adding SRST signal on $procdff$1317 ($dff) from module KL_pp_nvm_port (D = $procmux$556_Y, Q = \tmo_r, rval = 2'00).
Adding EN signal on $auto$ff.cc:337:slice$2679 ($sdff) from module KL_pp_nvm_port (D = $add$neg_3.v:134$376_Y, Q = \tmo_r).

6.4. Executing OPT_CLEAN pass (remove unused cells and wires).
Finding unused cells or wires in module \KL_pp_nvm_port..
Removed 18 unused cells and 302 unused wires.
<suppressed ~19 debug messages>

6.5. Rerunning OPT passes. (Removed registers in this run.)

6.6. Executing OPT_EXPR pass (perform const folding).
Optimizing module KL_pp_nvm_port.
<suppressed ~7 debug messages>

6.7. Executing OPT_MERGE pass (detect identical cells).
Finding identical cells in module `\KL_pp_nvm_port'.
Computing hashes of 680 cells of `\KL_pp_nvm_port'.
Finding duplicate cells in `\KL_pp_nvm_port'.
Computing hashes of 668 cells of `\KL_pp_nvm_port'.
Finding duplicate cells in `\KL_pp_nvm_port'.
<suppressed ~36 debug messages>
Removed a total of 12 cells.

6.8. Executing OPT_DFF pass (perform DFF optimizations).
Adding EN signal on $memory\hdr_r[0]$1371 ($dff) from module KL_pp_nvm_port (D = $memory\hdr_r$wrmux[0][9][7]$y$1635, Q = \hdr_r[0] [7]).
Adding EN signal on $memory\hdr_r[0]$1371 ($dff) from module KL_pp_nvm_port (D = $memory\hdr_r$wrmux[0][9][6]$y$1631, Q = \hdr_r[0] [6]).
Adding EN signal on $memory\hdr_r[0]$1371 ($dff) from module KL_pp_nvm_port (D = $memory\hdr_r$wrmux[0][9][5]$y$1627, Q = \hdr_r[0] [5]).
Adding EN signal on $memory\hdr_r[0]$1371 ($dff) from module KL_pp_nvm_port (D = $memory\hdr_r$wrmux[0][9][4]$y$1623, Q = \hdr_r[0] [4]).
Adding EN signal on $memory\hdr_r[0]$1371 ($dff) from module KL_pp_nvm_port (D = $memory\hdr_r$wrmux[0][9][3]$y$1619, Q = \hdr_r[0] [3]).
Adding EN signal on $memory\hdr_r[0]$1371 ($dff) from module KL_pp_nvm_port (D = $memory\hdr_r$wrmux[0][9][2]$y$1615, Q = \hdr_r[0] [2]).
Adding EN signal on $memory\hdr_r[0]$1371 ($dff) from module KL_pp_nvm_port (D = $memory\hdr_r$wrmux[0][9][1]$y$1611, Q = \hdr_r[0] [1]).
Adding EN signal on $memory\hdr_r[0]$1371 ($dff) from module KL_pp_nvm_port (D = $memory\hdr_r$wrmux[0][9][0]$y$1607, Q = \hdr_r[0] [0]).
Adding EN signal on $memory\hdr_r[1]$1373 ($dff) from module KL_pp_nvm_port (D = $memory\hdr_r$wrmux[1][9][7]$y$1759, Q = \hdr_r[1] [7]).
Adding EN signal on $memory\hdr_r[1]$1373 ($dff) from module KL_pp_nvm_port (D = $memory\hdr_r$wrmux[1][9][6]$y$1755, Q = \hdr_r[1] [6]).
Adding EN signal on $memory\hdr_r[1]$1373 ($dff) from module KL_pp_nvm_port (D = $memory\hdr_r$wrmux[1][9][5]$y$1751, Q = \hdr_r[1] [5]).
Adding EN signal on $memory\hdr_r[1]$1373 ($dff) from module KL_pp_nvm_port (D = $memory\hdr_r$wrmux[1][9][4]$y$1747, Q = \hdr_r[1] [4]).
Adding EN signal on $memory\hdr_r[1]$1373 ($dff) from module KL_pp_nvm_port (D = $memory\hdr_r$wrmux[1][9][3]$y$1743, Q = \hdr_r[1] [3]).
Adding EN signal on $memory\hdr_r[1]$1373 ($dff) from module KL_pp_nvm_port (D = $memory\hdr_r$wrmux[1][9][2]$y$1739, Q = \hdr_r[1] [2]).
Adding EN signal on $memory\hdr_r[1]$1373 ($dff) from module KL_pp_nvm_port (D = $memory\hdr_r$wrmux[1][9][1]$y$1735, Q = \hdr_r[1] [1]).
Adding EN signal on $memory\hdr_r[1]$1373 ($dff) from module KL_pp_nvm_port (D = $memory\hdr_r$wrmux[1][9][0]$y$1731, Q = \hdr_r[1] [0]).
Adding EN signal on $memory\hdr_r[2]$1375 ($dff) from module KL_pp_nvm_port (D = $memory\hdr_r$wrmux[2][9][7]$y$1891, Q = \hdr_r[2] [7]).
Adding EN signal on $memory\hdr_r[2]$1375 ($dff) from module KL_pp_nvm_port (D = $memory\hdr_r$wrmux[2][9][6]$y$1887, Q = \hdr_r[2] [6]).
Adding EN signal on $memory\hdr_r[2]$1375 ($dff) from module KL_pp_nvm_port (D = $memory\hdr_r$wrmux[2][9][5]$y$1883, Q = \hdr_r[2] [5]).
Adding EN signal on $memory\hdr_r[2]$1375 ($dff) from module KL_pp_nvm_port (D = $memory\hdr_r$wrmux[2][9][4]$y$1879, Q = \hdr_r[2] [4]).
Adding EN signal on $memory\hdr_r[2]$1375 ($dff) from module KL_pp_nvm_port (D = $memory\hdr_r$wrmux[2][9][3]$y$1875, Q = \hdr_r[2] [3]).
Adding EN signal on $memory\hdr_r[2]$1375 ($dff) from module KL_pp_nvm_port (D = $memory\hdr_r$wrmux[2][9][2]$y$1871, Q = \hdr_r[2] [2]).
Adding EN signal on $memory\hdr_r[2]$1375 ($dff) from module KL_pp_nvm_port (D = $memory\hdr_r$wrmux[2][9][1]$y$1867, Q = \hdr_r[2] [1]).
Adding EN signal on $memory\hdr_r[2]$1375 ($dff) from module KL_pp_nvm_port (D = $memory\hdr_r$wrmux[2][9][0]$y$1863, Q = \hdr_r[2] [0]).
Adding EN signal on $memory\hdr_r[3]$1377 ($dff) from module KL_pp_nvm_port (D = $memory\hdr_r$wrmux[3][9][0]$y$1979, Q = \hdr_r[3] [0]).
Adding EN signal on $memory\hdr_r[3]$1377 ($dff) from module KL_pp_nvm_port (D = $memory\hdr_r$wrmux[3][9][7]$y$2007, Q = \hdr_r[3] [7]).
Adding EN signal on $memory\hdr_r[3]$1377 ($dff) from module KL_pp_nvm_port (D = $memory\hdr_r$wrmux[3][9][6]$y$2003, Q = \hdr_r[3] [6]).
Adding EN signal on $memory\hdr_r[3]$1377 ($dff) from module KL_pp_nvm_port (D = $memory\hdr_r$wrmux[3][9][5]$y$1999, Q = \hdr_r[3] [5]).
Adding EN signal on $memory\hdr_r[3]$1377 ($dff) from module KL_pp_nvm_port (D = $memory\hdr_r$wrmux[3][9][4]$y$1995, Q = \hdr_r[3] [4]).
Adding EN signal on $memory\hdr_r[3]$1377 ($dff) from module KL_pp_nvm_port (D = $memory\hdr_r$wrmux[3][9][3]$y$1991, Q = \hdr_r[3] [3]).
Adding EN signal on $memory\hdr_r[3]$1377 ($dff) from module KL_pp_nvm_port (D = $memory\hdr_r$wrmux[3][9][2]$y$1987, Q = \hdr_r[3] [2]).
Adding EN signal on $memory\hdr_r[3]$1377 ($dff) from module KL_pp_nvm_port (D = $memory\hdr_r$wrmux[3][9][1]$y$1983, Q = \hdr_r[3] [1]).
Adding EN signal on $memory\hdr_r[4]$1379 ($dff) from module KL_pp_nvm_port (D = $memory\hdr_r$wrmux[4][9][7]$y$2139, Q = \hdr_r[4] [7]).
Adding EN signal on $memory\hdr_r[4]$1379 ($dff) from module KL_pp_nvm_port (D = $memory\hdr_r$wrmux[4][9][6]$y$2135, Q = \hdr_r[4] [6]).
Adding EN signal on $memory\hdr_r[4]$1379 ($dff) from module KL_pp_nvm_port (D = $memory\hdr_r$wrmux[4][9][5]$y$2131, Q = \hdr_r[4] [5]).
Adding EN signal on $memory\hdr_r[4]$1379 ($dff) from module KL_pp_nvm_port (D = $memory\hdr_r$wrmux[4][9][4]$y$2127, Q = \hdr_r[4] [4]).
Adding EN signal on $memory\hdr_r[4]$1379 ($dff) from module KL_pp_nvm_port (D = $memory\hdr_r$wrmux[4][9][3]$y$2123, Q = \hdr_r[4] [3]).
Adding EN signal on $memory\hdr_r[4]$1379 ($dff) from module KL_pp_nvm_port (D = $memory\hdr_r$wrmux[4][9][2]$y$2119, Q = \hdr_r[4] [2]).
Adding EN signal on $memory\hdr_r[4]$1379 ($dff) from module KL_pp_nvm_port (D = $memory\hdr_r$wrmux[4][9][1]$y$2115, Q = \hdr_r[4] [1]).
Adding EN signal on $memory\hdr_r[4]$1379 ($dff) from module KL_pp_nvm_port (D = $memory\hdr_r$wrmux[4][9][0]$y$2111, Q = \hdr_r[4] [0]).
Adding EN signal on $memory\hdr_r[5]$1381 ($dff) from module KL_pp_nvm_port (D = $memory\hdr_r$wrmux[5][9][7]$y$2255, Q = \hdr_r[5] [7]).
Adding EN signal on $memory\hdr_r[5]$1381 ($dff) from module KL_pp_nvm_port (D = $memory\hdr_r$wrmux[5][9][6]$y$2251, Q = \hdr_r[5] [6]).
Adding EN signal on $memory\hdr_r[5]$1381 ($dff) from module KL_pp_nvm_port (D = $memory\hdr_r$wrmux[5][9][5]$y$2247, Q = \hdr_r[5] [5]).
Adding EN signal on $memory\hdr_r[5]$1381 ($dff) from module KL_pp_nvm_port (D = $memory\hdr_r$wrmux[5][9][4]$y$2243, Q = \hdr_r[5] [4]).
Adding EN signal on $memory\hdr_r[5]$1381 ($dff) from module KL_pp_nvm_port (D = $memory\hdr_r$wrmux[5][9][3]$y$2239, Q = \hdr_r[5] [3]).
Adding EN signal on $memory\hdr_r[5]$1381 ($dff) from module KL_pp_nvm_port (D = $memory\hdr_r$wrmux[5][9][2]$y$2235, Q = \hdr_r[5] [2]).
Adding EN signal on $memory\hdr_r[5]$1381 ($dff) from module KL_pp_nvm_port (D = $memory\hdr_r$wrmux[5][9][1]$y$2231, Q = \hdr_r[5] [1]).
Adding EN signal on $memory\hdr_r[5]$1381 ($dff) from module KL_pp_nvm_port (D = $memory\hdr_r$wrmux[5][9][0]$y$2227, Q = \hdr_r[5] [0]).
Adding EN signal on $memory\hdr_r[6]$1383 ($dff) from module KL_pp_nvm_port (D = $memory\hdr_r$wrmux[6][9][7]$y$2383, Q = \hdr_r[6] [7]).
Adding EN signal on $memory\hdr_r[6]$1383 ($dff) from module KL_pp_nvm_port (D = $memory\hdr_r$wrmux[6][9][6]$y$2379, Q = \hdr_r[6] [6]).
Adding EN signal on $memory\hdr_r[6]$1383 ($dff) from module KL_pp_nvm_port (D = $memory\hdr_r$wrmux[6][9][5]$y$2375, Q = \hdr_r[6] [5]).
Adding EN signal on $memory\hdr_r[6]$1383 ($dff) from module KL_pp_nvm_port (D = $memory\hdr_r$wrmux[6][9][4]$y$2371, Q = \hdr_r[6] [4]).
Adding EN signal on $memory\hdr_r[6]$1383 ($dff) from module KL_pp_nvm_port (D = $memory\hdr_r$wrmux[6][9][3]$y$2367, Q = \hdr_r[6] [3]).
Adding EN signal on $memory\hdr_r[6]$1383 ($dff) from module KL_pp_nvm_port (D = $memory\hdr_r$wrmux[6][9][2]$y$2363, Q = \hdr_r[6] [2]).
Adding EN signal on $memory\hdr_r[6]$1383 ($dff) from module KL_pp_nvm_port (D = $memory\hdr_r$wrmux[6][9][1]$y$2359, Q = \hdr_r[6] [1]).
Adding EN signal on $memory\hdr_r[6]$1383 ($dff) from module KL_pp_nvm_port (D = $memory\hdr_r$wrmux[6][9][0]$y$2355, Q = \hdr_r[6] [0]).
Adding EN signal on $memory\hdr_r[7]$1385 ($dff) from module KL_pp_nvm_port (D = $memory\hdr_r$wrmux[7][9][7]$y$2499, Q = \hdr_r[7] [7]).
Adding EN signal on $memory\hdr_r[7]$1385 ($dff) from module KL_pp_nvm_port (D = $memory\hdr_r$wrmux[7][9][6]$y$2495, Q = \hdr_r[7] [6]).
Adding EN signal on $memory\hdr_r[7]$1385 ($dff) from module KL_pp_nvm_port (D = $memory\hdr_r$wrmux[7][9][5]$y$2491, Q = \hdr_r[7] [5]).
Adding EN signal on $memory\hdr_r[7]$1385 ($dff) from module KL_pp_nvm_port (D = $memory\hdr_r$wrmux[7][9][4]$y$2487, Q = \hdr_r[7] [4]).
Adding EN signal on $memory\hdr_r[7]$1385 ($dff) from module KL_pp_nvm_port (D = $memory\hdr_r$wrmux[7][9][3]$y$2483, Q = \hdr_r[7] [3]).
Adding EN signal on $memory\hdr_r[7]$1385 ($dff) from module KL_pp_nvm_port (D = $memory\hdr_r$wrmux[7][9][2]$y$2479, Q = \hdr_r[7] [2]).
Adding EN signal on $memory\hdr_r[7]$1385 ($dff) from module KL_pp_nvm_port (D = $memory\hdr_r$wrmux[7][9][1]$y$2475, Q = \hdr_r[7] [1]).
Adding EN signal on $memory\hdr_r[7]$1385 ($dff) from module KL_pp_nvm_port (D = $memory\hdr_r$wrmux[7][9][0]$y$2471, Q = \hdr_r[7] [0]).

6.9. Executing OPT_CLEAN pass (remove unused cells and wires).
Finding unused cells or wires in module \KL_pp_nvm_port..
Removed 0 unused cells and 12 unused wires.
<suppressed ~1 debug messages>

6.10. Rerunning OPT passes. (Removed registers in this run.)

6.11. Executing OPT_EXPR pass (perform const folding).
Optimizing module KL_pp_nvm_port.

6.12. Executing OPT_MERGE pass (detect identical cells).
Finding identical cells in module `\KL_pp_nvm_port'.
Computing hashes of 788 cells of `\KL_pp_nvm_port'.
Finding duplicate cells in `\KL_pp_nvm_port'.
Computing hashes of 781 cells of `\KL_pp_nvm_port'.
Finding duplicate cells in `\KL_pp_nvm_port'.
<suppressed ~21 debug messages>
Removed a total of 7 cells.

6.13. Executing OPT_DFF pass (perform DFF optimizations).

6.14. Executing OPT_CLEAN pass (remove unused cells and wires).
Finding unused cells or wires in module \KL_pp_nvm_port..
Removed 0 unused cells and 7 unused wires.
<suppressed ~1 debug messages>

6.15. Finished fast OPT passes.

7. Executing SAT pass (solving SAT problems in the circuit).
Using SAT solver `minisat`.

Setting up time step 1:
Final constraint equation: { } = { }
Imported 781 cells to SAT database.
Import proof-constraint: \inv_o = 1'0
Final proof equation: \inv_o = 1'0

** Trying induction with length 1 **

Setting up time step 1:
Final constraint equation: { } = { }
Imported 781 cells to SAT database.
Final init constraint equation: { \cause_r [0] \done_seen_r \rec_r \plen_r \bcnt_r \hidx_r \err_r \state_r \lg_r \owed_rd_r \owed_r \tmo_r \hdr_r[0] [0] \hdr_r[1] [0] \hdr_r[2] [0] \hdr_r[3] [1] \hdr_r[4] [0] \hdr_r[5] [0] \hdr_r[6] [0] \hdr_r[7] [0] \hdr_r[7] [3:1] \cause_r [1] \hdr_r[0] [7:1] \hdr_r[1] [7:1] \hdr_r[2] [7:1] \hdr_r[3] [0] \hdr_r[3] [7:2] \hdr_r[4] [7:1] \hdr_r[5] [7:1] \hdr_r[6] [7:1] \hdr_r[7] [7:4] } = 120'000000000000000000000000000000000000000000000000000000000000000000000000000000000000000000000000000000000000000000000000
Import proof-constraint: \inv_o = 1'0
Final proof equation: \inv_o = 1'0
Import show expression: \clk_i
Import show expression: \dev_busy_i
Import show expression: \dev_done_i
Import show expression: \dev_err_i
Import show expression: \dev_gnt_i
Import show expression: \dev_rdata_i
Import show expression: \dev_rvalid_i
Import show expression: \dev_wready_i
Import show expression: \nvm_record_id_i
Import show expression: \nvm_req_i
Import show expression: \nvm_rready_i
Import show expression: \nvm_wdata_i
Import show expression: \nvm_we_i
Import show expression: \nvm_wvalid_i
Import show expression: \rst_n
Import show expression: \dev_len_o
Import show expression: \dev_offset_o
Import show expression: \dev_op_o
Import show expression: \dev_region_o
Import show expression: \dev_req_o
Import show expression: \dev_rready_o
Import show expression: \dev_wdata_o
Import show expression: \dev_wvalid_o
Import show expression: \inv_o
Import show expression: \nvm_busy_o
Import show expression: \nvm_done_o
Import show expression: \nvm_err_cause_o
Import show expression: \nvm_err_o
Import show expression: \nvm_rdata_o
Import show expression: \nvm_rvalid_o
Import show expression: \nvm_wready_o

[base case 1] Solving problem with 9826 variables and 26574 clauses..
Base case for induction length 1 proven.

Setting up time step 2:
Final constraint equation: { } = { }
Imported 781 cells to SAT database.
Import proof-constraint: \inv_o = 1'0
Final proof equation: \inv_o = 1'0
Import show expression: \clk_i
Import show expression: \dev_busy_i
Import show expression: \dev_done_i
Import show expression: \dev_err_i
Import show expression: \dev_gnt_i
Import show expression: \dev_rdata_i
Import show expression: \dev_rvalid_i
Import show expression: \dev_wready_i
Import show expression: \nvm_record_id_i
Import show expression: \nvm_req_i
Import show expression: \nvm_rready_i
Import show expression: \nvm_wdata_i
Import show expression: \nvm_we_i
Import show expression: \nvm_wvalid_i
Import show expression: \rst_n
Import show expression: \dev_len_o
Import show expression: \dev_offset_o
Import show expression: \dev_op_o
Import show expression: \dev_region_o
Import show expression: \dev_req_o
Import show expression: \dev_rready_o
Import show expression: \dev_wdata_o
Import show expression: \dev_wvalid_o
Import show expression: \inv_o
Import show expression: \nvm_busy_o
Import show expression: \nvm_done_o
Import show expression: \nvm_err_cause_o
Import show expression: \nvm_err_o
Import show expression: \nvm_rdata_o
Import show expression: \nvm_rvalid_o
Import show expression: \nvm_wready_o

[induction step 1] Solving problem with 20115 variables and 54422 clauses..
Induction step failed. Incrementing induction length.

  Time Signal Name                   Dec       Hex                 Bin
  ---- --------------------- ----------- --------- -------------------
  init \bcnt_r                         0         0    0000000000000000
  init \cause_r [0]                    0         0                   0
  init \cause_r [1]                    0         0                   0
  init \done_seen_r                    0         0                   0
  init \err_r                          0         0                   0
  init \hdr_r[0] [0]                   1         1                   1
  init \hdr_r[0] [7:1]                11         b             0001011
  init \hdr_r[1] [0]                   0         0                   0
  init \hdr_r[1] [7:1]                17        11             0010001
  init \hdr_r[2] [0]                   0         0                   0
  init \hdr_r[2] [7:1]                 0         0             0000000
  init \hdr_r[3] [0]                   0         0                   0
  init \hdr_r[3] [1]                   0         0                   0
  init \hdr_r[3] [7:2]                 0         0              000000
  init \hdr_r[4] [0]                   0         0                   0
  init \hdr_r[4] [7:1]                 0         0             0000000
  init \hdr_r[5] [0]                   0         0                   0
  init \hdr_r[5] [7:1]                 0         0             0000000
  init \hdr_r[6] [0]                   0         0                   0
  init \hdr_r[6] [7:1]                 0         0             0000000
  init \hdr_r[7] [0]                   0         0                   0
  init \hdr_r[7] [3:1]                 0         0                 000
  init \hdr_r[7] [7:4]                 0         0                0000
  init \hidx_r                         1         1                 001
  init \lg_r                           1         1                   1
  init \owed_r                         0         0                   0
  init \owed_rd_r                      0         0                   0
  init \plen_r                     32768      8000    1000000000000000
  init \rec_r                          0         0            00000000
  init \state_r                       11         b                1011
  init \tmo_r                          3         3                  11
  ---- --------------------- ----------- --------- -------------------
     1 \clk_i                          0         0                   0
     1 \dev_busy_i                     0         0                   0
     1 \dev_done_i                     0         0                   0
     1 \dev_err_i                      0         0                   0
     1 \dev_gnt_i                      1         1                   1
     1 \dev_len_o                      0         0    0000000000000000
     1 \dev_offset_o                   0         0    0000000000000000
     1 \dev_op_o                       0         0                  00
     1 \dev_rdata_i                    0         0            00000000
     1 \dev_region_o                   0         0            00000000
     1 \dev_req_o                      0         0                   0
     1 \dev_rready_o                   0         0                   0
     1 \dev_rvalid_i                   0         0                   0
     1 \dev_wdata_o                    0         0            00000000
     1 \dev_wready_i                   0         0                   0
     1 \dev_wvalid_o                   0         0                   0
     1 \inv_o                          0         0                   0
     1 \nvm_busy_o                     1         1                   1
     1 \nvm_done_o                     0         0                   0
     1 \nvm_err_cause_o                0         0                  00
     1 \nvm_err_o                      0         0                   0
     1 \nvm_rdata_o                   34        22            00100010
     1 \nvm_record_id_i                0         0            00000000
     1 \nvm_req_i                      0         0                   0
     1 \nvm_rready_i                   1         1                   1
     1 \nvm_rvalid_o                   1         1                   1
     1 \nvm_wdata_i                    0         0            00000000
     1 \nvm_we_i                       0         0                   0
     1 \nvm_wready_o                   0         0                   0
     1 \nvm_wvalid_i                   0         0                   0
     1 \rst_n                          1         1                   1
  ---- --------------------- ----------- --------- -------------------
     2 \clk_i                          0         0                   0
     2 \dev_busy_i                     0         0                   0
     2 \dev_done_i                     1         1                   1
     2 \dev_err_i                      0         0                   0
     2 \dev_gnt_i                      0         0                   0
     2 \dev_len_o                      0         0    0000000000000000
     2 \dev_offset_o                   0         0    0000000000000000
     2 \dev_op_o                       0         0                  00
     2 \dev_rdata_i                    0         0            00000000
     2 \dev_region_o                   0         0            00000000
     2 \dev_req_o                      0         0                   0
     2 \dev_rready_o                   0         0                   0
     2 \dev_rvalid_i                   0         0                   0
     2 \dev_wdata_o                    0         0            00000000
     2 \dev_wready_i                   0         0                   0
     2 \dev_wvalid_o                   0         0                   0
     2 \inv_o                          1         1                   1
     2 \nvm_busy_o                     1         1                   1
     2 \nvm_done_o                     0         0                   0
     2 \nvm_err_cause_o                0         0                  00
     2 \nvm_err_o                      0         0                   0
     2 \nvm_rdata_o                    0         0            00000000
     2 \nvm_record_id_i                0         0            00000000
     2 \nvm_req_i                      0         0                   0
     2 \nvm_rready_i                   0         0                   0
     2 \nvm_rvalid_o                   1         1                   1
     2 \nvm_wdata_i                    0         0            00000000
     2 \nvm_we_i                       0         0                   0
     2 \nvm_wready_o                   0         0                   0
     2 \nvm_wvalid_i                   0         0                   0
     2 \rst_n                          1         1                   1

** Trying induction with length 2 **

Setting up time step 2:
Final constraint equation: { } = { }
Imported 781 cells to SAT database.
Import proof-constraint: \inv_o = 1'0
Final proof equation: \inv_o = 1'0
Import show expression: \clk_i
Import show expression: \dev_busy_i
Import show expression: \dev_done_i
Import show expression: \dev_err_i
Import show expression: \dev_gnt_i
Import show expression: \dev_rdata_i
Import show expression: \dev_rvalid_i
Import show expression: \dev_wready_i
Import show expression: \nvm_record_id_i
Import show expression: \nvm_req_i
Import show expression: \nvm_rready_i
Import show expression: \nvm_wdata_i
Import show expression: \nvm_we_i
Import show expression: \nvm_wvalid_i
Import show expression: \rst_n
Import show expression: \dev_len_o
Import show expression: \dev_offset_o
Import show expression: \dev_op_o
Import show expression: \dev_region_o
Import show expression: \dev_req_o
Import show expression: \dev_rready_o
Import show expression: \dev_wdata_o
Import show expression: \dev_wvalid_o
Import show expression: \inv_o
Import show expression: \nvm_busy_o
Import show expression: \nvm_done_o
Import show expression: \nvm_err_cause_o
Import show expression: \nvm_err_o
Import show expression: \nvm_rdata_o
Import show expression: \nvm_rvalid_o
Import show expression: \nvm_wready_o

[base case 2] Solving problem with 20657 variables and 56287 clauses..
Base case for induction length 2 proven.

Setting up time step 3:
Final constraint equation: { } = { }
Imported 781 cells to SAT database.
Import proof-constraint: \inv_o = 1'0
Final proof equation: \inv_o = 1'0
Import show expression: \clk_i
Import show expression: \dev_busy_i
Import show expression: \dev_done_i
Import show expression: \dev_err_i
Import show expression: \dev_gnt_i
Import show expression: \dev_rdata_i
Import show expression: \dev_rvalid_i
Import show expression: \dev_wready_i
Import show expression: \nvm_record_id_i
Import show expression: \nvm_req_i
Import show expression: \nvm_rready_i
Import show expression: \nvm_wdata_i
Import show expression: \nvm_we_i
Import show expression: \nvm_wvalid_i
Import show expression: \rst_n
Import show expression: \dev_len_o
Import show expression: \dev_offset_o
Import show expression: \dev_op_o
Import show expression: \dev_region_o
Import show expression: \dev_req_o
Import show expression: \dev_rready_o
Import show expression: \dev_wdata_o
Import show expression: \dev_wvalid_o
Import show expression: \inv_o
Import show expression: \nvm_busy_o
Import show expression: \nvm_done_o
Import show expression: \nvm_err_cause_o
Import show expression: \nvm_err_o
Import show expression: \nvm_rdata_o
Import show expression: \nvm_rvalid_o
Import show expression: \nvm_wready_o

[induction step 2] Solving problem with 31307 variables and 85337 clauses..
Induction step failed. Incrementing induction length.

  Time Signal Name                   Dec       Hex                 Bin
  ---- --------------------- ----------- --------- -------------------
  init \bcnt_r                     65535      ffff    1111111111111111
  init \cause_r [0]                    0         0                   0
  init \cause_r [1]                    0         0                   0
  init \done_seen_r                    1         1                   1
  init \err_r                          1         1                   1
  init \hdr_r[0] [0]                   0         0                   0
  init \hdr_r[0] [7:1]                11         b             0001011
  init \hdr_r[1] [0]                   0         0                   0
  init \hdr_r[1] [7:1]                 0         0             0000000
  init \hdr_r[2] [0]                   0         0                   0
  init \hdr_r[2] [7:1]                23        17             0010111
  init \hdr_r[3] [0]                   0         0                   0
  init \hdr_r[3] [1]                   0         0                   0
  init \hdr_r[3] [7:2]                13         d              001101
  init \hdr_r[4] [0]                   0         0                   0
  init \hdr_r[4] [7:1]                64        40             1000000
  init \hdr_r[5] [0]                   0         0                   0
  init \hdr_r[5] [7:1]                 0         0             0000000
  init \hdr_r[6] [0]                   0         0                   0
  init \hdr_r[6] [7:1]                 4         4             0000100
  init \hdr_r[7] [0]                   0         0                   0
  init \hdr_r[7] [3:1]                 0         0                 000
  init \hdr_r[7] [7:4]                 2         2                0010
  init \hidx_r                         3         3                 011
  init \lg_r                           1         1                   1
  init \owed_r                         0         0                   0
  init \owed_rd_r                      0         0                   0
  init \plen_r                     65526      fff6    1111111111110110
  init \rec_r                        255        ff            11111111
  init \state_r                        0         0                0000
  init \tmo_r                          3         3                  11
  ---- --------------------- ----------- --------- -------------------
     1 \clk_i                          0         0                   0
     1 \dev_busy_i                     0         0                   0
     1 \dev_done_i                     0         0                   0
     1 \dev_err_i                      0         0                   0
     1 \dev_gnt_i                      1         1                   1
     1 \dev_len_o                      0         0    0000000000000000
     1 \dev_offset_o                   0         0    0000000000000000
     1 \dev_op_o                       0         0                  00
     1 \dev_rdata_i                    2         2            00000010
     1 \dev_region_o                 255        ff            11111111
     1 \dev_req_o                      0         0                   0
     1 \dev_rready_o                   0         0                   0
     1 \dev_rvalid_i                   0         0                   0
     1 \dev_wdata_o                    0         0            00000000
     1 \dev_wready_i                   0         0                   0
     1 \dev_wvalid_o                   0         0                   0
     1 \inv_o                          0         0                   0
     1 \nvm_busy_o                     0         0                   0
     1 \nvm_done_o                     0         0                   0
     1 \nvm_err_cause_o                0         0                  00
     1 \nvm_err_o                      0         0                   0
     1 \nvm_rdata_o                    2         2            00000010
     1 \nvm_record_id_i                0         0            00000000
     1 \nvm_req_i                      0         0                   0
     1 \nvm_rready_i                   1         1                   1
     1 \nvm_rvalid_o                   0         0                   0
     1 \nvm_wdata_i                    0         0            00000000
     1 \nvm_we_i                       0         0                   0
     1 \nvm_wready_o                   0         0                   0
     1 \nvm_wvalid_i                   0         0                   0
     1 \rst_n                          1         1                   1
  ---- --------------------- ----------- --------- -------------------
     2 \clk_i                          0         0                   0
     2 \dev_busy_i                     0         0                   0
     2 \dev_done_i                     0         0                   0
     2 \dev_err_i                      0         0                   0
     2 \dev_gnt_i                      0         0                   0
     2 \dev_len_o                      0         0    0000000000000000
     2 \dev_offset_o                   0         0    0000000000000000
     2 \dev_op_o                       0         0                  00
     2 \dev_rdata_i                    0         0            00000000
     2 \dev_region_o                 255        ff            11111111
     2 \dev_req_o                      0         0                   0
     2 \dev_rready_o                   0         0                   0
     2 \dev_rvalid_i                   0         0                   0
     2 \dev_wdata_o                    0         0            00000000
     2 \dev_wready_i                   0         0                   0
     2 \dev_wvalid_o                   0         0                   0
     2 \inv_o                          0         0                   0
     2 \nvm_busy_o                     0         0                   0
     2 \nvm_done_o                     0         0                   0
     2 \nvm_err_cause_o                0         0                  00
     2 \nvm_err_o                      0         0                   0
     2 \nvm_rdata_o                    0         0            00000000
     2 \nvm_record_id_i                0         0            00000000
     2 \nvm_req_i                      1         1                   1
     2 \nvm_rready_i                   0         0                   0
     2 \nvm_rvalid_o                   0         0                   0
     2 \nvm_wdata_i                    0         0            00000000
     2 \nvm_we_i                       0         0                   0
     2 \nvm_wready_o                   0         0                   0
     2 \nvm_wvalid_i                   0         0                   0
     2 \rst_n                          1         1                   1
  ---- --------------------- ----------- --------- -------------------
     3 \clk_i                          0         0                   0
     3 \dev_busy_i                     0         0                   0
     3 \dev_done_i                     1         1                   1
     3 \dev_err_i                      0         0                   0
     3 \dev_gnt_i                      0         0                   0
     3 \dev_len_o                      8         8    0000000000001000
     3 \dev_offset_o                   0         0    0000000000000000
     3 \dev_op_o                       0         0                  00
     3 \dev_rdata_i                    0         0            00000000
     3 \dev_region_o                   0         0            00000000
     3 \dev_req_o                      0         0                   0
     3 \dev_rready_o                   0         0                   0
     3 \dev_rvalid_i                   0         0                   0
     3 \dev_wdata_o                    0         0            00000000
     3 \dev_wready_i                   0         0                   0
     3 \dev_wvalid_o                   0         0                   0
     3 \inv_o                          1         1                   1
     3 \nvm_busy_o                     1         1                   1
     3 \nvm_done_o                     0         0                   0
     3 \nvm_err_cause_o                0         0                  00
     3 \nvm_err_o                      0         0                   0
     3 \nvm_rdata_o                    0         0            00000000
     3 \nvm_record_id_i                0         0            00000000
     3 \nvm_req_i                      0         0                   0
     3 \nvm_rready_i                   0         0                   0
     3 \nvm_rvalid_o                   0         0                   0
     3 \nvm_wdata_i                    0         0            00000000
     3 \nvm_we_i                       0         0                   0
     3 \nvm_wready_o                   0         0                   0
     3 \nvm_wvalid_i                   0         0                   0
     3 \rst_n                          1         1                   1

** Trying induction with length 3 **

Setting up time step 3:
Final constraint equation: { } = { }
Imported 781 cells to SAT database.
Import proof-constraint: \inv_o = 1'0
Final proof equation: \inv_o = 1'0
Import show expression: \clk_i
Import show expression: \dev_busy_i
Import show expression: \dev_done_i
Import show expression: \dev_err_i
Import show expression: \dev_gnt_i
Import show expression: \dev_rdata_i
Import show expression: \dev_rvalid_i
Import show expression: \dev_wready_i
Import show expression: \nvm_record_id_i
Import show expression: \nvm_req_i
Import show expression: \nvm_rready_i
Import show expression: \nvm_wdata_i
Import show expression: \nvm_we_i
Import show expression: \nvm_wvalid_i
Import show expression: \rst_n
Import show expression: \dev_len_o
Import show expression: \dev_offset_o
Import show expression: \dev_op_o
Import show expression: \dev_region_o
Import show expression: \dev_req_o
Import show expression: \dev_rready_o
Import show expression: \dev_wdata_o
Import show expression: \dev_wvalid_o
Import show expression: \inv_o
Import show expression: \nvm_busy_o
Import show expression: \nvm_done_o
Import show expression: \nvm_err_cause_o
Import show expression: \nvm_err_o
Import show expression: \nvm_rdata_o
Import show expression: \nvm_rvalid_o
Import show expression: \nvm_wready_o

[base case 3] Solving problem with 31849 variables and 87202 clauses..
Base case for induction length 3 proven.

Setting up time step 4:
Final constraint equation: { } = { }
Imported 781 cells to SAT database.
Import proof-constraint: \inv_o = 1'0
Final proof equation: \inv_o = 1'0
Import show expression: \clk_i
Import show expression: \dev_busy_i
Import show expression: \dev_done_i
Import show expression: \dev_err_i
Import show expression: \dev_gnt_i
Import show expression: \dev_rdata_i
Import show expression: \dev_rvalid_i
Import show expression: \dev_wready_i
Import show expression: \nvm_record_id_i
Import show expression: \nvm_req_i
Import show expression: \nvm_rready_i
Import show expression: \nvm_wdata_i
Import show expression: \nvm_we_i
Import show expression: \nvm_wvalid_i
Import show expression: \rst_n
Import show expression: \dev_len_o
Import show expression: \dev_offset_o
Import show expression: \dev_op_o
Import show expression: \dev_region_o
Import show expression: \dev_req_o
Import show expression: \dev_rready_o
Import show expression: \dev_wdata_o
Import show expression: \dev_wvalid_o
Import show expression: \inv_o
Import show expression: \nvm_busy_o
Import show expression: \nvm_done_o
Import show expression: \nvm_err_cause_o
Import show expression: \nvm_err_o
Import show expression: \nvm_rdata_o
Import show expression: \nvm_rvalid_o
Import show expression: \nvm_wready_o

[induction step 3] Solving problem with 42860 variables and 117454 clauses..
Induction step failed. Incrementing induction length.

  Time Signal Name                   Dec       Hex                 Bin
  ---- --------------------- ----------- --------- -------------------
  init \bcnt_r                     16385      4001    0100000000000001
  init \cause_r [0]                    1         1                   1
  init \cause_r [1]                    1         1                   1
  init \done_seen_r                    0         0                   0
  init \err_r                          0         0                   0
  init \hdr_r[0] [0]                   1         1                   1
  init \hdr_r[0] [7:1]                11         b             0001011
  init \hdr_r[1] [0]                   0         0                   0
  init \hdr_r[1] [7:1]                17        11             0010001
  init \hdr_r[2] [0]                   0         0                   0
  init \hdr_r[2] [7:1]                 0         0             0000000
  init \hdr_r[3] [0]                   0         0                   0
  init \hdr_r[3] [1]                   0         0                   0
  init \hdr_r[3] [7:2]                 0         0              000000
  init \hdr_r[4] [0]                   0         0                   0
  init \hdr_r[4] [7:1]                 0         0             0000000
  init \hdr_r[5] [0]                   0         0                   0
  init \hdr_r[5] [7:1]                 0         0             0000000
  init \hdr_r[6] [0]                   0         0                   0
  init \hdr_r[6] [7:1]                32        20             0100000
  init \hdr_r[7] [0]                   0         0                   0
  init \hdr_r[7] [3:1]                 0         0                 000
  init \hdr_r[7] [7:4]                 1         1                0001
  init \hidx_r                         7         7                 111
  init \lg_r                           1         1                   1
  init \owed_r                         0         0                   0
  init \owed_rd_r                      0         0                   0
  init \plen_r                     16386      4002    0100000000000010
  init \rec_r                          0         0            00000000
  init \state_r                        4         4                0100
  init \tmo_r                          3         3                  11
  ---- --------------------- ----------- --------- -------------------
     1 \clk_i                          0         0                   0
     1 \dev_busy_i                     0         0                   0
     1 \dev_done_i                     0         0                   0
     1 \dev_err_i                      0         0                   0
     1 \dev_gnt_i                      0         0                   0
     1 \dev_len_o                  16394      400a    0100000000001010
     1 \dev_offset_o                   0         0    0000000000000000
     1 \dev_op_o                       1         1                  01
     1 \dev_rdata_i                    0         0            00000000
     1 \dev_region_o                   0         0            00000000
     1 \dev_req_o                      1         1                   1
     1 \dev_rready_o                   0         0                   0
     1 \dev_rvalid_i                   1         1                   1
     1 \dev_wdata_o                    0         0            00000000
     1 \dev_wready_i                   0         0                   0
     1 \dev_wvalid_o                   0         0                   0
     1 \inv_o                          0         0                   0
     1 \nvm_busy_o                     1         1                   1
     1 \nvm_done_o                     0         0                   0
     1 \nvm_err_cause_o                0         0                  00
     1 \nvm_err_o                      0         0                   0
     1 \nvm_rdata_o                    0         0            00000000
     1 \nvm_record_id_i                0         0            00000000
     1 \nvm_req_i                      0         0                   0
     1 \nvm_rready_i                   1         1                   1
     1 \nvm_rvalid_o                   0         0                   0
     1 \nvm_wdata_i                    0         0            00000000
     1 \nvm_we_i                       0         0                   0
     1 \nvm_wready_o                   0         0                   0
     1 \nvm_wvalid_i                   1         1                   1
     1 \rst_n                          1         1                   1
  ---- --------------------- ----------- --------- -------------------
     2 \clk_i                          0         0                   0
     2 \dev_busy_i                     0         0                   0
     2 \dev_done_i                     0         0                   0
     2 \dev_err_i                      0         0                   0
     2 \dev_gnt_i                      1         1                   1
     2 \dev_len_o                      0         0    0000000000000000
     2 \dev_offset_o                   0         0    0000000000000000
     2 \dev_op_o                       0         0                  00
     2 \dev_rdata_i                    2         2            00000010
     2 \dev_region_o                   0         0            00000000
     2 \dev_req_o                      0         0                   0
     2 \dev_rready_o                   0         0                   0
     2 \dev_rvalid_i                   0         0                   0
     2 \dev_wdata_o                    2         2            00000010
     2 \dev_wready_i                   0         0                   0
     2 \dev_wvalid_o                   0         0                   0
     2 \inv_o                          0         0                   0
     2 \nvm_busy_o                     0         0                   0
     2 \nvm_done_o                     0         0                   0
     2 \nvm_err_cause_o                3         3                  11
     2 \nvm_err_o                      1         1                   1
     2 \nvm_rdata_o                    2         2            00000010
     2 \nvm_record_id_i                0         0            00000000
     2 \nvm_req_i                      0         0                   0
     2 \nvm_rready_i                   0         0                   0
     2 \nvm_rvalid_o                   0         0                   0
     2 \nvm_wdata_i                    2         2            00000010
     2 \nvm_we_i                       1         1                   1
     2 \nvm_wready_o                   0         0                   0
     2 \nvm_wvalid_i                   0         0                   0
     2 \rst_n                          1         1                   1
  ---- --------------------- ----------- --------- -------------------
     3 \clk_i                          0         0                   0
     3 \dev_busy_i                     0         0                   0
     3 \dev_done_i                     0         0                   0
     3 \dev_err_i                      0         0                   0
     3 \dev_gnt_i                      0         0                   0
     3 \dev_len_o                      0         0    0000000000000000
     3 \dev_offset_o                   0         0    0000000000000000
     3 \dev_op_o                       0         0                  00
     3 \dev_rdata_i                    0         0            00000000
     3 \dev_region_o                   0         0            00000000
     3 \dev_req_o                      0         0                   0
     3 \dev_rready_o                   0         0                   0
     3 \dev_rvalid_i                   0         0                   0
     3 \dev_wdata_o                    0         0            00000000
     3 \dev_wready_i                   0         0                   0
     3 \dev_wvalid_o                   0         0                   0
     3 \inv_o                          0         0                   0
     3 \nvm_busy_o                     0         0                   0
     3 \nvm_done_o                     0         0                   0
     3 \nvm_err_cause_o                0         0                  00
     3 \nvm_err_o                      0         0                   0
     3 \nvm_rdata_o                    0         0            00000000
     3 \nvm_record_id_i               56        38            00111000
     3 \nvm_req_i                      1         1                   1
     3 \nvm_rready_i                   0         0                   0
     3 \nvm_rvalid_o                   0         0                   0
     3 \nvm_wdata_i                    0         0            00000000
     3 \nvm_we_i                       0         0                   0
     3 \nvm_wready_o                   0         0                   0
     3 \nvm_wvalid_i                   1         1                   1
     3 \rst_n                          1         1                   1
  ---- --------------------- ----------- --------- -------------------
     4 \clk_i                          0         0                   0
     4 \dev_busy_i                     0         0                   0
     4 \dev_done_i                     0         0                   0
     4 \dev_err_i                      1         1                   1
     4 \dev_gnt_i                      0         0                   0
     4 \dev_len_o                      8         8    0000000000001000
     4 \dev_offset_o                   0         0    0000000000000000
     4 \dev_op_o                       0         0                  00
     4 \dev_rdata_i                    0         0            00000000
     4 \dev_region_o                  56        38            00111000
     4 \dev_req_o                      0         0                   0
     4 \dev_rready_o                   0         0                   0
     4 \dev_rvalid_i                   0         0                   0
     4 \dev_wdata_o                    0         0            00000000
     4 \dev_wready_i                   0         0                   0
     4 \dev_wvalid_o                   0         0                   0
     4 \inv_o                          1         1                   1
     4 \nvm_busy_o                     1         1                   1
     4 \nvm_done_o                     0         0                   0
     4 \nvm_err_cause_o                0         0                  00
     4 \nvm_err_o                      0         0                   0
     4 \nvm_rdata_o                    0         0            00000000
     4 \nvm_record_id_i                0         0            00000000
     4 \nvm_req_i                      0         0                   0
     4 \nvm_rready_i                   0         0                   0
     4 \nvm_rvalid_o                   0         0                   0
     4 \nvm_wdata_i                    0         0            00000000
     4 \nvm_we_i                       0         0                   0
     4 \nvm_wready_o                   0         0                   0
     4 \nvm_wvalid_i                   0         0                   0
     4 \rst_n                          1         1                   1

** Trying induction with length 4 **

Setting up time step 4:
Final constraint equation: { } = { }
Imported 781 cells to SAT database.
Import proof-constraint: \inv_o = 1'0
Final proof equation: \inv_o = 1'0
Import show expression: \clk_i
Import show expression: \dev_busy_i
Import show expression: \dev_done_i
Import show expression: \dev_err_i
Import show expression: \dev_gnt_i
Import show expression: \dev_rdata_i
Import show expression: \dev_rvalid_i
Import show expression: \dev_wready_i
Import show expression: \nvm_record_id_i
Import show expression: \nvm_req_i
Import show expression: \nvm_rready_i
Import show expression: \nvm_wdata_i
Import show expression: \nvm_we_i
Import show expression: \nvm_wvalid_i
Import show expression: \rst_n
Import show expression: \dev_len_o
Import show expression: \dev_offset_o
Import show expression: \dev_op_o
Import show expression: \dev_region_o
Import show expression: \dev_req_o
Import show expression: \dev_rready_o
Import show expression: \dev_wdata_o
Import show expression: \dev_wvalid_o
Import show expression: \inv_o
Import show expression: \nvm_busy_o
Import show expression: \nvm_done_o
Import show expression: \nvm_err_cause_o
Import show expression: \nvm_err_o
Import show expression: \nvm_rdata_o
Import show expression: \nvm_rvalid_o
Import show expression: \nvm_wready_o

[base case 4] Solving problem with 43402 variables and 119319 clauses..
Base case for induction length 4 proven.

Setting up time step 5:
Final constraint equation: { } = { }
Imported 781 cells to SAT database.
Import proof-constraint: \inv_o = 1'0
Final proof equation: \inv_o = 1'0
Import show expression: \clk_i
Import show expression: \dev_busy_i
Import show expression: \dev_done_i
Import show expression: \dev_err_i
Import show expression: \dev_gnt_i
Import show expression: \dev_rdata_i
Import show expression: \dev_rvalid_i
Import show expression: \dev_wready_i
Import show expression: \nvm_record_id_i
Import show expression: \nvm_req_i
Import show expression: \nvm_rready_i
Import show expression: \nvm_wdata_i
Import show expression: \nvm_we_i
Import show expression: \nvm_wvalid_i
Import show expression: \rst_n
Import show expression: \dev_len_o
Import show expression: \dev_offset_o
Import show expression: \dev_op_o
Import show expression: \dev_region_o
Import show expression: \dev_req_o
Import show expression: \dev_rready_o
Import show expression: \dev_wdata_o
Import show expression: \dev_wvalid_o
Import show expression: \inv_o
Import show expression: \nvm_busy_o
Import show expression: \nvm_done_o
Import show expression: \nvm_err_cause_o
Import show expression: \nvm_err_o
Import show expression: \nvm_rdata_o
Import show expression: \nvm_rvalid_o
Import show expression: \nvm_wready_o

[induction step 4] Solving problem with 54774 variables and 150773 clauses..
Induction step failed. Incrementing induction length.

  Time Signal Name                   Dec       Hex                 Bin
  ---- --------------------- ----------- --------- -------------------
  init \bcnt_r                     65535      ffff    1111111111111111
  init \cause_r [0]                    0         0                   0
  init \cause_r [1]                    1         1                   1
  init \done_seen_r                    1         1                   1
  init \err_r                          0         0                   0
  init \hdr_r[0] [0]                   1         1                   1
  init \hdr_r[0] [7:1]                75        4b             1001011
  init \hdr_r[1] [0]                   0         0                   0
  init \hdr_r[1] [7:1]                17        11             0010001
  init \hdr_r[2] [0]                   0         0                   0
  init \hdr_r[2] [7:1]                 0         0             0000000
  init \hdr_r[3] [0]                   0         0                   0
  init \hdr_r[3] [1]                   0         0                   0
  init \hdr_r[3] [7:2]                 0         0              000000
  init \hdr_r[4] [0]                   0         0                   0
  init \hdr_r[4] [7:1]                 0         0             0000000
  init \hdr_r[5] [0]                   0         0                   0
  init \hdr_r[5] [7:1]                 0         0             0000000
  init \hdr_r[6] [0]                   0         0                   0
  init \hdr_r[6] [7:1]                32        20             0100000
  init \hdr_r[7] [0]                   0         0                   0
  init \hdr_r[7] [3:1]                 0         0                 000
  init \hdr_r[7] [7:4]                 1         1                0001
  init \hidx_r                         7         7                 111
  init \lg_r                           1         1                   1
  init \owed_r                         0         0                   0
  init \owed_rd_r                      1         1                   1
  init \plen_r                         0         0    0000000000000000
  init \rec_r                          0         0            00000000
  init \state_r                       10         a                1010
  init \tmo_r                          3         3                  11
  ---- --------------------- ----------- --------- -------------------
     1 \clk_i                          0         0                   0
     1 \dev_busy_i                     0         0                   0
     1 \dev_done_i                     0         0                   0
     1 \dev_err_i                      0         0                   0
     1 \dev_gnt_i                      1         1                   1
     1 \dev_len_o                      0         0    0000000000000000
     1 \dev_offset_o                   0         0    0000000000000000
     1 \dev_op_o                       0         0                  00
     1 \dev_rdata_i                    0         0            00000000
     1 \dev_region_o                   0         0            00000000
     1 \dev_req_o                      0         0                   0
     1 \dev_rready_o                   0         0                   0
     1 \dev_rvalid_i                   1         1                   1
     1 \dev_wdata_o                    0         0            00000000
     1 \dev_wready_i                   0         0                   0
     1 \dev_wvalid_o                   0         0                   0
     1 \inv_o                          0         0                   0
     1 \nvm_busy_o                     1         1                   1
     1 \nvm_done_o                     0         0                   0
     1 \nvm_err_cause_o                0         0                  00
     1 \nvm_err_o                      0         0                   0
     1 \nvm_rdata_o                    0         0            00000000
     1 \nvm_record_id_i                0         0            00000000
     1 \nvm_req_i                      1         1                   1
     1 \nvm_rready_i                   1         1                   1
     1 \nvm_rvalid_o                   0         0                   0
     1 \nvm_wdata_i                    0         0            00000000
     1 \nvm_we_i                       0         0                   0
     1 \nvm_wready_o                   0         0                   0
     1 \nvm_wvalid_i                   0         0                   0
     1 \rst_n                          1         1                   1
  ---- --------------------- ----------- --------- -------------------
     2 \clk_i                          0         0                   0
     2 \dev_busy_i                     0         0                   0
     2 \dev_done_i                     0         0                   0
     2 \dev_err_i                      0         0                   0
     2 \dev_gnt_i                      1         1                   1
     2 \dev_len_o                      0         0    0000000000000000
     2 \dev_offset_o                   0         0    0000000000000000
     2 \dev_op_o                       0         0                  00
     2 \dev_rdata_i                    0         0            00000000
     2 \dev_region_o                   0         0            00000000
     2 \dev_req_o                      0         0                   0
     2 \dev_rready_o                   1         1                   1
     2 \dev_rvalid_i                   1         1                   1
     2 \dev_wdata_o                    0         0            00000000
     2 \dev_wready_i                   1         1                   1
     2 \dev_wvalid_o                   0         0                   0
     2 \inv_o                          0         0                   0
     2 \nvm_busy_o                     0         0                   0
     2 \nvm_done_o                     0         0                   0
     2 \nvm_err_cause_o                2         2                  10
     2 \nvm_err_o                      1         1                   1
     2 \nvm_rdata_o                    0         0            00000000
     2 \nvm_record_id_i                0         0            00000000
     2 \nvm_req_i                      1         1                   1
     2 \nvm_rready_i                   1         1                   1
     2 \nvm_rvalid_o                   0         0                   0
     2 \nvm_wdata_i                    0         0            00000000
     2 \nvm_we_i                       1         1                   1
     2 \nvm_wready_o                   0         0                   0
     2 \nvm_wvalid_i                   1         1                   1
     2 \rst_n                          1         1                   1
  ---- --------------------- ----------- --------- -------------------
     3 \clk_i                          0         0                   0
     3 \dev_busy_i                     0         0                   0
     3 \dev_done_i                     0         0                   0
     3 \dev_err_i                      0         0                   0
     3 \dev_gnt_i                      1         1                   1
     3 \dev_len_o                      0         0    0000000000000000
     3 \dev_offset_o                   0         0    0000000000000000
     3 \dev_op_o                       0         0                  00
     3 \dev_rdata_i                    0         0            00000000
     3 \dev_region_o                   0         0            00000000
     3 \dev_req_o                      0         0                   0
     3 \dev_rready_o                   1         1                   1
     3 \dev_rvalid_i                   0         0                   0
     3 \dev_wdata_o                    0         0            00000000
     3 \dev_wready_i                   1         1                   1
     3 \dev_wvalid_o                   0         0                   0
     3 \inv_o                          0         0                   0
     3 \nvm_busy_o                     0         0                   0
     3 \nvm_done_o                     0         0                   0
     3 \nvm_err_cause_o                0         0                  00
     3 \nvm_err_o                      0         0                   0
     3 \nvm_rdata_o                    0         0            00000000
     3 \nvm_record_id_i               56        38            00111000
     3 \nvm_req_i                      0         0                   0
     3 \nvm_rready_i                   0         0                   0
     3 \nvm_rvalid_o                   0         0                   0
     3 \nvm_wdata_i                    0         0            00000000
     3 \nvm_we_i                       1         1                   1
     3 \nvm_wready_o                   0         0                   0
     3 \nvm_wvalid_i                   1         1                   1
     3 \rst_n                          1         1                   1
  ---- --------------------- ----------- --------- -------------------
     4 \clk_i                          0         0                   0
     4 \dev_busy_i                     0         0                   0
     4 \dev_done_i                     0         0                   0
     4 \dev_err_i                      0         0                   0
     4 \dev_gnt_i                      0         0                   0
     4 \dev_len_o                      0         0    0000000000000000
     4 \dev_offset_o                   0         0    0000000000000000
     4 \dev_op_o                       0         0                  00
     4 \dev_rdata_i                    0         0            00000000
     4 \dev_region_o                   0         0            00000000
     4 \dev_req_o                      0         0                   0
     4 \dev_rready_o                   1         1                   1
     4 \dev_rvalid_i                   1         1                   1
     4 \dev_wdata_o                    0         0            00000000
     4 \dev_wready_i                   0         0                   0
     4 \dev_wvalid_o                   0         0                   0
     4 \inv_o                          0         0                   0
     4 \nvm_busy_o                     0         0                   0
     4 \nvm_done_o                     0         0                   0
     4 \nvm_err_cause_o                0         0                  00
     4 \nvm_err_o                      0         0                   0
     4 \nvm_rdata_o                    0         0            00000000
     4 \nvm_record_id_i                0         0            00000000
     4 \nvm_req_i                      1         1                   1
     4 \nvm_rready_i                   1         1                   1
     4 \nvm_rvalid_o                   0         0                   0
     4 \nvm_wdata_i                    0         0            00000000
     4 \nvm_we_i                       0         0                   0
     4 \nvm_wready_o                   0         0                   0
     4 \nvm_wvalid_i                   0         0                   0
     4 \rst_n                          1         1                   1
  ---- --------------------- ----------- --------- -------------------
     5 \clk_i                          0         0                   0
     5 \dev_busy_i                     0         0                   0
     5 \dev_done_i                     1         1                   1
     5 \dev_err_i                      0         0                   0
     5 \dev_gnt_i                      0         0                   0
     5 \dev_len_o                      8         8    0000000000001000
     5 \dev_offset_o                   0         0    0000000000000000
     5 \dev_op_o                       0         0                  00
     5 \dev_rdata_i                    0         0            00000000
     5 \dev_region_o                   0         0            00000000
     5 \dev_req_o                      0         0                   0
     5 \dev_rready_o                   1         1                   1
     5 \dev_rvalid_i                   0         0                   0
     5 \dev_wdata_o                    0         0            00000000
     5 \dev_wready_i                   0         0                   0
     5 \dev_wvalid_o                   0         0                   0
     5 \inv_o                          1         1                   1
     5 \nvm_busy_o                     1         1                   1
     5 \nvm_done_o                     0         0                   0
     5 \nvm_err_cause_o                0         0                  00
     5 \nvm_err_o                      0         0                   0
     5 \nvm_rdata_o                    0         0            00000000
     5 \nvm_record_id_i                0         0            00000000
     5 \nvm_req_i                      0         0                   0
     5 \nvm_rready_i                   0         0                   0
     5 \nvm_rvalid_o                   0         0                   0
     5 \nvm_wdata_i                    0         0            00000000
     5 \nvm_we_i                       1         1                   1
     5 \nvm_wready_o                   0         0                   0
     5 \nvm_wvalid_i                   0         0                   0
     5 \rst_n                          1         1                   1

** Trying induction with length 5 **

Setting up time step 5:
Final constraint equation: { } = { }
Imported 781 cells to SAT database.
Import proof-constraint: \inv_o = 1'0
Final proof equation: \inv_o = 1'0
Import show expression: \clk_i
Import show expression: \dev_busy_i
Import show expression: \dev_done_i
Import show expression: \dev_err_i
Import show expression: \dev_gnt_i
Import show expression: \dev_rdata_i
Import show expression: \dev_rvalid_i
Import show expression: \dev_wready_i
Import show expression: \nvm_record_id_i
Import show expression: \nvm_req_i
Import show expression: \nvm_rready_i
Import show expression: \nvm_wdata_i
Import show expression: \nvm_we_i
Import show expression: \nvm_wvalid_i
Import show expression: \rst_n
Import show expression: \dev_len_o
Import show expression: \dev_offset_o
Import show expression: \dev_op_o
Import show expression: \dev_region_o
Import show expression: \dev_req_o
Import show expression: \dev_rready_o
Import show expression: \dev_wdata_o
Import show expression: \dev_wvalid_o
Import show expression: \inv_o
Import show expression: \nvm_busy_o
Import show expression: \nvm_done_o
Import show expression: \nvm_err_cause_o
Import show expression: \nvm_err_o
Import show expression: \nvm_rdata_o
Import show expression: \nvm_rvalid_o
Import show expression: \nvm_wready_o

[base case 5] Solving problem with 55316 variables and 152638 clauses..
Base case for induction length 5 proven.

Setting up time step 6:
Final constraint equation: { } = { }
Imported 781 cells to SAT database.
Import proof-constraint: \inv_o = 1'0
Final proof equation: \inv_o = 1'0
Import show expression: \clk_i
Import show expression: \dev_busy_i
Import show expression: \dev_done_i
Import show expression: \dev_err_i
Import show expression: \dev_gnt_i
Import show expression: \dev_rdata_i
Import show expression: \dev_rvalid_i
Import show expression: \dev_wready_i
Import show expression: \nvm_record_id_i
Import show expression: \nvm_req_i
Import show expression: \nvm_rready_i
Import show expression: \nvm_wdata_i
Import show expression: \nvm_we_i
Import show expression: \nvm_wvalid_i
Import show expression: \rst_n
Import show expression: \dev_len_o
Import show expression: \dev_offset_o
Import show expression: \dev_op_o
Import show expression: \dev_region_o
Import show expression: \dev_req_o
Import show expression: \dev_rready_o
Import show expression: \dev_wdata_o
Import show expression: \dev_wvalid_o
Import show expression: \inv_o
Import show expression: \nvm_busy_o
Import show expression: \nvm_done_o
Import show expression: \nvm_err_cause_o
Import show expression: \nvm_err_o
Import show expression: \nvm_rdata_o
Import show expression: \nvm_rvalid_o
Import show expression: \nvm_wready_o

[induction step 5] Solving problem with 67049 variables and 185294 clauses..
Induction step failed. Incrementing induction length.

  Time Signal Name                   Dec       Hex                 Bin
  ---- --------------------- ----------- --------- -------------------
  init \bcnt_r                        65        41    0000000001000001
  init \cause_r [0]                    1         1                   1
  init \cause_r [1]                    1         1                   1
  init \done_seen_r                    0         0                   0
  init \err_r                          0         0                   0
  init \hdr_r[0] [0]                   1         1                   1
  init \hdr_r[0] [7:1]                11         b             0001011
  init \hdr_r[1] [0]                   0         0                   0
  init \hdr_r[1] [7:1]                25        19             0011001
  init \hdr_r[2] [0]                   0         0                   0
  init \hdr_r[2] [7:1]               104        68             1101000
  init \hdr_r[3] [0]                   1         1                   1
  init \hdr_r[3] [1]                   1         1                   1
  init \hdr_r[3] [7:2]                10         a              001010
  init \hdr_r[4] [0]                   0         0                   0
  init \hdr_r[4] [7:1]                61        3d             0111101
  init \hdr_r[5] [0]                   0         0                   0
  init \hdr_r[5] [7:1]                67        43             1000011
  init \hdr_r[6] [0]                   1         1                   1
  init \hdr_r[6] [7:1]                20        14             0010100
  init \hdr_r[7] [0]                   0         0                   0
  init \hdr_r[7] [3:1]                 0         0                 000
  init \hdr_r[7] [7:4]                 8         8                1000
  init \hidx_r                         1         1                 001
  init \lg_r                           1         1                   1
  init \owed_r                         0         0                   0
  init \owed_rd_r                      0         0                   0
  init \plen_r                        66        42    0000000001000010
  init \rec_r                         32        20            00100000
  init \state_r                        4         4                0100
  init \tmo_r                          2         2                  10
  ---- --------------------- ----------- --------- -------------------
     1 \clk_i                          0         0                   0
     1 \dev_busy_i                     0         0                   0
     1 \dev_done_i                     0         0                   0
     1 \dev_err_i                      0         0                   0
     1 \dev_gnt_i                      0         0                   0
     1 \dev_len_o                     74        4a    0000000001001010
     1 \dev_offset_o                   0         0    0000000000000000
     1 \dev_op_o                       1         1                  01
     1 \dev_rdata_i                    0         0            00000000
     1 \dev_region_o                  32        20            00100000
     1 \dev_req_o                      1         1                   1
     1 \dev_rready_o                   0         0                   0
     1 \dev_rvalid_i                   1         1                   1
     1 \dev_wdata_o                    0         0            00000000
     1 \dev_wready_i                   1         1                   1
     1 \dev_wvalid_o                   0         0                   0
     1 \inv_o                          0         0                   0
     1 \nvm_busy_o                     1         1                   1
     1 \nvm_done_o                     0         0                   0
     1 \nvm_err_cause_o                0         0                  00
     1 \nvm_err_o                      0         0                   0
     1 \nvm_rdata_o                    0         0            00000000
     1 \nvm_record_id_i               32        20            00100000
     1 \nvm_req_i                      1         1                   1
     1 \nvm_rready_i                   0         0                   0
     1 \nvm_rvalid_o                   0         0                   0
     1 \nvm_wdata_i                    0         0            00000000
     1 \nvm_we_i                       1         1                   1
     1 \nvm_wready_o                   0         0                   0
     1 \nvm_wvalid_i                   1         1                   1
     1 \rst_n                          1         1                   1
  ---- --------------------- ----------- --------- -------------------
     2 \clk_i                          0         0                   0
     2 \dev_busy_i                     0         0                   0
     2 \dev_done_i                     0         0                   0
     2 \dev_err_i                      0         0                   0
     2 \dev_gnt_i                      0         0                   0
     2 \dev_len_o                     74        4a    0000000001001010
     2 \dev_offset_o                   0         0    0000000000000000
     2 \dev_op_o                       1         1                  01
     2 \dev_rdata_i                    0         0            00000000
     2 \dev_region_o                  32        20            00100000
     2 \dev_req_o                      1         1                   1
     2 \dev_rready_o                   0         0                   0
     2 \dev_rvalid_i                   0         0                   0
     2 \dev_wdata_o                    0         0            00000000
     2 \dev_wready_i                   0         0                   0
     2 \dev_wvalid_o                   0         0                   0
     2 \inv_o                          0         0                   0
     2 \nvm_busy_o                     1         1                   1
     2 \nvm_done_o                     0         0                   0
     2 \nvm_err_cause_o                0         0                  00
     2 \nvm_err_o                      0         0                   0
     2 \nvm_rdata_o                    0         0            00000000
     2 \nvm_record_id_i                0         0            00000000
     2 \nvm_req_i                      0         0                   0
     2 \nvm_rready_i                   0         0                   0
     2 \nvm_rvalid_o                   0         0                   0
     2 \nvm_wdata_i                    0         0            00000000
     2 \nvm_we_i                       1         1                   1
     2 \nvm_wready_o                   0         0                   0
     2 \nvm_wvalid_i                   1         1                   1
     2 \rst_n                          1         1                   1
  ---- --------------------- ----------- --------- -------------------
     3 \clk_i                          0         0                   0
     3 \dev_busy_i                     0         0                   0
     3 \dev_done_i                     0         0                   0
     3 \dev_err_i                      0         0                   0
     3 \dev_gnt_i                      1         1                   1
     3 \dev_len_o                      0         0    0000000000000000
     3 \dev_offset_o                   0         0    0000000000000000
     3 \dev_op_o                       0         0                  00
     3 \dev_rdata_i                    0         0            00000000
     3 \dev_region_o                  32        20            00100000
     3 \dev_req_o                      0         0                   0
     3 \dev_rready_o                   0         0                   0
     3 \dev_rvalid_i                   0         0                   0
     3 \dev_wdata_o                    0         0            00000000
     3 \dev_wready_i                   1         1                   1
     3 \dev_wvalid_o                   0         0                   0
     3 \inv_o                          0         0                   0
     3 \nvm_busy_o                     0         0                   0
     3 \nvm_done_o                     0         0                   0
     3 \nvm_err_cause_o                3         3                  11
     3 \nvm_err_o                      1         1                   1
     3 \nvm_rdata_o                    0         0            00000000
     3 \nvm_record_id_i               56        38            00111000
     3 \nvm_req_i                      0         0                   0
     3 \nvm_rready_i                   1         1                   1
     3 \nvm_rvalid_o                   0         0                   0
     3 \nvm_wdata_i                    0         0            00000000
     3 \nvm_we_i                       1         1                   1
     3 \nvm_wready_o                   0         0                   0
     3 \nvm_wvalid_i                   0         0                   0
     3 \rst_n                          1         1                   1
  ---- --------------------- ----------- --------- -------------------
     4 \clk_i                          0         0                   0
     4 \dev_busy_i                     0         0                   0
     4 \dev_done_i                     0         0                   0
     4 \dev_err_i                      0         0                   0
     4 \dev_gnt_i                      1         1                   1
     4 \dev_len_o                      0         0    0000000000000000
     4 \dev_offset_o                   0         0    0000000000000000
     4 \dev_op_o                       0         0                  00
     4 \dev_rdata_i                    0         0            00000000
     4 \dev_region_o                  32        20            00100000
     4 \dev_req_o                      0         0                   0
     4 \dev_rready_o                   0         0                   0
     4 \dev_rvalid_i                   0         0                   0
     4 \dev_wdata_o                    0         0            00000000
     4 \dev_wready_i                   0         0                   0
     4 \dev_wvalid_o                   0         0                   0
     4 \inv_o                          0         0                   0
     4 \nvm_busy_o                     0         0                   0
     4 \nvm_done_o                     0         0                   0
     4 \nvm_err_cause_o                0         0                  00
     4 \nvm_err_o                      0         0                   0
     4 \nvm_rdata_o                    0         0            00000000
     4 \nvm_record_id_i                0         0            00000000
     4 \nvm_req_i                      0         0                   0
     4 \nvm_rready_i                   0         0                   0
     4 \nvm_rvalid_o                   0         0                   0
     4 \nvm_wdata_i                    0         0            00000000
     4 \nvm_we_i                       0         0                   0
     4 \nvm_wready_o                   0         0                   0
     4 \nvm_wvalid_i                   1         1                   1
     4 \rst_n                          1         1                   1
  ---- --------------------- ----------- --------- -------------------
     5 \clk_i                          0         0                   0
     5 \dev_busy_i                     0         0                   0
     5 \dev_done_i                     0         0                   0
     5 \dev_err_i                      0         0                   0
     5 \dev_gnt_i                      1         1                   1
     5 \dev_len_o                      0         0    0000000000000000
     5 \dev_offset_o                   0         0    0000000000000000
     5 \dev_op_o                       0         0                  00
     5 \dev_rdata_i                    0         0            00000000
     5 \dev_region_o                  32        20            00100000
     5 \dev_req_o                      0         0                   0
     5 \dev_rready_o                   0         0                   0
     5 \dev_rvalid_i                   0         0                   0
     5 \dev_wdata_o                    0         0            00000000
     5 \dev_wready_i                   0         0                   0
     5 \dev_wvalid_o                   0         0                   0
     5 \inv_o                          0         0                   0
     5 \nvm_busy_o                     0         0                   0
     5 \nvm_done_o                     0         0                   0
     5 \nvm_err_cause_o                0         0                  00
     5 \nvm_err_o                      0         0                   0
     5 \nvm_rdata_o                    0         0            00000000
     5 \nvm_record_id_i              223        df            11011111
     5 \nvm_req_i                      1         1                   1
     5 \nvm_rready_i                   0         0                   0
     5 \nvm_rvalid_o                   0         0                   0
     5 \nvm_wdata_i                    0         0            00000000
     5 \nvm_we_i                       0         0                   0
     5 \nvm_wready_o                   0         0                   0
     5 \nvm_wvalid_i                   0         0                   0
     5 \rst_n                          1         1                   1
  ---- --------------------- ----------- --------- -------------------
     6 \clk_i                          0         0                   0
     6 \dev_busy_i                     0         0                   0
     6 \dev_done_i                     0         0                   0
     6 \dev_err_i                      1         1                   1
     6 \dev_gnt_i                      0         0                   0
     6 \dev_len_o                      8         8    0000000000001000
     6 \dev_offset_o                   0         0    0000000000000000
     6 \dev_op_o                       0         0                  00
     6 \dev_rdata_i                    0         0            00000000
     6 \dev_region_o                 223        df            11011111
     6 \dev_req_o                      0         0                   0
     6 \dev_rready_o                   0         0                   0
     6 \dev_rvalid_i                   0         0                   0
     6 \dev_wdata_o                    0         0            00000000
     6 \dev_wready_i                   0         0                   0
     6 \dev_wvalid_o                   0         0                   0
     6 \inv_o                          1         1                   1
     6 \nvm_busy_o                     1         1                   1
     6 \nvm_done_o                     0         0                   0
     6 \nvm_err_cause_o                0         0                  00
     6 \nvm_err_o                      0         0                   0
     6 \nvm_rdata_o                    0         0            00000000
     6 \nvm_record_id_i                0         0            00000000
     6 \nvm_req_i                      0         0                   0
     6 \nvm_rready_i                   0         0                   0
     6 \nvm_rvalid_o                   0         0                   0
     6 \nvm_wdata_i                    0         0            00000000
     6 \nvm_we_i                       1         1                   1
     6 \nvm_wready_o                   0         0                   0
     6 \nvm_wvalid_i                   0         0                   0
     6 \rst_n                          1         1                   1

** Trying induction with length 6 **

Setting up time step 6:
Final constraint equation: { } = { }
Imported 781 cells to SAT database.
Import proof-constraint: \inv_o = 1'0
Final proof equation: \inv_o = 1'0
Import show expression: \clk_i
Import show expression: \dev_busy_i
Import show expression: \dev_done_i
Import show expression: \dev_err_i
Import show expression: \dev_gnt_i
Import show expression: \dev_rdata_i
Import show expression: \dev_rvalid_i
Import show expression: \dev_wready_i
Import show expression: \nvm_record_id_i
Import show expression: \nvm_req_i
Import show expression: \nvm_rready_i
Import show expression: \nvm_wdata_i
Import show expression: \nvm_we_i
Import show expression: \nvm_wvalid_i
Import show expression: \rst_n
Import show expression: \dev_len_o
Import show expression: \dev_offset_o
Import show expression: \dev_op_o
Import show expression: \dev_region_o
Import show expression: \dev_req_o
Import show expression: \dev_rready_o
Import show expression: \dev_wdata_o
Import show expression: \dev_wvalid_o
Import show expression: \inv_o
Import show expression: \nvm_busy_o
Import show expression: \nvm_done_o
Import show expression: \nvm_err_cause_o
Import show expression: \nvm_err_o
Import show expression: \nvm_rdata_o
Import show expression: \nvm_rvalid_o
Import show expression: \nvm_wready_o

[base case 6] Solving problem with 67591 variables and 187159 clauses..
Base case for induction length 6 proven.

Setting up time step 7:
Final constraint equation: { } = { }
Imported 781 cells to SAT database.
Import proof-constraint: \inv_o = 1'0
Final proof equation: \inv_o = 1'0
Import show expression: \clk_i
Import show expression: \dev_busy_i
Import show expression: \dev_done_i
Import show expression: \dev_err_i
Import show expression: \dev_gnt_i
Import show expression: \dev_rdata_i
Import show expression: \dev_rvalid_i
Import show expression: \dev_wready_i
Import show expression: \nvm_record_id_i
Import show expression: \nvm_req_i
Import show expression: \nvm_rready_i
Import show expression: \nvm_wdata_i
Import show expression: \nvm_we_i
Import show expression: \nvm_wvalid_i
Import show expression: \rst_n
Import show expression: \dev_len_o
Import show expression: \dev_offset_o
Import show expression: \dev_op_o
Import show expression: \dev_region_o
Import show expression: \dev_req_o
Import show expression: \dev_rready_o
Import show expression: \dev_wdata_o
Import show expression: \dev_wvalid_o
Import show expression: \inv_o
Import show expression: \nvm_busy_o
Import show expression: \nvm_done_o
Import show expression: \nvm_err_cause_o
Import show expression: \nvm_err_o
Import show expression: \nvm_rdata_o
Import show expression: \nvm_rvalid_o
Import show expression: \nvm_wready_o

[induction step 6] Solving problem with 79685 variables and 221017 clauses..
Induction step failed. Incrementing induction length.

  Time Signal Name                   Dec       Hex                 Bin
  ---- --------------------- ----------- --------- -------------------
  init \bcnt_r                     12178      2f92    0010111110010010
  init \cause_r [0]                    1         1                   1
  init \cause_r [1]                    0         0                   0
  init \done_seen_r                    0         0                   0
  init \err_r                          1         1                   1
  init \hdr_r[0] [0]                   0         0                   0
  init \hdr_r[0] [7:1]               116        74             1110100
  init \hdr_r[1] [0]                   1         1                   1
  init \hdr_r[1] [7:1]               103        67             1100111
  init \hdr_r[2] [0]                   1         1                   1
  init \hdr_r[2] [7:1]                23        17             0010111
  init \hdr_r[3] [0]                   0         0                   0
  init \hdr_r[3] [1]                   0         0                   0
  init \hdr_r[3] [7:2]                53        35              110101
  init \hdr_r[4] [0]                   1         1                   1
  init \hdr_r[4] [7:1]                66        42             1000010
  init \hdr_r[5] [0]                   1         1                   1
  init \hdr_r[5] [7:1]                60        3c             0111100
  init \hdr_r[6] [0]                   0         0                   0
  init \hdr_r[6] [7:1]               107        6b             1101011
  init \hdr_r[7] [0]                   1         1                   1
  init \hdr_r[7] [3:1]                 7         7                 111
  init \hdr_r[7] [7:4]                 7         7                0111
  init \hidx_r                         7         7                 111
  init \lg_r                           1         1                   1
  init \owed_r                         0         0                   0
  init \owed_rd_r                      0         0                   0
  init \plen_r                     65214      febe    1111111010111110
  init \rec_r                        223        df            11011111
  init \state_r                        4         4                0100
  init \tmo_r                          1         1                  01
  ---- --------------------- ----------- --------- -------------------
     1 \clk_i                          0         0                   0
     1 \dev_busy_i                     0         0                   0
     1 \dev_done_i                     0         0                   0
     1 \dev_err_i                      0         0                   0
     1 \dev_gnt_i                      0         0                   0
     1 \dev_len_o                  65222      fec6    1111111011000110
     1 \dev_offset_o                   0         0    0000000000000000
     1 \dev_op_o                       1         1                  01
     1 \dev_rdata_i                    0         0            00000000
     1 \dev_region_o                 223        df            11011111
     1 \dev_req_o                      1         1                   1
     1 \dev_rready_o                   0         0                   0
     1 \dev_rvalid_i                   1         1                   1
     1 \dev_wdata_o                    0         0            00000000
     1 \dev_wready_i                   1         1                   1
     1 \dev_wvalid_o                   0         0                   0
     1 \inv_o                          0         0                   0
     1 \nvm_busy_o                     1         1                   1
     1 \nvm_done_o                     0         0                   0
     1 \nvm_err_cause_o                0         0                  00
     1 \nvm_err_o                      0         0                   0
     1 \nvm_rdata_o                    0         0            00000000
     1 \nvm_record_id_i               32        20            00100000
     1 \nvm_req_i                      1         1                   1
     1 \nvm_rready_i                   0         0                   0
     1 \nvm_rvalid_o                   0         0                   0
     1 \nvm_wdata_i                    0         0            00000000
     1 \nvm_we_i                       1         1                   1
     1 \nvm_wready_o                   0         0                   0
     1 \nvm_wvalid_i                   1         1                   1
     1 \rst_n                          1         1                   1
  ---- --------------------- ----------- --------- -------------------
     2 \clk_i                          0         0                   0
     2 \dev_busy_i                     0         0                   0
     2 \dev_done_i                     0         0                   0
     2 \dev_err_i                      0         0                   0
     2 \dev_gnt_i                      0         0                   0
     2 \dev_len_o                  65222      fec6    1111111011000110
     2 \dev_offset_o                   0         0    0000000000000000
     2 \dev_op_o                       1         1                  01
     2 \dev_rdata_i                    0         0            00000000
     2 \dev_region_o                 223        df            11011111
     2 \dev_req_o                      1         1                   1
     2 \dev_rready_o                   0         0                   0
     2 \dev_rvalid_i                   0         0                   0
     2 \dev_wdata_o                    0         0            00000000
     2 \dev_wready_i                   0         0                   0
     2 \dev_wvalid_o                   0         0                   0
     2 \inv_o                          0         0                   0
     2 \nvm_busy_o                     1         1                   1
     2 \nvm_done_o                     0         0                   0
     2 \nvm_err_cause_o                0         0                  00
     2 \nvm_err_o                      0         0                   0
     2 \nvm_rdata_o                    0         0            00000000
     2 \nvm_record_id_i                0         0            00000000
     2 \nvm_req_i                      0         0                   0
     2 \nvm_rready_i                   0         0                   0
     2 \nvm_rvalid_o                   0         0                   0
     2 \nvm_wdata_i                    0         0            00000000
     2 \nvm_we_i                       1         1                   1
     2 \nvm_wready_o                   0         0                   0
     2 \nvm_wvalid_i                   1         1                   1
     2 \rst_n                          1         1                   1
  ---- --------------------- ----------- --------- -------------------
     3 \clk_i                          0         0                   0
     3 \dev_busy_i                     0         0                   0
     3 \dev_done_i                     0         0                   0
     3 \dev_err_i                      0         0                   0
     3 \dev_gnt_i                      0         0                   0
     3 \dev_len_o                  65222      fec6    1111111011000110
     3 \dev_offset_o                   0         0    0000000000000000
     3 \dev_op_o                       1         1                  01
     3 \dev_rdata_i                    0         0            00000000
     3 \dev_region_o                 223        df            11011111
     3 \dev_req_o                      1         1                   1
     3 \dev_rready_o                   0         0                   0
     3 \dev_rvalid_i                   0         0                   0
     3 \dev_wdata_o                    0         0            00000000
     3 \dev_wready_i                   0         0                   0
     3 \dev_wvalid_o                   0         0                   0
     3 \inv_o                          0         0                   0
     3 \nvm_busy_o                     1         1                   1
     3 \nvm_done_o                     0         0                   0
     3 \nvm_err_cause_o                0         0                  00
     3 \nvm_err_o                      0         0                   0
     3 \nvm_rdata_o                    0         0            00000000
     3 \nvm_record_id_i               56        38            00111000
     3 \nvm_req_i                      0         0                   0
     3 \nvm_rready_i                   0         0                   0
     3 \nvm_rvalid_o                   0         0                   0
     3 \nvm_wdata_i                    0         0            00000000
     3 \nvm_we_i                       1         1                   1
     3 \nvm_wready_o                   0         0                   0
     3 \nvm_wvalid_i                   0         0                   0
     3 \rst_n                          1         1                   1
  ---- --------------------- ----------- --------- -------------------
     4 \clk_i                          0         0                   0
     4 \dev_busy_i                     0         0                   0
     4 \dev_done_i                     0         0                   0
     4 \dev_err_i                      0         0                   0
     4 \dev_gnt_i                      1         1                   1
     4 \dev_len_o                      0         0    0000000000000000
     4 \dev_offset_o                   0         0    0000000000000000
     4 \dev_op_o                       0         0                  00
     4 \dev_rdata_i                    0         0            00000000
     4 \dev_region_o                 223        df            11011111
     4 \dev_req_o                      0         0                   0
     4 \dev_rready_o                   0         0                   0
     4 \dev_rvalid_i                   0         0                   0
     4 \dev_wdata_o                    0         0            00000000
     4 \dev_wready_i                   0         0                   0
     4 \dev_wvalid_o                   0         0                   0
     4 \inv_o                          0         0                   0
     4 \nvm_busy_o                     0         0                   0
     4 \nvm_done_o                     0         0                   0
     4 \nvm_err_cause_o                3         3                  11
     4 \nvm_err_o                      1         1                   1
     4 \nvm_rdata_o                    0         0            00000000
     4 \nvm_record_id_i                0         0            00000000
     4 \nvm_req_i                      0         0                   0
     4 \nvm_rready_i                   0         0                   0
     4 \nvm_rvalid_o                   0         0                   0
     4 \nvm_wdata_i                    0         0            00000000
     4 \nvm_we_i                       0         0                   0
     4 \nvm_wready_o                   0         0                   0
     4 \nvm_wvalid_i                   1         1                   1
     4 \rst_n                          1         1                   1
  ---- --------------------- ----------- --------- -------------------
     5 \clk_i                          0         0                   0
     5 \dev_busy_i                     0         0                   0
     5 \dev_done_i                     0         0                   0
     5 \dev_err_i                      0         0                   0
     5 \dev_gnt_i                      1         1                   1
     5 \dev_len_o                      0         0    0000000000000000
     5 \dev_offset_o                   0         0    0000000000000000
     5 \dev_op_o                       0         0                  00
     5 \dev_rdata_i                    0         0            00000000
     5 \dev_region_o                 223        df            11011111
     5 \dev_req_o                      0         0                   0
     5 \dev_rready_o                   0         0                   0
     5 \dev_rvalid_i                   0         0                   0
     5 \dev_wdata_o                    0         0            00000000
     5 \dev_wready_i                   0         0                   0
     5 \dev_wvalid_o                   0         0                   0
     5 \inv_o                          0         0                   0
     5 \nvm_busy_o                     0         0                   0
     5 \nvm_done_o                     0         0                   0
     5 \nvm_err_cause_o                0         0                  00
     5 \nvm_err_o                      0         0                   0
     5 \nvm_rdata_o                    0         0            00000000
     5 \nvm_record_id_i              223        df            11011111
     5 \nvm_req_i                      0         0                   0
     5 \nvm_rready_i                   0         0                   0
     5 \nvm_rvalid_o                   0         0                   0
     5 \nvm_wdata_i                    0         0            00000000
     5 \nvm_we_i                       1         1                   1
     5 \nvm_wready_o                   0         0                   0
     5 \nvm_wvalid_i                   0         0                   0
     5 \rst_n                          1         1                   1
  ---- --------------------- ----------- --------- -------------------
     6 \clk_i                          0         0                   0
     6 \dev_busy_i                     0         0                   0
     6 \dev_done_i                     0         0                   0
     6 \dev_err_i                      0         0                   0
     6 \dev_gnt_i                      1         1                   1
     6 \dev_len_o                      0         0    0000000000000000
     6 \dev_offset_o                   0         0    0000000000000000
     6 \dev_op_o                       0         0                  00
     6 \dev_rdata_i                    0         0            00000000
     6 \dev_region_o                 223        df            11011111
     6 \dev_req_o                      0         0                   0
     6 \dev_rready_o                   0         0                   0
     6 \dev_rvalid_i                   0         0                   0
     6 \dev_wdata_o                    0         0            00000000
     6 \dev_wready_i                   0         0                   0
     6 \dev_wvalid_o                   0         0                   0
     6 \inv_o                          0         0                   0
     6 \nvm_busy_o                     0         0                   0
     6 \nvm_done_o                     0         0                   0
     6 \nvm_err_cause_o                0         0                  00
     6 \nvm_err_o                      0         0                   0
     6 \nvm_rdata_o                    0         0            00000000
     6 \nvm_record_id_i               32        20            00100000
     6 \nvm_req_i                      1         1                   1
     6 \nvm_rready_i                   0         0                   0
     6 \nvm_rvalid_o                   0         0                   0
     6 \nvm_wdata_i                    0         0            00000000
     6 \nvm_we_i                       0         0                   0
     6 \nvm_wready_o                   0         0                   0
     6 \nvm_wvalid_i                   0         0                   0
     6 \rst_n                          1         1                   1
  ---- --------------------- ----------- --------- -------------------
     7 \clk_i                          0         0                   0
     7 \dev_busy_i                     0         0                   0
     7 \dev_done_i                     0         0                   0
     7 \dev_err_i                      0         0                   0
     7 \dev_gnt_i                      0         0                   0
     7 \dev_len_o                      8         8    0000000000001000
     7 \dev_offset_o                   0         0    0000000000000000
     7 \dev_op_o                       0         0                  00
     7 \dev_rdata_i                    0         0            00000000
     7 \dev_region_o                  32        20            00100000
     7 \dev_req_o                      0         0                   0
     7 \dev_rready_o                   0         0                   0
     7 \dev_rvalid_i                   0         0                   0
     7 \dev_wdata_o                    0         0            00000000
     7 \dev_wready_i                   0         0                   0
     7 \dev_wvalid_o                   0         0                   0
     7 \inv_o                          1         1                   1
     7 \nvm_busy_o                     1         1                   1
     7 \nvm_done_o                     0         0                   0
     7 \nvm_err_cause_o                0         0                  00
     7 \nvm_err_o                      0         0                   0
     7 \nvm_rdata_o                    0         0            00000000
     7 \nvm_record_id_i                0         0            00000000
     7 \nvm_req_i                      0         0                   0
     7 \nvm_rready_i                   0         0                   0
     7 \nvm_rvalid_o                   0         0                   0
     7 \nvm_wdata_i                    0         0            00000000
     7 \nvm_we_i                       1         1                   1
     7 \nvm_wready_o                   0         0                   0
     7 \nvm_wvalid_i                   0         0                   0
     7 \rst_n                          1         1                   1

** Trying induction with length 7 **

Setting up time step 7:
Final constraint equation: { } = { }
Imported 781 cells to SAT database.
Import proof-constraint: \inv_o = 1'0
Final proof equation: \inv_o = 1'0
Import show expression: \clk_i
Import show expression: \dev_busy_i
Import show expression: \dev_done_i
Import show expression: \dev_err_i
Import show expression: \dev_gnt_i
Import show expression: \dev_rdata_i
Import show expression: \dev_rvalid_i
Import show expression: \dev_wready_i
Import show expression: \nvm_record_id_i
Import show expression: \nvm_req_i
Import show expression: \nvm_rready_i
Import show expression: \nvm_wdata_i
Import show expression: \nvm_we_i
Import show expression: \nvm_wvalid_i
Import show expression: \rst_n
Import show expression: \dev_len_o
Import show expression: \dev_offset_o
Import show expression: \dev_op_o
Import show expression: \dev_region_o
Import show expression: \dev_req_o
Import show expression: \dev_rready_o
Import show expression: \dev_wdata_o
Import show expression: \dev_wvalid_o
Import show expression: \inv_o
Import show expression: \nvm_busy_o
Import show expression: \nvm_done_o
Import show expression: \nvm_err_cause_o
Import show expression: \nvm_err_o
Import show expression: \nvm_rdata_o
Import show expression: \nvm_rvalid_o
Import show expression: \nvm_wready_o

[base case 7] Solving problem with 80227 variables and 222882 clauses..
Base case for induction length 7 proven.

Setting up time step 8:
Final constraint equation: { } = { }
Imported 781 cells to SAT database.
Import proof-constraint: \inv_o = 1'0
Final proof equation: \inv_o = 1'0
Import show expression: \clk_i
Import show expression: \dev_busy_i
Import show expression: \dev_done_i
Import show expression: \dev_err_i
Import show expression: \dev_gnt_i
Import show expression: \dev_rdata_i
Import show expression: \dev_rvalid_i
Import show expression: \dev_wready_i
Import show expression: \nvm_record_id_i
Import show expression: \nvm_req_i
Import show expression: \nvm_rready_i
Import show expression: \nvm_wdata_i
Import show expression: \nvm_we_i
Import show expression: \nvm_wvalid_i
Import show expression: \rst_n
Import show expression: \dev_len_o
Import show expression: \dev_offset_o
Import show expression: \dev_op_o
Import show expression: \dev_region_o
Import show expression: \dev_req_o
Import show expression: \dev_rready_o
Import show expression: \dev_wdata_o
Import show expression: \dev_wvalid_o
Import show expression: \inv_o
Import show expression: \nvm_busy_o
Import show expression: \nvm_done_o
Import show expression: \nvm_err_cause_o
Import show expression: \nvm_err_o
Import show expression: \nvm_rdata_o
Import show expression: \nvm_rvalid_o
Import show expression: \nvm_wready_o

[induction step 7] Solving problem with 92682 variables and 257942 clauses..
Induction step failed. Incrementing induction length.

  Time Signal Name                   Dec       Hex                 Bin
  ---- --------------------- ----------- --------- -------------------
  init \bcnt_r                     53357      d06d    1101000001101101
  init \cause_r [0]                    1         1                   1
  init \cause_r [1]                    0         0                   0
  init \done_seen_r                    1         1                   1
  init \err_r                          0         0                   0
  init \hdr_r[0] [0]                   1         1                   1
  init \hdr_r[0] [7:1]                11         b             0001011
  init \hdr_r[1] [0]                   0         0                   0
  init \hdr_r[1] [7:1]                24        18             0011000
  init \hdr_r[2] [0]                   0         0                   0
  init \hdr_r[2] [7:1]               104        68             1101000
  init \hdr_r[3] [0]                   1         1                   1
  init \hdr_r[3] [1]                   1         1                   1
  init \hdr_r[3] [7:2]                10         a              001010
  init \hdr_r[4] [0]                   0         0                   0
  init \hdr_r[4] [7:1]                61        3d             0111101
  init \hdr_r[5] [0]                   0         0                   0
  init \hdr_r[5] [7:1]                67        43             1000011
  init \hdr_r[6] [0]                   1         1                   1
  init \hdr_r[6] [7:1]                20        14             0010100
  init \hdr_r[7] [0]                   0         0                   0
  init \hdr_r[7] [3:1]                 0         0                 000
  init \hdr_r[7] [7:4]                 8         8                1000
  init \hidx_r                         0         0                 000
  init \lg_r                           0         0                   0
  init \owed_r                         0         0                   0
  init \owed_rd_r                      0         0                   0
  init \plen_r                       321       141    0000000101000001
  init \rec_r                         32        20            00100000
  init \state_r                        3         3                0011
  init \tmo_r                          0         0                  00
  ---- --------------------- ----------- --------- -------------------
     1 \clk_i                          0         0                   0
     1 \dev_busy_i                     0         0                   0
     1 \dev_done_i                     0         0                   0
     1 \dev_err_i                      0         0                   0
     1 \dev_gnt_i                      0         0                   0
     1 \dev_len_o                      0         0    0000000000000000
     1 \dev_offset_o                   0         0    0000000000000000
     1 \dev_op_o                       0         0                  00
     1 \dev_rdata_i                    0         0            00000000
     1 \dev_region_o                  32        20            00100000
     1 \dev_req_o                      0         0                   0
     1 \dev_rready_o                   0         0                   0
     1 \dev_rvalid_i                   1         1                   1
     1 \dev_wdata_o                    0         0            00000000
     1 \dev_wready_i                   1         1                   1
     1 \dev_wvalid_o                   0         0                   0
     1 \inv_o                          0         0                   0
     1 \nvm_busy_o                     1         1                   1
     1 \nvm_done_o                     0         0                   0
     1 \nvm_err_cause_o                0         0                  00
     1 \nvm_err_o                      0         0                   0
     1 \nvm_rdata_o                    0         0            00000000
     1 \nvm_record_id_i               32        20            00100000
     1 \nvm_req_i                      1         1                   1
     1 \nvm_rready_i                   0         0                   0
     1 \nvm_rvalid_o                   0         0                   0
     1 \nvm_wdata_i                    0         0            00000000
     1 \nvm_we_i                       1         1                   1
     1 \nvm_wready_o                   0         0                   0
     1 \nvm_wvalid_i                   1         1                   1
     1 \rst_n                          1         1                   1
  ---- --------------------- ----------- --------- -------------------
     2 \clk_i                          0         0                   0
     2 \dev_busy_i                     0         0                   0
     2 \dev_done_i                     1         1                   1
     2 \dev_err_i                      0         0                   0
     2 \dev_gnt_i                      0         0                   0
     2 \dev_len_o                    329       149    0000000101001001
     2 \dev_offset_o                   0         0    0000000000000000
     2 \dev_op_o                       1         1                  01
     2 \dev_rdata_i                    0         0            00000000
     2 \dev_region_o                  32        20            00100000
     2 \dev_req_o                      1         1                   1
     2 \dev_rready_o                   0         0                   0
     2 \dev_rvalid_i                   1         1                   1
     2 \dev_wdata_o                    0         0            00000000
     2 \dev_wready_i                   0         0                   0
     2 \dev_wvalid_o                   0         0                   0
     2 \inv_o                          0         0                   0
     2 \nvm_busy_o                     1         1                   1
     2 \nvm_done_o                     0         0                   0
     2 \nvm_err_cause_o                0         0                  00
     2 \nvm_err_o                      0         0                   0
     2 \nvm_rdata_o                    0         0            00000000
     2 \nvm_record_id_i                0         0            00000000
     2 \nvm_req_i                      0         0                   0
     2 \nvm_rready_i                   1         1                   1
     2 \nvm_rvalid_o                   0         0                   0
     2 \nvm_wdata_i                    0         0            00000000
     2 \nvm_we_i                       1         1                   1
     2 \nvm_wready_o                   0         0                   0
     2 \nvm_wvalid_i                   1         1                   1
     2 \rst_n                          1         1                   1
  ---- --------------------- ----------- --------- -------------------
     3 \clk_i                          0         0                   0
     3 \dev_busy_i                     0         0                   0
     3 \dev_done_i                     1         1                   1
     3 \dev_err_i                      0         0                   0
     3 \dev_gnt_i                      0         0                   0
     3 \dev_len_o                    329       149    0000000101001001
     3 \dev_offset_o                   0         0    0000000000000000
     3 \dev_op_o                       1         1                  01
     3 \dev_rdata_i                    0         0            00000000
     3 \dev_region_o                  32        20            00100000
     3 \dev_req_o                      1         1                   1
     3 \dev_rready_o                   0         0                   0
     3 \dev_rvalid_i                   0         0                   0
     3 \dev_wdata_o                    0         0            00000000
     3 \dev_wready_i                   0         0                   0
     3 \dev_wvalid_o                   0         0                   0
     3 \inv_o                          0         0                   0
     3 \nvm_busy_o                     1         1                   1
     3 \nvm_done_o                     0         0                   0
     3 \nvm_err_cause_o                0         0                  00
     3 \nvm_err_o                      0         0                   0
     3 \nvm_rdata_o                    0         0            00000000
     3 \nvm_record_id_i               56        38            00111000
     3 \nvm_req_i                      0         0                   0
     3 \nvm_rready_i                   0         0                   0
     3 \nvm_rvalid_o                   0         0                   0
     3 \nvm_wdata_i                    0         0            00000000
     3 \nvm_we_i                       1         1                   1
     3 \nvm_wready_o                   0         0                   0
     3 \nvm_wvalid_i                   1         1                   1
     3 \rst_n                          1         1                   1
  ---- --------------------- ----------- --------- -------------------
     4 \clk_i                          0         0                   0
     4 \dev_busy_i                     0         0                   0
     4 \dev_done_i                     0         0                   0
     4 \dev_err_i                      0         0                   0
     4 \dev_gnt_i                      0         0                   0
     4 \dev_len_o                    329       149    0000000101001001
     4 \dev_offset_o                   0         0    0000000000000000
     4 \dev_op_o                       1         1                  01
     4 \dev_rdata_i                    0         0            00000000
     4 \dev_region_o                  32        20            00100000
     4 \dev_req_o                      1         1                   1
     4 \dev_rready_o                   0         0                   0
     4 \dev_rvalid_i                   1         1                   1
     4 \dev_wdata_o                    0         0            00000000
     4 \dev_wready_i                   1         1                   1
     4 \dev_wvalid_o                   0         0                   0
     4 \inv_o                          0         0                   0
     4 \nvm_busy_o                     1         1                   1
     4 \nvm_done_o                     0         0                   0
     4 \nvm_err_cause_o                0         0                  00
     4 \nvm_err_o                      0         0                   0
     4 \nvm_rdata_o                    0         0            00000000
     4 \nvm_record_id_i                0         0            00000000
     4 \nvm_req_i                      0         0                   0
     4 \nvm_rready_i                   1         1                   1
     4 \nvm_rvalid_o                   0         0                   0
     4 \nvm_wdata_i                    0         0            00000000
     4 \nvm_we_i                       0         0                   0
     4 \nvm_wready_o                   0         0                   0
     4 \nvm_wvalid_i                   1         1                   1
     4 \rst_n                          1         1                   1
  ---- --------------------- ----------- --------- -------------------
     5 \clk_i                          0         0                   0
     5 \dev_busy_i                     0         0                   0
     5 \dev_done_i                     0         0                   0
     5 \dev_err_i                      0         0                   0
     5 \dev_gnt_i                      0         0                   0
     5 \dev_len_o                    329       149    0000000101001001
     5 \dev_offset_o                   0         0    0000000000000000
     5 \dev_op_o                       1         1                  01
     5 \dev_rdata_i                    0         0            00000000
     5 \dev_region_o                  32        20            00100000
     5 \dev_req_o                      1         1                   1
     5 \dev_rready_o                   0         0                   0
     5 \dev_rvalid_i                   0         0                   0
     5 \dev_wdata_o                    0         0            00000000
     5 \dev_wready_i                   0         0                   0
     5 \dev_wvalid_o                   0         0                   0
     5 \inv_o                          0         0                   0
     5 \nvm_busy_o                     1         1                   1
     5 \nvm_done_o                     0         0                   0
     5 \nvm_err_cause_o                0         0                  00
     5 \nvm_err_o                      0         0                   0
     5 \nvm_rdata_o                    0         0            00000000
     5 \nvm_record_id_i              223        df            11011111
     5 \nvm_req_i                      0         0                   0
     5 \nvm_rready_i                   0         0                   0
     5 \nvm_rvalid_o                   0         0                   0
     5 \nvm_wdata_i                    0         0            00000000
     5 \nvm_we_i                       1         1                   1
     5 \nvm_wready_o                   0         0                   0
     5 \nvm_wvalid_i                   1         1                   1
     5 \rst_n                          1         1                   1
  ---- --------------------- ----------- --------- -------------------
     6 \clk_i                          0         0                   0
     6 \dev_busy_i                     0         0                   0
     6 \dev_done_i                     0         0                   0
     6 \dev_err_i                      0         0                   0
     6 \dev_gnt_i                      1         1                   1
     6 \dev_len_o                      0         0    0000000000000000
     6 \dev_offset_o                   0         0    0000000000000000
     6 \dev_op_o                       0         0                  00
     6 \dev_rdata_i                    0         0            00000000
     6 \dev_region_o                  32        20            00100000
     6 \dev_req_o                      0         0                   0
     6 \dev_rready_o                   0         0                   0
     6 \dev_rvalid_i                   0         0                   0
     6 \dev_wdata_o                    0         0            00000000
     6 \dev_wready_i                   0         0                   0
     6 \dev_wvalid_o                   0         0                   0
     6 \inv_o                          0         0                   0
     6 \nvm_busy_o                     0         0                   0
     6 \nvm_done_o                     0         0                   0
     6 \nvm_err_cause_o                3         3                  11
     6 \nvm_err_o                      1         1                   1
     6 \nvm_rdata_o                    0         0            00000000
     6 \nvm_record_id_i               32        20            00100000
     6 \nvm_req_i                      0         0                   0
     6 \nvm_rready_i                   0         0                   0
     6 \nvm_rvalid_o                   0         0                   0
     6 \nvm_wdata_i                    0         0            00000000
     6 \nvm_we_i                       1         1                   1
     6 \nvm_wready_o                   0         0                   0
     6 \nvm_wvalid_i                   0         0                   0
     6 \rst_n                          1         1                   1
  ---- --------------------- ----------- --------- -------------------
     7 \clk_i                          0         0                   0
     7 \dev_busy_i                     0         0                   0
     7 \dev_done_i                     0         0                   0
     7 \dev_err_i                      0         0                   0
     7 \dev_gnt_i                      0         0                   0
     7 \dev_len_o                      0         0    0000000000000000
     7 \dev_offset_o                   0         0    0000000000000000
     7 \dev_op_o                       0         0                  00
     7 \dev_rdata_i                    0         0            00000000
     7 \dev_region_o                  32        20            00100000
     7 \dev_req_o                      0         0                   0
     7 \dev_rready_o                   0         0                   0
     7 \dev_rvalid_i                   0         0                   0
     7 \dev_wdata_o                    0         0            00000000
     7 \dev_wready_i                   0         0                   0
     7 \dev_wvalid_o                   0         0                   0
     7 \inv_o                          0         0                   0
     7 \nvm_busy_o                     0         0                   0
     7 \nvm_done_o                     0         0                   0
     7 \nvm_err_cause_o                0         0                  00
     7 \nvm_err_o                      0         0                   0
     7 \nvm_rdata_o                    0         0            00000000
     7 \nvm_record_id_i              223        df            11011111
     7 \nvm_req_i                      1         1                   1
     7 \nvm_rready_i                   0         0                   0
     7 \nvm_rvalid_o                   0         0                   0
     7 \nvm_wdata_i                    0         0            00000000
     7 \nvm_we_i                       0         0                   0
     7 \nvm_wready_o                   0         0                   0
     7 \nvm_wvalid_i                   0         0                   0
     7 \rst_n                          1         1                   1
  ---- --------------------- ----------- --------- -------------------
     8 \clk_i                          0         0                   0
     8 \dev_busy_i                     0         0                   0
     8 \dev_done_i                     0         0                   0
     8 \dev_err_i                      0         0                   0
     8 \dev_gnt_i                      0         0                   0
     8 \dev_len_o                      8         8    0000000000001000
     8 \dev_offset_o                   0         0    0000000000000000
     8 \dev_op_o                       0         0                  00
     8 \dev_rdata_i                    0         0            00000000
     8 \dev_region_o                 223        df            11011111
     8 \dev_req_o                      0         0                   0
     8 \dev_rready_o                   0         0                   0
     8 \dev_rvalid_i                   0         0                   0
     8 \dev_wdata_o                    0         0            00000000
     8 \dev_wready_i                   0         0                   0
     8 \dev_wvalid_o                   0         0                   0
     8 \inv_o                          1         1                   1
     8 \nvm_busy_o                     1         1                   1
     8 \nvm_done_o                     0         0                   0
     8 \nvm_err_cause_o                0         0                  00
     8 \nvm_err_o                      0         0                   0
     8 \nvm_rdata_o                    0         0            00000000
     8 \nvm_record_id_i                0         0            00000000
     8 \nvm_req_i                      0         0                   0
     8 \nvm_rready_i                   0         0                   0
     8 \nvm_rvalid_o                   0         0                   0
     8 \nvm_wdata_i                    0         0            00000000
     8 \nvm_we_i                       0         0                   0
     8 \nvm_wready_o                   0         0                   0
     8 \nvm_wvalid_i                   0         0                   0
     8 \rst_n                          1         1                   1

** Trying induction with length 8 **

Setting up time step 8:
Final constraint equation: { } = { }
Imported 781 cells to SAT database.
Import proof-constraint: \inv_o = 1'0
Final proof equation: \inv_o = 1'0
Import show expression: \clk_i
Import show expression: \dev_busy_i
Import show expression: \dev_done_i
Import show expression: \dev_err_i
Import show expression: \dev_gnt_i
Import show expression: \dev_rdata_i
Import show expression: \dev_rvalid_i
Import show expression: \dev_wready_i
Import show expression: \nvm_record_id_i
Import show expression: \nvm_req_i
Import show expression: \nvm_rready_i
Import show expression: \nvm_wdata_i
Import show expression: \nvm_we_i
Import show expression: \nvm_wvalid_i
Import show expression: \rst_n
Import show expression: \dev_len_o
Import show expression: \dev_offset_o
Import show expression: \dev_op_o
Import show expression: \dev_region_o
Import show expression: \dev_req_o
Import show expression: \dev_rready_o
Import show expression: \dev_wdata_o
Import show expression: \dev_wvalid_o
Import show expression: \inv_o
Import show expression: \nvm_busy_o
Import show expression: \nvm_done_o
Import show expression: \nvm_err_cause_o
Import show expression: \nvm_err_o
Import show expression: \nvm_rdata_o
Import show expression: \nvm_rvalid_o
Import show expression: \nvm_wready_o

[base case 8] Solving problem with 93224 variables and 259807 clauses..
SAT temporal induction proof finished - model found for base case: FAIL!

   ______                   ___       ___       _ _            _ _ 
  (_____ \                 / __)     / __)     (_) |          | | |
   _____) )___ ___   ___ _| |__    _| |__ _____ _| | _____  __| | |
  |  ____/ ___) _ \ / _ (_   __)  (_   __|____ | | || ___ |/ _  |_|
  | |   | |  | |_| | |_| || |       | |  / ___ | | || ____( (_| |_ 
  |_|   |_|   \___/ \___/ |_|       |_|  \_____|_|\_)_____)\____|_|


  Time Signal Name                   Dec       Hex                 Bin
  ---- --------------------- ----------- --------- -------------------
  init \bcnt_r                         0         0    0000000000000000
  init \cause_r [0]                    0         0                   0
  init \cause_r [1]                    0         0                   0
  init \done_seen_r                    0         0                   0
  init \err_r                          0         0                   0
  init \hdr_r[0] [0]                   0         0                   0
  init \hdr_r[0] [7:1]                 0         0             0000000
  init \hdr_r[1] [0]                   0         0                   0
  init \hdr_r[1] [7:1]                 0         0             0000000
  init \hdr_r[2] [0]                   0         0                   0
  init \hdr_r[2] [7:1]                 0         0             0000000
  init \hdr_r[3] [0]                   0         0                   0
  init \hdr_r[3] [1]                   0         0                   0
  init \hdr_r[3] [7:2]                 0         0              000000
  init \hdr_r[4] [0]                   0         0                   0
  init \hdr_r[4] [7:1]                 0         0             0000000
  init \hdr_r[5] [0]                   0         0                   0
  init \hdr_r[5] [7:1]                 0         0             0000000
  init \hdr_r[6] [0]                   0         0                   0
  init \hdr_r[6] [7:1]                 0         0             0000000
  init \hdr_r[7] [0]                   0         0                   0
  init \hdr_r[7] [3:1]                 0         0                 000
  init \hdr_r[7] [7:4]                 0         0                0000
  init \hidx_r                         0         0                 000
  init \lg_r                           0         0                   0
  init \owed_r                         0         0                   0
  init \owed_rd_r                      0         0                   0
  init \plen_r                         0         0    0000000000000000
  init \rec_r                          0         0            00000000
  init \state_r                        0         0                0000
  init \tmo_r                          0         0                  00
  ---- --------------------- ----------- --------- -------------------
     1 \clk_i                          0         0                   0
     1 \dev_busy_i                     0         0                   0
     1 \dev_done_i                     0         0                   0
     1 \dev_err_i                      0         0                   0
     1 \dev_gnt_i                      0         0                   0
     1 \dev_len_o                      0         0    0000000000000000
     1 \dev_offset_o                   0         0    0000000000000000
     1 \dev_op_o                       0         0                  00
     1 \dev_rdata_i                    0         0            00000000
     1 \dev_region_o                   0         0            00000000
     1 \dev_req_o                      0         0                   0
     1 \dev_rready_o                   0         0                   0
     1 \dev_rvalid_i                   0         0                   0
     1 \dev_wdata_o                    0         0            00000000
     1 \dev_wready_i                   0         0                   0
     1 \dev_wvalid_o                   0         0                   0
     1 \inv_o                          0         0                   0
     1 \nvm_busy_o                     0         0                   0
     1 \nvm_done_o                     0         0                   0
     1 \nvm_err_cause_o                0         0                  00
     1 \nvm_err_o                      0         0                   0
     1 \nvm_rdata_o                    0         0            00000000
     1 \nvm_record_id_i                0         0            00000000
     1 \nvm_req_i                      1         1                   1
     1 \nvm_rready_i                   0         0                   0
     1 \nvm_rvalid_o                   0         0                   0
     1 \nvm_wdata_i                    0         0            00000000
     1 \nvm_we_i                       0         0                   0
     1 \nvm_wready_o                   0         0                   0
     1 \nvm_wvalid_i                   0         0                   0
     1 \rst_n                          1         1                   1
  ---- --------------------- ----------- --------- -------------------
     2 \clk_i                          0         0                   0
     2 \dev_busy_i                     0         0                   0
     2 \dev_done_i                     1         1                   1
     2 \dev_err_i                      0         0                   0
     2 \dev_gnt_i                      0         0                   0
     2 \dev_len_o                      8         8    0000000000001000
     2 \dev_offset_o                   0         0    0000000000000000
     2 \dev_op_o                       0         0                  00
     2 \dev_rdata_i                    0         0            00000000
     2 \dev_region_o                   0         0            00000000
     2 \dev_req_o                      1         1                   1
     2 \dev_rready_o                   0         0                   0
     2 \dev_rvalid_i                   0         0                   0
     2 \dev_wdata_o                    0         0            00000000
     2 \dev_wready_i                   0         0                   0
     2 \dev_wvalid_o                   0         0                   0
     2 \inv_o                          0         0                   0
     2 \nvm_busy_o                     1         1                   1
     2 \nvm_done_o                     0         0                   0
     2 \nvm_err_cause_o                0         0                  00
     2 \nvm_err_o                      0         0                   0
     2 \nvm_rdata_o                    0         0            00000000
     2 \nvm_record_id_i                0         0            00000000
     2 \nvm_req_i                      0         0                   0
     2 \nvm_rready_i                   0         0                   0
     2 \nvm_rvalid_o                   0         0                   0
     2 \nvm_wdata_i                    0         0            00000000
     2 \nvm_we_i                       0         0                   0
     2 \nvm_wready_o                   0         0                   0
     2 \nvm_wvalid_i                   0         0                   0
     2 \rst_n                          1         1                   1
  ---- --------------------- ----------- --------- -------------------
     3 \clk_i                          0         0                   0
     3 \dev_busy_i                     0         0                   0
     3 \dev_done_i                     0         0                   0
     3 \dev_err_i                      0         0                   0
     3 \dev_gnt_i                      0         0                   0
     3 \dev_len_o                      8         8    0000000000001000
     3 \dev_offset_o                   0         0    0000000000000000
     3 \dev_op_o                       0         0                  00
     3 \dev_rdata_i                    0         0            00000000
     3 \dev_region_o                   0         0            00000000
     3 \dev_req_o                      1         1                   1
     3 \dev_rready_o                   0         0                   0
     3 \dev_rvalid_i                   0         0                   0
     3 \dev_wdata_o                    0         0            00000000
     3 \dev_wready_i                   0         0                   0
     3 \dev_wvalid_o                   0         0                   0
     3 \inv_o                          0         0                   0
     3 \nvm_busy_o                     1         1                   1
     3 \nvm_done_o                     0         0                   0
     3 \nvm_err_cause_o                0         0                  00
     3 \nvm_err_o                      0         0                   0
     3 \nvm_rdata_o                    0         0            00000000
     3 \nvm_record_id_i                0         0            00000000
     3 \nvm_req_i                      0         0                   0
     3 \nvm_rready_i                   0         0                   0
     3 \nvm_rvalid_o                   0         0                   0
     3 \nvm_wdata_i                    0         0            00000000
     3 \nvm_we_i                       0         0                   0
     3 \nvm_wready_o                   0         0                   0
     3 \nvm_wvalid_i                   1         1                   1
     3 \rst_n                          1         1                   1
  ---- --------------------- ----------- --------- -------------------
     4 \clk_i                          0         0                   0
     4 \dev_busy_i                     0         0                   0
     4 \dev_done_i                     0         0                   0
     4 \dev_err_i                      0         0                   0
     4 \dev_gnt_i                      0         0                   0
     4 \dev_len_o                      8         8    0000000000001000
     4 \dev_offset_o                   0         0    0000000000000000
     4 \dev_op_o                       0         0                  00
     4 \dev_rdata_i                    0         0            00000000
     4 \dev_region_o                   0         0            00000000
     4 \dev_req_o                      1         1                   1
     4 \dev_rready_o                   0         0                   0
     4 \dev_rvalid_i                   0         0                   0
     4 \dev_wdata_o                    0         0            00000000
     4 \dev_wready_i                   0         0                   0
     4 \dev_wvalid_o                   0         0                   0
     4 \inv_o                          0         0                   0
     4 \nvm_busy_o                     1         1                   1
     4 \nvm_done_o                     0         0                   0
     4 \nvm_err_cause_o                0         0                  00
     4 \nvm_err_o                      0         0                   0
     4 \nvm_rdata_o                    0         0            00000000
     4 \nvm_record_id_i                0         0            00000000
     4 \nvm_req_i                      0         0                   0
     4 \nvm_rready_i                   0         0                   0
     4 \nvm_rvalid_o                   0         0                   0
     4 \nvm_wdata_i                    0         0            00000000
     4 \nvm_we_i                       0         0                   0
     4 \nvm_wready_o                   0         0                   0
     4 \nvm_wvalid_i                   1         1                   1
     4 \rst_n                          1         1                   1
  ---- --------------------- ----------- --------- -------------------
     5 \clk_i                          0         0                   0
     5 \dev_busy_i                     0         0                   0
     5 \dev_done_i                     0         0                   0
     5 \dev_err_i                      0         0                   0
     5 \dev_gnt_i                      0         0                   0
     5 \dev_len_o                      8         8    0000000000001000
     5 \dev_offset_o                   0         0    0000000000000000
     5 \dev_op_o                       0         0                  00
     5 \dev_rdata_i                    0         0            00000000
     5 \dev_region_o                   0         0            00000000
     5 \dev_req_o                      1         1                   1
     5 \dev_rready_o                   0         0                   0
     5 \dev_rvalid_i                   0         0                   0
     5 \dev_wdata_o                    0         0            00000000
     5 \dev_wready_i                   0         0                   0
     5 \dev_wvalid_o                   0         0                   0
     5 \inv_o                          0         0                   0
     5 \nvm_busy_o                     1         1                   1
     5 \nvm_done_o                     0         0                   0
     5 \nvm_err_cause_o                0         0                  00
     5 \nvm_err_o                      0         0                   0
     5 \nvm_rdata_o                    0         0            00000000
     5 \nvm_record_id_i                0         0            00000000
     5 \nvm_req_i                      0         0                   0
     5 \nvm_rready_i                   0         0                   0
     5 \nvm_rvalid_o                   0         0                   0
     5 \nvm_wdata_i                    0         0            00000000
     5 \nvm_we_i                       0         0                   0
     5 \nvm_wready_o                   0         0                   0
     5 \nvm_wvalid_i                   1         1                   1
     5 \rst_n                          1         1                   1
  ---- --------------------- ----------- --------- -------------------
     6 \clk_i                          0         0                   0
     6 \dev_busy_i                     0         0                   0
     6 \dev_done_i                     0         0                   0
     6 \dev_err_i                      0         0                   0
     6 \dev_gnt_i                      1         1                   1
     6 \dev_len_o                      0         0    0000000000000000
     6 \dev_offset_o                   0         0    0000000000000000
     6 \dev_op_o                       0         0                  00
     6 \dev_rdata_i                    0         0            00000000
     6 \dev_region_o                   0         0            00000000
     6 \dev_req_o                      0         0                   0
     6 \dev_rready_o                   0         0                   0
     6 \dev_rvalid_i                   0         0                   0
     6 \dev_wdata_o                    0         0            00000000
     6 \dev_wready_i                   0         0                   0
     6 \dev_wvalid_o                   0         0                   0
     6 \inv_o                          0         0                   0
     6 \nvm_busy_o                     0         0                   0
     6 \nvm_done_o                     0         0                   0
     6 \nvm_err_cause_o                3         3                  11
     6 \nvm_err_o                      1         1                   1
     6 \nvm_rdata_o                    0         0            00000000
     6 \nvm_record_id_i                0         0            00000000
     6 \nvm_req_i                      0         0                   0
     6 \nvm_rready_i                   0         0                   0
     6 \nvm_rvalid_o                   0         0                   0
     6 \nvm_wdata_i                    0         0            00000000
     6 \nvm_we_i                       0         0                   0
     6 \nvm_wready_o                   0         0                   0
     6 \nvm_wvalid_i                   0         0                   0
     6 \rst_n                          1         1                   1
  ---- --------------------- ----------- --------- -------------------
     7 \clk_i                          0         0                   0
     7 \dev_busy_i                     0         0                   0
     7 \dev_done_i                     0         0                   0
     7 \dev_err_i                      0         0                   0
     7 \dev_gnt_i                      1         1                   1
     7 \dev_len_o                      0         0    0000000000000000
     7 \dev_offset_o                   0         0    0000000000000000
     7 \dev_op_o                       0         0                  00
     7 \dev_rdata_i                    0         0            00000000
     7 \dev_region_o                   0         0            00000000
     7 \dev_req_o                      0         0                   0
     7 \dev_rready_o                   1         1                   1
     7 \dev_rvalid_i                   0         0                   0
     7 \dev_wdata_o                    0         0            00000000
     7 \dev_wready_i                   0         0                   0
     7 \dev_wvalid_o                   0         0                   0
     7 \inv_o                          0         0                   0
     7 \nvm_busy_o                     0         0                   0
     7 \nvm_done_o                     0         0                   0
     7 \nvm_err_cause_o                0         0                  00
     7 \nvm_err_o                      0         0                   0
     7 \nvm_rdata_o                    0         0            00000000
     7 \nvm_record_id_i              255        ff            11111111
     7 \nvm_req_i                      1         1                   1
     7 \nvm_rready_i                   0         0                   0
     7 \nvm_rvalid_o                   0         0                   0
     7 \nvm_wdata_i                    0         0            00000000
     7 \nvm_we_i                       0         0                   0
     7 \nvm_wready_o                   0         0                   0
     7 \nvm_wvalid_i                   0         0                   0
     7 \rst_n                          1         1                   1
  ---- --------------------- ----------- --------- -------------------
     8 \clk_i                          0         0                   0
     8 \dev_busy_i                     0         0                   0
     8 \dev_done_i                     0         0                   0
     8 \dev_err_i                      0         0                   0
     8 \dev_gnt_i                      0         0                   0
     8 \dev_len_o                      8         8    0000000000001000
     8 \dev_offset_o                   0         0    0000000000000000
     8 \dev_op_o                       0         0                  00
     8 \dev_rdata_i                    0         0            00000000
     8 \dev_region_o                 255        ff            11111111
     8 \dev_req_o                      0         0                   0
     8 \dev_rready_o                   1         1                   1
     8 \dev_rvalid_i                   0         0                   0
     8 \dev_wdata_o                    0         0            00000000
     8 \dev_wready_i                   0         0                   0
     8 \dev_wvalid_o                   0         0                   0
     8 \inv_o                          1         1                   1
     8 \nvm_busy_o                     1         1                   1
     8 \nvm_done_o                     0         0                   0
     8 \nvm_err_cause_o                0         0                  00
     8 \nvm_err_o                      0         0                   0
     8 \nvm_rdata_o                    0         0            00000000
     8 \nvm_record_id_i                0         0            00000000
     8 \nvm_req_i                      0         0                   0
     8 \nvm_rready_i                   0         0                   0
     8 \nvm_rvalid_o                   0         0                   0
     8 \nvm_wdata_i                    0         0            00000000
     8 \nvm_we_i                       0         0                   0
     8 \nvm_wready_o                   0         0                   0
     8 \nvm_wvalid_i                   0         0                   0
     8 \rst_n                          1         1                   1

End of script. Logfile hash: 2452f8ea91, time: 1.08s, user: 1.00s, system: 0.08s, MEM: 148.75 MB peak
Yosys 0.66 (git sha1 86f2ddebc-dirty, g++ 16.1.1 -march=x86-64 -mtune=generic -O2 -fno-plt -fexceptions -fstack-clash-protection -fcf-protection -fno-omit-frame-pointer -mno-omit-leaf-frame-pointer -ffile-prefix-map=/build/yosys/src=/usr/src/debug/yosys -fPIC -O3) [startdir/yosys at makepkg]
Time spent: 91% 1x sat (0 sec), 2% 9x opt_clean (0 sec), ...
