[
  {
    "duty": "boot_to_entity_enabled",
    "start_sys_cycle": 64,
    "end_sys_cycle": 104802371,
    "sys_cycles": 104802307,
    "cpu_cycles": 52401154,
    "ms": 1048.02307,
    "device_wait_ms": 0.0,
    "service_ms": 1048.02307,
    "budget_ms": 20000,
    "margin_ms": 18951.97693,
    "tick_calls": 1,
    "no_tick_sys_cycles": 90994116,
    "no_tick_ms": 909.94116,
    "no_tick_start": 64,
    "no_tick_end": 90994180,
    "uart_tx_allowance_ms": 0.0,
    "period_bound_ms": 1159.9411599999999,
    "period_bound_margin_ms": -659.9411599999999,
    "liveness_bound_margin_ms": 840.0588400000001
  },
  {
    "duty": "aem_copy_crc",
    "start_sys_cycle": 91325649,
    "end_sys_cycle": 104802371,
    "sys_cycles": 13476722,
    "cpu_cycles": 6738361,
    "ms": 134.76722,
    "device_wait_ms": 0.0,
    "service_ms": 134.76722,
    "budget_ms": null,
    "margin_ms": null,
    "tick_calls": 0,
    "no_tick_sys_cycles": 13476722,
    "no_tick_ms": 134.76722,
    "no_tick_start": 91325649,
    "no_tick_end": 104802371,
    "uart_tx_allowance_ms": 0.0,
    "period_bound_ms": 384.76722,
    "period_bound_margin_ms": 115.23277999999999,
    "liveness_bound_margin_ms": 1615.23278,
    "phy_publication_bound_ms": 136.19518000000002
  },
  {
    "duty": "restore_walk",
    "start_sys_cycle": 90994059,
    "end_sys_cycle": 91059457,
    "sys_cycles": 65398,
    "cpu_cycles": 32699,
    "ms": 0.65398,
    "device_wait_ms": 0.0,
    "service_ms": 0.65398,
    "budget_ms": 3000,
    "margin_ms": 2999.34602,
    "tick_calls": 1,
    "no_tick_sys_cycles": 65277,
    "no_tick_ms": 0.65277,
    "no_tick_start": 90994180,
    "no_tick_end": 91059457,
    "uart_tx_allowance_ms": 0.0,
    "period_bound_ms": 250.65277,
    "period_bound_margin_ms": 249.34723,
    "liveness_bound_margin_ms": 1749.34723,
    "phy_publication_bound_ms": 2.0807300000000035
  },
  {
    "duty": "milan_status",
    "start_sys_cycle": 104954699,
    "end_sys_cycle": 105773384,
    "sys_cycles": 818685,
    "cpu_cycles": 409343,
    "ms": 8.18685,
    "device_wait_ms": 0.0,
    "service_ms": 8.18685,
    "budget_ms": 500,
    "margin_ms": 491.81315,
    "command_index": 0,
    "uart_bytes": 341,
    "uart_115200_ms": 29.600694444444443,
    "tick_calls": 1,
    "no_tick_sys_cycles": 719382,
    "no_tick_ms": 7.19382,
    "no_tick_start": 105054002,
    "no_tick_end": 105773384,
    "uart_tx_allowance_ms": 28.47222222222222,
    "period_bound_ms": 285.66604222222225,
    "period_bound_margin_ms": 214.33395777777775,
    "liveness_bound_margin_ms": 1714.3339577777779,
    "phy_publication_bound_ms": 162.09400222222226
  },
  {
    "duty": "milan_status",
    "start_sys_cycle": 105773385,
    "end_sys_cycle": 106546378,
    "sys_cycles": 772993,
    "cpu_cycles": 386497,
    "ms": 7.72993,
    "device_wait_ms": 0.0,
    "service_ms": 7.72993,
    "budget_ms": 500,
    "margin_ms": 492.27007,
    "command_index": 1,
    "uart_bytes": 341,
    "uart_115200_ms": 29.600694444444443,
    "tick_calls": 1,
    "no_tick_sys_cycles": 673662,
    "no_tick_ms": 6.73662,
    "no_tick_start": 105872716,
    "no_tick_end": 106546378,
    "uart_tx_allowance_ms": 28.47222222222222,
    "period_bound_ms": 285.20884222222224,
    "period_bound_margin_ms": 214.79115777777776,
    "liveness_bound_margin_ms": 1714.7911577777777,
    "phy_publication_bound_ms": 161.63680222222226
  },
  {
    "duty": "milan_status",
    "start_sys_cycle": 106546379,
    "end_sys_cycle": 107319372,
    "sys_cycles": 772993,
    "cpu_cycles": 386497,
    "ms": 7.72993,
    "device_wait_ms": 0.0,
    "service_ms": 7.72993,
    "budget_ms": 500,
    "margin_ms": 492.27007,
    "command_index": 2,
    "uart_bytes": 341,
    "uart_115200_ms": 29.600694444444443,
    "tick_calls": 1,
    "no_tick_sys_cycles": 673662,
    "no_tick_ms": 6.73662,
    "no_tick_start": 106645710,
    "no_tick_end": 107319372,
    "uart_tx_allowance_ms": 28.47222222222222,
    "period_bound_ms": 285.20884222222224,
    "period_bound_margin_ms": 214.79115777777776,
    "liveness_bound_margin_ms": 1714.7911577777777,
    "phy_publication_bound_ms": 161.63680222222226
  },
  {
    "duty": "milan_status",
    "start_sys_cycle": 107319373,
    "end_sys_cycle": 108095254,
    "sys_cycles": 775881,
    "cpu_cycles": 387941,
    "ms": 7.75881,
    "device_wait_ms": 0.0,
    "service_ms": 7.75881,
    "budget_ms": 500,
    "margin_ms": 492.24119,
    "command_index": 3,
    "uart_bytes": 341,
    "uart_115200_ms": 29.600694444444443,
    "tick_calls": 1,
    "no_tick_sys_cycles": 676550,
    "no_tick_ms": 6.7655,
    "no_tick_start": 107418704,
    "no_tick_end": 108095254,
    "uart_tx_allowance_ms": 28.47222222222222,
    "period_bound_ms": 285.2377222222222,
    "period_bound_margin_ms": 214.7622777777778,
    "liveness_bound_margin_ms": 1714.7622777777779,
    "phy_publication_bound_ms": 161.66568222222222
  },
  {
    "duty": "milan_status",
    "start_sys_cycle": 108095255,
    "end_sys_cycle": 108871202,
    "sys_cycles": 775947,
    "cpu_cycles": 387974,
    "ms": 7.75947,
    "device_wait_ms": 0.0,
    "service_ms": 7.75947,
    "budget_ms": 500,
    "margin_ms": 492.24053,
    "command_index": 4,
    "uart_bytes": 341,
    "uart_115200_ms": 29.600694444444443,
    "tick_calls": 1,
    "no_tick_sys_cycles": 676550,
    "no_tick_ms": 6.7655,
    "no_tick_start": 108194652,
    "no_tick_end": 108871202,
    "uart_tx_allowance_ms": 28.47222222222222,
    "period_bound_ms": 285.2377222222222,
    "period_bound_margin_ms": 214.7622777777778,
    "liveness_bound_margin_ms": 1714.7622777777779,
    "phy_publication_bound_ms": 161.66568222222222
  },
  {
    "duty": "milan_status",
    "start_sys_cycle": 108871203,
    "end_sys_cycle": 109647088,
    "sys_cycles": 775885,
    "cpu_cycles": 387943,
    "ms": 7.75885,
    "device_wait_ms": 0.0,
    "service_ms": 7.75885,
    "budget_ms": 500,
    "margin_ms": 492.24115,
    "command_index": 5,
    "uart_bytes": 341,
    "uart_115200_ms": 29.600694444444443,
    "tick_calls": 1,
    "no_tick_sys_cycles": 676550,
    "no_tick_ms": 6.7655,
    "no_tick_start": 108970538,
    "no_tick_end": 109647088,
    "uart_tx_allowance_ms": 28.47222222222222,
    "period_bound_ms": 285.2377222222222,
    "period_bound_margin_ms": 214.7622777777778,
    "liveness_bound_margin_ms": 1714.7622777777779,
    "phy_publication_bound_ms": 161.66568222222222
  },
  {
    "duty": "milan_status",
    "start_sys_cycle": 109647089,
    "end_sys_cycle": 110422974,
    "sys_cycles": 775885,
    "cpu_cycles": 387943,
    "ms": 7.75885,
    "device_wait_ms": 0.0,
    "service_ms": 7.75885,
    "budget_ms": 500,
    "margin_ms": 492.24115,
    "command_index": 6,
    "uart_bytes": 341,
    "uart_115200_ms": 29.600694444444443,
    "tick_calls": 1,
    "no_tick_sys_cycles": 676550,
    "no_tick_ms": 6.7655,
    "no_tick_start": 109746424,
    "no_tick_end": 110422974,
    "uart_tx_allowance_ms": 28.47222222222222,
    "period_bound_ms": 285.2377222222222,
    "period_bound_margin_ms": 214.7622777777778,
    "liveness_bound_margin_ms": 1714.7622777777779,
    "phy_publication_bound_ms": 161.66568222222222
  },
  {
    "duty": "milan_status",
    "start_sys_cycle": 110422975,
    "end_sys_cycle": 111198860,
    "sys_cycles": 775885,
    "cpu_cycles": 387943,
    "ms": 7.75885,
    "device_wait_ms": 0.0,
    "service_ms": 7.75885,
    "budget_ms": 500,
    "margin_ms": 492.24115,
    "command_index": 7,
    "uart_bytes": 341,
    "uart_115200_ms": 29.600694444444443,
    "tick_calls": 1,
    "no_tick_sys_cycles": 676550,
    "no_tick_ms": 6.7655,
    "no_tick_start": 110522310,
    "no_tick_end": 111198860,
    "uart_tx_allowance_ms": 28.47222222222222,
    "period_bound_ms": 285.2377222222222,
    "period_bound_margin_ms": 214.7622777777778,
    "liveness_bound_margin_ms": 1714.7622777777779,
    "phy_publication_bound_ms": 161.66568222222222
  },
  {
    "duty": "milan_status",
    "start_sys_cycle": 111198861,
    "end_sys_cycle": 111974746,
    "sys_cycles": 775885,
    "cpu_cycles": 387943,
    "ms": 7.75885,
    "device_wait_ms": 0.0,
    "service_ms": 7.75885,
    "budget_ms": 500,
    "margin_ms": 492.24115,
    "command_index": 8,
    "uart_bytes": 341,
    "uart_115200_ms": 29.600694444444443,
    "tick_calls": 1,
    "no_tick_sys_cycles": 676550,
    "no_tick_ms": 6.7655,
    "no_tick_start": 111298196,
    "no_tick_end": 111974746,
    "uart_tx_allowance_ms": 28.47222222222222,
    "period_bound_ms": 285.2377222222222,
    "period_bound_margin_ms": 214.7622777777778,
    "liveness_bound_margin_ms": 1714.7622777777779,
    "phy_publication_bound_ms": 161.66568222222222
  },
  {
    "duty": "milan_status",
    "start_sys_cycle": 111974747,
    "end_sys_cycle": 112750694,
    "sys_cycles": 775947,
    "cpu_cycles": 387974,
    "ms": 7.75947,
    "device_wait_ms": 0.0,
    "service_ms": 7.75947,
    "budget_ms": 500,
    "margin_ms": 492.24053,
    "command_index": 9,
    "uart_bytes": 341,
    "uart_115200_ms": 29.600694444444443,
    "tick_calls": 1,
    "no_tick_sys_cycles": 676550,
    "no_tick_ms": 6.7655,
    "no_tick_start": 112074144,
    "no_tick_end": 112750694,
    "uart_tx_allowance_ms": 28.47222222222222,
    "period_bound_ms": 285.2377222222222,
    "period_bound_margin_ms": 214.7622777777778,
    "liveness_bound_margin_ms": 1714.7622777777779,
    "phy_publication_bound_ms": 161.66568222222222
  },
  {
    "duty": "milan_status",
    "start_sys_cycle": 112750695,
    "end_sys_cycle": 113526580,
    "sys_cycles": 775885,
    "cpu_cycles": 387943,
    "ms": 7.75885,
    "device_wait_ms": 0.0,
    "service_ms": 7.75885,
    "budget_ms": 500,
    "margin_ms": 492.24115,
    "command_index": 10,
    "uart_bytes": 341,
    "uart_115200_ms": 29.600694444444443,
    "tick_calls": 1,
    "no_tick_sys_cycles": 676550,
    "no_tick_ms": 6.7655,
    "no_tick_start": 112850030,
    "no_tick_end": 113526580,
    "uart_tx_allowance_ms": 28.47222222222222,
    "period_bound_ms": 285.2377222222222,
    "period_bound_margin_ms": 214.7622777777778,
    "liveness_bound_margin_ms": 1714.7622777777779,
    "phy_publication_bound_ms": 161.66568222222222
  },
  {
    "duty": "milan_status",
    "start_sys_cycle": 113526581,
    "end_sys_cycle": 114302466,
    "sys_cycles": 775885,
    "cpu_cycles": 387943,
    "ms": 7.75885,
    "device_wait_ms": 0.0,
    "service_ms": 7.75885,
    "budget_ms": 500,
    "margin_ms": 492.24115,
    "command_index": 11,
    "uart_bytes": 341,
    "uart_115200_ms": 29.600694444444443,
    "tick_calls": 1,
    "no_tick_sys_cycles": 676550,
    "no_tick_ms": 6.7655,
    "no_tick_start": 113625916,
    "no_tick_end": 114302466,
    "uart_tx_allowance_ms": 28.47222222222222,
    "period_bound_ms": 285.2377222222222,
    "period_bound_margin_ms": 214.7622777777778,
    "liveness_bound_margin_ms": 1714.7622777777779,
    "phy_publication_bound_ms": 161.66568222222222
  },
  {
    "duty": "milan_status",
    "start_sys_cycle": 114302467,
    "end_sys_cycle": 115078352,
    "sys_cycles": 775885,
    "cpu_cycles": 387943,
    "ms": 7.75885,
    "device_wait_ms": 0.0,
    "service_ms": 7.75885,
    "budget_ms": 500,
    "margin_ms": 492.24115,
    "command_index": 12,
    "uart_bytes": 341,
    "uart_115200_ms": 29.600694444444443,
    "tick_calls": 1,
    "no_tick_sys_cycles": 676550,
    "no_tick_ms": 6.7655,
    "no_tick_start": 114401802,
    "no_tick_end": 115078352,
    "uart_tx_allowance_ms": 28.47222222222222,
    "period_bound_ms": 285.2377222222222,
    "period_bound_margin_ms": 214.7622777777778,
    "liveness_bound_margin_ms": 1714.7622777777779,
    "phy_publication_bound_ms": 161.66568222222222
  },
  {
    "duty": "milan_status",
    "start_sys_cycle": 115078353,
    "end_sys_cycle": 115854238,
    "sys_cycles": 775885,
    "cpu_cycles": 387943,
    "ms": 7.75885,
    "device_wait_ms": 0.0,
    "service_ms": 7.75885,
    "budget_ms": 500,
    "margin_ms": 492.24115,
    "command_index": 13,
    "uart_bytes": 341,
    "uart_115200_ms": 29.600694444444443,
    "tick_calls": 1,
    "no_tick_sys_cycles": 676550,
    "no_tick_ms": 6.7655,
    "no_tick_start": 115177688,
    "no_tick_end": 115854238,
    "uart_tx_allowance_ms": 28.47222222222222,
    "period_bound_ms": 285.2377222222222,
    "period_bound_margin_ms": 214.7622777777778,
    "liveness_bound_margin_ms": 1714.7622777777779,
    "phy_publication_bound_ms": 161.66568222222222
  },
  {
    "duty": "milan_status",
    "start_sys_cycle": 115854239,
    "end_sys_cycle": 116630186,
    "sys_cycles": 775947,
    "cpu_cycles": 387974,
    "ms": 7.75947,
    "device_wait_ms": 0.0,
    "service_ms": 7.75947,
    "budget_ms": 500,
    "margin_ms": 492.24053,
    "command_index": 14,
    "uart_bytes": 341,
    "uart_115200_ms": 29.600694444444443,
    "tick_calls": 1,
    "no_tick_sys_cycles": 676550,
    "no_tick_ms": 6.7655,
    "no_tick_start": 115953636,
    "no_tick_end": 116630186,
    "uart_tx_allowance_ms": 28.47222222222222,
    "period_bound_ms": 285.2377222222222,
    "period_bound_margin_ms": 214.7622777777778,
    "liveness_bound_margin_ms": 1714.7622777777779,
    "phy_publication_bound_ms": 161.66568222222222
  },
  {
    "duty": "milan_status",
    "start_sys_cycle": 116630187,
    "end_sys_cycle": 117406120,
    "sys_cycles": 775933,
    "cpu_cycles": 387967,
    "ms": 7.75933,
    "device_wait_ms": 0.0,
    "service_ms": 7.75933,
    "budget_ms": 500,
    "margin_ms": 492.24067,
    "command_index": 15,
    "uart_bytes": 341,
    "uart_115200_ms": 29.600694444444443,
    "tick_calls": 1,
    "no_tick_sys_cycles": 676598,
    "no_tick_ms": 6.76598,
    "no_tick_start": 116729522,
    "no_tick_end": 117406120,
    "uart_tx_allowance_ms": 28.47222222222222,
    "period_bound_ms": 285.23820222222224,
    "period_bound_margin_ms": 214.76179777777776,
    "liveness_bound_margin_ms": 1714.7617977777777,
    "phy_publication_bound_ms": 161.66616222222225
  },
  {
    "duty": "milan_status",
    "start_sys_cycle": 117406121,
    "end_sys_cycle": 118182006,
    "sys_cycles": 775885,
    "cpu_cycles": 387943,
    "ms": 7.75885,
    "device_wait_ms": 0.0,
    "service_ms": 7.75885,
    "budget_ms": 500,
    "margin_ms": 492.24115,
    "command_index": 16,
    "uart_bytes": 341,
    "uart_115200_ms": 29.600694444444443,
    "tick_calls": 1,
    "no_tick_sys_cycles": 676550,
    "no_tick_ms": 6.7655,
    "no_tick_start": 117505456,
    "no_tick_end": 118182006,
    "uart_tx_allowance_ms": 28.47222222222222,
    "period_bound_ms": 285.2377222222222,
    "period_bound_margin_ms": 214.7622777777778,
    "liveness_bound_margin_ms": 1714.7622777777779,
    "phy_publication_bound_ms": 161.66568222222222
  },
  {
    "duty": "milan_status",
    "start_sys_cycle": 118182007,
    "end_sys_cycle": 119003612,
    "sys_cycles": 821605,
    "cpu_cycles": 410803,
    "ms": 8.21605,
    "device_wait_ms": 0.0,
    "service_ms": 8.21605,
    "budget_ms": 500,
    "margin_ms": 491.78395,
    "command_index": 17,
    "uart_bytes": 341,
    "uart_115200_ms": 29.600694444444443,
    "tick_calls": 1,
    "no_tick_sys_cycles": 722270,
    "no_tick_ms": 7.2227,
    "no_tick_start": 118281342,
    "no_tick_end": 119003612,
    "uart_tx_allowance_ms": 28.47222222222222,
    "period_bound_ms": 285.6949222222222,
    "period_bound_margin_ms": 214.3050777777778,
    "liveness_bound_margin_ms": 1714.3050777777778,
    "phy_publication_bound_ms": 162.12288222222222
  },
  {
    "duty": "milan_status",
    "start_sys_cycle": 119003613,
    "end_sys_cycle": 119779498,
    "sys_cycles": 775885,
    "cpu_cycles": 387943,
    "ms": 7.75885,
    "device_wait_ms": 0.0,
    "service_ms": 7.75885,
    "budget_ms": 500,
    "margin_ms": 492.24115,
    "command_index": 18,
    "uart_bytes": 341,
    "uart_115200_ms": 29.600694444444443,
    "tick_calls": 1,
    "no_tick_sys_cycles": 676550,
    "no_tick_ms": 6.7655,
    "no_tick_start": 119102948,
    "no_tick_end": 119779498,
    "uart_tx_allowance_ms": 28.47222222222222,
    "period_bound_ms": 285.2377222222222,
    "period_bound_margin_ms": 214.7622777777778,
    "liveness_bound_margin_ms": 1714.7622777777779,
    "phy_publication_bound_ms": 161.66568222222222
  },
  {
    "duty": "milan_status",
    "start_sys_cycle": 119779499,
    "end_sys_cycle": 120555446,
    "sys_cycles": 775947,
    "cpu_cycles": 387974,
    "ms": 7.75947,
    "device_wait_ms": 0.0,
    "service_ms": 7.75947,
    "budget_ms": 500,
    "margin_ms": 492.24053,
    "command_index": 19,
    "uart_bytes": 341,
    "uart_115200_ms": 29.600694444444443,
    "tick_calls": 1,
    "no_tick_sys_cycles": 676550,
    "no_tick_ms": 6.7655,
    "no_tick_start": 119878896,
    "no_tick_end": 120555446,
    "uart_tx_allowance_ms": 28.47222222222222,
    "period_bound_ms": 285.2377222222222,
    "period_bound_margin_ms": 214.7622777777778,
    "liveness_bound_margin_ms": 1714.7622777777779,
    "phy_publication_bound_ms": 161.66568222222222
  },
  {
    "duty": "milan_status",
    "start_sys_cycle": 120555447,
    "end_sys_cycle": 121331332,
    "sys_cycles": 775885,
    "cpu_cycles": 387943,
    "ms": 7.75885,
    "device_wait_ms": 0.0,
    "service_ms": 7.75885,
    "budget_ms": 500,
    "margin_ms": 492.24115,
    "command_index": 20,
    "uart_bytes": 341,
    "uart_115200_ms": 29.600694444444443,
    "tick_calls": 1,
    "no_tick_sys_cycles": 676550,
    "no_tick_ms": 6.7655,
    "no_tick_start": 120654782,
    "no_tick_end": 121331332,
    "uart_tx_allowance_ms": 28.47222222222222,
    "period_bound_ms": 285.2377222222222,
    "period_bound_margin_ms": 214.7622777777778,
    "liveness_bound_margin_ms": 1714.7622777777779,
    "phy_publication_bound_ms": 161.66568222222222
  },
  {
    "duty": "milan_status",
    "start_sys_cycle": 121331333,
    "end_sys_cycle": 122107218,
    "sys_cycles": 775885,
    "cpu_cycles": 387943,
    "ms": 7.75885,
    "device_wait_ms": 0.0,
    "service_ms": 7.75885,
    "budget_ms": 500,
    "margin_ms": 492.24115,
    "command_index": 21,
    "uart_bytes": 341,
    "uart_115200_ms": 29.600694444444443,
    "tick_calls": 1,
    "no_tick_sys_cycles": 676550,
    "no_tick_ms": 6.7655,
    "no_tick_start": 121430668,
    "no_tick_end": 122107218,
    "uart_tx_allowance_ms": 28.47222222222222,
    "period_bound_ms": 285.2377222222222,
    "period_bound_margin_ms": 214.7622777777778,
    "liveness_bound_margin_ms": 1714.7622777777779,
    "phy_publication_bound_ms": 161.66568222222222
  },
  {
    "duty": "milan_status",
    "start_sys_cycle": 122107219,
    "end_sys_cycle": 122883104,
    "sys_cycles": 775885,
    "cpu_cycles": 387943,
    "ms": 7.75885,
    "device_wait_ms": 0.0,
    "service_ms": 7.75885,
    "budget_ms": 500,
    "margin_ms": 492.24115,
    "command_index": 22,
    "uart_bytes": 341,
    "uart_115200_ms": 29.600694444444443,
    "tick_calls": 1,
    "no_tick_sys_cycles": 676550,
    "no_tick_ms": 6.7655,
    "no_tick_start": 122206554,
    "no_tick_end": 122883104,
    "uart_tx_allowance_ms": 28.47222222222222,
    "period_bound_ms": 285.2377222222222,
    "period_bound_margin_ms": 214.7622777777778,
    "liveness_bound_margin_ms": 1714.7622777777779,
    "phy_publication_bound_ms": 161.66568222222222
  },
  {
    "duty": "milan_status",
    "start_sys_cycle": 122883105,
    "end_sys_cycle": 123658990,
    "sys_cycles": 775885,
    "cpu_cycles": 387943,
    "ms": 7.75885,
    "device_wait_ms": 0.0,
    "service_ms": 7.75885,
    "budget_ms": 500,
    "margin_ms": 492.24115,
    "command_index": 23,
    "uart_bytes": 341,
    "uart_115200_ms": 29.600694444444443,
    "tick_calls": 1,
    "no_tick_sys_cycles": 676550,
    "no_tick_ms": 6.7655,
    "no_tick_start": 122982440,
    "no_tick_end": 123658990,
    "uart_tx_allowance_ms": 28.47222222222222,
    "period_bound_ms": 285.2377222222222,
    "period_bound_margin_ms": 214.7622777777778,
    "liveness_bound_margin_ms": 1714.7622777777779,
    "phy_publication_bound_ms": 161.66568222222222
  },
  {
    "duty": "milan_status",
    "start_sys_cycle": 123658991,
    "end_sys_cycle": 124434938,
    "sys_cycles": 775947,
    "cpu_cycles": 387974,
    "ms": 7.75947,
    "device_wait_ms": 0.0,
    "service_ms": 7.75947,
    "budget_ms": 500,
    "margin_ms": 492.24053,
    "command_index": 24,
    "uart_bytes": 341,
    "uart_115200_ms": 29.600694444444443,
    "tick_calls": 1,
    "no_tick_sys_cycles": 676550,
    "no_tick_ms": 6.7655,
    "no_tick_start": 123758388,
    "no_tick_end": 124434938,
    "uart_tx_allowance_ms": 28.47222222222222,
    "period_bound_ms": 285.2377222222222,
    "period_bound_margin_ms": 214.7622777777778,
    "liveness_bound_margin_ms": 1714.7622777777779,
    "phy_publication_bound_ms": 161.66568222222222
  },
  {
    "duty": "milan_status",
    "start_sys_cycle": 124434939,
    "end_sys_cycle": 125210824,
    "sys_cycles": 775885,
    "cpu_cycles": 387943,
    "ms": 7.75885,
    "device_wait_ms": 0.0,
    "service_ms": 7.75885,
    "budget_ms": 500,
    "margin_ms": 492.24115,
    "command_index": 25,
    "uart_bytes": 341,
    "uart_115200_ms": 29.600694444444443,
    "tick_calls": 1,
    "no_tick_sys_cycles": 676550,
    "no_tick_ms": 6.7655,
    "no_tick_start": 124534274,
    "no_tick_end": 125210824,
    "uart_tx_allowance_ms": 28.47222222222222,
    "period_bound_ms": 285.2377222222222,
    "period_bound_margin_ms": 214.7622777777778,
    "liveness_bound_margin_ms": 1714.7622777777779,
    "phy_publication_bound_ms": 161.66568222222222
  },
  {
    "duty": "milan_status",
    "start_sys_cycle": 125210825,
    "end_sys_cycle": 125986710,
    "sys_cycles": 775885,
    "cpu_cycles": 387943,
    "ms": 7.75885,
    "device_wait_ms": 0.0,
    "service_ms": 7.75885,
    "budget_ms": 500,
    "margin_ms": 492.24115,
    "command_index": 26,
    "uart_bytes": 341,
    "uart_115200_ms": 29.600694444444443,
    "tick_calls": 1,
    "no_tick_sys_cycles": 676550,
    "no_tick_ms": 6.7655,
    "no_tick_start": 125310160,
    "no_tick_end": 125986710,
    "uart_tx_allowance_ms": 28.47222222222222,
    "period_bound_ms": 285.2377222222222,
    "period_bound_margin_ms": 214.7622777777778,
    "liveness_bound_margin_ms": 1714.7622777777779,
    "phy_publication_bound_ms": 161.66568222222222
  },
  {
    "duty": "milan_status",
    "start_sys_cycle": 125986711,
    "end_sys_cycle": 126762596,
    "sys_cycles": 775885,
    "cpu_cycles": 387943,
    "ms": 7.75885,
    "device_wait_ms": 0.0,
    "service_ms": 7.75885,
    "budget_ms": 500,
    "margin_ms": 492.24115,
    "command_index": 27,
    "uart_bytes": 341,
    "uart_115200_ms": 29.600694444444443,
    "tick_calls": 1,
    "no_tick_sys_cycles": 676550,
    "no_tick_ms": 6.7655,
    "no_tick_start": 126086046,
    "no_tick_end": 126762596,
    "uart_tx_allowance_ms": 28.47222222222222,
    "period_bound_ms": 285.2377222222222,
    "period_bound_margin_ms": 214.7622777777778,
    "liveness_bound_margin_ms": 1714.7622777777779,
    "phy_publication_bound_ms": 161.66568222222222
  },
  {
    "duty": "milan_status",
    "start_sys_cycle": 126762597,
    "end_sys_cycle": 127538482,
    "sys_cycles": 775885,
    "cpu_cycles": 387943,
    "ms": 7.75885,
    "device_wait_ms": 0.0,
    "service_ms": 7.75885,
    "budget_ms": 500,
    "margin_ms": 492.24115,
    "command_index": 28,
    "uart_bytes": 341,
    "uart_115200_ms": 29.600694444444443,
    "tick_calls": 1,
    "no_tick_sys_cycles": 676550,
    "no_tick_ms": 6.7655,
    "no_tick_start": 126861932,
    "no_tick_end": 127538482,
    "uart_tx_allowance_ms": 28.47222222222222,
    "period_bound_ms": 285.2377222222222,
    "period_bound_margin_ms": 214.7622777777778,
    "liveness_bound_margin_ms": 1714.7622777777779,
    "phy_publication_bound_ms": 161.66568222222222
  },
  {
    "duty": "milan_status",
    "start_sys_cycle": 127538483,
    "end_sys_cycle": 128314430,
    "sys_cycles": 775947,
    "cpu_cycles": 387974,
    "ms": 7.75947,
    "device_wait_ms": 0.0,
    "service_ms": 7.75947,
    "budget_ms": 500,
    "margin_ms": 492.24053,
    "command_index": 29,
    "uart_bytes": 341,
    "uart_115200_ms": 29.600694444444443,
    "tick_calls": 1,
    "no_tick_sys_cycles": 676550,
    "no_tick_ms": 6.7655,
    "no_tick_start": 127637880,
    "no_tick_end": 128314430,
    "uart_tx_allowance_ms": 28.47222222222222,
    "period_bound_ms": 285.2377222222222,
    "period_bound_margin_ms": 214.7622777777778,
    "liveness_bound_margin_ms": 1714.7622777777779,
    "phy_publication_bound_ms": 161.66568222222222
  },
  {
    "duty": "milan_status",
    "start_sys_cycle": 128314431,
    "end_sys_cycle": 129090316,
    "sys_cycles": 775885,
    "cpu_cycles": 387943,
    "ms": 7.75885,
    "device_wait_ms": 0.0,
    "service_ms": 7.75885,
    "budget_ms": 500,
    "margin_ms": 492.24115,
    "command_index": 30,
    "uart_bytes": 341,
    "uart_115200_ms": 29.600694444444443,
    "tick_calls": 1,
    "no_tick_sys_cycles": 676550,
    "no_tick_ms": 6.7655,
    "no_tick_start": 128413766,
    "no_tick_end": 129090316,
    "uart_tx_allowance_ms": 28.47222222222222,
    "period_bound_ms": 285.2377222222222,
    "period_bound_margin_ms": 214.7622777777778,
    "liveness_bound_margin_ms": 1714.7622777777779,
    "phy_publication_bound_ms": 161.66568222222222
  },
  {
    "duty": "milan_status",
    "start_sys_cycle": 129090317,
    "end_sys_cycle": 129866202,
    "sys_cycles": 775885,
    "cpu_cycles": 387943,
    "ms": 7.75885,
    "device_wait_ms": 0.0,
    "service_ms": 7.75885,
    "budget_ms": 500,
    "margin_ms": 492.24115,
    "command_index": 31,
    "uart_bytes": 341,
    "uart_115200_ms": 29.600694444444443,
    "tick_calls": 1,
    "no_tick_sys_cycles": 676550,
    "no_tick_ms": 6.7655,
    "no_tick_start": 129189652,
    "no_tick_end": 129866202,
    "uart_tx_allowance_ms": 28.47222222222222,
    "period_bound_ms": 285.2377222222222,
    "period_bound_margin_ms": 214.7622777777778,
    "liveness_bound_margin_ms": 1714.7622777777779,
    "phy_publication_bound_ms": 161.66568222222222
  },
  {
    "duty": "milan_status",
    "start_sys_cycle": 129866203,
    "end_sys_cycle": 130642088,
    "sys_cycles": 775885,
    "cpu_cycles": 387943,
    "ms": 7.75885,
    "device_wait_ms": 0.0,
    "service_ms": 7.75885,
    "budget_ms": 500,
    "margin_ms": 492.24115,
    "command_index": 32,
    "uart_bytes": 341,
    "uart_115200_ms": 29.600694444444443,
    "tick_calls": 1,
    "no_tick_sys_cycles": 676550,
    "no_tick_ms": 6.7655,
    "no_tick_start": 129965538,
    "no_tick_end": 130642088,
    "uart_tx_allowance_ms": 28.47222222222222,
    "period_bound_ms": 285.2377222222222,
    "period_bound_margin_ms": 214.7622777777778,
    "liveness_bound_margin_ms": 1714.7622777777779,
    "phy_publication_bound_ms": 161.66568222222222
  },
  {
    "duty": "milan_status",
    "start_sys_cycle": 130642089,
    "end_sys_cycle": 131417974,
    "sys_cycles": 775885,
    "cpu_cycles": 387943,
    "ms": 7.75885,
    "device_wait_ms": 0.0,
    "service_ms": 7.75885,
    "budget_ms": 500,
    "margin_ms": 492.24115,
    "command_index": 33,
    "uart_bytes": 341,
    "uart_115200_ms": 29.600694444444443,
    "tick_calls": 1,
    "no_tick_sys_cycles": 676550,
    "no_tick_ms": 6.7655,
    "no_tick_start": 130741424,
    "no_tick_end": 131417974,
    "uart_tx_allowance_ms": 28.47222222222222,
    "period_bound_ms": 285.2377222222222,
    "period_bound_margin_ms": 214.7622777777778,
    "liveness_bound_margin_ms": 1714.7622777777779,
    "phy_publication_bound_ms": 161.66568222222222
  },
  {
    "duty": "milan_status",
    "start_sys_cycle": 131417975,
    "end_sys_cycle": 132239642,
    "sys_cycles": 821667,
    "cpu_cycles": 410834,
    "ms": 8.21667,
    "device_wait_ms": 0.0,
    "service_ms": 8.21667,
    "budget_ms": 500,
    "margin_ms": 491.78333,
    "command_index": 34,
    "uart_bytes": 341,
    "uart_115200_ms": 29.600694444444443,
    "tick_calls": 1,
    "no_tick_sys_cycles": 722270,
    "no_tick_ms": 7.2227,
    "no_tick_start": 131517372,
    "no_tick_end": 132239642,
    "uart_tx_allowance_ms": 28.47222222222222,
    "period_bound_ms": 285.6949222222222,
    "period_bound_margin_ms": 214.3050777777778,
    "liveness_bound_margin_ms": 1714.3050777777778,
    "phy_publication_bound_ms": 162.12288222222222
  },
  {
    "duty": "milan_status",
    "start_sys_cycle": 132239643,
    "end_sys_cycle": 133015528,
    "sys_cycles": 775885,
    "cpu_cycles": 387943,
    "ms": 7.75885,
    "device_wait_ms": 0.0,
    "service_ms": 7.75885,
    "budget_ms": 500,
    "margin_ms": 492.24115,
    "command_index": 35,
    "uart_bytes": 341,
    "uart_115200_ms": 29.600694444444443,
    "tick_calls": 1,
    "no_tick_sys_cycles": 676550,
    "no_tick_ms": 6.7655,
    "no_tick_start": 132338978,
    "no_tick_end": 133015528,
    "uart_tx_allowance_ms": 28.47222222222222,
    "period_bound_ms": 285.2377222222222,
    "period_bound_margin_ms": 214.7622777777778,
    "liveness_bound_margin_ms": 1714.7622777777779,
    "phy_publication_bound_ms": 161.66568222222222
  },
  {
    "duty": "milan_status",
    "start_sys_cycle": 133015529,
    "end_sys_cycle": 133791414,
    "sys_cycles": 775885,
    "cpu_cycles": 387943,
    "ms": 7.75885,
    "device_wait_ms": 0.0,
    "service_ms": 7.75885,
    "budget_ms": 500,
    "margin_ms": 492.24115,
    "command_index": 36,
    "uart_bytes": 341,
    "uart_115200_ms": 29.600694444444443,
    "tick_calls": 1,
    "no_tick_sys_cycles": 676550,
    "no_tick_ms": 6.7655,
    "no_tick_start": 133114864,
    "no_tick_end": 133791414,
    "uart_tx_allowance_ms": 28.47222222222222,
    "period_bound_ms": 285.2377222222222,
    "period_bound_margin_ms": 214.7622777777778,
    "liveness_bound_margin_ms": 1714.7622777777779,
    "phy_publication_bound_ms": 161.66568222222222
  },
  {
    "duty": "milan_status",
    "start_sys_cycle": 133791415,
    "end_sys_cycle": 134567300,
    "sys_cycles": 775885,
    "cpu_cycles": 387943,
    "ms": 7.75885,
    "device_wait_ms": 0.0,
    "service_ms": 7.75885,
    "budget_ms": 500,
    "margin_ms": 492.24115,
    "command_index": 37,
    "uart_bytes": 341,
    "uart_115200_ms": 29.600694444444443,
    "tick_calls": 1,
    "no_tick_sys_cycles": 676550,
    "no_tick_ms": 6.7655,
    "no_tick_start": 133890750,
    "no_tick_end": 134567300,
    "uart_tx_allowance_ms": 28.47222222222222,
    "period_bound_ms": 285.2377222222222,
    "period_bound_margin_ms": 214.7622777777778,
    "liveness_bound_margin_ms": 1714.7622777777779,
    "phy_publication_bound_ms": 161.66568222222222
  },
  {
    "duty": "milan_status",
    "start_sys_cycle": 134567301,
    "end_sys_cycle": 135343186,
    "sys_cycles": 775885,
    "cpu_cycles": 387943,
    "ms": 7.75885,
    "device_wait_ms": 0.0,
    "service_ms": 7.75885,
    "budget_ms": 500,
    "margin_ms": 492.24115,
    "command_index": 38,
    "uart_bytes": 341,
    "uart_115200_ms": 29.600694444444443,
    "tick_calls": 1,
    "no_tick_sys_cycles": 676550,
    "no_tick_ms": 6.7655,
    "no_tick_start": 134666636,
    "no_tick_end": 135343186,
    "uart_tx_allowance_ms": 28.47222222222222,
    "period_bound_ms": 285.2377222222222,
    "period_bound_margin_ms": 214.7622777777778,
    "liveness_bound_margin_ms": 1714.7622777777779,
    "phy_publication_bound_ms": 161.66568222222222
  },
  {
    "duty": "milan_status",
    "start_sys_cycle": 135343187,
    "end_sys_cycle": 136119134,
    "sys_cycles": 775947,
    "cpu_cycles": 387974,
    "ms": 7.75947,
    "device_wait_ms": 0.0,
    "service_ms": 7.75947,
    "budget_ms": 500,
    "margin_ms": 492.24053,
    "command_index": 39,
    "uart_bytes": 341,
    "uart_115200_ms": 29.600694444444443,
    "tick_calls": 1,
    "no_tick_sys_cycles": 676550,
    "no_tick_ms": 6.7655,
    "no_tick_start": 135442584,
    "no_tick_end": 136119134,
    "uart_tx_allowance_ms": 28.47222222222222,
    "period_bound_ms": 285.2377222222222,
    "period_bound_margin_ms": 214.7622777777778,
    "liveness_bound_margin_ms": 1714.7622777777779,
    "phy_publication_bound_ms": 161.66568222222222
  },
  {
    "duty": "milan_status",
    "start_sys_cycle": 136119135,
    "end_sys_cycle": 136895020,
    "sys_cycles": 775885,
    "cpu_cycles": 387943,
    "ms": 7.75885,
    "device_wait_ms": 0.0,
    "service_ms": 7.75885,
    "budget_ms": 500,
    "margin_ms": 492.24115,
    "command_index": 40,
    "uart_bytes": 341,
    "uart_115200_ms": 29.600694444444443,
    "tick_calls": 1,
    "no_tick_sys_cycles": 676550,
    "no_tick_ms": 6.7655,
    "no_tick_start": 136218470,
    "no_tick_end": 136895020,
    "uart_tx_allowance_ms": 28.47222222222222,
    "period_bound_ms": 285.2377222222222,
    "period_bound_margin_ms": 214.7622777777778,
    "liveness_bound_margin_ms": 1714.7622777777779,
    "phy_publication_bound_ms": 161.66568222222222
  },
  {
    "duty": "milan_status",
    "start_sys_cycle": 136895021,
    "end_sys_cycle": 137670906,
    "sys_cycles": 775885,
    "cpu_cycles": 387943,
    "ms": 7.75885,
    "device_wait_ms": 0.0,
    "service_ms": 7.75885,
    "budget_ms": 500,
    "margin_ms": 492.24115,
    "command_index": 41,
    "uart_bytes": 341,
    "uart_115200_ms": 29.600694444444443,
    "tick_calls": 1,
    "no_tick_sys_cycles": 676550,
    "no_tick_ms": 6.7655,
    "no_tick_start": 136994356,
    "no_tick_end": 137670906,
    "uart_tx_allowance_ms": 28.47222222222222,
    "period_bound_ms": 285.2377222222222,
    "period_bound_margin_ms": 214.7622777777778,
    "liveness_bound_margin_ms": 1714.7622777777779,
    "phy_publication_bound_ms": 161.66568222222222
  },
  {
    "duty": "milan_status",
    "start_sys_cycle": 137670907,
    "end_sys_cycle": 138446792,
    "sys_cycles": 775885,
    "cpu_cycles": 387943,
    "ms": 7.75885,
    "device_wait_ms": 0.0,
    "service_ms": 7.75885,
    "budget_ms": 500,
    "margin_ms": 492.24115,
    "command_index": 42,
    "uart_bytes": 341,
    "uart_115200_ms": 29.600694444444443,
    "tick_calls": 1,
    "no_tick_sys_cycles": 676550,
    "no_tick_ms": 6.7655,
    "no_tick_start": 137770242,
    "no_tick_end": 138446792,
    "uart_tx_allowance_ms": 28.47222222222222,
    "period_bound_ms": 285.2377222222222,
    "period_bound_margin_ms": 214.7622777777778,
    "liveness_bound_margin_ms": 1714.7622777777779,
    "phy_publication_bound_ms": 161.66568222222222
  },
  {
    "duty": "milan_status",
    "start_sys_cycle": 138446793,
    "end_sys_cycle": 139222678,
    "sys_cycles": 775885,
    "cpu_cycles": 387943,
    "ms": 7.75885,
    "device_wait_ms": 0.0,
    "service_ms": 7.75885,
    "budget_ms": 500,
    "margin_ms": 492.24115,
    "command_index": 43,
    "uart_bytes": 341,
    "uart_115200_ms": 29.600694444444443,
    "tick_calls": 1,
    "no_tick_sys_cycles": 676550,
    "no_tick_ms": 6.7655,
    "no_tick_start": 138546128,
    "no_tick_end": 139222678,
    "uart_tx_allowance_ms": 28.47222222222222,
    "period_bound_ms": 285.2377222222222,
    "period_bound_margin_ms": 214.7622777777778,
    "liveness_bound_margin_ms": 1714.7622777777779,
    "phy_publication_bound_ms": 161.66568222222222
  },
  {
    "duty": "milan_status",
    "start_sys_cycle": 139222679,
    "end_sys_cycle": 139998626,
    "sys_cycles": 775947,
    "cpu_cycles": 387974,
    "ms": 7.75947,
    "device_wait_ms": 0.0,
    "service_ms": 7.75947,
    "budget_ms": 500,
    "margin_ms": 492.24053,
    "command_index": 44,
    "uart_bytes": 341,
    "uart_115200_ms": 29.600694444444443,
    "tick_calls": 1,
    "no_tick_sys_cycles": 676550,
    "no_tick_ms": 6.7655,
    "no_tick_start": 139322076,
    "no_tick_end": 139998626,
    "uart_tx_allowance_ms": 28.47222222222222,
    "period_bound_ms": 285.2377222222222,
    "period_bound_margin_ms": 214.7622777777778,
    "liveness_bound_margin_ms": 1714.7622777777779,
    "phy_publication_bound_ms": 161.66568222222222
  },
  {
    "duty": "milan_status",
    "start_sys_cycle": 139998627,
    "end_sys_cycle": 140774512,
    "sys_cycles": 775885,
    "cpu_cycles": 387943,
    "ms": 7.75885,
    "device_wait_ms": 0.0,
    "service_ms": 7.75885,
    "budget_ms": 500,
    "margin_ms": 492.24115,
    "command_index": 45,
    "uart_bytes": 341,
    "uart_115200_ms": 29.600694444444443,
    "tick_calls": 1,
    "no_tick_sys_cycles": 676550,
    "no_tick_ms": 6.7655,
    "no_tick_start": 140097962,
    "no_tick_end": 140774512,
    "uart_tx_allowance_ms": 28.47222222222222,
    "period_bound_ms": 285.2377222222222,
    "period_bound_margin_ms": 214.7622777777778,
    "liveness_bound_margin_ms": 1714.7622777777779,
    "phy_publication_bound_ms": 161.66568222222222
  },
  {
    "duty": "milan_status",
    "start_sys_cycle": 140774513,
    "end_sys_cycle": 141550398,
    "sys_cycles": 775885,
    "cpu_cycles": 387943,
    "ms": 7.75885,
    "device_wait_ms": 0.0,
    "service_ms": 7.75885,
    "budget_ms": 500,
    "margin_ms": 492.24115,
    "command_index": 46,
    "uart_bytes": 341,
    "uart_115200_ms": 29.600694444444443,
    "tick_calls": 1,
    "no_tick_sys_cycles": 676550,
    "no_tick_ms": 6.7655,
    "no_tick_start": 140873848,
    "no_tick_end": 141550398,
    "uart_tx_allowance_ms": 28.47222222222222,
    "period_bound_ms": 285.2377222222222,
    "period_bound_margin_ms": 214.7622777777778,
    "liveness_bound_margin_ms": 1714.7622777777779,
    "phy_publication_bound_ms": 161.66568222222222
  },
  {
    "duty": "milan_status",
    "start_sys_cycle": 141550399,
    "end_sys_cycle": 142326284,
    "sys_cycles": 775885,
    "cpu_cycles": 387943,
    "ms": 7.75885,
    "device_wait_ms": 0.0,
    "service_ms": 7.75885,
    "budget_ms": 500,
    "margin_ms": 492.24115,
    "command_index": 47,
    "uart_bytes": 341,
    "uart_115200_ms": 29.600694444444443,
    "tick_calls": 1,
    "no_tick_sys_cycles": 676550,
    "no_tick_ms": 6.7655,
    "no_tick_start": 141649734,
    "no_tick_end": 142326284,
    "uart_tx_allowance_ms": 28.47222222222222,
    "period_bound_ms": 285.2377222222222,
    "period_bound_margin_ms": 214.7622777777778,
    "liveness_bound_margin_ms": 1714.7622777777779,
    "phy_publication_bound_ms": 161.66568222222222
  },
  {
    "duty": "milan_status",
    "start_sys_cycle": 142326285,
    "end_sys_cycle": 143102218,
    "sys_cycles": 775933,
    "cpu_cycles": 387967,
    "ms": 7.75933,
    "device_wait_ms": 0.0,
    "service_ms": 7.75933,
    "budget_ms": 500,
    "margin_ms": 492.24067,
    "command_index": 48,
    "uart_bytes": 341,
    "uart_115200_ms": 29.600694444444443,
    "tick_calls": 1,
    "no_tick_sys_cycles": 676598,
    "no_tick_ms": 6.76598,
    "no_tick_start": 142425620,
    "no_tick_end": 143102218,
    "uart_tx_allowance_ms": 28.47222222222222,
    "period_bound_ms": 285.23820222222224,
    "period_bound_margin_ms": 214.76179777777776,
    "liveness_bound_margin_ms": 1714.7617977777777,
    "phy_publication_bound_ms": 161.66616222222225
  },
  {
    "duty": "milan_status",
    "start_sys_cycle": 143102219,
    "end_sys_cycle": 143878166,
    "sys_cycles": 775947,
    "cpu_cycles": 387974,
    "ms": 7.75947,
    "device_wait_ms": 0.0,
    "service_ms": 7.75947,
    "budget_ms": 500,
    "margin_ms": 492.24053,
    "command_index": 49,
    "uart_bytes": 341,
    "uart_115200_ms": 29.600694444444443,
    "tick_calls": 1,
    "no_tick_sys_cycles": 676550,
    "no_tick_ms": 6.7655,
    "no_tick_start": 143201616,
    "no_tick_end": 143878166,
    "uart_tx_allowance_ms": 28.47222222222222,
    "period_bound_ms": 285.2377222222222,
    "period_bound_margin_ms": 214.7622777777778,
    "liveness_bound_margin_ms": 1714.7622777777779,
    "phy_publication_bound_ms": 161.66568222222222
  },
  {
    "duty": "milan_status",
    "start_sys_cycle": 143878167,
    "end_sys_cycle": 144654052,
    "sys_cycles": 775885,
    "cpu_cycles": 387943,
    "ms": 7.75885,
    "device_wait_ms": 0.0,
    "service_ms": 7.75885,
    "budget_ms": 500,
    "margin_ms": 492.24115,
    "command_index": 50,
    "uart_bytes": 341,
    "uart_115200_ms": 29.600694444444443,
    "tick_calls": 1,
    "no_tick_sys_cycles": 676550,
    "no_tick_ms": 6.7655,
    "no_tick_start": 143977502,
    "no_tick_end": 144654052,
    "uart_tx_allowance_ms": 28.47222222222222,
    "period_bound_ms": 285.2377222222222,
    "period_bound_margin_ms": 214.7622777777778,
    "liveness_bound_margin_ms": 1714.7622777777779,
    "phy_publication_bound_ms": 161.66568222222222
  },
  {
    "duty": "milan_status",
    "start_sys_cycle": 144654053,
    "end_sys_cycle": 145475658,
    "sys_cycles": 821605,
    "cpu_cycles": 410803,
    "ms": 8.21605,
    "device_wait_ms": 0.0,
    "service_ms": 8.21605,
    "budget_ms": 500,
    "margin_ms": 491.78395,
    "command_index": 51,
    "uart_bytes": 341,
    "uart_115200_ms": 29.600694444444443,
    "tick_calls": 1,
    "no_tick_sys_cycles": 722270,
    "no_tick_ms": 7.2227,
    "no_tick_start": 144753388,
    "no_tick_end": 145475658,
    "uart_tx_allowance_ms": 28.47222222222222,
    "period_bound_ms": 285.6949222222222,
    "period_bound_margin_ms": 214.3050777777778,
    "liveness_bound_margin_ms": 1714.3050777777778,
    "phy_publication_bound_ms": 162.12288222222222
  },
  {
    "duty": "milan_status",
    "start_sys_cycle": 145475659,
    "end_sys_cycle": 146251544,
    "sys_cycles": 775885,
    "cpu_cycles": 387943,
    "ms": 7.75885,
    "device_wait_ms": 0.0,
    "service_ms": 7.75885,
    "budget_ms": 500,
    "margin_ms": 492.24115,
    "command_index": 52,
    "uart_bytes": 341,
    "uart_115200_ms": 29.600694444444443,
    "tick_calls": 1,
    "no_tick_sys_cycles": 676550,
    "no_tick_ms": 6.7655,
    "no_tick_start": 145574994,
    "no_tick_end": 146251544,
    "uart_tx_allowance_ms": 28.47222222222222,
    "period_bound_ms": 285.2377222222222,
    "period_bound_margin_ms": 214.7622777777778,
    "liveness_bound_margin_ms": 1714.7622777777779,
    "phy_publication_bound_ms": 161.66568222222222
  },
  {
    "duty": "milan_status",
    "start_sys_cycle": 146251545,
    "end_sys_cycle": 147027430,
    "sys_cycles": 775885,
    "cpu_cycles": 387943,
    "ms": 7.75885,
    "device_wait_ms": 0.0,
    "service_ms": 7.75885,
    "budget_ms": 500,
    "margin_ms": 492.24115,
    "command_index": 53,
    "uart_bytes": 341,
    "uart_115200_ms": 29.600694444444443,
    "tick_calls": 1,
    "no_tick_sys_cycles": 676550,
    "no_tick_ms": 6.7655,
    "no_tick_start": 146350880,
    "no_tick_end": 147027430,
    "uart_tx_allowance_ms": 28.47222222222222,
    "period_bound_ms": 285.2377222222222,
    "period_bound_margin_ms": 214.7622777777778,
    "liveness_bound_margin_ms": 1714.7622777777779,
    "phy_publication_bound_ms": 161.66568222222222
  },
  {
    "duty": "milan_status",
    "start_sys_cycle": 147027431,
    "end_sys_cycle": 147803378,
    "sys_cycles": 775947,
    "cpu_cycles": 387974,
    "ms": 7.75947,
    "device_wait_ms": 0.0,
    "service_ms": 7.75947,
    "budget_ms": 500,
    "margin_ms": 492.24053,
    "command_index": 54,
    "uart_bytes": 341,
    "uart_115200_ms": 29.600694444444443,
    "tick_calls": 1,
    "no_tick_sys_cycles": 676550,
    "no_tick_ms": 6.7655,
    "no_tick_start": 147126828,
    "no_tick_end": 147803378,
    "uart_tx_allowance_ms": 28.47222222222222,
    "period_bound_ms": 285.2377222222222,
    "period_bound_margin_ms": 214.7622777777778,
    "liveness_bound_margin_ms": 1714.7622777777779,
    "phy_publication_bound_ms": 161.66568222222222
  },
  {
    "duty": "milan_status",
    "start_sys_cycle": 147803379,
    "end_sys_cycle": 148579264,
    "sys_cycles": 775885,
    "cpu_cycles": 387943,
    "ms": 7.75885,
    "device_wait_ms": 0.0,
    "service_ms": 7.75885,
    "budget_ms": 500,
    "margin_ms": 492.24115,
    "command_index": 55,
    "uart_bytes": 341,
    "uart_115200_ms": 29.600694444444443,
    "tick_calls": 1,
    "no_tick_sys_cycles": 676550,
    "no_tick_ms": 6.7655,
    "no_tick_start": 147902714,
    "no_tick_end": 148579264,
    "uart_tx_allowance_ms": 28.47222222222222,
    "period_bound_ms": 285.2377222222222,
    "period_bound_margin_ms": 214.7622777777778,
    "liveness_bound_margin_ms": 1714.7622777777779,
    "phy_publication_bound_ms": 161.66568222222222
  },
  {
    "duty": "milan_status",
    "start_sys_cycle": 148579265,
    "end_sys_cycle": 149355150,
    "sys_cycles": 775885,
    "cpu_cycles": 387943,
    "ms": 7.75885,
    "device_wait_ms": 0.0,
    "service_ms": 7.75885,
    "budget_ms": 500,
    "margin_ms": 492.24115,
    "command_index": 56,
    "uart_bytes": 341,
    "uart_115200_ms": 29.600694444444443,
    "tick_calls": 1,
    "no_tick_sys_cycles": 676550,
    "no_tick_ms": 6.7655,
    "no_tick_start": 148678600,
    "no_tick_end": 149355150,
    "uart_tx_allowance_ms": 28.47222222222222,
    "period_bound_ms": 285.2377222222222,
    "period_bound_margin_ms": 214.7622777777778,
    "liveness_bound_margin_ms": 1714.7622777777779,
    "phy_publication_bound_ms": 161.66568222222222
  },
  {
    "duty": "milan_status",
    "start_sys_cycle": 149355151,
    "end_sys_cycle": 150131036,
    "sys_cycles": 775885,
    "cpu_cycles": 387943,
    "ms": 7.75885,
    "device_wait_ms": 0.0,
    "service_ms": 7.75885,
    "budget_ms": 500,
    "margin_ms": 492.24115,
    "command_index": 57,
    "uart_bytes": 341,
    "uart_115200_ms": 29.600694444444443,
    "tick_calls": 1,
    "no_tick_sys_cycles": 676550,
    "no_tick_ms": 6.7655,
    "no_tick_start": 149454486,
    "no_tick_end": 150131036,
    "uart_tx_allowance_ms": 28.47222222222222,
    "period_bound_ms": 285.2377222222222,
    "period_bound_margin_ms": 214.7622777777778,
    "liveness_bound_margin_ms": 1714.7622777777779,
    "phy_publication_bound_ms": 161.66568222222222
  },
  {
    "duty": "milan_status",
    "start_sys_cycle": 150131037,
    "end_sys_cycle": 150906922,
    "sys_cycles": 775885,
    "cpu_cycles": 387943,
    "ms": 7.75885,
    "device_wait_ms": 0.0,
    "service_ms": 7.75885,
    "budget_ms": 500,
    "margin_ms": 492.24115,
    "command_index": 58,
    "uart_bytes": 341,
    "uart_115200_ms": 29.600694444444443,
    "tick_calls": 1,
    "no_tick_sys_cycles": 676550,
    "no_tick_ms": 6.7655,
    "no_tick_start": 150230372,
    "no_tick_end": 150906922,
    "uart_tx_allowance_ms": 28.47222222222222,
    "period_bound_ms": 285.2377222222222,
    "period_bound_margin_ms": 214.7622777777778,
    "liveness_bound_margin_ms": 1714.7622777777779,
    "phy_publication_bound_ms": 161.66568222222222
  },
  {
    "duty": "milan_status",
    "start_sys_cycle": 150906923,
    "end_sys_cycle": 151682870,
    "sys_cycles": 775947,
    "cpu_cycles": 387974,
    "ms": 7.75947,
    "device_wait_ms": 0.0,
    "service_ms": 7.75947,
    "budget_ms": 500,
    "margin_ms": 492.24053,
    "command_index": 59,
    "uart_bytes": 341,
    "uart_115200_ms": 29.600694444444443,
    "tick_calls": 1,
    "no_tick_sys_cycles": 676550,
    "no_tick_ms": 6.7655,
    "no_tick_start": 151006320,
    "no_tick_end": 151682870,
    "uart_tx_allowance_ms": 28.47222222222222,
    "period_bound_ms": 285.2377222222222,
    "period_bound_margin_ms": 214.7622777777778,
    "liveness_bound_margin_ms": 1714.7622777777779,
    "phy_publication_bound_ms": 161.66568222222222
  },
  {
    "duty": "milan_status",
    "start_sys_cycle": 151682871,
    "end_sys_cycle": 152458756,
    "sys_cycles": 775885,
    "cpu_cycles": 387943,
    "ms": 7.75885,
    "device_wait_ms": 0.0,
    "service_ms": 7.75885,
    "budget_ms": 500,
    "margin_ms": 492.24115,
    "command_index": 60,
    "uart_bytes": 341,
    "uart_115200_ms": 29.600694444444443,
    "tick_calls": 1,
    "no_tick_sys_cycles": 676550,
    "no_tick_ms": 6.7655,
    "no_tick_start": 151782206,
    "no_tick_end": 152458756,
    "uart_tx_allowance_ms": 28.47222222222222,
    "period_bound_ms": 285.2377222222222,
    "period_bound_margin_ms": 214.7622777777778,
    "liveness_bound_margin_ms": 1714.7622777777779,
    "phy_publication_bound_ms": 161.66568222222222
  },
  {
    "duty": "milan_status",
    "start_sys_cycle": 152458757,
    "end_sys_cycle": 153234642,
    "sys_cycles": 775885,
    "cpu_cycles": 387943,
    "ms": 7.75885,
    "device_wait_ms": 0.0,
    "service_ms": 7.75885,
    "budget_ms": 500,
    "margin_ms": 492.24115,
    "command_index": 61,
    "uart_bytes": 341,
    "uart_115200_ms": 29.600694444444443,
    "tick_calls": 1,
    "no_tick_sys_cycles": 676550,
    "no_tick_ms": 6.7655,
    "no_tick_start": 152558092,
    "no_tick_end": 153234642,
    "uart_tx_allowance_ms": 28.47222222222222,
    "period_bound_ms": 285.2377222222222,
    "period_bound_margin_ms": 214.7622777777778,
    "liveness_bound_margin_ms": 1714.7622777777779,
    "phy_publication_bound_ms": 161.66568222222222
  },
  {
    "duty": "milan_status",
    "start_sys_cycle": 153234643,
    "end_sys_cycle": 154010528,
    "sys_cycles": 775885,
    "cpu_cycles": 387943,
    "ms": 7.75885,
    "device_wait_ms": 0.0,
    "service_ms": 7.75885,
    "budget_ms": 500,
    "margin_ms": 492.24115,
    "command_index": 62,
    "uart_bytes": 341,
    "uart_115200_ms": 29.600694444444443,
    "tick_calls": 1,
    "no_tick_sys_cycles": 676550,
    "no_tick_ms": 6.7655,
    "no_tick_start": 153333978,
    "no_tick_end": 154010528,
    "uart_tx_allowance_ms": 28.47222222222222,
    "period_bound_ms": 285.2377222222222,
    "period_bound_margin_ms": 214.7622777777778,
    "liveness_bound_margin_ms": 1714.7622777777779,
    "phy_publication_bound_ms": 161.66568222222222
  },
  {
    "duty": "milan_status",
    "start_sys_cycle": 154010529,
    "end_sys_cycle": 154786414,
    "sys_cycles": 775885,
    "cpu_cycles": 387943,
    "ms": 7.75885,
    "device_wait_ms": 0.0,
    "service_ms": 7.75885,
    "budget_ms": 500,
    "margin_ms": 492.24115,
    "command_index": 63,
    "uart_bytes": 341,
    "uart_115200_ms": 29.600694444444443,
    "tick_calls": 1,
    "no_tick_sys_cycles": 676550,
    "no_tick_ms": 6.7655,
    "no_tick_start": 154109864,
    "no_tick_end": 154786414,
    "uart_tx_allowance_ms": 28.47222222222222,
    "period_bound_ms": 285.2377222222222,
    "period_bound_margin_ms": 214.7622777777778,
    "liveness_bound_margin_ms": 1714.7622777777779,
    "phy_publication_bound_ms": 161.66568222222222
  },
  {
    "duty": "milan_status",
    "start_sys_cycle": 154786415,
    "end_sys_cycle": 155562362,
    "sys_cycles": 775947,
    "cpu_cycles": 387974,
    "ms": 7.75947,
    "device_wait_ms": 0.0,
    "service_ms": 7.75947,
    "budget_ms": 500,
    "margin_ms": 492.24053,
    "command_index": 64,
    "uart_bytes": 341,
    "uart_115200_ms": 29.600694444444443,
    "tick_calls": 1,
    "no_tick_sys_cycles": 676550,
    "no_tick_ms": 6.7655,
    "no_tick_start": 154885812,
    "no_tick_end": 155562362,
    "uart_tx_allowance_ms": 28.47222222222222,
    "period_bound_ms": 285.2377222222222,
    "period_bound_margin_ms": 214.7622777777778,
    "liveness_bound_margin_ms": 1714.7622777777779,
    "phy_publication_bound_ms": 161.66568222222222
  },
  {
    "duty": "milan_status",
    "start_sys_cycle": 155562363,
    "end_sys_cycle": 156338248,
    "sys_cycles": 775885,
    "cpu_cycles": 387943,
    "ms": 7.75885,
    "device_wait_ms": 0.0,
    "service_ms": 7.75885,
    "budget_ms": 500,
    "margin_ms": 492.24115,
    "command_index": 65,
    "uart_bytes": 341,
    "uart_115200_ms": 29.600694444444443,
    "tick_calls": 1,
    "no_tick_sys_cycles": 676550,
    "no_tick_ms": 6.7655,
    "no_tick_start": 155661698,
    "no_tick_end": 156338248,
    "uart_tx_allowance_ms": 28.47222222222222,
    "period_bound_ms": 285.2377222222222,
    "period_bound_margin_ms": 214.7622777777778,
    "liveness_bound_margin_ms": 1714.7622777777779,
    "phy_publication_bound_ms": 161.66568222222222
  },
  {
    "duty": "milan_status",
    "start_sys_cycle": 156338249,
    "end_sys_cycle": 157114134,
    "sys_cycles": 775885,
    "cpu_cycles": 387943,
    "ms": 7.75885,
    "device_wait_ms": 0.0,
    "service_ms": 7.75885,
    "budget_ms": 500,
    "margin_ms": 492.24115,
    "command_index": 66,
    "uart_bytes": 341,
    "uart_115200_ms": 29.600694444444443,
    "tick_calls": 1,
    "no_tick_sys_cycles": 676550,
    "no_tick_ms": 6.7655,
    "no_tick_start": 156437584,
    "no_tick_end": 157114134,
    "uart_tx_allowance_ms": 28.47222222222222,
    "period_bound_ms": 285.2377222222222,
    "period_bound_margin_ms": 214.7622777777778,
    "liveness_bound_margin_ms": 1714.7622777777779,
    "phy_publication_bound_ms": 161.66568222222222
  },
  {
    "duty": "milan_status",
    "start_sys_cycle": 157114135,
    "end_sys_cycle": 157890020,
    "sys_cycles": 775885,
    "cpu_cycles": 387943,
    "ms": 7.75885,
    "device_wait_ms": 0.0,
    "service_ms": 7.75885,
    "budget_ms": 500,
    "margin_ms": 492.24115,
    "command_index": 67,
    "uart_bytes": 341,
    "uart_115200_ms": 29.600694444444443,
    "tick_calls": 1,
    "no_tick_sys_cycles": 676550,
    "no_tick_ms": 6.7655,
    "no_tick_start": 157213470,
    "no_tick_end": 157890020,
    "uart_tx_allowance_ms": 28.47222222222222,
    "period_bound_ms": 285.2377222222222,
    "period_bound_margin_ms": 214.7622777777778,
    "liveness_bound_margin_ms": 1714.7622777777779,
    "phy_publication_bound_ms": 161.66568222222222
  },
  {
    "duty": "milan_status",
    "start_sys_cycle": 157890021,
    "end_sys_cycle": 158684368,
    "sys_cycles": 794347,
    "cpu_cycles": 397174,
    "ms": 7.94347,
    "device_wait_ms": 0.0,
    "service_ms": 7.94347,
    "budget_ms": 500,
    "margin_ms": 492.05653,
    "command_index": 68,
    "uart_bytes": 341,
    "uart_115200_ms": 29.600694444444443,
    "tick_calls": 1,
    "no_tick_sys_cycles": 695012,
    "no_tick_ms": 6.95012,
    "no_tick_start": 157989356,
    "no_tick_end": 158684368,
    "uart_tx_allowance_ms": 28.47222222222222,
    "period_bound_ms": 285.42234222222226,
    "period_bound_margin_ms": 214.57765777777774,
    "liveness_bound_margin_ms": 1714.5776577777779,
    "phy_publication_bound_ms": 161.85030222222227
  },
  {
    "duty": "milan_status",
    "start_sys_cycle": 158684369,
    "end_sys_cycle": 159460316,
    "sys_cycles": 775947,
    "cpu_cycles": 387974,
    "ms": 7.75947,
    "device_wait_ms": 0.0,
    "service_ms": 7.75947,
    "budget_ms": 500,
    "margin_ms": 492.24053,
    "command_index": 69,
    "uart_bytes": 341,
    "uart_115200_ms": 29.600694444444443,
    "tick_calls": 1,
    "no_tick_sys_cycles": 676550,
    "no_tick_ms": 6.7655,
    "no_tick_start": 158783766,
    "no_tick_end": 159460316,
    "uart_tx_allowance_ms": 28.47222222222222,
    "period_bound_ms": 285.2377222222222,
    "period_bound_margin_ms": 214.7622777777778,
    "liveness_bound_margin_ms": 1714.7622777777779,
    "phy_publication_bound_ms": 161.66568222222222
  },
  {
    "duty": "milan_status",
    "start_sys_cycle": 159460317,
    "end_sys_cycle": 160236202,
    "sys_cycles": 775885,
    "cpu_cycles": 387943,
    "ms": 7.75885,
    "device_wait_ms": 0.0,
    "service_ms": 7.75885,
    "budget_ms": 500,
    "margin_ms": 492.24115,
    "command_index": 70,
    "uart_bytes": 341,
    "uart_115200_ms": 29.600694444444443,
    "tick_calls": 1,
    "no_tick_sys_cycles": 676550,
    "no_tick_ms": 6.7655,
    "no_tick_start": 159559652,
    "no_tick_end": 160236202,
    "uart_tx_allowance_ms": 28.47222222222222,
    "period_bound_ms": 285.2377222222222,
    "period_bound_margin_ms": 214.7622777777778,
    "liveness_bound_margin_ms": 1714.7622777777779,
    "phy_publication_bound_ms": 161.66568222222222
  },
  {
    "duty": "milan_status",
    "start_sys_cycle": 160236203,
    "end_sys_cycle": 161012088,
    "sys_cycles": 775885,
    "cpu_cycles": 387943,
    "ms": 7.75885,
    "device_wait_ms": 0.0,
    "service_ms": 7.75885,
    "budget_ms": 500,
    "margin_ms": 492.24115,
    "command_index": 71,
    "uart_bytes": 341,
    "uart_115200_ms": 29.600694444444443,
    "tick_calls": 1,
    "no_tick_sys_cycles": 676550,
    "no_tick_ms": 6.7655,
    "no_tick_start": 160335538,
    "no_tick_end": 161012088,
    "uart_tx_allowance_ms": 28.47222222222222,
    "period_bound_ms": 285.2377222222222,
    "period_bound_margin_ms": 214.7622777777778,
    "liveness_bound_margin_ms": 1714.7622777777779,
    "phy_publication_bound_ms": 161.66568222222222
  },
  {
    "duty": "milan_status",
    "start_sys_cycle": 161012089,
    "end_sys_cycle": 161787974,
    "sys_cycles": 775885,
    "cpu_cycles": 387943,
    "ms": 7.75885,
    "device_wait_ms": 0.0,
    "service_ms": 7.75885,
    "budget_ms": 500,
    "margin_ms": 492.24115,
    "command_index": 72,
    "uart_bytes": 341,
    "uart_115200_ms": 29.600694444444443,
    "tick_calls": 1,
    "no_tick_sys_cycles": 676550,
    "no_tick_ms": 6.7655,
    "no_tick_start": 161111424,
    "no_tick_end": 161787974,
    "uart_tx_allowance_ms": 28.47222222222222,
    "period_bound_ms": 285.2377222222222,
    "period_bound_margin_ms": 214.7622777777778,
    "liveness_bound_margin_ms": 1714.7622777777779,
    "phy_publication_bound_ms": 161.66568222222222
  },
  {
    "duty": "milan_status",
    "start_sys_cycle": 161787975,
    "end_sys_cycle": 162563860,
    "sys_cycles": 775885,
    "cpu_cycles": 387943,
    "ms": 7.75885,
    "device_wait_ms": 0.0,
    "service_ms": 7.75885,
    "budget_ms": 500,
    "margin_ms": 492.24115,
    "command_index": 73,
    "uart_bytes": 341,
    "uart_115200_ms": 29.600694444444443,
    "tick_calls": 1,
    "no_tick_sys_cycles": 676550,
    "no_tick_ms": 6.7655,
    "no_tick_start": 161887310,
    "no_tick_end": 162563860,
    "uart_tx_allowance_ms": 28.47222222222222,
    "period_bound_ms": 285.2377222222222,
    "period_bound_margin_ms": 214.7622777777778,
    "liveness_bound_margin_ms": 1714.7622777777779,
    "phy_publication_bound_ms": 161.66568222222222
  },
  {
    "duty": "milan_status",
    "start_sys_cycle": 162563861,
    "end_sys_cycle": 163339808,
    "sys_cycles": 775947,
    "cpu_cycles": 387974,
    "ms": 7.75947,
    "device_wait_ms": 0.0,
    "service_ms": 7.75947,
    "budget_ms": 500,
    "margin_ms": 492.24053,
    "command_index": 74,
    "uart_bytes": 341,
    "uart_115200_ms": 29.600694444444443,
    "tick_calls": 1,
    "no_tick_sys_cycles": 676550,
    "no_tick_ms": 6.7655,
    "no_tick_start": 162663258,
    "no_tick_end": 163339808,
    "uart_tx_allowance_ms": 28.47222222222222,
    "period_bound_ms": 285.2377222222222,
    "period_bound_margin_ms": 214.7622777777778,
    "liveness_bound_margin_ms": 1714.7622777777779,
    "phy_publication_bound_ms": 161.66568222222222
  },
  {
    "duty": "milan_status",
    "start_sys_cycle": 163339809,
    "end_sys_cycle": 164115694,
    "sys_cycles": 775885,
    "cpu_cycles": 387943,
    "ms": 7.75885,
    "device_wait_ms": 0.0,
    "service_ms": 7.75885,
    "budget_ms": 500,
    "margin_ms": 492.24115,
    "command_index": 75,
    "uart_bytes": 341,
    "uart_115200_ms": 29.600694444444443,
    "tick_calls": 1,
    "no_tick_sys_cycles": 676550,
    "no_tick_ms": 6.7655,
    "no_tick_start": 163439144,
    "no_tick_end": 164115694,
    "uart_tx_allowance_ms": 28.47222222222222,
    "period_bound_ms": 285.2377222222222,
    "period_bound_margin_ms": 214.7622777777778,
    "liveness_bound_margin_ms": 1714.7622777777779,
    "phy_publication_bound_ms": 161.66568222222222
  },
  {
    "duty": "milan_status",
    "start_sys_cycle": 164115695,
    "end_sys_cycle": 164891580,
    "sys_cycles": 775885,
    "cpu_cycles": 387943,
    "ms": 7.75885,
    "device_wait_ms": 0.0,
    "service_ms": 7.75885,
    "budget_ms": 500,
    "margin_ms": 492.24115,
    "command_index": 76,
    "uart_bytes": 341,
    "uart_115200_ms": 29.600694444444443,
    "tick_calls": 1,
    "no_tick_sys_cycles": 676550,
    "no_tick_ms": 6.7655,
    "no_tick_start": 164215030,
    "no_tick_end": 164891580,
    "uart_tx_allowance_ms": 28.47222222222222,
    "period_bound_ms": 285.2377222222222,
    "period_bound_margin_ms": 214.7622777777778,
    "liveness_bound_margin_ms": 1714.7622777777779,
    "phy_publication_bound_ms": 161.66568222222222
  },
  {
    "duty": "milan_status",
    "start_sys_cycle": 164891581,
    "end_sys_cycle": 165667466,
    "sys_cycles": 775885,
    "cpu_cycles": 387943,
    "ms": 7.75885,
    "device_wait_ms": 0.0,
    "service_ms": 7.75885,
    "budget_ms": 500,
    "margin_ms": 492.24115,
    "command_index": 77,
    "uart_bytes": 341,
    "uart_115200_ms": 29.600694444444443,
    "tick_calls": 1,
    "no_tick_sys_cycles": 676550,
    "no_tick_ms": 6.7655,
    "no_tick_start": 164990916,
    "no_tick_end": 165667466,
    "uart_tx_allowance_ms": 28.47222222222222,
    "period_bound_ms": 285.2377222222222,
    "period_bound_margin_ms": 214.7622777777778,
    "liveness_bound_margin_ms": 1714.7622777777779,
    "phy_publication_bound_ms": 161.66568222222222
  },
  {
    "duty": "milan_status",
    "start_sys_cycle": 165667467,
    "end_sys_cycle": 166443352,
    "sys_cycles": 775885,
    "cpu_cycles": 387943,
    "ms": 7.75885,
    "device_wait_ms": 0.0,
    "service_ms": 7.75885,
    "budget_ms": 500,
    "margin_ms": 492.24115,
    "command_index": 78,
    "uart_bytes": 341,
    "uart_115200_ms": 29.600694444444443,
    "tick_calls": 1,
    "no_tick_sys_cycles": 676550,
    "no_tick_ms": 6.7655,
    "no_tick_start": 165766802,
    "no_tick_end": 166443352,
    "uart_tx_allowance_ms": 28.47222222222222,
    "period_bound_ms": 285.2377222222222,
    "period_bound_margin_ms": 214.7622777777778,
    "liveness_bound_margin_ms": 1714.7622777777779,
    "phy_publication_bound_ms": 161.66568222222222
  },
  {
    "duty": "milan_status",
    "start_sys_cycle": 166443353,
    "end_sys_cycle": 167219300,
    "sys_cycles": 775947,
    "cpu_cycles": 387974,
    "ms": 7.75947,
    "device_wait_ms": 0.0,
    "service_ms": 7.75947,
    "budget_ms": 500,
    "margin_ms": 492.24053,
    "command_index": 79,
    "uart_bytes": 341,
    "uart_115200_ms": 29.600694444444443,
    "tick_calls": 1,
    "no_tick_sys_cycles": 676550,
    "no_tick_ms": 6.7655,
    "no_tick_start": 166542750,
    "no_tick_end": 167219300,
    "uart_tx_allowance_ms": 28.47222222222222,
    "period_bound_ms": 285.2377222222222,
    "period_bound_margin_ms": 214.7622777777778,
    "liveness_bound_margin_ms": 1714.7622777777779,
    "phy_publication_bound_ms": 161.66568222222222
  },
  {
    "duty": "milan_status",
    "start_sys_cycle": 167219301,
    "end_sys_cycle": 167995186,
    "sys_cycles": 775885,
    "cpu_cycles": 387943,
    "ms": 7.75885,
    "device_wait_ms": 0.0,
    "service_ms": 7.75885,
    "budget_ms": 500,
    "margin_ms": 492.24115,
    "command_index": 80,
    "uart_bytes": 341,
    "uart_115200_ms": 29.600694444444443,
    "tick_calls": 1,
    "no_tick_sys_cycles": 676550,
    "no_tick_ms": 6.7655,
    "no_tick_start": 167318636,
    "no_tick_end": 167995186,
    "uart_tx_allowance_ms": 28.47222222222222,
    "period_bound_ms": 285.2377222222222,
    "period_bound_margin_ms": 214.7622777777778,
    "liveness_bound_margin_ms": 1714.7622777777779,
    "phy_publication_bound_ms": 161.66568222222222
  },
  {
    "duty": "milan_status",
    "start_sys_cycle": 167995187,
    "end_sys_cycle": 168771120,
    "sys_cycles": 775933,
    "cpu_cycles": 387967,
    "ms": 7.75933,
    "device_wait_ms": 0.0,
    "service_ms": 7.75933,
    "budget_ms": 500,
    "margin_ms": 492.24067,
    "command_index": 81,
    "uart_bytes": 341,
    "uart_115200_ms": 29.600694444444443,
    "tick_calls": 1,
    "no_tick_sys_cycles": 676598,
    "no_tick_ms": 6.76598,
    "no_tick_start": 168094522,
    "no_tick_end": 168771120,
    "uart_tx_allowance_ms": 28.47222222222222,
    "period_bound_ms": 285.23820222222224,
    "period_bound_margin_ms": 214.76179777777776,
    "liveness_bound_margin_ms": 1714.7617977777777,
    "phy_publication_bound_ms": 161.66616222222225
  },
  {
    "duty": "milan_status",
    "start_sys_cycle": 168771121,
    "end_sys_cycle": 169547006,
    "sys_cycles": 775885,
    "cpu_cycles": 387943,
    "ms": 7.75885,
    "device_wait_ms": 0.0,
    "service_ms": 7.75885,
    "budget_ms": 500,
    "margin_ms": 492.24115,
    "command_index": 82,
    "uart_bytes": 341,
    "uart_115200_ms": 29.600694444444443,
    "tick_calls": 1,
    "no_tick_sys_cycles": 676550,
    "no_tick_ms": 6.7655,
    "no_tick_start": 168870456,
    "no_tick_end": 169547006,
    "uart_tx_allowance_ms": 28.47222222222222,
    "period_bound_ms": 285.2377222222222,
    "period_bound_margin_ms": 214.7622777777778,
    "liveness_bound_margin_ms": 1714.7622777777779,
    "phy_publication_bound_ms": 161.66568222222222
  },
  {
    "duty": "milan_status",
    "start_sys_cycle": 169547007,
    "end_sys_cycle": 170322892,
    "sys_cycles": 775885,
    "cpu_cycles": 387943,
    "ms": 7.75885,
    "device_wait_ms": 0.0,
    "service_ms": 7.75885,
    "budget_ms": 500,
    "margin_ms": 492.24115,
    "command_index": 83,
    "uart_bytes": 341,
    "uart_115200_ms": 29.600694444444443,
    "tick_calls": 1,
    "no_tick_sys_cycles": 676550,
    "no_tick_ms": 6.7655,
    "no_tick_start": 169646342,
    "no_tick_end": 170322892,
    "uart_tx_allowance_ms": 28.47222222222222,
    "period_bound_ms": 285.2377222222222,
    "period_bound_margin_ms": 214.7622777777778,
    "liveness_bound_margin_ms": 1714.7622777777779,
    "phy_publication_bound_ms": 161.66568222222222
  },
  {
    "duty": "milan_status",
    "start_sys_cycle": 170322893,
    "end_sys_cycle": 171098840,
    "sys_cycles": 775947,
    "cpu_cycles": 387974,
    "ms": 7.75947,
    "device_wait_ms": 0.0,
    "service_ms": 7.75947,
    "budget_ms": 500,
    "margin_ms": 492.24053,
    "command_index": 84,
    "uart_bytes": 341,
    "uart_115200_ms": 29.600694444444443,
    "tick_calls": 1,
    "no_tick_sys_cycles": 676550,
    "no_tick_ms": 6.7655,
    "no_tick_start": 170422290,
    "no_tick_end": 171098840,
    "uart_tx_allowance_ms": 28.47222222222222,
    "period_bound_ms": 285.2377222222222,
    "period_bound_margin_ms": 214.7622777777778,
    "liveness_bound_margin_ms": 1714.7622777777779,
    "phy_publication_bound_ms": 161.66568222222222
  },
  {
    "duty": "milan_status",
    "start_sys_cycle": 171098841,
    "end_sys_cycle": 171893166,
    "sys_cycles": 794325,
    "cpu_cycles": 397163,
    "ms": 7.94325,
    "device_wait_ms": 0.0,
    "service_ms": 7.94325,
    "budget_ms": 500,
    "margin_ms": 492.05675,
    "command_index": 85,
    "uart_bytes": 341,
    "uart_115200_ms": 29.600694444444443,
    "tick_calls": 1,
    "no_tick_sys_cycles": 694990,
    "no_tick_ms": 6.9499,
    "no_tick_start": 171198176,
    "no_tick_end": 171893166,
    "uart_tx_allowance_ms": 28.47222222222222,
    "period_bound_ms": 285.42212222222224,
    "period_bound_margin_ms": 214.57787777777776,
    "liveness_bound_margin_ms": 1714.5778777777778,
    "phy_publication_bound_ms": 161.85008222222226
  },
  {
    "duty": "milan_status",
    "start_sys_cycle": 171893167,
    "end_sys_cycle": 172669052,
    "sys_cycles": 775885,
    "cpu_cycles": 387943,
    "ms": 7.75885,
    "device_wait_ms": 0.0,
    "service_ms": 7.75885,
    "budget_ms": 500,
    "margin_ms": 492.24115,
    "command_index": 86,
    "uart_bytes": 341,
    "uart_115200_ms": 29.600694444444443,
    "tick_calls": 1,
    "no_tick_sys_cycles": 676550,
    "no_tick_ms": 6.7655,
    "no_tick_start": 171992502,
    "no_tick_end": 172669052,
    "uart_tx_allowance_ms": 28.47222222222222,
    "period_bound_ms": 285.2377222222222,
    "period_bound_margin_ms": 214.7622777777778,
    "liveness_bound_margin_ms": 1714.7622777777779,
    "phy_publication_bound_ms": 161.66568222222222
  },
  {
    "duty": "milan_status",
    "start_sys_cycle": 172669053,
    "end_sys_cycle": 173444938,
    "sys_cycles": 775885,
    "cpu_cycles": 387943,
    "ms": 7.75885,
    "device_wait_ms": 0.0,
    "service_ms": 7.75885,
    "budget_ms": 500,
    "margin_ms": 492.24115,
    "command_index": 87,
    "uart_bytes": 341,
    "uart_115200_ms": 29.600694444444443,
    "tick_calls": 1,
    "no_tick_sys_cycles": 676550,
    "no_tick_ms": 6.7655,
    "no_tick_start": 172768388,
    "no_tick_end": 173444938,
    "uart_tx_allowance_ms": 28.47222222222222,
    "period_bound_ms": 285.2377222222222,
    "period_bound_margin_ms": 214.7622777777778,
    "liveness_bound_margin_ms": 1714.7622777777779,
    "phy_publication_bound_ms": 161.66568222222222
  },
  {
    "duty": "milan_status",
    "start_sys_cycle": 173444939,
    "end_sys_cycle": 174220824,
    "sys_cycles": 775885,
    "cpu_cycles": 387943,
    "ms": 7.75885,
    "device_wait_ms": 0.0,
    "service_ms": 7.75885,
    "budget_ms": 500,
    "margin_ms": 492.24115,
    "command_index": 88,
    "uart_bytes": 341,
    "uart_115200_ms": 29.600694444444443,
    "tick_calls": 1,
    "no_tick_sys_cycles": 676550,
    "no_tick_ms": 6.7655,
    "no_tick_start": 173544274,
    "no_tick_end": 174220824,
    "uart_tx_allowance_ms": 28.47222222222222,
    "period_bound_ms": 285.2377222222222,
    "period_bound_margin_ms": 214.7622777777778,
    "liveness_bound_margin_ms": 1714.7622777777779,
    "phy_publication_bound_ms": 161.66568222222222
  },
  {
    "duty": "milan_status",
    "start_sys_cycle": 174220825,
    "end_sys_cycle": 174996772,
    "sys_cycles": 775947,
    "cpu_cycles": 387974,
    "ms": 7.75947,
    "device_wait_ms": 0.0,
    "service_ms": 7.75947,
    "budget_ms": 500,
    "margin_ms": 492.24053,
    "command_index": 89,
    "uart_bytes": 341,
    "uart_115200_ms": 29.600694444444443,
    "tick_calls": 1,
    "no_tick_sys_cycles": 676550,
    "no_tick_ms": 6.7655,
    "no_tick_start": 174320222,
    "no_tick_end": 174996772,
    "uart_tx_allowance_ms": 28.47222222222222,
    "period_bound_ms": 285.2377222222222,
    "period_bound_margin_ms": 214.7622777777778,
    "liveness_bound_margin_ms": 1714.7622777777779,
    "phy_publication_bound_ms": 161.66568222222222
  },
  {
    "duty": "milan_status",
    "start_sys_cycle": 174996773,
    "end_sys_cycle": 175772658,
    "sys_cycles": 775885,
    "cpu_cycles": 387943,
    "ms": 7.75885,
    "device_wait_ms": 0.0,
    "service_ms": 7.75885,
    "budget_ms": 500,
    "margin_ms": 492.24115,
    "command_index": 90,
    "uart_bytes": 341,
    "uart_115200_ms": 29.600694444444443,
    "tick_calls": 1,
    "no_tick_sys_cycles": 676550,
    "no_tick_ms": 6.7655,
    "no_tick_start": 175096108,
    "no_tick_end": 175772658,
    "uart_tx_allowance_ms": 28.47222222222222,
    "period_bound_ms": 285.2377222222222,
    "period_bound_margin_ms": 214.7622777777778,
    "liveness_bound_margin_ms": 1714.7622777777779,
    "phy_publication_bound_ms": 161.66568222222222
  },
  {
    "duty": "milan_status",
    "start_sys_cycle": 175772659,
    "end_sys_cycle": 176548544,
    "sys_cycles": 775885,
    "cpu_cycles": 387943,
    "ms": 7.75885,
    "device_wait_ms": 0.0,
    "service_ms": 7.75885,
    "budget_ms": 500,
    "margin_ms": 492.24115,
    "command_index": 91,
    "uart_bytes": 341,
    "uart_115200_ms": 29.600694444444443,
    "tick_calls": 1,
    "no_tick_sys_cycles": 676550,
    "no_tick_ms": 6.7655,
    "no_tick_start": 175871994,
    "no_tick_end": 176548544,
    "uart_tx_allowance_ms": 28.47222222222222,
    "period_bound_ms": 285.2377222222222,
    "period_bound_margin_ms": 214.7622777777778,
    "liveness_bound_margin_ms": 1714.7622777777779,
    "phy_publication_bound_ms": 161.66568222222222
  },
  {
    "duty": "milan_status",
    "start_sys_cycle": 176548545,
    "end_sys_cycle": 177324430,
    "sys_cycles": 775885,
    "cpu_cycles": 387943,
    "ms": 7.75885,
    "device_wait_ms": 0.0,
    "service_ms": 7.75885,
    "budget_ms": 500,
    "margin_ms": 492.24115,
    "command_index": 92,
    "uart_bytes": 341,
    "uart_115200_ms": 29.600694444444443,
    "tick_calls": 1,
    "no_tick_sys_cycles": 676550,
    "no_tick_ms": 6.7655,
    "no_tick_start": 176647880,
    "no_tick_end": 177324430,
    "uart_tx_allowance_ms": 28.47222222222222,
    "period_bound_ms": 285.2377222222222,
    "period_bound_margin_ms": 214.7622777777778,
    "liveness_bound_margin_ms": 1714.7622777777779,
    "phy_publication_bound_ms": 161.66568222222222
  },
  {
    "duty": "milan_status",
    "start_sys_cycle": 177324431,
    "end_sys_cycle": 178100316,
    "sys_cycles": 775885,
    "cpu_cycles": 387943,
    "ms": 7.75885,
    "device_wait_ms": 0.0,
    "service_ms": 7.75885,
    "budget_ms": 500,
    "margin_ms": 492.24115,
    "command_index": 93,
    "uart_bytes": 341,
    "uart_115200_ms": 29.600694444444443,
    "tick_calls": 1,
    "no_tick_sys_cycles": 676550,
    "no_tick_ms": 6.7655,
    "no_tick_start": 177423766,
    "no_tick_end": 178100316,
    "uart_tx_allowance_ms": 28.47222222222222,
    "period_bound_ms": 285.2377222222222,
    "period_bound_margin_ms": 214.7622777777778,
    "liveness_bound_margin_ms": 1714.7622777777779,
    "phy_publication_bound_ms": 161.66568222222222
  },
  {
    "duty": "milan_status",
    "start_sys_cycle": 178100317,
    "end_sys_cycle": 178876264,
    "sys_cycles": 775947,
    "cpu_cycles": 387974,
    "ms": 7.75947,
    "device_wait_ms": 0.0,
    "service_ms": 7.75947,
    "budget_ms": 500,
    "margin_ms": 492.24053,
    "command_index": 94,
    "uart_bytes": 341,
    "uart_115200_ms": 29.600694444444443,
    "tick_calls": 1,
    "no_tick_sys_cycles": 676550,
    "no_tick_ms": 6.7655,
    "no_tick_start": 178199714,
    "no_tick_end": 178876264,
    "uart_tx_allowance_ms": 28.47222222222222,
    "period_bound_ms": 285.2377222222222,
    "period_bound_margin_ms": 214.7622777777778,
    "liveness_bound_margin_ms": 1714.7622777777779,
    "phy_publication_bound_ms": 161.66568222222222
  },
  {
    "duty": "milan_status",
    "start_sys_cycle": 178876265,
    "end_sys_cycle": 179652150,
    "sys_cycles": 775885,
    "cpu_cycles": 387943,
    "ms": 7.75885,
    "device_wait_ms": 0.0,
    "service_ms": 7.75885,
    "budget_ms": 500,
    "margin_ms": 492.24115,
    "command_index": 95,
    "uart_bytes": 341,
    "uart_115200_ms": 29.600694444444443,
    "tick_calls": 1,
    "no_tick_sys_cycles": 676550,
    "no_tick_ms": 6.7655,
    "no_tick_start": 178975600,
    "no_tick_end": 179652150,
    "uart_tx_allowance_ms": 28.47222222222222,
    "period_bound_ms": 285.2377222222222,
    "period_bound_margin_ms": 214.7622777777778,
    "liveness_bound_margin_ms": 1714.7622777777779,
    "phy_publication_bound_ms": 161.66568222222222
  },
  {
    "duty": "milan_status",
    "start_sys_cycle": 179652151,
    "end_sys_cycle": 180428036,
    "sys_cycles": 775885,
    "cpu_cycles": 387943,
    "ms": 7.75885,
    "device_wait_ms": 0.0,
    "service_ms": 7.75885,
    "budget_ms": 500,
    "margin_ms": 492.24115,
    "command_index": 96,
    "uart_bytes": 341,
    "uart_115200_ms": 29.600694444444443,
    "tick_calls": 1,
    "no_tick_sys_cycles": 676550,
    "no_tick_ms": 6.7655,
    "no_tick_start": 179751486,
    "no_tick_end": 180428036,
    "uart_tx_allowance_ms": 28.47222222222222,
    "period_bound_ms": 285.2377222222222,
    "period_bound_margin_ms": 214.7622777777778,
    "liveness_bound_margin_ms": 1714.7622777777779,
    "phy_publication_bound_ms": 161.66568222222222
  },
  {
    "duty": "milan_status",
    "start_sys_cycle": 180428037,
    "end_sys_cycle": 181203922,
    "sys_cycles": 775885,
    "cpu_cycles": 387943,
    "ms": 7.75885,
    "device_wait_ms": 0.0,
    "service_ms": 7.75885,
    "budget_ms": 500,
    "margin_ms": 492.24115,
    "command_index": 97,
    "uart_bytes": 341,
    "uart_115200_ms": 29.600694444444443,
    "tick_calls": 1,
    "no_tick_sys_cycles": 676550,
    "no_tick_ms": 6.7655,
    "no_tick_start": 180527372,
    "no_tick_end": 181203922,
    "uart_tx_allowance_ms": 28.47222222222222,
    "period_bound_ms": 285.2377222222222,
    "period_bound_margin_ms": 214.7622777777778,
    "liveness_bound_margin_ms": 1714.7622777777779,
    "phy_publication_bound_ms": 161.66568222222222
  },
  {
    "duty": "milan_status",
    "start_sys_cycle": 181203923,
    "end_sys_cycle": 181979808,
    "sys_cycles": 775885,
    "cpu_cycles": 387943,
    "ms": 7.75885,
    "device_wait_ms": 0.0,
    "service_ms": 7.75885,
    "budget_ms": 500,
    "margin_ms": 492.24115,
    "command_index": 98,
    "uart_bytes": 341,
    "uart_115200_ms": 29.600694444444443,
    "tick_calls": 1,
    "no_tick_sys_cycles": 676550,
    "no_tick_ms": 6.7655,
    "no_tick_start": 181303258,
    "no_tick_end": 181979808,
    "uart_tx_allowance_ms": 28.47222222222222,
    "period_bound_ms": 285.2377222222222,
    "period_bound_margin_ms": 214.7622777777778,
    "liveness_bound_margin_ms": 1714.7622777777779,
    "phy_publication_bound_ms": 161.66568222222222
  },
  {
    "duty": "milan_status",
    "start_sys_cycle": 181979809,
    "end_sys_cycle": 182755756,
    "sys_cycles": 775947,
    "cpu_cycles": 387974,
    "ms": 7.75947,
    "device_wait_ms": 0.0,
    "service_ms": 7.75947,
    "budget_ms": 500,
    "margin_ms": 492.24053,
    "command_index": 99,
    "uart_bytes": 341,
    "uart_115200_ms": 29.600694444444443,
    "tick_calls": 1,
    "no_tick_sys_cycles": 676550,
    "no_tick_ms": 6.7655,
    "no_tick_start": 182079206,
    "no_tick_end": 182755756,
    "uart_tx_allowance_ms": 28.47222222222222,
    "period_bound_ms": 285.2377222222222,
    "period_bound_margin_ms": 214.7622777777778,
    "liveness_bound_margin_ms": 1714.7622777777779,
    "phy_publication_bound_ms": 161.66568222222222
  },
  {
    "duty": "milan_status",
    "start_sys_cycle": 182755757,
    "end_sys_cycle": 183531642,
    "sys_cycles": 775885,
    "cpu_cycles": 387943,
    "ms": 7.75885,
    "device_wait_ms": 0.0,
    "service_ms": 7.75885,
    "budget_ms": 500,
    "margin_ms": 492.24115,
    "command_index": 100,
    "uart_bytes": 341,
    "uart_115200_ms": 29.600694444444443,
    "tick_calls": 1,
    "no_tick_sys_cycles": 676550,
    "no_tick_ms": 6.7655,
    "no_tick_start": 182855092,
    "no_tick_end": 183531642,
    "uart_tx_allowance_ms": 28.47222222222222,
    "period_bound_ms": 285.2377222222222,
    "period_bound_margin_ms": 214.7622777777778,
    "liveness_bound_margin_ms": 1714.7622777777779,
    "phy_publication_bound_ms": 161.66568222222222
  },
  {
    "duty": "milan_status",
    "start_sys_cycle": 183531643,
    "end_sys_cycle": 184307528,
    "sys_cycles": 775885,
    "cpu_cycles": 387943,
    "ms": 7.75885,
    "device_wait_ms": 0.0,
    "service_ms": 7.75885,
    "budget_ms": 500,
    "margin_ms": 492.24115,
    "command_index": 101,
    "uart_bytes": 341,
    "uart_115200_ms": 29.600694444444443,
    "tick_calls": 1,
    "no_tick_sys_cycles": 676550,
    "no_tick_ms": 6.7655,
    "no_tick_start": 183630978,
    "no_tick_end": 184307528,
    "uart_tx_allowance_ms": 28.47222222222222,
    "period_bound_ms": 285.2377222222222,
    "period_bound_margin_ms": 214.7622777777778,
    "liveness_bound_margin_ms": 1714.7622777777779,
    "phy_publication_bound_ms": 161.66568222222222
  },
  {
    "duty": "milan_status",
    "start_sys_cycle": 184307529,
    "end_sys_cycle": 185138184,
    "sys_cycles": 830655,
    "cpu_cycles": 415328,
    "ms": 8.30655,
    "device_wait_ms": 0.0,
    "service_ms": 8.30655,
    "budget_ms": 500,
    "margin_ms": 491.69345,
    "command_index": 102,
    "uart_bytes": 341,
    "uart_115200_ms": 29.600694444444443,
    "tick_calls": 1,
    "no_tick_sys_cycles": 731320,
    "no_tick_ms": 7.3132,
    "no_tick_start": 184406864,
    "no_tick_end": 185138184,
    "uart_tx_allowance_ms": 28.47222222222222,
    "period_bound_ms": 285.7854222222222,
    "period_bound_margin_ms": 214.21457777777778,
    "liveness_bound_margin_ms": 1714.2145777777778,
    "phy_publication_bound_ms": 162.21338222222224
  },
  {
    "duty": "milan_status",
    "start_sys_cycle": 185138185,
    "end_sys_cycle": 185914070,
    "sys_cycles": 775885,
    "cpu_cycles": 387943,
    "ms": 7.75885,
    "device_wait_ms": 0.0,
    "service_ms": 7.75885,
    "budget_ms": 500,
    "margin_ms": 492.24115,
    "command_index": 103,
    "uart_bytes": 341,
    "uart_115200_ms": 29.600694444444443,
    "tick_calls": 1,
    "no_tick_sys_cycles": 676550,
    "no_tick_ms": 6.7655,
    "no_tick_start": 185237520,
    "no_tick_end": 185914070,
    "uart_tx_allowance_ms": 28.47222222222222,
    "period_bound_ms": 285.2377222222222,
    "period_bound_margin_ms": 214.7622777777778,
    "liveness_bound_margin_ms": 1714.7622777777779,
    "phy_publication_bound_ms": 161.66568222222222
  },
  {
    "duty": "milan_status",
    "start_sys_cycle": 185914071,
    "end_sys_cycle": 186690018,
    "sys_cycles": 775947,
    "cpu_cycles": 387974,
    "ms": 7.75947,
    "device_wait_ms": 0.0,
    "service_ms": 7.75947,
    "budget_ms": 500,
    "margin_ms": 492.24053,
    "command_index": 104,
    "uart_bytes": 341,
    "uart_115200_ms": 29.600694444444443,
    "tick_calls": 1,
    "no_tick_sys_cycles": 676550,
    "no_tick_ms": 6.7655,
    "no_tick_start": 186013468,
    "no_tick_end": 186690018,
    "uart_tx_allowance_ms": 28.47222222222222,
    "period_bound_ms": 285.2377222222222,
    "period_bound_margin_ms": 214.7622777777778,
    "liveness_bound_margin_ms": 1714.7622777777779,
    "phy_publication_bound_ms": 161.66568222222222
  },
  {
    "duty": "milan_status",
    "start_sys_cycle": 186690019,
    "end_sys_cycle": 187465904,
    "sys_cycles": 775885,
    "cpu_cycles": 387943,
    "ms": 7.75885,
    "device_wait_ms": 0.0,
    "service_ms": 7.75885,
    "budget_ms": 500,
    "margin_ms": 492.24115,
    "command_index": 105,
    "uart_bytes": 341,
    "uart_115200_ms": 29.600694444444443,
    "tick_calls": 1,
    "no_tick_sys_cycles": 676550,
    "no_tick_ms": 6.7655,
    "no_tick_start": 186789354,
    "no_tick_end": 187465904,
    "uart_tx_allowance_ms": 28.47222222222222,
    "period_bound_ms": 285.2377222222222,
    "period_bound_margin_ms": 214.7622777777778,
    "liveness_bound_margin_ms": 1714.7622777777779,
    "phy_publication_bound_ms": 161.66568222222222
  },
  {
    "duty": "milan_status",
    "start_sys_cycle": 187465905,
    "end_sys_cycle": 188241790,
    "sys_cycles": 775885,
    "cpu_cycles": 387943,
    "ms": 7.75885,
    "device_wait_ms": 0.0,
    "service_ms": 7.75885,
    "budget_ms": 500,
    "margin_ms": 492.24115,
    "command_index": 106,
    "uart_bytes": 341,
    "uart_115200_ms": 29.600694444444443,
    "tick_calls": 1,
    "no_tick_sys_cycles": 676550,
    "no_tick_ms": 6.7655,
    "no_tick_start": 187565240,
    "no_tick_end": 188241790,
    "uart_tx_allowance_ms": 28.47222222222222,
    "period_bound_ms": 285.2377222222222,
    "period_bound_margin_ms": 214.7622777777778,
    "liveness_bound_margin_ms": 1714.7622777777779,
    "phy_publication_bound_ms": 161.66568222222222
  },
  {
    "duty": "milan_status",
    "start_sys_cycle": 188241791,
    "end_sys_cycle": 189017676,
    "sys_cycles": 775885,
    "cpu_cycles": 387943,
    "ms": 7.75885,
    "device_wait_ms": 0.0,
    "service_ms": 7.75885,
    "budget_ms": 500,
    "margin_ms": 492.24115,
    "command_index": 107,
    "uart_bytes": 341,
    "uart_115200_ms": 29.600694444444443,
    "tick_calls": 1,
    "no_tick_sys_cycles": 676550,
    "no_tick_ms": 6.7655,
    "no_tick_start": 188341126,
    "no_tick_end": 189017676,
    "uart_tx_allowance_ms": 28.47222222222222,
    "period_bound_ms": 285.2377222222222,
    "period_bound_margin_ms": 214.7622777777778,
    "liveness_bound_margin_ms": 1714.7622777777779,
    "phy_publication_bound_ms": 161.66568222222222
  },
  {
    "duty": "milan_status",
    "start_sys_cycle": 189017677,
    "end_sys_cycle": 189793562,
    "sys_cycles": 775885,
    "cpu_cycles": 387943,
    "ms": 7.75885,
    "device_wait_ms": 0.0,
    "service_ms": 7.75885,
    "budget_ms": 500,
    "margin_ms": 492.24115,
    "command_index": 108,
    "uart_bytes": 341,
    "uart_115200_ms": 29.600694444444443,
    "tick_calls": 1,
    "no_tick_sys_cycles": 676550,
    "no_tick_ms": 6.7655,
    "no_tick_start": 189117012,
    "no_tick_end": 189793562,
    "uart_tx_allowance_ms": 28.47222222222222,
    "period_bound_ms": 285.2377222222222,
    "period_bound_margin_ms": 214.7622777777778,
    "liveness_bound_margin_ms": 1714.7622777777779,
    "phy_publication_bound_ms": 161.66568222222222
  },
  {
    "duty": "milan_status",
    "start_sys_cycle": 189793563,
    "end_sys_cycle": 190569510,
    "sys_cycles": 775947,
    "cpu_cycles": 387974,
    "ms": 7.75947,
    "device_wait_ms": 0.0,
    "service_ms": 7.75947,
    "budget_ms": 500,
    "margin_ms": 492.24053,
    "command_index": 109,
    "uart_bytes": 341,
    "uart_115200_ms": 29.600694444444443,
    "tick_calls": 1,
    "no_tick_sys_cycles": 676550,
    "no_tick_ms": 6.7655,
    "no_tick_start": 189892960,
    "no_tick_end": 190569510,
    "uart_tx_allowance_ms": 28.47222222222222,
    "period_bound_ms": 285.2377222222222,
    "period_bound_margin_ms": 214.7622777777778,
    "liveness_bound_margin_ms": 1714.7622777777779,
    "phy_publication_bound_ms": 161.66568222222222
  },
  {
    "duty": "milan_status",
    "start_sys_cycle": 190569511,
    "end_sys_cycle": 191345396,
    "sys_cycles": 775885,
    "cpu_cycles": 387943,
    "ms": 7.75885,
    "device_wait_ms": 0.0,
    "service_ms": 7.75885,
    "budget_ms": 500,
    "margin_ms": 492.24115,
    "command_index": 110,
    "uart_bytes": 341,
    "uart_115200_ms": 29.600694444444443,
    "tick_calls": 1,
    "no_tick_sys_cycles": 676550,
    "no_tick_ms": 6.7655,
    "no_tick_start": 190668846,
    "no_tick_end": 191345396,
    "uart_tx_allowance_ms": 28.47222222222222,
    "period_bound_ms": 285.2377222222222,
    "period_bound_margin_ms": 214.7622777777778,
    "liveness_bound_margin_ms": 1714.7622777777779,
    "phy_publication_bound_ms": 161.66568222222222
  },
  {
    "duty": "milan_status",
    "start_sys_cycle": 191345397,
    "end_sys_cycle": 192121282,
    "sys_cycles": 775885,
    "cpu_cycles": 387943,
    "ms": 7.75885,
    "device_wait_ms": 0.0,
    "service_ms": 7.75885,
    "budget_ms": 500,
    "margin_ms": 492.24115,
    "command_index": 111,
    "uart_bytes": 341,
    "uart_115200_ms": 29.600694444444443,
    "tick_calls": 1,
    "no_tick_sys_cycles": 676550,
    "no_tick_ms": 6.7655,
    "no_tick_start": 191444732,
    "no_tick_end": 192121282,
    "uart_tx_allowance_ms": 28.47222222222222,
    "period_bound_ms": 285.2377222222222,
    "period_bound_margin_ms": 214.7622777777778,
    "liveness_bound_margin_ms": 1714.7622777777779,
    "phy_publication_bound_ms": 161.66568222222222
  },
  {
    "duty": "milan_status",
    "start_sys_cycle": 192121283,
    "end_sys_cycle": 192897168,
    "sys_cycles": 775885,
    "cpu_cycles": 387943,
    "ms": 7.75885,
    "device_wait_ms": 0.0,
    "service_ms": 7.75885,
    "budget_ms": 500,
    "margin_ms": 492.24115,
    "command_index": 112,
    "uart_bytes": 341,
    "uart_115200_ms": 29.600694444444443,
    "tick_calls": 1,
    "no_tick_sys_cycles": 676550,
    "no_tick_ms": 6.7655,
    "no_tick_start": 192220618,
    "no_tick_end": 192897168,
    "uart_tx_allowance_ms": 28.47222222222222,
    "period_bound_ms": 285.2377222222222,
    "period_bound_margin_ms": 214.7622777777778,
    "liveness_bound_margin_ms": 1714.7622777777779,
    "phy_publication_bound_ms": 161.66568222222222
  },
  {
    "duty": "milan_status",
    "start_sys_cycle": 192897169,
    "end_sys_cycle": 193673054,
    "sys_cycles": 775885,
    "cpu_cycles": 387943,
    "ms": 7.75885,
    "device_wait_ms": 0.0,
    "service_ms": 7.75885,
    "budget_ms": 500,
    "margin_ms": 492.24115,
    "command_index": 113,
    "uart_bytes": 341,
    "uart_115200_ms": 29.600694444444443,
    "tick_calls": 1,
    "no_tick_sys_cycles": 676550,
    "no_tick_ms": 6.7655,
    "no_tick_start": 192996504,
    "no_tick_end": 193673054,
    "uart_tx_allowance_ms": 28.47222222222222,
    "period_bound_ms": 285.2377222222222,
    "period_bound_margin_ms": 214.7622777777778,
    "liveness_bound_margin_ms": 1714.7622777777779,
    "phy_publication_bound_ms": 161.66568222222222
  },
  {
    "duty": "milan_status",
    "start_sys_cycle": 193673055,
    "end_sys_cycle": 194449050,
    "sys_cycles": 775995,
    "cpu_cycles": 387998,
    "ms": 7.75995,
    "device_wait_ms": 0.0,
    "service_ms": 7.75995,
    "budget_ms": 500,
    "margin_ms": 492.24005,
    "command_index": 114,
    "uart_bytes": 341,
    "uart_115200_ms": 29.600694444444443,
    "tick_calls": 1,
    "no_tick_sys_cycles": 676598,
    "no_tick_ms": 6.76598,
    "no_tick_start": 193772452,
    "no_tick_end": 194449050,
    "uart_tx_allowance_ms": 28.47222222222222,
    "period_bound_ms": 285.23820222222224,
    "period_bound_margin_ms": 214.76179777777776,
    "liveness_bound_margin_ms": 1714.7617977777777,
    "phy_publication_bound_ms": 161.66616222222225
  },
  {
    "duty": "milan_status",
    "start_sys_cycle": 194449051,
    "end_sys_cycle": 195224936,
    "sys_cycles": 775885,
    "cpu_cycles": 387943,
    "ms": 7.75885,
    "device_wait_ms": 0.0,
    "service_ms": 7.75885,
    "budget_ms": 500,
    "margin_ms": 492.24115,
    "command_index": 115,
    "uart_bytes": 341,
    "uart_115200_ms": 29.600694444444443,
    "tick_calls": 1,
    "no_tick_sys_cycles": 676550,
    "no_tick_ms": 6.7655,
    "no_tick_start": 194548386,
    "no_tick_end": 195224936,
    "uart_tx_allowance_ms": 28.47222222222222,
    "period_bound_ms": 285.2377222222222,
    "period_bound_margin_ms": 214.7622777777778,
    "liveness_bound_margin_ms": 1714.7622777777779,
    "phy_publication_bound_ms": 161.66568222222222
  },
  {
    "duty": "milan_status",
    "start_sys_cycle": 195224937,
    "end_sys_cycle": 196000822,
    "sys_cycles": 775885,
    "cpu_cycles": 387943,
    "ms": 7.75885,
    "device_wait_ms": 0.0,
    "service_ms": 7.75885,
    "budget_ms": 500,
    "margin_ms": 492.24115,
    "command_index": 116,
    "uart_bytes": 341,
    "uart_115200_ms": 29.600694444444443,
    "tick_calls": 1,
    "no_tick_sys_cycles": 676550,
    "no_tick_ms": 6.7655,
    "no_tick_start": 195324272,
    "no_tick_end": 196000822,
    "uart_tx_allowance_ms": 28.47222222222222,
    "period_bound_ms": 285.2377222222222,
    "period_bound_margin_ms": 214.7622777777778,
    "liveness_bound_margin_ms": 1714.7622777777779,
    "phy_publication_bound_ms": 161.66568222222222
  },
  {
    "duty": "milan_status",
    "start_sys_cycle": 196000823,
    "end_sys_cycle": 196776708,
    "sys_cycles": 775885,
    "cpu_cycles": 387943,
    "ms": 7.75885,
    "device_wait_ms": 0.0,
    "service_ms": 7.75885,
    "budget_ms": 500,
    "margin_ms": 492.24115,
    "command_index": 117,
    "uart_bytes": 341,
    "uart_115200_ms": 29.600694444444443,
    "tick_calls": 1,
    "no_tick_sys_cycles": 676550,
    "no_tick_ms": 6.7655,
    "no_tick_start": 196100158,
    "no_tick_end": 196776708,
    "uart_tx_allowance_ms": 28.47222222222222,
    "period_bound_ms": 285.2377222222222,
    "period_bound_margin_ms": 214.7622777777778,
    "liveness_bound_margin_ms": 1714.7622777777779,
    "phy_publication_bound_ms": 161.66568222222222
  },
  {
    "duty": "milan_status",
    "start_sys_cycle": 196776709,
    "end_sys_cycle": 197552594,
    "sys_cycles": 775885,
    "cpu_cycles": 387943,
    "ms": 7.75885,
    "device_wait_ms": 0.0,
    "service_ms": 7.75885,
    "budget_ms": 500,
    "margin_ms": 492.24115,
    "command_index": 118,
    "uart_bytes": 341,
    "uart_115200_ms": 29.600694444444443,
    "tick_calls": 1,
    "no_tick_sys_cycles": 676550,
    "no_tick_ms": 6.7655,
    "no_tick_start": 196876044,
    "no_tick_end": 197552594,
    "uart_tx_allowance_ms": 28.47222222222222,
    "period_bound_ms": 285.2377222222222,
    "period_bound_margin_ms": 214.7622777777778,
    "liveness_bound_margin_ms": 1714.7622777777779,
    "phy_publication_bound_ms": 161.66568222222222
  },
  {
    "duty": "milan_status",
    "start_sys_cycle": 197552595,
    "end_sys_cycle": 198374262,
    "sys_cycles": 821667,
    "cpu_cycles": 410834,
    "ms": 8.21667,
    "device_wait_ms": 0.0,
    "service_ms": 8.21667,
    "budget_ms": 500,
    "margin_ms": 491.78333,
    "command_index": 119,
    "uart_bytes": 341,
    "uart_115200_ms": 29.600694444444443,
    "tick_calls": 1,
    "no_tick_sys_cycles": 722270,
    "no_tick_ms": 7.2227,
    "no_tick_start": 197651992,
    "no_tick_end": 198374262,
    "uart_tx_allowance_ms": 28.47222222222222,
    "period_bound_ms": 285.6949222222222,
    "period_bound_margin_ms": 214.3050777777778,
    "liveness_bound_margin_ms": 1714.3050777777778,
    "phy_publication_bound_ms": 162.12288222222222
  },
  {
    "duty": "milan_status",
    "start_sys_cycle": 198374263,
    "end_sys_cycle": 199150148,
    "sys_cycles": 775885,
    "cpu_cycles": 387943,
    "ms": 7.75885,
    "device_wait_ms": 0.0,
    "service_ms": 7.75885,
    "budget_ms": 500,
    "margin_ms": 492.24115,
    "command_index": 120,
    "uart_bytes": 341,
    "uart_115200_ms": 29.600694444444443,
    "tick_calls": 1,
    "no_tick_sys_cycles": 676550,
    "no_tick_ms": 6.7655,
    "no_tick_start": 198473598,
    "no_tick_end": 199150148,
    "uart_tx_allowance_ms": 28.47222222222222,
    "period_bound_ms": 285.2377222222222,
    "period_bound_margin_ms": 214.7622777777778,
    "liveness_bound_margin_ms": 1714.7622777777779,
    "phy_publication_bound_ms": 161.66568222222222
  },
  {
    "duty": "milan_status",
    "start_sys_cycle": 199150149,
    "end_sys_cycle": 199926034,
    "sys_cycles": 775885,
    "cpu_cycles": 387943,
    "ms": 7.75885,
    "device_wait_ms": 0.0,
    "service_ms": 7.75885,
    "budget_ms": 500,
    "margin_ms": 492.24115,
    "command_index": 121,
    "uart_bytes": 341,
    "uart_115200_ms": 29.600694444444443,
    "tick_calls": 1,
    "no_tick_sys_cycles": 676550,
    "no_tick_ms": 6.7655,
    "no_tick_start": 199249484,
    "no_tick_end": 199926034,
    "uart_tx_allowance_ms": 28.47222222222222,
    "period_bound_ms": 285.2377222222222,
    "period_bound_margin_ms": 214.7622777777778,
    "liveness_bound_margin_ms": 1714.7622777777779,
    "phy_publication_bound_ms": 161.66568222222222
  },
  {
    "duty": "milan_status",
    "start_sys_cycle": 199926035,
    "end_sys_cycle": 200701920,
    "sys_cycles": 775885,
    "cpu_cycles": 387943,
    "ms": 7.75885,
    "device_wait_ms": 0.0,
    "service_ms": 7.75885,
    "budget_ms": 500,
    "margin_ms": 492.24115,
    "command_index": 122,
    "uart_bytes": 341,
    "uart_115200_ms": 29.600694444444443,
    "tick_calls": 1,
    "no_tick_sys_cycles": 676550,
    "no_tick_ms": 6.7655,
    "no_tick_start": 200025370,
    "no_tick_end": 200701920,
    "uart_tx_allowance_ms": 28.47222222222222,
    "period_bound_ms": 285.2377222222222,
    "period_bound_margin_ms": 214.7622777777778,
    "liveness_bound_margin_ms": 1714.7622777777779,
    "phy_publication_bound_ms": 161.66568222222222
  },
  {
    "duty": "milan_status",
    "start_sys_cycle": 200701921,
    "end_sys_cycle": 201477806,
    "sys_cycles": 775885,
    "cpu_cycles": 387943,
    "ms": 7.75885,
    "device_wait_ms": 0.0,
    "service_ms": 7.75885,
    "budget_ms": 500,
    "margin_ms": 492.24115,
    "command_index": 123,
    "uart_bytes": 341,
    "uart_115200_ms": 29.600694444444443,
    "tick_calls": 1,
    "no_tick_sys_cycles": 676550,
    "no_tick_ms": 6.7655,
    "no_tick_start": 200801256,
    "no_tick_end": 201477806,
    "uart_tx_allowance_ms": 28.47222222222222,
    "period_bound_ms": 285.2377222222222,
    "period_bound_margin_ms": 214.7622777777778,
    "liveness_bound_margin_ms": 1714.7622777777779,
    "phy_publication_bound_ms": 161.66568222222222
  },
  {
    "duty": "milan_status",
    "start_sys_cycle": 201477807,
    "end_sys_cycle": 202253754,
    "sys_cycles": 775947,
    "cpu_cycles": 387974,
    "ms": 7.75947,
    "device_wait_ms": 0.0,
    "service_ms": 7.75947,
    "budget_ms": 500,
    "margin_ms": 492.24053,
    "command_index": 124,
    "uart_bytes": 341,
    "uart_115200_ms": 29.600694444444443,
    "tick_calls": 1,
    "no_tick_sys_cycles": 676550,
    "no_tick_ms": 6.7655,
    "no_tick_start": 201577204,
    "no_tick_end": 202253754,
    "uart_tx_allowance_ms": 28.47222222222222,
    "period_bound_ms": 285.2377222222222,
    "period_bound_margin_ms": 214.7622777777778,
    "liveness_bound_margin_ms": 1714.7622777777779,
    "phy_publication_bound_ms": 161.66568222222222
  },
  {
    "duty": "milan_status",
    "start_sys_cycle": 202253755,
    "end_sys_cycle": 203029640,
    "sys_cycles": 775885,
    "cpu_cycles": 387943,
    "ms": 7.75885,
    "device_wait_ms": 0.0,
    "service_ms": 7.75885,
    "budget_ms": 500,
    "margin_ms": 492.24115,
    "command_index": 125,
    "uart_bytes": 341,
    "uart_115200_ms": 29.600694444444443,
    "tick_calls": 1,
    "no_tick_sys_cycles": 676550,
    "no_tick_ms": 6.7655,
    "no_tick_start": 202353090,
    "no_tick_end": 203029640,
    "uart_tx_allowance_ms": 28.47222222222222,
    "period_bound_ms": 285.2377222222222,
    "period_bound_margin_ms": 214.7622777777778,
    "liveness_bound_margin_ms": 1714.7622777777779,
    "phy_publication_bound_ms": 161.66568222222222
  },
  {
    "duty": "milan_status",
    "start_sys_cycle": 203029641,
    "end_sys_cycle": 203805526,
    "sys_cycles": 775885,
    "cpu_cycles": 387943,
    "ms": 7.75885,
    "device_wait_ms": 0.0,
    "service_ms": 7.75885,
    "budget_ms": 500,
    "margin_ms": 492.24115,
    "command_index": 126,
    "uart_bytes": 341,
    "uart_115200_ms": 29.600694444444443,
    "tick_calls": 1,
    "no_tick_sys_cycles": 676550,
    "no_tick_ms": 6.7655,
    "no_tick_start": 203128976,
    "no_tick_end": 203805526,
    "uart_tx_allowance_ms": 28.47222222222222,
    "period_bound_ms": 285.2377222222222,
    "period_bound_margin_ms": 214.7622777777778,
    "liveness_bound_margin_ms": 1714.7622777777779,
    "phy_publication_bound_ms": 161.66568222222222
  },
  {
    "duty": "milan_status",
    "start_sys_cycle": 203805527,
    "end_sys_cycle": 204581412,
    "sys_cycles": 775885,
    "cpu_cycles": 387943,
    "ms": 7.75885,
    "device_wait_ms": 0.0,
    "service_ms": 7.75885,
    "budget_ms": 500,
    "margin_ms": 492.24115,
    "command_index": 127,
    "uart_bytes": 341,
    "uart_115200_ms": 29.600694444444443,
    "tick_calls": 1,
    "no_tick_sys_cycles": 676550,
    "no_tick_ms": 6.7655,
    "no_tick_start": 203904862,
    "no_tick_end": 204581412,
    "uart_tx_allowance_ms": 28.47222222222222,
    "period_bound_ms": 285.2377222222222,
    "period_bound_margin_ms": 214.7622777777778,
    "liveness_bound_margin_ms": 1714.7622777777779,
    "phy_publication_bound_ms": 161.66568222222222
  },
  {
    "duty": "milan_status",
    "start_sys_cycle": 204581413,
    "end_sys_cycle": 205357298,
    "sys_cycles": 775885,
    "cpu_cycles": 387943,
    "ms": 7.75885,
    "device_wait_ms": 0.0,
    "service_ms": 7.75885,
    "budget_ms": 500,
    "margin_ms": 492.24115,
    "command_index": 128,
    "uart_bytes": 341,
    "uart_115200_ms": 29.600694444444443,
    "tick_calls": 1,
    "no_tick_sys_cycles": 676550,
    "no_tick_ms": 6.7655,
    "no_tick_start": 204680748,
    "no_tick_end": 205357298,
    "uart_tx_allowance_ms": 28.47222222222222,
    "period_bound_ms": 285.2377222222222,
    "period_bound_margin_ms": 214.7622777777778,
    "liveness_bound_margin_ms": 1714.7622777777779,
    "phy_publication_bound_ms": 161.66568222222222
  },
  {
    "duty": "milan_status",
    "start_sys_cycle": 205357299,
    "end_sys_cycle": 206133246,
    "sys_cycles": 775947,
    "cpu_cycles": 387974,
    "ms": 7.75947,
    "device_wait_ms": 0.0,
    "service_ms": 7.75947,
    "budget_ms": 500,
    "margin_ms": 492.24053,
    "command_index": 129,
    "uart_bytes": 341,
    "uart_115200_ms": 29.600694444444443,
    "tick_calls": 1,
    "no_tick_sys_cycles": 676550,
    "no_tick_ms": 6.7655,
    "no_tick_start": 205456696,
    "no_tick_end": 206133246,
    "uart_tx_allowance_ms": 28.47222222222222,
    "period_bound_ms": 285.2377222222222,
    "period_bound_margin_ms": 214.7622777777778,
    "liveness_bound_margin_ms": 1714.7622777777779,
    "phy_publication_bound_ms": 161.66568222222222
  },
  {
    "duty": "milan_status",
    "start_sys_cycle": 206133247,
    "end_sys_cycle": 206909132,
    "sys_cycles": 775885,
    "cpu_cycles": 387943,
    "ms": 7.75885,
    "device_wait_ms": 0.0,
    "service_ms": 7.75885,
    "budget_ms": 500,
    "margin_ms": 492.24115,
    "command_index": 130,
    "uart_bytes": 341,
    "uart_115200_ms": 29.600694444444443,
    "tick_calls": 1,
    "no_tick_sys_cycles": 676550,
    "no_tick_ms": 6.7655,
    "no_tick_start": 206232582,
    "no_tick_end": 206909132,
    "uart_tx_allowance_ms": 28.47222222222222,
    "period_bound_ms": 285.2377222222222,
    "period_bound_margin_ms": 214.7622777777778,
    "liveness_bound_margin_ms": 1714.7622777777779,
    "phy_publication_bound_ms": 161.66568222222222
  },
  {
    "duty": "milan_status",
    "start_sys_cycle": 206909133,
    "end_sys_cycle": 207685018,
    "sys_cycles": 775885,
    "cpu_cycles": 387943,
    "ms": 7.75885,
    "device_wait_ms": 0.0,
    "service_ms": 7.75885,
    "budget_ms": 500,
    "margin_ms": 492.24115,
    "command_index": 131,
    "uart_bytes": 341,
    "uart_115200_ms": 29.600694444444443,
    "tick_calls": 1,
    "no_tick_sys_cycles": 676550,
    "no_tick_ms": 6.7655,
    "no_tick_start": 207008468,
    "no_tick_end": 207685018,
    "uart_tx_allowance_ms": 28.47222222222222,
    "period_bound_ms": 285.2377222222222,
    "period_bound_margin_ms": 214.7622777777778,
    "liveness_bound_margin_ms": 1714.7622777777779,
    "phy_publication_bound_ms": 161.66568222222222
  },
  {
    "duty": "milan_status",
    "start_sys_cycle": 207685019,
    "end_sys_cycle": 208460904,
    "sys_cycles": 775885,
    "cpu_cycles": 387943,
    "ms": 7.75885,
    "device_wait_ms": 0.0,
    "service_ms": 7.75885,
    "budget_ms": 500,
    "margin_ms": 492.24115,
    "command_index": 132,
    "uart_bytes": 341,
    "uart_115200_ms": 29.600694444444443,
    "tick_calls": 1,
    "no_tick_sys_cycles": 676550,
    "no_tick_ms": 6.7655,
    "no_tick_start": 207784354,
    "no_tick_end": 208460904,
    "uart_tx_allowance_ms": 28.47222222222222,
    "period_bound_ms": 285.2377222222222,
    "period_bound_margin_ms": 214.7622777777778,
    "liveness_bound_margin_ms": 1714.7622777777779,
    "phy_publication_bound_ms": 161.66568222222222
  },
  {
    "duty": "milan_status",
    "start_sys_cycle": 208460905,
    "end_sys_cycle": 209236790,
    "sys_cycles": 775885,
    "cpu_cycles": 387943,
    "ms": 7.75885,
    "device_wait_ms": 0.0,
    "service_ms": 7.75885,
    "budget_ms": 500,
    "margin_ms": 492.24115,
    "command_index": 133,
    "uart_bytes": 341,
    "uart_115200_ms": 29.600694444444443,
    "tick_calls": 1,
    "no_tick_sys_cycles": 676550,
    "no_tick_ms": 6.7655,
    "no_tick_start": 208560240,
    "no_tick_end": 209236790,
    "uart_tx_allowance_ms": 28.47222222222222,
    "period_bound_ms": 285.2377222222222,
    "period_bound_margin_ms": 214.7622777777778,
    "liveness_bound_margin_ms": 1714.7622777777779,
    "phy_publication_bound_ms": 161.66568222222222
  },
  {
    "duty": "milan_status",
    "start_sys_cycle": 209236791,
    "end_sys_cycle": 210012738,
    "sys_cycles": 775947,
    "cpu_cycles": 387974,
    "ms": 7.75947,
    "device_wait_ms": 0.0,
    "service_ms": 7.75947,
    "budget_ms": 500,
    "margin_ms": 492.24053,
    "command_index": 134,
    "uart_bytes": 341,
    "uart_115200_ms": 29.600694444444443,
    "tick_calls": 1,
    "no_tick_sys_cycles": 676550,
    "no_tick_ms": 6.7655,
    "no_tick_start": 209336188,
    "no_tick_end": 210012738,
    "uart_tx_allowance_ms": 28.47222222222222,
    "period_bound_ms": 285.2377222222222,
    "period_bound_margin_ms": 214.7622777777778,
    "liveness_bound_margin_ms": 1714.7622777777779,
    "phy_publication_bound_ms": 161.66568222222222
  },
  {
    "duty": "milan_status",
    "start_sys_cycle": 210012739,
    "end_sys_cycle": 210788624,
    "sys_cycles": 775885,
    "cpu_cycles": 387943,
    "ms": 7.75885,
    "device_wait_ms": 0.0,
    "service_ms": 7.75885,
    "budget_ms": 500,
    "margin_ms": 492.24115,
    "command_index": 135,
    "uart_bytes": 341,
    "uart_115200_ms": 29.600694444444443,
    "tick_calls": 1,
    "no_tick_sys_cycles": 676550,
    "no_tick_ms": 6.7655,
    "no_tick_start": 210112074,
    "no_tick_end": 210788624,
    "uart_tx_allowance_ms": 28.47222222222222,
    "period_bound_ms": 285.2377222222222,
    "period_bound_margin_ms": 214.7622777777778,
    "liveness_bound_margin_ms": 1714.7622777777779,
    "phy_publication_bound_ms": 161.66568222222222
  },
  {
    "duty": "milan_status",
    "start_sys_cycle": 210788625,
    "end_sys_cycle": 211610230,
    "sys_cycles": 821605,
    "cpu_cycles": 410803,
    "ms": 8.21605,
    "device_wait_ms": 0.0,
    "service_ms": 8.21605,
    "budget_ms": 500,
    "margin_ms": 491.78395,
    "command_index": 136,
    "uart_bytes": 341,
    "uart_115200_ms": 29.600694444444443,
    "tick_calls": 1,
    "no_tick_sys_cycles": 722270,
    "no_tick_ms": 7.2227,
    "no_tick_start": 210887960,
    "no_tick_end": 211610230,
    "uart_tx_allowance_ms": 28.47222222222222,
    "period_bound_ms": 285.6949222222222,
    "period_bound_margin_ms": 214.3050777777778,
    "liveness_bound_margin_ms": 1714.3050777777778,
    "phy_publication_bound_ms": 162.12288222222222
  },
  {
    "duty": "milan_status",
    "start_sys_cycle": 211610231,
    "end_sys_cycle": 212386116,
    "sys_cycles": 775885,
    "cpu_cycles": 387943,
    "ms": 7.75885,
    "device_wait_ms": 0.0,
    "service_ms": 7.75885,
    "budget_ms": 500,
    "margin_ms": 492.24115,
    "command_index": 137,
    "uart_bytes": 341,
    "uart_115200_ms": 29.600694444444443,
    "tick_calls": 1,
    "no_tick_sys_cycles": 676550,
    "no_tick_ms": 6.7655,
    "no_tick_start": 211709566,
    "no_tick_end": 212386116,
    "uart_tx_allowance_ms": 28.47222222222222,
    "period_bound_ms": 285.2377222222222,
    "period_bound_margin_ms": 214.7622777777778,
    "liveness_bound_margin_ms": 1714.7622777777779,
    "phy_publication_bound_ms": 161.66568222222222
  },
  {
    "duty": "milan_status",
    "start_sys_cycle": 212386117,
    "end_sys_cycle": 213162002,
    "sys_cycles": 775885,
    "cpu_cycles": 387943,
    "ms": 7.75885,
    "device_wait_ms": 0.0,
    "service_ms": 7.75885,
    "budget_ms": 500,
    "margin_ms": 492.24115,
    "command_index": 138,
    "uart_bytes": 341,
    "uart_115200_ms": 29.600694444444443,
    "tick_calls": 1,
    "no_tick_sys_cycles": 676550,
    "no_tick_ms": 6.7655,
    "no_tick_start": 212485452,
    "no_tick_end": 213162002,
    "uart_tx_allowance_ms": 28.47222222222222,
    "period_bound_ms": 285.2377222222222,
    "period_bound_margin_ms": 214.7622777777778,
    "liveness_bound_margin_ms": 1714.7622777777779,
    "phy_publication_bound_ms": 161.66568222222222
  },
  {
    "duty": "milan_status",
    "start_sys_cycle": 213162003,
    "end_sys_cycle": 213937950,
    "sys_cycles": 775947,
    "cpu_cycles": 387974,
    "ms": 7.75947,
    "device_wait_ms": 0.0,
    "service_ms": 7.75947,
    "budget_ms": 500,
    "margin_ms": 492.24053,
    "command_index": 139,
    "uart_bytes": 341,
    "uart_115200_ms": 29.600694444444443,
    "tick_calls": 1,
    "no_tick_sys_cycles": 676550,
    "no_tick_ms": 6.7655,
    "no_tick_start": 213261400,
    "no_tick_end": 213937950,
    "uart_tx_allowance_ms": 28.47222222222222,
    "period_bound_ms": 285.2377222222222,
    "period_bound_margin_ms": 214.7622777777778,
    "liveness_bound_margin_ms": 1714.7622777777779,
    "phy_publication_bound_ms": 161.66568222222222
  },
  {
    "duty": "milan_status",
    "start_sys_cycle": 213937951,
    "end_sys_cycle": 214713836,
    "sys_cycles": 775885,
    "cpu_cycles": 387943,
    "ms": 7.75885,
    "device_wait_ms": 0.0,
    "service_ms": 7.75885,
    "budget_ms": 500,
    "margin_ms": 492.24115,
    "command_index": 140,
    "uart_bytes": 341,
    "uart_115200_ms": 29.600694444444443,
    "tick_calls": 1,
    "no_tick_sys_cycles": 676550,
    "no_tick_ms": 6.7655,
    "no_tick_start": 214037286,
    "no_tick_end": 214713836,
    "uart_tx_allowance_ms": 28.47222222222222,
    "period_bound_ms": 285.2377222222222,
    "period_bound_margin_ms": 214.7622777777778,
    "liveness_bound_margin_ms": 1714.7622777777779,
    "phy_publication_bound_ms": 161.66568222222222
  },
  {
    "duty": "milan_status",
    "start_sys_cycle": 214713837,
    "end_sys_cycle": 215490754,
    "sys_cycles": 776917,
    "cpu_cycles": 388459,
    "ms": 7.76917,
    "device_wait_ms": 0.0,
    "service_ms": 7.76917,
    "budget_ms": 500,
    "margin_ms": 492.23083,
    "command_index": 141,
    "uart_bytes": 341,
    "uart_115200_ms": 29.600694444444443,
    "tick_calls": 1,
    "no_tick_sys_cycles": 677582,
    "no_tick_ms": 6.77582,
    "no_tick_start": 214813172,
    "no_tick_end": 215490754,
    "uart_tx_allowance_ms": 28.47222222222222,
    "period_bound_ms": 285.24804222222224,
    "period_bound_margin_ms": 214.75195777777776,
    "liveness_bound_margin_ms": 1714.7519577777778,
    "phy_publication_bound_ms": 161.67600222222225
  },
  {
    "duty": "milan_status",
    "start_sys_cycle": 215490755,
    "end_sys_cycle": 216267672,
    "sys_cycles": 776917,
    "cpu_cycles": 388459,
    "ms": 7.76917,
    "device_wait_ms": 0.0,
    "service_ms": 7.76917,
    "budget_ms": 500,
    "margin_ms": 492.23083,
    "command_index": 142,
    "uart_bytes": 341,
    "uart_115200_ms": 29.600694444444443,
    "tick_calls": 1,
    "no_tick_sys_cycles": 677582,
    "no_tick_ms": 6.77582,
    "no_tick_start": 215590090,
    "no_tick_end": 216267672,
    "uart_tx_allowance_ms": 28.47222222222222,
    "period_bound_ms": 285.24804222222224,
    "period_bound_margin_ms": 214.75195777777776,
    "liveness_bound_margin_ms": 1714.7519577777778,
    "phy_publication_bound_ms": 161.67600222222225
  },
  {
    "duty": "milan_status",
    "start_sys_cycle": 216267673,
    "end_sys_cycle": 217044590,
    "sys_cycles": 776917,
    "cpu_cycles": 388459,
    "ms": 7.76917,
    "device_wait_ms": 0.0,
    "service_ms": 7.76917,
    "budget_ms": 500,
    "margin_ms": 492.23083,
    "command_index": 143,
    "uart_bytes": 341,
    "uart_115200_ms": 29.600694444444443,
    "tick_calls": 1,
    "no_tick_sys_cycles": 677582,
    "no_tick_ms": 6.77582,
    "no_tick_start": 216367008,
    "no_tick_end": 217044590,
    "uart_tx_allowance_ms": 28.47222222222222,
    "period_bound_ms": 285.24804222222224,
    "period_bound_margin_ms": 214.75195777777776,
    "liveness_bound_margin_ms": 1714.7519577777778,
    "phy_publication_bound_ms": 161.67600222222225
  },
  {
    "duty": "milan_status",
    "start_sys_cycle": 217044591,
    "end_sys_cycle": 217821570,
    "sys_cycles": 776979,
    "cpu_cycles": 388490,
    "ms": 7.76979,
    "device_wait_ms": 0.0,
    "service_ms": 7.76979,
    "budget_ms": 500,
    "margin_ms": 492.23021,
    "command_index": 144,
    "uart_bytes": 341,
    "uart_115200_ms": 29.600694444444443,
    "tick_calls": 1,
    "no_tick_sys_cycles": 677582,
    "no_tick_ms": 6.77582,
    "no_tick_start": 217143988,
    "no_tick_end": 217821570,
    "uart_tx_allowance_ms": 28.47222222222222,
    "period_bound_ms": 285.24804222222224,
    "period_bound_margin_ms": 214.75195777777776,
    "liveness_bound_margin_ms": 1714.7519577777778,
    "phy_publication_bound_ms": 161.67600222222225
  },
  {
    "duty": "milan_status",
    "start_sys_cycle": 217821571,
    "end_sys_cycle": 218598488,
    "sys_cycles": 776917,
    "cpu_cycles": 388459,
    "ms": 7.76917,
    "device_wait_ms": 0.0,
    "service_ms": 7.76917,
    "budget_ms": 500,
    "margin_ms": 492.23083,
    "command_index": 145,
    "uart_bytes": 341,
    "uart_115200_ms": 29.600694444444443,
    "tick_calls": 1,
    "no_tick_sys_cycles": 677582,
    "no_tick_ms": 6.77582,
    "no_tick_start": 217920906,
    "no_tick_end": 218598488,
    "uart_tx_allowance_ms": 28.47222222222222,
    "period_bound_ms": 285.24804222222224,
    "period_bound_margin_ms": 214.75195777777776,
    "liveness_bound_margin_ms": 1714.7519577777778,
    "phy_publication_bound_ms": 161.67600222222225
  },
  {
    "duty": "milan_status",
    "start_sys_cycle": 218598489,
    "end_sys_cycle": 219375406,
    "sys_cycles": 776917,
    "cpu_cycles": 388459,
    "ms": 7.76917,
    "device_wait_ms": 0.0,
    "service_ms": 7.76917,
    "budget_ms": 500,
    "margin_ms": 492.23083,
    "command_index": 146,
    "uart_bytes": 341,
    "uart_115200_ms": 29.600694444444443,
    "tick_calls": 1,
    "no_tick_sys_cycles": 677582,
    "no_tick_ms": 6.77582,
    "no_tick_start": 218697824,
    "no_tick_end": 219375406,
    "uart_tx_allowance_ms": 28.47222222222222,
    "period_bound_ms": 285.24804222222224,
    "period_bound_margin_ms": 214.75195777777776,
    "liveness_bound_margin_ms": 1714.7519577777778,
    "phy_publication_bound_ms": 161.67600222222225
  },
  {
    "duty": "milan_status",
    "start_sys_cycle": 219375407,
    "end_sys_cycle": 220152372,
    "sys_cycles": 776965,
    "cpu_cycles": 388483,
    "ms": 7.76965,
    "device_wait_ms": 0.0,
    "service_ms": 7.76965,
    "budget_ms": 500,
    "margin_ms": 492.23035,
    "command_index": 147,
    "uart_bytes": 341,
    "uart_115200_ms": 29.600694444444443,
    "tick_calls": 1,
    "no_tick_sys_cycles": 677630,
    "no_tick_ms": 6.7763,
    "no_tick_start": 219474742,
    "no_tick_end": 220152372,
    "uart_tx_allowance_ms": 28.47222222222222,
    "period_bound_ms": 285.2485222222222,
    "period_bound_margin_ms": 214.75147777777778,
    "liveness_bound_margin_ms": 1714.7514777777778,
    "phy_publication_bound_ms": 161.67648222222223
  },
  {
    "duty": "milan_status",
    "start_sys_cycle": 220152373,
    "end_sys_cycle": 220929290,
    "sys_cycles": 776917,
    "cpu_cycles": 388459,
    "ms": 7.76917,
    "device_wait_ms": 0.0,
    "service_ms": 7.76917,
    "budget_ms": 500,
    "margin_ms": 492.23083,
    "command_index": 148,
    "uart_bytes": 341,
    "uart_115200_ms": 29.600694444444443,
    "tick_calls": 1,
    "no_tick_sys_cycles": 677582,
    "no_tick_ms": 6.77582,
    "no_tick_start": 220251708,
    "no_tick_end": 220929290,
    "uart_tx_allowance_ms": 28.47222222222222,
    "period_bound_ms": 285.24804222222224,
    "period_bound_margin_ms": 214.75195777777776,
    "liveness_bound_margin_ms": 1714.7519577777778,
    "phy_publication_bound_ms": 161.67600222222225
  },
  {
    "duty": "milan_status",
    "start_sys_cycle": 220929291,
    "end_sys_cycle": 221706270,
    "sys_cycles": 776979,
    "cpu_cycles": 388490,
    "ms": 7.76979,
    "device_wait_ms": 0.0,
    "service_ms": 7.76979,
    "budget_ms": 500,
    "margin_ms": 492.23021,
    "command_index": 149,
    "uart_bytes": 341,
    "uart_115200_ms": 29.600694444444443,
    "tick_calls": 1,
    "no_tick_sys_cycles": 677582,
    "no_tick_ms": 6.77582,
    "no_tick_start": 221028688,
    "no_tick_end": 221706270,
    "uart_tx_allowance_ms": 28.47222222222222,
    "period_bound_ms": 285.24804222222224,
    "period_bound_margin_ms": 214.75195777777776,
    "liveness_bound_margin_ms": 1714.7519577777778,
    "phy_publication_bound_ms": 161.67600222222225
  },
  {
    "duty": "milan_status",
    "start_sys_cycle": 221706271,
    "end_sys_cycle": 222483188,
    "sys_cycles": 776917,
    "cpu_cycles": 388459,
    "ms": 7.76917,
    "device_wait_ms": 0.0,
    "service_ms": 7.76917,
    "budget_ms": 500,
    "margin_ms": 492.23083,
    "command_index": 150,
    "uart_bytes": 341,
    "uart_115200_ms": 29.600694444444443,
    "tick_calls": 1,
    "no_tick_sys_cycles": 677582,
    "no_tick_ms": 6.77582,
    "no_tick_start": 221805606,
    "no_tick_end": 222483188,
    "uart_tx_allowance_ms": 28.47222222222222,
    "period_bound_ms": 285.24804222222224,
    "period_bound_margin_ms": 214.75195777777776,
    "liveness_bound_margin_ms": 1714.7519577777778,
    "phy_publication_bound_ms": 161.67600222222225
  },
  {
    "duty": "milan_status",
    "start_sys_cycle": 222483189,
    "end_sys_cycle": 223260106,
    "sys_cycles": 776917,
    "cpu_cycles": 388459,
    "ms": 7.76917,
    "device_wait_ms": 0.0,
    "service_ms": 7.76917,
    "budget_ms": 500,
    "margin_ms": 492.23083,
    "command_index": 151,
    "uart_bytes": 341,
    "uart_115200_ms": 29.600694444444443,
    "tick_calls": 1,
    "no_tick_sys_cycles": 677582,
    "no_tick_ms": 6.77582,
    "no_tick_start": 222582524,
    "no_tick_end": 223260106,
    "uart_tx_allowance_ms": 28.47222222222222,
    "period_bound_ms": 285.24804222222224,
    "period_bound_margin_ms": 214.75195777777776,
    "liveness_bound_margin_ms": 1714.7519577777778,
    "phy_publication_bound_ms": 161.67600222222225
  },
  {
    "duty": "milan_status",
    "start_sys_cycle": 223260107,
    "end_sys_cycle": 224037024,
    "sys_cycles": 776917,
    "cpu_cycles": 388459,
    "ms": 7.76917,
    "device_wait_ms": 0.0,
    "service_ms": 7.76917,
    "budget_ms": 500,
    "margin_ms": 492.23083,
    "command_index": 152,
    "uart_bytes": 341,
    "uart_115200_ms": 29.600694444444443,
    "tick_calls": 1,
    "no_tick_sys_cycles": 677582,
    "no_tick_ms": 6.77582,
    "no_tick_start": 223359442,
    "no_tick_end": 224037024,
    "uart_tx_allowance_ms": 28.47222222222222,
    "period_bound_ms": 285.24804222222224,
    "period_bound_margin_ms": 214.75195777777776,
    "liveness_bound_margin_ms": 1714.7519577777778,
    "phy_publication_bound_ms": 161.67600222222225
  },
  {
    "duty": "milan_status",
    "start_sys_cycle": 224037025,
    "end_sys_cycle": 224859662,
    "sys_cycles": 822637,
    "cpu_cycles": 411319,
    "ms": 8.22637,
    "device_wait_ms": 0.0,
    "service_ms": 8.22637,
    "budget_ms": 500,
    "margin_ms": 491.77363,
    "command_index": 153,
    "uart_bytes": 341,
    "uart_115200_ms": 29.600694444444443,
    "tick_calls": 1,
    "no_tick_sys_cycles": 723302,
    "no_tick_ms": 7.23302,
    "no_tick_start": 224136360,
    "no_tick_end": 224859662,
    "uart_tx_allowance_ms": 28.47222222222222,
    "period_bound_ms": 285.70524222222224,
    "period_bound_margin_ms": 214.29475777777776,
    "liveness_bound_margin_ms": 1714.2947577777777,
    "phy_publication_bound_ms": 162.13320222222225
  },
  {
    "duty": "milan_status",
    "start_sys_cycle": 224859663,
    "end_sys_cycle": 225636642,
    "sys_cycles": 776979,
    "cpu_cycles": 388490,
    "ms": 7.76979,
    "device_wait_ms": 0.0,
    "service_ms": 7.76979,
    "budget_ms": 500,
    "margin_ms": 492.23021,
    "command_index": 154,
    "uart_bytes": 341,
    "uart_115200_ms": 29.600694444444443,
    "tick_calls": 1,
    "no_tick_sys_cycles": 677582,
    "no_tick_ms": 6.77582,
    "no_tick_start": 224959060,
    "no_tick_end": 225636642,
    "uart_tx_allowance_ms": 28.47222222222222,
    "period_bound_ms": 285.24804222222224,
    "period_bound_margin_ms": 214.75195777777776,
    "liveness_bound_margin_ms": 1714.7519577777778,
    "phy_publication_bound_ms": 161.67600222222225
  },
  {
    "duty": "milan_status",
    "start_sys_cycle": 225636643,
    "end_sys_cycle": 226413560,
    "sys_cycles": 776917,
    "cpu_cycles": 388459,
    "ms": 7.76917,
    "device_wait_ms": 0.0,
    "service_ms": 7.76917,
    "budget_ms": 500,
    "margin_ms": 492.23083,
    "command_index": 155,
    "uart_bytes": 341,
    "uart_115200_ms": 29.600694444444443,
    "tick_calls": 1,
    "no_tick_sys_cycles": 677582,
    "no_tick_ms": 6.77582,
    "no_tick_start": 225735978,
    "no_tick_end": 226413560,
    "uart_tx_allowance_ms": 28.47222222222222,
    "period_bound_ms": 285.24804222222224,
    "period_bound_margin_ms": 214.75195777777776,
    "liveness_bound_margin_ms": 1714.7519577777778,
    "phy_publication_bound_ms": 161.67600222222225
  },
  {
    "duty": "milan_status",
    "start_sys_cycle": 226413561,
    "end_sys_cycle": 227190478,
    "sys_cycles": 776917,
    "cpu_cycles": 388459,
    "ms": 7.76917,
    "device_wait_ms": 0.0,
    "service_ms": 7.76917,
    "budget_ms": 500,
    "margin_ms": 492.23083,
    "command_index": 156,
    "uart_bytes": 341,
    "uart_115200_ms": 29.600694444444443,
    "tick_calls": 1,
    "no_tick_sys_cycles": 677582,
    "no_tick_ms": 6.77582,
    "no_tick_start": 226512896,
    "no_tick_end": 227190478,
    "uart_tx_allowance_ms": 28.47222222222222,
    "period_bound_ms": 285.24804222222224,
    "period_bound_margin_ms": 214.75195777777776,
    "liveness_bound_margin_ms": 1714.7519577777778,
    "phy_publication_bound_ms": 161.67600222222225
  },
  {
    "duty": "milan_status",
    "start_sys_cycle": 227190479,
    "end_sys_cycle": 227967396,
    "sys_cycles": 776917,
    "cpu_cycles": 388459,
    "ms": 7.76917,
    "device_wait_ms": 0.0,
    "service_ms": 7.76917,
    "budget_ms": 500,
    "margin_ms": 492.23083,
    "command_index": 157,
    "uart_bytes": 341,
    "uart_115200_ms": 29.600694444444443,
    "tick_calls": 1,
    "no_tick_sys_cycles": 677582,
    "no_tick_ms": 6.77582,
    "no_tick_start": 227289814,
    "no_tick_end": 227967396,
    "uart_tx_allowance_ms": 28.47222222222222,
    "period_bound_ms": 285.24804222222224,
    "period_bound_margin_ms": 214.75195777777776,
    "liveness_bound_margin_ms": 1714.7519577777778,
    "phy_publication_bound_ms": 161.67600222222225
  },
  {
    "duty": "milan_status",
    "start_sys_cycle": 227967397,
    "end_sys_cycle": 228744314,
    "sys_cycles": 776917,
    "cpu_cycles": 388459,
    "ms": 7.76917,
    "device_wait_ms": 0.0,
    "service_ms": 7.76917,
    "budget_ms": 500,
    "margin_ms": 492.23083,
    "command_index": 158,
    "uart_bytes": 341,
    "uart_115200_ms": 29.600694444444443,
    "tick_calls": 1,
    "no_tick_sys_cycles": 677582,
    "no_tick_ms": 6.77582,
    "no_tick_start": 228066732,
    "no_tick_end": 228744314,
    "uart_tx_allowance_ms": 28.47222222222222,
    "period_bound_ms": 285.24804222222224,
    "period_bound_margin_ms": 214.75195777777776,
    "liveness_bound_margin_ms": 1714.7519577777778,
    "phy_publication_bound_ms": 161.67600222222225
  },
  {
    "duty": "milan_status",
    "start_sys_cycle": 228744315,
    "end_sys_cycle": 229521294,
    "sys_cycles": 776979,
    "cpu_cycles": 388490,
    "ms": 7.76979,
    "device_wait_ms": 0.0,
    "service_ms": 7.76979,
    "budget_ms": 500,
    "margin_ms": 492.23021,
    "command_index": 159,
    "uart_bytes": 341,
    "uart_115200_ms": 29.600694444444443,
    "tick_calls": 1,
    "no_tick_sys_cycles": 677582,
    "no_tick_ms": 6.77582,
    "no_tick_start": 228843712,
    "no_tick_end": 229521294,
    "uart_tx_allowance_ms": 28.47222222222222,
    "period_bound_ms": 285.24804222222224,
    "period_bound_margin_ms": 214.75195777777776,
    "liveness_bound_margin_ms": 1714.7519577777778,
    "phy_publication_bound_ms": 161.67600222222225
  },
  {
    "duty": "milan_status",
    "start_sys_cycle": 229521295,
    "end_sys_cycle": 230298212,
    "sys_cycles": 776917,
    "cpu_cycles": 388459,
    "ms": 7.76917,
    "device_wait_ms": 0.0,
    "service_ms": 7.76917,
    "budget_ms": 500,
    "margin_ms": 492.23083,
    "command_index": 160,
    "uart_bytes": 341,
    "uart_115200_ms": 29.600694444444443,
    "tick_calls": 1,
    "no_tick_sys_cycles": 677582,
    "no_tick_ms": 6.77582,
    "no_tick_start": 229620630,
    "no_tick_end": 230298212,
    "uart_tx_allowance_ms": 28.47222222222222,
    "period_bound_ms": 285.24804222222224,
    "period_bound_margin_ms": 214.75195777777776,
    "liveness_bound_margin_ms": 1714.7519577777778,
    "phy_publication_bound_ms": 161.67600222222225
  },
  {
    "duty": "milan_status",
    "start_sys_cycle": 230298213,
    "end_sys_cycle": 231075130,
    "sys_cycles": 776917,
    "cpu_cycles": 388459,
    "ms": 7.76917,
    "device_wait_ms": 0.0,
    "service_ms": 7.76917,
    "budget_ms": 500,
    "margin_ms": 492.23083,
    "command_index": 161,
    "uart_bytes": 341,
    "uart_115200_ms": 29.600694444444443,
    "tick_calls": 1,
    "no_tick_sys_cycles": 677582,
    "no_tick_ms": 6.77582,
    "no_tick_start": 230397548,
    "no_tick_end": 231075130,
    "uart_tx_allowance_ms": 28.47222222222222,
    "period_bound_ms": 285.24804222222224,
    "period_bound_margin_ms": 214.75195777777776,
    "liveness_bound_margin_ms": 1714.7519577777778,
    "phy_publication_bound_ms": 161.67600222222225
  },
  {
    "duty": "milan_status",
    "start_sys_cycle": 231075131,
    "end_sys_cycle": 231852048,
    "sys_cycles": 776917,
    "cpu_cycles": 388459,
    "ms": 7.76917,
    "device_wait_ms": 0.0,
    "service_ms": 7.76917,
    "budget_ms": 500,
    "margin_ms": 492.23083,
    "command_index": 162,
    "uart_bytes": 341,
    "uart_115200_ms": 29.600694444444443,
    "tick_calls": 1,
    "no_tick_sys_cycles": 677582,
    "no_tick_ms": 6.77582,
    "no_tick_start": 231174466,
    "no_tick_end": 231852048,
    "uart_tx_allowance_ms": 28.47222222222222,
    "period_bound_ms": 285.24804222222224,
    "period_bound_margin_ms": 214.75195777777776,
    "liveness_bound_margin_ms": 1714.7519577777778,
    "phy_publication_bound_ms": 161.67600222222225
  },
  {
    "duty": "milan_status",
    "start_sys_cycle": 231852049,
    "end_sys_cycle": 232628966,
    "sys_cycles": 776917,
    "cpu_cycles": 388459,
    "ms": 7.76917,
    "device_wait_ms": 0.0,
    "service_ms": 7.76917,
    "budget_ms": 500,
    "margin_ms": 492.23083,
    "command_index": 163,
    "uart_bytes": 341,
    "uart_115200_ms": 29.600694444444443,
    "tick_calls": 1,
    "no_tick_sys_cycles": 677582,
    "no_tick_ms": 6.77582,
    "no_tick_start": 231951384,
    "no_tick_end": 232628966,
    "uart_tx_allowance_ms": 28.47222222222222,
    "period_bound_ms": 285.24804222222224,
    "period_bound_margin_ms": 214.75195777777776,
    "liveness_bound_margin_ms": 1714.7519577777778,
    "phy_publication_bound_ms": 161.67600222222225
  },
  {
    "duty": "milan_status",
    "start_sys_cycle": 232628967,
    "end_sys_cycle": 233405946,
    "sys_cycles": 776979,
    "cpu_cycles": 388490,
    "ms": 7.76979,
    "device_wait_ms": 0.0,
    "service_ms": 7.76979,
    "budget_ms": 500,
    "margin_ms": 492.23021,
    "command_index": 164,
    "uart_bytes": 341,
    "uart_115200_ms": 29.600694444444443,
    "tick_calls": 1,
    "no_tick_sys_cycles": 677582,
    "no_tick_ms": 6.77582,
    "no_tick_start": 232728364,
    "no_tick_end": 233405946,
    "uart_tx_allowance_ms": 28.47222222222222,
    "period_bound_ms": 285.24804222222224,
    "period_bound_margin_ms": 214.75195777777776,
    "liveness_bound_margin_ms": 1714.7519577777778,
    "phy_publication_bound_ms": 161.67600222222225
  },
  {
    "duty": "milan_status",
    "start_sys_cycle": 233405947,
    "end_sys_cycle": 234182864,
    "sys_cycles": 776917,
    "cpu_cycles": 388459,
    "ms": 7.76917,
    "device_wait_ms": 0.0,
    "service_ms": 7.76917,
    "budget_ms": 500,
    "margin_ms": 492.23083,
    "command_index": 165,
    "uart_bytes": 341,
    "uart_115200_ms": 29.600694444444443,
    "tick_calls": 1,
    "no_tick_sys_cycles": 677582,
    "no_tick_ms": 6.77582,
    "no_tick_start": 233505282,
    "no_tick_end": 234182864,
    "uart_tx_allowance_ms": 28.47222222222222,
    "period_bound_ms": 285.24804222222224,
    "period_bound_margin_ms": 214.75195777777776,
    "liveness_bound_margin_ms": 1714.7519577777778,
    "phy_publication_bound_ms": 161.67600222222225
  },
  {
    "duty": "milan_status",
    "start_sys_cycle": 234182865,
    "end_sys_cycle": 234959782,
    "sys_cycles": 776917,
    "cpu_cycles": 388459,
    "ms": 7.76917,
    "device_wait_ms": 0.0,
    "service_ms": 7.76917,
    "budget_ms": 500,
    "margin_ms": 492.23083,
    "command_index": 166,
    "uart_bytes": 341,
    "uart_115200_ms": 29.600694444444443,
    "tick_calls": 1,
    "no_tick_sys_cycles": 677582,
    "no_tick_ms": 6.77582,
    "no_tick_start": 234282200,
    "no_tick_end": 234959782,
    "uart_tx_allowance_ms": 28.47222222222222,
    "period_bound_ms": 285.24804222222224,
    "period_bound_margin_ms": 214.75195777777776,
    "liveness_bound_margin_ms": 1714.7519577777778,
    "phy_publication_bound_ms": 161.67600222222225
  },
  {
    "duty": "milan_status",
    "start_sys_cycle": 234959783,
    "end_sys_cycle": 235736700,
    "sys_cycles": 776917,
    "cpu_cycles": 388459,
    "ms": 7.76917,
    "device_wait_ms": 0.0,
    "service_ms": 7.76917,
    "budget_ms": 500,
    "margin_ms": 492.23083,
    "command_index": 167,
    "uart_bytes": 341,
    "uart_115200_ms": 29.600694444444443,
    "tick_calls": 1,
    "no_tick_sys_cycles": 677582,
    "no_tick_ms": 6.77582,
    "no_tick_start": 235059118,
    "no_tick_end": 235736700,
    "uart_tx_allowance_ms": 28.47222222222222,
    "period_bound_ms": 285.24804222222224,
    "period_bound_margin_ms": 214.75195777777776,
    "liveness_bound_margin_ms": 1714.7519577777778,
    "phy_publication_bound_ms": 161.67600222222225
  },
  {
    "duty": "milan_status",
    "start_sys_cycle": 235736701,
    "end_sys_cycle": 236513618,
    "sys_cycles": 776917,
    "cpu_cycles": 388459,
    "ms": 7.76917,
    "device_wait_ms": 0.0,
    "service_ms": 7.76917,
    "budget_ms": 500,
    "margin_ms": 492.23083,
    "command_index": 168,
    "uart_bytes": 341,
    "uart_115200_ms": 29.600694444444443,
    "tick_calls": 1,
    "no_tick_sys_cycles": 677582,
    "no_tick_ms": 6.77582,
    "no_tick_start": 235836036,
    "no_tick_end": 236513618,
    "uart_tx_allowance_ms": 28.47222222222222,
    "period_bound_ms": 285.24804222222224,
    "period_bound_margin_ms": 214.75195777777776,
    "liveness_bound_margin_ms": 1714.7519577777778,
    "phy_publication_bound_ms": 161.67600222222225
  },
  {
    "duty": "milan_status",
    "start_sys_cycle": 236513619,
    "end_sys_cycle": 237290598,
    "sys_cycles": 776979,
    "cpu_cycles": 388490,
    "ms": 7.76979,
    "device_wait_ms": 0.0,
    "service_ms": 7.76979,
    "budget_ms": 500,
    "margin_ms": 492.23021,
    "command_index": 169,
    "uart_bytes": 341,
    "uart_115200_ms": 29.600694444444443,
    "tick_calls": 1,
    "no_tick_sys_cycles": 677582,
    "no_tick_ms": 6.77582,
    "no_tick_start": 236613016,
    "no_tick_end": 237290598,
    "uart_tx_allowance_ms": 28.47222222222222,
    "period_bound_ms": 285.24804222222224,
    "period_bound_margin_ms": 214.75195777777776,
    "liveness_bound_margin_ms": 1714.7519577777778,
    "phy_publication_bound_ms": 161.67600222222225
  },
  {
    "duty": "milan_status",
    "start_sys_cycle": 237290599,
    "end_sys_cycle": 238113236,
    "sys_cycles": 822637,
    "cpu_cycles": 411319,
    "ms": 8.22637,
    "device_wait_ms": 0.0,
    "service_ms": 8.22637,
    "budget_ms": 500,
    "margin_ms": 491.77363,
    "command_index": 170,
    "uart_bytes": 341,
    "uart_115200_ms": 29.600694444444443,
    "tick_calls": 1,
    "no_tick_sys_cycles": 723302,
    "no_tick_ms": 7.23302,
    "no_tick_start": 237389934,
    "no_tick_end": 238113236,
    "uart_tx_allowance_ms": 28.47222222222222,
    "period_bound_ms": 285.70524222222224,
    "period_bound_margin_ms": 214.29475777777776,
    "liveness_bound_margin_ms": 1714.2947577777777,
    "phy_publication_bound_ms": 162.13320222222225
  },
  {
    "duty": "milan_status",
    "start_sys_cycle": 238113237,
    "end_sys_cycle": 238890154,
    "sys_cycles": 776917,
    "cpu_cycles": 388459,
    "ms": 7.76917,
    "device_wait_ms": 0.0,
    "service_ms": 7.76917,
    "budget_ms": 500,
    "margin_ms": 492.23083,
    "command_index": 171,
    "uart_bytes": 341,
    "uart_115200_ms": 29.600694444444443,
    "tick_calls": 1,
    "no_tick_sys_cycles": 677582,
    "no_tick_ms": 6.77582,
    "no_tick_start": 238212572,
    "no_tick_end": 238890154,
    "uart_tx_allowance_ms": 28.47222222222222,
    "period_bound_ms": 285.24804222222224,
    "period_bound_margin_ms": 214.75195777777776,
    "liveness_bound_margin_ms": 1714.7519577777778,
    "phy_publication_bound_ms": 161.67600222222225
  },
  {
    "duty": "milan_status",
    "start_sys_cycle": 238890155,
    "end_sys_cycle": 239667072,
    "sys_cycles": 776917,
    "cpu_cycles": 388459,
    "ms": 7.76917,
    "device_wait_ms": 0.0,
    "service_ms": 7.76917,
    "budget_ms": 500,
    "margin_ms": 492.23083,
    "command_index": 172,
    "uart_bytes": 341,
    "uart_115200_ms": 29.600694444444443,
    "tick_calls": 1,
    "no_tick_sys_cycles": 677582,
    "no_tick_ms": 6.77582,
    "no_tick_start": 238989490,
    "no_tick_end": 239667072,
    "uart_tx_allowance_ms": 28.47222222222222,
    "period_bound_ms": 285.24804222222224,
    "period_bound_margin_ms": 214.75195777777776,
    "liveness_bound_margin_ms": 1714.7519577777778,
    "phy_publication_bound_ms": 161.67600222222225
  },
  {
    "duty": "milan_status",
    "start_sys_cycle": 239667073,
    "end_sys_cycle": 240443990,
    "sys_cycles": 776917,
    "cpu_cycles": 388459,
    "ms": 7.76917,
    "device_wait_ms": 0.0,
    "service_ms": 7.76917,
    "budget_ms": 500,
    "margin_ms": 492.23083,
    "command_index": 173,
    "uart_bytes": 341,
    "uart_115200_ms": 29.600694444444443,
    "tick_calls": 1,
    "no_tick_sys_cycles": 677582,
    "no_tick_ms": 6.77582,
    "no_tick_start": 239766408,
    "no_tick_end": 240443990,
    "uart_tx_allowance_ms": 28.47222222222222,
    "period_bound_ms": 285.24804222222224,
    "period_bound_margin_ms": 214.75195777777776,
    "liveness_bound_margin_ms": 1714.7519577777778,
    "phy_publication_bound_ms": 161.67600222222225
  },
  {
    "duty": "milan_status",
    "start_sys_cycle": 240443991,
    "end_sys_cycle": 241220970,
    "sys_cycles": 776979,
    "cpu_cycles": 388490,
    "ms": 7.76979,
    "device_wait_ms": 0.0,
    "service_ms": 7.76979,
    "budget_ms": 500,
    "margin_ms": 492.23021,
    "command_index": 174,
    "uart_bytes": 341,
    "uart_115200_ms": 29.600694444444443,
    "tick_calls": 1,
    "no_tick_sys_cycles": 677582,
    "no_tick_ms": 6.77582,
    "no_tick_start": 240543388,
    "no_tick_end": 241220970,
    "uart_tx_allowance_ms": 28.47222222222222,
    "period_bound_ms": 285.24804222222224,
    "period_bound_margin_ms": 214.75195777777776,
    "liveness_bound_margin_ms": 1714.7519577777778,
    "phy_publication_bound_ms": 161.67600222222225
  },
  {
    "duty": "milan_status",
    "start_sys_cycle": 241220971,
    "end_sys_cycle": 241997888,
    "sys_cycles": 776917,
    "cpu_cycles": 388459,
    "ms": 7.76917,
    "device_wait_ms": 0.0,
    "service_ms": 7.76917,
    "budget_ms": 500,
    "margin_ms": 492.23083,
    "command_index": 175,
    "uart_bytes": 341,
    "uart_115200_ms": 29.600694444444443,
    "tick_calls": 1,
    "no_tick_sys_cycles": 677582,
    "no_tick_ms": 6.77582,
    "no_tick_start": 241320306,
    "no_tick_end": 241997888,
    "uart_tx_allowance_ms": 28.47222222222222,
    "period_bound_ms": 285.24804222222224,
    "period_bound_margin_ms": 214.75195777777776,
    "liveness_bound_margin_ms": 1714.7519577777778,
    "phy_publication_bound_ms": 161.67600222222225
  },
  {
    "duty": "milan_status",
    "start_sys_cycle": 241997889,
    "end_sys_cycle": 242774806,
    "sys_cycles": 776917,
    "cpu_cycles": 388459,
    "ms": 7.76917,
    "device_wait_ms": 0.0,
    "service_ms": 7.76917,
    "budget_ms": 500,
    "margin_ms": 492.23083,
    "command_index": 176,
    "uart_bytes": 341,
    "uart_115200_ms": 29.600694444444443,
    "tick_calls": 1,
    "no_tick_sys_cycles": 677582,
    "no_tick_ms": 6.77582,
    "no_tick_start": 242097224,
    "no_tick_end": 242774806,
    "uart_tx_allowance_ms": 28.47222222222222,
    "period_bound_ms": 285.24804222222224,
    "period_bound_margin_ms": 214.75195777777776,
    "liveness_bound_margin_ms": 1714.7519577777778,
    "phy_publication_bound_ms": 161.67600222222225
  },
  {
    "duty": "milan_status",
    "start_sys_cycle": 242774807,
    "end_sys_cycle": 243551724,
    "sys_cycles": 776917,
    "cpu_cycles": 388459,
    "ms": 7.76917,
    "device_wait_ms": 0.0,
    "service_ms": 7.76917,
    "budget_ms": 500,
    "margin_ms": 492.23083,
    "command_index": 177,
    "uart_bytes": 341,
    "uart_115200_ms": 29.600694444444443,
    "tick_calls": 1,
    "no_tick_sys_cycles": 677582,
    "no_tick_ms": 6.77582,
    "no_tick_start": 242874142,
    "no_tick_end": 243551724,
    "uart_tx_allowance_ms": 28.47222222222222,
    "period_bound_ms": 285.24804222222224,
    "period_bound_margin_ms": 214.75195777777776,
    "liveness_bound_margin_ms": 1714.7519577777778,
    "phy_publication_bound_ms": 161.67600222222225
  },
  {
    "duty": "milan_status",
    "start_sys_cycle": 243551725,
    "end_sys_cycle": 244328642,
    "sys_cycles": 776917,
    "cpu_cycles": 388459,
    "ms": 7.76917,
    "device_wait_ms": 0.0,
    "service_ms": 7.76917,
    "budget_ms": 500,
    "margin_ms": 492.23083,
    "command_index": 178,
    "uart_bytes": 341,
    "uart_115200_ms": 29.600694444444443,
    "tick_calls": 1,
    "no_tick_sys_cycles": 677582,
    "no_tick_ms": 6.77582,
    "no_tick_start": 243651060,
    "no_tick_end": 244328642,
    "uart_tx_allowance_ms": 28.47222222222222,
    "period_bound_ms": 285.24804222222224,
    "period_bound_margin_ms": 214.75195777777776,
    "liveness_bound_margin_ms": 1714.7519577777778,
    "phy_publication_bound_ms": 161.67600222222225
  },
  {
    "duty": "milan_status",
    "start_sys_cycle": 244328643,
    "end_sys_cycle": 245105622,
    "sys_cycles": 776979,
    "cpu_cycles": 388490,
    "ms": 7.76979,
    "device_wait_ms": 0.0,
    "service_ms": 7.76979,
    "budget_ms": 500,
    "margin_ms": 492.23021,
    "command_index": 179,
    "uart_bytes": 341,
    "uart_115200_ms": 29.600694444444443,
    "tick_calls": 1,
    "no_tick_sys_cycles": 677582,
    "no_tick_ms": 6.77582,
    "no_tick_start": 244428040,
    "no_tick_end": 245105622,
    "uart_tx_allowance_ms": 28.47222222222222,
    "period_bound_ms": 285.24804222222224,
    "period_bound_margin_ms": 214.75195777777776,
    "liveness_bound_margin_ms": 1714.7519577777778,
    "phy_publication_bound_ms": 161.67600222222225
  },
  {
    "duty": "milan_status",
    "start_sys_cycle": 245105623,
    "end_sys_cycle": 245882588,
    "sys_cycles": 776965,
    "cpu_cycles": 388483,
    "ms": 7.76965,
    "device_wait_ms": 0.0,
    "service_ms": 7.76965,
    "budget_ms": 500,
    "margin_ms": 492.23035,
    "command_index": 180,
    "uart_bytes": 341,
    "uart_115200_ms": 29.600694444444443,
    "tick_calls": 1,
    "no_tick_sys_cycles": 677630,
    "no_tick_ms": 6.7763,
    "no_tick_start": 245204958,
    "no_tick_end": 245882588,
    "uart_tx_allowance_ms": 28.47222222222222,
    "period_bound_ms": 285.2485222222222,
    "period_bound_margin_ms": 214.75147777777778,
    "liveness_bound_margin_ms": 1714.7514777777778,
    "phy_publication_bound_ms": 161.67648222222223
  },
  {
    "duty": "milan_status",
    "start_sys_cycle": 245882589,
    "end_sys_cycle": 246659506,
    "sys_cycles": 776917,
    "cpu_cycles": 388459,
    "ms": 7.76917,
    "device_wait_ms": 0.0,
    "service_ms": 7.76917,
    "budget_ms": 500,
    "margin_ms": 492.23083,
    "command_index": 181,
    "uart_bytes": 341,
    "uart_115200_ms": 29.600694444444443,
    "tick_calls": 1,
    "no_tick_sys_cycles": 677582,
    "no_tick_ms": 6.77582,
    "no_tick_start": 245981924,
    "no_tick_end": 246659506,
    "uart_tx_allowance_ms": 28.47222222222222,
    "period_bound_ms": 285.24804222222224,
    "period_bound_margin_ms": 214.75195777777776,
    "liveness_bound_margin_ms": 1714.7519577777778,
    "phy_publication_bound_ms": 161.67600222222225
  },
  {
    "duty": "milan_status",
    "start_sys_cycle": 246659507,
    "end_sys_cycle": 247436424,
    "sys_cycles": 776917,
    "cpu_cycles": 388459,
    "ms": 7.76917,
    "device_wait_ms": 0.0,
    "service_ms": 7.76917,
    "budget_ms": 500,
    "margin_ms": 492.23083,
    "command_index": 182,
    "uart_bytes": 341,
    "uart_115200_ms": 29.600694444444443,
    "tick_calls": 1,
    "no_tick_sys_cycles": 677582,
    "no_tick_ms": 6.77582,
    "no_tick_start": 246758842,
    "no_tick_end": 247436424,
    "uart_tx_allowance_ms": 28.47222222222222,
    "period_bound_ms": 285.24804222222224,
    "period_bound_margin_ms": 214.75195777777776,
    "liveness_bound_margin_ms": 1714.7519577777778,
    "phy_publication_bound_ms": 161.67600222222225
  },
  {
    "duty": "milan_status",
    "start_sys_cycle": 247436425,
    "end_sys_cycle": 248213342,
    "sys_cycles": 776917,
    "cpu_cycles": 388459,
    "ms": 7.76917,
    "device_wait_ms": 0.0,
    "service_ms": 7.76917,
    "budget_ms": 500,
    "margin_ms": 492.23083,
    "command_index": 183,
    "uart_bytes": 341,
    "uart_115200_ms": 29.600694444444443,
    "tick_calls": 1,
    "no_tick_sys_cycles": 677582,
    "no_tick_ms": 6.77582,
    "no_tick_start": 247535760,
    "no_tick_end": 248213342,
    "uart_tx_allowance_ms": 28.47222222222222,
    "period_bound_ms": 285.24804222222224,
    "period_bound_margin_ms": 214.75195777777776,
    "liveness_bound_margin_ms": 1714.7519577777778,
    "phy_publication_bound_ms": 161.67600222222225
  },
  {
    "duty": "milan_status",
    "start_sys_cycle": 248213343,
    "end_sys_cycle": 248990322,
    "sys_cycles": 776979,
    "cpu_cycles": 388490,
    "ms": 7.76979,
    "device_wait_ms": 0.0,
    "service_ms": 7.76979,
    "budget_ms": 500,
    "margin_ms": 492.23021,
    "command_index": 184,
    "uart_bytes": 341,
    "uart_115200_ms": 29.600694444444443,
    "tick_calls": 1,
    "no_tick_sys_cycles": 677582,
    "no_tick_ms": 6.77582,
    "no_tick_start": 248312740,
    "no_tick_end": 248990322,
    "uart_tx_allowance_ms": 28.47222222222222,
    "period_bound_ms": 285.24804222222224,
    "period_bound_margin_ms": 214.75195777777776,
    "liveness_bound_margin_ms": 1714.7519577777778,
    "phy_publication_bound_ms": 161.67600222222225
  },
  {
    "duty": "milan_status",
    "start_sys_cycle": 248990323,
    "end_sys_cycle": 249767240,
    "sys_cycles": 776917,
    "cpu_cycles": 388459,
    "ms": 7.76917,
    "device_wait_ms": 0.0,
    "service_ms": 7.76917,
    "budget_ms": 500,
    "margin_ms": 492.23083,
    "command_index": 185,
    "uart_bytes": 341,
    "uart_115200_ms": 29.600694444444443,
    "tick_calls": 1,
    "no_tick_sys_cycles": 677582,
    "no_tick_ms": 6.77582,
    "no_tick_start": 249089658,
    "no_tick_end": 249767240,
    "uart_tx_allowance_ms": 28.47222222222222,
    "period_bound_ms": 285.24804222222224,
    "period_bound_margin_ms": 214.75195777777776,
    "liveness_bound_margin_ms": 1714.7519577777778,
    "phy_publication_bound_ms": 161.67600222222225
  },
  {
    "duty": "milan_status",
    "start_sys_cycle": 249767241,
    "end_sys_cycle": 250544158,
    "sys_cycles": 776917,
    "cpu_cycles": 388459,
    "ms": 7.76917,
    "device_wait_ms": 0.0,
    "service_ms": 7.76917,
    "budget_ms": 500,
    "margin_ms": 492.23083,
    "command_index": 186,
    "uart_bytes": 341,
    "uart_115200_ms": 29.600694444444443,
    "tick_calls": 1,
    "no_tick_sys_cycles": 677582,
    "no_tick_ms": 6.77582,
    "no_tick_start": 249866576,
    "no_tick_end": 250544158,
    "uart_tx_allowance_ms": 28.47222222222222,
    "period_bound_ms": 285.24804222222224,
    "period_bound_margin_ms": 214.75195777777776,
    "liveness_bound_margin_ms": 1714.7519577777778,
    "phy_publication_bound_ms": 161.67600222222225
  },
  {
    "duty": "milan_status",
    "start_sys_cycle": 250544159,
    "end_sys_cycle": 251384948,
    "sys_cycles": 840789,
    "cpu_cycles": 420395,
    "ms": 8.40789,
    "device_wait_ms": 0.0,
    "service_ms": 8.40789,
    "budget_ms": 500,
    "margin_ms": 491.59211,
    "command_index": 187,
    "uart_bytes": 341,
    "uart_115200_ms": 29.600694444444443,
    "tick_calls": 1,
    "no_tick_sys_cycles": 741454,
    "no_tick_ms": 7.41454,
    "no_tick_start": 250643494,
    "no_tick_end": 251384948,
    "uart_tx_allowance_ms": 28.47222222222222,
    "period_bound_ms": 285.8867622222222,
    "period_bound_margin_ms": 214.11323777777778,
    "liveness_bound_margin_ms": 1714.1132377777778,
    "phy_publication_bound_ms": 162.31472222222223
  },
  {
    "duty": "milan_status",
    "start_sys_cycle": 251384949,
    "end_sys_cycle": 252161866,
    "sys_cycles": 776917,
    "cpu_cycles": 388459,
    "ms": 7.76917,
    "device_wait_ms": 0.0,
    "service_ms": 7.76917,
    "budget_ms": 500,
    "margin_ms": 492.23083,
    "command_index": 188,
    "uart_bytes": 341,
    "uart_115200_ms": 29.600694444444443,
    "tick_calls": 1,
    "no_tick_sys_cycles": 677582,
    "no_tick_ms": 6.77582,
    "no_tick_start": 251484284,
    "no_tick_end": 252161866,
    "uart_tx_allowance_ms": 28.47222222222222,
    "period_bound_ms": 285.24804222222224,
    "period_bound_margin_ms": 214.75195777777776,
    "liveness_bound_margin_ms": 1714.7519577777778,
    "phy_publication_bound_ms": 161.67600222222225
  },
  {
    "duty": "milan_status",
    "start_sys_cycle": 252161867,
    "end_sys_cycle": 252938846,
    "sys_cycles": 776979,
    "cpu_cycles": 388490,
    "ms": 7.76979,
    "device_wait_ms": 0.0,
    "service_ms": 7.76979,
    "budget_ms": 500,
    "margin_ms": 492.23021,
    "command_index": 189,
    "uart_bytes": 341,
    "uart_115200_ms": 29.600694444444443,
    "tick_calls": 1,
    "no_tick_sys_cycles": 677582,
    "no_tick_ms": 6.77582,
    "no_tick_start": 252261264,
    "no_tick_end": 252938846,
    "uart_tx_allowance_ms": 28.47222222222222,
    "period_bound_ms": 285.24804222222224,
    "period_bound_margin_ms": 214.75195777777776,
    "liveness_bound_margin_ms": 1714.7519577777778,
    "phy_publication_bound_ms": 161.67600222222225
  },
  {
    "duty": "milan_status",
    "start_sys_cycle": 252938847,
    "end_sys_cycle": 253715764,
    "sys_cycles": 776917,
    "cpu_cycles": 388459,
    "ms": 7.76917,
    "device_wait_ms": 0.0,
    "service_ms": 7.76917,
    "budget_ms": 500,
    "margin_ms": 492.23083,
    "command_index": 190,
    "uart_bytes": 341,
    "uart_115200_ms": 29.600694444444443,
    "tick_calls": 1,
    "no_tick_sys_cycles": 677582,
    "no_tick_ms": 6.77582,
    "no_tick_start": 253038182,
    "no_tick_end": 253715764,
    "uart_tx_allowance_ms": 28.47222222222222,
    "period_bound_ms": 285.24804222222224,
    "period_bound_margin_ms": 214.75195777777776,
    "liveness_bound_margin_ms": 1714.7519577777778,
    "phy_publication_bound_ms": 161.67600222222225
  },
  {
    "duty": "milan_status",
    "start_sys_cycle": 253715765,
    "end_sys_cycle": 254492682,
    "sys_cycles": 776917,
    "cpu_cycles": 388459,
    "ms": 7.76917,
    "device_wait_ms": 0.0,
    "service_ms": 7.76917,
    "budget_ms": 500,
    "margin_ms": 492.23083,
    "command_index": 191,
    "uart_bytes": 341,
    "uart_115200_ms": 29.600694444444443,
    "tick_calls": 1,
    "no_tick_sys_cycles": 677582,
    "no_tick_ms": 6.77582,
    "no_tick_start": 253815100,
    "no_tick_end": 254492682,
    "uart_tx_allowance_ms": 28.47222222222222,
    "period_bound_ms": 285.24804222222224,
    "period_bound_margin_ms": 214.75195777777776,
    "liveness_bound_margin_ms": 1714.7519577777778,
    "phy_publication_bound_ms": 161.67600222222225
  },
  {
    "duty": "milan_status",
    "start_sys_cycle": 254492683,
    "end_sys_cycle": 255269600,
    "sys_cycles": 776917,
    "cpu_cycles": 388459,
    "ms": 7.76917,
    "device_wait_ms": 0.0,
    "service_ms": 7.76917,
    "budget_ms": 500,
    "margin_ms": 492.23083,
    "command_index": 192,
    "uart_bytes": 341,
    "uart_115200_ms": 29.600694444444443,
    "tick_calls": 1,
    "no_tick_sys_cycles": 677582,
    "no_tick_ms": 6.77582,
    "no_tick_start": 254592018,
    "no_tick_end": 255269600,
    "uart_tx_allowance_ms": 28.47222222222222,
    "period_bound_ms": 285.24804222222224,
    "period_bound_margin_ms": 214.75195777777776,
    "liveness_bound_margin_ms": 1714.7519577777778,
    "phy_publication_bound_ms": 161.67600222222225
  },
  {
    "duty": "milan_status",
    "start_sys_cycle": 255269601,
    "end_sys_cycle": 256046518,
    "sys_cycles": 776917,
    "cpu_cycles": 388459,
    "ms": 7.76917,
    "device_wait_ms": 0.0,
    "service_ms": 7.76917,
    "budget_ms": 500,
    "margin_ms": 492.23083,
    "command_index": 193,
    "uart_bytes": 341,
    "uart_115200_ms": 29.600694444444443,
    "tick_calls": 1,
    "no_tick_sys_cycles": 677582,
    "no_tick_ms": 6.77582,
    "no_tick_start": 255368936,
    "no_tick_end": 256046518,
    "uart_tx_allowance_ms": 28.47222222222222,
    "period_bound_ms": 285.24804222222224,
    "period_bound_margin_ms": 214.75195777777776,
    "liveness_bound_margin_ms": 1714.7519577777778,
    "phy_publication_bound_ms": 161.67600222222225
  },
  {
    "duty": "milan_status",
    "start_sys_cycle": 256046519,
    "end_sys_cycle": 256823498,
    "sys_cycles": 776979,
    "cpu_cycles": 388490,
    "ms": 7.76979,
    "device_wait_ms": 0.0,
    "service_ms": 7.76979,
    "budget_ms": 500,
    "margin_ms": 492.23021,
    "command_index": 194,
    "uart_bytes": 341,
    "uart_115200_ms": 29.600694444444443,
    "tick_calls": 1,
    "no_tick_sys_cycles": 677582,
    "no_tick_ms": 6.77582,
    "no_tick_start": 256145916,
    "no_tick_end": 256823498,
    "uart_tx_allowance_ms": 28.47222222222222,
    "period_bound_ms": 285.24804222222224,
    "period_bound_margin_ms": 214.75195777777776,
    "liveness_bound_margin_ms": 1714.7519577777778,
    "phy_publication_bound_ms": 161.67600222222225
  },
  {
    "duty": "milan_status",
    "start_sys_cycle": 256823499,
    "end_sys_cycle": 257600416,
    "sys_cycles": 776917,
    "cpu_cycles": 388459,
    "ms": 7.76917,
    "device_wait_ms": 0.0,
    "service_ms": 7.76917,
    "budget_ms": 500,
    "margin_ms": 492.23083,
    "command_index": 195,
    "uart_bytes": 341,
    "uart_115200_ms": 29.600694444444443,
    "tick_calls": 1,
    "no_tick_sys_cycles": 677582,
    "no_tick_ms": 6.77582,
    "no_tick_start": 256922834,
    "no_tick_end": 257600416,
    "uart_tx_allowance_ms": 28.47222222222222,
    "period_bound_ms": 285.24804222222224,
    "period_bound_margin_ms": 214.75195777777776,
    "liveness_bound_margin_ms": 1714.7519577777778,
    "phy_publication_bound_ms": 161.67600222222225
  },
  {
    "duty": "milan_status",
    "start_sys_cycle": 257600417,
    "end_sys_cycle": 258377334,
    "sys_cycles": 776917,
    "cpu_cycles": 388459,
    "ms": 7.76917,
    "device_wait_ms": 0.0,
    "service_ms": 7.76917,
    "budget_ms": 500,
    "margin_ms": 492.23083,
    "command_index": 196,
    "uart_bytes": 341,
    "uart_115200_ms": 29.600694444444443,
    "tick_calls": 1,
    "no_tick_sys_cycles": 677582,
    "no_tick_ms": 6.77582,
    "no_tick_start": 257699752,
    "no_tick_end": 258377334,
    "uart_tx_allowance_ms": 28.47222222222222,
    "period_bound_ms": 285.24804222222224,
    "period_bound_margin_ms": 214.75195777777776,
    "liveness_bound_margin_ms": 1714.7519577777778,
    "phy_publication_bound_ms": 161.67600222222225
  },
  {
    "duty": "milan_status",
    "start_sys_cycle": 258377335,
    "end_sys_cycle": 259154252,
    "sys_cycles": 776917,
    "cpu_cycles": 388459,
    "ms": 7.76917,
    "device_wait_ms": 0.0,
    "service_ms": 7.76917,
    "budget_ms": 500,
    "margin_ms": 492.23083,
    "command_index": 197,
    "uart_bytes": 341,
    "uart_115200_ms": 29.600694444444443,
    "tick_calls": 1,
    "no_tick_sys_cycles": 677582,
    "no_tick_ms": 6.77582,
    "no_tick_start": 258476670,
    "no_tick_end": 259154252,
    "uart_tx_allowance_ms": 28.47222222222222,
    "period_bound_ms": 285.24804222222224,
    "period_bound_margin_ms": 214.75195777777776,
    "liveness_bound_margin_ms": 1714.7519577777778,
    "phy_publication_bound_ms": 161.67600222222225
  },
  {
    "duty": "milan_status",
    "start_sys_cycle": 259154253,
    "end_sys_cycle": 259931170,
    "sys_cycles": 776917,
    "cpu_cycles": 388459,
    "ms": 7.76917,
    "device_wait_ms": 0.0,
    "service_ms": 7.76917,
    "budget_ms": 500,
    "margin_ms": 492.23083,
    "command_index": 198,
    "uart_bytes": 341,
    "uart_115200_ms": 29.600694444444443,
    "tick_calls": 1,
    "no_tick_sys_cycles": 677582,
    "no_tick_ms": 6.77582,
    "no_tick_start": 259253588,
    "no_tick_end": 259931170,
    "uart_tx_allowance_ms": 28.47222222222222,
    "period_bound_ms": 285.24804222222224,
    "period_bound_margin_ms": 214.75195777777776,
    "liveness_bound_margin_ms": 1714.7519577777778,
    "phy_publication_bound_ms": 161.67600222222225
  },
  {
    "duty": "milan_status",
    "start_sys_cycle": 259931171,
    "end_sys_cycle": 260708150,
    "sys_cycles": 776979,
    "cpu_cycles": 388490,
    "ms": 7.76979,
    "device_wait_ms": 0.0,
    "service_ms": 7.76979,
    "budget_ms": 500,
    "margin_ms": 492.23021,
    "command_index": 199,
    "uart_bytes": 341,
    "uart_115200_ms": 29.600694444444443,
    "tick_calls": 1,
    "no_tick_sys_cycles": 677582,
    "no_tick_ms": 6.77582,
    "no_tick_start": 260030568,
    "no_tick_end": 260708150,
    "uart_tx_allowance_ms": 28.47222222222222,
    "period_bound_ms": 285.24804222222224,
    "period_bound_margin_ms": 214.75195777777776,
    "liveness_bound_margin_ms": 1714.7519577777778,
    "phy_publication_bound_ms": 161.67600222222225
  },
  {
    "duty": "milan_status",
    "start_sys_cycle": 260708151,
    "end_sys_cycle": 261485068,
    "sys_cycles": 776917,
    "cpu_cycles": 388459,
    "ms": 7.76917,
    "device_wait_ms": 0.0,
    "service_ms": 7.76917,
    "budget_ms": 500,
    "margin_ms": 492.23083,
    "command_index": 200,
    "uart_bytes": 341,
    "uart_115200_ms": 29.600694444444443,
    "tick_calls": 1,
    "no_tick_sys_cycles": 677582,
    "no_tick_ms": 6.77582,
    "no_tick_start": 260807486,
    "no_tick_end": 261485068,
    "uart_tx_allowance_ms": 28.47222222222222,
    "period_bound_ms": 285.24804222222224,
    "period_bound_margin_ms": 214.75195777777776,
    "liveness_bound_margin_ms": 1714.7519577777778,
    "phy_publication_bound_ms": 161.67600222222225
  },
  {
    "duty": "milan_status",
    "start_sys_cycle": 261485069,
    "end_sys_cycle": 262261986,
    "sys_cycles": 776917,
    "cpu_cycles": 388459,
    "ms": 7.76917,
    "device_wait_ms": 0.0,
    "service_ms": 7.76917,
    "budget_ms": 500,
    "margin_ms": 492.23083,
    "command_index": 201,
    "uart_bytes": 341,
    "uart_115200_ms": 29.600694444444443,
    "tick_calls": 1,
    "no_tick_sys_cycles": 677582,
    "no_tick_ms": 6.77582,
    "no_tick_start": 261584404,
    "no_tick_end": 262261986,
    "uart_tx_allowance_ms": 28.47222222222222,
    "period_bound_ms": 285.24804222222224,
    "period_bound_margin_ms": 214.75195777777776,
    "liveness_bound_margin_ms": 1714.7519577777778,
    "phy_publication_bound_ms": 161.67600222222225
  },
  {
    "duty": "milan_status",
    "start_sys_cycle": 262261987,
    "end_sys_cycle": 263038904,
    "sys_cycles": 776917,
    "cpu_cycles": 388459,
    "ms": 7.76917,
    "device_wait_ms": 0.0,
    "service_ms": 7.76917,
    "budget_ms": 500,
    "margin_ms": 492.23083,
    "command_index": 202,
    "uart_bytes": 341,
    "uart_115200_ms": 29.600694444444443,
    "tick_calls": 1,
    "no_tick_sys_cycles": 677582,
    "no_tick_ms": 6.77582,
    "no_tick_start": 262361322,
    "no_tick_end": 263038904,
    "uart_tx_allowance_ms": 28.47222222222222,
    "period_bound_ms": 285.24804222222224,
    "period_bound_margin_ms": 214.75195777777776,
    "liveness_bound_margin_ms": 1714.7519577777778,
    "phy_publication_bound_ms": 161.67600222222225
  },
  {
    "duty": "milan_status",
    "start_sys_cycle": 263038905,
    "end_sys_cycle": 263815822,
    "sys_cycles": 776917,
    "cpu_cycles": 388459,
    "ms": 7.76917,
    "device_wait_ms": 0.0,
    "service_ms": 7.76917,
    "budget_ms": 500,
    "margin_ms": 492.23083,
    "command_index": 203,
    "uart_bytes": 341,
    "uart_115200_ms": 29.600694444444443,
    "tick_calls": 1,
    "no_tick_sys_cycles": 677582,
    "no_tick_ms": 6.77582,
    "no_tick_start": 263138240,
    "no_tick_end": 263815822,
    "uart_tx_allowance_ms": 28.47222222222222,
    "period_bound_ms": 285.24804222222224,
    "period_bound_margin_ms": 214.75195777777776,
    "liveness_bound_margin_ms": 1714.7519577777778,
    "phy_publication_bound_ms": 161.67600222222225
  },
  {
    "duty": "milan_status",
    "start_sys_cycle": 263815823,
    "end_sys_cycle": 264656674,
    "sys_cycles": 840851,
    "cpu_cycles": 420426,
    "ms": 8.40851,
    "device_wait_ms": 0.0,
    "service_ms": 8.40851,
    "budget_ms": 500,
    "margin_ms": 491.59149,
    "command_index": 204,
    "uart_bytes": 341,
    "uart_115200_ms": 29.600694444444443,
    "tick_calls": 1,
    "no_tick_sys_cycles": 741454,
    "no_tick_ms": 7.41454,
    "no_tick_start": 263915220,
    "no_tick_end": 264656674,
    "uart_tx_allowance_ms": 28.47222222222222,
    "period_bound_ms": 285.8867622222222,
    "period_bound_margin_ms": 214.11323777777778,
    "liveness_bound_margin_ms": 1714.1132377777778,
    "phy_publication_bound_ms": 162.31472222222223
  },
  {
    "duty": "milan_status",
    "start_sys_cycle": 264656675,
    "end_sys_cycle": 265433592,
    "sys_cycles": 776917,
    "cpu_cycles": 388459,
    "ms": 7.76917,
    "device_wait_ms": 0.0,
    "service_ms": 7.76917,
    "budget_ms": 500,
    "margin_ms": 492.23083,
    "command_index": 205,
    "uart_bytes": 341,
    "uart_115200_ms": 29.600694444444443,
    "tick_calls": 1,
    "no_tick_sys_cycles": 677582,
    "no_tick_ms": 6.77582,
    "no_tick_start": 264756010,
    "no_tick_end": 265433592,
    "uart_tx_allowance_ms": 28.47222222222222,
    "period_bound_ms": 285.24804222222224,
    "period_bound_margin_ms": 214.75195777777776,
    "liveness_bound_margin_ms": 1714.7519577777778,
    "phy_publication_bound_ms": 161.67600222222225
  },
  {
    "duty": "milan_status",
    "start_sys_cycle": 265433593,
    "end_sys_cycle": 266210510,
    "sys_cycles": 776917,
    "cpu_cycles": 388459,
    "ms": 7.76917,
    "device_wait_ms": 0.0,
    "service_ms": 7.76917,
    "budget_ms": 500,
    "margin_ms": 492.23083,
    "command_index": 206,
    "uart_bytes": 341,
    "uart_115200_ms": 29.600694444444443,
    "tick_calls": 1,
    "no_tick_sys_cycles": 677582,
    "no_tick_ms": 6.77582,
    "no_tick_start": 265532928,
    "no_tick_end": 266210510,
    "uart_tx_allowance_ms": 28.47222222222222,
    "period_bound_ms": 285.24804222222224,
    "period_bound_margin_ms": 214.75195777777776,
    "liveness_bound_margin_ms": 1714.7519577777778,
    "phy_publication_bound_ms": 161.67600222222225
  },
  {
    "duty": "milan_status",
    "start_sys_cycle": 266210511,
    "end_sys_cycle": 266987428,
    "sys_cycles": 776917,
    "cpu_cycles": 388459,
    "ms": 7.76917,
    "device_wait_ms": 0.0,
    "service_ms": 7.76917,
    "budget_ms": 500,
    "margin_ms": 492.23083,
    "command_index": 207,
    "uart_bytes": 341,
    "uart_115200_ms": 29.600694444444443,
    "tick_calls": 1,
    "no_tick_sys_cycles": 677582,
    "no_tick_ms": 6.77582,
    "no_tick_start": 266309846,
    "no_tick_end": 266987428,
    "uart_tx_allowance_ms": 28.47222222222222,
    "period_bound_ms": 285.24804222222224,
    "period_bound_margin_ms": 214.75195777777776,
    "liveness_bound_margin_ms": 1714.7519577777778,
    "phy_publication_bound_ms": 161.67600222222225
  },
  {
    "duty": "milan_status",
    "start_sys_cycle": 266987429,
    "end_sys_cycle": 267764346,
    "sys_cycles": 776917,
    "cpu_cycles": 388459,
    "ms": 7.76917,
    "device_wait_ms": 0.0,
    "service_ms": 7.76917,
    "budget_ms": 500,
    "margin_ms": 492.23083,
    "command_index": 208,
    "uart_bytes": 341,
    "uart_115200_ms": 29.600694444444443,
    "tick_calls": 1,
    "no_tick_sys_cycles": 677582,
    "no_tick_ms": 6.77582,
    "no_tick_start": 267086764,
    "no_tick_end": 267764346,
    "uart_tx_allowance_ms": 28.47222222222222,
    "period_bound_ms": 285.24804222222224,
    "period_bound_margin_ms": 214.75195777777776,
    "liveness_bound_margin_ms": 1714.7519577777778,
    "phy_publication_bound_ms": 161.67600222222225
  },
  {
    "duty": "milan_status",
    "start_sys_cycle": 267764347,
    "end_sys_cycle": 268541326,
    "sys_cycles": 776979,
    "cpu_cycles": 388490,
    "ms": 7.76979,
    "device_wait_ms": 0.0,
    "service_ms": 7.76979,
    "budget_ms": 500,
    "margin_ms": 492.23021,
    "command_index": 209,
    "uart_bytes": 341,
    "uart_115200_ms": 29.600694444444443,
    "tick_calls": 1,
    "no_tick_sys_cycles": 677582,
    "no_tick_ms": 6.77582,
    "no_tick_start": 267863744,
    "no_tick_end": 268541326,
    "uart_tx_allowance_ms": 28.47222222222222,
    "period_bound_ms": 285.24804222222224,
    "period_bound_margin_ms": 214.75195777777776,
    "liveness_bound_margin_ms": 1714.7519577777778,
    "phy_publication_bound_ms": 161.67600222222225
  },
  {
    "duty": "milan_status",
    "start_sys_cycle": 268541327,
    "end_sys_cycle": 269318244,
    "sys_cycles": 776917,
    "cpu_cycles": 388459,
    "ms": 7.76917,
    "device_wait_ms": 0.0,
    "service_ms": 7.76917,
    "budget_ms": 500,
    "margin_ms": 492.23083,
    "command_index": 210,
    "uart_bytes": 341,
    "uart_115200_ms": 29.600694444444443,
    "tick_calls": 1,
    "no_tick_sys_cycles": 677582,
    "no_tick_ms": 6.77582,
    "no_tick_start": 268640662,
    "no_tick_end": 269318244,
    "uart_tx_allowance_ms": 28.47222222222222,
    "period_bound_ms": 285.24804222222224,
    "period_bound_margin_ms": 214.75195777777776,
    "liveness_bound_margin_ms": 1714.7519577777778,
    "phy_publication_bound_ms": 161.67600222222225
  },
  {
    "duty": "milan_status",
    "start_sys_cycle": 269318245,
    "end_sys_cycle": 270095162,
    "sys_cycles": 776917,
    "cpu_cycles": 388459,
    "ms": 7.76917,
    "device_wait_ms": 0.0,
    "service_ms": 7.76917,
    "budget_ms": 500,
    "margin_ms": 492.23083,
    "command_index": 211,
    "uart_bytes": 341,
    "uart_115200_ms": 29.600694444444443,
    "tick_calls": 1,
    "no_tick_sys_cycles": 677582,
    "no_tick_ms": 6.77582,
    "no_tick_start": 269417580,
    "no_tick_end": 270095162,
    "uart_tx_allowance_ms": 28.47222222222222,
    "period_bound_ms": 285.24804222222224,
    "period_bound_margin_ms": 214.75195777777776,
    "liveness_bound_margin_ms": 1714.7519577777778,
    "phy_publication_bound_ms": 161.67600222222225
  },
  {
    "duty": "milan_status",
    "start_sys_cycle": 270095163,
    "end_sys_cycle": 270872080,
    "sys_cycles": 776917,
    "cpu_cycles": 388459,
    "ms": 7.76917,
    "device_wait_ms": 0.0,
    "service_ms": 7.76917,
    "budget_ms": 500,
    "margin_ms": 492.23083,
    "command_index": 212,
    "uart_bytes": 341,
    "uart_115200_ms": 29.600694444444443,
    "tick_calls": 1,
    "no_tick_sys_cycles": 677582,
    "no_tick_ms": 6.77582,
    "no_tick_start": 270194498,
    "no_tick_end": 270872080,
    "uart_tx_allowance_ms": 28.47222222222222,
    "period_bound_ms": 285.24804222222224,
    "period_bound_margin_ms": 214.75195777777776,
    "liveness_bound_margin_ms": 1714.7519577777778,
    "phy_publication_bound_ms": 161.67600222222225
  },
  {
    "duty": "milan_status",
    "start_sys_cycle": 270872081,
    "end_sys_cycle": 271649046,
    "sys_cycles": 776965,
    "cpu_cycles": 388483,
    "ms": 7.76965,
    "device_wait_ms": 0.0,
    "service_ms": 7.76965,
    "budget_ms": 500,
    "margin_ms": 492.23035,
    "command_index": 213,
    "uart_bytes": 341,
    "uart_115200_ms": 29.600694444444443,
    "tick_calls": 1,
    "no_tick_sys_cycles": 677630,
    "no_tick_ms": 6.7763,
    "no_tick_start": 270971416,
    "no_tick_end": 271649046,
    "uart_tx_allowance_ms": 28.47222222222222,
    "period_bound_ms": 285.2485222222222,
    "period_bound_margin_ms": 214.75147777777778,
    "liveness_bound_margin_ms": 1714.7514777777778,
    "phy_publication_bound_ms": 161.67648222222223
  },
  {
    "duty": "milan_status",
    "start_sys_cycle": 271649047,
    "end_sys_cycle": 272426026,
    "sys_cycles": 776979,
    "cpu_cycles": 388490,
    "ms": 7.76979,
    "device_wait_ms": 0.0,
    "service_ms": 7.76979,
    "budget_ms": 500,
    "margin_ms": 492.23021,
    "command_index": 214,
    "uart_bytes": 341,
    "uart_115200_ms": 29.600694444444443,
    "tick_calls": 1,
    "no_tick_sys_cycles": 677582,
    "no_tick_ms": 6.77582,
    "no_tick_start": 271748444,
    "no_tick_end": 272426026,
    "uart_tx_allowance_ms": 28.47222222222222,
    "period_bound_ms": 285.24804222222224,
    "period_bound_margin_ms": 214.75195777777776,
    "liveness_bound_margin_ms": 1714.7519577777778,
    "phy_publication_bound_ms": 161.67600222222225
  },
  {
    "duty": "milan_status",
    "start_sys_cycle": 272426027,
    "end_sys_cycle": 273202944,
    "sys_cycles": 776917,
    "cpu_cycles": 388459,
    "ms": 7.76917,
    "device_wait_ms": 0.0,
    "service_ms": 7.76917,
    "budget_ms": 500,
    "margin_ms": 492.23083,
    "command_index": 215,
    "uart_bytes": 341,
    "uart_115200_ms": 29.600694444444443,
    "tick_calls": 1,
    "no_tick_sys_cycles": 677582,
    "no_tick_ms": 6.77582,
    "no_tick_start": 272525362,
    "no_tick_end": 273202944,
    "uart_tx_allowance_ms": 28.47222222222222,
    "period_bound_ms": 285.24804222222224,
    "period_bound_margin_ms": 214.75195777777776,
    "liveness_bound_margin_ms": 1714.7519577777778,
    "phy_publication_bound_ms": 161.67600222222225
  },
  {
    "duty": "milan_status",
    "start_sys_cycle": 273202945,
    "end_sys_cycle": 273979862,
    "sys_cycles": 776917,
    "cpu_cycles": 388459,
    "ms": 7.76917,
    "device_wait_ms": 0.0,
    "service_ms": 7.76917,
    "budget_ms": 500,
    "margin_ms": 492.23083,
    "command_index": 216,
    "uart_bytes": 341,
    "uart_115200_ms": 29.600694444444443,
    "tick_calls": 1,
    "no_tick_sys_cycles": 677582,
    "no_tick_ms": 6.77582,
    "no_tick_start": 273302280,
    "no_tick_end": 273979862,
    "uart_tx_allowance_ms": 28.47222222222222,
    "period_bound_ms": 285.24804222222224,
    "period_bound_margin_ms": 214.75195777777776,
    "liveness_bound_margin_ms": 1714.7519577777778,
    "phy_publication_bound_ms": 161.67600222222225
  },
  {
    "duty": "milan_status",
    "start_sys_cycle": 273979863,
    "end_sys_cycle": 274756780,
    "sys_cycles": 776917,
    "cpu_cycles": 388459,
    "ms": 7.76917,
    "device_wait_ms": 0.0,
    "service_ms": 7.76917,
    "budget_ms": 500,
    "margin_ms": 492.23083,
    "command_index": 217,
    "uart_bytes": 341,
    "uart_115200_ms": 29.600694444444443,
    "tick_calls": 1,
    "no_tick_sys_cycles": 677582,
    "no_tick_ms": 6.77582,
    "no_tick_start": 274079198,
    "no_tick_end": 274756780,
    "uart_tx_allowance_ms": 28.47222222222222,
    "period_bound_ms": 285.24804222222224,
    "period_bound_margin_ms": 214.75195777777776,
    "liveness_bound_margin_ms": 1714.7519577777778,
    "phy_publication_bound_ms": 161.67600222222225
  },
  {
    "duty": "milan_status",
    "start_sys_cycle": 274756781,
    "end_sys_cycle": 275533698,
    "sys_cycles": 776917,
    "cpu_cycles": 388459,
    "ms": 7.76917,
    "device_wait_ms": 0.0,
    "service_ms": 7.76917,
    "budget_ms": 500,
    "margin_ms": 492.23083,
    "command_index": 218,
    "uart_bytes": 341,
    "uart_115200_ms": 29.600694444444443,
    "tick_calls": 1,
    "no_tick_sys_cycles": 677582,
    "no_tick_ms": 6.77582,
    "no_tick_start": 274856116,
    "no_tick_end": 275533698,
    "uart_tx_allowance_ms": 28.47222222222222,
    "period_bound_ms": 285.24804222222224,
    "period_bound_margin_ms": 214.75195777777776,
    "liveness_bound_margin_ms": 1714.7519577777778,
    "phy_publication_bound_ms": 161.67600222222225
  },
  {
    "duty": "milan_status",
    "start_sys_cycle": 275533699,
    "end_sys_cycle": 276310678,
    "sys_cycles": 776979,
    "cpu_cycles": 388490,
    "ms": 7.76979,
    "device_wait_ms": 0.0,
    "service_ms": 7.76979,
    "budget_ms": 500,
    "margin_ms": 492.23021,
    "command_index": 219,
    "uart_bytes": 341,
    "uart_115200_ms": 29.600694444444443,
    "tick_calls": 1,
    "no_tick_sys_cycles": 677582,
    "no_tick_ms": 6.77582,
    "no_tick_start": 275633096,
    "no_tick_end": 276310678,
    "uart_tx_allowance_ms": 28.47222222222222,
    "period_bound_ms": 285.24804222222224,
    "period_bound_margin_ms": 214.75195777777776,
    "liveness_bound_margin_ms": 1714.7519577777778,
    "phy_publication_bound_ms": 161.67600222222225
  },
  {
    "duty": "milan_status",
    "start_sys_cycle": 276310679,
    "end_sys_cycle": 277087596,
    "sys_cycles": 776917,
    "cpu_cycles": 388459,
    "ms": 7.76917,
    "device_wait_ms": 0.0,
    "service_ms": 7.76917,
    "budget_ms": 500,
    "margin_ms": 492.23083,
    "command_index": 220,
    "uart_bytes": 341,
    "uart_115200_ms": 29.600694444444443,
    "tick_calls": 1,
    "no_tick_sys_cycles": 677582,
    "no_tick_ms": 6.77582,
    "no_tick_start": 276410014,
    "no_tick_end": 277087596,
    "uart_tx_allowance_ms": 28.47222222222222,
    "period_bound_ms": 285.24804222222224,
    "period_bound_margin_ms": 214.75195777777776,
    "liveness_bound_margin_ms": 1714.7519577777778,
    "phy_publication_bound_ms": 161.67600222222225
  },
  {
    "duty": "milan_status",
    "start_sys_cycle": 277087597,
    "end_sys_cycle": 277928386,
    "sys_cycles": 840789,
    "cpu_cycles": 420395,
    "ms": 8.40789,
    "device_wait_ms": 0.0,
    "service_ms": 8.40789,
    "budget_ms": 500,
    "margin_ms": 491.59211,
    "command_index": 221,
    "uart_bytes": 341,
    "uart_115200_ms": 29.600694444444443,
    "tick_calls": 1,
    "no_tick_sys_cycles": 741454,
    "no_tick_ms": 7.41454,
    "no_tick_start": 277186932,
    "no_tick_end": 277928386,
    "uart_tx_allowance_ms": 28.47222222222222,
    "period_bound_ms": 285.8867622222222,
    "period_bound_margin_ms": 214.11323777777778,
    "liveness_bound_margin_ms": 1714.1132377777778,
    "phy_publication_bound_ms": 162.31472222222223
  },
  {
    "duty": "milan_status",
    "start_sys_cycle": 277928387,
    "end_sys_cycle": 278705304,
    "sys_cycles": 776917,
    "cpu_cycles": 388459,
    "ms": 7.76917,
    "device_wait_ms": 0.0,
    "service_ms": 7.76917,
    "budget_ms": 500,
    "margin_ms": 492.23083,
    "command_index": 222,
    "uart_bytes": 341,
    "uart_115200_ms": 29.600694444444443,
    "tick_calls": 1,
    "no_tick_sys_cycles": 677582,
    "no_tick_ms": 6.77582,
    "no_tick_start": 278027722,
    "no_tick_end": 278705304,
    "uart_tx_allowance_ms": 28.47222222222222,
    "period_bound_ms": 285.24804222222224,
    "period_bound_margin_ms": 214.75195777777776,
    "liveness_bound_margin_ms": 1714.7519577777778,
    "phy_publication_bound_ms": 161.67600222222225
  },
  {
    "duty": "milan_status",
    "start_sys_cycle": 278705305,
    "end_sys_cycle": 279482222,
    "sys_cycles": 776917,
    "cpu_cycles": 388459,
    "ms": 7.76917,
    "device_wait_ms": 0.0,
    "service_ms": 7.76917,
    "budget_ms": 500,
    "margin_ms": 492.23083,
    "command_index": 223,
    "uart_bytes": 341,
    "uart_115200_ms": 29.600694444444443,
    "tick_calls": 1,
    "no_tick_sys_cycles": 677582,
    "no_tick_ms": 6.77582,
    "no_tick_start": 278804640,
    "no_tick_end": 279482222,
    "uart_tx_allowance_ms": 28.47222222222222,
    "period_bound_ms": 285.24804222222224,
    "period_bound_margin_ms": 214.75195777777776,
    "liveness_bound_margin_ms": 1714.7519577777778,
    "phy_publication_bound_ms": 161.67600222222225
  },
  {
    "duty": "milan_status",
    "start_sys_cycle": 279482223,
    "end_sys_cycle": 280259202,
    "sys_cycles": 776979,
    "cpu_cycles": 388490,
    "ms": 7.76979,
    "device_wait_ms": 0.0,
    "service_ms": 7.76979,
    "budget_ms": 500,
    "margin_ms": 492.23021,
    "command_index": 224,
    "uart_bytes": 341,
    "uart_115200_ms": 29.600694444444443,
    "tick_calls": 1,
    "no_tick_sys_cycles": 677582,
    "no_tick_ms": 6.77582,
    "no_tick_start": 279581620,
    "no_tick_end": 280259202,
    "uart_tx_allowance_ms": 28.47222222222222,
    "period_bound_ms": 285.24804222222224,
    "period_bound_margin_ms": 214.75195777777776,
    "liveness_bound_margin_ms": 1714.7519577777778,
    "phy_publication_bound_ms": 161.67600222222225
  },
  {
    "duty": "milan_status",
    "start_sys_cycle": 280259203,
    "end_sys_cycle": 281036120,
    "sys_cycles": 776917,
    "cpu_cycles": 388459,
    "ms": 7.76917,
    "device_wait_ms": 0.0,
    "service_ms": 7.76917,
    "budget_ms": 500,
    "margin_ms": 492.23083,
    "command_index": 225,
    "uart_bytes": 341,
    "uart_115200_ms": 29.600694444444443,
    "tick_calls": 1,
    "no_tick_sys_cycles": 677582,
    "no_tick_ms": 6.77582,
    "no_tick_start": 280358538,
    "no_tick_end": 281036120,
    "uart_tx_allowance_ms": 28.47222222222222,
    "period_bound_ms": 285.24804222222224,
    "period_bound_margin_ms": 214.75195777777776,
    "liveness_bound_margin_ms": 1714.7519577777778,
    "phy_publication_bound_ms": 161.67600222222225
  },
  {
    "duty": "milan_status",
    "start_sys_cycle": 281036121,
    "end_sys_cycle": 281813038,
    "sys_cycles": 776917,
    "cpu_cycles": 388459,
    "ms": 7.76917,
    "device_wait_ms": 0.0,
    "service_ms": 7.76917,
    "budget_ms": 500,
    "margin_ms": 492.23083,
    "command_index": 226,
    "uart_bytes": 341,
    "uart_115200_ms": 29.600694444444443,
    "tick_calls": 1,
    "no_tick_sys_cycles": 677582,
    "no_tick_ms": 6.77582,
    "no_tick_start": 281135456,
    "no_tick_end": 281813038,
    "uart_tx_allowance_ms": 28.47222222222222,
    "period_bound_ms": 285.24804222222224,
    "period_bound_margin_ms": 214.75195777777776,
    "liveness_bound_margin_ms": 1714.7519577777778,
    "phy_publication_bound_ms": 161.67600222222225
  },
  {
    "duty": "milan_status",
    "start_sys_cycle": 281813039,
    "end_sys_cycle": 282589956,
    "sys_cycles": 776917,
    "cpu_cycles": 388459,
    "ms": 7.76917,
    "device_wait_ms": 0.0,
    "service_ms": 7.76917,
    "budget_ms": 500,
    "margin_ms": 492.23083,
    "command_index": 227,
    "uart_bytes": 341,
    "uart_115200_ms": 29.600694444444443,
    "tick_calls": 1,
    "no_tick_sys_cycles": 677582,
    "no_tick_ms": 6.77582,
    "no_tick_start": 281912374,
    "no_tick_end": 282589956,
    "uart_tx_allowance_ms": 28.47222222222222,
    "period_bound_ms": 285.24804222222224,
    "period_bound_margin_ms": 214.75195777777776,
    "liveness_bound_margin_ms": 1714.7519577777778,
    "phy_publication_bound_ms": 161.67600222222225
  },
  {
    "duty": "milan_status",
    "start_sys_cycle": 282589957,
    "end_sys_cycle": 283366874,
    "sys_cycles": 776917,
    "cpu_cycles": 388459,
    "ms": 7.76917,
    "device_wait_ms": 0.0,
    "service_ms": 7.76917,
    "budget_ms": 500,
    "margin_ms": 492.23083,
    "command_index": 228,
    "uart_bytes": 341,
    "uart_115200_ms": 29.600694444444443,
    "tick_calls": 1,
    "no_tick_sys_cycles": 677582,
    "no_tick_ms": 6.77582,
    "no_tick_start": 282689292,
    "no_tick_end": 283366874,
    "uart_tx_allowance_ms": 28.47222222222222,
    "period_bound_ms": 285.24804222222224,
    "period_bound_margin_ms": 214.75195777777776,
    "liveness_bound_margin_ms": 1714.7519577777778,
    "phy_publication_bound_ms": 161.67600222222225
  },
  {
    "duty": "milan_status",
    "start_sys_cycle": 283366875,
    "end_sys_cycle": 284143854,
    "sys_cycles": 776979,
    "cpu_cycles": 388490,
    "ms": 7.76979,
    "device_wait_ms": 0.0,
    "service_ms": 7.76979,
    "budget_ms": 500,
    "margin_ms": 492.23021,
    "command_index": 229,
    "uart_bytes": 341,
    "uart_115200_ms": 29.600694444444443,
    "tick_calls": 1,
    "no_tick_sys_cycles": 677582,
    "no_tick_ms": 6.77582,
    "no_tick_start": 283466272,
    "no_tick_end": 284143854,
    "uart_tx_allowance_ms": 28.47222222222222,
    "period_bound_ms": 285.24804222222224,
    "period_bound_margin_ms": 214.75195777777776,
    "liveness_bound_margin_ms": 1714.7519577777778,
    "phy_publication_bound_ms": 161.67600222222225
  },
  {
    "duty": "milan_status",
    "start_sys_cycle": 284143855,
    "end_sys_cycle": 284920772,
    "sys_cycles": 776917,
    "cpu_cycles": 388459,
    "ms": 7.76917,
    "device_wait_ms": 0.0,
    "service_ms": 7.76917,
    "budget_ms": 500,
    "margin_ms": 492.23083,
    "command_index": 230,
    "uart_bytes": 341,
    "uart_115200_ms": 29.600694444444443,
    "tick_calls": 1,
    "no_tick_sys_cycles": 677582,
    "no_tick_ms": 6.77582,
    "no_tick_start": 284243190,
    "no_tick_end": 284920772,
    "uart_tx_allowance_ms": 28.47222222222222,
    "period_bound_ms": 285.24804222222224,
    "period_bound_margin_ms": 214.75195777777776,
    "liveness_bound_margin_ms": 1714.7519577777778,
    "phy_publication_bound_ms": 161.67600222222225
  },
  {
    "duty": "milan_status",
    "start_sys_cycle": 284920773,
    "end_sys_cycle": 285697690,
    "sys_cycles": 776917,
    "cpu_cycles": 388459,
    "ms": 7.76917,
    "device_wait_ms": 0.0,
    "service_ms": 7.76917,
    "budget_ms": 500,
    "margin_ms": 492.23083,
    "command_index": 231,
    "uart_bytes": 341,
    "uart_115200_ms": 29.600694444444443,
    "tick_calls": 1,
    "no_tick_sys_cycles": 677582,
    "no_tick_ms": 6.77582,
    "no_tick_start": 285020108,
    "no_tick_end": 285697690,
    "uart_tx_allowance_ms": 28.47222222222222,
    "period_bound_ms": 285.24804222222224,
    "period_bound_margin_ms": 214.75195777777776,
    "liveness_bound_margin_ms": 1714.7519577777778,
    "phy_publication_bound_ms": 161.67600222222225
  },
  {
    "duty": "milan_status",
    "start_sys_cycle": 285697691,
    "end_sys_cycle": 286474608,
    "sys_cycles": 776917,
    "cpu_cycles": 388459,
    "ms": 7.76917,
    "device_wait_ms": 0.0,
    "service_ms": 7.76917,
    "budget_ms": 500,
    "margin_ms": 492.23083,
    "command_index": 232,
    "uart_bytes": 341,
    "uart_115200_ms": 29.600694444444443,
    "tick_calls": 1,
    "no_tick_sys_cycles": 677582,
    "no_tick_ms": 6.77582,
    "no_tick_start": 285797026,
    "no_tick_end": 286474608,
    "uart_tx_allowance_ms": 28.47222222222222,
    "period_bound_ms": 285.24804222222224,
    "period_bound_margin_ms": 214.75195777777776,
    "liveness_bound_margin_ms": 1714.7519577777778,
    "phy_publication_bound_ms": 161.67600222222225
  },
  {
    "duty": "milan_status",
    "start_sys_cycle": 286474609,
    "end_sys_cycle": 287251526,
    "sys_cycles": 776917,
    "cpu_cycles": 388459,
    "ms": 7.76917,
    "device_wait_ms": 0.0,
    "service_ms": 7.76917,
    "budget_ms": 500,
    "margin_ms": 492.23083,
    "command_index": 233,
    "uart_bytes": 341,
    "uart_115200_ms": 29.600694444444443,
    "tick_calls": 1,
    "no_tick_sys_cycles": 677582,
    "no_tick_ms": 6.77582,
    "no_tick_start": 286573944,
    "no_tick_end": 287251526,
    "uart_tx_allowance_ms": 28.47222222222222,
    "period_bound_ms": 285.24804222222224,
    "period_bound_margin_ms": 214.75195777777776,
    "liveness_bound_margin_ms": 1714.7519577777778,
    "phy_publication_bound_ms": 161.67600222222225
  },
  {
    "duty": "milan_status",
    "start_sys_cycle": 287251527,
    "end_sys_cycle": 288028506,
    "sys_cycles": 776979,
    "cpu_cycles": 388490,
    "ms": 7.76979,
    "device_wait_ms": 0.0,
    "service_ms": 7.76979,
    "budget_ms": 500,
    "margin_ms": 492.23021,
    "command_index": 234,
    "uart_bytes": 341,
    "uart_115200_ms": 29.600694444444443,
    "tick_calls": 1,
    "no_tick_sys_cycles": 677582,
    "no_tick_ms": 6.77582,
    "no_tick_start": 287350924,
    "no_tick_end": 288028506,
    "uart_tx_allowance_ms": 28.47222222222222,
    "period_bound_ms": 285.24804222222224,
    "period_bound_margin_ms": 214.75195777777776,
    "liveness_bound_margin_ms": 1714.7519577777778,
    "phy_publication_bound_ms": 161.67600222222225
  },
  {
    "duty": "milan_status",
    "start_sys_cycle": 288028507,
    "end_sys_cycle": 288805424,
    "sys_cycles": 776917,
    "cpu_cycles": 388459,
    "ms": 7.76917,
    "device_wait_ms": 0.0,
    "service_ms": 7.76917,
    "budget_ms": 500,
    "margin_ms": 492.23083,
    "command_index": 235,
    "uart_bytes": 341,
    "uart_115200_ms": 29.600694444444443,
    "tick_calls": 1,
    "no_tick_sys_cycles": 677582,
    "no_tick_ms": 6.77582,
    "no_tick_start": 288127842,
    "no_tick_end": 288805424,
    "uart_tx_allowance_ms": 28.47222222222222,
    "period_bound_ms": 285.24804222222224,
    "period_bound_margin_ms": 214.75195777777776,
    "liveness_bound_margin_ms": 1714.7519577777778,
    "phy_publication_bound_ms": 161.67600222222225
  },
  {
    "duty": "milan_status",
    "start_sys_cycle": 288805425,
    "end_sys_cycle": 289582342,
    "sys_cycles": 776917,
    "cpu_cycles": 388459,
    "ms": 7.76917,
    "device_wait_ms": 0.0,
    "service_ms": 7.76917,
    "budget_ms": 500,
    "margin_ms": 492.23083,
    "command_index": 236,
    "uart_bytes": 341,
    "uart_115200_ms": 29.600694444444443,
    "tick_calls": 1,
    "no_tick_sys_cycles": 677582,
    "no_tick_ms": 6.77582,
    "no_tick_start": 288904760,
    "no_tick_end": 289582342,
    "uart_tx_allowance_ms": 28.47222222222222,
    "period_bound_ms": 285.24804222222224,
    "period_bound_margin_ms": 214.75195777777776,
    "liveness_bound_margin_ms": 1714.7519577777778,
    "phy_publication_bound_ms": 161.67600222222225
  },
  {
    "duty": "milan_status",
    "start_sys_cycle": 289582343,
    "end_sys_cycle": 290359260,
    "sys_cycles": 776917,
    "cpu_cycles": 388459,
    "ms": 7.76917,
    "device_wait_ms": 0.0,
    "service_ms": 7.76917,
    "budget_ms": 500,
    "margin_ms": 492.23083,
    "command_index": 237,
    "uart_bytes": 341,
    "uart_115200_ms": 29.600694444444443,
    "tick_calls": 1,
    "no_tick_sys_cycles": 677582,
    "no_tick_ms": 6.77582,
    "no_tick_start": 289681678,
    "no_tick_end": 290359260,
    "uart_tx_allowance_ms": 28.47222222222222,
    "period_bound_ms": 285.24804222222224,
    "period_bound_margin_ms": 214.75195777777776,
    "liveness_bound_margin_ms": 1714.7519577777778,
    "phy_publication_bound_ms": 161.67600222222225
  },
  {
    "duty": "milan_status",
    "start_sys_cycle": 290359261,
    "end_sys_cycle": 291200050,
    "sys_cycles": 840789,
    "cpu_cycles": 420395,
    "ms": 8.40789,
    "device_wait_ms": 0.0,
    "service_ms": 8.40789,
    "budget_ms": 500,
    "margin_ms": 491.59211,
    "command_index": 238,
    "uart_bytes": 341,
    "uart_115200_ms": 29.600694444444443,
    "tick_calls": 1,
    "no_tick_sys_cycles": 741454,
    "no_tick_ms": 7.41454,
    "no_tick_start": 290458596,
    "no_tick_end": 291200050,
    "uart_tx_allowance_ms": 28.47222222222222,
    "period_bound_ms": 285.8867622222222,
    "period_bound_margin_ms": 214.11323777777778,
    "liveness_bound_margin_ms": 1714.1132377777778,
    "phy_publication_bound_ms": 162.31472222222223
  },
  {
    "duty": "milan_status",
    "start_sys_cycle": 291200051,
    "end_sys_cycle": 291977030,
    "sys_cycles": 776979,
    "cpu_cycles": 388490,
    "ms": 7.76979,
    "device_wait_ms": 0.0,
    "service_ms": 7.76979,
    "budget_ms": 500,
    "margin_ms": 492.23021,
    "command_index": 239,
    "uart_bytes": 341,
    "uart_115200_ms": 29.600694444444443,
    "tick_calls": 1,
    "no_tick_sys_cycles": 677582,
    "no_tick_ms": 6.77582,
    "no_tick_start": 291299448,
    "no_tick_end": 291977030,
    "uart_tx_allowance_ms": 28.47222222222222,
    "period_bound_ms": 285.24804222222224,
    "period_bound_margin_ms": 214.75195777777776,
    "liveness_bound_margin_ms": 1714.7519577777778,
    "phy_publication_bound_ms": 161.67600222222225
  },
  {
    "duty": "milan_status",
    "start_sys_cycle": 291977031,
    "end_sys_cycle": 292753948,
    "sys_cycles": 776917,
    "cpu_cycles": 388459,
    "ms": 7.76917,
    "device_wait_ms": 0.0,
    "service_ms": 7.76917,
    "budget_ms": 500,
    "margin_ms": 492.23083,
    "command_index": 240,
    "uart_bytes": 341,
    "uart_115200_ms": 29.600694444444443,
    "tick_calls": 1,
    "no_tick_sys_cycles": 677582,
    "no_tick_ms": 6.77582,
    "no_tick_start": 292076366,
    "no_tick_end": 292753948,
    "uart_tx_allowance_ms": 28.47222222222222,
    "period_bound_ms": 285.24804222222224,
    "period_bound_margin_ms": 214.75195777777776,
    "liveness_bound_margin_ms": 1714.7519577777778,
    "phy_publication_bound_ms": 161.67600222222225
  },
  {
    "duty": "milan_status",
    "start_sys_cycle": 292753949,
    "end_sys_cycle": 293530866,
    "sys_cycles": 776917,
    "cpu_cycles": 388459,
    "ms": 7.76917,
    "device_wait_ms": 0.0,
    "service_ms": 7.76917,
    "budget_ms": 500,
    "margin_ms": 492.23083,
    "command_index": 241,
    "uart_bytes": 341,
    "uart_115200_ms": 29.600694444444443,
    "tick_calls": 1,
    "no_tick_sys_cycles": 677582,
    "no_tick_ms": 6.77582,
    "no_tick_start": 292853284,
    "no_tick_end": 293530866,
    "uart_tx_allowance_ms": 28.47222222222222,
    "period_bound_ms": 285.24804222222224,
    "period_bound_margin_ms": 214.75195777777776,
    "liveness_bound_margin_ms": 1714.7519577777778,
    "phy_publication_bound_ms": 161.67600222222225
  },
  {
    "duty": "milan_status",
    "start_sys_cycle": 293530867,
    "end_sys_cycle": 294307784,
    "sys_cycles": 776917,
    "cpu_cycles": 388459,
    "ms": 7.76917,
    "device_wait_ms": 0.0,
    "service_ms": 7.76917,
    "budget_ms": 500,
    "margin_ms": 492.23083,
    "command_index": 242,
    "uart_bytes": 341,
    "uart_115200_ms": 29.600694444444443,
    "tick_calls": 1,
    "no_tick_sys_cycles": 677582,
    "no_tick_ms": 6.77582,
    "no_tick_start": 293630202,
    "no_tick_end": 294307784,
    "uart_tx_allowance_ms": 28.47222222222222,
    "period_bound_ms": 285.24804222222224,
    "period_bound_margin_ms": 214.75195777777776,
    "liveness_bound_margin_ms": 1714.7519577777778,
    "phy_publication_bound_ms": 161.67600222222225
  },
  {
    "duty": "milan_status",
    "start_sys_cycle": 294307785,
    "end_sys_cycle": 295084702,
    "sys_cycles": 776917,
    "cpu_cycles": 388459,
    "ms": 7.76917,
    "device_wait_ms": 0.0,
    "service_ms": 7.76917,
    "budget_ms": 500,
    "margin_ms": 492.23083,
    "command_index": 243,
    "uart_bytes": 341,
    "uart_115200_ms": 29.600694444444443,
    "tick_calls": 1,
    "no_tick_sys_cycles": 677582,
    "no_tick_ms": 6.77582,
    "no_tick_start": 294407120,
    "no_tick_end": 295084702,
    "uart_tx_allowance_ms": 28.47222222222222,
    "period_bound_ms": 285.24804222222224,
    "period_bound_margin_ms": 214.75195777777776,
    "liveness_bound_margin_ms": 1714.7519577777778,
    "phy_publication_bound_ms": 161.67600222222225
  },
  {
    "duty": "milan_status",
    "start_sys_cycle": 295084703,
    "end_sys_cycle": 295861682,
    "sys_cycles": 776979,
    "cpu_cycles": 388490,
    "ms": 7.76979,
    "device_wait_ms": 0.0,
    "service_ms": 7.76979,
    "budget_ms": 500,
    "margin_ms": 492.23021,
    "command_index": 244,
    "uart_bytes": 341,
    "uart_115200_ms": 29.600694444444443,
    "tick_calls": 1,
    "no_tick_sys_cycles": 677582,
    "no_tick_ms": 6.77582,
    "no_tick_start": 295184100,
    "no_tick_end": 295861682,
    "uart_tx_allowance_ms": 28.47222222222222,
    "period_bound_ms": 285.24804222222224,
    "period_bound_margin_ms": 214.75195777777776,
    "liveness_bound_margin_ms": 1714.7519577777778,
    "phy_publication_bound_ms": 161.67600222222225
  },
  {
    "duty": "milan_status",
    "start_sys_cycle": 295861683,
    "end_sys_cycle": 296638600,
    "sys_cycles": 776917,
    "cpu_cycles": 388459,
    "ms": 7.76917,
    "device_wait_ms": 0.0,
    "service_ms": 7.76917,
    "budget_ms": 500,
    "margin_ms": 492.23083,
    "command_index": 245,
    "uart_bytes": 341,
    "uart_115200_ms": 29.600694444444443,
    "tick_calls": 1,
    "no_tick_sys_cycles": 677582,
    "no_tick_ms": 6.77582,
    "no_tick_start": 295961018,
    "no_tick_end": 296638600,
    "uart_tx_allowance_ms": 28.47222222222222,
    "period_bound_ms": 285.24804222222224,
    "period_bound_margin_ms": 214.75195777777776,
    "liveness_bound_margin_ms": 1714.7519577777778,
    "phy_publication_bound_ms": 161.67600222222225
  },
  {
    "duty": "milan_status",
    "start_sys_cycle": 296638601,
    "end_sys_cycle": 297415566,
    "sys_cycles": 776965,
    "cpu_cycles": 388483,
    "ms": 7.76965,
    "device_wait_ms": 0.0,
    "service_ms": 7.76965,
    "budget_ms": 500,
    "margin_ms": 492.23035,
    "command_index": 246,
    "uart_bytes": 341,
    "uart_115200_ms": 29.600694444444443,
    "tick_calls": 1,
    "no_tick_sys_cycles": 677630,
    "no_tick_ms": 6.7763,
    "no_tick_start": 296737936,
    "no_tick_end": 297415566,
    "uart_tx_allowance_ms": 28.47222222222222,
    "period_bound_ms": 285.2485222222222,
    "period_bound_margin_ms": 214.75147777777778,
    "liveness_bound_margin_ms": 1714.7514777777778,
    "phy_publication_bound_ms": 161.67648222222223
  },
  {
    "duty": "milan_status",
    "start_sys_cycle": 297415567,
    "end_sys_cycle": 298192484,
    "sys_cycles": 776917,
    "cpu_cycles": 388459,
    "ms": 7.76917,
    "device_wait_ms": 0.0,
    "service_ms": 7.76917,
    "budget_ms": 500,
    "margin_ms": 492.23083,
    "command_index": 247,
    "uart_bytes": 341,
    "uart_115200_ms": 29.600694444444443,
    "tick_calls": 1,
    "no_tick_sys_cycles": 677582,
    "no_tick_ms": 6.77582,
    "no_tick_start": 297514902,
    "no_tick_end": 298192484,
    "uart_tx_allowance_ms": 28.47222222222222,
    "period_bound_ms": 285.24804222222224,
    "period_bound_margin_ms": 214.75195777777776,
    "liveness_bound_margin_ms": 1714.7519577777778,
    "phy_publication_bound_ms": 161.67600222222225
  },
  {
    "duty": "milan_status",
    "start_sys_cycle": 298192485,
    "end_sys_cycle": 298969402,
    "sys_cycles": 776917,
    "cpu_cycles": 388459,
    "ms": 7.76917,
    "device_wait_ms": 0.0,
    "service_ms": 7.76917,
    "budget_ms": 500,
    "margin_ms": 492.23083,
    "command_index": 248,
    "uart_bytes": 341,
    "uart_115200_ms": 29.600694444444443,
    "tick_calls": 1,
    "no_tick_sys_cycles": 677582,
    "no_tick_ms": 6.77582,
    "no_tick_start": 298291820,
    "no_tick_end": 298969402,
    "uart_tx_allowance_ms": 28.47222222222222,
    "period_bound_ms": 285.24804222222224,
    "period_bound_margin_ms": 214.75195777777776,
    "liveness_bound_margin_ms": 1714.7519577777778,
    "phy_publication_bound_ms": 161.67600222222225
  },
  {
    "duty": "milan_status",
    "start_sys_cycle": 298969403,
    "end_sys_cycle": 299746382,
    "sys_cycles": 776979,
    "cpu_cycles": 388490,
    "ms": 7.76979,
    "device_wait_ms": 0.0,
    "service_ms": 7.76979,
    "budget_ms": 500,
    "margin_ms": 492.23021,
    "command_index": 249,
    "uart_bytes": 341,
    "uart_115200_ms": 29.600694444444443,
    "tick_calls": 1,
    "no_tick_sys_cycles": 677582,
    "no_tick_ms": 6.77582,
    "no_tick_start": 299068800,
    "no_tick_end": 299746382,
    "uart_tx_allowance_ms": 28.47222222222222,
    "period_bound_ms": 285.24804222222224,
    "period_bound_margin_ms": 214.75195777777776,
    "liveness_bound_margin_ms": 1714.7519577777778,
    "phy_publication_bound_ms": 161.67600222222225
  },
  {
    "duty": "milan_status",
    "start_sys_cycle": 299746383,
    "end_sys_cycle": 300523300,
    "sys_cycles": 776917,
    "cpu_cycles": 388459,
    "ms": 7.76917,
    "device_wait_ms": 0.0,
    "service_ms": 7.76917,
    "budget_ms": 500,
    "margin_ms": 492.23083,
    "command_index": 250,
    "uart_bytes": 341,
    "uart_115200_ms": 29.600694444444443,
    "tick_calls": 1,
    "no_tick_sys_cycles": 677582,
    "no_tick_ms": 6.77582,
    "no_tick_start": 299845718,
    "no_tick_end": 300523300,
    "uart_tx_allowance_ms": 28.47222222222222,
    "period_bound_ms": 285.24804222222224,
    "period_bound_margin_ms": 214.75195777777776,
    "liveness_bound_margin_ms": 1714.7519577777778,
    "phy_publication_bound_ms": 161.67600222222225
  },
  {
    "duty": "milan_status",
    "start_sys_cycle": 300523301,
    "end_sys_cycle": 301300218,
    "sys_cycles": 776917,
    "cpu_cycles": 388459,
    "ms": 7.76917,
    "device_wait_ms": 0.0,
    "service_ms": 7.76917,
    "budget_ms": 500,
    "margin_ms": 492.23083,
    "command_index": 251,
    "uart_bytes": 341,
    "uart_115200_ms": 29.600694444444443,
    "tick_calls": 1,
    "no_tick_sys_cycles": 677582,
    "no_tick_ms": 6.77582,
    "no_tick_start": 300622636,
    "no_tick_end": 301300218,
    "uart_tx_allowance_ms": 28.47222222222222,
    "period_bound_ms": 285.24804222222224,
    "period_bound_margin_ms": 214.75195777777776,
    "liveness_bound_margin_ms": 1714.7519577777778,
    "phy_publication_bound_ms": 161.67600222222225
  },
  {
    "duty": "milan_status",
    "start_sys_cycle": 301300219,
    "end_sys_cycle": 302077136,
    "sys_cycles": 776917,
    "cpu_cycles": 388459,
    "ms": 7.76917,
    "device_wait_ms": 0.0,
    "service_ms": 7.76917,
    "budget_ms": 500,
    "margin_ms": 492.23083,
    "command_index": 252,
    "uart_bytes": 341,
    "uart_115200_ms": 29.600694444444443,
    "tick_calls": 1,
    "no_tick_sys_cycles": 677582,
    "no_tick_ms": 6.77582,
    "no_tick_start": 301399554,
    "no_tick_end": 302077136,
    "uart_tx_allowance_ms": 28.47222222222222,
    "period_bound_ms": 285.24804222222224,
    "period_bound_margin_ms": 214.75195777777776,
    "liveness_bound_margin_ms": 1714.7519577777778,
    "phy_publication_bound_ms": 161.67600222222225
  },
  {
    "duty": "milan_status",
    "start_sys_cycle": 302077137,
    "end_sys_cycle": 302854054,
    "sys_cycles": 776917,
    "cpu_cycles": 388459,
    "ms": 7.76917,
    "device_wait_ms": 0.0,
    "service_ms": 7.76917,
    "budget_ms": 500,
    "margin_ms": 492.23083,
    "command_index": 253,
    "uart_bytes": 341,
    "uart_115200_ms": 29.600694444444443,
    "tick_calls": 1,
    "no_tick_sys_cycles": 677582,
    "no_tick_ms": 6.77582,
    "no_tick_start": 302176472,
    "no_tick_end": 302854054,
    "uart_tx_allowance_ms": 28.47222222222222,
    "period_bound_ms": 285.24804222222224,
    "period_bound_margin_ms": 214.75195777777776,
    "liveness_bound_margin_ms": 1714.7519577777778,
    "phy_publication_bound_ms": 161.67600222222225
  },
  {
    "duty": "milan_status",
    "start_sys_cycle": 302854055,
    "end_sys_cycle": 303631034,
    "sys_cycles": 776979,
    "cpu_cycles": 388490,
    "ms": 7.76979,
    "device_wait_ms": 0.0,
    "service_ms": 7.76979,
    "budget_ms": 500,
    "margin_ms": 492.23021,
    "command_index": 254,
    "uart_bytes": 341,
    "uart_115200_ms": 29.600694444444443,
    "tick_calls": 1,
    "no_tick_sys_cycles": 677582,
    "no_tick_ms": 6.77582,
    "no_tick_start": 302953452,
    "no_tick_end": 303631034,
    "uart_tx_allowance_ms": 28.47222222222222,
    "period_bound_ms": 285.24804222222224,
    "period_bound_margin_ms": 214.75195777777776,
    "liveness_bound_margin_ms": 1714.7519577777778,
    "phy_publication_bound_ms": 161.67600222222225
  },
  {
    "duty": "milan_status",
    "start_sys_cycle": 303631035,
    "end_sys_cycle": 304471824,
    "sys_cycles": 840789,
    "cpu_cycles": 420395,
    "ms": 8.40789,
    "device_wait_ms": 0.0,
    "service_ms": 8.40789,
    "budget_ms": 500,
    "margin_ms": 491.59211,
    "command_index": 255,
    "uart_bytes": 341,
    "uart_115200_ms": 29.600694444444443,
    "tick_calls": 1,
    "no_tick_sys_cycles": 741454,
    "no_tick_ms": 7.41454,
    "no_tick_start": 303730370,
    "no_tick_end": 304471824,
    "uart_tx_allowance_ms": 28.47222222222222,
    "period_bound_ms": 285.8867622222222,
    "period_bound_margin_ms": 214.11323777777778,
    "liveness_bound_margin_ms": 1714.1132377777778,
    "phy_publication_bound_ms": 162.31472222222223
  },
  {
    "duty": "milan_status",
    "start_sys_cycle": 304471825,
    "end_sys_cycle": 305248742,
    "sys_cycles": 776917,
    "cpu_cycles": 388459,
    "ms": 7.76917,
    "device_wait_ms": 0.0,
    "service_ms": 7.76917,
    "budget_ms": 500,
    "margin_ms": 492.23083,
    "command_index": 256,
    "uart_bytes": 341,
    "uart_115200_ms": 29.600694444444443,
    "tick_calls": 1,
    "no_tick_sys_cycles": 677582,
    "no_tick_ms": 6.77582,
    "no_tick_start": 304571160,
    "no_tick_end": 305248742,
    "uart_tx_allowance_ms": 28.47222222222222,
    "period_bound_ms": 285.24804222222224,
    "period_bound_margin_ms": 214.75195777777776,
    "liveness_bound_margin_ms": 1714.7519577777778,
    "phy_publication_bound_ms": 161.67600222222225
  },
  {
    "duty": "milan_status",
    "start_sys_cycle": 305248743,
    "end_sys_cycle": 306025660,
    "sys_cycles": 776917,
    "cpu_cycles": 388459,
    "ms": 7.76917,
    "device_wait_ms": 0.0,
    "service_ms": 7.76917,
    "budget_ms": 500,
    "margin_ms": 492.23083,
    "command_index": 257,
    "uart_bytes": 341,
    "uart_115200_ms": 29.600694444444443,
    "tick_calls": 1,
    "no_tick_sys_cycles": 677582,
    "no_tick_ms": 6.77582,
    "no_tick_start": 305348078,
    "no_tick_end": 306025660,
    "uart_tx_allowance_ms": 28.47222222222222,
    "period_bound_ms": 285.24804222222224,
    "period_bound_margin_ms": 214.75195777777776,
    "liveness_bound_margin_ms": 1714.7519577777778,
    "phy_publication_bound_ms": 161.67600222222225
  },
  {
    "duty": "milan_status",
    "start_sys_cycle": 306025661,
    "end_sys_cycle": 306802578,
    "sys_cycles": 776917,
    "cpu_cycles": 388459,
    "ms": 7.76917,
    "device_wait_ms": 0.0,
    "service_ms": 7.76917,
    "budget_ms": 500,
    "margin_ms": 492.23083,
    "command_index": 258,
    "uart_bytes": 341,
    "uart_115200_ms": 29.600694444444443,
    "tick_calls": 1,
    "no_tick_sys_cycles": 677582,
    "no_tick_ms": 6.77582,
    "no_tick_start": 306124996,
    "no_tick_end": 306802578,
    "uart_tx_allowance_ms": 28.47222222222222,
    "period_bound_ms": 285.24804222222224,
    "period_bound_margin_ms": 214.75195777777776,
    "liveness_bound_margin_ms": 1714.7519577777778,
    "phy_publication_bound_ms": 161.67600222222225
  },
  {
    "duty": "milan_status",
    "start_sys_cycle": 306802579,
    "end_sys_cycle": 307579558,
    "sys_cycles": 776979,
    "cpu_cycles": 388490,
    "ms": 7.76979,
    "device_wait_ms": 0.0,
    "service_ms": 7.76979,
    "budget_ms": 500,
    "margin_ms": 492.23021,
    "command_index": 259,
    "uart_bytes": 341,
    "uart_115200_ms": 29.600694444444443,
    "tick_calls": 1,
    "no_tick_sys_cycles": 677582,
    "no_tick_ms": 6.77582,
    "no_tick_start": 306901976,
    "no_tick_end": 307579558,
    "uart_tx_allowance_ms": 28.47222222222222,
    "period_bound_ms": 285.24804222222224,
    "period_bound_margin_ms": 214.75195777777776,
    "liveness_bound_margin_ms": 1714.7519577777778,
    "phy_publication_bound_ms": 161.67600222222225
  },
  {
    "duty": "milan_status",
    "start_sys_cycle": 307579559,
    "end_sys_cycle": 308356476,
    "sys_cycles": 776917,
    "cpu_cycles": 388459,
    "ms": 7.76917,
    "device_wait_ms": 0.0,
    "service_ms": 7.76917,
    "budget_ms": 500,
    "margin_ms": 492.23083,
    "command_index": 260,
    "uart_bytes": 341,
    "uart_115200_ms": 29.600694444444443,
    "tick_calls": 1,
    "no_tick_sys_cycles": 677582,
    "no_tick_ms": 6.77582,
    "no_tick_start": 307678894,
    "no_tick_end": 308356476,
    "uart_tx_allowance_ms": 28.47222222222222,
    "period_bound_ms": 285.24804222222224,
    "period_bound_margin_ms": 214.75195777777776,
    "liveness_bound_margin_ms": 1714.7519577777778,
    "phy_publication_bound_ms": 161.67600222222225
  },
  {
    "duty": "milan_status",
    "start_sys_cycle": 308356477,
    "end_sys_cycle": 309133394,
    "sys_cycles": 776917,
    "cpu_cycles": 388459,
    "ms": 7.76917,
    "device_wait_ms": 0.0,
    "service_ms": 7.76917,
    "budget_ms": 500,
    "margin_ms": 492.23083,
    "command_index": 261,
    "uart_bytes": 341,
    "uart_115200_ms": 29.600694444444443,
    "tick_calls": 1,
    "no_tick_sys_cycles": 677582,
    "no_tick_ms": 6.77582,
    "no_tick_start": 308455812,
    "no_tick_end": 309133394,
    "uart_tx_allowance_ms": 28.47222222222222,
    "period_bound_ms": 285.24804222222224,
    "period_bound_margin_ms": 214.75195777777776,
    "liveness_bound_margin_ms": 1714.7519577777778,
    "phy_publication_bound_ms": 161.67600222222225
  },
  {
    "duty": "milan_status",
    "start_sys_cycle": 309133395,
    "end_sys_cycle": 309910312,
    "sys_cycles": 776917,
    "cpu_cycles": 388459,
    "ms": 7.76917,
    "device_wait_ms": 0.0,
    "service_ms": 7.76917,
    "budget_ms": 500,
    "margin_ms": 492.23083,
    "command_index": 262,
    "uart_bytes": 341,
    "uart_115200_ms": 29.600694444444443,
    "tick_calls": 1,
    "no_tick_sys_cycles": 677582,
    "no_tick_ms": 6.77582,
    "no_tick_start": 309232730,
    "no_tick_end": 309910312,
    "uart_tx_allowance_ms": 28.47222222222222,
    "period_bound_ms": 285.24804222222224,
    "period_bound_margin_ms": 214.75195777777776,
    "liveness_bound_margin_ms": 1714.7519577777778,
    "phy_publication_bound_ms": 161.67600222222225
  },
  {
    "duty": "milan_status",
    "start_sys_cycle": 309910313,
    "end_sys_cycle": 310687230,
    "sys_cycles": 776917,
    "cpu_cycles": 388459,
    "ms": 7.76917,
    "device_wait_ms": 0.0,
    "service_ms": 7.76917,
    "budget_ms": 500,
    "margin_ms": 492.23083,
    "command_index": 263,
    "uart_bytes": 341,
    "uart_115200_ms": 29.600694444444443,
    "tick_calls": 1,
    "no_tick_sys_cycles": 677582,
    "no_tick_ms": 6.77582,
    "no_tick_start": 310009648,
    "no_tick_end": 310687230,
    "uart_tx_allowance_ms": 28.47222222222222,
    "period_bound_ms": 285.24804222222224,
    "period_bound_margin_ms": 214.75195777777776,
    "liveness_bound_margin_ms": 1714.7519577777778,
    "phy_publication_bound_ms": 161.67600222222225
  },
  {
    "duty": "milan_status",
    "start_sys_cycle": 310687231,
    "end_sys_cycle": 311464210,
    "sys_cycles": 776979,
    "cpu_cycles": 388490,
    "ms": 7.76979,
    "device_wait_ms": 0.0,
    "service_ms": 7.76979,
    "budget_ms": 500,
    "margin_ms": 492.23021,
    "command_index": 264,
    "uart_bytes": 341,
    "uart_115200_ms": 29.600694444444443,
    "tick_calls": 1,
    "no_tick_sys_cycles": 677582,
    "no_tick_ms": 6.77582,
    "no_tick_start": 310786628,
    "no_tick_end": 311464210,
    "uart_tx_allowance_ms": 28.47222222222222,
    "period_bound_ms": 285.24804222222224,
    "period_bound_margin_ms": 214.75195777777776,
    "liveness_bound_margin_ms": 1714.7519577777778,
    "phy_publication_bound_ms": 161.67600222222225
  },
  {
    "duty": "milan_status",
    "start_sys_cycle": 311464211,
    "end_sys_cycle": 312241128,
    "sys_cycles": 776917,
    "cpu_cycles": 388459,
    "ms": 7.76917,
    "device_wait_ms": 0.0,
    "service_ms": 7.76917,
    "budget_ms": 500,
    "margin_ms": 492.23083,
    "command_index": 265,
    "uart_bytes": 341,
    "uart_115200_ms": 29.600694444444443,
    "tick_calls": 1,
    "no_tick_sys_cycles": 677582,
    "no_tick_ms": 6.77582,
    "no_tick_start": 311563546,
    "no_tick_end": 312241128,
    "uart_tx_allowance_ms": 28.47222222222222,
    "period_bound_ms": 285.24804222222224,
    "period_bound_margin_ms": 214.75195777777776,
    "liveness_bound_margin_ms": 1714.7519577777778,
    "phy_publication_bound_ms": 161.67600222222225
  },
  {
    "duty": "milan_status",
    "start_sys_cycle": 312241129,
    "end_sys_cycle": 313018046,
    "sys_cycles": 776917,
    "cpu_cycles": 388459,
    "ms": 7.76917,
    "device_wait_ms": 0.0,
    "service_ms": 7.76917,
    "budget_ms": 500,
    "margin_ms": 492.23083,
    "command_index": 266,
    "uart_bytes": 341,
    "uart_115200_ms": 29.600694444444443,
    "tick_calls": 1,
    "no_tick_sys_cycles": 677582,
    "no_tick_ms": 6.77582,
    "no_tick_start": 312340464,
    "no_tick_end": 313018046,
    "uart_tx_allowance_ms": 28.47222222222222,
    "period_bound_ms": 285.24804222222224,
    "period_bound_margin_ms": 214.75195777777776,
    "liveness_bound_margin_ms": 1714.7519577777778,
    "phy_publication_bound_ms": 161.67600222222225
  },
  {
    "duty": "milan_status",
    "start_sys_cycle": 313018047,
    "end_sys_cycle": 313794964,
    "sys_cycles": 776917,
    "cpu_cycles": 388459,
    "ms": 7.76917,
    "device_wait_ms": 0.0,
    "service_ms": 7.76917,
    "budget_ms": 500,
    "margin_ms": 492.23083,
    "command_index": 267,
    "uart_bytes": 341,
    "uart_115200_ms": 29.600694444444443,
    "tick_calls": 1,
    "no_tick_sys_cycles": 677582,
    "no_tick_ms": 6.77582,
    "no_tick_start": 313117382,
    "no_tick_end": 313794964,
    "uart_tx_allowance_ms": 28.47222222222222,
    "period_bound_ms": 285.24804222222224,
    "period_bound_margin_ms": 214.75195777777776,
    "liveness_bound_margin_ms": 1714.7519577777778,
    "phy_publication_bound_ms": 161.67600222222225
  },
  {
    "duty": "milan_status",
    "start_sys_cycle": 313794965,
    "end_sys_cycle": 314571882,
    "sys_cycles": 776917,
    "cpu_cycles": 388459,
    "ms": 7.76917,
    "device_wait_ms": 0.0,
    "service_ms": 7.76917,
    "budget_ms": 500,
    "margin_ms": 492.23083,
    "command_index": 268,
    "uart_bytes": 341,
    "uart_115200_ms": 29.600694444444443,
    "tick_calls": 1,
    "no_tick_sys_cycles": 677582,
    "no_tick_ms": 6.77582,
    "no_tick_start": 313894300,
    "no_tick_end": 314571882,
    "uart_tx_allowance_ms": 28.47222222222222,
    "period_bound_ms": 285.24804222222224,
    "period_bound_margin_ms": 214.75195777777776,
    "liveness_bound_margin_ms": 1714.7519577777778,
    "phy_publication_bound_ms": 161.67600222222225
  },
  {
    "duty": "milan_status",
    "start_sys_cycle": 314571883,
    "end_sys_cycle": 315348862,
    "sys_cycles": 776979,
    "cpu_cycles": 388490,
    "ms": 7.76979,
    "device_wait_ms": 0.0,
    "service_ms": 7.76979,
    "budget_ms": 500,
    "margin_ms": 492.23021,
    "command_index": 269,
    "uart_bytes": 341,
    "uart_115200_ms": 29.600694444444443,
    "tick_calls": 1,
    "no_tick_sys_cycles": 677582,
    "no_tick_ms": 6.77582,
    "no_tick_start": 314671280,
    "no_tick_end": 315348862,
    "uart_tx_allowance_ms": 28.47222222222222,
    "period_bound_ms": 285.24804222222224,
    "period_bound_margin_ms": 214.75195777777776,
    "liveness_bound_margin_ms": 1714.7519577777778,
    "phy_publication_bound_ms": 161.67600222222225
  },
  {
    "duty": "milan_status",
    "start_sys_cycle": 315348863,
    "end_sys_cycle": 316125780,
    "sys_cycles": 776917,
    "cpu_cycles": 388459,
    "ms": 7.76917,
    "device_wait_ms": 0.0,
    "service_ms": 7.76917,
    "budget_ms": 500,
    "margin_ms": 492.23083,
    "command_index": 270,
    "uart_bytes": 341,
    "uart_115200_ms": 29.600694444444443,
    "tick_calls": 1,
    "no_tick_sys_cycles": 677582,
    "no_tick_ms": 6.77582,
    "no_tick_start": 315448198,
    "no_tick_end": 316125780,
    "uart_tx_allowance_ms": 28.47222222222222,
    "period_bound_ms": 285.24804222222224,
    "period_bound_margin_ms": 214.75195777777776,
    "liveness_bound_margin_ms": 1714.7519577777778,
    "phy_publication_bound_ms": 161.67600222222225
  },
  {
    "duty": "milan_status",
    "start_sys_cycle": 316125781,
    "end_sys_cycle": 316902698,
    "sys_cycles": 776917,
    "cpu_cycles": 388459,
    "ms": 7.76917,
    "device_wait_ms": 0.0,
    "service_ms": 7.76917,
    "budget_ms": 500,
    "margin_ms": 492.23083,
    "command_index": 271,
    "uart_bytes": 341,
    "uart_115200_ms": 29.600694444444443,
    "tick_calls": 1,
    "no_tick_sys_cycles": 677582,
    "no_tick_ms": 6.77582,
    "no_tick_start": 316225116,
    "no_tick_end": 316902698,
    "uart_tx_allowance_ms": 28.47222222222222,
    "period_bound_ms": 285.24804222222224,
    "period_bound_margin_ms": 214.75195777777776,
    "liveness_bound_margin_ms": 1714.7519577777778,
    "phy_publication_bound_ms": 161.67600222222225
  },
  {
    "duty": "milan_status",
    "start_sys_cycle": 316902699,
    "end_sys_cycle": 317743488,
    "sys_cycles": 840789,
    "cpu_cycles": 420395,
    "ms": 8.40789,
    "device_wait_ms": 0.0,
    "service_ms": 8.40789,
    "budget_ms": 500,
    "margin_ms": 491.59211,
    "command_index": 272,
    "uart_bytes": 341,
    "uart_115200_ms": 29.600694444444443,
    "tick_calls": 1,
    "no_tick_sys_cycles": 741454,
    "no_tick_ms": 7.41454,
    "no_tick_start": 317002034,
    "no_tick_end": 317743488,
    "uart_tx_allowance_ms": 28.47222222222222,
    "period_bound_ms": 285.8867622222222,
    "period_bound_margin_ms": 214.11323777777778,
    "liveness_bound_margin_ms": 1714.1132377777778,
    "phy_publication_bound_ms": 162.31472222222223
  },
  {
    "duty": "milan_status",
    "start_sys_cycle": 317743489,
    "end_sys_cycle": 318520406,
    "sys_cycles": 776917,
    "cpu_cycles": 388459,
    "ms": 7.76917,
    "device_wait_ms": 0.0,
    "service_ms": 7.76917,
    "budget_ms": 500,
    "margin_ms": 492.23083,
    "command_index": 273,
    "uart_bytes": 341,
    "uart_115200_ms": 29.600694444444443,
    "tick_calls": 1,
    "no_tick_sys_cycles": 677582,
    "no_tick_ms": 6.77582,
    "no_tick_start": 317842824,
    "no_tick_end": 318520406,
    "uart_tx_allowance_ms": 28.47222222222222,
    "period_bound_ms": 285.24804222222224,
    "period_bound_margin_ms": 214.75195777777776,
    "liveness_bound_margin_ms": 1714.7519577777778,
    "phy_publication_bound_ms": 161.67600222222225
  },
  {
    "duty": "milan_status",
    "start_sys_cycle": 318520407,
    "end_sys_cycle": 319297386,
    "sys_cycles": 776979,
    "cpu_cycles": 388490,
    "ms": 7.76979,
    "device_wait_ms": 0.0,
    "service_ms": 7.76979,
    "budget_ms": 500,
    "margin_ms": 492.23021,
    "command_index": 274,
    "uart_bytes": 341,
    "uart_115200_ms": 29.600694444444443,
    "tick_calls": 1,
    "no_tick_sys_cycles": 677582,
    "no_tick_ms": 6.77582,
    "no_tick_start": 318619804,
    "no_tick_end": 319297386,
    "uart_tx_allowance_ms": 28.47222222222222,
    "period_bound_ms": 285.24804222222224,
    "period_bound_margin_ms": 214.75195777777776,
    "liveness_bound_margin_ms": 1714.7519577777778,
    "phy_publication_bound_ms": 161.67600222222225
  },
  {
    "duty": "milan_status",
    "start_sys_cycle": 319297387,
    "end_sys_cycle": 320074304,
    "sys_cycles": 776917,
    "cpu_cycles": 388459,
    "ms": 7.76917,
    "device_wait_ms": 0.0,
    "service_ms": 7.76917,
    "budget_ms": 500,
    "margin_ms": 492.23083,
    "command_index": 275,
    "uart_bytes": 341,
    "uart_115200_ms": 29.600694444444443,
    "tick_calls": 1,
    "no_tick_sys_cycles": 677582,
    "no_tick_ms": 6.77582,
    "no_tick_start": 319396722,
    "no_tick_end": 320074304,
    "uart_tx_allowance_ms": 28.47222222222222,
    "period_bound_ms": 285.24804222222224,
    "period_bound_margin_ms": 214.75195777777776,
    "liveness_bound_margin_ms": 1714.7519577777778,
    "phy_publication_bound_ms": 161.67600222222225
  },
  {
    "duty": "milan_status",
    "start_sys_cycle": 320074305,
    "end_sys_cycle": 320851222,
    "sys_cycles": 776917,
    "cpu_cycles": 388459,
    "ms": 7.76917,
    "device_wait_ms": 0.0,
    "service_ms": 7.76917,
    "budget_ms": 500,
    "margin_ms": 492.23083,
    "command_index": 276,
    "uart_bytes": 341,
    "uart_115200_ms": 29.600694444444443,
    "tick_calls": 1,
    "no_tick_sys_cycles": 677582,
    "no_tick_ms": 6.77582,
    "no_tick_start": 320173640,
    "no_tick_end": 320851222,
    "uart_tx_allowance_ms": 28.47222222222222,
    "period_bound_ms": 285.24804222222224,
    "period_bound_margin_ms": 214.75195777777776,
    "liveness_bound_margin_ms": 1714.7519577777778,
    "phy_publication_bound_ms": 161.67600222222225
  },
  {
    "duty": "milan_status",
    "start_sys_cycle": 320851223,
    "end_sys_cycle": 321628140,
    "sys_cycles": 776917,
    "cpu_cycles": 388459,
    "ms": 7.76917,
    "device_wait_ms": 0.0,
    "service_ms": 7.76917,
    "budget_ms": 500,
    "margin_ms": 492.23083,
    "command_index": 277,
    "uart_bytes": 341,
    "uart_115200_ms": 29.600694444444443,
    "tick_calls": 1,
    "no_tick_sys_cycles": 677582,
    "no_tick_ms": 6.77582,
    "no_tick_start": 320950558,
    "no_tick_end": 321628140,
    "uart_tx_allowance_ms": 28.47222222222222,
    "period_bound_ms": 285.24804222222224,
    "period_bound_margin_ms": 214.75195777777776,
    "liveness_bound_margin_ms": 1714.7519577777778,
    "phy_publication_bound_ms": 161.67600222222225
  },
  {
    "duty": "milan_status",
    "start_sys_cycle": 321628141,
    "end_sys_cycle": 322405058,
    "sys_cycles": 776917,
    "cpu_cycles": 388459,
    "ms": 7.76917,
    "device_wait_ms": 0.0,
    "service_ms": 7.76917,
    "budget_ms": 500,
    "margin_ms": 492.23083,
    "command_index": 278,
    "uart_bytes": 341,
    "uart_115200_ms": 29.600694444444443,
    "tick_calls": 1,
    "no_tick_sys_cycles": 677582,
    "no_tick_ms": 6.77582,
    "no_tick_start": 321727476,
    "no_tick_end": 322405058,
    "uart_tx_allowance_ms": 28.47222222222222,
    "period_bound_ms": 285.24804222222224,
    "period_bound_margin_ms": 214.75195777777776,
    "liveness_bound_margin_ms": 1714.7519577777778,
    "phy_publication_bound_ms": 161.67600222222225
  },
  {
    "duty": "milan_status",
    "start_sys_cycle": 322405059,
    "end_sys_cycle": 323182086,
    "sys_cycles": 777027,
    "cpu_cycles": 388514,
    "ms": 7.77027,
    "device_wait_ms": 0.0,
    "service_ms": 7.77027,
    "budget_ms": 500,
    "margin_ms": 492.22973,
    "command_index": 279,
    "uart_bytes": 341,
    "uart_115200_ms": 29.600694444444443,
    "tick_calls": 1,
    "no_tick_sys_cycles": 677630,
    "no_tick_ms": 6.7763,
    "no_tick_start": 322504456,
    "no_tick_end": 323182086,
    "uart_tx_allowance_ms": 28.47222222222222,
    "period_bound_ms": 285.2485222222222,
    "period_bound_margin_ms": 214.75147777777778,
    "liveness_bound_margin_ms": 1714.7514777777778,
    "phy_publication_bound_ms": 161.67648222222223
  },
  {
    "duty": "milan_status",
    "start_sys_cycle": 323182087,
    "end_sys_cycle": 323959004,
    "sys_cycles": 776917,
    "cpu_cycles": 388459,
    "ms": 7.76917,
    "device_wait_ms": 0.0,
    "service_ms": 7.76917,
    "budget_ms": 500,
    "margin_ms": 492.23083,
    "command_index": 280,
    "uart_bytes": 341,
    "uart_115200_ms": 29.600694444444443,
    "tick_calls": 1,
    "no_tick_sys_cycles": 677582,
    "no_tick_ms": 6.77582,
    "no_tick_start": 323281422,
    "no_tick_end": 323959004,
    "uart_tx_allowance_ms": 28.47222222222222,
    "period_bound_ms": 285.24804222222224,
    "period_bound_margin_ms": 214.75195777777776,
    "liveness_bound_margin_ms": 1714.7519577777778,
    "phy_publication_bound_ms": 161.67600222222225
  },
  {
    "duty": "milan_status",
    "start_sys_cycle": 323959005,
    "end_sys_cycle": 324735922,
    "sys_cycles": 776917,
    "cpu_cycles": 388459,
    "ms": 7.76917,
    "device_wait_ms": 0.0,
    "service_ms": 7.76917,
    "budget_ms": 500,
    "margin_ms": 492.23083,
    "command_index": 281,
    "uart_bytes": 341,
    "uart_115200_ms": 29.600694444444443,
    "tick_calls": 1,
    "no_tick_sys_cycles": 677582,
    "no_tick_ms": 6.77582,
    "no_tick_start": 324058340,
    "no_tick_end": 324735922,
    "uart_tx_allowance_ms": 28.47222222222222,
    "period_bound_ms": 285.24804222222224,
    "period_bound_margin_ms": 214.75195777777776,
    "liveness_bound_margin_ms": 1714.7519577777778,
    "phy_publication_bound_ms": 161.67600222222225
  },
  {
    "duty": "milan_status",
    "start_sys_cycle": 324735923,
    "end_sys_cycle": 325512840,
    "sys_cycles": 776917,
    "cpu_cycles": 388459,
    "ms": 7.76917,
    "device_wait_ms": 0.0,
    "service_ms": 7.76917,
    "budget_ms": 500,
    "margin_ms": 492.23083,
    "command_index": 282,
    "uart_bytes": 341,
    "uart_115200_ms": 29.600694444444443,
    "tick_calls": 1,
    "no_tick_sys_cycles": 677582,
    "no_tick_ms": 6.77582,
    "no_tick_start": 324835258,
    "no_tick_end": 325512840,
    "uart_tx_allowance_ms": 28.47222222222222,
    "period_bound_ms": 285.24804222222224,
    "period_bound_margin_ms": 214.75195777777776,
    "liveness_bound_margin_ms": 1714.7519577777778,
    "phy_publication_bound_ms": 161.67600222222225
  },
  {
    "duty": "milan_status",
    "start_sys_cycle": 325512841,
    "end_sys_cycle": 326289758,
    "sys_cycles": 776917,
    "cpu_cycles": 388459,
    "ms": 7.76917,
    "device_wait_ms": 0.0,
    "service_ms": 7.76917,
    "budget_ms": 500,
    "margin_ms": 492.23083,
    "command_index": 283,
    "uart_bytes": 341,
    "uart_115200_ms": 29.600694444444443,
    "tick_calls": 1,
    "no_tick_sys_cycles": 677582,
    "no_tick_ms": 6.77582,
    "no_tick_start": 325612176,
    "no_tick_end": 326289758,
    "uart_tx_allowance_ms": 28.47222222222222,
    "period_bound_ms": 285.24804222222224,
    "period_bound_margin_ms": 214.75195777777776,
    "liveness_bound_margin_ms": 1714.7519577777778,
    "phy_publication_bound_ms": 161.67600222222225
  },
  {
    "duty": "milan_status",
    "start_sys_cycle": 326289759,
    "end_sys_cycle": 327066738,
    "sys_cycles": 776979,
    "cpu_cycles": 388490,
    "ms": 7.76979,
    "device_wait_ms": 0.0,
    "service_ms": 7.76979,
    "budget_ms": 500,
    "margin_ms": 492.23021,
    "command_index": 284,
    "uart_bytes": 341,
    "uart_115200_ms": 29.600694444444443,
    "tick_calls": 1,
    "no_tick_sys_cycles": 677582,
    "no_tick_ms": 6.77582,
    "no_tick_start": 326389156,
    "no_tick_end": 327066738,
    "uart_tx_allowance_ms": 28.47222222222222,
    "period_bound_ms": 285.24804222222224,
    "period_bound_margin_ms": 214.75195777777776,
    "liveness_bound_margin_ms": 1714.7519577777778,
    "phy_publication_bound_ms": 161.67600222222225
  },
  {
    "duty": "milan_status",
    "start_sys_cycle": 327066739,
    "end_sys_cycle": 327843656,
    "sys_cycles": 776917,
    "cpu_cycles": 388459,
    "ms": 7.76917,
    "device_wait_ms": 0.0,
    "service_ms": 7.76917,
    "budget_ms": 500,
    "margin_ms": 492.23083,
    "command_index": 285,
    "uart_bytes": 341,
    "uart_115200_ms": 29.600694444444443,
    "tick_calls": 1,
    "no_tick_sys_cycles": 677582,
    "no_tick_ms": 6.77582,
    "no_tick_start": 327166074,
    "no_tick_end": 327843656,
    "uart_tx_allowance_ms": 28.47222222222222,
    "period_bound_ms": 285.24804222222224,
    "period_bound_margin_ms": 214.75195777777776,
    "liveness_bound_margin_ms": 1714.7519577777778,
    "phy_publication_bound_ms": 161.67600222222225
  },
  {
    "duty": "milan_status",
    "start_sys_cycle": 327843657,
    "end_sys_cycle": 328620574,
    "sys_cycles": 776917,
    "cpu_cycles": 388459,
    "ms": 7.76917,
    "device_wait_ms": 0.0,
    "service_ms": 7.76917,
    "budget_ms": 500,
    "margin_ms": 492.23083,
    "command_index": 286,
    "uart_bytes": 341,
    "uart_115200_ms": 29.600694444444443,
    "tick_calls": 1,
    "no_tick_sys_cycles": 677582,
    "no_tick_ms": 6.77582,
    "no_tick_start": 327942992,
    "no_tick_end": 328620574,
    "uart_tx_allowance_ms": 28.47222222222222,
    "period_bound_ms": 285.24804222222224,
    "period_bound_margin_ms": 214.75195777777776,
    "liveness_bound_margin_ms": 1714.7519577777778,
    "phy_publication_bound_ms": 161.67600222222225
  },
  {
    "duty": "milan_status",
    "start_sys_cycle": 328620575,
    "end_sys_cycle": 329397492,
    "sys_cycles": 776917,
    "cpu_cycles": 388459,
    "ms": 7.76917,
    "device_wait_ms": 0.0,
    "service_ms": 7.76917,
    "budget_ms": 500,
    "margin_ms": 492.23083,
    "command_index": 287,
    "uart_bytes": 341,
    "uart_115200_ms": 29.600694444444443,
    "tick_calls": 1,
    "no_tick_sys_cycles": 677582,
    "no_tick_ms": 6.77582,
    "no_tick_start": 328719910,
    "no_tick_end": 329397492,
    "uart_tx_allowance_ms": 28.47222222222222,
    "period_bound_ms": 285.24804222222224,
    "period_bound_margin_ms": 214.75195777777776,
    "liveness_bound_margin_ms": 1714.7519577777778,
    "phy_publication_bound_ms": 161.67600222222225
  },
  {
    "duty": "milan_status",
    "start_sys_cycle": 329397493,
    "end_sys_cycle": 330174410,
    "sys_cycles": 776917,
    "cpu_cycles": 388459,
    "ms": 7.76917,
    "device_wait_ms": 0.0,
    "service_ms": 7.76917,
    "budget_ms": 500,
    "margin_ms": 492.23083,
    "command_index": 288,
    "uart_bytes": 341,
    "uart_115200_ms": 29.600694444444443,
    "tick_calls": 1,
    "no_tick_sys_cycles": 677582,
    "no_tick_ms": 6.77582,
    "no_tick_start": 329496828,
    "no_tick_end": 330174410,
    "uart_tx_allowance_ms": 28.47222222222222,
    "period_bound_ms": 285.24804222222224,
    "period_bound_margin_ms": 214.75195777777776,
    "liveness_bound_margin_ms": 1714.7519577777778,
    "phy_publication_bound_ms": 161.67600222222225
  },
  {
    "duty": "milan_status",
    "start_sys_cycle": 330174411,
    "end_sys_cycle": 331015262,
    "sys_cycles": 840851,
    "cpu_cycles": 420426,
    "ms": 8.40851,
    "device_wait_ms": 0.0,
    "service_ms": 8.40851,
    "budget_ms": 500,
    "margin_ms": 491.59149,
    "command_index": 289,
    "uart_bytes": 341,
    "uart_115200_ms": 29.600694444444443,
    "tick_calls": 1,
    "no_tick_sys_cycles": 741454,
    "no_tick_ms": 7.41454,
    "no_tick_start": 330273808,
    "no_tick_end": 331015262,
    "uart_tx_allowance_ms": 28.47222222222222,
    "period_bound_ms": 285.8867622222222,
    "period_bound_margin_ms": 214.11323777777778,
    "liveness_bound_margin_ms": 1714.1132377777778,
    "phy_publication_bound_ms": 162.31472222222223
  },
  {
    "duty": "milan_status",
    "start_sys_cycle": 331015263,
    "end_sys_cycle": 331792180,
    "sys_cycles": 776917,
    "cpu_cycles": 388459,
    "ms": 7.76917,
    "device_wait_ms": 0.0,
    "service_ms": 7.76917,
    "budget_ms": 500,
    "margin_ms": 492.23083,
    "command_index": 290,
    "uart_bytes": 341,
    "uart_115200_ms": 29.600694444444443,
    "tick_calls": 1,
    "no_tick_sys_cycles": 677582,
    "no_tick_ms": 6.77582,
    "no_tick_start": 331114598,
    "no_tick_end": 331792180,
    "uart_tx_allowance_ms": 28.47222222222222,
    "period_bound_ms": 285.24804222222224,
    "period_bound_margin_ms": 214.75195777777776,
    "liveness_bound_margin_ms": 1714.7519577777778,
    "phy_publication_bound_ms": 161.67600222222225
  },
  {
    "duty": "milan_status",
    "start_sys_cycle": 331792181,
    "end_sys_cycle": 332569098,
    "sys_cycles": 776917,
    "cpu_cycles": 388459,
    "ms": 7.76917,
    "device_wait_ms": 0.0,
    "service_ms": 7.76917,
    "budget_ms": 500,
    "margin_ms": 492.23083,
    "command_index": 291,
    "uart_bytes": 341,
    "uart_115200_ms": 29.600694444444443,
    "tick_calls": 1,
    "no_tick_sys_cycles": 677582,
    "no_tick_ms": 6.77582,
    "no_tick_start": 331891516,
    "no_tick_end": 332569098,
    "uart_tx_allowance_ms": 28.47222222222222,
    "period_bound_ms": 285.24804222222224,
    "period_bound_margin_ms": 214.75195777777776,
    "liveness_bound_margin_ms": 1714.7519577777778,
    "phy_publication_bound_ms": 161.67600222222225
  },
  {
    "duty": "milan_status",
    "start_sys_cycle": 332569099,
    "end_sys_cycle": 333346016,
    "sys_cycles": 776917,
    "cpu_cycles": 388459,
    "ms": 7.76917,
    "device_wait_ms": 0.0,
    "service_ms": 7.76917,
    "budget_ms": 500,
    "margin_ms": 492.23083,
    "command_index": 292,
    "uart_bytes": 341,
    "uart_115200_ms": 29.600694444444443,
    "tick_calls": 1,
    "no_tick_sys_cycles": 677582,
    "no_tick_ms": 6.77582,
    "no_tick_start": 332668434,
    "no_tick_end": 333346016,
    "uart_tx_allowance_ms": 28.47222222222222,
    "period_bound_ms": 285.24804222222224,
    "period_bound_margin_ms": 214.75195777777776,
    "liveness_bound_margin_ms": 1714.7519577777778,
    "phy_publication_bound_ms": 161.67600222222225
  },
  {
    "duty": "milan_status",
    "start_sys_cycle": 333346017,
    "end_sys_cycle": 334122934,
    "sys_cycles": 776917,
    "cpu_cycles": 388459,
    "ms": 7.76917,
    "device_wait_ms": 0.0,
    "service_ms": 7.76917,
    "budget_ms": 500,
    "margin_ms": 492.23083,
    "command_index": 293,
    "uart_bytes": 341,
    "uart_115200_ms": 29.600694444444443,
    "tick_calls": 1,
    "no_tick_sys_cycles": 677582,
    "no_tick_ms": 6.77582,
    "no_tick_start": 333445352,
    "no_tick_end": 334122934,
    "uart_tx_allowance_ms": 28.47222222222222,
    "period_bound_ms": 285.24804222222224,
    "period_bound_margin_ms": 214.75195777777776,
    "liveness_bound_margin_ms": 1714.7519577777778,
    "phy_publication_bound_ms": 161.67600222222225
  },
  {
    "duty": "milan_status",
    "start_sys_cycle": 334122935,
    "end_sys_cycle": 334899914,
    "sys_cycles": 776979,
    "cpu_cycles": 388490,
    "ms": 7.76979,
    "device_wait_ms": 0.0,
    "service_ms": 7.76979,
    "budget_ms": 500,
    "margin_ms": 492.23021,
    "command_index": 294,
    "uart_bytes": 341,
    "uart_115200_ms": 29.600694444444443,
    "tick_calls": 1,
    "no_tick_sys_cycles": 677582,
    "no_tick_ms": 6.77582,
    "no_tick_start": 334222332,
    "no_tick_end": 334899914,
    "uart_tx_allowance_ms": 28.47222222222222,
    "period_bound_ms": 285.24804222222224,
    "period_bound_margin_ms": 214.75195777777776,
    "liveness_bound_margin_ms": 1714.7519577777778,
    "phy_publication_bound_ms": 161.67600222222225
  },
  {
    "duty": "milan_status",
    "start_sys_cycle": 334899915,
    "end_sys_cycle": 335676832,
    "sys_cycles": 776917,
    "cpu_cycles": 388459,
    "ms": 7.76917,
    "device_wait_ms": 0.0,
    "service_ms": 7.76917,
    "budget_ms": 500,
    "margin_ms": 492.23083,
    "command_index": 295,
    "uart_bytes": 341,
    "uart_115200_ms": 29.600694444444443,
    "tick_calls": 1,
    "no_tick_sys_cycles": 677582,
    "no_tick_ms": 6.77582,
    "no_tick_start": 334999250,
    "no_tick_end": 335676832,
    "uart_tx_allowance_ms": 28.47222222222222,
    "period_bound_ms": 285.24804222222224,
    "period_bound_margin_ms": 214.75195777777776,
    "liveness_bound_margin_ms": 1714.7519577777778,
    "phy_publication_bound_ms": 161.67600222222225
  },
  {
    "duty": "milan_status",
    "start_sys_cycle": 335676833,
    "end_sys_cycle": 336453750,
    "sys_cycles": 776917,
    "cpu_cycles": 388459,
    "ms": 7.76917,
    "device_wait_ms": 0.0,
    "service_ms": 7.76917,
    "budget_ms": 500,
    "margin_ms": 492.23083,
    "command_index": 296,
    "uart_bytes": 341,
    "uart_115200_ms": 29.600694444444443,
    "tick_calls": 1,
    "no_tick_sys_cycles": 677582,
    "no_tick_ms": 6.77582,
    "no_tick_start": 335776168,
    "no_tick_end": 336453750,
    "uart_tx_allowance_ms": 28.47222222222222,
    "period_bound_ms": 285.24804222222224,
    "period_bound_margin_ms": 214.75195777777776,
    "liveness_bound_margin_ms": 1714.7519577777778,
    "phy_publication_bound_ms": 161.67600222222225
  },
  {
    "duty": "milan_status",
    "start_sys_cycle": 336453751,
    "end_sys_cycle": 337230668,
    "sys_cycles": 776917,
    "cpu_cycles": 388459,
    "ms": 7.76917,
    "device_wait_ms": 0.0,
    "service_ms": 7.76917,
    "budget_ms": 500,
    "margin_ms": 492.23083,
    "command_index": 297,
    "uart_bytes": 341,
    "uart_115200_ms": 29.600694444444443,
    "tick_calls": 1,
    "no_tick_sys_cycles": 677582,
    "no_tick_ms": 6.77582,
    "no_tick_start": 336553086,
    "no_tick_end": 337230668,
    "uart_tx_allowance_ms": 28.47222222222222,
    "period_bound_ms": 285.24804222222224,
    "period_bound_margin_ms": 214.75195777777776,
    "liveness_bound_margin_ms": 1714.7519577777778,
    "phy_publication_bound_ms": 161.67600222222225
  },
  {
    "duty": "milan_status",
    "start_sys_cycle": 337230669,
    "end_sys_cycle": 338007586,
    "sys_cycles": 776917,
    "cpu_cycles": 388459,
    "ms": 7.76917,
    "device_wait_ms": 0.0,
    "service_ms": 7.76917,
    "budget_ms": 500,
    "margin_ms": 492.23083,
    "command_index": 298,
    "uart_bytes": 341,
    "uart_115200_ms": 29.600694444444443,
    "tick_calls": 1,
    "no_tick_sys_cycles": 677582,
    "no_tick_ms": 6.77582,
    "no_tick_start": 337330004,
    "no_tick_end": 338007586,
    "uart_tx_allowance_ms": 28.47222222222222,
    "period_bound_ms": 285.24804222222224,
    "period_bound_margin_ms": 214.75195777777776,
    "liveness_bound_margin_ms": 1714.7519577777778,
    "phy_publication_bound_ms": 161.67600222222225
  },
  {
    "duty": "milan_status",
    "start_sys_cycle": 338007587,
    "end_sys_cycle": 338784566,
    "sys_cycles": 776979,
    "cpu_cycles": 388490,
    "ms": 7.76979,
    "device_wait_ms": 0.0,
    "service_ms": 7.76979,
    "budget_ms": 500,
    "margin_ms": 492.23021,
    "command_index": 299,
    "uart_bytes": 341,
    "uart_115200_ms": 29.600694444444443,
    "tick_calls": 1,
    "no_tick_sys_cycles": 677582,
    "no_tick_ms": 6.77582,
    "no_tick_start": 338106984,
    "no_tick_end": 338784566,
    "uart_tx_allowance_ms": 28.47222222222222,
    "period_bound_ms": 285.24804222222224,
    "period_bound_margin_ms": 214.75195777777776,
    "liveness_bound_margin_ms": 1714.7519577777778,
    "phy_publication_bound_ms": 161.67600222222225
  },
  {
    "duty": "milan_status",
    "start_sys_cycle": 338784567,
    "end_sys_cycle": 339561484,
    "sys_cycles": 776917,
    "cpu_cycles": 388459,
    "ms": 7.76917,
    "device_wait_ms": 0.0,
    "service_ms": 7.76917,
    "budget_ms": 500,
    "margin_ms": 492.23083,
    "command_index": 300,
    "uart_bytes": 341,
    "uart_115200_ms": 29.600694444444443,
    "tick_calls": 1,
    "no_tick_sys_cycles": 677582,
    "no_tick_ms": 6.77582,
    "no_tick_start": 338883902,
    "no_tick_end": 339561484,
    "uart_tx_allowance_ms": 28.47222222222222,
    "period_bound_ms": 285.24804222222224,
    "period_bound_margin_ms": 214.75195777777776,
    "liveness_bound_margin_ms": 1714.7519577777778,
    "phy_publication_bound_ms": 161.67600222222225
  },
  {
    "duty": "milan_status",
    "start_sys_cycle": 339561485,
    "end_sys_cycle": 340338402,
    "sys_cycles": 776917,
    "cpu_cycles": 388459,
    "ms": 7.76917,
    "device_wait_ms": 0.0,
    "service_ms": 7.76917,
    "budget_ms": 500,
    "margin_ms": 492.23083,
    "command_index": 301,
    "uart_bytes": 341,
    "uart_115200_ms": 29.600694444444443,
    "tick_calls": 1,
    "no_tick_sys_cycles": 677582,
    "no_tick_ms": 6.77582,
    "no_tick_start": 339660820,
    "no_tick_end": 340338402,
    "uart_tx_allowance_ms": 28.47222222222222,
    "period_bound_ms": 285.24804222222224,
    "period_bound_margin_ms": 214.75195777777776,
    "liveness_bound_margin_ms": 1714.7519577777778,
    "phy_publication_bound_ms": 161.67600222222225
  },
  {
    "duty": "milan_status",
    "start_sys_cycle": 340338403,
    "end_sys_cycle": 341115320,
    "sys_cycles": 776917,
    "cpu_cycles": 388459,
    "ms": 7.76917,
    "device_wait_ms": 0.0,
    "service_ms": 7.76917,
    "budget_ms": 500,
    "margin_ms": 492.23083,
    "command_index": 302,
    "uart_bytes": 341,
    "uart_115200_ms": 29.600694444444443,
    "tick_calls": 1,
    "no_tick_sys_cycles": 677582,
    "no_tick_ms": 6.77582,
    "no_tick_start": 340437738,
    "no_tick_end": 341115320,
    "uart_tx_allowance_ms": 28.47222222222222,
    "period_bound_ms": 285.24804222222224,
    "period_bound_margin_ms": 214.75195777777776,
    "liveness_bound_margin_ms": 1714.7519577777778,
    "phy_publication_bound_ms": 161.67600222222225
  },
  {
    "duty": "milan_status",
    "start_sys_cycle": 341115321,
    "end_sys_cycle": 341892238,
    "sys_cycles": 776917,
    "cpu_cycles": 388459,
    "ms": 7.76917,
    "device_wait_ms": 0.0,
    "service_ms": 7.76917,
    "budget_ms": 500,
    "margin_ms": 492.23083,
    "command_index": 303,
    "uart_bytes": 341,
    "uart_115200_ms": 29.600694444444443,
    "tick_calls": 1,
    "no_tick_sys_cycles": 677582,
    "no_tick_ms": 6.77582,
    "no_tick_start": 341214656,
    "no_tick_end": 341892238,
    "uart_tx_allowance_ms": 28.47222222222222,
    "period_bound_ms": 285.24804222222224,
    "period_bound_margin_ms": 214.75195777777776,
    "liveness_bound_margin_ms": 1714.7519577777778,
    "phy_publication_bound_ms": 161.67600222222225
  },
  {
    "duty": "milan_status",
    "start_sys_cycle": 341892239,
    "end_sys_cycle": 342669218,
    "sys_cycles": 776979,
    "cpu_cycles": 388490,
    "ms": 7.76979,
    "device_wait_ms": 0.0,
    "service_ms": 7.76979,
    "budget_ms": 500,
    "margin_ms": 492.23021,
    "command_index": 304,
    "uart_bytes": 341,
    "uart_115200_ms": 29.600694444444443,
    "tick_calls": 1,
    "no_tick_sys_cycles": 677582,
    "no_tick_ms": 6.77582,
    "no_tick_start": 341991636,
    "no_tick_end": 342669218,
    "uart_tx_allowance_ms": 28.47222222222222,
    "period_bound_ms": 285.24804222222224,
    "period_bound_margin_ms": 214.75195777777776,
    "liveness_bound_margin_ms": 1714.7519577777778,
    "phy_publication_bound_ms": 161.67600222222225
  },
  {
    "duty": "milan_status",
    "start_sys_cycle": 342669219,
    "end_sys_cycle": 343446136,
    "sys_cycles": 776917,
    "cpu_cycles": 388459,
    "ms": 7.76917,
    "device_wait_ms": 0.0,
    "service_ms": 7.76917,
    "budget_ms": 500,
    "margin_ms": 492.23083,
    "command_index": 305,
    "uart_bytes": 341,
    "uart_115200_ms": 29.600694444444443,
    "tick_calls": 1,
    "no_tick_sys_cycles": 677582,
    "no_tick_ms": 6.77582,
    "no_tick_start": 342768554,
    "no_tick_end": 343446136,
    "uart_tx_allowance_ms": 28.47222222222222,
    "period_bound_ms": 285.24804222222224,
    "period_bound_margin_ms": 214.75195777777776,
    "liveness_bound_margin_ms": 1714.7519577777778,
    "phy_publication_bound_ms": 161.67600222222225
  },
  {
    "duty": "milan_status",
    "start_sys_cycle": 343446137,
    "end_sys_cycle": 344286926,
    "sys_cycles": 840789,
    "cpu_cycles": 420395,
    "ms": 8.40789,
    "device_wait_ms": 0.0,
    "service_ms": 8.40789,
    "budget_ms": 500,
    "margin_ms": 491.59211,
    "command_index": 306,
    "uart_bytes": 341,
    "uart_115200_ms": 29.600694444444443,
    "tick_calls": 1,
    "no_tick_sys_cycles": 741454,
    "no_tick_ms": 7.41454,
    "no_tick_start": 343545472,
    "no_tick_end": 344286926,
    "uart_tx_allowance_ms": 28.47222222222222,
    "period_bound_ms": 285.8867622222222,
    "period_bound_margin_ms": 214.11323777777778,
    "liveness_bound_margin_ms": 1714.1132377777778,
    "phy_publication_bound_ms": 162.31472222222223
  },
  {
    "duty": "milan_status",
    "start_sys_cycle": 344286927,
    "end_sys_cycle": 345063844,
    "sys_cycles": 776917,
    "cpu_cycles": 388459,
    "ms": 7.76917,
    "device_wait_ms": 0.0,
    "service_ms": 7.76917,
    "budget_ms": 500,
    "margin_ms": 492.23083,
    "command_index": 307,
    "uart_bytes": 341,
    "uart_115200_ms": 29.600694444444443,
    "tick_calls": 1,
    "no_tick_sys_cycles": 677582,
    "no_tick_ms": 6.77582,
    "no_tick_start": 344386262,
    "no_tick_end": 345063844,
    "uart_tx_allowance_ms": 28.47222222222222,
    "period_bound_ms": 285.24804222222224,
    "period_bound_margin_ms": 214.75195777777776,
    "liveness_bound_margin_ms": 1714.7519577777778,
    "phy_publication_bound_ms": 161.67600222222225
  },
  {
    "duty": "milan_status",
    "start_sys_cycle": 345063845,
    "end_sys_cycle": 345840762,
    "sys_cycles": 776917,
    "cpu_cycles": 388459,
    "ms": 7.76917,
    "device_wait_ms": 0.0,
    "service_ms": 7.76917,
    "budget_ms": 500,
    "margin_ms": 492.23083,
    "command_index": 308,
    "uart_bytes": 341,
    "uart_115200_ms": 29.600694444444443,
    "tick_calls": 1,
    "no_tick_sys_cycles": 677582,
    "no_tick_ms": 6.77582,
    "no_tick_start": 345163180,
    "no_tick_end": 345840762,
    "uart_tx_allowance_ms": 28.47222222222222,
    "period_bound_ms": 285.24804222222224,
    "period_bound_margin_ms": 214.75195777777776,
    "liveness_bound_margin_ms": 1714.7519577777778,
    "phy_publication_bound_ms": 161.67600222222225
  },
  {
    "duty": "milan_status",
    "start_sys_cycle": 345840763,
    "end_sys_cycle": 346617742,
    "sys_cycles": 776979,
    "cpu_cycles": 388490,
    "ms": 7.76979,
    "device_wait_ms": 0.0,
    "service_ms": 7.76979,
    "budget_ms": 500,
    "margin_ms": 492.23021,
    "command_index": 309,
    "uart_bytes": 341,
    "uart_115200_ms": 29.600694444444443,
    "tick_calls": 1,
    "no_tick_sys_cycles": 677582,
    "no_tick_ms": 6.77582,
    "no_tick_start": 345940160,
    "no_tick_end": 346617742,
    "uart_tx_allowance_ms": 28.47222222222222,
    "period_bound_ms": 285.24804222222224,
    "period_bound_margin_ms": 214.75195777777776,
    "liveness_bound_margin_ms": 1714.7519577777778,
    "phy_publication_bound_ms": 161.67600222222225
  },
  {
    "duty": "milan_status",
    "start_sys_cycle": 346617743,
    "end_sys_cycle": 347394660,
    "sys_cycles": 776917,
    "cpu_cycles": 388459,
    "ms": 7.76917,
    "device_wait_ms": 0.0,
    "service_ms": 7.76917,
    "budget_ms": 500,
    "margin_ms": 492.23083,
    "command_index": 310,
    "uart_bytes": 341,
    "uart_115200_ms": 29.600694444444443,
    "tick_calls": 1,
    "no_tick_sys_cycles": 677582,
    "no_tick_ms": 6.77582,
    "no_tick_start": 346717078,
    "no_tick_end": 347394660,
    "uart_tx_allowance_ms": 28.47222222222222,
    "period_bound_ms": 285.24804222222224,
    "period_bound_margin_ms": 214.75195777777776,
    "liveness_bound_margin_ms": 1714.7519577777778,
    "phy_publication_bound_ms": 161.67600222222225
  },
  {
    "duty": "milan_status",
    "start_sys_cycle": 347394661,
    "end_sys_cycle": 348171578,
    "sys_cycles": 776917,
    "cpu_cycles": 388459,
    "ms": 7.76917,
    "device_wait_ms": 0.0,
    "service_ms": 7.76917,
    "budget_ms": 500,
    "margin_ms": 492.23083,
    "command_index": 311,
    "uart_bytes": 341,
    "uart_115200_ms": 29.600694444444443,
    "tick_calls": 1,
    "no_tick_sys_cycles": 677582,
    "no_tick_ms": 6.77582,
    "no_tick_start": 347493996,
    "no_tick_end": 348171578,
    "uart_tx_allowance_ms": 28.47222222222222,
    "period_bound_ms": 285.24804222222224,
    "period_bound_margin_ms": 214.75195777777776,
    "liveness_bound_margin_ms": 1714.7519577777778,
    "phy_publication_bound_ms": 161.67600222222225
  },
  {
    "duty": "milan_status",
    "start_sys_cycle": 348171579,
    "end_sys_cycle": 348948544,
    "sys_cycles": 776965,
    "cpu_cycles": 388483,
    "ms": 7.76965,
    "device_wait_ms": 0.0,
    "service_ms": 7.76965,
    "budget_ms": 500,
    "margin_ms": 492.23035,
    "command_index": 312,
    "uart_bytes": 341,
    "uart_115200_ms": 29.600694444444443,
    "tick_calls": 1,
    "no_tick_sys_cycles": 677630,
    "no_tick_ms": 6.7763,
    "no_tick_start": 348270914,
    "no_tick_end": 348948544,
    "uart_tx_allowance_ms": 28.47222222222222,
    "period_bound_ms": 285.2485222222222,
    "period_bound_margin_ms": 214.75147777777778,
    "liveness_bound_margin_ms": 1714.7514777777778,
    "phy_publication_bound_ms": 161.67648222222223
  },
  {
    "duty": "milan_status",
    "start_sys_cycle": 348948545,
    "end_sys_cycle": 349725462,
    "sys_cycles": 776917,
    "cpu_cycles": 388459,
    "ms": 7.76917,
    "device_wait_ms": 0.0,
    "service_ms": 7.76917,
    "budget_ms": 500,
    "margin_ms": 492.23083,
    "command_index": 313,
    "uart_bytes": 341,
    "uart_115200_ms": 29.600694444444443,
    "tick_calls": 1,
    "no_tick_sys_cycles": 677582,
    "no_tick_ms": 6.77582,
    "no_tick_start": 349047880,
    "no_tick_end": 349725462,
    "uart_tx_allowance_ms": 28.47222222222222,
    "period_bound_ms": 285.24804222222224,
    "period_bound_margin_ms": 214.75195777777776,
    "liveness_bound_margin_ms": 1714.7519577777778,
    "phy_publication_bound_ms": 161.67600222222225
  },
  {
    "duty": "milan_status",
    "start_sys_cycle": 349725463,
    "end_sys_cycle": 350502442,
    "sys_cycles": 776979,
    "cpu_cycles": 388490,
    "ms": 7.76979,
    "device_wait_ms": 0.0,
    "service_ms": 7.76979,
    "budget_ms": 500,
    "margin_ms": 492.23021,
    "command_index": 314,
    "uart_bytes": 341,
    "uart_115200_ms": 29.600694444444443,
    "tick_calls": 1,
    "no_tick_sys_cycles": 677582,
    "no_tick_ms": 6.77582,
    "no_tick_start": 349824860,
    "no_tick_end": 350502442,
    "uart_tx_allowance_ms": 28.47222222222222,
    "period_bound_ms": 285.24804222222224,
    "period_bound_margin_ms": 214.75195777777776,
    "liveness_bound_margin_ms": 1714.7519577777778,
    "phy_publication_bound_ms": 161.67600222222225
  },
  {
    "duty": "milan_status",
    "start_sys_cycle": 350502443,
    "end_sys_cycle": 351279360,
    "sys_cycles": 776917,
    "cpu_cycles": 388459,
    "ms": 7.76917,
    "device_wait_ms": 0.0,
    "service_ms": 7.76917,
    "budget_ms": 500,
    "margin_ms": 492.23083,
    "command_index": 315,
    "uart_bytes": 341,
    "uart_115200_ms": 29.600694444444443,
    "tick_calls": 1,
    "no_tick_sys_cycles": 677582,
    "no_tick_ms": 6.77582,
    "no_tick_start": 350601778,
    "no_tick_end": 351279360,
    "uart_tx_allowance_ms": 28.47222222222222,
    "period_bound_ms": 285.24804222222224,
    "period_bound_margin_ms": 214.75195777777776,
    "liveness_bound_margin_ms": 1714.7519577777778,
    "phy_publication_bound_ms": 161.67600222222225
  },
  {
    "duty": "milan_status",
    "start_sys_cycle": 351279361,
    "end_sys_cycle": 352056278,
    "sys_cycles": 776917,
    "cpu_cycles": 388459,
    "ms": 7.76917,
    "device_wait_ms": 0.0,
    "service_ms": 7.76917,
    "budget_ms": 500,
    "margin_ms": 492.23083,
    "command_index": 316,
    "uart_bytes": 341,
    "uart_115200_ms": 29.600694444444443,
    "tick_calls": 1,
    "no_tick_sys_cycles": 677582,
    "no_tick_ms": 6.77582,
    "no_tick_start": 351378696,
    "no_tick_end": 352056278,
    "uart_tx_allowance_ms": 28.47222222222222,
    "period_bound_ms": 285.24804222222224,
    "period_bound_margin_ms": 214.75195777777776,
    "liveness_bound_margin_ms": 1714.7519577777778,
    "phy_publication_bound_ms": 161.67600222222225
  },
  {
    "duty": "milan_status",
    "start_sys_cycle": 352056279,
    "end_sys_cycle": 352833196,
    "sys_cycles": 776917,
    "cpu_cycles": 388459,
    "ms": 7.76917,
    "device_wait_ms": 0.0,
    "service_ms": 7.76917,
    "budget_ms": 500,
    "margin_ms": 492.23083,
    "command_index": 317,
    "uart_bytes": 341,
    "uart_115200_ms": 29.600694444444443,
    "tick_calls": 1,
    "no_tick_sys_cycles": 677582,
    "no_tick_ms": 6.77582,
    "no_tick_start": 352155614,
    "no_tick_end": 352833196,
    "uart_tx_allowance_ms": 28.47222222222222,
    "period_bound_ms": 285.24804222222224,
    "period_bound_margin_ms": 214.75195777777776,
    "liveness_bound_margin_ms": 1714.7519577777778,
    "phy_publication_bound_ms": 161.67600222222225
  },
  {
    "duty": "milan_status",
    "start_sys_cycle": 352833197,
    "end_sys_cycle": 353610114,
    "sys_cycles": 776917,
    "cpu_cycles": 388459,
    "ms": 7.76917,
    "device_wait_ms": 0.0,
    "service_ms": 7.76917,
    "budget_ms": 500,
    "margin_ms": 492.23083,
    "command_index": 318,
    "uart_bytes": 341,
    "uart_115200_ms": 29.600694444444443,
    "tick_calls": 1,
    "no_tick_sys_cycles": 677582,
    "no_tick_ms": 6.77582,
    "no_tick_start": 352932532,
    "no_tick_end": 353610114,
    "uart_tx_allowance_ms": 28.47222222222222,
    "period_bound_ms": 285.24804222222224,
    "period_bound_margin_ms": 214.75195777777776,
    "liveness_bound_margin_ms": 1714.7519577777778,
    "phy_publication_bound_ms": 161.67600222222225
  },
  {
    "duty": "milan_status",
    "start_sys_cycle": 353610115,
    "end_sys_cycle": 354387094,
    "sys_cycles": 776979,
    "cpu_cycles": 388490,
    "ms": 7.76979,
    "device_wait_ms": 0.0,
    "service_ms": 7.76979,
    "budget_ms": 500,
    "margin_ms": 492.23021,
    "command_index": 319,
    "uart_bytes": 341,
    "uart_115200_ms": 29.600694444444443,
    "tick_calls": 1,
    "no_tick_sys_cycles": 677582,
    "no_tick_ms": 6.77582,
    "no_tick_start": 353709512,
    "no_tick_end": 354387094,
    "uart_tx_allowance_ms": 28.47222222222222,
    "period_bound_ms": 285.24804222222224,
    "period_bound_margin_ms": 214.75195777777776,
    "liveness_bound_margin_ms": 1714.7519577777778,
    "phy_publication_bound_ms": 161.67600222222225
  },
  {
    "duty": "milan_status",
    "start_sys_cycle": 354387095,
    "end_sys_cycle": 355164012,
    "sys_cycles": 776917,
    "cpu_cycles": 388459,
    "ms": 7.76917,
    "device_wait_ms": 0.0,
    "service_ms": 7.76917,
    "budget_ms": 500,
    "margin_ms": 492.23083,
    "command_index": 320,
    "uart_bytes": 341,
    "uart_115200_ms": 29.600694444444443,
    "tick_calls": 1,
    "no_tick_sys_cycles": 677582,
    "no_tick_ms": 6.77582,
    "no_tick_start": 354486430,
    "no_tick_end": 355164012,
    "uart_tx_allowance_ms": 28.47222222222222,
    "period_bound_ms": 285.24804222222224,
    "period_bound_margin_ms": 214.75195777777776,
    "liveness_bound_margin_ms": 1714.7519577777778,
    "phy_publication_bound_ms": 161.67600222222225
  },
  {
    "duty": "milan_status",
    "start_sys_cycle": 355164013,
    "end_sys_cycle": 355940930,
    "sys_cycles": 776917,
    "cpu_cycles": 388459,
    "ms": 7.76917,
    "device_wait_ms": 0.0,
    "service_ms": 7.76917,
    "budget_ms": 500,
    "margin_ms": 492.23083,
    "command_index": 321,
    "uart_bytes": 341,
    "uart_115200_ms": 29.600694444444443,
    "tick_calls": 1,
    "no_tick_sys_cycles": 677582,
    "no_tick_ms": 6.77582,
    "no_tick_start": 355263348,
    "no_tick_end": 355940930,
    "uart_tx_allowance_ms": 28.47222222222222,
    "period_bound_ms": 285.24804222222224,
    "period_bound_margin_ms": 214.75195777777776,
    "liveness_bound_margin_ms": 1714.7519577777778,
    "phy_publication_bound_ms": 161.67600222222225
  },
  {
    "duty": "milan_status",
    "start_sys_cycle": 355940931,
    "end_sys_cycle": 356717848,
    "sys_cycles": 776917,
    "cpu_cycles": 388459,
    "ms": 7.76917,
    "device_wait_ms": 0.0,
    "service_ms": 7.76917,
    "budget_ms": 500,
    "margin_ms": 492.23083,
    "command_index": 322,
    "uart_bytes": 341,
    "uart_115200_ms": 29.600694444444443,
    "tick_calls": 1,
    "no_tick_sys_cycles": 677582,
    "no_tick_ms": 6.77582,
    "no_tick_start": 356040266,
    "no_tick_end": 356717848,
    "uart_tx_allowance_ms": 28.47222222222222,
    "period_bound_ms": 285.24804222222224,
    "period_bound_margin_ms": 214.75195777777776,
    "liveness_bound_margin_ms": 1714.7519577777778,
    "phy_publication_bound_ms": 161.67600222222225
  },
  {
    "duty": "milan_status",
    "start_sys_cycle": 356717849,
    "end_sys_cycle": 357558638,
    "sys_cycles": 840789,
    "cpu_cycles": 420395,
    "ms": 8.40789,
    "device_wait_ms": 0.0,
    "service_ms": 8.40789,
    "budget_ms": 500,
    "margin_ms": 491.59211,
    "command_index": 323,
    "uart_bytes": 341,
    "uart_115200_ms": 29.600694444444443,
    "tick_calls": 1,
    "no_tick_sys_cycles": 741454,
    "no_tick_ms": 7.41454,
    "no_tick_start": 356817184,
    "no_tick_end": 357558638,
    "uart_tx_allowance_ms": 28.47222222222222,
    "period_bound_ms": 285.8867622222222,
    "period_bound_margin_ms": 214.11323777777778,
    "liveness_bound_margin_ms": 1714.1132377777778,
    "phy_publication_bound_ms": 162.31472222222223
  },
  {
    "duty": "milan_status",
    "start_sys_cycle": 357558639,
    "end_sys_cycle": 358335618,
    "sys_cycles": 776979,
    "cpu_cycles": 388490,
    "ms": 7.76979,
    "device_wait_ms": 0.0,
    "service_ms": 7.76979,
    "budget_ms": 500,
    "margin_ms": 492.23021,
    "command_index": 324,
    "uart_bytes": 341,
    "uart_115200_ms": 29.600694444444443,
    "tick_calls": 1,
    "no_tick_sys_cycles": 677582,
    "no_tick_ms": 6.77582,
    "no_tick_start": 357658036,
    "no_tick_end": 358335618,
    "uart_tx_allowance_ms": 28.47222222222222,
    "period_bound_ms": 285.24804222222224,
    "period_bound_margin_ms": 214.75195777777776,
    "liveness_bound_margin_ms": 1714.7519577777778,
    "phy_publication_bound_ms": 161.67600222222225
  },
  {
    "duty": "milan_status",
    "start_sys_cycle": 358335619,
    "end_sys_cycle": 359112536,
    "sys_cycles": 776917,
    "cpu_cycles": 388459,
    "ms": 7.76917,
    "device_wait_ms": 0.0,
    "service_ms": 7.76917,
    "budget_ms": 500,
    "margin_ms": 492.23083,
    "command_index": 325,
    "uart_bytes": 341,
    "uart_115200_ms": 29.600694444444443,
    "tick_calls": 1,
    "no_tick_sys_cycles": 677582,
    "no_tick_ms": 6.77582,
    "no_tick_start": 358434954,
    "no_tick_end": 359112536,
    "uart_tx_allowance_ms": 28.47222222222222,
    "period_bound_ms": 285.24804222222224,
    "period_bound_margin_ms": 214.75195777777776,
    "liveness_bound_margin_ms": 1714.7519577777778,
    "phy_publication_bound_ms": 161.67600222222225
  },
  {
    "duty": "milan_status",
    "start_sys_cycle": 359112537,
    "end_sys_cycle": 359889454,
    "sys_cycles": 776917,
    "cpu_cycles": 388459,
    "ms": 7.76917,
    "device_wait_ms": 0.0,
    "service_ms": 7.76917,
    "budget_ms": 500,
    "margin_ms": 492.23083,
    "command_index": 326,
    "uart_bytes": 341,
    "uart_115200_ms": 29.600694444444443,
    "tick_calls": 1,
    "no_tick_sys_cycles": 677582,
    "no_tick_ms": 6.77582,
    "no_tick_start": 359211872,
    "no_tick_end": 359889454,
    "uart_tx_allowance_ms": 28.47222222222222,
    "period_bound_ms": 285.24804222222224,
    "period_bound_margin_ms": 214.75195777777776,
    "liveness_bound_margin_ms": 1714.7519577777778,
    "phy_publication_bound_ms": 161.67600222222225
  },
  {
    "duty": "milan_status",
    "start_sys_cycle": 359889455,
    "end_sys_cycle": 360666372,
    "sys_cycles": 776917,
    "cpu_cycles": 388459,
    "ms": 7.76917,
    "device_wait_ms": 0.0,
    "service_ms": 7.76917,
    "budget_ms": 500,
    "margin_ms": 492.23083,
    "command_index": 327,
    "uart_bytes": 341,
    "uart_115200_ms": 29.600694444444443,
    "tick_calls": 1,
    "no_tick_sys_cycles": 677582,
    "no_tick_ms": 6.77582,
    "no_tick_start": 359988790,
    "no_tick_end": 360666372,
    "uart_tx_allowance_ms": 28.47222222222222,
    "period_bound_ms": 285.24804222222224,
    "period_bound_margin_ms": 214.75195777777776,
    "liveness_bound_margin_ms": 1714.7519577777778,
    "phy_publication_bound_ms": 161.67600222222225
  },
  {
    "duty": "milan_status",
    "start_sys_cycle": 360666373,
    "end_sys_cycle": 361443290,
    "sys_cycles": 776917,
    "cpu_cycles": 388459,
    "ms": 7.76917,
    "device_wait_ms": 0.0,
    "service_ms": 7.76917,
    "budget_ms": 500,
    "margin_ms": 492.23083,
    "command_index": 328,
    "uart_bytes": 341,
    "uart_115200_ms": 29.600694444444443,
    "tick_calls": 1,
    "no_tick_sys_cycles": 677582,
    "no_tick_ms": 6.77582,
    "no_tick_start": 360765708,
    "no_tick_end": 361443290,
    "uart_tx_allowance_ms": 28.47222222222222,
    "period_bound_ms": 285.24804222222224,
    "period_bound_margin_ms": 214.75195777777776,
    "liveness_bound_margin_ms": 1714.7519577777778,
    "phy_publication_bound_ms": 161.67600222222225
  },
  {
    "duty": "milan_status",
    "start_sys_cycle": 361443291,
    "end_sys_cycle": 362220270,
    "sys_cycles": 776979,
    "cpu_cycles": 388490,
    "ms": 7.76979,
    "device_wait_ms": 0.0,
    "service_ms": 7.76979,
    "budget_ms": 500,
    "margin_ms": 492.23021,
    "command_index": 329,
    "uart_bytes": 341,
    "uart_115200_ms": 29.600694444444443,
    "tick_calls": 1,
    "no_tick_sys_cycles": 677582,
    "no_tick_ms": 6.77582,
    "no_tick_start": 361542688,
    "no_tick_end": 362220270,
    "uart_tx_allowance_ms": 28.47222222222222,
    "period_bound_ms": 285.24804222222224,
    "period_bound_margin_ms": 214.75195777777776,
    "liveness_bound_margin_ms": 1714.7519577777778,
    "phy_publication_bound_ms": 161.67600222222225
  },
  {
    "duty": "milan_status",
    "start_sys_cycle": 362220271,
    "end_sys_cycle": 362997188,
    "sys_cycles": 776917,
    "cpu_cycles": 388459,
    "ms": 7.76917,
    "device_wait_ms": 0.0,
    "service_ms": 7.76917,
    "budget_ms": 500,
    "margin_ms": 492.23083,
    "command_index": 330,
    "uart_bytes": 341,
    "uart_115200_ms": 29.600694444444443,
    "tick_calls": 1,
    "no_tick_sys_cycles": 677582,
    "no_tick_ms": 6.77582,
    "no_tick_start": 362319606,
    "no_tick_end": 362997188,
    "uart_tx_allowance_ms": 28.47222222222222,
    "period_bound_ms": 285.24804222222224,
    "period_bound_margin_ms": 214.75195777777776,
    "liveness_bound_margin_ms": 1714.7519577777778,
    "phy_publication_bound_ms": 161.67600222222225
  },
  {
    "duty": "milan_status",
    "start_sys_cycle": 362997189,
    "end_sys_cycle": 363774106,
    "sys_cycles": 776917,
    "cpu_cycles": 388459,
    "ms": 7.76917,
    "device_wait_ms": 0.0,
    "service_ms": 7.76917,
    "budget_ms": 500,
    "margin_ms": 492.23083,
    "command_index": 331,
    "uart_bytes": 341,
    "uart_115200_ms": 29.600694444444443,
    "tick_calls": 1,
    "no_tick_sys_cycles": 677582,
    "no_tick_ms": 6.77582,
    "no_tick_start": 363096524,
    "no_tick_end": 363774106,
    "uart_tx_allowance_ms": 28.47222222222222,
    "period_bound_ms": 285.24804222222224,
    "period_bound_margin_ms": 214.75195777777776,
    "liveness_bound_margin_ms": 1714.7519577777778,
    "phy_publication_bound_ms": 161.67600222222225
  },
  {
    "duty": "milan_status",
    "start_sys_cycle": 363774107,
    "end_sys_cycle": 364551024,
    "sys_cycles": 776917,
    "cpu_cycles": 388459,
    "ms": 7.76917,
    "device_wait_ms": 0.0,
    "service_ms": 7.76917,
    "budget_ms": 500,
    "margin_ms": 492.23083,
    "command_index": 332,
    "uart_bytes": 341,
    "uart_115200_ms": 29.600694444444443,
    "tick_calls": 1,
    "no_tick_sys_cycles": 677582,
    "no_tick_ms": 6.77582,
    "no_tick_start": 363873442,
    "no_tick_end": 364551024,
    "uart_tx_allowance_ms": 28.47222222222222,
    "period_bound_ms": 285.24804222222224,
    "period_bound_margin_ms": 214.75195777777776,
    "liveness_bound_margin_ms": 1714.7519577777778,
    "phy_publication_bound_ms": 161.67600222222225
  },
  {
    "duty": "milan_status",
    "start_sys_cycle": 364551025,
    "end_sys_cycle": 365327942,
    "sys_cycles": 776917,
    "cpu_cycles": 388459,
    "ms": 7.76917,
    "device_wait_ms": 0.0,
    "service_ms": 7.76917,
    "budget_ms": 500,
    "margin_ms": 492.23083,
    "command_index": 333,
    "uart_bytes": 341,
    "uart_115200_ms": 29.600694444444443,
    "tick_calls": 1,
    "no_tick_sys_cycles": 677582,
    "no_tick_ms": 6.77582,
    "no_tick_start": 364650360,
    "no_tick_end": 365327942,
    "uart_tx_allowance_ms": 28.47222222222222,
    "period_bound_ms": 285.24804222222224,
    "period_bound_margin_ms": 214.75195777777776,
    "liveness_bound_margin_ms": 1714.7519577777778,
    "phy_publication_bound_ms": 161.67600222222225
  },
  {
    "duty": "milan_status",
    "start_sys_cycle": 365327943,
    "end_sys_cycle": 366104922,
    "sys_cycles": 776979,
    "cpu_cycles": 388490,
    "ms": 7.76979,
    "device_wait_ms": 0.0,
    "service_ms": 7.76979,
    "budget_ms": 500,
    "margin_ms": 492.23021,
    "command_index": 334,
    "uart_bytes": 341,
    "uart_115200_ms": 29.600694444444443,
    "tick_calls": 1,
    "no_tick_sys_cycles": 677582,
    "no_tick_ms": 6.77582,
    "no_tick_start": 365427340,
    "no_tick_end": 366104922,
    "uart_tx_allowance_ms": 28.47222222222222,
    "period_bound_ms": 285.24804222222224,
    "period_bound_margin_ms": 214.75195777777776,
    "liveness_bound_margin_ms": 1714.7519577777778,
    "phy_publication_bound_ms": 161.67600222222225
  },
  {
    "duty": "milan_status",
    "start_sys_cycle": 366104923,
    "end_sys_cycle": 366881840,
    "sys_cycles": 776917,
    "cpu_cycles": 388459,
    "ms": 7.76917,
    "device_wait_ms": 0.0,
    "service_ms": 7.76917,
    "budget_ms": 500,
    "margin_ms": 492.23083,
    "command_index": 335,
    "uart_bytes": 341,
    "uart_115200_ms": 29.600694444444443,
    "tick_calls": 1,
    "no_tick_sys_cycles": 677582,
    "no_tick_ms": 6.77582,
    "no_tick_start": 366204258,
    "no_tick_end": 366881840,
    "uart_tx_allowance_ms": 28.47222222222222,
    "period_bound_ms": 285.24804222222224,
    "period_bound_margin_ms": 214.75195777777776,
    "liveness_bound_margin_ms": 1714.7519577777778,
    "phy_publication_bound_ms": 161.67600222222225
  },
  {
    "duty": "milan_status",
    "start_sys_cycle": 366881841,
    "end_sys_cycle": 367658758,
    "sys_cycles": 776917,
    "cpu_cycles": 388459,
    "ms": 7.76917,
    "device_wait_ms": 0.0,
    "service_ms": 7.76917,
    "budget_ms": 500,
    "margin_ms": 492.23083,
    "command_index": 336,
    "uart_bytes": 341,
    "uart_115200_ms": 29.600694444444443,
    "tick_calls": 1,
    "no_tick_sys_cycles": 677582,
    "no_tick_ms": 6.77582,
    "no_tick_start": 366981176,
    "no_tick_end": 367658758,
    "uart_tx_allowance_ms": 28.47222222222222,
    "period_bound_ms": 285.24804222222224,
    "period_bound_margin_ms": 214.75195777777776,
    "liveness_bound_margin_ms": 1714.7519577777778,
    "phy_publication_bound_ms": 161.67600222222225
  },
  {
    "duty": "milan_status",
    "start_sys_cycle": 367658759,
    "end_sys_cycle": 368435676,
    "sys_cycles": 776917,
    "cpu_cycles": 388459,
    "ms": 7.76917,
    "device_wait_ms": 0.0,
    "service_ms": 7.76917,
    "budget_ms": 500,
    "margin_ms": 492.23083,
    "command_index": 337,
    "uart_bytes": 341,
    "uart_115200_ms": 29.600694444444443,
    "tick_calls": 1,
    "no_tick_sys_cycles": 677582,
    "no_tick_ms": 6.77582,
    "no_tick_start": 367758094,
    "no_tick_end": 368435676,
    "uart_tx_allowance_ms": 28.47222222222222,
    "period_bound_ms": 285.24804222222224,
    "period_bound_margin_ms": 214.75195777777776,
    "liveness_bound_margin_ms": 1714.7519577777778,
    "phy_publication_bound_ms": 161.67600222222225
  },
  {
    "duty": "milan_status",
    "start_sys_cycle": 368435677,
    "end_sys_cycle": 369212594,
    "sys_cycles": 776917,
    "cpu_cycles": 388459,
    "ms": 7.76917,
    "device_wait_ms": 0.0,
    "service_ms": 7.76917,
    "budget_ms": 500,
    "margin_ms": 492.23083,
    "command_index": 338,
    "uart_bytes": 341,
    "uart_115200_ms": 29.600694444444443,
    "tick_calls": 1,
    "no_tick_sys_cycles": 677582,
    "no_tick_ms": 6.77582,
    "no_tick_start": 368535012,
    "no_tick_end": 369212594,
    "uart_tx_allowance_ms": 28.47222222222222,
    "period_bound_ms": 285.24804222222224,
    "period_bound_margin_ms": 214.75195777777776,
    "liveness_bound_margin_ms": 1714.7519577777778,
    "phy_publication_bound_ms": 161.67600222222225
  },
  {
    "duty": "milan_status",
    "start_sys_cycle": 369212595,
    "end_sys_cycle": 369989574,
    "sys_cycles": 776979,
    "cpu_cycles": 388490,
    "ms": 7.76979,
    "device_wait_ms": 0.0,
    "service_ms": 7.76979,
    "budget_ms": 500,
    "margin_ms": 492.23021,
    "command_index": 339,
    "uart_bytes": 341,
    "uart_115200_ms": 29.600694444444443,
    "tick_calls": 1,
    "no_tick_sys_cycles": 677582,
    "no_tick_ms": 6.77582,
    "no_tick_start": 369311992,
    "no_tick_end": 369989574,
    "uart_tx_allowance_ms": 28.47222222222222,
    "period_bound_ms": 285.24804222222224,
    "period_bound_margin_ms": 214.75195777777776,
    "liveness_bound_margin_ms": 1714.7519577777778,
    "phy_publication_bound_ms": 161.67600222222225
  },
  {
    "duty": "milan_status",
    "start_sys_cycle": 369989575,
    "end_sys_cycle": 370830364,
    "sys_cycles": 840789,
    "cpu_cycles": 420395,
    "ms": 8.40789,
    "device_wait_ms": 0.0,
    "service_ms": 8.40789,
    "budget_ms": 500,
    "margin_ms": 491.59211,
    "command_index": 340,
    "uart_bytes": 341,
    "uart_115200_ms": 29.600694444444443,
    "tick_calls": 1,
    "no_tick_sys_cycles": 741454,
    "no_tick_ms": 7.41454,
    "no_tick_start": 370088910,
    "no_tick_end": 370830364,
    "uart_tx_allowance_ms": 28.47222222222222,
    "period_bound_ms": 285.8867622222222,
    "period_bound_margin_ms": 214.11323777777778,
    "liveness_bound_margin_ms": 1714.1132377777778,
    "phy_publication_bound_ms": 162.31472222222223
  },
  {
    "duty": "milan_status",
    "start_sys_cycle": 370830365,
    "end_sys_cycle": 371607282,
    "sys_cycles": 776917,
    "cpu_cycles": 388459,
    "ms": 7.76917,
    "device_wait_ms": 0.0,
    "service_ms": 7.76917,
    "budget_ms": 500,
    "margin_ms": 492.23083,
    "command_index": 341,
    "uart_bytes": 341,
    "uart_115200_ms": 29.600694444444443,
    "tick_calls": 1,
    "no_tick_sys_cycles": 677582,
    "no_tick_ms": 6.77582,
    "no_tick_start": 370929700,
    "no_tick_end": 371607282,
    "uart_tx_allowance_ms": 28.47222222222222,
    "period_bound_ms": 285.24804222222224,
    "period_bound_margin_ms": 214.75195777777776,
    "liveness_bound_margin_ms": 1714.7519577777778,
    "phy_publication_bound_ms": 161.67600222222225
  },
  {
    "duty": "milan_status",
    "start_sys_cycle": 371607283,
    "end_sys_cycle": 372384200,
    "sys_cycles": 776917,
    "cpu_cycles": 388459,
    "ms": 7.76917,
    "device_wait_ms": 0.0,
    "service_ms": 7.76917,
    "budget_ms": 500,
    "margin_ms": 492.23083,
    "command_index": 342,
    "uart_bytes": 341,
    "uart_115200_ms": 29.600694444444443,
    "tick_calls": 1,
    "no_tick_sys_cycles": 677582,
    "no_tick_ms": 6.77582,
    "no_tick_start": 371706618,
    "no_tick_end": 372384200,
    "uart_tx_allowance_ms": 28.47222222222222,
    "period_bound_ms": 285.24804222222224,
    "period_bound_margin_ms": 214.75195777777776,
    "liveness_bound_margin_ms": 1714.7519577777778,
    "phy_publication_bound_ms": 161.67600222222225
  },
  {
    "duty": "milan_status",
    "start_sys_cycle": 372384201,
    "end_sys_cycle": 373161118,
    "sys_cycles": 776917,
    "cpu_cycles": 388459,
    "ms": 7.76917,
    "device_wait_ms": 0.0,
    "service_ms": 7.76917,
    "budget_ms": 500,
    "margin_ms": 492.23083,
    "command_index": 343,
    "uart_bytes": 341,
    "uart_115200_ms": 29.600694444444443,
    "tick_calls": 1,
    "no_tick_sys_cycles": 677582,
    "no_tick_ms": 6.77582,
    "no_tick_start": 372483536,
    "no_tick_end": 373161118,
    "uart_tx_allowance_ms": 28.47222222222222,
    "period_bound_ms": 285.24804222222224,
    "period_bound_margin_ms": 214.75195777777776,
    "liveness_bound_margin_ms": 1714.7519577777778,
    "phy_publication_bound_ms": 161.67600222222225
  },
  {
    "duty": "milan_status",
    "start_sys_cycle": 373161119,
    "end_sys_cycle": 373938098,
    "sys_cycles": 776979,
    "cpu_cycles": 388490,
    "ms": 7.76979,
    "device_wait_ms": 0.0,
    "service_ms": 7.76979,
    "budget_ms": 500,
    "margin_ms": 492.23021,
    "command_index": 344,
    "uart_bytes": 341,
    "uart_115200_ms": 29.600694444444443,
    "tick_calls": 1,
    "no_tick_sys_cycles": 677582,
    "no_tick_ms": 6.77582,
    "no_tick_start": 373260516,
    "no_tick_end": 373938098,
    "uart_tx_allowance_ms": 28.47222222222222,
    "period_bound_ms": 285.24804222222224,
    "period_bound_margin_ms": 214.75195777777776,
    "liveness_bound_margin_ms": 1714.7519577777778,
    "phy_publication_bound_ms": 161.67600222222225
  },
  {
    "duty": "milan_status",
    "start_sys_cycle": 373938099,
    "end_sys_cycle": 374715064,
    "sys_cycles": 776965,
    "cpu_cycles": 388483,
    "ms": 7.76965,
    "device_wait_ms": 0.0,
    "service_ms": 7.76965,
    "budget_ms": 500,
    "margin_ms": 492.23035,
    "command_index": 345,
    "uart_bytes": 341,
    "uart_115200_ms": 29.600694444444443,
    "tick_calls": 1,
    "no_tick_sys_cycles": 677630,
    "no_tick_ms": 6.7763,
    "no_tick_start": 374037434,
    "no_tick_end": 374715064,
    "uart_tx_allowance_ms": 28.47222222222222,
    "period_bound_ms": 285.2485222222222,
    "period_bound_margin_ms": 214.75147777777778,
    "liveness_bound_margin_ms": 1714.7514777777778,
    "phy_publication_bound_ms": 161.67648222222223
  },
  {
    "duty": "milan_status",
    "start_sys_cycle": 374715065,
    "end_sys_cycle": 375491982,
    "sys_cycles": 776917,
    "cpu_cycles": 388459,
    "ms": 7.76917,
    "device_wait_ms": 0.0,
    "service_ms": 7.76917,
    "budget_ms": 500,
    "margin_ms": 492.23083,
    "command_index": 346,
    "uart_bytes": 341,
    "uart_115200_ms": 29.600694444444443,
    "tick_calls": 1,
    "no_tick_sys_cycles": 677582,
    "no_tick_ms": 6.77582,
    "no_tick_start": 374814400,
    "no_tick_end": 375491982,
    "uart_tx_allowance_ms": 28.47222222222222,
    "period_bound_ms": 285.24804222222224,
    "period_bound_margin_ms": 214.75195777777776,
    "liveness_bound_margin_ms": 1714.7519577777778,
    "phy_publication_bound_ms": 161.67600222222225
  },
  {
    "duty": "milan_status",
    "start_sys_cycle": 375491983,
    "end_sys_cycle": 376268900,
    "sys_cycles": 776917,
    "cpu_cycles": 388459,
    "ms": 7.76917,
    "device_wait_ms": 0.0,
    "service_ms": 7.76917,
    "budget_ms": 500,
    "margin_ms": 492.23083,
    "command_index": 347,
    "uart_bytes": 341,
    "uart_115200_ms": 29.600694444444443,
    "tick_calls": 1,
    "no_tick_sys_cycles": 677582,
    "no_tick_ms": 6.77582,
    "no_tick_start": 375591318,
    "no_tick_end": 376268900,
    "uart_tx_allowance_ms": 28.47222222222222,
    "period_bound_ms": 285.24804222222224,
    "period_bound_margin_ms": 214.75195777777776,
    "liveness_bound_margin_ms": 1714.7519577777778,
    "phy_publication_bound_ms": 161.67600222222225
  },
  {
    "duty": "milan_status",
    "start_sys_cycle": 376268901,
    "end_sys_cycle": 377045818,
    "sys_cycles": 776917,
    "cpu_cycles": 388459,
    "ms": 7.76917,
    "device_wait_ms": 0.0,
    "service_ms": 7.76917,
    "budget_ms": 500,
    "margin_ms": 492.23083,
    "command_index": 348,
    "uart_bytes": 341,
    "uart_115200_ms": 29.600694444444443,
    "tick_calls": 1,
    "no_tick_sys_cycles": 677582,
    "no_tick_ms": 6.77582,
    "no_tick_start": 376368236,
    "no_tick_end": 377045818,
    "uart_tx_allowance_ms": 28.47222222222222,
    "period_bound_ms": 285.24804222222224,
    "period_bound_margin_ms": 214.75195777777776,
    "liveness_bound_margin_ms": 1714.7519577777778,
    "phy_publication_bound_ms": 161.67600222222225
  },
  {
    "duty": "milan_status",
    "start_sys_cycle": 377045819,
    "end_sys_cycle": 377822798,
    "sys_cycles": 776979,
    "cpu_cycles": 388490,
    "ms": 7.76979,
    "device_wait_ms": 0.0,
    "service_ms": 7.76979,
    "budget_ms": 500,
    "margin_ms": 492.23021,
    "command_index": 349,
    "uart_bytes": 341,
    "uart_115200_ms": 29.600694444444443,
    "tick_calls": 1,
    "no_tick_sys_cycles": 677582,
    "no_tick_ms": 6.77582,
    "no_tick_start": 377145216,
    "no_tick_end": 377822798,
    "uart_tx_allowance_ms": 28.47222222222222,
    "period_bound_ms": 285.24804222222224,
    "period_bound_margin_ms": 214.75195777777776,
    "liveness_bound_margin_ms": 1714.7519577777778,
    "phy_publication_bound_ms": 161.67600222222225
  },
  {
    "duty": "maximum_heartbeat_gap",
    "start_sys_cycle": 270972263,
    "end_sys_cycle": 296738783,
    "sys_cycles": 25766520,
    "cpu_cycles": 12883260,
    "ms": 257.6652,
    "device_wait_ms": 0.0,
    "service_ms": 257.6652,
    "budget_ms": 500,
    "margin_ms": 242.33479999999997,
    "plan": "queued-short",
    "tick_calls": 33,
    "no_tick_sys_cycles": 840852,
    "no_tick_ms": 8.40852,
    "no_tick_start": 290458596,
    "no_tick_end": 291299448,
    "uart_tx_allowance_ms": 0.0,
    "period_bound_ms": 258.40852,
    "period_bound_margin_ms": 241.59148,
    "liveness_bound_margin_ms": 1741.59148
  }
]
PASS: measurement evidence; budget findings: 0
