tree		review-evidence/608-b14-r1
blob	651673	review-evidence/608-b14-r1/MANIFEST.json
tree		review-evidence/608-b14-r1/author
blob	73434	review-evidence/608-b14-r1/author/HANDOFF.md
blob	15126	review-evidence/608-b14-r1/author/MANIFEST.sha256
blob	3458	review-evidence/608-b14-r1/author/PR-BODY.md
blob	1424	review-evidence/608-b14-r1/author/RAW-ARTIFACTS.json
blob	13053	review-evidence/608-b14-r1/author/REVIEW-READY.md
blob	13054	review-evidence/608-b14-r1/author/REVIEW-READY.readback.md
blob	720	review-evidence/608-b14-r1/author/TAKEN.md
tree		review-evidence/608-b14-r1/author/gates
tree		review-evidence/608-b14-r1/author/gates/head
blob	128	review-evidence/608-b14-r1/author/gates/head/gate-1.txt
blob	47	review-evidence/608-b14-r1/author/gates/head/gate-2.txt
blob	94	review-evidence/608-b14-r1/author/gates/head/gate-3.txt
blob	140	review-evidence/608-b14-r1/author/gates/head/gate-4.txt
blob	100	review-evidence/608-b14-r1/author/gates/head/gate-5.txt
blob	72	review-evidence/608-b14-r1/author/gates/head/gate-6a.txt
blob	43	review-evidence/608-b14-r1/author/gates/head/gate-6b.txt
blob	0	review-evidence/608-b14-r1/author/gates/head/gate-7.txt
blob	64	review-evidence/608-b14-r1/author/gates/head/gate-8.txt
blob	557	review-evidence/608-b14-r1/author/gates/head/gates.txt
tree		review-evidence/608-b14-r1/author/gates/head2
blob	128	review-evidence/608-b14-r1/author/gates/head2/gate-1.txt
blob	47	review-evidence/608-b14-r1/author/gates/head2/gate-2.txt
blob	94	review-evidence/608-b14-r1/author/gates/head2/gate-3.txt
blob	140	review-evidence/608-b14-r1/author/gates/head2/gate-4.txt
blob	100	review-evidence/608-b14-r1/author/gates/head2/gate-5.txt
blob	72	review-evidence/608-b14-r1/author/gates/head2/gate-6a.txt
blob	43	review-evidence/608-b14-r1/author/gates/head2/gate-6b.txt
blob	0	review-evidence/608-b14-r1/author/gates/head2/gate-7.txt
blob	64	review-evidence/608-b14-r1/author/gates/head2/gate-8.txt
blob	557	review-evidence/608-b14-r1/author/gates/head2/gates.txt
tree		review-evidence/608-b14-r1/author/gates/head3
blob	128	review-evidence/608-b14-r1/author/gates/head3/gate-1.txt
blob	47	review-evidence/608-b14-r1/author/gates/head3/gate-2.txt
blob	94	review-evidence/608-b14-r1/author/gates/head3/gate-3.txt
blob	140	review-evidence/608-b14-r1/author/gates/head3/gate-4.txt
blob	100	review-evidence/608-b14-r1/author/gates/head3/gate-5.txt
blob	72	review-evidence/608-b14-r1/author/gates/head3/gate-6a.txt
blob	43	review-evidence/608-b14-r1/author/gates/head3/gate-6b.txt
blob	0	review-evidence/608-b14-r1/author/gates/head3/gate-7.txt
blob	64	review-evidence/608-b14-r1/author/gates/head3/gate-8.txt
blob	557	review-evidence/608-b14-r1/author/gates/head3/gates.txt
tree		review-evidence/608-b14-r1/author/gates/worktree
tree		review-evidence/608-b14-r1/author/gates/worktree/attempt1
blob	128	review-evidence/608-b14-r1/author/gates/worktree/attempt1/gate-1.txt
blob	47	review-evidence/608-b14-r1/author/gates/worktree/attempt1/gate-2.txt
blob	94	review-evidence/608-b14-r1/author/gates/worktree/attempt1/gate-3.txt
blob	138	review-evidence/608-b14-r1/author/gates/worktree/attempt1/gate-4.txt
blob	100	review-evidence/608-b14-r1/author/gates/worktree/attempt1/gate-5.txt
blob	142	review-evidence/608-b14-r1/author/gates/worktree/attempt1/gate-6-usage-error.txt
blob	258	review-evidence/608-b14-r1/author/gates/worktree/attempt1/gate-6a.txt
blob	43	review-evidence/608-b14-r1/author/gates/worktree/attempt1/gate-6b.txt
blob	0	review-evidence/608-b14-r1/author/gates/worktree/attempt1/gate-7.txt
blob	64	review-evidence/608-b14-r1/author/gates/worktree/attempt1/gate-8.txt
blob	628	review-evidence/608-b14-r1/author/gates/worktree/attempt1/gates.txt
blob	128	review-evidence/608-b14-r1/author/gates/worktree/gate-1.txt
blob	47	review-evidence/608-b14-r1/author/gates/worktree/gate-2.txt
blob	94	review-evidence/608-b14-r1/author/gates/worktree/gate-3.txt
blob	138	review-evidence/608-b14-r1/author/gates/worktree/gate-4.txt
blob	100	review-evidence/608-b14-r1/author/gates/worktree/gate-5.txt
blob	72	review-evidence/608-b14-r1/author/gates/worktree/gate-6a.txt
blob	43	review-evidence/608-b14-r1/author/gates/worktree/gate-6b.txt
blob	0	review-evidence/608-b14-r1/author/gates/worktree/gate-7.txt
blob	64	review-evidence/608-b14-r1/author/gates/worktree/gate-8.txt
blob	506	review-evidence/608-b14-r1/author/gates/worktree/gates.txt
tree		review-evidence/608-b14-r1/author/identity
blob	824	review-evidence/608-b14-r1/author/identity/adp-discover.jsonl
blob	903	review-evidence/608-b14-r1/author/identity/console-identity.stdout
blob	1067	review-evidence/608-b14-r1/author/identity/console-identity.txt
blob	4582	review-evidence/608-b14-r1/author/identity/identity-aecp.jsonl
blob	1265	review-evidence/608-b14-r1/author/identity/identity.json
blob	111	review-evidence/608-b14-r1/author/identity/soc-check.txt
tree		review-evidence/608-b14-r1/author/item2
tree		review-evidence/608-b14-r1/author/item2/cyc01
blob	81246	review-evidence/608-b14-r1/author/item2/cyc01/events.jsonl
tree		review-evidence/608-b14-r1/author/item2/cyc03
blob	81241	review-evidence/608-b14-r1/author/item2/cyc03/events.jsonl
tree		review-evidence/608-b14-r1/author/item2/cyc05
blob	81242	review-evidence/608-b14-r1/author/item2/cyc05/events.jsonl
tree		review-evidence/608-b14-r1/author/item2/cyc07
blob	81239	review-evidence/608-b14-r1/author/item2/cyc07/events.jsonl
tree		review-evidence/608-b14-r1/author/item2/cyc09
blob	81241	review-evidence/608-b14-r1/author/item2/cyc09/events.jsonl
blob	81393	review-evidence/608-b14-r1/author/item2/item2-cyc01.out
blob	81388	review-evidence/608-b14-r1/author/item2/item2-cyc03.out
blob	81389	review-evidence/608-b14-r1/author/item2/item2-cyc05.out
blob	81386	review-evidence/608-b14-r1/author/item2/item2-cyc07.out
blob	81388	review-evidence/608-b14-r1/author/item2/item2-cyc09.out
blob	4696	review-evidence/608-b14-r1/author/item2/item2-setup.out
blob	9161	review-evidence/608-b14-r1/author/item2/item2-setup2.out
blob	10070	review-evidence/608-b14-r1/author/item2/item2-teardown.out
tree		review-evidence/608-b14-r1/author/item2/setup
blob	2551	review-evidence/608-b14-r1/author/item2/setup/dut-before.txt
blob	4489	review-evidence/608-b14-r1/author/item2/setup/events.jsonl
tree		review-evidence/608-b14-r1/author/item2/setup2
blob	2551	review-evidence/608-b14-r1/author/item2/setup2/dut-before.txt
blob	9014	review-evidence/608-b14-r1/author/item2/setup2/events.jsonl
tree		review-evidence/608-b14-r1/author/item2/summary
blob	379	review-evidence/608-b14-r1/author/item2/summary/rails.txt
blob	78473	review-evidence/608-b14-r1/author/item2/summary/switches.json
blob	3038	review-evidence/608-b14-r1/author/item2/summary/switches.tsv
tree		review-evidence/608-b14-r1/author/item2/teardown
blob	2552	review-evidence/608-b14-r1/author/item2/teardown/dut-after.txt
blob	9923	review-evidence/608-b14-r1/author/item2/teardown/events.jsonl
tree		review-evidence/608-b14-r1/author/item3
blob	15684	review-evidence/608-b14-r1/author/item3/cycles.tsv
tree		review-evidence/608-b14-r1/author/item3/cycles
blob	147359	review-evidence/608-b14-r1/author/item3/cycles/MANIFEST.sha256
tree		review-evidence/608-b14-r1/author/item3/cycles/cycle-001
blob	532	review-evidence/608-b14-r1/author/item3/cycles/cycle-001/acmp.tsv
blob	1372	review-evidence/608-b14-r1/author/item3/cycles/cycle-001/action.log
blob	1686	review-evidence/608-b14-r1/author/item3/cycles/cycle-001/analysis.json
blob	90	review-evidence/608-b14-r1/author/item3/cycles/cycle-001/capture.txt
blob	1617	review-evidence/608-b14-r1/author/item3/cycles/cycle-001/console-after.txt
blob	1617	review-evidence/608-b14-r1/author/item3/cycles/cycle-001/console-before.txt
blob	0	review-evidence/608-b14-r1/author/item3/cycles/cycle-001/cycle-errors.txt
blob	1584	review-evidence/608-b14-r1/author/item3/cycles/cycle-001/cycle.jsonl
blob	654	review-evidence/608-b14-r1/author/item3/cycles/cycle-001/events.jsonl
blob	3096	review-evidence/608-b14-r1/author/item3/cycles/cycle-001/msrp.tsv
blob	147	review-evidence/608-b14-r1/author/item3/cycles/cycle-001/raw-artifacts.json
blob	409	review-evidence/608-b14-r1/author/item3/cycles/cycle-001/result.json
blob	5166	review-evidence/608-b14-r1/author/item3/cycles/cycle-001/snapshot-after.jsonl
blob	5182	review-evidence/608-b14-r1/author/item3/cycles/cycle-001/snapshot-before.jsonl
blob	0	review-evidence/608-b14-r1/author/item3/cycles/cycle-001/snapshot-errors.txt
blob	5166	review-evidence/608-b14-r1/author/item3/cycles/cycle-001/snapshot.jsonl
tree		review-evidence/608-b14-r1/author/item3/cycles/cycle-002
blob	532	review-evidence/608-b14-r1/author/item3/cycles/cycle-002/acmp.tsv
blob	796	review-evidence/608-b14-r1/author/item3/cycles/cycle-002/action.log
blob	1633	review-evidence/608-b14-r1/author/item3/cycles/cycle-002/analysis.json
blob	172	review-evidence/608-b14-r1/author/item3/cycles/cycle-002/capture.txt
blob	1617	review-evidence/608-b14-r1/author/item3/cycles/cycle-002/console-after.txt
blob	1617	review-evidence/608-b14-r1/author/item3/cycles/cycle-002/console-before.txt
blob	0	review-evidence/608-b14-r1/author/item3/cycles/cycle-002/cycle-errors.txt
blob	1585	review-evidence/608-b14-r1/author/item3/cycles/cycle-002/cycle.jsonl
blob	649	review-evidence/608-b14-r1/author/item3/cycles/cycle-002/events.jsonl
blob	2925	review-evidence/608-b14-r1/author/item3/cycles/cycle-002/msrp.tsv
blob	147	review-evidence/608-b14-r1/author/item3/cycles/cycle-002/raw-artifacts.json
blob	405	review-evidence/608-b14-r1/author/item3/cycles/cycle-002/result.json
blob	5165	review-evidence/608-b14-r1/author/item3/cycles/cycle-002/snapshot-after.jsonl
blob	5169	review-evidence/608-b14-r1/author/item3/cycles/cycle-002/snapshot-before.jsonl
blob	0	review-evidence/608-b14-r1/author/item3/cycles/cycle-002/snapshot-errors.txt
blob	5165	review-evidence/608-b14-r1/author/item3/cycles/cycle-002/snapshot.jsonl
tree		review-evidence/608-b14-r1/author/item3/cycles/cycle-003
blob	532	review-evidence/608-b14-r1/author/item3/cycles/cycle-003/acmp.tsv
blob	801	review-evidence/608-b14-r1/author/item3/cycles/cycle-003/action.log
blob	1635	review-evidence/608-b14-r1/author/item3/cycles/cycle-003/analysis.json
blob	172	review-evidence/608-b14-r1/author/item3/cycles/cycle-003/capture.txt
blob	1617	review-evidence/608-b14-r1/author/item3/cycles/cycle-003/console-after.txt
blob	1617	review-evidence/608-b14-r1/author/item3/cycles/cycle-003/console-before.txt
blob	0	review-evidence/608-b14-r1/author/item3/cycles/cycle-003/cycle-errors.txt
blob	1587	review-evidence/608-b14-r1/author/item3/cycles/cycle-003/cycle.jsonl
blob	654	review-evidence/608-b14-r1/author/item3/cycles/cycle-003/events.jsonl
blob	3190	review-evidence/608-b14-r1/author/item3/cycles/cycle-003/msrp.tsv
blob	147	review-evidence/608-b14-r1/author/item3/cycles/cycle-003/raw-artifacts.json
blob	407	review-evidence/608-b14-r1/author/item3/cycles/cycle-003/result.json
blob	5165	review-evidence/608-b14-r1/author/item3/cycles/cycle-003/snapshot-after.jsonl
blob	5165	review-evidence/608-b14-r1/author/item3/cycles/cycle-003/snapshot-before.jsonl
blob	0	review-evidence/608-b14-r1/author/item3/cycles/cycle-003/snapshot-errors.txt
blob	5165	review-evidence/608-b14-r1/author/item3/cycles/cycle-003/snapshot.jsonl
tree		review-evidence/608-b14-r1/author/item3/cycles/cycle-004
blob	532	review-evidence/608-b14-r1/author/item3/cycles/cycle-004/acmp.tsv
blob	801	review-evidence/608-b14-r1/author/item3/cycles/cycle-004/action.log
blob	1634	review-evidence/608-b14-r1/author/item3/cycles/cycle-004/analysis.json
blob	172	review-evidence/608-b14-r1/author/item3/cycles/cycle-004/capture.txt
blob	1617	review-evidence/608-b14-r1/author/item3/cycles/cycle-004/console-after.txt
blob	1617	review-evidence/608-b14-r1/author/item3/cycles/cycle-004/console-before.txt
blob	0	review-evidence/608-b14-r1/author/item3/cycles/cycle-004/cycle-errors.txt
blob	1586	review-evidence/608-b14-r1/author/item3/cycles/cycle-004/cycle.jsonl
blob	654	review-evidence/608-b14-r1/author/item3/cycles/cycle-004/events.jsonl
blob	3190	review-evidence/608-b14-r1/author/item3/cycles/cycle-004/msrp.tsv
blob	147	review-evidence/608-b14-r1/author/item3/cycles/cycle-004/raw-artifacts.json
blob	407	review-evidence/608-b14-r1/author/item3/cycles/cycle-004/result.json
blob	5164	review-evidence/608-b14-r1/author/item3/cycles/cycle-004/snapshot-after.jsonl
blob	5160	review-evidence/608-b14-r1/author/item3/cycles/cycle-004/snapshot-before.jsonl
blob	0	review-evidence/608-b14-r1/author/item3/cycles/cycle-004/snapshot-errors.txt
blob	5164	review-evidence/608-b14-r1/author/item3/cycles/cycle-004/snapshot.jsonl
tree		review-evidence/608-b14-r1/author/item3/cycles/cycle-005
blob	532	review-evidence/608-b14-r1/author/item3/cycles/cycle-005/acmp.tsv
blob	800	review-evidence/608-b14-r1/author/item3/cycles/cycle-005/action.log
blob	1632	review-evidence/608-b14-r1/author/item3/cycles/cycle-005/analysis.json
blob	172	review-evidence/608-b14-r1/author/item3/cycles/cycle-005/capture.txt
blob	1617	review-evidence/608-b14-r1/author/item3/cycles/cycle-005/console-after.txt
blob	1617	review-evidence/608-b14-r1/author/item3/cycles/cycle-005/console-before.txt
blob	0	review-evidence/608-b14-r1/author/item3/cycles/cycle-005/cycle-errors.txt
blob	1585	review-evidence/608-b14-r1/author/item3/cycles/cycle-005/cycle.jsonl
blob	653	review-evidence/608-b14-r1/author/item3/cycles/cycle-005/events.jsonl
blob	3190	review-evidence/608-b14-r1/author/item3/cycles/cycle-005/msrp.tsv
blob	147	review-evidence/608-b14-r1/author/item3/cycles/cycle-005/raw-artifacts.json
blob	407	review-evidence/608-b14-r1/author/item3/cycles/cycle-005/result.json
blob	5163	review-evidence/608-b14-r1/author/item3/cycles/cycle-005/snapshot-after.jsonl
blob	5163	review-evidence/608-b14-r1/author/item3/cycles/cycle-005/snapshot-before.jsonl
blob	0	review-evidence/608-b14-r1/author/item3/cycles/cycle-005/snapshot-errors.txt
blob	5163	review-evidence/608-b14-r1/author/item3/cycles/cycle-005/snapshot.jsonl
tree		review-evidence/608-b14-r1/author/item3/cycles/cycle-006
blob	532	review-evidence/608-b14-r1/author/item3/cycles/cycle-006/acmp.tsv
blob	800	review-evidence/608-b14-r1/author/item3/cycles/cycle-006/action.log
blob	1635	review-evidence/608-b14-r1/author/item3/cycles/cycle-006/analysis.json
blob	172	review-evidence/608-b14-r1/author/item3/cycles/cycle-006/capture.txt
blob	1617	review-evidence/608-b14-r1/author/item3/cycles/cycle-006/console-after.txt
blob	1617	review-evidence/608-b14-r1/author/item3/cycles/cycle-006/console-before.txt
blob	0	review-evidence/608-b14-r1/author/item3/cycles/cycle-006/cycle-errors.txt
blob	1587	review-evidence/608-b14-r1/author/item3/cycles/cycle-006/cycle.jsonl
blob	653	review-evidence/608-b14-r1/author/item3/cycles/cycle-006/events.jsonl
blob	3190	review-evidence/608-b14-r1/author/item3/cycles/cycle-006/msrp.tsv
blob	147	review-evidence/608-b14-r1/author/item3/cycles/cycle-006/raw-artifacts.json
blob	407	review-evidence/608-b14-r1/author/item3/cycles/cycle-006/result.json
blob	5165	review-evidence/608-b14-r1/author/item3/cycles/cycle-006/snapshot-after.jsonl
blob	5163	review-evidence/608-b14-r1/author/item3/cycles/cycle-006/snapshot-before.jsonl
blob	0	review-evidence/608-b14-r1/author/item3/cycles/cycle-006/snapshot-errors.txt
blob	5165	review-evidence/608-b14-r1/author/item3/cycles/cycle-006/snapshot.jsonl
tree		review-evidence/608-b14-r1/author/item3/cycles/cycle-007
blob	532	review-evidence/608-b14-r1/author/item3/cycles/cycle-007/acmp.tsv
blob	800	review-evidence/608-b14-r1/author/item3/cycles/cycle-007/action.log
blob	1635	review-evidence/608-b14-r1/author/item3/cycles/cycle-007/analysis.json
blob	172	review-evidence/608-b14-r1/author/item3/cycles/cycle-007/capture.txt
blob	1617	review-evidence/608-b14-r1/author/item3/cycles/cycle-007/console-after.txt
blob	1617	review-evidence/608-b14-r1/author/item3/cycles/cycle-007/console-before.txt
blob	0	review-evidence/608-b14-r1/author/item3/cycles/cycle-007/cycle-errors.txt
blob	1586	review-evidence/608-b14-r1/author/item3/cycles/cycle-007/cycle.jsonl
blob	653	review-evidence/608-b14-r1/author/item3/cycles/cycle-007/events.jsonl
blob	3190	review-evidence/608-b14-r1/author/item3/cycles/cycle-007/msrp.tsv
blob	147	review-evidence/608-b14-r1/author/item3/cycles/cycle-007/raw-artifacts.json
blob	407	review-evidence/608-b14-r1/author/item3/cycles/cycle-007/result.json
blob	5165	review-evidence/608-b14-r1/author/item3/cycles/cycle-007/snapshot-after.jsonl
blob	5166	review-evidence/608-b14-r1/author/item3/cycles/cycle-007/snapshot-before.jsonl
blob	0	review-evidence/608-b14-r1/author/item3/cycles/cycle-007/snapshot-errors.txt
blob	5165	review-evidence/608-b14-r1/author/item3/cycles/cycle-007/snapshot.jsonl
tree		review-evidence/608-b14-r1/author/item3/cycles/cycle-008
blob	532	review-evidence/608-b14-r1/author/item3/cycles/cycle-008/acmp.tsv
blob	800	review-evidence/608-b14-r1/author/item3/cycles/cycle-008/action.log
blob	1635	review-evidence/608-b14-r1/author/item3/cycles/cycle-008/analysis.json
blob	172	review-evidence/608-b14-r1/author/item3/cycles/cycle-008/capture.txt
blob	1617	review-evidence/608-b14-r1/author/item3/cycles/cycle-008/console-after.txt
blob	1617	review-evidence/608-b14-r1/author/item3/cycles/cycle-008/console-before.txt
blob	0	review-evidence/608-b14-r1/author/item3/cycles/cycle-008/cycle-errors.txt
blob	1585	review-evidence/608-b14-r1/author/item3/cycles/cycle-008/cycle.jsonl
blob	653	review-evidence/608-b14-r1/author/item3/cycles/cycle-008/events.jsonl
blob	3190	review-evidence/608-b14-r1/author/item3/cycles/cycle-008/msrp.tsv
blob	147	review-evidence/608-b14-r1/author/item3/cycles/cycle-008/raw-artifacts.json
blob	407	review-evidence/608-b14-r1/author/item3/cycles/cycle-008/result.json
blob	5164	review-evidence/608-b14-r1/author/item3/cycles/cycle-008/snapshot-after.jsonl
blob	5165	review-evidence/608-b14-r1/author/item3/cycles/cycle-008/snapshot-before.jsonl
blob	0	review-evidence/608-b14-r1/author/item3/cycles/cycle-008/snapshot-errors.txt
blob	5164	review-evidence/608-b14-r1/author/item3/cycles/cycle-008/snapshot.jsonl
tree		review-evidence/608-b14-r1/author/item3/cycles/cycle-009
blob	532	review-evidence/608-b14-r1/author/item3/cycles/cycle-009/acmp.tsv
blob	799	review-evidence/608-b14-r1/author/item3/cycles/cycle-009/action.log
blob	1637	review-evidence/608-b14-r1/author/item3/cycles/cycle-009/analysis.json
blob	172	review-evidence/608-b14-r1/author/item3/cycles/cycle-009/capture.txt
blob	1617	review-evidence/608-b14-r1/author/item3/cycles/cycle-009/console-after.txt
blob	1617	review-evidence/608-b14-r1/author/item3/cycles/cycle-009/console-before.txt
blob	0	review-evidence/608-b14-r1/author/item3/cycles/cycle-009/cycle-errors.txt
blob	1584	review-evidence/608-b14-r1/author/item3/cycles/cycle-009/cycle.jsonl
blob	652	review-evidence/608-b14-r1/author/item3/cycles/cycle-009/events.jsonl
blob	3190	review-evidence/608-b14-r1/author/item3/cycles/cycle-009/msrp.tsv
blob	147	review-evidence/608-b14-r1/author/item3/cycles/cycle-009/raw-artifacts.json
blob	407	review-evidence/608-b14-r1/author/item3/cycles/cycle-009/result.json
blob	5164	review-evidence/608-b14-r1/author/item3/cycles/cycle-009/snapshot-after.jsonl
blob	5167	review-evidence/608-b14-r1/author/item3/cycles/cycle-009/snapshot-before.jsonl
blob	0	review-evidence/608-b14-r1/author/item3/cycles/cycle-009/snapshot-errors.txt
blob	5164	review-evidence/608-b14-r1/author/item3/cycles/cycle-009/snapshot.jsonl
tree		review-evidence/608-b14-r1/author/item3/cycles/cycle-010
blob	532	review-evidence/608-b14-r1/author/item3/cycles/cycle-010/acmp.tsv
blob	801	review-evidence/608-b14-r1/author/item3/cycles/cycle-010/action.log
blob	1638	review-evidence/608-b14-r1/author/item3/cycles/cycle-010/analysis.json
blob	172	review-evidence/608-b14-r1/author/item3/cycles/cycle-010/capture.txt
blob	1617	review-evidence/608-b14-r1/author/item3/cycles/cycle-010/console-after.txt
blob	1617	review-evidence/608-b14-r1/author/item3/cycles/cycle-010/console-before.txt
blob	0	review-evidence/608-b14-r1/author/item3/cycles/cycle-010/cycle-errors.txt
blob	1584	review-evidence/608-b14-r1/author/item3/cycles/cycle-010/cycle.jsonl
blob	654	review-evidence/608-b14-r1/author/item3/cycles/cycle-010/events.jsonl
blob	2808	review-evidence/608-b14-r1/author/item3/cycles/cycle-010/msrp.tsv
blob	147	review-evidence/608-b14-r1/author/item3/cycles/cycle-010/raw-artifacts.json
blob	407	review-evidence/608-b14-r1/author/item3/cycles/cycle-010/result.json
blob	5167	review-evidence/608-b14-r1/author/item3/cycles/cycle-010/snapshot-after.jsonl
blob	5168	review-evidence/608-b14-r1/author/item3/cycles/cycle-010/snapshot-before.jsonl
blob	0	review-evidence/608-b14-r1/author/item3/cycles/cycle-010/snapshot-errors.txt
blob	5167	review-evidence/608-b14-r1/author/item3/cycles/cycle-010/snapshot.jsonl
tree		review-evidence/608-b14-r1/author/item3/cycles/cycle-011
blob	532	review-evidence/608-b14-r1/author/item3/cycles/cycle-011/acmp.tsv
blob	797	review-evidence/608-b14-r1/author/item3/cycles/cycle-011/action.log
blob	1620	review-evidence/608-b14-r1/author/item3/cycles/cycle-011/analysis.json
blob	172	review-evidence/608-b14-r1/author/item3/cycles/cycle-011/capture.txt
blob	1617	review-evidence/608-b14-r1/author/item3/cycles/cycle-011/console-after.txt
blob	1617	review-evidence/608-b14-r1/author/item3/cycles/cycle-011/console-before.txt
blob	0	review-evidence/608-b14-r1/author/item3/cycles/cycle-011/cycle-errors.txt
blob	1586	review-evidence/608-b14-r1/author/item3/cycles/cycle-011/cycle.jsonl
blob	650	review-evidence/608-b14-r1/author/item3/cycles/cycle-011/events.jsonl
blob	1935	review-evidence/608-b14-r1/author/item3/cycles/cycle-011/msrp.tsv
blob	147	review-evidence/608-b14-r1/author/item3/cycles/cycle-011/raw-artifacts.json
blob	407	review-evidence/608-b14-r1/author/item3/cycles/cycle-011/result.json
blob	5165	review-evidence/608-b14-r1/author/item3/cycles/cycle-011/snapshot-after.jsonl
blob	5165	review-evidence/608-b14-r1/author/item3/cycles/cycle-011/snapshot-before.jsonl
blob	0	review-evidence/608-b14-r1/author/item3/cycles/cycle-011/snapshot-errors.txt
blob	5165	review-evidence/608-b14-r1/author/item3/cycles/cycle-011/snapshot.jsonl
tree		review-evidence/608-b14-r1/author/item3/cycles/cycle-012
blob	532	review-evidence/608-b14-r1/author/item3/cycles/cycle-012/acmp.tsv
blob	796	review-evidence/608-b14-r1/author/item3/cycles/cycle-012/action.log
blob	1616	review-evidence/608-b14-r1/author/item3/cycles/cycle-012/analysis.json
blob	172	review-evidence/608-b14-r1/author/item3/cycles/cycle-012/capture.txt
blob	1617	review-evidence/608-b14-r1/author/item3/cycles/cycle-012/console-after.txt
blob	1617	review-evidence/608-b14-r1/author/item3/cycles/cycle-012/console-before.txt
blob	0	review-evidence/608-b14-r1/author/item3/cycles/cycle-012/cycle-errors.txt
blob	1587	review-evidence/608-b14-r1/author/item3/cycles/cycle-012/cycle.jsonl
blob	649	review-evidence/608-b14-r1/author/item3/cycles/cycle-012/events.jsonl
blob	2146	review-evidence/608-b14-r1/author/item3/cycles/cycle-012/msrp.tsv
blob	147	review-evidence/608-b14-r1/author/item3/cycles/cycle-012/raw-artifacts.json
blob	404	review-evidence/608-b14-r1/author/item3/cycles/cycle-012/result.json
blob	5168	review-evidence/608-b14-r1/author/item3/cycles/cycle-012/snapshot-after.jsonl
blob	5166	review-evidence/608-b14-r1/author/item3/cycles/cycle-012/snapshot-before.jsonl
blob	0	review-evidence/608-b14-r1/author/item3/cycles/cycle-012/snapshot-errors.txt
blob	5168	review-evidence/608-b14-r1/author/item3/cycles/cycle-012/snapshot.jsonl
tree		review-evidence/608-b14-r1/author/item3/cycles/cycle-013
blob	532	review-evidence/608-b14-r1/author/item3/cycles/cycle-013/acmp.tsv
blob	798	review-evidence/608-b14-r1/author/item3/cycles/cycle-013/action.log
blob	1618	review-evidence/608-b14-r1/author/item3/cycles/cycle-013/analysis.json
blob	172	review-evidence/608-b14-r1/author/item3/cycles/cycle-013/capture.txt
blob	1617	review-evidence/608-b14-r1/author/item3/cycles/cycle-013/console-after.txt
blob	1617	review-evidence/608-b14-r1/author/item3/cycles/cycle-013/console-before.txt
blob	0	review-evidence/608-b14-r1/author/item3/cycles/cycle-013/cycle-errors.txt
blob	1586	review-evidence/608-b14-r1/author/item3/cycles/cycle-013/cycle.jsonl
blob	651	review-evidence/608-b14-r1/author/item3/cycles/cycle-013/events.jsonl
blob	2146	review-evidence/608-b14-r1/author/item3/cycles/cycle-013/msrp.tsv
blob	147	review-evidence/608-b14-r1/author/item3/cycles/cycle-013/raw-artifacts.json
blob	406	review-evidence/608-b14-r1/author/item3/cycles/cycle-013/result.json
blob	5165	review-evidence/608-b14-r1/author/item3/cycles/cycle-013/snapshot-after.jsonl
blob	5167	review-evidence/608-b14-r1/author/item3/cycles/cycle-013/snapshot-before.jsonl
blob	0	review-evidence/608-b14-r1/author/item3/cycles/cycle-013/snapshot-errors.txt
blob	5165	review-evidence/608-b14-r1/author/item3/cycles/cycle-013/snapshot.jsonl
tree		review-evidence/608-b14-r1/author/item3/cycles/cycle-014
blob	532	review-evidence/608-b14-r1/author/item3/cycles/cycle-014/acmp.tsv
blob	797	review-evidence/608-b14-r1/author/item3/cycles/cycle-014/action.log
blob	1636	review-evidence/608-b14-r1/author/item3/cycles/cycle-014/analysis.json
blob	172	review-evidence/608-b14-r1/author/item3/cycles/cycle-014/capture.txt
blob	1617	review-evidence/608-b14-r1/author/item3/cycles/cycle-014/console-after.txt
blob	1617	review-evidence/608-b14-r1/author/item3/cycles/cycle-014/console-before.txt
blob	0	review-evidence/608-b14-r1/author/item3/cycles/cycle-014/cycle-errors.txt
blob	1587	review-evidence/608-b14-r1/author/item3/cycles/cycle-014/cycle.jsonl
blob	650	review-evidence/608-b14-r1/author/item3/cycles/cycle-014/events.jsonl
blob	2599	review-evidence/608-b14-r1/author/item3/cycles/cycle-014/msrp.tsv
blob	147	review-evidence/608-b14-r1/author/item3/cycles/cycle-014/raw-artifacts.json
blob	406	review-evidence/608-b14-r1/author/item3/cycles/cycle-014/result.json
blob	5166	review-evidence/608-b14-r1/author/item3/cycles/cycle-014/snapshot-after.jsonl
blob	5167	review-evidence/608-b14-r1/author/item3/cycles/cycle-014/snapshot-before.jsonl
blob	0	review-evidence/608-b14-r1/author/item3/cycles/cycle-014/snapshot-errors.txt
blob	5166	review-evidence/608-b14-r1/author/item3/cycles/cycle-014/snapshot.jsonl
tree		review-evidence/608-b14-r1/author/item3/cycles/cycle-015
blob	532	review-evidence/608-b14-r1/author/item3/cycles/cycle-015/acmp.tsv
blob	800	review-evidence/608-b14-r1/author/item3/cycles/cycle-015/action.log
blob	1638	review-evidence/608-b14-r1/author/item3/cycles/cycle-015/analysis.json
blob	172	review-evidence/608-b14-r1/author/item3/cycles/cycle-015/capture.txt
blob	1617	review-evidence/608-b14-r1/author/item3/cycles/cycle-015/console-after.txt
blob	1617	review-evidence/608-b14-r1/author/item3/cycles/cycle-015/console-before.txt
blob	0	review-evidence/608-b14-r1/author/item3/cycles/cycle-015/cycle-errors.txt
blob	1587	review-evidence/608-b14-r1/author/item3/cycles/cycle-015/cycle.jsonl
blob	653	review-evidence/608-b14-r1/author/item3/cycles/cycle-015/events.jsonl
blob	2767	review-evidence/608-b14-r1/author/item3/cycles/cycle-015/msrp.tsv
blob	147	review-evidence/608-b14-r1/author/item3/cycles/cycle-015/raw-artifacts.json
blob	407	review-evidence/608-b14-r1/author/item3/cycles/cycle-015/result.json
blob	5167	review-evidence/608-b14-r1/author/item3/cycles/cycle-015/snapshot-after.jsonl
blob	5160	review-evidence/608-b14-r1/author/item3/cycles/cycle-015/snapshot-before.jsonl
blob	0	review-evidence/608-b14-r1/author/item3/cycles/cycle-015/snapshot-errors.txt
blob	5167	review-evidence/608-b14-r1/author/item3/cycles/cycle-015/snapshot.jsonl
tree		review-evidence/608-b14-r1/author/item3/cycles/cycle-016
blob	532	review-evidence/608-b14-r1/author/item3/cycles/cycle-016/acmp.tsv
blob	798	review-evidence/608-b14-r1/author/item3/cycles/cycle-016/action.log
blob	1638	review-evidence/608-b14-r1/author/item3/cycles/cycle-016/analysis.json
blob	172	review-evidence/608-b14-r1/author/item3/cycles/cycle-016/capture.txt
blob	1617	review-evidence/608-b14-r1/author/item3/cycles/cycle-016/console-after.txt
blob	1617	review-evidence/608-b14-r1/author/item3/cycles/cycle-016/console-before.txt
blob	0	review-evidence/608-b14-r1/author/item3/cycles/cycle-016/cycle-errors.txt
blob	1587	review-evidence/608-b14-r1/author/item3/cycles/cycle-016/cycle.jsonl
blob	651	review-evidence/608-b14-r1/author/item3/cycles/cycle-016/events.jsonl
blob	3019	review-evidence/608-b14-r1/author/item3/cycles/cycle-016/msrp.tsv
blob	147	review-evidence/608-b14-r1/author/item3/cycles/cycle-016/raw-artifacts.json
blob	406	review-evidence/608-b14-r1/author/item3/cycles/cycle-016/result.json
blob	5166	review-evidence/608-b14-r1/author/item3/cycles/cycle-016/snapshot-after.jsonl
blob	5164	review-evidence/608-b14-r1/author/item3/cycles/cycle-016/snapshot-before.jsonl
blob	0	review-evidence/608-b14-r1/author/item3/cycles/cycle-016/snapshot-errors.txt
blob	5166	review-evidence/608-b14-r1/author/item3/cycles/cycle-016/snapshot.jsonl
tree		review-evidence/608-b14-r1/author/item3/cycles/cycle-017
blob	532	review-evidence/608-b14-r1/author/item3/cycles/cycle-017/acmp.tsv
blob	799	review-evidence/608-b14-r1/author/item3/cycles/cycle-017/action.log
blob	1638	review-evidence/608-b14-r1/author/item3/cycles/cycle-017/analysis.json
blob	172	review-evidence/608-b14-r1/author/item3/cycles/cycle-017/capture.txt
blob	1617	review-evidence/608-b14-r1/author/item3/cycles/cycle-017/console-after.txt
blob	1617	review-evidence/608-b14-r1/author/item3/cycles/cycle-017/console-before.txt
blob	0	review-evidence/608-b14-r1/author/item3/cycles/cycle-017/cycle-errors.txt
blob	1585	review-evidence/608-b14-r1/author/item3/cycles/cycle-017/cycle.jsonl
blob	652	review-evidence/608-b14-r1/author/item3/cycles/cycle-017/events.jsonl
blob	3019	review-evidence/608-b14-r1/author/item3/cycles/cycle-017/msrp.tsv
blob	147	review-evidence/608-b14-r1/author/item3/cycles/cycle-017/raw-artifacts.json
blob	407	review-evidence/608-b14-r1/author/item3/cycles/cycle-017/result.json
blob	5167	review-evidence/608-b14-r1/author/item3/cycles/cycle-017/snapshot-after.jsonl
blob	5168	review-evidence/608-b14-r1/author/item3/cycles/cycle-017/snapshot-before.jsonl
blob	0	review-evidence/608-b14-r1/author/item3/cycles/cycle-017/snapshot-errors.txt
blob	5167	review-evidence/608-b14-r1/author/item3/cycles/cycle-017/snapshot.jsonl
tree		review-evidence/608-b14-r1/author/item3/cycles/cycle-018
blob	532	review-evidence/608-b14-r1/author/item3/cycles/cycle-018/acmp.tsv
blob	801	review-evidence/608-b14-r1/author/item3/cycles/cycle-018/action.log
blob	1638	review-evidence/608-b14-r1/author/item3/cycles/cycle-018/analysis.json
blob	172	review-evidence/608-b14-r1/author/item3/cycles/cycle-018/capture.txt
blob	1617	review-evidence/608-b14-r1/author/item3/cycles/cycle-018/console-after.txt
blob	1617	review-evidence/608-b14-r1/author/item3/cycles/cycle-018/console-before.txt
blob	0	review-evidence/608-b14-r1/author/item3/cycles/cycle-018/cycle-errors.txt
blob	1587	review-evidence/608-b14-r1/author/item3/cycles/cycle-018/cycle.jsonl
blob	654	review-evidence/608-b14-r1/author/item3/cycles/cycle-018/events.jsonl
blob	3190	review-evidence/608-b14-r1/author/item3/cycles/cycle-018/msrp.tsv
blob	147	review-evidence/608-b14-r1/author/item3/cycles/cycle-018/raw-artifacts.json
blob	407	review-evidence/608-b14-r1/author/item3/cycles/cycle-018/result.json
blob	5169	review-evidence/608-b14-r1/author/item3/cycles/cycle-018/snapshot-after.jsonl
blob	5167	review-evidence/608-b14-r1/author/item3/cycles/cycle-018/snapshot-before.jsonl
blob	0	review-evidence/608-b14-r1/author/item3/cycles/cycle-018/snapshot-errors.txt
blob	5169	review-evidence/608-b14-r1/author/item3/cycles/cycle-018/snapshot.jsonl
tree		review-evidence/608-b14-r1/author/item3/cycles/cycle-019
blob	532	review-evidence/608-b14-r1/author/item3/cycles/cycle-019/acmp.tsv
blob	798	review-evidence/608-b14-r1/author/item3/cycles/cycle-019/action.log
blob	1637	review-evidence/608-b14-r1/author/item3/cycles/cycle-019/analysis.json
blob	172	review-evidence/608-b14-r1/author/item3/cycles/cycle-019/capture.txt
blob	1617	review-evidence/608-b14-r1/author/item3/cycles/cycle-019/console-after.txt
blob	1617	review-evidence/608-b14-r1/author/item3/cycles/cycle-019/console-before.txt
blob	0	review-evidence/608-b14-r1/author/item3/cycles/cycle-019/cycle-errors.txt
blob	1585	review-evidence/608-b14-r1/author/item3/cycles/cycle-019/cycle.jsonl
blob	651	review-evidence/608-b14-r1/author/item3/cycles/cycle-019/events.jsonl
blob	3040	review-evidence/608-b14-r1/author/item3/cycles/cycle-019/msrp.tsv
blob	147	review-evidence/608-b14-r1/author/item3/cycles/cycle-019/raw-artifacts.json
blob	407	review-evidence/608-b14-r1/author/item3/cycles/cycle-019/result.json
blob	5169	review-evidence/608-b14-r1/author/item3/cycles/cycle-019/snapshot-after.jsonl
blob	5167	review-evidence/608-b14-r1/author/item3/cycles/cycle-019/snapshot-before.jsonl
blob	0	review-evidence/608-b14-r1/author/item3/cycles/cycle-019/snapshot-errors.txt
blob	5169	review-evidence/608-b14-r1/author/item3/cycles/cycle-019/snapshot.jsonl
tree		review-evidence/608-b14-r1/author/item3/cycles/cycle-020
blob	532	review-evidence/608-b14-r1/author/item3/cycles/cycle-020/acmp.tsv
blob	801	review-evidence/608-b14-r1/author/item3/cycles/cycle-020/action.log
blob	1639	review-evidence/608-b14-r1/author/item3/cycles/cycle-020/analysis.json
blob	172	review-evidence/608-b14-r1/author/item3/cycles/cycle-020/capture.txt
blob	1617	review-evidence/608-b14-r1/author/item3/cycles/cycle-020/console-after.txt
blob	1617	review-evidence/608-b14-r1/author/item3/cycles/cycle-020/console-before.txt
blob	0	review-evidence/608-b14-r1/author/item3/cycles/cycle-020/cycle-errors.txt
blob	1585	review-evidence/608-b14-r1/author/item3/cycles/cycle-020/cycle.jsonl
blob	654	review-evidence/608-b14-r1/author/item3/cycles/cycle-020/events.jsonl
blob	3190	review-evidence/608-b14-r1/author/item3/cycles/cycle-020/msrp.tsv
blob	147	review-evidence/608-b14-r1/author/item3/cycles/cycle-020/raw-artifacts.json
blob	407	review-evidence/608-b14-r1/author/item3/cycles/cycle-020/result.json
blob	5162	review-evidence/608-b14-r1/author/item3/cycles/cycle-020/snapshot-after.jsonl
blob	5164	review-evidence/608-b14-r1/author/item3/cycles/cycle-020/snapshot-before.jsonl
blob	0	review-evidence/608-b14-r1/author/item3/cycles/cycle-020/snapshot-errors.txt
blob	5162	review-evidence/608-b14-r1/author/item3/cycles/cycle-020/snapshot.jsonl
tree		review-evidence/608-b14-r1/author/item3/cycles/cycle-021
blob	532	review-evidence/608-b14-r1/author/item3/cycles/cycle-021/acmp.tsv
blob	798	review-evidence/608-b14-r1/author/item3/cycles/cycle-021/action.log
blob	1636	review-evidence/608-b14-r1/author/item3/cycles/cycle-021/analysis.json
blob	172	review-evidence/608-b14-r1/author/item3/cycles/cycle-021/capture.txt
blob	1617	review-evidence/608-b14-r1/author/item3/cycles/cycle-021/console-after.txt
blob	1617	review-evidence/608-b14-r1/author/item3/cycles/cycle-021/console-before.txt
blob	0	review-evidence/608-b14-r1/author/item3/cycles/cycle-021/cycle-errors.txt
blob	1585	review-evidence/608-b14-r1/author/item3/cycles/cycle-021/cycle.jsonl
blob	651	review-evidence/608-b14-r1/author/item3/cycles/cycle-021/events.jsonl
blob	3190	review-evidence/608-b14-r1/author/item3/cycles/cycle-021/msrp.tsv
blob	147	review-evidence/608-b14-r1/author/item3/cycles/cycle-021/raw-artifacts.json
blob	405	review-evidence/608-b14-r1/author/item3/cycles/cycle-021/result.json
blob	5167	review-evidence/608-b14-r1/author/item3/cycles/cycle-021/snapshot-after.jsonl
blob	5161	review-evidence/608-b14-r1/author/item3/cycles/cycle-021/snapshot-before.jsonl
blob	0	review-evidence/608-b14-r1/author/item3/cycles/cycle-021/snapshot-errors.txt
blob	5167	review-evidence/608-b14-r1/author/item3/cycles/cycle-021/snapshot.jsonl
tree		review-evidence/608-b14-r1/author/item3/cycles/cycle-022
blob	532	review-evidence/608-b14-r1/author/item3/cycles/cycle-022/acmp.tsv
blob	799	review-evidence/608-b14-r1/author/item3/cycles/cycle-022/action.log
blob	1639	review-evidence/608-b14-r1/author/item3/cycles/cycle-022/analysis.json
blob	172	review-evidence/608-b14-r1/author/item3/cycles/cycle-022/capture.txt
blob	1617	review-evidence/608-b14-r1/author/item3/cycles/cycle-022/console-after.txt
blob	1617	review-evidence/608-b14-r1/author/item3/cycles/cycle-022/console-before.txt
blob	0	review-evidence/608-b14-r1/author/item3/cycles/cycle-022/cycle-errors.txt
blob	1586	review-evidence/608-b14-r1/author/item3/cycles/cycle-022/cycle.jsonl
blob	652	review-evidence/608-b14-r1/author/item3/cycles/cycle-022/events.jsonl
blob	3190	review-evidence/608-b14-r1/author/item3/cycles/cycle-022/msrp.tsv
blob	147	review-evidence/608-b14-r1/author/item3/cycles/cycle-022/raw-artifacts.json
blob	407	review-evidence/608-b14-r1/author/item3/cycles/cycle-022/result.json
blob	5164	review-evidence/608-b14-r1/author/item3/cycles/cycle-022/snapshot-after.jsonl
blob	5164	review-evidence/608-b14-r1/author/item3/cycles/cycle-022/snapshot-before.jsonl
blob	0	review-evidence/608-b14-r1/author/item3/cycles/cycle-022/snapshot-errors.txt
blob	5164	review-evidence/608-b14-r1/author/item3/cycles/cycle-022/snapshot.jsonl
tree		review-evidence/608-b14-r1/author/item3/cycles/cycle-023
blob	532	review-evidence/608-b14-r1/author/item3/cycles/cycle-023/acmp.tsv
blob	800	review-evidence/608-b14-r1/author/item3/cycles/cycle-023/action.log
blob	1638	review-evidence/608-b14-r1/author/item3/cycles/cycle-023/analysis.json
blob	172	review-evidence/608-b14-r1/author/item3/cycles/cycle-023/capture.txt
blob	1617	review-evidence/608-b14-r1/author/item3/cycles/cycle-023/console-after.txt
blob	1617	review-evidence/608-b14-r1/author/item3/cycles/cycle-023/console-before.txt
blob	0	review-evidence/608-b14-r1/author/item3/cycles/cycle-023/cycle-errors.txt
blob	1585	review-evidence/608-b14-r1/author/item3/cycles/cycle-023/cycle.jsonl
blob	653	review-evidence/608-b14-r1/author/item3/cycles/cycle-023/events.jsonl
blob	3190	review-evidence/608-b14-r1/author/item3/cycles/cycle-023/msrp.tsv
blob	147	review-evidence/608-b14-r1/author/item3/cycles/cycle-023/raw-artifacts.json
blob	407	review-evidence/608-b14-r1/author/item3/cycles/cycle-023/result.json
blob	5165	review-evidence/608-b14-r1/author/item3/cycles/cycle-023/snapshot-after.jsonl
blob	5169	review-evidence/608-b14-r1/author/item3/cycles/cycle-023/snapshot-before.jsonl
blob	0	review-evidence/608-b14-r1/author/item3/cycles/cycle-023/snapshot-errors.txt
blob	5165	review-evidence/608-b14-r1/author/item3/cycles/cycle-023/snapshot.jsonl
tree		review-evidence/608-b14-r1/author/item3/cycles/cycle-024
blob	532	review-evidence/608-b14-r1/author/item3/cycles/cycle-024/acmp.tsv
blob	800	review-evidence/608-b14-r1/author/item3/cycles/cycle-024/action.log
blob	1637	review-evidence/608-b14-r1/author/item3/cycles/cycle-024/analysis.json
blob	172	review-evidence/608-b14-r1/author/item3/cycles/cycle-024/capture.txt
blob	1617	review-evidence/608-b14-r1/author/item3/cycles/cycle-024/console-after.txt
blob	1617	review-evidence/608-b14-r1/author/item3/cycles/cycle-024/console-before.txt
blob	0	review-evidence/608-b14-r1/author/item3/cycles/cycle-024/cycle-errors.txt
blob	1587	review-evidence/608-b14-r1/author/item3/cycles/cycle-024/cycle.jsonl
blob	653	review-evidence/608-b14-r1/author/item3/cycles/cycle-024/events.jsonl
blob	3190	review-evidence/608-b14-r1/author/item3/cycles/cycle-024/msrp.tsv
blob	147	review-evidence/608-b14-r1/author/item3/cycles/cycle-024/raw-artifacts.json
blob	407	review-evidence/608-b14-r1/author/item3/cycles/cycle-024/result.json
blob	5167	review-evidence/608-b14-r1/author/item3/cycles/cycle-024/snapshot-after.jsonl
blob	5169	review-evidence/608-b14-r1/author/item3/cycles/cycle-024/snapshot-before.jsonl
blob	0	review-evidence/608-b14-r1/author/item3/cycles/cycle-024/snapshot-errors.txt
blob	5167	review-evidence/608-b14-r1/author/item3/cycles/cycle-024/snapshot.jsonl
tree		review-evidence/608-b14-r1/author/item3/cycles/cycle-025
blob	532	review-evidence/608-b14-r1/author/item3/cycles/cycle-025/acmp.tsv
blob	800	review-evidence/608-b14-r1/author/item3/cycles/cycle-025/action.log
blob	1634	review-evidence/608-b14-r1/author/item3/cycles/cycle-025/analysis.json
blob	172	review-evidence/608-b14-r1/author/item3/cycles/cycle-025/capture.txt
blob	1617	review-evidence/608-b14-r1/author/item3/cycles/cycle-025/console-after.txt
blob	1617	review-evidence/608-b14-r1/author/item3/cycles/cycle-025/console-before.txt
blob	0	review-evidence/608-b14-r1/author/item3/cycles/cycle-025/cycle-errors.txt
blob	1586	review-evidence/608-b14-r1/author/item3/cycles/cycle-025/cycle.jsonl
blob	653	review-evidence/608-b14-r1/author/item3/cycles/cycle-025/events.jsonl
blob	3190	review-evidence/608-b14-r1/author/item3/cycles/cycle-025/msrp.tsv
blob	147	review-evidence/608-b14-r1/author/item3/cycles/cycle-025/raw-artifacts.json
blob	406	review-evidence/608-b14-r1/author/item3/cycles/cycle-025/result.json
blob	5166	review-evidence/608-b14-r1/author/item3/cycles/cycle-025/snapshot-after.jsonl
blob	5167	review-evidence/608-b14-r1/author/item3/cycles/cycle-025/snapshot-before.jsonl
blob	0	review-evidence/608-b14-r1/author/item3/cycles/cycle-025/snapshot-errors.txt
blob	5166	review-evidence/608-b14-r1/author/item3/cycles/cycle-025/snapshot.jsonl
tree		review-evidence/608-b14-r1/author/item3/cycles/cycle-026
blob	532	review-evidence/608-b14-r1/author/item3/cycles/cycle-026/acmp.tsv
blob	799	review-evidence/608-b14-r1/author/item3/cycles/cycle-026/action.log
blob	1639	review-evidence/608-b14-r1/author/item3/cycles/cycle-026/analysis.json
blob	172	review-evidence/608-b14-r1/author/item3/cycles/cycle-026/capture.txt
blob	1617	review-evidence/608-b14-r1/author/item3/cycles/cycle-026/console-after.txt
blob	1617	review-evidence/608-b14-r1/author/item3/cycles/cycle-026/console-before.txt
blob	0	review-evidence/608-b14-r1/author/item3/cycles/cycle-026/cycle-errors.txt
blob	1587	review-evidence/608-b14-r1/author/item3/cycles/cycle-026/cycle.jsonl
blob	652	review-evidence/608-b14-r1/author/item3/cycles/cycle-026/events.jsonl
blob	3190	review-evidence/608-b14-r1/author/item3/cycles/cycle-026/msrp.tsv
blob	147	review-evidence/608-b14-r1/author/item3/cycles/cycle-026/raw-artifacts.json
blob	406	review-evidence/608-b14-r1/author/item3/cycles/cycle-026/result.json
blob	5169	review-evidence/608-b14-r1/author/item3/cycles/cycle-026/snapshot-after.jsonl
blob	5166	review-evidence/608-b14-r1/author/item3/cycles/cycle-026/snapshot-before.jsonl
blob	0	review-evidence/608-b14-r1/author/item3/cycles/cycle-026/snapshot-errors.txt
blob	5169	review-evidence/608-b14-r1/author/item3/cycles/cycle-026/snapshot.jsonl
tree		review-evidence/608-b14-r1/author/item3/cycles/cycle-027
blob	532	review-evidence/608-b14-r1/author/item3/cycles/cycle-027/acmp.tsv
blob	799	review-evidence/608-b14-r1/author/item3/cycles/cycle-027/action.log
blob	1639	review-evidence/608-b14-r1/author/item3/cycles/cycle-027/analysis.json
blob	172	review-evidence/608-b14-r1/author/item3/cycles/cycle-027/capture.txt
blob	1617	review-evidence/608-b14-r1/author/item3/cycles/cycle-027/console-after.txt
blob	1617	review-evidence/608-b14-r1/author/item3/cycles/cycle-027/console-before.txt
blob	0	review-evidence/608-b14-r1/author/item3/cycles/cycle-027/cycle-errors.txt
blob	1585	review-evidence/608-b14-r1/author/item3/cycles/cycle-027/cycle.jsonl
blob	652	review-evidence/608-b14-r1/author/item3/cycles/cycle-027/events.jsonl
blob	3190	review-evidence/608-b14-r1/author/item3/cycles/cycle-027/msrp.tsv
blob	147	review-evidence/608-b14-r1/author/item3/cycles/cycle-027/raw-artifacts.json
blob	407	review-evidence/608-b14-r1/author/item3/cycles/cycle-027/result.json
blob	5167	review-evidence/608-b14-r1/author/item3/cycles/cycle-027/snapshot-after.jsonl
blob	5167	review-evidence/608-b14-r1/author/item3/cycles/cycle-027/snapshot-before.jsonl
blob	0	review-evidence/608-b14-r1/author/item3/cycles/cycle-027/snapshot-errors.txt
blob	5167	review-evidence/608-b14-r1/author/item3/cycles/cycle-027/snapshot.jsonl
tree		review-evidence/608-b14-r1/author/item3/cycles/cycle-028
blob	532	review-evidence/608-b14-r1/author/item3/cycles/cycle-028/acmp.tsv
blob	801	review-evidence/608-b14-r1/author/item3/cycles/cycle-028/action.log
blob	1638	review-evidence/608-b14-r1/author/item3/cycles/cycle-028/analysis.json
blob	172	review-evidence/608-b14-r1/author/item3/cycles/cycle-028/capture.txt
blob	1617	review-evidence/608-b14-r1/author/item3/cycles/cycle-028/console-after.txt
blob	1617	review-evidence/608-b14-r1/author/item3/cycles/cycle-028/console-before.txt
blob	0	review-evidence/608-b14-r1/author/item3/cycles/cycle-028/cycle-errors.txt
blob	1584	review-evidence/608-b14-r1/author/item3/cycles/cycle-028/cycle.jsonl
blob	654	review-evidence/608-b14-r1/author/item3/cycles/cycle-028/events.jsonl
blob	3190	review-evidence/608-b14-r1/author/item3/cycles/cycle-028/msrp.tsv
blob	147	review-evidence/608-b14-r1/author/item3/cycles/cycle-028/raw-artifacts.json
blob	407	review-evidence/608-b14-r1/author/item3/cycles/cycle-028/result.json
blob	5164	review-evidence/608-b14-r1/author/item3/cycles/cycle-028/snapshot-after.jsonl
blob	5168	review-evidence/608-b14-r1/author/item3/cycles/cycle-028/snapshot-before.jsonl
blob	0	review-evidence/608-b14-r1/author/item3/cycles/cycle-028/snapshot-errors.txt
blob	5164	review-evidence/608-b14-r1/author/item3/cycles/cycle-028/snapshot.jsonl
tree		review-evidence/608-b14-r1/author/item3/cycles/cycle-029
blob	532	review-evidence/608-b14-r1/author/item3/cycles/cycle-029/acmp.tsv
blob	800	review-evidence/608-b14-r1/author/item3/cycles/cycle-029/action.log
blob	1639	review-evidence/608-b14-r1/author/item3/cycles/cycle-029/analysis.json
blob	172	review-evidence/608-b14-r1/author/item3/cycles/cycle-029/capture.txt
blob	1617	review-evidence/608-b14-r1/author/item3/cycles/cycle-029/console-after.txt
blob	1617	review-evidence/608-b14-r1/author/item3/cycles/cycle-029/console-before.txt
blob	0	review-evidence/608-b14-r1/author/item3/cycles/cycle-029/cycle-errors.txt
blob	1585	review-evidence/608-b14-r1/author/item3/cycles/cycle-029/cycle.jsonl
blob	653	review-evidence/608-b14-r1/author/item3/cycles/cycle-029/events.jsonl
blob	3190	review-evidence/608-b14-r1/author/item3/cycles/cycle-029/msrp.tsv
blob	147	review-evidence/608-b14-r1/author/item3/cycles/cycle-029/raw-artifacts.json
blob	407	review-evidence/608-b14-r1/author/item3/cycles/cycle-029/result.json
blob	5169	review-evidence/608-b14-r1/author/item3/cycles/cycle-029/snapshot-after.jsonl
blob	5168	review-evidence/608-b14-r1/author/item3/cycles/cycle-029/snapshot-before.jsonl
blob	0	review-evidence/608-b14-r1/author/item3/cycles/cycle-029/snapshot-errors.txt
blob	5169	review-evidence/608-b14-r1/author/item3/cycles/cycle-029/snapshot.jsonl
tree		review-evidence/608-b14-r1/author/item3/cycles/cycle-030
blob	532	review-evidence/608-b14-r1/author/item3/cycles/cycle-030/acmp.tsv
blob	801	review-evidence/608-b14-r1/author/item3/cycles/cycle-030/action.log
blob	1636	review-evidence/608-b14-r1/author/item3/cycles/cycle-030/analysis.json
blob	172	review-evidence/608-b14-r1/author/item3/cycles/cycle-030/capture.txt
blob	1617	review-evidence/608-b14-r1/author/item3/cycles/cycle-030/console-after.txt
blob	1617	review-evidence/608-b14-r1/author/item3/cycles/cycle-030/console-before.txt
blob	0	review-evidence/608-b14-r1/author/item3/cycles/cycle-030/cycle-errors.txt
blob	1587	review-evidence/608-b14-r1/author/item3/cycles/cycle-030/cycle.jsonl
blob	654	review-evidence/608-b14-r1/author/item3/cycles/cycle-030/events.jsonl
blob	3190	review-evidence/608-b14-r1/author/item3/cycles/cycle-030/msrp.tsv
blob	147	review-evidence/608-b14-r1/author/item3/cycles/cycle-030/raw-artifacts.json
blob	407	review-evidence/608-b14-r1/author/item3/cycles/cycle-030/result.json
blob	5166	review-evidence/608-b14-r1/author/item3/cycles/cycle-030/snapshot-after.jsonl
blob	5166	review-evidence/608-b14-r1/author/item3/cycles/cycle-030/snapshot-before.jsonl
blob	0	review-evidence/608-b14-r1/author/item3/cycles/cycle-030/snapshot-errors.txt
blob	5166	review-evidence/608-b14-r1/author/item3/cycles/cycle-030/snapshot.jsonl
tree		review-evidence/608-b14-r1/author/item3/cycles/cycle-031
blob	532	review-evidence/608-b14-r1/author/item3/cycles/cycle-031/acmp.tsv
blob	800	review-evidence/608-b14-r1/author/item3/cycles/cycle-031/action.log
blob	1639	review-evidence/608-b14-r1/author/item3/cycles/cycle-031/analysis.json
blob	172	review-evidence/608-b14-r1/author/item3/cycles/cycle-031/capture.txt
blob	1617	review-evidence/608-b14-r1/author/item3/cycles/cycle-031/console-after.txt
blob	1617	review-evidence/608-b14-r1/author/item3/cycles/cycle-031/console-before.txt
blob	0	review-evidence/608-b14-r1/author/item3/cycles/cycle-031/cycle-errors.txt
blob	1584	review-evidence/608-b14-r1/author/item3/cycles/cycle-031/cycle.jsonl
blob	653	review-evidence/608-b14-r1/author/item3/cycles/cycle-031/events.jsonl
blob	3190	review-evidence/608-b14-r1/author/item3/cycles/cycle-031/msrp.tsv
blob	147	review-evidence/608-b14-r1/author/item3/cycles/cycle-031/raw-artifacts.json
blob	407	review-evidence/608-b14-r1/author/item3/cycles/cycle-031/result.json
blob	5168	review-evidence/608-b14-r1/author/item3/cycles/cycle-031/snapshot-after.jsonl
blob	5169	review-evidence/608-b14-r1/author/item3/cycles/cycle-031/snapshot-before.jsonl
blob	0	review-evidence/608-b14-r1/author/item3/cycles/cycle-031/snapshot-errors.txt
blob	5168	review-evidence/608-b14-r1/author/item3/cycles/cycle-031/snapshot.jsonl
tree		review-evidence/608-b14-r1/author/item3/cycles/cycle-032
blob	532	review-evidence/608-b14-r1/author/item3/cycles/cycle-032/acmp.tsv
blob	801	review-evidence/608-b14-r1/author/item3/cycles/cycle-032/action.log
blob	1638	review-evidence/608-b14-r1/author/item3/cycles/cycle-032/analysis.json
blob	172	review-evidence/608-b14-r1/author/item3/cycles/cycle-032/capture.txt
blob	1617	review-evidence/608-b14-r1/author/item3/cycles/cycle-032/console-after.txt
blob	1617	review-evidence/608-b14-r1/author/item3/cycles/cycle-032/console-before.txt
blob	0	review-evidence/608-b14-r1/author/item3/cycles/cycle-032/cycle-errors.txt
blob	1587	review-evidence/608-b14-r1/author/item3/cycles/cycle-032/cycle.jsonl
blob	654	review-evidence/608-b14-r1/author/item3/cycles/cycle-032/events.jsonl
blob	3190	review-evidence/608-b14-r1/author/item3/cycles/cycle-032/msrp.tsv
blob	147	review-evidence/608-b14-r1/author/item3/cycles/cycle-032/raw-artifacts.json
blob	407	review-evidence/608-b14-r1/author/item3/cycles/cycle-032/result.json
blob	5166	review-evidence/608-b14-r1/author/item3/cycles/cycle-032/snapshot-after.jsonl
blob	5164	review-evidence/608-b14-r1/author/item3/cycles/cycle-032/snapshot-before.jsonl
blob	0	review-evidence/608-b14-r1/author/item3/cycles/cycle-032/snapshot-errors.txt
blob	5166	review-evidence/608-b14-r1/author/item3/cycles/cycle-032/snapshot.jsonl
tree		review-evidence/608-b14-r1/author/item3/cycles/cycle-033
blob	532	review-evidence/608-b14-r1/author/item3/cycles/cycle-033/acmp.tsv
blob	797	review-evidence/608-b14-r1/author/item3/cycles/cycle-033/action.log
blob	1638	review-evidence/608-b14-r1/author/item3/cycles/cycle-033/analysis.json
blob	172	review-evidence/608-b14-r1/author/item3/cycles/cycle-033/capture.txt
blob	1617	review-evidence/608-b14-r1/author/item3/cycles/cycle-033/console-after.txt
blob	1617	review-evidence/608-b14-r1/author/item3/cycles/cycle-033/console-before.txt
blob	0	review-evidence/608-b14-r1/author/item3/cycles/cycle-033/cycle-errors.txt
blob	1586	review-evidence/608-b14-r1/author/item3/cycles/cycle-033/cycle.jsonl
blob	650	review-evidence/608-b14-r1/author/item3/cycles/cycle-033/events.jsonl
blob	3190	review-evidence/608-b14-r1/author/item3/cycles/cycle-033/msrp.tsv
blob	147	review-evidence/608-b14-r1/author/item3/cycles/cycle-033/raw-artifacts.json
blob	406	review-evidence/608-b14-r1/author/item3/cycles/cycle-033/result.json
blob	5167	review-evidence/608-b14-r1/author/item3/cycles/cycle-033/snapshot-after.jsonl
blob	5162	review-evidence/608-b14-r1/author/item3/cycles/cycle-033/snapshot-before.jsonl
blob	0	review-evidence/608-b14-r1/author/item3/cycles/cycle-033/snapshot-errors.txt
blob	5167	review-evidence/608-b14-r1/author/item3/cycles/cycle-033/snapshot.jsonl
tree		review-evidence/608-b14-r1/author/item3/cycles/cycle-034
blob	532	review-evidence/608-b14-r1/author/item3/cycles/cycle-034/acmp.tsv
blob	800	review-evidence/608-b14-r1/author/item3/cycles/cycle-034/action.log
blob	1638	review-evidence/608-b14-r1/author/item3/cycles/cycle-034/analysis.json
blob	172	review-evidence/608-b14-r1/author/item3/cycles/cycle-034/capture.txt
blob	1617	review-evidence/608-b14-r1/author/item3/cycles/cycle-034/console-after.txt
blob	1617	review-evidence/608-b14-r1/author/item3/cycles/cycle-034/console-before.txt
blob	0	review-evidence/608-b14-r1/author/item3/cycles/cycle-034/cycle-errors.txt
blob	1585	review-evidence/608-b14-r1/author/item3/cycles/cycle-034/cycle.jsonl
blob	653	review-evidence/608-b14-r1/author/item3/cycles/cycle-034/events.jsonl
blob	3190	review-evidence/608-b14-r1/author/item3/cycles/cycle-034/msrp.tsv
blob	147	review-evidence/608-b14-r1/author/item3/cycles/cycle-034/raw-artifacts.json
blob	407	review-evidence/608-b14-r1/author/item3/cycles/cycle-034/result.json
blob	5166	review-evidence/608-b14-r1/author/item3/cycles/cycle-034/snapshot-after.jsonl
blob	5164	review-evidence/608-b14-r1/author/item3/cycles/cycle-034/snapshot-before.jsonl
blob	0	review-evidence/608-b14-r1/author/item3/cycles/cycle-034/snapshot-errors.txt
blob	5166	review-evidence/608-b14-r1/author/item3/cycles/cycle-034/snapshot.jsonl
tree		review-evidence/608-b14-r1/author/item3/cycles/cycle-035
blob	532	review-evidence/608-b14-r1/author/item3/cycles/cycle-035/acmp.tsv
blob	801	review-evidence/608-b14-r1/author/item3/cycles/cycle-035/action.log
blob	1637	review-evidence/608-b14-r1/author/item3/cycles/cycle-035/analysis.json
blob	172	review-evidence/608-b14-r1/author/item3/cycles/cycle-035/capture.txt
blob	1617	review-evidence/608-b14-r1/author/item3/cycles/cycle-035/console-after.txt
blob	1617	review-evidence/608-b14-r1/author/item3/cycles/cycle-035/console-before.txt
blob	0	review-evidence/608-b14-r1/author/item3/cycles/cycle-035/cycle-errors.txt
blob	1585	review-evidence/608-b14-r1/author/item3/cycles/cycle-035/cycle.jsonl
blob	654	review-evidence/608-b14-r1/author/item3/cycles/cycle-035/events.jsonl
blob	3190	review-evidence/608-b14-r1/author/item3/cycles/cycle-035/msrp.tsv
blob	147	review-evidence/608-b14-r1/author/item3/cycles/cycle-035/raw-artifacts.json
blob	407	review-evidence/608-b14-r1/author/item3/cycles/cycle-035/result.json
blob	5169	review-evidence/608-b14-r1/author/item3/cycles/cycle-035/snapshot-after.jsonl
blob	5169	review-evidence/608-b14-r1/author/item3/cycles/cycle-035/snapshot-before.jsonl
blob	0	review-evidence/608-b14-r1/author/item3/cycles/cycle-035/snapshot-errors.txt
blob	5169	review-evidence/608-b14-r1/author/item3/cycles/cycle-035/snapshot.jsonl
tree		review-evidence/608-b14-r1/author/item3/cycles/cycle-036
blob	532	review-evidence/608-b14-r1/author/item3/cycles/cycle-036/acmp.tsv
blob	799	review-evidence/608-b14-r1/author/item3/cycles/cycle-036/action.log
blob	1637	review-evidence/608-b14-r1/author/item3/cycles/cycle-036/analysis.json
blob	172	review-evidence/608-b14-r1/author/item3/cycles/cycle-036/capture.txt
blob	1617	review-evidence/608-b14-r1/author/item3/cycles/cycle-036/console-after.txt
blob	1617	review-evidence/608-b14-r1/author/item3/cycles/cycle-036/console-before.txt
blob	0	review-evidence/608-b14-r1/author/item3/cycles/cycle-036/cycle-errors.txt
blob	1585	review-evidence/608-b14-r1/author/item3/cycles/cycle-036/cycle.jsonl
blob	652	review-evidence/608-b14-r1/author/item3/cycles/cycle-036/events.jsonl
blob	3190	review-evidence/608-b14-r1/author/item3/cycles/cycle-036/msrp.tsv
blob	147	review-evidence/608-b14-r1/author/item3/cycles/cycle-036/raw-artifacts.json
blob	406	review-evidence/608-b14-r1/author/item3/cycles/cycle-036/result.json
blob	5170	review-evidence/608-b14-r1/author/item3/cycles/cycle-036/snapshot-after.jsonl
blob	5170	review-evidence/608-b14-r1/author/item3/cycles/cycle-036/snapshot-before.jsonl
blob	0	review-evidence/608-b14-r1/author/item3/cycles/cycle-036/snapshot-errors.txt
blob	5170	review-evidence/608-b14-r1/author/item3/cycles/cycle-036/snapshot.jsonl
tree		review-evidence/608-b14-r1/author/item3/cycles/cycle-037
blob	532	review-evidence/608-b14-r1/author/item3/cycles/cycle-037/acmp.tsv
blob	798	review-evidence/608-b14-r1/author/item3/cycles/cycle-037/action.log
blob	1638	review-evidence/608-b14-r1/author/item3/cycles/cycle-037/analysis.json
blob	172	review-evidence/608-b14-r1/author/item3/cycles/cycle-037/capture.txt
blob	1617	review-evidence/608-b14-r1/author/item3/cycles/cycle-037/console-after.txt
blob	1617	review-evidence/608-b14-r1/author/item3/cycles/cycle-037/console-before.txt
blob	0	review-evidence/608-b14-r1/author/item3/cycles/cycle-037/cycle-errors.txt
blob	1586	review-evidence/608-b14-r1/author/item3/cycles/cycle-037/cycle.jsonl
blob	651	review-evidence/608-b14-r1/author/item3/cycles/cycle-037/events.jsonl
blob	3190	review-evidence/608-b14-r1/author/item3/cycles/cycle-037/msrp.tsv
blob	147	review-evidence/608-b14-r1/author/item3/cycles/cycle-037/raw-artifacts.json
blob	406	review-evidence/608-b14-r1/author/item3/cycles/cycle-037/result.json
blob	5165	review-evidence/608-b14-r1/author/item3/cycles/cycle-037/snapshot-after.jsonl
blob	5169	review-evidence/608-b14-r1/author/item3/cycles/cycle-037/snapshot-before.jsonl
blob	0	review-evidence/608-b14-r1/author/item3/cycles/cycle-037/snapshot-errors.txt
blob	5165	review-evidence/608-b14-r1/author/item3/cycles/cycle-037/snapshot.jsonl
tree		review-evidence/608-b14-r1/author/item3/cycles/cycle-038
blob	532	review-evidence/608-b14-r1/author/item3/cycles/cycle-038/acmp.tsv
blob	801	review-evidence/608-b14-r1/author/item3/cycles/cycle-038/action.log
blob	1639	review-evidence/608-b14-r1/author/item3/cycles/cycle-038/analysis.json
blob	172	review-evidence/608-b14-r1/author/item3/cycles/cycle-038/capture.txt
blob	1617	review-evidence/608-b14-r1/author/item3/cycles/cycle-038/console-after.txt
blob	1617	review-evidence/608-b14-r1/author/item3/cycles/cycle-038/console-before.txt
blob	0	review-evidence/608-b14-r1/author/item3/cycles/cycle-038/cycle-errors.txt
blob	1586	review-evidence/608-b14-r1/author/item3/cycles/cycle-038/cycle.jsonl
blob	654	review-evidence/608-b14-r1/author/item3/cycles/cycle-038/events.jsonl
blob	3190	review-evidence/608-b14-r1/author/item3/cycles/cycle-038/msrp.tsv
blob	147	review-evidence/608-b14-r1/author/item3/cycles/cycle-038/raw-artifacts.json
blob	407	review-evidence/608-b14-r1/author/item3/cycles/cycle-038/result.json
blob	5168	review-evidence/608-b14-r1/author/item3/cycles/cycle-038/snapshot-after.jsonl
blob	5167	review-evidence/608-b14-r1/author/item3/cycles/cycle-038/snapshot-before.jsonl
blob	0	review-evidence/608-b14-r1/author/item3/cycles/cycle-038/snapshot-errors.txt
blob	5168	review-evidence/608-b14-r1/author/item3/cycles/cycle-038/snapshot.jsonl
tree		review-evidence/608-b14-r1/author/item3/cycles/cycle-039
blob	532	review-evidence/608-b14-r1/author/item3/cycles/cycle-039/acmp.tsv
blob	801	review-evidence/608-b14-r1/author/item3/cycles/cycle-039/action.log
blob	1639	review-evidence/608-b14-r1/author/item3/cycles/cycle-039/analysis.json
blob	172	review-evidence/608-b14-r1/author/item3/cycles/cycle-039/capture.txt
blob	1617	review-evidence/608-b14-r1/author/item3/cycles/cycle-039/console-after.txt
blob	1617	review-evidence/608-b14-r1/author/item3/cycles/cycle-039/console-before.txt
blob	0	review-evidence/608-b14-r1/author/item3/cycles/cycle-039/cycle-errors.txt
blob	1585	review-evidence/608-b14-r1/author/item3/cycles/cycle-039/cycle.jsonl
blob	654	review-evidence/608-b14-r1/author/item3/cycles/cycle-039/events.jsonl
blob	3190	review-evidence/608-b14-r1/author/item3/cycles/cycle-039/msrp.tsv
blob	147	review-evidence/608-b14-r1/author/item3/cycles/cycle-039/raw-artifacts.json
blob	407	review-evidence/608-b14-r1/author/item3/cycles/cycle-039/result.json
blob	5166	review-evidence/608-b14-r1/author/item3/cycles/cycle-039/snapshot-after.jsonl
blob	5166	review-evidence/608-b14-r1/author/item3/cycles/cycle-039/snapshot-before.jsonl
blob	0	review-evidence/608-b14-r1/author/item3/cycles/cycle-039/snapshot-errors.txt
blob	5166	review-evidence/608-b14-r1/author/item3/cycles/cycle-039/snapshot.jsonl
tree		review-evidence/608-b14-r1/author/item3/cycles/cycle-040
blob	532	review-evidence/608-b14-r1/author/item3/cycles/cycle-040/acmp.tsv
blob	798	review-evidence/608-b14-r1/author/item3/cycles/cycle-040/action.log
blob	1639	review-evidence/608-b14-r1/author/item3/cycles/cycle-040/analysis.json
blob	172	review-evidence/608-b14-r1/author/item3/cycles/cycle-040/capture.txt
blob	1617	review-evidence/608-b14-r1/author/item3/cycles/cycle-040/console-after.txt
blob	1617	review-evidence/608-b14-r1/author/item3/cycles/cycle-040/console-before.txt
blob	0	review-evidence/608-b14-r1/author/item3/cycles/cycle-040/cycle-errors.txt
blob	1587	review-evidence/608-b14-r1/author/item3/cycles/cycle-040/cycle.jsonl
blob	651	review-evidence/608-b14-r1/author/item3/cycles/cycle-040/events.jsonl
blob	3022	review-evidence/608-b14-r1/author/item3/cycles/cycle-040/msrp.tsv
blob	147	review-evidence/608-b14-r1/author/item3/cycles/cycle-040/raw-artifacts.json
blob	407	review-evidence/608-b14-r1/author/item3/cycles/cycle-040/result.json
blob	5166	review-evidence/608-b14-r1/author/item3/cycles/cycle-040/snapshot-after.jsonl
blob	5167	review-evidence/608-b14-r1/author/item3/cycles/cycle-040/snapshot-before.jsonl
blob	0	review-evidence/608-b14-r1/author/item3/cycles/cycle-040/snapshot-errors.txt
blob	5166	review-evidence/608-b14-r1/author/item3/cycles/cycle-040/snapshot.jsonl
tree		review-evidence/608-b14-r1/author/item3/cycles/cycle-041
blob	532	review-evidence/608-b14-r1/author/item3/cycles/cycle-041/acmp.tsv
blob	799	review-evidence/608-b14-r1/author/item3/cycles/cycle-041/action.log
blob	1635	review-evidence/608-b14-r1/author/item3/cycles/cycle-041/analysis.json
blob	172	review-evidence/608-b14-r1/author/item3/cycles/cycle-041/capture.txt
blob	1617	review-evidence/608-b14-r1/author/item3/cycles/cycle-041/console-after.txt
blob	1617	review-evidence/608-b14-r1/author/item3/cycles/cycle-041/console-before.txt
blob	0	review-evidence/608-b14-r1/author/item3/cycles/cycle-041/cycle-errors.txt
blob	1586	review-evidence/608-b14-r1/author/item3/cycles/cycle-041/cycle.jsonl
blob	652	review-evidence/608-b14-r1/author/item3/cycles/cycle-041/events.jsonl
blob	2914	review-evidence/608-b14-r1/author/item3/cycles/cycle-041/msrp.tsv
blob	147	review-evidence/608-b14-r1/author/item3/cycles/cycle-041/raw-artifacts.json
blob	406	review-evidence/608-b14-r1/author/item3/cycles/cycle-041/result.json
blob	5162	review-evidence/608-b14-r1/author/item3/cycles/cycle-041/snapshot-after.jsonl
blob	5169	review-evidence/608-b14-r1/author/item3/cycles/cycle-041/snapshot-before.jsonl
blob	0	review-evidence/608-b14-r1/author/item3/cycles/cycle-041/snapshot-errors.txt
blob	5162	review-evidence/608-b14-r1/author/item3/cycles/cycle-041/snapshot.jsonl
tree		review-evidence/608-b14-r1/author/item3/cycles/cycle-042
blob	532	review-evidence/608-b14-r1/author/item3/cycles/cycle-042/acmp.tsv
blob	799	review-evidence/608-b14-r1/author/item3/cycles/cycle-042/action.log
blob	1638	review-evidence/608-b14-r1/author/item3/cycles/cycle-042/analysis.json
blob	172	review-evidence/608-b14-r1/author/item3/cycles/cycle-042/capture.txt
blob	1617	review-evidence/608-b14-r1/author/item3/cycles/cycle-042/console-after.txt
blob	1617	review-evidence/608-b14-r1/author/item3/cycles/cycle-042/console-before.txt
blob	0	review-evidence/608-b14-r1/author/item3/cycles/cycle-042/cycle-errors.txt
blob	1583	review-evidence/608-b14-r1/author/item3/cycles/cycle-042/cycle.jsonl
blob	652	review-evidence/608-b14-r1/author/item3/cycles/cycle-042/events.jsonl
blob	3246	review-evidence/608-b14-r1/author/item3/cycles/cycle-042/msrp.tsv
blob	147	review-evidence/608-b14-r1/author/item3/cycles/cycle-042/raw-artifacts.json
blob	407	review-evidence/608-b14-r1/author/item3/cycles/cycle-042/result.json
blob	5168	review-evidence/608-b14-r1/author/item3/cycles/cycle-042/snapshot-after.jsonl
blob	5167	review-evidence/608-b14-r1/author/item3/cycles/cycle-042/snapshot-before.jsonl
blob	0	review-evidence/608-b14-r1/author/item3/cycles/cycle-042/snapshot-errors.txt
blob	5168	review-evidence/608-b14-r1/author/item3/cycles/cycle-042/snapshot.jsonl
tree		review-evidence/608-b14-r1/author/item3/cycles/cycle-043
blob	532	review-evidence/608-b14-r1/author/item3/cycles/cycle-043/acmp.tsv
blob	799	review-evidence/608-b14-r1/author/item3/cycles/cycle-043/action.log
blob	1638	review-evidence/608-b14-r1/author/item3/cycles/cycle-043/analysis.json
blob	172	review-evidence/608-b14-r1/author/item3/cycles/cycle-043/capture.txt
blob	1617	review-evidence/608-b14-r1/author/item3/cycles/cycle-043/console-after.txt
blob	1617	review-evidence/608-b14-r1/author/item3/cycles/cycle-043/console-before.txt
blob	0	review-evidence/608-b14-r1/author/item3/cycles/cycle-043/cycle-errors.txt
blob	1586	review-evidence/608-b14-r1/author/item3/cycles/cycle-043/cycle.jsonl
blob	652	review-evidence/608-b14-r1/author/item3/cycles/cycle-043/events.jsonl
blob	3190	review-evidence/608-b14-r1/author/item3/cycles/cycle-043/msrp.tsv
blob	147	review-evidence/608-b14-r1/author/item3/cycles/cycle-043/raw-artifacts.json
blob	406	review-evidence/608-b14-r1/author/item3/cycles/cycle-043/result.json
blob	5166	review-evidence/608-b14-r1/author/item3/cycles/cycle-043/snapshot-after.jsonl
blob	5168	review-evidence/608-b14-r1/author/item3/cycles/cycle-043/snapshot-before.jsonl
blob	0	review-evidence/608-b14-r1/author/item3/cycles/cycle-043/snapshot-errors.txt
blob	5166	review-evidence/608-b14-r1/author/item3/cycles/cycle-043/snapshot.jsonl
tree		review-evidence/608-b14-r1/author/item3/cycles/cycle-044
blob	532	review-evidence/608-b14-r1/author/item3/cycles/cycle-044/acmp.tsv
blob	800	review-evidence/608-b14-r1/author/item3/cycles/cycle-044/action.log
blob	1634	review-evidence/608-b14-r1/author/item3/cycles/cycle-044/analysis.json
blob	172	review-evidence/608-b14-r1/author/item3/cycles/cycle-044/capture.txt
blob	1617	review-evidence/608-b14-r1/author/item3/cycles/cycle-044/console-after.txt
blob	1617	review-evidence/608-b14-r1/author/item3/cycles/cycle-044/console-before.txt
blob	0	review-evidence/608-b14-r1/author/item3/cycles/cycle-044/cycle-errors.txt
blob	1586	review-evidence/608-b14-r1/author/item3/cycles/cycle-044/cycle.jsonl
blob	653	review-evidence/608-b14-r1/author/item3/cycles/cycle-044/events.jsonl
blob	3190	review-evidence/608-b14-r1/author/item3/cycles/cycle-044/msrp.tsv
blob	147	review-evidence/608-b14-r1/author/item3/cycles/cycle-044/raw-artifacts.json
blob	407	review-evidence/608-b14-r1/author/item3/cycles/cycle-044/result.json
blob	5167	review-evidence/608-b14-r1/author/item3/cycles/cycle-044/snapshot-after.jsonl
blob	5166	review-evidence/608-b14-r1/author/item3/cycles/cycle-044/snapshot-before.jsonl
blob	0	review-evidence/608-b14-r1/author/item3/cycles/cycle-044/snapshot-errors.txt
blob	5167	review-evidence/608-b14-r1/author/item3/cycles/cycle-044/snapshot.jsonl
tree		review-evidence/608-b14-r1/author/item3/cycles/cycle-045
blob	532	review-evidence/608-b14-r1/author/item3/cycles/cycle-045/acmp.tsv
blob	801	review-evidence/608-b14-r1/author/item3/cycles/cycle-045/action.log
blob	1638	review-evidence/608-b14-r1/author/item3/cycles/cycle-045/analysis.json
blob	172	review-evidence/608-b14-r1/author/item3/cycles/cycle-045/capture.txt
blob	1617	review-evidence/608-b14-r1/author/item3/cycles/cycle-045/console-after.txt
blob	1617	review-evidence/608-b14-r1/author/item3/cycles/cycle-045/console-before.txt
blob	0	review-evidence/608-b14-r1/author/item3/cycles/cycle-045/cycle-errors.txt
blob	1586	review-evidence/608-b14-r1/author/item3/cycles/cycle-045/cycle.jsonl
blob	654	review-evidence/608-b14-r1/author/item3/cycles/cycle-045/events.jsonl
blob	3190	review-evidence/608-b14-r1/author/item3/cycles/cycle-045/msrp.tsv
blob	147	review-evidence/608-b14-r1/author/item3/cycles/cycle-045/raw-artifacts.json
blob	407	review-evidence/608-b14-r1/author/item3/cycles/cycle-045/result.json
blob	5167	review-evidence/608-b14-r1/author/item3/cycles/cycle-045/snapshot-after.jsonl
blob	5167	review-evidence/608-b14-r1/author/item3/cycles/cycle-045/snapshot-before.jsonl
blob	0	review-evidence/608-b14-r1/author/item3/cycles/cycle-045/snapshot-errors.txt
blob	5167	review-evidence/608-b14-r1/author/item3/cycles/cycle-045/snapshot.jsonl
tree		review-evidence/608-b14-r1/author/item3/cycles/cycle-046
blob	532	review-evidence/608-b14-r1/author/item3/cycles/cycle-046/acmp.tsv
blob	801	review-evidence/608-b14-r1/author/item3/cycles/cycle-046/action.log
blob	1637	review-evidence/608-b14-r1/author/item3/cycles/cycle-046/analysis.json
blob	172	review-evidence/608-b14-r1/author/item3/cycles/cycle-046/capture.txt
blob	1617	review-evidence/608-b14-r1/author/item3/cycles/cycle-046/console-after.txt
blob	1617	review-evidence/608-b14-r1/author/item3/cycles/cycle-046/console-before.txt
blob	0	review-evidence/608-b14-r1/author/item3/cycles/cycle-046/cycle-errors.txt
blob	1586	review-evidence/608-b14-r1/author/item3/cycles/cycle-046/cycle.jsonl
blob	654	review-evidence/608-b14-r1/author/item3/cycles/cycle-046/events.jsonl
blob	3190	review-evidence/608-b14-r1/author/item3/cycles/cycle-046/msrp.tsv
blob	147	review-evidence/608-b14-r1/author/item3/cycles/cycle-046/raw-artifacts.json
blob	407	review-evidence/608-b14-r1/author/item3/cycles/cycle-046/result.json
blob	5165	review-evidence/608-b14-r1/author/item3/cycles/cycle-046/snapshot-after.jsonl
blob	5170	review-evidence/608-b14-r1/author/item3/cycles/cycle-046/snapshot-before.jsonl
blob	0	review-evidence/608-b14-r1/author/item3/cycles/cycle-046/snapshot-errors.txt
blob	5165	review-evidence/608-b14-r1/author/item3/cycles/cycle-046/snapshot.jsonl
tree		review-evidence/608-b14-r1/author/item3/cycles/cycle-047
blob	532	review-evidence/608-b14-r1/author/item3/cycles/cycle-047/acmp.tsv
blob	799	review-evidence/608-b14-r1/author/item3/cycles/cycle-047/action.log
blob	1638	review-evidence/608-b14-r1/author/item3/cycles/cycle-047/analysis.json
blob	172	review-evidence/608-b14-r1/author/item3/cycles/cycle-047/capture.txt
blob	1617	review-evidence/608-b14-r1/author/item3/cycles/cycle-047/console-after.txt
blob	1617	review-evidence/608-b14-r1/author/item3/cycles/cycle-047/console-before.txt
blob	0	review-evidence/608-b14-r1/author/item3/cycles/cycle-047/cycle-errors.txt
blob	1585	review-evidence/608-b14-r1/author/item3/cycles/cycle-047/cycle.jsonl
blob	652	review-evidence/608-b14-r1/author/item3/cycles/cycle-047/events.jsonl
blob	3190	review-evidence/608-b14-r1/author/item3/cycles/cycle-047/msrp.tsv
blob	147	review-evidence/608-b14-r1/author/item3/cycles/cycle-047/raw-artifacts.json
blob	407	review-evidence/608-b14-r1/author/item3/cycles/cycle-047/result.json
blob	5169	review-evidence/608-b14-r1/author/item3/cycles/cycle-047/snapshot-after.jsonl
blob	5168	review-evidence/608-b14-r1/author/item3/cycles/cycle-047/snapshot-before.jsonl
blob	0	review-evidence/608-b14-r1/author/item3/cycles/cycle-047/snapshot-errors.txt
blob	5169	review-evidence/608-b14-r1/author/item3/cycles/cycle-047/snapshot.jsonl
tree		review-evidence/608-b14-r1/author/item3/cycles/cycle-048
blob	532	review-evidence/608-b14-r1/author/item3/cycles/cycle-048/acmp.tsv
blob	801	review-evidence/608-b14-r1/author/item3/cycles/cycle-048/action.log
blob	1638	review-evidence/608-b14-r1/author/item3/cycles/cycle-048/analysis.json
blob	172	review-evidence/608-b14-r1/author/item3/cycles/cycle-048/capture.txt
blob	1617	review-evidence/608-b14-r1/author/item3/cycles/cycle-048/console-after.txt
blob	1617	review-evidence/608-b14-r1/author/item3/cycles/cycle-048/console-before.txt
blob	0	review-evidence/608-b14-r1/author/item3/cycles/cycle-048/cycle-errors.txt
blob	1586	review-evidence/608-b14-r1/author/item3/cycles/cycle-048/cycle.jsonl
blob	654	review-evidence/608-b14-r1/author/item3/cycles/cycle-048/events.jsonl
blob	2979	review-evidence/608-b14-r1/author/item3/cycles/cycle-048/msrp.tsv
blob	147	review-evidence/608-b14-r1/author/item3/cycles/cycle-048/raw-artifacts.json
blob	407	review-evidence/608-b14-r1/author/item3/cycles/cycle-048/result.json
blob	5166	review-evidence/608-b14-r1/author/item3/cycles/cycle-048/snapshot-after.jsonl
blob	5169	review-evidence/608-b14-r1/author/item3/cycles/cycle-048/snapshot-before.jsonl
blob	0	review-evidence/608-b14-r1/author/item3/cycles/cycle-048/snapshot-errors.txt
blob	5166	review-evidence/608-b14-r1/author/item3/cycles/cycle-048/snapshot.jsonl
tree		review-evidence/608-b14-r1/author/item3/cycles/cycle-049
blob	532	review-evidence/608-b14-r1/author/item3/cycles/cycle-049/acmp.tsv
blob	799	review-evidence/608-b14-r1/author/item3/cycles/cycle-049/action.log
blob	1638	review-evidence/608-b14-r1/author/item3/cycles/cycle-049/analysis.json
blob	172	review-evidence/608-b14-r1/author/item3/cycles/cycle-049/capture.txt
blob	1617	review-evidence/608-b14-r1/author/item3/cycles/cycle-049/console-after.txt
blob	1617	review-evidence/608-b14-r1/author/item3/cycles/cycle-049/console-before.txt
blob	0	review-evidence/608-b14-r1/author/item3/cycles/cycle-049/cycle-errors.txt
blob	1587	review-evidence/608-b14-r1/author/item3/cycles/cycle-049/cycle.jsonl
blob	652	review-evidence/608-b14-r1/author/item3/cycles/cycle-049/events.jsonl
blob	3190	review-evidence/608-b14-r1/author/item3/cycles/cycle-049/msrp.tsv
blob	147	review-evidence/608-b14-r1/author/item3/cycles/cycle-049/raw-artifacts.json
blob	407	review-evidence/608-b14-r1/author/item3/cycles/cycle-049/result.json
blob	5167	review-evidence/608-b14-r1/author/item3/cycles/cycle-049/snapshot-after.jsonl
blob	5168	review-evidence/608-b14-r1/author/item3/cycles/cycle-049/snapshot-before.jsonl
blob	0	review-evidence/608-b14-r1/author/item3/cycles/cycle-049/snapshot-errors.txt
blob	5167	review-evidence/608-b14-r1/author/item3/cycles/cycle-049/snapshot.jsonl
tree		review-evidence/608-b14-r1/author/item3/cycles/cycle-050
blob	532	review-evidence/608-b14-r1/author/item3/cycles/cycle-050/acmp.tsv
blob	801	review-evidence/608-b14-r1/author/item3/cycles/cycle-050/action.log
blob	1638	review-evidence/608-b14-r1/author/item3/cycles/cycle-050/analysis.json
blob	172	review-evidence/608-b14-r1/author/item3/cycles/cycle-050/capture.txt
blob	1617	review-evidence/608-b14-r1/author/item3/cycles/cycle-050/console-after.txt
blob	1617	review-evidence/608-b14-r1/author/item3/cycles/cycle-050/console-before.txt
blob	0	review-evidence/608-b14-r1/author/item3/cycles/cycle-050/cycle-errors.txt
blob	1584	review-evidence/608-b14-r1/author/item3/cycles/cycle-050/cycle.jsonl
blob	654	review-evidence/608-b14-r1/author/item3/cycles/cycle-050/events.jsonl
blob	3190	review-evidence/608-b14-r1/author/item3/cycles/cycle-050/msrp.tsv
blob	147	review-evidence/608-b14-r1/author/item3/cycles/cycle-050/raw-artifacts.json
blob	407	review-evidence/608-b14-r1/author/item3/cycles/cycle-050/result.json
blob	5169	review-evidence/608-b14-r1/author/item3/cycles/cycle-050/snapshot-after.jsonl
blob	5166	review-evidence/608-b14-r1/author/item3/cycles/cycle-050/snapshot-before.jsonl
blob	0	review-evidence/608-b14-r1/author/item3/cycles/cycle-050/snapshot-errors.txt
blob	5169	review-evidence/608-b14-r1/author/item3/cycles/cycle-050/snapshot.jsonl
tree		review-evidence/608-b14-r1/author/item3/cycles/cycle-051
blob	532	review-evidence/608-b14-r1/author/item3/cycles/cycle-051/acmp.tsv
blob	800	review-evidence/608-b14-r1/author/item3/cycles/cycle-051/action.log
blob	1637	review-evidence/608-b14-r1/author/item3/cycles/cycle-051/analysis.json
blob	172	review-evidence/608-b14-r1/author/item3/cycles/cycle-051/capture.txt
blob	1617	review-evidence/608-b14-r1/author/item3/cycles/cycle-051/console-after.txt
blob	1617	review-evidence/608-b14-r1/author/item3/cycles/cycle-051/console-before.txt
blob	0	review-evidence/608-b14-r1/author/item3/cycles/cycle-051/cycle-errors.txt
blob	1586	review-evidence/608-b14-r1/author/item3/cycles/cycle-051/cycle.jsonl
blob	653	review-evidence/608-b14-r1/author/item3/cycles/cycle-051/events.jsonl
blob	3190	review-evidence/608-b14-r1/author/item3/cycles/cycle-051/msrp.tsv
blob	147	review-evidence/608-b14-r1/author/item3/cycles/cycle-051/raw-artifacts.json
blob	407	review-evidence/608-b14-r1/author/item3/cycles/cycle-051/result.json
blob	5168	review-evidence/608-b14-r1/author/item3/cycles/cycle-051/snapshot-after.jsonl
blob	5166	review-evidence/608-b14-r1/author/item3/cycles/cycle-051/snapshot-before.jsonl
blob	0	review-evidence/608-b14-r1/author/item3/cycles/cycle-051/snapshot-errors.txt
blob	5168	review-evidence/608-b14-r1/author/item3/cycles/cycle-051/snapshot.jsonl
tree		review-evidence/608-b14-r1/author/item3/cycles/cycle-052
blob	532	review-evidence/608-b14-r1/author/item3/cycles/cycle-052/acmp.tsv
blob	800	review-evidence/608-b14-r1/author/item3/cycles/cycle-052/action.log
blob	1637	review-evidence/608-b14-r1/author/item3/cycles/cycle-052/analysis.json
blob	172	review-evidence/608-b14-r1/author/item3/cycles/cycle-052/capture.txt
blob	1617	review-evidence/608-b14-r1/author/item3/cycles/cycle-052/console-after.txt
blob	1617	review-evidence/608-b14-r1/author/item3/cycles/cycle-052/console-before.txt
blob	0	review-evidence/608-b14-r1/author/item3/cycles/cycle-052/cycle-errors.txt
blob	1586	review-evidence/608-b14-r1/author/item3/cycles/cycle-052/cycle.jsonl
blob	653	review-evidence/608-b14-r1/author/item3/cycles/cycle-052/events.jsonl
blob	3190	review-evidence/608-b14-r1/author/item3/cycles/cycle-052/msrp.tsv
blob	147	review-evidence/608-b14-r1/author/item3/cycles/cycle-052/raw-artifacts.json
blob	407	review-evidence/608-b14-r1/author/item3/cycles/cycle-052/result.json
blob	5163	review-evidence/608-b14-r1/author/item3/cycles/cycle-052/snapshot-after.jsonl
blob	5169	review-evidence/608-b14-r1/author/item3/cycles/cycle-052/snapshot-before.jsonl
blob	0	review-evidence/608-b14-r1/author/item3/cycles/cycle-052/snapshot-errors.txt
blob	5163	review-evidence/608-b14-r1/author/item3/cycles/cycle-052/snapshot.jsonl
tree		review-evidence/608-b14-r1/author/item3/cycles/cycle-053
blob	532	review-evidence/608-b14-r1/author/item3/cycles/cycle-053/acmp.tsv
blob	801	review-evidence/608-b14-r1/author/item3/cycles/cycle-053/action.log
blob	1638	review-evidence/608-b14-r1/author/item3/cycles/cycle-053/analysis.json
blob	172	review-evidence/608-b14-r1/author/item3/cycles/cycle-053/capture.txt
blob	1617	review-evidence/608-b14-r1/author/item3/cycles/cycle-053/console-after.txt
blob	1617	review-evidence/608-b14-r1/author/item3/cycles/cycle-053/console-before.txt
blob	0	review-evidence/608-b14-r1/author/item3/cycles/cycle-053/cycle-errors.txt
blob	1587	review-evidence/608-b14-r1/author/item3/cycles/cycle-053/cycle.jsonl
blob	654	review-evidence/608-b14-r1/author/item3/cycles/cycle-053/events.jsonl
blob	3190	review-evidence/608-b14-r1/author/item3/cycles/cycle-053/msrp.tsv
blob	147	review-evidence/608-b14-r1/author/item3/cycles/cycle-053/raw-artifacts.json
blob	407	review-evidence/608-b14-r1/author/item3/cycles/cycle-053/result.json
blob	5169	review-evidence/608-b14-r1/author/item3/cycles/cycle-053/snapshot-after.jsonl
blob	5168	review-evidence/608-b14-r1/author/item3/cycles/cycle-053/snapshot-before.jsonl
blob	0	review-evidence/608-b14-r1/author/item3/cycles/cycle-053/snapshot-errors.txt
blob	5169	review-evidence/608-b14-r1/author/item3/cycles/cycle-053/snapshot.jsonl
tree		review-evidence/608-b14-r1/author/item3/cycles/cycle-054
blob	532	review-evidence/608-b14-r1/author/item3/cycles/cycle-054/acmp.tsv
blob	801	review-evidence/608-b14-r1/author/item3/cycles/cycle-054/action.log
blob	1638	review-evidence/608-b14-r1/author/item3/cycles/cycle-054/analysis.json
blob	172	review-evidence/608-b14-r1/author/item3/cycles/cycle-054/capture.txt
blob	1617	review-evidence/608-b14-r1/author/item3/cycles/cycle-054/console-after.txt
blob	1617	review-evidence/608-b14-r1/author/item3/cycles/cycle-054/console-before.txt
blob	0	review-evidence/608-b14-r1/author/item3/cycles/cycle-054/cycle-errors.txt
blob	1586	review-evidence/608-b14-r1/author/item3/cycles/cycle-054/cycle.jsonl
blob	654	review-evidence/608-b14-r1/author/item3/cycles/cycle-054/events.jsonl
blob	3190	review-evidence/608-b14-r1/author/item3/cycles/cycle-054/msrp.tsv
blob	147	review-evidence/608-b14-r1/author/item3/cycles/cycle-054/raw-artifacts.json
blob	407	review-evidence/608-b14-r1/author/item3/cycles/cycle-054/result.json
blob	5162	review-evidence/608-b14-r1/author/item3/cycles/cycle-054/snapshot-after.jsonl
blob	5168	review-evidence/608-b14-r1/author/item3/cycles/cycle-054/snapshot-before.jsonl
blob	0	review-evidence/608-b14-r1/author/item3/cycles/cycle-054/snapshot-errors.txt
blob	5162	review-evidence/608-b14-r1/author/item3/cycles/cycle-054/snapshot.jsonl
tree		review-evidence/608-b14-r1/author/item3/cycles/cycle-055
blob	532	review-evidence/608-b14-r1/author/item3/cycles/cycle-055/acmp.tsv
blob	798	review-evidence/608-b14-r1/author/item3/cycles/cycle-055/action.log
blob	1635	review-evidence/608-b14-r1/author/item3/cycles/cycle-055/analysis.json
blob	172	review-evidence/608-b14-r1/author/item3/cycles/cycle-055/capture.txt
blob	1617	review-evidence/608-b14-r1/author/item3/cycles/cycle-055/console-after.txt
blob	1617	review-evidence/608-b14-r1/author/item3/cycles/cycle-055/console-before.txt
blob	0	review-evidence/608-b14-r1/author/item3/cycles/cycle-055/cycle-errors.txt
blob	1586	review-evidence/608-b14-r1/author/item3/cycles/cycle-055/cycle.jsonl
blob	651	review-evidence/608-b14-r1/author/item3/cycles/cycle-055/events.jsonl
blob	3190	review-evidence/608-b14-r1/author/item3/cycles/cycle-055/msrp.tsv
blob	147	review-evidence/608-b14-r1/author/item3/cycles/cycle-055/raw-artifacts.json
blob	406	review-evidence/608-b14-r1/author/item3/cycles/cycle-055/result.json
blob	5167	review-evidence/608-b14-r1/author/item3/cycles/cycle-055/snapshot-after.jsonl
blob	5167	review-evidence/608-b14-r1/author/item3/cycles/cycle-055/snapshot-before.jsonl
blob	0	review-evidence/608-b14-r1/author/item3/cycles/cycle-055/snapshot-errors.txt
blob	5167	review-evidence/608-b14-r1/author/item3/cycles/cycle-055/snapshot.jsonl
tree		review-evidence/608-b14-r1/author/item3/cycles/cycle-056
blob	532	review-evidence/608-b14-r1/author/item3/cycles/cycle-056/acmp.tsv
blob	801	review-evidence/608-b14-r1/author/item3/cycles/cycle-056/action.log
blob	1639	review-evidence/608-b14-r1/author/item3/cycles/cycle-056/analysis.json
blob	172	review-evidence/608-b14-r1/author/item3/cycles/cycle-056/capture.txt
blob	1617	review-evidence/608-b14-r1/author/item3/cycles/cycle-056/console-after.txt
blob	1617	review-evidence/608-b14-r1/author/item3/cycles/cycle-056/console-before.txt
blob	0	review-evidence/608-b14-r1/author/item3/cycles/cycle-056/cycle-errors.txt
blob	1584	review-evidence/608-b14-r1/author/item3/cycles/cycle-056/cycle.jsonl
blob	654	review-evidence/608-b14-r1/author/item3/cycles/cycle-056/events.jsonl
blob	3190	review-evidence/608-b14-r1/author/item3/cycles/cycle-056/msrp.tsv
blob	147	review-evidence/608-b14-r1/author/item3/cycles/cycle-056/raw-artifacts.json
blob	407	review-evidence/608-b14-r1/author/item3/cycles/cycle-056/result.json
blob	5168	review-evidence/608-b14-r1/author/item3/cycles/cycle-056/snapshot-after.jsonl
blob	5167	review-evidence/608-b14-r1/author/item3/cycles/cycle-056/snapshot-before.jsonl
blob	0	review-evidence/608-b14-r1/author/item3/cycles/cycle-056/snapshot-errors.txt
blob	5168	review-evidence/608-b14-r1/author/item3/cycles/cycle-056/snapshot.jsonl
tree		review-evidence/608-b14-r1/author/item3/cycles/cycle-057
blob	532	review-evidence/608-b14-r1/author/item3/cycles/cycle-057/acmp.tsv
blob	800	review-evidence/608-b14-r1/author/item3/cycles/cycle-057/action.log
blob	1637	review-evidence/608-b14-r1/author/item3/cycles/cycle-057/analysis.json
blob	172	review-evidence/608-b14-r1/author/item3/cycles/cycle-057/capture.txt
blob	1617	review-evidence/608-b14-r1/author/item3/cycles/cycle-057/console-after.txt
blob	1617	review-evidence/608-b14-r1/author/item3/cycles/cycle-057/console-before.txt
blob	0	review-evidence/608-b14-r1/author/item3/cycles/cycle-057/cycle-errors.txt
blob	1586	review-evidence/608-b14-r1/author/item3/cycles/cycle-057/cycle.jsonl
blob	653	review-evidence/608-b14-r1/author/item3/cycles/cycle-057/events.jsonl
blob	3190	review-evidence/608-b14-r1/author/item3/cycles/cycle-057/msrp.tsv
blob	147	review-evidence/608-b14-r1/author/item3/cycles/cycle-057/raw-artifacts.json
blob	407	review-evidence/608-b14-r1/author/item3/cycles/cycle-057/result.json
blob	5169	review-evidence/608-b14-r1/author/item3/cycles/cycle-057/snapshot-after.jsonl
blob	5169	review-evidence/608-b14-r1/author/item3/cycles/cycle-057/snapshot-before.jsonl
blob	0	review-evidence/608-b14-r1/author/item3/cycles/cycle-057/snapshot-errors.txt
blob	5169	review-evidence/608-b14-r1/author/item3/cycles/cycle-057/snapshot.jsonl
tree		review-evidence/608-b14-r1/author/item3/cycles/cycle-058
blob	532	review-evidence/608-b14-r1/author/item3/cycles/cycle-058/acmp.tsv
blob	801	review-evidence/608-b14-r1/author/item3/cycles/cycle-058/action.log
blob	1639	review-evidence/608-b14-r1/author/item3/cycles/cycle-058/analysis.json
blob	172	review-evidence/608-b14-r1/author/item3/cycles/cycle-058/capture.txt
blob	1617	review-evidence/608-b14-r1/author/item3/cycles/cycle-058/console-after.txt
blob	1617	review-evidence/608-b14-r1/author/item3/cycles/cycle-058/console-before.txt
blob	0	review-evidence/608-b14-r1/author/item3/cycles/cycle-058/cycle-errors.txt
blob	1584	review-evidence/608-b14-r1/author/item3/cycles/cycle-058/cycle.jsonl
blob	654	review-evidence/608-b14-r1/author/item3/cycles/cycle-058/events.jsonl
blob	3190	review-evidence/608-b14-r1/author/item3/cycles/cycle-058/msrp.tsv
blob	147	review-evidence/608-b14-r1/author/item3/cycles/cycle-058/raw-artifacts.json
blob	407	review-evidence/608-b14-r1/author/item3/cycles/cycle-058/result.json
blob	5169	review-evidence/608-b14-r1/author/item3/cycles/cycle-058/snapshot-after.jsonl
blob	5168	review-evidence/608-b14-r1/author/item3/cycles/cycle-058/snapshot-before.jsonl
blob	0	review-evidence/608-b14-r1/author/item3/cycles/cycle-058/snapshot-errors.txt
blob	5169	review-evidence/608-b14-r1/author/item3/cycles/cycle-058/snapshot.jsonl
tree		review-evidence/608-b14-r1/author/item3/cycles/cycle-059
blob	532	review-evidence/608-b14-r1/author/item3/cycles/cycle-059/acmp.tsv
blob	800	review-evidence/608-b14-r1/author/item3/cycles/cycle-059/action.log
blob	1639	review-evidence/608-b14-r1/author/item3/cycles/cycle-059/analysis.json
blob	172	review-evidence/608-b14-r1/author/item3/cycles/cycle-059/capture.txt
blob	1617	review-evidence/608-b14-r1/author/item3/cycles/cycle-059/console-after.txt
blob	1617	review-evidence/608-b14-r1/author/item3/cycles/cycle-059/console-before.txt
blob	0	review-evidence/608-b14-r1/author/item3/cycles/cycle-059/cycle-errors.txt
blob	1587	review-evidence/608-b14-r1/author/item3/cycles/cycle-059/cycle.jsonl
blob	653	review-evidence/608-b14-r1/author/item3/cycles/cycle-059/events.jsonl
blob	2979	review-evidence/608-b14-r1/author/item3/cycles/cycle-059/msrp.tsv
blob	147	review-evidence/608-b14-r1/author/item3/cycles/cycle-059/raw-artifacts.json
blob	407	review-evidence/608-b14-r1/author/item3/cycles/cycle-059/result.json
blob	5169	review-evidence/608-b14-r1/author/item3/cycles/cycle-059/snapshot-after.jsonl
blob	5170	review-evidence/608-b14-r1/author/item3/cycles/cycle-059/snapshot-before.jsonl
blob	0	review-evidence/608-b14-r1/author/item3/cycles/cycle-059/snapshot-errors.txt
blob	5169	review-evidence/608-b14-r1/author/item3/cycles/cycle-059/snapshot.jsonl
tree		review-evidence/608-b14-r1/author/item3/cycles/cycle-060
blob	532	review-evidence/608-b14-r1/author/item3/cycles/cycle-060/acmp.tsv
blob	796	review-evidence/608-b14-r1/author/item3/cycles/cycle-060/action.log
blob	1636	review-evidence/608-b14-r1/author/item3/cycles/cycle-060/analysis.json
blob	172	review-evidence/608-b14-r1/author/item3/cycles/cycle-060/capture.txt
blob	1617	review-evidence/608-b14-r1/author/item3/cycles/cycle-060/console-after.txt
blob	1617	review-evidence/608-b14-r1/author/item3/cycles/cycle-060/console-before.txt
blob	0	review-evidence/608-b14-r1/author/item3/cycles/cycle-060/cycle-errors.txt
blob	1584	review-evidence/608-b14-r1/author/item3/cycles/cycle-060/cycle.jsonl
blob	649	review-evidence/608-b14-r1/author/item3/cycles/cycle-060/events.jsonl
blob	3190	review-evidence/608-b14-r1/author/item3/cycles/cycle-060/msrp.tsv
blob	147	review-evidence/608-b14-r1/author/item3/cycles/cycle-060/raw-artifacts.json
blob	406	review-evidence/608-b14-r1/author/item3/cycles/cycle-060/result.json
blob	5164	review-evidence/608-b14-r1/author/item3/cycles/cycle-060/snapshot-after.jsonl
blob	5168	review-evidence/608-b14-r1/author/item3/cycles/cycle-060/snapshot-before.jsonl
blob	0	review-evidence/608-b14-r1/author/item3/cycles/cycle-060/snapshot-errors.txt
blob	5164	review-evidence/608-b14-r1/author/item3/cycles/cycle-060/snapshot.jsonl
tree		review-evidence/608-b14-r1/author/item3/cycles/cycle-061
blob	532	review-evidence/608-b14-r1/author/item3/cycles/cycle-061/acmp.tsv
blob	800	review-evidence/608-b14-r1/author/item3/cycles/cycle-061/action.log
blob	1638	review-evidence/608-b14-r1/author/item3/cycles/cycle-061/analysis.json
blob	172	review-evidence/608-b14-r1/author/item3/cycles/cycle-061/capture.txt
blob	1617	review-evidence/608-b14-r1/author/item3/cycles/cycle-061/console-after.txt
blob	1617	review-evidence/608-b14-r1/author/item3/cycles/cycle-061/console-before.txt
blob	0	review-evidence/608-b14-r1/author/item3/cycles/cycle-061/cycle-errors.txt
blob	1585	review-evidence/608-b14-r1/author/item3/cycles/cycle-061/cycle.jsonl
blob	653	review-evidence/608-b14-r1/author/item3/cycles/cycle-061/events.jsonl
blob	3190	review-evidence/608-b14-r1/author/item3/cycles/cycle-061/msrp.tsv
blob	147	review-evidence/608-b14-r1/author/item3/cycles/cycle-061/raw-artifacts.json
blob	407	review-evidence/608-b14-r1/author/item3/cycles/cycle-061/result.json
blob	5166	review-evidence/608-b14-r1/author/item3/cycles/cycle-061/snapshot-after.jsonl
blob	5169	review-evidence/608-b14-r1/author/item3/cycles/cycle-061/snapshot-before.jsonl
blob	0	review-evidence/608-b14-r1/author/item3/cycles/cycle-061/snapshot-errors.txt
blob	5166	review-evidence/608-b14-r1/author/item3/cycles/cycle-061/snapshot.jsonl
tree		review-evidence/608-b14-r1/author/item3/cycles/cycle-062
blob	532	review-evidence/608-b14-r1/author/item3/cycles/cycle-062/acmp.tsv
blob	799	review-evidence/608-b14-r1/author/item3/cycles/cycle-062/action.log
blob	1636	review-evidence/608-b14-r1/author/item3/cycles/cycle-062/analysis.json
blob	172	review-evidence/608-b14-r1/author/item3/cycles/cycle-062/capture.txt
blob	1617	review-evidence/608-b14-r1/author/item3/cycles/cycle-062/console-after.txt
blob	1617	review-evidence/608-b14-r1/author/item3/cycles/cycle-062/console-before.txt
blob	0	review-evidence/608-b14-r1/author/item3/cycles/cycle-062/cycle-errors.txt
blob	1584	review-evidence/608-b14-r1/author/item3/cycles/cycle-062/cycle.jsonl
blob	652	review-evidence/608-b14-r1/author/item3/cycles/cycle-062/events.jsonl
blob	3190	review-evidence/608-b14-r1/author/item3/cycles/cycle-062/msrp.tsv
blob	147	review-evidence/608-b14-r1/author/item3/cycles/cycle-062/raw-artifacts.json
blob	407	review-evidence/608-b14-r1/author/item3/cycles/cycle-062/result.json
blob	5166	review-evidence/608-b14-r1/author/item3/cycles/cycle-062/snapshot-after.jsonl
blob	5167	review-evidence/608-b14-r1/author/item3/cycles/cycle-062/snapshot-before.jsonl
blob	0	review-evidence/608-b14-r1/author/item3/cycles/cycle-062/snapshot-errors.txt
blob	5166	review-evidence/608-b14-r1/author/item3/cycles/cycle-062/snapshot.jsonl
tree		review-evidence/608-b14-r1/author/item3/cycles/cycle-063
blob	532	review-evidence/608-b14-r1/author/item3/cycles/cycle-063/acmp.tsv
blob	801	review-evidence/608-b14-r1/author/item3/cycles/cycle-063/action.log
blob	1639	review-evidence/608-b14-r1/author/item3/cycles/cycle-063/analysis.json
blob	172	review-evidence/608-b14-r1/author/item3/cycles/cycle-063/capture.txt
blob	1617	review-evidence/608-b14-r1/author/item3/cycles/cycle-063/console-after.txt
blob	1617	review-evidence/608-b14-r1/author/item3/cycles/cycle-063/console-before.txt
blob	0	review-evidence/608-b14-r1/author/item3/cycles/cycle-063/cycle-errors.txt
blob	1587	review-evidence/608-b14-r1/author/item3/cycles/cycle-063/cycle.jsonl
blob	654	review-evidence/608-b14-r1/author/item3/cycles/cycle-063/events.jsonl
blob	3190	review-evidence/608-b14-r1/author/item3/cycles/cycle-063/msrp.tsv
blob	147	review-evidence/608-b14-r1/author/item3/cycles/cycle-063/raw-artifacts.json
blob	407	review-evidence/608-b14-r1/author/item3/cycles/cycle-063/result.json
blob	5167	review-evidence/608-b14-r1/author/item3/cycles/cycle-063/snapshot-after.jsonl
blob	5166	review-evidence/608-b14-r1/author/item3/cycles/cycle-063/snapshot-before.jsonl
blob	0	review-evidence/608-b14-r1/author/item3/cycles/cycle-063/snapshot-errors.txt
blob	5167	review-evidence/608-b14-r1/author/item3/cycles/cycle-063/snapshot.jsonl
tree		review-evidence/608-b14-r1/author/item3/cycles/cycle-064
blob	532	review-evidence/608-b14-r1/author/item3/cycles/cycle-064/acmp.tsv
blob	798	review-evidence/608-b14-r1/author/item3/cycles/cycle-064/action.log
blob	1638	review-evidence/608-b14-r1/author/item3/cycles/cycle-064/analysis.json
blob	172	review-evidence/608-b14-r1/author/item3/cycles/cycle-064/capture.txt
blob	1617	review-evidence/608-b14-r1/author/item3/cycles/cycle-064/console-after.txt
blob	1617	review-evidence/608-b14-r1/author/item3/cycles/cycle-064/console-before.txt
blob	0	review-evidence/608-b14-r1/author/item3/cycles/cycle-064/cycle-errors.txt
blob	1584	review-evidence/608-b14-r1/author/item3/cycles/cycle-064/cycle.jsonl
blob	651	review-evidence/608-b14-r1/author/item3/cycles/cycle-064/events.jsonl
blob	3129	review-evidence/608-b14-r1/author/item3/cycles/cycle-064/msrp.tsv
blob	147	review-evidence/608-b14-r1/author/item3/cycles/cycle-064/raw-artifacts.json
blob	406	review-evidence/608-b14-r1/author/item3/cycles/cycle-064/result.json
blob	5169	review-evidence/608-b14-r1/author/item3/cycles/cycle-064/snapshot-after.jsonl
blob	5170	review-evidence/608-b14-r1/author/item3/cycles/cycle-064/snapshot-before.jsonl
blob	0	review-evidence/608-b14-r1/author/item3/cycles/cycle-064/snapshot-errors.txt
blob	5169	review-evidence/608-b14-r1/author/item3/cycles/cycle-064/snapshot.jsonl
tree		review-evidence/608-b14-r1/author/item3/cycles/cycle-065
blob	532	review-evidence/608-b14-r1/author/item3/cycles/cycle-065/acmp.tsv
blob	799	review-evidence/608-b14-r1/author/item3/cycles/cycle-065/action.log
blob	1633	review-evidence/608-b14-r1/author/item3/cycles/cycle-065/analysis.json
blob	172	review-evidence/608-b14-r1/author/item3/cycles/cycle-065/capture.txt
blob	1617	review-evidence/608-b14-r1/author/item3/cycles/cycle-065/console-after.txt
blob	1617	review-evidence/608-b14-r1/author/item3/cycles/cycle-065/console-before.txt
blob	0	review-evidence/608-b14-r1/author/item3/cycles/cycle-065/cycle-errors.txt
blob	1585	review-evidence/608-b14-r1/author/item3/cycles/cycle-065/cycle.jsonl
blob	652	review-evidence/608-b14-r1/author/item3/cycles/cycle-065/events.jsonl
blob	3190	review-evidence/608-b14-r1/author/item3/cycles/cycle-065/msrp.tsv
blob	147	review-evidence/608-b14-r1/author/item3/cycles/cycle-065/raw-artifacts.json
blob	406	review-evidence/608-b14-r1/author/item3/cycles/cycle-065/result.json
blob	5168	review-evidence/608-b14-r1/author/item3/cycles/cycle-065/snapshot-after.jsonl
blob	5165	review-evidence/608-b14-r1/author/item3/cycles/cycle-065/snapshot-before.jsonl
blob	0	review-evidence/608-b14-r1/author/item3/cycles/cycle-065/snapshot-errors.txt
blob	5168	review-evidence/608-b14-r1/author/item3/cycles/cycle-065/snapshot.jsonl
tree		review-evidence/608-b14-r1/author/item3/cycles/cycle-066
blob	532	review-evidence/608-b14-r1/author/item3/cycles/cycle-066/acmp.tsv
blob	800	review-evidence/608-b14-r1/author/item3/cycles/cycle-066/action.log
blob	1638	review-evidence/608-b14-r1/author/item3/cycles/cycle-066/analysis.json
blob	172	review-evidence/608-b14-r1/author/item3/cycles/cycle-066/capture.txt
blob	1617	review-evidence/608-b14-r1/author/item3/cycles/cycle-066/console-after.txt
blob	1617	review-evidence/608-b14-r1/author/item3/cycles/cycle-066/console-before.txt
blob	0	review-evidence/608-b14-r1/author/item3/cycles/cycle-066/cycle-errors.txt
blob	1586	review-evidence/608-b14-r1/author/item3/cycles/cycle-066/cycle.jsonl
blob	653	review-evidence/608-b14-r1/author/item3/cycles/cycle-066/events.jsonl
blob	3190	review-evidence/608-b14-r1/author/item3/cycles/cycle-066/msrp.tsv
blob	147	review-evidence/608-b14-r1/author/item3/cycles/cycle-066/raw-artifacts.json
blob	407	review-evidence/608-b14-r1/author/item3/cycles/cycle-066/result.json
blob	5164	review-evidence/608-b14-r1/author/item3/cycles/cycle-066/snapshot-after.jsonl
blob	5170	review-evidence/608-b14-r1/author/item3/cycles/cycle-066/snapshot-before.jsonl
blob	0	review-evidence/608-b14-r1/author/item3/cycles/cycle-066/snapshot-errors.txt
blob	5164	review-evidence/608-b14-r1/author/item3/cycles/cycle-066/snapshot.jsonl
tree		review-evidence/608-b14-r1/author/item3/cycles/cycle-067
blob	532	review-evidence/608-b14-r1/author/item3/cycles/cycle-067/acmp.tsv
blob	798	review-evidence/608-b14-r1/author/item3/cycles/cycle-067/action.log
blob	1637	review-evidence/608-b14-r1/author/item3/cycles/cycle-067/analysis.json
blob	172	review-evidence/608-b14-r1/author/item3/cycles/cycle-067/capture.txt
blob	1617	review-evidence/608-b14-r1/author/item3/cycles/cycle-067/console-after.txt
blob	1617	review-evidence/608-b14-r1/author/item3/cycles/cycle-067/console-before.txt
blob	0	review-evidence/608-b14-r1/author/item3/cycles/cycle-067/cycle-errors.txt
blob	1585	review-evidence/608-b14-r1/author/item3/cycles/cycle-067/cycle.jsonl
blob	651	review-evidence/608-b14-r1/author/item3/cycles/cycle-067/events.jsonl
blob	3190	review-evidence/608-b14-r1/author/item3/cycles/cycle-067/msrp.tsv
blob	147	review-evidence/608-b14-r1/author/item3/cycles/cycle-067/raw-artifacts.json
blob	407	review-evidence/608-b14-r1/author/item3/cycles/cycle-067/result.json
blob	5164	review-evidence/608-b14-r1/author/item3/cycles/cycle-067/snapshot-after.jsonl
blob	5169	review-evidence/608-b14-r1/author/item3/cycles/cycle-067/snapshot-before.jsonl
blob	0	review-evidence/608-b14-r1/author/item3/cycles/cycle-067/snapshot-errors.txt
blob	5164	review-evidence/608-b14-r1/author/item3/cycles/cycle-067/snapshot.jsonl
tree		review-evidence/608-b14-r1/author/item3/cycles/cycle-068
blob	532	review-evidence/608-b14-r1/author/item3/cycles/cycle-068/acmp.tsv
blob	800	review-evidence/608-b14-r1/author/item3/cycles/cycle-068/action.log
blob	1637	review-evidence/608-b14-r1/author/item3/cycles/cycle-068/analysis.json
blob	172	review-evidence/608-b14-r1/author/item3/cycles/cycle-068/capture.txt
blob	1617	review-evidence/608-b14-r1/author/item3/cycles/cycle-068/console-after.txt
blob	1617	review-evidence/608-b14-r1/author/item3/cycles/cycle-068/console-before.txt
blob	0	review-evidence/608-b14-r1/author/item3/cycles/cycle-068/cycle-errors.txt
blob	1585	review-evidence/608-b14-r1/author/item3/cycles/cycle-068/cycle.jsonl
blob	653	review-evidence/608-b14-r1/author/item3/cycles/cycle-068/events.jsonl
blob	3190	review-evidence/608-b14-r1/author/item3/cycles/cycle-068/msrp.tsv
blob	147	review-evidence/608-b14-r1/author/item3/cycles/cycle-068/raw-artifacts.json
blob	406	review-evidence/608-b14-r1/author/item3/cycles/cycle-068/result.json
blob	5167	review-evidence/608-b14-r1/author/item3/cycles/cycle-068/snapshot-after.jsonl
blob	5168	review-evidence/608-b14-r1/author/item3/cycles/cycle-068/snapshot-before.jsonl
blob	0	review-evidence/608-b14-r1/author/item3/cycles/cycle-068/snapshot-errors.txt
blob	5167	review-evidence/608-b14-r1/author/item3/cycles/cycle-068/snapshot.jsonl
tree		review-evidence/608-b14-r1/author/item3/cycles/cycle-069
blob	532	review-evidence/608-b14-r1/author/item3/cycles/cycle-069/acmp.tsv
blob	800	review-evidence/608-b14-r1/author/item3/cycles/cycle-069/action.log
blob	1638	review-evidence/608-b14-r1/author/item3/cycles/cycle-069/analysis.json
blob	172	review-evidence/608-b14-r1/author/item3/cycles/cycle-069/capture.txt
blob	1617	review-evidence/608-b14-r1/author/item3/cycles/cycle-069/console-after.txt
blob	1617	review-evidence/608-b14-r1/author/item3/cycles/cycle-069/console-before.txt
blob	0	review-evidence/608-b14-r1/author/item3/cycles/cycle-069/cycle-errors.txt
blob	1587	review-evidence/608-b14-r1/author/item3/cycles/cycle-069/cycle.jsonl
blob	653	review-evidence/608-b14-r1/author/item3/cycles/cycle-069/events.jsonl
blob	3190	review-evidence/608-b14-r1/author/item3/cycles/cycle-069/msrp.tsv
blob	147	review-evidence/608-b14-r1/author/item3/cycles/cycle-069/raw-artifacts.json
blob	407	review-evidence/608-b14-r1/author/item3/cycles/cycle-069/result.json
blob	5168	review-evidence/608-b14-r1/author/item3/cycles/cycle-069/snapshot-after.jsonl
blob	5166	review-evidence/608-b14-r1/author/item3/cycles/cycle-069/snapshot-before.jsonl
blob	0	review-evidence/608-b14-r1/author/item3/cycles/cycle-069/snapshot-errors.txt
blob	5168	review-evidence/608-b14-r1/author/item3/cycles/cycle-069/snapshot.jsonl
tree		review-evidence/608-b14-r1/author/item3/cycles/cycle-070
blob	532	review-evidence/608-b14-r1/author/item3/cycles/cycle-070/acmp.tsv
blob	799	review-evidence/608-b14-r1/author/item3/cycles/cycle-070/action.log
blob	1638	review-evidence/608-b14-r1/author/item3/cycles/cycle-070/analysis.json
blob	172	review-evidence/608-b14-r1/author/item3/cycles/cycle-070/capture.txt
blob	1617	review-evidence/608-b14-r1/author/item3/cycles/cycle-070/console-after.txt
blob	1617	review-evidence/608-b14-r1/author/item3/cycles/cycle-070/console-before.txt
blob	0	review-evidence/608-b14-r1/author/item3/cycles/cycle-070/cycle-errors.txt
blob	1584	review-evidence/608-b14-r1/author/item3/cycles/cycle-070/cycle.jsonl
blob	652	review-evidence/608-b14-r1/author/item3/cycles/cycle-070/events.jsonl
blob	3190	review-evidence/608-b14-r1/author/item3/cycles/cycle-070/msrp.tsv
blob	147	review-evidence/608-b14-r1/author/item3/cycles/cycle-070/raw-artifacts.json
blob	406	review-evidence/608-b14-r1/author/item3/cycles/cycle-070/result.json
blob	5164	review-evidence/608-b14-r1/author/item3/cycles/cycle-070/snapshot-after.jsonl
blob	5168	review-evidence/608-b14-r1/author/item3/cycles/cycle-070/snapshot-before.jsonl
blob	0	review-evidence/608-b14-r1/author/item3/cycles/cycle-070/snapshot-errors.txt
blob	5164	review-evidence/608-b14-r1/author/item3/cycles/cycle-070/snapshot.jsonl
tree		review-evidence/608-b14-r1/author/item3/cycles/cycle-071
blob	532	review-evidence/608-b14-r1/author/item3/cycles/cycle-071/acmp.tsv
blob	799	review-evidence/608-b14-r1/author/item3/cycles/cycle-071/action.log
blob	1639	review-evidence/608-b14-r1/author/item3/cycles/cycle-071/analysis.json
blob	172	review-evidence/608-b14-r1/author/item3/cycles/cycle-071/capture.txt
blob	1617	review-evidence/608-b14-r1/author/item3/cycles/cycle-071/console-after.txt
blob	1617	review-evidence/608-b14-r1/author/item3/cycles/cycle-071/console-before.txt
blob	0	review-evidence/608-b14-r1/author/item3/cycles/cycle-071/cycle-errors.txt
blob	1584	review-evidence/608-b14-r1/author/item3/cycles/cycle-071/cycle.jsonl
blob	652	review-evidence/608-b14-r1/author/item3/cycles/cycle-071/events.jsonl
blob	3190	review-evidence/608-b14-r1/author/item3/cycles/cycle-071/msrp.tsv
blob	147	review-evidence/608-b14-r1/author/item3/cycles/cycle-071/raw-artifacts.json
blob	407	review-evidence/608-b14-r1/author/item3/cycles/cycle-071/result.json
blob	5170	review-evidence/608-b14-r1/author/item3/cycles/cycle-071/snapshot-after.jsonl
blob	5163	review-evidence/608-b14-r1/author/item3/cycles/cycle-071/snapshot-before.jsonl
blob	0	review-evidence/608-b14-r1/author/item3/cycles/cycle-071/snapshot-errors.txt
blob	5170	review-evidence/608-b14-r1/author/item3/cycles/cycle-071/snapshot.jsonl
tree		review-evidence/608-b14-r1/author/item3/cycles/cycle-072
blob	532	review-evidence/608-b14-r1/author/item3/cycles/cycle-072/acmp.tsv
blob	800	review-evidence/608-b14-r1/author/item3/cycles/cycle-072/action.log
blob	1638	review-evidence/608-b14-r1/author/item3/cycles/cycle-072/analysis.json
blob	172	review-evidence/608-b14-r1/author/item3/cycles/cycle-072/capture.txt
blob	1617	review-evidence/608-b14-r1/author/item3/cycles/cycle-072/console-after.txt
blob	1617	review-evidence/608-b14-r1/author/item3/cycles/cycle-072/console-before.txt
blob	0	review-evidence/608-b14-r1/author/item3/cycles/cycle-072/cycle-errors.txt
blob	1586	review-evidence/608-b14-r1/author/item3/cycles/cycle-072/cycle.jsonl
blob	653	review-evidence/608-b14-r1/author/item3/cycles/cycle-072/events.jsonl
blob	3190	review-evidence/608-b14-r1/author/item3/cycles/cycle-072/msrp.tsv
blob	147	review-evidence/608-b14-r1/author/item3/cycles/cycle-072/raw-artifacts.json
blob	407	review-evidence/608-b14-r1/author/item3/cycles/cycle-072/result.json
blob	5167	review-evidence/608-b14-r1/author/item3/cycles/cycle-072/snapshot-after.jsonl
blob	5167	review-evidence/608-b14-r1/author/item3/cycles/cycle-072/snapshot-before.jsonl
blob	0	review-evidence/608-b14-r1/author/item3/cycles/cycle-072/snapshot-errors.txt
blob	5167	review-evidence/608-b14-r1/author/item3/cycles/cycle-072/snapshot.jsonl
tree		review-evidence/608-b14-r1/author/item3/cycles/cycle-073
blob	532	review-evidence/608-b14-r1/author/item3/cycles/cycle-073/acmp.tsv
blob	800	review-evidence/608-b14-r1/author/item3/cycles/cycle-073/action.log
blob	1635	review-evidence/608-b14-r1/author/item3/cycles/cycle-073/analysis.json
blob	172	review-evidence/608-b14-r1/author/item3/cycles/cycle-073/capture.txt
blob	1617	review-evidence/608-b14-r1/author/item3/cycles/cycle-073/console-after.txt
blob	1617	review-evidence/608-b14-r1/author/item3/cycles/cycle-073/console-before.txt
blob	0	review-evidence/608-b14-r1/author/item3/cycles/cycle-073/cycle-errors.txt
blob	1585	review-evidence/608-b14-r1/author/item3/cycles/cycle-073/cycle.jsonl
blob	653	review-evidence/608-b14-r1/author/item3/cycles/cycle-073/events.jsonl
blob	3190	review-evidence/608-b14-r1/author/item3/cycles/cycle-073/msrp.tsv
blob	147	review-evidence/608-b14-r1/author/item3/cycles/cycle-073/raw-artifacts.json
blob	407	review-evidence/608-b14-r1/author/item3/cycles/cycle-073/result.json
blob	5170	review-evidence/608-b14-r1/author/item3/cycles/cycle-073/snapshot-after.jsonl
blob	5167	review-evidence/608-b14-r1/author/item3/cycles/cycle-073/snapshot-before.jsonl
blob	0	review-evidence/608-b14-r1/author/item3/cycles/cycle-073/snapshot-errors.txt
blob	5170	review-evidence/608-b14-r1/author/item3/cycles/cycle-073/snapshot.jsonl
tree		review-evidence/608-b14-r1/author/item3/cycles/cycle-074
blob	532	review-evidence/608-b14-r1/author/item3/cycles/cycle-074/acmp.tsv
blob	799	review-evidence/608-b14-r1/author/item3/cycles/cycle-074/action.log
blob	1638	review-evidence/608-b14-r1/author/item3/cycles/cycle-074/analysis.json
blob	172	review-evidence/608-b14-r1/author/item3/cycles/cycle-074/capture.txt
blob	1617	review-evidence/608-b14-r1/author/item3/cycles/cycle-074/console-after.txt
blob	1617	review-evidence/608-b14-r1/author/item3/cycles/cycle-074/console-before.txt
blob	0	review-evidence/608-b14-r1/author/item3/cycles/cycle-074/cycle-errors.txt
blob	1584	review-evidence/608-b14-r1/author/item3/cycles/cycle-074/cycle.jsonl
blob	652	review-evidence/608-b14-r1/author/item3/cycles/cycle-074/events.jsonl
blob	3190	review-evidence/608-b14-r1/author/item3/cycles/cycle-074/msrp.tsv
blob	147	review-evidence/608-b14-r1/author/item3/cycles/cycle-074/raw-artifacts.json
blob	406	review-evidence/608-b14-r1/author/item3/cycles/cycle-074/result.json
blob	5164	review-evidence/608-b14-r1/author/item3/cycles/cycle-074/snapshot-after.jsonl
blob	5166	review-evidence/608-b14-r1/author/item3/cycles/cycle-074/snapshot-before.jsonl
blob	0	review-evidence/608-b14-r1/author/item3/cycles/cycle-074/snapshot-errors.txt
blob	5164	review-evidence/608-b14-r1/author/item3/cycles/cycle-074/snapshot.jsonl
tree		review-evidence/608-b14-r1/author/item3/cycles/cycle-075
blob	532	review-evidence/608-b14-r1/author/item3/cycles/cycle-075/acmp.tsv
blob	801	review-evidence/608-b14-r1/author/item3/cycles/cycle-075/action.log
blob	1639	review-evidence/608-b14-r1/author/item3/cycles/cycle-075/analysis.json
blob	172	review-evidence/608-b14-r1/author/item3/cycles/cycle-075/capture.txt
blob	1617	review-evidence/608-b14-r1/author/item3/cycles/cycle-075/console-after.txt
blob	1617	review-evidence/608-b14-r1/author/item3/cycles/cycle-075/console-before.txt
blob	0	review-evidence/608-b14-r1/author/item3/cycles/cycle-075/cycle-errors.txt
blob	1587	review-evidence/608-b14-r1/author/item3/cycles/cycle-075/cycle.jsonl
blob	654	review-evidence/608-b14-r1/author/item3/cycles/cycle-075/events.jsonl
blob	3190	review-evidence/608-b14-r1/author/item3/cycles/cycle-075/msrp.tsv
blob	147	review-evidence/608-b14-r1/author/item3/cycles/cycle-075/raw-artifacts.json
blob	407	review-evidence/608-b14-r1/author/item3/cycles/cycle-075/result.json
blob	5165	review-evidence/608-b14-r1/author/item3/cycles/cycle-075/snapshot-after.jsonl
blob	5169	review-evidence/608-b14-r1/author/item3/cycles/cycle-075/snapshot-before.jsonl
blob	0	review-evidence/608-b14-r1/author/item3/cycles/cycle-075/snapshot-errors.txt
blob	5165	review-evidence/608-b14-r1/author/item3/cycles/cycle-075/snapshot.jsonl
tree		review-evidence/608-b14-r1/author/item3/cycles/cycle-076
blob	532	review-evidence/608-b14-r1/author/item3/cycles/cycle-076/acmp.tsv
blob	800	review-evidence/608-b14-r1/author/item3/cycles/cycle-076/action.log
blob	1638	review-evidence/608-b14-r1/author/item3/cycles/cycle-076/analysis.json
blob	172	review-evidence/608-b14-r1/author/item3/cycles/cycle-076/capture.txt
blob	1617	review-evidence/608-b14-r1/author/item3/cycles/cycle-076/console-after.txt
blob	1617	review-evidence/608-b14-r1/author/item3/cycles/cycle-076/console-before.txt
blob	0	review-evidence/608-b14-r1/author/item3/cycles/cycle-076/cycle-errors.txt
blob	1585	review-evidence/608-b14-r1/author/item3/cycles/cycle-076/cycle.jsonl
blob	653	review-evidence/608-b14-r1/author/item3/cycles/cycle-076/events.jsonl
blob	3136	review-evidence/608-b14-r1/author/item3/cycles/cycle-076/msrp.tsv
blob	147	review-evidence/608-b14-r1/author/item3/cycles/cycle-076/raw-artifacts.json
blob	407	review-evidence/608-b14-r1/author/item3/cycles/cycle-076/result.json
blob	5168	review-evidence/608-b14-r1/author/item3/cycles/cycle-076/snapshot-after.jsonl
blob	5166	review-evidence/608-b14-r1/author/item3/cycles/cycle-076/snapshot-before.jsonl
blob	0	review-evidence/608-b14-r1/author/item3/cycles/cycle-076/snapshot-errors.txt
blob	5168	review-evidence/608-b14-r1/author/item3/cycles/cycle-076/snapshot.jsonl
tree		review-evidence/608-b14-r1/author/item3/cycles/cycle-077
blob	532	review-evidence/608-b14-r1/author/item3/cycles/cycle-077/acmp.tsv
blob	800	review-evidence/608-b14-r1/author/item3/cycles/cycle-077/action.log
blob	1638	review-evidence/608-b14-r1/author/item3/cycles/cycle-077/analysis.json
blob	172	review-evidence/608-b14-r1/author/item3/cycles/cycle-077/capture.txt
blob	1617	review-evidence/608-b14-r1/author/item3/cycles/cycle-077/console-after.txt
blob	1617	review-evidence/608-b14-r1/author/item3/cycles/cycle-077/console-before.txt
blob	0	review-evidence/608-b14-r1/author/item3/cycles/cycle-077/cycle-errors.txt
blob	1585	review-evidence/608-b14-r1/author/item3/cycles/cycle-077/cycle.jsonl
blob	653	review-evidence/608-b14-r1/author/item3/cycles/cycle-077/events.jsonl
blob	2914	review-evidence/608-b14-r1/author/item3/cycles/cycle-077/msrp.tsv
blob	147	review-evidence/608-b14-r1/author/item3/cycles/cycle-077/raw-artifacts.json
blob	407	review-evidence/608-b14-r1/author/item3/cycles/cycle-077/result.json
blob	5169	review-evidence/608-b14-r1/author/item3/cycles/cycle-077/snapshot-after.jsonl
blob	5168	review-evidence/608-b14-r1/author/item3/cycles/cycle-077/snapshot-before.jsonl
blob	0	review-evidence/608-b14-r1/author/item3/cycles/cycle-077/snapshot-errors.txt
blob	5169	review-evidence/608-b14-r1/author/item3/cycles/cycle-077/snapshot.jsonl
tree		review-evidence/608-b14-r1/author/item3/cycles/cycle-078
blob	532	review-evidence/608-b14-r1/author/item3/cycles/cycle-078/acmp.tsv
blob	799	review-evidence/608-b14-r1/author/item3/cycles/cycle-078/action.log
blob	1638	review-evidence/608-b14-r1/author/item3/cycles/cycle-078/analysis.json
blob	172	review-evidence/608-b14-r1/author/item3/cycles/cycle-078/capture.txt
blob	1617	review-evidence/608-b14-r1/author/item3/cycles/cycle-078/console-after.txt
blob	1617	review-evidence/608-b14-r1/author/item3/cycles/cycle-078/console-before.txt
blob	0	review-evidence/608-b14-r1/author/item3/cycles/cycle-078/cycle-errors.txt
blob	1587	review-evidence/608-b14-r1/author/item3/cycles/cycle-078/cycle.jsonl
blob	652	review-evidence/608-b14-r1/author/item3/cycles/cycle-078/events.jsonl
blob	3136	review-evidence/608-b14-r1/author/item3/cycles/cycle-078/msrp.tsv
blob	147	review-evidence/608-b14-r1/author/item3/cycles/cycle-078/raw-artifacts.json
blob	406	review-evidence/608-b14-r1/author/item3/cycles/cycle-078/result.json
blob	5168	review-evidence/608-b14-r1/author/item3/cycles/cycle-078/snapshot-after.jsonl
blob	5167	review-evidence/608-b14-r1/author/item3/cycles/cycle-078/snapshot-before.jsonl
blob	0	review-evidence/608-b14-r1/author/item3/cycles/cycle-078/snapshot-errors.txt
blob	5168	review-evidence/608-b14-r1/author/item3/cycles/cycle-078/snapshot.jsonl
tree		review-evidence/608-b14-r1/author/item3/cycles/cycle-079
blob	532	review-evidence/608-b14-r1/author/item3/cycles/cycle-079/acmp.tsv
blob	801	review-evidence/608-b14-r1/author/item3/cycles/cycle-079/action.log
blob	1637	review-evidence/608-b14-r1/author/item3/cycles/cycle-079/analysis.json
blob	172	review-evidence/608-b14-r1/author/item3/cycles/cycle-079/capture.txt
blob	1617	review-evidence/608-b14-r1/author/item3/cycles/cycle-079/console-after.txt
blob	1617	review-evidence/608-b14-r1/author/item3/cycles/cycle-079/console-before.txt
blob	0	review-evidence/608-b14-r1/author/item3/cycles/cycle-079/cycle-errors.txt
blob	1586	review-evidence/608-b14-r1/author/item3/cycles/cycle-079/cycle.jsonl
blob	654	review-evidence/608-b14-r1/author/item3/cycles/cycle-079/events.jsonl
blob	3136	review-evidence/608-b14-r1/author/item3/cycles/cycle-079/msrp.tsv
blob	147	review-evidence/608-b14-r1/author/item3/cycles/cycle-079/raw-artifacts.json
blob	407	review-evidence/608-b14-r1/author/item3/cycles/cycle-079/result.json
blob	5167	review-evidence/608-b14-r1/author/item3/cycles/cycle-079/snapshot-after.jsonl
blob	5167	review-evidence/608-b14-r1/author/item3/cycles/cycle-079/snapshot-before.jsonl
blob	0	review-evidence/608-b14-r1/author/item3/cycles/cycle-079/snapshot-errors.txt
blob	5167	review-evidence/608-b14-r1/author/item3/cycles/cycle-079/snapshot.jsonl
tree		review-evidence/608-b14-r1/author/item3/cycles/cycle-080
blob	532	review-evidence/608-b14-r1/author/item3/cycles/cycle-080/acmp.tsv
blob	800	review-evidence/608-b14-r1/author/item3/cycles/cycle-080/action.log
blob	1638	review-evidence/608-b14-r1/author/item3/cycles/cycle-080/analysis.json
blob	172	review-evidence/608-b14-r1/author/item3/cycles/cycle-080/capture.txt
blob	1617	review-evidence/608-b14-r1/author/item3/cycles/cycle-080/console-after.txt
blob	1617	review-evidence/608-b14-r1/author/item3/cycles/cycle-080/console-before.txt
blob	0	review-evidence/608-b14-r1/author/item3/cycles/cycle-080/cycle-errors.txt
blob	1587	review-evidence/608-b14-r1/author/item3/cycles/cycle-080/cycle.jsonl
blob	653	review-evidence/608-b14-r1/author/item3/cycles/cycle-080/events.jsonl
blob	3136	review-evidence/608-b14-r1/author/item3/cycles/cycle-080/msrp.tsv
blob	147	review-evidence/608-b14-r1/author/item3/cycles/cycle-080/raw-artifacts.json
blob	406	review-evidence/608-b14-r1/author/item3/cycles/cycle-080/result.json
blob	5169	review-evidence/608-b14-r1/author/item3/cycles/cycle-080/snapshot-after.jsonl
blob	5165	review-evidence/608-b14-r1/author/item3/cycles/cycle-080/snapshot-before.jsonl
blob	0	review-evidence/608-b14-r1/author/item3/cycles/cycle-080/snapshot-errors.txt
blob	5169	review-evidence/608-b14-r1/author/item3/cycles/cycle-080/snapshot.jsonl
tree		review-evidence/608-b14-r1/author/item3/cycles/cycle-081
blob	532	review-evidence/608-b14-r1/author/item3/cycles/cycle-081/acmp.tsv
blob	799	review-evidence/608-b14-r1/author/item3/cycles/cycle-081/action.log
blob	1638	review-evidence/608-b14-r1/author/item3/cycles/cycle-081/analysis.json
blob	172	review-evidence/608-b14-r1/author/item3/cycles/cycle-081/capture.txt
blob	1617	review-evidence/608-b14-r1/author/item3/cycles/cycle-081/console-after.txt
blob	1617	review-evidence/608-b14-r1/author/item3/cycles/cycle-081/console-before.txt
blob	0	review-evidence/608-b14-r1/author/item3/cycles/cycle-081/cycle-errors.txt
blob	1586	review-evidence/608-b14-r1/author/item3/cycles/cycle-081/cycle.jsonl
blob	652	review-evidence/608-b14-r1/author/item3/cycles/cycle-081/events.jsonl
blob	3136	review-evidence/608-b14-r1/author/item3/cycles/cycle-081/msrp.tsv
blob	147	review-evidence/608-b14-r1/author/item3/cycles/cycle-081/raw-artifacts.json
blob	407	review-evidence/608-b14-r1/author/item3/cycles/cycle-081/result.json
blob	5169	review-evidence/608-b14-r1/author/item3/cycles/cycle-081/snapshot-after.jsonl
blob	5167	review-evidence/608-b14-r1/author/item3/cycles/cycle-081/snapshot-before.jsonl
blob	0	review-evidence/608-b14-r1/author/item3/cycles/cycle-081/snapshot-errors.txt
blob	5169	review-evidence/608-b14-r1/author/item3/cycles/cycle-081/snapshot.jsonl
tree		review-evidence/608-b14-r1/author/item3/cycles/cycle-082
blob	532	review-evidence/608-b14-r1/author/item3/cycles/cycle-082/acmp.tsv
blob	800	review-evidence/608-b14-r1/author/item3/cycles/cycle-082/action.log
blob	1637	review-evidence/608-b14-r1/author/item3/cycles/cycle-082/analysis.json
blob	172	review-evidence/608-b14-r1/author/item3/cycles/cycle-082/capture.txt
blob	1617	review-evidence/608-b14-r1/author/item3/cycles/cycle-082/console-after.txt
blob	1617	review-evidence/608-b14-r1/author/item3/cycles/cycle-082/console-before.txt
blob	0	review-evidence/608-b14-r1/author/item3/cycles/cycle-082/cycle-errors.txt
blob	1584	review-evidence/608-b14-r1/author/item3/cycles/cycle-082/cycle.jsonl
blob	653	review-evidence/608-b14-r1/author/item3/cycles/cycle-082/events.jsonl
blob	3136	review-evidence/608-b14-r1/author/item3/cycles/cycle-082/msrp.tsv
blob	147	review-evidence/608-b14-r1/author/item3/cycles/cycle-082/raw-artifacts.json
blob	407	review-evidence/608-b14-r1/author/item3/cycles/cycle-082/result.json
blob	5169	review-evidence/608-b14-r1/author/item3/cycles/cycle-082/snapshot-after.jsonl
blob	5168	review-evidence/608-b14-r1/author/item3/cycles/cycle-082/snapshot-before.jsonl
blob	0	review-evidence/608-b14-r1/author/item3/cycles/cycle-082/snapshot-errors.txt
blob	5169	review-evidence/608-b14-r1/author/item3/cycles/cycle-082/snapshot.jsonl
tree		review-evidence/608-b14-r1/author/item3/cycles/cycle-083
blob	532	review-evidence/608-b14-r1/author/item3/cycles/cycle-083/acmp.tsv
blob	801	review-evidence/608-b14-r1/author/item3/cycles/cycle-083/action.log
blob	1637	review-evidence/608-b14-r1/author/item3/cycles/cycle-083/analysis.json
blob	172	review-evidence/608-b14-r1/author/item3/cycles/cycle-083/capture.txt
blob	1617	review-evidence/608-b14-r1/author/item3/cycles/cycle-083/console-after.txt
blob	1617	review-evidence/608-b14-r1/author/item3/cycles/cycle-083/console-before.txt
blob	0	review-evidence/608-b14-r1/author/item3/cycles/cycle-083/cycle-errors.txt
blob	1585	review-evidence/608-b14-r1/author/item3/cycles/cycle-083/cycle.jsonl
blob	654	review-evidence/608-b14-r1/author/item3/cycles/cycle-083/events.jsonl
blob	3136	review-evidence/608-b14-r1/author/item3/cycles/cycle-083/msrp.tsv
blob	147	review-evidence/608-b14-r1/author/item3/cycles/cycle-083/raw-artifacts.json
blob	407	review-evidence/608-b14-r1/author/item3/cycles/cycle-083/result.json
blob	5168	review-evidence/608-b14-r1/author/item3/cycles/cycle-083/snapshot-after.jsonl
blob	5169	review-evidence/608-b14-r1/author/item3/cycles/cycle-083/snapshot-before.jsonl
blob	0	review-evidence/608-b14-r1/author/item3/cycles/cycle-083/snapshot-errors.txt
blob	5168	review-evidence/608-b14-r1/author/item3/cycles/cycle-083/snapshot.jsonl
tree		review-evidence/608-b14-r1/author/item3/cycles/cycle-084
blob	534	review-evidence/608-b14-r1/author/item3/cycles/cycle-084/acmp.tsv
blob	799	review-evidence/608-b14-r1/author/item3/cycles/cycle-084/action.log
blob	1637	review-evidence/608-b14-r1/author/item3/cycles/cycle-084/analysis.json
blob	172	review-evidence/608-b14-r1/author/item3/cycles/cycle-084/capture.txt
blob	1617	review-evidence/608-b14-r1/author/item3/cycles/cycle-084/console-after.txt
blob	1617	review-evidence/608-b14-r1/author/item3/cycles/cycle-084/console-before.txt
blob	0	review-evidence/608-b14-r1/author/item3/cycles/cycle-084/cycle-errors.txt
blob	1586	review-evidence/608-b14-r1/author/item3/cycles/cycle-084/cycle.jsonl
blob	652	review-evidence/608-b14-r1/author/item3/cycles/cycle-084/events.jsonl
blob	3136	review-evidence/608-b14-r1/author/item3/cycles/cycle-084/msrp.tsv
blob	147	review-evidence/608-b14-r1/author/item3/cycles/cycle-084/raw-artifacts.json
blob	406	review-evidence/608-b14-r1/author/item3/cycles/cycle-084/result.json
blob	5165	review-evidence/608-b14-r1/author/item3/cycles/cycle-084/snapshot-after.jsonl
blob	5163	review-evidence/608-b14-r1/author/item3/cycles/cycle-084/snapshot-before.jsonl
blob	0	review-evidence/608-b14-r1/author/item3/cycles/cycle-084/snapshot-errors.txt
blob	5165	review-evidence/608-b14-r1/author/item3/cycles/cycle-084/snapshot.jsonl
tree		review-evidence/608-b14-r1/author/item3/cycles/cycle-085
blob	534	review-evidence/608-b14-r1/author/item3/cycles/cycle-085/acmp.tsv
blob	800	review-evidence/608-b14-r1/author/item3/cycles/cycle-085/action.log
blob	1638	review-evidence/608-b14-r1/author/item3/cycles/cycle-085/analysis.json
blob	172	review-evidence/608-b14-r1/author/item3/cycles/cycle-085/capture.txt
blob	1617	review-evidence/608-b14-r1/author/item3/cycles/cycle-085/console-after.txt
blob	1617	review-evidence/608-b14-r1/author/item3/cycles/cycle-085/console-before.txt
blob	0	review-evidence/608-b14-r1/author/item3/cycles/cycle-085/cycle-errors.txt
blob	1585	review-evidence/608-b14-r1/author/item3/cycles/cycle-085/cycle.jsonl
blob	653	review-evidence/608-b14-r1/author/item3/cycles/cycle-085/events.jsonl
blob	3136	review-evidence/608-b14-r1/author/item3/cycles/cycle-085/msrp.tsv
blob	147	review-evidence/608-b14-r1/author/item3/cycles/cycle-085/raw-artifacts.json
blob	407	review-evidence/608-b14-r1/author/item3/cycles/cycle-085/result.json
blob	5164	review-evidence/608-b14-r1/author/item3/cycles/cycle-085/snapshot-after.jsonl
blob	5167	review-evidence/608-b14-r1/author/item3/cycles/cycle-085/snapshot-before.jsonl
blob	0	review-evidence/608-b14-r1/author/item3/cycles/cycle-085/snapshot-errors.txt
blob	5164	review-evidence/608-b14-r1/author/item3/cycles/cycle-085/snapshot.jsonl
tree		review-evidence/608-b14-r1/author/item3/cycles/cycle-086
blob	534	review-evidence/608-b14-r1/author/item3/cycles/cycle-086/acmp.tsv
blob	801	review-evidence/608-b14-r1/author/item3/cycles/cycle-086/action.log
blob	1638	review-evidence/608-b14-r1/author/item3/cycles/cycle-086/analysis.json
blob	172	review-evidence/608-b14-r1/author/item3/cycles/cycle-086/capture.txt
blob	1617	review-evidence/608-b14-r1/author/item3/cycles/cycle-086/console-after.txt
blob	1617	review-evidence/608-b14-r1/author/item3/cycles/cycle-086/console-before.txt
blob	0	review-evidence/608-b14-r1/author/item3/cycles/cycle-086/cycle-errors.txt
blob	1587	review-evidence/608-b14-r1/author/item3/cycles/cycle-086/cycle.jsonl
blob	654	review-evidence/608-b14-r1/author/item3/cycles/cycle-086/events.jsonl
blob	3136	review-evidence/608-b14-r1/author/item3/cycles/cycle-086/msrp.tsv
blob	147	review-evidence/608-b14-r1/author/item3/cycles/cycle-086/raw-artifacts.json
blob	407	review-evidence/608-b14-r1/author/item3/cycles/cycle-086/result.json
blob	5166	review-evidence/608-b14-r1/author/item3/cycles/cycle-086/snapshot-after.jsonl
blob	5168	review-evidence/608-b14-r1/author/item3/cycles/cycle-086/snapshot-before.jsonl
blob	0	review-evidence/608-b14-r1/author/item3/cycles/cycle-086/snapshot-errors.txt
blob	5166	review-evidence/608-b14-r1/author/item3/cycles/cycle-086/snapshot.jsonl
tree		review-evidence/608-b14-r1/author/item3/cycles/cycle-087
blob	534	review-evidence/608-b14-r1/author/item3/cycles/cycle-087/acmp.tsv
blob	800	review-evidence/608-b14-r1/author/item3/cycles/cycle-087/action.log
blob	1639	review-evidence/608-b14-r1/author/item3/cycles/cycle-087/analysis.json
blob	172	review-evidence/608-b14-r1/author/item3/cycles/cycle-087/capture.txt
blob	1617	review-evidence/608-b14-r1/author/item3/cycles/cycle-087/console-after.txt
blob	1617	review-evidence/608-b14-r1/author/item3/cycles/cycle-087/console-before.txt
blob	0	review-evidence/608-b14-r1/author/item3/cycles/cycle-087/cycle-errors.txt
blob	1584	review-evidence/608-b14-r1/author/item3/cycles/cycle-087/cycle.jsonl
blob	653	review-evidence/608-b14-r1/author/item3/cycles/cycle-087/events.jsonl
blob	3136	review-evidence/608-b14-r1/author/item3/cycles/cycle-087/msrp.tsv
blob	147	review-evidence/608-b14-r1/author/item3/cycles/cycle-087/raw-artifacts.json
blob	407	review-evidence/608-b14-r1/author/item3/cycles/cycle-087/result.json
blob	5169	review-evidence/608-b14-r1/author/item3/cycles/cycle-087/snapshot-after.jsonl
blob	5170	review-evidence/608-b14-r1/author/item3/cycles/cycle-087/snapshot-before.jsonl
blob	0	review-evidence/608-b14-r1/author/item3/cycles/cycle-087/snapshot-errors.txt
blob	5169	review-evidence/608-b14-r1/author/item3/cycles/cycle-087/snapshot.jsonl
tree		review-evidence/608-b14-r1/author/item3/cycles/cycle-088
blob	534	review-evidence/608-b14-r1/author/item3/cycles/cycle-088/acmp.tsv
blob	799	review-evidence/608-b14-r1/author/item3/cycles/cycle-088/action.log
blob	1638	review-evidence/608-b14-r1/author/item3/cycles/cycle-088/analysis.json
blob	172	review-evidence/608-b14-r1/author/item3/cycles/cycle-088/capture.txt
blob	1617	review-evidence/608-b14-r1/author/item3/cycles/cycle-088/console-after.txt
blob	1617	review-evidence/608-b14-r1/author/item3/cycles/cycle-088/console-before.txt
blob	0	review-evidence/608-b14-r1/author/item3/cycles/cycle-088/cycle-errors.txt
blob	1585	review-evidence/608-b14-r1/author/item3/cycles/cycle-088/cycle.jsonl
blob	652	review-evidence/608-b14-r1/author/item3/cycles/cycle-088/events.jsonl
blob	3136	review-evidence/608-b14-r1/author/item3/cycles/cycle-088/msrp.tsv
blob	147	review-evidence/608-b14-r1/author/item3/cycles/cycle-088/raw-artifacts.json
blob	407	review-evidence/608-b14-r1/author/item3/cycles/cycle-088/result.json
blob	5170	review-evidence/608-b14-r1/author/item3/cycles/cycle-088/snapshot-after.jsonl
blob	5170	review-evidence/608-b14-r1/author/item3/cycles/cycle-088/snapshot-before.jsonl
blob	0	review-evidence/608-b14-r1/author/item3/cycles/cycle-088/snapshot-errors.txt
blob	5170	review-evidence/608-b14-r1/author/item3/cycles/cycle-088/snapshot.jsonl
tree		review-evidence/608-b14-r1/author/item3/cycles/cycle-089
blob	534	review-evidence/608-b14-r1/author/item3/cycles/cycle-089/acmp.tsv
blob	799	review-evidence/608-b14-r1/author/item3/cycles/cycle-089/action.log
blob	1638	review-evidence/608-b14-r1/author/item3/cycles/cycle-089/analysis.json
blob	172	review-evidence/608-b14-r1/author/item3/cycles/cycle-089/capture.txt
blob	1617	review-evidence/608-b14-r1/author/item3/cycles/cycle-089/console-after.txt
blob	1617	review-evidence/608-b14-r1/author/item3/cycles/cycle-089/console-before.txt
blob	0	review-evidence/608-b14-r1/author/item3/cycles/cycle-089/cycle-errors.txt
blob	1586	review-evidence/608-b14-r1/author/item3/cycles/cycle-089/cycle.jsonl
blob	652	review-evidence/608-b14-r1/author/item3/cycles/cycle-089/events.jsonl
blob	3136	review-evidence/608-b14-r1/author/item3/cycles/cycle-089/msrp.tsv
blob	147	review-evidence/608-b14-r1/author/item3/cycles/cycle-089/raw-artifacts.json
blob	407	review-evidence/608-b14-r1/author/item3/cycles/cycle-089/result.json
blob	5167	review-evidence/608-b14-r1/author/item3/cycles/cycle-089/snapshot-after.jsonl
blob	5169	review-evidence/608-b14-r1/author/item3/cycles/cycle-089/snapshot-before.jsonl
blob	0	review-evidence/608-b14-r1/author/item3/cycles/cycle-089/snapshot-errors.txt
blob	5167	review-evidence/608-b14-r1/author/item3/cycles/cycle-089/snapshot.jsonl
tree		review-evidence/608-b14-r1/author/item3/cycles/cycle-090
blob	534	review-evidence/608-b14-r1/author/item3/cycles/cycle-090/acmp.tsv
blob	801	review-evidence/608-b14-r1/author/item3/cycles/cycle-090/action.log
blob	1639	review-evidence/608-b14-r1/author/item3/cycles/cycle-090/analysis.json
blob	172	review-evidence/608-b14-r1/author/item3/cycles/cycle-090/capture.txt
blob	1617	review-evidence/608-b14-r1/author/item3/cycles/cycle-090/console-after.txt
blob	1617	review-evidence/608-b14-r1/author/item3/cycles/cycle-090/console-before.txt
blob	0	review-evidence/608-b14-r1/author/item3/cycles/cycle-090/cycle-errors.txt
blob	1587	review-evidence/608-b14-r1/author/item3/cycles/cycle-090/cycle.jsonl
blob	654	review-evidence/608-b14-r1/author/item3/cycles/cycle-090/events.jsonl
blob	3190	review-evidence/608-b14-r1/author/item3/cycles/cycle-090/msrp.tsv
blob	147	review-evidence/608-b14-r1/author/item3/cycles/cycle-090/raw-artifacts.json
blob	407	review-evidence/608-b14-r1/author/item3/cycles/cycle-090/result.json
blob	5168	review-evidence/608-b14-r1/author/item3/cycles/cycle-090/snapshot-after.jsonl
blob	5170	review-evidence/608-b14-r1/author/item3/cycles/cycle-090/snapshot-before.jsonl
blob	0	review-evidence/608-b14-r1/author/item3/cycles/cycle-090/snapshot-errors.txt
blob	5168	review-evidence/608-b14-r1/author/item3/cycles/cycle-090/snapshot.jsonl
tree		review-evidence/608-b14-r1/author/item3/cycles/cycle-091
blob	534	review-evidence/608-b14-r1/author/item3/cycles/cycle-091/acmp.tsv
blob	798	review-evidence/608-b14-r1/author/item3/cycles/cycle-091/action.log
blob	1637	review-evidence/608-b14-r1/author/item3/cycles/cycle-091/analysis.json
blob	172	review-evidence/608-b14-r1/author/item3/cycles/cycle-091/capture.txt
blob	1617	review-evidence/608-b14-r1/author/item3/cycles/cycle-091/console-after.txt
blob	1617	review-evidence/608-b14-r1/author/item3/cycles/cycle-091/console-before.txt
blob	0	review-evidence/608-b14-r1/author/item3/cycles/cycle-091/cycle-errors.txt
blob	1582	review-evidence/608-b14-r1/author/item3/cycles/cycle-091/cycle.jsonl
blob	651	review-evidence/608-b14-r1/author/item3/cycles/cycle-091/events.jsonl
blob	3190	review-evidence/608-b14-r1/author/item3/cycles/cycle-091/msrp.tsv
blob	147	review-evidence/608-b14-r1/author/item3/cycles/cycle-091/raw-artifacts.json
blob	406	review-evidence/608-b14-r1/author/item3/cycles/cycle-091/result.json
blob	5166	review-evidence/608-b14-r1/author/item3/cycles/cycle-091/snapshot-after.jsonl
blob	5167	review-evidence/608-b14-r1/author/item3/cycles/cycle-091/snapshot-before.jsonl
blob	0	review-evidence/608-b14-r1/author/item3/cycles/cycle-091/snapshot-errors.txt
blob	5166	review-evidence/608-b14-r1/author/item3/cycles/cycle-091/snapshot.jsonl
tree		review-evidence/608-b14-r1/author/item3/cycles/cycle-092
blob	534	review-evidence/608-b14-r1/author/item3/cycles/cycle-092/acmp.tsv
blob	795	review-evidence/608-b14-r1/author/item3/cycles/cycle-092/action.log
blob	1633	review-evidence/608-b14-r1/author/item3/cycles/cycle-092/analysis.json
blob	172	review-evidence/608-b14-r1/author/item3/cycles/cycle-092/capture.txt
blob	1617	review-evidence/608-b14-r1/author/item3/cycles/cycle-092/console-after.txt
blob	1617	review-evidence/608-b14-r1/author/item3/cycles/cycle-092/console-before.txt
blob	0	review-evidence/608-b14-r1/author/item3/cycles/cycle-092/cycle-errors.txt
blob	1587	review-evidence/608-b14-r1/author/item3/cycles/cycle-092/cycle.jsonl
blob	648	review-evidence/608-b14-r1/author/item3/cycles/cycle-092/events.jsonl
blob	3190	review-evidence/608-b14-r1/author/item3/cycles/cycle-092/msrp.tsv
blob	147	review-evidence/608-b14-r1/author/item3/cycles/cycle-092/raw-artifacts.json
blob	404	review-evidence/608-b14-r1/author/item3/cycles/cycle-092/result.json
blob	5167	review-evidence/608-b14-r1/author/item3/cycles/cycle-092/snapshot-after.jsonl
blob	5167	review-evidence/608-b14-r1/author/item3/cycles/cycle-092/snapshot-before.jsonl
blob	0	review-evidence/608-b14-r1/author/item3/cycles/cycle-092/snapshot-errors.txt
blob	5167	review-evidence/608-b14-r1/author/item3/cycles/cycle-092/snapshot.jsonl
tree		review-evidence/608-b14-r1/author/item3/cycles/cycle-093
blob	534	review-evidence/608-b14-r1/author/item3/cycles/cycle-093/acmp.tsv
blob	801	review-evidence/608-b14-r1/author/item3/cycles/cycle-093/action.log
blob	1639	review-evidence/608-b14-r1/author/item3/cycles/cycle-093/analysis.json
blob	172	review-evidence/608-b14-r1/author/item3/cycles/cycle-093/capture.txt
blob	1617	review-evidence/608-b14-r1/author/item3/cycles/cycle-093/console-after.txt
blob	1617	review-evidence/608-b14-r1/author/item3/cycles/cycle-093/console-before.txt
blob	0	review-evidence/608-b14-r1/author/item3/cycles/cycle-093/cycle-errors.txt
blob	1586	review-evidence/608-b14-r1/author/item3/cycles/cycle-093/cycle.jsonl
blob	654	review-evidence/608-b14-r1/author/item3/cycles/cycle-093/events.jsonl
blob	3190	review-evidence/608-b14-r1/author/item3/cycles/cycle-093/msrp.tsv
blob	147	review-evidence/608-b14-r1/author/item3/cycles/cycle-093/raw-artifacts.json
blob	407	review-evidence/608-b14-r1/author/item3/cycles/cycle-093/result.json
blob	5170	review-evidence/608-b14-r1/author/item3/cycles/cycle-093/snapshot-after.jsonl
blob	5170	review-evidence/608-b14-r1/author/item3/cycles/cycle-093/snapshot-before.jsonl
blob	0	review-evidence/608-b14-r1/author/item3/cycles/cycle-093/snapshot-errors.txt
blob	5170	review-evidence/608-b14-r1/author/item3/cycles/cycle-093/snapshot.jsonl
tree		review-evidence/608-b14-r1/author/item3/cycles/cycle-094
blob	534	review-evidence/608-b14-r1/author/item3/cycles/cycle-094/acmp.tsv
blob	800	review-evidence/608-b14-r1/author/item3/cycles/cycle-094/action.log
blob	1639	review-evidence/608-b14-r1/author/item3/cycles/cycle-094/analysis.json
blob	172	review-evidence/608-b14-r1/author/item3/cycles/cycle-094/capture.txt
blob	1617	review-evidence/608-b14-r1/author/item3/cycles/cycle-094/console-after.txt
blob	1617	review-evidence/608-b14-r1/author/item3/cycles/cycle-094/console-before.txt
blob	0	review-evidence/608-b14-r1/author/item3/cycles/cycle-094/cycle-errors.txt
blob	1586	review-evidence/608-b14-r1/author/item3/cycles/cycle-094/cycle.jsonl
blob	653	review-evidence/608-b14-r1/author/item3/cycles/cycle-094/events.jsonl
blob	3190	review-evidence/608-b14-r1/author/item3/cycles/cycle-094/msrp.tsv
blob	147	review-evidence/608-b14-r1/author/item3/cycles/cycle-094/raw-artifacts.json
blob	407	review-evidence/608-b14-r1/author/item3/cycles/cycle-094/result.json
blob	5170	review-evidence/608-b14-r1/author/item3/cycles/cycle-094/snapshot-after.jsonl
blob	5170	review-evidence/608-b14-r1/author/item3/cycles/cycle-094/snapshot-before.jsonl
blob	0	review-evidence/608-b14-r1/author/item3/cycles/cycle-094/snapshot-errors.txt
blob	5170	review-evidence/608-b14-r1/author/item3/cycles/cycle-094/snapshot.jsonl
tree		review-evidence/608-b14-r1/author/item3/cycles/cycle-095
blob	534	review-evidence/608-b14-r1/author/item3/cycles/cycle-095/acmp.tsv
blob	801	review-evidence/608-b14-r1/author/item3/cycles/cycle-095/action.log
blob	1637	review-evidence/608-b14-r1/author/item3/cycles/cycle-095/analysis.json
blob	172	review-evidence/608-b14-r1/author/item3/cycles/cycle-095/capture.txt
blob	1617	review-evidence/608-b14-r1/author/item3/cycles/cycle-095/console-after.txt
blob	1617	review-evidence/608-b14-r1/author/item3/cycles/cycle-095/console-before.txt
blob	0	review-evidence/608-b14-r1/author/item3/cycles/cycle-095/cycle-errors.txt
blob	1584	review-evidence/608-b14-r1/author/item3/cycles/cycle-095/cycle.jsonl
blob	654	review-evidence/608-b14-r1/author/item3/cycles/cycle-095/events.jsonl
blob	3190	review-evidence/608-b14-r1/author/item3/cycles/cycle-095/msrp.tsv
blob	147	review-evidence/608-b14-r1/author/item3/cycles/cycle-095/raw-artifacts.json
blob	407	review-evidence/608-b14-r1/author/item3/cycles/cycle-095/result.json
blob	5169	review-evidence/608-b14-r1/author/item3/cycles/cycle-095/snapshot-after.jsonl
blob	5168	review-evidence/608-b14-r1/author/item3/cycles/cycle-095/snapshot-before.jsonl
blob	0	review-evidence/608-b14-r1/author/item3/cycles/cycle-095/snapshot-errors.txt
blob	5169	review-evidence/608-b14-r1/author/item3/cycles/cycle-095/snapshot.jsonl
tree		review-evidence/608-b14-r1/author/item3/cycles/cycle-096
blob	534	review-evidence/608-b14-r1/author/item3/cycles/cycle-096/acmp.tsv
blob	801	review-evidence/608-b14-r1/author/item3/cycles/cycle-096/action.log
blob	1637	review-evidence/608-b14-r1/author/item3/cycles/cycle-096/analysis.json
blob	172	review-evidence/608-b14-r1/author/item3/cycles/cycle-096/capture.txt
blob	1617	review-evidence/608-b14-r1/author/item3/cycles/cycle-096/console-after.txt
blob	1617	review-evidence/608-b14-r1/author/item3/cycles/cycle-096/console-before.txt
blob	0	review-evidence/608-b14-r1/author/item3/cycles/cycle-096/cycle-errors.txt
blob	1587	review-evidence/608-b14-r1/author/item3/cycles/cycle-096/cycle.jsonl
blob	654	review-evidence/608-b14-r1/author/item3/cycles/cycle-096/events.jsonl
blob	3190	review-evidence/608-b14-r1/author/item3/cycles/cycle-096/msrp.tsv
blob	147	review-evidence/608-b14-r1/author/item3/cycles/cycle-096/raw-artifacts.json
blob	407	review-evidence/608-b14-r1/author/item3/cycles/cycle-096/result.json
blob	5164	review-evidence/608-b14-r1/author/item3/cycles/cycle-096/snapshot-after.jsonl
blob	5168	review-evidence/608-b14-r1/author/item3/cycles/cycle-096/snapshot-before.jsonl
blob	0	review-evidence/608-b14-r1/author/item3/cycles/cycle-096/snapshot-errors.txt
blob	5164	review-evidence/608-b14-r1/author/item3/cycles/cycle-096/snapshot.jsonl
tree		review-evidence/608-b14-r1/author/item3/cycles/cycle-097
blob	534	review-evidence/608-b14-r1/author/item3/cycles/cycle-097/acmp.tsv
blob	801	review-evidence/608-b14-r1/author/item3/cycles/cycle-097/action.log
blob	1640	review-evidence/608-b14-r1/author/item3/cycles/cycle-097/analysis.json
blob	172	review-evidence/608-b14-r1/author/item3/cycles/cycle-097/capture.txt
blob	1617	review-evidence/608-b14-r1/author/item3/cycles/cycle-097/console-after.txt
blob	1617	review-evidence/608-b14-r1/author/item3/cycles/cycle-097/console-before.txt
blob	0	review-evidence/608-b14-r1/author/item3/cycles/cycle-097/cycle-errors.txt
blob	1585	review-evidence/608-b14-r1/author/item3/cycles/cycle-097/cycle.jsonl
blob	654	review-evidence/608-b14-r1/author/item3/cycles/cycle-097/events.jsonl
blob	3190	review-evidence/608-b14-r1/author/item3/cycles/cycle-097/msrp.tsv
blob	147	review-evidence/608-b14-r1/author/item3/cycles/cycle-097/raw-artifacts.json
blob	407	review-evidence/608-b14-r1/author/item3/cycles/cycle-097/result.json
blob	5167	review-evidence/608-b14-r1/author/item3/cycles/cycle-097/snapshot-after.jsonl
blob	5170	review-evidence/608-b14-r1/author/item3/cycles/cycle-097/snapshot-before.jsonl
blob	0	review-evidence/608-b14-r1/author/item3/cycles/cycle-097/snapshot-errors.txt
blob	5167	review-evidence/608-b14-r1/author/item3/cycles/cycle-097/snapshot.jsonl
tree		review-evidence/608-b14-r1/author/item3/cycles/cycle-098
blob	534	review-evidence/608-b14-r1/author/item3/cycles/cycle-098/acmp.tsv
blob	799	review-evidence/608-b14-r1/author/item3/cycles/cycle-098/action.log
blob	1638	review-evidence/608-b14-r1/author/item3/cycles/cycle-098/analysis.json
blob	172	review-evidence/608-b14-r1/author/item3/cycles/cycle-098/capture.txt
blob	1617	review-evidence/608-b14-r1/author/item3/cycles/cycle-098/console-after.txt
blob	1617	review-evidence/608-b14-r1/author/item3/cycles/cycle-098/console-before.txt
blob	0	review-evidence/608-b14-r1/author/item3/cycles/cycle-098/cycle-errors.txt
blob	1587	review-evidence/608-b14-r1/author/item3/cycles/cycle-098/cycle.jsonl
blob	652	review-evidence/608-b14-r1/author/item3/cycles/cycle-098/events.jsonl
blob	3190	review-evidence/608-b14-r1/author/item3/cycles/cycle-098/msrp.tsv
blob	147	review-evidence/608-b14-r1/author/item3/cycles/cycle-098/raw-artifacts.json
blob	406	review-evidence/608-b14-r1/author/item3/cycles/cycle-098/result.json
blob	5167	review-evidence/608-b14-r1/author/item3/cycles/cycle-098/snapshot-after.jsonl
blob	5170	review-evidence/608-b14-r1/author/item3/cycles/cycle-098/snapshot-before.jsonl
blob	0	review-evidence/608-b14-r1/author/item3/cycles/cycle-098/snapshot-errors.txt
blob	5167	review-evidence/608-b14-r1/author/item3/cycles/cycle-098/snapshot.jsonl
tree		review-evidence/608-b14-r1/author/item3/cycles/cycle-099
blob	534	review-evidence/608-b14-r1/author/item3/cycles/cycle-099/acmp.tsv
blob	799	review-evidence/608-b14-r1/author/item3/cycles/cycle-099/action.log
blob	1640	review-evidence/608-b14-r1/author/item3/cycles/cycle-099/analysis.json
blob	172	review-evidence/608-b14-r1/author/item3/cycles/cycle-099/capture.txt
blob	1617	review-evidence/608-b14-r1/author/item3/cycles/cycle-099/console-after.txt
blob	1617	review-evidence/608-b14-r1/author/item3/cycles/cycle-099/console-before.txt
blob	0	review-evidence/608-b14-r1/author/item3/cycles/cycle-099/cycle-errors.txt
blob	1584	review-evidence/608-b14-r1/author/item3/cycles/cycle-099/cycle.jsonl
blob	652	review-evidence/608-b14-r1/author/item3/cycles/cycle-099/events.jsonl
blob	3190	review-evidence/608-b14-r1/author/item3/cycles/cycle-099/msrp.tsv
blob	147	review-evidence/608-b14-r1/author/item3/cycles/cycle-099/raw-artifacts.json
blob	407	review-evidence/608-b14-r1/author/item3/cycles/cycle-099/result.json
blob	5167	review-evidence/608-b14-r1/author/item3/cycles/cycle-099/snapshot-after.jsonl
blob	5171	review-evidence/608-b14-r1/author/item3/cycles/cycle-099/snapshot-before.jsonl
blob	0	review-evidence/608-b14-r1/author/item3/cycles/cycle-099/snapshot-errors.txt
blob	5167	review-evidence/608-b14-r1/author/item3/cycles/cycle-099/snapshot.jsonl
tree		review-evidence/608-b14-r1/author/item3/cycles/cycle-100
blob	534	review-evidence/608-b14-r1/author/item3/cycles/cycle-100/acmp.tsv
blob	798	review-evidence/608-b14-r1/author/item3/cycles/cycle-100/action.log
blob	1640	review-evidence/608-b14-r1/author/item3/cycles/cycle-100/analysis.json
blob	172	review-evidence/608-b14-r1/author/item3/cycles/cycle-100/capture.txt
blob	1617	review-evidence/608-b14-r1/author/item3/cycles/cycle-100/console-after.txt
blob	1617	review-evidence/608-b14-r1/author/item3/cycles/cycle-100/console-before.txt
blob	0	review-evidence/608-b14-r1/author/item3/cycles/cycle-100/cycle-errors.txt
blob	1584	review-evidence/608-b14-r1/author/item3/cycles/cycle-100/cycle.jsonl
blob	651	review-evidence/608-b14-r1/author/item3/cycles/cycle-100/events.jsonl
blob	3190	review-evidence/608-b14-r1/author/item3/cycles/cycle-100/msrp.tsv
blob	147	review-evidence/608-b14-r1/author/item3/cycles/cycle-100/raw-artifacts.json
blob	405	review-evidence/608-b14-r1/author/item3/cycles/cycle-100/result.json
blob	5173	review-evidence/608-b14-r1/author/item3/cycles/cycle-100/snapshot-after.jsonl
blob	5171	review-evidence/608-b14-r1/author/item3/cycles/cycle-100/snapshot-before.jsonl
blob	0	review-evidence/608-b14-r1/author/item3/cycles/cycle-100/snapshot-errors.txt
blob	5173	review-evidence/608-b14-r1/author/item3/cycles/cycle-100/snapshot.jsonl
tree		review-evidence/608-b14-r1/author/item3/cycles/cycle-101
blob	534	review-evidence/608-b14-r1/author/item3/cycles/cycle-101/acmp.tsv
blob	798	review-evidence/608-b14-r1/author/item3/cycles/cycle-101/action.log
blob	1642	review-evidence/608-b14-r1/author/item3/cycles/cycle-101/analysis.json
blob	172	review-evidence/608-b14-r1/author/item3/cycles/cycle-101/capture.txt
blob	1617	review-evidence/608-b14-r1/author/item3/cycles/cycle-101/console-after.txt
blob	1617	review-evidence/608-b14-r1/author/item3/cycles/cycle-101/console-before.txt
blob	0	review-evidence/608-b14-r1/author/item3/cycles/cycle-101/cycle-errors.txt
blob	1584	review-evidence/608-b14-r1/author/item3/cycles/cycle-101/cycle.jsonl
blob	651	review-evidence/608-b14-r1/author/item3/cycles/cycle-101/events.jsonl
blob	3190	review-evidence/608-b14-r1/author/item3/cycles/cycle-101/msrp.tsv
blob	147	review-evidence/608-b14-r1/author/item3/cycles/cycle-101/raw-artifacts.json
blob	407	review-evidence/608-b14-r1/author/item3/cycles/cycle-101/result.json
blob	5168	review-evidence/608-b14-r1/author/item3/cycles/cycle-101/snapshot-after.jsonl
blob	5169	review-evidence/608-b14-r1/author/item3/cycles/cycle-101/snapshot-before.jsonl
blob	0	review-evidence/608-b14-r1/author/item3/cycles/cycle-101/snapshot-errors.txt
blob	5168	review-evidence/608-b14-r1/author/item3/cycles/cycle-101/snapshot.jsonl
blob	3274	review-evidence/608-b14-r1/author/item3/restore.out
blob	8025	review-evidence/608-b14-r1/author/item3/setup.out
blob	3793	review-evidence/608-b14-r1/author/item3/summary.json
tree		review-evidence/608-b14-r1/author/item4
blob	181	review-evidence/608-b14-r1/author/item4/608-b14-start-001-control.pcap.json
blob	181	review-evidence/608-b14-r1/author/item4/608-b14-start-001-plain.pcap.json
blob	186	review-evidence/608-b14-r1/author/item4/608-b14-start-001-vlan.pcap.json
blob	181	review-evidence/608-b14-r1/author/item4/608-b14-start-002-control.pcap.json
blob	181	review-evidence/608-b14-r1/author/item4/608-b14-start-002-plain.pcap.json
blob	186	review-evidence/608-b14-r1/author/item4/608-b14-start-002-vlan.pcap.json
blob	181	review-evidence/608-b14-r1/author/item4/608-b14-start-003-control.pcap.json
blob	181	review-evidence/608-b14-r1/author/item4/608-b14-start-003-plain.pcap.json
blob	186	review-evidence/608-b14-r1/author/item4/608-b14-start-003-vlan.pcap.json
blob	181	review-evidence/608-b14-r1/author/item4/608-b14-start-004-control.pcap.json
blob	181	review-evidence/608-b14-r1/author/item4/608-b14-start-004-plain.pcap.json
blob	186	review-evidence/608-b14-r1/author/item4/608-b14-start-004-vlan.pcap.json
blob	181	review-evidence/608-b14-r1/author/item4/608-b14-start-005-control.pcap.json
blob	181	review-evidence/608-b14-r1/author/item4/608-b14-start-005-plain.pcap.json
blob	186	review-evidence/608-b14-r1/author/item4/608-b14-start-005-vlan.pcap.json
blob	181	review-evidence/608-b14-r1/author/item4/608-b14-start-006-control.pcap.json
blob	181	review-evidence/608-b14-r1/author/item4/608-b14-start-006-plain.pcap.json
blob	186	review-evidence/608-b14-r1/author/item4/608-b14-start-006-vlan.pcap.json
blob	181	review-evidence/608-b14-r1/author/item4/608-b14-start-007-control.pcap.json
blob	181	review-evidence/608-b14-r1/author/item4/608-b14-start-007-plain.pcap.json
blob	186	review-evidence/608-b14-r1/author/item4/608-b14-start-007-vlan.pcap.json
blob	181	review-evidence/608-b14-r1/author/item4/608-b14-start-008-control.pcap.json
blob	181	review-evidence/608-b14-r1/author/item4/608-b14-start-008-plain.pcap.json
blob	186	review-evidence/608-b14-r1/author/item4/608-b14-start-008-vlan.pcap.json
blob	181	review-evidence/608-b14-r1/author/item4/608-b14-start-009-control.pcap.json
blob	181	review-evidence/608-b14-r1/author/item4/608-b14-start-009-plain.pcap.json
blob	186	review-evidence/608-b14-r1/author/item4/608-b14-start-009-vlan.pcap.json
blob	181	review-evidence/608-b14-r1/author/item4/608-b14-start-010-control.pcap.json
blob	181	review-evidence/608-b14-r1/author/item4/608-b14-start-010-plain.pcap.json
blob	186	review-evidence/608-b14-r1/author/item4/608-b14-start-010-vlan.pcap.json
blob	181	review-evidence/608-b14-r1/author/item4/608-b14-start-011-control.pcap.json
blob	181	review-evidence/608-b14-r1/author/item4/608-b14-start-011-plain.pcap.json
blob	186	review-evidence/608-b14-r1/author/item4/608-b14-start-011-vlan.pcap.json
blob	181	review-evidence/608-b14-r1/author/item4/608-b14-start-012-control.pcap.json
blob	181	review-evidence/608-b14-r1/author/item4/608-b14-start-012-plain.pcap.json
blob	186	review-evidence/608-b14-r1/author/item4/608-b14-start-012-vlan.pcap.json
blob	181	review-evidence/608-b14-r1/author/item4/608-b14-start-013-control.pcap.json
blob	181	review-evidence/608-b14-r1/author/item4/608-b14-start-013-plain.pcap.json
blob	186	review-evidence/608-b14-r1/author/item4/608-b14-start-013-vlan.pcap.json
blob	181	review-evidence/608-b14-r1/author/item4/608-b14-start-014-control.pcap.json
blob	181	review-evidence/608-b14-r1/author/item4/608-b14-start-014-plain.pcap.json
blob	186	review-evidence/608-b14-r1/author/item4/608-b14-start-014-vlan.pcap.json
blob	181	review-evidence/608-b14-r1/author/item4/608-b14-start-015-control.pcap.json
blob	181	review-evidence/608-b14-r1/author/item4/608-b14-start-015-plain.pcap.json
blob	186	review-evidence/608-b14-r1/author/item4/608-b14-start-015-vlan.pcap.json
blob	181	review-evidence/608-b14-r1/author/item4/608-b14-start-016-control.pcap.json
blob	181	review-evidence/608-b14-r1/author/item4/608-b14-start-016-plain.pcap.json
blob	186	review-evidence/608-b14-r1/author/item4/608-b14-start-016-vlan.pcap.json
blob	181	review-evidence/608-b14-r1/author/item4/608-b14-start-017-control.pcap.json
blob	181	review-evidence/608-b14-r1/author/item4/608-b14-start-017-plain.pcap.json
blob	186	review-evidence/608-b14-r1/author/item4/608-b14-start-017-vlan.pcap.json
blob	181	review-evidence/608-b14-r1/author/item4/608-b14-start-018-control.pcap.json
blob	181	review-evidence/608-b14-r1/author/item4/608-b14-start-018-plain.pcap.json
blob	186	review-evidence/608-b14-r1/author/item4/608-b14-start-018-vlan.pcap.json
blob	181	review-evidence/608-b14-r1/author/item4/608-b14-start-019-control.pcap.json
blob	181	review-evidence/608-b14-r1/author/item4/608-b14-start-019-plain.pcap.json
blob	186	review-evidence/608-b14-r1/author/item4/608-b14-start-019-vlan.pcap.json
blob	181	review-evidence/608-b14-r1/author/item4/608-b14-start-020-control.pcap.json
blob	181	review-evidence/608-b14-r1/author/item4/608-b14-start-020-plain.pcap.json
blob	186	review-evidence/608-b14-r1/author/item4/608-b14-start-020-vlan.pcap.json
blob	181	review-evidence/608-b14-r1/author/item4/608-b14-start-021-control.pcap.json
blob	181	review-evidence/608-b14-r1/author/item4/608-b14-start-021-plain.pcap.json
blob	186	review-evidence/608-b14-r1/author/item4/608-b14-start-021-vlan.pcap.json
blob	181	review-evidence/608-b14-r1/author/item4/608-b14-start-022-control.pcap.json
blob	181	review-evidence/608-b14-r1/author/item4/608-b14-start-022-plain.pcap.json
blob	186	review-evidence/608-b14-r1/author/item4/608-b14-start-022-vlan.pcap.json
blob	181	review-evidence/608-b14-r1/author/item4/608-b14-start-023-control.pcap.json
blob	181	review-evidence/608-b14-r1/author/item4/608-b14-start-023-plain.pcap.json
blob	186	review-evidence/608-b14-r1/author/item4/608-b14-start-023-vlan.pcap.json
blob	181	review-evidence/608-b14-r1/author/item4/608-b14-start-024-control.pcap.json
blob	181	review-evidence/608-b14-r1/author/item4/608-b14-start-024-plain.pcap.json
blob	186	review-evidence/608-b14-r1/author/item4/608-b14-start-024-vlan.pcap.json
blob	181	review-evidence/608-b14-r1/author/item4/608-b14-start-025-control.pcap.json
blob	181	review-evidence/608-b14-r1/author/item4/608-b14-start-025-plain.pcap.json
blob	186	review-evidence/608-b14-r1/author/item4/608-b14-start-025-vlan.pcap.json
blob	181	review-evidence/608-b14-r1/author/item4/608-b14-start-026-control.pcap.json
blob	181	review-evidence/608-b14-r1/author/item4/608-b14-start-026-plain.pcap.json
blob	186	review-evidence/608-b14-r1/author/item4/608-b14-start-026-vlan.pcap.json
blob	181	review-evidence/608-b14-r1/author/item4/608-b14-start-027-control.pcap.json
blob	181	review-evidence/608-b14-r1/author/item4/608-b14-start-027-plain.pcap.json
blob	186	review-evidence/608-b14-r1/author/item4/608-b14-start-027-vlan.pcap.json
blob	181	review-evidence/608-b14-r1/author/item4/608-b14-start-028-control.pcap.json
blob	181	review-evidence/608-b14-r1/author/item4/608-b14-start-028-plain.pcap.json
blob	186	review-evidence/608-b14-r1/author/item4/608-b14-start-028-vlan.pcap.json
blob	181	review-evidence/608-b14-r1/author/item4/608-b14-start-029-control.pcap.json
blob	181	review-evidence/608-b14-r1/author/item4/608-b14-start-029-plain.pcap.json
blob	186	review-evidence/608-b14-r1/author/item4/608-b14-start-029-vlan.pcap.json
blob	181	review-evidence/608-b14-r1/author/item4/608-b14-start-030-control.pcap.json
blob	181	review-evidence/608-b14-r1/author/item4/608-b14-start-030-plain.pcap.json
blob	186	review-evidence/608-b14-r1/author/item4/608-b14-start-030-vlan.pcap.json
blob	181	review-evidence/608-b14-r1/author/item4/608-b14-start-031-control.pcap.json
blob	181	review-evidence/608-b14-r1/author/item4/608-b14-start-031-plain.pcap.json
blob	186	review-evidence/608-b14-r1/author/item4/608-b14-start-031-vlan.pcap.json
blob	181	review-evidence/608-b14-r1/author/item4/608-b14-start-032-control.pcap.json
blob	181	review-evidence/608-b14-r1/author/item4/608-b14-start-032-plain.pcap.json
blob	186	review-evidence/608-b14-r1/author/item4/608-b14-start-032-vlan.pcap.json
blob	181	review-evidence/608-b14-r1/author/item4/608-b14-start-033-control.pcap.json
blob	181	review-evidence/608-b14-r1/author/item4/608-b14-start-033-plain.pcap.json
blob	186	review-evidence/608-b14-r1/author/item4/608-b14-start-033-vlan.pcap.json
blob	181	review-evidence/608-b14-r1/author/item4/608-b14-start-034-control.pcap.json
blob	181	review-evidence/608-b14-r1/author/item4/608-b14-start-034-plain.pcap.json
blob	186	review-evidence/608-b14-r1/author/item4/608-b14-start-034-vlan.pcap.json
blob	181	review-evidence/608-b14-r1/author/item4/608-b14-start-035-control.pcap.json
blob	181	review-evidence/608-b14-r1/author/item4/608-b14-start-035-plain.pcap.json
blob	186	review-evidence/608-b14-r1/author/item4/608-b14-start-035-vlan.pcap.json
blob	181	review-evidence/608-b14-r1/author/item4/608-b14-start-036-control.pcap.json
blob	181	review-evidence/608-b14-r1/author/item4/608-b14-start-036-plain.pcap.json
blob	186	review-evidence/608-b14-r1/author/item4/608-b14-start-036-vlan.pcap.json
blob	181	review-evidence/608-b14-r1/author/item4/608-b14-start-037-control.pcap.json
blob	181	review-evidence/608-b14-r1/author/item4/608-b14-start-037-plain.pcap.json
blob	186	review-evidence/608-b14-r1/author/item4/608-b14-start-037-vlan.pcap.json
blob	181	review-evidence/608-b14-r1/author/item4/608-b14-start-038-control.pcap.json
blob	181	review-evidence/608-b14-r1/author/item4/608-b14-start-038-plain.pcap.json
blob	186	review-evidence/608-b14-r1/author/item4/608-b14-start-038-vlan.pcap.json
blob	181	review-evidence/608-b14-r1/author/item4/608-b14-start-039-control.pcap.json
blob	181	review-evidence/608-b14-r1/author/item4/608-b14-start-039-plain.pcap.json
blob	186	review-evidence/608-b14-r1/author/item4/608-b14-start-039-vlan.pcap.json
blob	181	review-evidence/608-b14-r1/author/item4/608-b14-start-040-control.pcap.json
blob	181	review-evidence/608-b14-r1/author/item4/608-b14-start-040-plain.pcap.json
blob	186	review-evidence/608-b14-r1/author/item4/608-b14-start-040-vlan.pcap.json
blob	181	review-evidence/608-b14-r1/author/item4/608-b14-start-041-control.pcap.json
blob	181	review-evidence/608-b14-r1/author/item4/608-b14-start-041-plain.pcap.json
blob	186	review-evidence/608-b14-r1/author/item4/608-b14-start-041-vlan.pcap.json
blob	181	review-evidence/608-b14-r1/author/item4/608-b14-start-042-control.pcap.json
blob	181	review-evidence/608-b14-r1/author/item4/608-b14-start-042-plain.pcap.json
blob	186	review-evidence/608-b14-r1/author/item4/608-b14-start-042-vlan.pcap.json
blob	181	review-evidence/608-b14-r1/author/item4/608-b14-start-043-control.pcap.json
blob	181	review-evidence/608-b14-r1/author/item4/608-b14-start-043-plain.pcap.json
blob	186	review-evidence/608-b14-r1/author/item4/608-b14-start-043-vlan.pcap.json
blob	181	review-evidence/608-b14-r1/author/item4/608-b14-start-044-control.pcap.json
blob	181	review-evidence/608-b14-r1/author/item4/608-b14-start-044-plain.pcap.json
blob	186	review-evidence/608-b14-r1/author/item4/608-b14-start-044-vlan.pcap.json
blob	181	review-evidence/608-b14-r1/author/item4/608-b14-start-045-control.pcap.json
blob	181	review-evidence/608-b14-r1/author/item4/608-b14-start-045-plain.pcap.json
blob	186	review-evidence/608-b14-r1/author/item4/608-b14-start-045-vlan.pcap.json
blob	181	review-evidence/608-b14-r1/author/item4/608-b14-start-046-control.pcap.json
blob	181	review-evidence/608-b14-r1/author/item4/608-b14-start-046-plain.pcap.json
blob	186	review-evidence/608-b14-r1/author/item4/608-b14-start-046-vlan.pcap.json
blob	181	review-evidence/608-b14-r1/author/item4/608-b14-start-047-control.pcap.json
blob	181	review-evidence/608-b14-r1/author/item4/608-b14-start-047-plain.pcap.json
blob	186	review-evidence/608-b14-r1/author/item4/608-b14-start-047-vlan.pcap.json
blob	181	review-evidence/608-b14-r1/author/item4/608-b14-start-048-control.pcap.json
blob	181	review-evidence/608-b14-r1/author/item4/608-b14-start-048-plain.pcap.json
blob	186	review-evidence/608-b14-r1/author/item4/608-b14-start-048-vlan.pcap.json
blob	181	review-evidence/608-b14-r1/author/item4/608-b14-start-049-control.pcap.json
blob	181	review-evidence/608-b14-r1/author/item4/608-b14-start-049-plain.pcap.json
blob	186	review-evidence/608-b14-r1/author/item4/608-b14-start-049-vlan.pcap.json
blob	181	review-evidence/608-b14-r1/author/item4/608-b14-start-050-control.pcap.json
blob	181	review-evidence/608-b14-r1/author/item4/608-b14-start-050-plain.pcap.json
blob	186	review-evidence/608-b14-r1/author/item4/608-b14-start-050-vlan.pcap.json
blob	181	review-evidence/608-b14-r1/author/item4/608-b14-start-051-control.pcap.json
blob	181	review-evidence/608-b14-r1/author/item4/608-b14-start-051-plain.pcap.json
blob	186	review-evidence/608-b14-r1/author/item4/608-b14-start-051-vlan.pcap.json
blob	181	review-evidence/608-b14-r1/author/item4/608-b14-start-052-control.pcap.json
blob	181	review-evidence/608-b14-r1/author/item4/608-b14-start-052-plain.pcap.json
blob	186	review-evidence/608-b14-r1/author/item4/608-b14-start-052-vlan.pcap.json
blob	181	review-evidence/608-b14-r1/author/item4/608-b14-start-053-control.pcap.json
blob	181	review-evidence/608-b14-r1/author/item4/608-b14-start-053-plain.pcap.json
blob	186	review-evidence/608-b14-r1/author/item4/608-b14-start-053-vlan.pcap.json
blob	181	review-evidence/608-b14-r1/author/item4/608-b14-start-054-control.pcap.json
blob	181	review-evidence/608-b14-r1/author/item4/608-b14-start-054-plain.pcap.json
blob	186	review-evidence/608-b14-r1/author/item4/608-b14-start-054-vlan.pcap.json
blob	181	review-evidence/608-b14-r1/author/item4/608-b14-start-055-control.pcap.json
blob	181	review-evidence/608-b14-r1/author/item4/608-b14-start-055-plain.pcap.json
blob	186	review-evidence/608-b14-r1/author/item4/608-b14-start-055-vlan.pcap.json
blob	181	review-evidence/608-b14-r1/author/item4/608-b14-start-056-control.pcap.json
blob	181	review-evidence/608-b14-r1/author/item4/608-b14-start-056-plain.pcap.json
blob	186	review-evidence/608-b14-r1/author/item4/608-b14-start-056-vlan.pcap.json
blob	181	review-evidence/608-b14-r1/author/item4/608-b14-start-057-control.pcap.json
blob	181	review-evidence/608-b14-r1/author/item4/608-b14-start-057-plain.pcap.json
blob	186	review-evidence/608-b14-r1/author/item4/608-b14-start-057-vlan.pcap.json
blob	181	review-evidence/608-b14-r1/author/item4/608-b14-start-058-control.pcap.json
blob	181	review-evidence/608-b14-r1/author/item4/608-b14-start-058-plain.pcap.json
blob	186	review-evidence/608-b14-r1/author/item4/608-b14-start-058-vlan.pcap.json
blob	181	review-evidence/608-b14-r1/author/item4/608-b14-start-059-control.pcap.json
blob	181	review-evidence/608-b14-r1/author/item4/608-b14-start-059-plain.pcap.json
blob	186	review-evidence/608-b14-r1/author/item4/608-b14-start-059-vlan.pcap.json
blob	181	review-evidence/608-b14-r1/author/item4/608-b14-start-060-control.pcap.json
blob	181	review-evidence/608-b14-r1/author/item4/608-b14-start-060-plain.pcap.json
blob	186	review-evidence/608-b14-r1/author/item4/608-b14-start-060-vlan.pcap.json
blob	181	review-evidence/608-b14-r1/author/item4/608-b14-start-061-control.pcap.json
blob	181	review-evidence/608-b14-r1/author/item4/608-b14-start-061-plain.pcap.json
blob	186	review-evidence/608-b14-r1/author/item4/608-b14-start-061-vlan.pcap.json
blob	181	review-evidence/608-b14-r1/author/item4/608-b14-start-062-control.pcap.json
blob	181	review-evidence/608-b14-r1/author/item4/608-b14-start-062-plain.pcap.json
blob	186	review-evidence/608-b14-r1/author/item4/608-b14-start-062-vlan.pcap.json
blob	181	review-evidence/608-b14-r1/author/item4/608-b14-start-063-control.pcap.json
blob	181	review-evidence/608-b14-r1/author/item4/608-b14-start-063-plain.pcap.json
blob	186	review-evidence/608-b14-r1/author/item4/608-b14-start-063-vlan.pcap.json
blob	181	review-evidence/608-b14-r1/author/item4/608-b14-start-064-control.pcap.json
blob	181	review-evidence/608-b14-r1/author/item4/608-b14-start-064-plain.pcap.json
blob	186	review-evidence/608-b14-r1/author/item4/608-b14-start-064-vlan.pcap.json
blob	181	review-evidence/608-b14-r1/author/item4/608-b14-start-065-control.pcap.json
blob	181	review-evidence/608-b14-r1/author/item4/608-b14-start-065-plain.pcap.json
blob	186	review-evidence/608-b14-r1/author/item4/608-b14-start-065-vlan.pcap.json
blob	181	review-evidence/608-b14-r1/author/item4/608-b14-start-066-control.pcap.json
blob	181	review-evidence/608-b14-r1/author/item4/608-b14-start-066-plain.pcap.json
blob	186	review-evidence/608-b14-r1/author/item4/608-b14-start-066-vlan.pcap.json
blob	181	review-evidence/608-b14-r1/author/item4/608-b14-start-067-control.pcap.json
blob	181	review-evidence/608-b14-r1/author/item4/608-b14-start-067-plain.pcap.json
blob	186	review-evidence/608-b14-r1/author/item4/608-b14-start-067-vlan.pcap.json
blob	181	review-evidence/608-b14-r1/author/item4/608-b14-start-068-control.pcap.json
blob	181	review-evidence/608-b14-r1/author/item4/608-b14-start-068-plain.pcap.json
blob	186	review-evidence/608-b14-r1/author/item4/608-b14-start-068-vlan.pcap.json
blob	181	review-evidence/608-b14-r1/author/item4/608-b14-start-069-control.pcap.json
blob	181	review-evidence/608-b14-r1/author/item4/608-b14-start-069-plain.pcap.json
blob	186	review-evidence/608-b14-r1/author/item4/608-b14-start-069-vlan.pcap.json
blob	181	review-evidence/608-b14-r1/author/item4/608-b14-start-070-control.pcap.json
blob	181	review-evidence/608-b14-r1/author/item4/608-b14-start-070-plain.pcap.json
blob	186	review-evidence/608-b14-r1/author/item4/608-b14-start-070-vlan.pcap.json
blob	181	review-evidence/608-b14-r1/author/item4/608-b14-start-071-control.pcap.json
blob	181	review-evidence/608-b14-r1/author/item4/608-b14-start-071-plain.pcap.json
blob	186	review-evidence/608-b14-r1/author/item4/608-b14-start-071-vlan.pcap.json
blob	181	review-evidence/608-b14-r1/author/item4/608-b14-start-072-control.pcap.json
blob	181	review-evidence/608-b14-r1/author/item4/608-b14-start-072-plain.pcap.json
blob	186	review-evidence/608-b14-r1/author/item4/608-b14-start-072-vlan.pcap.json
blob	181	review-evidence/608-b14-r1/author/item4/608-b14-start-073-control.pcap.json
blob	181	review-evidence/608-b14-r1/author/item4/608-b14-start-073-plain.pcap.json
blob	186	review-evidence/608-b14-r1/author/item4/608-b14-start-073-vlan.pcap.json
blob	181	review-evidence/608-b14-r1/author/item4/608-b14-start-074-control.pcap.json
blob	181	review-evidence/608-b14-r1/author/item4/608-b14-start-074-plain.pcap.json
blob	186	review-evidence/608-b14-r1/author/item4/608-b14-start-074-vlan.pcap.json
blob	181	review-evidence/608-b14-r1/author/item4/608-b14-start-075-control.pcap.json
blob	181	review-evidence/608-b14-r1/author/item4/608-b14-start-075-plain.pcap.json
blob	186	review-evidence/608-b14-r1/author/item4/608-b14-start-075-vlan.pcap.json
blob	181	review-evidence/608-b14-r1/author/item4/608-b14-start-076-control.pcap.json
blob	181	review-evidence/608-b14-r1/author/item4/608-b14-start-076-plain.pcap.json
blob	186	review-evidence/608-b14-r1/author/item4/608-b14-start-076-vlan.pcap.json
blob	181	review-evidence/608-b14-r1/author/item4/608-b14-start-077-control.pcap.json
blob	181	review-evidence/608-b14-r1/author/item4/608-b14-start-077-plain.pcap.json
blob	186	review-evidence/608-b14-r1/author/item4/608-b14-start-077-vlan.pcap.json
blob	181	review-evidence/608-b14-r1/author/item4/608-b14-start-078-control.pcap.json
blob	181	review-evidence/608-b14-r1/author/item4/608-b14-start-078-plain.pcap.json
blob	186	review-evidence/608-b14-r1/author/item4/608-b14-start-078-vlan.pcap.json
blob	181	review-evidence/608-b14-r1/author/item4/608-b14-start-079-control.pcap.json
blob	181	review-evidence/608-b14-r1/author/item4/608-b14-start-079-plain.pcap.json
blob	186	review-evidence/608-b14-r1/author/item4/608-b14-start-079-vlan.pcap.json
blob	181	review-evidence/608-b14-r1/author/item4/608-b14-start-080-control.pcap.json
blob	181	review-evidence/608-b14-r1/author/item4/608-b14-start-080-plain.pcap.json
blob	186	review-evidence/608-b14-r1/author/item4/608-b14-start-080-vlan.pcap.json
blob	181	review-evidence/608-b14-r1/author/item4/608-b14-start-081-control.pcap.json
blob	181	review-evidence/608-b14-r1/author/item4/608-b14-start-081-plain.pcap.json
blob	186	review-evidence/608-b14-r1/author/item4/608-b14-start-081-vlan.pcap.json
blob	181	review-evidence/608-b14-r1/author/item4/608-b14-start-082-control.pcap.json
blob	181	review-evidence/608-b14-r1/author/item4/608-b14-start-082-plain.pcap.json
blob	186	review-evidence/608-b14-r1/author/item4/608-b14-start-082-vlan.pcap.json
blob	181	review-evidence/608-b14-r1/author/item4/608-b14-start-083-control.pcap.json
blob	181	review-evidence/608-b14-r1/author/item4/608-b14-start-083-plain.pcap.json
blob	186	review-evidence/608-b14-r1/author/item4/608-b14-start-083-vlan.pcap.json
blob	181	review-evidence/608-b14-r1/author/item4/608-b14-start-084-control.pcap.json
blob	181	review-evidence/608-b14-r1/author/item4/608-b14-start-084-plain.pcap.json
blob	186	review-evidence/608-b14-r1/author/item4/608-b14-start-084-vlan.pcap.json
blob	181	review-evidence/608-b14-r1/author/item4/608-b14-start-085-control.pcap.json
blob	181	review-evidence/608-b14-r1/author/item4/608-b14-start-085-plain.pcap.json
blob	186	review-evidence/608-b14-r1/author/item4/608-b14-start-085-vlan.pcap.json
blob	181	review-evidence/608-b14-r1/author/item4/608-b14-start-086-control.pcap.json
blob	181	review-evidence/608-b14-r1/author/item4/608-b14-start-086-plain.pcap.json
blob	186	review-evidence/608-b14-r1/author/item4/608-b14-start-086-vlan.pcap.json
blob	181	review-evidence/608-b14-r1/author/item4/608-b14-start-087-control.pcap.json
blob	181	review-evidence/608-b14-r1/author/item4/608-b14-start-087-plain.pcap.json
blob	186	review-evidence/608-b14-r1/author/item4/608-b14-start-087-vlan.pcap.json
blob	181	review-evidence/608-b14-r1/author/item4/608-b14-start-088-control.pcap.json
blob	181	review-evidence/608-b14-r1/author/item4/608-b14-start-088-plain.pcap.json
blob	186	review-evidence/608-b14-r1/author/item4/608-b14-start-088-vlan.pcap.json
blob	181	review-evidence/608-b14-r1/author/item4/608-b14-start-089-control.pcap.json
blob	181	review-evidence/608-b14-r1/author/item4/608-b14-start-089-plain.pcap.json
blob	186	review-evidence/608-b14-r1/author/item4/608-b14-start-089-vlan.pcap.json
blob	181	review-evidence/608-b14-r1/author/item4/608-b14-start-090-control.pcap.json
blob	181	review-evidence/608-b14-r1/author/item4/608-b14-start-090-plain.pcap.json
blob	186	review-evidence/608-b14-r1/author/item4/608-b14-start-090-vlan.pcap.json
blob	181	review-evidence/608-b14-r1/author/item4/608-b14-start-091-control.pcap.json
blob	181	review-evidence/608-b14-r1/author/item4/608-b14-start-091-plain.pcap.json
blob	186	review-evidence/608-b14-r1/author/item4/608-b14-start-091-vlan.pcap.json
blob	181	review-evidence/608-b14-r1/author/item4/608-b14-start-092-control.pcap.json
blob	181	review-evidence/608-b14-r1/author/item4/608-b14-start-092-plain.pcap.json
blob	186	review-evidence/608-b14-r1/author/item4/608-b14-start-092-vlan.pcap.json
blob	181	review-evidence/608-b14-r1/author/item4/608-b14-start-093-control.pcap.json
blob	181	review-evidence/608-b14-r1/author/item4/608-b14-start-093-plain.pcap.json
blob	186	review-evidence/608-b14-r1/author/item4/608-b14-start-093-vlan.pcap.json
blob	181	review-evidence/608-b14-r1/author/item4/608-b14-start-094-control.pcap.json
blob	181	review-evidence/608-b14-r1/author/item4/608-b14-start-094-plain.pcap.json
blob	186	review-evidence/608-b14-r1/author/item4/608-b14-start-094-vlan.pcap.json
blob	181	review-evidence/608-b14-r1/author/item4/608-b14-start-095-control.pcap.json
blob	181	review-evidence/608-b14-r1/author/item4/608-b14-start-095-plain.pcap.json
blob	186	review-evidence/608-b14-r1/author/item4/608-b14-start-095-vlan.pcap.json
blob	181	review-evidence/608-b14-r1/author/item4/608-b14-start-096-control.pcap.json
blob	181	review-evidence/608-b14-r1/author/item4/608-b14-start-096-plain.pcap.json
blob	186	review-evidence/608-b14-r1/author/item4/608-b14-start-096-vlan.pcap.json
blob	181	review-evidence/608-b14-r1/author/item4/608-b14-start-097-control.pcap.json
blob	181	review-evidence/608-b14-r1/author/item4/608-b14-start-097-plain.pcap.json
blob	186	review-evidence/608-b14-r1/author/item4/608-b14-start-097-vlan.pcap.json
blob	181	review-evidence/608-b14-r1/author/item4/608-b14-start-098-control.pcap.json
blob	181	review-evidence/608-b14-r1/author/item4/608-b14-start-098-plain.pcap.json
blob	186	review-evidence/608-b14-r1/author/item4/608-b14-start-098-vlan.pcap.json
blob	181	review-evidence/608-b14-r1/author/item4/608-b14-start-099-control.pcap.json
blob	181	review-evidence/608-b14-r1/author/item4/608-b14-start-099-plain.pcap.json
blob	186	review-evidence/608-b14-r1/author/item4/608-b14-start-099-vlan.pcap.json
blob	181	review-evidence/608-b14-r1/author/item4/608-b14-start-100-control.pcap.json
blob	181	review-evidence/608-b14-r1/author/item4/608-b14-start-100-plain.pcap.json
blob	186	review-evidence/608-b14-r1/author/item4/608-b14-start-100-vlan.pcap.json
blob	47988	review-evidence/608-b14-r1/author/item4/MANIFEST.sha256
blob	550	review-evidence/608-b14-r1/author/item4/asfound-rebind.jsonl
blob	408	review-evidence/608-b14-r1/author/item4/asfound-release.jsonl
blob	56200	review-evidence/608-b14-r1/author/item4/capture-artifacts.jsonl
blob	6500	review-evidence/608-b14-r1/author/item4/ledger.tsv
blob	697	review-evidence/608-b14-r1/author/item4/rebind.out
blob	555	review-evidence/608-b14-r1/author/item4/release.out
blob	13052	review-evidence/608-b14-r1/author/item4/run-events.jsonl
blob	9453	review-evidence/608-b14-r1/author/item4/short-summary-001-050.json
blob	9453	review-evidence/608-b14-r1/author/item4/short-summary-051-100.json
blob	18503	review-evidence/608-b14-r1/author/item4/start-001-wire.json
blob	6378	review-evidence/608-b14-r1/author/item4/start-001.json
blob	18509	review-evidence/608-b14-r1/author/item4/start-002-wire.json
blob	6375	review-evidence/608-b14-r1/author/item4/start-002.json
blob	18512	review-evidence/608-b14-r1/author/item4/start-003-wire.json
blob	6375	review-evidence/608-b14-r1/author/item4/start-003.json
blob	18517	review-evidence/608-b14-r1/author/item4/start-004-wire.json
blob	6375	review-evidence/608-b14-r1/author/item4/start-004.json
blob	18499	review-evidence/608-b14-r1/author/item4/start-005-wire.json
blob	6375	review-evidence/608-b14-r1/author/item4/start-005.json
blob	18494	review-evidence/608-b14-r1/author/item4/start-006-wire.json
blob	6196	review-evidence/608-b14-r1/author/item4/start-006.json
blob	18511	review-evidence/608-b14-r1/author/item4/start-007-wire.json
blob	6375	review-evidence/608-b14-r1/author/item4/start-007.json
blob	18503	review-evidence/608-b14-r1/author/item4/start-008-wire.json
blob	6375	review-evidence/608-b14-r1/author/item4/start-008.json
blob	18536	review-evidence/608-b14-r1/author/item4/start-009-wire.json
blob	6375	review-evidence/608-b14-r1/author/item4/start-009.json
blob	18495	review-evidence/608-b14-r1/author/item4/start-010-wire.json
blob	6375	review-evidence/608-b14-r1/author/item4/start-010.json
blob	18531	review-evidence/608-b14-r1/author/item4/start-011-wire.json
blob	6196	review-evidence/608-b14-r1/author/item4/start-011.json
blob	18514	review-evidence/608-b14-r1/author/item4/start-012-wire.json
blob	6375	review-evidence/608-b14-r1/author/item4/start-012.json
blob	18514	review-evidence/608-b14-r1/author/item4/start-013-wire.json
blob	6375	review-evidence/608-b14-r1/author/item4/start-013.json
blob	18502	review-evidence/608-b14-r1/author/item4/start-014-wire.json
blob	6375	review-evidence/608-b14-r1/author/item4/start-014.json
blob	18537	review-evidence/608-b14-r1/author/item4/start-015-wire.json
blob	6375	review-evidence/608-b14-r1/author/item4/start-015.json
blob	18512	review-evidence/608-b14-r1/author/item4/start-016-wire.json
blob	6375	review-evidence/608-b14-r1/author/item4/start-016.json
blob	18509	review-evidence/608-b14-r1/author/item4/start-017-wire.json
blob	6375	review-evidence/608-b14-r1/author/item4/start-017.json
blob	18511	review-evidence/608-b14-r1/author/item4/start-018-wire.json
blob	6375	review-evidence/608-b14-r1/author/item4/start-018.json
blob	18520	review-evidence/608-b14-r1/author/item4/start-019-wire.json
blob	6375	review-evidence/608-b14-r1/author/item4/start-019.json
blob	18504	review-evidence/608-b14-r1/author/item4/start-020-wire.json
blob	6375	review-evidence/608-b14-r1/author/item4/start-020.json
blob	18526	review-evidence/608-b14-r1/author/item4/start-021-wire.json
blob	6375	review-evidence/608-b14-r1/author/item4/start-021.json
blob	18511	review-evidence/608-b14-r1/author/item4/start-022-wire.json
blob	6375	review-evidence/608-b14-r1/author/item4/start-022.json
blob	18527	review-evidence/608-b14-r1/author/item4/start-023-wire.json
blob	6375	review-evidence/608-b14-r1/author/item4/start-023.json
blob	18514	review-evidence/608-b14-r1/author/item4/start-024-wire.json
blob	6375	review-evidence/608-b14-r1/author/item4/start-024.json
blob	18491	review-evidence/608-b14-r1/author/item4/start-025-wire.json
blob	6196	review-evidence/608-b14-r1/author/item4/start-025.json
blob	18525	review-evidence/608-b14-r1/author/item4/start-026-wire.json
blob	6375	review-evidence/608-b14-r1/author/item4/start-026.json
blob	18514	review-evidence/608-b14-r1/author/item4/start-027-wire.json
blob	6375	review-evidence/608-b14-r1/author/item4/start-027.json
blob	18525	review-evidence/608-b14-r1/author/item4/start-028-wire.json
blob	6375	review-evidence/608-b14-r1/author/item4/start-028.json
blob	18495	review-evidence/608-b14-r1/author/item4/start-029-wire.json
blob	6375	review-evidence/608-b14-r1/author/item4/start-029.json
blob	18539	review-evidence/608-b14-r1/author/item4/start-030-wire.json
blob	6196	review-evidence/608-b14-r1/author/item4/start-030.json
blob	18496	review-evidence/608-b14-r1/author/item4/start-031-wire.json
blob	6375	review-evidence/608-b14-r1/author/item4/start-031.json
blob	18528	review-evidence/608-b14-r1/author/item4/start-032-wire.json
blob	6375	review-evidence/608-b14-r1/author/item4/start-032.json
blob	18503	review-evidence/608-b14-r1/author/item4/start-033-wire.json
blob	6375	review-evidence/608-b14-r1/author/item4/start-033.json
blob	18516	review-evidence/608-b14-r1/author/item4/start-034-wire.json
blob	6375	review-evidence/608-b14-r1/author/item4/start-034.json
blob	18513	review-evidence/608-b14-r1/author/item4/start-035-wire.json
blob	6375	review-evidence/608-b14-r1/author/item4/start-035.json
blob	18515	review-evidence/608-b14-r1/author/item4/start-036-wire.json
blob	6375	review-evidence/608-b14-r1/author/item4/start-036.json
blob	18505	review-evidence/608-b14-r1/author/item4/start-037-wire.json
blob	6375	review-evidence/608-b14-r1/author/item4/start-037.json
blob	18519	review-evidence/608-b14-r1/author/item4/start-038-wire.json
blob	6375	review-evidence/608-b14-r1/author/item4/start-038.json
blob	18493	review-evidence/608-b14-r1/author/item4/start-039-wire.json
blob	6375	review-evidence/608-b14-r1/author/item4/start-039.json
blob	18524	review-evidence/608-b14-r1/author/item4/start-040-wire.json
blob	6375	review-evidence/608-b14-r1/author/item4/start-040.json
blob	18520	review-evidence/608-b14-r1/author/item4/start-041-wire.json
blob	6375	review-evidence/608-b14-r1/author/item4/start-041.json
blob	18532	review-evidence/608-b14-r1/author/item4/start-042-wire.json
blob	6194	review-evidence/608-b14-r1/author/item4/start-042.json
blob	18484	review-evidence/608-b14-r1/author/item4/start-043-wire.json
blob	6375	review-evidence/608-b14-r1/author/item4/start-043.json
blob	18531	review-evidence/608-b14-r1/author/item4/start-044-wire.json
blob	6375	review-evidence/608-b14-r1/author/item4/start-044.json
blob	18503	review-evidence/608-b14-r1/author/item4/start-045-wire.json
blob	6375	review-evidence/608-b14-r1/author/item4/start-045.json
blob	18542	review-evidence/608-b14-r1/author/item4/start-046-wire.json
blob	6375	review-evidence/608-b14-r1/author/item4/start-046.json
blob	18502	review-evidence/608-b14-r1/author/item4/start-047-wire.json
blob	6196	review-evidence/608-b14-r1/author/item4/start-047.json
blob	18515	review-evidence/608-b14-r1/author/item4/start-048-wire.json
blob	6375	review-evidence/608-b14-r1/author/item4/start-048.json
blob	18511	review-evidence/608-b14-r1/author/item4/start-049-wire.json
blob	6375	review-evidence/608-b14-r1/author/item4/start-049.json
blob	18512	review-evidence/608-b14-r1/author/item4/start-050-wire.json
blob	6196	review-evidence/608-b14-r1/author/item4/start-050.json
blob	18503	review-evidence/608-b14-r1/author/item4/start-051-wire.json
blob	6371	review-evidence/608-b14-r1/author/item4/start-051.json
blob	18515	review-evidence/608-b14-r1/author/item4/start-052-wire.json
blob	6196	review-evidence/608-b14-r1/author/item4/start-052.json
blob	18509	review-evidence/608-b14-r1/author/item4/start-053-wire.json
blob	6375	review-evidence/608-b14-r1/author/item4/start-053.json
blob	18509	review-evidence/608-b14-r1/author/item4/start-054-wire.json
blob	6375	review-evidence/608-b14-r1/author/item4/start-054.json
blob	18498	review-evidence/608-b14-r1/author/item4/start-055-wire.json
blob	6375	review-evidence/608-b14-r1/author/item4/start-055.json
blob	18512	review-evidence/608-b14-r1/author/item4/start-056-wire.json
blob	6375	review-evidence/608-b14-r1/author/item4/start-056.json
blob	18503	review-evidence/608-b14-r1/author/item4/start-057-wire.json
blob	6196	review-evidence/608-b14-r1/author/item4/start-057.json
blob	18503	review-evidence/608-b14-r1/author/item4/start-058-wire.json
blob	6375	review-evidence/608-b14-r1/author/item4/start-058.json
blob	18528	review-evidence/608-b14-r1/author/item4/start-059-wire.json
blob	6375	review-evidence/608-b14-r1/author/item4/start-059.json
blob	18516	review-evidence/608-b14-r1/author/item4/start-060-wire.json
blob	6375	review-evidence/608-b14-r1/author/item4/start-060.json
blob	18514	review-evidence/608-b14-r1/author/item4/start-061-wire.json
blob	6375	review-evidence/608-b14-r1/author/item4/start-061.json
blob	18514	review-evidence/608-b14-r1/author/item4/start-062-wire.json
blob	6375	review-evidence/608-b14-r1/author/item4/start-062.json
blob	18514	review-evidence/608-b14-r1/author/item4/start-063-wire.json
blob	6375	review-evidence/608-b14-r1/author/item4/start-063.json
blob	18513	review-evidence/608-b14-r1/author/item4/start-064-wire.json
blob	6375	review-evidence/608-b14-r1/author/item4/start-064.json
blob	18514	review-evidence/608-b14-r1/author/item4/start-065-wire.json
blob	6375	review-evidence/608-b14-r1/author/item4/start-065.json
blob	18503	review-evidence/608-b14-r1/author/item4/start-066-wire.json
blob	6375	review-evidence/608-b14-r1/author/item4/start-066.json
blob	18532	review-evidence/608-b14-r1/author/item4/start-067-wire.json
blob	6375	review-evidence/608-b14-r1/author/item4/start-067.json
blob	18483	review-evidence/608-b14-r1/author/item4/start-068-wire.json
blob	6375	review-evidence/608-b14-r1/author/item4/start-068.json
blob	18522	review-evidence/608-b14-r1/author/item4/start-069-wire.json
blob	6196	review-evidence/608-b14-r1/author/item4/start-069.json
blob	18522	review-evidence/608-b14-r1/author/item4/start-070-wire.json
blob	6375	review-evidence/608-b14-r1/author/item4/start-070.json
blob	18518	review-evidence/608-b14-r1/author/item4/start-071-wire.json
blob	6375	review-evidence/608-b14-r1/author/item4/start-071.json
blob	18483	review-evidence/608-b14-r1/author/item4/start-072-wire.json
blob	6375	review-evidence/608-b14-r1/author/item4/start-072.json
blob	18533	review-evidence/608-b14-r1/author/item4/start-073-wire.json
blob	6375	review-evidence/608-b14-r1/author/item4/start-073.json
blob	18497	review-evidence/608-b14-r1/author/item4/start-074-wire.json
blob	6375	review-evidence/608-b14-r1/author/item4/start-074.json
blob	18497	review-evidence/608-b14-r1/author/item4/start-075-wire.json
blob	6375	review-evidence/608-b14-r1/author/item4/start-075.json
blob	18506	review-evidence/608-b14-r1/author/item4/start-076-wire.json
blob	6375	review-evidence/608-b14-r1/author/item4/start-076.json
blob	18524	review-evidence/608-b14-r1/author/item4/start-077-wire.json
blob	6375	review-evidence/608-b14-r1/author/item4/start-077.json
blob	18492	review-evidence/608-b14-r1/author/item4/start-078-wire.json
blob	6375	review-evidence/608-b14-r1/author/item4/start-078.json
blob	18523	review-evidence/608-b14-r1/author/item4/start-079-wire.json
blob	6196	review-evidence/608-b14-r1/author/item4/start-079.json
blob	18508	review-evidence/608-b14-r1/author/item4/start-080-wire.json
blob	6375	review-evidence/608-b14-r1/author/item4/start-080.json
blob	18513	review-evidence/608-b14-r1/author/item4/start-081-wire.json
blob	6375	review-evidence/608-b14-r1/author/item4/start-081.json
blob	18512	review-evidence/608-b14-r1/author/item4/start-082-wire.json
blob	6375	review-evidence/608-b14-r1/author/item4/start-082.json
blob	18515	review-evidence/608-b14-r1/author/item4/start-083-wire.json
blob	6375	review-evidence/608-b14-r1/author/item4/start-083.json
blob	18526	review-evidence/608-b14-r1/author/item4/start-084-wire.json
blob	6375	review-evidence/608-b14-r1/author/item4/start-084.json
blob	18526	review-evidence/608-b14-r1/author/item4/start-085-wire.json
blob	6196	review-evidence/608-b14-r1/author/item4/start-085.json
blob	18502	review-evidence/608-b14-r1/author/item4/start-086-wire.json
blob	6375	review-evidence/608-b14-r1/author/item4/start-086.json
blob	18525	review-evidence/608-b14-r1/author/item4/start-087-wire.json
blob	6375	review-evidence/608-b14-r1/author/item4/start-087.json
blob	18523	review-evidence/608-b14-r1/author/item4/start-088-wire.json
blob	6196	review-evidence/608-b14-r1/author/item4/start-088.json
blob	18514	review-evidence/608-b14-r1/author/item4/start-089-wire.json
blob	6375	review-evidence/608-b14-r1/author/item4/start-089.json
blob	18534	review-evidence/608-b14-r1/author/item4/start-090-wire.json
blob	6375	review-evidence/608-b14-r1/author/item4/start-090.json
blob	18503	review-evidence/608-b14-r1/author/item4/start-091-wire.json
blob	6375	review-evidence/608-b14-r1/author/item4/start-091.json
blob	18520	review-evidence/608-b14-r1/author/item4/start-092-wire.json
blob	6375	review-evidence/608-b14-r1/author/item4/start-092.json
blob	18503	review-evidence/608-b14-r1/author/item4/start-093-wire.json
blob	6196	review-evidence/608-b14-r1/author/item4/start-093.json
blob	18508	review-evidence/608-b14-r1/author/item4/start-094-wire.json
blob	6375	review-evidence/608-b14-r1/author/item4/start-094.json
blob	18506	review-evidence/608-b14-r1/author/item4/start-095-wire.json
blob	6375	review-evidence/608-b14-r1/author/item4/start-095.json
blob	18517	review-evidence/608-b14-r1/author/item4/start-096-wire.json
blob	6196	review-evidence/608-b14-r1/author/item4/start-096.json
blob	18514	review-evidence/608-b14-r1/author/item4/start-097-wire.json
blob	6375	review-evidence/608-b14-r1/author/item4/start-097.json
blob	18512	review-evidence/608-b14-r1/author/item4/start-098-wire.json
blob	6375	review-evidence/608-b14-r1/author/item4/start-098.json
blob	18494	review-evidence/608-b14-r1/author/item4/start-099-wire.json
blob	6196	review-evidence/608-b14-r1/author/item4/start-099.json
blob	18512	review-evidence/608-b14-r1/author/item4/start-100-wire.json
blob	6375	review-evidence/608-b14-r1/author/item4/start-100.json
blob	6673	review-evidence/608-b14-r1/author/item4/starts-001.out
blob	6673	review-evidence/608-b14-r1/author/item4/starts-051.out
blob	8428	review-evidence/608-b14-r1/author/item4/startup-cycles.csv
blob	87623	review-evidence/608-b14-r1/author/item4/startup-first-ten.csv
blob	637	review-evidence/608-b14-r1/author/item4/startup-summary.json
tree		review-evidence/608-b14-r1/author/maap
blob	1502	review-evidence/608-b14-r1/author/maap/summary.json
tree		review-evidence/608-b14-r1/author/precheck
blob	722	review-evidence/608-b14-r1/author/precheck/host-checks-s3.json
blob	973	review-evidence/608-b14-r1/author/precheck/host-checks.json
tree		review-evidence/608-b14-r1/author/raw-index
blob	10010	review-evidence/608-b14-r1/author/raw-index/item2.jsonl
blob	28549	review-evidence/608-b14-r1/author/raw-index/item3.jsonl
blob	47143	review-evidence/608-b14-r1/author/raw-index/item4.jsonl
blob	2680	review-evidence/608-b14-r1/author/raw-index/other.jsonl
blob	114938	review-evidence/608-b14-r1/author/raw-index/soak.jsonl
tree		review-evidence/608-b14-r1/author/redaction-index
blob	110317	review-evidence/608-b14-r1/author/redaction-index/item3-cycles-001-050.json
blob	112355	review-evidence/608-b14-r1/author/redaction-index/item3-cycles-051-101.json
blob	5747	review-evidence/608-b14-r1/author/redaction-index/soak.json
blob	4854	review-evidence/608-b14-r1/author/redaction.json
tree		review-evidence/608-b14-r1/author/restore
blob	6413	review-evidence/608-b14-r1/author/restore/asfound-rx.jsonl
blob	2501	review-evidence/608-b14-r1/author/restore/console-final.txt
blob	367	review-evidence/608-b14-r1/author/restore/controller-cleanup.txt
blob	315	review-evidence/608-b14-r1/author/restore/final-dut-in0.jsonl
blob	315	review-evidence/608-b14-r1/author/restore/final-dut-in1.jsonl
blob	1035	review-evidence/608-b14-r1/author/restore/final-maps.jsonl
blob	291	review-evidence/608-b14-r1/author/restore/final-peer-in8.jsonl
blob	2867	review-evidence/608-b14-r1/author/restore/peer-clock-sources.jsonl
blob	1030	review-evidence/608-b14-r1/author/restore/restore-compare.txt
blob	289	review-evidence/608-b14-r1/author/restore/restore-end.out
blob	289	review-evidence/608-b14-r1/author/restore/tap-cleanup.txt
blob	407	review-evidence/608-b14-r1/author/restore/unbind-a-aaf.jsonl
blob	407	review-evidence/608-b14-r1/author/restore/unbind-a-crf.jsonl
blob	77	review-evidence/608-b14-r1/author/review-ready-url.txt
tree		review-evidence/608-b14-r1/author/session1
blob	3710	review-evidence/608-b14-r1/author/session1/HANDOFF-session1.md
blob	718	review-evidence/608-b14-r1/author/session1/MANIFEST.sha256
blob	792	review-evidence/608-b14-r1/author/session1/PR-BODY.md
blob	2071	review-evidence/608-b14-r1/author/session1/STOP.md
blob	2072	review-evidence/608-b14-r1/author/session1/STOP.readback.md
blob	1883	review-evidence/608-b14-r1/author/session1/host-checks-2.json
blob	382	review-evidence/608-b14-r1/author/session1/host-checks.json
blob	250	review-evidence/608-b14-r1/author/session1/preconditions.json
blob	77	review-evidence/608-b14-r1/author/session1/stop-url.txt
tree		review-evidence/608-b14-r1/author/session2
blob	7022	review-evidence/608-b14-r1/author/session2/HANDOFF-session2.md
blob	1254	review-evidence/608-b14-r1/author/session2/PR-BODY.md
blob	3637	review-evidence/608-b14-r1/author/session2/STOP.md
blob	3638	review-evidence/608-b14-r1/author/session2/STOP.readback.md
blob	77	review-evidence/608-b14-r1/author/session2/stop-url.txt
tree		review-evidence/608-b14-r1/author/soak
blob	4966	review-evidence/608-b14-r1/author/soak/MANIFEST.sha256
blob	548	review-evidence/608-b14-r1/author/soak/bind-a-aaf.jsonl
blob	549	review-evidence/608-b14-r1/author/soak/bind-a-crf.jsonl
blob	73202	review-evidence/608-b14-r1/author/soak/capture-artifacts.jsonl
blob	58137	review-evidence/608-b14-r1/author/soak/capture-receipts.jsonl
blob	1876	review-evidence/608-b14-r1/author/soak/chunk-00.out
blob	1882	review-evidence/608-b14-r1/author/soak/chunk-01.out
blob	1707	review-evidence/608-b14-r1/author/soak/chunk-02.out
blob	1890	review-evidence/608-b14-r1/author/soak/chunk-03.out
blob	1711	review-evidence/608-b14-r1/author/soak/chunk-04.out
blob	1709	review-evidence/608-b14-r1/author/soak/chunk-05.out
blob	1707	review-evidence/608-b14-r1/author/soak/chunk-06.out
blob	1894	review-evidence/608-b14-r1/author/soak/chunk-07.out
blob	1706	review-evidence/608-b14-r1/author/soak/chunk-08.out
blob	1893	review-evidence/608-b14-r1/author/soak/chunk-09.out
blob	1709	review-evidence/608-b14-r1/author/soak/chunk-10.out
blob	1713	review-evidence/608-b14-r1/author/soak/chunk-11.out
blob	1709	review-evidence/608-b14-r1/author/soak/chunk-12.out
blob	1714	review-evidence/608-b14-r1/author/soak/chunk-13.out
blob	1890	review-evidence/608-b14-r1/author/soak/chunk-14.out
blob	1714	review-evidence/608-b14-r1/author/soak/chunk-15.out
blob	981	review-evidence/608-b14-r1/author/soak/chunk-16.out
blob	1650	review-evidence/608-b14-r1/author/soak/console-prebind.txt
blob	1650	review-evidence/608-b14-r1/author/soak/console-soak-000.txt
blob	1650	review-evidence/608-b14-r1/author/soak/console-soak-005.txt
blob	1650	review-evidence/608-b14-r1/author/soak/console-soak-010.txt
blob	1650	review-evidence/608-b14-r1/author/soak/console-soak-015.txt
blob	1650	review-evidence/608-b14-r1/author/soak/console-soak-020.txt
blob	1650	review-evidence/608-b14-r1/author/soak/console-soak-025.txt
blob	1650	review-evidence/608-b14-r1/author/soak/console-soak-030.txt
blob	1650	review-evidence/608-b14-r1/author/soak/console-soak-035.txt
blob	1650	review-evidence/608-b14-r1/author/soak/console-soak-040.txt
blob	1650	review-evidence/608-b14-r1/author/soak/console-soak-045.txt
blob	1650	review-evidence/608-b14-r1/author/soak/console-soak-050.txt
blob	1650	review-evidence/608-b14-r1/author/soak/console-soak-055.txt
blob	1650	review-evidence/608-b14-r1/author/soak/console-soak-060.txt
blob	1650	review-evidence/608-b14-r1/author/soak/console-soak-065.txt
blob	1650	review-evidence/608-b14-r1/author/soak/console-soak-070.txt
blob	1650	review-evidence/608-b14-r1/author/soak/console-soak-075.txt
blob	1650	review-evidence/608-b14-r1/author/soak/console-soak-080.txt
blob	1650	review-evidence/608-b14-r1/author/soak/console-soak-085.txt
blob	1650	review-evidence/608-b14-r1/author/soak/console-soak-090.txt
blob	1650	review-evidence/608-b14-r1/author/soak/console-soak-095.txt
blob	1650	review-evidence/608-b14-r1/author/soak/console-soak-100.txt
blob	1650	review-evidence/608-b14-r1/author/soak/console-soak-105.txt
blob	1650	review-evidence/608-b14-r1/author/soak/console-soak-110.txt
blob	1650	review-evidence/608-b14-r1/author/soak/console-soak-115.txt
blob	1650	review-evidence/608-b14-r1/author/soak/console-soak-120.txt
blob	1537	review-evidence/608-b14-r1/author/soak/control-aecp-soak-050.txt
blob	424	review-evidence/608-b14-r1/author/soak/hive-events-summary.json
blob	6877	review-evidence/608-b14-r1/author/soak/ledger.tsv
blob	1037	review-evidence/608-b14-r1/author/soak/maps-prebind.jsonl
blob	26906	review-evidence/608-b14-r1/author/soak/run-events.jsonl
blob	328	review-evidence/608-b14-r1/author/soak/setup.out
blob	527	review-evidence/608-b14-r1/author/soak/soak-coverage.txt
blob	419	review-evidence/608-b14-r1/author/soak/soak-overlap-recovery.txt
blob	2210	review-evidence/608-b14-r1/author/soak/soak-wire-aggregate.txt
blob	291	review-evidence/608-b14-r1/author/soak/state-b-aaf.jsonl
blob	290	review-evidence/608-b14-r1/author/soak/state-b-crf.jsonl
blob	21572	review-evidence/608-b14-r1/author/soak/summary.json
tree		review-evidence/608-b14-r1/author/tools
blob	480	review-evidence/608-b14-r1/author/tools/ORIGIN-B13.sha256
blob	483	review-evidence/608-b14-r1/author/tools/ORIGIN-B2.sha256
blob	319	review-evidence/608-b14-r1/author/tools/ORIGIN-B8.sha256
blob	19764	review-evidence/608-b14-r1/author/tools/an608_b14.py
blob	10263	review-evidence/608-b14-r1/author/tools/avdecc_ro.py
blob	7785	review-evidence/608-b14-r1/author/tools/b14_controller.py
blob	1445	review-evidence/608-b14-r1/author/tools/b14_reconnect.py
blob	10093	review-evidence/608-b14-r1/author/tools/b7_decode.py
blob	12532	review-evidence/608-b14-r1/author/tools/b8_ctl.py
blob	4772	review-evidence/608-b14-r1/author/tools/bindops_b14.py
blob	2103	review-evidence/608-b14-r1/author/tools/build-inputs-s3.json
blob	1044	review-evidence/608-b14-r1/author/tools/build-receipt-s3.sh
blob	773	review-evidence/608-b14-r1/author/tools/build-receipt-s3.txt
blob	1211	review-evidence/608-b14-r1/author/tools/capture_b14.py
blob	4345	review-evidence/608-b14-r1/author/tools/console_poll_b8.py
blob	2786	review-evidence/608-b14-r1/author/tools/console_read.py
blob	15506	review-evidence/608-b14-r1/author/tools/cyc608_b14.py
blob	3707	review-evidence/608-b14-r1/author/tools/decode_capture.py
blob	1943	review-evidence/608-b14-r1/author/tools/identity_b14.sh
blob	6002	review-evidence/608-b14-r1/author/tools/maap_b14.py
blob	1743	review-evidence/608-b14-r1/author/tools/redact_b14.py
blob	1600	review-evidence/608-b14-r1/author/tools/restore_end_b14.sh
blob	554	review-evidence/608-b14-r1/author/tools/run_locked_b14.sh
blob	1100	review-evidence/608-b14-r1/author/tools/series608_b14.sh
blob	11042	review-evidence/608-b14-r1/author/tools/soak_b14.py
blob	2489	review-evidence/608-b14-r1/author/tools/soak_setup_b14.sh
blob	2696	review-evidence/608-b14-r1/author/tools/soc_check.py
blob	7682	review-evidence/608-b14-r1/author/tools/start_b14.py
blob	2764	review-evidence/608-b14-r1/author/tools/startup_report_b14.py
blob	10157	review-evidence/608-b14-r1/author/tools/summaries_b14.py
blob	24782	review-evidence/608-b14-r1/author/tools/sw_b14.py
blob	9599	review-evidence/608-b14-r1/author/tools/sw_summary_b14.py
blob	5422	review-evidence/608-b14-r1/author/tools/tapdec_b14.py
blob	10371	review-evidence/608-b14-r1/author/tools/wire_summary.py
