pdu,arrive_s,ring_margin_ticks,full_margin_ticks,render_fill,render_delay_ticks
31999,4.6001058,0.7910,10.2912,14,8.6938
32000,4.6002310,0.7834,10.2912,14,8.6938
32001,4.6003559,0.7834,10.2912,14,8.6938
32002,4.6004809,0.7910,10.2912,14,8.7014
32003,4.6006058,0.7910,10.2835,14,8.7014
32004,4.6007310,0.7834,10.2912,14,8.6938
32005,4.6008559,0.7910,10.2912,14,8.7014
32006,4.6009809,0.7910,10.2835,14,8.7014
32007,4.6011058,0.7910,10.2835,14,8.7014
32008,4.6012310,0.7910,10.2912,14,8.7014
32009,4.6013559,0.7910,10.2835,14,8.7014
32010,4.6014809,0.7987,10.2835,14,8.7014
32011,4.6016058,0.7987,10.2835,14,8.7091
32012,4.6017310,0.7910,10.2835,14,8.7014
32013,4.6018559,0.7987,10.2835,14,8.7014
32014,4.6019809,0.7987,10.2835,14,8.7091
32015,4.6021058,0.7987,10.2758,14,8.7091
32016,4.6022310,0.7987,10.2835,14,8.7014
32017,4.6023559,0.7987,10.2835,14,8.7091
32018,4.6024809,0.7987,10.2758,14,8.7091
32019,4.6026058,0.8064,10.2758,14,8.7091
32020,4.6027310,0.7987,10.2758,14,8.7091
32021,4.6028559,0.7987,10.2758,14,8.7091
32022,4.6029809,0.8064,10.2758,14,8.7168
32023,4.6031058,0.8064,10.2682,14,8.7168
32024,4.6032310,0.7987,10.2758,14,8.7091
32025,4.6033559,0.8064,10.2758,14,8.7168
32026,4.6034809,0.8064,10.2682,14,8.7168
32027,4.6036058,0.8064,10.2682,14,8.7168
32028,4.6037310,0.8064,10.2758,14,8.7168
32029,4.6038559,0.8064,10.2682,14,8.7168
32030,4.6039809,0.8141,10.2682,14,8.7168
32031,4.6041058,0.8141,10.2682,14,8.7245
32032,4.6042310,0.8064,10.2682,14,8.7168
32033,4.6043559,0.8141,10.2682,14,8.7168
32034,4.6044809,0.8141,10.2682,14,8.7245
32035,4.6046060,0.8064,10.2682,14,8.7168
32036,4.6047310,0.8141,10.2682,14,8.7168
32037,4.6048559,0.8141,10.2682,14,8.7245
32038,4.6049809,0.8141,10.2605,14,8.7245
32039,4.6051060,0.8141,10.2682,14,8.7168
32040,4.6052310,0.8141,10.2605,14,8.7245
32041,4.6053559,0.8141,10.2605,14,8.7245
32042,4.6054809,0.8218,10.2605,14,8.7245
32043,4.6056060,0.8141,10.2605,14,8.7245
32044,4.6057310,0.8141,10.2605,14,8.7245
32045,4.6058559,0.8218,10.2605,14,8.7322
32046,4.6059809,0.8218,10.2528,14,8.7322
32047,4.6061060,0.8141,10.2605,14,8.7245
32048,4.6062310,0.8218,10.2605,14,8.7322
32049,4.6063559,0.8218,10.2528,14,8.7322
32050,4.6064809,0.8218,10.2528,14,8.7322
32051,4.6066060,0.8218,10.2605,14,8.7322
32052,4.6067310,0.8218,10.2528,14,8.7322
32053,4.6068559,0.8218,10.2528,14,8.7322
32054,4.6069809,0.8294,10.2528,14,8.7398
32055,4.6071060,0.8218,10.2528,14,8.7322
32056,4.6072310,0.8294,10.2528,14,8.7322
32057,4.6073559,0.8294,10.2528,14,8.7398
32058,4.6074809,0.8294,10.2451,14,8.7398
32059,4.6076060,0.8294,10.2528,14,8.7322
32060,4.6077310,0.8294,10.2528,14,8.7398
32061,4.6078559,0.8294,10.2451,14,8.7398
32062,4.6079809,0.8371,10.2451,14,8.7398
32063,4.6081060,0.8294,10.2528,14,8.7398
32064,4.6082310,0.8294,10.2451,14,8.7398
32065,4.6083559,0.8371,10.2451,14,8.7398
32066,4.6084809,0.8371,10.2374,14,8.7475
32067,4.6086060,0.8294,10.2451,14,8.7398
32068,4.6087310,0.8371,10.2451,14,8.7398
32069,4.6088559,0.8371,10.2374,14,8.7475
32070,4.6089809,0.8371,10.2374,14,8.7475
32071,4.6091060,0.8371,10.2451,14,8.7398
32072,4.6092310,0.8371,10.2374,14,8.7475
32073,4.6093559,0.8371,10.2374,14,8.7475
32074,4.6094809,0.8448,10.2374,14,8.7552
32075,4.6096060,0.8371,10.2374,14,8.7475
32076,4.6097310,0.8371,10.2374,14,8.7475
32077,4.6098559,0.8448,10.2374,14,8.7552
32078,4.6099809,0.8448,10.2298,14,8.7552
32079,4.6101060,0.8371,10.2374,14,8.7475
32080,4.6102310,0.8448,10.2374,14,8.7552
32081,4.6103559,0.8448,10.2298,14,8.7552
32082,4.6104809,0.8448,10.2298,14,8.7552
32083,4.6106060,0.8448,10.2374,14,8.7552
32084,4.6107310,0.8448,10.2298,14,8.7552
32085,4.6108559,0.8448,10.2298,14,8.7552
32086,4.6109809,0.8525,10.2298,14,8.7629
32087,4.6111060,0.8448,10.2298,14,8.7552
32088,4.6112310,0.8525,10.2298,14,8.7552
32089,4.6113559,0.8525,10.2298,14,8.7629
32090,4.6114809,0.8525,10.2221,14,8.7629
32091,4.6116060,0.8525,10.2298,14,8.7552
32092,4.6117310,0.8525,10.2298,14,8.7629
32093,4.6118559,0.8525,10.2221,14,8.7629
32094,4.6119810,0.8525,10.2298,14,8.7552
32095,4.6121060,0.8525,10.2298,14,8.7629
32096,4.6122310,0.8525,10.2221,14,8.7629
32097,4.6123559,0.8602,10.2221,14,8.7629
32098,4.6124810,0.8525,10.2298,14,8.7629
32099,4.6126060,0.8525,10.2221,14,8.7629
32100,4.6127310,0.8602,10.2221,14,8.7629
32101,4.6128559,0.8602,10.2144,14,8.7706
32102,4.6129810,0.8525,10.2221,14,8.7629
32103,4.6131060,0.8602,10.2221,14,8.7629
32104,4.6132310,0.8602,10.2144,14,8.7706
32105,4.6133559,0.8602,10.2144,14,8.7706
32106,4.6134810,0.8602,10.2221,14,8.7629
32107,4.6136060,0.8602,10.2144,14,8.7706
32108,4.6137310,0.8602,10.2144,14,8.7706
32109,4.6138559,0.8678,10.2144,14,8.7706
32110,4.6139810,0.8602,10.2144,14,8.7706
32111,4.6141060,0.8602,10.2144,14,8.7706
32112,4.6142310,0.8678,10.2144,14,8.7706
32113,4.6143559,0.8678,10.2067,14,8.7782
32114,4.6144810,0.8602,10.2144,14,8.7706
32115,4.6146060,0.8678,10.2144,14,8.7782
32116,4.6147310,0.8678,10.2067,14,8.7782
32117,4.6148559,0.8678,10.2067,14,8.7782
32118,4.6149810,0.8678,10.2144,14,8.7782
32119,4.6151060,0.8678,10.2067,14,8.7782
32120,4.6152310,0.8678,10.2067,14,8.7782
32121,4.6153559,0.8755,10.2067,14,8.7859
32122,4.6154810,0.8678,10.2067,14,8.7782
32123,4.6156060,0.8678,10.2067,14,8.7782
32124,4.6157310,0.8755,10.2067,14,8.7859
32125,4.6158559,0.8755,10.1990,14,8.7859
32126,4.6159810,0.8678,10.2067,14,8.7782
32127,4.6161060,0.8755,10.2067,14,8.7859
32128,4.6162310,0.8755,10.1990,14,8.7859
32129,4.6163559,0.8755,10.1990,14,8.7859
32130,4.6164810,0.8755,10.2067,14,8.7859
32131,4.6166060,0.8755,10.1990,14,8.7859
32132,4.6167310,0.8755,10.1990,14,8.7859
32133,4.6168559,0.8832,10.1990,14,8.7936
32134,4.6169810,0.8755,10.1990,14,8.7859
32135,4.6171060,0.8755,10.1990,14,8.7859
32136,4.6172310,0.8832,10.1990,14,8.7936
32137,4.6173559,0.8832,10.1914,14,8.7936
32138,4.6174810,0.8832,10.1990,14,8.7859
32139,4.6176060,0.8832,10.1990,14,8.7936
32140,4.6177310,0.8832,10.1914,14,8.7936
32141,4.6178559,0.8909,10.1914,14,8.7936
32142,4.6179810,0.8832,10.1990,14,8.7936
32143,4.6181060,0.8832,10.1914,14,8.7936
32144,4.6182310,0.8909,10.1914,14,8.7936
32145,4.6183559,0.8909,10.1914,14,8.8013
32146,4.6184810,0.8832,10.1914,14,8.7936
32147,4.6186060,0.8909,10.1914,14,8.7936
32148,4.6187310,0.8909,10.1914,14,8.8013
32149,4.6188559,0.8909,10.1837,14,8.8013
32150,4.6189810,0.8909,10.1914,14,8.7936
32151,4.6191060,0.8909,10.1914,14,8.8013
32152,4.6192310,0.8909,10.1837,14,8.8013
32153,4.6193559,0.8986,10.1837,14,8.8013
32154,4.6194810,0.8909,10.1914,14,8.8013
32155,4.6196060,0.8909,10.1837,14,8.8013
32156,4.6197310,0.8986,10.1837,14,8.8013
32157,4.6198561,0.8909,10.1914,14,8.8013
32158,4.6199810,0.8909,10.1837,14,8.8013
32159,4.6201060,0.8986,10.1837,14,8.8013
32160,4.6202310,0.8986,10.1837,14,8.8090
32161,4.6203561,0.8909,10.1837,14,8.8013
32162,4.6204810,0.8986,10.1837,14,8.8013
32163,4.6206060,0.8986,10.1837,14,8.8090
32164,4.6207310,0.8986,10.1760,14,8.8090
32165,4.6208561,0.8986,10.1837,14,8.8013
32166,4.6209810,0.8986,10.1837,14,8.8090
32167,4.6211060,0.8986,10.1760,14,8.8090
32168,4.6212310,0.9062,10.1760,14,8.8090
32169,4.6213561,0.8986,10.1837,14,8.8090
32170,4.6214810,0.8986,10.1760,14,8.8090
32171,4.6216060,0.9062,10.1760,14,8.8090
32172,4.6217310,0.9062,10.1760,14,8.8166
32173,4.6218561,0.8986,10.1760,14,8.8090
32174,4.6219810,0.9062,10.1760,14,8.8090
32175,4.6221060,0.9062,10.1760,14,8.8166
32176,4.6222310,0.9062,10.1683,14,8.8166
32177,4.6223561,0.9062,10.1760,14,8.8090
32178,4.6224810,0.9062,10.1760,14,8.8166
32179,4.6226060,0.9062,10.1683,14,8.8166
32180,4.6227310,0.9139,10.1683,14,8.8166
32181,4.6228561,0.9062,10.1760,14,8.8166
32182,4.6229810,0.9062,10.1683,14,8.8166
32183,4.6231060,0.9139,10.1683,14,8.8166
32184,4.6232310,0.9139,10.1683,14,8.8243
32185,4.6233561,0.9062,10.1683,14,8.8166
32186,4.6234810,0.9139,10.1683,14,8.8166
32187,4.6236060,0.9139,10.1683,14,8.8243
32188,4.6237310,0.9139,10.1606,14,8.8243
32189,4.6238561,0.9139,10.1683,14,8.8166
32190,4.6239810,0.9139,10.1683,14,8.8243
32191,4.6241060,0.9139,10.1606,14,8.8243
32192,4.6242310,0.9216,10.1606,14,8.8243
32193,4.6243561,0.9139,10.1683,14,8.8243
32194,4.6244810,0.9139,10.1606,14,8.8243
32195,4.6246060,0.9216,10.1606,14,8.8243
32196,4.6247310,0.9216,10.1606,14,8.8320
32197,4.6248561,0.9139,10.1606,14,8.8243
32198,4.6249810,0.9216,10.1606,14,8.8243
32199,4.6251060,0.9216,10.1606,14,8.8320
32200,4.6252310,0.9216,10.1530,14,8.8320
32201,4.6253561,0.9216,10.1606,14,8.8243
32202,4.6254810,0.9216,10.1606,14,8.8320
32203,4.6256060,0.9216,10.1530,14,8.8320
32204,4.6257310,0.9293,10.1530,14,8.8320
32205,4.6258561,0.9216,10.1606,14,8.8320
32206,4.6259810,0.9216,10.1530,14,8.8320
32207,4.6261060,0.9293,10.1530,14,8.8320
32208,4.6262310,0.9293,10.1530,14,8.8397
32209,4.6263561,0.9216,10.1530,14,8.8320
32210,4.6264810,0.9293,10.1530,14,8.8320
32211,4.6266060,0.9293,10.1530,14,8.8397
32212,4.6267310,0.9293,10.1453,14,8.8397
32213,4.6268561,0.9293,10.1530,14,8.8320
32214,4.6269810,0.9293,10.1530,14,8.8397
32215,4.6271060,0.9293,10.1453,14,8.8397
32216,4.6272310,0.9370,10.1453,14,8.8397
32217,4.6273561,0.9293,10.1530,14,8.8397
32218,4.6274810,0.9293,10.1453,14,8.8397
32219,4.6276060,0.9370,10.1453,14,8.8397
32220,4.6277311,0.9293,10.1530,14,8.8397
32221,4.6278561,0.9293,10.1453,14,8.8397
32222,4.6279810,0.9293,10.1453,14,8.8397
32223,4.6281060,0.9370,10.1453,14,8.8474
32224,4.6282311,0.9293,10.1453,14,8.8397
32225,4.6283561,0.9293,10.1453,14,8.8397
32226,4.6284810,0.9370,10.1453,14,8.8474
32227,4.6286060,0.9370,10.1376,14,8.8474
32228,4.6287311,0.9293,10.1453,14,8.8397
32229,4.6288561,0.9370,10.1453,14,8.8474
32230,4.6289810,0.9370,10.1376,14,8.8474
32231,4.6291060,0.9370,10.1376,14,8.8474
32232,4.6292311,0.9370,10.1453,14,8.8474
32233,4.6293561,0.9370,10.1376,14,8.8474
32234,4.6294810,0.9370,10.1376,14,8.8474
32235,4.6296060,0.9446,10.1376,14,8.8550
32236,4.6297311,0.9370,10.1376,14,8.8474
32237,4.6298561,0.9370,10.1376,14,8.8474
32238,4.6299810,0.9446,10.1376,14,8.8550
32239,4.6301060,0.9446,10.1299,14,8.8550
32240,4.6302311,0.9370,10.1376,14,8.8474
32241,4.6303561,0.9446,10.1376,14,8.8550
32242,4.6304810,0.9446,10.1299,14,8.8550
32243,4.6306060,0.9446,10.1299,14,8.8550
32244,4.6307311,0.9446,10.1376,14,8.8474
32245,4.6308561,0.9446,10.1299,14,8.8550
32246,4.6309810,0.9446,10.1299,14,8.8550
32247,4.6311060,0.9523,10.1299,14,8.8550
32248,4.6312311,0.9446,10.1299,14,8.8550
32249,4.6313561,0.9446,10.1299,14,8.8550
32250,4.6314810,0.9523,10.1299,14,8.8550
32251,4.6316060,0.9523,10.1222,14,8.8627
32252,4.6317311,0.9446,10.1299,14,8.8550
32253,4.6318561,0.9523,10.1299,14,8.8550
32254,4.6319810,0.9523,10.1222,14,8.8627
32255,4.6321060,0.9523,10.1222,14,8.8627
32256,4.6322311,0.9523,10.1299,14,8.8550
32257,4.6323561,0.9523,10.1222,14,8.8627
32258,4.6324810,0.9523,10.1222,14,8.8627
32259,4.6326060,0.9600,10.1222,14,8.8627
32260,4.6327311,0.9523,10.1222,14,8.8627
32261,4.6328561,0.9523,10.1222,14,8.8627
32262,4.6329810,0.9600,10.1222,14,8.8627
32263,4.6331060,0.9600,10.1146,14,8.8704
32264,4.6332311,0.9523,10.1222,14,8.8627
32265,4.6333561,0.9600,10.1222,14,8.8627
32266,4.6334810,0.9600,10.1222,14,8.8704
32267,4.6336060,0.9600,10.1146,14,8.8704
32268,4.6337311,0.9600,10.1222,14,8.8627
32269,4.6338561,0.9600,10.1222,14,8.8704
32270,4.6339810,0.9600,10.1146,14,8.8704
32271,4.6341060,0.9677,10.1146,14,8.8704
32272,4.6342311,0.9600,10.1222,14,8.8704
32273,4.6343561,0.9600,10.1146,14,8.8704
32274,4.6344810,0.9677,10.1146,14,8.8704
32275,4.6346060,0.9677,10.1146,14,8.8781
32276,4.6347311,0.9600,10.1146,14,8.8704
32277,4.6348561,0.9600,10.1146,14,8.8704
32278,4.6349810,0.9677,10.1146,14,8.8781
32279,4.6351060,0.9677,10.1069,14,8.8781
32280,4.6352311,0.9600,10.1146,14,8.8704
32281,4.6353561,0.9677,10.1146,14,8.8781
32282,4.6354810,0.9677,10.1069,14,8.8781
32283,4.6356062,0.9600,10.1146,14,8.8704
32284,4.6357311,0.9677,10.1146,14,8.8781
32285,4.6358561,0.9677,10.1069,14,8.8781
32286,4.6359810,0.9677,10.1069,14,8.8781
32287,4.6361062,0.9677,10.1146,14,8.8704
32288,4.6362311,0.9677,10.1069,14,8.8781
32289,4.6363561,0.9677,10.1069,14,8.8781
32290,4.6364810,0.9754,10.1069,14,8.8781
32291,4.6366062,0.9677,10.1069,14,8.8781
32292,4.6367311,0.9677,10.1069,14,8.8781
32293,4.6368561,0.9754,10.1069,14,8.8781
32294,4.6369810,0.9754,10.0992,14,8.8858
32295,4.6371062,0.9677,10.1069,14,8.8781
32296,4.6372311,0.9754,10.1069,14,8.8781
32297,4.6373561,0.9754,10.0992,14,8.8858
32298,4.6374810,0.9754,10.0992,14,8.8858
32299,4.6376062,0.9754,10.1069,14,8.8781
32300,4.6377311,0.9754,10.0992,14,8.8858
32301,4.6378561,0.9754,10.0992,14,8.8858
32302,4.6379810,0.9830,10.0992,14,8.8858
32303,4.6381062,0.9754,10.1069,14,8.8858
32304,4.6382311,0.9754,10.0992,14,8.8858
32305,4.6383561,0.9830,10.0992,14,8.8858
32306,4.6384810,0.9830,10.0992,14,8.8934
32307,4.6386062,0.9754,10.0992,14,8.8858
32308,4.6387311,0.9830,10.0992,14,8.8858
32309,4.6388561,0.9830,10.0992,14,8.8934
32310,4.6389810,0.9830,10.0915,14,8.8934
32311,4.6391062,0.9754,10.0992,14,8.8858
32312,4.6392311,0.9830,10.0992,14,8.8934
32313,4.6393561,0.9830,10.0915,14,8.8934
32314,4.6394810,0.9830,10.0915,14,8.8934
32315,4.6396062,0.9830,10.0992,14,8.8934
32316,4.6397311,0.9830,10.0915,14,8.8934
32317,4.6398561,0.9830,10.0915,14,8.8934
32318,4.6399810,0.9907,10.0915,14,8.8934
32319,4.6401062,0.9830,10.0915,14,8.8934
32320,4.6402311,0.9830,10.0915,14,8.8934
32321,4.6403561,0.9907,10.0915,14,8.8934
32322,4.6404810,0.9907,10.0838,14,8.9011
32323,4.6406062,0.9830,10.0915,14,8.8934
32324,4.6407311,0.9907,10.0915,14,8.8934
32325,4.6408561,0.9907,10.0838,14,8.9011
32326,4.6409810,0.9907,10.0838,14,8.9011
32327,4.6411062,0.9907,10.0915,14,8.8934
32328,4.6412311,0.9907,10.0838,14,8.9011
32329,4.6413561,0.9907,10.0838,14,8.9011
32330,4.6414810,0.9984,10.0838,14,8.9011
32331,4.6416062,0.9907,10.0915,14,8.9011
32332,4.6417311,0.9907,10.0838,14,8.9011
32333,4.6418561,0.9984,10.0838,14,8.9011
32334,4.6419810,0.9984,10.0838,14,8.9088
32335,4.6421062,0.9907,10.0838,14,8.9011
32336,4.6422311,0.9984,10.0838,14,8.9011
32337,4.6423561,0.9984,10.0838,14,8.9088
32338,4.6424810,0.9984,10.0762,14,8.9088
32339,4.6426062,0.9907,10.0838,14,8.9011
32340,4.6427311,0.9984,10.0838,14,8.9088
32341,4.6428561,0.9984,10.0762,14,8.9088
32342,4.6429810,0.9984,10.0762,14,8.9088
32343,4.6431062,0.9984,10.0838,14,8.9088
32344,4.6432311,0.9984,10.0762,14,8.9088
32345,4.6433561,0.9984,10.0762,14,8.9088
32346,4.6434812,0.9984,10.0838,14,8.9011
32347,4.6436062,0.9984,10.0762,14,8.9088
32348,4.6437311,0.9984,10.0762,14,8.9088
32349,4.6438561,1.0061,10.0762,14,8.9088
32350,4.6439812,0.9984,10.0762,14,8.9088
32351,4.6441062,0.9984,10.0762,14,8.9088
32352,4.6442311,1.0061,10.0762,14,8.9088
32353,4.6443561,1.0061,10.0685,14,8.9165
32354,4.6444812,0.9984,10.0762,14,8.9088
32355,4.6446062,1.0061,10.0762,14,8.9088
32356,4.6447311,1.0061,10.0762,14,8.9165
32357,4.6448561,1.0061,10.0685,14,8.9165
32358,4.6449812,1.0061,10.0762,14,8.9088
32359,4.6451062,1.0061,10.0762,14,8.9165
32360,4.6452311,1.0061,10.0685,14,8.9165
32361,4.6453561,1.0061,10.0685,14,8.9165
32362,4.6454812,1.0061,10.0762,14,8.9165
32363,4.6456062,1.0061,10.0685,14,8.9165
32364,4.6457311,1.0061,10.0685,14,8.9165
32365,4.6458561,1.0138,10.0685,14,8.9242
32366,4.6459812,1.0061,10.0685,14,8.9165
32367,4.6461062,1.0061,10.0685,14,8.9165
32368,4.6462311,1.0138,10.0685,14,8.9165
32369,4.6463561,1.0138,10.0608,14,8.9242
32370,4.6464812,1.0061,10.0685,14,8.9165
32371,4.6466062,1.0138,10.0685,14,8.9165
32372,4.6467311,1.0138,10.0608,14,8.9242
32373,4.6468561,1.0138,10.0608,14,8.9242
32374,4.6469812,1.0138,10.0685,14,8.9165
32375,4.6471062,1.0138,10.0608,14,8.9242
32376,4.6472311,1.0138,10.0608,14,8.9242
32377,4.6473561,1.0214,10.0608,14,8.9242
32378,4.6474812,1.0138,10.0685,14,8.9242
32379,4.6476062,1.0138,10.0608,14,8.9242
32380,4.6477311,1.0214,10.0608,14,8.9242
32381,4.6478561,1.0214,10.0608,14,8.9318
32382,4.6479812,1.0138,10.0608,14,8.9242
32383,4.6481062,1.0138,10.0608,14,8.9242
32384,4.6482311,1.0214,10.0608,14,8.9318
32385,4.6483561,1.0214,10.0531,14,8.9318
32386,4.6484812,1.0138,10.0608,14,8.9242
32387,4.6486062,1.0214,10.0608,14,8.9242
32388,4.6487311,1.0214,10.0531,14,8.9318
32389,4.6488561,1.0214,10.0531,14,8.9318
32390,4.6489812,1.0214,10.0608,14,8.9242
32391,4.6491062,1.0214,10.0531,14,8.9318
32392,4.6492311,1.0214,10.0531,14,8.9318
32393,4.6493561,1.0291,10.0531,14,8.9318
32394,4.6494812,1.0214,10.0531,14,8.9318
32395,4.6496062,1.0214,10.0531,14,8.9318
32396,4.6497311,1.0291,10.0531,14,8.9318
32397,4.6498561,1.0291,10.0531,14,8.9395
32398,4.6499812,1.0214,10.0531,14,8.9318
32399,4.6501062,1.0291,10.0531,14,8.9318
32400,4.6502311,1.0291,10.0531,14,8.9395
32401,4.6503561,1.0291,10.0454,14,8.9395
32402,4.6504812,1.0214,10.0531,14,8.9318
32403,4.6506062,1.0291,10.0531,14,8.9395
32404,4.6507311,1.0291,10.0454,14,8.9395
32405,4.6508561,1.0291,10.0454,14,8.9395
32406,4.6509812,1.0291,10.0531,14,8.9318
32407,4.6511062,1.0291,10.0454,14,8.9395
32408,4.6512311,1.0291,10.0454,14,8.9395
32409,4.6513562,1.0291,10.0531,14,8.9318
32410,4.6514812,1.0291,10.0454,14,8.9395
32411,4.6516062,1.0291,10.0454,14,8.9395
32412,4.6517311,1.0368,10.0454,14,8.9395
32413,4.6518562,1.0291,10.0454,14,8.9395
32414,4.6519812,1.0291,10.0454,14,8.9395
32415,4.6521062,1.0368,10.0454,14,8.9395
32416,4.6522311,1.0368,10.0454,14,8.9472
32417,4.6523562,1.0291,10.0454,14,8.9395
32418,4.6524812,1.0291,10.0454,14,8.9395
32419,4.6526062,1.0368,10.0454,14,8.9472
32420,4.6527311,1.0368,10.0378,14,8.9472
32421,4.6528562,1.0291,10.0454,14,8.9395
32422,4.6529812,1.0368,10.0454,14,8.9395
32423,4.6531062,1.0368,10.0378,14,8.9472
32424,4.6532311,1.0368,10.0378,14,8.9472
32425,4.6533562,1.0368,10.0454,14,8.9395
32426,4.6534812,1.0368,10.0378,14,8.9472
32427,4.6536062,1.0368,10.0378,14,8.9472
32428,4.6537311,1.0445,10.0378,14,8.9472
32429,4.6538562,1.0368,10.0378,14,8.9472
32430,4.6539812,1.0368,10.0378,14,8.9472
32431,4.6541062,1.0445,10.0378,14,8.9472
32432,4.6542311,1.0445,10.0378,14,8.9549
32433,4.6543562,1.0368,10.0378,14,8.9472
32434,4.6544812,1.0445,10.0378,14,8.9472
32435,4.6546062,1.0445,10.0378,14,8.9549
32436,4.6547311,1.0445,10.0301,14,8.9549
32437,4.6548562,1.0368,10.0378,14,8.9472
32438,4.6549812,1.0445,10.0378,14,8.9549
32439,4.6551062,1.0445,10.0301,14,8.9549
32440,4.6552311,1.0445,10.0301,14,8.9549
32441,4.6553562,1.0445,10.0378,14,8.9472
32442,4.6554812,1.0445,10.0301,14,8.9549
32443,4.6556062,1.0445,10.0301,14,8.9549
32444,4.6557311,1.0522,10.0301,14,8.9549
32445,4.6558562,1.0445,10.0301,14,8.9549
32446,4.6559812,1.0445,10.0301,14,8.9549
32447,4.6561062,1.0522,10.0301,14,8.9549
32448,4.6562311,1.0522,10.0301,14,8.9626
32449,4.6563562,1.0445,10.0301,14,8.9549
32450,4.6564812,1.0445,10.0301,14,8.9549
32451,4.6566062,1.0522,10.0301,14,8.9626
32452,4.6567311,1.0522,10.0224,14,8.9626
32453,4.6568562,1.0445,10.0301,14,8.9549
32454,4.6569812,1.0522,10.0301,14,8.9549
32455,4.6571062,1.0522,10.0224,14,8.9626
32456,4.6572311,1.0522,10.0224,14,8.9626
32457,4.6573562,1.0522,10.0301,14,8.9549
32458,4.6574812,1.0522,10.0224,14,8.9626
32459,4.6576062,1.0522,10.0224,14,8.9626
32460,4.6577311,1.0598,10.0224,14,8.9626
32461,4.6578562,1.0522,10.0224,14,8.9626
32462,4.6579812,1.0522,10.0224,14,8.9626
32463,4.6581062,1.0598,10.0224,14,8.9626
32464,4.6582311,1.0598,10.0224,14,8.9702
32465,4.6583562,1.0522,10.0224,14,8.9626
32466,4.6584812,1.0522,10.0224,14,8.9626
32467,4.6586062,1.0598,10.0224,14,8.9702
32468,4.6587311,1.0598,10.0147,14,8.9702
32469,4.6588562,1.0522,10.0224,14,8.9626
32470,4.6589812,1.0598,10.0224,14,8.9626
32471,4.6591062,1.0598,10.0147,14,8.9702
32472,4.6592313,1.0522,10.0224,14,8.9626
32473,4.6593562,1.0598,10.0224,14,8.9626
32474,4.6594812,1.0598,10.0147,14,8.9702
32475,4.6596062,1.0598,10.0147,14,8.9702
32476,4.6597313,1.0598,10.0224,14,8.9626
32477,4.6598562,1.0598,10.0224,14,8.9702
32478,4.6599812,1.0598,10.0147,14,8.9702
32479,4.6601062,1.0675,10.0147,14,8.9702
32480,4.6602313,1.0598,10.0224,14,8.9702
32481,4.6603562,1.0598,10.0147,14,8.9702
32482,4.6604812,1.0598,10.0147,14,8.9702
32483,4.6606062,1.0675,10.0147,14,8.9702
32484,4.6607313,1.0598,10.0147,14,8.9702
32485,4.6608562,1.0598,10.0147,14,8.9702
32486,4.6609812,1.0675,10.0147,14,8.9702
32487,4.6611062,1.0675,10.0070,14,8.9779
32488,4.6612313,1.0598,10.0147,14,8.9702
32489,4.6613562,1.0675,10.0147,14,8.9702
32490,4.6614812,1.0675,10.0070,14,8.9779
32491,4.6616062,1.0675,10.0070,14,8.9779
32492,4.6617313,1.0675,10.0147,14,8.9702
32493,4.6618562,1.0675,10.0147,14,8.9779
32494,4.6619812,1.0675,10.0070,14,8.9779
32495,4.6621062,1.0675,10.0070,14,8.9779
32496,4.6622313,1.0675,10.0147,14,8.9779
32497,4.6623562,1.0675,10.0070,14,8.9779
32498,4.6624812,1.0675,10.0070,14,8.9779
32499,4.6626062,1.0752,10.0070,14,8.9779
32500,4.6627313,1.0675,10.0070,14,8.9779
32501,4.6628562,1.0675,10.0070,14,8.9779
32502,4.6629812,1.0752,10.0070,14,8.9779
32503,4.6631062,1.0752,9.9994,14,8.9856
32504,4.6632313,1.0675,10.0070,14,8.9779
32505,4.6633562,1.0752,10.0070,14,8.9779
32506,4.6634812,1.0752,10.0070,14,8.9856
32507,4.6636062,1.0752,9.9994,14,8.9856
32508,4.6637313,1.0675,10.0070,14,8.9779
32509,4.6638562,1.0752,10.0070,14,8.9856
32510,4.6639812,1.0752,9.9994,14,8.9856
32511,4.6641062,1.0752,9.9994,14,8.9856
32512,4.6642313,1.0752,10.0070,14,8.9779
32513,4.6643562,1.0752,9.9994,14,8.9856
32514,4.6644812,1.0752,9.9994,14,8.9856
32515,4.6646062,1.0829,9.9994,14,8.9856
32516,4.6647313,1.0752,9.9994,14,8.9856
32517,4.6648562,1.0752,9.9994,14,8.9856
32518,4.6649812,1.0829,9.9994,14,8.9856
32519,4.6651062,1.0829,9.9994,15,8.9933
32520,4.6652313,1.0752,9.9994,14,8.9856
32521,4.6653562,1.0752,9.9994,14,8.9856
32522,4.6654812,1.0829,9.9994,15,8.9856
32523,4.6656062,1.0829,9.9917,15,8.9933
32524,4.6657313,1.0752,9.9994,14,8.9856
32525,4.6658562,1.0829,9.9994,14,8.9856
32526,4.6659812,1.0829,9.9917,15,8.9933
32527,4.6661062,1.0829,9.9917,15,8.9933
32528,4.6662313,1.0829,9.9994,14,8.9856
32529,4.6663562,1.0829,9.9917,15,8.9933
32530,4.6664812,1.0829,9.9917,15,8.9933
32531,4.6666062,1.0906,9.9917,15,8.9933
32532,4.6667313,1.0829,9.9994,15,8.9933
32533,4.6668562,1.0829,9.9917,15,8.9933
32534,4.6669812,1.0829,9.9917,15,8.9933
32535,4.6671063,1.0829,9.9994,15,8.9856
32536,4.6672313,1.0829,9.9917,15,8.9933
32537,4.6673562,1.0829,9.9917,15,8.9933
32538,4.6674812,1.0906,9.9917,15,8.9933
32539,4.6676063,1.0829,9.9917,15,8.9933
32540,4.6677313,1.0829,9.9917,15,8.9933
32541,4.6678562,1.0906,9.9917,15,8.9933
32542,4.6679812,1.0906,9.9917,15,9.0010
32543,4.6681063,1.0829,9.9917,15,8.9933
32544,4.6682313,1.0829,9.9917,15,8.9933
32545,4.6683562,1.0906,9.9917,15,9.0010
32546,4.6684812,1.0906,9.9840,15,9.0010
32547,4.6686063,1.0829,9.9917,15,8.9933
32548,4.6687313,1.0906,9.9917,15,8.9933
32549,4.6688562,1.0906,9.9840,15,9.0010
32550,4.6689812,1.0906,9.9840,15,9.0010
32551,4.6691063,1.0906,9.9917,15,8.9933
32552,4.6692313,1.0906,9.9840,15,9.0010
32553,4.6693562,1.0906,9.9840,15,9.0010
32554,4.6694812,1.0982,9.9840,15,9.0010
32555,4.6696063,1.0906,9.9917,15,9.0010
32556,4.6697313,1.0906,9.9840,15,9.0010
32557,4.6698562,1.0906,9.9840,15,9.0010
32558,4.6699812,1.0982,9.9840,15,9.0010
32559,4.6701063,1.0906,9.9840,15,9.0010
32560,4.6702313,1.0906,9.9840,15,9.0010
32561,4.6703562,1.0982,9.9840,15,9.0010
32562,4.6704812,1.0982,9.9763,15,9.0086
32563,4.6706063,1.0906,9.9840,15,9.0010
32564,4.6707313,1.0982,9.9840,15,9.0010
32565,4.6708562,1.0982,9.9840,15,9.0086
32566,4.6709812,1.0982,9.9763,15,9.0086
32567,4.6711063,1.0906,9.9840,15,9.0010
32568,4.6712313,1.0982,9.9840,15,9.0086
32569,4.6713562,1.0982,9.9763,15,9.0086
32570,4.6714812,1.0982,9.9763,15,9.0086
32571,4.6716063,1.0982,9.9840,15,9.0010
32572,4.6717313,1.0982,9.9763,15,9.0086
32573,4.6718562,1.0982,9.9763,15,9.0086
32574,4.6719812,1.1059,9.9763,15,9.0086
32575,4.6721063,1.0982,9.9763,15,9.0086
32576,4.6722313,1.0982,9.9763,15,9.0086
32577,4.6723562,1.1059,9.9763,15,9.0086
32578,4.6724812,1.1059,9.9763,15,9.0163
32579,4.6726063,1.0982,9.9763,15,9.0086
32580,4.6727313,1.0982,9.9763,15,9.0086
32581,4.6728562,1.1059,9.9763,15,9.0086
32582,4.6729812,1.1059,9.9686,15,9.0163
32583,4.6731063,1.0982,9.9763,15,9.0086
32584,4.6732313,1.1059,9.9763,15,9.0086
32585,4.6733562,1.1059,9.9686,15,9.0163
32586,4.6734812,1.1059,9.9686,15,9.0163
32587,4.6736063,1.1059,9.9763,15,9.0086
32588,4.6737313,1.1059,9.9763,15,9.0163
32589,4.6738562,1.1059,9.9686,15,9.0163
32590,4.6739812,1.1059,9.9686,15,9.0163
32591,4.6741063,1.1059,9.9763,15,9.0163
32592,4.6742313,1.1059,9.9686,15,9.0163
32593,4.6743562,1.1059,9.9686,15,9.0163
32594,4.6744812,1.1136,9.9686,15,9.0163
32595,4.6746063,1.1059,9.9686,15,9.0163
32596,4.6747313,1.1059,9.9686,15,9.0163
32597,4.6748562,1.1136,9.9686,15,9.0163
32598,4.6749814,1.1059,9.9686,15,9.0163
32599,4.6751063,1.1059,9.9686,15,9.0163
32600,4.6752313,1.1059,9.9686,15,9.0163
32601,4.6753562,1.1136,9.9686,15,9.0240
32602,4.6754814,1.1059,9.9686,15,9.0163
32603,4.6756063,1.1059,9.9686,15,9.0163
32604,4.6757313,1.1136,9.9686,15,9.0163
32605,4.6758562,1.1136,9.9610,15,9.0240
32606,4.6759814,1.1059,9.9686,15,9.0163
32607,4.6761063,1.1136,9.9686,15,9.0163
32608,4.6762313,1.1136,9.9610,15,9.0240
32609,4.6763562,1.1136,9.9610,15,9.0240
32610,4.6764814,1.1136,9.9686,15,9.0163
32611,4.6766063,1.1136,9.9686,15,9.0240
32612,4.6767313,1.1136,9.9610,15,9.0240
32613,4.6768562,1.1136,9.9610,15,9.0240
32614,4.6769814,1.1136,9.9686,15,9.0163
32615,4.6771063,1.1136,9.9610,15,9.0240
32616,4.6772313,1.1136,9.9610,15,9.0240
32617,4.6773562,1.1213,9.9610,15,9.0240
32618,4.6774814,1.1136,9.9610,15,9.0240
32619,4.6776063,1.1136,9.9610,15,9.0240
32620,4.6777313,1.1213,9.9610,15,9.0240
32621,4.6778562,1.1213,9.9610,15,9.0317
32622,4.6779814,1.1136,9.9610,15,9.0240
32623,4.6781063,1.1136,9.9610,15,9.0240
32624,4.6782313,1.1213,9.9610,15,9.0240
32625,4.6783562,1.1213,9.9533,15,9.0317
32626,4.6784814,1.1136,9.9610,15,9.0240
32627,4.6786063,1.1213,9.9610,15,9.0240
32628,4.6787313,1.1213,9.9533,15,9.0317
32629,4.6788562,1.1213,9.9533,15,9.0317
32630,4.6789814,1.1213,9.9610,15,9.0240
32631,4.6791063,1.1213,9.9610,15,9.0317
32632,4.6792313,1.1213,9.9533,15,9.0317
32633,4.6793562,1.1213,9.9533,15,9.0317
32634,4.6794814,1.1213,9.9610,15,9.0240
32635,4.6796063,1.1213,9.9533,15,9.0317
32636,4.6797313,1.1213,9.9533,15,9.0317
32637,4.6798562,1.1290,9.9533,15,9.0317
32638,4.6799814,1.1213,9.9533,15,9.0317
32639,4.6801063,1.1213,9.9533,15,9.0317
32640,4.6802313,1.1290,9.9533,15,9.0317
32641,4.6803562,1.1290,9.9533,15,9.0394
32642,4.6804814,1.1213,9.9533,15,9.0317
32643,4.6806063,1.1213,9.9533,15,9.0317
32644,4.6807313,1.1290,9.9533,15,9.0317
32645,4.6808562,1.1290,9.9456,15,9.0394
32646,4.6809814,1.1213,9.9533,15,9.0317
32647,4.6811063,1.1290,9.9533,15,9.0317
32648,4.6812313,1.1290,9.9456,15,9.0394
32649,4.6813562,1.1290,9.9456,15,9.0394
32650,4.6814814,1.1290,9.9533,15,9.0317
32651,4.6816063,1.1290,9.9533,15,9.0394
32652,4.6817313,1.1290,9.9456,15,9.0394
32653,4.6818562,1.1290,9.9456,15,9.0394
32654,4.6819814,1.1290,9.9533,15,9.0317
32655,4.6821063,1.1290,9.9456,15,9.0394
32656,4.6822313,1.1290,9.9456,15,9.0394
32657,4.6823562,1.1366,9.9456,15,9.0394
32658,4.6824814,1.1290,9.9456,15,9.0394
32659,4.6826063,1.1290,9.9456,15,9.0394
32660,4.6827313,1.1366,9.9456,15,9.0394
32661,4.6828564,1.1290,9.9533,15,9.0394
32662,4.6829814,1.1290,9.9456,15,9.0394
32663,4.6831063,1.1290,9.9456,15,9.0394
32664,4.6832313,1.1366,9.9456,15,9.0394
32665,4.6833564,1.1290,9.9456,15,9.0394
32666,4.6834814,1.1290,9.9456,15,9.0394
32667,4.6836063,1.1366,9.9456,15,9.0394
32668,4.6837313,1.1366,9.9379,15,9.0470
32669,4.6838564,1.1290,9.9456,15,9.0394
32670,4.6839814,1.1290,9.9456,15,9.0394
32671,4.6841063,1.1366,9.9456,15,9.0470
32672,4.6842313,1.1366,9.9379,15,9.0470
32673,4.6843564,1.1290,9.9456,15,9.0394
32674,4.6844814,1.1366,9.9456,15,9.0394
32675,4.6846063,1.1366,9.9379,15,9.0470
32676,4.6847313,1.1366,9.9379,15,9.0470
32677,4.6848564,1.1366,9.9456,15,9.0394
32678,4.6849814,1.1366,9.9456,15,9.0470
32679,4.6851063,1.1366,9.9379,15,9.0470
32680,4.6852313,1.1366,9.9379,15,9.0470
32681,4.6853564,1.1366,9.9456,15,9.0394
32682,4.6854814,1.1366,9.9379,15,9.0470
32683,4.6856063,1.1366,9.9379,15,9.0470
32684,4.6857313,1.1443,9.9379,15,9.0470
32685,4.6858564,1.1366,9.9379,15,9.0470
32686,4.6859814,1.1366,9.9379,15,9.0470
32687,4.6861063,1.1443,9.9379,15,9.0470
32688,4.6862313,1.1443,9.9379,15,9.0547
32689,4.6863564,1.1366,9.9379,15,9.0470
32690,4.6864814,1.1366,9.9379,15,9.0470
32691,4.6866063,1.1443,9.9379,15,9.0470
32692,4.6867313,1.1443,9.9302,15,9.0547
32693,4.6868564,1.1366,9.9379,15,9.0470
32694,4.6869814,1.1443,9.9379,15,9.0470
32695,4.6871063,1.1443,9.9302,15,9.0547
32696,4.6872313,1.1443,9.9302,15,9.0547
32697,4.6873564,1.1443,9.9379,15,9.0470
32698,4.6874814,1.1443,9.9379,15,9.0547
32699,4.6876063,1.1443,9.9302,15,9.0547
32700,4.6877313,1.1443,9.9302,15,9.0547
32701,4.6878564,1.1443,9.9379,15,9.0470
32702,4.6879814,1.1443,9.9302,15,9.0547
32703,4.6881063,1.1443,9.9302,15,9.0547
32704,4.6882313,1.1520,9.9302,15,9.0547
32705,4.6883564,1.1443,9.9302,15,9.0547
32706,4.6884814,1.1443,9.9302,15,9.0547
32707,4.6886063,1.1443,9.9302,15,9.0547
32708,4.6887313,1.1520,9.9302,15,9.0547
32709,4.6888564,1.1443,9.9302,15,9.0547
32710,4.6889814,1.1443,9.9302,15,9.0547
32711,4.6891063,1.1520,9.9302,15,9.0547
32712,4.6892313,1.1520,9.9226,15,9.0624
32713,4.6893564,1.1443,9.9302,15,9.0547
32714,4.6894814,1.1520,9.9302,15,9.0547
32715,4.6896063,1.1520,9.9302,15,9.0624
32716,4.6897313,1.1520,9.9226,15,9.0624
32717,4.6898564,1.1443,9.9302,15,9.0547
32718,4.6899814,1.1520,9.9302,15,9.0547
32719,4.6901063,1.1520,9.9226,15,9.0624
32720,4.6902313,1.1520,9.9226,15,9.0624
32721,4.6903564,1.1520,9.9302,15,9.0547
32722,4.6904814,1.1520,9.9226,15,9.0624
32723,4.6906063,1.1520,9.9226,15,9.0624
32724,4.6907314,1.1443,9.9302,15,9.0547
32725,4.6908564,1.1520,9.9302,15,9.0624
32726,4.6909814,1.1520,9.9226,15,9.0624
32727,4.6911063,1.1520,9.9226,15,9.0624
32728,4.6912314,1.1520,9.9302,15,9.0547
32729,4.6913564,1.1520,9.9226,15,9.0624
32730,4.6914814,1.1520,9.9226,15,9.0624
32731,4.6916063,1.1597,9.9226,15,9.0624
32732,4.6917314,1.1520,9.9302,15,9.0624
32733,4.6918564,1.1520,9.9226,15,9.0624
32734,4.6919814,1.1520,9.9226,15,9.0624
32735,4.6921063,1.1597,9.9226,15,9.0624
32736,4.6922314,1.1520,9.9226,15,9.0624
32737,4.6923564,1.1520,9.9226,15,9.0624
32738,4.6924814,1.1597,9.9226,15,9.0624
32739,4.6926063,1.1597,9.9149,15,9.0701
32740,4.6927314,1.1520,9.9226,15,9.0624
32741,4.6928564,1.1597,9.9226,15,9.0624
32742,4.6929814,1.1597,9.9226,15,9.0701
32743,4.6931063,1.1597,9.9149,15,9.0701
32744,4.6932314,1.1520,9.9226,15,9.0624
32745,4.6933564,1.1597,9.9226,15,9.0624
32746,4.6934814,1.1597,9.9149,15,9.0701
32747,4.6936063,1.1597,9.9149,15,9.0701
32748,4.6937314,1.1597,9.9226,15,9.0624
32749,4.6938564,1.1597,9.9226,15,9.0701
32750,4.6939814,1.1597,9.9149,15,9.0701
32751,4.6941063,1.1597,9.9149,15,9.0701
32752,4.6942314,1.1597,9.9226,15,9.0624
32753,4.6943564,1.1597,9.9149,15,9.0701
32754,4.6944814,1.1597,9.9149,15,9.0701
32755,4.6946063,1.1674,9.9149,15,9.0701
32756,4.6947314,1.1597,9.9149,15,9.0701
32757,4.6948564,1.1597,9.9149,15,9.0701
32758,4.6949814,1.1597,9.9149,15,9.0701
32759,4.6951063,1.1674,9.9149,15,9.0778
32760,4.6952314,1.1597,9.9149,15,9.0701
32761,4.6953564,1.1597,9.9149,15,9.0701
32762,4.6954814,1.1674,9.9149,15,9.0701
32763,4.6956063,1.1674,9.9072,15,9.0778
32764,4.6957314,1.1597,9.9149,15,9.0701
32765,4.6958564,1.1674,9.9149,15,9.0701
32766,4.6959814,1.1674,9.9149,15,9.0778
32767,4.6961063,1.1674,9.9072,15,9.0778
32768,4.6962314,1.1597,9.9149,15,9.0701
32769,4.6963564,1.1674,9.9149,15,9.0701
32770,4.6964814,1.1674,9.9072,15,9.0778
32771,4.6966063,1.1674,9.9072,15,9.0778
32772,4.6967314,1.1674,9.9149,15,9.0701
32773,4.6968564,1.1674,9.9072,15,9.0778
32774,4.6969814,1.1674,9.9072,15,9.0778
32775,4.6971063,1.1674,9.9072,15,9.0778
32776,4.6972314,1.1674,9.9149,15,9.0701
32777,4.6973564,1.1674,9.9072,15,9.0778
32778,4.6974814,1.1674,9.9072,15,9.0778
32779,4.6976063,1.1750,9.9072,15,9.0778
32780,4.6977314,1.1674,9.9072,15,9.0778
32781,4.6978564,1.1674,9.9072,15,9.0778
32782,4.6979814,1.1750,9.9072,15,9.0778
32783,4.6981063,1.1750,9.9072,15,9.0854
32784,4.6982314,1.1674,9.9072,15,9.0778
32785,4.6983564,1.1674,9.9072,15,9.0778
32786,4.6984814,1.1750,9.9072,15,9.0778
32787,4.6986065,1.1674,9.9072,15,9.0778
32788,4.6987314,1.1674,9.9072,15,9.0778
32789,4.6988564,1.1750,9.9072,15,9.0778
32790,4.6989814,1.1750,9.9072,15,9.0854
32791,4.6991065,1.1674,9.9072,15,9.0778
32792,4.6992314,1.1674,9.9072,15,9.0778
32793,4.6993564,1.1750,9.9072,15,9.0778
32794,4.6994814,1.1750,9.8995,15,9.0854
32795,4.6996065,1.1674,9.9072,15,9.0778
32796,4.6997314,1.1750,9.9072,15,9.0778
32797,4.6998564,1.1750,9.8995,15,9.0854
32798,4.6999814,1.1750,9.8995,15,9.0854
32799,4.7001065,1.1674,9.9072,15,9.0778
32800,4.7002314,1.1750,9.9072,15,9.0778
32801,4.7003564,1.1750,9.8995,15,9.0854
32802,4.7004814,1.1750,9.8995,15,9.0854
32803,4.7006065,1.1750,9.9072,15,9.0778
32804,4.7007314,1.1750,9.8995,15,9.0854
32805,4.7008564,1.1750,9.8995,15,9.0854
32806,4.7009814,1.1827,9.8995,15,9.0854
32807,4.7011065,1.1750,9.9072,15,9.0854
32808,4.7012314,1.1750,9.8995,15,9.0854
32809,4.7013564,1.1750,9.8995,15,9.0854
32810,4.7014814,1.1827,9.8995,15,9.0854
32811,4.7016065,1.1750,9.8995,15,9.0854
32812,4.7017314,1.1750,9.8995,15,9.0854
32813,4.7018564,1.1827,9.8995,15,9.0854
32814,4.7019814,1.1827,9.8995,15,9.0931
32815,4.7021065,1.1750,9.8995,15,9.0854
32816,4.7022314,1.1750,9.8995,15,9.0854
32817,4.7023564,1.1827,9.8995,15,9.0854
32818,4.7024814,1.1827,9.8918,15,9.0931
32819,4.7026065,1.1750,9.8995,15,9.0854
32820,4.7027314,1.1827,9.8995,15,9.0854
32821,4.7028564,1.1827,9.8918,15,9.0931
32822,4.7029814,1.1827,9.8918,15,9.0931
32823,4.7031065,1.1750,9.8995,15,9.0854
32824,4.7032314,1.1827,9.8995,15,9.0854
32825,4.7033564,1.1827,9.8918,15,9.0931
32826,4.7034814,1.1827,9.8918,15,9.0931
32827,4.7036065,1.1827,9.8995,15,9.0854
32828,4.7037314,1.1827,9.8918,15,9.0931
32829,4.7038564,1.1827,9.8918,15,9.0931
32830,4.7039814,1.1827,9.8918,15,9.0931
32831,4.7041065,1.1827,9.8995,15,9.0854
32832,4.7042314,1.1827,9.8918,15,9.0931
32833,4.7043564,1.1827,9.8918,15,9.0931
32834,4.7044814,1.1904,9.8918,15,9.0931
32835,4.7046065,1.1827,9.8918,15,9.0931
32836,4.7047314,1.1827,9.8918,15,9.0931
32837,4.7048564,1.1904,9.8918,15,9.0931
32838,4.7049814,1.1904,9.8918,15,9.1008
32839,4.7051065,1.1827,9.8918,15,9.0931
32840,4.7052314,1.1827,9.8918,15,9.0931
32841,4.7053564,1.1904,9.8918,15,9.0931
32842,4.7054814,1.1904,9.8842,15,9.1008
32843,4.7056065,1.1827,9.8918,15,9.0931
32844,4.7057314,1.1904,9.8918,15,9.0931
32845,4.7058564,1.1904,9.8918,15,9.1008
32846,4.7059814,1.1904,9.8842,15,9.1008
32847,4.7061065,1.1827,9.8918,15,9.0931
32848,4.7062314,1.1904,9.8918,15,9.0931
32849,4.7063564,1.1904,9.8842,15,9.1008
32850,4.7064815,1.1827,9.8918,15,9.0931
32851,4.7066065,1.1904,9.8918,15,9.0931
32852,4.7067314,1.1904,9.8918,15,9.1008
32853,4.7068564,1.1904,9.8842,15,9.1008
32854,4.7069815,1.1827,9.8918,15,9.0931
32855,4.7071065,1.1904,9.8918,15,9.0931
32856,4.7072314,1.1904,9.8842,15,9.1008
32857,4.7073564,1.1904,9.8842,15,9.1008
32858,4.7074815,1.1904,9.8918,15,9.0931
32859,4.7076065,1.1904,9.8842,15,9.1008
32860,4.7077314,1.1904,9.8842,15,9.1008
32861,4.7078564,1.1904,9.8842,15,9.1008
32862,4.7079815,1.1904,9.8918,15,9.0931
32863,4.7081065,1.1904,9.8842,15,9.1008
32864,4.7082314,1.1904,9.8842,15,9.1008
32865,4.7083564,1.1981,9.8842,15,9.1008
32866,4.7084815,1.1904,9.8842,15,9.1008
32867,4.7086065,1.1904,9.8842,15,9.1008
32868,4.7087314,1.1904,9.8842,15,9.1008
32869,4.7088564,1.1981,9.8842,15,9.1008
32870,4.7089815,1.1904,9.8842,15,9.1008
32871,4.7091065,1.1904,9.8842,15,9.1008
32872,4.7092314,1.1981,9.8842,15,9.1008
32873,4.7093564,1.1981,9.8765,15,9.1085
32874,4.7094815,1.1904,9.8842,15,9.1008
32875,4.7096065,1.1904,9.8842,15,9.1008
32876,4.7097314,1.1981,9.8842,15,9.1008
32877,4.7098564,1.1981,9.8765,15,9.1085
32878,4.7099815,1.1904,9.8842,15,9.1008
32879,4.7101065,1.1981,9.8842,15,9.1008
32880,4.7102314,1.1981,9.8765,15,9.1085
32881,4.7103564,1.1981,9.8765,15,9.1085
32882,4.7104815,1.1904,9.8842,15,9.1008
32883,4.7106065,1.1981,9.8842,15,9.1008
32884,4.7107314,1.1981,9.8765,15,9.1085
32885,4.7108564,1.1981,9.8765,15,9.1085
32886,4.7109815,1.1981,9.8842,15,9.1008
32887,4.7111065,1.1981,9.8765,15,9.1085
32888,4.7112314,1.1981,9.8765,15,9.1085
32889,4.7113564,1.2058,9.8765,15,9.1085
32890,4.7114815,1.1981,9.8842,15,9.1085
32891,4.7116065,1.1981,9.8765,15,9.1085
32892,4.7117314,1.1981,9.8765,15,9.1085
32893,4.7118564,1.2058,9.8765,15,9.1085
32894,4.7119815,1.1981,9.8765,15,9.1085
32895,4.7121065,1.1981,9.8765,15,9.1085
32896,4.7122314,1.2058,9.8765,15,9.1085
32897,4.7123564,1.2058,9.8765,15,9.1162
32898,4.7124815,1.1981,9.8765,15,9.1085
32899,4.7126065,1.1981,9.8765,15,9.1085
32900,4.7127314,1.2058,9.8765,15,9.1085
32901,4.7128564,1.2058,9.8688,15,9.1162
32902,4.7129815,1.1981,9.8765,15,9.1085
32903,4.7131065,1.2058,9.8765,15,9.1085
32904,4.7132314,1.2058,9.8765,15,9.1162
32905,4.7133564,1.2058,9.8688,15,9.1162
32906,4.7134815,1.1981,9.8765,15,9.1085
32907,4.7136065,1.2058,9.8765,15,9.1085
32908,4.7137314,1.2058,9.8688,15,9.1162
32909,4.7138564,1.2058,9.8688,15,9.1162
32910,4.7139815,1.2058,9.8765,15,9.1085
32911,4.7141065,1.2058,9.8765,15,9.1162
32912,4.7142314,1.2058,9.8688,15,9.1162
32913,4.7143566,1.1981,9.8765,15,9.1085
32914,4.7144815,1.2058,9.8765,15,9.1085
32915,4.7146065,1.2058,9.8688,15,9.1162
32916,4.7147314,1.2058,9.8688,15,9.1162
32917,4.7148566,1.2058,9.8765,15,9.1085
32918,4.7149815,1.2058,9.8765,15,9.1162
32919,4.7151065,1.2058,9.8688,15,9.1162
32920,4.7152314,1.2058,9.8688,15,9.1162
32921,4.7153566,1.2058,9.8765,15,9.1085
32922,4.7154815,1.2058,9.8688,15,9.1162
32923,4.7156065,1.2058,9.8688,15,9.1162
32924,4.7157314,1.2134,9.8688,15,9.1162
32925,4.7158566,1.2058,9.8765,15,9.1162
32926,4.7159815,1.2058,9.8688,15,9.1162
32927,4.7161065,1.2058,9.8688,15,9.1162
32928,4.7162314,1.2134,9.8688,15,9.1162
32929,4.7163566,1.2058,9.8688,15,9.1162
32930,4.7164815,1.2058,9.8688,15,9.1162
32931,4.7166065,1.2134,9.8688,15,9.1162
32932,4.7167314,1.2134,9.8688,15,9.1238
32933,4.7168566,1.2058,9.8688,15,9.1162
32934,4.7169815,1.2058,9.8688,15,9.1162
32935,4.7171065,1.2134,9.8688,15,9.1162
32936,4.7172314,1.2134,9.8611,15,9.1238
32937,4.7173566,1.2058,9.8688,15,9.1162
32938,4.7174815,1.2134,9.8688,15,9.1162
32939,4.7176065,1.2134,9.8688,15,9.1238
32940,4.7177314,1.2134,9.8611,15,9.1238
32941,4.7178566,1.2058,9.8688,15,9.1162
32942,4.7179815,1.2134,9.8688,15,9.1162
32943,4.7181065,1.2134,9.8611,15,9.1238
32944,4.7182314,1.2134,9.8611,15,9.1238
32945,4.7183566,1.2134,9.8688,15,9.1162
32946,4.7184815,1.2134,9.8688,15,9.1238
32947,4.7186065,1.2134,9.8611,15,9.1238
32948,4.7187314,1.2134,9.8611,15,9.1238
32949,4.7188566,1.2134,9.8688,15,9.1162
32950,4.7189815,1.2134,9.8611,15,9.1238
32951,4.7191065,1.2134,9.8611,15,9.1238
32952,4.7192314,1.2211,9.8611,15,9.1238
32953,4.7193566,1.2134,9.8688,15,9.1238
32954,4.7194815,1.2134,9.8611,15,9.1238
32955,4.7196065,1.2134,9.8611,15,9.1238
32956,4.7197314,1.2211,9.8611,15,9.1238
32957,4.7198566,1.2134,9.8611,15,9.1238
32958,4.7199815,1.2134,9.8611,15,9.1238
32959,4.7201065,1.2211,9.8611,15,9.1238
32960,4.7202314,1.2211,9.8611,15,9.1238
32961,4.7203566,1.2134,9.8611,15,9.1238
32962,4.7204815,1.2134,9.8611,15,9.1238
32963,4.7206065,1.2211,9.8611,15,9.1238
32964,4.7207314,1.2211,9.8534,15,9.1315
32965,4.7208566,1.2134,9.8611,15,9.1238
32966,4.7209815,1.2134,9.8611,15,9.1238
32967,4.7211065,1.2211,9.8611,15,9.1238
32968,4.7212314,1.2211,9.8534,15,9.1315
32969,4.7213566,1.2134,9.8611,15,9.1238
32970,4.7214815,1.2211,9.8611,15,9.1238
32971,4.7216065,1.2211,9.8534,15,9.1315
32972,4.7217314,1.2211,9.8534,15,9.1315
32973,4.7218566,1.2134,9.8611,15,9.1238
32974,4.7219815,1.2211,9.8611,15,9.1238
32975,4.7221065,1.2211,9.8534,15,9.1315
32976,4.7222316,1.2134,9.8611,15,9.1238
32977,4.7223566,1.2211,9.8611,15,9.1238
32978,4.7224815,1.2211,9.8534,15,9.1315
32979,4.7226065,1.2211,9.8534,15,9.1315
32980,4.7227316,1.2134,9.8611,15,9.1238
32981,4.7228566,1.2211,9.8611,15,9.1238
32982,4.7229815,1.2211,9.8534,15,9.1315
32983,4.7231065,1.2211,9.8534,15,9.1315
32984,4.7232316,1.2211,9.8611,15,9.1238
32985,4.7233566,1.2211,9.8534,15,9.1315
32986,4.7234815,1.2211,9.8534,15,9.1315
32987,4.7236065,1.2211,9.8534,15,9.1315
32988,4.7237316,1.2211,9.8611,15,9.1238
32989,4.7238566,1.2211,9.8534,15,9.1315
32990,4.7239815,1.2211,9.8534,15,9.1315
32991,4.7241065,1.2288,9.8534,15,9.1315
32992,4.7242316,1.2211,9.8534,15,9.1315
32993,4.7243566,1.2211,9.8534,15,9.1315
32994,4.7244815,1.2211,9.8534,15,9.1315
32995,4.7246065,1.2288,9.8534,15,9.1315
32996,4.7247316,1.2211,9.8534,15,9.1315
32997,4.7248566,1.2211,9.8534,15,9.1315
32998,4.7249815,1.2288,9.8534,15,9.1315
32999,4.7251065,1.2288,9.8534,15,9.1392
33000,4.7252316,1.2211,9.8534,15,9.1315
33001,4.7253566,1.2211,9.8534,15,9.1315
33002,4.7254815,1.2288,9.8534,15,9.1315
33003,4.7256065,1.2288,9.8458,15,9.1392
33004,4.7257316,1.2211,9.8534,15,9.1315
33005,4.7258566,1.2288,9.8534,15,9.1315
33006,4.7259815,1.2288,9.8534,15,9.1392
33007,4.7261065,1.2288,9.8458,15,9.1392
33008,4.7262316,1.2211,9.8534,15,9.1315
33009,4.7263566,1.2288,9.8534,15,9.1315
33010,4.7264815,1.2288,9.8458,15,9.1392
33011,4.7266065,1.2288,9.8458,15,9.1392
33012,4.7267316,1.2288,9.8534,15,9.1315
33013,4.7268566,1.2288,9.8534,15,9.1392
33014,4.7269815,1.2288,9.8458,15,9.1392
33015,4.7271065,1.2288,9.8458,15,9.1392
33016,4.7272316,1.2288,9.8534,15,9.1315
33017,4.7273566,1.2288,9.8458,15,9.1392
33018,4.7274815,1.2288,9.8458,15,9.1392
33019,4.7276065,1.2288,9.8458,15,9.1392
33020,4.7277316,1.2288,9.8534,15,9.1315
33021,4.7278566,1.2288,9.8458,15,9.1392
33022,4.7279815,1.2288,9.8458,15,9.1392
33023,4.7281065,1.2365,9.8458,15,9.1392
33024,4.7282316,1.2288,9.8458,15,9.1392
33025,4.7283566,1.2288,9.8458,15,9.1392
33026,4.7284815,1.2288,9.8458,15,9.1392
33027,4.7286065,1.2365,9.8458,15,9.1392
33028,4.7287316,1.2288,9.8458,15,9.1392
33029,4.7288566,1.2288,9.8458,15,9.1392
33030,4.7289815,1.2365,9.8458,15,9.1392
33031,4.7291065,1.2365,9.8381,15,9.1469
33032,4.7292316,1.2288,9.8458,15,9.1392
33033,4.7293566,1.2288,9.8458,15,9.1392
33034,4.7294815,1.2365,9.8458,15,9.1392
33035,4.7296065,1.2365,9.8381,15,9.1469
33036,4.7297316,1.2288,9.8458,15,9.1392
33037,4.7298566,1.2365,9.8458,15,9.1392
33038,4.7299815,1.2365,9.8458,15,9.1469
33039,4.7301066,1.2288,9.8458,15,9.1392
33040,4.7302316,1.2288,9.8458,15,9.1392
33041,4.7303566,1.2365,9.8458,15,9.1392
33042,4.7304815,1.2365,9.8381,15,9.1469
33043,4.7306066,1.2288,9.8458,15,9.1392
33044,4.7307316,1.2365,9.8458,15,9.1392
33045,4.7308566,1.2365,9.8458,15,9.1469
33046,4.7309815,1.2365,9.8381,15,9.1469
33047,4.7311066,1.2288,9.8458,15,9.1392
33048,4.7312316,1.2365,9.8458,15,9.1392
33049,4.7313566,1.2365,9.8381,15,9.1469
33050,4.7314815,1.2365,9.8381,15,9.1469
33051,4.7316066,1.2288,9.8458,15,9.1392
33052,4.7317316,1.2365,9.8458,15,9.1392
33053,4.7318566,1.2365,9.8381,15,9.1469
33054,4.7319815,1.2365,9.8381,15,9.1469
33055,4.7321066,1.2365,9.8458,15,9.1392
33056,4.7322316,1.2365,9.8381,15,9.1469
33057,4.7323566,1.2365,9.8381,15,9.1469
33058,4.7324815,1.2365,9.8381,15,9.1469
33059,4.7326066,1.2365,9.8458,15,9.1392
33060,4.7327316,1.2365,9.8381,15,9.1469
33061,4.7328566,1.2365,9.8381,15,9.1469
33062,4.7329815,1.2442,9.8381,15,9.1469
33063,4.7331066,1.2365,9.8381,15,9.1469
33064,4.7332316,1.2365,9.8381,15,9.1469
33065,4.7333566,1.2365,9.8381,15,9.1469
33066,4.7334815,1.2442,9.8381,15,9.1469
33067,4.7336066,1.2365,9.8381,15,9.1469
33068,4.7337316,1.2365,9.8381,15,9.1469
33069,4.7338566,1.2442,9.8381,15,9.1469
33070,4.7339815,1.2442,9.8381,15,9.1546
33071,4.7341066,1.2365,9.8381,15,9.1469
33072,4.7342316,1.2365,9.8381,15,9.1469
33073,4.7343566,1.2442,9.8381,15,9.1469
33074,4.7344815,1.2442,9.8304,15,9.1546
33075,4.7346066,1.2365,9.8381,15,9.1469
33076,4.7347316,1.2365,9.8381,15,9.1469
33077,4.7348566,1.2442,9.8381,15,9.1469
33078,4.7349815,1.2442,9.8304,15,9.1546
33079,4.7351066,1.2365,9.8381,15,9.1469
33080,4.7352316,1.2442,9.8381,15,9.1469
33081,4.7353566,1.2442,9.8304,15,9.1546
33082,4.7354815,1.2442,9.8304,15,9.1546
33083,4.7356066,1.2365,9.8381,15,9.1469
33084,4.7357316,1.2442,9.8381,15,9.1469
33085,4.7358566,1.2442,9.8304,15,9.1546
33086,4.7359815,1.2442,9.8304,15,9.1546
33087,4.7361066,1.2442,9.8381,15,9.1469
33088,4.7362316,1.2442,9.8304,15,9.1546
33089,4.7363566,1.2442,9.8304,15,9.1546
33090,4.7364815,1.2442,9.8304,15,9.1546
33091,4.7366066,1.2442,9.8381,15,9.1469
33092,4.7367316,1.2442,9.8304,15,9.1546
33093,4.7368566,1.2442,9.8304,15,9.1546
33094,4.7369815,1.2518,9.8304,15,9.1546
33095,4.7371066,1.2442,9.8381,15,9.1546
33096,4.7372316,1.2442,9.8304,15,9.1546
33097,4.7373566,1.2442,9.8304,15,9.1546
33098,4.7374817,1.2442,9.8381,15,9.1469
33099,4.7376066,1.2442,9.8304,15,9.1546
33100,4.7377316,1.2442,9.8304,15,9.1546
33101,4.7378566,1.2442,9.8304,15,9.1546
33102,4.7379817,1.2442,9.8381,15,9.1469
33103,4.7381066,1.2442,9.8304,15,9.1546
33104,4.7382316,1.2442,9.8304,15,9.1546
33105,4.7383566,1.2518,9.8304,15,9.1546
33106,4.7384817,1.2442,9.8304,15,9.1546
33107,4.7386066,1.2442,9.8304,15,9.1546
33108,4.7387316,1.2442,9.8304,15,9.1546
33109,4.7388566,1.2518,9.8304,15,9.1546
33110,4.7389817,1.2442,9.8304,15,9.1546
33111,4.7391066,1.2442,9.8304,15,9.1546
33112,4.7392316,1.2518,9.8304,15,9.1546
33113,4.7393566,1.2518,9.8304,15,9.1622
33114,4.7394817,1.2442,9.8304,15,9.1546
33115,4.7396066,1.2442,9.8304,15,9.1546
33116,4.7397316,1.2518,9.8304,15,9.1546
33117,4.7398566,1.2518,9.8227,15,9.1622
33118,4.7399817,1.2442,9.8304,15,9.1546
33119,4.7401066,1.2442,9.8304,15,9.1546
33120,4.7402316,1.2518,9.8304,15,9.1546
33121,4.7403566,1.2518,9.8227,15,9.1622
33122,4.7404817,1.2442,9.8304,15,9.1546
33123,4.7406066,1.2518,9.8304,15,9.1546
33124,4.7407316,1.2518,9.8227,15,9.1622
33125,4.7408566,1.2518,9.8227,15,9.1622
33126,4.7409817,1.2442,9.8304,15,9.1546
33127,4.7411066,1.2518,9.8304,15,9.1546
33128,4.7412316,1.2518,9.8227,15,9.1622
33129,4.7413566,1.2518,9.8227,15,9.1622
33130,4.7414817,1.2518,9.8304,15,9.1546
33131,4.7416066,1.2518,9.8304,15,9.1622
33132,4.7417316,1.2518,9.8227,15,9.1622
33133,4.7418566,1.2518,9.8227,15,9.1622
33134,4.7419817,1.2518,9.8304,15,9.1546
33135,4.7421066,1.2518,9.8227,15,9.1622
33136,4.7422316,1.2518,9.8227,15,9.1622
33137,4.7423566,1.2518,9.8227,15,9.1622
33138,4.7424817,1.2518,9.8304,15,9.1546
33139,4.7426066,1.2518,9.8227,15,9.1622
33140,4.7427316,1.2518,9.8227,15,9.1622
33141,4.7428566,1.2595,9.8227,15,9.1622
33142,4.7429817,1.2518,9.8227,15,9.1622
33143,4.7431066,1.2518,9.8227,15,9.1622
33144,4.7432316,1.2518,9.8227,15,9.1622
33145,4.7433566,1.2595,9.8227,15,9.1622
33146,4.7434817,1.2518,9.8227,15,9.1622
33147,4.7436066,1.2518,9.8227,15,9.1622
33148,4.7437316,1.2595,9.8227,15,9.1622
33149,4.7438566,1.2595,9.8227,15,9.1699
33150,4.7439817,1.2518,9.8227,15,9.1622
33151,4.7441066,1.2518,9.8227,15,9.1622
33152,4.7442316,1.2595,9.8227,15,9.1622
33153,4.7443566,1.2595,9.8150,15,9.1699
33154,4.7444817,1.2518,9.8227,15,9.1622
33155,4.7446066,1.2518,9.8227,15,9.1622
33156,4.7447316,1.2595,9.8227,15,9.1622
33157,4.7448566,1.2595,9.8150,15,9.1699
33158,4.7449817,1.2518,9.8227,15,9.1622
33159,4.7451066,1.2595,9.8227,15,9.1622
33160,4.7452316,1.2595,9.8150,15,9.1699
33161,4.7453567,1.2518,9.8227,15,9.1622
33162,4.7454817,1.2518,9.8227,15,9.1622
33163,4.7456066,1.2595,9.8227,15,9.1622
33164,4.7457316,1.2595,9.8150,15,9.1699
33165,4.7458567,1.2518,9.8227,15,9.1622
33166,4.7459817,1.2595,9.8227,15,9.1622
33167,4.7461066,1.2595,9.8227,15,9.1699
33168,4.7462316,1.2595,9.8150,15,9.1699
33169,4.7463567,1.2518,9.8227,15,9.1622
33170,4.7464817,1.2595,9.8227,15,9.1622
33171,4.7466066,1.2595,9.8150,15,9.1699
33172,4.7467316,1.2595,9.8150,15,9.1699
33173,4.7468567,1.2518,9.8227,15,9.1622
33174,4.7469817,1.2595,9.8227,15,9.1622
33175,4.7471066,1.2595,9.8150,15,9.1699
33176,4.7472316,1.2595,9.8150,15,9.1699
33177,4.7473567,1.2595,9.8227,15,9.1622
33178,4.7474817,1.2595,9.8150,15,9.1699
33179,4.7476066,1.2595,9.8150,15,9.1699
33180,4.7477316,1.2595,9.8150,15,9.1699
33181,4.7478567,1.2595,9.8227,15,9.1622
33182,4.7479817,1.2595,9.8150,15,9.1699
33183,4.7481066,1.2595,9.8150,15,9.1699
33184,4.7482316,1.2672,9.8150,15,9.1699
33185,4.7483567,1.2595,9.8227,15,9.1622
33186,4.7484817,1.2595,9.8150,15,9.1699
33187,4.7486066,1.2595,9.8150,15,9.1699
33188,4.7487316,1.2672,9.8150,15,9.1699
33189,4.7488567,1.2595,9.8150,15,9.1699
33190,4.7489817,1.2595,9.8150,15,9.1699
33191,4.7491066,1.2595,9.8150,15,9.1699
33192,4.7492316,1.2672,9.8150,15,9.1699
33193,4.7493567,1.2595,9.8150,15,9.1699
33194,4.7494817,1.2595,9.8150,15,9.1699
33195,4.7496066,1.2672,9.8150,15,9.1699
33196,4.7497316,1.2672,9.8150,15,9.1776
33197,4.7498567,1.2595,9.8150,15,9.1699
33198,4.7499817,1.2595,9.8150,15,9.1699
33199,4.7501066,1.2672,9.8150,15,9.1699
33200,4.7502316,1.2672,9.8074,15,9.1776
33201,4.7503567,1.2595,9.8150,15,9.1699
33202,4.7504817,1.2595,9.8150,15,9.1699
33203,4.7506066,1.2672,9.8150,15,9.1699
33204,4.7507316,1.2672,9.8074,15,9.1776
33205,4.7508567,1.2595,9.8150,15,9.1699
33206,4.7509817,1.2672,9.8150,15,9.1699
33207,4.7511066,1.2672,9.8074,15,9.1776
33208,4.7512316,1.2672,9.8074,15,9.1776
33209,4.7513567,1.2595,9.8150,15,9.1699
33210,4.7514817,1.2672,9.8150,15,9.1699
33211,4.7516066,1.2672,9.8074,15,9.1776
33212,4.7517316,1.2672,9.8074,15,9.1776
33213,4.7518567,1.2672,9.8150,15,9.1699
33214,4.7519817,1.2672,9.8150,15,9.1699
33215,4.7521066,1.2672,9.8074,15,9.1776
33216,4.7522316,1.2672,9.8074,15,9.1776
33217,4.7523567,1.2672,9.8150,15,9.1699
33218,4.7524817,1.2672,9.8074,15,9.1776
33219,4.7526066,1.2672,9.8074,15,9.1776
33220,4.7527316,1.2672,9.8074,15,9.1776
33221,4.7528567,1.2672,9.8150,15,9.1699
33222,4.7529817,1.2672,9.8074,15,9.1776
33223,4.7531066,1.2672,9.8074,15,9.1776
33224,4.7532318,1.2672,9.8150,15,9.1699
33225,4.7533567,1.2672,9.8150,15,9.1776
33226,4.7534817,1.2672,9.8074,15,9.1776
33227,4.7536066,1.2672,9.8074,15,9.1776
33228,4.7537318,1.2672,9.8150,15,9.1699
33229,4.7538567,1.2672,9.8074,15,9.1776
33230,4.7539817,1.2672,9.8074,15,9.1776
33231,4.7541066,1.2672,9.8074,15,9.1776
33232,4.7542318,1.2672,9.8150,15,9.1699
33233,4.7543567,1.2672,9.8074,15,9.1776
33234,4.7544817,1.2672,9.8074,15,9.1776
33235,4.7546066,1.2749,9.8074,15,9.1776
33236,4.7547318,1.2672,9.8150,15,9.1776
33237,4.7548567,1.2672,9.8074,15,9.1776
33238,4.7549817,1.2672,9.8074,15,9.1776
33239,4.7551066,1.2749,9.8074,15,9.1776
33240,4.7552318,1.2672,9.8074,15,9.1776
33241,4.7553567,1.2672,9.8074,15,9.1776
33242,4.7554817,1.2672,9.8074,15,9.1776
33243,4.7556066,1.2749,9.8074,15,9.1776
33244,4.7557318,1.2672,9.8074,15,9.1776
33245,4.7558567,1.2672,9.8074,15,9.1776
33246,4.7559817,1.2749,9.8074,15,9.1776
33247,4.7561066,1.2749,9.7997,15,9.1853
33248,4.7562318,1.2672,9.8074,15,9.1776
33249,4.7563567,1.2672,9.8074,15,9.1776
33250,4.7564817,1.2749,9.8074,15,9.1776
33251,4.7566066,1.2749,9.7997,15,9.1853
33252,4.7567318,1.2672,9.8074,15,9.1776
33253,4.7568567,1.2672,9.8074,15,9.1776
33254,4.7569817,1.2749,9.8074,15,9.1776
33255,4.7571066,1.2749,9.7997,15,9.1853
33256,4.7572318,1.2672,9.8074,15,9.1776
33257,4.7573567,1.2749,9.8074,15,9.1776
33258,4.7574817,1.2749,9.7997,15,9.1853
33259,4.7576066,1.2749,9.7997,15,9.1853
33260,4.7577318,1.2672,9.8074,15,9.1776
33261,4.7578567,1.2749,9.8074,15,9.1776
33262,4.7579817,1.2749,9.7997,15,9.1853
33263,4.7581066,1.2749,9.7997,15,9.1853
33264,4.7582318,1.2749,9.8074,15,9.1776
33265,4.7583567,1.2749,9.8074,15,9.1776
33266,4.7584817,1.2749,9.7997,15,9.1853
33267,4.7586066,1.2749,9.7997,15,9.1853
33268,4.7587318,1.2749,9.8074,15,9.1776
33269,4.7588567,1.2749,9.7997,15,9.1853
33270,4.7589817,1.2749,9.7997,15,9.1853
33271,4.7591066,1.2749,9.7997,15,9.1853
33272,4.7592318,1.2749,9.8074,15,9.1776
33273,4.7593567,1.2749,9.7997,15,9.1853
33274,4.7594817,1.2749,9.7997,15,9.1853
33275,4.7596066,1.2826,9.7997,15,9.1853
33276,4.7597318,1.2749,9.8074,15,9.1776
33277,4.7598567,1.2749,9.7997,15,9.1853
33278,4.7599817,1.2749,9.7997,15,9.1853
33279,4.7601066,1.2826,9.7997,15,9.1853
33280,4.7602318,1.2749,9.7997,15,9.1853
33281,4.7603567,1.2749,9.7997,15,9.1853
33282,4.7604817,1.2749,9.7997,15,9.1853
33283,4.7606066,1.2826,9.7997,15,9.1853
33284,4.7607318,1.2749,9.7997,15,9.1853
33285,4.7608567,1.2749,9.7997,15,9.1853
33286,4.7609817,1.2826,9.7997,15,9.1853
33287,4.7611068,1.2749,9.8074,15,9.1776
33288,4.7612318,1.2749,9.7997,15,9.1853
33289,4.7613567,1.2749,9.7997,15,9.1853
33290,4.7614817,1.2826,9.7997,15,9.1853
33291,4.7616068,1.2749,9.7997,15,9.1853
33292,4.7617318,1.2749,9.7997,15,9.1853
33293,4.7618567,1.2749,9.7997,15,9.1853
33294,4.7619817,1.2826,9.7997,15,9.1853
33295,4.7621068,1.2749,9.7997,15,9.1853
33296,4.7622318,1.2749,9.7997,15,9.1853
33297,4.7623567,1.2826,9.7997,15,9.1853
33298,4.7624817,1.2826,9.7997,15,9.1853
33299,4.7626068,1.2749,9.7997,15,9.1853
33300,4.7627318,1.2749,9.7997,15,9.1853
33301,4.7628567,1.2826,9.7997,15,9.1853
33302,4.7629817,1.2826,9.7920,15,9.1930
33303,4.7631068,1.2749,9.7997,15,9.1853
33304,4.7632318,1.2749,9.7997,15,9.1853
33305,4.7633567,1.2826,9.7997,15,9.1853
33306,4.7634817,1.2826,9.7920,15,9.1930
33307,4.7636068,1.2749,9.7997,15,9.1853
33308,4.7637318,1.2826,9.7997,15,9.1853
33309,4.7638567,1.2826,9.7997,15,9.1853
33310,4.7639817,1.2826,9.7920,15,9.1930
33311,4.7641068,1.2749,9.7997,15,9.1853
33312,4.7642318,1.2826,9.7997,15,9.1853
33313,4.7643567,1.2826,9.7920,15,9.1930
33314,4.7644817,1.2826,9.7920,15,9.1930
33315,4.7646068,1.2749,9.7997,15,9.1853
33316,4.7647318,1.2826,9.7997,15,9.1853
33317,4.7648567,1.2826,9.7920,15,9.1930
33318,4.7649817,1.2826,9.7920,15,9.1930
33319,4.7651068,1.2826,9.7997,15,9.1853
33320,4.7652318,1.2826,9.7997,15,9.1853
33321,4.7653567,1.2826,9.7920,15,9.1930
33322,4.7654817,1.2826,9.7920,15,9.1930
33323,4.7656068,1.2826,9.7997,15,9.1853
33324,4.7657318,1.2826,9.7920,15,9.1930
33325,4.7658567,1.2826,9.7920,15,9.1930
33326,4.7659817,1.2826,9.7920,15,9.1930
33327,4.7661068,1.2826,9.7997,15,9.1853
33328,4.7662318,1.2826,9.7920,15,9.1930
33329,4.7663567,1.2826,9.7920,15,9.1930
33330,4.7664817,1.2902,9.7920,15,9.1930
33331,4.7666068,1.2826,9.7997,15,9.1853
33332,4.7667318,1.2826,9.7920,15,9.1930
33333,4.7668567,1.2826,9.7920,15,9.1930
33334,4.7669817,1.2902,9.7920,15,9.1930
33335,4.7671068,1.2826,9.7920,15,9.1930
33336,4.7672318,1.2826,9.7920,15,9.1930
33337,4.7673567,1.2826,9.7920,15,9.1930
33338,4.7674817,1.2902,9.7920,15,9.1930
33339,4.7676068,1.2826,9.7920,15,9.1930
33340,4.7677318,1.2826,9.7920,15,9.1930
33341,4.7678567,1.2902,9.7920,15,9.1930
33342,4.7679817,1.2902,9.7920,15,9.1930
33343,4.7681068,1.2826,9.7920,15,9.1930
33344,4.7682318,1.2826,9.7920,15,9.1930
33345,4.7683567,1.2902,9.7920,15,9.1930
33346,4.7684817,1.2902,9.7843,15,9.2006
33347,4.7686068,1.2826,9.7920,15,9.1930
33348,4.7687318,1.2826,9.7920,15,9.1930
33349,4.7688567,1.2902,9.7920,15,9.1930
33350,4.7689818,1.2826,9.7920,15,9.1930
33351,4.7691068,1.2826,9.7920,15,9.1930
33352,4.7692318,1.2826,9.7920,15,9.1930
33353,4.7693567,1.2902,9.7920,15,9.1930
33354,4.7694818,1.2826,9.7920,15,9.1930
33355,4.7696068,1.2826,9.7920,15,9.1930
33356,4.7697318,1.2902,9.7920,15,9.1930
33357,4.7698567,1.2902,9.7843,15,9.2006
33358,4.7699818,1.2826,9.7920,15,9.1930
33359,4.7701068,1.2826,9.7920,15,9.1930
33360,4.7702318,1.2902,9.7920,15,9.1930
33361,4.7703567,1.2902,9.7843,15,9.2006
33362,4.7704818,1.2826,9.7920,15,9.1930
33363,4.7706068,1.2826,9.7920,15,9.1930
33364,4.7707318,1.2902,9.7920,15,9.1930
33365,4.7708567,1.2902,9.7843,15,9.2006
33366,4.7709818,1.2826,9.7920,15,9.1930
33367,4.7711068,1.2902,9.7920,15,9.1930
33368,4.7712318,1.2902,9.7920,15,9.2006
33369,4.7713567,1.2902,9.7843,15,9.2006
33370,4.7714818,1.2826,9.7920,15,9.1930
33371,4.7716068,1.2902,9.7920,15,9.1930
33372,4.7717318,1.2902,9.7843,15,9.2006
33373,4.7718567,1.2902,9.7843,15,9.2006
33374,4.7719818,1.2826,9.7920,15,9.1930
33375,4.7721068,1.2902,9.7920,15,9.1930
33376,4.7722318,1.2902,9.7843,15,9.2006
33377,4.7723567,1.2902,9.7843,15,9.2006
33378,4.7724818,1.2902,9.7920,15,9.1930
33379,4.7726068,1.2902,9.7920,15,9.1930
33380,4.7727318,1.2902,9.7843,15,9.2006
33381,4.7728567,1.2902,9.7843,15,9.2006
33382,4.7729818,1.2902,9.7920,15,9.1930
33383,4.7731068,1.2902,9.7843,15,9.2006
33384,4.7732318,1.2902,9.7843,15,9.2006
33385,4.7733567,1.2902,9.7843,15,9.2006
33386,4.7734818,1.2902,9.7920,15,9.1930
33387,4.7736068,1.2902,9.7843,15,9.2006
33388,4.7737318,1.2902,9.7843,15,9.2006
33389,4.7738567,1.2979,9.7843,15,9.2006
33390,4.7739818,1.2902,9.7920,15,9.1930
33391,4.7741068,1.2902,9.7843,15,9.2006
33392,4.7742318,1.2902,9.7843,15,9.2006
33393,4.7743567,1.2979,9.7843,15,9.2006
33394,4.7744818,1.2902,9.7843,15,9.2006
33395,4.7746068,1.2902,9.7843,15,9.2006
33396,4.7747318,1.2902,9.7843,15,9.2006
33397,4.7748567,1.2979,9.7843,15,9.2006
33398,4.7749818,1.2902,9.7843,15,9.2006
33399,4.7751068,1.2902,9.7843,15,9.2006
33400,4.7752318,1.2902,9.7843,15,9.2006
33401,4.7753567,1.2979,9.7843,15,9.2006
33402,4.7754818,1.2902,9.7843,15,9.2006
33403,4.7756068,1.2902,9.7843,15,9.2006
33404,4.7757318,1.2979,9.7843,15,9.2006
33405,4.7758567,1.2979,9.7766,15,9.2083
33406,4.7759818,1.2902,9.7843,15,9.2006
33407,4.7761068,1.2902,9.7843,15,9.2006
33408,4.7762318,1.2979,9.7843,15,9.2006
33409,4.7763567,1.2979,9.7766,15,9.2083
33410,4.7764818,1.2902,9.7843,15,9.2006
33411,4.7766068,1.2902,9.7843,15,9.2006
33412,4.7767318,1.2979,9.7843,15,9.2006
33413,4.7768569,1.2902,9.7843,15,9.2006
33414,4.7769818,1.2902,9.7843,15,9.2006
33415,4.7771068,1.2979,9.7843,15,9.2006
33416,4.7772318,1.2979,9.7843,15,9.2006
33417,4.7773569,1.2902,9.7843,15,9.2006
33418,4.7774818,1.2902,9.7843,15,9.2006
33419,4.7776068,1.2979,9.7843,15,9.2006
33420,4.7777318,1.2979,9.7766,15,9.2083
33421,4.7778569,1.2902,9.7843,15,9.2006
33422,4.7779818,1.2902,9.7843,15,9.2006
33423,4.7781068,1.2979,9.7843,15,9.2006
33424,4.7782318,1.2979,9.7766,15,9.2083
33425,4.7783569,1.2902,9.7843,15,9.2006
33426,4.7784818,1.2902,9.7843,15,9.2006
33427,4.7786068,1.2979,9.7843,15,9.2006
33428,4.7787318,1.2979,9.7766,15,9.2083
33429,4.7788569,1.2902,9.7843,15,9.2006
33430,4.7789818,1.2979,9.7843,15,9.2006
33431,4.7791068,1.2979,9.7766,15,9.2083
33432,4.7792318,1.2979,9.7766,15,9.2083
33433,4.7793569,1.2902,9.7843,15,9.2006
33434,4.7794818,1.2979,9.7843,15,9.2006
33435,4.7796068,1.2979,9.7766,15,9.2083
33436,4.7797318,1.2979,9.7766,15,9.2083
33437,4.7798569,1.2902,9.7843,15,9.2006
33438,4.7799818,1.2979,9.7843,15,9.2006
33439,4.7801068,1.2979,9.7766,15,9.2083
33440,4.7802318,1.2979,9.7766,15,9.2083
33441,4.7803569,1.2979,9.7843,15,9.2006
33442,4.7804818,1.2979,9.7843,15,9.2006
33443,4.7806068,1.2979,9.7766,15,9.2083
33444,4.7807318,1.2979,9.7766,15,9.2083
33445,4.7808569,1.2979,9.7843,15,9.2006
33446,4.7809818,1.2979,9.7766,15,9.2083
33447,4.7811068,1.2979,9.7766,15,9.2083
33448,4.7812318,1.2979,9.7766,15,9.2083
33449,4.7813569,1.2979,9.7843,15,9.2006
33450,4.7814818,1.2979,9.7766,15,9.2083
33451,4.7816068,1.2979,9.7766,15,9.2083
33452,4.7817318,1.2979,9.7766,15,9.2083
33453,4.7818569,1.2979,9.7843,15,9.2006
33454,4.7819818,1.2979,9.7766,15,9.2083
33455,4.7821068,1.2979,9.7766,15,9.2083
33456,4.7822318,1.3056,9.7766,15,9.2083
33457,4.7823569,1.2979,9.7766,15,9.2083
33458,4.7824818,1.2979,9.7766,15,9.2083
33459,4.7826068,1.2979,9.7766,15,9.2083
33460,4.7827318,1.3056,9.7766,15,9.2083
33461,4.7828569,1.2979,9.7766,15,9.2083
33462,4.7829818,1.2979,9.7766,15,9.2083
33463,4.7831068,1.2979,9.7766,15,9.2083
33464,4.7832318,1.3056,9.7766,15,9.2083
33465,4.7833569,1.2979,9.7766,15,9.2083
33466,4.7834818,1.2979,9.7766,15,9.2083
33467,4.7836068,1.3056,9.7766,15,9.2083
33468,4.7837318,1.3056,9.7766,15,9.2083
33469,4.7838569,1.2979,9.7766,15,9.2083
33470,4.7839818,1.2979,9.7766,15,9.2083
33471,4.7841068,1.3056,9.7766,15,9.2083
33472,4.7842318,1.3056,9.7690,15,9.2160
33473,4.7843569,1.2979,9.7766,15,9.2083
33474,4.7844818,1.2979,9.7766,15,9.2083
33475,4.7846068,1.3056,9.7766,15,9.2083
33476,4.7847319,1.2979,9.7766,15,9.2083
33477,4.7848569,1.2979,9.7766,15,9.2083
33478,4.7849818,1.2979,9.7766,15,9.2083
33479,4.7851068,1.3056,9.7766,15,9.2083
33480,4.7852319,1.2979,9.7766,15,9.2083
33481,4.7853569,1.2979,9.7766,15,9.2083
33482,4.7854818,1.3056,9.7766,15,9.2083
33483,4.7856068,1.3056,9.7766,15,9.2160
33484,4.7857319,1.2979,9.7766,15,9.2083
33485,4.7858569,1.2979,9.7766,15,9.2083
33486,4.7859818,1.3056,9.7766,15,9.2083
33487,4.7861068,1.3056,9.7690,15,9.2160
33488,4.7862319,1.2979,9.7766,15,9.2083
33489,4.7863569,1.2979,9.7766,15,9.2083
33490,4.7864818,1.3056,9.7766,15,9.2083
33491,4.7866068,1.3056,9.7690,15,9.2160
33492,4.7867319,1.2979,9.7766,15,9.2083
33493,4.7868569,1.3056,9.7766,15,9.2083
33494,4.7869818,1.3056,9.7766,15,9.2083
33495,4.7871068,1.3056,9.7690,15,9.2160
33496,4.7872319,1.2979,9.7766,15,9.2083
33497,4.7873569,1.3056,9.7766,15,9.2083
33498,4.7874818,1.3056,9.7690,15,9.2160
33499,4.7876068,1.3056,9.7690,15,9.2160
33500,4.7877319,1.2979,9.7766,15,9.2083
33501,4.7878569,1.3056,9.7766,15,9.2083
33502,4.7879818,1.3056,9.7690,15,9.2160
33503,4.7881068,1.3056,9.7690,15,9.2160
33504,4.7882319,1.2979,9.7766,15,9.2083
33505,4.7883569,1.3056,9.7766,15,9.2083
33506,4.7884818,1.3056,9.7690,15,9.2160
33507,4.7886068,1.3056,9.7690,15,9.2160
33508,4.7887319,1.3056,9.7766,15,9.2083
33509,4.7888569,1.3056,9.7766,15,9.2083
33510,4.7889818,1.3056,9.7690,15,9.2160
33511,4.7891068,1.3056,9.7690,15,9.2160
33512,4.7892319,1.3056,9.7766,15,9.2083
33513,4.7893569,1.3056,9.7690,15,9.2160
33514,4.7894818,1.3056,9.7690,15,9.2160
33515,4.7896068,1.3056,9.7690,15,9.2160
33516,4.7897319,1.3056,9.7766,15,9.2083
33517,4.7898569,1.3056,9.7690,15,9.2160
33518,4.7899818,1.3056,9.7690,15,9.2160
33519,4.7901068,1.3056,9.7690,15,9.2160
33520,4.7902319,1.3056,9.7766,15,9.2083
33521,4.7903569,1.3056,9.7690,15,9.2160
33522,4.7904818,1.3056,9.7690,15,9.2160
33523,4.7906068,1.3133,9.7690,15,9.2160
33524,4.7907319,1.3056,9.7766,15,9.2083
33525,4.7908569,1.3056,9.7690,15,9.2160
33526,4.7909818,1.3056,9.7690,15,9.2160
33527,4.7911068,1.3133,9.7690,15,9.2160
33528,4.7912319,1.3056,9.7690,15,9.2160
33529,4.7913569,1.3056,9.7690,15,9.2160
33530,4.7914818,1.3056,9.7690,15,9.2160
33531,4.7916068,1.3133,9.7690,15,9.2160
33532,4.7917319,1.3056,9.7690,15,9.2160
33533,4.7918569,1.3056,9.7690,15,9.2160
33534,4.7919818,1.3056,9.7690,15,9.2160
33535,4.7921068,1.3133,9.7690,15,9.2160
33536,4.7922319,1.3056,9.7690,15,9.2160
33537,4.7923569,1.3056,9.7690,15,9.2160
33538,4.7924818,1.3133,9.7690,15,9.2160
33539,4.7926070,1.3056,9.7766,15,9.2083
33540,4.7927319,1.3056,9.7690,15,9.2160
33541,4.7928569,1.3056,9.7690,15,9.2160
33542,4.7929818,1.3133,9.7690,15,9.2160
33543,4.7931070,1.3056,9.7690,15,9.2160
33544,4.7932319,1.3056,9.7690,15,9.2160
33545,4.7933569,1.3056,9.7690,15,9.2160
33546,4.7934818,1.3133,9.7690,15,9.2160
33547,4.7936070,1.3056,9.7690,15,9.2160
33548,4.7937319,1.3056,9.7690,15,9.2160
33549,4.7938569,1.3056,9.7690,15,9.2160
33550,4.7939818,1.3133,9.7690,15,9.2160
33551,4.7941070,1.3056,9.7690,15,9.2160
33552,4.7942319,1.3056,9.7690,15,9.2160
33553,4.7943569,1.3133,9.7690,15,9.2160
33554,4.7944818,1.3133,9.7690,15,9.2160
33555,4.7946070,1.3056,9.7690,15,9.2160
33556,4.7947319,1.3056,9.7690,15,9.2160
33557,4.7948569,1.3133,9.7690,15,9.2160
33558,4.7949818,1.3133,9.7613,15,9.2237
33559,4.7951070,1.3056,9.7690,15,9.2160
33560,4.7952319,1.3056,9.7690,15,9.2160
33561,4.7953569,1.3133,9.7690,15,9.2160
33562,4.7954818,1.3133,9.7613,15,9.2237
33563,4.7956070,1.3056,9.7690,15,9.2160
33564,4.7957319,1.3056,9.7690,15,9.2160
33565,4.7958569,1.3133,9.7690,15,9.2160
33566,4.7959818,1.3133,9.7613,15,9.2237
33567,4.7961070,1.3056,9.7690,15,9.2160
33568,4.7962319,1.3133,9.7690,15,9.2160
33569,4.7963569,1.3133,9.7690,15,9.2160
33570,4.7964818,1.3133,9.7613,15,9.2237
33571,4.7966070,1.3056,9.7690,15,9.2160
33572,4.7967319,1.3133,9.7690,15,9.2160
33573,4.7968569,1.3133,9.7613,15,9.2237
33574,4.7969818,1.3133,9.7613,15,9.2237
33575,4.7971070,1.3056,9.7690,15,9.2160
33576,4.7972319,1.3133,9.7690,15,9.2160
33577,4.7973569,1.3133,9.7613,15,9.2237
33578,4.7974818,1.3133,9.7613,15,9.2237
33579,4.7976070,1.3056,9.7690,15,9.2160
33580,4.7977319,1.3133,9.7690,15,9.2160
33581,4.7978569,1.3133,9.7613,15,9.2237
33582,4.7979818,1.3133,9.7613,15,9.2237
33583,4.7981070,1.3133,9.7690,15,9.2160
33584,4.7982319,1.3133,9.7690,15,9.2160
33585,4.7983569,1.3133,9.7613,15,9.2237
33586,4.7984818,1.3133,9.7613,15,9.2237
33587,4.7986070,1.3133,9.7690,15,9.2160
33588,4.7987319,1.3133,9.7613,15,9.2237
33589,4.7988569,1.3133,9.7613,15,9.2237
33590,4.7989818,1.3133,9.7613,15,9.2237
33591,4.7991070,1.3133,9.7690,15,9.2160
33592,4.7992319,1.3133,9.7613,15,9.2237
33593,4.7993569,1.3133,9.7613,15,9.2237
33594,4.7994818,1.3133,9.7613,15,9.2237
33595,4.7996070,1.3133,9.7690,15,9.2160
33596,4.7997319,1.3133,9.7613,15,9.2237
33597,4.7998569,1.3133,9.7613,15,9.2237
33598,4.7999818,1.3210,9.7613,15,9.2237
33599,4.8001070,1.3133,9.7690,15,9.2160
33600,4.8002319,1.3133,9.7613,15,9.2237
33601,4.8003569,1.3133,9.7613,15,9.2237
33602,4.8004820,1.3133,9.7690,15,9.2160
33603,4.8006070,1.3133,9.7613,15,9.2237
33604,4.8007319,1.3133,9.7613,15,9.2237
33605,4.8008569,1.3133,9.7613,15,9.2237
33606,4.8009820,1.3133,9.7690,15,9.2160
33607,4.8011070,1.3133,9.7613,15,9.2237
33608,4.8012319,1.3133,9.7613,15,9.2237
33609,4.8013569,1.3133,9.7613,15,9.2237
33610,4.8014820,1.3133,9.7690,15,9.2160
33611,4.8016070,1.3133,9.7613,15,9.2237
33612,4.8017319,1.3133,9.7613,15,9.2237
33613,4.8018569,1.3133,9.7613,15,9.2237
33614,4.8019820,1.3133,9.7690,15,9.2160
33615,4.8021070,1.3133,9.7613,15,9.2237
33616,4.8022319,1.3133,9.7613,15,9.2237
33617,4.8023569,1.3210,9.7613,15,9.2237
33618,4.8024820,1.3133,9.7613,15,9.2237
33619,4.8026070,1.3133,9.7613,15,9.2237
33620,4.8027319,1.3133,9.7613,15,9.2237
33621,4.8028569,1.3210,9.7613,15,9.2237
33622,4.8029820,1.3133,9.7613,15,9.2237
33623,4.8031070,1.3133,9.7613,15,9.2237
33624,4.8032319,1.3133,9.7613,15,9.2237
33625,4.8033569,1.3210,9.7613,15,9.2237
33626,4.8034820,1.3133,9.7613,15,9.2237
33627,4.8036070,1.3133,9.7613,15,9.2237
33628,4.8037319,1.3133,9.7613,15,9.2237
33629,4.8038569,1.3210,9.7613,15,9.2237
33630,4.8039820,1.3133,9.7613,15,9.2237
33631,4.8041070,1.3133,9.7613,15,9.2237
33632,4.8042319,1.3210,9.7613,15,9.2237
33633,4.8043569,1.3210,9.7613,15,9.2237
33634,4.8044820,1.3133,9.7613,15,9.2237
33635,4.8046070,1.3133,9.7613,15,9.2237
33636,4.8047319,1.3210,9.7613,15,9.2237
33637,4.8048569,1.3210,9.7536,15,9.2314
33638,4.8049820,1.3133,9.7613,15,9.2237
33639,4.8051070,1.3133,9.7613,15,9.2237
33640,4.8052319,1.3210,9.7613,15,9.2237
33641,4.8053569,1.3210,9.7536,15,9.2314
33642,4.8054820,1.3133,9.7613,15,9.2237
33643,4.8056070,1.3133,9.7613,15,9.2237
33644,4.8057319,1.3210,9.7613,15,9.2237
33645,4.8058569,1.3210,9.7536,15,9.2314
33646,4.8059820,1.3133,9.7613,15,9.2237
33647,4.8061070,1.3210,9.7613,15,9.2237
33648,4.8062319,1.3210,9.7613,15,9.2237
33649,4.8063569,1.3210,9.7536,15,9.2314
33650,4.8064820,1.3133,9.7613,15,9.2237
33651,4.8066070,1.3210,9.7613,15,9.2237
33652,4.8067319,1.3210,9.7536,15,9.2314
33653,4.8068569,1.3210,9.7536,15,9.2314
33654,4.8069820,1.3133,9.7613,15,9.2237
33655,4.8071070,1.3210,9.7613,15,9.2237
33656,4.8072319,1.3210,9.7536,15,9.2314
33657,4.8073569,1.3210,9.7536,15,9.2314
33658,4.8074820,1.3133,9.7613,15,9.2237
33659,4.8076070,1.3210,9.7613,15,9.2237
33660,4.8077319,1.3210,9.7536,15,9.2314
33661,4.8078569,1.3210,9.7536,15,9.2314
33662,4.8079820,1.3133,9.7613,15,9.2237
33663,4.8081070,1.3210,9.7613,15,9.2237
33664,4.8082319,1.3210,9.7536,15,9.2314
33665,4.8083570,1.3133,9.7613,15,9.2237
33666,4.8084820,1.3210,9.7613,15,9.2237
33667,4.8086070,1.3210,9.7613,15,9.2237
33668,4.8087319,1.3210,9.7536,15,9.2314
33669,4.8088570,1.3133,9.7613,15,9.2237
33670,4.8089820,1.3210,9.7613,15,9.2237
33671,4.8091070,1.3210,9.7536,15,9.2314
33672,4.8092319,1.3210,9.7536,15,9.2314
33673,4.8093570,1.3133,9.7613,15,9.2237
33674,4.8094820,1.3210,9.7613,15,9.2237
33675,4.8096070,1.3210,9.7536,15,9.2314
33676,4.8097319,1.3210,9.7536,15,9.2314
33677,4.8098570,1.3133,9.7613,15,9.2237
33678,4.8099820,1.3210,9.7613,15,9.2237
33679,4.8101070,1.3210,9.7536,15,9.2314
33680,4.8102319,1.3210,9.7536,15,9.2314
33681,4.8103570,1.3210,9.7613,15,9.2237
33682,4.8104820,1.3210,9.7613,15,9.2237
33683,4.8106070,1.3210,9.7536,15,9.2314
33684,4.8107319,1.3210,9.7536,15,9.2314
33685,4.8108570,1.3210,9.7613,15,9.2237
33686,4.8109820,1.3210,9.7536,15,9.2314
33687,4.8111070,1.3210,9.7536,15,9.2314
33688,4.8112319,1.3210,9.7536,15,9.2314
33689,4.8113570,1.3210,9.7613,15,9.2237
33690,4.8114820,1.3210,9.7536,15,9.2314
33691,4.8116070,1.3210,9.7536,15,9.2314
33692,4.8117319,1.3210,9.7536,15,9.2314
33693,4.8118570,1.3210,9.7613,15,9.2237
33694,4.8119820,1.3210,9.7536,15,9.2314
33695,4.8121070,1.3210,9.7536,15,9.2314
33696,4.8122319,1.3210,9.7536,15,9.2314
33697,4.8123570,1.3210,9.7613,15,9.2237
33698,4.8124820,1.3210,9.7536,15,9.2314
33699,4.8126070,1.3210,9.7536,15,9.2314
33700,4.8127319,1.3286,9.7536,15,9.2314
33701,4.8128570,1.3210,9.7613,15,9.2237
33702,4.8129820,1.3210,9.7536,15,9.2314
33703,4.8131070,1.3210,9.7536,15,9.2314
33704,4.8132319,1.3286,9.7536,15,9.2314
33705,4.8133570,1.3210,9.7536,15,9.2314
33706,4.8134820,1.3210,9.7536,15,9.2314
33707,4.8136070,1.3210,9.7536,15,9.2314
33708,4.8137319,1.3286,9.7536,15,9.2314
33709,4.8138570,1.3210,9.7536,15,9.2314
33710,4.8139820,1.3210,9.7536,15,9.2314
33711,4.8141070,1.3210,9.7536,15,9.2314
33712,4.8142319,1.3286,9.7536,15,9.2314
33713,4.8143570,1.3210,9.7536,15,9.2314
33714,4.8144820,1.3210,9.7536,15,9.2314
33715,4.8146070,1.3210,9.7536,15,9.2314
33716,4.8147319,1.3286,9.7536,15,9.2314
33717,4.8148570,1.3210,9.7536,15,9.2314
33718,4.8149820,1.3210,9.7536,15,9.2314
33719,4.8151070,1.3286,9.7536,15,9.2314
33720,4.8152319,1.3286,9.7536,15,9.2314
33721,4.8153570,1.3210,9.7536,15,9.2314
33722,4.8154820,1.3210,9.7536,15,9.2314
33723,4.8156070,1.3286,9.7536,15,9.2314
33724,4.8157319,1.3286,9.7459,15,9.2390
33725,4.8158570,1.3210,9.7536,15,9.2314
33726,4.8159820,1.3210,9.7536,15,9.2314
33727,4.8161070,1.3286,9.7536,15,9.2314
33728,4.8162321,1.3210,9.7536,15,9.2314
33729,4.8163570,1.3210,9.7536,15,9.2314
33730,4.8164820,1.3210,9.7536,15,9.2314
33731,4.8166070,1.3286,9.7536,15,9.2314
33732,4.8167321,1.3210,9.7536,15,9.2314
33733,4.8168570,1.3210,9.7536,15,9.2314
33734,4.8169820,1.3210,9.7536,15,9.2314
33735,4.8171070,1.3286,9.7536,15,9.2314
33736,4.8172321,1.3210,9.7536,15,9.2314
33737,4.8173570,1.3210,9.7536,15,9.2314
33738,4.8174820,1.3286,9.7536,15,9.2314
33739,4.8176070,1.3286,9.7536,15,9.2314
33740,4.8177321,1.3210,9.7536,15,9.2314
33741,4.8178570,1.3210,9.7536,15,9.2314
33742,4.8179820,1.3286,9.7536,15,9.2314
33743,4.8181070,1.3286,9.7459,15,9.2390
33744,4.8182321,1.3210,9.7536,15,9.2314
33745,4.8183570,1.3210,9.7536,15,9.2314
33746,4.8184820,1.3286,9.7536,15,9.2314
33747,4.8186070,1.3286,9.7459,15,9.2390
33748,4.8187321,1.3210,9.7536,15,9.2314
33749,4.8188570,1.3210,9.7536,15,9.2314
33750,4.8189820,1.3286,9.7536,15,9.2314
33751,4.8191070,1.3286,9.7459,15,9.2390
33752,4.8192321,1.3210,9.7536,15,9.2314
33753,4.8193570,1.3210,9.7536,15,9.2314
33754,4.8194820,1.3286,9.7536,15,9.2314
33755,4.8196070,1.3286,9.7459,15,9.2390
33756,4.8197321,1.3210,9.7536,15,9.2314
33757,4.8198570,1.3286,9.7536,15,9.2314
33758,4.8199820,1.3286,9.7536,15,9.2314
33759,4.8201070,1.3286,9.7459,15,9.2390
33760,4.8202321,1.3210,9.7536,15,9.2314
33761,4.8203570,1.3286,9.7536,15,9.2314
33762,4.8204820,1.3286,9.7459,15,9.2390
33763,4.8206070,1.3286,9.7459,15,9.2390
33764,4.8207321,1.3210,9.7536,15,9.2314
33765,4.8208570,1.3286,9.7536,15,9.2314
33766,4.8209820,1.3286,9.7459,15,9.2390
33767,4.8211070,1.3286,9.7459,15,9.2390
33768,4.8212321,1.3210,9.7536,15,9.2314
33769,4.8213570,1.3286,9.7536,15,9.2314
33770,4.8214820,1.3286,9.7459,15,9.2390
33771,4.8216070,1.3286,9.7459,15,9.2390
33772,4.8217321,1.3210,9.7536,15,9.2314
33773,4.8218570,1.3286,9.7536,15,9.2314
33774,4.8219820,1.3286,9.7459,15,9.2390
33775,4.8221070,1.3286,9.7459,15,9.2390
33776,4.8222321,1.3286,9.7536,15,9.2314
33777,4.8223570,1.3286,9.7536,15,9.2314
33778,4.8224820,1.3286,9.7459,15,9.2390
33779,4.8226070,1.3286,9.7459,15,9.2390
33780,4.8227321,1.3286,9.7536,15,9.2314
33781,4.8228570,1.3286,9.7459,15,9.2390
33782,4.8229820,1.3286,9.7459,15,9.2390
33783,4.8231070,1.3286,9.7459,15,9.2390
33784,4.8232321,1.3286,9.7536,15,9.2314
33785,4.8233570,1.3286,9.7459,15,9.2390
33786,4.8234820,1.3286,9.7459,15,9.2390
33787,4.8236070,1.3286,9.7459,15,9.2390
33788,4.8237321,1.3286,9.7536,15,9.2314
33789,4.8238570,1.3286,9.7459,15,9.2390
33790,4.8239820,1.3286,9.7459,15,9.2390
33791,4.8241071,1.3210,9.7536,15,9.2314
33792,4.8242321,1.3286,9.7536,15,9.2314
33793,4.8243570,1.3286,9.7459,15,9.2390
33794,4.8244820,1.3286,9.7459,15,9.2390
33795,4.8246071,1.3286,9.7536,15,9.2314
33796,4.8247321,1.3286,9.7536,15,9.2314
33797,4.8248570,1.3286,9.7459,15,9.2390
33798,4.8249820,1.3286,9.7459,15,9.2390
33799,4.8251071,1.3286,9.7536,15,9.2314
33800,4.8252321,1.3286,9.7459,15,9.2390
33801,4.8253570,1.3286,9.7459,15,9.2390
33802,4.8254820,1.3286,9.7459,15,9.2390
33803,4.8256071,1.3286,9.7536,15,9.2314
33804,4.8257321,1.3286,9.7459,15,9.2390
33805,4.8258570,1.3286,9.7459,15,9.2390
33806,4.8259820,1.3286,9.7459,15,9.2390
33807,4.8261071,1.3286,9.7536,15,9.2314
33808,4.8262321,1.3286,9.7459,15,9.2390
33809,4.8263570,1.3286,9.7459,15,9.2390
33810,4.8264820,1.3286,9.7459,15,9.2390
33811,4.8266071,1.3286,9.7536,15,9.2314
33812,4.8267321,1.3286,9.7459,15,9.2390
33813,4.8268570,1.3286,9.7459,15,9.2390
33814,4.8269820,1.3286,9.7459,15,9.2390
33815,4.8271071,1.3286,9.7536,15,9.2314
33816,4.8272321,1.3286,9.7459,15,9.2390
33817,4.8273570,1.3286,9.7459,15,9.2390
33818,4.8274820,1.3363,9.7459,15,9.2390
33819,4.8276071,1.3286,9.7536,15,9.2314
33820,4.8277321,1.3286,9.7459,15,9.2390
33821,4.8278570,1.3286,9.7459,15,9.2390
33822,4.8279820,1.3363,9.7459,15,9.2390
33823,4.8281071,1.3286,9.7459,15,9.2390
33824,4.8282321,1.3286,9.7459,15,9.2390
33825,4.8283570,1.3286,9.7459,15,9.2390
33826,4.8284820,1.3363,9.7459,15,9.2390
33827,4.8286071,1.3286,9.7459,15,9.2390
33828,4.8287321,1.3286,9.7459,15,9.2390
33829,4.8288570,1.3286,9.7459,15,9.2390
33830,4.8289820,1.3363,9.7459,15,9.2390
33831,4.8291071,1.3286,9.7459,15,9.2390
33832,4.8292321,1.3286,9.7459,15,9.2390
33833,4.8293570,1.3286,9.7459,15,9.2390
33834,4.8294820,1.3363,9.7459,15,9.2390
33835,4.8296071,1.3286,9.7459,15,9.2390
33836,4.8297321,1.3286,9.7459,15,9.2390
33837,4.8298570,1.3363,9.7459,15,9.2390
33838,4.8299820,1.3363,9.7459,15,9.2390
33839,4.8301071,1.3286,9.7459,15,9.2390
33840,4.8302321,1.3286,9.7459,15,9.2390
33841,4.8303570,1.3363,9.7459,15,9.2390
33842,4.8304820,1.3363,9.7382,15,9.2467
33843,4.8306071,1.3286,9.7459,15,9.2390
33844,4.8307321,1.3286,9.7459,15,9.2390
33845,4.8308570,1.3363,9.7459,15,9.2390
33846,4.8309820,1.3363,9.7382,15,9.2467
33847,4.8311071,1.3286,9.7459,15,9.2390
33848,4.8312321,1.3286,9.7459,15,9.2390
33849,4.8313570,1.3363,9.7459,15,9.2390
33850,4.8314820,1.3363,9.7382,15,9.2467
33851,4.8316071,1.3286,9.7459,15,9.2390
33852,4.8317321,1.3286,9.7459,15,9.2390
33853,4.8318570,1.3363,9.7459,15,9.2390
33854,4.8319822,1.3286,9.7459,15,9.2390
33855,4.8321071,1.3286,9.7459,15,9.2390
33856,4.8322321,1.3286,9.7459,15,9.2390
33857,4.8323570,1.3363,9.7459,15,9.2390
33858,4.8324822,1.3286,9.7459,15,9.2390
33859,4.8326071,1.3286,9.7459,15,9.2390
33860,4.8327321,1.3363,9.7459,15,9.2390
33861,4.8328570,1.3363,9.7459,15,9.2390
33862,4.8329822,1.3286,9.7459,15,9.2390
33863,4.8331071,1.3286,9.7459,15,9.2390
33864,4.8332321,1.3363,9.7459,15,9.2390
33865,4.8333570,1.3363,9.7382,15,9.2467
33866,4.8334822,1.3286,9.7459,15,9.2390
33867,4.8336071,1.3286,9.7459,15,9.2390
33868,4.8337321,1.3363,9.7459,15,9.2390
33869,4.8338570,1.3363,9.7382,15,9.2467
33870,4.8339822,1.3286,9.7459,15,9.2390
33871,4.8341071,1.3286,9.7459,15,9.2390
33872,4.8342321,1.3363,9.7459,15,9.2390
33873,4.8343570,1.3363,9.7382,15,9.2467
33874,4.8344822,1.3286,9.7459,15,9.2390
33875,4.8346071,1.3286,9.7459,15,9.2390
33876,4.8347321,1.3363,9.7459,15,9.2390
33877,4.8348570,1.3363,9.7382,15,9.2467
33878,4.8349822,1.3286,9.7459,15,9.2390
33879,4.8351071,1.3286,9.7459,15,9.2390
33880,4.8352321,1.3363,9.7459,15,9.2390
33881,4.8353570,1.3363,9.7382,15,9.2467
33882,4.8354822,1.3286,9.7459,15,9.2390
33883,4.8356071,1.3363,9.7459,15,9.2390
33884,4.8357321,1.3363,9.7459,15,9.2390
33885,4.8358570,1.3363,9.7382,15,9.2467
33886,4.8359822,1.3286,9.7459,15,9.2390
33887,4.8361071,1.3363,9.7459,15,9.2390
33888,4.8362321,1.3363,9.7382,15,9.2467
33889,4.8363570,1.3363,9.7382,15,9.2467
33890,4.8364822,1.3286,9.7459,15,9.2390
33891,4.8366071,1.3363,9.7459,15,9.2390
33892,4.8367321,1.3363,9.7382,15,9.2467
33893,4.8368570,1.3363,9.7382,15,9.2467
33894,4.8369822,1.3286,9.7459,15,9.2390
33895,4.8371071,1.3363,9.7459,15,9.2390
33896,4.8372321,1.3363,9.7382,15,9.2467
33897,4.8373570,1.3363,9.7382,15,9.2467
33898,4.8374822,1.3286,9.7459,15,9.2390
33899,4.8376071,1.3363,9.7459,15,9.2390
33900,4.8377321,1.3363,9.7382,15,9.2467
33901,4.8378570,1.3363,9.7382,15,9.2467
33902,4.8379822,1.3286,9.7459,15,9.2390
33903,4.8381071,1.3363,9.7459,15,9.2390
33904,4.8382321,1.3363,9.7382,15,9.2467
33905,4.8383570,1.3363,9.7382,15,9.2467
33906,4.8384822,1.3363,9.7459,15,9.2390
33907,4.8386071,1.3363,9.7459,15,9.2390
33908,4.8387321,1.3363,9.7382,15,9.2467
33909,4.8388570,1.3363,9.7382,15,9.2467
33910,4.8389822,1.3363,9.7459,15,9.2390
33911,4.8391071,1.3363,9.7382,15,9.2467
33912,4.8392321,1.3363,9.7382,15,9.2467
33913,4.8393570,1.3363,9.7382,15,9.2467
33914,4.8394822,1.3363,9.7459,15,9.2390
33915,4.8396071,1.3363,9.7382,15,9.2467
33916,4.8397321,1.3363,9.7382,15,9.2467
33917,4.8398572,1.3286,9.7459,15,9.2390
33918,4.8399822,1.3363,9.7459,15,9.2390
33919,4.8401071,1.3363,9.7382,15,9.2467
33920,4.8402321,1.3363,9.7382,15,9.2467
33921,4.8403572,1.3286,9.7459,15,9.2390
33922,4.8404822,1.3363,9.7459,15,9.2390
33923,4.8406071,1.3363,9.7382,15,9.2467
33924,4.8407321,1.3363,9.7382,15,9.2467
33925,4.8408572,1.3286,9.7459,15,9.2390
33926,4.8409822,1.3363,9.7459,15,9.2390
33927,4.8411071,1.3363,9.7382,15,9.2467
33928,4.8412321,1.3363,9.7382,15,9.2467
33929,4.8413572,1.3363,9.7459,15,9.2390
33930,4.8414822,1.3363,9.7459,15,9.2390
33931,4.8416071,1.3363,9.7382,15,9.2467
33932,4.8417321,1.3363,9.7382,15,9.2467
33933,4.8418572,1.3363,9.7459,15,9.2390
33934,4.8419822,1.3363,9.7382,15,9.2467
33935,4.8421071,1.3363,9.7382,15,9.2467
33936,4.8422321,1.3363,9.7382,15,9.2467
33937,4.8423572,1.3363,9.7459,15,9.2390
33938,4.8424822,1.3363,9.7382,15,9.2467
33939,4.8426071,1.3363,9.7382,15,9.2467
33940,4.8427321,1.3363,9.7382,15,9.2467
33941,4.8428572,1.3363,9.7459,15,9.2390
33942,4.8429822,1.3363,9.7382,15,9.2467
33943,4.8431071,1.3363,9.7382,15,9.2467
33944,4.8432321,1.3363,9.7382,15,9.2467
33945,4.8433572,1.3363,9.7459,15,9.2390
33946,4.8434822,1.3363,9.7382,15,9.2467
33947,4.8436071,1.3363,9.7382,15,9.2467
33948,4.8437321,1.3363,9.7382,15,9.2467
33949,4.8438572,1.3363,9.7459,15,9.2390
33950,4.8439822,1.3363,9.7382,15,9.2467
33951,4.8441071,1.3363,9.7382,15,9.2467
33952,4.8442321,1.3440,9.7382,15,9.2467
33953,4.8443572,1.3363,9.7459,15,9.2390
33954,4.8444822,1.3363,9.7382,15,9.2467
33955,4.8446071,1.3363,9.7382,15,9.2467
33956,4.8447321,1.3440,9.7382,15,9.2467
33957,4.8448572,1.3363,9.7382,15,9.2390
33958,4.8449822,1.3363,9.7382,15,9.2467
33959,4.8451071,1.3363,9.7382,15,9.2467
33960,4.8452321,1.3440,9.7382,15,9.2467
33961,4.8453572,1.3363,9.7382,15,9.2467
33962,4.8454822,1.3363,9.7382,15,9.2467
33963,4.8456071,1.3363,9.7382,15,9.2467
33964,4.8457321,1.3440,9.7382,15,9.2467
33965,4.8458572,1.3363,9.7382,15,9.2467
33966,4.8459822,1.3363,9.7382,15,9.2467
33967,4.8461071,1.3363,9.7382,15,9.2467
33968,4.8462321,1.3440,9.7382,15,9.2467
33969,4.8463572,1.3363,9.7382,15,9.2467
33970,4.8464822,1.3363,9.7382,15,9.2467
33971,4.8466071,1.3363,9.7382,15,9.2467
33972,4.8467321,1.3440,9.7382,15,9.2467
33973,4.8468572,1.3363,9.7382,15,9.2467
33974,4.8469822,1.3363,9.7382,15,9.2467
33975,4.8471071,1.3363,9.7382,15,9.2467
33976,4.8472321,1.3440,9.7382,15,9.2467
33977,4.8473572,1.3363,9.7382,15,9.2467
33978,4.8474822,1.3363,9.7382,15,9.2467
33979,4.8476071,1.3440,9.7382,15,9.2467
33980,4.8477322,1.3363,9.7459,15,9.2390
33981,4.8478572,1.3363,9.7382,15,9.2467
33982,4.8479822,1.3363,9.7382,15,9.2467
33983,4.8481071,1.3440,9.7382,15,9.2467
33984,4.8482322,1.3363,9.7382,15,9.2467
33985,4.8483572,1.3363,9.7382,15,9.2467
33986,4.8484822,1.3363,9.7382,15,9.2467
33987,4.8486071,1.3440,9.7382,15,9.2467
33988,4.8487322,1.3363,9.7382,15,9.2467
33989,4.8488572,1.3363,9.7382,15,9.2467
33990,4.8489822,1.3363,9.7382,15,9.2467
33991,4.8491071,1.3440,9.7382,15,9.2467
33992,4.8492322,1.3363,9.7382,15,9.2467
33993,4.8493572,1.3363,9.7382,15,9.2467
33994,4.8494822,1.3363,9.7382,15,9.2467
33995,4.8496071,1.3440,9.7382,15,9.2467
33996,4.8497322,1.3363,9.7382,15,9.2467
33997,4.8498572,1.3363,9.7382,15,9.2467
33998,4.8499822,1.3363,9.7382,15,9.2467
33999,4.8501071,1.3440,9.7382,15,9.2467
34000,4.8502322,1.3363,9.7382,15,9.2467
34001,4.8503572,1.3363,9.7382,15,9.2467
34002,4.8504822,1.3440,9.7382,15,9.2467
34003,4.8506071,1.3440,9.7382,15,9.2467
34004,4.8507322,1.3363,9.7382,15,9.2467
34005,4.8508572,1.3363,9.7382,15,9.2467
34006,4.8509822,1.3440,9.7382,15,9.2467
34007,4.8511071,1.3440,9.7382,15,9.2467
34008,4.8512322,1.3363,9.7382,15,9.2467
34009,4.8513572,1.3363,9.7382,15,9.2467
34010,4.8514822,1.3440,9.7382,15,9.2467
34011,4.8516071,1.3440,9.7306,15,9.2544
34012,4.8517322,1.3363,9.7382,15,9.2467
34013,4.8518572,1.3363,9.7382,15,9.2467
34014,4.8519822,1.3440,9.7382,15,9.2467
34015,4.8521071,1.3440,9.7306,15,9.2544
34016,4.8522322,1.3363,9.7382,15,9.2467
34017,4.8523572,1.3363,9.7382,15,9.2467
34018,4.8524822,1.3440,9.7382,15,9.2467
34019,4.8526071,1.3440,9.7306,15,9.2544
34020,4.8527322,1.3363,9.7382,15,9.2467
34021,4.8528572,1.3363,9.7382,15,9.2467
34022,4.8529822,1.3440,9.7382,15,9.2467
34023,4.8531071,1.3440,9.7306,15,9.2544
34024,4.8532322,1.3363,9.7382,15,9.2467
34025,4.8533572,1.3363,9.7382,15,9.2467
34026,4.8534822,1.3440,9.7382,15,9.2467
34027,4.8536071,1.3440,9.7306,15,9.2544
34028,4.8537322,1.3363,9.7382,15,9.2467
34029,4.8538572,1.3363,9.7382,15,9.2467
34030,4.8539822,1.3440,9.7382,15,9.2467
34031,4.8541071,1.3440,9.7306,15,9.2544
34032,4.8542322,1.3363,9.7382,15,9.2467
34033,4.8543572,1.3440,9.7382,15,9.2467
34034,4.8544822,1.3440,9.7382,15,9.2467
34035,4.8546071,1.3440,9.7306,15,9.2544
34036,4.8547322,1.3363,9.7382,15,9.2467
34037,4.8548572,1.3440,9.7382,15,9.2467
34038,4.8549822,1.3440,9.7306,15,9.2544
34039,4.8551071,1.3440,9.7306,15,9.2544
34040,4.8552322,1.3363,9.7382,15,9.2467
34041,4.8553572,1.3440,9.7382,15,9.2467
34042,4.8554822,1.3440,9.7306,15,9.2544
34043,4.8556073,1.3363,9.7382,15,9.2467
34044,4.8557322,1.3363,9.7382,15,9.2467
34045,4.8558572,1.3440,9.7382,15,9.2467
34046,4.8559822,1.3440,9.7306,15,9.2544
34047,4.8561073,1.3363,9.7382,15,9.2467
34048,4.8562322,1.3363,9.7382,15,9.2467
34049,4.8563572,1.3440,9.7382,15,9.2467
34050,4.8564822,1.3440,9.7306,15,9.2544
34051,4.8566073,1.3363,9.7382,15,9.2467
34052,4.8567322,1.3363,9.7382,15,9.2467
34053,4.8568572,1.3440,9.7382,15,9.2467
34054,4.8569822,1.3440,9.7306,15,9.2544
34055,4.8571073,1.3363,9.7382,15,9.2467
34056,4.8572322,1.3363,9.7382,15,9.2467
34057,4.8573572,1.3440,9.7382,15,9.2467
34058,4.8574822,1.3440,9.7306,15,9.2544
34059,4.8576073,1.3363,9.7382,15,9.2467
34060,4.8577322,1.3440,9.7382,15,9.2467
34061,4.8578572,1.3440,9.7382,15,9.2467
34062,4.8579822,1.3440,9.7306,15,9.2544
34063,4.8581073,1.3363,9.7382,15,9.2467
34064,4.8582322,1.3440,9.7382,15,9.2467
34065,4.8583572,1.3440,9.7306,15,9.2467
34066,4.8584822,1.3440,9.7306,15,9.2544
34067,4.8586073,1.3363,9.7382,15,9.2467
34068,4.8587322,1.3440,9.7382,15,9.2467
34069,4.8588572,1.3440,9.7306,15,9.2544
34070,4.8589822,1.3440,9.7306,15,9.2544
34071,4.8591073,1.3363,9.7382,15,9.2467
34072,4.8592322,1.3440,9.7382,15,9.2467
34073,4.8593572,1.3440,9.7306,15,9.2544
34074,4.8594822,1.3440,9.7306,15,9.2544
34075,4.8596073,1.3363,9.7382,15,9.2467
34076,4.8597322,1.3440,9.7382,15,9.2467
34077,4.8598572,1.3440,9.7306,15,9.2544
34078,4.8599822,1.3440,9.7306,15,9.2544
34079,4.8601073,1.3363,9.7382,15,9.2467
34080,4.8602322,1.3440,9.7382,15,9.2467
34081,4.8603572,1.3440,9.7306,15,9.2544
34082,4.8604822,1.3440,9.7306,15,9.2544
34083,4.8606073,1.3363,9.7382,15,9.2467
34084,4.8607322,1.3440,9.7382,15,9.2467
34085,4.8608572,1.3440,9.7306,15,9.2544
34086,4.8609822,1.3440,9.7306,15,9.2544
34087,4.8611073,1.3440,9.7382,15,9.2467
34088,4.8612322,1.3440,9.7382,15,9.2467
34089,4.8613572,1.3440,9.7306,15,9.2544
34090,4.8614822,1.3440,9.7306,15,9.2544
34091,4.8616073,1.3440,9.7382,15,9.2467
34092,4.8617322,1.3440,9.7382,15,9.2467
34093,4.8618572,1.3440,9.7306,15,9.2544
34094,4.8619822,1.3440,9.7306,15,9.2544
34095,4.8621073,1.3440,9.7382,15,9.2467
34096,4.8622322,1.3440,9.7306,15,9.2544
34097,4.8623572,1.3440,9.7306,15,9.2544
34098,4.8624822,1.3440,9.7306,15,9.2544
34099,4.8626073,1.3440,9.7382,15,9.2467
34100,4.8627322,1.3440,9.7306,15,9.2544
34101,4.8628572,1.3440,9.7306,15,9.2544
34102,4.8629823,1.3363,9.7382,15,9.2467
34103,4.8631073,1.3440,9.7382,15,9.2467
34104,4.8632322,1.3440,9.7306,15,9.2544
34105,4.8633572,1.3440,9.7306,15,9.2544
34106,4.8634823,1.3363,9.7382,15,9.2467
34107,4.8636073,1.3440,9.7382,15,9.2467
34108,4.8637322,1.3440,9.7306,15,9.2544
34109,4.8638572,1.3440,9.7306,15,9.2544
34110,4.8639823,1.3363,9.7382,15,9.2467
34111,4.8641073,1.3440,9.7382,15,9.2467
34112,4.8642322,1.3440,9.7306,15,9.2544
34113,4.8643572,1.3440,9.7306,15,9.2544
34114,4.8644823,1.3363,9.7382,15,9.2467
34115,4.8646073,1.3440,9.7382,15,9.2467
34116,4.8647322,1.3440,9.7306,15,9.2544
34117,4.8648572,1.3440,9.7306,15,9.2544
34118,4.8649823,1.3440,9.7382,15,9.2467
34119,4.8651073,1.3440,9.7382,15,9.2467
34120,4.8652322,1.3440,9.7306,15,9.2544
34121,4.8653572,1.3440,9.7306,15,9.2544
34122,4.8654823,1.3440,9.7382,15,9.2467
34123,4.8656073,1.3440,9.7306,15,9.2467
34124,4.8657322,1.3440,9.7306,15,9.2544
34125,4.8658572,1.3440,9.7306,15,9.2544
34126,4.8659823,1.3440,9.7382,15,9.2467
34127,4.8661073,1.3440,9.7306,15,9.2544
34128,4.8662322,1.3440,9.7306,15,9.2544
34129,4.8663572,1.3440,9.7306,15,9.2544
34130,4.8664823,1.3440,9.7382,15,9.2467
34131,4.8666073,1.3440,9.7306,15,9.2544
34132,4.8667322,1.3440,9.7306,15,9.2544
34133,4.8668572,1.3440,9.7306,15,9.2544
34134,4.8669823,1.3440,9.7382,15,9.2467
34135,4.8671073,1.3440,9.7306,15,9.2544
34136,4.8672322,1.3440,9.7306,15,9.2544
34137,4.8673572,1.3440,9.7306,15,9.2544
34138,4.8674823,1.3440,9.7382,15,9.2467
34139,4.8676073,1.3440,9.7306,15,9.2544
34140,4.8677322,1.3440,9.7306,15,9.2544
34141,4.8678572,1.3440,9.7306,15,9.2544
34142,4.8679823,1.3440,9.7382,15,9.2467
34143,4.8681073,1.3440,9.7306,15,9.2544
34144,4.8682322,1.3440,9.7306,15,9.2544
34145,4.8683572,1.3440,9.7306,15,9.2544
34146,4.8684823,1.3440,9.7382,15,9.2467
34147,4.8686073,1.3440,9.7306,15,9.2544
34148,4.8687322,1.3440,9.7306,15,9.2544
34149,4.8688572,1.3517,9.7306,15,9.2544
34150,4.8689823,1.3440,9.7382,15,9.2467
34151,4.8691073,1.3440,9.7306,15,9.2544
34152,4.8692322,1.3440,9.7306,15,9.2544
34153,4.8693572,1.3517,9.7306,15,9.2544
34154,4.8694823,1.3440,9.7382,15,9.2467
34155,4.8696073,1.3440,9.7306,15,9.2544
34156,4.8697322,1.3440,9.7306,15,9.2544
34157,4.8698572,1.3517,9.7306,15,9.2544
34158,4.8699823,1.3440,9.7306,15,9.2544
34159,4.8701073,1.3440,9.7306,15,9.2544
34160,4.8702322,1.3440,9.7306,15,9.2544
34161,4.8703572,1.3517,9.7306,15,9.2544
34162,4.8704823,1.3440,9.7306,15,9.2544
34163,4.8706073,1.3440,9.7306,15,9.2544
34164,4.8707322,1.3440,9.7306,15,9.2544
34165,4.8708574,1.3440,9.7382,15,9.2467
34166,4.8709823,1.3440,9.7306,15,9.2544
34167,4.8711073,1.3440,9.7306,15,9.2544
34168,4.8712322,1.3440,9.7306,15,9.2544
34169,4.8713574,1.3440,9.7382,15,9.2467
34170,4.8714823,1.3440,9.7306,15,9.2544
34171,4.8716073,1.3440,9.7306,15,9.2544
34172,4.8717322,1.3440,9.7306,15,9.2544
34173,4.8718574,1.3440,9.7382,15,9.2467
34174,4.8719823,1.3440,9.7306,15,9.2544
34175,4.8721073,1.3440,9.7306,15,9.2544
34176,4.8722322,1.3440,9.7306,15,9.2544
34177,4.8723574,1.3440,9.7382,15,9.2467
34178,4.8724823,1.3440,9.7306,15,9.2544
34179,4.8726073,1.3440,9.7306,15,9.2544
34180,4.8727322,1.3517,9.7306,15,9.2544
34181,4.8728574,1.3440,9.7382,15,9.2467
34182,4.8729823,1.3440,9.7306,15,9.2544
34183,4.8731073,1.3440,9.7306,15,9.2544
34184,4.8732322,1.3517,9.7306,15,9.2544
34185,4.8733574,1.3440,9.7382,15,9.2467
34186,4.8734823,1.3440,9.7306,15,9.2544
34187,4.8736073,1.3440,9.7306,15,9.2544
34188,4.8737322,1.3517,9.7306,15,9.2544
34189,4.8738574,1.3440,9.7306,15,9.2467
34190,4.8739823,1.3440,9.7306,15,9.2544
34191,4.8741073,1.3440,9.7306,15,9.2544
34192,4.8742322,1.3517,9.7306,15,9.2544
34193,4.8743574,1.3440,9.7306,15,9.2544
34194,4.8744823,1.3440,9.7306,15,9.2544
34195,4.8746073,1.3440,9.7306,15,9.2544
34196,4.8747322,1.3517,9.7306,15,9.2544
34197,4.8748574,1.3440,9.7306,15,9.2544
34198,4.8749823,1.3440,9.7306,15,9.2544
34199,4.8751073,1.3440,9.7306,15,9.2544
34200,4.8752322,1.3517,9.7306,15,9.2544
34201,4.8753574,1.3440,9.7306,15,9.2544
34202,4.8754823,1.3440,9.7306,15,9.2544
34203,4.8756073,1.3440,9.7306,15,9.2544
34204,4.8757322,1.3517,9.7306,15,9.2544
34205,4.8758574,1.3440,9.7306,15,9.2544
34206,4.8759823,1.3440,9.7306,15,9.2544
34207,4.8761073,1.3440,9.7306,15,9.2544
34208,4.8762322,1.3517,9.7306,15,9.2544
34209,4.8763574,1.3440,9.7306,15,9.2544
34210,4.8764823,1.3440,9.7306,15,9.2544
34211,4.8766073,1.3440,9.7306,15,9.2544
34212,4.8767322,1.3517,9.7306,15,9.2544
34213,4.8768574,1.3440,9.7306,15,9.2544
34214,4.8769823,1.3440,9.7306,15,9.2544
34215,4.8771073,1.3517,9.7306,15,9.2544
34216,4.8772322,1.3517,9.7306,15,9.2544
34217,4.8773574,1.3440,9.7306,15,9.2544
34218,4.8774823,1.3440,9.7306,15,9.2544
34219,4.8776073,1.3517,9.7306,15,9.2544
34220,4.8777322,1.3517,9.7306,15,9.2544
34221,4.8778574,1.3440,9.7306,15,9.2544
34222,4.8779823,1.3440,9.7306,15,9.2544
34223,4.8781073,1.3517,9.7306,15,9.2544
34224,4.8782322,1.3517,9.7229,15,9.2621
34225,4.8783574,1.3440,9.7306,15,9.2544
34226,4.8784823,1.3440,9.7306,15,9.2544
34227,4.8786073,1.3517,9.7306,15,9.2544
34228,4.8787324,1.3440,9.7306,15,9.2544
34229,4.8788574,1.3440,9.7306,15,9.2544
34230,4.8789823,1.3440,9.7306,15,9.2544
34231,4.8791073,1.3517,9.7306,15,9.2544
34232,4.8792324,1.3440,9.7306,15,9.2544
34233,4.8793574,1.3440,9.7306,15,9.2544
34234,4.8794823,1.3440,9.7306,15,9.2544
34235,4.8796073,1.3517,9.7306,15,9.2544
34236,4.8797324,1.3440,9.7306,15,9.2544
34237,4.8798574,1.3440,9.7306,15,9.2544
34238,4.8799823,1.3440,9.7306,15,9.2544
34239,4.8801073,1.3517,9.7306,15,9.2544
34240,4.8802324,1.3440,9.7306,15,9.2544
34241,4.8803574,1.3440,9.7306,15,9.2544
34242,4.8804823,1.3440,9.7306,15,9.2544
34243,4.8806073,1.3517,9.7306,15,9.2544
34244,4.8807324,1.3440,9.7306,15,9.2544
34245,4.8808574,1.3440,9.7306,15,9.2544
34246,4.8809823,1.3440,9.7306,15,9.2544
34247,4.8811073,1.3517,9.7306,15,9.2544
34248,4.8812324,1.3440,9.7306,15,9.2544
34249,4.8813574,1.3440,9.7306,15,9.2544
34250,4.8814823,1.3517,9.7306,15,9.2544
34251,4.8816073,1.3517,9.7306,15,9.2544
34252,4.8817324,1.3440,9.7306,15,9.2544
34253,4.8818574,1.3440,9.7306,15,9.2544
34254,4.8819823,1.3517,9.7306,15,9.2544
34255,4.8821073,1.3517,9.7306,15,9.2544
34256,4.8822324,1.3440,9.7306,15,9.2544
34257,4.8823574,1.3440,9.7306,15,9.2544
34258,4.8824823,1.3517,9.7306,15,9.2544
34259,4.8826073,1.3517,9.7229,15,9.2544
34260,4.8827324,1.3440,9.7306,15,9.2544
34261,4.8828574,1.3440,9.7306,15,9.2544
34262,4.8829823,1.3517,9.7306,15,9.2544
34263,4.8831073,1.3517,9.7229,15,9.2621
34264,4.8832324,1.3440,9.7306,15,9.2544
34265,4.8833574,1.3440,9.7306,15,9.2544
34266,4.8834823,1.3517,9.7306,15,9.2544
34267,4.8836073,1.3517,9.7229,15,9.2621
34268,4.8837324,1.3440,9.7306,15,9.2544
34269,4.8838574,1.3440,9.7306,15,9.2544
34270,4.8839823,1.3517,9.7306,15,9.2544
34271,4.8841073,1.3517,9.7229,15,9.2621
34272,4.8842324,1.3440,9.7306,15,9.2544
34273,4.8843574,1.3440,9.7306,15,9.2544
34274,4.8844823,1.3517,9.7306,15,9.2544
34275,4.8846073,1.3517,9.7229,15,9.2621
34276,4.8847324,1.3440,9.7306,15,9.2544
34277,4.8848574,1.3440,9.7306,15,9.2544
34278,4.8849823,1.3517,9.7306,15,9.2544
34279,4.8851073,1.3517,9.7229,15,9.2621
34280,4.8852324,1.3440,9.7306,15,9.2544
34281,4.8853574,1.3440,9.7306,15,9.2544
34282,4.8854823,1.3517,9.7306,15,9.2544
34283,4.8856073,1.3517,9.7229,15,9.2621
34284,4.8857324,1.3440,9.7306,15,9.2544
34285,4.8858574,1.3440,9.7306,15,9.2544
34286,4.8859823,1.3517,9.7306,15,9.2544
34287,4.8861073,1.3517,9.7229,15,9.2621
34288,4.8862324,1.3440,9.7306,15,9.2544
34289,4.8863574,1.3517,9.7306,15,9.2544
34290,4.8864823,1.3517,9.7306,15,9.2544
34291,4.8866074,1.3440,9.7306,15,9.2544
34292,4.8867324,1.3440,9.7306,15,9.2544
34293,4.8868574,1.3517,9.7306,15,9.2544
34294,4.8869823,1.3517,9.7306,15,9.2544
34295,4.8871074,1.3440,9.7306,15,9.2544
34296,4.8872324,1.3440,9.7306,15,9.2544
34297,4.8873574,1.3517,9.7306,15,9.2544
34298,4.8874823,1.3517,9.7229,15,9.2621
34299,4.8876074,1.3440,9.7306,15,9.2544
34300,4.8877324,1.3440,9.7306,15,9.2544
34301,4.8878574,1.3517,9.7306,15,9.2544
34302,4.8879823,1.3517,9.7229,15,9.2621
34303,4.8881074,1.3440,9.7306,15,9.2544
34304,4.8882324,1.3440,9.7306,15,9.2544
34305,4.8883574,1.3517,9.7306,15,9.2544
34306,4.8884823,1.3517,9.7229,15,9.2621
34307,4.8886074,1.3440,9.7306,15,9.2544
34308,4.8887324,1.3440,9.7306,15,9.2544
34309,4.8888574,1.3517,9.7306,15,9.2544
34310,4.8889823,1.3517,9.7229,15,9.2621
34311,4.8891074,1.3440,9.7306,15,9.2544
34312,4.8892324,1.3440,9.7306,15,9.2544
34313,4.8893574,1.3517,9.7306,15,9.2544
34314,4.8894823,1.3517,9.7229,15,9.2621
34315,4.8896074,1.3440,9.7306,15,9.2544
34316,4.8897324,1.3440,9.7306,15,9.2544
34317,4.8898574,1.3517,9.7306,15,9.2544
34318,4.8899823,1.3517,9.7229,15,9.2621
34319,4.8901074,1.3440,9.7306,15,9.2544
34320,4.8902324,1.3440,9.7306,15,9.2544
34321,4.8903574,1.3517,9.7306,15,9.2544
34322,4.8904823,1.3517,9.7229,15,9.2621
34323,4.8906074,1.3440,9.7306,15,9.2544
34324,4.8907324,1.3440,9.7306,15,9.2544
34325,4.8908574,1.3517,9.7306,15,9.2544
34326,4.8909823,1.3517,9.7229,15,9.2621
34327,4.8911074,1.3440,9.7306,15,9.2544
34328,4.8912324,1.3517,9.7306,15,9.2544
34329,4.8913574,1.3517,9.7306,15,9.2544
34330,4.8914823,1.3517,9.7229,15,9.2621
34331,4.8916074,1.3440,9.7306,15,9.2544
34332,4.8917324,1.3517,9.7306,15,9.2544
34333,4.8918574,1.3517,9.7306,15,9.2544
34334,4.8919823,1.3517,9.7229,15,9.2621
34335,4.8921074,1.3440,9.7306,15,9.2544
34336,4.8922324,1.3517,9.7306,15,9.2544
34337,4.8923574,1.3517,9.7229,15,9.2544
34338,4.8924823,1.3517,9.7229,15,9.2621
34339,4.8926074,1.3440,9.7306,15,9.2544
34340,4.8927324,1.3517,9.7306,15,9.2544
34341,4.8928574,1.3517,9.7229,15,9.2621
34342,4.8929823,1.3517,9.7229,15,9.2621
34343,4.8931074,1.3440,9.7306,15,9.2544
34344,4.8932324,1.3517,9.7306,15,9.2544
34345,4.8933574,1.3517,9.7229,15,9.2621
34346,4.8934823,1.3517,9.7229,15,9.2621
34347,4.8936074,1.3440,9.7306,15,9.2544
34348,4.8937324,1.3517,9.7306,15,9.2544
34349,4.8938574,1.3517,9.7229,15,9.2621
34350,4.8939823,1.3517,9.7229,15,9.2621
34351,4.8941074,1.3440,9.7306,15,9.2544
34352,4.8942324,1.3517,9.7306,15,9.2544
34353,4.8943574,1.3517,9.7229,15,9.2621
34354,4.8944825,1.3440,9.7306,15,9.2544
34355,4.8946074,1.3440,9.7306,15,9.2544
34356,4.8947324,1.3517,9.7306,15,9.2544
34357,4.8948574,1.3517,9.7229,15,9.2621
34358,4.8949825,1.3440,9.7306,15,9.2544
34359,4.8951074,1.3440,9.7306,15,9.2544
34360,4.8952324,1.3517,9.7306,15,9.2544
34361,4.8953574,1.3517,9.7229,15,9.2621
34362,4.8954825,1.3440,9.7306,15,9.2544
34363,4.8956074,1.3440,9.7306,15,9.2544
34364,4.8957324,1.3517,9.7306,15,9.2544
34365,4.8958574,1.3517,9.7229,15,9.2621
34366,4.8959825,1.3440,9.7306,15,9.2544
34367,4.8961074,1.3517,9.7306,15,9.2544
34368,4.8962324,1.3517,9.7306,15,9.2544
34369,4.8963574,1.3517,9.7229,15,9.2621
34370,4.8964825,1.3440,9.7306,15,9.2544
34371,4.8966074,1.3517,9.7306,15,9.2544
34372,4.8967324,1.3517,9.7306,15,9.2544
34373,4.8968574,1.3517,9.7229,15,9.2621
34374,4.8969825,1.3440,9.7306,15,9.2544
34375,4.8971074,1.3517,9.7306,15,9.2544
34376,4.8972324,1.3517,9.7229,15,9.2544
34377,4.8973574,1.3517,9.7229,15,9.2621
34378,4.8974825,1.3440,9.7306,15,9.2544
34379,4.8976074,1.3517,9.7306,15,9.2544
34380,4.8977324,1.3517,9.7229,15,9.2621
34381,4.8978574,1.3517,9.7229,15,9.2621
34382,4.8979825,1.3440,9.7306,15,9.2544
34383,4.8981074,1.3517,9.7306,15,9.2544
34384,4.8982324,1.3517,9.7229,15,9.2621
34385,4.8983574,1.3517,9.7229,15,9.2621
34386,4.8984825,1.3440,9.7306,15,9.2544
34387,4.8986074,1.3517,9.7306,15,9.2544
34388,4.8987324,1.3517,9.7229,15,9.2621
34389,4.8988574,1.3517,9.7229,15,9.2621
34390,4.8989825,1.3440,9.7306,15,9.2544
34391,4.8991074,1.3517,9.7306,15,9.2544
34392,4.8992324,1.3517,9.7229,15,9.2621
34393,4.8993574,1.3517,9.7229,15,9.2621
34394,4.8994825,1.3440,9.7306,15,9.2544
34395,4.8996074,1.3517,9.7306,15,9.2544
34396,4.8997324,1.3517,9.7229,15,9.2621
34397,4.8998574,1.3517,9.7229,15,9.2621
34398,4.8999825,1.3440,9.7306,15,9.2544
34399,4.9001074,1.3517,9.7306,15,9.2544
34400,4.9002324,1.3517,9.7229,15,9.2621
34401,4.9003574,1.3517,9.7229,15,9.2621
34402,4.9004825,1.3440,9.7306,15,9.2544
34403,4.9006074,1.3517,9.7306,15,9.2544
34404,4.9007324,1.3517,9.7229,15,9.2621
34405,4.9008574,1.3517,9.7229,15,9.2621
34406,4.9009825,1.3440,9.7306,15,9.2544
34407,4.9011074,1.3517,9.7306,15,9.2544
34408,4.9012324,1.3517,9.7229,15,9.2621
34409,4.9013574,1.3517,9.7229,15,9.2621
34410,4.9014825,1.3517,9.7306,15,9.2544
34411,4.9016074,1.3517,9.7306,15,9.2544
34412,4.9017324,1.3517,9.7229,15,9.2621
34413,4.9018574,1.3517,9.7229,15,9.2621
34414,4.9019825,1.3517,9.7306,15,9.2544
34415,4.9021074,1.3517,9.7306,15,9.2544
34416,4.9022324,1.3517,9.7229,15,9.2621
34417,4.9023575,1.3440,9.7306,15,9.2544
34418,4.9024825,1.3517,9.7306,15,9.2544
34419,4.9026074,1.3517,9.7306,15,9.2544
34420,4.9027324,1.3517,9.7229,15,9.2621
34421,4.9028575,1.3440,9.7306,15,9.2544
34422,4.9029825,1.3517,9.7306,15,9.2544
34423,4.9031074,1.3517,9.7229,15,9.2544
34424,4.9032324,1.3517,9.7229,15,9.2621
34425,4.9033575,1.3440,9.7306,15,9.2544
34426,4.9034825,1.3517,9.7306,15,9.2544
34427,4.9036074,1.3517,9.7229,15,9.2621
34428,4.9037324,1.3517,9.7229,15,9.2621
34429,4.9038575,1.3440,9.7306,15,9.2544
34430,4.9039825,1.3517,9.7306,15,9.2544
34431,4.9041074,1.3517,9.7229,15,9.2621
34432,4.9042324,1.3517,9.7229,15,9.2621
34433,4.9043575,1.3440,9.7306,15,9.2544
34434,4.9044825,1.3517,9.7306,15,9.2544
34435,4.9046074,1.3517,9.7229,15,9.2621
34436,4.9047324,1.3517,9.7229,15,9.2621
34437,4.9048575,1.3440,9.7306,15,9.2544
34438,4.9049825,1.3517,9.7306,15,9.2544
34439,4.9051074,1.3517,9.7229,15,9.2621
34440,4.9052324,1.3517,9.7229,15,9.2621
34441,4.9053575,1.3440,9.7306,15,9.2544
34442,4.9054825,1.3517,9.7306,15,9.2544
34443,4.9056074,1.3517,9.7229,15,9.2621
34444,4.9057324,1.3517,9.7229,15,9.2621
34445,4.9058575,1.3440,9.7306,15,9.2544
34446,4.9059825,1.3517,9.7306,15,9.2544
34447,4.9061074,1.3517,9.7229,15,9.2621
34448,4.9062324,1.3517,9.7229,15,9.2621
34449,4.9063575,1.3440,9.7306,15,9.2544
34450,4.9064825,1.3517,9.7306,15,9.2544
34451,4.9066074,1.3517,9.7229,15,9.2621
34452,4.9067324,1.3517,9.7229,15,9.2621
34453,4.9068575,1.3440,9.7306,15,9.2544
34454,4.9069825,1.3517,9.7306,15,9.2544
34455,4.9071074,1.3517,9.7229,15,9.2621
34456,4.9072324,1.3517,9.7229,15,9.2621
34457,4.9073575,1.3517,9.7306,15,9.2544
34458,4.9074825,1.3517,9.7306,15,9.2544
34459,4.9076074,1.3517,9.7229,15,9.2621
34460,4.9077324,1.3517,9.7229,15,9.2621
34461,4.9078575,1.3517,9.7306,15,9.2544
34462,4.9079825,1.3517,9.7306,15,9.2544
34463,4.9081074,1.3517,9.7229,15,9.2621
34464,4.9082324,1.3517,9.7229,15,9.2621
34465,4.9083575,1.3517,9.7306,15,9.2544
34466,4.9084825,1.3517,9.7229,15,9.2544
34467,4.9086074,1.3517,9.7229,15,9.2621
34468,4.9087324,1.3517,9.7229,15,9.2621
34469,4.9088575,1.3517,9.7306,15,9.2544
34470,4.9089825,1.3517,9.7229,15,9.2544
34471,4.9091074,1.3517,9.7229,15,9.2621
34472,4.9092324,1.3517,9.7229,15,9.2621
34473,4.9093575,1.3517,9.7306,15,9.2544
34474,4.9094825,1.3517,9.7229,15,9.2621
34475,4.9096074,1.3517,9.7229,15,9.2621
34476,4.9097324,1.3517,9.7229,15,9.2621
34477,4.9098575,1.3517,9.7306,15,9.2544
34478,4.9099825,1.3517,9.7229,15,9.2621
34479,4.9101074,1.3517,9.7229,15,9.2621
34480,4.9102326,1.3440,9.7306,15,9.2544
34481,4.9103575,1.3517,9.7306,15,9.2544
34482,4.9104825,1.3517,9.7229,15,9.2621
34483,4.9106074,1.3517,9.7229,15,9.2621
34484,4.9107326,1.3440,9.7306,15,9.2544
34485,4.9108575,1.3517,9.7306,15,9.2544
34486,4.9109825,1.3517,9.7229,15,9.2621
34487,4.9111074,1.3517,9.7229,15,9.2621
34488,4.9112326,1.3440,9.7306,15,9.2544
34489,4.9113575,1.3517,9.7306,15,9.2544
34490,4.9114825,1.3517,9.7229,15,9.2621
34491,4.9116074,1.3517,9.7229,15,9.2621
34492,4.9117326,1.3440,9.7306,15,9.2544
34493,4.9118575,1.3517,9.7306,15,9.2544
34494,4.9119825,1.3517,9.7229,15,9.2621
34495,4.9121074,1.3517,9.7229,15,9.2621
34496,4.9122326,1.3440,9.7306,15,9.2544
34497,4.9123575,1.3517,9.7306,15,9.2544
34498,4.9124825,1.3517,9.7229,15,9.2621
34499,4.9126074,1.3517,9.7229,15,9.2621
34500,4.9127326,1.3440,9.7306,15,9.2544
34501,4.9128575,1.3517,9.7306,15,9.2544
34502,4.9129825,1.3517,9.7229,15,9.2621
34503,4.9131074,1.3517,9.7229,15,9.2621
34504,4.9132326,1.3440,9.7306,15,9.2544
34505,4.9133575,1.3517,9.7306,15,9.2544
34506,4.9134825,1.3517,9.7229,15,9.2621
34507,4.9136074,1.3517,9.7229,15,9.2621
34508,4.9137326,1.3517,9.7306,15,9.2544
34509,4.9138575,1.3517,9.7306,15,9.2544
34510,4.9139825,1.3517,9.7229,15,9.2621
34511,4.9141074,1.3517,9.7229,15,9.2621
34512,4.9142326,1.3517,9.7306,15,9.2544
34513,4.9143575,1.3517,9.7306,15,9.2544
34514,4.9144825,1.3517,9.7229,15,9.2621
34515,4.9146074,1.3517,9.7229,15,9.2621
34516,4.9147326,1.3517,9.7306,15,9.2544
34517,4.9148575,1.3517,9.7229,15,9.2544
34518,4.9149825,1.3517,9.7229,15,9.2621
34519,4.9151074,1.3517,9.7229,15,9.2621
34520,4.9152326,1.3517,9.7306,15,9.2544
34521,4.9153575,1.3517,9.7229,15,9.2621
34522,4.9154825,1.3517,9.7229,15,9.2621
34523,4.9156074,1.3517,9.7229,15,9.2621
34524,4.9157326,1.3517,9.7306,15,9.2544
34525,4.9158575,1.3517,9.7229,15,9.2621
34526,4.9159825,1.3517,9.7229,15,9.2621
34527,4.9161074,1.3517,9.7229,15,9.2621
34528,4.9162326,1.3517,9.7306,15,9.2544
34529,4.9163575,1.3517,9.7229,15,9.2621
34530,4.9164825,1.3517,9.7229,15,9.2621
34531,4.9166074,1.3517,9.7229,15,9.2621
34532,4.9167326,1.3517,9.7306,15,9.2544
34533,4.9168575,1.3517,9.7229,15,9.2621
34534,4.9169825,1.3517,9.7229,15,9.2621
34535,4.9171074,1.3517,9.7229,15,9.2621
34536,4.9172326,1.3517,9.7306,15,9.2544
34537,4.9173575,1.3517,9.7229,15,9.2621
34538,4.9174825,1.3517,9.7229,15,9.2621
34539,4.9176074,1.3517,9.7229,15,9.2621
34540,4.9177326,1.3517,9.7306,15,9.2544
34541,4.9178575,1.3517,9.7229,15,9.2621
34542,4.9179825,1.3517,9.7229,15,9.2621
34543,4.9181076,1.3440,9.7306,15,9.2544
34544,4.9182326,1.3517,9.7306,15,9.2544
34545,4.9183575,1.3517,9.7229,15,9.2621
34546,4.9184825,1.3517,9.7229,15,9.2621
34547,4.9186076,1.3440,9.7306,15,9.2544
34548,4.9187326,1.3517,9.7306,15,9.2544
34549,4.9188575,1.3517,9.7229,15,9.2621
34550,4.9189825,1.3517,9.7229,15,9.2621
34551,4.9191076,1.3440,9.7306,15,9.2544
34552,4.9192326,1.3517,9.7306,15,9.2544
34553,4.9193575,1.3517,9.7229,15,9.2621
34554,4.9194825,1.3517,9.7229,15,9.2621
34555,4.9196076,1.3440,9.7306,15,9.2544
34556,4.9197326,1.3517,9.7306,15,9.2544
34557,4.9198575,1.3517,9.7229,15,9.2621
34558,4.9199825,1.3517,9.7229,15,9.2621
34559,4.9201076,1.3517,9.7306,15,9.2544
34560,4.9202326,1.3517,9.7306,15,9.2544
34561,4.9203575,1.3517,9.7229,15,9.2621
34562,4.9204825,1.3517,9.7229,15,9.2621
34563,4.9206076,1.3517,9.7306,15,9.2544
34564,4.9207326,1.3517,9.7306,15,9.2544
34565,4.9208575,1.3517,9.7229,15,9.2621
34566,4.9209825,1.3517,9.7229,15,9.2621
34567,4.9211076,1.3517,9.7306,15,9.2544
34568,4.9212326,1.3517,9.7229,15,9.2544
34569,4.9213575,1.3517,9.7229,15,9.2621
34570,4.9214825,1.3517,9.7229,15,9.2621
34571,4.9216076,1.3517,9.7306,15,9.2544
34572,4.9217326,1.3517,9.7229,15,9.2544
34573,4.9218575,1.3517,9.7229,15,9.2621
34574,4.9219825,1.3517,9.7229,15,9.2621
34575,4.9221076,1.3517,9.7306,15,9.2544
34576,4.9222326,1.3517,9.7229,15,9.2621
34577,4.9223575,1.3517,9.7229,15,9.2621
34578,4.9224825,1.3517,9.7229,15,9.2621
34579,4.9226076,1.3517,9.7306,15,9.2544
34580,4.9227326,1.3517,9.7229,15,9.2621
34581,4.9228575,1.3517,9.7229,15,9.2621
34582,4.9229825,1.3517,9.7229,15,9.2621
34583,4.9231076,1.3517,9.7306,15,9.2544
34584,4.9232326,1.3517,9.7229,15,9.2621
34585,4.9233575,1.3517,9.7229,15,9.2621
34586,4.9234825,1.3517,9.7229,15,9.2621
34587,4.9236076,1.3517,9.7306,15,9.2544
34588,4.9237326,1.3517,9.7229,15,9.2621
34589,4.9238575,1.3517,9.7229,15,9.2621
34590,4.9239825,1.3517,9.7229,15,9.2621
34591,4.9241076,1.3517,9.7306,15,9.2544
34592,4.9242326,1.3517,9.7229,15,9.2621
34593,4.9243575,1.3517,9.7229,15,9.2621
34594,4.9244825,1.3517,9.7229,15,9.2621
34595,4.9246076,1.3517,9.7306,15,9.2544
34596,4.9247326,1.3517,9.7229,15,9.2621
34597,4.9248575,1.3517,9.7229,15,9.2621
34598,4.9249825,1.3517,9.7229,15,9.2621
34599,4.9251076,1.3517,9.7306,15,9.2544
34600,4.9252326,1.3517,9.7229,15,9.2621
34601,4.9253575,1.3517,9.7229,15,9.2621
34602,4.9254825,1.3517,9.7229,15,9.2621
34603,4.9256076,1.3517,9.7306,15,9.2544
34604,4.9257326,1.3517,9.7229,15,9.2621
34605,4.9258575,1.3517,9.7229,15,9.2621
34606,4.9259826,1.3440,9.7306,15,9.2544
34607,4.9261076,1.3517,9.7306,15,9.2544
34608,4.9262326,1.3517,9.7229,15,9.2621
34609,4.9263575,1.3517,9.7229,15,9.2621
34610,4.9264826,1.3440,9.7306,15,9.2544
34611,4.9266076,1.3517,9.7306,15,9.2544
34612,4.9267326,1.3517,9.7229,15,9.2621
34613,4.9268575,1.3517,9.7229,15,9.2621
34614,4.9269826,1.3517,9.7306,15,9.2544
34615,4.9271076,1.3517,9.7306,15,9.2544
34616,4.9272326,1.3517,9.7229,15,9.2621
34617,4.9273575,1.3517,9.7229,15,9.2621
34618,4.9274826,1.3517,9.7306,15,9.2544
34619,4.9276076,1.3517,9.7306,15,9.2544
34620,4.9277326,1.3517,9.7229,15,9.2621
34621,4.9278575,1.3517,9.7229,15,9.2621
34622,4.9279826,1.3517,9.7306,15,9.2544
34623,4.9281076,1.3517,9.7229,15,9.2544
34624,4.9282326,1.3517,9.7229,15,9.2621
34625,4.9283575,1.3517,9.7229,15,9.2621
34626,4.9284826,1.3517,9.7306,15,9.2544
34627,4.9286076,1.3517,9.7229,15,9.2544
34628,4.9287326,1.3517,9.7229,15,9.2621
34629,4.9288575,1.3517,9.7229,15,9.2621
34630,4.9289826,1.3517,9.7306,15,9.2544
34631,4.9291076,1.3517,9.7229,15,9.2621
34632,4.9292326,1.3517,9.7229,15,9.2621
34633,4.9293575,1.3517,9.7229,15,9.2621
34634,4.9294826,1.3517,9.7306,15,9.2544
34635,4.9296076,1.3517,9.7229,15,9.2621
34636,4.9297326,1.3517,9.7229,15,9.2621
34637,4.9298575,1.3517,9.7229,15,9.2621
34638,4.9299826,1.3517,9.7306,15,9.2544
34639,4.9301076,1.3517,9.7229,15,9.2621
34640,4.9302326,1.3517,9.7229,15,9.2621
34641,4.9303575,1.3517,9.7229,15,9.2621
34642,4.9304826,1.3517,9.7306,15,9.2544
34643,4.9306076,1.3517,9.7229,15,9.2621
34644,4.9307326,1.3517,9.7229,15,9.2621
34645,4.9308575,1.3517,9.7229,15,9.2621
34646,4.9309826,1.3517,9.7306,15,9.2544
34647,4.9311076,1.3517,9.7229,15,9.2621
34648,4.9312326,1.3517,9.7229,15,9.2621
34649,4.9313575,1.3517,9.7229,15,9.2621
34650,4.9314826,1.3517,9.7306,15,9.2544
34651,4.9316076,1.3517,9.7229,15,9.2621
34652,4.9317326,1.3517,9.7229,15,9.2621
34653,4.9318575,1.3517,9.7229,15,9.2621
34654,4.9319826,1.3517,9.7306,15,9.2544
34655,4.9321076,1.3517,9.7229,15,9.2621
34656,4.9322326,1.3517,9.7229,15,9.2621
34657,4.9323575,1.3517,9.7229,15,9.2621
34658,4.9324826,1.3517,9.7306,15,9.2544
34659,4.9326076,1.3517,9.7229,15,9.2621
34660,4.9327326,1.3517,9.7229,15,9.2621
34661,4.9328575,1.3517,9.7229,15,9.2621
34662,4.9329826,1.3517,9.7306,15,9.2544
34663,4.9331076,1.3517,9.7229,15,9.2621
34664,4.9332326,1.3517,9.7229,15,9.2621
34665,4.9333575,1.3517,9.7229,15,9.2621
34666,4.9334826,1.3517,9.7306,15,9.2544
34667,4.9336076,1.3517,9.7229,15,9.2621
34668,4.9337326,1.3517,9.7229,15,9.2621
34669,4.9338577,1.3440,9.7306,15,9.2544
34670,4.9339826,1.3517,9.7306,15,9.2544
34671,4.9341076,1.3517,9.7229,15,9.2621
34672,4.9342326,1.3517,9.7229,15,9.2621
34673,4.9343577,1.3517,9.7306,15,9.2544
34674,4.9344826,1.3517,9.7306,15,9.2544
34675,4.9346076,1.3517,9.7229,15,9.2621
34676,4.9347326,1.3517,9.7229,15,9.2621
34677,4.9348577,1.3517,9.7306,15,9.2544
34678,4.9349826,1.3517,9.7306,15,9.2544
34679,4.9351076,1.3517,9.7229,15,9.2621
34680,4.9352326,1.3517,9.7229,15,9.2621
34681,4.9353577,1.3517,9.7306,15,9.2544
34682,4.9354826,1.3517,9.7306,15,9.2544
34683,4.9356076,1.3517,9.7229,15,9.2621
34684,4.9357326,1.3517,9.7229,15,9.2621
34685,4.9358577,1.3517,9.7306,15,9.2544
34686,4.9359826,1.3517,9.7229,15,9.2544
34687,4.9361076,1.3517,9.7229,15,9.2621
34688,4.9362326,1.3517,9.7229,15,9.2621
34689,4.9363577,1.3517,9.7306,15,9.2544
34690,4.9364826,1.3517,9.7229,15,9.2621
34691,4.9366076,1.3517,9.7229,15,9.2621
34692,4.9367326,1.3517,9.7229,15,9.2621
34693,4.9368577,1.3517,9.7306,15,9.2544
34694,4.9369826,1.3517,9.7229,15,9.2621
34695,4.9371076,1.3517,9.7229,15,9.2621
34696,4.9372326,1.3517,9.7229,15,9.2621
34697,4.9373577,1.3517,9.7306,15,9.2544
34698,4.9374826,1.3517,9.7229,15,9.2621
34699,4.9376076,1.3517,9.7229,15,9.2621
34700,4.9377326,1.3517,9.7229,15,9.2621
34701,4.9378577,1.3517,9.7306,15,9.2544
34702,4.9379826,1.3517,9.7229,15,9.2621
34703,4.9381076,1.3517,9.7229,15,9.2621
34704,4.9382326,1.3517,9.7229,15,9.2621
34705,4.9383577,1.3517,9.7306,15,9.2544
34706,4.9384826,1.3517,9.7229,15,9.2621
34707,4.9386076,1.3517,9.7229,15,9.2621
34708,4.9387326,1.3517,9.7229,15,9.2621
34709,4.9388577,1.3517,9.7306,15,9.2544
34710,4.9389826,1.3517,9.7229,15,9.2621
34711,4.9391076,1.3517,9.7229,15,9.2621
34712,4.9392326,1.3517,9.7229,15,9.2621
34713,4.9393577,1.3517,9.7306,15,9.2544
34714,4.9394826,1.3517,9.7229,15,9.2621
34715,4.9396076,1.3517,9.7229,15,9.2621
34716,4.9397326,1.3517,9.7229,15,9.2621
34717,4.9398577,1.3517,9.7306,15,9.2544
34718,4.9399826,1.3517,9.7229,15,9.2621
34719,4.9401076,1.3517,9.7229,15,9.2621
34720,4.9402326,1.3517,9.7229,15,9.2621
34721,4.9403577,1.3517,9.7306,15,9.2544
34722,4.9404826,1.3517,9.7229,15,9.2621
34723,4.9406076,1.3517,9.7229,15,9.2621
34724,4.9407326,1.3517,9.7229,15,9.2621
34725,4.9408577,1.3517,9.7306,15,9.2544
34726,4.9409826,1.3517,9.7229,15,9.2621
34727,4.9411076,1.3517,9.7229,15,9.2621
34728,4.9412326,1.3517,9.7229,15,9.2621
34729,4.9413577,1.3517,9.7306,15,9.2544
34730,4.9414826,1.3517,9.7229,15,9.2621
34731,4.9416076,1.3517,9.7229,15,9.2621
34732,4.9417327,1.3440,9.7306,15,9.2544
34733,4.9418577,1.3517,9.7306,15,9.2544
34734,4.9419826,1.3517,9.7229,15,9.2621
34735,4.9421076,1.3517,9.7229,15,9.2621
34736,4.9422327,1.3517,9.7306,15,9.2544
34737,4.9423577,1.3517,9.7306,15,9.2544
34738,4.9424826,1.3517,9.7229,15,9.2621
34739,4.9426076,1.3517,9.7229,15,9.2621
34740,4.9427327,1.3517,9.7306,15,9.2544
34741,4.9428577,1.3517,9.7306,15,9.2544
34742,4.9429826,1.3517,9.7229,15,9.2621
34743,4.9431076,1.3517,9.7229,15,9.2621
34744,4.9432327,1.3517,9.7306,15,9.2544
34745,4.9433577,1.3517,9.7306,15,9.2544
34746,4.9434826,1.3517,9.7229,15,9.2621
34747,4.9436076,1.3517,9.7229,15,9.2621
34748,4.9437327,1.3517,9.7306,15,9.2544
34749,4.9438577,1.3517,9.7229,15,9.2544
34750,4.9439826,1.3517,9.7229,15,9.2621
34751,4.9441076,1.3517,9.7229,15,9.2621
34752,4.9442327,1.3517,9.7306,15,9.2544
34753,4.9443577,1.3517,9.7229,15,9.2544
34754,4.9444826,1.3517,9.7229,15,9.2621
34755,4.9446076,1.3517,9.7229,15,9.2621
34756,4.9447327,1.3517,9.7306,15,9.2544
34757,4.9448577,1.3517,9.7229,15,9.2621
34758,4.9449826,1.3517,9.7229,15,9.2621
34759,4.9451076,1.3517,9.7229,15,9.2621
34760,4.9452327,1.3517,9.7306,15,9.2544
34761,4.9453577,1.3517,9.7229,15,9.2621
34762,4.9454826,1.3517,9.7229,15,9.2621
34763,4.9456076,1.3517,9.7229,15,9.2621
34764,4.9457327,1.3517,9.7306,15,9.2544
34765,4.9458577,1.3517,9.7229,15,9.2621
34766,4.9459826,1.3517,9.7229,15,9.2621
34767,4.9461076,1.3517,9.7229,15,9.2621
34768,4.9462327,1.3517,9.7306,15,9.2544
34769,4.9463577,1.3517,9.7229,15,9.2621
34770,4.9464826,1.3517,9.7229,15,9.2621
34771,4.9466076,1.3517,9.7229,15,9.2621
34772,4.9467327,1.3517,9.7306,15,9.2544
34773,4.9468577,1.3517,9.7229,15,9.2621
34774,4.9469826,1.3517,9.7229,15,9.2621
34775,4.9471076,1.3517,9.7229,15,9.2621
34776,4.9472327,1.3517,9.7306,15,9.2544
34777,4.9473577,1.3517,9.7229,15,9.2621
34778,4.9474826,1.3517,9.7229,15,9.2621
34779,4.9476076,1.3517,9.7229,15,9.2621
34780,4.9477327,1.3517,9.7306,15,9.2544
34781,4.9478577,1.3517,9.7229,15,9.2621
34782,4.9479826,1.3517,9.7229,15,9.2621
34783,4.9481076,1.3517,9.7229,15,9.2621
34784,4.9482327,1.3517,9.7306,15,9.2544
34785,4.9483577,1.3517,9.7229,15,9.2621
34786,4.9484826,1.3517,9.7229,15,9.2621
34787,4.9486076,1.3517,9.7229,15,9.2621
34788,4.9487327,1.3517,9.7306,15,9.2544
34789,4.9488577,1.3517,9.7229,15,9.2621
34790,4.9489826,1.3517,9.7229,15,9.2621
34791,4.9491076,1.3517,9.7229,15,9.2621
34792,4.9492327,1.3517,9.7306,15,9.2544
34793,4.9493577,1.3517,9.7229,15,9.2621
34794,4.9494826,1.3517,9.7229,15,9.2621
34795,4.9496078,1.3440,9.7306,15,9.2544
34796,4.9497327,1.3517,9.7306,15,9.2544
34797,4.9498577,1.3517,9.7229,15,9.2621
34798,4.9499826,1.3517,9.7229,15,9.2621
34799,4.9501078,1.3440,9.7306,15,9.2544
34800,4.9502327,1.3517,9.7306,15,9.2544
34801,4.9503577,1.3517,9.7229,15,9.2621
34802,4.9504826,1.3517,9.7229,15,9.2621
34803,4.9506078,1.3440,9.7306,15,9.2544
34804,4.9507327,1.3517,9.7306,15,9.2544
34805,4.9508577,1.3517,9.7229,15,9.2621
34806,4.9509826,1.3517,9.7229,15,9.2621
34807,4.9511078,1.3517,9.7306,15,9.2544
34808,4.9512327,1.3517,9.7306,15,9.2544
34809,4.9513577,1.3517,9.7229,15,9.2621
34810,4.9514826,1.3517,9.7229,15,9.2621
34811,4.9516078,1.3517,9.7306,15,9.2544
34812,4.9517327,1.3517,9.7306,15,9.2544
34813,4.9518577,1.3517,9.7229,15,9.2621
34814,4.9519826,1.3517,9.7229,15,9.2621
34815,4.9521078,1.3517,9.7306,15,9.2544
34816,4.9522327,1.3517,9.7306,15,9.2544
34817,4.9523577,1.3517,9.7229,15,9.2621
34818,4.9524826,1.3517,9.7229,15,9.2621
34819,4.9526078,1.3517,9.7306,15,9.2544
34820,4.9527327,1.3517,9.7229,15,9.2544
34821,4.9528577,1.3517,9.7229,15,9.2621
34822,4.9529826,1.3517,9.7229,15,9.2621
34823,4.9531078,1.3517,9.7306,15,9.2544
34824,4.9532327,1.3517,9.7229,15,9.2544
34825,4.9533577,1.3517,9.7229,15,9.2621
34826,4.9534826,1.3517,9.7229,15,9.2621
34827,4.9536078,1.3517,9.7306,15,9.2544
34828,4.9537327,1.3517,9.7229,15,9.2621
34829,4.9538577,1.3517,9.7229,15,9.2621
34830,4.9539826,1.3517,9.7229,15,9.2621
34831,4.9541078,1.3517,9.7306,15,9.2544
34832,4.9542327,1.3517,9.7229,15,9.2621
34833,4.9543577,1.3517,9.7229,15,9.2621
34834,4.9544826,1.3517,9.7229,15,9.2621
34835,4.9546078,1.3517,9.7306,15,9.2544
34836,4.9547327,1.3517,9.7229,15,9.2621
34837,4.9548577,1.3517,9.7229,15,9.2621
34838,4.9549826,1.3517,9.7229,15,9.2621
34839,4.9551078,1.3517,9.7306,15,9.2544
34840,4.9552327,1.3517,9.7229,15,9.2621
34841,4.9553577,1.3517,9.7229,15,9.2621
34842,4.9554826,1.3517,9.7229,15,9.2621
34843,4.9556078,1.3517,9.7306,15,9.2544
34844,4.9557327,1.3517,9.7229,15,9.2621
34845,4.9558577,1.3517,9.7229,15,9.2621
34846,4.9559826,1.3517,9.7229,15,9.2621
34847,4.9561078,1.3517,9.7306,15,9.2544
34848,4.9562327,1.3517,9.7229,15,9.2621
34849,4.9563577,1.3517,9.7229,15,9.2621
34850,4.9564826,1.3517,9.7229,15,9.2621
34851,4.9566078,1.3517,9.7306,15,9.2544
34852,4.9567327,1.3517,9.7229,15,9.2621
34853,4.9568577,1.3517,9.7229,15,9.2621
34854,4.9569826,1.3517,9.7229,15,9.2621
34855,4.9571078,1.3517,9.7306,15,9.2544
34856,4.9572327,1.3517,9.7229,15,9.2621
34857,4.9573577,1.3517,9.7229,15,9.2621
34858,4.9574828,1.3440,9.7306,15,9.2544
34859,4.9576078,1.3517,9.7306,15,9.2544
34860,4.9577327,1.3517,9.7229,15,9.2621
34861,4.9578577,1.3517,9.7229,15,9.2621
34862,4.9579828,1.3440,9.7306,15,9.2544
34863,4.9581078,1.3517,9.7306,15,9.2544
34864,4.9582327,1.3517,9.7229,15,9.2621
34865,4.9583577,1.3517,9.7229,15,9.2621
34866,4.9584828,1.3440,9.7306,15,9.2544
34867,4.9586078,1.3517,9.7306,15,9.2544
34868,4.9587327,1.3517,9.7229,15,9.2621
34869,4.9588577,1.3517,9.7229,15,9.2621
34870,4.9589828,1.3440,9.7306,15,9.2544
34871,4.9591078,1.3517,9.7306,15,9.2544
34872,4.9592327,1.3517,9.7229,15,9.2621
34873,4.9593577,1.3517,9.7229,15,9.2621
34874,4.9594828,1.3440,9.7306,15,9.2544
34875,4.9596078,1.3517,9.7306,15,9.2544
34876,4.9597327,1.3517,9.7229,15,9.2621
34877,4.9598577,1.3517,9.7229,15,9.2621
34878,4.9599828,1.3440,9.7306,15,9.2544
34879,4.9601078,1.3517,9.7306,15,9.2544
34880,4.9602327,1.3517,9.7229,15,9.2621
34881,4.9603577,1.3517,9.7229,15,9.2621
34882,4.9604828,1.3517,9.7306,15,9.2544
34883,4.9606078,1.3517,9.7306,15,9.2544
34884,4.9607327,1.3517,9.7229,15,9.2621
34885,4.9608577,1.3517,9.7229,15,9.2621
34886,4.9609828,1.3517,9.7306,15,9.2544
34887,4.9611078,1.3517,9.7306,15,9.2544
34888,4.9612327,1.3517,9.7229,15,9.2621
34889,4.9613577,1.3517,9.7229,15,9.2621
34890,4.9614828,1.3517,9.7306,15,9.2544
34891,4.9616078,1.3517,9.7306,15,9.2544
34892,4.9617327,1.3517,9.7229,15,9.2621
34893,4.9618577,1.3517,9.7229,15,9.2621
34894,4.9619828,1.3517,9.7306,15,9.2544
34895,4.9621078,1.3517,9.7229,15,9.2544
34896,4.9622327,1.3517,9.7229,15,9.2621
34897,4.9623577,1.3517,9.7229,15,9.2621
34898,4.9624828,1.3517,9.7306,15,9.2544
34899,4.9626078,1.3517,9.7229,15,9.2544
34900,4.9627327,1.3517,9.7229,15,9.2621
34901,4.9628577,1.3517,9.7229,15,9.2621
34902,4.9629828,1.3517,9.7306,15,9.2544
34903,4.9631078,1.3517,9.7229,15,9.2544
34904,4.9632327,1.3517,9.7229,15,9.2621
34905,4.9633577,1.3517,9.7229,15,9.2621
34906,4.9634828,1.3517,9.7306,15,9.2544
34907,4.9636078,1.3517,9.7229,15,9.2621
34908,4.9637327,1.3517,9.7229,15,9.2621
34909,4.9638577,1.3517,9.7229,15,9.2621
34910,4.9639828,1.3517,9.7306,15,9.2544
34911,4.9641078,1.3517,9.7229,15,9.2621
34912,4.9642327,1.3517,9.7229,15,9.2621
34913,4.9643577,1.3517,9.7229,15,9.2621
34914,4.9644828,1.3517,9.7306,15,9.2544
34915,4.9646078,1.3517,9.7229,15,9.2621
34916,4.9647327,1.3517,9.7229,15,9.2621
34917,4.9648577,1.3517,9.7229,15,9.2621
34918,4.9649828,1.3517,9.7306,15,9.2544
34919,4.9651078,1.3517,9.7229,15,9.2621
34920,4.9652327,1.3517,9.7229,15,9.2621
34921,4.9653578,1.3440,9.7306,15,9.2544
34922,4.9654828,1.3517,9.7306,15,9.2544
34923,4.9656078,1.3517,9.7229,15,9.2621
34924,4.9657327,1.3517,9.7229,15,9.2621
34925,4.9658578,1.3440,9.7306,15,9.2544
34926,4.9659828,1.3517,9.7306,15,9.2544
34927,4.9661078,1.3517,9.7229,15,9.2621
34928,4.9662327,1.3517,9.7229,15,9.2621
34929,4.9663578,1.3440,9.7306,15,9.2544
34930,4.9664828,1.3517,9.7306,15,9.2544
34931,4.9666078,1.3517,9.7229,15,9.2621
34932,4.9667327,1.3517,9.7229,15,9.2621
34933,4.9668578,1.3440,9.7306,15,9.2544
34934,4.9669828,1.3517,9.7306,15,9.2544
34935,4.9671078,1.3517,9.7229,15,9.2621
34936,4.9672327,1.3517,9.7229,15,9.2621
34937,4.9673578,1.3440,9.7306,15,9.2544
34938,4.9674828,1.3517,9.7306,15,9.2544
34939,4.9676078,1.3517,9.7229,15,9.2621
34940,4.9677327,1.3517,9.7229,15,9.2621
34941,4.9678578,1.3440,9.7306,15,9.2544
34942,4.9679828,1.3517,9.7306,15,9.2544
34943,4.9681078,1.3517,9.7229,15,9.2621
34944,4.9682327,1.3517,9.7229,15,9.2621
34945,4.9683578,1.3440,9.7306,15,9.2544
34946,4.9684828,1.3517,9.7306,15,9.2544
34947,4.9686078,1.3517,9.7229,15,9.2621
34948,4.9687327,1.3517,9.7229,15,9.2621
34949,4.9688578,1.3440,9.7306,15,9.2544
34950,4.9689828,1.3517,9.7306,15,9.2544
34951,4.9691078,1.3517,9.7229,15,9.2621
34952,4.9692327,1.3517,9.7229,15,9.2621
34953,4.9693578,1.3440,9.7306,15,9.2544
34954,4.9694828,1.3517,9.7306,15,9.2544
34955,4.9696078,1.3517,9.7229,15,9.2621
34956,4.9697327,1.3517,9.7229,15,9.2621
34957,4.9698578,1.3440,9.7306,15,9.2544
34958,4.9699828,1.3517,9.7306,15,9.2544
34959,4.9701078,1.3517,9.7229,15,9.2621
34960,4.9702327,1.3517,9.7229,15,9.2621
34961,4.9703578,1.3517,9.7306,15,9.2544
34962,4.9704828,1.3517,9.7306,15,9.2544
34963,4.9706078,1.3517,9.7229,15,9.2621
34964,4.9707327,1.3517,9.7229,15,9.2621
34965,4.9708578,1.3517,9.7306,15,9.2544
34966,4.9709828,1.3517,9.7306,15,9.2544
34967,4.9711078,1.3517,9.7229,15,9.2621
34968,4.9712327,1.3517,9.7229,15,9.2621
34969,4.9713578,1.3517,9.7306,15,9.2544
34970,4.9714828,1.3517,9.7306,15,9.2544
34971,4.9716078,1.3517,9.7229,15,9.2621
34972,4.9717327,1.3517,9.7229,15,9.2621
34973,4.9718578,1.3517,9.7306,15,9.2544
34974,4.9719828,1.3517,9.7306,15,9.2544
34975,4.9721078,1.3517,9.7229,15,9.2621
34976,4.9722327,1.3517,9.7229,15,9.2621
34977,4.9723578,1.3517,9.7306,15,9.2544
34978,4.9724828,1.3517,9.7229,15,9.2544
34979,4.9726078,1.3517,9.7229,15,9.2621
34980,4.9727327,1.3517,9.7229,15,9.2621
34981,4.9728578,1.3517,9.7306,15,9.2544
34982,4.9729828,1.3517,9.7229,15,9.2544
34983,4.9731078,1.3517,9.7229,15,9.2621
34984,4.9732329,1.3440,9.7306,15,9.2544
34985,4.9733578,1.3517,9.7306,15,9.2544
34986,4.9734828,1.3517,9.7229,15,9.2544
34987,4.9736078,1.3517,9.7229,15,9.2621
34988,4.9737329,1.3440,9.7306,15,9.2544
34989,4.9738578,1.3517,9.7306,15,9.2544
34990,4.9739828,1.3517,9.7229,15,9.2621
34991,4.9741078,1.3517,9.7229,15,9.2621
34992,4.9742329,1.3440,9.7306,15,9.2544
34993,4.9743578,1.3517,9.7306,15,9.2544
34994,4.9744828,1.3517,9.7229,15,9.2621
34995,4.9746078,1.3517,9.7229,15,9.2621
34996,4.9747329,1.3440,9.7306,15,9.2544
34997,4.9748578,1.3517,9.7306,15,9.2544
34998,4.9749828,1.3517,9.7229,15,9.2621
34999,4.9751078,1.3517,9.7229,15,9.2621
35000,4.9752329,1.3440,9.7306,15,9.2544
35001,4.9753578,1.3517,9.7306,15,9.2544
35002,4.9754828,1.3517,9.7229,15,9.2621
35003,4.9756078,1.3517,9.7229,15,9.2621
35004,4.9757329,1.3440,9.7306,15,9.2544
35005,4.9758578,1.3517,9.7306,15,9.2544
35006,4.9759828,1.3517,9.7229,15,9.2621
35007,4.9761078,1.3517,9.7229,15,9.2621
35008,4.9762329,1.3440,9.7306,15,9.2544
35009,4.9763578,1.3517,9.7306,15,9.2544
35010,4.9764828,1.3517,9.7229,15,9.2621
35011,4.9766078,1.3517,9.7229,15,9.2621
35012,4.9767329,1.3440,9.7306,15,9.2544
35013,4.9768578,1.3517,9.7306,15,9.2544
35014,4.9769828,1.3517,9.7229,15,9.2621
35015,4.9771078,1.3517,9.7229,15,9.2621
35016,4.9772329,1.3440,9.7306,15,9.2544
35017,4.9773578,1.3517,9.7306,15,9.2544
35018,4.9774828,1.3517,9.7229,15,9.2621
35019,4.9776078,1.3517,9.7229,15,9.2621
35020,4.9777329,1.3440,9.7306,15,9.2544
35021,4.9778578,1.3517,9.7306,15,9.2544
35022,4.9779828,1.3517,9.7229,15,9.2621
35023,4.9781078,1.3517,9.7229,15,9.2621
35024,4.9782329,1.3440,9.7306,15,9.2544
35025,4.9783578,1.3517,9.7306,15,9.2544
35026,4.9784828,1.3517,9.7229,15,9.2621
35027,4.9786078,1.3517,9.7229,15,9.2621
35028,4.9787329,1.3440,9.7306,15,9.2544
35029,4.9788578,1.3517,9.7306,15,9.2544
35030,4.9789828,1.3517,9.7229,15,9.2621
35031,4.9791078,1.3517,9.7229,15,9.2621
35032,4.9792329,1.3440,9.7306,15,9.2544
35033,4.9793578,1.3517,9.7306,15,9.2544
35034,4.9794828,1.3517,9.7229,15,9.2621
35035,4.9796078,1.3517,9.7229,15,9.2621
35036,4.9797329,1.3440,9.7306,15,9.2544
35037,4.9798578,1.3517,9.7306,15,9.2544
35038,4.9799828,1.3517,9.7229,15,9.2621
35039,4.9801078,1.3517,9.7229,15,9.2621
35040,4.9802329,1.3440,9.7306,15,9.2544
35041,4.9803578,1.3517,9.7306,15,9.2544
35042,4.9804828,1.3517,9.7229,15,9.2621
35043,4.9806079,1.3440,9.7306,15,9.2544
35044,4.9807329,1.3440,9.7306,15,9.2544
35045,4.9808578,1.3517,9.7306,15,9.2544
35046,4.9809828,1.3517,9.7229,15,9.2621
35047,4.9811079,1.3440,9.7306,15,9.2544
35048,4.9812329,1.3440,9.7306,15,9.2544
35049,4.9813578,1.3517,9.7306,15,9.2544
35050,4.9814828,1.3517,9.7229,15,9.2621
35051,4.9816079,1.3440,9.7306,15,9.2544
35052,4.9817329,1.3517,9.7306,15,9.2544
35053,4.9818578,1.3517,9.7306,15,9.2544
35054,4.9819828,1.3517,9.7229,15,9.2621
35055,4.9821079,1.3440,9.7306,15,9.2544
35056,4.9822329,1.3517,9.7306,15,9.2544
35057,4.9823578,1.3517,9.7306,15,9.2544
35058,4.9824828,1.3517,9.7229,15,9.2621
35059,4.9826079,1.3440,9.7306,15,9.2544
35060,4.9827329,1.3517,9.7306,15,9.2544
35061,4.9828578,1.3517,9.7306,15,9.2544
35062,4.9829828,1.3517,9.7229,15,9.2621
35063,4.9831079,1.3440,9.7306,15,9.2544
35064,4.9832329,1.3517,9.7306,15,9.2544
35065,4.9833578,1.3517,9.7306,15,9.2544
35066,4.9834828,1.3517,9.7229,15,9.2621
35067,4.9836079,1.3440,9.7306,15,9.2544
35068,4.9837329,1.3517,9.7306,15,9.2544
35069,4.9838578,1.3517,9.7229,15,9.2544
35070,4.9839828,1.3517,9.7229,15,9.2621
35071,4.9841079,1.3440,9.7306,15,9.2544
35072,4.9842329,1.3517,9.7306,15,9.2544
35073,4.9843578,1.3517,9.7229,15,9.2544
35074,4.9844828,1.3517,9.7229,15,9.2621
35075,4.9846079,1.3440,9.7306,15,9.2544
35076,4.9847329,1.3517,9.7306,15,9.2544
35077,4.9848578,1.3517,9.7229,15,9.2544
35078,4.9849828,1.3517,9.7229,15,9.2621
35079,4.9851079,1.3440,9.7306,15,9.2544
35080,4.9852329,1.3517,9.7306,15,9.2544
35081,4.9853578,1.3517,9.7229,15,9.2621
35082,4.9854828,1.3517,9.7229,15,9.2621
35083,4.9856079,1.3440,9.7306,15,9.2544
35084,4.9857329,1.3517,9.7306,15,9.2544
35085,4.9858578,1.3517,9.7229,15,9.2621
35086,4.9859828,1.3517,9.7229,15,9.2621
35087,4.9861079,1.3440,9.7306,15,9.2544
35088,4.9862329,1.3517,9.7306,15,9.2544
35089,4.9863578,1.3517,9.7229,15,9.2621
35090,4.9864828,1.3517,9.7229,15,9.2621
35091,4.9866079,1.3440,9.7306,15,9.2544
35092,4.9867329,1.3517,9.7306,15,9.2544
35093,4.9868578,1.3517,9.7229,15,9.2621
35094,4.9869828,1.3517,9.7229,15,9.2621
35095,4.9871079,1.3440,9.7306,15,9.2544
35096,4.9872329,1.3517,9.7306,15,9.2544
35097,4.9873578,1.3517,9.7229,15,9.2621
35098,4.9874828,1.3517,9.7229,15,9.2621
35099,4.9876079,1.3440,9.7306,15,9.2544
35100,4.9877329,1.3517,9.7306,15,9.2544
35101,4.9878578,1.3517,9.7229,15,9.2621
35102,4.9879828,1.3517,9.7229,15,9.2621
35103,4.9881079,1.3440,9.7306,15,9.2544
35104,4.9882329,1.3517,9.7306,15,9.2544
35105,4.9883578,1.3517,9.7229,15,9.2621
35106,4.9884830,1.3440,9.7306,15,9.2544
35107,4.9886079,1.3440,9.7306,15,9.2544
35108,4.9887329,1.3517,9.7306,15,9.2544
35109,4.9888578,1.3517,9.7229,15,9.2621
35110,4.9889830,1.3440,9.7306,15,9.2544
35111,4.9891079,1.3440,9.7306,15,9.2544
35112,4.9892329,1.3517,9.7306,15,9.2544
35113,4.9893578,1.3517,9.7229,15,9.2621
35114,4.9894830,1.3440,9.7306,15,9.2544
35115,4.9896079,1.3440,9.7306,15,9.2544
35116,4.9897329,1.3517,9.7306,15,9.2544
35117,4.9898578,1.3517,9.7229,15,9.2621
35118,4.9899830,1.3440,9.7306,15,9.2544
35119,4.9901079,1.3440,9.7306,15,9.2544
35120,4.9902329,1.3517,9.7306,15,9.2544
35121,4.9903578,1.3517,9.7229,15,9.2621
35122,4.9904830,1.3440,9.7306,15,9.2544
35123,4.9906079,1.3440,9.7306,15,9.2544
35124,4.9907329,1.3517,9.7306,15,9.2544
35125,4.9908578,1.3517,9.7229,15,9.2621
35126,4.9909830,1.3440,9.7306,15,9.2544
35127,4.9911079,1.3440,9.7306,15,9.2544
35128,4.9912329,1.3517,9.7306,15,9.2544
35129,4.9913578,1.3517,9.7229,15,9.2621
35130,4.9914830,1.3440,9.7306,15,9.2544
35131,4.9916079,1.3440,9.7306,15,9.2544
35132,4.9917329,1.3517,9.7306,15,9.2544
35133,4.9918578,1.3517,9.7229,15,9.2621
35134,4.9919830,1.3440,9.7306,15,9.2544
35135,4.9921079,1.3440,9.7306,15,9.2544
35136,4.9922329,1.3517,9.7306,15,9.2544
35137,4.9923578,1.3517,9.7229,15,9.2621
35138,4.9924830,1.3440,9.7306,15,9.2544
35139,4.9926079,1.3440,9.7306,15,9.2544
35140,4.9927329,1.3517,9.7306,15,9.2544
35141,4.9928578,1.3517,9.7229,15,9.2621
35142,4.9929830,1.3440,9.7306,15,9.2544
35143,4.9931079,1.3440,9.7306,15,9.2544
35144,4.9932329,1.3517,9.7306,15,9.2544
35145,4.9933578,1.3517,9.7229,15,9.2621
35146,4.9934830,1.3440,9.7306,15,9.2544
35147,4.9936079,1.3517,9.7306,15,9.2544
35148,4.9937329,1.3517,9.7306,15,9.2544
35149,4.9938578,1.3517,9.7229,15,9.2621
35150,4.9939830,1.3440,9.7306,15,9.2544
35151,4.9941079,1.3517,9.7306,15,9.2544
35152,4.9942329,1.3517,9.7306,15,9.2544
35153,4.9943578,1.3517,9.7229,15,9.2621
35154,4.9944830,1.3440,9.7306,15,9.2544
35155,4.9946079,1.3517,9.7306,15,9.2544
35156,4.9947329,1.3517,9.7306,15,9.2544
35157,4.9948578,1.3517,9.7229,15,9.2621
35158,4.9949830,1.3440,9.7306,15,9.2544
35159,4.9951079,1.3517,9.7306,15,9.2544
35160,4.9952329,1.3517,9.7306,15,9.2544
35161,4.9953578,1.3517,9.7229,15,9.2621
35162,4.9954830,1.3440,9.7306,15,9.2544
35163,4.9956079,1.3517,9.7306,15,9.2544
35164,4.9957329,1.3517,9.7306,15,9.2544
35165,4.9958578,1.3517,9.7229,15,9.2621
35166,4.9959830,1.3440,9.7306,15,9.2544
35167,4.9961079,1.3517,9.7306,15,9.2544
35168,4.9962329,1.3517,9.7229,15,9.2544
35169,4.9963580,1.3440,9.7306,15,9.2544
35170,4.9964830,1.3440,9.7306,15,9.2544
35171,4.9966079,1.3517,9.7306,15,9.2544
35172,4.9967329,1.3517,9.7229,15,9.2544
35173,4.9968580,1.3440,9.7306,15,9.2544
35174,4.9969830,1.3440,9.7306,15,9.2544
35175,4.9971079,1.3517,9.7306,15,9.2544
35176,4.9972329,1.3517,9.7229,15,9.2544
35177,4.9973580,1.3440,9.7306,15,9.2544
35178,4.9974830,1.3440,9.7306,15,9.2544
35179,4.9976079,1.3517,9.7306,15,9.2544
35180,4.9977329,1.3517,9.7229,15,9.2544
35181,4.9978580,1.3440,9.7306,15,9.2544
35182,4.9979830,1.3440,9.7306,15,9.2544
35183,4.9981079,1.3517,9.7306,15,9.2544
35184,4.9982329,1.3517,9.7229,15,9.2621
35185,4.9983580,1.3440,9.7306,15,9.2544
35186,4.9984830,1.3440,9.7306,15,9.2544
35187,4.9986079,1.3517,9.7306,15,9.2544
35188,4.9987329,1.3517,9.7229,15,9.2621
35189,4.9988580,1.3440,9.7306,15,9.2544
35190,4.9989830,1.3440,9.7306,15,9.2544
35191,4.9991079,1.3517,9.7306,15,9.2544
35192,4.9992329,1.3517,9.7229,15,9.2621
35193,4.9993580,1.3440,9.7306,15,9.2544
35194,4.9994830,1.3440,9.7306,15,9.2544
35195,4.9996079,1.3517,9.7306,15,9.2544
35196,4.9997329,1.3517,9.7229,15,9.2621
35197,4.9998580,1.3440,9.7306,15,9.2544
35198,4.9999830,1.3440,9.7306,15,9.2544
35199,5.0001079,1.3517,9.7306,15,9.2544
35200,5.0002329,1.3517,9.7229,15,9.2621
35201,5.0003580,1.3440,9.7306,15,9.2544
35202,5.0004830,1.3440,9.7306,15,9.2544
35203,5.0006079,1.3517,9.7306,15,9.2544
35204,5.0007329,1.3517,9.7229,15,9.2621
35205,5.0008580,1.3440,9.7306,15,9.2544
35206,5.0009830,1.3440,9.7306,15,9.2544
35207,5.0011079,1.3517,9.7306,15,9.2544
35208,5.0012329,1.3517,9.7229,15,9.2621
35209,5.0013580,1.3440,9.7306,15,9.2544
35210,5.0014830,1.3440,9.7306,15,9.2544
35211,5.0016079,1.3517,9.7306,15,9.2544
35212,5.0017329,1.3517,9.7229,15,9.2621
35213,5.0018580,1.3440,9.7306,15,9.2544
35214,5.0019830,1.3440,9.7306,15,9.2544
35215,5.0021079,1.3517,9.7306,15,9.2544
35216,5.0022329,1.3517,9.7229,15,9.2621
35217,5.0023580,1.3440,9.7306,15,9.2544
35218,5.0024830,1.3440,9.7306,15,9.2544
35219,5.0026079,1.3517,9.7306,15,9.2544
35220,5.0027329,1.3517,9.7229,15,9.2621
35221,5.0028580,1.3440,9.7306,15,9.2544
35222,5.0029830,1.3440,9.7306,15,9.2544
35223,5.0031079,1.3517,9.7306,15,9.2544
35224,5.0032329,1.3517,9.7229,15,9.2621
35225,5.0033580,1.3440,9.7306,15,9.2544
35226,5.0034830,1.3440,9.7306,15,9.2544
35227,5.0036079,1.3517,9.7306,15,9.2544
35228,5.0037329,1.3517,9.7229,15,9.2621
35229,5.0038580,1.3440,9.7306,15,9.2544
35230,5.0039830,1.3440,9.7306,15,9.2544
35231,5.0041079,1.3517,9.7306,15,9.2544
35232,5.0042330,1.3440,9.7306,15,9.2544
35233,5.0043580,1.3440,9.7306,15,9.2544
35234,5.0044830,1.3440,9.7306,15,9.2544
35235,5.0046079,1.3517,9.7306,15,9.2544
35236,5.0047330,1.3440,9.7306,15,9.2544
35237,5.0048580,1.3440,9.7306,15,9.2544
35238,5.0049830,1.3440,9.7306,15,9.2544
35239,5.0051079,1.3517,9.7306,15,9.2544
35240,5.0052330,1.3440,9.7306,15,9.2544
35241,5.0053580,1.3440,9.7306,15,9.2544
35242,5.0054830,1.3440,9.7306,15,9.2544
35243,5.0056079,1.3517,9.7306,15,9.2544
35244,5.0057330,1.3440,9.7306,15,9.2544
35245,5.0058580,1.3440,9.7306,15,9.2544
35246,5.0059830,1.3440,9.7306,15,9.2544
35247,5.0061079,1.3517,9.7306,15,9.2544
35248,5.0062330,1.3440,9.7306,15,9.2544
35249,5.0063580,1.3440,9.7306,15,9.2544
35250,5.0064830,1.3440,9.7306,15,9.2544
35251,5.0066079,1.3517,9.7306,15,9.2544
35252,5.0067330,1.3440,9.7306,15,9.2544
35253,5.0068580,1.3440,9.7306,15,9.2544
35254,5.0069830,1.3440,9.7306,15,9.2544
35255,5.0071079,1.3517,9.7306,15,9.2544
35256,5.0072330,1.3440,9.7306,15,9.2544
35257,5.0073580,1.3440,9.7306,15,9.2544
35258,5.0074830,1.3517,9.7306,15,9.2544
35259,5.0076079,1.3517,9.7306,15,9.2544
35260,5.0077330,1.3440,9.7306,15,9.2544
35261,5.0078580,1.3440,9.7306,15,9.2544
35262,5.0079830,1.3517,9.7306,15,9.2544
35263,5.0081079,1.3517,9.7306,15,9.2544
35264,5.0082330,1.3440,9.7306,15,9.2544
35265,5.0083580,1.3440,9.7306,15,9.2544
35266,5.0084830,1.3517,9.7306,15,9.2544
35267,5.0086079,1.3517,9.7306,15,9.2544
35268,5.0087330,1.3440,9.7306,15,9.2544
35269,5.0088580,1.3440,9.7306,15,9.2544
35270,5.0089830,1.3517,9.7306,15,9.2544
35271,5.0091079,1.3517,9.7306,15,9.2544
35272,5.0092330,1.3440,9.7306,15,9.2544
35273,5.0093580,1.3440,9.7306,15,9.2544
35274,5.0094830,1.3517,9.7306,15,9.2544
35275,5.0096079,1.3517,9.7306,15,9.2544
35276,5.0097330,1.3440,9.7306,15,9.2544
35277,5.0098580,1.3440,9.7306,15,9.2544
35278,5.0099830,1.3517,9.7306,15,9.2544
35279,5.0101079,1.3517,9.7229,15,9.2544
35280,5.0102330,1.3440,9.7306,15,9.2544
35281,5.0103580,1.3440,9.7306,15,9.2544
35282,5.0104830,1.3517,9.7306,15,9.2544
35283,5.0106079,1.3517,9.7229,15,9.2544
35284,5.0107330,1.3440,9.7306,15,9.2544
35285,5.0108580,1.3440,9.7306,15,9.2544
35286,5.0109830,1.3517,9.7306,15,9.2544
35287,5.0111079,1.3517,9.7229,15,9.2544
35288,5.0112330,1.3440,9.7306,15,9.2544
35289,5.0113580,1.3440,9.7306,15,9.2544
35290,5.0114830,1.3517,9.7306,15,9.2544
35291,5.0116079,1.3517,9.7229,15,9.2621
35292,5.0117330,1.3440,9.7306,15,9.2544
35293,5.0118580,1.3440,9.7306,15,9.2544
35294,5.0119830,1.3517,9.7306,15,9.2544
35295,5.0121081,1.3440,9.7306,15,9.2544
35296,5.0122330,1.3440,9.7306,15,9.2544
35297,5.0123580,1.3440,9.7306,15,9.2544
35298,5.0124830,1.3517,9.7306,15,9.2544
35299,5.0126081,1.3440,9.7306,15,9.2544
35300,5.0127330,1.3440,9.7306,15,9.2544
35301,5.0128580,1.3440,9.7306,15,9.2544
35302,5.0129830,1.3517,9.7306,15,9.2544
35303,5.0131081,1.3440,9.7306,15,9.2544
35304,5.0132330,1.3440,9.7306,15,9.2544
35305,5.0133580,1.3440,9.7306,15,9.2544
35306,5.0134830,1.3517,9.7306,15,9.2544
35307,5.0136081,1.3440,9.7306,15,9.2544
35308,5.0137330,1.3440,9.7306,15,9.2544
35309,5.0138580,1.3440,9.7306,15,9.2544
35310,5.0139830,1.3517,9.7306,15,9.2544
35311,5.0141081,1.3440,9.7306,15,9.2544
35312,5.0142330,1.3440,9.7306,15,9.2544
35313,5.0143580,1.3440,9.7306,15,9.2544
35314,5.0144830,1.3517,9.7306,15,9.2544
35315,5.0146081,1.3440,9.7306,15,9.2544
35316,5.0147330,1.3440,9.7306,15,9.2544
35317,5.0148580,1.3440,9.7306,15,9.2544
35318,5.0149830,1.3517,9.7306,15,9.2544
35319,5.0151081,1.3440,9.7306,15,9.2544
35320,5.0152330,1.3440,9.7306,15,9.2544
35321,5.0153580,1.3440,9.7306,15,9.2544
35322,5.0154830,1.3517,9.7306,15,9.2544
35323,5.0156081,1.3440,9.7306,15,9.2544
35324,5.0157330,1.3440,9.7306,15,9.2544
35325,5.0158580,1.3440,9.7306,15,9.2544
35326,5.0159830,1.3517,9.7306,15,9.2544
35327,5.0161081,1.3440,9.7306,15,9.2544
35328,5.0162330,1.3440,9.7306,15,9.2544
35329,5.0163580,1.3440,9.7306,15,9.2544
35330,5.0164830,1.3517,9.7306,15,9.2544
35331,5.0166081,1.3440,9.7306,15,9.2544
35332,5.0167330,1.3440,9.7306,15,9.2544
35333,5.0168580,1.3440,9.7306,15,9.2544
35334,5.0169830,1.3517,9.7306,15,9.2544
35335,5.0171081,1.3440,9.7306,15,9.2544
35336,5.0172330,1.3440,9.7306,15,9.2544
35337,5.0173580,1.3440,9.7306,15,9.2544
35338,5.0174830,1.3517,9.7306,15,9.2544
35339,5.0176081,1.3440,9.7306,15,9.2544
35340,5.0177330,1.3440,9.7306,15,9.2544
35341,5.0178580,1.3440,9.7306,15,9.2544
35342,5.0179830,1.3517,9.7306,15,9.2544
35343,5.0181081,1.3440,9.7306,15,9.2544
35344,5.0182330,1.3440,9.7306,15,9.2544
35345,5.0183580,1.3440,9.7306,15,9.2544
35346,5.0184830,1.3517,9.7306,15,9.2544
35347,5.0186081,1.3440,9.7306,15,9.2544
35348,5.0187330,1.3440,9.7306,15,9.2544
35349,5.0188580,1.3440,9.7306,15,9.2544
35350,5.0189830,1.3517,9.7306,15,9.2544
35351,5.0191081,1.3440,9.7306,15,9.2544
35352,5.0192330,1.3440,9.7306,15,9.2544
35353,5.0193580,1.3440,9.7306,15,9.2544
35354,5.0194830,1.3517,9.7306,15,9.2544
35355,5.0196081,1.3440,9.7306,15,9.2544
35356,5.0197330,1.3440,9.7306,15,9.2544
35357,5.0198580,1.3440,9.7306,15,9.2544
35358,5.0199831,1.3440,9.7382,15,9.2467
35359,5.0201081,1.3440,9.7306,15,9.2544
35360,5.0202330,1.3440,9.7306,15,9.2544
35361,5.0203580,1.3440,9.7306,15,9.2544
35362,5.0204831,1.3440,9.7382,15,9.2467
35363,5.0206081,1.3440,9.7306,15,9.2544
35364,5.0207330,1.3440,9.7306,15,9.2544
35365,5.0208580,1.3440,9.7306,15,9.2544
35366,5.0209831,1.3440,9.7382,15,9.2467
35367,5.0211081,1.3440,9.7306,15,9.2544
35368,5.0212330,1.3440,9.7306,15,9.2544
35369,5.0213580,1.3440,9.7306,15,9.2544
35370,5.0214831,1.3440,9.7382,15,9.2467
35371,5.0216081,1.3440,9.7306,15,9.2544
35372,5.0217330,1.3440,9.7306,15,9.2544
35373,5.0218580,1.3517,9.7306,15,9.2544
35374,5.0219831,1.3440,9.7382,15,9.2467
35375,5.0221081,1.3440,9.7306,15,9.2544
35376,5.0222330,1.3440,9.7306,15,9.2544
35377,5.0223580,1.3517,9.7306,15,9.2544
35378,5.0224831,1.3440,9.7382,15,9.2467
35379,5.0226081,1.3440,9.7306,15,9.2544
35380,5.0227330,1.3440,9.7306,15,9.2544
35381,5.0228580,1.3517,9.7306,15,9.2544
35382,5.0229831,1.3440,9.7382,15,9.2467
35383,5.0231081,1.3440,9.7306,15,9.2544
35384,5.0232330,1.3440,9.7306,15,9.2544
35385,5.0233580,1.3517,9.7306,15,9.2544
35386,5.0234831,1.3440,9.7382,15,9.2467
35387,5.0236081,1.3440,9.7306,15,9.2544
35388,5.0237330,1.3440,9.7306,15,9.2544
35389,5.0238580,1.3517,9.7306,15,9.2544
35390,5.0239831,1.3440,9.7382,15,9.2467
35391,5.0241081,1.3440,9.7306,15,9.2544
35392,5.0242330,1.3440,9.7306,15,9.2544
35393,5.0243580,1.3517,9.7306,15,9.2544
35394,5.0244831,1.3440,9.7382,15,9.2467
35395,5.0246081,1.3440,9.7306,15,9.2544
35396,5.0247330,1.3440,9.7306,15,9.2544
35397,5.0248580,1.3517,9.7306,15,9.2544
35398,5.0249831,1.3440,9.7306,15,9.2467
35399,5.0251081,1.3440,9.7306,15,9.2544
35400,5.0252330,1.3440,9.7306,15,9.2544
35401,5.0253580,1.3517,9.7306,15,9.2544
35402,5.0254831,1.3440,9.7306,15,9.2467
35403,5.0256081,1.3440,9.7306,15,9.2544
35404,5.0257330,1.3440,9.7306,15,9.2544
35405,5.0258580,1.3517,9.7306,15,9.2544
35406,5.0259831,1.3440,9.7306,15,9.2467
35407,5.0261081,1.3440,9.7306,15,9.2544
35408,5.0262330,1.3440,9.7306,15,9.2544
35409,5.0263580,1.3517,9.7306,15,9.2544
35410,5.0264831,1.3440,9.7306,15,9.2467
35411,5.0266081,1.3440,9.7306,15,9.2544
35412,5.0267330,1.3440,9.7306,15,9.2544
35413,5.0268580,1.3517,9.7306,15,9.2544
35414,5.0269831,1.3440,9.7306,15,9.2544
35415,5.0271081,1.3440,9.7306,15,9.2544
35416,5.0272330,1.3440,9.7306,15,9.2544
35417,5.0273580,1.3517,9.7306,15,9.2544
35418,5.0274831,1.3440,9.7306,15,9.2544
35419,5.0276081,1.3440,9.7306,15,9.2544
35420,5.0277330,1.3440,9.7306,15,9.2544
35421,5.0278582,1.3440,9.7382,15,9.2467
35422,5.0279831,1.3440,9.7306,15,9.2544
35423,5.0281081,1.3440,9.7306,15,9.2544
35424,5.0282330,1.3440,9.7306,15,9.2544
35425,5.0283582,1.3440,9.7382,15,9.2467
35426,5.0284831,1.3440,9.7306,15,9.2544
35427,5.0286081,1.3440,9.7306,15,9.2544
35428,5.0287330,1.3440,9.7306,15,9.2544
35429,5.0288582,1.3440,9.7382,15,9.2467
35430,5.0289831,1.3440,9.7306,15,9.2544
35431,5.0291081,1.3440,9.7306,15,9.2544
35432,5.0292330,1.3440,9.7306,15,9.2544
35433,5.0293582,1.3440,9.7382,15,9.2467
35434,5.0294831,1.3440,9.7306,15,9.2544
35435,5.0296081,1.3440,9.7306,15,9.2544
35436,5.0297330,1.3440,9.7306,15,9.2544
35437,5.0298582,1.3440,9.7382,15,9.2467
35438,5.0299831,1.3440,9.7306,15,9.2544
35439,5.0301081,1.3440,9.7306,15,9.2544
35440,5.0302330,1.3440,9.7306,15,9.2544
35441,5.0303582,1.3440,9.7382,15,9.2467
35442,5.0304831,1.3440,9.7306,15,9.2544
35443,5.0306081,1.3440,9.7306,15,9.2544
35444,5.0307330,1.3440,9.7306,15,9.2544
35445,5.0308582,1.3440,9.7382,15,9.2467
35446,5.0309831,1.3440,9.7306,15,9.2544
35447,5.0311081,1.3440,9.7306,15,9.2544
35448,5.0312330,1.3440,9.7306,15,9.2544
35449,5.0313582,1.3440,9.7382,15,9.2467
35450,5.0314831,1.3440,9.7306,15,9.2544
35451,5.0316081,1.3440,9.7306,15,9.2544
35452,5.0317330,1.3440,9.7306,15,9.2544
35453,5.0318582,1.3440,9.7382,15,9.2467
35454,5.0319831,1.3440,9.7306,15,9.2544
35455,5.0321081,1.3440,9.7306,15,9.2544
35456,5.0322330,1.3440,9.7306,15,9.2544
35457,5.0323582,1.3440,9.7382,15,9.2467
35458,5.0324831,1.3440,9.7306,15,9.2544
35459,5.0326081,1.3440,9.7306,15,9.2544
35460,5.0327330,1.3440,9.7306,15,9.2544
35461,5.0328582,1.3440,9.7382,15,9.2467
35462,5.0329831,1.3440,9.7306,15,9.2544
35463,5.0331081,1.3440,9.7306,15,9.2544
35464,5.0332330,1.3440,9.7306,15,9.2544
35465,5.0333582,1.3440,9.7382,15,9.2467
35466,5.0334831,1.3440,9.7306,15,9.2544
35467,5.0336081,1.3440,9.7306,15,9.2544
35468,5.0337330,1.3440,9.7306,15,9.2544
35469,5.0338582,1.3440,9.7382,15,9.2467
35470,5.0339831,1.3440,9.7306,15,9.2544
35471,5.0341081,1.3440,9.7306,15,9.2544
35472,5.0342330,1.3440,9.7306,15,9.2544
35473,5.0343582,1.3440,9.7382,15,9.2467
35474,5.0344831,1.3440,9.7306,15,9.2544
35475,5.0346081,1.3440,9.7306,15,9.2544
35476,5.0347330,1.3440,9.7306,15,9.2544
35477,5.0348582,1.3440,9.7382,15,9.2467
35478,5.0349831,1.3440,9.7306,15,9.2544
35479,5.0351081,1.3440,9.7306,15,9.2544
35480,5.0352330,1.3440,9.7306,15,9.2544
35481,5.0353582,1.3440,9.7382,15,9.2467
35482,5.0354831,1.3440,9.7306,15,9.2544
35483,5.0356081,1.3440,9.7306,15,9.2544
35484,5.0357332,1.3363,9.7382,15,9.2467
35485,5.0358582,1.3440,9.7382,15,9.2467
35486,5.0359831,1.3440,9.7306,15,9.2544
35487,5.0361081,1.3440,9.7306,15,9.2544
35488,5.0362332,1.3363,9.7382,15,9.2467
35489,5.0363582,1.3440,9.7382,15,9.2467
35490,5.0364831,1.3440,9.7306,15,9.2544
35491,5.0366081,1.3440,9.7306,15,9.2544
35492,5.0367332,1.3363,9.7382,15,9.2467
35493,5.0368582,1.3440,9.7382,15,9.2467
35494,5.0369831,1.3440,9.7306,15,9.2544
35495,5.0371081,1.3440,9.7306,15,9.2544
35496,5.0372332,1.3363,9.7382,15,9.2467
35497,5.0373582,1.3440,9.7382,15,9.2467
35498,5.0374831,1.3440,9.7306,15,9.2544
35499,5.0376081,1.3440,9.7306,15,9.2544
35500,5.0377332,1.3440,9.7382,15,9.2467
35501,5.0378582,1.3440,9.7382,15,9.2467
35502,5.0379831,1.3440,9.7306,15,9.2544
35503,5.0381081,1.3440,9.7306,15,9.2544
35504,5.0382332,1.3440,9.7382,15,9.2467
35505,5.0383582,1.3440,9.7382,15,9.2467
35506,5.0384831,1.3440,9.7306,15,9.2544
35507,5.0386081,1.3440,9.7306,15,9.2544
35508,5.0387332,1.3440,9.7382,15,9.2467
35509,5.0388582,1.3440,9.7382,15,9.2467
35510,5.0389831,1.3440,9.7306,15,9.2544
35511,5.0391081,1.3440,9.7306,15,9.2544
35512,5.0392332,1.3440,9.7382,15,9.2467
35513,5.0393582,1.3440,9.7382,15,9.2467
35514,5.0394831,1.3440,9.7306,15,9.2544
35515,5.0396081,1.3440,9.7306,15,9.2544
35516,5.0397332,1.3440,9.7382,15,9.2467
35517,5.0398582,1.3440,9.7382,15,9.2467
35518,5.0399831,1.3440,9.7306,15,9.2544
35519,5.0401081,1.3440,9.7306,15,9.2544
35520,5.0402332,1.3440,9.7382,15,9.2467
35521,5.0403582,1.3440,9.7382,15,9.2467
35522,5.0404831,1.3440,9.7306,15,9.2544
35523,5.0406081,1.3440,9.7306,15,9.2544
35524,5.0407332,1.3440,9.7382,15,9.2467
35525,5.0408582,1.3440,9.7306,15,9.2467
35526,5.0409831,1.3440,9.7306,15,9.2544
35527,5.0411081,1.3440,9.7306,15,9.2544
35528,5.0412332,1.3440,9.7382,15,9.2467
35529,5.0413582,1.3440,9.7306,15,9.2467
35530,5.0414831,1.3440,9.7306,15,9.2544
35531,5.0416081,1.3440,9.7306,15,9.2544
35532,5.0417332,1.3440,9.7382,15,9.2467
35533,5.0418582,1.3440,9.7306,15,9.2467
35534,5.0419831,1.3440,9.7306,15,9.2544
35535,5.0421081,1.3440,9.7306,15,9.2544
35536,5.0422332,1.3440,9.7382,15,9.2467
35537,5.0423582,1.3440,9.7306,15,9.2467
35538,5.0424831,1.3440,9.7306,15,9.2544
35539,5.0426081,1.3440,9.7306,15,9.2544
35540,5.0427332,1.3440,9.7382,15,9.2467
35541,5.0428582,1.3440,9.7306,15,9.2467
35542,5.0429831,1.3440,9.7306,15,9.2544
35543,5.0431081,1.3440,9.7306,15,9.2544
35544,5.0432332,1.3440,9.7382,15,9.2467
35545,5.0433582,1.3440,9.7306,15,9.2544
35546,5.0434831,1.3440,9.7306,15,9.2544
35547,5.0436082,1.3363,9.7382,15,9.2467
35548,5.0437332,1.3440,9.7382,15,9.2467
35549,5.0438582,1.3440,9.7306,15,9.2544
35550,5.0439831,1.3440,9.7306,15,9.2544
35551,5.0441082,1.3363,9.7382,15,9.2467
35552,5.0442332,1.3440,9.7382,15,9.2467
35553,5.0443582,1.3440,9.7306,15,9.2544
35554,5.0444831,1.3440,9.7306,15,9.2544
35555,5.0446082,1.3363,9.7382,15,9.2467
35556,5.0447332,1.3440,9.7382,15,9.2467
35557,5.0448582,1.3440,9.7306,15,9.2544
35558,5.0449831,1.3440,9.7306,15,9.2544
35559,5.0451082,1.3363,9.7382,15,9.2467
35560,5.0452332,1.3440,9.7382,15,9.2467
35561,5.0453582,1.3440,9.7306,15,9.2544
35562,5.0454831,1.3440,9.7306,15,9.2544
35563,5.0456082,1.3363,9.7382,15,9.2467
35564,5.0457332,1.3440,9.7382,15,9.2467
35565,5.0458582,1.3440,9.7306,15,9.2544
35566,5.0459831,1.3440,9.7306,15,9.2544
35567,5.0461082,1.3363,9.7382,15,9.2467
35568,5.0462332,1.3440,9.7382,15,9.2467
35569,5.0463582,1.3440,9.7306,15,9.2544
35570,5.0464831,1.3440,9.7306,15,9.2544
35571,5.0466082,1.3363,9.7382,15,9.2467
35572,5.0467332,1.3440,9.7382,15,9.2467
35573,5.0468582,1.3440,9.7306,15,9.2544
35574,5.0469831,1.3440,9.7306,15,9.2544
35575,5.0471082,1.3363,9.7382,15,9.2467
35576,5.0472332,1.3440,9.7382,15,9.2467
35577,5.0473582,1.3440,9.7306,15,9.2544
35578,5.0474831,1.3440,9.7306,15,9.2544
35579,5.0476082,1.3363,9.7382,15,9.2467
35580,5.0477332,1.3440,9.7382,15,9.2467
35581,5.0478582,1.3440,9.7306,15,9.2544
35582,5.0479831,1.3440,9.7306,15,9.2544
35583,5.0481082,1.3363,9.7382,15,9.2467
35584,5.0482332,1.3440,9.7382,15,9.2467
35585,5.0483582,1.3440,9.7306,15,9.2544
35586,5.0484831,1.3440,9.7306,15,9.2544
35587,5.0486082,1.3363,9.7382,15,9.2467
35588,5.0487332,1.3440,9.7382,15,9.2467
35589,5.0488582,1.3440,9.7306,15,9.2544
35590,5.0489831,1.3440,9.7306,15,9.2544
35591,5.0491082,1.3363,9.7382,15,9.2467
35592,5.0492332,1.3440,9.7382,15,9.2467
35593,5.0493582,1.3440,9.7306,15,9.2544
35594,5.0494831,1.3440,9.7306,15,9.2544
35595,5.0496082,1.3363,9.7382,15,9.2467
35596,5.0497332,1.3440,9.7382,15,9.2467
35597,5.0498582,1.3440,9.7306,15,9.2544
35598,5.0499831,1.3440,9.7306,15,9.2544
35599,5.0501082,1.3363,9.7382,15,9.2467
35600,5.0502332,1.3440,9.7382,15,9.2467
35601,5.0503582,1.3440,9.7306,15,9.2544
35602,5.0504831,1.3440,9.7306,15,9.2544
35603,5.0506082,1.3363,9.7382,15,9.2467
35604,5.0507332,1.3440,9.7382,15,9.2467
35605,5.0508582,1.3440,9.7306,15,9.2544
35606,5.0509831,1.3440,9.7306,15,9.2544
35607,5.0511082,1.3363,9.7382,15,9.2467
35608,5.0512332,1.3440,9.7382,15,9.2467
35609,5.0513582,1.3440,9.7306,15,9.2544
35610,5.0514833,1.3363,9.7382,15,9.2467
35611,5.0516082,1.3363,9.7382,15,9.2467
35612,5.0517332,1.3440,9.7382,15,9.2467
35613,5.0518582,1.3440,9.7306,15,9.2544
35614,5.0519833,1.3363,9.7382,15,9.2467
35615,5.0521082,1.3363,9.7382,15,9.2467
35616,5.0522332,1.3440,9.7382,15,9.2467
35617,5.0523582,1.3440,9.7306,15,9.2544
35618,5.0524833,1.3363,9.7382,15,9.2467
35619,5.0526082,1.3363,9.7382,15,9.2467
35620,5.0527332,1.3440,9.7382,15,9.2467
35621,5.0528582,1.3440,9.7306,15,9.2544
35622,5.0529833,1.3363,9.7382,15,9.2467
35623,5.0531082,1.3363,9.7382,15,9.2467
35624,5.0532332,1.3440,9.7382,15,9.2467
35625,5.0533582,1.3440,9.7306,15,9.2544
35626,5.0534833,1.3363,9.7382,15,9.2467
35627,5.0536082,1.3363,9.7382,15,9.2467
35628,5.0537332,1.3440,9.7382,15,9.2467
35629,5.0538582,1.3440,9.7306,15,9.2544
35630,5.0539833,1.3363,9.7382,15,9.2467
35631,5.0541082,1.3363,9.7382,15,9.2467
35632,5.0542332,1.3440,9.7382,15,9.2467
35633,5.0543582,1.3440,9.7306,15,9.2544
35634,5.0544833,1.3363,9.7382,15,9.2467
35635,5.0546082,1.3363,9.7382,15,9.2467
35636,5.0547332,1.3440,9.7382,15,9.2467
35637,5.0548582,1.3440,9.7306,15,9.2544
35638,5.0549833,1.3363,9.7382,15,9.2467
35639,5.0551082,1.3440,9.7382,15,9.2467
35640,5.0552332,1.3440,9.7382,15,9.2467
35641,5.0553582,1.3440,9.7306,15,9.2544
35642,5.0554833,1.3363,9.7382,15,9.2467
35643,5.0556082,1.3440,9.7382,15,9.2467
35644,5.0557332,1.3440,9.7382,15,9.2467
35645,5.0558582,1.3440,9.7306,15,9.2544
35646,5.0559833,1.3363,9.7382,15,9.2467
35647,5.0561082,1.3440,9.7382,15,9.2467
35648,5.0562332,1.3440,9.7382,15,9.2467
35649,5.0563582,1.3440,9.7306,15,9.2544
35650,5.0564833,1.3363,9.7382,15,9.2467
35651,5.0566082,1.3440,9.7382,15,9.2467
35652,5.0567332,1.3440,9.7382,15,9.2467
35653,5.0568582,1.3440,9.7306,15,9.2544
35654,5.0569833,1.3363,9.7382,15,9.2467
35655,5.0571082,1.3440,9.7382,15,9.2467
35656,5.0572332,1.3440,9.7382,15,9.2467
35657,5.0573582,1.3440,9.7306,15,9.2544
35658,5.0574833,1.3363,9.7382,15,9.2467
35659,5.0576082,1.3440,9.7382,15,9.2467
35660,5.0577332,1.3440,9.7382,15,9.2467
35661,5.0578582,1.3440,9.7306,15,9.2544
35662,5.0579833,1.3363,9.7382,15,9.2467
35663,5.0581082,1.3440,9.7382,15,9.2467
35664,5.0582332,1.3440,9.7306,15,9.2467
35665,5.0583582,1.3440,9.7306,15,9.2544
35666,5.0584833,1.3363,9.7382,15,9.2467
35667,5.0586082,1.3440,9.7382,15,9.2467
35668,5.0587332,1.3440,9.7306,15,9.2467
35669,5.0588582,1.3440,9.7306,15,9.2544
35670,5.0589833,1.3363,9.7382,15,9.2467
35671,5.0591082,1.3440,9.7382,15,9.2467
35672,5.0592332,1.3440,9.7306,15,9.2467
35673,5.0593583,1.3363,9.7382,15,9.2467
35674,5.0594833,1.3363,9.7382,15,9.2467
35675,5.0596082,1.3440,9.7382,15,9.2467
35676,5.0597332,1.3440,9.7306,15,9.2467
35677,5.0598583,1.3363,9.7382,15,9.2467
35678,5.0599833,1.3363,9.7382,15,9.2467
35679,5.0601082,1.3440,9.7382,15,9.2467
35680,5.0602332,1.3440,9.7306,15,9.2467
35681,5.0603583,1.3363,9.7382,15,9.2467
35682,5.0604833,1.3363,9.7382,15,9.2467
35683,5.0606082,1.3440,9.7382,15,9.2467
35684,5.0607332,1.3440,9.7306,15,9.2544
35685,5.0608583,1.3363,9.7382,15,9.2467
35686,5.0609833,1.3363,9.7382,15,9.2467
35687,5.0611082,1.3440,9.7382,15,9.2467
35688,5.0612332,1.3440,9.7306,15,9.2544
35689,5.0613583,1.3363,9.7382,15,9.2467
35690,5.0614833,1.3363,9.7382,15,9.2467
35691,5.0616082,1.3440,9.7382,15,9.2467
35692,5.0617332,1.3440,9.7306,15,9.2544
35693,5.0618583,1.3363,9.7382,15,9.2467
35694,5.0619833,1.3363,9.7382,15,9.2467
35695,5.0621082,1.3440,9.7382,15,9.2467
35696,5.0622332,1.3440,9.7306,15,9.2544
35697,5.0623583,1.3363,9.7382,15,9.2467
35698,5.0624833,1.3363,9.7382,15,9.2467
35699,5.0626082,1.3440,9.7382,15,9.2467
35700,5.0627332,1.3440,9.7306,15,9.2544
35701,5.0628583,1.3363,9.7382,15,9.2467
35702,5.0629833,1.3363,9.7382,15,9.2467
35703,5.0631082,1.3440,9.7382,15,9.2467
35704,5.0632332,1.3440,9.7306,15,9.2544
35705,5.0633583,1.3363,9.7382,15,9.2467
35706,5.0634833,1.3363,9.7382,15,9.2467
35707,5.0636082,1.3440,9.7382,15,9.2467
35708,5.0637332,1.3440,9.7306,15,9.2544
35709,5.0638583,1.3363,9.7382,15,9.2467
35710,5.0639833,1.3363,9.7382,15,9.2467
35711,5.0641082,1.3440,9.7382,15,9.2467
35712,5.0642332,1.3440,9.7306,15,9.2544
35713,5.0643583,1.3363,9.7382,15,9.2467
35714,5.0644833,1.3363,9.7382,15,9.2467
35715,5.0646082,1.3440,9.7382,15,9.2467
35716,5.0647332,1.3440,9.7306,15,9.2544
35717,5.0648583,1.3363,9.7382,15,9.2467
35718,5.0649833,1.3363,9.7382,15,9.2467
35719,5.0651082,1.3440,9.7382,15,9.2467
35720,5.0652332,1.3440,9.7306,15,9.2544
35721,5.0653583,1.3363,9.7382,15,9.2467
35722,5.0654833,1.3363,9.7382,15,9.2467
35723,5.0656082,1.3440,9.7382,15,9.2467
35724,5.0657332,1.3440,9.7306,15,9.2544
35725,5.0658583,1.3363,9.7382,15,9.2467
35726,5.0659833,1.3363,9.7382,15,9.2467
35727,5.0661082,1.3440,9.7382,15,9.2467
35728,5.0662332,1.3440,9.7306,15,9.2544
35729,5.0663583,1.3363,9.7382,15,9.2467
35730,5.0664833,1.3363,9.7382,15,9.2467
35731,5.0666082,1.3440,9.7382,15,9.2467
35732,5.0667332,1.3440,9.7306,15,9.2544
35733,5.0668583,1.3363,9.7382,15,9.2467
35734,5.0669833,1.3363,9.7382,15,9.2467
35735,5.0671082,1.3440,9.7382,15,9.2467
35736,5.0672334,1.3363,9.7382,15,9.2467
35737,5.0673583,1.3363,9.7382,15,9.2467
35738,5.0674833,1.3363,9.7382,15,9.2467
35739,5.0676082,1.3440,9.7382,15,9.2467
35740,5.0677334,1.3363,9.7382,15,9.2467
35741,5.0678583,1.3363,9.7382,15,9.2467
35742,5.0679833,1.3363,9.7382,15,9.2467
35743,5.0681082,1.3440,9.7382,15,9.2467
35744,5.0682334,1.3363,9.7382,15,9.2467
35745,5.0683583,1.3363,9.7382,15,9.2467
35746,5.0684833,1.3363,9.7382,15,9.2467
35747,5.0686082,1.3440,9.7382,15,9.2467
35748,5.0687334,1.3363,9.7382,15,9.2467
35749,5.0688583,1.3363,9.7382,15,9.2467
35750,5.0689833,1.3363,9.7382,15,9.2467
35751,5.0691082,1.3440,9.7382,15,9.2467
35752,5.0692334,1.3363,9.7382,15,9.2467
35753,5.0693583,1.3363,9.7382,15,9.2467
35754,5.0694833,1.3363,9.7382,15,9.2467
35755,5.0696082,1.3440,9.7382,15,9.2467
35756,5.0697334,1.3363,9.7382,15,9.2467
35757,5.0698583,1.3363,9.7382,15,9.2467
35758,5.0699833,1.3363,9.7382,15,9.2467
35759,5.0701082,1.3440,9.7382,15,9.2467
35760,5.0702334,1.3363,9.7382,15,9.2467
35761,5.0703583,1.3363,9.7382,15,9.2467
35762,5.0704833,1.3363,9.7382,15,9.2467
35763,5.0706082,1.3440,9.7382,15,9.2467
35764,5.0707334,1.3363,9.7382,15,9.2467
35765,5.0708583,1.3363,9.7382,15,9.2467
35766,5.0709833,1.3363,9.7382,15,9.2467
35767,5.0711082,1.3440,9.7382,15,9.2467
35768,5.0712334,1.3363,9.7382,15,9.2467
35769,5.0713583,1.3363,9.7382,15,9.2467
35770,5.0714833,1.3363,9.7382,15,9.2467
35771,5.0716082,1.3440,9.7382,15,9.2467
35772,5.0717334,1.3363,9.7382,15,9.2467
35773,5.0718583,1.3363,9.7382,15,9.2467
35774,5.0719833,1.3363,9.7382,15,9.2467
35775,5.0721082,1.3440,9.7382,15,9.2467
35776,5.0722334,1.3363,9.7382,15,9.2467
35777,5.0723583,1.3363,9.7382,15,9.2467
35778,5.0724833,1.3363,9.7382,15,9.2467
35779,5.0726082,1.3440,9.7382,15,9.2467
35780,5.0727334,1.3363,9.7382,15,9.2467
35781,5.0728583,1.3363,9.7382,15,9.2467
35782,5.0729833,1.3440,9.7382,15,9.2467
35783,5.0731082,1.3440,9.7382,15,9.2467
35784,5.0732334,1.3363,9.7382,15,9.2467
35785,5.0733583,1.3363,9.7382,15,9.2467
35786,5.0734833,1.3440,9.7382,15,9.2467
35787,5.0736082,1.3440,9.7382,15,9.2467
35788,5.0737334,1.3363,9.7382,15,9.2467
35789,5.0738583,1.3363,9.7382,15,9.2467
35790,5.0739833,1.3440,9.7382,15,9.2467
35791,5.0741082,1.3440,9.7382,15,9.2467
35792,5.0742334,1.3363,9.7382,15,9.2467
35793,5.0743583,1.3363,9.7382,15,9.2467
35794,5.0744833,1.3440,9.7382,15,9.2467
35795,5.0746082,1.3440,9.7382,15,9.2467
35796,5.0747334,1.3363,9.7382,15,9.2467
35797,5.0748583,1.3363,9.7382,15,9.2467
35798,5.0749833,1.3440,9.7382,15,9.2467
35799,5.0751084,1.3363,9.7459,15,9.2390
35800,5.0752334,1.3363,9.7382,15,9.2467
35801,5.0753583,1.3363,9.7382,15,9.2467
35802,5.0754833,1.3440,9.7382,15,9.2467
35803,5.0756084,1.3363,9.7459,15,9.2390
35804,5.0757334,1.3363,9.7382,15,9.2467
35805,5.0758583,1.3363,9.7382,15,9.2467
35806,5.0759833,1.3440,9.7382,15,9.2467
35807,5.0761084,1.3363,9.7459,15,9.2390
35808,5.0762334,1.3363,9.7382,15,9.2467
35809,5.0763583,1.3363,9.7382,15,9.2467
35810,5.0764833,1.3440,9.7382,15,9.2467
35811,5.0766084,1.3363,9.7382,15,9.2390
35812,5.0767334,1.3363,9.7382,15,9.2467
35813,5.0768583,1.3363,9.7382,15,9.2467
35814,5.0769833,1.3440,9.7382,15,9.2467
35815,5.0771084,1.3363,9.7382,15,9.2390
35816,5.0772334,1.3363,9.7382,15,9.2467
35817,5.0773583,1.3363,9.7382,15,9.2467
35818,5.0774833,1.3440,9.7382,15,9.2467
35819,5.0776084,1.3363,9.7382,15,9.2390
35820,5.0777334,1.3363,9.7382,15,9.2467
35821,5.0778583,1.3363,9.7382,15,9.2467
35822,5.0779833,1.3440,9.7382,15,9.2467
35823,5.0781084,1.3363,9.7382,15,9.2390
35824,5.0782334,1.3363,9.7382,15,9.2467
35825,5.0783583,1.3363,9.7382,15,9.2467
35826,5.0784833,1.3440,9.7382,15,9.2467
35827,5.0786084,1.3363,9.7382,15,9.2390
35828,5.0787334,1.3363,9.7382,15,9.2467
35829,5.0788583,1.3363,9.7382,15,9.2467
35830,5.0789833,1.3440,9.7382,15,9.2467
35831,5.0791084,1.3363,9.7382,15,9.2467
35832,5.0792334,1.3363,9.7382,15,9.2467
35833,5.0793583,1.3363,9.7382,15,9.2467
35834,5.0794833,1.3440,9.7382,15,9.2467
35835,5.0796084,1.3363,9.7382,15,9.2467
35836,5.0797334,1.3363,9.7382,15,9.2467
35837,5.0798583,1.3363,9.7382,15,9.2467
35838,5.0799833,1.3440,9.7382,15,9.2467
35839,5.0801084,1.3363,9.7382,15,9.2467
35840,5.0802334,1.3363,9.7382,15,9.2467
35841,5.0803583,1.3363,9.7382,15,9.2467
35842,5.0804833,1.3440,9.7382,15,9.2467
35843,5.0806084,1.3363,9.7382,15,9.2467
35844,5.0807334,1.3363,9.7382,15,9.2467
35845,5.0808583,1.3363,9.7382,15,9.2467
35846,5.0809833,1.3440,9.7382,15,9.2467
35847,5.0811084,1.3363,9.7382,15,9.2467
35848,5.0812334,1.3363,9.7382,15,9.2467
35849,5.0813583,1.3363,9.7382,15,9.2467
35850,5.0814833,1.3440,9.7382,15,9.2467
35851,5.0816084,1.3363,9.7382,15,9.2467
35852,5.0817334,1.3363,9.7382,15,9.2467
35853,5.0818583,1.3363,9.7382,15,9.2467
35854,5.0819833,1.3440,9.7382,15,9.2467
35855,5.0821084,1.3363,9.7382,15,9.2467
35856,5.0822334,1.3363,9.7382,15,9.2467
35857,5.0823583,1.3363,9.7382,15,9.2467
35858,5.0824833,1.3440,9.7382,15,9.2467
35859,5.0826084,1.3363,9.7382,15,9.2467
35860,5.0827334,1.3363,9.7382,15,9.2467
35861,5.0828583,1.3363,9.7382,15,9.2467
35862,5.0829834,1.3363,9.7459,15,9.2390
35863,5.0831084,1.3363,9.7382,15,9.2467
35864,5.0832334,1.3363,9.7382,15,9.2467
35865,5.0833583,1.3363,9.7382,15,9.2467
35866,5.0834834,1.3363,9.7459,15,9.2390
35867,5.0836084,1.3363,9.7382,15,9.2467
35868,5.0837334,1.3363,9.7382,15,9.2467
35869,5.0838583,1.3363,9.7382,15,9.2467
35870,5.0839834,1.3363,9.7459,15,9.2390
35871,5.0841084,1.3363,9.7382,15,9.2467
35872,5.0842334,1.3363,9.7382,15,9.2467
35873,5.0843583,1.3363,9.7382,15,9.2467
35874,5.0844834,1.3363,9.7459,15,9.2390
35875,5.0846084,1.3363,9.7382,15,9.2467
35876,5.0847334,1.3363,9.7382,15,9.2467
35877,5.0848583,1.3363,9.7382,15,9.2467
35878,5.0849834,1.3363,9.7459,15,9.2390
35879,5.0851084,1.3363,9.7382,15,9.2467
35880,5.0852334,1.3363,9.7382,15,9.2467
35881,5.0853583,1.3363,9.7382,15,9.2467
35882,5.0854834,1.3363,9.7459,15,9.2390
35883,5.0856084,1.3363,9.7382,15,9.2467
35884,5.0857334,1.3363,9.7382,15,9.2467
35885,5.0858583,1.3363,9.7382,15,9.2467
35886,5.0859834,1.3363,9.7459,15,9.2390
35887,5.0861084,1.3363,9.7382,15,9.2467
35888,5.0862334,1.3363,9.7382,15,9.2467
35889,5.0863583,1.3363,9.7382,15,9.2467
35890,5.0864834,1.3363,9.7459,15,9.2390
35891,5.0866084,1.3363,9.7382,15,9.2467
35892,5.0867334,1.3363,9.7382,15,9.2467
35893,5.0868583,1.3363,9.7382,15,9.2467
35894,5.0869834,1.3363,9.7459,15,9.2390
35895,5.0871084,1.3363,9.7382,15,9.2467
35896,5.0872334,1.3363,9.7382,15,9.2467
35897,5.0873583,1.3363,9.7382,15,9.2467
35898,5.0874834,1.3363,9.7459,15,9.2390
35899,5.0876084,1.3363,9.7382,15,9.2467
35900,5.0877334,1.3363,9.7382,15,9.2467
35901,5.0878583,1.3363,9.7382,15,9.2467
35902,5.0879834,1.3363,9.7459,15,9.2390
35903,5.0881084,1.3363,9.7382,15,9.2467
35904,5.0882334,1.3363,9.7382,15,9.2467
35905,5.0883583,1.3363,9.7382,15,9.2467
35906,5.0884834,1.3363,9.7459,15,9.2390
35907,5.0886084,1.3363,9.7382,15,9.2467
35908,5.0887334,1.3363,9.7382,15,9.2467
35909,5.0888583,1.3363,9.7382,15,9.2467
35910,5.0889834,1.3363,9.7459,15,9.2390
35911,5.0891084,1.3363,9.7382,15,9.2467
35912,5.0892334,1.3363,9.7382,15,9.2467
35913,5.0893583,1.3363,9.7382,15,9.2467
35914,5.0894834,1.3363,9.7459,15,9.2390
35915,5.0896084,1.3363,9.7382,15,9.2467
35916,5.0897334,1.3363,9.7382,15,9.2467
35917,5.0898583,1.3363,9.7382,15,9.2467
35918,5.0899834,1.3363,9.7459,15,9.2390
35919,5.0901084,1.3363,9.7382,15,9.2467
35920,5.0902334,1.3363,9.7382,15,9.2467
35921,5.0903583,1.3363,9.7382,15,9.2467
35922,5.0904834,1.3363,9.7459,15,9.2390
35923,5.0906084,1.3363,9.7382,15,9.2467
35924,5.0907334,1.3363,9.7382,15,9.2467
35925,5.0908585,1.3286,9.7459,15,9.2390
35926,5.0909834,1.3363,9.7459,15,9.2390
35927,5.0911084,1.3363,9.7382,15,9.2467
35928,5.0912334,1.3363,9.7382,15,9.2467
35929,5.0913585,1.3286,9.7459,15,9.2390
35930,5.0914834,1.3363,9.7459,15,9.2390
35931,5.0916084,1.3363,9.7382,15,9.2467
35932,5.0917334,1.3363,9.7382,15,9.2467
35933,5.0918585,1.3363,9.7459,15,9.2390
35934,5.0919834,1.3363,9.7459,15,9.2390
35935,5.0921084,1.3363,9.7382,15,9.2467
35936,5.0922334,1.3363,9.7382,15,9.2467
35937,5.0923585,1.3363,9.7459,15,9.2390
35938,5.0924834,1.3363,9.7459,15,9.2390
35939,5.0926084,1.3363,9.7382,15,9.2467
35940,5.0927334,1.3363,9.7382,15,9.2467
35941,5.0928585,1.3363,9.7459,15,9.2390
35942,5.0929834,1.3363,9.7459,15,9.2390
35943,5.0931084,1.3363,9.7382,15,9.2467
35944,5.0932334,1.3363,9.7382,15,9.2467
35945,5.0933585,1.3363,9.7459,15,9.2390
35946,5.0934834,1.3363,9.7459,15,9.2390
35947,5.0936084,1.3363,9.7382,15,9.2467
35948,5.0937334,1.3363,9.7382,15,9.2467
35949,5.0938585,1.3363,9.7459,15,9.2390
35950,5.0939834,1.3363,9.7459,15,9.2390
35951,5.0941084,1.3363,9.7382,15,9.2467
35952,5.0942334,1.3363,9.7382,15,9.2467
35953,5.0943585,1.3363,9.7459,15,9.2390
35954,5.0944834,1.3363,9.7459,15,9.2390
35955,5.0946084,1.3363,9.7382,15,9.2467
35956,5.0947334,1.3363,9.7382,15,9.2467
35957,5.0948585,1.3363,9.7459,15,9.2390
35958,5.0949834,1.3363,9.7459,15,9.2390
35959,5.0951084,1.3363,9.7382,15,9.2467
35960,5.0952334,1.3363,9.7382,15,9.2467
35961,5.0953585,1.3363,9.7459,15,9.2390
35962,5.0954834,1.3363,9.7382,15,9.2390
35963,5.0956084,1.3363,9.7382,15,9.2467
35964,5.0957334,1.3363,9.7382,15,9.2467
35965,5.0958585,1.3363,9.7459,15,9.2390
35966,5.0959834,1.3363,9.7382,15,9.2390
35967,5.0961084,1.3363,9.7382,15,9.2467
35968,5.0962334,1.3363,9.7382,15,9.2467
35969,5.0963585,1.3363,9.7459,15,9.2390
35970,5.0964834,1.3363,9.7382,15,9.2390
35971,5.0966084,1.3363,9.7382,15,9.2467
35972,5.0967334,1.3363,9.7382,15,9.2467
35973,5.0968585,1.3363,9.7459,15,9.2390
35974,5.0969834,1.3363,9.7382,15,9.2390
35975,5.0971084,1.3363,9.7382,15,9.2467
35976,5.0972334,1.3363,9.7382,15,9.2467
35977,5.0973585,1.3363,9.7459,15,9.2390
35978,5.0974834,1.3363,9.7382,15,9.2390
35979,5.0976084,1.3363,9.7382,15,9.2467
35980,5.0977334,1.3363,9.7382,15,9.2467
35981,5.0978585,1.3363,9.7459,15,9.2390
35982,5.0979834,1.3363,9.7382,15,9.2467
35983,5.0981084,1.3363,9.7382,15,9.2467
35984,5.0982334,1.3363,9.7382,15,9.2467
35985,5.0983585,1.3363,9.7459,15,9.2390
35986,5.0984834,1.3363,9.7382,15,9.2467
35987,5.0986084,1.3363,9.7382,15,9.2467
35988,5.0987335,1.3286,9.7459,15,9.2390
35989,5.0988585,1.3363,9.7459,15,9.2390
35990,5.0989834,1.3363,9.7382,15,9.2467
35991,5.0991084,1.3363,9.7382,15,9.2467
35992,5.0992335,1.3286,9.7459,15,9.2390
35993,5.0993585,1.3363,9.7459,15,9.2390
35994,5.0994834,1.3363,9.7382,15,9.2467
35995,5.0996084,1.3363,9.7382,15,9.2467
35996,5.0997335,1.3286,9.7459,15,9.2390
35997,5.0998585,1.3363,9.7459,15,9.2390
35998,5.0999834,1.3363,9.7382,15,9.2467
35999,5.1001084,1.3363,9.7382,15,9.2467
36000,5.1002335,1.3286,9.7459,15,9.2390
36001,5.1003585,1.3363,9.7459,15,9.2390
36002,5.1004834,1.3363,9.7382,15,9.2467
36003,5.1006084,1.3363,9.7382,15,9.2467
36004,5.1007335,1.3286,9.7459,15,9.2390
36005,5.1008585,1.3363,9.7459,15,9.2390
36006,5.1009834,1.3363,9.7382,15,9.2467
36007,5.1011084,1.3363,9.7382,15,9.2467
36008,5.1012335,1.3286,9.7459,15,9.2390
36009,5.1013585,1.3363,9.7459,15,9.2390
36010,5.1014834,1.3363,9.7382,15,9.2467
36011,5.1016084,1.3363,9.7382,15,9.2467
36012,5.1017335,1.3286,9.7459,15,9.2390
36013,5.1018585,1.3363,9.7459,15,9.2390
36014,5.1019834,1.3363,9.7382,15,9.2467
36015,5.1021084,1.3363,9.7382,15,9.2467
36016,5.1022335,1.3286,9.7459,15,9.2390
36017,5.1023585,1.3363,9.7459,15,9.2390
36018,5.1024834,1.3363,9.7382,15,9.2467
36019,5.1026084,1.3363,9.7382,15,9.2467
36020,5.1027335,1.3286,9.7459,15,9.2390
36021,5.1028585,1.3363,9.7459,15,9.2390
36022,5.1029834,1.3363,9.7382,15,9.2467
36023,5.1031084,1.3363,9.7382,15,9.2467
36024,5.1032335,1.3286,9.7459,15,9.2390
36025,5.1033585,1.3363,9.7459,15,9.2390
36026,5.1034834,1.3363,9.7382,15,9.2467
36027,5.1036084,1.3363,9.7382,15,9.2467
36028,5.1037335,1.3286,9.7459,15,9.2390
36029,5.1038585,1.3363,9.7459,15,9.2390
36030,5.1039834,1.3363,9.7382,15,9.2467
36031,5.1041084,1.3363,9.7382,15,9.2467
36032,5.1042335,1.3286,9.7459,15,9.2390
36033,5.1043585,1.3363,9.7459,15,9.2390
36034,5.1044834,1.3363,9.7382,15,9.2467
36035,5.1046084,1.3363,9.7382,15,9.2467
36036,5.1047335,1.3286,9.7459,15,9.2390
36037,5.1048585,1.3363,9.7459,15,9.2390
36038,5.1049834,1.3363,9.7382,15,9.2467
36039,5.1051084,1.3363,9.7382,15,9.2467
36040,5.1052335,1.3286,9.7459,15,9.2390
36041,5.1053585,1.3363,9.7459,15,9.2390
36042,5.1054834,1.3363,9.7382,15,9.2467
36043,5.1056084,1.3363,9.7382,15,9.2467
36044,5.1057335,1.3286,9.7459,15,9.2390
36045,5.1058585,1.3363,9.7459,15,9.2390
36046,5.1059834,1.3363,9.7382,15,9.2467
36047,5.1061086,1.3286,9.7459,15,9.2390
36048,5.1062335,1.3286,9.7459,15,9.2390
36049,5.1063585,1.3363,9.7459,15,9.2390
36050,5.1064834,1.3363,9.7382,15,9.2467
36051,5.1066086,1.3286,9.7459,15,9.2390
36052,5.1067335,1.3286,9.7459,15,9.2390
36053,5.1068585,1.3363,9.7459,15,9.2390
36054,5.1069834,1.3363,9.7382,15,9.2467
36055,5.1071086,1.3286,9.7459,15,9.2390
36056,5.1072335,1.3286,9.7459,15,9.2390
36057,5.1073585,1.3363,9.7459,15,9.2390
36058,5.1074834,1.3363,9.7382,15,9.2467
36059,5.1076086,1.3286,9.7459,15,9.2390
36060,5.1077335,1.3286,9.7459,15,9.2390
36061,5.1078585,1.3363,9.7459,15,9.2390
36062,5.1079834,1.3363,9.7382,15,9.2467
36063,5.1081086,1.3286,9.7459,15,9.2390
36064,5.1082335,1.3286,9.7459,15,9.2390
36065,5.1083585,1.3363,9.7459,15,9.2390
36066,5.1084834,1.3363,9.7382,15,9.2467
36067,5.1086086,1.3286,9.7459,15,9.2390
36068,5.1087335,1.3286,9.7459,15,9.2390
36069,5.1088585,1.3363,9.7459,15,9.2390
36070,5.1089834,1.3363,9.7382,15,9.2467
36071,5.1091086,1.3286,9.7459,15,9.2390
36072,5.1092335,1.3286,9.7459,15,9.2390
36073,5.1093585,1.3363,9.7459,15,9.2390
36074,5.1094834,1.3363,9.7382,15,9.2467
36075,5.1096086,1.3286,9.7459,15,9.2390
36076,5.1097335,1.3286,9.7459,15,9.2390
36077,5.1098585,1.3363,9.7459,15,9.2390
36078,5.1099834,1.3363,9.7382,15,9.2467
36079,5.1101086,1.3286,9.7459,15,9.2390
36080,5.1102335,1.3286,9.7459,15,9.2390
36081,5.1103585,1.3363,9.7459,15,9.2390
36082,5.1104834,1.3363,9.7382,15,9.2467
36083,5.1106086,1.3286,9.7459,15,9.2390
36084,5.1107335,1.3363,9.7459,15,9.2390
36085,5.1108585,1.3363,9.7459,15,9.2390
36086,5.1109834,1.3363,9.7382,15,9.2467
36087,5.1111086,1.3286,9.7459,15,9.2390
36088,5.1112335,1.3363,9.7459,15,9.2390
36089,5.1113585,1.3363,9.7459,15,9.2390
36090,5.1114834,1.3363,9.7382,15,9.2467
36091,5.1116086,1.3286,9.7459,15,9.2390
36092,5.1117335,1.3363,9.7459,15,9.2390
36093,5.1118585,1.3363,9.7459,15,9.2390
36094,5.1119834,1.3363,9.7382,15,9.2467
36095,5.1121086,1.3286,9.7459,15,9.2390
36096,5.1122335,1.3363,9.7459,15,9.2390
36097,5.1123585,1.3363,9.7459,15,9.2390
36098,5.1124834,1.3363,9.7382,15,9.2467
36099,5.1126086,1.3286,9.7459,15,9.2390
36100,5.1127335,1.3363,9.7459,15,9.2390
36101,5.1128585,1.3363,9.7459,15,9.2390
36102,5.1129834,1.3363,9.7382,15,9.2467
36103,5.1131086,1.3286,9.7459,15,9.2390
36104,5.1132335,1.3363,9.7459,15,9.2390
36105,5.1133585,1.3363,9.7459,15,9.2390
36106,5.1134834,1.3363,9.7382,15,9.2467
36107,5.1136086,1.3286,9.7459,15,9.2390
36108,5.1137335,1.3363,9.7459,15,9.2390
36109,5.1138585,1.3363,9.7459,15,9.2390
36110,5.1139836,1.3286,9.7459,15,9.2390
36111,5.1141086,1.3286,9.7459,15,9.2390
36112,5.1142335,1.3363,9.7459,15,9.2390
36113,5.1143585,1.3363,9.7382,15,9.2390
36114,5.1144836,1.3286,9.7459,15,9.2390
36115,5.1146086,1.3286,9.7459,15,9.2390
36116,5.1147335,1.3363,9.7459,15,9.2390
36117,5.1148585,1.3363,9.7382,15,9.2390
36118,5.1149836,1.3286,9.7459,15,9.2390
36119,5.1151086,1.3286,9.7459,15,9.2390
36120,5.1152335,1.3363,9.7459,15,9.2390
36121,5.1153585,1.3363,9.7382,15,9.2390
36122,5.1154836,1.3286,9.7459,15,9.2390
36123,5.1156086,1.3286,9.7459,15,9.2390
36124,5.1157335,1.3363,9.7459,15,9.2390
36125,5.1158585,1.3363,9.7382,15,9.2390
36126,5.1159836,1.3286,9.7459,15,9.2390
36127,5.1161086,1.3286,9.7459,15,9.2390
36128,5.1162335,1.3363,9.7459,15,9.2390
36129,5.1163585,1.3363,9.7382,15,9.2390
36130,5.1164836,1.3286,9.7459,15,9.2390
36131,5.1166086,1.3286,9.7459,15,9.2390
36132,5.1167335,1.3363,9.7459,15,9.2390
36133,5.1168585,1.3363,9.7382,15,9.2467
36134,5.1169836,1.3286,9.7459,15,9.2390
36135,5.1171086,1.3286,9.7459,15,9.2390
36136,5.1172335,1.3363,9.7459,15,9.2390
36137,5.1173585,1.3363,9.7382,15,9.2467
36138,5.1174836,1.3286,9.7459,15,9.2390
36139,5.1176086,1.3286,9.7459,15,9.2390
36140,5.1177335,1.3363,9.7459,15,9.2390
36141,5.1178585,1.3363,9.7382,15,9.2467
36142,5.1179836,1.3286,9.7459,15,9.2390
36143,5.1181086,1.3286,9.7459,15,9.2390
36144,5.1182335,1.3363,9.7459,15,9.2390
36145,5.1183585,1.3363,9.7382,15,9.2467
36146,5.1184836,1.3286,9.7459,15,9.2390
36147,5.1186086,1.3286,9.7459,15,9.2390
36148,5.1187335,1.3363,9.7459,15,9.2390
36149,5.1188585,1.3363,9.7382,15,9.2467
36150,5.1189836,1.3286,9.7459,15,9.2390
36151,5.1191086,1.3286,9.7459,15,9.2390
36152,5.1192335,1.3363,9.7459,15,9.2390
36153,5.1193585,1.3363,9.7382,15,9.2467
36154,5.1194836,1.3286,9.7459,15,9.2390
36155,5.1196086,1.3286,9.7459,15,9.2390
36156,5.1197335,1.3363,9.7459,15,9.2390
36157,5.1198585,1.3363,9.7382,15,9.2467
36158,5.1199836,1.3286,9.7459,15,9.2390
36159,5.1201086,1.3286,9.7459,15,9.2390
36160,5.1202335,1.3363,9.7459,15,9.2390
36161,5.1203585,1.3363,9.7382,15,9.2467
36162,5.1204836,1.3286,9.7459,15,9.2390
36163,5.1206086,1.3286,9.7459,15,9.2390
36164,5.1207335,1.3363,9.7459,15,9.2390
36165,5.1208585,1.3363,9.7382,15,9.2467
36166,5.1209836,1.3286,9.7459,15,9.2390
36167,5.1211086,1.3286,9.7459,15,9.2390
36168,5.1212335,1.3363,9.7459,15,9.2390
36169,5.1213585,1.3363,9.7382,15,9.2467
36170,5.1214836,1.3286,9.7459,15,9.2390
36171,5.1216086,1.3286,9.7459,15,9.2390
36172,5.1217335,1.3363,9.7459,15,9.2390
36173,5.1218586,1.3286,9.7459,15,9.2390
36174,5.1219836,1.3286,9.7459,15,9.2390
36175,5.1221086,1.3286,9.7459,15,9.2390
36176,5.1222335,1.3363,9.7459,15,9.2390
36177,5.1223586,1.3286,9.7459,15,9.2390
36178,5.1224836,1.3286,9.7459,15,9.2390
36179,5.1226086,1.3286,9.7459,15,9.2390
36180,5.1227335,1.3363,9.7459,15,9.2390
36181,5.1228586,1.3286,9.7459,15,9.2390
36182,5.1229836,1.3286,9.7459,15,9.2390
36183,5.1231086,1.3286,9.7459,15,9.2390
36184,5.1232335,1.3363,9.7459,15,9.2390
36185,5.1233586,1.3286,9.7459,15,9.2390
36186,5.1234836,1.3286,9.7459,15,9.2390
36187,5.1236086,1.3286,9.7459,15,9.2390
36188,5.1237335,1.3363,9.7459,15,9.2390
36189,5.1238586,1.3286,9.7459,15,9.2390
36190,5.1239836,1.3286,9.7459,15,9.2390
36191,5.1241086,1.3286,9.7459,15,9.2390
36192,5.1242335,1.3363,9.7459,15,9.2390
36193,5.1243586,1.3286,9.7459,15,9.2390
36194,5.1244836,1.3286,9.7459,15,9.2390
36195,5.1246086,1.3286,9.7459,15,9.2390
36196,5.1247335,1.3363,9.7459,15,9.2390
36197,5.1248586,1.3286,9.7459,15,9.2390
36198,5.1249836,1.3286,9.7459,15,9.2390
36199,5.1251086,1.3286,9.7459,15,9.2390
36200,5.1252335,1.3363,9.7459,15,9.2390
36201,5.1253586,1.3286,9.7459,15,9.2390
36202,5.1254836,1.3286,9.7459,15,9.2390
36203,5.1256086,1.3286,9.7459,15,9.2390
36204,5.1257335,1.3363,9.7459,15,9.2390
36205,5.1258586,1.3286,9.7459,15,9.2390
36206,5.1259836,1.3286,9.7459,15,9.2390
36207,5.1261086,1.3286,9.7459,15,9.2390
36208,5.1262335,1.3363,9.7459,15,9.2390
36209,5.1263586,1.3286,9.7459,15,9.2390
36210,5.1264836,1.3286,9.7459,15,9.2390
36211,5.1266086,1.3286,9.7459,15,9.2390
36212,5.1267335,1.3363,9.7459,15,9.2390
36213,5.1268586,1.3286,9.7459,15,9.2390
36214,5.1269836,1.3286,9.7459,15,9.2390
36215,5.1271086,1.3286,9.7459,15,9.2390
36216,5.1272335,1.3363,9.7459,15,9.2390
36217,5.1273586,1.3286,9.7459,15,9.2390
36218,5.1274836,1.3286,9.7459,15,9.2390
36219,5.1276086,1.3286,9.7459,15,9.2390
36220,5.1277335,1.3363,9.7459,15,9.2390
36221,5.1278586,1.3286,9.7459,15,9.2390
36222,5.1279836,1.3286,9.7459,15,9.2390
36223,5.1281086,1.3286,9.7459,15,9.2390
36224,5.1282335,1.3363,9.7459,15,9.2390
36225,5.1283586,1.3286,9.7459,15,9.2390
36226,5.1284836,1.3286,9.7459,15,9.2390
36227,5.1286086,1.3286,9.7459,15,9.2390
36228,5.1287335,1.3363,9.7459,15,9.2390
36229,5.1288586,1.3286,9.7459,15,9.2390
36230,5.1289836,1.3286,9.7459,15,9.2390
36231,5.1291086,1.3286,9.7459,15,9.2390
36232,5.1292335,1.3363,9.7459,15,9.2390
36233,5.1293586,1.3286,9.7459,15,9.2390
36234,5.1294836,1.3286,9.7459,15,9.2390
36235,5.1296086,1.3363,9.7459,15,9.2390
36236,5.1297337,1.3286,9.7536,15,9.2314
36237,5.1298586,1.3286,9.7459,15,9.2390
36238,5.1299836,1.3286,9.7459,15,9.2390
36239,5.1301086,1.3363,9.7459,15,9.2390
36240,5.1302337,1.3286,9.7536,15,9.2314
36241,5.1303586,1.3286,9.7459,15,9.2390
36242,5.1304836,1.3286,9.7459,15,9.2390
36243,5.1306086,1.3363,9.7459,15,9.2390
36244,5.1307337,1.3286,9.7536,15,9.2314
36245,5.1308586,1.3286,9.7459,15,9.2390
36246,5.1309836,1.3286,9.7459,15,9.2390
36247,5.1311086,1.3363,9.7459,15,9.2390
36248,5.1312337,1.3286,9.7536,15,9.2314
36249,5.1313586,1.3286,9.7459,15,9.2390
36250,5.1314836,1.3286,9.7459,15,9.2390
36251,5.1316086,1.3363,9.7459,15,9.2390
36252,5.1317337,1.3286,9.7536,15,9.2314
36253,5.1318586,1.3286,9.7459,15,9.2390
36254,5.1319836,1.3286,9.7459,15,9.2390
36255,5.1321086,1.3363,9.7459,15,9.2390
36256,5.1322337,1.3286,9.7536,15,9.2314
36257,5.1323586,1.3286,9.7459,15,9.2390
36258,5.1324836,1.3286,9.7459,15,9.2390
36259,5.1326086,1.3363,9.7459,15,9.2390
36260,5.1327337,1.3286,9.7536,15,9.2314
36261,5.1328586,1.3286,9.7459,15,9.2390
36262,5.1329836,1.3286,9.7459,15,9.2390
36263,5.1331086,1.3363,9.7459,15,9.2390
36264,5.1332337,1.3286,9.7459,15,9.2314
36265,5.1333586,1.3286,9.7459,15,9.2390
36266,5.1334836,1.3286,9.7459,15,9.2390
36267,5.1336086,1.3363,9.7459,15,9.2390
36268,5.1337337,1.3286,9.7459,15,9.2314
36269,5.1338586,1.3286,9.7459,15,9.2390
36270,5.1339836,1.3286,9.7459,15,9.2390
36271,5.1341086,1.3363,9.7459,15,9.2390
36272,5.1342337,1.3286,9.7459,15,9.2314
36273,5.1343586,1.3286,9.7459,15,9.2390
36274,5.1344836,1.3286,9.7459,15,9.2390
36275,5.1346086,1.3363,9.7459,15,9.2390
36276,5.1347337,1.3286,9.7459,15,9.2314
36277,5.1348586,1.3286,9.7459,15,9.2390
36278,5.1349836,1.3286,9.7459,15,9.2390
36279,5.1351086,1.3363,9.7459,15,9.2390
36280,5.1352337,1.3286,9.7459,15,9.2314
36281,5.1353586,1.3286,9.7459,15,9.2390
36282,5.1354836,1.3286,9.7459,15,9.2390
36283,5.1356086,1.3363,9.7459,15,9.2390
36284,5.1357337,1.3286,9.7459,15,9.2390
36285,5.1358586,1.3286,9.7459,15,9.2390
36286,5.1359836,1.3286,9.7459,15,9.2390
36287,5.1361086,1.3363,9.7459,15,9.2390
36288,5.1362337,1.3286,9.7459,15,9.2390
36289,5.1363586,1.3286,9.7459,15,9.2390
36290,5.1364836,1.3286,9.7459,15,9.2390
36291,5.1366086,1.3363,9.7459,15,9.2390
36292,5.1367337,1.3286,9.7459,15,9.2390
36293,5.1368586,1.3286,9.7459,15,9.2390
36294,5.1369836,1.3286,9.7459,15,9.2390
36295,5.1371086,1.3363,9.7459,15,9.2390
36296,5.1372337,1.3286,9.7459,15,9.2390
36297,5.1373586,1.3286,9.7459,15,9.2390
36298,5.1374836,1.3286,9.7459,15,9.2390
36299,5.1376087,1.3286,9.7536,15,9.2314
36300,5.1377337,1.3286,9.7459,15,9.2390
36301,5.1378586,1.3286,9.7459,15,9.2390
36302,5.1379836,1.3286,9.7459,15,9.2390
36303,5.1381087,1.3286,9.7536,15,9.2314
36304,5.1382337,1.3286,9.7459,15,9.2390
36305,5.1383586,1.3286,9.7459,15,9.2390
36306,5.1384836,1.3286,9.7459,15,9.2390
36307,5.1386087,1.3286,9.7536,15,9.2314
36308,5.1387337,1.3286,9.7459,15,9.2390
36309,5.1388586,1.3286,9.7459,15,9.2390
36310,5.1389836,1.3286,9.7459,15,9.2390
36311,5.1391087,1.3286,9.7536,15,9.2314
36312,5.1392337,1.3286,9.7459,15,9.2390
36313,5.1393586,1.3286,9.7459,15,9.2390
36314,5.1394836,1.3286,9.7459,15,9.2390
36315,5.1396087,1.3286,9.7536,15,9.2314
36316,5.1397337,1.3286,9.7459,15,9.2390
36317,5.1398586,1.3286,9.7459,15,9.2390
36318,5.1399836,1.3286,9.7459,15,9.2390
36319,5.1401087,1.3286,9.7536,15,9.2314
36320,5.1402337,1.3286,9.7459,15,9.2390
36321,5.1403586,1.3286,9.7459,15,9.2390
36322,5.1404836,1.3286,9.7459,15,9.2390
36323,5.1406087,1.3286,9.7536,15,9.2314
36324,5.1407337,1.3286,9.7459,15,9.2390
36325,5.1408586,1.3286,9.7459,15,9.2390
36326,5.1409836,1.3286,9.7459,15,9.2390
36327,5.1411087,1.3286,9.7536,15,9.2314
36328,5.1412337,1.3286,9.7459,15,9.2390
36329,5.1413586,1.3286,9.7459,15,9.2390
36330,5.1414836,1.3286,9.7459,15,9.2390
36331,5.1416087,1.3286,9.7536,15,9.2314
36332,5.1417337,1.3286,9.7459,15,9.2390
36333,5.1418586,1.3286,9.7459,15,9.2390
36334,5.1419836,1.3286,9.7459,15,9.2390
36335,5.1421087,1.3286,9.7536,15,9.2314
36336,5.1422337,1.3286,9.7459,15,9.2390
36337,5.1423586,1.3286,9.7459,15,9.2390
36338,5.1424836,1.3286,9.7459,15,9.2390
36339,5.1426087,1.3286,9.7536,15,9.2314
36340,5.1427337,1.3286,9.7459,15,9.2390
36341,5.1428586,1.3286,9.7459,15,9.2390
36342,5.1429836,1.3286,9.7459,15,9.2390
36343,5.1431087,1.3286,9.7536,15,9.2314
36344,5.1432337,1.3286,9.7459,15,9.2390
36345,5.1433586,1.3286,9.7459,15,9.2390
36346,5.1434836,1.3286,9.7459,15,9.2390
36347,5.1436087,1.3286,9.7536,15,9.2314
36348,5.1437337,1.3286,9.7459,15,9.2390
36349,5.1438586,1.3286,9.7459,15,9.2390
36350,5.1439836,1.3286,9.7459,15,9.2390
36351,5.1441087,1.3286,9.7536,15,9.2314
36352,5.1442337,1.3286,9.7459,15,9.2390
36353,5.1443586,1.3286,9.7459,15,9.2390
36354,5.1444836,1.3286,9.7459,15,9.2390
36355,5.1446087,1.3286,9.7536,15,9.2314
36356,5.1447337,1.3286,9.7459,15,9.2390
36357,5.1448586,1.3286,9.7459,15,9.2390
36358,5.1449836,1.3286,9.7459,15,9.2390
36359,5.1451087,1.3286,9.7536,15,9.2314
36360,5.1452337,1.3286,9.7459,15,9.2390
36361,5.1453586,1.3286,9.7459,15,9.2390
36362,5.1454838,1.3210,9.7536,15,9.2314
36363,5.1456087,1.3286,9.7536,15,9.2314
36364,5.1457337,1.3286,9.7459,15,9.2390
36365,5.1458586,1.3286,9.7459,15,9.2390
36366,5.1459838,1.3210,9.7536,15,9.2314
36367,5.1461087,1.3286,9.7536,15,9.2314
36368,5.1462337,1.3286,9.7459,15,9.2390
36369,5.1463586,1.3286,9.7459,15,9.2390
36370,5.1464838,1.3210,9.7536,15,9.2314
36371,5.1466087,1.3286,9.7536,15,9.2314
36372,5.1467337,1.3286,9.7459,15,9.2390
36373,5.1468586,1.3286,9.7459,15,9.2390
36374,5.1469838,1.3210,9.7536,15,9.2314
36375,5.1471087,1.3286,9.7536,15,9.2314
36376,5.1472337,1.3286,9.7459,15,9.2390
36377,5.1473586,1.3286,9.7459,15,9.2390
36378,5.1474838,1.3210,9.7536,15,9.2314
36379,5.1476087,1.3286,9.7536,15,9.2314
36380,5.1477337,1.3286,9.7459,15,9.2390
36381,5.1478586,1.3286,9.7459,15,9.2390
36382,5.1479838,1.3210,9.7536,15,9.2314
36383,5.1481087,1.3286,9.7536,15,9.2314
36384,5.1482337,1.3286,9.7459,15,9.2390
36385,5.1483586,1.3286,9.7459,15,9.2390
36386,5.1484838,1.3286,9.7536,15,9.2314
36387,5.1486087,1.3286,9.7536,15,9.2314
36388,5.1487337,1.3286,9.7459,15,9.2390
36389,5.1488586,1.3286,9.7459,15,9.2390
36390,5.1489838,1.3286,9.7536,15,9.2314
36391,5.1491087,1.3286,9.7536,15,9.2314
36392,5.1492337,1.3286,9.7459,15,9.2390
36393,5.1493586,1.3286,9.7459,15,9.2390
36394,5.1494838,1.3286,9.7536,15,9.2314
36395,5.1496087,1.3286,9.7536,15,9.2314
36396,5.1497337,1.3286,9.7459,15,9.2390
36397,5.1498586,1.3286,9.7459,15,9.2390
36398,5.1499838,1.3286,9.7536,15,9.2314
36399,5.1501087,1.3286,9.7536,15,9.2314
36400,5.1502337,1.3286,9.7459,15,9.2390
36401,5.1503586,1.3286,9.7459,15,9.2390
36402,5.1504838,1.3286,9.7536,15,9.2314
36403,5.1506087,1.3286,9.7536,15,9.2314
36404,5.1507337,1.3286,9.7459,15,9.2390
36405,5.1508586,1.3286,9.7459,15,9.2390
36406,5.1509838,1.3286,9.7536,15,9.2314
36407,5.1511087,1.3286,9.7536,15,9.2314
36408,5.1512337,1.3286,9.7459,15,9.2390
36409,5.1513586,1.3286,9.7459,15,9.2390
36410,5.1514838,1.3286,9.7536,15,9.2314
36411,5.1516087,1.3286,9.7459,15,9.2314
36412,5.1517337,1.3286,9.7459,15,9.2390
36413,5.1518586,1.3286,9.7459,15,9.2390
36414,5.1519838,1.3286,9.7536,15,9.2314
36415,5.1521087,1.3286,9.7459,15,9.2314
36416,5.1522337,1.3286,9.7459,15,9.2390
36417,5.1523586,1.3286,9.7459,15,9.2390
36418,5.1524838,1.3286,9.7536,15,9.2314
36419,5.1526087,1.3286,9.7459,15,9.2314
36420,5.1527337,1.3286,9.7459,15,9.2390
36421,5.1528586,1.3286,9.7459,15,9.2390
36422,5.1529838,1.3286,9.7536,15,9.2314
36423,5.1531087,1.3286,9.7459,15,9.2314
36424,5.1532337,1.3286,9.7459,15,9.2390
36425,5.1533588,1.3210,9.7536,15,9.2314
36426,5.1534838,1.3286,9.7536,15,9.2314
36427,5.1536087,1.3286,9.7459,15,9.2314
36428,5.1537337,1.3286,9.7459,15,9.2390
36429,5.1538588,1.3210,9.7536,15,9.2314
36430,5.1539838,1.3286,9.7536,15,9.2314
36431,5.1541087,1.3286,9.7459,15,9.2390
36432,5.1542337,1.3286,9.7459,15,9.2390
36433,5.1543588,1.3210,9.7536,15,9.2314
36434,5.1544838,1.3286,9.7536,15,9.2314
36435,5.1546087,1.3286,9.7459,15,9.2390
36436,5.1547337,1.3286,9.7459,15,9.2390
36437,5.1548588,1.3210,9.7536,15,9.2314
36438,5.1549838,1.3286,9.7536,15,9.2314
36439,5.1551087,1.3286,9.7459,15,9.2390
36440,5.1552337,1.3286,9.7459,15,9.2390
36441,5.1553588,1.3210,9.7536,15,9.2314
36442,5.1554838,1.3286,9.7536,15,9.2314
36443,5.1556087,1.3286,9.7459,15,9.2390
36444,5.1557337,1.3286,9.7459,15,9.2390
36445,5.1558588,1.3210,9.7536,15,9.2314
36446,5.1559838,1.3286,9.7536,15,9.2314
36447,5.1561087,1.3286,9.7459,15,9.2390
36448,5.1562337,1.3286,9.7459,15,9.2390
36449,5.1563588,1.3210,9.7536,15,9.2314
36450,5.1564838,1.3286,9.7536,15,9.2314
36451,5.1566087,1.3286,9.7459,15,9.2390
36452,5.1567337,1.3286,9.7459,15,9.2390
36453,5.1568588,1.3210,9.7536,15,9.2314
36454,5.1569838,1.3286,9.7536,15,9.2314
36455,5.1571087,1.3286,9.7459,15,9.2390
36456,5.1572337,1.3286,9.7459,15,9.2390
36457,5.1573588,1.3210,9.7536,15,9.2314
36458,5.1574838,1.3286,9.7536,15,9.2314
36459,5.1576087,1.3286,9.7459,15,9.2390
36460,5.1577337,1.3286,9.7459,15,9.2390
36461,5.1578588,1.3210,9.7536,15,9.2314
36462,5.1579838,1.3286,9.7536,15,9.2314
36463,5.1581087,1.3286,9.7459,15,9.2390
36464,5.1582337,1.3286,9.7459,15,9.2390
36465,5.1583588,1.3210,9.7536,15,9.2314
36466,5.1584838,1.3286,9.7536,15,9.2314
36467,5.1586087,1.3286,9.7459,15,9.2390
36468,5.1587337,1.3286,9.7459,15,9.2390
36469,5.1588588,1.3210,9.7536,15,9.2314
36470,5.1589838,1.3286,9.7536,15,9.2314
36471,5.1591087,1.3286,9.7459,15,9.2390
36472,5.1592337,1.3286,9.7459,15,9.2390
36473,5.1593588,1.3210,9.7536,15,9.2314
36474,5.1594838,1.3286,9.7536,15,9.2314
36475,5.1596087,1.3286,9.7459,15,9.2390
36476,5.1597337,1.3286,9.7459,15,9.2390
36477,5.1598588,1.3210,9.7536,15,9.2314
36478,5.1599838,1.3286,9.7536,15,9.2314
36479,5.1601087,1.3286,9.7459,15,9.2390
36480,5.1602337,1.3286,9.7459,15,9.2390
36481,5.1603588,1.3210,9.7536,15,9.2314
36482,5.1604838,1.3286,9.7536,15,9.2314
36483,5.1606087,1.3286,9.7459,15,9.2390
36484,5.1607337,1.3286,9.7459,15,9.2390
36485,5.1608588,1.3210,9.7536,15,9.2314
36486,5.1609838,1.3286,9.7536,15,9.2314
36487,5.1611087,1.3286,9.7459,15,9.2390
36488,5.1612338,1.3210,9.7536,15,9.2314
36489,5.1613588,1.3210,9.7536,15,9.2314
36490,5.1614838,1.3286,9.7536,15,9.2314
36491,5.1616087,1.3286,9.7459,15,9.2390
36492,5.1617338,1.3210,9.7536,15,9.2314
36493,5.1618588,1.3210,9.7536,15,9.2314
36494,5.1619838,1.3286,9.7536,15,9.2314
36495,5.1621087,1.3286,9.7459,15,9.2390
36496,5.1622338,1.3210,9.7536,15,9.2314
36497,5.1623588,1.3210,9.7536,15,9.2314
36498,5.1624838,1.3286,9.7536,15,9.2314
36499,5.1626087,1.3286,9.7459,15,9.2390
36500,5.1627338,1.3210,9.7536,15,9.2314
36501,5.1628588,1.3210,9.7536,15,9.2314
36502,5.1629838,1.3286,9.7536,15,9.2314
36503,5.1631087,1.3286,9.7459,15,9.2390
36504,5.1632338,1.3210,9.7536,15,9.2314
36505,5.1633588,1.3210,9.7536,15,9.2314
36506,5.1634838,1.3286,9.7536,15,9.2314
36507,5.1636087,1.3286,9.7459,15,9.2390
36508,5.1637338,1.3210,9.7536,15,9.2314
36509,5.1638588,1.3210,9.7536,15,9.2314
36510,5.1639838,1.3286,9.7536,15,9.2314
36511,5.1641087,1.3286,9.7459,15,9.2390
36512,5.1642338,1.3210,9.7536,15,9.2314
36513,5.1643588,1.3210,9.7536,15,9.2314
36514,5.1644838,1.3286,9.7536,15,9.2314
36515,5.1646087,1.3286,9.7459,15,9.2390
36516,5.1647338,1.3210,9.7536,15,9.2314
36517,5.1648588,1.3210,9.7536,15,9.2314
36518,5.1649838,1.3286,9.7536,15,9.2314
36519,5.1651087,1.3286,9.7459,15,9.2390
36520,5.1652338,1.3210,9.7536,15,9.2314
36521,5.1653588,1.3210,9.7536,15,9.2314
36522,5.1654838,1.3286,9.7536,15,9.2314
36523,5.1656087,1.3286,9.7459,15,9.2390
36524,5.1657338,1.3210,9.7536,15,9.2314
36525,5.1658588,1.3210,9.7536,15,9.2314
36526,5.1659838,1.3286,9.7536,15,9.2314
36527,5.1661087,1.3286,9.7459,15,9.2390
36528,5.1662338,1.3210,9.7536,15,9.2314
36529,5.1663588,1.3286,9.7536,15,9.2314
36530,5.1664838,1.3286,9.7536,15,9.2314
36531,5.1666087,1.3286,9.7459,15,9.2390
36532,5.1667338,1.3210,9.7536,15,9.2314
36533,5.1668588,1.3286,9.7536,15,9.2314
36534,5.1669838,1.3286,9.7536,15,9.2314
36535,5.1671087,1.3286,9.7459,15,9.2390
36536,5.1672338,1.3210,9.7536,15,9.2314
36537,5.1673588,1.3286,9.7536,15,9.2314
36538,5.1674838,1.3286,9.7536,15,9.2314
36539,5.1676087,1.3286,9.7459,15,9.2390
36540,5.1677338,1.3210,9.7536,15,9.2314
36541,5.1678588,1.3286,9.7536,15,9.2314
36542,5.1679838,1.3286,9.7536,15,9.2314
36543,5.1681087,1.3286,9.7459,15,9.2390
36544,5.1682338,1.3210,9.7536,15,9.2314
36545,5.1683588,1.3286,9.7536,15,9.2314
36546,5.1684838,1.3286,9.7536,15,9.2314
36547,5.1686087,1.3286,9.7459,15,9.2390
36548,5.1687338,1.3210,9.7536,15,9.2314
36549,5.1688588,1.3286,9.7536,15,9.2314
36550,5.1689838,1.3286,9.7536,15,9.2314
36551,5.1691089,1.3210,9.7536,15,9.2314
36552,5.1692338,1.3210,9.7536,15,9.2314
36553,5.1693588,1.3286,9.7536,15,9.2314
36554,5.1694838,1.3286,9.7459,15,9.2314
36555,5.1696089,1.3210,9.7536,15,9.2314
36556,5.1697338,1.3210,9.7536,15,9.2314
36557,5.1698588,1.3286,9.7536,15,9.2314
36558,5.1699838,1.3286,9.7459,15,9.2314
36559,5.1701089,1.3210,9.7536,15,9.2314
36560,5.1702338,1.3210,9.7536,15,9.2314
36561,5.1703588,1.3286,9.7536,15,9.2314
36562,5.1704838,1.3286,9.7459,15,9.2314
36563,5.1706089,1.3210,9.7536,15,9.2314
36564,5.1707338,1.3210,9.7536,15,9.2314
36565,5.1708588,1.3286,9.7536,15,9.2314
36566,5.1709838,1.3286,9.7459,15,9.2314
36567,5.1711089,1.3210,9.7536,15,9.2314
36568,5.1712338,1.3210,9.7536,15,9.2314
36569,5.1713588,1.3286,9.7536,15,9.2314
36570,5.1714838,1.3286,9.7459,15,9.2314
36571,5.1716089,1.3210,9.7536,15,9.2314
36572,5.1717338,1.3210,9.7536,15,9.2314
36573,5.1718588,1.3286,9.7536,15,9.2314
36574,5.1719838,1.3286,9.7459,15,9.2390
36575,5.1721089,1.3210,9.7536,15,9.2314
36576,5.1722338,1.3210,9.7536,15,9.2314
36577,5.1723588,1.3286,9.7536,15,9.2314
36578,5.1724838,1.3286,9.7459,15,9.2390
36579,5.1726089,1.3210,9.7536,15,9.2314
36580,5.1727338,1.3210,9.7536,15,9.2314
36581,5.1728588,1.3286,9.7536,15,9.2314
36582,5.1729838,1.3286,9.7459,15,9.2390
36583,5.1731089,1.3210,9.7536,15,9.2314
36584,5.1732338,1.3210,9.7536,15,9.2314
36585,5.1733588,1.3286,9.7536,15,9.2314
36586,5.1734838,1.3286,9.7459,15,9.2390
36587,5.1736089,1.3210,9.7536,15,9.2314
36588,5.1737338,1.3210,9.7536,15,9.2314
36589,5.1738588,1.3286,9.7536,15,9.2314
36590,5.1739838,1.3286,9.7459,15,9.2390
36591,5.1741089,1.3210,9.7536,15,9.2314
36592,5.1742338,1.3210,9.7536,15,9.2314
36593,5.1743588,1.3286,9.7536,15,9.2314
36594,5.1744838,1.3286,9.7459,15,9.2390
36595,5.1746089,1.3210,9.7536,15,9.2314
36596,5.1747338,1.3210,9.7536,15,9.2314
36597,5.1748588,1.3286,9.7536,15,9.2314
36598,5.1749838,1.3286,9.7459,15,9.2390
36599,5.1751089,1.3210,9.7536,15,9.2314
36600,5.1752338,1.3210,9.7536,15,9.2314
36601,5.1753588,1.3286,9.7536,15,9.2314
36602,5.1754838,1.3286,9.7459,15,9.2390
36603,5.1756089,1.3210,9.7536,15,9.2314
36604,5.1757338,1.3210,9.7536,15,9.2314
36605,5.1758588,1.3286,9.7536,15,9.2314
36606,5.1759838,1.3286,9.7459,15,9.2390
36607,5.1761089,1.3210,9.7536,15,9.2314
36608,5.1762338,1.3210,9.7536,15,9.2314
36609,5.1763588,1.3286,9.7536,15,9.2314
36610,5.1764838,1.3286,9.7459,15,9.2390
36611,5.1766089,1.3210,9.7536,15,9.2314
36612,5.1767338,1.3210,9.7536,15,9.2314
36613,5.1768588,1.3286,9.7536,15,9.2314
36614,5.1769839,1.3210,9.7536,15,9.2314
36615,5.1771089,1.3210,9.7536,15,9.2314
36616,5.1772338,1.3210,9.7536,15,9.2314
36617,5.1773588,1.3286,9.7536,15,9.2314
36618,5.1774839,1.3210,9.7536,15,9.2314
36619,5.1776089,1.3210,9.7536,15,9.2314
36620,5.1777338,1.3210,9.7536,15,9.2314
36621,5.1778588,1.3286,9.7536,15,9.2314
36622,5.1779839,1.3210,9.7536,15,9.2314
36623,5.1781089,1.3210,9.7536,15,9.2314
36624,5.1782338,1.3210,9.7536,15,9.2314
36625,5.1783588,1.3286,9.7536,15,9.2314
36626,5.1784839,1.3210,9.7536,15,9.2314
36627,5.1786089,1.3210,9.7536,15,9.2314
36628,5.1787338,1.3210,9.7536,15,9.2314
36629,5.1788588,1.3286,9.7536,15,9.2314
36630,5.1789839,1.3210,9.7536,15,9.2314
36631,5.1791089,1.3210,9.7536,15,9.2314
36632,5.1792338,1.3210,9.7536,15,9.2314
36633,5.1793588,1.3286,9.7536,15,9.2314
36634,5.1794839,1.3210,9.7536,15,9.2314
36635,5.1796089,1.3210,9.7536,15,9.2314
36636,5.1797338,1.3210,9.7536,15,9.2314
36637,5.1798588,1.3286,9.7536,15,9.2314
36638,5.1799839,1.3210,9.7536,15,9.2314
36639,5.1801089,1.3210,9.7536,15,9.2314
36640,5.1802338,1.3210,9.7536,15,9.2314
36641,5.1803588,1.3286,9.7536,15,9.2314
36642,5.1804839,1.3210,9.7536,15,9.2314
36643,5.1806089,1.3210,9.7536,15,9.2314
36644,5.1807338,1.3210,9.7536,15,9.2314
36645,5.1808588,1.3286,9.7536,15,9.2314
36646,5.1809839,1.3210,9.7536,15,9.2314
36647,5.1811089,1.3210,9.7536,15,9.2314
36648,5.1812338,1.3210,9.7536,15,9.2314
36649,5.1813588,1.3286,9.7536,15,9.2314
36650,5.1814839,1.3210,9.7536,15,9.2314
36651,5.1816089,1.3210,9.7536,15,9.2314
36652,5.1817338,1.3210,9.7536,15,9.2314
36653,5.1818588,1.3286,9.7536,15,9.2314
36654,5.1819839,1.3210,9.7536,15,9.2314
36655,5.1821089,1.3210,9.7536,15,9.2314
36656,5.1822338,1.3210,9.7536,15,9.2314
36657,5.1823588,1.3286,9.7536,15,9.2314
36658,5.1824839,1.3210,9.7536,15,9.2314
36659,5.1826089,1.3210,9.7536,15,9.2314
36660,5.1827338,1.3210,9.7536,15,9.2314
36661,5.1828588,1.3286,9.7536,15,9.2314
36662,5.1829839,1.3210,9.7536,15,9.2314
36663,5.1831089,1.3210,9.7536,15,9.2314
36664,5.1832338,1.3210,9.7536,15,9.2314
36665,5.1833588,1.3286,9.7536,15,9.2314
36666,5.1834839,1.3210,9.7536,15,9.2314
36667,5.1836089,1.3210,9.7536,15,9.2314
36668,5.1837338,1.3286,9.7536,15,9.2314
36669,5.1838588,1.3286,9.7536,15,9.2314
36670,5.1839839,1.3210,9.7536,15,9.2314
36671,5.1841089,1.3210,9.7536,15,9.2314
36672,5.1842338,1.3286,9.7536,15,9.2314
36673,5.1843588,1.3286,9.7536,15,9.2314
36674,5.1844839,1.3210,9.7536,15,9.2314
36675,5.1846089,1.3210,9.7536,15,9.2314
36676,5.1847338,1.3286,9.7536,15,9.2314
36677,5.1848590,1.3210,9.7613,15,9.2237
36678,5.1849839,1.3210,9.7536,15,9.2314
36679,5.1851089,1.3210,9.7536,15,9.2314
36680,5.1852338,1.3286,9.7536,15,9.2314
36681,5.1853590,1.3210,9.7613,15,9.2237
36682,5.1854839,1.3210,9.7536,15,9.2314
36683,5.1856089,1.3210,9.7536,15,9.2314
36684,5.1857338,1.3286,9.7536,15,9.2314
36685,5.1858590,1.3210,9.7613,15,9.2237
36686,5.1859839,1.3210,9.7536,15,9.2314
36687,5.1861089,1.3210,9.7536,15,9.2314
36688,5.1862338,1.3286,9.7536,15,9.2314
36689,5.1863590,1.3210,9.7613,15,9.2237
36690,5.1864839,1.3210,9.7536,15,9.2314
36691,5.1866089,1.3210,9.7536,15,9.2314
36692,5.1867338,1.3286,9.7536,15,9.2314
36693,5.1868590,1.3210,9.7536,15,9.2237
36694,5.1869839,1.3210,9.7536,15,9.2314
36695,5.1871089,1.3210,9.7536,15,9.2314
36696,5.1872338,1.3286,9.7536,15,9.2314
36697,5.1873590,1.3210,9.7536,15,9.2237
36698,5.1874839,1.3210,9.7536,15,9.2314
36699,5.1876089,1.3210,9.7536,15,9.2314
36700,5.1877338,1.3286,9.7536,15,9.2314
36701,5.1878590,1.3210,9.7536,15,9.2237
36702,5.1879839,1.3210,9.7536,15,9.2314
36703,5.1881089,1.3210,9.7536,15,9.2314
36704,5.1882338,1.3286,9.7536,15,9.2314
36705,5.1883590,1.3210,9.7536,15,9.2237
36706,5.1884839,1.3210,9.7536,15,9.2314
36707,5.1886089,1.3210,9.7536,15,9.2314
36708,5.1887338,1.3286,9.7536,15,9.2314
36709,5.1888590,1.3210,9.7536,15,9.2314
36710,5.1889839,1.3210,9.7536,15,9.2314
36711,5.1891089,1.3210,9.7536,15,9.2314
36712,5.1892338,1.3286,9.7536,15,9.2314
36713,5.1893590,1.3210,9.7536,15,9.2314
36714,5.1894839,1.3210,9.7536,15,9.2314
36715,5.1896089,1.3210,9.7536,15,9.2314
36716,5.1897338,1.3286,9.7536,15,9.2314
36717,5.1898590,1.3210,9.7536,15,9.2314
36718,5.1899839,1.3210,9.7536,15,9.2314
36719,5.1901089,1.3210,9.7536,15,9.2314
36720,5.1902338,1.3286,9.7536,15,9.2314
36721,5.1903590,1.3210,9.7536,15,9.2314
36722,5.1904839,1.3210,9.7536,15,9.2314
36723,5.1906089,1.3210,9.7536,15,9.2314
36724,5.1907338,1.3286,9.7536,15,9.2314
36725,5.1908590,1.3210,9.7536,15,9.2314
36726,5.1909839,1.3210,9.7536,15,9.2314
36727,5.1911089,1.3210,9.7536,15,9.2314
36728,5.1912338,1.3286,9.7536,15,9.2314
36729,5.1913590,1.3210,9.7536,15,9.2314
36730,5.1914839,1.3210,9.7536,15,9.2314
36731,5.1916089,1.3210,9.7536,15,9.2314
36732,5.1917338,1.3286,9.7536,15,9.2314
36733,5.1918590,1.3210,9.7536,15,9.2314
36734,5.1919839,1.3210,9.7536,15,9.2314
36735,5.1921089,1.3210,9.7536,15,9.2314
36736,5.1922338,1.3286,9.7536,15,9.2314
36737,5.1923590,1.3210,9.7536,15,9.2314
36738,5.1924839,1.3210,9.7536,15,9.2314
36739,5.1926089,1.3210,9.7536,15,9.2314
36740,5.1927340,1.3210,9.7613,15,9.2237
36741,5.1928590,1.3210,9.7536,15,9.2314
36742,5.1929839,1.3210,9.7536,15,9.2314
36743,5.1931089,1.3210,9.7536,15,9.2314
36744,5.1932340,1.3210,9.7613,15,9.2237
36745,5.1933590,1.3210,9.7536,15,9.2314
36746,5.1934839,1.3210,9.7536,15,9.2314
36747,5.1936089,1.3210,9.7536,15,9.2314
36748,5.1937340,1.3210,9.7613,15,9.2237
36749,5.1938590,1.3210,9.7536,15,9.2314
36750,5.1939839,1.3210,9.7536,15,9.2314
36751,5.1941089,1.3210,9.7536,15,9.2314
36752,5.1942340,1.3210,9.7613,15,9.2237
36753,5.1943590,1.3210,9.7536,15,9.2314
36754,5.1944839,1.3210,9.7536,15,9.2314
36755,5.1946089,1.3210,9.7536,15,9.2314
36756,5.1947340,1.3210,9.7613,15,9.2237
36757,5.1948590,1.3210,9.7536,15,9.2314
36758,5.1949839,1.3210,9.7536,15,9.2314
36759,5.1951089,1.3210,9.7536,15,9.2314
36760,5.1952340,1.3210,9.7613,15,9.2237
36761,5.1953590,1.3210,9.7536,15,9.2314
36762,5.1954839,1.3210,9.7536,15,9.2314
36763,5.1956089,1.3210,9.7536,15,9.2314
36764,5.1957340,1.3210,9.7613,15,9.2237
36765,5.1958590,1.3210,9.7536,15,9.2314
36766,5.1959839,1.3210,9.7536,15,9.2314
36767,5.1961089,1.3210,9.7536,15,9.2314
36768,5.1962340,1.3210,9.7613,15,9.2237
36769,5.1963590,1.3210,9.7536,15,9.2314
36770,5.1964839,1.3210,9.7536,15,9.2314
36771,5.1966089,1.3210,9.7536,15,9.2314
36772,5.1967340,1.3210,9.7613,15,9.2237
36773,5.1968590,1.3210,9.7536,15,9.2314
36774,5.1969839,1.3210,9.7536,15,9.2314
36775,5.1971089,1.3210,9.7536,15,9.2314
36776,5.1972340,1.3210,9.7613,15,9.2237
36777,5.1973590,1.3210,9.7536,15,9.2314
36778,5.1974839,1.3210,9.7536,15,9.2314
36779,5.1976089,1.3210,9.7536,15,9.2314
36780,5.1977340,1.3210,9.7613,15,9.2237
36781,5.1978590,1.3210,9.7536,15,9.2314
36782,5.1979839,1.3210,9.7536,15,9.2314
36783,5.1981089,1.3210,9.7536,15,9.2314
36784,5.1982340,1.3210,9.7613,15,9.2237
36785,5.1983590,1.3210,9.7536,15,9.2314
36786,5.1984839,1.3210,9.7536,15,9.2314
36787,5.1986089,1.3210,9.7536,15,9.2314
36788,5.1987340,1.3210,9.7613,15,9.2237
36789,5.1988590,1.3210,9.7536,15,9.2314
36790,5.1989839,1.3210,9.7536,15,9.2314
36791,5.1991089,1.3210,9.7536,15,9.2314
36792,5.1992340,1.3210,9.7613,15,9.2237
36793,5.1993590,1.3210,9.7536,15,9.2314
36794,5.1994839,1.3210,9.7536,15,9.2314
36795,5.1996089,1.3210,9.7536,15,9.2314
36796,5.1997340,1.3210,9.7613,15,9.2237
36797,5.1998590,1.3210,9.7536,15,9.2314
36798,5.1999839,1.3210,9.7536,15,9.2314
36799,5.2001089,1.3286,9.7536,15,9.2314
36800,5.2002340,1.3210,9.7613,15,9.2237
36801,5.2003590,1.3210,9.7536,15,9.2314
36802,5.2004839,1.3210,9.7536,15,9.2314
36803,5.2006090,1.3210,9.7613,15,9.2237
36804,5.2007340,1.3210,9.7613,15,9.2237
36805,5.2008590,1.3210,9.7536,15,9.2314
36806,5.2009839,1.3210,9.7536,15,9.2314
36807,5.2011090,1.3210,9.7613,15,9.2237
36808,5.2012340,1.3210,9.7613,15,9.2237
36809,5.2013590,1.3210,9.7536,15,9.2314
36810,5.2014839,1.3210,9.7536,15,9.2314
36811,5.2016090,1.3210,9.7613,15,9.2237
36812,5.2017340,1.3210,9.7613,15,9.2237
36813,5.2018590,1.3210,9.7536,15,9.2314
36814,5.2019839,1.3210,9.7536,15,9.2314
36815,5.2021090,1.3210,9.7613,15,9.2237
36816,5.2022340,1.3210,9.7613,15,9.2237
36817,5.2023590,1.3210,9.7536,15,9.2314
36818,5.2024839,1.3210,9.7536,15,9.2314
36819,5.2026090,1.3210,9.7613,15,9.2237
36820,5.2027340,1.3210,9.7613,15,9.2237
36821,5.2028590,1.3210,9.7536,15,9.2314
36822,5.2029839,1.3210,9.7536,15,9.2314
36823,5.2031090,1.3210,9.7613,15,9.2237
36824,5.2032340,1.3210,9.7536,15,9.2237
36825,5.2033590,1.3210,9.7536,15,9.2314
36826,5.2034839,1.3210,9.7536,15,9.2314
36827,5.2036090,1.3210,9.7613,15,9.2237
36828,5.2037340,1.3210,9.7536,15,9.2237
36829,5.2038590,1.3210,9.7536,15,9.2314
36830,5.2039839,1.3210,9.7536,15,9.2314
36831,5.2041090,1.3210,9.7613,15,9.2237
36832,5.2042340,1.3210,9.7536,15,9.2237
36833,5.2043590,1.3210,9.7536,15,9.2314
36834,5.2044839,1.3210,9.7536,15,9.2314
36835,5.2046090,1.3210,9.7613,15,9.2237
36836,5.2047340,1.3210,9.7536,15,9.2237
36837,5.2048590,1.3210,9.7536,15,9.2314
36838,5.2049839,1.3210,9.7536,15,9.2314
36839,5.2051090,1.3210,9.7613,15,9.2237
36840,5.2052340,1.3210,9.7536,15,9.2237
36841,5.2053590,1.3210,9.7536,15,9.2314
36842,5.2054839,1.3210,9.7536,15,9.2314
36843,5.2056090,1.3210,9.7613,15,9.2237
36844,5.2057340,1.3210,9.7536,15,9.2314
36845,5.2058590,1.3210,9.7536,15,9.2314
36846,5.2059839,1.3210,9.7536,15,9.2314
36847,5.2061090,1.3210,9.7613,15,9.2237
36848,5.2062340,1.3210,9.7536,15,9.2314
36849,5.2063590,1.3210,9.7536,15,9.2314
36850,5.2064839,1.3210,9.7536,15,9.2314
36851,5.2066090,1.3210,9.7613,15,9.2237
36852,5.2067340,1.3210,9.7536,15,9.2314
36853,5.2068590,1.3210,9.7536,15,9.2314
36854,5.2069839,1.3210,9.7536,15,9.2314
36855,5.2071090,1.3210,9.7613,15,9.2237
36856,5.2072340,1.3210,9.7536,15,9.2314
36857,5.2073590,1.3210,9.7536,15,9.2314
36858,5.2074839,1.3210,9.7536,15,9.2314
36859,5.2076090,1.3210,9.7613,15,9.2237
36860,5.2077340,1.3210,9.7536,15,9.2314
36861,5.2078590,1.3210,9.7536,15,9.2314
36862,5.2079839,1.3210,9.7536,15,9.2314
36863,5.2081090,1.3210,9.7613,15,9.2237
36864,5.2082340,1.3210,9.7536,15,9.2314
36865,5.2083590,1.3210,9.7536,15,9.2314
36866,5.2084841,1.3133,9.7613,15,9.2237
36867,5.2086090,1.3210,9.7613,15,9.2237
36868,5.2087340,1.3210,9.7536,15,9.2314
36869,5.2088590,1.3210,9.7536,15,9.2314
36870,5.2089841,1.3133,9.7613,15,9.2237
36871,5.2091090,1.3210,9.7613,15,9.2237
36872,5.2092340,1.3210,9.7536,15,9.2314
36873,5.2093590,1.3210,9.7536,15,9.2314
36874,5.2094841,1.3133,9.7613,15,9.2237
36875,5.2096090,1.3210,9.7613,15,9.2237
36876,5.2097340,1.3210,9.7536,15,9.2314
36877,5.2098590,1.3210,9.7536,15,9.2314
36878,5.2099841,1.3133,9.7613,15,9.2237
36879,5.2101090,1.3210,9.7613,15,9.2237
36880,5.2102340,1.3210,9.7536,15,9.2314
36881,5.2103590,1.3210,9.7536,15,9.2314
36882,5.2104841,1.3133,9.7613,15,9.2237
36883,5.2106090,1.3210,9.7613,15,9.2237
36884,5.2107340,1.3210,9.7536,15,9.2314
36885,5.2108590,1.3210,9.7536,15,9.2314
36886,5.2109841,1.3133,9.7613,15,9.2237
36887,5.2111090,1.3210,9.7613,15,9.2237
36888,5.2112340,1.3210,9.7536,15,9.2314
36889,5.2113590,1.3210,9.7536,15,9.2314
36890,5.2114841,1.3133,9.7613,15,9.2237
36891,5.2116090,1.3210,9.7613,15,9.2237
36892,5.2117340,1.3210,9.7536,15,9.2314
36893,5.2118590,1.3210,9.7536,15,9.2314
36894,5.2119841,1.3133,9.7613,15,9.2237
36895,5.2121090,1.3210,9.7613,15,9.2237
36896,5.2122340,1.3210,9.7536,15,9.2314
36897,5.2123590,1.3210,9.7536,15,9.2314
36898,5.2124841,1.3133,9.7613,15,9.2237
36899,5.2126090,1.3210,9.7613,15,9.2237
36900,5.2127340,1.3210,9.7536,15,9.2314
36901,5.2128590,1.3210,9.7536,15,9.2314
36902,5.2129841,1.3133,9.7613,15,9.2237
36903,5.2131090,1.3210,9.7613,15,9.2237
36904,5.2132340,1.3210,9.7536,15,9.2314
36905,5.2133590,1.3210,9.7536,15,9.2314
36906,5.2134841,1.3133,9.7613,15,9.2237
36907,5.2136090,1.3210,9.7613,15,9.2237
36908,5.2137340,1.3210,9.7536,15,9.2314
36909,5.2138590,1.3210,9.7536,15,9.2314
36910,5.2139841,1.3133,9.7613,15,9.2237
36911,5.2141090,1.3210,9.7613,15,9.2237
36912,5.2142340,1.3210,9.7536,15,9.2314
36913,5.2143590,1.3210,9.7536,15,9.2314
36914,5.2144841,1.3133,9.7613,15,9.2237
36915,5.2146090,1.3210,9.7613,15,9.2237
36916,5.2147340,1.3210,9.7536,15,9.2314
36917,5.2148590,1.3210,9.7536,15,9.2314
36918,5.2149841,1.3133,9.7613,15,9.2237
36919,5.2151090,1.3210,9.7613,15,9.2237
36920,5.2152340,1.3210,9.7536,15,9.2314
36921,5.2153590,1.3210,9.7536,15,9.2314
36922,5.2154841,1.3133,9.7613,15,9.2237
36923,5.2156090,1.3210,9.7613,15,9.2237
36924,5.2157340,1.3210,9.7536,15,9.2314
36925,5.2158590,1.3210,9.7536,15,9.2314
36926,5.2159841,1.3133,9.7613,15,9.2237
36927,5.2161090,1.3210,9.7613,15,9.2237
36928,5.2162340,1.3210,9.7536,15,9.2314
36929,5.2163591,1.3133,9.7613,15,9.2237
36930,5.2164841,1.3210,9.7613,15,9.2237
36931,5.2166090,1.3210,9.7613,15,9.2237
36932,5.2167340,1.3210,9.7536,15,9.2314
36933,5.2168591,1.3133,9.7613,15,9.2237
36934,5.2169841,1.3210,9.7613,15,9.2237
36935,5.2171090,1.3210,9.7613,15,9.2237
36936,5.2172340,1.3210,9.7536,15,9.2314
36937,5.2173591,1.3133,9.7613,15,9.2237
36938,5.2174841,1.3210,9.7613,15,9.2237
36939,5.2176090,1.3210,9.7613,15,9.2237
36940,5.2177340,1.3210,9.7536,15,9.2314
36941,5.2178591,1.3133,9.7613,15,9.2237
36942,5.2179841,1.3210,9.7613,15,9.2237
36943,5.2181090,1.3210,9.7613,15,9.2237
36944,5.2182340,1.3210,9.7536,15,9.2314
36945,5.2183591,1.3133,9.7613,15,9.2237
36946,5.2184841,1.3210,9.7613,15,9.2237
36947,5.2186090,1.3210,9.7613,15,9.2237
36948,5.2187340,1.3210,9.7536,15,9.2314
36949,5.2188591,1.3133,9.7613,15,9.2237
36950,5.2189841,1.3210,9.7613,15,9.2237
36951,5.2191090,1.3210,9.7536,15,9.2237
36952,5.2192340,1.3210,9.7536,15,9.2314
36953,5.2193591,1.3133,9.7613,15,9.2237
36954,5.2194841,1.3210,9.7613,15,9.2237
36955,5.2196090,1.3210,9.7536,15,9.2237
36956,5.2197340,1.3210,9.7536,15,9.2314
36957,5.2198591,1.3133,9.7613,15,9.2237
36958,5.2199841,1.3210,9.7613,15,9.2237
36959,5.2201090,1.3210,9.7536,15,9.2237
36960,5.2202340,1.3210,9.7536,15,9.2314
36961,5.2203591,1.3133,9.7613,15,9.2237
36962,5.2204841,1.3210,9.7613,15,9.2237
36963,5.2206090,1.3210,9.7536,15,9.2237
36964,5.2207340,1.3210,9.7536,15,9.2314
36965,5.2208591,1.3133,9.7613,15,9.2237
36966,5.2209841,1.3210,9.7613,15,9.2237
36967,5.2211090,1.3210,9.7536,15,9.2237
36968,5.2212340,1.3210,9.7536,15,9.2314
36969,5.2213591,1.3133,9.7613,15,9.2237
36970,5.2214841,1.3210,9.7613,15,9.2237
36971,5.2216090,1.3210,9.7536,15,9.2314
36972,5.2217340,1.3210,9.7536,15,9.2314
36973,5.2218591,1.3133,9.7613,15,9.2237
36974,5.2219841,1.3210,9.7613,15,9.2237
36975,5.2221090,1.3210,9.7536,15,9.2314
36976,5.2222340,1.3210,9.7536,15,9.2314
36977,5.2223591,1.3133,9.7613,15,9.2237
36978,5.2224841,1.3210,9.7613,15,9.2237
36979,5.2226090,1.3210,9.7536,15,9.2314
36980,5.2227340,1.3210,9.7536,15,9.2314
36981,5.2228591,1.3133,9.7613,15,9.2237
36982,5.2229841,1.3210,9.7613,15,9.2237
36983,5.2231090,1.3210,9.7536,15,9.2314
36984,5.2232340,1.3210,9.7536,15,9.2314
36985,5.2233591,1.3133,9.7613,15,9.2237
36986,5.2234841,1.3210,9.7613,15,9.2237
36987,5.2236090,1.3210,9.7536,15,9.2314
36988,5.2237340,1.3210,9.7536,15,9.2314
36989,5.2238591,1.3133,9.7613,15,9.2237
36990,5.2239841,1.3210,9.7613,15,9.2237
36991,5.2241090,1.3210,9.7536,15,9.2314
36992,5.2242342,1.3133,9.7613,15,9.2237
36993,5.2243591,1.3133,9.7613,15,9.2237
36994,5.2244841,1.3210,9.7613,15,9.2237
36995,5.2246090,1.3210,9.7536,15,9.2314
36996,5.2247342,1.3133,9.7613,15,9.2237
36997,5.2248591,1.3133,9.7613,15,9.2237
36998,5.2249841,1.3210,9.7613,15,9.2237
36999,5.2251090,1.3210,9.7536,15,9.2314
37000,5.2252342,1.3133,9.7613,15,9.2237
37001,5.2253591,1.3133,9.7613,15,9.2237
37002,5.2254841,1.3210,9.7613,15,9.2237
37003,5.2256090,1.3210,9.7536,15,9.2314
37004,5.2257342,1.3133,9.7613,15,9.2237
37005,5.2258591,1.3133,9.7613,15,9.2237
37006,5.2259841,1.3210,9.7613,15,9.2237
37007,5.2261090,1.3210,9.7536,15,9.2314
37008,5.2262342,1.3133,9.7613,15,9.2237
37009,5.2263591,1.3133,9.7613,15,9.2237
37010,5.2264841,1.3210,9.7613,15,9.2237
37011,5.2266090,1.3210,9.7536,15,9.2314
37012,5.2267342,1.3133,9.7613,15,9.2237
37013,5.2268591,1.3133,9.7613,15,9.2237
37014,5.2269841,1.3210,9.7613,15,9.2237
37015,5.2271090,1.3210,9.7536,15,9.2314
37016,5.2272342,1.3133,9.7613,15,9.2237
37017,5.2273591,1.3133,9.7613,15,9.2237
37018,5.2274841,1.3210,9.7613,15,9.2237
37019,5.2276090,1.3210,9.7536,15,9.2314
37020,5.2277342,1.3133,9.7613,15,9.2237
37021,5.2278591,1.3133,9.7613,15,9.2237
37022,5.2279841,1.3210,9.7613,15,9.2237
37023,5.2281090,1.3210,9.7536,15,9.2314
37024,5.2282342,1.3133,9.7613,15,9.2237
37025,5.2283591,1.3133,9.7613,15,9.2237
37026,5.2284841,1.3210,9.7613,15,9.2237
37027,5.2286090,1.3210,9.7536,15,9.2314
37028,5.2287342,1.3133,9.7613,15,9.2237
37029,5.2288591,1.3133,9.7613,15,9.2237
37030,5.2289841,1.3210,9.7613,15,9.2237
37031,5.2291090,1.3210,9.7536,15,9.2314
37032,5.2292342,1.3133,9.7613,15,9.2237
37033,5.2293591,1.3133,9.7613,15,9.2237
37034,5.2294841,1.3210,9.7613,15,9.2237
37035,5.2296090,1.3210,9.7536,15,9.2314
37036,5.2297342,1.3133,9.7613,15,9.2237
37037,5.2298591,1.3133,9.7613,15,9.2237
37038,5.2299841,1.3210,9.7613,15,9.2237
37039,5.2301090,1.3210,9.7536,15,9.2314
37040,5.2302342,1.3133,9.7613,15,9.2237
37041,5.2303591,1.3133,9.7613,15,9.2237
37042,5.2304841,1.3210,9.7613,15,9.2237
37043,5.2306090,1.3210,9.7536,15,9.2314
37044,5.2307342,1.3133,9.7613,15,9.2237
37045,5.2308591,1.3133,9.7613,15,9.2237
37046,5.2309841,1.3210,9.7613,15,9.2237
37047,5.2311090,1.3210,9.7536,15,9.2314
37048,5.2312342,1.3133,9.7613,15,9.2237
37049,5.2313591,1.3133,9.7613,15,9.2237
37050,5.2314841,1.3210,9.7613,15,9.2237
37051,5.2316092,1.3133,9.7613,15,9.2237
37052,5.2317342,1.3133,9.7613,15,9.2237
37053,5.2318591,1.3210,9.7613,15,9.2237
37054,5.2319841,1.3210,9.7613,15,9.2237
37055,5.2321092,1.3133,9.7613,15,9.2237
37056,5.2322342,1.3133,9.7613,15,9.2237
37057,5.2323591,1.3210,9.7613,15,9.2237
37058,5.2324841,1.3210,9.7613,15,9.2237
37059,5.2326092,1.3133,9.7613,15,9.2237
37060,5.2327342,1.3133,9.7613,15,9.2237
37061,5.2328591,1.3210,9.7613,15,9.2237
37062,5.2329841,1.3210,9.7613,15,9.2237
37063,5.2331092,1.3133,9.7613,15,9.2237
37064,5.2332342,1.3133,9.7613,15,9.2237
37065,5.2333591,1.3210,9.7613,15,9.2237
37066,5.2334841,1.3210,9.7613,15,9.2237
37067,5.2336092,1.3133,9.7613,15,9.2237
37068,5.2337342,1.3133,9.7613,15,9.2237
37069,5.2338591,1.3210,9.7613,15,9.2237
37070,5.2339841,1.3210,9.7613,15,9.2237
37071,5.2341092,1.3133,9.7613,15,9.2237
37072,5.2342342,1.3133,9.7613,15,9.2237
37073,5.2343591,1.3210,9.7613,15,9.2237
37074,5.2344841,1.3210,9.7536,15,9.2237
37075,5.2346092,1.3133,9.7613,15,9.2237
37076,5.2347342,1.3133,9.7613,15,9.2237
37077,5.2348591,1.3210,9.7613,15,9.2237
37078,5.2349841,1.3210,9.7536,15,9.2237
37079,5.2351092,1.3133,9.7613,15,9.2237
37080,5.2352342,1.3133,9.7613,15,9.2237
37081,5.2353591,1.3210,9.7613,15,9.2237
37082,5.2354841,1.3210,9.7536,15,9.2237
37083,5.2356092,1.3133,9.7613,15,9.2237
37084,5.2357342,1.3133,9.7613,15,9.2237
37085,5.2358591,1.3210,9.7613,15,9.2237
37086,5.2359841,1.3210,9.7536,15,9.2237
37087,5.2361092,1.3133,9.7613,15,9.2237
37088,5.2362342,1.3133,9.7613,15,9.2237
37089,5.2363591,1.3210,9.7613,15,9.2237
37090,5.2364841,1.3210,9.7536,15,9.2237
37091,5.2366092,1.3133,9.7613,15,9.2237
37092,5.2367342,1.3133,9.7613,15,9.2237
37093,5.2368591,1.3210,9.7613,15,9.2237
37094,5.2369841,1.3210,9.7536,15,9.2314
37095,5.2371092,1.3133,9.7613,15,9.2237
37096,5.2372342,1.3133,9.7613,15,9.2237
37097,5.2373591,1.3210,9.7613,15,9.2237
37098,5.2374841,1.3210,9.7536,15,9.2314
37099,5.2376092,1.3133,9.7613,15,9.2237
37100,5.2377342,1.3133,9.7613,15,9.2237
37101,5.2378591,1.3210,9.7613,15,9.2237
37102,5.2379841,1.3210,9.7536,15,9.2314
37103,5.2381092,1.3133,9.7613,15,9.2237
37104,5.2382342,1.3133,9.7613,15,9.2237
37105,5.2383591,1.3210,9.7613,15,9.2237
37106,5.2384841,1.3210,9.7536,15,9.2314
37107,5.2386092,1.3133,9.7613,15,9.2237
37108,5.2387342,1.3133,9.7613,15,9.2237
37109,5.2388591,1.3210,9.7613,15,9.2237
37110,5.2389841,1.3210,9.7536,15,9.2314
37111,5.2391092,1.3133,9.7613,15,9.2237
37112,5.2392342,1.3133,9.7613,15,9.2237
37113,5.2393591,1.3210,9.7613,15,9.2237
37114,5.2394842,1.3133,9.7613,15,9.2237
37115,5.2396092,1.3133,9.7613,15,9.2237
37116,5.2397342,1.3133,9.7613,15,9.2237
37117,5.2398591,1.3210,9.7613,15,9.2237
37118,5.2399842,1.3133,9.7613,15,9.2237
37119,5.2401092,1.3133,9.7613,15,9.2237
37120,5.2402342,1.3133,9.7613,15,9.2237
37121,5.2403591,1.3210,9.7613,15,9.2237
37122,5.2404842,1.3133,9.7613,15,9.2237
37123,5.2406092,1.3133,9.7613,15,9.2237
37124,5.2407342,1.3133,9.7613,15,9.2237
37125,5.2408591,1.3210,9.7613,15,9.2237
37126,5.2409842,1.3133,9.7613,15,9.2237
37127,5.2411092,1.3133,9.7613,15,9.2237
37128,5.2412342,1.3133,9.7613,15,9.2237
37129,5.2413591,1.3210,9.7613,15,9.2237
37130,5.2414842,1.3133,9.7613,15,9.2237
37131,5.2416092,1.3133,9.7613,15,9.2237
37132,5.2417342,1.3133,9.7613,15,9.2237
37133,5.2418591,1.3210,9.7613,15,9.2237
37134,5.2419842,1.3133,9.7613,15,9.2237
37135,5.2421092,1.3133,9.7613,15,9.2237
37136,5.2422342,1.3133,9.7613,15,9.2237
37137,5.2423591,1.3210,9.7613,15,9.2237
37138,5.2424842,1.3133,9.7613,15,9.2237
37139,5.2426092,1.3133,9.7613,15,9.2237
37140,5.2427342,1.3133,9.7613,15,9.2237
37141,5.2428591,1.3210,9.7613,15,9.2237
37142,5.2429842,1.3133,9.7613,15,9.2237
37143,5.2431092,1.3133,9.7613,15,9.2237
37144,5.2432342,1.3133,9.7613,15,9.2237
37145,5.2433591,1.3210,9.7613,15,9.2237
37146,5.2434842,1.3133,9.7613,15,9.2237
37147,5.2436092,1.3133,9.7613,15,9.2237
37148,5.2437342,1.3133,9.7613,15,9.2237
37149,5.2438591,1.3210,9.7613,15,9.2237
37150,5.2439842,1.3133,9.7613,15,9.2237
37151,5.2441092,1.3133,9.7613,15,9.2237
37152,5.2442342,1.3133,9.7613,15,9.2237
37153,5.2443591,1.3210,9.7613,15,9.2237
37154,5.2444842,1.3133,9.7613,15,9.2237
37155,5.2446092,1.3133,9.7613,15,9.2237
37156,5.2447342,1.3133,9.7613,15,9.2237
37157,5.2448591,1.3210,9.7613,15,9.2237
37158,5.2449842,1.3133,9.7613,15,9.2237
37159,5.2451092,1.3133,9.7613,15,9.2237
37160,5.2452342,1.3133,9.7613,15,9.2237
37161,5.2453591,1.3210,9.7613,15,9.2237
37162,5.2454842,1.3133,9.7613,15,9.2237
37163,5.2456092,1.3133,9.7613,15,9.2237
37164,5.2457342,1.3133,9.7613,15,9.2237
37165,5.2458591,1.3210,9.7613,15,9.2237
37166,5.2459842,1.3133,9.7613,15,9.2237
37167,5.2461092,1.3133,9.7613,15,9.2237
37168,5.2462342,1.3133,9.7613,15,9.2237
37169,5.2463591,1.3210,9.7613,15,9.2237
37170,5.2464842,1.3133,9.7613,15,9.2237
37171,5.2466092,1.3133,9.7613,15,9.2237
37172,5.2467342,1.3210,9.7613,15,9.2237
37173,5.2468591,1.3210,9.7613,15,9.2237
37174,5.2469842,1.3133,9.7613,15,9.2237
37175,5.2471092,1.3133,9.7613,15,9.2237
37176,5.2472342,1.3210,9.7613,15,9.2237
37177,5.2473593,1.3133,9.7690,15,9.2160
37178,5.2474842,1.3133,9.7613,15,9.2237
37179,5.2476092,1.3133,9.7613,15,9.2237
37180,5.2477342,1.3210,9.7613,15,9.2237
37181,5.2478593,1.3133,9.7690,15,9.2160
37182,5.2479842,1.3133,9.7613,15,9.2237
37183,5.2481092,1.3133,9.7613,15,9.2237
37184,5.2482342,1.3210,9.7613,15,9.2237
37185,5.2483593,1.3133,9.7690,15,9.2160
37186,5.2484842,1.3133,9.7613,15,9.2237
37187,5.2486092,1.3133,9.7613,15,9.2237
37188,5.2487342,1.3210,9.7613,15,9.2237
37189,5.2488593,1.3133,9.7690,15,9.2160
37190,5.2489842,1.3133,9.7613,15,9.2237
37191,5.2491092,1.3133,9.7613,15,9.2237
37192,5.2492342,1.3210,9.7613,15,9.2237
37193,5.2493593,1.3133,9.7613,15,9.2160
37194,5.2494842,1.3133,9.7613,15,9.2237
37195,5.2496092,1.3133,9.7613,15,9.2237
37196,5.2497342,1.3210,9.7613,15,9.2237
37197,5.2498593,1.3133,9.7613,15,9.2160
37198,5.2499842,1.3133,9.7613,15,9.2237
37199,5.2501092,1.3133,9.7613,15,9.2237
37200,5.2502342,1.3210,9.7613,15,9.2237
37201,5.2503593,1.3133,9.7613,15,9.2160
37202,5.2504842,1.3133,9.7613,15,9.2237
37203,5.2506092,1.3133,9.7613,15,9.2237
37204,5.2507342,1.3210,9.7613,15,9.2237
37205,5.2508593,1.3133,9.7613,15,9.2160
37206,5.2509842,1.3133,9.7613,15,9.2237
37207,5.2511092,1.3133,9.7613,15,9.2237
37208,5.2512342,1.3210,9.7613,15,9.2237
37209,5.2513593,1.3133,9.7613,15,9.2237
37210,5.2514842,1.3133,9.7613,15,9.2237
37211,5.2516092,1.3133,9.7613,15,9.2237
37212,5.2517342,1.3210,9.7613,15,9.2237
37213,5.2518593,1.3133,9.7613,15,9.2237
37214,5.2519842,1.3133,9.7613,15,9.2237
37215,5.2521092,1.3133,9.7613,15,9.2237
37216,5.2522342,1.3210,9.7613,15,9.2237
37217,5.2523593,1.3133,9.7613,15,9.2237
37218,5.2524842,1.3133,9.7613,15,9.2237
37219,5.2526092,1.3133,9.7613,15,9.2237
37220,5.2527342,1.3210,9.7613,15,9.2237
37221,5.2528593,1.3133,9.7613,15,9.2237
37222,5.2529842,1.3133,9.7613,15,9.2237
37223,5.2531092,1.3133,9.7613,15,9.2237
37224,5.2532342,1.3210,9.7613,15,9.2237
37225,5.2533593,1.3133,9.7613,15,9.2237
37226,5.2534842,1.3133,9.7613,15,9.2237
37227,5.2536092,1.3133,9.7613,15,9.2237
37228,5.2537342,1.3210,9.7613,15,9.2237
37229,5.2538593,1.3133,9.7613,15,9.2237
37230,5.2539842,1.3133,9.7613,15,9.2237
37231,5.2541092,1.3133,9.7613,15,9.2237
37232,5.2542342,1.3210,9.7613,15,9.2237
37233,5.2543593,1.3133,9.7613,15,9.2237
37234,5.2544842,1.3133,9.7613,15,9.2237
37235,5.2546092,1.3133,9.7613,15,9.2237
37236,5.2547342,1.3210,9.7613,15,9.2237
37237,5.2548593,1.3133,9.7613,15,9.2237
37238,5.2549842,1.3133,9.7613,15,9.2237
37239,5.2551092,1.3133,9.7613,15,9.2237
37240,5.2552343,1.3133,9.7690,15,9.2160
37241,5.2553593,1.3133,9.7613,15,9.2237
37242,5.2554842,1.3133,9.7613,15,9.2237
37243,5.2556092,1.3133,9.7613,15,9.2237
37244,5.2557343,1.3133,9.7690,15,9.2160
37245,5.2558593,1.3133,9.7613,15,9.2237
37246,5.2559842,1.3133,9.7613,15,9.2237
37247,5.2561092,1.3133,9.7613,15,9.2237
37248,5.2562343,1.3133,9.7690,15,9.2160
37249,5.2563593,1.3133,9.7613,15,9.2237
37250,5.2564842,1.3133,9.7613,15,9.2237
37251,5.2566092,1.3133,9.7613,15,9.2237
37252,5.2567343,1.3133,9.7690,15,9.2160
37253,5.2568593,1.3133,9.7613,15,9.2237
37254,5.2569842,1.3133,9.7613,15,9.2237
37255,5.2571092,1.3133,9.7613,15,9.2237
37256,5.2572343,1.3133,9.7690,15,9.2160
37257,5.2573593,1.3133,9.7613,15,9.2237
37258,5.2574842,1.3133,9.7613,15,9.2237
37259,5.2576092,1.3133,9.7613,15,9.2237
37260,5.2577343,1.3133,9.7690,15,9.2160
37261,5.2578593,1.3133,9.7613,15,9.2237
37262,5.2579842,1.3133,9.7613,15,9.2237
37263,5.2581092,1.3133,9.7613,15,9.2237
37264,5.2582343,1.3133,9.7690,15,9.2160
37265,5.2583593,1.3133,9.7613,15,9.2237
37266,5.2584842,1.3133,9.7613,15,9.2237
37267,5.2586092,1.3133,9.7613,15,9.2237
37268,5.2587343,1.3133,9.7690,15,9.2160
37269,5.2588593,1.3133,9.7613,15,9.2237
37270,5.2589842,1.3133,9.7613,15,9.2237
37271,5.2591092,1.3133,9.7613,15,9.2237
37272,5.2592343,1.3133,9.7690,15,9.2160
37273,5.2593593,1.3133,9.7613,15,9.2237
37274,5.2594842,1.3133,9.7613,15,9.2237
37275,5.2596092,1.3133,9.7613,15,9.2237
37276,5.2597343,1.3133,9.7690,15,9.2160
37277,5.2598593,1.3133,9.7613,15,9.2237
37278,5.2599842,1.3133,9.7613,15,9.2237
37279,5.2601092,1.3133,9.7613,15,9.2237
37280,5.2602343,1.3133,9.7690,15,9.2160
37281,5.2603593,1.3133,9.7613,15,9.2237
37282,5.2604842,1.3133,9.7613,15,9.2237
37283,5.2606092,1.3133,9.7613,15,9.2237
37284,5.2607343,1.3133,9.7690,15,9.2160
37285,5.2608593,1.3133,9.7613,15,9.2237
37286,5.2609842,1.3133,9.7613,15,9.2237
37287,5.2611092,1.3210,9.7613,15,9.2237
37288,5.2612343,1.3133,9.7690,15,9.2160
37289,5.2613593,1.3133,9.7613,15,9.2237
37290,5.2614842,1.3133,9.7613,15,9.2237
37291,5.2616092,1.3210,9.7613,15,9.2237
37292,5.2617343,1.3133,9.7690,15,9.2160
37293,5.2618593,1.3133,9.7613,15,9.2237
37294,5.2619842,1.3133,9.7613,15,9.2237
37295,5.2621092,1.3210,9.7613,15,9.2237
37296,5.2622343,1.3133,9.7690,15,9.2160
37297,5.2623593,1.3133,9.7613,15,9.2237
37298,5.2624842,1.3133,9.7613,15,9.2237
37299,5.2626092,1.3210,9.7613,15,9.2237
37300,5.2627343,1.3133,9.7690,15,9.2160
37301,5.2628593,1.3133,9.7613,15,9.2237
37302,5.2629842,1.3133,9.7613,15,9.2237
37303,5.2631094,1.3133,9.7690,15,9.2160
37304,5.2632343,1.3133,9.7690,15,9.2160
37305,5.2633593,1.3133,9.7613,15,9.2237
37306,5.2634842,1.3133,9.7613,15,9.2237
37307,5.2636094,1.3133,9.7690,15,9.2160
37308,5.2637343,1.3133,9.7613,15,9.2160
37309,5.2638593,1.3133,9.7613,15,9.2237
37310,5.2639842,1.3133,9.7613,15,9.2237
37311,5.2641094,1.3133,9.7690,15,9.2160
37312,5.2642343,1.3133,9.7613,15,9.2160
37313,5.2643593,1.3133,9.7613,15,9.2237
37314,5.2644842,1.3133,9.7613,15,9.2237
37315,5.2646094,1.3133,9.7690,15,9.2160
37316,5.2647343,1.3133,9.7613,15,9.2160
37317,5.2648593,1.3133,9.7613,15,9.2237
37318,5.2649842,1.3133,9.7613,15,9.2237
37319,5.2651094,1.3133,9.7690,15,9.2160
37320,5.2652343,1.3133,9.7613,15,9.2160
37321,5.2653593,1.3133,9.7613,15,9.2237
37322,5.2654842,1.3133,9.7613,15,9.2237
37323,5.2656094,1.3133,9.7690,15,9.2160
37324,5.2657343,1.3133,9.7613,15,9.2237
37325,5.2658593,1.3133,9.7613,15,9.2237
37326,5.2659842,1.3133,9.7613,15,9.2237
37327,5.2661094,1.3133,9.7690,15,9.2160
37328,5.2662343,1.3133,9.7613,15,9.2237
37329,5.2663593,1.3133,9.7613,15,9.2237
37330,5.2664842,1.3133,9.7613,15,9.2237
37331,5.2666094,1.3133,9.7690,15,9.2160
37332,5.2667343,1.3133,9.7613,15,9.2237
37333,5.2668593,1.3133,9.7613,15,9.2237
37334,5.2669842,1.3133,9.7613,15,9.2237
37335,5.2671094,1.3133,9.7690,15,9.2160
37336,5.2672343,1.3133,9.7613,15,9.2237
37337,5.2673593,1.3133,9.7613,15,9.2237
37338,5.2674842,1.3133,9.7613,15,9.2237
37339,5.2676094,1.3133,9.7690,15,9.2160
37340,5.2677343,1.3133,9.7613,15,9.2237
37341,5.2678593,1.3133,9.7613,15,9.2237
37342,5.2679842,1.3133,9.7613,15,9.2237
37343,5.2681094,1.3133,9.7690,15,9.2160
37344,5.2682343,1.3133,9.7613,15,9.2237
37345,5.2683593,1.3133,9.7613,15,9.2237
37346,5.2684842,1.3133,9.7613,15,9.2237
37347,5.2686094,1.3133,9.7690,15,9.2160
37348,5.2687343,1.3133,9.7613,15,9.2237
37349,5.2688593,1.3133,9.7613,15,9.2237
37350,5.2689842,1.3133,9.7613,15,9.2237
37351,5.2691094,1.3133,9.7690,15,9.2160
37352,5.2692343,1.3133,9.7613,15,9.2237
37353,5.2693593,1.3133,9.7613,15,9.2237
37354,5.2694842,1.3133,9.7613,15,9.2237
37355,5.2696094,1.3133,9.7690,15,9.2160
37356,5.2697343,1.3133,9.7613,15,9.2237
37357,5.2698593,1.3133,9.7613,15,9.2237
37358,5.2699842,1.3133,9.7613,15,9.2237
37359,5.2701094,1.3133,9.7690,15,9.2160
37360,5.2702343,1.3133,9.7613,15,9.2237
37361,5.2703593,1.3133,9.7613,15,9.2237
37362,5.2704842,1.3133,9.7613,15,9.2237
37363,5.2706094,1.3133,9.7690,15,9.2160
37364,5.2707343,1.3133,9.7613,15,9.2237
37365,5.2708593,1.3133,9.7613,15,9.2237
37366,5.2709844,1.3056,9.7690,15,9.2160
37367,5.2711094,1.3133,9.7690,15,9.2160
37368,5.2712343,1.3133,9.7613,15,9.2237
37369,5.2713593,1.3133,9.7613,15,9.2237
37370,5.2714844,1.3056,9.7690,15,9.2160
37371,5.2716094,1.3133,9.7690,15,9.2160
37372,5.2717343,1.3133,9.7613,15,9.2237
37373,5.2718593,1.3133,9.7613,15,9.2237
37374,5.2719844,1.3056,9.7690,15,9.2160
37375,5.2721094,1.3133,9.7690,15,9.2160
37376,5.2722343,1.3133,9.7613,15,9.2237
37377,5.2723593,1.3133,9.7613,15,9.2237
37378,5.2724844,1.3056,9.7690,15,9.2160
37379,5.2726094,1.3133,9.7690,15,9.2160
37380,5.2727343,1.3133,9.7613,15,9.2237
37381,5.2728593,1.3133,9.7613,15,9.2237
37382,5.2729844,1.3056,9.7690,15,9.2160
37383,5.2731094,1.3133,9.7690,15,9.2160
37384,5.2732343,1.3133,9.7613,15,9.2237
37385,5.2733593,1.3133,9.7613,15,9.2237
37386,5.2734844,1.3056,9.7690,15,9.2160
37387,5.2736094,1.3133,9.7690,15,9.2160
37388,5.2737343,1.3133,9.7613,15,9.2237
37389,5.2738593,1.3133,9.7613,15,9.2237
37390,5.2739844,1.3056,9.7690,15,9.2160
37391,5.2741094,1.3133,9.7690,15,9.2160
37392,5.2742343,1.3133,9.7613,15,9.2237
37393,5.2743593,1.3133,9.7613,15,9.2237
37394,5.2744844,1.3056,9.7690,15,9.2160
37395,5.2746094,1.3133,9.7690,15,9.2160
37396,5.2747343,1.3133,9.7613,15,9.2237
37397,5.2748593,1.3133,9.7613,15,9.2237
37398,5.2749844,1.3133,9.7690,15,9.2160
37399,5.2751094,1.3133,9.7690,15,9.2160
37400,5.2752343,1.3133,9.7613,15,9.2237
37401,5.2753593,1.3133,9.7613,15,9.2237
37402,5.2754844,1.3133,9.7690,15,9.2160
37403,5.2756094,1.3133,9.7690,15,9.2160
37404,5.2757343,1.3133,9.7613,15,9.2237
37405,5.2758593,1.3133,9.7613,15,9.2237
37406,5.2759844,1.3133,9.7690,15,9.2160
37407,5.2761094,1.3133,9.7690,15,9.2160
37408,5.2762343,1.3133,9.7613,15,9.2237
37409,5.2763593,1.3133,9.7613,15,9.2237
37410,5.2764844,1.3133,9.7690,15,9.2160
37411,5.2766094,1.3133,9.7690,15,9.2160
37412,5.2767343,1.3133,9.7613,15,9.2237
37413,5.2768593,1.3133,9.7613,15,9.2237
37414,5.2769844,1.3133,9.7690,15,9.2160
37415,5.2771094,1.3133,9.7690,15,9.2160
37416,5.2772343,1.3133,9.7613,15,9.2237
37417,5.2773593,1.3133,9.7613,15,9.2237
37418,5.2774844,1.3133,9.7690,15,9.2160
37419,5.2776094,1.3133,9.7613,15,9.2160
37420,5.2777343,1.3133,9.7613,15,9.2237
37421,5.2778593,1.3133,9.7613,15,9.2237
37422,5.2779844,1.3133,9.7690,15,9.2160
37423,5.2781094,1.3133,9.7613,15,9.2160
37424,5.2782343,1.3133,9.7613,15,9.2237
37425,5.2783593,1.3133,9.7613,15,9.2237
37426,5.2784844,1.3133,9.7690,15,9.2160
37427,5.2786094,1.3133,9.7613,15,9.2160
37428,5.2787343,1.3133,9.7613,15,9.2237
37429,5.2788594,1.3056,9.7690,15,9.2160
37430,5.2789844,1.3133,9.7690,15,9.2160
37431,5.2791094,1.3133,9.7613,15,9.2160
37432,5.2792343,1.3133,9.7613,15,9.2237
37433,5.2793594,1.3056,9.7690,15,9.2160
37434,5.2794844,1.3133,9.7690,15,9.2160
37435,5.2796094,1.3133,9.7613,15,9.2237
37436,5.2797343,1.3133,9.7613,15,9.2237
37437,5.2798594,1.3056,9.7690,15,9.2160
37438,5.2799844,1.3133,9.7690,15,9.2160
37439,5.2801094,1.3133,9.7613,15,9.2237
37440,5.2802343,1.3133,9.7613,15,9.2237
37441,5.2803594,1.3056,9.7690,15,9.2160
37442,5.2804844,1.3133,9.7690,15,9.2160
37443,5.2806094,1.3133,9.7613,15,9.2237
37444,5.2807343,1.3133,9.7613,15,9.2237
37445,5.2808594,1.3056,9.7690,15,9.2160
37446,5.2809844,1.3133,9.7690,15,9.2160
37447,5.2811094,1.3133,9.7613,15,9.2237
37448,5.2812343,1.3133,9.7613,15,9.2237
37449,5.2813594,1.3056,9.7690,15,9.2160
37450,5.2814844,1.3133,9.7690,15,9.2160
37451,5.2816094,1.3133,9.7613,15,9.2237
37452,5.2817343,1.3133,9.7613,15,9.2237
37453,5.2818594,1.3056,9.7690,15,9.2160
37454,5.2819844,1.3133,9.7690,15,9.2160
37455,5.2821094,1.3133,9.7613,15,9.2237
37456,5.2822343,1.3133,9.7613,15,9.2237
37457,5.2823594,1.3056,9.7690,15,9.2160
37458,5.2824844,1.3133,9.7690,15,9.2160
37459,5.2826094,1.3133,9.7613,15,9.2237
37460,5.2827343,1.3133,9.7613,15,9.2237
37461,5.2828594,1.3056,9.7690,15,9.2160
37462,5.2829844,1.3133,9.7690,15,9.2160
37463,5.2831094,1.3133,9.7613,15,9.2237
37464,5.2832343,1.3133,9.7613,15,9.2237
37465,5.2833594,1.3056,9.7690,15,9.2160
37466,5.2834844,1.3133,9.7690,15,9.2160
37467,5.2836094,1.3133,9.7613,15,9.2237
37468,5.2837343,1.3133,9.7613,15,9.2237
37469,5.2838594,1.3056,9.7690,15,9.2160
37470,5.2839844,1.3133,9.7690,15,9.2160
37471,5.2841094,1.3133,9.7613,15,9.2237
37472,5.2842343,1.3133,9.7613,15,9.2237
37473,5.2843594,1.3056,9.7690,15,9.2160
37474,5.2844844,1.3133,9.7690,15,9.2160
37475,5.2846094,1.3133,9.7613,15,9.2237
37476,5.2847343,1.3133,9.7613,15,9.2237
37477,5.2848594,1.3056,9.7690,15,9.2160
37478,5.2849844,1.3133,9.7690,15,9.2160
37479,5.2851094,1.3133,9.7613,15,9.2237
37480,5.2852343,1.3133,9.7613,15,9.2237
37481,5.2853594,1.3056,9.7690,15,9.2160
37482,5.2854844,1.3133,9.7690,15,9.2160
37483,5.2856094,1.3133,9.7613,15,9.2237
37484,5.2857343,1.3133,9.7613,15,9.2237
37485,5.2858594,1.3056,9.7690,15,9.2160
37486,5.2859844,1.3133,9.7690,15,9.2160
37487,5.2861094,1.3133,9.7613,15,9.2237
37488,5.2862343,1.3133,9.7613,15,9.2237
37489,5.2863594,1.3056,9.7690,15,9.2160
37490,5.2864844,1.3133,9.7690,15,9.2160
37491,5.2866094,1.3133,9.7613,15,9.2237
37492,5.2867345,1.3056,9.7690,15,9.2160
37493,5.2868594,1.3056,9.7690,15,9.2160
37494,5.2869844,1.3133,9.7690,15,9.2160
37495,5.2871094,1.3133,9.7613,15,9.2237
37496,5.2872345,1.3056,9.7690,15,9.2160
37497,5.2873594,1.3056,9.7690,15,9.2160
37498,5.2874844,1.3133,9.7690,15,9.2160
37499,5.2876094,1.3133,9.7613,15,9.2237
37500,5.2877345,1.3056,9.7690,15,9.2160
37501,5.2878594,1.3056,9.7690,15,9.2160
37502,5.2879844,1.3133,9.7690,15,9.2160
37503,5.2881094,1.3133,9.7613,15,9.2237
37504,5.2882345,1.3056,9.7690,15,9.2160
37505,5.2883594,1.3056,9.7690,15,9.2160
37506,5.2884844,1.3133,9.7690,15,9.2160
37507,5.2886094,1.3133,9.7613,15,9.2237
37508,5.2887345,1.3056,9.7690,15,9.2160
37509,5.2888594,1.3133,9.7690,15,9.2160
37510,5.2889844,1.3133,9.7690,15,9.2160
37511,5.2891094,1.3133,9.7613,15,9.2237
37512,5.2892345,1.3056,9.7690,15,9.2160
37513,5.2893594,1.3133,9.7690,15,9.2160
37514,5.2894844,1.3133,9.7690,15,9.2160
37515,5.2896094,1.3133,9.7613,15,9.2237
37516,5.2897345,1.3056,9.7690,15,9.2160
37517,5.2898594,1.3133,9.7690,15,9.2160
37518,5.2899844,1.3133,9.7690,15,9.2160
37519,5.2901094,1.3133,9.7613,15,9.2237
37520,5.2902345,1.3056,9.7690,15,9.2160
37521,5.2903594,1.3133,9.7690,15,9.2160
37522,5.2904844,1.3133,9.7690,15,9.2160
37523,5.2906094,1.3133,9.7613,15,9.2237
37524,5.2907345,1.3056,9.7690,15,9.2160
37525,5.2908594,1.3133,9.7690,15,9.2160
37526,5.2909844,1.3133,9.7690,15,9.2160
37527,5.2911094,1.3133,9.7613,15,9.2237
37528,5.2912345,1.3056,9.7690,15,9.2160
37529,5.2913594,1.3133,9.7690,15,9.2160
37530,5.2914844,1.3133,9.7613,15,9.2160
37531,5.2916094,1.3133,9.7613,15,9.2237
37532,5.2917345,1.3056,9.7690,15,9.2160
37533,5.2918594,1.3133,9.7690,15,9.2160
37534,5.2919844,1.3133,9.7613,15,9.2160
37535,5.2921094,1.3133,9.7613,15,9.2237
37536,5.2922345,1.3056,9.7690,15,9.2160
37537,5.2923594,1.3133,9.7690,15,9.2160
37538,5.2924844,1.3133,9.7613,15,9.2160
37539,5.2926094,1.3133,9.7613,15,9.2237
37540,5.2927345,1.3056,9.7690,15,9.2160
37541,5.2928594,1.3133,9.7690,15,9.2160
37542,5.2929844,1.3133,9.7613,15,9.2237
37543,5.2931094,1.3133,9.7613,15,9.2237
37544,5.2932345,1.3056,9.7690,15,9.2160
37545,5.2933594,1.3133,9.7690,15,9.2160
37546,5.2934844,1.3133,9.7613,15,9.2237
37547,5.2936094,1.3133,9.7613,15,9.2237
37548,5.2937345,1.3056,9.7690,15,9.2160
37549,5.2938594,1.3133,9.7690,15,9.2160
37550,5.2939844,1.3133,9.7613,15,9.2237
37551,5.2941094,1.3133,9.7613,15,9.2237
37552,5.2942345,1.3056,9.7690,15,9.2160
37553,5.2943594,1.3133,9.7690,15,9.2160
37554,5.2944844,1.3133,9.7613,15,9.2237
37555,5.2946095,1.3056,9.7690,15,9.2160
37556,5.2947345,1.3056,9.7690,15,9.2160
37557,5.2948594,1.3133,9.7690,15,9.2160
37558,5.2949844,1.3133,9.7613,15,9.2237
37559,5.2951095,1.3056,9.7690,15,9.2160
37560,5.2952345,1.3056,9.7690,15,9.2160
37561,5.2953594,1.3133,9.7690,15,9.2160
37562,5.2954844,1.3133,9.7613,15,9.2237
37563,5.2956095,1.3056,9.7690,15,9.2160
37564,5.2957345,1.3056,9.7690,15,9.2160
37565,5.2958594,1.3133,9.7690,15,9.2160
37566,5.2959844,1.3133,9.7613,15,9.2237
37567,5.2961095,1.3056,9.7690,15,9.2160
37568,5.2962345,1.3056,9.7690,15,9.2160
37569,5.2963594,1.3133,9.7690,15,9.2160
37570,5.2964844,1.3133,9.7613,15,9.2237
37571,5.2966095,1.3056,9.7690,15,9.2160
37572,5.2967345,1.3056,9.7690,15,9.2160
37573,5.2968594,1.3133,9.7690,15,9.2160
37574,5.2969844,1.3133,9.7613,15,9.2237
37575,5.2971095,1.3056,9.7690,15,9.2160
37576,5.2972345,1.3056,9.7690,15,9.2160
37577,5.2973594,1.3133,9.7690,15,9.2160
37578,5.2974844,1.3133,9.7613,15,9.2237
37579,5.2976095,1.3056,9.7690,15,9.2160
37580,5.2977345,1.3056,9.7690,15,9.2160
37581,5.2978594,1.3133,9.7690,15,9.2160
37582,5.2979844,1.3133,9.7613,15,9.2237
37583,5.2981095,1.3056,9.7690,15,9.2160
37584,5.2982345,1.3056,9.7690,15,9.2160
37585,5.2983594,1.3133,9.7690,15,9.2160
37586,5.2984844,1.3133,9.7613,15,9.2237
37587,5.2986095,1.3056,9.7690,15,9.2160
37588,5.2987345,1.3056,9.7690,15,9.2160
37589,5.2988594,1.3133,9.7690,15,9.2160
37590,5.2989844,1.3133,9.7613,15,9.2237
37591,5.2991095,1.3056,9.7690,15,9.2160
37592,5.2992345,1.3056,9.7690,15,9.2160
37593,5.2993594,1.3133,9.7690,15,9.2160
37594,5.2994844,1.3133,9.7613,15,9.2237
37595,5.2996095,1.3056,9.7690,15,9.2160
37596,5.2997345,1.3056,9.7690,15,9.2160
37597,5.2998594,1.3133,9.7690,15,9.2160
37598,5.2999844,1.3133,9.7613,15,9.2237
37599,5.3001095,1.3056,9.7690,15,9.2160
37600,5.3002345,1.3056,9.7690,15,9.2160
37601,5.3003594,1.3133,9.7690,15,9.2160
37602,5.3004844,1.3133,9.7613,15,9.2237
37603,5.3006095,1.3056,9.7690,15,9.2160
37604,5.3007345,1.3056,9.7690,15,9.2160
37605,5.3008594,1.3133,9.7690,15,9.2160
37606,5.3009844,1.3133,9.7613,15,9.2237
37607,5.3011095,1.3056,9.7690,15,9.2160
37608,5.3012345,1.3056,9.7690,15,9.2160
37609,5.3013594,1.3133,9.7690,15,9.2160
37610,5.3014844,1.3133,9.7613,15,9.2237
37611,5.3016095,1.3056,9.7690,15,9.2160
37612,5.3017345,1.3133,9.7690,15,9.2160
37613,5.3018594,1.3133,9.7690,15,9.2160
37614,5.3019844,1.3133,9.7613,15,9.2237
37615,5.3021095,1.3056,9.7690,15,9.2160
37616,5.3022345,1.3133,9.7690,15,9.2160
37617,5.3023594,1.3133,9.7690,15,9.2160
37618,5.3024846,1.3056,9.7690,15,9.2160
37619,5.3026095,1.3056,9.7690,15,9.2160
37620,5.3027345,1.3133,9.7690,15,9.2160
37621,5.3028594,1.3133,9.7690,15,9.2160
37622,5.3029846,1.3056,9.7690,15,9.2160
37623,5.3031095,1.3056,9.7690,15,9.2160
37624,5.3032345,1.3133,9.7690,15,9.2160
37625,5.3033594,1.3133,9.7690,15,9.2160
37626,5.3034846,1.3056,9.7690,15,9.2160
37627,5.3036095,1.3056,9.7690,15,9.2160
37628,5.3037345,1.3133,9.7690,15,9.2160
37629,5.3038594,1.3133,9.7690,15,9.2160
37630,5.3039846,1.3056,9.7690,15,9.2160
37631,5.3041095,1.3056,9.7690,15,9.2160
37632,5.3042345,1.3133,9.7690,15,9.2160
37633,5.3043594,1.3133,9.7613,15,9.2160
37634,5.3044846,1.3056,9.7690,15,9.2160
37635,5.3046095,1.3056,9.7690,15,9.2160
37636,5.3047345,1.3133,9.7690,15,9.2160
37637,5.3048594,1.3133,9.7613,15,9.2160
37638,5.3049846,1.3056,9.7690,15,9.2160
37639,5.3051095,1.3056,9.7690,15,9.2160
37640,5.3052345,1.3133,9.7690,15,9.2160
37641,5.3053594,1.3133,9.7613,15,9.2160
37642,5.3054846,1.3056,9.7690,15,9.2160
37643,5.3056095,1.3056,9.7690,15,9.2160
37644,5.3057345,1.3133,9.7690,15,9.2160
37645,5.3058594,1.3133,9.7613,15,9.2160
37646,5.3059846,1.3056,9.7690,15,9.2160
37647,5.3061095,1.3056,9.7690,15,9.2160
37648,5.3062345,1.3133,9.7690,15,9.2160
37649,5.3063594,1.3133,9.7613,15,9.2237
37650,5.3064846,1.3056,9.7690,15,9.2160
37651,5.3066095,1.3056,9.7690,15,9.2160
37652,5.3067345,1.3133,9.7690,15,9.2160
37653,5.3068594,1.3133,9.7613,15,9.2237
37654,5.3069846,1.3056,9.7690,15,9.2160
37655,5.3071095,1.3056,9.7690,15,9.2160
37656,5.3072345,1.3133,9.7690,15,9.2160
37657,5.3073594,1.3133,9.7613,15,9.2237
37658,5.3074846,1.3056,9.7690,15,9.2160
37659,5.3076095,1.3056,9.7690,15,9.2160
37660,5.3077345,1.3133,9.7690,15,9.2160
37661,5.3078594,1.3133,9.7613,15,9.2237
37662,5.3079846,1.3056,9.7690,15,9.2160
37663,5.3081095,1.3056,9.7690,15,9.2160
37664,5.3082345,1.3133,9.7690,15,9.2160
37665,5.3083594,1.3133,9.7613,15,9.2237
37666,5.3084846,1.3056,9.7690,15,9.2160
37667,5.3086095,1.3056,9.7690,15,9.2160
37668,5.3087345,1.3133,9.7690,15,9.2160
37669,5.3088594,1.3133,9.7613,15,9.2237
37670,5.3089846,1.3056,9.7690,15,9.2160
37671,5.3091095,1.3056,9.7690,15,9.2160
37672,5.3092345,1.3133,9.7690,15,9.2160
37673,5.3093594,1.3133,9.7613,15,9.2237
37674,5.3094846,1.3056,9.7690,15,9.2160
37675,5.3096095,1.3056,9.7690,15,9.2160
37676,5.3097345,1.3133,9.7690,15,9.2160
37677,5.3098594,1.3133,9.7613,15,9.2237
37678,5.3099846,1.3056,9.7690,15,9.2160
37679,5.3101095,1.3056,9.7690,15,9.2160
37680,5.3102345,1.3133,9.7690,15,9.2160
37681,5.3103596,1.3056,9.7690,15,9.2160
37682,5.3104846,1.3056,9.7690,15,9.2160
37683,5.3106095,1.3056,9.7690,15,9.2160
37684,5.3107345,1.3133,9.7690,15,9.2160
37685,5.3108596,1.3056,9.7690,15,9.2160
37686,5.3109846,1.3056,9.7690,15,9.2160
37687,5.3111095,1.3056,9.7690,15,9.2160
37688,5.3112345,1.3133,9.7690,15,9.2160
37689,5.3113596,1.3056,9.7690,15,9.2160
37690,5.3114846,1.3056,9.7690,15,9.2160
37691,5.3116095,1.3056,9.7690,15,9.2160
37692,5.3117345,1.3133,9.7690,15,9.2160
37693,5.3118596,1.3056,9.7690,15,9.2160
37694,5.3119846,1.3056,9.7690,15,9.2160
37695,5.3121095,1.3056,9.7690,15,9.2160
37696,5.3122345,1.3133,9.7690,15,9.2160
37697,5.3123596,1.3056,9.7690,15,9.2160
37698,5.3124846,1.3056,9.7690,15,9.2160
37699,5.3126095,1.3056,9.7690,15,9.2160
37700,5.3127345,1.3133,9.7690,15,9.2160
37701,5.3128596,1.3056,9.7690,15,9.2160
37702,5.3129846,1.3056,9.7690,15,9.2160
37703,5.3131095,1.3056,9.7690,15,9.2160
37704,5.3132345,1.3133,9.7690,15,9.2160
37705,5.3133596,1.3056,9.7690,15,9.2160
37706,5.3134846,1.3056,9.7690,15,9.2160
37707,5.3136095,1.3056,9.7690,15,9.2160
37708,5.3137345,1.3133,9.7690,15,9.2160
37709,5.3138596,1.3056,9.7690,15,9.2160
37710,5.3139846,1.3056,9.7690,15,9.2160
37711,5.3141095,1.3056,9.7690,15,9.2160
37712,5.3142345,1.3133,9.7690,15,9.2160
37713,5.3143596,1.3056,9.7690,15,9.2160
37714,5.3144846,1.3056,9.7690,15,9.2160
37715,5.3146095,1.3133,9.7690,15,9.2160
37716,5.3147345,1.3133,9.7690,15,9.2160
37717,5.3148596,1.3056,9.7690,15,9.2160
37718,5.3149846,1.3056,9.7690,15,9.2160
37719,5.3151095,1.3133,9.7690,15,9.2160
37720,5.3152345,1.3133,9.7690,15,9.2160
37721,5.3153596,1.3056,9.7690,15,9.2160
37722,5.3154846,1.3056,9.7690,15,9.2160
37723,5.3156095,1.3133,9.7690,15,9.2160
37724,5.3157345,1.3133,9.7690,15,9.2160
37725,5.3158596,1.3056,9.7690,15,9.2160
37726,5.3159846,1.3056,9.7690,15,9.2160
37727,5.3161095,1.3133,9.7690,15,9.2160
37728,5.3162345,1.3133,9.7690,15,9.2160
37729,5.3163596,1.3056,9.7690,15,9.2160
37730,5.3164846,1.3056,9.7690,15,9.2160
37731,5.3166095,1.3133,9.7690,15,9.2160
37732,5.3167345,1.3133,9.7690,15,9.2160
37733,5.3168596,1.3056,9.7690,15,9.2160
37734,5.3169846,1.3056,9.7690,15,9.2160
37735,5.3171095,1.3133,9.7690,15,9.2160
37736,5.3172345,1.3133,9.7613,15,9.2160
37737,5.3173596,1.3056,9.7690,15,9.2160
37738,5.3174846,1.3056,9.7690,15,9.2160
37739,5.3176095,1.3133,9.7690,15,9.2160
37740,5.3177345,1.3133,9.7613,15,9.2160
37741,5.3178596,1.3056,9.7690,15,9.2160
37742,5.3179846,1.3056,9.7690,15,9.2160
37743,5.3181095,1.3133,9.7690,15,9.2160
37744,5.3182346,1.3056,9.7690,15,9.2083
37745,5.3183596,1.3056,9.7690,15,9.2160
37746,5.3184846,1.3056,9.7690,15,9.2160
37747,5.3186095,1.3133,9.7690,15,9.2160
37748,5.3187346,1.3056,9.7690,15,9.2160
37749,5.3188596,1.3056,9.7690,15,9.2160
37750,5.3189846,1.3056,9.7690,15,9.2160
37751,5.3191095,1.3133,9.7690,15,9.2160
37752,5.3192346,1.3056,9.7690,15,9.2160
37753,5.3193596,1.3056,9.7690,15,9.2160
37754,5.3194846,1.3056,9.7690,15,9.2160
37755,5.3196095,1.3133,9.7690,15,9.2160
37756,5.3197346,1.3056,9.7690,15,9.2160
37757,5.3198596,1.3056,9.7690,15,9.2160
37758,5.3199846,1.3056,9.7690,15,9.2160
37759,5.3201095,1.3133,9.7690,15,9.2160
37760,5.3202346,1.3056,9.7690,15,9.2160
37761,5.3203596,1.3056,9.7690,15,9.2160
37762,5.3204846,1.3056,9.7690,15,9.2160
37763,5.3206095,1.3133,9.7690,15,9.2160
37764,5.3207346,1.3056,9.7690,15,9.2160
37765,5.3208596,1.3056,9.7690,15,9.2160
37766,5.3209846,1.3056,9.7690,15,9.2160
37767,5.3211095,1.3133,9.7690,15,9.2160
37768,5.3212346,1.3056,9.7690,15,9.2160
37769,5.3213596,1.3056,9.7690,15,9.2160
37770,5.3214846,1.3056,9.7690,15,9.2160
37771,5.3216095,1.3133,9.7690,15,9.2160
37772,5.3217346,1.3056,9.7690,15,9.2160
37773,5.3218596,1.3056,9.7690,15,9.2160
37774,5.3219846,1.3056,9.7690,15,9.2160
37775,5.3221095,1.3133,9.7690,15,9.2160
37776,5.3222346,1.3056,9.7690,15,9.2160
37777,5.3223596,1.3056,9.7690,15,9.2160
37778,5.3224846,1.3056,9.7690,15,9.2160
37779,5.3226095,1.3133,9.7690,15,9.2160
37780,5.3227346,1.3056,9.7690,15,9.2160
37781,5.3228596,1.3056,9.7690,15,9.2160
37782,5.3229846,1.3056,9.7690,15,9.2160
37783,5.3231095,1.3133,9.7690,15,9.2160
37784,5.3232346,1.3056,9.7690,15,9.2160
37785,5.3233596,1.3056,9.7690,15,9.2160
37786,5.3234846,1.3056,9.7690,15,9.2160
37787,5.3236095,1.3133,9.7690,15,9.2160
37788,5.3237346,1.3056,9.7690,15,9.2160
37789,5.3238596,1.3056,9.7690,15,9.2160
37790,5.3239846,1.3056,9.7690,15,9.2160
37791,5.3241095,1.3133,9.7690,15,9.2160
37792,5.3242346,1.3056,9.7690,15,9.2160
37793,5.3243596,1.3056,9.7690,15,9.2160
37794,5.3244846,1.3056,9.7690,15,9.2160
37795,5.3246095,1.3133,9.7690,15,9.2160
37796,5.3247346,1.3056,9.7690,15,9.2160
37797,5.3248596,1.3056,9.7690,15,9.2160
37798,5.3249846,1.3056,9.7690,15,9.2160
37799,5.3251095,1.3133,9.7690,15,9.2160
37800,5.3252346,1.3056,9.7690,15,9.2160
37801,5.3253596,1.3056,9.7690,15,9.2160
37802,5.3254846,1.3056,9.7690,15,9.2160
37803,5.3256095,1.3133,9.7690,15,9.2160
37804,5.3257346,1.3056,9.7690,15,9.2160
37805,5.3258596,1.3056,9.7690,15,9.2160
37806,5.3259846,1.3056,9.7690,15,9.2160
37807,5.3261097,1.3056,9.7766,15,9.2083
37808,5.3262346,1.3056,9.7690,15,9.2160
37809,5.3263596,1.3056,9.7690,15,9.2160
37810,5.3264846,1.3056,9.7690,15,9.2160
37811,5.3266097,1.3056,9.7766,15,9.2083
37812,5.3267346,1.3056,9.7690,15,9.2160
37813,5.3268596,1.3056,9.7690,15,9.2160
37814,5.3269846,1.3056,9.7690,15,9.2160
37815,5.3271097,1.3056,9.7766,15,9.2083
37816,5.3272346,1.3056,9.7690,15,9.2160
37817,5.3273596,1.3056,9.7690,15,9.2160
37818,5.3274846,1.3133,9.7690,15,9.2160
37819,5.3276097,1.3056,9.7766,15,9.2083
37820,5.3277346,1.3056,9.7690,15,9.2160
37821,5.3278596,1.3056,9.7690,15,9.2160
37822,5.3279846,1.3133,9.7690,15,9.2160
37823,5.3281097,1.3056,9.7766,15,9.2083
37824,5.3282346,1.3056,9.7690,15,9.2160
37825,5.3283596,1.3056,9.7690,15,9.2160
37826,5.3284846,1.3133,9.7690,15,9.2160
37827,5.3286097,1.3056,9.7766,15,9.2083
37828,5.3287346,1.3056,9.7690,15,9.2160
37829,5.3288596,1.3056,9.7690,15,9.2160
37830,5.3289846,1.3133,9.7690,15,9.2160
37831,5.3291097,1.3056,9.7766,15,9.2083
37832,5.3292346,1.3056,9.7690,15,9.2160
37833,5.3293596,1.3056,9.7690,15,9.2160
37834,5.3294846,1.3133,9.7690,15,9.2160
37835,5.3296097,1.3056,9.7690,15,9.2083
37836,5.3297346,1.3056,9.7690,15,9.2160
37837,5.3298596,1.3056,9.7690,15,9.2160
37838,5.3299846,1.3133,9.7690,15,9.2160
37839,5.3301097,1.3056,9.7690,15,9.2083
37840,5.3302346,1.3056,9.7690,15,9.2160
37841,5.3303596,1.3056,9.7690,15,9.2160
37842,5.3304846,1.3133,9.7690,15,9.2160
37843,5.3306097,1.3056,9.7690,15,9.2083
37844,5.3307346,1.3056,9.7690,15,9.2160
37845,5.3308596,1.3056,9.7690,15,9.2160
37846,5.3309846,1.3133,9.7690,15,9.2160
37847,5.3311097,1.3056,9.7690,15,9.2160
37848,5.3312346,1.3056,9.7690,15,9.2160
37849,5.3313596,1.3056,9.7690,15,9.2160
37850,5.3314846,1.3133,9.7690,15,9.2160
37851,5.3316097,1.3056,9.7690,15,9.2160
37852,5.3317346,1.3056,9.7690,15,9.2160
37853,5.3318596,1.3056,9.7690,15,9.2160
37854,5.3319846,1.3133,9.7690,15,9.2160
37855,5.3321097,1.3056,9.7690,15,9.2160
37856,5.3322346,1.3056,9.7690,15,9.2160
37857,5.3323596,1.3056,9.7690,15,9.2160
37858,5.3324846,1.3133,9.7690,15,9.2160
37859,5.3326097,1.3056,9.7690,15,9.2160
37860,5.3327346,1.3056,9.7690,15,9.2160
37861,5.3328596,1.3056,9.7690,15,9.2160
37862,5.3329846,1.3133,9.7690,15,9.2160
37863,5.3331097,1.3056,9.7690,15,9.2160
37864,5.3332346,1.3056,9.7690,15,9.2160
37865,5.3333596,1.3056,9.7690,15,9.2160
37866,5.3334846,1.3133,9.7690,15,9.2160
37867,5.3336097,1.3056,9.7690,15,9.2160
37868,5.3337346,1.3056,9.7690,15,9.2160
37869,5.3338596,1.3056,9.7690,15,9.2160
37870,5.3339847,1.3056,9.7766,15,9.2083
37871,5.3341097,1.3056,9.7690,15,9.2160
37872,5.3342346,1.3056,9.7690,15,9.2160
37873,5.3343596,1.3056,9.7690,15,9.2160
37874,5.3344847,1.3056,9.7766,15,9.2083
37875,5.3346097,1.3056,9.7690,15,9.2160
37876,5.3347346,1.3056,9.7690,15,9.2160
37877,5.3348596,1.3056,9.7690,15,9.2160
37878,5.3349847,1.3056,9.7766,15,9.2083
37879,5.3351097,1.3056,9.7690,15,9.2160
37880,5.3352346,1.3056,9.7690,15,9.2160
37881,5.3353596,1.3056,9.7690,15,9.2160
37882,5.3354847,1.3056,9.7766,15,9.2083
37883,5.3356097,1.3056,9.7690,15,9.2160
37884,5.3357346,1.3056,9.7690,15,9.2160
37885,5.3358596,1.3056,9.7690,15,9.2160
37886,5.3359847,1.3056,9.7766,15,9.2083
37887,5.3361097,1.3056,9.7690,15,9.2160
37888,5.3362346,1.3056,9.7690,15,9.2160
37889,5.3363596,1.3056,9.7690,15,9.2160
37890,5.3364847,1.3056,9.7766,15,9.2083
37891,5.3366097,1.3056,9.7690,15,9.2160
37892,5.3367346,1.3056,9.7690,15,9.2160
37893,5.3368596,1.3056,9.7690,15,9.2160
37894,5.3369847,1.3056,9.7766,15,9.2083
37895,5.3371097,1.3056,9.7690,15,9.2160
37896,5.3372346,1.3056,9.7690,15,9.2160
37897,5.3373596,1.3056,9.7690,15,9.2160
37898,5.3374847,1.3056,9.7766,15,9.2083
37899,5.3376097,1.3056,9.7690,15,9.2160
37900,5.3377346,1.3056,9.7690,15,9.2160
37901,5.3378596,1.3056,9.7690,15,9.2160
37902,5.3379847,1.3056,9.7766,15,9.2083
37903,5.3381097,1.3056,9.7690,15,9.2160
37904,5.3382346,1.3056,9.7690,15,9.2160
37905,5.3383596,1.3056,9.7690,15,9.2160
37906,5.3384847,1.3056,9.7766,15,9.2083
37907,5.3386097,1.3056,9.7690,15,9.2160
37908,5.3387346,1.3056,9.7690,15,9.2160
37909,5.3388596,1.3056,9.7690,15,9.2160
37910,5.3389847,1.3056,9.7766,15,9.2083
37911,5.3391097,1.3056,9.7690,15,9.2160
37912,5.3392346,1.3056,9.7690,15,9.2160
37913,5.3393596,1.3133,9.7690,15,9.2160
37914,5.3394847,1.3056,9.7766,15,9.2083
37915,5.3396097,1.3056,9.7690,15,9.2160
37916,5.3397346,1.3056,9.7690,15,9.2160
37917,5.3398596,1.3133,9.7690,15,9.2160
37918,5.3399847,1.3056,9.7766,15,9.2083
37919,5.3401097,1.3056,9.7690,15,9.2160
37920,5.3402346,1.3056,9.7690,15,9.2160
37921,5.3403596,1.3133,9.7690,15,9.2160
37922,5.3404847,1.3056,9.7766,15,9.2083
37923,5.3406097,1.3056,9.7690,15,9.2160
37924,5.3407346,1.3056,9.7690,15,9.2160
37925,5.3408596,1.3133,9.7690,15,9.2160
37926,5.3409847,1.3056,9.7766,15,9.2083
37927,5.3411097,1.3056,9.7690,15,9.2160
37928,5.3412346,1.3056,9.7690,15,9.2160
37929,5.3413596,1.3133,9.7690,15,9.2160
37930,5.3414847,1.3056,9.7766,15,9.2083
37931,5.3416097,1.3056,9.7690,15,9.2160
37932,5.3417346,1.3056,9.7690,15,9.2160
37933,5.3418598,1.3056,9.7766,15,9.2083
37934,5.3419847,1.3056,9.7690,15,9.2083
37935,5.3421097,1.3056,9.7690,15,9.2160
37936,5.3422346,1.3056,9.7690,15,9.2160
37937,5.3423598,1.3056,9.7766,15,9.2083
37938,5.3424847,1.3056,9.7690,15,9.2083
37939,5.3426097,1.3056,9.7690,15,9.2160
37940,5.3427346,1.3056,9.7690,15,9.2160
37941,5.3428598,1.3056,9.7766,15,9.2083
37942,5.3429847,1.3056,9.7690,15,9.2083
37943,5.3431097,1.3056,9.7690,15,9.2160
37944,5.3432346,1.3056,9.7690,15,9.2160
37945,5.3433598,1.3056,9.7766,15,9.2083
37946,5.3434847,1.3056,9.7690,15,9.2160
37947,5.3436097,1.3056,9.7690,15,9.2160
37948,5.3437346,1.3056,9.7690,15,9.2160
37949,5.3438598,1.3056,9.7766,15,9.2083
37950,5.3439847,1.3056,9.7690,15,9.2160
37951,5.3441097,1.3056,9.7690,15,9.2160
37952,5.3442346,1.3056,9.7690,15,9.2160
37953,5.3443598,1.3056,9.7766,15,9.2083
37954,5.3444847,1.3056,9.7690,15,9.2160
37955,5.3446097,1.3056,9.7690,15,9.2160
37956,5.3447346,1.3056,9.7690,15,9.2160
37957,5.3448598,1.3056,9.7766,15,9.2083
37958,5.3449847,1.3056,9.7690,15,9.2160
37959,5.3451097,1.3056,9.7690,15,9.2160
37960,5.3452346,1.3056,9.7690,15,9.2160
37961,5.3453598,1.3056,9.7766,15,9.2083
37962,5.3454847,1.3056,9.7690,15,9.2160
37963,5.3456097,1.3056,9.7690,15,9.2160
37964,5.3457346,1.3056,9.7690,15,9.2160
37965,5.3458598,1.3056,9.7766,15,9.2083
37966,5.3459847,1.3056,9.7690,15,9.2160
37967,5.3461097,1.3056,9.7690,15,9.2160
37968,5.3462346,1.3056,9.7690,15,9.2160
37969,5.3463598,1.3056,9.7766,15,9.2083
37970,5.3464847,1.3056,9.7690,15,9.2160
37971,5.3466097,1.3056,9.7690,15,9.2160
37972,5.3467346,1.3056,9.7690,15,9.2160
37973,5.3468598,1.3056,9.7766,15,9.2083
37974,5.3469847,1.3056,9.7690,15,9.2160
37975,5.3471097,1.3056,9.7690,15,9.2160
37976,5.3472346,1.3056,9.7690,15,9.2160
37977,5.3473598,1.3056,9.7766,15,9.2083
37978,5.3474847,1.3056,9.7690,15,9.2160
37979,5.3476097,1.3056,9.7690,15,9.2160
37980,5.3477346,1.3056,9.7690,15,9.2160
37981,5.3478598,1.3056,9.7766,15,9.2083
37982,5.3479847,1.3056,9.7690,15,9.2160
37983,5.3481097,1.3056,9.7690,15,9.2160
37984,5.3482346,1.3056,9.7690,15,9.2160
37985,5.3483598,1.3056,9.7766,15,9.2083
37986,5.3484847,1.3056,9.7690,15,9.2160
37987,5.3486097,1.3056,9.7690,15,9.2160
37988,5.3487346,1.3056,9.7690,15,9.2160
37989,5.3488598,1.3056,9.7766,15,9.2083
37990,5.3489847,1.3056,9.7690,15,9.2160
37991,5.3491097,1.3056,9.7690,15,9.2160
37992,5.3492348,1.2979,9.7766,15,9.2083
37993,5.3493598,1.3056,9.7766,15,9.2083
37994,5.3494847,1.3056,9.7690,15,9.2160
37995,5.3496097,1.3056,9.7690,15,9.2160
37996,5.3497348,1.2979,9.7766,15,9.2083
37997,5.3498598,1.3056,9.7766,15,9.2083
37998,5.3499847,1.3056,9.7690,15,9.2160
37999,5.3501097,1.3056,9.7690,15,9.2160
38000,5.3502348,1.2979,9.7766,15,9.2083
38001,5.3503598,1.3056,9.7766,15,9.2083
38002,5.3504847,1.3056,9.7690,15,9.2160
38003,5.3506097,1.3056,9.7690,15,9.2160
38004,5.3507348,1.2979,9.7766,15,9.2083
38005,5.3508598,1.3056,9.7766,15,9.2083
38006,5.3509847,1.3056,9.7690,15,9.2160
38007,5.3511097,1.3056,9.7690,15,9.2160
38008,5.3512348,1.3056,9.7766,15,9.2083
38009,5.3513598,1.3056,9.7766,15,9.2083
38010,5.3514847,1.3056,9.7690,15,9.2160
38011,5.3516097,1.3056,9.7690,15,9.2160
38012,5.3517348,1.3056,9.7766,15,9.2083
38013,5.3518598,1.3056,9.7766,15,9.2083
38014,5.3519847,1.3056,9.7690,15,9.2160
38015,5.3521097,1.3056,9.7690,15,9.2160
38016,5.3522348,1.3056,9.7766,15,9.2083
38017,5.3523598,1.3056,9.7766,15,9.2083
38018,5.3524847,1.3056,9.7690,15,9.2160
38019,5.3526097,1.3056,9.7690,15,9.2160
38020,5.3527348,1.3056,9.7766,15,9.2083
38021,5.3528598,1.3056,9.7766,15,9.2083
38022,5.3529847,1.3056,9.7690,15,9.2160
38023,5.3531097,1.3056,9.7690,15,9.2160
38024,5.3532348,1.3056,9.7766,15,9.2083
38025,5.3533598,1.3056,9.7690,15,9.2083
38026,5.3534847,1.3056,9.7690,15,9.2160
38027,5.3536097,1.3056,9.7690,15,9.2160
38028,5.3537348,1.3056,9.7766,15,9.2083
38029,5.3538598,1.3056,9.7690,15,9.2083
38030,5.3539847,1.3056,9.7690,15,9.2160
38031,5.3541097,1.3056,9.7690,15,9.2160
38032,5.3542348,1.3056,9.7766,15,9.2083
38033,5.3543598,1.3056,9.7690,15,9.2083
38034,5.3544847,1.3056,9.7690,15,9.2160
38035,5.3546097,1.3056,9.7690,15,9.2160
38036,5.3547348,1.3056,9.7766,15,9.2083
38037,5.3548598,1.3056,9.7690,15,9.2083
38038,5.3549847,1.3056,9.7690,15,9.2160
38039,5.3551097,1.3056,9.7690,15,9.2160
38040,5.3552348,1.3056,9.7766,15,9.2083
38041,5.3553598,1.3056,9.7690,15,9.2160
38042,5.3554847,1.3056,9.7690,15,9.2160
38043,5.3556097,1.3056,9.7690,15,9.2160
38044,5.3557348,1.3056,9.7766,15,9.2083
38045,5.3558598,1.3056,9.7690,15,9.2160
38046,5.3559847,1.3056,9.7690,15,9.2160
38047,5.3561097,1.3056,9.7690,15,9.2160
38048,5.3562348,1.3056,9.7766,15,9.2083
38049,5.3563598,1.3056,9.7690,15,9.2160
38050,5.3564847,1.3056,9.7690,15,9.2160
38051,5.3566097,1.3056,9.7690,15,9.2160
38052,5.3567348,1.3056,9.7766,15,9.2083
38053,5.3568598,1.3056,9.7690,15,9.2160
38054,5.3569847,1.3056,9.7690,15,9.2160
38055,5.3571098,1.2979,9.7766,15,9.2083
38056,5.3572348,1.3056,9.7766,15,9.2083
38057,5.3573598,1.3056,9.7690,15,9.2160
38058,5.3574847,1.3056,9.7690,15,9.2160
38059,5.3576098,1.2979,9.7766,15,9.2083
38060,5.3577348,1.3056,9.7766,15,9.2083
38061,5.3578598,1.3056,9.7690,15,9.2160
38062,5.3579847,1.3056,9.7690,15,9.2160
38063,5.3581098,1.2979,9.7766,15,9.2083
38064,5.3582348,1.3056,9.7766,15,9.2083
38065,5.3583598,1.3056,9.7690,15,9.2160
38066,5.3584847,1.3056,9.7690,15,9.2160
38067,5.3586098,1.2979,9.7766,15,9.2083
38068,5.3587348,1.3056,9.7766,15,9.2083
38069,5.3588598,1.3056,9.7690,15,9.2160
38070,5.3589847,1.3056,9.7690,15,9.2160
38071,5.3591098,1.2979,9.7766,15,9.2083
38072,5.3592348,1.3056,9.7766,15,9.2083
38073,5.3593598,1.3056,9.7690,15,9.2160
38074,5.3594847,1.3056,9.7690,15,9.2160
38075,5.3596098,1.2979,9.7766,15,9.2083
38076,5.3597348,1.3056,9.7766,15,9.2083
38077,5.3598598,1.3056,9.7690,15,9.2160
38078,5.3599847,1.3056,9.7690,15,9.2160
38079,5.3601098,1.2979,9.7766,15,9.2083
38080,5.3602348,1.3056,9.7766,15,9.2083
38081,5.3603598,1.3056,9.7690,15,9.2160
38082,5.3604847,1.3056,9.7690,15,9.2160
38083,5.3606098,1.2979,9.7766,15,9.2083
38084,5.3607348,1.3056,9.7766,15,9.2083
38085,5.3608598,1.3056,9.7690,15,9.2160
38086,5.3609847,1.3056,9.7690,15,9.2160
38087,5.3611098,1.2979,9.7766,15,9.2083
38088,5.3612348,1.3056,9.7766,15,9.2083
38089,5.3613598,1.3056,9.7690,15,9.2160
38090,5.3614847,1.3056,9.7690,15,9.2160
38091,5.3616098,1.2979,9.7766,15,9.2083
38092,5.3617348,1.3056,9.7766,15,9.2083
38093,5.3618598,1.3056,9.7690,15,9.2160
38094,5.3619847,1.3056,9.7690,15,9.2160
38095,5.3621098,1.2979,9.7766,15,9.2083
38096,5.3622348,1.3056,9.7766,15,9.2083
38097,5.3623598,1.3056,9.7690,15,9.2160
38098,5.3624847,1.3056,9.7690,15,9.2160
38099,5.3626098,1.2979,9.7766,15,9.2083
38100,5.3627348,1.3056,9.7766,15,9.2083
38101,5.3628598,1.3056,9.7690,15,9.2160
38102,5.3629847,1.3056,9.7690,15,9.2160
38103,5.3631098,1.3056,9.7766,15,9.2083
38104,5.3632348,1.3056,9.7766,15,9.2083
38105,5.3633598,1.3056,9.7690,15,9.2160
38106,5.3634847,1.3056,9.7690,15,9.2160
38107,5.3636098,1.3056,9.7766,15,9.2083
38108,5.3637348,1.3056,9.7766,15,9.2083
38109,5.3638598,1.3056,9.7690,15,9.2160
38110,5.3639847,1.3056,9.7690,15,9.2160
38111,5.3641098,1.3056,9.7766,15,9.2083
38112,5.3642348,1.3056,9.7766,15,9.2083
38113,5.3643598,1.3056,9.7690,15,9.2160
38114,5.3644847,1.3056,9.7690,15,9.2160
38115,5.3646098,1.3056,9.7766,15,9.2083
38116,5.3647348,1.3056,9.7766,15,9.2083
38117,5.3648598,1.3056,9.7690,15,9.2160
38118,5.3649849,1.2979,9.7766,15,9.2083
38119,5.3651098,1.3056,9.7766,15,9.2083
38120,5.3652348,1.3056,9.7690,15,9.2083
38121,5.3653598,1.3056,9.7690,15,9.2160
38122,5.3654849,1.2979,9.7766,15,9.2083
38123,5.3656098,1.3056,9.7766,15,9.2083
38124,5.3657348,1.3056,9.7690,15,9.2083
38125,5.3658598,1.3056,9.7690,15,9.2160
38126,5.3659849,1.2979,9.7766,15,9.2083
38127,5.3661098,1.3056,9.7766,15,9.2083
38128,5.3662348,1.3056,9.7690,15,9.2083
38129,5.3663598,1.3056,9.7690,15,9.2160
38130,5.3664849,1.2979,9.7766,15,9.2083
38131,5.3666098,1.3056,9.7766,15,9.2083
38132,5.3667348,1.3056,9.7690,15,9.2160
38133,5.3668598,1.3056,9.7690,15,9.2160
38134,5.3669849,1.2979,9.7766,15,9.2083
38135,5.3671098,1.3056,9.7766,15,9.2083
38136,5.3672348,1.3056,9.7690,15,9.2160
38137,5.3673598,1.3056,9.7690,15,9.2160
38138,5.3674849,1.2979,9.7766,15,9.2083
38139,5.3676098,1.3056,9.7766,15,9.2083
38140,5.3677348,1.3056,9.7690,15,9.2160
38141,5.3678598,1.3056,9.7690,15,9.2160
38142,5.3679849,1.2979,9.7766,15,9.2083
38143,5.3681098,1.3056,9.7766,15,9.2083
38144,5.3682348,1.3056,9.7690,15,9.2160
38145,5.3683598,1.3056,9.7690,15,9.2160
38146,5.3684849,1.2979,9.7766,15,9.2083
38147,5.3686098,1.3056,9.7766,15,9.2083
38148,5.3687348,1.3056,9.7690,15,9.2160
38149,5.3688598,1.3056,9.7690,15,9.2160
38150,5.3689849,1.2979,9.7766,15,9.2083
38151,5.3691098,1.3056,9.7766,15,9.2083
38152,5.3692348,1.3056,9.7690,15,9.2160
38153,5.3693598,1.3056,9.7690,15,9.2160
38154,5.3694849,1.2979,9.7766,15,9.2083
38155,5.3696098,1.3056,9.7766,15,9.2083
38156,5.3697348,1.3056,9.7690,15,9.2160
38157,5.3698598,1.3056,9.7690,15,9.2160
38158,5.3699849,1.2979,9.7766,15,9.2083
38159,5.3701098,1.3056,9.7766,15,9.2083
38160,5.3702348,1.3056,9.7690,15,9.2160
38161,5.3703598,1.3056,9.7690,15,9.2160
38162,5.3704849,1.2979,9.7766,15,9.2083
38163,5.3706098,1.3056,9.7766,15,9.2083
38164,5.3707348,1.3056,9.7690,15,9.2160
38165,5.3708598,1.3056,9.7690,15,9.2160
38166,5.3709849,1.2979,9.7766,15,9.2083
38167,5.3711098,1.3056,9.7766,15,9.2083
38168,5.3712348,1.3056,9.7690,15,9.2160
38169,5.3713598,1.3056,9.7690,15,9.2160
38170,5.3714849,1.2979,9.7766,15,9.2083
38171,5.3716098,1.3056,9.7766,15,9.2083
38172,5.3717348,1.3056,9.7690,15,9.2160
38173,5.3718598,1.3056,9.7690,15,9.2160
38174,5.3719849,1.2979,9.7766,15,9.2083
38175,5.3721098,1.3056,9.7766,15,9.2083
38176,5.3722348,1.3056,9.7690,15,9.2160
38177,5.3723598,1.3056,9.7690,15,9.2160
38178,5.3724849,1.2979,9.7766,15,9.2083
38179,5.3726098,1.3056,9.7766,15,9.2083
38180,5.3727348,1.3056,9.7690,15,9.2160
38181,5.3728599,1.2979,9.7766,15,9.2083
38182,5.3729849,1.2979,9.7766,15,9.2083
38183,5.3731098,1.3056,9.7766,15,9.2083
38184,5.3732348,1.3056,9.7690,15,9.2160
38185,5.3733599,1.2979,9.7766,15,9.2083
38186,5.3734849,1.2979,9.7766,15,9.2083
38187,5.3736098,1.3056,9.7766,15,9.2083
38188,5.3737348,1.3056,9.7690,15,9.2160
38189,5.3738599,1.2979,9.7766,15,9.2083
38190,5.3739849,1.2979,9.7766,15,9.2083
38191,5.3741098,1.3056,9.7766,15,9.2083
38192,5.3742348,1.3056,9.7690,15,9.2160
38193,5.3743599,1.2979,9.7766,15,9.2083
38194,5.3744849,1.3056,9.7766,15,9.2083
38195,5.3746098,1.3056,9.7766,15,9.2083
38196,5.3747348,1.3056,9.7690,15,9.2160
38197,5.3748599,1.2979,9.7766,15,9.2083
38198,5.3749849,1.3056,9.7766,15,9.2083
38199,5.3751098,1.3056,9.7766,15,9.2083
38200,5.3752348,1.3056,9.7690,15,9.2160
38201,5.3753599,1.2979,9.7766,15,9.2083
38202,5.3754849,1.3056,9.7766,15,9.2083
38203,5.3756098,1.3056,9.7766,15,9.2083
38204,5.3757348,1.3056,9.7690,15,9.2160
38205,5.3758599,1.2979,9.7766,15,9.2083
38206,5.3759849,1.3056,9.7766,15,9.2083
38207,5.3761098,1.3056,9.7766,15,9.2083
38208,5.3762348,1.3056,9.7690,15,9.2160
38209,5.3763599,1.2979,9.7766,15,9.2083
38210,5.3764849,1.3056,9.7766,15,9.2083
38211,5.3766098,1.3056,9.7690,15,9.2083
38212,5.3767348,1.3056,9.7690,15,9.2160
38213,5.3768599,1.2979,9.7766,15,9.2083
38214,5.3769849,1.3056,9.7766,15,9.2083
38215,5.3771098,1.3056,9.7690,15,9.2083
38216,5.3772348,1.3056,9.7690,15,9.2160
38217,5.3773599,1.2979,9.7766,15,9.2083
38218,5.3774849,1.3056,9.7766,15,9.2083
38219,5.3776098,1.3056,9.7690,15,9.2083
38220,5.3777348,1.3056,9.7690,15,9.2160
38221,5.3778599,1.2979,9.7766,15,9.2083
38222,5.3779849,1.3056,9.7766,15,9.2083
38223,5.3781098,1.3056,9.7690,15,9.2160
38224,5.3782348,1.3056,9.7690,15,9.2160
38225,5.3783599,1.2979,9.7766,15,9.2083
38226,5.3784849,1.3056,9.7766,15,9.2083
38227,5.3786098,1.3056,9.7690,15,9.2160
38228,5.3787348,1.3056,9.7690,15,9.2160
38229,5.3788599,1.2979,9.7766,15,9.2083
38230,5.3789849,1.3056,9.7766,15,9.2083
38231,5.3791098,1.3056,9.7690,15,9.2160
38232,5.3792348,1.3056,9.7690,15,9.2160
38233,5.3793599,1.2979,9.7766,15,9.2083
38234,5.3794849,1.3056,9.7766,15,9.2083
38235,5.3796098,1.3056,9.7690,15,9.2160
38236,5.3797348,1.3056,9.7690,15,9.2160
38237,5.3798599,1.2979,9.7766,15,9.2083
38238,5.3799849,1.3056,9.7766,15,9.2083
38239,5.3801098,1.3056,9.7690,15,9.2160
38240,5.3802348,1.3056,9.7690,15,9.2160
38241,5.3803599,1.2979,9.7766,15,9.2083
38242,5.3804849,1.3056,9.7766,15,9.2083
38243,5.3806098,1.3056,9.7690,15,9.2160
38244,5.3807350,1.2979,9.7766,15,9.2083
38245,5.3808599,1.2979,9.7766,15,9.2083
38246,5.3809849,1.3056,9.7766,15,9.2083
38247,5.3811098,1.3056,9.7690,15,9.2160
38248,5.3812350,1.2979,9.7766,15,9.2083
38249,5.3813599,1.2979,9.7766,15,9.2083
38250,5.3814849,1.3056,9.7766,15,9.2083
38251,5.3816098,1.3056,9.7690,15,9.2160
38252,5.3817350,1.2979,9.7766,15,9.2083
38253,5.3818599,1.2979,9.7766,15,9.2083
38254,5.3819849,1.3056,9.7766,15,9.2083
38255,5.3821098,1.3056,9.7690,15,9.2160
38256,5.3822350,1.2979,9.7766,15,9.2083
38257,5.3823599,1.2979,9.7766,15,9.2083
38258,5.3824849,1.3056,9.7766,15,9.2083
38259,5.3826098,1.3056,9.7690,15,9.2160
38260,5.3827350,1.2979,9.7766,15,9.2083
38261,5.3828599,1.2979,9.7766,15,9.2083
38262,5.3829849,1.3056,9.7766,15,9.2083
38263,5.3831098,1.3056,9.7690,15,9.2160
38264,5.3832350,1.2979,9.7766,15,9.2083
38265,5.3833599,1.2979,9.7766,15,9.2083
38266,5.3834849,1.3056,9.7766,15,9.2083
38267,5.3836098,1.3056,9.7690,15,9.2160
38268,5.3837350,1.2979,9.7766,15,9.2083
38269,5.3838599,1.2979,9.7766,15,9.2083
38270,5.3839849,1.3056,9.7766,15,9.2083
38271,5.3841098,1.3056,9.7690,15,9.2160
38272,5.3842350,1.2979,9.7766,15,9.2083
38273,5.3843599,1.2979,9.7766,15,9.2083
38274,5.3844849,1.3056,9.7766,15,9.2083
38275,5.3846098,1.3056,9.7690,15,9.2160
38276,5.3847350,1.2979,9.7766,15,9.2083
38277,5.3848599,1.2979,9.7766,15,9.2083
38278,5.3849849,1.3056,9.7766,15,9.2083
38279,5.3851098,1.3056,9.7690,15,9.2160
38280,5.3852350,1.2979,9.7766,15,9.2083
38281,5.3853599,1.2979,9.7766,15,9.2083
38282,5.3854849,1.3056,9.7766,15,9.2083
38283,5.3856098,1.3056,9.7690,15,9.2160
38284,5.3857350,1.2979,9.7766,15,9.2083
38285,5.3858599,1.3056,9.7766,15,9.2083
38286,5.3859849,1.3056,9.7766,15,9.2083
38287,5.3861098,1.3056,9.7690,15,9.2160
38288,5.3862350,1.2979,9.7766,15,9.2083
38289,5.3863599,1.3056,9.7766,15,9.2083
38290,5.3864849,1.3056,9.7766,15,9.2083
38291,5.3866098,1.3056,9.7690,15,9.2160
38292,5.3867350,1.2979,9.7766,15,9.2083
38293,5.3868599,1.3056,9.7766,15,9.2083
38294,5.3869849,1.3056,9.7766,15,9.2083
38295,5.3871098,1.3056,9.7690,15,9.2160
38296,5.3872350,1.2979,9.7766,15,9.2083
38297,5.3873599,1.3056,9.7766,15,9.2083
38298,5.3874849,1.3056,9.7766,15,9.2083
38299,5.3876098,1.3056,9.7690,15,9.2160
38300,5.3877350,1.2979,9.7766,15,9.2083
38301,5.3878599,1.3056,9.7766,15,9.2083
38302,5.3879849,1.3056,9.7690,15,9.2083
38303,5.3881098,1.3056,9.7690,15,9.2160
38304,5.3882350,1.2979,9.7766,15,9.2083
38305,5.3883599,1.3056,9.7766,15,9.2083
38306,5.3884849,1.3056,9.7690,15,9.2083
38307,5.3886100,1.2979,9.7766,15,9.2083
38308,5.3887350,1.2979,9.7766,15,9.2083
38309,5.3888599,1.3056,9.7766,15,9.2083
38310,5.3889849,1.3056,9.7690,15,9.2083
38311,5.3891100,1.2979,9.7766,15,9.2083
38312,5.3892350,1.2979,9.7766,15,9.2083
38313,5.3893599,1.3056,9.7766,15,9.2083
38314,5.3894849,1.3056,9.7690,15,9.2160
38315,5.3896100,1.2979,9.7766,15,9.2083
38316,5.3897350,1.2979,9.7766,15,9.2083
38317,5.3898599,1.3056,9.7766,15,9.2083
38318,5.3899849,1.3056,9.7690,15,9.2160
38319,5.3901100,1.2979,9.7766,15,9.2083
38320,5.3902350,1.2979,9.7766,15,9.2083
38321,5.3903599,1.3056,9.7766,15,9.2083
38322,5.3904849,1.3056,9.7690,15,9.2160
38323,5.3906100,1.2979,9.7766,15,9.2083
38324,5.3907350,1.2979,9.7766,15,9.2083
38325,5.3908599,1.3056,9.7766,15,9.2083
38326,5.3909849,1.3056,9.7690,15,9.2160
38327,5.3911100,1.2979,9.7766,15,9.2083
38328,5.3912350,1.2979,9.7766,15,9.2083
38329,5.3913599,1.3056,9.7766,15,9.2083
38330,5.3914849,1.3056,9.7690,15,9.2160
38331,5.3916100,1.2979,9.7766,15,9.2083
38332,5.3917350,1.2979,9.7766,15,9.2083
38333,5.3918599,1.3056,9.7766,15,9.2083
38334,5.3919849,1.3056,9.7690,15,9.2160
38335,5.3921100,1.2979,9.7766,15,9.2083
38336,5.3922350,1.2979,9.7766,15,9.2083
38337,5.3923599,1.3056,9.7766,15,9.2083
38338,5.3924849,1.3056,9.7690,15,9.2160
38339,5.3926100,1.2979,9.7766,15,9.2083
38340,5.3927350,1.2979,9.7766,15,9.2083
38341,5.3928599,1.3056,9.7766,15,9.2083
38342,5.3929849,1.3056,9.7690,15,9.2160
38343,5.3931100,1.2979,9.7766,15,9.2083
38344,5.3932350,1.2979,9.7766,15,9.2083
38345,5.3933599,1.3056,9.7766,15,9.2083
38346,5.3934849,1.3056,9.7690,15,9.2160
38347,5.3936100,1.2979,9.7766,15,9.2083
38348,5.3937350,1.2979,9.7766,15,9.2083
38349,5.3938599,1.3056,9.7766,15,9.2083
38350,5.3939849,1.3056,9.7690,15,9.2160
38351,5.3941100,1.2979,9.7766,15,9.2083
38352,5.3942350,1.2979,9.7766,15,9.2083
38353,5.3943599,1.3056,9.7766,15,9.2083
38354,5.3944849,1.3056,9.7690,15,9.2160
38355,5.3946100,1.2979,9.7766,15,9.2083
38356,5.3947350,1.2979,9.7766,15,9.2083
38357,5.3948599,1.3056,9.7766,15,9.2083
38358,5.3949849,1.3056,9.7690,15,9.2160
38359,5.3951100,1.2979,9.7766,15,9.2083
38360,5.3952350,1.2979,9.7766,15,9.2083
38361,5.3953599,1.3056,9.7766,15,9.2083
38362,5.3954849,1.3056,9.7690,15,9.2160
38363,5.3956100,1.2979,9.7766,15,9.2083
38364,5.3957350,1.2979,9.7766,15,9.2083
38365,5.3958599,1.3056,9.7766,15,9.2083
38366,5.3959849,1.3056,9.7690,15,9.2160
38367,5.3961100,1.2979,9.7766,15,9.2083
38368,5.3962350,1.2979,9.7766,15,9.2083
38369,5.3963599,1.3056,9.7766,15,9.2083
38370,5.3964850,1.2979,9.7766,15,9.2083
38371,5.3966100,1.2979,9.7766,15,9.2083
38372,5.3967350,1.3056,9.7766,15,9.2083
38373,5.3968599,1.3056,9.7766,15,9.2083
38374,5.3969850,1.2979,9.7766,15,9.2083
38375,5.3971100,1.2979,9.7766,15,9.2083
38376,5.3972350,1.3056,9.7766,15,9.2083
38377,5.3973599,1.3056,9.7766,15,9.2083
38378,5.3974850,1.2979,9.7766,15,9.2083
38379,5.3976100,1.2979,9.7766,15,9.2083
38380,5.3977350,1.3056,9.7766,15,9.2083
38381,5.3978599,1.3056,9.7766,15,9.2083
38382,5.3979850,1.2979,9.7766,15,9.2083
38383,5.3981100,1.2979,9.7766,15,9.2083
38384,5.3982350,1.3056,9.7766,15,9.2083
38385,5.3983599,1.3056,9.7766,15,9.2083
38386,5.3984850,1.2979,9.7766,15,9.2083
38387,5.3986100,1.2979,9.7766,15,9.2083
38388,5.3987350,1.3056,9.7766,15,9.2083
38389,5.3988599,1.3056,9.7690,15,9.2083
38390,5.3989850,1.2979,9.7766,15,9.2083
38391,5.3991100,1.2979,9.7766,15,9.2083
38392,5.3992350,1.3056,9.7766,15,9.2083
38393,5.3993599,1.3056,9.7690,15,9.2083
38394,5.3994850,1.2979,9.7766,15,9.2083
38395,5.3996100,1.2979,9.7766,15,9.2083
38396,5.3997350,1.3056,9.7766,15,9.2083
38397,5.3998599,1.3056,9.7690,15,9.2083
38398,5.3999850,1.2979,9.7766,15,9.2083
38399,5.4001100,1.2979,9.7766,15,9.2083
38400,5.4002350,1.3056,9.7766,15,9.2083
38401,5.4003599,1.3056,9.7690,15,9.2160
38402,5.4004850,1.2979,9.7766,15,9.2083
38403,5.4006100,1.2979,9.7766,15,9.2083
38404,5.4007350,1.3056,9.7766,15,9.2083
38405,5.4008599,1.3056,9.7690,15,9.2160
38406,5.4009850,1.2979,9.7766,15,9.2083
38407,5.4011100,1.2979,9.7766,15,9.2083
38408,5.4012350,1.3056,9.7766,15,9.2083
38409,5.4013599,1.3056,9.7690,15,9.2160
38410,5.4014850,1.2979,9.7766,15,9.2083
38411,5.4016100,1.2979,9.7766,15,9.2083
38412,5.4017350,1.3056,9.7766,15,9.2083
38413,5.4018599,1.3056,9.7690,15,9.2160
38414,5.4019850,1.2979,9.7766,15,9.2083
38415,5.4021100,1.2979,9.7766,15,9.2083
38416,5.4022350,1.3056,9.7766,15,9.2083
38417,5.4023599,1.3056,9.7690,15,9.2160
38418,5.4024850,1.2979,9.7766,15,9.2083
38419,5.4026100,1.2979,9.7766,15,9.2083
38420,5.4027350,1.3056,9.7766,15,9.2083
38421,5.4028599,1.3056,9.7690,15,9.2160
38422,5.4029850,1.2979,9.7766,15,9.2083
38423,5.4031100,1.2979,9.7766,15,9.2083
38424,5.4032350,1.3056,9.7766,15,9.2083
38425,5.4033599,1.3056,9.7690,15,9.2160
38426,5.4034850,1.2979,9.7766,15,9.2083
38427,5.4036100,1.2979,9.7766,15,9.2083
38428,5.4037350,1.3056,9.7766,15,9.2083
38429,5.4038599,1.3056,9.7690,15,9.2160
38430,5.4039850,1.2979,9.7766,15,9.2083
38431,5.4041100,1.2979,9.7766,15,9.2083
38432,5.4042350,1.3056,9.7766,15,9.2083
38433,5.4043601,1.2979,9.7766,15,9.2083
38434,5.4044850,1.2979,9.7766,15,9.2083
38435,5.4046100,1.2979,9.7766,15,9.2083
38436,5.4047350,1.3056,9.7766,15,9.2083
38437,5.4048601,1.2979,9.7766,15,9.2083
38438,5.4049850,1.2979,9.7766,15,9.2083
38439,5.4051100,1.2979,9.7766,15,9.2083
38440,5.4052350,1.3056,9.7766,15,9.2083
38441,5.4053601,1.2979,9.7766,15,9.2083
38442,5.4054850,1.2979,9.7766,15,9.2083
38443,5.4056100,1.2979,9.7766,15,9.2083
38444,5.4057350,1.3056,9.7766,15,9.2083
38445,5.4058601,1.2979,9.7766,15,9.2083
38446,5.4059850,1.2979,9.7766,15,9.2083
38447,5.4061100,1.2979,9.7766,15,9.2083
38448,5.4062350,1.3056,9.7766,15,9.2083
38449,5.4063601,1.2979,9.7766,15,9.2083
38450,5.4064850,1.2979,9.7766,15,9.2083
38451,5.4066100,1.2979,9.7766,15,9.2083
38452,5.4067350,1.3056,9.7766,15,9.2083
38453,5.4068601,1.2979,9.7766,15,9.2083
38454,5.4069850,1.2979,9.7766,15,9.2083
38455,5.4071100,1.2979,9.7766,15,9.2083
38456,5.4072350,1.3056,9.7766,15,9.2083
38457,5.4073601,1.2979,9.7766,15,9.2083
38458,5.4074850,1.2979,9.7766,15,9.2083
38459,5.4076100,1.3056,9.7766,15,9.2083
38460,5.4077350,1.3056,9.7766,15,9.2083
38461,5.4078601,1.2979,9.7766,15,9.2083
38462,5.4079850,1.2979,9.7766,15,9.2083
38463,5.4081100,1.3056,9.7766,15,9.2083
38464,5.4082350,1.3056,9.7766,15,9.2083
38465,5.4083601,1.2979,9.7766,15,9.2083
38466,5.4084850,1.2979,9.7766,15,9.2083
38467,5.4086100,1.3056,9.7766,15,9.2083
38468,5.4087350,1.3056,9.7766,15,9.2083
38469,5.4088601,1.2979,9.7766,15,9.2083
38470,5.4089850,1.2979,9.7766,15,9.2083
38471,5.4091100,1.3056,9.7766,15,9.2083
38472,5.4092350,1.3056,9.7766,15,9.2083
38473,5.4093601,1.2979,9.7766,15,9.2083
38474,5.4094850,1.2979,9.7766,15,9.2083
38475,5.4096100,1.3056,9.7766,15,9.2083
38476,5.4097350,1.3056,9.7690,15,9.2083
38477,5.4098601,1.2979,9.7766,15,9.2083
38478,5.4099850,1.2979,9.7766,15,9.2083
38479,5.4101100,1.3056,9.7766,15,9.2083
38480,5.4102350,1.3056,9.7690,15,9.2083
38481,5.4103601,1.2979,9.7766,15,9.2083
38482,5.4104850,1.2979,9.7766,15,9.2083
38483,5.4106100,1.3056,9.7766,15,9.2083
38484,5.4107350,1.3056,9.7690,15,9.2083
38485,5.4108601,1.2979,9.7766,15,9.2083
38486,5.4109850,1.2979,9.7766,15,9.2083
38487,5.4111100,1.3056,9.7766,15,9.2083
38488,5.4112350,1.3056,9.7690,15,9.2160
38489,5.4113601,1.2979,9.7766,15,9.2083
38490,5.4114850,1.2979,9.7766,15,9.2083
38491,5.4116100,1.3056,9.7766,15,9.2083
38492,5.4117350,1.3056,9.7690,15,9.2160
38493,5.4118601,1.2979,9.7766,15,9.2083
38494,5.4119850,1.2979,9.7766,15,9.2083
38495,5.4121100,1.3056,9.7766,15,9.2083
38496,5.4122351,1.2979,9.7766,15,9.2083
38497,5.4123601,1.2979,9.7766,15,9.2083
38498,5.4124850,1.2979,9.7766,15,9.2083
38499,5.4126100,1.3056,9.7766,15,9.2083
38500,5.4127351,1.2979,9.7766,15,9.2083
38501,5.4128601,1.2979,9.7766,15,9.2083
38502,5.4129850,1.2979,9.7766,15,9.2083
38503,5.4131100,1.3056,9.7766,15,9.2083
38504,5.4132351,1.2979,9.7766,15,9.2083
38505,5.4133601,1.2979,9.7766,15,9.2083
38506,5.4134850,1.2979,9.7766,15,9.2083
38507,5.4136100,1.3056,9.7766,15,9.2083
38508,5.4137351,1.2979,9.7766,15,9.2083
38509,5.4138601,1.2979,9.7766,15,9.2083
38510,5.4139850,1.2979,9.7766,15,9.2083
38511,5.4141100,1.3056,9.7766,15,9.2083
38512,5.4142351,1.2979,9.7766,15,9.2083
38513,5.4143601,1.2979,9.7766,15,9.2083
38514,5.4144850,1.2979,9.7766,15,9.2083
38515,5.4146100,1.3056,9.7766,15,9.2083
38516,5.4147351,1.2979,9.7766,15,9.2083
38517,5.4148601,1.2979,9.7766,15,9.2083
38518,5.4149850,1.2979,9.7766,15,9.2083
38519,5.4151100,1.3056,9.7766,15,9.2083
38520,5.4152351,1.2979,9.7766,15,9.2083
38521,5.4153601,1.2979,9.7766,15,9.2083
38522,5.4154850,1.2979,9.7766,15,9.2083
38523,5.4156100,1.3056,9.7766,15,9.2083
38524,5.4157351,1.2979,9.7766,15,9.2083
38525,5.4158601,1.2979,9.7766,15,9.2083
38526,5.4159850,1.2979,9.7766,15,9.2083
38527,5.4161100,1.3056,9.7766,15,9.2083
38528,5.4162351,1.2979,9.7766,15,9.2083
38529,5.4163601,1.2979,9.7766,15,9.2083
38530,5.4164850,1.2979,9.7766,15,9.2083
38531,5.4166100,1.3056,9.7766,15,9.2083
38532,5.4167351,1.2979,9.7766,15,9.2083
38533,5.4168601,1.2979,9.7766,15,9.2083
38534,5.4169850,1.2979,9.7766,15,9.2083
38535,5.4171100,1.3056,9.7766,15,9.2083
38536,5.4172351,1.2979,9.7766,15,9.2083
38537,5.4173601,1.2979,9.7766,15,9.2083
38538,5.4174850,1.2979,9.7766,15,9.2083
38539,5.4176100,1.3056,9.7766,15,9.2083
38540,5.4177351,1.2979,9.7766,15,9.2083
38541,5.4178601,1.2979,9.7766,15,9.2083
38542,5.4179850,1.2979,9.7766,15,9.2083
38543,5.4181100,1.3056,9.7766,15,9.2083
38544,5.4182351,1.2979,9.7766,15,9.2083
38545,5.4183601,1.2979,9.7766,15,9.2083
38546,5.4184850,1.3056,9.7766,15,9.2083
38547,5.4186100,1.3056,9.7766,15,9.2083
38548,5.4187351,1.2979,9.7766,15,9.2083
38549,5.4188601,1.2979,9.7766,15,9.2083
38550,5.4189850,1.3056,9.7766,15,9.2083
38551,5.4191100,1.3056,9.7766,15,9.2083
38552,5.4192351,1.2979,9.7766,15,9.2083
38553,5.4193601,1.2979,9.7766,15,9.2083
38554,5.4194850,1.3056,9.7766,15,9.2083
38555,5.4196100,1.3056,9.7766,15,9.2083
38556,5.4197351,1.2979,9.7766,15,9.2083
38557,5.4198601,1.2979,9.7766,15,9.2083
38558,5.4199850,1.3056,9.7766,15,9.2083
38559,5.4201102,1.2979,9.7843,15,9.2006
38560,5.4202351,1.2979,9.7766,15,9.2083
38561,5.4203601,1.2979,9.7766,15,9.2083
38562,5.4204850,1.3056,9.7766,15,9.2083
38563,5.4206102,1.2979,9.7766,15,9.2006
38564,5.4207351,1.2979,9.7766,15,9.2083
38565,5.4208601,1.2979,9.7766,15,9.2083
38566,5.4209850,1.3056,9.7766,15,9.2083
38567,5.4211102,1.2979,9.7766,15,9.2006
38568,5.4212351,1.2979,9.7766,15,9.2083
38569,5.4213601,1.2979,9.7766,15,9.2083
38570,5.4214850,1.3056,9.7766,15,9.2083
38571,5.4216102,1.2979,9.7766,15,9.2006
38572,5.4217351,1.2979,9.7766,15,9.2083
38573,5.4218601,1.2979,9.7766,15,9.2083
38574,5.4219850,1.3056,9.7766,15,9.2083
38575,5.4221102,1.2979,9.7766,15,9.2083
38576,5.4222351,1.2979,9.7766,15,9.2083
38577,5.4223601,1.2979,9.7766,15,9.2083
38578,5.4224850,1.3056,9.7766,15,9.2083
38579,5.4226102,1.2979,9.7766,15,9.2083
38580,5.4227351,1.2979,9.7766,15,9.2083
38581,5.4228601,1.2979,9.7766,15,9.2083
38582,5.4229850,1.3056,9.7766,15,9.2083
38583,5.4231102,1.2979,9.7766,15,9.2083
38584,5.4232351,1.2979,9.7766,15,9.2083
38585,5.4233601,1.2979,9.7766,15,9.2083
38586,5.4234850,1.3056,9.7766,15,9.2083
38587,5.4236102,1.2979,9.7766,15,9.2083
38588,5.4237351,1.2979,9.7766,15,9.2083
38589,5.4238601,1.2979,9.7766,15,9.2083
38590,5.4239850,1.3056,9.7766,15,9.2083
38591,5.4241102,1.2979,9.7766,15,9.2083
38592,5.4242351,1.2979,9.7766,15,9.2083
38593,5.4243601,1.2979,9.7766,15,9.2083
38594,5.4244850,1.3056,9.7766,15,9.2083
38595,5.4246102,1.2979,9.7766,15,9.2083
38596,5.4247351,1.2979,9.7766,15,9.2083
38597,5.4248601,1.2979,9.7766,15,9.2083
38598,5.4249850,1.3056,9.7766,15,9.2083
38599,5.4251102,1.2979,9.7766,15,9.2083
38600,5.4252351,1.2979,9.7766,15,9.2083
38601,5.4253601,1.2979,9.7766,15,9.2083
38602,5.4254850,1.3056,9.7766,15,9.2083
38603,5.4256102,1.2979,9.7766,15,9.2083
38604,5.4257351,1.2979,9.7766,15,9.2083
38605,5.4258601,1.2979,9.7766,15,9.2083
38606,5.4259850,1.3056,9.7766,15,9.2083
38607,5.4261102,1.2979,9.7766,15,9.2083
38608,5.4262351,1.2979,9.7766,15,9.2083
38609,5.4263601,1.2979,9.7766,15,9.2083
38610,5.4264850,1.3056,9.7766,15,9.2083
38611,5.4266102,1.2979,9.7766,15,9.2083
38612,5.4267351,1.2979,9.7766,15,9.2083
38613,5.4268601,1.2979,9.7766,15,9.2083
38614,5.4269850,1.3056,9.7766,15,9.2083
38615,5.4271102,1.2979,9.7766,15,9.2083
38616,5.4272351,1.2979,9.7766,15,9.2083
38617,5.4273601,1.2979,9.7766,15,9.2083
38618,5.4274850,1.3056,9.7766,15,9.2083
38619,5.4276102,1.2979,9.7766,15,9.2083
38620,5.4277351,1.2979,9.7766,15,9.2083
38621,5.4278601,1.2979,9.7766,15,9.2083
38622,5.4279852,1.2979,9.7843,15,9.2006
38623,5.4281102,1.2979,9.7766,15,9.2083
38624,5.4282351,1.2979,9.7766,15,9.2083
38625,5.4283601,1.2979,9.7766,15,9.2083
38626,5.4284852,1.2979,9.7843,15,9.2006
38627,5.4286102,1.2979,9.7766,15,9.2083
38628,5.4287351,1.2979,9.7766,15,9.2083
38629,5.4288601,1.3056,9.7766,15,9.2083
38630,5.4289852,1.2979,9.7843,15,9.2006
38631,5.4291102,1.2979,9.7766,15,9.2083
38632,5.4292351,1.2979,9.7766,15,9.2083
38633,5.4293601,1.3056,9.7766,15,9.2083
38634,5.4294852,1.2979,9.7843,15,9.2006
38635,5.4296102,1.2979,9.7766,15,9.2083
38636,5.4297351,1.2979,9.7766,15,9.2083
38637,5.4298601,1.3056,9.7766,15,9.2083
38638,5.4299852,1.2979,9.7843,15,9.2006
38639,5.4301102,1.2979,9.7766,15,9.2083
38640,5.4302351,1.2979,9.7766,15,9.2083
38641,5.4303601,1.3056,9.7766,15,9.2083
38642,5.4304852,1.2979,9.7843,15,9.2006
38643,5.4306102,1.2979,9.7766,15,9.2083
38644,5.4307351,1.2979,9.7766,15,9.2083
38645,5.4308601,1.3056,9.7766,15,9.2083
38646,5.4309852,1.2979,9.7766,15,9.2006
38647,5.4311102,1.2979,9.7766,15,9.2083
38648,5.4312351,1.2979,9.7766,15,9.2083
38649,5.4313601,1.3056,9.7766,15,9.2083
38650,5.4314852,1.2979,9.7766,15,9.2006
38651,5.4316102,1.2979,9.7766,15,9.2083
38652,5.4317351,1.2979,9.7766,15,9.2083
38653,5.4318601,1.3056,9.7766,15,9.2083
38654,5.4319852,1.2979,9.7766,15,9.2006
38655,5.4321102,1.2979,9.7766,15,9.2083
38656,5.4322351,1.2979,9.7766,15,9.2083
38657,5.4323601,1.3056,9.7766,15,9.2083
38658,5.4324852,1.2979,9.7766,15,9.2083
38659,5.4326102,1.2979,9.7766,15,9.2083
38660,5.4327351,1.2979,9.7766,15,9.2083
38661,5.4328601,1.3056,9.7766,15,9.2083
38662,5.4329852,1.2979,9.7766,15,9.2083
38663,5.4331102,1.2979,9.7766,15,9.2083
38664,5.4332351,1.2979,9.7766,15,9.2083
38665,5.4333601,1.3056,9.7766,15,9.2083
38666,5.4334852,1.2979,9.7766,15,9.2083
38667,5.4336102,1.2979,9.7766,15,9.2083
38668,5.4337351,1.2979,9.7766,15,9.2083
38669,5.4338601,1.3056,9.7766,15,9.2083
38670,5.4339852,1.2979,9.7766,15,9.2083
38671,5.4341102,1.2979,9.7766,15,9.2083
38672,5.4342351,1.2979,9.7766,15,9.2083
38673,5.4343601,1.3056,9.7766,15,9.2083
38674,5.4344852,1.2979,9.7766,15,9.2083
38675,5.4346102,1.2979,9.7766,15,9.2083
38676,5.4347351,1.2979,9.7766,15,9.2083
38677,5.4348601,1.3056,9.7766,15,9.2083
38678,5.4349852,1.2979,9.7766,15,9.2083
38679,5.4351102,1.2979,9.7766,15,9.2083
38680,5.4352351,1.2979,9.7766,15,9.2083
38681,5.4353601,1.3056,9.7766,15,9.2083
38682,5.4354852,1.2979,9.7766,15,9.2083
38683,5.4356102,1.2979,9.7766,15,9.2083
38684,5.4357351,1.2979,9.7766,15,9.2083
38685,5.4358602,1.2979,9.7843,15,9.2006
38686,5.4359852,1.2979,9.7766,15,9.2083
38687,5.4361102,1.2979,9.7766,15,9.2083
38688,5.4362351,1.2979,9.7766,15,9.2083
38689,5.4363602,1.2979,9.7843,15,9.2006
38690,5.4364852,1.2979,9.7766,15,9.2083
38691,5.4366102,1.2979,9.7766,15,9.2083
38692,5.4367351,1.2979,9.7766,15,9.2083
38693,5.4368602,1.2979,9.7843,15,9.2006
38694,5.4369852,1.2979,9.7766,15,9.2083
38695,5.4371102,1.2979,9.7766,15,9.2083
38696,5.4372351,1.2979,9.7766,15,9.2083
38697,5.4373602,1.2979,9.7843,15,9.2006
38698,5.4374852,1.2979,9.7766,15,9.2083
38699,5.4376102,1.2979,9.7766,15,9.2083
38700,5.4377351,1.2979,9.7766,15,9.2083
38701,5.4378602,1.2979,9.7843,15,9.2006
38702,5.4379852,1.2979,9.7766,15,9.2083
38703,5.4381102,1.2979,9.7766,15,9.2083
38704,5.4382351,1.2979,9.7766,15,9.2083
38705,5.4383602,1.2979,9.7843,15,9.2006
38706,5.4384852,1.2979,9.7766,15,9.2083
38707,5.4386102,1.2979,9.7766,15,9.2083
38708,5.4387351,1.2979,9.7766,15,9.2083
38709,5.4388602,1.2979,9.7843,15,9.2006
38710,5.4389852,1.2979,9.7766,15,9.2083
38711,5.4391102,1.2979,9.7766,15,9.2083
38712,5.4392351,1.3056,9.7766,15,9.2083
38713,5.4393602,1.2979,9.7843,15,9.2006
38714,5.4394852,1.2979,9.7766,15,9.2083
38715,5.4396102,1.2979,9.7766,15,9.2083
38716,5.4397351,1.3056,9.7766,15,9.2083
38717,5.4398602,1.2979,9.7843,15,9.2006
38718,5.4399852,1.2979,9.7766,15,9.2083
38719,5.4401102,1.2979,9.7766,15,9.2083
38720,5.4402351,1.3056,9.7766,15,9.2083
38721,5.4403602,1.2979,9.7843,15,9.2006
38722,5.4404852,1.2979,9.7766,15,9.2083
38723,5.4406102,1.2979,9.7766,15,9.2083
38724,5.4407351,1.3056,9.7766,15,9.2083
38725,5.4408602,1.2979,9.7843,15,9.2006
38726,5.4409852,1.2979,9.7766,15,9.2083
38727,5.4411102,1.2979,9.7766,15,9.2083
38728,5.4412351,1.3056,9.7766,15,9.2083
38729,5.4413602,1.2979,9.7766,15,9.2006
38730,5.4414852,1.2979,9.7766,15,9.2083
38731,5.4416102,1.2979,9.7766,15,9.2083
38732,5.4417351,1.3056,9.7766,15,9.2083
38733,5.4418602,1.2979,9.7766,15,9.2006
38734,5.4419852,1.2979,9.7766,15,9.2083
38735,5.4421102,1.2979,9.7766,15,9.2083
38736,5.4422351,1.3056,9.7766,15,9.2083
38737,5.4423602,1.2979,9.7766,15,9.2006
38738,5.4424852,1.2979,9.7766,15,9.2083
38739,5.4426102,1.2979,9.7766,15,9.2083
38740,5.4427351,1.3056,9.7766,15,9.2083
38741,5.4428602,1.2979,9.7766,15,9.2083
38742,5.4429852,1.2979,9.7766,15,9.2083
38743,5.4431102,1.2979,9.7766,15,9.2083
38744,5.4432351,1.3056,9.7766,15,9.2083
38745,5.4433602,1.2979,9.7766,15,9.2083
38746,5.4434852,1.2979,9.7766,15,9.2083
38747,5.4436102,1.2979,9.7766,15,9.2083
38748,5.4437353,1.2979,9.7843,15,9.2006
38749,5.4438602,1.2979,9.7766,15,9.2083
38750,5.4439852,1.2979,9.7766,15,9.2083
38751,5.4441102,1.2979,9.7766,15,9.2083
38752,5.4442353,1.2979,9.7843,15,9.2006
38753,5.4443602,1.2979,9.7766,15,9.2083
38754,5.4444852,1.2979,9.7766,15,9.2083
38755,5.4446102,1.2979,9.7766,15,9.2083
38756,5.4447353,1.2979,9.7843,15,9.2006
38757,5.4448602,1.2979,9.7766,15,9.2083
38758,5.4449852,1.2979,9.7766,15,9.2083
38759,5.4451102,1.2979,9.7766,15,9.2083
38760,5.4452353,1.2979,9.7843,15,9.2006
38761,5.4453602,1.2979,9.7766,15,9.2083
38762,5.4454852,1.2979,9.7766,15,9.2083
38763,5.4456102,1.2979,9.7766,15,9.2083
38764,5.4457353,1.2979,9.7843,15,9.2006
38765,5.4458602,1.2979,9.7766,15,9.2083
38766,5.4459852,1.2979,9.7766,15,9.2083
38767,5.4461102,1.2979,9.7766,15,9.2083
38768,5.4462353,1.2979,9.7843,15,9.2006
38769,5.4463602,1.2979,9.7766,15,9.2083
38770,5.4464852,1.2979,9.7766,15,9.2083
38771,5.4466102,1.2979,9.7766,15,9.2083
38772,5.4467353,1.2979,9.7843,15,9.2006
38773,5.4468602,1.2979,9.7766,15,9.2083
38774,5.4469852,1.2979,9.7766,15,9.2083
38775,5.4471102,1.2979,9.7766,15,9.2083
38776,5.4472353,1.2979,9.7843,15,9.2006
38777,5.4473602,1.2979,9.7766,15,9.2083
38778,5.4474852,1.2979,9.7766,15,9.2083
38779,5.4476102,1.2979,9.7766,15,9.2083
38780,5.4477353,1.2979,9.7843,15,9.2006
38781,5.4478602,1.2979,9.7766,15,9.2083
38782,5.4479852,1.2979,9.7766,15,9.2083
38783,5.4481102,1.2979,9.7766,15,9.2083
38784,5.4482353,1.2979,9.7843,15,9.2006
38785,5.4483602,1.2979,9.7766,15,9.2083
38786,5.4484852,1.2979,9.7766,15,9.2083
38787,5.4486102,1.2979,9.7766,15,9.2083
38788,5.4487353,1.2979,9.7843,15,9.2006
38789,5.4488602,1.2979,9.7766,15,9.2083
38790,5.4489852,1.2979,9.7766,15,9.2083
38791,5.4491102,1.2979,9.7766,15,9.2083
38792,5.4492353,1.2979,9.7843,15,9.2006
38793,5.4493602,1.2979,9.7766,15,9.2083
38794,5.4494852,1.2979,9.7766,15,9.2083
38795,5.4496102,1.2979,9.7766,15,9.2083
38796,5.4497353,1.2979,9.7843,15,9.2006
38797,5.4498602,1.2979,9.7766,15,9.2083
38798,5.4499852,1.2979,9.7766,15,9.2083
38799,5.4501102,1.3056,9.7766,15,9.2083
38800,5.4502353,1.2979,9.7843,15,9.2006
38801,5.4503602,1.2979,9.7766,15,9.2083
38802,5.4504852,1.2979,9.7766,15,9.2083
38803,5.4506102,1.3056,9.7766,15,9.2083
38804,5.4507353,1.2979,9.7843,15,9.2006
38805,5.4508602,1.2979,9.7766,15,9.2083
38806,5.4509852,1.2979,9.7766,15,9.2083
38807,5.4511102,1.3056,9.7766,15,9.2083
38808,5.4512353,1.2979,9.7843,15,9.2006
38809,5.4513602,1.2979,9.7766,15,9.2083
38810,5.4514852,1.2979,9.7766,15,9.2083
38811,5.4516103,1.2979,9.7843,15,9.2006
38812,5.4517353,1.2979,9.7766,15,9.2006
38813,5.4518602,1.2979,9.7766,15,9.2083
38814,5.4519852,1.2979,9.7766,15,9.2083
38815,5.4521103,1.2979,9.7843,15,9.2006
38816,5.4522353,1.2979,9.7766,15,9.2006
38817,5.4523602,1.2979,9.7766,15,9.2083
38818,5.4524852,1.2979,9.7766,15,9.2083
38819,5.4526103,1.2979,9.7843,15,9.2006
38820,5.4527353,1.2979,9.7766,15,9.2006
38821,5.4528602,1.2979,9.7766,15,9.2083
38822,5.4529852,1.2979,9.7766,15,9.2083
38823,5.4531103,1.2979,9.7843,15,9.2006
38824,5.4532353,1.2979,9.7766,15,9.2083
38825,5.4533602,1.2979,9.7766,15,9.2083
38826,5.4534852,1.2979,9.7766,15,9.2083
38827,5.4536103,1.2979,9.7843,15,9.2006
38828,5.4537353,1.2979,9.7766,15,9.2083
38829,5.4538602,1.2979,9.7766,15,9.2083
38830,5.4539852,1.2979,9.7766,15,9.2083
38831,5.4541103,1.2979,9.7843,15,9.2006
38832,5.4542353,5.2992,9.7766,14,8.2022
38833,5.4543602,5.2992,9.7766,14,8.2099
38834,5.4544852,5.2992,5.7754,14,8.2099
38835,5.4546103,5.2915,5.7830,14,8.2022
38836,5.4547353,5.2992,5.7830,14,8.2022
38837,5.4548602,5.2992,5.7754,14,8.2099
38838,5.4549852,5.2992,5.7754,14,8.2099
38839,5.4551103,5.2915,5.7830,14,8.2022
38840,5.4552353,5.2992,5.7830,14,8.2022
38841,5.4553602,5.2992,5.7754,14,8.2099
38842,5.4554852,5.2992,5.7754,14,8.2099
38843,5.4556103,5.2915,5.7830,14,8.2022
38844,5.4557353,5.2992,5.7830,14,8.2022
38845,5.4558602,5.2992,5.7754,14,8.2099
38846,5.4559852,5.2992,5.7754,14,8.2099
38847,5.4561103,5.2915,5.7830,14,8.2022
38848,5.4562353,5.2992,5.7830,14,8.2022
38849,5.4563602,5.2992,5.7754,14,8.2099
38850,5.4564852,5.2992,5.7754,14,8.2099
38851,5.4566103,5.2992,5.7830,14,8.2022
38852,5.4567353,5.2992,5.7830,14,8.2022
38853,5.4568602,5.2992,5.7754,14,8.2099
38854,5.4569852,5.2992,5.7754,14,8.2099
38855,5.4571103,5.2992,5.7830,14,8.2022
38856,5.4572353,5.2992,5.7830,14,8.2022
38857,5.4573602,5.2992,5.7754,14,8.2099
38858,5.4574852,5.2992,5.7754,14,8.2099
38859,5.4576103,5.2992,5.7830,14,8.2022
38860,5.4577353,5.2992,5.7830,14,8.2022
38861,5.4578602,5.2992,5.7754,14,8.2099
38862,5.4579852,5.2992,5.7754,14,8.2099
38863,5.4581103,5.2992,5.7830,14,8.2022
38864,5.4582353,5.2992,5.7754,14,8.2022
38865,5.4583602,5.2992,5.7754,14,8.2099
38866,5.4584852,5.2992,5.7754,14,8.2099
38867,5.4586103,5.2992,5.7830,14,8.2022
38868,5.4587353,5.2992,5.7754,14,8.2022
38869,5.4588602,5.2992,5.7754,14,8.2099
38870,5.4589852,5.2992,5.7754,14,8.2099
38871,5.4591103,5.2992,5.7830,14,8.2022
38872,5.4592353,5.2992,5.7754,14,8.2022
38873,5.4593602,5.2992,5.7754,14,8.2099
38874,5.4594854,5.2915,5.7830,14,8.2022
38875,5.4596103,5.2992,5.7830,14,8.2022
38876,5.4597353,5.2992,5.7754,14,8.2022
38877,5.4598602,5.2992,5.7754,14,8.2099
38878,5.4599854,5.2915,5.7830,14,8.2022
38879,5.4601103,5.2992,5.7830,14,8.2022
38880,5.4602353,5.2992,5.7754,14,8.2022
38881,5.4603602,5.2992,5.7754,14,8.2099
38882,5.4604854,5.2915,5.7830,14,8.2022
38883,5.4606103,5.2992,5.7830,14,8.2022
38884,5.4607353,5.2992,5.7754,14,8.2022
38885,5.4608602,5.2992,5.7754,14,8.2099
38886,5.4609854,5.2915,5.7830,14,8.2022
38887,5.4611103,5.2992,5.7830,14,8.2022
38888,5.4612353,5.2992,5.7754,14,8.2022
38889,5.4613602,5.2992,5.7754,14,8.2099
38890,5.4614854,5.2915,5.7830,14,8.2022
38891,5.4616103,5.2992,5.7830,14,8.2022
38892,5.4617353,5.2992,5.7754,14,8.2099
38893,5.4618602,5.2992,5.7754,14,8.2099
38894,5.4619854,5.2915,5.7830,14,8.2022
38895,5.4621103,5.2992,5.7830,14,8.2022
38896,5.4622353,5.2992,5.7754,14,8.2099
38897,5.4623602,5.2992,5.7754,14,8.2099
38898,5.4624854,5.2915,5.7830,14,8.2022
38899,5.4626103,5.2992,5.7830,14,8.2022
38900,5.4627353,5.2992,5.7754,14,8.2099
38901,5.4628602,5.2992,5.7754,14,8.2099
38902,5.4629854,5.2915,5.7830,14,8.2022
38903,5.4631103,5.2992,5.7830,14,8.2022
38904,5.4632353,5.2992,5.7754,14,8.2099
38905,5.4633602,5.2992,5.7754,14,8.2099
38906,5.4634854,5.2915,5.7830,14,8.2022
38907,5.4636103,5.2992,5.7830,14,8.2022
38908,5.4637353,5.2992,5.7754,14,8.2099
38909,5.4638602,5.2992,5.7754,14,8.2099
38910,5.4639854,5.2915,5.7830,14,8.2022
38911,5.4641103,5.2992,5.7830,14,8.2022
38912,5.4642353,5.2992,5.7754,14,8.2099
38913,5.4643602,5.2992,5.7754,14,8.2099
38914,5.4644854,5.2915,5.7830,14,8.2022
38915,5.4646103,5.2992,5.7830,14,8.2022
38916,5.4647353,5.2992,5.7754,14,8.2099
38917,5.4648602,5.2992,5.7754,14,8.2099
38918,5.4649854,5.2915,5.7830,14,8.2022
38919,5.4651103,5.2992,5.7830,14,8.2022
38920,5.4652353,5.2992,5.7754,14,8.2099
38921,5.4653602,5.2992,5.7754,14,8.2099
38922,5.4654854,5.2915,5.7830,14,8.2022
38923,5.4656103,5.2992,5.7830,14,8.2022
38924,5.4657353,5.2992,5.7754,14,8.2099
38925,5.4658602,5.2992,5.7754,14,8.2099
38926,5.4659854,5.2915,5.7830,14,8.2022
38927,5.4661103,5.2992,5.7830,14,8.2022
38928,5.4662353,5.2992,5.7754,14,8.2099
38929,5.4663602,5.2992,5.7754,14,8.2099
38930,5.4664854,5.2992,5.7830,14,8.2022
38931,5.4666103,5.2992,5.7830,14,8.2022
38932,5.4667353,5.2992,5.7754,14,8.2099
38933,5.4668602,5.2992,5.7754,14,8.2099
38934,5.4669854,5.2992,5.7830,14,8.2022
38935,5.4671103,5.2992,5.7830,14,8.2022
38936,5.4672353,5.2992,5.7754,14,8.2099
38937,5.4673604,5.2915,5.7830,14,8.2022
38938,5.4674854,5.2992,5.7830,14,8.2022
38939,5.4676103,5.2992,5.7830,14,8.2022
38940,5.4677353,5.2992,5.7754,14,8.2099
38941,5.4678604,5.2915,5.7830,14,8.2022
38942,5.4679854,5.2992,5.7830,14,8.2022
38943,5.4681103,5.2992,5.7830,14,8.2022
38944,5.4682353,5.2992,5.7754,14,8.2099
38945,5.4683604,5.2915,5.7830,14,8.2022
38946,5.4684854,5.2992,5.7830,14,8.2022
38947,5.4686103,5.2992,5.7754,14,8.2022
38948,5.4687353,5.2992,5.7754,14,8.2099
38949,5.4688604,5.2915,5.7830,14,8.2022
38950,5.4689854,5.2992,5.7830,14,8.2022
38951,5.4691103,5.2992,5.7754,14,8.2022
38952,5.4692353,5.2992,5.7754,14,8.2099
38953,5.4693604,5.2915,5.7830,14,8.2022
38954,5.4694854,5.2992,5.7830,14,8.2022
38955,5.4696103,5.2992,5.7754,14,8.2022
38956,5.4697353,5.2992,5.7754,14,8.2099
38957,5.4698604,5.2915,5.7830,14,8.2022
38958,5.4699854,5.2992,5.7830,14,8.2022
38959,5.4701103,5.2992,5.7754,14,8.2022
38960,5.4702353,5.2992,5.7754,14,8.2099
38961,5.4703604,5.2915,5.7830,14,8.2022
38962,5.4704854,5.2992,5.7830,14,8.2022
38963,5.4706103,5.2992,5.7754,14,8.2022
38964,5.4707353,5.2992,5.7754,14,8.2099
38965,5.4708604,5.2915,5.7830,14,8.2022
38966,5.4709854,5.2992,5.7830,14,8.2022
38967,5.4711103,5.2992,5.7754,14,8.2022
38968,5.4712353,5.2992,5.7754,14,8.2099
38969,5.4713604,5.2915,5.7830,14,8.2022
38970,5.4714854,5.2992,5.7830,14,8.2022
38971,5.4716103,5.2992,5.7754,14,8.2099
38972,5.4717353,5.2992,5.7754,14,8.2099
38973,5.4718604,5.2915,5.7830,14,8.2022
38974,5.4719854,5.2992,5.7830,14,8.2022
38975,5.4721103,5.2992,5.7754,14,8.2099
38976,5.4722353,5.2992,5.7754,14,8.2099
38977,5.4723604,5.2915,5.7830,14,8.2022
38978,5.4724854,5.2992,5.7830,14,8.2022
38979,5.4726103,5.2992,5.7754,14,8.2099
38980,5.4727353,5.2992,5.7754,14,8.2099
38981,5.4728604,5.2915,5.7830,14,8.2022
38982,5.4729854,5.2992,5.7830,14,8.2022
38983,5.4731103,5.2992,5.7754,14,8.2099
38984,5.4732353,5.2992,5.7754,14,8.2099
38985,5.4733604,5.2915,5.7830,14,8.2022
38986,5.4734854,5.2992,5.7830,14,8.2022
38987,5.4736103,5.2992,5.7754,14,8.2099
38988,5.4737353,5.2992,5.7754,14,8.2099
38989,5.4738604,5.2915,5.7830,14,8.2022
38990,5.4739854,5.2992,5.7830,14,8.2022
38991,5.4741103,5.2992,5.7754,14,8.2099
38992,5.4742353,5.2992,5.7754,14,8.2099
38993,5.4743604,5.2915,5.7830,14,8.2022
38994,5.4744854,5.2992,5.7830,14,8.2022
38995,5.4746103,5.2992,5.7754,14,8.2099
38996,5.4747354,5.2915,5.7830,14,8.2022
38997,5.4748604,5.2915,5.7830,14,8.2022
38998,5.4749854,5.2992,5.7830,14,8.2022
38999,5.4751103,5.2992,5.7754,14,8.2099
39000,5.4752354,5.2915,5.7830,14,8.2022
39001,5.4753604,5.2915,5.7830,14,8.2022
39002,5.4754854,5.2992,5.7830,14,8.2022
39003,5.4756103,5.2992,5.7754,14,8.2099
39004,5.4757354,5.2915,5.7830,14,8.2022
39005,5.4758604,5.2915,5.7830,14,8.2022
39006,5.4759854,5.2992,5.7830,14,8.2022
39007,5.4761103,5.2992,5.7754,14,8.2099
39008,5.4762354,5.2915,5.7830,14,8.2022
39009,5.4763604,5.2992,5.7830,14,8.2022
39010,5.4764854,5.2992,5.7830,14,8.2022
39011,5.4766103,5.2992,5.7754,14,8.2099
39012,5.4767354,5.2915,5.7830,14,8.2022
39013,5.4768604,5.2992,5.7830,14,8.2022
39014,5.4769854,5.2992,5.7830,14,8.2022
39015,5.4771103,5.2992,5.7754,14,8.2099
39016,5.4772354,5.2915,5.7830,14,8.2022
39017,5.4773604,5.2992,5.7830,14,8.2022
39018,5.4774854,5.2992,5.7830,14,8.2022
39019,5.4776103,5.2992,5.7754,14,8.2099
39020,5.4777354,5.2915,5.7830,14,8.2022
39021,5.4778604,5.2992,5.7830,14,8.2022
39022,5.4779854,5.2992,5.7830,14,8.2022
39023,5.4781103,5.2992,5.7754,14,8.2099
39024,5.4782354,5.2915,5.7830,14,8.2022
39025,5.4783604,5.2992,5.7830,14,8.2022
39026,5.4784854,5.2992,5.7754,14,8.2022
39027,5.4786103,5.2992,5.7754,14,8.2099
39028,5.4787354,5.2915,5.7830,14,8.2022
39029,5.4788604,5.2992,5.7830,14,8.2022
39030,5.4789854,5.2992,5.7754,14,8.2022
39031,5.4791103,5.2992,5.7754,14,8.2099
39032,5.4792354,5.2915,5.7830,14,8.2022
39033,5.4793604,5.2992,5.7830,14,8.2022
39034,5.4794854,5.2992,5.7754,14,8.2022
39035,5.4796103,5.2992,5.7754,14,8.2099
39036,5.4797354,5.2915,5.7830,14,8.2022
39037,5.4798604,5.2992,5.7830,14,8.2022
39038,5.4799854,5.2992,5.7754,14,8.2022
39039,5.4801103,5.2992,5.7754,14,8.2099
39040,5.4802354,5.2915,5.7830,14,8.2022
39041,5.4803604,5.2992,5.7830,14,8.2022
39042,5.4804854,5.2992,5.7754,14,8.2022
39043,5.4806103,5.2992,5.7754,14,8.2099
39044,5.4807354,5.2915,5.7830,14,8.2022
39045,5.4808604,5.2992,5.7830,14,8.2022
39046,5.4809854,5.2992,5.7754,14,8.2022
39047,5.4811103,5.2992,5.7754,14,8.2099
39048,5.4812354,5.2915,5.7830,14,8.2022
39049,5.4813604,5.2992,5.7830,14,8.2022
39050,5.4814854,5.2992,5.7754,14,8.2099
39051,5.4816103,5.2992,5.7754,14,8.2099
39052,5.4817354,5.2915,5.7830,14,8.2022
39053,5.4818604,5.2992,5.7830,14,8.2022
39054,5.4819854,5.2992,5.7754,14,8.2099
39055,5.4821103,5.2992,5.7754,14,8.2099
39056,5.4822354,5.2915,5.7830,14,8.2022
39057,5.4823604,5.2992,5.7830,14,8.2022
39058,5.4824854,5.2992,5.7754,14,8.2099
39059,5.4826105,5.2915,5.7830,14,8.2022
39060,5.4827354,5.2915,5.7830,14,8.2022
39061,5.4828604,5.2992,5.7830,14,8.2022
39062,5.4829854,5.2992,5.7754,14,8.2099
39063,5.4831105,5.2915,5.7830,14,8.2022
39064,5.4832354,5.2915,5.7830,14,8.2022
39065,5.4833604,5.2992,5.7830,14,8.2022
39066,5.4834854,5.2992,5.7754,14,8.2099
39067,5.4836105,5.2915,5.7830,14,8.2022
39068,5.4837354,5.2915,5.7830,14,8.2022
39069,5.4838604,5.2992,5.7830,14,8.2022
39070,5.4839854,5.2992,5.7754,14,8.2099
39071,5.4841105,5.2915,5.7830,14,8.2022
39072,5.4842354,5.2915,5.7830,14,8.2022
39073,5.4843604,5.2992,5.7830,14,8.2022
39074,5.4844854,5.2992,5.7754,14,8.2099
39075,5.4846105,5.2915,5.7830,14,8.2022
39076,5.4847354,5.2915,5.7830,14,8.2022
39077,5.4848604,5.2992,5.7830,14,8.2022
39078,5.4849854,5.2992,5.7754,14,8.2099
39079,5.4851105,5.2915,5.7830,14,8.2022
39080,5.4852354,5.2915,5.7830,14,8.2022
39081,5.4853604,5.2992,5.7830,14,8.2022
39082,5.4854854,5.2992,5.7754,14,8.2099
39083,5.4856105,5.2915,5.7830,14,8.2022
39084,5.4857354,5.2915,5.7830,14,8.2022
39085,5.4858604,5.2992,5.7830,14,8.2022
39086,5.4859854,5.2992,5.7754,14,8.2099
39087,5.4861105,5.2915,5.7830,14,8.2022
39088,5.4862354,5.2992,5.7830,14,8.2022
39089,5.4863604,5.2992,5.7830,14,8.2022
39090,5.4864854,5.2992,5.7754,14,8.2099
39091,5.4866105,5.2915,5.7830,14,8.2022
39092,5.4867354,5.2992,5.7830,14,8.2022
39093,5.4868604,5.2992,5.7830,14,8.2022
39094,5.4869854,5.2992,5.7754,14,8.2099
39095,5.4871105,5.2915,5.7830,14,8.2022
39096,5.4872354,5.2992,5.7830,14,8.2022
39097,5.4873604,5.2992,5.7830,14,8.2022
39098,5.4874854,5.2992,5.7754,14,8.2099
39099,5.4876105,5.2915,5.7830,14,8.2022
39100,5.4877354,5.2992,5.7830,14,8.2022
39101,5.4878604,5.2992,5.7830,14,8.2022
39102,5.4879854,5.2992,5.7754,14,8.2099
39103,5.4881105,5.2915,5.7830,14,8.2022
39104,5.4882354,5.2992,5.7830,14,8.2022
39105,5.4883604,5.2992,5.7754,14,8.2022
39106,5.4884854,5.2992,5.7754,14,8.2099
39107,5.4886105,5.2915,5.7830,14,8.2022
39108,5.4887354,5.2992,5.7830,14,8.2022
39109,5.4888604,5.2992,5.7754,14,8.2022
39110,5.4889854,5.2992,5.7754,14,8.2099
39111,5.4891105,5.2915,5.7830,14,8.2022
39112,5.4892354,5.2992,5.7830,14,8.2022
39113,5.4893604,5.2992,5.7754,14,8.2022
39114,5.4894854,5.2992,5.7754,14,8.2099
39115,5.4896105,5.2915,5.7830,14,8.2022
39116,5.4897354,5.2992,5.7830,14,8.2022
39117,5.4898604,5.2992,5.7754,14,8.2022
39118,5.4899854,5.2992,5.7754,14,8.2099
39119,5.4901105,5.2915,5.7830,14,8.2022
39120,5.4902354,5.2992,5.7830,14,8.2022
39121,5.4903604,5.2992,5.7754,14,8.2022
39122,5.4904855,5.2915,5.7830,14,8.2022
39123,5.4906105,5.2915,5.7830,14,8.2022
39124,5.4907354,5.2992,5.7830,14,8.2022
39125,5.4908604,5.2992,5.7754,14,8.2022
39126,5.4909855,5.2915,5.7830,14,8.2022
39127,5.4911105,5.2915,5.7830,14,8.2022
39128,5.4912354,5.2992,5.7830,14,8.2022
39129,5.4913604,5.2992,5.7754,14,8.2099
39130,5.4914855,5.2915,5.7830,14,8.2022
39131,5.4916105,5.2915,5.7830,14,8.2022
39132,5.4917354,5.2992,5.7830,14,8.2022
39133,5.4918604,5.2992,5.7754,14,8.2099
39134,5.4919855,5.2915,5.7830,14,8.2022
39135,5.4921105,5.2915,5.7830,14,8.2022
39136,5.4922354,5.2992,5.7830,14,8.2022
39137,5.4923604,5.2992,5.7754,14,8.2099
39138,5.4924855,5.2915,5.7830,14,8.2022
39139,5.4926105,5.2915,5.7830,14,8.2022
39140,5.4927354,5.2992,5.7830,14,8.2022
39141,5.4928604,5.2992,5.7754,14,8.2099
39142,5.4929855,5.2915,5.7830,14,8.2022
39143,5.4931105,5.2915,5.7830,14,8.2022
39144,5.4932354,5.2992,5.7830,14,8.2022
39145,5.4933604,5.2992,5.7754,14,8.2099
39146,5.4934855,5.2915,5.7830,14,8.2022
39147,5.4936105,5.2915,5.7830,14,8.2022
39148,5.4937354,5.2992,5.7830,14,8.2022
39149,5.4938604,5.2992,5.7754,14,8.2099
39150,5.4939855,5.2915,5.7830,14,8.2022
39151,5.4941105,5.2915,5.7830,14,8.2022
39152,5.4942354,5.2992,5.7830,14,8.2022
39153,5.4943604,5.2992,5.7754,14,8.2099
39154,5.4944855,5.2915,5.7830,14,8.2022
39155,5.4946105,5.2915,5.7830,14,8.2022
39156,5.4947354,5.2992,5.7830,14,8.2022
39157,5.4948604,5.2992,5.7754,14,8.2099
39158,5.4949855,5.2915,5.7830,14,8.2022
39159,5.4951105,5.2915,5.7830,14,8.2022
39160,5.4952354,5.2992,5.7830,14,8.2022
39161,5.4953604,5.2992,5.7754,14,8.2099
39162,5.4954855,5.2915,5.7830,14,8.2022
39163,5.4956105,5.2915,5.7830,14,8.2022
39164,5.4957354,5.2992,5.7830,14,8.2022
39165,5.4958604,5.2992,5.7754,14,8.2099
39166,5.4959855,5.2915,5.7830,14,8.2022
39167,5.4961105,5.2992,5.7830,14,8.2022
39168,5.4962354,5.2992,5.7830,14,8.2022
39169,5.4963604,5.2992,5.7754,14,8.2099
39170,5.4964855,5.2915,5.7830,14,8.2022
39171,5.4966105,5.2992,5.7830,14,8.2022
39172,5.4967354,5.2992,5.7830,14,8.2022
39173,5.4968604,5.2992,5.7754,14,8.2099
39174,5.4969855,5.2915,5.7830,14,8.2022
39175,5.4971105,5.2992,5.7830,14,8.2022
39176,5.4972354,5.2992,5.7830,14,8.2022
39177,5.4973604,5.2992,5.7754,14,8.2099
39178,5.4974855,5.2915,5.7830,14,8.2022
39179,5.4976105,5.2992,5.7830,14,8.2022
39180,5.4977354,5.2992,5.7830,14,8.2022
39181,5.4978604,5.2992,5.7754,14,8.2099
39182,5.4979855,5.2915,5.7830,14,8.2022
39183,5.4981105,5.2992,5.7830,14,8.2022
39184,5.4982354,5.2992,5.7754,14,8.2022
39185,5.4983606,5.2915,5.7830,14,8.2022
39186,5.4984855,5.2915,5.7830,14,8.2022
39187,5.4986105,5.2992,5.7830,14,8.2022
39188,5.4987354,5.2992,5.7754,14,8.2022
39189,5.4988606,5.2915,5.7830,14,8.2022
39190,5.4989855,5.2915,5.7830,14,8.2022
39191,5.4991105,5.2992,5.7830,14,8.2022
39192,5.4992354,5.2992,5.7754,14,8.2022
39193,5.4993606,5.2915,5.7830,14,8.2022
39194,5.4994855,5.2915,5.7830,14,8.2022
39195,5.4996105,5.2992,5.7830,14,8.2022
39196,5.4997354,5.2992,5.7754,14,8.2022
39197,5.4998606,5.2915,5.7830,14,8.2022
39198,5.4999855,5.2915,5.7830,14,8.2022
39199,5.5001105,5.2992,5.7830,14,8.2022
39200,5.5002354,5.2992,5.7754,14,8.2022
39201,5.5003606,5.2915,5.7830,14,8.2022
39202,5.5004855,5.2915,5.7830,14,8.2022
39203,5.5006105,5.2992,5.7830,14,8.2022
39204,5.5007354,5.2992,5.7754,14,8.2022
39205,5.5008606,5.2915,5.7830,14,8.2022
39206,5.5009855,5.2915,5.7830,14,8.2022
39207,5.5011105,5.2992,5.7830,14,8.2022
39208,5.5012354,5.2992,5.7754,14,8.2099
39209,5.5013606,5.2915,5.7830,14,8.2022
39210,5.5014855,5.2915,5.7830,14,8.2022
39211,5.5016105,5.2992,5.7830,14,8.2022
39212,5.5017354,5.2992,5.7754,14,8.2099
39213,5.5018606,5.2915,5.7830,14,8.2022
39214,5.5019855,5.2915,5.7830,14,8.2022
39215,5.5021105,5.2992,5.7830,14,8.2022
39216,5.5022354,5.2992,5.7754,14,8.2099
39217,5.5023606,5.2915,5.7830,14,8.2022
39218,5.5024855,5.2915,5.7830,14,8.2022
39219,5.5026105,5.2992,5.7830,14,8.2022
39220,5.5027354,5.2992,5.7754,14,8.2099
39221,5.5028606,5.2915,5.7830,14,8.2022
39222,5.5029855,5.2915,5.7830,14,8.2022
39223,5.5031105,5.2992,5.7830,14,8.2022
39224,5.5032354,5.2992,5.7754,14,8.2099
39225,5.5033606,5.2915,5.7830,14,8.2022
39226,5.5034855,5.2915,5.7830,14,8.2022
39227,5.5036105,5.2992,5.7830,14,8.2022
39228,5.5037354,5.2992,5.7754,14,8.2099
39229,5.5038606,5.2915,5.7830,14,8.2022
39230,5.5039855,5.2915,5.7830,14,8.2022
39231,5.5041105,5.2992,5.7830,14,8.2022
39232,5.5042354,5.2992,5.7754,14,8.2099
39233,5.5043606,5.2915,5.7830,14,8.2022
39234,5.5044855,5.2915,5.7830,14,8.2022
39235,5.5046105,5.2992,5.7830,14,8.2022
39236,5.5047354,5.2992,5.7754,14,8.2099
39237,5.5048606,5.2915,5.7830,14,8.2022
39238,5.5049855,5.2915,5.7830,14,8.2022
39239,5.5051105,5.2992,5.7830,14,8.2022
39240,5.5052354,5.2992,5.7754,14,8.2099
39241,5.5053606,5.2915,5.7830,14,8.2022
39242,5.5054855,5.2915,5.7830,14,8.2022
39243,5.5056105,5.2992,5.7830,14,8.2022
39244,5.5057354,5.2992,5.7754,14,8.2099
39245,5.5058606,5.2915,5.7830,14,8.2022
39246,5.5059855,5.2992,5.7830,14,8.2022
39247,5.5061105,5.2992,5.7830,14,8.2022
39248,5.5062356,5.2915,5.7830,14,8.2022
39249,5.5063606,5.2915,5.7830,14,8.2022
39250,5.5064855,5.2992,5.7830,14,8.2022
39251,5.5066105,5.2992,5.7830,14,8.2022
39252,5.5067356,5.2915,5.7830,14,8.2022
39253,5.5068606,5.2915,5.7830,14,8.2022
39254,5.5069855,5.2992,5.7830,14,8.2022
39255,5.5071105,5.2992,5.7830,14,8.2022
39256,5.5072356,5.2915,5.7830,14,8.2022
39257,5.5073606,5.2915,5.7830,14,8.2022
39258,5.5074855,5.2992,5.7830,14,8.2022
39259,5.5076105,5.2992,5.7754,14,8.2022
39260,5.5077356,5.2915,5.7830,14,8.2022
39261,5.5078606,5.2915,5.7830,14,8.2022
39262,5.5079855,5.2992,5.7830,14,8.2022
39263,5.5081105,5.2992,5.7754,14,8.2022
39264,5.5082356,5.2915,5.7830,14,8.2022
39265,5.5083606,5.2915,5.7830,14,8.2022
39266,5.5084855,5.2992,5.7830,14,8.2022
39267,5.5086105,5.2992,5.7754,14,8.2022
39268,5.5087356,5.2915,5.7830,14,8.2022
39269,5.5088606,5.2915,5.7830,14,8.2022
39270,5.5089855,5.2992,5.7830,14,8.2022
39271,5.5091105,5.2992,5.7754,14,8.2022
39272,5.5092356,5.2915,5.7830,14,8.2022
39273,5.5093606,5.2915,5.7830,14,8.2022
39274,5.5094855,5.2992,5.7830,14,8.2022
39275,5.5096105,5.2992,5.7754,14,8.2022
39276,5.5097356,5.2915,5.7830,14,8.2022
39277,5.5098606,5.2915,5.7830,14,8.2022
39278,5.5099855,5.2992,5.7830,14,8.2022
39279,5.5101105,5.2992,5.7754,14,8.2022
39280,5.5102356,5.2915,5.7830,14,8.2022
39281,5.5103606,5.2915,5.7830,14,8.2022
39282,5.5104855,5.2992,5.7830,14,8.2022
39283,5.5106105,5.2992,5.7754,14,8.2099
39284,5.5107356,5.2915,5.7830,14,8.2022
39285,5.5108606,5.2915,5.7830,14,8.2022
39286,5.5109855,5.2992,5.7830,14,8.2022
39287,5.5111105,5.2992,5.7754,14,8.2099
39288,5.5112356,5.2915,5.7830,14,8.2022
39289,5.5113606,5.2915,5.7830,14,8.2022
39290,5.5114855,5.2992,5.7830,14,8.2022
39291,5.5116105,5.2992,5.7754,14,8.2099
39292,5.5117356,5.2915,5.7830,14,8.2022
39293,5.5118606,5.2915,5.7830,14,8.2022
39294,5.5119855,5.2992,5.7830,14,8.2022
39295,5.5121105,5.2992,5.7754,14,8.2099
39296,5.5122356,5.2915,5.7830,14,8.2022
39297,5.5123606,5.2915,5.7830,14,8.2022
39298,5.5124855,5.2992,5.7830,14,8.2022
39299,5.5126105,5.2992,5.7754,14,8.2099
39300,5.5127356,5.2915,5.7830,14,8.2022
39301,5.5128606,5.2915,5.7830,14,8.2022
39302,5.5129855,5.2992,5.7830,14,8.2022
39303,5.5131105,5.2992,5.7754,14,8.2099
39304,5.5132356,5.2915,5.7830,14,8.2022
39305,5.5133606,5.2915,5.7830,14,8.2022
39306,5.5134855,5.2992,5.7830,14,8.2022
39307,5.5136105,5.2992,5.7754,14,8.2099
39308,5.5137356,5.2915,5.7830,14,8.2022
39309,5.5138606,5.2915,5.7830,14,8.2022
39310,5.5139855,5.2992,5.7830,14,8.2022
39311,5.5141106,5.2915,5.7830,14,8.2022
39312,5.5142356,5.2915,5.7830,14,8.2022
39313,5.5143606,5.2915,5.7830,14,8.2022
39314,5.5144855,5.2992,5.7830,14,8.2022
39315,5.5146106,5.2915,5.7830,14,8.2022
39316,5.5147356,5.2915,5.7830,14,8.2022
39317,5.5148606,5.2915,5.7830,14,8.2022
39318,5.5149855,5.2992,5.7830,14,8.2022
39319,5.5151106,5.2915,5.7830,14,8.2022
39320,5.5152356,5.2915,5.7830,14,8.2022
39321,5.5153606,5.2992,5.7830,14,8.2022
39322,5.5154855,5.2992,5.7830,14,8.2022
39323,5.5156106,5.2915,5.7830,14,8.2022
39324,5.5157356,5.2915,5.7830,14,8.2022
39325,5.5158606,5.2992,5.7830,14,8.2022
39326,5.5159855,5.2992,5.7830,14,8.2022
39327,5.5161106,5.2915,5.7830,14,8.2022
39328,5.5162356,5.2915,5.7830,14,8.2022
39329,5.5163606,5.2992,5.7830,14,8.2022
39330,5.5164855,5.2992,5.7830,14,8.2022
39331,5.5166106,5.2915,5.7830,14,8.2022
39332,5.5167356,5.2915,5.7830,14,8.2022
39333,5.5168606,5.2992,5.7830,14,8.2022
39334,5.5169855,5.2992,5.7830,14,8.2022
39335,5.5171106,5.2915,5.7830,14,8.2022
39336,5.5172356,5.2915,5.7830,14,8.2022
39337,5.5173606,5.2992,5.7830,14,8.2022
39338,5.5174855,5.2992,5.7754,14,8.2022
39339,5.5176106,5.2915,5.7830,14,8.2022
39340,5.5177356,5.2915,5.7830,14,8.2022
39341,5.5178606,5.2992,5.7830,14,8.2022
39342,5.5179855,5.2992,5.7754,14,8.2022
39343,5.5181106,5.2915,5.7830,14,8.2022
39344,5.5182356,5.2915,5.7830,14,8.2022
39345,5.5183606,5.2992,5.7830,14,8.2022
39346,5.5184855,5.2992,5.7754,14,8.2022
39347,5.5186106,5.2915,5.7830,14,8.2022
39348,5.5187356,5.2915,5.7830,14,8.2022
39349,5.5188606,5.2992,5.7830,14,8.2022
39350,5.5189855,5.2992,5.7754,14,8.2022
39351,5.5191106,5.2915,5.7830,14,8.2022
39352,5.5192356,5.2915,5.7830,14,8.2022
39353,5.5193606,5.2992,5.7830,14,8.2022
39354,5.5194855,5.2992,5.7754,14,8.2022
39355,5.5196106,5.2915,5.7830,14,8.2022
39356,5.5197356,5.2915,5.7830,14,8.2022
39357,5.5198606,5.2992,5.7830,14,8.2022
39358,5.5199855,5.2992,5.7754,14,8.2022
39359,5.5201106,5.2915,5.7830,14,8.2022
39360,5.5202356,5.2915,5.7830,14,8.2022
39361,5.5203606,5.2992,5.7830,14,8.2022
39362,5.5204855,5.2992,5.7754,14,8.2099
39363,5.5206106,5.2915,5.7830,14,8.2022
39364,5.5207356,5.2915,5.7830,14,8.2022
39365,5.5208606,5.2992,5.7830,14,8.2022
39366,5.5209855,5.2992,5.7754,14,8.2099
39367,5.5211106,5.2915,5.7830,14,8.2022
39368,5.5212356,5.2915,5.7830,14,8.2022
39369,5.5213606,5.2992,5.7830,14,8.2022
39370,5.5214855,5.2992,5.7754,14,8.2099
39371,5.5216106,5.2915,5.7830,14,8.2022
39372,5.5217356,5.2915,5.7830,14,8.2022
39373,5.5218606,5.2992,5.7830,14,8.2022
39374,5.5219857,5.2915,5.7830,14,8.2022
39375,5.5221106,5.2915,5.7830,14,8.2022
39376,5.5222356,5.2915,5.7830,14,8.2022
39377,5.5223606,5.2992,5.7830,14,8.2022
39378,5.5224857,5.2915,5.7830,14,8.2022
39379,5.5226106,5.2915,5.7830,14,8.2022
39380,5.5227356,5.2915,5.7830,14,8.2022
39381,5.5228606,5.2992,5.7830,14,8.2022
39382,5.5229857,5.2915,5.7830,14,8.2022
39383,5.5231106,5.2915,5.7830,14,8.2022
39384,5.5232356,5.2915,5.7830,14,8.2022
39385,5.5233606,5.2992,5.7830,14,8.2022
39386,5.5234857,5.2915,5.7830,14,8.2022
39387,5.5236106,5.2915,5.7830,14,8.2022
39388,5.5237356,5.2915,5.7830,14,8.2022
39389,5.5238606,5.2992,5.7830,14,8.2022
39390,5.5239857,5.2915,5.7830,14,8.2022
39391,5.5241106,5.2915,5.7830,14,8.2022
39392,5.5242356,5.2915,5.7830,14,8.2022
39393,5.5243606,5.2992,5.7830,14,8.2022
39394,5.5244857,5.2915,5.7830,14,8.2022
39395,5.5246106,5.2915,5.7830,14,8.2022
39396,5.5247356,5.2915,5.7830,14,8.2022
39397,5.5248606,5.2992,5.7830,14,8.2022
39398,5.5249857,5.2915,5.7830,14,8.2022
39399,5.5251106,5.2915,5.7830,14,8.2022
39400,5.5252356,5.2992,5.7830,14,8.2022
39401,5.5253606,5.2992,5.7830,14,8.2022
39402,5.5254857,5.2915,5.7830,14,8.2022
39403,5.5256106,5.2915,5.7830,14,8.2022
39404,5.5257356,5.2992,5.7830,14,8.2022
39405,5.5258606,5.2992,5.7830,14,8.2022
39406,5.5259857,5.2915,5.7830,14,8.2022
39407,5.5261106,5.2915,5.7830,14,8.2022
39408,5.5262356,5.2992,5.7830,14,8.2022
39409,5.5263606,5.2992,5.7830,14,8.2022
39410,5.5264857,5.2915,5.7830,14,8.2022
39411,5.5266106,5.2915,5.7830,14,8.2022
39412,5.5267356,5.2992,5.7830,14,8.2022
39413,5.5268606,5.2992,5.7754,14,8.2022
39414,5.5269857,5.2915,5.7830,14,8.2022
39415,5.5271106,5.2915,5.7830,14,8.2022
39416,5.5272356,5.2992,5.7830,14,8.2022
39417,5.5273606,5.2992,5.7754,14,8.2022
39418,5.5274857,5.2915,5.7830,14,8.2022
39419,5.5276106,5.2915,5.7830,14,8.2022
39420,5.5277356,5.2992,5.7830,14,8.2022
39421,5.5278606,5.2992,5.7754,14,8.2022
39422,5.5279857,5.2915,5.7830,14,8.2022
39423,5.5281106,5.2915,5.7830,14,8.2022
39424,5.5282356,5.2992,5.7830,14,8.2022
39425,5.5283606,5.2992,5.7754,14,8.2022
39426,5.5284857,5.2915,5.7830,14,8.2022
39427,5.5286106,5.2915,5.7830,14,8.2022
39428,5.5287356,5.2992,5.7830,14,8.2022
39429,5.5288606,5.2992,5.7754,14,8.2022
39430,5.5289857,5.2915,5.7830,14,8.2022
39431,5.5291106,5.2915,5.7830,14,8.2022
39432,5.5292356,5.2992,5.7830,14,8.2022
39433,5.5293606,5.2992,5.7754,14,8.2022
39434,5.5294857,5.2915,5.7830,14,8.2022
39435,5.5296106,5.2915,5.7830,14,8.2022
39436,5.5297356,5.2992,5.7830,14,8.2022
39437,5.5298607,5.2915,5.7830,14,8.2022
39438,5.5299857,5.2915,5.7830,14,8.2022
39439,5.5301106,5.2915,5.7830,14,8.2022
39440,5.5302356,5.2992,5.7830,14,8.2022
39441,5.5303607,5.2915,5.7830,14,8.2022
39442,5.5304857,5.2915,5.7830,14,8.2022
39443,5.5306106,5.2915,5.7830,14,8.2022
39444,5.5307356,5.2992,5.7830,14,8.2022
39445,5.5308607,5.2915,5.7830,14,8.2022
39446,5.5309857,5.2915,5.7830,14,8.2022
39447,5.5311106,5.2915,5.7830,14,8.2022
39448,5.5312356,5.2992,5.7830,14,8.2022
39449,5.5313607,5.2915,5.7830,14,8.2022
39450,5.5314857,5.2915,5.7830,14,8.2022
39451,5.5316106,5.2915,5.7830,14,8.2022
39452,5.5317356,5.2992,5.7830,14,8.2022
39453,5.5318607,5.2915,5.7830,14,8.2022
39454,5.5319857,5.2915,5.7830,14,8.2022
39455,5.5321106,5.2915,5.7830,14,8.2022
39456,5.5322356,5.2992,5.7830,14,8.2022
39457,5.5323607,5.2915,5.7830,14,8.2022
39458,5.5324857,5.2915,5.7830,14,8.2022
39459,5.5326106,5.2915,5.7830,14,8.2022
39460,5.5327356,5.2992,5.7830,14,8.2022
39461,5.5328607,5.2915,5.7830,14,8.2022
39462,5.5329857,5.2915,5.7830,14,8.2022
39463,5.5331106,5.2915,5.7830,14,8.2022
39464,5.5332356,5.2992,5.7830,14,8.2022
39465,5.5333607,5.2915,5.7830,14,8.2022
39466,5.5334857,5.2915,5.7830,14,8.2022
39467,5.5336106,5.2915,5.7830,14,8.2022
39468,5.5337356,5.2992,5.7830,14,8.2022
39469,5.5338607,5.2915,5.7830,14,8.2022
39470,5.5339857,5.2915,5.7830,14,8.2022
39471,5.5341106,5.2915,5.7830,14,8.2022
39472,5.5342356,5.2992,5.7830,14,8.2022
39473,5.5343607,5.2915,5.7830,14,8.2022
39474,5.5344857,5.2915,5.7830,14,8.2022
39475,5.5346106,5.2992,5.7830,14,8.2022
39476,5.5347356,5.2992,5.7830,14,8.2022
39477,5.5348607,5.2915,5.7830,14,8.2022
39478,5.5349857,5.2915,5.7830,14,8.2022
39479,5.5351106,5.2992,5.7830,14,8.2022
39480,5.5352356,5.2992,5.7830,14,8.2022
39481,5.5353607,5.2915,5.7830,14,8.2022
39482,5.5354857,5.2915,5.7830,14,8.2022
39483,5.5356106,5.2992,5.7830,14,8.2022
39484,5.5357356,5.2992,5.7830,14,8.2022
39485,5.5358607,5.2915,5.7830,14,8.2022
39486,5.5359857,5.2915,5.7830,14,8.2022
39487,5.5361106,5.2992,5.7830,14,8.2022
39488,5.5362356,5.2992,5.7754,14,8.2022
39489,5.5363607,5.2915,5.7830,14,8.2022
39490,5.5364857,5.2915,5.7830,14,8.2022
39491,5.5366106,5.2992,5.7830,14,8.2022
39492,5.5367356,5.2992,5.7754,14,8.2022
39493,5.5368607,5.2915,5.7830,14,8.2022
39494,5.5369857,5.2915,5.7830,14,8.2022
39495,5.5371106,5.2992,5.7830,14,8.2022
39496,5.5372356,5.2992,5.7754,14,8.2022
39497,5.5373607,5.2915,5.7830,14,8.2022
39498,5.5374857,5.2915,5.7830,14,8.2022
39499,5.5376106,5.2992,5.7830,14,8.2022
39500,5.5377358,5.2915,5.7830,14,8.1946
39501,5.5378607,5.2915,5.7830,14,8.2022
39502,5.5379857,5.2915,5.7830,14,8.2022
39503,5.5381106,5.2992,5.7830,14,8.2022
39504,5.5382358,5.2915,5.7830,14,8.1946
39505,5.5383607,5.2915,5.7830,14,8.2022
39506,5.5384857,5.2915,5.7830,14,8.2022
39507,5.5386106,5.2992,5.7830,14,8.2022
39508,5.5387358,5.2915,5.7830,14,8.1946
39509,5.5388607,5.2915,5.7830,14,8.2022
39510,5.5389857,5.2915,5.7830,14,8.2022
39511,5.5391106,5.2992,5.7830,14,8.2022
39512,5.5392358,5.2915,5.7830,14,8.2022
39513,5.5393607,5.2915,5.7830,14,8.2022
39514,5.5394857,5.2915,5.7830,14,8.2022
39515,5.5396106,5.2992,5.7830,14,8.2022
39516,5.5397358,5.2915,5.7830,14,8.2022
39517,5.5398607,5.2915,5.7830,14,8.2022
39518,5.5399857,5.2915,5.7830,14,8.2022
39519,5.5401106,5.2992,5.7830,14,8.2022
39520,5.5402358,5.2915,5.7830,14,8.2022
39521,5.5403607,5.2915,5.7830,14,8.2022
39522,5.5404857,5.2915,5.7830,14,8.2022
39523,5.5406106,5.2992,5.7830,14,8.2022
39524,5.5407358,5.2915,5.7830,14,8.2022
39525,5.5408607,5.2915,5.7830,14,8.2022
39526,5.5409857,5.2915,5.7830,14,8.2022
39527,5.5411106,5.2992,5.7830,14,8.2022
39528,5.5412358,5.2915,5.7830,14,8.2022
39529,5.5413607,5.2915,5.7830,14,8.2022
39530,5.5414857,5.2915,5.7830,14,8.2022
39531,5.5416106,5.2992,5.7830,14,8.2022
39532,5.5417358,5.2915,5.7830,14,8.2022
39533,5.5418607,5.2915,5.7830,14,8.2022
39534,5.5419857,5.2915,5.7830,14,8.2022
39535,5.5421106,5.2992,5.7830,14,8.2022
39536,5.5422358,5.2915,5.7830,14,8.2022
39537,5.5423607,5.2915,5.7830,14,8.2022
39538,5.5424857,5.2915,5.7830,14,8.2022
39539,5.5426106,5.2992,5.7830,14,8.2022
39540,5.5427358,5.2915,5.7830,14,8.2022
39541,5.5428607,5.2915,5.7830,14,8.2022
39542,5.5429857,5.2915,5.7830,14,8.2022
39543,5.5431106,5.2992,5.7830,14,8.2022
39544,5.5432358,5.2915,5.7830,14,8.2022
39545,5.5433607,5.2915,5.7830,14,8.2022
39546,5.5434857,5.2915,5.7830,14,8.2022
39547,5.5436106,5.2992,5.7830,14,8.2022
39548,5.5437358,5.2915,5.7830,14,8.2022
39549,5.5438607,5.2915,5.7830,14,8.2022
39550,5.5439857,5.2992,5.7830,14,8.2022
39551,5.5441106,5.2992,5.7830,14,8.2022
39552,5.5442358,5.2915,5.7830,14,8.2022
39553,5.5443607,5.2915,5.7830,14,8.2022
39554,5.5444857,5.2992,5.7830,14,8.2022
39555,5.5446106,5.2992,5.7830,14,8.2022
39556,5.5447358,5.2915,5.7830,14,8.2022
39557,5.5448607,5.2915,5.7830,14,8.2022
39558,5.5449857,5.2992,5.7830,14,8.2022
39559,5.5451106,5.2992,5.7830,14,8.2022
39560,5.5452358,5.2915,5.7830,14,8.2022
39561,5.5453607,5.2915,5.7830,14,8.2022
39562,5.5454857,5.2992,5.7830,14,8.2022
39563,5.5456108,5.2915,5.7830,14,8.1946
39564,5.5457358,5.2915,5.7830,14,8.2022
39565,5.5458607,5.2915,5.7830,14,8.2022
39566,5.5459857,5.2992,5.7830,14,8.2022
39567,5.5461108,5.2915,5.7830,14,8.1946
39568,5.5462358,5.2915,5.7830,14,8.2022
39569,5.5463607,5.2915,5.7830,14,8.2022
39570,5.5464857,5.2992,5.7830,14,8.2022
39571,5.5466108,5.2915,5.7830,14,8.1946
39572,5.5467358,5.2915,5.7830,14,8.2022
39573,5.5468607,5.2915,5.7830,14,8.2022
39574,5.5469857,5.2992,5.7830,14,8.2022
39575,5.5471108,5.2915,5.7830,14,8.1946
39576,5.5472358,5.2915,5.7830,14,8.2022
39577,5.5473607,5.2915,5.7830,14,8.2022
39578,5.5474857,5.2992,5.7830,14,8.2022
39579,5.5476108,5.2915,5.7830,14,8.1946
39580,5.5477358,5.2915,5.7830,14,8.2022
39581,5.5478607,5.2915,5.7830,14,8.2022
39582,5.5479857,5.2992,5.7830,14,8.2022
39583,5.5481108,5.2915,5.7830,14,8.1946
39584,5.5482358,5.2915,5.7830,14,8.2022
39585,5.5483607,5.2915,5.7830,14,8.2022
39586,5.5484857,5.2992,5.7830,14,8.2022
39587,5.5486108,5.2915,5.7830,14,8.2022
39588,5.5487358,5.2915,5.7830,14,8.2022
39589,5.5488607,5.2915,5.7830,14,8.2022
39590,5.5489857,5.2992,5.7830,14,8.2022
39591,5.5491108,5.2915,5.7830,14,8.2022
39592,5.5492358,5.2915,5.7830,14,8.2022
39593,5.5493607,5.2915,5.7830,14,8.2022
39594,5.5494857,5.2992,5.7830,14,8.2022
39595,5.5496108,5.2915,5.7830,14,8.2022
39596,5.5497358,5.2915,5.7830,14,8.2022
39597,5.5498607,5.2915,5.7830,14,8.2022
39598,5.5499857,5.2992,5.7830,14,8.2022
39599,5.5501108,5.2915,5.7830,14,8.2022
39600,5.5502358,5.2915,5.7830,14,8.2022
39601,5.5503607,5.2915,5.7830,14,8.2022
39602,5.5504857,5.2992,5.7830,14,8.2022
39603,5.5506108,5.2915,5.7830,14,8.2022
39604,5.5507358,5.2915,5.7830,14,8.2022
39605,5.5508607,5.2915,5.7830,14,8.2022
39606,5.5509857,5.2992,5.7830,14,8.2022
39607,5.5511108,5.2915,5.7830,14,8.2022
39608,5.5512358,5.2915,5.7830,14,8.2022
39609,5.5513607,5.2915,5.7830,14,8.2022
39610,5.5514857,5.2992,5.7830,14,8.2022
39611,5.5516108,5.2915,5.7830,14,8.2022
39612,5.5517358,5.2915,5.7830,14,8.2022
39613,5.5518607,5.2915,5.7830,14,8.2022
39614,5.5519857,5.2992,5.7830,14,8.2022
39615,5.5521108,5.2915,5.7830,14,8.2022
39616,5.5522358,5.2915,5.7830,14,8.2022
39617,5.5523607,5.2915,5.7830,14,8.2022
39618,5.5524857,5.2992,5.7830,14,8.2022
39619,5.5526108,5.2915,5.7830,14,8.2022
39620,5.5527358,5.2915,5.7830,14,8.2022
39621,5.5528607,5.2992,5.7830,14,8.2022
39622,5.5529857,5.2992,5.7830,14,8.2022
39623,5.5531108,5.2915,5.7830,14,8.2022
39624,5.5532358,5.2915,5.7830,14,8.2022
39625,5.5533607,5.2992,5.7830,14,8.2022
39626,5.5534858,5.2915,5.7907,14,8.1946
39627,5.5536108,5.2915,5.7830,14,8.2022
39628,5.5537358,5.2915,5.7830,14,8.2022
39629,5.5538607,5.2992,5.7830,14,8.2022
39630,5.5539858,5.2915,5.7907,14,8.1946
39631,5.5541108,5.2915,5.7830,14,8.2022
39632,5.5542358,5.2915,5.7830,14,8.2022
39633,5.5543607,5.2992,5.7830,14,8.2022
39634,5.5544858,5.2915,5.7907,14,8.1946
39635,5.5546108,5.2915,5.7830,14,8.2022
39636,5.5547358,5.2915,5.7830,14,8.2022
39637,5.5548607,5.2992,5.7830,14,8.2022
39638,5.5549858,5.2915,5.7830,14,8.1946
39639,5.5551108,5.2915,5.7830,14,8.2022
39640,5.5552358,5.2915,5.7830,14,8.2022
39641,5.5553607,5.2992,5.7830,14,8.2022
39642,5.5554858,5.2915,5.7830,14,8.1946
39643,5.5556108,5.2915,5.7830,14,8.2022
39644,5.5557358,5.2915,5.7830,14,8.2022
39645,5.5558607,5.2992,5.7830,14,8.2022
39646,5.5559858,5.2915,5.7830,14,8.1946
39647,5.5561108,5.2915,5.7830,14,8.2022
39648,5.5562358,5.2915,5.7830,14,8.2022
39649,5.5563607,5.2992,5.7830,14,8.2022
39650,5.5564858,5.2915,5.7830,14,8.1946
39651,5.5566108,5.2915,5.7830,14,8.2022
39652,5.5567358,5.2915,5.7830,14,8.2022
39653,5.5568607,5.2992,5.7830,14,8.2022
39654,5.5569858,5.2915,5.7830,14,8.1946
39655,5.5571108,5.2915,5.7830,14,8.2022
39656,5.5572358,5.2915,5.7830,14,8.2022
39657,5.5573607,5.2992,5.7830,14,8.2022
39658,5.5574858,5.2915,5.7830,14,8.2022
39659,5.5576108,5.2915,5.7830,14,8.2022
39660,5.5577358,5.2915,5.7830,14,8.2022
39661,5.5578607,5.2992,5.7830,14,8.2022
39662,5.5579858,5.2915,5.7830,14,8.2022
39663,5.5581108,5.2915,5.7830,14,8.2022
39664,5.5582358,5.2915,5.7830,14,8.2022
39665,5.5583607,5.2992,5.7830,14,8.2022
39666,5.5584858,5.2915,5.7830,14,8.2022
39667,5.5586108,5.2915,5.7830,14,8.2022
39668,5.5587358,5.2915,5.7830,14,8.2022
39669,5.5588607,5.2992,5.7830,14,8.2022
39670,5.5589858,5.2915,5.7830,14,8.2022
39671,5.5591108,5.2915,5.7830,14,8.2022
39672,5.5592358,5.2915,5.7830,14,8.2022
39673,5.5593607,5.2992,5.7830,14,8.2022
39674,5.5594858,5.2915,5.7830,14,8.2022
39675,5.5596108,5.2915,5.7830,14,8.2022
39676,5.5597358,5.2915,5.7830,14,8.2022
39677,5.5598607,5.2992,5.7830,14,8.2022
39678,5.5599858,5.2915,5.7830,14,8.2022
39679,5.5601108,5.2915,5.7830,14,8.2022
39680,5.5602358,5.2915,5.7830,14,8.2022
39681,5.5603607,5.2992,5.7830,14,8.2022
39682,5.5604858,5.2915,5.7830,14,8.2022
39683,5.5606108,5.2915,5.7830,14,8.2022
39684,5.5607358,5.2915,5.7830,14,8.2022
39685,5.5608607,5.2992,5.7830,14,8.2022
39686,5.5609858,5.2915,5.7830,14,8.2022
39687,5.5611108,5.2915,5.7830,14,8.2022
39688,5.5612358,5.2915,5.7830,14,8.2022
39689,5.5613609,5.2915,5.7907,14,8.1946
39690,5.5614858,5.2915,5.7830,14,8.2022
39691,5.5616108,5.2915,5.7830,14,8.2022
39692,5.5617358,5.2915,5.7830,14,8.2022
39693,5.5618609,5.2915,5.7907,14,8.1946
39694,5.5619858,5.2915,5.7830,14,8.2022
39695,5.5621108,5.2915,5.7830,14,8.2022
39696,5.5622358,5.2992,5.7830,14,8.2022
39697,5.5623609,5.2915,5.7907,14,8.1946
39698,5.5624858,5.2915,5.7830,14,8.2022
39699,5.5626108,5.2915,5.7830,14,8.2022
39700,5.5627358,5.2992,5.7830,14,8.2022
39701,5.5628609,5.2915,5.7907,14,8.1946
39702,5.5629858,5.2915,5.7830,14,8.2022
39703,5.5631108,5.2915,5.7830,14,8.2022
39704,5.5632358,5.2992,5.7830,14,8.2022
39705,5.5633609,5.2915,5.7907,14,8.1946
39706,5.5634858,5.2915,5.7830,14,8.2022
39707,5.5636108,5.2915,5.7830,14,8.2022
39708,5.5637358,5.2992,5.7830,14,8.2022
39709,5.5638609,5.2915,5.7830,14,8.1946
39710,5.5639858,5.2915,5.7830,14,8.2022
39711,5.5641108,5.2915,5.7830,14,8.2022
39712,5.5642358,5.2992,5.7830,14,8.2022
39713,5.5643609,5.2915,5.7830,14,8.1946
39714,5.5644858,5.2915,5.7830,14,8.2022
39715,5.5646108,5.2915,5.7830,14,8.2022
39716,5.5647358,5.2992,5.7830,14,8.2022
39717,5.5648609,5.2915,5.7830,14,8.1946
39718,5.5649858,5.2915,5.7830,14,8.2022
39719,5.5651108,5.2915,5.7830,14,8.2022
39720,5.5652358,5.2992,5.7830,14,8.2022
39721,5.5653609,5.2915,5.7830,14,8.1946
39722,5.5654858,5.2915,5.7830,14,8.2022
39723,5.5656108,5.2915,5.7830,14,8.2022
39724,5.5657358,5.2992,5.7830,14,8.2022
39725,5.5658609,5.2915,5.7830,14,8.1946
39726,5.5659858,5.2915,5.7830,14,8.2022
39727,5.5661108,5.2915,5.7830,14,8.2022
39728,5.5662358,5.2992,5.7830,14,8.2022
39729,5.5663609,5.2915,5.7830,14,8.1946
39730,5.5664858,5.2915,5.7830,14,8.2022
39731,5.5666108,5.2915,5.7830,14,8.2022
39732,5.5667358,5.2992,5.7830,14,8.2022
39733,5.5668609,5.2915,5.7830,14,8.2022
39734,5.5669858,5.2915,5.7830,14,8.2022
39735,5.5671108,5.2915,5.7830,14,8.2022
39736,5.5672358,5.2992,5.7830,14,8.2022
39737,5.5673609,5.2915,5.7830,14,8.2022
39738,5.5674858,5.2915,5.7830,14,8.2022
39739,5.5676108,5.2915,5.7830,14,8.2022
39740,5.5677358,5.2992,5.7830,14,8.2022
39741,5.5678609,5.2915,5.7830,14,8.2022
39742,5.5679858,5.2915,5.7830,14,8.2022
39743,5.5681108,5.2915,5.7830,14,8.2022
39744,5.5682358,5.2992,5.7830,14,8.2022
39745,5.5683609,5.2915,5.7830,14,8.2022
39746,5.5684858,5.2915,5.7830,14,8.2022
39747,5.5686108,5.2915,5.7830,14,8.2022
39748,5.5687358,5.2992,5.7830,14,8.2022
39749,5.5688609,5.2915,5.7830,14,8.2022
39750,5.5689858,5.2915,5.7830,14,8.2022
39751,5.5691108,5.2915,5.7830,14,8.2022
39752,5.5692359,5.2915,5.7907,14,8.1946
39753,5.5693609,5.2915,5.7830,14,8.2022
39754,5.5694858,5.2915,5.7830,14,8.2022
39755,5.5696108,5.2915,5.7830,14,8.2022
39756,5.5697359,5.2915,5.7907,14,8.1946
39757,5.5698609,5.2915,5.7830,14,8.2022
39758,5.5699858,5.2915,5.7830,14,8.2022
39759,5.5701108,5.2915,5.7830,14,8.2022
39760,5.5702359,5.2915,5.7907,14,8.1946
39761,5.5703609,5.2915,5.7830,14,8.2022
39762,5.5704858,5.2915,5.7830,14,8.2022
39763,5.5706108,5.2915,5.7830,14,8.2022
39764,5.5707359,5.2915,5.7907,14,8.1946
39765,5.5708609,5.2915,5.7830,14,8.2022
39766,5.5709858,5.2915,5.7830,14,8.2022
39767,5.5711108,5.2915,5.7830,14,8.2022
39768,5.5712359,5.2915,5.7907,14,8.1946
39769,5.5713609,5.2915,5.7830,14,8.2022
39770,5.5714858,5.2915,5.7830,14,8.2022
39771,5.5716108,5.2992,5.7830,14,8.2022
39772,5.5717359,5.2915,5.7907,14,8.1946
39773,5.5718609,5.2915,5.7830,14,8.2022
39774,5.5719858,5.2915,5.7830,14,8.2022
39775,5.5721108,5.2992,5.7830,14,8.2022
39776,5.5722359,5.2915,5.7907,14,8.1946
39777,5.5723609,5.2915,5.7830,14,8.2022
39778,5.5724858,5.2915,5.7830,14,8.2022
39779,5.5726108,5.2992,5.7830,14,8.2022
39780,5.5727359,5.2915,5.7907,14,8.1946
39781,5.5728609,5.2915,5.7830,14,8.2022
39782,5.5729858,5.2915,5.7830,14,8.2022
39783,5.5731108,5.2992,5.7830,14,8.2022
39784,5.5732359,5.2915,5.7830,14,8.1946
39785,5.5733609,5.2915,5.7830,14,8.2022
39786,5.5734858,5.2915,5.7830,14,8.2022
39787,5.5736108,5.2992,5.7830,14,8.2022
39788,5.5737359,5.2915,5.7830,14,8.1946
39789,5.5738609,5.2915,5.7830,14,8.2022
39790,5.5739858,5.2915,5.7830,14,8.2022
39791,5.5741108,5.2992,5.7830,14,8.2022
39792,5.5742359,5.2915,5.7830,14,8.1946
39793,5.5743609,5.2915,5.7830,14,8.2022
39794,5.5744858,5.2915,5.7830,14,8.2022
39795,5.5746108,5.2992,5.7830,14,8.2022
39796,5.5747359,5.2915,5.7830,14,8.1946
39797,5.5748609,5.2915,5.7830,14,8.2022
39798,5.5749858,5.2915,5.7830,14,8.2022
39799,5.5751108,5.2992,5.7830,14,8.2022
39800,5.5752359,5.2915,5.7830,14,8.1946
39801,5.5753609,5.2915,5.7830,14,8.2022
39802,5.5754858,5.2915,5.7830,14,8.2022
39803,5.5756108,5.2992,5.7830,14,8.2022
39804,5.5757359,5.2915,5.7830,14,8.1946
39805,5.5758609,5.2915,5.7830,14,8.2022
39806,5.5759858,5.2915,5.7830,14,8.2022
39807,5.5761108,5.2992,5.7830,14,8.2022
39808,5.5762359,5.2915,5.7830,14,8.2022
39809,5.5763609,5.2915,5.7830,14,8.2022
39810,5.5764858,5.2915,5.7830,14,8.2022
39811,5.5766108,5.2992,5.7830,14,8.2022
39812,5.5767359,5.2915,5.7830,14,8.2022
39813,5.5768609,5.2915,5.7830,14,8.2022
39814,5.5769858,5.2915,5.7830,14,8.2022
39815,5.5771110,5.2915,5.7907,14,8.1946
39816,5.5772359,5.2915,5.7830,14,8.2022
39817,5.5773609,5.2915,5.7830,14,8.2022
39818,5.5774858,5.2915,5.7830,14,8.2022
39819,5.5776110,5.2915,5.7907,14,8.1946
39820,5.5777359,5.2915,5.7830,14,8.2022
39821,5.5778609,5.2915,5.7830,14,8.2022
39822,5.5779858,5.2915,5.7830,14,8.2022
39823,5.5781110,5.2915,5.7907,14,8.1946
39824,5.5782359,5.2915,5.7830,14,8.2022
39825,5.5783609,5.2915,5.7830,14,8.2022
39826,5.5784858,5.2915,5.7830,14,8.2022
39827,5.5786110,5.2915,5.7907,14,8.1946
39828,5.5787359,5.2915,5.7830,14,8.2022
39829,5.5788609,5.2915,5.7830,14,8.2022
39830,5.5789858,5.2915,5.7830,14,8.2022
39831,5.5791110,5.2915,5.7907,14,8.1946
39832,5.5792359,5.2915,5.7830,14,8.2022
39833,5.5793609,5.2915,5.7830,14,8.2022
39834,5.5794858,5.2915,5.7830,14,8.2022
39835,5.5796110,5.2915,5.7907,14,8.1946
39836,5.5797359,5.2915,5.7830,14,8.2022
39837,5.5798609,5.2915,5.7830,14,8.2022
39838,5.5799858,5.2915,5.7830,14,8.2022
39839,5.5801110,5.2915,5.7907,14,8.1946
39840,5.5802359,5.2915,5.7830,14,8.2022
39841,5.5803609,5.2915,5.7830,14,8.2022
39842,5.5804858,5.2992,5.7830,14,8.2022
39843,5.5806110,5.2915,5.7907,14,8.1946
39844,5.5807359,5.2915,5.7830,14,8.2022
39845,5.5808609,5.2915,5.7830,14,8.2022
39846,5.5809858,5.2992,5.7830,14,8.2022
39847,5.5811110,5.2915,5.7907,14,8.1946
39848,5.5812359,5.2915,5.7830,14,8.2022
39849,5.5813609,5.2915,5.7830,14,8.2022
39850,5.5814858,5.2992,5.7830,14,8.2022
39851,5.5816110,5.2915,5.7907,14,8.1946
39852,5.5817359,5.2915,5.7830,14,8.2022
39853,5.5818609,5.2915,5.7830,14,8.2022
39854,5.5819858,5.2992,5.7830,14,8.2022
39855,5.5821110,5.2915,5.7907,14,8.1946
39856,5.5822359,5.2915,5.7830,14,8.2022
39857,5.5823609,5.2915,5.7830,14,8.2022
39858,5.5824858,5.2992,5.7830,14,8.2022
39859,5.5826110,5.2915,5.7830,14,8.1946
39860,5.5827359,5.2915,5.7830,14,8.2022
39861,5.5828609,5.2915,5.7830,14,8.2022
39862,5.5829858,5.2992,5.7830,14,8.2022
39863,5.5831110,5.2915,5.7830,14,8.1946
39864,5.5832359,5.2915,5.7830,14,8.2022
39865,5.5833609,5.2915,5.7830,14,8.2022
39866,5.5834858,5.2992,5.7830,14,8.2022
39867,5.5836110,5.2915,5.7830,14,8.1946
39868,5.5837359,5.2915,5.7830,14,8.2022
39869,5.5838609,5.2915,5.7830,14,8.2022
39870,5.5839858,5.2992,5.7830,14,8.2022
39871,5.5841110,5.2915,5.7830,14,8.1946
39872,5.5842359,5.2915,5.7830,14,8.2022
39873,5.5843609,5.2915,5.7830,14,8.2022
39874,5.5844858,5.2992,5.7830,14,8.2022
39875,5.5846110,5.2915,5.7830,14,8.1946
39876,5.5847359,5.2915,5.7830,14,8.2022
39877,5.5848609,5.2915,5.7830,14,8.2022
39878,5.5849860,5.2915,5.7907,14,8.1946
39879,5.5851110,5.2915,5.7830,14,8.2022
39880,5.5852359,5.2915,5.7830,14,8.2022
39881,5.5853609,5.2915,5.7830,14,8.2022
39882,5.5854860,5.2915,5.7907,14,8.1946
39883,5.5856110,5.2915,5.7830,14,8.2022
39884,5.5857359,5.2915,5.7830,14,8.2022
39885,5.5858609,5.2915,5.7830,14,8.2022
39886,5.5859860,5.2915,5.7907,14,8.1946
39887,5.5861110,5.2915,5.7830,14,8.2022
39888,5.5862359,5.2915,5.7830,14,8.2022
39889,5.5863609,5.2915,5.7830,14,8.2022
39890,5.5864860,5.2915,5.7907,14,8.1946
39891,5.5866110,5.2915,5.7830,14,8.2022
39892,5.5867359,5.2915,5.7830,14,8.2022
39893,5.5868609,5.2915,5.7830,14,8.2022
39894,5.5869860,5.2915,5.7907,14,8.1946
39895,5.5871110,5.2915,5.7830,14,8.2022
39896,5.5872359,5.2915,5.7830,14,8.2022
39897,5.5873609,5.2915,5.7830,14,8.2022
39898,5.5874860,5.2915,5.7907,14,8.1946
39899,5.5876110,5.2915,5.7830,14,8.2022
39900,5.5877359,5.2915,5.7830,14,8.2022
39901,5.5878609,5.2915,5.7830,14,8.2022
39902,5.5879860,5.2915,5.7907,14,8.1946
39903,5.5881110,5.2915,5.7830,14,8.2022
39904,5.5882359,5.2915,5.7830,14,8.2022
39905,5.5883609,5.2915,5.7830,14,8.2022
39906,5.5884860,5.2915,5.7907,14,8.1946
39907,5.5886110,5.2915,5.7830,14,8.2022
39908,5.5887359,5.2915,5.7830,14,8.2022
39909,5.5888609,5.2915,5.7830,14,8.2022
39910,5.5889860,5.2915,5.7907,14,8.1946
39911,5.5891110,5.2915,5.7830,14,8.2022
39912,5.5892359,5.2915,5.7830,14,8.2022
39913,5.5893609,5.2915,5.7830,14,8.2022
39914,5.5894860,5.2915,5.7907,14,8.1946
39915,5.5896110,5.2915,5.7830,14,8.2022
39916,5.5897359,5.2915,5.7830,14,8.2022
39917,5.5898609,5.2992,5.7830,14,8.2022
39918,5.5899860,5.2915,5.7907,14,8.1946
39919,5.5901110,5.2915,5.7830,14,8.2022
39920,5.5902359,5.2915,5.7830,14,8.2022
39921,5.5903609,5.2992,5.7830,14,8.2022
39922,5.5904860,5.2915,5.7907,14,8.1946
39923,5.5906110,5.2915,5.7830,14,8.2022
39924,5.5907359,5.2915,5.7830,14,8.2022
39925,5.5908609,5.2992,5.7830,14,8.2022
39926,5.5909860,5.2915,5.7907,14,8.1946
39927,5.5911110,5.2915,5.7830,14,8.2022
39928,5.5912359,5.2915,5.7830,14,8.2022
39929,5.5913609,5.2992,5.7830,14,8.2022
39930,5.5914860,5.2915,5.7830,14,8.1946
39931,5.5916110,5.2915,5.7830,14,8.2022
39932,5.5917359,5.2915,5.7830,14,8.2022
39933,5.5918609,5.2992,5.7830,14,8.2022
39934,5.5919860,5.2915,5.7830,14,8.1946
39935,5.5921110,5.2915,5.7830,14,8.2022
39936,5.5922359,5.2915,5.7830,14,8.2022
39937,5.5923609,5.2992,5.7830,14,8.2022
39938,5.5924860,5.2915,5.7830,14,8.1946
39939,5.5926110,5.2915,5.7830,14,8.2022
39940,5.5927359,5.2915,5.7830,14,8.2022
39941,5.5928610,5.2915,5.7907,14,8.1946
39942,5.5929860,5.2915,5.7830,14,8.1946
39943,5.5931110,5.2915,5.7830,14,8.2022
39944,5.5932359,5.2915,5.7830,14,8.2022
39945,5.5933610,5.2915,5.7907,14,8.1946
39946,5.5934860,5.2915,5.7830,14,8.1946
39947,5.5936110,5.2915,5.7830,14,8.2022
39948,5.5937359,5.2915,5.7830,14,8.2022
39949,5.5938610,5.2915,5.7907,14,8.1946
39950,5.5939860,5.2915,5.7830,14,8.2022
39951,5.5941110,5.2915,5.7830,14,8.2022
39952,5.5942359,5.2915,5.7830,14,8.2022
39953,5.5943610,5.2915,5.7907,14,8.1946
39954,5.5944860,5.2915,5.7830,14,8.2022
39955,5.5946110,5.2915,5.7830,14,8.2022
39956,5.5947359,5.2915,5.7830,14,8.2022
39957,5.5948610,5.2915,5.7907,14,8.1946
39958,5.5949860,5.2915,5.7830,14,8.2022
39959,5.5951110,5.2915,5.7830,14,8.2022
39960,5.5952359,5.2915,5.7830,14,8.2022
39961,5.5953610,5.2915,5.7907,14,8.1946
39962,5.5954860,5.2915,5.7830,14,8.2022
39963,5.5956110,5.2915,5.7830,14,8.2022
39964,5.5957359,5.2915,5.7830,14,8.2022
39965,5.5958610,5.2915,5.7907,14,8.1946
39966,5.5959860,5.2915,5.7830,14,8.2022
39967,5.5961110,5.2915,5.7830,14,8.2022
39968,5.5962359,5.2915,5.7830,14,8.2022
39969,5.5963610,5.2915,5.7907,14,8.1946
39970,5.5964860,5.2915,5.7830,14,8.2022
39971,5.5966110,5.2915,5.7830,14,8.2022
39972,5.5967359,5.2915,5.7830,14,8.2022
39973,5.5968610,5.2915,5.7907,14,8.1946
39974,5.5969860,5.2915,5.7830,14,8.2022
39975,5.5971110,5.2915,5.7830,14,8.2022
39976,5.5972359,5.2915,5.7830,14,8.2022
39977,5.5973610,5.2915,5.7907,14,8.1946
39978,5.5974860,5.2915,5.7830,14,8.2022
39979,5.5976110,5.2915,5.7830,14,8.2022
39980,5.5977359,5.2915,5.7830,14,8.2022
39981,5.5978610,5.2915,5.7907,14,8.1946
39982,5.5979860,5.2915,5.7830,14,8.2022
39983,5.5981110,5.2915,5.7830,14,8.2022
39984,5.5982359,5.2915,5.7830,14,8.2022
39985,5.5983610,5.2915,5.7907,14,8.1946
39986,5.5984860,5.2915,5.7830,14,8.2022
39987,5.5986110,5.2915,5.7830,14,8.2022
39988,5.5987359,5.2992,5.7830,14,8.2022
39989,5.5988610,5.2915,5.7907,14,8.1946
39990,5.5989860,5.2915,5.7830,14,8.2022
39991,5.5991110,5.2915,5.7830,14,8.2022
39992,5.5992359,5.2992,5.7830,14,8.2022
39993,5.5993610,5.2915,5.7907,14,8.1946
39994,5.5994860,5.2915,5.7830,14,8.2022
39995,5.5996110,5.2915,5.7830,14,8.2022
39996,5.5997359,5.2992,5.7830,14,8.2022
39997,5.5998610,5.2915,5.7907,14,8.1946
39998,5.5999860,5.2915,5.7830,14,8.2022
39999,5.6001110,5.2915,5.7830,14,8.2022
40000,5.6002361,5.2915,5.7907,14,8.1946
40001,5.6003610,5.2915,5.7830,14,8.1946
40002,5.6004860,5.2915,5.7830,14,8.2022
40003,5.6006110,5.2915,5.7830,14,8.2022
40004,5.6007361,5.2915,5.7907,14,8.1946
40005,5.6008610,5.2915,5.7830,14,8.1946
40006,5.6009860,5.2915,5.7830,14,8.2022
40007,5.6011110,5.2915,5.7830,14,8.2022
40008,5.6012361,5.2915,5.7907,14,8.1946
40009,5.6013610,5.2915,5.7830,14,8.1946
40010,5.6014860,5.2915,5.7830,14,8.2022
40011,5.6016110,5.2915,5.7830,14,8.2022
40012,5.6017361,5.2915,5.7907,14,8.1946
40013,5.6018610,5.2915,5.7830,14,8.1946
40014,5.6019860,5.2915,5.7830,14,8.2022
40015,5.6021110,5.2915,5.7830,14,8.2022
40016,5.6022361,5.2915,5.7907,14,8.1946
40017,5.6023610,5.2915,5.7830,14,8.1946
40018,5.6024860,5.2915,5.7830,14,8.2022
40019,5.6026110,5.2915,5.7830,14,8.2022
40020,5.6027361,5.2915,5.7907,14,8.1946
40021,5.6028610,5.2915,5.7830,14,8.1946
40022,5.6029860,5.2915,5.7830,14,8.2022
40023,5.6031110,5.2915,5.7830,14,8.2022
40024,5.6032361,5.2915,5.7907,14,8.1946
40025,5.6033610,5.2915,5.7830,14,8.2022
40026,5.6034860,5.2915,5.7830,14,8.2022
40027,5.6036110,5.2915,5.7830,14,8.2022
40028,5.6037361,5.2915,5.7907,14,8.1946
40029,5.6038610,5.2915,5.7830,14,8.2022
40030,5.6039860,5.2915,5.7830,14,8.2022
40031,5.6041110,5.2915,5.7830,14,8.2022
40032,5.6042361,5.2915,5.7907,14,8.1946
40033,5.6043610,5.2915,5.7830,14,8.2022
40034,5.6044860,5.2915,5.7830,14,8.2022
40035,5.6046110,5.2915,5.7830,14,8.2022
40036,5.6047361,5.2915,5.7907,14,8.1946
40037,5.6048610,5.2915,5.7830,14,8.2022
40038,5.6049860,5.2915,5.7830,14,8.2022
40039,5.6051110,5.2915,5.7830,14,8.2022
40040,5.6052361,5.2915,5.7907,14,8.1946
40041,5.6053610,5.2915,5.7830,14,8.2022
40042,5.6054860,5.2915,5.7830,14,8.2022
40043,5.6056110,5.2915,5.7830,14,8.2022
40044,5.6057361,5.2915,5.7907,14,8.1946
40045,5.6058610,5.2915,5.7830,14,8.2022
40046,5.6059860,5.2915,5.7830,14,8.2022
40047,5.6061110,5.2915,5.7830,14,8.2022
40048,5.6062361,5.2915,5.7907,14,8.1946
40049,5.6063610,5.2915,5.7830,14,8.2022
40050,5.6064860,5.2915,5.7830,14,8.2022
40051,5.6066110,5.2915,5.7830,14,8.2022
40052,5.6067361,5.2915,5.7907,14,8.1946
40053,5.6068610,5.2915,5.7830,14,8.2022
40054,5.6069860,5.2915,5.7830,14,8.2022
40055,5.6071110,5.2915,5.7830,14,8.2022
40056,5.6072361,5.2915,5.7907,14,8.1946
40057,5.6073610,5.2915,5.7830,14,8.2022
40058,5.6074860,5.2915,5.7830,14,8.2022
40059,5.6076110,5.2992,5.7830,14,8.2022
40060,5.6077361,5.2915,5.7907,14,8.1946
40061,5.6078610,5.2915,5.7830,14,8.2022
40062,5.6079860,5.2915,5.7830,14,8.2022
40063,5.6081111,5.2915,5.7907,14,8.1946
40064,5.6082361,5.2915,5.7907,14,8.1946
40065,5.6083610,5.2915,5.7830,14,8.2022
40066,5.6084860,5.2915,5.7830,14,8.2022
40067,5.6086111,5.2915,5.7907,14,8.1946
40068,5.6087361,5.2915,5.7907,14,8.1946
40069,5.6088610,5.2915,5.7830,14,8.2022
40070,5.6089860,5.2915,5.7830,14,8.2022
40071,5.6091111,5.2915,5.7907,14,8.1946
40072,5.6092361,5.2915,5.7830,14,8.1946
40073,5.6093610,5.2915,5.7830,14,8.2022
40074,5.6094860,5.2915,5.7830,14,8.2022
40075,5.6096111,5.2915,5.7907,14,8.1946
40076,5.6097361,5.2915,5.7830,14,8.1946
40077,5.6098610,5.2915,5.7830,14,8.2022
40078,5.6099860,5.2915,5.7830,14,8.2022
40079,5.6101111,5.2915,5.7907,14,8.1946
40080,5.6102361,5.2915,5.7830,14,8.1946
40081,5.6103610,5.2915,5.7830,14,8.2022
40082,5.6104860,5.2915,5.7830,14,8.2022
40083,5.6106111,5.2915,5.7907,14,8.1946
40084,5.6107361,5.2915,5.7830,14,8.1946
40085,5.6108610,5.2915,5.7830,14,8.2022
40086,5.6109860,5.2915,5.7830,14,8.2022
40087,5.6111111,5.2915,5.7907,14,8.1946
40088,5.6112361,5.2915,5.7830,14,8.1946
40089,5.6113610,5.2915,5.7830,14,8.2022
40090,5.6114860,5.2915,5.7830,14,8.2022
40091,5.6116111,5.2915,5.7907,14,8.1946
40092,5.6117361,5.2915,5.7830,14,8.1946
40093,5.6118610,5.2915,5.7830,14,8.2022
40094,5.6119860,5.2915,5.7830,14,8.2022
40095,5.6121111,5.2915,5.7907,14,8.1946
40096,5.6122361,5.2915,5.7830,14,8.2022
40097,5.6123610,5.2915,5.7830,14,8.2022
40098,5.6124860,5.2915,5.7830,14,8.2022
40099,5.6126111,5.2915,5.7907,14,8.1946
40100,5.6127361,5.2915,5.7830,14,8.2022
40101,5.6128610,5.2915,5.7830,14,8.2022
40102,5.6129860,5.2915,5.7830,14,8.2022
40103,5.6131111,5.2915,5.7907,14,8.1946
40104,5.6132361,5.2915,5.7830,14,8.2022
40105,5.6133610,5.2915,5.7830,14,8.2022
40106,5.6134860,5.2915,5.7830,14,8.2022
40107,5.6136111,5.2915,5.7907,14,8.1946
40108,5.6137361,5.2915,5.7830,14,8.2022
40109,5.6138610,5.2915,5.7830,14,8.2022
40110,5.6139860,5.2915,5.7830,14,8.2022
40111,5.6141111,5.2915,5.7907,14,8.1946
40112,5.6142361,5.2915,5.7830,14,8.2022
40113,5.6143610,5.2915,5.7830,14,8.2022
40114,5.6144860,5.2915,5.7830,14,8.2022
40115,5.6146111,5.2915,5.7907,14,8.1946
40116,5.6147361,5.2915,5.7830,14,8.2022
40117,5.6148610,5.2915,5.7830,14,8.2022
40118,5.6149860,5.2915,5.7830,14,8.2022
40119,5.6151111,5.2915,5.7907,14,8.1946
40120,5.6152361,5.2915,5.7830,14,8.2022
40121,5.6153610,5.2915,5.7830,14,8.2022
40122,5.6154860,5.2915,5.7830,14,8.2022
40123,5.6156111,5.2915,5.7907,14,8.1946
40124,5.6157361,5.2915,5.7830,14,8.2022
40125,5.6158610,5.2915,5.7830,14,8.2022
40126,5.6159862,5.2838,5.7907,14,8.1946
40127,5.6161111,5.2915,5.7907,14,8.1946
40128,5.6162361,5.2915,5.7830,14,8.2022
40129,5.6163610,5.2915,5.7830,14,8.2022
40130,5.6164862,5.2915,5.7907,14,8.1946
40131,5.6166111,5.2915,5.7907,14,8.1946
40132,5.6167361,5.2915,5.7830,14,8.2022
40133,5.6168610,5.2915,5.7830,14,8.2022
40134,5.6169862,5.2915,5.7907,14,8.1946
40135,5.6171111,5.2915,5.7907,14,8.1946
40136,5.6172361,5.2915,5.7830,14,8.2022
40137,5.6173610,5.2915,5.7830,14,8.2022
40138,5.6174862,5.2915,5.7907,14,8.1946
40139,5.6176111,5.2915,5.7907,14,8.1946
40140,5.6177361,5.2915,5.7830,14,8.2022
40141,5.6178610,5.2915,5.7830,14,8.2022
40142,5.6179862,5.2915,5.7907,14,8.1946
40143,5.6181111,5.2915,5.7830,14,8.1946
40144,5.6182361,5.2915,5.7830,14,8.2022
40145,5.6183610,5.2915,5.7830,14,8.2022
40146,5.6184862,5.2915,5.7907,14,8.1946
40147,5.6186111,5.2915,5.7830,14,8.1946
40148,5.6187361,5.2915,5.7830,14,8.2022
40149,5.6188610,5.2915,5.7830,14,8.2022
40150,5.6189862,5.2915,5.7907,14,8.1946
40151,5.6191111,5.2915,5.7830,14,8.1946
40152,5.6192361,5.2915,5.7830,14,8.2022
40153,5.6193610,5.2915,5.7830,14,8.2022
40154,5.6194862,5.2915,5.7907,14,8.1946
40155,5.6196111,5.2915,5.7830,14,8.1946
40156,5.6197361,5.2915,5.7830,14,8.2022
40157,5.6198610,5.2915,5.7830,14,8.2022
40158,5.6199862,5.2915,5.7907,14,8.1946
40159,5.6201111,5.2915,5.7830,14,8.1946
40160,5.6202361,5.2915,5.7830,14,8.2022
40161,5.6203610,5.2915,5.7830,14,8.2022
40162,5.6204862,5.2915,5.7907,14,8.1946
40163,5.6206111,5.2915,5.7830,14,8.1946
40164,5.6207361,5.2915,5.7830,14,8.2022
40165,5.6208610,5.2915,5.7830,14,8.2022
40166,5.6209862,5.2915,5.7907,14,8.1946
40167,5.6211111,5.2915,5.7830,14,8.2022
40168,5.6212361,5.2915,5.7830,14,8.2022
40169,5.6213610,5.2915,5.7830,14,8.2022
40170,5.6214862,5.2915,5.7907,14,8.1946
40171,5.6216111,5.2915,5.7830,14,8.2022
40172,5.6217361,5.2915,5.7830,14,8.2022
40173,5.6218610,5.2915,5.7830,14,8.2022
40174,5.6219862,5.2915,5.7907,14,8.1946
40175,5.6221111,5.2915,5.7830,14,8.2022
40176,5.6222361,5.2915,5.7830,14,8.2022
40177,5.6223610,5.2915,5.7830,14,8.2022
40178,5.6224862,5.2915,5.7907,14,8.1946
40179,5.6226111,5.2915,5.7830,14,8.2022
40180,5.6227361,5.2915,5.7830,14,8.2022
40181,5.6228610,5.2915,5.7830,14,8.2022
40182,5.6229862,5.2915,5.7907,14,8.1946
40183,5.6231111,5.2915,5.7830,14,8.2022
40184,5.6232361,5.2915,5.7830,14,8.2022
40185,5.6233610,5.2915,5.7830,14,8.2022
40186,5.6234862,5.2915,5.7907,14,8.1946
40187,5.6236111,5.2915,5.7830,14,8.2022
40188,5.6237361,5.2915,5.7830,14,8.2022
40189,5.6238612,5.2838,5.7907,14,8.1946
40190,5.6239862,5.2915,5.7907,14,8.1946
40191,5.6241111,5.2915,5.7830,14,8.2022
40192,5.6242361,5.2915,5.7830,14,8.2022
40193,5.6243612,5.2838,5.7907,14,8.1946
40194,5.6244862,5.2915,5.7907,14,8.1946
40195,5.6246111,5.2915,5.7830,14,8.2022
40196,5.6247361,5.2915,5.7830,14,8.2022
40197,5.6248612,5.2838,5.7907,14,8.1946
40198,5.6249862,5.2915,5.7907,14,8.1946
40199,5.6251111,5.2915,5.7830,14,8.2022
40200,5.6252361,5.2915,5.7830,14,8.2022
40201,5.6253612,5.2915,5.7907,14,8.1946
40202,5.6254862,5.2915,5.7907,14,8.1946
40203,5.6256111,5.2915,5.7830,14,8.2022
40204,5.6257361,5.2915,5.7830,14,8.2022
40205,5.6258612,5.2915,5.7907,14,8.1946
40206,5.6259862,5.2915,5.7907,14,8.1946
40207,5.6261111,5.2915,5.7830,14,8.2022
40208,5.6262361,5.2915,5.7830,14,8.2022
40209,5.6263612,5.2915,5.7907,14,8.1946
40210,5.6264862,5.2915,5.7907,14,8.1946
40211,5.6266111,5.2915,5.7830,14,8.2022
40212,5.6267361,5.2915,5.7830,14,8.2022
40213,5.6268612,5.2915,5.7907,14,8.1946
40214,5.6269862,5.2915,5.7830,14,8.1946
40215,5.6271111,5.2915,5.7830,14,8.2022
40216,5.6272361,5.2915,5.7830,14,8.2022
40217,5.6273612,5.2915,5.7907,14,8.1946
40218,5.6274862,5.2915,5.7830,14,8.1946
40219,5.6276111,5.2915,5.7830,14,8.2022
40220,5.6277361,5.2915,5.7830,14,8.2022
40221,5.6278612,5.2915,5.7907,14,8.1946
40222,5.6279862,5.2915,5.7830,14,8.1946
40223,5.6281111,5.2915,5.7830,14,8.2022
40224,5.6282361,5.2915,5.7830,14,8.2022
40225,5.6283612,5.2915,5.7907,14,8.1946
40226,5.6284862,5.2915,5.7830,14,8.1946
40227,5.6286111,5.2915,5.7830,14,8.2022
40228,5.6287361,5.2915,5.7830,14,8.2022
40229,5.6288612,5.2915,5.7907,14,8.1946
40230,5.6289862,5.2915,5.7830,14,8.1946
40231,5.6291111,5.2915,5.7830,14,8.2022
40232,5.6292361,5.2915,5.7830,14,8.2022
40233,5.6293612,5.2915,5.7907,14,8.1946
40234,5.6294862,5.2915,5.7830,14,8.2022
40235,5.6296111,5.2915,5.7830,14,8.2022
40236,5.6297361,5.2915,5.7830,14,8.2022
40237,5.6298612,5.2915,5.7907,14,8.1946
40238,5.6299862,5.2915,5.7830,14,8.2022
40239,5.6301111,5.2915,5.7830,14,8.2022
40240,5.6302361,5.2915,5.7830,14,8.2022
40241,5.6303612,5.2915,5.7907,14,8.1946
40242,5.6304862,5.2915,5.7830,14,8.2022
40243,5.6306111,5.2915,5.7830,14,8.2022
40244,5.6307361,5.2915,5.7830,14,8.2022
40245,5.6308612,5.2915,5.7907,14,8.1946
40246,5.6309862,5.2915,5.7830,14,8.2022
40247,5.6311111,5.2915,5.7830,14,8.2022
40248,5.6312361,5.2915,5.7830,14,8.2022
40249,5.6313612,5.2915,5.7907,14,8.1946
40250,5.6314862,5.2915,5.7830,14,8.2022
40251,5.6316111,5.2915,5.7830,14,8.2022
40252,5.6317362,5.2838,5.7907,14,8.1946
40253,5.6318612,5.2915,5.7907,14,8.1946
40254,5.6319862,5.2915,5.7830,14,8.2022
40255,5.6321111,5.2915,5.7830,14,8.2022
40256,5.6322362,5.2838,5.7907,14,8.1946
40257,5.6323612,5.2915,5.7907,14,8.1946
40258,5.6324862,5.2915,5.7830,14,8.2022
40259,5.6326111,5.2915,5.7830,14,8.2022
40260,5.6327362,5.2838,5.7907,14,8.1946
40261,5.6328612,5.2915,5.7907,14,8.1946
40262,5.6329862,5.2915,5.7830,14,8.2022
40263,5.6331111,5.2915,5.7830,14,8.2022
40264,5.6332362,5.2838,5.7907,14,8.1946
40265,5.6333612,5.2915,5.7907,14,8.1946
40266,5.6334862,5.2915,5.7830,14,8.2022
40267,5.6336111,5.2915,5.7830,14,8.2022
40268,5.6337362,5.2838,5.7907,14,8.1946
40269,5.6338612,5.2915,5.7907,14,8.1946
40270,5.6339862,5.2915,5.7830,14,8.2022
40271,5.6341111,5.2915,5.7830,14,8.2022
40272,5.6342362,5.2915,5.7907,14,8.1946
40273,5.6343612,5.2915,5.7907,14,8.1946
40274,5.6344862,5.2915,5.7830,14,8.2022
40275,5.6346111,5.2915,5.7830,14,8.2022
40276,5.6347362,5.2915,5.7907,14,8.1946
40277,5.6348612,5.2915,5.7907,14,8.1946
40278,5.6349862,5.2915,5.7830,14,8.2022
40279,5.6351111,5.2915,5.7830,14,8.2022
40280,5.6352362,5.2915,5.7907,14,8.1946
40281,5.6353612,5.2915,5.7907,14,8.1946
40282,5.6354862,5.2915,5.7830,14,8.2022
40283,5.6356111,5.2915,5.7830,14,8.2022
40284,5.6357362,5.2915,5.7907,14,8.1946
40285,5.6358612,5.2915,5.7830,14,8.1946
40286,5.6359862,5.2915,5.7830,14,8.2022
40287,5.6361111,5.2915,5.7830,14,8.2022
40288,5.6362362,5.2915,5.7907,14,8.1946
40289,5.6363612,5.2915,5.7830,14,8.1946
40290,5.6364862,5.2915,5.7830,14,8.2022
40291,5.6366111,5.2915,5.7830,14,8.2022
40292,5.6367362,5.2915,5.7907,14,8.1946
40293,5.6368612,5.2915,5.7830,14,8.1946
40294,5.6369862,5.2915,5.7830,14,8.2022
40295,5.6371111,5.2915,5.7830,14,8.2022
40296,5.6372362,5.2915,5.7907,14,8.1946
40297,5.6373612,5.2915,5.7830,14,8.1946
40298,5.6374862,5.2915,5.7830,14,8.2022
40299,5.6376111,5.2915,5.7830,14,8.2022
40300,5.6377362,5.2915,5.7907,14,8.1946
40301,5.6378612,5.2915,5.7830,14,8.1946
40302,5.6379862,5.2915,5.7830,14,8.2022
40303,5.6381111,5.2915,5.7830,14,8.2022
40304,5.6382362,5.2915,5.7907,14,8.1946
40305,5.6383612,5.2915,5.7830,14,8.2022
40306,5.6384862,5.2915,5.7830,14,8.2022
40307,5.6386111,5.2915,5.7830,14,8.2022
40308,5.6387362,5.2915,5.7907,14,8.1946
40309,5.6388612,5.2915,5.7830,14,8.2022
40310,5.6389862,5.2915,5.7830,14,8.2022
40311,5.6391111,5.2915,5.7830,14,8.2022
40312,5.6392362,5.2915,5.7907,14,8.1946
40313,5.6393612,5.2915,5.7830,14,8.2022
40314,5.6394862,5.2915,5.7830,14,8.2022
40315,5.6396113,5.2838,5.7907,14,8.1946
40316,5.6397362,5.2915,5.7907,14,8.1946
40317,5.6398612,5.2915,5.7830,14,8.2022
40318,5.6399862,5.2915,5.7830,14,8.2022
40319,5.6401113,5.2838,5.7907,14,8.1946
40320,5.6402362,5.2915,5.7907,14,8.1946
40321,5.6403612,5.2915,5.7830,14,8.2022
40322,5.6404862,5.2915,5.7830,14,8.2022
40323,5.6406113,5.2838,5.7907,14,8.1946
40324,5.6407362,5.2915,5.7907,14,8.1946
40325,5.6408612,5.2915,5.7830,14,8.2022
40326,5.6409862,5.2915,5.7830,14,8.2022
40327,5.6411113,5.2838,5.7907,14,8.1946
40328,5.6412362,5.2915,5.7907,14,8.1946
40329,5.6413612,5.2915,5.7830,14,8.2022
40330,5.6414862,5.2915,5.7830,14,8.2022
40331,5.6416113,5.2838,5.7907,14,8.1946
40332,5.6417362,5.2915,5.7907,14,8.1946
40333,5.6418612,5.2915,5.7830,14,8.2022
40334,5.6419862,5.2915,5.7830,14,8.2022
40335,5.6421113,5.2838,5.7907,14,8.1946
40336,5.6422362,5.2915,5.7907,14,8.1946
40337,5.6423612,5.2915,5.7830,14,8.2022
40338,5.6424862,5.2915,5.7830,14,8.2022
40339,5.6426113,5.2838,5.7907,14,8.1946
40340,5.6427362,5.2915,5.7907,14,8.1946
40341,5.6428612,5.2915,5.7830,14,8.2022
40342,5.6429862,5.2915,5.7830,14,8.2022
40343,5.6431113,5.2915,5.7907,14,8.1946
40344,5.6432362,5.2915,5.7907,14,8.1946
40345,5.6433612,5.2915,5.7830,14,8.2022
40346,5.6434862,5.2915,5.7830,14,8.2022
40347,5.6436113,5.2915,5.7907,14,8.1946
40348,5.6437362,5.2915,5.7907,14,8.1946
40349,5.6438612,5.2915,5.7830,14,8.2022
40350,5.6439862,5.2915,5.7830,14,8.2022
40351,5.6441113,5.2915,5.7907,14,8.1946
40352,5.6442362,5.2915,5.7907,14,8.1946
40353,5.6443612,5.2915,5.7830,14,8.2022
40354,5.6444862,5.2915,5.7830,14,8.2022
40355,5.6446113,5.2915,5.7907,14,8.1946
40356,5.6447362,5.2915,5.7830,14,8.1946
40357,5.6448612,5.2915,5.7830,14,8.2022
40358,5.6449862,5.2915,5.7830,14,8.2022
40359,5.6451113,5.2915,5.7907,14,8.1946
40360,5.6452362,5.2915,5.7830,14,8.1946
40361,5.6453612,5.2915,5.7830,14,8.2022
40362,5.6454862,5.2915,5.7830,14,8.2022
40363,5.6456113,5.2915,5.7907,14,8.1946
40364,5.6457362,5.2915,5.7830,14,8.1946
40365,5.6458612,5.2915,5.7830,14,8.2022
40366,5.6459862,5.2915,5.7830,14,8.2022
40367,5.6461113,5.2915,5.7907,14,8.1946
40368,5.6462362,5.2915,5.7830,14,8.1946
40369,5.6463612,5.2915,5.7830,14,8.2022
40370,5.6464862,5.2915,5.7830,14,8.2022
40371,5.6466113,5.2915,5.7907,14,8.1946
40372,5.6467362,5.2915,5.7830,14,8.1946
40373,5.6468612,5.2915,5.7830,14,8.2022
40374,5.6469862,5.2915,5.7830,14,8.2022
40375,5.6471113,5.2915,5.7907,14,8.1946
40376,5.6472362,5.2915,5.7830,14,8.2022
40377,5.6473612,5.2915,5.7830,14,8.2022
40378,5.6474863,5.2838,5.7907,14,8.1946
40379,5.6476113,5.2915,5.7907,14,8.1946
40380,5.6477362,5.2915,5.7830,14,8.2022
40381,5.6478612,5.2915,5.7830,14,8.2022
40382,5.6479863,5.2838,5.7907,14,8.1946
40383,5.6481113,5.2915,5.7907,14,8.1946
40384,5.6482362,5.2915,5.7830,14,8.2022
40385,5.6483612,5.2915,5.7830,14,8.2022
40386,5.6484863,5.2838,5.7907,14,8.1946
40387,5.6486113,5.2915,5.7907,14,8.1946
40388,5.6487362,5.2915,5.7830,14,8.2022
40389,5.6488612,5.2915,5.7830,14,8.2022
40390,5.6489863,5.2838,5.7907,14,8.1946
40391,5.6491113,5.2915,5.7907,14,8.1946
40392,5.6492362,5.2915,5.7830,14,8.2022
40393,5.6493612,5.2915,5.7830,14,8.2022
40394,5.6494863,5.2838,5.7907,14,8.1946
40395,5.6496113,5.2915,5.7907,14,8.1946
40396,5.6497362,5.2915,5.7830,14,8.2022
40397,5.6498612,5.2915,5.7830,14,8.2022
40398,5.6499863,5.2838,5.7907,14,8.1946
40399,5.6501113,5.2915,5.7907,14,8.1946
40400,5.6502362,5.2915,5.7830,14,8.2022
40401,5.6503612,5.2915,5.7830,14,8.2022
40402,5.6504863,5.2838,5.7907,14,8.1946
40403,5.6506113,5.2915,5.7907,14,8.1946
40404,5.6507362,5.2915,5.7830,14,8.2022
40405,5.6508612,5.2915,5.7830,14,8.2022
40406,5.6509863,5.2838,5.7907,14,8.1946
40407,5.6511113,5.2915,5.7907,14,8.1946
40408,5.6512362,5.2915,5.7830,14,8.2022
40409,5.6513612,5.2915,5.7830,14,8.2022
40410,5.6514863,5.2915,5.7907,14,8.1946
40411,5.6516113,5.2915,5.7907,14,8.1946
40412,5.6517362,5.2915,5.7830,14,8.2022
40413,5.6518612,5.2915,5.7830,14,8.2022
40414,5.6519863,5.2915,5.7907,14,8.1946
40415,5.6521113,5.2915,5.7907,14,8.1946
40416,5.6522362,5.2915,5.7830,14,8.2022
40417,5.6523612,5.2915,5.7830,14,8.2022
40418,5.6524863,5.2915,5.7907,14,8.1946
40419,5.6526113,5.2915,5.7907,14,8.1946
40420,5.6527362,5.2915,5.7830,14,8.2022
40421,5.6528612,5.2915,5.7830,14,8.2022
40422,5.6529863,5.2915,5.7907,14,8.1946
40423,5.6531113,5.2915,5.7830,14,8.1946
40424,5.6532362,5.2915,5.7830,14,8.2022
40425,5.6533612,5.2915,5.7830,14,8.2022
40426,5.6534863,5.2915,5.7907,14,8.1946
40427,5.6536113,5.2915,5.7830,14,8.1946
40428,5.6537362,5.2915,5.7830,14,8.2022
40429,5.6538612,5.2915,5.7830,14,8.2022
40430,5.6539863,5.2915,5.7907,14,8.1946
40431,5.6541113,5.2915,5.7830,14,8.1946
40432,5.6542362,5.2915,5.7830,14,8.2022
40433,5.6543612,5.2915,5.7830,14,8.2022
40434,5.6544863,5.2915,5.7907,14,8.1946
40435,5.6546113,5.2915,5.7830,14,8.1946
40436,5.6547362,5.2915,5.7830,14,8.2022
40437,5.6548612,5.2915,5.7830,14,8.2022
40438,5.6549863,5.2915,5.7907,14,8.1946
40439,5.6551113,5.2915,5.7830,14,8.1946
40440,5.6552362,5.2915,5.7830,14,8.2022
40441,5.6553614,5.2838,5.7907,14,8.1946
40442,5.6554863,5.2915,5.7907,14,8.1946
40443,5.6556113,5.2915,5.7830,14,8.1946
40444,5.6557362,5.2915,5.7830,14,8.2022
40445,5.6558614,5.2838,5.7907,14,8.1946
40446,5.6559863,5.2915,5.7907,14,8.1946
40447,5.6561113,5.2915,5.7830,14,8.2022
40448,5.6562362,5.2915,5.7830,14,8.2022
40449,5.6563614,5.2838,5.7907,14,8.1946
40450,5.6564863,5.2915,5.7907,14,8.1946
40451,5.6566113,5.2915,5.7830,14,8.2022
40452,5.6567362,5.2915,5.7830,14,8.2022
40453,5.6568614,5.2838,5.7907,14,8.1946
40454,5.6569863,5.2915,5.7907,14,8.1946
40455,5.6571113,5.2915,5.7830,14,8.2022
40456,5.6572362,5.2915,5.7830,14,8.2022
40457,5.6573614,5.2838,5.7907,14,8.1946
40458,5.6574863,5.2915,5.7907,14,8.1946
40459,5.6576113,5.2915,5.7830,14,8.2022
40460,5.6577362,5.2915,5.7830,14,8.2022
40461,5.6578614,5.2838,5.7907,14,8.1946
40462,5.6579863,5.2915,5.7907,14,8.1946
40463,5.6581113,5.2915,5.7830,14,8.2022
40464,5.6582362,5.2915,5.7830,14,8.2022
40465,5.6583614,5.2838,5.7907,14,8.1946
40466,5.6584863,5.2915,5.7907,14,8.1946
40467,5.6586113,5.2915,5.7830,14,8.2022
40468,5.6587362,5.2915,5.7830,14,8.2022
40469,5.6588614,5.2838,5.7907,14,8.1946
40470,5.6589863,5.2915,5.7907,14,8.1946
40471,5.6591113,5.2915,5.7830,14,8.2022
40472,5.6592362,5.2915,5.7830,14,8.2022
40473,5.6593614,5.2838,5.7907,14,8.1946
40474,5.6594863,5.2915,5.7907,14,8.1946
40475,5.6596113,5.2915,5.7830,14,8.2022
40476,5.6597362,5.2915,5.7830,14,8.2022
40477,5.6598614,5.2838,5.7907,14,8.1946
40478,5.6599863,5.2915,5.7907,14,8.1946
40479,5.6601113,5.2915,5.7830,14,8.2022
40480,5.6602362,5.2915,5.7830,14,8.2022
40481,5.6603614,5.2915,5.7907,14,8.1946
40482,5.6604863,5.2915,5.7907,14,8.1946
40483,5.6606113,5.2915,5.7830,14,8.2022
40484,5.6607362,5.2915,5.7830,14,8.2022
40485,5.6608614,5.2915,5.7907,14,8.1946
40486,5.6609863,5.2915,5.7907,14,8.1946
40487,5.6611113,5.2915,5.7830,14,8.2022
40488,5.6612362,5.2915,5.7830,14,8.2022
40489,5.6613614,5.2915,5.7907,14,8.1946
40490,5.6614863,5.2915,5.7907,14,8.1946
40491,5.6616113,5.2915,5.7830,14,8.2022
40492,5.6617362,5.2915,5.7830,14,8.2022
40493,5.6618614,5.2915,5.7907,14,8.1946
40494,5.6619863,5.2915,5.7830,14,8.1946
40495,5.6621113,5.2915,5.7830,14,8.2022
40496,5.6622362,5.2915,5.7830,14,8.2022
40497,5.6623614,5.2915,5.7907,14,8.1946
40498,5.6624863,5.2915,5.7830,14,8.1946
40499,5.6626113,5.2915,5.7830,14,8.2022
40500,5.6627362,5.2915,5.7830,14,8.2022
40501,5.6628614,5.2915,5.7907,14,8.1946
40502,5.6629863,5.2915,5.7830,14,8.1946
40503,5.6631113,5.2915,5.7830,14,8.2022
40504,5.6632364,5.2838,5.7907,14,8.1946
40505,5.6633614,5.2915,5.7907,14,8.1946
40506,5.6634863,5.2915,5.7830,14,8.1946
40507,5.6636113,5.2915,5.7830,14,8.2022
40508,5.6637364,5.2838,5.7907,14,8.1946
40509,5.6638614,5.2915,5.7907,14,8.1946
40510,5.6639863,5.2915,5.7830,14,8.1946
40511,5.6641113,5.2915,5.7830,14,8.2022
40512,5.6642364,5.2838,5.7907,14,8.1946
40513,5.6643614,5.2915,5.7907,14,8.1946
40514,5.6644863,5.2915,5.7830,14,8.2022
40515,5.6646113,5.2915,5.7830,14,8.2022
40516,5.6647364,5.2838,5.7907,14,8.1946
40517,5.6648614,5.2915,5.7907,14,8.1946
40518,5.6649863,5.2915,5.7830,14,8.2022
40519,5.6651113,5.2915,5.7830,14,8.2022
40520,5.6652364,5.2838,5.7907,14,8.1946
40521,5.6653614,5.2915,5.7907,14,8.1946
40522,5.6654863,5.2915,5.7830,14,8.2022
40523,5.6656113,5.2915,5.7830,14,8.2022
40524,5.6657364,5.2838,5.7907,14,8.1946
40525,5.6658614,5.2915,5.7907,14,8.1946
40526,5.6659863,5.2915,5.7830,14,8.2022
40527,5.6661113,5.2915,5.7830,14,8.2022
40528,5.6662364,5.2838,5.7907,14,8.1946
40529,5.6663614,5.2915,5.7907,14,8.1946
40530,5.6664863,5.2915,5.7830,14,8.2022
40531,5.6666113,5.2915,5.7830,14,8.2022
40532,5.6667364,5.2838,5.7907,14,8.1946
40533,5.6668614,5.2915,5.7907,14,8.1946
40534,5.6669863,5.2915,5.7830,14,8.2022
40535,5.6671113,5.2915,5.7830,14,8.2022
40536,5.6672364,5.2838,5.7907,14,8.1946
40537,5.6673614,5.2915,5.7907,14,8.1946
40538,5.6674863,5.2915,5.7830,14,8.2022
40539,5.6676113,5.2915,5.7830,14,8.2022
40540,5.6677364,5.2838,5.7907,14,8.1946
40541,5.6678614,5.2915,5.7907,14,8.1946
40542,5.6679863,5.2915,5.7830,14,8.2022
40543,5.6681113,5.2915,5.7830,14,8.2022
40544,5.6682364,5.2838,5.7907,14,8.1946
40545,5.6683614,5.2915,5.7907,14,8.1946
40546,5.6684863,5.2915,5.7830,14,8.2022
40547,5.6686113,5.2915,5.7830,14,8.2022
40548,5.6687364,5.2915,5.7907,14,8.1946
40549,5.6688614,5.2915,5.7907,14,8.1946
40550,5.6689863,5.2915,5.7830,14,8.2022
40551,5.6691113,5.2915,5.7830,14,8.2022
40552,5.6692364,5.2915,5.7907,14,8.1946
40553,5.6693614,5.2915,5.7907,14,8.1946
40554,5.6694863,5.2915,5.7830,14,8.2022
40555,5.6696113,5.2915,5.7830,14,8.2022
40556,5.6697364,5.2915,5.7907,14,8.1946
40557,5.6698614,5.2915,5.7907,14,8.1946
40558,5.6699863,5.2915,5.7830,14,8.2022
40559,5.6701113,5.2915,5.7830,14,8.2022
40560,5.6702364,5.2915,5.7907,14,8.1946
40561,5.6703614,5.2915,5.7907,14,8.1946
40562,5.6704863,5.2915,5.7830,14,8.2022
40563,5.6706113,5.2915,5.7830,14,8.2022
40564,5.6707364,5.2915,5.7907,14,8.1946
40565,5.6708614,5.2915,5.7830,14,8.1946
40566,5.6709863,5.2915,5.7830,14,8.2022
40567,5.6711114,5.2838,5.7907,14,8.1946
40568,5.6712364,5.2915,5.7907,14,8.1946
40569,5.6713614,5.2915,5.7830,14,8.1946
40570,5.6714863,5.2915,5.7830,14,8.2022
40571,5.6716114,5.2838,5.7907,14,8.1946
40572,5.6717364,5.2915,5.7907,14,8.1946
40573,5.6718614,5.2915,5.7830,14,8.1946
40574,5.6719863,5.2915,5.7830,14,8.2022
40575,5.6721114,5.2838,5.7907,14,8.1946
40576,5.6722364,5.2915,5.7907,14,8.1946
40577,5.6723614,5.2915,5.7830,14,8.1946
40578,5.6724863,5.2915,5.7830,14,8.2022
40579,5.6726114,5.2838,5.7907,14,8.1946
40580,5.6727364,5.2915,5.7907,14,8.1946
40581,5.6728614,5.2915,5.7830,14,8.1946
40582,5.6729863,5.2915,5.7830,14,8.2022
40583,5.6731114,5.2838,5.7907,14,8.1946
40584,5.6732364,5.2915,5.7907,14,8.1946
40585,5.6733614,5.2915,5.7830,14,8.2022
40586,5.6734863,5.2915,5.7830,14,8.2022
40587,5.6736114,5.2838,5.7907,14,8.1946
40588,5.6737364,5.2915,5.7907,14,8.1946
40589,5.6738614,5.2915,5.7830,14,8.2022
40590,5.6739863,5.2915,5.7830,14,8.2022
40591,5.6741114,5.2838,5.7907,14,8.1946
40592,5.6742364,5.2915,5.7907,14,8.1946
40593,5.6743614,5.2915,5.7830,14,8.2022
40594,5.6744863,5.2915,5.7830,14,8.2022
40595,5.6746114,5.2838,5.7907,14,8.1946
40596,5.6747364,5.2915,5.7907,14,8.1946
40597,5.6748614,5.2915,5.7830,14,8.2022
40598,5.6749863,5.2915,5.7830,14,8.2022
40599,5.6751114,5.2838,5.7907,14,8.1946
40600,5.6752364,5.2915,5.7907,14,8.1946
40601,5.6753614,5.2915,5.7830,14,8.2022
40602,5.6754863,5.2915,5.7830,14,8.2022
40603,5.6756114,5.2838,5.7907,14,8.1946
40604,5.6757364,5.2915,5.7907,14,8.1946
40605,5.6758614,5.2915,5.7830,14,8.2022
40606,5.6759863,5.2915,5.7830,14,8.2022
40607,5.6761114,5.2838,5.7907,14,8.1946
40608,5.6762364,5.2915,5.7907,14,8.1946
40609,5.6763614,5.2915,5.7830,14,8.2022
40610,5.6764863,5.2915,5.7830,14,8.2022
40611,5.6766114,5.2838,5.7907,14,8.1946
40612,5.6767364,5.2915,5.7907,14,8.1946
40613,5.6768614,5.2915,5.7830,14,8.2022
40614,5.6769863,5.2915,5.7830,14,8.2022
40615,5.6771114,5.2838,5.7907,14,8.1946
40616,5.6772364,5.2915,5.7907,14,8.1946
40617,5.6773614,5.2915,5.7830,14,8.2022
40618,5.6774863,5.2915,5.7830,14,8.2022
40619,5.6776114,5.2915,5.7907,14,8.1946
40620,5.6777364,5.2915,5.7907,14,8.1946
40621,5.6778614,5.2915,5.7830,14,8.2022
40622,5.6779863,5.2915,5.7830,14,8.2022
40623,5.6781114,5.2915,5.7907,14,8.1946
40624,5.6782364,5.2915,5.7907,14,8.1946
40625,5.6783614,5.2915,5.7830,14,8.2022
40626,5.6784863,5.2915,5.7830,14,8.2022
40627,5.6786114,5.2915,5.7907,14,8.1946
40628,5.6787364,5.2915,5.7907,14,8.1946
40629,5.6788614,5.2915,5.7830,14,8.2022
40630,5.6789865,5.2838,5.7907,14,8.1946
40631,5.6791114,5.2915,5.7907,14,8.1946
40632,5.6792364,5.2915,5.7830,14,8.1946
40633,5.6793614,5.2915,5.7830,14,8.2022
40634,5.6794865,5.2838,5.7907,14,8.1946
40635,5.6796114,5.2915,5.7907,14,8.1946
40636,5.6797364,5.2915,5.7830,14,8.1946
40637,5.6798614,5.2915,5.7830,14,8.2022
40638,5.6799865,5.2838,5.7907,14,8.1946
40639,5.6801114,5.2915,5.7907,14,8.1946
40640,5.6802364,5.2915,5.7830,14,8.1946
40641,5.6803614,5.2915,5.7830,14,8.2022
40642,5.6804865,5.2838,5.7907,14,8.1946
40643,5.6806114,5.2915,5.7907,14,8.1946
40644,5.6807364,5.2915,5.7830,14,8.1946
40645,5.6808614,5.2915,5.7830,14,8.2022
40646,5.6809865,5.2838,5.7907,14,8.1946
40647,5.6811114,5.2915,5.7907,14,8.1946
40648,5.6812364,5.2915,5.7830,14,8.1946
40649,5.6813614,5.2915,5.7830,14,8.2022
40650,5.6814865,5.2838,5.7907,14,8.1946
40651,5.6816114,5.2915,5.7907,14,8.1946
40652,5.6817364,5.2915,5.7830,14,8.1946
40653,5.6818614,5.2915,5.7830,14,8.2022
40654,5.6819865,5.2838,5.7907,14,8.1946
40655,5.6821114,5.2915,5.7907,14,8.1946
40656,5.6822364,5.2915,5.7830,14,8.2022
40657,5.6823614,5.2915,5.7830,14,8.2022
40658,5.6824865,5.2838,5.7907,14,8.1946
40659,5.6826114,5.2915,5.7907,14,8.1946
40660,5.6827364,5.2915,5.7830,14,8.2022
40661,5.6828614,5.2915,5.7830,14,8.2022
40662,5.6829865,5.2838,5.7907,14,8.1946
40663,5.6831114,5.2915,5.7907,14,8.1946
40664,5.6832364,5.2915,5.7830,14,8.2022
40665,5.6833614,5.2915,5.7830,14,8.2022
40666,5.6834865,5.2838,5.7907,14,8.1946
40667,5.6836114,5.2915,5.7907,14,8.1946
40668,5.6837364,5.2915,5.7830,14,8.2022
40669,5.6838614,5.2915,5.7830,14,8.2022
40670,5.6839865,5.2838,5.7907,14,8.1946
40671,5.6841114,5.2915,5.7907,14,8.1946
40672,5.6842364,5.2915,5.7830,14,8.2022
40673,5.6843614,5.2915,5.7830,14,8.2022
40674,5.6844865,5.2838,5.7907,14,8.1946
40675,5.6846114,5.2915,5.7907,14,8.1946
40676,5.6847364,5.2915,5.7830,14,8.2022
40677,5.6848614,5.2915,5.7830,14,8.2022
40678,5.6849865,5.2838,5.7907,14,8.1946
40679,5.6851114,5.2915,5.7907,14,8.1946
40680,5.6852364,5.2915,5.7830,14,8.2022
40681,5.6853614,5.2915,5.7830,14,8.2022
40682,5.6854865,5.2838,5.7907,14,8.1946
40683,5.6856114,5.2915,5.7907,14,8.1946
40684,5.6857364,5.2915,5.7830,14,8.2022
40685,5.6858614,5.2915,5.7830,14,8.2022
40686,5.6859865,5.2838,5.7907,14,8.1946
40687,5.6861114,5.2915,5.7907,14,8.1946
40688,5.6862364,5.2915,5.7830,14,8.2022
40689,5.6863614,5.2915,5.7830,14,8.2022
40690,5.6864865,5.2915,5.7907,14,8.1946
40691,5.6866114,5.2915,5.7907,14,8.1946
40692,5.6867364,5.2915,5.7830,14,8.2022
40693,5.6868615,5.2838,5.7907,14,8.1946
40694,5.6869865,5.2915,5.7907,14,8.1946
40695,5.6871114,5.2915,5.7907,14,8.1946
40696,5.6872364,5.2915,5.7830,14,8.2022
40697,5.6873615,5.2838,5.7907,14,8.1946
40698,5.6874865,5.2915,5.7907,14,8.1946
40699,5.6876114,5.2915,5.7907,14,8.1946
40700,5.6877364,5.2915,5.7830,14,8.2022
40701,5.6878615,5.2838,5.7907,14,8.1946
40702,5.6879865,5.2915,5.7907,14,8.1946
40703,5.6881114,5.2915,5.7830,14,8.1946
40704,5.6882364,5.2915,5.7830,14,8.2022
40705,5.6883615,5.2838,5.7907,14,8.1946
40706,5.6884865,5.2915,5.7907,14,8.1946
40707,5.6886114,5.2915,5.7830,14,8.1946
40708,5.6887364,5.2915,5.7830,14,8.2022
40709,5.6888615,5.2838,5.7907,14,8.1946
40710,5.6889865,5.2915,5.7907,14,8.1946
40711,5.6891114,5.2915,5.7830,14,8.1946
40712,5.6892364,5.2915,5.7830,14,8.2022
40713,5.6893615,5.2838,5.7907,14,8.1946
40714,5.6894865,5.2915,5.7907,14,8.1946
40715,5.6896114,5.2915,5.7830,14,8.1946
40716,5.6897364,5.2915,5.7830,14,8.2022
40717,5.6898615,5.2838,5.7907,14,8.1946
40718,5.6899865,5.2915,5.7907,14,8.1946
40719,5.6901114,5.2915,5.7830,14,8.1946
40720,5.6902364,5.2915,5.7830,14,8.2022
40721,5.6903615,5.2838,5.7907,14,8.1946
40722,5.6904865,5.2915,5.7907,14,8.1946
40723,5.6906114,5.2915,5.7830,14,8.2022
40724,5.6907364,5.2915,5.7830,14,8.2022
40725,5.6908615,5.2838,5.7907,14,8.1946
40726,5.6909865,5.2915,5.7907,14,8.1946
40727,5.6911114,5.2915,5.7830,14,8.2022
40728,5.6912364,5.2915,5.7830,14,8.2022
40729,5.6913615,5.2838,5.7907,14,8.1946
40730,5.6914865,5.2915,5.7907,14,8.1946
40731,5.6916114,5.2915,5.7830,14,8.2022
40732,5.6917364,5.2915,5.7830,14,8.2022
40733,5.6918615,5.2838,5.7907,14,8.1946
40734,5.6919865,5.2915,5.7907,14,8.1946
40735,5.6921114,5.2915,5.7830,14,8.2022
40736,5.6922364,5.2915,5.7830,14,8.2022
40737,5.6923615,5.2838,5.7907,14,8.1946
40738,5.6924865,5.2915,5.7907,14,8.1946
40739,5.6926114,5.2915,5.7830,14,8.2022
40740,5.6927364,5.2915,5.7830,14,8.2022
40741,5.6928615,5.2838,5.7907,14,8.1946
40742,5.6929865,5.2915,5.7907,14,8.1946
40743,5.6931114,5.2915,5.7830,14,8.2022
40744,5.6932364,5.2915,5.7830,14,8.2022
40745,5.6933615,5.2838,5.7907,14,8.1946
40746,5.6934865,5.2915,5.7907,14,8.1946
40747,5.6936114,5.2915,5.7830,14,8.2022
40748,5.6937364,5.2915,5.7830,14,8.2022
40749,5.6938615,5.2838,5.7907,14,8.1946
40750,5.6939865,5.2915,5.7907,14,8.1946
40751,5.6941114,5.2915,5.7830,14,8.2022
40752,5.6942364,5.2915,5.7830,14,8.2022
40753,5.6943615,5.2838,5.7907,14,8.1946
40754,5.6944865,5.2915,5.7907,14,8.1946
40755,5.6946114,5.2915,5.7830,14,8.2022
40756,5.6947366,5.2838,5.7907,14,8.1946
40757,5.6948615,5.2915,5.7907,14,8.1946
40758,5.6949865,5.2915,5.7907,14,8.1946
40759,5.6951114,5.2915,5.7830,14,8.2022
40760,5.6952366,5.2838,5.7907,14,8.1946
40761,5.6953615,5.2915,5.7907,14,8.1946
40762,5.6954865,5.2915,5.7907,14,8.1946
40763,5.6956114,5.2915,5.7830,14,8.2022
40764,5.6957366,5.2838,5.7907,14,8.1946
40765,5.6958615,5.2915,5.7907,14,8.1946
40766,5.6959865,5.2915,5.7907,14,8.1946
40767,5.6961114,5.2915,5.7830,14,8.2022
40768,5.6962366,5.2838,5.7907,14,8.1946
40769,5.6963615,5.2915,5.7907,14,8.1946
40770,5.6964865,5.2915,5.7830,14,8.1946
40771,5.6966114,5.2915,5.7830,14,8.2022
40772,5.6967366,5.2838,5.7907,14,8.1946
40773,5.6968615,5.2915,5.7907,14,8.1946
40774,5.6969865,5.2915,5.7830,14,8.1946
40775,5.6971114,5.2915,5.7830,14,8.2022
40776,5.6972366,5.2838,5.7907,14,8.1946
40777,5.6973615,5.2915,5.7907,14,8.1946
40778,5.6974865,5.2915,5.7830,14,8.1946
40779,5.6976114,5.2915,5.7830,14,8.2022
40780,5.6977366,5.2838,5.7907,14,8.1946
40781,5.6978615,5.2915,5.7907,14,8.1946
40782,5.6979865,5.2915,5.7830,14,8.1946
40783,5.6981114,5.2915,5.7830,14,8.2022
40784,5.6982366,5.2838,5.7907,14,8.1946
40785,5.6983615,5.2915,5.7907,14,8.1946
40786,5.6984865,5.2915,5.7830,14,8.1946
40787,5.6986114,5.2915,5.7830,14,8.2022
40788,5.6987366,5.2838,5.7907,14,8.1946
40789,5.6988615,5.2915,5.7907,14,8.1946
40790,5.6989865,5.2915,5.7830,14,8.2022
40791,5.6991114,5.2915,5.7830,14,8.2022
40792,5.6992366,5.2838,5.7907,14,8.1946
40793,5.6993615,5.2915,5.7907,14,8.1946
40794,5.6994865,5.2915,5.7830,14,8.2022
40795,5.6996114,5.2915,5.7830,14,8.2022
40796,5.6997366,5.2838,5.7907,14,8.1946
40797,5.6998615,5.2915,5.7907,14,8.1946
40798,5.6999865,5.2915,5.7830,14,8.2022
40799,5.7001114,5.2915,5.7830,14,8.2022
40800,5.7002366,5.2838,5.7907,14,8.1946
40801,5.7003615,5.2915,5.7907,14,8.1946
40802,5.7004865,5.2915,5.7830,14,8.2022
40803,5.7006114,5.2915,5.7830,14,8.2022
40804,5.7007366,5.2838,5.7907,14,8.1946
40805,5.7008615,5.2915,5.7907,14,8.1946
40806,5.7009865,5.2915,5.7830,14,8.2022
40807,5.7011114,5.2915,5.7830,14,8.2022
40808,5.7012366,5.2838,5.7907,14,8.1946
40809,5.7013615,5.2915,5.7907,14,8.1946
40810,5.7014865,5.2915,5.7830,14,8.2022
40811,5.7016114,5.2915,5.7830,14,8.2022
40812,5.7017366,5.2838,5.7907,14,8.1946
40813,5.7018615,5.2915,5.7907,14,8.1946
40814,5.7019865,5.2915,5.7830,14,8.2022
40815,5.7021114,5.2915,5.7830,14,8.2022
40816,5.7022366,5.2838,5.7907,14,8.1946
40817,5.7023615,5.2915,5.7907,14,8.1946
40818,5.7024865,5.2915,5.7830,14,8.2022
40819,5.7026116,5.2838,5.7907,14,8.1946
40820,5.7027366,5.2838,5.7907,14,8.1946
40821,5.7028615,5.2915,5.7907,14,8.1946
40822,5.7029865,5.2915,5.7830,14,8.2022
40823,5.7031116,5.2838,5.7907,14,8.1946
40824,5.7032366,5.2915,5.7907,14,8.1946
40825,5.7033615,5.2915,5.7907,14,8.1946
40826,5.7034865,5.2915,5.7830,14,8.2022
40827,5.7036116,5.2838,5.7907,14,8.1946
40828,5.7037366,5.2915,5.7907,14,8.1946
40829,5.7038615,5.2915,5.7907,14,8.1946
40830,5.7039865,5.2915,5.7830,14,8.2022
40831,5.7041116,5.2838,5.7907,14,8.1946
40832,5.7042366,5.2915,5.7907,14,8.1946
40833,5.7043615,5.2915,5.7907,14,8.1946
40834,5.7044865,5.2915,5.7830,14,8.2022
40835,5.7046116,5.2838,5.7907,14,8.1946
40836,5.7047366,5.2915,5.7907,14,8.1946
40837,5.7048615,5.2915,5.7907,14,8.1946
40838,5.7049865,5.2915,5.7830,14,8.2022
40839,5.7051116,5.2838,5.7907,14,8.1946
40840,5.7052366,5.2915,5.7907,14,8.1946
40841,5.7053615,5.2915,5.7830,14,8.1946
40842,5.7054865,5.2915,5.7830,14,8.2022
40843,5.7056116,5.2838,5.7907,14,8.1946
40844,5.7057366,5.2915,5.7907,14,8.1946
40845,5.7058615,5.2915,5.7830,14,8.1946
40846,5.7059865,5.2915,5.7830,14,8.2022
40847,5.7061116,5.2838,5.7907,14,8.1946
40848,5.7062366,5.2915,5.7907,14,8.1946
40849,5.7063615,5.2915,5.7830,14,8.1946
40850,5.7064865,5.2915,5.7830,14,8.2022
40851,5.7066116,5.2838,5.7907,14,8.1946
40852,5.7067366,5.2915,5.7907,14,8.1946
40853,5.7068615,5.2915,5.7830,14,8.1946
40854,5.7069865,5.2915,5.7830,14,8.2022
40855,5.7071116,5.2838,5.7907,14,8.1946
40856,5.7072366,5.2915,5.7907,14,8.1946
40857,5.7073615,5.2915,5.7830,14,8.1946
40858,5.7074865,5.2915,5.7830,14,8.2022
40859,5.7076116,5.2838,5.7907,14,8.1946
40860,5.7077366,5.2915,5.7907,14,8.1946
40861,5.7078615,5.2915,5.7830,14,8.2022
40862,5.7079865,5.2915,5.7830,14,8.2022
40863,5.7081116,5.2838,5.7907,14,8.1946
40864,5.7082366,5.2915,5.7907,14,8.1946
40865,5.7083615,5.2915,5.7830,14,8.2022
40866,5.7084865,5.2915,5.7830,14,8.2022
40867,5.7086116,5.2838,5.7907,14,8.1946
40868,5.7087366,5.2915,5.7907,14,8.1946
40869,5.7088615,5.2915,5.7830,14,8.2022
40870,5.7089865,5.2915,5.7830,14,8.2022
40871,5.7091116,5.2838,5.7907,14,8.1946
40872,5.7092366,5.2915,5.7907,14,8.1946
40873,5.7093615,5.2915,5.7830,14,8.2022
40874,5.7094865,5.2915,5.7830,14,8.2022
40875,5.7096116,5.2838,5.7907,14,8.1946
40876,5.7097366,5.2915,5.7907,14,8.1946
40877,5.7098615,5.2915,5.7830,14,8.2022
40878,5.7099865,5.2915,5.7830,14,8.2022
40879,5.7101116,5.2838,5.7907,14,8.1946
40880,5.7102366,5.2915,5.7907,14,8.1946
40881,5.7103615,5.2915,5.7830,14,8.2022
40882,5.7104866,5.2838,5.7907,14,8.1946
40883,5.7106116,5.2838,5.7907,14,8.1946
40884,5.7107366,5.2915,5.7907,14,8.1946
40885,5.7108615,5.2915,5.7830,14,8.2022
40886,5.7109866,5.2838,5.7907,14,8.1946
40887,5.7111116,5.2838,5.7907,14,8.1946
40888,5.7112366,5.2915,5.7907,14,8.1946
40889,5.7113615,5.2915,5.7830,14,8.2022
40890,5.7114866,5.2838,5.7907,14,8.1946
40891,5.7116116,5.2838,5.7907,14,8.1946
40892,5.7117366,5.2915,5.7907,14,8.1946
40893,5.7118615,5.2915,5.7830,14,8.2022
40894,5.7119866,5.2838,5.7907,14,8.1946
40895,5.7121116,5.2915,5.7907,14,8.1946
40896,5.7122366,5.2915,5.7907,14,8.1946
40897,5.7123615,5.2915,5.7830,14,8.2022
40898,5.7124866,5.2838,5.7907,14,8.1946
40899,5.7126116,5.2915,5.7907,14,8.1946
40900,5.7127366,5.2915,5.7907,14,8.1946
40901,5.7128615,5.2915,5.7830,14,8.2022
40902,5.7129866,5.2838,5.7907,14,8.1946
40903,5.7131116,5.2915,5.7907,14,8.1946
40904,5.7132366,5.2915,5.7907,14,8.1946
40905,5.7133615,5.2915,5.7830,14,8.2022
40906,5.7134866,5.2838,5.7907,14,8.1946
40907,5.7136116,5.2915,5.7907,14,8.1946
40908,5.7137366,5.2915,5.7830,14,8.1946
40909,5.7138615,5.2915,5.7830,14,8.2022
40910,5.7139866,5.2838,5.7907,14,8.1946
40911,5.7141116,5.2915,5.7907,14,8.1946
40912,5.7142366,5.2915,5.7830,14,8.1946
40913,5.7143615,5.2915,5.7830,14,8.2022
40914,5.7144866,5.2838,5.7907,14,8.1946
40915,5.7146116,5.2915,5.7907,14,8.1946
40916,5.7147366,5.2915,5.7830,14,8.1946
40917,5.7148615,5.2915,5.7830,14,8.2022
40918,5.7149866,5.2838,5.7907,14,8.1946
40919,5.7151116,5.2915,5.7907,14,8.1946
40920,5.7152366,5.2915,5.7830,14,8.1946
40921,5.7153615,5.2915,5.7830,14,8.2022
40922,5.7154866,5.2838,5.7907,14,8.1946
40923,5.7156116,5.2915,5.7907,14,8.1946
40924,5.7157366,5.2915,5.7830,14,8.1946
40925,5.7158615,5.2915,5.7830,14,8.2022
40926,5.7159866,5.2838,5.7907,14,8.1946
40927,5.7161116,5.2915,5.7907,14,8.1946
40928,5.7162366,5.2915,5.7830,14,8.2022
40929,5.7163615,5.2915,5.7830,14,8.2022
40930,5.7164866,5.2838,5.7907,14,8.1946
40931,5.7166116,5.2915,5.7907,14,8.1946
40932,5.7167366,5.2915,5.7830,14,8.2022
40933,5.7168615,5.2915,5.7830,14,8.2022
40934,5.7169866,5.2838,5.7907,14,8.1946
40935,5.7171116,5.2915,5.7907,14,8.1946
40936,5.7172366,5.2915,5.7830,14,8.2022
40937,5.7173615,5.2915,5.7830,14,8.2022
40938,5.7174866,5.2838,5.7907,14,8.1946
40939,5.7176116,5.2915,5.7907,14,8.1946
40940,5.7177366,5.2915,5.7830,14,8.2022
40941,5.7178617,5.2838,5.7907,14,8.1946
40942,5.7179866,5.2838,5.7907,14,8.1946
40943,5.7181116,5.2915,5.7907,14,8.1946
40944,5.7182366,5.2915,5.7830,14,8.2022
40945,5.7183617,5.2838,5.7907,14,8.1946
40946,5.7184866,5.2838,5.7907,14,8.1946
40947,5.7186116,5.2915,5.7907,14,8.1946
40948,5.7187366,5.2915,5.7830,14,8.2022
40949,5.7188617,5.2838,5.7907,14,8.1946
40950,5.7189866,5.2838,5.7907,14,8.1946
40951,5.7191116,5.2915,5.7907,14,8.1946
40952,5.7192366,5.2915,5.7830,14,8.2022
40953,5.7193617,5.2838,5.7907,14,8.1946
40954,5.7194866,5.2838,5.7907,14,8.1946
40955,5.7196116,5.2915,5.7907,14,8.1946
40956,5.7197366,5.2915,5.7830,14,8.2022
40957,5.7198617,5.2838,5.7907,14,8.1946
40958,5.7199866,5.2838,5.7907,14,8.1946
40959,5.7201116,5.2915,5.7907,14,8.1946
40960,5.7202366,5.2915,5.7830,14,8.2022
40961,5.7203617,5.2838,5.7907,14,8.1946
40962,5.7204866,5.2915,5.7907,14,8.1946
40963,5.7206116,5.2915,5.7907,14,8.1946
40964,5.7207366,5.2915,5.7830,14,8.2022
40965,5.7208617,5.2838,5.7907,14,8.1946
40966,5.7209866,5.2915,5.7907,14,8.1946
40967,5.7211116,5.2915,5.7907,14,8.1946
40968,5.7212366,5.2915,5.7830,14,8.2022
40969,5.7213617,5.2838,5.7907,14,8.1946
40970,5.7214866,5.2915,5.7907,14,8.1946
40971,5.7216116,5.2915,5.7907,14,8.1946
40972,5.7217366,5.2915,5.7830,14,8.2022
40973,5.7218617,5.2838,5.7907,14,8.1946
40974,5.7219866,5.2915,5.7907,14,8.1946
40975,5.7221116,5.2915,5.7830,14,8.1946
40976,5.7222366,5.2915,5.7830,14,8.2022
40977,5.7223617,5.2838,5.7907,14,8.1946
40978,5.7224866,5.2915,5.7907,14,8.1946
40979,5.7226116,5.2915,5.7830,14,8.1946
40980,5.7227366,5.2915,5.7830,14,8.2022
40981,5.7228617,5.2838,5.7907,14,8.1946
40982,5.7229866,5.2915,5.7907,14,8.1946
40983,5.7231116,5.2915,5.7830,14,8.1946
40984,5.7232366,5.2915,5.7830,14,8.2022
40985,5.7233617,5.2838,5.7907,14,8.1946
40986,5.7234866,5.2915,5.7907,14,8.1946
40987,5.7236116,5.2915,5.7830,14,8.1946
40988,5.7237366,5.2915,5.7830,14,8.2022
40989,5.7238617,5.2838,5.7907,14,8.1946
40990,5.7239866,5.2915,5.7907,14,8.1946
40991,5.7241116,5.2915,5.7830,14,8.1946
40992,5.7242366,5.2915,5.7830,14,8.2022
40993,5.7243617,5.2838,5.7907,14,8.1946
40994,5.7244866,5.2915,5.7907,14,8.1946
40995,5.7246116,5.2915,5.7830,14,8.2022
40996,5.7247366,5.2915,5.7830,14,8.2022
40997,5.7248617,5.2838,5.7907,14,8.1946
40998,5.7249866,5.2915,5.7907,14,8.1946
40999,5.7251116,5.2915,5.7830,14,8.2022
41000,5.7252366,5.2915,5.7830,14,8.2022
41001,5.7253617,5.2838,5.7907,14,8.1946
41002,5.7254866,5.2915,5.7907,14,8.1946
41003,5.7256116,5.2915,5.7830,14,8.2022
41004,5.7257367,5.2838,5.7907,14,8.1946
41005,5.7258617,5.2838,5.7907,14,8.1946
41006,5.7259866,5.2915,5.7907,14,8.1946
41007,5.7261116,5.2915,5.7830,14,8.2022
41008,5.7262367,5.2838,5.7907,14,8.1946
41009,5.7263617,5.2838,5.7907,14,8.1946
41010,5.7264866,5.2915,5.7907,14,8.1946
41011,5.7266116,5.2915,5.7830,14,8.2022
41012,5.7267367,5.2838,5.7907,14,8.1946
41013,5.7268617,5.2838,5.7907,14,8.1946
41014,5.7269866,5.2915,5.7907,14,8.1946
41015,5.7271116,5.2915,5.7830,14,8.2022
41016,5.7272367,5.2838,5.7907,14,8.1946
41017,5.7273617,5.2838,5.7907,14,8.1946
41018,5.7274866,5.2915,5.7907,14,8.1946
41019,5.7276116,5.2915,5.7830,14,8.2022
41020,5.7277367,5.2838,5.7907,14,8.1946
41021,5.7278617,5.2838,5.7907,14,8.1946
41022,5.7279866,5.2915,5.7907,14,8.1946
41023,5.7281116,5.2915,5.7830,14,8.2022
41024,5.7282367,5.2838,5.7907,14,8.1946
41025,5.7283617,5.2838,5.7907,14,8.1946
41026,5.7284866,5.2915,5.7907,14,8.1946
41027,5.7286116,5.2915,5.7830,14,8.2022
41028,5.7287367,5.2838,5.7907,14,8.1946
41029,5.7288617,5.2915,5.7907,14,8.1946
41030,5.7289866,5.2915,5.7907,14,8.1946
41031,5.7291116,5.2915,5.7830,14,8.2022
41032,5.7292367,5.2838,5.7907,14,8.1946
41033,5.7293617,5.2915,5.7907,14,8.1946
41034,5.7294866,5.2915,5.7907,14,8.1946
41035,5.7296116,5.2915,5.7830,14,8.2022
41036,5.7297367,5.2838,5.7907,14,8.1946
41037,5.7298617,5.2915,5.7907,14,8.1946
41038,5.7299866,5.2915,5.7907,14,8.1946
41039,5.7301116,5.2915,5.7830,14,8.2022
41040,5.7302367,5.2838,5.7907,14,8.1946
41041,5.7303617,5.2915,5.7907,14,8.1946
41042,5.7304866,5.2915,5.7830,14,8.1946
41043,5.7306116,5.2915,5.7830,14,8.2022
41044,5.7307367,5.2838,5.7907,14,8.1946
41045,5.7308617,5.2915,5.7907,14,8.1946
41046,5.7309866,5.2915,5.7830,14,8.1946
41047,5.7311116,5.2915,5.7830,14,8.2022
41048,5.7312367,5.2838,5.7907,14,8.1946
41049,5.7313617,5.2915,5.7907,14,8.1946
41050,5.7314866,5.2915,5.7830,14,8.1946
41051,5.7316116,5.2915,5.7830,14,8.2022
41052,5.7317367,5.2838,5.7907,14,8.1946
41053,5.7318617,5.2915,5.7907,14,8.1946
41054,5.7319866,5.2915,5.7830,14,8.1946
41055,5.7321116,5.2915,5.7830,14,8.2022
41056,5.7322367,5.2838,5.7907,14,8.1946
41057,5.7323617,5.2915,5.7907,14,8.1946
41058,5.7324866,5.2915,5.7830,14,8.1946
41059,5.7326116,5.2915,5.7830,14,8.2022
41060,5.7327367,5.2838,5.7907,14,8.1946
41061,5.7328617,5.2915,5.7907,14,8.1946
41062,5.7329866,5.2915,5.7830,14,8.2022
41063,5.7331116,5.2915,5.7830,14,8.2022
41064,5.7332367,5.2838,5.7907,14,8.1946
41065,5.7333617,5.2915,5.7907,14,8.1946
41066,5.7334866,5.2915,5.7830,14,8.2022
41067,5.7336118,5.2838,5.7907,14,8.1946
41068,5.7337367,5.2838,5.7907,14,8.1946
41069,5.7338617,5.2915,5.7907,14,8.1946
41070,5.7339866,5.2915,5.7830,14,8.2022
41071,5.7341118,5.2838,5.7907,14,8.1946
41072,5.7342367,5.2838,5.7907,14,8.1946
41073,5.7343617,5.2915,5.7907,14,8.1946
41074,5.7344866,5.2915,5.7830,14,8.2022
41075,5.7346118,5.2838,5.7907,14,8.1946
41076,5.7347367,5.2838,5.7907,14,8.1946
41077,5.7348617,5.2915,5.7907,14,8.1946
41078,5.7349866,5.2915,5.7830,14,8.2022
41079,5.7351118,5.2838,5.7907,14,8.1946
41080,5.7352367,5.2838,5.7907,14,8.1946
41081,5.7353617,5.2915,5.7907,14,8.1946
41082,5.7354866,5.2915,5.7830,14,8.2022
41083,5.7356118,5.2838,5.7907,14,8.1946
41084,5.7357367,5.2838,5.7907,14,8.1946
41085,5.7358617,5.2915,5.7907,14,8.1946
41086,5.7359866,5.2915,5.7830,14,8.2022
41087,5.7361118,5.2838,5.7907,14,8.1946
41088,5.7362367,5.2838,5.7907,14,8.1946
41089,5.7363617,5.2915,5.7907,14,8.1946
41090,5.7364866,5.2915,5.7830,14,8.2022
41091,5.7366118,5.2838,5.7907,14,8.1946
41092,5.7367367,5.2838,5.7907,14,8.1946
41093,5.7368617,5.2915,5.7907,14,8.1946
41094,5.7369866,5.2915,5.7830,14,8.2022
41095,5.7371118,5.2838,5.7907,14,8.1946
41096,5.7372367,5.2915,5.7907,14,8.1946
41097,5.7373617,5.2915,5.7907,14,8.1946
41098,5.7374866,5.2915,5.7830,14,8.2022
41099,5.7376118,5.2838,5.7907,14,8.1946
41100,5.7377367,5.2915,5.7907,14,8.1946
41101,5.7378617,5.2915,5.7907,14,8.1946
41102,5.7379866,5.2915,5.7830,14,8.2022
41103,5.7381118,5.2838,5.7907,14,8.1946
41104,5.7382367,5.2915,5.7907,14,8.1946
41105,5.7383617,5.2915,5.7907,14,8.1946
41106,5.7384866,5.2915,5.7830,14,8.2022
41107,5.7386118,5.2838,5.7907,14,8.1946
41108,5.7387367,5.2915,5.7907,14,8.1946
41109,5.7388617,5.2915,5.7830,14,8.1946
41110,5.7389866,5.2915,5.7830,14,8.2022
41111,5.7391118,5.2838,5.7907,14,8.1946
41112,5.7392367,5.2915,5.7907,14,8.1946
41113,5.7393617,5.2915,5.7830,14,8.1946
41114,5.7394866,5.2915,5.7830,14,8.2022
41115,5.7396118,5.2838,5.7907,14,8.1946
41116,5.7397367,5.2915,5.7907,14,8.1946
41117,5.7398617,5.2915,5.7830,14,8.1946
41118,5.7399866,5.2915,5.7830,14,8.2022
41119,5.7401118,5.2838,5.7907,14,8.1946
41120,5.7402367,5.2915,5.7907,14,8.1946
41121,5.7403617,5.2915,5.7830,14,8.1946
41122,5.7404866,5.2915,5.7830,14,8.2022
41123,5.7406118,5.2838,5.7907,14,8.1946
41124,5.7407367,5.2915,5.7907,14,8.1946
41125,5.7408617,5.2915,5.7830,14,8.1946
41126,5.7409866,5.2915,5.7830,14,8.2022
41127,5.7411118,5.2838,5.7907,14,8.1946
41128,5.7412367,5.2915,5.7907,14,8.1946
41129,5.7413617,5.2915,5.7830,14,8.2022
41130,5.7414868,5.2838,5.7907,14,8.1946
41131,5.7416118,5.2838,5.7907,14,8.1946
41132,5.7417367,5.2915,5.7907,14,8.1946
41133,5.7418617,5.2915,5.7830,14,8.2022
41134,5.7419868,5.2838,5.7907,14,8.1946
41135,5.7421118,5.2838,5.7907,14,8.1946
41136,5.7422367,5.2915,5.7907,14,8.1946
41137,5.7423617,5.2915,5.7830,14,8.2022
41138,5.7424868,5.2838,5.7907,14,8.1946
41139,5.7426118,5.2838,5.7907,14,8.1946
41140,5.7427367,5.2915,5.7907,14,8.1946
41141,5.7428617,5.2915,5.7830,14,8.2022
41142,5.7429868,5.2838,5.7907,14,8.1946
41143,5.7431118,5.2838,5.7907,14,8.1946
41144,5.7432367,5.2915,5.7907,14,8.1946
41145,5.7433617,5.2915,5.7830,14,8.2022
41146,5.7434868,5.2838,5.7907,14,8.1946
41147,5.7436118,5.2838,5.7907,14,8.1946
41148,5.7437367,5.2915,5.7907,14,8.1946
41149,5.7438617,5.2915,5.7830,14,8.2022
41150,5.7439868,5.2838,5.7907,14,8.1946
41151,5.7441118,5.2838,5.7907,14,8.1946
41152,5.7442367,5.2915,5.7907,14,8.1946
41153,5.7443617,5.2915,5.7830,14,8.2022
41154,5.7444868,5.2838,5.7907,14,8.1946
41155,5.7446118,5.2838,5.7907,14,8.1946
41156,5.7447367,5.2915,5.7907,14,8.1946
41157,5.7448617,5.2915,5.7830,14,8.2022
41158,5.7449868,5.2838,5.7907,14,8.1946
41159,5.7451118,5.2838,5.7907,14,8.1946
41160,5.7452367,5.2915,5.7907,14,8.1946
41161,5.7453617,5.2915,5.7830,14,8.2022
41162,5.7454868,5.2838,5.7907,14,8.1946
41163,5.7456118,5.2915,5.7907,14,8.1946
41164,5.7457367,5.2915,5.7907,14,8.1946
41165,5.7458617,5.2915,5.7830,14,8.2022
41166,5.7459868,5.2838,5.7907,14,8.1946
41167,5.7461118,5.2915,5.7907,14,8.1946
41168,5.7462367,5.2915,5.7907,14,8.1946
41169,5.7463617,5.2915,5.7830,14,8.2022
41170,5.7464868,5.2838,5.7907,14,8.1946
41171,5.7466118,5.2915,5.7907,14,8.1946
41172,5.7467367,5.2915,5.7907,14,8.1946
41173,5.7468617,5.2915,5.7830,14,8.2022
41174,5.7469868,5.2838,5.7907,14,8.1946
41175,5.7471118,5.2915,5.7907,14,8.1946
41176,5.7472367,5.2915,5.7830,14,8.1946
41177,5.7473617,5.2915,5.7830,14,8.2022
41178,5.7474868,5.2838,5.7907,14,8.1946
41179,5.7476118,5.2915,5.7907,14,8.1946
41180,5.7477367,5.2915,5.7830,14,8.1946
41181,5.7478617,5.2915,5.7830,14,8.2022
41182,5.7479868,5.2838,5.7907,14,8.1946
41183,5.7481118,5.2915,5.7907,14,8.1946
41184,5.7482367,5.2915,5.7830,14,8.1946
41185,5.7483617,5.2915,5.7830,14,8.2022
41186,5.7484868,5.2838,5.7907,14,8.1946
41187,5.7486118,5.2915,5.7907,14,8.1946
41188,5.7487367,5.2915,5.7830,14,8.1946
41189,5.7488617,5.2915,5.7830,14,8.2022
41190,5.7489868,5.2838,5.7907,14,8.1946
41191,5.7491118,5.2915,5.7907,14,8.1946
41192,5.7492367,5.2915,5.7830,14,8.1946
41193,5.7493618,5.2838,5.7907,14,8.1946
41194,5.7494868,5.2838,5.7907,14,8.1946
41195,5.7496118,5.2915,5.7907,14,8.1946
41196,5.7497367,5.2915,5.7830,14,8.2022
41197,5.7498618,5.2838,5.7907,14,8.1946
41198,5.7499868,5.2838,5.7907,14,8.1946
41199,5.7501118,5.2915,5.7907,14,8.1946
41200,5.7502367,5.2915,5.7830,14,8.2022
41201,5.7503618,5.2838,5.7907,14,8.1946
41202,5.7504868,5.2838,5.7907,14,8.1946
41203,5.7506118,5.2915,5.7907,14,8.1946
41204,5.7507367,5.2915,5.7830,14,8.2022
41205,5.7508618,5.2838,5.7907,14,8.1946
41206,5.7509868,5.2838,5.7907,14,8.1946
41207,5.7511118,5.2915,5.7907,14,8.1946
41208,5.7512367,5.2915,5.7830,14,8.2022
41209,5.7513618,5.2838,5.7907,14,8.1946
41210,5.7514868,5.2838,5.7907,14,8.1946
41211,5.7516118,5.2915,5.7907,14,8.1946
41212,5.7517367,5.2915,5.7830,14,8.2022
41213,5.7518618,5.2838,5.7907,14,8.1946
41214,5.7519868,5.2838,5.7907,14,8.1946
41215,5.7521118,5.2915,5.7907,14,8.1946
41216,5.7522367,5.2915,5.7830,14,8.2022
41217,5.7523618,5.2838,5.7907,14,8.1946
41218,5.7524868,5.2838,5.7907,14,8.1946
41219,5.7526118,5.2915,5.7907,14,8.1946
41220,5.7527367,5.2915,5.7830,14,8.2022
41221,5.7528618,5.2838,5.7907,14,8.1946
41222,5.7529868,5.2838,5.7907,14,8.1946
41223,5.7531118,5.2915,5.7907,14,8.1946
41224,5.7532367,5.2915,5.7830,14,8.2022
41225,5.7533618,5.2838,5.7907,14,8.1946
41226,5.7534868,5.2838,5.7907,14,8.1946
41227,5.7536118,5.2915,5.7907,14,8.1946
41228,5.7537367,5.2915,5.7830,14,8.2022
41229,5.7538618,5.2838,5.7907,14,8.1946
41230,5.7539868,5.2915,5.7907,14,8.1946
41231,5.7541118,5.2915,5.7907,14,8.1946
41232,5.7542367,5.2915,5.7830,14,8.2022
41233,5.7543618,5.2838,5.7907,14,8.1946
41234,5.7544868,5.2915,5.7907,14,8.1946
41235,5.7546118,5.2915,5.7907,14,8.1946
41236,5.7547367,5.2915,5.7830,14,8.2022
41237,5.7548618,5.2838,5.7907,14,8.1946
41238,5.7549868,5.2915,5.7907,14,8.1946
41239,5.7551118,5.2915,5.7907,14,8.1946
41240,5.7552367,5.2915,5.7830,14,8.2022
41241,5.7553618,5.2838,5.7907,14,8.1946
41242,5.7554868,5.2915,5.7907,14,8.1946
41243,5.7556118,5.2915,5.7830,14,8.1946
41244,5.7557367,5.2915,5.7830,14,8.2022
41245,5.7558618,5.2838,5.7907,14,8.1946
41246,5.7559868,5.2915,5.7907,14,8.1946
41247,5.7561118,5.2915,5.7830,14,8.1946
41248,5.7562367,5.2915,5.7830,14,8.2022
41249,5.7563618,5.2838,5.7907,14,8.1946
41250,5.7564868,5.2915,5.7907,14,8.1946
41251,5.7566118,5.2915,5.7830,14,8.1946
41252,5.7567367,5.2915,5.7830,14,8.2022
41253,5.7568618,5.2838,5.7907,14,8.1946
41254,5.7569868,5.2915,5.7907,14,8.1946
41255,5.7571118,5.2915,5.7830,14,8.1946
41256,5.7572369,5.2838,5.7907,14,8.1946
41257,5.7573618,5.2838,5.7907,14,8.1946
41258,5.7574868,5.2915,5.7907,14,8.1946
41259,5.7576118,5.2915,5.7830,14,8.1946
41260,5.7577369,5.2838,5.7907,14,8.1946
41261,5.7578618,5.2838,5.7907,14,8.1946
41262,5.7579868,5.2915,5.7907,14,8.1946
41263,5.7581118,5.2915,5.7830,14,8.2022
41264,5.7582369,5.2838,5.7907,14,8.1946
41265,5.7583618,5.2838,5.7907,14,8.1946
41266,5.7584868,5.2915,5.7907,14,8.1946
41267,5.7586118,5.2915,5.7830,14,8.2022
41268,5.7587369,5.2838,5.7907,14,8.1946
41269,5.7588618,5.2838,5.7907,14,8.1946
41270,5.7589868,5.2915,5.7907,14,8.1946
41271,5.7591118,5.2915,5.7830,14,8.2022
41272,5.7592369,5.2838,5.7907,14,8.1946
41273,5.7593618,5.2838,5.7907,14,8.1946
41274,5.7594868,5.2915,5.7907,14,8.1946
41275,5.7596118,5.2915,5.7830,14,8.2022
41276,5.7597369,5.2838,5.7907,14,8.1946
41277,5.7598618,5.2838,5.7907,14,8.1946
41278,5.7599868,5.2915,5.7907,14,8.1946
41279,5.7601118,5.2915,5.7830,14,8.2022
41280,5.7602369,5.2838,5.7907,14,8.1946
41281,5.7603618,5.2838,5.7907,14,8.1946
41282,5.7604868,5.2915,5.7907,14,8.1946
41283,5.7606118,5.2915,5.7830,14,8.2022
41284,5.7607369,5.2838,5.7907,14,8.1946
41285,5.7608618,5.2838,5.7907,14,8.1946
41286,5.7609868,5.2915,5.7907,14,8.1946
41287,5.7611118,5.2915,5.7830,14,8.2022
41288,5.7612369,5.2838,5.7907,14,8.1946
41289,5.7613618,5.2838,5.7907,14,8.1946
41290,5.7614868,5.2915,5.7907,14,8.1946
41291,5.7616118,5.2915,5.7830,14,8.2022
41292,5.7617369,5.2838,5.7907,14,8.1946
41293,5.7618618,5.2838,5.7907,14,8.1946
41294,5.7619868,5.2915,5.7907,14,8.1946
41295,5.7621118,5.2915,5.7830,14,8.2022
41296,5.7622369,5.2838,5.7907,14,8.1946
41297,5.7623618,5.2915,5.7907,14,8.1946
41298,5.7624868,5.2915,5.7907,14,8.1946
41299,5.7626118,5.2915,5.7830,14,8.2022
41300,5.7627369,5.2838,5.7907,14,8.1946
41301,5.7628618,5.2915,5.7907,14,8.1946
41302,5.7629868,5.2915,5.7907,14,8.1946
41303,5.7631118,5.2915,5.7830,14,8.2022
41304,5.7632369,5.2838,5.7907,14,8.1946
41305,5.7633618,5.2915,5.7907,14,8.1946
41306,5.7634868,5.2915,5.7907,14,8.1946
41307,5.7636118,5.2915,5.7830,14,8.2022
41308,5.7637369,5.2838,5.7907,14,8.1946
41309,5.7638618,5.2915,5.7907,14,8.1946
41310,5.7639868,5.2915,5.7830,14,8.1946
41311,5.7641118,5.2915,5.7830,14,8.2022
41312,5.7642369,5.2838,5.7907,14,8.1946
41313,5.7643618,5.2915,5.7907,14,8.1946
41314,5.7644868,5.2915,5.7830,14,8.1946
41315,5.7646118,5.2915,5.7830,14,8.2022
41316,5.7647369,5.2838,5.7907,14,8.1946
41317,5.7648618,5.2915,5.7907,14,8.1946
41318,5.7649868,5.2915,5.7830,14,8.1946
41319,5.7651119,5.2838,5.7907,14,8.1946
41320,5.7652369,5.2838,5.7907,14,8.1946
41321,5.7653618,5.2915,5.7907,14,8.1946
41322,5.7654868,5.2915,5.7830,14,8.1946
41323,5.7656119,5.2838,5.7907,14,8.1946
41324,5.7657369,5.2838,5.7907,14,8.1946
41325,5.7658618,5.2915,5.7907,14,8.1946
41326,5.7659868,5.2915,5.7830,14,8.1946
41327,5.7661119,5.2838,5.7907,14,8.1946
41328,5.7662369,5.2838,5.7907,14,8.1946
41329,5.7663618,5.2915,5.7907,14,8.1946
41330,5.7664868,5.2915,5.7830,14,8.2022
41331,5.7666119,5.2838,5.7907,14,8.1946
41332,5.7667369,5.2838,5.7907,14,8.1946
41333,5.7668618,5.2915,5.7907,14,8.1946
41334,5.7669868,5.2915,5.7830,14,8.2022
41335,5.7671119,5.2838,5.7907,14,8.1946
41336,5.7672369,5.2838,5.7907,14,8.1946
41337,5.7673618,5.2915,5.7907,14,8.1946
41338,5.7674868,5.2915,5.7830,14,8.2022
41339,5.7676119,5.2838,5.7907,14,8.1946
41340,5.7677369,5.2838,5.7907,14,8.1946
41341,5.7678618,5.2915,5.7907,14,8.1946
41342,5.7679868,5.2915,5.7830,14,8.2022
41343,5.7681119,5.2838,5.7907,14,8.1946
41344,5.7682369,5.2838,5.7907,14,8.1946
41345,5.7683618,5.2915,5.7907,14,8.1946
41346,5.7684868,5.2915,5.7830,14,8.2022
41347,5.7686119,5.2838,5.7907,14,8.1946
41348,5.7687369,5.2838,5.7907,14,8.1946
41349,5.7688618,5.2915,5.7907,14,8.1946
41350,5.7689868,5.2915,5.7830,14,8.2022
41351,5.7691119,5.2838,5.7907,14,8.1946
41352,5.7692369,5.2838,5.7907,14,8.1946
41353,5.7693618,5.2915,5.7907,14,8.1946
41354,5.7694868,5.2915,5.7830,14,8.2022
41355,5.7696119,5.2838,5.7907,14,8.1946
41356,5.7697369,5.2838,5.7907,14,8.1946
41357,5.7698618,5.2915,5.7907,14,8.1946
41358,5.7699868,5.2915,5.7830,14,8.2022
41359,5.7701119,5.2838,5.7907,14,8.1946
41360,5.7702369,5.2838,5.7907,14,8.1946
41361,5.7703618,5.2915,5.7907,14,8.1946
41362,5.7704868,5.2915,5.7830,14,8.2022
41363,5.7706119,5.2838,5.7907,14,8.1946
41364,5.7707369,5.2915,5.7907,14,8.1946
41365,5.7708618,5.2915,5.7907,14,8.1946
41366,5.7709868,5.2915,5.7830,14,8.2022
41367,5.7711119,5.2838,5.7907,14,8.1946
41368,5.7712369,5.2915,5.7907,14,8.1946
41369,5.7713618,5.2915,5.7907,14,8.1946
41370,5.7714868,5.2915,5.7830,14,8.2022
41371,5.7716119,5.2838,5.7907,14,8.1946
41372,5.7717369,5.2915,5.7907,14,8.1946
41373,5.7718618,5.2915,5.7907,14,8.1946
41374,5.7719868,5.2915,5.7830,14,8.2022
41375,5.7721119,5.2838,5.7907,14,8.1946
41376,5.7722369,5.2915,5.7907,14,8.1946
41377,5.7723618,5.2915,5.7830,14,8.1946
41378,5.7724868,5.2915,5.7830,14,8.2022
41379,5.7726119,5.2838,5.7907,14,8.1946
41380,5.7727369,5.2915,5.7907,14,8.1946
41381,5.7728618,5.2915,5.7830,14,8.1946
41382,5.7729870,5.2838,5.7907,14,8.1946
41383,5.7731119,5.2838,5.7907,14,8.1946
41384,5.7732369,5.2915,5.7907,14,8.1946
41385,5.7733618,5.2915,5.7830,14,8.1946
41386,5.7734870,5.2838,5.7907,14,8.1946
41387,5.7736119,5.2838,5.7907,14,8.1946
41388,5.7737369,5.2915,5.7907,14,8.1946
41389,5.7738618,5.2915,5.7830,14,8.1946
41390,5.7739870,5.2838,5.7907,14,8.1946
41391,5.7741119,5.2838,5.7907,14,8.1946
41392,5.7742369,5.2915,5.7907,14,8.1946
41393,5.7743618,5.2915,5.7830,14,8.1946
41394,5.7744870,5.2838,5.7907,14,8.1946
41395,5.7746119,5.2838,5.7907,14,8.1946
41396,5.7747369,5.2915,5.7907,14,8.1946
41397,5.7748618,5.2915,5.7830,14,8.2022
41398,5.7749870,5.2838,5.7907,14,8.1946
41399,5.7751119,5.2838,5.7907,14,8.1946
41400,5.7752369,5.2915,5.7907,14,8.1946
41401,5.7753618,5.2915,5.7830,14,8.2022
41402,5.7754870,5.2838,5.7907,14,8.1946
41403,5.7756119,5.2838,5.7907,14,8.1946
41404,5.7757369,5.2915,5.7907,14,8.1946
41405,5.7758618,5.2915,5.7830,14,8.2022
41406,5.7759870,5.2838,5.7907,14,8.1946
41407,5.7761119,5.2838,5.7907,14,8.1946
41408,5.7762369,5.2915,5.7907,14,8.1946
41409,5.7763618,5.2915,5.7830,14,8.2022
41410,5.7764870,5.2838,5.7907,14,8.1946
41411,5.7766119,5.2838,5.7907,14,8.1946
41412,5.7767369,5.2915,5.7907,14,8.1946
41413,5.7768618,5.2915,5.7830,14,8.2022
41414,5.7769870,5.2838,5.7907,14,8.1946
41415,5.7771119,5.2838,5.7907,14,8.1946
41416,5.7772369,5.2915,5.7907,14,8.1946
41417,5.7773618,5.2915,5.7830,14,8.2022
41418,5.7774870,5.2838,5.7907,14,8.1946
41419,5.7776119,5.2838,5.7907,14,8.1946
41420,5.7777369,5.2915,5.7907,14,8.1946
41421,5.7778618,5.2915,5.7830,14,8.2022
41422,5.7779870,5.2838,5.7907,14,8.1946
41423,5.7781119,5.2838,5.7907,14,8.1946
41424,5.7782369,5.2915,5.7907,14,8.1946
41425,5.7783618,5.2915,5.7830,14,8.2022
41426,5.7784870,5.2838,5.7907,14,8.1946
41427,5.7786119,5.2838,5.7907,14,8.1946
41428,5.7787369,5.2915,5.7907,14,8.1946
41429,5.7788618,5.2915,5.7830,14,8.2022
41430,5.7789870,5.2838,5.7907,14,8.1946
41431,5.7791119,5.2915,5.7907,14,8.1946
41432,5.7792369,5.2915,5.7907,14,8.1946
41433,5.7793618,5.2915,5.7830,14,8.2022
41434,5.7794870,5.2838,5.7907,14,8.1946
41435,5.7796119,5.2915,5.7907,14,8.1946
41436,5.7797369,5.2915,5.7907,14,8.1946
41437,5.7798618,5.2915,5.7830,14,8.2022
41438,5.7799870,5.2838,5.7907,14,8.1946
41439,5.7801119,5.2915,5.7907,14,8.1946
41440,5.7802369,5.2915,5.7907,14,8.1946
41441,5.7803618,5.2915,5.7830,14,8.2022
41442,5.7804870,5.2838,5.7907,14,8.1946
41443,5.7806119,5.2915,5.7907,14,8.1946
41444,5.7807369,5.2915,5.7830,14,8.1946
41445,5.7808620,5.2838,5.7907,14,8.1946
41446,5.7809870,5.2838,5.7907,14,8.1946
41447,5.7811119,5.2915,5.7907,14,8.1946
41448,5.7812369,5.2915,5.7830,14,8.1946
41449,5.7813620,5.2838,5.7907,14,8.1946
41450,5.7814870,5.2838,5.7907,14,8.1946
41451,5.7816119,5.2915,5.7907,14,8.1946
41452,5.7817369,5.2915,5.7830,14,8.1946
41453,5.7818620,5.2838,5.7907,14,8.1946
41454,5.7819870,5.2838,5.7907,14,8.1946
41455,5.7821119,5.2915,5.7907,14,8.1946
41456,5.7822369,5.2915,5.7830,14,8.1946
41457,5.7823620,5.2838,5.7907,14,8.1946
41458,5.7824870,5.2838,5.7907,14,8.1946
41459,5.7826119,5.2915,5.7907,14,8.1946
41460,5.7827369,5.2915,5.7830,14,8.1946
41461,5.7828620,5.2838,5.7907,14,8.1946
41462,5.7829870,5.2838,5.7907,14,8.1946
41463,5.7831119,5.2915,5.7907,14,8.1946
41464,5.7832369,5.2915,5.7830,14,8.2022
41465,5.7833620,5.2838,5.7907,14,8.1946
41466,5.7834870,5.2838,5.7907,14,8.1946
41467,5.7836119,5.2915,5.7907,14,8.1946
41468,5.7837369,5.2915,5.7830,14,8.2022
41469,5.7838620,5.2838,5.7907,14,8.1946
41470,5.7839870,5.2838,5.7907,14,8.1946
41471,5.7841119,5.2915,5.7907,14,8.1946
41472,5.7842369,5.2915,5.7830,14,8.2022
41473,5.7843620,5.2838,5.7907,14,8.1946
41474,5.7844870,5.2838,5.7907,14,8.1946
41475,5.7846119,5.2915,5.7907,14,8.1946
41476,5.7847369,5.2915,5.7830,14,8.2022
41477,5.7848620,5.2838,5.7907,14,8.1946
41478,5.7849870,5.2838,5.7907,14,8.1946
41479,5.7851119,5.2915,5.7907,14,8.1946
41480,5.7852369,5.2915,5.7830,14,8.2022
41481,5.7853620,5.2838,5.7907,14,8.1946
41482,5.7854870,5.2838,5.7907,14,8.1946
41483,5.7856119,5.2915,5.7907,14,8.1946
41484,5.7857369,5.2915,5.7830,14,8.2022
41485,5.7858620,5.2838,5.7907,14,8.1946
41486,5.7859870,5.2838,5.7907,14,8.1946
41487,5.7861119,5.2915,5.7907,14,8.1946
41488,5.7862369,5.2915,5.7830,14,8.2022
41489,5.7863620,5.2838,5.7907,14,8.1946
41490,5.7864870,5.2838,5.7907,14,8.1946
41491,5.7866119,5.2915,5.7907,14,8.1946
41492,5.7867369,5.2915,5.7830,14,8.2022
41493,5.7868620,5.2838,5.7907,14,8.1946
41494,5.7869870,5.2915,5.7907,14,8.1946
41495,5.7871119,5.2915,5.7907,14,8.1946
41496,5.7872369,5.2915,5.7830,14,8.2022
41497,5.7873620,5.2838,5.7907,14,8.1946
41498,5.7874870,5.2915,5.7907,14,8.1946
41499,5.7876119,5.2915,5.7907,14,8.1946
41500,5.7877369,5.2915,5.7830,14,8.2022
41501,5.7878620,5.2838,5.7907,14,8.1946
41502,5.7879870,5.2915,5.7907,14,8.1946
41503,5.7881119,5.2915,5.7907,14,8.1946
41504,5.7882369,5.2915,5.7830,14,8.2022
41505,5.7883620,5.2838,5.7907,14,8.1946
41506,5.7884870,5.2915,5.7907,14,8.1946
41507,5.7886119,5.2915,5.7830,14,8.1946
41508,5.7887370,5.2838,5.7907,14,8.1946
41509,5.7888620,5.2838,5.7907,14,8.1946
41510,5.7889870,5.2915,5.7907,14,8.1946
41511,5.7891119,5.2915,5.7830,14,8.1946
41512,5.7892370,5.2838,5.7907,14,8.1946
41513,5.7893620,5.2838,5.7907,14,8.1946
41514,5.7894870,5.2915,5.7907,14,8.1946
41515,5.7896119,5.2915,5.7830,14,8.1946
41516,5.7897370,5.2838,5.7907,14,8.1946
41517,5.7898620,5.2838,5.7907,14,8.1946
41518,5.7899870,5.2915,5.7907,14,8.1946
41519,5.7901119,5.2915,5.7830,14,8.1946
41520,5.7902370,5.2838,5.7907,14,8.1946
41521,5.7903620,5.2838,5.7907,14,8.1946
41522,5.7904870,5.2915,5.7907,14,8.1946
41523,5.7906119,5.2915,5.7830,14,8.1946
41524,5.7907370,5.2838,5.7907,14,8.1946
41525,5.7908620,5.2838,5.7907,14,8.1946
41526,5.7909870,5.2915,5.7907,14,8.1946
41527,5.7911119,5.2915,5.7830,14,8.2022
41528,5.7912370,5.2838,5.7907,14,8.1946
41529,5.7913620,5.2838,5.7907,14,8.1946
41530,5.7914870,5.2915,5.7907,14,8.1946
41531,5.7916119,5.2915,5.7830,14,8.2022
41532,5.7917370,5.2838,5.7907,14,8.1946
41533,5.7918620,5.2838,5.7907,14,8.1946
41534,5.7919870,5.2915,5.7907,14,8.1946
41535,5.7921119,5.2915,5.7830,14,8.2022
41536,5.7922370,5.2838,5.7907,14,8.1946
41537,5.7923620,5.2838,5.7907,14,8.1946
41538,5.7924870,5.2915,5.7907,14,8.1946
41539,5.7926119,5.2915,5.7830,14,8.2022
41540,5.7927370,5.2838,5.7907,14,8.1946
41541,5.7928620,5.2838,5.7907,14,8.1946
41542,5.7929870,5.2915,5.7907,14,8.1946
41543,5.7931119,5.2915,5.7830,14,8.2022
41544,5.7932370,5.2838,5.7907,14,8.1946
41545,5.7933620,5.2838,5.7907,14,8.1946
41546,5.7934870,5.2915,5.7907,14,8.1946
41547,5.7936119,5.2915,5.7830,14,8.2022
41548,5.7937370,5.2838,5.7907,14,8.1946
41549,5.7938620,5.2838,5.7907,14,8.1946
41550,5.7939870,5.2915,5.7907,14,8.1946
41551,5.7941119,5.2915,5.7830,14,8.2022
41552,5.7942370,5.2838,5.7907,14,8.1946
41553,5.7943620,5.2838,5.7907,14,8.1946
41554,5.7944870,5.2915,5.7907,14,8.1946
41555,5.7946119,5.2915,5.7830,14,8.2022
41556,5.7947370,5.2838,5.7907,14,8.1946
41557,5.7948620,5.2838,5.7907,14,8.1946
41558,5.7949870,5.2915,5.7907,14,8.1946
41559,5.7951119,5.2915,5.7830,14,8.2022
41560,5.7952370,5.2838,5.7907,14,8.1946
41561,5.7953620,5.2915,5.7907,14,8.1946
41562,5.7954870,5.2915,5.7907,14,8.1946
41563,5.7956119,5.2915,5.7830,14,8.2022
41564,5.7957370,5.2838,5.7907,14,8.1946
41565,5.7958620,5.2915,5.7907,14,8.1946
41566,5.7959870,5.2915,5.7907,14,8.1946
41567,5.7961119,5.2915,5.7830,14,8.2022
41568,5.7962370,5.2838,5.7907,14,8.1946
41569,5.7963620,5.2915,5.7907,14,8.1946
41570,5.7964870,5.2915,5.7907,14,8.1946
41571,5.7966121,5.2838,5.7907,14,8.1946
41572,5.7967370,5.2838,5.7907,14,8.1946
41573,5.7968620,5.2915,5.7907,14,8.1946
41574,5.7969870,5.2915,5.7830,14,8.1946
41575,5.7971121,5.2838,5.7907,14,8.1946
41576,5.7972370,5.2838,5.7907,14,8.1946
41577,5.7973620,5.2915,5.7907,14,8.1946
41578,5.7974870,5.2915,5.7830,14,8.1946
41579,5.7976121,5.2838,5.7907,14,8.1946
41580,5.7977370,5.2838,5.7907,14,8.1946
41581,5.7978620,5.2915,5.7907,14,8.1946
41582,5.7979870,5.2915,5.7830,14,8.1946
41583,5.7981121,5.2838,5.7907,14,8.1946
41584,5.7982370,5.2838,5.7907,14,8.1946
41585,5.7983620,5.2915,5.7907,14,8.1946
41586,5.7984870,5.2915,5.7830,14,8.1946
41587,5.7986121,5.2838,5.7907,14,8.1946
41588,5.7987370,5.2838,5.7907,14,8.1946
41589,5.7988620,5.2915,5.7907,14,8.1946
41590,5.7989870,5.2915,5.7830,14,8.1946
41591,5.7991121,5.2838,5.7907,14,8.1946
41592,5.7992370,5.2838,5.7907,14,8.1946
41593,5.7993620,5.2915,5.7907,14,8.1946
41594,5.7994870,5.2915,5.7830,14,8.2022
41595,5.7996121,5.2838,5.7907,14,8.1946
41596,5.7997370,5.2838,5.7907,14,8.1946
41597,5.7998620,5.2915,5.7907,14,8.1946
41598,5.7999870,5.2915,5.7830,14,8.2022
41599,5.8001121,5.2838,5.7907,14,8.1946
41600,5.8002370,5.2838,5.7907,14,8.1946
41601,5.8003620,5.2915,5.7907,14,8.1946
41602,5.8004870,5.2915,5.7830,14,8.2022
41603,5.8006121,5.2838,5.7907,14,8.1946
41604,5.8007370,5.2838,5.7907,14,8.1946
41605,5.8008620,5.2915,5.7907,14,8.1946
41606,5.8009870,5.2915,5.7830,14,8.2022
41607,5.8011121,5.2838,5.7907,14,8.1946
41608,5.8012370,5.2838,5.7907,14,8.1946
41609,5.8013620,5.2915,5.7907,14,8.1946
41610,5.8014870,5.2915,5.7830,14,8.2022
41611,5.8016121,5.2838,5.7907,14,8.1946
41612,5.8017370,5.2838,5.7907,14,8.1946
41613,5.8018620,5.2915,5.7907,14,8.1946
41614,5.8019870,5.2915,5.7830,14,8.2022
41615,5.8021121,5.2838,5.7907,14,8.1946
41616,5.8022370,5.2838,5.7907,14,8.1946
41617,5.8023620,5.2915,5.7907,14,8.1946
41618,5.8024870,5.2915,5.7830,14,8.2022
41619,5.8026121,5.2838,5.7907,14,8.1946
41620,5.8027370,5.2838,5.7907,14,8.1946
41621,5.8028620,5.2915,5.7907,14,8.1946
41622,5.8029870,5.2915,5.7830,14,8.2022
41623,5.8031121,5.2838,5.7907,14,8.1946
41624,5.8032370,5.2838,5.7907,14,8.1946
41625,5.8033620,5.2915,5.7907,14,8.1946
41626,5.8034870,5.2915,5.7830,14,8.2022
41627,5.8036121,5.2838,5.7907,14,8.1946
41628,5.8037370,5.2915,5.7907,14,8.1946
41629,5.8038620,5.2915,5.7907,14,8.1946
41630,5.8039870,5.2915,5.7830,14,8.2022
41631,5.8041121,5.2838,5.7907,14,8.1946
41632,5.8042370,5.2915,5.7907,14,8.1946
41633,5.8043620,5.2915,5.7907,14,8.1946
41634,5.8044871,5.2838,5.7907,14,8.1946
41635,5.8046121,5.2838,5.7907,14,8.1946
41636,5.8047370,5.2915,5.7907,14,8.1946
41637,5.8048620,5.2915,5.7907,14,8.1946
41638,5.8049871,5.2838,5.7907,14,8.1946
41639,5.8051121,5.2838,5.7907,14,8.1946
41640,5.8052370,5.2915,5.7907,14,8.1946
41641,5.8053620,5.2915,5.7830,14,8.1946
41642,5.8054871,5.2838,5.7907,14,8.1946
41643,5.8056121,5.2838,5.7907,14,8.1946
41644,5.8057370,5.2915,5.7907,14,8.1946
41645,5.8058620,5.2915,5.7830,14,8.1946
41646,5.8059871,5.2838,5.7907,14,8.1946
41647,5.8061121,5.2838,5.7907,14,8.1946
41648,5.8062370,5.2915,5.7907,14,8.1946
41649,5.8063620,5.2915,5.7830,14,8.1946
41650,5.8064871,5.2838,5.7907,14,8.1946
41651,5.8066121,5.2838,5.7907,14,8.1946
41652,5.8067370,5.2915,5.7907,14,8.1946
41653,5.8068620,5.2915,5.7830,14,8.1946
41654,5.8069871,5.2838,5.7907,14,8.1946
41655,5.8071121,5.2838,5.7907,14,8.1946
41656,5.8072370,5.2915,5.7907,14,8.1946
41657,5.8073620,5.2915,5.7830,14,8.1946
41658,5.8074871,5.2838,5.7907,14,8.1946
41659,5.8076121,5.2838,5.7907,14,8.1946
41660,5.8077370,5.2915,5.7907,14,8.1946
41661,5.8078620,5.2915,5.7830,14,8.2022
41662,5.8079871,5.2838,5.7907,14,8.1946
41663,5.8081121,5.2838,5.7907,14,8.1946
41664,5.8082370,5.2915,5.7907,14,8.1946
41665,5.8083620,5.2915,5.7830,14,8.2022
41666,5.8084871,5.2838,5.7907,14,8.1946
41667,5.8086121,5.2838,5.7907,14,8.1946
41668,5.8087370,5.2915,5.7907,14,8.1946
41669,5.8088620,5.2915,5.7830,14,8.2022
41670,5.8089871,5.2838,5.7907,14,8.1946
41671,5.8091121,5.2838,5.7907,14,8.1946
41672,5.8092370,5.2915,5.7907,14,8.1946
41673,5.8093620,5.2915,5.7830,14,8.2022
41674,5.8094871,5.2838,5.7907,14,8.1946
41675,5.8096121,5.2838,5.7907,14,8.1946
41676,5.8097370,5.2915,5.7907,14,8.1946
41677,5.8098620,5.2915,5.7830,14,8.2022
41678,5.8099871,5.2838,5.7907,14,8.1946
41679,5.8101121,5.2838,5.7907,14,8.1946
41680,5.8102370,5.2915,5.7907,14,8.1946
41681,5.8103620,5.2915,5.7830,14,8.2022
41682,5.8104871,5.2838,5.7907,14,8.1946
41683,5.8106121,5.2838,5.7907,14,8.1946
41684,5.8107370,5.2915,5.7907,14,8.1946
41685,5.8108620,5.2915,5.7830,14,8.2022
41686,5.8109871,5.2838,5.7907,14,8.1946
41687,5.8111121,5.2838,5.7907,14,8.1946
41688,5.8112370,5.2915,5.7907,14,8.1946
41689,5.8113620,5.2915,5.7830,14,8.2022
41690,5.8114871,5.2838,5.7907,14,8.1946
41691,5.8116121,5.2838,5.7907,14,8.1946
41692,5.8117370,5.2915,5.7907,14,8.1946
41693,5.8118620,5.2915,5.7830,14,8.2022
41694,5.8119871,5.2838,5.7907,14,8.1946
41695,5.8121121,5.2915,5.7907,14,8.1946
41696,5.8122370,5.2915,5.7907,14,8.1946
41697,5.8123622,5.2838,5.7907,14,8.1946
41698,5.8124871,5.2838,5.7907,14,8.1946
41699,5.8126121,5.2915,5.7907,14,8.1946
41700,5.8127370,5.2915,5.7907,14,8.1946
41701,5.8128622,5.2838,5.7907,14,8.1946
41702,5.8129871,5.2838,5.7907,14,8.1946
41703,5.8131121,5.2915,5.7907,14,8.1946
41704,5.8132370,5.2915,5.7907,14,8.1946
41705,5.8133622,5.2838,5.7907,14,8.1946
41706,5.8134871,5.2838,5.7907,14,8.1946
41707,5.8136121,5.2915,5.7907,14,8.1946
41708,5.8137370,5.2915,5.7830,14,8.1946
41709,5.8138622,5.2838,5.7907,14,8.1946
41710,5.8139871,5.2838,5.7907,14,8.1946
41711,5.8141121,5.2915,5.7907,14,8.1946
41712,5.8142370,5.2915,5.7830,14,8.1946
41713,5.8143622,5.2838,5.7907,14,8.1946
41714,5.8144871,5.2838,5.7907,14,8.1946
41715,5.8146121,5.2915,5.7907,14,8.1946
41716,5.8147370,5.2915,5.7830,14,8.1946
41717,5.8148622,5.2838,5.7907,14,8.1946
41718,5.8149871,5.2838,5.7907,14,8.1946
41719,5.8151121,5.2915,5.7907,14,8.1946
41720,5.8152370,5.2915,5.7830,14,8.1946
41721,5.8153622,5.2838,5.7907,14,8.1946
41722,5.8154871,5.2838,5.7907,14,8.1946
41723,5.8156121,5.2915,5.7907,14,8.1946
41724,5.8157370,5.2915,5.7830,14,8.1946
41725,5.8158622,5.2838,5.7907,14,8.1946
41726,5.8159871,5.2838,5.7907,14,8.1946
41727,5.8161121,5.2915,5.7907,14,8.1946
41728,5.8162370,5.2915,5.7830,14,8.2022
41729,5.8163622,5.2838,5.7907,14,8.1946
41730,5.8164871,5.2838,5.7907,14,8.1946
41731,5.8166121,5.2915,5.7907,14,8.1946
41732,5.8167370,5.2915,5.7830,14,8.2022
41733,5.8168622,5.2838,5.7907,14,8.1946
41734,5.8169871,5.2838,5.7907,14,8.1946
41735,5.8171121,5.2915,5.7907,14,8.1946
41736,5.8172370,5.2915,5.7830,14,8.2022
41737,5.8173622,5.2838,5.7907,14,8.1946
41738,5.8174871,5.2838,5.7907,14,8.1946
41739,5.8176121,5.2915,5.7907,14,8.1946
41740,5.8177370,5.2915,5.7830,14,8.2022
41741,5.8178622,5.2838,5.7907,14,8.1946
41742,5.8179871,5.2838,5.7907,14,8.1946
41743,5.8181121,5.2915,5.7907,14,8.1946
41744,5.8182370,5.2915,5.7830,14,8.2022
41745,5.8183622,5.2838,5.7907,14,8.1946
41746,5.8184871,5.2838,5.7907,14,8.1946
41747,5.8186121,5.2915,5.7907,14,8.1946
41748,5.8187370,5.2915,5.7830,14,8.2022
41749,5.8188622,5.2838,5.7907,14,8.1946
41750,5.8189871,5.2838,5.7907,14,8.1946
41751,5.8191121,5.2915,5.7907,14,8.1946
41752,5.8192370,5.2915,5.7830,14,8.2022
41753,5.8193622,5.2838,5.7907,14,8.1946
41754,5.8194871,5.2838,5.7907,14,8.1946
41755,5.8196121,5.2915,5.7907,14,8.1946
41756,5.8197370,5.2915,5.7830,14,8.2022
41757,5.8198622,5.2838,5.7907,14,8.1946
41758,5.8199871,5.2915,5.7907,14,8.1946
41759,5.8201121,5.2915,5.7907,14,8.1946
41760,5.8202372,5.2838,5.7907,14,8.1946
41761,5.8203622,5.2838,5.7907,14,8.1946
41762,5.8204871,5.2915,5.7907,14,8.1946
41763,5.8206121,5.2915,5.7907,14,8.1946
41764,5.8207372,5.2838,5.7907,14,8.1946
41765,5.8208622,5.2838,5.7907,14,8.1946
41766,5.8209871,5.2915,5.7907,14,8.1946
41767,5.8211121,5.2915,5.7907,14,8.1946
41768,5.8212372,5.2838,5.7907,14,8.1946
41769,5.8213622,5.2838,5.7907,14,8.1946
41770,5.8214871,5.2915,5.7907,14,8.1946
41771,5.8216121,5.2915,5.7830,14,8.1946
41772,5.8217372,5.2838,5.7907,14,8.1946
41773,5.8218622,5.2838,5.7907,14,8.1946
41774,5.8219871,5.2915,5.7907,14,8.1946
41775,5.8221121,5.2915,5.7830,14,8.1946
41776,5.8222372,5.2838,5.7907,14,8.1946
41777,5.8223622,5.2838,5.7907,14,8.1946
41778,5.8224871,5.2915,5.7907,14,8.1946
41779,5.8226121,5.2915,5.7830,14,8.1946
41780,5.8227372,5.2838,5.7907,14,8.1946
41781,5.8228622,5.2838,5.7907,14,8.1946
41782,5.8229871,5.2915,5.7907,14,8.1946
41783,5.8231121,5.2915,5.7830,14,8.1946
41784,5.8232372,5.2838,5.7907,14,8.1946
41785,5.8233622,5.2838,5.7907,14,8.1946
41786,5.8234871,5.2915,5.7907,14,8.1946
41787,5.8236121,5.2915,5.7830,14,8.1946
41788,5.8237372,5.2838,5.7907,14,8.1946
41789,5.8238622,5.2838,5.7907,14,8.1946
41790,5.8239871,5.2915,5.7907,14,8.1946
41791,5.8241121,5.2915,5.7830,14,8.2022
41792,5.8242372,5.2838,5.7907,14,8.1946
41793,5.8243622,5.2838,5.7907,14,8.1946
41794,5.8244871,5.2915,5.7907,14,8.1946
41795,5.8246121,5.2915,5.7830,14,8.2022
41796,5.8247372,5.2838,5.7907,14,8.1946
41797,5.8248622,5.2838,5.7907,14,8.1946
41798,5.8249871,5.2915,5.7907,14,8.1946
41799,5.8251121,5.2915,5.7830,14,8.2022
41800,5.8252372,5.2838,5.7907,14,8.1946
41801,5.8253622,5.2838,5.7907,14,8.1946
41802,5.8254871,5.2915,5.7907,14,8.1946
41803,5.8256121,5.2915,5.7830,14,8.2022
41804,5.8257372,5.2838,5.7907,14,8.1946
41805,5.8258622,5.2838,5.7907,14,8.1946
41806,5.8259871,5.2915,5.7907,14,8.1946
41807,5.8261121,5.2915,5.7830,14,8.2022
41808,5.8262372,5.2838,5.7907,14,8.1946
41809,5.8263622,5.2838,5.7907,14,8.1946
41810,5.8264871,5.2915,5.7907,14,8.1946
41811,5.8266121,5.2915,5.7830,14,8.2022
41812,5.8267372,5.2838,5.7907,14,8.1946
41813,5.8268622,5.2838,5.7907,14,8.1946
41814,5.8269871,5.2915,5.7907,14,8.1946
41815,5.8271121,5.2915,5.7830,14,8.2022
41816,5.8272372,5.2838,5.7907,14,8.1946
41817,5.8273622,5.2838,5.7907,14,8.1946
41818,5.8274871,5.2915,5.7907,14,8.1946
41819,5.8276121,5.2915,5.7830,14,8.2022
41820,5.8277372,5.2838,5.7907,14,8.1946
41821,5.8278622,5.2838,5.7907,14,8.1946
41822,5.8279871,5.2915,5.7907,14,8.1946
41823,5.8281122,5.2838,5.7907,14,8.1946
41824,5.8282372,5.2838,5.7907,14,8.1946
41825,5.8283622,5.2915,5.7907,14,8.1946
41826,5.8284871,5.2915,5.7907,14,8.1946
41827,5.8286122,5.2838,5.7907,14,8.1946
41828,5.8287372,5.2838,5.7907,14,8.1946
41829,5.8288622,5.2915,5.7907,14,8.1946
41830,5.8289871,5.2915,5.7907,14,8.1946
41831,5.8291122,5.2838,5.7907,14,8.1946
41832,5.8292372,5.2838,5.7907,14,8.1946
41833,5.8293622,5.2915,5.7907,14,8.1946
41834,5.8294871,5.2915,5.7907,14,8.1946
41835,5.8296122,5.2838,5.7907,14,8.1946
41836,5.8297372,5.2838,5.7907,14,8.1946
41837,5.8298622,5.2915,5.7907,14,8.1946
41838,5.8299871,5.2915,5.7830,14,8.1946
41839,5.8301122,5.2838,5.7907,14,8.1946
41840,5.8302372,5.2838,5.7907,14,8.1946
41841,5.8303622,5.2915,5.7907,14,8.1946
41842,5.8304871,5.2915,5.7830,14,8.1946
41843,5.8306122,5.2838,5.7907,14,8.1946
41844,5.8307372,5.2838,5.7907,14,8.1946
41845,5.8308622,5.2915,5.7907,14,8.1946
41846,5.8309871,5.2915,5.7830,14,8.1946
41847,5.8311122,5.2838,5.7907,14,8.1946
41848,5.8312372,5.2838,5.7907,14,8.1946
41849,5.8313622,5.2915,5.7907,14,8.1946
41850,5.8314871,5.2915,5.7830,14,8.1946
41851,5.8316122,5.2838,5.7907,14,8.1946
41852,5.8317372,5.2838,5.7907,14,8.1946
41853,5.8318622,5.2915,5.7907,14,8.1946
41854,5.8319871,5.2915,5.7830,14,8.1946
41855,5.8321122,5.2838,5.7907,14,8.1946
41856,5.8322372,5.2838,5.7907,14,8.1946
41857,5.8323622,5.2915,5.7907,14,8.1946
41858,5.8324871,5.2915,5.7830,14,8.2022
41859,5.8326122,5.2838,5.7907,14,8.1946
41860,5.8327372,5.2838,5.7907,14,8.1946
41861,5.8328622,5.2915,5.7907,14,8.1946
41862,5.8329871,5.2915,5.7830,14,8.2022
41863,5.8331122,5.2838,5.7907,14,8.1946
41864,5.8332372,5.2838,5.7907,14,8.1946
41865,5.8333622,5.2915,5.7907,14,8.1946
41866,5.8334871,5.2915,5.7830,14,8.2022
41867,5.8336122,5.2838,5.7907,14,8.1946
41868,5.8337372,5.2838,5.7907,14,8.1946
41869,5.8338622,5.2915,5.7907,14,8.1946
41870,5.8339871,5.2915,5.7830,14,8.2022
41871,5.8341122,5.2838,5.7907,14,8.1946
41872,5.8342372,5.2838,5.7907,14,8.1946
41873,5.8343622,5.2915,5.7907,14,8.1946
41874,5.8344871,5.2915,5.7830,14,8.2022
41875,5.8346122,5.2838,5.7907,14,8.1946
41876,5.8347372,5.2838,5.7907,14,8.1946
41877,5.8348622,5.2915,5.7907,14,8.1946
41878,5.8349871,5.2915,5.7830,14,8.2022
41879,5.8351122,5.2838,5.7907,14,8.1946
41880,5.8352372,5.2838,5.7907,14,8.1946
41881,5.8353622,5.2915,5.7907,14,8.1946
41882,5.8354871,5.2915,5.7830,14,8.2022
41883,5.8356122,5.2838,5.7907,14,8.1946
41884,5.8357372,5.2838,5.7907,14,8.1946
41885,5.8358622,5.2915,5.7907,14,8.1946
41886,5.8359873,5.2838,5.7907,14,8.1946
41887,5.8361122,5.2838,5.7907,14,8.1946
41888,5.8362372,5.2838,5.7907,14,8.1946
41889,5.8363622,5.2915,5.7907,14,8.1946
41890,5.8364873,5.2838,5.7907,14,8.1946
41891,5.8366122,5.2838,5.7907,14,8.1946
41892,5.8367372,5.2915,5.7907,14,8.1946
41893,5.8368622,5.2915,5.7907,14,8.1946
41894,5.8369873,5.2838,5.7907,14,8.1946
41895,5.8371122,5.2838,5.7907,14,8.1946
41896,5.8372372,5.2915,5.7907,14,8.1946
41897,5.8373622,5.2915,5.7907,14,8.1946
41898,5.8374873,5.2838,5.7907,14,8.1946
41899,5.8376122,5.2838,5.7907,14,8.1946
41900,5.8377372,5.2915,5.7907,14,8.1946
41901,5.8378622,5.2915,5.7907,14,8.1946
41902,5.8379873,5.2838,5.7907,14,8.1946
41903,5.8381122,5.2838,5.7907,14,8.1946
41904,5.8382372,5.2915,5.7907,14,8.1946
41905,5.8383622,5.2915,5.7830,14,8.1946
41906,5.8384873,5.2838,5.7907,14,8.1946
41907,5.8386122,5.2838,5.7907,14,8.1946
41908,5.8387372,5.2915,5.7907,14,8.1946
41909,5.8388622,5.2915,5.7830,14,8.1946
41910,5.8389873,5.2838,5.7907,14,8.1946
41911,5.8391122,5.2838,5.7907,14,8.1946
41912,5.8392372,5.2915,5.7907,14,8.1946
41913,5.8393622,5.2915,5.7830,14,8.1946
41914,5.8394873,5.2838,5.7907,14,8.1946
41915,5.8396122,5.2838,5.7907,14,8.1946
41916,5.8397372,5.2915,5.7907,14,8.1946
41917,5.8398622,5.2915,5.7830,14,8.1946
41918,5.8399873,5.2838,5.7907,14,8.1946
41919,5.8401122,5.2838,5.7907,14,8.1946
41920,5.8402372,5.2915,5.7907,14,8.1946
41921,5.8403622,5.2915,5.7830,14,8.1946
41922,5.8404873,5.2838,5.7907,14,8.1946
41923,5.8406122,5.2838,5.7907,14,8.1946
41924,5.8407372,5.2915,5.7907,14,8.1946
41925,5.8408622,5.2915,5.7830,14,8.2022
41926,5.8409873,5.2838,5.7907,14,8.1946
41927,5.8411122,5.2838,5.7907,14,8.1946
41928,5.8412372,5.2915,5.7907,14,8.1946
41929,5.8413622,5.2915,5.7830,14,8.2022
41930,5.8414873,5.2838,5.7907,14,8.1946
41931,5.8416122,5.2838,5.7907,14,8.1946
41932,5.8417372,5.2915,5.7907,14,8.1946
41933,5.8418622,5.2915,5.7830,14,8.2022
41934,5.8419873,5.2838,5.7907,14,8.1946
41935,5.8421122,5.2838,5.7907,14,8.1946
41936,5.8422372,5.2915,5.7907,14,8.1946
41937,5.8423622,5.2915,5.7830,14,8.2022
41938,5.8424873,5.2838,5.7907,14,8.1946
41939,5.8426122,5.2838,5.7907,14,8.1946
41940,5.8427372,5.2915,5.7907,14,8.1946
41941,5.8428622,5.2915,5.7830,14,8.2022
41942,5.8429873,5.2838,5.7907,14,8.1946
41943,5.8431122,5.2838,5.7907,14,8.1946
41944,5.8432372,5.2915,5.7907,14,8.1946
41945,5.8433623,5.2838,5.7907,14,8.1946
41946,5.8434873,5.2838,5.7907,14,8.1946
41947,5.8436122,5.2838,5.7907,14,8.1946
41948,5.8437372,5.2915,5.7907,14,8.1946
41949,5.8438623,5.2838,5.7907,14,8.1946
41950,5.8439873,5.2838,5.7907,14,8.1946
41951,5.8441122,5.2838,5.7907,14,8.1946
41952,5.8442372,5.2915,5.7907,14,8.1946
41953,5.8443623,5.2838,5.7907,14,8.1946
41954,5.8444873,5.2838,5.7907,14,8.1946
41955,5.8446122,5.2915,5.7907,14,8.1946
41956,5.8447372,5.2915,5.7907,14,8.1946
41957,5.8448623,5.2838,5.7907,14,8.1946
41958,5.8449873,5.2838,5.7907,14,8.1946
41959,5.8451122,5.2915,5.7907,14,8.1946
41960,5.8452372,5.2915,5.7907,14,8.1946
41961,5.8453623,5.2838,5.7907,14,8.1946
41962,5.8454873,5.2838,5.7907,14,8.1946
41963,5.8456122,5.2915,5.7907,14,8.1946
41964,5.8457372,5.2915,5.7907,14,8.1946
41965,5.8458623,5.2838,5.7907,14,8.1946
41966,5.8459873,5.2838,5.7907,14,8.1946
41967,5.8461122,5.2915,5.7907,14,8.1946
41968,5.8462372,5.2915,5.7830,14,8.1946
41969,5.8463623,5.2838,5.7907,14,8.1946
41970,5.8464873,5.2838,5.7907,14,8.1946
41971,5.8466122,5.2915,5.7907,14,8.1946
41972,5.8467372,5.2915,5.7830,14,8.1946
41973,5.8468623,5.2838,5.7907,14,8.1946
41974,5.8469873,5.2838,5.7907,14,8.1946
41975,5.8471122,5.2915,5.7907,14,8.1946
41976,5.8472372,5.2915,5.7830,14,8.1946
41977,5.8473623,5.2838,5.7907,14,8.1946
41978,5.8474873,5.2838,5.7907,14,8.1946
41979,5.8476122,5.2915,5.7907,14,8.1946
41980,5.8477372,5.2915,5.7830,14,8.1946
41981,5.8478623,5.2838,5.7907,14,8.1946
41982,5.8479873,5.2838,5.7907,14,8.1946
41983,5.8481122,5.2915,5.7907,14,8.1946
41984,5.8482372,5.2915,5.7830,14,8.1946
41985,5.8483623,5.2838,5.7907,14,8.1946
41986,5.8484873,5.2838,5.7907,14,8.1946
41987,5.8486122,5.2915,5.7907,14,8.1946
41988,5.8487372,5.2915,5.7830,14,8.2022
41989,5.8488623,5.2838,5.7907,14,8.1946
41990,5.8489873,5.2838,5.7907,14,8.1946
41991,5.8491122,5.2915,5.7907,14,8.1946
41992,5.8492372,5.2915,5.7830,14,8.2022
41993,5.8493623,5.2838,5.7907,14,8.1946
41994,5.8494873,5.2838,5.7907,14,8.1946
41995,5.8496122,5.2915,5.7907,14,8.1946
41996,5.8497372,5.2915,5.7830,14,8.2022
41997,5.8498623,5.2838,5.7907,14,8.1946
41998,5.8499873,5.2838,5.7907,14,8.1946
41999,5.8501122,5.2915,5.7907,14,8.1946
42000,5.8502372,5.2915,5.7830,14,8.2022
42001,5.8503623,5.2838,5.7907,14,8.1946
42002,5.8504873,5.2838,5.7907,14,8.1946
42003,5.8506122,5.2915,5.7907,14,8.1946
42004,5.8507372,5.2915,5.7830,14,8.2022
42005,5.8508623,5.2838,5.7907,14,8.1946
42006,5.8509873,5.2838,5.7907,14,8.1946
42007,5.8511122,5.2915,5.7907,14,8.1946
42008,5.8512374,5.2838,5.7907,14,8.1946
42009,5.8513623,5.2838,5.7907,14,8.1946
42010,5.8514873,5.2838,5.7907,14,8.1946
42011,5.8516122,5.2915,5.7907,14,8.1946
42012,5.8517374,5.2838,5.7907,14,8.1946
42013,5.8518623,5.2838,5.7907,14,8.1946
42014,5.8519873,5.2838,5.7907,14,8.1946
42015,5.8521122,5.2915,5.7907,14,8.1946
42016,5.8522374,5.2838,5.7907,14,8.1946
42017,5.8523623,5.2838,5.7907,14,8.1946
42018,5.8524873,5.2838,5.7907,14,8.1946
42019,5.8526122,5.2915,5.7907,14,8.1946
42020,5.8527374,5.2838,5.7907,14,8.1946
42021,5.8528623,5.2838,5.7907,14,8.1946
42022,5.8529873,5.2915,5.7907,14,8.1946
42023,5.8531122,5.2915,5.7907,14,8.1946
42024,5.8532374,5.2838,5.7907,14,8.1946
42025,5.8533623,5.2838,5.7907,14,8.1946
42026,5.8534873,5.2915,5.7907,14,8.1946
42027,5.8536122,5.2915,5.7907,14,8.1946
42028,5.8537374,5.2838,5.7907,14,8.1946
42029,5.8538623,5.2838,5.7907,14,8.1946
42030,5.8539873,5.2915,5.7907,14,8.1946
42031,5.8541122,5.2915,5.7907,14,8.1946
42032,5.8542374,5.2838,5.7907,14,8.1946
42033,5.8543623,5.2838,5.7907,14,8.1946
42034,5.8544873,5.2915,5.7907,14,8.1946
42035,5.8546122,5.2915,5.7830,14,8.1946
42036,5.8547374,5.2838,5.7907,14,8.1946
42037,5.8548623,5.2838,5.7907,14,8.1946
42038,5.8549873,5.2915,5.7907,14,8.1946
42039,5.8551122,5.2915,5.7830,14,8.1946
42040,5.8552374,5.2838,5.7907,14,8.1946
42041,5.8553623,5.2838,5.7907,14,8.1946
42042,5.8554873,5.2915,5.7907,14,8.1946
42043,5.8556122,5.2915,5.7830,14,8.1946
42044,5.8557374,5.2838,5.7907,14,8.1946
42045,5.8558623,5.2838,5.7907,14,8.1946
42046,5.8559873,5.2915,5.7907,14,8.1946
42047,5.8561122,5.2915,5.7830,14,8.1946
42048,5.8562374,5.2838,5.7907,14,8.1946
42049,5.8563623,5.2838,5.7907,14,8.1946
42050,5.8564873,5.2915,5.7907,14,8.1946
42051,5.8566122,5.2915,5.7830,14,8.1946
42052,5.8567374,5.2838,5.7907,14,8.1946
42053,5.8568623,5.2838,5.7907,14,8.1946
42054,5.8569873,5.2915,5.7907,14,8.1946
42055,5.8571122,5.2915,5.7830,14,8.2022
42056,5.8572374,5.2838,5.7907,14,8.1946
42057,5.8573623,5.2838,5.7907,14,8.1946
42058,5.8574873,5.2915,5.7907,14,8.1946
42059,5.8576122,5.2915,5.7830,14,8.2022
42060,5.8577374,5.2838,5.7907,14,8.1946
42061,5.8578623,5.2838,5.7907,14,8.1946
42062,5.8579873,5.2915,5.7907,14,8.1946
42063,5.8581122,5.2915,5.7830,14,8.2022
42064,5.8582374,5.2838,5.7907,14,8.1946
42065,5.8583623,5.2838,5.7907,14,8.1946
42066,5.8584873,5.2915,5.7907,14,8.1946
42067,5.8586122,5.2915,5.7830,14,8.2022
42068,5.8587374,5.2838,5.7907,14,8.1946
42069,5.8588623,5.2838,5.7907,14,8.1946
42070,5.8589873,5.2915,5.7907,14,8.1946
42071,5.8591124,5.2838,5.7907,14,8.1946
42072,5.8592374,5.2838,5.7907,14,8.1946
42073,5.8593623,5.2838,5.7907,14,8.1946
42074,5.8594873,5.2915,5.7907,14,8.1946
42075,5.8596124,5.2838,5.7907,14,8.1946
42076,5.8597374,5.2838,5.7907,14,8.1946
42077,5.8598623,5.2838,5.7907,14,8.1946
42078,5.8599873,5.2915,5.7907,14,8.1946
42079,5.8601124,5.2838,5.7907,14,8.1946
42080,5.8602374,5.2838,5.7907,14,8.1946
42081,5.8603623,5.2838,5.7907,14,8.1946
42082,5.8604873,5.2915,5.7907,14,8.1946
42083,5.8606124,5.2838,5.7907,14,8.1946
42084,5.8607374,5.2838,5.7907,14,8.1946
42085,5.8608623,5.2838,5.7907,14,8.1946
42086,5.8609873,5.2915,5.7907,14,8.1946
42087,5.8611124,5.2838,5.7907,14,8.1946
42088,5.8612374,5.2838,5.7907,14,8.1946
42089,5.8613623,5.2915,5.7907,14,8.1946
42090,5.8614873,5.2915,5.7907,14,8.1946
42091,5.8616124,5.2838,5.7907,14,8.1946
42092,5.8617374,5.2838,5.7907,14,8.1946
42093,5.8618623,5.2915,5.7907,14,8.1946
42094,5.8619873,5.2915,5.7907,14,8.1946
42095,5.8621124,5.2838,5.7907,14,8.1946
42096,5.8622374,5.2838,5.7907,14,8.1946
42097,5.8623623,5.2915,5.7907,14,8.1946
42098,5.8624873,5.2915,5.7830,14,8.1946
42099,5.8626124,5.2838,5.7907,14,8.1946
42100,5.8627374,5.2838,5.7907,14,8.1946
42101,5.8628623,5.2915,5.7907,14,8.1946
42102,5.8629873,5.2915,5.7830,14,8.1946
42103,5.8631124,5.2838,5.7907,14,8.1946
42104,5.8632374,5.2838,5.7907,14,8.1946
42105,5.8633623,5.2915,5.7907,14,8.1946
42106,5.8634873,5.2915,5.7830,14,8.1946
42107,5.8636124,5.2838,5.7907,14,8.1946
42108,5.8637374,5.2838,5.7907,14,8.1946
42109,5.8638623,5.2915,5.7907,14,8.1946
42110,5.8639873,5.2915,5.7830,14,8.1946
42111,5.8641124,5.2838,5.7907,14,8.1946
42112,5.8642374,5.2838,5.7907,14,8.1946
42113,5.8643623,5.2915,5.7907,14,8.1946
42114,5.8644873,5.2915,5.7830,14,8.1946
42115,5.8646124,5.2838,5.7907,14,8.1946
42116,5.8647374,5.2838,5.7907,14,8.1946
42117,5.8648623,5.2915,5.7907,14,8.1946
42118,5.8649873,5.2915,5.7830,14,8.2022
42119,5.8651124,5.2838,5.7907,14,8.1946
42120,5.8652374,5.2838,5.7907,14,8.1946
42121,5.8653623,5.2915,5.7907,14,8.1946
42122,5.8654873,5.2915,5.7830,14,8.2022
42123,5.8656124,5.2838,5.7907,14,8.1946
42124,5.8657374,5.2838,5.7907,14,8.1946
42125,5.8658623,5.2915,5.7907,14,8.1946
42126,5.8659873,5.2915,5.7830,14,8.2022
42127,5.8661124,5.2838,5.7907,14,8.1946
42128,5.8662374,5.2838,5.7907,14,8.1946
42129,5.8663623,5.2915,5.7907,14,8.1946
42130,5.8664873,5.2915,5.7830,14,8.2022
42131,5.8666124,5.2838,5.7907,14,8.1946
42132,5.8667374,5.2838,5.7907,14,8.1946
42133,5.8668623,5.2915,5.7907,14,8.1946
42134,5.8669874,5.2838,5.7907,14,8.1946
42135,5.8671124,5.2838,5.7907,14,8.1946
42136,5.8672374,5.2838,5.7907,14,8.1946
42137,5.8673623,5.2915,5.7907,14,8.1946
42138,5.8674874,5.2838,5.7907,14,8.1946
42139,5.8676124,5.2838,5.7907,14,8.1946
42140,5.8677374,5.2838,5.7907,14,8.1946
42141,5.8678623,5.2915,5.7907,14,8.1946
42142,5.8679874,5.2838,5.7907,14,8.1946
42143,5.8681124,5.2838,5.7907,14,8.1946
42144,5.8682374,5.2838,5.7907,14,8.1946
42145,5.8683623,5.2915,5.7907,14,8.1946
42146,5.8684874,5.2838,5.7907,14,8.1946
42147,5.8686124,5.2838,5.7907,14,8.1946
42148,5.8687374,5.2838,5.7907,14,8.1946
42149,5.8688623,5.2915,5.7907,14,8.1946
42150,5.8689874,5.2838,5.7907,14,8.1946
42151,5.8691124,5.2838,5.7907,14,8.1946
42152,5.8692374,5.2915,5.7907,14,8.1946
42153,5.8693623,5.2915,5.7907,14,8.1946
42154,5.8694874,5.2838,5.7907,14,8.1946
42155,5.8696124,5.2838,5.7907,14,8.1946
42156,5.8697374,5.2915,5.7907,14,8.1946
42157,5.8698623,5.2915,5.7907,14,8.1946
42158,5.8699874,5.2838,5.7907,14,8.1946
42159,5.8701124,5.2838,5.7907,14,8.1946
42160,5.8702374,5.2915,5.7907,14,8.1946
42161,5.8703623,5.2915,5.7907,14,8.1946
42162,5.8704874,5.2838,5.7907,14,8.1946
42163,5.8706124,5.2838,5.7907,14,8.1946
42164,5.8707374,5.2915,5.7907,14,8.1946
42165,5.8708623,5.2915,5.7830,14,8.1946
42166,5.8709874,5.2838,5.7907,14,8.1946
42167,5.8711124,5.2838,5.7907,14,8.1946
42168,5.8712374,5.2915,5.7907,14,8.1946
42169,5.8713623,5.2915,5.7830,14,8.1946
42170,5.8714874,5.2838,5.7907,14,8.1946
42171,5.8716124,5.2838,5.7907,14,8.1946
42172,5.8717374,5.2915,5.7907,14,8.1946
42173,5.8718623,5.2915,5.7830,14,8.1946
42174,5.8719874,5.2838,5.7907,14,8.1946
42175,5.8721124,5.2838,5.7907,14,8.1946
42176,5.8722374,5.2915,5.7907,14,8.1946
42177,5.8723623,5.2915,5.7830,14,8.1946
42178,5.8724874,5.2838,5.7907,14,8.1946
42179,5.8726124,5.2838,5.7907,14,8.1946
42180,5.8727374,5.2915,5.7907,14,8.1946
42181,5.8728623,5.2915,5.7830,14,8.1946
42182,5.8729874,5.2838,5.7907,14,8.1946
42183,5.8731124,5.2838,5.7907,14,8.1946
42184,5.8732374,5.2915,5.7907,14,8.1946
42185,5.8733623,5.2915,5.7830,14,8.2022
42186,5.8734874,5.2838,5.7907,14,8.1946
42187,5.8736124,5.2838,5.7907,14,8.1946
42188,5.8737374,5.2915,5.7907,14,8.1946
42189,5.8738623,5.2915,5.7830,14,8.2022
42190,5.8739874,5.2838,5.7907,14,8.1946
42191,5.8741124,5.2838,5.7907,14,8.1946
42192,5.8742374,5.2915,5.7907,14,8.1946
42193,5.8743623,5.2915,5.7830,14,8.2022
42194,5.8744874,5.2838,5.7907,14,8.1946
42195,5.8746124,5.2838,5.7907,14,8.1946
42196,5.8747374,5.2915,5.7907,14,8.1946
42197,5.8748625,5.2838,5.7907,14,8.1946
42198,5.8749874,5.2838,5.7907,14,8.1946
42199,5.8751124,5.2838,5.7907,14,8.1946
42200,5.8752374,5.2915,5.7907,14,8.1946
42201,5.8753625,5.2838,5.7907,14,8.1946
42202,5.8754874,5.2838,5.7907,14,8.1946
42203,5.8756124,5.2838,5.7907,14,8.1946
42204,5.8757374,5.2915,5.7907,14,8.1946
42205,5.8758625,5.2838,5.7907,14,8.1946
42206,5.8759874,5.2838,5.7907,14,8.1946
42207,5.8761124,5.2838,5.7907,14,8.1946
42208,5.8762374,5.2915,5.7907,14,8.1946
42209,5.8763625,5.2838,5.7907,14,8.1946
42210,5.8764874,5.2838,5.7907,14,8.1946
42211,5.8766124,5.2838,5.7907,14,8.1946
42212,5.8767374,5.2915,5.7907,14,8.1946
42213,5.8768625,5.2838,5.7907,14,8.1946
42214,5.8769874,5.2838,5.7907,14,8.1946
42215,5.8771124,5.2838,5.7907,14,8.1946
42216,5.8772374,5.2915,5.7907,14,8.1946
42217,5.8773625,5.2838,5.7907,14,8.1946
42218,5.8774874,5.2838,5.7907,14,8.1946
42219,5.8776124,5.2915,5.7907,14,8.1946
42220,5.8777374,5.2915,5.7907,14,8.1946
42221,5.8778625,5.2838,5.7907,14,8.1946
42222,5.8779874,5.2838,5.7907,14,8.1946
42223,5.8781124,5.2915,5.7907,14,8.1946
42224,5.8782374,5.2915,5.7907,14,8.1946
42225,5.8783625,5.2838,5.7907,14,8.1946
42226,5.8784874,5.2838,5.7907,14,8.1946
42227,5.8786124,5.2915,5.7907,14,8.1946
42228,5.8787374,5.2915,5.7907,14,8.1946
42229,5.8788625,5.2838,5.7907,14,8.1946
42230,5.8789874,5.2838,5.7907,14,8.1946
42231,5.8791124,5.2915,5.7907,14,8.1946
42232,5.8792374,5.2915,5.7830,14,8.1946
42233,5.8793625,5.2838,5.7907,14,8.1946
42234,5.8794874,5.2838,5.7907,14,8.1946
42235,5.8796124,5.2915,5.7907,14,8.1946
42236,5.8797374,5.2915,5.7830,14,8.1946
42237,5.8798625,5.2838,5.7907,14,8.1946
42238,5.8799874,5.2838,5.7907,14,8.1946
42239,5.8801124,5.2915,5.7907,14,8.1946
42240,5.8802374,5.2915,5.7830,14,8.1946
42241,5.8803625,5.2838,5.7907,14,8.1946
42242,5.8804874,5.2838,5.7907,14,8.1946
42243,5.8806124,5.2915,5.7907,14,8.1946
42244,5.8807374,5.2915,5.7830,14,8.1946
42245,5.8808625,5.2838,5.7907,14,8.1946
42246,5.8809874,5.2838,5.7907,14,8.1946
42247,5.8811124,5.2915,5.7907,14,8.1946
42248,5.8812374,5.2915,5.7830,14,8.1946
42249,5.8813625,5.2838,5.7907,14,8.1946
42250,5.8814874,5.2838,5.7907,14,8.1946
42251,5.8816124,5.2915,5.7907,14,8.1946
42252,5.8817374,5.2915,5.7830,14,8.2022
42253,5.8818625,5.2838,5.7907,14,8.1946
42254,5.8819874,5.2838,5.7907,14,8.1946
42255,5.8821124,5.2915,5.7907,14,8.1946
42256,5.8822374,5.2915,5.7830,14,8.2022
42257,5.8823625,5.2838,5.7907,14,8.1946
42258,5.8824874,5.2838,5.7907,14,8.1946
42259,5.8826124,5.2915,5.7907,14,8.1946
42260,5.8827375,5.2838,5.7907,14,8.1946
42261,5.8828625,5.2838,5.7907,14,8.1946
42262,5.8829874,5.2838,5.7907,14,8.1946
42263,5.8831124,5.2915,5.7907,14,8.1946
42264,5.8832375,5.2838,5.7907,14,8.1946
42265,5.8833625,5.2838,5.7907,14,8.1946
42266,5.8834874,5.2838,5.7907,14,8.1946
42267,5.8836124,5.2915,5.7907,14,8.1946
42268,5.8837375,5.2838,5.7907,14,8.1946
42269,5.8838625,5.2838,5.7907,14,8.1946
42270,5.8839874,5.2838,5.7907,14,8.1946
42271,5.8841124,5.2915,5.7907,14,8.1946
42272,5.8842375,5.2838,5.7907,14,8.1946
42273,5.8843625,5.2838,5.7907,14,8.1946
42274,5.8844874,5.2838,5.7907,14,8.1946
42275,5.8846124,5.2915,5.7907,14,8.1946
42276,5.8847375,5.2838,5.7907,14,8.1946
42277,5.8848625,5.2838,5.7907,14,8.1946
42278,5.8849874,5.2838,5.7907,14,8.1946
42279,5.8851124,5.2915,5.7907,14,8.1946
42280,5.8852375,5.2838,5.7907,14,8.1946
42281,5.8853625,5.2838,5.7907,14,8.1946
42282,5.8854874,5.2915,5.7907,14,8.1946
42283,5.8856124,5.2915,5.7907,14,8.1946
42284,5.8857375,5.2838,5.7907,14,8.1946
42285,5.8858625,5.2838,5.7907,14,8.1946
42286,5.8859874,5.2915,5.7907,14,8.1946
42287,5.8861124,5.2915,5.7907,14,8.1946
42288,5.8862375,5.2838,5.7907,14,8.1946
42289,5.8863625,5.2838,5.7907,14,8.1946
42290,5.8864874,5.2915,5.7907,14,8.1946
42291,5.8866124,5.2915,5.7907,14,8.1946
42292,5.8867375,5.2838,5.7907,14,8.1946
42293,5.8868625,5.2838,5.7907,14,8.1946
42294,5.8869874,5.2915,5.7907,14,8.1946
42295,5.8871124,5.2915,5.7830,14,8.1946
42296,5.8872375,5.2838,5.7907,14,8.1946
42297,5.8873625,5.2838,5.7907,14,8.1946
42298,5.8874874,5.2915,5.7907,14,8.1946
42299,5.8876124,5.2915,5.7830,14,8.1946
42300,5.8877375,5.2838,5.7907,14,8.1946
42301,5.8878625,5.2838,5.7907,14,8.1946
42302,5.8879874,5.2915,5.7907,14,8.1946
42303,5.8881124,5.2915,5.7830,14,8.1946
42304,5.8882375,5.2838,5.7907,14,8.1946
42305,5.8883625,5.2838,5.7907,14,8.1946
42306,5.8884874,5.2915,5.7907,14,8.1946
42307,5.8886124,5.2915,5.7830,14,8.1946
42308,5.8887375,5.2838,5.7907,14,8.1946
42309,5.8888625,5.2838,5.7907,14,8.1946
42310,5.8889874,5.2915,5.7907,14,8.1946
42311,5.8891124,5.2915,5.7830,14,8.1946
42312,5.8892375,5.2838,5.7907,14,8.1946
42313,5.8893625,5.2838,5.7907,14,8.1946
42314,5.8894874,5.2915,5.7907,14,8.1946
42315,5.8896124,5.2915,5.7830,14,8.2022
42316,5.8897375,5.2838,5.7907,14,8.1946
42317,5.8898625,5.2838,5.7907,14,8.1946
42318,5.8899874,5.2915,5.7907,14,8.1946
42319,5.8901124,5.2915,5.7830,14,8.2022
42320,5.8902375,5.2838,5.7907,14,8.1946
42321,5.8903625,5.2838,5.7907,14,8.1946
42322,5.8904874,5.2915,5.7907,14,8.1946
42323,5.8906126,5.2838,5.7907,14,8.1946
42324,5.8907375,5.2838,5.7907,14,8.1946
42325,5.8908625,5.2838,5.7907,14,8.1946
42326,5.8909874,5.2915,5.7907,14,8.1946
42327,5.8911126,5.2838,5.7907,14,8.1946
42328,5.8912375,5.2838,5.7907,14,8.1946
42329,5.8913625,5.2838,5.7907,14,8.1946
42330,5.8914874,5.2915,5.7907,14,8.1946
42331,5.8916126,5.2838,5.7907,14,8.1946
42332,5.8917375,5.2838,5.7907,14,8.1946
42333,5.8918625,5.2838,5.7907,14,8.1946
42334,5.8919874,5.2915,5.7907,14,8.1946
42335,5.8921126,5.2838,5.7907,14,8.1946
42336,5.8922375,5.2838,5.7907,14,8.1946
42337,5.8923625,5.2838,5.7907,14,8.1946
42338,5.8924874,5.2915,5.7907,14,8.1946
42339,5.8926126,5.2838,5.7907,14,8.1946
42340,5.8927375,5.2838,5.7907,14,8.1946
42341,5.8928625,5.2838,5.7907,14,8.1946
42342,5.8929874,5.2915,5.7907,14,8.1946
42343,5.8931126,5.2838,5.7907,14,8.1946
42344,5.8932375,5.2838,5.7907,14,8.1946
42345,5.8933625,5.2838,5.7907,14,8.1946
42346,5.8934874,5.2915,5.7907,14,8.1946
42347,5.8936126,5.2838,5.7907,14,8.1946
42348,5.8937375,5.2838,5.7907,14,8.1946
42349,5.8938625,5.2915,5.7907,14,8.1946
42350,5.8939874,5.2915,5.7907,14,8.1946
42351,5.8941126,5.2838,5.7907,14,8.1946
42352,5.8942375,5.2838,5.7907,14,8.1946
42353,5.8943625,5.2915,5.7907,14,8.1946
42354,5.8944874,5.2915,5.7907,14,8.1946
42355,5.8946126,5.2838,5.7907,14,8.1946
42356,5.8947375,5.2838,5.7907,14,8.1946
42357,5.8948625,5.2915,5.7907,14,8.1946
42358,5.8949874,5.2915,5.7907,14,8.1946
42359,5.8951126,5.2838,5.7907,14,8.1946
42360,5.8952375,5.2838,5.7907,14,8.1946
42361,5.8953625,5.2915,5.7907,14,8.1946
42362,5.8954874,5.2915,5.7830,14,8.1946
42363,5.8956126,5.2838,5.7907,14,8.1946
42364,5.8957375,5.2838,5.7907,14,8.1946
42365,5.8958625,5.2915,5.7907,14,8.1946
42366,5.8959874,5.2915,5.7830,14,8.1946
42367,5.8961126,5.2838,5.7907,14,8.1946
42368,5.8962375,5.2838,5.7907,14,8.1946
42369,5.8963625,5.2915,5.7907,14,8.1946
42370,5.8964874,5.2915,5.7830,14,8.1946
42371,5.8966126,5.2838,5.7907,14,8.1946
42372,5.8967375,5.2838,5.7907,14,8.1946
42373,5.8968625,5.2915,5.7907,14,8.1946
42374,5.8969874,5.2915,5.7830,14,8.1946
42375,5.8971126,5.2838,5.7907,14,8.1946
42376,5.8972375,5.2838,5.7907,14,8.1946
42377,5.8973625,5.2915,5.7907,14,8.1946
42378,5.8974874,5.2915,5.7830,14,8.1946
42379,5.8976126,5.2838,5.7907,14,8.1946
42380,5.8977375,5.2838,5.7907,14,8.1946
42381,5.8978625,5.2915,5.7907,14,8.1946
42382,5.8979874,5.2915,5.7830,14,8.2022
42383,5.8981126,5.2838,5.7907,14,8.1946
42384,5.8982375,5.2838,5.7907,14,8.1946
42385,5.8983625,5.2915,5.7907,14,8.1946
42386,5.8984876,5.2838,5.7907,14,8.1946
42387,5.8986126,5.2838,5.7907,14,8.1946
42388,5.8987375,5.2838,5.7907,14,8.1946
42389,5.8988625,5.2915,5.7907,14,8.1946
42390,5.8989876,5.2838,5.7907,14,8.1946
42391,5.8991126,5.2838,5.7907,14,8.1946
42392,5.8992375,5.2838,5.7907,14,8.1946
42393,5.8993625,5.2915,5.7907,14,8.1946
42394,5.8994876,5.2838,5.7907,14,8.1946
42395,5.8996126,5.2838,5.7907,14,8.1946
42396,5.8997375,5.2838,5.7907,14,8.1946
42397,5.8998625,5.2915,5.7907,14,8.1946
42398,5.8999876,5.2838,5.7907,14,8.1946
42399,5.9001126,5.2838,5.7907,14,8.1946
42400,5.9002375,5.2838,5.7907,14,8.1946
42401,5.9003625,5.2915,5.7907,14,8.1946
42402,5.9004876,5.2838,5.7907,14,8.1946
42403,5.9006126,5.2838,5.7907,14,8.1946
42404,5.9007375,5.2838,5.7907,14,8.1946
42405,5.9008625,5.2915,5.7907,14,8.1946
42406,5.9009876,5.2838,5.7907,14,8.1946
42407,5.9011126,5.2838,5.7907,14,8.1946
42408,5.9012375,5.2838,5.7907,14,8.1946
42409,5.9013625,5.2915,5.7907,14,8.1946
42410,5.9014876,5.2838,5.7907,14,8.1946
42411,5.9016126,5.2838,5.7907,14,8.1946
42412,5.9017375,5.2838,5.7907,14,8.1946
42413,5.9018625,5.2915,5.7907,14,8.1946
42414,5.9019876,5.2838,5.7907,14,8.1946
42415,5.9021126,5.2838,5.7907,14,8.1946
42416,5.9022375,5.2915,5.7907,14,8.1946
42417,5.9023625,5.2915,5.7907,14,8.1946
42418,5.9024876,5.2838,5.7907,14,8.1946
42419,5.9026126,5.2838,5.7907,14,8.1946
42420,5.9027375,5.2915,5.7907,14,8.1946
42421,5.9028625,5.2915,5.7907,14,8.1946
42422,5.9029876,5.2838,5.7907,14,8.1946
42423,5.9031126,5.2838,5.7907,14,8.1946
42424,5.9032375,5.2915,5.7907,14,8.1946
42425,5.9033625,5.2915,5.7907,14,8.1946
42426,5.9034876,5.2838,5.7907,14,8.1946
42427,5.9036126,5.2838,5.7907,14,8.1946
42428,5.9037375,5.2915,5.7907,14,8.1946
42429,5.9038625,5.2915,5.7830,14,8.1946
42430,5.9039876,5.2838,5.7907,14,8.1946
42431,5.9041126,5.2838,5.7907,14,8.1946
42432,5.9042375,5.2915,5.7907,14,8.1946
42433,5.9043625,5.2915,5.7830,14,8.1946
42434,5.9044876,5.2838,5.7907,14,8.1946
42435,5.9046126,5.2838,5.7907,14,8.1946
42436,5.9047375,5.2915,5.7907,14,8.1946
42437,5.9048625,5.2915,5.7830,14,8.1946
42438,5.9049876,5.2838,5.7907,14,8.1946
42439,5.9051126,5.2838,5.7907,14,8.1946
42440,5.9052375,5.2915,5.7907,14,8.1946
42441,5.9053625,5.2915,5.7830,14,8.1946
42442,5.9054876,5.2838,5.7907,14,8.1946
42443,5.9056126,5.2838,5.7907,14,8.1946
42444,5.9057375,5.2915,5.7907,14,8.1946
42445,5.9058625,5.2915,5.7830,14,8.1946
42446,5.9059876,5.2838,5.7907,14,8.1946
42447,5.9061126,5.2838,5.7907,14,8.1946
42448,5.9062375,5.2915,5.7907,14,8.1946
42449,5.9063626,5.2838,5.7907,14,8.1946
42450,5.9064876,5.2838,5.7907,14,8.1946
42451,5.9066126,5.2838,5.7907,14,8.1946
42452,5.9067375,5.2915,5.7907,14,8.1946
42453,5.9068626,5.2838,5.7907,14,8.1946
42454,5.9069876,5.2838,5.7907,14,8.1946
42455,5.9071126,5.2838,5.7907,14,8.1946
42456,5.9072375,5.2915,5.7907,14,8.1946
42457,5.9073626,5.2838,5.7907,14,8.1946
42458,5.9074876,5.2838,5.7907,14,8.1946
42459,5.9076126,5.2838,5.7907,14,8.1946
42460,5.9077375,5.2915,5.7907,14,8.1946
42461,5.9078626,5.2838,5.7907,14,8.1946
42462,5.9079876,5.2838,5.7907,14,8.1946
42463,5.9081126,5.2838,5.7907,14,8.1946
42464,5.9082375,5.2915,5.7907,14,8.1946
42465,5.9083626,5.2838,5.7907,14,8.1946
42466,5.9084876,5.2838,5.7907,14,8.1946
42467,5.9086126,5.2838,5.7907,14,8.1946
42468,5.9087375,5.2915,5.7907,14,8.1946
42469,5.9088626,5.2838,5.7907,14,8.1946
42470,5.9089876,5.2838,5.7907,14,8.1946
42471,5.9091126,5.2838,5.7907,14,8.1946
42472,5.9092375,5.2915,5.7907,14,8.1946
42473,5.9093626,5.2838,5.7907,14,8.1946
42474,5.9094876,5.2838,5.7907,14,8.1946
42475,5.9096126,5.2838,5.7907,14,8.1946
42476,5.9097375,5.2915,5.7907,14,8.1946
42477,5.9098626,5.2838,5.7907,14,8.1946
42478,5.9099876,5.2838,5.7907,14,8.1946
42479,5.9101126,5.2915,5.7907,14,8.1946
42480,5.9102375,5.2915,5.7907,14,8.1946
42481,5.9103626,5.2838,5.7907,14,8.1946
42482,5.9104876,5.2838,5.7907,14,8.1946
42483,5.9106126,5.2915,5.7907,14,8.1946
42484,5.9107375,5.2915,5.7907,14,8.1946
42485,5.9108626,5.2838,5.7907,14,8.1946
42486,5.9109876,5.2838,5.7907,14,8.1946
42487,5.9111126,5.2915,5.7907,14,8.1946
42488,5.9112375,5.2915,5.7907,14,8.1946
42489,5.9113626,5.2838,5.7907,14,8.1946
42490,5.9114876,5.2838,5.7907,14,8.1946
42491,5.9116126,5.2915,5.7907,14,8.1946
42492,5.9117375,5.2915,5.7830,14,8.1946
42493,5.9118626,5.2838,5.7907,14,8.1946
42494,5.9119876,5.2838,5.7907,14,8.1946
42495,5.9121126,5.2915,5.7907,14,8.1946
42496,5.9122375,5.2915,5.7830,14,8.1946
42497,5.9123626,5.2838,5.7907,14,8.1946
42498,5.9124876,5.2838,5.7907,14,8.1946
42499,5.9126126,5.2915,5.7907,14,8.1946
42500,5.9127375,5.2915,5.7830,14,8.1946
42501,5.9128626,5.2838,5.7907,14,8.1946
42502,5.9129876,5.2838,5.7907,14,8.1946
42503,5.9131126,5.2915,5.7907,14,8.1946
42504,5.9132375,5.2915,5.7830,14,8.1946
42505,5.9133626,5.2838,5.7907,14,8.1946
42506,5.9134876,5.2838,5.7907,14,8.1946
42507,5.9136126,5.2915,5.7907,14,8.1946
42508,5.9137375,5.2915,5.7830,14,8.1946
42509,5.9138626,5.2838,5.7907,14,8.1946
42510,5.9139876,5.2838,5.7907,14,8.1946
42511,5.9141126,5.2915,5.7907,14,8.1946
42512,5.9142377,5.2838,5.7907,14,8.1946
42513,5.9143626,5.2838,5.7907,14,8.1946
42514,5.9144876,5.2838,5.7907,14,8.1946
42515,5.9146126,5.2915,5.7907,14,8.1946
42516,5.9147377,5.2838,5.7907,14,8.1946
42517,5.9148626,5.2838,5.7907,14,8.1946
42518,5.9149876,5.2838,5.7907,14,8.1946
42519,5.9151126,5.2915,5.7907,14,8.1946
42520,5.9152377,5.2838,5.7907,14,8.1946
42521,5.9153626,5.2838,5.7907,14,8.1946
42522,5.9154876,5.2838,5.7907,14,8.1946
42523,5.9156126,5.2915,5.7907,14,8.1946
42524,5.9157377,5.2838,5.7907,14,8.1946
42525,5.9158626,5.2838,5.7907,14,8.1946
42526,5.9159876,5.2838,5.7907,14,8.1946
42527,5.9161126,5.2915,5.7907,14,8.1946
42528,5.9162377,5.2838,5.7907,14,8.1946
42529,5.9163626,5.2838,5.7907,14,8.1946
42530,5.9164876,5.2838,5.7907,14,8.1946
42531,5.9166126,5.2915,5.7907,14,8.1946
42532,5.9167377,5.2838,5.7907,14,8.1946
42533,5.9168626,5.2838,5.7907,14,8.1946
42534,5.9169876,5.2838,5.7907,14,8.1946
42535,5.9171126,5.2915,5.7907,14,8.1946
42536,5.9172377,5.2838,5.7907,14,8.1946
42537,5.9173626,5.2838,5.7907,14,8.1946
42538,5.9174876,5.2838,5.7907,14,8.1946
42539,5.9176126,5.2915,5.7907,14,8.1946
42540,5.9177377,5.2838,5.7907,14,8.1946
42541,5.9178626,5.2838,5.7907,14,8.1946
42542,5.9179876,5.2838,5.7907,14,8.1946
42543,5.9181126,5.2915,5.7907,14,8.1946
42544,5.9182377,5.2838,5.7907,14,8.1946
42545,5.9183626,5.2838,5.7907,14,8.1946
42546,5.9184876,5.2915,5.7907,14,8.1946
42547,5.9186126,5.2915,5.7907,14,8.1946
42548,5.9187377,5.2838,5.7907,14,8.1946
42549,5.9188626,5.2838,5.7907,14,8.1946
42550,5.9189876,5.2915,5.7907,14,8.1946
42551,5.9191126,5.2915,5.7907,14,8.1946
42552,5.9192377,5.2838,5.7907,14,8.1946
42553,5.9193626,5.2838,5.7907,14,8.1946
42554,5.9194876,5.2915,5.7907,14,8.1946
42555,5.9196126,5.2915,5.7907,14,8.1946
42556,5.9197377,5.2838,5.7907,14,8.1946
42557,5.9198626,5.2838,5.7907,14,8.1946
42558,5.9199876,5.2915,5.7907,14,8.1946
42559,5.9201126,5.2915,5.7830,14,8.1946
42560,5.9202377,5.2838,5.7907,14,8.1946
42561,5.9203626,5.2838,5.7907,14,8.1946
42562,5.9204876,5.2915,5.7907,14,8.1946
42563,5.9206126,5.2915,5.7830,14,8.1946
42564,5.9207377,5.2838,5.7907,14,8.1946
42565,5.9208626,5.2838,5.7907,14,8.1946
42566,5.9209876,5.2915,5.7907,14,8.1946
42567,5.9211126,5.2915,5.7830,14,8.1946
42568,5.9212377,5.2838,5.7907,14,8.1946
42569,5.9213626,5.2838,5.7907,14,8.1946
42570,5.9214876,5.2915,5.7907,14,8.1946
42571,5.9216126,5.2915,5.7830,14,8.1946
42572,5.9217377,5.2838,5.7907,14,8.1946
42573,5.9218626,5.2838,5.7907,14,8.1946
42574,5.9219876,5.2915,5.7907,14,8.1946
42575,5.9221127,5.2838,5.7907,14,8.1869
42576,5.9222377,5.2838,5.7907,14,8.1946
42577,5.9223626,5.2838,5.7907,14,8.1946
42578,5.9224876,5.2915,5.7907,14,8.1946
42579,5.9226127,5.2838,5.7907,14,8.1946
42580,5.9227377,5.2838,5.7907,14,8.1946
42581,5.9228626,5.2838,5.7907,14,8.1946
42582,5.9229876,5.2915,5.7907,14,8.1946
42583,5.9231127,5.2838,5.7907,14,8.1946
42584,5.9232377,5.2838,5.7907,14,8.1946
42585,5.9233626,5.2838,5.7907,14,8.1946
42586,5.9234876,5.2915,5.7907,14,8.1946
42587,5.9236127,5.2838,5.7907,14,8.1946
42588,5.9237377,5.2838,5.7907,14,8.1946
42589,5.9238626,5.2838,5.7907,14,8.1946
42590,5.9239876,5.2915,5.7907,14,8.1946
42591,5.9241127,5.2838,5.7907,14,8.1946
42592,5.9242377,5.2838,5.7907,14,8.1946
42593,5.9243626,5.2838,5.7907,14,8.1946
42594,5.9244876,5.2915,5.7907,14,8.1946
42595,5.9246127,5.2838,5.7907,14,8.1946
42596,5.9247377,5.2838,5.7907,14,8.1946
42597,5.9248626,5.2838,5.7907,14,8.1946
42598,5.9249876,5.2915,5.7907,14,8.1946
42599,5.9251127,5.2838,5.7907,14,8.1946
42600,5.9252377,5.2838,5.7907,14,8.1946
42601,5.9253626,5.2838,5.7907,14,8.1946
42602,5.9254876,5.2915,5.7907,14,8.1946
42603,5.9256127,5.2838,5.7907,14,8.1946
42604,5.9257377,5.2838,5.7907,14,8.1946
42605,5.9258626,5.2838,5.7907,14,8.1946
42606,5.9259876,5.2915,5.7907,14,8.1946
42607,5.9261127,5.2838,5.7907,14,8.1946
42608,5.9262377,5.2838,5.7907,14,8.1946
42609,5.9263626,5.2915,5.7907,14,8.1946
42610,5.9264876,5.2915,5.7907,14,8.1946
42611,5.9266127,5.2838,5.7907,14,8.1946
42612,5.9267377,5.2838,5.7907,14,8.1946
42613,5.9268626,5.2915,5.7907,14,8.1946
42614,5.9269876,5.2915,5.7907,14,8.1946
42615,5.9271127,5.2838,5.7907,14,8.1946
42616,5.9272377,5.2838,5.7907,14,8.1946
42617,5.9273626,5.2915,5.7907,14,8.1946
42618,5.9274876,5.2915,5.7907,14,8.1946
42619,5.9276127,5.2838,5.7907,14,8.1946
42620,5.9277377,5.2838,5.7907,14,8.1946
42621,5.9278626,5.2915,5.7907,14,8.1946
42622,5.9279876,5.2915,5.7830,14,8.1946
42623,5.9281127,5.2838,5.7907,14,8.1946
42624,5.9282377,5.2838,5.7907,14,8.1946
42625,5.9283626,5.2915,5.7907,14,8.1946
42626,5.9284876,5.2915,5.7830,14,8.1946
42627,5.9286127,5.2838,5.7907,14,8.1946
42628,5.9287377,5.2838,5.7907,14,8.1946
42629,5.9288626,5.2915,5.7907,14,8.1946
42630,5.9289876,5.2915,5.7830,14,8.1946
42631,5.9291127,5.2838,5.7907,14,8.1946
42632,5.9292377,5.2838,5.7907,14,8.1946
42633,5.9293626,5.2915,5.7907,14,8.1946
42634,5.9294876,5.2915,5.7830,14,8.1946
42635,5.9296127,5.2838,5.7907,14,8.1946
42636,5.9297377,5.2838,5.7907,14,8.1946
42637,5.9298626,5.2915,5.7907,14,8.1946
42638,5.9299878,5.2838,5.7907,14,8.1869
42639,5.9301127,5.2838,5.7907,14,8.1946
42640,5.9302377,5.2838,5.7907,14,8.1946
42641,5.9303626,5.2915,5.7907,14,8.1946
42642,5.9304878,5.2838,5.7907,14,8.1946
42643,5.9306127,5.2838,5.7907,14,8.1946
42644,5.9307377,5.2838,5.7907,14,8.1946
42645,5.9308626,5.2915,5.7907,14,8.1946
42646,5.9309878,5.2838,5.7907,14,8.1946
42647,5.9311127,5.2838,5.7907,14,8.1946
42648,5.9312377,5.2838,5.7907,14,8.1946
42649,5.9313626,5.2915,5.7907,14,8.1946
42650,5.9314878,5.2838,5.7907,14,8.1946
42651,5.9316127,5.2838,5.7907,14,8.1946
42652,5.9317377,5.2838,5.7907,14,8.1946
42653,5.9318626,5.2915,5.7907,14,8.1946
42654,5.9319878,5.2838,5.7907,14,8.1946
42655,5.9321127,5.2838,5.7907,14,8.1946
42656,5.9322377,5.2838,5.7907,14,8.1946
42657,5.9323626,5.2915,5.7907,14,8.1946
42658,5.9324878,5.2838,5.7907,14,8.1946
42659,5.9326127,5.2838,5.7907,14,8.1946
42660,5.9327377,5.2838,5.7907,14,8.1946
42661,5.9328626,5.2915,5.7907,14,8.1946
42662,5.9329878,5.2838,5.7907,14,8.1946
42663,5.9331127,5.2838,5.7907,14,8.1946
42664,5.9332377,5.2838,5.7907,14,8.1946
42665,5.9333626,5.2915,5.7907,14,8.1946
42666,5.9334878,5.2838,5.7907,14,8.1946
42667,5.9336127,5.2838,5.7907,14,8.1946
42668,5.9337377,5.2838,5.7907,14,8.1946
42669,5.9338626,5.2915,5.7907,14,8.1946
42670,5.9339878,5.2838,5.7907,14,8.1946
42671,5.9341127,5.2838,5.7907,14,8.1946
42672,5.9342377,5.2838,5.7907,14,8.1946
42673,5.9343626,5.2915,5.7907,14,8.1946
42674,5.9344878,5.2838,5.7907,14,8.1946
42675,5.9346127,5.2838,5.7907,14,8.1946
42676,5.9347377,5.2915,5.7907,14,8.1946
42677,5.9348626,5.2915,5.7907,14,8.1946
42678,5.9349878,5.2838,5.7907,14,8.1946
42679,5.9351127,5.2838,5.7907,14,8.1946
42680,5.9352377,5.2915,5.7907,14,8.1946
42681,5.9353626,5.2915,5.7907,14,8.1946
42682,5.9354878,5.2838,5.7907,14,8.1946
42683,5.9356127,5.2838,5.7907,14,8.1946
42684,5.9357377,5.2915,5.7907,14,8.1946
42685,5.9358626,5.2915,5.7907,14,8.1946
42686,5.9359878,5.2838,5.7907,14,8.1946
42687,5.9361127,5.2838,5.7907,14,8.1946
42688,5.9362377,5.2915,5.7907,14,8.1946
42689,5.9363626,5.2915,5.7830,14,8.1946
42690,5.9364878,5.2838,5.7907,14,8.1946
42691,5.9366127,5.2838,5.7907,14,8.1946
42692,5.9367377,5.2915,5.7907,14,8.1946
42693,5.9368626,5.2915,5.7830,14,8.1946
42694,5.9369878,5.2838,5.7907,14,8.1946
42695,5.9371127,5.2838,5.7907,14,8.1946
42696,5.9372377,5.2915,5.7907,14,8.1946
42697,5.9373626,5.2915,5.7830,14,8.1946
42698,5.9374878,5.2838,5.7907,14,8.1946
42699,5.9376127,5.2838,5.7907,14,8.1946
42700,5.9377377,5.2915,5.7907,14,8.1946
42701,5.9378628,5.2838,5.7907,14,8.1869
42702,5.9379878,5.2838,5.7907,14,8.1946
42703,5.9381127,5.2838,5.7907,14,8.1946
42704,5.9382377,5.2915,5.7907,14,8.1946
42705,5.9383628,5.2838,5.7907,14,8.1869
42706,5.9384878,5.2838,5.7907,14,8.1946
42707,5.9386127,5.2838,5.7907,14,8.1946
42708,5.9387377,5.2915,5.7907,14,8.1946
42709,5.9388628,5.2838,5.7907,14,8.1946
42710,5.9389878,5.2838,5.7907,14,8.1946
42711,5.9391127,5.2838,5.7907,14,8.1946
42712,5.9392377,5.2915,5.7907,14,8.1946
42713,5.9393628,5.2838,5.7907,14,8.1946
42714,5.9394878,5.2838,5.7907,14,8.1946
42715,5.9396127,5.2838,5.7907,14,8.1946
42716,5.9397377,5.2915,5.7907,14,8.1946
42717,5.9398628,5.2838,5.7907,14,8.1946
42718,5.9399878,5.2838,5.7907,14,8.1946
42719,5.9401127,5.2838,5.7907,14,8.1946
42720,5.9402377,5.2915,5.7907,14,8.1946
42721,5.9403628,5.2838,5.7907,14,8.1946
42722,5.9404878,5.2838,5.7907,14,8.1946
42723,5.9406127,5.2838,5.7907,14,8.1946
42724,5.9407377,5.2915,5.7907,14,8.1946
42725,5.9408628,5.2838,5.7907,14,8.1946
42726,5.9409878,5.2838,5.7907,14,8.1946
42727,5.9411127,5.2838,5.7907,14,8.1946
42728,5.9412377,5.2915,5.7907,14,8.1946
42729,5.9413628,5.2838,5.7907,14,8.1946
42730,5.9414878,5.2838,5.7907,14,8.1946
42731,5.9416127,5.2838,5.7907,14,8.1946
42732,5.9417377,5.2915,5.7907,14,8.1946
42733,5.9418628,5.2838,5.7907,14,8.1946
42734,5.9419878,5.2838,5.7907,14,8.1946
42735,5.9421127,5.2838,5.7907,14,8.1946
42736,5.9422377,5.2915,5.7907,14,8.1946
42737,5.9423628,5.2838,5.7907,14,8.1946
42738,5.9424878,5.2838,5.7907,14,8.1946
42739,5.9426127,5.2915,5.7907,14,8.1946
42740,5.9427377,5.2915,5.7907,14,8.1946
42741,5.9428628,5.2838,5.7907,14,8.1946
42742,5.9429878,5.2838,5.7907,14,8.1946
42743,5.9431127,5.2915,5.7907,14,8.1946
42744,5.9432377,5.2915,5.7907,14,8.1946
42745,5.9433628,5.2838,5.7907,14,8.1946
42746,5.9434878,5.2838,5.7907,14,8.1946
42747,5.9436127,5.2915,5.7907,14,8.1946
42748,5.9437377,5.2915,5.7907,14,8.1946
42749,5.9438628,5.2838,5.7907,14,8.1946
42750,5.9439878,5.2838,5.7907,14,8.1946
42751,5.9441127,5.2915,5.7907,14,8.1946
42752,5.9442377,5.2915,5.7830,14,8.1946
42753,5.9443628,5.2838,5.7907,14,8.1946
42754,5.9444878,5.2838,5.7907,14,8.1946
42755,5.9446127,5.2915,5.7907,14,8.1946
42756,5.9447377,5.2915,5.7830,14,8.1946
42757,5.9448628,5.2838,5.7907,14,8.1946
42758,5.9449878,5.2838,5.7907,14,8.1946
42759,5.9451127,5.2915,5.7907,14,8.1946
42760,5.9452377,5.2915,5.7830,14,8.1946
42761,5.9453628,5.2838,5.7907,14,8.1946
42762,5.9454878,5.2838,5.7907,14,8.1946
42763,5.9456127,5.2915,5.7907,14,8.1946
42764,5.9457378,5.2838,5.7907,14,8.1869
42765,5.9458628,5.2838,5.7907,14,8.1946
42766,5.9459878,5.2838,5.7907,14,8.1946
42767,5.9461127,5.2915,5.7907,14,8.1946
42768,5.9462378,5.2838,5.7907,14,8.1869
42769,5.9463628,5.2838,5.7907,14,8.1946
42770,5.9464878,5.2838,5.7907,14,8.1946
42771,5.9466127,5.2915,5.7907,14,8.1946
42772,5.9467378,5.2838,5.7907,14,8.1946
42773,5.9468628,5.2838,5.7907,14,8.1946
42774,5.9469878,5.2838,5.7907,14,8.1946
42775,5.9471127,5.2915,5.7907,14,8.1946
42776,5.9472378,5.2838,5.7907,14,8.1946
42777,5.9473628,5.2838,5.7907,14,8.1946
42778,5.9474878,5.2838,5.7907,14,8.1946
42779,5.9476127,5.2915,5.7907,14,8.1946
42780,5.9477378,5.2838,5.7907,14,8.1946
42781,5.9478628,5.2838,5.7907,14,8.1946
42782,5.9479878,5.2838,5.7907,14,8.1946
42783,5.9481127,5.2915,5.7907,14,8.1946
42784,5.9482378,5.2838,5.7907,14,8.1946
42785,5.9483628,5.2838,5.7907,14,8.1946
42786,5.9484878,5.2838,5.7907,14,8.1946
42787,5.9486127,5.2915,5.7907,14,8.1946
42788,5.9487378,5.2838,5.7907,14,8.1946
42789,5.9488628,5.2838,5.7907,14,8.1946
42790,5.9489878,5.2838,5.7907,14,8.1946
42791,5.9491127,5.2915,5.7907,14,8.1946
42792,5.9492378,5.2838,5.7907,14,8.1946
42793,5.9493628,5.2838,5.7907,14,8.1946
42794,5.9494878,5.2838,5.7907,14,8.1946
42795,5.9496127,5.2915,5.7907,14,8.1946
42796,5.9497378,5.2838,5.7907,14,8.1946
42797,5.9498628,5.2838,5.7907,14,8.1946
42798,5.9499878,5.2838,5.7907,14,8.1946
42799,5.9501127,5.2915,5.7907,14,8.1946
42800,5.9502378,5.2838,5.7907,14,8.1946
42801,5.9503628,5.2838,5.7907,14,8.1946
42802,5.9504878,5.2915,5.7907,14,8.1946
42803,5.9506127,5.2915,5.7907,14,8.1946
42804,5.9507378,5.2838,5.7907,14,8.1946
42805,5.9508628,5.2838,5.7907,14,8.1946
42806,5.9509878,5.2915,5.7907,14,8.1946
42807,5.9511127,5.2915,5.7907,14,8.1946
42808,5.9512378,5.2838,5.7907,14,8.1946
42809,5.9513628,5.2838,5.7907,14,8.1946
42810,5.9514878,5.2915,5.7907,14,8.1946
42811,5.9516127,5.2915,5.7907,14,8.1946
42812,5.9517378,5.2838,5.7907,14,8.1946
42813,5.9518628,5.2838,5.7907,14,8.1946
42814,5.9519878,5.2915,5.7907,14,8.1946
42815,5.9521127,5.2915,5.7830,14,8.1946
42816,5.9522378,5.2838,5.7907,14,8.1946
42817,5.9523628,5.2838,5.7907,14,8.1946
42818,5.9524878,5.2915,5.7907,14,8.1946
42819,5.9526127,5.2915,5.7830,14,8.1946
42820,5.9527378,5.2838,5.7907,14,8.1946
42821,5.9528628,5.2838,5.7907,14,8.1946
42822,5.9529878,5.2915,5.7907,14,8.1946
42823,5.9531127,5.2915,5.7830,14,8.1946
42824,5.9532378,5.2838,5.7907,14,8.1946
42825,5.9533628,5.2838,5.7907,14,8.1946
42826,5.9534878,5.2915,5.7907,14,8.1946
42827,5.9536129,5.2838,5.7907,14,8.1869
42828,5.9537378,5.2838,5.7907,14,8.1946
42829,5.9538628,5.2838,5.7907,14,8.1946
42830,5.9539878,5.2915,5.7907,14,8.1946
42831,5.9541129,5.2838,5.7907,14,8.1869
42832,5.9542378,5.2838,5.7907,14,8.1946
42833,5.9543628,5.2838,5.7907,14,8.1946
42834,5.9544878,5.2915,5.7907,14,8.1946
42835,5.9546129,5.2838,5.7907,14,8.1946
42836,5.9547378,5.2838,5.7907,14,8.1946
42837,5.9548628,5.2838,5.7907,14,8.1946
42838,5.9549878,5.2915,5.7907,14,8.1946
42839,5.9551129,5.2838,5.7907,14,8.1946
42840,5.9552378,5.2838,5.7907,14,8.1946
42841,5.9553628,5.2838,5.7907,14,8.1946
42842,5.9554878,5.2915,5.7907,14,8.1946
42843,5.9556129,5.2838,5.7907,14,8.1946
42844,5.9557378,5.2838,5.7907,14,8.1946
42845,5.9558628,5.2838,5.7907,14,8.1946
42846,5.9559878,5.2915,5.7907,14,8.1946
42847,5.9561129,5.2838,5.7907,14,8.1946
42848,5.9562378,5.2838,5.7907,14,8.1946
42849,5.9563628,5.2838,5.7907,14,8.1946
42850,5.9564878,5.2915,5.7907,14,8.1946
42851,5.9566129,5.2838,5.7907,14,8.1946
42852,5.9567378,5.2838,5.7907,14,8.1946
42853,5.9568628,5.2838,5.7907,14,8.1946
42854,5.9569878,5.2915,5.7907,14,8.1946
42855,5.9571129,5.2838,5.7907,14,8.1946
42856,5.9572378,5.2838,5.7907,14,8.1946
42857,5.9573628,5.2838,5.7907,14,8.1946
42858,5.9574878,5.2915,5.7907,14,8.1946
42859,5.9576129,5.2838,5.7907,14,8.1946
42860,5.9577378,5.2838,5.7907,14,8.1946
42861,5.9578628,5.2838,5.7907,14,8.1946
42862,5.9579878,5.2915,5.7907,14,8.1946
42863,5.9581129,5.2838,5.7907,14,8.1946
42864,5.9582378,5.2838,5.7907,14,8.1946
42865,5.9583628,5.2838,5.7907,14,8.1946
42866,5.9584878,5.2915,5.7907,14,8.1946
42867,5.9586129,5.2838,5.7907,14,8.1946
42868,5.9587378,5.2838,5.7907,14,8.1946
42869,5.9588628,5.2915,5.7907,14,8.1946
42870,5.9589878,5.2915,5.7907,14,8.1946
42871,5.9591129,5.2838,5.7907,14,8.1946
42872,5.9592378,5.2838,5.7907,14,8.1946
42873,5.9593628,5.2915,5.7907,14,8.1946
42874,5.9594878,5.2915,5.7907,14,8.1946
42875,5.9596129,5.2838,5.7907,14,8.1946
42876,5.9597378,5.2838,5.7907,14,8.1946
42877,5.9598628,5.2915,5.7907,14,8.1946
42878,5.9599878,5.2915,5.7907,14,8.1946
42879,5.9601129,5.2838,5.7907,14,8.1946
42880,5.9602378,5.2838,5.7907,14,8.1946
42881,5.9603628,5.2915,5.7907,14,8.1946
42882,5.9604878,5.2915,5.7830,14,8.1946
42883,5.9606129,5.2838,5.7907,14,8.1946
42884,5.9607378,5.2838,5.7907,14,8.1946
42885,5.9608628,5.2915,5.7907,14,8.1946
42886,5.9609878,5.2915,5.7830,14,8.1946
42887,5.9611129,5.2838,5.7907,14,8.1946
42888,5.9612378,5.2838,5.7907,14,8.1946
42889,5.9613628,5.2915,5.7907,14,8.1946
42890,5.9614879,5.2838,5.7907,14,8.1869
42891,5.9616129,5.2838,5.7907,14,8.1946
42892,5.9617378,5.2838,5.7907,14,8.1946
42893,5.9618628,5.2915,5.7907,14,8.1946
42894,5.9619879,5.2838,5.7907,14,8.1869
42895,5.9621129,5.2838,5.7907,14,8.1946
42896,5.9622378,5.2838,5.7907,14,8.1946
42897,5.9623628,5.2915,5.7907,14,8.1946
42898,5.9624879,5.2838,5.7907,14,8.1946
42899,5.9626129,5.2838,5.7907,14,8.1946
42900,5.9627378,5.2838,5.7907,14,8.1946
42901,5.9628628,5.2915,5.7907,14,8.1946
42902,5.9629879,5.2838,5.7907,14,8.1946
42903,5.9631129,5.2838,5.7907,14,8.1946
42904,5.9632378,5.2838,5.7907,14,8.1946
42905,5.9633628,5.2915,5.7907,14,8.1946
42906,5.9634879,5.2838,5.7907,14,8.1946
42907,5.9636129,5.2838,5.7907,14,8.1946
42908,5.9637378,5.2838,5.7907,14,8.1946
42909,5.9638628,5.2915,5.7907,14,8.1946
42910,5.9639879,5.2838,5.7907,14,8.1946
42911,5.9641129,5.2838,5.7907,14,8.1946
42912,5.9642378,5.2838,5.7907,14,8.1946
42913,5.9643628,5.2915,5.7907,14,8.1946
42914,5.9644879,5.2838,5.7907,14,8.1946
42915,5.9646129,5.2838,5.7907,14,8.1946
42916,5.9647378,5.2838,5.7907,14,8.1946
42917,5.9648628,5.2915,5.7907,14,8.1946
42918,5.9649879,5.2838,5.7907,14,8.1946
42919,5.9651129,5.2838,5.7907,14,8.1946
42920,5.9652378,5.2838,5.7907,14,8.1946
42921,5.9653628,5.2915,5.7907,14,8.1946
42922,5.9654879,5.2838,5.7907,14,8.1946
42923,5.9656129,5.2838,5.7907,14,8.1946
42924,5.9657378,5.2838,5.7907,14,8.1946
42925,5.9658628,5.2915,5.7907,14,8.1946
42926,5.9659879,5.2838,5.7907,14,8.1946
42927,5.9661129,5.2838,5.7907,14,8.1946
42928,5.9662378,5.2838,5.7907,14,8.1946
42929,5.9663628,5.2915,5.7907,14,8.1946
42930,5.9664879,5.2838,5.7907,14,8.1946
42931,5.9666129,5.2838,5.7907,14,8.1946
42932,5.9667378,5.2915,5.7907,14,8.1946
42933,5.9668628,5.2915,5.7907,14,8.1946
42934,5.9669879,5.2838,5.7907,14,8.1946
42935,5.9671129,5.2838,5.7907,14,8.1946
42936,5.9672378,5.2915,5.7907,14,8.1946
42937,5.9673628,5.2915,5.7907,14,8.1946
42938,5.9674879,5.2838,5.7907,14,8.1946
42939,5.9676129,5.2838,5.7907,14,8.1946
42940,5.9677378,5.2915,5.7907,14,8.1946
42941,5.9678628,5.2915,5.7907,14,8.1946
42942,5.9679879,5.2838,5.7907,14,8.1946
42943,5.9681129,5.2838,5.7907,14,8.1946
42944,5.9682378,5.2915,5.7907,14,8.1946
42945,5.9683628,5.2915,5.7830,14,8.1946
42946,5.9684879,5.2838,5.7907,14,8.1946
42947,5.9686129,5.2838,5.7907,14,8.1946
42948,5.9687378,5.2915,5.7907,14,8.1946
42949,5.9688630,5.2838,5.7907,14,8.1869
42950,5.9689879,5.2838,5.7907,14,8.1946
42951,5.9691129,5.2838,5.7907,14,8.1946
42952,5.9692378,5.2915,5.7907,14,8.1946
42953,5.9693630,5.2838,5.7907,14,8.1869
42954,5.9694879,5.2838,5.7907,14,8.1946
42955,5.9696129,5.2838,5.7907,14,8.1946
42956,5.9697378,5.2915,5.7907,14,8.1946
42957,5.9698630,5.2838,5.7907,14,8.1869
42958,5.9699879,5.2838,5.7907,14,8.1946
42959,5.9701129,5.2838,5.7907,14,8.1946
42960,5.9702378,5.2915,5.7907,14,8.1946
42961,5.9703630,5.2838,5.7907,14,8.1869
42962,5.9704879,5.2838,5.7907,14,8.1946
42963,5.9706129,5.2838,5.7907,14,8.1946
42964,5.9707378,5.2915,5.7907,14,8.1946
42965,5.9708630,5.2838,5.7907,14,8.1946
42966,5.9709879,5.2838,5.7907,14,8.1946
42967,5.9711129,5.2838,5.7907,14,8.1946
42968,5.9712378,5.2915,5.7907,14,8.1946
42969,5.9713630,5.2838,5.7907,14,8.1946
42970,5.9714879,5.2838,5.7907,14,8.1946
42971,5.9716129,5.2838,5.7907,14,8.1946
42972,5.9717378,5.2915,5.7907,14,8.1946
42973,5.9718630,5.2838,5.7907,14,8.1946
42974,5.9719879,5.2838,5.7907,14,8.1946
42975,5.9721129,5.2838,5.7907,14,8.1946
42976,5.9722378,5.2915,5.7907,14,8.1946
42977,5.9723630,5.2838,5.7907,14,8.1946
42978,5.9724879,5.2838,5.7907,14,8.1946
42979,5.9726129,5.2838,5.7907,14,8.1946
42980,5.9727378,5.2915,5.7907,14,8.1946
42981,5.9728630,5.2838,5.7907,14,8.1946
42982,5.9729879,5.2838,5.7907,14,8.1946
42983,5.9731129,5.2838,5.7907,14,8.1946
42984,5.9732378,5.2915,5.7907,14,8.1946
42985,5.9733630,5.2838,5.7907,14,8.1946
42986,5.9734879,5.2838,5.7907,14,8.1946
42987,5.9736129,5.2838,5.7907,14,8.1946
42988,5.9737378,5.2915,5.7907,14,8.1946
42989,5.9738630,5.2838,5.7907,14,8.1946
42990,5.9739879,5.2838,5.7907,14,8.1946
42991,5.9741129,5.2838,5.7907,14,8.1946
42992,5.9742378,5.2915,5.7907,14,8.1946
42993,5.9743630,5.2838,5.7907,14,8.1946
42994,5.9744879,5.2838,5.7907,14,8.1946
42995,5.9746129,5.2915,5.7907,14,8.1946
42996,5.9747378,5.2915,5.7907,14,8.1946
42997,5.9748630,5.2838,5.7907,14,8.1946
42998,5.9749879,5.2838,5.7907,14,8.1946
42999,5.9751129,5.2915,5.7907,14,8.1946
43000,5.9752378,5.2915,5.7907,14,8.1946
43001,5.9753630,5.2838,5.7907,14,8.1946
43002,5.9754879,5.2838,5.7907,14,8.1946
43003,5.9756129,5.2915,5.7907,14,8.1946
43004,5.9757378,5.2915,5.7907,14,8.1946
43005,5.9758630,5.2838,5.7907,14,8.1946
43006,5.9759879,5.2838,5.7907,14,8.1946
43007,5.9761129,5.2915,5.7907,14,8.1946
43008,5.9762378,5.2915,5.7830,14,8.1946
43009,5.9763630,5.2838,5.7907,14,8.1946
43010,5.9764879,5.2838,5.7907,14,8.1946
43011,5.9766129,5.2915,5.7907,14,8.1946
43012,5.9767380,5.2838,5.7907,14,8.1869
43013,5.9768630,5.2838,5.7907,14,8.1946
43014,5.9769879,5.2838,5.7907,14,8.1946
43015,5.9771129,5.2915,5.7907,14,8.1946
43016,5.9772380,5.2838,5.7907,14,8.1869
43017,5.9773630,5.2838,5.7907,14,8.1946
43018,5.9774879,5.2838,5.7907,14,8.1946
43019,5.9776129,5.2915,5.7907,14,8.1946
43020,5.9777380,5.2838,5.7907,14,8.1869
43021,5.9778630,5.2838,5.7907,14,8.1946
43022,5.9779879,5.2838,5.7907,14,8.1946
43023,5.9781129,5.2915,5.7907,14,8.1946
43024,5.9782380,5.2838,5.7907,14,8.1869
43025,5.9783630,5.2838,5.7907,14,8.1946
43026,5.9784879,5.2838,5.7907,14,8.1946
43027,5.9786129,5.2915,5.7907,14,8.1946
43028,5.9787380,5.2838,5.7907,14,8.1946
43029,5.9788630,5.2838,5.7907,14,8.1946
43030,5.9789879,5.2838,5.7907,14,8.1946
43031,5.9791129,5.2915,5.7907,14,8.1946
43032,5.9792380,5.2838,5.7907,14,8.1946
43033,5.9793630,5.2838,5.7907,14,8.1946
43034,5.9794879,5.2838,5.7907,14,8.1946
43035,5.9796129,5.2915,5.7907,14,8.1946
43036,5.9797380,5.2838,5.7907,14,8.1946
43037,5.9798630,5.2838,5.7907,14,8.1946
43038,5.9799879,5.2838,5.7907,14,8.1946
43039,5.9801129,5.2915,5.7907,14,8.1946
43040,5.9802380,5.2838,5.7907,14,8.1946
43041,5.9803630,5.2838,5.7907,14,8.1946
43042,5.9804879,5.2838,5.7907,14,8.1946
43043,5.9806129,5.2915,5.7907,14,8.1946
43044,5.9807380,5.2838,5.7907,14,8.1946
43045,5.9808630,5.2838,5.7907,14,8.1946
43046,5.9809879,5.2838,5.7907,14,8.1946
43047,5.9811129,5.2915,5.7907,14,8.1946
43048,5.9812380,5.2838,5.7907,14,8.1946
43049,5.9813630,5.2838,5.7907,14,8.1946
43050,5.9814879,5.2838,5.7907,14,8.1946
43051,5.9816129,5.2915,5.7907,14,8.1946
43052,5.9817380,5.2838,5.7907,14,8.1946
43053,5.9818630,5.2838,5.7907,14,8.1946
43054,5.9819879,5.2838,5.7907,14,8.1946
43055,5.9821129,5.2915,5.7907,14,8.1946
43056,5.9822380,5.2838,5.7907,14,8.1946
43057,5.9823630,5.2838,5.7907,14,8.1946
43058,5.9824879,5.2915,5.7907,14,8.1946
43059,5.9826129,5.2915,5.7907,14,8.1946
43060,5.9827380,5.2838,5.7907,14,8.1946
43061,5.9828630,5.2838,5.7907,14,8.1946
43062,5.9829879,5.2915,5.7907,14,8.1946
43063,5.9831129,5.2915,5.7907,14,8.1946
43064,5.9832380,5.2838,5.7907,14,8.1946
43065,5.9833630,5.2838,5.7907,14,8.1946
43066,5.9834879,5.2915,5.7907,14,8.1946
43067,5.9836129,5.2915,5.7907,14,8.1946
43068,5.9837380,5.2838,5.7907,14,8.1946
43069,5.9838630,5.2838,5.7907,14,8.1946
43070,5.9839879,5.2915,5.7907,14,8.1946
43071,5.9841129,5.2915,5.7830,14,8.1946
43072,5.9842380,5.2838,5.7907,14,8.1946
43073,5.9843630,5.2838,5.7907,14,8.1946
43074,5.9844879,5.2915,5.7907,14,8.1946
43075,5.9846130,5.2838,5.7907,14,8.1869
43076,5.9847380,5.2838,5.7907,14,8.1946
43077,5.9848630,5.2838,5.7907,14,8.1946
43078,5.9849879,5.2915,5.7907,14,8.1946
43079,5.9851130,5.2838,5.7907,14,8.1869
43080,5.9852380,5.2838,5.7907,14,8.1946
43081,5.9853630,5.2838,5.7907,14,8.1946
43082,5.9854879,5.2915,5.7907,14,8.1946
43083,5.9856130,5.2838,5.7907,14,8.1869
43084,5.9857380,5.2838,5.7907,14,8.1946
43085,5.9858630,5.2838,5.7907,14,8.1946
43086,5.9859879,5.2915,5.7907,14,8.1946
43087,5.9861130,5.2838,5.7907,14,8.1869
43088,5.9862380,5.2838,5.7907,14,8.1946
43089,5.9863630,5.2838,5.7907,14,8.1946
43090,5.9864879,5.2915,5.7907,14,8.1946
43091,5.9866130,5.2838,5.7907,14,8.1946
43092,5.9867380,5.2838,5.7907,14,8.1946
43093,5.9868630,5.2838,5.7907,14,8.1946
43094,5.9869879,5.2915,5.7907,14,8.1946
43095,5.9871130,5.2838,5.7907,14,8.1946
43096,5.9872380,5.2838,5.7907,14,8.1946
43097,5.9873630,5.2838,5.7907,14,8.1946
43098,5.9874879,5.2915,5.7907,14,8.1946
43099,5.9876130,5.2838,5.7907,14,8.1946
43100,5.9877380,5.2838,5.7907,14,8.1946
43101,5.9878630,5.2838,5.7907,14,8.1946
43102,5.9879879,5.2915,5.7907,14,8.1946
43103,5.9881130,5.2838,5.7907,14,8.1946
43104,5.9882380,5.2838,5.7907,14,8.1946
43105,5.9883630,5.2838,5.7907,14,8.1946
43106,5.9884879,5.2915,5.7907,14,8.1946
43107,5.9886130,5.2838,5.7907,14,8.1946
43108,5.9887380,5.2838,5.7907,14,8.1946
43109,5.9888630,5.2838,5.7907,14,8.1946
43110,5.9889879,5.2915,5.7907,14,8.1946
43111,5.9891130,5.2838,5.7907,14,8.1946
43112,5.9892380,5.2838,5.7907,14,8.1946
43113,5.9893630,5.2838,5.7907,14,8.1946
43114,5.9894879,5.2915,5.7907,14,8.1946
43115,5.9896130,5.2838,5.7907,14,8.1946
43116,5.9897380,5.2838,5.7907,14,8.1946
43117,5.9898630,5.2838,5.7907,14,8.1946
43118,5.9899879,5.2915,5.7907,14,8.1946
43119,5.9901130,5.2838,5.7907,14,8.1946
43120,5.9902380,5.2838,5.7907,14,8.1946
43121,5.9903630,5.2838,5.7907,14,8.1946
43122,5.9904879,5.2915,5.7907,14,8.1946
43123,5.9906130,5.2838,5.7907,14,8.1946
43124,5.9907380,5.2838,5.7907,14,8.1946
43125,5.9908630,5.2915,5.7907,14,8.1946
43126,5.9909879,5.2915,5.7907,14,8.1946
43127,5.9911130,5.2838,5.7907,14,8.1946
43128,5.9912380,5.2838,5.7907,14,8.1946
43129,5.9913630,5.2915,5.7907,14,8.1946
43130,5.9914879,5.2915,5.7907,14,8.1946
43131,5.9916130,5.2838,5.7907,14,8.1946
43132,5.9917380,5.2838,5.7907,14,8.1946
43133,5.9918630,5.2915,5.7907,14,8.1946
43134,5.9919879,5.2915,5.7830,14,8.1946
43135,5.9921130,5.2838,5.7907,14,8.1946
43136,5.9922380,5.2838,5.7907,14,8.1946
43137,5.9923630,5.2915,5.7907,14,8.1946
43138,5.9924881,5.2838,5.7907,14,8.1869
43139,5.9926130,5.2838,5.7907,14,8.1946
43140,5.9927380,5.2838,5.7907,14,8.1946
43141,5.9928630,5.2915,5.7907,14,8.1946
43142,5.9929881,5.2838,5.7907,14,8.1869
43143,5.9931130,5.2838,5.7907,14,8.1946
43144,5.9932380,5.2838,5.7907,14,8.1946
43145,5.9933630,5.2915,5.7907,14,8.1946
43146,5.9934881,5.2838,5.7907,14,8.1869
43147,5.9936130,5.2838,5.7907,14,8.1946
43148,5.9937380,5.2838,5.7907,14,8.1946
43149,5.9938630,5.2915,5.7907,14,8.1946
43150,5.9939881,5.2838,5.7907,14,8.1869
43151,5.9941130,5.2838,5.7907,14,8.1946
43152,5.9942380,5.2838,5.7907,14,8.1946
43153,5.9943630,5.2915,5.7907,14,8.1946
43154,5.9944881,5.2838,5.7907,14,8.1946
43155,5.9946130,5.2838,5.7907,14,8.1946
43156,5.9947380,5.2838,5.7907,14,8.1946
43157,5.9948630,5.2915,5.7907,14,8.1946
43158,5.9949881,5.2838,5.7907,14,8.1946
43159,5.9951130,5.2838,5.7907,14,8.1946
43160,5.9952380,5.2838,5.7907,14,8.1946
43161,5.9953630,5.2915,5.7907,14,8.1946
43162,5.9954881,5.2838,5.7907,14,8.1946
43163,5.9956130,5.2838,5.7907,14,8.1946
43164,5.9957380,5.2838,5.7907,14,8.1946
43165,5.9958630,5.2915,5.7907,14,8.1946
43166,5.9959881,5.2838,5.7907,14,8.1946
43167,5.9961130,5.2838,5.7907,14,8.1946
43168,5.9962380,5.2838,5.7907,14,8.1946
43169,5.9963630,5.2915,5.7907,14,8.1946
43170,5.9964881,5.2838,5.7907,14,8.1946
43171,5.9966130,5.2838,5.7907,14,8.1946
43172,5.9967380,5.2838,5.7907,14,8.1946
43173,5.9968630,5.2915,5.7907,14,8.1946
43174,5.9969881,5.2838,5.7907,14,8.1946
43175,5.9971130,5.2838,5.7907,14,8.1946
43176,5.9972380,5.2838,5.7907,14,8.1946
43177,5.9973630,5.2915,5.7907,14,8.1946
43178,5.9974881,5.2838,5.7907,14,8.1946
43179,5.9976130,5.2838,5.7907,14,8.1946
43180,5.9977380,5.2838,5.7907,14,8.1946
43181,5.9978630,5.2915,5.7907,14,8.1946
43182,5.9979881,5.2838,5.7907,14,8.1946
43183,5.9981130,5.2838,5.7907,14,8.1946
43184,5.9982380,5.2838,5.7907,14,8.1946
43185,5.9983630,5.2915,5.7907,14,8.1946
43186,5.9984881,5.2838,5.7907,14,8.1946
43187,5.9986130,5.2838,5.7907,14,8.1946
43188,5.9987380,5.2915,5.7907,14,8.1946
43189,5.9988630,5.2915,5.7907,14,8.1946
43190,5.9989881,5.2838,5.7907,14,8.1946
43191,5.9991130,5.2838,5.7907,14,8.1946
43192,5.9992380,5.2915,5.7907,14,8.1946
43193,5.9993630,5.2915,5.7907,14,8.1946
43194,5.9994881,5.2838,5.7907,14,8.1946
43195,5.9996130,5.2838,5.7907,14,8.1946
43196,5.9997380,5.2915,5.7907,14,8.1946
43197,5.9998630,5.2915,5.7907,14,8.1946
43198,5.9999881,5.2838,5.7907,14,8.1946
43199,6.0001130,5.2838,5.7907,14,8.1946
43200,6.0002380,5.2915,5.7907,14,8.1946
43201,6.0003631,5.2838,5.7907,14,8.1869
43202,6.0004881,5.2838,5.7907,14,8.1946
43203,6.0006130,5.2838,5.7907,14,8.1946
43204,6.0007380,5.2915,5.7907,14,8.1946
43205,6.0008631,5.2838,5.7907,14,8.1869
43206,6.0009881,5.2838,5.7907,14,8.1946
43207,6.0011130,5.2838,5.7907,14,8.1946
43208,6.0012380,5.2915,5.7907,14,8.1946
43209,6.0013631,5.2838,5.7907,14,8.1869
43210,6.0014881,5.2838,5.7907,14,8.1946
43211,6.0016130,5.2838,5.7907,14,8.1946
43212,6.0017380,5.2915,5.7907,14,8.1946
43213,6.0018631,5.2838,5.7907,14,8.1869
43214,6.0019881,5.2838,5.7907,14,8.1946
43215,6.0021130,5.2838,5.7907,14,8.1946
43216,6.0022380,5.2915,5.7907,14,8.1946
43217,6.0023631,5.2838,5.7907,14,8.1946
43218,6.0024881,5.2838,5.7907,14,8.1946
43219,6.0026130,5.2838,5.7907,14,8.1946
43220,6.0027380,5.2915,5.7907,14,8.1946
43221,6.0028631,5.2838,5.7907,14,8.1946
43222,6.0029881,5.2838,5.7907,14,8.1946
43223,6.0031130,5.2838,5.7907,14,8.1946
43224,6.0032380,5.2915,5.7907,14,8.1946
43225,6.0033631,5.2838,5.7907,14,8.1946
43226,6.0034881,5.2838,5.7907,14,8.1946
43227,6.0036130,5.2838,5.7907,14,8.1946
43228,6.0037380,5.2915,5.7907,14,8.1946
43229,6.0038631,5.2838,5.7907,14,8.1946
43230,6.0039881,5.2838,5.7907,14,8.1946
43231,6.0041130,5.2838,5.7907,14,8.1946
43232,6.0042380,5.2915,5.7907,14,8.1946
43233,6.0043631,5.2838,5.7907,14,8.1946
43234,6.0044881,5.2838,5.7907,14,8.1946
43235,6.0046130,5.2838,5.7907,14,8.1946
43236,6.0047380,5.2915,5.7907,14,8.1946
43237,6.0048631,5.2838,5.7907,14,8.1946
43238,6.0049881,5.2838,5.7907,14,8.1946
43239,6.0051130,5.2838,5.7907,14,8.1946
43240,6.0052380,5.2915,5.7907,14,8.1946
43241,6.0053631,5.2838,5.7907,14,8.1946
43242,6.0054881,5.2838,5.7907,14,8.1946
43243,6.0056130,5.2838,5.7907,14,8.1946
43244,6.0057380,5.2915,5.7907,14,8.1946
43245,6.0058631,5.2838,5.7907,14,8.1946
43246,6.0059881,5.2838,5.7907,14,8.1946
43247,6.0061130,5.2838,5.7907,14,8.1946
43248,6.0062380,5.2915,5.7907,14,8.1946
43249,6.0063631,5.2838,5.7907,14,8.1946
43250,6.0064881,5.2838,5.7907,14,8.1946
43251,6.0066130,5.2915,5.7907,14,8.1946
43252,6.0067380,5.2915,5.7907,14,8.1946
43253,6.0068631,5.2838,5.7907,14,8.1946
43254,6.0069881,5.2838,5.7907,14,8.1946
43255,6.0071130,5.2915,5.7907,14,8.1946
43256,6.0072380,5.2915,5.7907,14,8.1946
43257,6.0073631,5.2838,5.7907,14,8.1946
43258,6.0074881,5.2838,5.7907,14,8.1946
43259,6.0076130,5.2915,5.7907,14,8.1946
43260,6.0077380,5.2915,5.7907,14,8.1946
43261,6.0078631,5.2838,5.7907,14,8.1946
43262,6.0079881,5.2838,5.7907,14,8.1946
43263,6.0081130,5.2915,5.7907,14,8.1946
43264,6.0082382,5.2838,5.7907,14,8.1869
43265,6.0083631,5.2838,5.7907,14,8.1946
43266,6.0084881,5.2838,5.7907,14,8.1946
43267,6.0086130,5.2915,5.7907,14,8.1946
43268,6.0087382,5.2838,5.7907,14,8.1869
43269,6.0088631,5.2838,5.7907,14,8.1946
43270,6.0089881,5.2838,5.7907,14,8.1946
43271,6.0091130,5.2915,5.7907,14,8.1946
43272,6.0092382,5.2838,5.7907,14,8.1869
43273,6.0093631,5.2838,5.7907,14,8.1946
43274,6.0094881,5.2838,5.7907,14,8.1946
43275,6.0096130,5.2915,5.7907,14,8.1946
43276,6.0097382,5.2838,5.7907,14,8.1869
43277,6.0098631,5.2838,5.7907,14,8.1946
43278,6.0099881,5.2838,5.7907,14,8.1946
43279,6.0101130,5.2915,5.7907,14,8.1946
43280,6.0102382,5.2838,5.7907,14,8.1946
43281,6.0103631,5.2838,5.7907,14,8.1946
43282,6.0104881,5.2838,5.7907,14,8.1946
43283,6.0106130,5.2915,5.7907,14,8.1946
43284,6.0107382,5.2838,5.7907,14,8.1946
43285,6.0108631,5.2838,5.7907,14,8.1946
43286,6.0109881,5.2838,5.7907,14,8.1946
43287,6.0111130,5.2915,5.7907,14,8.1946
43288,6.0112382,5.2838,5.7907,14,8.1946
43289,6.0113631,5.2838,5.7907,14,8.1946
43290,6.0114881,5.2838,5.7907,14,8.1946
43291,6.0116130,5.2915,5.7907,14,8.1946
43292,6.0117382,5.2838,5.7907,14,8.1946
43293,6.0118631,5.2838,5.7907,14,8.1946
43294,6.0119881,5.2838,5.7907,14,8.1946
43295,6.0121130,5.2915,5.7907,14,8.1946
43296,6.0122382,5.2838,5.7907,14,8.1946
43297,6.0123631,5.2838,5.7907,14,8.1946
43298,6.0124881,5.2838,5.7907,14,8.1946
43299,6.0126130,5.2915,5.7907,14,8.1946
43300,6.0127382,5.2838,5.7907,14,8.1946
43301,6.0128631,5.2838,5.7907,14,8.1946
43302,6.0129881,5.2838,5.7907,14,8.1946
43303,6.0131130,5.2915,5.7907,14,8.1946
43304,6.0132382,5.2838,5.7907,14,8.1946
43305,6.0133631,5.2838,5.7907,14,8.1946
43306,6.0134881,5.2838,5.7907,14,8.1946
43307,6.0136130,5.2915,5.7907,14,8.1946
43308,6.0137382,5.2838,5.7907,14,8.1946
43309,6.0138631,5.2838,5.7907,14,8.1946
43310,6.0139881,5.2838,5.7907,14,8.1946
43311,6.0141130,5.2915,5.7907,14,8.1946
43312,6.0142382,5.2838,5.7907,14,8.1946
43313,6.0143631,5.2838,5.7907,14,8.1946
43314,6.0144881,5.2915,5.7907,14,8.1946
43315,6.0146130,5.2915,5.7907,14,8.1946
43316,6.0147382,5.2838,5.7907,14,8.1946
43317,6.0148631,5.2838,5.7907,14,8.1946
43318,6.0149881,5.2915,5.7907,14,8.1946
43319,6.0151130,5.2915,5.7907,14,8.1946
43320,6.0152382,5.2838,5.7907,14,8.1946
43321,6.0153631,5.2838,5.7907,14,8.1946
43322,6.0154881,5.2915,5.7907,14,8.1946
43323,6.0156130,5.2915,5.7907,14,8.1946
43324,6.0157382,5.2838,5.7907,14,8.1946
43325,6.0158631,5.2838,5.7907,14,8.1946
43326,6.0159881,5.2915,5.7907,14,8.1946
43327,6.0161132,5.2838,5.7907,14,8.1869
43328,6.0162382,5.2838,5.7907,14,8.1946
43329,6.0163631,5.2838,5.7907,14,8.1946
43330,6.0164881,5.2915,5.7907,14,8.1946
43331,6.0166132,5.2838,5.7907,14,8.1869
43332,6.0167382,5.2838,5.7907,14,8.1946
43333,6.0168631,5.2838,5.7907,14,8.1946
43334,6.0169881,5.2915,5.7907,14,8.1946
43335,6.0171132,5.2838,5.7907,14,8.1869
43336,6.0172382,5.2838,5.7907,14,8.1946
43337,6.0173631,5.2838,5.7907,14,8.1946
43338,6.0174881,5.2915,5.7907,14,8.1946
43339,6.0176132,5.2838,5.7907,14,8.1869
43340,6.0177382,5.2838,5.7907,14,8.1946
43341,6.0178631,5.2838,5.7907,14,8.1946
43342,6.0179881,5.2915,5.7907,14,8.1946
43343,6.0181132,5.2838,5.7907,14,8.1869
43344,6.0182382,5.2838,5.7907,14,8.1946
43345,6.0183631,5.2838,5.7907,14,8.1946
43346,6.0184881,5.2915,5.7907,14,8.1946
43347,6.0186132,5.2838,5.7907,14,8.1946
43348,6.0187382,5.2838,5.7907,14,8.1946
43349,6.0188631,5.2838,5.7907,14,8.1946
43350,6.0189881,5.2915,5.7907,14,8.1946
43351,6.0191132,5.2838,5.7907,14,8.1946
43352,6.0192382,5.2838,5.7907,14,8.1946
43353,6.0193631,5.2838,5.7907,14,8.1946
43354,6.0194881,5.2915,5.7907,14,8.1946
43355,6.0196132,5.2838,5.7907,14,8.1946
43356,6.0197382,5.2838,5.7907,14,8.1946
43357,6.0198631,5.2838,5.7907,14,8.1946
43358,6.0199881,5.2915,5.7907,14,8.1946
43359,6.0201132,5.2838,5.7907,14,8.1946
43360,6.0202382,5.2838,5.7907,14,8.1946
43361,6.0203631,5.2838,5.7907,14,8.1946
43362,6.0204881,5.2915,5.7907,14,8.1946
43363,6.0206132,5.2838,5.7907,14,8.1946
43364,6.0207382,5.2838,5.7907,14,8.1946
43365,6.0208631,5.2838,5.7907,14,8.1946
43366,6.0209881,5.2915,5.7907,14,8.1946
43367,6.0211132,5.2838,5.7907,14,8.1946
43368,6.0212382,5.2838,5.7907,14,8.1946
43369,6.0213631,5.2838,5.7907,14,8.1946
43370,6.0214881,5.2915,5.7907,14,8.1946
43371,6.0216132,5.2838,5.7907,14,8.1946
43372,6.0217382,5.2838,5.7907,14,8.1946
43373,6.0218631,5.2838,5.7907,14,8.1946
43374,6.0219881,5.2915,5.7907,14,8.1946
43375,6.0221132,5.2838,5.7907,14,8.1946
43376,6.0222382,5.2838,5.7907,14,8.1946
43377,6.0223631,5.2915,5.7907,14,8.1946
43378,6.0224881,5.2915,5.7907,14,8.1946
43379,6.0226132,5.2838,5.7907,14,8.1946
43380,6.0227382,5.2838,5.7907,14,8.1946
43381,6.0228631,5.2915,5.7907,14,8.1946
43382,6.0229881,5.2915,5.7907,14,8.1946
43383,6.0231132,5.2838,5.7907,14,8.1946
43384,6.0232382,5.2838,5.7907,14,8.1946
43385,6.0233631,5.2915,5.7907,14,8.1946
43386,6.0234881,5.2915,5.7907,14,8.1946
43387,6.0236132,5.2838,5.7907,14,8.1946
43388,6.0237382,5.2838,5.7907,14,8.1946
43389,6.0238631,5.2915,5.7907,14,8.1946
43390,6.0239882,5.2838,5.7907,14,8.1869
43391,6.0241132,5.2838,5.7907,14,8.1946
43392,6.0242382,5.2838,5.7907,14,8.1946
43393,6.0243631,5.2915,5.7907,14,8.1946
43394,6.0244882,5.2838,5.7907,14,8.1869
43395,6.0246132,5.2838,5.7907,14,8.1946
43396,6.0247382,5.2838,5.7907,14,8.1946
43397,6.0248631,5.2915,5.7907,14,8.1946
43398,6.0249882,5.2838,5.7907,14,8.1869
43399,6.0251132,5.2838,5.7907,14,8.1946
43400,6.0252382,5.2838,5.7907,14,8.1946
43401,6.0253631,5.2915,5.7907,14,8.1946
43402,6.0254882,5.2838,5.7907,14,8.1869
43403,6.0256132,5.2838,5.7907,14,8.1946
43404,6.0257382,5.2838,5.7907,14,8.1946
43405,6.0258631,5.2915,5.7907,14,8.1946
43406,6.0259882,5.2838,5.7907,14,8.1869
43407,6.0261132,5.2838,5.7907,14,8.1946
43408,6.0262382,5.2838,5.7907,14,8.1946
43409,6.0263631,5.2915,5.7907,14,8.1946
43410,6.0264882,5.2838,5.7907,14,8.1946
43411,6.0266132,5.2838,5.7907,14,8.1946
43412,6.0267382,5.2838,5.7907,14,8.1946
43413,6.0268631,5.2915,5.7907,14,8.1946
43414,6.0269882,5.2838,5.7907,14,8.1946
43415,6.0271132,5.2838,5.7907,14,8.1946
43416,6.0272382,5.2838,5.7907,14,8.1946
43417,6.0273631,5.2915,5.7907,14,8.1946
43418,6.0274882,5.2838,5.7907,14,8.1946
43419,6.0276132,5.2838,5.7907,14,8.1946
43420,6.0277382,5.2838,5.7907,14,8.1946
43421,6.0278631,5.2915,5.7907,14,8.1946
43422,6.0279882,5.2838,5.7907,14,8.1946
43423,6.0281132,5.2838,5.7907,14,8.1946
43424,6.0282382,5.2838,5.7907,14,8.1946
43425,6.0283631,5.2915,5.7907,14,8.1946
43426,6.0284882,5.2838,5.7907,14,8.1946
43427,6.0286132,5.2838,5.7907,14,8.1946
43428,6.0287382,5.2838,5.7907,14,8.1946
43429,6.0288631,5.2915,5.7907,14,8.1946
43430,6.0289882,5.2838,5.7907,14,8.1946
43431,6.0291132,5.2838,5.7907,14,8.1946
43432,6.0292382,5.2838,5.7907,14,8.1946
43433,6.0293631,5.2915,5.7907,14,8.1946
43434,6.0294882,5.2838,5.7907,14,8.1946
43435,6.0296132,5.2838,5.7907,14,8.1946
43436,6.0297382,5.2838,5.7907,14,8.1946
43437,6.0298631,5.2915,5.7907,14,8.1946
43438,6.0299882,5.2838,5.7907,14,8.1946
43439,6.0301132,5.2838,5.7907,14,8.1946
43440,6.0302382,5.2915,5.7907,14,8.1946
43441,6.0303631,5.2915,5.7907,14,8.1946
43442,6.0304882,5.2838,5.7907,14,8.1946
43443,6.0306132,5.2838,5.7907,14,8.1946
43444,6.0307382,5.2915,5.7907,14,8.1946
43445,6.0308631,5.2915,5.7907,14,8.1946
43446,6.0309882,5.2838,5.7907,14,8.1946
43447,6.0311132,5.2838,5.7907,14,8.1946
43448,6.0312382,5.2915,5.7907,14,8.1946
43449,6.0313631,5.2915,5.7907,14,8.1946
43450,6.0314882,5.2838,5.7907,14,8.1946
43451,6.0316132,5.2838,5.7907,14,8.1946
43452,6.0317382,5.2915,5.7907,14,8.1946
43453,6.0318633,5.2838,5.7907,14,8.1869
43454,6.0319882,5.2838,5.7907,14,8.1946
43455,6.0321132,5.2838,5.7907,14,8.1946
43456,6.0322382,5.2915,5.7907,14,8.1946
43457,6.0323633,5.2838,5.7907,14,8.1869
43458,6.0324882,5.2838,5.7907,14,8.1946
43459,6.0326132,5.2838,5.7907,14,8.1946
43460,6.0327382,5.2915,5.7907,14,8.1946
43461,6.0328633,5.2838,5.7907,14,8.1869
43462,6.0329882,5.2838,5.7907,14,8.1946
43463,6.0331132,5.2838,5.7907,14,8.1946
43464,6.0332382,5.2915,5.7907,14,8.1946
43465,6.0333633,5.2838,5.7907,14,8.1869
43466,6.0334882,5.2838,5.7907,14,8.1946
43467,6.0336132,5.2838,5.7907,14,8.1946
43468,6.0337382,5.2915,5.7907,14,8.1946
43469,6.0338633,5.2838,5.7907,14,8.1869
43470,6.0339882,5.2838,5.7907,14,8.1946
43471,6.0341132,5.2838,5.7907,14,8.1946
43472,6.0342382,5.2915,5.7907,14,8.1946
43473,6.0343633,5.2838,5.7907,14,8.1946
43474,6.0344882,5.2838,5.7907,14,8.1946
43475,6.0346132,5.2838,5.7907,14,8.1946
43476,6.0347382,5.2915,5.7907,14,8.1946
43477,6.0348633,5.2838,5.7907,14,8.1946
43478,6.0349882,5.2838,5.7907,14,8.1946
43479,6.0351132,5.2838,5.7907,14,8.1946
43480,6.0352382,5.2915,5.7907,14,8.1946
43481,6.0353633,5.2838,5.7907,14,8.1946
43482,6.0354882,5.2838,5.7907,14,8.1946
43483,6.0356132,5.2838,5.7907,14,8.1946
43484,6.0357382,5.2915,5.7907,14,8.1946
43485,6.0358633,5.2838,5.7907,14,8.1946
43486,6.0359882,5.2838,5.7907,14,8.1946
43487,6.0361132,5.2838,5.7907,14,8.1946
43488,6.0362382,5.2915,5.7907,14,8.1946
43489,6.0363633,5.2838,5.7907,14,8.1946
43490,6.0364882,5.2838,5.7907,14,8.1946
43491,6.0366132,5.2838,5.7907,14,8.1946
43492,6.0367382,5.2915,5.7907,14,8.1946
43493,6.0368633,5.2838,5.7907,14,8.1946
43494,6.0369882,5.2838,5.7907,14,8.1946
43495,6.0371132,5.2838,5.7907,14,8.1946
43496,6.0372382,5.2915,5.7907,14,8.1946
43497,6.0373633,5.2838,5.7907,14,8.1946
43498,6.0374882,5.2838,5.7907,14,8.1946
43499,6.0376132,5.2838,5.7907,14,8.1946
43500,6.0377382,5.2915,5.7907,14,8.1946
43501,6.0378633,5.2838,5.7907,14,8.1946
43502,6.0379882,5.2838,5.7907,14,8.1946
43503,6.0381132,5.2915,5.7907,14,8.1946
43504,6.0382382,5.2915,5.7907,14,8.1946
43505,6.0383633,5.2838,5.7907,14,8.1946
43506,6.0384882,5.2838,5.7907,14,8.1946
43507,6.0386132,5.2915,5.7907,14,8.1946
43508,6.0387382,5.2915,5.7907,14,8.1946
43509,6.0388633,5.2838,5.7907,14,8.1946
43510,6.0389882,5.2838,5.7907,14,8.1946
43511,6.0391132,5.2915,5.7907,14,8.1946
43512,6.0392382,5.2915,5.7907,14,8.1946
43513,6.0393633,5.2838,5.7907,14,8.1946
43514,6.0394882,5.2838,5.7907,14,8.1946
43515,6.0396132,5.2915,5.7907,14,8.1946
43516,6.0397383,5.2838,5.7907,14,8.1869
43517,6.0398633,5.2838,5.7907,14,8.1946
43518,6.0399882,5.2838,5.7907,14,8.1946
43519,6.0401132,5.2915,5.7907,14,8.1946
43520,6.0402383,5.2838,5.7907,14,8.1869
43521,6.0403633,5.2838,5.7907,14,8.1946
43522,6.0404882,5.2838,5.7907,14,8.1946
43523,6.0406132,5.2915,5.7907,14,8.1946
43524,6.0407383,5.2838,5.7907,14,8.1869
43525,6.0408633,5.2838,5.7907,14,8.1946
43526,6.0409882,5.2838,5.7907,14,8.1946
43527,6.0411132,5.2915,5.7907,14,8.1946
43528,6.0412383,5.2838,5.7907,14,8.1869
43529,6.0413633,5.2838,5.7907,14,8.1946
43530,6.0414882,5.2838,5.7907,14,8.1946
43531,6.0416132,5.2915,5.7907,14,8.1946
43532,6.0417383,5.2838,5.7907,14,8.1869
43533,6.0418633,5.2838,5.7907,14,8.1946
43534,6.0419882,5.2838,5.7907,14,8.1946
43535,6.0421132,5.2915,5.7907,14,8.1946
43536,6.0422383,5.2838,5.7907,14,8.1946
43537,6.0423633,5.2838,5.7907,14,8.1946
43538,6.0424882,5.2838,5.7907,14,8.1946
43539,6.0426132,5.2915,5.7907,14,8.1946
43540,6.0427383,5.2838,5.7907,14,8.1946
43541,6.0428633,5.2838,5.7907,14,8.1946
43542,6.0429882,5.2838,5.7907,14,8.1946
43543,6.0431132,5.2915,5.7907,14,8.1946
43544,6.0432383,5.2838,5.7907,14,8.1946
43545,6.0433633,5.2838,5.7907,14,8.1946
43546,6.0434882,5.2838,5.7907,14,8.1946
43547,6.0436132,5.2915,5.7907,14,8.1946
43548,6.0437383,5.2838,5.7907,14,8.1946
43549,6.0438633,5.2838,5.7907,14,8.1946
43550,6.0439882,5.2838,5.7907,14,8.1946
43551,6.0441132,5.2915,5.7907,14,8.1946
43552,6.0442383,5.2838,5.7907,14,8.1946
43553,6.0443633,5.2838,5.7907,14,8.1946
43554,6.0444882,5.2838,5.7907,14,8.1946
43555,6.0446132,5.2915,5.7907,14,8.1946
43556,6.0447383,5.2838,5.7907,14,8.1946
43557,6.0448633,5.2838,5.7907,14,8.1946
43558,6.0449882,5.2838,5.7907,14,8.1946
43559,6.0451132,5.2915,5.7907,14,8.1946
43560,6.0452383,5.2838,5.7907,14,8.1946
43561,6.0453633,5.2838,5.7907,14,8.1946
43562,6.0454882,5.2838,5.7907,14,8.1946
43563,6.0456132,5.2915,5.7907,14,8.1946
43564,6.0457383,5.2838,5.7907,14,8.1946
43565,6.0458633,5.2838,5.7907,14,8.1946
43566,6.0459882,5.2915,5.7907,14,8.1946
43567,6.0461132,5.2915,5.7907,14,8.1946
43568,6.0462383,5.2838,5.7907,14,8.1946
43569,6.0463633,5.2838,5.7907,14,8.1946
43570,6.0464882,5.2915,5.7907,14,8.1946
43571,6.0466132,5.2915,5.7907,14,8.1946
43572,6.0467383,5.2838,5.7907,14,8.1946
43573,6.0468633,5.2838,5.7907,14,8.1946
43574,6.0469882,5.2915,5.7907,14,8.1946
43575,6.0471132,5.2915,5.7907,14,8.1946
43576,6.0472383,5.2838,5.7907,14,8.1946
43577,6.0473633,5.2838,5.7907,14,8.1946
43578,6.0474882,5.2915,5.7907,14,8.1946
43579,6.0476134,5.2838,5.7907,14,8.1869
43580,6.0477383,5.2838,5.7907,14,8.1946
43581,6.0478633,5.2838,5.7907,14,8.1946
43582,6.0479882,5.2915,5.7907,14,8.1946
43583,6.0481134,5.2838,5.7907,14,8.1869
43584,6.0482383,5.2838,5.7907,14,8.1946
43585,6.0483633,5.2838,5.7907,14,8.1946
43586,6.0484882,5.2915,5.7907,14,8.1946
43587,6.0486134,5.2838,5.7907,14,8.1869
43588,6.0487383,5.2838,5.7907,14,8.1946
43589,6.0488633,5.2838,5.7907,14,8.1946
43590,6.0489882,5.2915,5.7907,14,8.1946
43591,6.0491134,5.2838,5.7907,14,8.1869
43592,6.0492383,5.2838,5.7907,14,8.1946
43593,6.0493633,5.2838,5.7907,14,8.1946
43594,6.0494882,5.2915,5.7907,14,8.1946
43595,6.0496134,5.2838,5.7907,14,8.1869
43596,6.0497383,5.2838,5.7907,14,8.1946
43597,6.0498633,5.2838,5.7907,14,8.1946
43598,6.0499882,5.2915,5.7907,14,8.1946
43599,6.0501134,5.2838,5.7907,14,8.1946
43600,6.0502383,5.2838,5.7907,14,8.1946
43601,6.0503633,5.2838,5.7907,14,8.1946
43602,6.0504882,5.2915,5.7907,14,8.1946
43603,6.0506134,5.2838,5.7907,14,8.1946
43604,6.0507383,5.2838,5.7907,14,8.1946
43605,6.0508633,5.2838,5.7907,14,8.1946
43606,6.0509882,5.2915,5.7907,14,8.1946
43607,6.0511134,5.2838,5.7907,14,8.1946
43608,6.0512383,5.2838,5.7907,14,8.1946
43609,6.0513633,5.2838,5.7907,14,8.1946
43610,6.0514882,5.2915,5.7907,14,8.1946
43611,6.0516134,5.2838,5.7907,14,8.1946
43612,6.0517383,5.2838,5.7907,14,8.1946
43613,6.0518633,5.2838,5.7907,14,8.1946
43614,6.0519882,5.2915,5.7907,14,8.1946
43615,6.0521134,5.2838,5.7907,14,8.1946
43616,6.0522383,5.2838,5.7907,14,8.1946
43617,6.0523633,5.2838,5.7907,14,8.1946
43618,6.0524882,5.2915,5.7907,14,8.1946
43619,6.0526134,5.2838,5.7907,14,8.1946
43620,6.0527383,5.2838,5.7907,14,8.1946
43621,6.0528633,5.2838,5.7907,14,8.1946
43622,6.0529882,5.2915,5.7907,14,8.1946
43623,6.0531134,5.2838,5.7907,14,8.1946
43624,6.0532383,5.2838,5.7907,14,8.1946
43625,6.0533633,5.2838,5.7907,14,8.1946
43626,6.0534882,5.2915,5.7907,14,8.1946
43627,6.0536134,5.2838,5.7907,14,8.1946
43628,6.0537383,5.2838,5.7907,14,8.1946
43629,6.0538633,5.2915,5.7907,14,8.1946
43630,6.0539882,5.2915,5.7907,14,8.1946
43631,6.0541134,5.2838,5.7907,14,8.1946
43632,6.0542383,5.2838,5.7907,14,8.1946
43633,6.0543633,5.2915,5.7907,14,8.1946
43634,6.0544882,5.2915,5.7907,14,8.1946
43635,6.0546134,5.2838,5.7907,14,8.1946
43636,6.0547383,5.2838,5.7907,14,8.1946
43637,6.0548633,5.2915,5.7907,14,8.1946
43638,6.0549882,5.2915,5.7907,14,8.1946
43639,6.0551134,5.2838,5.7907,14,8.1946
43640,6.0552383,5.2838,5.7907,14,8.1946
43641,6.0553633,5.2915,5.7907,14,8.1946
43642,6.0554884,5.2838,5.7907,14,8.1869
43643,6.0556134,5.2838,5.7907,14,8.1946
43644,6.0557383,5.2838,5.7907,14,8.1946
43645,6.0558633,5.2915,5.7907,14,8.1946
43646,6.0559884,5.2838,5.7907,14,8.1869
43647,6.0561134,5.2838,5.7907,14,8.1946
43648,6.0562383,5.2838,5.7907,14,8.1946
43649,6.0563633,5.2915,5.7907,14,8.1946
43650,6.0564884,5.2838,5.7907,14,8.1869
43651,6.0566134,5.2838,5.7907,14,8.1946
43652,6.0567383,5.2838,5.7907,14,8.1946
43653,6.0568633,5.2915,5.7907,14,8.1946
43654,6.0569884,5.2838,5.7907,14,8.1869
43655,6.0571134,5.2838,5.7907,14,8.1946
43656,6.0572383,5.2838,5.7907,14,8.1946
43657,6.0573633,5.2915,5.7907,14,8.1946
43658,6.0574884,5.2838,5.7907,14,8.1869
43659,6.0576134,5.2838,5.7907,14,8.1946
43660,6.0577383,5.2838,5.7907,14,8.1946
43661,6.0578633,5.2915,5.7907,14,8.1946
43662,6.0579884,5.2838,5.7907,14,8.1946
43663,6.0581134,5.2838,5.7907,14,8.1946
43664,6.0582383,5.2838,5.7907,14,8.1946
43665,6.0583633,5.2915,5.7907,14,8.1946
43666,6.0584884,5.2838,5.7907,14,8.1946
43667,6.0586134,5.2838,5.7907,14,8.1946
43668,6.0587383,5.2838,5.7907,14,8.1946
43669,6.0588633,5.2915,5.7907,14,8.1946
43670,6.0589884,5.2838,5.7907,14,8.1946
43671,6.0591134,5.2838,5.7907,14,8.1946
43672,6.0592383,5.2838,5.7907,14,8.1946
43673,6.0593633,5.2915,5.7907,14,8.1946
43674,6.0594884,5.2838,5.7907,14,8.1946
43675,6.0596134,5.2838,5.7907,14,8.1946
43676,6.0597383,5.2838,5.7907,14,8.1946
43677,6.0598633,5.2915,5.7907,14,8.1946
43678,6.0599884,5.2838,5.7907,14,8.1946
43679,6.0601134,5.2838,5.7907,14,8.1946
43680,6.0602383,5.2838,5.7907,14,8.1946
43681,6.0603633,5.2915,5.7907,14,8.1946
43682,6.0604884,5.2838,5.7907,14,8.1946
43683,6.0606134,5.2838,5.7907,14,8.1946
43684,6.0607383,5.2838,5.7907,14,8.1946
43685,6.0608633,5.2915,5.7907,14,8.1946
43686,6.0609884,5.2838,5.7907,14,8.1946
43687,6.0611134,5.2838,5.7907,14,8.1946
43688,6.0612383,5.2838,5.7907,14,8.1946
43689,6.0613633,5.2915,5.7907,14,8.1946
43690,6.0614884,5.2838,5.7907,14,8.1946
43691,6.0616134,5.2838,5.7907,14,8.1946
43692,6.0617383,5.2915,5.7907,14,8.1946
43693,6.0618633,5.2915,5.7907,14,8.1946
43694,6.0619884,5.2838,5.7907,14,8.1946
43695,6.0621134,5.2838,5.7907,14,8.1946
43696,6.0622383,5.2915,5.7907,14,8.1946
43697,6.0623633,5.2915,5.7907,14,8.1946
43698,6.0624884,5.2838,5.7907,14,8.1946
43699,6.0626134,5.2838,5.7907,14,8.1946
43700,6.0627383,5.2915,5.7907,14,8.1946
43701,6.0628633,5.2915,5.7907,14,8.1946
43702,6.0629884,5.2838,5.7907,14,8.1946
43703,6.0631134,5.2838,5.7907,14,8.1946
43704,6.0632383,5.2915,5.7907,14,8.1946
43705,6.0633634,5.2838,5.7907,14,8.1869
43706,6.0634884,5.2838,5.7907,14,8.1946
43707,6.0636134,5.2838,5.7907,14,8.1946
43708,6.0637383,5.2915,5.7907,14,8.1946
43709,6.0638634,5.2838,5.7907,14,8.1869
43710,6.0639884,5.2838,5.7907,14,8.1946
43711,6.0641134,5.2838,5.7907,14,8.1946
43712,6.0642383,5.2915,5.7907,14,8.1946
43713,6.0643634,5.2838,5.7907,14,8.1869
43714,6.0644884,5.2838,5.7907,14,8.1946
43715,6.0646134,5.2838,5.7907,14,8.1946
43716,6.0647383,5.2915,5.7907,14,8.1946
43717,6.0648634,5.2838,5.7907,14,8.1869
43718,6.0649884,5.2838,5.7907,14,8.1946
43719,6.0651134,5.2838,5.7907,14,8.1946
43720,6.0652383,5.2915,5.7907,14,8.1946
43721,6.0653634,5.2838,5.7907,14,8.1869
43722,6.0654884,5.2838,5.7907,14,8.1946
43723,6.0656134,5.2838,5.7907,14,8.1946
43724,6.0657383,5.2915,5.7907,14,8.1946
43725,6.0658634,5.2838,5.7907,14,8.1946
43726,6.0659884,5.2838,5.7907,14,8.1946
43727,6.0661134,5.2838,5.7907,14,8.1946
43728,6.0662383,5.2915,5.7907,14,8.1946
43729,6.0663634,5.2838,5.7907,14,8.1946
43730,6.0664884,5.2838,5.7907,14,8.1946
43731,6.0666134,5.2838,5.7907,14,8.1946
43732,6.0667383,5.2915,5.7907,14,8.1946
43733,6.0668634,5.2838,5.7907,14,8.1946
43734,6.0669884,5.2838,5.7907,14,8.1946
43735,6.0671134,5.2838,5.7907,14,8.1946
43736,6.0672383,5.2915,5.7907,14,8.1946
43737,6.0673634,5.2838,5.7907,14,8.1946
43738,6.0674884,5.2838,5.7907,14,8.1946
43739,6.0676134,5.2838,5.7907,14,8.1946
43740,6.0677383,5.2915,5.7907,14,8.1946
43741,6.0678634,5.2838,5.7907,14,8.1946
43742,6.0679884,5.2838,5.7907,14,8.1946
43743,6.0681134,5.2838,5.7907,14,8.1946
43744,6.0682383,5.2915,5.7907,14,8.1946
43745,6.0683634,5.2838,5.7907,14,8.1946
43746,6.0684884,5.2838,5.7907,14,8.1946
43747,6.0686134,5.2838,5.7907,14,8.1946
43748,6.0687383,5.2915,5.7907,14,8.1946
43749,6.0688634,5.2838,5.7907,14,8.1946
43750,6.0689884,5.2838,5.7907,14,8.1946
43751,6.0691134,5.2838,5.7907,14,8.1946
43752,6.0692383,5.2915,5.7907,14,8.1946
43753,6.0693634,5.2838,5.7907,14,8.1946
43754,6.0694884,5.2838,5.7907,14,8.1946
43755,6.0696134,5.2915,5.7907,14,8.1946
43756,6.0697383,5.2915,5.7907,14,8.1946
43757,6.0698634,5.2838,5.7907,14,8.1946
43758,6.0699884,5.2838,5.7907,14,8.1946
43759,6.0701134,5.2915,5.7907,14,8.1946
43760,6.0702383,5.2915,5.7907,14,8.1946
43761,6.0703634,5.2838,5.7907,14,8.1946
43762,6.0704884,5.2838,5.7907,14,8.1946
43763,6.0706134,5.2915,5.7907,14,8.1946
43764,6.0707383,5.2915,5.7907,14,8.1946
43765,6.0708634,5.2838,5.7907,14,8.1946
43766,6.0709884,5.2838,5.7907,14,8.1946
43767,6.0711134,5.2915,5.7907,14,8.1946
43768,6.0712385,5.2838,5.7907,14,8.1869
43769,6.0713634,5.2838,5.7907,14,8.1946
43770,6.0714884,5.2838,5.7907,14,8.1946
43771,6.0716134,5.2915,5.7907,14,8.1946
43772,6.0717385,5.2838,5.7907,14,8.1869
43773,6.0718634,5.2838,5.7907,14,8.1946
43774,6.0719884,5.2838,5.7907,14,8.1946
43775,6.0721134,5.2915,5.7907,14,8.1946
43776,6.0722385,5.2838,5.7907,14,8.1869
43777,6.0723634,5.2838,5.7907,14,8.1946
43778,6.0724884,5.2838,5.7907,14,8.1946
43779,6.0726134,5.2915,5.7907,14,8.1946
43780,6.0727385,5.2838,5.7907,14,8.1869
43781,6.0728634,5.2838,5.7907,14,8.1946
43782,6.0729884,5.2838,5.7907,14,8.1946
43783,6.0731134,5.2915,5.7907,14,8.1946
43784,6.0732385,5.2838,5.7907,14,8.1869
43785,6.0733634,5.2838,5.7907,14,8.1946
43786,6.0734884,5.2838,5.7907,14,8.1946
43787,6.0736134,5.2915,5.7907,14,8.1946
43788,6.0737385,5.2838,5.7907,14,8.1946
43789,6.0738634,5.2838,5.7907,14,8.1946
43790,6.0739884,5.2838,5.7907,14,8.1946
43791,6.0741134,5.2915,5.7907,14,8.1946
43792,6.0742385,5.2838,5.7907,14,8.1946
43793,6.0743634,5.2838,5.7907,14,8.1946
43794,6.0744884,5.2838,5.7907,14,8.1946
43795,6.0746134,5.2915,5.7907,14,8.1946
43796,6.0747385,5.2838,5.7907,14,8.1946
43797,6.0748634,5.2838,5.7907,14,8.1946
43798,6.0749884,5.2838,5.7907,14,8.1946
43799,6.0751134,5.2915,5.7907,14,8.1946
43800,6.0752385,5.2838,5.7907,14,8.1946
43801,6.0753634,5.2838,5.7907,14,8.1946
43802,6.0754884,5.2838,5.7907,14,8.1946
43803,6.0756134,5.2915,5.7907,14,8.1946
43804,6.0757385,5.2838,5.7907,14,8.1946
43805,6.0758634,5.2838,5.7907,14,8.1946
43806,6.0759884,5.2838,5.7907,14,8.1946
43807,6.0761134,5.2915,5.7907,14,8.1946
43808,6.0762385,5.2838,5.7907,14,8.1946
43809,6.0763634,5.2838,5.7907,14,8.1946
43810,6.0764884,5.2838,5.7907,14,8.1946
43811,6.0766134,5.2915,5.7907,14,8.1946
43812,6.0767385,5.2838,5.7907,14,8.1946
43813,6.0768634,5.2838,5.7907,14,8.1946
43814,6.0769884,5.2838,5.7907,14,8.1946
43815,6.0771134,5.2915,5.7907,14,8.1946
43816,6.0772385,5.2838,5.7907,14,8.1946
43817,6.0773634,5.2838,5.7907,14,8.1946
43818,6.0774884,5.2915,5.7907,14,8.1946
43819,6.0776134,5.2915,5.7907,14,8.1946
43820,6.0777385,5.2838,5.7907,14,8.1946
43821,6.0778634,5.2838,5.7907,14,8.1946
43822,6.0779884,5.2915,5.7907,14,8.1946
43823,6.0781134,5.2915,5.7907,14,8.1946
43824,6.0782385,5.2838,5.7907,14,8.1946
43825,6.0783634,5.2838,5.7907,14,8.1946
43826,6.0784884,5.2915,5.7907,14,8.1946
43827,6.0786134,5.2915,5.7907,14,8.1946
43828,6.0787385,5.2838,5.7907,14,8.1946
43829,6.0788634,5.2838,5.7907,14,8.1946
43830,6.0789884,5.2915,5.7907,14,8.1946
43831,6.0791135,5.2838,5.7907,14,8.1869
43832,6.0792385,5.2838,5.7907,14,8.1946
43833,6.0793634,5.2838,5.7907,14,8.1946
43834,6.0794884,5.2915,5.7907,14,8.1946
43835,6.0796135,5.2838,5.7907,14,8.1869
43836,6.0797385,5.2838,5.7907,14,8.1946
43837,6.0798634,5.2838,5.7907,14,8.1946
43838,6.0799884,5.2915,5.7907,14,8.1946
43839,6.0801135,5.2838,5.7907,14,8.1869
43840,6.0802385,5.2838,5.7907,14,8.1946
43841,6.0803634,5.2838,5.7907,14,8.1946
43842,6.0804884,5.2915,5.7907,14,8.1946
43843,6.0806135,5.2838,5.7907,14,8.1869
43844,6.0807385,5.2838,5.7907,14,8.1946
43845,6.0808634,5.2838,5.7907,14,8.1946
43846,6.0809884,5.2915,5.7907,14,8.1946
43847,6.0811135,5.2838,5.7907,14,8.1869
43848,6.0812385,5.2838,5.7907,14,8.1946
43849,6.0813634,5.2838,5.7907,14,8.1946
43850,6.0814884,5.2915,5.7907,14,8.1946
43851,6.0816135,5.2838,5.7907,14,8.1946
43852,6.0817385,5.2838,5.7907,14,8.1946
43853,6.0818634,5.2838,5.7907,14,8.1946
43854,6.0819884,5.2915,5.7907,14,8.1946
43855,6.0821135,5.2838,5.7907,14,8.1946
43856,6.0822385,5.2838,5.7907,14,8.1946
43857,6.0823634,5.2838,5.7907,14,8.1946
43858,6.0824884,5.2915,5.7907,14,8.1946
43859,6.0826135,5.2838,5.7907,14,8.1946
43860,6.0827385,5.2838,5.7907,14,8.1946
43861,6.0828634,5.2838,5.7907,14,8.1946
43862,6.0829884,5.2915,5.7907,14,8.1946
43863,6.0831135,5.2838,5.7907,14,8.1946
43864,6.0832385,5.2838,5.7907,14,8.1946
43865,6.0833634,5.2838,5.7907,14,8.1946
43866,6.0834884,5.2915,5.7907,14,8.1946
43867,6.0836135,5.2838,5.7907,14,8.1946
43868,6.0837385,5.2838,5.7907,14,8.1946
43869,6.0838634,5.2838,5.7907,14,8.1946
43870,6.0839884,5.2915,5.7907,14,8.1946
43871,6.0841135,5.2838,5.7907,14,8.1946
43872,6.0842385,5.2838,5.7907,14,8.1946
43873,6.0843634,5.2838,5.7907,14,8.1946
43874,6.0844884,5.2915,5.7907,14,8.1946
43875,6.0846135,5.2838,5.7907,14,8.1946
43876,6.0847385,5.2838,5.7907,14,8.1946
43877,6.0848634,5.2838,5.7907,14,8.1946
43878,6.0849884,5.2915,5.7907,14,8.1946
43879,6.0851135,5.2838,5.7907,14,8.1946
43880,6.0852385,5.2838,5.7907,14,8.1946
43881,6.0853634,5.2915,5.7907,14,8.1946
43882,6.0854884,5.2915,5.7907,14,8.1946
43883,6.0856135,5.2838,5.7907,14,8.1946
43884,6.0857385,5.2838,5.7907,14,8.1946
43885,6.0858634,5.2915,5.7907,14,8.1946
43886,6.0859884,5.2915,5.7907,14,8.1946
43887,6.0861135,5.2838,5.7907,14,8.1946
43888,6.0862385,5.2838,5.7907,14,8.1946
43889,6.0863634,5.2915,5.7907,14,8.1946
43890,6.0864886,5.2838,5.7984,14,8.1869
43891,6.0866135,5.2838,5.7907,14,8.1946
43892,6.0867385,5.2838,5.7907,14,8.1946
43893,6.0868634,5.2915,5.7907,14,8.1946
43894,6.0869886,5.2838,5.7907,14,8.1869
43895,6.0871135,5.2838,5.7907,14,8.1946
43896,6.0872385,5.2838,5.7907,14,8.1946
43897,6.0873634,5.2915,5.7907,14,8.1946
43898,6.0874886,5.2838,5.7907,14,8.1869
43899,6.0876135,5.2838,5.7907,14,8.1946
43900,6.0877385,5.2838,5.7907,14,8.1946
43901,6.0878634,5.2915,5.7907,14,8.1946
43902,6.0879886,5.2838,5.7907,14,8.1869
43903,6.0881135,5.2838,5.7907,14,8.1946
43904,6.0882385,5.2838,5.7907,14,8.1946
43905,6.0883634,5.2915,5.7907,14,8.1946
43906,6.0884886,5.2838,5.7907,14,8.1869
43907,6.0886135,5.2838,5.7907,14,8.1946
43908,6.0887385,5.2838,5.7907,14,8.1946
43909,6.0888634,5.2915,5.7907,14,8.1946
43910,6.0889886,5.2838,5.7907,14,8.1869
43911,6.0891135,5.2838,5.7907,14,8.1946
43912,6.0892385,5.2838,5.7907,14,8.1946
43913,6.0893634,5.2915,5.7907,14,8.1946
43914,6.0894886,5.2838,5.7907,14,8.1946
43915,6.0896135,5.2838,5.7907,14,8.1946
43916,6.0897385,5.2838,5.7907,14,8.1946
43917,6.0898634,5.2915,5.7907,14,8.1946
43918,6.0899886,5.2838,5.7907,14,8.1946
43919,6.0901135,5.2838,5.7907,14,8.1946
43920,6.0902385,5.2838,5.7907,14,8.1946
43921,6.0903634,5.2915,5.7907,14,8.1946
43922,6.0904886,5.2838,5.7907,14,8.1946
43923,6.0906135,5.2838,5.7907,14,8.1946
43924,6.0907385,5.2838,5.7907,14,8.1946
43925,6.0908634,5.2915,5.7907,14,8.1946
43926,6.0909886,5.2838,5.7907,14,8.1946
43927,6.0911135,5.2838,5.7907,14,8.1946
43928,6.0912385,5.2838,5.7907,14,8.1946
43929,6.0913634,5.2915,5.7907,14,8.1946
43930,6.0914886,5.2838,5.7907,14,8.1946
43931,6.0916135,5.2838,5.7907,14,8.1946
43932,6.0917385,5.2838,5.7907,14,8.1946
43933,6.0918634,5.2915,5.7907,14,8.1946
43934,6.0919886,5.2838,5.7907,14,8.1946
43935,6.0921135,5.2838,5.7907,14,8.1946
43936,6.0922385,5.2838,5.7907,14,8.1946
43937,6.0923634,5.2915,5.7907,14,8.1946
43938,6.0924886,5.2838,5.7907,14,8.1946
43939,6.0926135,5.2838,5.7907,14,8.1946
43940,6.0927385,5.2838,5.7907,14,8.1946
43941,6.0928634,5.2915,5.7907,14,8.1946
43942,6.0929886,5.2838,5.7907,14,8.1946
43943,6.0931135,5.2838,5.7907,14,8.1946
43944,6.0932385,5.2838,5.7907,14,8.1946
43945,6.0933634,5.2915,5.7907,14,8.1946
43946,6.0934886,5.2838,5.7907,14,8.1946
43947,6.0936135,5.2838,5.7907,14,8.1946
43948,6.0937385,5.2915,5.7907,14,8.1946
43949,6.0938634,5.2915,5.7907,14,8.1946
43950,6.0939886,5.2838,5.7907,14,8.1946
43951,6.0941135,5.2838,5.7907,14,8.1946
43952,6.0942385,5.2915,5.7907,14,8.1946
43953,6.0943636,5.2838,5.7984,14,8.1869
43954,6.0944886,5.2838,5.7907,14,8.1946
43955,6.0946135,5.2838,5.7907,14,8.1946
43956,6.0947385,5.2915,5.7907,14,8.1946
43957,6.0948636,5.2838,5.7984,14,8.1869
43958,6.0949886,5.2838,5.7907,14,8.1946
43959,6.0951135,5.2838,5.7907,14,8.1946
43960,6.0952385,5.2915,5.7907,14,8.1946
43961,6.0953636,5.2838,5.7907,14,8.1869
43962,6.0954886,5.2838,5.7907,14,8.1946
43963,6.0956135,5.2838,5.7907,14,8.1946
43964,6.0957385,5.2915,5.7907,14,8.1946
43965,6.0958636,5.2838,5.7907,14,8.1869
43966,6.0959886,5.2838,5.7907,14,8.1946
43967,6.0961135,5.2838,5.7907,14,8.1946
43968,6.0962385,5.2915,5.7907,14,8.1946
43969,6.0963636,5.2838,5.7907,14,8.1869
43970,6.0964886,5.2838,5.7907,14,8.1946
43971,6.0966135,5.2838,5.7907,14,8.1946
43972,6.0967385,5.2915,5.7907,14,8.1946
43973,6.0968636,5.2838,5.7907,14,8.1869
43974,6.0969886,5.2838,5.7907,14,8.1946
43975,6.0971135,5.2838,5.7907,14,8.1946
43976,6.0972385,5.2915,5.7907,14,8.1946
43977,6.0973636,5.2838,5.7907,14,8.1869
43978,6.0974886,5.2838,5.7907,14,8.1946
43979,6.0976135,5.2838,5.7907,14,8.1946
43980,6.0977385,5.2915,5.7907,14,8.1946
43981,6.0978636,5.2838,5.7907,14,8.1946
43982,6.0979886,5.2838,5.7907,14,8.1946
43983,6.0981135,5.2838,5.7907,14,8.1946
43984,6.0982385,5.2915,5.7907,14,8.1946
43985,6.0983636,5.2838,5.7907,14,8.1946
43986,6.0984886,5.2838,5.7907,14,8.1946
43987,6.0986135,5.2838,5.7907,14,8.1946
43988,6.0987385,5.2915,5.7907,14,8.1946
43989,6.0988636,5.2838,5.7907,14,8.1946
43990,6.0989886,5.2838,5.7907,14,8.1946
43991,6.0991135,5.2838,5.7907,14,8.1946
43992,6.0992385,5.2915,5.7907,14,8.1946
43993,6.0993636,5.2838,5.7907,14,8.1946
43994,6.0994886,5.2838,5.7907,14,8.1946
43995,6.0996135,5.2838,5.7907,14,8.1946
43996,6.0997385,5.2915,5.7907,14,8.1946
43997,6.0998636,5.2838,5.7907,14,8.1946
43998,6.0999886,nan,5.7907,14,nan
