name	seed	mode	cycles	rc	mismatches	coverage
cand_16_8_8_0	1	0	2000000	0	0	reg_ops 27898 cmd_hits 25993 cmd_in_clr 4857 cmd_in_set 5005 hit_on_written_row_clr 139 (old_identity 128) hit_on_written_row_set 148 identity_changing_clr 14910 resets 87 reset_in_clr 1 reset_in_set 0 reset_with_stamp_valid 47 walk_read_eq_write 59504 probe_pick_eq_write 1043 full_cycles 0 emit_wb 74648 expiries 34082 cancels 22417 uns_jobs 74648
cand_16_8_8_0	2	0	2000000	0	0	reg_ops 28100 cmd_hits 28148 cmd_in_clr 5185 cmd_in_set 5076 hit_on_written_row_clr 167 (old_identity 146) hit_on_written_row_set 180 identity_changing_clr 15259 resets 101 reset_in_clr 0 reset_in_set 0 reset_with_stamp_valid 49 walk_read_eq_write 62349 probe_pick_eq_write 928 full_cycles 0 emit_wb 77907 expiries 31309 cancels 22958 uns_jobs 77907
cand_16_8_8_0	3	0	2000000	0	0	reg_ops 27890 cmd_hits 24877 cmd_in_clr 5028 cmd_in_set 4993 hit_on_written_row_clr 156 (old_identity 142) hit_on_written_row_set 150 identity_changing_clr 15235 resets 111 reset_in_clr 0 reset_in_set 0 reset_with_stamp_valid 54 walk_read_eq_write 56475 probe_pick_eq_write 1337 full_cycles 0 emit_wb 71993 expiries 36718 cancels 22754 uns_jobs 71993
cand_16_8_8_0	4	0	2000000	0	0	reg_ops 27997 cmd_hits 24864 cmd_in_clr 5038 cmd_in_set 5093 hit_on_written_row_clr 140 (old_identity 133) hit_on_written_row_set 152 identity_changing_clr 15224 resets 88 reset_in_clr 1 reset_in_set 0 reset_with_stamp_valid 45 walk_read_eq_write 56866 probe_pick_eq_write 1289 full_cycles 0 emit_wb 72371 expiries 36751 cancels 22901 uns_jobs 72371
cand_16_8_8_0	1001	1	2000000	0	0	reg_ops 0 cmd_hits 47123 cmd_in_clr 8328 cmd_in_set 8555 hit_on_written_row_clr 234 (old_identity 215) hit_on_written_row_set 223 identity_changing_clr 15549 resets 839 reset_in_clr 3 reset_in_set 2 reset_with_stamp_valid 365 walk_read_eq_write 41327 probe_pick_eq_write 158 full_cycles 0 emit_wb 55580 expiries 20260 cancels 25359 uns_jobs 55580
cand_16_8_8_0	1002	1	2000000	0	0	reg_ops 0 cmd_hits 48981 cmd_in_clr 8677 cmd_in_set 8747 hit_on_written_row_clr 251 (old_identity 227) hit_on_written_row_set 246 identity_changing_clr 15998 resets 769 reset_in_clr 2 reset_in_set 1 reset_with_stamp_valid 340 walk_read_eq_write 42147 probe_pick_eq_write 175 full_cycles 0 emit_wb 56829 expiries 21198 cancels 25875 uns_jobs 56829
cand_16_8_8_0	1003	1	2000000	0	0	reg_ops 0 cmd_hits 47957 cmd_in_clr 8504 cmd_in_set 8461 hit_on_written_row_clr 189 (old_identity 170) hit_on_written_row_set 213 identity_changing_clr 15615 resets 813 reset_in_clr 3 reset_in_set 3 reset_with_stamp_valid 348 walk_read_eq_write 42474 probe_pick_eq_write 178 full_cycles 0 emit_wb 56810 expiries 20887 cancels 25348 uns_jobs 56810
cand_16_8_8_0	1004	1	2000000	0	0	reg_ops 0 cmd_hits 47585 cmd_in_clr 8509 cmd_in_set 8533 hit_on_written_row_clr 237 (old_identity 207) hit_on_written_row_set 212 identity_changing_clr 15686 resets 850 reset_in_clr 3 reset_in_set 4 reset_with_stamp_valid 363 walk_read_eq_write 41211 probe_pick_eq_write 164 full_cycles 0 emit_wb 55473 expiries 20498 cancels 25649 uns_jobs 55473
cand_16_8_8_0	2001	2	2000000	0	0	reg_ops 28190 cmd_hits 33407 cmd_in_clr 5017 cmd_in_set 4887 hit_on_written_row_clr 1409 (old_identity 1124) hit_on_written_row_set 2348 identity_changing_clr 15470 resets 1161 reset_in_clr 522 reset_in_set 548 reset_with_stamp_valid 812 walk_read_eq_write 53736 probe_pick_eq_write 947 full_cycles 0 emit_wb 67715 expiries 34254 cancels 21546 uns_jobs 67715
cand_16_8_8_0	2002	2	2000000	0	0	reg_ops 28142 cmd_hits 33177 cmd_in_clr 5108 cmd_in_set 4901 hit_on_written_row_clr 1425 (old_identity 1159) hit_on_written_row_set 2411 identity_changing_clr 15401 resets 1005 reset_in_clr 480 reset_in_set 461 reset_with_stamp_valid 772 walk_read_eq_write 52660 probe_pick_eq_write 941 full_cycles 0 emit_wb 66832 expiries 35352 cancels 21575 uns_jobs 66833
cand_16_8_8_0	2003	2	2000000	0	0	reg_ops 28229 cmd_hits 33352 cmd_in_clr 5014 cmd_in_set 4909 hit_on_written_row_clr 1387 (old_identity 1124) hit_on_written_row_set 2368 identity_changing_clr 15468 resets 1150 reset_in_clr 530 reset_in_set 517 reset_with_stamp_valid 840 walk_read_eq_write 52864 probe_pick_eq_write 1023 full_cycles 0 emit_wb 66897 expiries 35215 cancels 21519 uns_jobs 66897
cand_16_8_8_0	2004	2	2000000	0	0	reg_ops 28084 cmd_hits 32801 cmd_in_clr 5013 cmd_in_set 4780 hit_on_written_row_clr 1348 (old_identity 1095) hit_on_written_row_set 2350 identity_changing_clr 15318 resets 1114 reset_in_clr 509 reset_in_set 489 reset_with_stamp_valid 808 walk_read_eq_write 52784 probe_pick_eq_write 1056 full_cycles 0 emit_wb 66841 expiries 36204 cancels 21558 uns_jobs 66841
cand_16_8_8_0	3001	3	2000000	0	0	reg_ops 28788 cmd_hits 295577 cmd_in_clr 6067 cmd_in_set 6149 hit_on_written_row_clr 2570 (old_identity 403) hit_on_written_row_set 2984 identity_changing_clr 5555 resets 159 reset_in_clr 35 reset_in_set 38 reset_with_stamp_valid 58 walk_read_eq_write 173840 probe_pick_eq_write 1521 full_cycles 1035347 emit_wb 176411 expiries 190460 cancels 13120 uns_jobs 176412
cand_16_8_8_0	3002	3	2000000	0	0	reg_ops 28806 cmd_hits 291934 cmd_in_clr 6152 cmd_in_set 6271 hit_on_written_row_clr 2592 (old_identity 432) hit_on_written_row_set 3073 identity_changing_clr 5838 resets 207 reset_in_clr 51 reset_in_set 44 reset_with_stamp_valid 74 walk_read_eq_write 173363 probe_pick_eq_write 1473 full_cycles 995059 emit_wb 175840 expiries 175493 cancels 12939 uns_jobs 175840
cand_16_8_8_0	3003	3	2000000	0	0	reg_ops 28742 cmd_hits 296108 cmd_in_clr 6310 cmd_in_set 6052 hit_on_written_row_clr 2671 (old_identity 414) hit_on_written_row_set 2914 identity_changing_clr 5542 resets 180 reset_in_clr 36 reset_in_set 38 reset_with_stamp_valid 63 walk_read_eq_write 174667 probe_pick_eq_write 1555 full_cycles 1032931 emit_wb 177273 expiries 183352 cancels 12851 uns_jobs 177273
cand_16_8_8_0	3004	3	2000000	0	0	reg_ops 28438 cmd_hits 296000 cmd_in_clr 6067 cmd_in_set 6108 hit_on_written_row_clr 2637 (old_identity 431) hit_on_written_row_set 2993 identity_changing_clr 5542 resets 167 reset_in_clr 42 reset_in_set 42 reset_with_stamp_valid 62 walk_read_eq_write 175365 probe_pick_eq_write 1568 full_cycles 1015215 emit_wb 177809 expiries 178023 cancels 12983 uns_jobs 177809
cand_16_2_2_0	1	0	2000000	0	0	reg_ops 28011 cmd_hits 26562 cmd_in_clr 5068 cmd_in_set 4976 hit_on_written_row_clr 173 (old_identity 156) hit_on_written_row_set 157 identity_changing_clr 15262 resets 98 reset_in_clr 0 reset_in_set 1 reset_with_stamp_valid 49 walk_read_eq_write 60093 probe_pick_eq_write 1092 full_cycles 0 emit_wb 75649 expiries 34561 cancels 22910 uns_jobs 75649
cand_16_2_2_0	2	0	2000000	0	0	reg_ops 28004 cmd_hits 27786 cmd_in_clr 5132 cmd_in_set 5049 hit_on_written_row_clr 169 (old_identity 155) hit_on_written_row_set 157 identity_changing_clr 15167 resets 88 reset_in_clr 0 reset_in_set 0 reset_with_stamp_valid 44 walk_read_eq_write 62282 probe_pick_eq_write 939 full_cycles 0 emit_wb 77715 expiries 31415 cancels 22872 uns_jobs 77715
cand_16_2_2_0	3	0	2000000	0	0	reg_ops 27945 cmd_hits 25571 cmd_in_clr 5086 cmd_in_set 5026 hit_on_written_row_clr 177 (old_identity 157) hit_on_written_row_set 165 identity_changing_clr 15186 resets 118 reset_in_clr 0 reset_in_set 0 reset_with_stamp_valid 60 walk_read_eq_write 57171 probe_pick_eq_write 1323 full_cycles 0 emit_wb 72680 expiries 37109 cancels 22724 uns_jobs 72680
cand_16_2_2_0	4	0	2000000	0	0	reg_ops 27861 cmd_hits 24746 cmd_in_clr 5112 cmd_in_set 5073 hit_on_written_row_clr 142 (old_identity 130) hit_on_written_row_set 149 identity_changing_clr 15293 resets 75 reset_in_clr 0 reset_in_set 0 reset_with_stamp_valid 40 walk_read_eq_write 57028 probe_pick_eq_write 1237 full_cycles 0 emit_wb 72647 expiries 37008 cancels 22909 uns_jobs 72647
cand_16_2_2_0	1001	1	2000000	0	0	reg_ops 0 cmd_hits 46864 cmd_in_clr 8486 cmd_in_set 8679 hit_on_written_row_clr 229 (old_identity 213) hit_on_written_row_set 238 identity_changing_clr 15743 resets 832 reset_in_clr 3 reset_in_set 3 reset_with_stamp_valid 321 walk_read_eq_write 41158 probe_pick_eq_write 179 full_cycles 0 emit_wb 55616 expiries 20632 cancels 25825 uns_jobs 55616
cand_16_2_2_0	1002	1	2000000	0	0	reg_ops 0 cmd_hits 47037 cmd_in_clr 8564 cmd_in_set 8554 hit_on_written_row_clr 232 (old_identity 211) hit_on_written_row_set 235 identity_changing_clr 15704 resets 737 reset_in_clr 2 reset_in_set 1 reset_with_stamp_valid 308 walk_read_eq_write 41633 probe_pick_eq_write 186 full_cycles 0 emit_wb 56024 expiries 20552 cancels 25407 uns_jobs 56024
cand_16_2_2_0	1003	1	2000000	0	0	reg_ops 0 cmd_hits 47689 cmd_in_clr 8508 cmd_in_set 8388 hit_on_written_row_clr 233 (old_identity 203) hit_on_written_row_set 220 identity_changing_clr 15751 resets 831 reset_in_clr 6 reset_in_set 5 reset_with_stamp_valid 340 walk_read_eq_write 41914 probe_pick_eq_write 156 full_cycles 0 emit_wb 56359 expiries 20713 cancels 25547 uns_jobs 56359
cand_16_2_2_0	1004	1	2000000	0	0	reg_ops 0 cmd_hits 49423 cmd_in_clr 8606 cmd_in_set 8726 hit_on_written_row_clr 231 (old_identity 204) hit_on_written_row_set 231 identity_changing_clr 16018 resets 810 reset_in_clr 2 reset_in_set 1 reset_with_stamp_valid 317 walk_read_eq_write 42281 probe_pick_eq_write 139 full_cycles 0 emit_wb 56996 expiries 20985 cancels 26272 uns_jobs 56996
cand_16_2_2_0	2001	2	2000000	0	0	reg_ops 28209 cmd_hits 33961 cmd_in_clr 5061 cmd_in_set 4883 hit_on_written_row_clr 1453 (old_identity 1183) hit_on_written_row_set 2383 identity_changing_clr 15517 resets 1162 reset_in_clr 520 reset_in_set 527 reset_with_stamp_valid 755 walk_read_eq_write 54252 probe_pick_eq_write 968 full_cycles 0 emit_wb 68236 expiries 34533 cancels 21578 uns_jobs 68236
cand_16_2_2_0	2002	2	2000000	0	0	reg_ops 27988 cmd_hits 32905 cmd_in_clr 5039 cmd_in_set 4863 hit_on_written_row_clr 1374 (old_identity 1097) hit_on_written_row_set 2271 identity_changing_clr 15405 resets 1069 reset_in_clr 496 reset_in_set 478 reset_with_stamp_valid 728 walk_read_eq_write 52941 probe_pick_eq_write 954 full_cycles 0 emit_wb 67063 expiries 35282 cancels 21636 uns_jobs 67063
cand_16_2_2_0	2003	2	2000000	0	0	reg_ops 28207 cmd_hits 32674 cmd_in_clr 5006 cmd_in_set 4845 hit_on_written_row_clr 1378 (old_identity 1101) hit_on_written_row_set 2317 identity_changing_clr 15454 resets 1216 reset_in_clr 552 reset_in_set 524 reset_with_stamp_valid 780 walk_read_eq_write 52160 probe_pick_eq_write 930 full_cycles 0 emit_wb 66100 expiries 34838 cancels 21424 uns_jobs 66100
cand_16_2_2_0	2004	2	2000000	0	0	reg_ops 28015 cmd_hits 32408 cmd_in_clr 5007 cmd_in_set 4795 hit_on_written_row_clr 1395 (old_identity 1118) hit_on_written_row_set 2354 identity_changing_clr 15306 resets 1180 reset_in_clr 569 reset_in_set 519 reset_with_stamp_valid 793 walk_read_eq_write 52157 probe_pick_eq_write 1045 full_cycles 0 emit_wb 66061 expiries 35565 cancels 21461 uns_jobs 66061
cand_16_2_2_0	3001	3	2000000	0	0	reg_ops 28745 cmd_hits 296452 cmd_in_clr 6273 cmd_in_set 6296 hit_on_written_row_clr 2629 (old_identity 399) hit_on_written_row_set 3077 identity_changing_clr 5540 resets 150 reset_in_clr 45 reset_in_set 39 reset_with_stamp_valid 22 walk_read_eq_write 173575 probe_pick_eq_write 1611 full_cycles 1020621 emit_wb 176150 expiries 191616 cancels 13260 uns_jobs 176150
cand_16_2_2_0	3002	3	2000000	0	0	reg_ops 28691 cmd_hits 292957 cmd_in_clr 6219 cmd_in_set 6215 hit_on_written_row_clr 2590 (old_identity 424) hit_on_written_row_set 3051 identity_changing_clr 5777 resets 206 reset_in_clr 44 reset_in_set 46 reset_with_stamp_valid 44 walk_read_eq_write 173935 probe_pick_eq_write 1498 full_cycles 1001437 emit_wb 176499 expiries 176371 cancels 12826 uns_jobs 176500
cand_16_2_2_0	3003	3	2000000	0	0	reg_ops 28874 cmd_hits 295280 cmd_in_clr 6191 cmd_in_set 6260 hit_on_written_row_clr 2584 (old_identity 402) hit_on_written_row_set 3029 identity_changing_clr 5591 resets 175 reset_in_clr 38 reset_in_set 34 reset_with_stamp_valid 34 walk_read_eq_write 174359 probe_pick_eq_write 1524 full_cycles 1022249 emit_wb 176895 expiries 182577 cancels 13076 uns_jobs 176895
cand_16_2_2_0	3004	3	2000000	0	0	reg_ops 28631 cmd_hits 292485 cmd_in_clr 6202 cmd_in_set 6150 hit_on_written_row_clr 2587 (old_identity 447) hit_on_written_row_set 3046 identity_changing_clr 5913 resets 211 reset_in_clr 48 reset_in_set 51 reset_with_stamp_valid 57 walk_read_eq_write 174130 probe_pick_eq_write 1453 full_cycles 990483 emit_wb 176662 expiries 175765 cancels 12962 uns_jobs 176662
cand_16_2_2_1	1	0	2000000	0	0	reg_ops 28104 cmd_hits 26393 cmd_in_clr 5000 cmd_in_set 5087 hit_on_written_row_clr 160 (old_identity 141) hit_on_written_row_set 175 identity_changing_clr 15187 resets 97 reset_in_clr 1 reset_in_set 1 reset_with_stamp_valid 47 walk_read_eq_write 60078 probe_pick_eq_write 1169 full_cycles 0 emit_wb 75530 expiries 37822 cancels 22749 uns_jobs 78063
cand_16_2_2_1	2	0	2000000	0	0	reg_ops 28071 cmd_hits 27604 cmd_in_clr 5182 cmd_in_set 5005 hit_on_written_row_clr 168 (old_identity 153) hit_on_written_row_set 173 identity_changing_clr 15242 resets 92 reset_in_clr 1 reset_in_set 0 reset_with_stamp_valid 43 walk_read_eq_write 61861 probe_pick_eq_write 965 full_cycles 0 emit_wb 77358 expiries 34770 cancels 22711 uns_jobs 79787
cand_16_2_2_1	3	0	2000000	0	0	reg_ops 28191 cmd_hits 25387 cmd_in_clr 5085 cmd_in_set 5029 hit_on_written_row_clr 163 (old_identity 151) hit_on_written_row_set 167 identity_changing_clr 15225 resets 95 reset_in_clr 0 reset_in_set 0 reset_with_stamp_valid 52 walk_read_eq_write 57263 probe_pick_eq_write 1215 full_cycles 0 emit_wb 72815 expiries 43035 cancels 22939 uns_jobs 77196
cand_16_2_2_1	4	0	2000000	0	0	reg_ops 27769 cmd_hits 24886 cmd_in_clr 5049 cmd_in_set 4949 hit_on_written_row_clr 183 (old_identity 169) hit_on_written_row_set 146 identity_changing_clr 15081 resets 87 reset_in_clr 1 reset_in_set 0 reset_with_stamp_valid 47 walk_read_eq_write 57287 probe_pick_eq_write 1270 full_cycles 0 emit_wb 72651 expiries 42467 cancels 22690 uns_jobs 76913
cand_16_2_2_1	1001	1	2000000	0	0	reg_ops 0 cmd_hits 48794 cmd_in_clr 8509 cmd_in_set 8761 hit_on_written_row_clr 202 (old_identity 183) hit_on_written_row_set 237 identity_changing_clr 15714 resets 709 reset_in_clr 3 reset_in_set 1 reset_with_stamp_valid 294 walk_read_eq_write 41385 probe_pick_eq_write 161 full_cycles 0 emit_wb 55888 expiries 24873 cancels 25847 uns_jobs 59078
cand_16_2_2_1	1002	1	2000000	0	0	reg_ops 0 cmd_hits 47757 cmd_in_clr 8673 cmd_in_set 8646 hit_on_written_row_clr 223 (old_identity 190) hit_on_written_row_set 219 identity_changing_clr 15847 resets 839 reset_in_clr 3 reset_in_set 1 reset_with_stamp_valid 345 walk_read_eq_write 41829 probe_pick_eq_write 187 full_cycles 0 emit_wb 56401 expiries 24176 cancels 25500 uns_jobs 59165
cand_16_2_2_1	1003	1	2000000	0	0	reg_ops 0 cmd_hits 48996 cmd_in_clr 8836 cmd_in_set 8710 hit_on_written_row_clr 226 (old_identity 204) hit_on_written_row_set 234 identity_changing_clr 16129 resets 774 reset_in_clr 2 reset_in_set 9 reset_with_stamp_valid 318 walk_read_eq_write 42171 probe_pick_eq_write 197 full_cycles 0 emit_wb 57006 expiries 25032 cancels 26149 uns_jobs 59893
cand_16_2_2_1	1004	1	2000000	0	0	reg_ops 0 cmd_hits 46845 cmd_in_clr 8438 cmd_in_set 8493 hit_on_written_row_clr 195 (old_identity 175) hit_on_written_row_set 222 identity_changing_clr 15567 resets 794 reset_in_clr 3 reset_in_set 3 reset_with_stamp_valid 327 walk_read_eq_write 40999 probe_pick_eq_write 168 full_cycles 0 emit_wb 55281 expiries 24106 cancels 25423 uns_jobs 58122
cand_16_2_2_1	2001	2	2000000	0	0	reg_ops 28182 cmd_hits 33164 cmd_in_clr 5059 cmd_in_set 4889 hit_on_written_row_clr 1391 (old_identity 1128) hit_on_written_row_set 2405 identity_changing_clr 15466 resets 1173 reset_in_clr 505 reset_in_set 546 reset_with_stamp_valid 773 walk_read_eq_write 53179 probe_pick_eq_write 945 full_cycles 0 emit_wb 67084 expiries 36900 cancels 21518 uns_jobs 69640
cand_16_2_2_1	2002	2	2000000	0	0	reg_ops 28345 cmd_hits 33452 cmd_in_clr 5048 cmd_in_set 4917 hit_on_written_row_clr 1426 (old_identity 1165) hit_on_written_row_set 2387 identity_changing_clr 15545 resets 1150 reset_in_clr 554 reset_in_set 508 reset_with_stamp_valid 763 walk_read_eq_write 53147 probe_pick_eq_write 977 full_cycles 0 emit_wb 67267 expiries 38831 cancels 21702 uns_jobs 69991
cand_16_2_2_1	2003	2	2000000	0	0	reg_ops 28213 cmd_hits 33135 cmd_in_clr 5072 cmd_in_set 4810 hit_on_written_row_clr 1429 (old_identity 1162) hit_on_written_row_set 2411 identity_changing_clr 15444 resets 1116 reset_in_clr 502 reset_in_set 508 reset_with_stamp_valid 755 walk_read_eq_write 52260 probe_pick_eq_write 967 full_cycles 0 emit_wb 66303 expiries 37869 cancels 21583 uns_jobs 68907
cand_16_2_2_1	2004	2	2000000	0	0	reg_ops 28186 cmd_hits 32553 cmd_in_clr 5108 cmd_in_set 4752 hit_on_written_row_clr 1453 (old_identity 1194) hit_on_written_row_set 2314 identity_changing_clr 15534 resets 1174 reset_in_clr 544 reset_in_set 527 reset_with_stamp_valid 750 walk_read_eq_write 51747 probe_pick_eq_write 1026 full_cycles 0 emit_wb 65809 expiries 39822 cancels 21656 uns_jobs 69010
cand_16_2_2_1	3001	3	2000000	0	0	reg_ops 28901 cmd_hits 295337 cmd_in_clr 6314 cmd_in_set 6285 hit_on_written_row_clr 2634 (old_identity 435) hit_on_written_row_set 2987 identity_changing_clr 5665 resets 171 reset_in_clr 36 reset_in_set 44 reset_with_stamp_valid 37 walk_read_eq_write 172311 probe_pick_eq_write 1692 full_cycles 1017081 emit_wb 174919 expiries 194745 cancels 13077 uns_jobs 177468
cand_16_2_2_1	3002	3	2000000	0	0	reg_ops 28694 cmd_hits 289842 cmd_in_clr 6287 cmd_in_set 6099 hit_on_written_row_clr 2679 (old_identity 437) hit_on_written_row_set 2946 identity_changing_clr 6089 resets 257 reset_in_clr 52 reset_in_set 57 reset_with_stamp_valid 67 walk_read_eq_write 172738 probe_pick_eq_write 1499 full_cycles 965396 emit_wb 175283 expiries 175854 cancels 12869 uns_jobs 176600
cand_16_2_2_1	3003	3	2000000	0	0	reg_ops 28705 cmd_hits 294427 cmd_in_clr 6186 cmd_in_set 6160 hit_on_written_row_clr 2566 (old_identity 423) hit_on_written_row_set 3007 identity_changing_clr 5643 resets 176 reset_in_clr 55 reset_in_set 31 reset_with_stamp_valid 42 walk_read_eq_write 174174 probe_pick_eq_write 1580 full_cycles 1016569 emit_wb 176744 expiries 183675 cancels 12923 uns_jobs 178190
cand_16_2_2_1	3004	3	2000000	0	0	reg_ops 28837 cmd_hits 297879 cmd_in_clr 6241 cmd_in_set 6238 hit_on_written_row_clr 2671 (old_identity 398) hit_on_written_row_set 3016 identity_changing_clr 5445 resets 162 reset_in_clr 32 reset_in_set 46 reset_with_stamp_valid 36 walk_read_eq_write 174427 probe_pick_eq_write 1468 full_cycles 1038505 emit_wb 176908 expiries 180322 cancels 12911 uns_jobs 178188
cand_16_9_9_0	1	0	2000000	0	0	reg_ops 27800 cmd_hits 25456 cmd_in_clr 4903 cmd_in_set 4951 hit_on_written_row_clr 143 (old_identity 128) hit_on_written_row_set 167 identity_changing_clr 14880 resets 91 reset_in_clr 0 reset_in_set 0 reset_with_stamp_valid 49 walk_read_eq_write 58746 probe_pick_eq_write 1134 full_cycles 0 emit_wb 73869 expiries 33838 cancels 22272 uns_jobs 73869
cand_16_9_9_0	2	0	2000000	0	0	reg_ops 28074 cmd_hits 28271 cmd_in_clr 5144 cmd_in_set 5159 hit_on_written_row_clr 162 (old_identity 147) hit_on_written_row_set 143 identity_changing_clr 15333 resets 86 reset_in_clr 0 reset_in_set 0 reset_with_stamp_valid 49 walk_read_eq_write 62663 probe_pick_eq_write 892 full_cycles 0 emit_wb 78281 expiries 31619 cancels 23081 uns_jobs 78282
cand_16_9_9_0	3	0	2000000	0	0	reg_ops 27890 cmd_hits 24877 cmd_in_clr 5028 cmd_in_set 4993 hit_on_written_row_clr 156 (old_identity 142) hit_on_written_row_set 150 identity_changing_clr 15235 resets 111 reset_in_clr 0 reset_in_set 0 reset_with_stamp_valid 54 walk_read_eq_write 56475 probe_pick_eq_write 1337 full_cycles 0 emit_wb 71993 expiries 36718 cancels 22754 uns_jobs 71993
cand_16_9_9_0	4	0	2000000	0	0	reg_ops 27997 cmd_hits 24864 cmd_in_clr 5038 cmd_in_set 5093 hit_on_written_row_clr 140 (old_identity 133) hit_on_written_row_set 152 identity_changing_clr 15224 resets 88 reset_in_clr 1 reset_in_set 0 reset_with_stamp_valid 45 walk_read_eq_write 56866 probe_pick_eq_write 1289 full_cycles 0 emit_wb 72371 expiries 36751 cancels 22901 uns_jobs 72371
cand_16_9_9_0	1001	1	2000000	0	0	reg_ops 0 cmd_hits 47943 cmd_in_clr 8652 cmd_in_set 8625 hit_on_written_row_clr 219 (old_identity 198) hit_on_written_row_set 245 identity_changing_clr 15876 resets 833 reset_in_clr 2 reset_in_set 4 reset_with_stamp_valid 355 walk_read_eq_write 41847 probe_pick_eq_write 169 full_cycles 0 emit_wb 56332 expiries 20745 cancels 25978 uns_jobs 56332
cand_16_9_9_0	1002	1	2000000	0	0	reg_ops 0 cmd_hits 48207 cmd_in_clr 8534 cmd_in_set 8611 hit_on_written_row_clr 242 (old_identity 222) hit_on_written_row_set 221 identity_changing_clr 15789 resets 761 reset_in_clr 3 reset_in_set 1 reset_with_stamp_valid 325 walk_read_eq_write 42367 probe_pick_eq_write 182 full_cycles 0 emit_wb 56860 expiries 20947 cancels 25430 uns_jobs 56860
cand_16_9_9_0	1003	1	2000000	0	0	reg_ops 0 cmd_hits 48584 cmd_in_clr 8906 cmd_in_set 8655 hit_on_written_row_clr 224 (old_identity 206) hit_on_written_row_set 214 identity_changing_clr 16061 resets 799 reset_in_clr 3 reset_in_set 3 reset_with_stamp_valid 348 walk_read_eq_write 41870 probe_pick_eq_write 182 full_cycles 0 emit_wb 56580 expiries 21129 cancels 25923 uns_jobs 56580
cand_16_9_9_0	1004	1	2000000	0	0	reg_ops 0 cmd_hits 47165 cmd_in_clr 8665 cmd_in_set 8661 hit_on_written_row_clr 221 (old_identity 199) hit_on_written_row_set 205 identity_changing_clr 15914 resets 885 reset_in_clr 2 reset_in_set 2 reset_with_stamp_valid 367 walk_read_eq_write 40895 probe_pick_eq_write 169 full_cycles 0 emit_wb 55372 expiries 20654 cancels 25783 uns_jobs 55372
cand_16_9_9_0	2001	2	2000000	0	0	reg_ops 28106 cmd_hits 33430 cmd_in_clr 4990 cmd_in_set 4921 hit_on_written_row_clr 1462 (old_identity 1168) hit_on_written_row_set 2336 identity_changing_clr 15431 resets 1098 reset_in_clr 496 reset_in_set 531 reset_with_stamp_valid 811 walk_read_eq_write 54019 probe_pick_eq_write 1021 full_cycles 0 emit_wb 68047 expiries 34170 cancels 21529 uns_jobs 68047
cand_16_9_9_0	2002	2	2000000	0	0	reg_ops 28128 cmd_hits 32725 cmd_in_clr 5121 cmd_in_set 4817 hit_on_written_row_clr 1416 (old_identity 1151) hit_on_written_row_set 2312 identity_changing_clr 15304 resets 1114 reset_in_clr 513 reset_in_set 521 reset_with_stamp_valid 834 walk_read_eq_write 52156 probe_pick_eq_write 964 full_cycles 0 emit_wb 66056 expiries 34778 cancels 21430 uns_jobs 66056
cand_16_9_9_0	2003	2	2000000	0	0	reg_ops 28376 cmd_hits 33346 cmd_in_clr 5031 cmd_in_set 4965 hit_on_written_row_clr 1379 (old_identity 1115) hit_on_written_row_set 2368 identity_changing_clr 15559 resets 1156 reset_in_clr 548 reset_in_set 488 reset_with_stamp_valid 841 walk_read_eq_write 53320 probe_pick_eq_write 1009 full_cycles 0 emit_wb 67402 expiries 35204 cancels 21723 uns_jobs 67402
cand_16_9_9_0	2004	2	2000000	0	0	reg_ops 28121 cmd_hits 32946 cmd_in_clr 4981 cmd_in_set 4900 hit_on_written_row_clr 1372 (old_identity 1128) hit_on_written_row_set 2343 identity_changing_clr 15390 resets 1100 reset_in_clr 511 reset_in_set 482 reset_with_stamp_valid 814 walk_read_eq_write 52857 probe_pick_eq_write 1017 full_cycles 0 emit_wb 66879 expiries 36181 cancels 21599 uns_jobs 66879
cand_16_9_9_0	3001	3	2000000	0	0	reg_ops 28751 cmd_hits 295469 cmd_in_clr 6168 cmd_in_set 6162 hit_on_written_row_clr 2554 (old_identity 440) hit_on_written_row_set 3053 identity_changing_clr 5543 resets 155 reset_in_clr 35 reset_in_set 42 reset_with_stamp_valid 46 walk_read_eq_write 173889 probe_pick_eq_write 1599 full_cycles 1022165 emit_wb 176508 expiries 190626 cancels 13057 uns_jobs 176508
cand_16_9_9_0	3002	3	2000000	0	0	reg_ops 28754 cmd_hits 293603 cmd_in_clr 6269 cmd_in_set 6269 hit_on_written_row_clr 2627 (old_identity 444) hit_on_written_row_set 3091 identity_changing_clr 5811 resets 212 reset_in_clr 42 reset_in_set 45 reset_with_stamp_valid 61 walk_read_eq_write 173521 probe_pick_eq_write 1491 full_cycles 988393 emit_wb 176017 expiries 175608 cancels 12956 uns_jobs 176017
cand_16_9_9_0	3003	3	2000000	0	0	reg_ops 28742 cmd_hits 296108 cmd_in_clr 6310 cmd_in_set 6052 hit_on_written_row_clr 2671 (old_identity 414) hit_on_written_row_set 2914 identity_changing_clr 5542 resets 180 reset_in_clr 36 reset_in_set 38 reset_with_stamp_valid 63 walk_read_eq_write 174667 probe_pick_eq_write 1555 full_cycles 1032931 emit_wb 177273 expiries 183352 cancels 12851 uns_jobs 177273
cand_16_9_9_0	3004	3	2000000	0	0	reg_ops 28695 cmd_hits 298071 cmd_in_clr 6189 cmd_in_set 6026 hit_on_written_row_clr 2702 (old_identity 449) hit_on_written_row_set 2983 identity_changing_clr 5420 resets 170 reset_in_clr 48 reset_in_set 20 reset_with_stamp_valid 61 walk_read_eq_write 174996 probe_pick_eq_write 1537 full_cycles 1049070 emit_wb 177472 expiries 178340 cancels 12812 uns_jobs 177472
cand_2_1_1_0	1	0	2000000	0	0	reg_ops 35680 cmd_hits 21681 cmd_in_clr 4443 cmd_in_set 4318 hit_on_written_row_clr 128 (old_identity 115) hit_on_written_row_set 133 identity_changing_clr 13369 resets 127 reset_in_clr 0 reset_in_set 0 reset_with_stamp_valid 60 walk_read_eq_write 134107 probe_pick_eq_write 2274 full_cycles 718653 emit_wb 141345 expiries 29258 cancels 20145 uns_jobs 141345
cand_2_1_1_0	2	0	2000000	0	0	reg_ops 35878 cmd_hits 22230 cmd_in_clr 4301 cmd_in_set 4303 hit_on_written_row_clr 141 (old_identity 129) hit_on_written_row_set 130 identity_changing_clr 12953 resets 99 reset_in_clr 0 reset_in_set 0 reset_with_stamp_valid 47 walk_read_eq_write 135785 probe_pick_eq_write 1871 full_cycles 753501 emit_wb 142538 expiries 25988 cancels 19555 uns_jobs 142538
cand_2_1_1_0	3	0	2000000	0	0	reg_ops 35947 cmd_hits 21404 cmd_in_clr 4554 cmd_in_set 4475 hit_on_written_row_clr 150 (old_identity 133) hit_on_written_row_set 152 identity_changing_clr 13556 resets 99 reset_in_clr 0 reset_in_set 0 reset_with_stamp_valid 49 walk_read_eq_write 131479 probe_pick_eq_write 2285 full_cycles 697484 emit_wb 138886 expiries 31996 cancels 20488 uns_jobs 138886
cand_2_1_1_0	4	0	2000000	0	0	reg_ops 35764 cmd_hits 20917 cmd_in_clr 4331 cmd_in_set 4615 hit_on_written_row_clr 141 (old_identity 121) hit_on_written_row_set 158 identity_changing_clr 13628 resets 116 reset_in_clr 0 reset_in_set 0 reset_with_stamp_valid 64 walk_read_eq_write 129606 probe_pick_eq_write 2339 full_cycles 667806 emit_wb 136997 expiries 31681 cancels 20588 uns_jobs 136997
cand_2_1_1_0	1001	1	2000000	0	0	reg_ops 0 cmd_hits 38752 cmd_in_clr 7954 cmd_in_set 7876 hit_on_written_row_clr 200 (old_identity 178) hit_on_written_row_set 184 identity_changing_clr 14075 resets 746 reset_in_clr 2 reset_in_set 1 reset_with_stamp_valid 361 walk_read_eq_write 120484 probe_pick_eq_write 511 full_cycles 1227721 emit_wb 125513 expiries 18293 cancels 24666 uns_jobs 125513
cand_2_1_1_0	1002	1	2000000	0	0	reg_ops 0 cmd_hits 39584 cmd_in_clr 7815 cmd_in_set 7697 hit_on_written_row_clr 186 (old_identity 152) hit_on_written_row_set 199 identity_changing_clr 14047 resets 848 reset_in_clr 3 reset_in_set 2 reset_with_stamp_valid 410 walk_read_eq_write 120664 probe_pick_eq_write 480 full_cycles 1228912 emit_wb 125562 expiries 18377 cancels 23843 uns_jobs 125562
cand_2_1_1_0	1003	1	2000000	0	0	reg_ops 0 cmd_hits 38577 cmd_in_clr 7824 cmd_in_set 7781 hit_on_written_row_clr 207 (old_identity 190) hit_on_written_row_set 173 identity_changing_clr 14066 resets 883 reset_in_clr 2 reset_in_set 4 reset_with_stamp_valid 413 walk_read_eq_write 120510 probe_pick_eq_write 477 full_cycles 1224127 emit_wb 125481 expiries 18282 cancels 24067 uns_jobs 125481
cand_2_1_1_0	1004	1	2000000	0	0	reg_ops 0 cmd_hits 38870 cmd_in_clr 7785 cmd_in_set 7738 hit_on_written_row_clr 193 (old_identity 174) hit_on_written_row_set 215 identity_changing_clr 14112 resets 767 reset_in_clr 4 reset_in_set 0 reset_with_stamp_valid 372 walk_read_eq_write 120033 probe_pick_eq_write 479 full_cycles 1220686 emit_wb 125228 expiries 18329 cancels 24640 uns_jobs 125228
cand_2_1_1_0	2001	2	2000000	0	0	reg_ops 35923 cmd_hits 38592 cmd_in_clr 4845 cmd_in_set 4642 hit_on_written_row_clr 1353 (old_identity 1070) hit_on_written_row_set 2281 identity_changing_clr 14235 resets 1024 reset_in_clr 452 reset_in_set 470 reset_with_stamp_valid 784 walk_read_eq_write 121887 probe_pick_eq_write 2235 full_cycles 603336 emit_wb 128931 expiries 34023 cancels 20735 uns_jobs 128931
cand_2_1_1_0	2002	2	2000000	0	0	reg_ops 35967 cmd_hits 38577 cmd_in_clr 4838 cmd_in_set 4607 hit_on_written_row_clr 1350 (old_identity 1074) hit_on_written_row_set 2298 identity_changing_clr 14532 resets 1039 reset_in_clr 486 reset_in_set 474 reset_with_stamp_valid 829 walk_read_eq_write 121760 probe_pick_eq_write 2395 full_cycles 602581 emit_wb 128932 expiries 35424 cancels 20887 uns_jobs 128932
cand_2_1_1_0	2003	2	2000000	0	0	reg_ops 35644 cmd_hits 38541 cmd_in_clr 4719 cmd_in_set 4620 hit_on_written_row_clr 1381 (old_identity 1082) hit_on_written_row_set 2298 identity_changing_clr 14176 resets 1016 reset_in_clr 458 reset_in_set 456 reset_with_stamp_valid 805 walk_read_eq_write 121084 probe_pick_eq_write 2314 full_cycles 602821 emit_wb 128131 expiries 35093 cancels 20535 uns_jobs 128131
cand_2_1_1_0	2004	2	2000000	0	0	reg_ops 35523 cmd_hits 37874 cmd_in_clr 4793 cmd_in_set 4527 hit_on_written_row_clr 1339 (old_identity 1062) hit_on_written_row_set 2145 identity_changing_clr 14413 resets 1087 reset_in_clr 521 reset_in_set 457 reset_with_stamp_valid 854 walk_read_eq_write 119842 probe_pick_eq_write 2354 full_cycles 582544 emit_wb 127024 expiries 36105 cancels 20902 uns_jobs 127024
cand_2_1_1_0	3001	3	2000000	0	0	reg_ops 34951 cmd_hits 66305 cmd_in_clr 995 cmd_in_set 987 hit_on_written_row_clr 425 (old_identity 53) hit_on_written_row_set 502 identity_changing_clr 900 resets 131 reset_in_clr 9 reset_in_set 4 reset_with_stamp_valid 69 walk_read_eq_write 211268 probe_pick_eq_write 3212 full_cycles 1935875 emit_wb 210289 expiries 46080 cancels 2278 uns_jobs 210289
cand_2_1_1_0	3002	3	2000000	0	0	reg_ops 34915 cmd_hits 66252 cmd_in_clr 928 cmd_in_set 990 hit_on_written_row_clr 402 (old_identity 68) hit_on_written_row_set 486 identity_changing_clr 787 resets 119 reset_in_clr 5 reset_in_set 7 reset_with_stamp_valid 66 walk_read_eq_write 210711 probe_pick_eq_write 3184 full_cycles 1947372 emit_wb 209719 expiries 41035 cancels 2039 uns_jobs 209719
cand_2_1_1_0	3003	3	2000000	0	0	reg_ops 34959 cmd_hits 66230 cmd_in_clr 964 cmd_in_set 995 hit_on_written_row_clr 410 (old_identity 68) hit_on_written_row_set 481 identity_changing_clr 842 resets 123 reset_in_clr 5 reset_in_set 4 reset_with_stamp_valid 61 walk_read_eq_write 211566 probe_pick_eq_write 3285 full_cycles 1941130 emit_wb 210642 expiries 42568 cancels 2169 uns_jobs 210643
cand_2_1_1_0	3004	3	2000000	0	0	reg_ops 34935 cmd_hits 66206 cmd_in_clr 941 cmd_in_set 948 hit_on_written_row_clr 405 (old_identity 54) hit_on_written_row_set 467 identity_changing_clr 830 resets 106 reset_in_clr 9 reset_in_set 11 reset_with_stamp_valid 65 walk_read_eq_write 211110 probe_pick_eq_write 3166 full_cycles 1942325 emit_wb 210149 expiries 40766 cancels 2205 uns_jobs 210149
cand_5_8_8_0	1	0	2000000	0	0	reg_ops 33935 cmd_hits 30655 cmd_in_clr 6197 cmd_in_set 6129 hit_on_written_row_clr 207 (old_identity 183) hit_on_written_row_set 199 identity_changing_clr 18311 resets 111 reset_in_clr 0 reset_in_set 0 reset_with_stamp_valid 52 walk_read_eq_write 119201 probe_pick_eq_write 2092 full_cycles 24814 emit_wb 137113 expiries 40257 cancels 27549 uns_jobs 137113
cand_5_8_8_0	2	0	2000000	0	0	reg_ops 33675 cmd_hits 31808 cmd_in_clr 5998 cmd_in_set 6046 hit_on_written_row_clr 180 (old_identity 161) hit_on_written_row_set 193 identity_changing_clr 17853 resets 77 reset_in_clr 0 reset_in_set 0 reset_with_stamp_valid 39 walk_read_eq_write 122807 probe_pick_eq_write 1778 full_cycles 32294 emit_wb 140229 expiries 35765 cancels 26901 uns_jobs 140229
cand_5_8_8_0	3	0	2000000	0	0	reg_ops 33771 cmd_hits 29294 cmd_in_clr 6007 cmd_in_set 5933 hit_on_written_row_clr 186 (old_identity 170) hit_on_written_row_set 193 identity_changing_clr 18079 resets 99 reset_in_clr 0 reset_in_set 0 reset_with_stamp_valid 49 walk_read_eq_write 115802 probe_pick_eq_write 2149 full_cycles 19392 emit_wb 133694 expiries 43098 cancels 27224 uns_jobs 133694
cand_5_8_8_0	4	0	2000000	0	0	reg_ops 33617 cmd_hits 28510 cmd_in_clr 5953 cmd_in_set 5949 hit_on_written_row_clr 181 (old_identity 159) hit_on_written_row_set 201 identity_changing_clr 17893 resets 85 reset_in_clr 3 reset_in_set 0 reset_with_stamp_valid 43 walk_read_eq_write 114742 probe_pick_eq_write 2188 full_cycles 18415 emit_wb 132487 expiries 42168 cancels 26986 uns_jobs 132487
cand_5_8_8_0	1001	1	2000000	0	0	reg_ops 0 cmd_hits 67534 cmd_in_clr 13167 cmd_in_set 13072 hit_on_written_row_clr 310 (old_identity 265) hit_on_written_row_set 332 identity_changing_clr 23645 resets 798 reset_in_clr 6 reset_in_set 8 reset_with_stamp_valid 371 walk_read_eq_write 88761 probe_pick_eq_write 325 full_cycles 224227 emit_wb 107204 expiries 27121 cancels 39910 uns_jobs 107204
cand_5_8_8_0	1002	1	2000000	0	0	reg_ops 0 cmd_hits 66771 cmd_in_clr 12856 cmd_in_set 13094 hit_on_written_row_clr 310 (old_identity 270) hit_on_written_row_set 316 identity_changing_clr 23509 resets 835 reset_in_clr 8 reset_in_set 5 reset_with_stamp_valid 385 walk_read_eq_write 89507 probe_pick_eq_write 291 full_cycles 217215 emit_wb 107639 expiries 27223 cancels 38845 uns_jobs 107639
cand_5_8_8_0	1003	1	2000000	0	0	reg_ops 0 cmd_hits 67166 cmd_in_clr 12989 cmd_in_set 13292 hit_on_written_row_clr 332 (old_identity 289) hit_on_written_row_set 332 identity_changing_clr 23663 resets 823 reset_in_clr 4 reset_in_set 5 reset_with_stamp_valid 394 walk_read_eq_write 89065 probe_pick_eq_write 296 full_cycles 224386 emit_wb 107318 expiries 27284 cancels 39235 uns_jobs 107318
cand_5_8_8_0	1004	1	2000000	0	0	reg_ops 0 cmd_hits 67629 cmd_in_clr 13157 cmd_in_set 13260 hit_on_written_row_clr 322 (old_identity 277) hit_on_written_row_set 334 identity_changing_clr 23793 resets 779 reset_in_clr 7 reset_in_set 6 reset_with_stamp_valid 370 walk_read_eq_write 89204 probe_pick_eq_write 345 full_cycles 232903 emit_wb 107603 expiries 27830 cancels 40199 uns_jobs 107603
cand_5_8_8_0	2001	2	2000000	0	0	reg_ops 34112 cmd_hits 44028 cmd_in_clr 6049 cmd_in_set 5950 hit_on_written_row_clr 1665 (old_identity 1364) hit_on_written_row_set 2928 identity_changing_clr 18571 resets 1321 reset_in_clr 610 reset_in_set 596 reset_with_stamp_valid 1132 walk_read_eq_write 105918 probe_pick_eq_write 2061 full_cycles 13622 emit_wb 122278 expiries 41209 cancels 25947 uns_jobs 122278
cand_5_8_8_0	2002	2	2000000	0	0	reg_ops 34221 cmd_hits 42995 cmd_in_clr 5998 cmd_in_set 5879 hit_on_written_row_clr 1654 (old_identity 1328) hit_on_written_row_set 2803 identity_changing_clr 18478 resets 1323 reset_in_clr 611 reset_in_set 624 reset_with_stamp_valid 1126 walk_read_eq_write 105038 probe_pick_eq_write 2118 full_cycles 12897 emit_wb 121357 expiries 42030 cancels 25821 uns_jobs 121357
cand_5_8_8_0	2003	2	2000000	0	0	reg_ops 33916 cmd_hits 42395 cmd_in_clr 6072 cmd_in_set 5746 hit_on_written_row_clr 1690 (old_identity 1370) hit_on_written_row_set 2807 identity_changing_clr 18391 resets 1331 reset_in_clr 648 reset_in_set 588 reset_with_stamp_valid 1159 walk_read_eq_write 103366 probe_pick_eq_write 2060 full_cycles 13591 emit_wb 119612 expiries 41374 cancels 25670 uns_jobs 119612
cand_5_8_8_0	2004	2	2000000	0	0	reg_ops 33691 cmd_hits 42148 cmd_in_clr 5976 cmd_in_set 5955 hit_on_written_row_clr 1681 (old_identity 1366) hit_on_written_row_set 2919 identity_changing_clr 18361 resets 1291 reset_in_clr 636 reset_in_set 588 reset_with_stamp_valid 1120 walk_read_eq_write 103198 probe_pick_eq_write 2090 full_cycles 12407 emit_wb 119445 expiries 42789 cancels 25574 uns_jobs 119445
cand_5_8_8_0	3001	3	2000000	0	0	reg_ops 33689 cmd_hits 121283 cmd_in_clr 2440 cmd_in_set 2383 hit_on_written_row_clr 1064 (old_identity 149) hit_on_written_row_set 1175 identity_changing_clr 2002 resets 144 reset_in_clr 20 reset_in_set 17 reset_with_stamp_valid 83 walk_read_eq_write 211361 probe_pick_eq_write 2359 full_cycles 1833346 emit_wb 211256 expiries 87893 cancels 5103 uns_jobs 211256
cand_5_8_8_0	3002	3	2000000	0	0	reg_ops 33674 cmd_hits 121686 cmd_in_clr 2269 cmd_in_set 2305 hit_on_written_row_clr 940 (old_identity 161) hit_on_written_row_set 1146 identity_changing_clr 1924 resets 108 reset_in_clr 14 reset_in_set 18 reset_with_stamp_valid 66 walk_read_eq_write 212193 probe_pick_eq_write 2283 full_cycles 1850521 emit_wb 212111 expiries 80454 cancels 4942 uns_jobs 212111
cand_5_8_8_0	3003	3	2000000	0	0	reg_ops 33686 cmd_hits 121930 cmd_in_clr 2269 cmd_in_set 2314 hit_on_written_row_clr 974 (old_identity 152) hit_on_written_row_set 1169 identity_changing_clr 1913 resets 142 reset_in_clr 11 reset_in_set 18 reset_with_stamp_valid 80 walk_read_eq_write 212751 probe_pick_eq_write 2248 full_cycles 1850504 emit_wb 212615 expiries 83534 cancels 5031 uns_jobs 212615
cand_5_8_8_0	3004	3	2000000	0	0	reg_ops 33639 cmd_hits 121285 cmd_in_clr 2376 cmd_in_set 2352 hit_on_written_row_clr 1028 (old_identity 158) hit_on_written_row_set 1172 identity_changing_clr 1894 resets 121 reset_in_clr 16 reset_in_set 16 reset_with_stamp_valid 78 walk_read_eq_write 212691 probe_pick_eq_write 2153 full_cycles 1853216 emit_wb 212602 expiries 80881 cancels 4952 uns_jobs 212602
cand_8_3_5_1	1	0	2000000	0	0	reg_ops 32242 cmd_hits 29485 cmd_in_clr 5739 cmd_in_set 5807 hit_on_written_row_clr 186 (old_identity 170) hit_on_written_row_set 194 identity_changing_clr 17426 resets 102 reset_in_clr 0 reset_in_set 0 reset_with_stamp_valid 50 walk_read_eq_write 94694 probe_pick_eq_write 1695 full_cycles 15 emit_wb 112359 expiries 41753 cancels 26288 uns_jobs 114781
cand_8_3_5_1	2	0	2000000	0	0	reg_ops 32050 cmd_hits 30948 cmd_in_clr 5767 cmd_in_set 5855 hit_on_written_row_clr 190 (old_identity 169) hit_on_written_row_set 187 identity_changing_clr 17354 resets 89 reset_in_clr 0 reset_in_set 1 reset_with_stamp_valid 44 walk_read_eq_write 98671 probe_pick_eq_write 1483 full_cycles 145 emit_wb 116295 expiries 38035 cancels 26196 uns_jobs 118597
cand_8_3_5_1	3	0	2000000	0	0	reg_ops 32252 cmd_hits 28173 cmd_in_clr 5825 cmd_in_set 5830 hit_on_written_row_clr 155 (old_identity 137) hit_on_written_row_set 198 identity_changing_clr 17718 resets 87 reset_in_clr 1 reset_in_set 1 reset_with_stamp_valid 46 walk_read_eq_write 92345 probe_pick_eq_write 1841 full_cycles 80 emit_wb 110330 expiries 47456 cancels 26649 uns_jobs 114739
cand_8_3_5_1	4	0	2000000	0	0	reg_ops 31915 cmd_hits 27417 cmd_in_clr 5728 cmd_in_set 5724 hit_on_written_row_clr 188 (old_identity 172) hit_on_written_row_set 185 identity_changing_clr 17244 resets 111 reset_in_clr 1 reset_in_set 0 reset_with_stamp_valid 58 walk_read_eq_write 90571 probe_pick_eq_write 1755 full_cycles 0 emit_wb 108098 expiries 46174 cancels 25889 uns_jobs 112357
cand_8_3_5_1	1001	1	2000000	0	0	reg_ops 0 cmd_hits 66317 cmd_in_clr 12913 cmd_in_set 12859 hit_on_written_row_clr 322 (old_identity 278) hit_on_written_row_set 328 identity_changing_clr 23227 resets 774 reset_in_clr 3 reset_in_set 8 reset_with_stamp_valid 351 walk_read_eq_write 68216 probe_pick_eq_write 255 full_cycles 7437 emit_wb 88955 expiries 30843 cancels 38543 uns_jobs 91951
cand_8_3_5_1	1002	1	2000000	0	0	reg_ops 0 cmd_hits 66093 cmd_in_clr 12661 cmd_in_set 12738 hit_on_written_row_clr 346 (old_identity 309) hit_on_written_row_set 314 identity_changing_clr 23020 resets 900 reset_in_clr 5 reset_in_set 6 reset_with_stamp_valid 396 walk_read_eq_write 68956 probe_pick_eq_write 269 full_cycles 8586 emit_wb 89327 expiries 30670 cancels 37705 uns_jobs 92192
cand_8_3_5_1	1003	1	2000000	0	0	reg_ops 0 cmd_hits 65871 cmd_in_clr 12937 cmd_in_set 12902 hit_on_written_row_clr 317 (old_identity 278) hit_on_written_row_set 334 identity_changing_clr 23287 resets 837 reset_in_clr 7 reset_in_set 5 reset_with_stamp_valid 353 walk_read_eq_write 68649 probe_pick_eq_write 259 full_cycles 9043 emit_wb 89346 expiries 30998 cancels 38347 uns_jobs 92215
cand_8_3_5_1	1004	1	2000000	0	0	reg_ops 0 cmd_hits 65834 cmd_in_clr 12716 cmd_in_set 12542 hit_on_written_row_clr 320 (old_identity 284) hit_on_written_row_set 331 identity_changing_clr 22777 resets 788 reset_in_clr 8 reset_in_set 7 reset_with_stamp_valid 356 walk_read_eq_write 68331 probe_pick_eq_write 295 full_cycles 7738 emit_wb 88592 expiries 30710 cancels 37849 uns_jobs 91605
cand_8_3_5_1	2001	2	2000000	0	0	reg_ops 32274 cmd_hits 40231 cmd_in_clr 5820 cmd_in_set 5696 hit_on_written_row_clr 1652 (old_identity 1347) hit_on_written_row_set 2720 identity_changing_clr 17756 resets 1282 reset_in_clr 608 reset_in_set 579 reset_with_stamp_valid 1032 walk_read_eq_write 85167 probe_pick_eq_write 1562 full_cycles 5 emit_wb 101037 expiries 41430 cancels 24674 uns_jobs 103659
cand_8_3_5_1	2002	2	2000000	0	0	reg_ops 32079 cmd_hits 39162 cmd_in_clr 5776 cmd_in_set 5607 hit_on_written_row_clr 1590 (old_identity 1271) hit_on_written_row_set 2771 identity_changing_clr 17569 resets 1264 reset_in_clr 560 reset_in_set 601 reset_with_stamp_valid 1032 walk_read_eq_write 83369 probe_pick_eq_write 1646 full_cycles 19 emit_wb 99250 expiries 42731 cancels 24314 uns_jobs 102005
cand_8_3_5_1	2003	2	2000000	0	0	reg_ops 32302 cmd_hits 39441 cmd_in_clr 5769 cmd_in_set 5619 hit_on_written_row_clr 1602 (old_identity 1287) hit_on_written_row_set 2796 identity_changing_clr 17529 resets 1295 reset_in_clr 592 reset_in_set 614 reset_with_stamp_valid 1055 walk_read_eq_write 83190 probe_pick_eq_write 1579 full_cycles 0 emit_wb 98972 expiries 42616 cancels 24499 uns_jobs 101768
cand_8_3_5_1	2004	2	2000000	0	0	reg_ops 32153 cmd_hits 38825 cmd_in_clr 5829 cmd_in_set 5685 hit_on_written_row_clr 1629 (old_identity 1303) hit_on_written_row_set 2790 identity_changing_clr 17677 resets 1228 reset_in_clr 579 reset_in_set 550 reset_with_stamp_valid 993 walk_read_eq_write 82870 probe_pick_eq_write 1568 full_cycles 6 emit_wb 98889 expiries 44320 cancels 24682 uns_jobs 101852
cand_8_3_5_1	3001	3	2000000	0	0	reg_ops 31872 cmd_hits 172079 cmd_in_clr 3528 cmd_in_set 3563 hit_on_written_row_clr 1490 (old_identity 222) hit_on_written_row_set 1750 identity_changing_clr 3131 resets 142 reset_in_clr 32 reset_in_set 27 reset_with_stamp_valid 67 walk_read_eq_write 199958 probe_pick_eq_write 2065 full_cycles 1694022 emit_wb 200725 expiries 127962 cancels 7713 uns_jobs 203190
cand_8_3_5_1	3002	3	2000000	0	0	reg_ops 32253 cmd_hits 173837 cmd_in_clr 3599 cmd_in_set 3525 hit_on_written_row_clr 1570 (old_identity 220) hit_on_written_row_set 1724 identity_changing_clr 2972 resets 140 reset_in_clr 19 reset_in_set 21 reset_with_stamp_valid 65 walk_read_eq_write 200215 probe_pick_eq_write 1997 full_cycles 1707918 emit_wb 200919 expiries 116676 cancels 7556 uns_jobs 202238
cand_8_3_5_1	3003	3	2000000	0	0	reg_ops 32104 cmd_hits 172577 cmd_in_clr 3524 cmd_in_set 3580 hit_on_written_row_clr 1501 (old_identity 239) hit_on_written_row_set 1749 identity_changing_clr 3117 resets 150 reset_in_clr 29 reset_in_set 20 reset_with_stamp_valid 71 walk_read_eq_write 200892 probe_pick_eq_write 2067 full_cycles 1700912 emit_wb 201593 expiries 120362 cancels 7621 uns_jobs 203075
cand_8_3_5_1	3004	3	2000000	0	0	reg_ops 32074 cmd_hits 172753 cmd_in_clr 3598 cmd_in_set 3563 hit_on_written_row_clr 1550 (old_identity 232) hit_on_written_row_set 1731 identity_changing_clr 3088 resets 151 reset_in_clr 26 reset_in_set 29 reset_with_stamp_valid 70 walk_read_eq_write 201170 probe_pick_eq_write 1893 full_cycles 1698858 emit_wb 201858 expiries 116566 cancels 7674 uns_jobs 203197
cand_3_1_2_0	1	0	2000000	0	0	reg_ops 34916 cmd_hits 27296 cmd_in_clr 5455 cmd_in_set 5474 hit_on_written_row_clr 160 (old_identity 141) hit_on_written_row_set 204 identity_changing_clr 16533 resets 99 reset_in_clr 0 reset_in_set 0 reset_with_stamp_valid 48 walk_read_eq_write 133856 probe_pick_eq_write 2226 full_cycles 304228 emit_wb 146713 expiries 36101 cancels 24811 uns_jobs 146713
cand_3_1_2_0	2	0	2000000	0	0	reg_ops 35028 cmd_hits 28315 cmd_in_clr 5496 cmd_in_set 5569 hit_on_written_row_clr 174 (old_identity 155) hit_on_written_row_set 177 identity_changing_clr 16218 resets 106 reset_in_clr 0 reset_in_set 0 reset_with_stamp_valid 48 walk_read_eq_write 137922 probe_pick_eq_write 1964 full_cycles 337756 emit_wb 150420 expiries 32419 cancels 24586 uns_jobs 150420
cand_3_1_2_0	3	0	2000000	0	0	reg_ops 35055 cmd_hits 26277 cmd_in_clr 5599 cmd_in_set 5517 hit_on_written_row_clr 187 (old_identity 163) hit_on_written_row_set 160 identity_changing_clr 16679 resets 81 reset_in_clr 0 reset_in_set 0 reset_with_stamp_valid 41 walk_read_eq_write 129757 probe_pick_eq_write 2395 full_cycles 283078 emit_wb 142924 expiries 39455 cancels 25118 uns_jobs 142924
cand_3_1_2_0	4	0	2000000	0	0	reg_ops 34993 cmd_hits 26204 cmd_in_clr 5511 cmd_in_set 5601 hit_on_written_row_clr 176 (old_identity 159) hit_on_written_row_set 181 identity_changing_clr 16709 resets 110 reset_in_clr 0 reset_in_set 0 reset_with_stamp_valid 49 walk_read_eq_write 129196 probe_pick_eq_write 2299 full_cycles 277962 emit_wb 142483 expiries 38969 cancels 25237 uns_jobs 142483
cand_3_1_2_0	1001	1	2000000	0	0	reg_ops 0 cmd_hits 52672 cmd_in_clr 10510 cmd_in_set 10361 hit_on_written_row_clr 265 (old_identity 233) hit_on_written_row_set 260 identity_changing_clr 18750 resets 722 reset_in_clr 2 reset_in_set 4 reset_with_stamp_valid 346 walk_read_eq_write 110541 probe_pick_eq_write 447 full_cycles 793354 emit_wb 121364 expiries 22584 cancels 31997 uns_jobs 121364
cand_3_1_2_0	1002	1	2000000	0	0	reg_ops 0 cmd_hits 52695 cmd_in_clr 10479 cmd_in_set 10589 hit_on_written_row_clr 290 (old_identity 253) hit_on_written_row_set 283 identity_changing_clr 18953 resets 742 reset_in_clr 3 reset_in_set 4 reset_with_stamp_valid 360 walk_read_eq_write 109813 probe_pick_eq_write 402 full_cycles 772902 emit_wb 120863 expiries 22846 cancels 31589 uns_jobs 120863
cand_3_1_2_0	1003	1	2000000	0	0	reg_ops 0 cmd_hits 51530 cmd_in_clr 10239 cmd_in_set 10237 hit_on_written_row_clr 243 (old_identity 208) hit_on_written_row_set 268 identity_changing_clr 18547 resets 777 reset_in_clr 4 reset_in_set 3 reset_with_stamp_valid 372 walk_read_eq_write 110605 probe_pick_eq_write 381 full_cycles 787426 emit_wb 121359 expiries 22450 cancels 31259 uns_jobs 121359
cand_3_1_2_0	1004	1	2000000	0	0	reg_ops 0 cmd_hits 51751 cmd_in_clr 10514 cmd_in_set 10449 hit_on_written_row_clr 242 (old_identity 223) hit_on_written_row_set 295 identity_changing_clr 18906 resets 824 reset_in_clr 5 reset_in_set 6 reset_with_stamp_valid 397 walk_read_eq_write 109707 probe_pick_eq_write 445 full_cycles 767761 emit_wb 120580 expiries 22805 cancels 32378 uns_jobs 120580
cand_3_1_2_0	2001	2	2000000	0	0	reg_ops 35029 cmd_hits 43327 cmd_in_clr 5773 cmd_in_set 5509 hit_on_written_row_clr 1538 (old_identity 1259) hit_on_written_row_set 2662 identity_changing_clr 17383 resets 1251 reset_in_clr 586 reset_in_set 597 reset_with_stamp_valid 994 walk_read_eq_write 119459 probe_pick_eq_write 2233 full_cycles 225193 emit_wb 131850 expiries 39124 cancels 24459 uns_jobs 131850
cand_3_1_2_0	2002	2	2000000	0	0	reg_ops 35040 cmd_hits 42963 cmd_in_clr 5794 cmd_in_set 5430 hit_on_written_row_clr 1573 (old_identity 1247) hit_on_written_row_set 2688 identity_changing_clr 17205 resets 1280 reset_in_clr 581 reset_in_set 587 reset_with_stamp_valid 1013 walk_read_eq_write 118443 probe_pick_eq_write 2328 full_cycles 230017 emit_wb 130823 expiries 40291 cancels 24290 uns_jobs 130823
cand_3_1_2_0	2003	2	2000000	0	0	reg_ops 35205 cmd_hits 42618 cmd_in_clr 5720 cmd_in_set 5556 hit_on_written_row_clr 1548 (old_identity 1252) hit_on_written_row_set 2662 identity_changing_clr 17360 resets 1287 reset_in_clr 557 reset_in_set 603 reset_with_stamp_valid 1017 walk_read_eq_write 116717 probe_pick_eq_write 2232 full_cycles 227218 emit_wb 129151 expiries 40314 cancels 24367 uns_jobs 129151
cand_3_1_2_0	2004	2	2000000	0	0	reg_ops 34749 cmd_hits 42099 cmd_in_clr 5693 cmd_in_set 5459 hit_on_written_row_clr 1652 (old_identity 1325) hit_on_written_row_set 2663 identity_changing_clr 17335 resets 1275 reset_in_clr 622 reset_in_set 570 reset_with_stamp_valid 1013 walk_read_eq_write 115962 probe_pick_eq_write 2314 full_cycles 213298 emit_wb 128604 expiries 41434 cancels 24830 uns_jobs 128604
cand_3_1_2_0	3001	3	2000000	0	0	reg_ops 34663 cmd_hits 85662 cmd_in_clr 1497 cmd_in_set 1481 hit_on_written_row_clr 632 (old_identity 102) hit_on_written_row_set 697 identity_changing_clr 1233 resets 116 reset_in_clr 11 reset_in_set 8 reset_with_stamp_valid 68 walk_read_eq_write 219470 probe_pick_eq_write 2874 full_cycles 1918542 emit_wb 218815 expiries 61174 cancels 3220 uns_jobs 218815
cand_3_1_2_0	3002	3	2000000	0	0	reg_ops 34811 cmd_hits 86074 cmd_in_clr 1488 cmd_in_set 1483 hit_on_written_row_clr 622 (old_identity 100) hit_on_written_row_set 722 identity_changing_clr 1180 resets 141 reset_in_clr 14 reset_in_set 7 reset_with_stamp_valid 76 walk_read_eq_write 219861 probe_pick_eq_write 2812 full_cycles 1914411 emit_wb 219098 expiries 54952 cancels 3187 uns_jobs 219098
cand_3_1_2_0	3003	3	2000000	0	0	reg_ops 34460 cmd_hits 85579 cmd_in_clr 1399 cmd_in_set 1453 hit_on_written_row_clr 598 (old_identity 92) hit_on_written_row_set 696 identity_changing_clr 1254 resets 115 reset_in_clr 9 reset_in_set 17 reset_with_stamp_valid 73 walk_read_eq_write 220461 probe_pick_eq_write 2809 full_cycles 1911973 emit_wb 219806 expiries 57237 cancels 3201 uns_jobs 219807
cand_3_1_2_0	3004	3	2000000	0	0	reg_ops 34547 cmd_hits 85943 cmd_in_clr 1508 cmd_in_set 1403 hit_on_written_row_clr 662 (old_identity 86) hit_on_written_row_set 681 identity_changing_clr 1183 resets 115 reset_in_clr 12 reset_in_set 15 reset_with_stamp_valid 68 walk_read_eq_write 220280 probe_pick_eq_write 2831 full_cycles 1911165 emit_wb 219594 expiries 55380 cancels 3187 uns_jobs 219594
cand_1_1_1_0	1	0	2000000	0	0	reg_ops 36329 cmd_hits 12431 cmd_in_clr 2572 cmd_in_set 2649 hit_on_written_row_clr 95 (old_identity 85) hit_on_written_row_set 91 identity_changing_clr 7716 resets 86 reset_in_clr 0 reset_in_set 0 reset_with_stamp_valid 47 walk_read_eq_write 100059 probe_pick_eq_write 1644 full_cycles 1291519 emit_wb 99256 expiries 17841 cancels 11682 uns_jobs 99256
cand_1_1_1_0	2	0	2000000	0	0	reg_ops 36504 cmd_hits 12531 cmd_in_clr 2538 cmd_in_set 2494 hit_on_written_row_clr 81 (old_identity 76) hit_on_written_row_set 78 identity_changing_clr 7365 resets 99 reset_in_clr 0 reset_in_set 0 reset_with_stamp_valid 48 walk_read_eq_write 102958 probe_pick_eq_write 1347 full_cycles 1338799 emit_wb 102139 expiries 15490 cancels 11261 uns_jobs 102139
cand_1_1_1_0	3	0	2000000	0	0	reg_ops 36146 cmd_hits 12022 cmd_in_clr 2708 cmd_in_set 2790 hit_on_written_row_clr 80 (old_identity 74) hit_on_written_row_set 70 identity_changing_clr 8087 resets 88 reset_in_clr 0 reset_in_set 0 reset_with_stamp_valid 44 walk_read_eq_write 99889 probe_pick_eq_write 1754 full_cycles 1267809 emit_wb 99120 expiries 19577 cancels 12119 uns_jobs 99120
cand_1_1_1_0	4	0	2000000	0	0	reg_ops 36402 cmd_hits 12424 cmd_in_clr 2650 cmd_in_set 2704 hit_on_written_row_clr 106 (old_identity 102) hit_on_written_row_set 113 identity_changing_clr 7958 resets 100 reset_in_clr 1 reset_in_set 1 reset_with_stamp_valid 53 walk_read_eq_write 99679 probe_pick_eq_write 1807 full_cycles 1267009 emit_wb 98922 expiries 19614 cancels 11991 uns_jobs 98922
cand_1_1_1_0	1001	1	2000000	0	0	reg_ops 0 cmd_hits 21615 cmd_in_clr 4602 cmd_in_set 4596 hit_on_written_row_clr 121 (old_identity 101) hit_on_written_row_set 115 identity_changing_clr 8153 resets 758 reset_in_clr 2 reset_in_set 4 reset_with_stamp_valid 365 walk_read_eq_write 114571 probe_pick_eq_write 460 full_cycles 1733469 emit_wb 112539 expiries 12819 cancels 15549 uns_jobs 112539
cand_1_1_1_0	1002	1	2000000	0	0	reg_ops 0 cmd_hits 21850 cmd_in_clr 4560 cmd_in_set 4540 hit_on_written_row_clr 119 (old_identity 100) hit_on_written_row_set 135 identity_changing_clr 8012 resets 809 reset_in_clr 4 reset_in_set 1 reset_with_stamp_valid 392 walk_read_eq_write 115551 probe_pick_eq_write 460 full_cycles 1742251 emit_wb 113525 expiries 12746 cancels 14597 uns_jobs 113525
cand_1_1_1_0	1003	1	2000000	0	0	reg_ops 0 cmd_hits 21565 cmd_in_clr 4618 cmd_in_set 4565 hit_on_written_row_clr 116 (old_identity 108) hit_on_written_row_set 111 identity_changing_clr 8080 resets 807 reset_in_clr 3 reset_in_set 0 reset_with_stamp_valid 390 walk_read_eq_write 115126 probe_pick_eq_write 472 full_cycles 1734647 emit_wb 113125 expiries 12888 cancels 14924 uns_jobs 113125
cand_1_1_1_0	1004	1	2000000	0	0	reg_ops 0 cmd_hits 21705 cmd_in_clr 4613 cmd_in_set 4639 hit_on_written_row_clr 110 (old_identity 93) hit_on_written_row_set 119 identity_changing_clr 8261 resets 749 reset_in_clr 3 reset_in_set 2 reset_with_stamp_valid 378 walk_read_eq_write 114932 probe_pick_eq_write 492 full_cycles 1735816 emit_wb 112891 expiries 12968 cancels 15888 uns_jobs 112891
cand_1_1_1_0	2001	2	2000000	0	0	reg_ops 36529 cmd_hits 26057 cmd_in_clr 2743 cmd_in_set 2804 hit_on_written_row_clr 792 (old_identity 578) hit_on_written_row_set 1391 identity_changing_clr 8244 resets 675 reset_in_clr 292 reset_in_set 266 reset_with_stamp_valid 543 walk_read_eq_write 97096 probe_pick_eq_write 1724 full_cycles 1256780 emit_wb 95793 expiries 22026 cancels 12519 uns_jobs 95793
cand_1_1_1_0	2002	2	2000000	0	0	reg_ops 36293 cmd_hits 25895 cmd_in_clr 2757 cmd_in_set 2651 hit_on_written_row_clr 785 (old_identity 600) hit_on_written_row_set 1304 identity_changing_clr 8245 resets 652 reset_in_clr 304 reset_in_set 268 reset_with_stamp_valid 535 walk_read_eq_write 96690 probe_pick_eq_write 1868 full_cycles 1255375 emit_wb 95375 expiries 22888 cancels 12630 uns_jobs 95375
cand_1_1_1_0	2003	2	2000000	0	0	reg_ops 36516 cmd_hits 25838 cmd_in_clr 2816 cmd_in_set 2751 hit_on_written_row_clr 817 (old_identity 616) hit_on_written_row_set 1347 identity_changing_clr 8398 resets 630 reset_in_clr 277 reset_in_set 254 reset_with_stamp_valid 507 walk_read_eq_write 95636 probe_pick_eq_write 1821 full_cycles 1244662 emit_wb 94371 expiries 23128 cancels 12808 uns_jobs 94371
cand_1_1_1_0	2004	2	2000000	0	0	reg_ops 36264 cmd_hits 25509 cmd_in_clr 2895 cmd_in_set 2654 hit_on_written_row_clr 845 (old_identity 629) hit_on_written_row_set 1226 identity_changing_clr 8321 resets 666 reset_in_clr 297 reset_in_set 275 reset_with_stamp_valid 542 walk_read_eq_write 95749 probe_pick_eq_write 1995 full_cycles 1238731 emit_wb 94444 expiries 23832 cancels 12740 uns_jobs 94444
cand_1_1_1_0	3001	3	2000000	0	0	reg_ops 36037 cmd_hits 38858 cmd_in_clr 488 cmd_in_set 531 hit_on_written_row_clr 208 (old_identity 32) hit_on_written_row_set 259 identity_changing_clr 466 resets 114 reset_in_clr 4 reset_in_set 3 reset_with_stamp_valid 57 walk_read_eq_write 145117 probe_pick_eq_write 2812 full_cycles 1971943 emit_wb 143754 expiries 26191 cancels 1219 uns_jobs 143754
cand_1_1_1_0	3002	3	2000000	0	0	reg_ops 36019 cmd_hits 38384 cmd_in_clr 534 cmd_in_set 524 hit_on_written_row_clr 224 (old_identity 40) hit_on_written_row_set 275 identity_changing_clr 434 resets 111 reset_in_clr 4 reset_in_set 3 reset_with_stamp_valid 55 walk_read_eq_write 142229 probe_pick_eq_write 2352 full_cycles 1973585 emit_wb 140896 expiries 22635 cancels 1144 uns_jobs 140896
cand_1_1_1_0	3003	3	2000000	0	0	reg_ops 35974 cmd_hits 38799 cmd_in_clr 524 cmd_in_set 514 hit_on_written_row_clr 224 (old_identity 27) hit_on_written_row_set 243 identity_changing_clr 389 resets 83 reset_in_clr 4 reset_in_set 5 reset_with_stamp_valid 46 walk_read_eq_write 144407 probe_pick_eq_write 2608 full_cycles 1975642 emit_wb 143025 expiries 24453 cancels 1084 uns_jobs 143025
cand_1_1_1_0	3004	3	2000000	0	0	reg_ops 35929 cmd_hits 38609 cmd_in_clr 499 cmd_in_set 492 hit_on_written_row_clr 221 (old_identity 39) hit_on_written_row_set 238 identity_changing_clr 407 resets 113 reset_in_clr 5 reset_in_set 5 reset_with_stamp_valid 61 walk_read_eq_write 143613 probe_pick_eq_write 2373 full_cycles 1974597 emit_wb 142293 expiries 22840 cancels 1093 uns_jobs 142293
ctl_first_chunk_ignored	1	0	2000000	1	42838	reg_ops 28011 cmd_hits 26562 cmd_in_clr 5068 cmd_in_set 4976 hit_on_written_row_clr 173 (old_identity 156) hit_on_written_row_set 157 identity_changing_clr 15262 resets 98 reset_in_clr 0 reset_in_set 1 reset_with_stamp_valid 49 walk_read_eq_write 60093 probe_pick_eq_write 1092 full_cycles 0 emit_wb 75649 expiries 34561 cancels 22910 uns_jobs 75649
ctl_first_chunk_ignored	2	0	2000000	1	705718	reg_ops 28004 cmd_hits 27786 cmd_in_clr 5135 cmd_in_set 5049 hit_on_written_row_clr 168 (old_identity 155) hit_on_written_row_set 157 identity_changing_clr 15167 resets 88 reset_in_clr 0 reset_in_set 0 reset_with_stamp_valid 44 walk_read_eq_write 62250 probe_pick_eq_write 938 full_cycles 0 emit_wb 77682 expiries 31415 cancels 22872 uns_jobs 77715
ctl_first_chunk_ignored	3	0	2000000	1	205347	reg_ops 27945 cmd_hits 25571 cmd_in_clr 5086 cmd_in_set 5029 hit_on_written_row_clr 177 (old_identity 157) hit_on_written_row_set 165 identity_changing_clr 15186 resets 118 reset_in_clr 0 reset_in_set 0 reset_with_stamp_valid 60 walk_read_eq_write 57166 probe_pick_eq_write 1321 full_cycles 0 emit_wb 72675 expiries 37109 cancels 22724 uns_jobs 72680
ctl_first_chunk_ignored	4	0	2000000	1	2395918	reg_ops 27861 cmd_hits 24746 cmd_in_clr 5105 cmd_in_set 5074 hit_on_written_row_clr 142 (old_identity 130) hit_on_written_row_set 148 identity_changing_clr 15289 resets 75 reset_in_clr 0 reset_in_set 0 reset_with_stamp_valid 40 walk_read_eq_write 56976 probe_pick_eq_write 1234 full_cycles 0 emit_wb 72590 expiries 37008 cancels 22909 uns_jobs 72647
ctl_first_chunk_ignored	1001	1	2000000	1	1003490	reg_ops 0 cmd_hits 46864 cmd_in_clr 8484 cmd_in_set 8688 hit_on_written_row_clr 225 (old_identity 209) hit_on_written_row_set 238 identity_changing_clr 15751 resets 832 reset_in_clr 3 reset_in_set 3 reset_with_stamp_valid 322 walk_read_eq_write 41252 probe_pick_eq_write 178 full_cycles 0 emit_wb 55708 expiries 20632 cancels 25825 uns_jobs 55616
ctl_first_chunk_ignored	1002	1	2000000	1	211801	reg_ops 0 cmd_hits 47037 cmd_in_clr 8569 cmd_in_set 8562 hit_on_written_row_clr 232 (old_identity 211) hit_on_written_row_set 235 identity_changing_clr 15711 resets 737 reset_in_clr 2 reset_in_set 1 reset_with_stamp_valid 308 walk_read_eq_write 41645 probe_pick_eq_write 186 full_cycles 0 emit_wb 56037 expiries 20552 cancels 25407 uns_jobs 56024
ctl_first_chunk_ignored	1003	1	2000000	1	436062	reg_ops 0 cmd_hits 47689 cmd_in_clr 8515 cmd_in_set 8396 hit_on_written_row_clr 233 (old_identity 204) hit_on_written_row_set 221 identity_changing_clr 15763 resets 831 reset_in_clr 6 reset_in_set 5 reset_with_stamp_valid 340 walk_read_eq_write 41956 probe_pick_eq_write 154 full_cycles 0 emit_wb 56404 expiries 20713 cancels 25547 uns_jobs 56359
ctl_first_chunk_ignored	1004	1	2000000	1	3252343	reg_ops 0 cmd_hits 49423 cmd_in_clr 8625 cmd_in_set 8727 hit_on_written_row_clr 226 (old_identity 199) hit_on_written_row_set 230 identity_changing_clr 16061 resets 810 reset_in_clr 2 reset_in_set 1 reset_with_stamp_valid 318 walk_read_eq_write 42664 probe_pick_eq_write 138 full_cycles 0 emit_wb 57403 expiries 20985 cancels 26272 uns_jobs 56996
ctl_first_chunk_ignored	2001	2	2000000	1	39239	reg_ops 28314 cmd_hits 34106 cmd_in_clr 5058 cmd_in_set 4941 hit_on_written_row_clr 1439 (old_identity 1172) hit_on_written_row_set 2367 identity_changing_clr 15525 resets 1191 reset_in_clr 531 reset_in_set 552 reset_with_stamp_valid 787 walk_read_eq_write 53895 probe_pick_eq_write 1004 full_cycles 0 emit_wb 67893 expiries 34650 cancels 21617 uns_jobs 67895
ctl_first_chunk_ignored	2002	2	2000000	1	28662	reg_ops 27988 cmd_hits 32905 cmd_in_clr 5039 cmd_in_set 4863 hit_on_written_row_clr 1374 (old_identity 1097) hit_on_written_row_set 2271 identity_changing_clr 15405 resets 1069 reset_in_clr 496 reset_in_set 478 reset_with_stamp_valid 728 walk_read_eq_write 52941 probe_pick_eq_write 954 full_cycles 0 emit_wb 67063 expiries 35282 cancels 21636 uns_jobs 67063
ctl_first_chunk_ignored	2003	2	2000000	1	25626	reg_ops 28100 cmd_hits 32687 cmd_in_clr 4906 cmd_in_set 4833 hit_on_written_row_clr 1375 (old_identity 1113) hit_on_written_row_set 2401 identity_changing_clr 15325 resets 1060 reset_in_clr 494 reset_in_set 476 reset_with_stamp_valid 749 walk_read_eq_write 52572 probe_pick_eq_write 940 full_cycles 0 emit_wb 66579 expiries 34681 cancels 21479 uns_jobs 66579
ctl_first_chunk_ignored	2004	2	2000000	1	244184	reg_ops 28028 cmd_hits 32422 cmd_in_clr 5057 cmd_in_set 4830 hit_on_written_row_clr 1367 (old_identity 1105) hit_on_written_row_set 2393 identity_changing_clr 15384 resets 1150 reset_in_clr 510 reset_in_set 547 reset_with_stamp_valid 777 walk_read_eq_write 51960 probe_pick_eq_write 984 full_cycles 0 emit_wb 65898 expiries 35801 cancels 21283 uns_jobs 65906
ctl_first_chunk_ignored	3001	3	2000000	1	185526	reg_ops 28745 cmd_hits 296452 cmd_in_clr 6273 cmd_in_set 6296 hit_on_written_row_clr 2629 (old_identity 399) hit_on_written_row_set 3077 identity_changing_clr 5540 resets 150 reset_in_clr 45 reset_in_set 39 reset_with_stamp_valid 22 walk_read_eq_write 173575 probe_pick_eq_write 1611 full_cycles 1020621 emit_wb 176150 expiries 191616 cancels 13260 uns_jobs 176150
ctl_first_chunk_ignored	3002	3	2000000	1	169041	reg_ops 28691 cmd_hits 292957 cmd_in_clr 6219 cmd_in_set 6215 hit_on_written_row_clr 2590 (old_identity 424) hit_on_written_row_set 3051 identity_changing_clr 5777 resets 206 reset_in_clr 44 reset_in_set 46 reset_with_stamp_valid 44 walk_read_eq_write 173935 probe_pick_eq_write 1498 full_cycles 1001437 emit_wb 176499 expiries 176371 cancels 12826 uns_jobs 176500
ctl_first_chunk_ignored	3003	3	2000000	1	179656	reg_ops 28874 cmd_hits 295280 cmd_in_clr 6191 cmd_in_set 6260 hit_on_written_row_clr 2584 (old_identity 402) hit_on_written_row_set 3029 identity_changing_clr 5591 resets 175 reset_in_clr 38 reset_in_set 34 reset_with_stamp_valid 34 walk_read_eq_write 174359 probe_pick_eq_write 1524 full_cycles 1022249 emit_wb 176895 expiries 182577 cancels 13076 uns_jobs 176895
ctl_first_chunk_ignored	3004	3	2000000	1	3083960	reg_ops 28895 cmd_hits 298097 cmd_in_clr 6036 cmd_in_set 6143 hit_on_written_row_clr 2574 (old_identity 402) hit_on_written_row_set 2984 identity_changing_clr 5318 resets 155 reset_in_clr 40 reset_in_set 29 reset_with_stamp_valid 31 walk_read_eq_write 175057 probe_pick_eq_write 1420 full_cycles 1051819 emit_wb 177591 expiries 178870 cancels 12790 uns_jobs 177686
ctl_index_wrong_row	1	0	2000000	1	6687593	reg_ops 28011 cmd_hits 26562 cmd_in_clr 5063 cmd_in_set 4985 hit_on_written_row_clr 175 (old_identity 158) hit_on_written_row_set 155 identity_changing_clr 15264 resets 98 reset_in_clr 0 reset_in_set 1 reset_with_stamp_valid 49 walk_read_eq_write 59490 probe_pick_eq_write 1079 full_cycles 0 emit_wb 75044 expiries 34561 cancels 22910 uns_jobs 75649
ctl_index_wrong_row	2	0	2000000	1	6939494	reg_ops 28004 cmd_hits 27786 cmd_in_clr 5135 cmd_in_set 5056 hit_on_written_row_clr 170 (old_identity 155) hit_on_written_row_set 154 identity_changing_clr 15166 resets 88 reset_in_clr 0 reset_in_set 0 reset_with_stamp_valid 44 walk_read_eq_write 61748 probe_pick_eq_write 924 full_cycles 0 emit_wb 77185 expiries 31415 cancels 22872 uns_jobs 77715
ctl_index_wrong_row	3	0	2000000	1	6479912	reg_ops 27945 cmd_hits 25571 cmd_in_clr 5067 cmd_in_set 5015 hit_on_written_row_clr 177 (old_identity 157) hit_on_written_row_set 164 identity_changing_clr 15179 resets 118 reset_in_clr 0 reset_in_set 0 reset_with_stamp_valid 60 walk_read_eq_write 56620 probe_pick_eq_write 1311 full_cycles 0 emit_wb 72130 expiries 37109 cancels 22724 uns_jobs 72680
ctl_index_wrong_row	4	0	2000000	1	6910825	reg_ops 27861 cmd_hits 24746 cmd_in_clr 5095 cmd_in_set 5078 hit_on_written_row_clr 141 (old_identity 130) hit_on_written_row_set 148 identity_changing_clr 15289 resets 75 reset_in_clr 0 reset_in_set 0 reset_with_stamp_valid 40 walk_read_eq_write 56513 probe_pick_eq_write 1230 full_cycles 0 emit_wb 72128 expiries 37008 cancels 22909 uns_jobs 72647
ctl_index_wrong_row	1001	1	2000000	1	10782728	reg_ops 0 cmd_hits 46864 cmd_in_clr 8515 cmd_in_set 8726 hit_on_written_row_clr 227 (old_identity 213) hit_on_written_row_set 237 identity_changing_clr 15815 resets 832 reset_in_clr 4 reset_in_set 3 reset_with_stamp_valid 323 walk_read_eq_write 41396 probe_pick_eq_write 176 full_cycles 0 emit_wb 55846 expiries 20632 cancels 25825 uns_jobs 55616
ctl_index_wrong_row	1002	1	2000000	1	11151283	reg_ops 0 cmd_hits 47037 cmd_in_clr 8587 cmd_in_set 8581 hit_on_written_row_clr 211 (old_identity 190) hit_on_written_row_set 222 identity_changing_clr 15749 resets 737 reset_in_clr 2 reset_in_set 1 reset_with_stamp_valid 306 walk_read_eq_write 42050 probe_pick_eq_write 184 full_cycles 0 emit_wb 56452 expiries 20552 cancels 25407 uns_jobs 56024
ctl_index_wrong_row	1003	1	2000000	1	12618050	reg_ops 0 cmd_hits 47689 cmd_in_clr 8577 cmd_in_set 8481 hit_on_written_row_clr 217 (old_identity 189) hit_on_written_row_set 208 identity_changing_clr 15827 resets 831 reset_in_clr 7 reset_in_set 7 reset_with_stamp_valid 338 walk_read_eq_write 42485 probe_pick_eq_write 145 full_cycles 0 emit_wb 56951 expiries 20713 cancels 25547 uns_jobs 56359
ctl_index_wrong_row	1004	1	2000000	1	12663130	reg_ops 0 cmd_hits 49423 cmd_in_clr 8669 cmd_in_set 8819 hit_on_written_row_clr 217 (old_identity 192) hit_on_written_row_set 212 identity_changing_clr 16120 resets 810 reset_in_clr 2 reset_in_set 1 reset_with_stamp_valid 319 walk_read_eq_write 42679 probe_pick_eq_write 131 full_cycles 0 emit_wb 57469 expiries 20985 cancels 26272 uns_jobs 56996
ctl_index_wrong_row	2001	2	2000000	1	4191136	reg_ops 28093 cmd_hits 33550 cmd_in_clr 5052 cmd_in_set 4946 hit_on_written_row_clr 1356 (old_identity 1089) hit_on_written_row_set 2401 identity_changing_clr 15300 resets 1145 reset_in_clr 529 reset_in_set 498 reset_with_stamp_valid 768 walk_read_eq_write 53199 probe_pick_eq_write 957 full_cycles 0 emit_wb 67054 expiries 33977 cancels 21067 uns_jobs 67578
ctl_index_wrong_row	2002	2	2000000	1	4354508	reg_ops 28210 cmd_hits 32866 cmd_in_clr 4924 cmd_in_set 4931 hit_on_written_row_clr 1360 (old_identity 1103) hit_on_written_row_set 2350 identity_changing_clr 15437 resets 1110 reset_in_clr 526 reset_in_set 475 reset_with_stamp_valid 724 walk_read_eq_write 52192 probe_pick_eq_write 924 full_cycles 0 emit_wb 66254 expiries 35023 cancels 21625 uns_jobs 66903
ctl_index_wrong_row	2003	2	2000000	1	4003023	reg_ops 28264 cmd_hits 32975 cmd_in_clr 5022 cmd_in_set 4805 hit_on_written_row_clr 1384 (old_identity 1111) hit_on_written_row_set 2323 identity_changing_clr 15546 resets 1136 reset_in_clr 519 reset_in_set 531 reset_with_stamp_valid 788 walk_read_eq_write 51920 probe_pick_eq_write 966 full_cycles 0 emit_wb 66016 expiries 34992 cancels 21635 uns_jobs 66436
ctl_index_wrong_row	2004	2	2000000	1	4236397	reg_ops 28171 cmd_hits 32448 cmd_in_clr 4973 cmd_in_set 4843 hit_on_written_row_clr 1375 (old_identity 1123) hit_on_written_row_set 2344 identity_changing_clr 15319 resets 1136 reset_in_clr 497 reset_in_set 513 reset_with_stamp_valid 762 walk_read_eq_write 52128 probe_pick_eq_write 953 full_cycles 0 emit_wb 66088 expiries 35915 cancels 21315 uns_jobs 66665
ctl_index_wrong_row	3001	3	2000000	1	14854968	reg_ops 28663 cmd_hits 294007 cmd_in_clr 6156 cmd_in_set 6114 hit_on_written_row_clr 2492 (old_identity 415) hit_on_written_row_set 2791 identity_changing_clr 5758 resets 178 reset_in_clr 35 reset_in_set 47 reset_with_stamp_valid 51 walk_read_eq_write 173206 probe_pick_eq_write 1654 full_cycles 1005757 emit_wb 175842 expiries 189765 cancels 13110 uns_jobs 176371
ctl_index_wrong_row	3002	3	2000000	1	15513839	reg_ops 28949 cmd_hits 297257 cmd_in_clr 6288 cmd_in_set 6179 hit_on_written_row_clr 2443 (old_identity 367) hit_on_written_row_set 2828 identity_changing_clr 5344 resets 158 reset_in_clr 33 reset_in_set 29 reset_with_stamp_valid 34 walk_read_eq_write 173824 probe_pick_eq_write 1562 full_cycles 1057065 emit_wb 176340 expiries 178699 cancels 12873 uns_jobs 176927
ctl_index_wrong_row	3003	3	2000000	1	14836662	reg_ops 28800 cmd_hits 295477 cmd_in_clr 6183 cmd_in_set 6160 hit_on_written_row_clr 2485 (old_identity 412) hit_on_written_row_set 2728 identity_changing_clr 5507 resets 174 reset_in_clr 38 reset_in_set 41 reset_with_stamp_valid 38 walk_read_eq_write 174272 probe_pick_eq_write 1580 full_cycles 1033095 emit_wb 176821 expiries 182235 cancels 12999 uns_jobs 177272
ctl_index_wrong_row	3004	3	2000000	1	15598449	reg_ops 28781 cmd_hits 297335 cmd_in_clr 6217 cmd_in_set 6105 hit_on_written_row_clr 2534 (old_identity 391) hit_on_written_row_set 2701 identity_changing_clr 5445 resets 166 reset_in_clr 43 reset_in_set 41 reset_with_stamp_valid 25 walk_read_eq_write 174689 probe_pick_eq_write 1464 full_cycles 1043661 emit_wb 177203 expiries 179090 cancels 12776 uns_jobs 177692
ctl_key_swapped	1	0	2000000	1	6187637	reg_ops 28011 cmd_hits 26562 cmd_in_clr 5062 cmd_in_set 4987 hit_on_written_row_clr 174 (old_identity 157) hit_on_written_row_set 155 identity_changing_clr 15263 resets 98 reset_in_clr 0 reset_in_set 1 reset_with_stamp_valid 49 walk_read_eq_write 59533 probe_pick_eq_write 1081 full_cycles 0 emit_wb 75089 expiries 34561 cancels 22910 uns_jobs 75649
ctl_key_swapped	2	0	2000000	1	6478179	reg_ops 28004 cmd_hits 27786 cmd_in_clr 5136 cmd_in_set 5058 hit_on_written_row_clr 170 (old_identity 155) hit_on_written_row_set 154 identity_changing_clr 15164 resets 88 reset_in_clr 0 reset_in_set 0 reset_with_stamp_valid 44 walk_read_eq_write 61811 probe_pick_eq_write 926 full_cycles 0 emit_wb 77247 expiries 31415 cancels 22872 uns_jobs 77715
ctl_key_swapped	3	0	2000000	1	6142934	reg_ops 27945 cmd_hits 25571 cmd_in_clr 5068 cmd_in_set 5017 hit_on_written_row_clr 177 (old_identity 157) hit_on_written_row_set 164 identity_changing_clr 15181 resets 118 reset_in_clr 0 reset_in_set 0 reset_with_stamp_valid 60 walk_read_eq_write 56671 probe_pick_eq_write 1310 full_cycles 0 emit_wb 72181 expiries 37109 cancels 22724 uns_jobs 72680
ctl_key_swapped	4	0	2000000	1	6602150	reg_ops 27861 cmd_hits 24746 cmd_in_clr 5098 cmd_in_set 5077 hit_on_written_row_clr 141 (old_identity 130) hit_on_written_row_set 148 identity_changing_clr 15289 resets 75 reset_in_clr 0 reset_in_set 0 reset_with_stamp_valid 40 walk_read_eq_write 56578 probe_pick_eq_write 1232 full_cycles 0 emit_wb 72193 expiries 37008 cancels 22909 uns_jobs 72647
ctl_key_swapped	1001	1	2000000	1	10233722	reg_ops 0 cmd_hits 46864 cmd_in_clr 8513 cmd_in_set 8731 hit_on_written_row_clr 227 (old_identity 213) hit_on_written_row_set 237 identity_changing_clr 15825 resets 832 reset_in_clr 4 reset_in_set 3 reset_with_stamp_valid 323 walk_read_eq_write 41412 probe_pick_eq_write 177 full_cycles 0 emit_wb 55867 expiries 20632 cancels 25825 uns_jobs 55616
ctl_key_swapped	1002	1	2000000	1	10357928	reg_ops 0 cmd_hits 47037 cmd_in_clr 8595 cmd_in_set 8591 hit_on_written_row_clr 212 (old_identity 190) hit_on_written_row_set 223 identity_changing_clr 15764 resets 737 reset_in_clr 2 reset_in_set 1 reset_with_stamp_valid 306 walk_read_eq_write 42059 probe_pick_eq_write 185 full_cycles 0 emit_wb 56478 expiries 20552 cancels 25407 uns_jobs 56024
ctl_key_swapped	1003	1	2000000	1	11960240	reg_ops 0 cmd_hits 47689 cmd_in_clr 8582 cmd_in_set 8475 hit_on_written_row_clr 218 (old_identity 190) hit_on_written_row_set 209 identity_changing_clr 15838 resets 831 reset_in_clr 7 reset_in_set 7 reset_with_stamp_valid 338 walk_read_eq_write 42524 probe_pick_eq_write 144 full_cycles 0 emit_wb 57000 expiries 20713 cancels 25547 uns_jobs 56359
ctl_key_swapped	1004	1	2000000	1	11410288	reg_ops 0 cmd_hits 49423 cmd_in_clr 8649 cmd_in_set 8782 hit_on_written_row_clr 214 (old_identity 189) hit_on_written_row_set 215 identity_changing_clr 16090 resets 810 reset_in_clr 2 reset_in_set 1 reset_with_stamp_valid 318 walk_read_eq_write 42612 probe_pick_eq_write 135 full_cycles 0 emit_wb 57383 expiries 20985 cancels 26272 uns_jobs 56996
ctl_key_swapped	2001	2	2000000	1	3960444	reg_ops 28106 cmd_hits 33455 cmd_in_clr 5019 cmd_in_set 4919 hit_on_written_row_clr 1340 (old_identity 1091) hit_on_written_row_set 2389 identity_changing_clr 15408 resets 1107 reset_in_clr 519 reset_in_set 486 reset_with_stamp_valid 741 walk_read_eq_write 53514 probe_pick_eq_write 944 full_cycles 0 emit_wb 67544 expiries 34492 cancels 21556 uns_jobs 68081
ctl_key_swapped	2002	2	2000000	1	4010996	reg_ops 28111 cmd_hits 32854 cmd_in_clr 4992 cmd_in_set 4860 hit_on_written_row_clr 1362 (old_identity 1100) hit_on_written_row_set 2346 identity_changing_clr 15363 resets 1120 reset_in_clr 529 reset_in_set 496 reset_with_stamp_valid 772 walk_read_eq_write 52252 probe_pick_eq_write 972 full_cycles 0 emit_wb 66214 expiries 34990 cancels 21504 uns_jobs 66748
ctl_key_swapped	2003	2	2000000	1	4046710	reg_ops 28357 cmd_hits 33145 cmd_in_clr 5026 cmd_in_set 4835 hit_on_written_row_clr 1345 (old_identity 1081) hit_on_written_row_set 2298 identity_changing_clr 15413 resets 1106 reset_in_clr 515 reset_in_set 497 reset_with_stamp_valid 754 walk_read_eq_write 51918 probe_pick_eq_write 892 full_cycles 0 emit_wb 65957 expiries 35098 cancels 21648 uns_jobs 66539
ctl_key_swapped	2004	2	2000000	1	3834882	reg_ops 28265 cmd_hits 33073 cmd_in_clr 5117 cmd_in_set 4978 hit_on_written_row_clr 1376 (old_identity 1111) hit_on_written_row_set 2416 identity_changing_clr 15533 resets 1137 reset_in_clr 506 reset_in_set 503 reset_with_stamp_valid 752 walk_read_eq_write 52740 probe_pick_eq_write 999 full_cycles 0 emit_wb 66883 expiries 36152 cancels 21664 uns_jobs 67347
ctl_key_swapped	3001	3	2000000	1	14561957	reg_ops 28876 cmd_hits 295982 cmd_in_clr 6192 cmd_in_set 6287 hit_on_written_row_clr 2522 (old_identity 429) hit_on_written_row_set 3011 identity_changing_clr 5593 resets 151 reset_in_clr 42 reset_in_set 37 reset_with_stamp_valid 38 walk_read_eq_write 172757 probe_pick_eq_write 1578 full_cycles 997151 emit_wb 175459 expiries 190836 cancels 13253 uns_jobs 175923
ctl_key_swapped	3002	3	2000000	1	13621276	reg_ops 28427 cmd_hits 292194 cmd_in_clr 6199 cmd_in_set 6093 hit_on_written_row_clr 2551 (old_identity 436) hit_on_written_row_set 2804 identity_changing_clr 5831 resets 190 reset_in_clr 44 reset_in_set 42 reset_with_stamp_valid 40 walk_read_eq_write 174171 probe_pick_eq_write 1580 full_cycles 983824 emit_wb 176749 expiries 176509 cancels 12934 uns_jobs 177088
ctl_key_swapped	3003	3	2000000	1	15784865	reg_ops 28604 cmd_hits 294669 cmd_in_clr 6265 cmd_in_set 6064 hit_on_written_row_clr 2411 (old_identity 382) hit_on_written_row_set 2862 identity_changing_clr 5674 resets 164 reset_in_clr 39 reset_in_set 37 reset_with_stamp_valid 39 walk_read_eq_write 174748 probe_pick_eq_write 1539 full_cycles 1012120 emit_wb 177339 expiries 182558 cancels 12890 uns_jobs 177818
ctl_key_swapped	3004	3	2000000	1	15334816	reg_ops 28641 cmd_hits 296336 cmd_in_clr 6161 cmd_in_set 6112 hit_on_written_row_clr 2439 (old_identity 370) hit_on_written_row_set 2801 identity_changing_clr 5431 resets 179 reset_in_clr 40 reset_in_set 37 reset_with_stamp_valid 45 walk_read_eq_write 175092 probe_pick_eq_write 1529 full_cycles 1048870 emit_wb 177572 expiries 178025 cancels 12760 uns_jobs 177905
ctl_last_chunk_ignored	1	0	2000000	1	2644605	reg_ops 28011 cmd_hits 26562 cmd_in_clr 5050 cmd_in_set 4975 hit_on_written_row_clr 173 (old_identity 156) hit_on_written_row_set 157 identity_changing_clr 15258 resets 98 reset_in_clr 0 reset_in_set 1 reset_with_stamp_valid 49 walk_read_eq_write 59973 probe_pick_eq_write 1091 full_cycles 0 emit_wb 75522 expiries 34561 cancels 22910 uns_jobs 75649
ctl_last_chunk_ignored	2	0	2000000	1	1128623	reg_ops 28004 cmd_hits 27786 cmd_in_clr 5136 cmd_in_set 5043 hit_on_written_row_clr 169 (old_identity 155) hit_on_written_row_set 157 identity_changing_clr 15166 resets 88 reset_in_clr 0 reset_in_set 0 reset_with_stamp_valid 44 walk_read_eq_write 62259 probe_pick_eq_write 937 full_cycles 0 emit_wb 77688 expiries 31415 cancels 22872 uns_jobs 77715
ctl_last_chunk_ignored	3	0	2000000	1	656721	reg_ops 27945 cmd_hits 25571 cmd_in_clr 5086 cmd_in_set 5028 hit_on_written_row_clr 177 (old_identity 157) hit_on_written_row_set 164 identity_changing_clr 15184 resets 118 reset_in_clr 0 reset_in_set 0 reset_with_stamp_valid 60 walk_read_eq_write 57150 probe_pick_eq_write 1321 full_cycles 0 emit_wb 72661 expiries 37109 cancels 22724 uns_jobs 72680
ctl_last_chunk_ignored	4	0	2000000	1	1143434	reg_ops 27861 cmd_hits 24746 cmd_in_clr 5113 cmd_in_set 5071 hit_on_written_row_clr 143 (old_identity 131) hit_on_written_row_set 148 identity_changing_clr 15291 resets 75 reset_in_clr 0 reset_in_set 0 reset_with_stamp_valid 40 walk_read_eq_write 57014 probe_pick_eq_write 1234 full_cycles 0 emit_wb 72634 expiries 37008 cancels 22909 uns_jobs 72647
ctl_last_chunk_ignored	1001	1	2000000	1	1324872	reg_ops 0 cmd_hits 46864 cmd_in_clr 8485 cmd_in_set 8698 hit_on_written_row_clr 227 (old_identity 211) hit_on_written_row_set 235 identity_changing_clr 15755 resets 832 reset_in_clr 3 reset_in_set 3 reset_with_stamp_valid 320 walk_read_eq_write 41219 probe_pick_eq_write 177 full_cycles 0 emit_wb 55676 expiries 20632 cancels 25825 uns_jobs 55616
ctl_last_chunk_ignored	1002	1	2000000	1	1562556	reg_ops 0 cmd_hits 47037 cmd_in_clr 8576 cmd_in_set 8552 hit_on_written_row_clr 228 (old_identity 208) hit_on_written_row_set 231 identity_changing_clr 15710 resets 737 reset_in_clr 3 reset_in_set 1 reset_with_stamp_valid 307 walk_read_eq_write 41775 probe_pick_eq_write 185 full_cycles 0 emit_wb 56153 expiries 20552 cancels 25407 uns_jobs 56024
ctl_last_chunk_ignored	1003	1	2000000	1	1161928	reg_ops 0 cmd_hits 47689 cmd_in_clr 8514 cmd_in_set 8393 hit_on_written_row_clr 229 (old_identity 199) hit_on_written_row_set 220 identity_changing_clr 15757 resets 831 reset_in_clr 6 reset_in_set 5 reset_with_stamp_valid 340 walk_read_eq_write 41970 probe_pick_eq_write 154 full_cycles 0 emit_wb 56400 expiries 20713 cancels 25547 uns_jobs 56359
ctl_last_chunk_ignored	1004	1	2000000	1	1090112	reg_ops 0 cmd_hits 49423 cmd_in_clr 8621 cmd_in_set 8744 hit_on_written_row_clr 228 (old_identity 201) hit_on_written_row_set 230 identity_changing_clr 16052 resets 810 reset_in_clr 2 reset_in_set 1 reset_with_stamp_valid 317 walk_read_eq_write 42381 probe_pick_eq_write 138 full_cycles 0 emit_wb 57124 expiries 20985 cancels 26272 uns_jobs 56996
ctl_last_chunk_ignored	2001	2	2000000	1	425984	reg_ops 28519 cmd_hits 33601 cmd_in_clr 5083 cmd_in_set 4813 hit_on_written_row_clr 1423 (old_identity 1162) hit_on_written_row_set 2320 identity_changing_clr 15666 resets 1146 reset_in_clr 541 reset_in_set 512 reset_with_stamp_valid 765 walk_read_eq_write 53344 probe_pick_eq_write 926 full_cycles 0 emit_wb 67498 expiries 34490 cancels 21830 uns_jobs 67527
ctl_last_chunk_ignored	2002	2	2000000	1	250661	reg_ops 28026 cmd_hits 32834 cmd_in_clr 4899 cmd_in_set 4948 hit_on_written_row_clr 1366 (old_identity 1100) hit_on_written_row_set 2396 identity_changing_clr 15396 resets 1067 reset_in_clr 484 reset_in_set 481 reset_with_stamp_valid 708 walk_read_eq_write 52469 probe_pick_eq_write 980 full_cycles 0 emit_wb 66516 expiries 35065 cancels 21574 uns_jobs 66526
ctl_last_chunk_ignored	2003	2	2000000	1	481303	reg_ops 28148 cmd_hits 32415 cmd_in_clr 4907 cmd_in_set 4827 hit_on_written_row_clr 1341 (old_identity 1093) hit_on_written_row_set 2273 identity_changing_clr 15397 resets 1173 reset_in_clr 567 reset_in_set 504 reset_with_stamp_valid 766 walk_read_eq_write 52132 probe_pick_eq_write 991 full_cycles 0 emit_wb 65976 expiries 34481 cancels 21338 uns_jobs 66003
ctl_last_chunk_ignored	2004	2	2000000	1	266832	reg_ops 28008 cmd_hits 32762 cmd_in_clr 5040 cmd_in_set 4907 hit_on_written_row_clr 1352 (old_identity 1090) hit_on_written_row_set 2386 identity_changing_clr 15436 resets 1136 reset_in_clr 517 reset_in_set 526 reset_with_stamp_valid 776 walk_read_eq_write 53176 probe_pick_eq_write 1081 full_cycles 0 emit_wb 67129 expiries 36198 cancels 21407 uns_jobs 67142
ctl_last_chunk_ignored	3001	3	2000000	1	3501098	reg_ops 28683 cmd_hits 294216 cmd_in_clr 6267 cmd_in_set 6302 hit_on_written_row_clr 2603 (old_identity 443) hit_on_written_row_set 3007 identity_changing_clr 5861 resets 186 reset_in_clr 43 reset_in_set 51 reset_with_stamp_valid 39 walk_read_eq_write 173563 probe_pick_eq_write 1633 full_cycles 999158 emit_wb 176270 expiries 190329 cancels 13154 uns_jobs 176325
ctl_last_chunk_ignored	3002	3	2000000	1	2817415	reg_ops 28798 cmd_hits 294419 cmd_in_clr 6150 cmd_in_set 6280 hit_on_written_row_clr 2573 (old_identity 436) hit_on_written_row_set 3011 identity_changing_clr 5632 resets 174 reset_in_clr 43 reset_in_set 46 reset_with_stamp_valid 45 walk_read_eq_write 174023 probe_pick_eq_write 1556 full_cycles 1037145 emit_wb 176459 expiries 176697 cancels 12836 uns_jobs 176519
ctl_last_chunk_ignored	3003	3	2000000	1	4850181	reg_ops 28836 cmd_hits 299563 cmd_in_clr 6177 cmd_in_set 6252 hit_on_written_row_clr 2620 (old_identity 399) hit_on_written_row_set 3021 identity_changing_clr 5283 resets 132 reset_in_clr 31 reset_in_set 36 reset_with_stamp_valid 26 walk_read_eq_write 175238 probe_pick_eq_write 1596 full_cycles 1044788 emit_wb 177939 expiries 184816 cancels 12997 uns_jobs 178071
ctl_last_chunk_ignored	3004	3	2000000	1	2901731	reg_ops 28614 cmd_hits 297560 cmd_in_clr 6108 cmd_in_set 6061 hit_on_written_row_clr 2568 (old_identity 403) hit_on_written_row_set 2961 identity_changing_clr 5435 resets 169 reset_in_clr 40 reset_in_set 29 reset_with_stamp_valid 40 walk_read_eq_write 175239 probe_pick_eq_write 1544 full_cycles 1032752 emit_wb 177747 expiries 178234 cancels 12827 uns_jobs 177748
ctl_no_clear	1	0	2000000	1	34672232	reg_ops 28011 cmd_hits 26562 cmd_in_clr 5010 cmd_in_set 5071 hit_on_written_row_clr 124 (old_identity 107) hit_on_written_row_set 110 identity_changing_clr 14844 resets 98 reset_in_clr 0 reset_in_set 1 reset_with_stamp_valid 48 walk_read_eq_write 55376 probe_pick_eq_write 801 full_cycles 0 emit_wb 70285 expiries 34561 cancels 22910 uns_jobs 75649
ctl_no_clear	2	0	2000000	1	34958776	reg_ops 28004 cmd_hits 27786 cmd_in_clr 5070 cmd_in_set 4973 hit_on_written_row_clr 113 (old_identity 97) hit_on_written_row_set 99 identity_changing_clr 14697 resets 88 reset_in_clr 0 reset_in_set 0 reset_with_stamp_valid 44 walk_read_eq_write 57263 probe_pick_eq_write 687 full_cycles 0 emit_wb 72065 expiries 31415 cancels 22872 uns_jobs 77715
ctl_no_clear	3	0	2000000	1	35041916	reg_ops 27945 cmd_hits 25571 cmd_in_clr 5059 cmd_in_set 5048 hit_on_written_row_clr 102 (old_identity 92) hit_on_written_row_set 101 identity_changing_clr 14773 resets 118 reset_in_clr 0 reset_in_set 0 reset_with_stamp_valid 58 walk_read_eq_write 52456 probe_pick_eq_write 953 full_cycles 0 emit_wb 67366 expiries 37109 cancels 22724 uns_jobs 72680
ctl_no_clear	4	0	2000000	1	36382848	reg_ops 27861 cmd_hits 24746 cmd_in_clr 5086 cmd_in_set 5075 hit_on_written_row_clr 82 (old_identity 68) hit_on_written_row_set 103 identity_changing_clr 14827 resets 75 reset_in_clr 0 reset_in_set 0 reset_with_stamp_valid 40 walk_read_eq_write 52087 probe_pick_eq_write 883 full_cycles 0 emit_wb 67069 expiries 37008 cancels 22909 uns_jobs 72647
ctl_no_clear	1001	1	2000000	1	58193779	reg_ops 0 cmd_hits 46864 cmd_in_clr 9454 cmd_in_set 9738 hit_on_written_row_clr 99 (old_identity 85) hit_on_written_row_set 115 identity_changing_clr 16741 resets 832 reset_in_clr 4 reset_in_set 4 reset_with_stamp_valid 276 walk_read_eq_write 59027 probe_pick_eq_write 93 full_cycles 0 emit_wb 72751 expiries 20632 cancels 25825 uns_jobs 55616
ctl_no_clear	1002	1	2000000	1	57884820	reg_ops 0 cmd_hits 47037 cmd_in_clr 9772 cmd_in_set 9613 hit_on_written_row_clr 111 (old_identity 92) hit_on_written_row_set 116 identity_changing_clr 16853 resets 737 reset_in_clr 3 reset_in_set 2 reset_with_stamp_valid 264 walk_read_eq_write 59752 probe_pick_eq_write 125 full_cycles 0 emit_wb 73635 expiries 20552 cancels 25407 uns_jobs 56024
ctl_no_clear	1003	1	2000000	1	56800237	reg_ops 0 cmd_hits 47689 cmd_in_clr 9644 cmd_in_set 9616 hit_on_written_row_clr 111 (old_identity 88) hit_on_written_row_set 103 identity_changing_clr 16853 resets 831 reset_in_clr 5 reset_in_set 6 reset_with_stamp_valid 297 walk_read_eq_write 59268 probe_pick_eq_write 119 full_cycles 0 emit_wb 72981 expiries 20713 cancels 25547 uns_jobs 56359
ctl_no_clear	1004	1	2000000	1	57586101	reg_ops 0 cmd_hits 49423 cmd_in_clr 9860 cmd_in_set 9775 hit_on_written_row_clr 105 (old_identity 92) hit_on_written_row_set 119 identity_changing_clr 17214 resets 810 reset_in_clr 2 reset_in_set 3 reset_with_stamp_valid 272 walk_read_eq_write 59836 probe_pick_eq_write 107 full_cycles 0 emit_wb 73971 expiries 20985 cancels 26272 uns_jobs 56996
ctl_no_clear	2001	2	2000000	1	24653943	reg_ops 28178 cmd_hits 30927 cmd_in_clr 5047 cmd_in_set 4884 hit_on_written_row_clr 829 (old_identity 650) hit_on_written_row_set 1616 identity_changing_clr 15201 resets 1141 reset_in_clr 531 reset_in_set 520 reset_with_stamp_valid 617 walk_read_eq_write 51168 probe_pick_eq_write 737 full_cycles 0 emit_wb 64147 expiries 33617 cancels 21458 uns_jobs 68035
ctl_no_clear	2002	2	2000000	1	23646352	reg_ops 28037 cmd_hits 30503 cmd_in_clr 5012 cmd_in_set 4929 hit_on_written_row_clr 872 (old_identity 685) hit_on_written_row_set 1668 identity_changing_clr 15090 resets 1098 reset_in_clr 511 reset_in_set 488 reset_with_stamp_valid 616 walk_read_eq_write 50030 probe_pick_eq_write 707 full_cycles 0 emit_wb 63047 expiries 34285 cancels 21311 uns_jobs 66791
ctl_no_clear	2003	2	2000000	1	23913617	reg_ops 28197 cmd_hits 30752 cmd_in_clr 5045 cmd_in_set 4821 hit_on_written_row_clr 895 (old_identity 703) hit_on_written_row_set 1653 identity_changing_clr 15171 resets 1187 reset_in_clr 531 reset_in_set 537 reset_with_stamp_valid 645 walk_read_eq_write 50138 probe_pick_eq_write 782 full_cycles 0 emit_wb 63141 expiries 34385 cancels 21443 uns_jobs 66969
ctl_no_clear	2004	2	2000000	1	23610620	reg_ops 28080 cmd_hits 30324 cmd_in_clr 5006 cmd_in_set 4764 hit_on_written_row_clr 822 (old_identity 618) hit_on_written_row_set 1627 identity_changing_clr 15181 resets 1137 reset_in_clr 541 reset_in_set 515 reset_with_stamp_valid 628 walk_read_eq_write 50189 probe_pick_eq_write 799 full_cycles 0 emit_wb 63184 expiries 35323 cancels 21381 uns_jobs 66778
ctl_no_clear	3001	3	2000000	1	36363219	reg_ops 28574 cmd_hits 289783 cmd_in_clr 6037 cmd_in_set 5998 hit_on_written_row_clr 1642 (old_identity 194) hit_on_written_row_set 1968 identity_changing_clr 5113 resets 190 reset_in_clr 36 reset_in_set 43 reset_with_stamp_valid 47 walk_read_eq_write 172373 probe_pick_eq_write 1720 full_cycles 975003 emit_wb 174320 expiries 189093 cancels 13203 uns_jobs 176630
ctl_no_clear	3002	3	2000000	1	37509142	reg_ops 28639 cmd_hits 291760 cmd_in_clr 6071 cmd_in_set 5895 hit_on_written_row_clr 1551 (old_identity 196) hit_on_written_row_set 1852 identity_changing_clr 4888 resets 191 reset_in_clr 39 reset_in_set 37 reset_with_stamp_valid 36 walk_read_eq_write 173372 probe_pick_eq_write 1693 full_cycles 1032338 emit_wb 175116 expiries 177018 cancels 12807 uns_jobs 177195
ctl_no_clear	3003	3	2000000	1	36437113	reg_ops 28567 cmd_hits 290807 cmd_in_clr 6009 cmd_in_set 5910 hit_on_written_row_clr 1563 (old_identity 189) hit_on_written_row_set 1883 identity_changing_clr 4969 resets 161 reset_in_clr 47 reset_in_set 37 reset_with_stamp_valid 47 walk_read_eq_write 174012 probe_pick_eq_write 1690 full_cycles 1000602 emit_wb 175953 expiries 182161 cancels 13022 uns_jobs 177664
ctl_no_clear	3004	3	2000000	1	35433727	reg_ops 28488 cmd_hits 293130 cmd_in_clr 6101 cmd_in_set 5838 hit_on_written_row_clr 1725 (old_identity 197) hit_on_written_row_set 1961 identity_changing_clr 4905 resets 159 reset_in_clr 43 reset_in_set 45 reset_with_stamp_valid 44 walk_read_eq_write 174818 probe_pick_eq_write 1665 full_cycles 1032167 emit_wb 176674 expiries 177235 cancels 12987 uns_jobs 178282
ctl_no_override	1	0	2000000	1	8496	reg_ops 28011 cmd_hits 26562 cmd_in_clr 5068 cmd_in_set 4976 hit_on_written_row_clr 173 (old_identity 156) hit_on_written_row_set 157 identity_changing_clr 15262 resets 98 reset_in_clr 0 reset_in_set 1 reset_with_stamp_valid 49 walk_read_eq_write 60093 probe_pick_eq_write 1092 full_cycles 0 emit_wb 75649 expiries 34561 cancels 22910 uns_jobs 75649
ctl_no_override	2	0	2000000	1	7419	reg_ops 28004 cmd_hits 27786 cmd_in_clr 5132 cmd_in_set 5049 hit_on_written_row_clr 169 (old_identity 155) hit_on_written_row_set 157 identity_changing_clr 15167 resets 88 reset_in_clr 0 reset_in_set 0 reset_with_stamp_valid 44 walk_read_eq_write 62282 probe_pick_eq_write 939 full_cycles 0 emit_wb 77715 expiries 31415 cancels 22872 uns_jobs 77715
ctl_no_override	3	0	2000000	1	8372	reg_ops 27945 cmd_hits 25571 cmd_in_clr 5086 cmd_in_set 5026 hit_on_written_row_clr 177 (old_identity 157) hit_on_written_row_set 165 identity_changing_clr 15186 resets 118 reset_in_clr 0 reset_in_set 0 reset_with_stamp_valid 60 walk_read_eq_write 57171 probe_pick_eq_write 1323 full_cycles 0 emit_wb 72680 expiries 37109 cancels 22724 uns_jobs 72680
ctl_no_override	4	0	2000000	1	9893	reg_ops 27861 cmd_hits 24746 cmd_in_clr 5112 cmd_in_set 5073 hit_on_written_row_clr 142 (old_identity 130) hit_on_written_row_set 149 identity_changing_clr 15293 resets 75 reset_in_clr 0 reset_in_set 0 reset_with_stamp_valid 40 walk_read_eq_write 57028 probe_pick_eq_write 1237 full_cycles 0 emit_wb 72647 expiries 37008 cancels 22909 uns_jobs 72647
ctl_no_override	1001	1	2000000	1	8314	reg_ops 0 cmd_hits 46864 cmd_in_clr 8486 cmd_in_set 8679 hit_on_written_row_clr 229 (old_identity 213) hit_on_written_row_set 238 identity_changing_clr 15743 resets 832 reset_in_clr 3 reset_in_set 3 reset_with_stamp_valid 321 walk_read_eq_write 41158 probe_pick_eq_write 179 full_cycles 0 emit_wb 55616 expiries 20632 cancels 25825 uns_jobs 55616
ctl_no_override	1002	1	2000000	1	7403	reg_ops 0 cmd_hits 47037 cmd_in_clr 8564 cmd_in_set 8554 hit_on_written_row_clr 232 (old_identity 211) hit_on_written_row_set 235 identity_changing_clr 15704 resets 737 reset_in_clr 2 reset_in_set 1 reset_with_stamp_valid 308 walk_read_eq_write 41633 probe_pick_eq_write 186 full_cycles 0 emit_wb 56024 expiries 20552 cancels 25407 uns_jobs 56024
ctl_no_override	1003	1	2000000	1	6997	reg_ops 0 cmd_hits 47689 cmd_in_clr 8508 cmd_in_set 8388 hit_on_written_row_clr 233 (old_identity 203) hit_on_written_row_set 220 identity_changing_clr 15751 resets 831 reset_in_clr 6 reset_in_set 5 reset_with_stamp_valid 340 walk_read_eq_write 41914 probe_pick_eq_write 156 full_cycles 0 emit_wb 56359 expiries 20713 cancels 25547 uns_jobs 56359
ctl_no_override	1004	1	2000000	1	113586	reg_ops 0 cmd_hits 49423 cmd_in_clr 8602 cmd_in_set 8725 hit_on_written_row_clr 231 (old_identity 204) hit_on_written_row_set 231 identity_changing_clr 16008 resets 810 reset_in_clr 2 reset_in_set 1 reset_with_stamp_valid 317 walk_read_eq_write 42280 probe_pick_eq_write 139 full_cycles 0 emit_wb 56989 expiries 20985 cancels 26272 uns_jobs 56996
ctl_no_override	2001	2	2000000	1	145827	reg_ops 28262 cmd_hits 34090 cmd_in_clr 5006 cmd_in_set 4848 hit_on_written_row_clr 1459 (old_identity 1185) hit_on_written_row_set 2363 identity_changing_clr 15454 resets 1110 reset_in_clr 500 reset_in_set 510 reset_with_stamp_valid 754 walk_read_eq_write 54140 probe_pick_eq_write 915 full_cycles 0 emit_wb 68178 expiries 34175 cancels 21679 uns_jobs 68192
ctl_no_override	2002	2	2000000	1	165750	reg_ops 27977 cmd_hits 33058 cmd_in_clr 4990 cmd_in_set 4944 hit_on_written_row_clr 1420 (old_identity 1157) hit_on_written_row_set 2384 identity_changing_clr 15284 resets 1150 reset_in_clr 490 reset_in_set 549 reset_with_stamp_valid 746 walk_read_eq_write 52060 probe_pick_eq_write 972 full_cycles 0 emit_wb 66000 expiries 34805 cancels 21345 uns_jobs 66020
ctl_no_override	2003	2	2000000	1	194453	reg_ops 28273 cmd_hits 32873 cmd_in_clr 5063 cmd_in_set 4937 hit_on_written_row_clr 1414 (old_identity 1146) hit_on_written_row_set 2423 identity_changing_clr 15527 resets 1150 reset_in_clr 541 reset_in_set 511 reset_with_stamp_valid 767 walk_read_eq_write 51882 probe_pick_eq_write 928 full_cycles 0 emit_wb 65932 expiries 35247 cancels 21522 uns_jobs 65955
ctl_no_override	2004	2	2000000	1	141163	reg_ops 28098 cmd_hits 32744 cmd_in_clr 4965 cmd_in_set 4897 hit_on_written_row_clr 1432 (old_identity 1164) hit_on_written_row_set 2438 identity_changing_clr 15364 resets 1144 reset_in_clr 565 reset_in_set 495 reset_with_stamp_valid 768 walk_read_eq_write 52297 probe_pick_eq_write 1067 full_cycles 0 emit_wb 66264 expiries 35948 cancels 21480 uns_jobs 66267
ctl_no_override	3001	3	2000000	1	45300	reg_ops 28745 cmd_hits 296452 cmd_in_clr 6273 cmd_in_set 6296 hit_on_written_row_clr 2629 (old_identity 399) hit_on_written_row_set 3077 identity_changing_clr 5540 resets 150 reset_in_clr 45 reset_in_set 39 reset_with_stamp_valid 22 walk_read_eq_write 173575 probe_pick_eq_write 1611 full_cycles 1020621 emit_wb 176150 expiries 191616 cancels 13260 uns_jobs 176150
ctl_no_override	3002	3	2000000	1	43058	reg_ops 28691 cmd_hits 292957 cmd_in_clr 6219 cmd_in_set 6215 hit_on_written_row_clr 2590 (old_identity 424) hit_on_written_row_set 3051 identity_changing_clr 5777 resets 206 reset_in_clr 44 reset_in_set 46 reset_with_stamp_valid 44 walk_read_eq_write 173935 probe_pick_eq_write 1498 full_cycles 1001437 emit_wb 176499 expiries 176371 cancels 12826 uns_jobs 176500
ctl_no_override	3003	3	2000000	1	44805	reg_ops 28874 cmd_hits 295280 cmd_in_clr 6191 cmd_in_set 6260 hit_on_written_row_clr 2584 (old_identity 402) hit_on_written_row_set 3029 identity_changing_clr 5591 resets 175 reset_in_clr 38 reset_in_set 34 reset_with_stamp_valid 34 walk_read_eq_write 174359 probe_pick_eq_write 1524 full_cycles 1022249 emit_wb 176895 expiries 182577 cancels 13076 uns_jobs 176895
ctl_no_override	3004	3	2000000	1	42397	reg_ops 28631 cmd_hits 292485 cmd_in_clr 6202 cmd_in_set 6150 hit_on_written_row_clr 2587 (old_identity 447) hit_on_written_row_set 3046 identity_changing_clr 5913 resets 211 reset_in_clr 48 reset_in_set 51 reset_with_stamp_valid 57 walk_read_eq_write 174130 probe_pick_eq_write 1453 full_cycles 990483 emit_wb 176662 expiries 175765 cancels 12962 uns_jobs 176662
ctl_no_set	1	0	2000000	1	6697663	reg_ops 28011 cmd_hits 26562 cmd_in_clr 5063 cmd_in_set 0 hit_on_written_row_clr 175 (old_identity 158) hit_on_written_row_set 0 identity_changing_clr 15264 resets 98 reset_in_clr 0 reset_in_set 0 reset_with_stamp_valid 49 walk_read_eq_write 59490 probe_pick_eq_write 1079 full_cycles 0 emit_wb 75044 expiries 34561 cancels 22910 uns_jobs 75649
ctl_no_set	2	0	2000000	1	6948165	reg_ops 28004 cmd_hits 27786 cmd_in_clr 5135 cmd_in_set 0 hit_on_written_row_clr 170 (old_identity 155) hit_on_written_row_set 0 identity_changing_clr 15166 resets 88 reset_in_clr 0 reset_in_set 0 reset_with_stamp_valid 44 walk_read_eq_write 61748 probe_pick_eq_write 924 full_cycles 0 emit_wb 77185 expiries 31415 cancels 22872 uns_jobs 77715
ctl_no_set	3	0	2000000	1	6492196	reg_ops 27945 cmd_hits 25571 cmd_in_clr 5067 cmd_in_set 0 hit_on_written_row_clr 177 (old_identity 157) hit_on_written_row_set 0 identity_changing_clr 15179 resets 118 reset_in_clr 0 reset_in_set 0 reset_with_stamp_valid 60 walk_read_eq_write 56620 probe_pick_eq_write 1311 full_cycles 0 emit_wb 72130 expiries 37109 cancels 22724 uns_jobs 72680
ctl_no_set	4	0	2000000	1	6920289	reg_ops 27861 cmd_hits 24746 cmd_in_clr 5095 cmd_in_set 0 hit_on_written_row_clr 141 (old_identity 130) hit_on_written_row_set 0 identity_changing_clr 15289 resets 75 reset_in_clr 0 reset_in_set 0 reset_with_stamp_valid 40 walk_read_eq_write 56513 probe_pick_eq_write 1230 full_cycles 0 emit_wb 72128 expiries 37008 cancels 22909 uns_jobs 72647
ctl_no_set	1001	1	2000000	1	10797241	reg_ops 0 cmd_hits 46864 cmd_in_clr 8515 cmd_in_set 0 hit_on_written_row_clr 227 (old_identity 213) hit_on_written_row_set 0 identity_changing_clr 15815 resets 832 reset_in_clr 4 reset_in_set 0 reset_with_stamp_valid 323 walk_read_eq_write 41396 probe_pick_eq_write 176 full_cycles 0 emit_wb 55846 expiries 20632 cancels 25825 uns_jobs 55616
ctl_no_set	1002	1	2000000	1	11162235	reg_ops 0 cmd_hits 47037 cmd_in_clr 8587 cmd_in_set 0 hit_on_written_row_clr 211 (old_identity 190) hit_on_written_row_set 0 identity_changing_clr 15749 resets 737 reset_in_clr 2 reset_in_set 0 reset_with_stamp_valid 306 walk_read_eq_write 42050 probe_pick_eq_write 184 full_cycles 0 emit_wb 56452 expiries 20552 cancels 25407 uns_jobs 56024
ctl_no_set	1003	1	2000000	1	12625794	reg_ops 0 cmd_hits 47689 cmd_in_clr 8577 cmd_in_set 0 hit_on_written_row_clr 217 (old_identity 189) hit_on_written_row_set 0 identity_changing_clr 15827 resets 831 reset_in_clr 7 reset_in_set 0 reset_with_stamp_valid 338 walk_read_eq_write 42485 probe_pick_eq_write 145 full_cycles 0 emit_wb 56951 expiries 20713 cancels 25547 uns_jobs 56359
ctl_no_set	1004	1	2000000	1	12776260	reg_ops 0 cmd_hits 49423 cmd_in_clr 8665 cmd_in_set 0 hit_on_written_row_clr 217 (old_identity 192) hit_on_written_row_set 0 identity_changing_clr 16116 resets 810 reset_in_clr 2 reset_in_set 0 reset_with_stamp_valid 319 walk_read_eq_write 42676 probe_pick_eq_write 131 full_cycles 0 emit_wb 57465 expiries 20985 cancels 26272 uns_jobs 56996
ctl_no_set	2001	2	2000000	1	4941998	reg_ops 28242 cmd_hits 33274 cmd_in_clr 4973 cmd_in_set 0 hit_on_written_row_clr 1348 (old_identity 1101) hit_on_written_row_set 0 identity_changing_clr 15552 resets 580 reset_in_clr 489 reset_in_set 0 reset_with_stamp_valid 451 walk_read_eq_write 56091 probe_pick_eq_write 966 full_cycles 0 emit_wb 71030 expiries 35918 cancels 22400 uns_jobs 71650
ctl_no_set	2002	2	2000000	1	4949890	reg_ops 28302 cmd_hits 31932 cmd_in_clr 4922 cmd_in_set 0 hit_on_written_row_clr 1395 (old_identity 1144) hit_on_written_row_set 0 identity_changing_clr 15364 resets 631 reset_in_clr 541 reset_in_set 0 reset_with_stamp_valid 484 walk_read_eq_write 53009 probe_pick_eq_write 995 full_cycles 0 emit_wb 67764 expiries 35884 cancels 22111 uns_jobs 68485
ctl_no_set	2003	2	2000000	1	5043614	reg_ops 28135 cmd_hits 32371 cmd_in_clr 4998 cmd_in_set 0 hit_on_written_row_clr 1379 (old_identity 1128) hit_on_written_row_set 0 identity_changing_clr 15420 resets 640 reset_in_clr 528 reset_in_set 0 reset_with_stamp_valid 481 walk_read_eq_write 54179 probe_pick_eq_write 968 full_cycles 0 emit_wb 68936 expiries 36453 cancels 22209 uns_jobs 69542
ctl_no_set	2004	2	2000000	1	4971393	reg_ops 28197 cmd_hits 31923 cmd_in_clr 4949 cmd_in_set 0 hit_on_written_row_clr 1314 (old_identity 1077) hit_on_written_row_set 0 identity_changing_clr 15332 resets 667 reset_in_clr 543 reset_in_set 0 reset_with_stamp_valid 487 walk_read_eq_write 54400 probe_pick_eq_write 1034 full_cycles 0 emit_wb 69177 expiries 37137 cancels 22159 uns_jobs 69884
ctl_no_set	3001	3	2000000	1	15445704	reg_ops 28654 cmd_hits 297751 cmd_in_clr 6106 cmd_in_set 0 hit_on_written_row_clr 2484 (old_identity 346) hit_on_written_row_set 0 identity_changing_clr 5165 resets 123 reset_in_clr 37 reset_in_set 0 reset_with_stamp_valid 18 walk_read_eq_write 174507 probe_pick_eq_write 1634 full_cycles 1060791 emit_wb 177182 expiries 193184 cancels 13204 uns_jobs 177620
ctl_no_set	3002	3	2000000	1	16284486	reg_ops 28720 cmd_hits 298077 cmd_in_clr 6103 cmd_in_set 0 hit_on_written_row_clr 2445 (old_identity 340) hit_on_written_row_set 0 identity_changing_clr 5195 resets 142 reset_in_clr 45 reset_in_set 0 reset_with_stamp_valid 22 walk_read_eq_write 174911 probe_pick_eq_write 1453 full_cycles 1039114 emit_wb 177436 expiries 179542 cancels 13034 uns_jobs 177910
ctl_no_set	3003	3	2000000	1	17850380	reg_ops 28755 cmd_hits 296960 cmd_in_clr 6119 cmd_in_set 0 hit_on_written_row_clr 2288 (old_identity 321) hit_on_written_row_set 0 identity_changing_clr 5226 resets 146 reset_in_clr 44 reset_in_set 0 reset_with_stamp_valid 31 walk_read_eq_write 175319 probe_pick_eq_write 1605 full_cycles 1050700 emit_wb 177922 expiries 184669 cancels 12955 uns_jobs 178403
ctl_no_set	3004	3	2000000	1	15947073	reg_ops 28794 cmd_hits 301058 cmd_in_clr 6091 cmd_in_set 0 hit_on_written_row_clr 2489 (old_identity 351) hit_on_written_row_set 0 identity_changing_clr 4870 resets 107 reset_in_clr 30 reset_in_set 0 reset_with_stamp_valid 28 walk_read_eq_write 176128 probe_pick_eq_write 1602 full_cycles 1087668 emit_wb 178665 expiries 181828 cancels 12955 uns_jobs 179026
ctl_override_clr_only	1	0	2000000	1	8496	reg_ops 28011 cmd_hits 26562 cmd_in_clr 5068 cmd_in_set 4976 hit_on_written_row_clr 173 (old_identity 156) hit_on_written_row_set 157 identity_changing_clr 15262 resets 98 reset_in_clr 0 reset_in_set 1 reset_with_stamp_valid 49 walk_read_eq_write 60093 probe_pick_eq_write 1092 full_cycles 0 emit_wb 75649 expiries 34561 cancels 22910 uns_jobs 75649
ctl_override_clr_only	2	0	2000000	1	7419	reg_ops 28004 cmd_hits 27786 cmd_in_clr 5132 cmd_in_set 5049 hit_on_written_row_clr 169 (old_identity 155) hit_on_written_row_set 157 identity_changing_clr 15167 resets 88 reset_in_clr 0 reset_in_set 0 reset_with_stamp_valid 44 walk_read_eq_write 62282 probe_pick_eq_write 939 full_cycles 0 emit_wb 77715 expiries 31415 cancels 22872 uns_jobs 77715
ctl_override_clr_only	3	0	2000000	1	8372	reg_ops 27945 cmd_hits 25571 cmd_in_clr 5086 cmd_in_set 5026 hit_on_written_row_clr 177 (old_identity 157) hit_on_written_row_set 165 identity_changing_clr 15186 resets 118 reset_in_clr 0 reset_in_set 0 reset_with_stamp_valid 60 walk_read_eq_write 57171 probe_pick_eq_write 1323 full_cycles 0 emit_wb 72680 expiries 37109 cancels 22724 uns_jobs 72680
ctl_override_clr_only	4	0	2000000	1	9893	reg_ops 27861 cmd_hits 24746 cmd_in_clr 5112 cmd_in_set 5073 hit_on_written_row_clr 142 (old_identity 130) hit_on_written_row_set 149 identity_changing_clr 15293 resets 75 reset_in_clr 0 reset_in_set 0 reset_with_stamp_valid 40 walk_read_eq_write 57028 probe_pick_eq_write 1237 full_cycles 0 emit_wb 72647 expiries 37008 cancels 22909 uns_jobs 72647
ctl_override_clr_only	1001	1	2000000	1	8314	reg_ops 0 cmd_hits 46864 cmd_in_clr 8486 cmd_in_set 8679 hit_on_written_row_clr 229 (old_identity 213) hit_on_written_row_set 238 identity_changing_clr 15743 resets 832 reset_in_clr 3 reset_in_set 3 reset_with_stamp_valid 321 walk_read_eq_write 41158 probe_pick_eq_write 179 full_cycles 0 emit_wb 55616 expiries 20632 cancels 25825 uns_jobs 55616
ctl_override_clr_only	1002	1	2000000	1	7403	reg_ops 0 cmd_hits 47037 cmd_in_clr 8564 cmd_in_set 8554 hit_on_written_row_clr 232 (old_identity 211) hit_on_written_row_set 235 identity_changing_clr 15704 resets 737 reset_in_clr 2 reset_in_set 1 reset_with_stamp_valid 308 walk_read_eq_write 41633 probe_pick_eq_write 186 full_cycles 0 emit_wb 56024 expiries 20552 cancels 25407 uns_jobs 56024
ctl_override_clr_only	1003	1	2000000	1	6996	reg_ops 0 cmd_hits 47689 cmd_in_clr 8508 cmd_in_set 8388 hit_on_written_row_clr 233 (old_identity 203) hit_on_written_row_set 220 identity_changing_clr 15751 resets 831 reset_in_clr 6 reset_in_set 5 reset_with_stamp_valid 340 walk_read_eq_write 41914 probe_pick_eq_write 156 full_cycles 0 emit_wb 56359 expiries 20713 cancels 25547 uns_jobs 56359
ctl_override_clr_only	1004	1	2000000	1	113585	reg_ops 0 cmd_hits 49423 cmd_in_clr 8602 cmd_in_set 8725 hit_on_written_row_clr 231 (old_identity 204) hit_on_written_row_set 231 identity_changing_clr 16008 resets 810 reset_in_clr 2 reset_in_set 1 reset_with_stamp_valid 317 walk_read_eq_write 42280 probe_pick_eq_write 139 full_cycles 0 emit_wb 56989 expiries 20985 cancels 26272 uns_jobs 56996
ctl_override_clr_only	2001	2	2000000	1	145773	reg_ops 28262 cmd_hits 34090 cmd_in_clr 5006 cmd_in_set 4848 hit_on_written_row_clr 1459 (old_identity 1185) hit_on_written_row_set 2363 identity_changing_clr 15454 resets 1110 reset_in_clr 500 reset_in_set 510 reset_with_stamp_valid 754 walk_read_eq_write 54140 probe_pick_eq_write 915 full_cycles 0 emit_wb 68178 expiries 34175 cancels 21679 uns_jobs 68192
ctl_override_clr_only	2002	2	2000000	1	165688	reg_ops 27977 cmd_hits 33058 cmd_in_clr 4990 cmd_in_set 4944 hit_on_written_row_clr 1420 (old_identity 1157) hit_on_written_row_set 2384 identity_changing_clr 15284 resets 1150 reset_in_clr 490 reset_in_set 549 reset_with_stamp_valid 746 walk_read_eq_write 52060 probe_pick_eq_write 972 full_cycles 0 emit_wb 66000 expiries 34805 cancels 21345 uns_jobs 66020
ctl_override_clr_only	2003	2	2000000	1	194384	reg_ops 28273 cmd_hits 32873 cmd_in_clr 5063 cmd_in_set 4937 hit_on_written_row_clr 1414 (old_identity 1146) hit_on_written_row_set 2423 identity_changing_clr 15527 resets 1150 reset_in_clr 541 reset_in_set 511 reset_with_stamp_valid 767 walk_read_eq_write 51882 probe_pick_eq_write 928 full_cycles 0 emit_wb 65932 expiries 35247 cancels 21522 uns_jobs 65955
ctl_override_clr_only	2004	2	2000000	1	141095	reg_ops 28098 cmd_hits 32744 cmd_in_clr 4965 cmd_in_set 4897 hit_on_written_row_clr 1432 (old_identity 1164) hit_on_written_row_set 2438 identity_changing_clr 15364 resets 1144 reset_in_clr 565 reset_in_set 495 reset_with_stamp_valid 768 walk_read_eq_write 52297 probe_pick_eq_write 1067 full_cycles 0 emit_wb 66264 expiries 35948 cancels 21480 uns_jobs 66267
ctl_override_clr_only	3001	3	2000000	1	45294	reg_ops 28745 cmd_hits 296452 cmd_in_clr 6273 cmd_in_set 6296 hit_on_written_row_clr 2629 (old_identity 399) hit_on_written_row_set 3077 identity_changing_clr 5540 resets 150 reset_in_clr 45 reset_in_set 39 reset_with_stamp_valid 22 walk_read_eq_write 173575 probe_pick_eq_write 1611 full_cycles 1020621 emit_wb 176150 expiries 191616 cancels 13260 uns_jobs 176150
ctl_override_clr_only	3002	3	2000000	1	43051	reg_ops 28691 cmd_hits 292957 cmd_in_clr 6219 cmd_in_set 6215 hit_on_written_row_clr 2590 (old_identity 424) hit_on_written_row_set 3051 identity_changing_clr 5777 resets 206 reset_in_clr 44 reset_in_set 46 reset_with_stamp_valid 44 walk_read_eq_write 173935 probe_pick_eq_write 1498 full_cycles 1001437 emit_wb 176499 expiries 176371 cancels 12826 uns_jobs 176500
ctl_override_clr_only	3003	3	2000000	1	44799	reg_ops 28874 cmd_hits 295280 cmd_in_clr 6191 cmd_in_set 6260 hit_on_written_row_clr 2584 (old_identity 402) hit_on_written_row_set 3029 identity_changing_clr 5591 resets 175 reset_in_clr 38 reset_in_set 34 reset_with_stamp_valid 34 walk_read_eq_write 174359 probe_pick_eq_write 1524 full_cycles 1022249 emit_wb 176895 expiries 182577 cancels 13076 uns_jobs 176895
ctl_override_clr_only	3004	3	2000000	1	42392	reg_ops 28631 cmd_hits 292485 cmd_in_clr 6202 cmd_in_set 6150 hit_on_written_row_clr 2587 (old_identity 447) hit_on_written_row_set 3046 identity_changing_clr 5913 resets 211 reset_in_clr 48 reset_in_set 51 reset_with_stamp_valid 57 walk_read_eq_write 174130 probe_pick_eq_write 1453 full_cycles 990483 emit_wb 176662 expiries 175765 cancels 12962 uns_jobs 176662
ctl_override_set_only	1	0	2000000	0	0	reg_ops 28011 cmd_hits 26562 cmd_in_clr 5068 cmd_in_set 4976 hit_on_written_row_clr 173 (old_identity 156) hit_on_written_row_set 157 identity_changing_clr 15262 resets 98 reset_in_clr 0 reset_in_set 1 reset_with_stamp_valid 49 walk_read_eq_write 60093 probe_pick_eq_write 1092 full_cycles 0 emit_wb 75649 expiries 34561 cancels 22910 uns_jobs 75649
ctl_override_set_only	2	0	2000000	0	0	reg_ops 28004 cmd_hits 27786 cmd_in_clr 5132 cmd_in_set 5049 hit_on_written_row_clr 169 (old_identity 155) hit_on_written_row_set 157 identity_changing_clr 15167 resets 88 reset_in_clr 0 reset_in_set 0 reset_with_stamp_valid 44 walk_read_eq_write 62282 probe_pick_eq_write 939 full_cycles 0 emit_wb 77715 expiries 31415 cancels 22872 uns_jobs 77715
ctl_override_set_only	3	0	2000000	0	0	reg_ops 27945 cmd_hits 25571 cmd_in_clr 5086 cmd_in_set 5026 hit_on_written_row_clr 177 (old_identity 157) hit_on_written_row_set 165 identity_changing_clr 15186 resets 118 reset_in_clr 0 reset_in_set 0 reset_with_stamp_valid 60 walk_read_eq_write 57171 probe_pick_eq_write 1323 full_cycles 0 emit_wb 72680 expiries 37109 cancels 22724 uns_jobs 72680
ctl_override_set_only	4	0	2000000	0	0	reg_ops 27861 cmd_hits 24746 cmd_in_clr 5112 cmd_in_set 5073 hit_on_written_row_clr 142 (old_identity 130) hit_on_written_row_set 149 identity_changing_clr 15293 resets 75 reset_in_clr 0 reset_in_set 0 reset_with_stamp_valid 40 walk_read_eq_write 57028 probe_pick_eq_write 1237 full_cycles 0 emit_wb 72647 expiries 37008 cancels 22909 uns_jobs 72647
ctl_override_set_only	1001	1	2000000	0	0	reg_ops 0 cmd_hits 46864 cmd_in_clr 8486 cmd_in_set 8679 hit_on_written_row_clr 229 (old_identity 213) hit_on_written_row_set 238 identity_changing_clr 15743 resets 832 reset_in_clr 3 reset_in_set 3 reset_with_stamp_valid 321 walk_read_eq_write 41158 probe_pick_eq_write 179 full_cycles 0 emit_wb 55616 expiries 20632 cancels 25825 uns_jobs 55616
ctl_override_set_only	1002	1	2000000	0	0	reg_ops 0 cmd_hits 47037 cmd_in_clr 8564 cmd_in_set 8554 hit_on_written_row_clr 232 (old_identity 211) hit_on_written_row_set 235 identity_changing_clr 15704 resets 737 reset_in_clr 2 reset_in_set 1 reset_with_stamp_valid 308 walk_read_eq_write 41633 probe_pick_eq_write 186 full_cycles 0 emit_wb 56024 expiries 20552 cancels 25407 uns_jobs 56024
ctl_override_set_only	1003	1	2000000	1	1	reg_ops 0 cmd_hits 47689 cmd_in_clr 8508 cmd_in_set 8388 hit_on_written_row_clr 233 (old_identity 203) hit_on_written_row_set 220 identity_changing_clr 15751 resets 831 reset_in_clr 6 reset_in_set 5 reset_with_stamp_valid 340 walk_read_eq_write 41914 probe_pick_eq_write 156 full_cycles 0 emit_wb 56359 expiries 20713 cancels 25547 uns_jobs 56359
ctl_override_set_only	1004	1	2000000	1	1	reg_ops 0 cmd_hits 49423 cmd_in_clr 8606 cmd_in_set 8726 hit_on_written_row_clr 231 (old_identity 204) hit_on_written_row_set 231 identity_changing_clr 16018 resets 810 reset_in_clr 2 reset_in_set 1 reset_with_stamp_valid 317 walk_read_eq_write 42281 probe_pick_eq_write 139 full_cycles 0 emit_wb 56996 expiries 20985 cancels 26272 uns_jobs 56996
ctl_override_set_only	2001	2	2000000	1	70	reg_ops 28209 cmd_hits 33961 cmd_in_clr 5061 cmd_in_set 4883 hit_on_written_row_clr 1453 (old_identity 1183) hit_on_written_row_set 2383 identity_changing_clr 15517 resets 1162 reset_in_clr 520 reset_in_set 527 reset_with_stamp_valid 755 walk_read_eq_write 54252 probe_pick_eq_write 968 full_cycles 0 emit_wb 68236 expiries 34533 cancels 21578 uns_jobs 68236
ctl_override_set_only	2002	2	2000000	1	67	reg_ops 27988 cmd_hits 32905 cmd_in_clr 5039 cmd_in_set 4863 hit_on_written_row_clr 1374 (old_identity 1097) hit_on_written_row_set 2271 identity_changing_clr 15405 resets 1069 reset_in_clr 496 reset_in_set 478 reset_with_stamp_valid 728 walk_read_eq_write 52941 probe_pick_eq_write 954 full_cycles 0 emit_wb 67063 expiries 35282 cancels 21636 uns_jobs 67063
ctl_override_set_only	2003	2	2000000	1	66	reg_ops 28207 cmd_hits 32674 cmd_in_clr 5006 cmd_in_set 4845 hit_on_written_row_clr 1378 (old_identity 1101) hit_on_written_row_set 2317 identity_changing_clr 15454 resets 1216 reset_in_clr 552 reset_in_set 524 reset_with_stamp_valid 780 walk_read_eq_write 52160 probe_pick_eq_write 930 full_cycles 0 emit_wb 66100 expiries 34838 cancels 21424 uns_jobs 66100
ctl_override_set_only	2004	2	2000000	1	23392	reg_ops 27943 cmd_hits 32552 cmd_in_clr 5015 cmd_in_set 4910 hit_on_written_row_clr 1395 (old_identity 1130) hit_on_written_row_set 2427 identity_changing_clr 15292 resets 1194 reset_in_clr 589 reset_in_set 515 reset_with_stamp_valid 811 walk_read_eq_write 51911 probe_pick_eq_write 1080 full_cycles 0 emit_wb 65744 expiries 35632 cancels 21326 uns_jobs 65754
ctl_override_set_only	3001	3	2000000	1	6	reg_ops 28745 cmd_hits 296452 cmd_in_clr 6273 cmd_in_set 6296 hit_on_written_row_clr 2629 (old_identity 399) hit_on_written_row_set 3077 identity_changing_clr 5540 resets 150 reset_in_clr 45 reset_in_set 39 reset_with_stamp_valid 22 walk_read_eq_write 173575 probe_pick_eq_write 1611 full_cycles 1020621 emit_wb 176150 expiries 191616 cancels 13260 uns_jobs 176150
ctl_override_set_only	3002	3	2000000	1	7	reg_ops 28691 cmd_hits 292957 cmd_in_clr 6219 cmd_in_set 6215 hit_on_written_row_clr 2590 (old_identity 424) hit_on_written_row_set 3051 identity_changing_clr 5777 resets 206 reset_in_clr 44 reset_in_set 46 reset_with_stamp_valid 44 walk_read_eq_write 173935 probe_pick_eq_write 1498 full_cycles 1001437 emit_wb 176499 expiries 176371 cancels 12826 uns_jobs 176500
ctl_override_set_only	3003	3	2000000	1	6	reg_ops 28874 cmd_hits 295280 cmd_in_clr 6191 cmd_in_set 6260 hit_on_written_row_clr 2584 (old_identity 402) hit_on_written_row_set 3029 identity_changing_clr 5591 resets 175 reset_in_clr 38 reset_in_set 34 reset_with_stamp_valid 34 walk_read_eq_write 174359 probe_pick_eq_write 1524 full_cycles 1022249 emit_wb 176895 expiries 182577 cancels 13076 uns_jobs 176895
ctl_override_set_only	3004	3	2000000	1	5	reg_ops 28631 cmd_hits 292485 cmd_in_clr 6202 cmd_in_set 6150 hit_on_written_row_clr 2587 (old_identity 447) hit_on_written_row_set 3046 identity_changing_clr 5913 resets 211 reset_in_clr 48 reset_in_set 51 reset_with_stamp_valid 57 walk_read_eq_write 174130 probe_pick_eq_write 1453 full_cycles 990483 emit_wb 176662 expiries 175765 cancels 12962 uns_jobs 176662
ctl_own_vs_new_row	1	0	2000000	1	57497	reg_ops 28011 cmd_hits 26562 cmd_in_clr 5068 cmd_in_set 4977 hit_on_written_row_clr 173 (old_identity 156) hit_on_written_row_set 157 identity_changing_clr 15263 resets 98 reset_in_clr 0 reset_in_set 1 reset_with_stamp_valid 49 walk_read_eq_write 60091 probe_pick_eq_write 1092 full_cycles 0 emit_wb 75647 expiries 34561 cancels 22910 uns_jobs 75649
ctl_own_vs_new_row	2	0	2000000	1	597	reg_ops 28004 cmd_hits 27786 cmd_in_clr 5132 cmd_in_set 5049 hit_on_written_row_clr 169 (old_identity 155) hit_on_written_row_set 157 identity_changing_clr 15167 resets 88 reset_in_clr 0 reset_in_set 0 reset_with_stamp_valid 44 walk_read_eq_write 62282 probe_pick_eq_write 939 full_cycles 0 emit_wb 77715 expiries 31415 cancels 22872 uns_jobs 77715
ctl_own_vs_new_row	3	0	2000000	1	630	reg_ops 27945 cmd_hits 25571 cmd_in_clr 5086 cmd_in_set 5026 hit_on_written_row_clr 177 (old_identity 157) hit_on_written_row_set 165 identity_changing_clr 15186 resets 118 reset_in_clr 0 reset_in_set 0 reset_with_stamp_valid 60 walk_read_eq_write 57171 probe_pick_eq_write 1323 full_cycles 0 emit_wb 72680 expiries 37109 cancels 22724 uns_jobs 72680
ctl_own_vs_new_row	4	0	2000000	1	36023	reg_ops 27861 cmd_hits 24746 cmd_in_clr 5111 cmd_in_set 5073 hit_on_written_row_clr 142 (old_identity 130) hit_on_written_row_set 149 identity_changing_clr 15293 resets 75 reset_in_clr 0 reset_in_set 0 reset_with_stamp_valid 40 walk_read_eq_write 57027 probe_pick_eq_write 1237 full_cycles 0 emit_wb 72646 expiries 37008 cancels 22909 uns_jobs 72647
ctl_own_vs_new_row	1001	1	2000000	1	56943	reg_ops 0 cmd_hits 46864 cmd_in_clr 8486 cmd_in_set 8681 hit_on_written_row_clr 229 (old_identity 213) hit_on_written_row_set 238 identity_changing_clr 15747 resets 832 reset_in_clr 3 reset_in_set 3 reset_with_stamp_valid 321 walk_read_eq_write 41160 probe_pick_eq_write 179 full_cycles 0 emit_wb 55622 expiries 20632 cancels 25825 uns_jobs 55616
ctl_own_vs_new_row	1002	1	2000000	1	772	reg_ops 0 cmd_hits 47037 cmd_in_clr 8564 cmd_in_set 8554 hit_on_written_row_clr 232 (old_identity 211) hit_on_written_row_set 235 identity_changing_clr 15704 resets 737 reset_in_clr 2 reset_in_set 1 reset_with_stamp_valid 308 walk_read_eq_write 41633 probe_pick_eq_write 186 full_cycles 0 emit_wb 56024 expiries 20552 cancels 25407 uns_jobs 56024
ctl_own_vs_new_row	1003	1	2000000	1	7555	reg_ops 0 cmd_hits 47689 cmd_in_clr 8506 cmd_in_set 8388 hit_on_written_row_clr 233 (old_identity 203) hit_on_written_row_set 220 identity_changing_clr 15750 resets 831 reset_in_clr 6 reset_in_set 5 reset_with_stamp_valid 340 walk_read_eq_write 41915 probe_pick_eq_write 156 full_cycles 0 emit_wb 56359 expiries 20713 cancels 25547 uns_jobs 56359
ctl_own_vs_new_row	1004	1	2000000	1	28131	reg_ops 0 cmd_hits 49423 cmd_in_clr 8605 cmd_in_set 8725 hit_on_written_row_clr 231 (old_identity 204) hit_on_written_row_set 231 identity_changing_clr 16017 resets 810 reset_in_clr 2 reset_in_set 1 reset_with_stamp_valid 317 walk_read_eq_write 42280 probe_pick_eq_write 139 full_cycles 0 emit_wb 56994 expiries 20985 cancels 26272 uns_jobs 56996
ctl_own_vs_new_row	2001	2	2000000	1	46407	reg_ops 28176 cmd_hits 33091 cmd_in_clr 5155 cmd_in_set 4843 hit_on_written_row_clr 1404 (old_identity 1137) hit_on_written_row_set 2402 identity_changing_clr 15468 resets 1089 reset_in_clr 506 reset_in_set 475 reset_with_stamp_valid 715 walk_read_eq_write 53044 probe_pick_eq_write 933 full_cycles 0 emit_wb 67012 expiries 34132 cancels 21502 uns_jobs 67018
ctl_own_vs_new_row	2002	2	2000000	1	43744	reg_ops 28173 cmd_hits 32720 cmd_in_clr 5007 cmd_in_set 4923 hit_on_written_row_clr 1405 (old_identity 1122) hit_on_written_row_set 2321 identity_changing_clr 15443 resets 1069 reset_in_clr 491 reset_in_set 488 reset_with_stamp_valid 727 walk_read_eq_write 52426 probe_pick_eq_write 956 full_cycles 0 emit_wb 66514 expiries 34950 cancels 21675 uns_jobs 66519
ctl_own_vs_new_row	2003	2	2000000	1	87907	reg_ops 28104 cmd_hits 33170 cmd_in_clr 5039 cmd_in_set 4855 hit_on_written_row_clr 1405 (old_identity 1128) hit_on_written_row_set 2374 identity_changing_clr 15483 resets 1195 reset_in_clr 539 reset_in_set 510 reset_with_stamp_valid 801 walk_read_eq_write 52662 probe_pick_eq_write 912 full_cycles 0 emit_wb 66685 expiries 34932 cancels 21409 uns_jobs 66722
ctl_own_vs_new_row	2004	2	2000000	1	55632	reg_ops 28063 cmd_hits 32555 cmd_in_clr 5026 cmd_in_set 4921 hit_on_written_row_clr 1428 (old_identity 1149) hit_on_written_row_set 2341 identity_changing_clr 15360 resets 1119 reset_in_clr 529 reset_in_set 492 reset_with_stamp_valid 744 walk_read_eq_write 52372 probe_pick_eq_write 1024 full_cycles 0 emit_wb 66394 expiries 36085 cancels 21561 uns_jobs 66407
ctl_own_vs_new_row	3001	3	2000000	1	947	reg_ops 28745 cmd_hits 296452 cmd_in_clr 6273 cmd_in_set 6296 hit_on_written_row_clr 2629 (old_identity 399) hit_on_written_row_set 3077 identity_changing_clr 5540 resets 150 reset_in_clr 45 reset_in_set 39 reset_with_stamp_valid 22 walk_read_eq_write 173575 probe_pick_eq_write 1611 full_cycles 1020621 emit_wb 176150 expiries 191616 cancels 13260 uns_jobs 176150
ctl_own_vs_new_row	3002	3	2000000	1	966	reg_ops 28691 cmd_hits 292957 cmd_in_clr 6219 cmd_in_set 6215 hit_on_written_row_clr 2590 (old_identity 424) hit_on_written_row_set 3051 identity_changing_clr 5777 resets 206 reset_in_clr 44 reset_in_set 46 reset_with_stamp_valid 44 walk_read_eq_write 173935 probe_pick_eq_write 1498 full_cycles 1001437 emit_wb 176499 expiries 176371 cancels 12826 uns_jobs 176500
ctl_own_vs_new_row	3003	3	2000000	1	904	reg_ops 28874 cmd_hits 295280 cmd_in_clr 6191 cmd_in_set 6260 hit_on_written_row_clr 2584 (old_identity 402) hit_on_written_row_set 3029 identity_changing_clr 5591 resets 175 reset_in_clr 38 reset_in_set 34 reset_with_stamp_valid 34 walk_read_eq_write 174359 probe_pick_eq_write 1524 full_cycles 1022249 emit_wb 176895 expiries 182577 cancels 13076 uns_jobs 176895
ctl_own_vs_new_row	3004	3	2000000	1	1048	reg_ops 28631 cmd_hits 292485 cmd_in_clr 6202 cmd_in_set 6150 hit_on_written_row_clr 2587 (old_identity 447) hit_on_written_row_set 3046 identity_changing_clr 5913 resets 211 reset_in_clr 48 reset_in_set 51 reset_with_stamp_valid 57 walk_read_eq_write 174130 probe_pick_eq_write 1453 full_cycles 990483 emit_wb 176662 expiries 175765 cancels 12962 uns_jobs 176662
ctl_reindex_late	1	0	2000000	1	8496	reg_ops 28011 cmd_hits 26562 cmd_in_clr 5068 cmd_in_set 5085 hit_on_written_row_clr 173 (old_identity 156) hit_on_written_row_set 155 identity_changing_clr 15262 resets 98 reset_in_clr 0 reset_in_set 1 reset_with_stamp_valid 49 walk_read_eq_write 60093 probe_pick_eq_write 1092 full_cycles 0 emit_wb 75649 expiries 34561 cancels 22910 uns_jobs 75649
ctl_reindex_late	2	0	2000000	1	7419	reg_ops 28004 cmd_hits 27786 cmd_in_clr 5132 cmd_in_set 5070 hit_on_written_row_clr 169 (old_identity 155) hit_on_written_row_set 152 identity_changing_clr 15167 resets 88 reset_in_clr 0 reset_in_set 0 reset_with_stamp_valid 44 walk_read_eq_write 62282 probe_pick_eq_write 939 full_cycles 0 emit_wb 77715 expiries 31415 cancels 22872 uns_jobs 77715
ctl_reindex_late	3	0	2000000	1	8372	reg_ops 27945 cmd_hits 25571 cmd_in_clr 5086 cmd_in_set 4999 hit_on_written_row_clr 177 (old_identity 157) hit_on_written_row_set 159 identity_changing_clr 15186 resets 118 reset_in_clr 0 reset_in_set 0 reset_with_stamp_valid 60 walk_read_eq_write 57171 probe_pick_eq_write 1323 full_cycles 0 emit_wb 72680 expiries 37109 cancels 22724 uns_jobs 72680
ctl_reindex_late	4	0	2000000	1	9893	reg_ops 27861 cmd_hits 24746 cmd_in_clr 5112 cmd_in_set 5226 hit_on_written_row_clr 142 (old_identity 130) hit_on_written_row_set 161 identity_changing_clr 15293 resets 75 reset_in_clr 0 reset_in_set 0 reset_with_stamp_valid 40 walk_read_eq_write 57028 probe_pick_eq_write 1237 full_cycles 0 emit_wb 72647 expiries 37008 cancels 22909 uns_jobs 72647
ctl_reindex_late	1001	1	2000000	1	8314	reg_ops 0 cmd_hits 46864 cmd_in_clr 8486 cmd_in_set 8542 hit_on_written_row_clr 229 (old_identity 213) hit_on_written_row_set 206 identity_changing_clr 15743 resets 832 reset_in_clr 3 reset_in_set 4 reset_with_stamp_valid 321 walk_read_eq_write 41158 probe_pick_eq_write 179 full_cycles 0 emit_wb 55616 expiries 20632 cancels 25825 uns_jobs 55616
ctl_reindex_late	1002	1	2000000	1	7403	reg_ops 0 cmd_hits 47037 cmd_in_clr 8564 cmd_in_set 8539 hit_on_written_row_clr 232 (old_identity 211) hit_on_written_row_set 201 identity_changing_clr 15704 resets 737 reset_in_clr 2 reset_in_set 5 reset_with_stamp_valid 308 walk_read_eq_write 41633 probe_pick_eq_write 186 full_cycles 0 emit_wb 56024 expiries 20552 cancels 25407 uns_jobs 56024
ctl_reindex_late	1003	1	2000000	1	6996	reg_ops 0 cmd_hits 47689 cmd_in_clr 8508 cmd_in_set 8589 hit_on_written_row_clr 233 (old_identity 203) hit_on_written_row_set 235 identity_changing_clr 15751 resets 831 reset_in_clr 6 reset_in_set 3 reset_with_stamp_valid 340 walk_read_eq_write 41914 probe_pick_eq_write 156 full_cycles 0 emit_wb 56359 expiries 20713 cancels 25547 uns_jobs 56359
ctl_reindex_late	1004	1	2000000	1	113585	reg_ops 0 cmd_hits 49423 cmd_in_clr 8602 cmd_in_set 8761 hit_on_written_row_clr 231 (old_identity 204) hit_on_written_row_set 236 identity_changing_clr 16008 resets 810 reset_in_clr 2 reset_in_set 2 reset_with_stamp_valid 317 walk_read_eq_write 42280 probe_pick_eq_write 139 full_cycles 0 emit_wb 56989 expiries 20985 cancels 26272 uns_jobs 56996
ctl_reindex_late	2001	2	2000000	1	8735	reg_ops 28118 cmd_hits 33636 cmd_in_clr 5086 cmd_in_set 4954 hit_on_written_row_clr 1391 (old_identity 1121) hit_on_written_row_set 2420 identity_changing_clr 15388 resets 1111 reset_in_clr 514 reset_in_set 501 reset_with_stamp_valid 743 walk_read_eq_write 53741 probe_pick_eq_write 935 full_cycles 0 emit_wb 67676 expiries 34342 cancels 21446 uns_jobs 67676
ctl_reindex_late	2002	2	2000000	1	8812	reg_ops 28133 cmd_hits 32943 cmd_in_clr 4933 cmd_in_set 4833 hit_on_written_row_clr 1282 (old_identity 1073) hit_on_written_row_set 2337 identity_changing_clr 15356 resets 1135 reset_in_clr 498 reset_in_set 533 reset_with_stamp_valid 773 walk_read_eq_write 52226 probe_pick_eq_write 942 full_cycles 0 emit_wb 66090 expiries 34817 cancels 21517 uns_jobs 66090
ctl_reindex_late	2003	2	2000000	1	6624	reg_ops 27996 cmd_hits 33349 cmd_in_clr 5113 cmd_in_set 4925 hit_on_written_row_clr 1421 (old_identity 1163) hit_on_written_row_set 2398 identity_changing_clr 15506 resets 1042 reset_in_clr 481 reset_in_set 476 reset_with_stamp_valid 726 walk_read_eq_write 53161 probe_pick_eq_write 1073 full_cycles 0 emit_wb 67250 expiries 34981 cancels 21577 uns_jobs 67250
ctl_reindex_late	2004	2	2000000	1	6630	reg_ops 28149 cmd_hits 32716 cmd_in_clr 5151 cmd_in_set 4842 hit_on_written_row_clr 1445 (old_identity 1162) hit_on_written_row_set 2295 identity_changing_clr 15615 resets 1131 reset_in_clr 538 reset_in_set 501 reset_with_stamp_valid 786 walk_read_eq_write 52421 probe_pick_eq_write 975 full_cycles 0 emit_wb 66515 expiries 35932 cancels 21562 uns_jobs 66515
ctl_reindex_late	3001	3	2000000	1	5032	reg_ops 28801 cmd_hits 295621 cmd_in_clr 6281 cmd_in_set 6303 hit_on_written_row_clr 2642 (old_identity 447) hit_on_written_row_set 3014 identity_changing_clr 5700 resets 187 reset_in_clr 35 reset_in_set 53 reset_with_stamp_valid 40 walk_read_eq_write 173532 probe_pick_eq_write 1579 full_cycles 1028541 emit_wb 176079 expiries 190427 cancels 12989 uns_jobs 176079
ctl_reindex_late	3002	3	2000000	1	4233	reg_ops 28483 cmd_hits 298588 cmd_in_clr 6053 cmd_in_set 6030 hit_on_written_row_clr 2554 (old_identity 396) hit_on_written_row_set 2914 identity_changing_clr 5267 resets 152 reset_in_clr 32 reset_in_set 40 reset_with_stamp_valid 27 walk_read_eq_write 175858 probe_pick_eq_write 1474 full_cycles 1072748 emit_wb 178285 expiries 178405 cancels 12822 uns_jobs 178285
ctl_reindex_late	3003	3	2000000	1	4977	reg_ops 29058 cmd_hits 295124 cmd_in_clr 6400 cmd_in_set 6299 hit_on_written_row_clr 2715 (old_identity 436) hit_on_written_row_set 3066 identity_changing_clr 5683 resets 181 reset_in_clr 53 reset_in_set 37 reset_with_stamp_valid 33 walk_read_eq_write 173684 probe_pick_eq_write 1580 full_cycles 1018583 emit_wb 176145 expiries 182130 cancels 13004 uns_jobs 176145
ctl_reindex_late	3004	3	2000000	1	4626	reg_ops 28611 cmd_hits 295328 cmd_in_clr 6121 cmd_in_set 6108 hit_on_written_row_clr 2568 (old_identity 418) hit_on_written_row_set 2982 identity_changing_clr 5591 resets 179 reset_in_clr 41 reset_in_set 34 reset_with_stamp_valid 41 walk_read_eq_write 175289 probe_pick_eq_write 1525 full_cycles 1020828 emit_wb 177880 expiries 178839 cancels 13021 uns_jobs 177880
ctl_stamp_read_without_valid	1	0	2000000	1	773592	reg_ops 28011 cmd_hits 26562 cmd_in_clr 5071 cmd_in_set 4972 hit_on_written_row_clr 173 (old_identity 156) hit_on_written_row_set 157 identity_changing_clr 15262 resets 98 reset_in_clr 0 reset_in_set 1 reset_with_stamp_valid 48 walk_read_eq_write 60079 probe_pick_eq_write 1092 full_cycles 0 emit_wb 75634 expiries 34561 cancels 22910 uns_jobs 75649
ctl_stamp_read_without_valid	2	0	2000000	1	481574	reg_ops 28004 cmd_hits 27786 cmd_in_clr 5135 cmd_in_set 5047 hit_on_written_row_clr 170 (old_identity 156) hit_on_written_row_set 157 identity_changing_clr 15166 resets 88 reset_in_clr 0 reset_in_set 0 reset_with_stamp_valid 40 walk_read_eq_write 62274 probe_pick_eq_write 940 full_cycles 0 emit_wb 77706 expiries 31415 cancels 22872 uns_jobs 77715
ctl_stamp_read_without_valid	3	0	2000000	1	12920	reg_ops 27945 cmd_hits 25571 cmd_in_clr 5085 cmd_in_set 5026 hit_on_written_row_clr 177 (old_identity 157) hit_on_written_row_set 164 identity_changing_clr 15186 resets 118 reset_in_clr 0 reset_in_set 0 reset_with_stamp_valid 60 walk_read_eq_write 57171 probe_pick_eq_write 1323 full_cycles 0 emit_wb 72680 expiries 37109 cancels 22724 uns_jobs 72680
ctl_stamp_read_without_valid	4	0	2000000	1	272738	reg_ops 27861 cmd_hits 24746 cmd_in_clr 5112 cmd_in_set 5073 hit_on_written_row_clr 142 (old_identity 130) hit_on_written_row_set 149 identity_changing_clr 15293 resets 75 reset_in_clr 0 reset_in_set 0 reset_with_stamp_valid 40 walk_read_eq_write 57027 probe_pick_eq_write 1237 full_cycles 0 emit_wb 72646 expiries 37008 cancels 22909 uns_jobs 72647
ctl_stamp_read_without_valid	1001	1	2000000	1	835410	reg_ops 0 cmd_hits 46864 cmd_in_clr 8511 cmd_in_set 8702 hit_on_written_row_clr 229 (old_identity 213) hit_on_written_row_set 237 identity_changing_clr 15775 resets 832 reset_in_clr 3 reset_in_set 3 reset_with_stamp_valid 310 walk_read_eq_write 41372 probe_pick_eq_write 177 full_cycles 0 emit_wb 55858 expiries 20632 cancels 25825 uns_jobs 55616
ctl_stamp_read_without_valid	1002	1	2000000	1	1076149	reg_ops 0 cmd_hits 47037 cmd_in_clr 8601 cmd_in_set 8587 hit_on_written_row_clr 230 (old_identity 209) hit_on_written_row_set 237 identity_changing_clr 15754 resets 737 reset_in_clr 2 reset_in_set 1 reset_with_stamp_valid 301 walk_read_eq_write 41816 probe_pick_eq_write 185 full_cycles 0 emit_wb 56251 expiries 20552 cancels 25407 uns_jobs 56024
ctl_stamp_read_without_valid	1003	1	2000000	1	978874	reg_ops 0 cmd_hits 47689 cmd_in_clr 8527 cmd_in_set 8402 hit_on_written_row_clr 232 (old_identity 201) hit_on_written_row_set 217 identity_changing_clr 15756 resets 831 reset_in_clr 6 reset_in_set 5 reset_with_stamp_valid 330 walk_read_eq_write 42061 probe_pick_eq_write 156 full_cycles 0 emit_wb 56491 expiries 20713 cancels 25547 uns_jobs 56359
ctl_stamp_read_without_valid	1004	1	2000000	1	575044	reg_ops 0 cmd_hits 49423 cmd_in_clr 8607 cmd_in_set 8724 hit_on_written_row_clr 226 (old_identity 200) hit_on_written_row_set 232 identity_changing_clr 16019 resets 810 reset_in_clr 2 reset_in_set 1 reset_with_stamp_valid 311 walk_read_eq_write 42293 probe_pick_eq_write 140 full_cycles 0 emit_wb 57002 expiries 20985 cancels 26272 uns_jobs 56996
ctl_stamp_read_without_valid	2001	2	2000000	1	466631	reg_ops 28361 cmd_hits 33952 cmd_in_clr 4990 cmd_in_set 4864 hit_on_written_row_clr 1397 (old_identity 1153) hit_on_written_row_set 2369 identity_changing_clr 15430 resets 1099 reset_in_clr 554 reset_in_set 462 reset_with_stamp_valid 553 walk_read_eq_write 53839 probe_pick_eq_write 941 full_cycles 0 emit_wb 67813 expiries 34555 cancels 21422 uns_jobs 67841
ctl_stamp_read_without_valid	2002	2	2000000	1	418179	reg_ops 28096 cmd_hits 32975 cmd_in_clr 5015 cmd_in_set 4973 hit_on_written_row_clr 1405 (old_identity 1139) hit_on_written_row_set 2370 identity_changing_clr 15473 resets 1138 reset_in_clr 510 reset_in_set 527 reset_with_stamp_valid 616 walk_read_eq_write 52251 probe_pick_eq_write 1002 full_cycles 0 emit_wb 66252 expiries 34803 cancels 21463 uns_jobs 66275
ctl_stamp_read_without_valid	2003	2	2000000	1	433098	reg_ops 28235 cmd_hits 33061 cmd_in_clr 5015 cmd_in_set 4813 hit_on_written_row_clr 1413 (old_identity 1127) hit_on_written_row_set 2305 identity_changing_clr 15489 resets 1205 reset_in_clr 565 reset_in_set 527 reset_with_stamp_valid 617 walk_read_eq_write 52433 probe_pick_eq_write 920 full_cycles 0 emit_wb 66396 expiries 34997 cancels 21557 uns_jobs 66433
ctl_stamp_read_without_valid	2004	2	2000000	1	313638	reg_ops 28179 cmd_hits 32778 cmd_in_clr 5027 cmd_in_set 4909 hit_on_written_row_clr 1396 (old_identity 1128) hit_on_written_row_set 2389 identity_changing_clr 15433 resets 1095 reset_in_clr 514 reset_in_set 497 reset_with_stamp_valid 643 walk_read_eq_write 52365 probe_pick_eq_write 1015 full_cycles 0 emit_wb 66497 expiries 35997 cancels 21595 uns_jobs 66523
ctl_stamp_read_without_valid	3001	3	2000000	0	0	reg_ops 28745 cmd_hits 296452 cmd_in_clr 6273 cmd_in_set 6296 hit_on_written_row_clr 2629 (old_identity 399) hit_on_written_row_set 3077 identity_changing_clr 5540 resets 150 reset_in_clr 45 reset_in_set 39 reset_with_stamp_valid 22 walk_read_eq_write 173575 probe_pick_eq_write 1611 full_cycles 1020621 emit_wb 176150 expiries 191616 cancels 13260 uns_jobs 176150
ctl_stamp_read_without_valid	3002	3	2000000	1	312	reg_ops 28691 cmd_hits 292957 cmd_in_clr 6219 cmd_in_set 6215 hit_on_written_row_clr 2590 (old_identity 424) hit_on_written_row_set 3051 identity_changing_clr 5777 resets 206 reset_in_clr 44 reset_in_set 46 reset_with_stamp_valid 43 walk_read_eq_write 173935 probe_pick_eq_write 1498 full_cycles 1001437 emit_wb 176499 expiries 176371 cancels 12826 uns_jobs 176500
ctl_stamp_read_without_valid	3003	3	2000000	0	0	reg_ops 28874 cmd_hits 295280 cmd_in_clr 6191 cmd_in_set 6260 hit_on_written_row_clr 2584 (old_identity 402) hit_on_written_row_set 3029 identity_changing_clr 5591 resets 175 reset_in_clr 38 reset_in_set 34 reset_with_stamp_valid 34 walk_read_eq_write 174359 probe_pick_eq_write 1524 full_cycles 1022249 emit_wb 176895 expiries 182577 cancels 13076 uns_jobs 176895
ctl_stamp_read_without_valid	3004	3	2000000	1	216	reg_ops 28631 cmd_hits 292485 cmd_in_clr 6202 cmd_in_set 6150 hit_on_written_row_clr 2587 (old_identity 447) hit_on_written_row_set 3046 identity_changing_clr 5913 resets 211 reset_in_clr 48 reset_in_set 51 reset_with_stamp_valid 57 walk_read_eq_write 174130 probe_pick_eq_write 1453 full_cycles 990483 emit_wb 176662 expiries 175765 cancels 12962 uns_jobs 176662
