sha256	bytes	path (relative to scratch root)
12a33fe75fc51eb086bec6a572480a8a276ee14e426af17c64904eabfb1b8f09	29606	camp/r1c-base/acmp/armq_drop_skip_sat@pp_top.log
a2807c3708453c367e097fc477b2b456f8de2f4c8b009ce4490693f3cc9b8046	29608	camp/r1c-base/acmp/armq_full_pop_refuses@pp_top.log
0a423ef024123bf645eaa702b4a13dacded5e7619f3dd510151fddc045073d9c	29768	camp/r1c-base/acmp/armq_head_stuck@pp_top.log
4fdc229fde5badc4c897e9444568c3402a91c167fd83d1fc7f6025120f08aa18	35846	camp/r1c-base/acmp/armq_read_tail@pp_top.log
9427b1dc480f834e6f47f83f995942b966a77dd7380dafe34340171999d8420a	30225	camp/r1c-base/acmp/armq_ring_of_three@pp_top.log
90b4bffe928458f6bf653c575928420337f958ee927d805ddf0a29a62b881a82	29768	camp/r1c-base/acmp/armq_write_at_head@pp_top.log
e42b94c6bd53fa66032c9eadad11d294b8e70c35ddaa3984b23a998895237371	29768	camp/r1c-base/acmp/armq_write_at_mid@pp_top.log
d67aa648c84415314a4f0ddf8666f1649962984ded1ea03245038bb6b373d613	29605	camp/r1c-base/acmp/armq_write_refused@pp_top.log
bc906aef1141a5a8d41e8986559c78fa150f9ea9cc9e27c248b6b4254c9b19be	29606	camp/r1c-base/acmp/armq_write_wrap_hi@pp_top.log
434cd9483a20e03c2a7d5cd87203498c4eff01600568626c0bd528623a52d60c	28954	camp/r1c-base/acmp/bound_dmac_from_sid@pp_top.log
9473f47f643c14e4f3a5be50e5850e33b75563b693635e841daa49192d23a603	28878	camp/r1c-base/acmp/bound_view_not_cleared@pp_top.log
dc530d6b1c0e4d9adbc0878dfdaaa2c285d796f987a0e3dddb6a3b4a6f03a82f	28954	camp/r1c-base/acmp/bound_view_not_latched@pp_top.log
f4050286b1555ae55c7d0b09b316e38bb5413378b8af1a116dbb80b39df32d48	30802	camp/r1c-base/acmp/cdl_not_44_rejected@pp_top.log
68c633f8c7c27da8c4f1883a20a1070395c632b8b5724afcda6cfebaad396c90	6783	camp/r1c-base/acmp/cdl_not_44_rejected@rx_validator.log
e7ea9d4513068a6a0a717bd839e3bc0c1081cba7c40b892f2e0140a340750ed6	5600	camp/r1c-base/acmp/golden-acmp_listener.log
75f976a4cd1ae635bea21a5e59e350a7a807e94f05ba7f1e80864d2cfe135b6c	28768	camp/r1c-base/acmp/golden-pp_top--acmp-only.log
c6934d9912e5bd1af04e6cbe3fa81de8cf6aedbb92ce573f704fbf4bfad96cad	29437	camp/r1c-base/acmp/golden-pp_top--arm-queue-only.log
ff20bf1aea0ab0db38123b8802cb6f00c4be3251c4b7e0e17b7df821b6569abc	5374	camp/r1c-base/acmp/golden-rx_validator.log
8ea4bfd84296c435518823addee70f37d34b9ea1d8d9f6b4e312d22b80e182c4	9794	camp/r1c-base/acmp/guard_ctlr_dropped@acmp_listener.log
77f0e68988c82430f4ff478439514b384aa856e4e6225bfb3a6cf2748329364c	8857	camp/r1c-base/acmp/guard_talker_eid_dropped@acmp_listener.log
efda43594e518928fd1b353266dd39db771bc3c6a7123b7504aee2a15fe997fd	8000	camp/r1c-base/acmp/guard_talker_uid_dropped@acmp_listener.log
da1ac6987222bb480d89ede354b344735bf7932433b50562e55609ec3fa892e2	29110	camp/r1c-base/acmp/matcher_da_ignored@pp_top.log
40407532ef3e1f44aa4a47b2765e84cf00ef30f32efcafbb85856769cb34a27c	29110	camp/r1c-base/acmp/matcher_vid_ignored@pp_top.log
f410bf090d373c95aa53fc8ed15593c12c9eb6a01c8758ecd34849e054ed6979	12552	camp/r1c-base/acmp/msg_ok_forced@acmp_listener.log
dc451cb1e7ac0c75e57fd26bc29774c9dafeade1b651a9003be5276fa7053233	28867	camp/r1c-base/acmp/msg_ok_forced@pp_top.log
4c46a01c51a2cad5dcbf5d81ddf5dc7c563ca9ccab4227f0e6202c4855c36aeb	5683	camp/r1c-base/acmp/rec_read_in_idle@acmp_listener.log
9463862f418c9b134fff1e9726f8918637ba6f7602822a79af95ccfa3caf1aff	48837	camp/r1c-base/acmp/rec_read_sink_zero@acmp_listener.log
740c95f0482cc6b4287477b5e876977a1b4c3ca51d8d09a6c5602edec9f75ddd	8168	camp/r1c-base/acmp/rec_settled_vlan_unstored@acmp_listener.log
fd7a9ab91d7bd80c71df516477ddfddb75bf753bbd879be184d61adfdb3d9977	13231	camp/r1c-base/acmp/rec_started_unstored@acmp_listener.log
7c10d7b3d262148a29b1bd690d63bf5da0c3f3b063c10a3aba2558eb16ba38d2	10860	camp/r1c-base/acmp/rec_sweep_misaddressed@acmp_listener.log
a82b4360db00db49a39db040235ee3f16725a9182479868a46b5496615b98086	96457	camp/r1c-base/acmp/results.json
e21995893330471646798a5c0a1ff8225368c7ad28216e7b65abc93e025f7a4f	29253	camp/r1c-base/acmp/st_ls_index_zero@pp_top.log
930b07279ad71ffcba84faf23c86721c914bc365a5652b369ea5e57f89add495	29332	camp/r1c-base/acmp/st_ls_settle_as_withdraw@pp_top.log
273dc81182a06ed4769976058e2733a8cb59c84dce7c15ccfbb24c25e7c6b36b	29332	camp/r1c-base/acmp/st_ls_sid_da_swapped@pp_top.log
d926dd08f365ccd3bcab01bc346d1ca26b8500a5f7436ed109dee141f007f7cb	29333	camp/r1c-base/acmp/st_ls_state_none@pp_top.log
df0f2ba1c6e0b90655477e271379a38e427483e775cdffc51c577b91afe255d4	28848	camp/r1c-base/acmp/st_ls_teardown_as_declare@pp_top.log
c2c8e6938d9a04a4ea8fa976091fc1770a187a4e15bab5268564e0bd4d9f2240	28924	camp/r1c-base/acmp/st_ls_teardown_lost@pp_top.log
8c4c4db16e8cd0df1e2fadbf6b8d0cb7d094ed2718af7035c5b5f6892d785d30	29332	camp/r1c-base/acmp/st_ls_vid_dropped@pp_top.log
7a6ed5681e21793d49b5dc83d21924ed756cab068acb6f57c6913293b5e81260	31738	camp/r1c-base/aecp/acmp-waits-for-aecp.log
409354e05ffcfa25cb7c6ed818e2d77f935220e254f2bbbd89a5fb229bc5a53a	31502	camp/r1c-base/aecp/control-pp_top-budget.log
5e92f604668bb231e1aba1272d666038ba08a179b3cfd1996ddb13849704ebe1	28882	camp/r1c-base/aecp/control-pp_top-d3.log
ed888fed20f7c9c1c2177e07b900d190bdbc87e682f2b3b62cc2208cd44d20ea	29316	camp/r1c-base/aecp/control-pp_top-deadline.log
aa607568e1486b518b590606742c4e9a987ff66be21f89d64099a78d9664dc1e	28887	camp/r1c-base/aecp/control-pp_top-hazards.log
2844551c9746145fdd97918ebcd9146ee540765f0495a0df8162aa82a5e209a4	29820	camp/r1c-base/aecp/control-pp_top-timer-defaults.log
b4aa952d204e19216e7f65214495fef680ded4cc89ddf53a7f087e97c1d990d5	5523	camp/r1c-base/aecp/control-ucpu-run.log
66e6a3cd23efc384fa891b2e2046cafa8090cd4697601a6bb6746929fe9dc859	30012	camp/r1c-base/aecp/dl-armed-at-admission.log
f18554e0351d2d75697fe06b90009cc49dc7cfead9aac13547b962f909056302	29030	camp/r1c-base/aecp/dl-boot-hold-not-exempt.log
160227338c42129fbdba640ab4682e611e06a49f481f38a8e27d85532d853870	29966	camp/r1c-base/aecp/dl-edit-preempted.log
0e1d2d06780364a4c8e0c586c66615fa369be79fd17c12ec819ee51a781573a2	29710	camp/r1c-base/aecp/dl-gdi-runs-on.log
7d71daa6c032e8c4472aa260500d1d0f73d7a19a49e7f0dc760544087c537171	29579	camp/r1c-base/aecp/dl-kill-ack-keeps-owner.log
34f6a87b2c39f69278a2262d037c7c851ded2dadfbcb64b100c78ecd3938a216	32283	camp/r1c-base/aecp/dl-kill-tied-off.log
d77d365f4adfc38d1ac6b979b1b81575c41c858c6f9f4da8310448f9319e7e92	29543	camp/r1c-base/aecp/dl-lock-preempted.log
6a51dd55d78a1116d4553a6617606716702d5425ebd7c529caed4a898161bca1	30017	camp/r1c-base/aecp/dl-mvu-forced-status-10.log
d44b96d45d11ea10b5b7d77ece0b2df0fe87ca2562ac61c369348ec5e8f6f3fb	29876	camp/r1c-base/aecp/dl-non-aem-forced-status-10.log
db9abecfdc310c4e20edb5f004cf1ec9e91e926a745fa6965a23dfffae7acf00	29494	camp/r1c-base/aecp/dl-preempt-after-effect-top.log
de86d597483b321189112c4545ec9c20372efd4e91c5edc034ae3927e2a1e281	5836	camp/r1c-base/aecp/dl-preempt-after-effect.log
9b03c2f6aaeff91f3c0777f0820ef77b442f0ac593e6cdbae60acddb218894d6	29630	camp/r1c-base/aecp/dl-registry-preempted.log
42e93dcd39ccf37d32f59f6be9f17f34f8b2048e8ce892158b58b40d70e18db5	29698	camp/r1c-base/aecp/dl-released-before-queued.log
cf9112144e8fb6ef1f3759666abdca2858886ec3414adc3c1e334da680c60d86	5621	camp/r1c-base/aecp/dlkill-always-misbehaving.log
881802ca819740cabcef18ba5b96305edd9d9bcd440e7e22bc11eff09648376c	34024	camp/r1c-base/aecp/fanout-never-ends.log
f19c8ab51ce34f0e698a92c7d2ead84539650ccbf2c252185df6b4845a76ab9a	32344	camp/r1c-base/aecp/hz-acmp-reads-as-steps.log
a6de35faccf6db08414dbebef4eb49a4e4b6eb4e7c18fb3cf9aed4b1d4601e83	44103	camp/r1c-base/aecp/hz-barrier-no-priority.log
23633e51c34852413d67777a6b744a20872d701aa463349c29fc2d6ac26193fb	29207	camp/r1c-base/aecp/hz-clock-as-lock.log
50eaa90d94fc7d786b51e39f992a347bbe04fc03ce9da95c295a2b946a2deca8	29755	camp/r1c-base/aecp/hz-clock-as-ro.log
c8a41935e009cfdac0fcaadb58043911faa9c9790c9617292a8518934fea9ad2	29750	camp/r1c-base/aecp/hz-clock-key-none-talker.log
45ae5457e98859b8cec14ab3b4a5a97d49ef2a0db08dfde93601cca00ec6d3ef	29753	camp/r1c-base/aecp/hz-clock-key-none.log
2b65bb80e16dc3dac51c65a009dc840b1faa822c1de5837417b41f454c497c5d	29045	camp/r1c-base/aecp/hz-foreign-target-classified.log
0b83e23ef1c515bc4378d4a9e4a7b7ec21362d98a83a47f9adc86ee15d0254d3	29177	camp/r1c-base/aecp/hz-gdi-as-barrier.log
e2277ad851dca88eeb283e19a29335e480b421bcc95adb178612ce508a93ebd3	29980	camp/r1c-base/aecp/hz-gdi-key-none-held.log
0c4557fd2e854e07ef70f08f57e2d3a148f0aa7e610d1b1184f88ac35d838733	29980	camp/r1c-base/aecp/hz-gdi-key-none-no-stream.log
77241a5eb5985219f5cb6bb100fc39dbed157984a5fe72f99faff48a2cace79b	29981	camp/r1c-base/aecp/hz-gdi-key-none.log
95878eb285dd1d6f197dd34086ddadac41c2815a1c2eeca95e506d09b95b4dbb	29623	camp/r1c-base/aecp/hz-identify-as-ro.log
3cd41f6fd1b8c6bf55fb889559136b5504bee5c88e2c65e2991be2ab4b873db3	29621	camp/r1c-base/aecp/hz-identify-key-none-talker.log
85a81bf3fd25b4dc51fa01122077e5ac4aab3b699d76129f31ab233b0b2361e2	29620	camp/r1c-base/aecp/hz-identify-key-none.log
92cc380e1a87799a115b939920e23a6182c21ccf6b73f0892479d1c2aba6b461	29579	camp/r1c-base/aecp/hz-lock-not-lockop-talker.log
f996bda561b32f5f4213349f1b503ff055b5a7cd7580b20bf24ddfe9c93a4071	29579	camp/r1c-base/aecp/hz-lock-not-lockop.log
e076d917a0d6df8c13055f4f7e738bd8e58651fdbd28ba0f5e6a7ad4b3493b04	30231	camp/r1c-base/aecp/hz-map-as-ro-talker.log
655bf39849bd67998aa471314924cfd0057b778999915890e9c733f4a4c89557	30228	camp/r1c-base/aecp/hz-map-as-ro.log
885775021a6c9a48c98b33ff676dffb2b7ca567b7db46116efd1bb3e97a7d887	29757	camp/r1c-base/aecp/hz-map-key-none-talker.log
cd4813831b5e094ab6410d6687458098c54afff4ee8e369609a8d328952642bb	29757	camp/r1c-base/aecp/hz-map-key-none.log
bfa0b170df8361285d07c83aa962e6d1bbf88b9b0eab6aca3f15b9ef6e460858	30038	camp/r1c-base/aecp/hz-name-as-ro.log
0b14e24bba1965733d3fb7b8a0b66362732e1f516db8b6c8f84d883b5454d6ff	29129	camp/r1c-base/aecp/hz-name-as-stream.log
5422b604752646c089f278f4f319a668ab360e0df34874b37d00bca28ee43e8b	29927	camp/r1c-base/aecp/hz-name-key-none-held.log
a25a8982993e977db70f1dc1d8bf6acec9ce97d7543a55322b15ee623cfac3a1	29926	camp/r1c-base/aecp/hz-name-key-none-talker.log
5c333afff15de5cdfe57123bcc63433e340f742c63355641082d7c5781d1852c	29926	camp/r1c-base/aecp/hz-name-key-none.log
185f1abb0ac5ccd1d7151fd37356724fc3fde52a22596e6f17dc66aea473bd42	30350	camp/r1c-base/aecp/hz-reads-keyed-none-talker.log
21870a5f5de46abd0a81ae817acad7de49790115db96a3b60fcf400881df59f2	30350	camp/r1c-base/aecp/hz-reads-keyed-none.log
2a51be09a8ec6d354ce27b195617040de0ff102749cce52b26ecb61d9886a71f	29147	camp/r1c-base/aecp/hz-registry-as-ro.log
6c7fc0133d2a2a8e499328719cfc35559d38ee82fde1442bed785104d90279c1	29037	camp/r1c-base/aecp/hz-response-classified.log
65ab58602594a83229035211be2b03d9137dd86b97d2d8a8fa68b3ac597264fe	29612	camp/r1c-base/aecp/hz-setcfg-not-barrier-talker.log
5e512a1305ea95898ce62f97fad2e929e8a81bcf8058ee992dbc04e2b59168a8	29612	camp/r1c-base/aecp/hz-setcfg-not-barrier.log
6a93cf6d32190db57f8bbd1b1392350b8c6e90709373543042651dee15904361	30374	camp/r1c-base/aecp/hz-stream-key-none-talker-read.log
e1384755f344085802fde06a8d542faab8729c4783e9b2ca8f2fcc7388eaeb65	30374	camp/r1c-base/aecp/hz-stream-key-none-talker-step.log
f57a3bb6ea99c3fa423bd1d3f5ea1eab0119bfe3ffbe17cae45a918b35cef7d8	30375	camp/r1c-base/aecp/hz-stream-key-none-vs-read.log
b8b16afb67b205c9391bd7f48ff365d3b1fc9ff75e6354889918bf25cd9f1f29	30374	camp/r1c-base/aecp/hz-stream-key-none.log
811ade267eaa8002fa69dcddba86d0cd6f1d5d60d03acac233348c7b3779eaee	38277	camp/r1c-base/aecp/hz-stub-restored.log
ca0be8cf8030864c61ba8da12ba90e909aefae4594132fcf6854c198fcdf5cfe	31355	camp/r1c-base/aecp/hz-talker-keyed-as-listener.log
6a571a3fe5a3a4c8e529e9227b1a3ac94bea0eb9c1720f44d7399dd0c0a2108e	29529	camp/r1c-base/aecp/mvu-echo-slot-std.log
36ad2b7a6fb7815356c285a363665a4798dfddb6957b963f80b9893c7051b17a	29951	camp/r1c-base/aecp/mvu-fault-status-10.log
12f767b6c75723b99fe60c7de5906864fd629cdc5811f29604c83954c5256970	32774	camp/r1c-base/aecp/mvu-silent.log
08b8e6aee704a30812dffdf51167a37d579dcc22ed770b79f1dc0ac45709056f	30093	camp/r1c-base/aecp/td-lock-default-59s.log
4cbe3514ca7b482129a6b76715290c2a5b128ec7f5cb8bdf96117295fb383ac6	30087	camp/r1c-base/aecp/td-tl-default-301s.log
c0d7fd1ffc78bf668ddc8cd2db87401d847641601f6c8754057ac377da04332b	5706	camp/r1c-base/aecp/ucpu-preempt-cuts-a-wait.log
39ad21f833bfca55e1ed81be7f89f589aa1c39f1af5c32facb6de6c304376f61	5635	camp/r1c-base/aecp/ucpu-preempt-keeps-the-body.log
37a8fe71cb4b5cda86d1b4d6b9acab25eb4c2a52e4aee2f784bfd23bf2d0faae	6579	camp/r1c-base/aecp/ucpu-preempt-repeats.log
4d7810abfd2ba4344e490798a7da929bb10deb98d3bf6411586492b3cf469042	28864	camp/r1c-base/ctr/control-counters.log
f8ed456b70ddd8dc77e9a49a645877602fc965110ab78fcab2388e4f727ecc8f	31926	camp/r1c-base/ctr/ctr-avb-not-supported.log
e140243238a9fd7ed6e321720a459eea4e679c872ae923b6072c718af098d0e3	30969	camp/r1c-base/ctr/ctr-block-beats-swapped.log
c71c1e6baa07c42410907a14d7bf8db8c46cf34325d034cc5182addafd59a00f	29742	camp/r1c-base/ctr/ctr-change-type-from-index.log
ea28ed05d767798bd2c03a60ae1dd63f142e1b5e7a11449d1233ed32d0c17a36	29185	camp/r1c-base/ctr/ctr-ckd-not-supported.log
8bf3f6924544e6e91fb439a8088ea53c0fc70bd4da7d848cb6dde4622886b3bf	32876	camp/r1c-base/ctr/ctr-index-from-type.log
2f21a233fd2a3cdcb8cdde69111bdb2aab83bf5cf6257496aeaf3f8d7ed11250	29021	camp/r1c-base/ctr/ctr-locate-ignored.log
a9dd0048f88c931710ec9bed9d53f9a610a96823ec95015a2c1c644a57d0f578	29012	camp/r1c-base/ctr/ctr-notify-avb-any-index.log
ec3610de9422e955b8c04203fc88a4ce98513424c45845dc7a94f04506d039df	29748	camp/r1c-base/ctr/ctr-notify-avb-as-clock.log
6a004cbe36817dbea54f64a0d383141a58e6529e8701ad4470f85109fe997c29	29573	camp/r1c-base/ctr/ctr-notify-avb-dropped.log
edfc9072e24f129d17367b724e614953a57567d85cacd39cd247c4ca1c5f9807	29010	camp/r1c-base/ctr/ctr-notify-ckd-any-index.log
9a9be652ff5d05eb5af5337d14839b88608c35fa9c55474b044bc7522beb0791	28981	camp/r1c-base/ctr/ctr-notify-ckd-dropped.log
22f2d4fe2742718f825d2aaa31b10d32574e068a1d77d885c4d8af3711cd5ee9	29396	camp/r1c-base/ctr/ctr-notify-no-window.log
4d371e6e43dce91ace4427c70c0623110b43ed3a7b912f545d74ae855230ee43	29183	camp/r1c-base/ctr/ctr-notify-one-window.log
7dc7def0986abdb5dd82336ceab1af1d2762465842c9af3e1a84388ead4e4b18	29010	camp/r1c-base/ctr/ctr-notify-stri-past-shape.log
523c3ce4c863e3565c6dfb4bcb3d94154c072c81bb2ce765af7c088e61e9dd95	29012	camp/r1c-base/ctr/ctr-notify-stro-past-shape.log
7834ad32287468fd97315add46a2ce4682eeb2f7490a3680f47f25e2af846f43	30813	camp/r1c-base/ctr/store-counts-domain-strobes.log
9e817844b3ad9c6100f50f8bb8dfa29d02db571fab5fefcc068ccc1ed09498fa	32286	camp/r1c-base/ctr/store-link-detector-resets-up.log
8bfddfde5c9b8e696167b97fc4b9ceb84f8ad51592b9b8b1722e54d6430fa8db	28407	camp/r1c-base/name_wr/decode-build.log
6a62cc443cb0a578c5f3f4dce0fc0ebfba5f3a8439810ba8ad610af59d853016	2256	camp/r1c-base/name_wr/decode-run.log
60528184669903d72d8283ad4c7b3b25894af9a98057420bdfd3d3afc068640f	28601	camp/r1c-base/name_wr/golden-build.log
b5a7dbfa878d0da1bff704bd5a2b9cbf6ca1ecb301ebf3c8fbbb607fdf3c05c9	113	camp/r1c-base/name_wr/golden-run.log
996aca02b9f4fcf1a4f61eebcddc5d865aeef03090d842a62ebcbca39d805354	28407	camp/r1c-base/name_wr/restored-build.log
b5a7dbfa878d0da1bff704bd5a2b9cbf6ca1ecb301ebf3c8fbbb607fdf3c05c9	113	camp/r1c-base/name_wr/restored-run.log
a9b7e3cbffaf25c6ef5393468d25ca099525e64399a9e24e6823f4547de4e9af	2783	camp/r1c-base/name_wr/results.json
efc76377dbd0df606347f232407ce64ca9affcdf4d1aaca0f842eca44ce9cc6c	30402	camp/r1c-base/notify/class_4_mapped_to_rate.log
f465c5594a8f035ae3659b2b80dbe960437dd324cc4656cf4d8fd57751a979bb	29552	camp/r1c-base/notify/class_9_mapped_to_control.log
c2db34b7bbfa7959e346ed97d8c3583e375b4aeeaad4bcd2772b1667cbb0f8a1	30776	camp/r1c-base/notify/counter_limit_500ms.log
0c344dd7f5e2cb197128711e66fa72260529b4041a0a59771106c5c00186013c	30003	camp/r1c-base/notify/deregister_keeps_row.log
de9f404f9dbab3febdac7bcbc1eeac90e4b14132351c9b9a1138caba78b54544	29565	camp/r1c-base/notify/enq_dropped_configuration.log
d839a6cd14123f2f70fef077b4412ebfa42c0f91edb5facc1c90a0df9d7d64b1	29436	camp/r1c-base/notify/enq_dropped_stream_info.log
08fe00fcc40e2a68b0ac931d4a6dee82bc520bf9026ee100d5f6fdecefbebb58	35692	camp/r1c-base/notify/entry_seq_not_advanced.log
9f6a82dbfccda55b41d16a81dbdc6d9e74425d9417cf078167dbc9f7efc669a3	31022	camp/r1c-base/notify/fan_out_skips_row_0.log
c4dad029c2d8bdc280c1011ae9fbc2172adf35f8ca3a344e6cc2ba585f67996b	29971	camp/r1c-base/notify/foreign_unlock_allowed.log
90331932b9f232b84c90699b7aa519a77ded468fe043d6822dd6b51d04140a6d	5911	camp/r1c-base/notify/golden-aecp_notify-identify.log
2e38264b5bdcdd4c8b126ccdaa76c0e2d5f000f07fccc4a1438ce69559d316d7	11351	camp/r1c-base/notify/golden-aecp_notify-run.log
5bb51c24fdbc46e0f28c18596b1e001b20e3ff17ba6ab5b6148d5f78b9589b77	5444	camp/r1c-base/notify/golden-originator-run.log
ba6fb0bd2bfcb4b5ee2e151e58a41443d6de1f075423106baf8fffe59df87fff	28667	camp/r1c-base/notify/golden-pp_top-identify-only.log
316aefaba7ff1ef1e694fa4e615fe6d0e1ccfb8ca0c6ab575b2cf6e68cbcf42f	29317	camp/r1c-base/notify/golden-pp_top-notify-only.log
31018dd72e9fd06982579db96b3c5b7ea21f3201f8123119be81b666263642ea	31709	camp/r1c-base/notify/golden-pp_top-obj_idn_Vpp_top_idn.log
7f75e1eb74af98991a541769dd9b555fd0467a918c4c84aab3e17ae2043942f7	28809	camp/r1c-base/notify/ident_built_at_default.log
5087c55982fc1ee4680c10ebb00a7f339fb968c7ebc38dd603eaab1ad64c2d5b	36105	camp/r1c-base/notify/ident_burst_100ms.log
76a0c639fa2a600e65bd866b35dde68ca849b69873698db189218ad02a769f3b	6134	camp/r1c-base/notify/ident_burst_deadline_one_tick_short.log
7c42e67a1a92566884d6a03346da2b015806952e4013d30c7dab53678b50eed4	34397	camp/r1c-base/notify/ident_burst_from_t0.log
ed724ce55ea125b3e01dc2a7e055e3dcd72aeac131c6822d60aa09184fa5a626	35022	camp/r1c-base/notify/ident_burst_press_not_latched.log
71e1c35fb0ef5d9396c5300eb78744d578a349a12d11adf8c129b9c81def94e9	40908	camp/r1c-base/notify/ident_cut_on_release.log
5cd89ca74431ff040438d8bc74f3a118493d6fade91f983d0ee1a0de1b6481e3	31989	camp/r1c-base/notify/ident_departure_ignores_ready.log
be27d0268143dcfb930ac5a52e100ec08bba789a1f147ab91aacaeb3df225d39	32830	camp/r1c-base/notify/ident_departure_is_retirement.log
4050899025411f868824fd2fed27308f07900191aca92e3f99a9465a8ddaf09e	32830	camp/r1c-base/notify/ident_departure_unwired.log
bf365fa968e2e13be419b16b076a3cf0307d09341231f6debc2fb846f830390a	31997	camp/r1c-base/notify/ident_face_taken_mid_job.log
4fbc292c4d2ffa648f12853258ac64130fad6f2511f214cb11cd61a1ce98e816	34421	camp/r1c-base/notify/ident_next_burst_at_once.log
765fa63a39b4508f8d93bec1a7027b92dee7eeeb05e24386cf5aa16e817eb4da	60590	camp/r1c-base/notify/ident_no_rearm.log
2530dd27ad2086e8824de51af02bd2461fbb8a5ae58cbda29cae7ef2bccb6d76	50258	camp/r1c-base/notify/ident_press_not_latched.log
d6d07d00b7c177dee874f98d3c7505d365df355a8f3a38daec08dafb6b13a77a	60929	camp/r1c-base/notify/ident_rearm_from_third_frame.log
65d0addb1f7524850f05f1b24e0344026e78a7e223f8ad684b3c77b8a1fff664	42634	camp/r1c-base/notify/ident_release_ignored.log
5336b3f8b04f9443393d033b98715ba94ecf72376df930bd5ebb58873f56a2db	75453	camp/r1c-base/notify/ident_seq_per_frame.log
4d26b2b9bff341de52a4c940fdcdddf06cd602f7a5317338a777ce61bb8e1c16	60998	camp/r1c-base/notify/ident_t0_at_request.log
f53b3343a5d93161a7202937df1c35a452a1a1d2dc5a6ed3662298e55076f30c	6158	camp/r1c-base/notify/ident_t0_same_ms.log
e52c579e630fb4b5ec603bc482ad87d0c01aeb3033d571a91934a4984a3d7782	36130	camp/r1c-base/notify/ident_two_frames.log
5a30e671bc52f82428962d9331861147b7cb1952b03c9a2b3d6f14a969dd7ace	32229	camp/r1c-base/notify/ident_unicast_da.log
1a63afb62736e251c9e5a3ba4f41358961ff1a62e53f97f5524778a4a429daa6	34083	camp/r1c-base/notify/ident_wait_ignores_gap.log
d72c0b9e1a02015f31db697bd55c024b0fccd25fccf7aae2bacf2bc30ae9d04b	6117	camp/r1c-base/notify/inflight_cancel_keeps_timer.log
cb37848a6f4455bfd28aa7d759fafa94c4add2165b4f63f660ebf42e7861ddb5	6324	camp/r1c-base/notify/inflight_highest_free_id.log
a7030af399b6691b45e5b2386fe9d354f6bd9a2d7f86b75b1f3672da0dcdb2cf	6147	camp/r1c-base/notify/inflight_match_ignores_seq.log
eb7ddb8653bc16afa0536bdc5724623f1617e5ddadf28f38df03161219b4075a	6273	camp/r1c-base/notify/inflight_shared_seq.log
d765e966e8b65254b6c4e2cf62d656c786cb8e767501b6380705815cc2879fa9	5528	camp/r1c-base/notify/ix_last_chunk_ignored.log
ca4277ecc69bad8084c72162b30109ba2c949ee66293c63f0a206b1e61f56dcf	5699	camp/r1c-base/notify/ix_new_identity_unset.log
8e3fc5411bd4b916fcf9e26fa5c3cf1e11ec503e3d12268b390b18925fa224ac	5520	camp/r1c-base/notify/ix_old_identity_kept.log
457401903e25320e6bbae5843481695dd2af8b9d63c091bc8730b66ff44f2405	5768	camp/r1c-base/notify/ix_rewrite_unmatched.log
f4b189633ff6181f78e2f5dd7cc47b3865ea1fec532d4da3e109cbd197475288	30018	camp/r1c-base/notify/lock_taker_notified.log
373dbad87e2393a6b27f95bf5f31b41809fba1dd16a2b23b65830037e5c45bf8	5662	camp/r1c-base/notify/override_set_only.log
abe21db40ea20d58f76c6bca4a6586aa350554919fc1ab58e1c95d4e35a0c91c	5628	camp/r1c-base/notify/own_compare_new_row.log
43ea0a3423825764ed5c20d343bfe8a040713ab5708f4a297488d65e3d7e1d4f	30012	camp/r1c-base/notify/refresh_resets_seq.log
c5237c4d758f2a38148e7a20dae4d401e773d9b350b861ce50a84003675e97fc	30129	camp/r1c-base/notify/registry_holds_15.log
57213ce8b67325fa6ab5600c4730b888be03907bbb4c42de29a761b72de6a45b	31035	camp/r1c-base/notify/requester_not_excluded.log
32bbaf23b5de179bf4eb4849c032058e6718eca2d8ee266c5ff5db410c6a72ff	100956	camp/r1c-base/notify/results.json
9cc58d23a687020d29ae33a1ff19a9476103a67266da39b1c375aa23ee42d3cb	29967	camp/r1c-base/notify/set_control_ignores_lock.log
0a9a3599707bbd7d248a7fa1deadb17e3987622fdf5d0811ac2f5db6d4f4173a	5527	camp/r1c-base/notify/stamp_read_without_valid.log
1de1e45fdaeb306a1fbc2994edd41e4979009b50fb621c8fca0ac2f1604b07d7	30151	camp/r1c-base/notify/stream_info_get_body.log
6fa14af94ac6db3995ffc32c30f6a430eb911c172ac0f132c57671e39ec92b14	29605	camp/r1c-head/acmp/armq_drop_skip_sat@pp_top.log
f2b4028bb14fde47016e1d3c943d6106249a7e4195320c678c38a90be7e4e1c4	29609	camp/r1c-head/acmp/armq_full_pop_refuses@pp_top.log
fd9e4f62d4e6f2335c8c742591d6c0ce69147499bf9908eb3a506c7b8cf0866e	29768	camp/r1c-head/acmp/armq_head_stuck@pp_top.log
1a8072955a9c09a7260b4f71481fe247e1c1667e465159423c60b52c938a388b	35846	camp/r1c-head/acmp/armq_read_tail@pp_top.log
f1f5991580b4ffca8a6bf94f4f9aa3dc1e31ef7a4be87c2a3d782234bb942b34	30225	camp/r1c-head/acmp/armq_ring_of_three@pp_top.log
666f1d4931ed9668965207a37ce938c3d9b07b9d828ac37498687b45c493ae82	29768	camp/r1c-head/acmp/armq_write_at_head@pp_top.log
ad3e1da58e0b88c9edfde7dfda6bb97627c3cb503afca416ef14c8a891652866	29768	camp/r1c-head/acmp/armq_write_at_mid@pp_top.log
07307dd8240cf69a34834e5104c125b0a021634373f6a5e1df3d350cf35e8ff4	29605	camp/r1c-head/acmp/armq_write_refused@pp_top.log
c21dc46276060b4b42a3ff053ebfe3153e56da3a8a62820f4ff67fe6be16ee1e	29609	camp/r1c-head/acmp/armq_write_wrap_hi@pp_top.log
3574760b1594b1d6c894e1ecbef9df7e05c23163a4d0c6cde5eb200897324f09	28954	camp/r1c-head/acmp/bound_dmac_from_sid@pp_top.log
08530a64197743255f96ca7e3dfca8873dffef00a5def80f111e701ba567cc95	28877	camp/r1c-head/acmp/bound_view_not_cleared@pp_top.log
844c00fef0d6260c268bb6165152be9a6803469ddd46a10bf1840e9aaf05d228	28954	camp/r1c-head/acmp/bound_view_not_latched@pp_top.log
9c72d7168be73d7937c3e9d37bf1ce54827f85fa673b0176f432d9a169bc2eca	30802	camp/r1c-head/acmp/cdl_not_44_rejected@pp_top.log
e2d99da57abb4e2ba8792d86e8ac71f212ed814916135c39eef38f51ff54a993	6783	camp/r1c-head/acmp/cdl_not_44_rejected@rx_validator.log
de7d1b6d8a66e19672a7b69ae2cf32571300d2b617c794b4329704bdbdbce757	5600	camp/r1c-head/acmp/golden-acmp_listener.log
885345828648538f42c13853bddf8d6f16de528fb70e343588c5873458b4201a	28768	camp/r1c-head/acmp/golden-pp_top--acmp-only.log
6827990191c19eadc5a402681d8d246cd184980111b99da0e37f2b3edad3ce29	29437	camp/r1c-head/acmp/golden-pp_top--arm-queue-only.log
54031986f18a1d18749529becec04cf660b1754cc4ac94625ad6c903d711a0b8	5376	camp/r1c-head/acmp/golden-rx_validator.log
898d64acdcf49cb3a18a406fbd3fa0e95a47bab4df214a3f4f6ba03fdf919730	9794	camp/r1c-head/acmp/guard_ctlr_dropped@acmp_listener.log
49e6b79ed8a503691b0d2652b836bd8ddfd7703a926cb3812da3a85daef3736e	8856	camp/r1c-head/acmp/guard_talker_eid_dropped@acmp_listener.log
1edc5905aa516b6ec0b724b9061580d4a3a62de3128009d8c5a4c66c357edd09	8002	camp/r1c-head/acmp/guard_talker_uid_dropped@acmp_listener.log
0a2c688f4bc726b273ad96217a2e6cac25243279ee5f0040aec14bc0b2529c26	29110	camp/r1c-head/acmp/matcher_da_ignored@pp_top.log
0eaefc4eb2baca88f6893b7c674320a630f9cd7ef3e4812f8a26428feb5dc54e	29110	camp/r1c-head/acmp/matcher_vid_ignored@pp_top.log
cd6c7267e6f7714aef6ea84c1af0f2797ceccf9ff55aa854716403d6370f58f2	12554	camp/r1c-head/acmp/msg_ok_forced@acmp_listener.log
b5da8135daa4e0623f6d20186def1cdee7d133fec35708fd57691e9166d5de01	28867	camp/r1c-head/acmp/msg_ok_forced@pp_top.log
5cbb6ef56e23b2fec0e2fbfcb9e26965fdab13cbbd1a0fc51967abcccfb6c7dd	5683	camp/r1c-head/acmp/rec_read_in_idle@acmp_listener.log
21d5083ec023ab6153bad4786ce58c8df68ce819b5faee24ff8d22d3fd9fb547	48837	camp/r1c-head/acmp/rec_read_sink_zero@acmp_listener.log
65bf1f98d787d01037be514b02d8d6ad84e12ce1edb9f6d1fd23417bd1ad35a8	8170	camp/r1c-head/acmp/rec_settled_vlan_unstored@acmp_listener.log
bf3f3f80f7c8f9330de0531b61fd5d8facd4925a3f5fd46a10ea322242c2a5c2	13231	camp/r1c-head/acmp/rec_started_unstored@acmp_listener.log
caf37a3b77d290d51de8ca46d725321aa318742f5c2b27d37bc54f6dd4f4f42e	10862	camp/r1c-head/acmp/rec_sweep_misaddressed@acmp_listener.log
6ac5c5961b606c2e8a75daf0752483e1f6af00fb8a043562a795e56180890d25	96457	camp/r1c-head/acmp/results.json
502b5f65850815e6718467c2470e803f2335b32f618796998c6240d807bebf4b	29253	camp/r1c-head/acmp/st_ls_index_zero@pp_top.log
8b442532dca9251ed7023c5c3a71e7565c5c953aa9a7f67bbc56a32a97f0b5e5	29332	camp/r1c-head/acmp/st_ls_settle_as_withdraw@pp_top.log
67fc7bcd83d7e2c0e3dec2a0d086ffd45cf002e48edf4694beb678f3244b48ae	29332	camp/r1c-head/acmp/st_ls_sid_da_swapped@pp_top.log
7b096cc34c4ff8199772cf70c0d9c650af5def462be770e4c2683fa5c2ed6b6b	29332	camp/r1c-head/acmp/st_ls_state_none@pp_top.log
f51ce11b34c1477fa8489e9887968b7f1f18ab1fefa8f0077d33a82a8026b09d	28849	camp/r1c-head/acmp/st_ls_teardown_as_declare@pp_top.log
c5e371b5703e176f14f4f52d7e88f8f50f443f4de0846e0455371f26947b791d	28923	camp/r1c-head/acmp/st_ls_teardown_lost@pp_top.log
020498180bff14612b0919a036ac79541e39371cf894498cea7bfa9053801bd3	29333	camp/r1c-head/acmp/st_ls_vid_dropped@pp_top.log
13a85adf25405b803d8731ce04c7846051aadd377157995f8e319765a69dca38	31737	camp/r1c-head/aecp/acmp-waits-for-aecp.log
628e02a89ab03c065c8bda98c58fe97dc71904ed16a3303184ebf226a11fdb3f	31502	camp/r1c-head/aecp/control-pp_top-budget.log
30ed857a3bb62df4f922f2f06108b99b48b4599e5a6a63afe1bf1ab8c18ef4f6	28882	camp/r1c-head/aecp/control-pp_top-d3.log
c9393c546b2060894d00d2896284fc1ea98766d80811cb9fe47c7a1dc5703340	29316	camp/r1c-head/aecp/control-pp_top-deadline.log
f4aa25a8bf9db29aa34a3413565b6a7de5bec2d858a13f0440949546ed0d44f5	28887	camp/r1c-head/aecp/control-pp_top-hazards.log
ce388720f4271a8bf50102d2e493901aceca10b12db17657ccc159e49b49561e	29819	camp/r1c-head/aecp/control-pp_top-timer-defaults.log
58935ab3c024df49143f2841209af07d6093f792739ef0eccc1bab89e3325aff	5523	camp/r1c-head/aecp/control-ucpu-run.log
27fa790bda76e15742582a7d2955182a4f83cb06651ae906ed5225f9174a8007	30012	camp/r1c-head/aecp/dl-armed-at-admission.log
03d5c8c63a115923c50fcbf13feeb328dec0f7818629d64345be15f0730e7106	29030	camp/r1c-head/aecp/dl-boot-hold-not-exempt.log
c7ecaabb997dff640586e0f0f53139c521efd2a517e48a588f19a436200183d3	29966	camp/r1c-head/aecp/dl-edit-preempted.log
b29d6cf29dfaf9709e441d235842b68962d8267fc3536cd5523804edada87a63	29711	camp/r1c-head/aecp/dl-gdi-runs-on.log
8017722356f7265c9ae90509d8426778927d1c5c62a0970e5838d0a1d87716fd	29578	camp/r1c-head/aecp/dl-kill-ack-keeps-owner.log
ff6e13716edca69fd90b084eb85b8f082bf99878ac6c4e0fd09a9094935f4f7b	32282	camp/r1c-head/aecp/dl-kill-tied-off.log
983ac6d3d11a53770b3bda8f33982f0427d8b7bcceadbb9366f314e8b8e2c25a	29544	camp/r1c-head/aecp/dl-lock-preempted.log
56f9aa6ced482f78d3baae0772e6d374716b24368c21c04810859a50a2881288	30017	camp/r1c-head/aecp/dl-mvu-forced-status-10.log
833f4b2a657a54f75b3463b80184f813982ac979aeb7da0a385a93c6eb07857f	29876	camp/r1c-head/aecp/dl-non-aem-forced-status-10.log
55ebcfdef01964145719e709c8ee767afc5707f171271170331980cace6192de	29494	camp/r1c-head/aecp/dl-preempt-after-effect-top.log
c62743770a450d19f5924444e4146cdfeb52d6daff14ba33faf32bc9857c3162	5836	camp/r1c-head/aecp/dl-preempt-after-effect.log
97b31fda6df9ae890829aedd96b8571b5c39f568f9c5f06a4dd05191e268665c	29630	camp/r1c-head/aecp/dl-registry-preempted.log
c21d923fc87fc8fd33c1c96c91cd6129fcf5f76e69e10950f1d12ae26c48fc9f	29698	camp/r1c-head/aecp/dl-released-before-queued.log
4147941988ca4d3b2c178da0e00ffe492eaeee10d9a069fc1bae589e00d623b0	5623	camp/r1c-head/aecp/dlkill-always-misbehaving.log
f4b842ebbfcd5b966d34e5946d1f548fe75c7e523e64ac89092bde27b7e33491	34023	camp/r1c-head/aecp/fanout-never-ends.log
8ae55d6f4dc9cc8e1ac9af100a4e7290abf5ce216e6d95e72ef5914a18d39285	32344	camp/r1c-head/aecp/hz-acmp-reads-as-steps.log
e87cc8efb2b3d600b35c83b0c346971ed65f2c164fc8f884297715cafd0a55dc	44103	camp/r1c-head/aecp/hz-barrier-no-priority.log
a9ab7a3715e2890219f789e6bf869abebe351dcbaac9701faf4ffcac6209512f	29207	camp/r1c-head/aecp/hz-clock-as-lock.log
8e764fc6fc00007e8604484030332e29898c794763a07a96384488b291633d89	29754	camp/r1c-head/aecp/hz-clock-as-ro.log
8c89b86146a972519b00fbb5e38d95f4419f0d1c9fb5d1e9807b115cd6717b9f	29751	camp/r1c-head/aecp/hz-clock-key-none-talker.log
f54c868d8250f2caef582400872e92f8c89ea27679e8ea952f563b7539913de6	29751	camp/r1c-head/aecp/hz-clock-key-none.log
8626627e3f39340644d8864a11082f96c5e640c1081532dce7783fd3e1ef0b4f	29045	camp/r1c-head/aecp/hz-foreign-target-classified.log
116646b59591342da783632c77203a99f50960f4a9eee2637284b6674010a96a	29177	camp/r1c-head/aecp/hz-gdi-as-barrier.log
bf75566b10cf1253d2871593191a754ab3fe53920b187d36c81b7c8342241c60	29980	camp/r1c-head/aecp/hz-gdi-key-none-held.log
b81f77a4d3c08908c61938c9151c0c2336d489c4d106cc978ff1bf1a627fc609	29980	camp/r1c-head/aecp/hz-gdi-key-none-no-stream.log
1847b8e294985cddc218a58ff44d31b7ab2ed55145c1602499f3c2ed70ee90b8	29980	camp/r1c-head/aecp/hz-gdi-key-none.log
cc2146a5f1ddc2afc2abcc790e6de3f70628ce48ed8739d41e3cda6591013ad4	29623	camp/r1c-head/aecp/hz-identify-as-ro.log
d74d8dcf5d4f6966f1e1b596646b56d12729fa10d221c11704804986012598d8	29620	camp/r1c-head/aecp/hz-identify-key-none-talker.log
1d284aaf3fafc7d482100e2a26d52557cf1384392ed60b71cd1b27113c47ba60	29620	camp/r1c-head/aecp/hz-identify-key-none.log
56b44b5114eb157c6057bc468fde79814dd747ee369b1e3c5d0e025b6c21b357	29579	camp/r1c-head/aecp/hz-lock-not-lockop-talker.log
44095dd35896ec1ad78dc664fbbfc44b411745d7ed2ab831d11a1326cc59f2f7	29579	camp/r1c-head/aecp/hz-lock-not-lockop.log
53d659bef786d411194aa46baf8041144e0087be45c56363763157a28917489a	30230	camp/r1c-head/aecp/hz-map-as-ro-talker.log
ccd5a7da5365adc0287e2ccd06bf28df4e34a6d707ee84694dab5acf22ec839f	30230	camp/r1c-head/aecp/hz-map-as-ro.log
2312755fc732de63799053688866b74e571837d8d2b8fdad702d55d7c4ec8c65	29756	camp/r1c-head/aecp/hz-map-key-none-talker.log
a531e996df8f442bc77570fff926f7a9364c2eea0eca030a6af33e370259c2c1	29756	camp/r1c-head/aecp/hz-map-key-none.log
99aa9e57e0b3b119143cf5afb78ddcfa66a85364b95403957c5e819ceaa8fd0a	30038	camp/r1c-head/aecp/hz-name-as-ro.log
ae660fee2ebf97ebfe2a5c7fc0013da2aba6b133a0127673e4ab14a9bd0d2c16	29129	camp/r1c-head/aecp/hz-name-as-stream.log
4358ea27a8d913bb8cf0f632401e19669ce998559d52a332c631ab0720327730	29926	camp/r1c-head/aecp/hz-name-key-none-held.log
a41be0046234865993c1a79947722367aa307e63b66c140a639db0feb380d93c	29926	camp/r1c-head/aecp/hz-name-key-none-talker.log
9bcf019593ea4d097ddc0b14375a9f77c7af24db933298855003abc6466417fa	29926	camp/r1c-head/aecp/hz-name-key-none.log
4b6b989df98ff9aed8ceaf2c5619a30555b50387e045170d44c61b2ad412393d	30350	camp/r1c-head/aecp/hz-reads-keyed-none-talker.log
4306ae060aa39ea29b1c80de0536c55c4272683d26baaedd1ab126c3bcbae2c8	30350	camp/r1c-head/aecp/hz-reads-keyed-none.log
2052f714f8e81e60417b2ed4c6af537aa6c8cc69a6f01547a19ae2ea18de0f29	29147	camp/r1c-head/aecp/hz-registry-as-ro.log
0e6c4e138eb272be7cb885a58254f9501b1fc536b21345acd61fbabcddb1a5fa	29037	camp/r1c-head/aecp/hz-response-classified.log
a347dfa66158c8328599873dba54796bd564731ea3748aa7f9fbc22faf62b708	29612	camp/r1c-head/aecp/hz-setcfg-not-barrier-talker.log
f0e22781ecec3198642b5641ad888a1af2aeb8595b336fc4cabfefc36f5ee2cd	29613	camp/r1c-head/aecp/hz-setcfg-not-barrier.log
a168343af44f5cc35d04dd5acc8afc402bfc0eaad7d69fdf9483f783185e61fc	30375	camp/r1c-head/aecp/hz-stream-key-none-talker-read.log
1528c5df476de2bd09c6f786b19ca07da93e363939ac6c0e8c8d4e771d798fee	30375	camp/r1c-head/aecp/hz-stream-key-none-talker-step.log
7ca679ed5b8749829cbaf1d7a564f2b6e74f2160a5cda38252205c795a7d2eae	30374	camp/r1c-head/aecp/hz-stream-key-none-vs-read.log
356c035f8c104a17f62dbd67186f406f70d64300af817a4ca6ab4221df8110cb	30374	camp/r1c-head/aecp/hz-stream-key-none.log
6769f99f822f5df758201ba95d5661f6d2f6d6ce1c24f6b6394a890197ce1793	38278	camp/r1c-head/aecp/hz-stub-restored.log
cae7a804197dcecb4ff0473a3e16ea161c7f14e89e173cecf50ae4309f9c035c	31355	camp/r1c-head/aecp/hz-talker-keyed-as-listener.log
a49927761ca2a9e0029fb609316bd5d80d0121352e621aa0ba1d7c726c039769	29528	camp/r1c-head/aecp/mvu-echo-slot-std.log
73e552213bdca59b808688feab246b96dcbd0cf06bb41db186935f02acd49486	29951	camp/r1c-head/aecp/mvu-fault-status-10.log
632d4ff554c971630dc428abb5692e4ad4bced3f9d4d837ef342426b95bf9e3d	32773	camp/r1c-head/aecp/mvu-silent.log
87cb2dadcfae2ad676f96e0fef0875bc78950d437005990efad9ae903b13a611	30093	camp/r1c-head/aecp/td-lock-default-59s.log
e8aff696d300347a8bac50c7c5f354efa0ec535ad742d9294d6f060c6ecbed26	30087	camp/r1c-head/aecp/td-tl-default-301s.log
b14e57530f0999c227e33089e184d65903aa0b31fd250fec2847ed0c8bf28291	5706	camp/r1c-head/aecp/ucpu-preempt-cuts-a-wait.log
bf163cf2b9550de15f33afae9d455064eeeeaed95b81495e394368f13f997dbb	5633	camp/r1c-head/aecp/ucpu-preempt-keeps-the-body.log
4066a9eea238eb3de82feb61d57bfad97aeb4182350c28e5ad00968d5577de7f	6579	camp/r1c-head/aecp/ucpu-preempt-repeats.log
bc4bf6bed2dc00d0295c7ee5c065eb64dddec7b74cf1dc1e77fccdef1003b45b	28867	camp/r1c-head/ctr/control-counters.log
6569a54a155ee6dad19d6a636b18ad7bce1da24e209f8b26fd713b2a59723685	31926	camp/r1c-head/ctr/ctr-avb-not-supported.log
606b286b43bb0c8ddf13cc865837090c7272b472d3b8a76fbe96965dc292bc2a	30967	camp/r1c-head/ctr/ctr-block-beats-swapped.log
2be1f3c2f0bca964d7a0b64966121a2100c7b08a4568d66fb8ed8ea45f856954	29742	camp/r1c-head/ctr/ctr-change-type-from-index.log
b596c36f1bea239ece234a47a261e1c2f646da4b6091c70bcccdce4db9fda7a5	29184	camp/r1c-head/ctr/ctr-ckd-not-supported.log
c19070d396aa72ba9ad19b30c895d4729955cea776d1ca269fd300eceaa43a0f	32875	camp/r1c-head/ctr/ctr-index-from-type.log
68b4ed47bb744373edf67b412ef99f6d804803f88e521bb6778a26bac3da4d87	29019	camp/r1c-head/ctr/ctr-locate-ignored.log
ff5ed774f347318bde43076088da06e6f1f8467ca58b5db51a1bd4166afba672	29011	camp/r1c-head/ctr/ctr-notify-avb-any-index.log
fec8ffea803fc9b592fbd32e18b667ae5d28bc9bec8bfd32b0e768eb82543245	29748	camp/r1c-head/ctr/ctr-notify-avb-as-clock.log
de18f4953edb37009939cd981b7d5f6cff4519bbfd38c58abc415ce12259fb35	29570	camp/r1c-head/ctr/ctr-notify-avb-dropped.log
4f1621ca21637c7f4aad60fe80b1a456b784fab00648172da098c0e674bfc6d2	29011	camp/r1c-head/ctr/ctr-notify-ckd-any-index.log
20fc9b7294c5c26eaff228d1fe3d0a79abb61e11e0aaf4ddc28b8d50f9abb107	28982	camp/r1c-head/ctr/ctr-notify-ckd-dropped.log
9649511a69230d21f2125b93c4a48c69525ad1805b5b04617d0b7cfdb7558dd2	29397	camp/r1c-head/ctr/ctr-notify-no-window.log
87d7b0b4d6d0b8c5c1d6a1673cb0d914e25d33bfde61e8d82150a52a6dce35b3	29282	camp/r1c-head/ctr/ctr-notify-one-window.log
072898a543204f807e1043b4ae110ed1dc6f49434d8fe712f10462594f081303	29010	camp/r1c-head/ctr/ctr-notify-stri-past-shape.log
17eeafb79c0c964cf0d9b9e556f83d87249c69c3ded5cc7030bea473c415d38b	29011	camp/r1c-head/ctr/ctr-notify-stro-past-shape.log
dd1d0640f4c0a3fbd0662f5247bf7f7ce458b19514d6cdecfc8c83fa85c246f1	30813	camp/r1c-head/ctr/store-counts-domain-strobes.log
fa775e42a681b24c3ef10b931ec8cbc3a2939c1cc645a3da4568d43ab8463d50	32286	camp/r1c-head/ctr/store-link-detector-resets-up.log
2e2d8f9eb619c072444ce6c70eaee8fb199f18d79d249796648a637611a97629	28408	camp/r1c-head/name_wr/decode-build.log
6a62cc443cb0a578c5f3f4dce0fc0ebfba5f3a8439810ba8ad610af59d853016	2256	camp/r1c-head/name_wr/decode-run.log
442a8d9e79fde0727c425d4ab51d29ff7505cc4595bcbd33cac3f13bc7e5e2c1	28601	camp/r1c-head/name_wr/golden-build.log
b5a7dbfa878d0da1bff704bd5a2b9cbf6ca1ecb301ebf3c8fbbb607fdf3c05c9	113	camp/r1c-head/name_wr/golden-run.log
9f12e85d6f10a602619dd782fd41c38831473308ee9496bc8a4d2413200ca5f0	28407	camp/r1c-head/name_wr/restored-build.log
b5a7dbfa878d0da1bff704bd5a2b9cbf6ca1ecb301ebf3c8fbbb607fdf3c05c9	113	camp/r1c-head/name_wr/restored-run.log
a9b7e3cbffaf25c6ef5393468d25ca099525e64399a9e24e6823f4547de4e9af	2783	camp/r1c-head/name_wr/results.json
af64a1061ab8ca05358d6e3111953ee7ee1cee1ae6a979914e47b1d2d20a2c28	30405	camp/r1c-head/notify/class_4_mapped_to_rate.log
20e829a5d3735f341277743e53549217b375d109dc698e3d5d2b645be20bc9b0	29554	camp/r1c-head/notify/class_9_mapped_to_control.log
be4730e952bd8bdf79686b7a2d303bea901c66b0a11f3deae14f2e4908cf9159	30179	camp/r1c-head/notify/counter_limit_500ms.log
fd424cc0dc1682b578793d5e567f8a299d66cb34fca3643b18a08608c347bb0f	29979	camp/r1c-head/notify/counter_limit_500ms_cs.log
382f6b17b9360f4950a65106c567ff11a76a62831a0e3f9c75e9b0ecb14346a6	29676	camp/r1c-head/notify/counter_spacing_from_selection.log
0ceb32c6b1ca8471664641bae329d2857a84f9dee5e3e6165ae1cf6859eb1aba	6041	camp/r1c-head/notify/counter_spacing_from_selection_tw.log
954dfaa9987902d05a96c5fca58ef959e0575b2aa340880c2eb77fb88c7d5164	5837	camp/r1c-head/notify/counter_stamp_at_send_only.log
851828f452ce66e6c9f3e30aec42aa35d13124267c62a5af7a252c86c632a67e	6041	camp/r1c-head/notify/counter_stamp_first_job_only.log
d7bb7ec55cb0951e60b17f5c261688d17e0ee321b7c43f72ace78313c4a6ef44	30006	camp/r1c-head/notify/deregister_keeps_row.log
d0313b5d2fcba0420eb99388e156882b93a045896bc1809c116405e3e9db8cc8	29566	camp/r1c-head/notify/enq_dropped_configuration.log
eb49476faf967ae8d2a4a4ef60e72893b15d7a394ee5d43bb92855e14147b77e	29437	camp/r1c-head/notify/enq_dropped_stream_info.log
8181fd4e058c6e1c2a8f93ae850e7503da9ba9e320ad551a78d35feec1030243	35693	camp/r1c-head/notify/entry_seq_not_advanced.log
9477f3d24ede1c9405898018b6bb105f224e4767c3c77896fb52e8e5dfcd09f7	31021	camp/r1c-head/notify/fan_out_skips_row_0.log
8fd7df1cc4d9f5b6df8a29fb71a3dee82194d6ba83fbc03d8d8bbffaaf3c2b7e	29974	camp/r1c-head/notify/foreign_unlock_allowed.log
ab667403da69de145874dda36d34b66a7307643f92bd6a4d606c3077ff71f918	5911	camp/r1c-head/notify/golden-aecp_notify-identify.log
61aa1bd8e762c8bc253e19d5f48ac60150d22fab6a1f4e6c5e525870b992cf16	11523	camp/r1c-head/notify/golden-aecp_notify-run.log
2248d01d05229cc836a88671e73976b2aaefc8751eecae466785f7517212357a	5444	camp/r1c-head/notify/golden-originator-run.log
2973d11863faea1040e2df1fdda765e92bdba758083efc994a26b10ac8eabf63	28668	camp/r1c-head/notify/golden-pp_top-identify-only.log
f08d3aa3ec0eecc804fbf2564c4bd5e638d914451fcb96858885fda6613d26f2	29319	camp/r1c-head/notify/golden-pp_top-notify-only.log
41c2e15c3f75325b7ac71fd9d85ea7c3dc18241a339b21ece84c1a721262afb1	31709	camp/r1c-head/notify/golden-pp_top-obj_idn_Vpp_top_idn.log
ed6c1bf92e7062df04ef62b052b02913a2d22ed3dacc573321f7282a75a1b9b3	29068	camp/r1c-head/notify/golden-pp_top-spacing-only.log
5be66e2e49a8eda3073a3c1311e06c8de642464e587f53e88840cfcd55e11f54	28808	camp/r1c-head/notify/ident_built_at_default.log
9c0049a5c7d3b8ef662b1cf2c3d2c4501ccc796167ded159e7d15600e6bfee0c	36105	camp/r1c-head/notify/ident_burst_100ms.log
2502f82f7f515bbd35a4b165a7ed04908e801ab63e4552c9385569239d5ba801	6136	camp/r1c-head/notify/ident_burst_deadline_one_tick_short.log
8d3b611800cba9b44b0e4b323bb4e781b36790cfd0835d44728ec50bd87ed4ee	34397	camp/r1c-head/notify/ident_burst_from_t0.log
189f6744bcbee3cebc498039e6873bf35201bf95f0c8d415ffbb1288b8a20964	35023	camp/r1c-head/notify/ident_burst_press_not_latched.log
d05902b34295495c08335256767690c45a170dfcc4a7d85cd1810370df986cdd	40909	camp/r1c-head/notify/ident_cut_on_release.log
5cb632c8573576e2ecc18a0ff5215b207b0e582b6f52b109ffdddf57ba0795c8	31989	camp/r1c-head/notify/ident_departure_ignores_ready.log
b5f35c082667848cd8a86a817de8cefe8a27c955c9c78afa4a171aca7092624a	32830	camp/r1c-head/notify/ident_departure_is_retirement.log
45bc0a2873e6ad6a8a98c4663165bc25ec167e26940688546e67bc1dc552be81	32830	camp/r1c-head/notify/ident_departure_unwired.log
11ac21e85b54538de3b1e53cb839f82c6bc18e7a8b5b1c6ef87847a8798f51ba	31997	camp/r1c-head/notify/ident_face_taken_mid_job.log
a445a86b7a6760efb019ccf24fee6172381ad64741504f2ec735c86495c411c9	34421	camp/r1c-head/notify/ident_next_burst_at_once.log
bb001807c4dd0e194dda694fb92794a50168b88a0fa7879d74bb4a48cba36c62	60590	camp/r1c-head/notify/ident_no_rearm.log
6a82f11ed2cbaef26f5dd5b1d90ada188ecdd0377a2a9c2515970e3f1808c853	50257	camp/r1c-head/notify/ident_press_not_latched.log
3976019efb1fb3293830cd5194411df4bd27bbe179132b83a210e467203bca47	60930	camp/r1c-head/notify/ident_rearm_from_third_frame.log
fc05294530978edff786e08ca184b0fae0321f3163cd4063a4730375f227fa2b	42633	camp/r1c-head/notify/ident_release_ignored.log
820bfdd1dd10f5b38738499bed80889220cf2f5fdf0558ad1f32fe1c14a02895	75453	camp/r1c-head/notify/ident_seq_per_frame.log
b5c0d57fa9e9d1027d0eabc07108dc30dda4d339e8f78dd582720037d76cfc2e	60999	camp/r1c-head/notify/ident_t0_at_request.log
215b9d7d7cdd1941630a6cba876c43ec97c3b967642b6b441c4ea57e4424212c	6158	camp/r1c-head/notify/ident_t0_same_ms.log
6da46754add92a13f43bd42a7eac657c076a9d09dee07d9c5b27983c3168484d	36130	camp/r1c-head/notify/ident_two_frames.log
66e74d49fa326d87bfc8cac75eba08684e6d80a895d2a0cea4e4469b74b7e2b0	32229	camp/r1c-head/notify/ident_unicast_da.log
55116f27de66f266e1a290a50df40306d88692c39ae2c1f9acb45ceeb8b11f7b	34083	camp/r1c-head/notify/ident_wait_ignores_gap.log
2faf37840c3dbb3ee2fb645a7e330b43cf95a76ab47e3251689ff53b6d86ce64	6117	camp/r1c-head/notify/inflight_cancel_keeps_timer.log
1f582932bbf056463b0379f1a17b95037ae2dc0aa09fed0cf1fdb6c7df476e00	6323	camp/r1c-head/notify/inflight_highest_free_id.log
fa7812e414bf18dcd3dfe46063f421ec24eef207776fb3d98ea26d40b9b1706a	6147	camp/r1c-head/notify/inflight_match_ignores_seq.log
c5cc99efdb27336764840c49febdb41c7afa670559b66990fa227f3a18da068c	6271	camp/r1c-head/notify/inflight_shared_seq.log
cf6f2da0cd0c41c4a763e3611f0560be23b5b6c594bc52b19293bc970678aac2	5698	camp/r1c-head/notify/ix_last_chunk_ignored.log
0254a6f087a65ebe7a3aa331491773586e2ebd21c8114e878a23ae1da0709fc9	5869	camp/r1c-head/notify/ix_new_identity_unset.log
da966290c6e22e51db0b7abcc72a3df3aa4445edb90997f812c921c2f02b06ee	5690	camp/r1c-head/notify/ix_old_identity_kept.log
a49cc798a5c2b8dc5f24e61dabb332e947c21e1b48e209ca9321cca0dd787e64	5938	camp/r1c-head/notify/ix_rewrite_unmatched.log
65b6ebfdcc3ae0c208569cd2c1e8ffe7b6731ad3c783ea93b5e03b2256fb3649	30023	camp/r1c-head/notify/lock_taker_notified.log
acb02573a7ed1aee36dc0214d6f9eef8c51b2bc0d19d60c3184d2f8f564650c9	5832	camp/r1c-head/notify/override_set_only.log
dd56e45ea2d4a5c1322b91180b6b13d09d8235abba05d9a10767b4d117cec71d	5798	camp/r1c-head/notify/own_compare_new_row.log
9c77df5c2b38e8e5893f71c6eb017aa2210b2b03b3909a72ae22c89750fa9b98	30013	camp/r1c-head/notify/refresh_resets_seq.log
86060ce6d0e63f1bcc313e270633b2f75d950464d33f6944ab7803a837b95f32	30133	camp/r1c-head/notify/registry_holds_15.log
68f6dac90365ac551ed4e6a5994596d37cc5c8642603efdaa434c825509d4df2	30302	camp/r1c-head/notify/registry_holds_15_cs.log
93be7967348532949313874aac149a75cf85ab830f8fd139ad94a29ebd91e97f	31037	camp/r1c-head/notify/requester_not_excluded.log
9e4e0d1f5cacfe4570404cfa74384e0b186cd6277cf0837ceca81de526ff4cf9	105865	camp/r1c-head/notify/results.json
8ba2ec34ca9c4de5e699e4dd2827468eacaabf7f198de83bc013154a737b97db	29969	camp/r1c-head/notify/set_control_ignores_lock.log
ac1da11e32c12af1e15cbac34b15202c904e121329908e90f63b3c9a64a5a6e6	5699	camp/r1c-head/notify/stamp_read_without_valid.log
47f826d95848c74421ed43bb1674e92c80016f092096c5035bfe41f27bc13201	30153	camp/r1c-head/notify/stream_info_get_body.log
b6931df5a4ee19cd9b85e765c3fabc7bef6605657585c42ebb4bb2be7bd436fc	29702	camp/r1d-base/aecp_dispatch/a5b-reboot-success-arm.log
605de3d8d40074608c0631330b884fc1fbf653b39d88994e6047f7f49c263a66	29184	camp/r1d-base/aecp_dispatch/control-aecp-dispatch.log
1df57ae335a4dc57c0fd66bc449f432c75e70423da973d99b70d3d185bc8959a	30101	camp/r1d-base/aecp_dispatch/control-aecp-line.log
e04e66d2bd85e9829d40efecb00dd9167a67340745435bfa96972382a2370f22	29142	camp/r1d-base/aecp_dispatch/control-d3.log
a699c8af97870730f24d327e1453853dda7124731bc71105d03b05adf338277e	507	camp/r1d-base/aecp_dispatch/control-line-guards.log
0edfe79b2099c025ca1ab968142cd4fe4eff8ab90685376d2c1f6d2c88ab9f04	38350	camp/r1d-base/aecp_dispatch/line-buffer-fixed-592.log
85cbd8b694a35ba559cd24ae4740545b0400cc0af9f7e91ed77c7a160b7f29c7	709	camp/r1d-base/aecp_dispatch/line-ceiling-dropped.log
56ea48055a5a6a7158b6dafcf714a05f5f5d7a42419d2e1d94509b47c15d0231	584	camp/r1d-base/aecp_dispatch/line-floor-rounded.log
faa216509efda0949027897222f7693687625bb77004d9b6df4a30b62ab1bbf1	32774	camp/r1d-base/aecp_dispatch/lk-prefix-zero-body.log
a02d90c100ea8943cadaa46dc78d58a0a2f1b791abd019bcb8f97d548a100fb6	31364	camp/r1d-base/aecp_dispatch/lk-sclks-lock-nop.log
ccd22b0fe8e4494132e5da9a4e3e3e66e2b556062287ccd885870a7ae918cc16	30242	camp/r1d-base/aecp_dispatch/lk-sclks-miss-lock-nop.log
e93f0f0a80d6e18064170ab231722ae3d1f06adec3ea44c31405b0cd6ee074fd	32432	camp/r1d-base/aecp_dispatch/lk-sctrl-lock-nop.log
6709a77377cd3a0382e7ea28dc6252a1facfff16e848d2b5dc97c323a1ddb6dc	29717	camp/r1d-base/aecp_dispatch/lk-sctrl-miss-lock-nop.log
6d76312cacd85211754357cbd8de0058dcac04c098c590d8815a12b9122370b6	31391	camp/r1d-base/aecp_dispatch/lk-ssrate-lock-nop.log
6630cd3b911b299c4766da6b4f3a8f24f53da46642deef9ad880d471abd6b7a2	29727	camp/r1d-base/aecp_dispatch/lk-ssrate-miss-lock-nop.log
7cbbee71277962172b6044f1847dbb3abe627d2ac5df32ea54f9c7c57083c71b	32806	camp/r1d-base/aecp_dispatch/m9-guard-add-mappings.log
de6004cff6e4eecdb54c52ba857060b642d3426e541e028acf38db86b5ed5b5d	32805	camp/r1d-base/aecp_dispatch/m9-guard-dynamic-info.log
f9037defd20aba9e29b6bb13938db611763b6b6217a075c5bd9bc814ada0c922	33862	camp/r1d-base/aecp_dispatch/m9-guard-get-name.log
8305d5b73de2b0b02c50e4e13568ea4ff21a68914a56d6c3dead8fe7accf7dfa	32806	camp/r1d-base/aecp_dispatch/m9-guard-remove-mappings.log
defe32f0ec87cbec5e772b361b64d9d8c2b3480e0280c7f885ab3ab0e899ac38	34776	camp/r1d-base/aecp_dispatch/m9-guard-set-name.log
a41a42ec0dcd893ca36c761af676077214f955fd22439ace0f78657ebc4d1887	33436	camp/r1d-base/aecp_dispatch/m9-guard-set-stream-format.log
c3afe5ad8e5649d2ed8fd21c28e578095eaf1e82d064ef043be9a4b905ce4866	35121	camp/r1d-base/aecp_dispatch/m9-guard-set-stream-info.log
cbac66e7f6f5c65519061737ee84e840bfa8c06cb9931f6f898b67765badff45	29700	camp/r1d-base/aecp_dispatch/ov-oversize-at-576.log
eebaa9246953cdae93970da3179859c77d735d6177ee10d8f5e55fba702cc34b	41801	camp/r1d-base/aecp_dispatch/ov-oversize-never.log
28d8fcc494922964cd9bb88578f40c39b2c1313f583c89e7dfaf33478ba83072	41801	camp/r1d-base/aecp_dispatch/ov-top-oversize-dropped.log
5fbbcbddb3c7ea1a58b48d8597604355d8887fc4a5d070a975b90feb76b25a5a	30994	camp/r1d-base/aecp_dispatch/pg-append-524.log
a09760f60c9167c41d90e5e56f8f0fa306456d7f169a68f9f0a973b05c84dab4	30755	camp/r1d-base/aecp_dispatch/pg-cap-dropped.log
243dc1543255f6f1ac029ebd43208a0c37f07dcde8124d008d6e6e627aeed59c	29663	camp/r1d-base/aecp_dispatch/pg-cap-off-by-one.log
eb779d9648f9950a93e9eda858f859a89ca647cf96aae3b740aa084e7117f6ea	31637	camp/r1d-base/aecp_dispatch/rb-rounded-buffer-no-page-cap.log
02c18b32b137126d03c007c6ed0b8a7a699058f9ffedf5469bdc84250812e04f	31839	camp/r1d-base/aecp_dispatch/rd-au-image-only.log
095fb4722847733e5e2d362723ba48f614e36bdba23155795a4444d3362917b0	30512	camp/r1d-base/aecp_dispatch/rd-au-unset-overlays.log
8f8fe1e1becc255a59f68cb420881eca08ee90341ed5a6c38f9ec1d339fdb72e	39430	camp/r1d-base/aecp_dispatch/rd-base-no-overlay.log
e5f6357bf80b1d379666bea8d739995d2becdceb7101a74ceac903787515bf27	31861	camp/r1d-base/aecp_dispatch/rd-cd-image-only.log
750811d341e46955b43dc3560f94b9adaba4dae4184fc8262164c72e9928b25e	36418	camp/r1d-base/aecp_dispatch/rd-cfg-any.log
0853c91f7eb13c6a7ae38dfa6b84cdc9edeb51571f74b3805221e550a61ddab9	34184	camp/r1d-base/aecp_dispatch/rd-so-reads-input-row.log
225ccd779cfa5922507e1a20b4f0a06cf426cfe49416e73efb7077ea60287694	29339	camp/r1d-base/aecp_dispatch/rd-str-short-guard-nop.log
6a40d599717e3daab2ed43cc4862ce113ccb7a4f0a639d6939df9cdb78844f83	34143	camp/r1d-base/aecp_dispatch/rd-str-unset-overlays.log
3acc407e390f30536c23f7ded1e99a39211d7d1031ccce8b07abcd035d3ed900	41999	camp/r1d-base/aecp_dispatch/rd-tail-uncut.log
f82db07ae244a5947b85a1b3c55b8afb4930eba7267667179945155db01c5167	7629	camp/r1d-base/aecp_dispatch/results.json
32b701d9e2ab06afc773149718d668afc300abb3ba3b1687599cdb23525b2660	30293	camp/r1d-base/aecp_dispatch/sclks-bound-inclusive.log
f24964d281322116b76e770b43befe3fafc89d8d9cf420b2178714c8d70c05b6	31258	camp/r1d-base/aecp_dispatch/sclks-bound-three.log
6803148ff9f86df222445d8aa4ff6306ef57c94d586adc39679e6a77706eba6c	29871	camp/r1d-base/aecp_dispatch/sclks-miss-branch-dropped.log
9ce2fad2f9e6cfe8289ad344cbd7d9a4b356b51ec06622dffcf3c4549e02ed98	30276	camp/r1d-base/aecp_dispatch/sclks-miss-preload-dropped.log
8b9eaedf885454bff2c569ba8f2f2c77d56e94965550cab69dc243eb39d38689	30242	camp/r1d-base/aecp_dispatch/sclks-miss-target-next-word.log
e5ecd1ed776a23953a4865873ad16687496b3bbf7adf2bd224a253a804b6d016	30257	camp/r1d-base/aecp_dispatch/sctrl-badarg-zero-body.log
c00b26c9105512c102f03404d9bca97cc439aa8e23e6cae2f7ef86353cb6dce4	30007	camp/r1d-base/d3/RPL_cfg.log
eb88bdc070b52f5c719deeb583b0e074f6e0e471ce42e81360ff1f52f001d532	29940	camp/r1d-base/d3/RPL_clks.log
1c64eadaae236406b6a229ab2d66b5cef1c1694bdd5b620c6602a92be76f7e9e	29469	camp/r1d-base/d3/RPL_fmti.log
ba2dca64a32e29d577b4d414332d74d303d105390ee4f118e008bc7cba1f20dc	29469	camp/r1d-base/d3/RPL_fmto.log
6c2854d88de4f3d608db10a92bb9ed95bd36b830c41c27e362ef4e29de3ad090	30229	camp/r1d-base/d3/RPL_name.log
bad7e9b06d00ad4d2d6f9f0942d5562daf50a73afabf6c95901b8afa94dfb5bd	29770	camp/r1d-base/d3/RPL_ptof.log
c0aba98e3b19a33b69501524f32b7d23d1caf6ebc5d056d4769a760c8661a6e6	29941	camp/r1d-base/d3/RPL_rate.log
cc0b4747be923410c787b7056e967d23aacc6b6cbeb21d9e477f068db8b1997d	30476	camp/r1d-base/d3/TRG_cfg.log
84749ff0893781e4522dbd8eedc1f6fa899a7c8e921b50958f7a964bb9ff4f6d	31294	camp/r1d-base/d3/TRG_clks.log
ce474aa8dd97eeb496184da0d921de8a516642c4f437186b7901bf11c69c9535	30583	camp/r1d-base/d3/TRG_fmti.log
08dae297dfa65711ecabb86320e2b4b0dbd1c539ebacdf8e54cbdfca806d9726	30581	camp/r1d-base/d3/TRG_fmto.log
23b2c26652568b8dafbea7a36e13e759c57b7f3ee44dd15e89b5b79cd886f3c0	31344	camp/r1d-base/d3/TRG_name.log
f91e96133381dd3489fd4b654c91baee6e8cae66e694a3a2343a5a56e593a32b	32499	camp/r1d-base/d3/TRG_ptof.log
c3b1b767509cdb159dccf912a173404227d11875662802dfcd0f05dee4809b22	30488	camp/r1d-base/d3/TRG_rate.log
3e93f05520061c2a053d48ef338e8d4f56233c6d0c6e12d55fc57fa2e61d5d1d	29418	camp/r1d-base/d3/aecp_hold_unbounded.log
150a130b1193ec4fbe30e3dbf4772797956b32b11b29523b811478ba4df59cc8	30719	camp/r1d-base/d3/agg_closes_before_proof.log
41720e45ff1dbdd578878a29a08dd4c7d41b055fabfd35b9c07eb521f514139e	29125	camp/r1d-base/d3/agg_closes_during_proof.log
2e153e1161d775ff239b7cfd67e8bf0e2f0ff959cab25ae0ce2897af9baa1c06	28986	camp/r1d-base/d3/agg_fires_with_event_in_hand.log
1e11a41e5860c597ce1c81ac557e4cb401e65c630947822f2f2c997b5376b188	29348	camp/r1d-base/d3/agg_not_in_rollback.log
e8c14175467b8045c9cf331872c152f8cee337108656af3bd8f573f85db71fe4	29266	camp/r1d-base/d3/agg_not_stopped_at_terminal.log
4f2a1173fce94267abcf7f73427f8e0b0640760d348c1575a3e0ab8e261d1b1f	29309	camp/r1d-base/d3/agg_o_pulse.log
9e1a976ddf2546c5b6576e7651595acc80c39df710a4c2ea56154185b54c99ba	32279	camp/r1d-base/d3/aggregate_from_the_walk.log
2111c67a5cf14b6a9db269e84b255bdb9cf343d48df2964049d546c6f6ee4349	31938	camp/r1d-base/d3/aggregate_mirrored.log
31abf5306230a13a73ad84a4851072b0fb7fbb1ea0e53a4a52f64b9136bdf3e7	8565	camp/r1d-base/d3/alarm_forgiven_binding.log
f878047588a742ed73bbe5dc51fc209b025dd02f5b7bb1d51cf3ce8d157011a6	28777	camp/r1d-base/d3/alarm_forgiven_by_success.log
7f79e4ac5ab6e4985223168b0248c4c9e38669d93f772eb1645ee69b498a8624	28956	camp/r1d-base/d3/backoff_derivation.log
7c5d77c57d0af58bc11d7406169002273eab981358cde7d091cd80d7157d7ab9	28857	camp/r1d-base/d3/backoff_holds_dispatch.log
3f6e3549b2294965bf055d7faefe33e8b567f9822276af7e4b9fe496688891f0	30597	camp/r1d-base/d3/binding_walk_ignores_aggregate.log
4c4cc99e8426e764552244a55f1a4c7e80d2d21cf16351d5bfd758b0d1930be7	31509	camp/r1d-base/d3/blank_applies_zero.log
0ba786c018dca486c0c47061cb6c5f95f38ec0c73f1e97411de0b064453efd9f	29164	camp/r1d-base/d3/blank_applies_zero_cfg.log
675c3a7e5a0a8c8131bee4004c7d36892ac88301494360b8f61ff2744a7de8ad	28850	camp/r1d-base/d3/blank_ignores_d3.log
08f35e32f07fbdbe4f3fb45d07f2520a0a478835a2d475a725aa527afc4a8184	28971	camp/r1d-base/d3/cfg_crc_ignored.log
bcdf36386204408fd1ab849328431b9d5a0b8c3eba0f466d3080875b5dc04e7d	30181	camp/r1d-base/d3/clear_by_group.log
047529ebb067906e84069aff5d8d51f4a26e3b19be97325c6e5f2a72e64d76f7	29804	camp/r1d-base/d3/clear_by_index.log
5e7e5b07a3896b0673e34483ad548786ec1fb98155c915c3272a23bb26e28b12	28779	camp/r1d-base/d3/clear_wins_same_edge.log
7bace6065f2402fded418ce70927e3ead6bcbd13f7ebc11dac3a57f65e1c6553	28863	camp/r1d-base/d3/clks_crc_ignored.log
38b2c6badcb1f7d7d554e19915c9c4643f730552e528b28477001696d48379e7	29034	camp/r1d-base/d3/clks_restore_bound_inclusive.log
712a66b8d41b1e42760b241d22e91e501782c1f81e7f8165cca62763bef4eea4	28956	camp/r1d-base/d3/clks_restore_count_narrowed.log
8af106358ed2d9a9ae42dd25f3a18f9b84825a6695bb34d90dd0a2c9dab37013	29138	camp/r1d-base/d3/clks_restore_index_narrowed.log
e45a093ac21343bb99b12a87dfef99f99abb4c4054941e6d86176f2c492bc77c	30290	camp/r1d-base/d3/clks_row_two_bits.log
a9c3a4282a634269fa02f36d084ac02046a0e6ca6a99f791a31f183844e09115	28976	camp/r1d-base/d3/closed_releases_the_entity.log
cb3aea4ff98c1ee1d3040ec2a92bc415864da77d9b8dff2e89591c243808632a	8909	camp/r1d-base/d3/cross_own_m1_drains_m0.log
114e8bafdebaed4eb22fb8b3935b5d9905fef3deed41aac2cc8d25e52b985e48	33413	camp/r1d-base/d3/cut_binding_crc_ignored.log
5fdbb48bd41e670bf8e877de1f2d21d3e5064adb2ca17e431a7743afa0e8a914	35306	camp/r1d-base/d3/cut_frame_crc_ignored.log
8fe64e0a8f7fc1f7119f69cfd67abd47dbd013634e764bddd38ce499fcf1ba44	29522	camp/r1d-base/d3/desc_error_is_a_refusal.log
fd633e4459abd7746a570aab4bf3c9fbe1870652313a8d8ad6efd7259db3d833	29237	camp/r1d-base/d3/device_error_reads_as_blank.log
dcba464a26f9572db72ef5b89a82e3f8961f978a31f7a3043a52090c1a10afdd	28832	camp/r1d-base/d3/disagree_one_direction.log
4574e237727df1357d6642027c920c73a298e15f400e878f48170262409a4b57	29402	camp/r1d-base/d3/dispatch_not_held.log
9f45469a13a407ea93129d5277a4b53cbfb7a8f07b28deb12c0faadf6e0f4aed	43013	camp/r1d-base/d3/done_without_d3.log
7cb3a9bc966adcc117258b380578f78a31b78a234345dde355ea7da03273a1f6	29053	camp/r1d-base/d3/drain_misses_issue_cycle.log
d9b596e3d5a251a67b720e5583f1031d7ec6f5a3bbc22284476bf108fa5a0a01	9360	camp/r1d-base/d3/drain_misses_issue_cycle_m1.log
943b9e2da9c9d1e04fc113fa3825f1613b081d0f88a2511d6745f366fed12afc	29170	camp/r1d-base/d3/dyn_not_rolled_back.log
a56ffce260adbfad2e4710d42139f462032edf89ca3122e22915adea3fde92d3	29361	camp/r1d-base/d3/enable_not_released_by_restore.log
d22aa57ae76cd33e84366764e9e90a82948c96534893e870dc7318e8eca74692	28825	camp/r1d-base/d3/fourth_attempt.log
b1ccd23c939d25ae758cd73343b12a0b83c16a903c80d58df2cd8ecce9e04415	8713	camp/r1d-base/d3/fourth_attempt_binding.log
9623eb16058e69cc8384e803fd0081f93d24852b996d3bf8234b5de7db46fb1e	29717	camp/r1d-base/d3/frame_crc_ignored.log
8fffe571533ff1706255ce96aeff4cd95582433ab6fa92d7d72bcfc38098f0cc	17219	camp/r1d-base/d3/golden-acmp_nvm.log
7d239a23a8db2269b88e4c86ed61df6fdff509a20fb443f78d32cc6cc4384706	28704	camp/r1d-base/d3/golden-pp_top-adp-only.log
06cee4118f0272b4f2e67ba9518d9b4027d843b86750dd8241459ee9476d5a2d	29634	camp/r1d-base/d3/golden-pp_top-cuts-only.log
78d631b933c1b550b82c96060dd940d6002ea499dbb6dee971785a943475b5fb	28705	camp/r1d-base/d3/golden-pp_top-volatile-only.log
fc46ebd5cc262d6f2e491878d7df41568cb7a470b11c982ef204fa68b7732ed2	28706	camp/r1d-base/d3/golden-pp_top.log
38d3db4fa0c7154bc99195b5a743112df7787859666030bcc98f3b2b8e1cb94f	5396	camp/r1d-base/d3/golden-rx_validator.log
ee8c9a09dd0636a2cb583e8200a259b45a8e30c2e226fa66a596b9fdb2a78c37	29172	camp/r1d-base/d3/held_drop_uncounted.log
f4c7bb2073affef6f766e5cbdf444f3af65ff41f074675c74fe54cf4d5b6373d	30712	camp/r1d-base/d3/hold_released_at_go.log
0ee988489e493b0b4c58fe5be0c47afd850ac3934cb137c436521f7290f8b013	28859	camp/r1d-base/d3/identify_is_a_change.log
f42353dd32733325f80de6760ed477f0990e361b8b0ddaea926dddd7391c4001	28818	camp/r1d-base/d3/identify_survives_reset.log
71f93cae95ad1cd8178de4dc2d8aaca58af2b26a8ddb6f0aa604a99a671ceebd	29572	camp/r1d-base/d3/image_unproven_continues.log
f0fc0b0e7db8ba4b111ddea86d6c31a02f3c7bbc92ca424b166aadd49d877940	8814	camp/r1d-base/d3/issue_arm_cross_intent.log
3470fc847c71193b4749159b477989b00f985c62f59aadeb8d943b4b7613b640	8706	camp/r1d-base/d3/issue_arm_ignores_we.log
a2fed6d6c42eee9ee96623f4d461b10ffce9b8585b3ff900da4a7a70266db37d	9084	camp/r1d-base/d3/issue_arm_stale_we.log
1f50bbc9d86871eef777e29a11b6fdf9d571f14479e9b07b84bdcd34bb550ff3	8707	camp/r1d-base/d3/issue_arm_write_too.log
b58cd9a6af4377d4f4d79583385f42cc10361f6fb03d6660d642afac61581ac4	28798	camp/r1d-base/d3/judge_wait_unwatched.log
150c9812ccdf21aacb3f7d92752d896ed054509f284e426b11bb7540d149f624	28998	camp/r1d-base/d3/latch_ignores_program.log
f99c47c02b9ce2c744f880d40edfd3e8accaf81375f5b56dc083c2f18f1e08e3	29137	camp/r1d-base/d3/lock_survives_reset.log
7e1f5cb3dccff80a314ffd5ac8c9a1b7d92ce125c9cb4d7f9af02286dc6b5f66	28849	camp/r1d-base/d3/name_empty_refused.log
92d23dd6a8a9b0ac45a9cd84bfde4bd6b5a2c6bb2892d8892b1d1bb68c830d41	30003	camp/r1d-base/d3/name_entry_shifted.log
ff10d380d42439629a2cb31910ce75166c0ea5027abdc14b45abf6d47c628833	28856	camp/r1d-base/d3/name_lanes_partial.log
fda6b70966e902fb8b6f092d24eb85c600051ffcc65ef652b63b7bc5c2d7ae90	31318	camp/r1d-base/d3/name_record_id_shifted.log
ac3fd7e227577c3b4916d94aeb79ff0484bca12d65189b13e04562b68e23abb8	28853	camp/r1d-base/d3/name_restore_is_a_change.log
f8ed2ed0e0266502a67239097a2e90ee4999dce752a8590c43866204bcf22026	28848	camp/r1d-base/d3/name_restore_pulses.log
efda3610b4b16e02738b521861f2ac76203c1caadda2b7894b8bacc68928c9fd	28771	camp/r1d-base/d3/name_rule_ignored.log
c9861e62defdcad9ab0151bc508f56de1fb134d1113347961bb6eb637d7e26f9	28825	camp/r1d-base/d3/name_taint_ignored.log
ad1b59b03113369cf80e9deb2e9289178d2e4a5dd6f7ac885090256c7d0bc26c	31193	camp/r1d-base/d3/names_before_the_image.log
6e8641923d977731ce5fd74a400932c5f176abd7ca4fc5c24b16de15fca7756e	31392	camp/r1d-base/d3/no_aggregate_deadline.log
44084161560eda7c07b7ca9d89e6b1a6693f024bf52a7f991fe5c1809ec5b779	8602	camp/r1d-base/d3/no_backoff_binding.log
f3a662e7f9b2f9497967d629fc2c0102e65e0cfa48c92cbfdd6da946f48dc2ec	28950	camp/r1d-base/d3/no_backoff_d3.log
f797ddad68b0f4b673e491dae288ffe8991cfec3cee49a6e0765f2fead597615	29395	camp/r1d-base/d3/no_restore_watchdog.log
5cc8d1d4bf4eb790638c31d4ff9d19ec935c1bcb17410d08760280b115aac24e	31086	camp/r1d-base/d3/no_rollback.log
5b7a508c28ec05f3d04734e7581f0c98b75910536142116be29292894f34dc7a	29848	camp/r1d-base/d3/own_taken_at_the_walk.log
8db373191b7d88bb019f46fc1bc08ba579b3e2a347d3a4fcd0305325b138d413	8908	camp/r1d-base/d3/owned_arm_cross_intent.log
17720f04dafeb7f9a4e14f1e85a837e042b9d3f694cd2c835b69a359ddab2040	8704	camp/r1d-base/d3/owned_arm_write_too.log
8cff9acfd352af093331df9466bcbe8f47d15bdba93a8457b4bb3fd22768b2de	28810	camp/r1d-base/d3/pass1_read_not_drained.log
d84a46eac8dedc0cc6efada384a0116ae8fa6f2989d7f65307e504362f555764	29286	camp/r1d-base/d3/passes_may_disagree.log
fdaacd4b3c6f600936ad361b8ad62b30d910c5c445c5877ba75901bbd247e67f	28806	camp/r1d-base/d3/per_wait_floor.log
910a1149418067ad7c1dceacfdaa7803fd797770516c975721cb3f0fd6f7f472	29256	camp/r1d-base/d3/proof_default_only_from_img.log
7f773fe26bce744cea910880968a9a34c7ff1a6a740d54caf267268d2361dfec	29059	camp/r1d-base/d3/proof_past_bound_needs_fired.log
8a4c698b05c572e733f0be1cd675850e9907afbf32b52d1482761a0e2641dd6e	29058	camp/r1d-base/d3/proof_past_needs_fire.log
8037e55533a792c10d0a26522073ceaec1feaac9bb8c0e5f991d087bc196b0e7	29854	camp/r1d-base/d3/proof_reads_records_past_bound.log
d7a7cc2fb875d42607de3db0de4d0a082ac3fa27832daedfaf7b237426d59d91	30199	camp/r1d-base/d3/quarantine_released_by_time.log
ea1594d133f82306bf50d870e86379842335071c389408c40118e67d500410c9	28780	camp/r1d-base/d3/rate_walk_stuck_on_first_lane.log
8914860aab2635707af02060473acc11361fde73539be845dcd6dd6d50a6be43	28785	camp/r1d-base/d3/rate_walk_unbounded.log
57230debe5c5292f7a93306061bd740837fe400d8e2b8f35e4eabf60a12dfb00	29155	camp/r1d-base/d3/registry_survives_reset.log
9f89a550ff66708f55aa20e7eeacbe1966c114d01137914c735ace069a33451c	28828	camp/r1d-base/d3/resident_never_returned.log
5fd3fc38d13186d48712de445414ecc20c69a243f61b3292cfe68ca2ce5abed9	28788	camp/r1d-base/d3/restore_writes_are_changes.log
cc3232df624fe201379e8221a5bb9d875b90889386d22fd360e6ae0e84965c0e	155150	camp/r1d-base/d3/results.json
10c4b68cbb48d17cf648a85fee3863248518ad4b6df7680de404399eaa3eafd1	29170	camp/r1d-base/d3/rollback_ignores_debt.log
2f87f9c74b01083ecfaef2b0bf5a379ea0f7e864d0e6b7325c926b854ded29ae	28807	camp/r1d-base/d3/rollback_one_cycle.log
4ccb80069e16a0f14055016348aa002ac72d2a0108bcefc1b7138be0599cf2d0	29399	camp/r1d-base/d3/rule_ignored.log
4dec82874a791546667f711f16c730b4bdd2fe1368dff6779f68141741e6d81b	31645	camp/r1d-base/d3/store_not_cleared.log
36cb1d3a9a3839c3fda219bbf21e636f63b2433411714921145b6bf0f6f11306	29277	camp/r1d-base/d3/store_not_rolled_back.log
dc3a248d6bc45a59a0f7de9405c969671a20f98c8d456eff35a0c3520cfe9be4	28933	camp/r1d-base/d3/taint_ignored.log
fd8f51fa92ebb80bcc7a3f7bc5a3131e9bfe890564aba31e8d2a05048877a76f	28954	camp/r1d-base/d3/torn_read_not_an_abort.log
1b2494f35a929f89b9b1b5911a09f7ead140246c38294eaf484d2f58eff2062e	28780	camp/r1d-base/d3/torn_read_not_an_abort_cfg.log
12d44bb7318e6a405bd69eddd1c58aa33646747ed78e7466376886349162424c	29207	camp/r1d-base/d3/unchanged_compare_ignores_validity.log
cfd4d39f5a4f574305cc3cb2d89f51b176b535b38b1defcdea1ca5b491977232	43226	camp/r1d-base/d3/unframed_reads_as_device_error.log
c53f0b8e649bb6f57eb556e60207113ac40f792dc75144c390896acaf1b0f405	31204	camp/r1d-base/d3/valid_not_cleared.log
4cadcbdc365efae489453b9f95e00186579773324abb10351c91e681a92e165e	5758	camp/r1d-base/d3/validator_admits_held_aecp.log
acea0ad37904d2dc8f5150cdd6fbf06faf322d8d372eb2e2ec80fec53bf70d53	28637	camp/r1d-base/gsi/acmpsta-zero-build.log
4d3ff14085b91c19643d4d36ada76613dbdfbc2cd733c94862eb043a3cc54ffc	7366	camp/r1d-base/gsi/acmpsta-zero-run.log
3b2a50e11e0570e6c701e5309af77b7e4ac859a957aa0637ff2beac89881f8a9	28637	camp/r1d-base/gsi/bridge-gate-removed-build.log
3928ee10fa9d015fc3c7e234d1a5feb8a2bea671392462a284bcdb84431af988	288456	camp/r1d-base/gsi/bridge-gate-removed-run.log
9820f4a22cc2fd5ed7518bbd1c2102c05be9368b0b256752b102e1373ba6a626	28637	camp/r1d-base/gsi/failure-bridge-zero-build.log
9e539ee8d0b1bb772d9030220f57c7f3b42eba0c713b6463c3f77827f53888f4	294360	camp/r1d-base/gsi/failure-bridge-zero-run.log
5381225623184bc0347036577283e689bff46ceebb7205faa5e6ab81f132a4d3	28637	camp/r1d-base/gsi/failure-change-redeclares-build.log
7eb1c02a68ef4da9177b6049f2b1187d7d24064691b17f72362f377ff5e1c9bf	218	camp/r1d-base/gsi/failure-change-redeclares-run.log
c58c7e44fac6ea472dfb752b01277d02a96befc2b28fc9c56e91346a7120cb41	28637	camp/r1d-base/gsi/failure-change-strobe-removed-build.log
d393056031e17f738d6cfe677898502dec2f8d0a56a116ad05c6c224128cbbd5	273	camp/r1d-base/gsi/failure-change-strobe-removed-run.log
9dfeaa7e4f398a9718328c2119516d9ec56bcca490d42cfc355a7405809d9594	28637	camp/r1d-base/gsi/failure-code-zero-build.log
8ea022a94327160b310e17e38123b16b1988031418b3ff2c5cfddb99ca50efe9	296368	camp/r1d-base/gsi/failure-code-zero-run.log
b1b3f21d393905407e70c04b06549539935731d206e054b9e0716945d6ecb669	28637	camp/r1d-base/gsi/golden-build.log
01649316c28a1136c1fae2e48d93c182dc81f1c3d39fd777ca26df1042c32fb6	137	camp/r1d-base/gsi/golden-run.log
80c50840745d4ea6582f339d9bd959ecf0906cd99ddf7a26a963d1a07fa054f8	28637	camp/r1d-base/gsi/index-guard-removed-build.log
93e591ab9f5c9cdfd7d8a69ed00e052f6e45e263927309b82a28aa6d17850473	855	camp/r1d-base/gsi/index-guard-removed-run.log
fa4a2980344485f62195f6fbac9d9411a40df69436ad5c7e1e51bcbda5c8f57e	28637	camp/r1d-base/gsi/integrator-path-build.log
407f74907bbba00b08c6951f8327947a7abbd90df0d77833c99772e0d6ca100c	84139	camp/r1d-base/gsi/integrator-path-run.log
002d8732d1d6b19c812c9a23404e0d431ce1443ccf011f731401afcd7902a826	28637	camp/r1d-base/gsi/latency-cmp-bit31-dropped-build.log
d9bd82057d443c4bda7ebca3a86b50d98e5395e3070a6b1193a7ad3463003fc1	809	camp/r1d-base/gsi/latency-cmp-bit31-dropped-run.log
84b4784e115ae5a6963ab6311ac72c7b2572c4a26cefcdbab53d97dce52f3888	28637	camp/r1d-base/gsi/latency-cmp-high16-build.log
aef4c2ae2a626ae1011b5e834397d3aa5ec27c11b80120f1fae6dc46b6e5d906	10813	camp/r1d-base/gsi/latency-cmp-high16-run.log
362a62717cf86a0abdd709c18f32528de4eb71ce2b565a5391bdeb7d9ab06045	28637	camp/r1d-base/gsi/latency-cmp-high2-build.log
48b353575c86ba10e83b4440c43c301d483d0c8514bd88d316c9a52362711c52	20221	camp/r1d-base/gsi/latency-cmp-high2-run.log
29db35a15f1b88718ac911fa4a365c3e2e95259a2de79e7e420afd8c5c2f132c	28637	camp/r1d-base/gsi/latency-cmp-low16-build.log
582cbf9a3e987c8a2c45bf0b7401e6a83f06d50172c91c2f13034c09b17f9af9	10893	camp/r1d-base/gsi/latency-cmp-low16-run.log
6fcd0f791347affeade133f0afae5501d38000324efcdcf5de2c8f8dcaf4776c	28637	camp/r1d-base/gsi/latency-cmp-low31-build.log
d9bd82057d443c4bda7ebca3a86b50d98e5395e3070a6b1193a7ad3463003fc1	809	camp/r1d-base/gsi/latency-cmp-low31-run.log
c87c17c14b732c2b58949f373a1d9d091aef4e7dcebf5bce9e4afefe1e8d38cc	28637	camp/r1d-base/gsi/latency-cmp-low8-build.log
2a1c7f984bdc85135348981a3f3368c8c5f4d541381aab4a3febb679b93a8037	16253	camp/r1d-base/gsi/latency-cmp-low8-run.log
1ce267be71a5f1c7f63690f984aa0810a211f2caf4fa1bd162173bc5adc46bf1	28637	camp/r1d-base/gsi/latency-trigger-removed-build.log
df019d363dd8f8adb31926bbe5feeacb83fdb0b12e78d0d7983a6c37edac0acf	22113	camp/r1d-base/gsi/latency-trigger-removed-run.log
6f271c4e98c1a67fdb0002a57a7d74824f58bbfbe4cbff03c2351ed403cc31b8	28637	camp/r1d-base/gsi/missing-descriptor-leak-build.log
081af2134bd9a13dfcc3268e508ccba9ef300df2f9b123f0e8e12ee331dc56a8	1561	camp/r1d-base/gsi/missing-descriptor-leak-run.log
c837481f5e985c8e8085c213b76b494b9ad3e482808f684568a83a954d558759	28637	camp/r1d-base/gsi/pbsta-zero-build.log
a4619b8025cf1f4642398aafda65ed7a4f1c710ed37ee80abd92141e528ce158	611181	camp/r1d-base/gsi/pbsta-zero-run.log
8057807e1d65a1fca1cb1b21748c6c0824a42d48dfda96a2b13ff2c52a7df781	28638	camp/r1d-base/gsi/rebind-started-trigger-removed-build.log
4ba0f92bf99b851f0c398a4329db0a3e8baa81c0fa0c5af96ca9a56b41361c3c	323	camp/r1d-base/gsi/rebind-started-trigger-removed-run.log
6bbf2c5e1ab9f6ad5ddfeeef6c9ca8b16453c73e4be7b945ee754f5f9b8236b5	28637	camp/r1d-base/gsi/restored-build.log
01649316c28a1136c1fae2e48d93c182dc81f1c3d39fd777ca26df1042c32fb6	137	camp/r1d-base/gsi/restored-run.log
ad0b80b1d716e3429dbdf017341736ed9cddc40313bca392770fdd418c3e5023	4960	camp/r1d-base/gsi/results.json
10ad9921aa92370f1c6179fdcb9de55388c62f5686e28b86ba18f854c6c5e230	28637	camp/r1d-base/gsi/status-notification-zero-build.log
57a03ef320fd32b226aae14d7d760b74eda86a4a1ec9596c8f5d505b9bd74894	266413	camp/r1d-base/gsi/status-notification-zero-run.log
2efdbe2174e3915ec594509643f7b21056617a813fb22a76635b368cd0d39d10	28638	camp/r1d-base/gsi/wrong-sink-build.log
0c70013348451c7ba364e395778539b78e12c482b2abdff500d8942e71a598dd	668276	camp/r1d-base/gsi/wrong-sink-run.log
909c955e6c90ebac68e3e11c7ae523317cbb4d60e36f8d03d780964e20767a1c	29703	camp/r1d-head/aecp_dispatch/a5b-reboot-success-arm.log
ead7af4cf01ce48fe0d7c1c31d8de99e4bc170ee90c3c96b06fe2cfcd5f0b6df	29184	camp/r1d-head/aecp_dispatch/control-aecp-dispatch.log
432ca060a17cb8284413623bf0f31aff6a745c5323817ff7d12878d09301fe90	30100	camp/r1d-head/aecp_dispatch/control-aecp-line.log
80f2711487c6cecc1ada98417af58203903eb4e6bbfc46a661ead22623df7525	29142	camp/r1d-head/aecp_dispatch/control-d3.log
0ccf676052452e20705470be2889cf7e3b1f558e8c5492d33bb658ec670e1d99	507	camp/r1d-head/aecp_dispatch/control-line-guards.log
f9cd99c87779b01d21de5a627cc60d0a670b8e19bfb7a9b83eb36d535551898c	38351	camp/r1d-head/aecp_dispatch/line-buffer-fixed-592.log
bb5f4038dac3a227a6dc821f365c000c8d7f1c3c596cabd4e724daf676f5fb0b	709	camp/r1d-head/aecp_dispatch/line-ceiling-dropped.log
493e17f01d382910e1ea58b4dc9c310b566d2eb004c4eb4dd24e8c496aa19482	584	camp/r1d-head/aecp_dispatch/line-floor-rounded.log
f376db5f4b838bf85b80e6a1ff0cd18db7a56447fc3f851e0508a2557b0d2e29	32774	camp/r1d-head/aecp_dispatch/lk-prefix-zero-body.log
d48eb644de7e8e8b768e75c94b4e50235e80a930642d3fbca7af3195a26e9bbf	31364	camp/r1d-head/aecp_dispatch/lk-sclks-lock-nop.log
1a5cbb7f85703559ca39d9f2db5bfc7220dffffa758f7e7d3f1bbe85fde4774f	30243	camp/r1d-head/aecp_dispatch/lk-sclks-miss-lock-nop.log
41b5390d4f4bf7183f3f28c389d140a43cdd82cb0e2f8b8a481b1cd295fe99a3	32432	camp/r1d-head/aecp_dispatch/lk-sctrl-lock-nop.log
e611efc3f3b1ecd79c72a8f6f515505e6e074c711ff11a95d856a395ada50da0	29717	camp/r1d-head/aecp_dispatch/lk-sctrl-miss-lock-nop.log
a91a96333d242c8734b5dc01df934f2ceae2900da95414443d9b942b77115f58	31390	camp/r1d-head/aecp_dispatch/lk-ssrate-lock-nop.log
debc10a2d5506a34f6110688abc3c61e9989c5d399441a560bb9d6ead86a1495	29727	camp/r1d-head/aecp_dispatch/lk-ssrate-miss-lock-nop.log
8f26a477c3d4e695bd06dd3ac48d523b05131cee8d3db1835c60972d4de9c8de	32806	camp/r1d-head/aecp_dispatch/m9-guard-add-mappings.log
127cc11743b02bb2107f1532b2f628dbb03970fdc3af266811f600aa1f7afb29	32805	camp/r1d-head/aecp_dispatch/m9-guard-dynamic-info.log
b0ca757f548b19932ae489b3e8dad858538789b623f324eb42f0b9ed5cd51ffa	33862	camp/r1d-head/aecp_dispatch/m9-guard-get-name.log
fd50127c40754a20ab8f6b81c639060e7ba1fea3ac082a3c1fd4ba6f33228ec8	32805	camp/r1d-head/aecp_dispatch/m9-guard-remove-mappings.log
172e4842ff86a3ead2f0838a54acd43e0ab95ca86d4db49cde1812991044d769	34776	camp/r1d-head/aecp_dispatch/m9-guard-set-name.log
d7c54e120fddc4069bedc381a1d2f5db603658c51986056a92846f359f95e74e	33436	camp/r1d-head/aecp_dispatch/m9-guard-set-stream-format.log
1e619d857743a37898715b36caf0618119a03035dffb810ed0062307dee61bc0	35122	camp/r1d-head/aecp_dispatch/m9-guard-set-stream-info.log
dfdb4c3f9ea7717481349a9ee45bb6e56c17e7a611b337b0f088270e4ae19aa2	29701	camp/r1d-head/aecp_dispatch/ov-oversize-at-576.log
6522e667c6a7ab1e29370ca398821a0a9d1b628775ccc6cc56eeb8739354ab9d	41801	camp/r1d-head/aecp_dispatch/ov-oversize-never.log
c2afa22a73c8a9bf152c188915eb09cbcdcd216b7f2b6881a31034ee4963b029	41801	camp/r1d-head/aecp_dispatch/ov-top-oversize-dropped.log
e35a783c105ee3106ba09921fe1f9e944ff7d2028fad751848d2ab01759ab10e	30994	camp/r1d-head/aecp_dispatch/pg-append-524.log
ed88ec84cd21688b64bd359cc7d27d5ebcf8cbbc8e3e86b35302c61b430af519	30755	camp/r1d-head/aecp_dispatch/pg-cap-dropped.log
29d67172e8383537e5cda2d6658f9d2b0c09845d18535b275b9d99aed0d54c5c	29663	camp/r1d-head/aecp_dispatch/pg-cap-off-by-one.log
7b5adcfa390298bf011193a6b63d0aa750aaa487be26b133ab7bb80d133c2ab7	31637	camp/r1d-head/aecp_dispatch/rb-rounded-buffer-no-page-cap.log
2973fa8606083edafb8c01562e33eb7795f16d2cf2ca3863c4d33e45364f60a5	31840	camp/r1d-head/aecp_dispatch/rd-au-image-only.log
9098685a193c94f3a04d6bbe3b0b370dcc17e58133231147585f3c1f57a8ad3f	30512	camp/r1d-head/aecp_dispatch/rd-au-unset-overlays.log
5c6ad2f0abdef28a11defe4721398c64873d2c226cbb7401cfca8f87663b6ba4	39430	camp/r1d-head/aecp_dispatch/rd-base-no-overlay.log
306d3d854a120aa11a0d4c77ff9a597f0690fc08f63804e010ec2d73c18a0970	31862	camp/r1d-head/aecp_dispatch/rd-cd-image-only.log
59ec94518d83378ef8059d41c3521f6dd2154644880abf0ff7ebec267f067807	36417	camp/r1d-head/aecp_dispatch/rd-cfg-any.log
ecf1079d00dce4e0e264d074262adc48f65c80dc34d7799d4eb0b6656778b3a2	34184	camp/r1d-head/aecp_dispatch/rd-so-reads-input-row.log
7c4536f9f20c2adb9fc16eecb0ced430867af5ca6d264c9df6bcc05a0994ac63	29339	camp/r1d-head/aecp_dispatch/rd-str-short-guard-nop.log
fa0366695a459d1934b1717080199abbd2de0e8665dc6da1da287519e89e5872	34144	camp/r1d-head/aecp_dispatch/rd-str-unset-overlays.log
d2d6eb08bec1eff3011a001c8d00067052a7f388be87bcde58b4a6e5c12c2ad3	41999	camp/r1d-head/aecp_dispatch/rd-tail-uncut.log
f82db07ae244a5947b85a1b3c55b8afb4930eba7267667179945155db01c5167	7629	camp/r1d-head/aecp_dispatch/results.json
a0ed53394976f27b658bc23463171c261257f0222e2e299fdf19668b051a9915	30292	camp/r1d-head/aecp_dispatch/sclks-bound-inclusive.log
44ab2522f424c3a79e299d9469d367effc79b7dcadf6f860a784a54d4c0e74ca	31259	camp/r1d-head/aecp_dispatch/sclks-bound-three.log
708539312f9d0d1a4e027b8eb4cba025c80c9d80ff835a4d8a374f5b282892f7	29871	camp/r1d-head/aecp_dispatch/sclks-miss-branch-dropped.log
110ac9a80e5260ff98c4ff12f45a1b7df3bacc13432b943bddec103bed162692	30277	camp/r1d-head/aecp_dispatch/sclks-miss-preload-dropped.log
0a58b5dc4ad1106394ce1e82d777d72fa1ea142763b47ea8b5920594678df653	30242	camp/r1d-head/aecp_dispatch/sclks-miss-target-next-word.log
14edfe7e6c5618033a39fab2d2e807f72c572413a6cb692609a28a8427e36bab	30257	camp/r1d-head/aecp_dispatch/sctrl-badarg-zero-body.log
2f17b86c7928918bdb7452af4e2c3022885aa93bac7fc3987c79dbeb5c485413	30007	camp/r1d-head/d3/RPL_cfg.log
528786d02dea2a8a0d1ddd24ae2e911dce2ba2dd0ec11a2074d3ee91c036425d	29940	camp/r1d-head/d3/RPL_clks.log
b0651ee8fa800543e12f7026ed7c95d5ffe02b00aad6d1fa841f41f8f7ff35df	29470	camp/r1d-head/d3/RPL_fmti.log
1308009ced1c226b8446c8470cc9d872b102f049ff38666f035a123a6b301bec	29470	camp/r1d-head/d3/RPL_fmto.log
6b956535e5a456b26690d07353e487db2c3666e4ca39491470b452046344ebfd	30230	camp/r1d-head/d3/RPL_name.log
d912c4d8a8e882bc9e42e83d9d591b3f5eaf197b14b0b9e0ab8ed68b472f177c	29770	camp/r1d-head/d3/RPL_ptof.log
7899c5b303bc8841e0bbc6c9fbd97506de2fa52ee8a21d2c9bc692eef392d9dc	29940	camp/r1d-head/d3/RPL_rate.log
9237f1bc982a35e62f02b9481265da54536eea35aa45a581165f172f95ce30da	30476	camp/r1d-head/d3/TRG_cfg.log
70f944490aadefb79536ce2845300b9c78ff912b9a3f29bd09cbd860d31e6c41	31290	camp/r1d-head/d3/TRG_clks.log
2fffa8ed115afe6bbb6eb4ef3a8fce3e15971fe12c339be5814202b70528d167	30583	camp/r1d-head/d3/TRG_fmti.log
8488b12023478d5fa50772f51ce47f6a4ca969e57d83ff1e7c422dffaa58d425	30581	camp/r1d-head/d3/TRG_fmto.log
da9277311e063e86d3b85cb8d653da02f2eccdc8b71c65b2d0a95e7cdf2cf6a8	31344	camp/r1d-head/d3/TRG_name.log
fef2e2c2d252376346545f68beddb887dc0b46f81329ffa763f23031cf9f12a0	32499	camp/r1d-head/d3/TRG_ptof.log
0d06ba57f7f6736dc1b6356d3175d610868cb25619394f5e42f41d0a73e65dde	30487	camp/r1d-head/d3/TRG_rate.log
f5b517b2f275c476f41282d33a5705a52704a0d46628c8a586b0ee7c5c614334	29418	camp/r1d-head/d3/aecp_hold_unbounded.log
2ba529e11d4508867944746676169660afcb5b74618454e87525f69a95fe9884	30720	camp/r1d-head/d3/agg_closes_before_proof.log
1819f47d9627fe4f366f8a2be0594fcb478d001317022e765fffccf5319e5a60	29125	camp/r1d-head/d3/agg_closes_during_proof.log
fdb170621921a8e7f020f993a0f26cce7b1fb9acd7bf674e0abada5b2213f5ec	28987	camp/r1d-head/d3/agg_fires_with_event_in_hand.log
2848549beb4cf748ff1eeea376bf9135a26ea8782b045cb555f63c719f54b37d	29349	camp/r1d-head/d3/agg_not_in_rollback.log
59225981a8993c804171558b8900fec8620c101339a62d6bd397af3cb98bdeae	29266	camp/r1d-head/d3/agg_not_stopped_at_terminal.log
23367a2c965f6b95ebee914b80ac5438d2a49985f8871a641367967e68c8db1e	29310	camp/r1d-head/d3/agg_o_pulse.log
add7d9f4787dc1ec1b2add6bd935d9632556f470364c8f86aeeff4f1321cda0a	32279	camp/r1d-head/d3/aggregate_from_the_walk.log
a60e5dfc5d588416d209225b357762d1eb6f61516452b581f8f9c19b998f69f4	31938	camp/r1d-head/d3/aggregate_mirrored.log
0514437ead5bc3d021b268eb5e225b884a8e02b4a000f18ed25521c510b231fc	8566	camp/r1d-head/d3/alarm_forgiven_binding.log
41f89a1290afa85a7512754268ff290d46adc559466eab99aa941fc60d2886d7	28776	camp/r1d-head/d3/alarm_forgiven_by_success.log
d9d1a857a43c939eacad250fd0f7ded8762d8bdae99f272c95e5671c47fd90b5	28956	camp/r1d-head/d3/backoff_derivation.log
530b87e6bb42b2f8032b9a59f227a12fa14cbae4396981625af1036c873046e8	28856	camp/r1d-head/d3/backoff_holds_dispatch.log
081e6a5f541cd5ef2bb1c47cd2437f1a1d626ddd1d446eed146058912d537ecf	30597	camp/r1d-head/d3/binding_walk_ignores_aggregate.log
257705bad1f35be1630a7c5329740a698727d50b91e3e04930f6b825e151d834	31508	camp/r1d-head/d3/blank_applies_zero.log
9dbc790ef719b0e6f7f83c20017d28f1ff40e7ad0cbf00b64a3442c4b9bfaa58	29165	camp/r1d-head/d3/blank_applies_zero_cfg.log
0c64f2beee22269bf78c0f2129cfc4e53c6814b4d6eaf63c58b135d6b1f4b437	28850	camp/r1d-head/d3/blank_ignores_d3.log
2cd832f6cca1e62f4fcafe70cbdd2dee94ecad34801f3165589c0c032f702890	28971	camp/r1d-head/d3/cfg_crc_ignored.log
a2dbc20162497cd6adb47b178fba4e938aa493022dc13a280a0e0dd6ba306a7b	30182	camp/r1d-head/d3/clear_by_group.log
36bf60f84c345f59739dee9977ccbf447aeddb324b5bbb4c9e1bdbd2d380835f	29804	camp/r1d-head/d3/clear_by_index.log
4be71f4ad74bf9ca2ed777784feb1b2c02aa9524c70ce256069abaa22daa9a2f	28778	camp/r1d-head/d3/clear_wins_same_edge.log
11b781790a60d2a826bbabf97debcb3b915262553812cb0b07d5b6bffcd31bd8	28863	camp/r1d-head/d3/clks_crc_ignored.log
53def623b7e6683fb281404419619559b06cdecee96188b6f65b10772fa5e72d	29034	camp/r1d-head/d3/clks_restore_bound_inclusive.log
c9907188156453789b3cc1fbb3e1d8fabd3fb664eb384557112077a088968002	28953	camp/r1d-head/d3/clks_restore_count_narrowed.log
be19ec552a7977ffe0fe40b9befaf051877e7a1a3142acd2e7a85125e44de11d	29138	camp/r1d-head/d3/clks_restore_index_narrowed.log
f217fc7a05173317535e1ffe6f0a338dc04b8f4205fed82272a185366726ba18	30289	camp/r1d-head/d3/clks_row_two_bits.log
12e7c89c623a68cf9fa1014d518724e5f2d79c33fcd5b6277bb499d7807eeb99	28975	camp/r1d-head/d3/closed_releases_the_entity.log
97b4f820a60fc5477dcb3257f23b9686e12a9882f047e7b091423f37e6c747cf	8910	camp/r1d-head/d3/cross_own_m1_drains_m0.log
7e61cf0e05d8c1fea9c668d5ad3f76bf8c3e838344ec0b98ef32be90f32c31bd	33413	camp/r1d-head/d3/cut_binding_crc_ignored.log
f79ebf65b953f27abc90e8e2db3eacfbb95b9b3414e2011a18ee32db42a77d9e	35307	camp/r1d-head/d3/cut_frame_crc_ignored.log
6103cf05b4be81fd80cd109491ad590ab66fa7340d54b9050febe85288f762a5	29522	camp/r1d-head/d3/desc_error_is_a_refusal.log
23013a2e1592b267a375791c047fd16a29d4d37dfdb17e6c3a7aa70cf32598d4	29237	camp/r1d-head/d3/device_error_reads_as_blank.log
8def7a3e03319467ef5d08079fb9a0f9f79f58cf0064a3fd97e6023274510151	28832	camp/r1d-head/d3/disagree_one_direction.log
515ba11c7970ef57fc4fb6bc36e4ca7fba06d9e329d66a1bbff8bffc2fcd82ca	29401	camp/r1d-head/d3/dispatch_not_held.log
c9d4ebebcb25074be6a3b0e0e9698a00924ce43bcd540aae22ec1591fca55e04	43016	camp/r1d-head/d3/done_without_d3.log
535892ed3b157beadc1038c1f6debda27c0fe9a04799c25c0cbe12df716598a4	29052	camp/r1d-head/d3/drain_misses_issue_cycle.log
ff8f3ef85218cbf201444219b74b20f46551857db409355262412e883ecc97e0	9360	camp/r1d-head/d3/drain_misses_issue_cycle_m1.log
84567fb6d136718ae690c27886e87933ca994c01bd7f21360869f98b9be0345b	29170	camp/r1d-head/d3/dyn_not_rolled_back.log
060e023af4f3d22c0684bd8ec40c5855f4a328b794b17cd0e1610332e10d2f96	29361	camp/r1d-head/d3/enable_not_released_by_restore.log
2b1c64692624510509449b5c7ab7c5909fcab419fee0a1b1375458ad5a94c758	28826	camp/r1d-head/d3/fourth_attempt.log
8b135cf956e8d9b743ff73c629aec09858d532eb1797c383f60111a52c96cbf1	8712	camp/r1d-head/d3/fourth_attempt_binding.log
06e4a7fcdec278560b852c65b4c806ad1fc28131008f50dbb8c1452548c229af	29716	camp/r1d-head/d3/frame_crc_ignored.log
4ffb391ba40545bc975c8cbae4cc816248d5c96cb8b6efac3e8a023dc4f6430e	17219	camp/r1d-head/d3/golden-acmp_nvm.log
c6c1ee7fab19cc8b4bf979ece304ed24a24870b0d76391bd4a64b4b5e96ff776	28704	camp/r1d-head/d3/golden-pp_top-adp-only.log
434d4d468ab99974745513064b7a0d7ef274c01e7b9b1f9a9c73376e8fab42bb	29634	camp/r1d-head/d3/golden-pp_top-cuts-only.log
2a1513f1b736d64b3686df9142f7480d6fe63d85c7ac90fe01938c8bf14827d8	28706	camp/r1d-head/d3/golden-pp_top-volatile-only.log
bda90ecb4c56d72142e72cab2df9ae3daff8f352d1c91017809a052e08f43037	28706	camp/r1d-head/d3/golden-pp_top.log
0a5b922486b3ab7899243e5a6ed1c79570301a6f094d559a54c6355d0bb3d45d	5395	camp/r1d-head/d3/golden-rx_validator.log
6a16dd6b326b30139f17a91d0f3d5cbc5df755a2f7d29517b8575a412143e744	29171	camp/r1d-head/d3/held_drop_uncounted.log
4630dcce2dce596451f2d34b21097df867c0d13bdeae0b1c12f434e685b57b32	30712	camp/r1d-head/d3/hold_released_at_go.log
1a24f828e234b5dac8f5aa2c3bc4cb77a3edb96ba22848684aa1f342aed458ca	28860	camp/r1d-head/d3/identify_is_a_change.log
5200ba9a7f2d9541784276e5baa11b6028c24756aea6af4f939091be4a3727ed	28818	camp/r1d-head/d3/identify_survives_reset.log
7e2cd50fbeb1b82b63ee776bc3baca1b46b2d93597145a1717bb72a93f4d45ab	29572	camp/r1d-head/d3/image_unproven_continues.log
e18f6ce3751d92308f1fca18a7a3e77465b3d38647824999edd4257bf1f7de19	8813	camp/r1d-head/d3/issue_arm_cross_intent.log
38ce346897c017c8e8ae1b42ecc06024503942810e343d4de1d5bd8495dcf937	8706	camp/r1d-head/d3/issue_arm_ignores_we.log
2da323d9ea63198361ee692e508cd5361e5fe2690dce411e6f2301d7241ee337	9086	camp/r1d-head/d3/issue_arm_stale_we.log
59a5d8761a911b9962fb6c1f7aa6f192f85ec8c43de7078131324d6f0f72f3d1	8704	camp/r1d-head/d3/issue_arm_write_too.log
48d5ee132dfb0c31696a5c0996cf544dab43db36d660227c0995ab0e8516f18e	28798	camp/r1d-head/d3/judge_wait_unwatched.log
6b295ce543b60a634e9f78442c522c2c71b2f7fc132adbbce7424b9bd36fbe92	28998	camp/r1d-head/d3/latch_ignores_program.log
a957541f20a4a049775aea4a09cc5cd9ff5a49ff55816d36a023504014e2d4fe	29137	camp/r1d-head/d3/lock_survives_reset.log
d40cde7e9ca9e36b457340a2ba8f48973ad43a3f894ead3ed45b96c96c705a9d	28849	camp/r1d-head/d3/name_empty_refused.log
2ce31b70bfaf6f3d11aa1b88bc72ac6092670cab6b7a34fe0f14f143003d7a32	30003	camp/r1d-head/d3/name_entry_shifted.log
b5781d99dc4fa7e5c79b05f23a729b10c02036802f54770a7b699027a32198b5	28855	camp/r1d-head/d3/name_lanes_partial.log
9536e0e3347fd5d42eff83dbc37003a298303f73a62ad7ac13fac3ab37a8b360	31318	camp/r1d-head/d3/name_record_id_shifted.log
94ee9688ac95973b1b59bb69ff87dcfb7d064535f4d2fde8de34422ce803b339	28853	camp/r1d-head/d3/name_restore_is_a_change.log
4d24c391ab5fd5d0a8dd9b3ac72861dbf17e3d651e12f7f972c32c341413561c	28848	camp/r1d-head/d3/name_restore_pulses.log
890d66b7e2ac58e03143bf1c5acc9d13186213d67d9e01442ca56154579e8987	28772	camp/r1d-head/d3/name_rule_ignored.log
240dc5d2d6f26b96f67ebe600d051d8e165946806e1a38ac011a0c8213f1bc7a	28824	camp/r1d-head/d3/name_taint_ignored.log
577dc21eb8c528a16fba5074677d52c0a13476575dc0b663157f3119722bb88a	31194	camp/r1d-head/d3/names_before_the_image.log
13aae1d99cb79be59569ce954970c11a266915c95c0675d05a13a4e64aacb946	31392	camp/r1d-head/d3/no_aggregate_deadline.log
48ed571258f625ce18389fd75dedb03aee09b7f772e5ec2debdffa48f49d963f	8602	camp/r1d-head/d3/no_backoff_binding.log
30d557fe7795222d5e91585055a9f9056ae174cb0f21ca458059f68e5f268ac1	28950	camp/r1d-head/d3/no_backoff_d3.log
d219671052535729527260dca0345ead233910b2ccd52fbbf3135e0c324c5221	29396	camp/r1d-head/d3/no_restore_watchdog.log
68ed926241d34d6ad03f173a9f57d4fb8846d310fa23f0916fcd47259e97dcf7	31087	camp/r1d-head/d3/no_rollback.log
6b8a3aa0afb4fbc633af33eb1b1b8823d10b43bc4d03dffafe3e44f4fdd4b193	29848	camp/r1d-head/d3/own_taken_at_the_walk.log
073179c8ed19b691428a4afdbe05fe723940b7024c0382c0e3bec42f4e791d98	8910	camp/r1d-head/d3/owned_arm_cross_intent.log
b049c14f694c8a1792a1b24ec42e6d6e3f9383721712e142db28feacb88649ed	8706	camp/r1d-head/d3/owned_arm_write_too.log
3704a2acb67e4f880b9c0469a416fe96879e4599bf4b5823dee52a811575967c	28809	camp/r1d-head/d3/pass1_read_not_drained.log
b397652366a3435242b7f4e627acca71b6b583bfd5ef8b2f7319b21c8c556e64	29287	camp/r1d-head/d3/passes_may_disagree.log
c19312452ead2136fa39030b6ddce6b0869b44dc2586b0030873fa6b7cd3b8a4	28806	camp/r1d-head/d3/per_wait_floor.log
93e421fe846ad2a0dbcd3baf20311e87491d6362d9407450136dd647cb91a272	29256	camp/r1d-head/d3/proof_default_only_from_img.log
4597aa8995b4354c87e19a35a613e9bbdbf7dd4f12dde1a738adf515593b6e70	29058	camp/r1d-head/d3/proof_past_bound_needs_fired.log
940b6595ca5f677370e00d07a7ee9741602ddb853da7d15540b00d93f444a536	29058	camp/r1d-head/d3/proof_past_needs_fire.log
b87b914f6ec6c43031080a1fbbaf88df60281c77cc2d7976231217450fa248ab	29854	camp/r1d-head/d3/proof_reads_records_past_bound.log
293fa4b6baa4c40a2765fc027a59086063d01764c80d204c6761b83a7a9349a1	30198	camp/r1d-head/d3/quarantine_released_by_time.log
63d5ebea87ac3a075e8abff257033b29fbe0a84538a08d5417cecd68ce6103c7	28780	camp/r1d-head/d3/rate_walk_stuck_on_first_lane.log
1856161a5b4aae698a44e4364e2df55172ad5e7da4e6f6d927ac34795e6f067f	28784	camp/r1d-head/d3/rate_walk_unbounded.log
f778122714da699c09f7ad46cc531ee782e8cc14e6cc35032a8e4f6819201bd2	29155	camp/r1d-head/d3/registry_survives_reset.log
83601b068fc95fea63069d6726ae6ffb3b943fea1c2cd554e0eae3c4f7e9ba74	28828	camp/r1d-head/d3/resident_never_returned.log
90f8d08ec1f7ecbb29b481a5ba4b46deeed95524c2a549483e43772c5a1def0e	28789	camp/r1d-head/d3/restore_writes_are_changes.log
4c70c27e1e54552b04360f1739b4c381622fc67b1d2bbde71f207199f89aaa17	155146	camp/r1d-head/d3/results.json
5e65589e3436d24f1bf508f4c2acd4993ad88d514c10a6f8a914cb9b4b896c8b	29170	camp/r1d-head/d3/rollback_ignores_debt.log
99a8110f84df1e401b6db8dc7f06f230f4798a943dbf0e6efb6b4f9d077d82c7	28807	camp/r1d-head/d3/rollback_one_cycle.log
dec0a9608dd4c74d96d1b5411a4eb03239bfe3214f911aa5bcf946397a1cc773	29400	camp/r1d-head/d3/rule_ignored.log
faed80257c7a137fd0960c1dd38644c35ee9cdf24dc938ba2a0163692fb4ec95	31645	camp/r1d-head/d3/store_not_cleared.log
5a90f1c05e478a05d2794f96007bc790458fa565ad8d38d5512a4746d865b911	29278	camp/r1d-head/d3/store_not_rolled_back.log
23e9596630bedd09b5821e19b668fb127b39ff649424adac5313adefbfe8f308	28934	camp/r1d-head/d3/taint_ignored.log
04369fb69401a6d7611e727727d40c4537f2748b192e18f3e1c1a1eb90b62c4b	28954	camp/r1d-head/d3/torn_read_not_an_abort.log
21eecfaacd48253c0f1c5fc0f4693cc71284ea03827fdb125d6ff0befd488e69	28780	camp/r1d-head/d3/torn_read_not_an_abort_cfg.log
2170ad41cb38b6a715dba7caa585b77882498bd99926d076e316c40238679dd7	29206	camp/r1d-head/d3/unchanged_compare_ignores_validity.log
9ee64e9378d6f7540846b334ada900d0b27180d01debcea01a36d787b092a1d6	43225	camp/r1d-head/d3/unframed_reads_as_device_error.log
eb1143069219796eed44ccaa175fd081bda3fe44089b9fc41715cbc540fb36b5	31203	camp/r1d-head/d3/valid_not_cleared.log
18e11ad34e0c978cde73965c4f9494016427d2a00b83ccf86b552d7e56bac3ff	5756	camp/r1d-head/d3/validator_admits_held_aecp.log
dcf1a48eed2935acc5f6bb9f55cc66b0aac38ef5c9eb2e809a04d5cd1176a830	28637	camp/r1d-head/gsi/acmpsta-zero-build.log
4d3ff14085b91c19643d4d36ada76613dbdfbc2cd733c94862eb043a3cc54ffc	7366	camp/r1d-head/gsi/acmpsta-zero-run.log
0482cd159500b29dd3fa1d6390b71c75a7b96973d54145b80581a72f81649ea9	28637	camp/r1d-head/gsi/bridge-gate-removed-build.log
3928ee10fa9d015fc3c7e234d1a5feb8a2bea671392462a284bcdb84431af988	288456	camp/r1d-head/gsi/bridge-gate-removed-run.log
398ade5c01ea6feca82daefc3fd906b8d8daed4a1d64a5e50547c43ee09e1e83	28637	camp/r1d-head/gsi/failure-bridge-zero-build.log
9e539ee8d0b1bb772d9030220f57c7f3b42eba0c713b6463c3f77827f53888f4	294360	camp/r1d-head/gsi/failure-bridge-zero-run.log
12b21e36035477a761e4f15a233d6d21bdcd7c034fe753b85238fffdbc84ba6a	28637	camp/r1d-head/gsi/failure-change-redeclares-build.log
7eb1c02a68ef4da9177b6049f2b1187d7d24064691b17f72362f377ff5e1c9bf	218	camp/r1d-head/gsi/failure-change-redeclares-run.log
9e1ea6f88b4ad9d1789166815745e0c8faafe1e152355484b5e463fada2415c6	28637	camp/r1d-head/gsi/failure-change-strobe-removed-build.log
d393056031e17f738d6cfe677898502dec2f8d0a56a116ad05c6c224128cbbd5	273	camp/r1d-head/gsi/failure-change-strobe-removed-run.log
cbfb1aec6f7c5a1cb5b0086d0cd66189666c99be1db58c185c854d3cf9417af5	28638	camp/r1d-head/gsi/failure-code-zero-build.log
8ea022a94327160b310e17e38123b16b1988031418b3ff2c5cfddb99ca50efe9	296368	camp/r1d-head/gsi/failure-code-zero-run.log
29a1e380e789184b6c27db54e69daed6011ae34494a1bce8b68ae647da87ecbb	28638	camp/r1d-head/gsi/golden-build.log
01649316c28a1136c1fae2e48d93c182dc81f1c3d39fd777ca26df1042c32fb6	137	camp/r1d-head/gsi/golden-run.log
4ff4acb141ad86a68057bca47c4dc65084c41d9a7e5cd2776eae8ba59b31af4a	28637	camp/r1d-head/gsi/index-guard-removed-build.log
93e591ab9f5c9cdfd7d8a69ed00e052f6e45e263927309b82a28aa6d17850473	855	camp/r1d-head/gsi/index-guard-removed-run.log
8bdaa4308d5196e58006abac423625d93f14ecf3d8407e07f61d188785b7b1ad	28637	camp/r1d-head/gsi/integrator-path-build.log
407f74907bbba00b08c6951f8327947a7abbd90df0d77833c99772e0d6ca100c	84139	camp/r1d-head/gsi/integrator-path-run.log
b4e2bf7a98c938cb738be02560177c4182e909c95c654e3cb7fb50287ca5d2c1	28637	camp/r1d-head/gsi/latency-cmp-bit31-dropped-build.log
d9bd82057d443c4bda7ebca3a86b50d98e5395e3070a6b1193a7ad3463003fc1	809	camp/r1d-head/gsi/latency-cmp-bit31-dropped-run.log
e2e1a7dee95ae42f87148cad962658fd4f290db109243c41818574367430c1c0	28637	camp/r1d-head/gsi/latency-cmp-high16-build.log
aef4c2ae2a626ae1011b5e834397d3aa5ec27c11b80120f1fae6dc46b6e5d906	10813	camp/r1d-head/gsi/latency-cmp-high16-run.log
e79de2e764d347987300dbb7f155f954a1486a151174517e6a798c09a0eb1759	28637	camp/r1d-head/gsi/latency-cmp-high2-build.log
48b353575c86ba10e83b4440c43c301d483d0c8514bd88d316c9a52362711c52	20221	camp/r1d-head/gsi/latency-cmp-high2-run.log
597d28705cf6d39eaba39f5f08d137833b549eef8bcaad4e0ca6c475ae10f418	28637	camp/r1d-head/gsi/latency-cmp-low16-build.log
582cbf9a3e987c8a2c45bf0b7401e6a83f06d50172c91c2f13034c09b17f9af9	10893	camp/r1d-head/gsi/latency-cmp-low16-run.log
236166897ea4a6506bf903ab563e7e1cff12ad2732dc11ba2f60b424de88d15a	28637	camp/r1d-head/gsi/latency-cmp-low31-build.log
d9bd82057d443c4bda7ebca3a86b50d98e5395e3070a6b1193a7ad3463003fc1	809	camp/r1d-head/gsi/latency-cmp-low31-run.log
621fbc7452d83bf0f30890c68de9c65e4e1cf7639182e49abdf259675b875f4e	28637	camp/r1d-head/gsi/latency-cmp-low8-build.log
2a1c7f984bdc85135348981a3f3368c8c5f4d541381aab4a3febb679b93a8037	16253	camp/r1d-head/gsi/latency-cmp-low8-run.log
4f449cba4f9a5e1b6b870ad53211444c544eeef0ba565cb687dcac07f576c70f	28637	camp/r1d-head/gsi/latency-trigger-removed-build.log
df019d363dd8f8adb31926bbe5feeacb83fdb0b12e78d0d7983a6c37edac0acf	22113	camp/r1d-head/gsi/latency-trigger-removed-run.log
e07b70e7813202822c9470c4aa857d452cc164f93885b42f3b59324b7baa552f	28637	camp/r1d-head/gsi/missing-descriptor-leak-build.log
081af2134bd9a13dfcc3268e508ccba9ef300df2f9b123f0e8e12ee331dc56a8	1561	camp/r1d-head/gsi/missing-descriptor-leak-run.log
72c20351ca84b33b6495d1c6cad5268abb47bf01923f3cbe76f90f20930c4273	28637	camp/r1d-head/gsi/pbsta-zero-build.log
a4619b8025cf1f4642398aafda65ed7a4f1c710ed37ee80abd92141e528ce158	611181	camp/r1d-head/gsi/pbsta-zero-run.log
c66f00e83249c32b4b826d5d4d4a8f6703069030e59a6d3ac9aaf78545c7549f	28637	camp/r1d-head/gsi/rebind-started-trigger-removed-build.log
4ba0f92bf99b851f0c398a4329db0a3e8baa81c0fa0c5af96ca9a56b41361c3c	323	camp/r1d-head/gsi/rebind-started-trigger-removed-run.log
dccdf2f33ba6b7533468e7469db7a3cb5a22dfee3a040472c18ad425417a6f18	28637	camp/r1d-head/gsi/restored-build.log
01649316c28a1136c1fae2e48d93c182dc81f1c3d39fd777ca26df1042c32fb6	137	camp/r1d-head/gsi/restored-run.log
ad0b80b1d716e3429dbdf017341736ed9cddc40313bca392770fdd418c3e5023	4960	camp/r1d-head/gsi/results.json
682f956ad73ba43999c7228d9a5b01937eac013fd59c87c30338ba2f50012b49	28637	camp/r1d-head/gsi/status-notification-zero-build.log
57a03ef320fd32b226aae14d7d760b74eda86a4a1ec9596c8f5d505b9bd74894	266413	camp/r1d-head/gsi/status-notification-zero-run.log
44aad2657b69f517b8a48ff58961b0dbdfeab3ac5132195b5ea3a587bc6195c2	28637	camp/r1d-head/gsi/wrong-sink-build.log
0c70013348451c7ba364e395778539b78e12c482b2abdff500d8942e71a598dd	668276	camp/r1d-head/gsi/wrong-sink-run.log
efb99a5be1d60542b69f14875609770214dc032c481a47ba198474da38259f99	10425	camp/r1e-base/adp/arc-bind-keeps-discovered.log
98c43d278d50736be768213e490240bc825e1948aa6d97e491404d79f8abeb44	5970	camp/r1e-base/adp/arc-departing-silent.log
501a7babdbfec3554dc32806b24b06722e7da1ecd365c785a47a5af5053408f1	6714	camp/r1e-base/adp/arc-discover-no-noadp-arm.log
d8f9e8e83711e498498654ffb9c7fe96faf985f6f7566a9248f18216937ccfc0	6125	camp/r1e-base/adp/arc-fresh-no-rearm.log
8cb0a6b63f8393cac7fb6eede16efe366862933975da99ddbad593ec22b5e215	6274	camp/r1e-base/adp/arc-fresh-no-store.log
5b9622ba478a1c7f916efa73ad77ff6168394bfb11bf223e2a3e76b58c77e5d5	6284	camp/r1e-base/adp/arc-fresh-store-max.log
e285d0ed58a7f722603aad96af1b511d42f3cf916bcff8b40c8ea70c37a20ec0	6284	camp/r1e-base/adp/arc-fresh-store-plus-one.log
e0c7cbfcf81dda29607091f500f2890dac0140ac3121e3c98fc931b69330357f	5944	camp/r1e-base/adp/arc-noadp-expiry-silent.log
b3808dabb798c94ee3414b7fe7812c1a5a63a95fefce2aa4e2bc3159dcf8e9f3	7146	camp/r1e-base/adp/arc-not-discovered-no-guard.log
0135f1a55dc5232a4182eac6954d89730486f71fa05c2f3cb3e08b3edd47d4a0	7526	camp/r1e-base/adp/arc-restart-detector-off-by-one.log
5e52c4777ee8592ed9721f0363891eeb21734e8688aff2517f10276952b95f35	6776	camp/r1e-base/adp/arc-restart-skips-guard.log
ea72335a23594d65c945dfbe6349058164cc07273ee5efceebe7527172096ba2	29614	camp/r1e-base/adp/cfg-dependent-field-top.log
c032a29f40a294fd9a0b46d419965d311683a7f7809e35b27098bc128cd68b8e	6643	camp/r1e-base/adp/cfg-dependent-field.log
30d664dfa7a4b141c361009ce55859488584a6694fc91041ff87181cc4c784ad	29211	camp/r1e-base/adp/cfg-frozen-at-top.log
1d2d604edc101ca2126a61a181605841403c72d2336b13a3bc17dfd323e8c414	29146	camp/r1e-base/adp/cfg-nonzero-for-valid.log
ba792ec6ae83c1d5e8dac0362b467be633a9cdd5d47b21480a06984d70e5075d	29439	camp/r1e-base/adp/cfg-overlay-only.log
56838f5877a6d1c3b9bbdfab3d59253721708cc8a877f9da20901b787a55c2e1	5791	camp/r1e-base/adp/cfg-read-live.log
15342caa16bc0cd119439c41b628f0378e5f2203601b4bce2d4fa356238dde47	28995	camp/r1e-base/adp/cfg-valid-any-selector.log
773816b23157cc68ccf7d76d043ce5a54bbc28feadda2d293d9cadba9c1e3d19	29131	camp/r1e-base/adp/cfg-valid-hard-reset.log
edf02541016536d0452b1378be828b1055f2ab2e90498205e7c0fc971d483e64	29825	camp/r1e-base/adp/cfg-valid-no-reset.log
74f21912b16e0d1bdb889357d02f8ef38dfc00df40a73c2bc839e85adf146683	29522	camp/r1e-base/adp/cfg-valid-not-sticky.log
8f212829a7357fd6f69d748e63f46f563703ad07eff41dfff6932cbf57110705	29248	camp/r1e-base/adp/cfg-valid-ucpu-bus.log
36dbd910835ec880e737a4f787661f8ef43a22cf686fb4194c6fea693259b02b	5656	camp/r1e-base/adp/control-adp_engine-run.log
2ff7b6608114f47ed36dbd53054ae8cf88fde4f163af723251552e3703203b6a	28892	camp/r1e-base/adp/control-pp_top-adp-config.log
00a8c09b1b799909a6c951cc85648495d39fa6b1f5acb6bc7e5dffdfc6924106	6060	camp/r1e-base/adp/disc-departing-ignores-interface.log
5b27e30a80b1888253fcefbadaedbc443ea2458c93811f49bc3f1ca3cab61f76	6586	camp/r1e-base/adp/disc-fresh-checks-gm.log
7c690c17846935094b5a0de32a3febb6f127f02be0c8c4d7ff15374dccd9646d	7598	camp/r1e-base/adp/disc-not-discovered-checks-index.log
cd4888b845a6d2bc09d8c25fe6f54ee9a5e60e2585e65af5568cb6c067568448	6130	camp/r1e-base/adp/disc-not-discovered-checks-interface.log
9f4ac4ed6708271b03049f36347c58e614b9b143fd4df6391c263fc8d6aa10b0	6768	camp/r1e-base/adp/disc-restart-not-rediscovered.log
34110a5e08167500c9ee454c87b6357eb3ff3bbb839ec2ffbcd2d1f75bda51c1	5843	camp/r1e-base/adp/disc-stray-noadp-departs.log
5fd6d5d80389995856fccc2b0fae0df93b6073a0b248ab2fa3739f92b74e8ab8	5793	camp/r1e-base/adp/disc-unbind-keeps-timer.log
26e1604a110b5bff0d7ef614cf4da270f363445e2f3f502eed7043d215e8c680	29489	camp/r1e-base/adp/gate-enable-dropped-top.log
5c2873b45183ec56daa4a7132455842d35c2760cc1ca6d640209894582697b71	7211	camp/r1e-base/adp/gate-enable-dropped.log
59c04fc45f70b248fd0cfccece68ebe9cd6e7cdbef11d1e783ce3a2167751080	6432	camp/r1e-base/adp/walk-delay-answers-discover.log
687d2ed6ad4a826898113b368d2c768947e45e52e830594444c4772d2d3bdf59	6150	camp/r1e-base/adp/walk-delay-ignores-link-down.log
05d8cb879cc1ceb71ed7929f5d269d12bfd4ea5dab64c34a065dd4248e497cfb	5969	camp/r1e-base/adp/walk-delay-shutdown-silent.log
ce12db82e01cd8a3f1bbc99bd06427f40855b15a0e6be4e3491e8ff60435a348	6058	camp/r1e-base/adp/walk-departing-keeps-index.log
da8d9e3b0343eeea28563babe2a58a31171cc5978bdb4e13ed20d2e6d25ad027	7190	camp/r1e-base/adp/walk-down-answers-discover.log
63c82a18eabce5ef1439c05805352119667cc32fd8453f4de39fe8af3c16d739	6322	camp/r1e-base/adp/walk-down-answers-gm-change.log
f8e21c87ba48ab385dd30f54924d3b0d189d45bc524ea50df68ce4e06256c5ba	5742	camp/r1e-base/adp/walk-down-shutdown-departs.log
a1ab0a685aa5096854954a2aec7d304294e8e3a23a0855112c67bbab36e3a2ed	6193	camp/r1e-base/adp/walk-foreign-discover-answered.log
fa8ca49e02a79f3efc461e0ba72a3589208207f2f48fc090e6717404d32f5c23	5883	camp/r1e-base/adp/walk-link-down-keeps-timer.log
e8fd4402203b386ac8b6e4ee49ba10201dd3365fbadf9921a9ebb05284dfa134	6139	camp/r1e-base/adp/walk-stale-draw-arms.log
3400b21780becb39bd3e789029e559806af1fa93cf6ed957e1c8036a32f3846d	9373	camp/r1e-base/maap/compare-mac-forward-maap.log
18bafc254be6dd620cd6e43e92871f295d6f6e818a7eefd5745f3d8af22592ee	29164	camp/r1e-base/maap/compare-mac-forward-pp_top.log
d1366cf6a0562f2eeb4c0ce1452d85c198c9c98efdc2587e06d9ec1557d9fc9f	8870	camp/r1e-base/maap/control-maap-run.log
425c7b0272c6c2bc8463625027b32e08958132a4d0633d2c074d9ee438b1efd8	28900	camp/r1e-base/maap/control-pp_top-maap-internal.log
194c29a7cec32172ad34f4d8b7c384a3f6e28246f64cac4e4cd804aeeb6381c9	5586	camp/r1e-base/maap/control-rx_validator-run.log
284e99d39699f5d62cd8b91b24adb2d642496bbfc7db539c3d78c77f74586438	9351	camp/r1e-base/maap/defend-rdefend-ignored-maap.log
caaf857480e5ccc665301d275b0700b17f604f010fd462f77929128c47dd3ea6	8992	camp/r1e-base/maap/defend-rdefend-no-tiebreak-maap.log
8d16a519de7d826618a2a38acac22bf5774a64d5e5579e2f0f9b2ecd173db24e	9376	camp/r1e-base/maap/drain-waits-for-the-link-maap.log
a1bb60b1fb76b9253030b4b0a216a308458005e0cc50fb180c5bf744bdf6f347	9642	camp/r1e-base/maap/fit-compare-forced-true-maap.log
795804e5f833d984a6b3e93f79c733e8bfb04f771f7209599fdba78770b979e6	9366	camp/r1e-base/maap/fit-compare-off-by-one-maap.log
fcc51b2d0d8910c21b62425c583b09a10d084fae7aeefba70f7b894794aea796	9202	camp/r1e-base/maap/idle-serves-a-latched-expiry-first-maap.log
1874d6527c37c92529b43a951decde25cbcd516274ed58b27b117e4e57544b5b	9646	camp/r1e-base/maap/ival-sends-after-release-maap.log
aa8c48e9ddf4c4741a0edc312ead0da7386b1390dbbbee555a570b501f84f112	9488	camp/r1e-base/maap/off-waits-for-an-edge-maap.log
3cd2a1480d243699462c7488f43ddf75f3eab7bb596652b20d8f89b1da32c72d	9254	camp/r1e-base/maap/post-publishes-after-release-maap.log
0b0d5f09e5f8afe41c92e43e4d03e67ffef81f93ec3f999707ae642edb2a1c84	9307	camp/r1e-base/maap/probe-rannounce-tiebreak-maap.log
bf9c167515a0c3402e700eebd519c0d8894dd5ecc9b3b4d0eacd9009e83a6861	9046	camp/r1e-base/maap/probe-rprobe-never-yields-maap.log
f5f2bdbfe6c179784c50f002a05d87d94f168c4c99abee9647e663343056479a	9553	camp/r1e-base/maap/release-keeps-draw-mark-maap.log
0807f189ec8ef9bb4d715a740a4931ff21cf65f1c2f2845c600f304218e2ba3a	8991	camp/r1e-base/maap/release-waits-for-draw-maap.log
f8d8b63f57fe89aeaee23895410e861296f11054fee02b0fddef62508aacaf5c	9091	camp/r1e-base/maap/rx-release-returns-to-idle-maap.log
1367d7d6ef9256269c67beaf837aa871c14b18d6b7290c516d8965368944508b	9032	camp/r1e-base/maap/seed-clamp-off-by-one-maap.log
33bc3e3e1b761f78eba31ffd01fef0854dc37a35d57a47863d5161c7b10813fc	9645	camp/r1e-base/maap/seed-clamp-removed-maap.log
cd392deb122288b72795798f8873ef3fb62fb9803fbaf86e80c84ec07da34dbc	9051	camp/r1e-base/maap/seed-rearmed-on-idle-release-only-maap.log
a7ecd000ec865dd3623328bc39606cf868d9e3b6c884f0238458d5029426a702	8990	camp/r1e-base/maap/teardown-keeps-announce-timer-maap.log
e8ef83c198379de6d27a2c987b30cc05d50fc2b0fd7dcd0d1da31caca50dadd4	9661	camp/r1e-base/maap/tx-path-absorbs-release-maap.log
bea13aa158e6d2e6e5c8c87fec5bc127952fa4f72efbc719a6e0d576b48ce1b9	9201	camp/r1e-base/maap/tx-set-omits-alloc-maap.log
8a1b6488913a77fd1da385a2d7054fe94e95372906173474dddca207502ec8d1	9201	camp/r1e-base/maap/tx-set-omits-commit-maap.log
0f3ae5fa65bef808be2d84e5e2b0255be028fed8cb49918da0b877aef14875c2	9201	camp/r1e-base/maap/tx-set-omits-gwait-maap.log
e291ebbebcfbd5e7976a316e642e9149677252ea85db9a8472a95d13c564fa2d	9407	camp/r1e-base/maap/tx-set-omits-lane-maap.log
8f43cb2493e4e3a00ddb75f09dc9ef30163b9ffcb1dcdc896239d0e3e1c7f7a4	9497	camp/r1e-base/maap/tx-set-omits-write-maap.log
61e679edc336be826a686190b65a09ad27041960e75c0e1a1bcb9147930419b7	29585	camp/r1e-base/maap/validator-maap-version-1-only-pp_top.log
37d2314446109736a6c051529dbe4d13d0c09fed811ea0ac275f7c0ca85053ad	7640	camp/r1e-base/maap/validator-maap-version-1-only-rx_validator.log
11eb7c98dcec69d71315465f157d0a460e2fb4a5346cfd552ec6ca8afc877c56	9443	camp/r1e-base/maap/yield-reuses-range-maap.log
56fa276c68815c8f9a893f50f26645ea4ad6078d2c5c21c763568c5b582afa5f	10425	camp/r1e-head/adp/arc-bind-keeps-discovered.log
885bcd9305c3ad8e6b120509f811be560ab2bf78769c1c69171eab2aebda6234	5970	camp/r1e-head/adp/arc-departing-silent.log
0b4c660413fddfe96dd33315be61790b4eff09866c54bf39c11d95c724e3ac60	6714	camp/r1e-head/adp/arc-discover-no-noadp-arm.log
dca168a88b5b4403907a6778ee97b2f97bb390ebb633952c0bb275355bd9d843	6125	camp/r1e-head/adp/arc-fresh-no-rearm.log
24ce5132c21d89231ee8a6da84bf187df25f37437d0a49bede3073885a8467e5	6275	camp/r1e-head/adp/arc-fresh-no-store.log
5f466ac4f796d2e568bf4e70826f7843158b6a5c3a9d3ac4064ca2e1fbdd1044	6284	camp/r1e-head/adp/arc-fresh-store-max.log
054847e43874c73b4b0d8b04c9e077e183d1f24dbaa08c258f88039e64519dd7	6284	camp/r1e-head/adp/arc-fresh-store-plus-one.log
9edd179d8a18900e440b222f89657f8b291cbde73361d74d9e53609ead8d8e21	5944	camp/r1e-head/adp/arc-noadp-expiry-silent.log
45824b50b1a1489e56762efcc1558349dea292bd5ef027b371ecd035df84839d	7145	camp/r1e-head/adp/arc-not-discovered-no-guard.log
9c85c6610726c368f561e2cb3dc38ba626e2e1813148c779c8bd8d41f90d727e	7526	camp/r1e-head/adp/arc-restart-detector-off-by-one.log
a8cb264c2e7cebc9bfb0b5df2dd7a03d1f9702de3e252ddffee09420fb12d0a5	6777	camp/r1e-head/adp/arc-restart-skips-guard.log
e39838e53a338279b45e7de0c4d4a7dfe2d97464f1f51ebddadc2129e2250302	29614	camp/r1e-head/adp/cfg-dependent-field-top.log
97dc00a84d81bb86dcff07277a61ac45a5372c5389a9edb74b0cebdc28f2c816	6643	camp/r1e-head/adp/cfg-dependent-field.log
145c7a831f9b7e5ad93bf838ab5c783b4b4633b4b471ac2cc13d4c12a9cbed52	29210	camp/r1e-head/adp/cfg-frozen-at-top.log
d5fb618e06c4210ef265295945b1688a067c09531ea70d9192e70ac294da2b00	29146	camp/r1e-head/adp/cfg-nonzero-for-valid.log
8418436b7a774aa53e94cfd0e707e25325d4f5add0f125e46c64007f65b3d6c8	29439	camp/r1e-head/adp/cfg-overlay-only.log
bc378dccbfa1332553628a59493c326939eddaa951f0a8531528b03aef14b77d	5788	camp/r1e-head/adp/cfg-read-live.log
d9213eea62314425fa142ec902860282d27ebeaed9edefac45bfb8ad833174b6	28995	camp/r1e-head/adp/cfg-valid-any-selector.log
e6bd722532d944243c5f58698ca70bdf16b12720a00f78087cac86a583d7c41a	29131	camp/r1e-head/adp/cfg-valid-hard-reset.log
d2f76abf8d41e1fa73de95b84e9618cf71163da5f339e2a18315844bdb34b9e8	29825	camp/r1e-head/adp/cfg-valid-no-reset.log
7bdbc9fecd556400d0613721f7f816f33f15029cda74e7a2378b24c1bded38c7	29521	camp/r1e-head/adp/cfg-valid-not-sticky.log
5dd495e7f49f3e4181d38c39aa5cd0c4d78683d6accd23eed96d1a86dd3afeb8	29248	camp/r1e-head/adp/cfg-valid-ucpu-bus.log
020956da236bc0d5b44a12a01f7e07ac5adf0f1e1a7206e2a0d6b742afbeb590	5658	camp/r1e-head/adp/control-adp_engine-run.log
0c4efff04565af3d3e5d60158755d31fdf0a38db3b821b3baef60ff22b78fd18	28891	camp/r1e-head/adp/control-pp_top-adp-config.log
17071254fc9437069baedb18070ebf1bd654d7100d3c0e50cd1baef25b4dac37	6060	camp/r1e-head/adp/disc-departing-ignores-interface.log
55ed0603b29097795088b3295a753c3f17724241e2e11ae4b4d224860eaa0e21	6586	camp/r1e-head/adp/disc-fresh-checks-gm.log
c91476d43a0e91961dedba8f5176fcf9924dee9c5e5850f65a16a8b77946ac51	7598	camp/r1e-head/adp/disc-not-discovered-checks-index.log
b4745f0ac9082b223d9b50eec69e67f7afd8e8200d879349e6b9b4d42036f55f	6130	camp/r1e-head/adp/disc-not-discovered-checks-interface.log
ceb70b0007431fcf5a8fb4c1e1652a12ebe2bfdba4fc0c014e297f731e0b3666	6768	camp/r1e-head/adp/disc-restart-not-rediscovered.log
bc2919eb5a5cdbd5ab6bdf4152b5fa1b99270812f86cd3a42c3765fa17fe3490	5843	camp/r1e-head/adp/disc-stray-noadp-departs.log
e90283acac0c7c2c4669227d0d01a4d8b6390962122c23554ca527250485e60d	5793	camp/r1e-head/adp/disc-unbind-keeps-timer.log
4925ccb5660552c8113cf6f6543da59735e110d4aea0914229bad3578306aabd	29490	camp/r1e-head/adp/gate-enable-dropped-top.log
52bd18df93abe7084b2f4f5a65c5d796c7b5f69536b2aa3bc16a45404ef12298	7211	camp/r1e-head/adp/gate-enable-dropped.log
0867a3ee93806465a5786fadc7fe7bce09544dc2290858d5042ac41532aedfa3	6432	camp/r1e-head/adp/walk-delay-answers-discover.log
b5afbbae562bf1c46aaae62cc68950643e070a3bf1aa1597ae98b870a5b000ae	6151	camp/r1e-head/adp/walk-delay-ignores-link-down.log
f1015c7e496dfa72db589f2a293ba30f9b9137fb27078e77de51651db1b0b912	5969	camp/r1e-head/adp/walk-delay-shutdown-silent.log
34aea8973ac3568381ade3d13d7216343d200ed6647177670764a90c319d4329	6059	camp/r1e-head/adp/walk-departing-keeps-index.log
004856b114fbb9e6b588374ef6a9e07198ae0d47454d91b82eac77d2dc3644dc	7190	camp/r1e-head/adp/walk-down-answers-discover.log
38c80c3266af2389684344f91b9dd9ede0af846f2063aeb36cd81e1bdea6240c	6323	camp/r1e-head/adp/walk-down-answers-gm-change.log
46da3df1eca36ebf008474bedbe76538a903625c0ef85f0c7044a51618aaee9f	5742	camp/r1e-head/adp/walk-down-shutdown-departs.log
dbaeca521ce7d91888c51212b9256700beec1850560fca04ce9be8bc9a9ec982	6193	camp/r1e-head/adp/walk-foreign-discover-answered.log
f515a4de7264b294281a4bd8a4277ccfb5f499a6d14b48c48a483f0de67e5af2	5883	camp/r1e-head/adp/walk-link-down-keeps-timer.log
cba034a649459469564d70095bea686362bfa339dfed4e2d0230b8ecf36527ab	6139	camp/r1e-head/adp/walk-stale-draw-arms.log
2687dfa8800a5dc9ae767374df681ff16a30cc6bd61b13fb04ad656c4a7a00ee	9371	camp/r1e-head/maap/compare-mac-forward-maap.log
4194bef49ef13c05b95eb71ac2a2ef66d804030aca22e82e0f28eebaa3008a7b	29163	camp/r1e-head/maap/compare-mac-forward-pp_top.log
08ea0df088568ff08df6847f58bbfb4df04cc74b945d1093a89d2adf41126031	8868	camp/r1e-head/maap/control-maap-run.log
f619555247f3400ada183a60f66fd7f77ae7f046ebd9cb6ec89e664e5088b7cf	28900	camp/r1e-head/maap/control-pp_top-maap-internal.log
cf4cf1402eb911750251e70e9d4eb52ba4ac18cc2c1e26210384544524b1537c	5588	camp/r1e-head/maap/control-rx_validator-run.log
a69d9d50d8e12f4743f30b29adc57029dd732cf0c9906059a40bdadec0b6d161	9349	camp/r1e-head/maap/defend-rdefend-ignored-maap.log
3ead21fe5de2c1d2dc7a3694a156504c63617c95587010b58b366999296cb022	8992	camp/r1e-head/maap/defend-rdefend-no-tiebreak-maap.log
d0bfbb94bf548e827e34e047eb2314ced312853d2b280ede3d9121f2be55af72	9376	camp/r1e-head/maap/drain-waits-for-the-link-maap.log
014944a13c53746e2645544688d76d494dfb7dd8e60cf5f9e3ad2130e7adc15c	9642	camp/r1e-head/maap/fit-compare-forced-true-maap.log
1aac0b104088134e9273b302f1e8bb72bd7abbe2ec21a451a563f3f1a9e34ed8	9368	camp/r1e-head/maap/fit-compare-off-by-one-maap.log
7f8df6800a709caa85178406dd61670b78faaa0273642bc0341a549bf23be942	9202	camp/r1e-head/maap/idle-serves-a-latched-expiry-first-maap.log
9858e9fbcdc397ba7f04c2f06f544bd0bdad7cdf0f056878cae32225841097f1	9645	camp/r1e-head/maap/ival-sends-after-release-maap.log
fbb38089befb27075ec6051985c774b6cbb4a80dcdde1ecf2d559b9949dd8173	9489	camp/r1e-head/maap/off-waits-for-an-edge-maap.log
abf9b8c9c81c3eec31f1c48e4ef2fb0fcaaa2078328f884aef744013b6c1cfef	9254	camp/r1e-head/maap/post-publishes-after-release-maap.log
1ce6dd378cb6cc07626b1fbefa7cc397ba6411278bcf983bb7ac262dba29d218	9307	camp/r1e-head/maap/probe-rannounce-tiebreak-maap.log
968505cb16d3069eab39c9a7a00cf3fd5f9dc38149fc0525858eaa7149624db7	9045	camp/r1e-head/maap/probe-rprobe-never-yields-maap.log
c17e066a42cef89d8cfb569806c19f70bc7df98757524549631ae47d95bb0a2f	9553	camp/r1e-head/maap/release-keeps-draw-mark-maap.log
d4d0fb850a7760617617a8b0fc7d8d7ec539b878152e83e8cb7ed0d99f0e3c15	8991	camp/r1e-head/maap/release-waits-for-draw-maap.log
e07c597aff6879d60102439927d5937e7b7b475988b47b2959f2841b6a27de57	9091	camp/r1e-head/maap/rx-release-returns-to-idle-maap.log
d3c6afb700f36bc2b2a88c7aa546aa07caf9835e42e23037cb527476a4a86519	9032	camp/r1e-head/maap/seed-clamp-off-by-one-maap.log
a4ba8f88dbb3d53752c57b23209e0e3589b312d548510edb0ec186a9c41d055d	9645	camp/r1e-head/maap/seed-clamp-removed-maap.log
c47b23c5d8d549600163061dea645ed595fbdd41b6792e7a7c42ec5a389310bc	9051	camp/r1e-head/maap/seed-rearmed-on-idle-release-only-maap.log
913535dc96567a3778a0b4808e4c63686510c87ee65065954127a32f7f319d20	8990	camp/r1e-head/maap/teardown-keeps-announce-timer-maap.log
52984fe5572642c2c8c793f83c64fe59ef442f3a9cccf6d0fa6b323f7ca50b82	9659	camp/r1e-head/maap/tx-path-absorbs-release-maap.log
c8ddc88c0eba726392b66d099b19e17f68ee323b3a048b909754f175c96c1229	9201	camp/r1e-head/maap/tx-set-omits-alloc-maap.log
30e0822b0641746c534667358bde9deee6a98f28b910921bc0b8ab5b212a0159	9201	camp/r1e-head/maap/tx-set-omits-commit-maap.log
21d6d31dba3db3dbc8f2278c4df79f8f75f29fec0f484b9f6f8801f13fb0642a	9201	camp/r1e-head/maap/tx-set-omits-gwait-maap.log
501b0c1be58196fa889d532cbddfa97da0d5c191022c4c7855ad1df65bbd9266	9407	camp/r1e-head/maap/tx-set-omits-lane-maap.log
a67a9b5b97b71016d3cfd4421fc7f9c1b99e13ac0d7cfa4d8bd34111be54b483	9497	camp/r1e-head/maap/tx-set-omits-write-maap.log
8b0b82320108dadef9bd88438681ecc166f9e82130e3de203babc4aef78358aa	29586	camp/r1e-head/maap/validator-maap-version-1-only-pp_top.log
6358c8318fb1732fabea3ad52a52175d2fad9bc2c326e3c257048218f467342a	7640	camp/r1e-head/maap/validator-maap-version-1-only-rx_validator.log
06c9d61c3dfca8158cccc046da5e2824b1bf39d61cb7c754ac49f3e4baf2c689	9443	camp/r1e-head/maap/yield-reuses-range-maap.log
bc1bde8b6a8b1e7fb812f8162f55d0bcc7b0df8647a8c5d5e9f13340fe7d2d2c	666674	logs/r1c-aqtrace-base.log
4d5663d419cdb961d070fe31e00bc89b0213a6ff18030767655e1e3212731cc4	666908	logs/r1c-aqtrace-head.log
f98d2eef00618e0a89a94d73c708561dc16b61a490b16188305e7adcdf63d1f6	820000	logs/r1c-aqtrace2-head.log
7197613178b29b490fde5b7671de702785980e82a19426a279cb9a92a1e52f71	790539	logs/r1c-aqtrace3-head.log
a541889c06e6e419fd015318f70750bd424e2558cca77169138afa9842f69c31	2904	logs/r1c-base-camp-acmp.log
9a271f2a916b0b6ee6cecb2426f0b3206ef074578be55d9bc94f6f3fe3ab86aa	2	logs/r1c-base-camp-acmp.rc
804bee17f16ad48725553fee6280b41407b36bb353c7afc2d954d58cb66bb2ae	849	logs/r1c-base-camp-acmp.time
53d881784de32314b33d1e973813dacb1f3d85468dc2d1e6e94b1efe1d5ab698	78512	logs/r1c-base-camp-aecp.log
9a271f2a916b0b6ee6cecb2426f0b3206ef074578be55d9bc94f6f3fe3ab86aa	2	logs/r1c-base-camp-aecp.rc
19678effa958a4f227a1e7ae8939d8a2eeb49c3cbb38487749a394fe32a63bd7	851	logs/r1c-base-camp-aecp.time
0fd23cc6151456beb54d51c9238ed820de4af232423cd4ec1789f6ee6c8cbdc5	11104	logs/r1c-base-camp-ctr.log
9a271f2a916b0b6ee6cecb2426f0b3206ef074578be55d9bc94f6f3fe3ab86aa	2	logs/r1c-base-camp-ctr.rc
fd07d13c77229992493c6dc51505dfd1ece455baafe25ca91eb453433aa9c9fd	847	logs/r1c-base-camp-ctr.time
055560a7d55d359d9281385f1d47fcddba0b082ac963195a2ce4201fdd4efe7a	2550	logs/r1c-base-camp-name_wr.log
9a271f2a916b0b6ee6cecb2426f0b3206ef074578be55d9bc94f6f3fe3ab86aa	2	logs/r1c-base-camp-name_wr.rc
466d54a481600f3b763f8c1fad9d197145175a4ac3fea49645dcf907619919df	830	logs/r1c-base-camp-name_wr.time
b8ba84d353b6a394ba8baeed0a6baa9bdc68d2aa42d19e27400fbc2041c16951	3855	logs/r1c-base-camp-notify.log
9a271f2a916b0b6ee6cecb2426f0b3206ef074578be55d9bc94f6f3fe3ab86aa	2	logs/r1c-base-camp-notify.rc
e200dacd2887c764802c2a2ba9c471b1312c35ea9ed3b42ede31e7b688b15ac9	850	logs/r1c-base-camp-notify.time
7a2c98136a0892f195fa6a08ad82dfe7e36e8a81d0732cb304584f31e966e097	33	logs/r1c-base-gen-matrix.log
9a271f2a916b0b6ee6cecb2426f0b3206ef074578be55d9bc94f6f3fe3ab86aa	2	logs/r1c-base-gen-matrix.rc
b6fc9fefd7cae77924891993bc18a2474a050298019afd866971718a07090182	761	logs/r1c-base-gen-matrix.time
9a3703ba1ec6767b277e9d5102c94a93fe107454da19d13cab518ba312cd1e81	1056	logs/r1c-base-lint.log
9a271f2a916b0b6ee6cecb2426f0b3206ef074578be55d9bc94f6f3fe3ab86aa	2	logs/r1c-base-lint.rc
c06fc34fe22e7336a7f993ab1b9491d5cb1d29b956b9c282bd13a315dde853ee	755	logs/r1c-base-lint.time
3c4e7e8f894c288f177d3522903c4416a422a116b34d047e686e64e41bbc94ef	226	logs/r1c-base-make-check.log
9a271f2a916b0b6ee6cecb2426f0b3206ef074578be55d9bc94f6f3fe3ab86aa	2	logs/r1c-base-make-check.rc
4576ec6b1b4331550b817f8201693770c275d2d1cc189953b9f546089fd54eb5	761	logs/r1c-base-make-check.time
23dc4a1dcefc8849b1111d61ffc263bd2e2331212a0ed597a7ae079a27b66b01	303	logs/r1c-base-out-aecp_notify-idn.log
9a271f2a916b0b6ee6cecb2426f0b3206ef074578be55d9bc94f6f3fe3ab86aa	2	logs/r1c-base-out-aecp_notify-idn.rc
c43d28c62500b4133263444e2bbc657e9515dd19b125c3180ac70f15973fdaf0	38	logs/r1c-base-out-aecp_notify-sim.log
9a271f2a916b0b6ee6cecb2426f0b3206ef074578be55d9bc94f6f3fe3ab86aa	2	logs/r1c-base-out-aecp_notify-sim.rc
120859d7b33bdb6c252b90fc54c8fa0b7e8f3fa7b1bfa7a2c4f0077e78c5b706	835	logs/r1c-base-out-pp_top-aq-only.log
9a271f2a916b0b6ee6cecb2426f0b3206ef074578be55d9bc94f6f3fe3ab86aa	2	logs/r1c-base-out-pp_top-aq-only.rc
710286149f1801fb11ffdf60a2dd9c8362f5d56eaeeff24e44e15920657a55ee	3259	logs/r1c-base-out-pp_top-default.log
9a271f2a916b0b6ee6cecb2426f0b3206ef074578be55d9bc94f6f3fe3ab86aa	2	logs/r1c-base-out-pp_top-default.rc
43e554cbb0ebe060fe4d4ef514e34081ae8705ecc0be9758609d55eb7550e9fc	2418	logs/r1c-base-out-pp_top-idn.log
9a271f2a916b0b6ee6cecb2426f0b3206ef074578be55d9bc94f6f3fe3ab86aa	2	logs/r1c-base-out-pp_top-idn.rc
4846131009cdf5e400f6dc24896c860350d1c68367dc235ac4d3e4577723fe71	112	logs/r1c-base-out-pp_top-line.log
9a271f2a916b0b6ee6cecb2426f0b3206ef074578be55d9bc94f6f3fe3ab86aa	2	logs/r1c-base-out-pp_top-line.rc
fa821477bd1964e3d702ebe25f277db3ffb047f269255f644c2a7ab842acddf0	239	logs/r1c-base-out-pp_top-tdf.log
9a271f2a916b0b6ee6cecb2426f0b3206ef074578be55d9bc94f6f3fe3ab86aa	2	logs/r1c-base-out-pp_top-tdf.rc
7b6c1614df650de273bc52001c5a55fa52a226266efd96f07c8150b37013ebf3	2010	logs/r1c-base-out-pp_top-tim.log
9a271f2a916b0b6ee6cecb2426f0b3206ef074578be55d9bc94f6f3fe3ab86aa	2	logs/r1c-base-out-pp_top-tim.rc
1d6674d013214e4d9f5038422ec6d0b2149141f47080c59776be4503d841eead	87	logs/r1c-base-out-pp_top-vid.log
9a271f2a916b0b6ee6cecb2426f0b3206ef074578be55d9bc94f6f3fe3ab86aa	2	logs/r1c-base-out-pp_top-vid.rc
925b0701745a2be8b800c23e2ba31add4d02b1afeaa8a3bd385e2ef32e5dc430	1750	logs/r1c-base-suites.log
9a271f2a916b0b6ee6cecb2426f0b3206ef074578be55d9bc94f6f3fe3ab86aa	2	logs/r1c-base-suites.rc
246b20b1b9839acfff42077b4138e731be0ef3d6da6a9d59e2846a6185173bc9	778	logs/r1c-base-suites.time
5f0280ec26c89eb7401c9f64c6986bfc579bc1f544fddeb665bf0d25c875c53c	3548	logs/r1c-base-yosys.log
9a271f2a916b0b6ee6cecb2426f0b3206ef074578be55d9bc94f6f3fe3ab86aa	2	logs/r1c-base-yosys.rc
a2cde9ce6b5b4bc5e8635b039edf343f9b7482d6c753b80a7feac6311dd59248	762	logs/r1c-base-yosys.time
f4e053e988e6764ad8d749409817d17e931f8a2be1df75e6f0663a987bf2d7b1	2904	logs/r1c-head-camp-acmp.log
9a271f2a916b0b6ee6cecb2426f0b3206ef074578be55d9bc94f6f3fe3ab86aa	2	logs/r1c-head-camp-acmp.rc
b5f22b51ced2f4a023697da7d92b3ca703dbcd2c276410e11bee78a8149cd51e	850	logs/r1c-head-camp-acmp.time
53d881784de32314b33d1e973813dacb1f3d85468dc2d1e6e94b1efe1d5ab698	78512	logs/r1c-head-camp-aecp.log
9a271f2a916b0b6ee6cecb2426f0b3206ef074578be55d9bc94f6f3fe3ab86aa	2	logs/r1c-head-camp-aecp.rc
2b8b9ffdc922a622979c47b594c33098f443dfadcd49352d808f7fcfe9a110c0	850	logs/r1c-head-camp-aecp.time
dcd55eac8ffb06c36b2366e59a0ef5c517271e7751a3e948aa650dcffa178570	11207	logs/r1c-head-camp-ctr.log
9a271f2a916b0b6ee6cecb2426f0b3206ef074578be55d9bc94f6f3fe3ab86aa	2	logs/r1c-head-camp-ctr.rc
fde201d5e84e7ba11bcd9610c6c475ed507be5ff3d4419403447cec6dbe6b676	842	logs/r1c-head-camp-ctr.time
055560a7d55d359d9281385f1d47fcddba0b082ac963195a2ce4201fdd4efe7a	2550	logs/r1c-head-camp-name_wr.log
9a271f2a916b0b6ee6cecb2426f0b3206ef074578be55d9bc94f6f3fe3ab86aa	2	logs/r1c-head-camp-name_wr.rc
2bdde4220f611213a7d6a2b20de5a4a0d95120401055f06766cc33ad305dfe59	830	logs/r1c-head-camp-name_wr.time
155b68f57f4e45f697807ae00275f0dc9f39423a36d423890d0699850354977e	4380	logs/r1c-head-camp-notify.log
9a271f2a916b0b6ee6cecb2426f0b3206ef074578be55d9bc94f6f3fe3ab86aa	2	logs/r1c-head-camp-notify.rc
2d293b86e97e4eef24f01ef0e92abb44697bb8cc68ee4ac40b9d4024a5518549	855	logs/r1c-head-camp-notify.time
7a2c98136a0892f195fa6a08ad82dfe7e36e8a81d0732cb304584f31e966e097	33	logs/r1c-head-gen-matrix.log
9a271f2a916b0b6ee6cecb2426f0b3206ef074578be55d9bc94f6f3fe3ab86aa	2	logs/r1c-head-gen-matrix.rc
c7b1ff062a1858cb5a67891e30d50c2076cd579ac7d8818a755d552f3995f2f4	761	logs/r1c-head-gen-matrix.time
9a3703ba1ec6767b277e9d5102c94a93fe107454da19d13cab518ba312cd1e81	1056	logs/r1c-head-lint.log
9a271f2a916b0b6ee6cecb2426f0b3206ef074578be55d9bc94f6f3fe3ab86aa	2	logs/r1c-head-lint.rc
1e5ba2a2c094fc35219841419ddc98d33b28eca2191f9b140288c6e57d2f8ceb	755	logs/r1c-head-lint.time
3c4e7e8f894c288f177d3522903c4416a422a116b34d047e686e64e41bbc94ef	226	logs/r1c-head-make-check.log
9a271f2a916b0b6ee6cecb2426f0b3206ef074578be55d9bc94f6f3fe3ab86aa	2	logs/r1c-head-make-check.rc
5a117a2052a62043565963e76605618c7e0df65571d97ad334100d52dacdb19e	760	logs/r1c-head-make-check.time
23dc4a1dcefc8849b1111d61ffc263bd2e2331212a0ed597a7ae079a27b66b01	303	logs/r1c-head-out-aecp_notify-idn.log
9a271f2a916b0b6ee6cecb2426f0b3206ef074578be55d9bc94f6f3fe3ab86aa	2	logs/r1c-head-out-aecp_notify-idn.rc
b2c564431c1cefecffedd624699e2733bf90ed411df24e7b3d010b710011bb9f	208	logs/r1c-head-out-aecp_notify-sim.log
9a271f2a916b0b6ee6cecb2426f0b3206ef074578be55d9bc94f6f3fe3ab86aa	2	logs/r1c-head-out-aecp_notify-sim.rc
e77d9a4201cdf50fc414e20cc31a74cfb0c4d4869f38c76a700ef0ec9bc1b56a	835	logs/r1c-head-out-pp_top-aq-only.log
9a271f2a916b0b6ee6cecb2426f0b3206ef074578be55d9bc94f6f3fe3ab86aa	2	logs/r1c-head-out-pp_top-aq-only.rc
6a4ce659dcbabaa1a10b6c2fe1220b5f17b1501aea410a82b47baecee0b9896c	3687	logs/r1c-head-out-pp_top-default.log
9a271f2a916b0b6ee6cecb2426f0b3206ef074578be55d9bc94f6f3fe3ab86aa	2	logs/r1c-head-out-pp_top-default.rc
43e554cbb0ebe060fe4d4ef514e34081ae8705ecc0be9758609d55eb7550e9fc	2418	logs/r1c-head-out-pp_top-idn.log
9a271f2a916b0b6ee6cecb2426f0b3206ef074578be55d9bc94f6f3fe3ab86aa	2	logs/r1c-head-out-pp_top-idn.rc
4846131009cdf5e400f6dc24896c860350d1c68367dc235ac4d3e4577723fe71	112	logs/r1c-head-out-pp_top-line.log
9a271f2a916b0b6ee6cecb2426f0b3206ef074578be55d9bc94f6f3fe3ab86aa	2	logs/r1c-head-out-pp_top-line.rc
fa821477bd1964e3d702ebe25f277db3ffb047f269255f644c2a7ab842acddf0	239	logs/r1c-head-out-pp_top-tdf.log
9a271f2a916b0b6ee6cecb2426f0b3206ef074578be55d9bc94f6f3fe3ab86aa	2	logs/r1c-head-out-pp_top-tdf.rc
7b6c1614df650de273bc52001c5a55fa52a226266efd96f07c8150b37013ebf3	2010	logs/r1c-head-out-pp_top-tim.log
9a271f2a916b0b6ee6cecb2426f0b3206ef074578be55d9bc94f6f3fe3ab86aa	2	logs/r1c-head-out-pp_top-tim.rc
1d6674d013214e4d9f5038422ec6d0b2149141f47080c59776be4503d841eead	87	logs/r1c-head-out-pp_top-vid.log
9a271f2a916b0b6ee6cecb2426f0b3206ef074578be55d9bc94f6f3fe3ab86aa	2	logs/r1c-head-out-pp_top-vid.rc
45c206c4b409fbc7440dd9d7af5eada43675d174e9017cc669fd09e36f9bc846	1750	logs/r1c-head-suites.log
9a271f2a916b0b6ee6cecb2426f0b3206ef074578be55d9bc94f6f3fe3ab86aa	2	logs/r1c-head-suites.rc
40ec67885fdfca4876d6c9509b26c2f4ad50e093c4733ad9fab99ec69e13157c	780	logs/r1c-head-suites.time
5918894aeb86257a2ba105f0914f534c8ab77338863151178375bed543a51a82	3548	logs/r1c-head-yosys.log
9a271f2a916b0b6ee6cecb2426f0b3206ef074578be55d9bc94f6f3fe3ab86aa	2	logs/r1c-head-yosys.rc
506ba8efddcad1d9ae12f5da677369a03973571d4ecb6043d84bc3454826490f	760	logs/r1c-head-yosys.time
a8ca3f4791bbf19fde37289f284fc5d66248b097384c269aa5f5cf3294cc2e25	7	logs/r1d-base-camp-aecp_dispatch.elapsed
9440b45014a7102bbf91e4e9413981b547b635c097624321c94e07779a5780a1	28915	logs/r1d-base-camp-aecp_dispatch.log
9a271f2a916b0b6ee6cecb2426f0b3206ef074578be55d9bc94f6f3fe3ab86aa	2	logs/r1d-base-camp-aecp_dispatch.rc
af771dd7bbcb031b0d0888b6d4521944dc472e3351c4f15495f0fd0d1c7f142a	7	logs/r1d-base-camp-d3.elapsed
a0cd3df26beb70a0d3375c14d88bd3455a1ae2d2c8dfadcb78f02847cec10b40	8131	logs/r1d-base-camp-d3.log
9a271f2a916b0b6ee6cecb2426f0b3206ef074578be55d9bc94f6f3fe3ab86aa	2	logs/r1d-base-camp-d3.rc
69f780a00cb8cd8edb1d09d1f97e1977943444c2bc95fb2384d34b24f35ab902	8	logs/r1d-base-camp-gsi.elapsed
5f6d67707db7bfed9d8aa1e323a7f3b0884134404c78e43b0b2afbd99953237b	4150	logs/r1d-base-camp-gsi.log
9a271f2a916b0b6ee6cecb2426f0b3206ef074578be55d9bc94f6f3fe3ab86aa	2	logs/r1d-base-camp-gsi.rc
7a2c98136a0892f195fa6a08ad82dfe7e36e8a81d0732cb304584f31e966e097	33	logs/r1d-final-gen-matrix.log
9a271f2a916b0b6ee6cecb2426f0b3206ef074578be55d9bc94f6f3fe3ab86aa	2	logs/r1d-final-gen-matrix.rc
6f4e3593db381e0245ffd566f6c3eed7a8bf4590a2b6453010eb6be489e6ce42	226	logs/r1d-final-make-check.log
9a271f2a916b0b6ee6cecb2426f0b3206ef074578be55d9bc94f6f3fe3ab86aa	2	logs/r1d-final-make-check.rc
1648202e2209dd88d1d3936512b63246177fc0509f0c5ea9fbbeba351cc861d9	8	logs/r1d-head-camp-aecp_dispatch.elapsed
e4724144149f3f1422bb4cf938c7613dcfb6a96d926c44c73011624584bb9dd1	28914	logs/r1d-head-camp-aecp_dispatch.log
9a271f2a916b0b6ee6cecb2426f0b3206ef074578be55d9bc94f6f3fe3ab86aa	2	logs/r1d-head-camp-aecp_dispatch.rc
6942cc38abb8ed378229bec3ed547fd0a545751c7ead6a9d7f94c5dfbfba19ee	8	logs/r1d-head-camp-d3.elapsed
0d5326d8d5c3b0bb121046e8bf0e4159fd8e3c2ebb9ce6a17f65b3d2f6b8d2cc	8131	logs/r1d-head-camp-d3.log
9a271f2a916b0b6ee6cecb2426f0b3206ef074578be55d9bc94f6f3fe3ab86aa	2	logs/r1d-head-camp-d3.rc
4ba70af4e268710e3ed3faa918a77a40e1b1bbd1d815201c78175ed1e6505fd1	8	logs/r1d-head-camp-gsi.elapsed
5f6d67707db7bfed9d8aa1e323a7f3b0884134404c78e43b0b2afbd99953237b	4150	logs/r1d-head-camp-gsi.log
9a271f2a916b0b6ee6cecb2426f0b3206ef074578be55d9bc94f6f3fe3ab86aa	2	logs/r1d-head-camp-gsi.rc
509415ea62e5f4d59596a1497269299ba4779fd4fa8061250d45356ffebb6f6c	8	logs/r1d-head-gate15.elapsed
0c1de5d10f8e5a9bf95f1ad5fb61e133c4bcef2c6eb73f237bfc3c3b48f7bb44	1116718	logs/r1d-head-gate15.log
9a271f2a916b0b6ee6cecb2426f0b3206ef074578be55d9bc94f6f3fe3ab86aa	2	logs/r1d-head-gate15.rc
11ffab63ffd2c6815d81b96dde1c49625a8ed874f217c3e9a6b6c8fa5bb48b94	575	logs/r1d-parent-patch-apply.log
9a271f2a916b0b6ee6cecb2426f0b3206ef074578be55d9bc94f6f3fe3ab86aa	2	logs/r1d-parent-patch-apply.rc
93faf06a9dd18580c87e24d9e293282b0c45436ceb13490752dfcc4a2ada904a	8	logs/r1e-base-camp-adp.elapsed
f69c577b96367e850478d3068e7bca2d77be103f747ff6e9bd1cceec8485e95e	33445	logs/r1e-base-camp-adp.log
9a271f2a916b0b6ee6cecb2426f0b3206ef074578be55d9bc94f6f3fe3ab86aa	2	logs/r1e-base-camp-adp.rc
4457bb9178220e3ffbf18b2f7331108b3fd1d34619fa9c8041103a8dffb17392	7	logs/r1e-base-camp-maap.elapsed
823ef7e638f720b03e151b4954e75a5b023fa034efda1171f57264a208ff3c81	7591	logs/r1e-base-camp-maap.log
9a271f2a916b0b6ee6cecb2426f0b3206ef074578be55d9bc94f6f3fe3ab86aa	2	logs/r1e-base-camp-maap.rc
132488faa32ce6930031a2856bbb71be08ccc1d09d7721d109ed6a45c9e72660	8	logs/r1e-head-camp-adp.elapsed
f69c577b96367e850478d3068e7bca2d77be103f747ff6e9bd1cceec8485e95e	33445	logs/r1e-head-camp-adp.log
9a271f2a916b0b6ee6cecb2426f0b3206ef074578be55d9bc94f6f3fe3ab86aa	2	logs/r1e-head-camp-adp.rc
2c8f024b84b2e2c8a92bc3b2ab708b5afd14800aba4cbc73954782ef08766bf5	8	logs/r1e-head-camp-maap.elapsed
823ef7e638f720b03e151b4954e75a5b023fa034efda1171f57264a208ff3c81	7591	logs/r1e-head-camp-maap.log
9a271f2a916b0b6ee6cecb2426f0b3206ef074578be55d9bc94f6f3fe3ab86aa	2	logs/r1e-head-camp-maap.rc
58c9c7c4719006b4ed5e35db71a7bd03766356817269828a9578dcb897c63fb9	665839	r1c/aqtrace/base-all.txt
f4e1259775a765ccff66bfae38edcf00b9b08162dbe22024e98d56c1fcc1bb43	983	r1c/aqtrace/base-k2.txt
303957c8649fd9fe8bb77e96f4fca6f4040b4dbdd721554c8dcaec49ff382c94	666073	r1c/aqtrace/head-all.txt
64293a1c31e0d7b01df43525c881be2f3d56037b7602921c5cc77fb73a9d147b	1112	r1c/aqtrace/head-k2.txt
