t_s	port	src	kind	detail
0.000000000	2	3c:c0:c6:fe:02:11	gPTP Announce	seq=63838 li=0 spid=3cc0c6fffefe02100001 gm=3cc0c6fffefe0210 p1=246 sr=0
0.059831045	2	3c:c0:c6:fe:02:11	gPTP Sync	seq=54727 li=-3 spid=3cc0c6fffefe02100001
0.060562247	2	3c:c0:c6:fe:02:11	gPTP Follow_Up	seq=54727 li=-3 spid=3cc0c6fffefe02100001
0.179784359	2	3c:c0:c6:fe:02:11	gPTP Sync	seq=54728 li=-3 spid=3cc0c6fffefe02100001
0.180520753	2	3c:c0:c6:fe:02:11	gPTP Follow_Up	seq=54728 li=-3 spid=3cc0c6fffefe02100001
0.249660283	2	3c:c0:c6:fe:02:11	gPTP Pdelay_Req	seq=1403 li=0 spid=3cc0c6fffefe02100001
0.249671267	3	02:00:00:00:00:01	gPTP Pdelay_Resp	seq=1403 li=127 spid=020000fffe0000010001
0.249678827	3	02:00:00:00:00:01	gPTP Pdelay_Resp_Follow_Up	seq=1403 li=127 spid=020000fffe0000010001
0.309774937	2	3c:c0:c6:fe:02:11	gPTP Sync	seq=54729 li=-3 spid=3cc0c6fffefe02100001
0.310512930	2	3c:c0:c6:fe:02:11	gPTP Follow_Up	seq=54729 li=-3 spid=3cc0c6fffefe02100001
0.351322202	3	02:00:00:00:00:01	MSRP	
0.429706243	2	3c:c0:c6:fe:02:11	gPTP Sync	seq=54730 li=-3 spid=3cc0c6fffefe02100001
0.430441028	2	3c:c0:c6:fe:02:11	gPTP Follow_Up	seq=54730 li=-3 spid=3cc0c6fffefe02100001
0.537320119	3	02:00:00:00:00:01	MAAP	
0.551325464	3	02:00:00:00:00:01	gPTP Pdelay_Req	seq=1311 li=0 spid=020000fffe0000010001
0.552084346	2	3c:c0:c6:fe:02:11	gPTP Pdelay_Resp	seq=1311 li=127 spid=3cc0c6fffefe02100001
0.553067364	2	3c:c0:c6:fe:02:11	gPTP Pdelay_Resp_Follow_Up	seq=1311 li=127 spid=3cc0c6fffefe02100001
0.568950074	2	3c:c0:c6:fe:02:11	gPTP Sync	seq=54731 li=-3 spid=3cc0c6fffefe02100001
0.569528891	2	3c:c0:c6:fe:02:11	gPTP Follow_Up	seq=54731 li=-3 spid=3cc0c6fffefe02100001
0.599063097	2	3c:c0:c6:fe:02:11	MVRP	
0.679760926	2	3c:c0:c6:fe:02:11	gPTP Sync	seq=54732 li=-3 spid=3cc0c6fffefe02100001
0.680503712	2	3c:c0:c6:fe:02:11	gPTP Follow_Up	seq=54732 li=-3 spid=3cc0c6fffefe02100001
0.809800496	2	3c:c0:c6:fe:02:11	gPTP Sync	seq=54733 li=-3 spid=3cc0c6fffefe02100001
0.810533906	2	3c:c0:c6:fe:02:11	gPTP Follow_Up	seq=54733 li=-3 spid=3cc0c6fffefe02100001
0.929726002	2	3c:c0:c6:fe:02:11	gPTP Sync	seq=54734 li=-3 spid=3cc0c6fffefe02100001
0.930455004	2	3c:c0:c6:fe:02:11	gPTP Follow_Up	seq=54734 li=-3 spid=3cc0c6fffefe02100001
0.999966727	2	3c:c0:c6:fe:02:11	gPTP Announce	seq=63839 li=0 spid=3cc0c6fffefe02100001 gm=3cc0c6fffefe0210 p1=246 sr=0
1.059838948	2	3c:c0:c6:fe:02:11	gPTP Sync	seq=54735 li=-3 spid=3cc0c6fffefe02100001
1.060570574	2	3c:c0:c6:fe:02:11	gPTP Follow_Up	seq=54735 li=-3 spid=3cc0c6fffefe02100001
1.179769678	2	3c:c0:c6:fe:02:11	gPTP Sync	seq=54736 li=-3 spid=3cc0c6fffefe02100001
1.180501872	2	3c:c0:c6:fe:02:11	gPTP Follow_Up	seq=54736 li=-3 spid=3cc0c6fffefe02100001
1.239126730	2	3c:c0:c6:fe:02:11	MVRP	
1.249721403	2	3c:c0:c6:fe:02:11	gPTP Pdelay_Req	seq=1404 li=0 spid=3cc0c6fffefe02100001
1.249732395	3	02:00:00:00:00:01	gPTP Pdelay_Resp	seq=1404 li=127 spid=020000fffe0000010001
1.249739955	3	02:00:00:00:00:01	gPTP Pdelay_Resp_Follow_Up	seq=1404 li=127 spid=020000fffe0000010001
1.309768864	2	3c:c0:c6:fe:02:11	gPTP Sync	seq=54737 li=-3 spid=3cc0c6fffefe02100001
1.310505250	2	3c:c0:c6:fe:02:11	gPTP Follow_Up	seq=54737 li=-3 spid=3cc0c6fffefe02100001
1.351324529	3	02:00:00:00:00:01	MSRP	
1.429708546	2	3c:c0:c6:fe:02:11	gPTP Sync	seq=54738 li=-3 spid=3cc0c6fffefe02100001
1.430445164	2	3c:c0:c6:fe:02:11	gPTP Follow_Up	seq=54738 li=-3 spid=3cc0c6fffefe02100001
1.551327800	3	02:00:00:00:00:01	gPTP Pdelay_Req	seq=1312 li=0 spid=020000fffe0000010001
1.552095482	2	3c:c0:c6:fe:02:11	gPTP Pdelay_Resp	seq=1312 li=127 spid=3cc0c6fffefe02100001
1.553084676	2	3c:c0:c6:fe:02:11	gPTP Pdelay_Resp_Follow_Up	seq=1312 li=127 spid=3cc0c6fffefe02100001
1.568955193	2	3c:c0:c6:fe:02:11	gPTP Sync	seq=54739 li=-3 spid=3cc0c6fffefe02100001
1.569536003	2	3c:c0:c6:fe:02:11	gPTP Follow_Up	seq=54739 li=-3 spid=3cc0c6fffefe02100001
1.599235232	2	3c:c0:c6:fe:02:11	MVRP	
1.679767646	2	3c:c0:c6:fe:02:11	gPTP Sync	seq=54740 li=-3 spid=3cc0c6fffefe02100001
1.680508448	2	3c:c0:c6:fe:02:11	gPTP Follow_Up	seq=54740 li=-3 spid=3cc0c6fffefe02100001
1.809818416	2	3c:c0:c6:fe:02:11	gPTP Sync	seq=54741 li=-3 spid=3cc0c6fffefe02100001
1.810551825	2	3c:c0:c6:fe:02:11	gPTP Follow_Up	seq=54741 li=-3 spid=3cc0c6fffefe02100001
1.929727890	2	3c:c0:c6:fe:02:11	gPTP Sync	seq=54742 li=-3 spid=3cc0c6fffefe02100001
1.930458523	2	3c:c0:c6:fe:02:11	gPTP Follow_Up	seq=54742 li=-3 spid=3cc0c6fffefe02100001
1.939173976	2	3c:c0:c6:fe:02:10	ethertype 0x0800	
1.939381792	2	3c:c0:c6:fe:02:11	ethertype 0x0027	
2.000016839	2	3c:c0:c6:fe:02:11	gPTP Announce	seq=63840 li=0 spid=3cc0c6fffefe02100001 gm=3cc0c6fffefe0210 p1=246 sr=0
2.059859268	2	3c:c0:c6:fe:02:11	gPTP Sync	seq=54743 li=-3 spid=3cc0c6fffefe02100001
2.060586701	2	3c:c0:c6:fe:02:11	gPTP Follow_Up	seq=54743 li=-3 spid=3cc0c6fffefe02100001
2.179749390	2	3c:c0:c6:fe:02:11	gPTP Sync	seq=54744 li=-3 spid=3cc0c6fffefe02100001
2.180482799	2	3c:c0:c6:fe:02:11	gPTP Follow_Up	seq=54744 li=-3 spid=3cc0c6fffefe02100001
2.249687322	2	3c:c0:c6:fe:02:11	gPTP Pdelay_Req	seq=1405 li=0 spid=3cc0c6fffefe02100001
2.249698322	3	02:00:00:00:00:01	gPTP Pdelay_Resp	seq=1405 li=127 spid=020000fffe0000010001
2.249705882	3	02:00:00:00:00:01	gPTP Pdelay_Resp_Follow_Up	seq=1405 li=127 spid=020000fffe0000010001
2.309776767	2	3c:c0:c6:fe:02:11	gPTP Sync	seq=54745 li=-3 spid=3cc0c6fffefe02100001
2.310510785	2	3c:c0:c6:fe:02:11	gPTP Follow_Up	seq=54745 li=-3 spid=3cc0c6fffefe02100001
2.351326865	3	02:00:00:00:00:01	MSRP	
2.429720481	2	3c:c0:c6:fe:02:11	gPTP Sync	seq=54746 li=-3 spid=3cc0c6fffefe02100001
2.430456491	2	3c:c0:c6:fe:02:11	gPTP Follow_Up	seq=54746 li=-3 spid=3cc0c6fffefe02100001
2.551327303	3	02:00:00:00:00:01	MSRP	
2.551330119	3	02:00:00:00:00:01	gPTP Pdelay_Req	seq=1313 li=0 spid=020000fffe0000010001
2.552143009	2	3c:c0:c6:fe:02:11	gPTP Pdelay_Resp	seq=1313 li=127 spid=3cc0c6fffefe02100001
2.553132804	2	3c:c0:c6:fe:02:11	gPTP Pdelay_Resp_Follow_Up	seq=1313 li=127 spid=3cc0c6fffefe02100001
2.554096622	2	3c:c0:c6:fe:02:11	MSRP	
2.568967129	2	3c:c0:c6:fe:02:11	gPTP Sync	seq=54747 li=-3 spid=3cc0c6fffefe02100001
2.569597538	2	3c:c0:c6:fe:02:11	gPTP Follow_Up	seq=54747 li=-3 spid=3cc0c6fffefe02100001
2.599052960	2	3c:c0:c6:fe:02:11	MVRP	
2.649562526	2	3c:c0:c6:fe:02:11	MSRP	
2.679842366	2	3c:c0:c6:fe:02:11	gPTP Sync	seq=54748 li=-3 spid=3cc0c6fffefe02100001
2.680585767	2	3c:c0:c6:fe:02:11	gPTP Follow_Up	seq=54748 li=-3 spid=3cc0c6fffefe02100001
2.809820144	2	3c:c0:c6:fe:02:11	gPTP Sync	seq=54749 li=-3 spid=3cc0c6fffefe02100001
2.810552953	2	3c:c0:c6:fe:02:11	gPTP Follow_Up	seq=54749 li=-3 spid=3cc0c6fffefe02100001
2.893919558	2	68:05:ca:95:b2:ed	AECP	
2.893951198	3	02:00:00:00:00:01	AECP	
2.894080774	2	68:05:ca:95:b2:ed	AECP	
2.894108390	3	02:00:00:00:00:01	AECP	
2.929737050	2	3c:c0:c6:fe:02:11	gPTP Sync	seq=54750 li=-3 spid=3cc0c6fffefe02100001
2.930466044	2	3c:c0:c6:fe:02:11	gPTP Follow_Up	seq=54750 li=-3 spid=3cc0c6fffefe02100001
2.999988360	2	3c:c0:c6:fe:02:11	gPTP Announce	seq=63841 li=0 spid=3cc0c6fffefe02100001 gm=3cc0c6fffefe0210 p1=246 sr=0
3.059847213	2	3c:c0:c6:fe:02:11	gPTP Sync	seq=54751 li=-3 spid=3cc0c6fffefe02100001
3.060577423	2	3c:c0:c6:fe:02:11	gPTP Follow_Up	seq=54751 li=-3 spid=3cc0c6fffefe02100001
3.110381796	2	3c:c0:c6:01:02:03	ADP	eid=3cc0c60102030000 gm=3cc0c6fffefe0210
3.179760911	2	3c:c0:c6:fe:02:11	gPTP Sync	seq=54752 li=-3 spid=3cc0c6fffefe02100001
3.180493337	2	3c:c0:c6:fe:02:11	gPTP Follow_Up	seq=54752 li=-3 spid=3cc0c6fffefe02100001
3.249697852	2	3c:c0:c6:fe:02:11	gPTP Pdelay_Req	seq=1406 li=0 spid=3cc0c6fffefe02100001
3.249708852	3	02:00:00:00:00:01	gPTP Pdelay_Resp	seq=1406 li=127 spid=020000fffe0000010001
3.249716412	3	02:00:00:00:00:01	gPTP Pdelay_Resp_Follow_Up	seq=1406 li=127 spid=020000fffe0000010001
3.309799490	2	3c:c0:c6:fe:02:11	gPTP Sync	seq=54753 li=-3 spid=3cc0c6fffefe02100001
3.310533900	2	3c:c0:c6:fe:02:11	gPTP Follow_Up	seq=54753 li=-3 spid=3cc0c6fffefe02100001
3.351329172	3	02:00:00:00:00:01	MSRP	
3.429721805	2	3c:c0:c6:fe:02:11	gPTP Sync	seq=54754 li=-3 spid=3cc0c6fffefe02100001
3.430454606	2	3c:c0:c6:fe:02:11	gPTP Follow_Up	seq=54754 li=-3 spid=3cc0c6fffefe02100001
3.551332443	3	02:00:00:00:00:01	gPTP Pdelay_Req	seq=1314 li=0 spid=020000fffe0000010001
3.552101125	2	3c:c0:c6:fe:02:11	gPTP Pdelay_Resp	seq=1314 li=127 spid=3cc0c6fffefe02100001
3.553087727	2	3c:c0:c6:fe:02:11	gPTP Pdelay_Resp_Follow_Up	seq=1314 li=127 spid=3cc0c6fffefe02100001
3.568973829	2	3c:c0:c6:fe:02:11	gPTP Sync	seq=54755 li=-3 spid=3cc0c6fffefe02100001
3.569552454	2	3c:c0:c6:fe:02:11	gPTP Follow_Up	seq=54755 li=-3 spid=3cc0c6fffefe02100001
3.599274052	2	3c:c0:c6:fe:02:11	MVRP	
3.679781890	2	3c:c0:c6:fe:02:11	gPTP Sync	seq=54756 li=-3 spid=3cc0c6fffefe02100001
3.680526892	2	3c:c0:c6:fe:02:11	gPTP Follow_Up	seq=54756 li=-3 spid=3cc0c6fffefe02100001
3.809828476	2	3c:c0:c6:fe:02:11	gPTP Sync	seq=54757 li=-3 spid=3cc0c6fffefe02100001
3.810562270	2	3c:c0:c6:fe:02:11	gPTP Follow_Up	seq=54757 li=-3 spid=3cc0c6fffefe02100001
3.929791167	2	3c:c0:c6:fe:02:11	gPTP Sync	seq=54758 li=-3 spid=3cc0c6fffefe02100001
3.930515976	2	3c:c0:c6:fe:02:11	gPTP Follow_Up	seq=54758 li=-3 spid=3cc0c6fffefe02100001
3.939070436	2	3c:c0:c6:fe:02:11	ethertype 0x0027	
3.999997876	2	3c:c0:c6:fe:02:11	gPTP Announce	seq=63842 li=0 spid=3cc0c6fffefe02100001 gm=3cc0c6fffefe0210 p1=246 sr=0
4.059854545	2	3c:c0:c6:fe:02:11	gPTP Sync	seq=54759 li=-3 spid=3cc0c6fffefe02100001
4.060582555	2	3c:c0:c6:fe:02:11	gPTP Follow_Up	seq=54759 li=-3 spid=3cc0c6fffefe02100001
4.179792827	2	3c:c0:c6:fe:02:11	gPTP Sync	seq=54760 li=-3 spid=3cc0c6fffefe02100001
4.180528861	2	3c:c0:c6:fe:02:11	gPTP Follow_Up	seq=54760 li=-3 spid=3cc0c6fffefe02100001
4.249764776	2	3c:c0:c6:fe:02:11	gPTP Pdelay_Req	seq=1407 li=0 spid=3cc0c6fffefe02100001
4.249775776	3	02:00:00:00:00:01	gPTP Pdelay_Resp	seq=1407 li=127 spid=020000fffe0000010001
4.249783336	3	02:00:00:00:00:01	gPTP Pdelay_Resp_Follow_Up	seq=1407 li=127 spid=020000fffe0000010001
4.309870221	2	3c:c0:c6:fe:02:11	gPTP Sync	seq=54761 li=-3 spid=3cc0c6fffefe02100001
4.310604623	2	3c:c0:c6:fe:02:11	gPTP Follow_Up	seq=54761 li=-3 spid=3cc0c6fffefe02100001
4.351331479	3	02:00:00:00:00:01	MSRP	
4.429739120	2	3c:c0:c6:fe:02:11	gPTP Sync	seq=54762 li=-3 spid=3cc0c6fffefe02100001
4.430473145	2	3c:c0:c6:fe:02:11	gPTP Follow_Up	seq=54762 li=-3 spid=3cc0c6fffefe02100001
4.551334750	3	02:00:00:00:00:01	gPTP Pdelay_Req	seq=1315 li=0 spid=020000fffe0000010001
4.552101448	2	3c:c0:c6:fe:02:11	gPTP Pdelay_Resp	seq=1315 li=127 spid=3cc0c6fffefe02100001
4.553091250	2	3c:c0:c6:fe:02:11	gPTP Pdelay_Resp_Follow_Up	seq=1315 li=127 spid=3cc0c6fffefe02100001
4.568977768	2	3c:c0:c6:fe:02:11	gPTP Sync	seq=54763 li=-3 spid=3cc0c6fffefe02100001
4.569556977	2	3c:c0:c6:fe:02:11	gPTP Follow_Up	seq=54763 li=-3 spid=3cc0c6fffefe02100001
4.599081806	2	3c:c0:c6:fe:02:11	MVRP	
4.679786412	2	3c:c0:c6:fe:02:11	gPTP Sync	seq=54764 li=-3 spid=3cc0c6fffefe02100001
4.680531406	2	3c:c0:c6:fe:02:11	gPTP Follow_Up	seq=54764 li=-3 spid=3cc0c6fffefe02100001
4.809849599	2	3c:c0:c6:fe:02:11	gPTP Sync	seq=54765 li=-3 spid=3cc0c6fffefe02100001
4.810582792	2	3c:c0:c6:fe:02:11	gPTP Follow_Up	seq=54765 li=-3 spid=3cc0c6fffefe02100001
4.816330054	3	02:00:00:00:00:01	MAAP	
4.929747305	2	3c:c0:c6:fe:02:11	gPTP Sync	seq=54766 li=-3 spid=3cc0c6fffefe02100001
4.930474698	2	3c:c0:c6:fe:02:11	gPTP Follow_Up	seq=54766 li=-3 spid=3cc0c6fffefe02100001
4.999998614	2	3c:c0:c6:fe:02:11	gPTP Announce	seq=63843 li=0 spid=3cc0c6fffefe02100001 gm=3cc0c6fffefe0210 p1=246 sr=0
5.059862875	2	3c:c0:c6:fe:02:11	gPTP Sync	seq=54767 li=-3 spid=3cc0c6fffefe02100001
5.060593469	2	3c:c0:c6:fe:02:11	gPTP Follow_Up	seq=54767 li=-3 spid=3cc0c6fffefe02100001
5.179771165	2	3c:c0:c6:fe:02:11	gPTP Sync	seq=54768 li=-3 spid=3cc0c6fffefe02100001
5.180503591	2	3c:c0:c6:fe:02:11	gPTP Follow_Up	seq=54768 li=-3 spid=3cc0c6fffefe02100001
5.249690506	2	3c:c0:c6:fe:02:11	gPTP Pdelay_Req	seq=1408 li=0 spid=3cc0c6fffefe02100001
5.249701506	3	02:00:00:00:00:01	gPTP Pdelay_Resp	seq=1408 li=127 spid=020000fffe0000010001
5.249709066	3	02:00:00:00:00:01	gPTP Pdelay_Resp_Follow_Up	seq=1408 li=127 spid=020000fffe0000010001
5.309829551	2	3c:c0:c6:fe:02:11	gPTP Sync	seq=54769 li=-3 spid=3cc0c6fffefe02100001
5.310566553	2	3c:c0:c6:fe:02:11	gPTP Follow_Up	seq=54769 li=-3 spid=3cc0c6fffefe02100001
5.351333817	3	02:00:00:00:00:01	MSRP	
5.404335006	3	02:00:00:00:00:01	ADP	eid=020000fffe000001 gm=3cc0c6fffefe0210
5.429761849	2	3c:c0:c6:fe:02:11	gPTP Sync	seq=54770 li=-3 spid=3cc0c6fffefe02100001
5.430496859	2	3c:c0:c6:fe:02:11	gPTP Follow_Up	seq=54770 li=-3 spid=3cc0c6fffefe02100001
5.551337088	3	02:00:00:00:00:01	gPTP Pdelay_Req	seq=1316 li=0 spid=020000fffe0000010001
5.552101169	2	3c:c0:c6:fe:02:11	gPTP Pdelay_Resp	seq=1316 li=127 spid=3cc0c6fffefe02100001
5.553090588	2	3c:c0:c6:fe:02:11	gPTP Pdelay_Resp_Follow_Up	seq=1316 li=127 spid=3cc0c6fffefe02100001
5.568985681	2	3c:c0:c6:fe:02:11	gPTP Sync	seq=54771 li=-3 spid=3cc0c6fffefe02100001
5.569563322	2	3c:c0:c6:fe:02:11	gPTP Follow_Up	seq=54771 li=-3 spid=3cc0c6fffefe02100001
5.599265144	2	3c:c0:c6:fe:02:11	MVRP	
5.679825718	2	3c:c0:c6:fe:02:11	gPTP Sync	seq=54772 li=-3 spid=3cc0c6fffefe02100001
5.680570744	2	3c:c0:c6:fe:02:11	gPTP Follow_Up	seq=54772 li=-3 spid=3cc0c6fffefe02100001
5.809851912	2	3c:c0:c6:fe:02:11	gPTP Sync	seq=54773 li=-3 spid=3cc0c6fffefe02100001
5.810585330	2	3c:c0:c6:fe:02:11	gPTP Follow_Up	seq=54773 li=-3 spid=3cc0c6fffefe02100001
5.929759826	2	3c:c0:c6:fe:02:11	gPTP Sync	seq=54774 li=-3 spid=3cc0c6fffefe02100001
5.930487828	2	3c:c0:c6:fe:02:11	gPTP Follow_Up	seq=54774 li=-3 spid=3cc0c6fffefe02100001
5.939084504	2	3c:c0:c6:fe:02:11	ethertype 0x0027	
6.000013343	2	3c:c0:c6:fe:02:11	gPTP Announce	seq=63844 li=0 spid=3cc0c6fffefe02100001 gm=3cc0c6fffefe0210 p1=246 sr=0
6.059891012	2	3c:c0:c6:fe:02:11	gPTP Sync	seq=54775 li=-3 spid=3cc0c6fffefe02100001
6.060616806	2	3c:c0:c6:fe:02:11	gPTP Follow_Up	seq=54775 li=-3 spid=3cc0c6fffefe02100001
6.179781102	2	3c:c0:c6:fe:02:11	gPTP Sync	seq=54776 li=-3 spid=3cc0c6fffefe02100001
6.180511920	2	3c:c0:c6:fe:02:11	gPTP Follow_Up	seq=54776 li=-3 spid=3cc0c6fffefe02100001
6.249699835	2	3c:c0:c6:fe:02:11	gPTP Pdelay_Req	seq=1409 li=0 spid=3cc0c6fffefe02100001
6.249710835	3	02:00:00:00:00:01	gPTP Pdelay_Resp	seq=1409 li=127 spid=020000fffe0000010001
6.249718395	3	02:00:00:00:00:01	gPTP Pdelay_Resp_Follow_Up	seq=1409 li=127 spid=020000fffe0000010001
6.309846496	2	3c:c0:c6:fe:02:11	gPTP Sync	seq=54777 li=-3 spid=3cc0c6fffefe02100001
6.310581890	2	3c:c0:c6:fe:02:11	gPTP Follow_Up	seq=54777 li=-3 spid=3cc0c6fffefe02100001
6.351336154	3	02:00:00:00:00:01	MSRP	
6.429748386	2	3c:c0:c6:fe:02:11	gPTP Sync	seq=54778 li=-3 spid=3cc0c6fffefe02100001
6.430485388	2	3c:c0:c6:fe:02:11	gPTP Follow_Up	seq=54778 li=-3 spid=3cc0c6fffefe02100001
6.551339424	3	02:00:00:00:00:01	gPTP Pdelay_Req	seq=1317 li=0 spid=020000fffe0000010001
6.552098306	2	3c:c0:c6:fe:02:11	gPTP Pdelay_Resp	seq=1317 li=127 spid=3cc0c6fffefe02100001
6.553089316	2	3c:c0:c6:fe:02:11	gPTP Pdelay_Resp_Follow_Up	seq=1317 li=127 spid=3cc0c6fffefe02100001
6.568995034	2	3c:c0:c6:fe:02:11	gPTP Sync	seq=54779 li=-3 spid=3cc0c6fffefe02100001
6.569571651	2	3c:c0:c6:fe:02:11	gPTP Follow_Up	seq=54779 li=-3 spid=3cc0c6fffefe02100001
6.599051457	2	3c:c0:c6:fe:02:11	MVRP	
6.679802079	2	3c:c0:c6:fe:02:11	gPTP Sync	seq=54780 li=-3 spid=3cc0c6fffefe02100001
6.680545480	2	3c:c0:c6:fe:02:11	gPTP Follow_Up	seq=54780 li=-3 spid=3cc0c6fffefe02100001
6.809879441	2	3c:c0:c6:fe:02:11	gPTP Sync	seq=54781 li=-3 spid=3cc0c6fffefe02100001
6.810611866	2	3c:c0:c6:fe:02:11	gPTP Follow_Up	seq=54781 li=-3 spid=3cc0c6fffefe02100001
6.929768155	2	3c:c0:c6:fe:02:11	gPTP Sync	seq=54782 li=-3 spid=3cc0c6fffefe02100001
6.930497148	2	3c:c0:c6:fe:02:11	gPTP Follow_Up	seq=54782 li=-3 spid=3cc0c6fffefe02100001
7.000000872	2	3c:c0:c6:fe:02:11	gPTP Announce	seq=63845 li=0 spid=3cc0c6fffefe02100001 gm=3cc0c6fffefe0210 p1=246 sr=0
7.059875725	2	3c:c0:c6:fe:02:11	gPTP Sync	seq=54783 li=-3 spid=3cc0c6fffefe02100001
7.060608142	2	3c:c0:c6:fe:02:11	gPTP Follow_Up	seq=54783 li=-3 spid=3cc0c6fffefe02100001
7.179816239	2	3c:c0:c6:fe:02:11	gPTP Sync	seq=54784 li=-3 spid=3cc0c6fffefe02100001
7.180548441	2	3c:c0:c6:fe:02:11	gPTP Follow_Up	seq=54784 li=-3 spid=3cc0c6fffefe02100001
7.249709155	2	3c:c0:c6:fe:02:11	gPTP Pdelay_Req	seq=1410 li=0 spid=3cc0c6fffefe02100001
7.249720147	3	02:00:00:00:00:01	gPTP Pdelay_Resp	seq=1410 li=127 spid=020000fffe0000010001
7.249727715	3	02:00:00:00:00:01	gPTP Pdelay_Resp_Follow_Up	seq=1410 li=127 spid=020000fffe0000010001
7.309816417	2	3c:c0:c6:fe:02:11	gPTP Sync	seq=54785 li=-3 spid=3cc0c6fffefe02100001
7.310555018	2	3c:c0:c6:fe:02:11	gPTP Follow_Up	seq=54785 li=-3 spid=3cc0c6fffefe02100001
7.351338466	3	02:00:00:00:00:01	MSRP	
7.429752907	2	3c:c0:c6:fe:02:11	gPTP Sync	seq=54786 li=-3 spid=3cc0c6fffefe02100001
7.430489517	2	3c:c0:c6:fe:02:11	gPTP Follow_Up	seq=54786 li=-3 spid=3cc0c6fffefe02100001
7.551341729	3	02:00:00:00:00:01	gPTP Pdelay_Req	seq=1318 li=0 spid=020000fffe0000010001
7.552116835	2	3c:c0:c6:fe:02:11	gPTP Pdelay_Resp	seq=1318 li=127 spid=3cc0c6fffefe02100001
7.553103053	2	3c:c0:c6:fe:02:11	gPTP Pdelay_Resp_Follow_Up	seq=1318 li=127 spid=3cc0c6fffefe02100001
7.569002754	2	3c:c0:c6:fe:02:11	gPTP Sync	seq=54787 li=-3 spid=3cc0c6fffefe02100001
7.569583556	2	3c:c0:c6:fe:02:11	gPTP Follow_Up	seq=54787 li=-3 spid=3cc0c6fffefe02100001
7.599268394	2	3c:c0:c6:fe:02:11	MVRP	
7.679850791	2	3c:c0:c6:fe:02:11	gPTP Sync	seq=54788 li=-3 spid=3cc0c6fffefe02100001
7.680595401	2	3c:c0:c6:fe:02:11	gPTP Follow_Up	seq=54788 li=-3 spid=3cc0c6fffefe02100001
7.809869177	2	3c:c0:c6:fe:02:11	gPTP Sync	seq=54789 li=-3 spid=3cc0c6fffefe02100001
7.810598171	2	3c:c0:c6:fe:02:11	gPTP Follow_Up	seq=54789 li=-3 spid=3cc0c6fffefe02100001
7.866337150	3	02:00:00:00:00:01	MAAP	
7.894973017	2	68:05:ca:95:b2:ed	AECP	
7.895005313	3	02:00:00:00:00:01	AECP	
7.895173626	2	68:05:ca:95:b2:ed	AECP	
7.895201754	3	02:00:00:00:00:01	AECP	
7.929775875	2	3c:c0:c6:fe:02:11	gPTP Sync	seq=54790 li=-3 spid=3cc0c6fffefe02100001
7.930504485	2	3c:c0:c6:fe:02:11	gPTP Follow_Up	seq=54790 li=-3 spid=3cc0c6fffefe02100001
7.939100553	2	3c:c0:c6:fe:02:11	ethertype 0x0027	
8.000020016	2	3c:c0:c6:fe:02:11	gPTP Announce	seq=63846 li=0 spid=3cc0c6fffefe02100001 gm=3cc0c6fffefe0210 p1=246 sr=0
8.059891669	2	3c:c0:c6:fe:02:11	gPTP Sync	seq=54791 li=-3 spid=3cc0c6fffefe02100001
8.060618071	2	3c:c0:c6:fe:02:11	gPTP Follow_Up	seq=54791 li=-3 spid=3cc0c6fffefe02100001
8.179796159	2	3c:c0:c6:fe:02:11	gPTP Sync	seq=54792 li=-3 spid=3cc0c6fffefe02100001
8.180531169	2	3c:c0:c6:fe:02:11	gPTP Follow_Up	seq=54792 li=-3 spid=3cc0c6fffefe02100001
8.249711084	2	3c:c0:c6:fe:02:11	gPTP Pdelay_Req	seq=1411 li=0 spid=3cc0c6fffefe02100001
8.249722092	3	02:00:00:00:00:01	gPTP Pdelay_Resp	seq=1411 li=127 spid=020000fffe0000010001
8.249729652	3	02:00:00:00:00:01	gPTP Pdelay_Resp_Follow_Up	seq=1411 li=127 spid=020000fffe0000010001
8.309820945	2	3c:c0:c6:fe:02:11	gPTP Sync	seq=54793 li=-3 spid=3cc0c6fffefe02100001
8.310556947	2	3c:c0:c6:fe:02:11	gPTP Follow_Up	seq=54793 li=-3 spid=3cc0c6fffefe02100001
8.351340803	3	02:00:00:00:00:01	MSRP	
8.429763443	2	3c:c0:c6:fe:02:11	gPTP Sync	seq=54794 li=-3 spid=3cc0c6fffefe02100001
8.430500445	2	3c:c0:c6:fe:02:11	gPTP Follow_Up	seq=54794 li=-3 spid=3cc0c6fffefe02100001
8.551344065	3	02:00:00:00:00:01	gPTP Pdelay_Req	seq=1319 li=0 spid=020000fffe0000010001
8.552110163	2	3c:c0:c6:fe:02:11	gPTP Pdelay_Resp	seq=1319 li=127 spid=3cc0c6fffefe02100001
8.553095381	2	3c:c0:c6:fe:02:11	gPTP Pdelay_Resp_Follow_Up	seq=1319 li=127 spid=3cc0c6fffefe02100001
8.569008499	2	3c:c0:c6:fe:02:11	gPTP Sync	seq=54795 li=-3 spid=3cc0c6fffefe02100001
8.569589908	2	3c:c0:c6:fe:02:11	gPTP Follow_Up	seq=54795 li=-3 spid=3cc0c6fffefe02100001
8.599112529	2	3c:c0:c6:fe:02:11	MVRP	
8.679850703	2	3c:c0:c6:fe:02:11	gPTP Sync	seq=54796 li=-3 spid=3cc0c6fffefe02100001
8.680597337	2	3c:c0:c6:fe:02:11	gPTP Follow_Up	seq=54796 li=-3 spid=3cc0c6fffefe02100001
8.761114550	2	3c:c0:c6:01:02:03	ADP	eid=3cc0c60102030000 gm=3cc0c6fffefe0210
8.809873313	2	3c:c0:c6:fe:02:11	gPTP Sync	seq=54797 li=-3 spid=3cc0c6fffefe02100001
8.810603914	2	3c:c0:c6:fe:02:11	gPTP Follow_Up	seq=54797 li=-3 spid=3cc0c6fffefe02100001
8.929781610	2	3c:c0:c6:fe:02:11	gPTP Sync	seq=54798 li=-3 spid=3cc0c6fffefe02100001
8.930505804	2	3c:c0:c6:fe:02:11	gPTP Follow_Up	seq=54798 li=-3 spid=3cc0c6fffefe02100001
9.000036727	2	3c:c0:c6:fe:02:11	gPTP Announce	seq=63847 li=0 spid=3cc0c6fffefe02100001 gm=3cc0c6fffefe0210 p1=246 sr=0
9.059896188	2	3c:c0:c6:fe:02:11	gPTP Sync	seq=54799 li=-3 spid=3cc0c6fffefe02100001
9.060623173	2	3c:c0:c6:fe:02:11	gPTP Follow_Up	seq=54799 li=-3 spid=3cc0c6fffefe02100001
9.179805093	2	3c:c0:c6:fe:02:11	gPTP Sync	seq=54800 li=-3 spid=3cc0c6fffefe02100001
9.180537287	2	3c:c0:c6:fe:02:11	gPTP Follow_Up	seq=54800 li=-3 spid=3cc0c6fffefe02100001
9.249719409	2	3c:c0:c6:fe:02:11	gPTP Pdelay_Req	seq=1412 li=0 spid=3cc0c6fffefe02100001
9.249730393	3	02:00:00:00:00:01	gPTP Pdelay_Resp	seq=1412 li=127 spid=020000fffe0000010001
9.249737953	3	02:00:00:00:00:01	gPTP Pdelay_Resp_Follow_Up	seq=1412 li=127 spid=020000fffe0000010001
9.309845846	2	3c:c0:c6:fe:02:11	gPTP Sync	seq=54801 li=-3 spid=3cc0c6fffefe02100001
9.310582872	2	3c:c0:c6:fe:02:11	gPTP Follow_Up	seq=54801 li=-3 spid=3cc0c6fffefe02100001
9.351343128	3	02:00:00:00:00:01	MSRP	
9.429771768	2	3c:c0:c6:fe:02:11	gPTP Sync	seq=54802 li=-3 spid=3cc0c6fffefe02100001
9.430508770	2	3c:c0:c6:fe:02:11	gPTP Follow_Up	seq=54802 li=-3 spid=3cc0c6fffefe02100001
9.551346397	3	02:00:00:00:00:01	gPTP Pdelay_Req	seq=1320 li=0 spid=020000fffe0000010001
9.552152687	2	3c:c0:c6:fe:02:11	gPTP Pdelay_Resp	seq=1320 li=127 spid=3cc0c6fffefe02100001
9.553140889	2	3c:c0:c6:fe:02:11	gPTP Pdelay_Resp_Follow_Up	seq=1320 li=127 spid=3cc0c6fffefe02100001
9.569018415	2	3c:c0:c6:fe:02:11	gPTP Sync	seq=54803 li=-3 spid=3cc0c6fffefe02100001
9.569597008	2	3c:c0:c6:fe:02:11	gPTP Follow_Up	seq=54803 li=-3 spid=3cc0c6fffefe02100001
9.599305238	2	3c:c0:c6:fe:02:11	MVRP	
9.679834451	2	3c:c0:c6:fe:02:11	gPTP Sync	seq=54804 li=-3 spid=3cc0c6fffefe02100001
9.680579029	2	3c:c0:c6:fe:02:11	gPTP Follow_Up	seq=54804 li=-3 spid=3cc0c6fffefe02100001
9.809873029	2	3c:c0:c6:fe:02:11	gPTP Sync	seq=54805 li=-3 spid=3cc0c6fffefe02100001
9.810604806	2	3c:c0:c6:fe:02:11	gPTP Follow_Up	seq=54805 li=-3 spid=3cc0c6fffefe02100001
9.929791527	2	3c:c0:c6:fe:02:11	gPTP Sync	seq=54806 li=-3 spid=3cc0c6fffefe02100001
9.930516913	2	3c:c0:c6:fe:02:11	gPTP Follow_Up	seq=54806 li=-3 spid=3cc0c6fffefe02100001
9.939115597	2	3c:c0:c6:fe:02:11	ethertype 0x0027	
10.000037652	2	3c:c0:c6:fe:02:11	gPTP Announce	seq=63848 li=0 spid=3cc0c6fffefe02100001 gm=3cc0c6fffefe0210 p1=246 sr=0
10.059919897	2	3c:c0:c6:fe:02:11	gPTP Sync	seq=54807 li=-3 spid=3cc0c6fffefe02100001
10.060648515	2	3c:c0:c6:fe:02:11	gPTP Follow_Up	seq=54807 li=-3 spid=3cc0c6fffefe02100001
10.179839620	2	3c:c0:c6:fe:02:11	gPTP Sync	seq=54808 li=-3 spid=3cc0c6fffefe02100001
10.180573413	2	3c:c0:c6:fe:02:11	gPTP Follow_Up	seq=54808 li=-3 spid=3cc0c6fffefe02100001
10.249727728	2	3c:c0:c6:fe:02:11	gPTP Pdelay_Req	seq=1413 li=0 spid=3cc0c6fffefe02100001
10.249738728	3	02:00:00:00:00:01	gPTP Pdelay_Resp	seq=1413 li=127 spid=020000fffe0000010001
10.249746288	3	02:00:00:00:00:01	gPTP Pdelay_Resp_Follow_Up	seq=1413 li=127 spid=020000fffe0000010001
10.309835982	2	3c:c0:c6:fe:02:11	gPTP Sync	seq=54809 li=-3 spid=3cc0c6fffefe02100001
10.310576183	2	3c:c0:c6:fe:02:11	gPTP Follow_Up	seq=54809 li=-3 spid=3cc0c6fffefe02100001
10.351345463	3	02:00:00:00:00:01	MSRP	
10.429784888	2	3c:c0:c6:fe:02:11	gPTP Sync	seq=54810 li=-3 spid=3cc0c6fffefe02100001
10.430519290	2	3c:c0:c6:fe:02:11	gPTP Follow_Up	seq=54810 li=-3 spid=3cc0c6fffefe02100001
10.551348734	3	02:00:00:00:00:01	gPTP Pdelay_Req	seq=1321 li=0 spid=020000fffe0000010001
10.552115216	2	3c:c0:c6:fe:02:11	gPTP Pdelay_Resp	seq=1321 li=127 spid=3cc0c6fffefe02100001
10.553099226	2	3c:c0:c6:fe:02:11	gPTP Pdelay_Resp_Follow_Up	seq=1321 li=127 spid=3cc0c6fffefe02100001
10.569022928	2	3c:c0:c6:fe:02:11	gPTP Sync	seq=54811 li=-3 spid=3cc0c6fffefe02100001
10.569601745	2	3c:c0:c6:fe:02:11	gPTP Follow_Up	seq=54811 li=-3 spid=3cc0c6fffefe02100001
10.599123151	2	3c:c0:c6:fe:02:11	MVRP	
10.679832181	2	3c:c0:c6:fe:02:11	gPTP Sync	seq=54812 li=-3 spid=3cc0c6fffefe02100001
10.680575575	2	3c:c0:c6:fe:02:11	gPTP Follow_Up	seq=54812 li=-3 spid=3cc0c6fffefe02100001
10.809884551	2	3c:c0:c6:fe:02:11	gPTP Sync	seq=54813 li=-3 spid=3cc0c6fffefe02100001
10.810617929	2	3c:c0:c6:fe:02:11	gPTP Follow_Up	seq=54813 li=-3 spid=3cc0c6fffefe02100001
10.929827657	2	3c:c0:c6:fe:02:11	gPTP Sync	seq=54814 li=-3 spid=3cc0c6fffefe02100001
10.930557651	2	3c:c0:c6:fe:02:11	gPTP Follow_Up	seq=54814 li=-3 spid=3cc0c6fffefe02100001
10.941344324	3	02:00:00:00:00:01	MAAP	
11.000043390	2	3c:c0:c6:fe:02:11	gPTP Announce	seq=63849 li=0 spid=3cc0c6fffefe02100001 gm=3cc0c6fffefe0210 p1=246 sr=0
11.059909627	2	3c:c0:c6:fe:02:11	gPTP Sync	seq=54815 li=-3 spid=3cc0c6fffefe02100001
11.060639813	2	3c:c0:c6:fe:02:11	gPTP Follow_Up	seq=54815 li=-3 spid=3cc0c6fffefe02100001
11.179819525	2	3c:c0:c6:fe:02:11	gPTP Sync	seq=54816 li=-3 spid=3cc0c6fffefe02100001
11.180551911	2	3c:c0:c6:fe:02:11	gPTP Follow_Up	seq=54816 li=-3 spid=3cc0c6fffefe02100001
11.239190977	2	3c:c0:c6:fe:02:11	MVRP	
11.249783058	2	3c:c0:c6:fe:02:11	gPTP Pdelay_Req	seq=1414 li=0 spid=3cc0c6fffefe02100001
11.249794050	3	02:00:00:00:00:01	gPTP Pdelay_Resp	seq=1414 li=127 spid=020000fffe0000010001
11.249801610	3	02:00:00:00:00:01	gPTP Pdelay_Resp_Follow_Up	seq=1414 li=127 spid=020000fffe0000010001
11.309842711	2	3c:c0:c6:fe:02:11	gPTP Sync	seq=54817 li=-3 spid=3cc0c6fffefe02100001
11.310578713	2	3c:c0:c6:fe:02:11	gPTP Follow_Up	seq=54817 li=-3 spid=3cc0c6fffefe02100001
11.351347785	3	02:00:00:00:00:01	MSRP	
11.429818202	2	3c:c0:c6:fe:02:11	gPTP Sync	seq=54818 li=-3 spid=3cc0c6fffefe02100001
11.430556419	2	3c:c0:c6:fe:02:11	gPTP Follow_Up	seq=54818 li=-3 spid=3cc0c6fffefe02100001
11.551351040	3	02:00:00:00:00:01	gPTP Pdelay_Req	seq=1322 li=0 spid=020000fffe0000010001
11.552111121	2	3c:c0:c6:fe:02:11	gPTP Pdelay_Resp	seq=1322 li=127 spid=3cc0c6fffefe02100001
11.553102140	2	3c:c0:c6:fe:02:11	gPTP Pdelay_Resp_Follow_Up	seq=1322 li=127 spid=3cc0c6fffefe02100001
11.569031249	2	3c:c0:c6:fe:02:11	gPTP Sync	seq=54819 li=-3 spid=3cc0c6fffefe02100001
11.569611067	2	3c:c0:c6:fe:02:11	gPTP Follow_Up	seq=54819 li=-3 spid=3cc0c6fffefe02100001
11.599312888	2	3c:c0:c6:fe:02:11	MVRP	
11.679865494	2	3c:c0:c6:fe:02:11	gPTP Sync	seq=54820 li=-3 spid=3cc0c6fffefe02100001
11.680610072	2	3c:c0:c6:fe:02:11	gPTP Follow_Up	seq=54820 li=-3 spid=3cc0c6fffefe02100001
11.809881672	2	3c:c0:c6:fe:02:11	gPTP Sync	seq=54821 li=-3 spid=3cc0c6fffefe02100001
11.810613874	2	3c:c0:c6:fe:02:11	gPTP Follow_Up	seq=54821 li=-3 spid=3cc0c6fffefe02100001
11.929827954	2	3c:c0:c6:fe:02:11	gPTP Sync	seq=54822 li=-3 spid=3cc0c6fffefe02100001
11.930557972	2	3c:c0:c6:fe:02:11	gPTP Follow_Up	seq=54822 li=-3 spid=3cc0c6fffefe02100001
11.939130040	2	3c:c0:c6:fe:02:11	ethertype 0x0027	
12.000086911	2	3c:c0:c6:fe:02:11	gPTP Announce	seq=63850 li=0 spid=3cc0c6fffefe02100001 gm=3cc0c6fffefe0210 p1=246 sr=0
12.059914756	2	3c:c0:c6:fe:02:11	gPTP Sync	seq=54823 li=-3 spid=3cc0c6fffefe02100001
12.060646566	2	3c:c0:c6:fe:02:11	gPTP Follow_Up	seq=54823 li=-3 spid=3cc0c6fffefe02100001
12.179827846	2	3c:c0:c6:fe:02:11	gPTP Sync	seq=54824 li=-3 spid=3cc0c6fffefe02100001
12.180560656	2	3c:c0:c6:fe:02:11	gPTP Follow_Up	seq=54824 li=-3 spid=3cc0c6fffefe02100001
12.249741179	2	3c:c0:c6:fe:02:11	gPTP Pdelay_Req	seq=1415 li=0 spid=3cc0c6fffefe02100001
12.249752171	3	02:00:00:00:00:01	gPTP Pdelay_Resp	seq=1415 li=127 spid=020000fffe0000010001
12.249759731	3	02:00:00:00:00:01	gPTP Pdelay_Resp_Follow_Up	seq=1415 li=127 spid=020000fffe0000010001
12.309869240	2	3c:c0:c6:fe:02:11	gPTP Sync	seq=54825 li=-3 spid=3cc0c6fffefe02100001
12.310607234	2	3c:c0:c6:fe:02:11	gPTP Follow_Up	seq=54825 li=-3 spid=3cc0c6fffefe02100001
12.351350082	3	02:00:00:00:00:01	MSRP	
12.429824930	2	3c:c0:c6:fe:02:11	gPTP Sync	seq=54826 li=-3 spid=3cc0c6fffefe02100001
12.430563148	2	3c:c0:c6:fe:02:11	gPTP Follow_Up	seq=54826 li=-3 spid=3cc0c6fffefe02100001
12.549643852	2	3c:c0:c6:fe:02:11	MSRP	
12.551351616	3	02:00:00:00:00:01	MSRP	
12.551353352	3	02:00:00:00:00:01	gPTP Pdelay_Req	seq=1323 li=0 spid=020000fffe0000010001
12.552187066	2	3c:c0:c6:fe:02:11	gPTP Pdelay_Resp	seq=1323 li=127 spid=3cc0c6fffefe02100001
12.553176260	2	3c:c0:c6:fe:02:11	gPTP Pdelay_Resp_Follow_Up	seq=1323 li=127 spid=3cc0c6fffefe02100001
12.569051578	2	3c:c0:c6:fe:02:11	gPTP Sync	seq=54827 li=-3 spid=3cc0c6fffefe02100001
12.569654403	2	3c:c0:c6:fe:02:11	gPTP Follow_Up	seq=54827 li=-3 spid=3cc0c6fffefe02100001
12.599147617	2	3c:c0:c6:fe:02:11	MVRP	
12.679852222	2	3c:c0:c6:fe:02:11	gPTP Sync	seq=54828 li=-3 spid=3cc0c6fffefe02100001
12.680599424	2	3c:c0:c6:fe:02:11	gPTP Follow_Up	seq=54828 li=-3 spid=3cc0c6fffefe02100001
12.809892976	2	3c:c0:c6:fe:02:11	gPTP Sync	seq=54829 li=-3 spid=3cc0c6fffefe02100001
12.810627386	2	3c:c0:c6:fe:02:11	gPTP Follow_Up	seq=54829 li=-3 spid=3cc0c6fffefe02100001
12.895972859	2	68:05:ca:95:b2:ed	AECP	
12.896004659	3	02:00:00:00:00:01	AECP	
12.896173243	2	68:05:ca:95:b2:ed	AECP	
12.896200475	3	02:00:00:00:00:01	AECP	
12.929854107	2	3c:c0:c6:fe:02:11	gPTP Sync	seq=54830 li=-3 spid=3cc0c6fffefe02100001
12.930582108	2	3c:c0:c6:fe:02:11	gPTP Follow_Up	seq=54830 li=-3 spid=3cc0c6fffefe02100001
13.000053832	2	3c:c0:c6:fe:02:11	gPTP Announce	seq=63851 li=0 spid=3cc0c6fffefe02100001 gm=3cc0c6fffefe0210 p1=246 sr=0
13.059929261	2	3c:c0:c6:fe:02:11	gPTP Sync	seq=54831 li=-3 spid=3cc0c6fffefe02100001
13.060661486	2	3c:c0:c6:fe:02:11	gPTP Follow_Up	seq=54831 li=-3 spid=3cc0c6fffefe02100001
13.179855183	2	3c:c0:c6:fe:02:11	gPTP Sync	seq=54832 li=-3 spid=3cc0c6fffefe02100001
13.180593400	2	3c:c0:c6:fe:02:11	gPTP Follow_Up	seq=54832 li=-3 spid=3cc0c6fffefe02100001
13.249752515	2	3c:c0:c6:fe:02:11	gPTP Pdelay_Req	seq=1416 li=0 spid=3cc0c6fffefe02100001
13.249763499	3	02:00:00:00:00:01	gPTP Pdelay_Resp	seq=1416 li=127 spid=020000fffe0000010001
13.249771059	3	02:00:00:00:00:01	gPTP Pdelay_Resp_Follow_Up	seq=1416 li=127 spid=020000fffe0000010001
13.309857961	2	3c:c0:c6:fe:02:11	gPTP Sync	seq=54833 li=-3 spid=3cc0c6fffefe02100001
13.310592970	2	3c:c0:c6:fe:02:11	gPTP Follow_Up	seq=54833 li=-3 spid=3cc0c6fffefe02100001
13.351352418	3	02:00:00:00:00:01	MSRP	
13.429801067	2	3c:c0:c6:fe:02:11	gPTP Sync	seq=54834 li=-3 spid=3cc0c6fffefe02100001
13.430534484	2	3c:c0:c6:fe:02:11	gPTP Follow_Up	seq=54834 li=-3 spid=3cc0c6fffefe02100001
13.551355689	3	02:00:00:00:00:01	gPTP Pdelay_Req	seq=1324 li=0 spid=020000fffe0000010001
13.552127587	2	3c:c0:c6:fe:02:11	gPTP Pdelay_Resp	seq=1324 li=127 spid=3cc0c6fffefe02100001
13.553115405	2	3c:c0:c6:fe:02:11	gPTP Pdelay_Resp_Follow_Up	seq=1324 li=127 spid=3cc0c6fffefe02100001
13.569045506	2	3c:c0:c6:fe:02:11	gPTP Sync	seq=54835 li=-3 spid=3cc0c6fffefe02100001
13.569624332	2	3c:c0:c6:fe:02:11	gPTP Follow_Up	seq=54835 li=-3 spid=3cc0c6fffefe02100001
13.599338954	2	3c:c0:c6:fe:02:11	MVRP	
13.679857351	2	3c:c0:c6:fe:02:11	gPTP Sync	seq=54836 li=-3 spid=3cc0c6fffefe02100001
13.680606769	2	3c:c0:c6:fe:02:11	gPTP Follow_Up	seq=54836 li=-3 spid=3cc0c6fffefe02100001
13.809915129	2	3c:c0:c6:fe:02:11	gPTP Sync	seq=54837 li=-3 spid=3cc0c6fffefe02100001
13.810651139	2	3c:c0:c6:fe:02:11	gPTP Follow_Up	seq=54837 li=-3 spid=3cc0c6fffefe02100001
13.860354672	3	02:00:00:00:00:01	ADP	eid=020000fffe000001 gm=3cc0c6fffefe0210
13.929859843	2	3c:c0:c6:fe:02:11	gPTP Sync	seq=54838 li=-3 spid=3cc0c6fffefe02100001
13.930583429	2	3c:c0:c6:fe:02:11	gPTP Follow_Up	seq=54838 li=-3 spid=3cc0c6fffefe02100001
13.939150313	2	3c:c0:c6:fe:02:11	ethertype 0x0027	
14.000083952	2	3c:c0:c6:fe:02:11	gPTP Announce	seq=63852 li=0 spid=3cc0c6fffefe02100001 gm=3cc0c6fffefe0210 p1=246 sr=0
14.059946613	2	3c:c0:c6:fe:02:11	gPTP Sync	seq=54839 li=-3 spid=3cc0c6fffefe02100001
14.060676791	2	3c:c0:c6:fe:02:11	gPTP Follow_Up	seq=54839 li=-3 spid=3cc0c6fffefe02100001
14.179841719	2	3c:c0:c6:fe:02:11	gPTP Sync	seq=54840 li=-3 spid=3cc0c6fffefe02100001
14.180576513	2	3c:c0:c6:fe:02:11	gPTP Follow_Up	seq=54840 li=-3 spid=3cc0c6fffefe02100001
14.249830252	2	3c:c0:c6:fe:02:11	gPTP Pdelay_Req	seq=1417 li=0 spid=3cc0c6fffefe02100001
14.249841252	3	02:00:00:00:00:01	gPTP Pdelay_Resp	seq=1417 li=127 spid=020000fffe0000010001
14.249848812	3	02:00:00:00:00:01	gPTP Pdelay_Resp_Follow_Up	seq=1417 li=127 spid=020000fffe0000010001
14.309934705	2	3c:c0:c6:fe:02:11	gPTP Sync	seq=54841 li=-3 spid=3cc0c6fffefe02100001
14.310672691	2	3c:c0:c6:fe:02:11	gPTP Follow_Up	seq=54841 li=-3 spid=3cc0c6fffefe02100001
14.351354746	3	02:00:00:00:00:01	MSRP	
14.429812595	2	3c:c0:c6:fe:02:11	gPTP Sync	seq=54842 li=-3 spid=3cc0c6fffefe02100001
14.430547613	2	3c:c0:c6:fe:02:11	gPTP Follow_Up	seq=54842 li=-3 spid=3cc0c6fffefe02100001
14.551358017	3	02:00:00:00:00:01	gPTP Pdelay_Req	seq=1325 li=0 spid=020000fffe0000010001
14.552127915	2	3c:c0:c6:fe:02:11	gPTP Pdelay_Resp	seq=1325 li=127 spid=3cc0c6fffefe02100001
14.553114517	2	3c:c0:c6:fe:02:11	gPTP Pdelay_Resp_Follow_Up	seq=1325 li=127 spid=3cc0c6fffefe02100001
14.569053834	2	3c:c0:c6:fe:02:11	gPTP Sync	seq=54843 li=-3 spid=3cc0c6fffefe02100001
14.569631444	2	3c:c0:c6:fe:02:11	gPTP Follow_Up	seq=54843 li=-3 spid=3cc0c6fffefe02100001
14.599154673	2	3c:c0:c6:fe:02:11	MVRP	
14.679890287	2	3c:c0:c6:fe:02:11	gPTP Sync	seq=54844 li=-3 spid=3cc0c6fffefe02100001
14.680636889	2	3c:c0:c6:fe:02:11	gPTP Follow_Up	seq=54844 li=-3 spid=3cc0c6fffefe02100001
14.809912865	2	3c:c0:c6:fe:02:11	gPTP Sync	seq=54845 li=-3 spid=3cc0c6fffefe02100001
14.810649259	2	3c:c0:c6:fe:02:11	gPTP Follow_Up	seq=54845 li=-3 spid=3cc0c6fffefe02100001
14.929825963	2	3c:c0:c6:fe:02:11	gPTP Sync	seq=54846 li=-3 spid=3cc0c6fffefe02100001
14.930554957	2	3c:c0:c6:fe:02:11	gPTP Follow_Up	seq=54846 li=-3 spid=3cc0c6fffefe02100001
15.000091288	2	3c:c0:c6:fe:02:11	gPTP Announce	seq=63853 li=0 spid=3cc0c6fffefe02100001 gm=3cc0c6fffefe0210 p1=246 sr=0
15.059937341	2	3c:c0:c6:fe:02:11	gPTP Sync	seq=54847 li=-3 spid=3cc0c6fffefe02100001
15.060664351	2	3c:c0:c6:fe:02:11	gPTP Follow_Up	seq=54847 li=-3 spid=3cc0c6fffefe02100001
15.179848415	2	3c:c0:c6:fe:02:11	gPTP Sync	seq=54848 li=-3 spid=3cc0c6fffefe02100001
15.180582249	2	3c:c0:c6:fe:02:11	gPTP Follow_Up	seq=54848 li=-3 spid=3cc0c6fffefe02100001
15.249765364	2	3c:c0:c6:fe:02:11	gPTP Pdelay_Req	seq=1418 li=0 spid=3cc0c6fffefe02100001
15.249776348	3	02:00:00:00:00:01	gPTP Pdelay_Resp	seq=1418 li=127 spid=020000fffe0000010001
15.249783908	3	02:00:00:00:00:01	gPTP Pdelay_Resp_Follow_Up	seq=1418 li=127 spid=020000fffe0000010001
15.309895417	2	3c:c0:c6:fe:02:11	gPTP Sync	seq=54849 li=-3 spid=3cc0c6fffefe02100001
15.310631419	2	3c:c0:c6:fe:02:11	gPTP Follow_Up	seq=54849 li=-3 spid=3cc0c6fffefe02100001
15.351357090	3	02:00:00:00:00:01	MSRP	
15.429814523	2	3c:c0:c6:fe:02:11	gPTP Sync	seq=54850 li=-3 spid=3cc0c6fffefe02100001
15.430547941	2	3c:c0:c6:fe:02:11	gPTP Follow_Up	seq=54850 li=-3 spid=3cc0c6fffefe02100001
15.551360361	3	02:00:00:00:00:01	gPTP Pdelay_Req	seq=1326 li=0 spid=020000fffe0000010001
15.552123443	2	3c:c0:c6:fe:02:11	gPTP Pdelay_Resp	seq=1326 li=127 spid=3cc0c6fffefe02100001
15.553111645	2	3c:c0:c6:fe:02:11	gPTP Pdelay_Resp_Follow_Up	seq=1326 li=127 spid=3cc0c6fffefe02100001
15.569063763	2	3c:c0:c6:fe:02:11	gPTP Sync	seq=54851 li=-3 spid=3cc0c6fffefe02100001
15.569642972	2	3c:c0:c6:fe:02:11	gPTP Follow_Up	seq=54851 li=-3 spid=3cc0c6fffefe02100001
15.599358810	2	3c:c0:c6:fe:02:11	MVRP	
15.679871415	2	3c:c0:c6:fe:02:11	gPTP Sync	seq=54852 li=-3 spid=3cc0c6fffefe02100001
15.680616985	2	3c:c0:c6:fe:02:11	gPTP Follow_Up	seq=54852 li=-3 spid=3cc0c6fffefe02100001
15.738124240	2	3c:c0:c6:01:02:03	ADP	eid=3cc0c60102030000 gm=3cc0c6fffefe0210
15.809910985	2	3c:c0:c6:fe:02:11	gPTP Sync	seq=54853 li=-3 spid=3cc0c6fffefe02100001
15.810643186	2	3c:c0:c6:fe:02:11	gPTP Follow_Up	seq=54853 li=-3 spid=3cc0c6fffefe02100001
15.837355713	3	02:00:00:00:00:01	MAAP	
15.851627299	2	3c:c0:c6:01:02:03	MAAP	
15.929840074	2	3c:c0:c6:fe:02:11	gPTP Sync	seq=54854 li=-3 spid=3cc0c6fffefe02100001
15.930566100	2	3c:c0:c6:fe:02:11	gPTP Follow_Up	seq=54854 li=-3 spid=3cc0c6fffefe02100001
15.939159960	2	3c:c0:c6:fe:02:11	ethertype 0x0027	
16.000097023	2	3c:c0:c6:fe:02:11	gPTP Announce	seq=63854 li=0 spid=3cc0c6fffefe02100001 gm=3cc0c6fffefe0210 p1=246 sr=0
16.059946276	2	3c:c0:c6:fe:02:11	gPTP Sync	seq=54855 li=-3 spid=3cc0c6fffefe02100001
16.060671461	2	3c:c0:c6:fe:02:11	gPTP Follow_Up	seq=54855 li=-3 spid=3cc0c6fffefe02100001
16.179877957	2	3c:c0:c6:fe:02:11	gPTP Sync	seq=54856 li=-3 spid=3cc0c6fffefe02100001
16.180611375	2	3c:c0:c6:fe:02:11	gPTP Follow_Up	seq=54856 li=-3 spid=3cc0c6fffefe02100001
16.249773681	2	3c:c0:c6:fe:02:11	gPTP Pdelay_Req	seq=1419 li=0 spid=3cc0c6fffefe02100001
16.249784665	3	02:00:00:00:00:01	gPTP Pdelay_Resp	seq=1419 li=127 spid=020000fffe0000010001
16.249792225	3	02:00:00:00:00:01	gPTP Pdelay_Resp_Follow_Up	seq=1419 li=127 spid=020000fffe0000010001
16.309882934	2	3c:c0:c6:fe:02:11	gPTP Sync	seq=54857 li=-3 spid=3cc0c6fffefe02100001
16.310621152	2	3c:c0:c6:fe:02:11	gPTP Follow_Up	seq=54857 li=-3 spid=3cc0c6fffefe02100001
16.351359424	3	02:00:00:00:00:01	MSRP	
16.429825440	2	3c:c0:c6:fe:02:11	gPTP Sync	seq=54858 li=-3 spid=3cc0c6fffefe02100001
16.430563650	2	3c:c0:c6:fe:02:11	gPTP Follow_Up	seq=54858 li=-3 spid=3cc0c6fffefe02100001
16.551362693	3	02:00:00:00:00:01	gPTP Pdelay_Req	seq=1327 li=0 spid=020000fffe0000010001
16.552130743	2	3c:c0:c6:fe:02:11	gPTP Pdelay_Resp	seq=1327 li=127 spid=3cc0c6fffefe02100001
16.553118969	2	3c:c0:c6:fe:02:11	gPTP Pdelay_Resp_Follow_Up	seq=1327 li=127 spid=3cc0c6fffefe02100001
16.569067895	2	3c:c0:c6:fe:02:11	gPTP Sync	seq=54859 li=-3 spid=3cc0c6fffefe02100001
16.569647096	2	3c:c0:c6:fe:02:11	gPTP Follow_Up	seq=54859 li=-3 spid=3cc0c6fffefe02100001
16.599116309	2	3c:c0:c6:fe:02:11	MVRP	
16.679879123	2	3c:c0:c6:fe:02:11	gPTP Sync	seq=54860 li=-3 spid=3cc0c6fffefe02100001
16.680622525	2	3c:c0:c6:fe:02:11	gPTP Follow_Up	seq=54860 li=-3 spid=3cc0c6fffefe02100001
16.809932100	2	3c:c0:c6:fe:02:11	gPTP Sync	seq=54861 li=-3 spid=3cc0c6fffefe02100001
16.810665902	2	3c:c0:c6:fe:02:11	gPTP Follow_Up	seq=54861 li=-3 spid=3cc0c6fffefe02100001
16.929847406	2	3c:c0:c6:fe:02:11	gPTP Sync	seq=54862 li=-3 spid=3cc0c6fffefe02100001
16.930574800	2	3c:c0:c6:fe:02:11	gPTP Follow_Up	seq=54862 li=-3 spid=3cc0c6fffefe02100001
16.939284468	2	3c:c0:c6:fe:02:10	ethertype 0x0800	
17.000103931	2	3c:c0:c6:fe:02:11	gPTP Announce	seq=63855 li=0 spid=3cc0c6fffefe02100001 gm=3cc0c6fffefe0210 p1=246 sr=0
17.059974976	2	3c:c0:c6:fe:02:11	gPTP Sync	seq=54863 li=-3 spid=3cc0c6fffefe02100001
17.060707778	2	3c:c0:c6:fe:02:11	gPTP Follow_Up	seq=54863 li=-3 spid=3cc0c6fffefe02100001
17.179864674	2	3c:c0:c6:fe:02:11	gPTP Sync	seq=54864 li=-3 spid=3cc0c6fffefe02100001
17.180596491	2	3c:c0:c6:fe:02:11	gPTP Follow_Up	seq=54864 li=-3 spid=3cc0c6fffefe02100001
17.249780822	2	3c:c0:c6:fe:02:11	gPTP Pdelay_Req	seq=1420 li=0 spid=3cc0c6fffefe02100001
17.249791822	3	02:00:00:00:00:01	gPTP Pdelay_Resp	seq=1420 li=127 spid=020000fffe0000010001
17.249799382	3	02:00:00:00:00:01	gPTP Pdelay_Resp_Follow_Up	seq=1420 li=127 spid=020000fffe0000010001
17.309886259	2	3c:c0:c6:fe:02:11	gPTP Sync	seq=54865 li=-3 spid=3cc0c6fffefe02100001
17.310621277	2	3c:c0:c6:fe:02:11	gPTP Follow_Up	seq=54865 li=-3 spid=3cc0c6fffefe02100001
17.351362116	3	02:00:00:00:00:01	MSRP	
17.351734765	2	3c:c0:c6:fe:02:11	MSRP	
17.429829757	2	3c:c0:c6:fe:02:11	gPTP Sync	seq=54866 li=-3 spid=3cc0c6fffefe02100001
17.430564767	2	3c:c0:c6:fe:02:11	gPTP Follow_Up	seq=54866 li=-3 spid=3cc0c6fffefe02100001
17.449711924	2	3c:c0:c6:fe:02:11	MSRP	
17.551365018	3	02:00:00:00:00:01	gPTP Pdelay_Req	seq=1328 li=0 spid=020000fffe0000010001
17.552160084	2	3c:c0:c6:fe:02:11	gPTP Pdelay_Resp	seq=1328 li=127 spid=3cc0c6fffefe02100001
17.553151103	2	3c:c0:c6:fe:02:11	gPTP Pdelay_Resp_Follow_Up	seq=1328 li=127 spid=3cc0c6fffefe02100001
17.569079220	2	3c:c0:c6:fe:02:11	gPTP Sync	seq=54867 li=-3 spid=3cc0c6fffefe02100001
17.569657205	2	3c:c0:c6:fe:02:11	gPTP Follow_Up	seq=54867 li=-3 spid=3cc0c6fffefe02100001
17.599342035	2	3c:c0:c6:fe:02:11	MVRP	
17.679941049	2	3c:c0:c6:fe:02:11	gPTP Sync	seq=54868 li=-3 spid=3cc0c6fffefe02100001
17.680686042	2	3c:c0:c6:fe:02:11	gPTP Follow_Up	seq=54868 li=-3 spid=3cc0c6fffefe02100001
17.809932618	2	3c:c0:c6:fe:02:11	gPTP Sync	seq=54869 li=-3 spid=3cc0c6fffefe02100001
17.810666604	2	3c:c0:c6:fe:02:11	gPTP Follow_Up	seq=54869 li=-3 spid=3cc0c6fffefe02100001
17.894964074	2	68:05:ca:95:b2:ed	AECP	
17.894995922	3	02:00:00:00:00:01	AECP	
17.895164042	2	68:05:ca:95:b2:ed	AECP	
17.895192106	3	02:00:00:00:00:01	AECP	
17.929851724	2	3c:c0:c6:fe:02:11	gPTP Sync	seq=54870 li=-3 spid=3cc0c6fffefe02100001
17.930578134	2	3c:c0:c6:fe:02:11	gPTP Follow_Up	seq=54870 li=-3 spid=3cc0c6fffefe02100001
17.939176402	2	3c:c0:c6:fe:02:11	ethertype 0x0027	
18.000097249	2	3c:c0:c6:fe:02:11	gPTP Announce	seq=63856 li=0 spid=3cc0c6fffefe02100001 gm=3cc0c6fffefe0210 p1=246 sr=0
18.059987110	2	3c:c0:c6:fe:02:11	gPTP Sync	seq=54871 li=-3 spid=3cc0c6fffefe02100001
18.060716712	2	3c:c0:c6:fe:02:11	gPTP Follow_Up	seq=54871 li=-3 spid=3cc0c6fffefe02100001
18.179870984	2	3c:c0:c6:fe:02:11	gPTP Sync	seq=54872 li=-3 spid=3cc0c6fffefe02100001
18.180601617	2	3c:c0:c6:fe:02:11	gPTP Follow_Up	seq=54872 li=-3 spid=3cc0c6fffefe02100001
18.249790708	2	3c:c0:c6:fe:02:11	gPTP Pdelay_Req	seq=1421 li=0 spid=3cc0c6fffefe02100001
18.249801692	3	02:00:00:00:00:01	gPTP Pdelay_Resp	seq=1421 li=127 spid=020000fffe0000010001
18.249809252	3	02:00:00:00:00:01	gPTP Pdelay_Resp_Follow_Up	seq=1421 li=127 spid=020000fffe0000010001
18.309912185	2	3c:c0:c6:fe:02:11	gPTP Sync	seq=54873 li=-3 spid=3cc0c6fffefe02100001
18.310646595	2	3c:c0:c6:fe:02:11	gPTP Follow_Up	seq=54873 li=-3 spid=3cc0c6fffefe02100001
18.351364091	3	02:00:00:00:00:01	MSRP	
18.429836483	2	3c:c0:c6:fe:02:11	gPTP Sync	seq=54874 li=-3 spid=3cc0c6fffefe02100001
18.430572069	2	3c:c0:c6:fe:02:11	gPTP Follow_Up	seq=54874 li=-3 spid=3cc0c6fffefe02100001
18.551367361	3	02:00:00:00:00:01	gPTP Pdelay_Req	seq=1329 li=0 spid=020000fffe0000010001
18.552157211	2	3c:c0:c6:fe:02:11	gPTP Pdelay_Resp	seq=1329 li=127 spid=3cc0c6fffefe02100001
18.553142213	2	3c:c0:c6:fe:02:11	gPTP Pdelay_Resp_Follow_Up	seq=1329 li=127 spid=3cc0c6fffefe02100001
18.569085339	2	3c:c0:c6:fe:02:11	gPTP Sync	seq=54875 li=-3 spid=3cc0c6fffefe02100001
18.569668356	2	3c:c0:c6:fe:02:11	gPTP Follow_Up	seq=54875 li=-3 spid=3cc0c6fffefe02100001
18.599198369	2	3c:c0:c6:fe:02:11	MVRP	
18.679895551	2	3c:c0:c6:fe:02:11	gPTP Sync	seq=54876 li=-3 spid=3cc0c6fffefe02100001
18.680644353	2	3c:c0:c6:fe:02:11	gPTP Follow_Up	seq=54876 li=-3 spid=3cc0c6fffefe02100001
18.809940528	2	3c:c0:c6:fe:02:11	gPTP Sync	seq=54877 li=-3 spid=3cc0c6fffefe02100001
18.810671162	2	3c:c0:c6:fe:02:11	gPTP Follow_Up	seq=54877 li=-3 spid=3cc0c6fffefe02100001
18.929858458	2	3c:c0:c6:fe:02:11	gPTP Sync	seq=54878 li=-3 spid=3cc0c6fffefe02100001
18.930584860	2	3c:c0:c6:fe:02:11	gPTP Follow_Up	seq=54878 li=-3 spid=3cc0c6fffefe02100001
19.000100775	2	3c:c0:c6:fe:02:11	gPTP Announce	seq=63857 li=0 spid=3cc0c6fffefe02100001 gm=3cc0c6fffefe0210 p1=246 sr=0
19.059987435	2	3c:c0:c6:fe:02:11	gPTP Sync	seq=54879 li=-3 spid=3cc0c6fffefe02100001
19.060714445	2	3c:c0:c6:fe:02:11	gPTP Follow_Up	seq=54879 li=-3 spid=3cc0c6fffefe02100001
19.179902733	2	3c:c0:c6:fe:02:11	gPTP Sync	seq=54880 li=-3 spid=3cc0c6fffefe02100001
19.180638742	2	3c:c0:c6:fe:02:11	gPTP Follow_Up	seq=54880 li=-3 spid=3cc0c6fffefe02100001
19.249796249	2	3c:c0:c6:fe:02:11	gPTP Pdelay_Req	seq=1422 li=0 spid=3cc0c6fffefe02100001
19.249807241	3	02:00:00:00:00:01	gPTP Pdelay_Resp	seq=1422 li=127 spid=020000fffe0000010001
19.249814801	3	02:00:00:00:00:01	gPTP Pdelay_Resp_Follow_Up	seq=1422 li=127 spid=020000fffe0000010001
19.309907102	2	3c:c0:c6:fe:02:11	gPTP Sync	seq=54881 li=-3 spid=3cc0c6fffefe02100001
19.310646311	2	3c:c0:c6:fe:02:11	gPTP Follow_Up	seq=54881 li=-3 spid=3cc0c6fffefe02100001
19.351366423	3	02:00:00:00:00:01	MSRP	
19.429845415	2	3c:c0:c6:fe:02:11	gPTP Sync	seq=54882 li=-3 spid=3cc0c6fffefe02100001
19.430580817	2	3c:c0:c6:fe:02:11	gPTP Follow_Up	seq=54882 li=-3 spid=3cc0c6fffefe02100001
19.551369684	3	02:00:00:00:00:01	gPTP Pdelay_Req	seq=1330 li=0 spid=020000fffe0000010001
19.552203934	2	3c:c0:c6:fe:02:11	gPTP Pdelay_Resp	seq=1330 li=127 spid=3cc0c6fffefe02100001
19.553192136	2	3c:c0:c6:fe:02:11	gPTP Pdelay_Resp_Follow_Up	seq=1330 li=127 spid=3cc0c6fffefe02100001
19.569101054	2	3c:c0:c6:fe:02:11	gPTP Sync	seq=54883 li=-3 spid=3cc0c6fffefe02100001
19.569692647	2	3c:c0:c6:fe:02:11	gPTP Follow_Up	seq=54883 li=-3 spid=3cc0c6fffefe02100001
19.594368049	3	02:00:00:00:00:01	ADP	eid=020000fffe000001 gm=3cc0c6fffefe0210
19.599368869	2	3c:c0:c6:fe:02:11	MVRP	
19.679908674	2	3c:c0:c6:fe:02:11	gPTP Sync	seq=54884 li=-3 spid=3cc0c6fffefe02100001
19.680652676	2	3c:c0:c6:fe:02:11	gPTP Follow_Up	seq=54884 li=-3 spid=3cc0c6fffefe02100001
19.782364906	3	02:00:00:00:00:01	MAAP	
19.809955667	2	3c:c0:c6:fe:02:11	gPTP Sync	seq=54885 li=-3 spid=3cc0c6fffefe02100001
19.810691293	2	3c:c0:c6:fe:02:11	gPTP Follow_Up	seq=54885 li=-3 spid=3cc0c6fffefe02100001
19.929864572	2	3c:c0:c6:fe:02:11	gPTP Sync	seq=54886 li=-3 spid=3cc0c6fffefe02100001
19.930593182	2	3c:c0:c6:fe:02:11	gPTP Follow_Up	seq=54886 li=-3 spid=3cc0c6fffefe02100001
19.939190242	2	3c:c0:c6:fe:02:11	ethertype 0x0027	
20.000111881	2	3c:c0:c6:fe:02:11	gPTP Announce	seq=63858 li=0 spid=3cc0c6fffefe02100001 gm=3cc0c6fffefe0210 p1=246 sr=0
20.059977549	2	3c:c0:c6:fe:02:11	gPTP Sync	seq=54887 li=-3 spid=3cc0c6fffefe02100001
20.060703567	2	3c:c0:c6:fe:02:11	gPTP Follow_Up	seq=54887 li=-3 spid=3cc0c6fffefe02100001
20.179887630	2	3c:c0:c6:fe:02:11	gPTP Sync	seq=54888 li=-3 spid=3cc0c6fffefe02100001
20.180620472	2	3c:c0:c6:fe:02:11	gPTP Follow_Up	seq=54888 li=-3 spid=3cc0c6fffefe02100001
20.249802562	2	3c:c0:c6:fe:02:11	gPTP Pdelay_Req	seq=1423 li=0 spid=3cc0c6fffefe02100001
20.249813554	3	02:00:00:00:00:01	gPTP Pdelay_Resp	seq=1423 li=127 spid=020000fffe0000010001
20.249821114	3	02:00:00:00:00:01	gPTP Pdelay_Resp_Follow_Up	seq=1423 li=127 spid=020000fffe0000010001
20.309909023	2	3c:c0:c6:fe:02:11	gPTP Sync	seq=54889 li=-3 spid=3cc0c6fffefe02100001
20.310645641	2	3c:c0:c6:fe:02:11	gPTP Follow_Up	seq=54889 li=-3 spid=3cc0c6fffefe02100001
20.351368752	3	02:00:00:00:00:01	MSRP	
20.429854312	2	3c:c0:c6:fe:02:11	gPTP Sync	seq=54890 li=-3 spid=3cc0c6fffefe02100001
20.430590730	2	3c:c0:c6:fe:02:11	gPTP Follow_Up	seq=54890 li=-3 spid=3cc0c6fffefe02100001
20.551372021	3	02:00:00:00:00:01	gPTP Pdelay_Req	seq=1331 li=0 spid=020000fffe0000010001
20.552137631	2	3c:c0:c6:fe:02:11	gPTP Pdelay_Resp	seq=1331 li=127 spid=3cc0c6fffefe02100001
20.553123273	2	3c:c0:c6:fe:02:11	gPTP Pdelay_Resp_Follow_Up	seq=1331 li=127 spid=3cc0c6fffefe02100001
20.569100959	2	3c:c0:c6:fe:02:11	gPTP Sync	seq=54891 li=-3 spid=3cc0c6fffefe02100001
20.569680576	2	3c:c0:c6:fe:02:11	gPTP Follow_Up	seq=54891 li=-3 spid=3cc0c6fffefe02100001
20.599207997	2	3c:c0:c6:fe:02:11	MVRP	
20.679939427	2	3c:c0:c6:fe:02:11	gPTP Sync	seq=54892 li=-3 spid=3cc0c6fffefe02100001
20.680685412	2	3c:c0:c6:fe:02:11	gPTP Follow_Up	seq=54892 li=-3 spid=3cc0c6fffefe02100001
20.809954996	2	3c:c0:c6:fe:02:11	gPTP Sync	seq=54893 li=-3 spid=3cc0c6fffefe02100001
20.810687190	2	3c:c0:c6:fe:02:11	gPTP Follow_Up	seq=54893 li=-3 spid=3cc0c6fffefe02100001
20.929870901	2	3c:c0:c6:fe:02:11	gPTP Sync	seq=54894 li=-3 spid=3cc0c6fffefe02100001
20.930599295	2	3c:c0:c6:fe:02:11	gPTP Follow_Up	seq=54894 li=-3 spid=3cc0c6fffefe02100001
21.000130826	2	3c:c0:c6:fe:02:11	gPTP Announce	seq=63859 li=0 spid=3cc0c6fffefe02100001 gm=3cc0c6fffefe0210 p1=246 sr=0
21.059987079	2	3c:c0:c6:fe:02:11	gPTP Sync	seq=54895 li=-3 spid=3cc0c6fffefe02100001
21.060716081	2	3c:c0:c6:fe:02:11	gPTP Follow_Up	seq=54895 li=-3 spid=3cc0c6fffefe02100001
21.179892784	2	3c:c0:c6:fe:02:11	gPTP Sync	seq=54896 li=-3 spid=3cc0c6fffefe02100001
21.180622770	2	3c:c0:c6:fe:02:11	gPTP Follow_Up	seq=54896 li=-3 spid=3cc0c6fffefe02100001
21.239265612	2	3c:c0:c6:fe:02:11	MVRP	
21.249856093	2	3c:c0:c6:fe:02:11	gPTP Pdelay_Req	seq=1424 li=0 spid=3cc0c6fffefe02100001
21.249867085	3	02:00:00:00:00:01	gPTP Pdelay_Resp	seq=1424 li=127 spid=020000fffe0000010001
21.249874645	3	02:00:00:00:00:01	gPTP Pdelay_Resp_Follow_Up	seq=1424 li=127 spid=020000fffe0000010001
21.309934946	2	3c:c0:c6:fe:02:11	gPTP Sync	seq=54897 li=-3 spid=3cc0c6fffefe02100001
21.310672164	2	3c:c0:c6:fe:02:11	gPTP Follow_Up	seq=54897 li=-3 spid=3cc0c6fffefe02100001
21.351371083	3	02:00:00:00:00:01	MSRP	
21.395608003	2	3c:c0:c6:01:02:03	ADP	eid=3cc0c60102030000 gm=3cc0c6fffefe0210
21.429878051	2	3c:c0:c6:fe:02:11	gPTP Sync	seq=54898 li=-3 spid=3cc0c6fffefe02100001
21.430611437	2	3c:c0:c6:fe:02:11	gPTP Follow_Up	seq=54898 li=-3 spid=3cc0c6fffefe02100001
21.493488929	2	3c:c0:c6:01:02:03	MAAP	
21.551374337	3	02:00:00:00:00:01	gPTP Pdelay_Req	seq=1332 li=0 spid=020000fffe0000010001
21.552140571	2	3c:c0:c6:fe:02:11	gPTP Pdelay_Resp	seq=1332 li=127 spid=3cc0c6fffefe02100001
21.553129957	2	3c:c0:c6:fe:02:11	gPTP Pdelay_Resp_Follow_Up	seq=1332 li=127 spid=3cc0c6fffefe02100001
21.569109274	2	3c:c0:c6:fe:02:11	gPTP Sync	seq=54899 li=-3 spid=3cc0c6fffefe02100001
21.569690084	2	3c:c0:c6:fe:02:11	gPTP Follow_Up	seq=54899 li=-3 spid=3cc0c6fffefe02100001
21.599434530	2	3c:c0:c6:fe:02:11	MVRP	
21.679915711	2	3c:c0:c6:fe:02:11	gPTP Sync	seq=54900 li=-3 spid=3cc0c6fffefe02100001
21.680661728	2	3c:c0:c6:fe:02:11	gPTP Follow_Up	seq=54900 li=-3 spid=3cc0c6fffefe02100001
21.809957520	2	3c:c0:c6:fe:02:11	gPTP Sync	seq=54901 li=-3 spid=3cc0c6fffefe02100001
21.810689106	2	3c:c0:c6:fe:02:11	gPTP Follow_Up	seq=54901 li=-3 spid=3cc0c6fffefe02100001
21.929881819	2	3c:c0:c6:fe:02:11	gPTP Sync	seq=54902 li=-3 spid=3cc0c6fffefe02100001
21.930609213	2	3c:c0:c6:fe:02:11	gPTP Follow_Up	seq=54902 li=-3 spid=3cc0c6fffefe02100001
21.939204897	2	3c:c0:c6:fe:02:11	ethertype 0x0027	
22.000154536	2	3c:c0:c6:fe:02:11	gPTP Announce	seq=63860 li=0 spid=3cc0c6fffefe02100001 gm=3cc0c6fffefe0210 p1=246 sr=0
22.060010797	2	3c:c0:c6:fe:02:11	gPTP Sync	seq=54903 li=-3 spid=3cc0c6fffefe02100001
22.060739791	2	3c:c0:c6:fe:02:11	gPTP Follow_Up	seq=54903 li=-3 spid=3cc0c6fffefe02100001
22.179927088	2	3c:c0:c6:fe:02:11	gPTP Sync	seq=54904 li=-3 spid=3cc0c6fffefe02100001
22.180663097	2	3c:c0:c6:fe:02:11	gPTP Follow_Up	seq=54904 li=-3 spid=3cc0c6fffefe02100001
22.249819196	2	3c:c0:c6:fe:02:11	gPTP Pdelay_Req	seq=1425 li=0 spid=3cc0c6fffefe02100001
22.249830196	3	02:00:00:00:00:01	gPTP Pdelay_Resp	seq=1425 li=127 spid=020000fffe0000010001
22.249837756	3	02:00:00:00:00:01	gPTP Pdelay_Resp_Follow_Up	seq=1425 li=127 spid=020000fffe0000010001
22.309927266	2	3c:c0:c6:fe:02:11	gPTP Sync	seq=54905 li=-3 spid=3cc0c6fffefe02100001
22.310662892	2	3c:c0:c6:fe:02:11	gPTP Follow_Up	seq=54905 li=-3 spid=3cc0c6fffefe02100001
22.351373411	3	02:00:00:00:00:01	MSRP	
22.429874188	2	3c:c0:c6:fe:02:11	gPTP Sync	seq=54906 li=-3 spid=3cc0c6fffefe02100001
22.430611790	2	3c:c0:c6:fe:02:11	gPTP Follow_Up	seq=54906 li=-3 spid=3cc0c6fffefe02100001
22.551376674	3	02:00:00:00:00:01	gPTP Pdelay_Req	seq=1333 li=0 spid=020000fffe0000010001
22.552138308	2	3c:c0:c6:fe:02:11	gPTP Pdelay_Resp	seq=1333 li=127 spid=3cc0c6fffefe02100001
22.553128103	2	3c:c0:c6:fe:02:11	gPTP Pdelay_Resp_Follow_Up	seq=1333 li=127 spid=3cc0c6fffefe02100001
22.569116036	2	3c:c0:c6:fe:02:11	gPTP Sync	seq=54907 li=-3 spid=3cc0c6fffefe02100001
22.569699430	2	3c:c0:c6:fe:02:11	gPTP Follow_Up	seq=54907 li=-3 spid=3cc0c6fffefe02100001
22.599209859	2	3c:c0:c6:fe:02:11	MVRP	
22.679937249	2	3c:c0:c6:fe:02:11	gPTP Sync	seq=54908 li=-3 spid=3cc0c6fffefe02100001
22.680684075	2	3c:c0:c6:fe:02:11	gPTP Follow_Up	seq=54908 li=-3 spid=3cc0c6fffefe02100001
22.809977427	2	3c:c0:c6:fe:02:11	gPTP Sync	seq=54909 li=-3 spid=3cc0c6fffefe02100001
22.810712445	2	3c:c0:c6:fe:02:11	gPTP Follow_Up	seq=54909 li=-3 spid=3cc0c6fffefe02100001
22.895529885	2	68:05:ca:95:b2:ed	AECP	
22.895561309	3	02:00:00:00:00:01	AECP	
22.895729885	2	68:05:ca:95:b2:ed	AECP	
22.895757893	3	02:00:00:00:00:01	AECP	
22.929885342	2	3c:c0:c6:fe:02:11	gPTP Sync	seq=54910 li=-3 spid=3cc0c6fffefe02100001
22.930611743	2	3c:c0:c6:fe:02:11	gPTP Follow_Up	seq=54910 li=-3 spid=3cc0c6fffefe02100001
23.000133067	2	3c:c0:c6:fe:02:11	gPTP Announce	seq=63861 li=0 spid=3cc0c6fffefe02100001 gm=3cc0c6fffefe0210 p1=246 sr=0
23.059999920	2	3c:c0:c6:fe:02:11	gPTP Sync	seq=54911 li=-3 spid=3cc0c6fffefe02100001
23.060728530	2	3c:c0:c6:fe:02:11	gPTP Follow_Up	seq=54911 li=-3 spid=3cc0c6fffefe02100001
23.179923218	2	3c:c0:c6:fe:02:11	gPTP Sync	seq=54912 li=-3 spid=3cc0c6fffefe02100001
23.180656604	2	3c:c0:c6:fe:02:11	gPTP Follow_Up	seq=54912 li=-3 spid=3cc0c6fffefe02100001
23.249824359	2	3c:c0:c6:fe:02:11	gPTP Pdelay_Req	seq=1426 li=0 spid=3cc0c6fffefe02100001
23.249835351	3	02:00:00:00:00:01	gPTP Pdelay_Resp	seq=1426 li=127 spid=020000fffe0000010001
23.249842911	3	02:00:00:00:00:01	gPTP Pdelay_Resp_Follow_Up	seq=1426 li=127 spid=020000fffe0000010001
23.309930788	2	3c:c0:c6:fe:02:11	gPTP Sync	seq=54913 li=-3 spid=3cc0c6fffefe02100001
23.310665198	2	3c:c0:c6:fe:02:11	gPTP Follow_Up	seq=54913 li=-3 spid=3cc0c6fffefe02100001
23.351375726	3	02:00:00:00:00:01	MSRP	
23.429880910	2	3c:c0:c6:fe:02:11	gPTP Sync	seq=54914 li=-3 spid=3cc0c6fffefe02100001
23.430617296	2	3c:c0:c6:fe:02:11	gPTP Follow_Up	seq=54914 li=-3 spid=3cc0c6fffefe02100001
23.551378980	3	02:00:00:00:00:01	gPTP Pdelay_Req	seq=1334 li=0 spid=020000fffe0000010001
23.552145414	2	3c:c0:c6:fe:02:11	gPTP Pdelay_Resp	seq=1334 li=127 spid=3cc0c6fffefe02100001
23.553135433	2	3c:c0:c6:fe:02:11	gPTP Pdelay_Resp_Follow_Up	seq=1334 li=127 spid=3cc0c6fffefe02100001
23.569121542	2	3c:c0:c6:fe:02:11	gPTP Sync	seq=54915 li=-3 spid=3cc0c6fffefe02100001
23.569700360	2	3c:c0:c6:fe:02:11	gPTP Follow_Up	seq=54915 li=-3 spid=3cc0c6fffefe02100001
23.599408965	2	3c:c0:c6:fe:02:11	MVRP	
23.679990371	2	3c:c0:c6:fe:02:11	gPTP Sync	seq=54916 li=-3 spid=3cc0c6fffefe02100001
23.680739789	2	3c:c0:c6:fe:02:11	gPTP Follow_Up	seq=54916 li=-3 spid=3cc0c6fffefe02100001
23.701374005	3	02:00:00:00:00:01	MAAP	
23.809975157	2	3c:c0:c6:fe:02:11	gPTP Sync	seq=54917 li=-3 spid=3cc0c6fffefe02100001
23.810705759	2	3c:c0:c6:fe:02:11	gPTP Follow_Up	seq=54917 li=-3 spid=3cc0c6fffefe02100001
23.929937439	2	3c:c0:c6:fe:02:11	gPTP Sync	seq=54918 li=-3 spid=3cc0c6fffefe02100001
23.930664865	2	3c:c0:c6:fe:02:11	gPTP Follow_Up	seq=54918 li=-3 spid=3cc0c6fffefe02100001
23.939221541	2	3c:c0:c6:fe:02:11	ethertype 0x0027	
24.000153196	2	3c:c0:c6:fe:02:11	gPTP Announce	seq=63862 li=0 spid=3cc0c6fffefe02100001 gm=3cc0c6fffefe0210 p1=246 sr=0
24.060010449	2	3c:c0:c6:fe:02:11	gPTP Sync	seq=54919 li=-3 spid=3cc0c6fffefe02100001
24.060741043	2	3c:c0:c6:fe:02:11	gPTP Follow_Up	seq=54919 li=-3 spid=3cc0c6fffefe02100001
24.179947548	2	3c:c0:c6:fe:02:11	gPTP Sync	seq=54920 li=-3 spid=3cc0c6fffefe02100001
24.180683549	2	3c:c0:c6:fe:02:11	gPTP Follow_Up	seq=54920 li=-3 spid=3cc0c6fffefe02100001
24.249908264	2	3c:c0:c6:fe:02:11	gPTP Pdelay_Req	seq=1427 li=0 spid=3cc0c6fffefe02100001
24.249919248	3	02:00:00:00:00:01	gPTP Pdelay_Resp	seq=1427 li=127 spid=020000fffe0000010001
24.249926808	3	02:00:00:00:00:01	gPTP Pdelay_Resp_Follow_Up	seq=1427 li=127 spid=020000fffe0000010001
24.310022926	2	3c:c0:c6:fe:02:11	gPTP Sync	seq=54921 li=-3 spid=3cc0c6fffefe02100001
24.310759535	2	3c:c0:c6:fe:02:11	gPTP Follow_Up	seq=54921 li=-3 spid=3cc0c6fffefe02100001
24.351378047	3	02:00:00:00:00:01	MSRP	
24.429884816	2	3c:c0:c6:fe:02:11	gPTP Sync	seq=54922 li=-3 spid=3cc0c6fffefe02100001
24.430618841	2	3c:c0:c6:fe:02:11	gPTP Follow_Up	seq=54922 li=-3 spid=3cc0c6fffefe02100001
24.551381309	3	02:00:00:00:00:01	gPTP Pdelay_Req	seq=1335 li=0 spid=020000fffe0000010001
24.552148935	2	3c:c0:c6:fe:02:11	gPTP Pdelay_Resp	seq=1335 li=127 spid=3cc0c6fffefe02100001
24.553136754	2	3c:c0:c6:fe:02:11	gPTP Pdelay_Resp_Follow_Up	seq=1335 li=127 spid=3cc0c6fffefe02100001
24.569131079	2	3c:c0:c6:fe:02:11	gPTP Sync	seq=54923 li=-3 spid=3cc0c6fffefe02100001
24.569710665	2	3c:c0:c6:fe:02:11	gPTP Follow_Up	seq=54923 li=-3 spid=3cc0c6fffefe02100001
24.599245102	2	3c:c0:c6:fe:02:11	MVRP	
24.679973100	2	3c:c0:c6:fe:02:11	gPTP Sync	seq=54924 li=-3 spid=3cc0c6fffefe02100001
24.680721518	2	3c:c0:c6:fe:02:11	gPTP Follow_Up	seq=54924 li=-3 spid=3cc0c6fffefe02100001
24.694379910	3	02:00:00:00:00:01	ADP	eid=020000fffe000001 gm=3cc0c6fffefe0210
24.809990462	2	3c:c0:c6:fe:02:11	gPTP Sync	seq=54925 li=-3 spid=3cc0c6fffefe02100001
24.810726880	2	3c:c0:c6:fe:02:11	gPTP Follow_Up	seq=54925 li=-3 spid=3cc0c6fffefe02100001
24.929907776	2	3c:c0:c6:fe:02:11	gPTP Sync	seq=54926 li=-3 spid=3cc0c6fffefe02100001
24.930636970	2	3c:c0:c6:fe:02:11	gPTP Follow_Up	seq=54926 li=-3 spid=3cc0c6fffefe02100001
25.000144917	2	3c:c0:c6:fe:02:11	gPTP Announce	seq=63863 li=0 spid=3cc0c6fffefe02100001 gm=3cc0c6fffefe0210 p1=246 sr=0
25.060013362	2	3c:c0:c6:fe:02:11	gPTP Sync	seq=54927 li=-3 spid=3cc0c6fffefe02100001
25.060742972	2	3c:c0:c6:fe:02:11	gPTP Follow_Up	seq=54927 li=-3 spid=3cc0c6fffefe02100001
25.179972860	2	3c:c0:c6:fe:02:11	gPTP Sync	seq=54928 li=-3 spid=3cc0c6fffefe02100001
25.180710078	2	3c:c0:c6:fe:02:11	gPTP Follow_Up	seq=54928 li=-3 spid=3cc0c6fffefe02100001
25.249841993	2	3c:c0:c6:fe:02:11	gPTP Pdelay_Req	seq=1428 li=0 spid=3cc0c6fffefe02100001
25.249852977	3	02:00:00:00:00:01	gPTP Pdelay_Resp	seq=1428 li=127 spid=020000fffe0000010001
25.249860537	3	02:00:00:00:00:01	gPTP Pdelay_Resp_Follow_Up	seq=1428 li=127 spid=020000fffe0000010001
25.309948654	2	3c:c0:c6:fe:02:11	gPTP Sync	seq=54929 li=-3 spid=3cc0c6fffefe02100001
25.310683448	2	3c:c0:c6:fe:02:11	gPTP Follow_Up	seq=54929 li=-3 spid=3cc0c6fffefe02100001
25.351380376	3	02:00:00:00:00:01	MSRP	
25.429889560	2	3c:c0:c6:fe:02:11	gPTP Sync	seq=54930 li=-3 spid=3cc0c6fffefe02100001
25.430624346	2	3c:c0:c6:fe:02:11	gPTP Follow_Up	seq=54930 li=-3 spid=3cc0c6fffefe02100001
25.551383646	3	02:00:00:00:00:01	gPTP Pdelay_Req	seq=1336 li=0 spid=020000fffe0000010001
25.552149264	2	3c:c0:c6:fe:02:11	gPTP Pdelay_Resp	seq=1336 li=127 spid=3cc0c6fffefe02100001
25.553139674	2	3c:c0:c6:fe:02:11	gPTP Pdelay_Resp_Follow_Up	seq=1336 li=127 spid=3cc0c6fffefe02100001
25.569136592	2	3c:c0:c6:fe:02:11	gPTP Sync	seq=54931 li=-3 spid=3cc0c6fffefe02100001
25.569715793	2	3c:c0:c6:fe:02:11	gPTP Follow_Up	seq=54931 li=-3 spid=3cc0c6fffefe02100001
25.599415023	2	3c:c0:c6:fe:02:11	MVRP	
25.679991637	2	3c:c0:c6:fe:02:11	gPTP Sync	seq=54932 li=-3 spid=3cc0c6fffefe02100001
25.680739830	2	3c:c0:c6:fe:02:11	gPTP Follow_Up	seq=54932 li=-3 spid=3cc0c6fffefe02100001
25.809999206	2	3c:c0:c6:fe:02:11	gPTP Sync	seq=54933 li=-3 spid=3cc0c6fffefe02100001
25.810731016	2	3c:c0:c6:fe:02:11	gPTP Follow_Up	seq=54933 li=-3 spid=3cc0c6fffefe02100001
25.929907721	2	3c:c0:c6:fe:02:11	gPTP Sync	seq=54934 li=-3 spid=3cc0c6fffefe02100001
25.930631922	2	3c:c0:c6:fe:02:11	gPTP Follow_Up	seq=54934 li=-3 spid=3cc0c6fffefe02100001
25.939235982	2	3c:c0:c6:fe:02:11	ethertype 0x0027	
26.000157438	2	3c:c0:c6:fe:02:11	gPTP Announce	seq=63864 li=0 spid=3cc0c6fffefe02100001 gm=3cc0c6fffefe0210 p1=246 sr=0
26.060048291	2	3c:c0:c6:fe:02:11	gPTP Sync	seq=54935 li=-3 spid=3cc0c6fffefe02100001
26.060776900	2	3c:c0:c6:fe:02:11	gPTP Follow_Up	seq=54935 li=-3 spid=3cc0c6fffefe02100001
26.179936997	2	3c:c0:c6:fe:02:11	gPTP Sync	seq=54936 li=-3 spid=3cc0c6fffefe02100001
26.180667598	2	3c:c0:c6:fe:02:11	gPTP Follow_Up	seq=54936 li=-3 spid=3cc0c6fffefe02100001
26.249863737	2	3c:c0:c6:fe:02:11	gPTP Pdelay_Req	seq=1429 li=0 spid=3cc0c6fffefe02100001
26.249874729	3	02:00:00:00:00:01	gPTP Pdelay_Resp	seq=1429 li=127 spid=020000fffe0000010001
26.249882289	3	02:00:00:00:00:01	gPTP Pdelay_Resp_Follow_Up	seq=1429 li=127 spid=020000fffe0000010001
26.309962775	2	3c:c0:c6:fe:02:11	gPTP Sync	seq=54937 li=-3 spid=3cc0c6fffefe02100001
26.310700384	2	3c:c0:c6:fe:02:11	gPTP Follow_Up	seq=54937 li=-3 spid=3cc0c6fffefe02100001
26.351382728	3	02:00:00:00:00:01	MSRP	
26.429899873	2	3c:c0:c6:fe:02:11	gPTP Sync	seq=54938 li=-3 spid=3cc0c6fffefe02100001
26.430633866	2	3c:c0:c6:fe:02:11	gPTP Follow_Up	seq=54938 li=-3 spid=3cc0c6fffefe02100001
26.551385991	3	02:00:00:00:00:01	gPTP Pdelay_Req	seq=1337 li=0 spid=020000fffe0000010001
26.552141592	2	3c:c0:c6:fe:02:11	gPTP Pdelay_Resp	seq=1337 li=127 spid=3cc0c6fffefe02100001
26.553130019	2	3c:c0:c6:fe:02:11	gPTP Pdelay_Resp_Follow_Up	seq=1337 li=127 spid=3cc0c6fffefe02100001
26.569143320	2	3c:c0:c6:fe:02:11	gPTP Sync	seq=54939 li=-3 spid=3cc0c6fffefe02100001
26.569721538	2	3c:c0:c6:fe:02:11	gPTP Follow_Up	seq=54939 li=-3 spid=3cc0c6fffefe02100001
26.572832761	2	3c:c0:c6:01:02:03	ADP	eid=3cc0c60102030000 gm=3cc0c6fffefe0210
26.599191359	2	3c:c0:c6:fe:02:11	MVRP	
26.679982365	2	3c:c0:c6:fe:02:11	gPTP Sync	seq=54940 li=-3 spid=3cc0c6fffefe02100001
26.680727975	2	3c:c0:c6:fe:02:11	gPTP Follow_Up	seq=54940 li=-3 spid=3cc0c6fffefe02100001
26.809992143	2	3c:c0:c6:fe:02:11	gPTP Sync	seq=54941 li=-3 spid=3cc0c6fffefe02100001
26.810724344	2	3c:c0:c6:fe:02:11	gPTP Follow_Up	seq=54941 li=-3 spid=3cc0c6fffefe02100001
26.929916440	2	3c:c0:c6:fe:02:11	gPTP Sync	seq=54942 li=-3 spid=3cc0c6fffefe02100001
26.930644026	2	3c:c0:c6:fe:02:11	gPTP Follow_Up	seq=54942 li=-3 spid=3cc0c6fffefe02100001
26.945381588	3	02:00:00:00:00:01	MAAP	
27.000172773	2	3c:c0:c6:fe:02:11	gPTP Announce	seq=63865 li=0 spid=3cc0c6fffefe02100001 gm=3cc0c6fffefe0210 p1=246 sr=0
27.060032234	2	3c:c0:c6:fe:02:11	gPTP Sync	seq=54943 li=-3 spid=3cc0c6fffefe02100001
27.060756435	2	3c:c0:c6:fe:02:11	gPTP Follow_Up	seq=54943 li=-3 spid=3cc0c6fffefe02100001
27.179944339	2	3c:c0:c6:fe:02:11	gPTP Sync	seq=54944 li=-3 spid=3cc0c6fffefe02100001
27.180676533	2	3c:c0:c6:fe:02:11	gPTP Follow_Up	seq=54944 li=-3 spid=3cc0c6fffefe02100001
27.249876255	2	3c:c0:c6:fe:02:11	gPTP Pdelay_Req	seq=1430 li=0 spid=3cc0c6fffefe02100001
27.249887239	3	02:00:00:00:00:01	gPTP Pdelay_Resp	seq=1430 li=127 spid=020000fffe0000010001
27.249894799	3	02:00:00:00:00:01	gPTP Pdelay_Resp_Follow_Up	seq=1430 li=127 spid=020000fffe0000010001
27.309982308	2	3c:c0:c6:fe:02:11	gPTP Sync	seq=54945 li=-3 spid=3cc0c6fffefe02100001
27.310716710	2	3c:c0:c6:fe:02:11	gPTP Follow_Up	seq=54945 li=-3 spid=3cc0c6fffefe02100001
27.349742794	2	3c:c0:c6:fe:02:11	MSRP	
27.351386501	3	02:00:00:00:00:01	MSRP	
27.429903814	2	3c:c0:c6:fe:02:11	gPTP Sync	seq=54946 li=-3 spid=3cc0c6fffefe02100001
27.430639791	2	3c:c0:c6:fe:02:11	gPTP Follow_Up	seq=54946 li=-3 spid=3cc0c6fffefe02100001
27.551388331	3	02:00:00:00:00:01	gPTP Pdelay_Req	seq=1338 li=0 spid=020000fffe0000010001
27.552152925	2	3c:c0:c6:fe:02:11	gPTP Pdelay_Resp	seq=1338 li=127 spid=3cc0c6fffefe02100001
27.553138535	2	3c:c0:c6:fe:02:11	gPTP Pdelay_Resp_Follow_Up	seq=1338 li=127 spid=3cc0c6fffefe02100001
27.569156253	2	3c:c0:c6:fe:02:11	gPTP Sync	seq=54947 li=-3 spid=3cc0c6fffefe02100001
27.569737638	2	3c:c0:c6:fe:02:11	gPTP Follow_Up	seq=54947 li=-3 spid=3cc0c6fffefe02100001
27.599431876	2	3c:c0:c6:fe:02:11	MVRP	
27.680009089	2	3c:c0:c6:fe:02:11	gPTP Sync	seq=54948 li=-3 spid=3cc0c6fffefe02100001
27.680754083	2	3c:c0:c6:fe:02:11	gPTP Follow_Up	seq=54948 li=-3 spid=3cc0c6fffefe02100001
27.810008658	2	3c:c0:c6:fe:02:11	gPTP Sync	seq=54949 li=-3 spid=3cc0c6fffefe02100001
27.810740468	2	3c:c0:c6:fe:02:11	gPTP Follow_Up	seq=54949 li=-3 spid=3cc0c6fffefe02100001
27.894974513	2	68:05:ca:95:b2:ed	AECP	
27.895006881	3	02:00:00:00:00:01	AECP	
27.895181298	2	68:05:ca:95:b2:ed	AECP	
27.895209402	3	02:00:00:00:00:01	AECP	
27.929932571	2	3c:c0:c6:fe:02:11	gPTP Sync	seq=54950 li=-3 spid=3cc0c6fffefe02100001
27.930661565	2	3c:c0:c6:fe:02:11	gPTP Follow_Up	seq=54950 li=-3 spid=3cc0c6fffefe02100001
27.939250849	2	3c:c0:c6:fe:02:11	ethertype 0x0027	
28.000170088	2	3c:c0:c6:fe:02:11	gPTP Announce	seq=63866 li=0 spid=3cc0c6fffefe02100001 gm=3cc0c6fffefe0210 p1=246 sr=0
28.060039148	2	3c:c0:c6:fe:02:11	gPTP Sync	seq=54951 li=-3 spid=3cc0c6fffefe02100001
28.060769326	2	3c:c0:c6:fe:02:11	gPTP Follow_Up	seq=54951 li=-3 spid=3cc0c6fffefe02100001
28.179971021	2	3c:c0:c6:fe:02:11	gPTP Sync	seq=54952 li=-3 spid=3cc0c6fffefe02100001
28.180704855	2	3c:c0:c6:fe:02:11	gPTP Follow_Up	seq=54952 li=-3 spid=3cc0c6fffefe02100001
28.249886969	2	3c:c0:c6:fe:02:11	gPTP Pdelay_Req	seq=1431 li=0 spid=3cc0c6fffefe02100001
28.249897969	3	02:00:00:00:00:01	gPTP Pdelay_Resp	seq=1431 li=127 spid=020000fffe0000010001
28.249905529	3	02:00:00:00:00:01	gPTP Pdelay_Resp_Follow_Up	seq=1431 li=127 spid=020000fffe0000010001
28.309974430	2	3c:c0:c6:fe:02:11	gPTP Sync	seq=54953 li=-3 spid=3cc0c6fffefe02100001
28.310713640	2	3c:c0:c6:fe:02:11	gPTP Follow_Up	seq=54953 li=-3 spid=3cc0c6fffefe02100001
28.351387383	3	02:00:00:00:00:01	MSRP	
28.429909928	2	3c:c0:c6:fe:02:11	gPTP Sync	seq=54954 li=-3 spid=3cc0c6fffefe02100001
28.430648105	2	3c:c0:c6:fe:02:11	gPTP Follow_Up	seq=54954 li=-3 spid=3cc0c6fffefe02100001
28.551390653	3	02:00:00:00:00:01	gPTP Pdelay_Req	seq=1339 li=0 spid=020000fffe0000010001
28.552157438	2	3c:c0:c6:fe:02:11	gPTP Pdelay_Resp	seq=1339 li=127 spid=3cc0c6fffefe02100001
28.553144265	2	3c:c0:c6:fe:02:11	gPTP Pdelay_Resp_Follow_Up	seq=1339 li=127 spid=3cc0c6fffefe02100001
28.569158174	2	3c:c0:c6:fe:02:11	gPTP Sync	seq=54955 li=-3 spid=3cc0c6fffefe02100001
28.569738976	2	3c:c0:c6:fe:02:11	gPTP Follow_Up	seq=54955 li=-3 spid=3cc0c6fffefe02100001
28.599259389	2	3c:c0:c6:fe:02:11	MVRP	
28.679968418	2	3c:c0:c6:fe:02:11	gPTP Sync	seq=54956 li=-3 spid=3cc0c6fffefe02100001
28.680711204	2	3c:c0:c6:fe:02:11	gPTP Follow_Up	seq=54956 li=-3 spid=3cc0c6fffefe02100001
28.810025587	2	3c:c0:c6:fe:02:11	gPTP Sync	seq=54957 li=-3 spid=3cc0c6fffefe02100001
28.810758389	2	3c:c0:c6:fe:02:11	gPTP Follow_Up	seq=54957 li=-3 spid=3cc0c6fffefe02100001
28.929932285	2	3c:c0:c6:fe:02:11	gPTP Sync	seq=54958 li=-3 spid=3cc0c6fffefe02100001
28.930660287	2	3c:c0:c6:fe:02:11	gPTP Follow_Up	seq=54958 li=-3 spid=3cc0c6fffefe02100001
29.000175818	2	3c:c0:c6:fe:02:11	gPTP Announce	seq=63867 li=0 spid=3cc0c6fffefe02100001 gm=3cc0c6fffefe0210 p1=246 sr=0
29.060046863	2	3c:c0:c6:fe:02:11	gPTP Sync	seq=54959 li=-3 spid=3cc0c6fffefe02100001
29.060777072	2	3c:c0:c6:fe:02:11	gPTP Follow_Up	seq=54959 li=-3 spid=3cc0c6fffefe02100001
29.179958576	2	3c:c0:c6:fe:02:11	gPTP Sync	seq=54960 li=-3 spid=3cc0c6fffefe02100001
29.180690170	2	3c:c0:c6:fe:02:11	gPTP Follow_Up	seq=54960 li=-3 spid=3cc0c6fffefe02100001
29.249905892	2	3c:c0:c6:fe:02:11	gPTP Pdelay_Req	seq=1432 li=0 spid=3cc0c6fffefe02100001
29.249916876	3	02:00:00:00:00:01	gPTP Pdelay_Resp	seq=1432 li=127 spid=020000fffe0000010001
29.249924436	3	02:00:00:00:00:01	gPTP Pdelay_Resp_Follow_Up	seq=1432 li=127 spid=020000fffe0000010001
29.309991746	2	3c:c0:c6:fe:02:11	gPTP Sync	seq=54961 li=-3 spid=3cc0c6fffefe02100001
29.310727755	2	3c:c0:c6:fe:02:11	gPTP Follow_Up	seq=54961 li=-3 spid=3cc0c6fffefe02100001
29.351389715	3	02:00:00:00:00:01	MSRP	
29.429922027	2	3c:c0:c6:fe:02:11	gPTP Sync	seq=54962 li=-3 spid=3cc0c6fffefe02100001
29.430657461	2	3c:c0:c6:fe:02:11	gPTP Follow_Up	seq=54962 li=-3 spid=3cc0c6fffefe02100001
29.551392985	3	02:00:00:00:00:01	gPTP Pdelay_Req	seq=1340 li=0 spid=020000fffe0000010001
29.552200546	2	3c:c0:c6:fe:02:11	gPTP Pdelay_Resp	seq=1340 li=127 spid=3cc0c6fffefe02100001
29.553187181	2	3c:c0:c6:fe:02:11	gPTP Pdelay_Resp_Follow_Up	seq=1340 li=127 spid=3cc0c6fffefe02100001
29.569167490	2	3c:c0:c6:fe:02:11	gPTP Sync	seq=54963 li=-3 spid=3cc0c6fffefe02100001
29.569748300	2	3c:c0:c6:fe:02:11	gPTP Follow_Up	seq=54963 li=-3 spid=3cc0c6fffefe02100001
29.599444905	2	3c:c0:c6:fe:02:11	MVRP	
29.680005543	2	3c:c0:c6:fe:02:11	gPTP Sync	seq=54964 li=-3 spid=3cc0c6fffefe02100001
29.680754352	2	3c:c0:c6:fe:02:11	gPTP Follow_Up	seq=54964 li=-3 spid=3cc0c6fffefe02100001
29.724391647	3	02:00:00:00:00:01	ADP	eid=020000fffe000001 gm=3cc0c6fffefe0210
29.810054104	2	3c:c0:c6:fe:02:11	gPTP Sync	seq=54965 li=-3 spid=3cc0c6fffefe02100001
29.810788514	2	3c:c0:c6:fe:02:11	gPTP Follow_Up	seq=54965 li=-3 spid=3cc0c6fffefe02100001
29.929937409	2	3c:c0:c6:fe:02:11	gPTP Sync	seq=54966 li=-3 spid=3cc0c6fffefe02100001
29.930668227	2	3c:c0:c6:fe:02:11	gPTP Follow_Up	seq=54966 li=-3 spid=3cc0c6fffefe02100001
29.939266887	2	3c:c0:c6:fe:02:11	ethertype 0x0027	
30.000196334	2	3c:c0:c6:fe:02:11	gPTP Announce	seq=63868 li=0 spid=3cc0c6fffefe02100001 gm=3cc0c6fffefe0210 p1=246 sr=0
30.060078194	2	3c:c0:c6:fe:02:11	gPTP Sync	seq=54967 li=-3 spid=3cc0c6fffefe02100001
30.060804596	2	3c:c0:c6:fe:02:11	gPTP Follow_Up	seq=54967 li=-3 spid=3cc0c6fffefe02100001
30.179960507	2	3c:c0:c6:fe:02:11	gPTP Sync	seq=54968 li=-3 spid=3cc0c6fffefe02100001
30.180692701	2	3c:c0:c6:fe:02:11	gPTP Follow_Up	seq=54968 li=-3 spid=3cc0c6fffefe02100001
30.249876423	2	3c:c0:c6:fe:02:11	gPTP Pdelay_Req	seq=1433 li=0 spid=3cc0c6fffefe02100001
30.249887424	3	02:00:00:00:00:01	gPTP Pdelay_Resp	seq=1433 li=127 spid=020000fffe0000010001
30.249894984	3	02:00:00:00:00:01	gPTP Pdelay_Resp_Follow_Up	seq=1433 li=127 spid=020000fffe0000010001
30.310029485	2	3c:c0:c6:fe:02:11	gPTP Sync	seq=54969 li=-3 spid=3cc0c6fffefe02100001
30.310763886	2	3c:c0:c6:fe:02:11	gPTP Follow_Up	seq=54969 li=-3 spid=3cc0c6fffefe02100001
30.351392038	3	02:00:00:00:00:01	MSRP	
30.386389600	3	02:00:00:00:00:01	MAAP	
30.429926574	2	3c:c0:c6:fe:02:11	gPTP Sync	seq=54970 li=-3 spid=3cc0c6fffefe02100001
30.430659384	2	3c:c0:c6:fe:02:11	gPTP Follow_Up	seq=54970 li=-3 spid=3cc0c6fffefe02100001
30.551395307	3	02:00:00:00:00:01	gPTP Pdelay_Req	seq=1341 li=0 spid=020000fffe0000010001
30.552162501	2	3c:c0:c6:fe:02:11	gPTP Pdelay_Resp	seq=1341 li=127 spid=3cc0c6fffefe02100001
30.553150703	2	3c:c0:c6:fe:02:11	gPTP Pdelay_Resp_Follow_Up	seq=1341 li=127 spid=3cc0c6fffefe02100001
30.569175812	2	3c:c0:c6:fe:02:11	gPTP Sync	seq=54971 li=-3 spid=3cc0c6fffefe02100001
30.569758830	2	3c:c0:c6:fe:02:11	gPTP Follow_Up	seq=54971 li=-3 spid=3cc0c6fffefe02100001
30.599290027	2	3c:c0:c6:fe:02:11	MVRP	
30.679984456	2	3c:c0:c6:fe:02:11	gPTP Sync	seq=54972 li=-3 spid=3cc0c6fffefe02100001
30.680730674	2	3c:c0:c6:fe:02:11	gPTP Follow_Up	seq=54972 li=-3 spid=3cc0c6fffefe02100001
30.810070042	2	3c:c0:c6:fe:02:11	gPTP Sync	seq=54973 li=-3 spid=3cc0c6fffefe02100001
30.810802851	2	3c:c0:c6:fe:02:11	gPTP Follow_Up	seq=54973 li=-3 spid=3cc0c6fffefe02100001
30.929953347	2	3c:c0:c6:fe:02:11	gPTP Sync	seq=54974 li=-3 spid=3cc0c6fffefe02100001
30.930680749	2	3c:c0:c6:fe:02:11	gPTP Follow_Up	seq=54974 li=-3 spid=3cc0c6fffefe02100001
31.000193464	2	3c:c0:c6:fe:02:11	gPTP Announce	seq=63869 li=0 spid=3cc0c6fffefe02100001 gm=3cc0c6fffefe0210 p1=246 sr=0
31.060061909	2	3c:c0:c6:fe:02:11	gPTP Sync	seq=54975 li=-3 spid=3cc0c6fffefe02100001
31.060791519	2	3c:c0:c6:fe:02:11	gPTP Follow_Up	seq=54975 li=-3 spid=3cc0c6fffefe02100001
31.179992223	2	3c:c0:c6:fe:02:11	gPTP Sync	seq=54976 li=-3 spid=3cc0c6fffefe02100001
31.180729217	2	3c:c0:c6:fe:02:11	gPTP Follow_Up	seq=54976 li=-3 spid=3cc0c6fffefe02100001
31.239343866	2	3c:c0:c6:fe:02:11	MVRP	
31.249938539	2	3c:c0:c6:fe:02:11	gPTP Pdelay_Req	seq=1434 li=0 spid=3cc0c6fffefe02100001
31.249949531	3	02:00:00:00:00:01	gPTP Pdelay_Resp	seq=1434 li=127 spid=020000fffe0000010001
31.249957091	3	02:00:00:00:00:01	gPTP Pdelay_Resp_Follow_Up	seq=1434 li=127 spid=020000fffe0000010001
31.309994608	2	3c:c0:c6:fe:02:11	gPTP Sync	seq=54977 li=-3 spid=3cc0c6fffefe02100001
31.310734194	2	3c:c0:c6:fe:02:11	gPTP Follow_Up	seq=54977 li=-3 spid=3cc0c6fffefe02100001
31.351394729	3	02:00:00:00:00:01	MSRP	
31.351771722	2	3c:c0:c6:fe:02:11	MSRP	
31.429934290	2	3c:c0:c6:fe:02:11	gPTP Sync	seq=54978 li=-3 spid=3cc0c6fffefe02100001
31.430669308	2	3c:c0:c6:fe:02:11	gPTP Follow_Up	seq=54978 li=-3 spid=3cc0c6fffefe02100001
31.449850057	2	3c:c0:c6:fe:02:11	MSRP	
31.551397631	3	02:00:00:00:00:01	gPTP Pdelay_Req	seq=1342 li=0 spid=020000fffe0000010001
31.552168617	2	3c:c0:c6:fe:02:11	gPTP Pdelay_Resp	seq=1342 li=127 spid=3cc0c6fffefe02100001
31.553155827	2	3c:c0:c6:fe:02:11	gPTP Pdelay_Resp_Follow_Up	seq=1342 li=127 spid=3cc0c6fffefe02100001
31.569180521	2	3c:c0:c6:fe:02:11	gPTP Sync	seq=54979 li=-3 spid=3cc0c6fffefe02100001
31.569758162	2	3c:c0:c6:fe:02:11	gPTP Follow_Up	seq=54979 li=-3 spid=3cc0c6fffefe02100001
31.599461968	2	3c:c0:c6:fe:02:11	MVRP	
31.679994381	2	3c:c0:c6:fe:02:11	gPTP Sync	seq=54980 li=-3 spid=3cc0c6fffefe02100001
31.680738391	2	3c:c0:c6:fe:02:11	gPTP Follow_Up	seq=54980 li=-3 spid=3cc0c6fffefe02100001
31.731684175	2	3c:c0:c6:01:02:03	ADP	eid=3cc0c60102030000 gm=3cc0c6fffefe0210
31.810059551	2	3c:c0:c6:fe:02:11	gPTP Sync	seq=54981 li=-3 spid=3cc0c6fffefe02100001
31.810792968	2	3c:c0:c6:fe:02:11	gPTP Follow_Up	seq=54981 li=-3 spid=3cc0c6fffefe02100001
31.929955272	2	3c:c0:c6:fe:02:11	gPTP Sync	seq=54982 li=-3 spid=3cc0c6fffefe02100001
31.930682666	2	3c:c0:c6:fe:02:11	gPTP Follow_Up	seq=54982 li=-3 spid=3cc0c6fffefe02100001
31.939396142	2	3c:c0:c6:fe:02:10	ethertype 0x0800	
31.939603727	2	3c:c0:c6:fe:02:11	ethertype 0x0027	
32.000243189	2	3c:c0:c6:fe:02:11	gPTP Announce	seq=63870 li=0 spid=3cc0c6fffefe02100001 gm=3cc0c6fffefe0210 p1=246 sr=0
32.060069433	2	3c:c0:c6:fe:02:11	gPTP Sync	seq=54983 li=-3 spid=3cc0c6fffefe02100001
32.060797435	2	3c:c0:c6:fe:02:11	gPTP Follow_Up	seq=54983 li=-3 spid=3cc0c6fffefe02100001
32.179973114	2	3c:c0:c6:fe:02:11	gPTP Sync	seq=54984 li=-3 spid=3cc0c6fffefe02100001
32.180706340	2	3c:c0:c6:fe:02:11	gPTP Follow_Up	seq=54984 li=-3 spid=3cc0c6fffefe02100001
32.249893863	2	3c:c0:c6:fe:02:11	gPTP Pdelay_Req	seq=1435 li=0 spid=3cc0c6fffefe02100001
32.249904855	3	02:00:00:00:00:01	gPTP Pdelay_Resp	seq=1435 li=127 spid=020000fffe0000010001
32.249912415	3	02:00:00:00:00:01	gPTP Pdelay_Resp_Follow_Up	seq=1435 li=127 spid=020000fffe0000010001
32.310002124	2	3c:c0:c6:fe:02:11	gPTP Sync	seq=54985 li=-3 spid=3cc0c6fffefe02100001
32.310739733	2	3c:c0:c6:fe:02:11	gPTP Follow_Up	seq=54985 li=-3 spid=3cc0c6fffefe02100001
32.351396693	3	02:00:00:00:00:01	MSRP	
32.429946613	2	3c:c0:c6:fe:02:11	gPTP Sync	seq=54986 li=-3 spid=3cc0c6fffefe02100001
32.430682615	2	3c:c0:c6:fe:02:11	gPTP Follow_Up	seq=54986 li=-3 spid=3cc0c6fffefe02100001
32.551399962	3	02:00:00:00:00:01	gPTP Pdelay_Req	seq=1343 li=0 spid=020000fffe0000010001
32.552168748	2	3c:c0:c6:fe:02:11	gPTP Pdelay_Resp	seq=1343 li=127 spid=3cc0c6fffefe02100001
32.553154326	2	3c:c0:c6:fe:02:11	gPTP Pdelay_Resp_Follow_Up	seq=1343 li=127 spid=3cc0c6fffefe02100001
32.569191659	2	3c:c0:c6:fe:02:11	gPTP Sync	seq=54987 li=-3 spid=3cc0c6fffefe02100001
32.569769869	2	3c:c0:c6:fe:02:11	gPTP Follow_Up	seq=54987 li=-3 spid=3cc0c6fffefe02100001
32.599287082	2	3c:c0:c6:fe:02:11	MVRP	
32.680024303	2	3c:c0:c6:fe:02:11	gPTP Sync	seq=54988 li=-3 spid=3cc0c6fffefe02100001
32.680769905	2	3c:c0:c6:fe:02:11	gPTP Follow_Up	seq=54988 li=-3 spid=3cc0c6fffefe02100001
32.810055873	2	3c:c0:c6:fe:02:11	gPTP Sync	seq=54989 li=-3 spid=3cc0c6fffefe02100001
32.810790274	2	3c:c0:c6:fe:02:11	gPTP Follow_Up	seq=54989 li=-3 spid=3cc0c6fffefe02100001
32.894977312	2	68:05:ca:95:b2:ed	AECP	
32.895009216	3	02:00:00:00:00:01	AECP	
32.895165121	2	68:05:ca:95:b2:ed	AECP	
32.895193257	3	02:00:00:00:00:01	AECP	
32.929960578	2	3c:c0:c6:fe:02:11	gPTP Sync	seq=54990 li=-3 spid=3cc0c6fffefe02100001
32.930688588	2	3c:c0:c6:fe:02:11	gPTP Follow_Up	seq=54990 li=-3 spid=3cc0c6fffefe02100001
33.000222096	2	3c:c0:c6:fe:02:11	gPTP Announce	seq=63871 li=0 spid=3cc0c6fffefe02100001 gm=3cc0c6fffefe0210 p1=246 sr=0
33.060071956	2	3c:c0:c6:fe:02:11	gPTP Sync	seq=54991 li=-3 spid=3cc0c6fffefe02100001
33.060799358	2	3c:c0:c6:fe:02:11	gPTP Follow_Up	seq=54991 li=-3 spid=3cc0c6fffefe02100001
33.179980254	2	3c:c0:c6:fe:02:11	gPTP Sync	seq=54992 li=-3 spid=3cc0c6fffefe02100001
33.180710464	2	3c:c0:c6:fe:02:11	gPTP Follow_Up	seq=54992 li=-3 spid=3cc0c6fffefe02100001
33.249900586	2	3c:c0:c6:fe:02:11	gPTP Pdelay_Req	seq=1436 li=0 spid=3cc0c6fffefe02100001
33.249911578	3	02:00:00:00:00:01	gPTP Pdelay_Resp	seq=1436 li=127 spid=020000fffe0000010001
33.249919138	3	02:00:00:00:00:01	gPTP Pdelay_Resp_Follow_Up	seq=1436 li=127 spid=020000fffe0000010001
33.310022639	2	3c:c0:c6:fe:02:11	gPTP Sync	seq=54993 li=-3 spid=3cc0c6fffefe02100001
33.310758033	2	3c:c0:c6:fe:02:11	gPTP Follow_Up	seq=54993 li=-3 spid=3cc0c6fffefe02100001
33.351399017	3	02:00:00:00:00:01	MSRP	
33.429957137	2	3c:c0:c6:fe:02:11	gPTP Sync	seq=54994 li=-3 spid=3cc0c6fffefe02100001
33.430694139	2	3c:c0:c6:fe:02:11	gPTP Follow_Up	seq=54994 li=-3 spid=3cc0c6fffefe02100001
33.551402278	3	02:00:00:00:00:01	gPTP Pdelay_Req	seq=1344 li=0 spid=020000fffe0000010001
33.552161064	2	3c:c0:c6:fe:02:11	gPTP Pdelay_Resp	seq=1344 li=127 spid=3cc0c6fffefe02100001
33.553149267	2	3c:c0:c6:fe:02:11	gPTP Pdelay_Resp_Follow_Up	seq=1344 li=127 spid=3cc0c6fffefe02100001
33.569198984	2	3c:c0:c6:fe:02:11	gPTP Sync	seq=54995 li=-3 spid=3cc0c6fffefe02100001
33.569775978	2	3c:c0:c6:fe:02:11	gPTP Follow_Up	seq=54995 li=-3 spid=3cc0c6fffefe02100001
33.599499791	2	3c:c0:c6:fe:02:11	MVRP	
33.680007629	2	3c:c0:c6:fe:02:11	gPTP Sync	seq=54996 li=-3 spid=3cc0c6fffefe02100001
33.680754222	2	3c:c0:c6:fe:02:11	gPTP Follow_Up	seq=54996 li=-3 spid=3cc0c6fffefe02100001
33.810062207	2	3c:c0:c6:fe:02:11	gPTP Sync	seq=54997 li=-3 spid=3cc0c6fffefe02100001
33.810794976	2	3c:c0:c6:fe:02:11	gPTP Follow_Up	seq=54997 li=-3 spid=3cc0c6fffefe02100001
33.930016289	2	3c:c0:c6:fe:02:11	gPTP Sync	seq=54998 li=-3 spid=3cc0c6fffefe02100001
33.930741099	2	3c:c0:c6:fe:02:11	gPTP Follow_Up	seq=54998 li=-3 spid=3cc0c6fffefe02100001
33.939297767	2	3c:c0:c6:fe:02:11	ethertype 0x0027	
34.000218798	2	3c:c0:c6:fe:02:11	gPTP Announce	seq=63872 li=0 spid=3cc0c6fffefe02100001 gm=3cc0c6fffefe0210 p1=246 sr=0
34.060103667	2	3c:c0:c6:fe:02:11	gPTP Sync	seq=54999 li=-3 spid=3cc0c6fffefe02100001
34.060836061	2	3c:c0:c6:fe:02:11	gPTP Follow_Up	seq=54999 li=-3 spid=3cc0c6fffefe02100001
34.180017374	2	3c:c0:c6:fe:02:11	gPTP Sync	seq=55000 li=-3 spid=3cc0c6fffefe02100001
34.180752384	2	3c:c0:c6:fe:02:11	gPTP Follow_Up	seq=55000 li=-3 spid=3cc0c6fffefe02100001
34.249983499	2	3c:c0:c6:fe:02:11	gPTP Pdelay_Req	seq=1437 li=0 spid=3cc0c6fffefe02100001
34.249994507	3	02:00:00:00:00:01	gPTP Pdelay_Resp	seq=1437 li=127 spid=020000fffe0000010001
34.250002067	3	02:00:00:00:00:01	gPTP Pdelay_Resp_Follow_Up	seq=1437 li=127 spid=020000fffe0000010001
34.310089552	2	3c:c0:c6:fe:02:11	gPTP Sync	seq=55001 li=-3 spid=3cc0c6fffefe02100001
34.310824562	2	3c:c0:c6:fe:02:11	gPTP Follow_Up	seq=55001 li=-3 spid=3cc0c6fffefe02100001
34.351401338	3	02:00:00:00:00:01	MSRP	
34.429977651	2	3c:c0:c6:fe:02:11	gPTP Sync	seq=55002 li=-3 spid=3cc0c6fffefe02100001
34.430712668	2	3c:c0:c6:fe:02:11	gPTP Follow_Up	seq=55002 li=-3 spid=3cc0c6fffefe02100001
34.551404609	3	02:00:00:00:00:01	gPTP Pdelay_Req	seq=1345 li=0 spid=020000fffe0000010001
34.552166570	2	3c:c0:c6:fe:02:11	gPTP Pdelay_Resp	seq=1345 li=127 spid=3cc0c6fffefe02100001
34.553155989	2	3c:c0:c6:fe:02:11	gPTP Pdelay_Resp_Follow_Up	seq=1345 li=127 spid=3cc0c6fffefe02100001
34.569203499	2	3c:c0:c6:fe:02:11	gPTP Sync	seq=55003 li=-3 spid=3cc0c6fffefe02100001
34.569780116	2	3c:c0:c6:fe:02:11	gPTP Follow_Up	seq=55003 li=-3 spid=3cc0c6fffefe02100001
34.599303729	2	3c:c0:c6:fe:02:11	MVRP	
34.680017936	2	3c:c0:c6:fe:02:11	gPTP Sync	seq=55004 li=-3 spid=3cc0c6fffefe02100001
34.680764145	2	3c:c0:c6:fe:02:11	gPTP Follow_Up	seq=55004 li=-3 spid=3cc0c6fffefe02100001
34.810077922	2	3c:c0:c6:fe:02:11	gPTP Sync	seq=55005 li=-3 spid=3cc0c6fffefe02100001
34.810809124	2	3c:c0:c6:fe:02:11	gPTP Follow_Up	seq=55005 li=-3 spid=3cc0c6fffefe02100001
34.930007012	2	3c:c0:c6:fe:02:11	gPTP Sync	seq=55006 li=-3 spid=3cc0c6fffefe02100001
34.930736622	2	3c:c0:c6:fe:02:11	gPTP Follow_Up	seq=55006 li=-3 spid=3cc0c6fffefe02100001
34.932400162	3	02:00:00:00:00:01	MAAP	
35.000215961	2	3c:c0:c6:fe:02:11	gPTP Announce	seq=63873 li=0 spid=3cc0c6fffefe02100001 gm=3cc0c6fffefe0210 p1=246 sr=0
35.060092406	2	3c:c0:c6:fe:02:11	gPTP Sync	seq=55007 li=-3 spid=3cc0c6fffefe02100001
35.060818208	2	3c:c0:c6:fe:02:11	gPTP Follow_Up	seq=55007 li=-3 spid=3cc0c6fffefe02100001
35.179995905	2	3c:c0:c6:fe:02:11	gPTP Sync	seq=55008 li=-3 spid=3cc0c6fffefe02100001
35.180730306	2	3c:c0:c6:fe:02:11	gPTP Follow_Up	seq=55008 li=-3 spid=3cc0c6fffefe02100001
35.249916237	2	3c:c0:c6:fe:02:11	gPTP Pdelay_Req	seq=1438 li=0 spid=3cc0c6fffefe02100001
35.249927229	3	02:00:00:00:00:01	gPTP Pdelay_Resp	seq=1438 li=127 spid=020000fffe0000010001
35.249934789	3	02:00:00:00:00:01	gPTP Pdelay_Resp_Follow_Up	seq=1438 li=127 spid=020000fffe0000010001
35.310024275	2	3c:c0:c6:fe:02:11	gPTP Sync	seq=55009 li=-3 spid=3cc0c6fffefe02100001
35.310759284	2	3c:c0:c6:fe:02:11	gPTP Follow_Up	seq=55009 li=-3 spid=3cc0c6fffefe02100001
35.351403636	3	02:00:00:00:00:01	MSRP	
35.429975989	2	3c:c0:c6:fe:02:11	gPTP Sync	seq=55010 li=-3 spid=3cc0c6fffefe02100001
35.430707199	2	3c:c0:c6:fe:02:11	gPTP Follow_Up	seq=55010 li=-3 spid=3cc0c6fffefe02100001
35.551406891	3	02:00:00:00:00:01	gPTP Pdelay_Req	seq=1346 li=0 spid=020000fffe0000010001
35.552174893	2	3c:c0:c6:fe:02:11	gPTP Pdelay_Resp	seq=1346 li=127 spid=3cc0c6fffefe02100001
35.553162103	2	3c:c0:c6:fe:02:11	gPTP Pdelay_Resp_Follow_Up	seq=1346 li=127 spid=3cc0c6fffefe02100001
35.569210221	2	3c:c0:c6:fe:02:11	gPTP Sync	seq=55011 li=-3 spid=3cc0c6fffefe02100001
35.569786830	2	3c:c0:c6:fe:02:11	gPTP Follow_Up	seq=55011 li=-3 spid=3cc0c6fffefe02100001
35.599495060	2	3c:c0:c6:fe:02:11	MVRP	
35.680047058	2	3c:c0:c6:fe:02:11	gPTP Sync	seq=55012 li=-3 spid=3cc0c6fffefe02100001
35.680794260	2	3c:c0:c6:fe:02:11	gPTP Follow_Up	seq=55012 li=-3 spid=3cc0c6fffefe02100001
35.810082020	2	3c:c0:c6:fe:02:11	gPTP Sync	seq=55013 li=-3 spid=3cc0c6fffefe02100001
35.810814246	2	3c:c0:c6:fe:02:11	gPTP Follow_Up	seq=55013 li=-3 spid=3cc0c6fffefe02100001
35.930010534	2	3c:c0:c6:fe:02:11	gPTP Sync	seq=55014 li=-3 spid=3cc0c6fffefe02100001
35.930738128	2	3c:c0:c6:fe:02:11	gPTP Follow_Up	seq=55014 li=-3 spid=3cc0c6fffefe02100001
35.939311820	2	3c:c0:c6:fe:02:11	ethertype 0x0027	
36.000237467	2	3c:c0:c6:fe:02:11	gPTP Announce	seq=63874 li=0 spid=3cc0c6fffefe02100001 gm=3cc0c6fffefe0210 p1=246 sr=0
36.060099512	2	3c:c0:c6:fe:02:11	gPTP Sync	seq=55015 li=-3 spid=3cc0c6fffefe02100001
36.060832930	2	3c:c0:c6:fe:02:11	gPTP Follow_Up	seq=55015 li=-3 spid=3cc0c6fffefe02100001
36.180008418	2	3c:c0:c6:fe:02:11	gPTP Sync	seq=55016 li=-3 spid=3cc0c6fffefe02100001
36.180740228	2	3c:c0:c6:fe:02:11	gPTP Follow_Up	seq=55016 li=-3 spid=3cc0c6fffefe02100001
36.249922959	2	3c:c0:c6:fe:02:11	gPTP Pdelay_Req	seq=1439 li=0 spid=3cc0c6fffefe02100001
36.249933951	3	02:00:00:00:00:01	gPTP Pdelay_Resp	seq=1439 li=127 spid=020000fffe0000010001
36.249941511	3	02:00:00:00:00:01	gPTP Pdelay_Resp_Follow_Up	seq=1439 li=127 spid=020000fffe0000010001
36.310049204	2	3c:c0:c6:fe:02:11	gPTP Sync	seq=55017 li=-3 spid=3cc0c6fffefe02100001
36.310784598	2	3c:c0:c6:fe:02:11	gPTP Follow_Up	seq=55017 li=-3 spid=3cc0c6fffefe02100001
36.351405950	3	02:00:00:00:00:01	MSRP	
36.429982679	2	3c:c0:c6:fe:02:11	gPTP Sync	seq=55018 li=-3 spid=3cc0c6fffefe02100001
36.430715520	2	3c:c0:c6:fe:02:11	gPTP Follow_Up	seq=55018 li=-3 spid=3cc0c6fffefe02100001
36.551409220	3	02:00:00:00:00:01	gPTP Pdelay_Req	seq=1347 li=0 spid=020000fffe0000010001
36.552169422	2	3c:c0:c6:fe:02:11	gPTP Pdelay_Resp	seq=1347 li=127 spid=3cc0c6fffefe02100001
36.553156632	2	3c:c0:c6:fe:02:11	gPTP Pdelay_Resp_Follow_Up	seq=1347 li=127 spid=3cc0c6fffefe02100001
36.569221742	2	3c:c0:c6:fe:02:11	gPTP Sync	seq=55019 li=-3 spid=3cc0c6fffefe02100001
36.569801560	2	3c:c0:c6:fe:02:11	gPTP Follow_Up	seq=55019 li=-3 spid=3cc0c6fffefe02100001
36.599279381	2	3c:c0:c6:fe:02:11	MVRP	
36.677407773	3	02:00:00:00:00:01	ADP	eid=020000fffe000001 gm=3cc0c6fffefe0210
36.680059187	2	3c:c0:c6:fe:02:11	gPTP Sync	seq=55020 li=-3 spid=3cc0c6fffefe02100001
36.680804789	2	3c:c0:c6:fe:02:11	gPTP Follow_Up	seq=55020 li=-3 spid=3cc0c6fffefe02100001
36.810090757	2	3c:c0:c6:fe:02:11	gPTP Sync	seq=55021 li=-3 spid=3cc0c6fffefe02100001
36.810827375	2	3c:c0:c6:fe:02:11	gPTP Follow_Up	seq=55021 li=-3 spid=3cc0c6fffefe02100001
36.930032879	2	3c:c0:c6:fe:02:11	gPTP Sync	seq=55022 li=-3 spid=3cc0c6fffefe02100001
36.930760849	2	3c:c0:c6:fe:02:11	gPTP Follow_Up	seq=55022 li=-3 spid=3cc0c6fffefe02100001
37.000236796	2	3c:c0:c6:fe:02:11	gPTP Announce	seq=63875 li=0 spid=3cc0c6fffefe02100001 gm=3cc0c6fffefe0210 p1=246 sr=0
37.060106241	2	3c:c0:c6:fe:02:11	gPTP Sync	seq=55023 li=-3 spid=3cc0c6fffefe02100001
37.060832643	2	3c:c0:c6:fe:02:11	gPTP Follow_Up	seq=55023 li=-3 spid=3cc0c6fffefe02100001
37.180038723	2	3c:c0:c6:fe:02:11	gPTP Sync	seq=55024 li=-3 spid=3cc0c6fffefe02100001
37.180769965	2	3c:c0:c6:fe:02:11	gPTP Follow_Up	seq=55024 li=-3 spid=3cc0c6fffefe02100001
37.249933880	2	3c:c0:c6:fe:02:11	gPTP Pdelay_Req	seq=1440 li=0 spid=3cc0c6fffefe02100001
37.249944880	3	02:00:00:00:00:01	gPTP Pdelay_Resp	seq=1440 li=127 spid=020000fffe0000010001
37.249952440	3	02:00:00:00:00:01	gPTP Pdelay_Resp_Follow_Up	seq=1440 li=127 spid=020000fffe0000010001
37.310042133	2	3c:c0:c6:fe:02:11	gPTP Sync	seq=55025 li=-3 spid=3cc0c6fffefe02100001
37.310778143	2	3c:c0:c6:fe:02:11	gPTP Follow_Up	seq=55025 li=-3 spid=3cc0c6fffefe02100001
37.351408295	3	02:00:00:00:00:01	MSRP	
37.429959423	2	3c:c0:c6:fe:02:11	gPTP Sync	seq=55026 li=-3 spid=3cc0c6fffefe02100001
37.430692225	2	3c:c0:c6:fe:02:11	gPTP Follow_Up	seq=55026 li=-3 spid=3cc0c6fffefe02100001
37.551411565	3	02:00:00:00:00:01	gPTP Pdelay_Req	seq=1348 li=0 spid=020000fffe0000010001
37.552176759	2	3c:c0:c6:fe:02:11	gPTP Pdelay_Resp	seq=1348 li=127 spid=3cc0c6fffefe02100001
37.553166561	2	3c:c0:c6:fe:02:11	gPTP Pdelay_Resp_Follow_Up	seq=1348 li=127 spid=3cc0c6fffefe02100001
37.569228471	2	3c:c0:c6:fe:02:11	gPTP Sync	seq=55027 li=-3 spid=3cc0c6fffefe02100001
37.569807673	2	3c:c0:c6:fe:02:11	gPTP Follow_Up	seq=55027 li=-3 spid=3cc0c6fffefe02100001
37.599493118	2	3c:c0:c6:fe:02:11	MVRP	
37.680084508	2	3c:c0:c6:fe:02:11	gPTP Sync	seq=55028 li=-3 spid=3cc0c6fffefe02100001
37.680827518	2	3c:c0:c6:fe:02:11	gPTP Follow_Up	seq=55028 li=-3 spid=3cc0c6fffefe02100001
37.810097102	2	3c:c0:c6:fe:02:11	gPTP Sync	seq=55029 li=-3 spid=3cc0c6fffefe02100001
37.810829296	2	3c:c0:c6:fe:02:11	gPTP Follow_Up	seq=55029 li=-3 spid=3cc0c6fffefe02100001
37.894969926	2	68:05:ca:95:b2:ed	AECP	
37.895002142	3	02:00:00:00:00:01	AECP	
37.895169934	2	68:05:ca:95:b2:ed	AECP	
37.895197878	3	02:00:00:00:00:01	AECP	
37.929998000	2	3c:c0:c6:fe:02:11	gPTP Sync	seq=55030 li=-3 spid=3cc0c6fffefe02100001
37.930726994	2	3c:c0:c6:fe:02:11	gPTP Follow_Up	seq=55030 li=-3 spid=3cc0c6fffefe02100001
37.939330454	2	3c:c0:c6:fe:02:11	ethertype 0x0027	
38.000258525	2	3c:c0:c6:fe:02:11	gPTP Announce	seq=63876 li=0 spid=3cc0c6fffefe02100001 gm=3cc0c6fffefe0210 p1=246 sr=0
38.046053273	2	3c:c0:c6:01:02:03	ADP	eid=3cc0c60102030000 gm=3cc0c6fffefe0210
38.060131170	2	3c:c0:c6:fe:02:11	gPTP Sync	seq=55031 li=-3 spid=3cc0c6fffefe02100001
38.060861380	2	3c:c0:c6:fe:02:11	gPTP Follow_Up	seq=55031 li=-3 spid=3cc0c6fffefe02100001
38.180019276	2	3c:c0:c6:fe:02:11	gPTP Sync	seq=55032 li=-3 spid=3cc0c6fffefe02100001
38.180752078	2	3c:c0:c6:fe:02:11	gPTP Follow_Up	seq=55032 li=-3 spid=3cc0c6fffefe02100001
38.249939001	2	3c:c0:c6:fe:02:11	gPTP Pdelay_Req	seq=1441 li=0 spid=3cc0c6fffefe02100001
38.249949993	3	02:00:00:00:00:01	gPTP Pdelay_Resp	seq=1441 li=127 spid=020000fffe0000010001
38.249957553	3	02:00:00:00:00:01	gPTP Pdelay_Resp_Follow_Up	seq=1441 li=127 spid=020000fffe0000010001
38.310049854	2	3c:c0:c6:fe:02:11	gPTP Sync	seq=55033 li=-3 spid=3cc0c6fffefe02100001
38.310787456	2	3c:c0:c6:fe:02:11	gPTP Follow_Up	seq=55033 li=-3 spid=3cc0c6fffefe02100001
38.351410615	3	02:00:00:00:00:01	MSRP	
38.429985952	2	3c:c0:c6:fe:02:11	gPTP Sync	seq=55034 li=-3 spid=3cc0c6fffefe02100001
38.430720970	2	3c:c0:c6:fe:02:11	gPTP Follow_Up	seq=55034 li=-3 spid=3cc0c6fffefe02100001
38.551413886	3	02:00:00:00:00:01	gPTP Pdelay_Req	seq=1349 li=0 spid=020000fffe0000010001
38.552178072	2	3c:c0:c6:fe:02:11	gPTP Pdelay_Resp	seq=1349 li=127 spid=3cc0c6fffefe02100001
38.553166274	2	3c:c0:c6:fe:02:11	gPTP Pdelay_Resp_Follow_Up	seq=1349 li=127 spid=3cc0c6fffefe02100001
38.569233592	2	3c:c0:c6:fe:02:11	gPTP Sync	seq=55035 li=-3 spid=3cc0c6fffefe02100001
38.569812801	2	3c:c0:c6:fe:02:11	gPTP Follow_Up	seq=55035 li=-3 spid=3cc0c6fffefe02100001
38.599334431	2	3c:c0:c6:fe:02:11	MVRP	
38.680067836	2	3c:c0:c6:fe:02:11	gPTP Sync	seq=55036 li=-3 spid=3cc0c6fffefe02100001
38.680812830	2	3c:c0:c6:fe:02:11	gPTP Follow_Up	seq=55036 li=-3 spid=3cc0c6fffefe02100001
38.720408947	3	02:00:00:00:00:01	MAAP	
38.810103822	2	3c:c0:c6:fe:02:11	gPTP Sync	seq=55037 li=-3 spid=3cc0c6fffefe02100001
38.810836592	2	3c:c0:c6:fe:02:11	gPTP Follow_Up	seq=55037 li=-3 spid=3cc0c6fffefe02100001
38.930011504	2	3c:c0:c6:fe:02:11	gPTP Sync	seq=55038 li=-3 spid=3cc0c6fffefe02100001
38.930743898	2	3c:c0:c6:fe:02:11	gPTP Follow_Up	seq=55038 li=-3 spid=3cc0c6fffefe02100001
39.000270438	2	3c:c0:c6:fe:02:11	gPTP Announce	seq=63877 li=0 spid=3cc0c6fffefe02100001 gm=3cc0c6fffefe0210 p1=246 sr=0
39.060124482	2	3c:c0:c6:fe:02:11	gPTP Sync	seq=55039 li=-3 spid=3cc0c6fffefe02100001
39.060852108	2	3c:c0:c6:fe:02:11	gPTP Follow_Up	seq=55039 li=-3 spid=3cc0c6fffefe02100001
39.180029196	2	3c:c0:c6:fe:02:11	gPTP Sync	seq=55040 li=-3 spid=3cc0c6fffefe02100001
39.180761390	2	3c:c0:c6:fe:02:11	gPTP Follow_Up	seq=55040 li=-3 spid=3cc0c6fffefe02100001
39.249944729	2	3c:c0:c6:fe:02:11	gPTP Pdelay_Req	seq=1442 li=0 spid=3cc0c6fffefe02100001
39.249955729	3	02:00:00:00:00:01	gPTP Pdelay_Resp	seq=1442 li=127 spid=020000fffe0000010001
39.249963289	3	02:00:00:00:00:01	gPTP Pdelay_Resp_Follow_Up	seq=1442 li=127 spid=020000fffe0000010001
39.310069982	2	3c:c0:c6:fe:02:11	gPTP Sync	seq=55041 li=-3 spid=3cc0c6fffefe02100001
39.310804768	2	3c:c0:c6:fe:02:11	gPTP Follow_Up	seq=55041 li=-3 spid=3cc0c6fffefe02100001
39.351412928	3	02:00:00:00:00:01	MSRP	
39.430155273	2	3c:c0:c6:fe:02:11	gPTP Sync	seq=55042 li=-3 spid=3cc0c6fffefe02100001
39.430903691	2	3c:c0:c6:fe:02:11	gPTP Follow_Up	seq=55042 li=-3 spid=3cc0c6fffefe02100001
39.551416190	3	02:00:00:00:00:01	gPTP Pdelay_Req	seq=1350 li=0 spid=020000fffe0000010001
39.552227008	2	3c:c0:c6:fe:02:11	gPTP Pdelay_Resp	seq=1350 li=127 spid=3cc0c6fffefe02100001
39.553214594	2	3c:c0:c6:fe:02:11	gPTP Pdelay_Resp_Follow_Up	seq=1350 li=127 spid=3cc0c6fffefe02100001
39.569243520	2	3c:c0:c6:fe:02:11	gPTP Sync	seq=55043 li=-3 spid=3cc0c6fffefe02100001
39.569823937	2	3c:c0:c6:fe:02:11	gPTP Follow_Up	seq=55043 li=-3 spid=3cc0c6fffefe02100001
39.599537951	2	3c:c0:c6:fe:02:11	MVRP	
39.680057949	2	3c:c0:c6:fe:02:11	gPTP Sync	seq=55044 li=-3 spid=3cc0c6fffefe02100001
39.680803174	2	3c:c0:c6:fe:02:11	gPTP Follow_Up	seq=55044 li=-3 spid=3cc0c6fffefe02100001
39.810114735	2	3c:c0:c6:fe:02:11	gPTP Sync	seq=55045 li=-3 spid=3cc0c6fffefe02100001
39.810843736	2	3c:c0:c6:fe:02:11	gPTP Follow_Up	seq=55045 li=-3 spid=3cc0c6fffefe02100001
39.930016249	2	3c:c0:c6:fe:02:11	gPTP Sync	seq=55046 li=-3 spid=3cc0c6fffefe02100001
39.930743642	2	3c:c0:c6:fe:02:11	gPTP Follow_Up	seq=55046 li=-3 spid=3cc0c6fffefe02100001
39.939340319	2	3c:c0:c6:fe:02:11	ethertype 0x0027	
40.000273958	2	3c:c0:c6:fe:02:11	gPTP Announce	seq=63878 li=0 spid=3cc0c6fffefe02100001 gm=3cc0c6fffefe0210 p1=246 sr=0
40.060123211	2	3c:c0:c6:fe:02:11	gPTP Sync	seq=55047 li=-3 spid=3cc0c6fffefe02100001
40.060850828	2	3c:c0:c6:fe:02:11	gPTP Follow_Up	seq=55047 li=-3 spid=3cc0c6fffefe02100001
40.180064117	2	3c:c0:c6:fe:02:11	gPTP Sync	seq=55048 li=-3 spid=3cc0c6fffefe02100001
40.180798103	2	3c:c0:c6:fe:02:11	gPTP Follow_Up	seq=55048 li=-3 spid=3cc0c6fffefe02100001
40.249955041	2	3c:c0:c6:fe:02:11	gPTP Pdelay_Req	seq=1443 li=0 spid=3cc0c6fffefe02100001
40.249966041	3	02:00:00:00:00:01	gPTP Pdelay_Resp	seq=1443 li=127 spid=020000fffe0000010001
40.249973601	3	02:00:00:00:00:01	gPTP Pdelay_Resp_Follow_Up	seq=1443 li=127 spid=020000fffe0000010001
40.310064903	2	3c:c0:c6:fe:02:11	gPTP Sync	seq=55049 li=-3 spid=3cc0c6fffefe02100001
40.310800904	2	3c:c0:c6:fe:02:11	gPTP Follow_Up	seq=55049 li=-3 spid=3cc0c6fffefe02100001
40.351415232	3	02:00:00:00:00:01	MSRP	
40.430000393	2	3c:c0:c6:fe:02:11	gPTP Sync	seq=55050 li=-3 spid=3cc0c6fffefe02100001
40.430724818	2	3c:c0:c6:fe:02:11	gPTP Follow_Up	seq=55050 li=-3 spid=3cc0c6fffefe02100001
40.551418494	3	02:00:00:00:00:01	gPTP Pdelay_Req	seq=1351 li=0 spid=020000fffe0000010001
40.552195712	2	3c:c0:c6:fe:02:11	gPTP Pdelay_Resp	seq=1351 li=127 spid=3cc0c6fffefe02100001
40.553189322	2	3c:c0:c6:fe:02:11	gPTP Pdelay_Resp_Follow_Up	seq=1351 li=127 spid=3cc0c6fffefe02100001
40.569248640	2	3c:c0:c6:fe:02:11	gPTP Sync	seq=55051 li=-3 spid=3cc0c6fffefe02100001
40.569828450	2	3c:c0:c6:fe:02:11	gPTP Follow_Up	seq=55051 li=-3 spid=3cc0c6fffefe02100001
40.599351647	2	3c:c0:c6:fe:02:11	MVRP	
40.680056677	2	3c:c0:c6:fe:02:11	gPTP Sync	seq=55052 li=-3 spid=3cc0c6fffefe02100001
40.680803879	2	3c:c0:c6:fe:02:11	gPTP Follow_Up	seq=55052 li=-3 spid=3cc0c6fffefe02100001
40.810130455	2	3c:c0:c6:fe:02:11	gPTP Sync	seq=55053 li=-3 spid=3cc0c6fffefe02100001
40.810862841	2	3c:c0:c6:fe:02:11	gPTP Follow_Up	seq=55053 li=-3 spid=3cc0c6fffefe02100001
40.930022969	2	3c:c0:c6:fe:02:11	gPTP Sync	seq=55054 li=-3 spid=3cc0c6fffefe02100001
40.930751963	2	3c:c0:c6:fe:02:11	gPTP Follow_Up	seq=55054 li=-3 spid=3cc0c6fffefe02100001
41.000266278	2	3c:c0:c6:fe:02:11	gPTP Announce	seq=63879 li=0 spid=3cc0c6fffefe02100001 gm=3cc0c6fffefe0210 p1=246 sr=0
41.060148139	2	3c:c0:c6:fe:02:11	gPTP Sync	seq=55055 li=-3 spid=3cc0c6fffefe02100001
41.060883149	2	3c:c0:c6:fe:02:11	gPTP Follow_Up	seq=55055 li=-3 spid=3cc0c6fffefe02100001
41.180043629	2	3c:c0:c6:fe:02:11	gPTP Sync	seq=55056 li=-3 spid=3cc0c6fffefe02100001
41.180776055	2	3c:c0:c6:fe:02:11	gPTP Follow_Up	seq=55056 li=-3 spid=3cc0c6fffefe02100001
41.239415697	2	3c:c0:c6:fe:02:11	MVRP	
41.250008762	2	3c:c0:c6:fe:02:11	gPTP Pdelay_Req	seq=1444 li=0 spid=3cc0c6fffefe02100001
41.250019762	3	02:00:00:00:00:01	gPTP Pdelay_Resp	seq=1444 li=127 spid=020000fffe0000010001
41.250027322	3	02:00:00:00:00:01	gPTP Pdelay_Resp_Follow_Up	seq=1444 li=127 spid=020000fffe0000010001
41.310066815	2	3c:c0:c6:fe:02:11	gPTP Sync	seq=55057 li=-3 spid=3cc0c6fffefe02100001
41.310805417	2	3c:c0:c6:fe:02:11	gPTP Follow_Up	seq=55057 li=-3 spid=3cc0c6fffefe02100001
41.349900525	2	3c:c0:c6:fe:02:11	MSRP	
41.351418992	3	02:00:00:00:00:01	MSRP	
41.430010729	2	3c:c0:c6:fe:02:11	gPTP Sync	seq=55058 li=-3 spid=3cc0c6fffefe02100001
41.430746123	2	3c:c0:c6:fe:02:11	gPTP Follow_Up	seq=55058 li=-3 spid=3cc0c6fffefe02100001
41.551420823	3	02:00:00:00:00:01	gPTP Pdelay_Req	seq=1352 li=0 spid=020000fffe0000010001
41.552205441	2	3c:c0:c6:fe:02:11	gPTP Pdelay_Resp	seq=1352 li=127 spid=3cc0c6fffefe02100001
41.553191651	2	3c:c0:c6:fe:02:11	gPTP Pdelay_Resp_Follow_Up	seq=1352 li=127 spid=3cc0c6fffefe02100001
41.569256161	2	3c:c0:c6:fe:02:11	gPTP Sync	seq=55059 li=-3 spid=3cc0c6fffefe02100001
41.569833762	2	3c:c0:c6:fe:02:11	gPTP Follow_Up	seq=55059 li=-3 spid=3cc0c6fffefe02100001
41.599536800	2	3c:c0:c6:fe:02:11	MVRP	
41.680098973	2	3c:c0:c6:fe:02:11	gPTP Sync	seq=55060 li=-3 spid=3cc0c6fffefe02100001
41.680839815	2	3c:c0:c6:fe:02:11	gPTP Follow_Up	seq=55060 li=-3 spid=3cc0c6fffefe02100001
41.808419675	3	02:00:00:00:00:01	ADP	eid=020000fffe000001 gm=3cc0c6fffefe0210
41.810141175	2	3c:c0:c6:fe:02:11	gPTP Sync	seq=55061 li=-3 spid=3cc0c6fffefe02100001
41.810870777	2	3c:c0:c6:fe:02:11	gPTP Follow_Up	seq=55061 li=-3 spid=3cc0c6fffefe02100001
41.930029881	2	3c:c0:c6:fe:02:11	gPTP Sync	seq=55062 li=-3 spid=3cc0c6fffefe02100001
41.930761091	2	3c:c0:c6:fe:02:11	gPTP Follow_Up	seq=55062 li=-3 spid=3cc0c6fffefe02100001
41.939356543	2	3c:c0:c6:fe:02:11	ethertype 0x0027	
42.000321391	2	3c:c0:c6:fe:02:11	gPTP Announce	seq=63880 li=0 spid=3cc0c6fffefe02100001 gm=3cc0c6fffefe0210 p1=246 sr=0
42.060175435	2	3c:c0:c6:fe:02:11	gPTP Sync	seq=55063 li=-3 spid=3cc0c6fffefe02100001
42.060906069	2	3c:c0:c6:fe:02:11	gPTP Follow_Up	seq=55063 li=-3 spid=3cc0c6fffefe02100001
42.180050773	2	3c:c0:c6:fe:02:11	gPTP Sync	seq=55064 li=-3 spid=3cc0c6fffefe02100001
42.180782967	2	3c:c0:c6:fe:02:11	gPTP Follow_Up	seq=55064 li=-3 spid=3cc0c6fffefe02100001
42.249968866	2	3c:c0:c6:fe:02:11	gPTP Pdelay_Req	seq=1445 li=0 spid=3cc0c6fffefe02100001
42.249979866	3	02:00:00:00:00:01	gPTP Pdelay_Resp	seq=1445 li=127 spid=020000fffe0000010001
42.249987426	3	02:00:00:00:00:01	gPTP Pdelay_Resp_Follow_Up	seq=1445 li=127 spid=020000fffe0000010001
42.310090343	2	3c:c0:c6:fe:02:11	gPTP Sync	seq=55065 li=-3 spid=3cc0c6fffefe02100001
42.310828521	2	3c:c0:c6:fe:02:11	gPTP Follow_Up	seq=55065 li=-3 spid=3cc0c6fffefe02100001
42.351419880	3	02:00:00:00:00:01	MSRP	
42.430020041	2	3c:c0:c6:fe:02:11	gPTP Sync	seq=55066 li=-3 spid=3cc0c6fffefe02100001
42.430755027	2	3c:c0:c6:fe:02:11	gPTP Follow_Up	seq=55066 li=-3 spid=3cc0c6fffefe02100001
42.551423159	3	02:00:00:00:00:01	gPTP Pdelay_Req	seq=1353 li=0 spid=020000fffe0000010001
42.552208353	2	3c:c0:c6:fe:02:11	gPTP Pdelay_Resp	seq=1353 li=127 spid=3cc0c6fffefe02100001
42.553201547	2	3c:c0:c6:fe:02:11	gPTP Pdelay_Resp_Follow_Up	seq=1353 li=127 spid=3cc0c6fffefe02100001
42.569268289	2	3c:c0:c6:fe:02:11	gPTP Sync	seq=55067 li=-3 spid=3cc0c6fffefe02100001
42.569848490	2	3c:c0:c6:fe:02:11	gPTP Follow_Up	seq=55067 li=-3 spid=3cc0c6fffefe02100001
42.599374920	2	3c:c0:c6:fe:02:11	MVRP	
42.680077925	2	3c:c0:c6:fe:02:11	gPTP Sync	seq=55068 li=-3 spid=3cc0c6fffefe02100001
42.680821927	2	3c:c0:c6:fe:02:11	gPTP Follow_Up	seq=55068 li=-3 spid=3cc0c6fffefe02100001
42.810131895	2	3c:c0:c6:fe:02:11	gPTP Sync	seq=55069 li=-3 spid=3cc0c6fffefe02100001
42.810862105	2	3c:c0:c6:fe:02:11	gPTP Follow_Up	seq=55069 li=-3 spid=3cc0c6fffefe02100001
42.895091735	2	68:05:ca:95:b2:ed	AECP	
42.895123815	3	02:00:00:00:00:01	AECP	
42.895294936	2	68:05:ca:95:b2:ed	AECP	
42.895323072	3	02:00:00:00:00:01	AECP	
42.930037601	2	3c:c0:c6:fe:02:11	gPTP Sync	seq=55070 li=-3 spid=3cc0c6fffefe02100001
42.930764611	2	3c:c0:c6:fe:02:11	gPTP Follow_Up	seq=55070 li=-3 spid=3cc0c6fffefe02100001
43.000283343	2	3c:c0:c6:fe:02:11	gPTP Announce	seq=63881 li=0 spid=3cc0c6fffefe02100001 gm=3cc0c6fffefe0210 p1=246 sr=0
43.060171379	2	3c:c0:c6:fe:02:11	gPTP Sync	seq=55071 li=-3 spid=3cc0c6fffefe02100001
43.060900981	2	3c:c0:c6:fe:02:11	gPTP Follow_Up	seq=55071 li=-3 spid=3cc0c6fffefe02100001
43.089419088	3	02:00:00:00:00:01	MAAP	
43.180085077	2	3c:c0:c6:fe:02:11	gPTP Sync	seq=55072 li=-3 spid=3cc0c6fffefe02100001
43.180819103	2	3c:c0:c6:fe:02:11	gPTP Follow_Up	seq=55072 li=-3 spid=3cc0c6fffefe02100001
43.249975626	2	3c:c0:c6:fe:02:11	gPTP Pdelay_Req	seq=1446 li=0 spid=3cc0c6fffefe02100001
43.249986618	3	02:00:00:00:00:01	gPTP Pdelay_Resp	seq=1446 li=127 spid=020000fffe0000010001
43.249994178	3	02:00:00:00:00:01	gPTP Pdelay_Resp_Follow_Up	seq=1446 li=127 spid=020000fffe0000010001
43.310085863	2	3c:c0:c6:fe:02:11	gPTP Sync	seq=55073 li=-3 spid=3cc0c6fffefe02100001
43.310824081	2	3c:c0:c6:fe:02:11	gPTP Follow_Up	seq=55073 li=-3 spid=3cc0c6fffefe02100001
43.351422216	3	02:00:00:00:00:01	MSRP	
43.430027761	2	3c:c0:c6:fe:02:11	gPTP Sync	seq=55074 li=-3 spid=3cc0c6fffefe02100001
43.430763347	2	3c:c0:c6:fe:02:11	gPTP Follow_Up	seq=55074 li=-3 spid=3cc0c6fffefe02100001
43.551425487	3	02:00:00:00:00:01	gPTP Pdelay_Req	seq=1354 li=0 spid=020000fffe0000010001
43.552215689	2	3c:c0:c6:fe:02:11	gPTP Pdelay_Resp	seq=1354 li=127 spid=3cc0c6fffefe02100001
43.553204499	2	3c:c0:c6:fe:02:11	gPTP Pdelay_Resp_Follow_Up	seq=1354 li=127 spid=3cc0c6fffefe02100001
43.569281417	2	3c:c0:c6:fe:02:11	gPTP Sync	seq=55075 li=-3 spid=3cc0c6fffefe02100001
43.569875594	2	3c:c0:c6:fe:02:11	gPTP Follow_Up	seq=55075 li=-3 spid=3cc0c6fffefe02100001
43.599558640	2	3c:c0:c6:fe:02:11	MVRP	
43.680083661	2	3c:c0:c6:fe:02:11	gPTP Sync	seq=55076 li=-3 spid=3cc0c6fffefe02100001
43.680827663	2	3c:c0:c6:fe:02:11	gPTP Follow_Up	seq=55076 li=-3 spid=3cc0c6fffefe02100001
43.810148831	2	3c:c0:c6:fe:02:11	gPTP Sync	seq=55077 li=-3 spid=3cc0c6fffefe02100001
43.810881633	2	3c:c0:c6:fe:02:11	gPTP Follow_Up	seq=55077 li=-3 spid=3cc0c6fffefe02100001
43.930087522	2	3c:c0:c6:fe:02:11	gPTP Sync	seq=55078 li=-3 spid=3cc0c6fffefe02100001
43.930811915	2	3c:c0:c6:fe:02:11	gPTP Follow_Up	seq=55078 li=-3 spid=3cc0c6fffefe02100001
43.939373191	2	3c:c0:c6:fe:02:11	ethertype 0x0027	
44.000294263	2	3c:c0:c6:fe:02:11	gPTP Announce	seq=63882 li=0 spid=3cc0c6fffefe02100001 gm=3cc0c6fffefe0210 p1=246 sr=0
44.060161715	2	3c:c0:c6:fe:02:11	gPTP Sync	seq=55079 li=-3 spid=3cc0c6fffefe02100001
44.060891325	2	3c:c0:c6:fe:02:11	gPTP Follow_Up	seq=55079 li=-3 spid=3cc0c6fffefe02100001
44.180060989	2	3c:c0:c6:fe:02:11	gPTP Sync	seq=55080 li=-3 spid=3cc0c6fffefe02100001
44.180792223	2	3c:c0:c6:fe:02:11	gPTP Follow_Up	seq=55080 li=-3 spid=3cc0c6fffefe02100001
44.250057930	2	3c:c0:c6:fe:02:11	gPTP Pdelay_Req	seq=1447 li=0 spid=3cc0c6fffefe02100001
44.250068914	3	02:00:00:00:00:01	gPTP Pdelay_Resp	seq=1447 li=127 spid=020000fffe0000010001
44.250076474	3	02:00:00:00:00:01	gPTP Pdelay_Resp_Follow_Up	seq=1447 li=127 spid=020000fffe0000010001
44.310163983	2	3c:c0:c6:fe:02:11	gPTP Sync	seq=55081 li=-3 spid=3cc0c6fffefe02100001
44.310898385	2	3c:c0:c6:fe:02:11	gPTP Follow_Up	seq=55081 li=-3 spid=3cc0c6fffefe02100001
44.351424553	3	02:00:00:00:00:01	MSRP	
44.430037681	2	3c:c0:c6:fe:02:11	gPTP Sync	seq=55082 li=-3 spid=3cc0c6fffefe02100001
44.430776891	2	3c:c0:c6:fe:02:11	gPTP Follow_Up	seq=55082 li=-3 spid=3cc0c6fffefe02100001
44.551427815	3	02:00:00:00:00:01	gPTP Pdelay_Req	seq=1355 li=0 spid=020000fffe0000010001
44.552177609	2	3c:c0:c6:fe:02:11	gPTP Pdelay_Resp	seq=1355 li=127 spid=3cc0c6fffefe02100001
44.553163827	2	3c:c0:c6:fe:02:11	gPTP Pdelay_Resp_Follow_Up	seq=1355 li=127 spid=3cc0c6fffefe02100001
44.569281737	2	3c:c0:c6:fe:02:11	gPTP Sync	seq=55083 li=-3 spid=3cc0c6fffefe02100001
44.569861938	2	3c:c0:c6:fe:02:11	gPTP Follow_Up	seq=55083 li=-3 spid=3cc0c6fffefe02100001
44.599388368	2	3c:c0:c6:fe:02:11	MVRP	
44.680116366	2	3c:c0:c6:fe:02:11	gPTP Sync	seq=55084 li=-3 spid=3cc0c6fffefe02100001
44.680863575	2	3c:c0:c6:fe:02:11	gPTP Follow_Up	seq=55084 li=-3 spid=3cc0c6fffefe02100001
44.810151743	2	3c:c0:c6:fe:02:11	gPTP Sync	seq=55085 li=-3 spid=3cc0c6fffefe02100001
44.810884553	2	3c:c0:c6:fe:02:11	gPTP Follow_Up	seq=55085 li=-3 spid=3cc0c6fffefe02100001
44.930051049	2	3c:c0:c6:fe:02:11	gPTP Sync	seq=55086 li=-3 spid=3cc0c6fffefe02100001
44.930779659	2	3c:c0:c6:fe:02:11	gPTP Follow_Up	seq=55086 li=-3 spid=3cc0c6fffefe02100001
44.946059583	2	3c:c0:c6:01:02:03	ADP	eid=3cc0c60102030000 gm=3cc0c6fffefe0210
45.000317559	2	3c:c0:c6:fe:02:11	gPTP Announce	seq=63883 li=0 spid=3cc0c6fffefe02100001 gm=3cc0c6fffefe0210 p1=246 sr=0
45.060165244	2	3c:c0:c6:fe:02:11	gPTP Sync	seq=55087 li=-3 spid=3cc0c6fffefe02100001
45.060899037	2	3c:c0:c6:fe:02:11	gPTP Follow_Up	seq=55087 li=-3 spid=3cc0c6fffefe02100001
45.180074110	2	3c:c0:c6:fe:02:11	gPTP Sync	seq=55088 li=-3 spid=3cc0c6fffefe02100001
45.180808519	2	3c:c0:c6:fe:02:11	gPTP Follow_Up	seq=55088 li=-3 spid=3cc0c6fffefe02100001
45.249990666	2	3c:c0:c6:fe:02:11	gPTP Pdelay_Req	seq=1448 li=0 spid=3cc0c6fffefe02100001
45.250001666	3	02:00:00:00:00:01	gPTP Pdelay_Resp	seq=1448 li=127 spid=020000fffe0000010001
45.250009226	3	02:00:00:00:00:01	gPTP Pdelay_Resp_Follow_Up	seq=1448 li=127 spid=020000fffe0000010001
45.310117519	2	3c:c0:c6:fe:02:11	gPTP Sync	seq=55089 li=-3 spid=3cc0c6fffefe02100001
45.310851321	2	3c:c0:c6:fe:02:11	gPTP Follow_Up	seq=55089 li=-3 spid=3cc0c6fffefe02100001
45.351426889	3	02:00:00:00:00:01	MSRP	
45.430040217	2	3c:c0:c6:fe:02:11	gPTP Sync	seq=55090 li=-3 spid=3cc0c6fffefe02100001
45.430775195	2	3c:c0:c6:fe:02:11	gPTP Follow_Up	seq=55090 li=-3 spid=3cc0c6fffefe02100001
45.551427327	3	02:00:00:00:00:01	MSRP	
45.551430143	3	02:00:00:00:00:01	gPTP Pdelay_Req	seq=1356 li=0 spid=020000fffe0000010001
45.552221745	2	3c:c0:c6:fe:02:11	gPTP Pdelay_Resp	seq=1356 li=127 spid=3cc0c6fffefe02100001
45.553207315	2	3c:c0:c6:fe:02:11	gPTP Pdelay_Resp_Follow_Up	seq=1356 li=127 spid=3cc0c6fffefe02100001
45.554168957	2	3c:c0:c6:fe:02:11	MSRP	
45.569290673	2	3c:c0:c6:fe:02:11	gPTP Sync	seq=55091 li=-3 spid=3cc0c6fffefe02100001
45.569923058	2	3c:c0:c6:fe:02:11	gPTP Follow_Up	seq=55091 li=-3 spid=3cc0c6fffefe02100001
45.599611088	2	3c:c0:c6:fe:02:11	MVRP	
45.649888879	2	3c:c0:c6:fe:02:11	MSRP	
45.680146670	2	3c:c0:c6:fe:02:11	gPTP Sync	seq=55092 li=-3 spid=3cc0c6fffefe02100001
45.680885879	2	3c:c0:c6:fe:02:11	gPTP Follow_Up	seq=55092 li=-3 spid=3cc0c6fffefe02100001
45.810161280	2	3c:c0:c6:fe:02:11	gPTP Sync	seq=55093 li=-3 spid=3cc0c6fffefe02100001
45.810896074	2	3c:c0:c6:fe:02:11	gPTP Follow_Up	seq=55093 li=-3 spid=3cc0c6fffefe02100001
45.930064170	2	3c:c0:c6:fe:02:11	gPTP Sync	seq=55094 li=-3 spid=3cc0c6fffefe02100001
45.930794380	2	3c:c0:c6:fe:02:11	gPTP Follow_Up	seq=55094 li=-3 spid=3cc0c6fffefe02100001
45.939387248	2	3c:c0:c6:fe:02:11	ethertype 0x0027	
46.000303512	2	3c:c0:c6:fe:02:11	gPTP Announce	seq=63884 li=0 spid=3cc0c6fffefe02100001 gm=3cc0c6fffefe0210 p1=246 sr=0
46.060187965	2	3c:c0:c6:fe:02:11	gPTP Sync	seq=55095 li=-3 spid=3cc0c6fffefe02100001
46.060915359	2	3c:c0:c6:fe:02:11	gPTP Follow_Up	seq=55095 li=-3 spid=3cc0c6fffefe02100001
46.180106432	2	3c:c0:c6:fe:02:11	gPTP Sync	seq=55096 li=-3 spid=3cc0c6fffefe02100001
46.180839657	2	3c:c0:c6:fe:02:11	gPTP Follow_Up	seq=55096 li=-3 spid=3cc0c6fffefe02100001
46.249999988	2	3c:c0:c6:fe:02:11	gPTP Pdelay_Req	seq=1449 li=0 spid=3cc0c6fffefe02100001
46.250010988	3	02:00:00:00:00:01	gPTP Pdelay_Resp	seq=1449 li=127 spid=020000fffe0000010001
46.250018548	3	02:00:00:00:00:01	gPTP Pdelay_Resp_Follow_Up	seq=1449 li=127 spid=020000fffe0000010001
46.310105042	2	3c:c0:c6:fe:02:11	gPTP Sync	seq=55097 li=-3 spid=3cc0c6fffefe02100001
46.310841436	2	3c:c0:c6:fe:02:11	gPTP Follow_Up	seq=55097 li=-3 spid=3cc0c6fffefe02100001
46.351429211	3	02:00:00:00:00:01	MSRP	
46.430049533	2	3c:c0:c6:fe:02:11	gPTP Sync	seq=55098 li=-3 spid=3cc0c6fffefe02100001
46.430787135	2	3c:c0:c6:fe:02:11	gPTP Follow_Up	seq=55098 li=-3 spid=3cc0c6fffefe02100001
46.551432475	3	02:00:00:00:00:01	gPTP Pdelay_Req	seq=1357 li=0 spid=020000fffe0000010001
46.552184661	2	3c:c0:c6:fe:02:11	gPTP Pdelay_Resp	seq=1357 li=127 spid=3cc0c6fffefe02100001
46.553173471	2	3c:c0:c6:fe:02:11	gPTP Pdelay_Resp_Follow_Up	seq=1357 li=127 spid=3cc0c6fffefe02100001
46.569290965	2	3c:c0:c6:fe:02:11	gPTP Sync	seq=55099 li=-3 spid=3cc0c6fffefe02100001
46.569869590	2	3c:c0:c6:fe:02:11	gPTP Follow_Up	seq=55099 li=-3 spid=3cc0c6fffefe02100001
46.599341588	2	3c:c0:c6:fe:02:11	MVRP	
46.680121818	2	3c:c0:c6:fe:02:11	gPTP Sync	seq=55100 li=-3 spid=3cc0c6fffefe02100001
46.680871228	2	3c:c0:c6:fe:02:11	gPTP Follow_Up	seq=55100 li=-3 spid=3cc0c6fffefe02100001
46.810177004	2	3c:c0:c6:fe:02:11	gPTP Sync	seq=55101 li=-3 spid=3cc0c6fffefe02100001
46.810910382	2	3c:c0:c6:fe:02:11	gPTP Follow_Up	seq=55101 li=-3 spid=3cc0c6fffefe02100001
46.930068879	2	3c:c0:c6:fe:02:11	gPTP Sync	seq=55102 li=-3 spid=3cc0c6fffefe02100001
46.930797304	2	3c:c0:c6:fe:02:11	gPTP Follow_Up	seq=55102 li=-3 spid=3cc0c6fffefe02100001
46.939511381	2	3c:c0:c6:fe:02:10	ethertype 0x0800	
47.000329628	2	3c:c0:c6:fe:02:11	gPTP Announce	seq=63885 li=0 spid=3cc0c6fffefe02100001 gm=3cc0c6fffefe0210 p1=246 sr=0
47.060205473	2	3c:c0:c6:fe:02:11	gPTP Sync	seq=55103 li=-3 spid=3cc0c6fffefe02100001
47.061008299	2	3c:c0:c6:fe:02:11	gPTP Follow_Up	seq=55103 li=-3 spid=3cc0c6fffefe02100001
47.180106987	2	3c:c0:c6:fe:02:11	gPTP Sync	seq=55104 li=-3 spid=3cc0c6fffefe02100001
47.180839181	2	3c:c0:c6:fe:02:11	gPTP Follow_Up	seq=55104 li=-3 spid=3cc0c6fffefe02100001
47.250007512	2	3c:c0:c6:fe:02:11	gPTP Pdelay_Req	seq=1450 li=0 spid=3cc0c6fffefe02100001
47.250018504	3	02:00:00:00:00:01	gPTP Pdelay_Resp	seq=1450 li=127 spid=020000fffe0000010001
47.250026064	3	02:00:00:00:00:01	gPTP Pdelay_Resp_Follow_Up	seq=1450 li=127 spid=020000fffe0000010001
47.310115165	2	3c:c0:c6:fe:02:11	gPTP Sync	seq=55105 li=-3 spid=3cc0c6fffefe02100001
47.310850559	2	3c:c0:c6:fe:02:11	gPTP Follow_Up	seq=55105 li=-3 spid=3cc0c6fffefe02100001
47.351431535	3	02:00:00:00:00:01	MSRP	
47.430062464	2	3c:c0:c6:fe:02:11	gPTP Sync	seq=55106 li=-3 spid=3cc0c6fffefe02100001
47.430799466	2	3c:c0:c6:fe:02:11	gPTP Follow_Up	seq=55106 li=-3 spid=3cc0c6fffefe02100001
47.551434806	3	02:00:00:00:00:01	gPTP Pdelay_Req	seq=1358 li=0 spid=020000fffe0000010001
47.552190583	2	3c:c0:c6:fe:02:11	gPTP Pdelay_Resp	seq=1358 li=127 spid=3cc0c6fffefe02100001
47.553180002	2	3c:c0:c6:fe:02:11	gPTP Pdelay_Resp_Follow_Up	seq=1358 li=127 spid=3cc0c6fffefe02100001
47.569300504	2	3c:c0:c6:fe:02:11	gPTP Sync	seq=55107 li=-3 spid=3cc0c6fffefe02100001
47.569879713	2	3c:c0:c6:fe:02:11	gPTP Follow_Up	seq=55107 li=-3 spid=3cc0c6fffefe02100001
47.599569343	2	3c:c0:c6:fe:02:11	MVRP	
47.680186941	2	3c:c0:c6:fe:02:11	gPTP Sync	seq=55108 li=-3 spid=3cc0c6fffefe02100001
47.680933151	2	3c:c0:c6:fe:02:11	gPTP Follow_Up	seq=55108 li=-3 spid=3cc0c6fffefe02100001
47.717239828	2	3c:c0:c6:01:02:03	MAAP	
47.810170735	2	3c:c0:c6:fe:02:11	gPTP Sync	seq=55109 li=-3 spid=3cc0c6fffefe02100001
47.810902928	2	3c:c0:c6:fe:02:11	gPTP Follow_Up	seq=55109 li=-3 spid=3cc0c6fffefe02100001
47.894962542	2	68:05:ca:95:b2:ed	AECP	
47.894994262	3	02:00:00:00:00:01	AECP	
47.895158159	2	68:05:ca:95:b2:ed	AECP	
47.895185615	3	02:00:00:00:00:01	AECP	
47.930076433	2	3c:c0:c6:fe:02:11	gPTP Sync	seq=55110 li=-3 spid=3cc0c6fffefe02100001
47.930806427	2	3c:c0:c6:fe:02:11	gPTP Follow_Up	seq=55110 li=-3 spid=3cc0c6fffefe02100001
47.939405303	2	3c:c0:c6:fe:02:11	ethertype 0x0027	
48.000332550	2	3c:c0:c6:fe:02:11	gPTP Announce	seq=63886 li=0 spid=3cc0c6fffefe02100001 gm=3cc0c6fffefe0210 p1=246 sr=0
48.060213795	2	3c:c0:c6:fe:02:11	gPTP Sync	seq=55111 li=-3 spid=3cc0c6fffefe02100001
48.061017005	2	3c:c0:c6:fe:02:11	gPTP Follow_Up	seq=55111 li=-3 spid=3cc0c6fffefe02100001
48.068430695	3	02:00:00:00:00:01	MAAP	
48.180130701	2	3c:c0:c6:fe:02:11	gPTP Sync	seq=55112 li=-3 spid=3cc0c6fffefe02100001
48.180861903	2	3c:c0:c6:fe:02:11	gPTP Follow_Up	seq=55112 li=-3 spid=3cc0c6fffefe02100001
48.250013626	2	3c:c0:c6:fe:02:11	gPTP Pdelay_Req	seq=1451 li=0 spid=3cc0c6fffefe02100001
48.250024610	3	02:00:00:00:00:01	gPTP Pdelay_Resp	seq=1451 li=127 spid=020000fffe0000010001
48.250032170	3	02:00:00:00:00:01	gPTP Pdelay_Resp_Follow_Up	seq=1451 li=127 spid=020000fffe0000010001
48.310140479	2	3c:c0:c6:fe:02:11	gPTP Sync	seq=55113 li=-3 spid=3cc0c6fffefe02100001
48.310875489	2	3c:c0:c6:fe:02:11	gPTP Follow_Up	seq=55113 li=-3 spid=3cc0c6fffefe02100001
48.351433873	3	02:00:00:00:00:01	MSRP	
48.430063778	2	3c:c0:c6:fe:02:11	gPTP Sync	seq=55114 li=-3 spid=3cc0c6fffefe02100001
48.430798795	2	3c:c0:c6:fe:02:11	gPTP Follow_Up	seq=55114 li=-3 spid=3cc0c6fffefe02100001
48.476435223	3	02:00:00:00:00:01	ADP	eid=020000fffe000001 gm=3cc0c6fffefe0210
48.551437127	3	02:00:00:00:00:01	gPTP Pdelay_Req	seq=1359 li=0 spid=020000fffe0000010001
48.552190297	2	3c:c0:c6:fe:02:11	gPTP Pdelay_Resp	seq=1359 li=127 spid=3cc0c6fffefe02100001
48.553175523	2	3c:c0:c6:fe:02:11	gPTP Pdelay_Resp_Follow_Up	seq=1359 li=127 spid=3cc0c6fffefe02100001
48.569307225	2	3c:c0:c6:fe:02:11	gPTP Sync	seq=55115 li=-3 spid=3cc0c6fffefe02100001
48.569883835	2	3c:c0:c6:fe:02:11	gPTP Follow_Up	seq=55115 li=-3 spid=3cc0c6fffefe02100001
48.599426264	2	3c:c0:c6:fe:02:11	MVRP	
48.680154270	2	3c:c0:c6:fe:02:11	gPTP Sync	seq=55116 li=-3 spid=3cc0c6fffefe02100001
48.680903072	2	3c:c0:c6:fe:02:11	gPTP Follow_Up	seq=55116 li=-3 spid=3cc0c6fffefe02100001
48.810175824	2	3c:c0:c6:fe:02:11	gPTP Sync	seq=55117 li=-3 spid=3cc0c6fffefe02100001
48.810909650	2	3c:c0:c6:fe:02:11	gPTP Follow_Up	seq=55117 li=-3 spid=3cc0c6fffefe02100001
48.930087922	2	3c:c0:c6:fe:02:11	gPTP Sync	seq=55118 li=-3 spid=3cc0c6fffefe02100001
48.930815964	2	3c:c0:c6:fe:02:11	gPTP Follow_Up	seq=55118 li=-3 spid=3cc0c6fffefe02100001
49.000324872	2	3c:c0:c6:fe:02:11	gPTP Announce	seq=63887 li=0 spid=3cc0c6fffefe02100001 gm=3cc0c6fffefe0210 p1=246 sr=0
49.060227525	2	3c:c0:c6:fe:02:11	gPTP Sync	seq=55119 li=-3 spid=3cc0c6fffefe02100001
49.061027534	2	3c:c0:c6:fe:02:11	gPTP Follow_Up	seq=55119 li=-3 spid=3cc0c6fffefe02100001
49.180158831	2	3c:c0:c6:fe:02:11	gPTP Sync	seq=55120 li=-3 spid=3cc0c6fffefe02100001
49.180892624	2	3c:c0:c6:fe:02:11	gPTP Follow_Up	seq=55120 li=-3 spid=3cc0c6fffefe02100001
49.250021947	2	3c:c0:c6:fe:02:11	gPTP Pdelay_Req	seq=1452 li=0 spid=3cc0c6fffefe02100001
49.250032955	3	02:00:00:00:00:01	gPTP Pdelay_Resp	seq=1452 li=127 spid=020000fffe0000010001
49.250040515	3	02:00:00:00:00:01	gPTP Pdelay_Resp_Follow_Up	seq=1452 li=127 spid=020000fffe0000010001
49.310132417	2	3c:c0:c6:fe:02:11	gPTP Sync	seq=55121 li=-3 spid=3cc0c6fffefe02100001
49.310866818	2	3c:c0:c6:fe:02:11	gPTP Follow_Up	seq=55121 li=-3 spid=3cc0c6fffefe02100001
49.351436186	3	02:00:00:00:00:01	MSRP	
49.430070507	2	3c:c0:c6:fe:02:11	gPTP Sync	seq=55122 li=-3 spid=3cc0c6fffefe02100001
49.430806093	2	3c:c0:c6:fe:02:11	gPTP Follow_Up	seq=55122 li=-3 spid=3cc0c6fffefe02100001
49.551439440	3	02:00:00:00:00:01	gPTP Pdelay_Req	seq=1360 li=0 spid=020000fffe0000010001
49.552247234	2	3c:c0:c6:fe:02:11	gPTP Pdelay_Resp	seq=1360 li=127 spid=3cc0c6fffefe02100001
49.553234437	2	3c:c0:c6:fe:02:11	gPTP Pdelay_Resp_Follow_Up	seq=1360 li=127 spid=3cc0c6fffefe02100001
49.569313538	2	3c:c0:c6:fe:02:11	gPTP Sync	seq=55123 li=-3 spid=3cc0c6fffefe02100001
49.569893156	2	3c:c0:c6:fe:02:11	gPTP Follow_Up	seq=55123 li=-3 spid=3cc0c6fffefe02100001
49.599598786	2	3c:c0:c6:fe:02:11	MVRP	
49.680174783	2	3c:c0:c6:fe:02:11	gPTP Sync	seq=55124 li=-3 spid=3cc0c6fffefe02100001
49.680920393	2	3c:c0:c6:fe:02:11	gPTP Follow_Up	seq=55124 li=-3 spid=3cc0c6fffefe02100001
49.810196977	2	3c:c0:c6:fe:02:11	gPTP Sync	seq=55125 li=-3 spid=3cc0c6fffefe02100001
49.810928155	2	3c:c0:c6:fe:02:11	gPTP Follow_Up	seq=55125 li=-3 spid=3cc0c6fffefe02100001
49.930094682	2	3c:c0:c6:fe:02:11	gPTP Sync	seq=55126 li=-3 spid=3cc0c6fffefe02100001
49.930822084	2	3c:c0:c6:fe:02:11	gPTP Follow_Up	seq=55126 li=-3 spid=3cc0c6fffefe02100001
49.939417152	2	3c:c0:c6:fe:02:11	ethertype 0x0027	
50.000331207	2	3c:c0:c6:fe:02:11	gPTP Announce	seq=63888 li=0 spid=3cc0c6fffefe02100001 gm=3cc0c6fffefe0210 p1=246 sr=0
50.060259852	2	3c:c0:c6:fe:02:11	gPTP Sync	seq=55127 li=-3 spid=3cc0c6fffefe02100001
50.061046454	2	3c:c0:c6:fe:02:11	gPTP Follow_Up	seq=55127 li=-3 spid=3cc0c6fffefe02100001
50.068155718	2	3c:c0:c6:01:02:03	ADP	eid=3cc0c60102030000 gm=3cc0c6fffefe0210
50.180114965	2	3c:c0:c6:fe:02:11	gPTP Sync	seq=55128 li=-3 spid=3cc0c6fffefe02100001
50.180848759	2	3c:c0:c6:fe:02:11	gPTP Follow_Up	seq=55128 li=-3 spid=3cc0c6fffefe02100001
50.250049090	2	3c:c0:c6:fe:02:11	gPTP Pdelay_Req	seq=1453 li=0 spid=3cc0c6fffefe02100001
50.250060090	3	02:00:00:00:00:01	gPTP Pdelay_Resp	seq=1453 li=127 spid=020000fffe0000010001
50.250067650	3	02:00:00:00:00:01	gPTP Pdelay_Resp_Follow_Up	seq=1453 li=127 spid=020000fffe0000010001
50.310136327	2	3c:c0:c6:fe:02:11	gPTP Sync	seq=55129 li=-3 spid=3cc0c6fffefe02100001
50.310876136	2	3c:c0:c6:fe:02:11	gPTP Follow_Up	seq=55129 li=-3 spid=3cc0c6fffefe02100001
50.351438480	3	02:00:00:00:00:01	MSRP	
50.430085832	2	3c:c0:c6:fe:02:11	gPTP Sync	seq=55130 li=-3 spid=3cc0c6fffefe02100001
50.430824018	2	3c:c0:c6:fe:02:11	gPTP Follow_Up	seq=55130 li=-3 spid=3cc0c6fffefe02100001
50.551441741	3	02:00:00:00:00:01	gPTP Pdelay_Req	seq=1361 li=0 spid=020000fffe0000010001
50.552210143	2	3c:c0:c6:fe:02:11	gPTP Pdelay_Resp	seq=1361 li=127 spid=3cc0c6fffefe02100001
50.553200169	2	3c:c0:c6:fe:02:11	gPTP Pdelay_Resp_Follow_Up	seq=1361 li=127 spid=3cc0c6fffefe02100001
50.569320671	2	3c:c0:c6:fe:02:11	gPTP Sync	seq=55131 li=-3 spid=3cc0c6fffefe02100001
50.569897865	2	3c:c0:c6:fe:02:11	gPTP Follow_Up	seq=55131 li=-3 spid=3cc0c6fffefe02100001
50.599427910	2	3c:c0:c6:fe:02:11	MVRP	
50.680166691	2	3c:c0:c6:fe:02:11	gPTP Sync	seq=55132 li=-3 spid=3cc0c6fffefe02100001
50.680914309	2	3c:c0:c6:fe:02:11	gPTP Follow_Up	seq=55132 li=-3 spid=3cc0c6fffefe02100001
50.810195701	2	3c:c0:c6:fe:02:11	gPTP Sync	seq=55133 li=-3 spid=3cc0c6fffefe02100001
50.810927287	2	3c:c0:c6:fe:02:11	gPTP Follow_Up	seq=55133 li=-3 spid=3cc0c6fffefe02100001
50.930100183	2	3c:c0:c6:fe:02:11	gPTP Sync	seq=55134 li=-3 spid=3cc0c6fffefe02100001
50.930827808	2	3c:c0:c6:fe:02:11	gPTP Follow_Up	seq=55134 li=-3 spid=3cc0c6fffefe02100001
51.000343116	2	3c:c0:c6:fe:02:11	gPTP Announce	seq=63889 li=0 spid=3cc0c6fffefe02100001 gm=3cc0c6fffefe0210 p1=246 sr=0
51.060267568	2	3c:c0:c6:fe:02:11	gPTP Sync	seq=55135 li=-3 spid=3cc0c6fffefe02100001
51.061053778	2	3c:c0:c6:fe:02:11	gPTP Follow_Up	seq=55135 li=-3 spid=3cc0c6fffefe02100001
51.180121074	2	3c:c0:c6:fe:02:11	gPTP Sync	seq=55136 li=-3 spid=3cc0c6fffefe02100001
51.180851676	2	3c:c0:c6:fe:02:11	gPTP Follow_Up	seq=55136 li=-3 spid=3cc0c6fffefe02100001
51.239503734	2	3c:c0:c6:fe:02:11	MVRP	
51.250096798	2	3c:c0:c6:fe:02:11	gPTP Pdelay_Req	seq=1454 li=0 spid=3cc0c6fffefe02100001
51.250107807	3	02:00:00:00:00:01	gPTP Pdelay_Resp	seq=1454 li=127 spid=020000fffe0000010001
51.250115367	3	02:00:00:00:00:01	gPTP Pdelay_Resp_Follow_Up	seq=1454 li=127 spid=020000fffe0000010001
51.310158052	2	3c:c0:c6:fe:02:11	gPTP Sync	seq=55137 li=-3 spid=3cc0c6fffefe02100001
51.310893453	2	3c:c0:c6:fe:02:11	gPTP Follow_Up	seq=55137 li=-3 spid=3cc0c6fffefe02100001
51.351440813	3	02:00:00:00:00:01	MSRP	
51.430087149	2	3c:c0:c6:fe:02:11	gPTP Sync	seq=55138 li=-3 spid=3cc0c6fffefe02100001
51.430822735	2	3c:c0:c6:fe:02:11	gPTP Follow_Up	seq=55138 li=-3 spid=3cc0c6fffefe02100001
51.471438567	3	02:00:00:00:00:01	MAAP	
51.551444075	3	02:00:00:00:00:01	gPTP Pdelay_Req	seq=1362 li=0 spid=020000fffe0000010001
51.552197284	2	3c:c0:c6:fe:02:11	gPTP Pdelay_Resp	seq=1362 li=127 spid=3cc0c6fffefe02100001
51.553184871	2	3c:c0:c6:fe:02:11	gPTP Pdelay_Resp_Follow_Up	seq=1362 li=127 spid=3cc0c6fffefe02100001
51.569330597	2	3c:c0:c6:fe:02:11	gPTP Sync	seq=55139 li=-3 spid=3cc0c6fffefe02100001
51.569907206	2	3c:c0:c6:fe:02:11	gPTP Follow_Up	seq=55139 li=-3 spid=3cc0c6fffefe02100001
51.599626628	2	3c:c0:c6:fe:02:11	MVRP	
51.663939723	2	3c:c0:c6:01:02:03	MAAP	
51.680143041	2	3c:c0:c6:fe:02:11	gPTP Sync	seq=55140 li=-3 spid=3cc0c6fffefe02100001
51.680887435	2	3c:c0:c6:fe:02:11	gPTP Follow_Up	seq=55140 li=-3 spid=3cc0c6fffefe02100001
51.810203418	2	3c:c0:c6:fe:02:11	gPTP Sync	seq=55141 li=-3 spid=3cc0c6fffefe02100001
51.810937820	2	3c:c0:c6:fe:02:11	gPTP Follow_Up	seq=55141 li=-3 spid=3cc0c6fffefe02100001
51.930108508	2	3c:c0:c6:fe:02:11	gPTP Sync	seq=55142 li=-3 spid=3cc0c6fffefe02100001
51.930834917	2	3c:c0:c6:fe:02:11	gPTP Follow_Up	seq=55142 li=-3 spid=3cc0c6fffefe02100001
51.939435393	2	3c:c0:c6:fe:02:11	ethertype 0x0027	
52.000386256	2	3c:c0:c6:fe:02:11	gPTP Announce	seq=63890 li=0 spid=3cc0c6fffefe02100001 gm=3cc0c6fffefe0210 p1=246 sr=0
52.060262701	2	3c:c0:c6:fe:02:11	gPTP Sync	seq=55143 li=-3 spid=3cc0c6fffefe02100001
52.061059895	2	3c:c0:c6:fe:02:11	gPTP Follow_Up	seq=55143 li=-3 spid=3cc0c6fffefe02100001
52.180155606	2	3c:c0:c6:fe:02:11	gPTP Sync	seq=55144 li=-3 spid=3cc0c6fffefe02100001
52.180886808	2	3c:c0:c6:fe:02:11	gPTP Follow_Up	seq=55144 li=-3 spid=3cc0c6fffefe02100001
52.250065122	2	3c:c0:c6:fe:02:11	gPTP Pdelay_Req	seq=1455 li=0 spid=3cc0c6fffefe02100001
52.250076122	3	02:00:00:00:00:01	gPTP Pdelay_Resp	seq=1455 li=127 spid=020000fffe0000010001
52.250083682	3	02:00:00:00:00:01	gPTP Pdelay_Resp_Follow_Up	seq=1455 li=127 spid=020000fffe0000010001
52.310147783	2	3c:c0:c6:fe:02:11	gPTP Sync	seq=55145 li=-3 spid=3cc0c6fffefe02100001
52.310884169	2	3c:c0:c6:fe:02:11	gPTP Follow_Up	seq=55145 li=-3 spid=3cc0c6fffefe02100001
52.351443112	3	02:00:00:00:00:01	MSRP	
52.430094473	2	3c:c0:c6:fe:02:11	gPTP Sync	seq=55146 li=-3 spid=3cc0c6fffefe02100001
52.430827282	2	3c:c0:c6:fe:02:11	gPTP Follow_Up	seq=55146 li=-3 spid=3cc0c6fffefe02100001
52.551446373	3	02:00:00:00:00:01	gPTP Pdelay_Req	seq=1363 li=0 spid=020000fffe0000010001
52.552207583	2	3c:c0:c6:fe:02:11	gPTP Pdelay_Resp	seq=1363 li=127 spid=3cc0c6fffefe02100001
52.553201193	2	3c:c0:c6:fe:02:11	gPTP Pdelay_Resp_Follow_Up	seq=1363 li=127 spid=3cc0c6fffefe02100001
52.569337919	2	3c:c0:c6:fe:02:11	gPTP Sync	seq=55147 li=-3 spid=3cc0c6fffefe02100001
52.569918729	2	3c:c0:c6:fe:02:11	gPTP Follow_Up	seq=55147 li=-3 spid=3cc0c6fffefe02100001
52.599436550	2	3c:c0:c6:fe:02:11	MVRP	
52.680153347	2	3c:c0:c6:fe:02:11	gPTP Sync	seq=55148 li=-3 spid=3cc0c6fffefe02100001
52.680895749	2	3c:c0:c6:fe:02:11	gPTP Follow_Up	seq=55148 li=-3 spid=3cc0c6fffefe02100001
52.810214933	2	3c:c0:c6:fe:02:11	gPTP Sync	seq=55149 li=-3 spid=3cc0c6fffefe02100001
52.810947126	2	3c:c0:c6:fe:02:11	gPTP Follow_Up	seq=55149 li=-3 spid=3cc0c6fffefe02100001
52.895971574	2	68:05:ca:95:b2:ed	AECP	
52.896003750	3	02:00:00:00:00:01	AECP	
52.896174166	2	68:05:ca:95:b2:ed	AECP	
52.896202407	3	02:00:00:00:00:01	AECP	
52.930110422	2	3c:c0:c6:fe:02:11	gPTP Sync	seq=55150 li=-3 spid=3cc0c6fffefe02100001
52.930836832	2	3c:c0:c6:fe:02:11	gPTP Follow_Up	seq=55150 li=-3 spid=3cc0c6fffefe02100001
53.000362955	2	3c:c0:c6:fe:02:11	gPTP Announce	seq=63891 li=0 spid=3cc0c6fffefe02100001 gm=3cc0c6fffefe0210 p1=246 sr=0
53.060263400	2	3c:c0:c6:fe:02:11	gPTP Sync	seq=55151 li=-3 spid=3cc0c6fffefe02100001
53.061057010	2	3c:c0:c6:fe:02:11	gPTP Follow_Up	seq=55151 li=-3 spid=3cc0c6fffefe02100001
53.180133489	2	3c:c0:c6:fe:02:11	gPTP Sync	seq=55152 li=-3 spid=3cc0c6fffefe02100001
53.180866707	2	3c:c0:c6:fe:02:11	gPTP Follow_Up	seq=55152 li=-3 spid=3cc0c6fffefe02100001
53.250090046	2	3c:c0:c6:fe:02:11	gPTP Pdelay_Req	seq=1456 li=0 spid=3cc0c6fffefe02100001
53.250101030	3	02:00:00:00:00:01	gPTP Pdelay_Resp	seq=1456 li=127 spid=020000fffe0000010001
53.250108590	3	02:00:00:00:00:01	gPTP Pdelay_Resp_Follow_Up	seq=1456 li=127 spid=020000fffe0000010001
53.310175683	2	3c:c0:c6:fe:02:11	gPTP Sync	seq=55153 li=-3 spid=3cc0c6fffefe02100001
53.310914885	2	3c:c0:c6:fe:02:11	gPTP Follow_Up	seq=55153 li=-3 spid=3cc0c6fffefe02100001
53.351445428	3	02:00:00:00:00:01	MSRP	
53.430103781	2	3c:c0:c6:fe:02:11	gPTP Sync	seq=55154 li=-3 spid=3cc0c6fffefe02100001
53.430841006	2	3c:c0:c6:fe:02:11	gPTP Follow_Up	seq=55154 li=-3 spid=3cc0c6fffefe02100001
53.551448690	3	02:00:00:00:00:01	gPTP Pdelay_Req	seq=1364 li=0 spid=020000fffe0000010001
53.552201499	2	3c:c0:c6:fe:02:11	gPTP Pdelay_Resp	seq=1364 li=127 spid=3cc0c6fffefe02100001
53.553187110	2	3c:c0:c6:fe:02:11	gPTP Pdelay_Resp_Follow_Up	seq=1364 li=127 spid=3cc0c6fffefe02100001
53.569342428	2	3c:c0:c6:fe:02:11	gPTP Sync	seq=55155 li=-3 spid=3cc0c6fffefe02100001
53.569921253	2	3c:c0:c6:fe:02:11	gPTP Follow_Up	seq=55155 li=-3 spid=3cc0c6fffefe02100001
53.599636867	2	3c:c0:c6:fe:02:11	MVRP	
53.680186848	2	3c:c0:c6:fe:02:11	gPTP Sync	seq=55156 li=-3 spid=3cc0c6fffefe02100001
53.680930274	2	3c:c0:c6:fe:02:11	gPTP Follow_Up	seq=55156 li=-3 spid=3cc0c6fffefe02100001
53.810233842	2	3c:c0:c6:fe:02:11	gPTP Sync	seq=55157 li=-3 spid=3cc0c6fffefe02100001
53.810970459	2	3c:c0:c6:fe:02:11	gPTP Follow_Up	seq=55157 li=-3 spid=3cc0c6fffefe02100001
53.930158331	2	3c:c0:c6:fe:02:11	gPTP Sync	seq=55158 li=-3 spid=3cc0c6fffefe02100001
53.930882557	2	3c:c0:c6:fe:02:11	gPTP Follow_Up	seq=55158 li=-3 spid=3cc0c6fffefe02100001
53.939447233	2	3c:c0:c6:fe:02:11	ethertype 0x0027	
54.000380873	2	3c:c0:c6:fe:02:11	gPTP Announce	seq=63892 li=0 spid=3cc0c6fffefe02100001 gm=3cc0c6fffefe0210 p1=246 sr=0
54.060286733	2	3c:c0:c6:fe:02:11	gPTP Sync	seq=55159 li=-3 spid=3cc0c6fffefe02100001
54.061006735	2	3c:c0:c6:fe:02:11	gPTP Follow_Up	seq=55159 li=-3 spid=3cc0c6fffefe02100001
54.180141231	2	3c:c0:c6:fe:02:11	gPTP Sync	seq=55160 li=-3 spid=3cc0c6fffefe02100001
54.180870841	2	3c:c0:c6:fe:02:11	gPTP Follow_Up	seq=55160 li=-3 spid=3cc0c6fffefe02100001
54.250131364	2	3c:c0:c6:fe:02:11	gPTP Pdelay_Req	seq=1457 li=0 spid=3cc0c6fffefe02100001
54.250142364	3	02:00:00:00:00:01	gPTP Pdelay_Resp	seq=1457 li=127 spid=020000fffe0000010001
54.250149924	3	02:00:00:00:00:01	gPTP Pdelay_Resp_Follow_Up	seq=1457 li=127 spid=020000fffe0000010001
54.310247017	2	3c:c0:c6:fe:02:11	gPTP Sync	seq=55161 li=-3 spid=3cc0c6fffefe02100001
54.310984619	2	3c:c0:c6:fe:02:11	gPTP Follow_Up	seq=55161 li=-3 spid=3cc0c6fffefe02100001
54.351447754	3	02:00:00:00:00:01	MSRP	
54.430107915	2	3c:c0:c6:fe:02:11	gPTP Sync	seq=55162 li=-3 spid=3cc0c6fffefe02100001
54.430842324	2	3c:c0:c6:fe:02:11	gPTP Follow_Up	seq=55162 li=-3 spid=3cc0c6fffefe02100001
54.551451024	3	02:00:00:00:00:01	gPTP Pdelay_Req	seq=1365 li=0 spid=020000fffe0000010001
54.552206626	2	3c:c0:c6:fe:02:11	gPTP Pdelay_Resp	seq=1365 li=127 spid=3cc0c6fffefe02100001
54.553194444	2	3c:c0:c6:fe:02:11	gPTP Pdelay_Resp_Follow_Up	seq=1365 li=127 spid=3cc0c6fffefe02100001
54.569353954	2	3c:c0:c6:fe:02:11	gPTP Sync	seq=55163 li=-3 spid=3cc0c6fffefe02100001
54.569933163	2	3c:c0:c6:fe:02:11	gPTP Follow_Up	seq=55163 li=-3 spid=3cc0c6fffefe02100001
54.599472969	2	3c:c0:c6:fe:02:11	MVRP	
54.680162598	2	3c:c0:c6:fe:02:11	gPTP Sync	seq=55164 li=-3 spid=3cc0c6fffefe02100001
54.680906600	2	3c:c0:c6:fe:02:11	gPTP Follow_Up	seq=55164 li=-3 spid=3cc0c6fffefe02100001
54.810243768	2	3c:c0:c6:fe:02:11	gPTP Sync	seq=55165 li=-3 spid=3cc0c6fffefe02100001
54.810978178	2	3c:c0:c6:fe:02:11	gPTP Follow_Up	seq=55165 li=-3 spid=3cc0c6fffefe02100001
54.930128258	2	3c:c0:c6:fe:02:11	gPTP Sync	seq=55166 li=-3 spid=3cc0c6fffefe02100001
54.930856676	2	3c:c0:c6:fe:02:11	gPTP Follow_Up	seq=55166 li=-3 spid=3cc0c6fffefe02100001
55.000371215	2	3c:c0:c6:fe:02:11	gPTP Announce	seq=63893 li=0 spid=3cc0c6fffefe02100001 gm=3cc0c6fffefe0210 p1=246 sr=0
55.060215668	2	3c:c0:c6:fe:02:11	gPTP Sync	seq=55167 li=-3 spid=3cc0c6fffefe02100001
55.061001654	2	3c:c0:c6:fe:02:11	gPTP Follow_Up	seq=55167 li=-3 spid=3cc0c6fffefe02100001
55.128450628	3	02:00:00:00:00:01	ADP	eid=020000fffe000001 gm=3cc0c6fffefe0210
55.180171958	2	3c:c0:c6:fe:02:11	gPTP Sync	seq=55168 li=-3 spid=3cc0c6fffefe02100001
55.180905760	2	3c:c0:c6:fe:02:11	gPTP Follow_Up	seq=55168 li=-3 spid=3cc0c6fffefe02100001
55.250067082	2	3c:c0:c6:fe:02:11	gPTP Pdelay_Req	seq=1458 li=0 spid=3cc0c6fffefe02100001
55.250078066	3	02:00:00:00:00:01	gPTP Pdelay_Resp	seq=1458 li=127 spid=020000fffe0000010001
55.250085626	3	02:00:00:00:00:01	gPTP Pdelay_Resp_Follow_Up	seq=1458 li=127 spid=020000fffe0000010001
55.310199336	2	3c:c0:c6:fe:02:11	gPTP Sync	seq=55169 li=-3 spid=3cc0c6fffefe02100001
55.310934321	2	3c:c0:c6:fe:02:11	gPTP Follow_Up	seq=55169 li=-3 spid=3cc0c6fffefe02100001
55.351450081	3	02:00:00:00:00:01	MSRP	
55.430119442	2	3c:c0:c6:fe:02:11	gPTP Sync	seq=55170 li=-3 spid=3cc0c6fffefe02100001
55.430854451	2	3c:c0:c6:fe:02:11	gPTP Follow_Up	seq=55170 li=-3 spid=3cc0c6fffefe02100001
55.549978748	2	3c:c0:c6:fe:02:11	MSRP	
55.551451607	3	02:00:00:00:00:01	MSRP	
55.551453351	3	02:00:00:00:00:01	gPTP Pdelay_Req	seq=1366 li=0 spid=020000fffe0000010001
55.552286153	2	3c:c0:c6:fe:02:11	gPTP Pdelay_Resp	seq=1366 li=127 spid=3cc0c6fffefe02100001
55.553270771	2	3c:c0:c6:fe:02:11	gPTP Pdelay_Resp_Follow_Up	seq=1366 li=127 spid=3cc0c6fffefe02100001
55.569369481	2	3c:c0:c6:fe:02:11	gPTP Sync	seq=55171 li=-3 spid=3cc0c6fffefe02100001
55.569968491	2	3c:c0:c6:fe:02:11	gPTP Follow_Up	seq=55171 li=-3 spid=3cc0c6fffefe02100001
55.599639312	2	3c:c0:c6:fe:02:11	MVRP	
55.680175918	2	3c:c0:c6:fe:02:11	gPTP Sync	seq=55172 li=-3 spid=3cc0c6fffefe02100001
55.680923727	2	3c:c0:c6:fe:02:11	gPTP Follow_Up	seq=55172 li=-3 spid=3cc0c6fffefe02100001
55.810258912	2	3c:c0:c6:fe:02:11	gPTP Sync	seq=55173 li=-3 spid=3cc0c6fffefe02100001
55.810995297	2	3c:c0:c6:fe:02:11	gPTP Follow_Up	seq=55173 li=-3 spid=3cc0c6fffefe02100001
55.930137410	2	3c:c0:c6:fe:02:11	gPTP Sync	seq=55174 li=-3 spid=3cc0c6fffefe02100001
55.930867019	2	3c:c0:c6:fe:02:11	gPTP Follow_Up	seq=55174 li=-3 spid=3cc0c6fffefe02100001
55.939462471	2	3c:c0:c6:fe:02:11	ethertype 0x0027	
56.000382327	2	3c:c0:c6:fe:02:11	gPTP Announce	seq=63894 li=0 spid=3cc0c6fffefe02100001 gm=3cc0c6fffefe0210 p1=246 sr=0
56.060222579	2	3c:c0:c6:fe:02:11	gPTP Sync	seq=55175 li=-3 spid=3cc0c6fffefe02100001
56.061007165	2	3c:c0:c6:fe:02:11	gPTP Follow_Up	seq=55175 li=-3 spid=3cc0c6fffefe02100001
56.107449314	3	02:00:00:00:00:01	MAAP	
56.180160285	2	3c:c0:c6:fe:02:11	gPTP Sync	seq=55176 li=-3 spid=3cc0c6fffefe02100001
56.180893087	2	3c:c0:c6:fe:02:11	gPTP Follow_Up	seq=55176 li=-3 spid=3cc0c6fffefe02100001
56.250075786	2	3c:c0:c6:fe:02:11	gPTP Pdelay_Req	seq=1459 li=0 spid=3cc0c6fffefe02100001
56.250086786	3	02:00:00:00:00:01	gPTP Pdelay_Resp	seq=1459 li=127 spid=020000fffe0000010001
56.250094346	3	02:00:00:00:00:01	gPTP Pdelay_Resp_Follow_Up	seq=1459 li=127 spid=020000fffe0000010001
56.310223471	2	3c:c0:c6:fe:02:11	gPTP Sync	seq=55177 li=-3 spid=3cc0c6fffefe02100001
56.310960465	2	3c:c0:c6:fe:02:11	gPTP Follow_Up	seq=55177 li=-3 spid=3cc0c6fffefe02100001
56.351452400	3	02:00:00:00:00:01	MSRP	
56.430130769	2	3c:c0:c6:fe:02:11	gPTP Sync	seq=55178 li=-3 spid=3cc0c6fffefe02100001
56.430869371	2	3c:c0:c6:fe:02:11	gPTP Follow_Up	seq=55178 li=-3 spid=3cc0c6fffefe02100001
56.551455663	3	02:00:00:00:00:01	gPTP Pdelay_Req	seq=1367 li=0 spid=020000fffe0000010001
56.552207688	2	3c:c0:c6:fe:02:11	gPTP Pdelay_Resp	seq=1367 li=127 spid=3cc0c6fffefe02100001
56.553195891	2	3c:c0:c6:fe:02:11	gPTP Pdelay_Resp_Follow_Up	seq=1367 li=127 spid=3cc0c6fffefe02100001
56.569366217	2	3c:c0:c6:fe:02:11	gPTP Sync	seq=55179 li=-3 spid=3cc0c6fffefe02100001
56.569941010	2	3c:c0:c6:fe:02:11	gPTP Follow_Up	seq=55179 li=-3 spid=3cc0c6fffefe02100001
56.599414639	2	3c:c0:c6:fe:02:11	MVRP	
56.680209837	2	3c:c0:c6:fe:02:11	gPTP Sync	seq=55180 li=-3 spid=3cc0c6fffefe02100001
56.680955063	2	3c:c0:c6:fe:02:11	gPTP Follow_Up	seq=55180 li=-3 spid=3cc0c6fffefe02100001
56.810241023	2	3c:c0:c6:fe:02:11	gPTP Sync	seq=55181 li=-3 spid=3cc0c6fffefe02100001
56.810972841	2	3c:c0:c6:fe:02:11	gPTP Follow_Up	seq=55181 li=-3 spid=3cc0c6fffefe02100001
56.930140328	2	3c:c0:c6:fe:02:11	gPTP Sync	seq=55182 li=-3 spid=3cc0c6fffefe02100001
56.930866730	2	3c:c0:c6:fe:02:11	gPTP Follow_Up	seq=55182 li=-3 spid=3cc0c6fffefe02100001
56.936665976	2	3c:c0:c6:01:02:03	ADP	eid=3cc0c60102030000 gm=3cc0c6fffefe0210
57.000399861	2	3c:c0:c6:fe:02:11	gPTP Announce	seq=63895 li=0 spid=3cc0c6fffefe02100001 gm=3cc0c6fffefe0210 p1=246 sr=0
57.060230906	2	3c:c0:c6:fe:02:11	gPTP Sync	seq=55183 li=-3 spid=3cc0c6fffefe02100001
57.061033500	2	3c:c0:c6:fe:02:11	gPTP Follow_Up	seq=55183 li=-3 spid=3cc0c6fffefe02100001
57.180164795	2	3c:c0:c6:fe:02:11	gPTP Sync	seq=55184 li=-3 spid=3cc0c6fffefe02100001
57.180897605	2	3c:c0:c6:fe:02:11	gPTP Follow_Up	seq=55184 li=-3 spid=3cc0c6fffefe02100001
57.250081927	2	3c:c0:c6:fe:02:11	gPTP Pdelay_Req	seq=1460 li=0 spid=3cc0c6fffefe02100001
57.250092935	3	02:00:00:00:00:01	gPTP Pdelay_Resp	seq=1460 li=127 spid=020000fffe0000010001
57.250100495	3	02:00:00:00:00:01	gPTP Pdelay_Resp_Follow_Up	seq=1460 li=127 spid=020000fffe0000010001
57.310209773	2	3c:c0:c6:fe:02:11	gPTP Sync	seq=55185 li=-3 spid=3cc0c6fffefe02100001
57.310946390	2	3c:c0:c6:fe:02:11	gPTP Follow_Up	seq=55185 li=-3 spid=3cc0c6fffefe02100001
57.351454725	3	02:00:00:00:00:01	MSRP	
57.430131062	2	3c:c0:c6:fe:02:11	gPTP Sync	seq=55186 li=-3 spid=3cc0c6fffefe02100001
57.430865880	2	3c:c0:c6:fe:02:11	gPTP Follow_Up	seq=55186 li=-3 spid=3cc0c6fffefe02100001
57.551457987	3	02:00:00:00:00:01	gPTP Pdelay_Req	seq=1368 li=0 spid=020000fffe0000010001
57.552211213	2	3c:c0:c6:fe:02:11	gPTP Pdelay_Resp	seq=1368 li=127 spid=3cc0c6fffefe02100001
57.553197807	2	3c:c0:c6:fe:02:11	gPTP Pdelay_Resp_Follow_Up	seq=1368 li=127 spid=3cc0c6fffefe02100001
57.569378733	2	3c:c0:c6:fe:02:11	gPTP Sync	seq=55187 li=-3 spid=3cc0c6fffefe02100001
57.569956942	2	3c:c0:c6:fe:02:11	gPTP Follow_Up	seq=55187 li=-3 spid=3cc0c6fffefe02100001
57.599659148	2	3c:c0:c6:fe:02:11	MVRP	
57.680235369	2	3c:c0:c6:fe:02:11	gPTP Sync	seq=55188 li=-3 spid=3cc0c6fffefe02100001
57.680982579	2	3c:c0:c6:fe:02:11	gPTP Follow_Up	seq=55188 li=-3 spid=3cc0c6fffefe02100001
57.810249339	2	3c:c0:c6:fe:02:11	gPTP Sync	seq=55189 li=-3 spid=3cc0c6fffefe02100001
57.810983140	2	3c:c0:c6:fe:02:11	gPTP Follow_Up	seq=55189 li=-3 spid=3cc0c6fffefe02100001
57.894973370	2	68:05:ca:95:b2:ed	AECP	
57.895005610	3	02:00:00:00:00:01	AECP	
57.895178170	2	68:05:ca:95:b2:ed	AECP	
57.895205802	3	02:00:00:00:00:01	AECP	
57.930155620	2	3c:c0:c6:fe:02:11	gPTP Sync	seq=55190 li=-3 spid=3cc0c6fffefe02100001
57.930883046	2	3c:c0:c6:fe:02:11	gPTP Follow_Up	seq=55190 li=-3 spid=3cc0c6fffefe02100001
57.939476906	2	3c:c0:c6:fe:02:11	ethertype 0x0027	
57.951456078	3	02:00:00:00:00:01	MSRP	
57.951820999	2	3c:c0:c6:fe:02:11	MSRP	
58.000422961	2	3c:c0:c6:fe:02:11	gPTP Announce	seq=63896 li=0 spid=3cc0c6fffefe02100001 gm=3cc0c6fffefe0210 p1=246 sr=0
58.050028934	2	3c:c0:c6:fe:02:11	MSRP	
58.060284598	2	3c:c0:c6:fe:02:11	gPTP Sync	seq=55191 li=-3 spid=3cc0c6fffefe02100001
58.061081816	2	3c:c0:c6:fe:02:11	gPTP Follow_Up	seq=55191 li=-3 spid=3cc0c6fffefe02100001
58.180201496	2	3c:c0:c6:fe:02:11	gPTP Sync	seq=55192 li=-3 spid=3cc0c6fffefe02100001
58.180932738	2	3c:c0:c6:fe:02:11	gPTP Follow_Up	seq=55192 li=-3 spid=3cc0c6fffefe02100001
58.250092420	2	3c:c0:c6:fe:02:11	gPTP Pdelay_Req	seq=1461 li=0 spid=3cc0c6fffefe02100001
58.250103404	3	02:00:00:00:00:01	gPTP Pdelay_Resp	seq=1461 li=127 spid=020000fffe0000010001
58.250110964	3	02:00:00:00:00:01	gPTP Pdelay_Resp_Follow_Up	seq=1461 li=127 spid=020000fffe0000010001
58.310196905	2	3c:c0:c6:fe:02:11	gPTP Sync	seq=55193 li=-3 spid=3cc0c6fffefe02100001
58.310931699	2	3c:c0:c6:fe:02:11	gPTP Follow_Up	seq=55193 li=-3 spid=3cc0c6fffefe02100001
58.351457026	3	02:00:00:00:00:01	MSRP	
58.430137803	2	3c:c0:c6:fe:02:11	gPTP Sync	seq=55194 li=-3 spid=3cc0c6fffefe02100001
58.430873781	2	3c:c0:c6:fe:02:11	gPTP Follow_Up	seq=55194 li=-3 spid=3cc0c6fffefe02100001
58.551460288	3	02:00:00:00:00:01	gPTP Pdelay_Req	seq=1369 li=0 spid=020000fffe0000010001
58.552214722	2	3c:c0:c6:fe:02:11	gPTP Pdelay_Resp	seq=1369 li=127 spid=3cc0c6fffefe02100001
58.553198732	2	3c:c0:c6:fe:02:11	gPTP Pdelay_Resp_Follow_Up	seq=1369 li=127 spid=3cc0c6fffefe02100001
58.569380642	2	3c:c0:c6:fe:02:11	gPTP Sync	seq=55195 li=-3 spid=3cc0c6fffefe02100001
58.569959852	2	3c:c0:c6:fe:02:11	gPTP Follow_Up	seq=55195 li=-3 spid=3cc0c6fffefe02100001
58.599489865	2	3c:c0:c6:fe:02:11	MVRP	
58.680198279	2	3c:c0:c6:fe:02:11	gPTP Sync	seq=55196 li=-3 spid=3cc0c6fffefe02100001
58.680944872	2	3c:c0:c6:fe:02:11	gPTP Follow_Up	seq=55196 li=-3 spid=3cc0c6fffefe02100001
58.810265656	2	3c:c0:c6:fe:02:11	gPTP Sync	seq=55197 li=-3 spid=3cc0c6fffefe02100001
58.810998466	2	3c:c0:c6:fe:02:11	gPTP Follow_Up	seq=55197 li=-3 spid=3cc0c6fffefe02100001
58.930156962	2	3c:c0:c6:fe:02:11	gPTP Sync	seq=55198 li=-3 spid=3cc0c6fffefe02100001
58.930885572	2	3c:c0:c6:fe:02:11	gPTP Follow_Up	seq=55198 li=-3 spid=3cc0c6fffefe02100001
59.000401487	2	3c:c0:c6:fe:02:11	gPTP Announce	seq=63897 li=0 spid=3cc0c6fffefe02100001 gm=3cc0c6fffefe0210 p1=246 sr=0
59.060238932	2	3c:c0:c6:fe:02:11	gPTP Sync	seq=55199 li=-3 spid=3cc0c6fffefe02100001
59.061026742	2	3c:c0:c6:fe:02:11	gPTP Follow_Up	seq=55199 li=-3 spid=3cc0c6fffefe02100001
59.162456388	3	02:00:00:00:00:01	MAAP	
59.180179830	2	3c:c0:c6:fe:02:11	gPTP Sync	seq=55200 li=-3 spid=3cc0c6fffefe02100001
59.180911648	2	3c:c0:c6:fe:02:11	gPTP Follow_Up	seq=55200 li=-3 spid=3cc0c6fffefe02100001
59.250100162	2	3c:c0:c6:fe:02:11	gPTP Pdelay_Req	seq=1462 li=0 spid=3cc0c6fffefe02100001
59.250111170	3	02:00:00:00:00:01	gPTP Pdelay_Resp	seq=1462 li=127 spid=020000fffe0000010001
59.250118730	3	02:00:00:00:00:01	gPTP Pdelay_Resp_Follow_Up	seq=1462 li=127 spid=020000fffe0000010001
59.310208424	2	3c:c0:c6:fe:02:11	gPTP Sync	seq=55201 li=-3 spid=3cc0c6fffefe02100001
59.310946417	2	3c:c0:c6:fe:02:11	gPTP Follow_Up	seq=55201 li=-3 spid=3cc0c6fffefe02100001
59.351459337	3	02:00:00:00:00:01	MSRP	
59.430145522	2	3c:c0:c6:fe:02:11	gPTP Sync	seq=55202 li=-3 spid=3cc0c6fffefe02100001
59.430884723	2	3c:c0:c6:fe:02:11	gPTP Follow_Up	seq=55202 li=-3 spid=3cc0c6fffefe02100001
59.551462607	3	02:00:00:00:00:01	gPTP Pdelay_Req	seq=1370 li=0 spid=020000fffe0000010001
59.552264649	2	3c:c0:c6:fe:02:11	gPTP Pdelay_Resp	seq=1370 li=127 spid=3cc0c6fffefe02100001
59.553249643	2	3c:c0:c6:fe:02:11	gPTP Pdelay_Resp_Follow_Up	seq=1370 li=127 spid=3cc0c6fffefe02100001
59.569389545	2	3c:c0:c6:fe:02:11	gPTP Sync	seq=55203 li=-3 spid=3cc0c6fffefe02100001
59.569967178	2	3c:c0:c6:fe:02:11	gPTP Follow_Up	seq=55203 li=-3 spid=3cc0c6fffefe02100001
59.599670984	2	3c:c0:c6:fe:02:11	MVRP	
59.680231590	2	3c:c0:c6:fe:02:11	gPTP Sync	seq=55204 li=-3 spid=3cc0c6fffefe02100001
59.680978383	2	3c:c0:c6:fe:02:11	gPTP Follow_Up	seq=55204 li=-3 spid=3cc0c6fffefe02100001
59.810263391	2	3c:c0:c6:fe:02:11	gPTP Sync	seq=55205 li=-3 spid=3cc0c6fffefe02100001
59.810992993	2	3c:c0:c6:fe:02:11	gPTP Follow_Up	seq=55205 li=-3 spid=3cc0c6fffefe02100001
59.930183489	2	3c:c0:c6:fe:02:11	gPTP Sync	seq=55206 li=-3 spid=3cc0c6fffefe02100001
59.930911466	2	3c:c0:c6:fe:02:11	gPTP Follow_Up	seq=55206 li=-3 spid=3cc0c6fffefe02100001
59.939493542	2	3c:c0:c6:fe:02:11	ethertype 0x0027	
60.000428397	2	3c:c0:c6:fe:02:11	gPTP Announce	seq=63898 li=0 spid=3cc0c6fffefe02100001 gm=3cc0c6fffefe0210 p1=246 sr=0
60.060252050	2	3c:c0:c6:fe:02:11	gPTP Sync	seq=55207 li=-3 spid=3cc0c6fffefe02100001
60.060981275	2	3c:c0:c6:fe:02:11	gPTP Follow_Up	seq=55207 li=-3 spid=3cc0c6fffefe02100001
60.180184955	2	3c:c0:c6:fe:02:11	gPTP Sync	seq=55208 li=-3 spid=3cc0c6fffefe02100001
60.180916765	2	3c:c0:c6:fe:02:11	gPTP Follow_Up	seq=55208 li=-3 spid=3cc0c6fffefe02100001
60.250104263	2	3c:c0:c6:fe:02:11	gPTP Pdelay_Req	seq=1463 li=0 spid=3cc0c6fffefe02100001
60.250115255	3	02:00:00:00:00:01	gPTP Pdelay_Resp	seq=1463 li=127 spid=020000fffe0000010001
60.250122815	3	02:00:00:00:00:01	gPTP Pdelay_Resp_Follow_Up	seq=1463 li=127 spid=020000fffe0000010001
60.310226732	2	3c:c0:c6:fe:02:11	gPTP Sync	seq=55209 li=-3 spid=3cc0c6fffefe02100001
60.310964334	2	3c:c0:c6:fe:02:11	gPTP Follow_Up	seq=55209 li=-3 spid=3cc0c6fffefe02100001
60.351461677	3	02:00:00:00:00:01	MSRP	
60.430184814	2	3c:c0:c6:fe:02:11	gPTP Sync	seq=55210 li=-3 spid=3cc0c6fffefe02100001
60.430919224	2	3c:c0:c6:fe:02:11	gPTP Follow_Up	seq=55210 li=-3 spid=3cc0c6fffefe02100001
60.551464946	3	02:00:00:00:00:01	gPTP Pdelay_Req	seq=1371 li=0 spid=020000fffe0000010001
60.552218532	2	3c:c0:c6:fe:02:11	gPTP Pdelay_Resp	seq=1371 li=127 spid=3cc0c6fffefe02100001
60.553205774	2	3c:c0:c6:fe:02:11	gPTP Pdelay_Resp_Follow_Up	seq=1371 li=127 spid=3cc0c6fffefe02100001
60.569403076	2	3c:c0:c6:fe:02:11	gPTP Sync	seq=55211 li=-3 spid=3cc0c6fffefe02100001
60.569983886	2	3c:c0:c6:fe:02:11	gPTP Follow_Up	seq=55211 li=-3 spid=3cc0c6fffefe02100001
60.599516107	2	3c:c0:c6:fe:02:11	MVRP	
60.680206920	2	3c:c0:c6:fe:02:11	gPTP Sync	seq=55212 li=-3 spid=3cc0c6fffefe02100001
60.680953514	2	3c:c0:c6:fe:02:11	gPTP Follow_Up	seq=55212 li=-3 spid=3cc0c6fffefe02100001
60.810268890	2	3c:c0:c6:fe:02:11	gPTP Sync	seq=55213 li=-3 spid=3cc0c6fffefe02100001
60.811000700	2	3c:c0:c6:fe:02:11	gPTP Follow_Up	seq=55213 li=-3 spid=3cc0c6fffefe02100001
60.930217788	2	3c:c0:c6:fe:02:11	gPTP Sync	seq=55214 li=-3 spid=3cc0c6fffefe02100001
60.930950213	2	3c:c0:c6:fe:02:11	gPTP Follow_Up	seq=55214 li=-3 spid=3cc0c6fffefe02100001
61.000414321	2	3c:c0:c6:fe:02:11	gPTP Announce	seq=63899 li=0 spid=3cc0c6fffefe02100001 gm=3cc0c6fffefe0210 p1=246 sr=0
61.060256181	2	3c:c0:c6:fe:02:11	gPTP Sync	seq=55215 li=-3 spid=3cc0c6fffefe02100001
61.060981559	2	3c:c0:c6:fe:02:11	gPTP Follow_Up	seq=55215 li=-3 spid=3cc0c6fffefe02100001
61.180219479	2	3c:c0:c6:fe:02:11	gPTP Sync	seq=55216 li=-3 spid=3cc0c6fffefe02100001
61.180952289	2	3c:c0:c6:fe:02:11	gPTP Follow_Up	seq=55216 li=-3 spid=3cc0c6fffefe02100001
61.239567923	2	3c:c0:c6:fe:02:11	MVRP	
61.250163203	2	3c:c0:c6:fe:02:11	gPTP Pdelay_Req	seq=1464 li=0 spid=3cc0c6fffefe02100001
61.250174212	3	02:00:00:00:00:01	gPTP Pdelay_Resp	seq=1464 li=127 spid=020000fffe0000010001
61.250181772	3	02:00:00:00:00:01	gPTP Pdelay_Resp_Follow_Up	seq=1464 li=127 spid=020000fffe0000010001
61.310217449	2	3c:c0:c6:fe:02:11	gPTP Sync	seq=55217 li=-3 spid=3cc0c6fffefe02100001
61.310952466	2	3c:c0:c6:fe:02:11	gPTP Follow_Up	seq=55217 li=-3 spid=3cc0c6fffefe02100001
61.351464009	3	02:00:00:00:00:01	MSRP	
61.430164338	2	3c:c0:c6:fe:02:11	gPTP Sync	seq=55218 li=-3 spid=3cc0c6fffefe02100001
61.430898164	2	3c:c0:c6:fe:02:11	gPTP Follow_Up	seq=55218 li=-3 spid=3cc0c6fffefe02100001
61.551467271	3	02:00:00:00:00:01	gPTP Pdelay_Req	seq=1372 li=0 spid=020000fffe0000010001
61.552227273	2	3c:c0:c6:fe:02:11	gPTP Pdelay_Resp	seq=1372 li=127 spid=3cc0c6fffefe02100001
61.553218892	2	3c:c0:c6:fe:02:11	gPTP Pdelay_Resp_Follow_Up	seq=1372 li=127 spid=3cc0c6fffefe02100001
61.569403018	2	3c:c0:c6:fe:02:11	gPTP Sync	seq=55219 li=-3 spid=3cc0c6fffefe02100001
61.569981611	2	3c:c0:c6:fe:02:11	gPTP Follow_Up	seq=55219 li=-3 spid=3cc0c6fffefe02100001
61.599687209	2	3c:c0:c6:fe:02:11	MVRP	
61.680216230	2	3c:c0:c6:fe:02:11	gPTP Sync	seq=55220 li=-3 spid=3cc0c6fffefe02100001
61.680962448	2	3c:c0:c6:fe:02:11	gPTP Follow_Up	seq=55220 li=-3 spid=3cc0c6fffefe02100001
61.790466089	3	02:00:00:00:00:01	ADP	eid=020000fffe000001 gm=3cc0c6fffefe0210
61.810301207	2	3c:c0:c6:fe:02:11	gPTP Sync	seq=55221 li=-3 spid=3cc0c6fffefe02100001
61.811035201	2	3c:c0:c6:fe:02:11	gPTP Follow_Up	seq=55221 li=-3 spid=3cc0c6fffefe02100001
61.930178113	2	3c:c0:c6:fe:02:11	gPTP Sync	seq=55222 li=-3 spid=3cc0c6fffefe02100001
61.930905122	2	3c:c0:c6:fe:02:11	gPTP Follow_Up	seq=55222 li=-3 spid=3cc0c6fffefe02100001
61.939628583	2	3c:c0:c6:fe:02:10	ethertype 0x0800	
61.939836967	2	3c:c0:c6:fe:02:11	ethertype 0x0027	
62.000471437	2	3c:c0:c6:fe:02:11	gPTP Announce	seq=63900 li=0 spid=3cc0c6fffefe02100001 gm=3cc0c6fffefe0210 p1=246 sr=0
62.060286674	2	3c:c0:c6:fe:02:11	gPTP Sync	seq=55223 li=-3 spid=3cc0c6fffefe02100001
62.061019508	2	3c:c0:c6:fe:02:11	gPTP Follow_Up	seq=55223 li=-3 spid=3cc0c6fffefe02100001
62.109515077	2	3c:c0:c6:01:02:03	ADP	eid=3cc0c60102030000 gm=3cc0c6fffefe0210
62.180203987	2	3c:c0:c6:fe:02:11	gPTP Sync	seq=55224 li=-3 spid=3cc0c6fffefe02100001
62.180934813	2	3c:c0:c6:fe:02:11	gPTP Follow_Up	seq=55224 li=-3 spid=3cc0c6fffefe02100001
62.250120511	2	3c:c0:c6:fe:02:11	gPTP Pdelay_Req	seq=1465 li=0 spid=3cc0c6fffefe02100001
62.250131503	3	02:00:00:00:00:01	gPTP Pdelay_Resp	seq=1465 li=127 spid=020000fffe0000010001
62.250139063	3	02:00:00:00:00:01	gPTP Pdelay_Resp_Follow_Up	seq=1465 li=127 spid=020000fffe0000010001
62.310229348	2	3c:c0:c6:fe:02:11	gPTP Sync	seq=55225 li=-3 spid=3cc0c6fffefe02100001
62.310965390	2	3c:c0:c6:fe:02:11	gPTP Follow_Up	seq=55225 li=-3 spid=3cc0c6fffefe02100001
62.351466341	3	02:00:00:00:00:01	MSRP	
62.430168078	2	3c:c0:c6:fe:02:11	gPTP Sync	seq=55226 li=-3 spid=3cc0c6fffefe02100001
62.430903087	2	3c:c0:c6:fe:02:11	gPTP Follow_Up	seq=55226 li=-3 spid=3cc0c6fffefe02100001
62.551469602	3	02:00:00:00:00:01	gPTP Pdelay_Req	seq=1373 li=0 spid=020000fffe0000010001
62.552224196	2	3c:c0:c6:fe:02:11	gPTP Pdelay_Resp	seq=1373 li=127 spid=3cc0c6fffefe02100001
62.553211398	2	3c:c0:c6:fe:02:11	gPTP Pdelay_Resp_Follow_Up	seq=1373 li=127 spid=3cc0c6fffefe02100001
62.569413124	2	3c:c0:c6:fe:02:11	gPTP Sync	seq=55227 li=-3 spid=3cc0c6fffefe02100001
62.569993318	2	3c:c0:c6:fe:02:11	gPTP Follow_Up	seq=55227 li=-3 spid=3cc0c6fffefe02100001
62.599513955	2	3c:c0:c6:fe:02:11	MVRP	
62.680248960	2	3c:c0:c6:fe:02:11	gPTP Sync	seq=55228 li=-3 spid=3cc0c6fffefe02100001
62.680994570	2	3c:c0:c6:fe:02:11	gPTP Follow_Up	seq=55228 li=-3 spid=3cc0c6fffefe02100001
62.810286930	2	3c:c0:c6:fe:02:11	gPTP Sync	seq=55229 li=-3 spid=3cc0c6fffefe02100001
62.811020347	2	3c:c0:c6:fe:02:11	gPTP Follow_Up	seq=55229 li=-3 spid=3cc0c6fffefe02100001
62.894793968	2	68:05:ca:95:b2:ed	AECP	
62.894826008	3	02:00:00:00:00:01	AECP	
62.894994577	2	68:05:ca:95:b2:ed	AECP	
62.895022785	3	02:00:00:00:00:01	AECP	
62.930187835	2	3c:c0:c6:fe:02:11	gPTP Sync	seq=55230 li=-3 spid=3cc0c6fffefe02100001
62.930913629	2	3c:c0:c6:fe:02:11	gPTP Follow_Up	seq=55230 li=-3 spid=3cc0c6fffefe02100001
63.000460136	2	3c:c0:c6:fe:02:11	gPTP Announce	seq=63901 li=0 spid=3cc0c6fffefe02100001 gm=3cc0c6fffefe0210 p1=246 sr=0
63.060272013	2	3c:c0:c6:fe:02:11	gPTP Sync	seq=55231 li=-3 spid=3cc0c6fffefe02100001
63.061001007	2	3c:c0:c6:fe:02:11	gPTP Follow_Up	seq=55231 li=-3 spid=3cc0c6fffefe02100001
63.180207503	2	3c:c0:c6:fe:02:11	gPTP Sync	seq=55232 li=-3 spid=3cc0c6fffefe02100001
63.180937720	2	3c:c0:c6:fe:02:11	gPTP Follow_Up	seq=55232 li=-3 spid=3cc0c6fffefe02100001
63.250127235	2	3c:c0:c6:fe:02:11	gPTP Pdelay_Req	seq=1466 li=0 spid=3cc0c6fffefe02100001
63.250138235	3	02:00:00:00:00:01	gPTP Pdelay_Resp	seq=1466 li=127 spid=020000fffe0000010001
63.250145795	3	02:00:00:00:00:01	gPTP Pdelay_Resp_Follow_Up	seq=1466 li=127 spid=020000fffe0000010001
63.310253096	2	3c:c0:c6:fe:02:11	gPTP Sync	seq=55233 li=-3 spid=3cc0c6fffefe02100001
63.310990090	2	3c:c0:c6:fe:02:11	gPTP Follow_Up	seq=55233 li=-3 spid=3cc0c6fffefe02100001
63.351468673	3	02:00:00:00:00:01	MSRP	
63.367466183	3	02:00:00:00:00:01	MAAP	
63.430174794	2	3c:c0:c6:fe:02:11	gPTP Sync	seq=55234 li=-3 spid=3cc0c6fffefe02100001
63.430912404	2	3c:c0:c6:fe:02:11	gPTP Follow_Up	seq=55234 li=-3 spid=3cc0c6fffefe02100001
63.551471935	3	02:00:00:00:00:01	gPTP Pdelay_Req	seq=1374 li=0 spid=020000fffe0000010001
63.552227105	2	3c:c0:c6:fe:02:11	gPTP Pdelay_Resp	seq=1374 li=127 spid=3cc0c6fffefe02100001
63.553215915	2	3c:c0:c6:fe:02:11	gPTP Pdelay_Resp_Follow_Up	seq=1374 li=127 spid=3cc0c6fffefe02100001
63.569420833	2	3c:c0:c6:fe:02:11	gPTP Sync	seq=55235 li=-3 spid=3cc0c6fffefe02100001
63.569998434	2	3c:c0:c6:fe:02:11	gPTP Follow_Up	seq=55235 li=-3 spid=3cc0c6fffefe02100001
63.599725448	2	3c:c0:c6:fe:02:11	MVRP	
63.680235269	2	3c:c0:c6:fe:02:11	gPTP Sync	seq=55236 li=-3 spid=3cc0c6fffefe02100001
63.680979879	2	3c:c0:c6:fe:02:11	gPTP Follow_Up	seq=55236 li=-3 spid=3cc0c6fffefe02100001
63.810294263	2	3c:c0:c6:fe:02:11	gPTP Sync	seq=55237 li=-3 spid=3cc0c6fffefe02100001
63.811028057	2	3c:c0:c6:fe:02:11	gPTP Follow_Up	seq=55237 li=-3 spid=3cc0c6fffefe02100001
63.930235545	2	3c:c0:c6:fe:02:11	gPTP Sync	seq=55238 li=-3 spid=3cc0c6fffefe02100001
63.930959363	2	3c:c0:c6:fe:02:11	gPTP Follow_Up	seq=55238 li=-3 spid=3cc0c6fffefe02100001
63.939526623	2	3c:c0:c6:fe:02:11	ethertype 0x0027	
64.000468462	2	3c:c0:c6:fe:02:11	gPTP Announce	seq=63902 li=0 spid=3cc0c6fffefe02100001 gm=3cc0c6fffefe0210 p1=246 sr=0
64.060278123	2	3c:c0:c6:fe:02:11	gPTP Sync	seq=55239 li=-3 spid=3cc0c6fffefe02100001
64.061005748	2	3c:c0:c6:fe:02:11	gPTP Follow_Up	seq=55239 li=-3 spid=3cc0c6fffefe02100001
64.180241429	2	3c:c0:c6:fe:02:11	gPTP Sync	seq=55240 li=-3 spid=3cc0c6fffefe02100001
64.180975446	2	3c:c0:c6:fe:02:11	gPTP Follow_Up	seq=55240 li=-3 spid=3cc0c6fffefe02100001
64.250211361	2	3c:c0:c6:fe:02:11	gPTP Pdelay_Req	seq=1467 li=0 spid=3cc0c6fffefe02100001
64.250222361	3	02:00:00:00:00:01	gPTP Pdelay_Resp	seq=1467 li=127 spid=020000fffe0000010001
64.250229921	3	02:00:00:00:00:01	gPTP Pdelay_Resp_Follow_Up	seq=1467 li=127 spid=020000fffe0000010001
64.310307206	2	3c:c0:c6:fe:02:11	gPTP Sync	seq=55241 li=-3 spid=3cc0c6fffefe02100001
64.311043824	2	3c:c0:c6:fe:02:11	gPTP Follow_Up	seq=55241 li=-3 spid=3cc0c6fffefe02100001
64.351470999	3	02:00:00:00:00:01	MSRP	
64.430184712	2	3c:c0:c6:fe:02:11	gPTP Sync	seq=55242 li=-3 spid=3cc0c6fffefe02100001
64.430918514	2	3c:c0:c6:fe:02:11	gPTP Follow_Up	seq=55242 li=-3 spid=3cc0c6fffefe02100001
64.551474269	3	02:00:00:00:00:01	gPTP Pdelay_Req	seq=1375 li=0 spid=020000fffe0000010001
64.552239231	2	3c:c0:c6:fe:02:11	gPTP Pdelay_Resp	seq=1375 li=127 spid=3cc0c6fffefe02100001
64.553230634	2	3c:c0:c6:fe:02:11	gPTP Pdelay_Resp_Follow_Up	seq=1375 li=127 spid=3cc0c6fffefe02100001
64.569425952	2	3c:c0:c6:fe:02:11	gPTP Sync	seq=55243 li=-3 spid=3cc0c6fffefe02100001
64.570004745	2	3c:c0:c6:fe:02:11	gPTP Follow_Up	seq=55243 li=-3 spid=3cc0c6fffefe02100001
64.599530598	2	3c:c0:c6:fe:02:11	MVRP	
64.680243204	2	3c:c0:c6:fe:02:11	gPTP Sync	seq=55244 li=-3 spid=3cc0c6fffefe02100001
64.680988198	2	3c:c0:c6:fe:02:11	gPTP Follow_Up	seq=55244 li=-3 spid=3cc0c6fffefe02100001
64.810312182	2	3c:c0:c6:fe:02:11	gPTP Sync	seq=55245 li=-3 spid=3cc0c6fffefe02100001
64.811047576	2	3c:c0:c6:fe:02:11	gPTP Follow_Up	seq=55245 li=-3 spid=3cc0c6fffefe02100001
64.930201272	2	3c:c0:c6:fe:02:11	gPTP Sync	seq=55246 li=-3 spid=3cc0c6fffefe02100001
64.930927074	2	3c:c0:c6:fe:02:11	gPTP Follow_Up	seq=55246 li=-3 spid=3cc0c6fffefe02100001
65.000447981	2	3c:c0:c6:fe:02:11	gPTP Announce	seq=63903 li=0 spid=3cc0c6fffefe02100001 gm=3cc0c6fffefe0210 p1=246 sr=0
65.060310058	2	3c:c0:c6:fe:02:11	gPTP Sync	seq=55247 li=-3 spid=3cc0c6fffefe02100001
65.061041652	2	3c:c0:c6:fe:02:11	gPTP Follow_Up	seq=55247 li=-3 spid=3cc0c6fffefe02100001
65.180221556	2	3c:c0:c6:fe:02:11	gPTP Sync	seq=55248 li=-3 spid=3cc0c6fffefe02100001
65.180952150	2	3c:c0:c6:fe:02:11	gPTP Follow_Up	seq=55248 li=-3 spid=3cc0c6fffefe02100001
65.250140672	2	3c:c0:c6:fe:02:11	gPTP Pdelay_Req	seq=1468 li=0 spid=3cc0c6fffefe02100001
65.250151656	3	02:00:00:00:00:01	gPTP Pdelay_Resp	seq=1468 li=127 spid=020000fffe0000010001
65.250159216	3	02:00:00:00:00:01	gPTP Pdelay_Resp_Follow_Up	seq=1468 li=127 spid=020000fffe0000010001
65.310249502	2	3c:c0:c6:fe:02:11	gPTP Sync	seq=55249 li=-3 spid=3cc0c6fffefe02100001
65.310985543	2	3c:c0:c6:fe:02:11	gPTP Follow_Up	seq=55249 li=-3 spid=3cc0c6fffefe02100001
65.351473327	3	02:00:00:00:00:01	MSRP	
65.430192424	2	3c:c0:c6:fe:02:11	gPTP Sync	seq=55250 li=-3 spid=3cc0c6fffefe02100001
65.430928041	2	3c:c0:c6:fe:02:11	gPTP Follow_Up	seq=55250 li=-3 spid=3cc0c6fffefe02100001
65.551476597	3	02:00:00:00:00:01	gPTP Pdelay_Req	seq=1376 li=0 spid=020000fffe0000010001
65.552257151	2	3c:c0:c6:fe:02:11	gPTP Pdelay_Resp	seq=1376 li=127 spid=3cc0c6fffefe02100001
65.553246529	2	3c:c0:c6:fe:02:11	gPTP Pdelay_Resp_Follow_Up	seq=1376 li=127 spid=3cc0c6fffefe02100001
65.569433887	2	3c:c0:c6:fe:02:11	gPTP Sync	seq=55251 li=-3 spid=3cc0c6fffefe02100001
65.570010272	2	3c:c0:c6:fe:02:11	gPTP Follow_Up	seq=55251 li=-3 spid=3cc0c6fffefe02100001
65.599714910	2	3c:c0:c6:fe:02:11	MVRP	
65.680273916	2	3c:c0:c6:fe:02:11	gPTP Sync	seq=55252 li=-3 spid=3cc0c6fffefe02100001
65.681021510	2	3c:c0:c6:fe:02:11	gPTP Follow_Up	seq=55252 li=-3 spid=3cc0c6fffefe02100001
65.810303885	2	3c:c0:c6:fe:02:11	gPTP Sync	seq=55253 li=-3 spid=3cc0c6fffefe02100001
65.811035703	2	3c:c0:c6:fe:02:11	gPTP Follow_Up	seq=55253 li=-3 spid=3cc0c6fffefe02100001
65.930181367	2	3c:c0:c6:fe:02:11	gPTP Sync	seq=55254 li=-3 spid=3cc0c6fffefe02100001
65.930898200	2	3c:c0:c6:fe:02:11	gPTP Follow_Up	seq=55254 li=-3 spid=3cc0c6fffefe02100001
65.939541053	2	3c:c0:c6:fe:02:11	ethertype 0x0027	
66.000465892	2	3c:c0:c6:fe:02:11	gPTP Announce	seq=63904 li=0 spid=3cc0c6fffefe02100001 gm=3cc0c6fffefe0210 p1=246 sr=0
66.060337960	2	3c:c0:c6:fe:02:11	gPTP Sync	seq=55255 li=-3 spid=3cc0c6fffefe02100001
66.061072362	2	3c:c0:c6:fe:02:11	gPTP Follow_Up	seq=55255 li=-3 spid=3cc0c6fffefe02100001
66.180227242	2	3c:c0:c6:fe:02:11	gPTP Sync	seq=55256 li=-3 spid=3cc0c6fffefe02100001
66.180958859	2	3c:c0:c6:fe:02:11	gPTP Follow_Up	seq=55256 li=-3 spid=3cc0c6fffefe02100001
66.250148982	2	3c:c0:c6:fe:02:11	gPTP Pdelay_Req	seq=1469 li=0 spid=3cc0c6fffefe02100001
66.250159990	3	02:00:00:00:00:01	gPTP Pdelay_Resp	seq=1469 li=127 spid=020000fffe0000010001
66.250167550	3	02:00:00:00:00:01	gPTP Pdelay_Resp_Follow_Up	seq=1469 li=127 spid=020000fffe0000010001
66.310274235	2	3c:c0:c6:fe:02:11	gPTP Sync	seq=55257 li=-3 spid=3cc0c6fffefe02100001
66.311009852	2	3c:c0:c6:fe:02:11	gPTP Follow_Up	seq=55257 li=-3 spid=3cc0c6fffefe02100001
66.351475643	3	02:00:00:00:00:01	MSRP	
66.430201948	2	3c:c0:c6:fe:02:11	gPTP Sync	seq=55258 li=-3 spid=3cc0c6fffefe02100001
66.430939942	2	3c:c0:c6:fe:02:11	gPTP Follow_Up	seq=55258 li=-3 spid=3cc0c6fffefe02100001
66.551478905	3	02:00:00:00:00:01	gPTP Pdelay_Req	seq=1377 li=0 spid=020000fffe0000010001
66.552254259	2	3c:c0:c6:fe:02:11	gPTP Pdelay_Resp	seq=1377 li=127 spid=3cc0c6fffefe02100001
66.553242077	2	3c:c0:c6:fe:02:11	gPTP Pdelay_Resp_Follow_Up	seq=1377 li=127 spid=3cc0c6fffefe02100001
66.569444179	2	3c:c0:c6:fe:02:11	gPTP Sync	seq=55259 li=-3 spid=3cc0c6fffefe02100001
66.570020796	2	3c:c0:c6:fe:02:11	gPTP Follow_Up	seq=55259 li=-3 spid=3cc0c6fffefe02100001
66.599504410	2	3c:c0:c6:fe:02:11	MVRP	
66.680256599	2	3c:c0:c6:fe:02:11	gPTP Sync	seq=55260 li=-3 spid=3cc0c6fffefe02100001
66.681001625	2	3c:c0:c6:fe:02:11	gPTP Follow_Up	seq=55260 li=-3 spid=3cc0c6fffefe02100001
66.810309993	2	3c:c0:c6:fe:02:11	gPTP Sync	seq=55261 li=-3 spid=3cc0c6fffefe02100001
66.811040210	2	3c:c0:c6:fe:02:11	gPTP Follow_Up	seq=55261 li=-3 spid=3cc0c6fffefe02100001
66.930192914	2	3c:c0:c6:fe:02:11	gPTP Sync	seq=55262 li=-3 spid=3cc0c6fffefe02100001
66.930910100	2	3c:c0:c6:fe:02:11	gPTP Follow_Up	seq=55262 li=-3 spid=3cc0c6fffefe02100001
67.000465023	2	3c:c0:c6:fe:02:11	gPTP Announce	seq=63905 li=0 spid=3cc0c6fffefe02100001 gm=3cc0c6fffefe0210 p1=246 sr=0
67.060329284	2	3c:c0:c6:fe:02:11	gPTP Sync	seq=55263 li=-3 spid=3cc0c6fffefe02100001
67.061063686	2	3c:c0:c6:fe:02:11	gPTP Follow_Up	seq=55263 li=-3 spid=3cc0c6fffefe02100001
67.180270190	2	3c:c0:c6:fe:02:11	gPTP Sync	seq=55264 li=-3 spid=3cc0c6fffefe02100001
67.181002384	2	3c:c0:c6:fe:02:11	gPTP Follow_Up	seq=55264 li=-3 spid=3cc0c6fffefe02100001
67.250159514	2	3c:c0:c6:fe:02:11	gPTP Pdelay_Req	seq=1470 li=0 spid=3cc0c6fffefe02100001
67.250170522	3	02:00:00:00:00:01	gPTP Pdelay_Resp	seq=1470 li=127 spid=020000fffe0000010001
67.250178082	3	02:00:00:00:00:01	gPTP Pdelay_Resp_Follow_Up	seq=1470 li=127 spid=020000fffe0000010001
67.310264575	2	3c:c0:c6:fe:02:11	gPTP Sync	seq=55265 li=-3 spid=3cc0c6fffefe02100001
67.311002177	2	3c:c0:c6:fe:02:11	gPTP Follow_Up	seq=55265 li=-3 spid=3cc0c6fffefe02100001
67.351477952	3	02:00:00:00:00:01	MSRP	
67.392475529	3	02:00:00:00:00:01	MAAP	
67.430207457	2	3c:c0:c6:fe:02:11	gPTP Sync	seq=55266 li=-3 spid=3cc0c6fffefe02100001
67.430942475	2	3c:c0:c6:fe:02:11	gPTP Follow_Up	seq=55266 li=-3 spid=3cc0c6fffefe02100001
67.551481222	3	02:00:00:00:00:01	gPTP Pdelay_Req	seq=1378 li=0 spid=020000fffe0000010001
67.552270584	2	3c:c0:c6:fe:02:11	gPTP Pdelay_Resp	seq=1378 li=127 spid=3cc0c6fffefe02100001
67.553259394	2	3c:c0:c6:fe:02:11	gPTP Pdelay_Resp_Follow_Up	seq=1378 li=127 spid=3cc0c6fffefe02100001
67.569461721	2	3c:c0:c6:fe:02:11	gPTP Sync	seq=55267 li=-3 spid=3cc0c6fffefe02100001
67.570057306	2	3c:c0:c6:fe:02:11	gPTP Follow_Up	seq=55267 li=-3 spid=3cc0c6fffefe02100001
67.599720320	2	3c:c0:c6:fe:02:11	MVRP	
67.680310141	2	3c:c0:c6:fe:02:11	gPTP Sync	seq=55268 li=-3 spid=3cc0c6fffefe02100001
67.681057951	2	3c:c0:c6:fe:02:11	gPTP Follow_Up	seq=55268 li=-3 spid=3cc0c6fffefe02100001
67.810327535	2	3c:c0:c6:fe:02:11	gPTP Sync	seq=55269 li=-3 spid=3cc0c6fffefe02100001
67.811062928	2	3c:c0:c6:fe:02:11	gPTP Follow_Up	seq=55269 li=-3 spid=3cc0c6fffefe02100001
67.894970534	2	68:05:ca:95:b2:ed	AECP	
67.895002438	3	02:00:00:00:00:01	AECP	
67.895162534	2	68:05:ca:95:b2:ed	AECP	
67.895190974	3	02:00:00:00:00:01	AECP	
67.930193200	2	3c:c0:c6:fe:02:11	gPTP Sync	seq=55270 li=-3 spid=3cc0c6fffefe02100001
67.930912026	2	3c:c0:c6:fe:02:11	gPTP Follow_Up	seq=55270 li=-3 spid=3cc0c6fffefe02100001
67.939555094	2	3c:c0:c6:fe:02:11	ethertype 0x0027	
67.950115751	2	3c:c0:c6:fe:02:11	MSRP	
67.951480410	3	02:00:00:00:00:01	MSRP	
68.000497158	2	3c:c0:c6:fe:02:11	gPTP Announce	seq=63906 li=0 spid=3cc0c6fffefe02100001 gm=3cc0c6fffefe0210 p1=246 sr=0
68.060318210	2	3c:c0:c6:fe:02:11	gPTP Sync	seq=55271 li=-3 spid=3cc0c6fffefe02100001
68.061045004	2	3c:c0:c6:fe:02:11	gPTP Follow_Up	seq=55271 li=-3 spid=3cc0c6fffefe02100001
68.180244716	2	3c:c0:c6:fe:02:11	gPTP Sync	seq=55272 li=-3 spid=3cc0c6fffefe02100001
68.180975886	2	3c:c0:c6:fe:02:11	gPTP Follow_Up	seq=55272 li=-3 spid=3cc0c6fffefe02100001
68.250166009	2	3c:c0:c6:fe:02:11	gPTP Pdelay_Req	seq=1471 li=0 spid=3cc0c6fffefe02100001
68.250177001	3	02:00:00:00:00:01	gPTP Pdelay_Resp	seq=1471 li=127 spid=020000fffe0000010001
68.250184561	3	02:00:00:00:00:01	gPTP Pdelay_Resp_Follow_Up	seq=1471 li=127 spid=020000fffe0000010001
68.310269270	2	3c:c0:c6:fe:02:11	gPTP Sync	seq=55273 li=-3 spid=3cc0c6fffefe02100001
68.311006464	2	3c:c0:c6:fe:02:11	gPTP Follow_Up	seq=55273 li=-3 spid=3cc0c6fffefe02100001
68.351480271	3	02:00:00:00:00:01	MSRP	
68.430217184	2	3c:c0:c6:fe:02:11	gPTP Sync	seq=55274 li=-3 spid=3cc0c6fffefe02100001
68.430955778	2	3c:c0:c6:fe:02:11	gPTP Follow_Up	seq=55274 li=-3 spid=3cc0c6fffefe02100001
68.551483541	3	02:00:00:00:00:01	gPTP Pdelay_Req	seq=1379 li=0 spid=020000fffe0000010001
68.552242903	2	3c:c0:c6:fe:02:11	gPTP Pdelay_Resp	seq=1379 li=127 spid=3cc0c6fffefe02100001
68.553229497	2	3c:c0:c6:fe:02:11	gPTP Pdelay_Resp_Follow_Up	seq=1379 li=127 spid=3cc0c6fffefe02100001
68.569459031	2	3c:c0:c6:fe:02:11	gPTP Sync	seq=55275 li=-3 spid=3cc0c6fffefe02100001
68.570039225	2	3c:c0:c6:fe:02:11	gPTP Follow_Up	seq=55275 li=-3 spid=3cc0c6fffefe02100001
68.599572054	2	3c:c0:c6:fe:02:11	MVRP	
68.680298068	2	3c:c0:c6:fe:02:11	gPTP Sync	seq=55276 li=-3 spid=3cc0c6fffefe02100001
68.681045278	2	3c:c0:c6:fe:02:11	gPTP Follow_Up	seq=55276 li=-3 spid=3cc0c6fffefe02100001
68.810331846	2	3c:c0:c6:fe:02:11	gPTP Sync	seq=55277 li=-3 spid=3cc0c6fffefe02100001
68.811064623	2	3c:c0:c6:fe:02:11	gPTP Follow_Up	seq=55277 li=-3 spid=3cc0c6fffefe02100001
68.887482571	3	02:00:00:00:00:01	ADP	eid=020000fffe000001 gm=3cc0c6fffefe0210
68.930226736	2	3c:c0:c6:fe:02:11	gPTP Sync	seq=55278 li=-3 spid=3cc0c6fffefe02100001
68.930949553	2	3c:c0:c6:fe:02:11	gPTP Follow_Up	seq=55278 li=-3 spid=3cc0c6fffefe02100001
68.997021637	2	3c:c0:c6:01:02:03	ADP	eid=3cc0c60102030000 gm=3cc0c6fffefe0210
69.000495869	2	3c:c0:c6:fe:02:11	gPTP Announce	seq=63907 li=0 spid=3cc0c6fffefe02100001 gm=3cc0c6fffefe0210 p1=246 sr=0
69.060317922	2	3c:c0:c6:fe:02:11	gPTP Sync	seq=55279 li=-3 spid=3cc0c6fffefe02100001
69.061051331	2	3c:c0:c6:fe:02:11	gPTP Follow_Up	seq=55279 li=-3 spid=3cc0c6fffefe02100001
69.180252420	2	3c:c0:c6:fe:02:11	gPTP Sync	seq=55280 li=-3 spid=3cc0c6fffefe02100001
69.180984621	2	3c:c0:c6:fe:02:11	gPTP Follow_Up	seq=55280 li=-3 spid=3cc0c6fffefe02100001
69.250171536	2	3c:c0:c6:fe:02:11	gPTP Pdelay_Req	seq=1472 li=0 spid=3cc0c6fffefe02100001
69.250182544	3	02:00:00:00:00:01	gPTP Pdelay_Resp	seq=1472 li=127 spid=020000fffe0000010001
69.250190104	3	02:00:00:00:00:01	gPTP Pdelay_Resp_Follow_Up	seq=1472 li=127 spid=020000fffe0000010001
69.310298997	2	3c:c0:c6:fe:02:11	gPTP Sync	seq=55281 li=-3 spid=3cc0c6fffefe02100001
69.311035999	2	3c:c0:c6:fe:02:11	gPTP Follow_Up	seq=55281 li=-3 spid=3cc0c6fffefe02100001
69.351482950	3	02:00:00:00:00:01	MSRP	
69.351865487	2	3c:c0:c6:fe:02:11	MSRP	
69.430213311	2	3c:c0:c6:fe:02:11	gPTP Sync	seq=55282 li=-3 spid=3cc0c6fffefe02100001
69.430949697	2	3c:c0:c6:fe:02:11	gPTP Follow_Up	seq=55282 li=-3 spid=3cc0c6fffefe02100001
69.450102254	2	3c:c0:c6:fe:02:11	MSRP	
69.551485861	3	02:00:00:00:00:01	gPTP Pdelay_Req	seq=1380 li=0 spid=020000fffe0000010001
69.552296015	2	3c:c0:c6:fe:02:11	gPTP Pdelay_Resp	seq=1380 li=127 spid=3cc0c6fffefe02100001
69.553282201	2	3c:c0:c6:fe:02:11	gPTP Pdelay_Resp_Follow_Up	seq=1380 li=127 spid=3cc0c6fffefe02100001
69.569465751	2	3c:c0:c6:fe:02:11	gPTP Sync	seq=55283 li=-3 spid=3cc0c6fffefe02100001
69.570043928	2	3c:c0:c6:fe:02:11	gPTP Follow_Up	seq=55283 li=-3 spid=3cc0c6fffefe02100001
69.599795382	2	3c:c0:c6:fe:02:11	MVRP	
69.680281780	2	3c:c0:c6:fe:02:11	gPTP Sync	seq=55284 li=-3 spid=3cc0c6fffefe02100001
69.681025789	2	3c:c0:c6:fe:02:11	gPTP Follow_Up	seq=55284 li=-3 spid=3cc0c6fffefe02100001
69.810336357	2	3c:c0:c6:fe:02:11	gPTP Sync	seq=55285 li=-3 spid=3cc0c6fffefe02100001
69.811068559	2	3c:c0:c6:fe:02:11	gPTP Follow_Up	seq=55285 li=-3 spid=3cc0c6fffefe02100001
69.930221263	2	3c:c0:c6:fe:02:11	gPTP Sync	seq=55286 li=-3 spid=3cc0c6fffefe02100001
69.930942257	2	3c:c0:c6:fe:02:11	gPTP Follow_Up	seq=55286 li=-3 spid=3cc0c6fffefe02100001
69.939568725	2	3c:c0:c6:fe:02:11	ethertype 0x0027	
70.000490397	2	3c:c0:c6:fe:02:11	gPTP Announce	seq=63908 li=0 spid=3cc0c6fffefe02100001 gm=3cc0c6fffefe0210 p1=246 sr=0
70.060344450	2	3c:c0:c6:fe:02:11	gPTP Sync	seq=55287 li=-3 spid=3cc0c6fffefe02100001
70.061073443	2	3c:c0:c6:fe:02:11	gPTP Follow_Up	seq=55287 li=-3 spid=3cc0c6fffefe02100001
70.180293732	2	3c:c0:c6:fe:02:11	gPTP Sync	seq=55288 li=-3 spid=3cc0c6fffefe02100001
70.181030349	2	3c:c0:c6:fe:02:11	gPTP Follow_Up	seq=55288 li=-3 spid=3cc0c6fffefe02100001
70.250180464	2	3c:c0:c6:fe:02:11	gPTP Pdelay_Req	seq=1473 li=0 spid=3cc0c6fffefe02100001
70.250191464	3	02:00:00:00:00:01	gPTP Pdelay_Resp	seq=1473 li=127 spid=020000fffe0000010001
70.250199024	3	02:00:00:00:00:01	gPTP Pdelay_Resp_Follow_Up	seq=1473 li=127 spid=020000fffe0000010001
70.310287509	2	3c:c0:c6:fe:02:11	gPTP Sync	seq=55289 li=-3 spid=3cc0c6fffefe02100001
70.311026719	2	3c:c0:c6:fe:02:11	gPTP Follow_Up	seq=55289 li=-3 spid=3cc0c6fffefe02100001
70.351484918	3	02:00:00:00:00:01	MSRP	
70.430227424	2	3c:c0:c6:fe:02:11	gPTP Sync	seq=55290 li=-3 spid=3cc0c6fffefe02100001
70.430965633	2	3c:c0:c6:fe:02:11	gPTP Follow_Up	seq=55290 li=-3 spid=3cc0c6fffefe02100001
70.551488181	3	02:00:00:00:00:01	gPTP Pdelay_Req	seq=1381 li=0 spid=020000fffe0000010001
70.552241943	2	3c:c0:c6:fe:02:11	gPTP Pdelay_Resp	seq=1381 li=127 spid=3cc0c6fffefe02100001
70.553229753	2	3c:c0:c6:fe:02:11	gPTP Pdelay_Resp_Follow_Up	seq=1381 li=127 spid=3cc0c6fffefe02100001
70.569472471	2	3c:c0:c6:fe:02:11	gPTP Sync	seq=55291 li=-3 spid=3cc0c6fffefe02100001
70.570051673	2	3c:c0:c6:fe:02:11	gPTP Follow_Up	seq=55291 li=-3 spid=3cc0c6fffefe02100001
70.599580086	2	3c:c0:c6:fe:02:11	MVRP	
70.680299700	2	3c:c0:c6:fe:02:11	gPTP Sync	seq=55292 li=-3 spid=3cc0c6fffefe02100001
70.681045886	2	3c:c0:c6:fe:02:11	gPTP Follow_Up	seq=55292 li=-3 spid=3cc0c6fffefe02100001
70.810345285	2	3c:c0:c6:fe:02:11	gPTP Sync	seq=55293 li=-3 spid=3cc0c6fffefe02100001
70.811075279	2	3c:c0:c6:fe:02:11	gPTP Follow_Up	seq=55293 li=-3 spid=3cc0c6fffefe02100001
70.930216783	2	3c:c0:c6:fe:02:11	gPTP Sync	seq=55294 li=-3 spid=3cc0c6fffefe02100001
70.930933585	2	3c:c0:c6:fe:02:11	gPTP Follow_Up	seq=55294 li=-3 spid=3cc0c6fffefe02100001
71.000497116	2	3c:c0:c6:fe:02:11	gPTP Announce	seq=63909 li=0 spid=3cc0c6fffefe02100001 gm=3cc0c6fffefe0210 p1=246 sr=0
71.060333568	2	3c:c0:c6:fe:02:11	gPTP Sync	seq=55295 li=-3 spid=3cc0c6fffefe02100001
71.061059938	2	3c:c0:c6:fe:02:11	gPTP Follow_Up	seq=55295 li=-3 spid=3cc0c6fffefe02100001
71.180282858	2	3c:c0:c6:fe:02:11	gPTP Sync	seq=55296 li=-3 spid=3cc0c6fffefe02100001
71.181018476	2	3c:c0:c6:fe:02:11	gPTP Follow_Up	seq=55296 li=-3 spid=3cc0c6fffefe02100001
71.239640901	2	3c:c0:c6:fe:02:11	MVRP	
71.250232598	2	3c:c0:c6:fe:02:11	gPTP Pdelay_Req	seq=1474 li=0 spid=3cc0c6fffefe02100001
71.250243606	3	02:00:00:00:00:01	gPTP Pdelay_Resp	seq=1474 li=127 spid=020000fffe0000010001
71.250251166	3	02:00:00:00:00:01	gPTP Pdelay_Resp_Follow_Up	seq=1474 li=127 spid=020000fffe0000010001
71.310299035	2	3c:c0:c6:fe:02:11	gPTP Sync	seq=55297 li=-3 spid=3cc0c6fffefe02100001
71.311036637	2	3c:c0:c6:fe:02:11	gPTP Follow_Up	seq=55297 li=-3 spid=3cc0c6fffefe02100001
71.320484643	3	02:00:00:00:00:01	MAAP	
71.351487236	3	02:00:00:00:00:01	MSRP	
71.430240541	2	3c:c0:c6:fe:02:11	gPTP Sync	seq=55298 li=-3 spid=3cc0c6fffefe02100001
71.430976550	2	3c:c0:c6:fe:02:11	gPTP Follow_Up	seq=55298 li=-3 spid=3cc0c6fffefe02100001
71.551490497	3	02:00:00:00:00:01	gPTP Pdelay_Req	seq=1382 li=0 spid=020000fffe0000010001
71.552245459	2	3c:c0:c6:fe:02:11	gPTP Pdelay_Resp	seq=1382 li=127 spid=3cc0c6fffefe02100001
71.553234877	2	3c:c0:c6:fe:02:11	gPTP Pdelay_Resp_Follow_Up	seq=1382 li=127 spid=3cc0c6fffefe02100001
71.569479763	2	3c:c0:c6:fe:02:11	gPTP Sync	seq=55299 li=-3 spid=3cc0c6fffefe02100001
71.570061597	2	3c:c0:c6:fe:02:11	gPTP Follow_Up	seq=55299 li=-3 spid=3cc0c6fffefe02100001
71.599761211	2	3c:c0:c6:fe:02:11	MVRP	
71.680341624	2	3c:c0:c6:fe:02:11	gPTP Sync	seq=55300 li=-3 spid=3cc0c6fffefe02100001
71.681087801	2	3c:c0:c6:fe:02:11	gPTP Follow_Up	seq=55300 li=-3 spid=3cc0c6fffefe02100001
71.810353001	2	3c:c0:c6:fe:02:11	gPTP Sync	seq=55301 li=-3 spid=3cc0c6fffefe02100001
71.811085803	2	3c:c0:c6:fe:02:11	gPTP Follow_Up	seq=55301 li=-3 spid=3cc0c6fffefe02100001
71.930225107	2	3c:c0:c6:fe:02:11	gPTP Sync	seq=55302 li=-3 spid=3cc0c6fffefe02100001
71.930942516	2	3c:c0:c6:fe:02:11	gPTP Follow_Up	seq=55302 li=-3 spid=3cc0c6fffefe02100001
71.939585977	2	3c:c0:c6:fe:02:11	ethertype 0x0027	
72.000535232	2	3c:c0:c6:fe:02:11	gPTP Announce	seq=63910 li=0 spid=3cc0c6fffefe02100001 gm=3cc0c6fffefe0210 p1=246 sr=0
72.060338085	2	3c:c0:c6:fe:02:11	gPTP Sync	seq=55303 li=-3 spid=3cc0c6fffefe02100001
72.061065094	2	3c:c0:c6:fe:02:11	gPTP Follow_Up	seq=55303 li=-3 spid=3cc0c6fffefe02100001
72.180308774	2	3c:c0:c6:fe:02:11	gPTP Sync	seq=55304 li=-3 spid=3cc0c6fffefe02100001
72.181039600	2	3c:c0:c6:fe:02:11	gPTP Follow_Up	seq=55304 li=-3 spid=3cc0c6fffefe02100001
72.250195515	2	3c:c0:c6:fe:02:11	gPTP Pdelay_Req	seq=1475 li=0 spid=3cc0c6fffefe02100001
72.250206515	3	02:00:00:00:00:01	gPTP Pdelay_Resp	seq=1475 li=127 spid=020000fffe0000010001
72.250214075	3	02:00:00:00:00:01	gPTP Pdelay_Resp_Follow_Up	seq=1475 li=127 spid=020000fffe0000010001
72.310315352	2	3c:c0:c6:fe:02:11	gPTP Sync	seq=55305 li=-3 spid=3cc0c6fffefe02100001
72.311051362	2	3c:c0:c6:fe:02:11	gPTP Follow_Up	seq=55305 li=-3 spid=3cc0c6fffefe02100001
72.351489545	3	02:00:00:00:00:01	MSRP	
72.430241858	2	3c:c0:c6:fe:02:11	gPTP Sync	seq=55306 li=-3 spid=3cc0c6fffefe02100001
72.430977859	2	3c:c0:c6:fe:02:11	gPTP Follow_Up	seq=55306 li=-3 spid=3cc0c6fffefe02100001
72.551492815	3	02:00:00:00:00:01	gPTP Pdelay_Req	seq=1383 li=0 spid=020000fffe0000010001
72.552247384	2	3c:c0:c6:fe:02:11	gPTP Pdelay_Resp	seq=1383 li=127 spid=3cc0c6fffefe02100001
72.553232987	2	3c:c0:c6:fe:02:11	gPTP Pdelay_Resp_Follow_Up	seq=1383 li=127 spid=3cc0c6fffefe02100001
72.569491321	2	3c:c0:c6:fe:02:11	gPTP Sync	seq=55307 li=-3 spid=3cc0c6fffefe02100001
72.570070522	2	3c:c0:c6:fe:02:11	gPTP Follow_Up	seq=55307 li=-3 spid=3cc0c6fffefe02100001
72.599599928	2	3c:c0:c6:fe:02:11	MVRP	
72.680327541	2	3c:c0:c6:fe:02:11	gPTP Sync	seq=55308 li=-3 spid=3cc0c6fffefe02100001
72.681073759	2	3c:c0:c6:fe:02:11	gPTP Follow_Up	seq=55308 li=-3 spid=3cc0c6fffefe02100001
72.810362919	2	3c:c0:c6:fe:02:11	gPTP Sync	seq=55309 li=-3 spid=3cc0c6fffefe02100001
72.811098929	2	3c:c0:c6:fe:02:11	gPTP Follow_Up	seq=55309 li=-3 spid=3cc0c6fffefe02100001
72.895965968	2	68:05:ca:95:b2:ed	AECP	
72.895997864	3	02:00:00:00:00:01	AECP	
72.896163377	2	68:05:ca:95:b2:ed	AECP	
72.896191537	3	02:00:00:00:00:01	AECP	
72.930239825	2	3c:c0:c6:fe:02:11	gPTP Sync	seq=55310 li=-3 spid=3cc0c6fffefe02100001
72.930961427	2	3c:c0:c6:fe:02:11	gPTP Follow_Up	seq=55310 li=-3 spid=3cc0c6fffefe02100001
73.000501950	2	3c:c0:c6:fe:02:11	gPTP Announce	seq=63911 li=0 spid=3cc0c6fffefe02100001 gm=3cc0c6fffefe0210 p1=246 sr=0
73.060346979	2	3c:c0:c6:fe:02:11	gPTP Sync	seq=55311 li=-3 spid=3cc0c6fffefe02100001
73.061078213	2	3c:c0:c6:fe:02:11	gPTP Follow_Up	seq=55311 li=-3 spid=3cc0c6fffefe02100001
73.180335877	2	3c:c0:c6:fe:02:11	gPTP Sync	seq=55312 li=-3 spid=3cc0c6fffefe02100001
73.181069103	2	3c:c0:c6:fe:02:11	gPTP Follow_Up	seq=55312 li=-3 spid=3cc0c6fffefe02100001
73.250206041	2	3c:c0:c6:fe:02:11	gPTP Pdelay_Req	seq=1476 li=0 spid=3cc0c6fffefe02100001
73.250217025	3	02:00:00:00:00:01	gPTP Pdelay_Resp	seq=1476 li=127 spid=020000fffe0000010001
73.250224585	3	02:00:00:00:00:01	gPTP Pdelay_Resp_Follow_Up	seq=1476 li=127 spid=020000fffe0000010001
73.310310487	2	3c:c0:c6:fe:02:11	gPTP Sync	seq=55313 li=-3 spid=3cc0c6fffefe02100001
73.311048480	2	3c:c0:c6:fe:02:11	gPTP Follow_Up	seq=55313 li=-3 spid=3cc0c6fffefe02100001
73.351491863	3	02:00:00:00:00:01	MSRP	
73.430247585	2	3c:c0:c6:fe:02:11	gPTP Sync	seq=55314 li=-3 spid=3cc0c6fffefe02100001
73.430985186	2	3c:c0:c6:fe:02:11	gPTP Follow_Up	seq=55314 li=-3 spid=3cc0c6fffefe02100001
73.551495126	3	02:00:00:00:00:01	gPTP Pdelay_Req	seq=1384 li=0 spid=020000fffe0000010001
73.552254103	2	3c:c0:c6:fe:02:11	gPTP Pdelay_Resp	seq=1384 li=127 spid=3cc0c6fffefe02100001
73.553243906	2	3c:c0:c6:fe:02:11	gPTP Pdelay_Resp_Follow_Up	seq=1384 li=127 spid=3cc0c6fffefe02100001
73.569494232	2	3c:c0:c6:fe:02:11	gPTP Sync	seq=55315 li=-3 spid=3cc0c6fffefe02100001
73.570071833	2	3c:c0:c6:fe:02:11	gPTP Follow_Up	seq=55315 li=-3 spid=3cc0c6fffefe02100001
73.599787455	2	3c:c0:c6:fe:02:11	MVRP	
73.680352861	2	3c:c0:c6:fe:02:11	gPTP Sync	seq=55316 li=-3 spid=3cc0c6fffefe02100001
73.681096862	2	3c:c0:c6:fe:02:11	gPTP Follow_Up	seq=55316 li=-3 spid=3cc0c6fffefe02100001
73.810371822	2	3c:c0:c6:fe:02:11	gPTP Sync	seq=55317 li=-3 spid=3cc0c6fffefe02100001
73.811102448	2	3c:c0:c6:fe:02:11	gPTP Follow_Up	seq=55317 li=-3 spid=3cc0c6fffefe02100001
73.930242352	2	3c:c0:c6:fe:02:11	gPTP Sync	seq=55318 li=-3 spid=3cc0c6fffefe02100001
73.930959546	2	3c:c0:c6:fe:02:11	gPTP Follow_Up	seq=55318 li=-3 spid=3cc0c6fffefe02100001
73.939601014	2	3c:c0:c6:fe:02:11	ethertype 0x0027	
74.000519878	2	3c:c0:c6:fe:02:11	gPTP Announce	seq=63912 li=0 spid=3cc0c6fffefe02100001 gm=3cc0c6fffefe0210 p1=246 sr=0
74.034869126	2	3c:c0:c6:01:02:03	ADP	eid=3cc0c60102030000 gm=3cc0c6fffefe0210
74.060392130	2	3c:c0:c6:fe:02:11	gPTP Sync	seq=55319 li=-3 spid=3cc0c6fffefe02100001
74.061122732	2	3c:c0:c6:fe:02:11	gPTP Follow_Up	seq=55319 li=-3 spid=3cc0c6fffefe02100001
74.180295628	2	3c:c0:c6:fe:02:11	gPTP Sync	seq=55320 li=-3 spid=3cc0c6fffefe02100001
74.181027822	2	3c:c0:c6:fe:02:11	gPTP Follow_Up	seq=55320 li=-3 spid=3cc0c6fffefe02100001
74.250295961	2	3c:c0:c6:fe:02:11	gPTP Pdelay_Req	seq=1477 li=0 spid=3cc0c6fffefe02100001
74.250306961	3	02:00:00:00:00:01	gPTP Pdelay_Resp	seq=1477 li=127 spid=020000fffe0000010001
74.250314521	3	02:00:00:00:00:01	gPTP Pdelay_Resp_Follow_Up	seq=1477 li=127 spid=020000fffe0000010001
74.310389182	2	3c:c0:c6:fe:02:11	gPTP Sync	seq=55321 li=-3 spid=3cc0c6fffefe02100001
74.311124608	2	3c:c0:c6:fe:02:11	gPTP Follow_Up	seq=55321 li=-3 spid=3cc0c6fffefe02100001
74.351494183	3	02:00:00:00:00:01	MSRP	
74.430259104	2	3c:c0:c6:fe:02:11	gPTP Sync	seq=55322 li=-3 spid=3cc0c6fffefe02100001
74.430992906	2	3c:c0:c6:fe:02:11	gPTP Follow_Up	seq=55322 li=-3 spid=3cc0c6fffefe02100001
74.551497445	3	02:00:00:00:00:01	gPTP Pdelay_Req	seq=1385 li=0 spid=020000fffe0000010001
74.552253815	2	3c:c0:c6:fe:02:11	gPTP Pdelay_Resp	seq=1385 li=127 spid=3cc0c6fffefe02100001
74.553244225	2	3c:c0:c6:fe:02:11	gPTP Pdelay_Resp_Follow_Up	seq=1385 li=127 spid=3cc0c6fffefe02100001
74.569500344	2	3c:c0:c6:fe:02:11	gPTP Sync	seq=55323 li=-3 spid=3cc0c6fffefe02100001
74.570077569	2	3c:c0:c6:fe:02:11	gPTP Follow_Up	seq=55323 li=-3 spid=3cc0c6fffefe02100001
74.599605982	2	3c:c0:c6:fe:02:11	MVRP	
74.680347996	2	3c:c0:c6:fe:02:11	gPTP Sync	seq=55324 li=-3 spid=3cc0c6fffefe02100001
74.681091998	2	3c:c0:c6:fe:02:11	gPTP Follow_Up	seq=55324 li=-3 spid=3cc0c6fffefe02100001
74.810375758	2	3c:c0:c6:fe:02:11	gPTP Sync	seq=55325 li=-3 spid=3cc0c6fffefe02100001
74.811109168	2	3c:c0:c6:fe:02:11	gPTP Follow_Up	seq=55325 li=-3 spid=3cc0c6fffefe02100001
74.930248471	2	3c:c0:c6:fe:02:11	gPTP Sync	seq=55326 li=-3 spid=3cc0c6fffefe02100001
74.930967481	2	3c:c0:c6:fe:02:11	gPTP Follow_Up	seq=55326 li=-3 spid=3cc0c6fffefe02100001
75.000537796	2	3c:c0:c6:fe:02:11	gPTP Announce	seq=63913 li=0 spid=3cc0c6fffefe02100001 gm=3cc0c6fffefe0210 p1=246 sr=0
75.060359849	2	3c:c0:c6:fe:02:11	gPTP Sync	seq=55327 li=-3 spid=3cc0c6fffefe02100001
75.061086250	2	3c:c0:c6:fe:02:11	gPTP Follow_Up	seq=55327 li=-3 spid=3cc0c6fffefe02100001
75.062493310	3	02:00:00:00:00:01	MAAP	
75.180300746	2	3c:c0:c6:fe:02:11	gPTP Sync	seq=55328 li=-3 spid=3cc0c6fffefe02100001
75.181032948	2	3c:c0:c6:fe:02:11	gPTP Follow_Up	seq=55328 li=-3 spid=3cc0c6fffefe02100001
75.250236478	2	3c:c0:c6:fe:02:11	gPTP Pdelay_Req	seq=1478 li=0 spid=3cc0c6fffefe02100001
75.250247478	3	02:00:00:00:00:01	gPTP Pdelay_Resp	seq=1478 li=127 spid=020000fffe0000010001
75.250255038	3	02:00:00:00:00:01	gPTP Pdelay_Resp_Follow_Up	seq=1478 li=127 spid=020000fffe0000010001
75.310340923	2	3c:c0:c6:fe:02:11	gPTP Sync	seq=55329 li=-3 spid=3cc0c6fffefe02100001
75.311075333	2	3c:c0:c6:fe:02:11	gPTP Follow_Up	seq=55329 li=-3 spid=3cc0c6fffefe02100001
75.351496492	3	02:00:00:00:00:01	MSRP	
75.430266821	2	3c:c0:c6:fe:02:11	gPTP Sync	seq=55330 li=-3 spid=3cc0c6fffefe02100001
75.431005031	2	3c:c0:c6:fe:02:11	gPTP Follow_Up	seq=55330 li=-3 spid=3cc0c6fffefe02100001
75.551499754	3	02:00:00:00:00:01	gPTP Pdelay_Req	seq=1386 li=0 spid=020000fffe0000010001
75.552253147	2	3c:c0:c6:fe:02:11	gPTP Pdelay_Resp	seq=1386 li=127 spid=3cc0c6fffefe02100001
75.553238750	2	3c:c0:c6:fe:02:11	gPTP Pdelay_Resp_Follow_Up	seq=1386 li=127 spid=3cc0c6fffefe02100001
75.569512476	2	3c:c0:c6:fe:02:11	gPTP Sync	seq=55331 li=-3 spid=3cc0c6fffefe02100001
75.570089053	2	3c:c0:c6:fe:02:11	gPTP Follow_Up	seq=55331 li=-3 spid=3cc0c6fffefe02100001
75.599807291	2	3c:c0:c6:fe:02:11	MVRP	
75.680329496	2	3c:c0:c6:fe:02:11	gPTP Sync	seq=55332 li=-3 spid=3cc0c6fffefe02100001
75.681076706	2	3c:c0:c6:fe:02:11	gPTP Follow_Up	seq=55332 li=-3 spid=3cc0c6fffefe02100001
75.810382473	2	3c:c0:c6:fe:02:11	gPTP Sync	seq=55333 li=-3 spid=3cc0c6fffefe02100001
75.811113683	2	3c:c0:c6:fe:02:11	gPTP Follow_Up	seq=55333 li=-3 spid=3cc0c6fffefe02100001
75.930262163	2	3c:c0:c6:fe:02:11	gPTP Sync	seq=55334 li=-3 spid=3cc0c6fffefe02100001
75.930980597	2	3c:c0:c6:fe:02:11	gPTP Follow_Up	seq=55334 li=-3 spid=3cc0c6fffefe02100001
75.939612249	2	3c:c0:c6:fe:02:11	ethertype 0x0027	
76.000534304	2	3c:c0:c6:fe:02:11	gPTP Announce	seq=63914 li=0 spid=3cc0c6fffefe02100001 gm=3cc0c6fffefe0210 p1=246 sr=0
76.060370757	2	3c:c0:c6:fe:02:11	gPTP Sync	seq=55335 li=-3 spid=3cc0c6fffefe02100001
76.061101959	2	3c:c0:c6:fe:02:11	gPTP Follow_Up	seq=55335 li=-3 spid=3cc0c6fffefe02100001
76.180330471	2	3c:c0:c6:fe:02:11	gPTP Sync	seq=55336 li=-3 spid=3cc0c6fffefe02100001
76.181065873	2	3c:c0:c6:fe:02:11	gPTP Follow_Up	seq=55336 li=-3 spid=3cc0c6fffefe02100001
76.250247387	2	3c:c0:c6:fe:02:11	gPTP Pdelay_Req	seq=1479 li=0 spid=3cc0c6fffefe02100001
76.250258379	3	02:00:00:00:00:01	gPTP Pdelay_Resp	seq=1479 li=127 spid=020000fffe0000010001
76.250265939	3	02:00:00:00:00:01	gPTP Pdelay_Resp_Follow_Up	seq=1479 li=127 spid=020000fffe0000010001
76.310332632	2	3c:c0:c6:fe:02:11	gPTP Sync	seq=55337 li=-3 spid=3cc0c6fffefe02100001
76.311067650	2	3c:c0:c6:fe:02:11	gPTP Follow_Up	seq=55337 li=-3 spid=3cc0c6fffefe02100001
76.351498809	3	02:00:00:00:00:01	MSRP	
76.430271938	2	3c:c0:c6:fe:02:11	gPTP Sync	seq=55338 li=-3 spid=3cc0c6fffefe02100001
76.431006340	2	3c:c0:c6:fe:02:11	gPTP Follow_Up	seq=55338 li=-3 spid=3cc0c6fffefe02100001
76.551502079	3	02:00:00:00:00:01	gPTP Pdelay_Req	seq=1387 li=0 spid=020000fffe0000010001
76.552260441	2	3c:c0:c6:fe:02:11	gPTP Pdelay_Resp	seq=1387 li=127 spid=3cc0c6fffefe02100001
76.553246075	2	3c:c0:c6:fe:02:11	gPTP Pdelay_Resp_Follow_Up	seq=1387 li=127 spid=3cc0c6fffefe02100001
76.569516985	2	3c:c0:c6:fe:02:11	gPTP Sync	seq=55339 li=-3 spid=3cc0c6fffefe02100001
76.570094203	2	3c:c0:c6:fe:02:11	gPTP Follow_Up	seq=55339 li=-3 spid=3cc0c6fffefe02100001
76.599568824	2	3c:c0:c6:fe:02:11	MVRP	
76.649500565	3	02:00:00:00:00:01	ADP	eid=020000fffe000001 gm=3cc0c6fffefe0210
76.680349014	2	3c:c0:c6:fe:02:11	gPTP Sync	seq=55340 li=-3 spid=3cc0c6fffefe02100001
76.681095232	2	3c:c0:c6:fe:02:11	gPTP Follow_Up	seq=55340 li=-3 spid=3cc0c6fffefe02100001
76.810394599	2	3c:c0:c6:fe:02:11	gPTP Sync	seq=55341 li=-3 spid=3cc0c6fffefe02100001
76.811129009	2	3c:c0:c6:fe:02:11	gPTP Follow_Up	seq=55341 li=-3 spid=3cc0c6fffefe02100001
76.930264496	2	3c:c0:c6:fe:02:11	gPTP Sync	seq=55342 li=-3 spid=3cc0c6fffefe02100001
76.930986098	2	3c:c0:c6:fe:02:11	gPTP Follow_Up	seq=55342 li=-3 spid=3cc0c6fffefe02100001
76.939737367	2	3c:c0:c6:fe:02:10	ethertype 0x0800	
77.000560637	2	3c:c0:c6:fe:02:11	gPTP Announce	seq=63915 li=0 spid=3cc0c6fffefe02100001 gm=3cc0c6fffefe0210 p1=246 sr=0
77.060374082	2	3c:c0:c6:fe:02:11	gPTP Sync	seq=55343 li=-3 spid=3cc0c6fffefe02100001
77.061102659	2	3c:c0:c6:fe:02:11	gPTP Follow_Up	seq=55343 li=-3 spid=3cc0c6fffefe02100001
77.180310179	2	3c:c0:c6:fe:02:11	gPTP Sync	seq=55344 li=-3 spid=3cc0c6fffefe02100001
77.181041997	2	3c:c0:c6:fe:02:11	gPTP Follow_Up	seq=55344 li=-3 spid=3cc0c6fffefe02100001
77.250265719	2	3c:c0:c6:fe:02:11	gPTP Pdelay_Req	seq=1480 li=0 spid=3cc0c6fffefe02100001
77.250276719	3	02:00:00:00:00:01	gPTP Pdelay_Resp	seq=1480 li=127 spid=020000fffe0000010001
77.250284279	3	02:00:00:00:00:01	gPTP Pdelay_Resp_Follow_Up	seq=1480 li=127 spid=020000fffe0000010001
77.310350364	2	3c:c0:c6:fe:02:11	gPTP Sync	seq=55345 li=-3 spid=3cc0c6fffefe02100001
77.311088958	2	3c:c0:c6:fe:02:11	gPTP Follow_Up	seq=55345 li=-3 spid=3cc0c6fffefe02100001
77.351501133	3	02:00:00:00:00:01	MSRP	
77.430290238	2	3c:c0:c6:fe:02:11	gPTP Sync	seq=55346 li=-3 spid=3cc0c6fffefe02100001
77.431026279	2	3c:c0:c6:fe:02:11	gPTP Follow_Up	seq=55346 li=-3 spid=3cc0c6fffefe02100001
77.551504402	3	02:00:00:00:00:01	gPTP Pdelay_Req	seq=1388 li=0 spid=020000fffe0000010001
77.552250388	2	3c:c0:c6:fe:02:11	gPTP Pdelay_Resp	seq=1388 li=127 spid=3cc0c6fffefe02100001
77.553236374	2	3c:c0:c6:fe:02:11	gPTP Pdelay_Resp_Follow_Up	seq=1388 li=127 spid=3cc0c6fffefe02100001
77.569526708	2	3c:c0:c6:fe:02:11	gPTP Sync	seq=55347 li=-3 spid=3cc0c6fffefe02100001
77.570104918	2	3c:c0:c6:fe:02:11	gPTP Follow_Up	seq=55347 li=-3 spid=3cc0c6fffefe02100001
77.599795931	2	3c:c0:c6:fe:02:11	MVRP	
77.680394937	2	3c:c0:c6:fe:02:11	gPTP Sync	seq=55348 li=-3 spid=3cc0c6fffefe02100001
77.681140538	2	3c:c0:c6:fe:02:11	gPTP Follow_Up	seq=55348 li=-3 spid=3cc0c6fffefe02100001
77.799069807	2	3c:c0:c6:01:02:03	MAAP	
77.810412714	2	3c:c0:c6:fe:02:11	gPTP Sync	seq=55349 li=-3 spid=3cc0c6fffefe02100001
77.811149324	2	3c:c0:c6:fe:02:11	gPTP Follow_Up	seq=55349 li=-3 spid=3cc0c6fffefe02100001
77.894969344	2	68:05:ca:95:b2:ed	AECP	
77.895001481	3	02:00:00:00:00:01	AECP	
77.895166753	2	68:05:ca:95:b2:ed	AECP	
77.895195121	3	02:00:00:00:00:01	AECP	
77.930270027	2	3c:c0:c6:fe:02:11	gPTP Sync	seq=55350 li=-3 spid=3cc0c6fffefe02100001
77.930988437	2	3c:c0:c6:fe:02:11	gPTP Follow_Up	seq=55350 li=-3 spid=3cc0c6fffefe02100001
77.939627697	2	3c:c0:c6:fe:02:11	ethertype 0x0027	
78.000558137	2	3c:c0:c6:fe:02:11	gPTP Announce	seq=63916 li=0 spid=3cc0c6fffefe02100001 gm=3cc0c6fffefe0210 p1=246 sr=0
78.060412189	2	3c:c0:c6:fe:02:11	gPTP Sync	seq=55351 li=-3 spid=3cc0c6fffefe02100001
78.061144007	2	3c:c0:c6:fe:02:11	gPTP Follow_Up	seq=55351 li=-3 spid=3cc0c6fffefe02100001
78.180320711	2	3c:c0:c6:fe:02:11	gPTP Sync	seq=55352 li=-3 spid=3cc0c6fffefe02100001
78.181050697	2	3c:c0:c6:fe:02:11	gPTP Follow_Up	seq=55352 li=-3 spid=3cc0c6fffefe02100001
78.250238835	2	3c:c0:c6:fe:02:11	gPTP Pdelay_Req	seq=1481 li=0 spid=3cc0c6fffefe02100001
78.250249827	3	02:00:00:00:00:01	gPTP Pdelay_Resp	seq=1481 li=127 spid=020000fffe0000010001
78.250257387	3	02:00:00:00:00:01	gPTP Pdelay_Resp_Follow_Up	seq=1481 li=127 spid=020000fffe0000010001
78.310390072	2	3c:c0:c6:fe:02:11	gPTP Sync	seq=55353 li=-3 spid=3cc0c6fffefe02100001
78.311129882	2	3c:c0:c6:fe:02:11	gPTP Follow_Up	seq=55353 li=-3 spid=3cc0c6fffefe02100001
78.351503465	3	02:00:00:00:00:01	MSRP	
78.430292186	2	3c:c0:c6:fe:02:11	gPTP Sync	seq=55354 li=-3 spid=3cc0c6fffefe02100001
78.431030180	2	3c:c0:c6:fe:02:11	gPTP Follow_Up	seq=55354 li=-3 spid=3cc0c6fffefe02100001
78.551506735	3	02:00:00:00:00:01	gPTP Pdelay_Req	seq=1389 li=0 spid=020000fffe0000010001
78.552258705	2	3c:c0:c6:fe:02:11	gPTP Pdelay_Resp	seq=1389 li=127 spid=3cc0c6fffefe02100001
78.553245307	2	3c:c0:c6:fe:02:11	gPTP Pdelay_Resp_Follow_Up	seq=1389 li=127 spid=3cc0c6fffefe02100001
78.558501423	3	02:00:00:00:00:01	MAAP	
78.569535601	2	3c:c0:c6:fe:02:11	gPTP Sync	seq=55355 li=-3 spid=3cc0c6fffefe02100001
78.570113626	2	3c:c0:c6:fe:02:11	gPTP Follow_Up	seq=55355 li=-3 spid=3cc0c6fffefe02100001
78.599657048	2	3c:c0:c6:fe:02:11	MVRP	
78.680344661	2	3c:c0:c6:fe:02:11	gPTP Sync	seq=55356 li=-3 spid=3cc0c6fffefe02100001
78.681087671	2	3c:c0:c6:fe:02:11	gPTP Follow_Up	seq=55356 li=-3 spid=3cc0c6fffefe02100001
78.810421639	2	3c:c0:c6:fe:02:11	gPTP Sync	seq=55357 li=-3 spid=3cc0c6fffefe02100001
78.811155017	2	3c:c0:c6:fe:02:11	gPTP Follow_Up	seq=55357 li=-3 spid=3cc0c6fffefe02100001
78.930285136	2	3c:c0:c6:fe:02:11	gPTP Sync	seq=55358 li=-3 spid=3cc0c6fffefe02100001
78.931000338	2	3c:c0:c6:fe:02:11	gPTP Follow_Up	seq=55358 li=-3 spid=3cc0c6fffefe02100001
79.000549469	2	3c:c0:c6:fe:02:11	gPTP Announce	seq=63917 li=0 spid=3cc0c6fffefe02100001 gm=3cc0c6fffefe0210 p1=246 sr=0
79.060398721	2	3c:c0:c6:fe:02:11	gPTP Sync	seq=55359 li=-3 spid=3cc0c6fffefe02100001
79.061129923	2	3c:c0:c6:fe:02:11	gPTP Follow_Up	seq=55359 li=-3 spid=3cc0c6fffefe02100001
79.180353027	2	3c:c0:c6:fe:02:11	gPTP Sync	seq=55360 li=-3 spid=3cc0c6fffefe02100001
79.181086220	2	3c:c0:c6:fe:02:11	gPTP Follow_Up	seq=55360 li=-3 spid=3cc0c6fffefe02100001
79.250248759	2	3c:c0:c6:fe:02:11	gPTP Pdelay_Req	seq=1482 li=0 spid=3cc0c6fffefe02100001
79.250259759	3	02:00:00:00:00:01	gPTP Pdelay_Resp	seq=1482 li=127 spid=020000fffe0000010001
79.250267319	3	02:00:00:00:00:01	gPTP Pdelay_Resp_Follow_Up	seq=1482 li=127 spid=020000fffe0000010001
79.310377588	2	3c:c0:c6:fe:02:11	gPTP Sync	seq=55361 li=-3 spid=3cc0c6fffefe02100001
79.311111997	2	3c:c0:c6:fe:02:11	gPTP Follow_Up	seq=55361 li=-3 spid=3cc0c6fffefe02100001
79.350141473	2	3c:c0:c6:fe:02:11	MSRP	
79.351507228	3	02:00:00:00:00:01	MSRP	
79.430292701	2	3c:c0:c6:fe:02:11	gPTP Sync	seq=55362 li=-3 spid=3cc0c6fffefe02100001
79.431029703	2	3c:c0:c6:fe:02:11	gPTP Follow_Up	seq=55362 li=-3 spid=3cc0c6fffefe02100001
79.551509049	3	02:00:00:00:00:01	gPTP Pdelay_Req	seq=1390 li=0 spid=020000fffe0000010001
79.552309811	2	3c:c0:c6:fe:02:11	gPTP Pdelay_Resp	seq=1390 li=127 spid=3cc0c6fffefe02100001
79.553295422	2	3c:c0:c6:fe:02:11	gPTP Pdelay_Resp_Follow_Up	seq=1390 li=127 spid=3cc0c6fffefe02100001
79.569538356	2	3c:c0:c6:fe:02:11	gPTP Sync	seq=55363 li=-3 spid=3cc0c6fffefe02100001
79.570117533	2	3c:c0:c6:fe:02:11	gPTP Follow_Up	seq=55363 li=-3 spid=3cc0c6fffefe02100001
79.599824187	2	3c:c0:c6:fe:02:11	MVRP	
79.680354776	2	3c:c0:c6:fe:02:11	gPTP Sync	seq=55364 li=-3 spid=3cc0c6fffefe02100001
79.681104186	2	3c:c0:c6:fe:02:11	gPTP Follow_Up	seq=55364 li=-3 spid=3cc0c6fffefe02100001
79.810442569	2	3c:c0:c6:fe:02:11	gPTP Sync	seq=55365 li=-3 spid=3cc0c6fffefe02100001
79.811177963	2	3c:c0:c6:fe:02:11	gPTP Follow_Up	seq=55365 li=-3 spid=3cc0c6fffefe02100001
79.930288466	2	3c:c0:c6:fe:02:11	gPTP Sync	seq=55366 li=-3 spid=3cc0c6fffefe02100001
79.931007860	2	3c:c0:c6:fe:02:11	gPTP Follow_Up	seq=55366 li=-3 spid=3cc0c6fffefe02100001
79.939642328	2	3c:c0:c6:fe:02:11	ethertype 0x0027	
80.000561183	2	3c:c0:c6:fe:02:11	gPTP Announce	seq=63918 li=0 spid=3cc0c6fffefe02100001 gm=3cc0c6fffefe0210 p1=246 sr=0
80.060399843	2	3c:c0:c6:fe:02:11	gPTP Sync	seq=55367 li=-3 spid=3cc0c6fffefe02100001
80.061130437	2	3c:c0:c6:fe:02:11	gPTP Follow_Up	seq=55367 li=-3 spid=3cc0c6fffefe02100001
80.180335940	2	3c:c0:c6:fe:02:11	gPTP Sync	seq=55368 li=-3 spid=3cc0c6fffefe02100001
80.181069358	2	3c:c0:c6:fe:02:11	gPTP Follow_Up	seq=55368 li=-3 spid=3cc0c6fffefe02100001
80.250258864	2	3c:c0:c6:fe:02:11	gPTP Pdelay_Req	seq=1483 li=0 spid=3cc0c6fffefe02100001
80.250269864	3	02:00:00:00:00:01	gPTP Pdelay_Resp	seq=1483 li=127 spid=020000fffe0000010001
80.250277424	3	02:00:00:00:00:01	gPTP Pdelay_Resp_Follow_Up	seq=1483 li=127 spid=020000fffe0000010001
80.274111848	2	3c:c0:c6:01:02:03	ADP	eid=3cc0c60102030000 gm=3cc0c6fffefe0210
80.310413525	2	3c:c0:c6:fe:02:11	gPTP Sync	seq=55369 li=-3 spid=3cc0c6fffefe02100001
80.311148319	2	3c:c0:c6:fe:02:11	gPTP Follow_Up	seq=55369 li=-3 spid=3cc0c6fffefe02100001
80.351508101	3	02:00:00:00:00:01	MSRP	
80.430304222	2	3c:c0:c6:fe:02:11	gPTP Sync	seq=55370 li=-3 spid=3cc0c6fffefe02100001
80.431039616	2	3c:c0:c6:fe:02:11	gPTP Follow_Up	seq=55370 li=-3 spid=3cc0c6fffefe02100001
80.551511370	3	02:00:00:00:00:01	gPTP Pdelay_Req	seq=1391 li=0 spid=020000fffe0000010001
80.552264340	2	3c:c0:c6:fe:02:11	gPTP Pdelay_Resp	seq=1391 li=127 spid=3cc0c6fffefe02100001
80.553251542	2	3c:c0:c6:fe:02:11	gPTP Pdelay_Resp_Follow_Up	seq=1391 li=127 spid=3cc0c6fffefe02100001
80.569546677	2	3c:c0:c6:fe:02:11	gPTP Sync	seq=55371 li=-3 spid=3cc0c6fffefe02100001
80.570127478	2	3c:c0:c6:fe:02:11	gPTP Follow_Up	seq=55371 li=-3 spid=3cc0c6fffefe02100001
80.599654291	2	3c:c0:c6:fe:02:11	MVRP	
80.680388697	2	3c:c0:c6:fe:02:11	gPTP Sync	seq=55372 li=-3 spid=3cc0c6fffefe02100001
80.681134298	2	3c:c0:c6:fe:02:11	gPTP Follow_Up	seq=55372 li=-3 spid=3cc0c6fffefe02100001
80.810424682	2	3c:c0:c6:fe:02:11	gPTP Sync	seq=55373 li=-3 spid=3cc0c6fffefe02100001
80.811155275	2	3c:c0:c6:fe:02:11	gPTP Follow_Up	seq=55373 li=-3 spid=3cc0c6fffefe02100001
80.930293579	2	3c:c0:c6:fe:02:11	gPTP Sync	seq=55374 li=-3 spid=3cc0c6fffefe02100001
80.931010997	2	3c:c0:c6:fe:02:11	gPTP Follow_Up	seq=55374 li=-3 spid=3cc0c6fffefe02100001
81.000577120	2	3c:c0:c6:fe:02:11	gPTP Announce	seq=63919 li=0 spid=3cc0c6fffefe02100001 gm=3cc0c6fffefe0210 p1=246 sr=0
81.060404349	2	3c:c0:c6:fe:02:11	gPTP Sync	seq=55375 li=-3 spid=3cc0c6fffefe02100001
81.061129766	2	3c:c0:c6:fe:02:11	gPTP Follow_Up	seq=55375 li=-3 spid=3cc0c6fffefe02100001
81.180344262	2	3c:c0:c6:fe:02:11	gPTP Sync	seq=55376 li=-3 spid=3cc0c6fffefe02100001
81.181079656	2	3c:c0:c6:fe:02:11	gPTP Follow_Up	seq=55376 li=-3 spid=3cc0c6fffefe02100001
81.239715106	2	3c:c0:c6:fe:02:11	MVRP	
81.250316787	2	3c:c0:c6:fe:02:11	gPTP Pdelay_Req	seq=1484 li=0 spid=3cc0c6fffefe02100001
81.250327787	3	02:00:00:00:00:01	gPTP Pdelay_Resp	seq=1484 li=127 spid=020000fffe0000010001
81.250335347	3	02:00:00:00:00:01	gPTP Pdelay_Resp_Follow_Up	seq=1484 li=127 spid=020000fffe0000010001
81.310389240	2	3c:c0:c6:fe:02:11	gPTP Sync	seq=55377 li=-3 spid=3cc0c6fffefe02100001
81.311130041	2	3c:c0:c6:fe:02:11	gPTP Follow_Up	seq=55377 li=-3 spid=3cc0c6fffefe02100001
81.351510416	3	02:00:00:00:00:01	MSRP	
81.430313529	2	3c:c0:c6:fe:02:11	gPTP Sync	seq=55378 li=-3 spid=3cc0c6fffefe02100001
81.431049539	2	3c:c0:c6:fe:02:11	gPTP Follow_Up	seq=55378 li=-3 spid=3cc0c6fffefe02100001
81.551513686	3	02:00:00:00:00:01	gPTP Pdelay_Req	seq=1392 li=0 spid=020000fffe0000010001
81.552267248	2	3c:c0:c6:fe:02:11	gPTP Pdelay_Resp	seq=1392 li=127 spid=3cc0c6fffefe02100001
81.553254458	2	3c:c0:c6:fe:02:11	gPTP Pdelay_Resp_Follow_Up	seq=1392 li=127 spid=3cc0c6fffefe02100001
81.569555984	2	3c:c0:c6:fe:02:11	gPTP Sync	seq=55379 li=-3 spid=3cc0c6fffefe02100001
81.570133594	2	3c:c0:c6:fe:02:11	gPTP Follow_Up	seq=55379 li=-3 spid=3cc0c6fffefe02100001
81.599854007	2	3c:c0:c6:fe:02:11	MVRP	
81.680366613	2	3c:c0:c6:fe:02:11	gPTP Sync	seq=55380 li=-3 spid=3cc0c6fffefe02100001
81.681111230	2	3c:c0:c6:fe:02:11	gPTP Follow_Up	seq=55380 li=-3 spid=3cc0c6fffefe02100001
81.810423974	2	3c:c0:c6:fe:02:11	gPTP Sync	seq=55381 li=-3 spid=3cc0c6fffefe02100001
81.811155216	2	3c:c0:c6:fe:02:11	gPTP Follow_Up	seq=55381 li=-3 spid=3cc0c6fffefe02100001
81.930309295	2	3c:c0:c6:fe:02:11	gPTP Sync	seq=55382 li=-3 spid=3cc0c6fffefe02100001
81.931026705	2	3c:c0:c6:fe:02:11	gPTP Follow_Up	seq=55382 li=-3 spid=3cc0c6fffefe02100001
81.939656373	2	3c:c0:c6:fe:02:11	ethertype 0x0027	
82.000615228	2	3c:c0:c6:fe:02:11	gPTP Announce	seq=63920 li=0 spid=3cc0c6fffefe02100001 gm=3cc0c6fffefe0210 p1=246 sr=0
82.060434080	2	3c:c0:c6:fe:02:11	gPTP Sync	seq=55383 li=-3 spid=3cc0c6fffefe02100001
82.061163074	2	3c:c0:c6:fe:02:11	gPTP Follow_Up	seq=55383 li=-3 spid=3cc0c6fffefe02100001
82.180372770	2	3c:c0:c6:fe:02:11	gPTP Sync	seq=55384 li=-3 spid=3cc0c6fffefe02100001
82.181104587	2	3c:c0:c6:fe:02:11	gPTP Follow_Up	seq=55384 li=-3 spid=3cc0c6fffefe02100001
82.250271702	2	3c:c0:c6:fe:02:11	gPTP Pdelay_Req	seq=1485 li=0 spid=3cc0c6fffefe02100001
82.250282694	3	02:00:00:00:00:01	gPTP Pdelay_Resp	seq=1485 li=127 spid=020000fffe0000010001
82.250290254	3	02:00:00:00:00:01	gPTP Pdelay_Resp_Follow_Up	seq=1485 li=127 spid=020000fffe0000010001
82.310378931	2	3c:c0:c6:fe:02:11	gPTP Sync	seq=55385 li=-3 spid=3cc0c6fffefe02100001
82.311116956	2	3c:c0:c6:fe:02:11	gPTP Follow_Up	seq=55385 li=-3 spid=3cc0c6fffefe02100001
82.351513099	3	02:00:00:00:00:01	MSRP	
82.351889260	2	3c:c0:c6:fe:02:11	MSRP	
82.430311260	2	3c:c0:c6:fe:02:11	gPTP Sync	seq=55386 li=-3 spid=3cc0c6fffefe02100001
82.431046270	2	3c:c0:c6:fe:02:11	gPTP Follow_Up	seq=55386 li=-3 spid=3cc0c6fffefe02100001
82.450244019	2	3c:c0:c6:fe:02:11	MSRP	
82.551515992	3	02:00:00:00:00:01	gPTP Pdelay_Req	seq=1393 li=0 spid=020000fffe0000010001
82.552279378	2	3c:c0:c6:fe:02:11	gPTP Pdelay_Resp	seq=1393 li=127 spid=3cc0c6fffefe02100001
82.553266580	2	3c:c0:c6:fe:02:11	gPTP Pdelay_Resp_Follow_Up	seq=1393 li=127 spid=3cc0c6fffefe02100001
82.569564915	2	3c:c0:c6:fe:02:11	gPTP Sync	seq=55387 li=-3 spid=3cc0c6fffefe02100001
82.570144500	2	3c:c0:c6:fe:02:11	gPTP Follow_Up	seq=55387 li=-3 spid=3cc0c6fffefe02100001
82.599663537	2	3c:c0:c6:fe:02:11	MVRP	
82.680371735	2	3c:c0:c6:fe:02:11	gPTP Sync	seq=55388 li=-3 spid=3cc0c6fffefe02100001
82.681117944	2	3c:c0:c6:fe:02:11	gPTP Follow_Up	seq=55388 li=-3 spid=3cc0c6fffefe02100001
82.810445512	2	3c:c0:c6:fe:02:11	gPTP Sync	seq=55389 li=-3 spid=3cc0c6fffefe02100001
82.811178922	2	3c:c0:c6:fe:02:11	gPTP Follow_Up	seq=55389 li=-3 spid=3cc0c6fffefe02100001
82.895974953	2	68:05:ca:95:b2:ed	AECP	
82.896007129	3	02:00:00:00:00:01	AECP	
82.896168553	2	68:05:ca:95:b2:ed	AECP	
82.896196625	3	02:00:00:00:00:01	AECP	
82.930307626	2	3c:c0:c6:fe:02:11	gPTP Sync	seq=55390 li=-3 spid=3cc0c6fffefe02100001
82.931027027	2	3c:c0:c6:fe:02:11	gPTP Follow_Up	seq=55390 li=-3 spid=3cc0c6fffefe02100001
83.000581951	2	3c:c0:c6:fe:02:11	gPTP Announce	seq=63921 li=0 spid=3cc0c6fffefe02100001 gm=3cc0c6fffefe0210 p1=246 sr=0
83.060421603	2	3c:c0:c6:fe:02:11	gPTP Sync	seq=55391 li=-3 spid=3cc0c6fffefe02100001
83.061150597	2	3c:c0:c6:fe:02:11	gPTP Follow_Up	seq=55391 li=-3 spid=3cc0c6fffefe02100001
83.180358693	2	3c:c0:c6:fe:02:11	gPTP Sync	seq=55392 li=-3 spid=3cc0c6fffefe02100001
83.181089903	2	3c:c0:c6:fe:02:11	gPTP Follow_Up	seq=55392 li=-3 spid=3cc0c6fffefe02100001
83.250279633	2	3c:c0:c6:fe:02:11	gPTP Pdelay_Req	seq=1486 li=0 spid=3cc0c6fffefe02100001
83.250290617	3	02:00:00:00:00:01	gPTP Pdelay_Resp	seq=1486 li=127 spid=020000fffe0000010001
83.250298177	3	02:00:00:00:00:01	gPTP Pdelay_Resp_Follow_Up	seq=1486 li=127 spid=020000fffe0000010001
83.310380886	2	3c:c0:c6:fe:02:11	gPTP Sync	seq=55393 li=-3 spid=3cc0c6fffefe02100001
83.311120096	2	3c:c0:c6:fe:02:11	gPTP Follow_Up	seq=55393 li=-3 spid=3cc0c6fffefe02100001
83.351515039	3	02:00:00:00:00:01	MSRP	
83.396512617	3	02:00:00:00:00:01	MAAP	
83.430327584	2	3c:c0:c6:fe:02:11	gPTP Sync	seq=55394 li=-3 spid=3cc0c6fffefe02100001
83.431064578	2	3c:c0:c6:fe:02:11	gPTP Follow_Up	seq=55394 li=-3 spid=3cc0c6fffefe02100001
83.551518293	3	02:00:00:00:00:01	gPTP Pdelay_Req	seq=1394 li=0 spid=020000fffe0000010001
83.552275895	2	3c:c0:c6:fe:02:11	gPTP Pdelay_Resp	seq=1394 li=127 spid=3cc0c6fffefe02100001
83.553264281	2	3c:c0:c6:fe:02:11	gPTP Pdelay_Resp_Follow_Up	seq=1394 li=127 spid=3cc0c6fffefe02100001
83.569569431	2	3c:c0:c6:fe:02:11	gPTP Sync	seq=55395 li=-3 spid=3cc0c6fffefe02100001
83.570146425	2	3c:c0:c6:fe:02:11	gPTP Follow_Up	seq=55395 li=-3 spid=3cc0c6fffefe02100001
83.599861654	2	3c:c0:c6:fe:02:11	MVRP	
83.603302679	2	3c:c0:c6:01:02:03	MAAP	
83.680410452	2	3c:c0:c6:fe:02:11	gPTP Sync	seq=55396 li=-3 spid=3cc0c6fffefe02100001
83.681155069	2	3c:c0:c6:fe:02:11	gPTP Follow_Up	seq=55396 li=-3 spid=3cc0c6fffefe02100001
83.810442253	2	3c:c0:c6:fe:02:11	gPTP Sync	seq=55397 li=-3 spid=3cc0c6fffefe02100001
83.811173455	2	3c:c0:c6:fe:02:11	gPTP Follow_Up	seq=55397 li=-3 spid=3cc0c6fffefe02100001
83.930317935	2	3c:c0:c6:fe:02:11	gPTP Sync	seq=55398 li=-3 spid=3cc0c6fffefe02100001
83.931034745	2	3c:c0:c6:fe:02:11	gPTP Follow_Up	seq=55398 li=-3 spid=3cc0c6fffefe02100001
83.939671989	2	3c:c0:c6:fe:02:11	ethertype 0x0027	
84.000599868	2	3c:c0:c6:fe:02:11	gPTP Announce	seq=63922 li=0 spid=3cc0c6fffefe02100001 gm=3cc0c6fffefe0210 p1=246 sr=0
84.060435329	2	3c:c0:c6:fe:02:11	gPTP Sync	seq=55399 li=-3 spid=3cc0c6fffefe02100001
84.061165931	2	3c:c0:c6:fe:02:11	gPTP Follow_Up	seq=55399 li=-3 spid=3cc0c6fffefe02100001
84.180366027	2	3c:c0:c6:fe:02:11	gPTP Sync	seq=55400 li=-3 spid=3cc0c6fffefe02100001
84.181099821	2	3c:c0:c6:fe:02:11	gPTP Follow_Up	seq=55400 li=-3 spid=3cc0c6fffefe02100001
84.250361943	2	3c:c0:c6:fe:02:11	gPTP Pdelay_Req	seq=1487 li=0 spid=3cc0c6fffefe02100001
84.250372951	3	02:00:00:00:00:01	gPTP Pdelay_Resp	seq=1487 li=127 spid=020000fffe0000010001
84.250380503	3	02:00:00:00:00:01	gPTP Pdelay_Resp_Follow_Up	seq=1487 li=127 spid=020000fffe0000010001
84.310475613	2	3c:c0:c6:fe:02:11	gPTP Sync	seq=55401 li=-3 spid=3cc0c6fffefe02100001
84.311211582	2	3c:c0:c6:fe:02:11	gPTP Follow_Up	seq=55401 li=-3 spid=3cc0c6fffefe02100001
84.351517357	3	02:00:00:00:00:01	MSRP	
84.430363711	2	3c:c0:c6:fe:02:11	gPTP Sync	seq=55402 li=-3 spid=3cc0c6fffefe02100001
84.431101704	2	3c:c0:c6:fe:02:11	gPTP Follow_Up	seq=55402 li=-3 spid=3cc0c6fffefe02100001
84.551520627	3	02:00:00:00:00:01	gPTP Pdelay_Req	seq=1395 li=0 spid=020000fffe0000010001
84.552273621	2	3c:c0:c6:fe:02:11	gPTP Pdelay_Resp	seq=1395 li=127 spid=3cc0c6fffefe02100001
84.553259840	2	3c:c0:c6:fe:02:11	gPTP Pdelay_Resp_Follow_Up	seq=1395 li=127 spid=3cc0c6fffefe02100001
84.569579350	2	3c:c0:c6:fe:02:11	gPTP Sync	seq=55403 li=-3 spid=3cc0c6fffefe02100001
84.570155967	2	3c:c0:c6:fe:02:11	gPTP Follow_Up	seq=55403 li=-3 spid=3cc0c6fffefe02100001
84.599697789	2	3c:c0:c6:fe:02:11	MVRP	
84.680391194	2	3c:c0:c6:fe:02:11	gPTP Sync	seq=55404 li=-3 spid=3cc0c6fffefe02100001
84.681135588	2	3c:c0:c6:fe:02:11	gPTP Follow_Up	seq=55404 li=-3 spid=3cc0c6fffefe02100001
84.810449964	2	3c:c0:c6:fe:02:11	gPTP Sync	seq=55405 li=-3 spid=3cc0c6fffefe02100001
84.811183350	2	3c:c0:c6:fe:02:11	gPTP Follow_Up	seq=55405 li=-3 spid=3cc0c6fffefe02100001
84.930367861	2	3c:c0:c6:fe:02:11	gPTP Sync	seq=55406 li=-3 spid=3cc0c6fffefe02100001
84.931090647	2	3c:c0:c6:fe:02:11	gPTP Follow_Up	seq=55406 li=-3 spid=3cc0c6fffefe02100001
85.000595394	2	3c:c0:c6:fe:02:11	gPTP Announce	seq=63923 li=0 spid=3cc0c6fffefe02100001 gm=3cc0c6fffefe0210 p1=246 sr=0
85.060438247	2	3c:c0:c6:fe:02:11	gPTP Sync	seq=55407 li=-3 spid=3cc0c6fffefe02100001
85.061165640	2	3c:c0:c6:fe:02:11	gPTP Follow_Up	seq=55407 li=-3 spid=3cc0c6fffefe02100001
85.180402536	2	3c:c0:c6:fe:02:11	gPTP Sync	seq=55408 li=-3 spid=3cc0c6fffefe02100001
85.181135346	2	3c:c0:c6:fe:02:11	gPTP Follow_Up	seq=55408 li=-3 spid=3cc0c6fffefe02100001
85.250292468	2	3c:c0:c6:fe:02:11	gPTP Pdelay_Req	seq=1488 li=0 spid=3cc0c6fffefe02100001
85.250303476	3	02:00:00:00:00:01	gPTP Pdelay_Resp	seq=1488 li=127 spid=020000fffe0000010001
85.250311036	3	02:00:00:00:00:01	gPTP Pdelay_Resp_Follow_Up	seq=1488 li=127 spid=020000fffe0000010001
85.310400729	2	3c:c0:c6:fe:02:11	gPTP Sync	seq=55409 li=-3 spid=3cc0c6fffefe02100001
85.311137731	2	3c:c0:c6:fe:02:11	gPTP Follow_Up	seq=55409 li=-3 spid=3cc0c6fffefe02100001
85.336520719	3	02:00:00:00:00:01	ADP	eid=020000fffe000001 gm=3cc0c6fffefe0210
85.351519690	3	02:00:00:00:00:01	MSRP	
85.430371427	2	3c:c0:c6:fe:02:11	gPTP Sync	seq=55410 li=-3 spid=3cc0c6fffefe02100001
85.431106437	2	3c:c0:c6:fe:02:11	gPTP Follow_Up	seq=55410 li=-3 spid=3cc0c6fffefe02100001
85.551522959	3	02:00:00:00:00:01	gPTP Pdelay_Req	seq=1396 li=0 spid=020000fffe0000010001
85.552278129	2	3c:c0:c6:fe:02:11	gPTP Pdelay_Resp	seq=1396 li=127 spid=3cc0c6fffefe02100001
85.553264955	2	3c:c0:c6:fe:02:11	gPTP Pdelay_Resp_Follow_Up	seq=1396 li=127 spid=3cc0c6fffefe02100001
85.569583866	2	3c:c0:c6:fe:02:11	gPTP Sync	seq=55411 li=-3 spid=3cc0c6fffefe02100001
85.570161083	2	3c:c0:c6:fe:02:11	gPTP Follow_Up	seq=55411 li=-3 spid=3cc0c6fffefe02100001
85.599872889	2	3c:c0:c6:fe:02:11	MVRP	
85.680398294	2	3c:c0:c6:fe:02:11	gPTP Sync	seq=55412 li=-3 spid=3cc0c6fffefe02100001
85.681145119	2	3c:c0:c6:fe:02:11	gPTP Follow_Up	seq=55412 li=-3 spid=3cc0c6fffefe02100001
85.810465671	2	3c:c0:c6:fe:02:11	gPTP Sync	seq=55413 li=-3 spid=3cc0c6fffefe02100001
85.811198097	2	3c:c0:c6:fe:02:11	gPTP Follow_Up	seq=55413 li=-3 spid=3cc0c6fffefe02100001
85.930372593	2	3c:c0:c6:fe:02:11	gPTP Sync	seq=55414 li=-3 spid=3cc0c6fffefe02100001
85.931095187	2	3c:c0:c6:fe:02:11	gPTP Follow_Up	seq=55414 li=-3 spid=3cc0c6fffefe02100001
85.939688631	2	3c:c0:c6:fe:02:11	ethertype 0x0027	
86.000606302	2	3c:c0:c6:fe:02:11	gPTP Announce	seq=63924 li=0 spid=3cc0c6fffefe02100001 gm=3cc0c6fffefe0210 p1=246 sr=0
86.060469539	2	3c:c0:c6:fe:02:11	gPTP Sync	seq=55415 li=-3 spid=3cc0c6fffefe02100001
86.061200164	2	3c:c0:c6:fe:02:11	gPTP Follow_Up	seq=55415 li=-3 spid=3cc0c6fffefe02100001
86.180382660	2	3c:c0:c6:fe:02:11	gPTP Sync	seq=55416 li=-3 spid=3cc0c6fffefe02100001
86.181120270	2	3c:c0:c6:fe:02:11	gPTP Follow_Up	seq=55416 li=-3 spid=3cc0c6fffefe02100001
86.250301777	2	3c:c0:c6:fe:02:11	gPTP Pdelay_Req	seq=1489 li=0 spid=3cc0c6fffefe02100001
86.250312785	3	02:00:00:00:00:01	gPTP Pdelay_Resp	seq=1489 li=127 spid=020000fffe0000010001
86.250320345	3	02:00:00:00:00:01	gPTP Pdelay_Resp_Follow_Up	seq=1489 li=127 spid=020000fffe0000010001
86.310404246	2	3c:c0:c6:fe:02:11	gPTP Sync	seq=55417 li=-3 spid=3cc0c6fffefe02100001
86.311140256	2	3c:c0:c6:fe:02:11	gPTP Follow_Up	seq=55417 li=-3 spid=3cc0c6fffefe02100001
86.351522015	3	02:00:00:00:00:01	MSRP	
86.430390336	2	3c:c0:c6:fe:02:11	gPTP Sync	seq=55418 li=-3 spid=3cc0c6fffefe02100001
86.431125346	2	3c:c0:c6:fe:02:11	gPTP Follow_Up	seq=55418 li=-3 spid=3cc0c6fffefe02100001
86.551525277	3	02:00:00:00:00:01	gPTP Pdelay_Req	seq=1397 li=0 spid=020000fffe0000010001
86.552278062	2	3c:c0:c6:fe:02:11	gPTP Pdelay_Resp	seq=1397 li=127 spid=3cc0c6fffefe02100001
86.553261465	2	3c:c0:c6:fe:02:11	gPTP Pdelay_Resp_Follow_Up	seq=1397 li=127 spid=3cc0c6fffefe02100001
86.569591791	2	3c:c0:c6:fe:02:11	gPTP Sync	seq=55419 li=-3 spid=3cc0c6fffefe02100001
86.570167800	2	3c:c0:c6:fe:02:11	gPTP Follow_Up	seq=55419 li=-3 spid=3cc0c6fffefe02100001
86.599644406	2	3c:c0:c6:fe:02:11	MVRP	
86.680435411	2	3c:c0:c6:fe:02:11	gPTP Sync	seq=55420 li=-3 spid=3cc0c6fffefe02100001
86.681184213	2	3c:c0:c6:fe:02:11	gPTP Follow_Up	seq=55420 li=-3 spid=3cc0c6fffefe02100001
86.810467205	2	3c:c0:c6:fe:02:11	gPTP Sync	seq=55421 li=-3 spid=3cc0c6fffefe02100001
86.811200999	2	3c:c0:c6:fe:02:11	gPTP Follow_Up	seq=55421 li=-3 spid=3cc0c6fffefe02100001
86.930344488	2	3c:c0:c6:fe:02:11	gPTP Sync	seq=55422 li=-3 spid=3cc0c6fffefe02100001
86.931064081	2	3c:c0:c6:fe:02:11	gPTP Follow_Up	seq=55422 li=-3 spid=3cc0c6fffefe02100001
87.000639229	2	3c:c0:c6:fe:02:11	gPTP Announce	seq=63925 li=0 spid=3cc0c6fffefe02100001 gm=3cc0c6fffefe0210 p1=246 sr=0
87.060452666	2	3c:c0:c6:fe:02:11	gPTP Sync	seq=55423 li=-3 spid=3cc0c6fffefe02100001
87.061180676	2	3c:c0:c6:fe:02:11	gPTP Follow_Up	seq=55423 li=-3 spid=3cc0c6fffefe02100001
87.180386181	2	3c:c0:c6:fe:02:11	gPTP Sync	seq=55424 li=-3 spid=3cc0c6fffefe02100001
87.181118983	2	3c:c0:c6:fe:02:11	gPTP Follow_Up	seq=55424 li=-3 spid=3cc0c6fffefe02100001
87.250309682	2	3c:c0:c6:fe:02:11	gPTP Pdelay_Req	seq=1490 li=0 spid=3cc0c6fffefe02100001
87.250320682	3	02:00:00:00:00:01	gPTP Pdelay_Resp	seq=1490 li=127 spid=020000fffe0000010001
87.250328242	3	02:00:00:00:00:01	gPTP Pdelay_Resp_Follow_Up	seq=1490 li=127 spid=020000fffe0000010001
87.252496319	2	3c:c0:c6:01:02:03	ADP	eid=3cc0c60102030000 gm=3cc0c6fffefe0210
87.293521679	3	02:00:00:00:00:01	MAAP	
87.310442967	2	3c:c0:c6:fe:02:11	gPTP Sync	seq=55425 li=-3 spid=3cc0c6fffefe02100001
87.311182169	2	3c:c0:c6:fe:02:11	gPTP Follow_Up	seq=55425 li=-3 spid=3cc0c6fffefe02100001
87.351524336	3	02:00:00:00:00:01	MSRP	
87.430358650	2	3c:c0:c6:fe:02:11	gPTP Sync	seq=55426 li=-3 spid=3cc0c6fffefe02100001
87.431094275	2	3c:c0:c6:fe:02:11	gPTP Follow_Up	seq=55426 li=-3 spid=3cc0c6fffefe02100001
87.551527591	3	02:00:00:00:00:01	gPTP Pdelay_Req	seq=1398 li=0 spid=020000fffe0000010001
87.552286769	2	3c:c0:c6:fe:02:11	gPTP Pdelay_Resp	seq=1398 li=127 spid=3cc0c6fffefe02100001
87.553275195	2	3c:c0:c6:fe:02:11	gPTP Pdelay_Resp_Follow_Up	seq=1398 li=127 spid=3cc0c6fffefe02100001
87.569603282	2	3c:c0:c6:fe:02:11	gPTP Sync	seq=55427 li=-3 spid=3cc0c6fffefe02100001
87.570184091	2	3c:c0:c6:fe:02:11	gPTP Follow_Up	seq=55427 li=-3 spid=3cc0c6fffefe02100001
87.599889529	2	3c:c0:c6:fe:02:11	MVRP	
87.680451351	2	3c:c0:c6:fe:02:11	gPTP Sync	seq=55428 li=-3 spid=3cc0c6fffefe02100001
87.681195361	2	3c:c0:c6:fe:02:11	gPTP Follow_Up	seq=55428 li=-3 spid=3cc0c6fffefe02100001
87.810467913	2	3c:c0:c6:fe:02:11	gPTP Sync	seq=55429 li=-3 spid=3cc0c6fffefe02100001
87.811200723	2	3c:c0:c6:fe:02:11	gPTP Follow_Up	seq=55429 li=-3 spid=3cc0c6fffefe02100001
87.894651367	2	68:05:ca:95:b2:ed	AECP	
87.894683183	3	02:00:00:00:00:01	AECP	
87.894851336	2	68:05:ca:95:b2:ed	AECP	
87.894879504	3	02:00:00:00:00:01	AECP	
87.930349619	2	3c:c0:c6:fe:02:11	gPTP Sync	seq=55430 li=-3 spid=3cc0c6fffefe02100001
87.931068021	2	3c:c0:c6:fe:02:11	gPTP Follow_Up	seq=55430 li=-3 spid=3cc0c6fffefe02100001
87.939702105	2	3c:c0:c6:fe:02:11	ethertype 0x0027	
88.000645345	2	3c:c0:c6:fe:02:11	gPTP Announce	seq=63926 li=0 spid=3cc0c6fffefe02100001 gm=3cc0c6fffefe0210 p1=246 sr=0
88.060457798	2	3c:c0:c6:fe:02:11	gPTP Sync	seq=55431 li=-3 spid=3cc0c6fffefe02100001
88.061188999	2	3c:c0:c6:fe:02:11	gPTP Follow_Up	seq=55431 li=-3 spid=3cc0c6fffefe02100001
88.180423304	2	3c:c0:c6:fe:02:11	gPTP Sync	seq=55432 li=-3 spid=3cc0c6fffefe02100001
88.181158322	2	3c:c0:c6:fe:02:11	gPTP Follow_Up	seq=55432 li=-3 spid=3cc0c6fffefe02100001
88.250318013	2	3c:c0:c6:fe:02:11	gPTP Pdelay_Req	seq=1491 li=0 spid=3cc0c6fffefe02100001
88.250329013	3	02:00:00:00:00:01	gPTP Pdelay_Resp	seq=1491 li=127 spid=020000fffe0000010001
88.250336573	3	02:00:00:00:00:01	gPTP Pdelay_Resp_Follow_Up	seq=1491 li=127 spid=020000fffe0000010001
88.310423482	2	3c:c0:c6:fe:02:11	gPTP Sync	seq=55433 li=-3 spid=3cc0c6fffefe02100001
88.311158884	2	3c:c0:c6:fe:02:11	gPTP Follow_Up	seq=55433 li=-3 spid=3cc0c6fffefe02100001
88.351526651	3	02:00:00:00:00:01	MSRP	
88.430366981	2	3c:c0:c6:fe:02:11	gPTP Sync	seq=55434 li=-3 spid=3cc0c6fffefe02100001
88.431102598	2	3c:c0:c6:fe:02:11	gPTP Follow_Up	seq=55434 li=-3 spid=3cc0c6fffefe02100001
88.551529906	3	02:00:00:00:00:01	gPTP Pdelay_Req	seq=1399 li=0 spid=020000fffe0000010001
88.552281308	2	3c:c0:c6:fe:02:11	gPTP Pdelay_Resp	seq=1399 li=127 spid=3cc0c6fffefe02100001
88.553270110	2	3c:c0:c6:fe:02:11	gPTP Pdelay_Resp_Follow_Up	seq=1399 li=127 spid=3cc0c6fffefe02100001
88.569606237	2	3c:c0:c6:fe:02:11	gPTP Sync	seq=55435 li=-3 spid=3cc0c6fffefe02100001
88.570185438	2	3c:c0:c6:fe:02:11	gPTP Follow_Up	seq=55435 li=-3 spid=3cc0c6fffefe02100001
88.599712859	2	3c:c0:c6:fe:02:11	MVRP	
88.680421665	2	3c:c0:c6:fe:02:11	gPTP Sync	seq=55436 li=-3 spid=3cc0c6fffefe02100001
88.681168867	2	3c:c0:c6:fe:02:11	gPTP Follow_Up	seq=55436 li=-3 spid=3cc0c6fffefe02100001
88.810483859	2	3c:c0:c6:fe:02:11	gPTP Sync	seq=55437 li=-3 spid=3cc0c6fffefe02100001
88.811216629	2	3c:c0:c6:fe:02:11	gPTP Follow_Up	seq=55437 li=-3 spid=3cc0c6fffefe02100001
88.930354357	2	3c:c0:c6:fe:02:11	gPTP Sync	seq=55438 li=-3 spid=3cc0c6fffefe02100001
88.931069951	2	3c:c0:c6:fe:02:11	gPTP Follow_Up	seq=55438 li=-3 spid=3cc0c6fffefe02100001
89.000646282	2	3c:c0:c6:fe:02:11	gPTP Announce	seq=63927 li=0 spid=3cc0c6fffefe02100001 gm=3cc0c6fffefe0210 p1=246 sr=0
89.060468326	2	3c:c0:c6:fe:02:11	gPTP Sync	seq=55439 li=-3 spid=3cc0c6fffefe02100001
89.061201136	2	3c:c0:c6:fe:02:11	gPTP Follow_Up	seq=55439 li=-3 spid=3cc0c6fffefe02100001
89.180406608	2	3c:c0:c6:fe:02:11	gPTP Sync	seq=55440 li=-3 spid=3cc0c6fffefe02100001
89.181138834	2	3c:c0:c6:fe:02:11	gPTP Follow_Up	seq=55440 li=-3 spid=3cc0c6fffefe02100001
89.250320956	2	3c:c0:c6:fe:02:11	gPTP Pdelay_Req	seq=1492 li=0 spid=3cc0c6fffefe02100001
89.250331956	3	02:00:00:00:00:01	gPTP Pdelay_Resp	seq=1492 li=127 spid=020000fffe0000010001
89.250339516	3	02:00:00:00:00:01	gPTP Pdelay_Resp_Follow_Up	seq=1492 li=127 spid=020000fffe0000010001
89.310426402	2	3c:c0:c6:fe:02:11	gPTP Sync	seq=55441 li=-3 spid=3cc0c6fffefe02100001
89.311163011	2	3c:c0:c6:fe:02:11	gPTP Follow_Up	seq=55441 li=-3 spid=3cc0c6fffefe02100001
89.351528946	3	02:00:00:00:00:01	MSRP	
89.430374915	2	3c:c0:c6:fe:02:11	gPTP Sync	seq=55442 li=-3 spid=3cc0c6fffefe02100001
89.431110317	2	3c:c0:c6:fe:02:11	gPTP Follow_Up	seq=55442 li=-3 spid=3cc0c6fffefe02100001
89.551532216	3	02:00:00:00:00:01	gPTP Pdelay_Req	seq=1400 li=0 spid=020000fffe0000010001
89.552340826	2	3c:c0:c6:fe:02:11	gPTP Pdelay_Resp	seq=1400 li=127 spid=3cc0c6fffefe02100001
89.553329628	2	3c:c0:c6:fe:02:11	gPTP Pdelay_Resp_Follow_Up	seq=1400 li=127 spid=3cc0c6fffefe02100001
89.569613562	2	3c:c0:c6:fe:02:11	gPTP Sync	seq=55443 li=-3 spid=3cc0c6fffefe02100001
89.570193148	2	3c:c0:c6:fe:02:11	gPTP Follow_Up	seq=55443 li=-3 spid=3cc0c6fffefe02100001
89.599896577	2	3c:c0:c6:fe:02:11	MVRP	
89.680462591	2	3c:c0:c6:fe:02:11	gPTP Sync	seq=55444 li=-3 spid=3cc0c6fffefe02100001
89.681209792	2	3c:c0:c6:fe:02:11	gPTP Follow_Up	seq=55444 li=-3 spid=3cc0c6fffefe02100001
89.810492553	2	3c:c0:c6:fe:02:11	gPTP Sync	seq=55445 li=-3 spid=3cc0c6fffefe02100001
89.811225970	2	3c:c0:c6:fe:02:11	gPTP Follow_Up	seq=55445 li=-3 spid=3cc0c6fffefe02100001
89.930365267	2	3c:c0:c6:fe:02:11	gPTP Sync	seq=55446 li=-3 spid=3cc0c6fffefe02100001
89.931084661	2	3c:c0:c6:fe:02:11	gPTP Follow_Up	seq=55446 li=-3 spid=3cc0c6fffefe02100001
89.939717113	2	3c:c0:c6:fe:02:11	ethertype 0x0027	
90.000684000	2	3c:c0:c6:fe:02:11	gPTP Announce	seq=63928 li=0 spid=3cc0c6fffefe02100001 gm=3cc0c6fffefe0210 p1=246 sr=0
90.060506437	2	3c:c0:c6:fe:02:11	gPTP Sync	seq=55447 li=-3 spid=3cc0c6fffefe02100001
90.061242439	2	3c:c0:c6:fe:02:11	gPTP Follow_Up	seq=55447 li=-3 spid=3cc0c6fffefe02100001
90.180409544	2	3c:c0:c6:fe:02:11	gPTP Sync	seq=55448 li=-3 spid=3cc0c6fffefe02100001
90.181143345	2	3c:c0:c6:fe:02:11	gPTP Follow_Up	seq=55448 li=-3 spid=3cc0c6fffefe02100001
90.250333076	2	3c:c0:c6:fe:02:11	gPTP Pdelay_Req	seq=1493 li=0 spid=3cc0c6fffefe02100001
90.250344084	3	02:00:00:00:00:01	gPTP Pdelay_Resp	seq=1493 li=127 spid=020000fffe0000010001
90.250351644	3	02:00:00:00:00:01	gPTP Pdelay_Resp_Follow_Up	seq=1493 li=127 spid=020000fffe0000010001
90.310456730	2	3c:c0:c6:fe:02:11	gPTP Sync	seq=55449 li=-3 spid=3cc0c6fffefe02100001
90.311193732	2	3c:c0:c6:fe:02:11	gPTP Follow_Up	seq=55449 li=-3 spid=3cc0c6fffefe02100001
90.351531283	3	02:00:00:00:00:01	MSRP	
90.430378436	2	3c:c0:c6:fe:02:11	gPTP Sync	seq=55450 li=-3 spid=3cc0c6fffefe02100001
90.431117638	2	3c:c0:c6:fe:02:11	gPTP Follow_Up	seq=55450 li=-3 spid=3cc0c6fffefe02100001
90.464529021	3	02:00:00:00:00:01	MAAP	
90.551534538	3	02:00:00:00:00:01	gPTP Pdelay_Req	seq=1401 li=0 spid=020000fffe0000010001
90.552314940	2	3c:c0:c6:fe:02:11	gPTP Pdelay_Resp	seq=1401 li=127 spid=3cc0c6fffefe02100001
90.553302142	2	3c:c0:c6:fe:02:11	gPTP Pdelay_Resp_Follow_Up	seq=1401 li=127 spid=3cc0c6fffefe02100001
90.569624476	2	3c:c0:c6:fe:02:11	gPTP Sync	seq=55451 li=-3 spid=3cc0c6fffefe02100001
90.570202686	2	3c:c0:c6:fe:02:11	gPTP Follow_Up	seq=55451 li=-3 spid=3cc0c6fffefe02100001
90.599746491	2	3c:c0:c6:fe:02:11	MVRP	
90.680434105	2	3c:c0:c6:fe:02:11	gPTP Sync	seq=55452 li=-3 spid=3cc0c6fffefe02100001
90.681178691	2	3c:c0:c6:fe:02:11	gPTP Follow_Up	seq=55452 li=-3 spid=3cc0c6fffefe02100001
90.810496076	2	3c:c0:c6:fe:02:11	gPTP Sync	seq=55453 li=-3 spid=3cc0c6fffefe02100001
90.811225301	2	3c:c0:c6:fe:02:11	gPTP Follow_Up	seq=55453 li=-3 spid=3cc0c6fffefe02100001
90.930374198	2	3c:c0:c6:fe:02:11	gPTP Sync	seq=55454 li=-3 spid=3cc0c6fffefe02100001
90.931092983	2	3c:c0:c6:fe:02:11	gPTP Follow_Up	seq=55454 li=-3 spid=3cc0c6fffefe02100001
91.000643715	2	3c:c0:c6:fe:02:11	gPTP Announce	seq=63929 li=0 spid=3cc0c6fffefe02100001 gm=3cc0c6fffefe0210 p1=246 sr=0
91.060507368	2	3c:c0:c6:fe:02:11	gPTP Sync	seq=55455 li=-3 spid=3cc0c6fffefe02100001
91.061239562	2	3c:c0:c6:fe:02:11	gPTP Follow_Up	seq=55455 li=-3 spid=3cc0c6fffefe02100001
91.180450858	2	3c:c0:c6:fe:02:11	gPTP Sync	seq=55456 li=-3 spid=3cc0c6fffefe02100001
91.181183668	2	3c:c0:c6:fe:02:11	gPTP Follow_Up	seq=55456 li=-3 spid=3cc0c6fffefe02100001
91.239792494	2	3c:c0:c6:fe:02:11	MVRP	
91.250386167	2	3c:c0:c6:fe:02:11	gPTP Pdelay_Req	seq=1494 li=0 spid=3cc0c6fffefe02100001
91.250397159	3	02:00:00:00:00:01	gPTP Pdelay_Resp	seq=1494 li=127 spid=020000fffe0000010001
91.250404719	3	02:00:00:00:00:01	gPTP Pdelay_Resp_Follow_Up	seq=1494 li=127 spid=020000fffe0000010001
91.253534438	3	02:00:00:00:00:01	ADP	eid=020000fffe000001 gm=3cc0c6fffefe0210
91.310462844	2	3c:c0:c6:fe:02:11	gPTP Sync	seq=55457 li=-3 spid=3cc0c6fffefe02100001
91.311199462	2	3c:c0:c6:fe:02:11	gPTP Follow_Up	seq=55457 li=-3 spid=3cc0c6fffefe02100001
91.351533597	3	02:00:00:00:00:01	MSRP	
91.430385543	2	3c:c0:c6:fe:02:11	gPTP Sync	seq=55458 li=-3 spid=3cc0c6fffefe02100001
91.431122152	2	3c:c0:c6:fe:02:11	gPTP Follow_Up	seq=55458 li=-3 spid=3cc0c6fffefe02100001
91.551536852	3	02:00:00:00:00:01	gPTP Pdelay_Req	seq=1402 li=0 spid=020000fffe0000010001
91.552326078	2	3c:c0:c6:fe:02:11	gPTP Pdelay_Resp	seq=1402 li=127 spid=3cc0c6fffefe02100001
91.553311072	2	3c:c0:c6:fe:02:11	gPTP Pdelay_Resp_Follow_Up	seq=1402 li=127 spid=3cc0c6fffefe02100001
91.569639806	2	3c:c0:c6:fe:02:11	gPTP Sync	seq=55459 li=-3 spid=3cc0c6fffefe02100001
91.570231200	2	3c:c0:c6:fe:02:11	gPTP Follow_Up	seq=55459 li=-3 spid=3cc0c6fffefe02100001
91.599916030	2	3c:c0:c6:fe:02:11	MVRP	
91.680446627	2	3c:c0:c6:fe:02:11	gPTP Sync	seq=55460 li=-3 spid=3cc0c6fffefe02100001
91.681193829	2	3c:c0:c6:fe:02:11	gPTP Follow_Up	seq=55460 li=-3 spid=3cc0c6fffefe02100001
91.810509205	2	3c:c0:c6:fe:02:11	gPTP Sync	seq=55461 li=-3 spid=3cc0c6fffefe02100001
91.811242615	2	3c:c0:c6:fe:02:11	gPTP Follow_Up	seq=55461 li=-3 spid=3cc0c6fffefe02100001
91.930377719	2	3c:c0:c6:fe:02:11	gPTP Sync	seq=55462 li=-3 spid=3cc0c6fffefe02100001
91.931096505	2	3c:c0:c6:fe:02:11	gPTP Follow_Up	seq=55462 li=-3 spid=3cc0c6fffefe02100001
91.939851582	2	3c:c0:c6:fe:02:10	ethertype 0x0800	
91.940059390	2	3c:c0:c6:fe:02:11	ethertype 0x0027	
92.000701413	2	3c:c0:c6:fe:02:11	gPTP Announce	seq=63930 li=0 spid=3cc0c6fffefe02100001 gm=3cc0c6fffefe0210 p1=246 sr=0
92.060489290	2	3c:c0:c6:fe:02:11	gPTP Sync	seq=55463 li=-3 spid=3cc0c6fffefe02100001
92.061217875	2	3c:c0:c6:fe:02:11	gPTP Follow_Up	seq=55463 li=-3 spid=3cc0c6fffefe02100001
92.180429172	2	3c:c0:c6:fe:02:11	gPTP Sync	seq=55464 li=-3 spid=3cc0c6fffefe02100001
92.181159189	2	3c:c0:c6:fe:02:11	gPTP Follow_Up	seq=55464 li=-3 spid=3cc0c6fffefe02100001
92.250344512	2	3c:c0:c6:fe:02:11	gPTP Pdelay_Req	seq=1495 li=0 spid=3cc0c6fffefe02100001
92.250355512	3	02:00:00:00:00:01	gPTP Pdelay_Resp	seq=1495 li=127 spid=020000fffe0000010001
92.250363072	3	02:00:00:00:00:01	gPTP Pdelay_Resp_Follow_Up	seq=1495 li=127 spid=020000fffe0000010001
92.310451774	2	3c:c0:c6:fe:02:11	gPTP Sync	seq=55465 li=-3 spid=3cc0c6fffefe02100001
92.311187175	2	3c:c0:c6:fe:02:11	gPTP Follow_Up	seq=55465 li=-3 spid=3cc0c6fffefe02100001
92.350279467	2	3c:c0:c6:fe:02:11	MSRP	
92.351537702	3	02:00:00:00:00:01	MSRP	
92.430395080	2	3c:c0:c6:fe:02:11	gPTP Sync	seq=55466 li=-3 spid=3cc0c6fffefe02100001
92.431133066	2	3c:c0:c6:fe:02:11	gPTP Follow_Up	seq=55466 li=-3 spid=3cc0c6fffefe02100001
92.450309631	2	3c:c0:c6:fe:02:11	MSRP	
92.550251178	2	3c:c0:c6:fe:02:11	MSRP	
92.551539173	3	02:00:00:00:00:01	gPTP Pdelay_Req	seq=1403 li=0 spid=020000fffe0000010001
92.552324183	2	3c:c0:c6:fe:02:11	gPTP Pdelay_Resp	seq=1403 li=127 spid=3cc0c6fffefe02100001
92.553308801	2	3c:c0:c6:fe:02:11	gPTP Pdelay_Resp_Follow_Up	seq=1403 li=127 spid=3cc0c6fffefe02100001
92.569642720	2	3c:c0:c6:fe:02:11	gPTP Sync	seq=55467 li=-3 spid=3cc0c6fffefe02100001
92.570221921	2	3c:c0:c6:fe:02:11	gPTP Follow_Up	seq=55467 li=-3 spid=3cc0c6fffefe02100001
92.599745150	2	3c:c0:c6:fe:02:11	MVRP	
92.680481148	2	3c:c0:c6:fe:02:11	gPTP Sync	seq=55468 li=-3 spid=3cc0c6fffefe02100001
92.681229350	2	3c:c0:c6:fe:02:11	gPTP Follow_Up	seq=55468 li=-3 spid=3cc0c6fffefe02100001
92.810506926	2	3c:c0:c6:fe:02:11	gPTP Sync	seq=55469 li=-3 spid=3cc0c6fffefe02100001
92.811240312	2	3c:c0:c6:fe:02:11	gPTP Follow_Up	seq=55469 li=-3 spid=3cc0c6fffefe02100001
92.894980973	2	68:05:ca:95:b2:ed	AECP	
92.895012853	3	02:00:00:00:00:01	AECP	
92.895164973	2	68:05:ca:95:b2:ed	AECP	
92.895192950	3	02:00:00:00:00:01	AECP	
92.930383216	2	3c:c0:c6:fe:02:11	gPTP Sync	seq=55470 li=-3 spid=3cc0c6fffefe02100001
92.931103226	2	3c:c0:c6:fe:02:11	gPTP Follow_Up	seq=55470 li=-3 spid=3cc0c6fffefe02100001
93.000672550	2	3c:c0:c6:fe:02:11	gPTP Announce	seq=63931 li=0 spid=3cc0c6fffefe02100001 gm=3cc0c6fffefe0210 p1=246 sr=0
93.060500994	2	3c:c0:c6:fe:02:11	gPTP Sync	seq=55471 li=-3 spid=3cc0c6fffefe02100001
93.061232812	2	3c:c0:c6:fe:02:11	gPTP Follow_Up	seq=55471 li=-3 spid=3cc0c6fffefe02100001
93.070113681	2	3c:c0:c6:01:02:03	ADP	eid=3cc0c60102030000 gm=3cc0c6fffefe0210
93.180431309	2	3c:c0:c6:fe:02:11	gPTP Sync	seq=55472 li=-3 spid=3cc0c6fffefe02100001
93.181168302	2	3c:c0:c6:fe:02:11	gPTP Follow_Up	seq=55472 li=-3 spid=3cc0c6fffefe02100001
93.250352633	2	3c:c0:c6:fe:02:11	gPTP Pdelay_Req	seq=1496 li=0 spid=3cc0c6fffefe02100001
93.250363617	3	02:00:00:00:00:01	gPTP Pdelay_Resp	seq=1496 li=127 spid=020000fffe0000010001
93.250371177	3	02:00:00:00:00:01	gPTP Pdelay_Resp_Follow_Up	seq=1496 li=127 spid=020000fffe0000010001
93.310481087	2	3c:c0:c6:fe:02:11	gPTP Sync	seq=55473 li=-3 spid=3cc0c6fffefe02100001
93.311214880	2	3c:c0:c6:fe:02:11	gPTP Follow_Up	seq=55473 li=-3 spid=3cc0c6fffefe02100001
93.351538231	3	02:00:00:00:00:01	MSRP	
93.430401761	2	3c:c0:c6:fe:02:11	gPTP Sync	seq=55474 li=-3 spid=3cc0c6fffefe02100001
93.431138794	2	3c:c0:c6:fe:02:11	gPTP Follow_Up	seq=55474 li=-3 spid=3cc0c6fffefe02100001
93.551541502	3	02:00:00:00:00:01	gPTP Pdelay_Req	seq=1404 li=0 spid=020000fffe0000010001
93.552294103	2	3c:c0:c6:fe:02:11	gPTP Pdelay_Resp	seq=1404 li=127 spid=3cc0c6fffefe02100001
93.553279714	2	3c:c0:c6:fe:02:11	gPTP Pdelay_Resp_Follow_Up	seq=1404 li=127 spid=3cc0c6fffefe02100001
93.569647832	2	3c:c0:c6:fe:02:11	gPTP Sync	seq=55475 li=-3 spid=3cc0c6fffefe02100001
93.570224410	2	3c:c0:c6:fe:02:11	gPTP Follow_Up	seq=55475 li=-3 spid=3cc0c6fffefe02100001
93.599999872	2	3c:c0:c6:fe:02:11	MVRP	
93.644536400	3	02:00:00:00:00:01	MAAP	
93.680456477	2	3c:c0:c6:fe:02:11	gPTP Sync	seq=55476 li=-3 spid=3cc0c6fffefe02100001
93.681203071	2	3c:c0:c6:fe:02:11	gPTP Follow_Up	seq=55476 li=-3 spid=3cc0c6fffefe02100001
93.810521647	2	3c:c0:c6:fe:02:11	gPTP Sync	seq=55477 li=-3 spid=3cc0c6fffefe02100001
93.811255441	2	3c:c0:c6:fe:02:11	gPTP Follow_Up	seq=55477 li=-3 spid=3cc0c6fffefe02100001
93.930397937	2	3c:c0:c6:fe:02:11	gPTP Sync	seq=55478 li=-3 spid=3cc0c6fffefe02100001
93.931117939	2	3c:c0:c6:fe:02:11	gPTP Follow_Up	seq=55478 li=-3 spid=3cc0c6fffefe02100001
93.939748823	2	3c:c0:c6:fe:02:11	ethertype 0x0027	
94.000672446	2	3c:c0:c6:fe:02:11	gPTP Announce	seq=63932 li=0 spid=3cc0c6fffefe02100001 gm=3cc0c6fffefe0210 p1=246 sr=0
94.060523715	2	3c:c0:c6:fe:02:11	gPTP Sync	seq=55479 li=-3 spid=3cc0c6fffefe02100001
94.061252325	2	3c:c0:c6:fe:02:11	gPTP Follow_Up	seq=55479 li=-3 spid=3cc0c6fffefe02100001
94.180465829	2	3c:c0:c6:fe:02:11	gPTP Sync	seq=55480 li=-3 spid=3cc0c6fffefe02100001
94.181198639	2	3c:c0:c6:fe:02:11	gPTP Follow_Up	seq=55480 li=-3 spid=3cc0c6fffefe02100001
94.250436754	2	3c:c0:c6:fe:02:11	gPTP Pdelay_Req	seq=1497 li=0 spid=3cc0c6fffefe02100001
94.250447754	3	02:00:00:00:00:01	gPTP Pdelay_Resp	seq=1497 li=127 spid=020000fffe0000010001
94.250455306	3	02:00:00:00:00:01	gPTP Pdelay_Resp_Follow_Up	seq=1497 li=127 spid=020000fffe0000010001
94.310535191	2	3c:c0:c6:fe:02:11	gPTP Sync	seq=55481 li=-3 spid=3cc0c6fffefe02100001
94.311271809	2	3c:c0:c6:fe:02:11	gPTP Follow_Up	seq=55481 li=-3 spid=3cc0c6fffefe02100001
94.351540560	3	02:00:00:00:00:01	MSRP	
94.430405281	2	3c:c0:c6:fe:02:11	gPTP Sync	seq=55482 li=-3 spid=3cc0c6fffefe02100001
94.431139683	2	3c:c0:c6:fe:02:11	gPTP Follow_Up	seq=55482 li=-3 spid=3cc0c6fffefe02100001
94.551543822	3	02:00:00:00:00:01	gPTP Pdelay_Req	seq=1405 li=0 spid=020000fffe0000010001
94.552302416	2	3c:c0:c6:fe:02:11	gPTP Pdelay_Resp	seq=1405 li=127 spid=3cc0c6fffefe02100001
94.553289019	2	3c:c0:c6:fe:02:11	gPTP Pdelay_Resp_Follow_Up	seq=1405 li=127 spid=3cc0c6fffefe02100001
94.569652337	2	3c:c0:c6:fe:02:11	gPTP Sync	seq=55483 li=-3 spid=3cc0c6fffefe02100001
94.570227930	2	3c:c0:c6:fe:02:11	gPTP Follow_Up	seq=55483 li=-3 spid=3cc0c6fffefe02100001
94.599757368	2	3c:c0:c6:fe:02:11	MVRP	
94.680479574	2	3c:c0:c6:fe:02:11	gPTP Sync	seq=55484 li=-3 spid=3cc0c6fffefe02100001
94.681226360	2	3c:c0:c6:fe:02:11	gPTP Follow_Up	seq=55484 li=-3 spid=3cc0c6fffefe02100001
94.810536360	2	3c:c0:c6:fe:02:11	gPTP Sync	seq=55485 li=-3 spid=3cc0c6fffefe02100001
94.811266953	2	3c:c0:c6:fe:02:11	gPTP Follow_Up	seq=55485 li=-3 spid=3cc0c6fffefe02100001
94.930399850	2	3c:c0:c6:fe:02:11	gPTP Sync	seq=55486 li=-3 spid=3cc0c6fffefe02100001
94.931115667	2	3c:c0:c6:fe:02:11	gPTP Follow_Up	seq=55486 li=-3 spid=3cc0c6fffefe02100001
95.000666367	2	3c:c0:c6:fe:02:11	gPTP Announce	seq=63933 li=0 spid=3cc0c6fffefe02100001 gm=3cc0c6fffefe0210 p1=246 sr=0
95.060515036	2	3c:c0:c6:fe:02:11	gPTP Sync	seq=55487 li=-3 spid=3cc0c6fffefe02100001
95.061247238	2	3c:c0:c6:fe:02:11	gPTP Follow_Up	seq=55487 li=-3 spid=3cc0c6fffefe02100001
95.180468134	2	3c:c0:c6:fe:02:11	gPTP Sync	seq=55488 li=-3 spid=3cc0c6fffefe02100001
95.181201544	2	3c:c0:c6:fe:02:11	gPTP Follow_Up	seq=55488 li=-3 spid=3cc0c6fffefe02100001
95.250366642	2	3c:c0:c6:fe:02:11	gPTP Pdelay_Req	seq=1498 li=0 spid=3cc0c6fffefe02100001
95.250377634	3	02:00:00:00:00:01	gPTP Pdelay_Resp	seq=1498 li=127 spid=020000fffe0000010001
95.250385194	3	02:00:00:00:00:01	gPTP Pdelay_Resp_Follow_Up	seq=1498 li=127 spid=020000fffe0000010001
95.310474712	2	3c:c0:c6:fe:02:11	gPTP Sync	seq=55489 li=-3 spid=3cc0c6fffefe02100001
95.311212314	2	3c:c0:c6:fe:02:11	gPTP Follow_Up	seq=55489 li=-3 spid=3cc0c6fffefe02100001
95.351542896	3	02:00:00:00:00:01	MSRP	
95.430421626	2	3c:c0:c6:fe:02:11	gPTP Sync	seq=55490 li=-3 spid=3cc0c6fffefe02100001
95.431158020	2	3c:c0:c6:fe:02:11	gPTP Follow_Up	seq=55490 li=-3 spid=3cc0c6fffefe02100001
95.551546151	3	02:00:00:00:00:01	gPTP Pdelay_Req	seq=1406 li=0 spid=020000fffe0000010001
95.552301137	2	3c:c0:c6:fe:02:11	gPTP Pdelay_Resp	seq=1406 li=127 spid=3cc0c6fffefe02100001
95.553292539	2	3c:c0:c6:fe:02:11	gPTP Pdelay_Resp_Follow_Up	seq=1406 li=127 spid=3cc0c6fffefe02100001
95.569659665	2	3c:c0:c6:fe:02:11	gPTP Sync	seq=55491 li=-3 spid=3cc0c6fffefe02100001
95.570235675	2	3c:c0:c6:fe:02:11	gPTP Follow_Up	seq=55491 li=-3 spid=3cc0c6fffefe02100001
95.599947097	2	3c:c0:c6:fe:02:11	MVRP	
95.680526294	2	3c:c0:c6:fe:02:11	gPTP Sync	seq=55492 li=-3 spid=3cc0c6fffefe02100001
95.681278904	2	3c:c0:c6:fe:02:11	gPTP Follow_Up	seq=55492 li=-3 spid=3cc0c6fffefe02100001
95.810536072	2	3c:c0:c6:fe:02:11	gPTP Sync	seq=55493 li=-3 spid=3cc0c6fffefe02100001
95.811266890	2	3c:c0:c6:fe:02:11	gPTP Follow_Up	seq=55493 li=-3 spid=3cc0c6fffefe02100001
95.840456679	2	3c:c0:c6:fe:02:10	ethertype 0x0800	
95.930404970	2	3c:c0:c6:fe:02:11	gPTP Sync	seq=55494 li=-3 spid=3cc0c6fffefe02100001
95.931119764	2	3c:c0:c6:fe:02:11	gPTP Follow_Up	seq=55494 li=-3 spid=3cc0c6fffefe02100001
95.939763256	2	3c:c0:c6:fe:02:11	ethertype 0x0027	
96.000692703	2	3c:c0:c6:fe:02:11	gPTP Announce	seq=63934 li=0 spid=3cc0c6fffefe02100001 gm=3cc0c6fffefe0210 p1=246 sr=0
96.060519140	2	3c:c0:c6:fe:02:11	gPTP Sync	seq=55495 li=-3 spid=3cc0c6fffefe02100001
96.061243942	2	3c:c0:c6:fe:02:11	gPTP Follow_Up	seq=55495 li=-3 spid=3cc0c6fffefe02100001
96.180485062	2	3c:c0:c6:fe:02:11	gPTP Sync	seq=55496 li=-3 spid=3cc0c6fffefe02100001
96.181215664	2	3c:c0:c6:fe:02:11	gPTP Follow_Up	seq=55496 li=-3 spid=3cc0c6fffefe02100001
96.250375987	2	3c:c0:c6:fe:02:11	gPTP Pdelay_Req	seq=1499 li=0 spid=3cc0c6fffefe02100001
96.250386995	3	02:00:00:00:00:01	gPTP Pdelay_Resp	seq=1499 li=127 spid=020000fffe0000010001
96.250394555	3	02:00:00:00:00:01	gPTP Pdelay_Resp_Follow_Up	seq=1499 li=127 spid=020000fffe0000010001
96.310502232	2	3c:c0:c6:fe:02:11	gPTP Sync	seq=55497 li=-3 spid=3cc0c6fffefe02100001
96.311237858	2	3c:c0:c6:fe:02:11	gPTP Follow_Up	seq=55497 li=-3 spid=3cc0c6fffefe02100001
96.351545209	3	02:00:00:00:00:01	MSRP	
96.430426146	2	3c:c0:c6:fe:02:11	gPTP Sync	seq=55498 li=-3 spid=3cc0c6fffefe02100001
96.431159940	2	3c:c0:c6:fe:02:11	gPTP Follow_Up	seq=55498 li=-3 spid=3cc0c6fffefe02100001
96.551548471	3	02:00:00:00:00:01	gPTP Pdelay_Req	seq=1407 li=0 spid=020000fffe0000010001
96.552303665	2	3c:c0:c6:fe:02:11	gPTP Pdelay_Resp	seq=1407 li=127 spid=3cc0c6fffefe02100001
96.553295067	2	3c:c0:c6:fe:02:11	gPTP Pdelay_Resp_Follow_Up	seq=1407 li=127 spid=3cc0c6fffefe02100001
96.569669594	2	3c:c0:c6:fe:02:11	gPTP Sync	seq=55499 li=-3 spid=3cc0c6fffefe02100001
96.570247803	2	3c:c0:c6:fe:02:11	gPTP Follow_Up	seq=55499 li=-3 spid=3cc0c6fffefe02100001
96.599733017	2	3c:c0:c6:fe:02:11	MVRP	
96.680511831	2	3c:c0:c6:fe:02:11	gPTP Sync	seq=55500 li=-3 spid=3cc0c6fffefe02100001
96.681255841	2	3c:c0:c6:fe:02:11	gPTP Follow_Up	seq=55500 li=-3 spid=3cc0c6fffefe02100001
96.810537001	2	3c:c0:c6:fe:02:11	gPTP Sync	seq=55501 li=-3 spid=3cc0c6fffefe02100001
96.811266610	2	3c:c0:c6:fe:02:11	gPTP Follow_Up	seq=55501 li=-3 spid=3cc0c6fffefe02100001
96.930417107	2	3c:c0:c6:fe:02:11	gPTP Sync	seq=55502 li=-3 spid=3cc0c6fffefe02100001
96.931133300	2	3c:c0:c6:fe:02:11	gPTP Follow_Up	seq=55502 li=-3 spid=3cc0c6fffefe02100001
96.996544174	3	02:00:00:00:00:01	MAAP	
97.000687808	2	3c:c0:c6:fe:02:11	gPTP Announce	seq=63935 li=0 spid=3cc0c6fffefe02100001 gm=3cc0c6fffefe0210 p1=246 sr=0
97.060525893	2	3c:c0:c6:fe:02:11	gPTP Sync	seq=55503 li=-3 spid=3cc0c6fffefe02100001
97.061252262	2	3c:c0:c6:fe:02:11	gPTP Follow_Up	seq=55503 li=-3 spid=3cc0c6fffefe02100001
97.180515783	2	3c:c0:c6:fe:02:11	gPTP Sync	seq=55504 li=-3 spid=3cc0c6fffefe02100001
97.181245393	2	3c:c0:c6:fe:02:11	gPTP Follow_Up	seq=55504 li=-3 spid=3cc0c6fffefe02100001
97.250385907	2	3c:c0:c6:fe:02:11	gPTP Pdelay_Req	seq=1500 li=0 spid=3cc0c6fffefe02100001
97.250396915	3	02:00:00:00:00:01	gPTP Pdelay_Resp	seq=1500 li=127 spid=020000fffe0000010001
97.250404475	3	02:00:00:00:00:01	gPTP Pdelay_Resp_Follow_Up	seq=1500 li=127 spid=020000fffe0000010001
97.310489337	2	3c:c0:c6:fe:02:11	gPTP Sync	seq=55505 li=-3 spid=3cc0c6fffefe02100001
97.311227354	2	3c:c0:c6:fe:02:11	gPTP Follow_Up	seq=55505 li=-3 spid=3cc0c6fffefe02100001
97.351547529	3	02:00:00:00:00:01	MSRP	
97.430432251	2	3c:c0:c6:fe:02:11	gPTP Sync	seq=55506 li=-3 spid=3cc0c6fffefe02100001
97.431169860	2	3c:c0:c6:fe:02:11	gPTP Follow_Up	seq=55506 li=-3 spid=3cc0c6fffefe02100001
97.551550784	3	02:00:00:00:00:01	gPTP Pdelay_Req	seq=1408 li=0 spid=020000fffe0000010001
97.552303377	2	3c:c0:c6:fe:02:11	gPTP Pdelay_Resp	seq=1408 li=127 spid=3cc0c6fffefe02100001
97.553288988	2	3c:c0:c6:fe:02:11	gPTP Pdelay_Resp_Follow_Up	seq=1408 li=127 spid=3cc0c6fffefe02100001
97.569676882	2	3c:c0:c6:fe:02:11	gPTP Sync	seq=55507 li=-3 spid=3cc0c6fffefe02100001
97.570256124	2	3c:c0:c6:fe:02:11	gPTP Follow_Up	seq=55507 li=-3 spid=3cc0c6fffefe02100001
97.599948313	2	3c:c0:c6:fe:02:11	MVRP	
97.680563351	2	3c:c0:c6:fe:02:11	gPTP Sync	seq=55508 li=-3 spid=3cc0c6fffefe02100001
97.681307353	2	3c:c0:c6:fe:02:11	gPTP Follow_Up	seq=55508 li=-3 spid=3cc0c6fffefe02100001
97.810554313	2	3c:c0:c6:fe:02:11	gPTP Sync	seq=55509 li=-3 spid=3cc0c6fffefe02100001
97.811281323	2	3c:c0:c6:fe:02:11	gPTP Follow_Up	seq=55509 li=-3 spid=3cc0c6fffefe02100001
97.894974944	2	68:05:ca:95:b2:ed	AECP	
97.895007344	3	02:00:00:00:00:01	AECP	
97.895150944	2	68:05:ca:95:b2:ed	AECP	
97.895179104	3	02:00:00:00:00:01	AECP	
97.930424812	2	3c:c0:c6:fe:02:11	gPTP Sync	seq=55510 li=-3 spid=3cc0c6fffefe02100001
97.931142837	2	3c:c0:c6:fe:02:11	gPTP Follow_Up	seq=55510 li=-3 spid=3cc0c6fffefe02100001
97.939777682	2	3c:c0:c6:fe:02:11	ethertype 0x0027	
98.000700929	2	3c:c0:c6:fe:02:11	gPTP Announce	seq=63936 li=0 spid=3cc0c6fffefe02100001 gm=3cc0c6fffefe0210 p1=246 sr=0
98.060556990	2	3c:c0:c6:fe:02:11	gPTP Sync	seq=55511 li=-3 spid=3cc0c6fffefe02100001
98.061283016	2	3c:c0:c6:fe:02:11	gPTP Follow_Up	seq=55511 li=-3 spid=3cc0c6fffefe02100001
98.180423305	2	3c:c0:c6:fe:02:11	gPTP Sync	seq=55512 li=-3 spid=3cc0c6fffefe02100001
98.181148106	2	3c:c0:c6:fe:02:11	gPTP Follow_Up	seq=55512 li=-3 spid=3cc0c6fffefe02100001
98.250406006	2	3c:c0:c6:fe:02:11	gPTP Pdelay_Req	seq=1501 li=0 spid=3cc0c6fffefe02100001
98.250416990	3	02:00:00:00:00:01	gPTP Pdelay_Resp	seq=1501 li=127 spid=020000fffe0000010001
98.250424550	3	02:00:00:00:00:01	gPTP Pdelay_Resp_Follow_Up	seq=1501 li=127 spid=020000fffe0000010001
98.310499675	2	3c:c0:c6:fe:02:11	gPTP Sync	seq=55513 li=-3 spid=3cc0c6fffefe02100001
98.311234077	2	3c:c0:c6:fe:02:11	gPTP Follow_Up	seq=55513 li=-3 spid=3cc0c6fffefe02100001
98.351549844	3	02:00:00:00:00:01	MSRP	
98.430442782	2	3c:c0:c6:fe:02:11	gPTP Sync	seq=55514 li=-3 spid=3cc0c6fffefe02100001
98.431179784	2	3c:c0:c6:fe:02:11	gPTP Follow_Up	seq=55514 li=-3 spid=3cc0c6fffefe02100001
98.551553107	3	02:00:00:00:00:01	gPTP Pdelay_Req	seq=1409 li=0 spid=020000fffe0000010001
98.552304693	2	3c:c0:c6:fe:02:11	gPTP Pdelay_Resp	seq=1409 li=127 spid=3cc0c6fffefe02100001
98.553288695	2	3c:c0:c6:fe:02:11	gPTP Pdelay_Resp_Follow_Up	seq=1409 li=127 spid=3cc0c6fffefe02100001
98.569682422	2	3c:c0:c6:fe:02:11	gPTP Sync	seq=55515 li=-3 spid=3cc0c6fffefe02100001
98.570264439	2	3c:c0:c6:fe:02:11	gPTP Follow_Up	seq=55515 li=-3 spid=3cc0c6fffefe02100001
98.599790645	2	3c:c0:c6:fe:02:11	MVRP	
98.680522075	2	3c:c0:c6:fe:02:11	gPTP Sync	seq=55516 li=-3 spid=3cc0c6fffefe02100001
98.681268061	2	3c:c0:c6:fe:02:11	gPTP Follow_Up	seq=55516 li=-3 spid=3cc0c6fffefe02100001
98.684217300	2	3c:c0:c6:01:02:03	ADP	eid=3cc0c60102030000 gm=3cc0c6fffefe0210
98.810555246	2	3c:c0:c6:fe:02:11	gPTP Sync	seq=55517 li=-3 spid=3cc0c6fffefe02100001
98.811287055	2	3c:c0:c6:fe:02:11	gPTP Follow_Up	seq=55517 li=-3 spid=3cc0c6fffefe02100001
98.930429936	2	3c:c0:c6:fe:02:11	gPTP Sync	seq=55518 li=-3 spid=3cc0c6fffefe02100001
98.931144729	2	3c:c0:c6:fe:02:11	gPTP Follow_Up	seq=55518 li=-3 spid=3cc0c6fffefe02100001
99.000718845	2	3c:c0:c6:fe:02:11	gPTP Announce	seq=63937 li=0 spid=3cc0c6fffefe02100001 gm=3cc0c6fffefe0210 p1=246 sr=0
99.060541922	2	3c:c0:c6:fe:02:11	gPTP Sync	seq=55519 li=-3 spid=3cc0c6fffefe02100001
99.061267340	2	3c:c0:c6:fe:02:11	gPTP Follow_Up	seq=55519 li=-3 spid=3cc0c6fffefe02100001
99.112552661	3	02:00:00:00:00:01	ADP	eid=020000fffe000001 gm=3cc0c6fffefe0210
99.180417228	2	3c:c0:c6:fe:02:11	gPTP Sync	seq=55520 li=-3 spid=3cc0c6fffefe02100001
99.181140430	2	3c:c0:c6:fe:02:11	gPTP Follow_Up	seq=55520 li=-3 spid=3cc0c6fffefe02100001
99.250416345	2	3c:c0:c6:fe:02:11	gPTP Pdelay_Req	seq=1502 li=0 spid=3cc0c6fffefe02100001
99.250427337	3	02:00:00:00:00:01	gPTP Pdelay_Resp	seq=1502 li=127 spid=020000fffe0000010001
99.250434897	3	02:00:00:00:00:01	gPTP Pdelay_Resp_Follow_Up	seq=1502 li=127 spid=020000fffe0000010001
99.310523615	2	3c:c0:c6:fe:02:11	gPTP Sync	seq=55521 li=-3 spid=3cc0c6fffefe02100001
99.311258400	2	3c:c0:c6:fe:02:11	gPTP Follow_Up	seq=55521 li=-3 spid=3cc0c6fffefe02100001
99.351552143	3	02:00:00:00:00:01	MSRP	
99.430453697	2	3c:c0:c6:fe:02:11	gPTP Sync	seq=55522 li=-3 spid=3cc0c6fffefe02100001
99.431189323	2	3c:c0:c6:fe:02:11	gPTP Follow_Up	seq=55522 li=-3 spid=3cc0c6fffefe02100001
99.551555406	3	02:00:00:00:00:01	gPTP Pdelay_Req	seq=1410 li=0 spid=020000fffe0000010001
99.552355800	2	3c:c0:c6:fe:02:11	gPTP Pdelay_Resp	seq=1410 li=127 spid=3cc0c6fffefe02100001
99.553345626	2	3c:c0:c6:fe:02:11	gPTP Pdelay_Resp_Follow_Up	seq=1410 li=127 spid=3cc0c6fffefe02100001
99.569692345	2	3c:c0:c6:fe:02:11	gPTP Sync	seq=55523 li=-3 spid=3cc0c6fffefe02100001
99.570269946	2	3c:c0:c6:fe:02:11	gPTP Follow_Up	seq=55523 li=-3 spid=3cc0c6fffefe02100001
99.599988960	2	3c:c0:c6:fe:02:11	MVRP	
99.680507998	2	3c:c0:c6:fe:02:11	gPTP Sync	seq=55524 li=-3 spid=3cc0c6fffefe02100001
99.681253568	2	3c:c0:c6:fe:02:11	gPTP Follow_Up	seq=55524 li=-3 spid=3cc0c6fffefe02100001
99.810564144	2	3c:c0:c6:fe:02:11	gPTP Sync	seq=55525 li=-3 spid=3cc0c6fffefe02100001
99.811294162	2	3c:c0:c6:fe:02:11	gPTP Follow_Up	seq=55525 li=-3 spid=3cc0c6fffefe02100001
99.930441074	2	3c:c0:c6:fe:02:11	gPTP Sync	seq=55526 li=-3 spid=3cc0c6fffefe02100001
99.931154684	2	3c:c0:c6:fe:02:11	gPTP Follow_Up	seq=55526 li=-3 spid=3cc0c6fffefe02100001
99.939792728	2	3c:c0:c6:fe:02:11	ethertype 0x0027	
100.000716999	2	3c:c0:c6:fe:02:11	gPTP Announce	seq=63938 li=0 spid=3cc0c6fffefe02100001 gm=3cc0c6fffefe0210 p1=246 sr=0
100.060553444	2	3c:c0:c6:fe:02:11	gPTP Sync	seq=55527 li=-3 spid=3cc0c6fffefe02100001
100.061282446	2	3c:c0:c6:fe:02:11	gPTP Follow_Up	seq=55527 li=-3 spid=3cc0c6fffefe02100001
100.180637743	2	3c:c0:c6:fe:02:11	gPTP Sync	seq=55528 li=-3 spid=3cc0c6fffefe02100001
100.181469745	2	3c:c0:c6:fe:02:11	gPTP Follow_Up	seq=55528 li=-3 spid=3cc0c6fffefe02100001
100.250427867	2	3c:c0:c6:fe:02:11	gPTP Pdelay_Req	seq=1503 li=0 spid=3cc0c6fffefe02100001
100.250438859	3	02:00:00:00:00:01	gPTP Pdelay_Resp	seq=1503 li=127 spid=020000fffe0000010001
100.250446419	3	02:00:00:00:00:01	gPTP Pdelay_Resp_Follow_Up	seq=1503 li=127 spid=020000fffe0000010001
100.310511521	2	3c:c0:c6:fe:02:11	gPTP Sync	seq=55529 li=-3 spid=3cc0c6fffefe02100001
100.311250722	2	3c:c0:c6:fe:02:11	gPTP Follow_Up	seq=55529 li=-3 spid=3cc0c6fffefe02100001
100.351554457	3	02:00:00:00:00:01	MSRP	
100.430457219	2	3c:c0:c6:fe:02:11	gPTP Sync	seq=55530 li=-3 spid=3cc0c6fffefe02100001
100.431191245	2	3c:c0:c6:fe:02:11	gPTP Follow_Up	seq=55530 li=-3 spid=3cc0c6fffefe02100001
100.551557728	3	02:00:00:00:00:01	gPTP Pdelay_Req	seq=1411 li=0 spid=020000fffe0000010001
100.552312346	2	3c:c0:c6:fe:02:11	gPTP Pdelay_Resp	seq=1411 li=127 spid=3cc0c6fffefe02100001
100.553300540	2	3c:c0:c6:fe:02:11	gPTP Pdelay_Resp_Follow_Up	seq=1411 li=127 spid=3cc0c6fffefe02100001
100.569697050	2	3c:c0:c6:fe:02:11	gPTP Sync	seq=55531 li=-3 spid=3cc0c6fffefe02100001
100.570274076	2	3c:c0:c6:fe:02:11	gPTP Follow_Up	seq=55531 li=-3 spid=3cc0c6fffefe02100001
100.599804089	2	3c:c0:c6:fe:02:11	MVRP	
100.680511903	2	3c:c0:c6:fe:02:11	gPTP Sync	seq=55532 li=-3 spid=3cc0c6fffefe02100001
100.681255521	2	3c:c0:c6:fe:02:11	gPTP Follow_Up	seq=55532 li=-3 spid=3cc0c6fffefe02100001
100.810576082	2	3c:c0:c6:fe:02:11	gPTP Sync	seq=55533 li=-3 spid=3cc0c6fffefe02100001
100.811311091	2	3c:c0:c6:fe:02:11	gPTP Follow_Up	seq=55533 li=-3 spid=3cc0c6fffefe02100001
100.930445588	2	3c:c0:c6:fe:02:11	gPTP Sync	seq=55534 li=-3 spid=3cc0c6fffefe02100001
100.931166174	2	3c:c0:c6:fe:02:11	gPTP Follow_Up	seq=55534 li=-3 spid=3cc0c6fffefe02100001
101.000716706	2	3c:c0:c6:fe:02:11	gPTP Announce	seq=63939 li=0 spid=3cc0c6fffefe02100001 gm=3cc0c6fffefe0210 p1=246 sr=0
101.060561159	2	3c:c0:c6:fe:02:11	gPTP Sync	seq=55535 li=-3 spid=3cc0c6fffefe02100001
101.061291985	2	3c:c0:c6:fe:02:11	gPTP Follow_Up	seq=55535 li=-3 spid=3cc0c6fffefe02100001
101.180499474	2	3c:c0:c6:fe:02:11	gPTP Sync	seq=55536 li=-3 spid=3cc0c6fffefe02100001
101.181225875	2	3c:c0:c6:fe:02:11	gPTP Follow_Up	seq=55536 li=-3 spid=3cc0c6fffefe02100001
101.240032526	2	3c:c0:c6:fe:02:11	MVRP	
101.250491807	2	3c:c0:c6:fe:02:11	gPTP Pdelay_Req	seq=1504 li=0 spid=3cc0c6fffefe02100001
101.250502799	3	02:00:00:00:00:01	gPTP Pdelay_Resp	seq=1504 li=127 spid=020000fffe0000010001
101.250510359	3	02:00:00:00:00:01	gPTP Pdelay_Resp_Follow_Up	seq=1504 li=127 spid=020000fffe0000010001
101.310534244	2	3c:c0:c6:fe:02:11	gPTP Sync	seq=55537 li=-3 spid=3cc0c6fffefe02100001
101.311271846	2	3c:c0:c6:fe:02:11	gPTP Follow_Up	seq=55537 li=-3 spid=3cc0c6fffefe02100001
101.351556773	3	02:00:00:00:00:01	MSRP	
101.399554374	3	02:00:00:00:00:01	MAAP	
101.430462951	2	3c:c0:c6:fe:02:11	gPTP Sync	seq=55538 li=-3 spid=3cc0c6fffefe02100001
101.431198345	2	3c:c0:c6:fe:02:11	gPTP Follow_Up	seq=55538 li=-3 spid=3cc0c6fffefe02100001
101.551560036	3	02:00:00:00:00:01	gPTP Pdelay_Req	seq=1412 li=0 spid=020000fffe0000010001
101.552315862	2	3c:c0:c6:fe:02:11	gPTP Pdelay_Resp	seq=1412 li=127 spid=3cc0c6fffefe02100001
101.553306880	2	3c:c0:c6:fe:02:11	gPTP Pdelay_Resp_Follow_Up	seq=1412 li=127 spid=3cc0c6fffefe02100001
101.569704799	2	3c:c0:c6:fe:02:11	gPTP Sync	seq=55539 li=-3 spid=3cc0c6fffefe02100001
101.570283392	2	3c:c0:c6:fe:02:11	gPTP Follow_Up	seq=55539 li=-3 spid=3cc0c6fffefe02100001
101.599994814	2	3c:c0:c6:fe:02:11	MVRP	
101.680541628	2	3c:c0:c6:fe:02:11	gPTP Sync	seq=55540 li=-3 spid=3cc0c6fffefe02100001
101.681288230	2	3c:c0:c6:fe:02:11	gPTP Follow_Up	seq=55540 li=-3 spid=3cc0c6fffefe02100001
101.810597807	2	3c:c0:c6:fe:02:11	gPTP Sync	seq=55541 li=-3 spid=3cc0c6fffefe02100001
101.811329592	2	3c:c0:c6:fe:02:11	gPTP Follow_Up	seq=55541 li=-3 spid=3cc0c6fffefe02100001
101.930450097	2	3c:c0:c6:fe:02:11	gPTP Sync	seq=55542 li=-3 spid=3cc0c6fffefe02100001
101.931166907	2	3c:c0:c6:fe:02:11	gPTP Follow_Up	seq=55542 li=-3 spid=3cc0c6fffefe02100001
101.939807351	2	3c:c0:c6:fe:02:11	ethertype 0x0027	
102.000766631	2	3c:c0:c6:fe:02:11	gPTP Announce	seq=63940 li=0 spid=3cc0c6fffefe02100001 gm=3cc0c6fffefe0210 p1=246 sr=0
102.060588259	2	3c:c0:c6:fe:02:11	gPTP Sync	seq=55543 li=-3 spid=3cc0c6fffefe02100001
102.061322093	2	3c:c0:c6:fe:02:11	gPTP Follow_Up	seq=55543 li=-3 spid=3cc0c6fffefe02100001
102.180509390	2	3c:c0:c6:fe:02:11	gPTP Sync	seq=55544 li=-3 spid=3cc0c6fffefe02100001
102.181238991	2	3c:c0:c6:fe:02:11	gPTP Follow_Up	seq=55544 li=-3 spid=3cc0c6fffefe02100001
102.260204577	2	3c:c0:c6:fe:02:11	gPTP Pdelay_Req	seq=1505 li=0 spid=3cc0c6fffefe02100001
102.260215569	3	02:00:00:00:00:01	gPTP Pdelay_Resp	seq=1505 li=127 spid=020000fffe0000010001
102.260223129	3	02:00:00:00:00:01	gPTP Pdelay_Resp_Follow_Up	seq=1505 li=127 spid=020000fffe0000010001
102.310531352	2	3c:c0:c6:fe:02:11	gPTP Sync	seq=55545 li=-3 spid=3cc0c6fffefe02100001
102.311270146	2	3c:c0:c6:fe:02:11	gPTP Follow_Up	seq=55545 li=-3 spid=3cc0c6fffefe02100001
102.350347462	2	3c:c0:c6:fe:02:11	MSRP	
102.351560521	3	02:00:00:00:00:01	MSRP	
102.430471458	2	3c:c0:c6:fe:02:11	gPTP Sync	seq=55546 li=-3 spid=3cc0c6fffefe02100001
102.431208068	2	3c:c0:c6:fe:02:11	gPTP Follow_Up	seq=55546 li=-3 spid=3cc0c6fffefe02100001
102.551562343	3	02:00:00:00:00:01	gPTP Pdelay_Req	seq=1413 li=0 spid=020000fffe0000010001
102.552315377	2	3c:c0:c6:fe:02:11	gPTP Pdelay_Resp	seq=1413 li=127 spid=3cc0c6fffefe02100001
102.553302588	2	3c:c0:c6:fe:02:11	gPTP Pdelay_Resp_Follow_Up	seq=1413 li=127 spid=3cc0c6fffefe02100001
102.569718098	2	3c:c0:c6:fe:02:11	gPTP Sync	seq=55547 li=-3 spid=3cc0c6fffefe02100001
102.570297308	2	3c:c0:c6:fe:02:11	gPTP Follow_Up	seq=55547 li=-3 spid=3cc0c6fffefe02100001
102.599828537	2	3c:c0:c6:fe:02:11	MVRP	
102.680526743	2	3c:c0:c6:fe:02:11	gPTP Sync	seq=55548 li=-3 spid=3cc0c6fffefe02100001
102.681272345	2	3c:c0:c6:fe:02:11	gPTP Follow_Up	seq=55548 li=-3 spid=3cc0c6fffefe02100001
102.810601514	2	3c:c0:c6:fe:02:11	gPTP Sync	seq=55549 li=-3 spid=3cc0c6fffefe02100001
102.811336524	2	3c:c0:c6:fe:02:11	gPTP Follow_Up	seq=55549 li=-3 spid=3cc0c6fffefe02100001
102.895976940	2	68:05:ca:95:b2:ed	AECP	
102.896009524	3	02:00:00:00:00:01	AECP	
102.896151756	2	68:05:ca:95:b2:ed	AECP	
102.896179484	3	02:00:00:00:00:01	AECP	
102.930464621	2	3c:c0:c6:fe:02:11	gPTP Sync	seq=55550 li=-3 spid=3cc0c6fffefe02100001
102.931180815	2	3c:c0:c6:fe:02:11	gPTP Follow_Up	seq=55550 li=-3 spid=3cc0c6fffefe02100001
103.000735739	2	3c:c0:c6:fe:02:11	gPTP Announce	seq=63941 li=0 spid=3cc0c6fffefe02100001 gm=3cc0c6fffefe0210 p1=246 sr=0
103.060574977	2	3c:c0:c6:fe:02:11	gPTP Sync	seq=55551 li=-3 spid=3cc0c6fffefe02100001
103.061304578	2	3c:c0:c6:fe:02:11	gPTP Follow_Up	seq=55551 li=-3 spid=3cc0c6fffefe02100001
103.180541892	2	3c:c0:c6:fe:02:11	gPTP Sync	seq=55552 li=-3 spid=3cc0c6fffefe02100001
103.181279502	2	3c:c0:c6:fe:02:11	gPTP Follow_Up	seq=55552 li=-3 spid=3cc0c6fffefe02100001
103.270197768	2	3c:c0:c6:fe:02:11	gPTP Pdelay_Req	seq=1506 li=0 spid=3cc0c6fffefe02100001
103.270208752	3	02:00:00:00:00:01	gPTP Pdelay_Resp	seq=1506 li=127 spid=020000fffe0000010001
103.270216312	3	02:00:00:00:00:01	gPTP Pdelay_Resp_Follow_Up	seq=1506 li=127 spid=020000fffe0000010001
103.310512279	2	3c:c0:c6:fe:02:11	gPTP Sync	seq=55553 li=-3 spid=3cc0c6fffefe02100001
103.311246073	2	3c:c0:c6:fe:02:11	gPTP Follow_Up	seq=55553 li=-3 spid=3cc0c6fffefe02100001
103.351561400	3	02:00:00:00:00:01	MSRP	
103.430476187	2	3c:c0:c6:fe:02:11	gPTP Sync	seq=55554 li=-3 spid=3cc0c6fffefe02100001
103.431209381	2	3c:c0:c6:fe:02:11	gPTP Follow_Up	seq=55554 li=-3 spid=3cc0c6fffefe02100001
103.551564673	3	02:00:00:00:00:01	gPTP Pdelay_Req	seq=1414 li=0 spid=020000fffe0000010001
103.552318899	2	3c:c0:c6:fe:02:11	gPTP Pdelay_Resp	seq=1414 li=127 spid=3cc0c6fffefe02100001
103.553303901	2	3c:c0:c6:fe:02:11	gPTP Pdelay_Resp_Follow_Up	seq=1414 li=127 spid=3cc0c6fffefe02100001
103.569720020	2	3c:c0:c6:fe:02:11	gPTP Sync	seq=55555 li=-3 spid=3cc0c6fffefe02100001
103.570295613	2	3c:c0:c6:fe:02:11	gPTP Follow_Up	seq=55555 li=-3 spid=3cc0c6fffefe02100001
103.600013851	2	3c:c0:c6:fe:02:11	MVRP	
103.680532858	2	3c:c0:c6:fe:02:11	gPTP Sync	seq=55556 li=-3 spid=3cc0c6fffefe02100001
103.681279067	2	3c:c0:c6:fe:02:11	gPTP Follow_Up	seq=55556 li=-3 spid=3cc0c6fffefe02100001
103.810618445	2	3c:c0:c6:fe:02:11	gPTP Sync	seq=55557 li=-3 spid=3cc0c6fffefe02100001
103.811355055	2	3c:c0:c6:fe:02:11	gPTP Follow_Up	seq=55557 li=-3 spid=3cc0c6fffefe02100001
103.930467536	2	3c:c0:c6:fe:02:11	gPTP Sync	seq=55558 li=-3 spid=3cc0c6fffefe02100001
103.931185562	2	3c:c0:c6:fe:02:11	gPTP Follow_Up	seq=55558 li=-3 spid=3cc0c6fffefe02100001
103.939825206	2	3c:c0:c6:fe:02:11	ethertype 0x0027	
104.000750086	2	3c:c0:c6:fe:02:11	gPTP Announce	seq=63942 li=0 spid=3cc0c6fffefe02100001 gm=3cc0c6fffefe0210 p1=246 sr=0
104.060583299	2	3c:c0:c6:fe:02:11	gPTP Sync	seq=55559 li=-3 spid=3cc0c6fffefe02100001
104.061310125	2	3c:c0:c6:fe:02:11	gPTP Follow_Up	seq=55559 li=-3 spid=3cc0c6fffefe02100001
104.180521423	2	3c:c0:c6:fe:02:11	gPTP Sync	seq=55560 li=-3 spid=3cc0c6fffefe02100001
104.181259633	2	3c:c0:c6:fe:02:11	gPTP Follow_Up	seq=55560 li=-3 spid=3cc0c6fffefe02100001
104.280259578	2	3c:c0:c6:fe:02:11	gPTP Pdelay_Req	seq=1507 li=0 spid=3cc0c6fffefe02100001
104.280270562	3	02:00:00:00:00:01	gPTP Pdelay_Resp	seq=1507 li=127 spid=020000fffe0000010001
104.280278122	3	02:00:00:00:00:01	gPTP Pdelay_Resp_Follow_Up	seq=1507 li=127 spid=020000fffe0000010001
104.310534018	2	3c:c0:c6:fe:02:11	gPTP Sync	seq=55561 li=-3 spid=3cc0c6fffefe02100001
104.311270404	2	3c:c0:c6:fe:02:11	gPTP Follow_Up	seq=55561 li=-3 spid=3cc0c6fffefe02100001
104.351563723	3	02:00:00:00:00:01	MSRP	
104.430483301	2	3c:c0:c6:fe:02:11	gPTP Sync	seq=55562 li=-3 spid=3cc0c6fffefe02100001
104.431215111	2	3c:c0:c6:fe:02:11	gPTP Follow_Up	seq=55562 li=-3 spid=3cc0c6fffefe02100001
104.551566995	3	02:00:00:00:00:01	gPTP Pdelay_Req	seq=1415 li=0 spid=020000fffe0000010001
104.552318621	2	3c:c0:c6:fe:02:11	gPTP Pdelay_Resp	seq=1415 li=127 spid=3cc0c6fffefe02100001
104.553303839	2	3c:c0:c6:fe:02:11	gPTP Pdelay_Resp_Follow_Up	seq=1415 li=127 spid=3cc0c6fffefe02100001
104.569728350	2	3c:c0:c6:fe:02:11	gPTP Sync	seq=55563 li=-3 spid=3cc0c6fffefe02100001
104.570303360	2	3c:c0:c6:fe:02:11	gPTP Follow_Up	seq=55563 li=-3 spid=3cc0c6fffefe02100001
104.599832989	2	3c:c0:c6:fe:02:11	MVRP	
104.680567388	2	3c:c0:c6:fe:02:11	gPTP Sync	seq=55564 li=-3 spid=3cc0c6fffefe02100001
104.681312998	2	3c:c0:c6:fe:02:11	gPTP Follow_Up	seq=55564 li=-3 spid=3cc0c6fffefe02100001
104.810608559	2	3c:c0:c6:fe:02:11	gPTP Sync	seq=55565 li=-3 spid=3cc0c6fffefe02100001
104.811346168	2	3c:c0:c6:fe:02:11	gPTP Follow_Up	seq=55565 li=-3 spid=3cc0c6fffefe02100001
104.930474265	2	3c:c0:c6:fe:02:11	gPTP Sync	seq=55566 li=-3 spid=3cc0c6fffefe02100001
104.931195483	2	3c:c0:c6:fe:02:11	gPTP Follow_Up	seq=55566 li=-3 spid=3cc0c6fffefe02100001
105.000757191	2	3c:c0:c6:fe:02:11	gPTP Announce	seq=63943 li=0 spid=3cc0c6fffefe02100001 gm=3cc0c6fffefe0210 p1=246 sr=0
105.042213921	2	3c:c0:c6:01:02:03	ADP	eid=3cc0c60102030000 gm=3cc0c6fffefe0210
105.060598060	2	3c:c0:c6:fe:02:11	gPTP Sync	seq=55567 li=-3 spid=3cc0c6fffefe02100001
105.061326446	2	3c:c0:c6:fe:02:11	gPTP Follow_Up	seq=55567 li=-3 spid=3cc0c6fffefe02100001
105.180526159	2	3c:c0:c6:fe:02:11	gPTP Sync	seq=55568 li=-3 spid=3cc0c6fffefe02100001
105.181263160	2	3c:c0:c6:fe:02:11	gPTP Follow_Up	seq=55568 li=-3 spid=3cc0c6fffefe02100001
105.290232777	2	3c:c0:c6:fe:02:11	gPTP Pdelay_Req	seq=1508 li=0 spid=3cc0c6fffefe02100001
105.290243769	3	02:00:00:00:00:01	gPTP Pdelay_Resp	seq=1508 li=127 spid=020000fffe0000010001
105.290251329	3	02:00:00:00:00:01	gPTP Pdelay_Resp_Follow_Up	seq=1508 li=127 spid=020000fffe0000010001
105.310480321	2	3c:c0:c6:fe:02:11	gPTP Sync	seq=55569 li=-3 spid=3cc0c6fffefe02100001
105.311209930	2	3c:c0:c6:fe:02:11	gPTP Follow_Up	seq=55569 li=-3 spid=3cc0c6fffefe02100001
105.351563538	3	02:00:00:00:00:01	MAAP	
105.351574298	3	02:00:00:00:00:01	MSRP	
105.430494412	2	3c:c0:c6:fe:02:11	gPTP Sync	seq=55570 li=-3 spid=3cc0c6fffefe02100001
105.431231437	2	3c:c0:c6:fe:02:11	gPTP Follow_Up	seq=55570 li=-3 spid=3cc0c6fffefe02100001
105.551569321	3	02:00:00:00:00:01	gPTP Pdelay_Req	seq=1416 li=0 spid=020000fffe0000010001
105.552324347	2	3c:c0:c6:fe:02:11	gPTP Pdelay_Resp	seq=1416 li=127 spid=3cc0c6fffefe02100001
105.553315333	2	3c:c0:c6:fe:02:11	gPTP Pdelay_Resp_Follow_Up	seq=1416 li=127 spid=3cc0c6fffefe02100001
105.569738268	2	3c:c0:c6:fe:02:11	gPTP Sync	seq=55571 li=-3 spid=3cc0c6fffefe02100001
105.570313893	2	3c:c0:c6:fe:02:11	gPTP Follow_Up	seq=55571 li=-3 spid=3cc0c6fffefe02100001
105.600036899	2	3c:c0:c6:fe:02:11	MVRP	
105.680550113	2	3c:c0:c6:fe:02:11	gPTP Sync	seq=55572 li=-3 spid=3cc0c6fffefe02100001
105.681295115	2	3c:c0:c6:fe:02:11	gPTP Follow_Up	seq=55572 li=-3 spid=3cc0c6fffefe02100001
105.810613683	2	3c:c0:c6:fe:02:11	gPTP Sync	seq=55573 li=-3 spid=3cc0c6fffefe02100001
105.811343285	2	3c:c0:c6:fe:02:11	gPTP Follow_Up	seq=55573 li=-3 spid=3cc0c6fffefe02100001
105.930490581	2	3c:c0:c6:fe:02:11	gPTP Sync	seq=55574 li=-3 spid=3cc0c6fffefe02100001
105.931206399	2	3c:c0:c6:fe:02:11	gPTP Follow_Up	seq=55574 li=-3 spid=3cc0c6fffefe02100001
105.939836059	2	3c:c0:c6:fe:02:11	ethertype 0x0027	
106.000755499	2	3c:c0:c6:fe:02:11	gPTP Announce	seq=63944 li=0 spid=3cc0c6fffefe02100001 gm=3cc0c6fffefe0210 p1=246 sr=0
106.060616968	2	3c:c0:c6:fe:02:11	gPTP Sync	seq=55575 li=-3 spid=3cc0c6fffefe02100001
106.061345970	2	3c:c0:c6:fe:02:11	gPTP Follow_Up	seq=55575 li=-3 spid=3cc0c6fffefe02100001
106.180560050	2	3c:c0:c6:fe:02:11	gPTP Sync	seq=55576 li=-3 spid=3cc0c6fffefe02100001
106.181295476	2	3c:c0:c6:fe:02:11	gPTP Follow_Up	seq=55576 li=-3 spid=3cc0c6fffefe02100001
106.300217172	2	3c:c0:c6:fe:02:11	gPTP Pdelay_Req	seq=1509 li=0 spid=3cc0c6fffefe02100001
106.300228156	3	02:00:00:00:00:01	gPTP Pdelay_Resp	seq=1509 li=127 spid=020000fffe0000010001
106.300235716	3	02:00:00:00:00:01	gPTP Pdelay_Resp_Follow_Up	seq=1509 li=127 spid=020000fffe0000010001
106.319726114	2	3c:c0:c6:fe:02:11	gPTP Sync	seq=55577 li=-3 spid=3cc0c6fffefe02100001
106.320294123	2	3c:c0:c6:fe:02:11	gPTP Follow_Up	seq=55577 li=-3 spid=3cc0c6fffefe02100001
106.351568373	3	02:00:00:00:00:01	MSRP	
106.430523943	2	3c:c0:c6:fe:02:11	gPTP Sync	seq=55578 li=-3 spid=3cc0c6fffefe02100001
106.431261544	2	3c:c0:c6:fe:02:11	gPTP Follow_Up	seq=55578 li=-3 spid=3cc0c6fffefe02100001
106.551571644	3	02:00:00:00:00:01	gPTP Pdelay_Req	seq=1417 li=0 spid=020000fffe0000010001
106.552327861	2	3c:c0:c6:fe:02:11	gPTP Pdelay_Resp	seq=1417 li=127 spid=3cc0c6fffefe02100001
106.553316672	2	3c:c0:c6:fe:02:11	gPTP Pdelay_Resp_Follow_Up	seq=1417 li=127 spid=3cc0c6fffefe02100001
106.569742398	2	3c:c0:c6:fe:02:11	gPTP Sync	seq=55579 li=-3 spid=3cc0c6fffefe02100001
106.570320576	2	3c:c0:c6:fe:02:11	gPTP Follow_Up	seq=55579 li=-3 spid=3cc0c6fffefe02100001
106.599794621	2	3c:c0:c6:fe:02:11	MVRP	
106.601570017	3	02:00:00:00:00:01	ADP	eid=020000fffe000001 gm=3cc0c6fffefe0210
106.680561019	2	3c:c0:c6:fe:02:11	gPTP Sync	seq=55580 li=-3 spid=3cc0c6fffefe02100001
106.681308221	2	3c:c0:c6:fe:02:11	gPTP Follow_Up	seq=55580 li=-3 spid=3cc0c6fffefe02100001
106.810626797	2	3c:c0:c6:fe:02:11	gPTP Sync	seq=55581 li=-3 spid=3cc0c6fffefe02100001
106.811360207	2	3c:c0:c6:fe:02:11	gPTP Follow_Up	seq=55581 li=-3 spid=3cc0c6fffefe02100001
106.930489295	2	3c:c0:c6:fe:02:11	gPTP Sync	seq=55582 li=-3 spid=3cc0c6fffefe02100001
106.931206105	2	3c:c0:c6:fe:02:11	gPTP Follow_Up	seq=55582 li=-3 spid=3cc0c6fffefe02100001
106.939963390	2	3c:c0:c6:fe:02:10	ethertype 0x0800	
107.000782629	2	3c:c0:c6:fe:02:11	gPTP Announce	seq=63945 li=0 spid=3cc0c6fffefe02100001 gm=3cc0c6fffefe0210 p1=246 sr=0
107.060602090	2	3c:c0:c6:fe:02:11	gPTP Sync	seq=55583 li=-3 spid=3cc0c6fffefe02100001
107.061332299	2	3c:c0:c6:fe:02:11	gPTP Follow_Up	seq=55583 li=-3 spid=3cc0c6fffefe02100001
107.151570208	3	02:00:00:00:00:01	MSRP	
107.151951385	2	3c:c0:c6:fe:02:11	MSRP	
107.180608588	2	3c:c0:c6:fe:02:11	gPTP Sync	seq=55584 li=-3 spid=3cc0c6fffefe02100001
107.181335990	2	3c:c0:c6:fe:02:11	gPTP Follow_Up	seq=55584 li=-3 spid=3cc0c6fffefe02100001
107.250622105	2	3c:c0:c6:fe:02:11	MSRP	
107.310704766	2	3c:c0:c6:fe:02:11	gPTP Pdelay_Req	seq=1510 li=0 spid=3cc0c6fffefe02100001
107.310715766	3	02:00:00:00:00:01	gPTP Pdelay_Resp	seq=1510 li=127 spid=020000fffe0000010001
107.310723326	3	02:00:00:00:00:01	gPTP Pdelay_Resp_Follow_Up	seq=1510 li=127 spid=020000fffe0000010001
107.329753899	2	3c:c0:c6:fe:02:11	gPTP Sync	seq=55585 li=-3 spid=3cc0c6fffefe02100001
107.330338516	2	3c:c0:c6:fe:02:11	gPTP Follow_Up	seq=55585 li=-3 spid=3cc0c6fffefe02100001
107.351570678	3	02:00:00:00:00:01	MSRP	
107.430504864	2	3c:c0:c6:fe:02:11	gPTP Sync	seq=55586 li=-3 spid=3cc0c6fffefe02100001
107.431253066	2	3c:c0:c6:fe:02:11	gPTP Follow_Up	seq=55586 li=-3 spid=3cc0c6fffefe02100001
107.551573941	3	02:00:00:00:00:01	gPTP Pdelay_Req	seq=1418 li=0 spid=020000fffe0000010001
107.552332182	2	3c:c0:c6:fe:02:11	gPTP Pdelay_Resp	seq=1418 li=127 spid=3cc0c6fffefe02100001
107.553320993	2	3c:c0:c6:fe:02:11	gPTP Pdelay_Resp_Follow_Up	seq=1418 li=127 spid=3cc0c6fffefe02100001
107.569753111	2	3c:c0:c6:fe:02:11	gPTP Sync	seq=55587 li=-3 spid=3cc0c6fffefe02100001
107.570331297	2	3c:c0:c6:fe:02:11	gPTP Follow_Up	seq=55587 li=-3 spid=3cc0c6fffefe02100001
107.600022943	2	3c:c0:c6:fe:02:11	MVRP	
107.680616540	2	3c:c0:c6:fe:02:11	gPTP Sync	seq=55588 li=-3 spid=3cc0c6fffefe02100001
107.681362758	2	3c:c0:c6:fe:02:11	gPTP Follow_Up	seq=55588 li=-3 spid=3cc0c6fffefe02100001
107.810626318	2	3c:c0:c6:fe:02:11	gPTP Sync	seq=55589 li=-3 spid=3cc0c6fffefe02100001
107.811361944	2	3c:c0:c6:fe:02:11	gPTP Follow_Up	seq=55589 li=-3 spid=3cc0c6fffefe02100001
107.894973357	2	68:05:ca:95:b2:ed	AECP	
107.895005117	3	02:00:00:00:00:01	AECP	
107.895154765	2	68:05:ca:95:b2:ed	AECP	
107.895183141	3	02:00:00:00:00:01	AECP	
107.930501240	2	3c:c0:c6:fe:02:11	gPTP Sync	seq=55590 li=-3 spid=3cc0c6fffefe02100001
107.931219034	2	3c:c0:c6:fe:02:11	gPTP Follow_Up	seq=55590 li=-3 spid=3cc0c6fffefe02100001
107.939852478	2	3c:c0:c6:fe:02:11	ethertype 0x0027	
108.000788357	2	3c:c0:c6:fe:02:11	gPTP Announce	seq=63946 li=0 spid=3cc0c6fffefe02100001 gm=3cc0c6fffefe0210 p1=246 sr=0
108.060608810	2	3c:c0:c6:fe:02:11	gPTP Sync	seq=55591 li=-3 spid=3cc0c6fffefe02100001
108.061335212	2	3c:c0:c6:fe:02:11	gPTP Follow_Up	seq=55591 li=-3 spid=3cc0c6fffefe02100001
108.180552300	2	3c:c0:c6:fe:02:11	gPTP Sync	seq=55592 li=-3 spid=3cc0c6fffefe02100001
108.181288918	2	3c:c0:c6:fe:02:11	gPTP Follow_Up	seq=55592 li=-3 spid=3cc0c6fffefe02100001
108.310580286	2	3c:c0:c6:fe:02:11	gPTP Sync	seq=55593 li=-3 spid=3cc0c6fffefe02100001
108.311304488	2	3c:c0:c6:fe:02:11	gPTP Follow_Up	seq=55593 li=-3 spid=3cc0c6fffefe02100001
108.329776427	2	3c:c0:c6:fe:02:11	gPTP Pdelay_Req	seq=1511 li=0 spid=3cc0c6fffefe02100001
108.329787435	3	02:00:00:00:00:01	gPTP Pdelay_Resp	seq=1511 li=127 spid=020000fffe0000010001
108.329794995	3	02:00:00:00:00:01	gPTP Pdelay_Resp_Follow_Up	seq=1511 li=127 spid=020000fffe0000010001
108.351572999	3	02:00:00:00:00:01	MSRP	
108.396157120	2	3c:c0:c6:01:02:03	MAAP	
108.430541384	2	3c:c0:c6:fe:02:11	gPTP Sync	seq=55594 li=-3 spid=3cc0c6fffefe02100001
108.431277002	2	3c:c0:c6:fe:02:11	gPTP Follow_Up	seq=55594 li=-3 spid=3cc0c6fffefe02100001
108.551576269	3	02:00:00:00:00:01	gPTP Pdelay_Req	seq=1419 li=0 spid=020000fffe0000010001
108.552328311	2	3c:c0:c6:fe:02:11	gPTP Pdelay_Resp	seq=1419 li=127 spid=3cc0c6fffefe02100001
108.553314305	2	3c:c0:c6:fe:02:11	gPTP Pdelay_Resp_Follow_Up	seq=1419 li=127 spid=3cc0c6fffefe02100001
108.569759832	2	3c:c0:c6:fe:02:11	gPTP Sync	seq=55595 li=-3 spid=3cc0c6fffefe02100001
108.570340033	2	3c:c0:c6:fe:02:11	gPTP Follow_Up	seq=55595 li=-3 spid=3cc0c6fffefe02100001
108.599878271	2	3c:c0:c6:fe:02:11	MVRP	
108.630571135	3	02:00:00:00:00:01	MAAP	
108.680575869	2	3c:c0:c6:fe:02:11	gPTP Sync	seq=55596 li=-3 spid=3cc0c6fffefe02100001
108.681322462	2	3c:c0:c6:fe:02:11	gPTP Follow_Up	seq=55596 li=-3 spid=3cc0c6fffefe02100001
108.810635247	2	3c:c0:c6:fe:02:11	gPTP Sync	seq=55597 li=-3 spid=3cc0c6fffefe02100001
108.811365841	2	3c:c0:c6:fe:02:11	gPTP Follow_Up	seq=55597 li=-3 spid=3cc0c6fffefe02100001
108.930547345	2	3c:c0:c6:fe:02:11	gPTP Sync	seq=55598 li=-3 spid=3cc0c6fffefe02100001
108.931268347	2	3c:c0:c6:fe:02:11	gPTP Follow_Up	seq=55598 li=-3 spid=3cc0c6fffefe02100001
109.000781671	2	3c:c0:c6:fe:02:11	gPTP Announce	seq=63947 li=0 spid=3cc0c6fffefe02100001 gm=3cc0c6fffefe0210 p1=246 sr=0
109.060617700	2	3c:c0:c6:fe:02:11	gPTP Sync	seq=55599 li=-3 spid=3cc0c6fffefe02100001
109.061342926	2	3c:c0:c6:fe:02:11	gPTP Follow_Up	seq=55599 li=-3 spid=3cc0c6fffefe02100001
109.180585839	2	3c:c0:c6:fe:02:11	gPTP Sync	seq=55600 li=-3 spid=3cc0c6fffefe02100001
109.181324432	2	3c:c0:c6:fe:02:11	gPTP Follow_Up	seq=55600 li=-3 spid=3cc0c6fffefe02100001
109.310580601	2	3c:c0:c6:fe:02:11	gPTP Sync	seq=55601 li=-3 spid=3cc0c6fffefe02100001
109.311318211	2	3c:c0:c6:fe:02:11	gPTP Follow_Up	seq=55601 li=-3 spid=3cc0c6fffefe02100001
109.340196639	2	3c:c0:c6:fe:02:11	gPTP Pdelay_Req	seq=1512 li=0 spid=3cc0c6fffefe02100001
109.340207631	3	02:00:00:00:00:01	gPTP Pdelay_Resp	seq=1512 li=127 spid=020000fffe0000010001
109.340215191	3	02:00:00:00:00:01	gPTP Pdelay_Resp_Follow_Up	seq=1512 li=127 spid=020000fffe0000010001
109.351575337	3	02:00:00:00:00:01	MSRP	
109.430551908	2	3c:c0:c6:fe:02:11	gPTP Sync	seq=55602 li=-3 spid=3cc0c6fffefe02100001
109.431287301	2	3c:c0:c6:fe:02:11	gPTP Follow_Up	seq=55602 li=-3 spid=3cc0c6fffefe02100001
109.551578601	3	02:00:00:00:00:01	gPTP Pdelay_Req	seq=1420 li=0 spid=020000fffe0000010001
109.552384019	2	3c:c0:c6:fe:02:11	gPTP Pdelay_Resp	seq=1420 li=127 spid=3cc0c6fffefe02100001
109.553373821	2	3c:c0:c6:fe:02:11	gPTP Pdelay_Resp_Follow_Up	seq=1420 li=127 spid=3cc0c6fffefe02100001
109.569764956	2	3c:c0:c6:fe:02:11	gPTP Sync	seq=55603 li=-3 spid=3cc0c6fffefe02100001
109.570343549	2	3c:c0:c6:fe:02:11	gPTP Follow_Up	seq=55603 li=-3 spid=3cc0c6fffefe02100001
109.600048155	2	3c:c0:c6:fe:02:11	MVRP	
109.680581593	2	3c:c0:c6:fe:02:11	gPTP Sync	seq=55604 li=-3 spid=3cc0c6fffefe02100001
109.681327586	2	3c:c0:c6:fe:02:11	gPTP Follow_Up	seq=55604 li=-3 spid=3cc0c6fffefe02100001
109.810644171	2	3c:c0:c6:fe:02:11	gPTP Sync	seq=55605 li=-3 spid=3cc0c6fffefe02100001
109.811378965	2	3c:c0:c6:fe:02:11	gPTP Follow_Up	seq=55605 li=-3 spid=3cc0c6fffefe02100001
109.930554061	2	3c:c0:c6:fe:02:11	gPTP Sync	seq=55606 li=-3 spid=3cc0c6fffefe02100001
109.931278263	2	3c:c0:c6:fe:02:11	gPTP Follow_Up	seq=55606 li=-3 spid=3cc0c6fffefe02100001
109.939867539	2	3c:c0:c6:fe:02:11	ethertype 0x0027	
110.000788995	2	3c:c0:c6:fe:02:11	gPTP Announce	seq=63948 li=0 spid=3cc0c6fffefe02100001 gm=3cc0c6fffefe0210 p1=246 sr=0
110.060644032	2	3c:c0:c6:fe:02:11	gPTP Sync	seq=55607 li=-3 spid=3cc0c6fffefe02100001
110.061371657	2	3c:c0:c6:fe:02:11	gPTP Follow_Up	seq=55607 li=-3 spid=3cc0c6fffefe02100001
110.180568938	2	3c:c0:c6:fe:02:11	gPTP Sync	seq=55608 li=-3 spid=3cc0c6fffefe02100001
110.181303948	2	3c:c0:c6:fe:02:11	gPTP Follow_Up	seq=55608 li=-3 spid=3cc0c6fffefe02100001
110.310584732	2	3c:c0:c6:fe:02:11	gPTP Sync	seq=55609 li=-3 spid=3cc0c6fffefe02100001
110.311319518	2	3c:c0:c6:fe:02:11	gPTP Follow_Up	seq=55609 li=-3 spid=3cc0c6fffefe02100001
110.350219393	2	3c:c0:c6:fe:02:11	gPTP Pdelay_Req	seq=1513 li=0 spid=3cc0c6fffefe02100001
110.350230385	3	02:00:00:00:00:01	gPTP Pdelay_Resp	seq=1513 li=127 spid=020000fffe0000010001
110.350237945	3	02:00:00:00:00:01	gPTP Pdelay_Resp_Follow_Up	seq=1513 li=127 spid=020000fffe0000010001
110.351577660	3	02:00:00:00:00:01	MSRP	
110.430577214	2	3c:c0:c6:fe:02:11	gPTP Sync	seq=55610 li=-3 spid=3cc0c6fffefe02100001
110.431312232	2	3c:c0:c6:fe:02:11	gPTP Follow_Up	seq=55610 li=-3 spid=3cc0c6fffefe02100001
110.551580931	3	02:00:00:00:00:01	gPTP Pdelay_Req	seq=1421 li=0 spid=020000fffe0000010001
110.552328949	2	3c:c0:c6:fe:02:11	gPTP Pdelay_Resp	seq=1421 li=127 spid=3cc0c6fffefe02100001
110.553314935	2	3c:c0:c6:fe:02:11	gPTP Pdelay_Resp_Follow_Up	seq=1421 li=127 spid=3cc0c6fffefe02100001
110.569772278	2	3c:c0:c6:fe:02:11	gPTP Sync	seq=55611 li=-3 spid=3cc0c6fffefe02100001
110.570347671	2	3c:c0:c6:fe:02:11	gPTP Follow_Up	seq=55611 li=-3 spid=3cc0c6fffefe02100001
110.599878877	2	3c:c0:c6:fe:02:11	MVRP	
110.680613307	2	3c:c0:c6:fe:02:11	gPTP Sync	seq=55612 li=-3 spid=3cc0c6fffefe02100001
110.681358301	2	3c:c0:c6:fe:02:11	gPTP Follow_Up	seq=55612 li=-3 spid=3cc0c6fffefe02100001
110.810644493	2	3c:c0:c6:fe:02:11	gPTP Sync	seq=55613 li=-3 spid=3cc0c6fffefe02100001
110.811378286	2	3c:c0:c6:fe:02:11	gPTP Follow_Up	seq=55613 li=-3 spid=3cc0c6fffefe02100001
110.930524974	2	3c:c0:c6:fe:02:11	gPTP Sync	seq=55614 li=-3 spid=3cc0c6fffefe02100001
110.931242392	2	3c:c0:c6:fe:02:11	gPTP Follow_Up	seq=55614 li=-3 spid=3cc0c6fffefe02100001
111.000820323	2	3c:c0:c6:fe:02:11	gPTP Announce	seq=63949 li=0 spid=3cc0c6fffefe02100001 gm=3cc0c6fffefe0210 p1=246 sr=0
111.060635360	2	3c:c0:c6:fe:02:11	gPTP Sync	seq=55615 li=-3 spid=3cc0c6fffefe02100001
111.061365962	2	3c:c0:c6:fe:02:11	gPTP Follow_Up	seq=55615 li=-3 spid=3cc0c6fffefe02100001
111.180575241	2	3c:c0:c6:fe:02:11	gPTP Sync	seq=55616 li=-3 spid=3cc0c6fffefe02100001
111.181313259	2	3c:c0:c6:fe:02:11	gPTP Follow_Up	seq=55616 li=-3 spid=3cc0c6fffefe02100001
111.239941317	2	3c:c0:c6:fe:02:11	MVRP	
111.310610043	2	3c:c0:c6:fe:02:11	gPTP Sync	seq=55617 li=-3 spid=3cc0c6fffefe02100001
111.311344445	2	3c:c0:c6:fe:02:11	gPTP Follow_Up	seq=55617 li=-3 spid=3cc0c6fffefe02100001
111.351579987	3	02:00:00:00:00:01	MSRP	
111.360337008	2	3c:c0:c6:fe:02:11	gPTP Pdelay_Req	seq=1514 li=0 spid=3cc0c6fffefe02100001
111.360348008	3	02:00:00:00:00:01	gPTP Pdelay_Resp	seq=1514 li=127 spid=020000fffe0000010001
111.360355568	3	02:00:00:00:00:01	gPTP Pdelay_Resp_Follow_Up	seq=1514 li=127 spid=020000fffe0000010001
111.430530748	2	3c:c0:c6:fe:02:11	gPTP Sync	seq=55618 li=-3 spid=3cc0c6fffefe02100001
111.431264542	2	3c:c0:c6:fe:02:11	gPTP Follow_Up	seq=55618 li=-3 spid=3cc0c6fffefe02100001
111.551583257	3	02:00:00:00:00:01	gPTP Pdelay_Req	seq=1422 li=0 spid=020000fffe0000010001
111.552339250	2	3c:c0:c6:fe:02:11	gPTP Pdelay_Resp	seq=1422 li=127 spid=3cc0c6fffefe02100001
111.553330869	2	3c:c0:c6:fe:02:11	gPTP Pdelay_Resp_Follow_Up	seq=1422 li=127 spid=3cc0c6fffefe02100001
111.569782579	2	3c:c0:c6:fe:02:11	gPTP Sync	seq=55619 li=-3 spid=3cc0c6fffefe02100001
111.570361781	2	3c:c0:c6:fe:02:11	gPTP Follow_Up	seq=55619 li=-3 spid=3cc0c6fffefe02100001
111.600080819	2	3c:c0:c6:fe:02:11	MVRP	
111.680591824	2	3c:c0:c6:fe:02:11	gPTP Sync	seq=55620 li=-3 spid=3cc0c6fffefe02100001
111.681334617	2	3c:c0:c6:fe:02:11	gPTP Follow_Up	seq=55620 li=-3 spid=3cc0c6fffefe02100001
111.810651585	2	3c:c0:c6:fe:02:11	gPTP Sync	seq=55621 li=-3 spid=3cc0c6fffefe02100001
111.811382411	2	3c:c0:c6:fe:02:11	gPTP Follow_Up	seq=55621 li=-3 spid=3cc0c6fffefe02100001
111.828582155	3	02:00:00:00:00:01	ADP	eid=020000fffe000001 gm=3cc0c6fffefe0210
111.930529091	2	3c:c0:c6:fe:02:11	gPTP Sync	seq=55622 li=-3 spid=3cc0c6fffefe02100001
111.931245292	2	3c:c0:c6:fe:02:11	gPTP Follow_Up	seq=55622 li=-3 spid=3cc0c6fffefe02100001
111.939882569	2	3c:c0:c6:fe:02:11	ethertype 0x0027	
112.000845016	2	3c:c0:c6:fe:02:11	gPTP Announce	seq=63950 li=0 spid=3cc0c6fffefe02100001 gm=3cc0c6fffefe0210 p1=246 sr=0
112.006851878	2	3c:c0:c6:01:02:03	ADP	eid=3cc0c60102030000 gm=3cc0c6fffefe0210
112.060656469	2	3c:c0:c6:fe:02:11	gPTP Sync	seq=55623 li=-3 spid=3cc0c6fffefe02100001
112.061390270	2	3c:c0:c6:fe:02:11	gPTP Follow_Up	seq=55623 li=-3 spid=3cc0c6fffefe02100001
112.155579324	3	02:00:00:00:00:01	MAAP	
112.180612766	2	3c:c0:c6:fe:02:11	gPTP Sync	seq=55624 li=-3 spid=3cc0c6fffefe02100001
112.181348768	2	3c:c0:c6:fe:02:11	gPTP Follow_Up	seq=55624 li=-3 spid=3cc0c6fffefe02100001
112.310555336	2	3c:c0:c6:fe:02:11	gPTP Sync	seq=55625 li=-3 spid=3cc0c6fffefe02100001
112.311289746	2	3c:c0:c6:fe:02:11	gPTP Follow_Up	seq=55625 li=-3 spid=3cc0c6fffefe02100001
112.351582288	3	02:00:00:00:00:01	MSRP	
112.370321004	2	3c:c0:c6:fe:02:11	gPTP Pdelay_Req	seq=1515 li=0 spid=3cc0c6fffefe02100001
112.370332004	3	02:00:00:00:00:01	gPTP Pdelay_Resp	seq=1515 li=127 spid=020000fffe0000010001
112.370339564	3	02:00:00:00:00:01	gPTP Pdelay_Resp_Follow_Up	seq=1515 li=127 spid=020000fffe0000010001
112.430539058	2	3c:c0:c6:fe:02:11	gPTP Sync	seq=55626 li=-3 spid=3cc0c6fffefe02100001
112.431275028	2	3c:c0:c6:fe:02:11	gPTP Follow_Up	seq=55626 li=-3 spid=3cc0c6fffefe02100001
112.551585550	3	02:00:00:00:00:01	gPTP Pdelay_Req	seq=1423 li=0 spid=020000fffe0000010001
112.552342760	2	3c:c0:c6:fe:02:11	gPTP Pdelay_Resp	seq=1423 li=127 spid=3cc0c6fffefe02100001
112.553331178	2	3c:c0:c6:fe:02:11	gPTP Pdelay_Resp_Follow_Up	seq=1423 li=127 spid=3cc0c6fffefe02100001
112.569789289	2	3c:c0:c6:fe:02:11	gPTP Sync	seq=55627 li=-3 spid=3cc0c6fffefe02100001
112.570367498	2	3c:c0:c6:fe:02:11	gPTP Follow_Up	seq=55627 li=-3 spid=3cc0c6fffefe02100001
112.599889512	2	3c:c0:c6:fe:02:11	MVRP	
112.680599525	2	3c:c0:c6:fe:02:11	gPTP Sync	seq=55628 li=-3 spid=3cc0c6fffefe02100001
112.681345135	2	3c:c0:c6:fe:02:11	gPTP Follow_Up	seq=55628 li=-3 spid=3cc0c6fffefe02100001
112.810673303	2	3c:c0:c6:fe:02:11	gPTP Sync	seq=55629 li=-3 spid=3cc0c6fffefe02100001
112.811407713	2	3c:c0:c6:fe:02:11	gPTP Follow_Up	seq=55629 li=-3 spid=3cc0c6fffefe02100001
112.894931349	2	68:05:ca:95:b2:ed	AECP	
112.894963869	3	02:00:00:00:00:01	AECP	
112.895131734	2	68:05:ca:95:b2:ed	AECP	
112.895159670	3	02:00:00:00:00:01	AECP	
112.930535201	2	3c:c0:c6:fe:02:11	gPTP Sync	seq=55630 li=-3 spid=3cc0c6fffefe02100001
112.931254211	2	3c:c0:c6:fe:02:11	gPTP Follow_Up	seq=55630 li=-3 spid=3cc0c6fffefe02100001
113.000821326	2	3c:c0:c6:fe:02:11	gPTP Announce	seq=63951 li=0 spid=3cc0c6fffefe02100001 gm=3cc0c6fffefe0210 p1=246 sr=0
113.060647795	2	3c:c0:c6:fe:02:11	gPTP Sync	seq=55631 li=-3 spid=3cc0c6fffefe02100001
113.061377781	2	3c:c0:c6:fe:02:11	gPTP Follow_Up	seq=55631 li=-3 spid=3cc0c6fffefe02100001
113.180591285	2	3c:c0:c6:fe:02:11	gPTP Sync	seq=55632 li=-3 spid=3cc0c6fffefe02100001
113.181324694	2	3c:c0:c6:fe:02:11	gPTP Follow_Up	seq=55632 li=-3 spid=3cc0c6fffefe02100001
113.310553670	2	3c:c0:c6:fe:02:11	gPTP Sync	seq=55633 li=-3 spid=3cc0c6fffefe02100001
113.311283272	2	3c:c0:c6:fe:02:11	gPTP Follow_Up	seq=55633 li=-3 spid=3cc0c6fffefe02100001
113.351584607	3	02:00:00:00:00:01	MSRP	
113.380354386	2	3c:c0:c6:fe:02:11	gPTP Pdelay_Req	seq=1516 li=0 spid=3cc0c6fffefe02100001
113.380365378	3	02:00:00:00:00:01	gPTP Pdelay_Resp	seq=1516 li=127 spid=020000fffe0000010001
113.380372938	3	02:00:00:00:00:01	gPTP Pdelay_Resp_Follow_Up	seq=1516 li=127 spid=020000fffe0000010001
113.430550568	2	3c:c0:c6:fe:02:11	gPTP Sync	seq=55634 li=-3 spid=3cc0c6fffefe02100001
113.431284978	2	3c:c0:c6:fe:02:11	gPTP Follow_Up	seq=55634 li=-3 spid=3cc0c6fffefe02100001
113.551587877	3	02:00:00:00:00:01	gPTP Pdelay_Req	seq=1424 li=0 spid=020000fffe0000010001
113.552341471	2	3c:c0:c6:fe:02:11	gPTP Pdelay_Resp	seq=1424 li=127 spid=3cc0c6fffefe02100001
113.553328681	2	3c:c0:c6:fe:02:11	gPTP Pdelay_Resp_Follow_Up	seq=1424 li=127 spid=3cc0c6fffefe02100001
113.569794400	2	3c:c0:c6:fe:02:11	gPTP Sync	seq=55635 li=-3 spid=3cc0c6fffefe02100001
113.570370025	2	3c:c0:c6:fe:02:11	gPTP Follow_Up	seq=55635 li=-3 spid=3cc0c6fffefe02100001
113.600086215	2	3c:c0:c6:fe:02:11	MVRP	
113.680639844	2	3c:c0:c6:fe:02:11	gPTP Sync	seq=55636 li=-3 spid=3cc0c6fffefe02100001
113.681385454	2	3c:c0:c6:fe:02:11	gPTP Follow_Up	seq=55636 li=-3 spid=3cc0c6fffefe02100001
113.792760884	2	3c:c0:c6:01:02:03	MAAP	
113.810670422	2	3c:c0:c6:fe:02:11	gPTP Sync	seq=55637 li=-3 spid=3cc0c6fffefe02100001
113.811403232	2	3c:c0:c6:fe:02:11	gPTP Follow_Up	seq=55637 li=-3 spid=3cc0c6fffefe02100001
113.930541920	2	3c:c0:c6:fe:02:11	gPTP Sync	seq=55638 li=-3 spid=3cc0c6fffefe02100001
113.931262529	2	3c:c0:c6:fe:02:11	gPTP Follow_Up	seq=55638 li=-3 spid=3cc0c6fffefe02100001
113.939897990	2	3c:c0:c6:fe:02:11	ethertype 0x0027	
114.000852045	2	3c:c0:c6:fe:02:11	gPTP Announce	seq=63952 li=0 spid=3cc0c6fffefe02100001 gm=3cc0c6fffefe0210 p1=246 sr=0
114.060681714	2	3c:c0:c6:fe:02:11	gPTP Sync	seq=55639 li=-3 spid=3cc0c6fffefe02100001
114.061415507	2	3c:c0:c6:fe:02:11	gPTP Follow_Up	seq=55639 li=-3 spid=3cc0c6fffefe02100001
114.180598004	2	3c:c0:c6:fe:02:11	gPTP Sync	seq=55640 li=-3 spid=3cc0c6fffefe02100001
114.181335005	2	3c:c0:c6:fe:02:11	gPTP Follow_Up	seq=55640 li=-3 spid=3cc0c6fffefe02100001
114.310568357	2	3c:c0:c6:fe:02:11	gPTP Sync	seq=55641 li=-3 spid=3cc0c6fffefe02100001
114.311299983	2	3c:c0:c6:fe:02:11	gPTP Follow_Up	seq=55641 li=-3 spid=3cc0c6fffefe02100001
114.351586934	3	02:00:00:00:00:01	MSRP	
114.380610098	2	3c:c0:c6:fe:02:11	gPTP Pdelay_Req	seq=1517 li=0 spid=3cc0c6fffefe02100001
114.380621098	3	02:00:00:00:00:01	gPTP Pdelay_Resp	seq=1517 li=127 spid=020000fffe0000010001
114.380628658	3	02:00:00:00:00:01	gPTP Pdelay_Resp_Follow_Up	seq=1517 li=127 spid=020000fffe0000010001
114.430558287	2	3c:c0:c6:fe:02:11	gPTP Sync	seq=55642 li=-3 spid=3cc0c6fffefe02100001
114.431289489	2	3c:c0:c6:fe:02:11	gPTP Follow_Up	seq=55642 li=-3 spid=3cc0c6fffefe02100001
114.551590196	3	02:00:00:00:00:01	gPTP Pdelay_Req	seq=1425 li=0 spid=020000fffe0000010001
114.552371198	2	3c:c0:c6:fe:02:11	gPTP Pdelay_Resp	seq=1425 li=127 spid=3cc0c6fffefe02100001
114.553357800	2	3c:c0:c6:fe:02:11	gPTP Pdelay_Resp_Follow_Up	seq=1425 li=127 spid=3cc0c6fffefe02100001
114.569805927	2	3c:c0:c6:fe:02:11	gPTP Sync	seq=55643 li=-3 spid=3cc0c6fffefe02100001
114.570380328	2	3c:c0:c6:fe:02:11	gPTP Follow_Up	seq=55643 li=-3 spid=3cc0c6fffefe02100001
114.599925958	2	3c:c0:c6:fe:02:11	MVRP	
114.680615555	2	3c:c0:c6:fe:02:11	gPTP Sync	seq=55644 li=-3 spid=3cc0c6fffefe02100001
114.681362765	2	3c:c0:c6:fe:02:11	gPTP Follow_Up	seq=55644 li=-3 spid=3cc0c6fffefe02100001
114.810674941	2	3c:c0:c6:fe:02:11	gPTP Sync	seq=55645 li=-3 spid=3cc0c6fffefe02100001
114.811412159	2	3c:c0:c6:fe:02:11	gPTP Follow_Up	seq=55645 li=-3 spid=3cc0c6fffefe02100001
114.930556255	2	3c:c0:c6:fe:02:11	gPTP Sync	seq=55646 li=-3 spid=3cc0c6fffefe02100001
114.931276257	2	3c:c0:c6:fe:02:11	gPTP Follow_Up	seq=55646 li=-3 spid=3cc0c6fffefe02100001
115.000827380	2	3c:c0:c6:fe:02:11	gPTP Announce	seq=63953 li=0 spid=3cc0c6fffefe02100001 gm=3cc0c6fffefe0210 p1=246 sr=0
115.060684017	2	3c:c0:c6:fe:02:11	gPTP Sync	seq=55647 li=-3 spid=3cc0c6fffefe02100001
115.061416411	2	3c:c0:c6:fe:02:11	gPTP Follow_Up	seq=55647 li=-3 spid=3cc0c6fffefe02100001
115.180626523	2	3c:c0:c6:fe:02:11	gPTP Sync	seq=55648 li=-3 spid=3cc0c6fffefe02100001
115.181365341	2	3c:c0:c6:fe:02:11	gPTP Follow_Up	seq=55648 li=-3 spid=3cc0c6fffefe02100001
115.310537709	2	3c:c0:c6:fe:02:11	gPTP Sync	seq=55649 li=-3 spid=3cc0c6fffefe02100001
115.311261902	2	3c:c0:c6:fe:02:11	gPTP Follow_Up	seq=55649 li=-3 spid=3cc0c6fffefe02100001
115.351589237	3	02:00:00:00:00:01	MSRP	
115.380562425	2	3c:c0:c6:fe:02:11	gPTP Pdelay_Req	seq=1518 li=0 spid=3cc0c6fffefe02100001
115.380573417	3	02:00:00:00:00:01	gPTP Pdelay_Resp	seq=1518 li=127 spid=020000fffe0000010001
115.380580977	3	02:00:00:00:00:01	gPTP Pdelay_Resp_Follow_Up	seq=1518 li=127 spid=020000fffe0000010001
115.430564015	2	3c:c0:c6:fe:02:11	gPTP Sync	seq=55650 li=-3 spid=3cc0c6fffefe02100001
115.431300408	2	3c:c0:c6:fe:02:11	gPTP Follow_Up	seq=55650 li=-3 spid=3cc0c6fffefe02100001
115.551592491	3	02:00:00:00:00:01	gPTP Pdelay_Req	seq=1426 li=0 spid=020000fffe0000010001
115.552378501	2	3c:c0:c6:fe:02:11	gPTP Pdelay_Resp	seq=1426 li=127 spid=3cc0c6fffefe02100001
115.553369328	2	3c:c0:c6:fe:02:11	gPTP Pdelay_Resp_Follow_Up	seq=1426 li=127 spid=3cc0c6fffefe02100001
115.569811054	2	3c:c0:c6:fe:02:11	gPTP Sync	seq=55651 li=-3 spid=3cc0c6fffefe02100001
115.570387056	2	3c:c0:c6:fe:02:11	gPTP Follow_Up	seq=55651 li=-3 spid=3cc0c6fffefe02100001
115.600093677	2	3c:c0:c6:fe:02:11	MVRP	
115.680619083	2	3c:c0:c6:fe:02:11	gPTP Sync	seq=55652 li=-3 spid=3cc0c6fffefe02100001
115.681363701	2	3c:c0:c6:fe:02:11	gPTP Follow_Up	seq=55652 li=-3 spid=3cc0c6fffefe02100001
115.810690269	2	3c:c0:c6:fe:02:11	gPTP Sync	seq=55653 li=-3 spid=3cc0c6fffefe02100001
115.811419878	2	3c:c0:c6:fe:02:11	gPTP Follow_Up	seq=55653 li=-3 spid=3cc0c6fffefe02100001
115.930555974	2	3c:c0:c6:fe:02:11	gPTP Sync	seq=55654 li=-3 spid=3cc0c6fffefe02100001
115.931271752	2	3c:c0:c6:fe:02:11	gPTP Follow_Up	seq=55654 li=-3 spid=3cc0c6fffefe02100001
115.939913644	2	3c:c0:c6:fe:02:11	ethertype 0x0027	
116.000833492	2	3c:c0:c6:fe:02:11	gPTP Announce	seq=63954 li=0 spid=3cc0c6fffefe02100001 gm=3cc0c6fffefe0210 p1=246 sr=0
116.060697752	2	3c:c0:c6:fe:02:11	gPTP Sync	seq=55655 li=-3 spid=3cc0c6fffefe02100001
116.061430554	2	3c:c0:c6:fe:02:11	gPTP Follow_Up	seq=55655 li=-3 spid=3cc0c6fffefe02100001
116.180611450	2	3c:c0:c6:fe:02:11	gPTP Sync	seq=55656 li=-3 spid=3cc0c6fffefe02100001
116.181348068	2	3c:c0:c6:fe:02:11	gPTP Follow_Up	seq=55656 li=-3 spid=3cc0c6fffefe02100001
116.310548620	2	3c:c0:c6:fe:02:11	gPTP Sync	seq=55657 li=-3 spid=3cc0c6fffefe02100001
116.311275638	2	3c:c0:c6:fe:02:11	gPTP Follow_Up	seq=55657 li=-3 spid=3cc0c6fffefe02100001
116.351591548	3	02:00:00:00:00:01	MSRP	
116.380585753	2	3c:c0:c6:fe:02:11	gPTP Pdelay_Req	seq=1519 li=0 spid=3cc0c6fffefe02100001
116.380596761	3	02:00:00:00:00:01	gPTP Pdelay_Resp	seq=1519 li=127 spid=020000fffe0000010001
116.380604321	3	02:00:00:00:00:01	gPTP Pdelay_Resp_Follow_Up	seq=1519 li=127 spid=020000fffe0000010001
116.383589104	3	02:00:00:00:00:01	MAAP	
116.430574934	2	3c:c0:c6:fe:02:11	gPTP Sync	seq=55658 li=-3 spid=3cc0c6fffefe02100001
116.431309336	2	3c:c0:c6:fe:02:11	gPTP Follow_Up	seq=55658 li=-3 spid=3cc0c6fffefe02100001
116.551594819	3	02:00:00:00:00:01	gPTP Pdelay_Req	seq=1427 li=0 spid=020000fffe0000010001
116.552380453	2	3c:c0:c6:fe:02:11	gPTP Pdelay_Resp	seq=1427 li=127 spid=3cc0c6fffefe02100001
116.553370831	2	3c:c0:c6:fe:02:11	gPTP Pdelay_Resp_Follow_Up	seq=1427 li=127 spid=3cc0c6fffefe02100001
116.569817390	2	3c:c0:c6:fe:02:11	gPTP Sync	seq=55659 li=-3 spid=3cc0c6fffefe02100001
116.570395983	2	3c:c0:c6:fe:02:11	gPTP Follow_Up	seq=55659 li=-3 spid=3cc0c6fffefe02100001
116.599870604	2	3c:c0:c6:fe:02:11	MVRP	
116.680664202	2	3c:c0:c6:fe:02:11	gPTP Sync	seq=55660 li=-3 spid=3cc0c6fffefe02100001
116.681409396	2	3c:c0:c6:fe:02:11	gPTP Follow_Up	seq=55660 li=-3 spid=3cc0c6fffefe02100001
116.810693788	2	3c:c0:c6:fe:02:11	gPTP Sync	seq=55661 li=-3 spid=3cc0c6fffefe02100001
116.811422790	2	3c:c0:c6:fe:02:11	gPTP Follow_Up	seq=55661 li=-3 spid=3cc0c6fffefe02100001
116.930565894	2	3c:c0:c6:fe:02:11	gPTP Sync	seq=55662 li=-3 spid=3cc0c6fffefe02100001
116.931283304	2	3c:c0:c6:fe:02:11	gPTP Follow_Up	seq=55662 li=-3 spid=3cc0c6fffefe02100001
117.000843027	2	3c:c0:c6:fe:02:11	gPTP Announce	seq=63955 li=0 spid=3cc0c6fffefe02100001 gm=3cc0c6fffefe0210 p1=246 sr=0
117.060709272	2	3c:c0:c6:fe:02:11	gPTP Sync	seq=55663 li=-3 spid=3cc0c6fffefe02100001
117.061438874	2	3c:c0:c6:fe:02:11	gPTP Follow_Up	seq=55663 li=-3 spid=3cc0c6fffefe02100001
117.117822502	2	3c:c0:c6:01:02:03	ADP	eid=3cc0c60102030000 gm=3cc0c6fffefe0210
117.150444155	2	3c:c0:c6:fe:02:11	MSRP	
117.151594462	3	02:00:00:00:00:01	MSRP	
117.180691578	2	3c:c0:c6:fe:02:11	gPTP Sync	seq=55664 li=-3 spid=3cc0c6fffefe02100001
117.181423172	2	3c:c0:c6:fe:02:11	gPTP Follow_Up	seq=55664 li=-3 spid=3cc0c6fffefe02100001
117.310778540	2	3c:c0:c6:fe:02:11	gPTP Sync	seq=55665 li=-3 spid=3cc0c6fffefe02100001
117.311604150	2	3c:c0:c6:fe:02:11	gPTP Follow_Up	seq=55665 li=-3 spid=3cc0c6fffefe02100001
117.351593876	3	02:00:00:00:00:01	MSRP	
117.380583672	2	3c:c0:c6:fe:02:11	gPTP Pdelay_Req	seq=1520 li=0 spid=3cc0c6fffefe02100001
117.380594672	3	02:00:00:00:00:01	gPTP Pdelay_Resp	seq=1520 li=127 spid=020000fffe0000010001
117.380602232	3	02:00:00:00:00:01	gPTP Pdelay_Resp_Follow_Up	seq=1520 li=127 spid=020000fffe0000010001
117.430575446	2	3c:c0:c6:fe:02:11	gPTP Sync	seq=55666 li=-3 spid=3cc0c6fffefe02100001
117.431308247	2	3c:c0:c6:fe:02:11	gPTP Follow_Up	seq=55666 li=-3 spid=3cc0c6fffefe02100001
117.551597130	3	02:00:00:00:00:01	gPTP Pdelay_Req	seq=1428 li=0 spid=020000fffe0000010001
117.552351172	2	3c:c0:c6:fe:02:11	gPTP Pdelay_Resp	seq=1428 li=127 spid=3cc0c6fffefe02100001
117.553335566	2	3c:c0:c6:fe:02:11	gPTP Pdelay_Resp_Follow_Up	seq=1428 li=127 spid=3cc0c6fffefe02100001
117.569845101	2	3c:c0:c6:fe:02:11	gPTP Sync	seq=55667 li=-3 spid=3cc0c6fffefe02100001
117.570465295	2	3c:c0:c6:fe:02:11	gPTP Follow_Up	seq=55667 li=-3 spid=3cc0c6fffefe02100001
117.600113324	2	3c:c0:c6:fe:02:11	MVRP	
117.680680906	2	3c:c0:c6:fe:02:11	gPTP Sync	seq=55668 li=-3 spid=3cc0c6fffefe02100001
117.681426932	2	3c:c0:c6:fe:02:11	gPTP Follow_Up	seq=55668 li=-3 spid=3cc0c6fffefe02100001
117.810701884	2	3c:c0:c6:fe:02:11	gPTP Sync	seq=55669 li=-3 spid=3cc0c6fffefe02100001
117.811434118	2	3c:c0:c6:fe:02:11	gPTP Follow_Up	seq=55669 li=-3 spid=3cc0c6fffefe02100001
117.894813746	2	68:05:ca:95:b2:ed	AECP	
117.894845490	3	02:00:00:00:00:01	AECP	
117.894992347	2	68:05:ca:95:b2:ed	AECP	
117.895020155	3	02:00:00:00:00:01	AECP	
117.924596256	3	02:00:00:00:00:01	ADP	eid=020000fffe000001 gm=3cc0c6fffefe0210
117.930606407	2	3c:c0:c6:fe:02:11	gPTP Sync	seq=55670 li=-3 spid=3cc0c6fffefe02100001
117.931329192	2	3c:c0:c6:fe:02:11	gPTP Follow_Up	seq=55670 li=-3 spid=3cc0c6fffefe02100001
117.939928877	2	3c:c0:c6:fe:02:11	ethertype 0x0027	
118.000848340	2	3c:c0:c6:fe:02:11	gPTP Announce	seq=63956 li=0 spid=3cc0c6fffefe02100001 gm=3cc0c6fffefe0210 p1=246 sr=0
118.060702393	2	3c:c0:c6:fe:02:11	gPTP Sync	seq=55671 li=-3 spid=3cc0c6fffefe02100001
118.061433595	2	3c:c0:c6:fe:02:11	gPTP Follow_Up	seq=55671 li=-3 spid=3cc0c6fffefe02100001
118.180652284	2	3c:c0:c6:fe:02:11	gPTP Sync	seq=55672 li=-3 spid=3cc0c6fffefe02100001
118.181388901	2	3c:c0:c6:fe:02:11	gPTP Follow_Up	seq=55672 li=-3 spid=3cc0c6fffefe02100001
118.310636078	2	3c:c0:c6:fe:02:11	gPTP Sync	seq=55673 li=-3 spid=3cc0c6fffefe02100001
118.311365080	2	3c:c0:c6:fe:02:11	gPTP Follow_Up	seq=55673 li=-3 spid=3cc0c6fffefe02100001
118.351596199	3	02:00:00:00:00:01	MSRP	
118.380565403	2	3c:c0:c6:fe:02:11	gPTP Pdelay_Req	seq=1521 li=0 spid=3cc0c6fffefe02100001
118.380576403	3	02:00:00:00:00:01	gPTP Pdelay_Resp	seq=1521 li=127 spid=020000fffe0000010001
118.380583963	3	02:00:00:00:00:01	gPTP Pdelay_Resp_Follow_Up	seq=1521 li=127 spid=020000fffe0000010001
118.430584985	2	3c:c0:c6:fe:02:11	gPTP Sync	seq=55674 li=-3 spid=3cc0c6fffefe02100001
118.431323578	2	3c:c0:c6:fe:02:11	gPTP Follow_Up	seq=55674 li=-3 spid=3cc0c6fffefe02100001
118.551599454	3	02:00:00:00:00:01	gPTP Pdelay_Req	seq=1429 li=0 spid=020000fffe0000010001
118.552357864	2	3c:c0:c6:fe:02:11	gPTP Pdelay_Resp	seq=1429 li=127 spid=3cc0c6fffefe02100001
118.553343506	2	3c:c0:c6:fe:02:11	gPTP Pdelay_Resp_Follow_Up	seq=1429 li=127 spid=3cc0c6fffefe02100001
118.569832009	2	3c:c0:c6:fe:02:11	gPTP Sync	seq=55675 li=-3 spid=3cc0c6fffefe02100001
118.570411218	2	3c:c0:c6:fe:02:11	gPTP Follow_Up	seq=55675 li=-3 spid=3cc0c6fffefe02100001
118.599947824	2	3c:c0:c6:fe:02:11	MVRP	
118.680649262	2	3c:c0:c6:fe:02:11	gPTP Sync	seq=55676 li=-3 spid=3cc0c6fffefe02100001
118.681391672	2	3c:c0:c6:fe:02:11	gPTP Follow_Up	seq=55676 li=-3 spid=3cc0c6fffefe02100001
118.810712224	2	3c:c0:c6:fe:02:11	gPTP Sync	seq=55677 li=-3 spid=3cc0c6fffefe02100001
118.811443050	2	3c:c0:c6:fe:02:11	gPTP Follow_Up	seq=55677 li=-3 spid=3cc0c6fffefe02100001
118.930579530	2	3c:c0:c6:fe:02:11	gPTP Sync	seq=55678 li=-3 spid=3cc0c6fffefe02100001
118.931298540	2	3c:c0:c6:fe:02:11	gPTP Follow_Up	seq=55678 li=-3 spid=3cc0c6fffefe02100001
119.000854456	2	3c:c0:c6:fe:02:11	gPTP Announce	seq=63957 li=0 spid=3cc0c6fffefe02100001 gm=3cc0c6fffefe0210 p1=246 sr=0
119.060692509	2	3c:c0:c6:fe:02:11	gPTP Sync	seq=55679 li=-3 spid=3cc0c6fffefe02100001
119.061421118	2	3c:c0:c6:fe:02:11	gPTP Follow_Up	seq=55679 li=-3 spid=3cc0c6fffefe02100001
119.180637823	2	3c:c0:c6:fe:02:11	gPTP Sync	seq=55680 li=-3 spid=3cc0c6fffefe02100001
119.181375817	2	3c:c0:c6:fe:02:11	gPTP Follow_Up	seq=55680 li=-3 spid=3cc0c6fffefe02100001
119.310649201	2	3c:c0:c6:fe:02:11	gPTP Sync	seq=55681 li=-3 spid=3cc0c6fffefe02100001
119.311374387	2	3c:c0:c6:fe:02:11	gPTP Follow_Up	seq=55681 li=-3 spid=3cc0c6fffefe02100001
119.351598514	3	02:00:00:00:00:01	MSRP	
119.380590718	2	3c:c0:c6:fe:02:11	gPTP Pdelay_Req	seq=1522 li=0 spid=3cc0c6fffefe02100001
119.380601718	3	02:00:00:00:00:01	gPTP Pdelay_Resp	seq=1522 li=127 spid=020000fffe0000010001
119.380609278	3	02:00:00:00:00:01	gPTP Pdelay_Resp_Follow_Up	seq=1522 li=127 spid=020000fffe0000010001
119.430593684	2	3c:c0:c6:fe:02:11	gPTP Sync	seq=55682 li=-3 spid=3cc0c6fffefe02100001
119.431328093	2	3c:c0:c6:fe:02:11	gPTP Follow_Up	seq=55682 li=-3 spid=3cc0c6fffefe02100001
119.551601776	3	02:00:00:00:00:01	gPTP Pdelay_Req	seq=1430 li=0 spid=020000fffe0000010001
119.552401418	2	3c:c0:c6:fe:02:11	gPTP Pdelay_Resp	seq=1430 li=127 spid=3cc0c6fffefe02100001
119.553387413	2	3c:c0:c6:fe:02:11	gPTP Pdelay_Resp_Follow_Up	seq=1430 li=127 spid=3cc0c6fffefe02100001
119.569841939	2	3c:c0:c6:fe:02:11	gPTP Sync	seq=55683 li=-3 spid=3cc0c6fffefe02100001
119.570421141	2	3c:c0:c6:fe:02:11	gPTP Follow_Up	seq=55683 li=-3 spid=3cc0c6fffefe02100001
119.600359347	2	3c:c0:c6:fe:02:11	MVRP	
119.680683568	2	3c:c0:c6:fe:02:11	gPTP Sync	seq=55684 li=-3 spid=3cc0c6fffefe02100001
119.681433978	2	3c:c0:c6:fe:02:11	gPTP Follow_Up	seq=55684 li=-3 spid=3cc0c6fffefe02100001
119.810718530	2	3c:c0:c6:fe:02:11	gPTP Sync	seq=55685 li=-3 spid=3cc0c6fffefe02100001
119.811450764	2	3c:c0:c6:fe:02:11	gPTP Follow_Up	seq=55685 li=-3 spid=3cc0c6fffefe02100001
119.930585868	2	3c:c0:c6:fe:02:11	gPTP Sync	seq=55686 li=-3 spid=3cc0c6fffefe02100001
119.931305262	2	3c:c0:c6:fe:02:11	gPTP Follow_Up	seq=55686 li=-3 spid=3cc0c6fffefe02100001
119.939943538	2	3c:c0:c6:fe:02:11	ethertype 0x0027	
120.000873594	2	3c:c0:c6:fe:02:11	gPTP Announce	seq=63958 li=0 spid=3cc0c6fffefe02100001 gm=3cc0c6fffefe0210 p1=246 sr=0
120.060704639	2	3c:c0:c6:fe:02:11	gPTP Sync	seq=55687 li=-3 spid=3cc0c6fffefe02100001
120.061429440	2	3c:c0:c6:fe:02:11	gPTP Follow_Up	seq=55687 li=-3 spid=3cc0c6fffefe02100001
120.180657313	2	3c:c0:c6:fe:02:11	gPTP Sync	seq=55688 li=-3 spid=3cc0c6fffefe02100001
120.181390155	2	3c:c0:c6:fe:02:11	gPTP Follow_Up	seq=55688 li=-3 spid=3cc0c6fffefe02100001
120.310674515	2	3c:c0:c6:fe:02:11	gPTP Sync	seq=55689 li=-3 spid=3cc0c6fffefe02100001
120.311408925	2	3c:c0:c6:fe:02:11	gPTP Follow_Up	seq=55689 li=-3 spid=3cc0c6fffefe02100001
120.351600835	3	02:00:00:00:00:01	MSRP	
120.380572447	2	3c:c0:c6:fe:02:11	gPTP Pdelay_Req	seq=1523 li=0 spid=3cc0c6fffefe02100001
120.380583447	3	02:00:00:00:00:01	gPTP Pdelay_Resp	seq=1523 li=127 spid=020000fffe0000010001
120.380591007	3	02:00:00:00:00:01	gPTP Pdelay_Resp_Follow_Up	seq=1523 li=127 spid=020000fffe0000010001
120.430599997	2	3c:c0:c6:fe:02:11	gPTP Sync	seq=55690 li=-3 spid=3cc0c6fffefe02100001
120.431331615	2	3c:c0:c6:fe:02:11	gPTP Follow_Up	seq=55690 li=-3 spid=3cc0c6fffefe02100001
120.551604098	3	02:00:00:00:00:01	gPTP Pdelay_Req	seq=1431 li=0 spid=020000fffe0000010001
120.552361740	2	3c:c0:c6:fe:02:11	gPTP Pdelay_Resp	seq=1431 li=127 spid=3cc0c6fffefe02100001
120.553345750	2	3c:c0:c6:fe:02:11	gPTP Pdelay_Resp_Follow_Up	seq=1431 li=127 spid=3cc0c6fffefe02100001
120.569853077	2	3c:c0:c6:fe:02:11	gPTP Sync	seq=55691 li=-3 spid=3cc0c6fffefe02100001
120.570435478	2	3c:c0:c6:fe:02:11	gPTP Follow_Up	seq=55691 li=-3 spid=3cc0c6fffefe02100001
120.599967092	2	3c:c0:c6:fe:02:11	MVRP	
120.680690290	2	3c:c0:c6:fe:02:11	gPTP Sync	seq=55692 li=-3 spid=3cc0c6fffefe02100001
120.681439099	2	3c:c0:c6:fe:02:11	gPTP Follow_Up	seq=55692 li=-3 spid=3cc0c6fffefe02100001
120.810719268	2	3c:c0:c6:fe:02:11	gPTP Sync	seq=55693 li=-3 spid=3cc0c6fffefe02100001
120.811452685	2	3c:c0:c6:fe:02:11	gPTP Follow_Up	seq=55693 li=-3 spid=3cc0c6fffefe02100001
120.930601582	2	3c:c0:c6:fe:02:11	gPTP Sync	seq=55694 li=-3 spid=3cc0c6fffefe02100001
120.931318991	2	3c:c0:c6:fe:02:11	gPTP Follow_Up	seq=55694 li=-3 spid=3cc0c6fffefe02100001
121.000870107	2	3c:c0:c6:fe:02:11	gPTP Announce	seq=63959 li=0 spid=3cc0c6fffefe02100001 gm=3cc0c6fffefe0210 p1=246 sr=0
121.060709152	2	3c:c0:c6:fe:02:11	gPTP Sync	seq=55695 li=-3 spid=3cc0c6fffefe02100001
121.061439937	2	3c:c0:c6:fe:02:11	gPTP Follow_Up	seq=55695 li=-3 spid=3cc0c6fffefe02100001
121.082600003	3	02:00:00:00:00:01	MAAP	
121.180694850	2	3c:c0:c6:fe:02:11	gPTP Sync	seq=55696 li=-3 spid=3cc0c6fffefe02100001
121.181432076	2	3c:c0:c6:fe:02:11	gPTP Follow_Up	seq=55696 li=-3 spid=3cc0c6fffefe02100001
121.240021502	2	3c:c0:c6:fe:02:11	MVRP	
121.310672628	2	3c:c0:c6:fe:02:11	gPTP Sync	seq=55697 li=-3 spid=3cc0c6fffefe02100001
121.311410845	2	3c:c0:c6:fe:02:11	gPTP Follow_Up	seq=55697 li=-3 spid=3cc0c6fffefe02100001
121.351603156	3	02:00:00:00:00:01	MSRP	
121.380583360	2	3c:c0:c6:fe:02:11	gPTP Pdelay_Req	seq=1524 li=0 spid=3cc0c6fffefe02100001
121.380594360	3	02:00:00:00:00:01	gPTP Pdelay_Resp	seq=1524 li=127 spid=020000fffe0000010001
121.380601920	3	02:00:00:00:00:01	gPTP Pdelay_Resp_Follow_Up	seq=1524 li=127 spid=020000fffe0000010001
121.430608734	2	3c:c0:c6:fe:02:11	gPTP Sync	seq=55698 li=-3 spid=3cc0c6fffefe02100001
121.431341536	2	3c:c0:c6:fe:02:11	gPTP Follow_Up	seq=55698 li=-3 spid=3cc0c6fffefe02100001
121.551606419	3	02:00:00:00:00:01	gPTP Pdelay_Req	seq=1432 li=0 spid=020000fffe0000010001
121.552353452	2	3c:c0:c6:fe:02:11	gPTP Pdelay_Resp	seq=1432 li=127 spid=3cc0c6fffefe02100001
121.553334871	2	3c:c0:c6:fe:02:11	gPTP Pdelay_Resp_Follow_Up	seq=1432 li=127 spid=3cc0c6fffefe02100001
121.569857589	2	3c:c0:c6:fe:02:11	gPTP Sync	seq=55699 li=-3 spid=3cc0c6fffefe02100001
121.570436791	2	3c:c0:c6:fe:02:11	gPTP Follow_Up	seq=55699 li=-3 spid=3cc0c6fffefe02100001
121.600138005	2	3c:c0:c6:fe:02:11	MVRP	
121.680709810	2	3c:c0:c6:fe:02:11	gPTP Sync	seq=55700 li=-3 spid=3cc0c6fffefe02100001
121.681453820	2	3c:c0:c6:fe:02:11	gPTP Follow_Up	seq=55700 li=-3 spid=3cc0c6fffefe02100001
121.751604065	3	02:00:00:00:00:01	MSRP	
121.751991754	2	3c:c0:c6:fe:02:11	MSRP	
121.810775588	2	3c:c0:c6:fe:02:11	gPTP Sync	seq=55701 li=-3 spid=3cc0c6fffefe02100001
121.811508398	2	3c:c0:c6:fe:02:11	gPTP Follow_Up	seq=55701 li=-3 spid=3cc0c6fffefe02100001
121.850526098	2	3c:c0:c6:fe:02:11	MSRP	
121.930605102	2	3c:c0:c6:fe:02:11	gPTP Sync	seq=55702 li=-3 spid=3cc0c6fffefe02100001
121.931322512	2	3c:c0:c6:fe:02:11	gPTP Follow_Up	seq=55702 li=-3 spid=3cc0c6fffefe02100001
121.940075764	2	3c:c0:c6:fe:02:10	ethertype 0x0800	
121.940282581	2	3c:c0:c6:fe:02:11	ethertype 0x0027	
122.000926235	2	3c:c0:c6:fe:02:11	gPTP Announce	seq=63960 li=0 spid=3cc0c6fffefe02100001 gm=3cc0c6fffefe0210 p1=246 sr=0
122.060739072	2	3c:c0:c6:fe:02:11	gPTP Sync	seq=55703 li=-3 spid=3cc0c6fffefe02100001
122.061471874	2	3c:c0:c6:fe:02:11	gPTP Follow_Up	seq=55703 li=-3 spid=3cc0c6fffefe02100001
122.180660386	2	3c:c0:c6:fe:02:11	gPTP Sync	seq=55704 li=-3 spid=3cc0c6fffefe02100001
122.181396364	2	3c:c0:c6:fe:02:11	gPTP Follow_Up	seq=55704 li=-3 spid=3cc0c6fffefe02100001
122.310676564	2	3c:c0:c6:fe:02:11	gPTP Sync	seq=55705 li=-3 spid=3cc0c6fffefe02100001
122.311412542	2	3c:c0:c6:fe:02:11	gPTP Follow_Up	seq=55705 li=-3 spid=3cc0c6fffefe02100001
122.351605476	3	02:00:00:00:00:01	MSRP	
122.380609089	2	3c:c0:c6:fe:02:11	gPTP Pdelay_Req	seq=1525 li=0 spid=3cc0c6fffefe02100001
122.380620081	3	02:00:00:00:00:01	gPTP Pdelay_Resp	seq=1525 li=127 spid=020000fffe0000010001
122.380627641	3	02:00:00:00:00:01	gPTP Pdelay_Resp_Follow_Up	seq=1525 li=127 spid=020000fffe0000010001
122.430616854	2	3c:c0:c6:fe:02:11	gPTP Sync	seq=55706 li=-3 spid=3cc0c6fffefe02100001
122.431351264	2	3c:c0:c6:fe:02:11	gPTP Follow_Up	seq=55706 li=-3 spid=3cc0c6fffefe02100001
122.453298435	2	3c:c0:c6:01:02:03	ADP	eid=3cc0c60102030000 gm=3cc0c6fffefe0210
122.551608739	3	02:00:00:00:00:01	gPTP Pdelay_Req	seq=1433 li=0 spid=020000fffe0000010001
122.552363181	2	3c:c0:c6:fe:02:11	gPTP Pdelay_Resp	seq=1433 li=127 spid=3cc0c6fffefe02100001
122.553351991	2	3c:c0:c6:fe:02:11	gPTP Pdelay_Resp_Follow_Up	seq=1433 li=127 spid=3cc0c6fffefe02100001
122.569867694	2	3c:c0:c6:fe:02:11	gPTP Sync	seq=55707 li=-3 spid=3cc0c6fffefe02100001
122.570446487	2	3c:c0:c6:fe:02:11	gPTP Follow_Up	seq=55707 li=-3 spid=3cc0c6fffefe02100001
122.599964308	2	3c:c0:c6:fe:02:11	MVRP	
122.680705714	2	3c:c0:c6:fe:02:11	gPTP Sync	seq=55708 li=-3 spid=3cc0c6fffefe02100001
122.681452340	2	3c:c0:c6:fe:02:11	gPTP Follow_Up	seq=55708 li=-3 spid=3cc0c6fffefe02100001
122.810735716	2	3c:c0:c6:fe:02:11	gPTP Sync	seq=55709 li=-3 spid=3cc0c6fffefe02100001
122.811470694	2	3c:c0:c6:fe:02:11	gPTP Follow_Up	seq=55709 li=-3 spid=3cc0c6fffefe02100001
122.894493337	2	68:05:ca:95:b2:ed	AECP	
122.894525609	3	02:00:00:00:00:01	AECP	
122.894681722	2	68:05:ca:95:b2:ed	AECP	
122.894709650	3	02:00:00:00:00:01	AECP	
122.930608422	2	3c:c0:c6:fe:02:11	gPTP Sync	seq=55710 li=-3 spid=3cc0c6fffefe02100001
122.931328432	2	3c:c0:c6:fe:02:11	gPTP Follow_Up	seq=55710 li=-3 spid=3cc0c6fffefe02100001
123.000896155	2	3c:c0:c6:fe:02:11	gPTP Announce	seq=63961 li=0 spid=3cc0c6fffefe02100001 gm=3cc0c6fffefe0210 p1=246 sr=0
123.060726584	2	3c:c0:c6:fe:02:11	gPTP Sync	seq=55711 li=-3 spid=3cc0c6fffefe02100001
123.061453602	2	3c:c0:c6:fe:02:11	gPTP Follow_Up	seq=55711 li=-3 spid=3cc0c6fffefe02100001
123.180660098	2	3c:c0:c6:fe:02:11	gPTP Sync	seq=55712 li=-3 spid=3cc0c6fffefe02100001
123.181393892	2	3c:c0:c6:fe:02:11	gPTP Follow_Up	seq=55712 li=-3 spid=3cc0c6fffefe02100001
123.310608748	3	02:00:00:00:00:01	ADP	eid=020000fffe000001 gm=3cc0c6fffefe0210
123.310773268	2	3c:c0:c6:fe:02:11	gPTP Sync	seq=55713 li=-3 spid=3cc0c6fffefe02100001
123.311558486	2	3c:c0:c6:fe:02:11	gPTP Follow_Up	seq=55713 li=-3 spid=3cc0c6fffefe02100001
123.351607788	3	02:00:00:00:00:01	MSRP	
123.390312871	2	3c:c0:c6:fe:02:11	gPTP Pdelay_Req	seq=1526 li=0 spid=3cc0c6fffefe02100001
123.390323855	3	02:00:00:00:00:01	gPTP Pdelay_Resp	seq=1526 li=127 spid=020000fffe0000010001
123.390331415	3	02:00:00:00:00:01	gPTP Pdelay_Resp_Follow_Up	seq=1526 li=127 spid=020000fffe0000010001
123.430594774	2	3c:c0:c6:fe:02:11	gPTP Sync	seq=55714 li=-3 spid=3cc0c6fffefe02100001
123.431326976	2	3c:c0:c6:fe:02:11	gPTP Follow_Up	seq=55714 li=-3 spid=3cc0c6fffefe02100001
123.551611059	3	02:00:00:00:00:01	gPTP Pdelay_Req	seq=1434 li=0 spid=020000fffe0000010001
123.552367084	2	3c:c0:c6:fe:02:11	gPTP Pdelay_Resp	seq=1434 li=127 spid=3cc0c6fffefe02100001
123.553358103	2	3c:c0:c6:fe:02:11	gPTP Pdelay_Resp_Follow_Up	seq=1434 li=127 spid=3cc0c6fffefe02100001
123.569875630	2	3c:c0:c6:fe:02:11	gPTP Sync	seq=55715 li=-3 spid=3cc0c6fffefe02100001
123.570453239	2	3c:c0:c6:fe:02:11	gPTP Follow_Up	seq=55715 li=-3 spid=3cc0c6fffefe02100001
123.600181045	2	3c:c0:c6:fe:02:11	MVRP	
123.680686258	2	3c:c0:c6:fe:02:11	gPTP Sync	seq=55716 li=-3 spid=3cc0c6fffefe02100001
123.681433460	2	3c:c0:c6:fe:02:11	gPTP Follow_Up	seq=55716 li=-3 spid=3cc0c6fffefe02100001
123.810744036	2	3c:c0:c6:fe:02:11	gPTP Sync	seq=55717 li=-3 spid=3cc0c6fffefe02100001
123.811476838	2	3c:c0:c6:fe:02:11	gPTP Follow_Up	seq=55717 li=-3 spid=3cc0c6fffefe02100001
123.930623110	2	3c:c0:c6:fe:02:11	gPTP Sync	seq=55718 li=-3 spid=3cc0c6fffefe02100001
123.931343120	2	3c:c0:c6:fe:02:11	gPTP Follow_Up	seq=55718 li=-3 spid=3cc0c6fffefe02100001
123.939974412	2	3c:c0:c6:fe:02:11	ethertype 0x0027	
124.000897467	2	3c:c0:c6:fe:02:11	gPTP Announce	seq=63962 li=0 spid=3cc0c6fffefe02100001 gm=3cc0c6fffefe0210 p1=246 sr=0
124.060732888	2	3c:c0:c6:fe:02:11	gPTP Sync	seq=55719 li=-3 spid=3cc0c6fffefe02100001
124.061464514	2	3c:c0:c6:fe:02:11	gPTP Follow_Up	seq=55719 li=-3 spid=3cc0c6fffefe02100001
124.180698818	2	3c:c0:c6:fe:02:11	gPTP Sync	seq=55720 li=-3 spid=3cc0c6fffefe02100001
124.181436420	2	3c:c0:c6:fe:02:11	gPTP Follow_Up	seq=55720 li=-3 spid=3cc0c6fffefe02100001
124.310753396	2	3c:c0:c6:fe:02:11	gPTP Sync	seq=55721 li=-3 spid=3cc0c6fffefe02100001
124.311488414	2	3c:c0:c6:fe:02:11	gPTP Follow_Up	seq=55721 li=-3 spid=3cc0c6fffefe02100001
124.351610116	3	02:00:00:00:00:01	MSRP	
124.400305271	2	3c:c0:c6:fe:02:11	gPTP Pdelay_Req	seq=1527 li=0 spid=3cc0c6fffefe02100001
124.400316271	3	02:00:00:00:00:01	gPTP Pdelay_Resp	seq=1527 li=127 spid=020000fffe0000010001
124.400323831	3	02:00:00:00:00:01	gPTP Pdelay_Resp_Follow_Up	seq=1527 li=127 spid=020000fffe0000010001
124.430607294	2	3c:c0:c6:fe:02:11	gPTP Sync	seq=55722 li=-3 spid=3cc0c6fffefe02100001
124.431338112	2	3c:c0:c6:fe:02:11	gPTP Follow_Up	seq=55722 li=-3 spid=3cc0c6fffefe02100001
124.551613387	3	02:00:00:00:00:01	gPTP Pdelay_Req	seq=1435 li=0 spid=020000fffe0000010001
124.552368620	2	3c:c0:c6:fe:02:11	gPTP Pdelay_Resp	seq=1435 li=127 spid=3cc0c6fffefe02100001
124.553359031	2	3c:c0:c6:fe:02:11	gPTP Pdelay_Resp_Follow_Up	seq=1435 li=127 spid=3cc0c6fffefe02100001
124.569879541	2	3c:c0:c6:fe:02:11	gPTP Sync	seq=55723 li=-3 spid=3cc0c6fffefe02100001
124.570458327	2	3c:c0:c6:fe:02:11	gPTP Follow_Up	seq=55723 li=-3 spid=3cc0c6fffefe02100001
124.599982580	2	3c:c0:c6:fe:02:11	MVRP	
124.680697778	2	3c:c0:c6:fe:02:11	gPTP Sync	seq=55724 li=-3 spid=3cc0c6fffefe02100001
124.681441180	2	3c:c0:c6:fe:02:11	gPTP Follow_Up	seq=55724 li=-3 spid=3cc0c6fffefe02100001
124.810759748	2	3c:c0:c6:fe:02:11	gPTP Sync	seq=55725 li=-3 spid=3cc0c6fffefe02100001
124.811491565	2	3c:c0:c6:fe:02:11	gPTP Follow_Up	seq=55725 li=-3 spid=3cc0c6fffefe02100001
124.930622861	2	3c:c0:c6:fe:02:11	gPTP Sync	seq=55726 li=-3 spid=3cc0c6fffefe02100001
124.931343471	2	3c:c0:c6:fe:02:11	gPTP Follow_Up	seq=55726 li=-3 spid=3cc0c6fffefe02100001
125.000897786	2	3c:c0:c6:fe:02:11	gPTP Announce	seq=63963 li=0 spid=3cc0c6fffefe02100001 gm=3cc0c6fffefe0210 p1=246 sr=0
125.060735230	2	3c:c0:c6:fe:02:11	gPTP Sync	seq=55727 li=-3 spid=3cc0c6fffefe02100001
125.061462848	2	3c:c0:c6:fe:02:11	gPTP Follow_Up	seq=55727 li=-3 spid=3cc0c6fffefe02100001
125.180679328	2	3c:c0:c6:fe:02:11	gPTP Sync	seq=55728 li=-3 spid=3cc0c6fffefe02100001
125.181417546	2	3c:c0:c6:fe:02:11	gPTP Follow_Up	seq=55728 li=-3 spid=3cc0c6fffefe02100001
125.310714321	2	3c:c0:c6:fe:02:11	gPTP Sync	seq=55729 li=-3 spid=3cc0c6fffefe02100001
125.311449723	2	3c:c0:c6:fe:02:11	gPTP Follow_Up	seq=55729 li=-3 spid=3cc0c6fffefe02100001
125.351612425	3	02:00:00:00:00:01	MSRP	
125.354609912	3	02:00:00:00:00:01	MAAP	
125.410316259	2	3c:c0:c6:fe:02:11	gPTP Pdelay_Req	seq=1528 li=0 spid=3cc0c6fffefe02100001
125.410327259	3	02:00:00:00:00:01	gPTP Pdelay_Resp	seq=1528 li=127 spid=020000fffe0000010001
125.410334819	3	02:00:00:00:00:01	gPTP Pdelay_Resp_Follow_Up	seq=1528 li=127 spid=020000fffe0000010001
125.430610394	2	3c:c0:c6:fe:02:11	gPTP Sync	seq=55730 li=-3 spid=3cc0c6fffefe02100001
125.431341636	2	3c:c0:c6:fe:02:11	gPTP Follow_Up	seq=55730 li=-3 spid=3cc0c6fffefe02100001
125.551615686	3	02:00:00:00:00:01	gPTP Pdelay_Req	seq=1436 li=0 spid=020000fffe0000010001
125.552366128	2	3c:c0:c6:fe:02:11	gPTP Pdelay_Resp	seq=1436 li=127 spid=3cc0c6fffefe02100001
125.553352339	2	3c:c0:c6:fe:02:11	gPTP Pdelay_Resp_Follow_Up	seq=1436 li=127 spid=3cc0c6fffefe02100001
125.569888465	2	3c:c0:c6:fe:02:11	gPTP Sync	seq=55731 li=-3 spid=3cc0c6fffefe02100001
125.570467059	2	3c:c0:c6:fe:02:11	gPTP Follow_Up	seq=55731 li=-3 spid=3cc0c6fffefe02100001
125.600168888	2	3c:c0:c6:fe:02:11	MVRP	
125.680724310	2	3c:c0:c6:fe:02:11	gPTP Sync	seq=55732 li=-3 spid=3cc0c6fffefe02100001
125.681467703	2	3c:c0:c6:fe:02:11	gPTP Follow_Up	seq=55732 li=-3 spid=3cc0c6fffefe02100001
125.810767079	2	3c:c0:c6:fe:02:11	gPTP Sync	seq=55733 li=-3 spid=3cc0c6fffefe02100001
125.811498889	2	3c:c0:c6:fe:02:11	gPTP Follow_Up	seq=55733 li=-3 spid=3cc0c6fffefe02100001
125.930633768	2	3c:c0:c6:fe:02:11	gPTP Sync	seq=55734 li=-3 spid=3cc0c6fffefe02100001
125.931350570	2	3c:c0:c6:fe:02:11	gPTP Follow_Up	seq=55734 li=-3 spid=3cc0c6fffefe02100001
125.939988238	2	3c:c0:c6:fe:02:11	ethertype 0x0027	
126.000921110	2	3c:c0:c6:fe:02:11	gPTP Announce	seq=63964 li=0 spid=3cc0c6fffefe02100001 gm=3cc0c6fffefe0210 p1=246 sr=0
126.060768730	2	3c:c0:c6:fe:02:11	gPTP Sync	seq=55735 li=-3 spid=3cc0c6fffefe02100001
126.061500356	2	3c:c0:c6:fe:02:11	gPTP Follow_Up	seq=55735 li=-3 spid=3cc0c6fffefe02100001
126.180688260	2	3c:c0:c6:fe:02:11	gPTP Sync	seq=55736 li=-3 spid=3cc0c6fffefe02100001
126.181426854	2	3c:c0:c6:fe:02:11	gPTP Follow_Up	seq=55736 li=-3 spid=3cc0c6fffefe02100001
126.310749238	2	3c:c0:c6:fe:02:11	gPTP Sync	seq=55737 li=-3 spid=3cc0c6fffefe02100001
126.311485239	2	3c:c0:c6:fe:02:11	gPTP Follow_Up	seq=55737 li=-3 spid=3cc0c6fffefe02100001
126.351614750	3	02:00:00:00:00:01	MSRP	
126.420303847	2	3c:c0:c6:fe:02:11	gPTP Pdelay_Req	seq=1529 li=0 spid=3cc0c6fffefe02100001
126.420314847	3	02:00:00:00:00:01	gPTP Pdelay_Resp	seq=1529 li=127 spid=020000fffe0000010001
126.420322407	3	02:00:00:00:00:01	gPTP Pdelay_Resp_Follow_Up	seq=1529 li=127 spid=020000fffe0000010001
126.430647927	2	3c:c0:c6:fe:02:11	gPTP Sync	seq=55738 li=-3 spid=3cc0c6fffefe02100001
126.431378145	2	3c:c0:c6:fe:02:11	gPTP Follow_Up	seq=55738 li=-3 spid=3cc0c6fffefe02100001
126.551618011	3	02:00:00:00:00:01	gPTP Pdelay_Req	seq=1437 li=0 spid=020000fffe0000010001
126.552371245	2	3c:c0:c6:fe:02:11	gPTP Pdelay_Resp	seq=1437 li=127 spid=3cc0c6fffefe02100001
126.553361264	2	3c:c0:c6:fe:02:11	gPTP Pdelay_Resp_Follow_Up	seq=1437 li=127 spid=3cc0c6fffefe02100001
126.569895182	2	3c:c0:c6:fe:02:11	gPTP Sync	seq=55739 li=-3 spid=3cc0c6fffefe02100001
126.570473392	2	3c:c0:c6:fe:02:11	gPTP Follow_Up	seq=55739 li=-3 spid=3cc0c6fffefe02100001
126.599954805	2	3c:c0:c6:fe:02:11	MVRP	
126.680705811	2	3c:c0:c6:fe:02:11	gPTP Sync	seq=55740 li=-3 spid=3cc0c6fffefe02100001
126.681452020	2	3c:c0:c6:fe:02:11	gPTP Follow_Up	seq=55740 li=-3 spid=3cc0c6fffefe02100001
126.810788772	2	3c:c0:c6:fe:02:11	gPTP Sync	seq=55741 li=-3 spid=3cc0c6fffefe02100001
126.811525190	2	3c:c0:c6:fe:02:11	gPTP Follow_Up	seq=55741 li=-3 spid=3cc0c6fffefe02100001
126.930640486	2	3c:c0:c6:fe:02:11	gPTP Sync	seq=55742 li=-3 spid=3cc0c6fffefe02100001
126.931357296	2	3c:c0:c6:fe:02:11	gPTP Follow_Up	seq=55742 li=-3 spid=3cc0c6fffefe02100001
127.000911835	2	3c:c0:c6:fe:02:11	gPTP Announce	seq=63965 li=0 spid=3cc0c6fffefe02100001 gm=3cc0c6fffefe0210 p1=246 sr=0
127.060751864	2	3c:c0:c6:fe:02:11	gPTP Sync	seq=55743 li=-3 spid=3cc0c6fffefe02100001
127.061479874	2	3c:c0:c6:fe:02:11	gPTP Follow_Up	seq=55743 li=-3 spid=3cc0c6fffefe02100001
127.180715778	2	3c:c0:c6:fe:02:11	gPTP Sync	seq=55744 li=-3 spid=3cc0c6fffefe02100001
127.181451180	2	3c:c0:c6:fe:02:11	gPTP Follow_Up	seq=55744 li=-3 spid=3cc0c6fffefe02100001
127.310744148	2	3c:c0:c6:fe:02:11	gPTP Sync	seq=55745 li=-3 spid=3cc0c6fffefe02100001
127.311481373	2	3c:c0:c6:fe:02:11	gPTP Follow_Up	seq=55745 li=-3 spid=3cc0c6fffefe02100001
127.351617060	3	02:00:00:00:00:01	MSRP	
127.430709054	2	3c:c0:c6:fe:02:11	gPTP Pdelay_Req	seq=1530 li=0 spid=3cc0c6fffefe02100001
127.430720046	3	02:00:00:00:00:01	gPTP Pdelay_Resp	seq=1530 li=127 spid=020000fffe0000010001
127.430727606	3	02:00:00:00:00:01	gPTP Pdelay_Resp_Follow_Up	seq=1530 li=127 spid=020000fffe0000010001
127.439982723	2	3c:c0:c6:fe:02:11	gPTP Sync	seq=55746 li=-3 spid=3cc0c6fffefe02100001
127.440566341	2	3c:c0:c6:fe:02:11	gPTP Follow_Up	seq=55746 li=-3 spid=3cc0c6fffefe02100001
127.551620314	3	02:00:00:00:00:01	gPTP Pdelay_Req	seq=1438 li=0 spid=020000fffe0000010001
127.552370572	2	3c:c0:c6:fe:02:11	gPTP Pdelay_Resp	seq=1438 li=127 spid=3cc0c6fffefe02100001
127.553347574	2	3c:c0:c6:fe:02:11	gPTP Pdelay_Resp_Follow_Up	seq=1438 li=127 spid=3cc0c6fffefe02100001
127.569903501	2	3c:c0:c6:fe:02:11	gPTP Sync	seq=55747 li=-3 spid=3cc0c6fffefe02100001
127.570494902	2	3c:c0:c6:fe:02:11	gPTP Follow_Up	seq=55747 li=-3 spid=3cc0c6fffefe02100001
127.600172340	2	3c:c0:c6:fe:02:11	MVRP	
127.680754129	2	3c:c0:c6:fe:02:11	gPTP Sync	seq=55748 li=-3 spid=3cc0c6fffefe02100001
127.681481139	2	3c:c0:c6:fe:02:11	gPTP Follow_Up	seq=55748 li=-3 spid=3cc0c6fffefe02100001
127.810803523	2	3c:c0:c6:fe:02:11	gPTP Sync	seq=55749 li=-3 spid=3cc0c6fffefe02100001
127.811537925	2	3c:c0:c6:fe:02:11	gPTP Follow_Up	seq=55749 li=-3 spid=3cc0c6fffefe02100001
127.894979737	2	68:05:ca:95:b2:ed	AECP	
127.895012201	3	02:00:00:00:00:01	AECP	
127.895163738	2	68:05:ca:95:b2:ed	AECP	
127.895191026	3	02:00:00:00:00:01	AECP	
127.930646789	2	3c:c0:c6:fe:02:11	gPTP Sync	seq=55750 li=-3 spid=3cc0c6fffefe02100001
127.931365231	2	3c:c0:c6:fe:02:11	gPTP Follow_Up	seq=55750 li=-3 spid=3cc0c6fffefe02100001
127.940005483	2	3c:c0:c6:fe:02:11	ethertype 0x0027	
128.000920538	2	3c:c0:c6:fe:02:11	gPTP Announce	seq=63966 li=0 spid=3cc0c6fffefe02100001 gm=3cc0c6fffefe0210 p1=246 sr=0
128.060760791	2	3c:c0:c6:fe:02:11	gPTP Sync	seq=55751 li=-3 spid=3cc0c6fffefe02100001
128.061490977	2	3c:c0:c6:fe:02:11	gPTP Follow_Up	seq=55751 li=-3 spid=3cc0c6fffefe02100001
128.180700097	2	3c:c0:c6:fe:02:11	gPTP Sync	seq=55752 li=-3 spid=3cc0c6fffefe02100001
128.181438691	2	3c:c0:c6:fe:02:11	gPTP Follow_Up	seq=55752 li=-3 spid=3cc0c6fffefe02100001
128.310758867	2	3c:c0:c6:fe:02:11	gPTP Sync	seq=55753 li=-3 spid=3cc0c6fffefe02100001
128.311496468	2	3c:c0:c6:fe:02:11	gPTP Follow_Up	seq=55753 li=-3 spid=3cc0c6fffefe02100001
128.351619363	3	02:00:00:00:00:01	MSRP	
128.430624565	2	3c:c0:c6:fe:02:11	gPTP Sync	seq=55754 li=-3 spid=3cc0c6fffefe02100001
128.431335582	2	3c:c0:c6:fe:02:11	gPTP Follow_Up	seq=55754 li=-3 spid=3cc0c6fffefe02100001
128.449924714	2	3c:c0:c6:fe:02:11	gPTP Pdelay_Req	seq=1531 li=0 spid=3cc0c6fffefe02100001
128.449935714	3	02:00:00:00:00:01	gPTP Pdelay_Resp	seq=1531 li=127 spid=020000fffe0000010001
128.449943274	3	02:00:00:00:00:01	gPTP Pdelay_Resp_Follow_Up	seq=1531 li=127 spid=020000fffe0000010001
128.551622625	3	02:00:00:00:00:01	gPTP Pdelay_Req	seq=1439 li=0 spid=020000fffe0000010001
128.552376267	2	3c:c0:c6:fe:02:11	gPTP Pdelay_Resp	seq=1439 li=127 spid=3cc0c6fffefe02100001
128.553361301	2	3c:c0:c6:fe:02:11	gPTP Pdelay_Resp_Follow_Up	seq=1439 li=127 spid=3cc0c6fffefe02100001
128.569908620	2	3c:c0:c6:fe:02:11	gPTP Sync	seq=55755 li=-3 spid=3cc0c6fffefe02100001
128.570487221	2	3c:c0:c6:fe:02:11	gPTP Follow_Up	seq=55755 li=-3 spid=3cc0c6fffefe02100001
128.600015251	2	3c:c0:c6:fe:02:11	MVRP	
128.633621082	3	02:00:00:00:00:01	ADP	eid=020000fffe000001 gm=3cc0c6fffefe0210
128.680760433	2	3c:c0:c6:fe:02:11	gPTP Sync	seq=55756 li=-3 spid=3cc0c6fffefe02100001
128.681502874	2	3c:c0:c6:fe:02:11	gPTP Follow_Up	seq=55756 li=-3 spid=3cc0c6fffefe02100001
128.810785026	2	3c:c0:c6:fe:02:11	gPTP Sync	seq=55757 li=-3 spid=3cc0c6fffefe02100001
128.811515812	2	3c:c0:c6:fe:02:11	gPTP Follow_Up	seq=55757 li=-3 spid=3cc0c6fffefe02100001
128.930656740	2	3c:c0:c6:fe:02:11	gPTP Sync	seq=55758 li=-3 spid=3cc0c6fffefe02100001
128.931376750	2	3c:c0:c6:fe:02:11	gPTP Follow_Up	seq=55758 li=-3 spid=3cc0c6fffefe02100001
129.000937466	2	3c:c0:c6:fe:02:11	gPTP Announce	seq=63967 li=0 spid=3cc0c6fffefe02100001 gm=3cc0c6fffefe0210 p1=246 sr=0
129.060768502	2	3c:c0:c6:fe:02:11	gPTP Sync	seq=55759 li=-3 spid=3cc0c6fffefe02100001
129.061497120	2	3c:c0:c6:fe:02:11	gPTP Follow_Up	seq=55759 li=-3 spid=3cc0c6fffefe02100001
129.114926094	2	3c:c0:c6:01:02:03	ADP	eid=3cc0c60102030000 gm=3cc0c6fffefe0210
129.180711616	2	3c:c0:c6:fe:02:11	gPTP Sync	seq=55760 li=-3 spid=3cc0c6fffefe02100001
129.181447010	2	3c:c0:c6:fe:02:11	gPTP Follow_Up	seq=55760 li=-3 spid=3cc0c6fffefe02100001
129.310754386	2	3c:c0:c6:fe:02:11	gPTP Sync	seq=55761 li=-3 spid=3cc0c6fffefe02100001
129.311489980	2	3c:c0:c6:fe:02:11	gPTP Follow_Up	seq=55761 li=-3 spid=3cc0c6fffefe02100001
129.351621690	3	02:00:00:00:00:01	MSRP	
129.430628084	2	3c:c0:c6:fe:02:11	gPTP Sync	seq=55762 li=-3 spid=3cc0c6fffefe02100001
129.431352894	2	3c:c0:c6:fe:02:11	gPTP Follow_Up	seq=55762 li=-3 spid=3cc0c6fffefe02100001
129.460440314	2	3c:c0:c6:fe:02:11	gPTP Pdelay_Req	seq=1532 li=0 spid=3cc0c6fffefe02100001
129.460451306	3	02:00:00:00:00:01	gPTP Pdelay_Resp	seq=1532 li=127 spid=020000fffe0000010001
129.460458866	3	02:00:00:00:00:01	gPTP Pdelay_Resp_Follow_Up	seq=1532 li=127 spid=020000fffe0000010001
129.551624961	3	02:00:00:00:00:01	gPTP Pdelay_Req	seq=1440 li=0 spid=020000fffe0000010001
129.552433003	2	3c:c0:c6:fe:02:11	gPTP Pdelay_Resp	seq=1440 li=127 spid=3cc0c6fffefe02100001
129.553420821	2	3c:c0:c6:fe:02:11	gPTP Pdelay_Resp_Follow_Up	seq=1440 li=127 spid=3cc0c6fffefe02100001
129.569918540	2	3c:c0:c6:fe:02:11	gPTP Sync	seq=55763 li=-3 spid=3cc0c6fffefe02100001
129.570498357	2	3c:c0:c6:fe:02:11	gPTP Follow_Up	seq=55763 li=-3 spid=3cc0c6fffefe02100001
129.600212371	2	3c:c0:c6:fe:02:11	MVRP	
129.680738384	2	3c:c0:c6:fe:02:11	gPTP Sync	seq=55764 li=-3 spid=3cc0c6fffefe02100001
129.681482386	2	3c:c0:c6:fe:02:11	gPTP Follow_Up	seq=55764 li=-3 spid=3cc0c6fffefe02100001
129.810788546	2	3c:c0:c6:fe:02:11	gPTP Sync	seq=55765 li=-3 spid=3cc0c6fffefe02100001
129.811519332	2	3c:c0:c6:fe:02:11	gPTP Follow_Up	seq=55765 li=-3 spid=3cc0c6fffefe02100001
129.930663843	2	3c:c0:c6:fe:02:11	gPTP Sync	seq=55766 li=-3 spid=3cc0c6fffefe02100001
129.931382253	2	3c:c0:c6:fe:02:11	gPTP Follow_Up	seq=55766 li=-3 spid=3cc0c6fffefe02100001
129.940017929	2	3c:c0:c6:fe:02:11	ethertype 0x0027	
130.000938776	2	3c:c0:c6:fe:02:11	gPTP Announce	seq=63968 li=0 spid=3cc0c6fffefe02100001 gm=3cc0c6fffefe0210 p1=246 sr=0
130.011620705	3	02:00:00:00:00:01	MAAP	
130.060795637	2	3c:c0:c6:fe:02:11	gPTP Sync	seq=55767 li=-3 spid=3cc0c6fffefe02100001
130.061520446	2	3c:c0:c6:fe:02:11	gPTP Follow_Up	seq=55767 li=-3 spid=3cc0c6fffefe02100001
130.180740734	2	3c:c0:c6:fe:02:11	gPTP Sync	seq=55768 li=-3 spid=3cc0c6fffefe02100001
130.181478336	2	3c:c0:c6:fe:02:11	gPTP Follow_Up	seq=55768 li=-3 spid=3cc0c6fffefe02100001
130.310740911	2	3c:c0:c6:fe:02:11	gPTP Sync	seq=55769 li=-3 spid=3cc0c6fffefe02100001
130.311476305	2	3c:c0:c6:fe:02:11	gPTP Follow_Up	seq=55769 li=-3 spid=3cc0c6fffefe02100001
130.351624015	3	02:00:00:00:00:01	MSRP	
130.430650801	2	3c:c0:c6:fe:02:11	gPTP Sync	seq=55770 li=-3 spid=3cc0c6fffefe02100001
130.431375610	2	3c:c0:c6:fe:02:11	gPTP Follow_Up	seq=55770 li=-3 spid=3cc0c6fffefe02100001
130.470442910	2	3c:c0:c6:fe:02:11	gPTP Pdelay_Req	seq=1533 li=0 spid=3cc0c6fffefe02100001
130.470453910	3	02:00:00:00:00:01	gPTP Pdelay_Resp	seq=1533 li=127 spid=020000fffe0000010001
130.470461470	3	02:00:00:00:00:01	gPTP Pdelay_Resp_Follow_Up	seq=1533 li=127 spid=020000fffe0000010001
130.551627277	3	02:00:00:00:00:01	gPTP Pdelay_Req	seq=1441 li=0 spid=020000fffe0000010001
130.552378502	2	3c:c0:c6:fe:02:11	gPTP Pdelay_Resp	seq=1441 li=127 spid=3cc0c6fffefe02100001
130.553368945	2	3c:c0:c6:fe:02:11	gPTP Pdelay_Resp_Follow_Up	seq=1441 li=127 spid=3cc0c6fffefe02100001
130.569926856	2	3c:c0:c6:fe:02:11	gPTP Sync	seq=55771 li=-3 spid=3cc0c6fffefe02100001
130.570505073	2	3c:c0:c6:fe:02:11	gPTP Follow_Up	seq=55771 li=-3 spid=3cc0c6fffefe02100001
130.600028078	2	3c:c0:c6:fe:02:11	MVRP	
130.680737100	2	3c:c0:c6:fe:02:11	gPTP Sync	seq=55772 li=-3 spid=3cc0c6fffefe02100001
130.681485901	2	3c:c0:c6:fe:02:11	gPTP Follow_Up	seq=55772 li=-3 spid=3cc0c6fffefe02100001
130.810803869	2	3c:c0:c6:fe:02:11	gPTP Sync	seq=55773 li=-3 spid=3cc0c6fffefe02100001
130.811537247	2	3c:c0:c6:fe:02:11	gPTP Follow_Up	seq=55773 li=-3 spid=3cc0c6fffefe02100001
130.930671167	2	3c:c0:c6:fe:02:11	gPTP Sync	seq=55774 li=-3 spid=3cc0c6fffefe02100001
130.931390184	2	3c:c0:c6:fe:02:11	gPTP Follow_Up	seq=55774 li=-3 spid=3cc0c6fffefe02100001
131.000939700	2	3c:c0:c6:fe:02:11	gPTP Announce	seq=63969 li=0 spid=3cc0c6fffefe02100001 gm=3cc0c6fffefe0210 p1=246 sr=0
131.060781520	2	3c:c0:c6:fe:02:11	gPTP Sync	seq=55775 li=-3 spid=3cc0c6fffefe02100001
131.061513754	2	3c:c0:c6:fe:02:11	gPTP Follow_Up	seq=55775 li=-3 spid=3cc0c6fffefe02100001
131.180722842	2	3c:c0:c6:fe:02:11	gPTP Sync	seq=55776 li=-3 spid=3cc0c6fffefe02100001
131.181459452	2	3c:c0:c6:fe:02:11	gPTP Follow_Up	seq=55776 li=-3 spid=3cc0c6fffefe02100001
131.240092694	2	3c:c0:c6:fe:02:11	MVRP	
131.310747628	2	3c:c0:c6:fe:02:11	gPTP Sync	seq=55777 li=-3 spid=3cc0c6fffefe02100001
131.311481037	2	3c:c0:c6:fe:02:11	gPTP Follow_Up	seq=55777 li=-3 spid=3cc0c6fffefe02100001
131.351626340	3	02:00:00:00:00:01	MSRP	
131.430810734	2	3c:c0:c6:fe:02:11	gPTP Sync	seq=55778 li=-3 spid=3cc0c6fffefe02100001
131.431649528	2	3c:c0:c6:fe:02:11	gPTP Follow_Up	seq=55778 li=-3 spid=3cc0c6fffefe02100001
131.480455490	2	3c:c0:c6:fe:02:11	gPTP Pdelay_Req	seq=1534 li=0 spid=3cc0c6fffefe02100001
131.480466490	3	02:00:00:00:00:01	gPTP Pdelay_Resp	seq=1534 li=127 spid=020000fffe0000010001
131.480474050	3	02:00:00:00:00:01	gPTP Pdelay_Resp_Follow_Up	seq=1534 li=127 spid=020000fffe0000010001
131.551629602	3	02:00:00:00:00:01	gPTP Pdelay_Req	seq=1442 li=0 spid=020000fffe0000010001
131.552384643	2	3c:c0:c6:fe:02:11	gPTP Pdelay_Resp	seq=1442 li=127 spid=3cc0c6fffefe02100001
131.553369254	2	3c:c0:c6:fe:02:11	gPTP Pdelay_Resp_Follow_Up	seq=1442 li=127 spid=3cc0c6fffefe02100001
131.569930373	2	3c:c0:c6:fe:02:11	gPTP Sync	seq=55779 li=-3 spid=3cc0c6fffefe02100001
131.570508590	2	3c:c0:c6:fe:02:11	gPTP Follow_Up	seq=55779 li=-3 spid=3cc0c6fffefe02100001
131.600215212	2	3c:c0:c6:fe:02:11	MVRP	
131.680769417	2	3c:c0:c6:fe:02:11	gPTP Sync	seq=55780 li=-3 spid=3cc0c6fffefe02100001
131.681513803	2	3c:c0:c6:fe:02:11	gPTP Follow_Up	seq=55780 li=-3 spid=3cc0c6fffefe02100001
131.750917334	2	3c:c0:c6:fe:02:11	MSRP	
131.751628328	3	02:00:00:00:00:01	MSRP	
131.810849179	2	3c:c0:c6:fe:02:11	gPTP Sync	seq=55781 li=-3 spid=3cc0c6fffefe02100001
131.811582588	2	3c:c0:c6:fe:02:11	gPTP Follow_Up	seq=55781 li=-3 spid=3cc0c6fffefe02100001
131.930677660	2	3c:c0:c6:fe:02:11	gPTP Sync	seq=55782 li=-3 spid=3cc0c6fffefe02100001
131.931397670	2	3c:c0:c6:fe:02:11	gPTP Follow_Up	seq=55782 li=-3 spid=3cc0c6fffefe02100001
131.940037346	2	3c:c0:c6:fe:02:11	ethertype 0x0027	
132.000988818	2	3c:c0:c6:fe:02:11	gPTP Announce	seq=63970 li=0 spid=3cc0c6fffefe02100001 gm=3cc0c6fffefe0210 p1=246 sr=0
132.060792238	2	3c:c0:c6:fe:02:11	gPTP Sync	seq=55783 li=-3 spid=3cc0c6fffefe02100001
132.061520664	2	3c:c0:c6:fe:02:11	gPTP Follow_Up	seq=55783 li=-3 spid=3cc0c6fffefe02100001
132.180729976	2	3c:c0:c6:fe:02:11	gPTP Sync	seq=55784 li=-3 spid=3cc0c6fffefe02100001
132.181464378	2	3c:c0:c6:fe:02:11	gPTP Follow_Up	seq=55784 li=-3 spid=3cc0c6fffefe02100001
132.310769546	2	3c:c0:c6:fe:02:11	gPTP Sync	seq=55785 li=-3 spid=3cc0c6fffefe02100001
132.311503340	2	3c:c0:c6:fe:02:11	gPTP Follow_Up	seq=55785 li=-3 spid=3cc0c6fffefe02100001
132.351628658	3	02:00:00:00:00:01	MSRP	
132.430730252	2	3c:c0:c6:fe:02:11	gPTP Sync	seq=55786 li=-3 spid=3cc0c6fffefe02100001
132.431453430	2	3c:c0:c6:fe:02:11	gPTP Follow_Up	seq=55786 li=-3 spid=3cc0c6fffefe02100001
132.490442288	2	3c:c0:c6:fe:02:11	gPTP Pdelay_Req	seq=1535 li=0 spid=3cc0c6fffefe02100001
132.490453280	3	02:00:00:00:00:01	gPTP Pdelay_Resp	seq=1535 li=127 spid=020000fffe0000010001
132.490460840	3	02:00:00:00:00:01	gPTP Pdelay_Resp_Follow_Up	seq=1535 li=127 spid=020000fffe0000010001
132.551631912	3	02:00:00:00:00:01	gPTP Pdelay_Req	seq=1443 li=0 spid=020000fffe0000010001
132.552379362	2	3c:c0:c6:fe:02:11	gPTP Pdelay_Resp	seq=1443 li=127 spid=3cc0c6fffefe02100001
132.553370372	2	3c:c0:c6:fe:02:11	gPTP Pdelay_Resp_Follow_Up	seq=1443 li=127 spid=3cc0c6fffefe02100001
132.569942083	2	3c:c0:c6:fe:02:11	gPTP Sync	seq=55787 li=-3 spid=3cc0c6fffefe02100001
132.570521892	2	3c:c0:c6:fe:02:11	gPTP Follow_Up	seq=55787 li=-3 spid=3cc0c6fffefe02100001
132.600054690	2	3c:c0:c6:fe:02:11	MVRP	
132.680749736	2	3c:c0:c6:fe:02:11	gPTP Sync	seq=55788 li=-3 spid=3cc0c6fffefe02100001
132.681493129	2	3c:c0:c6:fe:02:11	gPTP Follow_Up	seq=55788 li=-3 spid=3cc0c6fffefe02100001
132.810809497	2	3c:c0:c6:fe:02:11	gPTP Sync	seq=55789 li=-3 spid=3cc0c6fffefe02100001
132.811537499	2	3c:c0:c6:fe:02:11	gPTP Follow_Up	seq=55789 li=-3 spid=3cc0c6fffefe02100001
132.895980538	2	68:05:ca:95:b2:ed	AECP	
132.896013106	3	02:00:00:00:00:01	AECP	
132.896156538	2	68:05:ca:95:b2:ed	AECP	
132.896184378	3	02:00:00:00:00:01	AECP	
132.930723803	2	3c:c0:c6:fe:02:11	gPTP Sync	seq=55790 li=-3 spid=3cc0c6fffefe02100001
132.931443805	2	3c:c0:c6:fe:02:11	gPTP Follow_Up	seq=55790 li=-3 spid=3cc0c6fffefe02100001
133.000962536	2	3c:c0:c6:fe:02:11	gPTP Announce	seq=63971 li=0 spid=3cc0c6fffefe02100001 gm=3cc0c6fffefe0210 p1=246 sr=0
133.060799373	2	3c:c0:c6:fe:02:11	gPTP Sync	seq=55791 li=-3 spid=3cc0c6fffefe02100001
133.061531191	2	3c:c0:c6:fe:02:11	gPTP Follow_Up	seq=55791 li=-3 spid=3cc0c6fffefe02100001
133.180767479	2	3c:c0:c6:fe:02:11	gPTP Sync	seq=55792 li=-3 spid=3cc0c6fffefe02100001
133.181505689	2	3c:c0:c6:fe:02:11	gPTP Follow_Up	seq=55792 li=-3 spid=3cc0c6fffefe02100001
133.310760265	2	3c:c0:c6:fe:02:11	gPTP Sync	seq=55793 li=-3 spid=3cc0c6fffefe02100001
133.311494667	2	3c:c0:c6:fe:02:11	gPTP Follow_Up	seq=55793 li=-3 spid=3cc0c6fffefe02100001
133.351630953	3	02:00:00:00:00:01	MSRP	
133.430732555	2	3c:c0:c6:fe:02:11	gPTP Sync	seq=55794 li=-3 spid=3cc0c6fffefe02100001
133.431457365	2	3c:c0:c6:fe:02:11	gPTP Follow_Up	seq=55794 li=-3 spid=3cc0c6fffefe02100001
133.457628682	3	02:00:00:00:00:01	MAAP	
133.500461879	2	3c:c0:c6:fe:02:11	gPTP Pdelay_Req	seq=1536 li=0 spid=3cc0c6fffefe02100001
133.500472871	3	02:00:00:00:00:01	gPTP Pdelay_Resp	seq=1536 li=127 spid=020000fffe0000010001
133.500480431	3	02:00:00:00:00:01	gPTP Pdelay_Resp_Follow_Up	seq=1536 li=127 spid=020000fffe0000010001
133.551634215	3	02:00:00:00:00:01	gPTP Pdelay_Req	seq=1444 li=0 spid=020000fffe0000010001
133.552204673	2	3c:c0:c6:fe:02:11	gPTP Sync	seq=55795 li=-3 spid=3cc0c6fffefe02100001
133.553304483	2	3c:c0:c6:fe:02:11	gPTP Follow_Up	seq=55795 li=-3 spid=3cc0c6fffefe02100001
133.569964611	2	3c:c0:c6:fe:02:11	gPTP Pdelay_Resp	seq=1444 li=127 spid=3cc0c6fffefe02100001
133.570572612	2	3c:c0:c6:fe:02:11	gPTP Pdelay_Resp_Follow_Up	seq=1444 li=127 spid=3cc0c6fffefe02100001
133.600236842	2	3c:c0:c6:fe:02:11	MVRP	
133.680763239	2	3c:c0:c6:fe:02:11	gPTP Sync	seq=55796 li=-3 spid=3cc0c6fffefe02100001
133.681507849	2	3c:c0:c6:fe:02:11	gPTP Follow_Up	seq=55796 li=-3 spid=3cc0c6fffefe02100001
133.810826425	2	3c:c0:c6:fe:02:11	gPTP Sync	seq=55797 li=-3 spid=3cc0c6fffefe02100001
133.811555002	2	3c:c0:c6:fe:02:11	gPTP Follow_Up	seq=55797 li=-3 spid=3cc0c6fffefe02100001
133.930729914	2	3c:c0:c6:fe:02:11	gPTP Sync	seq=55798 li=-3 spid=3cc0c6fffefe02100001
133.931450532	2	3c:c0:c6:fe:02:11	gPTP Follow_Up	seq=55798 li=-3 spid=3cc0c6fffefe02100001
133.940048800	2	3c:c0:c6:fe:02:11	ethertype 0x0027	
134.000965455	2	3c:c0:c6:fe:02:11	gPTP Announce	seq=63972 li=0 spid=3cc0c6fffefe02100001 gm=3cc0c6fffefe0210 p1=246 sr=0
134.060827499	2	3c:c0:c6:fe:02:11	gPTP Sync	seq=55799 li=-3 spid=3cc0c6fffefe02100001
134.061555509	2	3c:c0:c6:fe:02:11	gPTP Follow_Up	seq=55799 li=-3 spid=3cc0c6fffefe02100001
134.180748213	2	3c:c0:c6:fe:02:11	gPTP Sync	seq=55800 li=-3 spid=3cc0c6fffefe02100001
134.181479383	2	3c:c0:c6:fe:02:11	gPTP Follow_Up	seq=55800 li=-3 spid=3cc0c6fffefe02100001
134.310834182	2	3c:c0:c6:fe:02:11	gPTP Sync	seq=55801 li=-3 spid=3cc0c6fffefe02100001
134.311565384	2	3c:c0:c6:fe:02:11	gPTP Follow_Up	seq=55801 li=-3 spid=3cc0c6fffefe02100001
134.351633262	3	02:00:00:00:00:01	MSRP	
134.430751696	2	3c:c0:c6:fe:02:11	gPTP Sync	seq=55802 li=-3 spid=3cc0c6fffefe02100001
134.431484465	2	3c:c0:c6:fe:02:11	gPTP Follow_Up	seq=55802 li=-3 spid=3cc0c6fffefe02100001
134.500655388	2	3c:c0:c6:fe:02:11	gPTP Pdelay_Req	seq=1537 li=0 spid=3cc0c6fffefe02100001
134.500666372	3	02:00:00:00:00:01	gPTP Pdelay_Resp	seq=1537 li=127 spid=020000fffe0000010001
134.500673932	3	02:00:00:00:00:01	gPTP Pdelay_Resp_Follow_Up	seq=1537 li=127 spid=020000fffe0000010001
134.551633715	3	02:00:00:00:00:01	MSRP	
134.551636531	3	02:00:00:00:00:01	gPTP Pdelay_Req	seq=1445 li=0 spid=020000fffe0000010001
134.552439197	2	3c:c0:c6:fe:02:11	gPTP Pdelay_Resp	seq=1445 li=127 spid=3cc0c6fffefe02100001
134.553518600	2	3c:c0:c6:fe:02:11	gPTP Pdelay_Resp_Follow_Up	seq=1445 li=127 spid=3cc0c6fffefe02100001
134.555300628	2	3c:c0:c6:fe:02:11	MSRP	
134.570125127	2	3c:c0:c6:fe:02:11	gPTP Sync	seq=55803 li=-3 spid=3cc0c6fffefe02100001
134.570812712	2	3c:c0:c6:fe:02:11	gPTP Follow_Up	seq=55803 li=-3 spid=3cc0c6fffefe02100001
134.600052549	2	3c:c0:c6:fe:02:11	MVRP	
134.650557539	2	3c:c0:c6:fe:02:11	MSRP	
134.680833571	2	3c:c0:c6:fe:02:11	gPTP Sync	seq=55804 li=-3 spid=3cc0c6fffefe02100001
134.681560364	2	3c:c0:c6:fe:02:11	gPTP Follow_Up	seq=55804 li=-3 spid=3cc0c6fffefe02100001
134.810828916	2	3c:c0:c6:fe:02:11	gPTP Sync	seq=55805 li=-3 spid=3cc0c6fffefe02100001
134.811557950	2	3c:c0:c6:fe:02:11	gPTP Follow_Up	seq=55805 li=-3 spid=3cc0c6fffefe02100001
134.930703645	2	3c:c0:c6:fe:02:11	gPTP Sync	seq=55806 li=-3 spid=3cc0c6fffefe02100001
134.931422047	2	3c:c0:c6:fe:02:11	gPTP Follow_Up	seq=55806 li=-3 spid=3cc0c6fffefe02100001
135.000981771	2	3c:c0:c6:fe:02:11	gPTP Announce	seq=63973 li=0 spid=3cc0c6fffefe02100001 gm=3cc0c6fffefe0210 p1=246 sr=0
135.060812399	2	3c:c0:c6:fe:02:11	gPTP Sync	seq=55807 li=-3 spid=3cc0c6fffefe02100001
135.061545233	2	3c:c0:c6:fe:02:11	gPTP Follow_Up	seq=55807 li=-3 spid=3cc0c6fffefe02100001
135.180754321	2	3c:c0:c6:fe:02:11	gPTP Sync	seq=55808 li=-3 spid=3cc0c6fffefe02100001
135.181487707	2	3c:c0:c6:fe:02:11	gPTP Follow_Up	seq=55808 li=-3 spid=3cc0c6fffefe02100001
135.310788675	2	3c:c0:c6:fe:02:11	gPTP Sync	seq=55809 li=-3 spid=3cc0c6fffefe02100001
135.311521516	2	3c:c0:c6:fe:02:11	gPTP Follow_Up	seq=55809 li=-3 spid=3cc0c6fffefe02100001
135.351635594	3	02:00:00:00:00:01	MSRP	
135.430713004	2	3c:c0:c6:fe:02:11	gPTP Sync	seq=55810 li=-3 spid=3cc0c6fffefe02100001
135.431446414	2	3c:c0:c6:fe:02:11	gPTP Follow_Up	seq=55810 li=-3 spid=3cc0c6fffefe02100001
135.510368799	2	3c:c0:c6:fe:02:11	gPTP Pdelay_Req	seq=1538 li=0 spid=3cc0c6fffefe02100001
135.510379799	3	02:00:00:00:00:01	gPTP Pdelay_Resp	seq=1538 li=127 spid=020000fffe0000010001
135.510387360	3	02:00:00:00:00:01	gPTP Pdelay_Resp_Follow_Up	seq=1538 li=127 spid=020000fffe0000010001
135.551638856	3	02:00:00:00:00:01	gPTP Pdelay_Req	seq=1446 li=0 spid=020000fffe0000010001
135.552388314	2	3c:c0:c6:fe:02:11	gPTP Pdelay_Resp	seq=1446 li=127 spid=3cc0c6fffefe02100001
135.553368516	2	3c:c0:c6:fe:02:11	gPTP Pdelay_Resp_Follow_Up	seq=1446 li=127 spid=3cc0c6fffefe02100001
135.569965443	2	3c:c0:c6:fe:02:11	gPTP Sync	seq=55811 li=-3 spid=3cc0c6fffefe02100001
135.570791045	2	3c:c0:c6:fe:02:11	gPTP Follow_Up	seq=55811 li=-3 spid=3cc0c6fffefe02100001
135.600272067	2	3c:c0:c6:fe:02:11	MVRP	
135.680775680	2	3c:c0:c6:fe:02:11	gPTP Sync	seq=55812 li=-3 spid=3cc0c6fffefe02100001
135.681503690	2	3c:c0:c6:fe:02:11	gPTP Follow_Up	seq=55812 li=-3 spid=3cc0c6fffefe02100001
135.810837242	2	3c:c0:c6:fe:02:11	gPTP Sync	seq=55813 li=-3 spid=3cc0c6fffefe02100001
135.811570075	2	3c:c0:c6:fe:02:11	gPTP Follow_Up	seq=55813 li=-3 spid=3cc0c6fffefe02100001
135.930711963	2	3c:c0:c6:fe:02:11	gPTP Sync	seq=55814 li=-3 spid=3cc0c6fffefe02100001
135.931430373	2	3c:c0:c6:fe:02:11	gPTP Follow_Up	seq=55814 li=-3 spid=3cc0c6fffefe02100001
135.940063809	2	3c:c0:c6:fe:02:11	ethertype 0x0027	
135.957932779	2	3c:c0:c6:01:02:03	ADP	eid=3cc0c60102030000 gm=3cc0c6fffefe0210
136.001007089	2	3c:c0:c6:fe:02:11	gPTP Announce	seq=63974 li=0 spid=3cc0c6fffefe02100001 gm=3cc0c6fffefe0210 p1=246 sr=0
136.060819533	2	3c:c0:c6:fe:02:11	gPTP Sync	seq=55815 li=-3 spid=3cc0c6fffefe02100001
136.061545527	2	3c:c0:c6:fe:02:11	gPTP Follow_Up	seq=55815 li=-3 spid=3cc0c6fffefe02100001
136.180788247	2	3c:c0:c6:fe:02:11	gPTP Sync	seq=55816 li=-3 spid=3cc0c6fffefe02100001
136.181523257	2	3c:c0:c6:fe:02:11	gPTP Follow_Up	seq=55816 li=-3 spid=3cc0c6fffefe02100001
136.310784233	2	3c:c0:c6:fe:02:11	gPTP Sync	seq=55817 li=-3 spid=3cc0c6fffefe02100001
136.311519019	2	3c:c0:c6:fe:02:11	gPTP Follow_Up	seq=55817 li=-3 spid=3cc0c6fffefe02100001
136.351637913	3	02:00:00:00:00:01	MSRP	
136.430723915	2	3c:c0:c6:fe:02:11	gPTP Sync	seq=55818 li=-3 spid=3cc0c6fffefe02100001
136.431460533	2	3c:c0:c6:fe:02:11	gPTP Follow_Up	seq=55818 li=-3 spid=3cc0c6fffefe02100001
136.520384590	2	3c:c0:c6:fe:02:11	gPTP Pdelay_Req	seq=1539 li=0 spid=3cc0c6fffefe02100001
136.520395582	3	02:00:00:00:00:01	gPTP Pdelay_Resp	seq=1539 li=127 spid=020000fffe0000010001
136.520403142	3	02:00:00:00:00:01	gPTP Pdelay_Resp_Follow_Up	seq=1539 li=127 spid=020000fffe0000010001
136.551641175	3	02:00:00:00:00:01	gPTP Pdelay_Req	seq=1447 li=0 spid=020000fffe0000010001
136.552394433	2	3c:c0:c6:fe:02:11	gPTP Pdelay_Resp	seq=1447 li=127 spid=3cc0c6fffefe02100001
136.553382251	2	3c:c0:c6:fe:02:11	gPTP Pdelay_Resp_Follow_Up	seq=1447 li=127 spid=3cc0c6fffefe02100001
136.569971778	2	3c:c0:c6:fe:02:11	gPTP Sync	seq=55819 li=-3 spid=3cc0c6fffefe02100001
136.570536972	2	3c:c0:c6:fe:02:11	gPTP Follow_Up	seq=55819 li=-3 spid=3cc0c6fffefe02100001
136.600021193	2	3c:c0:c6:fe:02:11	MVRP	
136.680784999	2	3c:c0:c6:fe:02:11	gPTP Sync	seq=55820 li=-3 spid=3cc0c6fffefe02100001
136.681530193	2	3c:c0:c6:fe:02:11	gPTP Follow_Up	seq=55820 li=-3 spid=3cc0c6fffefe02100001
136.792639990	3	02:00:00:00:00:01	ADP	eid=020000fffe000001 gm=3cc0c6fffefe0210
136.810857785	2	3c:c0:c6:fe:02:11	gPTP Sync	seq=55821 li=-3 spid=3cc0c6fffefe02100001
136.811589986	2	3c:c0:c6:fe:02:11	gPTP Follow_Up	seq=55821 li=-3 spid=3cc0c6fffefe02100001
136.930713283	2	3c:c0:c6:fe:02:11	gPTP Sync	seq=55822 li=-3 spid=3cc0c6fffefe02100001
136.931429668	2	3c:c0:c6:fe:02:11	gPTP Follow_Up	seq=55822 li=-3 spid=3cc0c6fffefe02100001
136.940187337	2	3c:c0:c6:fe:02:10	ethertype 0x0800	
137.001024816	2	3c:c0:c6:fe:02:11	gPTP Announce	seq=63975 li=0 spid=3cc0c6fffefe02100001 gm=3cc0c6fffefe0210 p1=246 sr=0
137.060827669	2	3c:c0:c6:fe:02:11	gPTP Sync	seq=55823 li=-3 spid=3cc0c6fffefe02100001
137.061552478	2	3c:c0:c6:fe:02:11	gPTP Follow_Up	seq=55823 li=-3 spid=3cc0c6fffefe02100001
137.180767967	2	3c:c0:c6:fe:02:11	gPTP Sync	seq=55824 li=-3 spid=3cc0c6fffefe02100001
137.181501376	2	3c:c0:c6:fe:02:11	gPTP Follow_Up	seq=55824 li=-3 spid=3cc0c6fffefe02100001
137.310793744	2	3c:c0:c6:fe:02:11	gPTP Sync	seq=55825 li=-3 spid=3cc0c6fffefe02100001
137.311531346	2	3c:c0:c6:fe:02:11	gPTP Follow_Up	seq=55825 li=-3 spid=3cc0c6fffefe02100001
137.351640241	3	02:00:00:00:00:01	MSRP	
137.430737843	2	3c:c0:c6:fe:02:11	gPTP Sync	seq=55826 li=-3 spid=3cc0c6fffefe02100001
137.431474460	2	3c:c0:c6:fe:02:11	gPTP Follow_Up	seq=55826 li=-3 spid=3cc0c6fffefe02100001
137.530383205	2	3c:c0:c6:fe:02:11	gPTP Pdelay_Req	seq=1540 li=0 spid=3cc0c6fffefe02100001
137.530394205	3	02:00:00:00:00:01	gPTP Pdelay_Resp	seq=1540 li=127 spid=020000fffe0000010001
137.530401765	3	02:00:00:00:00:01	gPTP Pdelay_Resp_Follow_Up	seq=1540 li=127 spid=020000fffe0000010001
137.551643495	3	02:00:00:00:00:01	gPTP Pdelay_Req	seq=1448 li=0 spid=020000fffe0000010001
137.552396169	2	3c:c0:c6:fe:02:11	gPTP Pdelay_Resp	seq=1448 li=127 spid=3cc0c6fffefe02100001
137.553383979	2	3c:c0:c6:fe:02:11	gPTP Pdelay_Resp_Follow_Up	seq=1448 li=127 spid=3cc0c6fffefe02100001
137.569981290	2	3c:c0:c6:fe:02:11	gPTP Sync	seq=55827 li=-3 spid=3cc0c6fffefe02100001
137.570549899	2	3c:c0:c6:fe:02:11	gPTP Follow_Up	seq=55827 li=-3 spid=3cc0c6fffefe02100001
137.600293329	2	3c:c0:c6:fe:02:11	MVRP	
137.680846927	2	3c:c0:c6:fe:02:11	gPTP Sync	seq=55828 li=-3 spid=3cc0c6fffefe02100001
137.681589328	2	3c:c0:c6:fe:02:11	gPTP Follow_Up	seq=55828 li=-3 spid=3cc0c6fffefe02100001
137.810847712	2	3c:c0:c6:fe:02:11	gPTP Sync	seq=55829 li=-3 spid=3cc0c6fffefe02100001
137.811579522	2	3c:c0:c6:fe:02:11	gPTP Follow_Up	seq=55829 li=-3 spid=3cc0c6fffefe02100001
137.894977750	2	68:05:ca:95:b2:ed	AECP	
137.895010014	3	02:00:00:00:00:01	AECP	
137.895152534	2	68:05:ca:95:b2:ed	AECP	
137.895180006	3	02:00:00:00:00:01	AECP	
137.930722017	2	3c:c0:c6:fe:02:11	gPTP Sync	seq=55830 li=-3 spid=3cc0c6fffefe02100001
137.931441419	2	3c:c0:c6:fe:02:11	gPTP Follow_Up	seq=55830 li=-3 spid=3cc0c6fffefe02100001
137.940081671	2	3c:c0:c6:fe:02:11	ethertype 0x0027	
138.001030935	2	3c:c0:c6:fe:02:11	gPTP Announce	seq=63976 li=0 spid=3cc0c6fffefe02100001 gm=3cc0c6fffefe0210 p1=246 sr=0
138.060860979	2	3c:c0:c6:fe:02:11	gPTP Sync	seq=55831 li=-3 spid=3cc0c6fffefe02100001
138.061595997	2	3c:c0:c6:fe:02:11	gPTP Follow_Up	seq=55831 li=-3 spid=3cc0c6fffefe02100001
138.135639530	3	02:00:00:00:00:01	MAAP	
138.180773692	2	3c:c0:c6:fe:02:11	gPTP Sync	seq=55832 li=-3 spid=3cc0c6fffefe02100001
138.181505886	2	3c:c0:c6:fe:02:11	gPTP Follow_Up	seq=55832 li=-3 spid=3cc0c6fffefe02100001
138.310812270	2	3c:c0:c6:fe:02:11	gPTP Sync	seq=55833 li=-3 spid=3cc0c6fffefe02100001
138.311546671	2	3c:c0:c6:fe:02:11	gPTP Follow_Up	seq=55833 li=-3 spid=3cc0c6fffefe02100001
138.351642541	3	02:00:00:00:00:01	MSRP	
138.430739759	2	3c:c0:c6:fe:02:11	gPTP Sync	seq=55834 li=-3 spid=3cc0c6fffefe02100001
138.431472569	2	3c:c0:c6:fe:02:11	gPTP Follow_Up	seq=55834 li=-3 spid=3cc0c6fffefe02100001
138.540418185	2	3c:c0:c6:fe:02:11	gPTP Pdelay_Req	seq=1541 li=0 spid=3cc0c6fffefe02100001
138.540429177	3	02:00:00:00:00:01	gPTP Pdelay_Resp	seq=1541 li=127 spid=020000fffe0000010001
138.540436737	3	02:00:00:00:00:01	gPTP Pdelay_Resp_Follow_Up	seq=1541 li=127 spid=020000fffe0000010001
138.551645811	3	02:00:00:00:00:01	gPTP Pdelay_Req	seq=1449 li=0 spid=020000fffe0000010001
138.552401861	2	3c:c0:c6:fe:02:11	gPTP Pdelay_Resp	seq=1449 li=127 spid=3cc0c6fffefe02100001
138.553388495	2	3c:c0:c6:fe:02:11	gPTP Pdelay_Resp_Follow_Up	seq=1449 li=127 spid=3cc0c6fffefe02100001
138.569988614	2	3c:c0:c6:fe:02:11	gPTP Sync	seq=55835 li=-3 spid=3cc0c6fffefe02100001
138.570566223	2	3c:c0:c6:fe:02:11	gPTP Follow_Up	seq=55835 li=-3 spid=3cc0c6fffefe02100001
138.600142637	2	3c:c0:c6:fe:02:11	MVRP	
138.680800842	2	3c:c0:c6:fe:02:11	gPTP Sync	seq=55836 li=-3 spid=3cc0c6fffefe02100001
138.681546068	2	3c:c0:c6:fe:02:11	gPTP Follow_Up	seq=55836 li=-3 spid=3cc0c6fffefe02100001
138.810859803	2	3c:c0:c6:fe:02:11	gPTP Sync	seq=55837 li=-3 spid=3cc0c6fffefe02100001
138.811593029	2	3c:c0:c6:fe:02:11	gPTP Follow_Up	seq=55837 li=-3 spid=3cc0c6fffefe02100001
138.930736741	2	3c:c0:c6:fe:02:11	gPTP Sync	seq=55838 li=-3 spid=3cc0c6fffefe02100001
138.931453511	2	3c:c0:c6:fe:02:11	gPTP Follow_Up	seq=55838 li=-3 spid=3cc0c6fffefe02100001
139.000998258	2	3c:c0:c6:fe:02:11	gPTP Announce	seq=63977 li=0 spid=3cc0c6fffefe02100001 gm=3cc0c6fffefe0210 p1=246 sr=0
139.060859319	2	3c:c0:c6:fe:02:11	gPTP Sync	seq=55839 li=-3 spid=3cc0c6fffefe02100001
139.061589921	2	3c:c0:c6:fe:02:11	gPTP Follow_Up	seq=55839 li=-3 spid=3cc0c6fffefe02100001
139.180808609	2	3c:c0:c6:fe:02:11	gPTP Sync	seq=55840 li=-3 spid=3cc0c6fffefe02100001
139.181538818	2	3c:c0:c6:fe:02:11	gPTP Follow_Up	seq=55840 li=-3 spid=3cc0c6fffefe02100001
139.310811986	2	3c:c0:c6:fe:02:11	gPTP Sync	seq=55841 li=-3 spid=3cc0c6fffefe02100001
139.311545396	2	3c:c0:c6:fe:02:11	gPTP Follow_Up	seq=55841 li=-3 spid=3cc0c6fffefe02100001
139.351644866	3	02:00:00:00:00:01	MSRP	
139.430745492	2	3c:c0:c6:fe:02:11	gPTP Sync	seq=55842 li=-3 spid=3cc0c6fffefe02100001
139.431477310	2	3c:c0:c6:fe:02:11	gPTP Follow_Up	seq=55842 li=-3 spid=3cc0c6fffefe02100001
139.550497589	2	3c:c0:c6:fe:02:11	gPTP Pdelay_Req	seq=1542 li=0 spid=3cc0c6fffefe02100001
139.550508581	3	02:00:00:00:00:01	gPTP Pdelay_Resp	seq=1542 li=127 spid=020000fffe0000010001
139.550516149	3	02:00:00:00:00:01	gPTP Pdelay_Resp_Follow_Up	seq=1542 li=127 spid=020000fffe0000010001
139.551648128	3	02:00:00:00:00:01	gPTP Pdelay_Req	seq=1450 li=0 spid=020000fffe0000010001
139.570007531	2	3c:c0:c6:fe:02:11	gPTP Pdelay_Resp	seq=1450 li=127 spid=3cc0c6fffefe02100001
139.570623149	2	3c:c0:c6:fe:02:11	gPTP Pdelay_Resp_Follow_Up	seq=1450 li=127 spid=3cc0c6fffefe02100001
139.579994419	2	3c:c0:c6:fe:02:11	gPTP Sync	seq=55843 li=-3 spid=3cc0c6fffefe02100001
139.580550012	2	3c:c0:c6:fe:02:11	gPTP Follow_Up	seq=55843 li=-3 spid=3cc0c6fffefe02100001
139.602292383	2	3c:c0:c6:fe:02:11	MVRP	
139.680808176	2	3c:c0:c6:fe:02:11	gPTP Sync	seq=55844 li=-3 spid=3cc0c6fffefe02100001
139.681555377	2	3c:c0:c6:fe:02:11	gPTP Follow_Up	seq=55844 li=-3 spid=3cc0c6fffefe02100001
139.810873953	2	3c:c0:c6:fe:02:11	gPTP Sync	seq=55845 li=-3 spid=3cc0c6fffefe02100001
139.811604163	2	3c:c0:c6:fe:02:11	gPTP Follow_Up	seq=55845 li=-3 spid=3cc0c6fffefe02100001
139.930736451	2	3c:c0:c6:fe:02:11	gPTP Sync	seq=55846 li=-3 spid=3cc0c6fffefe02100001
139.931450061	2	3c:c0:c6:fe:02:11	gPTP Follow_Up	seq=55846 li=-3 spid=3cc0c6fffefe02100001
139.940094121	2	3c:c0:c6:fe:02:11	ethertype 0x0027	
140.001012976	2	3c:c0:c6:fe:02:11	gPTP Announce	seq=63978 li=0 spid=3cc0c6fffefe02100001 gm=3cc0c6fffefe0210 p1=246 sr=0
140.060870805	2	3c:c0:c6:fe:02:11	gPTP Sync	seq=55847 li=-3 spid=3cc0c6fffefe02100001
140.061598847	2	3c:c0:c6:fe:02:11	gPTP Follow_Up	seq=55847 li=-3 spid=3cc0c6fffefe02100001
140.139388422	2	3c:c0:c6:01:02:03	MAAP	
140.180795135	2	3c:c0:c6:fe:02:11	gPTP Sync	seq=55848 li=-3 spid=3cc0c6fffefe02100001
140.181532737	2	3c:c0:c6:fe:02:11	gPTP Follow_Up	seq=55848 li=-3 spid=3cc0c6fffefe02100001
140.310813489	2	3c:c0:c6:fe:02:11	gPTP Sync	seq=55849 li=-3 spid=3cc0c6fffefe02100001
140.311547890	2	3c:c0:c6:fe:02:11	gPTP Follow_Up	seq=55849 li=-3 spid=3cc0c6fffefe02100001
140.351647185	3	02:00:00:00:00:01	MSRP	
140.430761203	2	3c:c0:c6:fe:02:11	gPTP Sync	seq=55850 li=-3 spid=3cc0c6fffefe02100001
140.431497212	2	3c:c0:c6:fe:02:11	gPTP Follow_Up	seq=55850 li=-3 spid=3cc0c6fffefe02100001
140.551650447	3	02:00:00:00:00:01	gPTP Pdelay_Req	seq=1451 li=0 spid=020000fffe0000010001
140.552439337	2	3c:c0:c6:fe:02:11	gPTP Pdelay_Resp	seq=1451 li=127 spid=3cc0c6fffefe02100001
140.553522931	2	3c:c0:c6:fe:02:11	gPTP Pdelay_Resp_Follow_Up	seq=1451 li=127 spid=3cc0c6fffefe02100001
140.570002066	2	3c:c0:c6:fe:02:11	gPTP Sync	seq=55851 li=-3 spid=3cc0c6fffefe02100001
140.570582259	2	3c:c0:c6:fe:02:11	gPTP Follow_Up	seq=55851 li=-3 spid=3cc0c6fffefe02100001
140.580003545	2	3c:c0:c6:fe:02:11	gPTP Pdelay_Req	seq=1543 li=0 spid=3cc0c6fffefe02100001
140.580014545	3	02:00:00:00:00:01	gPTP Pdelay_Resp	seq=1543 li=127 spid=020000fffe0000010001
140.580022105	3	02:00:00:00:00:01	gPTP Pdelay_Resp_Follow_Up	seq=1543 li=127 spid=020000fffe0000010001
140.600122097	2	3c:c0:c6:fe:02:11	MVRP	
140.680838287	2	3c:c0:c6:fe:02:11	gPTP Sync	seq=55852 li=-3 spid=3cc0c6fffefe02100001
140.681562712	2	3c:c0:c6:fe:02:11	gPTP Follow_Up	seq=55852 li=-3 spid=3cc0c6fffefe02100001
140.810867264	2	3c:c0:c6:fe:02:11	gPTP Sync	seq=55853 li=-3 spid=3cc0c6fffefe02100001
140.811588874	2	3c:c0:c6:fe:02:11	gPTP Follow_Up	seq=55853 li=-3 spid=3cc0c6fffefe02100001
140.930738985	2	3c:c0:c6:fe:02:11	gPTP Sync	seq=55854 li=-3 spid=3cc0c6fffefe02100001
140.931447787	2	3c:c0:c6:fe:02:11	gPTP Follow_Up	seq=55854 li=-3 spid=3cc0c6fffefe02100001
141.001022902	2	3c:c0:c6:fe:02:11	gPTP Announce	seq=63979 li=0 spid=3cc0c6fffefe02100001 gm=3cc0c6fffefe0210 p1=246 sr=0
141.060883931	2	3c:c0:c6:fe:02:11	gPTP Sync	seq=55855 li=-3 spid=3cc0c6fffefe02100001
141.061604356	2	3c:c0:c6:fe:02:11	gPTP Follow_Up	seq=55855 li=-3 spid=3cc0c6fffefe02100001
141.180793860	2	3c:c0:c6:fe:02:11	gPTP Sync	seq=55856 li=-3 spid=3cc0c6fffefe02100001
141.181520838	2	3c:c0:c6:fe:02:11	gPTP Follow_Up	seq=55856 li=-3 spid=3cc0c6fffefe02100001
141.240168511	2	3c:c0:c6:fe:02:11	MVRP	
141.310830229	2	3c:c0:c6:fe:02:11	gPTP Sync	seq=55857 li=-3 spid=3cc0c6fffefe02100001
141.311556631	2	3c:c0:c6:fe:02:11	gPTP Follow_Up	seq=55857 li=-3 spid=3cc0c6fffefe02100001
141.351649501	3	02:00:00:00:00:01	MSRP	
141.430754135	2	3c:c0:c6:fe:02:11	gPTP Sync	seq=55858 li=-3 spid=3cc0c6fffefe02100001
141.431479552	2	3c:c0:c6:fe:02:11	gPTP Follow_Up	seq=55858 li=-3 spid=3cc0c6fffefe02100001
141.551652762	3	02:00:00:00:00:01	gPTP Pdelay_Req	seq=1452 li=0 spid=020000fffe0000010001
141.552402828	2	3c:c0:c6:fe:02:11	gPTP Pdelay_Resp	seq=1452 li=127 spid=3cc0c6fffefe02100001
141.553377239	2	3c:c0:c6:fe:02:11	gPTP Pdelay_Resp_Follow_Up	seq=1452 li=127 spid=3cc0c6fffefe02100001
141.570026382	2	3c:c0:c6:fe:02:11	gPTP Sync	seq=55859 li=-3 spid=3cc0c6fffefe02100001
141.570651383	2	3c:c0:c6:fe:02:11	gPTP Follow_Up	seq=55859 li=-3 spid=3cc0c6fffefe02100001
141.590483342	2	3c:c0:c6:fe:02:11	gPTP Pdelay_Req	seq=1544 li=0 spid=3cc0c6fffefe02100001
141.590494326	3	02:00:00:00:00:01	gPTP Pdelay_Resp	seq=1544 li=127 spid=020000fffe0000010001
141.590501886	3	02:00:00:00:00:01	gPTP Pdelay_Resp_Follow_Up	seq=1544 li=127 spid=020000fffe0000010001
141.600348405	2	3c:c0:c6:fe:02:11	MVRP	
141.680827026	2	3c:c0:c6:fe:02:11	gPTP Sync	seq=55860 li=-3 spid=3cc0c6fffefe02100001
141.681561819	2	3c:c0:c6:fe:02:11	gPTP Follow_Up	seq=55860 li=-3 spid=3cc0c6fffefe02100001
141.810881987	2	3c:c0:c6:fe:02:11	gPTP Sync	seq=55861 li=-3 spid=3cc0c6fffefe02100001
141.811613805	2	3c:c0:c6:fe:02:11	gPTP Follow_Up	seq=55861 li=-3 spid=3cc0c6fffefe02100001
141.930757293	2	3c:c0:c6:fe:02:11	gPTP Sync	seq=55862 li=-3 spid=3cc0c6fffefe02100001
141.931474094	2	3c:c0:c6:fe:02:11	gPTP Follow_Up	seq=55862 li=-3 spid=3cc0c6fffefe02100001
141.940110163	2	3c:c0:c6:fe:02:11	ethertype 0x0027	
142.001052026	2	3c:c0:c6:fe:02:11	gPTP Announce	seq=63980 li=0 spid=3cc0c6fffefe02100001 gm=3cc0c6fffefe0210 p1=246 sr=0
142.047648583	3	02:00:00:00:00:01	MAAP	
142.060886270	2	3c:c0:c6:fe:02:11	gPTP Sync	seq=55863 li=-3 spid=3cc0c6fffefe02100001
142.061614272	2	3c:c0:c6:fe:02:11	gPTP Follow_Up	seq=55863 li=-3 spid=3cc0c6fffefe02100001
142.153552376	2	3c:c0:c6:01:02:03	ADP	eid=3cc0c60102030000 gm=3cc0c6fffefe0210
142.180847552	2	3c:c0:c6:fe:02:11	gPTP Sync	seq=55864 li=-3 spid=3cc0c6fffefe02100001
142.181580394	2	3c:c0:c6:fe:02:11	gPTP Follow_Up	seq=55864 li=-3 spid=3cc0c6fffefe02100001
142.310826970	2	3c:c0:c6:fe:02:11	gPTP Sync	seq=55865 li=-3 spid=3cc0c6fffefe02100001
142.311562363	2	3c:c0:c6:fe:02:11	gPTP Follow_Up	seq=55865 li=-3 spid=3cc0c6fffefe02100001
142.351651818	3	02:00:00:00:00:01	MSRP	
142.430767867	2	3c:c0:c6:fe:02:11	gPTP Sync	seq=55866 li=-3 spid=3cc0c6fffefe02100001
142.431505445	2	3c:c0:c6:fe:02:11	gPTP Follow_Up	seq=55866 li=-3 spid=3cc0c6fffefe02100001
142.551655071	3	02:00:00:00:00:01	gPTP Pdelay_Req	seq=1453 li=0 spid=020000fffe0000010001
142.552419185	2	3c:c0:c6:fe:02:11	gPTP Pdelay_Resp	seq=1453 li=127 spid=3cc0c6fffefe02100001
142.553405172	2	3c:c0:c6:fe:02:11	gPTP Pdelay_Resp_Follow_Up	seq=1453 li=127 spid=3cc0c6fffefe02100001
142.570019315	2	3c:c0:c6:fe:02:11	gPTP Sync	seq=55867 li=-3 spid=3cc0c6fffefe02100001
142.570599508	2	3c:c0:c6:fe:02:11	gPTP Follow_Up	seq=55867 li=-3 spid=3cc0c6fffefe02100001
142.600494938	2	3c:c0:c6:fe:02:11	gPTP Pdelay_Req	seq=1545 li=0 spid=3cc0c6fffefe02100001
142.600505930	3	02:00:00:00:00:01	gPTP Pdelay_Resp	seq=1545 li=127 spid=020000fffe0000010001
142.600513490	3	02:00:00:00:00:01	gPTP Pdelay_Resp_Follow_Up	seq=1545 li=127 spid=020000fffe0000010001
142.602069926	2	3c:c0:c6:fe:02:11	MVRP	
142.680827735	2	3c:c0:c6:fe:02:11	gPTP Sync	seq=55868 li=-3 spid=3cc0c6fffefe02100001
142.681572921	2	3c:c0:c6:fe:02:11	gPTP Follow_Up	seq=55868 li=-3 spid=3cc0c6fffefe02100001
142.810890313	2	3c:c0:c6:fe:02:11	gPTP Sync	seq=55869 li=-3 spid=3cc0c6fffefe02100001
142.811618922	2	3c:c0:c6:fe:02:11	gPTP Follow_Up	seq=55869 li=-3 spid=3cc0c6fffefe02100001
142.860654054	3	02:00:00:00:00:01	ADP	eid=020000fffe000001 gm=3cc0c6fffefe0210
142.894017724	2	68:05:ca:95:b2:ed	AECP	
142.894049916	3	02:00:00:00:00:01	AECP	
142.894157340	2	68:05:ca:95:b2:ed	AECP	
142.894186173	3	02:00:00:00:00:01	AECP	
142.930758827	2	3c:c0:c6:fe:02:11	gPTP Sync	seq=55870 li=-3 spid=3cc0c6fffefe02100001
142.931474036	2	3c:c0:c6:fe:02:11	gPTP Follow_Up	seq=55870 li=-3 spid=3cc0c6fffefe02100001
143.001038560	2	3c:c0:c6:fe:02:11	gPTP Announce	seq=63981 li=0 spid=3cc0c6fffefe02100001 gm=3cc0c6fffefe0210 p1=246 sr=0
143.060874396	2	3c:c0:c6:fe:02:11	gPTP Sync	seq=55871 li=-3 spid=3cc0c6fffefe02100001
143.061604006	2	3c:c0:c6:fe:02:11	gPTP Follow_Up	seq=55871 li=-3 spid=3cc0c6fffefe02100001
143.180813702	2	3c:c0:c6:fe:02:11	gPTP Sync	seq=55872 li=-3 spid=3cc0c6fffefe02100001
143.181550312	2	3c:c0:c6:fe:02:11	gPTP Follow_Up	seq=55872 li=-3 spid=3cc0c6fffefe02100001
143.310836280	2	3c:c0:c6:fe:02:11	gPTP Sync	seq=55873 li=-3 spid=3cc0c6fffefe02100001
143.311570682	2	3c:c0:c6:fe:02:11	gPTP Follow_Up	seq=55873 li=-3 spid=3cc0c6fffefe02100001
143.351654136	3	02:00:00:00:00:01	MSRP	
143.430786170	2	3c:c0:c6:fe:02:11	gPTP Sync	seq=55874 li=-3 spid=3cc0c6fffefe02100001
143.431520580	2	3c:c0:c6:fe:02:11	gPTP Follow_Up	seq=55874 li=-3 spid=3cc0c6fffefe02100001
143.551657398	3	02:00:00:00:00:01	gPTP Pdelay_Req	seq=1454 li=0 spid=020000fffe0000010001
143.552411888	2	3c:c0:c6:fe:02:11	gPTP Pdelay_Resp	seq=1454 li=127 spid=3cc0c6fffefe02100001
143.553399090	2	3c:c0:c6:fe:02:11	gPTP Pdelay_Resp_Follow_Up	seq=1454 li=127 spid=3cc0c6fffefe02100001
143.570023825	2	3c:c0:c6:fe:02:11	gPTP Sync	seq=55875 li=-3 spid=3cc0c6fffefe02100001
143.570604027	2	3c:c0:c6:fe:02:11	gPTP Follow_Up	seq=55875 li=-3 spid=3cc0c6fffefe02100001
143.600566233	2	3c:c0:c6:fe:02:11	MVRP	
143.610566337	2	3c:c0:c6:fe:02:11	gPTP Pdelay_Req	seq=1546 li=0 spid=3cc0c6fffefe02100001
143.610577337	3	02:00:00:00:00:01	gPTP Pdelay_Resp	seq=1546 li=127 spid=020000fffe0000010001
143.610584897	3	02:00:00:00:00:01	gPTP Pdelay_Resp_Follow_Up	seq=1546 li=127 spid=020000fffe0000010001
143.680862262	2	3c:c0:c6:fe:02:11	gPTP Sync	seq=55876 li=-3 spid=3cc0c6fffefe02100001
143.681606264	2	3c:c0:c6:fe:02:11	gPTP Follow_Up	seq=55876 li=-3 spid=3cc0c6fffefe02100001
143.810892840	2	3c:c0:c6:fe:02:11	gPTP Sync	seq=55877 li=-3 spid=3cc0c6fffefe02100001
143.811625034	2	3c:c0:c6:fe:02:11	gPTP Follow_Up	seq=55877 li=-3 spid=3cc0c6fffefe02100001
143.930767531	2	3c:c0:c6:fe:02:11	gPTP Sync	seq=55878 li=-3 spid=3cc0c6fffefe02100001
143.931488148	2	3c:c0:c6:fe:02:11	gPTP Follow_Up	seq=55878 li=-3 spid=3cc0c6fffefe02100001
143.940124209	2	3c:c0:c6:fe:02:11	ethertype 0x0027	
144.001058464	2	3c:c0:c6:fe:02:11	gPTP Announce	seq=63982 li=0 spid=3cc0c6fffefe02100001 gm=3cc0c6fffefe0210 p1=246 sr=0
144.060886917	2	3c:c0:c6:fe:02:11	gPTP Sync	seq=55879 li=-3 spid=3cc0c6fffefe02100001
144.061616135	2	3c:c0:c6:fe:02:11	gPTP Follow_Up	seq=55879 li=-3 spid=3cc0c6fffefe02100001
144.180823624	2	3c:c0:c6:fe:02:11	gPTP Sync	seq=55880 li=-3 spid=3cc0c6fffefe02100001
144.181555826	2	3c:c0:c6:fe:02:11	gPTP Follow_Up	seq=55880 li=-3 spid=3cc0c6fffefe02100001
144.310929403	2	3c:c0:c6:fe:02:11	gPTP Sync	seq=55881 li=-3 spid=3cc0c6fffefe02100001
144.311661220	2	3c:c0:c6:fe:02:11	gPTP Follow_Up	seq=55881 li=-3 spid=3cc0c6fffefe02100001
144.351656450	3	02:00:00:00:00:01	MSRP	
144.430782885	2	3c:c0:c6:fe:02:11	gPTP Sync	seq=55882 li=-3 spid=3cc0c6fffefe02100001
144.431516711	2	3c:c0:c6:fe:02:11	gPTP Follow_Up	seq=55882 li=-3 spid=3cc0c6fffefe02100001
144.550656999	2	3c:c0:c6:fe:02:11	MSRP	
144.551657978	3	02:00:00:00:00:01	MSRP	
144.551659714	3	02:00:00:00:00:01	gPTP Pdelay_Req	seq=1455 li=0 spid=020000fffe0000010001
144.552494612	2	3c:c0:c6:fe:02:11	gPTP Pdelay_Resp	seq=1455 li=127 spid=3cc0c6fffefe02100001
144.553481822	2	3c:c0:c6:fe:02:11	gPTP Pdelay_Resp_Follow_Up	seq=1455 li=127 spid=3cc0c6fffefe02100001
144.570043165	2	3c:c0:c6:fe:02:11	gPTP Sync	seq=55883 li=-3 spid=3cc0c6fffefe02100001
144.570642559	2	3c:c0:c6:fe:02:11	gPTP Follow_Up	seq=55883 li=-3 spid=3cc0c6fffefe02100001
144.600144956	2	3c:c0:c6:fe:02:11	MVRP	
144.620542324	2	3c:c0:c6:fe:02:11	gPTP Pdelay_Req	seq=1547 li=0 spid=3cc0c6fffefe02100001
144.620553324	3	02:00:00:00:00:01	gPTP Pdelay_Resp	seq=1547 li=127 spid=020000fffe0000010001
144.620560884	3	02:00:00:00:00:01	gPTP Pdelay_Resp_Follow_Up	seq=1547 li=127 spid=020000fffe0000010001
144.680836186	2	3c:c0:c6:fe:02:11	gPTP Sync	seq=55884 li=-3 spid=3cc0c6fffefe02100001
144.681582788	2	3c:c0:c6:fe:02:11	gPTP Follow_Up	seq=55884 li=-3 spid=3cc0c6fffefe02100001
144.810903573	2	3c:c0:c6:fe:02:11	gPTP Sync	seq=55885 li=-3 spid=3cc0c6fffefe02100001
144.811636374	2	3c:c0:c6:fe:02:11	gPTP Follow_Up	seq=55885 li=-3 spid=3cc0c6fffefe02100001
144.930778871	2	3c:c0:c6:fe:02:11	gPTP Sync	seq=55886 li=-3 spid=3cc0c6fffefe02100001
144.931494680	2	3c:c0:c6:fe:02:11	gPTP Follow_Up	seq=55886 li=-3 spid=3cc0c6fffefe02100001
145.001042596	2	3c:c0:c6:fe:02:11	gPTP Announce	seq=63983 li=0 spid=3cc0c6fffefe02100001 gm=3cc0c6fffefe0210 p1=246 sr=0
145.060895049	2	3c:c0:c6:fe:02:11	gPTP Sync	seq=55887 li=-3 spid=3cc0c6fffefe02100001
145.061622443	2	3c:c0:c6:fe:02:11	gPTP Follow_Up	seq=55887 li=-3 spid=3cc0c6fffefe02100001
145.180874356	2	3c:c0:c6:fe:02:11	gPTP Sync	seq=55888 li=-3 spid=3cc0c6fffefe02100001
145.181609333	2	3c:c0:c6:fe:02:11	gPTP Follow_Up	seq=55888 li=-3 spid=3cc0c6fffefe02100001
145.310851526	2	3c:c0:c6:fe:02:11	gPTP Sync	seq=55889 li=-3 spid=3cc0c6fffefe02100001
145.311585927	2	3c:c0:c6:fe:02:11	gPTP Follow_Up	seq=55889 li=-3 spid=3cc0c6fffefe02100001
145.351658750	3	02:00:00:00:00:01	MSRP	
145.430789832	2	3c:c0:c6:fe:02:11	gPTP Sync	seq=55890 li=-3 spid=3cc0c6fffefe02100001
145.431522034	2	3c:c0:c6:fe:02:11	gPTP Follow_Up	seq=55890 li=-3 spid=3cc0c6fffefe02100001
145.551662012	3	02:00:00:00:00:01	gPTP Pdelay_Req	seq=1456 li=0 spid=020000fffe0000010001
145.552420350	2	3c:c0:c6:fe:02:11	gPTP Pdelay_Resp	seq=1456 li=127 spid=3cc0c6fffefe02100001
145.553403337	2	3c:c0:c6:fe:02:11	gPTP Pdelay_Resp_Follow_Up	seq=1456 li=127 spid=3cc0c6fffefe02100001
145.570037472	2	3c:c0:c6:fe:02:11	gPTP Sync	seq=55891 li=-3 spid=3cc0c6fffefe02100001
145.570615689	2	3c:c0:c6:fe:02:11	gPTP Follow_Up	seq=55891 li=-3 spid=3cc0c6fffefe02100001
145.600322919	2	3c:c0:c6:fe:02:11	MVRP	
145.620758271	2	3c:c0:c6:fe:02:11	gPTP Pdelay_Req	seq=1548 li=0 spid=3cc0c6fffefe02100001
145.620769271	3	02:00:00:00:00:01	gPTP Pdelay_Resp	seq=1548 li=127 spid=020000fffe0000010001
145.620776831	3	02:00:00:00:00:01	gPTP Pdelay_Resp_Follow_Up	seq=1548 li=127 spid=020000fffe0000010001
145.621371081	2	3c:c0:c6:01:02:03	MAAP	
145.680858309	2	3c:c0:c6:fe:02:11	gPTP Sync	seq=55892 li=-3 spid=3cc0c6fffefe02100001
145.681607726	2	3c:c0:c6:fe:02:11	gPTP Follow_Up	seq=55892 li=-3 spid=3cc0c6fffefe02100001
145.810924695	2	3c:c0:c6:fe:02:11	gPTP Sync	seq=55893 li=-3 spid=3cc0c6fffefe02100001
145.811658113	2	3c:c0:c6:fe:02:11	gPTP Follow_Up	seq=55893 li=-3 spid=3cc0c6fffefe02100001
145.930784993	2	3c:c0:c6:fe:02:11	gPTP Sync	seq=55894 li=-3 spid=3cc0c6fffefe02100001
145.931501795	2	3c:c0:c6:fe:02:11	gPTP Follow_Up	seq=55894 li=-3 spid=3cc0c6fffefe02100001
145.940138471	2	3c:c0:c6:fe:02:11	ethertype 0x0027	
145.991657704	3	02:00:00:00:00:01	MAAP	
146.001058926	2	3c:c0:c6:fe:02:11	gPTP Announce	seq=63984 li=0 spid=3cc0c6fffefe02100001 gm=3cc0c6fffefe0210 p1=246 sr=0
146.060920371	2	3c:c0:c6:fe:02:11	gPTP Sync	seq=55895 li=-3 spid=3cc0c6fffefe02100001
146.061650589	2	3c:c0:c6:fe:02:11	gPTP Follow_Up	seq=55895 li=-3 spid=3cc0c6fffefe02100001
146.180868861	2	3c:c0:c6:fe:02:11	gPTP Sync	seq=55896 li=-3 spid=3cc0c6fffefe02100001
146.181602079	2	3c:c0:c6:fe:02:11	gPTP Follow_Up	seq=55896 li=-3 spid=3cc0c6fffefe02100001
146.310857871	2	3c:c0:c6:fe:02:11	gPTP Sync	seq=55897 li=-3 spid=3cc0c6fffefe02100001
146.311592657	2	3c:c0:c6:fe:02:11	gPTP Follow_Up	seq=55897 li=-3 spid=3cc0c6fffefe02100001
146.351661423	3	02:00:00:00:00:01	MSRP	
146.352032768	2	3c:c0:c6:fe:02:11	MSRP	
146.430795954	2	3c:c0:c6:fe:02:11	gPTP Sync	seq=55898 li=-3 spid=3cc0c6fffefe02100001
146.431529979	2	3c:c0:c6:fe:02:11	gPTP Follow_Up	seq=55898 li=-3 spid=3cc0c6fffefe02100001
146.450681288	2	3c:c0:c6:fe:02:11	MSRP	
146.551664342	3	02:00:00:00:00:01	gPTP Pdelay_Req	seq=1457 li=0 spid=020000fffe0000010001
146.552423880	2	3c:c0:c6:fe:02:11	gPTP Pdelay_Resp	seq=1457 li=127 spid=3cc0c6fffefe02100001
146.553413674	2	3c:c0:c6:fe:02:11	gPTP Pdelay_Resp_Follow_Up	seq=1457 li=127 spid=3cc0c6fffefe02100001
146.570047401	2	3c:c0:c6:fe:02:11	gPTP Sync	seq=55899 li=-3 spid=3cc0c6fffefe02100001
146.570625619	2	3c:c0:c6:fe:02:11	gPTP Follow_Up	seq=55899 li=-3 spid=3cc0c6fffefe02100001
146.600092848	2	3c:c0:c6:fe:02:11	MVRP	
146.620780393	2	3c:c0:c6:fe:02:11	gPTP Pdelay_Req	seq=1549 li=0 spid=3cc0c6fffefe02100001
146.620791393	3	02:00:00:00:00:01	gPTP Pdelay_Resp	seq=1549 li=127 spid=020000fffe0000010001
146.620798953	3	02:00:00:00:00:01	gPTP Pdelay_Resp_Follow_Up	seq=1549 li=127 spid=020000fffe0000010001
146.680865038	2	3c:c0:c6:fe:02:11	gPTP Sync	seq=55900 li=-3 spid=3cc0c6fffefe02100001
146.681609040	2	3c:c0:c6:fe:02:11	gPTP Follow_Up	seq=55900 li=-3 spid=3cc0c6fffefe02100001
146.810914816	2	3c:c0:c6:fe:02:11	gPTP Sync	seq=55901 li=-3 spid=3cc0c6fffefe02100001
146.811644418	2	3c:c0:c6:fe:02:11	gPTP Follow_Up	seq=55901 li=-3 spid=3cc0c6fffefe02100001
146.930790114	2	3c:c0:c6:fe:02:11	gPTP Sync	seq=55902 li=-3 spid=3cc0c6fffefe02100001
146.931506540	2	3c:c0:c6:fe:02:11	gPTP Follow_Up	seq=55902 li=-3 spid=3cc0c6fffefe02100001
147.001068247	2	3c:c0:c6:fe:02:11	gPTP Announce	seq=63985 li=0 spid=3cc0c6fffefe02100001 gm=3cc0c6fffefe0210 p1=246 sr=0
147.060903092	2	3c:c0:c6:fe:02:11	gPTP Sync	seq=55903 li=-3 spid=3cc0c6fffefe02100001
147.061631102	2	3c:c0:c6:fe:02:11	gPTP Follow_Up	seq=55903 li=-3 spid=3cc0c6fffefe02100001
147.180894815	2	3c:c0:c6:fe:02:11	gPTP Sync	seq=55904 li=-3 spid=3cc0c6fffefe02100001
147.181627616	2	3c:c0:c6:fe:02:11	gPTP Follow_Up	seq=55904 li=-3 spid=3cc0c6fffefe02100001
147.310888976	2	3c:c0:c6:fe:02:11	gPTP Sync	seq=55905 li=-3 spid=3cc0c6fffefe02100001
147.311624594	2	3c:c0:c6:fe:02:11	gPTP Follow_Up	seq=55905 li=-3 spid=3cc0c6fffefe02100001
147.351663392	3	02:00:00:00:00:01	MSRP	
147.430810258	2	3c:c0:c6:fe:02:11	gPTP Sync	seq=55906 li=-3 spid=3cc0c6fffefe02100001
147.431544668	2	3c:c0:c6:fe:02:11	gPTP Follow_Up	seq=55906 li=-3 spid=3cc0c6fffefe02100001
147.551666655	3	02:00:00:00:00:01	gPTP Pdelay_Req	seq=1458 li=0 spid=020000fffe0000010001
147.552414601	2	3c:c0:c6:fe:02:11	gPTP Pdelay_Resp	seq=1458 li=127 spid=3cc0c6fffefe02100001
147.553399211	2	3c:c0:c6:fe:02:11	gPTP Pdelay_Resp_Follow_Up	seq=1458 li=127 spid=3cc0c6fffefe02100001
147.570057322	2	3c:c0:c6:fe:02:11	gPTP Sync	seq=55907 li=-3 spid=3cc0c6fffefe02100001
147.570636147	2	3c:c0:c6:fe:02:11	gPTP Follow_Up	seq=55907 li=-3 spid=3cc0c6fffefe02100001
147.600335153	2	3c:c0:c6:fe:02:11	MVRP	
147.620810089	2	3c:c0:c6:fe:02:11	gPTP Pdelay_Req	seq=1550 li=0 spid=3cc0c6fffefe02100001
147.620821081	3	02:00:00:00:00:01	gPTP Pdelay_Resp	seq=1550 li=127 spid=020000fffe0000010001
147.620828641	3	02:00:00:00:00:01	gPTP Pdelay_Resp_Follow_Up	seq=1550 li=127 spid=020000fffe0000010001
147.680861775	2	3c:c0:c6:fe:02:11	gPTP Sync	seq=55908 li=-3 spid=3cc0c6fffefe02100001
147.681606768	2	3c:c0:c6:fe:02:11	gPTP Follow_Up	seq=55908 li=-3 spid=3cc0c6fffefe02100001
147.810917344	2	3c:c0:c6:fe:02:11	gPTP Sync	seq=55909 li=-3 spid=3cc0c6fffefe02100001
147.811648546	2	3c:c0:c6:fe:02:11	gPTP Follow_Up	seq=55909 li=-3 spid=3cc0c6fffefe02100001
147.894976374	2	68:05:ca:95:b2:ed	AECP	
147.895007798	3	02:00:00:00:00:01	AECP	
147.895161974	2	68:05:ca:95:b2:ed	AECP	
147.895189798	3	02:00:00:00:00:01	AECP	
147.930803234	2	3c:c0:c6:fe:02:11	gPTP Sync	seq=55910 li=-3 spid=3cc0c6fffefe02100001
147.931519659	2	3c:c0:c6:fe:02:11	gPTP Follow_Up	seq=55910 li=-3 spid=3cc0c6fffefe02100001
147.940154504	2	3c:c0:c6:fe:02:11	ethertype 0x0027	
147.942159932	2	3c:c0:c6:01:02:03	ADP	eid=3cc0c60102030000 gm=3cc0c6fffefe0210
148.001078775	2	3c:c0:c6:fe:02:11	gPTP Announce	seq=63986 li=0 spid=3cc0c6fffefe02100001 gm=3cc0c6fffefe0210 p1=246 sr=0
148.060912019	2	3c:c0:c6:fe:02:11	gPTP Sync	seq=55911 li=-3 spid=3cc0c6fffefe02100001
148.061642621	2	3c:c0:c6:fe:02:11	gPTP Follow_Up	seq=55911 li=-3 spid=3cc0c6fffefe02100001
148.180880125	2	3c:c0:c6:fe:02:11	gPTP Sync	seq=55912 li=-3 spid=3cc0c6fffefe02100001
148.181612319	2	3c:c0:c6:fe:02:11	gPTP Follow_Up	seq=55912 li=-3 spid=3cc0c6fffefe02100001
148.310874510	2	3c:c0:c6:fe:02:11	gPTP Sync	seq=55913 li=-3 spid=3cc0c6fffefe02100001
148.311607280	2	3c:c0:c6:fe:02:11	gPTP Follow_Up	seq=55913 li=-3 spid=3cc0c6fffefe02100001
148.327666718	3	02:00:00:00:00:01	ADP	eid=020000fffe000001 gm=3cc0c6fffefe0210
148.351665702	3	02:00:00:00:00:01	MSRP	
148.430817392	2	3c:c0:c6:fe:02:11	gPTP Sync	seq=55914 li=-3 spid=3cc0c6fffefe02100001
148.431550809	2	3c:c0:c6:fe:02:11	gPTP Follow_Up	seq=55914 li=-3 spid=3cc0c6fffefe02100001
148.551668956	3	02:00:00:00:00:01	gPTP Pdelay_Req	seq=1459 li=0 spid=020000fffe0000010001
148.552436325	2	3c:c0:c6:fe:02:11	gPTP Pdelay_Resp	seq=1459 li=127 spid=3cc0c6fffefe02100001
148.553550320	2	3c:c0:c6:fe:02:11	gPTP Pdelay_Resp_Follow_Up	seq=1459 li=127 spid=3cc0c6fffefe02100001
148.570057255	2	3c:c0:c6:fe:02:11	gPTP Sync	seq=55915 li=-3 spid=3cc0c6fffefe02100001
148.570639056	2	3c:c0:c6:fe:02:11	gPTP Follow_Up	seq=55915 li=-3 spid=3cc0c6fffefe02100001
148.600162285	2	3c:c0:c6:fe:02:11	MVRP	
148.620780422	2	3c:c0:c6:fe:02:11	gPTP Pdelay_Req	seq=1551 li=0 spid=3cc0c6fffefe02100001
148.620791406	3	02:00:00:00:00:01	gPTP Pdelay_Resp	seq=1551 li=127 spid=020000fffe0000010001
148.620798966	3	02:00:00:00:00:01	gPTP Pdelay_Resp_Follow_Up	seq=1551 li=127 spid=020000fffe0000010001
148.681034859	2	3c:c0:c6:fe:02:11	gPTP Sync	seq=55916 li=-3 spid=3cc0c6fffefe02100001
148.681782101	2	3c:c0:c6:fe:02:11	gPTP Follow_Up	seq=55916 li=-3 spid=3cc0c6fffefe02100001
148.810941052	2	3c:c0:c6:fe:02:11	gPTP Sync	seq=55917 li=-3 spid=3cc0c6fffefe02100001
148.811673478	2	3c:c0:c6:fe:02:11	gPTP Follow_Up	seq=55917 li=-3 spid=3cc0c6fffefe02100001
148.930808966	2	3c:c0:c6:fe:02:11	gPTP Sync	seq=55918 li=-3 spid=3cc0c6fffefe02100001
148.931526760	2	3c:c0:c6:fe:02:11	gPTP Follow_Up	seq=55918 li=-3 spid=3cc0c6fffefe02100001
149.001078483	2	3c:c0:c6:fe:02:11	gPTP Announce	seq=63987 li=0 spid=3cc0c6fffefe02100001 gm=3cc0c6fffefe0210 p1=246 sr=0
149.060913944	2	3c:c0:c6:fe:02:11	gPTP Sync	seq=55919 li=-3 spid=3cc0c6fffefe02100001
149.061644121	2	3c:c0:c6:fe:02:11	gPTP Follow_Up	seq=55919 li=-3 spid=3cc0c6fffefe02100001
149.180863834	2	3c:c0:c6:fe:02:11	gPTP Sync	seq=55920 li=-3 spid=3cc0c6fffefe02100001
149.181598243	2	3c:c0:c6:fe:02:11	gPTP Follow_Up	seq=55920 li=-3 spid=3cc0c6fffefe02100001
149.310881195	2	3c:c0:c6:fe:02:11	gPTP Sync	seq=55921 li=-3 spid=3cc0c6fffefe02100001
149.311619829	2	3c:c0:c6:fe:02:11	gPTP Follow_Up	seq=55921 li=-3 spid=3cc0c6fffefe02100001
149.351667995	3	02:00:00:00:00:01	MSRP	
149.430826901	2	3c:c0:c6:fe:02:11	gPTP Sync	seq=55922 li=-3 spid=3cc0c6fffefe02100001
149.431565527	2	3c:c0:c6:fe:02:11	gPTP Follow_Up	seq=55922 li=-3 spid=3cc0c6fffefe02100001
149.551671257	3	02:00:00:00:00:01	gPTP Pdelay_Req	seq=1460 li=0 spid=020000fffe0000010001
149.552484651	2	3c:c0:c6:fe:02:11	gPTP Pdelay_Resp	seq=1460 li=127 spid=3cc0c6fffefe02100001
149.553471853	2	3c:c0:c6:fe:02:11	gPTP Pdelay_Resp_Follow_Up	seq=1460 li=127 spid=3cc0c6fffefe02100001
149.570076172	2	3c:c0:c6:fe:02:11	gPTP Sync	seq=55923 li=-3 spid=3cc0c6fffefe02100001
149.570656366	2	3c:c0:c6:fe:02:11	gPTP Follow_Up	seq=55923 li=-3 spid=3cc0c6fffefe02100001
149.600346995	2	3c:c0:c6:fe:02:11	MVRP	
149.620787755	2	3c:c0:c6:fe:02:11	gPTP Pdelay_Req	seq=1552 li=0 spid=3cc0c6fffefe02100001
149.620798755	3	02:00:00:00:00:01	gPTP Pdelay_Resp	seq=1552 li=127 spid=020000fffe0000010001
149.620806315	3	02:00:00:00:00:01	gPTP Pdelay_Resp_Follow_Up	seq=1552 li=127 spid=020000fffe0000010001
149.680900209	2	3c:c0:c6:fe:02:11	gPTP Sync	seq=55924 li=-3 spid=3cc0c6fffefe02100001
149.681634610	2	3c:c0:c6:fe:02:11	gPTP Follow_Up	seq=55924 li=-3 spid=3cc0c6fffefe02100001
149.810945794	2	3c:c0:c6:fe:02:11	gPTP Sync	seq=55925 li=-3 spid=3cc0c6fffefe02100001
149.811677988	2	3c:c0:c6:fe:02:11	gPTP Follow_Up	seq=55925 li=-3 spid=3cc0c6fffefe02100001
149.930819491	2	3c:c0:c6:fe:02:11	gPTP Sync	seq=55926 li=-3 spid=3cc0c6fffefe02100001
149.931537869	2	3c:c0:c6:fe:02:11	gPTP Follow_Up	seq=55926 li=-3 spid=3cc0c6fffefe02100001
149.940169545	2	3c:c0:c6:fe:02:11	ethertype 0x0027	
150.001094424	2	3c:c0:c6:fe:02:11	gPTP Announce	seq=63988 li=0 spid=3cc0c6fffefe02100001 gm=3cc0c6fffefe0210 p1=246 sr=0
150.060950453	2	3c:c0:c6:fe:02:11	gPTP Sync	seq=55927 li=-3 spid=3cc0c6fffefe02100001
150.061685470	2	3c:c0:c6:fe:02:11	gPTP Follow_Up	seq=55927 li=-3 spid=3cc0c6fffefe02100001
150.093667177	3	02:00:00:00:00:01	MAAP	
150.180866974	2	3c:c0:c6:fe:02:11	gPTP Sync	seq=55928 li=-3 spid=3cc0c6fffefe02100001
150.181604960	2	3c:c0:c6:fe:02:11	gPTP Follow_Up	seq=55928 li=-3 spid=3cc0c6fffefe02100001
150.310921935	2	3c:c0:c6:fe:02:11	gPTP Sync	seq=55929 li=-3 spid=3cc0c6fffefe02100001
150.311658545	2	3c:c0:c6:fe:02:11	gPTP Follow_Up	seq=55929 li=-3 spid=3cc0c6fffefe02100001
150.351670295	3	02:00:00:00:00:01	MSRP	
150.430828848	2	3c:c0:c6:fe:02:11	gPTP Sync	seq=55930 li=-3 spid=3cc0c6fffefe02100001
150.431564826	2	3c:c0:c6:fe:02:11	gPTP Follow_Up	seq=55930 li=-3 spid=3cc0c6fffefe02100001
150.551673540	3	02:00:00:00:00:01	gPTP Pdelay_Req	seq=1461 li=0 spid=020000fffe0000010001
150.552444358	2	3c:c0:c6:fe:02:11	gPTP Pdelay_Resp	seq=1461 li=127 spid=3cc0c6fffefe02100001
150.553432168	2	3c:c0:c6:fe:02:11	gPTP Pdelay_Resp_Follow_Up	seq=1461 li=127 spid=3cc0c6fffefe02100001
150.570103687	2	3c:c0:c6:fe:02:11	gPTP Sync	seq=55931 li=-3 spid=3cc0c6fffefe02100001
150.570675504	2	3c:c0:c6:fe:02:11	gPTP Follow_Up	seq=55931 li=-3 spid=3cc0c6fffefe02100001
150.600194894	2	3c:c0:c6:fe:02:11	MVRP	
150.620792870	2	3c:c0:c6:fe:02:11	gPTP Pdelay_Req	seq=1553 li=0 spid=3cc0c6fffefe02100001
150.620803862	3	02:00:00:00:00:01	gPTP Pdelay_Resp	seq=1553 li=127 spid=020000fffe0000010001
150.620811422	3	02:00:00:00:00:01	gPTP Pdelay_Resp_Follow_Up	seq=1553 li=127 spid=020000fffe0000010001
150.680892523	2	3c:c0:c6:fe:02:11	gPTP Sync	seq=55932 li=-3 spid=3cc0c6fffefe02100001
150.681639117	2	3c:c0:c6:fe:02:11	gPTP Follow_Up	seq=55932 li=-3 spid=3cc0c6fffefe02100001
150.810964700	2	3c:c0:c6:fe:02:11	gPTP Sync	seq=55933 li=-3 spid=3cc0c6fffefe02100001
150.811697502	2	3c:c0:c6:fe:02:11	gPTP Follow_Up	seq=55933 li=-3 spid=3cc0c6fffefe02100001
150.930827806	2	3c:c0:c6:fe:02:11	gPTP Sync	seq=55934 li=-3 spid=3cc0c6fffefe02100001
150.931549416	2	3c:c0:c6:fe:02:11	gPTP Follow_Up	seq=55934 li=-3 spid=3cc0c6fffefe02100001
151.001090931	2	3c:c0:c6:fe:02:11	gPTP Announce	seq=63989 li=0 spid=3cc0c6fffefe02100001 gm=3cc0c6fffefe0210 p1=246 sr=0
151.060930576	2	3c:c0:c6:fe:02:11	gPTP Sync	seq=55935 li=-3 spid=3cc0c6fffefe02100001
151.061656985	2	3c:c0:c6:fe:02:11	gPTP Follow_Up	seq=55935 li=-3 spid=3cc0c6fffefe02100001
151.180901274	2	3c:c0:c6:fe:02:11	gPTP Sync	seq=55936 li=-3 spid=3cc0c6fffefe02100001
151.181637275	2	3c:c0:c6:fe:02:11	gPTP Follow_Up	seq=55936 li=-3 spid=3cc0c6fffefe02100001
151.240245525	2	3c:c0:c6:fe:02:11	MVRP	
151.310923467	2	3c:c0:c6:fe:02:11	gPTP Sync	seq=55937 li=-3 spid=3cc0c6fffefe02100001
151.311658253	2	3c:c0:c6:fe:02:11	gPTP Follow_Up	seq=55937 li=-3 spid=3cc0c6fffefe02100001
151.351672595	3	02:00:00:00:00:01	MSRP	
151.430837165	2	3c:c0:c6:fe:02:11	gPTP Sync	seq=55938 li=-3 spid=3cc0c6fffefe02100001
151.431571574	2	3c:c0:c6:fe:02:11	gPTP Follow_Up	seq=55938 li=-3 spid=3cc0c6fffefe02100001
151.551675857	3	02:00:00:00:00:01	gPTP Pdelay_Req	seq=1462 li=0 spid=020000fffe0000010001
151.552447266	2	3c:c0:c6:fe:02:11	gPTP Pdelay_Resp	seq=1462 li=127 spid=3cc0c6fffefe02100001
151.553437293	2	3c:c0:c6:fe:02:11	gPTP Pdelay_Resp_Follow_Up	seq=1462 li=127 spid=3cc0c6fffefe02100001
151.570082596	2	3c:c0:c6:fe:02:11	gPTP Sync	seq=55939 li=-3 spid=3cc0c6fffefe02100001
151.570868814	2	3c:c0:c6:fe:02:11	gPTP Follow_Up	seq=55939 li=-3 spid=3cc0c6fffefe02100001
151.600364843	2	3c:c0:c6:fe:02:11	MVRP	
151.620795363	2	3c:c0:c6:fe:02:11	gPTP Pdelay_Req	seq=1554 li=0 spid=3cc0c6fffefe02100001
151.620806363	3	02:00:00:00:00:01	gPTP Pdelay_Resp	seq=1554 li=127 spid=020000fffe0000010001
151.620813923	3	02:00:00:00:00:01	gPTP Pdelay_Resp_Follow_Up	seq=1554 li=127 spid=020000fffe0000010001
151.680900840	2	3c:c0:c6:fe:02:11	gPTP Sync	seq=55940 li=-3 spid=3cc0c6fffefe02100001
151.681629450	2	3c:c0:c6:fe:02:11	gPTP Follow_Up	seq=55940 li=-3 spid=3cc0c6fffefe02100001
151.810978426	2	3c:c0:c6:fe:02:11	gPTP Sync	seq=55941 li=-3 spid=3cc0c6fffefe02100001
151.811712220	2	3c:c0:c6:fe:02:11	gPTP Follow_Up	seq=55941 li=-3 spid=3cc0c6fffefe02100001
151.930829692	2	3c:c0:c6:fe:02:11	gPTP Sync	seq=55942 li=-3 spid=3cc0c6fffefe02100001
151.931546533	2	3c:c0:c6:fe:02:11	gPTP Follow_Up	seq=55942 li=-3 spid=3cc0c6fffefe02100001
151.940300394	2	3c:c0:c6:fe:02:10	ethertype 0x0800	
151.940505994	2	3c:c0:c6:fe:02:11	ethertype 0x0027	
152.001156049	2	3c:c0:c6:fe:02:11	gPTP Announce	seq=63990 li=0 spid=3cc0c6fffefe02100001 gm=3cc0c6fffefe0210 p1=246 sr=0
152.060937493	2	3c:c0:c6:fe:02:11	gPTP Sync	seq=55943 li=-3 spid=3cc0c6fffefe02100001
152.061667095	2	3c:c0:c6:fe:02:11	gPTP Follow_Up	seq=55943 li=-3 spid=3cc0c6fffefe02100001
152.180886999	2	3c:c0:c6:fe:02:11	gPTP Sync	seq=55944 li=-3 spid=3cc0c6fffefe02100001
152.181624609	2	3c:c0:c6:fe:02:11	gPTP Follow_Up	seq=55944 li=-3 spid=3cc0c6fffefe02100001
152.310940585	2	3c:c0:c6:fe:02:11	gPTP Sync	seq=55945 li=-3 spid=3cc0c6fffefe02100001
152.311680179	2	3c:c0:c6:fe:02:11	gPTP Follow_Up	seq=55945 li=-3 spid=3cc0c6fffefe02100001
152.351674889	3	02:00:00:00:00:01	MSRP	
152.430847891	2	3c:c0:c6:fe:02:11	gPTP Sync	seq=55946 li=-3 spid=3cc0c6fffefe02100001
152.431581685	2	3c:c0:c6:fe:02:11	gPTP Follow_Up	seq=55946 li=-3 spid=3cc0c6fffefe02100001
152.551678159	3	02:00:00:00:00:01	gPTP Pdelay_Req	seq=1463 li=0 spid=020000fffe0000010001
152.552441985	2	3c:c0:c6:fe:02:11	gPTP Pdelay_Resp	seq=1463 li=127 spid=3cc0c6fffefe02100001
152.553427595	2	3c:c0:c6:fe:02:11	gPTP Pdelay_Resp_Follow_Up	seq=1463 li=127 spid=3cc0c6fffefe02100001
152.570090122	2	3c:c0:c6:fe:02:11	gPTP Sync	seq=55947 li=-3 spid=3cc0c6fffefe02100001
152.570656140	2	3c:c0:c6:fe:02:11	gPTP Follow_Up	seq=55947 li=-3 spid=3cc0c6fffefe02100001
152.600183945	2	3c:c0:c6:fe:02:11	MVRP	
152.620801706	2	3c:c0:c6:fe:02:11	gPTP Pdelay_Req	seq=1555 li=0 spid=3cc0c6fffefe02100001
152.620812690	3	02:00:00:00:00:01	gPTP Pdelay_Resp	seq=1555 li=127 spid=020000fffe0000010001
152.620820250	3	02:00:00:00:00:01	gPTP Pdelay_Resp_Follow_Up	seq=1555 li=127 spid=020000fffe0000010001
152.680931335	2	3c:c0:c6:fe:02:11	gPTP Sync	seq=55948 li=-3 spid=3cc0c6fffefe02100001
152.681677361	2	3c:c0:c6:fe:02:11	gPTP Follow_Up	seq=55948 li=-3 spid=3cc0c6fffefe02100001
152.810968353	2	3c:c0:c6:fe:02:11	gPTP Sync	seq=55949 li=-3 spid=3cc0c6fffefe02100001
152.811702755	2	3c:c0:c6:fe:02:11	gPTP Follow_Up	seq=55949 li=-3 spid=3cc0c6fffefe02100001
152.895000566	2	68:05:ca:95:b2:ed	AECP	
152.895032934	3	02:00:00:00:00:01	AECP	
152.895188983	2	68:05:ca:95:b2:ed	AECP	
152.895216975	3	02:00:00:00:00:01	AECP	
152.930839235	2	3c:c0:c6:fe:02:11	gPTP Sync	seq=55950 li=-3 spid=3cc0c6fffefe02100001
152.931555044	2	3c:c0:c6:fe:02:11	gPTP Follow_Up	seq=55950 li=-3 spid=3cc0c6fffefe02100001
153.001122160	2	3c:c0:c6:fe:02:11	gPTP Announce	seq=63991 li=0 spid=3cc0c6fffefe02100001 gm=3cc0c6fffefe0210 p1=246 sr=0
153.060950613	2	3c:c0:c6:fe:02:11	gPTP Sync	seq=55951 li=-3 spid=3cc0c6fffefe02100001
153.061677630	2	3c:c0:c6:fe:02:11	gPTP Follow_Up	seq=55951 li=-3 spid=3cc0c6fffefe02100001
153.180887935	2	3c:c0:c6:fe:02:11	gPTP Sync	seq=55952 li=-3 spid=3cc0c6fffefe02100001
153.181623328	2	3c:c0:c6:fe:02:11	gPTP Follow_Up	seq=55952 li=-3 spid=3cc0c6fffefe02100001
153.310924912	2	3c:c0:c6:fe:02:11	gPTP Sync	seq=55953 li=-3 spid=3cc0c6fffefe02100001
153.311661298	2	3c:c0:c6:fe:02:11	gPTP Follow_Up	seq=55953 li=-3 spid=3cc0c6fffefe02100001
153.351677224	3	02:00:00:00:00:01	MSRP	
153.430854002	2	3c:c0:c6:fe:02:11	gPTP Sync	seq=55954 li=-3 spid=3cc0c6fffefe02100001
153.431587804	2	3c:c0:c6:fe:02:11	gPTP Follow_Up	seq=55954 li=-3 spid=3cc0c6fffefe02100001
153.551680495	3	02:00:00:00:00:01	gPTP Pdelay_Req	seq=1464 li=0 spid=020000fffe0000010001
153.552448712	2	3c:c0:c6:fe:02:11	gPTP Pdelay_Resp	seq=1464 li=127 spid=3cc0c6fffefe02100001
153.553437515	2	3c:c0:c6:fe:02:11	gPTP Pdelay_Resp_Follow_Up	seq=1464 li=127 spid=3cc0c6fffefe02100001
153.570100042	2	3c:c0:c6:fe:02:11	gPTP Sync	seq=55955 li=-3 spid=3cc0c6fffefe02100001
153.570664459	2	3c:c0:c6:fe:02:11	gPTP Follow_Up	seq=55955 li=-3 spid=3cc0c6fffefe02100001
153.600428081	2	3c:c0:c6:fe:02:11	MVRP	
153.620813225	2	3c:c0:c6:fe:02:11	gPTP Pdelay_Req	seq=1556 li=0 spid=3cc0c6fffefe02100001
153.620824209	3	02:00:00:00:00:01	gPTP Pdelay_Resp	seq=1556 li=127 spid=020000fffe0000010001
153.620831769	3	02:00:00:00:00:01	gPTP Pdelay_Resp_Follow_Up	seq=1556 li=127 spid=020000fffe0000010001
153.624522658	2	3c:c0:c6:01:02:03	ADP	eid=3cc0c60102030000 gm=3cc0c6fffefe0210
153.680931695	2	3c:c0:c6:fe:02:11	gPTP Sync	seq=55956 li=-3 spid=3cc0c6fffefe02100001
153.681674480	2	3c:c0:c6:fe:02:11	gPTP Follow_Up	seq=55956 li=-3 spid=3cc0c6fffefe02100001
153.810969664	2	3c:c0:c6:fe:02:11	gPTP Sync	seq=55957 li=-3 spid=3cc0c6fffefe02100001
153.811704066	2	3c:c0:c6:fe:02:11	gPTP Follow_Up	seq=55957 li=-3 spid=3cc0c6fffefe02100001
153.930847553	2	3c:c0:c6:fe:02:11	gPTP Sync	seq=55958 li=-3 spid=3cc0c6fffefe02100001
153.931566571	2	3c:c0:c6:fe:02:11	gPTP Follow_Up	seq=55958 li=-3 spid=3cc0c6fffefe02100001
153.940200423	2	3c:c0:c6:fe:02:11	ethertype 0x0027	
154.001122486	2	3c:c0:c6:fe:02:11	gPTP Announce	seq=63992 li=0 spid=3cc0c6fffefe02100001 gm=3cc0c6fffefe0210 p1=246 sr=0
154.060976147	2	3c:c0:c6:fe:02:11	gPTP Sync	seq=55959 li=-3 spid=3cc0c6fffefe02100001
154.061703549	2	3c:c0:c6:fe:02:11	gPTP Follow_Up	seq=55959 li=-3 spid=3cc0c6fffefe02100001
154.180918620	2	3c:c0:c6:fe:02:11	gPTP Sync	seq=55960 li=-3 spid=3cc0c6fffefe02100001
154.181654046	2	3c:c0:c6:fe:02:11	gPTP Follow_Up	seq=55960 li=-3 spid=3cc0c6fffefe02100001
154.295676906	3	02:00:00:00:00:01	MAAP	
154.310993422	2	3c:c0:c6:fe:02:11	gPTP Sync	seq=55961 li=-3 spid=3cc0c6fffefe02100001
154.311729423	2	3c:c0:c6:fe:02:11	gPTP Follow_Up	seq=55961 li=-3 spid=3cc0c6fffefe02100001
154.351679565	3	02:00:00:00:00:01	MSRP	
154.430863311	2	3c:c0:c6:fe:02:11	gPTP Sync	seq=55962 li=-3 spid=3cc0c6fffefe02100001
154.431599929	2	3c:c0:c6:fe:02:11	gPTP Follow_Up	seq=55962 li=-3 spid=3cc0c6fffefe02100001
154.551682819	3	02:00:00:00:00:01	gPTP Pdelay_Req	seq=1465 li=0 spid=020000fffe0000010001
154.552447044	2	3c:c0:c6:fe:02:11	gPTP Pdelay_Resp	seq=1465 li=127 spid=3cc0c6fffefe02100001
154.553437423	2	3c:c0:c6:fe:02:11	gPTP Pdelay_Resp_Follow_Up	seq=1465 li=127 spid=3cc0c6fffefe02100001
154.570104166	2	3c:c0:c6:fe:02:11	gPTP Sync	seq=55963 li=-3 spid=3cc0c6fffefe02100001
154.570681167	2	3c:c0:c6:fe:02:11	gPTP Follow_Up	seq=55963 li=-3 spid=3cc0c6fffefe02100001
154.600233196	2	3c:c0:c6:fe:02:11	MVRP	
154.620803941	2	3c:c0:c6:fe:02:11	gPTP Pdelay_Req	seq=1557 li=0 spid=3cc0c6fffefe02100001
154.620814933	3	02:00:00:00:00:01	gPTP Pdelay_Resp	seq=1557 li=127 spid=020000fffe0000010001
154.620822493	3	02:00:00:00:00:01	gPTP Pdelay_Resp_Follow_Up	seq=1557 li=127 spid=020000fffe0000010001
154.680920202	2	3c:c0:c6:fe:02:11	gPTP Sync	seq=55964 li=-3 spid=3cc0c6fffefe02100001
154.681664812	2	3c:c0:c6:fe:02:11	gPTP Follow_Up	seq=55964 li=-3 spid=3cc0c6fffefe02100001
154.810985371	2	3c:c0:c6:fe:02:11	gPTP Sync	seq=55965 li=-3 spid=3cc0c6fffefe02100001
154.811720389	2	3c:c0:c6:fe:02:11	gPTP Follow_Up	seq=55965 li=-3 spid=3cc0c6fffefe02100001
154.930852261	2	3c:c0:c6:fe:02:11	gPTP Sync	seq=55966 li=-3 spid=3cc0c6fffefe02100001
154.931572263	2	3c:c0:c6:fe:02:11	gPTP Follow_Up	seq=55966 li=-3 spid=3cc0c6fffefe02100001
155.001124402	2	3c:c0:c6:fe:02:11	gPTP Announce	seq=63993 li=0 spid=3cc0c6fffefe02100001 gm=3cc0c6fffefe0210 p1=246 sr=0
155.060963671	2	3c:c0:c6:fe:02:11	gPTP Sync	seq=55967 li=-3 spid=3cc0c6fffefe02100001
155.061691640	2	3c:c0:c6:fe:02:11	gPTP Follow_Up	seq=55967 li=-3 spid=3cc0c6fffefe02100001
155.180907160	2	3c:c0:c6:fe:02:11	gPTP Sync	seq=55968 li=-3 spid=3cc0c6fffefe02100001
155.181642146	2	3c:c0:c6:fe:02:11	gPTP Follow_Up	seq=55968 li=-3 spid=3cc0c6fffefe02100001
155.310922354	2	3c:c0:c6:fe:02:11	gPTP Sync	seq=55969 li=-3 spid=3cc0c6fffefe02100001
155.311654548	2	3c:c0:c6:fe:02:11	gPTP Follow_Up	seq=55969 li=-3 spid=3cc0c6fffefe02100001
155.351681874	3	02:00:00:00:00:01	MSRP	
155.430871636	2	3c:c0:c6:fe:02:11	gPTP Sync	seq=55970 li=-3 spid=3cc0c6fffefe02100001
155.431607262	2	3c:c0:c6:fe:02:11	gPTP Follow_Up	seq=55970 li=-3 spid=3cc0c6fffefe02100001
155.551685128	3	02:00:00:00:00:01	gPTP Pdelay_Req	seq=1466 li=0 spid=020000fffe0000010001
155.552450953	2	3c:c0:c6:fe:02:11	gPTP Pdelay_Resp	seq=1466 li=127 spid=3cc0c6fffefe02100001
155.553437172	2	3c:c0:c6:fe:02:11	gPTP Pdelay_Resp_Follow_Up	seq=1466 li=127 spid=3cc0c6fffefe02100001
155.570110891	2	3c:c0:c6:fe:02:11	gPTP Sync	seq=55971 li=-3 spid=3cc0c6fffefe02100001
155.570685908	2	3c:c0:c6:fe:02:11	gPTP Follow_Up	seq=55971 li=-3 spid=3cc0c6fffefe02100001
155.601492733	2	3c:c0:c6:fe:02:11	MVRP	
155.620813866	2	3c:c0:c6:fe:02:11	gPTP Pdelay_Req	seq=1558 li=0 spid=3cc0c6fffefe02100001
155.620824858	3	02:00:00:00:00:01	gPTP Pdelay_Resp	seq=1558 li=127 spid=020000fffe0000010001
155.620832418	3	02:00:00:00:00:01	gPTP Pdelay_Resp_Follow_Up	seq=1558 li=127 spid=020000fffe0000010001
155.680954127	2	3c:c0:c6:fe:02:11	gPTP Sync	seq=55972 li=-3 spid=3cc0c6fffefe02100001
155.681702321	2	3c:c0:c6:fe:02:11	gPTP Follow_Up	seq=55972 li=-3 spid=3cc0c6fffefe02100001
155.810983105	2	3c:c0:c6:fe:02:11	gPTP Sync	seq=55973 li=-3 spid=3cc0c6fffefe02100001
155.811717515	2	3c:c0:c6:fe:02:11	gPTP Follow_Up	seq=55973 li=-3 spid=3cc0c6fffefe02100001
155.930859019	2	3c:c0:c6:fe:02:11	gPTP Sync	seq=55974 li=-3 spid=3cc0c6fffefe02100001
155.931576205	2	3c:c0:c6:fe:02:11	gPTP Follow_Up	seq=55974 li=-3 spid=3cc0c6fffefe02100001
155.940213873	2	3c:c0:c6:fe:02:11	ethertype 0x0027	
156.001142936	2	3c:c0:c6:fe:02:11	gPTP Announce	seq=63994 li=0 spid=3cc0c6fffefe02100001 gm=3cc0c6fffefe0210 p1=246 sr=0
156.060979389	2	3c:c0:c6:fe:02:11	gPTP Sync	seq=55975 li=-3 spid=3cc0c6fffefe02100001
156.061709983	2	3c:c0:c6:fe:02:11	gPTP Follow_Up	seq=55975 li=-3 spid=3cc0c6fffefe02100001
156.180910687	2	3c:c0:c6:fe:02:11	gPTP Sync	seq=55976 li=-3 spid=3cc0c6fffefe02100001
156.181645673	2	3c:c0:c6:fe:02:11	gPTP Follow_Up	seq=55976 li=-3 spid=3cc0c6fffefe02100001
156.310948665	2	3c:c0:c6:fe:02:11	gPTP Sync	seq=55977 li=-3 spid=3cc0c6fffefe02100001
156.311684282	2	3c:c0:c6:fe:02:11	gPTP Follow_Up	seq=55977 li=-3 spid=3cc0c6fffefe02100001
156.350715774	2	3c:c0:c6:fe:02:11	MSRP	
156.351685640	3	02:00:00:00:00:01	MSRP	
156.430901563	2	3c:c0:c6:fe:02:11	gPTP Sync	seq=55978 li=-3 spid=3cc0c6fffefe02100001
156.431638756	2	3c:c0:c6:fe:02:11	gPTP Follow_Up	seq=55978 li=-3 spid=3cc0c6fffefe02100001
156.551687471	3	02:00:00:00:00:01	gPTP Pdelay_Req	seq=1467 li=0 spid=020000fffe0000010001
156.552452688	2	3c:c0:c6:fe:02:11	gPTP Pdelay_Resp	seq=1467 li=127 spid=3cc0c6fffefe02100001
156.553440499	2	3c:c0:c6:fe:02:11	gPTP Pdelay_Resp_Follow_Up	seq=1467 li=127 spid=3cc0c6fffefe02100001
156.570120626	2	3c:c0:c6:fe:02:11	gPTP Sync	seq=55979 li=-3 spid=3cc0c6fffefe02100001
156.570695411	2	3c:c0:c6:fe:02:11	gPTP Follow_Up	seq=55979 li=-3 spid=3cc0c6fffefe02100001
156.600209657	2	3c:c0:c6:fe:02:11	MVRP	
156.630517464	2	3c:c0:c6:fe:02:11	gPTP Pdelay_Req	seq=1559 li=0 spid=3cc0c6fffefe02100001
156.630528464	3	02:00:00:00:00:01	gPTP Pdelay_Resp	seq=1559 li=127 spid=020000fffe0000010001
156.630536024	3	02:00:00:00:00:01	gPTP Pdelay_Resp_Follow_Up	seq=1559 li=127 spid=020000fffe0000010001
156.677686015	3	02:00:00:00:00:01	ADP	eid=020000fffe000001 gm=3cc0c6fffefe0210
156.680965847	2	3c:c0:c6:fe:02:11	gPTP Sync	seq=55980 li=-3 spid=3cc0c6fffefe02100001
156.681709464	2	3c:c0:c6:fe:02:11	gPTP Follow_Up	seq=55980 li=-3 spid=3cc0c6fffefe02100001
156.810992232	2	3c:c0:c6:fe:02:11	gPTP Sync	seq=55981 li=-3 spid=3cc0c6fffefe02100001
156.811723434	2	3c:c0:c6:fe:02:11	gPTP Follow_Up	seq=55981 li=-3 spid=3cc0c6fffefe02100001
156.930888938	2	3c:c0:c6:fe:02:11	gPTP Sync	seq=55982 li=-3 spid=3cc0c6fffefe02100001
156.931610932	2	3c:c0:c6:fe:02:11	gPTP Follow_Up	seq=55982 li=-3 spid=3cc0c6fffefe02100001
157.001138655	2	3c:c0:c6:fe:02:11	gPTP Announce	seq=63995 li=0 spid=3cc0c6fffefe02100001 gm=3cc0c6fffefe0210 p1=246 sr=0
157.060979516	2	3c:c0:c6:fe:02:11	gPTP Sync	seq=55983 li=-3 spid=3cc0c6fffefe02100001
157.061712710	2	3c:c0:c6:fe:02:11	gPTP Follow_Up	seq=55983 li=-3 spid=3cc0c6fffefe02100001
157.180947622	2	3c:c0:c6:fe:02:11	gPTP Sync	seq=55984 li=-3 spid=3cc0c6fffefe02100001
157.181683016	2	3c:c0:c6:fe:02:11	gPTP Follow_Up	seq=55984 li=-3 spid=3cc0c6fffefe02100001
157.310942392	2	3c:c0:c6:fe:02:11	gPTP Sync	seq=55985 li=-3 spid=3cc0c6fffefe02100001
157.311678394	2	3c:c0:c6:fe:02:11	gPTP Follow_Up	seq=55985 li=-3 spid=3cc0c6fffefe02100001
157.351686528	3	02:00:00:00:00:01	MSRP	
157.430911098	2	3c:c0:c6:fe:02:11	gPTP Sync	seq=55986 li=-3 spid=3cc0c6fffefe02100001
157.431646500	2	3c:c0:c6:fe:02:11	gPTP Follow_Up	seq=55986 li=-3 spid=3cc0c6fffefe02100001
157.551689790	3	02:00:00:00:00:01	gPTP Pdelay_Req	seq=1468 li=0 spid=020000fffe0000010001
157.552458416	2	3c:c0:c6:fe:02:11	gPTP Pdelay_Resp	seq=1468 li=127 spid=3cc0c6fffefe02100001
157.553447218	2	3c:c0:c6:fe:02:11	gPTP Pdelay_Resp_Follow_Up	seq=1468 li=127 spid=3cc0c6fffefe02100001
157.570127345	2	3c:c0:c6:fe:02:11	gPTP Sync	seq=55987 li=-3 spid=3cc0c6fffefe02100001
157.570704955	2	3c:c0:c6:fe:02:11	gPTP Follow_Up	seq=55987 li=-3 spid=3cc0c6fffefe02100001
157.600396569	2	3c:c0:c6:fe:02:11	MVRP	
157.640571271	2	3c:c0:c6:fe:02:11	gPTP Pdelay_Req	seq=1560 li=0 spid=3cc0c6fffefe02100001
157.640582255	3	02:00:00:00:00:01	gPTP Pdelay_Resp	seq=1560 li=127 spid=020000fffe0000010001
157.640589815	3	02:00:00:00:00:01	gPTP Pdelay_Resp_Follow_Up	seq=1560 li=127 spid=020000fffe0000010001
157.680981782	2	3c:c0:c6:fe:02:11	gPTP Sync	seq=55988 li=-3 spid=3cc0c6fffefe02100001
157.681729368	2	3c:c0:c6:fe:02:11	gPTP Follow_Up	seq=55988 li=-3 spid=3cc0c6fffefe02100001
157.811003752	2	3c:c0:c6:fe:02:11	gPTP Sync	seq=55989 li=-3 spid=3cc0c6fffefe02100001
157.811740338	2	3c:c0:c6:fe:02:11	gPTP Follow_Up	seq=55989 li=-3 spid=3cc0c6fffefe02100001
157.894993981	2	68:05:ca:95:b2:ed	AECP	
157.895025885	3	02:00:00:00:00:01	AECP	
157.895168990	2	68:05:ca:95:b2:ed	AECP	
157.895196406	3	02:00:00:00:00:01	AECP	
157.930917458	2	3c:c0:c6:fe:02:11	gPTP Sync	seq=55990 li=-3 spid=3cc0c6fffefe02100001
157.931639060	2	3c:c0:c6:fe:02:11	gPTP Follow_Up	seq=55990 li=-3 spid=3cc0c6fffefe02100001
157.940229336	2	3c:c0:c6:fe:02:11	ethertype 0x0027	
158.001149183	2	3c:c0:c6:fe:02:11	gPTP Announce	seq=63996 li=0 spid=3cc0c6fffefe02100001 gm=3cc0c6fffefe0210 p1=246 sr=0
158.061004836	2	3c:c0:c6:fe:02:11	gPTP Sync	seq=55991 li=-3 spid=3cc0c6fffefe02100001
158.061733414	2	3c:c0:c6:fe:02:11	gPTP Follow_Up	seq=55991 li=-3 spid=3cc0c6fffefe02100001
158.129685805	3	02:00:00:00:00:01	MAAP	
158.180932326	2	3c:c0:c6:fe:02:11	gPTP Sync	seq=55992 li=-3 spid=3cc0c6fffefe02100001
158.181666352	2	3c:c0:c6:fe:02:11	gPTP Follow_Up	seq=55992 li=-3 spid=3cc0c6fffefe02100001
158.310950104	2	3c:c0:c6:fe:02:11	gPTP Sync	seq=55993 li=-3 spid=3cc0c6fffefe02100001
158.311685121	2	3c:c0:c6:fe:02:11	gPTP Follow_Up	seq=55993 li=-3 spid=3cc0c6fffefe02100001
158.351688848	3	02:00:00:00:00:01	MSRP	
158.430940194	2	3c:c0:c6:fe:02:11	gPTP Sync	seq=55994 li=-3 spid=3cc0c6fffefe02100001
158.431674020	2	3c:c0:c6:fe:02:11	gPTP Follow_Up	seq=55994 li=-3 spid=3cc0c6fffefe02100001
158.551692110	3	02:00:00:00:00:01	gPTP Pdelay_Req	seq=1469 li=0 spid=020000fffe0000010001
158.552456528	2	3c:c0:c6:fe:02:11	gPTP Pdelay_Resp	seq=1469 li=127 spid=3cc0c6fffefe02100001
158.553449114	2	3c:c0:c6:fe:02:11	gPTP Pdelay_Resp_Follow_Up	seq=1469 li=127 spid=3cc0c6fffefe02100001
158.570133457	2	3c:c0:c6:fe:02:11	gPTP Sync	seq=55995 li=-3 spid=3cc0c6fffefe02100001
158.570708475	2	3c:c0:c6:fe:02:11	gPTP Follow_Up	seq=55995 li=-3 spid=3cc0c6fffefe02100001
158.600238488	2	3c:c0:c6:fe:02:11	MVRP	
158.650549870	2	3c:c0:c6:fe:02:11	gPTP Pdelay_Req	seq=1561 li=0 spid=3cc0c6fffefe02100001
158.650560855	3	02:00:00:00:00:01	gPTP Pdelay_Resp	seq=1561 li=127 spid=020000fffe0000010001
158.650568415	3	02:00:00:00:00:01	gPTP Pdelay_Resp_Follow_Up	seq=1561 li=127 spid=020000fffe0000010001
158.680969686	2	3c:c0:c6:fe:02:11	gPTP Sync	seq=55996 li=-3 spid=3cc0c6fffefe02100001
158.681717504	2	3c:c0:c6:fe:02:11	gPTP Follow_Up	seq=55996 li=-3 spid=3cc0c6fffefe02100001
158.811004648	2	3c:c0:c6:fe:02:11	gPTP Sync	seq=55997 li=-3 spid=3cc0c6fffefe02100001
158.811739474	2	3c:c0:c6:fe:02:11	gPTP Follow_Up	seq=55997 li=-3 spid=3cc0c6fffefe02100001
158.930887378	2	3c:c0:c6:fe:02:11	gPTP Sync	seq=55998 li=-3 spid=3cc0c6fffefe02100001
158.931603156	2	3c:c0:c6:fe:02:11	gPTP Follow_Up	seq=55998 li=-3 spid=3cc0c6fffefe02100001
159.001175711	2	3c:c0:c6:fe:02:11	gPTP Announce	seq=63997 li=0 spid=3cc0c6fffefe02100001 gm=3cc0c6fffefe0210 p1=246 sr=0
159.060992356	2	3c:c0:c6:fe:02:11	gPTP Sync	seq=55999 li=-3 spid=3cc0c6fffefe02100001
159.061721350	2	3c:c0:c6:fe:02:11	gPTP Follow_Up	seq=55999 li=-3 spid=3cc0c6fffefe02100001
159.180930670	2	3c:c0:c6:fe:02:11	gPTP Sync	seq=56000 li=-3 spid=3cc0c6fffefe02100001
159.181670256	2	3c:c0:c6:fe:02:11	gPTP Follow_Up	seq=56000 li=-3 spid=3cc0c6fffefe02100001
159.310971232	2	3c:c0:c6:fe:02:11	gPTP Sync	seq=56001 li=-3 spid=3cc0c6fffefe02100001
159.311708418	2	3c:c0:c6:fe:02:11	gPTP Follow_Up	seq=56001 li=-3 spid=3cc0c6fffefe02100001
159.351691168	3	02:00:00:00:00:01	MSRP	
159.396634081	2	3c:c0:c6:01:02:03	ADP	eid=3cc0c60102030000 gm=3cc0c6fffefe0210
159.430923330	2	3c:c0:c6:fe:02:11	gPTP Sync	seq=56002 li=-3 spid=3cc0c6fffefe02100001
159.431655756	2	3c:c0:c6:fe:02:11	gPTP Follow_Up	seq=56002 li=-3 spid=3cc0c6fffefe02100001
159.551694438	3	02:00:00:00:00:01	gPTP Pdelay_Req	seq=1470 li=0 spid=020000fffe0000010001
159.552496856	2	3c:c0:c6:fe:02:11	gPTP Pdelay_Resp	seq=1470 li=127 spid=3cc0c6fffefe02100001
159.553484058	2	3c:c0:c6:fe:02:11	gPTP Pdelay_Resp_Follow_Up	seq=1470 li=127 spid=3cc0c6fffefe02100001
159.570142778	2	3c:c0:c6:fe:02:11	gPTP Sync	seq=56003 li=-3 spid=3cc0c6fffefe02100001
159.570719395	2	3c:c0:c6:fe:02:11	gPTP Follow_Up	seq=56003 li=-3 spid=3cc0c6fffefe02100001
159.600438817	2	3c:c0:c6:fe:02:11	MVRP	
159.660624870	2	3c:c0:c6:fe:02:11	gPTP Pdelay_Req	seq=1562 li=0 spid=3cc0c6fffefe02100001
159.660635870	3	02:00:00:00:00:01	gPTP Pdelay_Resp	seq=1562 li=127 spid=020000fffe0000010001
159.660643430	3	02:00:00:00:00:01	gPTP Pdelay_Resp_Follow_Up	seq=1562 li=127 spid=020000fffe0000010001
159.680893822	2	3c:c0:c6:fe:02:11	gPTP Sync	seq=56004 li=-3 spid=3cc0c6fffefe02100001
159.681634624	2	3c:c0:c6:fe:02:11	gPTP Follow_Up	seq=56004 li=-3 spid=3cc0c6fffefe02100001
159.811020400	2	3c:c0:c6:fe:02:11	gPTP Sync	seq=56005 li=-3 spid=3cc0c6fffefe02100001
159.811751602	2	3c:c0:c6:fe:02:11	gPTP Follow_Up	seq=56005 li=-3 spid=3cc0c6fffefe02100001
159.930897298	2	3c:c0:c6:fe:02:11	gPTP Sync	seq=56006 li=-3 spid=3cc0c6fffefe02100001
159.931616284	2	3c:c0:c6:fe:02:11	gPTP Follow_Up	seq=56006 li=-3 spid=3cc0c6fffefe02100001
159.940243768	2	3c:c0:c6:fe:02:11	ethertype 0x0027	
160.001179239	2	3c:c0:c6:fe:02:11	gPTP Announce	seq=63998 li=0 spid=3cc0c6fffefe02100001 gm=3cc0c6fffefe0210 p1=246 sr=0
160.060999684	2	3c:c0:c6:fe:02:11	gPTP Sync	seq=56007 li=-3 spid=3cc0c6fffefe02100001
160.061727086	2	3c:c0:c6:fe:02:11	gPTP Follow_Up	seq=56007 li=-3 spid=3cc0c6fffefe02100001
160.180968782	2	3c:c0:c6:fe:02:11	gPTP Sync	seq=56008 li=-3 spid=3cc0c6fffefe02100001
160.181705360	2	3c:c0:c6:fe:02:11	gPTP Follow_Up	seq=56008 li=-3 spid=3cc0c6fffefe02100001
160.310961952	2	3c:c0:c6:fe:02:11	gPTP Sync	seq=56009 li=-3 spid=3cc0c6fffefe02100001
160.311698562	2	3c:c0:c6:fe:02:11	gPTP Follow_Up	seq=56009 li=-3 spid=3cc0c6fffefe02100001
160.351693496	3	02:00:00:00:00:01	MSRP	
160.430904034	2	3c:c0:c6:fe:02:11	gPTP Sync	seq=56010 li=-3 spid=3cc0c6fffefe02100001
160.431641676	2	3c:c0:c6:fe:02:11	gPTP Follow_Up	seq=56010 li=-3 spid=3cc0c6fffefe02100001
160.551696758	3	02:00:00:00:00:01	gPTP Pdelay_Req	seq=1471 li=0 spid=020000fffe0000010001
160.552462552	2	3c:c0:c6:fe:02:11	gPTP Pdelay_Resp	seq=1471 li=127 spid=3cc0c6fffefe02100001
160.553452995	2	3c:c0:c6:fe:02:11	gPTP Pdelay_Resp_Follow_Up	seq=1471 li=127 spid=3cc0c6fffefe02100001
160.570148506	2	3c:c0:c6:fe:02:11	gPTP Sync	seq=56011 li=-3 spid=3cc0c6fffefe02100001
160.570726115	2	3c:c0:c6:fe:02:11	gPTP Follow_Up	seq=56011 li=-3 spid=3cc0c6fffefe02100001
160.600252545	2	3c:c0:c6:fe:02:11	MVRP	
160.670618254	2	3c:c0:c6:fe:02:11	gPTP Pdelay_Req	seq=1563 li=0 spid=3cc0c6fffefe02100001
160.670629262	3	02:00:00:00:00:01	gPTP Pdelay_Resp	seq=1563 li=127 spid=020000fffe0000010001
160.670636822	3	02:00:00:00:00:01	gPTP Pdelay_Resp_Follow_Up	seq=1563 li=127 spid=020000fffe0000010001
160.680914942	2	3c:c0:c6:fe:02:11	gPTP Sync	seq=56012 li=-3 spid=3cc0c6fffefe02100001
160.681654144	2	3c:c0:c6:fe:02:11	gPTP Follow_Up	seq=56012 li=-3 spid=3cc0c6fffefe02100001
160.811034128	2	3c:c0:c6:fe:02:11	gPTP Sync	seq=56013 li=-3 spid=3cc0c6fffefe02100001
160.811765714	2	3c:c0:c6:fe:02:11	gPTP Follow_Up	seq=56013 li=-3 spid=3cc0c6fffefe02100001
160.930898225	2	3c:c0:c6:fe:02:11	gPTP Sync	seq=56014 li=-3 spid=3cc0c6fffefe02100001
160.931613819	2	3c:c0:c6:fe:02:11	gPTP Follow_Up	seq=56014 li=-3 spid=3cc0c6fffefe02100001
161.001173542	2	3c:c0:c6:fe:02:11	gPTP Announce	seq=63999 li=0 spid=3cc0c6fffefe02100001 gm=3cc0c6fffefe0210 p1=246 sr=0
161.061007403	2	3c:c0:c6:fe:02:11	gPTP Sync	seq=56015 li=-3 spid=3cc0c6fffefe02100001
161.061734797	2	3c:c0:c6:fe:02:11	gPTP Follow_Up	seq=56015 li=-3 spid=3cc0c6fffefe02100001
161.151695336	3	02:00:00:00:00:01	MSRP	
161.152073873	2	3c:c0:c6:fe:02:11	MSRP	
161.181011692	2	3c:c0:c6:fe:02:11	gPTP Sync	seq=56016 li=-3 spid=3cc0c6fffefe02100001
161.181740918	2	3c:c0:c6:fe:02:11	gPTP Follow_Up	seq=56016 li=-3 spid=3cc0c6fffefe02100001
161.240316936	2	3c:c0:c6:fe:02:11	MVRP	
161.251192825	2	3c:c0:c6:fe:02:11	MSRP	
161.311017886	2	3c:c0:c6:fe:02:11	gPTP Sync	seq=56017 li=-3 spid=3cc0c6fffefe02100001
161.311752679	2	3c:c0:c6:fe:02:11	gPTP Follow_Up	seq=56017 li=-3 spid=3cc0c6fffefe02100001
161.351695821	3	02:00:00:00:00:01	MSRP	
161.430916583	2	3c:c0:c6:fe:02:11	gPTP Sync	seq=56018 li=-3 spid=3cc0c6fffefe02100001
161.431655177	2	3c:c0:c6:fe:02:11	gPTP Follow_Up	seq=56018 li=-3 spid=3cc0c6fffefe02100001
161.551699083	3	02:00:00:00:00:01	gPTP Pdelay_Req	seq=1472 li=0 spid=020000fffe0000010001
161.552467092	2	3c:c0:c6:fe:02:11	gPTP Pdelay_Resp	seq=1472 li=127 spid=3cc0c6fffefe02100001
161.553459679	2	3c:c0:c6:fe:02:11	gPTP Pdelay_Resp_Follow_Up	seq=1472 li=127 spid=3cc0c6fffefe02100001
161.570155838	2	3c:c0:c6:fe:02:11	gPTP Sync	seq=56019 li=-3 spid=3cc0c6fffefe02100001
161.570732831	2	3c:c0:c6:fe:02:11	gPTP Follow_Up	seq=56019 li=-3 spid=3cc0c6fffefe02100001
161.600438845	2	3c:c0:c6:fe:02:11	MVRP	
161.681098266	2	3c:c0:c6:fe:02:11	gPTP Pdelay_Req	seq=1564 li=0 spid=3cc0c6fffefe02100001
161.681109266	3	02:00:00:00:00:01	gPTP Pdelay_Resp	seq=1564 li=127 spid=020000fffe0000010001
161.681116826	3	02:00:00:00:00:01	gPTP Pdelay_Resp_Follow_Up	seq=1564 li=127 spid=020000fffe0000010001
161.700176815	2	3c:c0:c6:fe:02:11	gPTP Sync	seq=56020 li=-3 spid=3cc0c6fffefe02100001
161.700789585	2	3c:c0:c6:fe:02:11	gPTP Follow_Up	seq=56020 li=-3 spid=3cc0c6fffefe02100001
161.811031628	2	3c:c0:c6:fe:02:11	gPTP Sync	seq=56021 li=-3 spid=3cc0c6fffefe02100001
161.811765045	2	3c:c0:c6:fe:02:11	gPTP Follow_Up	seq=56021 li=-3 spid=3cc0c6fffefe02100001
161.885694547	3	02:00:00:00:00:01	MAAP	
161.930904341	2	3c:c0:c6:fe:02:11	gPTP Sync	seq=56022 li=-3 spid=3cc0c6fffefe02100001
161.931622743	2	3c:c0:c6:fe:02:11	gPTP Follow_Up	seq=56022 li=-3 spid=3cc0c6fffefe02100001
161.940261403	2	3c:c0:c6:fe:02:11	ethertype 0x0027	
162.001248674	2	3c:c0:c6:fe:02:11	gPTP Announce	seq=64000 li=0 spid=3cc0c6fffefe02100001 gm=3cc0c6fffefe0210 p1=246 sr=0
162.061041895	2	3c:c0:c6:fe:02:11	gPTP Sync	seq=56023 li=-3 spid=3cc0c6fffefe02100001
162.061773137	2	3c:c0:c6:fe:02:11	gPTP Follow_Up	seq=56023 li=-3 spid=3cc0c6fffefe02100001
162.180957233	2	3c:c0:c6:fe:02:11	gPTP Sync	seq=56024 li=-3 spid=3cc0c6fffefe02100001
162.181696435	2	3c:c0:c6:fe:02:11	gPTP Follow_Up	seq=56024 li=-3 spid=3cc0c6fffefe02100001
162.310997794	2	3c:c0:c6:fe:02:11	gPTP Sync	seq=56025 li=-3 spid=3cc0c6fffefe02100001
162.311737604	2	3c:c0:c6:fe:02:11	gPTP Follow_Up	seq=56025 li=-3 spid=3cc0c6fffefe02100001
162.351698146	3	02:00:00:00:00:01	MSRP	
162.430922308	2	3c:c0:c6:fe:02:11	gPTP Sync	seq=56026 li=-3 spid=3cc0c6fffefe02100001
162.431656718	2	3c:c0:c6:fe:02:11	gPTP Follow_Up	seq=56026 li=-3 spid=3cc0c6fffefe02100001
162.551701408	3	02:00:00:00:00:01	gPTP Pdelay_Req	seq=1473 li=0 spid=020000fffe0000010001
162.552489210	2	3c:c0:c6:fe:02:11	gPTP Pdelay_Resp	seq=1473 li=127 spid=3cc0c6fffefe02100001
162.553477028	2	3c:c0:c6:fe:02:11	gPTP Pdelay_Resp_Follow_Up	seq=1473 li=127 spid=3cc0c6fffefe02100001
162.570167739	2	3c:c0:c6:fe:02:11	gPTP Sync	seq=56027 li=-3 spid=3cc0c6fffefe02100001
162.570745349	2	3c:c0:c6:fe:02:11	gPTP Follow_Up	seq=56027 li=-3 spid=3cc0c6fffefe02100001
162.600278178	2	3c:c0:c6:fe:02:11	MVRP	
162.680966176	2	3c:c0:c6:fe:02:11	gPTP Sync	seq=56028 li=-3 spid=3cc0c6fffefe02100001
162.681695777	2	3c:c0:c6:fe:02:11	gPTP Follow_Up	seq=56028 li=-3 spid=3cc0c6fffefe02100001
162.700173517	2	3c:c0:c6:fe:02:11	gPTP Pdelay_Req	seq=1565 li=0 spid=3cc0c6fffefe02100001
162.700184517	3	02:00:00:00:00:01	gPTP Pdelay_Resp	seq=1565 li=127 spid=020000fffe0000010001
162.700192077	3	02:00:00:00:00:01	gPTP Pdelay_Resp_Follow_Up	seq=1565 li=127 spid=020000fffe0000010001
162.811004337	2	3c:c0:c6:fe:02:11	gPTP Sync	seq=56029 li=-3 spid=3cc0c6fffefe02100001
162.811738739	2	3c:c0:c6:fe:02:11	gPTP Follow_Up	seq=56029 li=-3 spid=3cc0c6fffefe02100001
162.895988209	2	68:05:ca:95:b2:ed	AECP	
162.896020273	3	02:00:00:00:00:01	AECP	
162.896168978	2	68:05:ca:95:b2:ed	AECP	
162.896197194	3	02:00:00:00:00:01	AECP	
162.930917459	2	3c:c0:c6:fe:02:11	gPTP Sync	seq=56030 li=-3 spid=3cc0c6fffefe02100001
162.931639069	2	3c:c0:c6:fe:02:11	gPTP Follow_Up	seq=56030 li=-3 spid=3cc0c6fffefe02100001
163.001184392	2	3c:c0:c6:fe:02:11	gPTP Announce	seq=64001 li=0 spid=3cc0c6fffefe02100001 gm=3cc0c6fffefe0210 p1=246 sr=0
163.061045829	2	3c:c0:c6:fe:02:11	gPTP Sync	seq=56031 li=-3 spid=3cc0c6fffefe02100001
163.061779247	2	3c:c0:c6:fe:02:11	gPTP Follow_Up	seq=56031 li=-3 spid=3cc0c6fffefe02100001
163.180987951	2	3c:c0:c6:fe:02:11	gPTP Sync	seq=56032 li=-3 spid=3cc0c6fffefe02100001
163.181722353	2	3c:c0:c6:fe:02:11	gPTP Follow_Up	seq=56032 li=-3 spid=3cc0c6fffefe02100001
163.310983713	2	3c:c0:c6:fe:02:11	gPTP Sync	seq=56033 li=-3 spid=3cc0c6fffefe02100001
163.311721923	2	3c:c0:c6:fe:02:11	gPTP Follow_Up	seq=56033 li=-3 spid=3cc0c6fffefe02100001
163.351700473	3	02:00:00:00:00:01	MSRP	
163.430928427	2	3c:c0:c6:fe:02:11	gPTP Sync	seq=56034 li=-3 spid=3cc0c6fffefe02100001
163.431661837	2	3c:c0:c6:fe:02:11	gPTP Follow_Up	seq=56034 li=-3 spid=3cc0c6fffefe02100001
163.551703743	3	02:00:00:00:00:01	gPTP Pdelay_Req	seq=1474 li=0 spid=020000fffe0000010001
163.552490745	2	3c:c0:c6:fe:02:11	gPTP Pdelay_Resp	seq=1474 li=127 spid=3cc0c6fffefe02100001
163.553481539	2	3c:c0:c6:fe:02:11	gPTP Pdelay_Resp_Follow_Up	seq=1474 li=127 spid=3cc0c6fffefe02100001
163.570170274	2	3c:c0:c6:fe:02:11	gPTP Sync	seq=56035 li=-3 spid=3cc0c6fffefe02100001
163.570745284	2	3c:c0:c6:fe:02:11	gPTP Follow_Up	seq=56035 li=-3 spid=3cc0c6fffefe02100001
163.600463105	2	3c:c0:c6:fe:02:11	MVRP	
163.680989503	2	3c:c0:c6:fe:02:11	gPTP Sync	seq=56036 li=-3 spid=3cc0c6fffefe02100001
163.681732520	2	3c:c0:c6:fe:02:11	gPTP Follow_Up	seq=56036 li=-3 spid=3cc0c6fffefe02100001
163.710632124	2	3c:c0:c6:fe:02:11	gPTP Pdelay_Req	seq=1566 li=0 spid=3cc0c6fffefe02100001
163.710643132	3	02:00:00:00:00:01	gPTP Pdelay_Resp	seq=1566 li=127 spid=020000fffe0000010001
163.710650692	3	02:00:00:00:00:01	gPTP Pdelay_Resp_Follow_Up	seq=1566 li=127 spid=020000fffe0000010001
163.811014288	2	3c:c0:c6:fe:02:11	gPTP Sync	seq=56037 li=-3 spid=3cc0c6fffefe02100001
163.811745498	2	3c:c0:c6:fe:02:11	gPTP Follow_Up	seq=56037 li=-3 spid=3cc0c6fffefe02100001
163.930920378	2	3c:c0:c6:fe:02:11	gPTP Sync	seq=56038 li=-3 spid=3cc0c6fffefe02100001
163.931636796	2	3c:c0:c6:fe:02:11	gPTP Follow_Up	seq=56038 li=-3 spid=3cc0c6fffefe02100001
163.940274464	2	3c:c0:c6:fe:02:11	ethertype 0x0027	
164.001196520	2	3c:c0:c6:fe:02:11	gPTP Announce	seq=64002 li=0 spid=3cc0c6fffefe02100001 gm=3cc0c6fffefe0210 p1=246 sr=0
164.061054756	2	3c:c0:c6:fe:02:11	gPTP Sync	seq=56039 li=-3 spid=3cc0c6fffefe02100001
164.061786574	2	3c:c0:c6:fe:02:11	gPTP Follow_Up	seq=56039 li=-3 spid=3cc0c6fffefe02100001
164.180974254	2	3c:c0:c6:fe:02:11	gPTP Sync	seq=56040 li=-3 spid=3cc0c6fffefe02100001
164.181710256	2	3c:c0:c6:fe:02:11	gPTP Follow_Up	seq=56040 li=-3 spid=3cc0c6fffefe02100001
164.311057632	2	3c:c0:c6:fe:02:11	gPTP Sync	seq=56041 li=-3 spid=3cc0c6fffefe02100001
164.311793634	2	3c:c0:c6:fe:02:11	gPTP Follow_Up	seq=56041 li=-3 spid=3cc0c6fffefe02100001
164.351702792	3	02:00:00:00:00:01	MSRP	
164.430936738	2	3c:c0:c6:fe:02:11	gPTP Sync	seq=56042 li=-3 spid=3cc0c6fffefe02100001
164.431667948	2	3c:c0:c6:fe:02:11	gPTP Follow_Up	seq=56042 li=-3 spid=3cc0c6fffefe02100001
164.551706062	3	02:00:00:00:00:01	gPTP Pdelay_Req	seq=1475 li=0 spid=020000fffe0000010001
164.552495256	2	3c:c0:c6:fe:02:11	gPTP Pdelay_Resp	seq=1475 li=127 spid=3cc0c6fffefe02100001
164.553485050	2	3c:c0:c6:fe:02:11	gPTP Pdelay_Resp_Follow_Up	seq=1475 li=127 spid=3cc0c6fffefe02100001
164.570179162	2	3c:c0:c6:fe:02:11	gPTP Sync	seq=56043 li=-3 spid=3cc0c6fffefe02100001
164.570755171	2	3c:c0:c6:fe:02:11	gPTP Follow_Up	seq=56043 li=-3 spid=3cc0c6fffefe02100001
164.600284608	2	3c:c0:c6:fe:02:11	MVRP	
164.681018014	2	3c:c0:c6:fe:02:11	gPTP Sync	seq=56044 li=-3 spid=3cc0c6fffefe02100001
164.681767424	2	3c:c0:c6:fe:02:11	gPTP Follow_Up	seq=56044 li=-3 spid=3cc0c6fffefe02100001
164.720643107	2	3c:c0:c6:fe:02:11	gPTP Pdelay_Req	seq=1567 li=0 spid=3cc0c6fffefe02100001
164.720654116	3	02:00:00:00:00:01	gPTP Pdelay_Resp	seq=1567 li=127 spid=020000fffe0000010001
164.720661676	3	02:00:00:00:00:01	gPTP Pdelay_Resp_Follow_Up	seq=1567 li=127 spid=020000fffe0000010001
164.811017808	2	3c:c0:c6:fe:02:11	gPTP Sync	seq=56045 li=-3 spid=3cc0c6fffefe02100001
164.811752209	2	3c:c0:c6:fe:02:11	gPTP Follow_Up	seq=56045 li=-3 spid=3cc0c6fffefe02100001
164.930928273	2	3c:c0:c6:fe:02:11	gPTP Sync	seq=56046 li=-3 spid=3cc0c6fffefe02100001
164.931648283	2	3c:c0:c6:fe:02:11	gPTP Follow_Up	seq=56046 li=-3 spid=3cc0c6fffefe02100001
165.001214438	2	3c:c0:c6:fe:02:11	gPTP Announce	seq=64003 li=0 spid=3cc0c6fffefe02100001 gm=3cc0c6fffefe0210 p1=246 sr=0
165.061074275	2	3c:c0:c6:fe:02:11	gPTP Sync	seq=56047 li=-3 spid=3cc0c6fffefe02100001
165.061804492	2	3c:c0:c6:fe:02:11	gPTP Follow_Up	seq=56047 li=-3 spid=3cc0c6fffefe02100001
165.180978380	2	3c:c0:c6:fe:02:11	gPTP Sync	seq=56048 li=-3 spid=3cc0c6fffefe02100001
165.181712782	2	3c:c0:c6:fe:02:11	gPTP Follow_Up	seq=56048 li=-3 spid=3cc0c6fffefe02100001
165.287748975	2	3c:c0:c6:01:02:03	ADP	eid=3cc0c60102030000 gm=3cc0c6fffefe0210
165.311030750	2	3c:c0:c6:fe:02:11	gPTP Sync	seq=56049 li=-3 spid=3cc0c6fffefe02100001
165.311761567	2	3c:c0:c6:fe:02:11	gPTP Follow_Up	seq=56049 li=-3 spid=3cc0c6fffefe02100001
165.351705109	3	02:00:00:00:00:01	MSRP	
165.430947647	2	3c:c0:c6:fe:02:11	gPTP Sync	seq=56050 li=-3 spid=3cc0c6fffefe02100001
165.431687465	2	3c:c0:c6:fe:02:11	gPTP Follow_Up	seq=56050 li=-3 spid=3cc0c6fffefe02100001
165.551708371	3	02:00:00:00:00:01	gPTP Pdelay_Req	seq=1476 li=0 spid=020000fffe0000010001
165.552469972	2	3c:c0:c6:fe:02:11	gPTP Pdelay_Resp	seq=1476 li=127 spid=3cc0c6fffefe02100001
165.553457175	2	3c:c0:c6:fe:02:11	gPTP Pdelay_Resp_Follow_Up	seq=1476 li=127 spid=3cc0c6fffefe02100001
165.570203510	2	3c:c0:c6:fe:02:11	gPTP Sync	seq=56051 li=-3 spid=3cc0c6fffefe02100001
165.570822111	2	3c:c0:c6:fe:02:11	gPTP Follow_Up	seq=56051 li=-3 spid=3cc0c6fffefe02100001
165.575706691	3	02:00:00:00:00:01	ADP	eid=020000fffe000001 gm=3cc0c6fffefe0210
165.600496733	2	3c:c0:c6:fe:02:11	MVRP	
165.680994938	2	3c:c0:c6:fe:02:11	gPTP Sync	seq=56052 li=-3 spid=3cc0c6fffefe02100001
165.681740540	2	3c:c0:c6:fe:02:11	gPTP Follow_Up	seq=56052 li=-3 spid=3cc0c6fffefe02100001
165.730649519	2	3c:c0:c6:fe:02:11	gPTP Pdelay_Req	seq=1568 li=0 spid=3cc0c6fffefe02100001
165.730660503	3	02:00:00:00:00:01	gPTP Pdelay_Resp	seq=1568 li=127 spid=020000fffe0000010001
165.730668063	3	02:00:00:00:00:01	gPTP Pdelay_Resp_Follow_Up	seq=1568 li=127 spid=020000fffe0000010001
165.811006315	2	3c:c0:c6:fe:02:11	gPTP Sync	seq=56053 li=-3 spid=3cc0c6fffefe02100001
165.811740109	2	3c:c0:c6:fe:02:11	gPTP Follow_Up	seq=56053 li=-3 spid=3cc0c6fffefe02100001
165.930939821	2	3c:c0:c6:fe:02:11	gPTP Sync	seq=56054 li=-3 spid=3cc0c6fffefe02100001
165.931656599	2	3c:c0:c6:fe:02:11	gPTP Follow_Up	seq=56054 li=-3 spid=3cc0c6fffefe02100001
165.940289459	2	3c:c0:c6:fe:02:11	ethertype 0x0027	
166.001209954	2	3c:c0:c6:fe:02:11	gPTP Announce	seq=64004 li=0 spid=3cc0c6fffefe02100001 gm=3cc0c6fffefe0210 p1=246 sr=0
166.036704158	3	02:00:00:00:00:01	MAAP	
166.061070783	2	3c:c0:c6:fe:02:11	gPTP Sync	seq=56055 li=-3 spid=3cc0c6fffefe02100001
166.061805193	2	3c:c0:c6:fe:02:11	gPTP Follow_Up	seq=56055 li=-3 spid=3cc0c6fffefe02100001
166.181022505	2	3c:c0:c6:fe:02:11	gPTP Sync	seq=56056 li=-3 spid=3cc0c6fffefe02100001
166.181758506	2	3c:c0:c6:fe:02:11	gPTP Follow_Up	seq=56056 li=-3 spid=3cc0c6fffefe02100001
166.311006682	2	3c:c0:c6:fe:02:11	gPTP Sync	seq=56057 li=-3 spid=3cc0c6fffefe02100001
166.311740476	2	3c:c0:c6:fe:02:11	gPTP Follow_Up	seq=56057 li=-3 spid=3cc0c6fffefe02100001
166.351707402	3	02:00:00:00:00:01	MSRP	
166.430949564	2	3c:c0:c6:fe:02:11	gPTP Sync	seq=56058 li=-3 spid=3cc0c6fffefe02100001
166.431682982	2	3c:c0:c6:fe:02:11	gPTP Follow_Up	seq=56058 li=-3 spid=3cc0c6fffefe02100001
166.551710656	3	02:00:00:00:00:01	gPTP Pdelay_Req	seq=1477 li=0 spid=020000fffe0000010001
166.552471282	2	3c:c0:c6:fe:02:11	gPTP Pdelay_Resp	seq=1477 li=127 spid=3cc0c6fffefe02100001
166.553459092	2	3c:c0:c6:fe:02:11	gPTP Pdelay_Resp_Follow_Up	seq=1477 li=127 spid=3cc0c6fffefe02100001
166.570193011	2	3c:c0:c6:fe:02:11	gPTP Sync	seq=56059 li=-3 spid=3cc0c6fffefe02100001
166.570771221	2	3c:c0:c6:fe:02:11	gPTP Follow_Up	seq=56059 li=-3 spid=3cc0c6fffefe02100001
166.600247442	2	3c:c0:c6:fe:02:11	MVRP	
166.681005464	2	3c:c0:c6:fe:02:11	gPTP Sync	seq=56060 li=-3 spid=3cc0c6fffefe02100001
166.681748249	2	3c:c0:c6:fe:02:11	gPTP Follow_Up	seq=56060 li=-3 spid=3cc0c6fffefe02100001
166.740722292	2	3c:c0:c6:fe:02:11	gPTP Pdelay_Req	seq=1569 li=0 spid=3cc0c6fffefe02100001
166.740733292	3	02:00:00:00:00:01	gPTP Pdelay_Resp	seq=1569 li=127 spid=020000fffe0000010001
166.740740852	3	02:00:00:00:00:01	gPTP Pdelay_Resp_Follow_Up	seq=1569 li=127 spid=020000fffe0000010001
166.802469541	2	3c:c0:c6:fe:02:11	gPTP Sync	seq=56061 li=-3 spid=3cc0c6fffefe02100001
166.803221583	2	3c:c0:c6:fe:02:11	gPTP Follow_Up	seq=56061 li=-3 spid=3cc0c6fffefe02100001
166.930957739	2	3c:c0:c6:fe:02:11	gPTP Sync	seq=56062 li=-3 spid=3cc0c6fffefe02100001
166.931677749	2	3c:c0:c6:fe:02:11	gPTP Follow_Up	seq=56062 li=-3 spid=3cc0c6fffefe02100001
166.940414001	2	3c:c0:c6:fe:02:10	ethertype 0x0800	
167.001230648	2	3c:c0:c6:fe:02:11	gPTP Announce	seq=64005 li=0 spid=3cc0c6fffefe02100001 gm=3cc0c6fffefe0210 p1=246 sr=0
167.061055517	2	3c:c0:c6:fe:02:11	gPTP Sync	seq=56063 li=-3 spid=3cc0c6fffefe02100001
167.061784519	2	3c:c0:c6:fe:02:11	gPTP Follow_Up	seq=56063 li=-3 spid=3cc0c6fffefe02100001
167.180993607	2	3c:c0:c6:fe:02:11	gPTP Sync	seq=56064 li=-3 spid=3cc0c6fffefe02100001
167.181728617	2	3c:c0:c6:fe:02:11	gPTP Follow_Up	seq=56064 li=-3 spid=3cc0c6fffefe02100001
167.311014585	2	3c:c0:c6:fe:02:11	gPTP Sync	seq=56065 li=-3 spid=3cc0c6fffefe02100001
167.311747994	2	3c:c0:c6:fe:02:11	gPTP Follow_Up	seq=56065 li=-3 spid=3cc0c6fffefe02100001
167.351709728	3	02:00:00:00:00:01	MSRP	
167.430962491	2	3c:c0:c6:fe:02:11	gPTP Sync	seq=56066 li=-3 spid=3cc0c6fffefe02100001
167.431697508	2	3c:c0:c6:fe:02:11	gPTP Follow_Up	seq=56066 li=-3 spid=3cc0c6fffefe02100001
167.551712991	3	02:00:00:00:00:01	gPTP Pdelay_Req	seq=1478 li=0 spid=020000fffe0000010001
167.552482608	2	3c:c0:c6:fe:02:11	gPTP Pdelay_Resp	seq=1478 li=127 spid=3cc0c6fffefe02100001
167.553471411	2	3c:c0:c6:fe:02:11	gPTP Pdelay_Resp_Follow_Up	seq=1478 li=127 spid=3cc0c6fffefe02100001
167.570203730	2	3c:c0:c6:fe:02:11	gPTP Sync	seq=56067 li=-3 spid=3cc0c6fffefe02100001
167.570782523	2	3c:c0:c6:fe:02:11	gPTP Follow_Up	seq=56067 li=-3 spid=3cc0c6fffefe02100001
167.600712570	2	3c:c0:c6:fe:02:11	MVRP	
167.681071575	2	3c:c0:c6:fe:02:11	gPTP Sync	seq=56068 li=-3 spid=3cc0c6fffefe02100001
167.681818777	2	3c:c0:c6:fe:02:11	gPTP Follow_Up	seq=56068 li=-3 spid=3cc0c6fffefe02100001
167.750700099	2	3c:c0:c6:fe:02:11	gPTP Pdelay_Req	seq=1570 li=0 spid=3cc0c6fffefe02100001
167.750711091	3	02:00:00:00:00:01	gPTP Pdelay_Resp	seq=1570 li=127 spid=020000fffe0000010001
167.750718651	3	02:00:00:00:00:01	gPTP Pdelay_Resp_Follow_Up	seq=1570 li=127 spid=020000fffe0000010001
167.811238761	2	3c:c0:c6:fe:02:11	gPTP Sync	seq=56069 li=-3 spid=3cc0c6fffefe02100001
167.811976747	2	3c:c0:c6:fe:02:11	gPTP Follow_Up	seq=56069 li=-3 spid=3cc0c6fffefe02100001
167.894969182	2	68:05:ca:95:b2:ed	AECP	
167.895001286	3	02:00:00:00:00:01	AECP	
167.895153182	2	68:05:ca:95:b2:ed	AECP	
167.895181566	3	02:00:00:00:00:01	AECP	
167.930949642	2	3c:c0:c6:fe:02:11	gPTP Sync	seq=56070 li=-3 spid=3cc0c6fffefe02100001
167.931666452	2	3c:c0:c6:fe:02:11	gPTP Follow_Up	seq=56070 li=-3 spid=3cc0c6fffefe02100001
167.940303696	2	3c:c0:c6:fe:02:11	ethertype 0x0027	
168.001232192	2	3c:c0:c6:fe:02:11	gPTP Announce	seq=64006 li=0 spid=3cc0c6fffefe02100001 gm=3cc0c6fffefe0210 p1=246 sr=0
168.061061020	2	3c:c0:c6:fe:02:11	gPTP Sync	seq=56071 li=-3 spid=3cc0c6fffefe02100001
168.061791238	2	3c:c0:c6:fe:02:11	gPTP Follow_Up	seq=56071 li=-3 spid=3cc0c6fffefe02100001
168.181002534	2	3c:c0:c6:fe:02:11	gPTP Sync	seq=56072 li=-3 spid=3cc0c6fffefe02100001
168.181734728	2	3c:c0:c6:fe:02:11	gPTP Follow_Up	seq=56072 li=-3 spid=3cc0c6fffefe02100001
168.311041688	2	3c:c0:c6:fe:02:11	gPTP Sync	seq=56073 li=-3 spid=3cc0c6fffefe02100001
168.311779322	2	3c:c0:c6:fe:02:11	gPTP Follow_Up	seq=56073 li=-3 spid=3cc0c6fffefe02100001
168.351712048	3	02:00:00:00:00:01	MSRP	
168.430970202	2	3c:c0:c6:fe:02:11	gPTP Sync	seq=56074 li=-3 spid=3cc0c6fffefe02100001
168.431706820	2	3c:c0:c6:fe:02:11	gPTP Follow_Up	seq=56074 li=-3 spid=3cc0c6fffefe02100001
168.551715318	3	02:00:00:00:00:01	gPTP Pdelay_Req	seq=1479 li=0 spid=020000fffe0000010001
168.552479728	2	3c:c0:c6:fe:02:11	gPTP Pdelay_Resp	seq=1479 li=127 spid=3cc0c6fffefe02100001
168.553469530	2	3c:c0:c6:fe:02:11	gPTP Pdelay_Resp_Follow_Up	seq=1479 li=127 spid=3cc0c6fffefe02100001
168.570211058	2	3c:c0:c6:fe:02:11	gPTP Sync	seq=56075 li=-3 spid=3cc0c6fffefe02100001
168.570788059	2	3c:c0:c6:fe:02:11	gPTP Follow_Up	seq=56075 li=-3 spid=3cc0c6fffefe02100001
168.600331096	2	3c:c0:c6:fe:02:11	MVRP	
168.681042486	2	3c:c0:c6:fe:02:11	gPTP Sync	seq=56076 li=-3 spid=3cc0c6fffefe02100001
168.681784896	2	3c:c0:c6:fe:02:11	gPTP Follow_Up	seq=56076 li=-3 spid=3cc0c6fffefe02100001
168.750912610	2	3c:c0:c6:fe:02:11	gPTP Pdelay_Req	seq=1571 li=0 spid=3cc0c6fffefe02100001
168.750923602	3	02:00:00:00:00:01	gPTP Pdelay_Resp	seq=1571 li=127 spid=020000fffe0000010001
168.750931162	3	02:00:00:00:00:01	gPTP Pdelay_Resp_Follow_Up	seq=1571 li=127 spid=020000fffe0000010001
168.811073064	2	3c:c0:c6:fe:02:11	gPTP Sync	seq=56077 li=-3 spid=3cc0c6fffefe02100001
168.811796273	2	3c:c0:c6:fe:02:11	gPTP Follow_Up	seq=56077 li=-3 spid=3cc0c6fffefe02100001
168.930963377	2	3c:c0:c6:fe:02:11	gPTP Sync	seq=56078 li=-3 spid=3cc0c6fffefe02100001
168.931680787	2	3c:c0:c6:fe:02:11	gPTP Follow_Up	seq=56078 li=-3 spid=3cc0c6fffefe02100001
169.001228094	2	3c:c0:c6:fe:02:11	gPTP Announce	seq=64007 li=0 spid=3cc0c6fffefe02100001 gm=3cc0c6fffefe0210 p1=246 sr=0
169.061066755	2	3c:c0:c6:fe:02:11	gPTP Sync	seq=56079 li=-3 spid=3cc0c6fffefe02100001
169.061800164	2	3c:c0:c6:fe:02:11	gPTP Follow_Up	seq=56079 li=-3 spid=3cc0c6fffefe02100001
169.181064268	2	3c:c0:c6:fe:02:11	gPTP Sync	seq=56080 li=-3 spid=3cc0c6fffefe02100001
169.181799054	2	3c:c0:c6:fe:02:11	gPTP Follow_Up	seq=56080 li=-3 spid=3cc0c6fffefe02100001
169.311030813	2	3c:c0:c6:fe:02:11	gPTP Sync	seq=56081 li=-3 spid=3cc0c6fffefe02100001
169.311764639	2	3c:c0:c6:fe:02:11	gPTP Follow_Up	seq=56081 li=-3 spid=3cc0c6fffefe02100001
169.351714373	3	02:00:00:00:00:01	MSRP	
169.430970143	2	3c:c0:c6:fe:02:11	gPTP Sync	seq=56082 li=-3 spid=3cc0c6fffefe02100001
169.431703337	2	3c:c0:c6:fe:02:11	gPTP Follow_Up	seq=56082 li=-3 spid=3cc0c6fffefe02100001
169.551717642	3	02:00:00:00:00:01	gPTP Pdelay_Req	seq=1480 li=0 spid=020000fffe0000010001
169.552522260	2	3c:c0:c6:fe:02:11	gPTP Pdelay_Resp	seq=1480 li=127 spid=3cc0c6fffefe02100001
169.553507254	2	3c:c0:c6:fe:02:11	gPTP Pdelay_Resp_Follow_Up	seq=1480 li=127 spid=3cc0c6fffefe02100001
169.570215574	2	3c:c0:c6:fe:02:11	gPTP Sync	seq=56083 li=-3 spid=3cc0c6fffefe02100001
169.570791191	2	3c:c0:c6:fe:02:11	gPTP Follow_Up	seq=56083 li=-3 spid=3cc0c6fffefe02100001
169.600498813	2	3c:c0:c6:fe:02:11	MVRP	
169.681054010	2	3c:c0:c6:fe:02:11	gPTP Sync	seq=56084 li=-3 spid=3cc0c6fffefe02100001
169.681803420	2	3c:c0:c6:fe:02:11	gPTP Follow_Up	seq=56084 li=-3 spid=3cc0c6fffefe02100001
169.750925734	2	3c:c0:c6:fe:02:11	gPTP Pdelay_Req	seq=1572 li=0 spid=3cc0c6fffefe02100001
169.750936718	3	02:00:00:00:00:01	gPTP Pdelay_Resp	seq=1572 li=127 spid=020000fffe0000010001
169.750944278	3	02:00:00:00:00:01	gPTP Pdelay_Resp_Follow_Up	seq=1572 li=127 spid=020000fffe0000010001
169.811095403	2	3c:c0:c6:fe:02:11	gPTP Sync	seq=56085 li=-3 spid=3cc0c6fffefe02100001
169.811831405	2	3c:c0:c6:fe:02:11	gPTP Follow_Up	seq=56085 li=-3 spid=3cc0c6fffefe02100001
169.930969101	2	3c:c0:c6:fe:02:11	gPTP Sync	seq=56086 li=-3 spid=3cc0c6fffefe02100001
169.931689495	2	3c:c0:c6:fe:02:11	gPTP Follow_Up	seq=56086 li=-3 spid=3cc0c6fffefe02100001
169.940319763	2	3c:c0:c6:fe:02:11	ethertype 0x0027	
170.001238618	2	3c:c0:c6:fe:02:11	gPTP Announce	seq=64008 li=0 spid=3cc0c6fffefe02100001 gm=3cc0c6fffefe0210 p1=246 sr=0
170.061094879	2	3c:c0:c6:fe:02:11	gPTP Sync	seq=56087 li=-3 spid=3cc0c6fffefe02100001
170.061823880	2	3c:c0:c6:fe:02:11	gPTP Follow_Up	seq=56087 li=-3 spid=3cc0c6fffefe02100001
170.181046376	2	3c:c0:c6:fe:02:11	gPTP Sync	seq=56088 li=-3 spid=3cc0c6fffefe02100001
170.181779178	2	3c:c0:c6:fe:02:11	gPTP Follow_Up	seq=56088 li=-3 spid=3cc0c6fffefe02100001
170.311041754	2	3c:c0:c6:fe:02:11	gPTP Sync	seq=56089 li=-3 spid=3cc0c6fffefe02100001
170.311778748	2	3c:c0:c6:fe:02:11	gPTP Follow_Up	seq=56089 li=-3 spid=3cc0c6fffefe02100001
170.351716697	3	02:00:00:00:00:01	MSRP	
170.430982044	2	3c:c0:c6:fe:02:11	gPTP Sync	seq=56090 li=-3 spid=3cc0c6fffefe02100001
170.431719653	2	3c:c0:c6:fe:02:11	gPTP Follow_Up	seq=56090 li=-3 spid=3cc0c6fffefe02100001
170.551719959	3	02:00:00:00:00:01	gPTP Pdelay_Req	seq=1481 li=0 spid=020000fffe0000010001
170.552487761	2	3c:c0:c6:fe:02:11	gPTP Pdelay_Resp	seq=1481 li=127 spid=3cc0c6fffefe02100001
170.553478771	2	3c:c0:c6:fe:02:11	gPTP Pdelay_Resp_Follow_Up	seq=1481 li=127 spid=3cc0c6fffefe02100001
170.570223891	2	3c:c0:c6:fe:02:11	gPTP Sync	seq=56091 li=-3 spid=3cc0c6fffefe02100001
170.570802684	2	3c:c0:c6:fe:02:11	gPTP Follow_Up	seq=56091 li=-3 spid=3cc0c6fffefe02100001
170.600327930	2	3c:c0:c6:fe:02:11	MVRP	
170.662714892	3	02:00:00:00:00:01	MAAP	
170.681086935	2	3c:c0:c6:fe:02:11	gPTP Sync	seq=56092 li=-3 spid=3cc0c6fffefe02100001
170.681834137	2	3c:c0:c6:fe:02:11	gPTP Follow_Up	seq=56092 li=-3 spid=3cc0c6fffefe02100001
170.750932067	2	3c:c0:c6:fe:02:11	gPTP Pdelay_Req	seq=1573 li=0 spid=3cc0c6fffefe02100001
170.750943059	3	02:00:00:00:00:01	gPTP Pdelay_Resp	seq=1573 li=127 spid=020000fffe0000010001
170.750950619	3	02:00:00:00:00:01	gPTP Pdelay_Resp_Follow_Up	seq=1573 li=127 spid=020000fffe0000010001
170.811097289	2	3c:c0:c6:fe:02:11	gPTP Sync	seq=56093 li=-3 spid=3cc0c6fffefe02100001
170.811830122	2	3c:c0:c6:fe:02:11	gPTP Follow_Up	seq=56093 li=-3 spid=3cc0c6fffefe02100001
170.930970986	2	3c:c0:c6:fe:02:11	gPTP Sync	seq=56094 li=-3 spid=3cc0c6fffefe02100001
170.931688820	2	3c:c0:c6:fe:02:11	gPTP Follow_Up	seq=56094 li=-3 spid=3cc0c6fffefe02100001
170.939719118	3	02:00:00:00:00:01	ADP	eid=020000fffe000001 gm=3cc0c6fffefe0210
171.001258143	2	3c:c0:c6:fe:02:11	gPTP Announce	seq=64009 li=0 spid=3cc0c6fffefe02100001 gm=3cc0c6fffefe0210 p1=246 sr=0
171.061081179	2	3c:c0:c6:fe:02:11	gPTP Sync	seq=56095 li=-3 spid=3cc0c6fffefe02100001
171.061806597	2	3c:c0:c6:fe:02:11	gPTP Follow_Up	seq=56095 li=-3 spid=3cc0c6fffefe02100001
171.150888062	2	3c:c0:c6:fe:02:11	MSRP	
171.151719616	3	02:00:00:00:00:01	MSRP	
171.181126501	2	3c:c0:c6:fe:02:11	gPTP Sync	seq=56096 li=-3 spid=3cc0c6fffefe02100001
171.181863495	2	3c:c0:c6:fe:02:11	gPTP Follow_Up	seq=56096 li=-3 spid=3cc0c6fffefe02100001
171.240395936	2	3c:c0:c6:fe:02:11	MVRP	
171.311065270	2	3c:c0:c6:fe:02:11	gPTP Sync	seq=56097 li=-3 spid=3cc0c6fffefe02100001
171.311802871	2	3c:c0:c6:fe:02:11	gPTP Follow_Up	seq=56097 li=-3 spid=3cc0c6fffefe02100001
171.351719013	3	02:00:00:00:00:01	MSRP	
171.390867241	2	3c:c0:c6:01:02:03	MAAP	
171.430990743	2	3c:c0:c6:fe:02:11	gPTP Sync	seq=56098 li=-3 spid=3cc0c6fffefe02100001
171.431726785	2	3c:c0:c6:fe:02:11	gPTP Follow_Up	seq=56098 li=-3 spid=3cc0c6fffefe02100001
171.551722274	3	02:00:00:00:00:01	gPTP Pdelay_Req	seq=1482 li=0 spid=020000fffe0000010001
171.552489484	2	3c:c0:c6:fe:02:11	gPTP Pdelay_Resp	seq=1482 li=127 spid=3cc0c6fffefe02100001
171.553479887	2	3c:c0:c6:fe:02:11	gPTP Pdelay_Resp_Follow_Up	seq=1482 li=127 spid=3cc0c6fffefe02100001
171.570233614	2	3c:c0:c6:fe:02:11	gPTP Sync	seq=56099 li=-3 spid=3cc0c6fffefe02100001
171.570809615	2	3c:c0:c6:fe:02:11	gPTP Follow_Up	seq=56099 li=-3 spid=3cc0c6fffefe02100001
171.600530037	2	3c:c0:c6:fe:02:11	MVRP	
171.680979250	2	3c:c0:c6:fe:02:11	gPTP Sync	seq=56100 li=-3 spid=3cc0c6fffefe02100001
171.681717843	2	3c:c0:c6:fe:02:11	gPTP Follow_Up	seq=56100 li=-3 spid=3cc0c6fffefe02100001
171.750960766	2	3c:c0:c6:fe:02:11	gPTP Pdelay_Req	seq=1574 li=0 spid=3cc0c6fffefe02100001
171.750971766	3	02:00:00:00:00:01	gPTP Pdelay_Resp	seq=1574 li=127 spid=020000fffe0000010001
171.750979326	3	02:00:00:00:00:01	gPTP Pdelay_Resp_Follow_Up	seq=1574 li=127 spid=020000fffe0000010001
171.811106435	2	3c:c0:c6:fe:02:11	gPTP Sync	seq=56101 li=-3 spid=3cc0c6fffefe02100001
171.811839237	2	3c:c0:c6:fe:02:11	gPTP Follow_Up	seq=56101 li=-3 spid=3cc0c6fffefe02100001
171.930989125	2	3c:c0:c6:fe:02:11	gPTP Sync	seq=56102 li=-3 spid=3cc0c6fffefe02100001
171.931705935	2	3c:c0:c6:fe:02:11	gPTP Follow_Up	seq=56102 li=-3 spid=3cc0c6fffefe02100001
171.940333995	2	3c:c0:c6:fe:02:11	ethertype 0x0027	
171.951720390	3	02:00:00:00:00:01	MSRP	
171.952086086	2	3c:c0:c6:fe:02:11	MSRP	
172.001297050	2	3c:c0:c6:fe:02:11	gPTP Announce	seq=64010 li=0 spid=3cc0c6fffefe02100001 gm=3cc0c6fffefe0210 p1=246 sr=0
172.050878031	2	3c:c0:c6:fe:02:11	MSRP	
172.061131903	2	3c:c0:c6:fe:02:11	gPTP Sync	seq=56103 li=-3 spid=3cc0c6fffefe02100001
172.061854688	2	3c:c0:c6:fe:02:11	gPTP Follow_Up	seq=56103 li=-3 spid=3cc0c6fffefe02100001
172.181064417	2	3c:c0:c6:fe:02:11	gPTP Sync	seq=56104 li=-3 spid=3cc0c6fffefe02100001
172.181799818	2	3c:c0:c6:fe:02:11	gPTP Follow_Up	seq=56104 li=-3 spid=3cc0c6fffefe02100001
172.266627842	2	3c:c0:c6:01:02:03	ADP	eid=3cc0c60102030000 gm=3cc0c6fffefe0210
172.311067186	2	3c:c0:c6:fe:02:11	gPTP Sync	seq=56105 li=-3 spid=3cc0c6fffefe02100001
172.311800988	2	3c:c0:c6:fe:02:11	gPTP Follow_Up	seq=56105 li=-3 spid=3cc0c6fffefe02100001
172.351721337	3	02:00:00:00:00:01	MSRP	
172.430995292	2	3c:c0:c6:fe:02:11	gPTP Sync	seq=56106 li=-3 spid=3cc0c6fffefe02100001
172.431729085	2	3c:c0:c6:fe:02:11	gPTP Follow_Up	seq=56106 li=-3 spid=3cc0c6fffefe02100001
172.551724599	3	02:00:00:00:00:01	gPTP Pdelay_Req	seq=1483 li=0 spid=020000fffe0000010001
172.552495593	2	3c:c0:c6:fe:02:11	gPTP Pdelay_Resp	seq=1483 li=127 spid=3cc0c6fffefe02100001
172.553485620	2	3c:c0:c6:fe:02:11	gPTP Pdelay_Resp_Follow_Up	seq=1483 li=127 spid=3cc0c6fffefe02100001
172.570239731	2	3c:c0:c6:fe:02:11	gPTP Sync	seq=56107 li=-3 spid=3cc0c6fffefe02100001
172.570821716	2	3c:c0:c6:fe:02:11	gPTP Follow_Up	seq=56107 li=-3 spid=3cc0c6fffefe02100001
172.600338354	2	3c:c0:c6:fe:02:11	MVRP	
172.680977359	2	3c:c0:c6:fe:02:11	gPTP Sync	seq=56108 li=-3 spid=3cc0c6fffefe02100001
172.681711769	2	3c:c0:c6:fe:02:11	gPTP Follow_Up	seq=56108 li=-3 spid=3cc0c6fffefe02100001
172.750968700	2	3c:c0:c6:fe:02:11	gPTP Pdelay_Req	seq=1575 li=0 spid=3cc0c6fffefe02100001
172.750979708	3	02:00:00:00:00:01	gPTP Pdelay_Resp	seq=1575 li=127 spid=020000fffe0000010001
172.750987268	3	02:00:00:00:00:01	gPTP Pdelay_Resp_Follow_Up	seq=1575 li=127 spid=020000fffe0000010001
172.811125345	2	3c:c0:c6:fe:02:11	gPTP Sync	seq=56109 li=-3 spid=3cc0c6fffefe02100001
172.811859147	2	3c:c0:c6:fe:02:11	gPTP Follow_Up	seq=56109 li=-3 spid=3cc0c6fffefe02100001
172.894638773	2	68:05:ca:95:b2:ed	AECP	
172.894670701	3	02:00:00:00:00:01	AECP	
172.894821174	2	68:05:ca:95:b2:ed	AECP	
172.894849302	3	02:00:00:00:00:01	AECP	
172.930988451	2	3c:c0:c6:fe:02:11	gPTP Sync	seq=56110 li=-3 spid=3cc0c6fffefe02100001
172.931707244	2	3c:c0:c6:fe:02:11	gPTP Follow_Up	seq=56110 li=-3 spid=3cc0c6fffefe02100001
173.001256376	2	3c:c0:c6:fe:02:11	gPTP Announce	seq=64011 li=0 spid=3cc0c6fffefe02100001 gm=3cc0c6fffefe0210 p1=246 sr=0
173.061097013	2	3c:c0:c6:fe:02:11	gPTP Sync	seq=56111 li=-3 spid=3cc0c6fffefe02100001
173.061825630	2	3c:c0:c6:fe:02:11	gPTP Follow_Up	seq=56111 li=-3 spid=3cc0c6fffefe02100001
173.181043935	2	3c:c0:c6:fe:02:11	gPTP Sync	seq=56112 li=-3 spid=3cc0c6fffefe02100001
173.181778720	2	3c:c0:c6:fe:02:11	gPTP Follow_Up	seq=56112 li=-3 spid=3cc0c6fffefe02100001
173.311063312	2	3c:c0:c6:fe:02:11	gPTP Sync	seq=56113 li=-3 spid=3cc0c6fffefe02100001
173.311797714	2	3c:c0:c6:fe:02:11	gPTP Follow_Up	seq=56113 li=-3 spid=3cc0c6fffefe02100001
173.351723664	3	02:00:00:00:00:01	MSRP	
173.431005810	2	3c:c0:c6:fe:02:11	gPTP Sync	seq=56114 li=-3 spid=3cc0c6fffefe02100001
173.431738620	2	3c:c0:c6:fe:02:11	gPTP Follow_Up	seq=56114 li=-3 spid=3cc0c6fffefe02100001
173.551726926	3	02:00:00:00:00:01	gPTP Pdelay_Req	seq=1484 li=0 spid=020000fffe0000010001
173.552499112	2	3c:c0:c6:fe:02:11	gPTP Pdelay_Resp	seq=1484 li=127 spid=3cc0c6fffefe02100001
173.553487914	2	3c:c0:c6:fe:02:11	gPTP Pdelay_Resp_Follow_Up	seq=1484 li=127 spid=3cc0c6fffefe02100001
173.570245449	2	3c:c0:c6:fe:02:11	gPTP Sync	seq=56115 li=-3 spid=3cc0c6fffefe02100001
173.570821459	2	3c:c0:c6:fe:02:11	gPTP Follow_Up	seq=56115 li=-3 spid=3cc0c6fffefe02100001
173.600537681	2	3c:c0:c6:fe:02:11	MVRP	
173.681212878	2	3c:c0:c6:fe:02:11	gPTP Sync	seq=56116 li=-3 spid=3cc0c6fffefe02100001
173.682035280	2	3c:c0:c6:fe:02:11	gPTP Follow_Up	seq=56116 li=-3 spid=3cc0c6fffefe02100001
173.750975802	2	3c:c0:c6:fe:02:11	gPTP Pdelay_Req	seq=1576 li=0 spid=3cc0c6fffefe02100001
173.750986810	3	02:00:00:00:00:01	gPTP Pdelay_Resp	seq=1576 li=127 spid=020000fffe0000010001
173.750994370	3	02:00:00:00:00:01	gPTP Pdelay_Resp_Follow_Up	seq=1576 li=127 spid=020000fffe0000010001
173.811118272	2	3c:c0:c6:fe:02:11	gPTP Sync	seq=56117 li=-3 spid=3cc0c6fffefe02100001
173.811848258	2	3c:c0:c6:fe:02:11	gPTP Follow_Up	seq=56117 li=-3 spid=3cc0c6fffefe02100001
173.930996170	2	3c:c0:c6:fe:02:11	gPTP Sync	seq=56118 li=-3 spid=3cc0c6fffefe02100001
173.931709771	2	3c:c0:c6:fe:02:11	gPTP Follow_Up	seq=56118 li=-3 spid=3cc0c6fffefe02100001
173.940351216	2	3c:c0:c6:fe:02:11	ethertype 0x0027	
174.001288695	2	3c:c0:c6:fe:02:11	gPTP Announce	seq=64012 li=0 spid=3cc0c6fffefe02100001 gm=3cc0c6fffefe0210 p1=246 sr=0
174.061127740	2	3c:c0:c6:fe:02:11	gPTP Sync	seq=56119 li=-3 spid=3cc0c6fffefe02100001
174.061856349	2	3c:c0:c6:fe:02:11	gPTP Follow_Up	seq=56119 li=-3 spid=3cc0c6fffefe02100001
174.181056446	2	3c:c0:c6:fe:02:11	gPTP Sync	seq=56120 li=-3 spid=3cc0c6fffefe02100001
174.181792455	2	3c:c0:c6:fe:02:11	gPTP Follow_Up	seq=56120 li=-3 spid=3cc0c6fffefe02100001
174.311150416	2	3c:c0:c6:fe:02:11	gPTP Sync	seq=56121 li=-3 spid=3cc0c6fffefe02100001
174.311883225	2	3c:c0:c6:fe:02:11	gPTP Follow_Up	seq=56121 li=-3 spid=3cc0c6fffefe02100001
174.351725983	3	02:00:00:00:00:01	MSRP	
174.431009337	2	3c:c0:c6:fe:02:11	gPTP Sync	seq=56122 li=-3 spid=3cc0c6fffefe02100001
174.431738939	2	3c:c0:c6:fe:02:11	gPTP Follow_Up	seq=56122 li=-3 spid=3cc0c6fffefe02100001
174.551729253	3	02:00:00:00:00:01	gPTP Pdelay_Req	seq=1485 li=0 spid=020000fffe0000010001
174.552499431	2	3c:c0:c6:fe:02:11	gPTP Pdelay_Resp	seq=1485 li=127 spid=3cc0c6fffefe02100001
174.553489841	2	3c:c0:c6:fe:02:11	gPTP Pdelay_Resp_Follow_Up	seq=1485 li=127 spid=3cc0c6fffefe02100001
174.570255377	2	3c:c0:c6:fe:02:11	gPTP Sync	seq=56123 li=-3 spid=3cc0c6fffefe02100001
174.570831986	2	3c:c0:c6:fe:02:11	gPTP Follow_Up	seq=56123 li=-3 spid=3cc0c6fffefe02100001
174.600370576	2	3c:c0:c6:fe:02:11	MVRP	
174.681065005	2	3c:c0:c6:fe:02:11	gPTP Sync	seq=56124 li=-3 spid=3cc0c6fffefe02100001
174.681799415	2	3c:c0:c6:fe:02:11	gPTP Follow_Up	seq=56124 li=-3 spid=3cc0c6fffefe02100001
174.750971930	2	3c:c0:c6:fe:02:11	gPTP Pdelay_Req	seq=1577 li=0 spid=3cc0c6fffefe02100001
174.750982930	3	02:00:00:00:00:01	gPTP Pdelay_Resp	seq=1577 li=127 spid=020000fffe0000010001
174.750990490	3	02:00:00:00:00:01	gPTP Pdelay_Resp_Follow_Up	seq=1577 li=127 spid=020000fffe0000010001
174.811134591	2	3c:c0:c6:fe:02:11	gPTP Sync	seq=56125 li=-3 spid=3cc0c6fffefe02100001
174.811864201	2	3c:c0:c6:fe:02:11	gPTP Follow_Up	seq=56125 li=-3 spid=3cc0c6fffefe02100001
174.931007080	2	3c:c0:c6:fe:02:11	gPTP Sync	seq=56126 li=-3 spid=3cc0c6fffefe02100001
174.931723498	2	3c:c0:c6:fe:02:11	gPTP Follow_Up	seq=56126 li=-3 spid=3cc0c6fffefe02100001
175.001277205	2	3c:c0:c6:fe:02:11	gPTP Announce	seq=64013 li=0 spid=3cc0c6fffefe02100001 gm=3cc0c6fffefe0210 p1=246 sr=0
175.061115258	2	3c:c0:c6:fe:02:11	gPTP Sync	seq=56127 li=-3 spid=3cc0c6fffefe02100001
175.061841660	2	3c:c0:c6:fe:02:11	gPTP Follow_Up	seq=56127 li=-3 spid=3cc0c6fffefe02100001
175.181079771	2	3c:c0:c6:fe:02:11	gPTP Sync	seq=56128 li=-3 spid=3cc0c6fffefe02100001
175.181814181	2	3c:c0:c6:fe:02:11	gPTP Follow_Up	seq=56128 li=-3 spid=3cc0c6fffefe02100001
175.311101741	2	3c:c0:c6:fe:02:11	gPTP Sync	seq=56129 li=-3 spid=3cc0c6fffefe02100001
175.311837750	2	3c:c0:c6:fe:02:11	gPTP Follow_Up	seq=56129 li=-3 spid=3cc0c6fffefe02100001
175.351728292	3	02:00:00:00:00:01	MSRP	
175.431019222	2	3c:c0:c6:fe:02:11	gPTP Sync	seq=56130 li=-3 spid=3cc0c6fffefe02100001
175.431753056	2	3c:c0:c6:fe:02:11	gPTP Follow_Up	seq=56130 li=-3 spid=3cc0c6fffefe02100001
175.551731554	3	02:00:00:00:00:01	gPTP Pdelay_Req	seq=1486 li=0 spid=020000fffe0000010001
175.552502571	2	3c:c0:c6:fe:02:11	gPTP Pdelay_Resp	seq=1486 li=127 spid=3cc0c6fffefe02100001
175.553490158	2	3c:c0:c6:fe:02:11	gPTP Pdelay_Resp_Follow_Up	seq=1486 li=127 spid=3cc0c6fffefe02100001
175.570260493	2	3c:c0:c6:fe:02:11	gPTP Sync	seq=56131 li=-3 spid=3cc0c6fffefe02100001
175.570840686	2	3c:c0:c6:fe:02:11	gPTP Follow_Up	seq=56131 li=-3 spid=3cc0c6fffefe02100001
175.600544116	2	3c:c0:c6:fe:02:11	MVRP	
175.678726532	3	02:00:00:00:00:01	MAAP	
175.681065329	2	3c:c0:c6:fe:02:11	gPTP Sync	seq=56132 li=-3 spid=3cc0c6fffefe02100001
175.681794323	2	3c:c0:c6:fe:02:11	gPTP Follow_Up	seq=56132 li=-3 spid=3cc0c6fffefe02100001
175.760755716	2	3c:c0:c6:fe:02:11	gPTP Pdelay_Req	seq=1578 li=0 spid=3cc0c6fffefe02100001
175.760766716	3	02:00:00:00:00:01	gPTP Pdelay_Resp	seq=1578 li=127 spid=020000fffe0000010001
175.760774276	3	02:00:00:00:00:01	gPTP Pdelay_Resp_Follow_Up	seq=1578 li=127 spid=020000fffe0000010001
175.807114465	2	68:05:ca:95:b2:ed	ethertype 0x0800	
175.811194914	2	3c:c0:c6:fe:02:11	gPTP Sync	seq=56133 li=-3 spid=3cc0c6fffefe02100001
175.811994308	2	3c:c0:c6:fe:02:11	gPTP Follow_Up	seq=56133 li=-3 spid=3cc0c6fffefe02100001
175.812335917	2	68:05:ca:95:b2:ed	ethertype 0x86dd	
175.931012195	2	3c:c0:c6:fe:02:11	gPTP Sync	seq=56134 li=-3 spid=3cc0c6fffefe02100001
175.931729005	2	3c:c0:c6:fe:02:11	gPTP Follow_Up	seq=56134 li=-3 spid=3cc0c6fffefe02100001
175.940365673	2	3c:c0:c6:fe:02:11	ethertype 0x0027	
175.952841959	2	68:05:ca:95:b2:ed	ethertype 0x86dd	
175.984472409	2	68:05:ca:95:b2:ed	ethertype 0x86dd	
176.001290744	2	3c:c0:c6:fe:02:11	gPTP Announce	seq=64014 li=0 spid=3cc0c6fffefe02100001 gm=3cc0c6fffefe0210 p1=246 sr=0
176.061120181	2	3c:c0:c6:fe:02:11	gPTP Sync	seq=56135 li=-3 spid=3cc0c6fffefe02100001
176.061847582	2	3c:c0:c6:fe:02:11	gPTP Follow_Up	seq=56135 li=-3 spid=3cc0c6fffefe02100001
176.181063678	2	3c:c0:c6:fe:02:11	gPTP Sync	seq=56136 li=-3 spid=3cc0c6fffefe02100001
176.181799296	2	3c:c0:c6:fe:02:11	gPTP Follow_Up	seq=56136 li=-3 spid=3cc0c6fffefe02100001
176.311111855	2	3c:c0:c6:fe:02:11	gPTP Sync	seq=56137 li=-3 spid=3cc0c6fffefe02100001
176.311843665	2	3c:c0:c6:fe:02:11	gPTP Follow_Up	seq=56137 li=-3 spid=3cc0c6fffefe02100001
176.340209483	2	3c:c0:c6:01:02:03	MAAP	
176.351730606	3	02:00:00:00:00:01	MSRP	
176.431030352	2	3c:c0:c6:fe:02:11	gPTP Sync	seq=56138 li=-3 spid=3cc0c6fffefe02100001
176.431762778	2	3c:c0:c6:fe:02:11	gPTP Follow_Up	seq=56138 li=-3 spid=3cc0c6fffefe02100001
176.551733875	3	02:00:00:00:00:01	gPTP Pdelay_Req	seq=1487 li=0 spid=020000fffe0000010001
176.552495685	2	3c:c0:c6:fe:02:11	gPTP Pdelay_Resp	seq=1487 li=127 spid=3cc0c6fffefe02100001
176.553482895	2	3c:c0:c6:fe:02:11	gPTP Pdelay_Resp_Follow_Up	seq=1487 li=127 spid=3cc0c6fffefe02100001
176.570268015	2	3c:c0:c6:fe:02:11	gPTP Sync	seq=56139 li=-3 spid=3cc0c6fffefe02100001
176.570842992	2	3c:c0:c6:fe:02:11	gPTP Follow_Up	seq=56139 li=-3 spid=3cc0c6fffefe02100001
176.600318029	2	3c:c0:c6:fe:02:11	MVRP	
176.681108042	2	3c:c0:c6:fe:02:11	gPTP Sync	seq=56140 li=-3 spid=3cc0c6fffefe02100001
176.681853044	2	3c:c0:c6:fe:02:11	gPTP Follow_Up	seq=56140 li=-3 spid=3cc0c6fffefe02100001
176.770751725	2	3c:c0:c6:fe:02:11	gPTP Pdelay_Req	seq=1579 li=0 spid=3cc0c6fffefe02100001
176.770762717	3	02:00:00:00:00:01	gPTP Pdelay_Resp	seq=1579 li=127 spid=020000fffe0000010001
176.770770277	3	02:00:00:00:00:01	gPTP Pdelay_Resp_Follow_Up	seq=1579 li=127 spid=020000fffe0000010001
176.811127420	2	3c:c0:c6:fe:02:11	gPTP Sync	seq=56141 li=-3 spid=3cc0c6fffefe02100001
176.811859621	2	3c:c0:c6:fe:02:11	gPTP Follow_Up	seq=56141 li=-3 spid=3cc0c6fffefe02100001
176.931021317	2	3c:c0:c6:fe:02:11	gPTP Sync	seq=56142 li=-3 spid=3cc0c6fffefe02100001
176.931738119	2	3c:c0:c6:fe:02:11	gPTP Follow_Up	seq=56142 li=-3 spid=3cc0c6fffefe02100001
177.001379442	2	3c:c0:c6:fe:02:11	gPTP Announce	seq=64015 li=0 spid=3cc0c6fffefe02100001 gm=3cc0c6fffefe0210 p1=246 sr=0
177.001814460	2	68:05:ca:95:b2:ed	ethertype 0x86dd	
177.061154903	2	3c:c0:c6:fe:02:11	gPTP Sync	seq=56143 li=-3 spid=3cc0c6fffefe02100001
177.061885113	2	3c:c0:c6:fe:02:11	gPTP Follow_Up	seq=56143 li=-3 spid=3cc0c6fffefe02100001
177.181071201	2	3c:c0:c6:fe:02:11	gPTP Sync	seq=56144 li=-3 spid=3cc0c6fffefe02100001
177.181805218	2	3c:c0:c6:fe:02:11	gPTP Follow_Up	seq=56144 li=-3 spid=3cc0c6fffefe02100001
177.188161649	2	68:05:ca:95:b2:ed	ethertype 0x86dd	
177.248827704	2	68:05:ca:95:b2:ed	ethertype 0x86dd	
177.311136786	2	3c:c0:c6:fe:02:11	gPTP Sync	seq=56145 li=-3 spid=3cc0c6fffefe02100001
177.311872180	2	3c:c0:c6:fe:02:11	gPTP Follow_Up	seq=56145 li=-3 spid=3cc0c6fffefe02100001
177.351732929	3	02:00:00:00:00:01	MSRP	
177.431037684	2	3c:c0:c6:fe:02:11	gPTP Sync	seq=56146 li=-3 spid=3cc0c6fffefe02100001
177.431772669	2	3c:c0:c6:fe:02:11	gPTP Follow_Up	seq=56146 li=-3 spid=3cc0c6fffefe02100001
177.551736199	3	02:00:00:00:00:01	gPTP Pdelay_Req	seq=1488 li=0 spid=020000fffe0000010001
177.552501801	2	3c:c0:c6:fe:02:11	gPTP Pdelay_Resp	seq=1488 li=127 spid=3cc0c6fffefe02100001
177.553489003	2	3c:c0:c6:fe:02:11	gPTP Pdelay_Resp_Follow_Up	seq=1488 li=127 spid=3cc0c6fffefe02100001
177.570281131	2	3c:c0:c6:fe:02:11	gPTP Sync	seq=56147 li=-3 spid=3cc0c6fffefe02100001
177.570859724	2	3c:c0:c6:fe:02:11	gPTP Follow_Up	seq=56147 li=-3 spid=3cc0c6fffefe02100001
177.600563762	2	3c:c0:c6:fe:02:11	MVRP	
177.681133967	2	3c:c0:c6:fe:02:11	gPTP Sync	seq=56148 li=-3 spid=3cc0c6fffefe02100001
177.681877361	2	3c:c0:c6:fe:02:11	gPTP Follow_Up	seq=56148 li=-3 spid=3cc0c6fffefe02100001
177.766108815	2	3c:c0:c6:01:02:03	ADP	eid=3cc0c60102030000 gm=3cc0c6fffefe0210
177.780784505	2	3c:c0:c6:fe:02:11	gPTP Pdelay_Req	seq=1580 li=0 spid=3cc0c6fffefe02100001
177.780795513	3	02:00:00:00:00:01	gPTP Pdelay_Resp	seq=1580 li=127 spid=020000fffe0000010001
177.780803073	3	02:00:00:00:00:01	gPTP Pdelay_Resp_Follow_Up	seq=1580 li=127 spid=020000fffe0000010001
177.807103711	2	68:05:ca:95:b2:ed	ethertype 0x0800	
177.811143520	2	3c:c0:c6:fe:02:11	gPTP Sync	seq=56149 li=-3 spid=3cc0c6fffefe02100001
177.811871938	2	3c:c0:c6:fe:02:11	gPTP Follow_Up	seq=56149 li=-3 spid=3cc0c6fffefe02100001
177.894074571	2	68:05:ca:95:b2:ed	AECP	
177.894106595	3	02:00:00:00:00:01	AECP	
177.894270771	2	68:05:ca:95:b2:ed	AECP	
177.894298499	3	02:00:00:00:00:01	AECP	
177.931030433	2	3c:c0:c6:fe:02:11	gPTP Sync	seq=56150 li=-3 spid=3cc0c6fffefe02100001
177.931747243	2	3c:c0:c6:fe:02:11	gPTP Follow_Up	seq=56150 li=-3 spid=3cc0c6fffefe02100001
177.940379687	2	3c:c0:c6:fe:02:11	ethertype 0x0027	
178.001298582	2	3c:c0:c6:fe:02:11	gPTP Announce	seq=64016 li=0 spid=3cc0c6fffefe02100001 gm=3cc0c6fffefe0210 p1=246 sr=0
178.061161019	2	3c:c0:c6:fe:02:11	gPTP Sync	seq=56151 li=-3 spid=3cc0c6fffefe02100001
178.061890620	2	3c:c0:c6:fe:02:11	gPTP Follow_Up	seq=56151 li=-3 spid=3cc0c6fffefe02100001
178.181106716	2	3c:c0:c6:fe:02:11	gPTP Sync	seq=56152 li=-3 spid=3cc0c6fffefe02100001
178.181840134	2	3c:c0:c6:fe:02:11	gPTP Follow_Up	seq=56152 li=-3 spid=3cc0c6fffefe02100001
178.311101709	2	3c:c0:c6:fe:02:11	gPTP Sync	seq=56153 li=-3 spid=3cc0c6fffefe02100001
178.311836503	2	3c:c0:c6:fe:02:11	gPTP Follow_Up	seq=56153 li=-3 spid=3cc0c6fffefe02100001
178.351735268	3	02:00:00:00:00:01	MSRP	
178.431041014	2	3c:c0:c6:fe:02:11	gPTP Sync	seq=56154 li=-3 spid=3cc0c6fffefe02100001
178.431775416	2	3c:c0:c6:fe:02:11	gPTP Follow_Up	seq=56154 li=-3 spid=3cc0c6fffefe02100001
178.551738529	3	02:00:00:00:00:01	gPTP Pdelay_Req	seq=1489 li=0 spid=020000fffe0000010001
178.552507107	2	3c:c0:c6:fe:02:11	gPTP Pdelay_Resp	seq=1489 li=127 spid=3cc0c6fffefe02100001
178.553494318	2	3c:c0:c6:fe:02:11	gPTP Pdelay_Resp_Follow_Up	seq=1489 li=127 spid=3cc0c6fffefe02100001
178.570284845	2	3c:c0:c6:fe:02:11	gPTP Sync	seq=56155 li=-3 spid=3cc0c6fffefe02100001
178.570864046	2	3c:c0:c6:fe:02:11	gPTP Follow_Up	seq=56155 li=-3 spid=3cc0c6fffefe02100001
178.600392076	2	3c:c0:c6:fe:02:11	MVRP	
178.681097265	2	3c:c0:c6:fe:02:11	gPTP Sync	seq=56156 li=-3 spid=3cc0c6fffefe02100001
178.681845491	2	3c:c0:c6:fe:02:11	gPTP Follow_Up	seq=56156 li=-3 spid=3cc0c6fffefe02100001
178.790793314	2	3c:c0:c6:fe:02:11	gPTP Pdelay_Req	seq=1581 li=0 spid=3cc0c6fffefe02100001
178.790804322	3	02:00:00:00:00:01	gPTP Pdelay_Resp	seq=1581 li=127 spid=020000fffe0000010001
178.790811882	3	02:00:00:00:00:01	gPTP Pdelay_Resp_Follow_Up	seq=1581 li=127 spid=020000fffe0000010001
178.811102274	2	3c:c0:c6:fe:02:11	gPTP Sync	seq=56157 li=-3 spid=3cc0c6fffefe02100001
178.811831268	2	3c:c0:c6:fe:02:11	gPTP Follow_Up	seq=56157 li=-3 spid=3cc0c6fffefe02100001
178.931034564	2	3c:c0:c6:fe:02:11	gPTP Sync	seq=56158 li=-3 spid=3cc0c6fffefe02100001
178.931751374	2	3c:c0:c6:fe:02:11	gPTP Follow_Up	seq=56158 li=-3 spid=3cc0c6fffefe02100001
179.001299289	2	3c:c0:c6:fe:02:11	gPTP Announce	seq=64017 li=0 spid=3cc0c6fffefe02100001 gm=3cc0c6fffefe0210 p1=246 sr=0
179.026737901	3	02:00:00:00:00:01	ADP	eid=020000fffe000001 gm=3cc0c6fffefe0210
179.061157142	2	3c:c0:c6:fe:02:11	gPTP Sync	seq=56159 li=-3 spid=3cc0c6fffefe02100001
179.061887359	2	3c:c0:c6:fe:02:11	gPTP Follow_Up	seq=56159 li=-3 spid=3cc0c6fffefe02100001
179.181087839	2	3c:c0:c6:fe:02:11	gPTP Sync	seq=56160 li=-3 spid=3cc0c6fffefe02100001
179.181820641	2	3c:c0:c6:fe:02:11	gPTP Follow_Up	seq=56160 li=-3 spid=3cc0c6fffefe02100001
179.311104017	2	3c:c0:c6:fe:02:11	gPTP Sync	seq=56161 li=-3 spid=3cc0c6fffefe02100001
179.311836402	2	3c:c0:c6:fe:02:11	gPTP Follow_Up	seq=56161 li=-3 spid=3cc0c6fffefe02100001
179.351737592	3	02:00:00:00:00:01	MSRP	
179.431050931	2	3c:c0:c6:fe:02:11	gPTP Sync	seq=56162 li=-3 spid=3cc0c6fffefe02100001
179.431783132	2	3c:c0:c6:fe:02:11	gPTP Follow_Up	seq=56162 li=-3 spid=3cc0c6fffefe02100001
179.551740862	3	02:00:00:00:00:01	gPTP Pdelay_Req	seq=1490 li=0 spid=020000fffe0000010001
179.552552232	2	3c:c0:c6:fe:02:11	gPTP Pdelay_Resp	seq=1490 li=127 spid=3cc0c6fffefe02100001
179.553538450	2	3c:c0:c6:fe:02:11	gPTP Pdelay_Resp_Follow_Up	seq=1490 li=127 spid=3cc0c6fffefe02100001
179.570290570	2	3c:c0:c6:fe:02:11	gPTP Sync	seq=56163 li=-3 spid=3cc0c6fffefe02100001
179.570867187	2	3c:c0:c6:fe:02:11	gPTP Follow_Up	seq=56163 li=-3 spid=3cc0c6fffefe02100001
179.600573201	2	3c:c0:c6:fe:02:11	MVRP	
179.681137614	2	3c:c0:c6:fe:02:11	gPTP Sync	seq=56164 li=-3 spid=3cc0c6fffefe02100001
179.681878808	2	3c:c0:c6:fe:02:11	gPTP Follow_Up	seq=56164 li=-3 spid=3cc0c6fffefe02100001
179.800774511	2	3c:c0:c6:fe:02:11	gPTP Pdelay_Req	seq=1582 li=0 spid=3cc0c6fffefe02100001
179.800785511	3	02:00:00:00:00:01	gPTP Pdelay_Resp	seq=1582 li=127 spid=020000fffe0000010001
179.800793071	3	02:00:00:00:00:01	gPTP Pdelay_Resp_Follow_Up	seq=1582 li=127 spid=020000fffe0000010001
179.811736137	3	02:00:00:00:00:01	MAAP	
179.820306245	2	3c:c0:c6:fe:02:11	gPTP Sync	seq=56165 li=-3 spid=3cc0c6fffefe02100001
179.820953870	2	3c:c0:c6:fe:02:11	gPTP Follow_Up	seq=56165 li=-3 spid=3cc0c6fffefe02100001
179.931058281	2	3c:c0:c6:fe:02:11	gPTP Sync	seq=56166 li=-3 spid=3cc0c6fffefe02100001
179.931775082	2	3c:c0:c6:fe:02:11	gPTP Follow_Up	seq=56166 li=-3 spid=3cc0c6fffefe02100001
179.940395151	2	3c:c0:c6:fe:02:11	ethertype 0x0027	
180.001323189	2	3c:c0:c6:fe:02:11	gPTP Announce	seq=64018 li=0 spid=3cc0c6fffefe02100001 gm=3cc0c6fffefe0210 p1=246 sr=0
180.061148858	2	3c:c0:c6:fe:02:11	gPTP Sync	seq=56167 li=-3 spid=3cc0c6fffefe02100001
180.061877468	2	3c:c0:c6:fe:02:11	gPTP Follow_Up	seq=56167 li=-3 spid=3cc0c6fffefe02100001
180.181096763	2	3c:c0:c6:fe:02:11	gPTP Sync	seq=56168 li=-3 spid=3cc0c6fffefe02100001
180.181830565	2	3c:c0:c6:fe:02:11	gPTP Follow_Up	seq=56168 li=-3 spid=3cc0c6fffefe02100001
180.311134324	2	3c:c0:c6:fe:02:11	gPTP Sync	seq=56169 li=-3 spid=3cc0c6fffefe02100001
180.311871350	2	3c:c0:c6:fe:02:11	gPTP Follow_Up	seq=56169 li=-3 spid=3cc0c6fffefe02100001
180.351739900	3	02:00:00:00:00:01	MSRP	
180.423059163	2	68:05:ca:95:b2:ed	ethertype 0x0800	
180.431068438	2	3c:c0:c6:fe:02:11	gPTP Sync	seq=56170 li=-3 spid=3cc0c6fffefe02100001
180.431801855	2	3c:c0:c6:fe:02:11	gPTP Follow_Up	seq=56170 li=-3 spid=3cc0c6fffefe02100001
180.551743161	3	02:00:00:00:00:01	gPTP Pdelay_Req	seq=1491 li=0 spid=020000fffe0000010001
180.552507563	2	3c:c0:c6:fe:02:11	gPTP Pdelay_Resp	seq=1491 li=127 spid=3cc0c6fffefe02100001
180.553493165	2	3c:c0:c6:fe:02:11	gPTP Pdelay_Resp_Follow_Up	seq=1491 li=127 spid=3cc0c6fffefe02100001
180.570301292	2	3c:c0:c6:fe:02:11	gPTP Sync	seq=56171 li=-3 spid=3cc0c6fffefe02100001
180.570879510	2	3c:c0:c6:fe:02:11	gPTP Follow_Up	seq=56171 li=-3 spid=3cc0c6fffefe02100001
180.600421331	2	3c:c0:c6:fe:02:11	MVRP	
180.681110928	2	3c:c0:c6:fe:02:11	gPTP Sync	seq=56172 li=-3 spid=3cc0c6fffefe02100001
180.681854930	2	3c:c0:c6:fe:02:11	gPTP Follow_Up	seq=56172 li=-3 spid=3cc0c6fffefe02100001
180.811267297	2	3c:c0:c6:fe:02:11	gPTP Pdelay_Req	seq=1583 li=0 spid=3cc0c6fffefe02100001
180.811278282	3	02:00:00:00:00:01	gPTP Pdelay_Resp	seq=1583 li=127 spid=020000fffe0000010001
180.811285842	3	02:00:00:00:00:01	gPTP Pdelay_Resp_Follow_Up	seq=1583 li=127 spid=020000fffe0000010001
180.830306446	2	3c:c0:c6:fe:02:11	gPTP Sync	seq=56173 li=-3 spid=3cc0c6fffefe02100001
180.830891064	2	3c:c0:c6:fe:02:11	gPTP Follow_Up	seq=56173 li=-3 spid=3cc0c6fffefe02100001
180.931032810	2	3c:c0:c6:fe:02:11	gPTP Sync	seq=56174 li=-3 spid=3cc0c6fffefe02100001
180.931759212	2	3c:c0:c6:fe:02:11	gPTP Follow_Up	seq=56174 li=-3 spid=3cc0c6fffefe02100001
181.001322135	2	3c:c0:c6:fe:02:11	gPTP Announce	seq=64019 li=0 spid=3cc0c6fffefe02100001 gm=3cc0c6fffefe0210 p1=246 sr=0
181.061163387	2	3c:c0:c6:fe:02:11	gPTP Sync	seq=56175 li=-3 spid=3cc0c6fffefe02100001
181.061890781	2	3c:c0:c6:fe:02:11	gPTP Follow_Up	seq=56175 li=-3 spid=3cc0c6fffefe02100001
181.181122493	2	3c:c0:c6:fe:02:11	gPTP Sync	seq=56176 li=-3 spid=3cc0c6fffefe02100001
181.181859494	2	3c:c0:c6:fe:02:11	gPTP Follow_Up	seq=56176 li=-3 spid=3cc0c6fffefe02100001
181.240469312	2	3c:c0:c6:fe:02:11	MVRP	
181.311123053	2	3c:c0:c6:fe:02:11	gPTP Sync	seq=56177 li=-3 spid=3cc0c6fffefe02100001
181.311857463	2	3c:c0:c6:fe:02:11	gPTP Follow_Up	seq=56177 li=-3 spid=3cc0c6fffefe02100001
181.351742221	3	02:00:00:00:00:01	MSRP	
181.364264066	2	68:05:ca:95:b2:ed	ethertype 0x86dd	
181.431087959	2	3c:c0:c6:fe:02:11	gPTP Sync	seq=56178 li=-3 spid=3cc0c6fffefe02100001
181.431823576	2	3c:c0:c6:fe:02:11	gPTP Follow_Up	seq=56178 li=-3 spid=3cc0c6fffefe02100001
181.551745490	3	02:00:00:00:00:01	gPTP Pdelay_Req	seq=1492 li=0 spid=020000fffe0000010001
181.552517475	2	3c:c0:c6:fe:02:11	gPTP Pdelay_Resp	seq=1492 li=127 spid=3cc0c6fffefe02100001
181.553505678	2	3c:c0:c6:fe:02:11	gPTP Pdelay_Resp_Follow_Up	seq=1492 li=127 spid=3cc0c6fffefe02100001
181.570304813	2	3c:c0:c6:fe:02:11	gPTP Sync	seq=56179 li=-3 spid=3cc0c6fffefe02100001
181.570881806	2	3c:c0:c6:fe:02:11	gPTP Follow_Up	seq=56179 li=-3 spid=3cc0c6fffefe02100001
181.600590028	2	3c:c0:c6:fe:02:11	MVRP	
181.681118641	2	3c:c0:c6:fe:02:11	gPTP Sync	seq=56180 li=-3 spid=3cc0c6fffefe02100001
181.681863251	2	3c:c0:c6:fe:02:11	gPTP Follow_Up	seq=56180 li=-3 spid=3cc0c6fffefe02100001
181.811181218	2	3c:c0:c6:fe:02:11	gPTP Sync	seq=56181 li=-3 spid=3cc0c6fffefe02100001
181.811902820	2	3c:c0:c6:fe:02:11	gPTP Follow_Up	seq=56181 li=-3 spid=3cc0c6fffefe02100001
181.830309167	2	3c:c0:c6:fe:02:11	gPTP Pdelay_Req	seq=1584 li=0 spid=3cc0c6fffefe02100001
181.830320151	3	02:00:00:00:00:01	gPTP Pdelay_Resp	seq=1584 li=127 spid=020000fffe0000010001
181.830327711	3	02:00:00:00:00:01	gPTP Pdelay_Resp_Follow_Up	seq=1584 li=127 spid=020000fffe0000010001
181.931075715	2	3c:c0:c6:fe:02:11	gPTP Sync	seq=56182 li=-3 spid=3cc0c6fffefe02100001
181.931800141	2	3c:c0:c6:fe:02:11	gPTP Follow_Up	seq=56182 li=-3 spid=3cc0c6fffefe02100001
181.940527401	2	3c:c0:c6:fe:02:10	ethertype 0x0800	
181.940734994	2	3c:c0:c6:fe:02:11	ethertype 0x0027	
181.950974682	2	3c:c0:c6:fe:02:11	MSRP	
181.951744667	3	02:00:00:00:00:01	MSRP	
182.001392248	2	3c:c0:c6:fe:02:11	gPTP Announce	seq=64020 li=0 spid=3cc0c6fffefe02100001 gm=3cc0c6fffefe0210 p1=246 sr=0
182.061185492	2	3c:c0:c6:fe:02:11	gPTP Sync	seq=56183 li=-3 spid=3cc0c6fffefe02100001
182.061913118	2	3c:c0:c6:fe:02:11	gPTP Follow_Up	seq=56183 li=-3 spid=3cc0c6fffefe02100001
182.181110397	2	3c:c0:c6:fe:02:11	gPTP Sync	seq=56184 li=-3 spid=3cc0c6fffefe02100001
182.181841599	2	3c:c0:c6:fe:02:11	gPTP Follow_Up	seq=56184 li=-3 spid=3cc0c6fffefe02100001
182.311127182	2	3c:c0:c6:fe:02:11	gPTP Sync	seq=56185 li=-3 spid=3cc0c6fffefe02100001
182.311864176	2	3c:c0:c6:fe:02:11	gPTP Follow_Up	seq=56185 li=-3 spid=3cc0c6fffefe02100001
182.351744525	3	02:00:00:00:00:01	MSRP	
182.431113879	2	3c:c0:c6:fe:02:11	gPTP Sync	seq=56186 li=-3 spid=3cc0c6fffefe02100001
182.431851097	2	3c:c0:c6:fe:02:11	gPTP Follow_Up	seq=56186 li=-3 spid=3cc0c6fffefe02100001
182.551747778	3	02:00:00:00:00:01	gPTP Pdelay_Req	seq=1493 li=0 spid=020000fffe0000010001
182.552516196	2	3c:c0:c6:fe:02:11	gPTP Pdelay_Resp	seq=1493 li=127 spid=3cc0c6fffefe02100001
182.553505998	2	3c:c0:c6:fe:02:11	gPTP Pdelay_Resp_Follow_Up	seq=1493 li=127 spid=3cc0c6fffefe02100001
182.570315717	2	3c:c0:c6:fe:02:11	gPTP Sync	seq=56187 li=-3 spid=3cc0c6fffefe02100001
182.570893327	2	3c:c0:c6:fe:02:11	gPTP Follow_Up	seq=56187 li=-3 spid=3cc0c6fffefe02100001
182.600412748	2	3c:c0:c6:fe:02:11	MVRP	
182.681159561	2	3c:c0:c6:fe:02:11	gPTP Sync	seq=56188 li=-3 spid=3cc0c6fffefe02100001
182.681905747	2	3c:c0:c6:fe:02:11	gPTP Follow_Up	seq=56188 li=-3 spid=3cc0c6fffefe02100001
182.811193338	2	3c:c0:c6:fe:02:11	gPTP Sync	seq=56189 li=-3 spid=3cc0c6fffefe02100001
182.811925156	2	3c:c0:c6:fe:02:11	gPTP Follow_Up	seq=56189 li=-3 spid=3cc0c6fffefe02100001
182.840815160	2	3c:c0:c6:fe:02:11	gPTP Pdelay_Req	seq=1585 li=0 spid=3cc0c6fffefe02100001
182.840826160	3	02:00:00:00:00:01	gPTP Pdelay_Resp	seq=1585 li=127 spid=020000fffe0000010001
182.840833720	3	02:00:00:00:00:01	gPTP Pdelay_Resp_Follow_Up	seq=1585 li=127 spid=020000fffe0000010001
182.894961167	2	68:05:ca:95:b2:ed	AECP	
182.894992519	3	02:00:00:00:00:01	AECP	
182.895178768	2	68:05:ca:95:b2:ed	AECP	
182.895206808	3	02:00:00:00:00:01	AECP	
182.931222244	2	3c:c0:c6:fe:02:11	gPTP Sync	seq=56190 li=-3 spid=3cc0c6fffefe02100001
182.931917638	2	3c:c0:c6:fe:02:11	gPTP Follow_Up	seq=56190 li=-3 spid=3cc0c6fffefe02100001
183.001325969	2	3c:c0:c6:fe:02:11	gPTP Announce	seq=64021 li=0 spid=3cc0c6fffefe02100001 gm=3cc0c6fffefe0210 p1=246 sr=0
183.061173013	2	3c:c0:c6:fe:02:11	gPTP Sync	seq=56191 li=-3 spid=3cc0c6fffefe02100001
183.061905815	2	3c:c0:c6:fe:02:11	gPTP Follow_Up	seq=56191 li=-3 spid=3cc0c6fffefe02100001
183.181113911	2	3c:c0:c6:fe:02:11	gPTP Sync	seq=56192 li=-3 spid=3cc0c6fffefe02100001
183.181847937	2	3c:c0:c6:fe:02:11	gPTP Follow_Up	seq=56192 li=-3 spid=3cc0c6fffefe02100001
183.311152072	2	3c:c0:c6:fe:02:11	gPTP Sync	seq=56193 li=-3 spid=3cc0c6fffefe02100001
183.311884306	2	3c:c0:c6:fe:02:11	gPTP Follow_Up	seq=56193 li=-3 spid=3cc0c6fffefe02100001
183.351746824	3	02:00:00:00:00:01	MSRP	
183.431075410	2	3c:c0:c6:fe:02:11	gPTP Sync	seq=56194 li=-3 spid=3cc0c6fffefe02100001
183.431807604	2	3c:c0:c6:fe:02:11	gPTP Follow_Up	seq=56194 li=-3 spid=3cc0c6fffefe02100001
183.438744508	3	02:00:00:00:00:01	MAAP	
183.551750085	3	02:00:00:00:00:01	gPTP Pdelay_Req	seq=1494 li=0 spid=020000fffe0000010001
183.552520319	2	3c:c0:c6:fe:02:11	gPTP Pdelay_Resp	seq=1494 li=127 spid=3cc0c6fffefe02100001
183.553505898	2	3c:c0:c6:fe:02:11	gPTP Pdelay_Resp_Follow_Up	seq=1494 li=127 spid=3cc0c6fffefe02100001
183.570323657	2	3c:c0:c6:fe:02:11	gPTP Sync	seq=56195 li=-3 spid=3cc0c6fffefe02100001
183.570898442	2	3c:c0:c6:fe:02:11	gPTP Follow_Up	seq=56195 li=-3 spid=3cc0c6fffefe02100001
183.600628080	2	3c:c0:c6:fe:02:11	MVRP	
183.681135885	2	3c:c0:c6:fe:02:11	gPTP Sync	seq=56196 li=-3 spid=3cc0c6fffefe02100001
183.681883695	2	3c:c0:c6:fe:02:11	gPTP Follow_Up	seq=56196 li=-3 spid=3cc0c6fffefe02100001
183.811199455	2	3c:c0:c6:fe:02:11	gPTP Sync	seq=56197 li=-3 spid=3cc0c6fffefe02100001
183.811929056	2	3c:c0:c6:fe:02:11	gPTP Follow_Up	seq=56197 li=-3 spid=3cc0c6fffefe02100001
183.850878564	2	3c:c0:c6:fe:02:11	gPTP Pdelay_Req	seq=1586 li=0 spid=3cc0c6fffefe02100001
183.850889548	3	02:00:00:00:00:01	gPTP Pdelay_Resp	seq=1586 li=127 spid=020000fffe0000010001
183.850897108	3	02:00:00:00:00:01	gPTP Pdelay_Resp_Follow_Up	seq=1586 li=127 spid=020000fffe0000010001
183.931072768	2	3c:c0:c6:fe:02:11	gPTP Sync	seq=56198 li=-3 spid=3cc0c6fffefe02100001
183.931777769	2	3c:c0:c6:fe:02:11	gPTP Follow_Up	seq=56198 li=-3 spid=3cc0c6fffefe02100001
183.940444230	2	3c:c0:c6:fe:02:11	ethertype 0x0027	
184.001339093	2	3c:c0:c6:fe:02:11	gPTP Announce	seq=64022 li=0 spid=3cc0c6fffefe02100001 gm=3cc0c6fffefe0210 p1=246 sr=0
184.061175537	2	3c:c0:c6:fe:02:11	gPTP Sync	seq=56199 li=-3 spid=3cc0c6fffefe02100001
184.061900955	2	3c:c0:c6:fe:02:11	gPTP Follow_Up	seq=56199 li=-3 spid=3cc0c6fffefe02100001
184.181149434	2	3c:c0:c6:fe:02:11	gPTP Sync	seq=56200 li=-3 spid=3cc0c6fffefe02100001
184.181882236	2	3c:c0:c6:fe:02:11	gPTP Follow_Up	seq=56200 li=-3 spid=3cc0c6fffefe02100001
184.311208395	2	3c:c0:c6:fe:02:11	gPTP Sync	seq=56201 li=-3 spid=3cc0c6fffefe02100001
184.311939629	2	3c:c0:c6:fe:02:11	gPTP Follow_Up	seq=56201 li=-3 spid=3cc0c6fffefe02100001
184.351749163	3	02:00:00:00:00:01	MSRP	
184.431084717	2	3c:c0:c6:fe:02:11	gPTP Sync	seq=56202 li=-3 spid=3cc0c6fffefe02100001
184.431814934	2	3c:c0:c6:fe:02:11	gPTP Follow_Up	seq=56202 li=-3 spid=3cc0c6fffefe02100001
184.551752424	3	02:00:00:00:00:01	gPTP Pdelay_Req	seq=1495 li=0 spid=020000fffe0000010001
184.552524225	2	3c:c0:c6:fe:02:11	gPTP Pdelay_Resp	seq=1495 li=127 spid=3cc0c6fffefe02100001
184.553515244	2	3c:c0:c6:fe:02:11	gPTP Pdelay_Resp_Follow_Up	seq=1495 li=127 spid=3cc0c6fffefe02100001
184.570328163	2	3c:c0:c6:fe:02:11	gPTP Sync	seq=56203 li=-3 spid=3cc0c6fffefe02100001
184.570906381	2	3c:c0:c6:fe:02:11	gPTP Follow_Up	seq=56203 li=-3 spid=3cc0c6fffefe02100001
184.600432586	2	3c:c0:c6:fe:02:11	MVRP	
184.643368911	2	3c:c0:c6:01:02:03	ADP	eid=3cc0c60102030000 gm=3cc0c6fffefe0210
184.681163975	2	3c:c0:c6:fe:02:11	gPTP Sync	seq=56204 li=-3 spid=3cc0c6fffefe02100001
184.681907985	2	3c:c0:c6:fe:02:11	gPTP Follow_Up	seq=56204 li=-3 spid=3cc0c6fffefe02100001
184.811209976	2	3c:c0:c6:fe:02:11	gPTP Sync	seq=56205 li=-3 spid=3cc0c6fffefe02100001
184.811940194	2	3c:c0:c6:fe:02:11	gPTP Follow_Up	seq=56205 li=-3 spid=3cc0c6fffefe02100001
184.860901749	2	3c:c0:c6:fe:02:11	gPTP Pdelay_Req	seq=1587 li=0 spid=3cc0c6fffefe02100001
184.860912749	3	02:00:00:00:00:01	gPTP Pdelay_Resp	seq=1587 li=127 spid=020000fffe0000010001
184.860920309	3	02:00:00:00:00:01	gPTP Pdelay_Resp_Follow_Up	seq=1587 li=127 spid=020000fffe0000010001
184.931076290	2	3c:c0:c6:fe:02:11	gPTP Sync	seq=56206 li=-3 spid=3cc0c6fffefe02100001
184.931794084	2	3c:c0:c6:fe:02:11	gPTP Follow_Up	seq=56206 li=-3 spid=3cc0c6fffefe02100001
184.951750539	3	02:00:00:00:00:01	MSRP	
184.952114427	2	3c:c0:c6:fe:02:11	MSRP	
185.001297199	2	3c:c0:c6:fe:02:11	gPTP Announce	seq=64023 li=0 spid=3cc0c6fffefe02100001 gm=3cc0c6fffefe0210 p1=246 sr=0
185.050956580	2	3c:c0:c6:fe:02:11	MSRP	
185.061221236	2	3c:c0:c6:fe:02:11	gPTP Sync	seq=56207 li=-3 spid=3cc0c6fffefe02100001
185.061943253	2	3c:c0:c6:fe:02:11	gPTP Follow_Up	seq=56207 li=-3 spid=3cc0c6fffefe02100001
185.181141749	2	3c:c0:c6:fe:02:11	gPTP Sync	seq=56208 li=-3 spid=3cc0c6fffefe02100001
185.181875775	2	3c:c0:c6:fe:02:11	gPTP Follow_Up	seq=56208 li=-3 spid=3cc0c6fffefe02100001
185.210299186	2	68:05:ca:95:b2:ed	ethertype 0x0800	
185.311149743	2	3c:c0:c6:fe:02:11	gPTP Sync	seq=56209 li=-3 spid=3cc0c6fffefe02100001
185.311883537	2	3c:c0:c6:fe:02:11	gPTP Follow_Up	seq=56209 li=-3 spid=3cc0c6fffefe02100001
185.351751494	3	02:00:00:00:00:01	MSRP	
185.431093841	2	3c:c0:c6:fe:02:11	gPTP Sync	seq=56210 li=-3 spid=3cc0c6fffefe02100001
185.431829850	2	3c:c0:c6:fe:02:11	gPTP Follow_Up	seq=56210 li=-3 spid=3cc0c6fffefe02100001
185.551754748	3	02:00:00:00:00:01	gPTP Pdelay_Req	seq=1496 li=0 spid=020000fffe0000010001
185.552517350	2	3c:c0:c6:fe:02:11	gPTP Pdelay_Resp	seq=1496 li=127 spid=3cc0c6fffefe02100001
185.553505160	2	3c:c0:c6:fe:02:11	gPTP Pdelay_Resp_Follow_Up	seq=1496 li=127 spid=3cc0c6fffefe02100001
185.570336296	2	3c:c0:c6:fe:02:11	gPTP Sync	seq=56211 li=-3 spid=3cc0c6fffefe02100001
185.570918097	2	3c:c0:c6:fe:02:11	gPTP Follow_Up	seq=56211 li=-3 spid=3cc0c6fffefe02100001
185.600621519	2	3c:c0:c6:fe:02:11	MVRP	
185.681183724	2	3c:c0:c6:fe:02:11	gPTP Sync	seq=56212 li=-3 spid=3cc0c6fffefe02100001
185.681930318	2	3c:c0:c6:fe:02:11	gPTP Follow_Up	seq=56212 li=-3 spid=3cc0c6fffefe02100001
185.811216509	2	3c:c0:c6:fe:02:11	gPTP Sync	seq=56213 li=-3 spid=3cc0c6fffefe02100001
185.811949287	2	3c:c0:c6:fe:02:11	gPTP Follow_Up	seq=56213 li=-3 spid=3cc0c6fffefe02100001
185.870884353	2	3c:c0:c6:fe:02:11	gPTP Pdelay_Req	seq=1588 li=0 spid=3cc0c6fffefe02100001
185.870895353	3	02:00:00:00:00:01	gPTP Pdelay_Resp	seq=1588 li=127 spid=020000fffe0000010001
185.870902913	3	02:00:00:00:00:01	gPTP Pdelay_Resp_Follow_Up	seq=1588 li=127 spid=020000fffe0000010001
185.931081607	2	3c:c0:c6:fe:02:11	gPTP Sync	seq=56214 li=-3 spid=3cc0c6fffefe02100001
185.931796808	2	3c:c0:c6:fe:02:11	gPTP Follow_Up	seq=56214 li=-3 spid=3cc0c6fffefe02100001
185.940443085	2	3c:c0:c6:fe:02:11	ethertype 0x0027	
186.001325523	2	3c:c0:c6:fe:02:11	gPTP Announce	seq=64024 li=0 spid=3cc0c6fffefe02100001 gm=3cc0c6fffefe0210 p1=246 sr=0
186.061228792	2	3c:c0:c6:fe:02:11	gPTP Sync	seq=56215 li=-3 spid=3cc0c6fffefe02100001
186.061957178	2	3c:c0:c6:fe:02:11	gPTP Follow_Up	seq=56215 li=-3 spid=3cc0c6fffefe02100001
186.181136481	2	3c:c0:c6:fe:02:11	gPTP Sync	seq=56216 li=-3 spid=3cc0c6fffefe02100001
186.181870883	2	3c:c0:c6:fe:02:11	gPTP Follow_Up	seq=56216 li=-3 spid=3cc0c6fffefe02100001
186.311175666	2	3c:c0:c6:fe:02:11	gPTP Sync	seq=56217 li=-3 spid=3cc0c6fffefe02100001
186.311913268	2	3c:c0:c6:fe:02:11	gPTP Follow_Up	seq=56217 li=-3 spid=3cc0c6fffefe02100001
186.351753786	3	02:00:00:00:00:01	MSRP	
186.431105940	2	3c:c0:c6:fe:02:11	gPTP Sync	seq=56218 li=-3 spid=3cc0c6fffefe02100001
186.431839773	2	3c:c0:c6:fe:02:11	gPTP Follow_Up	seq=56218 li=-3 spid=3cc0c6fffefe02100001
186.551757055	3	02:00:00:00:00:01	gPTP Pdelay_Req	seq=1497 li=0 spid=020000fffe0000010001
186.552540073	2	3c:c0:c6:fe:02:11	gPTP Pdelay_Resp	seq=1497 li=127 spid=3cc0c6fffefe02100001
186.553530091	2	3c:c0:c6:fe:02:11	gPTP Pdelay_Resp_Follow_Up	seq=1497 li=127 spid=3cc0c6fffefe02100001
186.570345610	2	3c:c0:c6:fe:02:11	gPTP Sync	seq=56219 li=-3 spid=3cc0c6fffefe02100001
186.570923796	2	3c:c0:c6:fe:02:11	gPTP Follow_Up	seq=56219 li=-3 spid=3cc0c6fffefe02100001
186.600406449	2	3c:c0:c6:fe:02:11	MVRP	
186.681159022	2	3c:c0:c6:fe:02:11	gPTP Sync	seq=56220 li=-3 spid=3cc0c6fffefe02100001
186.681904048	2	3c:c0:c6:fe:02:11	gPTP Follow_Up	seq=56220 li=-3 spid=3cc0c6fffefe02100001
186.811215616	2	3c:c0:c6:fe:02:11	gPTP Sync	seq=56221 li=-3 spid=3cc0c6fffefe02100001
186.811946442	2	3c:c0:c6:fe:02:11	gPTP Follow_Up	seq=56221 li=-3 spid=3cc0c6fffefe02100001
186.880911340	2	3c:c0:c6:fe:02:11	gPTP Pdelay_Req	seq=1589 li=0 spid=3cc0c6fffefe02100001
186.880922340	3	02:00:00:00:00:01	gPTP Pdelay_Resp	seq=1589 li=127 spid=020000fffe0000010001
186.880929900	3	02:00:00:00:00:01	gPTP Pdelay_Resp_Follow_Up	seq=1589 li=127 spid=020000fffe0000010001
186.931095337	2	3c:c0:c6:fe:02:11	gPTP Sync	seq=56222 li=-3 spid=3cc0c6fffefe02100001
186.931809323	2	3c:c0:c6:fe:02:11	gPTP Follow_Up	seq=56222 li=-3 spid=3cc0c6fffefe02100001
187.011047133	2	3c:c0:c6:fe:02:11	gPTP Announce	seq=64025 li=0 spid=3cc0c6fffefe02100001 gm=3cc0c6fffefe0210 p1=246 sr=0
187.061226907	2	3c:c0:c6:fe:02:11	gPTP Sync	seq=56223 li=-3 spid=3cc0c6fffefe02100001
187.061956509	2	3c:c0:c6:fe:02:11	gPTP Follow_Up	seq=56223 li=-3 spid=3cc0c6fffefe02100001
187.181171581	2	3c:c0:c6:fe:02:11	gPTP Sync	seq=56224 li=-3 spid=3cc0c6fffefe02100001
187.181906407	2	3c:c0:c6:fe:02:11	gPTP Follow_Up	seq=56224 li=-3 spid=3cc0c6fffefe02100001
187.311165398	2	3c:c0:c6:fe:02:11	gPTP Sync	seq=56225 li=-3 spid=3cc0c6fffefe02100001
187.311899800	2	3c:c0:c6:fe:02:11	gPTP Follow_Up	seq=56225 li=-3 spid=3cc0c6fffefe02100001
187.351756118	3	02:00:00:00:00:01	MSRP	
187.400753713	3	02:00:00:00:00:01	MAAP	
187.431109880	2	3c:c0:c6:fe:02:11	gPTP Sync	seq=56226 li=-3 spid=3cc0c6fffefe02100001
187.431844290	2	3c:c0:c6:fe:02:11	gPTP Follow_Up	seq=56226 li=-3 spid=3cc0c6fffefe02100001
187.551759380	3	02:00:00:00:00:01	gPTP Pdelay_Req	seq=1498 li=0 spid=020000fffe0000010001
187.552548398	2	3c:c0:c6:fe:02:11	gPTP Pdelay_Resp	seq=1498 li=127 spid=3cc0c6fffefe02100001
187.553535600	2	3c:c0:c6:fe:02:11	gPTP Pdelay_Resp_Follow_Up	seq=1498 li=127 spid=3cc0c6fffefe02100001
187.570353327	2	3c:c0:c6:fe:02:11	gPTP Sync	seq=56227 li=-3 spid=3cc0c6fffefe02100001
187.570932121	2	3c:c0:c6:fe:02:11	gPTP Follow_Up	seq=56227 li=-3 spid=3cc0c6fffefe02100001
187.600622166	2	3c:c0:c6:fe:02:11	MVRP	
187.681205172	2	3c:c0:c6:fe:02:11	gPTP Sync	seq=56228 li=-3 spid=3cc0c6fffefe02100001
187.681949758	2	3c:c0:c6:fe:02:11	gPTP Follow_Up	seq=56228 li=-3 spid=3cc0c6fffefe02100001
187.805758240	3	02:00:00:00:00:01	ADP	eid=020000fffe000001 gm=3cc0c6fffefe0210
187.811247941	2	3c:c0:c6:fe:02:11	gPTP Sync	seq=56229 li=-3 spid=3cc0c6fffefe02100001
187.811981359	2	3c:c0:c6:fe:02:11	gPTP Follow_Up	seq=56229 li=-3 spid=3cc0c6fffefe02100001
187.881119665	2	3c:c0:c6:fe:02:11	gPTP Pdelay_Req	seq=1590 li=0 spid=3cc0c6fffefe02100001
187.881130673	3	02:00:00:00:00:01	gPTP Pdelay_Resp	seq=1590 li=127 spid=020000fffe0000010001
187.881138233	3	02:00:00:00:00:01	gPTP Pdelay_Resp_Follow_Up	seq=1590 li=127 spid=020000fffe0000010001
187.894092568	2	68:05:ca:95:b2:ed	AECP	
187.894124736	3	02:00:00:00:00:01	AECP	
187.894272376	2	68:05:ca:95:b2:ed	AECP	
187.894300584	3	02:00:00:00:00:01	AECP	
187.931098862	2	3c:c0:c6:fe:02:11	gPTP Sync	seq=56230 li=-3 spid=3cc0c6fffefe02100001
187.931818256	2	3c:c0:c6:fe:02:11	gPTP Follow_Up	seq=56230 li=-3 spid=3cc0c6fffefe02100001
187.940457524	2	3c:c0:c6:fe:02:11	ethertype 0x0027	
188.021042129	2	3c:c0:c6:fe:02:11	gPTP Announce	seq=64026 li=0 spid=3cc0c6fffefe02100001 gm=3cc0c6fffefe0210 p1=246 sr=0
188.061234624	2	3c:c0:c6:fe:02:11	gPTP Sync	seq=56231 li=-3 spid=3cc0c6fffefe02100001
188.061967042	2	3c:c0:c6:fe:02:11	gPTP Follow_Up	seq=56231 li=-3 spid=3cc0c6fffefe02100001
188.181154729	2	3c:c0:c6:fe:02:11	gPTP Sync	seq=56232 li=-3 spid=3cc0c6fffefe02100001
188.181889131	2	3c:c0:c6:fe:02:11	gPTP Follow_Up	seq=56232 li=-3 spid=3cc0c6fffefe02100001
188.311172506	2	3c:c0:c6:fe:02:11	gPTP Sync	seq=56233 li=-3 spid=3cc0c6fffefe02100001
188.311907516	2	3c:c0:c6:fe:02:11	gPTP Follow_Up	seq=56233 li=-3 spid=3cc0c6fffefe02100001
188.351758450	3	02:00:00:00:00:01	MSRP	
188.431118820	2	3c:c0:c6:fe:02:11	gPTP Sync	seq=56234 li=-3 spid=3cc0c6fffefe02100001
188.431854822	2	3c:c0:c6:fe:02:11	gPTP Follow_Up	seq=56234 li=-3 spid=3cc0c6fffefe02100001
188.551761719	3	02:00:00:00:00:01	gPTP Pdelay_Req	seq=1499 li=0 spid=020000fffe0000010001
188.552548721	2	3c:c0:c6:fe:02:11	gPTP Pdelay_Resp	seq=1499 li=127 spid=3cc0c6fffefe02100001
188.553536539	2	3c:c0:c6:fe:02:11	gPTP Pdelay_Resp_Follow_Up	seq=1499 li=127 spid=3cc0c6fffefe02100001
188.570360059	2	3c:c0:c6:fe:02:11	gPTP Sync	seq=56235 li=-3 spid=3cc0c6fffefe02100001
188.570940444	2	3c:c0:c6:fe:02:11	gPTP Follow_Up	seq=56235 li=-3 spid=3cc0c6fffefe02100001
188.600465689	2	3c:c0:c6:fe:02:11	MVRP	
188.681200695	2	3c:c0:c6:fe:02:11	gPTP Sync	seq=56236 li=-3 spid=3cc0c6fffefe02100001
188.681945696	2	3c:c0:c6:fe:02:11	gPTP Follow_Up	seq=56236 li=-3 spid=3cc0c6fffefe02100001
188.811233871	2	3c:c0:c6:fe:02:11	gPTP Sync	seq=56237 li=-3 spid=3cc0c6fffefe02100001
188.811963473	2	3c:c0:c6:fe:02:11	gPTP Follow_Up	seq=56237 li=-3 spid=3cc0c6fffefe02100001
188.881128603	2	3c:c0:c6:fe:02:11	gPTP Pdelay_Req	seq=1591 li=0 spid=3cc0c6fffefe02100001
188.881139595	3	02:00:00:00:00:01	gPTP Pdelay_Resp	seq=1591 li=127 spid=020000fffe0000010001
188.881147163	3	02:00:00:00:00:01	gPTP Pdelay_Resp_Follow_Up	seq=1591 li=127 spid=020000fffe0000010001
188.931104368	2	3c:c0:c6:fe:02:11	gPTP Sync	seq=56238 li=-3 spid=3cc0c6fffefe02100001
188.931819162	2	3c:c0:c6:fe:02:11	gPTP Follow_Up	seq=56238 li=-3 spid=3cc0c6fffefe02100001
189.031052130	2	3c:c0:c6:fe:02:11	gPTP Announce	seq=64027 li=0 spid=3cc0c6fffefe02100001 gm=3cc0c6fffefe0210 p1=246 sr=0
189.061255360	2	3c:c0:c6:fe:02:11	gPTP Sync	seq=56239 li=-3 spid=3cc0c6fffefe02100001
189.061985354	2	3c:c0:c6:fe:02:11	gPTP Follow_Up	seq=56239 li=-3 spid=3cc0c6fffefe02100001
189.181161449	2	3c:c0:c6:fe:02:11	gPTP Sync	seq=56240 li=-3 spid=3cc0c6fffefe02100001
189.181898635	2	3c:c0:c6:fe:02:11	gPTP Follow_Up	seq=56240 li=-3 spid=3cc0c6fffefe02100001
189.311206425	2	3c:c0:c6:fe:02:11	gPTP Sync	seq=56241 li=-3 spid=3cc0c6fffefe02100001
189.311938243	2	3c:c0:c6:fe:02:11	gPTP Follow_Up	seq=56241 li=-3 spid=3cc0c6fffefe02100001
189.351760768	3	02:00:00:00:00:01	MSRP	
189.431124546	2	3c:c0:c6:fe:02:11	gPTP Sync	seq=56242 li=-3 spid=3cc0c6fffefe02100001
189.431859940	2	3c:c0:c6:fe:02:11	gPTP Follow_Up	seq=56242 li=-3 spid=3cc0c6fffefe02100001
189.551764028	3	02:00:00:00:00:01	gPTP Pdelay_Req	seq=1500 li=0 spid=020000fffe0000010001
189.552575246	2	3c:c0:c6:fe:02:11	gPTP Pdelay_Resp	seq=1500 li=127 spid=3cc0c6fffefe02100001
189.553561465	2	3c:c0:c6:fe:02:11	gPTP Pdelay_Resp_Follow_Up	seq=1500 li=127 spid=3cc0c6fffefe02100001
189.570384376	2	3c:c0:c6:fe:02:11	gPTP Sync	seq=56243 li=-3 spid=3cc0c6fffefe02100001
189.571003193	2	3c:c0:c6:fe:02:11	gPTP Follow_Up	seq=56243 li=-3 spid=3cc0c6fffefe02100001
189.600675607	2	3c:c0:c6:fe:02:11	MVRP	
189.672547159	2	68:05:ca:95:b2:ed	ethertype 0x86dd	
189.681185619	2	3c:c0:c6:fe:02:11	gPTP Sync	seq=56244 li=-3 spid=3cc0c6fffefe02100001
189.681927997	2	3c:c0:c6:fe:02:11	gPTP Follow_Up	seq=56244 li=-3 spid=3cc0c6fffefe02100001
189.811248588	2	3c:c0:c6:fe:02:11	gPTP Sync	seq=56245 li=-3 spid=3cc0c6fffefe02100001
189.811978190	2	3c:c0:c6:fe:02:11	gPTP Follow_Up	seq=56245 li=-3 spid=3cc0c6fffefe02100001
189.881153496	2	3c:c0:c6:fe:02:11	gPTP Pdelay_Req	seq=1592 li=0 spid=3cc0c6fffefe02100001
189.881164480	3	02:00:00:00:00:01	gPTP Pdelay_Resp	seq=1592 li=127 spid=020000fffe0000010001
189.881172040	3	02:00:00:00:00:01	gPTP Pdelay_Resp_Follow_Up	seq=1592 li=127 spid=020000fffe0000010001
189.931117069	2	3c:c0:c6:fe:02:11	gPTP Sync	seq=56246 li=-3 spid=3cc0c6fffefe02100001
189.931833303	2	3c:c0:c6:fe:02:11	gPTP Follow_Up	seq=56246 li=-3 spid=3cc0c6fffefe02100001
189.940471955	2	3c:c0:c6:fe:02:11	ethertype 0x0027	
190.041108519	2	3c:c0:c6:fe:02:11	gPTP Announce	seq=64028 li=0 spid=3cc0c6fffefe02100001 gm=3cc0c6fffefe0210 p1=246 sr=0
190.061248671	2	3c:c0:c6:fe:02:11	gPTP Sync	seq=56247 li=-3 spid=3cc0c6fffefe02100001
190.061979272	2	3c:c0:c6:fe:02:11	gPTP Follow_Up	seq=56247 li=-3 spid=3cc0c6fffefe02100001
190.171724898	2	3c:c0:c6:01:02:03	ADP	eid=3cc0c60102030000 gm=3cc0c6fffefe0210
190.181220552	2	3c:c0:c6:fe:02:11	gPTP Sync	seq=56248 li=-3 spid=3cc0c6fffefe02100001
190.181950578	2	3c:c0:c6:fe:02:11	gPTP Follow_Up	seq=56248 li=-3 spid=3cc0c6fffefe02100001
190.311190745	2	3c:c0:c6:fe:02:11	gPTP Sync	seq=56249 li=-3 spid=3cc0c6fffefe02100001
190.311925763	2	3c:c0:c6:fe:02:11	gPTP Follow_Up	seq=56249 li=-3 spid=3cc0c6fffefe02100001
190.351763088	3	02:00:00:00:00:01	MSRP	
190.431128451	2	3c:c0:c6:fe:02:11	gPTP Sync	seq=56250 li=-3 spid=3cc0c6fffefe02100001
190.431860868	2	3c:c0:c6:fe:02:11	gPTP Follow_Up	seq=56250 li=-3 spid=3cc0c6fffefe02100001
190.551766358	3	02:00:00:00:00:01	gPTP Pdelay_Req	seq=1501 li=0 spid=020000fffe0000010001
190.552534967	2	3c:c0:c6:fe:02:11	gPTP Pdelay_Resp	seq=1501 li=127 spid=3cc0c6fffefe02100001
190.553518554	2	3c:c0:c6:fe:02:11	gPTP Pdelay_Resp_Follow_Up	seq=1501 li=127 spid=3cc0c6fffefe02100001
190.570373497	2	3c:c0:c6:fe:02:11	gPTP Sync	seq=56251 li=-3 spid=3cc0c6fffefe02100001
190.570950115	2	3c:c0:c6:fe:02:11	gPTP Follow_Up	seq=56251 li=-3 spid=3cc0c6fffefe02100001
190.600489312	2	3c:c0:c6:fe:02:11	MVRP	
190.681189533	2	3c:c0:c6:fe:02:11	gPTP Sync	seq=56252 li=-3 spid=3cc0c6fffefe02100001
190.681929343	2	3c:c0:c6:fe:02:11	gPTP Follow_Up	seq=56252 li=-3 spid=3cc0c6fffefe02100001
190.811256910	2	3c:c0:c6:fe:02:11	gPTP Sync	seq=56253 li=-3 spid=3cc0c6fffefe02100001
190.811988120	2	3c:c0:c6:fe:02:11	gPTP Follow_Up	seq=56253 li=-3 spid=3cc0c6fffefe02100001
190.881146842	2	3c:c0:c6:fe:02:11	gPTP Pdelay_Req	seq=1593 li=0 spid=3cc0c6fffefe02100001
190.881157842	3	02:00:00:00:00:01	gPTP Pdelay_Resp	seq=1593 li=127 spid=020000fffe0000010001
190.881165402	3	02:00:00:00:00:01	gPTP Pdelay_Resp_Follow_Up	seq=1593 li=127 spid=020000fffe0000010001
190.931122615	2	3c:c0:c6:fe:02:11	gPTP Sync	seq=56254 li=-3 spid=3cc0c6fffefe02100001
190.931839417	2	3c:c0:c6:fe:02:11	gPTP Follow_Up	seq=56254 li=-3 spid=3cc0c6fffefe02100001
191.051079513	2	3c:c0:c6:fe:02:11	gPTP Announce	seq=64029 li=0 spid=3cc0c6fffefe02100001 gm=3cc0c6fffefe0210 p1=246 sr=0
191.061243209	2	3c:c0:c6:fe:02:11	gPTP Sync	seq=56255 li=-3 spid=3cc0c6fffefe02100001
191.061968010	2	3c:c0:c6:fe:02:11	gPTP Follow_Up	seq=56255 li=-3 spid=3cc0c6fffefe02100001
191.181179690	2	3c:c0:c6:fe:02:11	gPTP Sync	seq=56256 li=-3 spid=3cc0c6fffefe02100001
191.181915699	2	3c:c0:c6:fe:02:11	gPTP Follow_Up	seq=56256 li=-3 spid=3cc0c6fffefe02100001
191.240540941	2	3c:c0:c6:fe:02:11	MVRP	
191.311198691	2	3c:c0:c6:fe:02:11	gPTP Sync	seq=56257 li=-3 spid=3cc0c6fffefe02100001
191.311932484	2	3c:c0:c6:fe:02:11	gPTP Follow_Up	seq=56257 li=-3 spid=3cc0c6fffefe02100001
191.351765418	3	02:00:00:00:00:01	MSRP	
191.431139972	2	3c:c0:c6:fe:02:11	gPTP Sync	seq=56258 li=-3 spid=3cc0c6fffefe02100001
191.431875982	2	3c:c0:c6:fe:02:11	gPTP Follow_Up	seq=56258 li=-3 spid=3cc0c6fffefe02100001
191.551768679	3	02:00:00:00:00:01	gPTP Pdelay_Req	seq=1502 li=0 spid=020000fffe0000010001
191.552533272	2	3c:c0:c6:fe:02:11	gPTP Pdelay_Resp	seq=1502 li=127 spid=3cc0c6fffefe02100001
191.553518299	2	3c:c0:c6:fe:02:11	gPTP Pdelay_Resp_Follow_Up	seq=1502 li=127 spid=3cc0c6fffefe02100001
191.570380826	2	3c:c0:c6:fe:02:11	gPTP Sync	seq=56259 li=-3 spid=3cc0c6fffefe02100001
191.570957828	2	3c:c0:c6:fe:02:11	gPTP Follow_Up	seq=56259 li=-3 spid=3cc0c6fffefe02100001
191.600904450	2	3c:c0:c6:fe:02:11	MVRP	
191.681218654	2	3c:c0:c6:fe:02:11	gPTP Sync	seq=56260 li=-3 spid=3cc0c6fffefe02100001
191.681962664	2	3c:c0:c6:fe:02:11	gPTP Follow_Up	seq=56260 li=-3 spid=3cc0c6fffefe02100001
191.811254639	2	3c:c0:c6:fe:02:11	gPTP Sync	seq=56261 li=-3 spid=3cc0c6fffefe02100001
191.811983641	2	3c:c0:c6:fe:02:11	gPTP Follow_Up	seq=56261 li=-3 spid=3cc0c6fffefe02100001
191.881151363	2	3c:c0:c6:fe:02:11	gPTP Pdelay_Req	seq=1594 li=0 spid=3cc0c6fffefe02100001
191.881162355	3	02:00:00:00:00:01	gPTP Pdelay_Resp	seq=1594 li=127 spid=020000fffe0000010001
191.881169915	3	02:00:00:00:00:01	gPTP Pdelay_Resp_Follow_Up	seq=1594 li=127 spid=020000fffe0000010001
191.931128344	2	3c:c0:c6:fe:02:11	gPTP Sync	seq=56262 li=-3 spid=3cc0c6fffefe02100001
191.931842554	2	3c:c0:c6:fe:02:11	gPTP Follow_Up	seq=56262 li=-3 spid=3cc0c6fffefe02100001
191.940487614	2	3c:c0:c6:fe:02:11	ethertype 0x0027	
192.061486922	2	3c:c0:c6:fe:02:11	gPTP Sync	seq=56263 li=-3 spid=3cc0c6fffefe02100001
192.061565938	2	3c:c0:c6:fe:02:11	gPTP Announce	seq=64030 li=0 spid=3cc0c6fffefe02100001 gm=3cc0c6fffefe0210 p1=246 sr=0
192.062286740	2	3c:c0:c6:fe:02:11	gPTP Follow_Up	seq=56263 li=-3 spid=3cc0c6fffefe02100001
192.181182834	2	3c:c0:c6:fe:02:11	gPTP Sync	seq=56264 li=-3 spid=3cc0c6fffefe02100001
192.181916628	2	3c:c0:c6:fe:02:11	gPTP Follow_Up	seq=56264 li=-3 spid=3cc0c6fffefe02100001
192.311226211	2	3c:c0:c6:fe:02:11	gPTP Sync	seq=56265 li=-3 spid=3cc0c6fffefe02100001
192.311958989	2	3c:c0:c6:fe:02:11	gPTP Follow_Up	seq=56265 li=-3 spid=3cc0c6fffefe02100001
192.351767746	3	02:00:00:00:00:01	MSRP	
192.430765403	3	02:00:00:00:00:01	MAAP	
192.431146284	2	3c:c0:c6:fe:02:11	gPTP Sync	seq=56266 li=-3 spid=3cc0c6fffefe02100001
192.431880110	2	3c:c0:c6:fe:02:11	gPTP Follow_Up	seq=56266 li=-3 spid=3cc0c6fffefe02100001
192.551771015	3	02:00:00:00:00:01	gPTP Pdelay_Req	seq=1503 li=0 spid=020000fffe0000010001
192.552535225	2	3c:c0:c6:fe:02:11	gPTP Pdelay_Resp	seq=1503 li=127 spid=3cc0c6fffefe02100001
192.553521827	2	3c:c0:c6:fe:02:11	gPTP Pdelay_Resp_Follow_Up	seq=1503 li=127 spid=3cc0c6fffefe02100001
192.570393955	2	3c:c0:c6:fe:02:11	gPTP Sync	seq=56267 li=-3 spid=3cc0c6fffefe02100001
192.570971556	2	3c:c0:c6:fe:02:11	gPTP Follow_Up	seq=56267 li=-3 spid=3cc0c6fffefe02100001
192.600504385	2	3c:c0:c6:fe:02:11	MVRP	
192.681229191	2	3c:c0:c6:fe:02:11	gPTP Sync	seq=56268 li=-3 spid=3cc0c6fffefe02100001
192.681977992	2	3c:c0:c6:fe:02:11	gPTP Follow_Up	seq=56268 li=-3 spid=3cc0c6fffefe02100001
192.811265559	2	3c:c0:c6:fe:02:11	gPTP Sync	seq=56269 li=-3 spid=3cc0c6fffefe02100001
192.811996377	2	3c:c0:c6:fe:02:11	gPTP Follow_Up	seq=56269 li=-3 spid=3cc0c6fffefe02100001
192.881169891	2	3c:c0:c6:fe:02:11	gPTP Pdelay_Req	seq=1595 li=0 spid=3cc0c6fffefe02100001
192.881180891	3	02:00:00:00:00:01	gPTP Pdelay_Resp	seq=1595 li=127 spid=020000fffe0000010001
192.881188451	3	02:00:00:00:00:01	gPTP Pdelay_Resp_Follow_Up	seq=1595 li=127 spid=020000fffe0000010001
192.895965814	2	68:05:ca:95:b2:ed	AECP	
192.895998126	3	02:00:00:00:00:01	AECP	
192.896148598	2	68:05:ca:95:b2:ed	AECP	
192.896176662	3	02:00:00:00:00:01	AECP	
192.931143064	2	3c:c0:c6:fe:02:11	gPTP Sync	seq=56270 li=-3 spid=3cc0c6fffefe02100001
192.931859874	2	3c:c0:c6:fe:02:11	gPTP Follow_Up	seq=56270 li=-3 spid=3cc0c6fffefe02100001
193.061212649	2	3c:c0:c6:fe:02:11	gPTP Sync	seq=56271 li=-3 spid=3cc0c6fffefe02100001
193.062340052	2	3c:c0:c6:fe:02:11	gPTP Follow_Up	seq=56271 li=-3 spid=3cc0c6fffefe02100001
193.062415060	2	3c:c0:c6:fe:02:11	gPTP Announce	seq=64031 li=0 spid=3cc0c6fffefe02100001 gm=3cc0c6fffefe0210 p1=246 sr=0
193.181237938	2	3c:c0:c6:fe:02:11	gPTP Sync	seq=56272 li=-3 spid=3cc0c6fffefe02100001
193.181973556	2	3c:c0:c6:fe:02:11	gPTP Follow_Up	seq=56272 li=-3 spid=3cc0c6fffefe02100001
193.311210915	2	3c:c0:c6:fe:02:11	gPTP Sync	seq=56273 li=-3 spid=3cc0c6fffefe02100001
193.311943717	2	3c:c0:c6:fe:02:11	gPTP Follow_Up	seq=56273 li=-3 spid=3cc0c6fffefe02100001
193.351770066	3	02:00:00:00:00:01	MSRP	
193.431150820	2	3c:c0:c6:fe:02:11	gPTP Sync	seq=56274 li=-3 spid=3cc0c6fffefe02100001
193.431881422	2	3c:c0:c6:fe:02:11	gPTP Follow_Up	seq=56274 li=-3 spid=3cc0c6fffefe02100001
193.551773335	3	02:00:00:00:00:01	gPTP Pdelay_Req	seq=1504 li=0 spid=020000fffe0000010001
193.552542329	2	3c:c0:c6:fe:02:11	gPTP Pdelay_Resp	seq=1504 li=127 spid=3cc0c6fffefe02100001
193.553529539	2	3c:c0:c6:fe:02:11	gPTP Pdelay_Resp_Follow_Up	seq=1504 li=127 spid=3cc0c6fffefe02100001
193.570397467	2	3c:c0:c6:fe:02:11	gPTP Sync	seq=56275 li=-3 spid=3cc0c6fffefe02100001
193.570975076	2	3c:c0:c6:fe:02:11	gPTP Follow_Up	seq=56275 li=-3 spid=3cc0c6fffefe02100001
193.600689090	2	3c:c0:c6:fe:02:11	MVRP	
193.659999549	2	68:05:ca:95:b2:ed	ethertype 0x0800	
193.681239902	2	3c:c0:c6:fe:02:11	gPTP Sync	seq=56276 li=-3 spid=3cc0c6fffefe02100001
193.681986496	2	3c:c0:c6:fe:02:11	gPTP Follow_Up	seq=56276 li=-3 spid=3cc0c6fffefe02100001
193.811283855	2	3c:c0:c6:fe:02:11	gPTP Sync	seq=56277 li=-3 spid=3cc0c6fffefe02100001
193.812018257	2	3c:c0:c6:fe:02:11	gPTP Follow_Up	seq=56277 li=-3 spid=3cc0c6fffefe02100001
193.881171004	2	3c:c0:c6:fe:02:11	gPTP Pdelay_Req	seq=1596 li=0 spid=3cc0c6fffefe02100001
193.881181996	3	02:00:00:00:00:01	gPTP Pdelay_Resp	seq=1596 li=127 spid=020000fffe0000010001
193.881189556	3	02:00:00:00:00:01	gPTP Pdelay_Resp_Follow_Up	seq=1596 li=127 spid=020000fffe0000010001
193.931148377	2	3c:c0:c6:fe:02:11	gPTP Sync	seq=56278 li=-3 spid=3cc0c6fffefe02100001
193.931863579	2	3c:c0:c6:fe:02:11	gPTP Follow_Up	seq=56278 li=-3 spid=3cc0c6fffefe02100001
193.940500255	2	3c:c0:c6:fe:02:11	ethertype 0x0027	
194.061244555	2	3c:c0:c6:fe:02:11	gPTP Sync	seq=56279 li=-3 spid=3cc0c6fffefe02100001
194.061964172	2	3c:c0:c6:fe:02:11	gPTP Follow_Up	seq=56279 li=-3 spid=3cc0c6fffefe02100001
194.062827766	2	3c:c0:c6:fe:02:11	gPTP Announce	seq=64032 li=0 spid=3cc0c6fffefe02100001 gm=3cc0c6fffefe0210 p1=246 sr=0
194.181231660	2	3c:c0:c6:fe:02:11	gPTP Sync	seq=56280 li=-3 spid=3cc0c6fffefe02100001
194.181964470	2	3c:c0:c6:fe:02:11	gPTP Follow_Up	seq=56280 li=-3 spid=3cc0c6fffefe02100001
194.311297446	2	3c:c0:c6:fe:02:11	gPTP Sync	seq=56281 li=-3 spid=3cc0c6fffefe02100001
194.312027655	2	3c:c0:c6:fe:02:11	gPTP Follow_Up	seq=56281 li=-3 spid=3cc0c6fffefe02100001
194.351772389	3	02:00:00:00:00:01	MSRP	
194.431157351	2	3c:c0:c6:fe:02:11	gPTP Sync	seq=56282 li=-3 spid=3cc0c6fffefe02100001
194.431886353	2	3c:c0:c6:fe:02:11	gPTP Follow_Up	seq=56282 li=-3 spid=3cc0c6fffefe02100001
194.551775659	3	02:00:00:00:00:01	gPTP Pdelay_Req	seq=1505 li=0 spid=020000fffe0000010001
194.552542460	2	3c:c0:c6:fe:02:11	gPTP Pdelay_Resp	seq=1505 li=127 spid=3cc0c6fffefe02100001
194.553530655	2	3c:c0:c6:fe:02:11	gPTP Pdelay_Resp_Follow_Up	seq=1505 li=127 spid=3cc0c6fffefe02100001
194.570404990	2	3c:c0:c6:fe:02:11	gPTP Sync	seq=56283 li=-3 spid=3cc0c6fffefe02100001
194.570983584	2	3c:c0:c6:fe:02:11	gPTP Follow_Up	seq=56283 li=-3 spid=3cc0c6fffefe02100001
194.600509029	2	3c:c0:c6:fe:02:11	MVRP	
194.681271203	2	3c:c0:c6:fe:02:11	gPTP Sync	seq=56284 li=-3 spid=3cc0c6fffefe02100001
194.682017220	2	3c:c0:c6:fe:02:11	gPTP Follow_Up	seq=56284 li=-3 spid=3cc0c6fffefe02100001
194.811285204	2	3c:c0:c6:fe:02:11	gPTP Sync	seq=56285 li=-3 spid=3cc0c6fffefe02100001
194.812018006	2	3c:c0:c6:fe:02:11	gPTP Follow_Up	seq=56285 li=-3 spid=3cc0c6fffefe02100001
194.881187904	2	3c:c0:c6:fe:02:11	gPTP Pdelay_Req	seq=1597 li=0 spid=3cc0c6fffefe02100001
194.881198904	3	02:00:00:00:00:01	gPTP Pdelay_Resp	seq=1597 li=127 spid=020000fffe0000010001
194.881206464	3	02:00:00:00:00:01	gPTP Pdelay_Resp_Follow_Up	seq=1597 li=127 spid=020000fffe0000010001
194.931156693	2	3c:c0:c6:fe:02:11	gPTP Sync	seq=56286 li=-3 spid=3cc0c6fffefe02100001
194.931872511	2	3c:c0:c6:fe:02:11	gPTP Follow_Up	seq=56286 li=-3 spid=3cc0c6fffefe02100001
194.951052652	2	3c:c0:c6:fe:02:11	MSRP	
194.951774853	3	02:00:00:00:00:01	MSRP	
195.061231270	2	3c:c0:c6:fe:02:11	gPTP Sync	seq=56287 li=-3 spid=3cc0c6fffefe02100001
195.061952464	2	3c:c0:c6:fe:02:11	gPTP Follow_Up	seq=56287 li=-3 spid=3cc0c6fffefe02100001
195.071132533	2	3c:c0:c6:fe:02:11	gPTP Announce	seq=64033 li=0 spid=3cc0c6fffefe02100001 gm=3cc0c6fffefe0210 p1=246 sr=0
195.181247184	2	3c:c0:c6:fe:02:11	gPTP Sync	seq=56288 li=-3 spid=3cc0c6fffefe02100001
195.181978385	2	3c:c0:c6:fe:02:11	gPTP Follow_Up	seq=56288 li=-3 spid=3cc0c6fffefe02100001
195.311249537	2	3c:c0:c6:fe:02:11	gPTP Sync	seq=56289 li=-3 spid=3cc0c6fffefe02100001
195.311983362	2	3c:c0:c6:fe:02:11	gPTP Follow_Up	seq=56289 li=-3 spid=3cc0c6fffefe02100001
195.351774712	3	02:00:00:00:00:01	MSRP	
195.431166850	2	3c:c0:c6:fe:02:11	gPTP Sync	seq=56290 li=-3 spid=3cc0c6fffefe02100001
195.431899276	2	3c:c0:c6:fe:02:11	gPTP Follow_Up	seq=56290 li=-3 spid=3cc0c6fffefe02100001
195.551777981	3	02:00:00:00:00:01	gPTP Pdelay_Req	seq=1506 li=0 spid=020000fffe0000010001
195.552546775	2	3c:c0:c6:fe:02:11	gPTP Pdelay_Resp	seq=1506 li=127 spid=3cc0c6fffefe02100001
195.553536569	2	3c:c0:c6:fe:02:11	gPTP Pdelay_Resp_Follow_Up	seq=1506 li=127 spid=3cc0c6fffefe02100001
195.570416313	2	3c:c0:c6:fe:02:11	gPTP Sync	seq=56291 li=-3 spid=3cc0c6fffefe02100001
195.570996514	2	3c:c0:c6:fe:02:11	gPTP Follow_Up	seq=56291 li=-3 spid=3cc0c6fffefe02100001
195.600707936	2	3c:c0:c6:fe:02:11	MVRP	
195.671776518	3	02:00:00:00:00:01	ADP	eid=020000fffe000001 gm=3cc0c6fffefe0210
195.681262141	2	3c:c0:c6:fe:02:11	gPTP Sync	seq=56292 li=-3 spid=3cc0c6fffefe02100001
195.682007134	2	3c:c0:c6:fe:02:11	gPTP Follow_Up	seq=56292 li=-3 spid=3cc0c6fffefe02100001
195.811286926	2	3c:c0:c6:fe:02:11	gPTP Sync	seq=56293 li=-3 spid=3cc0c6fffefe02100001
195.812020112	2	3c:c0:c6:fe:02:11	gPTP Follow_Up	seq=56293 li=-3 spid=3cc0c6fffefe02100001
195.881194842	2	3c:c0:c6:fe:02:11	gPTP Pdelay_Req	seq=1598 li=0 spid=3cc0c6fffefe02100001
195.881205842	3	02:00:00:00:00:01	gPTP Pdelay_Resp	seq=1598 li=127 spid=020000fffe0000010001
195.881213402	3	02:00:00:00:00:01	gPTP Pdelay_Resp_Follow_Up	seq=1598 li=127 spid=020000fffe0000010001
195.931164208	2	3c:c0:c6:fe:02:11	gPTP Sync	seq=56294 li=-3 spid=3cc0c6fffefe02100001
195.931880025	2	3c:c0:c6:fe:02:11	gPTP Follow_Up	seq=56294 li=-3 spid=3cc0c6fffefe02100001
195.940513878	2	3c:c0:c6:fe:02:11	ethertype 0x0027	
196.061244009	2	3c:c0:c6:fe:02:11	gPTP Sync	seq=56295 li=-3 spid=3cc0c6fffefe02100001
196.061972395	2	3c:c0:c6:fe:02:11	gPTP Follow_Up	seq=56295 li=-3 spid=3cc0c6fffefe02100001
196.081194136	2	3c:c0:c6:fe:02:11	gPTP Announce	seq=64034 li=0 spid=3cc0c6fffefe02100001 gm=3cc0c6fffefe0210 p1=246 sr=0
196.181234699	2	3c:c0:c6:fe:02:11	gPTP Sync	seq=56296 li=-3 spid=3cc0c6fffefe02100001
196.181969709	2	3c:c0:c6:fe:02:11	gPTP Follow_Up	seq=56296 li=-3 spid=3cc0c6fffefe02100001
196.311238653	2	3c:c0:c6:fe:02:11	gPTP Sync	seq=56297 li=-3 spid=3cc0c6fffefe02100001
196.311974078	2	3c:c0:c6:fe:02:11	gPTP Follow_Up	seq=56297 li=-3 spid=3cc0c6fffefe02100001
196.351777036	3	02:00:00:00:00:01	MSRP	
196.431175174	2	3c:c0:c6:fe:02:11	gPTP Sync	seq=56298 li=-3 spid=3cc0c6fffefe02100001
196.431910792	2	3c:c0:c6:fe:02:11	gPTP Follow_Up	seq=56298 li=-3 spid=3cc0c6fffefe02100001
196.521221034	2	3c:c0:c6:01:02:03	ADP	eid=3cc0c60102030000 gm=3cc0c6fffefe0210
196.551780298	3	02:00:00:00:00:01	gPTP Pdelay_Req	seq=1507 li=0 spid=020000fffe0000010001
196.552520883	2	3c:c0:c6:fe:02:11	gPTP Pdelay_Resp	seq=1507 li=127 spid=3cc0c6fffefe02100001
196.553511902	2	3c:c0:c6:fe:02:11	gPTP Pdelay_Resp_Follow_Up	seq=1507 li=127 spid=3cc0c6fffefe02100001
196.570420221	2	3c:c0:c6:fe:02:11	gPTP Sync	seq=56299 li=-3 spid=3cc0c6fffefe02100001
196.570999423	2	3c:c0:c6:fe:02:11	gPTP Follow_Up	seq=56299 li=-3 spid=3cc0c6fffefe02100001
196.600469852	2	3c:c0:c6:fe:02:11	MVRP	
196.681235866	2	3c:c0:c6:fe:02:11	gPTP Sync	seq=56300 li=-3 spid=3cc0c6fffefe02100001
196.681981444	2	3c:c0:c6:fe:02:11	gPTP Follow_Up	seq=56300 li=-3 spid=3cc0c6fffefe02100001
196.811303627	2	3c:c0:c6:fe:02:11	gPTP Sync	seq=56301 li=-3 spid=3cc0c6fffefe02100001
196.812036021	2	3c:c0:c6:fe:02:11	gPTP Follow_Up	seq=56301 li=-3 spid=3cc0c6fffefe02100001
196.881186559	2	3c:c0:c6:fe:02:11	gPTP Pdelay_Req	seq=1599 li=0 spid=3cc0c6fffefe02100001
196.881197543	3	02:00:00:00:00:01	gPTP Pdelay_Resp	seq=1599 li=127 spid=020000fffe0000010001
196.881205103	3	02:00:00:00:00:01	gPTP Pdelay_Resp_Follow_Up	seq=1599 li=127 spid=020000fffe0000010001
196.931168340	2	3c:c0:c6:fe:02:11	gPTP Sync	seq=56302 li=-3 spid=3cc0c6fffefe02100001
196.931886134	2	3c:c0:c6:fe:02:11	gPTP Follow_Up	seq=56302 li=-3 spid=3cc0c6fffefe02100001
196.940640603	2	3c:c0:c6:fe:02:10	ethertype 0x0800	
197.061250918	2	3c:c0:c6:fe:02:11	gPTP Sync	seq=56303 li=-3 spid=3cc0c6fffefe02100001
197.061983111	2	3c:c0:c6:fe:02:11	gPTP Follow_Up	seq=56303 li=-3 spid=3cc0c6fffefe02100001
197.091211940	2	3c:c0:c6:fe:02:11	gPTP Announce	seq=64035 li=0 spid=3cc0c6fffefe02100001 gm=3cc0c6fffefe0210 p1=246 sr=0
197.181216015	2	3c:c0:c6:fe:02:11	gPTP Sync	seq=56304 li=-3 spid=3cc0c6fffefe02100001
197.181944017	2	3c:c0:c6:fe:02:11	gPTP Follow_Up	seq=56304 li=-3 spid=3cc0c6fffefe02100001
197.311243392	2	3c:c0:c6:fe:02:11	gPTP Sync	seq=56305 li=-3 spid=3cc0c6fffefe02100001
197.311976802	2	3c:c0:c6:fe:02:11	gPTP Follow_Up	seq=56305 li=-3 spid=3cc0c6fffefe02100001
197.315776755	3	02:00:00:00:00:01	MAAP	
197.351779352	3	02:00:00:00:00:01	MSRP	
197.431183906	2	3c:c0:c6:fe:02:11	gPTP Sync	seq=56306 li=-3 spid=3cc0c6fffefe02100001
197.431917100	2	3c:c0:c6:fe:02:11	gPTP Follow_Up	seq=56306 li=-3 spid=3cc0c6fffefe02100001
197.551779789	3	02:00:00:00:00:01	MSRP	
197.551782613	3	02:00:00:00:00:01	gPTP Pdelay_Req	seq=1508 li=0 spid=020000fffe0000010001
197.552594007	2	3c:c0:c6:fe:02:11	gPTP Pdelay_Resp	seq=1508 li=127 spid=3cc0c6fffefe02100001
197.553581209	2	3c:c0:c6:fe:02:11	gPTP Pdelay_Resp_Follow_Up	seq=1508 li=127 spid=3cc0c6fffefe02100001
197.554540227	2	3c:c0:c6:fe:02:11	MSRP	
197.570432121	2	3c:c0:c6:fe:02:11	gPTP Sync	seq=56307 li=-3 spid=3cc0c6fffefe02100001
197.571064162	2	3c:c0:c6:fe:02:11	gPTP Follow_Up	seq=56307 li=-3 spid=3cc0c6fffefe02100001
197.600695584	2	3c:c0:c6:fe:02:11	MVRP	
197.651031926	2	3c:c0:c6:fe:02:11	MSRP	
197.681323389	2	3c:c0:c6:fe:02:11	gPTP Sync	seq=56308 li=-3 spid=3cc0c6fffefe02100001
197.682067391	2	3c:c0:c6:fe:02:11	gPTP Follow_Up	seq=56308 li=-3 spid=3cc0c6fffefe02100001
197.811303758	2	3c:c0:c6:fe:02:11	gPTP Sync	seq=56309 li=-3 spid=3cc0c6fffefe02100001
197.812037136	2	3c:c0:c6:fe:02:11	gPTP Follow_Up	seq=56309 li=-3 spid=3cc0c6fffefe02100001
197.881196282	2	3c:c0:c6:fe:02:11	gPTP Pdelay_Req	seq=1600 li=0 spid=3cc0c6fffefe02100001
197.881207282	3	02:00:00:00:00:01	gPTP Pdelay_Resp	seq=1600 li=127 spid=020000fffe0000010001
197.881214842	3	02:00:00:00:00:01	gPTP Pdelay_Resp_Follow_Up	seq=1600 li=127 spid=020000fffe0000010001
197.894962787	2	68:05:ca:95:b2:ed	AECP	
197.894995043	3	02:00:00:00:00:01	AECP	
197.895154179	2	68:05:ca:95:b2:ed	AECP	
197.895181955	3	02:00:00:00:00:01	AECP	
197.931175856	2	3c:c0:c6:fe:02:11	gPTP Sync	seq=56310 li=-3 spid=3cc0c6fffefe02100001
197.931892665	2	3c:c0:c6:fe:02:11	gPTP Follow_Up	seq=56310 li=-3 spid=3cc0c6fffefe02100001
197.940530326	2	3c:c0:c6:fe:02:11	ethertype 0x0027	
198.061284833	2	3c:c0:c6:fe:02:11	gPTP Sync	seq=56311 li=-3 spid=3cc0c6fffefe02100001
198.062013419	2	3c:c0:c6:fe:02:11	gPTP Follow_Up	seq=56311 li=-3 spid=3cc0c6fffefe02100001
198.101198927	2	3c:c0:c6:fe:02:11	gPTP Announce	seq=64036 li=0 spid=3cc0c6fffefe02100001 gm=3cc0c6fffefe0210 p1=246 sr=0
198.181224331	2	3c:c0:c6:fe:02:11	gPTP Sync	seq=56312 li=-3 spid=3cc0c6fffefe02100001
198.181952333	2	3c:c0:c6:fe:02:11	gPTP Follow_Up	seq=56312 li=-3 spid=3cc0c6fffefe02100001
198.311264509	2	3c:c0:c6:fe:02:11	gPTP Sync	seq=56313 li=-3 spid=3cc0c6fffefe02100001
198.311999519	2	3c:c0:c6:fe:02:11	gPTP Follow_Up	seq=56313 li=-3 spid=3cc0c6fffefe02100001
198.351781668	3	02:00:00:00:00:01	MSRP	
198.431194815	2	3c:c0:c6:fe:02:11	gPTP Sync	seq=56314 li=-3 spid=3cc0c6fffefe02100001
198.431929224	2	3c:c0:c6:fe:02:11	gPTP Follow_Up	seq=56314 li=-3 spid=3cc0c6fffefe02100001
198.551784938	3	02:00:00:00:00:01	gPTP Pdelay_Req	seq=1509 li=0 spid=020000fffe0000010001
198.552544340	2	3c:c0:c6:fe:02:11	gPTP Pdelay_Resp	seq=1509 li=127 spid=3cc0c6fffefe02100001
198.553531926	2	3c:c0:c6:fe:02:11	gPTP Pdelay_Resp_Follow_Up	seq=1509 li=127 spid=3cc0c6fffefe02100001
198.570438262	2	3c:c0:c6:fe:02:11	gPTP Sync	seq=56315 li=-3 spid=3cc0c6fffefe02100001
198.571018463	2	3c:c0:c6:fe:02:11	gPTP Follow_Up	seq=56315 li=-3 spid=3cc0c6fffefe02100001
198.600555101	2	3c:c0:c6:fe:02:11	MVRP	
198.681245306	2	3c:c0:c6:fe:02:11	gPTP Sync	seq=56316 li=-3 spid=3cc0c6fffefe02100001
198.681990876	2	3c:c0:c6:fe:02:11	gPTP Follow_Up	seq=56316 li=-3 spid=3cc0c6fffefe02100001
198.811310476	2	3c:c0:c6:fe:02:11	gPTP Sync	seq=56317 li=-3 spid=3cc0c6fffefe02100001
198.812040654	2	3c:c0:c6:fe:02:11	gPTP Follow_Up	seq=56317 li=-3 spid=3cc0c6fffefe02100001
198.881217400	2	3c:c0:c6:fe:02:11	gPTP Pdelay_Req	seq=1601 li=0 spid=3cc0c6fffefe02100001
198.881228384	3	02:00:00:00:00:01	gPTP Pdelay_Resp	seq=1601 li=127 spid=020000fffe0000010001
198.881235944	3	02:00:00:00:00:01	gPTP Pdelay_Resp_Follow_Up	seq=1601 li=127 spid=020000fffe0000010001
198.931189550	2	3c:c0:c6:fe:02:11	gPTP Sync	seq=56318 li=-3 spid=3cc0c6fffefe02100001
198.931906391	2	3c:c0:c6:fe:02:11	gPTP Follow_Up	seq=56318 li=-3 spid=3cc0c6fffefe02100001
199.061263752	2	3c:c0:c6:fe:02:11	gPTP Sync	seq=56319 li=-3 spid=3cc0c6fffefe02100001
199.061995561	2	3c:c0:c6:fe:02:11	gPTP Follow_Up	seq=56319 li=-3 spid=3cc0c6fffefe02100001
199.111210525	2	3c:c0:c6:fe:02:11	gPTP Announce	seq=64037 li=0 spid=3cc0c6fffefe02100001 gm=3cc0c6fffefe0210 p1=246 sr=0
199.181256650	2	3c:c0:c6:fe:02:11	gPTP Sync	seq=56320 li=-3 spid=3cc0c6fffefe02100001
199.181987476	2	3c:c0:c6:fe:02:11	gPTP Follow_Up	seq=56320 li=-3 spid=3cc0c6fffefe02100001
199.311287836	2	3c:c0:c6:fe:02:11	gPTP Sync	seq=56321 li=-3 spid=3cc0c6fffefe02100001
199.312020645	2	3c:c0:c6:fe:02:11	gPTP Follow_Up	seq=56321 li=-3 spid=3cc0c6fffefe02100001
199.351784003	3	02:00:00:00:00:01	MSRP	
199.431197734	2	3c:c0:c6:fe:02:11	gPTP Sync	seq=56322 li=-3 spid=3cc0c6fffefe02100001
199.431932135	2	3c:c0:c6:fe:02:11	gPTP Follow_Up	seq=56322 li=-3 spid=3cc0c6fffefe02100001
199.551787273	3	02:00:00:00:00:01	gPTP Pdelay_Req	seq=1510 li=0 spid=020000fffe0000010001
199.552593043	2	3c:c0:c6:fe:02:11	gPTP Pdelay_Resp	seq=1510 li=127 spid=3cc0c6fffefe02100001
199.553580861	2	3c:c0:c6:fe:02:11	gPTP Pdelay_Resp_Follow_Up	seq=1510 li=127 spid=3cc0c6fffefe02100001
199.570443965	2	3c:c0:c6:fe:02:11	gPTP Sync	seq=56323 li=-3 spid=3cc0c6fffefe02100001
199.571022590	2	3c:c0:c6:fe:02:11	gPTP Follow_Up	seq=56323 li=-3 spid=3cc0c6fffefe02100001
199.600721820	2	3c:c0:c6:fe:02:11	MVRP	
199.681262618	2	3c:c0:c6:fe:02:11	gPTP Sync	seq=56324 li=-3 spid=3cc0c6fffefe02100001
199.682004003	2	3c:c0:c6:fe:02:11	gPTP Follow_Up	seq=56324 li=-3 spid=3cc0c6fffefe02100001
199.811336403	2	3c:c0:c6:fe:02:11	gPTP Sync	seq=56325 li=-3 spid=3cc0c6fffefe02100001
199.812071413	2	3c:c0:c6:fe:02:11	gPTP Follow_Up	seq=56325 li=-3 spid=3cc0c6fffefe02100001
199.881218719	2	3c:c0:c6:fe:02:11	gPTP Pdelay_Req	seq=1602 li=0 spid=3cc0c6fffefe02100001
199.881229711	3	02:00:00:00:00:01	gPTP Pdelay_Resp	seq=1602 li=127 spid=020000fffe0000010001
199.881237271	3	02:00:00:00:00:01	gPTP Pdelay_Resp_Follow_Up	seq=1602 li=127 spid=020000fffe0000010001
199.931192501	2	3c:c0:c6:fe:02:11	gPTP Sync	seq=56326 li=-3 spid=3cc0c6fffefe02100001
199.931910902	2	3c:c0:c6:fe:02:11	gPTP Follow_Up	seq=56326 li=-3 spid=3cc0c6fffefe02100001
199.940545946	2	3c:c0:c6:fe:02:11	ethertype 0x0027	
200.061274886	2	3c:c0:c6:fe:02:11	gPTP Sync	seq=56327 li=-3 spid=3cc0c6fffefe02100001
200.062003880	2	3c:c0:c6:fe:02:11	gPTP Follow_Up	seq=56327 li=-3 spid=3cc0c6fffefe02100001
200.121216907	2	3c:c0:c6:fe:02:11	gPTP Announce	seq=64038 li=0 spid=3cc0c6fffefe02100001 gm=3cc0c6fffefe0210 p1=246 sr=0
200.181237383	2	3c:c0:c6:fe:02:11	gPTP Sync	seq=56328 li=-3 spid=3cc0c6fffefe02100001
200.181969585	2	3c:c0:c6:fe:02:11	gPTP Follow_Up	seq=56328 li=-3 spid=3cc0c6fffefe02100001
200.311294553	2	3c:c0:c6:fe:02:11	gPTP Sync	seq=56329 li=-3 spid=3cc0c6fffefe02100001
200.312026371	2	3c:c0:c6:fe:02:11	gPTP Follow_Up	seq=56329 li=-3 spid=3cc0c6fffefe02100001
200.351786320	3	02:00:00:00:00:01	MSRP	
200.431208258	2	3c:c0:c6:fe:02:11	gPTP Sync	seq=56330 li=-3 spid=3cc0c6fffefe02100001
200.431942660	2	3c:c0:c6:fe:02:11	gPTP Follow_Up	seq=56330 li=-3 spid=3cc0c6fffefe02100001
200.551789573	3	02:00:00:00:00:01	gPTP Pdelay_Req	seq=1511 li=0 spid=020000fffe0000010001
200.552556175	2	3c:c0:c6:fe:02:11	gPTP Pdelay_Resp	seq=1511 li=127 spid=3cc0c6fffefe02100001
200.553541753	2	3c:c0:c6:fe:02:11	gPTP Pdelay_Resp_Follow_Up	seq=1511 li=127 spid=3cc0c6fffefe02100001
200.570450105	2	3c:c0:c6:fe:02:11	gPTP Sync	seq=56331 li=-3 spid=3cc0c6fffefe02100001
200.571027098	2	3c:c0:c6:fe:02:11	gPTP Follow_Up	seq=56331 li=-3 spid=3cc0c6fffefe02100001
200.600555128	2	3c:c0:c6:fe:02:11	MVRP	
200.681287925	2	3c:c0:c6:fe:02:11	gPTP Sync	seq=56332 li=-3 spid=3cc0c6fffefe02100001
200.682037343	2	3c:c0:c6:fe:02:11	gPTP Follow_Up	seq=56332 li=-3 spid=3cc0c6fffefe02100001
200.811346311	2	3c:c0:c6:fe:02:11	gPTP Sync	seq=56333 li=-3 spid=3cc0c6fffefe02100001
200.812079121	2	3c:c0:c6:fe:02:11	gPTP Follow_Up	seq=56333 li=-3 spid=3cc0c6fffefe02100001
200.881226643	2	3c:c0:c6:fe:02:11	gPTP Pdelay_Req	seq=1603 li=0 spid=3cc0c6fffefe02100001
200.881237635	3	02:00:00:00:00:01	gPTP Pdelay_Resp	seq=1603 li=127 spid=020000fffe0000010001
200.881245195	3	02:00:00:00:00:01	gPTP Pdelay_Resp_Follow_Up	seq=1603 li=127 spid=020000fffe0000010001
200.931195408	2	3c:c0:c6:fe:02:11	gPTP Sync	seq=56334 li=-3 spid=3cc0c6fffefe02100001
200.931909010	2	3c:c0:c6:fe:02:11	gPTP Follow_Up	seq=56334 li=-3 spid=3cc0c6fffefe02100001
200.979785251	3	02:00:00:00:00:01	MAAP	
201.061288994	2	3c:c0:c6:fe:02:11	gPTP Sync	seq=56335 li=-3 spid=3cc0c6fffefe02100001
201.062020804	2	3c:c0:c6:fe:02:11	gPTP Follow_Up	seq=56335 li=-3 spid=3cc0c6fffefe02100001
201.131230511	2	3c:c0:c6:fe:02:11	gPTP Announce	seq=64039 li=0 spid=3cc0c6fffefe02100001 gm=3cc0c6fffefe0210 p1=246 sr=0
201.181284484	2	3c:c0:c6:fe:02:11	gPTP Sync	seq=56336 li=-3 spid=3cc0c6fffefe02100001
201.182013710	2	3c:c0:c6:fe:02:11	gPTP Follow_Up	seq=56336 li=-3 spid=3cc0c6fffefe02100001
201.240618152	2	3c:c0:c6:fe:02:11	MVRP	
201.311316246	2	3c:c0:c6:fe:02:11	gPTP Sync	seq=56337 li=-3 spid=3cc0c6fffefe02100001
201.312048480	2	3c:c0:c6:fe:02:11	gPTP Follow_Up	seq=56337 li=-3 spid=3cc0c6fffefe02100001
201.351788629	3	02:00:00:00:00:01	MSRP	
201.431215584	2	3c:c0:c6:fe:02:11	gPTP Sync	seq=56338 li=-3 spid=3cc0c6fffefe02100001
201.431949377	2	3c:c0:c6:fe:02:11	gPTP Follow_Up	seq=56338 li=-3 spid=3cc0c6fffefe02100001
201.551791907	3	02:00:00:00:00:01	gPTP Pdelay_Req	seq=1512 li=0 spid=020000fffe0000010001
201.552558477	2	3c:c0:c6:fe:02:11	gPTP Pdelay_Resp	seq=1512 li=127 spid=3cc0c6fffefe02100001
201.553543095	2	3c:c0:c6:fe:02:11	gPTP Pdelay_Resp_Follow_Up	seq=1512 li=127 spid=3cc0c6fffefe02100001
201.570458423	2	3c:c0:c6:fe:02:11	gPTP Sync	seq=56339 li=-3 spid=3cc0c6fffefe02100001
201.571037016	2	3c:c0:c6:fe:02:11	gPTP Follow_Up	seq=56339 li=-3 spid=3cc0c6fffefe02100001
201.600756438	2	3c:c0:c6:fe:02:11	MVRP	
201.630197875	2	3c:c0:c6:01:02:03	ADP	eid=3cc0c60102030000 gm=3cc0c6fffefe0210
201.681286643	2	3c:c0:c6:fe:02:11	gPTP Sync	seq=56340 li=-3 spid=3cc0c6fffefe02100001
201.682030237	2	3c:c0:c6:fe:02:11	gPTP Follow_Up	seq=56340 li=-3 spid=3cc0c6fffefe02100001
201.811350821	2	3c:c0:c6:fe:02:11	gPTP Sync	seq=56341 li=-3 spid=3cc0c6fffefe02100001
201.812081039	2	3c:c0:c6:fe:02:11	gPTP Follow_Up	seq=56341 li=-3 spid=3cc0c6fffefe02100001
201.881245562	2	3c:c0:c6:fe:02:11	gPTP Pdelay_Req	seq=1604 li=0 spid=3cc0c6fffefe02100001
201.881256554	3	02:00:00:00:00:01	gPTP Pdelay_Resp	seq=1604 li=127 spid=020000fffe0000010001
201.881264114	3	02:00:00:00:00:01	gPTP Pdelay_Resp_Follow_Up	seq=1604 li=127 spid=020000fffe0000010001
201.931205935	2	3c:c0:c6:fe:02:11	gPTP Sync	seq=56342 li=-3 spid=3cc0c6fffefe02100001
201.931920529	2	3c:c0:c6:fe:02:11	gPTP Follow_Up	seq=56342 li=-3 spid=3cc0c6fffefe02100001
201.940559797	2	3c:c0:c6:fe:02:11	ethertype 0x0027	
202.061315521	2	3c:c0:c6:fe:02:11	gPTP Sync	seq=56343 li=-3 spid=3cc0c6fffefe02100001
202.062050307	2	3c:c0:c6:fe:02:11	gPTP Follow_Up	seq=56343 li=-3 spid=3cc0c6fffefe02100001
202.131443630	2	3c:c0:c6:fe:02:11	gPTP Announce	seq=64040 li=0 spid=3cc0c6fffefe02100001 gm=3cc0c6fffefe0210 p1=246 sr=0
202.156961426	2	3c:c0:c6:01:02:03	MAAP	
202.181312611	2	3c:c0:c6:fe:02:11	gPTP Sync	seq=56344 li=-3 spid=3cc0c6fffefe02100001
202.182045421	2	3c:c0:c6:fe:02:11	gPTP Follow_Up	seq=56344 li=-3 spid=3cc0c6fffefe02100001
202.311287797	2	3c:c0:c6:fe:02:11	gPTP Sync	seq=56345 li=-3 spid=3cc0c6fffefe02100001
202.312021598	2	3c:c0:c6:fe:02:11	gPTP Follow_Up	seq=56345 li=-3 spid=3cc0c6fffefe02100001
202.351790964	3	02:00:00:00:00:01	MSRP	
202.431222687	2	3c:c0:c6:fe:02:11	gPTP Sync	seq=56346 li=-3 spid=3cc0c6fffefe02100001
202.431955488	2	3c:c0:c6:fe:02:11	gPTP Follow_Up	seq=56346 li=-3 spid=3cc0c6fffefe02100001
202.551794234	3	02:00:00:00:00:01	gPTP Pdelay_Req	seq=1513 li=0 spid=020000fffe0000010001
202.552569996	2	3c:c0:c6:fe:02:11	gPTP Pdelay_Resp	seq=1513 li=127 spid=3cc0c6fffefe02100001
202.553560022	2	3c:c0:c6:fe:02:11	gPTP Pdelay_Resp_Follow_Up	seq=1513 li=127 spid=3cc0c6fffefe02100001
202.570467350	2	3c:c0:c6:fe:02:11	gPTP Sync	seq=56347 li=-3 spid=3cc0c6fffefe02100001
202.571044343	2	3c:c0:c6:fe:02:11	gPTP Follow_Up	seq=56347 li=-3 spid=3cc0c6fffefe02100001
202.600567957	2	3c:c0:c6:fe:02:11	MVRP	
202.681275763	2	3c:c0:c6:fe:02:11	gPTP Sync	seq=56348 li=-3 spid=3cc0c6fffefe02100001
202.682024156	2	3c:c0:c6:fe:02:11	gPTP Follow_Up	seq=56348 li=-3 spid=3cc0c6fffefe02100001
202.811343148	2	3c:c0:c6:fe:02:11	gPTP Sync	seq=56349 li=-3 spid=3cc0c6fffefe02100001
202.812074350	2	3c:c0:c6:fe:02:11	gPTP Follow_Up	seq=56349 li=-3 spid=3cc0c6fffefe02100001
202.881238873	2	3c:c0:c6:fe:02:11	gPTP Pdelay_Req	seq=1605 li=0 spid=3cc0c6fffefe02100001
202.881249873	3	02:00:00:00:00:01	gPTP Pdelay_Resp	seq=1605 li=127 spid=020000fffe0000010001
202.881257433	3	02:00:00:00:00:01	gPTP Pdelay_Resp_Follow_Up	seq=1605 li=127 spid=020000fffe0000010001
202.895277378	2	68:05:ca:95:b2:ed	AECP	
202.895309050	3	02:00:00:00:00:01	AECP	
202.895529186	2	68:05:ca:95:b2:ed	AECP	
202.895557435	3	02:00:00:00:00:01	AECP	
202.931209454	2	3c:c0:c6:fe:02:11	gPTP Sync	seq=56350 li=-3 spid=3cc0c6fffefe02100001
202.931924656	2	3c:c0:c6:fe:02:11	gPTP Follow_Up	seq=56350 li=-3 spid=3cc0c6fffefe02100001
203.061297632	2	3c:c0:c6:fe:02:11	gPTP Sync	seq=56351 li=-3 spid=3cc0c6fffefe02100001
203.062026626	2	3c:c0:c6:fe:02:11	gPTP Follow_Up	seq=56351 li=-3 spid=3cc0c6fffefe02100001
203.131458957	2	3c:c0:c6:fe:02:11	gPTP Announce	seq=64041 li=0 spid=3cc0c6fffefe02100001 gm=3cc0c6fffefe0210 p1=246 sr=0
203.181294347	2	3c:c0:c6:fe:02:11	gPTP Sync	seq=56352 li=-3 spid=3cc0c6fffefe02100001
203.182022732	2	3c:c0:c6:fe:02:11	gPTP Follow_Up	seq=56352 li=-3 spid=3cc0c6fffefe02100001
203.311290108	2	3c:c0:c6:fe:02:11	gPTP Sync	seq=56353 li=-3 spid=3cc0c6fffefe02100001
203.312024510	2	3c:c0:c6:fe:02:11	gPTP Follow_Up	seq=56353 li=-3 spid=3cc0c6fffefe02100001
203.351793292	3	02:00:00:00:00:01	MSRP	
203.431230015	2	3c:c0:c6:fe:02:11	gPTP Sync	seq=56354 li=-3 spid=3cc0c6fffefe02100001
203.431967616	2	3c:c0:c6:fe:02:11	gPTP Follow_Up	seq=56354 li=-3 spid=3cc0c6fffefe02100001
203.462794609	3	02:00:00:00:00:01	ADP	eid=020000fffe000001 gm=3cc0c6fffefe0210
203.551796554	3	02:00:00:00:00:01	gPTP Pdelay_Req	seq=1514 li=0 spid=020000fffe0000010001
203.552558700	2	3c:c0:c6:fe:02:11	gPTP Pdelay_Resp	seq=1514 li=127 spid=3cc0c6fffefe02100001
203.553545942	2	3c:c0:c6:fe:02:11	gPTP Pdelay_Resp_Follow_Up	seq=1514 li=127 spid=3cc0c6fffefe02100001
203.570472438	2	3c:c0:c6:fe:02:11	gPTP Sync	seq=56355 li=-3 spid=3cc0c6fffefe02100001
203.571052055	2	3c:c0:c6:fe:02:11	gPTP Follow_Up	seq=56355 li=-3 spid=3cc0c6fffefe02100001
203.600761493	2	3c:c0:c6:fe:02:11	MVRP	
203.681313491	2	3c:c0:c6:fe:02:11	gPTP Sync	seq=56356 li=-3 spid=3cc0c6fffefe02100001
203.682058109	2	3c:c0:c6:fe:02:11	gPTP Follow_Up	seq=56356 li=-3 spid=3cc0c6fffefe02100001
203.811350469	2	3c:c0:c6:fe:02:11	gPTP Sync	seq=56357 li=-3 spid=3cc0c6fffefe02100001
203.812083279	2	3c:c0:c6:fe:02:11	gPTP Follow_Up	seq=56357 li=-3 spid=3cc0c6fffefe02100001
203.881247802	2	3c:c0:c6:fe:02:11	gPTP Pdelay_Req	seq=1606 li=0 spid=3cc0c6fffefe02100001
203.881258786	3	02:00:00:00:00:01	gPTP Pdelay_Resp	seq=1606 li=127 spid=020000fffe0000010001
203.881266346	3	02:00:00:00:00:01	gPTP Pdelay_Resp_Follow_Up	seq=1606 li=127 spid=020000fffe0000010001
203.931218768	2	3c:c0:c6:fe:02:11	gPTP Sync	seq=56358 li=-3 spid=3cc0c6fffefe02100001
203.931933969	2	3c:c0:c6:fe:02:11	gPTP Follow_Up	seq=56358 li=-3 spid=3cc0c6fffefe02100001
203.940577654	2	3c:c0:c6:fe:02:11	ethertype 0x0027	
204.061303362	2	3c:c0:c6:fe:02:11	gPTP Sync	seq=56359 li=-3 spid=3cc0c6fffefe02100001
204.062031364	2	3c:c0:c6:fe:02:11	gPTP Follow_Up	seq=56359 li=-3 spid=3cc0c6fffefe02100001
204.131458288	2	3c:c0:c6:fe:02:11	gPTP Announce	seq=64042 li=0 spid=3cc0c6fffefe02100001 gm=3cc0c6fffefe0210 p1=246 sr=0
204.181307845	2	3c:c0:c6:fe:02:11	gPTP Sync	seq=56360 li=-3 spid=3cc0c6fffefe02100001
204.182037455	2	3c:c0:c6:fe:02:11	gPTP Follow_Up	seq=56360 li=-3 spid=3cc0c6fffefe02100001
204.311372024	2	3c:c0:c6:fe:02:11	gPTP Sync	seq=56361 li=-3 spid=3cc0c6fffefe02100001
204.312102241	2	3c:c0:c6:fe:02:11	gPTP Follow_Up	seq=56361 li=-3 spid=3cc0c6fffefe02100001
204.351795623	3	02:00:00:00:00:01	MSRP	
204.431230338	2	3c:c0:c6:fe:02:11	gPTP Sync	seq=56362 li=-3 spid=3cc0c6fffefe02100001
204.431962148	2	3c:c0:c6:fe:02:11	gPTP Follow_Up	seq=56362 li=-3 spid=3cc0c6fffefe02100001
204.551798878	3	02:00:00:00:00:01	gPTP Pdelay_Req	seq=1515 li=0 spid=020000fffe0000010001
204.552565840	2	3c:c0:c6:fe:02:11	gPTP Pdelay_Resp	seq=1515 li=127 spid=3cc0c6fffefe02100001
204.553552667	2	3c:c0:c6:fe:02:11	gPTP Pdelay_Resp_Follow_Up	seq=1515 li=127 spid=3cc0c6fffefe02100001
204.570484378	2	3c:c0:c6:fe:02:11	gPTP Sync	seq=56363 li=-3 spid=3cc0c6fffefe02100001
204.571061980	2	3c:c0:c6:fe:02:11	gPTP Follow_Up	seq=56363 li=-3 spid=3cc0c6fffefe02100001
204.600597017	2	3c:c0:c6:fe:02:11	MVRP	
204.681295224	2	3c:c0:c6:fe:02:11	gPTP Sync	seq=56364 li=-3 spid=3cc0c6fffefe02100001
204.682040801	2	3c:c0:c6:fe:02:11	gPTP Follow_Up	seq=56364 li=-3 spid=3cc0c6fffefe02100001
204.811360394	2	3c:c0:c6:fe:02:11	gPTP Sync	seq=56365 li=-3 spid=3cc0c6fffefe02100001
204.812092596	2	3c:c0:c6:fe:02:11	gPTP Follow_Up	seq=56365 li=-3 spid=3cc0c6fffefe02100001
204.881272119	2	3c:c0:c6:fe:02:11	gPTP Pdelay_Req	seq=1607 li=0 spid=3cc0c6fffefe02100001
204.881283111	3	02:00:00:00:00:01	gPTP Pdelay_Resp	seq=1607 li=127 spid=020000fffe0000010001
204.881290671	3	02:00:00:00:00:01	gPTP Pdelay_Resp_Follow_Up	seq=1607 li=127 spid=020000fffe0000010001
204.931236308	2	3c:c0:c6:fe:02:11	gPTP Sync	seq=56366 li=-3 spid=3cc0c6fffefe02100001
204.931954102	2	3c:c0:c6:fe:02:11	gPTP Follow_Up	seq=56366 li=-3 spid=3cc0c6fffefe02100001
205.061311687	2	3c:c0:c6:fe:02:11	gPTP Sync	seq=56367 li=-3 spid=3cc0c6fffefe02100001
205.062042856	2	3c:c0:c6:fe:02:11	gPTP Follow_Up	seq=56367 li=-3 spid=3cc0c6fffefe02100001
205.131468596	2	3c:c0:c6:fe:02:11	gPTP Announce	seq=64043 li=0 spid=3cc0c6fffefe02100001 gm=3cc0c6fffefe0210 p1=246 sr=0
205.181342953	2	3c:c0:c6:fe:02:11	gPTP Sync	seq=56368 li=-3 spid=3cc0c6fffefe02100001
205.182072563	2	3c:c0:c6:fe:02:11	gPTP Follow_Up	seq=56368 li=-3 spid=3cc0c6fffefe02100001
205.311304155	2	3c:c0:c6:fe:02:11	gPTP Sync	seq=56369 li=-3 spid=3cc0c6fffefe02100001
205.312041157	2	3c:c0:c6:fe:02:11	gPTP Follow_Up	seq=56369 li=-3 spid=3cc0c6fffefe02100001
205.351797931	3	02:00:00:00:00:01	MSRP	
205.431258470	2	3c:c0:c6:fe:02:11	gPTP Sync	seq=56370 li=-3 spid=3cc0c6fffefe02100001
205.431991656	2	3c:c0:c6:fe:02:11	gPTP Follow_Up	seq=56370 li=-3 spid=3cc0c6fffefe02100001
205.551801202	3	02:00:00:00:00:01	gPTP Pdelay_Req	seq=1516 li=0 spid=020000fffe0000010001
205.552569364	2	3c:c0:c6:fe:02:11	gPTP Pdelay_Resp	seq=1516 li=127 spid=3cc0c6fffefe02100001
205.553559774	2	3c:c0:c6:fe:02:11	gPTP Pdelay_Resp_Follow_Up	seq=1516 li=127 spid=3cc0c6fffefe02100001
205.570486302	2	3c:c0:c6:fe:02:11	gPTP Sync	seq=56371 li=-3 spid=3cc0c6fffefe02100001
205.571063519	2	3c:c0:c6:fe:02:11	gPTP Follow_Up	seq=56371 li=-3 spid=3cc0c6fffefe02100001
205.600768925	2	3c:c0:c6:fe:02:11	MVRP	
205.681300315	2	3c:c0:c6:fe:02:11	gPTP Sync	seq=56372 li=-3 spid=3cc0c6fffefe02100001
205.682043749	2	3c:c0:c6:fe:02:11	gPTP Follow_Up	seq=56372 li=-3 spid=3cc0c6fffefe02100001
205.811368717	2	3c:c0:c6:fe:02:11	gPTP Sync	seq=56373 li=-3 spid=3cc0c6fffefe02100001
205.812098903	2	3c:c0:c6:fe:02:11	gPTP Follow_Up	seq=56373 li=-3 spid=3cc0c6fffefe02100001
205.857796594	3	02:00:00:00:00:01	MAAP	
205.881263842	2	3c:c0:c6:fe:02:11	gPTP Pdelay_Req	seq=1608 li=0 spid=3cc0c6fffefe02100001
205.881274826	3	02:00:00:00:00:01	gPTP Pdelay_Resp	seq=1608 li=127 spid=020000fffe0000010001
205.881282386	3	02:00:00:00:00:01	gPTP Pdelay_Resp_Follow_Up	seq=1608 li=127 spid=020000fffe0000010001
205.931234423	2	3c:c0:c6:fe:02:11	gPTP Sync	seq=56374 li=-3 spid=3cc0c6fffefe02100001
205.931950233	2	3c:c0:c6:fe:02:11	gPTP Follow_Up	seq=56374 li=-3 spid=3cc0c6fffefe02100001
205.940593085	2	3c:c0:c6:fe:02:11	ethertype 0x0027	
206.061345001	2	3c:c0:c6:fe:02:11	gPTP Sync	seq=56375 li=-3 spid=3cc0c6fffefe02100001
206.062075187	2	3c:c0:c6:fe:02:11	gPTP Follow_Up	seq=56375 li=-3 spid=3cc0c6fffefe02100001
206.131483319	2	3c:c0:c6:fe:02:11	gPTP Announce	seq=64044 li=0 spid=3cc0c6fffefe02100001 gm=3cc0c6fffefe0210 p1=246 sr=0
206.181320308	2	3c:c0:c6:fe:02:11	gPTP Sync	seq=56376 li=-3 spid=3cc0c6fffefe02100001
206.182053718	2	3c:c0:c6:fe:02:11	gPTP Follow_Up	seq=56376 li=-3 spid=3cc0c6fffefe02100001
206.311309286	2	3c:c0:c6:fe:02:11	gPTP Sync	seq=56377 li=-3 spid=3cc0c6fffefe02100001
206.312043688	2	3c:c0:c6:fe:02:11	gPTP Follow_Up	seq=56377 li=-3 spid=3cc0c6fffefe02100001
206.351800269	3	02:00:00:00:00:01	MSRP	
206.431280584	2	3c:c0:c6:fe:02:11	gPTP Sync	seq=56378 li=-3 spid=3cc0c6fffefe02100001
206.432014386	2	3c:c0:c6:fe:02:11	gPTP Follow_Up	seq=56378 li=-3 spid=3cc0c6fffefe02100001
206.551803540	3	02:00:00:00:00:01	gPTP Pdelay_Req	seq=1517 li=0 spid=020000fffe0000010001
206.552564470	2	3c:c0:c6:fe:02:11	gPTP Pdelay_Resp	seq=1517 li=127 spid=3cc0c6fffefe02100001
206.553552096	2	3c:c0:c6:fe:02:11	gPTP Pdelay_Resp_Follow_Up	seq=1517 li=127 spid=3cc0c6fffefe02100001
206.570494240	2	3c:c0:c6:fe:02:11	gPTP Sync	seq=56379 li=-3 spid=3cc0c6fffefe02100001
206.571070625	2	3c:c0:c6:fe:02:11	gPTP Follow_Up	seq=56379 li=-3 spid=3cc0c6fffefe02100001
206.593896815	2	68:05:ca:95:b2:ed	ethertype 0x86dd	
206.600545247	2	3c:c0:c6:fe:02:11	MVRP	
206.681342245	2	3c:c0:c6:fe:02:11	gPTP Sync	seq=56380 li=-3 spid=3cc0c6fffefe02100001
206.682086663	2	3c:c0:c6:fe:02:11	gPTP Follow_Up	seq=56380 li=-3 spid=3cc0c6fffefe02100001
206.811368023	2	3c:c0:c6:fe:02:11	gPTP Sync	seq=56381 li=-3 spid=3cc0c6fffefe02100001
206.812099640	2	3c:c0:c6:fe:02:11	gPTP Follow_Up	seq=56381 li=-3 spid=3cc0c6fffefe02100001
206.881264163	2	3c:c0:c6:fe:02:11	gPTP Pdelay_Req	seq=1609 li=0 spid=3cc0c6fffefe02100001
206.881275163	3	02:00:00:00:00:01	gPTP Pdelay_Resp	seq=1609 li=127 spid=020000fffe0000010001
206.881282723	3	02:00:00:00:00:01	gPTP Pdelay_Resp_Follow_Up	seq=1609 li=127 spid=020000fffe0000010001
206.931284920	2	3c:c0:c6:fe:02:11	gPTP Sync	seq=56382 li=-3 spid=3cc0c6fffefe02100001
206.932006562	2	3c:c0:c6:fe:02:11	gPTP Follow_Up	seq=56382 li=-3 spid=3cc0c6fffefe02100001
207.061325098	2	3c:c0:c6:fe:02:11	gPTP Sync	seq=56383 li=-3 spid=3cc0c6fffefe02100001
207.062057331	2	3c:c0:c6:fe:02:11	gPTP Follow_Up	seq=56383 li=-3 spid=3cc0c6fffefe02100001
207.131475646	2	3c:c0:c6:fe:02:11	gPTP Announce	seq=64045 li=0 spid=3cc0c6fffefe02100001 gm=3cc0c6fffefe0210 p1=246 sr=0
207.181329235	2	3c:c0:c6:fe:02:11	gPTP Sync	seq=56384 li=-3 spid=3cc0c6fffefe02100001
207.182057621	2	3c:c0:c6:fe:02:11	gPTP Follow_Up	seq=56384 li=-3 spid=3cc0c6fffefe02100001
207.311331397	2	3c:c0:c6:fe:02:11	gPTP Sync	seq=56385 li=-3 spid=3cc0c6fffefe02100001
207.312062182	2	3c:c0:c6:fe:02:11	gPTP Follow_Up	seq=56385 li=-3 spid=3cc0c6fffefe02100001
207.351802588	3	02:00:00:00:00:01	MSRP	
207.431288294	2	3c:c0:c6:fe:02:11	gPTP Sync	seq=56386 li=-3 spid=3cc0c6fffefe02100001
207.432021104	2	3c:c0:c6:fe:02:11	gPTP Follow_Up	seq=56386 li=-3 spid=3cc0c6fffefe02100001
207.551108208	2	3c:c0:c6:fe:02:11	MSRP	
207.551804105	3	02:00:00:00:00:01	MSRP	
207.551805849	3	02:00:00:00:00:01	gPTP Pdelay_Req	seq=1518 li=0 spid=020000fffe0000010001
207.552638011	2	3c:c0:c6:fe:02:11	gPTP Pdelay_Resp	seq=1518 li=127 spid=3cc0c6fffefe02100001
207.553624222	2	3c:c0:c6:fe:02:11	gPTP Pdelay_Resp_Follow_Up	seq=1518 li=127 spid=3cc0c6fffefe02100001
207.570515549	2	3c:c0:c6:fe:02:11	gPTP Sync	seq=56387 li=-3 spid=3cc0c6fffefe02100001
207.571115559	2	3c:c0:c6:fe:02:11	gPTP Follow_Up	seq=56387 li=-3 spid=3cc0c6fffefe02100001
207.600789157	2	3c:c0:c6:fe:02:11	MVRP	
207.681354978	2	3c:c0:c6:fe:02:11	gPTP Sync	seq=56388 li=-3 spid=3cc0c6fffefe02100001
207.682102795	2	3c:c0:c6:fe:02:11	gPTP Follow_Up	seq=56388 li=-3 spid=3cc0c6fffefe02100001
207.811380755	2	3c:c0:c6:fe:02:11	gPTP Sync	seq=56389 li=-3 spid=3cc0c6fffefe02100001
207.812111581	2	3c:c0:c6:fe:02:11	gPTP Follow_Up	seq=56389 li=-3 spid=3cc0c6fffefe02100001
207.881284479	2	3c:c0:c6:fe:02:11	gPTP Pdelay_Req	seq=1610 li=0 spid=3cc0c6fffefe02100001
207.881295471	3	02:00:00:00:00:01	gPTP Pdelay_Resp	seq=1610 li=127 spid=020000fffe0000010001
207.881303032	3	02:00:00:00:00:01	gPTP Pdelay_Resp_Follow_Up	seq=1610 li=127 spid=020000fffe0000010001
207.894988584	2	68:05:ca:95:b2:ed	AECP	
207.895020264	3	02:00:00:00:00:01	AECP	
207.895178600	2	68:05:ca:95:b2:ed	AECP	
207.895206624	3	02:00:00:00:00:01	AECP	
207.925569616	2	3c:c0:c6:01:02:03	MAAP	
207.931300861	2	3c:c0:c6:fe:02:11	gPTP Sync	seq=56390 li=-3 spid=3cc0c6fffefe02100001
207.932019263	2	3c:c0:c6:fe:02:11	gPTP Follow_Up	seq=56390 li=-3 spid=3cc0c6fffefe02100001
207.940612739	2	3c:c0:c6:fe:02:11	ethertype 0x0027	
208.061329455	2	3c:c0:c6:fe:02:11	gPTP Sync	seq=56391 li=-3 spid=3cc0c6fffefe02100001
208.062061648	2	3c:c0:c6:fe:02:11	gPTP Follow_Up	seq=56391 li=-3 spid=3cc0c6fffefe02100001
208.131485371	2	3c:c0:c6:fe:02:11	gPTP Announce	seq=64046 li=0 spid=3cc0c6fffefe02100001 gm=3cc0c6fffefe0210 p1=246 sr=0
208.181354737	2	3c:c0:c6:fe:02:11	gPTP Sync	seq=56392 li=-3 spid=3cc0c6fffefe02100001
208.182086554	2	3c:c0:c6:fe:02:11	gPTP Follow_Up	seq=56392 li=-3 spid=3cc0c6fffefe02100001
208.275820247	2	3c:c0:c6:01:02:03	ADP	eid=3cc0c60102030000 gm=3cc0c6fffefe0210
208.311344322	2	3c:c0:c6:fe:02:11	gPTP Sync	seq=56393 li=-3 spid=3cc0c6fffefe02100001
208.312077708	2	3c:c0:c6:fe:02:11	gPTP Follow_Up	seq=56393 li=-3 spid=3cc0c6fffefe02100001
208.351804905	3	02:00:00:00:00:01	MSRP	
208.431268620	2	3c:c0:c6:fe:02:11	gPTP Sync	seq=56394 li=-3 spid=3cc0c6fffefe02100001
208.432005230	2	3c:c0:c6:fe:02:11	gPTP Follow_Up	seq=56394 li=-3 spid=3cc0c6fffefe02100001
208.551808183	3	02:00:00:00:00:01	gPTP Pdelay_Req	seq=1519 li=0 spid=020000fffe0000010001
208.552575553	2	3c:c0:c6:fe:02:11	gPTP Pdelay_Resp	seq=1519 li=127 spid=3cc0c6fffefe02100001
208.553562147	2	3c:c0:c6:fe:02:11	gPTP Pdelay_Resp_Follow_Up	seq=1519 li=127 spid=3cc0c6fffefe02100001
208.570510083	2	3c:c0:c6:fe:02:11	gPTP Sync	seq=56395 li=-3 spid=3cc0c6fffefe02100001
208.571088077	2	3c:c0:c6:fe:02:11	gPTP Follow_Up	seq=56395 li=-3 spid=3cc0c6fffefe02100001
208.600613514	2	3c:c0:c6:fe:02:11	MVRP	
208.681318088	2	3c:c0:c6:fe:02:11	gPTP Sync	seq=56396 li=-3 spid=3cc0c6fffefe02100001
208.682062505	2	3c:c0:c6:fe:02:11	gPTP Follow_Up	seq=56396 li=-3 spid=3cc0c6fffefe02100001
208.811392281	2	3c:c0:c6:fe:02:11	gPTP Sync	seq=56397 li=-3 spid=3cc0c6fffefe02100001
208.812121475	2	3c:c0:c6:fe:02:11	gPTP Follow_Up	seq=56397 li=-3 spid=3cc0c6fffefe02100001
208.881284422	2	3c:c0:c6:fe:02:11	gPTP Pdelay_Req	seq=1611 li=0 spid=3cc0c6fffefe02100001
208.881295406	3	02:00:00:00:00:01	gPTP Pdelay_Resp	seq=1611 li=127 spid=020000fffe0000010001
208.881302966	3	02:00:00:00:00:01	gPTP Pdelay_Resp_Follow_Up	seq=1611 li=127 spid=020000fffe0000010001
208.931260195	2	3c:c0:c6:fe:02:11	gPTP Sync	seq=56398 li=-3 spid=3cc0c6fffefe02100001
208.931977605	2	3c:c0:c6:fe:02:11	gPTP Follow_Up	seq=56398 li=-3 spid=3cc0c6fffefe02100001
209.061342965	2	3c:c0:c6:fe:02:11	gPTP Sync	seq=56399 li=-3 spid=3cc0c6fffefe02100001
209.062074167	2	3c:c0:c6:fe:02:11	gPTP Follow_Up	seq=56399 li=-3 spid=3cc0c6fffefe02100001
209.131504290	2	3c:c0:c6:fe:02:11	gPTP Announce	seq=64047 li=0 spid=3cc0c6fffefe02100001 gm=3cc0c6fffefe0210 p1=246 sr=0
209.181346071	2	3c:c0:c6:fe:02:11	gPTP Sync	seq=56400 li=-3 spid=3cc0c6fffefe02100001
209.182074657	2	3c:c0:c6:fe:02:11	gPTP Follow_Up	seq=56400 li=-3 spid=3cc0c6fffefe02100001
209.311330257	2	3c:c0:c6:fe:02:11	gPTP Sync	seq=56401 li=-3 spid=3cc0c6fffefe02100001
209.312064051	2	3c:c0:c6:fe:02:11	gPTP Follow_Up	seq=56401 li=-3 spid=3cc0c6fffefe02100001
209.351807240	3	02:00:00:00:00:01	MSRP	
209.431279155	2	3c:c0:c6:fe:02:11	gPTP Sync	seq=56402 li=-3 spid=3cc0c6fffefe02100001
209.432014173	2	3c:c0:c6:fe:02:11	gPTP Follow_Up	seq=56402 li=-3 spid=3cc0c6fffefe02100001
209.466804998	3	02:00:00:00:00:01	MAAP	
209.551810518	3	02:00:00:00:00:01	gPTP Pdelay_Req	seq=1520 li=0 spid=020000fffe0000010001
209.552614664	2	3c:c0:c6:fe:02:11	gPTP Pdelay_Resp	seq=1520 li=127 spid=3cc0c6fffefe02100001
209.553603466	2	3c:c0:c6:fe:02:11	gPTP Pdelay_Resp_Follow_Up	seq=1520 li=127 spid=3cc0c6fffefe02100001
209.570518410	2	3c:c0:c6:fe:02:11	gPTP Sync	seq=56403 li=-3 spid=3cc0c6fffefe02100001
209.571096404	2	3c:c0:c6:fe:02:11	gPTP Follow_Up	seq=56403 li=-3 spid=3cc0c6fffefe02100001
209.600803633	2	3c:c0:c6:fe:02:11	MVRP	
209.681359439	2	3c:c0:c6:fe:02:11	gPTP Sync	seq=56404 li=-3 spid=3cc0c6fffefe02100001
209.682105649	2	3c:c0:c6:fe:02:11	gPTP Follow_Up	seq=56404 li=-3 spid=3cc0c6fffefe02100001
209.811393216	2	3c:c0:c6:fe:02:11	gPTP Sync	seq=56405 li=-3 spid=3cc0c6fffefe02100001
209.812124994	2	3c:c0:c6:fe:02:11	gPTP Follow_Up	seq=56405 li=-3 spid=3cc0c6fffefe02100001
209.881291116	2	3c:c0:c6:fe:02:11	gPTP Pdelay_Req	seq=1612 li=0 spid=3cc0c6fffefe02100001
209.881302116	3	02:00:00:00:00:01	gPTP Pdelay_Resp	seq=1612 li=127 spid=020000fffe0000010001
209.881309676	3	02:00:00:00:00:01	gPTP Pdelay_Resp_Follow_Up	seq=1612 li=127 spid=020000fffe0000010001
209.931264706	2	3c:c0:c6:fe:02:11	gPTP Sync	seq=56406 li=-3 spid=3cc0c6fffefe02100001
209.931983723	2	3c:c0:c6:fe:02:11	gPTP Follow_Up	seq=56406 li=-3 spid=3cc0c6fffefe02100001
209.940620784	2	3c:c0:c6:fe:02:11	ethertype 0x0027	
210.061374299	2	3c:c0:c6:fe:02:11	gPTP Sync	seq=56407 li=-3 spid=3cc0c6fffefe02100001
210.062105501	2	3c:c0:c6:fe:02:11	gPTP Follow_Up	seq=56407 li=-3 spid=3cc0c6fffefe02100001
210.131501416	2	3c:c0:c6:fe:02:11	gPTP Announce	seq=64048 li=0 spid=3cc0c6fffefe02100001 gm=3cc0c6fffefe0210 p1=246 sr=0
210.181355389	2	3c:c0:c6:fe:02:11	gPTP Sync	seq=56408 li=-3 spid=3cc0c6fffefe02100001
210.182082406	2	3c:c0:c6:fe:02:11	gPTP Follow_Up	seq=56408 li=-3 spid=3cc0c6fffefe02100001
210.286836980	2	68:05:ca:95:b2:ed	ethertype 0x0800	
210.311354766	2	3c:c0:c6:fe:02:11	gPTP Sync	seq=56409 li=-3 spid=3cc0c6fffefe02100001
210.312087160	2	3c:c0:c6:fe:02:11	gPTP Follow_Up	seq=56409 li=-3 spid=3cc0c6fffefe02100001
210.351809557	3	02:00:00:00:00:01	MSRP	
210.431282487	2	3c:c0:c6:fe:02:11	gPTP Sync	seq=56410 li=-3 spid=3cc0c6fffefe02100001
210.432016889	2	3c:c0:c6:fe:02:11	gPTP Follow_Up	seq=56410 li=-3 spid=3cc0c6fffefe02100001
210.551812826	3	02:00:00:00:00:01	gPTP Pdelay_Req	seq=1521 li=0 spid=020000fffe0000010001
210.552591780	2	3c:c0:c6:fe:02:11	gPTP Pdelay_Resp	seq=1521 li=127 spid=3cc0c6fffefe02100001
210.553580590	2	3c:c0:c6:fe:02:11	gPTP Pdelay_Resp_Follow_Up	seq=1521 li=127 spid=3cc0c6fffefe02100001
210.570527918	2	3c:c0:c6:fe:02:11	gPTP Sync	seq=56411 li=-3 spid=3cc0c6fffefe02100001
210.571106128	2	3c:c0:c6:fe:02:11	gPTP Follow_Up	seq=56411 li=-3 spid=3cc0c6fffefe02100001
210.600644141	2	3c:c0:c6:fe:02:11	MVRP	
210.681337546	2	3c:c0:c6:fe:02:11	gPTP Sync	seq=56412 li=-3 spid=3cc0c6fffefe02100001
210.682084372	2	3c:c0:c6:fe:02:11	gPTP Follow_Up	seq=56412 li=-3 spid=3cc0c6fffefe02100001
210.811404540	2	3c:c0:c6:fe:02:11	gPTP Sync	seq=56413 li=-3 spid=3cc0c6fffefe02100001
210.812136126	2	3c:c0:c6:fe:02:11	gPTP Follow_Up	seq=56413 li=-3 spid=3cc0c6fffefe02100001
210.881307048	2	3c:c0:c6:fe:02:11	gPTP Pdelay_Req	seq=1613 li=0 spid=3cc0c6fffefe02100001
210.881318048	3	02:00:00:00:00:01	gPTP Pdelay_Resp	seq=1613 li=127 spid=020000fffe0000010001
210.881325608	3	02:00:00:00:00:01	gPTP Pdelay_Resp_Follow_Up	seq=1613 li=127 spid=020000fffe0000010001
210.931273821	2	3c:c0:c6:fe:02:11	gPTP Sync	seq=56414 li=-3 spid=3cc0c6fffefe02100001
210.931991239	2	3c:c0:c6:fe:02:11	gPTP Follow_Up	seq=56414 li=-3 spid=3cc0c6fffefe02100001
211.061388207	2	3c:c0:c6:fe:02:11	gPTP Sync	seq=56415 li=-3 spid=3cc0c6fffefe02100001
211.062120409	2	3c:c0:c6:fe:02:11	gPTP Follow_Up	seq=56415 li=-3 spid=3cc0c6fffefe02100001
211.131510532	2	3c:c0:c6:fe:02:11	gPTP Announce	seq=64049 li=0 spid=3cc0c6fffefe02100001 gm=3cc0c6fffefe0210 p1=246 sr=0
211.181379513	2	3c:c0:c6:fe:02:11	gPTP Sync	seq=56416 li=-3 spid=3cc0c6fffefe02100001
211.182112891	2	3c:c0:c6:fe:02:11	gPTP Follow_Up	seq=56416 li=-3 spid=3cc0c6fffefe02100001
211.240695349	2	3c:c0:c6:fe:02:11	MVRP	
211.311349291	2	3c:c0:c6:fe:02:11	gPTP Sync	seq=56417 li=-3 spid=3cc0c6fffefe02100001
211.312084684	2	3c:c0:c6:fe:02:11	gPTP Follow_Up	seq=56417 li=-3 spid=3cc0c6fffefe02100001
211.351811882	3	02:00:00:00:00:01	MSRP	
211.431286988	2	3c:c0:c6:fe:02:11	gPTP Sync	seq=56418 li=-3 spid=3cc0c6fffefe02100001
211.432020406	2	3c:c0:c6:fe:02:11	gPTP Follow_Up	seq=56418 li=-3 spid=3cc0c6fffefe02100001
211.551815144	3	02:00:00:00:00:01	gPTP Pdelay_Req	seq=1522 li=0 spid=020000fffe0000010001
211.552604514	2	3c:c0:c6:fe:02:11	gPTP Pdelay_Resp	seq=1522 li=127 spid=3cc0c6fffefe02100001
211.553590508	2	3c:c0:c6:fe:02:11	gPTP Pdelay_Resp_Follow_Up	seq=1522 li=127 spid=3cc0c6fffefe02100001
211.570532652	2	3c:c0:c6:fe:02:11	gPTP Sync	seq=56419 li=-3 spid=3cc0c6fffefe02100001
211.571111245	2	3c:c0:c6:fe:02:11	gPTP Follow_Up	seq=56419 li=-3 spid=3cc0c6fffefe02100001
211.600817867	2	3c:c0:c6:fe:02:11	MVRP	
211.671813682	3	02:00:00:00:00:01	ADP	eid=020000fffe000001 gm=3cc0c6fffefe0210
211.681373064	2	3c:c0:c6:fe:02:11	gPTP Sync	seq=56420 li=-3 spid=3cc0c6fffefe02100001
211.682115090	2	3c:c0:c6:fe:02:11	gPTP Follow_Up	seq=56420 li=-3 spid=3cc0c6fffefe02100001
211.811420249	2	3c:c0:c6:fe:02:11	gPTP Sync	seq=56421 li=-3 spid=3cc0c6fffefe02100001
211.812150467	2	3c:c0:c6:fe:02:11	gPTP Follow_Up	seq=56421 li=-3 spid=3cc0c6fffefe02100001
211.881302573	2	3c:c0:c6:fe:02:11	gPTP Pdelay_Req	seq=1614 li=0 spid=3cc0c6fffefe02100001
211.881313557	3	02:00:00:00:00:01	gPTP Pdelay_Resp	seq=1614 li=127 spid=020000fffe0000010001
211.881321117	3	02:00:00:00:00:01	gPTP Pdelay_Resp_Follow_Up	seq=1614 li=127 spid=020000fffe0000010001
211.931282755	2	3c:c0:c6:fe:02:11	gPTP Sync	seq=56422 li=-3 spid=3cc0c6fffefe02100001
211.931999556	2	3c:c0:c6:fe:02:11	gPTP Follow_Up	seq=56422 li=-3 spid=3cc0c6fffefe02100001
211.940752425	2	3c:c0:c6:fe:02:10	ethertype 0x0800	
211.940960201	2	3c:c0:c6:fe:02:11	ethertype 0x0027	
212.061398324	2	3c:c0:c6:fe:02:11	gPTP Sync	seq=56423 li=-3 spid=3cc0c6fffefe02100001
212.062130750	2	3c:c0:c6:fe:02:11	gPTP Follow_Up	seq=56423 li=-3 spid=3cc0c6fffefe02100001
212.131524033	2	3c:c0:c6:fe:02:11	gPTP Announce	seq=64050 li=0 spid=3cc0c6fffefe02100001 gm=3cc0c6fffefe0210 p1=246 sr=0
212.181366845	2	3c:c0:c6:fe:02:11	gPTP Sync	seq=56424 li=-3 spid=3cc0c6fffefe02100001
212.182095839	2	3c:c0:c6:fe:02:11	gPTP Follow_Up	seq=56424 li=-3 spid=3cc0c6fffefe02100001
212.311355822	2	3c:c0:c6:fe:02:11	gPTP Sync	seq=56425 li=-3 spid=3cc0c6fffefe02100001
212.312087408	2	3c:c0:c6:fe:02:11	gPTP Follow_Up	seq=56425 li=-3 spid=3cc0c6fffefe02100001
212.351814189	3	02:00:00:00:00:01	MSRP	
212.431300304	2	3c:c0:c6:fe:02:11	gPTP Sync	seq=56426 li=-3 spid=3cc0c6fffefe02100001
212.432035322	2	3c:c0:c6:fe:02:11	gPTP Follow_Up	seq=56426 li=-3 spid=3cc0c6fffefe02100001
212.551814643	3	02:00:00:00:00:01	MSRP	
212.551817459	3	02:00:00:00:00:01	gPTP Pdelay_Req	seq=1523 li=0 spid=020000fffe0000010001
212.552655621	2	3c:c0:c6:fe:02:11	gPTP Pdelay_Resp	seq=1523 li=127 spid=3cc0c6fffefe02100001
212.553644007	2	3c:c0:c6:fe:02:11	gPTP Pdelay_Resp_Follow_Up	seq=1523 li=127 spid=3cc0c6fffefe02100001
212.554631249	2	3c:c0:c6:fe:02:11	MSRP	
212.570543751	2	3c:c0:c6:fe:02:11	gPTP Sync	seq=56427 li=-3 spid=3cc0c6fffefe02100001
212.571181776	2	3c:c0:c6:fe:02:11	gPTP Follow_Up	seq=56427 li=-3 spid=3cc0c6fffefe02100001
212.600629581	2	3c:c0:c6:fe:02:11	MVRP	
212.651141572	2	3c:c0:c6:fe:02:11	MSRP	
212.681421195	2	3c:c0:c6:fe:02:11	gPTP Sync	seq=56428 li=-3 spid=3cc0c6fffefe02100001
212.682162988	2	3c:c0:c6:fe:02:11	gPTP Follow_Up	seq=56428 li=-3 spid=3cc0c6fffefe02100001
212.811421980	2	3c:c0:c6:fe:02:11	gPTP Sync	seq=56429 li=-3 spid=3cc0c6fffefe02100001
212.812154174	2	3c:c0:c6:fe:02:11	gPTP Follow_Up	seq=56429 li=-3 spid=3cc0c6fffefe02100001
212.881314504	2	3c:c0:c6:fe:02:11	gPTP Pdelay_Req	seq=1615 li=0 spid=3cc0c6fffefe02100001
212.881325504	3	02:00:00:00:00:01	gPTP Pdelay_Resp	seq=1615 li=127 spid=020000fffe0000010001
212.881333064	3	02:00:00:00:00:01	gPTP Pdelay_Resp_Follow_Up	seq=1615 li=127 spid=020000fffe0000010001
212.894965200	2	68:05:ca:95:b2:ed	AECP	
212.894997552	3	02:00:00:00:00:01	AECP	
212.895159377	2	68:05:ca:95:b2:ed	AECP	
212.895188033	3	02:00:00:00:00:01	AECP	
212.931288062	2	3c:c0:c6:fe:02:11	gPTP Sync	seq=56430 li=-3 spid=3cc0c6fffefe02100001
212.932003271	2	3c:c0:c6:fe:02:11	gPTP Follow_Up	seq=56430 li=-3 spid=3cc0c6fffefe02100001
213.061409847	2	3c:c0:c6:fe:02:11	gPTP Sync	seq=56431 li=-3 spid=3cc0c6fffefe02100001
213.062139449	2	3c:c0:c6:fe:02:11	gPTP Follow_Up	seq=56431 li=-3 spid=3cc0c6fffefe02100001
213.131525988	2	3c:c0:c6:fe:02:11	gPTP Announce	seq=64051 li=0 spid=3cc0c6fffefe02100001 gm=3cc0c6fffefe0210 p1=246 sr=0
213.181371353	2	3c:c0:c6:fe:02:11	gPTP Sync	seq=56432 li=-3 spid=3cc0c6fffefe02100001
213.182101563	2	3c:c0:c6:fe:02:11	gPTP Follow_Up	seq=56432 li=-3 spid=3cc0c6fffefe02100001
213.311385323	2	3c:c0:c6:fe:02:11	gPTP Sync	seq=56433 li=-3 spid=3cc0c6fffefe02100001
213.312120940	2	3c:c0:c6:fe:02:11	gPTP Follow_Up	seq=56433 li=-3 spid=3cc0c6fffefe02100001
213.351816514	3	02:00:00:00:00:01	MSRP	
213.431305036	2	3c:c0:c6:fe:02:11	gPTP Sync	seq=56434 li=-3 spid=3cc0c6fffefe02100001
213.432041014	2	3c:c0:c6:fe:02:11	gPTP Follow_Up	seq=56434 li=-3 spid=3cc0c6fffefe02100001
213.551819784	3	02:00:00:00:00:01	gPTP Pdelay_Req	seq=1524 li=0 spid=020000fffe0000010001
213.552584545	2	3c:c0:c6:fe:02:11	gPTP Pdelay_Resp	seq=1524 li=127 spid=3cc0c6fffefe02100001
213.553572740	2	3c:c0:c6:fe:02:11	gPTP Pdelay_Resp_Follow_Up	seq=1524 li=127 spid=3cc0c6fffefe02100001
213.570566084	2	3c:c0:c6:fe:02:11	gPTP Sync	seq=56435 li=-3 spid=3cc0c6fffefe02100001
213.571185293	2	3c:c0:c6:fe:02:11	gPTP Follow_Up	seq=56435 li=-3 spid=3cc0c6fffefe02100001
213.600864107	2	3c:c0:c6:fe:02:11	MVRP	
213.681360712	2	3c:c0:c6:fe:02:11	gPTP Sync	seq=56436 li=-3 spid=3cc0c6fffefe02100001
213.682104714	2	3c:c0:c6:fe:02:11	gPTP Follow_Up	seq=56436 li=-3 spid=3cc0c6fffefe02100001
213.811420090	2	3c:c0:c6:fe:02:11	gPTP Sync	seq=56437 li=-3 spid=3cc0c6fffefe02100001
213.812152291	2	3c:c0:c6:fe:02:11	gPTP Follow_Up	seq=56437 li=-3 spid=3cc0c6fffefe02100001
213.881328614	2	3c:c0:c6:fe:02:11	gPTP Pdelay_Req	seq=1616 li=0 spid=3cc0c6fffefe02100001
213.881339614	3	02:00:00:00:00:01	gPTP Pdelay_Resp	seq=1616 li=127 spid=020000fffe0000010001
213.881347174	3	02:00:00:00:00:01	gPTP Pdelay_Resp_Follow_Up	seq=1616 li=127 spid=020000fffe0000010001
213.931296995	2	3c:c0:c6:fe:02:11	gPTP Sync	seq=56438 li=-3 spid=3cc0c6fffefe02100001
213.932013797	2	3c:c0:c6:fe:02:11	gPTP Follow_Up	seq=56438 li=-3 spid=3cc0c6fffefe02100001
213.940653673	2	3c:c0:c6:fe:02:11	ethertype 0x0027	
214.061406965	2	3c:c0:c6:fe:02:11	gPTP Sync	seq=56439 li=-3 spid=3cc0c6fffefe02100001
214.062140983	2	3c:c0:c6:fe:02:11	gPTP Follow_Up	seq=56439 li=-3 spid=3cc0c6fffefe02100001
214.066815674	3	02:00:00:00:00:01	MAAP	
214.131556098	2	3c:c0:c6:fe:02:11	gPTP Announce	seq=64052 li=0 spid=3cc0c6fffefe02100001 gm=3cc0c6fffefe0210 p1=246 sr=0
214.181401471	2	3c:c0:c6:fe:02:11	gPTP Sync	seq=56440 li=-3 spid=3cc0c6fffefe02100001
214.182129089	2	3c:c0:c6:fe:02:11	gPTP Follow_Up	seq=56440 li=-3 spid=3cc0c6fffefe02100001
214.311437457	2	3c:c0:c6:fe:02:11	gPTP Sync	seq=56441 li=-3 spid=3cc0c6fffefe02100001
214.312170259	2	3c:c0:c6:fe:02:11	gPTP Follow_Up	seq=56441 li=-3 spid=3cc0c6fffefe02100001
214.351818856	3	02:00:00:00:00:01	MSRP	
214.431309555	2	3c:c0:c6:fe:02:11	gPTP Sync	seq=56442 li=-3 spid=3cc0c6fffefe02100001
214.432041757	2	3c:c0:c6:fe:02:11	gPTP Follow_Up	seq=56442 li=-3 spid=3cc0c6fffefe02100001
214.551822126	3	02:00:00:00:00:01	gPTP Pdelay_Req	seq=1525 li=0 spid=020000fffe0000010001
214.552591272	2	3c:c0:c6:fe:02:11	gPTP Pdelay_Resp	seq=1525 li=127 spid=3cc0c6fffefe02100001
214.553578474	2	3c:c0:c6:fe:02:11	gPTP Pdelay_Resp_Follow_Up	seq=1525 li=127 spid=3cc0c6fffefe02100001
214.570557802	2	3c:c0:c6:fe:02:11	gPTP Sync	seq=56443 li=-3 spid=3cc0c6fffefe02100001
214.571137011	2	3c:c0:c6:fe:02:11	gPTP Follow_Up	seq=56443 li=-3 spid=3cc0c6fffefe02100001
214.600666033	2	3c:c0:c6:fe:02:11	MVRP	
214.681366447	2	3c:c0:c6:fe:02:11	gPTP Sync	seq=56444 li=-3 spid=3cc0c6fffefe02100001
214.682110448	2	3c:c0:c6:fe:02:11	gPTP Follow_Up	seq=56444 li=-3 spid=3cc0c6fffefe02100001
214.811440608	2	3c:c0:c6:fe:02:11	gPTP Sync	seq=56445 li=-3 spid=3cc0c6fffefe02100001
214.812173417	2	3c:c0:c6:fe:02:11	gPTP Follow_Up	seq=56445 li=-3 spid=3cc0c6fffefe02100001
214.881333739	2	3c:c0:c6:fe:02:11	gPTP Pdelay_Req	seq=1617 li=0 spid=3cc0c6fffefe02100001
214.881344732	3	02:00:00:00:00:01	gPTP Pdelay_Resp	seq=1617 li=127 spid=020000fffe0000010001
214.881352292	3	02:00:00:00:00:01	gPTP Pdelay_Resp_Follow_Up	seq=1617 li=127 spid=020000fffe0000010001
214.931301097	2	3c:c0:c6:fe:02:11	gPTP Sync	seq=56446 li=-3 spid=3cc0c6fffefe02100001
214.932016298	2	3c:c0:c6:fe:02:11	gPTP Follow_Up	seq=56446 li=-3 spid=3cc0c6fffefe02100001
215.049078204	2	3c:c0:c6:01:02:03	ADP	eid=3cc0c60102030000 gm=3cc0c6fffefe0210
215.061406297	2	3c:c0:c6:fe:02:11	gPTP Sync	seq=56447 li=-3 spid=3cc0c6fffefe02100001
215.062136507	2	3c:c0:c6:fe:02:11	gPTP Follow_Up	seq=56447 li=-3 spid=3cc0c6fffefe02100001
215.131571430	2	3c:c0:c6:fe:02:11	gPTP Announce	seq=64053 li=0 spid=3cc0c6fffefe02100001 gm=3cc0c6fffefe0210 p1=246 sr=0
215.181390170	2	3c:c0:c6:fe:02:11	gPTP Sync	seq=56448 li=-3 spid=3cc0c6fffefe02100001
215.182116996	2	3c:c0:c6:fe:02:11	gPTP Follow_Up	seq=56448 li=-3 spid=3cc0c6fffefe02100001
215.311379179	2	3c:c0:c6:fe:02:11	gPTP Sync	seq=56449 li=-3 spid=3cc0c6fffefe02100001
215.312114580	2	3c:c0:c6:fe:02:11	gPTP Follow_Up	seq=56449 li=-3 spid=3cc0c6fffefe02100001
215.351821193	3	02:00:00:00:00:01	MSRP	
215.431321684	2	3c:c0:c6:fe:02:11	gPTP Sync	seq=56450 li=-3 spid=3cc0c6fffefe02100001
215.432056093	2	3c:c0:c6:fe:02:11	gPTP Follow_Up	seq=56450 li=-3 spid=3cc0c6fffefe02100001
215.551824454	3	02:00:00:00:00:01	gPTP Pdelay_Req	seq=1526 li=0 spid=020000fffe0000010001
215.552589384	2	3c:c0:c6:fe:02:11	gPTP Pdelay_Resp	seq=1526 li=127 spid=3cc0c6fffefe02100001
215.553578186	2	3c:c0:c6:fe:02:11	gPTP Pdelay_Resp_Follow_Up	seq=1526 li=127 spid=3cc0c6fffefe02100001
215.570563530	2	3c:c0:c6:fe:02:11	gPTP Sync	seq=56451 li=-3 spid=3cc0c6fffefe02100001
215.571140531	2	3c:c0:c6:fe:02:11	gPTP Follow_Up	seq=56451 li=-3 spid=3cc0c6fffefe02100001
215.601078545	2	3c:c0:c6:fe:02:11	MVRP	
215.681405133	2	3c:c0:c6:fe:02:11	gPTP Sync	seq=56452 li=-3 spid=3cc0c6fffefe02100001
215.682151151	2	3c:c0:c6:fe:02:11	gPTP Follow_Up	seq=56452 li=-3 spid=3cc0c6fffefe02100001
215.811440926	2	3c:c0:c6:fe:02:11	gPTP Sync	seq=56453 li=-3 spid=3cc0c6fffefe02100001
215.812171144	2	3c:c0:c6:fe:02:11	gPTP Follow_Up	seq=56453 li=-3 spid=3cc0c6fffefe02100001
215.881335050	2	3c:c0:c6:fe:02:11	gPTP Pdelay_Req	seq=1618 li=0 spid=3cc0c6fffefe02100001
215.881346042	3	02:00:00:00:00:01	gPTP Pdelay_Resp	seq=1618 li=127 spid=020000fffe0000010001
215.881353602	3	02:00:00:00:00:01	gPTP Pdelay_Resp_Follow_Up	seq=1618 li=127 spid=020000fffe0000010001
215.931311431	2	3c:c0:c6:fe:02:11	gPTP Sync	seq=56454 li=-3 spid=3cc0c6fffefe02100001
215.932029832	2	3c:c0:c6:fe:02:11	gPTP Follow_Up	seq=56454 li=-3 spid=3cc0c6fffefe02100001
215.940665901	2	3c:c0:c6:fe:02:11	ethertype 0x0027	
216.061396024	2	3c:c0:c6:fe:02:11	gPTP Sync	seq=56455 li=-3 spid=3cc0c6fffefe02100001
216.062130425	2	3c:c0:c6:fe:02:11	gPTP Follow_Up	seq=56455 li=-3 spid=3cc0c6fffefe02100001
216.131571140	2	3c:c0:c6:fe:02:11	gPTP Announce	seq=64054 li=0 spid=3cc0c6fffefe02100001 gm=3cc0c6fffefe0210 p1=246 sr=0
216.181396313	2	3c:c0:c6:fe:02:11	gPTP Sync	seq=56456 li=-3 spid=3cc0c6fffefe02100001
216.182126914	2	3c:c0:c6:fe:02:11	gPTP Follow_Up	seq=56456 li=-3 spid=3cc0c6fffefe02100001
216.311405481	2	3c:c0:c6:fe:02:11	gPTP Sync	seq=56457 li=-3 spid=3cc0c6fffefe02100001
216.312141491	2	3c:c0:c6:fe:02:11	gPTP Follow_Up	seq=56457 li=-3 spid=3cc0c6fffefe02100001
216.351823512	3	02:00:00:00:00:01	MSRP	
216.431323602	2	3c:c0:c6:fe:02:11	gPTP Sync	seq=56458 li=-3 spid=3cc0c6fffefe02100001
216.432056788	2	3c:c0:c6:fe:02:11	gPTP Follow_Up	seq=56458 li=-3 spid=3cc0c6fffefe02100001
216.551826772	3	02:00:00:00:00:01	gPTP Pdelay_Req	seq=1527 li=0 spid=020000fffe0000010001
216.552587678	2	3c:c0:c6:fe:02:11	gPTP Pdelay_Resp	seq=1527 li=127 spid=3cc0c6fffefe02100001
216.553576905	2	3c:c0:c6:fe:02:11	gPTP Pdelay_Resp_Follow_Up	seq=1527 li=127 spid=3cc0c6fffefe02100001
216.570573416	2	3c:c0:c6:fe:02:11	gPTP Sync	seq=56459 li=-3 spid=3cc0c6fffefe02100001
216.571152042	2	3c:c0:c6:fe:02:11	gPTP Follow_Up	seq=56459 li=-3 spid=3cc0c6fffefe02100001
216.600632071	2	3c:c0:c6:fe:02:11	MVRP	
216.681420260	2	3c:c0:c6:fe:02:11	gPTP Sync	seq=56460 li=-3 spid=3cc0c6fffefe02100001
216.682164878	2	3c:c0:c6:fe:02:11	gPTP Follow_Up	seq=56460 li=-3 spid=3cc0c6fffefe02100001
216.811448829	2	3c:c0:c6:fe:02:11	gPTP Sync	seq=56461 li=-3 spid=3cc0c6fffefe02100001
216.812182047	2	3c:c0:c6:fe:02:11	gPTP Follow_Up	seq=56461 li=-3 spid=3cc0c6fffefe02100001
216.881358377	2	3c:c0:c6:fe:02:11	gPTP Pdelay_Req	seq=1619 li=0 spid=3cc0c6fffefe02100001
216.881369377	3	02:00:00:00:00:01	gPTP Pdelay_Resp	seq=1619 li=127 spid=020000fffe0000010001
216.881376937	3	02:00:00:00:00:01	gPTP Pdelay_Resp_Follow_Up	seq=1619 li=127 spid=020000fffe0000010001
216.931318142	2	3c:c0:c6:fe:02:11	gPTP Sync	seq=56462 li=-3 spid=3cc0c6fffefe02100001
216.932032936	2	3c:c0:c6:fe:02:11	gPTP Follow_Up	seq=56462 li=-3 spid=3cc0c6fffefe02100001
217.061399920	2	3c:c0:c6:fe:02:11	gPTP Sync	seq=56463 li=-3 spid=3cc0c6fffefe02100001
217.062126937	2	3c:c0:c6:fe:02:11	gPTP Follow_Up	seq=56463 li=-3 spid=3cc0c6fffefe02100001
217.131559644	2	3c:c0:c6:fe:02:11	gPTP Announce	seq=64055 li=0 spid=3cc0c6fffefe02100001 gm=3cc0c6fffefe0210 p1=246 sr=0
217.181436633	2	3c:c0:c6:fe:02:11	gPTP Sync	seq=56464 li=-3 spid=3cc0c6fffefe02100001
217.182172635	2	3c:c0:c6:fe:02:11	gPTP Follow_Up	seq=56464 li=-3 spid=3cc0c6fffefe02100001
217.311392010	2	3c:c0:c6:fe:02:11	gPTP Sync	seq=56465 li=-3 spid=3cc0c6fffefe02100001
217.312128588	2	3c:c0:c6:fe:02:11	gPTP Follow_Up	seq=56465 li=-3 spid=3cc0c6fffefe02100001
217.351825809	3	02:00:00:00:00:01	MSRP	
217.431336108	2	3c:c0:c6:fe:02:11	gPTP Sync	seq=56466 li=-3 spid=3cc0c6fffefe02100001
217.432069494	2	3c:c0:c6:fe:02:11	gPTP Follow_Up	seq=56466 li=-3 spid=3cc0c6fffefe02100001
217.551829071	3	02:00:00:00:00:01	gPTP Pdelay_Req	seq=1528 li=0 spid=020000fffe0000010001
217.552609217	2	3c:c0:c6:fe:02:11	gPTP Pdelay_Resp	seq=1528 li=127 spid=3cc0c6fffefe02100001
217.553598019	2	3c:c0:c6:fe:02:11	gPTP Pdelay_Resp_Follow_Up	seq=1528 li=127 spid=3cc0c6fffefe02100001
217.570580547	2	3c:c0:c6:fe:02:11	gPTP Sync	seq=56467 li=-3 spid=3cc0c6fffefe02100001
217.571158156	2	3c:c0:c6:fe:02:11	gPTP Follow_Up	seq=56467 li=-3 spid=3cc0c6fffefe02100001
217.574823797	3	02:00:00:00:00:01	MAAP	
217.600846794	2	3c:c0:c6:fe:02:11	MVRP	
217.681459591	2	3c:c0:c6:fe:02:11	gPTP Sync	seq=56468 li=-3 spid=3cc0c6fffefe02100001
217.682205193	2	3c:c0:c6:fe:02:11	gPTP Follow_Up	seq=56468 li=-3 spid=3cc0c6fffefe02100001
217.811458776	2	3c:c0:c6:fe:02:11	gPTP Sync	seq=56469 li=-3 spid=3cc0c6fffefe02100001
217.812188770	2	3c:c0:c6:fe:02:11	gPTP Follow_Up	seq=56469 li=-3 spid=3cc0c6fffefe02100001
217.881344292	2	3c:c0:c6:fe:02:11	gPTP Pdelay_Req	seq=1620 li=0 spid=3cc0c6fffefe02100001
217.881355292	3	02:00:00:00:00:01	gPTP Pdelay_Resp	seq=1620 li=127 spid=020000fffe0000010001
217.881362852	3	02:00:00:00:00:01	gPTP Pdelay_Resp_Follow_Up	seq=1620 li=127 spid=020000fffe0000010001
217.894981804	2	68:05:ca:95:b2:ed	AECP	
217.895014468	3	02:00:00:00:00:01	AECP	
217.895176972	2	68:05:ca:95:b2:ed	AECP	
217.895205061	3	02:00:00:00:00:01	AECP	
217.931330273	2	3c:c0:c6:fe:02:11	gPTP Sync	seq=56470 li=-3 spid=3cc0c6fffefe02100001
217.932046467	2	3c:c0:c6:fe:02:11	gPTP Follow_Up	seq=56470 li=-3 spid=3cc0c6fffefe02100001
217.940680935	2	3c:c0:c6:fe:02:11	ethertype 0x0027	
218.061440242	2	3c:c0:c6:fe:02:11	gPTP Sync	seq=56471 li=-3 spid=3cc0c6fffefe02100001
218.062169460	2	3c:c0:c6:fe:02:11	gPTP Follow_Up	seq=56471 li=-3 spid=3cc0c6fffefe02100001
218.131568575	2	3c:c0:c6:fe:02:11	gPTP Announce	seq=64056 li=0 spid=3cc0c6fffefe02100001 gm=3cc0c6fffefe0210 p1=246 sr=0
218.181434740	2	3c:c0:c6:fe:02:11	gPTP Sync	seq=56472 li=-3 spid=3cc0c6fffefe02100001
218.182165950	2	3c:c0:c6:fe:02:11	gPTP Follow_Up	seq=56472 li=-3 spid=3cc0c6fffefe02100001
218.311404133	2	3c:c0:c6:fe:02:11	gPTP Sync	seq=56473 li=-3 spid=3cc0c6fffefe02100001
218.312136334	2	3c:c0:c6:fe:02:11	gPTP Follow_Up	seq=56473 li=-3 spid=3cc0c6fffefe02100001
218.339829159	3	02:00:00:00:00:01	ADP	eid=020000fffe000001 gm=3cc0c6fffefe0210
218.351828131	3	02:00:00:00:00:01	MSRP	
218.431341838	2	3c:c0:c6:fe:02:11	gPTP Sync	seq=56474 li=-3 spid=3cc0c6fffefe02100001
218.432078832	2	3c:c0:c6:fe:02:11	gPTP Follow_Up	seq=56474 li=-3 spid=3cc0c6fffefe02100001
218.551831393	3	02:00:00:00:00:01	gPTP Pdelay_Req	seq=1529 li=0 spid=020000fffe0000010001
218.552595738	2	3c:c0:c6:fe:02:11	gPTP Pdelay_Resp	seq=1529 li=127 spid=3cc0c6fffefe02100001
218.553581957	2	3c:c0:c6:fe:02:11	gPTP Pdelay_Resp_Follow_Up	seq=1529 li=127 spid=3cc0c6fffefe02100001
218.570585253	2	3c:c0:c6:fe:02:11	gPTP Sync	seq=56475 li=-3 spid=3cc0c6fffefe02100001
218.571162278	2	3c:c0:c6:fe:02:11	gPTP Follow_Up	seq=56475 li=-3 spid=3cc0c6fffefe02100001
218.600689699	2	3c:c0:c6:fe:02:11	MVRP	
218.681449705	2	3c:c0:c6:fe:02:11	gPTP Sync	seq=56476 li=-3 spid=3cc0c6fffefe02100001
218.682197514	2	3c:c0:c6:fe:02:11	gPTP Follow_Up	seq=56476 li=-3 spid=3cc0c6fffefe02100001
218.811459097	2	3c:c0:c6:fe:02:11	gPTP Sync	seq=56477 li=-3 spid=3cc0c6fffefe02100001
218.812190267	2	3c:c0:c6:fe:02:11	gPTP Follow_Up	seq=56477 li=-3 spid=3cc0c6fffefe02100001
218.881353221	2	3c:c0:c6:fe:02:11	gPTP Pdelay_Req	seq=1621 li=0 spid=3cc0c6fffefe02100001
218.881364229	3	02:00:00:00:00:01	gPTP Pdelay_Resp	seq=1621 li=127 spid=020000fffe0000010001
218.881371789	3	02:00:00:00:00:01	gPTP Pdelay_Resp_Follow_Up	seq=1621 li=127 spid=020000fffe0000010001
218.931337595	2	3c:c0:c6:fe:02:11	gPTP Sync	seq=56478 li=-3 spid=3cc0c6fffefe02100001
218.932056996	2	3c:c0:c6:fe:02:11	gPTP Follow_Up	seq=56478 li=-3 spid=3cc0c6fffefe02100001
219.061416555	2	3c:c0:c6:fe:02:11	gPTP Sync	seq=56479 li=-3 spid=3cc0c6fffefe02100001
219.062146165	2	3c:c0:c6:fe:02:11	gPTP Follow_Up	seq=56479 li=-3 spid=3cc0c6fffefe02100001
219.131571488	2	3c:c0:c6:fe:02:11	gPTP Announce	seq=64057 li=0 spid=3cc0c6fffefe02100001 gm=3cc0c6fffefe0210 p1=246 sr=0
219.181456469	2	3c:c0:c6:fe:02:11	gPTP Sync	seq=56480 li=-3 spid=3cc0c6fffefe02100001
219.182188663	2	3c:c0:c6:fe:02:11	gPTP Follow_Up	seq=56480 li=-3 spid=3cc0c6fffefe02100001
219.311424038	2	3c:c0:c6:fe:02:11	gPTP Sync	seq=56481 li=-3 spid=3cc0c6fffefe02100001
219.312159623	2	3c:c0:c6:fe:02:11	gPTP Follow_Up	seq=56481 li=-3 spid=3cc0c6fffefe02100001
219.351830452	3	02:00:00:00:00:01	MSRP	
219.431347343	2	3c:c0:c6:fe:02:11	gPTP Sync	seq=56482 li=-3 spid=3cc0c6fffefe02100001
219.432084561	2	3c:c0:c6:fe:02:11	gPTP Follow_Up	seq=56482 li=-3 spid=3cc0c6fffefe02100001
219.551833713	3	02:00:00:00:00:01	gPTP Pdelay_Req	seq=1530 li=0 spid=020000fffe0000010001
219.552641435	2	3c:c0:c6:fe:02:11	gPTP Pdelay_Resp	seq=1530 li=127 spid=3cc0c6fffefe02100001
219.553630661	2	3c:c0:c6:fe:02:11	gPTP Pdelay_Resp_Follow_Up	seq=1530 li=127 spid=3cc0c6fffefe02100001
219.570595205	2	3c:c0:c6:fe:02:11	gPTP Sync	seq=56483 li=-3 spid=3cc0c6fffefe02100001
219.571171591	2	3c:c0:c6:fe:02:11	gPTP Follow_Up	seq=56483 li=-3 spid=3cc0c6fffefe02100001
219.600888420	2	3c:c0:c6:fe:02:11	MVRP	
219.681406825	2	3c:c0:c6:fe:02:11	gPTP Sync	seq=56484 li=-3 spid=3cc0c6fffefe02100001
219.682153035	2	3c:c0:c6:fe:02:11	gPTP Follow_Up	seq=56484 li=-3 spid=3cc0c6fffefe02100001
219.811469402	2	3c:c0:c6:fe:02:11	gPTP Sync	seq=56485 li=-3 spid=3cc0c6fffefe02100001
219.812199004	2	3c:c0:c6:fe:02:11	gPTP Follow_Up	seq=56485 li=-3 spid=3cc0c6fffefe02100001
219.881381126	2	3c:c0:c6:fe:02:11	gPTP Pdelay_Req	seq=1622 li=0 spid=3cc0c6fffefe02100001
219.881392118	3	02:00:00:00:00:01	gPTP Pdelay_Resp	seq=1622 li=127 spid=020000fffe0000010001
219.881399678	3	02:00:00:00:00:01	gPTP Pdelay_Resp_Follow_Up	seq=1622 li=127 spid=020000fffe0000010001
219.931342683	2	3c:c0:c6:fe:02:11	gPTP Sync	seq=56486 li=-3 spid=3cc0c6fffefe02100001
219.932059525	2	3c:c0:c6:fe:02:11	gPTP Follow_Up	seq=56486 li=-3 spid=3cc0c6fffefe02100001
219.940694369	2	3c:c0:c6:fe:02:11	ethertype 0x0027	
220.061424876	2	3c:c0:c6:fe:02:11	gPTP Sync	seq=56487 li=-3 spid=3cc0c6fffefe02100001
220.062155093	2	3c:c0:c6:fe:02:11	gPTP Follow_Up	seq=56487 li=-3 spid=3cc0c6fffefe02100001
220.131578816	2	3c:c0:c6:fe:02:11	gPTP Announce	seq=64058 li=0 spid=3cc0c6fffefe02100001 gm=3cc0c6fffefe0210 p1=246 sr=0
220.181446165	2	3c:c0:c6:fe:02:11	gPTP Sync	seq=56488 li=-3 spid=3cc0c6fffefe02100001
220.182177407	2	3c:c0:c6:fe:02:11	gPTP Follow_Up	seq=56488 li=-3 spid=3cc0c6fffefe02100001
220.311419558	2	3c:c0:c6:fe:02:11	gPTP Sync	seq=56489 li=-3 spid=3cc0c6fffefe02100001
220.312152975	2	3c:c0:c6:fe:02:11	gPTP Follow_Up	seq=56489 li=-3 spid=3cc0c6fffefe02100001
220.351832756	3	02:00:00:00:00:01	MSRP	
220.431357871	2	3c:c0:c6:fe:02:11	gPTP Sync	seq=56490 li=-3 spid=3cc0c6fffefe02100001
220.432092272	2	3c:c0:c6:fe:02:11	gPTP Follow_Up	seq=56490 li=-3 spid=3cc0c6fffefe02100001
220.551836025	3	02:00:00:00:00:01	gPTP Pdelay_Req	seq=1531 li=0 spid=020000fffe0000010001
220.552601179	2	3c:c0:c6:fe:02:11	gPTP Pdelay_Resp	seq=1531 li=127 spid=3cc0c6fffefe02100001
220.553589989	2	3c:c0:c6:fe:02:11	gPTP Pdelay_Resp_Follow_Up	seq=1531 li=127 spid=3cc0c6fffefe02100001
220.570599717	2	3c:c0:c6:fe:02:11	gPTP Sync	seq=56491 li=-3 spid=3cc0c6fffefe02100001
220.571178918	2	3c:c0:c6:fe:02:11	gPTP Follow_Up	seq=56491 li=-3 spid=3cc0c6fffefe02100001
220.600705316	2	3c:c0:c6:fe:02:11	MVRP	
220.681411945	2	3c:c0:c6:fe:02:11	gPTP Sync	seq=56492 li=-3 spid=3cc0c6fffefe02100001
220.682156555	2	3c:c0:c6:fe:02:11	gPTP Follow_Up	seq=56492 li=-3 spid=3cc0c6fffefe02100001
220.791462787	2	68:05:ca:95:b2:ed	ethertype 0x0800	
220.794841211	2	68:05:ca:95:b2:ed	ethertype 0x86dd	
220.811502330	2	3c:c0:c6:fe:02:11	gPTP Sync	seq=56493 li=-3 spid=3cc0c6fffefe02100001
220.812232923	2	3c:c0:c6:fe:02:11	gPTP Follow_Up	seq=56493 li=-3 spid=3cc0c6fffefe02100001
220.841392344	2	3c:c0:c6:fe:02:10	ethertype 0x0800	
220.881370245	2	3c:c0:c6:fe:02:11	gPTP Pdelay_Req	seq=1623 li=0 spid=3cc0c6fffefe02100001
220.881381229	3	02:00:00:00:00:01	gPTP Pdelay_Resp	seq=1623 li=127 spid=020000fffe0000010001
220.881388789	3	02:00:00:00:00:01	gPTP Pdelay_Resp_Follow_Up	seq=1623 li=127 spid=020000fffe0000010001
220.931349435	2	3c:c0:c6:fe:02:11	gPTP Sync	seq=56494 li=-3 spid=3cc0c6fffefe02100001
220.932068228	2	3c:c0:c6:fe:02:11	gPTP Follow_Up	seq=56494 li=-3 spid=3cc0c6fffefe02100001
220.964831665	3	02:00:00:00:00:01	MAAP	
221.061434379	2	3c:c0:c6:fe:02:11	gPTP Sync	seq=56495 li=-3 spid=3cc0c6fffefe02100001
221.062164405	2	3c:c0:c6:fe:02:11	gPTP Follow_Up	seq=56495 li=-3 spid=3cc0c6fffefe02100001
221.131593536	2	3c:c0:c6:fe:02:11	gPTP Announce	seq=64059 li=0 spid=3cc0c6fffefe02100001 gm=3cc0c6fffefe0210 p1=246 sr=0
221.181438517	2	3c:c0:c6:fe:02:11	gPTP Sync	seq=56496 li=-3 spid=3cc0c6fffefe02100001
221.182168510	2	3c:c0:c6:fe:02:11	gPTP Follow_Up	seq=56496 li=-3 spid=3cc0c6fffefe02100001
221.224488026	2	68:05:ca:95:b2:ed	ethertype 0x86dd	
221.240782168	2	3c:c0:c6:fe:02:11	MVRP	
221.311419877	2	3c:c0:c6:fe:02:11	gPTP Sync	seq=56497 li=-3 spid=3cc0c6fffefe02100001
221.312153903	2	3c:c0:c6:fe:02:11	gPTP Follow_Up	seq=56497 li=-3 spid=3cc0c6fffefe02100001
221.351835092	3	02:00:00:00:00:01	MSRP	
221.431363566	2	3c:c0:c6:fe:02:11	gPTP Sync	seq=56498 li=-3 spid=3cc0c6fffefe02100001
221.432098992	2	3c:c0:c6:fe:02:11	gPTP Follow_Up	seq=56498 li=-3 spid=3cc0c6fffefe02100001
221.551838353	3	02:00:00:00:00:01	gPTP Pdelay_Req	seq=1532 li=0 spid=020000fffe0000010001
221.552603099	2	3c:c0:c6:fe:02:11	gPTP Pdelay_Resp	seq=1532 li=127 spid=3cc0c6fffefe02100001
221.553590309	2	3c:c0:c6:fe:02:11	gPTP Pdelay_Resp_Follow_Up	seq=1532 li=127 spid=3cc0c6fffefe02100001
221.570608645	2	3c:c0:c6:fe:02:11	gPTP Sync	seq=56499 li=-3 spid=3cc0c6fffefe02100001
221.571185638	2	3c:c0:c6:fe:02:11	gPTP Follow_Up	seq=56499 li=-3 spid=3cc0c6fffefe02100001
221.600890668	2	3c:c0:c6:fe:02:11	MVRP	
221.632204501	2	3c:c0:c6:01:02:03	ADP	eid=3cc0c60102030000 gm=3cc0c6fffefe0210
221.681465065	2	3c:c0:c6:fe:02:11	gPTP Sync	seq=56500 li=-3 spid=3cc0c6fffefe02100001
221.682212266	2	3c:c0:c6:fe:02:11	gPTP Follow_Up	seq=56500 li=-3 spid=3cc0c6fffefe02100001
221.801074345	2	68:05:ca:95:b2:ed	ethertype 0x86dd	
221.811528441	2	3c:c0:c6:fe:02:11	gPTP Sync	seq=56501 li=-3 spid=3cc0c6fffefe02100001
221.812259643	2	3c:c0:c6:fe:02:11	gPTP Follow_Up	seq=56501 li=-3 spid=3cc0c6fffefe02100001
221.881374149	2	3c:c0:c6:fe:02:11	gPTP Pdelay_Req	seq=1624 li=0 spid=3cc0c6fffefe02100001
221.881385141	3	02:00:00:00:00:01	gPTP Pdelay_Resp	seq=1624 li=127 spid=020000fffe0000010001
221.881392701	3	02:00:00:00:00:01	gPTP Pdelay_Resp_Follow_Up	seq=1624 li=127 spid=020000fffe0000010001
221.931359546	2	3c:c0:c6:fe:02:11	gPTP Sync	seq=56502 li=-3 spid=3cc0c6fffefe02100001
221.932076932	2	3c:c0:c6:fe:02:11	gPTP Follow_Up	seq=56502 li=-3 spid=3cc0c6fffefe02100001
221.940710816	2	3c:c0:c6:fe:02:11	ethertype 0x0027	
222.061461523	2	3c:c0:c6:fe:02:11	gPTP Sync	seq=56503 li=-3 spid=3cc0c6fffefe02100001
222.062194933	2	3c:c0:c6:fe:02:11	gPTP Follow_Up	seq=56503 li=-3 spid=3cc0c6fffefe02100001
222.131588864	2	3c:c0:c6:fe:02:11	gPTP Announce	seq=64060 li=0 spid=3cc0c6fffefe02100001 gm=3cc0c6fffefe0210 p1=246 sr=0
222.181438420	2	3c:c0:c6:fe:02:11	gPTP Sync	seq=56504 li=-3 spid=3cc0c6fffefe02100001
222.182172446	2	3c:c0:c6:fe:02:11	gPTP Follow_Up	seq=56504 li=-3 spid=3cc0c6fffefe02100001
222.248872946	2	68:05:ca:95:b2:ed	ethertype 0x86dd	
222.311048612	2	68:05:ca:95:b2:ed	ethertype 0x86dd	
222.311450605	2	3c:c0:c6:fe:02:11	gPTP Sync	seq=56505 li=-3 spid=3cc0c6fffefe02100001
222.312187215	2	3c:c0:c6:fe:02:11	gPTP Follow_Up	seq=56505 li=-3 spid=3cc0c6fffefe02100001
222.351837428	3	02:00:00:00:00:01	MSRP	
222.431370318	2	3c:c0:c6:fe:02:11	gPTP Sync	seq=56506 li=-3 spid=3cc0c6fffefe02100001
222.432105720	2	3c:c0:c6:fe:02:11	gPTP Follow_Up	seq=56506 li=-3 spid=3cc0c6fffefe02100001
222.551222007	2	3c:c0:c6:fe:02:11	MSRP	
222.551838952	3	02:00:00:00:00:01	MSRP	
222.551840688	3	02:00:00:00:00:01	gPTP Pdelay_Req	seq=1533 li=0 spid=020000fffe0000010001
222.552676834	2	3c:c0:c6:fe:02:11	gPTP Pdelay_Resp	seq=1533 li=127 spid=3cc0c6fffefe02100001
222.553660837	2	3c:c0:c6:fe:02:11	gPTP Pdelay_Resp_Follow_Up	seq=1533 li=127 spid=3cc0c6fffefe02100001
222.570629956	2	3c:c0:c6:fe:02:11	gPTP Sync	seq=56507 li=-3 spid=3cc0c6fffefe02100001
222.571228366	2	3c:c0:c6:fe:02:11	gPTP Follow_Up	seq=56507 li=-3 spid=3cc0c6fffefe02100001
222.600723787	2	3c:c0:c6:fe:02:11	MVRP	
222.681435400	2	3c:c0:c6:fe:02:11	gPTP Sync	seq=56508 li=-3 spid=3cc0c6fffefe02100001
222.682181386	2	3c:c0:c6:fe:02:11	gPTP Follow_Up	seq=56508 li=-3 spid=3cc0c6fffefe02100001
222.791417218	2	68:05:ca:95:b2:ed	ethertype 0x0800	
222.811495577	2	3c:c0:c6:fe:02:11	gPTP Sync	seq=56509 li=-3 spid=3cc0c6fffefe02100001
222.812229379	2	3c:c0:c6:fe:02:11	gPTP Follow_Up	seq=56509 li=-3 spid=3cc0c6fffefe02100001
222.824821664	2	68:05:ca:95:b2:ed	ethertype 0x86dd	
222.881398893	2	3c:c0:c6:fe:02:11	gPTP Pdelay_Req	seq=1625 li=0 spid=3cc0c6fffefe02100001
222.881409877	3	02:00:00:00:00:01	gPTP Pdelay_Resp	seq=1625 li=127 spid=020000fffe0000010001
222.881417437	3	02:00:00:00:00:01	gPTP Pdelay_Resp_Follow_Up	seq=1625 li=127 spid=020000fffe0000010001
222.894053386	2	68:05:ca:95:b2:ed	AECP	
222.894086202	3	02:00:00:00:00:01	AECP	
222.894246987	2	68:05:ca:95:b2:ed	AECP	
222.894275163	3	02:00:00:00:00:01	AECP	
222.931366882	2	3c:c0:c6:fe:02:11	gPTP Sync	seq=56510 li=-3 spid=3cc0c6fffefe02100001
222.932083683	2	3c:c0:c6:fe:02:11	gPTP Follow_Up	seq=56510 li=-3 spid=3cc0c6fffefe02100001
223.061449043	2	3c:c0:c6:fe:02:11	gPTP Sync	seq=56511 li=-3 spid=3cc0c6fffefe02100001
223.062182460	2	3c:c0:c6:fe:02:11	gPTP Follow_Up	seq=56511 li=-3 spid=3cc0c6fffefe02100001
223.131599175	2	3c:c0:c6:fe:02:11	gPTP Announce	seq=64061 li=0 spid=3cc0c6fffefe02100001 gm=3cc0c6fffefe0210 p1=246 sr=0
223.181471356	2	3c:c0:c6:fe:02:11	gPTP Sync	seq=56512 li=-3 spid=3cc0c6fffefe02100001
223.182203549	2	3c:c0:c6:fe:02:11	gPTP Follow_Up	seq=56512 li=-3 spid=3cc0c6fffefe02100001
223.311465708	2	3c:c0:c6:fe:02:11	gPTP Sync	seq=56513 li=-3 spid=3cc0c6fffefe02100001
223.312202742	2	3c:c0:c6:fe:02:11	gPTP Follow_Up	seq=56513 li=-3 spid=3cc0c6fffefe02100001
223.351839747	3	02:00:00:00:00:01	MSRP	
223.431375637	2	3c:c0:c6:fe:02:11	gPTP Sync	seq=56514 li=-3 spid=3cc0c6fffefe02100001
223.432109431	2	3c:c0:c6:fe:02:11	gPTP Follow_Up	seq=56514 li=-3 spid=3cc0c6fffefe02100001
223.551843016	3	02:00:00:00:00:01	gPTP Pdelay_Req	seq=1534 li=0 spid=020000fffe0000010001
223.552610945	2	3c:c0:c6:fe:02:11	gPTP Pdelay_Resp	seq=1534 li=127 spid=3cc0c6fffefe02100001
223.553602348	2	3c:c0:c6:fe:02:11	gPTP Pdelay_Resp_Follow_Up	seq=1534 li=127 spid=3cc0c6fffefe02100001
223.570624876	2	3c:c0:c6:fe:02:11	gPTP Sync	seq=56515 li=-3 spid=3cc0c6fffefe02100001
223.571204077	2	3c:c0:c6:fe:02:11	gPTP Follow_Up	seq=56515 li=-3 spid=3cc0c6fffefe02100001
223.600913907	2	3c:c0:c6:fe:02:11	MVRP	
223.681436719	2	3c:c0:c6:fe:02:11	gPTP Sync	seq=56516 li=-3 spid=3cc0c6fffefe02100001
223.682182929	2	3c:c0:c6:fe:02:11	gPTP Follow_Up	seq=56516 li=-3 spid=3cc0c6fffefe02100001
223.811516288	2	3c:c0:c6:fe:02:11	gPTP Sync	seq=56517 li=-3 spid=3cc0c6fffefe02100001
223.812250698	2	3c:c0:c6:fe:02:11	gPTP Follow_Up	seq=56517 li=-3 spid=3cc0c6fffefe02100001
223.881397228	2	3c:c0:c6:fe:02:11	gPTP Pdelay_Req	seq=1626 li=0 spid=3cc0c6fffefe02100001
223.881408212	3	02:00:00:00:00:01	gPTP Pdelay_Resp	seq=1626 li=127 spid=020000fffe0000010001
223.881415772	3	02:00:00:00:00:01	gPTP Pdelay_Resp_Follow_Up	seq=1626 li=127 spid=020000fffe0000010001
223.931370793	2	3c:c0:c6:fe:02:11	gPTP Sync	seq=56518 li=-3 spid=3cc0c6fffefe02100001
223.932088779	2	3c:c0:c6:fe:02:11	gPTP Follow_Up	seq=56518 li=-3 spid=3cc0c6fffefe02100001
223.940726863	2	3c:c0:c6:fe:02:11	ethertype 0x0027	
224.061453178	2	3c:c0:c6:fe:02:11	gPTP Sync	seq=56519 li=-3 spid=3cc0c6fffefe02100001
224.062185380	2	3c:c0:c6:fe:02:11	gPTP Follow_Up	seq=56519 li=-3 spid=3cc0c6fffefe02100001
224.131618310	2	3c:c0:c6:fe:02:11	gPTP Announce	seq=64062 li=0 spid=3cc0c6fffefe02100001 gm=3cc0c6fffefe0210 p1=246 sr=0
224.181451875	2	3c:c0:c6:fe:02:11	gPTP Sync	seq=56520 li=-3 spid=3cc0c6fffefe02100001
224.182184677	2	3c:c0:c6:fe:02:11	gPTP Follow_Up	seq=56520 li=-3 spid=3cc0c6fffefe02100001
224.311526836	2	3c:c0:c6:fe:02:11	gPTP Sync	seq=56521 li=-3 spid=3cc0c6fffefe02100001
224.312264854	2	3c:c0:c6:fe:02:11	gPTP Follow_Up	seq=56521 li=-3 spid=3cc0c6fffefe02100001
224.351842050	3	02:00:00:00:00:01	MSRP	
224.431386141	2	3c:c0:c6:fe:02:11	gPTP Sync	seq=56522 li=-3 spid=3cc0c6fffefe02100001
224.432118974	2	3c:c0:c6:fe:02:11	gPTP Follow_Up	seq=56522 li=-3 spid=3cc0c6fffefe02100001
224.551845303	3	02:00:00:00:00:01	gPTP Pdelay_Req	seq=1535 li=0 spid=020000fffe0000010001
224.552609673	2	3c:c0:c6:fe:02:11	gPTP Pdelay_Resp	seq=1535 li=127 spid=3cc0c6fffefe02100001
224.553597459	2	3c:c0:c6:fe:02:11	gPTP Pdelay_Resp_Follow_Up	seq=1535 li=127 spid=3cc0c6fffefe02100001
224.570633203	2	3c:c0:c6:fe:02:11	gPTP Sync	seq=56523 li=-3 spid=3cc0c6fffefe02100001
224.571213588	2	3c:c0:c6:fe:02:11	gPTP Follow_Up	seq=56523 li=-3 spid=3cc0c6fffefe02100001
224.600734642	2	3c:c0:c6:fe:02:11	MVRP	
224.681471247	2	3c:c0:c6:fe:02:11	gPTP Sync	seq=56524 li=-3 spid=3cc0c6fffefe02100001
224.682214649	2	3c:c0:c6:fe:02:11	gPTP Follow_Up	seq=56524 li=-3 spid=3cc0c6fffefe02100001
224.811521415	2	3c:c0:c6:fe:02:11	gPTP Sync	seq=56525 li=-3 spid=3cc0c6fffefe02100001
224.812258633	2	3c:c0:c6:fe:02:11	gPTP Follow_Up	seq=56525 li=-3 spid=3cc0c6fffefe02100001
224.881409139	2	3c:c0:c6:fe:02:11	gPTP Pdelay_Req	seq=1627 li=0 spid=3cc0c6fffefe02100001
224.881420123	3	02:00:00:00:00:01	gPTP Pdelay_Resp	seq=1627 li=127 spid=020000fffe0000010001
224.881427683	3	02:00:00:00:00:01	gPTP Pdelay_Resp_Follow_Up	seq=1627 li=127 spid=020000fffe0000010001
224.931378120	2	3c:c0:c6:fe:02:11	gPTP Sync	seq=56526 li=-3 spid=3cc0c6fffefe02100001
224.932097105	2	3c:c0:c6:fe:02:11	gPTP Follow_Up	seq=56526 li=-3 spid=3cc0c6fffefe02100001
225.001376859	2	68:05:ca:95:b2:ed	ethertype 0x0800	
225.061463896	2	3c:c0:c6:fe:02:11	gPTP Sync	seq=56527 li=-3 spid=3cc0c6fffefe02100001
225.062194498	2	3c:c0:c6:fe:02:11	gPTP Follow_Up	seq=56527 li=-3 spid=3cc0c6fffefe02100001
225.131614028	2	3c:c0:c6:fe:02:11	gPTP Announce	seq=64063 li=0 spid=3cc0c6fffefe02100001 gm=3cc0c6fffefe0210 p1=246 sr=0
225.181455200	2	3c:c0:c6:fe:02:11	gPTP Sync	seq=56528 li=-3 spid=3cc0c6fffefe02100001
225.182184810	2	3c:c0:c6:fe:02:11	gPTP Follow_Up	seq=56528 li=-3 spid=3cc0c6fffefe02100001
225.311493777	2	3c:c0:c6:fe:02:11	gPTP Sync	seq=56529 li=-3 spid=3cc0c6fffefe02100001
225.312227578	2	3c:c0:c6:fe:02:11	gPTP Follow_Up	seq=56529 li=-3 spid=3cc0c6fffefe02100001
225.351844343	3	02:00:00:00:00:01	MSRP	
225.431393081	2	3c:c0:c6:fe:02:11	gPTP Sync	seq=56530 li=-3 spid=3cc0c6fffefe02100001
225.432129691	2	3c:c0:c6:fe:02:11	gPTP Follow_Up	seq=56530 li=-3 spid=3cc0c6fffefe02100001
225.551847611	3	02:00:00:00:00:01	gPTP Pdelay_Req	seq=1536 li=0 spid=020000fffe0000010001
225.552612389	2	3c:c0:c6:fe:02:11	gPTP Pdelay_Resp	seq=1536 li=127 spid=3cc0c6fffefe02100001
225.553597999	2	3c:c0:c6:fe:02:11	gPTP Pdelay_Resp_Follow_Up	seq=1536 li=127 spid=3cc0c6fffefe02100001
225.570642927	2	3c:c0:c6:fe:02:11	gPTP Sync	seq=56531 li=-3 spid=3cc0c6fffefe02100001
225.571222128	2	3c:c0:c6:fe:02:11	gPTP Follow_Up	seq=56531 li=-3 spid=3cc0c6fffefe02100001
225.600934126	2	3c:c0:c6:fe:02:11	MVRP	
225.681449930	2	3c:c0:c6:fe:02:11	gPTP Sync	seq=56532 li=-3 spid=3cc0c6fffefe02100001
225.682195572	2	3c:c0:c6:fe:02:11	gPTP Follow_Up	seq=56532 li=-3 spid=3cc0c6fffefe02100001
225.756842770	3	02:00:00:00:00:01	MAAP	
225.811540738	2	3c:c0:c6:fe:02:11	gPTP Sync	seq=56533 li=-3 spid=3cc0c6fffefe02100001
225.812273540	2	3c:c0:c6:fe:02:11	gPTP Follow_Up	seq=56533 li=-3 spid=3cc0c6fffefe02100001
225.881421069	2	3c:c0:c6:fe:02:11	gPTP Pdelay_Req	seq=1628 li=0 spid=3cc0c6fffefe02100001
225.881432069	3	02:00:00:00:00:01	gPTP Pdelay_Resp	seq=1628 li=127 spid=020000fffe0000010001
225.881439629	3	02:00:00:00:00:01	gPTP Pdelay_Resp_Follow_Up	seq=1628 li=127 spid=020000fffe0000010001
225.931386626	2	3c:c0:c6:fe:02:11	gPTP Sync	seq=56534 li=-3 spid=3cc0c6fffefe02100001
225.932105036	2	3c:c0:c6:fe:02:11	gPTP Follow_Up	seq=56534 li=-3 spid=3cc0c6fffefe02100001
225.940741096	2	3c:c0:c6:fe:02:11	ethertype 0x0027	
225.961148864	2	68:05:ca:95:b2:ed	ethertype 0x86dd	
226.061493618	2	3c:c0:c6:fe:02:11	gPTP Sync	seq=56535 li=-3 spid=3cc0c6fffefe02100001
226.062224220	2	3c:c0:c6:fe:02:11	gPTP Follow_Up	seq=56535 li=-3 spid=3cc0c6fffefe02100001
226.131622950	2	3c:c0:c6:fe:02:11	gPTP Announce	seq=64064 li=0 spid=3cc0c6fffefe02100001 gm=3cc0c6fffefe0210 p1=246 sr=0
226.181487515	2	3c:c0:c6:fe:02:11	gPTP Sync	seq=56536 li=-3 spid=3cc0c6fffefe02100001
226.182220324	2	3c:c0:c6:fe:02:11	gPTP Follow_Up	seq=56536 li=-3 spid=3cc0c6fffefe02100001
226.311460490	2	3c:c0:c6:fe:02:11	gPTP Sync	seq=56537 li=-3 spid=3cc0c6fffefe02100001
226.312199700	2	3c:c0:c6:fe:02:11	gPTP Follow_Up	seq=56537 li=-3 spid=3cc0c6fffefe02100001
226.351846689	3	02:00:00:00:00:01	MSRP	
226.431398194	2	3c:c0:c6:fe:02:11	gPTP Sync	seq=56538 li=-3 spid=3cc0c6fffefe02100001
226.432136788	2	3c:c0:c6:fe:02:11	gPTP Follow_Up	seq=56538 li=-3 spid=3cc0c6fffefe02100001
226.432847942	3	02:00:00:00:00:01	ADP	eid=020000fffe000001 gm=3cc0c6fffefe0210
226.551849956	3	02:00:00:00:00:01	gPTP Pdelay_Req	seq=1537 li=0 spid=020000fffe0000010001
226.552613278	2	3c:c0:c6:fe:02:11	gPTP Pdelay_Resp	seq=1537 li=127 spid=3cc0c6fffefe02100001
226.553600904	2	3c:c0:c6:fe:02:11	gPTP Pdelay_Resp_Follow_Up	seq=1537 li=127 spid=3cc0c6fffefe02100001
226.570647432	2	3c:c0:c6:fe:02:11	gPTP Sync	seq=56539 li=-3 spid=3cc0c6fffefe02100001
226.571227817	2	3c:c0:c6:fe:02:11	gPTP Follow_Up	seq=56539 li=-3 spid=3cc0c6fffefe02100001
226.600696454	2	3c:c0:c6:fe:02:11	MVRP	
226.681457675	2	3c:c0:c6:fe:02:11	gPTP Sync	seq=56540 li=-3 spid=3cc0c6fffefe02100001
226.682200684	2	3c:c0:c6:fe:02:11	gPTP Follow_Up	seq=56540 li=-3 spid=3cc0c6fffefe02100001
226.811526651	2	3c:c0:c6:fe:02:11	gPTP Sync	seq=56541 li=-3 spid=3cc0c6fffefe02100001
226.812258845	2	3c:c0:c6:fe:02:11	gPTP Follow_Up	seq=56541 li=-3 spid=3cc0c6fffefe02100001
226.881421382	2	3c:c0:c6:fe:02:11	gPTP Pdelay_Req	seq=1629 li=0 spid=3cc0c6fffefe02100001
226.881432382	3	02:00:00:00:00:01	gPTP Pdelay_Resp	seq=1629 li=127 spid=020000fffe0000010001
226.881439942	3	02:00:00:00:00:01	gPTP Pdelay_Resp_Follow_Up	seq=1629 li=127 spid=020000fffe0000010001
226.931393347	2	3c:c0:c6:fe:02:11	gPTP Sync	seq=56542 li=-3 spid=3cc0c6fffefe02100001
226.932108165	2	3c:c0:c6:fe:02:11	gPTP Follow_Up	seq=56542 li=-3 spid=3cc0c6fffefe02100001
226.940863625	2	3c:c0:c6:fe:02:10	ethertype 0x0800	
226.951848075	3	02:00:00:00:00:01	MSRP	
226.952220700	2	3c:c0:c6:fe:02:11	MSRP	
227.051272228	2	3c:c0:c6:fe:02:11	MSRP	
227.061535124	2	3c:c0:c6:fe:02:11	gPTP Sync	seq=56543 li=-3 spid=3cc0c6fffefe02100001
227.062262134	2	3c:c0:c6:fe:02:11	gPTP Follow_Up	seq=56543 li=-3 spid=3cc0c6fffefe02100001
227.131637248	2	3c:c0:c6:fe:02:11	gPTP Announce	seq=64065 li=0 spid=3cc0c6fffefe02100001 gm=3cc0c6fffefe0210 p1=246 sr=0
227.181485437	2	3c:c0:c6:fe:02:11	gPTP Sync	seq=56544 li=-3 spid=3cc0c6fffefe02100001
227.182217214	2	3c:c0:c6:fe:02:11	gPTP Follow_Up	seq=56544 li=-3 spid=3cc0c6fffefe02100001
227.311471213	2	3c:c0:c6:fe:02:11	gPTP Sync	seq=56545 li=-3 spid=3cc0c6fffefe02100001
227.312207214	2	3c:c0:c6:fe:02:11	gPTP Follow_Up	seq=56545 li=-3 spid=3cc0c6fffefe02100001
227.351849027	3	02:00:00:00:00:01	MSRP	
227.431407309	2	3c:c0:c6:fe:02:11	gPTP Sync	seq=56546 li=-3 spid=3cc0c6fffefe02100001
227.432143927	2	3c:c0:c6:fe:02:11	gPTP Follow_Up	seq=56546 li=-3 spid=3cc0c6fffefe02100001
227.551852287	3	02:00:00:00:00:01	gPTP Pdelay_Req	seq=1538 li=0 spid=020000fffe0000010001
227.552619617	2	3c:c0:c6:fe:02:11	gPTP Pdelay_Resp	seq=1538 li=127 spid=3cc0c6fffefe02100001
227.553609643	2	3c:c0:c6:fe:02:11	gPTP Pdelay_Resp_Follow_Up	seq=1538 li=127 spid=3cc0c6fffefe02100001
227.570658155	2	3c:c0:c6:fe:02:11	gPTP Sync	seq=56547 li=-3 spid=3cc0c6fffefe02100001
227.571238956	2	3c:c0:c6:fe:02:11	gPTP Follow_Up	seq=56547 li=-3 spid=3cc0c6fffefe02100001
227.600921578	2	3c:c0:c6:fe:02:11	MVRP	
227.681524391	2	3c:c0:c6:fe:02:11	gPTP Sync	seq=56548 li=-3 spid=3cc0c6fffefe02100001
227.682269008	2	3c:c0:c6:fe:02:11	gPTP Follow_Up	seq=56548 li=-3 spid=3cc0c6fffefe02100001
227.811527167	2	3c:c0:c6:fe:02:11	gPTP Sync	seq=56549 li=-3 spid=3cc0c6fffefe02100001
227.812260577	2	3c:c0:c6:fe:02:11	gPTP Follow_Up	seq=56549 li=-3 spid=3cc0c6fffefe02100001
227.881430891	2	3c:c0:c6:fe:02:11	gPTP Pdelay_Req	seq=1630 li=0 spid=3cc0c6fffefe02100001
227.881441875	3	02:00:00:00:00:01	gPTP Pdelay_Resp	seq=1630 li=127 spid=020000fffe0000010001
227.881449435	3	02:00:00:00:00:01	gPTP Pdelay_Resp_Follow_Up	seq=1630 li=127 spid=020000fffe0000010001
227.894969202	2	68:05:ca:95:b2:ed	AECP	
227.895001066	3	02:00:00:00:00:01	AECP	
227.895170195	2	68:05:ca:95:b2:ed	AECP	
227.895197451	3	02:00:00:00:00:01	AECP	
227.931399872	2	3c:c0:c6:fe:02:11	gPTP Sync	seq=56550 li=-3 spid=3cc0c6fffefe02100001
227.932116681	2	3c:c0:c6:fe:02:11	gPTP Follow_Up	seq=56550 li=-3 spid=3cc0c6fffefe02100001
227.940755333	2	3c:c0:c6:fe:02:11	ethertype 0x0027	
227.995076925	2	3c:c0:c6:01:02:03	ADP	eid=3cc0c60102030000 gm=3cc0c6fffefe0210
228.061485424	2	3c:c0:c6:fe:02:11	gPTP Sync	seq=56551 li=-3 spid=3cc0c6fffefe02100001
228.062217050	2	3c:c0:c6:fe:02:11	gPTP Follow_Up	seq=56551 li=-3 spid=3cc0c6fffefe02100001
228.131639780	2	3c:c0:c6:fe:02:11	gPTP Announce	seq=64066 li=0 spid=3cc0c6fffefe02100001 gm=3cc0c6fffefe0210 p1=246 sr=0
228.181481945	2	3c:c0:c6:fe:02:11	gPTP Sync	seq=56552 li=-3 spid=3cc0c6fffefe02100001
228.182214371	2	3c:c0:c6:fe:02:11	gPTP Follow_Up	seq=56552 li=-3 spid=3cc0c6fffefe02100001
228.311492906	2	3c:c0:c6:fe:02:11	gPTP Sync	seq=56553 li=-3 spid=3cc0c6fffefe02100001
228.312229331	2	3c:c0:c6:fe:02:11	gPTP Follow_Up	seq=56553 li=-3 spid=3cc0c6fffefe02100001
228.351851352	3	02:00:00:00:00:01	MSRP	
228.431416626	2	3c:c0:c6:fe:02:11	gPTP Sync	seq=56554 li=-3 spid=3cc0c6fffefe02100001
228.432153236	2	3c:c0:c6:fe:02:11	gPTP Follow_Up	seq=56554 li=-3 spid=3cc0c6fffefe02100001
228.551854612	3	02:00:00:00:00:01	gPTP Pdelay_Req	seq=1539 li=0 spid=020000fffe0000010001
228.552622718	2	3c:c0:c6:fe:02:11	gPTP Pdelay_Resp	seq=1539 li=127 spid=3cc0c6fffefe02100001
228.553612553	2	3c:c0:c6:fe:02:11	gPTP Pdelay_Resp_Follow_Up	seq=1539 li=127 spid=3cc0c6fffefe02100001
228.570666056	2	3c:c0:c6:fe:02:11	gPTP Sync	seq=56555 li=-3 spid=3cc0c6fffefe02100001
228.571245290	2	3c:c0:c6:fe:02:11	gPTP Follow_Up	seq=56555 li=-3 spid=3cc0c6fffefe02100001
228.600779079	2	3c:c0:c6:fe:02:11	MVRP	
228.681475716	2	3c:c0:c6:fe:02:11	gPTP Sync	seq=56556 li=-3 spid=3cc0c6fffefe02100001
228.682219118	2	3c:c0:c6:fe:02:11	gPTP Follow_Up	seq=56556 li=-3 spid=3cc0c6fffefe02100001
228.811532285	2	3c:c0:c6:fe:02:11	gPTP Sync	seq=56557 li=-3 spid=3cc0c6fffefe02100001
228.812265694	2	3c:c0:c6:fe:02:11	gPTP Follow_Up	seq=56557 li=-3 spid=3cc0c6fffefe02100001
228.881446216	2	3c:c0:c6:fe:02:11	gPTP Pdelay_Req	seq=1631 li=0 spid=3cc0c6fffefe02100001
228.881457224	3	02:00:00:00:00:01	gPTP Pdelay_Resp	seq=1631 li=127 spid=020000fffe0000010001
228.881464784	3	02:00:00:00:00:01	gPTP Pdelay_Resp_Follow_Up	seq=1631 li=127 spid=020000fffe0000010001
228.931410366	2	3c:c0:c6:fe:02:11	gPTP Sync	seq=56558 li=-3 spid=3cc0c6fffefe02100001
228.932128807	2	3c:c0:c6:fe:02:11	gPTP Follow_Up	seq=56558 li=-3 spid=3cc0c6fffefe02100001
229.028142520	2	68:05:ca:95:b2:ed	ethertype 0x0800	
229.061490766	2	3c:c0:c6:fe:02:11	gPTP Sync	seq=56559 li=-3 spid=3cc0c6fffefe02100001
229.062222968	2	3c:c0:c6:fe:02:11	gPTP Follow_Up	seq=56559 li=-3 spid=3cc0c6fffefe02100001
229.131644099	2	3c:c0:c6:fe:02:11	gPTP Announce	seq=64067 li=0 spid=3cc0c6fffefe02100001 gm=3cc0c6fffefe0210 p1=246 sr=0
229.181513464	2	3c:c0:c6:fe:02:11	gPTP Sync	seq=56560 li=-3 spid=3cc0c6fffefe02100001
229.182244281	2	3c:c0:c6:fe:02:11	gPTP Follow_Up	seq=56560 li=-3 spid=3cc0c6fffefe02100001
229.311483848	2	3c:c0:c6:fe:02:11	gPTP Sync	seq=56561 li=-3 spid=3cc0c6fffefe02100001
229.312222066	2	3c:c0:c6:fe:02:11	gPTP Follow_Up	seq=56561 li=-3 spid=3cc0c6fffefe02100001
229.351853663	3	02:00:00:00:00:01	MSRP	
229.431433361	2	3c:c0:c6:fe:02:11	gPTP Sync	seq=56562 li=-3 spid=3cc0c6fffefe02100001
229.432172563	2	3c:c0:c6:fe:02:11	gPTP Follow_Up	seq=56562 li=-3 spid=3cc0c6fffefe02100001
229.551856923	3	02:00:00:00:00:01	gPTP Pdelay_Req	seq=1540 li=0 spid=020000fffe0000010001
229.552662237	2	3c:c0:c6:fe:02:11	gPTP Pdelay_Resp	seq=1540 li=127 spid=3cc0c6fffefe02100001
229.553648263	2	3c:c0:c6:fe:02:11	gPTP Pdelay_Resp_Follow_Up	seq=1540 li=127 spid=3cc0c6fffefe02100001
229.570670407	2	3c:c0:c6:fe:02:11	gPTP Sync	seq=56563 li=-3 spid=3cc0c6fffefe02100001
229.571249993	2	3c:c0:c6:fe:02:11	gPTP Follow_Up	seq=56563 li=-3 spid=3cc0c6fffefe02100001
229.600948622	2	3c:c0:c6:fe:02:11	MVRP	
229.681486443	2	3c:c0:c6:fe:02:11	gPTP Sync	seq=56564 li=-3 spid=3cc0c6fffefe02100001
229.682232013	2	3c:c0:c6:fe:02:11	gPTP Follow_Up	seq=56564 li=-3 spid=3cc0c6fffefe02100001
229.811552604	2	3c:c0:c6:fe:02:11	gPTP Sync	seq=56565 li=-3 spid=3cc0c6fffefe02100001
229.812285406	2	3c:c0:c6:fe:02:11	gPTP Follow_Up	seq=56565 li=-3 spid=3cc0c6fffefe02100001
229.881444744	2	3c:c0:c6:fe:02:11	gPTP Pdelay_Req	seq=1632 li=0 spid=3cc0c6fffefe02100001
229.881455752	3	02:00:00:00:00:01	gPTP Pdelay_Resp	seq=1632 li=127 spid=020000fffe0000010001
229.881463312	3	02:00:00:00:00:01	gPTP Pdelay_Resp_Follow_Up	seq=1632 li=127 spid=020000fffe0000010001
229.931419525	2	3c:c0:c6:fe:02:11	gPTP Sync	seq=56566 li=-3 spid=3cc0c6fffefe02100001
229.932139910	2	3c:c0:c6:fe:02:11	gPTP Follow_Up	seq=56566 li=-3 spid=3cc0c6fffefe02100001
229.940771179	2	3c:c0:c6:fe:02:11	ethertype 0x0027	
230.061524086	2	3c:c0:c6:fe:02:11	gPTP Sync	seq=56567 li=-3 spid=3cc0c6fffefe02100001
230.062257495	2	3c:c0:c6:fe:02:11	gPTP Follow_Up	seq=56567 li=-3 spid=3cc0c6fffefe02100001
230.115852909	3	02:00:00:00:00:01	MAAP	
230.131664610	2	3c:c0:c6:fe:02:11	gPTP Announce	seq=64068 li=0 spid=3cc0c6fffefe02100001 gm=3cc0c6fffefe0210 p1=246 sr=0
230.181501599	2	3c:c0:c6:fe:02:11	gPTP Sync	seq=56568 li=-3 spid=3cc0c6fffefe02100001
230.182232801	2	3c:c0:c6:fe:02:11	gPTP Follow_Up	seq=56568 li=-3 spid=3cc0c6fffefe02100001
230.311486383	2	3c:c0:c6:fe:02:11	gPTP Sync	seq=56569 li=-3 spid=3cc0c6fffefe02100001
230.312221169	2	3c:c0:c6:fe:02:11	gPTP Follow_Up	seq=56569 li=-3 spid=3cc0c6fffefe02100001
230.351855982	3	02:00:00:00:00:01	MSRP	
230.431458673	2	3c:c0:c6:fe:02:11	gPTP Sync	seq=56570 li=-3 spid=3cc0c6fffefe02100001
230.432194074	2	3c:c0:c6:fe:02:11	gPTP Follow_Up	seq=56570 li=-3 spid=3cc0c6fffefe02100001
230.551859243	3	02:00:00:00:00:01	gPTP Pdelay_Req	seq=1541 li=0 spid=020000fffe0000010001
230.552631589	2	3c:c0:c6:fe:02:11	gPTP Pdelay_Resp	seq=1541 li=127 spid=3cc0c6fffefe02100001
230.553614991	2	3c:c0:c6:fe:02:11	gPTP Pdelay_Resp_Follow_Up	seq=1541 li=127 spid=3cc0c6fffefe02100001
230.570677519	2	3c:c0:c6:fe:02:11	gPTP Sync	seq=56571 li=-3 spid=3cc0c6fffefe02100001
230.571258928	2	3c:c0:c6:fe:02:11	gPTP Follow_Up	seq=56571 li=-3 spid=3cc0c6fffefe02100001
230.600780941	2	3c:c0:c6:fe:02:11	MVRP	
230.681514955	2	3c:c0:c6:fe:02:11	gPTP Sync	seq=56572 li=-3 spid=3cc0c6fffefe02100001
230.682262772	2	3c:c0:c6:fe:02:11	gPTP Follow_Up	seq=56572 li=-3 spid=3cc0c6fffefe02100001
230.811544923	2	3c:c0:c6:fe:02:11	gPTP Sync	seq=56573 li=-3 spid=3cc0c6fffefe02100001
230.812276741	2	3c:c0:c6:fe:02:11	gPTP Follow_Up	seq=56573 li=-3 spid=3cc0c6fffefe02100001
230.881447055	2	3c:c0:c6:fe:02:11	gPTP Pdelay_Req	seq=1633 li=0 spid=3cc0c6fffefe02100001
230.881458039	3	02:00:00:00:00:01	gPTP Pdelay_Resp	seq=1633 li=127 spid=020000fffe0000010001
230.881465599	3	02:00:00:00:00:01	gPTP Pdelay_Resp_Follow_Up	seq=1633 li=127 spid=020000fffe0000010001
230.931440644	2	3c:c0:c6:fe:02:11	gPTP Sync	seq=56574 li=-3 spid=3cc0c6fffefe02100001
230.932162246	2	3c:c0:c6:fe:02:11	gPTP Follow_Up	seq=56574 li=-3 spid=3cc0c6fffefe02100001
231.061505205	2	3c:c0:c6:fe:02:11	gPTP Sync	seq=56575 li=-3 spid=3cc0c6fffefe02100001
231.062236415	2	3c:c0:c6:fe:02:11	gPTP Follow_Up	seq=56575 li=-3 spid=3cc0c6fffefe02100001
231.131660130	2	3c:c0:c6:fe:02:11	gPTP Announce	seq=64069 li=0 spid=3cc0c6fffefe02100001 gm=3cc0c6fffefe0210 p1=246 sr=0
231.181509310	2	3c:c0:c6:fe:02:11	gPTP Sync	seq=56576 li=-3 spid=3cc0c6fffefe02100001
231.182239520	2	3c:c0:c6:fe:02:11	gPTP Follow_Up	seq=56576 li=-3 spid=3cc0c6fffefe02100001
231.240846169	2	3c:c0:c6:fe:02:11	MVRP	
231.311513295	2	3c:c0:c6:fe:02:11	gPTP Sync	seq=56577 li=-3 spid=3cc0c6fffefe02100001
231.312249297	2	3c:c0:c6:fe:02:11	gPTP Follow_Up	seq=56577 li=-3 spid=3cc0c6fffefe02100001
231.351858318	3	02:00:00:00:00:01	MSRP	
231.431474384	2	3c:c0:c6:fe:02:11	gPTP Sync	seq=56578 li=-3 spid=3cc0c6fffefe02100001
231.432210394	2	3c:c0:c6:fe:02:11	gPTP Follow_Up	seq=56578 li=-3 spid=3cc0c6fffefe02100001
231.551861578	3	02:00:00:00:00:01	gPTP Pdelay_Req	seq=1542 li=0 spid=020000fffe0000010001
231.552622916	2	3c:c0:c6:fe:02:11	gPTP Pdelay_Resp	seq=1542 li=127 spid=3cc0c6fffefe02100001
231.553613702	2	3c:c0:c6:fe:02:11	gPTP Pdelay_Resp_Follow_Up	seq=1542 li=127 spid=3cc0c6fffefe02100001
231.570687430	2	3c:c0:c6:fe:02:11	gPTP Sync	seq=56579 li=-3 spid=3cc0c6fffefe02100001
231.571266640	2	3c:c0:c6:fe:02:11	gPTP Follow_Up	seq=56579 li=-3 spid=3cc0c6fffefe02100001
231.600981261	2	3c:c0:c6:fe:02:11	MVRP	
231.681496074	2	3c:c0:c6:fe:02:11	gPTP Sync	seq=56580 li=-3 spid=3cc0c6fffefe02100001
231.682242676	2	3c:c0:c6:fe:02:11	gPTP Follow_Up	seq=56580 li=-3 spid=3cc0c6fffefe02100001
231.811552251	2	3c:c0:c6:fe:02:11	gPTP Sync	seq=56581 li=-3 spid=3cc0c6fffefe02100001
231.812285669	2	3c:c0:c6:fe:02:11	gPTP Follow_Up	seq=56581 li=-3 spid=3cc0c6fffefe02100001
231.881463375	2	3c:c0:c6:fe:02:11	gPTP Pdelay_Req	seq=1634 li=0 spid=3cc0c6fffefe02100001
231.881474367	3	02:00:00:00:00:01	gPTP Pdelay_Resp	seq=1634 li=127 spid=020000fffe0000010001
231.881481927	3	02:00:00:00:00:01	gPTP Pdelay_Resp_Follow_Up	seq=1634 li=127 spid=020000fffe0000010001
231.931480356	2	3c:c0:c6:fe:02:11	gPTP Sync	seq=56582 li=-3 spid=3cc0c6fffefe02100001
231.932202950	2	3c:c0:c6:fe:02:11	gPTP Follow_Up	seq=56582 li=-3 spid=3cc0c6fffefe02100001
231.940793834	2	3c:c0:c6:fe:02:11	ethertype 0x0027	
232.061511925	2	3c:c0:c6:fe:02:11	gPTP Sync	seq=56583 li=-3 spid=3cc0c6fffefe02100001
232.062244351	2	3c:c0:c6:fe:02:11	gPTP Follow_Up	seq=56583 li=-3 spid=3cc0c6fffefe02100001
232.131662657	2	3c:c0:c6:fe:02:11	gPTP Announce	seq=64070 li=0 spid=3cc0c6fffefe02100001 gm=3cc0c6fffefe0210 p1=246 sr=0
232.181540030	2	3c:c0:c6:fe:02:11	gPTP Sync	seq=56584 li=-3 spid=3cc0c6fffefe02100001
232.182269632	2	3c:c0:c6:fe:02:11	gPTP Follow_Up	seq=56584 li=-3 spid=3cc0c6fffefe02100001
232.311501423	2	3c:c0:c6:fe:02:11	gPTP Sync	seq=56585 li=-3 spid=3cc0c6fffefe02100001
232.312237809	2	3c:c0:c6:fe:02:11	gPTP Follow_Up	seq=56585 li=-3 spid=3cc0c6fffefe02100001
232.351860629	3	02:00:00:00:00:01	MSRP	
232.431448720	2	3c:c0:c6:fe:02:11	gPTP Sync	seq=56586 li=-3 spid=3cc0c6fffefe02100001
232.432181914	2	3c:c0:c6:fe:02:11	gPTP Follow_Up	seq=56586 li=-3 spid=3cc0c6fffefe02100001
232.551863890	3	02:00:00:00:00:01	gPTP Pdelay_Req	seq=1543 li=0 spid=020000fffe0000010001
232.552633220	2	3c:c0:c6:fe:02:11	gPTP Pdelay_Resp	seq=1543 li=127 spid=3cc0c6fffefe02100001
232.553618830	2	3c:c0:c6:fe:02:11	gPTP Pdelay_Resp_Follow_Up	seq=1543 li=127 spid=3cc0c6fffefe02100001
232.570694766	2	3c:c0:c6:fe:02:11	gPTP Sync	seq=56587 li=-3 spid=3cc0c6fffefe02100001
232.571274576	2	3c:c0:c6:fe:02:11	gPTP Follow_Up	seq=56587 li=-3 spid=3cc0c6fffefe02100001
232.600787981	2	3c:c0:c6:fe:02:11	MVRP	
232.681502186	2	3c:c0:c6:fe:02:11	gPTP Sync	seq=56588 li=-3 spid=3cc0c6fffefe02100001
232.682246196	2	3c:c0:c6:fe:02:11	gPTP Follow_Up	seq=56588 li=-3 spid=3cc0c6fffefe02100001
232.811570779	2	3c:c0:c6:fe:02:11	gPTP Sync	seq=56589 li=-3 spid=3cc0c6fffefe02100001
232.812306757	2	3c:c0:c6:fe:02:11	gPTP Follow_Up	seq=56589 li=-3 spid=3cc0c6fffefe02100001
232.881456911	2	3c:c0:c6:fe:02:11	gPTP Pdelay_Req	seq=1635 li=0 spid=3cc0c6fffefe02100001
232.881467903	3	02:00:00:00:00:01	gPTP Pdelay_Resp	seq=1635 li=127 spid=020000fffe0000010001
232.881475463	3	02:00:00:00:00:01	gPTP Pdelay_Resp_Follow_Up	seq=1635 li=127 spid=020000fffe0000010001
232.888548127	2	3c:c0:c6:01:02:03	MAAP	
232.895964185	2	68:05:ca:95:b2:ed	AECP	
232.895996521	3	02:00:00:00:00:01	AECP	
232.896150201	2	68:05:ca:95:b2:ed	AECP	
232.896177721	3	02:00:00:00:00:01	AECP	
232.931438084	2	3c:c0:c6:fe:02:11	gPTP Sync	seq=56590 li=-3 spid=3cc0c6fffefe02100001
232.932160078	2	3c:c0:c6:fe:02:11	gPTP Follow_Up	seq=56590 li=-3 spid=3cc0c6fffefe02100001
233.035286063	2	68:05:ca:95:b2:ed	ethertype 0x86dd	
233.061523445	2	3c:c0:c6:fe:02:11	gPTP Sync	seq=56591 li=-3 spid=3cc0c6fffefe02100001
233.062256254	2	3c:c0:c6:fe:02:11	gPTP Follow_Up	seq=56591 li=-3 spid=3cc0c6fffefe02100001
233.131679977	2	3c:c0:c6:fe:02:11	gPTP Announce	seq=64071 li=0 spid=3cc0c6fffefe02100001 gm=3cc0c6fffefe0210 p1=246 sr=0
233.181522750	2	3c:c0:c6:fe:02:11	gPTP Sync	seq=56592 li=-3 spid=3cc0c6fffefe02100001
233.182255136	2	3c:c0:c6:fe:02:11	gPTP Follow_Up	seq=56592 li=-3 spid=3cc0c6fffefe02100001
233.311511727	2	3c:c0:c6:fe:02:11	gPTP Sync	seq=56593 li=-3 spid=3cc0c6fffefe02100001
233.312249328	2	3c:c0:c6:fe:02:11	gPTP Follow_Up	seq=56593 li=-3 spid=3cc0c6fffefe02100001
233.351862957	3	02:00:00:00:00:01	MSRP	
233.431454832	2	3c:c0:c6:fe:02:11	gPTP Sync	seq=56594 li=-3 spid=3cc0c6fffefe02100001
233.432189241	2	3c:c0:c6:fe:02:11	gPTP Follow_Up	seq=56594 li=-3 spid=3cc0c6fffefe02100001
233.551866218	3	02:00:00:00:00:01	gPTP Pdelay_Req	seq=1544 li=0 spid=020000fffe0000010001
233.552636356	2	3c:c0:c6:fe:02:11	gPTP Pdelay_Resp	seq=1544 li=127 spid=3cc0c6fffefe02100001
233.553627750	2	3c:c0:c6:fe:02:11	gPTP Pdelay_Resp_Follow_Up	seq=1544 li=127 spid=3cc0c6fffefe02100001
233.570700462	2	3c:c0:c6:fe:02:11	gPTP Sync	seq=56595 li=-3 spid=3cc0c6fffefe02100001
233.571278479	2	3c:c0:c6:fe:02:11	gPTP Follow_Up	seq=56595 li=-3 spid=3cc0c6fffefe02100001
233.600993101	2	3c:c0:c6:fe:02:11	MVRP	
233.681537706	2	3c:c0:c6:fe:02:11	gPTP Sync	seq=56596 li=-3 spid=3cc0c6fffefe02100001
233.682283924	2	3c:c0:c6:fe:02:11	gPTP Follow_Up	seq=56596 li=-3 spid=3cc0c6fffefe02100001
233.720864878	3	02:00:00:00:00:01	ADP	eid=020000fffe000001 gm=3cc0c6fffefe0210
233.811572699	2	3c:c0:c6:fe:02:11	gPTP Sync	seq=56597 li=-3 spid=3cc0c6fffefe02100001
233.812305476	2	3c:c0:c6:fe:02:11	gPTP Follow_Up	seq=56597 li=-3 spid=3cc0c6fffefe02100001
233.881470406	2	3c:c0:c6:fe:02:11	gPTP Pdelay_Req	seq=1636 li=0 spid=3cc0c6fffefe02100001
233.881481414	3	02:00:00:00:00:01	gPTP Pdelay_Resp	seq=1636 li=127 spid=020000fffe0000010001
233.881488974	3	02:00:00:00:00:01	gPTP Pdelay_Resp_Follow_Up	seq=1636 li=127 spid=020000fffe0000010001
233.931446788	2	3c:c0:c6:fe:02:11	gPTP Sync	seq=56598 li=-3 spid=3cc0c6fffefe02100001
233.932163589	2	3c:c0:c6:fe:02:11	gPTP Follow_Up	seq=56598 li=-3 spid=3cc0c6fffefe02100001
233.940800265	2	3c:c0:c6:fe:02:11	ethertype 0x0027	
234.061562165	2	3c:c0:c6:fe:02:11	gPTP Sync	seq=56599 li=-3 spid=3cc0c6fffefe02100001
234.062296150	2	3c:c0:c6:fe:02:11	gPTP Follow_Up	seq=56599 li=-3 spid=3cc0c6fffefe02100001
234.066862105	3	02:00:00:00:00:01	MAAP	
234.131681505	2	3c:c0:c6:fe:02:11	gPTP Announce	seq=64072 li=0 spid=3cc0c6fffefe02100001 gm=3cc0c6fffefe0210 p1=246 sr=0
234.179445833	2	3c:c0:c6:01:02:03	ADP	eid=3cc0c60102030000 gm=3cc0c6fffefe0210
234.181558270	2	3c:c0:c6:fe:02:11	gPTP Sync	seq=56600 li=-3 spid=3cc0c6fffefe02100001
234.182290080	2	3c:c0:c6:fe:02:11	gPTP Follow_Up	seq=56600 li=-3 spid=3cc0c6fffefe02100001
234.311601263	2	3c:c0:c6:fe:02:11	gPTP Sync	seq=56601 li=-3 spid=3cc0c6fffefe02100001
234.312335664	2	3c:c0:c6:fe:02:11	gPTP Follow_Up	seq=56601 li=-3 spid=3cc0c6fffefe02100001
234.351865293	3	02:00:00:00:00:01	MSRP	
234.431455152	2	3c:c0:c6:fe:02:11	gPTP Sync	seq=56602 li=-3 spid=3cc0c6fffefe02100001
234.432186361	2	3c:c0:c6:fe:02:11	gPTP Follow_Up	seq=56602 li=-3 spid=3cc0c6fffefe02100001
234.551868554	3	02:00:00:00:00:01	gPTP Pdelay_Req	seq=1545 li=0 spid=020000fffe0000010001
234.552637660	2	3c:c0:c6:fe:02:11	gPTP Pdelay_Resp	seq=1545 li=127 spid=3cc0c6fffefe02100001
234.553629062	2	3c:c0:c6:fe:02:11	gPTP Pdelay_Resp_Follow_Up	seq=1545 li=127 spid=3cc0c6fffefe02100001
234.570711398	2	3c:c0:c6:fe:02:11	gPTP Sync	seq=56603 li=-3 spid=3cc0c6fffefe02100001
234.571292199	2	3c:c0:c6:fe:02:11	gPTP Follow_Up	seq=56603 li=-3 spid=3cc0c6fffefe02100001
234.600822829	2	3c:c0:c6:fe:02:11	MVRP	
234.681520010	2	3c:c0:c6:fe:02:11	gPTP Sync	seq=56604 li=-3 spid=3cc0c6fffefe02100001
234.682265035	2	3c:c0:c6:fe:02:11	gPTP Follow_Up	seq=56604 li=-3 spid=3cc0c6fffefe02100001
234.811580411	2	3c:c0:c6:fe:02:11	gPTP Sync	seq=56605 li=-3 spid=3cc0c6fffefe02100001
234.812315420	2	3c:c0:c6:fe:02:11	gPTP Follow_Up	seq=56605 li=-3 spid=3cc0c6fffefe02100001
234.881497542	2	3c:c0:c6:fe:02:11	gPTP Pdelay_Req	seq=1637 li=0 spid=3cc0c6fffefe02100001
234.881508542	3	02:00:00:00:00:01	gPTP Pdelay_Resp	seq=1637 li=127 spid=020000fffe0000010001
234.881516103	3	02:00:00:00:00:01	gPTP Pdelay_Resp_Follow_Up	seq=1637 li=127 spid=020000fffe0000010001
234.931453508	2	3c:c0:c6:fe:02:11	gPTP Sync	seq=56606 li=-3 spid=3cc0c6fffefe02100001
234.932172517	2	3c:c0:c6:fe:02:11	gPTP Follow_Up	seq=56606 li=-3 spid=3cc0c6fffefe02100001
235.061534900	2	3c:c0:c6:fe:02:11	gPTP Sync	seq=56607 li=-3 spid=3cc0c6fffefe02100001
235.062266070	2	3c:c0:c6:fe:02:11	gPTP Follow_Up	seq=56607 li=-3 spid=3cc0c6fffefe02100001
235.131688225	2	3c:c0:c6:fe:02:11	gPTP Announce	seq=64073 li=0 spid=3cc0c6fffefe02100001 gm=3cc0c6fffefe0210 p1=246 sr=0
235.181556982	2	3c:c0:c6:fe:02:11	gPTP Sync	seq=56608 li=-3 spid=3cc0c6fffefe02100001
235.182291392	2	3c:c0:c6:fe:02:11	gPTP Follow_Up	seq=56608 li=-3 spid=3cc0c6fffefe02100001
235.311528358	2	3c:c0:c6:fe:02:11	gPTP Sync	seq=56609 li=-3 spid=3cc0c6fffefe02100001
235.312260784	2	3c:c0:c6:fe:02:11	gPTP Follow_Up	seq=56609 li=-3 spid=3cc0c6fffefe02100001
235.351867613	3	02:00:00:00:00:01	MSRP	
235.431467280	2	3c:c0:c6:fe:02:11	gPTP Sync	seq=56610 li=-3 spid=3cc0c6fffefe02100001
235.432205881	2	3c:c0:c6:fe:02:11	gPTP Follow_Up	seq=56610 li=-3 spid=3cc0c6fffefe02100001
235.551870882	3	02:00:00:00:00:01	gPTP Pdelay_Req	seq=1546 li=0 spid=020000fffe0000010001
235.552645980	2	3c:c0:c6:fe:02:11	gPTP Pdelay_Resp	seq=1546 li=127 spid=3cc0c6fffefe02100001
235.553630982	2	3c:c0:c6:fe:02:11	gPTP Pdelay_Resp_Follow_Up	seq=1546 li=127 spid=3cc0c6fffefe02100001
235.570716518	2	3c:c0:c6:fe:02:11	gPTP Sync	seq=56611 li=-3 spid=3cc0c6fffefe02100001
235.571296719	2	3c:c0:c6:fe:02:11	gPTP Follow_Up	seq=56611 li=-3 spid=3cc0c6fffefe02100001
235.600995341	2	3c:c0:c6:fe:02:11	MVRP	
235.681522346	2	3c:c0:c6:fe:02:11	gPTP Sync	seq=56612 li=-3 spid=3cc0c6fffefe02100001
235.682270163	2	3c:c0:c6:fe:02:11	gPTP Follow_Up	seq=56612 li=-3 spid=3cc0c6fffefe02100001
235.811589339	2	3c:c0:c6:fe:02:11	gPTP Sync	seq=56613 li=-3 spid=3cc0c6fffefe02100001
235.812323140	2	3c:c0:c6:fe:02:11	gPTP Follow_Up	seq=56613 li=-3 spid=3cc0c6fffefe02100001
235.881480654	2	3c:c0:c6:fe:02:11	gPTP Pdelay_Req	seq=1638 li=0 spid=3cc0c6fffefe02100001
235.881491654	3	02:00:00:00:00:01	gPTP Pdelay_Resp	seq=1638 li=127 spid=020000fffe0000010001
235.881499214	3	02:00:00:00:00:01	gPTP Pdelay_Resp_Follow_Up	seq=1638 li=127 spid=020000fffe0000010001
235.931460836	2	3c:c0:c6:fe:02:11	gPTP Sync	seq=56614 li=-3 spid=3cc0c6fffefe02100001
235.932178629	2	3c:c0:c6:fe:02:11	gPTP Follow_Up	seq=56614 li=-3 spid=3cc0c6fffefe02100001
235.940816298	2	3c:c0:c6:fe:02:11	ethertype 0x0027	
236.061569205	2	3c:c0:c6:fe:02:11	gPTP Sync	seq=56615 li=-3 spid=3cc0c6fffefe02100001
236.062304222	2	3c:c0:c6:fe:02:11	gPTP Follow_Up	seq=56615 li=-3 spid=3cc0c6fffefe02100001
236.131707753	2	3c:c0:c6:fe:02:11	gPTP Announce	seq=64074 li=0 spid=3cc0c6fffefe02100001 gm=3cc0c6fffefe0210 p1=246 sr=0
236.181542910	2	3c:c0:c6:fe:02:11	gPTP Sync	seq=56616 li=-3 spid=3cc0c6fffefe02100001
236.182276928	2	3c:c0:c6:fe:02:11	gPTP Follow_Up	seq=56616 li=-3 spid=3cc0c6fffefe02100001
236.311536687	2	3c:c0:c6:fe:02:11	gPTP Sync	seq=56617 li=-3 spid=3cc0c6fffefe02100001
236.312270712	2	3c:c0:c6:fe:02:11	gPTP Follow_Up	seq=56617 li=-3 spid=3cc0c6fffefe02100001
236.351869949	3	02:00:00:00:00:01	MSRP	
236.431477592	2	3c:c0:c6:fe:02:11	gPTP Sync	seq=56618 li=-3 spid=3cc0c6fffefe02100001
236.432213177	2	3c:c0:c6:fe:02:11	gPTP Follow_Up	seq=56618 li=-3 spid=3cc0c6fffefe02100001
236.551873210	3	02:00:00:00:00:01	gPTP Pdelay_Req	seq=1547 li=0 spid=020000fffe0000010001
236.552658084	2	3c:c0:c6:fe:02:11	gPTP Pdelay_Resp	seq=1547 li=127 spid=3cc0c6fffefe02100001
236.553645326	2	3c:c0:c6:fe:02:11	gPTP Pdelay_Resp_Follow_Up	seq=1547 li=127 spid=3cc0c6fffefe02100001
236.570722638	2	3c:c0:c6:fe:02:11	gPTP Sync	seq=56619 li=-3 spid=3cc0c6fffefe02100001
236.571301839	2	3c:c0:c6:fe:02:11	gPTP Follow_Up	seq=56619 li=-3 spid=3cc0c6fffefe02100001
236.600771244	2	3c:c0:c6:fe:02:11	MVRP	
236.681560082	2	3c:c0:c6:fe:02:11	gPTP Sync	seq=56620 li=-3 spid=3cc0c6fffefe02100001
236.682306676	2	3c:c0:c6:fe:02:11	gPTP Follow_Up	seq=56620 li=-3 spid=3cc0c6fffefe02100001
236.811601251	2	3c:c0:c6:fe:02:11	gPTP Sync	seq=56621 li=-3 spid=3cc0c6fffefe02100001
236.812333668	2	3c:c0:c6:fe:02:11	gPTP Follow_Up	seq=56621 li=-3 spid=3cc0c6fffefe02100001
236.881487982	2	3c:c0:c6:fe:02:11	gPTP Pdelay_Req	seq=1639 li=0 spid=3cc0c6fffefe02100001
236.881498967	3	02:00:00:00:00:01	gPTP Pdelay_Resp	seq=1639 li=127 spid=020000fffe0000010001
236.881506527	3	02:00:00:00:00:01	gPTP Pdelay_Resp_Follow_Up	seq=1639 li=127 spid=020000fffe0000010001
236.931468164	2	3c:c0:c6:fe:02:11	gPTP Sync	seq=56622 li=-3 spid=3cc0c6fffefe02100001
236.932189165	2	3c:c0:c6:fe:02:11	gPTP Follow_Up	seq=56622 li=-3 spid=3cc0c6fffefe02100001
236.951373082	2	3c:c0:c6:fe:02:11	MSRP	
236.951872403	3	02:00:00:00:00:01	MSRP	
237.061585333	2	3c:c0:c6:fe:02:11	gPTP Sync	seq=56623 li=-3 spid=3cc0c6fffefe02100001
237.062318142	2	3c:c0:c6:fe:02:11	gPTP Follow_Up	seq=56623 li=-3 spid=3cc0c6fffefe02100001
237.131703465	2	3c:c0:c6:fe:02:11	gPTP Announce	seq=64075 li=0 spid=3cc0c6fffefe02100001 gm=3cc0c6fffefe0210 p1=246 sr=0
237.155869298	3	02:00:00:00:00:01	MAAP	
237.181554846	2	3c:c0:c6:fe:02:11	gPTP Sync	seq=56624 li=-3 spid=3cc0c6fffefe02100001
237.182282856	2	3c:c0:c6:fe:02:11	gPTP Follow_Up	seq=56624 li=-3 spid=3cc0c6fffefe02100001
237.311557615	2	3c:c0:c6:fe:02:11	gPTP Sync	seq=56625 li=-3 spid=3cc0c6fffefe02100001
237.312293624	2	3c:c0:c6:fe:02:11	gPTP Follow_Up	seq=56625 li=-3 spid=3cc0c6fffefe02100001
237.351872277	3	02:00:00:00:00:01	MSRP	
237.431483128	2	3c:c0:c6:fe:02:11	gPTP Sync	seq=56626 li=-3 spid=3cc0c6fffefe02100001
237.432221121	2	3c:c0:c6:fe:02:11	gPTP Follow_Up	seq=56626 li=-3 spid=3cc0c6fffefe02100001
237.551875538	3	02:00:00:00:00:01	gPTP Pdelay_Req	seq=1548 li=0 spid=020000fffe0000010001
237.552662828	2	3c:c0:c6:fe:02:11	gPTP Pdelay_Resp	seq=1548 li=127 spid=3cc0c6fffefe02100001
237.553650638	2	3c:c0:c6:fe:02:11	gPTP Pdelay_Resp_Follow_Up	seq=1548 li=127 spid=3cc0c6fffefe02100001
237.570735566	2	3c:c0:c6:fe:02:11	gPTP Sync	seq=56627 li=-3 spid=3cc0c6fffefe02100001
237.571313783	2	3c:c0:c6:fe:02:11	gPTP Follow_Up	seq=56627 li=-3 spid=3cc0c6fffefe02100001
237.601014005	2	3c:c0:c6:fe:02:11	MVRP	
237.681579410	2	3c:c0:c6:fe:02:11	gPTP Sync	seq=56628 li=-3 spid=3cc0c6fffefe02100001
237.682326996	2	3c:c0:c6:fe:02:11	gPTP Follow_Up	seq=56628 li=-3 spid=3cc0c6fffefe02100001
237.811606179	2	3c:c0:c6:fe:02:11	gPTP Sync	seq=56629 li=-3 spid=3cc0c6fffefe02100001
237.812340588	2	3c:c0:c6:fe:02:11	gPTP Follow_Up	seq=56629 li=-3 spid=3cc0c6fffefe02100001
237.881510519	2	3c:c0:c6:fe:02:11	gPTP Pdelay_Req	seq=1640 li=0 spid=3cc0c6fffefe02100001
237.881521511	3	02:00:00:00:00:01	gPTP Pdelay_Resp	seq=1640 li=127 spid=020000fffe0000010001
237.881529071	3	02:00:00:00:00:01	gPTP Pdelay_Resp_Follow_Up	seq=1640 li=127 spid=020000fffe0000010001
237.894974006	2	68:05:ca:95:b2:ed	AECP	
237.895005718	3	02:00:00:00:00:01	AECP	
237.895169815	2	68:05:ca:95:b2:ed	AECP	
237.895198271	3	02:00:00:00:00:01	AECP	
237.916183160	2	68:05:ca:95:b2:ed	ethertype 0x0800	
237.931477484	2	3c:c0:c6:fe:02:11	gPTP Sync	seq=56630 li=-3 spid=3cc0c6fffefe02100001
237.932194893	2	3c:c0:c6:fe:02:11	gPTP Follow_Up	seq=56630 li=-3 spid=3cc0c6fffefe02100001
237.940830354	2	3c:c0:c6:fe:02:11	ethertype 0x0027	
238.061609437	2	3c:c0:c6:fe:02:11	gPTP Sync	seq=56631 li=-3 spid=3cc0c6fffefe02100001
238.062341670	2	3c:c0:c6:fe:02:11	gPTP Follow_Up	seq=56631 li=-3 spid=3cc0c6fffefe02100001
238.131707793	2	3c:c0:c6:fe:02:11	gPTP Announce	seq=64076 li=0 spid=3cc0c6fffefe02100001 gm=3cc0c6fffefe0210 p1=246 sr=0
238.181581958	2	3c:c0:c6:fe:02:11	gPTP Sync	seq=56632 li=-3 spid=3cc0c6fffefe02100001
238.182308976	2	3c:c0:c6:fe:02:11	gPTP Follow_Up	seq=56632 li=-3 spid=3cc0c6fffefe02100001
238.311551735	2	3c:c0:c6:fe:02:11	gPTP Sync	seq=56633 li=-3 spid=3cc0c6fffefe02100001
238.312289344	2	3c:c0:c6:fe:02:11	gPTP Follow_Up	seq=56633 li=-3 spid=3cc0c6fffefe02100001
238.351874605	3	02:00:00:00:00:01	MSRP	
238.431492256	2	3c:c0:c6:fe:02:11	gPTP Sync	seq=56634 li=-3 spid=3cc0c6fffefe02100001
238.432230849	2	3c:c0:c6:fe:02:11	gPTP Follow_Up	seq=56634 li=-3 spid=3cc0c6fffefe02100001
238.551877874	3	02:00:00:00:00:01	gPTP Pdelay_Req	seq=1549 li=0 spid=020000fffe0000010001
238.552675756	2	3c:c0:c6:fe:02:11	gPTP Pdelay_Resp	seq=1549 li=127 spid=3cc0c6fffefe02100001
238.553665174	2	3c:c0:c6:fe:02:11	gPTP Pdelay_Resp_Follow_Up	seq=1549 li=127 spid=3cc0c6fffefe02100001
238.570748502	2	3c:c0:c6:fe:02:11	gPTP Sync	seq=56635 li=-3 spid=3cc0c6fffefe02100001
238.571338912	2	3c:c0:c6:fe:02:11	gPTP Follow_Up	seq=56635 li=-3 spid=3cc0c6fffefe02100001
238.600837917	2	3c:c0:c6:fe:02:11	MVRP	
238.681552730	2	3c:c0:c6:fe:02:11	gPTP Sync	seq=56636 li=-3 spid=3cc0c6fffefe02100001
238.682299324	2	3c:c0:c6:fe:02:11	gPTP Follow_Up	seq=56636 li=-3 spid=3cc0c6fffefe02100001
238.751875519	3	02:00:00:00:00:01	MSRP	
238.752892657	2	3c:c0:c6:fe:02:11	MSRP	
238.811654699	2	3c:c0:c6:fe:02:11	gPTP Sync	seq=56637 li=-3 spid=3cc0c6fffefe02100001
238.812388725	2	3c:c0:c6:fe:02:11	gPTP Follow_Up	seq=56637 li=-3 spid=3cc0c6fffefe02100001
238.851382200	2	3c:c0:c6:fe:02:11	MSRP	
238.881515831	2	3c:c0:c6:fe:02:11	gPTP Pdelay_Req	seq=1641 li=0 spid=3cc0c6fffefe02100001
238.881526823	3	02:00:00:00:00:01	gPTP Pdelay_Resp	seq=1641 li=127 spid=020000fffe0000010001
238.881534383	3	02:00:00:00:00:01	gPTP Pdelay_Resp_Follow_Up	seq=1641 li=127 spid=020000fffe0000010001
238.931484820	2	3c:c0:c6:fe:02:11	gPTP Sync	seq=56638 li=-3 spid=3cc0c6fffefe02100001
238.932205205	2	3c:c0:c6:fe:02:11	gPTP Follow_Up	seq=56638 li=-3 spid=3cc0c6fffefe02100001
239.061565989	2	3c:c0:c6:fe:02:11	gPTP Sync	seq=56639 li=-3 spid=3cc0c6fffefe02100001
239.062300390	2	3c:c0:c6:fe:02:11	gPTP Follow_Up	seq=56639 li=-3 spid=3cc0c6fffefe02100001
239.111415737	2	3c:c0:c6:01:02:03	MAAP	
239.131742321	2	3c:c0:c6:fe:02:11	gPTP Announce	seq=64077 li=0 spid=3cc0c6fffefe02100001 gm=3cc0c6fffefe0210 p1=246 sr=0
239.181566278	2	3c:c0:c6:fe:02:11	gPTP Sync	seq=56640 li=-3 spid=3cc0c6fffefe02100001
239.182297488	2	3c:c0:c6:fe:02:11	gPTP Follow_Up	seq=56640 li=-3 spid=3cc0c6fffefe02100001
239.311554879	2	3c:c0:c6:fe:02:11	gPTP Sync	seq=56641 li=-3 spid=3cc0c6fffefe02100001
239.312288672	2	3c:c0:c6:fe:02:11	gPTP Follow_Up	seq=56641 li=-3 spid=3cc0c6fffefe02100001
239.351876933	3	02:00:00:00:00:01	MSRP	
239.431497760	2	3c:c0:c6:fe:02:11	gPTP Sync	seq=56642 li=-3 spid=3cc0c6fffefe02100001
239.432231785	2	3c:c0:c6:fe:02:11	gPTP Follow_Up	seq=56642 li=-3 spid=3cc0c6fffefe02100001
239.551880202	3	02:00:00:00:00:01	gPTP Pdelay_Req	seq=1550 li=0 spid=020000fffe0000010001
239.552686668	2	3c:c0:c6:fe:02:11	gPTP Pdelay_Resp	seq=1550 li=127 spid=3cc0c6fffefe02100001
239.553674486	2	3c:c0:c6:fe:02:11	gPTP Pdelay_Resp_Follow_Up	seq=1550 li=127 spid=3cc0c6fffefe02100001
239.570747222	2	3c:c0:c6:fe:02:11	gPTP Sync	seq=56643 li=-3 spid=3cc0c6fffefe02100001
239.571326808	2	3c:c0:c6:fe:02:11	gPTP Follow_Up	seq=56643 li=-3 spid=3cc0c6fffefe02100001
239.601037245	2	3c:c0:c6:fe:02:11	MVRP	
239.681587258	2	3c:c0:c6:fe:02:11	gPTP Sync	seq=56644 li=-3 spid=3cc0c6fffefe02100001
239.682333244	2	3c:c0:c6:fe:02:11	gPTP Follow_Up	seq=56644 li=-3 spid=3cc0c6fffefe02100001
239.811619435	2	3c:c0:c6:fe:02:11	gPTP Sync	seq=56645 li=-3 spid=3cc0c6fffefe02100001
239.812354828	2	3c:c0:c6:fe:02:11	gPTP Follow_Up	seq=56645 li=-3 spid=3cc0c6fffefe02100001
239.881520951	2	3c:c0:c6:fe:02:11	gPTP Pdelay_Req	seq=1642 li=0 spid=3cc0c6fffefe02100001
239.881531943	3	02:00:00:00:00:01	gPTP Pdelay_Resp	seq=1642 li=127 spid=020000fffe0000010001
239.881539503	3	02:00:00:00:00:01	gPTP Pdelay_Resp_Follow_Up	seq=1642 li=127 spid=020000fffe0000010001
239.931490932	2	3c:c0:c6:fe:02:11	gPTP Sync	seq=56646 li=-3 spid=3cc0c6fffefe02100001
239.932209909	2	3c:c0:c6:fe:02:11	gPTP Follow_Up	seq=56646 li=-3 spid=3cc0c6fffefe02100001
239.940846394	2	3c:c0:c6:fe:02:11	ethertype 0x0027	
240.061572709	2	3c:c0:c6:fe:02:11	gPTP Sync	seq=56647 li=-3 spid=3cc0c6fffefe02100001
240.062304518	2	3c:c0:c6:fe:02:11	gPTP Follow_Up	seq=56647 li=-3 spid=3cc0c6fffefe02100001
240.131745841	2	3c:c0:c6:fe:02:11	gPTP Announce	seq=64078 li=0 spid=3cc0c6fffefe02100001 gm=3cc0c6fffefe0210 p1=246 sr=0
240.181575206	2	3c:c0:c6:fe:02:11	gPTP Sync	seq=56648 li=-3 spid=3cc0c6fffefe02100001
240.182305424	2	3c:c0:c6:fe:02:11	gPTP Follow_Up	seq=56648 li=-3 spid=3cc0c6fffefe02100001
240.182876345	3	02:00:00:00:00:01	MAAP	
240.311583991	2	3c:c0:c6:fe:02:11	gPTP Sync	seq=56649 li=-3 spid=3cc0c6fffefe02100001
240.312318400	2	3c:c0:c6:fe:02:11	gPTP Follow_Up	seq=56649 li=-3 spid=3cc0c6fffefe02100001
240.351879261	3	02:00:00:00:00:01	MSRP	
240.431503488	2	3c:c0:c6:fe:02:11	gPTP Sync	seq=56650 li=-3 spid=3cc0c6fffefe02100001
240.432240106	2	3c:c0:c6:fe:02:11	gPTP Follow_Up	seq=56650 li=-3 spid=3cc0c6fffefe02100001
240.551882530	3	02:00:00:00:00:01	gPTP Pdelay_Req	seq=1551 li=0 spid=020000fffe0000010001
240.552643788	2	3c:c0:c6:fe:02:11	gPTP Pdelay_Resp	seq=1551 li=127 spid=3cc0c6fffefe02100001
240.553626806	2	3c:c0:c6:fe:02:11	gPTP Pdelay_Resp_Follow_Up	seq=1551 li=127 spid=3cc0c6fffefe02100001
240.570755542	2	3c:c0:c6:fe:02:11	gPTP Sync	seq=56651 li=-3 spid=3cc0c6fffefe02100001
240.571338336	2	3c:c0:c6:fe:02:11	gPTP Follow_Up	seq=56651 li=-3 spid=3cc0c6fffefe02100001
240.600872765	2	3c:c0:c6:fe:02:11	MVRP	
240.681586362	2	3c:c0:c6:fe:02:11	gPTP Sync	seq=56652 li=-3 spid=3cc0c6fffefe02100001
240.682333564	2	3c:c0:c6:fe:02:11	gPTP Follow_Up	seq=56652 li=-3 spid=3cc0c6fffefe02100001
240.811625547	2	3c:c0:c6:fe:02:11	gPTP Sync	seq=56653 li=-3 spid=3cc0c6fffefe02100001
240.812357357	2	3c:c0:c6:fe:02:11	gPTP Follow_Up	seq=56653 li=-3 spid=3cc0c6fffefe02100001
240.881529847	2	3c:c0:c6:fe:02:11	gPTP Pdelay_Req	seq=1643 li=0 spid=3cc0c6fffefe02100001
240.881540831	3	02:00:00:00:00:01	gPTP Pdelay_Resp	seq=1643 li=127 spid=020000fffe0000010001
240.881548391	3	02:00:00:00:00:01	gPTP Pdelay_Resp_Follow_Up	seq=1643 li=127 spid=020000fffe0000010001
240.931496652	2	3c:c0:c6:fe:02:11	gPTP Sync	seq=56654 li=-3 spid=3cc0c6fffefe02100001
240.932215061	2	3c:c0:c6:fe:02:11	gPTP Follow_Up	seq=56654 li=-3 spid=3cc0c6fffefe02100001
240.960881745	3	02:00:00:00:00:01	ADP	eid=020000fffe000001 gm=3cc0c6fffefe0210
241.061581597	2	3c:c0:c6:fe:02:11	gPTP Sync	seq=56655 li=-3 spid=3cc0c6fffefe02100001
241.062310022	2	3c:c0:c6:fe:02:11	gPTP Follow_Up	seq=56655 li=-3 spid=3cc0c6fffefe02100001
241.131736529	2	3c:c0:c6:fe:02:11	gPTP Announce	seq=64079 li=0 spid=3cc0c6fffefe02100001 gm=3cc0c6fffefe0210 p1=246 sr=0
241.132825756	2	3c:c0:c6:01:02:03	ADP	eid=3cc0c60102030000 gm=3cc0c6fffefe0210
241.181629926	2	3c:c0:c6:fe:02:11	gPTP Sync	seq=56656 li=-3 spid=3cc0c6fffefe02100001
241.182365936	2	3c:c0:c6:fe:02:11	gPTP Follow_Up	seq=56656 li=-3 spid=3cc0c6fffefe02100001
241.240921377	2	3c:c0:c6:fe:02:11	MVRP	
241.311571895	2	3c:c0:c6:fe:02:11	gPTP Sync	seq=56657 li=-3 spid=3cc0c6fffefe02100001
241.312310720	2	3c:c0:c6:fe:02:11	gPTP Follow_Up	seq=56657 li=-3 spid=3cc0c6fffefe02100001
241.351881589	3	02:00:00:00:00:01	MSRP	
241.431512800	2	3c:c0:c6:fe:02:11	gPTP Sync	seq=56658 li=-3 spid=3cc0c6fffefe02100001
241.432248418	2	3c:c0:c6:fe:02:11	gPTP Follow_Up	seq=56658 li=-3 spid=3cc0c6fffefe02100001
241.551884858	3	02:00:00:00:00:01	gPTP Pdelay_Req	seq=1552 li=0 spid=020000fffe0000010001
241.552655916	2	3c:c0:c6:fe:02:11	gPTP Pdelay_Resp	seq=1552 li=127 spid=3cc0c6fffefe02100001
241.553644118	2	3c:c0:c6:fe:02:11	gPTP Pdelay_Resp_Follow_Up	seq=1552 li=127 spid=3cc0c6fffefe02100001
241.570760054	2	3c:c0:c6:fe:02:11	gPTP Sync	seq=56659 li=-3 spid=3cc0c6fffefe02100001
241.571338232	2	3c:c0:c6:fe:02:11	gPTP Follow_Up	seq=56659 li=-3 spid=3cc0c6fffefe02100001
241.601042069	2	3c:c0:c6:fe:02:11	MVRP	
241.681600690	2	3c:c0:c6:fe:02:11	gPTP Sync	seq=56660 li=-3 spid=3cc0c6fffefe02100001
241.682349500	2	3c:c0:c6:fe:02:11	gPTP Follow_Up	seq=56660 li=-3 spid=3cc0c6fffefe02100001
241.811634851	2	3c:c0:c6:fe:02:11	gPTP Sync	seq=56661 li=-3 spid=3cc0c6fffefe02100001
241.812366669	2	3c:c0:c6:fe:02:11	gPTP Follow_Up	seq=56661 li=-3 spid=3cc0c6fffefe02100001
241.881534391	2	3c:c0:c6:fe:02:11	gPTP Pdelay_Req	seq=1644 li=0 spid=3cc0c6fffefe02100001
241.881545383	3	02:00:00:00:00:01	gPTP Pdelay_Resp	seq=1644 li=127 spid=020000fffe0000010001
241.881552943	3	02:00:00:00:00:01	gPTP Pdelay_Resp_Follow_Up	seq=1644 li=127 spid=020000fffe0000010001
241.931506540	2	3c:c0:c6:fe:02:11	gPTP Sync	seq=56662 li=-3 spid=3cc0c6fffefe02100001
241.932224973	2	3c:c0:c6:fe:02:11	gPTP Follow_Up	seq=56662 li=-3 spid=3cc0c6fffefe02100001
241.940977842	2	3c:c0:c6:fe:02:10	ethertype 0x0800	
241.941185426	2	3c:c0:c6:fe:02:11	ethertype 0x0027	
242.061611517	2	3c:c0:c6:fe:02:11	gPTP Sync	seq=56663 li=-3 spid=3cc0c6fffefe02100001
242.062343142	2	3c:c0:c6:fe:02:11	gPTP Follow_Up	seq=56663 li=-3 spid=3cc0c6fffefe02100001
242.131753073	2	3c:c0:c6:fe:02:11	gPTP Announce	seq=64080 li=0 spid=3cc0c6fffefe02100001 gm=3cc0c6fffefe0210 p1=246 sr=0
242.181619238	2	3c:c0:c6:fe:02:11	gPTP Sync	seq=56664 li=-3 spid=3cc0c6fffefe02100001
242.182352648	2	3c:c0:c6:fe:02:11	gPTP Follow_Up	seq=56664 li=-3 spid=3cc0c6fffefe02100001
242.311577815	2	3c:c0:c6:fe:02:11	gPTP Sync	seq=56665 li=-3 spid=3cc0c6fffefe02100001
242.312312216	2	3c:c0:c6:fe:02:11	gPTP Follow_Up	seq=56665 li=-3 spid=3cc0c6fffefe02100001
242.351883909	3	02:00:00:00:00:01	MSRP	
242.431524736	2	3c:c0:c6:fe:02:11	gPTP Sync	seq=56666 li=-3 spid=3cc0c6fffefe02100001
242.432262722	2	3c:c0:c6:fe:02:11	gPTP Follow_Up	seq=56666 li=-3 spid=3cc0c6fffefe02100001
242.551887178	3	02:00:00:00:00:01	gPTP Pdelay_Req	seq=1553 li=0 spid=020000fffe0000010001
242.552648012	2	3c:c0:c6:fe:02:11	gPTP Pdelay_Resp	seq=1553 li=127 spid=3cc0c6fffefe02100001
242.553634646	2	3c:c0:c6:fe:02:11	gPTP Pdelay_Resp_Follow_Up	seq=1553 li=127 spid=3cc0c6fffefe02100001
242.570770774	2	3c:c0:c6:fe:02:11	gPTP Sync	seq=56667 li=-3 spid=3cc0c6fffefe02100001
242.571347768	2	3c:c0:c6:fe:02:11	gPTP Follow_Up	seq=56667 li=-3 spid=3cc0c6fffefe02100001
242.600867189	2	3c:c0:c6:fe:02:11	MVRP	
242.681630994	2	3c:c0:c6:fe:02:11	gPTP Sync	seq=56668 li=-3 spid=3cc0c6fffefe02100001
242.682378812	2	3c:c0:c6:fe:02:11	gPTP Follow_Up	seq=56668 li=-3 spid=3cc0c6fffefe02100001
242.811641387	2	3c:c0:c6:fe:02:11	gPTP Sync	seq=56669 li=-3 spid=3cc0c6fffefe02100001
242.812374797	2	3c:c0:c6:fe:02:11	gPTP Follow_Up	seq=56669 li=-3 spid=3cc0c6fffefe02100001
242.881528503	2	3c:c0:c6:fe:02:11	gPTP Pdelay_Req	seq=1645 li=0 spid=3cc0c6fffefe02100001
242.881539503	3	02:00:00:00:00:01	gPTP Pdelay_Resp	seq=1645 li=127 spid=020000fffe0000010001
242.881547063	3	02:00:00:00:00:01	gPTP Pdelay_Resp_Follow_Up	seq=1645 li=127 spid=020000fffe0000010001
242.894973022	2	68:05:ca:95:b2:ed	AECP	
242.895004702	3	02:00:00:00:00:01	AECP	
242.895159615	2	68:05:ca:95:b2:ed	AECP	
242.895187703	3	02:00:00:00:00:01	AECP	
242.931512460	2	3c:c0:c6:fe:02:11	gPTP Sync	seq=56670 li=-3 spid=3cc0c6fffefe02100001
242.932231894	2	3c:c0:c6:fe:02:11	gPTP Follow_Up	seq=56670 li=-3 spid=3cc0c6fffefe02100001
243.061595261	2	3c:c0:c6:fe:02:11	gPTP Sync	seq=56671 li=-3 spid=3cc0c6fffefe02100001
243.062327462	2	3c:c0:c6:fe:02:11	gPTP Follow_Up	seq=56671 li=-3 spid=3cc0c6fffefe02100001
243.131749585	2	3c:c0:c6:fe:02:11	gPTP Announce	seq=64081 li=0 spid=3cc0c6fffefe02100001 gm=3cc0c6fffefe0210 p1=246 sr=0
243.181633574	2	3c:c0:c6:fe:02:11	gPTP Sync	seq=56672 li=-3 spid=3cc0c6fffefe02100001
243.182365160	2	3c:c0:c6:fe:02:11	gPTP Follow_Up	seq=56672 li=-3 spid=3cc0c6fffefe02100001
243.311605943	2	3c:c0:c6:fe:02:11	gPTP Sync	seq=56673 li=-3 spid=3cc0c6fffefe02100001
243.312341953	2	3c:c0:c6:fe:02:11	gPTP Follow_Up	seq=56673 li=-3 spid=3cc0c6fffefe02100001
243.351886245	3	02:00:00:00:00:01	MSRP	
243.431527648	2	3c:c0:c6:fe:02:11	gPTP Sync	seq=56674 li=-3 spid=3cc0c6fffefe02100001
243.432262658	2	3c:c0:c6:fe:02:11	gPTP Follow_Up	seq=56674 li=-3 spid=3cc0c6fffefe02100001
243.551889506	3	02:00:00:00:00:01	gPTP Pdelay_Req	seq=1554 li=0 spid=020000fffe0000010001
243.552654156	2	3c:c0:c6:fe:02:11	gPTP Pdelay_Resp	seq=1554 li=127 spid=3cc0c6fffefe02100001
243.553645558	2	3c:c0:c6:fe:02:11	gPTP Pdelay_Resp_Follow_Up	seq=1554 li=127 spid=3cc0c6fffefe02100001
243.570778102	2	3c:c0:c6:fe:02:11	gPTP Sync	seq=56675 li=-3 spid=3cc0c6fffefe02100001
243.571356696	2	3c:c0:c6:fe:02:11	gPTP Follow_Up	seq=56675 li=-3 spid=3cc0c6fffefe02100001
243.601078325	2	3c:c0:c6:fe:02:11	MVRP	
243.681590938	2	3c:c0:c6:fe:02:11	gPTP Sync	seq=56676 li=-3 spid=3cc0c6fffefe02100001
243.682335324	2	3c:c0:c6:fe:02:11	gPTP Follow_Up	seq=56676 li=-3 spid=3cc0c6fffefe02100001
243.811649707	2	3c:c0:c6:fe:02:11	gPTP Sync	seq=56677 li=-3 spid=3cc0c6fffefe02100001
243.812381485	2	3c:c0:c6:fe:02:11	gPTP Follow_Up	seq=56677 li=-3 spid=3cc0c6fffefe02100001
243.881558231	2	3c:c0:c6:fe:02:11	gPTP Pdelay_Req	seq=1646 li=0 spid=3cc0c6fffefe02100001
243.881569215	3	02:00:00:00:00:01	gPTP Pdelay_Resp	seq=1646 li=127 spid=020000fffe0000010001
243.881576775	3	02:00:00:00:00:01	gPTP Pdelay_Resp_Follow_Up	seq=1646 li=127 spid=020000fffe0000010001
243.931521804	2	3c:c0:c6:fe:02:11	gPTP Sync	seq=56678 li=-3 spid=3cc0c6fffefe02100001
243.932237622	2	3c:c0:c6:fe:02:11	gPTP Follow_Up	seq=56678 li=-3 spid=3cc0c6fffefe02100001
243.940876882	2	3c:c0:c6:fe:02:11	ethertype 0x0027	
244.061604165	2	3c:c0:c6:fe:02:11	gPTP Sync	seq=56679 li=-3 spid=3cc0c6fffefe02100001
244.062337383	2	3c:c0:c6:fe:02:11	gPTP Follow_Up	seq=56679 li=-3 spid=3cc0c6fffefe02100001
244.131756913	2	3c:c0:c6:fe:02:11	gPTP Announce	seq=64082 li=0 spid=3cc0c6fffefe02100001 gm=3cc0c6fffefe0210 p1=246 sr=0
244.181629062	2	3c:c0:c6:fe:02:11	gPTP Sync	seq=56680 li=-3 spid=3cc0c6fffefe02100001
244.182365104	2	3c:c0:c6:fe:02:11	gPTP Follow_Up	seq=56680 li=-3 spid=3cc0c6fffefe02100001
244.311656855	2	3c:c0:c6:fe:02:11	gPTP Sync	seq=56681 li=-3 spid=3cc0c6fffefe02100001
244.312391265	2	3c:c0:c6:fe:02:11	gPTP Follow_Up	seq=56681 li=-3 spid=3cc0c6fffefe02100001
244.351888581	3	02:00:00:00:00:01	MSRP	
244.431531776	2	3c:c0:c6:fe:02:11	gPTP Sync	seq=56682 li=-3 spid=3cc0c6fffefe02100001
244.432268770	2	3c:c0:c6:fe:02:11	gPTP Follow_Up	seq=56682 li=-3 spid=3cc0c6fffefe02100001
244.551891842	3	02:00:00:00:00:01	gPTP Pdelay_Req	seq=1555 li=0 spid=020000fffe0000010001
244.552664076	2	3c:c0:c6:fe:02:11	gPTP Pdelay_Resp	seq=1555 li=127 spid=3cc0c6fffefe02100001
244.553655478	2	3c:c0:c6:fe:02:11	gPTP Pdelay_Resp_Follow_Up	seq=1555 li=127 spid=3cc0c6fffefe02100001
244.570783222	2	3c:c0:c6:fe:02:11	gPTP Sync	seq=56683 li=-3 spid=3cc0c6fffefe02100001
244.571361208	2	3c:c0:c6:fe:02:11	gPTP Follow_Up	seq=56683 li=-3 spid=3cc0c6fffefe02100001
244.600882837	2	3c:c0:c6:fe:02:11	MVRP	
244.681595450	2	3c:c0:c6:fe:02:11	gPTP Sync	seq=56684 li=-3 spid=3cc0c6fffefe02100001
244.682342044	2	3c:c0:c6:fe:02:11	gPTP Follow_Up	seq=56684 li=-3 spid=3cc0c6fffefe02100001
244.811665003	2	3c:c0:c6:fe:02:11	gPTP Sync	seq=56685 li=-3 spid=3cc0c6fffefe02100001
244.812395021	2	3c:c0:c6:fe:02:11	gPTP Follow_Up	seq=56685 li=-3 spid=3cc0c6fffefe02100001
244.881556951	2	3c:c0:c6:fe:02:11	gPTP Pdelay_Req	seq=1647 li=0 spid=3cc0c6fffefe02100001
244.881567951	3	02:00:00:00:00:01	gPTP Pdelay_Resp	seq=1647 li=127 spid=020000fffe0000010001
244.881575511	3	02:00:00:00:00:01	gPTP Pdelay_Resp_Follow_Up	seq=1647 li=127 spid=020000fffe0000010001
244.931530124	2	3c:c0:c6:fe:02:11	gPTP Sync	seq=56686 li=-3 spid=3cc0c6fffefe02100001
244.932248534	2	3c:c0:c6:fe:02:11	gPTP Follow_Up	seq=56686 li=-3 spid=3cc0c6fffefe02100001
245.061614493	2	3c:c0:c6:fe:02:11	gPTP Sync	seq=56687 li=-3 spid=3cc0c6fffefe02100001
245.062347303	2	3c:c0:c6:fe:02:11	gPTP Follow_Up	seq=56687 li=-3 spid=3cc0c6fffefe02100001
245.084887763	3	02:00:00:00:00:01	MAAP	
245.131772209	2	3c:c0:c6:fe:02:11	gPTP Announce	seq=64083 li=0 spid=3cc0c6fffefe02100001 gm=3cc0c6fffefe0210 p1=246 sr=0
245.181616006	2	3c:c0:c6:fe:02:11	gPTP Sync	seq=56688 li=-3 spid=3cc0c6fffefe02100001
245.182347208	2	3c:c0:c6:fe:02:11	gPTP Follow_Up	seq=56688 li=-3 spid=3cc0c6fffefe02100001
245.311604983	2	3c:c0:c6:fe:02:11	gPTP Sync	seq=56689 li=-3 spid=3cc0c6fffefe02100001
245.312343193	2	3c:c0:c6:fe:02:11	gPTP Follow_Up	seq=56689 li=-3 spid=3cc0c6fffefe02100001
245.351890893	3	02:00:00:00:00:01	MSRP	
245.431548096	2	3c:c0:c6:fe:02:11	gPTP Sync	seq=56690 li=-3 spid=3cc0c6fffefe02100001
245.432285666	2	3c:c0:c6:fe:02:11	gPTP Follow_Up	seq=56690 li=-3 spid=3cc0c6fffefe02100001
245.551894162	3	02:00:00:00:00:01	gPTP Pdelay_Req	seq=1556 li=0 spid=020000fffe0000010001
245.552660588	2	3c:c0:c6:fe:02:11	gPTP Pdelay_Resp	seq=1556 li=127 spid=3cc0c6fffefe02100001
245.553648406	2	3c:c0:c6:fe:02:11	gPTP Pdelay_Resp_Follow_Up	seq=1556 li=127 spid=3cc0c6fffefe02100001
245.570790326	2	3c:c0:c6:fe:02:11	gPTP Sync	seq=56691 li=-3 spid=3cc0c6fffefe02100001
245.571369528	2	3c:c0:c6:fe:02:11	gPTP Follow_Up	seq=56691 li=-3 spid=3cc0c6fffefe02100001
245.601071349	2	3c:c0:c6:fe:02:11	MVRP	
245.681629970	2	3c:c0:c6:fe:02:11	gPTP Sync	seq=56692 li=-3 spid=3cc0c6fffefe02100001
245.682375580	2	3c:c0:c6:fe:02:11	gPTP Follow_Up	seq=56692 li=-3 spid=3cc0c6fffefe02100001
245.811662155	2	3c:c0:c6:fe:02:11	gPTP Sync	seq=56693 li=-3 spid=3cc0c6fffefe02100001
245.812397549	2	3c:c0:c6:fe:02:11	gPTP Follow_Up	seq=56693 li=-3 spid=3cc0c6fffefe02100001
245.881561463	2	3c:c0:c6:fe:02:11	gPTP Pdelay_Req	seq=1648 li=0 spid=3cc0c6fffefe02100001
245.881572455	3	02:00:00:00:00:01	gPTP Pdelay_Resp	seq=1648 li=127 spid=020000fffe0000010001
245.881580015	3	02:00:00:00:00:01	gPTP Pdelay_Resp_Follow_Up	seq=1648 li=127 spid=020000fffe0000010001
245.931536236	2	3c:c0:c6:fe:02:11	gPTP Sync	seq=56694 li=-3 spid=3cc0c6fffefe02100001
245.932254262	2	3c:c0:c6:fe:02:11	gPTP Follow_Up	seq=56694 li=-3 spid=3cc0c6fffefe02100001
245.940892306	2	3c:c0:c6:fe:02:11	ethertype 0x0027	
246.061644221	2	3c:c0:c6:fe:02:11	gPTP Sync	seq=56695 li=-3 spid=3cc0c6fffefe02100001
246.062377031	2	3c:c0:c6:fe:02:11	gPTP Follow_Up	seq=56695 li=-3 spid=3cc0c6fffefe02100001
246.131775729	2	3c:c0:c6:fe:02:11	gPTP Announce	seq=64084 li=0 spid=3cc0c6fffefe02100001 gm=3cc0c6fffefe0210 p1=246 sr=0
246.181615718	2	3c:c0:c6:fe:02:11	gPTP Sync	seq=56696 li=-3 spid=3cc0c6fffefe02100001
246.182352944	2	3c:c0:c6:fe:02:11	gPTP Follow_Up	seq=56696 li=-3 spid=3cc0c6fffefe02100001
246.311633503	2	3c:c0:c6:fe:02:11	gPTP Sync	seq=56697 li=-3 spid=3cc0c6fffefe02100001
246.312367905	2	3c:c0:c6:fe:02:11	gPTP Follow_Up	seq=56697 li=-3 spid=3cc0c6fffefe02100001
246.351893205	3	02:00:00:00:00:01	MSRP	
246.431551008	2	3c:c0:c6:fe:02:11	gPTP Sync	seq=56698 li=-3 spid=3cc0c6fffefe02100001
246.432285418	2	3c:c0:c6:fe:02:11	gPTP Follow_Up	seq=56698 li=-3 spid=3cc0c6fffefe02100001
246.551896474	3	02:00:00:00:00:01	gPTP Pdelay_Req	seq=1557 li=0 spid=020000fffe0000010001
246.552652500	2	3c:c0:c6:fe:02:11	gPTP Pdelay_Resp	seq=1557 li=127 spid=3cc0c6fffefe02100001
246.553636502	2	3c:c0:c6:fe:02:11	gPTP Pdelay_Resp_Follow_Up	seq=1557 li=127 spid=3cc0c6fffefe02100001
246.570801430	2	3c:c0:c6:fe:02:11	gPTP Sync	seq=56699 li=-3 spid=3cc0c6fffefe02100001
246.571380672	2	3c:c0:c6:fe:02:11	gPTP Follow_Up	seq=56699 li=-3 spid=3cc0c6fffefe02100001
246.600858493	2	3c:c0:c6:fe:02:11	MVRP	
246.681609882	2	3c:c0:c6:fe:02:11	gPTP Sync	seq=56700 li=-3 spid=3cc0c6fffefe02100001
246.682357092	2	3c:c0:c6:fe:02:11	gPTP Follow_Up	seq=56700 li=-3 spid=3cc0c6fffefe02100001
246.811671467	2	3c:c0:c6:fe:02:11	gPTP Sync	seq=56701 li=-3 spid=3cc0c6fffefe02100001
246.812409077	2	3c:c0:c6:fe:02:11	gPTP Follow_Up	seq=56701 li=-3 spid=3cc0c6fffefe02100001
246.881576799	2	3c:c0:c6:fe:02:11	gPTP Pdelay_Req	seq=1649 li=0 spid=3cc0c6fffefe02100001
246.881587791	3	02:00:00:00:00:01	gPTP Pdelay_Resp	seq=1649 li=127 spid=020000fffe0000010001
246.881595351	3	02:00:00:00:00:01	gPTP Pdelay_Resp_Follow_Up	seq=1649 li=127 spid=020000fffe0000010001
246.931542964	2	3c:c0:c6:fe:02:11	gPTP Sync	seq=56702 li=-3 spid=3cc0c6fffefe02100001
246.932262966	2	3c:c0:c6:fe:02:11	gPTP Follow_Up	seq=56702 li=-3 spid=3cc0c6fffefe02100001
247.061629541	2	3c:c0:c6:fe:02:11	gPTP Sync	seq=56703 li=-3 spid=3cc0c6fffefe02100001
247.062360367	2	3c:c0:c6:fe:02:11	gPTP Follow_Up	seq=56703 li=-3 spid=3cc0c6fffefe02100001
247.126896062	3	02:00:00:00:00:01	ADP	eid=020000fffe000001 gm=3cc0c6fffefe0210
247.131793081	2	3c:c0:c6:fe:02:11	gPTP Announce	seq=64085 li=0 spid=3cc0c6fffefe02100001 gm=3cc0c6fffefe0210 p1=246 sr=0
247.181647054	2	3c:c0:c6:fe:02:11	gPTP Sync	seq=56704 li=-3 spid=3cc0c6fffefe02100001
247.182379248	2	3c:c0:c6:fe:02:11	gPTP Follow_Up	seq=56704 li=-3 spid=3cc0c6fffefe02100001
247.259695829	2	3c:c0:c6:01:02:03	ADP	eid=3cc0c60102030000 gm=3cc0c6fffefe0210
247.311655807	2	3c:c0:c6:fe:02:11	gPTP Sync	seq=56705 li=-3 spid=3cc0c6fffefe02100001
247.312390217	2	3c:c0:c6:fe:02:11	gPTP Follow_Up	seq=56705 li=-3 spid=3cc0c6fffefe02100001
247.351895525	3	02:00:00:00:00:01	MSRP	
247.423888878	2	68:05:ca:95:b2:ed	ethertype 0x86dd	
247.431560328	2	3c:c0:c6:fe:02:11	gPTP Sync	seq=56706 li=-3 spid=3cc0c6fffefe02100001
247.432298538	2	3c:c0:c6:fe:02:11	gPTP Follow_Up	seq=56706 li=-3 spid=3cc0c6fffefe02100001
247.551898786	3	02:00:00:00:00:01	gPTP Pdelay_Req	seq=1558 li=0 spid=020000fffe0000010001
247.552665620	2	3c:c0:c6:fe:02:11	gPTP Pdelay_Resp	seq=1558 li=127 spid=3cc0c6fffefe02100001
247.553649630	2	3c:c0:c6:fe:02:11	gPTP Pdelay_Resp_Follow_Up	seq=1558 li=127 spid=3cc0c6fffefe02100001
247.570807582	2	3c:c0:c6:fe:02:11	gPTP Sync	seq=56707 li=-3 spid=3cc0c6fffefe02100001
247.571385760	2	3c:c0:c6:fe:02:11	gPTP Follow_Up	seq=56707 li=-3 spid=3cc0c6fffefe02100001
247.601071589	2	3c:c0:c6:fe:02:11	MVRP	
247.681659394	2	3c:c0:c6:fe:02:11	gPTP Sync	seq=56708 li=-3 spid=3cc0c6fffefe02100001
247.682406020	2	3c:c0:c6:fe:02:11	gPTP Follow_Up	seq=56708 li=-3 spid=3cc0c6fffefe02100001
247.811696787	2	3c:c0:c6:fe:02:11	gPTP Sync	seq=56709 li=-3 spid=3cc0c6fffefe02100001
247.812429181	2	3c:c0:c6:fe:02:11	gPTP Follow_Up	seq=56709 li=-3 spid=3cc0c6fffefe02100001
247.881577127	2	3c:c0:c6:fe:02:11	gPTP Pdelay_Req	seq=1650 li=0 spid=3cc0c6fffefe02100001
247.881588127	3	02:00:00:00:00:01	gPTP Pdelay_Resp	seq=1650 li=127 spid=020000fffe0000010001
247.881595687	3	02:00:00:00:00:01	gPTP Pdelay_Resp_Follow_Up	seq=1650 li=127 spid=020000fffe0000010001
247.894497797	2	68:05:ca:95:b2:ed	AECP	
247.894529997	3	02:00:00:00:00:01	AECP	
247.894686022	2	68:05:ca:95:b2:ed	AECP	
247.894713518	3	02:00:00:00:00:01	AECP	
247.931550908	2	3c:c0:c6:fe:02:11	gPTP Sync	seq=56710 li=-3 spid=3cc0c6fffefe02100001
247.932269694	2	3c:c0:c6:fe:02:11	gPTP Follow_Up	seq=56710 li=-3 spid=3cc0c6fffefe02100001
247.940907362	2	3c:c0:c6:fe:02:11	ethertype 0x0027	
248.061635885	2	3c:c0:c6:fe:02:11	gPTP Sync	seq=56711 li=-3 spid=3cc0c6fffefe02100001
248.062370295	2	3c:c0:c6:fe:02:11	gPTP Follow_Up	seq=56711 li=-3 spid=3cc0c6fffefe02100001
248.131803009	2	3c:c0:c6:fe:02:11	gPTP Announce	seq=64086 li=0 spid=3cc0c6fffefe02100001 gm=3cc0c6fffefe0210 p1=246 sr=0
248.181637174	2	3c:c0:c6:fe:02:11	gPTP Sync	seq=56712 li=-3 spid=3cc0c6fffefe02100001
248.182369984	2	3c:c0:c6:fe:02:11	gPTP Follow_Up	seq=56712 li=-3 spid=3cc0c6fffefe02100001
248.311656551	2	3c:c0:c6:fe:02:11	gPTP Sync	seq=56713 li=-3 spid=3cc0c6fffefe02100001
248.312393169	2	3c:c0:c6:fe:02:11	gPTP Follow_Up	seq=56713 li=-3 spid=3cc0c6fffefe02100001
248.351897869	3	02:00:00:00:00:01	MSRP	
248.431565456	2	3c:c0:c6:fe:02:11	gPTP Sync	seq=56714 li=-3 spid=3cc0c6fffefe02100001
248.432302074	2	3c:c0:c6:fe:02:11	gPTP Follow_Up	seq=56714 li=-3 spid=3cc0c6fffefe02100001
248.551901138	3	02:00:00:00:00:01	gPTP Pdelay_Req	seq=1559 li=0 spid=020000fffe0000010001
248.552666372	2	3c:c0:c6:fe:02:11	gPTP Pdelay_Resp	seq=1559 li=127 spid=3cc0c6fffefe02100001
248.553656390	2	3c:c0:c6:fe:02:11	gPTP Pdelay_Resp_Follow_Up	seq=1559 li=127 spid=3cc0c6fffefe02100001
248.570813702	2	3c:c0:c6:fe:02:11	gPTP Sync	seq=56715 li=-3 spid=3cc0c6fffefe02100001
248.571390928	2	3c:c0:c6:fe:02:11	gPTP Follow_Up	seq=56715 li=-3 spid=3cc0c6fffefe02100001
248.600914541	2	3c:c0:c6:fe:02:11	MVRP	
248.681648938	2	3c:c0:c6:fe:02:11	gPTP Sync	seq=56716 li=-3 spid=3cc0c6fffefe02100001
248.682396756	2	3c:c0:c6:fe:02:11	gPTP Follow_Up	seq=56716 li=-3 spid=3cc0c6fffefe02100001
248.752778273	2	3c:c0:c6:fe:02:11	MSRP	
248.756896291	3	02:00:00:00:00:01	MAAP	
248.811737923	2	3c:c0:c6:fe:02:11	gPTP Sync	seq=56717 li=-3 spid=3cc0c6fffefe02100001
248.812473509	2	3c:c0:c6:fe:02:11	gPTP Follow_Up	seq=56717 li=-3 spid=3cc0c6fffefe02100001
248.881582030	2	3c:c0:c6:fe:02:11	gPTP Pdelay_Req	seq=1651 li=0 spid=3cc0c6fffefe02100001
248.881593030	3	02:00:00:00:00:01	gPTP Pdelay_Resp	seq=1651 li=127 spid=020000fffe0000010001
248.881600590	3	02:00:00:00:00:01	gPTP Pdelay_Resp_Follow_Up	seq=1651 li=127 spid=020000fffe0000010001
248.931557827	2	3c:c0:c6:fe:02:11	gPTP Sync	seq=56718 li=-3 spid=3cc0c6fffefe02100001
248.932274637	2	3c:c0:c6:fe:02:11	gPTP Follow_Up	seq=56718 li=-3 spid=3cc0c6fffefe02100001
248.951900331	3	02:00:00:00:00:01	MSRP	
249.061645403	2	3c:c0:c6:fe:02:11	gPTP Sync	seq=56719 li=-3 spid=3cc0c6fffefe02100001
249.062379421	2	3c:c0:c6:fe:02:11	gPTP Follow_Up	seq=56719 li=-3 spid=3cc0c6fffefe02100001
249.131796744	2	3c:c0:c6:fe:02:11	gPTP Announce	seq=64087 li=0 spid=3cc0c6fffefe02100001 gm=3cc0c6fffefe0210 p1=246 sr=0
249.181642716	2	3c:c0:c6:fe:02:11	gPTP Sync	seq=56720 li=-3 spid=3cc0c6fffefe02100001
249.182372710	2	3c:c0:c6:fe:02:11	gPTP Follow_Up	seq=56720 li=-3 spid=3cc0c6fffefe02100001
249.311673684	2	3c:c0:c6:fe:02:11	gPTP Sync	seq=56721 li=-3 spid=3cc0c6fffefe02100001
249.312408694	2	3c:c0:c6:fe:02:11	gPTP Follow_Up	seq=56721 li=-3 spid=3cc0c6fffefe02100001
249.351900202	3	02:00:00:00:00:01	MSRP	
249.431570997	2	3c:c0:c6:fe:02:11	gPTP Sync	seq=56722 li=-3 spid=3cc0c6fffefe02100001
249.432305791	2	3c:c0:c6:fe:02:11	gPTP Follow_Up	seq=56722 li=-3 spid=3cc0c6fffefe02100001
249.551903470	3	02:00:00:00:00:01	gPTP Pdelay_Req	seq=1560 li=0 spid=020000fffe0000010001
249.552711304	2	3c:c0:c6:fe:02:11	gPTP Pdelay_Resp	seq=1560 li=127 spid=3cc0c6fffefe02100001
249.553694699	2	3c:c0:c6:fe:02:11	gPTP Pdelay_Resp_Follow_Up	seq=1560 li=127 spid=3cc0c6fffefe02100001
249.570822827	2	3c:c0:c6:fe:02:11	gPTP Sync	seq=56723 li=-3 spid=3cc0c6fffefe02100001
249.571402036	2	3c:c0:c6:fe:02:11	gPTP Follow_Up	seq=56723 li=-3 spid=3cc0c6fffefe02100001
249.601113073	2	3c:c0:c6:fe:02:11	MVRP	
249.681636878	2	3c:c0:c6:fe:02:11	gPTP Sync	seq=56724 li=-3 spid=3cc0c6fffefe02100001
249.682384056	2	3c:c0:c6:fe:02:11	gPTP Follow_Up	seq=56724 li=-3 spid=3cc0c6fffefe02100001
249.811725054	2	3c:c0:c6:fe:02:11	gPTP Sync	seq=56725 li=-3 spid=3cc0c6fffefe02100001
249.812459464	2	3c:c0:c6:fe:02:11	gPTP Follow_Up	seq=56725 li=-3 spid=3cc0c6fffefe02100001
249.881611570	2	3c:c0:c6:fe:02:11	gPTP Pdelay_Req	seq=1652 li=0 spid=3cc0c6fffefe02100001
249.881622554	3	02:00:00:00:00:01	gPTP Pdelay_Resp	seq=1652 li=127 spid=020000fffe0000010001
249.881630114	3	02:00:00:00:00:01	gPTP Pdelay_Resp_Follow_Up	seq=1652 li=127 spid=020000fffe0000010001
249.931569351	2	3c:c0:c6:fe:02:11	gPTP Sync	seq=56726 li=-3 spid=3cc0c6fffefe02100001
249.932288753	2	3c:c0:c6:fe:02:11	gPTP Follow_Up	seq=56726 li=-3 spid=3cc0c6fffefe02100001
249.940921613	2	3c:c0:c6:fe:02:11	ethertype 0x0027	
250.061674520	2	3c:c0:c6:fe:02:11	gPTP Sync	seq=56727 li=-3 spid=3cc0c6fffefe02100001
250.062408929	2	3c:c0:c6:fe:02:11	gPTP Follow_Up	seq=56727 li=-3 spid=3cc0c6fffefe02100001
250.131800652	2	3c:c0:c6:fe:02:11	gPTP Announce	seq=64088 li=0 spid=3cc0c6fffefe02100001 gm=3cc0c6fffefe0210 p1=246 sr=0
250.181668032	2	3c:c0:c6:fe:02:11	gPTP Sync	seq=56728 li=-3 spid=3cc0c6fffefe02100001
250.182404042	2	3c:c0:c6:fe:02:11	gPTP Follow_Up	seq=56728 li=-3 spid=3cc0c6fffefe02100001
250.311643217	2	3c:c0:c6:fe:02:11	gPTP Sync	seq=56729 li=-3 spid=3cc0c6fffefe02100001
250.312378619	2	3c:c0:c6:fe:02:11	gPTP Follow_Up	seq=56729 li=-3 spid=3cc0c6fffefe02100001
250.351902535	3	02:00:00:00:00:01	MSRP	
250.431576506	2	3c:c0:c6:fe:02:11	gPTP Sync	seq=56730 li=-3 spid=3cc0c6fffefe02100001
250.432315299	2	3c:c0:c6:fe:02:11	gPTP Follow_Up	seq=56730 li=-3 spid=3cc0c6fffefe02100001
250.551905803	3	02:00:00:00:00:01	gPTP Pdelay_Req	seq=1561 li=0 spid=020000fffe0000010001
250.552676429	2	3c:c0:c6:fe:02:11	gPTP Pdelay_Resp	seq=1561 li=127 spid=3cc0c6fffefe02100001
250.553662031	2	3c:c0:c6:fe:02:11	gPTP Pdelay_Resp_Follow_Up	seq=1561 li=127 spid=3cc0c6fffefe02100001
250.570827952	2	3c:c0:c6:fe:02:11	gPTP Sync	seq=56731 li=-3 spid=3cc0c6fffefe02100001
250.571406777	2	3c:c0:c6:fe:02:11	gPTP Follow_Up	seq=56731 li=-3 spid=3cc0c6fffefe02100001
250.600931382	2	3c:c0:c6:fe:02:11	MVRP	
250.681639795	2	3c:c0:c6:fe:02:11	gPTP Sync	seq=56732 li=-3 spid=3cc0c6fffefe02100001
250.682382781	2	3c:c0:c6:fe:02:11	gPTP Follow_Up	seq=56732 li=-3 spid=3cc0c6fffefe02100001
250.811704963	2	3c:c0:c6:fe:02:11	gPTP Sync	seq=56733 li=-3 spid=3cc0c6fffefe02100001
250.812435789	2	3c:c0:c6:fe:02:11	gPTP Follow_Up	seq=56733 li=-3 spid=3cc0c6fffefe02100001
250.881598679	2	3c:c0:c6:fe:02:11	gPTP Pdelay_Req	seq=1653 li=0 spid=3cc0c6fffefe02100001
250.881609671	3	02:00:00:00:00:01	gPTP Pdelay_Resp	seq=1653 li=127 spid=020000fffe0000010001
250.881617231	3	02:00:00:00:00:01	gPTP Pdelay_Resp_Follow_Up	seq=1653 li=127 spid=020000fffe0000010001
250.931575468	2	3c:c0:c6:fe:02:11	gPTP Sync	seq=56734 li=-3 spid=3cc0c6fffefe02100001
250.932292877	2	3c:c0:c6:fe:02:11	gPTP Follow_Up	seq=56734 li=-3 spid=3cc0c6fffefe02100001
251.061657244	2	3c:c0:c6:fe:02:11	gPTP Sync	seq=56735 li=-3 spid=3cc0c6fffefe02100001
251.062388070	2	3c:c0:c6:fe:02:11	gPTP Follow_Up	seq=56735 li=-3 spid=3cc0c6fffefe02100001
251.131826192	2	3c:c0:c6:fe:02:11	gPTP Announce	seq=64089 li=0 spid=3cc0c6fffefe02100001 gm=3cc0c6fffefe0210 p1=246 sr=0
251.181659364	2	3c:c0:c6:fe:02:11	gPTP Sync	seq=56736 li=-3 spid=3cc0c6fffefe02100001
251.182392166	2	3c:c0:c6:fe:02:11	gPTP Follow_Up	seq=56736 li=-3 spid=3cc0c6fffefe02100001
251.240995999	2	3c:c0:c6:fe:02:11	MVRP	
251.311647732	2	3c:c0:c6:fe:02:11	gPTP Sync	seq=56737 li=-3 spid=3cc0c6fffefe02100001
251.312385942	2	3c:c0:c6:fe:02:11	gPTP Follow_Up	seq=56737 li=-3 spid=3cc0c6fffefe02100001
251.351904874	3	02:00:00:00:00:01	MSRP	
251.431589213	2	3c:c0:c6:fe:02:11	gPTP Sync	seq=56738 li=-3 spid=3cc0c6fffefe02100001
251.432325631	2	3c:c0:c6:fe:02:11	gPTP Follow_Up	seq=56738 li=-3 spid=3cc0c6fffefe02100001
251.551908142	3	02:00:00:00:00:01	gPTP Pdelay_Req	seq=1562 li=0 spid=020000fffe0000010001
251.552673544	2	3c:c0:c6:fe:02:11	gPTP Pdelay_Resp	seq=1562 li=127 spid=3cc0c6fffefe02100001
251.553657554	2	3c:c0:c6:fe:02:11	gPTP Pdelay_Resp_Follow_Up	seq=1562 li=127 spid=3cc0c6fffefe02100001
251.570835282	2	3c:c0:c6:fe:02:11	gPTP Sync	seq=56739 li=-3 spid=3cc0c6fffefe02100001
251.571416660	2	3c:c0:c6:fe:02:11	gPTP Follow_Up	seq=56739 li=-3 spid=3cc0c6fffefe02100001
251.601117905	2	3c:c0:c6:fe:02:11	MVRP	
251.681676918	2	3c:c0:c6:fe:02:11	gPTP Sync	seq=56740 li=-3 spid=3cc0c6fffefe02100001
251.682425719	2	3c:c0:c6:fe:02:11	gPTP Follow_Up	seq=56740 li=-3 spid=3cc0c6fffefe02100001
251.811707494	2	3c:c0:c6:fe:02:11	gPTP Sync	seq=56741 li=-3 spid=3cc0c6fffefe02100001
251.812440296	2	3c:c0:c6:fe:02:11	gPTP Follow_Up	seq=56741 li=-3 spid=3cc0c6fffefe02100001
251.881602193	2	3c:c0:c6:fe:02:11	gPTP Pdelay_Req	seq=1654 li=0 spid=3cc0c6fffefe02100001
251.881613185	3	02:00:00:00:00:01	gPTP Pdelay_Resp	seq=1654 li=127 spid=020000fffe0000010001
251.881620745	3	02:00:00:00:00:01	gPTP Pdelay_Resp_Follow_Up	seq=1654 li=127 spid=020000fffe0000010001
251.931585382	2	3c:c0:c6:fe:02:11	gPTP Sync	seq=56742 li=-3 spid=3cc0c6fffefe02100001
251.932303792	2	3c:c0:c6:fe:02:11	gPTP Follow_Up	seq=56742 li=-3 spid=3cc0c6fffefe02100001
251.940936652	2	3c:c0:c6:fe:02:11	ethertype 0x0027	
252.061663967	2	3c:c0:c6:fe:02:11	gPTP Sync	seq=56743 li=-3 spid=3cc0c6fffefe02100001
252.062393569	2	3c:c0:c6:fe:02:11	gPTP Follow_Up	seq=56743 li=-3 spid=3cc0c6fffefe02100001
252.131816907	2	3c:c0:c6:fe:02:11	gPTP Announce	seq=64090 li=0 spid=3cc0c6fffefe02100001 gm=3cc0c6fffefe0210 p1=246 sr=0
252.177904271	3	02:00:00:00:00:01	MAAP	
252.181664448	2	3c:c0:c6:fe:02:11	gPTP Sync	seq=56744 li=-3 spid=3cc0c6fffefe02100001
252.182393482	2	3c:c0:c6:fe:02:11	gPTP Follow_Up	seq=56744 li=-3 spid=3cc0c6fffefe02100001
252.311669464	2	3c:c0:c6:fe:02:11	gPTP Sync	seq=56745 li=-3 spid=3cc0c6fffefe02100001
252.312404858	2	3c:c0:c6:fe:02:11	gPTP Follow_Up	seq=56745 li=-3 spid=3cc0c6fffefe02100001
252.351907199	3	02:00:00:00:00:01	MSRP	
252.431594745	2	3c:c0:c6:fe:02:11	gPTP Sync	seq=56746 li=-3 spid=3cc0c6fffefe02100001
252.432327555	2	3c:c0:c6:fe:02:11	gPTP Follow_Up	seq=56746 li=-3 spid=3cc0c6fffefe02100001
252.551910467	3	02:00:00:00:00:01	gPTP Pdelay_Req	seq=1563 li=0 spid=020000fffe0000010001
252.552681861	2	3c:c0:c6:fe:02:11	gPTP Pdelay_Resp	seq=1563 li=127 spid=3cc0c6fffefe02100001
252.553668463	2	3c:c0:c6:fe:02:11	gPTP Pdelay_Resp_Follow_Up	seq=1563 li=127 spid=3cc0c6fffefe02100001
252.570847407	2	3c:c0:c6:fe:02:11	gPTP Sync	seq=56747 li=-3 spid=3cc0c6fffefe02100001
252.571430808	2	3c:c0:c6:fe:02:11	gPTP Follow_Up	seq=56747 li=-3 spid=3cc0c6fffefe02100001
252.600954038	2	3c:c0:c6:fe:02:11	MVRP	
252.681649043	2	3c:c0:c6:fe:02:11	gPTP Sync	seq=56748 li=-3 spid=3cc0c6fffefe02100001
252.682396636	2	3c:c0:c6:fe:02:11	gPTP Follow_Up	seq=56748 li=-3 spid=3cc0c6fffefe02100001
252.811713219	2	3c:c0:c6:fe:02:11	gPTP Sync	seq=56749 li=-3 spid=3cc0c6fffefe02100001
252.812447021	2	3c:c0:c6:fe:02:11	gPTP Follow_Up	seq=56749 li=-3 spid=3cc0c6fffefe02100001
252.881624343	2	3c:c0:c6:fe:02:11	gPTP Pdelay_Req	seq=1655 li=0 spid=3cc0c6fffefe02100001
252.881635327	3	02:00:00:00:00:01	gPTP Pdelay_Resp	seq=1655 li=127 spid=020000fffe0000010001
252.881642887	3	02:00:00:00:00:01	gPTP Pdelay_Resp_Follow_Up	seq=1655 li=127 spid=020000fffe0000010001
252.895971041	2	68:05:ca:95:b2:ed	AECP	
252.896002521	3	02:00:00:00:00:01	AECP	
252.896160449	2	68:05:ca:95:b2:ed	AECP	
252.896188881	3	02:00:00:00:00:01	AECP	
252.931591116	2	3c:c0:c6:fe:02:11	gPTP Sync	seq=56750 li=-3 spid=3cc0c6fffefe02100001
252.932308494	2	3c:c0:c6:fe:02:11	gPTP Follow_Up	seq=56750 li=-3 spid=3cc0c6fffefe02100001
253.061672893	2	3c:c0:c6:fe:02:11	gPTP Sync	seq=56751 li=-3 spid=3cc0c6fffefe02100001
253.062403110	2	3c:c0:c6:fe:02:11	gPTP Follow_Up	seq=56751 li=-3 spid=3cc0c6fffefe02100001
253.131824625	2	3c:c0:c6:fe:02:11	gPTP Announce	seq=64091 li=0 spid=3cc0c6fffefe02100001 gm=3cc0c6fffefe0210 p1=246 sr=0
253.181695590	2	3c:c0:c6:fe:02:11	gPTP Sync	seq=56752 li=-3 spid=3cc0c6fffefe02100001
253.182428400	2	3c:c0:c6:fe:02:11	gPTP Follow_Up	seq=56752 li=-3 spid=3cc0c6fffefe02100001
253.311658582	2	3c:c0:c6:fe:02:11	gPTP Sync	seq=56753 li=-3 spid=3cc0c6fffefe02100001
253.312397792	2	3c:c0:c6:fe:02:11	gPTP Follow_Up	seq=56753 li=-3 spid=3cc0c6fffefe02100001
253.346188031	2	3c:c0:c6:01:02:03	ADP	eid=3cc0c60102030000 gm=3cc0c6fffefe0210
253.351909885	3	02:00:00:00:00:01	MSRP	
253.352261262	2	3c:c0:c6:fe:02:11	MSRP	
253.431616480	2	3c:c0:c6:fe:02:11	gPTP Sync	seq=56754 li=-3 spid=3cc0c6fffefe02100001
253.432350889	2	3c:c0:c6:fe:02:11	gPTP Follow_Up	seq=56754 li=-3 spid=3cc0c6fffefe02100001
253.451490422	2	3c:c0:c6:fe:02:11	MSRP	
253.551912801	3	02:00:00:00:00:01	gPTP Pdelay_Req	seq=1564 li=0 spid=020000fffe0000010001
253.552682195	2	3c:c0:c6:fe:02:11	gPTP Pdelay_Resp	seq=1564 li=127 spid=3cc0c6fffefe02100001
253.553666805	2	3c:c0:c6:fe:02:11	gPTP Pdelay_Resp_Follow_Up	seq=1564 li=127 spid=3cc0c6fffefe02100001
253.570851318	2	3c:c0:c6:fe:02:11	gPTP Sync	seq=56755 li=-3 spid=3cc0c6fffefe02100001
253.571429535	2	3c:c0:c6:fe:02:11	gPTP Follow_Up	seq=56755 li=-3 spid=3cc0c6fffefe02100001
253.601138749	2	3c:c0:c6:fe:02:11	MVRP	
253.681657753	2	3c:c0:c6:fe:02:11	gPTP Sync	seq=56756 li=-3 spid=3cc0c6fffefe02100001
253.682401379	2	3c:c0:c6:fe:02:11	gPTP Follow_Up	seq=56756 li=-3 spid=3cc0c6fffefe02100001
253.811725746	2	3c:c0:c6:fe:02:11	gPTP Sync	seq=56757 li=-3 spid=3cc0c6fffefe02100001
253.812458548	2	3c:c0:c6:fe:02:11	gPTP Follow_Up	seq=56757 li=-3 spid=3cc0c6fffefe02100001
253.881619262	2	3c:c0:c6:fe:02:11	gPTP Pdelay_Req	seq=1656 li=0 spid=3cc0c6fffefe02100001
253.881630254	3	02:00:00:00:00:01	gPTP Pdelay_Resp	seq=1656 li=127 spid=020000fffe0000010001
253.881637814	3	02:00:00:00:00:01	gPTP Pdelay_Resp_Follow_Up	seq=1656 li=127 spid=020000fffe0000010001
253.931597235	2	3c:c0:c6:fe:02:11	gPTP Sync	seq=56758 li=-3 spid=3cc0c6fffefe02100001
253.932315645	2	3c:c0:c6:fe:02:11	gPTP Follow_Up	seq=56758 li=-3 spid=3cc0c6fffefe02100001
253.940951705	2	3c:c0:c6:fe:02:11	ethertype 0x0027	
254.061708996	2	3c:c0:c6:fe:02:11	gPTP Sync	seq=56759 li=-3 spid=3cc0c6fffefe02100001
254.062440238	2	3c:c0:c6:fe:02:11	gPTP Follow_Up	seq=56759 li=-3 spid=3cc0c6fffefe02100001
254.120802470	2	68:05:ca:95:b2:ed	ethertype 0x0800	
254.131840760	2	3c:c0:c6:fe:02:11	gPTP Announce	seq=64092 li=0 spid=3cc0c6fffefe02100001 gm=3cc0c6fffefe0210 p1=246 sr=0
254.181683501	2	3c:c0:c6:fe:02:11	gPTP Sync	seq=56760 li=-3 spid=3cc0c6fffefe02100001
254.182416727	2	3c:c0:c6:fe:02:11	gPTP Follow_Up	seq=56760 li=-3 spid=3cc0c6fffefe02100001
254.311741694	2	3c:c0:c6:fe:02:11	gPTP Sync	seq=56761 li=-3 spid=3cc0c6fffefe02100001
254.312476104	2	3c:c0:c6:fe:02:11	gPTP Follow_Up	seq=56761 li=-3 spid=3cc0c6fffefe02100001
254.351911860	3	02:00:00:00:00:01	MSRP	
254.431639399	2	3c:c0:c6:fe:02:11	gPTP Sync	seq=56762 li=-3 spid=3cc0c6fffefe02100001
254.432371825	2	3c:c0:c6:fe:02:11	gPTP Follow_Up	seq=56762 li=-3 spid=3cc0c6fffefe02100001
254.551915129	3	02:00:00:00:00:01	gPTP Pdelay_Req	seq=1565 li=0 spid=020000fffe0000010001
254.552682715	2	3c:c0:c6:fe:02:11	gPTP Pdelay_Resp	seq=1565 li=127 spid=3cc0c6fffefe02100001
254.553675325	2	3c:c0:c6:fe:02:11	gPTP Pdelay_Resp_Follow_Up	seq=1565 li=127 spid=3cc0c6fffefe02100001
254.570858429	2	3c:c0:c6:fe:02:11	gPTP Sync	seq=56763 li=-3 spid=3cc0c6fffefe02100001
254.571438663	2	3c:c0:c6:fe:02:11	gPTP Follow_Up	seq=56763 li=-3 spid=3cc0c6fffefe02100001
254.600959076	2	3c:c0:c6:fe:02:11	MVRP	
254.681697281	2	3c:c0:c6:fe:02:11	gPTP Sync	seq=56764 li=-3 spid=3cc0c6fffefe02100001
254.682440907	2	3c:c0:c6:fe:02:11	gPTP Follow_Up	seq=56764 li=-3 spid=3cc0c6fffefe02100001
254.811731066	2	3c:c0:c6:fe:02:11	gPTP Sync	seq=56765 li=-3 spid=3cc0c6fffefe02100001
254.812462267	2	3c:c0:c6:fe:02:11	gPTP Follow_Up	seq=56765 li=-3 spid=3cc0c6fffefe02100001
254.881633189	2	3c:c0:c6:fe:02:11	gPTP Pdelay_Req	seq=1657 li=0 spid=3cc0c6fffefe02100001
254.881644182	3	02:00:00:00:00:01	gPTP Pdelay_Resp	seq=1657 li=127 spid=020000fffe0000010001
254.881651742	3	02:00:00:00:00:01	gPTP Pdelay_Resp_Follow_Up	seq=1657 li=127 spid=020000fffe0000010001
254.931621371	2	3c:c0:c6:fe:02:11	gPTP Sync	seq=56766 li=-3 spid=3cc0c6fffefe02100001
254.932342980	2	3c:c0:c6:fe:02:11	gPTP Follow_Up	seq=56766 li=-3 spid=3cc0c6fffefe02100001
255.061688755	2	3c:c0:c6:fe:02:11	gPTP Sync	seq=56767 li=-3 spid=3cc0c6fffefe02100001
255.062423765	2	3c:c0:c6:fe:02:11	gPTP Follow_Up	seq=56767 li=-3 spid=3cc0c6fffefe02100001
255.131840480	2	3c:c0:c6:fe:02:11	gPTP Announce	seq=64093 li=0 spid=3cc0c6fffefe02100001 gm=3cc0c6fffefe0210 p1=246 sr=0
255.159914818	3	02:00:00:00:00:01	ADP	eid=020000fffe000001 gm=3cc0c6fffefe0210
255.181702453	2	3c:c0:c6:fe:02:11	gPTP Sync	seq=56768 li=-3 spid=3cc0c6fffefe02100001
255.182436254	2	3c:c0:c6:fe:02:11	gPTP Follow_Up	seq=56768 li=-3 spid=3cc0c6fffefe02100001
255.311695629	2	3c:c0:c6:fe:02:11	gPTP Sync	seq=56769 li=-3 spid=3cc0c6fffefe02100001
255.312430639	2	3c:c0:c6:fe:02:11	gPTP Follow_Up	seq=56769 li=-3 spid=3cc0c6fffefe02100001
255.351914204	3	02:00:00:00:00:01	MSRP	
255.431650543	2	3c:c0:c6:fe:02:11	gPTP Sync	seq=56770 li=-3 spid=3cc0c6fffefe02100001
255.432386936	2	3c:c0:c6:fe:02:11	gPTP Follow_Up	seq=56770 li=-3 spid=3cc0c6fffefe02100001
255.551917464	3	02:00:00:00:00:01	gPTP Pdelay_Req	seq=1566 li=0 spid=020000fffe0000010001
255.552685858	2	3c:c0:c6:fe:02:11	gPTP Pdelay_Resp	seq=1566 li=127 spid=3cc0c6fffefe02100001
255.553674661	2	3c:c0:c6:fe:02:11	gPTP Pdelay_Resp_Follow_Up	seq=1566 li=127 spid=3cc0c6fffefe02100001
255.570868389	2	3c:c0:c6:fe:02:11	gPTP Sync	seq=56771 li=-3 spid=3cc0c6fffefe02100001
255.571445998	2	3c:c0:c6:fe:02:11	gPTP Follow_Up	seq=56771 li=-3 spid=3cc0c6fffefe02100001
255.601162188	2	3c:c0:c6:fe:02:11	MVRP	
255.681679017	2	3c:c0:c6:fe:02:11	gPTP Sync	seq=56772 li=-3 spid=3cc0c6fffefe02100001
255.682423634	2	3c:c0:c6:fe:02:11	gPTP Follow_Up	seq=56772 li=-3 spid=3cc0c6fffefe02100001
255.811741601	2	3c:c0:c6:fe:02:11	gPTP Sync	seq=56773 li=-3 spid=3cc0c6fffefe02100001
255.812477603	2	3c:c0:c6:fe:02:11	gPTP Follow_Up	seq=56773 li=-3 spid=3cc0c6fffefe02100001
255.881643725	2	3c:c0:c6:fe:02:11	gPTP Pdelay_Req	seq=1658 li=0 spid=3cc0c6fffefe02100001
255.881654717	3	02:00:00:00:00:01	gPTP Pdelay_Resp	seq=1658 li=127 spid=020000fffe0000010001
255.881662277	3	02:00:00:00:00:01	gPTP Pdelay_Resp_Follow_Up	seq=1658 li=127 spid=020000fffe0000010001
255.916913000	3	02:00:00:00:00:01	MAAP	
255.931664898	2	3c:c0:c6:fe:02:11	gPTP Sync	seq=56774 li=-3 spid=3cc0c6fffefe02100001
255.932387116	2	3c:c0:c6:fe:02:11	gPTP Follow_Up	seq=56774 li=-3 spid=3cc0c6fffefe02100001
255.940972968	2	3c:c0:c6:fe:02:11	ethertype 0x0027	
256.061699251	2	3c:c0:c6:fe:02:11	gPTP Sync	seq=56775 li=-3 spid=3cc0c6fffefe02100001
256.062433085	2	3c:c0:c6:fe:02:11	gPTP Follow_Up	seq=56775 li=-3 spid=3cc0c6fffefe02100001
256.131849384	2	3c:c0:c6:fe:02:11	gPTP Announce	seq=64094 li=0 spid=3cc0c6fffefe02100001 gm=3cc0c6fffefe0210 p1=246 sr=0
256.181717789	2	3c:c0:c6:fe:02:11	gPTP Sync	seq=56776 li=-3 spid=3cc0c6fffefe02100001
256.182447782	2	3c:c0:c6:fe:02:11	gPTP Follow_Up	seq=56776 li=-3 spid=3cc0c6fffefe02100001
256.311683757	2	3c:c0:c6:fe:02:11	gPTP Sync	seq=56777 li=-3 spid=3cc0c6fffefe02100001
256.312417143	2	3c:c0:c6:fe:02:11	gPTP Follow_Up	seq=56777 li=-3 spid=3cc0c6fffefe02100001
256.351916539	3	02:00:00:00:00:01	MSRP	
256.431627862	2	3c:c0:c6:fe:02:11	gPTP Sync	seq=56778 li=-3 spid=3cc0c6fffefe02100001
256.432362848	2	3c:c0:c6:fe:02:11	gPTP Follow_Up	seq=56778 li=-3 spid=3cc0c6fffefe02100001
256.551919808	3	02:00:00:00:00:01	gPTP Pdelay_Req	seq=1567 li=0 spid=020000fffe0000010001
256.552681770	2	3c:c0:c6:fe:02:11	gPTP Pdelay_Resp	seq=1567 li=127 spid=3cc0c6fffefe02100001
256.553669580	2	3c:c0:c6:fe:02:11	gPTP Pdelay_Resp_Follow_Up	seq=1567 li=127 spid=3cc0c6fffefe02100001
256.570872909	2	3c:c0:c6:fe:02:11	gPTP Sync	seq=56779 li=-3 spid=3cc0c6fffefe02100001
256.571451094	2	3c:c0:c6:fe:02:11	gPTP Follow_Up	seq=56779 li=-3 spid=3cc0c6fffefe02100001
256.600919347	2	3c:c0:c6:fe:02:11	MVRP	
256.681687344	2	3c:c0:c6:fe:02:11	gPTP Sync	seq=56780 li=-3 spid=3cc0c6fffefe02100001
256.682433946	2	3c:c0:c6:fe:02:11	gPTP Follow_Up	seq=56780 li=-3 spid=3cc0c6fffefe02100001
256.811749321	2	3c:c0:c6:fe:02:11	gPTP Sync	seq=56781 li=-3 spid=3cc0c6fffefe02100001
256.812481739	2	3c:c0:c6:fe:02:11	gPTP Follow_Up	seq=56781 li=-3 spid=3cc0c6fffefe02100001
256.881641428	2	3c:c0:c6:fe:02:11	gPTP Pdelay_Req	seq=1659 li=0 spid=3cc0c6fffefe02100001
256.881652428	3	02:00:00:00:00:01	gPTP Pdelay_Resp	seq=1659 li=127 spid=020000fffe0000010001
256.881659988	3	02:00:00:00:00:01	gPTP Pdelay_Resp_Follow_Up	seq=1659 li=127 spid=020000fffe0000010001
256.931618825	2	3c:c0:c6:fe:02:11	gPTP Sync	seq=56782 li=-3 spid=3cc0c6fffefe02100001
256.932341043	2	3c:c0:c6:fe:02:11	gPTP Follow_Up	seq=56782 li=-3 spid=3cc0c6fffefe02100001
256.941092688	2	3c:c0:c6:fe:02:10	ethertype 0x0800	
257.061701410	2	3c:c0:c6:fe:02:11	gPTP Sync	seq=56783 li=-3 spid=3cc0c6fffefe02100001
257.062432003	2	3c:c0:c6:fe:02:11	gPTP Follow_Up	seq=56783 li=-3 spid=3cc0c6fffefe02100001
257.131858542	2	3c:c0:c6:fe:02:11	gPTP Announce	seq=64095 li=0 spid=3cc0c6fffefe02100001 gm=3cc0c6fffefe0210 p1=246 sr=0
257.181700098	2	3c:c0:c6:fe:02:11	gPTP Sync	seq=56784 li=-3 spid=3cc0c6fffefe02100001
257.182434508	2	3c:c0:c6:fe:02:11	gPTP Follow_Up	seq=56784 li=-3 spid=3cc0c6fffefe02100001
257.311690683	2	3c:c0:c6:fe:02:11	gPTP Sync	seq=56785 li=-3 spid=3cc0c6fffefe02100001
257.312424700	2	3c:c0:c6:fe:02:11	gPTP Follow_Up	seq=56785 li=-3 spid=3cc0c6fffefe02100001
257.351918849	3	02:00:00:00:00:01	MSRP	
257.431635995	2	3c:c0:c6:fe:02:11	gPTP Sync	seq=56786 li=-3 spid=3cc0c6fffefe02100001
257.432374597	2	3c:c0:c6:fe:02:11	gPTP Follow_Up	seq=56786 li=-3 spid=3cc0c6fffefe02100001
257.551922117	3	02:00:00:00:00:01	gPTP Pdelay_Req	seq=1568 li=0 spid=020000fffe0000010001
257.552684494	2	3c:c0:c6:fe:02:11	gPTP Pdelay_Resp	seq=1568 li=127 spid=3cc0c6fffefe02100001
257.553673905	2	3c:c0:c6:fe:02:11	gPTP Pdelay_Resp_Follow_Up	seq=1568 li=127 spid=3cc0c6fffefe02100001
257.570884249	2	3c:c0:c6:fe:02:11	gPTP Sync	seq=56787 li=-3 spid=3cc0c6fffefe02100001
257.571462842	2	3c:c0:c6:fe:02:11	gPTP Follow_Up	seq=56787 li=-3 spid=3cc0c6fffefe02100001
257.601148056	2	3c:c0:c6:fe:02:11	MVRP	
257.681741268	2	3c:c0:c6:fe:02:11	gPTP Sync	seq=56788 li=-3 spid=3cc0c6fffefe02100001
257.682487486	2	3c:c0:c6:fe:02:11	gPTP Follow_Up	seq=56788 li=-3 spid=3cc0c6fffefe02100001
257.811749453	2	3c:c0:c6:fe:02:11	gPTP Sync	seq=56789 li=-3 spid=3cc0c6fffefe02100001
257.812483246	2	3c:c0:c6:fe:02:11	gPTP Follow_Up	seq=56789 li=-3 spid=3cc0c6fffefe02100001
257.881646168	2	3c:c0:c6:fe:02:11	gPTP Pdelay_Req	seq=1660 li=0 spid=3cc0c6fffefe02100001
257.881657168	3	02:00:00:00:00:01	gPTP Pdelay_Resp	seq=1660 li=127 spid=020000fffe0000010001
257.881664728	3	02:00:00:00:00:01	gPTP Pdelay_Resp_Follow_Up	seq=1660 li=127 spid=020000fffe0000010001
257.894966880	2	68:05:ca:95:b2:ed	AECP	
257.894999488	3	02:00:00:00:00:01	AECP	
257.895164256	2	68:05:ca:95:b2:ed	AECP	
257.895192440	3	02:00:00:00:00:01	AECP	
257.931626957	2	3c:c0:c6:fe:02:11	gPTP Sync	seq=56790 li=-3 spid=3cc0c6fffefe02100001
257.932347351	2	3c:c0:c6:fe:02:11	gPTP Follow_Up	seq=56790 li=-3 spid=3cc0c6fffefe02100001
257.940981811	2	3c:c0:c6:fe:02:11	ethertype 0x0027	
258.061739142	2	3c:c0:c6:fe:02:11	gPTP Sync	seq=56791 li=-3 spid=3cc0c6fffefe02100001
258.062473544	2	3c:c0:c6:fe:02:11	gPTP Follow_Up	seq=56791 li=-3 spid=3cc0c6fffefe02100001
258.131864050	2	3c:c0:c6:fe:02:11	gPTP Announce	seq=64096 li=0 spid=3cc0c6fffefe02100001 gm=3cc0c6fffefe0210 p1=246 sr=0
258.181706439	2	3c:c0:c6:fe:02:11	gPTP Sync	seq=56792 li=-3 spid=3cc0c6fffefe02100001
258.182435441	2	3c:c0:c6:fe:02:11	gPTP Follow_Up	seq=56792 li=-3 spid=3cc0c6fffefe02100001
258.311719424	2	3c:c0:c6:fe:02:11	gPTP Sync	seq=56793 li=-3 spid=3cc0c6fffefe02100001
258.312455393	2	3c:c0:c6:fe:02:11	gPTP Follow_Up	seq=56793 li=-3 spid=3cc0c6fffefe02100001
258.351921190	3	02:00:00:00:00:01	MSRP	
258.431641504	2	3c:c0:c6:fe:02:11	gPTP Sync	seq=56794 li=-3 spid=3cc0c6fffefe02100001
258.432377514	2	3c:c0:c6:fe:02:11	gPTP Follow_Up	seq=56794 li=-3 spid=3cc0c6fffefe02100001
258.551924450	3	02:00:00:00:00:01	gPTP Pdelay_Req	seq=1569 li=0 spid=020000fffe0000010001
258.552684820	2	3c:c0:c6:fe:02:11	gPTP Pdelay_Resp	seq=1569 li=127 spid=3cc0c6fffefe02100001
258.553674230	2	3c:c0:c6:fe:02:11	gPTP Pdelay_Resp_Follow_Up	seq=1569 li=127 spid=3cc0c6fffefe02100001
258.570890967	2	3c:c0:c6:fe:02:11	gPTP Sync	seq=56795 li=-3 spid=3cc0c6fffefe02100001
258.571472160	2	3c:c0:c6:fe:02:11	gPTP Follow_Up	seq=56795 li=-3 spid=3cc0c6fffefe02100001
258.601003997	2	3c:c0:c6:fe:02:11	MVRP	
258.681698394	2	3c:c0:c6:fe:02:11	gPTP Sync	seq=56796 li=-3 spid=3cc0c6fffefe02100001
258.682445604	2	3c:c0:c6:fe:02:11	gPTP Follow_Up	seq=56796 li=-3 spid=3cc0c6fffefe02100001
258.811760363	2	3c:c0:c6:fe:02:11	gPTP Sync	seq=56797 li=-3 spid=3cc0c6fffefe02100001
258.812496372	2	3c:c0:c6:fe:02:11	gPTP Follow_Up	seq=56797 li=-3 spid=3cc0c6fffefe02100001
258.881666302	2	3c:c0:c6:fe:02:11	gPTP Pdelay_Req	seq=1661 li=0 spid=3cc0c6fffefe02100001
258.881677302	3	02:00:00:00:00:01	gPTP Pdelay_Resp	seq=1661 li=127 spid=020000fffe0000010001
258.881684862	3	02:00:00:00:00:01	gPTP Pdelay_Resp_Follow_Up	seq=1661 li=127 spid=020000fffe0000010001
258.931634068	2	3c:c0:c6:fe:02:11	gPTP Sync	seq=56798 li=-3 spid=3cc0c6fffefe02100001
258.932350869	2	3c:c0:c6:fe:02:11	gPTP Follow_Up	seq=56798 li=-3 spid=3cc0c6fffefe02100001
259.061714852	2	3c:c0:c6:fe:02:11	gPTP Sync	seq=56799 li=-3 spid=3cc0c6fffefe02100001
259.062444462	2	3c:c0:c6:fe:02:11	gPTP Follow_Up	seq=56799 li=-3 spid=3cc0c6fffefe02100001
259.125299145	2	3c:c0:c6:01:02:03	ADP	eid=3cc0c60102030000 gm=3cc0c6fffefe0210
259.131885785	2	3c:c0:c6:fe:02:11	gPTP Announce	seq=64097 li=0 spid=3cc0c6fffefe02100001 gm=3cc0c6fffefe0210 p1=246 sr=0
259.181737133	2	3c:c0:c6:fe:02:11	gPTP Sync	seq=56800 li=-3 spid=3cc0c6fffefe02100001
259.182466167	2	3c:c0:c6:fe:02:11	gPTP Follow_Up	seq=56800 li=-3 spid=3cc0c6fffefe02100001
259.311707934	2	3c:c0:c6:fe:02:11	gPTP Sync	seq=56801 li=-3 spid=3cc0c6fffefe02100001
259.312442952	2	3c:c0:c6:fe:02:11	gPTP Follow_Up	seq=56801 li=-3 spid=3cc0c6fffefe02100001
259.351923516	3	02:00:00:00:00:01	MSRP	
259.431648231	2	3c:c0:c6:fe:02:11	gPTP Sync	seq=56802 li=-3 spid=3cc0c6fffefe02100001
259.432386449	2	3c:c0:c6:fe:02:11	gPTP Follow_Up	seq=56802 li=-3 spid=3cc0c6fffefe02100001
259.551926777	3	02:00:00:00:00:01	gPTP Pdelay_Req	seq=1570 li=0 spid=020000fffe0000010001
259.552743355	2	3c:c0:c6:fe:02:11	gPTP Pdelay_Resp	seq=1570 li=127 spid=3cc0c6fffefe02100001
259.553734365	2	3c:c0:c6:fe:02:11	gPTP Pdelay_Resp_Follow_Up	seq=1570 li=127 spid=3cc0c6fffefe02100001
259.570895485	2	3c:c0:c6:fe:02:11	gPTP Sync	seq=56803 li=-3 spid=3cc0c6fffefe02100001
259.571473671	2	3c:c0:c6:fe:02:11	gPTP Follow_Up	seq=56803 li=-3 spid=3cc0c6fffefe02100001
259.601173892	2	3c:c0:c6:fe:02:11	MVRP	
259.681706721	2	3c:c0:c6:fe:02:11	gPTP Sync	seq=56804 li=-3 spid=3cc0c6fffefe02100001
259.682450123	2	3c:c0:c6:fe:02:11	gPTP Follow_Up	seq=56804 li=-3 spid=3cc0c6fffefe02100001
259.811777298	2	3c:c0:c6:fe:02:11	gPTP Sync	seq=56805 li=-3 spid=3cc0c6fffefe02100001
259.812510107	2	3c:c0:c6:fe:02:11	gPTP Follow_Up	seq=56805 li=-3 spid=3cc0c6fffefe02100001
259.881674022	2	3c:c0:c6:fe:02:11	gPTP Pdelay_Req	seq=1662 li=0 spid=3cc0c6fffefe02100001
259.881685014	3	02:00:00:00:00:01	gPTP Pdelay_Resp	seq=1662 li=127 spid=020000fffe0000010001
259.881692574	3	02:00:00:00:00:01	gPTP Pdelay_Resp_Follow_Up	seq=1662 li=127 spid=020000fffe0000010001
259.931643611	2	3c:c0:c6:fe:02:11	gPTP Sync	seq=56806 li=-3 spid=3cc0c6fffefe02100001
259.932361412	2	3c:c0:c6:fe:02:11	gPTP Follow_Up	seq=56806 li=-3 spid=3cc0c6fffefe02100001
259.940998465	2	3c:c0:c6:fe:02:11	ethertype 0x0027	
260.061747796	2	3c:c0:c6:fe:02:11	gPTP Sync	seq=56807 li=-3 spid=3cc0c6fffefe02100001
260.062483189	2	3c:c0:c6:fe:02:11	gPTP Follow_Up	seq=56807 li=-3 spid=3cc0c6fffefe02100001
260.131886112	2	3c:c0:c6:fe:02:11	gPTP Announce	seq=64098 li=0 spid=3cc0c6fffefe02100001 gm=3cc0c6fffefe0210 p1=246 sr=0
260.181725077	2	3c:c0:c6:fe:02:11	gPTP Sync	seq=56808 li=-3 spid=3cc0c6fffefe02100001
260.182455870	2	3c:c0:c6:fe:02:11	gPTP Follow_Up	seq=56808 li=-3 spid=3cc0c6fffefe02100001
260.230923048	3	02:00:00:00:00:01	MAAP	
260.311716877	2	3c:c0:c6:fe:02:11	gPTP Sync	seq=56809 li=-3 spid=3cc0c6fffefe02100001
260.312453263	2	3c:c0:c6:fe:02:11	gPTP Follow_Up	seq=56809 li=-3 spid=3cc0c6fffefe02100001
260.351925852	3	02:00:00:00:00:01	MSRP	
260.431657775	2	3c:c0:c6:fe:02:11	gPTP Sync	seq=56810 li=-3 spid=3cc0c6fffefe02100001
260.432397976	2	3c:c0:c6:fe:02:11	gPTP Follow_Up	seq=56810 li=-3 spid=3cc0c6fffefe02100001
260.551929112	3	02:00:00:00:00:01	gPTP Pdelay_Req	seq=1571 li=0 spid=020000fffe0000010001
260.552721282	2	3c:c0:c6:fe:02:11	gPTP Pdelay_Resp	seq=1571 li=127 spid=3cc0c6fffefe02100001
260.553707885	2	3c:c0:c6:fe:02:11	gPTP Pdelay_Resp_Follow_Up	seq=1571 li=127 spid=3cc0c6fffefe02100001
260.570903821	2	3c:c0:c6:fe:02:11	gPTP Sync	seq=56811 li=-3 spid=3cc0c6fffefe02100001
260.571484622	2	3c:c0:c6:fe:02:11	gPTP Follow_Up	seq=56811 li=-3 spid=3cc0c6fffefe02100001
260.601004043	2	3c:c0:c6:fe:02:11	MVRP	
260.681740657	2	3c:c0:c6:fe:02:11	gPTP Sync	seq=56812 li=-3 spid=3cc0c6fffefe02100001
260.682487250	2	3c:c0:c6:fe:02:11	gPTP Follow_Up	seq=56812 li=-3 spid=3cc0c6fffefe02100001
260.811776609	2	3c:c0:c6:fe:02:11	gPTP Sync	seq=56813 li=-3 spid=3cc0c6fffefe02100001
260.812508227	2	3c:c0:c6:fe:02:11	gPTP Follow_Up	seq=56813 li=-3 spid=3cc0c6fffefe02100001
260.881677549	2	3c:c0:c6:fe:02:11	gPTP Pdelay_Req	seq=1663 li=0 spid=3cc0c6fffefe02100001
260.881688557	3	02:00:00:00:00:01	gPTP Pdelay_Resp	seq=1663 li=127 spid=020000fffe0000010001
260.881696117	3	02:00:00:00:00:01	gPTP Pdelay_Resp_Follow_Up	seq=1663 li=127 spid=020000fffe0000010001
260.931651338	2	3c:c0:c6:fe:02:11	gPTP Sync	seq=56814 li=-3 spid=3cc0c6fffefe02100001
260.932370732	2	3c:c0:c6:fe:02:11	gPTP Follow_Up	seq=56814 li=-3 spid=3cc0c6fffefe02100001
261.061760315	2	3c:c0:c6:fe:02:11	gPTP Sync	seq=56815 li=-3 spid=3cc0c6fffefe02100001
261.062493725	2	3c:c0:c6:fe:02:11	gPTP Follow_Up	seq=56815 li=-3 spid=3cc0c6fffefe02100001
261.131887432	2	3c:c0:c6:fe:02:11	gPTP Announce	seq=64099 li=0 spid=3cc0c6fffefe02100001 gm=3cc0c6fffefe0210 p1=246 sr=0
261.181729221	2	3c:c0:c6:fe:02:11	gPTP Sync	seq=56816 li=-3 spid=3cc0c6fffefe02100001
261.182462630	2	3c:c0:c6:fe:02:11	gPTP Follow_Up	seq=56816 li=-3 spid=3cc0c6fffefe02100001
261.241070656	2	3c:c0:c6:fe:02:11	MVRP	
261.311742197	2	3c:c0:c6:fe:02:11	gPTP Sync	seq=56817 li=-3 spid=3cc0c6fffefe02100001
261.312477591	2	3c:c0:c6:fe:02:11	gPTP Follow_Up	seq=56817 li=-3 spid=3cc0c6fffefe02100001
261.351928180	3	02:00:00:00:00:01	MSRP	
261.431663295	2	3c:c0:c6:fe:02:11	gPTP Sync	seq=56818 li=-3 spid=3cc0c6fffefe02100001
261.432398912	2	3c:c0:c6:fe:02:11	gPTP Follow_Up	seq=56818 li=-3 spid=3cc0c6fffefe02100001
261.551931441	3	02:00:00:00:00:01	gPTP Pdelay_Req	seq=1572 li=0 spid=020000fffe0000010001
261.552723210	2	3c:c0:c6:fe:02:11	gPTP Pdelay_Resp	seq=1572 li=127 spid=3cc0c6fffefe02100001
261.553708213	2	3c:c0:c6:fe:02:11	gPTP Pdelay_Resp_Follow_Up	seq=1572 li=127 spid=3cc0c6fffefe02100001
261.570913141	2	3c:c0:c6:fe:02:11	gPTP Sync	seq=56819 li=-3 spid=3cc0c6fffefe02100001
261.571495542	2	3c:c0:c6:fe:02:11	gPTP Follow_Up	seq=56819 li=-3 spid=3cc0c6fffefe02100001
261.601208180	2	3c:c0:c6:fe:02:11	MVRP	
261.681723993	2	3c:c0:c6:fe:02:11	gPTP Sync	seq=56820 li=-3 spid=3cc0c6fffefe02100001
261.682468987	2	3c:c0:c6:fe:02:11	gPTP Follow_Up	seq=56820 li=-3 spid=3cc0c6fffefe02100001
261.811780137	2	3c:c0:c6:fe:02:11	gPTP Sync	seq=56821 li=-3 spid=3cc0c6fffefe02100001
261.812510763	2	3c:c0:c6:fe:02:11	gPTP Follow_Up	seq=56821 li=-3 spid=3cc0c6fffefe02100001
261.881687477	2	3c:c0:c6:fe:02:11	gPTP Pdelay_Req	seq=1664 li=0 spid=3cc0c6fffefe02100001
261.881698477	3	02:00:00:00:00:01	gPTP Pdelay_Resp	seq=1664 li=127 spid=020000fffe0000010001
261.881706037	3	02:00:00:00:00:01	gPTP Pdelay_Resp_Follow_Up	seq=1664 li=127 spid=020000fffe0000010001
261.931655850	2	3c:c0:c6:fe:02:11	gPTP Sync	seq=56822 li=-3 spid=3cc0c6fffefe02100001
261.932371059	2	3c:c0:c6:fe:02:11	gPTP Follow_Up	seq=56822 li=-3 spid=3cc0c6fffefe02100001
261.941009336	2	3c:c0:c6:fe:02:11	ethertype 0x0027	
262.061789442	2	3c:c0:c6:fe:02:11	gPTP Sync	seq=56823 li=-3 spid=3cc0c6fffefe02100001
262.062519620	2	3c:c0:c6:fe:02:11	gPTP Follow_Up	seq=56823 li=-3 spid=3cc0c6fffefe02100001
262.131892558	2	3c:c0:c6:fe:02:11	gPTP Announce	seq=64100 li=0 spid=3cc0c6fffefe02100001 gm=3cc0c6fffefe0210 p1=246 sr=0
262.181765731	2	3c:c0:c6:fe:02:11	gPTP Sync	seq=56824 li=-3 spid=3cc0c6fffefe02100001
262.182495949	2	3c:c0:c6:fe:02:11	gPTP Follow_Up	seq=56824 li=-3 spid=3cc0c6fffefe02100001
262.311731931	2	3c:c0:c6:fe:02:11	gPTP Sync	seq=56825 li=-3 spid=3cc0c6fffefe02100001
262.312468317	2	3c:c0:c6:fe:02:11	gPTP Follow_Up	seq=56825 li=-3 spid=3cc0c6fffefe02100001
262.351930513	3	02:00:00:00:00:01	MSRP	
262.431671611	2	3c:c0:c6:fe:02:11	gPTP Sync	seq=56826 li=-3 spid=3cc0c6fffefe02100001
262.432409221	2	3c:c0:c6:fe:02:11	gPTP Follow_Up	seq=56826 li=-3 spid=3cc0c6fffefe02100001
262.551933781	3	02:00:00:00:00:01	gPTP Pdelay_Req	seq=1573 li=0 spid=020000fffe0000010001
262.552731535	2	3c:c0:c6:fe:02:11	gPTP Pdelay_Resp	seq=1573 li=127 spid=3cc0c6fffefe02100001
262.553720345	2	3c:c0:c6:fe:02:11	gPTP Pdelay_Resp_Follow_Up	seq=1573 li=127 spid=3cc0c6fffefe02100001
262.570931065	2	3c:c0:c6:fe:02:11	gPTP Sync	seq=56827 li=-3 spid=3cc0c6fffefe02100001
262.571524283	2	3c:c0:c6:fe:02:11	gPTP Follow_Up	seq=56827 li=-3 spid=3cc0c6fffefe02100001
262.601016472	2	3c:c0:c6:fe:02:11	MVRP	
262.681733308	2	3c:c0:c6:fe:02:11	gPTP Sync	seq=56828 li=-3 spid=3cc0c6fffefe02100001
262.682483710	2	3c:c0:c6:fe:02:11	gPTP Follow_Up	seq=56828 li=-3 spid=3cc0c6fffefe02100001
262.811798061	2	3c:c0:c6:fe:02:11	gPTP Sync	seq=56829 li=-3 spid=3cc0c6fffefe02100001
262.812529295	2	3c:c0:c6:fe:02:11	gPTP Follow_Up	seq=56829 li=-3 spid=3cc0c6fffefe02100001
262.881685208	2	3c:c0:c6:fe:02:11	gPTP Pdelay_Req	seq=1665 li=0 spid=3cc0c6fffefe02100001
262.881696208	3	02:00:00:00:00:01	gPTP Pdelay_Resp	seq=1665 li=127 spid=020000fffe0000010001
262.881703768	3	02:00:00:00:00:01	gPTP Pdelay_Resp_Follow_Up	seq=1665 li=127 spid=020000fffe0000010001
262.895974306	2	68:05:ca:95:b2:ed	AECP	
262.896006210	3	02:00:00:00:00:01	AECP	
262.896162114	2	68:05:ca:95:b2:ed	AECP	
262.896190242	3	02:00:00:00:00:01	AECP	
262.931665389	2	3c:c0:c6:fe:02:11	gPTP Sync	seq=56830 li=-3 spid=3cc0c6fffefe02100001
262.932380599	2	3c:c0:c6:fe:02:11	gPTP Follow_Up	seq=56830 li=-3 spid=3cc0c6fffefe02100001
263.061745542	2	3c:c0:c6:fe:02:11	gPTP Sync	seq=56831 li=-3 spid=3cc0c6fffefe02100001
263.062477160	2	3c:c0:c6:fe:02:11	gPTP Follow_Up	seq=56831 li=-3 spid=3cc0c6fffefe02100001
263.131927698	2	3c:c0:c6:fe:02:11	gPTP Announce	seq=64101 li=0 spid=3cc0c6fffefe02100001 gm=3cc0c6fffefe0210 p1=246 sr=0
263.181746855	2	3c:c0:c6:fe:02:11	gPTP Sync	seq=56832 li=-3 spid=3cc0c6fffefe02100001
263.182480849	2	3c:c0:c6:fe:02:11	gPTP Follow_Up	seq=56832 li=-3 spid=3cc0c6fffefe02100001
263.311737056	2	3c:c0:c6:fe:02:11	gPTP Sync	seq=56833 li=-3 spid=3cc0c6fffefe02100001
263.312475649	2	3c:c0:c6:fe:02:11	gPTP Follow_Up	seq=56833 li=-3 spid=3cc0c6fffefe02100001
263.351524133	2	3c:c0:c6:fe:02:11	MSRP	
263.351934286	3	02:00:00:00:00:01	MSRP	
263.396507254	2	3c:c0:c6:01:02:03	MAAP	
263.431679136	2	3c:c0:c6:fe:02:11	gPTP Sync	seq=56834 li=-3 spid=3cc0c6fffefe02100001
263.432414762	2	3c:c0:c6:fe:02:11	gPTP Follow_Up	seq=56834 li=-3 spid=3cc0c6fffefe02100001
263.551936106	3	02:00:00:00:00:01	gPTP Pdelay_Req	seq=1574 li=0 spid=020000fffe0000010001
263.552704844	2	3c:c0:c6:fe:02:11	gPTP Pdelay_Resp	seq=1574 li=127 spid=3cc0c6fffefe02100001
263.553689462	2	3c:c0:c6:fe:02:11	gPTP Pdelay_Resp_Follow_Up	seq=1574 li=127 spid=3cc0c6fffefe02100001
263.570927991	2	3c:c0:c6:fe:02:11	gPTP Sync	seq=56835 li=-3 spid=3cc0c6fffefe02100001
263.571507808	2	3c:c0:c6:fe:02:11	gPTP Follow_Up	seq=56835 li=-3 spid=3cc0c6fffefe02100001
263.601226013	2	3c:c0:c6:fe:02:11	MVRP	
263.681762618	2	3c:c0:c6:fe:02:11	gPTP Sync	seq=56836 li=-3 spid=3cc0c6fffefe02100001
263.682507812	2	3c:c0:c6:fe:02:11	gPTP Follow_Up	seq=56836 li=-3 spid=3cc0c6fffefe02100001
263.811796394	2	3c:c0:c6:fe:02:11	gPTP Sync	seq=56837 li=-3 spid=3cc0c6fffefe02100001
263.812532404	2	3c:c0:c6:fe:02:11	gPTP Follow_Up	seq=56837 li=-3 spid=3cc0c6fffefe02100001
263.881698526	2	3c:c0:c6:fe:02:11	gPTP Pdelay_Req	seq=1666 li=0 spid=3cc0c6fffefe02100001
263.881709518	3	02:00:00:00:00:01	gPTP Pdelay_Resp	seq=1666 li=127 spid=020000fffe0000010001
263.881717078	3	02:00:00:00:00:01	gPTP Pdelay_Resp_Follow_Up	seq=1666 li=127 spid=020000fffe0000010001
263.931676115	2	3c:c0:c6:fe:02:11	gPTP Sync	seq=56838 li=-3 spid=3cc0c6fffefe02100001
263.932394908	2	3c:c0:c6:fe:02:11	gPTP Follow_Up	seq=56838 li=-3 spid=3cc0c6fffefe02100001
263.941026169	2	3c:c0:c6:fe:02:11	ethertype 0x0027	
263.994935407	3	02:00:00:00:00:01	ADP	eid=020000fffe000001 gm=3cc0c6fffefe0210
264.061758275	2	3c:c0:c6:fe:02:11	gPTP Sync	seq=56839 li=-3 spid=3cc0c6fffefe02100001
264.062490669	2	3c:c0:c6:fe:02:11	gPTP Follow_Up	seq=56839 li=-3 spid=3cc0c6fffefe02100001
264.131926615	2	3c:c0:c6:fe:02:11	gPTP Announce	seq=64102 li=0 spid=3cc0c6fffefe02100001 gm=3cc0c6fffefe0210 p1=246 sr=0
264.181754379	2	3c:c0:c6:fe:02:11	gPTP Sync	seq=56840 li=-3 spid=3cc0c6fffefe02100001
264.182483989	2	3c:c0:c6:fe:02:11	gPTP Follow_Up	seq=56840 li=-3 spid=3cc0c6fffefe02100001
264.311829372	2	3c:c0:c6:fe:02:11	gPTP Sync	seq=56841 li=-3 spid=3cc0c6fffefe02100001
264.312561573	2	3c:c0:c6:fe:02:11	gPTP Follow_Up	seq=56841 li=-3 spid=3cc0c6fffefe02100001
264.351935177	3	02:00:00:00:00:01	MSRP	
264.431683268	2	3c:c0:c6:fe:02:11	gPTP Sync	seq=56842 li=-3 spid=3cc0c6fffefe02100001
264.432415046	2	3c:c0:c6:fe:02:11	gPTP Follow_Up	seq=56842 li=-3 spid=3cc0c6fffefe02100001
264.551938445	3	02:00:00:00:00:01	gPTP Pdelay_Req	seq=1575 li=0 spid=020000fffe0000010001
264.552700367	2	3c:c0:c6:fe:02:11	gPTP Pdelay_Resp	seq=1575 li=127 spid=3cc0c6fffefe02100001
264.553684377	2	3c:c0:c6:fe:02:11	gPTP Pdelay_Resp_Follow_Up	seq=1575 li=127 spid=3cc0c6fffefe02100001
264.570936313	2	3c:c0:c6:fe:02:11	gPTP Sync	seq=56843 li=-3 spid=3cc0c6fffefe02100001
264.571512899	2	3c:c0:c6:fe:02:11	gPTP Follow_Up	seq=56843 li=-3 spid=3cc0c6fffefe02100001
264.601078720	2	3c:c0:c6:fe:02:11	MVRP	
264.681744349	2	3c:c0:c6:fe:02:11	gPTP Sync	seq=56844 li=-3 spid=3cc0c6fffefe02100001
264.682491550	2	3c:c0:c6:fe:02:11	gPTP Follow_Up	seq=56844 li=-3 spid=3cc0c6fffefe02100001
264.773933644	3	02:00:00:00:00:01	MAAP	
264.811805933	2	3c:c0:c6:fe:02:11	gPTP Sync	seq=56845 li=-3 spid=3cc0c6fffefe02100001
264.812538743	2	3c:c0:c6:fe:02:11	gPTP Follow_Up	seq=56845 li=-3 spid=3cc0c6fffefe02100001
264.881716449	2	3c:c0:c6:fe:02:11	gPTP Pdelay_Req	seq=1667 li=0 spid=3cc0c6fffefe02100001
264.881727433	3	02:00:00:00:00:01	gPTP Pdelay_Resp	seq=1667 li=127 spid=020000fffe0000010001
264.881734993	3	02:00:00:00:00:01	gPTP Pdelay_Resp_Follow_Up	seq=1667 li=127 spid=020000fffe0000010001
264.910910261	2	3c:c0:c6:01:02:03	ADP	eid=3cc0c60102030000 gm=3cc0c6fffefe0210
264.931705206	2	3c:c0:c6:fe:02:11	gPTP Sync	seq=56846 li=-3 spid=3cc0c6fffefe02100001
264.932424631	2	3c:c0:c6:fe:02:11	gPTP Follow_Up	seq=56846 li=-3 spid=3cc0c6fffefe02100001
265.061762406	2	3c:c0:c6:fe:02:11	gPTP Sync	seq=56847 li=-3 spid=3cc0c6fffefe02100001
265.062495824	2	3c:c0:c6:fe:02:11	gPTP Follow_Up	seq=56847 li=-3 spid=3cc0c6fffefe02100001
265.131938138	2	3c:c0:c6:fe:02:11	gPTP Announce	seq=64103 li=0 spid=3cc0c6fffefe02100001 gm=3cc0c6fffefe0210 p1=246 sr=0
265.151937025	3	02:00:00:00:00:01	MSRP	
265.152303890	2	3c:c0:c6:fe:02:11	MSRP	
265.181819311	2	3c:c0:c6:fe:02:11	gPTP Sync	seq=56848 li=-3 spid=3cc0c6fffefe02100001
265.182548305	2	3c:c0:c6:fe:02:11	gPTP Follow_Up	seq=56848 li=-3 spid=3cc0c6fffefe02100001
265.251893243	2	3c:c0:c6:fe:02:11	MSRP	
265.311800288	2	3c:c0:c6:fe:02:11	gPTP Sync	seq=56849 li=-3 spid=3cc0c6fffefe02100001
265.312532105	2	3c:c0:c6:fe:02:11	gPTP Follow_Up	seq=56849 li=-3 spid=3cc0c6fffefe02100001
265.351937510	3	02:00:00:00:00:01	MSRP	
265.431695400	2	3c:c0:c6:fe:02:11	gPTP Sync	seq=56850 li=-3 spid=3cc0c6fffefe02100001
265.432431402	2	3c:c0:c6:fe:02:11	gPTP Follow_Up	seq=56850 li=-3 spid=3cc0c6fffefe02100001
265.551940778	3	02:00:00:00:00:01	gPTP Pdelay_Req	seq=1576 li=0 spid=020000fffe0000010001
265.552707092	2	3c:c0:c6:fe:02:11	gPTP Pdelay_Resp	seq=1576 li=127 spid=3cc0c6fffefe02100001
265.553695902	2	3c:c0:c6:fe:02:11	gPTP Pdelay_Resp_Follow_Up	seq=1576 li=127 spid=3cc0c6fffefe02100001
265.570937630	2	3c:c0:c6:fe:02:11	gPTP Sync	seq=56851 li=-3 spid=3cc0c6fffefe02100001
265.571515848	2	3c:c0:c6:fe:02:11	gPTP Follow_Up	seq=56851 li=-3 spid=3cc0c6fffefe02100001
265.601222469	2	3c:c0:c6:fe:02:11	MVRP	
265.681771266	2	3c:c0:c6:fe:02:11	gPTP Sync	seq=56852 li=-3 spid=3cc0c6fffefe02100001
265.682516492	2	3c:c0:c6:fe:02:11	gPTP Follow_Up	seq=56852 li=-3 spid=3cc0c6fffefe02100001
265.794339313	2	68:05:ca:95:b2:ed	ethertype 0x0800	
265.797830345	2	68:05:ca:95:b2:ed	ethertype 0x86dd	
265.811841842	2	3c:c0:c6:fe:02:11	gPTP Sync	seq=56853 li=-3 spid=3cc0c6fffefe02100001
265.812570460	2	3c:c0:c6:fe:02:11	gPTP Follow_Up	seq=56853 li=-3 spid=3cc0c6fffefe02100001
265.881706757	2	3c:c0:c6:fe:02:11	gPTP Pdelay_Req	seq=1668 li=0 spid=3cc0c6fffefe02100001
265.881717749	3	02:00:00:00:00:01	gPTP Pdelay_Resp	seq=1668 li=127 spid=020000fffe0000010001
265.881725318	3	02:00:00:00:00:01	gPTP Pdelay_Resp_Follow_Up	seq=1668 li=127 spid=020000fffe0000010001
265.931686746	2	3c:c0:c6:fe:02:11	gPTP Sync	seq=56854 li=-3 spid=3cc0c6fffefe02100001
265.932404732	2	3c:c0:c6:fe:02:11	gPTP Follow_Up	seq=56854 li=-3 spid=3cc0c6fffefe02100001
265.941041824	2	3c:c0:c6:fe:02:11	ethertype 0x0027	
266.061793131	2	3c:c0:c6:fe:02:11	gPTP Sync	seq=56855 li=-3 spid=3cc0c6fffefe02100001
266.062522132	2	3c:c0:c6:fe:02:11	gPTP Follow_Up	seq=56855 li=-3 spid=3cc0c6fffefe02100001
266.131963071	2	3c:c0:c6:fe:02:11	gPTP Announce	seq=64104 li=0 spid=3cc0c6fffefe02100001 gm=3cc0c6fffefe0210 p1=246 sr=0
266.181782227	2	3c:c0:c6:fe:02:11	gPTP Sync	seq=56856 li=-3 spid=3cc0c6fffefe02100001
266.182515037	2	3c:c0:c6:fe:02:11	gPTP Follow_Up	seq=56856 li=-3 spid=3cc0c6fffefe02100001
266.311759619	2	3c:c0:c6:fe:02:11	gPTP Sync	seq=56857 li=-3 spid=3cc0c6fffefe02100001
266.312496621	2	3c:c0:c6:fe:02:11	gPTP Follow_Up	seq=56857 li=-3 spid=3cc0c6fffefe02100001
266.344809664	2	68:05:ca:95:b2:ed	ethertype 0x86dd	
266.351939849	3	02:00:00:00:00:01	MSRP	
266.431704908	2	3c:c0:c6:fe:02:11	gPTP Sync	seq=56858 li=-3 spid=3cc0c6fffefe02100001
266.432442133	2	3c:c0:c6:fe:02:11	gPTP Follow_Up	seq=56858 li=-3 spid=3cc0c6fffefe02100001
266.551943109	3	02:00:00:00:00:01	gPTP Pdelay_Req	seq=1577 li=0 spid=020000fffe0000010001
266.552705022	2	3c:c0:c6:fe:02:11	gPTP Pdelay_Resp	seq=1577 li=127 spid=3cc0c6fffefe02100001
266.553693825	2	3c:c0:c6:fe:02:11	gPTP Pdelay_Resp_Follow_Up	seq=1577 li=127 spid=3cc0c6fffefe02100001
266.570945761	2	3c:c0:c6:fe:02:11	gPTP Sync	seq=56859 li=-3 spid=3cc0c6fffefe02100001
266.571524362	2	3c:c0:c6:fe:02:11	gPTP Follow_Up	seq=56859 li=-3 spid=3cc0c6fffefe02100001
266.600488582	2	68:05:ca:95:b2:ed	ethertype 0x86dd	
266.600996391	2	3c:c0:c6:fe:02:11	MVRP	
266.681810372	2	3c:c0:c6:fe:02:11	gPTP Sync	seq=56860 li=-3 spid=3cc0c6fffefe02100001
266.682556398	2	3c:c0:c6:fe:02:11	gPTP Follow_Up	seq=56860 li=-3 spid=3cc0c6fffefe02100001
266.811821180	2	3c:c0:c6:fe:02:11	gPTP Sync	seq=56861 li=-3 spid=3cc0c6fffefe02100001
266.812557790	2	3c:c0:c6:fe:02:11	gPTP Follow_Up	seq=56861 li=-3 spid=3cc0c6fffefe02100001
266.881716904	2	3c:c0:c6:fe:02:11	gPTP Pdelay_Req	seq=1669 li=0 spid=3cc0c6fffefe02100001
266.881727904	3	02:00:00:00:00:01	gPTP Pdelay_Resp	seq=1669 li=127 spid=020000fffe0000010001
266.881735464	3	02:00:00:00:00:01	gPTP Pdelay_Resp_Follow_Up	seq=1669 li=127 spid=020000fffe0000010001
266.931693276	2	3c:c0:c6:fe:02:11	gPTP Sync	seq=56862 li=-3 spid=3cc0c6fffefe02100001
266.932412294	2	3c:c0:c6:fe:02:11	gPTP Follow_Up	seq=56862 li=-3 spid=3cc0c6fffefe02100001
267.061779860	2	3c:c0:c6:fe:02:11	gPTP Sync	seq=56863 li=-3 spid=3cc0c6fffefe02100001
267.062516470	2	3c:c0:c6:fe:02:11	gPTP Follow_Up	seq=56863 li=-3 spid=3cc0c6fffefe02100001
267.131928384	2	3c:c0:c6:fe:02:11	gPTP Announce	seq=64105 li=0 spid=3cc0c6fffefe02100001 gm=3cc0c6fffefe0210 p1=246 sr=0
267.181805749	2	3c:c0:c6:fe:02:11	gPTP Sync	seq=56864 li=-3 spid=3cc0c6fffefe02100001
267.182537566	2	3c:c0:c6:fe:02:11	gPTP Follow_Up	seq=56864 li=-3 spid=3cc0c6fffefe02100001
267.311784748	2	3c:c0:c6:fe:02:11	gPTP Sync	seq=56865 li=-3 spid=3cc0c6fffefe02100001
267.312517934	2	3c:c0:c6:fe:02:11	gPTP Follow_Up	seq=56865 li=-3 spid=3cc0c6fffefe02100001
267.351942178	3	02:00:00:00:00:01	MSRP	
267.431706444	2	3c:c0:c6:fe:02:11	gPTP Sync	seq=56866 li=-3 spid=3cc0c6fffefe02100001
267.432441238	2	3c:c0:c6:fe:02:11	gPTP Follow_Up	seq=56866 li=-3 spid=3cc0c6fffefe02100001
267.551945453	3	02:00:00:00:00:01	gPTP Pdelay_Req	seq=1578 li=0 spid=020000fffe0000010001
267.552713343	2	3c:c0:c6:fe:02:11	gPTP Pdelay_Resp	seq=1578 li=127 spid=3cc0c6fffefe02100001
267.553698953	2	3c:c0:c6:fe:02:11	gPTP Pdelay_Resp_Follow_Up	seq=1578 li=127 spid=3cc0c6fffefe02100001
267.570958282	2	3c:c0:c6:fe:02:11	gPTP Sync	seq=56867 li=-3 spid=3cc0c6fffefe02100001
267.571537099	2	3c:c0:c6:fe:02:11	gPTP Follow_Up	seq=56867 li=-3 spid=3cc0c6fffefe02100001
267.601239305	2	3c:c0:c6:fe:02:11	MVRP	
267.624828288	2	68:05:ca:95:b2:ed	ethertype 0x86dd	
267.681856717	2	3c:c0:c6:fe:02:11	gPTP Sync	seq=56868 li=-3 spid=3cc0c6fffefe02100001
267.682606127	2	3c:c0:c6:fe:02:11	gPTP Follow_Up	seq=56868 li=-3 spid=3cc0c6fffefe02100001
267.794282972	2	68:05:ca:95:b2:ed	ethertype 0x0800	
267.811827901	2	3c:c0:c6:fe:02:11	gPTP Sync	seq=56869 li=-3 spid=3cc0c6fffefe02100001
267.812563902	2	3c:c0:c6:fe:02:11	gPTP Follow_Up	seq=56869 li=-3 spid=3cc0c6fffefe02100001
267.815956126	2	68:05:ca:95:b2:ed	ethertype 0x86dd	
267.872940883	3	02:00:00:00:00:01	MAAP	
267.881737032	2	3c:c0:c6:fe:02:11	gPTP Pdelay_Req	seq=1670 li=0 spid=3cc0c6fffefe02100001
267.881748040	3	02:00:00:00:00:01	gPTP Pdelay_Resp	seq=1670 li=127 spid=020000fffe0000010001
267.881755600	3	02:00:00:00:00:01	gPTP Pdelay_Resp_Follow_Up	seq=1670 li=127 spid=020000fffe0000010001
267.894071909	2	68:05:ca:95:b2:ed	AECP	
267.894103829	3	02:00:00:00:00:01	AECP	
267.894252709	2	68:05:ca:95:b2:ed	AECP	
267.894281109	3	02:00:00:00:00:01	AECP	
267.928770958	2	68:05:ca:95:b2:ed	ethertype 0x86dd	
267.931778181	2	3c:c0:c6:fe:02:11	gPTP Sync	seq=56870 li=-3 spid=3cc0c6fffefe02100001
267.932500198	2	3c:c0:c6:fe:02:11	gPTP Follow_Up	seq=56870 li=-3 spid=3cc0c6fffefe02100001
267.941060074	2	3c:c0:c6:fe:02:11	ethertype 0x0027	
268.061783572	2	3c:c0:c6:fe:02:11	gPTP Sync	seq=56871 li=-3 spid=3cc0c6fffefe02100001
268.062513182	2	3c:c0:c6:fe:02:11	gPTP Follow_Up	seq=56871 li=-3 spid=3cc0c6fffefe02100001
268.131939688	2	3c:c0:c6:fe:02:11	gPTP Announce	seq=64106 li=0 spid=3cc0c6fffefe02100001 gm=3cc0c6fffefe0210 p1=246 sr=0
268.181828285	2	3c:c0:c6:fe:02:11	gPTP Sync	seq=56872 li=-3 spid=3cc0c6fffefe02100001
268.182560479	2	3c:c0:c6:fe:02:11	gPTP Follow_Up	seq=56872 li=-3 spid=3cc0c6fffefe02100001
268.311777836	2	3c:c0:c6:fe:02:11	gPTP Sync	seq=56873 li=-3 spid=3cc0c6fffefe02100001
268.312513878	2	3c:c0:c6:fe:02:11	gPTP Follow_Up	seq=56873 li=-3 spid=3cc0c6fffefe02100001
268.351944522	3	02:00:00:00:00:01	MSRP	
268.431714965	2	3c:c0:c6:fe:02:11	gPTP Sync	seq=56874 li=-3 spid=3cc0c6fffefe02100001
268.432450366	2	3c:c0:c6:fe:02:11	gPTP Follow_Up	seq=56874 li=-3 spid=3cc0c6fffefe02100001
268.551947789	3	02:00:00:00:00:01	gPTP Pdelay_Req	seq=1579 li=0 spid=020000fffe0000010001
268.552715079	2	3c:c0:c6:fe:02:11	gPTP Pdelay_Resp	seq=1579 li=127 spid=3cc0c6fffefe02100001
268.553703881	2	3c:c0:c6:fe:02:11	gPTP Pdelay_Resp_Follow_Up	seq=1579 li=127 spid=3cc0c6fffefe02100001
268.570961610	2	3c:c0:c6:fe:02:11	gPTP Sync	seq=56875 li=-3 spid=3cc0c6fffefe02100001
268.571541395	2	3c:c0:c6:fe:02:11	gPTP Follow_Up	seq=56875 li=-3 spid=3cc0c6fffefe02100001
268.601067632	2	3c:c0:c6:fe:02:11	MVRP	
268.681813453	2	3c:c0:c6:fe:02:11	gPTP Sync	seq=56876 li=-3 spid=3cc0c6fffefe02100001
268.682561046	2	3c:c0:c6:fe:02:11	gPTP Follow_Up	seq=56876 li=-3 spid=3cc0c6fffefe02100001
268.811834820	2	3c:c0:c6:fe:02:11	gPTP Sync	seq=56877 li=-3 spid=3cc0c6fffefe02100001
268.812568838	2	3c:c0:c6:fe:02:11	gPTP Follow_Up	seq=56877 li=-3 spid=3cc0c6fffefe02100001
268.881728944	2	3c:c0:c6:fe:02:11	gPTP Pdelay_Req	seq=1671 li=0 spid=3cc0c6fffefe02100001
268.881739936	3	02:00:00:00:00:01	gPTP Pdelay_Resp	seq=1671 li=127 spid=020000fffe0000010001
268.881747496	3	02:00:00:00:00:01	gPTP Pdelay_Resp_Follow_Up	seq=1671 li=127 spid=020000fffe0000010001
268.931706532	2	3c:c0:c6:fe:02:11	gPTP Sync	seq=56878 li=-3 spid=3cc0c6fffefe02100001
268.932425326	2	3c:c0:c6:fe:02:11	gPTP Follow_Up	seq=56878 li=-3 spid=3cc0c6fffefe02100001
269.061793084	2	3c:c0:c6:fe:02:11	gPTP Sync	seq=56879 li=-3 spid=3cc0c6fffefe02100001
269.062525310	2	3c:c0:c6:fe:02:11	gPTP Follow_Up	seq=56879 li=-3 spid=3cc0c6fffefe02100001
269.131955432	2	3c:c0:c6:fe:02:11	gPTP Announce	seq=64107 li=0 spid=3cc0c6fffefe02100001 gm=3cc0c6fffefe0210 p1=246 sr=0
269.181795996	2	3c:c0:c6:fe:02:11	gPTP Sync	seq=56880 li=-3 spid=3cc0c6fffefe02100001
269.182529414	2	3c:c0:c6:fe:02:11	gPTP Follow_Up	seq=56880 li=-3 spid=3cc0c6fffefe02100001
269.311787180	2	3c:c0:c6:fe:02:11	gPTP Sync	seq=56881 li=-3 spid=3cc0c6fffefe02100001
269.312522198	2	3c:c0:c6:fe:02:11	gPTP Follow_Up	seq=56881 li=-3 spid=3cc0c6fffefe02100001
269.351946858	3	02:00:00:00:00:01	MSRP	
269.431728084	2	3c:c0:c6:fe:02:11	gPTP Sync	seq=56882 li=-3 spid=3cc0c6fffefe02100001
269.432466270	2	3c:c0:c6:fe:02:11	gPTP Follow_Up	seq=56882 li=-3 spid=3cc0c6fffefe02100001
269.551950117	3	02:00:00:00:00:01	gPTP Pdelay_Req	seq=1580 li=0 spid=020000fffe0000010001
269.552757991	2	3c:c0:c6:fe:02:11	gPTP Pdelay_Resp	seq=1580 li=127 spid=3cc0c6fffefe02100001
269.553746377	2	3c:c0:c6:fe:02:11	gPTP Pdelay_Resp_Follow_Up	seq=1580 li=127 spid=3cc0c6fffefe02100001
269.570967337	2	3c:c0:c6:fe:02:11	gPTP Sync	seq=56883 li=-3 spid=3cc0c6fffefe02100001
269.571544339	2	3c:c0:c6:fe:02:11	gPTP Follow_Up	seq=56883 li=-3 spid=3cc0c6fffefe02100001
269.601250960	2	3c:c0:c6:fe:02:11	MVRP	
269.681814156	2	3c:c0:c6:fe:02:11	gPTP Sync	seq=56884 li=-3 spid=3cc0c6fffefe02100001
269.682558166	2	3c:c0:c6:fe:02:11	gPTP Follow_Up	seq=56884 li=-3 spid=3cc0c6fffefe02100001
269.811847556	2	3c:c0:c6:fe:02:11	gPTP Sync	seq=56885 li=-3 spid=3cc0c6fffefe02100001
269.812583526	2	3c:c0:c6:fe:02:11	gPTP Follow_Up	seq=56885 li=-3 spid=3cc0c6fffefe02100001
269.881749072	2	3c:c0:c6:fe:02:11	gPTP Pdelay_Req	seq=1672 li=0 spid=3cc0c6fffefe02100001
269.881760072	3	02:00:00:00:00:01	gPTP Pdelay_Resp	seq=1672 li=127 spid=020000fffe0000010001
269.881767632	3	02:00:00:00:00:01	gPTP Pdelay_Resp_Follow_Up	seq=1672 li=127 spid=020000fffe0000010001
269.902949201	3	02:00:00:00:00:01	ADP	eid=020000fffe000001 gm=3cc0c6fffefe0210
269.931716453	2	3c:c0:c6:fe:02:11	gPTP Sync	seq=56886 li=-3 spid=3cc0c6fffefe02100001
269.932435246	2	3c:c0:c6:fe:02:11	gPTP Follow_Up	seq=56886 li=-3 spid=3cc0c6fffefe02100001
269.941074123	2	3c:c0:c6:fe:02:11	ethertype 0x0027	
270.061823829	2	3c:c0:c6:fe:02:11	gPTP Sync	seq=56887 li=-3 spid=3cc0c6fffefe02100001
270.062555007	2	3c:c0:c6:fe:02:11	gPTP Follow_Up	seq=56887 li=-3 spid=3cc0c6fffefe02100001
270.131954153	2	3c:c0:c6:fe:02:11	gPTP Announce	seq=64108 li=0 spid=3cc0c6fffefe02100001 gm=3cc0c6fffefe0210 p1=246 sr=0
270.181801118	2	3c:c0:c6:fe:02:11	gPTP Sync	seq=56888 li=-3 spid=3cc0c6fffefe02100001
270.182531328	2	3c:c0:c6:fe:02:11	gPTP Follow_Up	seq=56888 li=-3 spid=3cc0c6fffefe02100001
270.218523412	2	68:05:ca:95:b2:ed	ethertype 0x0800	
270.311805294	2	3c:c0:c6:fe:02:11	gPTP Sync	seq=56889 li=-3 spid=3cc0c6fffefe02100001
270.312538712	2	3c:c0:c6:fe:02:11	gPTP Follow_Up	seq=56889 li=-3 spid=3cc0c6fffefe02100001
270.351949188	3	02:00:00:00:00:01	MSRP	
270.386016860	2	3c:c0:c6:01:02:03	MAAP	
270.431729207	2	3c:c0:c6:fe:02:11	gPTP Sync	seq=56890 li=-3 spid=3cc0c6fffefe02100001
270.432464600	2	3c:c0:c6:fe:02:11	gPTP Follow_Up	seq=56890 li=-3 spid=3cc0c6fffefe02100001
270.551952456	3	02:00:00:00:00:01	gPTP Pdelay_Req	seq=1581 li=0 spid=020000fffe0000010001
270.552718722	2	3c:c0:c6:fe:02:11	gPTP Pdelay_Resp	seq=1581 li=127 spid=3cc0c6fffefe02100001
270.553705932	2	3c:c0:c6:fe:02:11	gPTP Pdelay_Resp_Follow_Up	seq=1581 li=127 spid=3cc0c6fffefe02100001
270.570978061	2	3c:c0:c6:fe:02:11	gPTP Sync	seq=56891 li=-3 spid=3cc0c6fffefe02100001
270.571556654	2	3c:c0:c6:fe:02:11	gPTP Follow_Up	seq=56891 li=-3 spid=3cc0c6fffefe02100001
270.601095883	2	3c:c0:c6:fe:02:11	MVRP	
270.673142828	2	3c:c0:c6:01:02:03	ADP	eid=3cc0c60102030000 gm=3cc0c6fffefe0210
270.681819088	2	3c:c0:c6:fe:02:11	gPTP Sync	seq=56892 li=-3 spid=3cc0c6fffefe02100001
270.682565682	2	3c:c0:c6:fe:02:11	gPTP Follow_Up	seq=56892 li=-3 spid=3cc0c6fffefe02100001
270.811859840	2	3c:c0:c6:fe:02:11	gPTP Sync	seq=56893 li=-3 spid=3cc0c6fffefe02100001
270.812593666	2	3c:c0:c6:fe:02:11	gPTP Follow_Up	seq=56893 li=-3 spid=3cc0c6fffefe02100001
270.881761388	2	3c:c0:c6:fe:02:11	gPTP Pdelay_Req	seq=1673 li=0 spid=3cc0c6fffefe02100001
270.881772380	3	02:00:00:00:00:01	gPTP Pdelay_Resp	seq=1673 li=127 spid=020000fffe0000010001
270.881779940	3	02:00:00:00:00:01	gPTP Pdelay_Resp_Follow_Up	seq=1673 li=127 spid=020000fffe0000010001
270.883947905	3	02:00:00:00:00:01	MAAP	
270.931724353	2	3c:c0:c6:fe:02:11	gPTP Sync	seq=56894 li=-3 spid=3cc0c6fffefe02100001
270.932442379	2	3c:c0:c6:fe:02:11	gPTP Follow_Up	seq=56894 li=-3 spid=3cc0c6fffefe02100001
271.061810938	2	3c:c0:c6:fe:02:11	gPTP Sync	seq=56895 li=-3 spid=3cc0c6fffefe02100001
271.062544956	2	3c:c0:c6:fe:02:11	gPTP Follow_Up	seq=56895 li=-3 spid=3cc0c6fffefe02100001
271.131956870	2	3c:c0:c6:fe:02:11	gPTP Announce	seq=64109 li=0 spid=3cc0c6fffefe02100001 gm=3cc0c6fffefe0210 p1=246 sr=0
271.181829051	2	3c:c0:c6:fe:02:11	gPTP Sync	seq=56896 li=-3 spid=3cc0c6fffefe02100001
271.182561253	2	3c:c0:c6:fe:02:11	gPTP Follow_Up	seq=56896 li=-3 spid=3cc0c6fffefe02100001
271.241148670	2	3c:c0:c6:fe:02:11	MVRP	
271.311829620	2	3c:c0:c6:fe:02:11	gPTP Sync	seq=56897 li=-3 spid=3cc0c6fffefe02100001
271.312563605	2	3c:c0:c6:fe:02:11	gPTP Follow_Up	seq=56897 li=-3 spid=3cc0c6fffefe02100001
271.351951506	3	02:00:00:00:00:01	MSRP	
271.431739124	2	3c:c0:c6:fe:02:11	gPTP Sync	seq=56898 li=-3 spid=3cc0c6fffefe02100001
271.432476126	2	3c:c0:c6:fe:02:11	gPTP Follow_Up	seq=56898 li=-3 spid=3cc0c6fffefe02100001
271.551954766	3	02:00:00:00:00:01	gPTP Pdelay_Req	seq=1582 li=0 spid=020000fffe0000010001
271.552723240	2	3c:c0:c6:fe:02:11	gPTP Pdelay_Resp	seq=1582 li=127 spid=3cc0c6fffefe02100001
271.553709450	2	3c:c0:c6:fe:02:11	gPTP Pdelay_Resp_Follow_Up	seq=1582 li=127 spid=3cc0c6fffefe02100001
271.570983147	2	3c:c0:c6:fe:02:11	gPTP Sync	seq=56899 li=-3 spid=3cc0c6fffefe02100001
271.571562388	2	3c:c0:c6:fe:02:11	gPTP Follow_Up	seq=56899 li=-3 spid=3cc0c6fffefe02100001
271.601266802	2	3c:c0:c6:fe:02:11	MVRP	
271.647524750	2	68:05:ca:95:b2:ed	ethertype 0x86dd	
271.681797006	2	3c:c0:c6:fe:02:11	gPTP Sync	seq=56900 li=-3 spid=3cc0c6fffefe02100001
271.682542616	2	3c:c0:c6:fe:02:11	gPTP Follow_Up	seq=56900 li=-3 spid=3cc0c6fffefe02100001
271.811879775	2	3c:c0:c6:fe:02:11	gPTP Sync	seq=56901 li=-3 spid=3cc0c6fffefe02100001
271.812611593	2	3c:c0:c6:fe:02:11	gPTP Follow_Up	seq=56901 li=-3 spid=3cc0c6fffefe02100001
271.881761107	2	3c:c0:c6:fe:02:11	gPTP Pdelay_Req	seq=1674 li=0 spid=3cc0c6fffefe02100001
271.881772099	3	02:00:00:00:00:01	gPTP Pdelay_Resp	seq=1674 li=127 spid=020000fffe0000010001
271.881779659	3	02:00:00:00:00:01	gPTP Pdelay_Resp_Follow_Up	seq=1674 li=127 spid=020000fffe0000010001
271.931730696	2	3c:c0:c6:fe:02:11	gPTP Sync	seq=56902 li=-3 spid=3cc0c6fffefe02100001
271.932445905	2	3c:c0:c6:fe:02:11	gPTP Follow_Up	seq=56902 li=-3 spid=3cc0c6fffefe02100001
271.941203566	2	3c:c0:c6:fe:02:10	ethertype 0x0800	
271.941410158	2	3c:c0:c6:fe:02:11	ethertype 0x0027	
272.061815257	2	3c:c0:c6:fe:02:11	gPTP Sync	seq=56903 li=-3 spid=3cc0c6fffefe02100001
272.062548674	2	3c:c0:c6:fe:02:11	gPTP Follow_Up	seq=56903 li=-3 spid=3cc0c6fffefe02100001
272.131980397	2	3c:c0:c6:fe:02:11	gPTP Announce	seq=64110 li=0 spid=3cc0c6fffefe02100001 gm=3cc0c6fffefe0210 p1=246 sr=0
272.181815778	2	3c:c0:c6:fe:02:11	gPTP Sync	seq=56904 li=-3 spid=3cc0c6fffefe02100001
272.182546988	2	3c:c0:c6:fe:02:11	gPTP Follow_Up	seq=56904 li=-3 spid=3cc0c6fffefe02100001
272.311836762	2	3c:c0:c6:fe:02:11	gPTP Sync	seq=56905 li=-3 spid=3cc0c6fffefe02100001
272.312570556	2	3c:c0:c6:fe:02:11	gPTP Follow_Up	seq=56905 li=-3 spid=3cc0c6fffefe02100001
272.351953840	3	02:00:00:00:00:01	MSRP	
272.431746651	2	3c:c0:c6:fe:02:11	gPTP Sync	seq=56906 li=-3 spid=3cc0c6fffefe02100001
272.432481637	2	3c:c0:c6:fe:02:11	gPTP Follow_Up	seq=56906 li=-3 spid=3cc0c6fffefe02100001
272.551957101	3	02:00:00:00:00:01	gPTP Pdelay_Req	seq=1583 li=0 spid=020000fffe0000010001
272.552725967	2	3c:c0:c6:fe:02:11	gPTP Pdelay_Resp	seq=1583 li=127 spid=3cc0c6fffefe02100001
272.553714161	2	3c:c0:c6:fe:02:11	gPTP Pdelay_Resp_Follow_Up	seq=1583 li=127 spid=3cc0c6fffefe02100001
272.570993882	2	3c:c0:c6:fe:02:11	gPTP Sync	seq=56907 li=-3 spid=3cc0c6fffefe02100001
272.571573499	2	3c:c0:c6:fe:02:11	gPTP Follow_Up	seq=56907 li=-3 spid=3cc0c6fffefe02100001
272.601091928	2	3c:c0:c6:fe:02:11	MVRP	
272.681837141	2	3c:c0:c6:fe:02:11	gPTP Sync	seq=56908 li=-3 spid=3cc0c6fffefe02100001
272.682585951	2	3c:c0:c6:fe:02:11	gPTP Follow_Up	seq=56908 li=-3 spid=3cc0c6fffefe02100001
272.811878318	2	3c:c0:c6:fe:02:11	gPTP Sync	seq=56909 li=-3 spid=3cc0c6fffefe02100001
272.812616912	2	3c:c0:c6:fe:02:11	gPTP Follow_Up	seq=56909 li=-3 spid=3cc0c6fffefe02100001
272.881765018	2	3c:c0:c6:fe:02:11	gPTP Pdelay_Req	seq=1675 li=0 spid=3cc0c6fffefe02100001
272.881776010	3	02:00:00:00:00:01	gPTP Pdelay_Resp	seq=1675 li=127 spid=020000fffe0000010001
272.881783570	3	02:00:00:00:00:01	gPTP Pdelay_Resp_Follow_Up	seq=1675 li=127 spid=020000fffe0000010001
272.894984321	2	68:05:ca:95:b2:ed	AECP	
272.895016745	3	02:00:00:00:00:01	AECP	
272.895175746	2	68:05:ca:95:b2:ed	AECP	
272.895203386	3	02:00:00:00:00:01	AECP	
272.931738191	2	3c:c0:c6:fe:02:11	gPTP Sync	seq=56910 li=-3 spid=3cc0c6fffefe02100001
272.932455033	2	3c:c0:c6:fe:02:11	gPTP Follow_Up	seq=56910 li=-3 spid=3cc0c6fffefe02100001
273.061824808	2	3c:c0:c6:fe:02:11	gPTP Sync	seq=56911 li=-3 spid=3cc0c6fffefe02100001
273.062555402	2	3c:c0:c6:fe:02:11	gPTP Follow_Up	seq=56911 li=-3 spid=3cc0c6fffefe02100001
273.131975925	2	3c:c0:c6:fe:02:11	gPTP Announce	seq=64111 li=0 spid=3cc0c6fffefe02100001 gm=3cc0c6fffefe0210 p1=246 sr=0
273.181822897	2	3c:c0:c6:fe:02:11	gPTP Sync	seq=56912 li=-3 spid=3cc0c6fffefe02100001
273.182551507	2	3c:c0:c6:fe:02:11	gPTP Follow_Up	seq=56912 li=-3 spid=3cc0c6fffefe02100001
273.311855682	2	3c:c0:c6:fe:02:11	gPTP Sync	seq=56913 li=-3 spid=3cc0c6fffefe02100001
273.312591076	2	3c:c0:c6:fe:02:11	gPTP Follow_Up	seq=56913 li=-3 spid=3cc0c6fffefe02100001
273.351956176	3	02:00:00:00:00:01	MSRP	
273.431755979	2	3c:c0:c6:fe:02:11	gPTP Sync	seq=56914 li=-3 spid=3cc0c6fffefe02100001
273.432492589	2	3c:c0:c6:fe:02:11	gPTP Follow_Up	seq=56914 li=-3 spid=3cc0c6fffefe02100001
273.551959437	3	02:00:00:00:00:01	gPTP Pdelay_Req	seq=1584 li=0 spid=020000fffe0000010001
273.552724087	2	3c:c0:c6:fe:02:11	gPTP Pdelay_Resp	seq=1584 li=127 spid=3cc0c6fffefe02100001
273.553710913	2	3c:c0:c6:fe:02:11	gPTP Pdelay_Resp_Follow_Up	seq=1584 li=127 spid=3cc0c6fffefe02100001
273.571003842	2	3c:c0:c6:fe:02:11	gPTP Sync	seq=56915 li=-3 spid=3cc0c6fffefe02100001
273.571584043	2	3c:c0:c6:fe:02:11	gPTP Follow_Up	seq=56915 li=-3 spid=3cc0c6fffefe02100001
273.601308265	2	3c:c0:c6:fe:02:11	MVRP	
273.681816070	2	3c:c0:c6:fe:02:11	gPTP Sync	seq=56916 li=-3 spid=3cc0c6fffefe02100001
273.682563887	2	3c:c0:c6:fe:02:11	gPTP Follow_Up	seq=56916 li=-3 spid=3cc0c6fffefe02100001
273.811903254	2	3c:c0:c6:fe:02:11	gPTP Sync	seq=56917 li=-3 spid=3cc0c6fffefe02100001
273.812637056	2	3c:c0:c6:fe:02:11	gPTP Follow_Up	seq=56917 li=-3 spid=3cc0c6fffefe02100001
273.881779786	2	3c:c0:c6:fe:02:11	gPTP Pdelay_Req	seq=1676 li=0 spid=3cc0c6fffefe02100001
273.881790770	3	02:00:00:00:00:01	gPTP Pdelay_Resp	seq=1676 li=127 spid=020000fffe0000010001
273.881798330	3	02:00:00:00:00:01	gPTP Pdelay_Resp_Follow_Up	seq=1676 li=127 spid=020000fffe0000010001
273.931748543	2	3c:c0:c6:fe:02:11	gPTP Sync	seq=56918 li=-3 spid=3cc0c6fffefe02100001
273.932465960	2	3c:c0:c6:fe:02:11	gPTP Follow_Up	seq=56918 li=-3 spid=3cc0c6fffefe02100001
273.941104612	2	3c:c0:c6:fe:02:11	ethertype 0x0027	
274.061853335	2	3c:c0:c6:fe:02:11	gPTP Sync	seq=56919 li=-3 spid=3cc0c6fffefe02100001
274.062585145	2	3c:c0:c6:fe:02:11	gPTP Follow_Up	seq=56919 li=-3 spid=3cc0c6fffefe02100001
274.131982659	2	3c:c0:c6:fe:02:11	gPTP Announce	seq=64112 li=0 spid=3cc0c6fffefe02100001 gm=3cc0c6fffefe0210 p1=246 sr=0
274.181853632	2	3c:c0:c6:fe:02:11	gPTP Sync	seq=56920 li=-3 spid=3cc0c6fffefe02100001
274.182585441	2	3c:c0:c6:fe:02:11	gPTP Follow_Up	seq=56920 li=-3 spid=3cc0c6fffefe02100001
274.257957402	2	68:05:ca:95:b2:ed	ethertype 0x0800	
274.311889424	2	3c:c0:c6:fe:02:11	gPTP Sync	seq=56921 li=-3 spid=3cc0c6fffefe02100001
274.312626426	2	3c:c0:c6:fe:02:11	gPTP Follow_Up	seq=56921 li=-3 spid=3cc0c6fffefe02100001
274.351958518	3	02:00:00:00:00:01	MSRP	
274.431757113	2	3c:c0:c6:fe:02:11	gPTP Sync	seq=56922 li=-3 spid=3cc0c6fffefe02100001
274.432490530	2	3c:c0:c6:fe:02:11	gPTP Follow_Up	seq=56922 li=-3 spid=3cc0c6fffefe02100001
274.551961778	3	02:00:00:00:00:01	gPTP Pdelay_Req	seq=1585 li=0 spid=020000fffe0000010001
274.552731244	2	3c:c0:c6:fe:02:11	gPTP Pdelay_Resp	seq=1585 li=127 spid=3cc0c6fffefe02100001
274.553717230	2	3c:c0:c6:fe:02:11	gPTP Pdelay_Resp_Follow_Up	seq=1585 li=127 spid=3cc0c6fffefe02100001
274.571009174	2	3c:c0:c6:fe:02:11	gPTP Sync	seq=56923 li=-3 spid=3cc0c6fffefe02100001
274.571587768	2	3c:c0:c6:fe:02:11	gPTP Follow_Up	seq=56923 li=-3 spid=3cc0c6fffefe02100001
274.601111573	2	3c:c0:c6:fe:02:11	MVRP	
274.681814994	2	3c:c0:c6:fe:02:11	gPTP Sync	seq=56924 li=-3 spid=3cc0c6fffefe02100001
274.682563387	2	3c:c0:c6:fe:02:11	gPTP Follow_Up	seq=56924 li=-3 spid=3cc0c6fffefe02100001
274.811890378	2	3c:c0:c6:fe:02:11	gPTP Sync	seq=56925 li=-3 spid=3cc0c6fffefe02100001
274.812625388	2	3c:c0:c6:fe:02:11	gPTP Follow_Up	seq=56925 li=-3 spid=3cc0c6fffefe02100001
274.881785717	2	3c:c0:c6:fe:02:11	gPTP Pdelay_Req	seq=1677 li=0 spid=3cc0c6fffefe02100001
274.881796717	3	02:00:00:00:00:01	gPTP Pdelay_Resp	seq=1677 li=127 spid=020000fffe0000010001
274.881804277	3	02:00:00:00:00:01	gPTP Pdelay_Resp_Follow_Up	seq=1677 li=127 spid=020000fffe0000010001
274.931760874	2	3c:c0:c6:fe:02:11	gPTP Sync	seq=56926 li=-3 spid=3cc0c6fffefe02100001
274.932478900	2	3c:c0:c6:fe:02:11	gPTP Follow_Up	seq=56926 li=-3 spid=3cc0c6fffefe02100001
275.061837474	2	3c:c0:c6:fe:02:11	gPTP Sync	seq=56927 li=-3 spid=3cc0c6fffefe02100001
275.062568676	2	3c:c0:c6:fe:02:11	gPTP Follow_Up	seq=56927 li=-3 spid=3cc0c6fffefe02100001
275.132002990	2	3c:c0:c6:fe:02:11	gPTP Announce	seq=64113 li=0 spid=3cc0c6fffefe02100001 gm=3cc0c6fffefe0210 p1=246 sr=0
275.151628932	2	3c:c0:c6:fe:02:11	MSRP	
275.151961453	3	02:00:00:00:00:01	MSRP	
275.181887563	2	3c:c0:c6:fe:02:11	gPTP Sync	seq=56928 li=-3 spid=3cc0c6fffefe02100001
275.182621964	2	3c:c0:c6:fe:02:11	gPTP Follow_Up	seq=56928 li=-3 spid=3cc0c6fffefe02100001
275.311832346	2	3c:c0:c6:fe:02:11	gPTP Sync	seq=56929 li=-3 spid=3cc0c6fffefe02100001
275.312567740	2	3c:c0:c6:fe:02:11	gPTP Follow_Up	seq=56929 li=-3 spid=3cc0c6fffefe02100001
275.351960856	3	02:00:00:00:00:01	MSRP	
275.431775451	2	3c:c0:c6:fe:02:11	gPTP Sync	seq=56930 li=-3 spid=3cc0c6fffefe02100001
275.432515652	2	3c:c0:c6:fe:02:11	gPTP Follow_Up	seq=56930 li=-3 spid=3cc0c6fffefe02100001
275.551964124	3	02:00:00:00:00:01	gPTP Pdelay_Req	seq=1586 li=0 spid=020000fffe0000010001
275.552724365	2	3c:c0:c6:fe:02:11	gPTP Pdelay_Resp	seq=1586 li=127 spid=3cc0c6fffefe02100001
275.553710968	2	3c:c0:c6:fe:02:11	gPTP Pdelay_Resp_Follow_Up	seq=1586 li=127 spid=3cc0c6fffefe02100001
275.571013496	2	3c:c0:c6:fe:02:11	gPTP Sync	seq=56931 li=-3 spid=3cc0c6fffefe02100001
275.571592698	2	3c:c0:c6:fe:02:11	gPTP Follow_Up	seq=56931 li=-3 spid=3cc0c6fffefe02100001
275.601295511	2	3c:c0:c6:fe:02:11	MVRP	
275.681852923	2	3c:c0:c6:fe:02:11	gPTP Sync	seq=56932 li=-3 spid=3cc0c6fffefe02100001
275.682598109	2	3c:c0:c6:fe:02:11	gPTP Follow_Up	seq=56932 li=-3 spid=3cc0c6fffefe02100001
275.784959348	3	02:00:00:00:00:01	MAAP	
275.811886699	2	3c:c0:c6:fe:02:11	gPTP Sync	seq=56933 li=-3 spid=3cc0c6fffefe02100001
275.812617525	2	3c:c0:c6:fe:02:11	gPTP Follow_Up	seq=56933 li=-3 spid=3cc0c6fffefe02100001
275.881782423	2	3c:c0:c6:fe:02:11	gPTP Pdelay_Req	seq=1678 li=0 spid=3cc0c6fffefe02100001
275.881793423	3	02:00:00:00:00:01	gPTP Pdelay_Resp	seq=1678 li=127 spid=020000fffe0000010001
275.881800983	3	02:00:00:00:00:01	gPTP Pdelay_Resp_Follow_Up	seq=1678 li=127 spid=020000fffe0000010001
275.931762004	2	3c:c0:c6:fe:02:11	gPTP Sync	seq=56934 li=-3 spid=3cc0c6fffefe02100001
275.932480022	2	3c:c0:c6:fe:02:11	gPTP Follow_Up	seq=56934 li=-3 spid=3cc0c6fffefe02100001
275.941119674	2	3c:c0:c6:fe:02:11	ethertype 0x0027	
276.061849189	2	3c:c0:c6:fe:02:11	gPTP Sync	seq=56935 li=-3 spid=3cc0c6fffefe02100001
276.062582606	2	3c:c0:c6:fe:02:11	gPTP Follow_Up	seq=56935 li=-3 spid=3cc0c6fffefe02100001
276.132002521	2	3c:c0:c6:fe:02:11	gPTP Announce	seq=64114 li=0 spid=3cc0c6fffefe02100001 gm=3cc0c6fffefe0210 p1=246 sr=0
276.151962712	3	02:00:00:00:00:01	MSRP	
276.152329872	2	3c:c0:c6:fe:02:11	MSRP	
276.181880494	2	3c:c0:c6:fe:02:11	gPTP Sync	seq=56936 li=-3 spid=3cc0c6fffefe02100001
276.182608503	2	3c:c0:c6:fe:02:11	gPTP Follow_Up	seq=56936 li=-3 spid=3cc0c6fffefe02100001
276.251973602	2	3c:c0:c6:fe:02:11	MSRP	
276.311894078	2	3c:c0:c6:fe:02:11	gPTP Sync	seq=56937 li=-3 spid=3cc0c6fffefe02100001
276.312628872	2	3c:c0:c6:fe:02:11	gPTP Follow_Up	seq=56937 li=-3 spid=3cc0c6fffefe02100001
276.351963212	3	02:00:00:00:00:01	MSRP	
276.431776167	2	3c:c0:c6:fe:02:11	gPTP Sync	seq=56938 li=-3 spid=3cc0c6fffefe02100001
276.432513392	2	3c:c0:c6:fe:02:11	gPTP Follow_Up	seq=56938 li=-3 spid=3cc0c6fffefe02100001
276.551966472	3	02:00:00:00:00:01	gPTP Pdelay_Req	seq=1587 li=0 spid=020000fffe0000010001
276.552727898	2	3c:c0:c6:fe:02:11	gPTP Pdelay_Resp	seq=1587 li=127 spid=3cc0c6fffefe02100001
276.553714492	2	3c:c0:c6:fe:02:11	gPTP Pdelay_Resp_Follow_Up	seq=1587 li=127 spid=3cc0c6fffefe02100001
276.571023421	2	3c:c0:c6:fe:02:11	gPTP Sync	seq=56939 li=-3 spid=3cc0c6fffefe02100001
276.571604838	2	3c:c0:c6:fe:02:11	gPTP Follow_Up	seq=56939 li=-3 spid=3cc0c6fffefe02100001
276.601084643	2	3c:c0:c6:fe:02:11	MVRP	
276.681836864	2	3c:c0:c6:fe:02:11	gPTP Sync	seq=56940 li=-3 spid=3cc0c6fffefe02100001
276.682583466	2	3c:c0:c6:fe:02:11	gPTP Follow_Up	seq=56940 li=-3 spid=3cc0c6fffefe02100001
276.811895032	2	3c:c0:c6:fe:02:11	gPTP Sync	seq=56941 li=-3 spid=3cc0c6fffefe02100001
276.812626234	2	3c:c0:c6:fe:02:11	gPTP Follow_Up	seq=56941 li=-3 spid=3cc0c6fffefe02100001
276.881811172	2	3c:c0:c6:fe:02:11	gPTP Pdelay_Req	seq=1679 li=0 spid=3cc0c6fffefe02100001
276.881822156	3	02:00:00:00:00:01	gPTP Pdelay_Resp	seq=1679 li=127 spid=020000fffe0000010001
276.881829716	3	02:00:00:00:00:01	gPTP Pdelay_Resp_Follow_Up	seq=1679 li=127 spid=020000fffe0000010001
276.931771513	2	3c:c0:c6:fe:02:11	gPTP Sync	seq=56942 li=-3 spid=3cc0c6fffefe02100001
276.932487138	2	3c:c0:c6:fe:02:11	gPTP Follow_Up	seq=56942 li=-3 spid=3cc0c6fffefe02100001
277.061852113	2	3c:c0:c6:fe:02:11	gPTP Sync	seq=56943 li=-3 spid=3cc0c6fffefe02100001
277.062581330	2	3c:c0:c6:fe:02:11	gPTP Follow_Up	seq=56943 li=-3 spid=3cc0c6fffefe02100001
277.132002237	2	3c:c0:c6:fe:02:11	gPTP Announce	seq=64115 li=0 spid=3cc0c6fffefe02100001 gm=3cc0c6fffefe0210 p1=246 sr=0
277.181874993	2	3c:c0:c6:fe:02:11	gPTP Sync	seq=56944 li=-3 spid=3cc0c6fffefe02100001
277.182606619	2	3c:c0:c6:fe:02:11	gPTP Follow_Up	seq=56944 li=-3 spid=3cc0c6fffefe02100001
277.290272831	2	3c:c0:c6:01:02:03	ADP	eid=3cc0c60102030000 gm=3cc0c6fffefe0210
277.311860809	2	3c:c0:c6:fe:02:11	gPTP Sync	seq=56945 li=-3 spid=3cc0c6fffefe02100001
277.312592395	2	3c:c0:c6:fe:02:11	gPTP Follow_Up	seq=56945 li=-3 spid=3cc0c6fffefe02100001
277.351965535	3	02:00:00:00:00:01	MSRP	
277.431795305	2	3c:c0:c6:fe:02:11	gPTP Sync	seq=56946 li=-3 spid=3cc0c6fffefe02100001
277.432528499	2	3c:c0:c6:fe:02:11	gPTP Follow_Up	seq=56946 li=-3 spid=3cc0c6fffefe02100001
277.551968794	3	02:00:00:00:00:01	gPTP Pdelay_Req	seq=1588 li=0 spid=020000fffe0000010001
277.552738204	2	3c:c0:c6:fe:02:11	gPTP Pdelay_Resp	seq=1588 li=127 spid=3cc0c6fffefe02100001
277.553728223	2	3c:c0:c6:fe:02:11	gPTP Pdelay_Resp_Follow_Up	seq=1588 li=127 spid=3cc0c6fffefe02100001
277.571029543	2	3c:c0:c6:fe:02:11	gPTP Sync	seq=56947 li=-3 spid=3cc0c6fffefe02100001
277.571611944	2	3c:c0:c6:fe:02:11	gPTP Follow_Up	seq=56947 li=-3 spid=3cc0c6fffefe02100001
277.601300582	2	3c:c0:c6:fe:02:11	MVRP	
277.681884578	2	3c:c0:c6:fe:02:11	gPTP Sync	seq=56948 li=-3 spid=3cc0c6fffefe02100001
277.682631180	2	3c:c0:c6:fe:02:11	gPTP Follow_Up	seq=56948 li=-3 spid=3cc0c6fffefe02100001
277.705967418	3	02:00:00:00:00:01	ADP	eid=020000fffe000001 gm=3cc0c6fffefe0210
277.811915738	2	3c:c0:c6:fe:02:11	gPTP Sync	seq=56949 li=-3 spid=3cc0c6fffefe02100001
277.812649564	2	3c:c0:c6:fe:02:11	gPTP Follow_Up	seq=56949 li=-3 spid=3cc0c6fffefe02100001
277.881799077	2	3c:c0:c6:fe:02:11	gPTP Pdelay_Req	seq=1680 li=0 spid=3cc0c6fffefe02100001
277.881810061	3	02:00:00:00:00:01	gPTP Pdelay_Resp	seq=1680 li=127 spid=020000fffe0000010001
277.881817621	3	02:00:00:00:00:01	gPTP Pdelay_Resp_Follow_Up	seq=1680 li=127 spid=020000fffe0000010001
277.894200354	2	68:05:ca:95:b2:ed	AECP	
277.894231914	3	02:00:00:00:00:01	AECP	
277.894421155	2	68:05:ca:95:b2:ed	AECP	
277.894449563	3	02:00:00:00:00:01	AECP	
277.931776058	2	3c:c0:c6:fe:02:11	gPTP Sync	seq=56950 li=-3 spid=3cc0c6fffefe02100001
277.932495044	2	3c:c0:c6:fe:02:11	gPTP Follow_Up	seq=56950 li=-3 spid=3cc0c6fffefe02100001
277.941133128	2	3c:c0:c6:fe:02:11	ethertype 0x0027	
278.061893042	2	3c:c0:c6:fe:02:11	gPTP Sync	seq=56951 li=-3 spid=3cc0c6fffefe02100001
278.062624244	2	3c:c0:c6:fe:02:11	gPTP Follow_Up	seq=56951 li=-3 spid=3cc0c6fffefe02100001
278.132023358	2	3c:c0:c6:fe:02:11	gPTP Announce	seq=64116 li=0 spid=3cc0c6fffefe02100001 gm=3cc0c6fffefe0210 p1=246 sr=0
278.181867739	2	3c:c0:c6:fe:02:11	gPTP Sync	seq=56952 li=-3 spid=3cc0c6fffefe02100001
278.182598524	2	3c:c0:c6:fe:02:11	gPTP Follow_Up	seq=56952 li=-3 spid=3cc0c6fffefe02100001
278.311850922	2	3c:c0:c6:fe:02:11	gPTP Sync	seq=56953 li=-3 spid=3cc0c6fffefe02100001
278.312587916	2	3c:c0:c6:fe:02:11	gPTP Follow_Up	seq=56953 li=-3 spid=3cc0c6fffefe02100001
278.351967864	3	02:00:00:00:00:01	MSRP	
278.431820019	2	3c:c0:c6:fe:02:11	gPTP Sync	seq=56954 li=-3 spid=3cc0c6fffefe02100001
278.432555604	2	3c:c0:c6:fe:02:11	gPTP Follow_Up	seq=56954 li=-3 spid=3cc0c6fffefe02100001
278.551971123	3	02:00:00:00:00:01	gPTP Pdelay_Req	seq=1589 li=0 spid=020000fffe0000010001
278.552737533	2	3c:c0:c6:fe:02:11	gPTP Pdelay_Resp	seq=1589 li=127 spid=3cc0c6fffefe02100001
278.553721543	2	3c:c0:c6:fe:02:11	gPTP Pdelay_Resp_Follow_Up	seq=1589 li=127 spid=3cc0c6fffefe02100001
278.571036872	2	3c:c0:c6:fe:02:11	gPTP Sync	seq=56955 li=-3 spid=3cc0c6fffefe02100001
278.571615049	2	3c:c0:c6:fe:02:11	gPTP Follow_Up	seq=56955 li=-3 spid=3cc0c6fffefe02100001
278.601140902	2	3c:c0:c6:fe:02:11	MVRP	
278.681876299	2	3c:c0:c6:fe:02:11	gPTP Sync	seq=56956 li=-3 spid=3cc0c6fffefe02100001
278.682618701	2	3c:c0:c6:fe:02:11	gPTP Follow_Up	seq=56956 li=-3 spid=3cc0c6fffefe02100001
278.811912891	2	3c:c0:c6:fe:02:11	gPTP Sync	seq=56957 li=-3 spid=3cc0c6fffefe02100001
278.812647300	2	3c:c0:c6:fe:02:11	gPTP Follow_Up	seq=56957 li=-3 spid=3cc0c6fffefe02100001
278.881808014	2	3c:c0:c6:fe:02:11	gPTP Pdelay_Req	seq=1681 li=0 spid=3cc0c6fffefe02100001
278.881819014	3	02:00:00:00:00:01	gPTP Pdelay_Resp	seq=1681 li=127 spid=020000fffe0000010001
278.881826574	3	02:00:00:00:00:01	gPTP Pdelay_Resp_Follow_Up	seq=1681 li=127 spid=020000fffe0000010001
278.930335383	2	68:05:ca:95:b2:ed	ethertype 0x86dd	
278.931804579	2	3c:c0:c6:fe:02:11	gPTP Sync	seq=56958 li=-3 spid=3cc0c6fffefe02100001
278.932526188	2	3c:c0:c6:fe:02:11	gPTP Follow_Up	seq=56958 li=-3 spid=3cc0c6fffefe02100001
279.061867763	2	3c:c0:c6:fe:02:11	gPTP Sync	seq=56959 li=-3 spid=3cc0c6fffefe02100001
279.062599580	2	3c:c0:c6:fe:02:11	gPTP Follow_Up	seq=56959 li=-3 spid=3cc0c6fffefe02100001
279.132020486	2	3c:c0:c6:fe:02:11	gPTP Announce	seq=64117 li=0 spid=3cc0c6fffefe02100001 gm=3cc0c6fffefe0210 p1=246 sr=0
279.181866075	2	3c:c0:c6:fe:02:11	gPTP Sync	seq=56960 li=-3 spid=3cc0c6fffefe02100001
279.182600869	2	3c:c0:c6:fe:02:11	gPTP Follow_Up	seq=56960 li=-3 spid=3cc0c6fffefe02100001
279.311877843	2	3c:c0:c6:fe:02:11	gPTP Sync	seq=56961 li=-3 spid=3cc0c6fffefe02100001
279.312613428	2	3c:c0:c6:fe:02:11	gPTP Follow_Up	seq=56961 li=-3 spid=3cc0c6fffefe02100001
279.351970200	3	02:00:00:00:00:01	MSRP	
279.431829939	2	3c:c0:c6:fe:02:11	gPTP Sync	seq=56962 li=-3 spid=3cc0c6fffefe02100001
279.432564957	2	3c:c0:c6:fe:02:11	gPTP Follow_Up	seq=56962 li=-3 spid=3cc0c6fffefe02100001
279.551973467	3	02:00:00:00:00:01	gPTP Pdelay_Req	seq=1590 li=0 spid=020000fffe0000010001
279.552776261	2	3c:c0:c6:fe:02:11	gPTP Pdelay_Resp	seq=1590 li=127 spid=3cc0c6fffefe02100001
279.553763464	2	3c:c0:c6:fe:02:11	gPTP Pdelay_Resp_Follow_Up	seq=1590 li=127 spid=3cc0c6fffefe02100001
279.571049008	2	3c:c0:c6:fe:02:11	gPTP Sync	seq=56963 li=-3 spid=3cc0c6fffefe02100001
279.571627601	2	3c:c0:c6:fe:02:11	gPTP Follow_Up	seq=56963 li=-3 spid=3cc0c6fffefe02100001
279.601341231	2	3c:c0:c6:fe:02:11	MVRP	
279.681861227	2	3c:c0:c6:fe:02:11	gPTP Sync	seq=56964 li=-3 spid=3cc0c6fffefe02100001
279.682606229	2	3c:c0:c6:fe:02:11	gPTP Follow_Up	seq=56964 li=-3 spid=3cc0c6fffefe02100001
279.811915203	2	3c:c0:c6:fe:02:11	gPTP Sync	seq=56965 li=-3 spid=3cc0c6fffefe02100001
279.812651813	2	3c:c0:c6:fe:02:11	gPTP Follow_Up	seq=56965 li=-3 spid=3cc0c6fffefe02100001
279.881834927	2	3c:c0:c6:fe:02:11	gPTP Pdelay_Req	seq=1682 li=0 spid=3cc0c6fffefe02100001
279.881845911	3	02:00:00:00:00:01	gPTP Pdelay_Resp	seq=1682 li=127 spid=020000fffe0000010001
279.881853471	3	02:00:00:00:00:01	gPTP Pdelay_Resp_Follow_Up	seq=1682 li=127 spid=020000fffe0000010001
279.931848100	2	3c:c0:c6:fe:02:11	gPTP Sync	seq=56966 li=-3 spid=3cc0c6fffefe02100001
279.932568109	2	3c:c0:c6:fe:02:11	gPTP Follow_Up	seq=56966 li=-3 spid=3cc0c6fffefe02100001
279.941154569	2	3c:c0:c6:fe:02:11	ethertype 0x0027	
280.061876700	2	3c:c0:c6:fe:02:11	gPTP Sync	seq=56967 li=-3 spid=3cc0c6fffefe02100001
280.062606686	2	3c:c0:c6:fe:02:11	gPTP Follow_Up	seq=56967 li=-3 spid=3cc0c6fffefe02100001
280.063969337	3	02:00:00:00:00:01	MAAP	
280.132032616	2	3c:c0:c6:fe:02:11	gPTP Announce	seq=64118 li=0 spid=3cc0c6fffefe02100001 gm=3cc0c6fffefe0210 p1=246 sr=0
280.181896197	2	3c:c0:c6:fe:02:11	gPTP Sync	seq=56968 li=-3 spid=3cc0c6fffefe02100001
280.182625190	2	3c:c0:c6:fe:02:11	gPTP Follow_Up	seq=56968 li=-3 spid=3cc0c6fffefe02100001
280.311868149	2	3c:c0:c6:fe:02:11	gPTP Sync	seq=56969 li=-3 spid=3cc0c6fffefe02100001
280.312602551	2	3c:c0:c6:fe:02:11	gPTP Follow_Up	seq=56969 li=-3 spid=3cc0c6fffefe02100001
280.351972531	3	02:00:00:00:00:01	MSRP	
280.431810686	2	3c:c0:c6:fe:02:11	gPTP Sync	seq=56970 li=-3 spid=3cc0c6fffefe02100001
280.432546687	2	3c:c0:c6:fe:02:11	gPTP Follow_Up	seq=56970 li=-3 spid=3cc0c6fffefe02100001
280.551975799	3	02:00:00:00:00:01	gPTP Pdelay_Req	seq=1591 li=0 spid=020000fffe0000010001
280.552743977	2	3c:c0:c6:fe:02:11	gPTP Pdelay_Resp	seq=1591 li=127 spid=3cc0c6fffefe02100001
280.553729587	2	3c:c0:c6:fe:02:11	gPTP Pdelay_Resp_Follow_Up	seq=1591 li=127 spid=3cc0c6fffefe02100001
280.571051315	2	3c:c0:c6:fe:02:11	gPTP Sync	seq=56971 li=-3 spid=3cc0c6fffefe02100001
280.571626325	2	3c:c0:c6:fe:02:11	gPTP Follow_Up	seq=56971 li=-3 spid=3cc0c6fffefe02100001
280.601155954	2	3c:c0:c6:fe:02:11	MVRP	
280.681864151	2	3c:c0:c6:fe:02:11	gPTP Sync	seq=56972 li=-3 spid=3cc0c6fffefe02100001
280.682609753	2	3c:c0:c6:fe:02:11	gPTP Follow_Up	seq=56972 li=-3 spid=3cc0c6fffefe02100001
280.811933735	2	3c:c0:c6:fe:02:11	gPTP Sync	seq=56973 li=-3 spid=3cc0c6fffefe02100001
280.812665929	2	3c:c0:c6:fe:02:11	gPTP Follow_Up	seq=56973 li=-3 spid=3cc0c6fffefe02100001
280.881823666	2	3c:c0:c6:fe:02:11	gPTP Pdelay_Req	seq=1683 li=0 spid=3cc0c6fffefe02100001
280.881834666	3	02:00:00:00:00:01	gPTP Pdelay_Resp	seq=1683 li=127 spid=020000fffe0000010001
280.881842226	3	02:00:00:00:00:01	gPTP Pdelay_Resp_Follow_Up	seq=1683 li=127 spid=020000fffe0000010001
280.931799439	2	3c:c0:c6:fe:02:11	gPTP Sync	seq=56974 li=-3 spid=3cc0c6fffefe02100001
280.932518833	2	3c:c0:c6:fe:02:11	gPTP Follow_Up	seq=56974 li=-3 spid=3cc0c6fffefe02100001
281.061883807	2	3c:c0:c6:fe:02:11	gPTP Sync	seq=56975 li=-3 spid=3cc0c6fffefe02100001
281.062617217	2	3c:c0:c6:fe:02:11	gPTP Follow_Up	seq=56975 li=-3 spid=3cc0c6fffefe02100001
281.132041547	2	3c:c0:c6:fe:02:11	gPTP Announce	seq=64119 li=0 spid=3cc0c6fffefe02100001 gm=3cc0c6fffefe0210 p1=246 sr=0
281.181885928	2	3c:c0:c6:fe:02:11	gPTP Sync	seq=56976 li=-3 spid=3cc0c6fffefe02100001
281.182617514	2	3c:c0:c6:fe:02:11	gPTP Follow_Up	seq=56976 li=-3 spid=3cc0c6fffefe02100001
281.241219363	2	3c:c0:c6:fe:02:11	MVRP	
281.311872696	2	3c:c0:c6:fe:02:11	gPTP Sync	seq=56977 li=-3 spid=3cc0c6fffefe02100001
281.312608089	2	3c:c0:c6:fe:02:11	gPTP Follow_Up	seq=56977 li=-3 spid=3cc0c6fffefe02100001
281.351974854	3	02:00:00:00:00:01	MSRP	
281.431814208	2	3c:c0:c6:fe:02:11	gPTP Sync	seq=56978 li=-3 spid=3cc0c6fffefe02100001
281.432550210	2	3c:c0:c6:fe:02:11	gPTP Follow_Up	seq=56978 li=-3 spid=3cc0c6fffefe02100001
281.551978129	3	02:00:00:00:00:01	gPTP Pdelay_Req	seq=1592 li=0 spid=020000fffe0000010001
281.552745515	2	3c:c0:c6:fe:02:11	gPTP Pdelay_Resp	seq=1592 li=127 spid=3cc0c6fffefe02100001
281.553731093	2	3c:c0:c6:fe:02:11	gPTP Pdelay_Resp_Follow_Up	seq=1592 li=127 spid=3cc0c6fffefe02100001
281.571058038	2	3c:c0:c6:fe:02:11	gPTP Sync	seq=56979 li=-3 spid=3cc0c6fffefe02100001
281.571635639	2	3c:c0:c6:fe:02:11	gPTP Follow_Up	seq=56979 li=-3 spid=3cc0c6fffefe02100001
281.601342877	2	3c:c0:c6:fe:02:11	MVRP	
281.681897689	2	3c:c0:c6:fe:02:11	gPTP Sync	seq=56980 li=-3 spid=3cc0c6fffefe02100001
281.682644283	2	3c:c0:c6:fe:02:11	gPTP Follow_Up	seq=56980 li=-3 spid=3cc0c6fffefe02100001
281.811934633	2	3c:c0:c6:fe:02:11	gPTP Sync	seq=56981 li=-3 spid=3cc0c6fffefe02100001
281.812668467	2	3c:c0:c6:fe:02:11	gPTP Follow_Up	seq=56981 li=-3 spid=3cc0c6fffefe02100001
281.881831381	2	3c:c0:c6:fe:02:11	gPTP Pdelay_Req	seq=1684 li=0 spid=3cc0c6fffefe02100001
281.881842373	3	02:00:00:00:00:01	gPTP Pdelay_Resp	seq=1684 li=127 spid=020000fffe0000010001
281.881849933	3	02:00:00:00:00:01	gPTP Pdelay_Resp_Follow_Up	seq=1684 li=127 spid=020000fffe0000010001
281.931811954	2	3c:c0:c6:fe:02:11	gPTP Sync	seq=56982 li=-3 spid=3cc0c6fffefe02100001
281.932530963	2	3c:c0:c6:fe:02:11	gPTP Follow_Up	seq=56982 li=-3 spid=3cc0c6fffefe02100001
281.941164824	2	3c:c0:c6:fe:02:11	ethertype 0x0027	
282.061917730	2	3c:c0:c6:fe:02:11	gPTP Sync	seq=56983 li=-3 spid=3cc0c6fffefe02100001
282.062649540	2	3c:c0:c6:fe:02:11	gPTP Follow_Up	seq=56983 li=-3 spid=3cc0c6fffefe02100001
282.132044463	2	3c:c0:c6:fe:02:11	gPTP Announce	seq=64120 li=0 spid=3cc0c6fffefe02100001 gm=3cc0c6fffefe0210 p1=246 sr=0
282.181894251	2	3c:c0:c6:fe:02:11	gPTP Sync	seq=56984 li=-3 spid=3cc0c6fffefe02100001
282.182627437	2	3c:c0:c6:fe:02:11	gPTP Follow_Up	seq=56984 li=-3 spid=3cc0c6fffefe02100001
282.311894812	2	3c:c0:c6:fe:02:11	gPTP Sync	seq=56985 li=-3 spid=3cc0c6fffefe02100001
282.312632029	2	3c:c0:c6:fe:02:11	gPTP Follow_Up	seq=56985 li=-3 spid=3cc0c6fffefe02100001
282.351977193	3	02:00:00:00:00:01	MSRP	
282.431822532	2	3c:c0:c6:fe:02:11	gPTP Sync	seq=56986 li=-3 spid=3cc0c6fffefe02100001
282.432556934	2	3c:c0:c6:fe:02:11	gPTP Follow_Up	seq=56986 li=-3 spid=3cc0c6fffefe02100001
282.551980454	3	02:00:00:00:00:01	gPTP Pdelay_Req	seq=1593 li=0 spid=020000fffe0000010001
282.552744239	2	3c:c0:c6:fe:02:11	gPTP Pdelay_Resp	seq=1593 li=127 spid=3cc0c6fffefe02100001
282.553734618	2	3c:c0:c6:fe:02:11	gPTP Pdelay_Resp_Follow_Up	seq=1593 li=127 spid=3cc0c6fffefe02100001
282.571070778	2	3c:c0:c6:fe:02:11	gPTP Sync	seq=56987 li=-3 spid=3cc0c6fffefe02100001
282.571649372	2	3c:c0:c6:fe:02:11	gPTP Follow_Up	seq=56987 li=-3 spid=3cc0c6fffefe02100001
282.601180569	2	3c:c0:c6:fe:02:11	MVRP	
282.617502327	2	3c:c0:c6:01:02:03	ADP	eid=3cc0c60102030000 gm=3cc0c6fffefe0210
282.681883006	2	3c:c0:c6:fe:02:11	gPTP Sync	seq=56988 li=-3 spid=3cc0c6fffefe02100001
282.682631808	2	3c:c0:c6:fe:02:11	gPTP Follow_Up	seq=56988 li=-3 spid=3cc0c6fffefe02100001
282.811941390	2	3c:c0:c6:fe:02:11	gPTP Sync	seq=56989 li=-3 spid=3cc0c6fffefe02100001
282.812676176	2	3c:c0:c6:fe:02:11	gPTP Follow_Up	seq=56989 li=-3 spid=3cc0c6fffefe02100001
282.860572344	2	68:05:ca:95:b2:ed	ethertype 0x0800	
282.881852314	2	3c:c0:c6:fe:02:11	gPTP Pdelay_Req	seq=1685 li=0 spid=3cc0c6fffefe02100001
282.881863322	3	02:00:00:00:00:01	gPTP Pdelay_Resp	seq=1685 li=127 spid=020000fffe0000010001
282.881870882	3	02:00:00:00:00:01	gPTP Pdelay_Resp_Follow_Up	seq=1685 li=127 spid=020000fffe0000010001
282.894022007	2	68:05:ca:95:b2:ed	AECP	
282.894053895	3	02:00:00:00:00:01	AECP	
282.894204407	2	68:05:ca:95:b2:ed	AECP	
282.894232431	3	02:00:00:00:00:01	AECP	
282.931814263	2	3c:c0:c6:fe:02:11	gPTP Sync	seq=56990 li=-3 spid=3cc0c6fffefe02100001
282.932531481	2	3c:c0:c6:fe:02:11	gPTP Follow_Up	seq=56990 li=-3 spid=3cc0c6fffefe02100001
283.061899272	2	3c:c0:c6:fe:02:11	gPTP Sync	seq=56991 li=-3 spid=3cc0c6fffefe02100001
283.062629866	2	3c:c0:c6:fe:02:11	gPTP Follow_Up	seq=56991 li=-3 spid=3cc0c6fffefe02100001
283.113976442	3	02:00:00:00:00:01	MAAP	
283.132049396	2	3c:c0:c6:fe:02:11	gPTP Announce	seq=64121 li=0 spid=3cc0c6fffefe02100001 gm=3cc0c6fffefe0210 p1=246 sr=0
283.181914577	2	3c:c0:c6:fe:02:11	gPTP Sync	seq=56992 li=-3 spid=3cc0c6fffefe02100001
283.182644179	2	3c:c0:c6:fe:02:11	gPTP Follow_Up	seq=56992 li=-3 spid=3cc0c6fffefe02100001
283.311889538	2	3c:c0:c6:fe:02:11	gPTP Sync	seq=56993 li=-3 spid=3cc0c6fffefe02100001
283.312628364	2	3c:c0:c6:fe:02:11	gPTP Follow_Up	seq=56993 li=-3 spid=3cc0c6fffefe02100001
283.351979528	3	02:00:00:00:00:01	MSRP	
283.431828459	2	3c:c0:c6:fe:02:11	gPTP Sync	seq=56994 li=-3 spid=3cc0c6fffefe02100001
283.432565453	2	3c:c0:c6:fe:02:11	gPTP Follow_Up	seq=56994 li=-3 spid=3cc0c6fffefe02100001
283.551982788	3	02:00:00:00:00:01	gPTP Pdelay_Req	seq=1594 li=0 spid=020000fffe0000010001
283.552762966	2	3c:c0:c6:fe:02:11	gPTP Pdelay_Resp	seq=1594 li=127 spid=3cc0c6fffefe02100001
283.553752769	2	3c:c0:c6:fe:02:11	gPTP Pdelay_Resp_Follow_Up	seq=1594 li=127 spid=3cc0c6fffefe02100001
283.571073473	2	3c:c0:c6:fe:02:11	gPTP Sync	seq=56995 li=-3 spid=3cc0c6fffefe02100001
283.571652715	2	3c:c0:c6:fe:02:11	gPTP Follow_Up	seq=56995 li=-3 spid=3cc0c6fffefe02100001
283.601365736	2	3c:c0:c6:fe:02:11	MVRP	
283.681892741	2	3c:c0:c6:fe:02:11	gPTP Sync	seq=56996 li=-3 spid=3cc0c6fffefe02100001
283.682637743	2	3c:c0:c6:fe:02:11	gPTP Follow_Up	seq=56996 li=-3 spid=3cc0c6fffefe02100001
283.811952117	2	3c:c0:c6:fe:02:11	gPTP Sync	seq=56997 li=-3 spid=3cc0c6fffefe02100001
283.812686527	2	3c:c0:c6:fe:02:11	gPTP Follow_Up	seq=56997 li=-3 spid=3cc0c6fffefe02100001
283.881845641	2	3c:c0:c6:fe:02:11	gPTP Pdelay_Req	seq=1686 li=0 spid=3cc0c6fffefe02100001
283.881856633	3	02:00:00:00:00:01	gPTP Pdelay_Resp	seq=1686 li=127 spid=020000fffe0000010001
283.881864193	3	02:00:00:00:00:01	gPTP Pdelay_Resp_Follow_Up	seq=1686 li=127 spid=020000fffe0000010001
283.931823006	2	3c:c0:c6:fe:02:11	gPTP Sync	seq=56998 li=-3 spid=3cc0c6fffefe02100001
283.932543015	2	3c:c0:c6:fe:02:11	gPTP Follow_Up	seq=56998 li=-3 spid=3cc0c6fffefe02100001
283.941183876	2	3c:c0:c6:fe:02:11	ethertype 0x0027	
284.061930998	2	3c:c0:c6:fe:02:11	gPTP Sync	seq=56999 li=-3 spid=3cc0c6fffefe02100001
284.062670200	2	3c:c0:c6:fe:02:11	gPTP Follow_Up	seq=56999 li=-3 spid=3cc0c6fffefe02100001
284.132068930	2	3c:c0:c6:fe:02:11	gPTP Announce	seq=64122 li=0 spid=3cc0c6fffefe02100001 gm=3cc0c6fffefe0210 p1=246 sr=0
284.181904695	2	3c:c0:c6:fe:02:11	gPTP Sync	seq=57000 li=-3 spid=3cc0c6fffefe02100001
284.182633696	2	3c:c0:c6:fe:02:11	gPTP Follow_Up	seq=57000 li=-3 spid=3cc0c6fffefe02100001
284.311958671	2	3c:c0:c6:fe:02:11	gPTP Sync	seq=57001 li=-3 spid=3cc0c6fffefe02100001
284.312692081	2	3c:c0:c6:fe:02:11	gPTP Follow_Up	seq=57001 li=-3 spid=3cc0c6fffefe02100001
284.351981853	3	02:00:00:00:00:01	MSRP	
284.385982988	3	02:00:00:00:00:01	ADP	eid=020000fffe000001 gm=3cc0c6fffefe0210
284.431860783	2	3c:c0:c6:fe:02:11	gPTP Sync	seq=57002 li=-3 spid=3cc0c6fffefe02100001
284.432595193	2	3c:c0:c6:fe:02:11	gPTP Follow_Up	seq=57002 li=-3 spid=3cc0c6fffefe02100001
284.551985120	3	02:00:00:00:00:01	gPTP Pdelay_Req	seq=1595 li=0 spid=020000fffe0000010001
284.552777698	2	3c:c0:c6:fe:02:11	gPTP Pdelay_Resp	seq=1595 li=127 spid=3cc0c6fffefe02100001
284.553766501	2	3c:c0:c6:fe:02:11	gPTP Pdelay_Resp_Follow_Up	seq=1595 li=127 spid=3cc0c6fffefe02100001
284.571081805	2	3c:c0:c6:fe:02:11	gPTP Sync	seq=57003 li=-3 spid=3cc0c6fffefe02100001
284.571659439	2	3c:c0:c6:fe:02:11	gPTP Follow_Up	seq=57003 li=-3 spid=3cc0c6fffefe02100001
284.601186252	2	3c:c0:c6:fe:02:11	MVRP	
284.681922256	2	3c:c0:c6:fe:02:11	gPTP Sync	seq=57004 li=-3 spid=3cc0c6fffefe02100001
284.682670642	2	3c:c0:c6:fe:02:11	gPTP Follow_Up	seq=57004 li=-3 spid=3cc0c6fffefe02100001
284.811956032	2	3c:c0:c6:fe:02:11	gPTP Sync	seq=57005 li=-3 spid=3cc0c6fffefe02100001
284.812690434	2	3c:c0:c6:fe:02:11	gPTP Follow_Up	seq=57005 li=-3 spid=3cc0c6fffefe02100001
284.881857164	2	3c:c0:c6:fe:02:11	gPTP Pdelay_Req	seq=1687 li=0 spid=3cc0c6fffefe02100001
284.881868148	3	02:00:00:00:00:01	gPTP Pdelay_Resp	seq=1687 li=127 spid=020000fffe0000010001
284.881875708	3	02:00:00:00:00:01	gPTP Pdelay_Resp_Follow_Up	seq=1687 li=127 spid=020000fffe0000010001
284.931829737	2	3c:c0:c6:fe:02:11	gPTP Sync	seq=57006 li=-3 spid=3cc0c6fffefe02100001
284.932546538	2	3c:c0:c6:fe:02:11	gPTP Follow_Up	seq=57006 li=-3 spid=3cc0c6fffefe02100001
285.061938713	2	3c:c0:c6:fe:02:11	gPTP Sync	seq=57007 li=-3 spid=3cc0c6fffefe02100001
285.062674338	2	3c:c0:c6:fe:02:11	gPTP Follow_Up	seq=57007 li=-3 spid=3cc0c6fffefe02100001
285.132068045	2	3c:c0:c6:fe:02:11	gPTP Announce	seq=64123 li=0 spid=3cc0c6fffefe02100001 gm=3cc0c6fffefe0210 p1=246 sr=0
285.181913025	2	3c:c0:c6:fe:02:11	gPTP Sync	seq=57008 li=-3 spid=3cc0c6fffefe02100001
285.182642627	2	3c:c0:c6:fe:02:11	gPTP Follow_Up	seq=57008 li=-3 spid=3cc0c6fffefe02100001
285.311921777	2	3c:c0:c6:fe:02:11	gPTP Sync	seq=57009 li=-3 spid=3cc0c6fffefe02100001
285.312657819	2	3c:c0:c6:fe:02:11	gPTP Follow_Up	seq=57009 li=-3 spid=3cc0c6fffefe02100001
285.351984191	3	02:00:00:00:00:01	MSRP	
285.431846713	2	3c:c0:c6:fe:02:11	gPTP Sync	seq=57010 li=-3 spid=3cc0c6fffefe02100001
285.432583707	2	3c:c0:c6:fe:02:11	gPTP Follow_Up	seq=57010 li=-3 spid=3cc0c6fffefe02100001
285.551987458	3	02:00:00:00:00:01	gPTP Pdelay_Req	seq=1596 li=0 spid=020000fffe0000010001
285.552779620	2	3c:c0:c6:fe:02:11	gPTP Pdelay_Resp	seq=1596 li=127 spid=3cc0c6fffefe02100001
285.553766222	2	3c:c0:c6:fe:02:11	gPTP Pdelay_Resp_Follow_Up	seq=1596 li=127 spid=3cc0c6fffefe02100001
285.571090543	2	3c:c0:c6:fe:02:11	gPTP Sync	seq=57011 li=-3 spid=3cc0c6fffefe02100001
285.571668152	2	3c:c0:c6:fe:02:11	gPTP Follow_Up	seq=57011 li=-3 spid=3cc0c6fffefe02100001
285.601387189	2	3c:c0:c6:fe:02:11	MVRP	
285.681898194	2	3c:c0:c6:fe:02:11	gPTP Sync	seq=57012 li=-3 spid=3cc0c6fffefe02100001
285.682641595	2	3c:c0:c6:fe:02:11	gPTP Follow_Up	seq=57012 li=-3 spid=3cc0c6fffefe02100001
285.811957961	2	3c:c0:c6:fe:02:11	gPTP Sync	seq=57013 li=-3 spid=3cc0c6fffefe02100001
285.812690763	2	3c:c0:c6:fe:02:11	gPTP Follow_Up	seq=57013 li=-3 spid=3cc0c6fffefe02100001
285.881871284	2	3c:c0:c6:fe:02:11	gPTP Pdelay_Req	seq=1688 li=0 spid=3cc0c6fffefe02100001
285.881882268	3	02:00:00:00:00:01	gPTP Pdelay_Resp	seq=1688 li=127 spid=020000fffe0000010001
285.881889828	3	02:00:00:00:00:01	gPTP Pdelay_Resp_Follow_Up	seq=1688 li=127 spid=020000fffe0000010001
285.931838665	2	3c:c0:c6:fe:02:11	gPTP Sync	seq=57014 li=-3 spid=3cc0c6fffefe02100001
285.932559666	2	3c:c0:c6:fe:02:11	gPTP Follow_Up	seq=57014 li=-3 spid=3cc0c6fffefe02100001
285.941194734	2	3c:c0:c6:fe:02:11	ethertype 0x0027	
286.061968448	2	3c:c0:c6:fe:02:11	gPTP Sync	seq=57015 li=-3 spid=3cc0c6fffefe02100001
286.062702850	2	3c:c0:c6:fe:02:11	gPTP Follow_Up	seq=57015 li=-3 spid=3cc0c6fffefe02100001
286.132075980	2	3c:c0:c6:fe:02:11	gPTP Announce	seq=64124 li=0 spid=3cc0c6fffefe02100001 gm=3cc0c6fffefe0210 p1=246 sr=0
286.151713729	2	3c:c0:c6:fe:02:11	MSRP	
286.151987122	3	02:00:00:00:00:01	MSRP	
286.181985544	2	3c:c0:c6:fe:02:11	gPTP Sync	seq=57016 li=-3 spid=3cc0c6fffefe02100001
286.182717354	2	3c:c0:c6:fe:02:11	gPTP Follow_Up	seq=57016 li=-3 spid=3cc0c6fffefe02100001
286.188983624	3	02:00:00:00:00:01	MAAP	
286.311918519	2	3c:c0:c6:fe:02:11	gPTP Sync	seq=57017 li=-3 spid=3cc0c6fffefe02100001
286.312654521	2	3c:c0:c6:fe:02:11	gPTP Follow_Up	seq=57017 li=-3 spid=3cc0c6fffefe02100001
286.351986524	3	02:00:00:00:00:01	MSRP	
286.431852030	2	3c:c0:c6:fe:02:11	gPTP Sync	seq=57018 li=-3 spid=3cc0c6fffefe02100001
286.432587424	2	3c:c0:c6:fe:02:11	gPTP Follow_Up	seq=57018 li=-3 spid=3cc0c6fffefe02100001
286.551989791	3	02:00:00:00:00:01	gPTP Pdelay_Req	seq=1597 li=0 spid=020000fffe0000010001
286.552772136	2	3c:c0:c6:fe:02:11	gPTP Pdelay_Resp	seq=1597 li=127 spid=3cc0c6fffefe02100001
286.553760339	2	3c:c0:c6:fe:02:11	gPTP Pdelay_Resp_Follow_Up	seq=1597 li=127 spid=3cc0c6fffefe02100001
286.571108275	2	3c:c0:c6:fe:02:11	gPTP Sync	seq=57019 li=-3 spid=3cc0c6fffefe02100001
286.571702869	2	3c:c0:c6:fe:02:11	gPTP Follow_Up	seq=57019 li=-3 spid=3cc0c6fffefe02100001
286.601146097	2	3c:c0:c6:fe:02:11	MVRP	
286.681912085	2	3c:c0:c6:fe:02:11	gPTP Sync	seq=57020 li=-3 spid=3cc0c6fffefe02100001
286.682656503	2	3c:c0:c6:fe:02:11	gPTP Follow_Up	seq=57020 li=-3 spid=3cc0c6fffefe02100001
286.811975685	2	3c:c0:c6:fe:02:11	gPTP Sync	seq=57021 li=-3 spid=3cc0c6fffefe02100001
286.812706895	2	3c:c0:c6:fe:02:11	gPTP Follow_Up	seq=57021 li=-3 spid=3cc0c6fffefe02100001
286.881865624	2	3c:c0:c6:fe:02:11	gPTP Pdelay_Req	seq=1689 li=0 spid=3cc0c6fffefe02100001
286.881876616	3	02:00:00:00:00:01	gPTP Pdelay_Resp	seq=1689 li=127 spid=020000fffe0000010001
286.881884176	3	02:00:00:00:00:01	gPTP Pdelay_Resp_Follow_Up	seq=1689 li=127 spid=020000fffe0000010001
286.931844589	2	3c:c0:c6:fe:02:11	gPTP Sync	seq=57022 li=-3 spid=3cc0c6fffefe02100001
286.932560366	2	3c:c0:c6:fe:02:11	gPTP Follow_Up	seq=57022 li=-3 spid=3cc0c6fffefe02100001
286.941319667	2	3c:c0:c6:fe:02:10	ethertype 0x0800	
287.061928764	2	3c:c0:c6:fe:02:11	gPTP Sync	seq=57023 li=-3 spid=3cc0c6fffefe02100001
287.062660966	2	3c:c0:c6:fe:02:11	gPTP Follow_Up	seq=57023 li=-3 spid=3cc0c6fffefe02100001
287.132111504	2	3c:c0:c6:fe:02:11	gPTP Announce	seq=64125 li=0 spid=3cc0c6fffefe02100001 gm=3cc0c6fffefe0210 p1=246 sr=0
287.151988358	3	02:00:00:00:00:01	MSRP	
287.152353447	2	3c:c0:c6:fe:02:11	MSRP	
287.181971268	2	3c:c0:c6:fe:02:11	gPTP Sync	seq=57024 li=-3 spid=3cc0c6fffefe02100001
287.182696686	2	3c:c0:c6:fe:02:11	gPTP Follow_Up	seq=57024 li=-3 spid=3cc0c6fffefe02100001
287.252056408	2	3c:c0:c6:fe:02:11	MSRP	
287.311965044	2	3c:c0:c6:fe:02:11	gPTP Sync	seq=57025 li=-3 spid=3cc0c6fffefe02100001
287.312697245	2	3c:c0:c6:fe:02:11	gPTP Follow_Up	seq=57025 li=-3 spid=3cc0c6fffefe02100001
287.351988849	3	02:00:00:00:00:01	MSRP	
287.431862747	2	3c:c0:c6:fe:02:11	gPTP Sync	seq=57026 li=-3 spid=3cc0c6fffefe02100001
287.432599749	2	3c:c0:c6:fe:02:11	gPTP Follow_Up	seq=57026 li=-3 spid=3cc0c6fffefe02100001
287.551992108	3	02:00:00:00:00:01	gPTP Pdelay_Req	seq=1598 li=0 spid=020000fffe0000010001
287.552757262	2	3c:c0:c6:fe:02:11	gPTP Pdelay_Resp	seq=1598 li=127 spid=3cc0c6fffefe02100001
287.553746064	2	3c:c0:c6:fe:02:11	gPTP Pdelay_Resp_Follow_Up	seq=1598 li=127 spid=3cc0c6fffefe02100001
287.571108784	2	3c:c0:c6:fe:02:11	gPTP Sync	seq=57027 li=-3 spid=3cc0c6fffefe02100001
287.571689594	2	3c:c0:c6:fe:02:11	gPTP Follow_Up	seq=57027 li=-3 spid=3cc0c6fffefe02100001
287.601374423	2	3c:c0:c6:fe:02:11	MVRP	
287.681975603	2	3c:c0:c6:fe:02:11	gPTP Sync	seq=57028 li=-3 spid=3cc0c6fffefe02100001
287.682718429	2	3c:c0:c6:fe:02:11	gPTP Follow_Up	seq=57028 li=-3 spid=3cc0c6fffefe02100001
287.811979018	2	3c:c0:c6:fe:02:11	gPTP Sync	seq=57029 li=-3 spid=3cc0c6fffefe02100001
287.812712812	2	3c:c0:c6:fe:02:11	gPTP Follow_Up	seq=57029 li=-3 spid=3cc0c6fffefe02100001
287.881871925	2	3c:c0:c6:fe:02:11	gPTP Pdelay_Req	seq=1690 li=0 spid=3cc0c6fffefe02100001
287.881882917	3	02:00:00:00:00:01	gPTP Pdelay_Resp	seq=1690 li=127 spid=020000fffe0000010001
287.881890477	3	02:00:00:00:00:01	gPTP Pdelay_Resp_Follow_Up	seq=1690 li=127 spid=020000fffe0000010001
287.894970228	2	68:05:ca:95:b2:ed	AECP	
287.895002468	3	02:00:00:00:00:01	AECP	
287.895156828	2	68:05:ca:95:b2:ed	AECP	
287.895184948	3	02:00:00:00:00:01	AECP	
287.931849898	2	3c:c0:c6:fe:02:11	gPTP Sync	seq=57030 li=-3 spid=3cc0c6fffefe02100001
287.932569523	2	3c:c0:c6:fe:02:11	gPTP Follow_Up	seq=57030 li=-3 spid=3cc0c6fffefe02100001
287.941211983	2	3c:c0:c6:fe:02:11	ethertype 0x0027	
288.061935489	2	3c:c0:c6:fe:02:11	gPTP Sync	seq=57031 li=-3 spid=3cc0c6fffefe02100001
288.062667682	2	3c:c0:c6:fe:02:11	gPTP Follow_Up	seq=57031 li=-3 spid=3cc0c6fffefe02100001
288.132105804	2	3c:c0:c6:fe:02:11	gPTP Announce	seq=64126 li=0 spid=3cc0c6fffefe02100001 gm=3cc0c6fffefe0210 p1=246 sr=0
288.181937984	2	3c:c0:c6:fe:02:11	gPTP Sync	seq=57032 li=-3 spid=3cc0c6fffefe02100001
288.182669194	2	3c:c0:c6:fe:02:11	gPTP Follow_Up	seq=57032 li=-3 spid=3cc0c6fffefe02100001
288.311946743	2	3c:c0:c6:fe:02:11	gPTP Sync	seq=57033 li=-3 spid=3cc0c6fffefe02100001
288.312682777	2	3c:c0:c6:fe:02:11	gPTP Follow_Up	seq=57033 li=-3 spid=3cc0c6fffefe02100001
288.351991172	3	02:00:00:00:00:01	MSRP	
288.431864054	2	3c:c0:c6:fe:02:11	gPTP Sync	seq=57034 li=-3 spid=3cc0c6fffefe02100001
288.432598048	2	3c:c0:c6:fe:02:11	gPTP Follow_Up	seq=57034 li=-3 spid=3cc0c6fffefe02100001
288.551994446	3	02:00:00:00:00:01	gPTP Pdelay_Req	seq=1599 li=0 spid=020000fffe0000010001
288.552761384	2	3c:c0:c6:fe:02:11	gPTP Pdelay_Resp	seq=1599 li=127 spid=3cc0c6fffefe02100001
288.553745770	2	3c:c0:c6:fe:02:11	gPTP Pdelay_Resp_Follow_Up	seq=1599 li=127 spid=3cc0c6fffefe02100001
288.571113907	2	3c:c0:c6:fe:02:11	gPTP Sync	seq=57035 li=-3 spid=3cc0c6fffefe02100001
288.571689524	2	3c:c0:c6:fe:02:11	gPTP Follow_Up	seq=57035 li=-3 spid=3cc0c6fffefe02100001
288.601261137	2	3c:c0:c6:fe:02:11	MVRP	
288.656491346	2	3c:c0:c6:01:02:03	ADP	eid=3cc0c60102030000 gm=3cc0c6fffefe0210
288.681944941	2	3c:c0:c6:fe:02:11	gPTP Sync	seq=57036 li=-3 spid=3cc0c6fffefe02100001
288.682687351	2	3c:c0:c6:fe:02:11	gPTP Follow_Up	seq=57036 li=-3 spid=3cc0c6fffefe02100001
288.811986116	2	3c:c0:c6:fe:02:11	gPTP Sync	seq=57037 li=-3 spid=3cc0c6fffefe02100001
288.812721734	2	3c:c0:c6:fe:02:11	gPTP Follow_Up	seq=57037 li=-3 spid=3cc0c6fffefe02100001
288.881894639	2	3c:c0:c6:fe:02:11	gPTP Pdelay_Req	seq=1691 li=0 spid=3cc0c6fffefe02100001
288.881905631	3	02:00:00:00:00:01	gPTP Pdelay_Resp	seq=1691 li=127 spid=020000fffe0000010001
288.881913191	3	02:00:00:00:00:01	gPTP Pdelay_Resp_Follow_Up	seq=1691 li=127 spid=020000fffe0000010001
288.931863620	2	3c:c0:c6:fe:02:11	gPTP Sync	seq=57038 li=-3 spid=3cc0c6fffefe02100001
288.932581421	2	3c:c0:c6:fe:02:11	gPTP Follow_Up	seq=57038 li=-3 spid=3cc0c6fffefe02100001
289.061948603	2	3c:c0:c6:fe:02:11	gPTP Sync	seq=57039 li=-3 spid=3cc0c6fffefe02100001
289.062682397	2	3c:c0:c6:fe:02:11	gPTP Follow_Up	seq=57039 li=-3 spid=3cc0c6fffefe02100001
289.132116903	2	3c:c0:c6:fe:02:11	gPTP Announce	seq=64127 li=0 spid=3cc0c6fffefe02100001 gm=3cc0c6fffefe0210 p1=246 sr=0
289.181966107	2	3c:c0:c6:fe:02:11	gPTP Sync	seq=57040 li=-3 spid=3cc0c6fffefe02100001
289.182698917	2	3c:c0:c6:fe:02:11	gPTP Follow_Up	seq=57040 li=-3 spid=3cc0c6fffefe02100001
289.311931474	2	3c:c0:c6:fe:02:11	gPTP Sync	seq=57041 li=-3 spid=3cc0c6fffefe02100001
289.312670260	2	3c:c0:c6:fe:02:11	gPTP Follow_Up	seq=57041 li=-3 spid=3cc0c6fffefe02100001
289.351993488	3	02:00:00:00:00:01	MSRP	
289.431871954	2	3c:c0:c6:fe:02:11	gPTP Sync	seq=57042 li=-3 spid=3cc0c6fffefe02100001
289.432608380	2	3c:c0:c6:fe:02:11	gPTP Follow_Up	seq=57042 li=-3 spid=3cc0c6fffefe02100001
289.551996754	3	02:00:00:00:00:01	gPTP Pdelay_Req	seq=1600 li=0 spid=020000fffe0000010001
289.552803300	2	3c:c0:c6:fe:02:11	gPTP Pdelay_Resp	seq=1600 li=127 spid=3cc0c6fffefe02100001
289.553787302	2	3c:c0:c6:fe:02:11	gPTP Pdelay_Resp_Follow_Up	seq=1600 li=127 spid=3cc0c6fffefe02100001
289.571118607	2	3c:c0:c6:fe:02:11	gPTP Sync	seq=57043 li=-3 spid=3cc0c6fffefe02100001
289.571696240	2	3c:c0:c6:fe:02:11	gPTP Follow_Up	seq=57043 li=-3 spid=3cc0c6fffefe02100001
289.601402253	2	3c:c0:c6:fe:02:11	MVRP	
289.681951665	2	3c:c0:c6:fe:02:11	gPTP Sync	seq=57044 li=-3 spid=3cc0c6fffefe02100001
289.682696275	2	3c:c0:c6:fe:02:11	gPTP Follow_Up	seq=57044 li=-3 spid=3cc0c6fffefe02100001
289.811998241	2	3c:c0:c6:fe:02:11	gPTP Sync	seq=57045 li=-3 spid=3cc0c6fffefe02100001
289.812729442	2	3c:c0:c6:fe:02:11	gPTP Follow_Up	seq=57045 li=-3 spid=3cc0c6fffefe02100001
289.881899340	2	3c:c0:c6:fe:02:11	gPTP Pdelay_Req	seq=1692 li=0 spid=3cc0c6fffefe02100001
289.881910340	3	02:00:00:00:00:01	gPTP Pdelay_Resp	seq=1692 li=127 spid=020000fffe0000010001
289.881917900	3	02:00:00:00:00:01	gPTP Pdelay_Resp_Follow_Up	seq=1692 li=127 spid=020000fffe0000010001
289.931869736	2	3c:c0:c6:fe:02:11	gPTP Sync	seq=57046 li=-3 spid=3cc0c6fffefe02100001
289.932585546	2	3c:c0:c6:fe:02:11	gPTP Follow_Up	seq=57046 li=-3 spid=3cc0c6fffefe02100001
289.941224814	2	3c:c0:c6:fe:02:11	ethertype 0x0027	
290.061976120	2	3c:c0:c6:fe:02:11	gPTP Sync	seq=57047 li=-3 spid=3cc0c6fffefe02100001
290.062708314	2	3c:c0:c6:fe:02:11	gPTP Follow_Up	seq=57047 li=-3 spid=3cc0c6fffefe02100001
290.132149644	2	3c:c0:c6:fe:02:11	gPTP Announce	seq=64128 li=0 spid=3cc0c6fffefe02100001 gm=3cc0c6fffefe0210 p1=246 sr=0
290.181962016	2	3c:c0:c6:fe:02:11	gPTP Sync	seq=57048 li=-3 spid=3cc0c6fffefe02100001
290.182696418	2	3c:c0:c6:fe:02:11	gPTP Follow_Up	seq=57048 li=-3 spid=3cc0c6fffefe02100001
290.311944592	2	3c:c0:c6:fe:02:11	gPTP Sync	seq=57049 li=-3 spid=3cc0c6fffefe02100001
290.312681817	2	3c:c0:c6:fe:02:11	gPTP Follow_Up	seq=57049 li=-3 spid=3cc0c6fffefe02100001
290.351995829	3	02:00:00:00:00:01	MSRP	
290.431886104	2	3c:c0:c6:fe:02:11	gPTP Sync	seq=57050 li=-3 spid=3cc0c6fffefe02100001
290.432622713	2	3c:c0:c6:fe:02:11	gPTP Follow_Up	seq=57050 li=-3 spid=3cc0c6fffefe02100001
290.551999096	3	02:00:00:00:00:01	gPTP Pdelay_Req	seq=1601 li=0 spid=020000fffe0000010001
290.552760802	2	3c:c0:c6:fe:02:11	gPTP Pdelay_Resp	seq=1601 li=127 spid=3cc0c6fffefe02100001
290.553748012	2	3c:c0:c6:fe:02:11	gPTP Pdelay_Resp_Follow_Up	seq=1601 li=127 spid=3cc0c6fffefe02100001
290.571126925	2	3c:c0:c6:fe:02:11	gPTP Sync	seq=57051 li=-3 spid=3cc0c6fffefe02100001
290.571701750	2	3c:c0:c6:fe:02:11	gPTP Follow_Up	seq=57051 li=-3 spid=3cc0c6fffefe02100001
290.601235155	2	3c:c0:c6:fe:02:11	MVRP	
290.681988175	2	3c:c0:c6:fe:02:11	gPTP Sync	seq=57052 li=-3 spid=3cc0c6fffefe02100001
290.682735385	2	3c:c0:c6:fe:02:11	gPTP Follow_Up	seq=57052 li=-3 spid=3cc0c6fffefe02100001
290.811997951	2	3c:c0:c6:fe:02:11	gPTP Sync	seq=57053 li=-3 spid=3cc0c6fffefe02100001
290.812729769	2	3c:c0:c6:fe:02:11	gPTP Follow_Up	seq=57053 li=-3 spid=3cc0c6fffefe02100001
290.881892082	2	3c:c0:c6:fe:02:11	gPTP Pdelay_Req	seq=1693 li=0 spid=3cc0c6fffefe02100001
290.881903082	3	02:00:00:00:00:01	gPTP Pdelay_Resp	seq=1693 li=127 spid=020000fffe0000010001
290.881910642	3	02:00:00:00:00:01	gPTP Pdelay_Resp_Follow_Up	seq=1693 li=127 spid=020000fffe0000010001
290.931874471	2	3c:c0:c6:fe:02:11	gPTP Sync	seq=57054 li=-3 spid=3cc0c6fffefe02100001
290.932594864	2	3c:c0:c6:fe:02:11	gPTP Follow_Up	seq=57054 li=-3 spid=3cc0c6fffefe02100001
291.061960447	2	3c:c0:c6:fe:02:11	gPTP Sync	seq=57055 li=-3 spid=3cc0c6fffefe02100001
291.062694240	2	3c:c0:c6:fe:02:11	gPTP Follow_Up	seq=57055 li=-3 spid=3cc0c6fffefe02100001
291.084995020	3	02:00:00:00:00:01	MAAP	
291.100998642	3	02:00:00:00:00:01	ADP	eid=020000fffe000001 gm=3cc0c6fffefe0210
291.132115978	2	3c:c0:c6:fe:02:11	gPTP Announce	seq=64129 li=0 spid=3cc0c6fffefe02100001 gm=3cc0c6fffefe0210 p1=246 sr=0
291.181979935	2	3c:c0:c6:fe:02:11	gPTP Sync	seq=57056 li=-3 spid=3cc0c6fffefe02100001
291.182711753	2	3c:c0:c6:fe:02:11	gPTP Follow_Up	seq=57056 li=-3 spid=3cc0c6fffefe02100001
291.241292801	2	3c:c0:c6:fe:02:11	MVRP	
291.311966326	2	3c:c0:c6:fe:02:11	gPTP Sync	seq=57057 li=-3 spid=3cc0c6fffefe02100001
291.312701720	2	3c:c0:c6:fe:02:11	gPTP Follow_Up	seq=57057 li=-3 spid=3cc0c6fffefe02100001
291.351998164	3	02:00:00:00:00:01	MSRP	
291.431887414	2	3c:c0:c6:fe:02:11	gPTP Sync	seq=57058 li=-3 spid=3cc0c6fffefe02100001
291.432621824	2	3c:c0:c6:fe:02:11	gPTP Follow_Up	seq=57058 li=-3 spid=3cc0c6fffefe02100001
291.552001431	3	02:00:00:00:00:01	gPTP Pdelay_Req	seq=1602 li=0 spid=020000fffe0000010001
291.552765929	2	3c:c0:c6:fe:02:11	gPTP Pdelay_Resp	seq=1602 li=127 spid=3cc0c6fffefe02100001
291.553749931	2	3c:c0:c6:fe:02:11	gPTP Pdelay_Resp_Follow_Up	seq=1602 li=127 spid=3cc0c6fffefe02100001
291.571135668	2	3c:c0:c6:fe:02:11	gPTP Sync	seq=57059 li=-3 spid=3cc0c6fffefe02100001
291.571711669	2	3c:c0:c6:fe:02:11	gPTP Follow_Up	seq=57059 li=-3 spid=3cc0c6fffefe02100001
291.601434290	2	3c:c0:c6:fe:02:11	MVRP	
291.681979510	2	3c:c0:c6:fe:02:11	gPTP Sync	seq=57060 li=-3 spid=3cc0c6fffefe02100001
291.682729304	2	3c:c0:c6:fe:02:11	gPTP Follow_Up	seq=57060 li=-3 spid=3cc0c6fffefe02100001
291.812012294	2	3c:c0:c6:fe:02:11	gPTP Sync	seq=57061 li=-3 spid=3cc0c6fffefe02100001
291.812748296	2	3c:c0:c6:fe:02:11	gPTP Follow_Up	seq=57061 li=-3 spid=3cc0c6fffefe02100001
291.881914418	2	3c:c0:c6:fe:02:11	gPTP Pdelay_Req	seq=1694 li=0 spid=3cc0c6fffefe02100001
291.881925418	3	02:00:00:00:00:01	gPTP Pdelay_Resp	seq=1694 li=127 spid=020000fffe0000010001
291.881932978	3	02:00:00:00:00:01	gPTP Pdelay_Resp_Follow_Up	seq=1694 li=127 spid=020000fffe0000010001
291.931884367	2	3c:c0:c6:fe:02:11	gPTP Sync	seq=57062 li=-3 spid=3cc0c6fffefe02100001
291.932602193	2	3c:c0:c6:fe:02:11	gPTP Follow_Up	seq=57062 li=-3 spid=3cc0c6fffefe02100001
291.941235669	2	3c:c0:c6:fe:02:11	ethertype 0x0027	
292.061964959	2	3c:c0:c6:fe:02:11	gPTP Sync	seq=57063 li=-3 spid=3cc0c6fffefe02100001
292.062695785	2	3c:c0:c6:fe:02:11	gPTP Follow_Up	seq=57063 li=-3 spid=3cc0c6fffefe02100001
292.132114099	2	3c:c0:c6:fe:02:11	gPTP Announce	seq=64130 li=0 spid=3cc0c6fffefe02100001 gm=3cc0c6fffefe0210 p1=246 sr=0
292.182007464	2	3c:c0:c6:fe:02:11	gPTP Sync	seq=57064 li=-3 spid=3cc0c6fffefe02100001
292.182740874	2	3c:c0:c6:fe:02:11	gPTP Follow_Up	seq=57064 li=-3 spid=3cc0c6fffefe02100001
292.311956024	2	3c:c0:c6:fe:02:11	gPTP Sync	seq=57065 li=-3 spid=3cc0c6fffefe02100001
292.312694658	2	3c:c0:c6:fe:02:11	gPTP Follow_Up	seq=57065 li=-3 spid=3cc0c6fffefe02100001
292.352000502	3	02:00:00:00:00:01	MSRP	
292.431897953	2	3c:c0:c6:fe:02:11	gPTP Sync	seq=57066 li=-3 spid=3cc0c6fffefe02100001
292.432631755	2	3c:c0:c6:fe:02:11	gPTP Follow_Up	seq=57066 li=-3 spid=3cc0c6fffefe02100001
292.552003762	3	02:00:00:00:00:01	gPTP Pdelay_Req	seq=1603 li=0 spid=020000fffe0000010001
292.552772268	2	3c:c0:c6:fe:02:11	gPTP Pdelay_Resp	seq=1603 li=127 spid=3cc0c6fffefe02100001
292.553762070	2	3c:c0:c6:fe:02:11	gPTP Pdelay_Resp_Follow_Up	seq=1603 li=127 spid=3cc0c6fffefe02100001
292.571143991	2	3c:c0:c6:fe:02:11	gPTP Sync	seq=57067 li=-3 spid=3cc0c6fffefe02100001
292.571721600	2	3c:c0:c6:fe:02:11	gPTP Follow_Up	seq=57067 li=-3 spid=3cc0c6fffefe02100001
292.601242621	2	3c:c0:c6:fe:02:11	MVRP	
292.681998426	2	3c:c0:c6:fe:02:11	gPTP Sync	seq=57068 li=-3 spid=3cc0c6fffefe02100001
292.682743652	2	3c:c0:c6:fe:02:11	gPTP Follow_Up	seq=57068 li=-3 spid=3cc0c6fffefe02100001
292.812023218	2	3c:c0:c6:fe:02:11	gPTP Sync	seq=57069 li=-3 spid=3cc0c6fffefe02100001
292.812755028	2	3c:c0:c6:fe:02:11	gPTP Follow_Up	seq=57069 li=-3 spid=3cc0c6fffefe02100001
292.881914718	2	3c:c0:c6:fe:02:11	gPTP Pdelay_Req	seq=1695 li=0 spid=3cc0c6fffefe02100001
292.881925710	3	02:00:00:00:00:01	gPTP Pdelay_Resp	seq=1695 li=127 spid=020000fffe0000010001
292.881933270	3	02:00:00:00:00:01	gPTP Pdelay_Resp_Follow_Up	seq=1695 li=127 spid=020000fffe0000010001
292.894257627	2	68:05:ca:95:b2:ed	AECP	
292.894289619	3	02:00:00:00:00:01	AECP	
292.894495035	2	68:05:ca:95:b2:ed	AECP	
292.894523123	3	02:00:00:00:00:01	AECP	
292.931893107	2	3c:c0:c6:fe:02:11	gPTP Sync	seq=57070 li=-3 spid=3cc0c6fffefe02100001
292.932611132	2	3c:c0:c6:fe:02:11	gPTP Follow_Up	seq=57070 li=-3 spid=3cc0c6fffefe02100001
293.061974507	2	3c:c0:c6:fe:02:11	gPTP Sync	seq=57071 li=-3 spid=3cc0c6fffefe02100001
293.062706093	2	3c:c0:c6:fe:02:11	gPTP Follow_Up	seq=57071 li=-3 spid=3cc0c6fffefe02100001
293.132136823	2	3c:c0:c6:fe:02:11	gPTP Announce	seq=64131 li=0 spid=3cc0c6fffefe02100001 gm=3cc0c6fffefe0210 p1=246 sr=0
293.181980595	2	3c:c0:c6:fe:02:11	gPTP Sync	seq=57072 li=-3 spid=3cc0c6fffefe02100001
293.182714613	2	3c:c0:c6:fe:02:11	gPTP Follow_Up	seq=57072 li=-3 spid=3cc0c6fffefe02100001
293.311967971	2	3c:c0:c6:fe:02:11	gPTP Sync	seq=57073 li=-3 spid=3cc0c6fffefe02100001
293.312703557	2	3c:c0:c6:fe:02:11	gPTP Follow_Up	seq=57073 li=-3 spid=3cc0c6fffefe02100001
293.352002817	3	02:00:00:00:00:01	MSRP	
293.427033640	2	68:05:ca:95:b2:ed	ethertype 0x86dd	
293.431905676	2	3c:c0:c6:fe:02:11	gPTP Sync	seq=57074 li=-3 spid=3cc0c6fffefe02100001
293.432642894	2	3c:c0:c6:fe:02:11	gPTP Follow_Up	seq=57074 li=-3 spid=3cc0c6fffefe02100001
293.552006093	3	02:00:00:00:00:01	gPTP Pdelay_Req	seq=1604 li=0 spid=020000fffe0000010001
293.552771382	2	3c:c0:c6:fe:02:11	gPTP Pdelay_Resp	seq=1604 li=127 spid=3cc0c6fffefe02100001
293.553761793	2	3c:c0:c6:fe:02:11	gPTP Pdelay_Resp_Follow_Up	seq=1604 li=127 spid=3cc0c6fffefe02100001
293.571150337	2	3c:c0:c6:fe:02:11	gPTP Sync	seq=57075 li=-3 spid=3cc0c6fffefe02100001
293.571727907	2	3c:c0:c6:fe:02:11	gPTP Follow_Up	seq=57075 li=-3 spid=3cc0c6fffefe02100001
293.601440968	2	3c:c0:c6:fe:02:11	MVRP	
293.681989157	2	3c:c0:c6:fe:02:11	gPTP Sync	seq=57076 li=-3 spid=3cc0c6fffefe02100001
293.682739182	2	3c:c0:c6:fe:02:11	gPTP Follow_Up	seq=57076 li=-3 spid=3cc0c6fffefe02100001
293.812022941	2	3c:c0:c6:fe:02:11	gPTP Sync	seq=57077 li=-3 spid=3cc0c6fffefe02100001
293.812757950	2	3c:c0:c6:fe:02:11	gPTP Follow_Up	seq=57077 li=-3 spid=3cc0c6fffefe02100001
293.881924680	2	3c:c0:c6:fe:02:11	gPTP Pdelay_Req	seq=1696 li=0 spid=3cc0c6fffefe02100001
293.881935680	3	02:00:00:00:00:01	gPTP Pdelay_Resp	seq=1696 li=127 spid=020000fffe0000010001
293.881943240	3	02:00:00:00:00:01	gPTP Pdelay_Resp_Follow_Up	seq=1696 li=127 spid=020000fffe0000010001
293.931899837	2	3c:c0:c6:fe:02:11	gPTP Sync	seq=57078 li=-3 spid=3cc0c6fffefe02100001
293.932617254	2	3c:c0:c6:fe:02:11	gPTP Follow_Up	seq=57078 li=-3 spid=3cc0c6fffefe02100001
293.941254915	2	3c:c0:c6:fe:02:11	ethertype 0x0027	
294.062005237	2	3c:c0:c6:fe:02:11	gPTP Sync	seq=57079 li=-3 spid=3cc0c6fffefe02100001
294.062741622	2	3c:c0:c6:fe:02:11	gPTP Follow_Up	seq=57079 li=-3 spid=3cc0c6fffefe02100001
294.067467866	2	3c:c0:c6:01:02:03	ADP	eid=3cc0c60102030000 gm=3cc0c6fffefe0210
294.132138753	2	3c:c0:c6:fe:02:11	gPTP Announce	seq=64132 li=0 spid=3cc0c6fffefe02100001 gm=3cc0c6fffefe0210 p1=246 sr=0
294.181977725	2	3c:c0:c6:fe:02:11	gPTP Sync	seq=57080 li=-3 spid=3cc0c6fffefe02100001
294.182710111	2	3c:c0:c6:fe:02:11	gPTP Follow_Up	seq=57080 li=-3 spid=3cc0c6fffefe02100001
294.312052717	2	3c:c0:c6:fe:02:11	gPTP Sync	seq=57081 li=-3 spid=3cc0c6fffefe02100001
294.312787503	2	3c:c0:c6:fe:02:11	gPTP Follow_Up	seq=57081 li=-3 spid=3cc0c6fffefe02100001
294.352005155	3	02:00:00:00:00:01	MSRP	
294.431911413	2	3c:c0:c6:fe:02:11	gPTP Sync	seq=57082 li=-3 spid=3cc0c6fffefe02100001
294.432647415	2	3c:c0:c6:fe:02:11	gPTP Follow_Up	seq=57082 li=-3 spid=3cc0c6fffefe02100001
294.552008414	3	02:00:00:00:00:01	gPTP Pdelay_Req	seq=1605 li=0 spid=020000fffe0000010001
294.552778112	2	3c:c0:c6:fe:02:11	gPTP Pdelay_Resp	seq=1605 li=127 spid=3cc0c6fffefe02100001
294.553765930	2	3c:c0:c6:fe:02:11	gPTP Pdelay_Resp_Follow_Up	seq=1605 li=127 spid=3cc0c6fffefe02100001
294.571159659	2	3c:c0:c6:fe:02:11	gPTP Sync	seq=57083 li=-3 spid=3cc0c6fffefe02100001
294.571737260	2	3c:c0:c6:fe:02:11	gPTP Follow_Up	seq=57083 li=-3 spid=3cc0c6fffefe02100001
294.591857219	2	3c:c0:c6:01:02:03	MAAP	
294.601276489	2	3c:c0:c6:fe:02:11	MVRP	
294.681974094	2	3c:c0:c6:fe:02:11	gPTP Sync	seq=57084 li=-3 spid=3cc0c6fffefe02100001
294.682718703	2	3c:c0:c6:fe:02:11	gPTP Follow_Up	seq=57084 li=-3 spid=3cc0c6fffefe02100001
294.812030270	2	3c:c0:c6:fe:02:11	gPTP Sync	seq=57085 li=-3 spid=3cc0c6fffefe02100001
294.812764071	2	3c:c0:c6:fe:02:11	gPTP Follow_Up	seq=57085 li=-3 spid=3cc0c6fffefe02100001
294.881944209	2	3c:c0:c6:fe:02:11	gPTP Pdelay_Req	seq=1697 li=0 spid=3cc0c6fffefe02100001
294.881955193	3	02:00:00:00:00:01	gPTP Pdelay_Resp	seq=1697 li=127 spid=020000fffe0000010001
294.881962753	3	02:00:00:00:00:01	gPTP Pdelay_Resp_Follow_Up	seq=1697 li=127 spid=020000fffe0000010001
294.931908166	2	3c:c0:c6:fe:02:11	gPTP Sync	seq=57086 li=-3 spid=3cc0c6fffefe02100001
294.932628175	2	3c:c0:c6:fe:02:11	gPTP Follow_Up	seq=57086 li=-3 spid=3cc0c6fffefe02100001
295.030004219	3	02:00:00:00:00:01	MAAP	
295.061986366	2	3c:c0:c6:fe:02:11	gPTP Sync	seq=57087 li=-3 spid=3cc0c6fffefe02100001
295.062719551	2	3c:c0:c6:fe:02:11	gPTP Follow_Up	seq=57087 li=-3 spid=3cc0c6fffefe02100001
295.132135273	2	3c:c0:c6:fe:02:11	gPTP Announce	seq=64133 li=0 spid=3cc0c6fffefe02100001 gm=3cc0c6fffefe0210 p1=246 sr=0
295.182011270	2	3c:c0:c6:fe:02:11	gPTP Sync	seq=57088 li=-3 spid=3cc0c6fffefe02100001
295.182741256	2	3c:c0:c6:fe:02:11	gPTP Follow_Up	seq=57088 li=-3 spid=3cc0c6fffefe02100001
295.311977238	2	3c:c0:c6:fe:02:11	gPTP Sync	seq=57089 li=-3 spid=3cc0c6fffefe02100001
295.312712247	2	3c:c0:c6:fe:02:11	gPTP Follow_Up	seq=57089 li=-3 spid=3cc0c6fffefe02100001
295.352007491	3	02:00:00:00:00:01	MSRP	
295.431915550	2	3c:c0:c6:fe:02:11	gPTP Sync	seq=57090 li=-3 spid=3cc0c6fffefe02100001
295.432649951	2	3c:c0:c6:fe:02:11	gPTP Follow_Up	seq=57090 li=-3 spid=3cc0c6fffefe02100001
295.552010758	3	02:00:00:00:00:01	gPTP Pdelay_Req	seq=1606 li=0 spid=020000fffe0000010001
295.552779624	2	3c:c0:c6:fe:02:11	gPTP Pdelay_Resp	seq=1606 li=127 spid=3cc0c6fffefe02100001
295.553764050	2	3c:c0:c6:fe:02:11	gPTP Pdelay_Resp_Follow_Up	seq=1606 li=127 spid=3cc0c6fffefe02100001
295.571163763	2	3c:c0:c6:fe:02:11	gPTP Sync	seq=57091 li=-3 spid=3cc0c6fffefe02100001
295.571739772	2	3c:c0:c6:fe:02:11	gPTP Follow_Up	seq=57091 li=-3 spid=3cc0c6fffefe02100001
295.601448026	2	3c:c0:c6:fe:02:11	MVRP	
295.681981814	2	3c:c0:c6:fe:02:11	gPTP Sync	seq=57092 li=-3 spid=3cc0c6fffefe02100001
295.682731232	2	3c:c0:c6:fe:02:11	gPTP Follow_Up	seq=57092 li=-3 spid=3cc0c6fffefe02100001
295.812047590	2	3c:c0:c6:fe:02:11	gPTP Sync	seq=57093 li=-3 spid=3cc0c6fffefe02100001
295.812781999	2	3c:c0:c6:fe:02:11	gPTP Follow_Up	seq=57093 li=-3 spid=3cc0c6fffefe02100001
295.881930105	2	3c:c0:c6:fe:02:11	gPTP Pdelay_Req	seq=1698 li=0 spid=3cc0c6fffefe02100001
295.881941089	3	02:00:00:00:00:01	gPTP Pdelay_Resp	seq=1698 li=127 spid=020000fffe0000010001
295.881948649	3	02:00:00:00:00:01	gPTP Pdelay_Resp_Follow_Up	seq=1698 li=127 spid=020000fffe0000010001
295.931915502	2	3c:c0:c6:fe:02:11	gPTP Sync	seq=57094 li=-3 spid=3cc0c6fffefe02100001
295.932633303	2	3c:c0:c6:fe:02:11	gPTP Follow_Up	seq=57094 li=-3 spid=3cc0c6fffefe02100001
295.941267764	2	3c:c0:c6:fe:02:11	ethertype 0x0027	
296.061992486	2	3c:c0:c6:fe:02:11	gPTP Sync	seq=57095 li=-3 spid=3cc0c6fffefe02100001
296.062724679	2	3c:c0:c6:fe:02:11	gPTP Follow_Up	seq=57095 li=-3 spid=3cc0c6fffefe02100001
296.132157010	2	3c:c0:c6:fe:02:11	gPTP Announce	seq=64134 li=0 spid=3cc0c6fffefe02100001 gm=3cc0c6fffefe0210 p1=246 sr=0
296.181992358	2	3c:c0:c6:fe:02:11	gPTP Sync	seq=57096 li=-3 spid=3cc0c6fffefe02100001
296.182721392	2	3c:c0:c6:fe:02:11	gPTP Follow_Up	seq=57096 li=-3 spid=3cc0c6fffefe02100001
296.311997374	2	3c:c0:c6:fe:02:11	gPTP Sync	seq=57097 li=-3 spid=3cc0c6fffefe02100001
296.312734367	2	3c:c0:c6:fe:02:11	gPTP Follow_Up	seq=57097 li=-3 spid=3cc0c6fffefe02100001
296.352009827	3	02:00:00:00:00:01	MSRP	
296.431926462	2	3c:c0:c6:fe:02:11	gPTP Sync	seq=57098 li=-3 spid=3cc0c6fffefe02100001
296.432664071	2	3c:c0:c6:fe:02:11	gPTP Follow_Up	seq=57098 li=-3 spid=3cc0c6fffefe02100001
296.552013102	3	02:00:00:00:00:01	gPTP Pdelay_Req	seq=1607 li=0 spid=020000fffe0000010001
296.552775568	2	3c:c0:c6:fe:02:11	gPTP Pdelay_Resp	seq=1607 li=127 spid=3cc0c6fffefe02100001
296.553762354	2	3c:c0:c6:fe:02:11	gPTP Pdelay_Resp_Follow_Up	seq=1607 li=127 spid=3cc0c6fffefe02100001
296.571170907	2	3c:c0:c6:fe:02:11	gPTP Sync	seq=57099 li=-3 spid=3cc0c6fffefe02100001
296.571748092	2	3c:c0:c6:fe:02:11	gPTP Follow_Up	seq=57099 li=-3 spid=3cc0c6fffefe02100001
296.601223129	2	3c:c0:c6:fe:02:11	MVRP	
296.682014134	2	3c:c0:c6:fe:02:11	gPTP Sync	seq=57100 li=-3 spid=3cc0c6fffefe02100001
296.682759744	2	3c:c0:c6:fe:02:11	gPTP Follow_Up	seq=57100 li=-3 spid=3cc0c6fffefe02100001
296.812059118	2	3c:c0:c6:fe:02:11	gPTP Sync	seq=57101 li=-3 spid=3cc0c6fffefe02100001
296.812789936	2	3c:c0:c6:fe:02:11	gPTP Follow_Up	seq=57101 li=-3 spid=3cc0c6fffefe02100001
296.881940442	2	3c:c0:c6:fe:02:11	gPTP Pdelay_Req	seq=1699 li=0 spid=3cc0c6fffefe02100001
296.881951434	3	02:00:00:00:00:01	gPTP Pdelay_Resp	seq=1699 li=127 spid=020000fffe0000010001
296.881958994	3	02:00:00:00:00:01	gPTP Pdelay_Resp_Follow_Up	seq=1699 li=127 spid=020000fffe0000010001
296.931920623	2	3c:c0:c6:fe:02:11	gPTP Sync	seq=57102 li=-3 spid=3cc0c6fffefe02100001
296.932637432	2	3c:c0:c6:fe:02:11	gPTP Follow_Up	seq=57102 li=-3 spid=3cc0c6fffefe02100001
297.062003015	2	3c:c0:c6:fe:02:11	gPTP Sync	seq=57103 li=-3 spid=3cc0c6fffefe02100001
297.062732009	2	3c:c0:c6:fe:02:11	gPTP Follow_Up	seq=57103 li=-3 spid=3cc0c6fffefe02100001
297.132155123	2	3c:c0:c6:fe:02:11	gPTP Announce	seq=64135 li=0 spid=3cc0c6fffefe02100001 gm=3cc0c6fffefe0210 p1=246 sr=0
297.151799273	2	3c:c0:c6:fe:02:11	MSRP	
297.152012738	3	02:00:00:00:00:01	MSRP	
297.182048904	2	3c:c0:c6:fe:02:11	gPTP Sync	seq=57104 li=-3 spid=3cc0c6fffefe02100001
297.182779506	2	3c:c0:c6:fe:02:11	gPTP Follow_Up	seq=57104 li=-3 spid=3cc0c6fffefe02100001
297.312038880	2	3c:c0:c6:fe:02:11	gPTP Sync	seq=57105 li=-3 spid=3cc0c6fffefe02100001
297.312777666	2	3c:c0:c6:fe:02:11	gPTP Follow_Up	seq=57105 li=-3 spid=3cc0c6fffefe02100001
297.352012142	3	02:00:00:00:00:01	MSRP	
297.431939777	2	3c:c0:c6:fe:02:11	gPTP Sync	seq=57106 li=-3 spid=3cc0c6fffefe02100001
297.432677387	2	3c:c0:c6:fe:02:11	gPTP Follow_Up	seq=57106 li=-3 spid=3cc0c6fffefe02100001
297.552015402	3	02:00:00:00:00:01	gPTP Pdelay_Req	seq=1608 li=0 spid=020000fffe0000010001
297.552774676	2	3c:c0:c6:fe:02:11	gPTP Pdelay_Resp	seq=1608 li=127 spid=3cc0c6fffefe02100001
297.553765110	2	3c:c0:c6:fe:02:11	gPTP Pdelay_Resp_Follow_Up	seq=1608 li=127 spid=3cc0c6fffefe02100001
297.571183231	2	3c:c0:c6:fe:02:11	gPTP Sync	seq=57107 li=-3 spid=3cc0c6fffefe02100001
297.571761440	2	3c:c0:c6:fe:02:11	gPTP Follow_Up	seq=57107 li=-3 spid=3cc0c6fffefe02100001
297.601468062	2	3c:c0:c6:fe:02:11	MVRP	
297.682034466	2	3c:c0:c6:fe:02:11	gPTP Sync	seq=57108 li=-3 spid=3cc0c6fffefe02100001
297.682783268	2	3c:c0:c6:fe:02:11	gPTP Follow_Up	seq=57108 li=-3 spid=3cc0c6fffefe02100001
297.812065650	2	3c:c0:c6:fe:02:11	gPTP Sync	seq=57109 li=-3 spid=3cc0c6fffefe02100001
297.812797436	2	3c:c0:c6:fe:02:11	gPTP Follow_Up	seq=57109 li=-3 spid=3cc0c6fffefe02100001
297.881964574	2	3c:c0:c6:fe:02:11	gPTP Pdelay_Req	seq=1700 li=0 spid=3cc0c6fffefe02100001
297.881975574	3	02:00:00:00:00:01	gPTP Pdelay_Resp	seq=1700 li=127 spid=020000fffe0000010001
297.881983134	3	02:00:00:00:00:01	gPTP Pdelay_Resp_Follow_Up	seq=1700 li=127 spid=020000fffe0000010001
297.894686884	2	68:05:ca:95:b2:ed	AECP	
297.894718340	3	02:00:00:00:00:01	AECP	
297.894878276	2	68:05:ca:95:b2:ed	AECP	
297.894906348	3	02:00:00:00:00:01	AECP	
297.931929147	2	3c:c0:c6:fe:02:11	gPTP Sync	seq=57110 li=-3 spid=3cc0c6fffefe02100001
297.932645948	2	3c:c0:c6:fe:02:11	gPTP Follow_Up	seq=57110 li=-3 spid=3cc0c6fffefe02100001
297.941281633	2	3c:c0:c6:fe:02:11	ethertype 0x0027	
298.062035531	2	3c:c0:c6:fe:02:11	gPTP Sync	seq=57111 li=-3 spid=3cc0c6fffefe02100001
298.062767349	2	3c:c0:c6:fe:02:11	gPTP Follow_Up	seq=57111 li=-3 spid=3cc0c6fffefe02100001
298.132160639	2	3c:c0:c6:fe:02:11	gPTP Announce	seq=64136 li=0 spid=3cc0c6fffefe02100001 gm=3cc0c6fffefe0210 p1=246 sr=0
298.182032628	2	3c:c0:c6:fe:02:11	gPTP Sync	seq=57112 li=-3 spid=3cc0c6fffefe02100001
298.182763453	2	3c:c0:c6:fe:02:11	gPTP Follow_Up	seq=57112 li=-3 spid=3cc0c6fffefe02100001
298.294015393	3	02:00:00:00:00:01	ADP	eid=020000fffe000001 gm=3cc0c6fffefe0210
298.312047204	2	3c:c0:c6:fe:02:11	gPTP Sync	seq=57113 li=-3 spid=3cc0c6fffefe02100001
298.312778413	2	3c:c0:c6:fe:02:11	gPTP Follow_Up	seq=57113 li=-3 spid=3cc0c6fffefe02100001
298.352014465	3	02:00:00:00:00:01	MSRP	
298.431940108	2	3c:c0:c6:fe:02:11	gPTP Sync	seq=57114 li=-3 spid=3cc0c6fffefe02100001
298.432676118	2	3c:c0:c6:fe:02:11	gPTP Follow_Up	seq=57114 li=-3 spid=3cc0c6fffefe02100001
298.552017733	3	02:00:00:00:00:01	gPTP Pdelay_Req	seq=1609 li=0 spid=020000fffe0000010001
298.552784631	2	3c:c0:c6:fe:02:11	gPTP Pdelay_Resp	seq=1609 li=127 spid=3cc0c6fffefe02100001
298.553770625	2	3c:c0:c6:fe:02:11	gPTP Pdelay_Resp_Follow_Up	seq=1609 li=127 spid=3cc0c6fffefe02100001
298.571185762	2	3c:c0:c6:fe:02:11	gPTP Sync	seq=57115 li=-3 spid=3cc0c6fffefe02100001
298.571763979	2	3c:c0:c6:fe:02:11	gPTP Follow_Up	seq=57115 li=-3 spid=3cc0c6fffefe02100001
298.601294984	2	3c:c0:c6:fe:02:11	MVRP	
298.681999205	2	3c:c0:c6:fe:02:11	gPTP Sync	seq=57116 li=-3 spid=3cc0c6fffefe02100001
298.682745198	2	3c:c0:c6:fe:02:11	gPTP Follow_Up	seq=57116 li=-3 spid=3cc0c6fffefe02100001
298.812088981	2	3c:c0:c6:fe:02:11	gPTP Sync	seq=57117 li=-3 spid=3cc0c6fffefe02100001
298.812823391	2	3c:c0:c6:fe:02:11	gPTP Follow_Up	seq=57117 li=-3 spid=3cc0c6fffefe02100001
298.881956897	2	3c:c0:c6:fe:02:11	gPTP Pdelay_Req	seq=1701 li=0 spid=3cc0c6fffefe02100001
298.881967889	3	02:00:00:00:00:01	gPTP Pdelay_Resp	seq=1701 li=127 spid=020000fffe0000010001
298.881975449	3	02:00:00:00:00:01	gPTP Pdelay_Resp_Follow_Up	seq=1701 li=127 spid=020000fffe0000010001
298.931936478	2	3c:c0:c6:fe:02:11	gPTP Sync	seq=57118 li=-3 spid=3cc0c6fffefe02100001
298.932654879	2	3c:c0:c6:fe:02:11	gPTP Follow_Up	seq=57118 li=-3 spid=3cc0c6fffefe02100001
298.949013326	3	02:00:00:00:00:01	MAAP	
299.062019854	2	3c:c0:c6:fe:02:11	gPTP Sync	seq=57119 li=-3 spid=3cc0c6fffefe02100001
299.062750072	2	3c:c0:c6:fe:02:11	gPTP Follow_Up	seq=57119 li=-3 spid=3cc0c6fffefe02100001
299.132181187	2	3c:c0:c6:fe:02:11	gPTP Announce	seq=64137 li=0 spid=3cc0c6fffefe02100001 gm=3cc0c6fffefe0210 p1=246 sr=0
299.182019159	2	3c:c0:c6:fe:02:11	gPTP Sync	seq=57120 li=-3 spid=3cc0c6fffefe02100001
299.182750969	2	3c:c0:c6:fe:02:11	gPTP Follow_Up	seq=57120 li=-3 spid=3cc0c6fffefe02100001
299.312049128	2	3c:c0:c6:fe:02:11	gPTP Sync	seq=57121 li=-3 spid=3cc0c6fffefe02100001
299.312785138	2	3c:c0:c6:fe:02:11	gPTP Follow_Up	seq=57121 li=-3 spid=3cc0c6fffefe02100001
299.352016789	3	02:00:00:00:00:01	MSRP	
299.431952241	2	3c:c0:c6:fe:02:11	gPTP Sync	seq=57122 li=-3 spid=3cc0c6fffefe02100001
299.432687642	2	3c:c0:c6:fe:02:11	gPTP Follow_Up	seq=57122 li=-3 spid=3cc0c6fffefe02100001
299.454778814	2	68:05:ca:95:b2:ed	ethertype 0x0800	
299.552020058	3	02:00:00:00:00:01	gPTP Pdelay_Req	seq=1610 li=0 spid=020000fffe0000010001
299.552827740	2	3c:c0:c6:fe:02:11	gPTP Pdelay_Resp	seq=1610 li=127 spid=3cc0c6fffefe02100001
299.553819366	2	3c:c0:c6:fe:02:11	gPTP Pdelay_Resp_Follow_Up	seq=1610 li=127 spid=3cc0c6fffefe02100001
299.571194279	2	3c:c0:c6:fe:02:11	gPTP Sync	seq=57123 li=-3 spid=3cc0c6fffefe02100001
299.571771504	2	3c:c0:c6:fe:02:11	gPTP Follow_Up	seq=57123 li=-3 spid=3cc0c6fffefe02100001
299.601480718	2	3c:c0:c6:fe:02:11	MVRP	
299.682039114	2	3c:c0:c6:fe:02:11	gPTP Sync	seq=57124 li=-3 spid=3cc0c6fffefe02100001
299.682784724	2	3c:c0:c6:fe:02:11	gPTP Follow_Up	seq=57124 li=-3 spid=3cc0c6fffefe02100001
299.812076091	2	3c:c0:c6:fe:02:11	gPTP Sync	seq=57125 li=-3 spid=3cc0c6fffefe02100001
299.812809508	2	3c:c0:c6:fe:02:11	gPTP Follow_Up	seq=57125 li=-3 spid=3cc0c6fffefe02100001
299.881971822	2	3c:c0:c6:fe:02:11	gPTP Pdelay_Req	seq=1702 li=0 spid=3cc0c6fffefe02100001
299.881982814	3	02:00:00:00:00:01	gPTP Pdelay_Resp	seq=1702 li=127 spid=020000fffe0000010001
299.881990374	3	02:00:00:00:00:01	gPTP Pdelay_Resp_Follow_Up	seq=1702 li=127 spid=020000fffe0000010001
299.931944003	2	3c:c0:c6:fe:02:11	gPTP Sync	seq=57126 li=-3 spid=3cc0c6fffefe02100001
299.932661381	2	3c:c0:c6:fe:02:11	gPTP Follow_Up	seq=57126 li=-3 spid=3cc0c6fffefe02100001
299.941296873	2	3c:c0:c6:fe:02:11	ethertype 0x0027	
300.062033171	2	3c:c0:c6:fe:02:11	gPTP Sync	seq=57127 li=-3 spid=3cc0c6fffefe02100001
300.062770781	2	3c:c0:c6:fe:02:11	gPTP Follow_Up	seq=57127 li=-3 spid=3cc0c6fffefe02100001
300.132181703	2	3c:c0:c6:fe:02:11	gPTP Announce	seq=64138 li=0 spid=3cc0c6fffefe02100001 gm=3cc0c6fffefe0210 p1=246 sr=0
300.182033084	2	3c:c0:c6:fe:02:11	gPTP Sync	seq=57128 li=-3 spid=3cc0c6fffefe02100001
300.182766494	2	3c:c0:c6:fe:02:11	gPTP Follow_Up	seq=57128 li=-3 spid=3cc0c6fffefe02100001
300.312035468	2	3c:c0:c6:fe:02:11	gPTP Sync	seq=57129 li=-3 spid=3cc0c6fffefe02100001
300.312771446	2	3c:c0:c6:fe:02:11	gPTP Follow_Up	seq=57129 li=-3 spid=3cc0c6fffefe02100001
300.352019121	3	02:00:00:00:00:01	MSRP	
300.431958164	2	3c:c0:c6:fe:02:11	gPTP Sync	seq=57130 li=-3 spid=3cc0c6fffefe02100001
300.432694166	2	3c:c0:c6:fe:02:11	gPTP Follow_Up	seq=57130 li=-3 spid=3cc0c6fffefe02100001
300.552022381	3	02:00:00:00:00:01	gPTP Pdelay_Req	seq=1611 li=0 spid=020000fffe0000010001
300.552788063	2	3c:c0:c6:fe:02:11	gPTP Pdelay_Resp	seq=1611 li=127 spid=3cc0c6fffefe02100001
300.553774889	2	3c:c0:c6:fe:02:11	gPTP Pdelay_Resp_Follow_Up	seq=1611 li=127 spid=3cc0c6fffefe02100001
300.571204202	2	3c:c0:c6:fe:02:11	gPTP Sync	seq=57131 li=-3 spid=3cc0c6fffefe02100001
300.571781804	2	3c:c0:c6:fe:02:11	gPTP Follow_Up	seq=57131 li=-3 spid=3cc0c6fffefe02100001
300.601323633	2	3c:c0:c6:fe:02:11	MVRP	
300.614721744	2	3c:c0:c6:01:02:03	MAAP	
300.682018253	2	3c:c0:c6:fe:02:11	gPTP Sync	seq=57132 li=-3 spid=3cc0c6fffefe02100001
300.682761039	2	3c:c0:c6:fe:02:11	gPTP Follow_Up	seq=57132 li=-3 spid=3cc0c6fffefe02100001
300.812078014	2	3c:c0:c6:fe:02:11	gPTP Sync	seq=57133 li=-3 spid=3cc0c6fffefe02100001
300.812814024	2	3c:c0:c6:fe:02:11	gPTP Follow_Up	seq=57133 li=-3 spid=3cc0c6fffefe02100001
300.881994546	2	3c:c0:c6:fe:02:11	gPTP Pdelay_Req	seq=1703 li=0 spid=3cc0c6fffefe02100001
300.882005530	3	02:00:00:00:00:01	gPTP Pdelay_Resp	seq=1703 li=127 spid=020000fffe0000010001
300.882013090	3	02:00:00:00:00:01	gPTP Pdelay_Resp_Follow_Up	seq=1703 li=127 spid=020000fffe0000010001
300.931951335	2	3c:c0:c6:fe:02:11	gPTP Sync	seq=57134 li=-3 spid=3cc0c6fffefe02100001
300.932667528	2	3c:c0:c6:fe:02:11	gPTP Follow_Up	seq=57134 li=-3 spid=3cc0c6fffefe02100001
300.969853191	2	3c:c0:c6:01:02:03	ADP	eid=3cc0c60102030000 gm=3cc0c6fffefe0210
301.062031511	2	3c:c0:c6:fe:02:11	gPTP Sync	seq=57135 li=-3 spid=3cc0c6fffefe02100001
301.062762113	2	3c:c0:c6:fe:02:11	gPTP Follow_Up	seq=57135 li=-3 spid=3cc0c6fffefe02100001
301.132184843	2	3c:c0:c6:fe:02:11	gPTP Announce	seq=64139 li=0 spid=3cc0c6fffefe02100001 gm=3cc0c6fffefe0210 p1=246 sr=0
301.182052000	2	3c:c0:c6:fe:02:11	gPTP Sync	seq=57136 li=-3 spid=3cc0c6fffefe02100001
301.182786026	2	3c:c0:c6:fe:02:11	gPTP Follow_Up	seq=57136 li=-3 spid=3cc0c6fffefe02100001
301.241373251	2	3c:c0:c6:fe:02:11	MVRP	
301.312024977	2	3c:c0:c6:fe:02:11	gPTP Sync	seq=57137 li=-3 spid=3cc0c6fffefe02100001
301.312759994	2	3c:c0:c6:fe:02:11	gPTP Follow_Up	seq=57137 li=-3 spid=3cc0c6fffefe02100001
301.352021462	3	02:00:00:00:00:01	MSRP	
301.431975482	2	3c:c0:c6:fe:02:11	gPTP Sync	seq=57138 li=-3 spid=3cc0c6fffefe02100001
301.432710499	2	3c:c0:c6:fe:02:11	gPTP Follow_Up	seq=57138 li=-3 spid=3cc0c6fffefe02100001
301.552024731	3	02:00:00:00:00:01	gPTP Pdelay_Req	seq=1612 li=0 spid=020000fffe0000010001
301.552791589	2	3c:c0:c6:fe:02:11	gPTP Pdelay_Resp	seq=1612 li=127 spid=3cc0c6fffefe02100001
301.553779407	2	3c:c0:c6:fe:02:11	gPTP Pdelay_Resp_Follow_Up	seq=1612 li=127 spid=3cc0c6fffefe02100001
301.571208912	2	3c:c0:c6:fe:02:11	gPTP Sync	seq=57139 li=-3 spid=3cc0c6fffefe02100001
301.571785337	2	3c:c0:c6:fe:02:11	gPTP Follow_Up	seq=57139 li=-3 spid=3cc0c6fffefe02100001
301.601495767	2	3c:c0:c6:fe:02:11	MVRP	
301.682023763	2	3c:c0:c6:fe:02:11	gPTP Sync	seq=57140 li=-3 spid=3cc0c6fffefe02100001
301.682772565	2	3c:c0:c6:fe:02:11	gPTP Follow_Up	seq=57140 li=-3 spid=3cc0c6fffefe02100001
301.752022375	3	02:00:00:00:00:01	MSRP	
301.753335114	2	3c:c0:c6:fe:02:11	MSRP	
301.812125348	2	3c:c0:c6:fe:02:11	gPTP Sync	seq=57141 li=-3 spid=3cc0c6fffefe02100001
301.812855565	2	3c:c0:c6:fe:02:11	gPTP Follow_Up	seq=57141 li=-3 spid=3cc0c6fffefe02100001
301.851858257	2	3c:c0:c6:fe:02:11	MSRP	
301.881985263	2	3c:c0:c6:fe:02:11	gPTP Pdelay_Req	seq=1704 li=0 spid=3cc0c6fffefe02100001
301.881996263	3	02:00:00:00:00:01	gPTP Pdelay_Resp	seq=1704 li=127 spid=020000fffe0000010001
301.882003823	3	02:00:00:00:00:01	gPTP Pdelay_Resp_Follow_Up	seq=1704 li=127 spid=020000fffe0000010001
301.931958444	2	3c:c0:c6:fe:02:11	gPTP Sync	seq=57142 li=-3 spid=3cc0c6fffefe02100001
301.932673646	2	3c:c0:c6:fe:02:11	gPTP Follow_Up	seq=57142 li=-3 spid=3cc0c6fffefe02100001
301.941430322	2	3c:c0:c6:fe:02:10	ethertype 0x0800	
301.941637523	2	3c:c0:c6:fe:02:11	ethertype 0x0027	
302.062066236	2	3c:c0:c6:fe:02:11	gPTP Sync	seq=57143 li=-3 spid=3cc0c6fffefe02100001
302.062796830	2	3c:c0:c6:fe:02:11	gPTP Follow_Up	seq=57143 li=-3 spid=3cc0c6fffefe02100001
302.132205544	2	3c:c0:c6:fe:02:11	gPTP Announce	seq=64140 li=0 spid=3cc0c6fffefe02100001 gm=3cc0c6fffefe0210 p1=246 sr=0
302.182039333	2	3c:c0:c6:fe:02:11	gPTP Sync	seq=57144 li=-3 spid=3cc0c6fffefe02100001
302.182771527	2	3c:c0:c6:fe:02:11	gPTP Follow_Up	seq=57144 li=-3 spid=3cc0c6fffefe02100001
302.193020911	3	02:00:00:00:00:01	MAAP	
302.312033109	2	3c:c0:c6:fe:02:11	gPTP Sync	seq=57145 li=-3 spid=3cc0c6fffefe02100001
302.312769719	2	3c:c0:c6:fe:02:11	gPTP Follow_Up	seq=57145 li=-3 spid=3cc0c6fffefe02100001
302.352023802	3	02:00:00:00:00:01	MSRP	
302.432005406	2	3c:c0:c6:fe:02:11	gPTP Sync	seq=57146 li=-3 spid=3cc0c6fffefe02100001
302.432739807	2	3c:c0:c6:fe:02:11	gPTP Follow_Up	seq=57146 li=-3 spid=3cc0c6fffefe02100001
302.552027078	3	02:00:00:00:00:01	gPTP Pdelay_Req	seq=1613 li=0 spid=020000fffe0000010001
302.552790728	2	3c:c0:c6:fe:02:11	gPTP Pdelay_Resp	seq=1613 li=127 spid=3cc0c6fffefe02100001
302.553780530	2	3c:c0:c6:fe:02:11	gPTP Pdelay_Resp_Follow_Up	seq=1613 li=127 spid=3cc0c6fffefe02100001
302.571219635	2	3c:c0:c6:fe:02:11	gPTP Sync	seq=57147 li=-3 spid=3cc0c6fffefe02100001
302.571797652	2	3c:c0:c6:fe:02:11	gPTP Follow_Up	seq=57147 li=-3 spid=3cc0c6fffefe02100001
302.601318258	2	3c:c0:c6:fe:02:11	MVRP	
302.682055286	2	3c:c0:c6:fe:02:11	gPTP Sync	seq=57148 li=-3 spid=3cc0c6fffefe02100001
302.682800504	2	3c:c0:c6:fe:02:11	gPTP Follow_Up	seq=57148 li=-3 spid=3cc0c6fffefe02100001
302.812090662	2	3c:c0:c6:fe:02:11	gPTP Sync	seq=57149 li=-3 spid=3cc0c6fffefe02100001
302.812821872	2	3c:c0:c6:fe:02:11	gPTP Follow_Up	seq=57149 li=-3 spid=3cc0c6fffefe02100001
302.881990194	2	3c:c0:c6:fe:02:11	gPTP Pdelay_Req	seq=1705 li=0 spid=3cc0c6fffefe02100001
302.882001194	3	02:00:00:00:00:01	gPTP Pdelay_Resp	seq=1705 li=127 spid=020000fffe0000010001
302.882008754	3	02:00:00:00:00:01	gPTP Pdelay_Resp_Follow_Up	seq=1705 li=127 spid=020000fffe0000010001
302.931968175	2	3c:c0:c6:fe:02:11	gPTP Sync	seq=57150 li=-3 spid=3cc0c6fffefe02100001
302.932689776	2	3c:c0:c6:fe:02:11	gPTP Follow_Up	seq=57150 li=-3 spid=3cc0c6fffefe02100001
303.062050559	2	3c:c0:c6:fe:02:11	gPTP Sync	seq=57151 li=-3 spid=3cc0c6fffefe02100001
303.062783744	2	3c:c0:c6:fe:02:11	gPTP Follow_Up	seq=57151 li=-3 spid=3cc0c6fffefe02100001
303.132200683	2	3c:c0:c6:fe:02:11	gPTP Announce	seq=64141 li=0 spid=3cc0c6fffefe02100001 gm=3cc0c6fffefe0210 p1=246 sr=0
303.182051463	2	3c:c0:c6:fe:02:11	gPTP Sync	seq=57152 li=-3 spid=3cc0c6fffefe02100001
303.182782633	2	3c:c0:c6:fe:02:11	gPTP Follow_Up	seq=57152 li=-3 spid=3cc0c6fffefe02100001
303.312056823	2	3c:c0:c6:fe:02:11	gPTP Sync	seq=57153 li=-3 spid=3cc0c6fffefe02100001
303.312793433	2	3c:c0:c6:fe:02:11	gPTP Follow_Up	seq=57153 li=-3 spid=3cc0c6fffefe02100001
303.352026148	3	02:00:00:00:00:01	MSRP	
303.432008535	2	3c:c0:c6:fe:02:11	gPTP Sync	seq=57154 li=-3 spid=3cc0c6fffefe02100001
303.432744513	2	3c:c0:c6:fe:02:11	gPTP Follow_Up	seq=57154 li=-3 spid=3cc0c6fffefe02100001
303.552029416	3	02:00:00:00:00:01	gPTP Pdelay_Req	seq=1614 li=0 spid=020000fffe0000010001
303.552793634	2	3c:c0:c6:fe:02:11	gPTP Pdelay_Resp	seq=1614 li=127 spid=3cc0c6fffefe02100001
303.553786252	2	3c:c0:c6:fe:02:11	gPTP Pdelay_Resp_Follow_Up	seq=1614 li=127 spid=3cc0c6fffefe02100001
303.571227373	2	3c:c0:c6:fe:02:11	gPTP Sync	seq=57155 li=-3 spid=3cc0c6fffefe02100001
303.571804374	2	3c:c0:c6:fe:02:11	gPTP Follow_Up	seq=57155 li=-3 spid=3cc0c6fffefe02100001
303.601531412	2	3c:c0:c6:fe:02:11	MVRP	
303.682041200	2	3c:c0:c6:fe:02:11	gPTP Sync	seq=57156 li=-3 spid=3cc0c6fffefe02100001
303.682786425	2	3c:c0:c6:fe:02:11	gPTP Follow_Up	seq=57156 li=-3 spid=3cc0c6fffefe02100001
303.812100576	2	3c:c0:c6:fe:02:11	gPTP Sync	seq=57157 li=-3 spid=3cc0c6fffefe02100001
303.812833994	2	3c:c0:c6:fe:02:11	gPTP Follow_Up	seq=57157 li=-3 spid=3cc0c6fffefe02100001
303.882010700	2	3c:c0:c6:fe:02:11	gPTP Pdelay_Req	seq=1706 li=0 spid=3cc0c6fffefe02100001
303.882021708	3	02:00:00:00:00:01	gPTP Pdelay_Resp	seq=1706 li=127 spid=020000fffe0000010001
303.882029268	3	02:00:00:00:00:01	gPTP Pdelay_Resp_Follow_Up	seq=1706 li=127 spid=020000fffe0000010001
303.932027689	2	3c:c0:c6:fe:02:11	gPTP Sync	seq=57158 li=-3 spid=3cc0c6fffefe02100001
303.932747690	2	3c:c0:c6:fe:02:11	gPTP Follow_Up	seq=57158 li=-3 spid=3cc0c6fffefe02100001
303.941334159	2	3c:c0:c6:fe:02:11	ethertype 0x0027	
304.062052857	2	3c:c0:c6:fe:02:11	gPTP Sync	seq=57159 li=-3 spid=3cc0c6fffefe02100001
304.062785667	2	3c:c0:c6:fe:02:11	gPTP Follow_Up	seq=57159 li=-3 spid=3cc0c6fffefe02100001
304.132207405	2	3c:c0:c6:fe:02:11	gPTP Announce	seq=64142 li=0 spid=3cc0c6fffefe02100001 gm=3cc0c6fffefe0210 p1=246 sr=0
304.182081570	2	3c:c0:c6:fe:02:11	gPTP Sync	seq=57160 li=-3 spid=3cc0c6fffefe02100001
304.182811780	2	3c:c0:c6:fe:02:11	gPTP Follow_Up	seq=57160 li=-3 spid=3cc0c6fffefe02100001
304.312121747	2	3c:c0:c6:fe:02:11	gPTP Sync	seq=57161 li=-3 spid=3cc0c6fffefe02100001
304.312855132	2	3c:c0:c6:fe:02:11	gPTP Follow_Up	seq=57161 li=-3 spid=3cc0c6fffefe02100001
304.352028488	3	02:00:00:00:00:01	MSRP	
304.431985851	2	3c:c0:c6:fe:02:11	gPTP Sync	seq=57162 li=-3 spid=3cc0c6fffefe02100001
304.432720253	2	3c:c0:c6:fe:02:11	gPTP Follow_Up	seq=57162 li=-3 spid=3cc0c6fffefe02100001
304.552031756	3	02:00:00:00:00:01	gPTP Pdelay_Req	seq=1615 li=0 spid=020000fffe0000010001
304.552801958	2	3c:c0:c6:fe:02:11	gPTP Pdelay_Resp	seq=1615 li=127 spid=3cc0c6fffefe02100001
304.553790768	2	3c:c0:c6:fe:02:11	gPTP Pdelay_Resp_Follow_Up	seq=1615 li=127 spid=3cc0c6fffefe02100001
304.571231473	2	3c:c0:c6:fe:02:11	gPTP Sync	seq=57163 li=-3 spid=3cc0c6fffefe02100001
304.571808499	2	3c:c0:c6:fe:02:11	gPTP Follow_Up	seq=57163 li=-3 spid=3cc0c6fffefe02100001
304.601339120	2	3c:c0:c6:fe:02:11	MVRP	
304.682046933	2	3c:c0:c6:fe:02:11	gPTP Sync	seq=57164 li=-3 spid=3cc0c6fffefe02100001
304.682791926	2	3c:c0:c6:fe:02:11	gPTP Follow_Up	seq=57164 li=-3 spid=3cc0c6fffefe02100001
304.812117509	2	3c:c0:c6:fe:02:11	gPTP Sync	seq=57165 li=-3 spid=3cc0c6fffefe02100001
304.812851303	2	3c:c0:c6:fe:02:11	gPTP Follow_Up	seq=57165 li=-3 spid=3cc0c6fffefe02100001
304.882015824	2	3c:c0:c6:fe:02:11	gPTP Pdelay_Req	seq=1707 li=0 spid=3cc0c6fffefe02100001
304.882026832	3	02:00:00:00:00:01	gPTP Pdelay_Resp	seq=1707 li=127 spid=020000fffe0000010001
304.882034392	3	02:00:00:00:00:01	gPTP Pdelay_Resp_Follow_Up	seq=1707 li=127 spid=020000fffe0000010001
304.931982221	2	3c:c0:c6:fe:02:11	gPTP Sync	seq=57166 li=-3 spid=3cc0c6fffefe02100001
304.932697807	2	3c:c0:c6:fe:02:11	gPTP Follow_Up	seq=57166 li=-3 spid=3cc0c6fffefe02100001
305.062060797	2	3c:c0:c6:fe:02:11	gPTP Sync	seq=57167 li=-3 spid=3cc0c6fffefe02100001
305.062792991	2	3c:c0:c6:fe:02:11	gPTP Follow_Up	seq=57167 li=-3 spid=3cc0c6fffefe02100001
305.132220521	2	3c:c0:c6:fe:02:11	gPTP Announce	seq=64143 li=0 spid=3cc0c6fffefe02100001 gm=3cc0c6fffefe0210 p1=246 sr=0
305.157031435	3	02:00:00:00:00:01	ADP	eid=020000fffe000001 gm=3cc0c6fffefe0210
305.182077702	2	3c:c0:c6:fe:02:11	gPTP Sync	seq=57168 li=-3 spid=3cc0c6fffefe02100001
305.182807304	2	3c:c0:c6:fe:02:11	gPTP Follow_Up	seq=57168 li=-3 spid=3cc0c6fffefe02100001
305.312052662	2	3c:c0:c6:fe:02:11	gPTP Sync	seq=57169 li=-3 spid=3cc0c6fffefe02100001
305.312786648	2	3c:c0:c6:fe:02:11	gPTP Follow_Up	seq=57169 li=-3 spid=3cc0c6fffefe02100001
305.352030827	3	02:00:00:00:00:01	MSRP	
305.431996374	2	3c:c0:c6:fe:02:11	gPTP Sync	seq=57170 li=-3 spid=3cc0c6fffefe02100001
305.432730784	2	3c:c0:c6:fe:02:11	gPTP Follow_Up	seq=57170 li=-3 spid=3cc0c6fffefe02100001
305.552034087	3	02:00:00:00:00:01	gPTP Pdelay_Req	seq=1616 li=0 spid=020000fffe0000010001
305.552801673	2	3c:c0:c6:fe:02:11	gPTP Pdelay_Resp	seq=1616 li=127 spid=3cc0c6fffefe02100001
305.553786859	2	3c:c0:c6:fe:02:11	gPTP Pdelay_Resp_Follow_Up	seq=1616 li=127 spid=3cc0c6fffefe02100001
305.571238612	2	3c:c0:c6:fe:02:11	gPTP Sync	seq=57171 li=-3 spid=3cc0c6fffefe02100001
305.571816213	2	3c:c0:c6:fe:02:11	gPTP Follow_Up	seq=57171 li=-3 spid=3cc0c6fffefe02100001
305.601524051	2	3c:c0:c6:fe:02:11	MVRP	
305.634028967	3	02:00:00:00:00:01	MAAP	
305.682086639	2	3c:c0:c6:fe:02:11	gPTP Sync	seq=57172 li=-3 spid=3cc0c6fffefe02100001
305.682830649	2	3c:c0:c6:fe:02:11	gPTP Follow_Up	seq=57172 li=-3 spid=3cc0c6fffefe02100001
305.812116231	2	3c:c0:c6:fe:02:11	gPTP Sync	seq=57173 li=-3 spid=3cc0c6fffefe02100001
305.812850025	2	3c:c0:c6:fe:02:11	gPTP Follow_Up	seq=57173 li=-3 spid=3cc0c6fffefe02100001
305.882013554	2	3c:c0:c6:fe:02:11	gPTP Pdelay_Req	seq=1708 li=0 spid=3cc0c6fffefe02100001
305.882024538	3	02:00:00:00:00:01	gPTP Pdelay_Resp	seq=1708 li=127 spid=020000fffe0000010001
305.882032098	3	02:00:00:00:00:01	gPTP Pdelay_Resp_Follow_Up	seq=1708 li=127 spid=020000fffe0000010001
305.931989927	2	3c:c0:c6:fe:02:11	gPTP Sync	seq=57174 li=-3 spid=3cc0c6fffefe02100001
305.932707345	2	3c:c0:c6:fe:02:11	gPTP Follow_Up	seq=57174 li=-3 spid=3cc0c6fffefe02100001
305.941343405	2	3c:c0:c6:fe:02:11	ethertype 0x0027	
306.062096703	2	3c:c0:c6:fe:02:11	gPTP Sync	seq=57175 li=-3 spid=3cc0c6fffefe02100001
306.062830113	2	3c:c0:c6:fe:02:11	gPTP Follow_Up	seq=57175 li=-3 spid=3cc0c6fffefe02100001
306.132221835	2	3c:c0:c6:fe:02:11	gPTP Announce	seq=64144 li=0 spid=3cc0c6fffefe02100001 gm=3cc0c6fffefe0210 p1=246 sr=0
306.182070015	2	3c:c0:c6:fe:02:11	gPTP Sync	seq=57176 li=-3 spid=3cc0c6fffefe02100001
306.182803209	2	3c:c0:c6:fe:02:11	gPTP Follow_Up	seq=57176 li=-3 spid=3cc0c6fffefe02100001
306.312080175	2	3c:c0:c6:fe:02:11	gPTP Sync	seq=57177 li=-3 spid=3cc0c6fffefe02100001
306.312818393	2	3c:c0:c6:fe:02:11	gPTP Follow_Up	seq=57177 li=-3 spid=3cc0c6fffefe02100001
306.352033149	3	02:00:00:00:00:01	MSRP	
306.432001464	2	3c:c0:c6:fe:02:11	gPTP Sync	seq=57178 li=-3 spid=3cc0c6fffefe02100001
306.432739105	2	3c:c0:c6:fe:02:11	gPTP Follow_Up	seq=57178 li=-3 spid=3cc0c6fffefe02100001
306.552036424	3	02:00:00:00:00:01	gPTP Pdelay_Req	seq=1617 li=0 spid=020000fffe0000010001
306.552796770	2	3c:c0:c6:fe:02:11	gPTP Pdelay_Resp	seq=1617 li=127 spid=3cc0c6fffefe02100001
306.553781804	2	3c:c0:c6:fe:02:11	gPTP Pdelay_Resp_Follow_Up	seq=1617 li=127 spid=3cc0c6fffefe02100001
306.571249741	2	3c:c0:c6:fe:02:11	gPTP Sync	seq=57179 li=-3 spid=3cc0c6fffefe02100001
306.571828342	2	3c:c0:c6:fe:02:11	gPTP Follow_Up	seq=57179 li=-3 spid=3cc0c6fffefe02100001
306.601311571	2	3c:c0:c6:fe:02:11	MVRP	
306.682063568	2	3c:c0:c6:fe:02:11	gPTP Sync	seq=57180 li=-3 spid=3cc0c6fffefe02100001
306.682806970	2	3c:c0:c6:fe:02:11	gPTP Follow_Up	seq=57180 li=-3 spid=3cc0c6fffefe02100001
306.812124544	2	3c:c0:c6:fe:02:11	gPTP Sync	seq=57181 li=-3 spid=3cc0c6fffefe02100001
306.812857353	2	3c:c0:c6:fe:02:11	gPTP Follow_Up	seq=57181 li=-3 spid=3cc0c6fffefe02100001
306.882026067	2	3c:c0:c6:fe:02:11	gPTP Pdelay_Req	seq=1709 li=0 spid=3cc0c6fffefe02100001
306.882037067	3	02:00:00:00:00:01	gPTP Pdelay_Resp	seq=1709 li=127 spid=020000fffe0000010001
306.882044627	3	02:00:00:00:00:01	gPTP Pdelay_Resp_Follow_Up	seq=1709 li=127 spid=020000fffe0000010001
306.932000456	2	3c:c0:c6:fe:02:11	gPTP Sync	seq=57182 li=-3 spid=3cc0c6fffefe02100001
306.932717233	2	3c:c0:c6:fe:02:11	gPTP Follow_Up	seq=57182 li=-3 spid=3cc0c6fffefe02100001
307.062077432	2	3c:c0:c6:fe:02:11	gPTP Sync	seq=57183 li=-3 spid=3cc0c6fffefe02100001
307.062811841	2	3c:c0:c6:fe:02:11	gPTP Follow_Up	seq=57183 li=-3 spid=3cc0c6fffefe02100001
307.132230732	2	3c:c0:c6:fe:02:11	gPTP Announce	seq=64145 li=0 spid=3cc0c6fffefe02100001 gm=3cc0c6fffefe0210 p1=246 sr=0
307.182101120	2	3c:c0:c6:fe:02:11	gPTP Sync	seq=57184 li=-3 spid=3cc0c6fffefe02100001
307.182833546	2	3c:c0:c6:fe:02:11	gPTP Follow_Up	seq=57184 li=-3 spid=3cc0c6fffefe02100001
307.312069296	2	3c:c0:c6:fe:02:11	gPTP Sync	seq=57185 li=-3 spid=3cc0c6fffefe02100001
307.312806521	2	3c:c0:c6:fe:02:11	gPTP Follow_Up	seq=57185 li=-3 spid=3cc0c6fffefe02100001
307.352035469	3	02:00:00:00:00:01	MSRP	
307.432008600	2	3c:c0:c6:fe:02:11	gPTP Sync	seq=57186 li=-3 spid=3cc0c6fffefe02100001
307.432744194	2	3c:c0:c6:fe:02:11	gPTP Follow_Up	seq=57186 li=-3 spid=3cc0c6fffefe02100001
307.552038728	3	02:00:00:00:00:01	gPTP Pdelay_Req	seq=1618 li=0 spid=020000fffe0000010001
307.552815106	2	3c:c0:c6:fe:02:11	gPTP Pdelay_Resp	seq=1618 li=127 spid=3cc0c6fffefe02100001
307.553802316	2	3c:c0:c6:fe:02:11	gPTP Pdelay_Resp_Follow_Up	seq=1618 li=127 spid=3cc0c6fffefe02100001
307.571256429	2	3c:c0:c6:fe:02:11	gPTP Sync	seq=57187 li=-3 spid=3cc0c6fffefe02100001
307.571837239	2	3c:c0:c6:fe:02:11	gPTP Follow_Up	seq=57187 li=-3 spid=3cc0c6fffefe02100001
307.601527284	2	3c:c0:c6:fe:02:11	MVRP	
307.682106480	2	3c:c0:c6:fe:02:11	gPTP Sync	seq=57188 li=-3 spid=3cc0c6fffefe02100001
307.682853306	2	3c:c0:c6:fe:02:11	gPTP Follow_Up	seq=57188 li=-3 spid=3cc0c6fffefe02100001
307.812135464	2	3c:c0:c6:fe:02:11	gPTP Sync	seq=57189 li=-3 spid=3cc0c6fffefe02100001
307.812866250	2	3c:c0:c6:fe:02:11	gPTP Follow_Up	seq=57189 li=-3 spid=3cc0c6fffefe02100001
307.858986822	2	3c:c0:c6:01:02:03	ADP	eid=3cc0c60102030000 gm=3cc0c6fffefe0210
307.882028596	2	3c:c0:c6:fe:02:11	gPTP Pdelay_Req	seq=1710 li=0 spid=3cc0c6fffefe02100001
307.882039588	3	02:00:00:00:00:01	gPTP Pdelay_Resp	seq=1710 li=127 spid=020000fffe0000010001
307.882047148	3	02:00:00:00:00:01	gPTP Pdelay_Resp_Follow_Up	seq=1710 li=127 spid=020000fffe0000010001
307.932006569	2	3c:c0:c6:fe:02:11	gPTP Sync	seq=57190 li=-3 spid=3cc0c6fffefe02100001
307.932722386	2	3c:c0:c6:fe:02:11	gPTP Follow_Up	seq=57190 li=-3 spid=3cc0c6fffefe02100001
307.941357231	2	3c:c0:c6:fe:02:11	ethertype 0x0027	
308.062114945	2	3c:c0:c6:fe:02:11	gPTP Sync	seq=57191 li=-3 spid=3cc0c6fffefe02100001
308.062847747	2	3c:c0:c6:fe:02:11	gPTP Follow_Up	seq=57191 li=-3 spid=3cc0c6fffefe02100001
308.132248077	2	3c:c0:c6:fe:02:11	gPTP Announce	seq=64146 li=0 spid=3cc0c6fffefe02100001 gm=3cc0c6fffefe0210 p1=246 sr=0
308.182089250	2	3c:c0:c6:fe:02:11	gPTP Sync	seq=57192 li=-3 spid=3cc0c6fffefe02100001
308.182818860	2	3c:c0:c6:fe:02:11	gPTP Follow_Up	seq=57192 li=-3 spid=3cc0c6fffefe02100001
308.312072818	2	3c:c0:c6:fe:02:11	gPTP Sync	seq=57193 li=-3 spid=3cc0c6fffefe02100001
308.312807836	2	3c:c0:c6:fe:02:11	gPTP Follow_Up	seq=57193 li=-3 spid=3cc0c6fffefe02100001
308.352037776	3	02:00:00:00:00:01	MSRP	
308.432022331	2	3c:c0:c6:fe:02:11	gPTP Sync	seq=57194 li=-3 spid=3cc0c6fffefe02100001
308.432756133	2	3c:c0:c6:fe:02:11	gPTP Follow_Up	seq=57194 li=-3 spid=3cc0c6fffefe02100001
308.552041052	3	02:00:00:00:00:01	gPTP Pdelay_Req	seq=1619 li=0 spid=020000fffe0000010001
308.552828230	2	3c:c0:c6:fe:02:11	gPTP Pdelay_Resp	seq=1619 li=127 spid=3cc0c6fffefe02100001
308.553818640	2	3c:c0:c6:fe:02:11	gPTP Pdelay_Resp_Follow_Up	seq=1619 li=127 spid=3cc0c6fffefe02100001
308.571261969	2	3c:c0:c6:fe:02:11	gPTP Sync	seq=57195 li=-3 spid=3cc0c6fffefe02100001
308.571841786	2	3c:c0:c6:fe:02:11	gPTP Follow_Up	seq=57195 li=-3 spid=3cc0c6fffefe02100001
308.601368183	2	3c:c0:c6:fe:02:11	MVRP	
308.682101012	2	3c:c0:c6:fe:02:11	gPTP Sync	seq=57196 li=-3 spid=3cc0c6fffefe02100001
308.682850422	2	3c:c0:c6:fe:02:11	gPTP Follow_Up	seq=57196 li=-3 spid=3cc0c6fffefe02100001
308.812133189	2	3c:c0:c6:fe:02:11	gPTP Sync	seq=57197 li=-3 spid=3cc0c6fffefe02100001
308.812866982	2	3c:c0:c6:fe:02:11	gPTP Follow_Up	seq=57197 li=-3 spid=3cc0c6fffefe02100001
308.882029520	2	3c:c0:c6:fe:02:11	gPTP Pdelay_Req	seq=1711 li=0 spid=3cc0c6fffefe02100001
308.882040520	3	02:00:00:00:00:01	gPTP Pdelay_Resp	seq=1711 li=127 spid=020000fffe0000010001
308.882048080	3	02:00:00:00:00:01	gPTP Pdelay_Resp_Follow_Up	seq=1711 li=127 spid=020000fffe0000010001
308.932011085	2	3c:c0:c6:fe:02:11	gPTP Sync	seq=57198 li=-3 spid=3cc0c6fffefe02100001
308.932727887	2	3c:c0:c6:fe:02:11	gPTP Follow_Up	seq=57198 li=-3 spid=3cc0c6fffefe02100001
309.062125469	2	3c:c0:c6:fe:02:11	gPTP Sync	seq=57199 li=-3 spid=3cc0c6fffefe02100001
309.062857663	2	3c:c0:c6:fe:02:11	gPTP Follow_Up	seq=57199 li=-3 spid=3cc0c6fffefe02100001
309.132241993	2	3c:c0:c6:fe:02:11	gPTP Announce	seq=64147 li=0 spid=3cc0c6fffefe02100001 gm=3cc0c6fffefe0210 p1=246 sr=0
309.182096958	2	3c:c0:c6:fe:02:11	gPTP Sync	seq=57200 li=-3 spid=3cc0c6fffefe02100001
309.182828775	2	3c:c0:c6:fe:02:11	gPTP Follow_Up	seq=57200 li=-3 spid=3cc0c6fffefe02100001
309.312098742	2	3c:c0:c6:fe:02:11	gPTP Sync	seq=57201 li=-3 spid=3cc0c6fffefe02100001
309.312836951	2	3c:c0:c6:fe:02:11	gPTP Follow_Up	seq=57201 li=-3 spid=3cc0c6fffefe02100001
309.352040107	3	02:00:00:00:00:01	MSRP	
309.432026422	2	3c:c0:c6:fe:02:11	gPTP Sync	seq=57202 li=-3 spid=3cc0c6fffefe02100001
309.432759648	2	3c:c0:c6:fe:02:11	gPTP Follow_Up	seq=57202 li=-3 spid=3cc0c6fffefe02100001
309.552043375	3	02:00:00:00:00:01	gPTP Pdelay_Req	seq=1620 li=0 spid=020000fffe0000010001
309.552866945	2	3c:c0:c6:fe:02:11	gPTP Pdelay_Resp	seq=1620 li=127 spid=3cc0c6fffefe02100001
309.553852171	2	3c:c0:c6:fe:02:11	gPTP Pdelay_Resp_Follow_Up	seq=1620 li=127 spid=3cc0c6fffefe02100001
309.571271500	2	3c:c0:c6:fe:02:11	gPTP Sync	seq=57203 li=-3 spid=3cc0c6fffefe02100001
309.571847893	2	3c:c0:c6:fe:02:11	gPTP Follow_Up	seq=57203 li=-3 spid=3cc0c6fffefe02100001
309.601568915	2	3c:c0:c6:fe:02:11	MVRP	
309.682087535	2	3c:c0:c6:fe:02:11	gPTP Sync	seq=57204 li=-3 spid=3cc0c6fffefe02100001
309.682831545	2	3c:c0:c6:fe:02:11	gPTP Follow_Up	seq=57204 li=-3 spid=3cc0c6fffefe02100001
309.812145695	2	3c:c0:c6:fe:02:11	gPTP Sync	seq=57205 li=-3 spid=3cc0c6fffefe02100001
309.812879721	2	3c:c0:c6:fe:02:11	gPTP Follow_Up	seq=57205 li=-3 spid=3cc0c6fffefe02100001
309.882055443	2	3c:c0:c6:fe:02:11	gPTP Pdelay_Req	seq=1712 li=0 spid=3cc0c6fffefe02100001
309.882066443	3	02:00:00:00:00:01	gPTP Pdelay_Resp	seq=1712 li=127 spid=020000fffe0000010001
309.882074003	3	02:00:00:00:00:01	gPTP Pdelay_Resp_Follow_Up	seq=1712 li=127 spid=020000fffe0000010001
309.932023208	2	3c:c0:c6:fe:02:11	gPTP Sync	seq=57206 li=-3 spid=3cc0c6fffefe02100001
309.932740618	2	3c:c0:c6:fe:02:11	gPTP Follow_Up	seq=57206 li=-3 spid=3cc0c6fffefe02100001
309.941370670	2	3c:c0:c6:fe:02:11	ethertype 0x0027	
310.062150393	2	3c:c0:c6:fe:02:11	gPTP Sync	seq=57207 li=-3 spid=3cc0c6fffefe02100001
310.062883586	2	3c:c0:c6:fe:02:11	gPTP Follow_Up	seq=57207 li=-3 spid=3cc0c6fffefe02100001
310.132254125	2	3c:c0:c6:fe:02:11	gPTP Announce	seq=64148 li=0 spid=3cc0c6fffefe02100001 gm=3cc0c6fffefe0210 p1=246 sr=0
310.180039509	3	02:00:00:00:00:01	MAAP	
310.182123490	2	3c:c0:c6:fe:02:11	gPTP Sync	seq=57208 li=-3 spid=3cc0c6fffefe02100001
310.182856291	2	3c:c0:c6:fe:02:11	gPTP Follow_Up	seq=57208 li=-3 spid=3cc0c6fffefe02100001
310.312091666	2	3c:c0:c6:fe:02:11	gPTP Sync	seq=57209 li=-3 spid=3cc0c6fffefe02100001
310.312827668	2	3c:c0:c6:fe:02:11	gPTP Follow_Up	seq=57209 li=-3 spid=3cc0c6fffefe02100001
310.352042431	3	02:00:00:00:00:01	MSRP	
310.432030971	2	3c:c0:c6:fe:02:11	gPTP Sync	seq=57210 li=-3 spid=3cc0c6fffefe02100001
310.432765373	2	3c:c0:c6:fe:02:11	gPTP Follow_Up	seq=57210 li=-3 spid=3cc0c6fffefe02100001
310.552045700	3	02:00:00:00:00:01	gPTP Pdelay_Req	seq=1621 li=0 spid=020000fffe0000010001
310.552849670	2	3c:c0:c6:fe:02:11	gPTP Pdelay_Resp	seq=1621 li=127 spid=3cc0c6fffefe02100001
310.553840688	2	3c:c0:c6:fe:02:11	gPTP Pdelay_Resp_Follow_Up	seq=1621 li=127 spid=3cc0c6fffefe02100001
310.571287217	2	3c:c0:c6:fe:02:11	gPTP Sync	seq=57211 li=-3 spid=3cc0c6fffefe02100001
310.571881810	2	3c:c0:c6:fe:02:11	gPTP Follow_Up	seq=57211 li=-3 spid=3cc0c6fffefe02100001
310.601385839	2	3c:c0:c6:fe:02:11	MVRP	
310.682093044	2	3c:c0:c6:fe:02:11	gPTP Sync	seq=57212 li=-3 spid=3cc0c6fffefe02100001
310.682842454	2	3c:c0:c6:fe:02:11	gPTP Follow_Up	seq=57212 li=-3 spid=3cc0c6fffefe02100001
310.788329845	2	68:05:ca:95:b2:ed	ethertype 0x0800	
310.791820269	2	68:05:ca:95:b2:ed	ethertype 0x86dd	
310.812188837	2	3c:c0:c6:fe:02:11	gPTP Sync	seq=57213 li=-3 spid=3cc0c6fffefe02100001
310.812921639	2	3c:c0:c6:fe:02:11	gPTP Follow_Up	seq=57213 li=-3 spid=3cc0c6fffefe02100001
310.882048144	2	3c:c0:c6:fe:02:11	gPTP Pdelay_Req	seq=1713 li=0 spid=3cc0c6fffefe02100001
310.882059136	3	02:00:00:00:00:01	gPTP Pdelay_Resp	seq=1713 li=127 spid=020000fffe0000010001
310.882066696	3	02:00:00:00:00:01	gPTP Pdelay_Resp_Follow_Up	seq=1713 li=127 spid=020000fffe0000010001
310.932027725	2	3c:c0:c6:fe:02:11	gPTP Sync	seq=57214 li=-3 spid=3cc0c6fffefe02100001
310.932744527	2	3c:c0:c6:fe:02:11	gPTP Follow_Up	seq=57214 li=-3 spid=3cc0c6fffefe02100001
311.062110717	2	3c:c0:c6:fe:02:11	gPTP Sync	seq=57215 li=-3 spid=3cc0c6fffefe02100001
311.062842303	2	3c:c0:c6:fe:02:11	gPTP Follow_Up	seq=57215 li=-3 spid=3cc0c6fffefe02100001
311.132286441	2	3c:c0:c6:fe:02:11	gPTP Announce	seq=64149 li=0 spid=3cc0c6fffefe02100001 gm=3cc0c6fffefe0210 p1=246 sr=0
311.182111006	2	3c:c0:c6:fe:02:11	gPTP Sync	seq=57216 li=-3 spid=3cc0c6fffefe02100001
311.182842216	2	3c:c0:c6:fe:02:11	gPTP Follow_Up	seq=57216 li=-3 spid=3cc0c6fffefe02100001
311.241446657	2	3c:c0:c6:fe:02:11	MVRP	
311.274531094	2	68:05:ca:95:b2:ed	ethertype 0x86dd	
311.280793541	2	68:05:ca:95:b2:ed	ethertype 0x86dd	
311.312133366	2	3c:c0:c6:fe:02:11	gPTP Sync	seq=57217 li=-3 spid=3cc0c6fffefe02100001
311.312867768	2	3c:c0:c6:fe:02:11	gPTP Follow_Up	seq=57217 li=-3 spid=3cc0c6fffefe02100001
311.352044771	3	02:00:00:00:00:01	MSRP	
311.432042294	2	3c:c0:c6:fe:02:11	gPTP Sync	seq=57218 li=-3 spid=3cc0c6fffefe02100001
311.432779872	2	3c:c0:c6:fe:02:11	gPTP Follow_Up	seq=57218 li=-3 spid=3cc0c6fffefe02100001
311.552048039	3	02:00:00:00:00:01	gPTP Pdelay_Req	seq=1622 li=0 spid=020000fffe0000010001
311.552817185	2	3c:c0:c6:fe:02:11	gPTP Pdelay_Resp	seq=1622 li=127 spid=3cc0c6fffefe02100001
311.553806603	2	3c:c0:c6:fe:02:11	gPTP Pdelay_Resp_Follow_Up	seq=1622 li=127 spid=3cc0c6fffefe02100001
311.571286124	2	3c:c0:c6:fe:02:11	gPTP Sync	seq=57219 li=-3 spid=3cc0c6fffefe02100001
311.571866549	2	3c:c0:c6:fe:02:11	gPTP Follow_Up	seq=57219 li=-3 spid=3cc0c6fffefe02100001
311.601583763	2	3c:c0:c6:fe:02:11	MVRP	
311.682122543	2	3c:c0:c6:fe:02:11	gPTP Sync	seq=57220 li=-3 spid=3cc0c6fffefe02100001
311.682867577	2	3c:c0:c6:fe:02:11	gPTP Follow_Up	seq=57220 li=-3 spid=3cc0c6fffefe02100001
311.753257094	2	3c:c0:c6:fe:02:11	MSRP	
311.812192736	2	3c:c0:c6:fe:02:11	gPTP Sync	seq=57221 li=-3 spid=3cc0c6fffefe02100001
311.812928329	2	3c:c0:c6:fe:02:11	gPTP Follow_Up	seq=57221 li=-3 spid=3cc0c6fffefe02100001
311.882054867	2	3c:c0:c6:fe:02:11	gPTP Pdelay_Req	seq=1714 li=0 spid=3cc0c6fffefe02100001
311.882065851	3	02:00:00:00:00:01	gPTP Pdelay_Resp	seq=1714 li=127 spid=020000fffe0000010001
311.882073411	3	02:00:00:00:00:01	gPTP Pdelay_Resp_Follow_Up	seq=1714 li=127 spid=020000fffe0000010001
311.932034024	2	3c:c0:c6:fe:02:11	gPTP Sync	seq=57222 li=-3 spid=3cc0c6fffefe02100001
311.932754442	2	3c:c0:c6:fe:02:11	gPTP Follow_Up	seq=57222 li=-3 spid=3cc0c6fffefe02100001
311.941391118	2	3c:c0:c6:fe:02:11	ethertype 0x0027	
311.952047223	3	02:00:00:00:00:01	MSRP	
312.062112601	2	3c:c0:c6:fe:02:11	gPTP Sync	seq=57223 li=-3 spid=3cc0c6fffefe02100001
312.062846435	2	3c:c0:c6:fe:02:11	gPTP Follow_Up	seq=57223 li=-3 spid=3cc0c6fffefe02100001
312.132288749	2	3c:c0:c6:fe:02:11	gPTP Announce	seq=64150 li=0 spid=3cc0c6fffefe02100001 gm=3cc0c6fffefe0210 p1=246 sr=0
312.182114530	2	3c:c0:c6:fe:02:11	gPTP Sync	seq=57224 li=-3 spid=3cc0c6fffefe02100001
312.182846724	2	3c:c0:c6:fe:02:11	gPTP Follow_Up	seq=57224 li=-3 spid=3cc0c6fffefe02100001
312.296870783	2	68:05:ca:95:b2:ed	ethertype 0x86dd	
312.312153298	2	3c:c0:c6:fe:02:11	gPTP Sync	seq=57225 li=-3 spid=3cc0c6fffefe02100001
312.312878716	2	3c:c0:c6:fe:02:11	gPTP Follow_Up	seq=57225 li=-3 spid=3cc0c6fffefe02100001
312.352047096	3	02:00:00:00:00:01	MSRP	
312.432047419	2	3c:c0:c6:fe:02:11	gPTP Sync	seq=57226 li=-3 spid=3cc0c6fffefe02100001
312.432781821	2	3c:c0:c6:fe:02:11	gPTP Follow_Up	seq=57226 li=-3 spid=3cc0c6fffefe02100001
312.508168789	2	68:05:ca:95:b2:ed	ethertype 0x86dd	
312.552050372	3	02:00:00:00:00:01	gPTP Pdelay_Req	seq=1623 li=0 spid=020000fffe0000010001
312.552812326	2	3c:c0:c6:fe:02:11	gPTP Pdelay_Resp	seq=1623 li=127 spid=3cc0c6fffefe02100001
312.553799920	2	3c:c0:c6:fe:02:11	gPTP Pdelay_Resp_Follow_Up	seq=1623 li=127 spid=3cc0c6fffefe02100001
312.571297265	2	3c:c0:c6:fe:02:11	gPTP Sync	seq=57227 li=-3 spid=3cc0c6fffefe02100001
312.571873651	2	3c:c0:c6:fe:02:11	gPTP Follow_Up	seq=57227 li=-3 spid=3cc0c6fffefe02100001
312.601439088	2	3c:c0:c6:fe:02:11	MVRP	
312.682105685	2	3c:c0:c6:fe:02:11	gPTP Sync	seq=57228 li=-3 spid=3cc0c6fffefe02100001
312.682854486	2	3c:c0:c6:fe:02:11	gPTP Follow_Up	seq=57228 li=-3 spid=3cc0c6fffefe02100001
312.788270093	2	68:05:ca:95:b2:ed	ethertype 0x0800	
312.812162277	2	3c:c0:c6:fe:02:11	gPTP Sync	seq=57229 li=-3 spid=3cc0c6fffefe02100001
312.812897063	2	3c:c0:c6:fe:02:11	gPTP Follow_Up	seq=57229 li=-3 spid=3cc0c6fffefe02100001
312.872817323	2	68:05:ca:95:b2:ed	ethertype 0x86dd	
312.882081584	2	3c:c0:c6:fe:02:11	gPTP Pdelay_Req	seq=1715 li=0 spid=3cc0c6fffefe02100001
312.882092585	3	02:00:00:00:00:01	gPTP Pdelay_Resp	seq=1715 li=127 spid=020000fffe0000010001
312.882100145	3	02:00:00:00:00:01	gPTP Pdelay_Resp_Follow_Up	seq=1715 li=127 spid=020000fffe0000010001
312.932041965	2	3c:c0:c6:fe:02:11	gPTP Sync	seq=57230 li=-3 spid=3cc0c6fffefe02100001
312.932759375	2	3c:c0:c6:fe:02:11	gPTP Follow_Up	seq=57230 li=-3 spid=3cc0c6fffefe02100001
312.990049653	3	02:00:00:00:00:01	ADP	eid=020000fffe000001 gm=3cc0c6fffefe0210
313.062125342	2	3c:c0:c6:fe:02:11	gPTP Sync	seq=57231 li=-3 spid=3cc0c6fffefe02100001
313.062854943	2	3c:c0:c6:fe:02:11	gPTP Follow_Up	seq=57231 li=-3 spid=3cc0c6fffefe02100001
313.132299466	2	3c:c0:c6:fe:02:11	gPTP Announce	seq=64151 li=0 spid=3cc0c6fffefe02100001 gm=3cc0c6fffefe0210 p1=246 sr=0
313.182144454	2	3c:c0:c6:fe:02:11	gPTP Sync	seq=57232 li=-3 spid=3cc0c6fffefe02100001
313.182872456	2	3c:c0:c6:fe:02:11	gPTP Follow_Up	seq=57232 li=-3 spid=3cc0c6fffefe02100001
313.312114838	2	3c:c0:c6:fe:02:11	gPTP Sync	seq=57233 li=-3 spid=3cc0c6fffefe02100001
313.312851832	2	3c:c0:c6:fe:02:11	gPTP Follow_Up	seq=57233 li=-3 spid=3cc0c6fffefe02100001
313.352049443	3	02:00:00:00:00:01	MSRP	
313.432053527	2	3c:c0:c6:fe:02:11	gPTP Sync	seq=57234 li=-3 spid=3cc0c6fffefe02100001
313.432788928	2	3c:c0:c6:fe:02:11	gPTP Follow_Up	seq=57234 li=-3 spid=3cc0c6fffefe02100001
313.552052703	3	02:00:00:00:00:01	gPTP Pdelay_Req	seq=1624 li=0 spid=020000fffe0000010001
313.552823241	2	3c:c0:c6:fe:02:11	gPTP Pdelay_Resp	seq=1624 li=127 spid=3cc0c6fffefe02100001
313.553812043	2	3c:c0:c6:fe:02:11	gPTP Pdelay_Resp_Follow_Up	seq=1624 li=127 spid=3cc0c6fffefe02100001
313.571301172	2	3c:c0:c6:fe:02:11	gPTP Sync	seq=57235 li=-3 spid=3cc0c6fffefe02100001
313.571878390	2	3c:c0:c6:fe:02:11	gPTP Follow_Up	seq=57235 li=-3 spid=3cc0c6fffefe02100001
313.601594579	2	3c:c0:c6:fe:02:11	MVRP	
313.682124215	2	3c:c0:c6:fe:02:11	gPTP Sync	seq=57236 li=-3 spid=3cc0c6fffefe02100001
313.682869209	2	3c:c0:c6:fe:02:11	gPTP Follow_Up	seq=57236 li=-3 spid=3cc0c6fffefe02100001
313.812180391	2	3c:c0:c6:fe:02:11	gPTP Sync	seq=57237 li=-3 spid=3cc0c6fffefe02100001
313.812912585	2	3c:c0:c6:fe:02:11	gPTP Follow_Up	seq=57237 li=-3 spid=3cc0c6fffefe02100001
313.882072915	2	3c:c0:c6:fe:02:11	gPTP Pdelay_Req	seq=1716 li=0 spid=3cc0c6fffefe02100001
313.882083899	3	02:00:00:00:00:01	gPTP Pdelay_Resp	seq=1716 li=127 spid=020000fffe0000010001
313.882091459	3	02:00:00:00:00:01	gPTP Pdelay_Resp_Follow_Up	seq=1716 li=127 spid=020000fffe0000010001
313.932047696	2	3c:c0:c6:fe:02:11	gPTP Sync	seq=57238 li=-3 spid=3cc0c6fffefe02100001
313.932762897	2	3c:c0:c6:fe:02:11	gPTP Follow_Up	seq=57238 li=-3 spid=3cc0c6fffefe02100001
313.941401557	2	3c:c0:c6:fe:02:11	ethertype 0x0027	
313.968048364	3	02:00:00:00:00:01	MAAP	
314.062154464	2	3c:c0:c6:fe:02:11	gPTP Sync	seq=57239 li=-3 spid=3cc0c6fffefe02100001
314.062888873	2	3c:c0:c6:fe:02:11	gPTP Follow_Up	seq=57239 li=-3 spid=3cc0c6fffefe02100001
314.132329780	2	3c:c0:c6:fe:02:11	gPTP Announce	seq=64152 li=0 spid=3cc0c6fffefe02100001 gm=3cc0c6fffefe0210 p1=246 sr=0
314.166731252	2	3c:c0:c6:01:02:03	ADP	eid=3cc0c60102030000 gm=3cc0c6fffefe0210
314.182157576	2	3c:c0:c6:fe:02:11	gPTP Sync	seq=57240 li=-3 spid=3cc0c6fffefe02100001
314.182890378	2	3c:c0:c6:fe:02:11	gPTP Follow_Up	seq=57240 li=-3 spid=3cc0c6fffefe02100001
314.312186552	2	3c:c0:c6:fe:02:11	gPTP Sync	seq=57241 li=-3 spid=3cc0c6fffefe02100001
314.312921538	2	3c:c0:c6:fe:02:11	gPTP Follow_Up	seq=57241 li=-3 spid=3cc0c6fffefe02100001
314.352051773	3	02:00:00:00:00:01	MSRP	
314.432064448	2	3c:c0:c6:fe:02:11	gPTP Sync	seq=57242 li=-3 spid=3cc0c6fffefe02100001
314.432797866	2	3c:c0:c6:fe:02:11	gPTP Follow_Up	seq=57242 li=-3 spid=3cc0c6fffefe02100001
314.552055049	3	02:00:00:00:00:01	gPTP Pdelay_Req	seq=1625 li=0 spid=020000fffe0000010001
314.552821962	2	3c:c0:c6:fe:02:11	gPTP Pdelay_Resp	seq=1625 li=127 spid=3cc0c6fffefe02100001
314.553813365	2	3c:c0:c6:fe:02:11	gPTP Pdelay_Resp_Follow_Up	seq=1625 li=127 spid=3cc0c6fffefe02100001
314.571306294	2	3c:c0:c6:fe:02:11	gPTP Sync	seq=57243 li=-3 spid=3cc0c6fffefe02100001
314.571881311	2	3c:c0:c6:fe:02:11	gPTP Follow_Up	seq=57243 li=-3 spid=3cc0c6fffefe02100001
314.601413532	2	3c:c0:c6:fe:02:11	MVRP	
314.682175737	2	3c:c0:c6:fe:02:11	gPTP Sync	seq=57244 li=-3 spid=3cc0c6fffefe02100001
314.682924546	2	3c:c0:c6:fe:02:11	gPTP Follow_Up	seq=57244 li=-3 spid=3cc0c6fffefe02100001
314.812186121	2	3c:c0:c6:fe:02:11	gPTP Sync	seq=57245 li=-3 spid=3cc0c6fffefe02100001
314.812917715	2	3c:c0:c6:fe:02:11	gPTP Follow_Up	seq=57245 li=-3 spid=3cc0c6fffefe02100001
314.882085052	2	3c:c0:c6:fe:02:11	gPTP Pdelay_Req	seq=1717 li=0 spid=3cc0c6fffefe02100001
314.882096044	3	02:00:00:00:00:01	gPTP Pdelay_Resp	seq=1717 li=127 spid=020000fffe0000010001
314.882103604	3	02:00:00:00:00:01	gPTP Pdelay_Resp_Follow_Up	seq=1717 li=127 spid=020000fffe0000010001
314.932056017	2	3c:c0:c6:fe:02:11	gPTP Sync	seq=57246 li=-3 spid=3cc0c6fffefe02100001
314.932773811	2	3c:c0:c6:fe:02:11	gPTP Follow_Up	seq=57246 li=-3 spid=3cc0c6fffefe02100001
