-2 route control False (0, 0)
-1 ooc control False (0, 0)
0 ooc baseline: type True (2, 2)
1 ooc baseline_hierarchy.rpt: junk lines False (2,)
2 route baseline: size: long text False (2, 0)
3 route baseline: overflow True (2, 2)
4 route baseline: type True (2, 2)
5 route baseline: duplicate True (2, 2)
6 route baseline_timing.rpt: missing True (2,)
7 route baseline_timing.rpt: missing True (2,)
8 ooc baseline_utilization.rpt: missing True (2,)
9 ooc clock.xdc: duplicate line False (2,)
10 ooc baseline_timing.rpt: garble True (2,)
11 ooc baseline: bracket name True (2, 2)
12 route baseline: duplicate True (2, 2)
13 route baseline: unicode False (0, 0)
14 ooc baseline: bytes True (2, 2)
15 route baseline_timing.rpt: empty True (2,)
16 ooc baseline_images.json: empty True (2,)
17 ooc baseline_cells.tsv: bytes True (2,)
18 ooc baseline_utilization.rpt: garble True (2,)
19 ooc baseline_hierarchy.rpt: missing True (2,)
20 route alinx_ax7101_route_status.rpt: row removed True (2,)
21 route baseline: duplicate True (2, 2)
22 ooc baseline_utilization.rpt: bytes True (2,)
23 ooc baseline_utilization.rpt: unicode False (0,)
24 route baseline_images.json: truncate False (2,)
25 ooc baseline_cells.tsv: bytes True (2,)
26 route baseline_hierarchy.rpt: delete line False (0,)
27 route baseline: bad name True (2, 2)
28 ooc baseline_images.json: unicode False (2,)
29 route baseline: value False (0, 0)
30 ooc baseline_hierarchy.rpt: unicode False (0,)
31 ooc baseline: unicode False (0, 0)
32 ooc baseline: size: many scopes False (0, 0)
33 route alinx_ax7101_route_status.rpt: empty True (2,)
34 ooc baseline_utilization.rpt: garble True (2,)
35 route baseline: truncate True (2, 2)
36 ooc baseline_hierarchy.rpt: unicode False (0,)
37 route alinx_ax7101_route_status.rpt: empty True (2,)
38 route baseline_cells.tsv: census header True (2,)
39 route baseline_cells.tsv: unicode False (0,)
40 ooc baseline: add True (2, 2)
41 ooc baseline: bytes True (2, 2)
42 ooc baseline: truncate True (2, 2)
43 route baseline: duplicate True (2, 2)
44 route alinx_ax7101_route_status.rpt: missing True (2,)
45 route alinx_ax7101_route_status.rpt: bytes True (2,)
46 route baseline: bad name True (2, 2)
47 ooc baseline: digit True (2, 2)
48 route baseline_images.json: missing True (2,)
49 route baseline_hierarchy.rpt: swap lines False (2,)
50 route baseline_utilization.rpt: digit True (2,)
51 route baseline: remove True (2, 2)
52 route baseline_hierarchy.rpt: empty True (2,)
53 route baseline_timing.rpt: bytes True (2,)
54 route baseline_images.json: entry key True (2,)
55 ooc clock.xdc: missing False (2,)
56 route baseline_utilization.rpt: header removed True (2,)
57 route baseline_utilization.rpt: empty True (2,)
58 route baseline_utilization.rpt: garble True (2,)
59 ooc baseline_cells.tsv: unicode False (0,)
60 ooc baseline_hierarchy.rpt: missing True (2,)
61 ooc baseline: overflow True (2, 2)
62 route baseline_cells.tsv: unicode False (0,)
63 ooc clock.xdc: truncate False (2,)
64 route baseline_images.json: empty True (2,)
65 ooc baseline_utilization.rpt: header removed True (2,)
66 ooc baseline_utilization.rpt: garble True (2,)
67 route baseline: bad name True (2, 2)
68 ooc baseline_cells.tsv: unicode False (0,)
69 route alinx_ax7101_route_status.rpt: row twice True (2,)
70 ooc baseline_timing.rpt: digit True (2,)
71 route baseline_utilization.rpt: truncate False (2,)
72 ooc baseline: digit True (2, 2)
73 route baseline_hierarchy.rpt: digit True (2,)
74 route baseline_utilization.rpt: missing True (2,)
75 route baseline_utilization.rpt: header twice True (2,)
76 route baseline: value False (0, 0)
77 route baseline_hierarchy.rpt: huge True (2,)
78 ooc baseline: overflow True (2, 2)
79 ooc baseline: add True (2, 2)
80 ooc baseline_hierarchy.rpt: empty True (2,)
81 route baseline: value False (0, 0)
82 ooc baseline_timing.rpt: number False (0,)
83 ooc baseline_timing.rpt: number False (0,)
84 ooc baseline_images.json: empty True (2,)
85 route baseline_hierarchy.rpt: empty True (2,)
86 ooc baseline_images.json: empty True (2,)
87 ooc baseline_utilization.rpt: garble True (2,)
88 ooc baseline: bytes True (2, 2)
89 route baseline_utilization.rpt: missing True (2,)
90 ooc baseline: remove True (2, 2)
91 ooc baseline: add True (2, 2)
92 ooc baseline: overflow True (2, 2)
93 ooc baseline: remove True (2, 2)
94 route baseline: bytes True (2, 2)
95 ooc baseline_hierarchy.rpt: empty True (2,)
96 route baseline_hierarchy.rpt: duplicate line False (2,)
97 route baseline_timing.rpt: huge True (2,)
98 route baseline_cells.tsv: unicode False (0,)
99 route baseline: overflow True (2, 2)
100 route baseline: size: many scopes False (0, 0)
101 route baseline_cells.tsv: bytes True (2,)
102 route alinx_ax7101_route_status.rpt: unicode False (0,)
103 route baseline: remove True (2, 2)
104 route baseline_cells.tsv: bytes True (2,)
105 route baseline_timing.rpt: summary twice True (2,)
106 ooc baseline_hierarchy.rpt: bytes True (2,)
107 route baseline: bracket name True (2, 2)
108 ooc baseline: bytes True (2, 2)
109 ooc baseline_hierarchy.rpt: huge True (2,)
110 ooc baseline_hierarchy.rpt: bytes True (2,)
111 ooc baseline_cells.tsv: unicode False (0,)
112 route baseline: remove True (2, 2)
113 route baseline: remove True (2, 2)
114 route baseline_cells.tsv: truncate False (0,)
115 route baseline_cells.tsv: truncate False (0,)
116 ooc baseline_timing.rpt: empty True (2,)
117 ooc baseline_utilization.rpt: unicode False (2,)
118 ooc baseline: size: deep nesting True (2, 2)
119 route baseline: bracket name True (2, 2)
120 ooc baseline_timing.rpt: missing True (2,)
121 ooc clock.xdc: unicode False (0,)
122 ooc baseline_utilization.rpt: truncate False (2,)
123 route baseline: truncate True (2, 2)
124 route baseline_images.json: missing True (2,)
125 ooc baseline: duplicate True (2, 2)
126 ooc baseline: value False (0, 0)
127 ooc clock.xdc: bytes True (2,)
128 route baseline: unicode False (0, 0)
129 route baseline_timing.rpt: number False (0,)
130 route baseline: unicode False (0, 0)
131 route baseline_hierarchy.rpt: truncate False (2,)
132 route baseline: remove False (2, 2)
133 ooc baseline_images.json: bytes True (2,)
134 ooc baseline_images.json: missing True (2,)
135 ooc baseline_images.json: unicode False (2,)
136 route baseline: value False (0, 0)
137 ooc clock.xdc: bytes True (2,)
138 route baseline_cells.tsv: junk lines False (2,)
139 ooc baseline_cells.tsv: bytes True (2,)
140 route baseline_utilization.rpt: garble True (2,)
141 route baseline_hierarchy.rpt: missing True (2,)
142 route baseline_images.json: entry key True (2,)
143 route baseline_hierarchy.rpt: bytes True (2,)
144 ooc baseline_timing.rpt: delete line False (2,)
145 ooc baseline: overflow True (2, 2)
146 ooc baseline: value False (0, 0)
147 ooc baseline_images.json: truncate False (2,)
148 route baseline: truncate True (2, 2)
149 route baseline: digit True (2, 2)
150 route baseline: value False (0, 0)
151 route baseline_timing.rpt: bytes True (2,)
152 route baseline_timing.rpt: delete line False (0,)
153 ooc baseline: bad name True (2, 2)
154 route baseline_cells.tsv: swap lines False (2,)
155 route alinx_ax7101_route_status.rpt: row removed True (2,)
156 route baseline_images.json: missing True (2,)
157 ooc baseline_hierarchy.rpt: missing True (2,)
158 ooc baseline: value False (0, 2)
159 ooc baseline: unicode False (2, 0)
160 ooc clock.xdc: delete line False (2,)
161 route baseline: type True (2, 2)
162 ooc baseline_timing.rpt: empty True (2,)
163 ooc baseline_utilization.rpt: huge True (2,)
164 ooc baseline_utilization.rpt: number False (1,)
165 route baseline_cells.tsv: census header True (2,)
166 route baseline_utilization.rpt: digit True (2,)
167 ooc baseline: note True (2, 2)
168 ooc baseline_cells.tsv: empty True (2,)
169 route baseline_cells.tsv: bytes True (2,)
170 ooc baseline_utilization.rpt: missing True (2,)
171 ooc baseline: unicode False (0, 0)
172 route baseline_utilization.rpt: header removed True (2,)
173 route baseline_cells.tsv: census header True (2,)
174 route baseline: value False (0, 2)
175 route baseline: bytes True (2, 2)
176 ooc baseline_hierarchy.rpt: bytes True (2,)
177 route baseline: duplicate True (2, 2)
178 ooc baseline: bad name True (2, 2)
179 ooc baseline_timing.rpt: garble True (2,)
180 route baseline: duplicate True (2, 2)
181 ooc baseline: unicode False (0, 0)
182 route baseline_hierarchy.rpt: bytes True (2,)
183 ooc baseline_images.json: entry key True (2,)
184 route baseline: remove False (0, 2)
185 ooc baseline_images.json: entry key True (2,)
186 ooc baseline_timing.rpt: truncate False (2,)
187 route baseline: add True (2, 2)
188 ooc baseline_hierarchy.rpt: junk lines False (2,)
189 route baseline: bad name True (2, 2)
190 ooc baseline_hierarchy.rpt: unicode False (2,)
191 route baseline_cells.tsv: duplicate line False (0,)
192 route baseline_hierarchy.rpt: truncate False (0,)
193 route baseline: bracket name True (2, 2)
194 ooc baseline: duplicate True (2, 2)
195 route baseline_timing.rpt: summary twice True (2,)
196 route baseline: bytes True (2, 2)
197 route baseline: remove True (2, 2)
198 route baseline_utilization.rpt: header twice True (2,)
199 ooc baseline: digit True (2, 2)
200 route baseline: overflow True (2, 2)
201 ooc baseline_utilization.rpt: duplicate line False (0,)
202 ooc clock.xdc: missing False (2,)
203 route baseline: bracket name True (2, 2)
204 route baseline_images.json: empty True (2,)
205 ooc baseline_images.json: unicode False (2,)
206 ooc baseline_utilization.rpt: unicode False (0,)
207 route baseline_utilization.rpt: swap lines False (2,)
208 ooc baseline_images.json: missing True (2,)
209 route baseline_hierarchy.rpt: garble True (2,)
210 ooc baseline_images.json: entry key True (2,)
211 ooc baseline_utilization.rpt: garble True (2,)
212 route baseline_utilization.rpt: missing True (2,)
213 ooc baseline_hierarchy.rpt: number False (0,)
214 route baseline_cells.tsv: unicode False (0,)
215 ooc baseline_cells.tsv: bytes True (2,)
216 route baseline_utilization.rpt: truncate False (2,)
217 ooc baseline: remove True (2, 2)
218 ooc baseline: bytes True (2, 2)
219 ooc baseline_images.json: empty True (2,)
220 ooc baseline_hierarchy.rpt: bytes True (2,)
221 ooc baseline_images.json: unicode False (2,)
222 ooc baseline_hierarchy.rpt: digit True (2,)
223 route baseline: add True (2, 2)
224 route baseline_timing.rpt: bytes True (2,)
225 route baseline_timing.rpt: number False (1,)
226 ooc baseline_images.json: missing True (2,)
227 ooc clock.xdc: truncate False (0,)
228 route baseline_cells.tsv: unicode False (2,)
229 ooc baseline_timing.rpt: summary twice True (2,)
230 route alinx_ax7101_route_status.rpt: missing True (2,)
231 ooc baseline_utilization.rpt: header twice True (2,)
232 ooc baseline_utilization.rpt: truncate False (2,)
233 ooc baseline_images.json: bytes True (2,)
234 ooc baseline: bracket name True (2, 2)
235 route baseline_images.json: junk lines False (2,)
236 ooc baseline_images.json: unicode False (2,)
237 ooc baseline: add True (2, 2)
238 route baseline: add False (2, 2)
239 ooc baseline_cells.tsv: census header True (2,)
240 route baseline_hierarchy.rpt: huge True (2,)
241 ooc baseline_hierarchy.rpt: number False (0,)
242 route baseline: type True (2, 2)
243 ooc baseline: remove True (2, 2)
244 route baseline_cells.tsv: missing True (2,)
245 route baseline: bytes True (2, 2)
246 route baseline_hierarchy.rpt: number False (0,)
247 route baseline_images.json: delete line False (2,)
248 ooc baseline_cells.tsv: empty True (2,)
249 ooc baseline: bracket name True (2, 2)
250 ooc clock.xdc: bytes True (2,)
251 ooc baseline: note True (2, 2)
252 route baseline: unicode False (2, 0)
253 route baseline_timing.rpt: empty True (2,)
254 route baseline_images.json: truncate False (2,)
255 ooc baseline_cells.tsv: missing True (2,)
256 ooc baseline: add True (2, 2)
257 ooc baseline: add False (0, 0)
258 route baseline_cells.tsv: delete line False (0,)
259 ooc baseline_timing.rpt: delete line False (2,)
260 route alinx_ax7101_route_status.rpt: number False (0,)
261 route baseline_utilization.rpt: junk lines False (2,)
262 ooc baseline_hierarchy.rpt: number False (0,)
263 route baseline_utilization.rpt: junk lines False (2,)
264 route baseline: duplicate True (2, 2)
265 route baseline: note True (2, 2)
266 route baseline: truncate True (2, 2)
267 ooc baseline: type True (2, 2)
268 route alinx_ax7101_route_status.rpt: duplicate line False (0,)
269 route baseline_hierarchy.rpt: bytes True (2,)
270 ooc baseline_hierarchy.rpt: duplicate line False (2,)
271 ooc baseline: remove True (2, 2)
272 ooc baseline_utilization.rpt: truncate False (2,)
273 route baseline_hierarchy.rpt: number False (0,)
274 ooc baseline_images.json: missing True (2,)
275 ooc baseline_timing.rpt: duplicate line False (2,)
276 route baseline: duplicate True (2, 2)
277 route baseline_images.json: delete line False (2,)
278 ooc baseline_images.json: bytes True (2,)
279 route baseline_utilization.rpt: empty True (2,)
280 ooc baseline: value False (0, 2)
281 route baseline: bytes True (2, 2)
282 route alinx_ax7101_route_status.rpt: empty True (2,)
283 ooc baseline_images.json: missing True (2,)
284 route baseline_cells.tsv: census header True (2,)
285 route baseline: remove True (2, 2)
286 route baseline: digit True (2, 2)
287 route baseline: add True (2, 2)
288 ooc baseline_utilization.rpt: header twice True (2,)
289 route baseline_utilization.rpt: unicode False (2,)
290 route baseline: value False (0, 0)
291 route baseline_utilization.rpt: empty True (2,)
292 ooc baseline: unicode False (2, 0)
293 route baseline_utilization.rpt: empty True (2,)
294 route baseline_hierarchy.rpt: missing True (2,)
295 ooc baseline_hierarchy.rpt: empty True (2,)
296 ooc baseline_cells.tsv: unicode False (0,)
297 ooc baseline_images.json: unicode False (2,)
298 route baseline_hierarchy.rpt: garble True (2,)
299 route baseline: bytes True (2, 2)
300 ooc baseline_images.json: entry key True (2,)
301 route baseline_hierarchy.rpt: delete line False (0,)
302 ooc clock.xdc: unicode False (0,)
303 route alinx_ax7101_route_status.rpt: junk lines False (2,)
304 route baseline: unicode False (0, 0)
305 ooc baseline: add True (2, 2)
306 ooc baseline_images.json: bytes True (2,)
307 route baseline_cells.tsv: census header True (2,)
308 ooc baseline: bytes True (2, 2)
309 ooc baseline: note True (2, 2)
310 route baseline_cells.tsv: duplicate line False (0,)
311 ooc baseline: digit True (2, 2)
312 route baseline_images.json: empty True (2,)
313 ooc baseline_utilization.rpt: digit True (2,)
314 ooc baseline_cells.tsv: duplicate line False (0,)
315 ooc baseline_utilization.rpt: missing True (2,)
316 route baseline_timing.rpt: empty True (2,)
317 route baseline_utilization.rpt: huge True (2,)
318 route baseline_cells.tsv: junk lines False (2,)
319 route baseline_cells.tsv: bytes True (2,)
320 route baseline: unicode False (2, 0)
321 route baseline: size: many scopes False (0, 0)
322 ooc baseline: bytes True (2, 2)
323 ooc baseline: truncate True (2, 2)
324 ooc clock.xdc: empty False (2,)
325 ooc baseline_hierarchy.rpt: bytes True (2,)
326 route baseline_images.json: truncate False (2,)
327 ooc baseline_hierarchy.rpt: number False (0,)
328 ooc baseline: add False (0, 0)
329 ooc baseline: add False (0, 0)
330 route baseline: add True (2, 2)
331 ooc baseline: type True (2, 2)
332 route alinx_ax7101_route_status.rpt: row removed True (2,)
333 ooc baseline: remove True (2, 2)
334 ooc baseline: size: deep nesting True (2, 2)
335 route baseline: overflow True (2, 2)
336 ooc baseline: value False (0, 0)
337 ooc baseline_utilization.rpt: bytes True (2,)
338 ooc clock.xdc: missing False (2,)
339 route baseline_images.json: missing True (2,)
340 ooc baseline_cells.tsv: missing True (2,)
341 route baseline_timing.rpt: truncate False (2,)
342 ooc baseline: note True (2, 2)
343 ooc baseline_images.json: truncate False (2,)
344 ooc baseline_utilization.rpt: huge True (2,)
345 ooc baseline: remove False (0, 2)
346 ooc baseline: bad name True (2, 2)
347 ooc clock.xdc: bytes True (2,)
348 ooc clock.xdc: junk lines False (2,)
349 ooc baseline: size: long text False (0, 0)
350 route baseline_timing.rpt: number False (0,)
351 route baseline: unicode False (2, 0)
352 route baseline_cells.tsv: empty True (2,)
353 ooc baseline: type True (2, 2)
354 route baseline_utilization.rpt: truncate False (2,)
355 ooc baseline: value False (0, 0)
356 route baseline_hierarchy.rpt: missing True (2,)
357 route baseline_cells.tsv: duplicate line False (0,)
358 ooc baseline: duplicate True (2, 2)
359 ooc baseline_utilization.rpt: bytes True (2,)
360 route baseline_utilization.rpt: header twice True (2,)
361 route baseline_utilization.rpt: digit True (2,)
362 route alinx_ax7101_route_status.rpt: unicode False (0,)
363 route alinx_ax7101_route_status.rpt: row removed True (2,)
364 route baseline_timing.rpt: unicode False (2,)
365 ooc baseline_timing.rpt: bytes True (2,)
366 route baseline: overflow True (2, 2)
367 ooc baseline: value False (0, 0)
368 ooc baseline: bytes True (2, 2)
369 ooc baseline: size: deep nesting True (2, 2)
370 route baseline: overflow True (2, 2)
371 ooc baseline_utilization.rpt: header removed True (2,)
372 ooc baseline_timing.rpt: digit True (2,)
373 route baseline: bytes True (2, 2)
374 ooc baseline_cells.tsv: junk lines False (2,)
375 route baseline_timing.rpt: empty True (2,)
376 route baseline_timing.rpt: unicode False (2,)
377 route baseline_cells.tsv: census header True (2,)
378 route baseline_hierarchy.rpt: empty True (2,)
379 route baseline_timing.rpt: number False (1,)
380 route baseline: remove True (2, 2)
381 ooc baseline_timing.rpt: empty True (2,)
382 ooc baseline: overflow True (2, 2)
383 route baseline: note True (2, 2)
384 route baseline_images.json: entry key True (2,)
385 route baseline: bad name True (2, 2)
386 route baseline: digit True (2, 2)
387 route baseline: bracket name True (2, 2)
388 route baseline: bytes True (2, 2)
389 ooc baseline: value False (0, 0)
390 ooc baseline: bracket name True (2, 2)
391 route baseline: add False (0, 0)
392 ooc clock.xdc: unicode False (0,)
393 ooc baseline: truncate True (2, 2)
394 route baseline_utilization.rpt: swap lines False (2,)
395 route alinx_ax7101_route_status.rpt: row removed True (2,)
396 route baseline: add False (0, 2)
397 route alinx_ax7101_route_status.rpt: digit True (2,)
398 ooc baseline_images.json: unicode False (2,)
399 ooc baseline: value False (0, 0)
400 route baseline: size: many scopes False (0, 0)
401 ooc baseline_images.json: truncate False (2,)
402 route baseline: bad name True (2, 2)
403 ooc baseline_utilization.rpt: junk lines False (2,)
404 ooc baseline_utilization.rpt: header removed True (2,)
405 route baseline_images.json: unicode False (2,)
406 ooc baseline: size: deep nesting True (2, 2)
407 ooc baseline_timing.rpt: digit True (2,)
408 route baseline_hierarchy.rpt: unicode False (0,)
409 route baseline_cells.tsv: duplicate line False (0,)
410 ooc baseline_utilization.rpt: empty True (2,)
411 ooc baseline_images.json: swap lines False (0,)
412 route baseline_cells.tsv: census header True (2,)
413 ooc baseline_utilization.rpt: bytes True (2,)
414 route baseline_utilization.rpt: huge True (2,)
415 ooc baseline: digit True (2, 2)
416 route baseline_utilization.rpt: garble True (2,)
417 route baseline_timing.rpt: duplicate line False (0,)
418 route alinx_ax7101_route_status.rpt: huge True (2,)
419 ooc clock.xdc: missing False (2,)
420 ooc baseline_cells.tsv: unicode False (0,)
421 ooc baseline_timing.rpt: garble True (2,)
422 ooc baseline: note True (2, 2)
423 ooc baseline_hierarchy.rpt: delete line False (0,)
424 ooc baseline: duplicate True (2, 2)
425 route baseline: digit True (2, 2)
426 route baseline_images.json: entry key True (2,)
427 ooc baseline_images.json: truncate False (2,)
428 ooc baseline_cells.tsv: missing True (2,)
429 ooc baseline: size: deep nesting True (2, 2)
430 ooc baseline_utilization.rpt: unicode False (2,)
431 route alinx_ax7101_route_status.rpt: missing True (2,)
432 ooc baseline_images.json: empty True (2,)
433 ooc baseline: bad name True (2, 2)
434 route baseline_cells.tsv: missing True (2,)
435 route baseline_cells.tsv: swap lines False (0,)
436 ooc baseline_cells.tsv: bytes True (2,)
437 ooc baseline: type True (2, 2)
438 ooc baseline: bytes True (2, 2)
439 route baseline: bytes True (2, 2)
440 ooc baseline_timing.rpt: summary twice True (2,)
441 ooc baseline_images.json: missing True (2,)
442 ooc baseline: unicode False (0, 0)
443 ooc baseline: overflow True (2, 2)
444 route baseline: bytes True (2, 2)
445 route baseline_cells.tsv: missing True (2,)
446 route baseline_images.json: missing True (2,)
447 route baseline: type True (2, 2)
448 route baseline: overflow True (2, 2)
449 route baseline_cells.tsv: empty True (2,)
450 route alinx_ax7101_route_status.rpt: number False (1,)
451 ooc baseline: overflow True (2, 2)
452 route baseline_utilization.rpt: bytes True (2,)
453 route baseline: unicode False (2, 0)
454 route baseline: duplicate True (2, 2)
455 ooc baseline: unicode False (2, 0)
456 ooc baseline_hierarchy.rpt: empty True (2,)
457 route baseline_hierarchy.rpt: missing True (2,)
458 route baseline: bracket name False (0, 0)
459 ooc baseline_utilization.rpt: missing True (2,)
460 route baseline_hierarchy.rpt: missing True (2,)
461 route alinx_ax7101_route_status.rpt: row twice True (2,)
462 route baseline: bytes True (2, 2)
463 ooc baseline_images.json: entry key True (2,)
464 route alinx_ax7101_route_status.rpt: row removed True (2,)
465 ooc clock.xdc: bytes True (2,)
466 ooc baseline: unicode False (0, 0)
467 route baseline: size: many scopes False (0, 0)
468 ooc baseline_timing.rpt: junk lines False (2,)
469 route baseline_utilization.rpt: huge True (2,)
470 route baseline: truncate True (2, 2)
471 ooc baseline_timing.rpt: delete line False (2,)
472 route baseline: value False (0, 0)
473 ooc baseline_utilization.rpt: header removed True (2,)
474 ooc baseline_cells.tsv: unicode False (0,)
475 route baseline_utilization.rpt: huge True (2,)
476 ooc baseline_cells.tsv: census header True (2,)
477 route baseline_hierarchy.rpt: missing True (2,)
478 ooc baseline_timing.rpt: number False (0,)
479 route alinx_ax7101_route_status.rpt: truncate False (2,)
480 ooc baseline: bad name True (2, 2)
481 route baseline_cells.tsv: duplicate line False (0,)
482 route baseline_hierarchy.rpt: number False (0,)
483 ooc clock.xdc: bytes True (2,)
484 route baseline: digit True (2, 2)
485 route baseline: bracket name True (2, 2)
486 ooc baseline_utilization.rpt: missing True (2,)
487 ooc baseline_images.json: truncate False (2,)
488 ooc baseline_utilization.rpt: header twice True (2,)
489 ooc clock.xdc: truncate False (0,)
490 route baseline: bracket name True (2, 2)
491 ooc baseline: add False (0, 2)
492 route baseline_images.json: missing True (2,)
493 ooc baseline_cells.tsv: missing True (2,)
494 ooc baseline_hierarchy.rpt: bytes True (2,)
495 route baseline_utilization.rpt: bytes True (2,)
496 route baseline_utilization.rpt: empty True (2,)
497 route baseline: type True (2, 2)
498 ooc baseline_utilization.rpt: header twice True (2,)
499 ooc baseline: type True (2, 2)
500 ooc baseline_timing.rpt: summary twice True (2,)
501 ooc baseline_hierarchy.rpt: truncate False (2,)
502 route baseline: type True (2, 2)
503 route baseline_hierarchy.rpt: bytes True (2,)
504 ooc baseline: add False (2, 2)
505 route baseline_cells.tsv: truncate False (0,)
506 ooc baseline_images.json: truncate False (2,)
507 ooc baseline_images.json: missing True (2,)
508 ooc baseline: note False (0, 0)
509 route baseline_timing.rpt: bytes True (2,)
510 route baseline_cells.tsv: census header True (2,)
511 route baseline_timing.rpt: missing True (2,)
512 ooc baseline_hierarchy.rpt: empty True (2,)
513 route baseline: type True (2, 2)
514 ooc baseline: remove True (2, 2)
515 ooc baseline_hierarchy.rpt: missing True (2,)
516 route baseline_utilization.rpt: header removed True (2,)
517 ooc clock.xdc: missing False (2,)
518 ooc baseline: duplicate True (2, 2)
519 route baseline_timing.rpt: summary twice True (2,)
520 ooc baseline: bracket name True (2, 2)
521 route baseline: bytes True (2, 2)
522 ooc baseline_timing.rpt: huge True (2,)
523 route baseline_cells.tsv: bytes True (2,)
524 route baseline_images.json: bytes True (2,)
525 route baseline_timing.rpt: digit True (2,)
526 route baseline_hierarchy.rpt: missing True (2,)
527 route baseline: truncate True (2, 2)
528 route baseline: type True (2, 2)
529 route alinx_ax7101_route_status.rpt: bytes True (2,)
530 ooc baseline_timing.rpt: missing True (2,)
531 ooc baseline: size: deep nesting True (2, 2)
532 ooc baseline: overflow True (2, 2)
533 ooc baseline_utilization.rpt: garble True (2,)
534 ooc baseline: bytes True (2, 2)
535 route baseline: note True (2, 2)
536 route baseline_hierarchy.rpt: garble True (2,)
537 ooc baseline_utilization.rpt: bytes True (2,)
538 ooc baseline: truncate True (2, 2)
539 ooc baseline: type True (2, 2)
540 ooc baseline_utilization.rpt: digit True (2,)
541 ooc baseline_cells.tsv: missing True (2,)
542 ooc baseline: value False (0, 0)
543 route baseline: duplicate True (2, 2)
544 ooc baseline: overflow True (2, 2)
545 ooc baseline: unicode False (0, 0)
546 ooc baseline: truncate True (2, 2)
547 ooc baseline_utilization.rpt: header twice True (2,)
548 route baseline_timing.rpt: missing True (2,)
549 ooc baseline: duplicate True (2, 2)
550 route baseline_timing.rpt: huge True (2,)
551 route alinx_ax7101_route_status.rpt: huge True (2,)
552 route alinx_ax7101_route_status.rpt: number False (1,)
553 route baseline: duplicate True (2, 2)
554 ooc baseline_images.json: entry key True (2,)
555 ooc baseline_cells.tsv: duplicate line False (0,)
556 ooc baseline: bracket name True (2, 2)
557 route baseline: size: many scopes False (0, 0)
558 ooc baseline: bytes True (2, 2)
559 route baseline_timing.rpt: huge True (2,)
560 ooc baseline: value False (0, 0)
561 ooc baseline_cells.tsv: census header True (2,)
562 ooc baseline: bad name True (2, 2)
563 ooc baseline_utilization.rpt: truncate False (2,)
564 route baseline_timing.rpt: empty True (2,)
565 ooc baseline: overflow True (2, 2)
566 route baseline_hierarchy.rpt: truncate False (2,)
567 ooc clock.xdc: unicode False (0,)
568 route baseline_images.json: entry key False (0,)
569 route baseline_timing.rpt: duplicate line False (0,)
570 ooc baseline_hierarchy.rpt: garble True (2,)
571 ooc baseline_images.json: entry key True (2,)
572 ooc baseline: add True (2, 2)
573 route alinx_ax7101_route_status.rpt: digit True (2,)
574 route baseline_cells.tsv: bytes True (2,)
575 ooc baseline_timing.rpt: missing True (2,)
576 ooc baseline: duplicate True (2, 2)
577 ooc baseline: remove False (0, 2)
578 ooc baseline_hierarchy.rpt: delete line False (0,)
579 ooc clock.xdc: truncate False (0,)
580 ooc clock.xdc: missing False (2,)
581 ooc baseline: type True (2, 2)
582 ooc baseline_hierarchy.rpt: huge True (2,)
583 route baseline_images.json: missing True (2,)
584 ooc baseline: duplicate True (2, 2)
585 route baseline_utilization.rpt: delete line False (2,)
586 ooc baseline_cells.tsv: census header True (2,)
587 ooc baseline_hierarchy.rpt: digit True (2,)
588 ooc baseline: digit True (2, 2)
589 route baseline_cells.tsv: bytes True (2,)
590 route baseline: overflow True (2, 2)
591 ooc clock.xdc: empty False (2,)
592 route baseline_images.json: truncate False (2,)
593 ooc clock.xdc: empty False (2,)
594 route baseline: size: long text False (2, 2)
595 route baseline: bad name True (2, 2)
596 route baseline: unicode False (2, 0)
597 route baseline: overflow True (2, 2)
598 ooc baseline: remove True (2, 2)
599 route baseline_timing.rpt: huge True (2,)
600 ooc baseline_timing.rpt: huge True (2,)
601 ooc baseline_images.json: entry key True (2,)
602 route baseline_images.json: missing True (2,)
603 route alinx_ax7101_route_status.rpt: unicode False (0,)
604 route baseline_images.json: truncate False (2,)
605 ooc baseline_cells.tsv: unicode False (2,)
606 ooc baseline_hierarchy.rpt: unicode False (0,)
607 route baseline: remove True (2, 2)
608 ooc baseline_cells.tsv: unicode False (2,)
609 ooc clock.xdc: truncate False (0,)
610 route baseline: duplicate True (2, 2)
611 route baseline_hierarchy.rpt: missing True (2,)
612 route baseline: value False (0, 0)
613 route baseline: overflow True (2, 2)
614 route baseline: remove True (2, 2)
615 ooc baseline_timing.rpt: junk lines False (2,)
616 route baseline: add False (2, 2)
617 route baseline_images.json: empty True (2,)
618 route alinx_ax7101_route_status.rpt: row removed True (2,)
619 route baseline_timing.rpt: unicode False (0,)
620 route baseline: digit True (2, 2)
621 ooc baseline: bytes True (2, 2)
622 ooc baseline_images.json: delete line False (2,)
623 ooc baseline_images.json: missing True (2,)
624 ooc clock.xdc: truncate False (2,)
625 route baseline_cells.tsv: bytes True (2,)
626 ooc baseline_images.json: truncate False (2,)
627 route baseline: truncate True (2, 2)
628 route baseline: note False (0, 0)
629 route baseline_timing.rpt: number False (1,)
630 route baseline_hierarchy.rpt: unicode False (0,)
631 route baseline_utilization.rpt: duplicate line False (2,)
632 ooc baseline_timing.rpt: missing True (2,)
633 ooc clock.xdc: truncate False (0,)
634 ooc baseline: bytes True (2, 2)
635 ooc baseline_utilization.rpt: empty True (2,)
636 route baseline_utilization.rpt: truncate False (2,)
637 ooc baseline_hierarchy.rpt: missing True (2,)
638 route baseline_images.json: empty True (2,)
639 route baseline_utilization.rpt: header twice True (2,)
640 ooc baseline: remove False (0, 0)
641 ooc baseline_utilization.rpt: truncate False (2,)
642 ooc baseline_images.json: missing True (2,)
643 route baseline_images.json: junk lines False (2,)
644 ooc baseline: remove False (0, 2)
645 ooc baseline: digit True (2, 2)
646 ooc baseline_timing.rpt: summary twice True (2,)
647 ooc baseline: value False (2, 2)
648 ooc baseline: note False (0, 0)
649 ooc baseline_cells.tsv: junk lines False (2,)
650 ooc baseline: value False (0, 2)
651 route baseline: digit True (2, 2)
652 ooc baseline: bytes True (2, 2)
653 route baseline: duplicate True (2, 2)
654 route baseline: bad name True (2, 2)
655 ooc clock.xdc: bytes True (2,)
656 route baseline_hierarchy.rpt: digit True (2,)
657 ooc baseline: overflow True (2, 2)
658 ooc baseline_cells.tsv: missing True (2,)
659 route baseline_cells.tsv: bytes True (2,)
660 ooc baseline: value False (0, 0)
661 route baseline_utilization.rpt: header removed True (2,)
662 route baseline_timing.rpt: bytes True (2,)
663 ooc baseline_images.json: entry key True (2,)
664 route baseline: unicode False (2, 0)
665 ooc baseline_hierarchy.rpt: huge True (2,)
666 route baseline_utilization.rpt: digit True (2,)
667 ooc baseline: size: deep nesting True (2, 2)
668 ooc baseline: type True (2, 2)
669 ooc baseline: note True (2, 2)
670 route baseline_hierarchy.rpt: truncate False (2,)
671 route baseline: bad name True (2, 2)
672 route baseline_images.json: missing True (2,)
673 ooc clock.xdc: unicode False (0,)
674 route baseline: remove True (2, 2)
675 route baseline_hierarchy.rpt: truncate False (2,)
676 route baseline_timing.rpt: duplicate line False (2,)
677 ooc baseline_timing.rpt: truncate False (2,)
678 ooc baseline: value False (0, 0)
679 ooc baseline_cells.tsv: empty True (2,)
680 route baseline_hierarchy.rpt: duplicate line False (2,)
681 route baseline_timing.rpt: truncate False (2,)
682 ooc baseline: duplicate True (2, 2)
683 ooc baseline: truncate True (2, 2)
684 route baseline: unicode False (0, 0)
685 route baseline: duplicate True (2, 2)
686 ooc baseline_timing.rpt: summary twice True (2,)
687 ooc baseline_images.json: missing True (2,)
688 ooc clock.xdc: missing False (2,)
689 route alinx_ax7101_route_status.rpt: empty True (2,)
690 route baseline: size: many scopes False (0, 0)
691 ooc baseline_utilization.rpt: bytes True (2,)
692 route baseline_images.json: delete line False (2,)
693 ooc baseline: bytes True (2, 2)
694 ooc baseline: overflow True (2, 2)
695 ooc baseline_images.json: bytes True (2,)
696 route baseline_hierarchy.rpt: truncate False (0,)
697 route baseline: unicode False (2, 0)
698 route baseline: bytes True (2, 2)
699 route baseline_utilization.rpt: header removed True (2,)
700 route baseline: bad name True (2, 2)
701 ooc baseline: bytes True (2, 2)
702 route baseline: remove True (2, 2)
703 route baseline_timing.rpt: truncate False (2,)
704 route baseline: bracket name True (2, 2)
705 route baseline: remove True (2, 2)
706 ooc baseline_cells.tsv: bytes True (2,)
707 ooc baseline_hierarchy.rpt: missing True (2,)
708 route baseline_images.json: truncate False (2,)
709 ooc clock.xdc: bytes True (2,)
710 route baseline_utilization.rpt: unicode False (2,)
711 ooc baseline: add True (2, 2)
712 ooc baseline_utilization.rpt: huge True (2,)
713 route baseline: size: many scopes False (0, 0)
714 ooc baseline_timing.rpt: missing True (2,)
715 ooc baseline: truncate True (2, 2)
716 ooc baseline: overflow True (2, 2)
717 ooc baseline: bad name True (2, 2)
718 route baseline: unicode False (0, 0)
719 route baseline_images.json: unicode False (2,)
720 route baseline_utilization.rpt: garble True (2,)
721 ooc baseline_timing.rpt: bytes True (2,)
722 ooc baseline: duplicate True (2, 2)
723 route baseline: digit True (2, 2)
724 ooc baseline_hierarchy.rpt: junk lines False (2,)
725 route baseline: truncate True (2, 2)
726 route baseline_hierarchy.rpt: unicode False (0,)
727 route baseline: remove True (2, 2)
728 ooc baseline_cells.tsv: census header True (2,)
729 ooc baseline: bracket name True (2, 2)
730 route baseline: add True (2, 2)
731 route baseline_utilization.rpt: garble True (2,)
732 route baseline: note True (2, 2)
733 ooc baseline_hierarchy.rpt: truncate False (2,)
734 ooc clock.xdc: missing False (2,)
735 ooc baseline: value False (0, 0)
736 ooc baseline_timing.rpt: delete line False (0,)
737 ooc baseline_timing.rpt: summary twice True (2,)
738 ooc clock.xdc: bytes True (2,)
739 ooc baseline_hierarchy.rpt: garble True (2,)
740 ooc baseline: overflow True (2, 2)
741 route baseline: bracket name True (2, 2)
742 route baseline_images.json: empty True (2,)
743 route baseline: unicode False (2, 0)
744 ooc baseline: add True (2, 2)
745 ooc baseline: note True (2, 2)
746 ooc baseline: note True (2, 2)
747 ooc baseline: size: long text False (0, 0)
748 ooc baseline: bad name True (2, 2)
749 ooc clock.xdc: junk lines False (2,)
750 route baseline_images.json: swap lines False (0,)
751 ooc baseline_cells.tsv: missing True (2,)
752 ooc baseline: bytes True (2, 2)
753 ooc baseline_utilization.rpt: empty True (2,)
754 route baseline_images.json: entry key True (2,)
755 route baseline_utilization.rpt: digit True (2,)
756 ooc baseline_utilization.rpt: missing True (2,)
757 route baseline_images.json: swap lines False (0,)
758 ooc clock.xdc: bytes True (2,)
759 route baseline_timing.rpt: number False (0,)
760 route baseline_cells.tsv: empty True (2,)
761 ooc baseline_utilization.rpt: garble True (2,)
762 route baseline_images.json: truncate False (2,)
763 route baseline_timing.rpt: missing True (2,)
764 route baseline: unicode False (2, 0)
765 ooc baseline: unicode False (2, 0)
766 route baseline: type True (2, 2)
767 ooc baseline_cells.tsv: census header True (2,)
768 ooc baseline_cells.tsv: bytes True (2,)
769 ooc baseline: truncate True (2, 2)
770 ooc baseline_cells.tsv: missing True (2,)
771 route baseline_utilization.rpt: delete line False (2,)
772 route baseline: bracket name True (2, 2)
773 route baseline_cells.tsv: unicode False (0,)
774 ooc baseline_hierarchy.rpt: digit True (2,)
775 route baseline_cells.tsv: unicode False (0,)
776 ooc baseline_hierarchy.rpt: unicode False (0,)
777 ooc baseline_utilization.rpt: empty True (2,)
778 route baseline_images.json: truncate False (2,)
779 ooc clock.xdc: missing False (2,)
780 ooc baseline_timing.rpt: digit True (2,)
781 ooc baseline: overflow True (2, 2)
782 ooc clock.xdc: bytes True (2,)
783 route baseline_hierarchy.rpt: bytes True (2,)
784 ooc baseline_hierarchy.rpt: empty True (2,)
785 ooc baseline: add True (2, 2)
786 route baseline_cells.tsv: bytes True (2,)
787 ooc baseline_cells.tsv: empty True (2,)
788 ooc baseline_images.json: entry key True (2,)
789 route baseline_cells.tsv: census header True (2,)
790 ooc baseline_utilization.rpt: missing True (2,)
791 ooc baseline_images.json: empty True (2,)
792 route baseline: bytes True (2, 2)
793 route baseline: remove True (2, 2)
794 ooc baseline: bad name True (2, 2)
795 ooc baseline: truncate True (2, 2)
796 route baseline: add True (2, 2)
797 route baseline: unicode False (0, 0)
798 ooc baseline: bracket name True (2, 2)
799 route baseline_utilization.rpt: bytes True (2,)
800 ooc baseline_hierarchy.rpt: truncate False (0,)
801 ooc baseline_cells.tsv: truncate False (0,)
802 route baseline_utilization.rpt: garble True (2,)
803 ooc baseline: type True (2, 2)
804 route alinx_ax7101_route_status.rpt: digit True (2,)
805 ooc baseline: duplicate True (2, 2)
806 route baseline_cells.tsv: census header True (2,)
807 route baseline_utilization.rpt: duplicate line False (0,)
808 ooc baseline: value False (0, 0)
809 route baseline: bad name True (2, 2)
810 route baseline: remove True (2, 2)
811 ooc baseline_timing.rpt: unicode False (0,)
812 route baseline_cells.tsv: unicode False (0,)
813 ooc baseline: truncate True (2, 2)
814 ooc baseline_cells.tsv: bytes True (2,)
815 ooc baseline: unicode True (2, 2)
816 route baseline: bad name True (2, 2)
817 ooc baseline: add False (0, 2)
818 ooc baseline_timing.rpt: bytes True (2,)
819 route baseline_timing.rpt: huge True (2,)
820 route alinx_ax7101_route_status.rpt: truncate False (2,)
821 route baseline_utilization.rpt: swap lines False (2,)
822 route baseline: remove True (2, 2)
823 route baseline_hierarchy.rpt: number False (0,)
824 route baseline_hierarchy.rpt: bytes True (2,)
825 ooc baseline: value False (0, 0)
826 route baseline_hierarchy.rpt: truncate False (0,)
827 route baseline_utilization.rpt: truncate False (2,)
828 route baseline_utilization.rpt: huge True (2,)
829 ooc baseline: type True (2, 2)
830 ooc baseline_hierarchy.rpt: missing True (2,)
831 route baseline_images.json: bytes True (2,)
832 route baseline: size: long text False (2, 0)
833 ooc baseline_hierarchy.rpt: junk lines False (2,)
834 ooc baseline_utilization.rpt: delete line False (2,)
835 ooc baseline_cells.tsv: bytes True (2,)
836 route baseline_hierarchy.rpt: digit True (2,)
837 route baseline_utilization.rpt: number False (1,)
838 ooc baseline: bytes True (2, 2)
839 route baseline: type True (2, 2)
840 ooc baseline_images.json: truncate False (2,)
841 route baseline: remove False (0, 0)
842 route baseline_images.json: unicode False (2,)
843 route alinx_ax7101_route_status.rpt: empty True (2,)
844 ooc baseline: note True (2, 2)
845 ooc baseline_timing.rpt: bytes True (2,)
846 ooc baseline_cells.tsv: bytes True (2,)
847 ooc baseline_cells.tsv: delete line False (2,)
848 ooc baseline_cells.tsv: empty True (2,)
849 ooc clock.xdc: empty False (2,)
850 ooc clock.xdc: missing False (2,)
851 ooc baseline: value False (0, 0)
852 ooc baseline_images.json: empty True (2,)
853 route alinx_ax7101_route_status.rpt: digit True (2,)
854 route baseline: digit True (2, 2)
855 route baseline_utilization.rpt: missing True (2,)
856 route baseline_images.json: duplicate line False (2,)
857 ooc baseline: digit True (2, 2)
858 ooc baseline: truncate True (2, 2)
859 ooc baseline_images.json: bytes True (2,)
860 ooc baseline: note True (2, 2)
861 route baseline_timing.rpt: garble True (2,)
862 ooc baseline: value False (0, 0)
863 ooc clock.xdc: swap lines False (0,)
864 ooc baseline_images.json: unicode False (2,)
865 ooc baseline: size: deep nesting True (2, 2)
866 ooc baseline: size: long text False (2, 2)
867 route baseline_utilization.rpt: missing True (2,)
868 ooc clock.xdc: empty False (2,)
869 ooc baseline: size: deep nesting True (2, 2)
870 ooc baseline_utilization.rpt: unicode False (2,)
871 ooc baseline_cells.tsv: census header True (2,)
872 route baseline_timing.rpt: swap lines False (0,)
873 route baseline_cells.tsv: census header True (2,)
874 ooc baseline: value False (0, 0)
875 route baseline: value False (0, 0)
876 route baseline: duplicate True (2, 2)
877 route baseline_timing.rpt: summary twice True (2,)
878 ooc baseline_cells.tsv: bytes True (2,)
879 ooc baseline_hierarchy.rpt: bytes True (2,)
880 route baseline_utilization.rpt: unicode False (2,)
881 ooc baseline: bracket name True (2, 2)
882 route baseline: unicode False (0, 0)
883 ooc baseline: bad name True (2, 2)
884 ooc baseline: bytes True (2, 2)
885 ooc baseline_images.json: entry key True (2,)
886 ooc baseline_hierarchy.rpt: missing True (2,)
887 ooc baseline: type True (2, 2)
888 ooc baseline: overflow True (2, 2)
889 ooc baseline_utilization.rpt: header twice True (2,)
890 ooc baseline_timing.rpt: summary twice True (2,)
891 route baseline: add True (2, 2)
892 ooc baseline: bracket name True (2, 2)
893 ooc baseline: overflow True (2, 2)
894 route baseline_images.json: empty True (2,)
895 route baseline: digit True (2, 2)
896 ooc baseline_hierarchy.rpt: unicode False (2,)
897 ooc clock.xdc: junk lines False (2,)
898 route baseline_timing.rpt: duplicate line False (2,)
899 route alinx_ax7101_route_status.rpt: number False (1,)
900 route alinx_ax7101_route_status.rpt: junk lines False (2,)
901 route baseline_hierarchy.rpt: unicode False (2,)
902 route baseline_utilization.rpt: truncate False (2,)
903 ooc baseline: overflow True (2, 2)
904 ooc baseline_cells.tsv: missing True (2,)
905 ooc baseline: digit True (2, 2)
906 route baseline: note True (2, 2)
907 route baseline: bad name True (2, 2)
908 ooc baseline: bytes True (2, 2)
909 route baseline: size: long text False (2, 0)
910 ooc baseline: add True (2, 2)
911 route baseline_timing.rpt: number False (0,)
912 ooc baseline_images.json: missing True (2,)
913 route baseline: type True (2, 2)
914 ooc baseline_cells.tsv: duplicate line False (0,)
915 ooc baseline_hierarchy.rpt: garble True (2,)
916 ooc baseline: duplicate True (2, 2)
917 ooc clock.xdc: truncate False (0,)
918 ooc baseline_images.json: empty True (2,)
919 route baseline_timing.rpt: huge True (2,)
920 ooc baseline: add True (2, 2)
921 ooc baseline_utilization.rpt: bytes True (2,)
922 route baseline_utilization.rpt: duplicate line False (0,)
923 ooc baseline_utilization.rpt: huge True (2,)
924 ooc baseline_utilization.rpt: bytes True (2,)
925 route baseline_utilization.rpt: unicode False (0,)
926 ooc baseline_cells.tsv: delete line False (0,)
927 ooc baseline_hierarchy.rpt: unicode False (2,)
928 ooc baseline_cells.tsv: junk lines False (0,)
929 route baseline_hierarchy.rpt: bytes True (2,)
930 route baseline: note True (2, 2)
931 ooc baseline: duplicate True (2, 2)
932 route baseline_hierarchy.rpt: huge True (2,)
933 route alinx_ax7101_route_status.rpt: bytes True (2,)
934 route alinx_ax7101_route_status.rpt: empty True (2,)
935 route baseline: duplicate True (2, 2)
936 route baseline_timing.rpt: missing True (2,)
937 ooc baseline: bytes True (2, 2)
938 route alinx_ax7101_route_status.rpt: huge True (2,)
939 route baseline_cells.tsv: missing True (2,)
940 route alinx_ax7101_route_status.rpt: digit True (2,)
941 route baseline_cells.tsv: bytes True (2,)
942 ooc baseline_cells.tsv: bytes True (2,)
943 ooc baseline: size: long text False (2, 0)
944 route baseline_images.json: bytes True (2,)
945 route baseline: bracket name True (2, 2)
946 ooc baseline_images.json: bytes True (2,)
947 route baseline_utilization.rpt: header twice True (2,)
948 ooc baseline_hierarchy.rpt: huge True (2,)
949 route baseline_cells.tsv: unicode False (0,)
950 route alinx_ax7101_route_status.rpt: unicode False (0,)
951 route baseline_utilization.rpt: garble True (2,)
952 ooc baseline_images.json: unicode False (0,)
953 route baseline: truncate True (2, 2)
954 ooc baseline_cells.tsv: bytes True (2,)
955 ooc baseline_utilization.rpt: truncate False (2,)
956 route baseline: remove True (2, 2)
957 route baseline_utilization.rpt: header removed True (2,)
958 route baseline_timing.rpt: digit True (2,)
959 ooc baseline: add False (2, 2)
960 route baseline: size: many scopes False (0, 0)
961 route baseline: bracket name True (2, 2)
962 route baseline: bracket name True (2, 2)
963 ooc baseline: bad name True (2, 2)
964 ooc baseline_images.json: swap lines False (0,)
965 route baseline_cells.tsv: census header True (2,)
966 route alinx_ax7101_route_status.rpt: number False (0,)
967 ooc baseline: bytes True (2, 2)
968 route baseline: bytes True (2, 2)
969 route baseline: bad name True (2, 2)
970 route baseline: note True (2, 2)
971 route baseline_hierarchy.rpt: empty True (2,)
972 route baseline_cells.tsv: bytes True (2,)
973 route baseline_hierarchy.rpt: truncate False (0,)
974 ooc baseline: truncate True (2, 2)
975 route alinx_ax7101_route_status.rpt: huge True (2,)
976 route baseline: value False (0, 0)
977 route baseline: bytes True (2, 2)
978 ooc baseline: bad name True (2, 2)
979 ooc baseline_timing.rpt: summary twice True (2,)
980 ooc baseline: add True (2, 2)
981 route baseline_images.json: bytes True (2,)
982 ooc baseline: digit True (2, 2)
983 route baseline: duplicate True (2, 2)
984 route alinx_ax7101_route_status.rpt: row twice True (2,)
985 ooc baseline_utilization.rpt: empty True (2,)
986 ooc baseline_images.json: missing True (2,)
987 ooc baseline: bad name True (2, 2)
988 ooc baseline: overflow True (2, 2)
989 ooc baseline_cells.tsv: empty True (2,)
990 ooc clock.xdc: missing False (2,)
991 ooc baseline: truncate True (2, 2)
992 ooc baseline_timing.rpt: empty True (2,)
993 route baseline_cells.tsv: census header True (2,)
994 route baseline: type True (2, 2)
995 ooc baseline_utilization.rpt: empty True (2,)
996 ooc baseline_timing.rpt: garble True (2,)
997 route baseline: bracket name True (2, 2)
998 route baseline_cells.tsv: empty True (2,)
999 route baseline_utilization.rpt: duplicate line False (0,)
1000 ooc baseline: size: many scopes False (0, 0)
1001 route baseline: bytes True (2, 2)
1002 ooc baseline: remove True (2, 2)
1003 route baseline_cells.tsv: census header True (2,)
1004 route alinx_ax7101_route_status.rpt: number False (0,)
1005 ooc baseline: bad name True (2, 2)
1006 route baseline: bad name True (2, 2)
1007 route baseline: remove False (2, 2)
1008 route baseline: overflow True (2, 2)
1009 ooc baseline: type True (2, 2)
1010 ooc clock.xdc: duplicate line False (2,)
1011 ooc baseline_timing.rpt: empty True (2,)
1012 ooc baseline: size: long text False (0, 0)
1013 route alinx_ax7101_route_status.rpt: empty True (2,)
1014 ooc baseline: duplicate True (2, 2)
1015 route alinx_ax7101_route_status.rpt: second report True (2,)
1016 ooc baseline: bracket name True (2, 2)
1017 route baseline_utilization.rpt: swap lines False (0,)
1018 ooc baseline_utilization.rpt: unicode False (0,)
1019 route baseline_hierarchy.rpt: unicode False (2,)
1020 ooc baseline_images.json: delete line False (2,)
1021 route baseline_hierarchy.rpt: empty True (2,)
1022 route baseline_hierarchy.rpt: unicode False (0,)
1023 ooc baseline_images.json: bytes True (2,)
1024 route baseline: value False (0, 0)
1025 route baseline_hierarchy.rpt: missing True (2,)
1026 ooc baseline: duplicate True (2, 2)
1027 ooc baseline_images.json: bytes True (2,)
1028 route baseline: digit True (2, 2)
1029 ooc baseline_timing.rpt: missing True (2,)
1030 route baseline_utilization.rpt: header twice True (2,)
1031 ooc baseline_timing.rpt: summary twice True (2,)
1032 ooc baseline: note True (2, 2)
1033 route baseline_hierarchy.rpt: junk lines False (2,)
1034 route alinx_ax7101_route_status.rpt: garble True (2,)
1035 ooc clock.xdc: missing False (2,)
1036 route baseline: size: many scopes False (0, 0)
1037 ooc baseline: add False (0, 0)
1038 ooc baseline_timing.rpt: garble True (2,)
1039 route baseline_timing.rpt: huge True (2,)
1040 ooc baseline_cells.tsv: census header True (2,)
1041 route alinx_ax7101_route_status.rpt: missing True (2,)
1042 ooc baseline: unicode True (2, 2)
1043 ooc clock.xdc: bytes True (2,)
1044 route baseline_utilization.rpt: bytes True (2,)
1045 ooc baseline: bytes True (2, 2)
1046 ooc baseline_cells.tsv: bytes True (2,)
1047 ooc clock.xdc: truncate False (2,)
1048 ooc baseline_cells.tsv: unicode False (0,)
1049 ooc baseline_timing.rpt: duplicate line False (0,)
1050 route baseline: note True (2, 2)
1051 ooc baseline_timing.rpt: unicode False (2,)
1052 route baseline_cells.tsv: census header True (2,)
1053 ooc baseline_hierarchy.rpt: truncate False (0,)
1054 route baseline: value False (0, 0)
1055 ooc baseline_timing.rpt: summary twice True (2,)
1056 ooc clock.xdc: missing False (2,)
1057 route baseline: remove True (2, 2)
1058 route baseline: unicode True (2, 2)
1059 ooc baseline_images.json: duplicate line False (2,)
1060 route baseline: add False (2, 2)
1061 route baseline_cells.tsv: missing True (2,)
1062 ooc baseline_images.json: unicode False (2,)
1063 route baseline_images.json: empty True (2,)
1064 route baseline_utilization.rpt: unicode False (2,)
1065 ooc baseline_hierarchy.rpt: huge True (2,)
1066 route baseline_timing.rpt: garble True (2,)
1067 route baseline: type True (2, 2)
1068 route alinx_ax7101_route_status.rpt: unicode False (0,)
1069 ooc baseline_hierarchy.rpt: empty True (2,)
1070 route baseline_utilization.rpt: swap lines False (2,)
1071 ooc baseline: add True (2, 2)
1072 ooc baseline_hierarchy.rpt: empty True (2,)
1073 ooc clock.xdc: unicode False (0,)
1074 ooc baseline_cells.tsv: truncate False (0,)
1075 ooc baseline: overflow True (2, 2)
1076 route baseline_utilization.rpt: bytes True (2,)
1077 ooc baseline: bytes True (2, 2)
1078 route baseline: truncate True (2, 2)
1079 route baseline_utilization.rpt: empty True (2,)
1080 ooc baseline_cells.tsv: truncate False (0,)
1081 route baseline_hierarchy.rpt: huge True (2,)
1082 route baseline_cells.tsv: bytes True (2,)
1083 ooc clock.xdc: unicode False (0,)
1084 route baseline: duplicate True (2, 2)
1085 ooc baseline_utilization.rpt: unicode False (2,)
1086 route baseline: value False (0, 0)
1087 ooc baseline_cells.tsv: unicode False (0,)
1088 route baseline_hierarchy.rpt: unicode False (0,)
1089 ooc baseline_cells.tsv: empty True (2,)
1090 ooc baseline: unicode False (0, 0)
1091 route baseline_hierarchy.rpt: unicode False (0,)
1092 route baseline: bracket name False (0, 0)
1093 ooc clock.xdc: truncate False (2,)
1094 route baseline_images.json: bytes True (2,)
1095 ooc baseline_images.json: bytes True (2,)
1096 ooc baseline_utilization.rpt: truncate False (0,)
1097 ooc baseline_utilization.rpt: truncate False (2,)
1098 ooc baseline_utilization.rpt: huge True (2,)
1099 route baseline: duplicate True (2, 2)
1100 route alinx_ax7101_route_status.rpt: second report True (2,)
1101 route baseline_utilization.rpt: missing True (2,)
1102 ooc baseline: note True (2, 2)
1103 route baseline: overflow True (2, 2)
1104 route alinx_ax7101_route_status.rpt: second report True (2,)
1105 route baseline: duplicate True (2, 2)
1106 ooc clock.xdc: empty False (2,)
1107 route baseline_cells.tsv: census header True (2,)
1108 ooc baseline: bytes True (2, 2)
1109 route baseline: bad name True (2, 2)
1110 route baseline_utilization.rpt: header twice True (2,)
1111 route baseline_images.json: bytes True (2,)
1112 ooc baseline: bracket name True (2, 2)
1113 ooc baseline: truncate True (2, 2)
1114 route baseline: bad name True (2, 2)
1115 ooc baseline: overflow True (2, 2)
1116 ooc baseline: unicode False (2, 0)
1117 route baseline_timing.rpt: bytes True (2,)
1118 ooc baseline_images.json: bytes True (2,)
1119 ooc baseline_utilization.rpt: number False (0,)
1120 ooc baseline_cells.tsv: empty True (2,)
1121 route baseline: duplicate True (2, 2)
1122 route baseline: remove True (2, 2)
1123 route baseline: overflow True (2, 2)
1124 route baseline: bad name True (2, 2)
1125 ooc baseline_cells.tsv: swap lines False (0,)
1126 route baseline: note True (2, 2)
1127 ooc baseline: size: many scopes False (0, 0)
1128 route baseline: duplicate True (2, 2)
1129 route baseline_timing.rpt: empty True (2,)
1130 ooc baseline: type True (2, 2)
1131 ooc baseline_timing.rpt: missing True (2,)
1132 ooc baseline_hierarchy.rpt: unicode False (0,)
1133 ooc baseline_images.json: unicode False (2,)
1134 ooc baseline_hierarchy.rpt: empty True (2,)
1135 route baseline: size: deep nesting True (2, 2)
1136 route baseline_timing.rpt: huge True (2,)
1137 route baseline: overflow True (2, 2)
1138 route baseline: size: many scopes False (0, 0)
1139 ooc clock.xdc: truncate False (2,)
1140 route baseline: unicode True (2, 2)
1141 route baseline: type True (2, 2)
1142 ooc clock.xdc: empty False (2,)
1143 route alinx_ax7101_route_status.rpt: empty True (2,)
1144 ooc baseline: bytes True (2, 2)
1145 route baseline: bytes True (2, 2)
1146 route baseline_timing.rpt: duplicate line False (0,)
1147 ooc baseline_timing.rpt: number False (0,)
1148 ooc baseline_images.json: unicode False (2,)
1149 ooc baseline_cells.tsv: bytes True (2,)
1150 ooc baseline: type True (2, 2)
1151 ooc baseline_timing.rpt: missing True (2,)
1152 route alinx_ax7101_route_status.rpt: unicode False (0,)
1153 ooc baseline_cells.tsv: missing True (2,)
1154 route baseline_images.json: bytes True (2,)
1155 route baseline: truncate True (2, 2)
1156 route baseline_timing.rpt: swap lines False (2,)
1157 route baseline: duplicate True (2, 2)
1158 route baseline_cells.tsv: census header True (2,)
1159 ooc baseline: duplicate True (2, 2)
1160 ooc baseline: type True (2, 2)
1161 route baseline: overflow True (2, 2)
1162 route baseline_hierarchy.rpt: truncate False (0,)
1163 ooc baseline: value False (0, 0)
1164 ooc baseline_utilization.rpt: number False (1,)
1165 route baseline_timing.rpt: digit True (2,)
1166 route baseline_images.json: empty True (2,)
1167 route baseline_timing.rpt: unicode False (0,)
1168 ooc baseline_timing.rpt: unicode False (2,)
1169 ooc baseline_hierarchy.rpt: huge True (2,)
1170 ooc baseline: note True (2, 2)
1171 route baseline_cells.tsv: missing True (2,)
1172 ooc clock.xdc: unicode False (2,)
1173 ooc baseline_cells.tsv: bytes True (2,)
1174 ooc baseline: overflow True (2, 2)
1175 ooc baseline_hierarchy.rpt: number False (0,)
1176 ooc baseline_images.json: entry key True (2,)
1177 ooc clock.xdc: truncate False (2,)
1178 ooc baseline: truncate True (2, 2)
1179 ooc baseline_timing.rpt: unicode False (0,)
1180 ooc baseline: add True (2, 2)
1181 route baseline_images.json: missing True (2,)
1182 route baseline: note True (2, 2)
1183 route baseline: add True (2, 2)
1184 ooc baseline: digit True (2, 2)
1185 ooc baseline_timing.rpt: number False (0,)
1186 route baseline_images.json: missing True (2,)
1187 route baseline_hierarchy.rpt: truncate False (0,)
1188 route baseline_hierarchy.rpt: unicode False (2,)
1189 route baseline_cells.tsv: bytes True (2,)
1190 route alinx_ax7101_route_status.rpt: missing True (2,)
1191 route baseline_images.json: truncate False (2,)
1192 ooc baseline_hierarchy.rpt: huge True (2,)
1193 route baseline_cells.tsv: delete line False (0,)
1194 route baseline_hierarchy.rpt: swap lines False (2,)
1195 route baseline_timing.rpt: unicode False (0,)
1196 route baseline_hierarchy.rpt: missing True (2,)
1197 ooc baseline_utilization.rpt: swap lines False (2,)
1198 ooc baseline: duplicate True (2, 2)
1199 route baseline_utilization.rpt: empty True (2,)
1200 route baseline: type True (2, 2)
1201 route baseline_images.json: swap lines False (0,)
1202 ooc baseline_images.json: empty True (2,)
1203 ooc clock.xdc: bytes True (2,)
1204 ooc clock.xdc: unicode False (0,)
1205 route baseline_timing.rpt: bytes True (2,)
1206 route baseline_hierarchy.rpt: huge True (2,)
1207 ooc baseline_cells.tsv: bytes True (2,)
1208 ooc baseline_timing.rpt: empty True (2,)
1209 ooc baseline_utilization.rpt: empty True (2,)
1210 ooc baseline: type True (2, 2)
1211 ooc clock.xdc: empty False (2,)
1212 route baseline: remove False (0, 0)
1213 route baseline_timing.rpt: number False (0,)
1214 ooc baseline: overflow True (2, 2)
1215 route baseline: add False (2, 2)
1216 route baseline_images.json: swap lines False (0,)
1217 ooc baseline: digit True (2, 2)
1218 ooc baseline_timing.rpt: number False (0,)
1219 route baseline_cells.tsv: unicode False (0,)
1220 route baseline_hierarchy.rpt: swap lines False (0,)
1221 route baseline: add True (2, 2)
1222 ooc baseline_timing.rpt: number False (0,)
1223 ooc baseline: unicode False (0, 0)
1224 route alinx_ax7101_route_status.rpt: garble True (2,)
1225 route baseline_timing.rpt: duplicate line False (0,)
1226 ooc baseline: unicode True (2, 2)
1227 route baseline: bytes True (2, 2)
1228 route baseline: digit True (2, 2)
1229 ooc baseline: size: deep nesting True (2, 2)
1230 route baseline_images.json: unicode False (2,)
1231 ooc baseline_timing.rpt: huge True (2,)
1232 ooc baseline: bracket name True (2, 2)
1233 ooc baseline: bracket name True (2, 2)
1234 route baseline: duplicate True (2, 2)
1235 ooc baseline_images.json: unicode False (0,)
1236 ooc baseline_cells.tsv: junk lines False (2,)
1237 ooc baseline: unicode False (0, 0)
1238 route baseline: bad name True (2, 2)
1239 route baseline: type True (2, 2)
1240 ooc clock.xdc: bytes True (2,)
1241 ooc baseline_timing.rpt: digit True (2,)
1242 route baseline_utilization.rpt: bytes True (2,)
1243 route baseline: digit True (2, 2)
1244 route baseline_utilization.rpt: garble True (2,)
1245 route baseline_timing.rpt: junk lines False (2,)
1246 route baseline_timing.rpt: summary twice True (2,)
1247 route baseline_images.json: missing True (2,)
1248 ooc baseline_utilization.rpt: unicode False (2,)
1249 ooc baseline_hierarchy.rpt: huge True (2,)
1250 ooc baseline: bracket name True (2, 2)
1251 ooc baseline_images.json: empty True (2,)
1252 ooc baseline_hierarchy.rpt: delete line False (0,)
1253 route baseline_cells.tsv: unicode False (0,)
1254 route baseline_hierarchy.rpt: bytes True (2,)
1255 route baseline_cells.tsv: empty True (2,)
1256 ooc baseline: value False (0, 0)
1257 ooc baseline_cells.tsv: bytes True (2,)
1258 ooc baseline: add False (2, 2)
1259 ooc baseline: add True (2, 2)
1260 ooc baseline: digit True (2, 2)
1261 ooc baseline_hierarchy.rpt: bytes True (2,)
1262 route baseline: add False (2, 2)
1263 ooc baseline_hierarchy.rpt: garble True (2,)
1264 ooc baseline: bracket name True (2, 2)
1265 route baseline: bytes True (2, 2)
1266 route baseline: overflow True (2, 2)
1267 ooc baseline: overflow True (2, 2)
1268 route baseline: duplicate True (2, 2)
1269 ooc baseline: truncate True (2, 2)
1270 route baseline_utilization.rpt: unicode False (2,)
1271 ooc baseline_timing.rpt: huge True (2,)
1272 route baseline_timing.rpt: empty True (2,)
1273 ooc baseline: value False (0, 0)
1274 ooc baseline_hierarchy.rpt: huge True (2,)
1275 route baseline_hierarchy.rpt: junk lines False (2,)
1276 route baseline_images.json: missing True (2,)
1277 route baseline: digit True (2, 2)
1278 ooc baseline: bytes True (2, 2)
1279 route baseline_utilization.rpt: delete line False (2,)
1280 route baseline: remove True (2, 2)
1281 ooc baseline: unicode False (2, 0)
1282 ooc baseline_cells.tsv: missing True (2,)
1283 route baseline_cells.tsv: swap lines False (2,)
1284 route baseline_hierarchy.rpt: truncate False (2,)
1285 route baseline_timing.rpt: number False (0,)
1286 ooc clock.xdc: empty False (2,)
1287 route baseline_timing.rpt: truncate False (2,)
1288 route baseline: unicode False (0, 0)
1289 ooc baseline: bracket name True (2, 2)
1290 ooc baseline: remove False (0, 0)
1291 ooc clock.xdc: swap lines False (0,)
1292 route baseline: type True (2, 2)
1293 route baseline: remove True (2, 2)
1294 route alinx_ax7101_route_status.rpt: garble True (2,)
1295 route baseline_hierarchy.rpt: duplicate line False (2,)
1296 route baseline: remove False (2, 2)
1297 route baseline_cells.tsv: swap lines False (0,)
1298 route baseline: bad name True (2, 2)
1299 route baseline: digit True (2, 2)
1300 ooc baseline_timing.rpt: number False (0,)
1301 ooc baseline_images.json: junk lines False (2,)
1302 route baseline: note True (2, 2)
1303 ooc clock.xdc: bytes True (2,)
1304 ooc baseline: bytes True (2, 2)
1305 route baseline: note True (2, 2)
1306 route baseline: overflow True (2, 2)
1307 route baseline: digit True (2, 2)
1308 ooc baseline_cells.tsv: unicode False (0,)
1309 ooc baseline: bytes True (2, 2)
1310 route baseline_images.json: entry key True (2,)
1311 ooc baseline: bracket name True (2, 2)
1312 route baseline_timing.rpt: empty True (2,)
1313 route baseline_timing.rpt: junk lines False (0,)
1314 ooc baseline_cells.tsv: truncate False (0,)
1315 route baseline_images.json: entry key True (2,)
1316 ooc clock.xdc: empty False (2,)
1317 route baseline_timing.rpt: truncate False (2,)
1318 route baseline_timing.rpt: huge True (2,)
1319 route baseline: duplicate True (2, 2)
1320 route baseline_utilization.rpt: huge True (2,)
1321 ooc baseline: type True (2, 2)
1322 route baseline_images.json: missing True (2,)
1323 route baseline: truncate True (2, 2)
1324 ooc baseline_images.json: truncate False (2,)
1325 route baseline: size: long text False (0, 0)
1326 route baseline: bytes True (2, 2)
1327 route baseline: digit True (2, 2)
1328 ooc baseline: note False (0, 0)
1329 ooc baseline: digit True (2, 2)
1330 ooc baseline_cells.tsv: unicode False (2,)
1331 route baseline_timing.rpt: garble True (2,)
1332 route baseline_cells.tsv: census header True (2,)
1333 route baseline_utilization.rpt: header removed True (2,)
1334 ooc baseline_cells.tsv: empty True (2,)
1335 ooc baseline_timing.rpt: junk lines False (2,)
1336 route baseline: truncate True (2, 2)
1337 ooc baseline: value False (0, 0)
1338 ooc baseline_cells.tsv: census header True (2,)
1339 ooc baseline_hierarchy.rpt: garble True (2,)
1340 route baseline_timing.rpt: number False (1,)
1341 route baseline: unicode False (0, 0)
1342 route alinx_ax7101_route_status.rpt: second report True (2,)
1343 route baseline_hierarchy.rpt: number False (0,)
1344 ooc clock.xdc: delete line False (2,)
1345 route baseline: unicode True (2, 2)
1346 route baseline_timing.rpt: empty True (2,)
1347 ooc baseline_utilization.rpt: truncate False (2,)
1348 route alinx_ax7101_route_status.rpt: row removed True (2,)
1349 ooc baseline: digit True (2, 2)
1350 route baseline: bytes True (2, 2)
1351 route baseline: duplicate True (2, 2)
1352 route baseline: size: long text False (0, 0)
1353 ooc baseline_cells.tsv: bytes True (2,)
1354 ooc baseline_utilization.rpt: missing True (2,)
1355 ooc baseline_cells.tsv: empty True (2,)
1356 route baseline_utilization.rpt: header twice True (2,)
1357 ooc baseline: type True (2, 2)
1358 ooc baseline_hierarchy.rpt: garble True (2,)
1359 ooc baseline_hierarchy.rpt: unicode False (0,)
1360 route baseline_images.json: truncate False (2,)
1361 ooc baseline_hierarchy.rpt: truncate False (2,)
1362 ooc baseline_images.json: entry key False (0,)
1363 ooc baseline_timing.rpt: empty True (2,)
1364 ooc baseline_hierarchy.rpt: huge True (2,)
1365 ooc baseline_utilization.rpt: garble True (2,)
1366 route baseline: truncate True (2, 2)
1367 ooc baseline_cells.tsv: census header True (2,)
1368 route baseline_utilization.rpt: number False (1,)
1369 ooc baseline_images.json: entry key True (2,)
1370 route baseline: bad name True (2, 2)
1371 route baseline_images.json: bytes True (2,)
1372 ooc baseline_timing.rpt: summary twice True (2,)
1373 route baseline_cells.tsv: unicode False (0,)
1374 route baseline_utilization.rpt: truncate False (2,)
1375 ooc baseline_cells.tsv: bytes True (2,)
1376 ooc baseline: bracket name True (2, 2)
1377 ooc clock.xdc: empty False (2,)
1378 ooc baseline_cells.tsv: bytes True (2,)
1379 ooc baseline_hierarchy.rpt: garble True (2,)
1380 route baseline: add True (2, 2)
1381 ooc baseline: bracket name True (2, 2)
1382 route baseline: duplicate True (2, 2)
1383 ooc baseline: duplicate True (2, 2)
1384 route baseline: add True (2, 2)
1385 ooc baseline_utilization.rpt: digit True (2,)
1386 route baseline_timing.rpt: empty True (2,)
1387 ooc clock.xdc: empty False (2,)
1388 route alinx_ax7101_route_status.rpt: row twice True (2,)
1389 route baseline: duplicate True (2, 2)
1390 ooc baseline_cells.tsv: unicode False (2,)
1391 ooc baseline: overflow True (2, 2)
1392 route baseline_cells.tsv: bytes True (2,)
1393 ooc baseline: value False (0, 0)
1394 route baseline: size: deep nesting True (2, 2)
1395 route baseline: bracket name True (2, 2)
1396 route baseline_timing.rpt: digit True (2,)
1397 ooc baseline: note True (2, 2)
1398 route baseline_images.json: empty True (2,)
1399 route alinx_ax7101_route_status.rpt: row removed True (2,)
1400 route baseline_hierarchy.rpt: unicode False (0,)
1401 ooc baseline_utilization.rpt: truncate False (2,)
1402 route baseline_timing.rpt: number False (0,)
1403 route baseline_timing.rpt: huge True (2,)
1404 ooc baseline: duplicate True (2, 2)
1405 ooc baseline_utilization.rpt: number False (1,)
1406 route baseline: value False (0, 0)
1407 ooc baseline: digit True (2, 2)
1408 ooc baseline: truncate True (2, 2)
1409 route baseline_utilization.rpt: missing True (2,)
1410 route baseline: type True (2, 2)
1411 ooc baseline: remove False (2, 2)
1412 ooc baseline_timing.rpt: bytes True (2,)
1413 route baseline_timing.rpt: garble True (2,)
1414 route baseline: bytes True (2, 2)
1415 ooc baseline: bytes True (2, 2)
1416 route baseline: unicode False (2, 0)
1417 route baseline_timing.rpt: unicode False (2,)
1418 route baseline_hierarchy.rpt: garble True (2,)
1419 route baseline: note True (2, 2)
1420 route baseline_hierarchy.rpt: missing True (2,)
1421 ooc baseline: bad name True (2, 2)
1422 ooc baseline_timing.rpt: bytes True (2,)
1423 ooc baseline: type True (2, 2)
1424 route alinx_ax7101_route_status.rpt: missing True (2,)
1425 route alinx_ax7101_route_status.rpt: empty True (2,)
1426 ooc baseline: bracket name True (2, 2)
1427 route baseline_cells.tsv: bytes True (2,)
1428 route baseline_utilization.rpt: junk lines False (2,)
1429 route baseline: truncate True (2, 2)
1430 ooc baseline_timing.rpt: bytes True (2,)
1431 route baseline_images.json: entry key True (2,)
1432 route baseline_utilization.rpt: header removed True (2,)
1433 route baseline: bytes True (2, 2)
1434 ooc clock.xdc: missing False (2,)
1435 route alinx_ax7101_route_status.rpt: unicode False (0,)
1436 ooc baseline: bracket name True (2, 2)
1437 ooc baseline: value False (0, 0)
1438 route baseline_cells.tsv: truncate False (0,)
1439 route alinx_ax7101_route_status.rpt: truncate False (2,)
1440 ooc baseline: note True (2, 2)
1441 ooc baseline_timing.rpt: unicode False (2,)
1442 route baseline_images.json: entry key True (2,)
1443 route baseline_images.json: empty True (2,)
1444 ooc baseline_timing.rpt: empty True (2,)
1445 ooc clock.xdc: bytes True (2,)
1446 route baseline_utilization.rpt: digit True (2,)
1447 ooc clock.xdc: delete line False (2,)
1448 route baseline: size: many scopes False (0, 0)
1449 ooc baseline: type True (2, 2)
1450 route baseline: overflow True (2, 2)
1451 ooc baseline: duplicate True (2, 2)
1452 route baseline_images.json: empty True (2,)
1453 route baseline: size: long text False (2, 2)
1454 ooc baseline: remove True (2, 2)
1455 route baseline_timing.rpt: garble True (2,)
1456 ooc clock.xdc: empty False (2,)
1457 ooc baseline_images.json: entry key True (2,)
1458 route baseline: note True (2, 2)
1459 ooc baseline: size: long text False (0, 0)
1460 ooc baseline_images.json: entry key True (2,)
1461 ooc baseline_timing.rpt: digit True (2,)
1462 route baseline_cells.tsv: census header True (2,)
1463 route baseline_utilization.rpt: unicode False (2,)
1464 ooc clock.xdc: duplicate line False (2,)
1465 ooc baseline: duplicate True (2, 2)
1466 ooc baseline: note True (2, 2)
1467 ooc baseline: bytes True (2, 2)
1468 ooc baseline_timing.rpt: huge True (2,)
1469 route baseline: add True (2, 2)
1470 route baseline: add True (2, 2)
1471 route baseline: note True (2, 2)
1472 ooc baseline_cells.tsv: delete line False (0,)
1473 ooc baseline_timing.rpt: huge True (2,)
1474 ooc baseline_cells.tsv: census header True (2,)
1475 ooc baseline: digit True (2, 2)
1476 ooc baseline_timing.rpt: digit True (2,)
1477 route baseline: truncate True (2, 2)
1478 ooc clock.xdc: missing False (2,)
1479 route baseline: note True (2, 2)
1480 ooc baseline: bracket name True (2, 2)
1481 ooc baseline_timing.rpt: huge True (2,)
1482 route baseline_images.json: bytes True (2,)
1483 ooc baseline_utilization.rpt: empty True (2,)
1484 ooc clock.xdc: bytes True (2,)
1485 route baseline: duplicate True (2, 2)
1486 ooc baseline: digit True (2, 2)
1487 route baseline_cells.tsv: duplicate line False (0,)
1488 ooc baseline_hierarchy.rpt: garble True (2,)
1489 route alinx_ax7101_route_status.rpt: second report True (2,)
1490 route baseline: value False (0, 0)
1491 ooc baseline_utilization.rpt: bytes True (2,)
1492 route baseline_timing.rpt: missing True (2,)
1493 ooc baseline: remove True (2, 2)
1494 route baseline_hierarchy.rpt: empty True (2,)
1495 ooc baseline_hierarchy.rpt: empty True (2,)
1496 ooc baseline_utilization.rpt: delete line False (2,)
1497 ooc baseline_hierarchy.rpt: huge True (2,)
1498 route baseline_cells.tsv: missing True (2,)
1499 ooc clock.xdc: unicode False (0,)
1500 ooc baseline: bad name True (2, 2)
1501 ooc baseline: bracket name True (2, 2)
1502 ooc baseline_cells.tsv: bytes True (2,)
1503 route baseline: bytes True (2, 2)
1504 ooc baseline_images.json: bytes True (2,)
1505 route baseline: bracket name True (2, 2)
1506 ooc baseline: duplicate True (2, 2)
1507 route baseline_hierarchy.rpt: missing True (2,)
1508 route baseline: value False (0, 0)
1509 ooc baseline: size: deep nesting True (2, 2)
1510 route baseline_timing.rpt: bytes True (2,)
1511 route baseline_hierarchy.rpt: garble True (2,)
1512 ooc clock.xdc: missing False (2,)
1513 route baseline_cells.tsv: census header True (2,)
1514 route alinx_ax7101_route_status.rpt: digit True (2,)
1515 ooc clock.xdc: empty False (2,)
1516 route baseline: overflow True (2, 2)
1517 route baseline_hierarchy.rpt: empty True (2,)
1518 route baseline: remove True (2, 2)
1519 route baseline: overflow True (2, 2)
1520 ooc baseline: remove True (2, 2)
1521 ooc baseline_utilization.rpt: number False (1,)
1522 ooc baseline: bad name True (2, 2)
1523 route baseline: remove True (2, 2)
1524 ooc baseline: truncate True (2, 2)
1525 ooc baseline_utilization.rpt: unicode False (2,)
1526 route baseline_utilization.rpt: missing True (2,)
1527 ooc clock.xdc: delete line False (2,)
1528 route baseline_cells.tsv: missing True (2,)
1529 route baseline: unicode False (2, 0)
1530 route baseline: bytes True (2, 2)
1531 route alinx_ax7101_route_status.rpt: row twice True (2,)
1532 route baseline: add True (2, 2)
1533 ooc baseline_utilization.rpt: huge True (2,)
1534 ooc baseline_utilization.rpt: duplicate line False (2,)
1535 ooc baseline_hierarchy.rpt: junk lines False (2,)
1536 ooc baseline: overflow True (2, 2)
1537 ooc baseline_cells.tsv: missing True (2,)
1538 ooc baseline_utilization.rpt: digit True (2,)
1539 route baseline: overflow True (2, 2)
1540 ooc baseline: note True (2, 2)
1541 route baseline: truncate True (2, 2)
1542 route baseline: note True (2, 2)
1543 route baseline_timing.rpt: huge True (2,)
1544 route baseline: digit True (2, 2)
1545 route baseline_images.json: missing True (2,)
1546 ooc baseline: unicode False (0, 0)
1547 ooc baseline_utilization.rpt: junk lines False (2,)
1548 route baseline_cells.tsv: truncate False (0,)
1549 route alinx_ax7101_route_status.rpt: number False (0,)
1550 ooc baseline: bytes True (2, 2)
1551 ooc baseline_hierarchy.rpt: digit True (2,)
1552 route baseline: unicode False (0, 0)
1553 ooc baseline: truncate True (2, 2)
1554 ooc baseline: note True (2, 2)
1555 route alinx_ax7101_route_status.rpt: row twice True (2,)
1556 ooc baseline: add False (0, 0)
1557 ooc clock.xdc: bytes True (2,)
1558 ooc baseline: add False (0, 2)
1559 ooc baseline_cells.tsv: bytes True (2,)
1560 ooc baseline_utilization.rpt: missing True (2,)
1561 ooc baseline: bytes True (2, 2)
1562 route alinx_ax7101_route_status.rpt: bytes True (2,)
1563 ooc baseline_cells.tsv: unicode False (0,)
1564 ooc baseline: duplicate True (2, 2)
1565 route baseline_timing.rpt: number False (0,)
1566 route baseline: bytes True (2, 2)
1567 route baseline_timing.rpt: digit True (2,)
1568 route baseline_utilization.rpt: truncate False (0,)
1569 ooc baseline: type True (2, 2)
1570 ooc baseline_timing.rpt: garble True (2,)
1571 ooc baseline: value False (0, 0)
1572 ooc clock.xdc: bytes True (2,)
1573 route baseline: remove True (2, 2)
1574 route baseline_timing.rpt: number False (0,)
1575 ooc baseline_utilization.rpt: swap lines False (2,)
1576 route baseline_cells.tsv: census header True (2,)
1577 route baseline_hierarchy.rpt: truncate False (0,)
1578 ooc baseline: value False (0, 0)
1579 ooc baseline_utilization.rpt: missing True (2,)
1580 ooc baseline_utilization.rpt: garble True (2,)
1581 ooc baseline_cells.tsv: empty True (2,)
1582 route baseline_cells.tsv: census header True (2,)
1583 route baseline: remove True (2, 2)
1584 route baseline_images.json: empty True (2,)
1585 ooc baseline: unicode True (2, 2)
1586 ooc clock.xdc: duplicate line False (2,)
1587 route baseline_images.json: unicode False (2,)
1588 route baseline: add False (2, 2)
1589 ooc baseline: size: many scopes False (0, 0)
1590 route baseline_images.json: empty True (2,)
1591 route baseline_hierarchy.rpt: missing True (2,)
1592 ooc baseline: bracket name True (2, 2)
1593 route baseline: digit True (2, 2)
1594 route baseline: size: many scopes False (0, 0)
1595 ooc clock.xdc: missing False (2,)
1596 ooc clock.xdc: missing False (2,)
1597 route baseline: bad name True (2, 2)
1598 route baseline_hierarchy.rpt: bytes True (2,)
1599 route baseline_utilization.rpt: truncate False (0,)
1600 route alinx_ax7101_route_status.rpt: huge True (2,)
1601 ooc baseline: size: many scopes False (0, 0)
1602 ooc baseline_hierarchy.rpt: swap lines False (2,)
1603 ooc baseline_images.json: empty True (2,)
1604 route baseline: remove False (0, 0)
1605 ooc baseline: type True (2, 2)
1606 ooc baseline_timing.rpt: unicode False (0,)
1607 ooc baseline: type True (2, 2)
1608 route alinx_ax7101_route_status.rpt: duplicate line False (0,)
1609 route baseline: remove True (2, 2)
1610 route alinx_ax7101_route_status.rpt: bytes True (2,)
1611 route baseline: unicode False (0, 0)
1612 ooc baseline_timing.rpt: missing True (2,)
1613 route baseline_hierarchy.rpt: huge True (2,)
1614 ooc baseline_timing.rpt: garble True (2,)
1615 ooc baseline_cells.tsv: junk lines False (2,)
1616 route baseline: overflow True (2, 2)
1617 ooc baseline_cells.tsv: missing True (2,)
1618 route baseline_cells.tsv: truncate False (0,)
1619 route baseline: size: long text False (2, 0)
1620 ooc baseline_timing.rpt: number False (0,)
1621 route baseline: unicode False (2, 0)
1622 route alinx_ax7101_route_status.rpt: huge True (2,)
1623 route baseline_cells.tsv: delete line False (0,)
1624 route baseline_utilization.rpt: missing True (2,)
1625 ooc baseline: bad name True (2, 2)
1626 ooc baseline_images.json: empty True (2,)
1627 route baseline_cells.tsv: unicode False (2,)
1628 ooc baseline_images.json: junk lines False (2,)
1629 route baseline_timing.rpt: number False (0,)
1630 route baseline_utilization.rpt: unicode False (2,)
1631 route alinx_ax7101_route_status.rpt: second report True (2,)
1632 ooc baseline_cells.tsv: truncate False (0,)
1633 ooc baseline: bytes True (2, 2)
1634 route baseline: duplicate True (2, 2)
1635 ooc baseline_hierarchy.rpt: unicode False (0,)
1636 ooc baseline: add True (2, 2)
1637 ooc baseline_cells.tsv: bytes True (2,)
1638 route alinx_ax7101_route_status.rpt: bytes True (2,)
1639 ooc baseline: bracket name True (2, 2)
1640 ooc baseline: bad name True (2, 2)
1641 ooc baseline: add False (2, 2)
1642 route baseline_timing.rpt: digit True (2,)
1643 route baseline_hierarchy.rpt: garble True (2,)
1644 ooc baseline_utilization.rpt: digit True (2,)
1645 route baseline_images.json: unicode False (2,)
1646 ooc baseline_utilization.rpt: header twice True (2,)
1647 route baseline_cells.tsv: missing True (2,)
1648 ooc clock.xdc: bytes True (2,)
1649 ooc baseline_hierarchy.rpt: garble True (2,)
1650 route baseline: overflow True (2, 2)
1651 ooc baseline: duplicate True (2, 2)
1652 route baseline_cells.tsv: empty True (2,)
1653 ooc clock.xdc: truncate False (0,)
1654 route baseline_utilization.rpt: duplicate line False (2,)
1655 route baseline_hierarchy.rpt: number False (0,)
1656 route baseline: unicode False (2, 0)
1657 route baseline: size: long text False (0, 0)
1658 route alinx_ax7101_route_status.rpt: empty True (2,)
1659 route baseline: note True (2, 2)
1660 route baseline_hierarchy.rpt: unicode False (0,)
1661 route baseline_images.json: bytes True (2,)
1662 ooc baseline_timing.rpt: summary twice True (2,)
1663 ooc baseline: remove True (2, 2)
1664 route baseline_cells.tsv: census header True (2,)
1665 route baseline_utilization.rpt: missing True (2,)
1666 route baseline: duplicate True (2, 2)
1667 ooc baseline: bytes True (2, 2)
1668 ooc baseline_utilization.rpt: digit True (2,)
1669 ooc baseline_timing.rpt: digit True (2,)
1670 route baseline_images.json: unicode False (2,)
1671 ooc clock.xdc: junk lines False (2,)
1672 ooc baseline_hierarchy.rpt: bytes True (2,)
1673 ooc baseline_hierarchy.rpt: unicode False (0,)
1674 ooc baseline_timing.rpt: truncate False (2,)
1675 ooc baseline_images.json: missing True (2,)
1676 ooc baseline: truncate True (2, 2)
1677 route alinx_ax7101_route_status.rpt: row removed True (2,)
1678 ooc baseline_images.json: empty True (2,)
1679 ooc baseline: overflow True (2, 2)
1680 ooc baseline: size: long text False (0, 0)
1681 ooc baseline_timing.rpt: unicode False (0,)
1682 route baseline_timing.rpt: empty True (2,)
1683 route baseline: truncate True (2, 2)
1684 ooc baseline_utilization.rpt: digit True (2,)
1685 ooc clock.xdc: empty False (2,)
1686 route baseline_timing.rpt: garble True (2,)
1687 route baseline: duplicate True (2, 2)
1688 ooc baseline: type True (2, 2)
1689 route baseline_utilization.rpt: header removed True (2,)
1690 ooc baseline_utilization.rpt: missing True (2,)
1691 ooc baseline: digit True (2, 2)
1692 ooc baseline: note True (2, 2)
1693 ooc baseline: bytes True (2, 2)
1694 route baseline_cells.tsv: missing True (2,)
1695 route baseline_utilization.rpt: unicode False (2,)
1696 route baseline: size: long text False (2, 0)
1697 ooc baseline: digit True (2, 2)
1698 ooc baseline_utilization.rpt: header twice True (2,)
1699 route baseline_timing.rpt: digit True (2,)
1700 route baseline: remove False (0, 0)
1701 ooc baseline: unicode False (0, 0)
1702 route baseline: digit True (2, 2)
1703 ooc baseline_timing.rpt: empty True (2,)
1704 ooc baseline: bad name True (2, 2)
1705 ooc baseline_images.json: empty True (2,)
1706 ooc baseline: value False (0, 0)
1707 ooc baseline: value False (0, 0)
1708 ooc baseline_hierarchy.rpt: bytes True (2,)
1709 ooc baseline: truncate True (2, 2)
1710 route baseline_hierarchy.rpt: bytes True (2,)
1711 ooc baseline_cells.tsv: unicode False (0,)
1712 route alinx_ax7101_route_status.rpt: garble True (2,)
1713 route baseline: note True (2, 2)
1714 ooc baseline_hierarchy.rpt: unicode False (0,)
1715 ooc baseline_timing.rpt: truncate False (2,)
1716 ooc baseline: duplicate True (2, 2)
1717 route baseline: bad name True (2, 2)
1718 route alinx_ax7101_route_status.rpt: unicode False (0,)
1719 route alinx_ax7101_route_status.rpt: empty True (2,)
1720 route baseline_cells.tsv: swap lines False (0,)
1721 route baseline: digit True (2, 2)
1722 route baseline_cells.tsv: unicode False (2,)
1723 route baseline_utilization.rpt: unicode False (2,)
1724 ooc baseline: duplicate True (2, 2)
1725 ooc baseline: note False (0, 0)
1726 ooc baseline_cells.tsv: missing True (2,)
1727 route baseline_cells.tsv: truncate False (0,)
1728 route baseline_images.json: empty True (2,)
1729 ooc baseline_utilization.rpt: empty True (2,)
1730 route baseline_hierarchy.rpt: garble True (2,)
1731 ooc baseline_images.json: unicode False (2,)
1732 ooc baseline_timing.rpt: huge True (2,)
1733 route baseline_hierarchy.rpt: truncate False (0,)
1734 route baseline: note True (2, 2)
1735 ooc baseline_cells.tsv: unicode False (2,)
1736 route baseline: value False (0, 0)
1737 route baseline_utilization.rpt: header twice True (2,)
1738 route baseline_hierarchy.rpt: empty True (2,)
1739 route baseline_timing.rpt: huge True (2,)
1740 route baseline_timing.rpt: empty True (2,)
1741 route baseline_cells.tsv: swap lines False (0,)
1742 route alinx_ax7101_route_status.rpt: bytes True (2,)
1743 route baseline_hierarchy.rpt: huge True (2,)
1744 route baseline: duplicate True (2, 2)
1745 route baseline: add True (2, 2)
1746 ooc baseline: size: deep nesting True (2, 2)
1747 ooc baseline_images.json: empty True (2,)
1748 route baseline_cells.tsv: junk lines False (2,)
1749 ooc baseline: note True (2, 2)
1750 route baseline: overflow True (2, 2)
1751 route baseline_hierarchy.rpt: truncate False (2,)
1752 route baseline_cells.tsv: census header True (2,)
1753 ooc clock.xdc: duplicate line False (2,)
1754 ooc baseline: bracket name True (2, 2)
1755 ooc baseline_images.json: swap lines False (0,)
1756 route alinx_ax7101_route_status.rpt: missing True (2,)
1757 route baseline_utilization.rpt: unicode False (2,)
1758 ooc baseline: note True (2, 2)
1759 route baseline_cells.tsv: truncate False (0,)
1760 ooc baseline_hierarchy.rpt: bytes True (2,)
1761 route baseline: digit True (2, 2)
1762 route baseline_utilization.rpt: number False (1,)
1763 route baseline: digit True (2, 2)
1764 ooc baseline_hierarchy.rpt: missing True (2,)
1765 ooc baseline_utilization.rpt: unicode False (2,)
1766 route baseline: bracket name False (0, 0)
1767 ooc baseline: note True (2, 2)
1768 ooc baseline: bytes True (2, 2)
1769 ooc baseline_hierarchy.rpt: bytes True (2,)
1770 ooc baseline_hierarchy.rpt: empty True (2,)
1771 route baseline_utilization.rpt: header removed True (2,)
1772 route baseline_utilization.rpt: header twice True (2,)
1773 ooc baseline: truncate True (2, 2)
1774 route baseline_cells.tsv: unicode False (0,)
1775 ooc baseline: size: deep nesting True (2, 2)
1776 route baseline_hierarchy.rpt: digit True (2,)
1777 ooc baseline: bad name True (2, 2)
1778 route baseline: value False (2, 2)
1779 route baseline_timing.rpt: junk lines False (2,)
1780 ooc baseline_cells.tsv: bytes True (2,)
1781 route baseline_hierarchy.rpt: unicode False (2,)
1782 route baseline_timing.rpt: unicode False (2,)
1783 ooc baseline_hierarchy.rpt: swap lines False (2,)
1784 ooc baseline_utilization.rpt: header twice True (2,)
1785 route baseline: unicode False (2, 0)
1786 route baseline: size: deep nesting True (2, 2)
1787 route alinx_ax7101_route_status.rpt: missing True (2,)
1788 ooc baseline_cells.tsv: missing True (2,)
1789 ooc baseline_timing.rpt: truncate False (2,)
1790 route baseline: add True (2, 2)
1791 route baseline_hierarchy.rpt: missing True (2,)
1792 route baseline: size: many scopes False (0, 0)
1793 ooc baseline_images.json: truncate False (2,)
1794 ooc clock.xdc: bytes True (2,)
1795 route baseline_images.json: empty True (2,)
1796 route baseline: bad name True (2, 2)
1797 route baseline: size: long text False (0, 0)
1798 route baseline_hierarchy.rpt: truncate False (2,)
1799 route alinx_ax7101_route_status.rpt: missing True (2,)
1800 route baseline: bracket name True (2, 2)
1801 route baseline: add True (2, 2)
1802 route alinx_ax7101_route_status.rpt: missing True (2,)
1803 ooc baseline_images.json: missing True (2,)
1804 route baseline: overflow True (2, 2)
1805 route baseline: duplicate True (2, 2)
1806 route baseline: add True (2, 2)
1807 ooc baseline_cells.tsv: swap lines False (0,)
1808 ooc baseline: bad name True (2, 2)
1809 ooc baseline: bytes True (2, 2)
1810 ooc baseline: type True (2, 2)
1811 route baseline_images.json: unicode False (2,)
1812 ooc baseline: overflow True (2, 2)
1813 ooc baseline_hierarchy.rpt: missing True (2,)
1814 route baseline: overflow True (2, 2)
1815 route baseline_utilization.rpt: header twice True (2,)
1816 route baseline: unicode False (2, 0)
1817 ooc baseline: unicode False (0, 0)
1818 route baseline_images.json: missing True (2,)
1819 ooc clock.xdc: bytes True (2,)
1820 ooc clock.xdc: missing False (2,)
1821 route alinx_ax7101_route_status.rpt: number False (1,)
1822 route alinx_ax7101_route_status.rpt: swap lines False (0,)
1823 ooc baseline_timing.rpt: bytes True (2,)
1824 route baseline: truncate True (2, 2)
1825 ooc baseline_utilization.rpt: swap lines False (2,)
1826 ooc clock.xdc: empty False (2,)
1827 ooc baseline: type True (2, 2)
1828 route baseline_utilization.rpt: empty True (2,)
1829 ooc clock.xdc: truncate False (0,)
1830 route baseline: unicode False (2, 0)
1831 route baseline_cells.tsv: truncate False (0,)
1832 route baseline: overflow True (2, 2)
1833 ooc baseline: type True (2, 2)
1834 route baseline: bytes True (2, 2)
1835 route baseline_images.json: entry key True (2,)
1836 route baseline: remove True (2, 2)
1837 ooc baseline_cells.tsv: unicode False (0,)
1838 ooc baseline: type True (2, 2)
1839 route baseline: duplicate True (2, 2)
1840 route baseline_timing.rpt: huge True (2,)
1841 route baseline_timing.rpt: huge True (2,)
1842 route baseline_hierarchy.rpt: garble True (2,)
1843 ooc baseline: add False (2, 2)
1844 ooc baseline_utilization.rpt: missing True (2,)
1845 ooc baseline: value False (2, 2)
1846 ooc baseline_utilization.rpt: huge True (2,)
1847 ooc baseline_timing.rpt: empty True (2,)
1848 ooc baseline: unicode False (0, 0)
1849 ooc baseline_timing.rpt: digit True (2,)
1850 route baseline: add True (2, 2)
1851 ooc baseline: bytes True (2, 2)
1852 ooc baseline_utilization.rpt: digit True (2,)
1853 route baseline_cells.tsv: delete line False (2,)
1854 route baseline: unicode False (2, 0)
1855 route baseline_images.json: missing True (2,)
1856 ooc baseline_images.json: entry key True (2,)
1857 ooc baseline_hierarchy.rpt: unicode False (0,)
1858 route baseline: unicode False (0, 0)
1859 ooc baseline: size: long text False (2, 2)
1860 ooc baseline: bad name True (2, 2)
1861 route baseline: remove True (2, 2)
1862 ooc baseline: bad name True (2, 2)
1863 ooc baseline_utilization.rpt: header twice True (2,)
1864 ooc baseline: add True (2, 2)
1865 route baseline_utilization.rpt: truncate False (2,)
1866 route baseline: duplicate True (2, 2)
1867 route baseline: unicode False (2, 0)
1868 route baseline: value False (1, 0)
1869 route baseline: duplicate True (2, 2)
1870 ooc baseline: add False (0, 0)
1871 route baseline_hierarchy.rpt: number False (0,)
1872 route baseline_images.json: missing True (2,)
1873 route baseline_images.json: duplicate line False (2,)
1874 ooc baseline_hierarchy.rpt: huge True (2,)
1875 route baseline_hierarchy.rpt: duplicate line False (2,)
1876 ooc baseline: bytes True (2, 2)
1877 route baseline_images.json: duplicate line False (2,)
1878 route baseline: type True (2, 2)
1879 route baseline_utilization.rpt: garble True (2,)
1880 ooc baseline: duplicate True (2, 2)
1881 route baseline: bracket name True (2, 2)
1882 ooc baseline_hierarchy.rpt: empty True (2,)
1883 ooc baseline_images.json: unicode False (0,)
1884 route alinx_ax7101_route_status.rpt: row twice True (2,)
1885 route baseline_images.json: empty True (2,)
1886 ooc baseline_timing.rpt: empty True (2,)
1887 ooc baseline: unicode False (2, 0)
1888 route alinx_ax7101_route_status.rpt: empty True (2,)
1889 ooc baseline_utilization.rpt: delete line False (2,)
1890 ooc baseline_cells.tsv: bytes True (2,)
1891 route baseline_images.json: swap lines False (0,)
1892 route alinx_ax7101_route_status.rpt: row twice True (2,)
1893 route baseline_images.json: unicode False (2,)
1894 route baseline: size: many scopes False (0, 0)
1895 ooc baseline: unicode False (0, 0)
1896 ooc baseline_images.json: empty True (2,)
1897 route baseline: truncate True (2, 2)
1898 ooc baseline: remove True (2, 2)
1899 route baseline_timing.rpt: missing True (2,)
1900 ooc baseline_hierarchy.rpt: number False (0,)
1901 ooc baseline: bad name True (2, 2)
1902 route baseline_cells.tsv: empty True (2,)
1903 route baseline_utilization.rpt: garble True (2,)
1904 ooc baseline: add True (2, 2)
1905 ooc baseline_hierarchy.rpt: truncate False (2,)
1906 ooc baseline_hierarchy.rpt: unicode False (0,)
1907 route baseline: bracket name True (2, 2)
1908 route baseline: bad name True (2, 2)
1909 ooc baseline_hierarchy.rpt: unicode False (0,)
1910 route baseline_images.json: missing True (2,)
1911 route alinx_ax7101_route_status.rpt: bytes True (2,)
1912 ooc baseline_cells.tsv: census header True (2,)
1913 route baseline_hierarchy.rpt: number False (0,)
1914 ooc clock.xdc: empty False (2,)
1915 route baseline_hierarchy.rpt: unicode False (0,)
1916 route alinx_ax7101_route_status.rpt: digit True (2,)
1917 ooc baseline: truncate True (2, 2)
1918 route baseline_timing.rpt: empty True (2,)
1919 route baseline_utilization.rpt: header twice True (2,)
1920 ooc baseline_hierarchy.rpt: truncate False (0,)
1921 ooc baseline_hierarchy.rpt: delete line False (2,)
1922 route baseline: add False (0, 2)
1923 ooc baseline_hierarchy.rpt: bytes True (2,)
1924 ooc baseline_hierarchy.rpt: bytes True (2,)
1925 ooc baseline: duplicate True (2, 2)
1926 ooc baseline: type True (2, 2)
1927 ooc baseline_utilization.rpt: digit True (2,)
1928 route baseline: bytes True (2, 2)
1929 ooc baseline_timing.rpt: number False (0,)
1930 route alinx_ax7101_route_status.rpt: garble True (2,)
1931 ooc baseline: overflow True (2, 2)
1932 route baseline: overflow True (2, 2)
1933 route baseline_timing.rpt: empty True (2,)
1934 ooc baseline_hierarchy.rpt: junk lines False (2,)
1935 ooc baseline: add True (2, 2)
1936 route baseline_hierarchy.rpt: huge True (2,)
1937 ooc clock.xdc: bytes True (2,)
1938 route baseline_images.json: truncate False (2,)
1939 ooc baseline_timing.rpt: swap lines False (0,)
1940 ooc baseline_cells.tsv: census header True (2,)
1941 ooc baseline_images.json: bytes True (2,)
1942 ooc baseline_cells.tsv: bytes True (2,)
1943 ooc baseline: type True (2, 2)
1944 route baseline: duplicate True (2, 2)
1945 route baseline_utilization.rpt: garble True (2,)
1946 route baseline_hierarchy.rpt: bytes True (2,)
1947 ooc baseline_cells.tsv: census header True (2,)
1948 route baseline: unicode False (0, 0)
1949 route baseline_utilization.rpt: huge True (2,)
1950 route baseline_hierarchy.rpt: bytes True (2,)
1951 route baseline_hierarchy.rpt: empty True (2,)
1952 route baseline: bytes True (2, 2)
1953 route baseline: note True (2, 2)
1954 ooc baseline_timing.rpt: digit True (2,)
1955 ooc clock.xdc: junk lines False (2,)
1956 route baseline_utilization.rpt: missing True (2,)
1957 ooc baseline_images.json: junk lines False (2,)
1958 ooc baseline: value False (0, 2)
1959 route baseline_cells.tsv: empty True (2,)
1960 route baseline: note False (0, 0)
1961 route baseline: digit True (2, 2)
1962 ooc baseline_cells.tsv: truncate False (0,)
1963 route baseline_cells.tsv: duplicate line False (0,)
1964 route baseline_utilization.rpt: missing True (2,)
1965 ooc baseline: unicode False (2, 0)
1966 route baseline: value False (0, 2)
1967 route baseline_hierarchy.rpt: digit True (2,)
1968 route baseline_timing.rpt: missing True (2,)
1969 route baseline_images.json: truncate False (2,)
1970 ooc baseline: type True (2, 2)
1971 route baseline: note True (2, 2)
1972 ooc baseline_images.json: unicode False (2,)
1973 route baseline: bad name True (2, 2)
1974 route baseline_timing.rpt: unicode False (0,)
1975 ooc baseline: overflow True (2, 2)
1976 ooc baseline_hierarchy.rpt: number False (0,)
1977 ooc baseline_timing.rpt: digit True (2,)
1978 ooc baseline: size: long text False (2, 0)
1979 route baseline_cells.tsv: unicode False (0,)
1980 route alinx_ax7101_route_status.rpt: huge True (2,)
1981 route baseline: truncate True (2, 2)
1982 ooc baseline: unicode False (0, 0)
1983 ooc clock.xdc: missing False (2,)
1984 route baseline: bad name True (2, 2)
1985 route baseline_images.json: unicode False (2,)
1986 ooc baseline: value False (0, 2)
1987 route baseline_hierarchy.rpt: truncate False (0,)
1988 route baseline: note False (0, 0)
1989 ooc baseline: note True (2, 2)
1990 route baseline_images.json: entry key True (2,)
1991 route baseline_utilization.rpt: missing True (2,)
1992 route baseline_timing.rpt: unicode False (2,)
1993 ooc baseline_cells.tsv: empty True (2,)
1994 ooc baseline_hierarchy.rpt: huge True (2,)
1995 ooc baseline_timing.rpt: empty True (2,)
1996 ooc baseline: value False (0, 0)
1997 route baseline_hierarchy.rpt: digit True (2,)
1998 route baseline: add True (2, 2)
1999 route baseline_images.json: missing True (2,)
2000 route baseline_timing.rpt: garble True (2,)
2001 route baseline: truncate True (2, 2)
2002 route baseline: overflow True (2, 2)
2003 ooc baseline_images.json: missing True (2,)
2004 route baseline_cells.tsv: truncate False (0,)
2005 ooc baseline_cells.tsv: bytes True (2,)
2006 ooc baseline: add False (0, 2)
2007 route baseline_images.json: empty True (2,)
2008 route baseline_utilization.rpt: truncate False (2,)
2009 route baseline_images.json: missing True (2,)
2010 ooc baseline: type True (2, 2)
2011 route baseline_hierarchy.rpt: truncate False (2,)
2012 ooc clock.xdc: empty False (2,)
2013 ooc baseline_utilization.rpt: bytes True (2,)
2014 ooc baseline: remove True (2, 2)
2015 route alinx_ax7101_route_status.rpt: bytes True (2,)
2016 route baseline: duplicate True (2, 2)
2017 ooc baseline_timing.rpt: number False (0,)
2018 route baseline_timing.rpt: empty True (2,)
2019 route baseline: size: many scopes False (0, 0)
2020 ooc baseline_cells.tsv: bytes True (2,)
2021 route baseline: digit True (2, 2)
2022 ooc baseline_cells.tsv: bytes True (2,)
2023 route baseline: add True (2, 2)
2024 ooc baseline_hierarchy.rpt: digit True (2,)
2025 route baseline_utilization.rpt: bytes True (2,)
2026 ooc baseline_hierarchy.rpt: garble True (2,)
2027 ooc baseline_hierarchy.rpt: empty True (2,)
2028 ooc baseline: remove False (0, 0)
2029 route baseline_hierarchy.rpt: unicode False (2,)
2030 ooc baseline_images.json: missing True (2,)
2031 ooc baseline: type True (2, 2)
2032 ooc baseline_utilization.rpt: delete line False (2,)
2033 ooc baseline_utilization.rpt: junk lines False (2,)
2034 route baseline_hierarchy.rpt: garble True (2,)
2035 route baseline: note False (0, 0)
2036 route baseline: unicode False (0, 0)
2037 route alinx_ax7101_route_status.rpt: garble True (2,)
2038 route baseline_cells.tsv: census header True (2,)
2039 route baseline: value False (0, 0)
2040 ooc baseline: type True (2, 2)
2041 route baseline: unicode False (2, 0)
2042 route baseline_cells.tsv: missing True (2,)
2043 ooc baseline_hierarchy.rpt: digit True (2,)
2044 route baseline_cells.tsv: bytes True (2,)
2045 route baseline_hierarchy.rpt: huge True (2,)
2046 route baseline_timing.rpt: junk lines False (2,)
2047 ooc baseline: size: long text False (0, 0)
2048 route baseline_images.json: swap lines False (0,)
2049 route baseline: type True (2, 2)
2050 route baseline: type True (2, 2)
2051 route baseline: bytes True (2, 2)
2052 ooc baseline: digit True (2, 2)
2053 ooc baseline_images.json: missing True (2,)
2054 route baseline: duplicate True (2, 2)
2055 route baseline_cells.tsv: bytes True (2,)
2056 ooc baseline: bad name True (2, 2)
2057 ooc clock.xdc: swap lines False (0,)
2058 route baseline_utilization.rpt: digit True (2,)
2059 ooc baseline_hierarchy.rpt: duplicate line False (2,)
2060 route baseline_hierarchy.rpt: number False (0,)
2061 ooc baseline: value False (0, 0)
2062 route baseline_images.json: entry key True (2,)
2063 route baseline: size: deep nesting True (2, 2)
2064 ooc baseline: truncate True (2, 2)
2065 ooc baseline_cells.tsv: delete line False (0,)
2066 ooc baseline: bracket name True (2, 2)
2067 ooc baseline_utilization.rpt: truncate False (2,)
2068 ooc baseline: note True (2, 2)
2069 route baseline_images.json: bytes True (2,)
2070 ooc baseline_utilization.rpt: header removed True (2,)
2071 route baseline: bad name True (2, 2)
2072 ooc baseline: bracket name True (2, 2)
2073 route baseline: type True (2, 2)
2074 ooc baseline: size: long text False (2, 0)
2075 ooc baseline_hierarchy.rpt: truncate False (0,)
2076 route baseline: overflow True (2, 2)
2077 route baseline_utilization.rpt: bytes True (2,)
2078 route baseline_timing.rpt: junk lines False (2,)
2079 route baseline: add True (2, 2)
2080 route alinx_ax7101_route_status.rpt: number False (0,)
2081 ooc baseline_cells.tsv: unicode False (0,)
2082 ooc baseline_images.json: empty True (2,)
2083 ooc baseline: add True (2, 2)
2084 ooc clock.xdc: unicode False (0,)
2085 ooc baseline: digit True (2, 2)
2086 route baseline: remove True (2, 2)
2087 ooc baseline: unicode False (2, 0)
2088 ooc baseline_images.json: unicode False (2,)
2089 route baseline_cells.tsv: duplicate line False (0,)
2090 ooc baseline: remove True (2, 2)
2091 route baseline_timing.rpt: unicode False (0,)
2092 route baseline_cells.tsv: empty True (2,)
2093 ooc baseline_hierarchy.rpt: unicode False (0,)
2094 route alinx_ax7101_route_status.rpt: unicode False (0,)
2095 route alinx_ax7101_route_status.rpt: junk lines False (2,)
2096 route baseline_cells.tsv: unicode False (0,)
2097 ooc clock.xdc: truncate False (2,)
2098 ooc baseline: remove True (2, 2)
2099 ooc baseline_timing.rpt: digit True (2,)
2100 ooc baseline_timing.rpt: empty True (2,)
2101 route baseline: digit True (2, 2)
2102 ooc baseline: type True (2, 2)
2103 ooc baseline_utilization.rpt: header removed True (2,)
2104 route baseline: overflow True (2, 2)
2105 route baseline: remove True (2, 2)
2106 ooc baseline: type True (2, 2)
2107 ooc baseline_timing.rpt: garble True (2,)
2108 route baseline_images.json: unicode False (2,)
2109 route baseline: type True (2, 2)
2110 ooc baseline_images.json: missing True (2,)
2111 route baseline_images.json: truncate False (2,)
2112 route baseline: overflow True (2, 2)
2113 route baseline: note True (2, 2)
2114 route baseline: add True (2, 2)
2115 route baseline_hierarchy.rpt: truncate False (0,)
2116 ooc baseline_hierarchy.rpt: truncate False (0,)
2117 ooc baseline: remove True (2, 2)
2118 ooc baseline_hierarchy.rpt: truncate False (0,)
2119 ooc baseline_images.json: junk lines False (2,)
2120 route baseline_cells.tsv: missing True (2,)
2121 ooc baseline_utilization.rpt: missing True (2,)
2122 route baseline_cells.tsv: junk lines False (2,)
2123 ooc baseline_hierarchy.rpt: truncate False (2,)
2124 ooc baseline: digit True (2, 2)
2125 route baseline: bracket name True (2, 2)
2126 ooc baseline_utilization.rpt: garble True (2,)
2127 route baseline_utilization.rpt: number False (1,)
2128 route baseline: duplicate True (2, 2)
2129 ooc baseline: bad name True (2, 2)
2130 ooc clock.xdc: junk lines False (2,)
2131 route alinx_ax7101_route_status.rpt: garble True (2,)
2132 ooc baseline_hierarchy.rpt: digit True (2,)
2133 route baseline_hierarchy.rpt: empty True (2,)
2134 ooc baseline: duplicate True (2, 2)
2135 route baseline: value False (0, 0)
2136 ooc baseline_cells.tsv: empty True (2,)
2137 route baseline_hierarchy.rpt: empty True (2,)
2138 route baseline_timing.rpt: swap lines False (2,)
2139 ooc baseline_cells.tsv: census header True (2,)
2140 route alinx_ax7101_route_status.rpt: second report True (2,)
2141 route baseline_cells.tsv: unicode False (2,)
2142 ooc baseline_utilization.rpt: delete line False (2,)
2143 ooc baseline: add True (2, 2)
2144 route baseline_cells.tsv: delete line False (0,)
2145 ooc baseline: type True (2, 2)
2146 route baseline: add True (2, 2)
2147 ooc baseline: value False (0, 0)
2148 route baseline: duplicate True (2, 2)
2149 ooc clock.xdc: swap lines False (0,)
2150 route baseline: truncate True (2, 2)
2151 route baseline: bytes True (2, 2)
2152 ooc baseline_utilization.rpt: unicode False (2,)
2153 ooc baseline: type True (2, 2)
2154 route baseline_images.json: swap lines False (0,)
2155 route baseline: unicode False (0, 0)
2156 route baseline_utilization.rpt: bytes True (2,)
2157 ooc clock.xdc: missing False (2,)
2158 route baseline_hierarchy.rpt: bytes True (2,)
2159 route baseline: duplicate True (2, 2)
2160 ooc baseline: truncate True (2, 2)
2161 ooc baseline_cells.tsv: duplicate line False (0,)
2162 route alinx_ax7101_route_status.rpt: digit True (2,)
2163 route baseline: duplicate True (2, 2)
2164 route baseline_cells.tsv: swap lines False (0,)
2165 ooc baseline_utilization.rpt: header removed True (2,)
2166 route baseline_timing.rpt: missing True (2,)
2167 route baseline: value False (0, 0)
2168 ooc baseline: bad name True (2, 2)
2169 ooc baseline_utilization.rpt: header removed True (2,)
2170 ooc baseline_hierarchy.rpt: delete line False (0,)
2171 route baseline: bad name True (2, 2)
2172 ooc baseline_hierarchy.rpt: garble True (2,)
2173 route baseline_images.json: truncate False (2,)
2174 route baseline_utilization.rpt: truncate False (2,)
2175 route baseline: type True (2, 2)
2176 ooc baseline: bad name True (2, 2)
2177 ooc baseline_cells.tsv: junk lines False (2,)
2178 route baseline_cells.tsv: census header True (2,)
2179 route baseline: remove True (2, 2)
2180 route baseline_hierarchy.rpt: truncate False (0,)
2181 ooc baseline_hierarchy.rpt: empty True (2,)
2182 ooc baseline_images.json: unicode False (2,)
2183 route baseline_cells.tsv: bytes True (2,)
2184 ooc baseline_hierarchy.rpt: number False (0,)
2185 route baseline_hierarchy.rpt: duplicate line False (2,)
2186 ooc baseline: bytes True (2, 2)
2187 route baseline: size: many scopes False (0, 0)
2188 ooc baseline_utilization.rpt: bytes True (2,)
2189 ooc baseline_utilization.rpt: missing True (2,)
2190 route baseline_images.json: bytes True (2,)
2191 ooc baseline: truncate True (2, 2)
2192 route baseline_images.json: bytes True (2,)
2193 ooc baseline_images.json: missing True (2,)
2194 route baseline: size: long text False (0, 0)
2195 route baseline_hierarchy.rpt: swap lines False (0,)
2196 ooc baseline: truncate True (2, 2)
2197 ooc baseline_hierarchy.rpt: missing True (2,)
2198 route baseline_utilization.rpt: missing True (2,)
2199 ooc baseline_cells.tsv: bytes True (2,)
2200 route baseline_cells.tsv: swap lines False (2,)
2201 ooc baseline_utilization.rpt: unicode False (2,)
2202 ooc baseline_utilization.rpt: header removed True (2,)
2203 ooc baseline_images.json: duplicate line False (2,)
2204 ooc baseline_images.json: bytes True (2,)
2205 ooc baseline_hierarchy.rpt: unicode False (0,)
2206 ooc baseline_cells.tsv: bytes True (2,)
2207 route baseline: type True (2, 2)
2208 ooc baseline: overflow True (2, 2)
2209 route baseline_hierarchy.rpt: bytes True (2,)
2210 route baseline_utilization.rpt: bytes True (2,)
2211 route baseline_cells.tsv: duplicate line False (0,)
2212 ooc baseline_cells.tsv: truncate False (0,)
2213 route baseline: unicode False (2, 0)
2214 ooc baseline: bracket name True (2, 2)
2215 route baseline_images.json: empty True (2,)
2216 ooc clock.xdc: empty False (2,)
2217 route baseline: unicode True (2, 2)
2218 ooc baseline: bytes True (2, 2)
2219 route baseline_utilization.rpt: header removed True (2,)
2220 ooc baseline_utilization.rpt: unicode False (2,)
2221 route baseline_hierarchy.rpt: digit True (2,)
2222 ooc baseline: remove False (0, 0)
2223 route alinx_ax7101_route_status.rpt: truncate False (2,)
2224 route baseline_utilization.rpt: missing True (2,)
2225 ooc baseline_images.json: delete line False (2,)
2226 route baseline: unicode True (2, 2)
2227 ooc baseline_utilization.rpt: huge True (2,)
2228 ooc baseline: bad name True (2, 2)
2229 route baseline: unicode False (0, 0)
2230 route baseline: truncate True (2, 2)
2231 ooc baseline_utilization.rpt: truncate False (2,)
2232 route baseline_images.json: bytes True (2,)
2233 ooc baseline_timing.rpt: unicode False (2,)
2234 ooc baseline: bad name True (2, 2)
2235 ooc baseline_cells.tsv: duplicate line False (0,)
2236 route baseline_utilization.rpt: empty True (2,)
2237 route baseline: size: deep nesting True (2, 2)
2238 route baseline: bytes True (2, 2)
2239 ooc clock.xdc: truncate False (2,)
2240 route baseline: size: deep nesting True (2, 2)
2241 ooc baseline_hierarchy.rpt: truncate False (0,)
2242 route baseline_timing.rpt: missing True (2,)
2243 ooc baseline_cells.tsv: unicode False (0,)
2244 ooc baseline: truncate True (2, 2)
2245 route baseline: unicode False (2, 0)
2246 ooc baseline: duplicate True (2, 2)
2247 route baseline: overflow True (2, 2)
2248 route baseline_cells.tsv: empty True (2,)
2249 route baseline: value False (0, 2)
2250 route baseline_hierarchy.rpt: bytes True (2,)
2251 ooc baseline: type True (2, 2)
2252 ooc baseline_cells.tsv: duplicate line False (0,)
2253 ooc baseline_utilization.rpt: digit True (2,)
2254 ooc baseline_utilization.rpt: junk lines False (2,)
2255 ooc baseline_images.json: missing True (2,)
2256 route baseline: add True (2, 2)
2257 ooc baseline_timing.rpt: unicode False (0,)
2258 route baseline_images.json: truncate False (2,)
2259 route baseline_utilization.rpt: empty True (2,)
2260 ooc baseline_utilization.rpt: unicode False (0,)
2261 ooc baseline_hierarchy.rpt: bytes True (2,)
2262 ooc baseline_utilization.rpt: header removed True (2,)
2263 ooc baseline_utilization.rpt: empty True (2,)
2264 route alinx_ax7101_route_status.rpt: unicode False (0,)
2265 ooc baseline_hierarchy.rpt: number False (0,)
2266 ooc clock.xdc: missing False (2,)
2267 ooc baseline: type True (2, 2)
2268 route baseline_timing.rpt: garble True (2,)
2269 ooc baseline: bracket name True (2, 2)
2270 route baseline_utilization.rpt: truncate False (0,)
2271 route baseline_utilization.rpt: number False (2,)
2272 route baseline_timing.rpt: empty True (2,)
2273 ooc clock.xdc: truncate False (0,)
2274 ooc baseline_images.json: truncate False (2,)
2275 route baseline: unicode True (2, 2)
2276 ooc baseline_timing.rpt: unicode False (0,)
2277 ooc baseline: bad name True (2, 2)
2278 ooc baseline_timing.rpt: swap lines False (0,)
2279 ooc baseline_timing.rpt: unicode False (2,)
2280 route baseline: duplicate True (2, 2)
2281 route baseline_timing.rpt: missing True (2,)
2282 route baseline: duplicate True (2, 2)
2283 route baseline: note True (2, 2)
2284 ooc baseline_images.json: truncate False (2,)
2285 route baseline_images.json: empty True (2,)
2286 route baseline: size: many scopes False (0, 0)
2287 route baseline_utilization.rpt: number False (1,)
2288 route baseline: bad name True (2, 2)
2289 ooc baseline_hierarchy.rpt: number False (0,)
2290 route baseline_hierarchy.rpt: truncate False (2,)
2291 ooc baseline: type True (2, 2)
2292 ooc clock.xdc: unicode False (2,)
2293 ooc baseline_cells.tsv: unicode False (0,)
2294 ooc baseline_cells.tsv: empty True (2,)
2295 ooc baseline_hierarchy.rpt: garble True (2,)
2296 route baseline_hierarchy.rpt: bytes True (2,)
2297 ooc baseline: bracket name True (2, 2)
2298 ooc baseline_images.json: empty True (2,)
2299 ooc baseline_cells.tsv: junk lines False (2,)
2300 ooc baseline: duplicate True (2, 2)
2301 route baseline: bad name True (2, 2)
2302 route baseline_timing.rpt: truncate False (2,)
2303 route baseline_hierarchy.rpt: missing True (2,)
2304 route baseline_timing.rpt: missing True (2,)
2305 route baseline_images.json: duplicate line False (2,)
2306 route baseline: size: deep nesting True (2, 2)
2307 ooc baseline: digit True (2, 2)
2308 ooc baseline_cells.tsv: bytes True (2,)
2309 ooc baseline_images.json: unicode False (2,)
2310 ooc baseline_timing.rpt: summary twice True (2,)
2311 ooc baseline_timing.rpt: bytes True (2,)
2312 ooc baseline: truncate True (2, 2)
2313 ooc baseline: note False (0, 0)
2314 route baseline: remove True (2, 2)
2315 route baseline: note True (2, 2)
2316 ooc baseline: unicode True (2, 2)
2317 ooc baseline: size: many scopes False (0, 0)
2318 ooc baseline_cells.tsv: census header True (2,)
2319 route alinx_ax7101_route_status.rpt: truncate False (2,)
2320 route baseline_images.json: empty True (2,)
2321 route baseline: bytes True (2, 2)
2322 route baseline_timing.rpt: truncate False (2,)
2323 route baseline_hierarchy.rpt: huge True (2,)
2324 ooc baseline: bracket name True (2, 2)
2325 ooc baseline: truncate True (2, 2)
2326 route baseline: value False (0, 0)
2327 route baseline: add True (2, 2)
2328 ooc baseline_utilization.rpt: truncate False (2,)
2329 route baseline_hierarchy.rpt: bytes True (2,)
2330 route baseline: truncate True (2, 2)
2331 ooc baseline: bracket name True (2, 2)
2332 route baseline: type True (2, 2)
2333 route baseline: digit True (2, 2)
2334 ooc baseline: remove True (2, 2)
2335 ooc baseline_utilization.rpt: header twice True (2,)
2336 route baseline_timing.rpt: digit True (2,)
2337 ooc baseline_utilization.rpt: unicode False (2,)
2338 ooc baseline_utilization.rpt: bytes True (2,)
2339 route baseline: remove True (2, 2)
2340 route baseline: overflow True (2, 2)
2341 ooc baseline: truncate True (2, 2)
2342 route baseline_timing.rpt: bytes True (2,)
2343 route baseline_images.json: bytes True (2,)
2344 route baseline_hierarchy.rpt: number False (0,)
2345 ooc baseline_utilization.rpt: bytes True (2,)
2346 ooc baseline_utilization.rpt: empty True (2,)
2347 ooc baseline_images.json: unicode False (2,)
2348 ooc baseline: overflow True (2, 2)
2349 ooc baseline_timing.rpt: empty True (2,)
2350 ooc clock.xdc: bytes True (2,)
2351 route baseline: add False (0, 2)
2352 ooc clock.xdc: truncate False (2,)
2353 ooc baseline_images.json: bytes True (2,)
2354 ooc baseline: digit True (2, 2)
2355 ooc clock.xdc: truncate False (0,)
2356 route baseline_utilization.rpt: swap lines False (2,)
2357 route baseline_timing.rpt: unicode False (0,)
2358 route baseline_hierarchy.rpt: missing True (2,)
2359 route baseline: note True (2, 2)
2360 ooc baseline_hierarchy.rpt: number False (0,)
2361 ooc baseline_hierarchy.rpt: unicode False (0,)
2362 ooc baseline: remove False (2, 2)
2363 route baseline: value False (0, 0)
2364 ooc baseline_hierarchy.rpt: huge True (2,)
2365 ooc baseline_utilization.rpt: header twice True (2,)
2366 ooc baseline: overflow True (2, 2)
2367 route baseline: add True (2, 2)
2368 route baseline: note True (2, 2)
2369 ooc baseline_hierarchy.rpt: huge True (2,)
2370 route baseline_cells.tsv: junk lines False (2,)
2371 route baseline_cells.tsv: duplicate line False (0,)
2372 ooc baseline_utilization.rpt: unicode False (2,)
2373 ooc baseline_timing.rpt: bytes True (2,)
2374 ooc baseline: overflow True (2, 2)
2375 ooc baseline_images.json: unicode False (2,)
2376 route baseline_timing.rpt: unicode False (0,)
2377 route baseline: digit True (2, 2)
2378 route baseline_cells.tsv: delete line False (2,)
2379 route baseline: value False (0, 0)
2380 ooc baseline_cells.tsv: empty True (2,)
2381 route baseline_timing.rpt: missing True (2,)
2382 ooc baseline: bytes True (2, 2)
2383 ooc baseline: unicode True (2, 2)
2384 ooc baseline_images.json: delete line False (2,)
2385 ooc baseline_hierarchy.rpt: bytes True (2,)
2386 route alinx_ax7101_route_status.rpt: digit True (2,)
2387 ooc baseline_timing.rpt: digit True (2,)
2388 route baseline_utilization.rpt: unicode False (2,)
2389 ooc baseline: digit True (2, 2)
2390 ooc baseline: size: deep nesting True (2, 2)
2391 ooc baseline_hierarchy.rpt: empty True (2,)
2392 ooc baseline_timing.rpt: summary twice True (2,)
2393 ooc baseline: value False (0, 0)
2394 ooc baseline: truncate True (2, 2)
2395 ooc baseline: unicode False (2, 0)
2396 route baseline: unicode True (2, 2)
2397 ooc baseline_cells.tsv: empty True (2,)
2398 route baseline: value False (0, 0)
2399 route alinx_ax7101_route_status.rpt: empty True (2,)
2400 ooc baseline: overflow True (2, 2)
2401 route baseline_timing.rpt: truncate False (2,)
2402 ooc baseline: truncate True (2, 2)
2403 ooc baseline_utilization.rpt: huge True (2,)
2404 route baseline_hierarchy.rpt: missing True (2,)
2405 route baseline: value False (0, 0)
2406 ooc baseline: remove False (0, 2)
2407 route baseline_cells.tsv: swap lines False (0,)
2408 route baseline: note False (0, 0)
2409 ooc baseline_utilization.rpt: digit True (2,)
2410 ooc baseline_timing.rpt: truncate False (2,)
2411 ooc baseline: digit True (2, 2)
2412 ooc baseline_utilization.rpt: bytes True (2,)
2413 ooc baseline: overflow True (2, 2)
2414 ooc baseline_utilization.rpt: bytes True (2,)
2415 ooc baseline_timing.rpt: unicode False (2,)
2416 route baseline: overflow True (2, 2)
2417 route baseline: unicode False (2, 0)
2418 route baseline_timing.rpt: unicode False (0,)
2419 route baseline_timing.rpt: bytes True (2,)
2420 route baseline_hierarchy.rpt: delete line False (2,)
2421 ooc baseline_timing.rpt: garble True (2,)
2422 route baseline_hierarchy.rpt: digit True (2,)
2423 ooc clock.xdc: missing False (2,)
2424 ooc baseline: bracket name True (2, 2)
2425 route baseline_hierarchy.rpt: missing True (2,)
2426 ooc baseline: value False (0, 0)
2427 route baseline: truncate True (2, 2)
2428 route baseline_utilization.rpt: truncate False (2,)
2429 route baseline_cells.tsv: bytes True (2,)
2430 ooc baseline_images.json: missing True (2,)
2431 route baseline: bracket name False (0, 0)
2432 ooc baseline: truncate True (2, 2)
2433 ooc baseline: note True (2, 2)
2434 ooc baseline_cells.tsv: truncate False (2,)
2435 ooc baseline_hierarchy.rpt: missing True (2,)
2436 route baseline: digit True (2, 2)
2437 route baseline: duplicate True (2, 2)
2438 route baseline_hierarchy.rpt: unicode False (0,)
2439 ooc baseline: bracket name True (2, 2)
2440 ooc baseline_hierarchy.rpt: truncate False (0,)
2441 ooc baseline: duplicate True (2, 2)
2442 route baseline: value False (0, 0)
2443 ooc baseline: remove True (2, 2)
2444 route baseline: bracket name True (2, 2)
2445 route baseline_timing.rpt: duplicate line False (2,)
2446 route baseline: add True (2, 2)
2447 ooc clock.xdc: junk lines False (2,)
2448 route baseline: value False (0, 0)
2449 route alinx_ax7101_route_status.rpt: second report True (2,)
2450 route baseline: bad name True (2, 2)
2451 route baseline_images.json: empty True (2,)
2452 route baseline_cells.tsv: truncate False (0,)
2453 ooc baseline: overflow True (2, 2)
2454 ooc baseline_images.json: missing True (2,)
2455 route baseline_utilization.rpt: unicode False (0,)
2456 route baseline_images.json: bytes True (2,)
2457 ooc clock.xdc: junk lines False (2,)
2458 route baseline: note True (2, 2)
2459 route baseline_cells.tsv: truncate False (2,)
2460 route baseline_cells.tsv: census header True (2,)
2461 route baseline: duplicate True (2, 2)
2462 ooc baseline_timing.rpt: number False (0,)
2463 route baseline: bracket name True (2, 2)
2464 ooc baseline_cells.tsv: census header True (2,)
2465 route baseline: duplicate True (2, 2)
2466 route baseline: bracket name True (2, 2)
2467 route baseline_images.json: missing True (2,)
2468 ooc baseline: size: many scopes False (0, 0)
2469 ooc baseline_hierarchy.rpt: junk lines False (2,)
2470 route baseline_images.json: entry key True (2,)
2471 ooc baseline_hierarchy.rpt: bytes True (2,)
2472 route baseline_cells.tsv: truncate False (0,)
2473 ooc baseline_hierarchy.rpt: truncate False (2,)
2474 ooc baseline: type True (2, 2)
2475 route baseline_hierarchy.rpt: bytes True (2,)
2476 route baseline_hierarchy.rpt: unicode False (0,)
2477 ooc baseline: unicode True (2, 2)
2478 route baseline: bad name True (2, 2)
2479 ooc baseline: value False (0, 2)
2480 route baseline_utilization.rpt: header removed True (2,)
2481 route baseline: size: many scopes False (0, 0)
2482 ooc baseline: overflow True (2, 2)
2483 ooc baseline_cells.tsv: empty True (2,)
2484 route baseline: size: long text False (2, 0)
2485 ooc baseline: value False (0, 0)
2486 ooc clock.xdc: empty False (2,)
2487 ooc baseline_timing.rpt: number False (0,)
2488 route baseline_images.json: unicode False (2,)
2489 route baseline: remove True (2, 2)
2490 ooc baseline: type True (2, 2)
2491 ooc baseline: type True (2, 2)
2492 route baseline: unicode True (2, 2)
2493 route baseline: remove False (0, 0)
2494 route baseline: bracket name True (2, 2)
2495 route baseline: unicode False (0, 0)
2496 ooc baseline_images.json: empty True (2,)
2497 ooc baseline_hierarchy.rpt: empty True (2,)
2498 ooc baseline: value False (0, 2)
2499 ooc baseline_cells.tsv: unicode False (0,)
2500 route baseline_timing.rpt: digit True (2,)
2501 route alinx_ax7101_route_status.rpt: bytes True (2,)
2502 ooc baseline_cells.tsv: missing True (2,)
2503 ooc baseline_images.json: entry key True (2,)
2504 route baseline: note True (2, 2)
2505 route alinx_ax7101_route_status.rpt: second report True (2,)
2506 ooc baseline_timing.rpt: bytes True (2,)
2507 route baseline_utilization.rpt: junk lines False (2,)
2508 ooc baseline_cells.tsv: bytes True (2,)
2509 ooc baseline: bracket name True (2, 2)
2510 ooc baseline: overflow True (2, 2)
2511 ooc clock.xdc: bytes True (2,)
2512 ooc baseline_images.json: truncate False (2,)
2513 ooc baseline: bracket name True (2, 2)
2514 route baseline_hierarchy.rpt: truncate False (0,)
2515 route baseline_timing.rpt: junk lines False (2,)
2516 ooc clock.xdc: truncate False (0,)
2517 route baseline_images.json: missing True (2,)
2518 ooc baseline_images.json: truncate False (2,)
2519 ooc baseline: duplicate True (2, 2)
2520 ooc baseline_hierarchy.rpt: bytes True (2,)
2521 route baseline_hierarchy.rpt: missing True (2,)
2522 ooc baseline_utilization.rpt: number False (1,)
2523 route alinx_ax7101_route_status.rpt: number False (1,)
2524 route alinx_ax7101_route_status.rpt: huge True (2,)
2525 ooc baseline_images.json: swap lines False (0,)
2526 route baseline_timing.rpt: duplicate line False (0,)
2527 route baseline_cells.tsv: missing True (2,)
2528 route baseline_cells.tsv: unicode False (0,)
2529 route baseline_utilization.rpt: digit True (2,)
2530 route baseline: note False (0, 0)
2531 ooc clock.xdc: truncate False (2,)
2532 ooc baseline_hierarchy.rpt: duplicate line False (2,)
2533 ooc baseline_timing.rpt: garble True (2,)
2534 ooc baseline: value False (0, 0)
2535 ooc baseline_timing.rpt: bytes True (2,)
2536 ooc baseline: size: many scopes False (0, 0)
2537 route baseline: unicode False (0, 0)
2538 ooc baseline_cells.tsv: missing True (2,)
2539 ooc baseline: size: deep nesting True (2, 2)
2540 ooc baseline: digit True (2, 2)
2541 route baseline: type True (2, 2)
2542 ooc baseline_utilization.rpt: bytes True (2,)
2543 ooc baseline_utilization.rpt: digit True (2,)
2544 ooc baseline: note False (0, 0)
2545 route baseline_utilization.rpt: number False (1,)
2546 ooc clock.xdc: truncate False (2,)
2547 ooc baseline_hierarchy.rpt: unicode False (2,)
2548 ooc baseline: note True (2, 2)
2549 route baseline_images.json: entry key True (2,)
2550 ooc baseline_utilization.rpt: header twice True (2,)
2551 ooc baseline: truncate True (2, 2)
2552 ooc baseline_utilization.rpt: digit True (2,)
2553 ooc clock.xdc: missing False (2,)
2554 ooc baseline_hierarchy.rpt: huge True (2,)
2555 route baseline_timing.rpt: duplicate line False (0,)
2556 route baseline_images.json: swap lines False (0,)
2557 route baseline_timing.rpt: huge True (2,)
2558 route baseline_images.json: unicode False (2,)
2559 ooc baseline_images.json: bytes True (2,)
2560 route baseline_images.json: truncate False (2,)
2561 route baseline_cells.tsv: census header True (2,)
2562 ooc clock.xdc: unicode False (0,)
2563 route baseline: remove True (2, 2)
2564 ooc baseline: digit True (2, 2)
2565 route baseline: type True (2, 2)
2566 ooc baseline: bracket name True (2, 2)
2567 route baseline: overflow True (2, 2)
2568 route baseline_timing.rpt: digit True (2,)
2569 ooc baseline_timing.rpt: unicode False (2,)
2570 route baseline: unicode False (0, 0)
2571 route baseline: truncate True (2, 2)
2572 route baseline_images.json: unicode False (0,)
2573 ooc baseline: remove False (0, 2)
2574 route baseline_cells.tsv: census header True (2,)
2575 ooc baseline_utilization.rpt: bytes True (2,)
2576 ooc baseline_timing.rpt: unicode False (0,)
2577 route baseline_hierarchy.rpt: number False (0,)
2578 ooc baseline_cells.tsv: truncate False (0,)
2579 route baseline: duplicate True (2, 2)
2580 ooc baseline_utilization.rpt: truncate False (2,)
2581 route baseline_cells.tsv: truncate False (2,)
2582 ooc baseline: duplicate True (2, 2)
2583 ooc baseline_hierarchy.rpt: bytes True (2,)
2584 ooc baseline: note True (2, 2)
2585 ooc clock.xdc: empty False (2,)
2586 ooc clock.xdc: truncate False (0,)
2587 ooc baseline: size: many scopes False (0, 0)
2588 ooc baseline: unicode False (2, 0)
2589 route baseline_images.json: unicode False (2,)
2590 ooc baseline_images.json: unicode False (2,)
2591 ooc baseline: note True (2, 2)
2592 ooc baseline: bracket name True (2, 2)
2593 ooc baseline_timing.rpt: digit True (2,)
2594 ooc baseline: value False (2, 2)
2595 ooc baseline: overflow True (2, 2)
2596 route baseline: bad name True (2, 2)
2597 ooc baseline_hierarchy.rpt: empty True (2,)
2598 route baseline: bytes True (2, 2)
2599 route baseline_timing.rpt: unicode False (0,)
2600 ooc baseline_images.json: empty True (2,)
2601 route baseline_utilization.rpt: header twice True (2,)
2602 ooc baseline: overflow True (2, 2)
2603 route baseline: unicode False (0, 0)
2604 ooc baseline_hierarchy.rpt: duplicate line False (2,)
2605 ooc baseline: remove False (0, 0)
2606 route baseline_cells.tsv: truncate False (0,)
2607 ooc baseline: add True (2, 2)
2608 ooc baseline_hierarchy.rpt: huge True (2,)
2609 ooc clock.xdc: empty False (2,)
2610 ooc baseline_utilization.rpt: digit True (2,)
2611 ooc baseline: remove False (0, 2)
2612 route baseline: bad name True (2, 2)
2613 ooc baseline: digit True (2, 2)
2614 ooc baseline: bytes True (2, 2)
2615 ooc baseline: bad name True (2, 2)
2616 route baseline: value False (0, 0)
2617 route baseline_utilization.rpt: header removed True (2,)
2618 ooc baseline_timing.rpt: digit True (2,)
2619 ooc clock.xdc: missing False (2,)
2620 ooc baseline: bracket name True (2, 2)
2621 ooc baseline_images.json: empty True (2,)
2622 ooc baseline_images.json: unicode False (2,)
2623 ooc clock.xdc: empty False (2,)
2624 ooc baseline: type True (2, 2)
2625 route baseline: truncate True (2, 2)
2626 ooc baseline_hierarchy.rpt: empty True (2,)
2627 ooc baseline: bad name True (2, 2)
2628 ooc baseline_utilization.rpt: digit True (2,)
2629 route baseline_utilization.rpt: header removed True (2,)
2630 ooc baseline_utilization.rpt: empty True (2,)
2631 ooc baseline_images.json: entry key True (2,)
2632 route baseline: type True (2, 2)
2633 ooc baseline: digit True (2, 2)
2634 route alinx_ax7101_route_status.rpt: row twice True (2,)
2635 ooc baseline: value False (0, 0)
2636 route baseline_utilization.rpt: header removed True (2,)
2637 ooc baseline: unicode False (0, 0)
2638 ooc clock.xdc: truncate False (2,)
2639 ooc baseline_timing.rpt: summary twice True (2,)
2640 ooc baseline: add False (2, 2)
2641 ooc clock.xdc: empty False (2,)
2642 ooc baseline_timing.rpt: digit True (2,)
2643 route baseline_hierarchy.rpt: truncate False (0,)
2644 ooc baseline: overflow True (2, 2)
2645 route baseline: digit True (2, 2)
2646 ooc baseline_hierarchy.rpt: bytes True (2,)
2647 ooc baseline: bad name True (2, 2)
2648 ooc baseline: remove True (2, 2)
2649 ooc baseline_cells.tsv: bytes True (2,)
2650 route baseline: add True (2, 2)
2651 route baseline_images.json: unicode False (2,)
2652 ooc baseline_utilization.rpt: empty True (2,)
2653 route alinx_ax7101_route_status.rpt: row removed True (2,)
2654 ooc baseline_images.json: unicode False (2,)
2655 route baseline_utilization.rpt: truncate False (2,)
2656 route baseline_timing.rpt: bytes True (2,)
2657 ooc baseline_images.json: junk lines False (2,)
2658 route baseline_cells.tsv: bytes True (2,)
2659 ooc baseline: size: many scopes False (0, 0)
2660 ooc baseline: bytes True (2, 2)
2661 route baseline_hierarchy.rpt: unicode False (2,)
2662 ooc baseline_timing.rpt: unicode False (2,)
2663 ooc baseline_hierarchy.rpt: garble True (2,)
2664 route baseline_hierarchy.rpt: missing True (2,)
2665 route alinx_ax7101_route_status.rpt: truncate False (2,)
2666 route baseline: truncate True (2, 2)
2667 route baseline_hierarchy.rpt: digit True (2,)
2668 route alinx_ax7101_route_status.rpt: huge True (2,)
2669 route baseline_hierarchy.rpt: number False (0,)
2670 ooc baseline: add True (2, 2)
2671 ooc baseline: duplicate True (2, 2)
2672 ooc baseline_timing.rpt: huge True (2,)
2673 route baseline: bytes True (2, 2)
2674 ooc baseline_timing.rpt: missing True (2,)
2675 ooc baseline: digit True (2, 2)
2676 route baseline_hierarchy.rpt: huge True (2,)
2677 route baseline: overflow True (2, 2)
2678 ooc clock.xdc: unicode False (0,)
2679 route baseline: unicode False (0, 0)
2680 route baseline_hierarchy.rpt: bytes True (2,)
2681 route alinx_ax7101_route_status.rpt: truncate False (2,)
2682 ooc baseline_utilization.rpt: missing True (2,)
2683 route baseline: bytes True (2, 2)
2684 ooc baseline_hierarchy.rpt: digit True (2,)
2685 route alinx_ax7101_route_status.rpt: huge True (2,)
2686 ooc baseline_timing.rpt: duplicate line False (0,)
2687 ooc baseline: overflow True (2, 2)
2688 ooc baseline_timing.rpt: garble True (2,)
2689 ooc clock.xdc: truncate False (2,)
2690 route baseline_timing.rpt: summary twice True (2,)
2691 ooc baseline_utilization.rpt: huge True (2,)
2692 ooc baseline: type True (2, 2)
2693 route baseline_hierarchy.rpt: missing True (2,)
2694 route baseline: bracket name True (2, 2)
2695 route baseline: value False (0, 0)
2696 ooc baseline_cells.tsv: unicode False (2,)
2697 ooc baseline_hierarchy.rpt: bytes True (2,)
2698 route baseline_images.json: missing True (2,)
2699 ooc baseline_cells.tsv: empty True (2,)
2700 ooc baseline_images.json: empty True (2,)
2701 ooc baseline_hierarchy.rpt: truncate False (0,)
2702 ooc clock.xdc: missing False (2,)
2703 ooc baseline: note True (2, 2)
2704 route baseline: type True (2, 2)
2705 ooc baseline_cells.tsv: census header True (2,)
2706 route baseline_cells.tsv: census header True (2,)
2707 route baseline_cells.tsv: census header True (2,)
2708 route baseline_hierarchy.rpt: swap lines False (2,)
2709 route baseline_images.json: entry key False (0,)
2710 ooc baseline_images.json: missing True (2,)
2711 route baseline_cells.tsv: truncate False (0,)
2712 ooc baseline: truncate True (2, 2)
2713 ooc baseline: type True (2, 2)
2714 route baseline_hierarchy.rpt: empty True (2,)
2715 ooc baseline: digit True (2, 2)
2716 ooc baseline: truncate True (2, 2)
2717 route baseline_utilization.rpt: garble True (2,)
2718 route baseline_timing.rpt: huge True (2,)
2719 route baseline: digit True (2, 2)
2720 ooc clock.xdc: delete line False (2,)
2721 ooc clock.xdc: bytes True (2,)
2722 route baseline: digit True (2, 2)
2723 ooc baseline_timing.rpt: digit True (2,)
2724 ooc clock.xdc: missing False (2,)
2725 ooc baseline: overflow True (2, 2)
2726 ooc baseline: remove True (2, 2)
2727 route baseline: digit True (2, 2)
2728 ooc baseline_images.json: unicode False (2,)
2729 route baseline: bytes True (2, 2)
2730 route baseline: bracket name True (2, 2)
2731 ooc baseline: digit True (2, 2)
2732 ooc baseline_hierarchy.rpt: missing True (2,)
2733 route baseline: bad name True (2, 2)
2734 ooc baseline: digit True (2, 2)
2735 route baseline_utilization.rpt: unicode False (2,)
2736 ooc baseline_utilization.rpt: missing True (2,)
2737 ooc baseline: note False (0, 0)
2738 route baseline_utilization.rpt: missing True (2,)
2739 route baseline: bracket name True (2, 2)
2740 ooc clock.xdc: empty False (2,)
2741 ooc baseline_utilization.rpt: number False (1,)
2742 ooc baseline: bad name True (2, 2)
2743 route baseline: truncate True (2, 2)
2744 route baseline_timing.rpt: huge True (2,)
2745 ooc baseline: note True (2, 2)
2746 route baseline_hierarchy.rpt: truncate False (0,)
2747 ooc baseline: truncate True (2, 2)
2748 route alinx_ax7101_route_status.rpt: garble True (2,)
2749 ooc clock.xdc: swap lines False (0,)
2750 route baseline: value False (1, 0)
2751 ooc clock.xdc: junk lines False (2,)
2752 route baseline_utilization.rpt: truncate False (0,)
2753 route baseline: add True (2, 2)
2754 ooc baseline: duplicate True (2, 2)
2755 ooc baseline_cells.tsv: bytes True (2,)
2756 ooc baseline: overflow True (2, 2)
2757 route baseline_images.json: empty True (2,)
2758 ooc clock.xdc: bytes True (2,)
2759 route baseline_timing.rpt: duplicate line False (2,)
2760 ooc baseline: add False (0, 2)
2761 route alinx_ax7101_route_status.rpt: second report True (2,)
2762 ooc baseline: size: long text False (0, 0)
2763 ooc baseline: bad name True (2, 2)
2764 ooc clock.xdc: truncate False (2,)
2765 ooc baseline_images.json: bytes True (2,)
2766 route baseline_cells.tsv: unicode False (0,)
2767 ooc baseline: duplicate True (2, 2)
2768 ooc baseline: remove True (2, 2)
2769 route baseline_utilization.rpt: missing True (2,)
2770 route baseline: unicode False (0, 0)
2771 ooc baseline: truncate True (2, 2)
2772 route baseline: truncate True (2, 2)
2773 ooc baseline: truncate True (2, 2)
2774 route baseline_cells.tsv: truncate False (0,)
2775 ooc baseline_cells.tsv: truncate False (0,)
2776 ooc baseline_utilization.rpt: delete line False (2,)
2777 ooc baseline: unicode False (2, 0)
2778 route baseline_images.json: bytes True (2,)
2779 ooc clock.xdc: delete line False (2,)
2780 ooc baseline: unicode False (0, 0)
2781 route baseline: note True (2, 2)
2782 ooc baseline_hierarchy.rpt: truncate False (0,)
2783 route baseline: digit True (2, 2)
2784 route baseline: remove False (0, 0)
2785 route alinx_ax7101_route_status.rpt: huge True (2,)
2786 route baseline: truncate True (2, 2)
2787 route baseline_cells.tsv: missing True (2,)
2788 route baseline: value False (0, 0)
2789 route baseline: note True (2, 2)
2790 ooc baseline: overflow True (2, 2)
2791 route baseline_hierarchy.rpt: duplicate line False (2,)
2792 ooc clock.xdc: delete line False (2,)
2793 ooc baseline_utilization.rpt: missing True (2,)
2794 route alinx_ax7101_route_status.rpt: delete line False (0,)
2795 ooc baseline_images.json: bytes True (2,)
2796 route baseline_utilization.rpt: duplicate line False (0,)
2797 route baseline: bracket name True (2, 2)
2798 route baseline: note True (2, 2)
2799 ooc baseline: note True (2, 2)
2800 route baseline_utilization.rpt: header removed True (2,)
2801 ooc baseline: note True (2, 2)
2802 route baseline: digit True (2, 2)
2803 route baseline: bracket name True (2, 2)
2804 route baseline_hierarchy.rpt: empty True (2,)
2805 route alinx_ax7101_route_status.rpt: unicode False (0,)
2806 ooc baseline: unicode False (2, 0)
2807 route baseline: bracket name True (2, 2)
2808 ooc clock.xdc: missing False (2,)
2809 ooc baseline: add False (2, 2)
2810 ooc baseline_timing.rpt: truncate False (2,)
2811 route baseline: type True (2, 2)
2812 ooc baseline_images.json: entry key True (2,)
2813 route baseline_images.json: truncate False (2,)
2814 route alinx_ax7101_route_status.rpt: bytes True (2,)
2815 route baseline_cells.tsv: bytes True (2,)
2816 route baseline_utilization.rpt: number False (1,)
2817 route alinx_ax7101_route_status.rpt: empty True (2,)
2818 route baseline_timing.rpt: delete line False (0,)
2819 route baseline_images.json: empty True (2,)
2820 ooc baseline_cells.tsv: truncate False (0,)
2821 ooc baseline_utilization.rpt: header twice True (2,)
2822 route baseline_timing.rpt: number False (0,)
2823 ooc baseline_cells.tsv: delete line False (2,)
2824 ooc baseline_images.json: entry key True (2,)
2825 route baseline_utilization.rpt: truncate False (2,)
2826 route baseline_images.json: duplicate line False (2,)
2827 route alinx_ax7101_route_status.rpt: row removed True (2,)
2828 ooc clock.xdc: missing False (2,)
2829 ooc baseline: bracket name True (2, 2)
2830 route baseline_images.json: entry key False (0,)
2831 ooc clock.xdc: empty False (2,)
2832 route baseline_images.json: truncate False (2,)
2833 route baseline_images.json: missing True (2,)
2834 ooc baseline: overflow True (2, 2)
2835 ooc baseline_timing.rpt: huge True (2,)
2836 ooc baseline_timing.rpt: missing True (2,)
2837 ooc clock.xdc: empty False (2,)
2838 route baseline: value False (0, 0)
2839 ooc baseline_cells.tsv: duplicate line False (0,)
2840 ooc baseline: digit True (2, 2)
2841 route baseline_images.json: empty True (2,)
2842 route baseline_utilization.rpt: digit True (2,)
2843 ooc clock.xdc: bytes True (2,)
2844 route baseline_utilization.rpt: number False (2,)
2845 ooc baseline_hierarchy.rpt: unicode False (0,)
2846 route baseline_images.json: entry key True (2,)
2847 route baseline_images.json: truncate False (2,)
2848 route baseline: bad name True (2, 2)
2849 ooc baseline_cells.tsv: empty True (2,)
2850 route alinx_ax7101_route_status.rpt: unicode False (0,)
2851 ooc baseline_utilization.rpt: huge True (2,)
2852 route alinx_ax7101_route_status.rpt: truncate False (2,)
2853 ooc baseline: truncate True (2, 2)
2854 route baseline_timing.rpt: summary twice True (2,)
2855 ooc baseline: type True (2, 2)
2856 ooc baseline_cells.tsv: empty True (2,)
2857 route baseline: value False (0, 0)
2858 ooc baseline: note True (2, 2)
2859 ooc baseline: duplicate True (2, 2)
2860 ooc baseline: overflow True (2, 2)
2861 ooc baseline_images.json: unicode False (2,)
2862 ooc baseline_timing.rpt: empty True (2,)
2863 ooc baseline: truncate True (2, 2)
2864 ooc clock.xdc: unicode False (0,)
2865 route baseline_utilization.rpt: header removed True (2,)
2866 route baseline: bracket name True (2, 2)
2867 route alinx_ax7101_route_status.rpt: second report True (2,)
2868 route baseline_hierarchy.rpt: garble True (2,)
2869 route baseline_hierarchy.rpt: unicode False (0,)
2870 route alinx_ax7101_route_status.rpt: missing True (2,)
2871 ooc clock.xdc: missing False (2,)
2872 ooc baseline: duplicate True (2, 2)
2873 route baseline_cells.tsv: missing True (2,)
2874 route baseline_timing.rpt: missing True (2,)
2875 ooc baseline: value False (0, 0)
2876 route baseline_utilization.rpt: header removed True (2,)
2877 route baseline: add True (2, 2)
2878 route baseline_cells.tsv: census header True (2,)
2879 ooc baseline: digit True (2, 2)
2880 ooc baseline_hierarchy.rpt: digit True (2,)
2881 route baseline: type True (2, 2)
2882 route baseline_cells.tsv: missing True (2,)
2883 ooc baseline_utilization.rpt: number False (2,)
2884 route baseline: duplicate True (2, 2)
2885 ooc baseline: value False (0, 0)
2886 ooc baseline_hierarchy.rpt: digit True (2,)
2887 route baseline_cells.tsv: census header True (2,)
2888 route baseline: duplicate True (2, 2)
2889 ooc baseline_images.json: unicode False (2,)
2890 ooc baseline_utilization.rpt: junk lines False (2,)
2891 ooc baseline_cells.tsv: unicode False (0,)
2892 route baseline: truncate True (2, 2)
2893 ooc baseline_cells.tsv: delete line False (0,)
2894 route baseline_utilization.rpt: huge True (2,)
2895 ooc baseline: overflow True (2, 2)
2896 route baseline_timing.rpt: unicode False (0,)
2897 ooc baseline: truncate True (2, 2)
2898 ooc baseline: remove False (0, 2)
2899 route baseline_cells.tsv: unicode False (0,)
2900 route baseline: note True (2, 2)
2901 route alinx_ax7101_route_status.rpt: number False (0,)
2902 route alinx_ax7101_route_status.rpt: row twice True (2,)
2903 ooc baseline_hierarchy.rpt: unicode False (0,)
2904 route baseline_cells.tsv: truncate False (0,)
2905 route baseline: note True (2, 2)
2906 route baseline_hierarchy.rpt: digit True (2,)
2907 ooc baseline: size: many scopes False (0, 0)
2908 ooc clock.xdc: truncate False (0,)
2909 ooc baseline_hierarchy.rpt: truncate False (0,)
2910 ooc baseline: digit True (2, 2)
2911 route baseline_cells.tsv: empty True (2,)
2912 route baseline_hierarchy.rpt: missing True (2,)
2913 route baseline: remove True (2, 2)
2914 ooc baseline: truncate True (2, 2)
2915 ooc baseline_cells.tsv: swap lines False (0,)
2916 route baseline_images.json: empty True (2,)
2917 route baseline_utilization.rpt: header twice True (2,)
2918 route baseline_timing.rpt: truncate False (0,)
2919 route baseline_utilization.rpt: empty True (2,)
2920 route baseline: overflow True (2, 2)
2921 ooc baseline_utilization.rpt: bytes True (2,)
2922 ooc baseline_timing.rpt: truncate False (2,)
2923 route baseline: overflow True (2, 2)
2924 ooc clock.xdc: missing False (2,)
2925 ooc baseline_timing.rpt: empty True (2,)
2926 ooc baseline: duplicate True (2, 2)
2927 ooc baseline: size: long text False (0, 0)
2928 ooc baseline_utilization.rpt: empty True (2,)
2929 ooc baseline: remove False (0, 0)
2930 ooc clock.xdc: bytes True (2,)
2931 route baseline: bad name True (2, 2)
2932 ooc baseline: bracket name True (2, 2)
2933 ooc baseline: bad name True (2, 2)
2934 ooc clock.xdc: empty False (2,)
2935 route baseline_timing.rpt: huge True (2,)
2936 route baseline_hierarchy.rpt: empty True (2,)
2937 route alinx_ax7101_route_status.rpt: unicode False (0,)
2938 ooc baseline_timing.rpt: number False (0,)
2939 route baseline: remove True (2, 2)
2940 route baseline_hierarchy.rpt: truncate False (2,)
2941 ooc baseline: value False (0, 0)
2942 ooc baseline: bracket name True (2, 2)
2943 ooc baseline: value False (0, 0)
2944 ooc baseline: duplicate True (2, 2)
2945 ooc baseline: size: many scopes False (0, 0)
2946 route baseline_cells.tsv: census header True (2,)
2947 ooc clock.xdc: bytes True (2,)
2948 route baseline_timing.rpt: missing True (2,)
2949 route alinx_ax7101_route_status.rpt: duplicate line False (0,)
2950 ooc baseline_utilization.rpt: header twice True (2,)
2951 route baseline: overflow True (2, 2)
2952 route baseline: digit True (2, 2)
2953 route baseline_timing.rpt: junk lines False (2,)
2954 ooc baseline: bytes True (2, 2)
2955 route baseline: bytes True (2, 2)
2956 ooc baseline_utilization.rpt: garble True (2,)
2957 ooc baseline_images.json: empty True (2,)
2958 ooc baseline_cells.tsv: empty True (2,)
2959 route baseline: bracket name True (2, 2)
2960 ooc baseline_images.json: unicode False (0,)
2961 ooc baseline: bad name True (2, 2)
2962 ooc baseline: bad name True (2, 2)
2963 route baseline: value False (0, 0)
2964 route baseline_images.json: truncate False (2,)
2965 route baseline_utilization.rpt: number False (2,)
2966 ooc baseline_utilization.rpt: garble True (2,)
2967 route baseline_images.json: empty True (2,)
2968 route baseline: overflow True (2, 2)
2969 ooc baseline: note False (0, 0)
2970 route baseline: type True (2, 2)
2971 route baseline: unicode False (0, 0)
2972 ooc baseline_images.json: missing True (2,)
2973 route baseline_timing.rpt: number False (1,)
2974 route baseline: overflow True (2, 2)
2975 route baseline_cells.tsv: delete line False (0,)
2976 route alinx_ax7101_route_status.rpt: missing True (2,)
2977 route baseline_images.json: entry key True (2,)
2978 ooc baseline: digit True (2, 2)
2979 ooc baseline: note True (2, 2)
2980 ooc baseline_images.json: entry key True (2,)
2981 ooc baseline_hierarchy.rpt: garble True (2,)
2982 route baseline_images.json: bytes True (2,)
2983 route baseline: remove False (0, 0)
2984 ooc baseline: note True (2, 2)
2985 ooc baseline: truncate True (2, 2)
2986 ooc baseline_hierarchy.rpt: number False (0,)
2987 ooc baseline: size: many scopes False (0, 0)
2988 route baseline: digit True (2, 2)
2989 route baseline: add True (2, 2)
2990 route baseline: digit True (2, 2)
2991 route baseline: digit True (2, 2)
2992 ooc baseline_utilization.rpt: empty True (2,)
2993 ooc baseline: type True (2, 2)
2994 route baseline: digit True (2, 2)
2995 route baseline_utilization.rpt: missing True (2,)
2996 ooc baseline_utilization.rpt: missing True (2,)
2997 ooc baseline: truncate True (2, 2)
2998 ooc baseline: add True (2, 2)
2999 route baseline_utilization.rpt: header removed True (2,)
