full-ci-gate	Set up job	﻿2026-09-22T10:24:17.5582111Z Current runner version: '2.337.0'
full-ci-gate	Set up job	2026-09-22T10:24:17.5607104Z ##[group]Runner Image Provisioner
full-ci-gate	Set up job	2026-09-22T10:24:17.5607998Z Hosted Compute Agent
full-ci-gate	Set up job	2026-09-22T10:24:17.5608562Z Version: 20260828.587
full-ci-gate	Set up job	2026-09-22T10:24:17.5609163Z Commit: abac92662cab4cc7352de4f9f9d2e2419aad9c29
full-ci-gate	Set up job	2026-09-22T10:24:17.5609839Z Build Date: 2026-08-28T16:44:25Z
full-ci-gate	Set up job	2026-09-22T10:24:17.5610462Z Worker ID: {4e2bbdbf-668b-497d-8b93-a5bc87a2a7dc}
full-ci-gate	Set up job	2026-09-22T10:24:17.5611126Z Azure Region: westus3
full-ci-gate	Set up job	2026-09-22T10:24:17.5611671Z ##[endgroup]
full-ci-gate	Set up job	2026-09-22T10:24:17.5613121Z ##[group]Operating System
full-ci-gate	Set up job	2026-09-22T10:24:17.5613721Z Ubuntu
full-ci-gate	Set up job	2026-09-22T10:24:17.5614196Z 24.04.5
full-ci-gate	Set up job	2026-09-22T10:24:17.5614693Z LTS
full-ci-gate	Set up job	2026-09-22T10:24:17.5615550Z ##[endgroup]
full-ci-gate	Set up job	2026-09-22T10:24:17.5616112Z ##[group]Runner Image
full-ci-gate	Set up job	2026-09-22T10:24:17.5616711Z Image: ubuntu-24.04
full-ci-gate	Set up job	2026-09-22T10:24:17.5617260Z Version: 20260907.300.1
full-ci-gate	Set up job	2026-09-22T10:24:17.5618473Z Included Software: https://github.com/actions/runner-images/blob/ubuntu24/20260907.300/images/ubuntu/Ubuntu2404-Readme.md
full-ci-gate	Set up job	2026-09-22T10:24:17.5620448Z Image Release: https://github.com/actions/runner-images/releases/tag/ubuntu24%2F20260907.300
full-ci-gate	Set up job	2026-09-22T10:24:17.5621551Z ##[endgroup]
full-ci-gate	Set up job	2026-09-22T10:24:17.5622829Z ##[group]GITHUB_TOKEN Permissions
full-ci-gate	Set up job	2026-09-22T10:24:17.5625296Z Contents: read
full-ci-gate	Set up job	2026-09-22T10:24:17.5626046Z Metadata: read
full-ci-gate	Set up job	2026-09-22T10:24:17.5626907Z Packages: read
full-ci-gate	Set up job	2026-09-22T10:24:17.5627661Z ##[endgroup]
full-ci-gate	Set up job	2026-09-22T10:24:17.5630478Z Secret source: Actions
full-ci-gate	Set up job	2026-09-22T10:24:17.5631494Z Cache mode: write
full-ci-gate	Set up job	2026-09-22T10:24:17.5632136Z Prepare workflow directory
full-ci-gate	Set up job	2026-09-22T10:24:17.6061108Z Prepare all required actions
full-ci-gate	Set up job	2026-09-22T10:24:17.6109754Z Getting action download info
full-ci-gate	Set up job	2026-09-22T10:24:17.8980290Z Download action repository 'actions/checkout@v4' (SHA:11d5960a326750d5838078e36cf38b85af677262)
full-ci-gate	Set up job	2026-09-22T10:24:18.0526414Z Complete job name: full-ci-gate
full-ci-gate	Run actions/checkout@v4	﻿2026-09-22T10:24:18.1190092Z Node 20 is being deprecated. This workflow is running with Node 24 by default. If you need to temporarily use Node 20, you can set the ACTIONS_ALLOW_USE_UNSECURE_NODE_VERSION=true environment variable. For more information see: https://github.blog/changelog/2025-09-19-deprecation-of-node-20-on-github-actions-runners/
full-ci-gate	Run actions/checkout@v4	2026-09-22T10:24:18.1198699Z ##[group]Run actions/checkout@v4
full-ci-gate	Run actions/checkout@v4	2026-09-22T10:24:18.1199548Z with:
full-ci-gate	Run actions/checkout@v4	2026-09-22T10:24:18.1200021Z   fetch-depth: 0
full-ci-gate	Run actions/checkout@v4	2026-09-22T10:24:18.1200540Z   repository: kebag-logic/milan-fpga
full-ci-gate	Run actions/checkout@v4	2026-09-22T10:24:18.1204501Z   token: ***
full-ci-gate	Run actions/checkout@v4	2026-09-22T10:24:18.1205118Z   ssh-strict: true
full-ci-gate	Run actions/checkout@v4	2026-09-22T10:24:18.1205621Z   ssh-user: git
full-ci-gate	Run actions/checkout@v4	2026-09-22T10:24:18.1206131Z   persist-credentials: true
full-ci-gate	Run actions/checkout@v4	2026-09-22T10:24:18.1206639Z   clean: true
full-ci-gate	Run actions/checkout@v4	2026-09-22T10:24:18.1207153Z   sparse-checkout-cone-mode: true
full-ci-gate	Run actions/checkout@v4	2026-09-22T10:24:18.1207705Z   fetch-tags: false
full-ci-gate	Run actions/checkout@v4	2026-09-22T10:24:18.1208189Z   show-progress: true
full-ci-gate	Run actions/checkout@v4	2026-09-22T10:24:18.1208729Z   lfs: false
full-ci-gate	Run actions/checkout@v4	2026-09-22T10:24:18.1209157Z   submodules: false
full-ci-gate	Run actions/checkout@v4	2026-09-22T10:24:18.1209753Z   set-safe-directory: true
full-ci-gate	Run actions/checkout@v4	2026-09-22T10:24:18.1210275Z   allow-unsafe-pr-checkout: false
full-ci-gate	Run actions/checkout@v4	2026-09-22T10:24:18.1211125Z env:
full-ci-gate	Run actions/checkout@v4	2026-09-22T10:24:18.1211615Z   VERILATOR_VERSION: v5.050
full-ci-gate	Run actions/checkout@v4	2026-09-22T10:24:18.1212152Z   YOSYS_VERSION: v0.66
full-ci-gate	Run actions/checkout@v4	2026-09-22T10:24:18.1212737Z   TSN_GEN_REV: deca300c9eb4863fa13383b45ba6cb6fd0828671
full-ci-gate	Run actions/checkout@v4	2026-09-22T10:24:18.1213369Z ##[endgroup]
full-ci-gate	Run actions/checkout@v4	2026-09-22T10:24:18.2171602Z Syncing repository: kebag-logic/milan-fpga
full-ci-gate	Run actions/checkout@v4	2026-09-22T10:24:18.2174556Z ##[group]Getting Git version info
full-ci-gate	Run actions/checkout@v4	2026-09-22T10:24:18.2176220Z Working directory is '/home/runner/work/milan-fpga/milan-fpga'
full-ci-gate	Run actions/checkout@v4	2026-09-22T10:24:18.2178165Z [command]/usr/bin/git version
full-ci-gate	Run actions/checkout@v4	2026-09-22T10:24:18.2207140Z git version 2.55.0
full-ci-gate	Run actions/checkout@v4	2026-09-22T10:24:18.2227476Z ##[endgroup]
full-ci-gate	Run actions/checkout@v4	2026-09-22T10:24:18.2243399Z Temporarily overriding HOME='/home/runner/work/_temp/45365e16-eb24-4997-83e5-4eddc8e3c775' before making global git config changes
full-ci-gate	Run actions/checkout@v4	2026-09-22T10:24:18.2246449Z Adding repository directory to the temporary git global config as a safe directory
full-ci-gate	Run actions/checkout@v4	2026-09-22T10:24:18.2249365Z [command]/usr/bin/git config --global --add safe.directory /home/runner/work/milan-fpga/milan-fpga
full-ci-gate	Run actions/checkout@v4	2026-09-22T10:24:18.2302592Z Deleting the contents of '/home/runner/work/milan-fpga/milan-fpga'
full-ci-gate	Run actions/checkout@v4	2026-09-22T10:24:18.2308432Z ##[group]Initializing the repository
full-ci-gate	Run actions/checkout@v4	2026-09-22T10:24:18.2313161Z [command]/usr/bin/git init /home/runner/work/milan-fpga/milan-fpga
full-ci-gate	Run actions/checkout@v4	2026-09-22T10:24:18.2388890Z hint: Using 'master' as the name for the initial branch. This default branch name
full-ci-gate	Run actions/checkout@v4	2026-09-22T10:24:18.2391430Z hint: will change to "main" in Git 3.0. To configure the initial branch name
full-ci-gate	Run actions/checkout@v4	2026-09-22T10:24:18.2393290Z hint: to use in all of your new repositories, which will suppress this warning,
full-ci-gate	Run actions/checkout@v4	2026-09-22T10:24:18.2394896Z hint: call:
full-ci-gate	Run actions/checkout@v4	2026-09-22T10:24:18.2395749Z hint:
full-ci-gate	Run actions/checkout@v4	2026-09-22T10:24:18.2396903Z hint: 	git config --global init.defaultBranch <name>
full-ci-gate	Run actions/checkout@v4	2026-09-22T10:24:18.2398069Z hint:
full-ci-gate	Run actions/checkout@v4	2026-09-22T10:24:18.2399214Z hint: Names commonly chosen instead of 'master' are 'main', 'trunk' and
full-ci-gate	Run actions/checkout@v4	2026-09-22T10:24:18.2400983Z hint: 'development'. The just-created branch can be renamed via this command:
full-ci-gate	Run actions/checkout@v4	2026-09-22T10:24:18.2402354Z hint:
full-ci-gate	Run actions/checkout@v4	2026-09-22T10:24:18.2403243Z hint: 	git branch -m <name>
full-ci-gate	Run actions/checkout@v4	2026-09-22T10:24:18.2404176Z hint:
full-ci-gate	Run actions/checkout@v4	2026-09-22T10:24:18.2405822Z hint: Disable this message with "git config set advice.defaultBranchName false"
full-ci-gate	Run actions/checkout@v4	2026-09-22T10:24:18.2408148Z Initialized empty Git repository in /home/runner/work/milan-fpga/milan-fpga/.git/
full-ci-gate	Run actions/checkout@v4	2026-09-22T10:24:18.2570246Z [command]/usr/bin/git remote add origin https://github.com/kebag-logic/milan-fpga
full-ci-gate	Run actions/checkout@v4	2026-09-22T10:24:18.2572661Z ##[endgroup]
full-ci-gate	Run actions/checkout@v4	2026-09-22T10:24:18.2573673Z ##[group]Disabling automatic garbage collection
full-ci-gate	Run actions/checkout@v4	2026-09-22T10:24:18.2574623Z [command]/usr/bin/git config --local gc.auto 0
full-ci-gate	Run actions/checkout@v4	2026-09-22T10:24:18.2577198Z ##[endgroup]
full-ci-gate	Run actions/checkout@v4	2026-09-22T10:24:18.2578551Z ##[group]Setting up auth
full-ci-gate	Run actions/checkout@v4	2026-09-22T10:24:18.2579602Z [command]/usr/bin/git config --local --name-only --get-regexp core\.sshCommand
full-ci-gate	Run actions/checkout@v4	2026-09-22T10:24:18.2582448Z [command]/usr/bin/git submodule foreach --recursive sh -c "git config --local --name-only --get-regexp 'core\.sshCommand' && git config --local --unset-all 'core.sshCommand' || :"
full-ci-gate	Run actions/checkout@v4	2026-09-22T10:24:18.2818018Z [command]/usr/bin/git config --local --name-only --get-regexp http\.https\:\/\/github\.com\/\.extraheader
full-ci-gate	Run actions/checkout@v4	2026-09-22T10:24:18.2859118Z [command]/usr/bin/git submodule foreach --recursive sh -c "git config --local --name-only --get-regexp 'http\.https\:\/\/github\.com\/\.extraheader' && git config --local --unset-all 'http.https://github.com/.extraheader' || :"
full-ci-gate	Run actions/checkout@v4	2026-09-22T10:24:18.3063756Z [command]/usr/bin/git config --local --name-only --get-regexp ^includeIf\.gitdir:
full-ci-gate	Run actions/checkout@v4	2026-09-22T10:24:18.3087771Z [command]/usr/bin/git submodule foreach --recursive git config --local --show-origin --name-only --get-regexp remote.origin.url
full-ci-gate	Run actions/checkout@v4	2026-09-22T10:24:18.3264515Z [command]/usr/bin/git config --local http.https://github.com/.extraheader AUTHORIZATION: basic ***
full-ci-gate	Run actions/checkout@v4	2026-09-22T10:24:18.3293273Z ##[endgroup]
full-ci-gate	Run actions/checkout@v4	2026-09-22T10:24:18.3294577Z ##[group]Fetching the repository
full-ci-gate	Run actions/checkout@v4	2026-09-22T10:24:18.3304143Z [command]/usr/bin/git -c protocol.version=2 fetch --prune --no-recurse-submodules origin +refs/heads/*:refs/remotes/origin/* +refs/tags/*:refs/tags/*
full-ci-gate	Run actions/checkout@v4	2026-09-22T10:24:25.9489179Z From https://github.com/kebag-logic/milan-fpga
full-ci-gate	Run actions/checkout@v4	2026-09-22T10:24:25.9494585Z  * [new branch]        116-gptp-default-on-retire-software -> origin/116-gptp-default-on-retire-software
full-ci-gate	Run actions/checkout@v4	2026-09-22T10:24:25.9496020Z  * [new branch]        117-alinx-board-bringup -> origin/117-alinx-board-bringup
full-ci-gate	Run actions/checkout@v4	2026-09-22T10:24:25.9496981Z  * [new branch]        120-sound-card-option   -> origin/120-sound-card-option
full-ci-gate	Run actions/checkout@v4	2026-09-22T10:24:25.9498030Z  * [new branch]        129-boot-gate-whole-firmware -> origin/129-boot-gate-whole-firmware
full-ci-gate	Run actions/checkout@v4	2026-09-22T10:24:25.9499424Z  * [new branch]        129-correct-baremetal-ptp-aem-contract -> origin/129-correct-baremetal-ptp-aem-contract
full-ci-gate	Run actions/checkout@v4	2026-09-22T10:24:25.9500801Z  * [new branch]        130-prune-behavioural   -> origin/130-prune-behavioural
full-ci-gate	Run actions/checkout@v4	2026-09-22T10:24:25.9501727Z  * [new branch]        145-rebased-on-170      -> origin/145-rebased-on-170
full-ci-gate	Run actions/checkout@v4	2026-09-22T10:24:25.9503497Z  * [new branch]        154-no-ci-job-elaborates-the-soc-so-argv-to-rtl-parameter-chains-are-unproven -> origin/154-no-ci-job-elaborates-the-soc-so-argv-to-rtl-parameter-chains-are-unproven
full-ci-gate	Run actions/checkout@v4	2026-09-22T10:24:25.9505827Z  * [new branch]        159-restore-documentation-gates-and-workflow-hygiene -> origin/159-restore-documentation-gates-and-workflow-hygiene
full-ci-gate	Run actions/checkout@v4	2026-09-22T10:24:25.9507097Z  * [new branch]        159-restore-workflow-documentation-gates -> origin/159-restore-workflow-documentation-gates
full-ci-gate	Run actions/checkout@v4	2026-09-22T10:24:25.9508299Z  * [new branch]        160-dev-fails-its-own-docs_check-gate-13-findings-from-the-agentsmd-commit -> origin/160-dev-fails-its-own-docs_check-gate-13-findings-from-the-agentsmd-commit
full-ci-gate	Run actions/checkout@v4	2026-09-22T10:24:25.9509297Z  * [new branch]        162-boot-gate-instruments -> origin/162-boot-gate-instruments
full-ci-gate	Run actions/checkout@v4	2026-09-22T10:24:25.9510015Z  * [new branch]        163-complete-workflow-hygiene-follow-on -> origin/163-complete-workflow-hygiene-follow-on
full-ci-gate	Run actions/checkout@v4	2026-09-22T10:24:25.9510936Z  * [new branch]        167-shard-github-verilator-ci -> origin/167-shard-github-verilator-ci
full-ci-gate	Run actions/checkout@v4	2026-09-22T10:24:25.9511754Z  * [new branch]        207-gptp-drop-counters-csr -> origin/207-gptp-drop-counters-csr
full-ci-gate	Run actions/checkout@v4	2026-09-22T10:24:25.9512373Z  * [new branch]        211-phc-ns-consumer     -> origin/211-phc-ns-consumer
full-ci-gate	Run actions/checkout@v4	2026-09-22T10:24:25.9512958Z  * [new branch]        219-pathtrace-cap-edge  -> origin/219-pathtrace-cap-edge
full-ci-gate	Run actions/checkout@v4	2026-09-22T10:24:25.9514339Z  * [new branch]        246-synoocmilan_datapath_ooctcl-never-generates-ucodehex-it-reports-30925-lut-for-a-design-that-is-38848-and-exits-0 -> origin/246-synoocmilan_datapath_ooctcl-never-generates-ucodehex-it-reports-30925-lut-for-a-design-that-is-38848-and-exits-0
full-ci-gate	Run actions/checkout@v4	2026-09-22T10:24:25.9515929Z  * [new branch]        260-pps-output          -> origin/260-pps-output
full-ci-gate	Run actions/checkout@v4	2026-09-22T10:24:25.9516474Z  * [new branch]        270-shorten-ci-feedback -> origin/270-shorten-ci-feedback
full-ci-gate	Run actions/checkout@v4	2026-09-22T10:24:25.9517090Z  * [new branch]        286-yosys-single-process-bench -> origin/286-yosys-single-process-bench
full-ci-gate	Run actions/checkout@v4	2026-09-22T10:24:25.9518529Z  * [new branch]        287-task-pin-the-yosys-the-portability-gate-is-certified-with-and-make-its-cells=-record-real -> origin/287-task-pin-the-yosys-the-portability-gate-is-certified-with-and-make-its-cells=-record-real
full-ci-gate	Run actions/checkout@v4	2026-09-22T10:24:25.9520850Z  * [new branch]        292-task-act_cipy-refuses-every-pr-whose-base-moved-after-it-was-opened-it-compares-the-live-dev-tip-with-githubs-frozen-baserefoid -> origin/292-task-act_cipy-refuses-every-pr-whose-base-moved-after-it-was-opened-it-compares-the-live-dev-tip-with-githubs-frozen-baserefoid
full-ci-gate	Run actions/checkout@v4	2026-09-22T10:24:25.9524629Z  * [new branch]        295-task-pin-the-gate-steps-of-the-non-rtl-required-contexts-step-level-if-continue-on-error-||-true-on-docs-checks-ci_events-step-wire-accountabilitys-gate-step-docs-check-no-gits-single-step-and-elaborates-scope-step-pass-check -> origin/295-task-pin-the-gate-steps-of-the-non-rtl-required-contexts-step-level-if-continue-on-error-||-true-on-docs-checks-ci_events-step-wire-accountabilitys-gate-step-docs-check-no-gits-single-step-and-elaborates-scope-step-pass-check
full-ci-gate	Run actions/checkout@v4	2026-09-22T10:24:25.9527641Z  * [new branch]        296-documentation-audience-guides-wavedrom -> origin/296-documentation-audience-guides-wavedrom
full-ci-gate	Run actions/checkout@v4	2026-09-22T10:24:25.9528586Z  * [new branch]        297-test-aggregate-standalone-litex-simulations -> origin/297-test-aggregate-standalone-litex-simulations
full-ci-gate	Run actions/checkout@v4	2026-09-22T10:24:25.9529679Z  * [new branch]        300-tooling-replace-the-legacy-teroshdl-dependency-graph -> origin/300-tooling-replace-the-legacy-teroshdl-dependency-graph
full-ci-gate	Run actions/checkout@v4	2026-09-22T10:24:25.9530599Z  * [new branch]        303-rework-fpga-gptp-docs -> origin/303-rework-fpga-gptp-docs
full-ci-gate	Run actions/checkout@v4	2026-09-22T10:24:25.9531480Z  * [new branch]        304-docs-archive-the-closed-throughput-campaign -> origin/304-docs-archive-the-closed-throughput-campaign
full-ci-gate	Run actions/checkout@v4	2026-09-22T10:24:25.9533202Z  * [new branch]        309-the-ooc-area-instrument-must-measure-the-shape-the-gate-proves-and-the-shape-include-must-resolve-one-way -> origin/309-the-ooc-area-instrument-must-measure-the-shape-the-gate-proves-and-the-shape-include-must-resolve-one-way
full-ci-gate	Run actions/checkout@v4	2026-09-22T10:24:25.9535856Z  * [new branch]        311-workflow-align-clean-review-verdict-syntax-with-integrity-audit -> origin/311-workflow-align-clean-review-verdict-syntax-with-integrity-audit
full-ci-gate	Run actions/checkout@v4	2026-09-22T10:24:25.9537178Z  * [new branch]        312-docs-compliance-matrix-and-hygiene -> origin/312-docs-compliance-matrix-and-hygiene
full-ci-gate	Run actions/checkout@v4	2026-09-22T10:24:25.9538443Z  * [new branch]        314-milan_dp-readme-measured-count-table-is-stale-on-five-of-nine-rows -> origin/314-milan_dp-readme-measured-count-table-is-stale-on-five-of-nine-rows
full-ci-gate	Run actions/checkout@v4	2026-09-22T10:24:25.9539979Z  * [new branch]        315-bug-local-act-docs-jobs-race-on-the-shared-python-tool-cache-path -> origin/315-bug-local-act-docs-jobs-race-on-the-shared-python-tool-cache-path
full-ci-gate	Run actions/checkout@v4	2026-09-22T10:24:25.9541684Z  * [new branch]        316-bug-pr-310-merge-record-lacks-a-conforming-final-verdict-and-exact-head-lens-ledger -> origin/316-bug-pr-310-merge-record-lacks-a-conforming-final-verdict-and-exact-head-lens-ledger
full-ci-gate	Run actions/checkout@v4	2026-09-22T10:24:25.9542949Z  * [new branch]        317-make-consumer-filenames -> origin/317-make-consumer-filenames
full-ci-gate	Run actions/checkout@v4	2026-09-22T10:24:25.9543932Z  * [new branch]        334-harden-act-ci-sigint-cleanup -> origin/334-harden-act-ci-sigint-cleanup
full-ci-gate	Run actions/checkout@v4	2026-09-22T10:24:25.9545319Z  * [new branch]        337-act-action-cache-serialisation -> origin/337-act-action-cache-serialisation
full-ci-gate	Run actions/checkout@v4	2026-09-22T10:24:25.9546519Z  * [new branch]        337-live-boundary-negative-control -> origin/337-live-boundary-negative-control
full-ci-gate	Run actions/checkout@v4	2026-09-22T10:24:25.9547291Z  * [new branch]        340-repair-act-ci-trusted-runner -> origin/340-repair-act-ci-trusted-runner
full-ci-gate	Run actions/checkout@v4	2026-09-22T10:24:25.9548008Z  * [new branch]        345-rule12-idiom-gates-wiring -> origin/345-rule12-idiom-gates-wiring
full-ci-gate	Run actions/checkout@v4	2026-09-22T10:24:25.9548646Z  * [new branch]        350-yosys-result-cache  -> origin/350-yosys-result-cache
full-ci-gate	Run actions/checkout@v4	2026-09-22T10:24:25.9549667Z  * [new branch]        351-check-merge-containment-git-minimum -> origin/351-check-merge-containment-git-minimum
full-ci-gate	Run actions/checkout@v4	2026-09-22T10:24:25.9550586Z  * [new branch]        358-alinx-gptp-compliance -> origin/358-alinx-gptp-compliance
full-ci-gate	Run actions/checkout@v4	2026-09-22T10:24:25.9551240Z  * [new branch]        358-gptp-latency-correction -> origin/358-gptp-latency-correction
full-ci-gate	Run actions/checkout@v4	2026-09-22T10:24:25.9551856Z  * [new branch]        359-ax7101-boot-stall   -> origin/359-ax7101-boot-stall
full-ci-gate	Run actions/checkout@v4	2026-09-22T10:24:25.9552894Z  * [new branch]        360-gptp-tx-timestamps-precede-mac-buffering-and-include-queueing-delay -> origin/360-gptp-tx-timestamps-precede-mac-buffering-and-include-queueing-delay
full-ci-gate	Run actions/checkout@v4	2026-09-22T10:24:25.9553919Z  * [new branch]        362-build-hash-seed     -> origin/362-build-hash-seed
full-ci-gate	Run actions/checkout@v4	2026-09-22T10:24:25.9554495Z  * [new branch]        363-docs-clock-domains  -> origin/363-docs-clock-domains
full-ci-gate	Run actions/checkout@v4	2026-09-22T10:24:25.9555346Z  * [new branch]        365-ax1x1-simulation-baseline -> origin/365-ax1x1-simulation-baseline
full-ci-gate	Run actions/checkout@v4	2026-09-22T10:24:25.9556125Z  * [new branch]        366-flashpair-first-boot-restart -> origin/366-flashpair-first-boot-restart
full-ci-gate	Run actions/checkout@v4	2026-09-22T10:24:25.9556850Z  * [new branch]        367-ax1x1-gptp-on-simulation -> origin/367-ax1x1-gptp-on-simulation
full-ci-gate	Run actions/checkout@v4	2026-09-22T10:24:25.9557555Z  * [new branch]        373-testing-submodule-command -> origin/373-testing-submodule-command
full-ci-gate	Run actions/checkout@v4	2026-09-22T10:24:25.9558258Z  * [new branch]        374-link-guard-settle-comments -> origin/374-link-guard-settle-comments
full-ci-gate	Run actions/checkout@v4	2026-09-22T10:24:25.9558947Z  * [new branch]        375-latency-scratch-wording -> origin/375-latency-scratch-wording
full-ci-gate	Run actions/checkout@v4	2026-09-22T10:24:25.9559617Z  * [new branch]        376-act-selftest-zombie-drain -> origin/376-act-selftest-zombie-drain
full-ci-gate	Run actions/checkout@v4	2026-09-22T10:24:25.9560290Z  * [new branch]        377-one-dut-acceptance-docs -> origin/377-one-dut-acceptance-docs
full-ci-gate	Run actions/checkout@v4	2026-09-22T10:24:25.9560883Z  * [new branch]        378-em-dash-gate        -> origin/378-em-dash-gate
full-ci-gate	Run actions/checkout@v4	2026-09-22T10:24:25.9561441Z  * [new branch]        386-tdm-render-setpoint -> origin/386-tdm-render-setpoint
full-ci-gate	Run actions/checkout@v4	2026-09-22T10:24:25.9562061Z  * [new branch]        389-truthful-clock-sources -> origin/389-truthful-clock-sources
full-ci-gate	Run actions/checkout@v4	2026-09-22T10:24:25.9562771Z  * [new branch]        390-ring-one-grid       -> origin/390-ring-one-grid
full-ci-gate	Run actions/checkout@v4	2026-09-22T10:24:25.9563512Z  * [new branch]        398-boot-policy-declarations -> origin/398-boot-policy-declarations
full-ci-gate	Run actions/checkout@v4	2026-09-22T10:24:25.9564543Z  * [new branch]        399-clock-plan-declarations -> origin/399-clock-plan-declarations
full-ci-gate	Run actions/checkout@v4	2026-09-22T10:24:25.9565448Z  * [new branch]        401-descriptor-name-declarations -> origin/401-descriptor-name-declarations
full-ci-gate	Run actions/checkout@v4	2026-09-22T10:24:25.9566468Z  * [new branch]        402-build-sh-sources-generated-argv -> origin/402-build-sh-sources-generated-argv
full-ci-gate	Run actions/checkout@v4	2026-09-22T10:24:25.9567183Z  * [new branch]        404-builder-doc-key-map -> origin/404-builder-doc-key-map
full-ci-gate	Run actions/checkout@v4	2026-09-22T10:24:25.9567822Z  * [new branch]        406-pin-rtl-job-step-lists -> origin/406-pin-rtl-job-step-lists
full-ci-gate	Run actions/checkout@v4	2026-09-22T10:24:25.9568592Z  * [new branch]        407-ac5-probe           -> origin/407-ac5-probe
full-ci-gate	Run actions/checkout@v4	2026-09-22T10:24:25.9569171Z  * [new branch]        407-carrier-script-pins -> origin/407-carrier-script-pins
full-ci-gate	Run actions/checkout@v4	2026-09-22T10:24:25.9569785Z  * [new branch]        408-409-465-boot-gate   -> origin/408-409-465-boot-gate
full-ci-gate	Run actions/checkout@v4	2026-09-22T10:24:25.9570473Z  * [new branch]        410-origin-probe-call-value-eval -> origin/410-origin-probe-call-value-eval
full-ci-gate	Run actions/checkout@v4	2026-09-22T10:24:25.9571357Z  * [new branch]        411-clarify-ptp-scratch-and-test-readback -> origin/411-clarify-ptp-scratch-and-test-readback
full-ci-gate	Run actions/checkout@v4	2026-09-22T10:24:25.9572118Z  * [new branch]        412-em-dash-residue     -> origin/412-em-dash-residue
full-ci-gate	Run actions/checkout@v4	2026-09-22T10:24:25.9572752Z  * [new branch]        413-type7-html-heading-exemption -> origin/413-type7-html-heading-exemption
full-ci-gate	Run actions/checkout@v4	2026-09-22T10:24:25.9574022Z  * [new branch]        418-investigate-commit-ack-clearing-a-newer-persistent-record-change -> origin/418-investigate-commit-ack-clearing-a-newer-persistent-record-change
full-ci-gate	Run actions/checkout@v4	2026-09-22T10:24:25.9575809Z  * [new branch]        419-design-evidence     -> origin/419-design-evidence
full-ci-gate	Run actions/checkout@v4	2026-09-22T10:24:25.9577082Z  * [new branch]        419-snapshot-ownership-adr -> origin/419-snapshot-ownership-adr
full-ci-gate	Run actions/checkout@v4	2026-09-22T10:24:25.9578183Z  * [new branch]        422-strict-gptp-tx-flags -> origin/422-strict-gptp-tx-flags
full-ci-gate	Run actions/checkout@v4	2026-09-22T10:24:25.9579219Z  * [new branch]        423-readiness-evidence  -> origin/423-readiness-evidence
full-ci-gate	Run actions/checkout@v4	2026-09-22T10:24:25.9579950Z  * [new branch]        424-integrate-nvm-completion-ownership -> origin/424-integrate-nvm-completion-ownership
full-ci-gate	Run actions/checkout@v4	2026-09-22T10:24:25.9580714Z  * [new branch]        426-complete-review-histories -> origin/426-complete-review-histories
full-ci-gate	Run actions/checkout@v4	2026-09-22T10:24:25.9581431Z  * [new branch]        438-containment-selftest-cleanup -> origin/438-containment-selftest-cleanup
full-ci-gate	Run actions/checkout@v4	2026-09-22T10:24:25.9582083Z  * [new branch]        440-markdown-closers    -> origin/440-markdown-closers
full-ci-gate	Run actions/checkout@v4	2026-09-22T10:24:25.9582635Z  * [new branch]        440-review-evidence     -> origin/440-review-evidence
full-ci-gate	Run actions/checkout@v4	2026-09-22T10:24:25.9583278Z  * [new branch]        444-milan-dp-shard-and-ci-trims -> origin/444-milan-dp-shard-and-ci-trims
full-ci-gate	Run actions/checkout@v4	2026-09-22T10:24:25.9583966Z  * [new branch]        445-render-phase-observation -> origin/445-render-phase-observation
full-ci-gate	Run actions/checkout@v4	2026-09-22T10:24:25.9584592Z  * [new branch]        447-tdm-master-render   -> origin/447-tdm-master-render
full-ci-gate	Run actions/checkout@v4	2026-09-22T10:24:25.9585445Z  * [new branch]        452-bclk-iob-packable   -> origin/452-bclk-iob-packable
full-ci-gate	Run actions/checkout@v4	2026-09-22T10:24:25.9586064Z  * [new branch]        452-tdm8-fsync-launch-edge -> origin/452-tdm8-fsync-launch-edge
full-ci-gate	Run actions/checkout@v4	2026-09-22T10:24:25.9586707Z  * [new branch]        453-deploy-render-interface -> origin/453-deploy-render-interface
full-ci-gate	Run actions/checkout@v4	2026-09-22T10:24:25.9587322Z  * [new branch]        462-463-descriptor-truth -> origin/462-463-descriptor-truth
full-ci-gate	Run actions/checkout@v4	2026-09-22T10:24:25.9587963Z  * [new branch]        466-deploy-shape-in-docs-check -> origin/466-deploy-shape-in-docs-check
full-ci-gate	Run actions/checkout@v4	2026-09-22T10:24:25.9588609Z  * [new branch]        471-472-srp-status-words -> origin/471-472-srp-status-words
full-ci-gate	Run actions/checkout@v4	2026-09-22T10:24:25.9589186Z  * [new branch]        475-fail-unpacked-iob   -> origin/475-fail-unpacked-iob
full-ci-gate	Run actions/checkout@v4	2026-09-22T10:24:25.9589771Z  * [new branch]        478-audio-unit-rate-bound -> origin/478-audio-unit-rate-bound
full-ci-gate	Run actions/checkout@v4	2026-09-22T10:24:25.9590573Z  * [new branch]        484-snapshot-ownership-impl -> origin/484-snapshot-ownership-impl
full-ci-gate	Run actions/checkout@v4	2026-09-22T10:24:25.9591184Z  * [new branch]        498-review-evidence     -> origin/498-review-evidence
full-ci-gate	Run actions/checkout@v4	2026-09-22T10:24:25.9591762Z  * [new branch]        500-d3-materialization-adr -> origin/500-d3-materialization-adr
full-ci-gate	Run actions/checkout@v4	2026-09-22T10:24:25.9592354Z  * [new branch]        500-design-evidence     -> origin/500-design-evidence
full-ci-gate	Run actions/checkout@v4	2026-09-22T10:24:25.9592901Z  * [new branch]        503-review-evidence     -> origin/503-review-evidence
full-ci-gate	Run actions/checkout@v4	2026-09-22T10:24:25.9593457Z  * [new branch]        504-readiness-evidence  -> origin/504-readiness-evidence
full-ci-gate	Run actions/checkout@v4	2026-09-22T10:24:25.9594006Z  * [new branch]        505-review-evidence     -> origin/505-review-evidence
full-ci-gate	Run actions/checkout@v4	2026-09-22T10:24:25.9594616Z  * [new branch]        69-aecp-notification-triggers -> origin/69-aecp-notification-triggers
full-ci-gate	Run actions/checkout@v4	2026-09-22T10:24:25.9595448Z  * [new branch]        70-firmware-flash-writer -> origin/70-firmware-flash-writer
full-ci-gate	Run actions/checkout@v4	2026-09-22T10:24:25.9596053Z  * [new branch]        70-flat-names-allocation -> origin/70-flat-names-allocation
full-ci-gate	Run actions/checkout@v4	2026-09-22T10:24:25.9596603Z  * [new branch]        70-nvm-backend          -> origin/70-nvm-backend
full-ci-gate	Run actions/checkout@v4	2026-09-22T10:24:25.9597126Z  * [new branch]        70-nvm-persistence      -> origin/70-nvm-persistence
full-ci-gate	Run actions/checkout@v4	2026-09-22T10:24:25.9597923Z  * [new branch]        74-media-clock-select-crf-and-align-the-audio-grid -> origin/74-media-clock-select-crf-and-align-the-audio-grid
full-ci-gate	Run actions/checkout@v4	2026-09-22T10:24:25.9598739Z  * [new branch]        75-lwsrp-restart-bound  -> origin/75-lwsrp-restart-bound
full-ci-gate	Run actions/checkout@v4	2026-09-22T10:24:25.9599385Z  * [new branch]        chore/cpp-core-guidelines-idiom -> origin/chore/cpp-core-guidelines-idiom
full-ci-gate	Run actions/checkout@v4	2026-09-22T10:24:25.9600016Z  * [new branch]        dev                     -> origin/dev
full-ci-gate	Run actions/checkout@v4	2026-09-22T10:24:25.9600586Z  * [new branch]        finish-259-116          -> origin/finish-259-116
full-ci-gate	Run actions/checkout@v4	2026-09-22T10:24:25.9601080Z  * [new branch]        main                    -> origin/main
full-ci-gate	Run actions/checkout@v4	2026-09-22T10:24:25.9601689Z  * [new branch]        pin-gptp-processor-to-donor-main -> origin/pin-gptp-processor-to-donor-main
full-ci-gate	Run actions/checkout@v4	2026-09-22T10:24:25.9602442Z  * [new branch]        pp46-lstn-reg-state-whole-project -> origin/pp46-lstn-reg-state-whole-project
full-ci-gate	Run actions/checkout@v4	2026-09-22T10:24:25.9603186Z  * [new branch]        pp51-sampling-rate-whole-project -> origin/pp51-sampling-rate-whole-project
full-ci-gate	Run actions/checkout@v4	2026-09-22T10:24:25.9603908Z  * [new branch]        pp90-nvm-exports-whole-project -> origin/pp90-nvm-exports-whole-project
full-ci-gate	Run actions/checkout@v4	2026-09-22T10:24:25.9604541Z  * [new branch]        repin-gptp-09af9fc      -> origin/repin-gptp-09af9fc
full-ci-gate	Run actions/checkout@v4	2026-09-22T10:24:25.9605313Z  * [new branch]        repin-gptp-after-donor-rewrite -> origin/repin-gptp-after-donor-rewrite
full-ci-gate	Run actions/checkout@v4	2026-09-22T10:24:25.9605939Z  * [new branch]        repin-gptp-bacf812      -> origin/repin-gptp-bacf812
full-ci-gate	Run actions/checkout@v4	2026-09-22T10:24:25.9606518Z  * [new branch]        shape-include-ambiguity -> origin/shape-include-ambiguity
full-ci-gate	Run actions/checkout@v4	2026-09-22T10:24:25.9608292Z [command]/usr/bin/git branch --list --remote origin/dev
full-ci-gate	Run actions/checkout@v4	2026-09-22T10:24:25.9608764Z   origin/dev
full-ci-gate	Run actions/checkout@v4	2026-09-22T10:24:25.9609620Z [command]/usr/bin/git rev-parse refs/remotes/origin/dev
full-ci-gate	Run actions/checkout@v4	2026-09-22T10:24:25.9610328Z ec34fcdee0ca9ffa63564a9af8ad70a3a618de29
full-ci-gate	Run actions/checkout@v4	2026-09-22T10:24:25.9611353Z ##[endgroup]
full-ci-gate	Run actions/checkout@v4	2026-09-22T10:24:25.9611834Z ##[group]Determining the checkout info
full-ci-gate	Run actions/checkout@v4	2026-09-22T10:24:25.9612342Z ##[endgroup]
full-ci-gate	Run actions/checkout@v4	2026-09-22T10:24:25.9612677Z [command]/usr/bin/git sparse-checkout disable
full-ci-gate	Run actions/checkout@v4	2026-09-22T10:24:25.9649266Z [command]/usr/bin/git config --local --unset-all extensions.worktreeConfig
full-ci-gate	Run actions/checkout@v4	2026-09-22T10:24:25.9671128Z ##[group]Checking out the ref
full-ci-gate	Run actions/checkout@v4	2026-09-22T10:24:25.9675387Z [command]/usr/bin/git checkout --progress --force -B dev refs/remotes/origin/dev
full-ci-gate	Run actions/checkout@v4	2026-09-22T10:24:26.1078814Z Switched to a new branch 'dev'
full-ci-gate	Run actions/checkout@v4	2026-09-22T10:24:26.1079581Z branch 'dev' set up to track 'origin/dev'.
full-ci-gate	Run actions/checkout@v4	2026-09-22T10:24:26.1090441Z ##[endgroup]
full-ci-gate	Run actions/checkout@v4	2026-09-22T10:24:26.1140038Z [command]/usr/bin/git log -1 --format=%H
full-ci-gate	Run actions/checkout@v4	2026-09-22T10:24:26.1161107Z ec34fcdee0ca9ffa63564a9af8ad70a3a618de29
full-ci-gate	Print the event and pin the one SHA this run validates	﻿2026-09-22T10:24:26.1337835Z ##[group]Run set -euo pipefail
full-ci-gate	Print the event and pin the one SHA this run validates	2026-09-22T10:24:26.1338372Z ^[[36;1mset -euo pipefail^[[0m
full-ci-gate	Print the event and pin the one SHA this run validates	2026-09-22T10:24:26.1338894Z ^[[36;1mecho "event=$GITHUB_EVENT_NAME ref=$GITHUB_REF sha=$GITHUB_SHA"^[[0m
full-ci-gate	Print the event and pin the one SHA this run validates	2026-09-22T10:24:26.1339383Z ^[[36;1mhead="$(git rev-parse HEAD)"^[[0m
full-ci-gate	Print the event and pin the one SHA this run validates	2026-09-22T10:24:26.1339762Z ^[[36;1mif [ "$head" != "$GITHUB_SHA" ]; then^[[0m
full-ci-gate	Print the event and pin the one SHA this run validates	2026-09-22T10:24:26.1340224Z ^[[36;1m  echo "checkout HEAD $head is not GITHUB_SHA $GITHUB_SHA" >&2^[[0m
full-ci-gate	Print the event and pin the one SHA this run validates	2026-09-22T10:24:26.1340660Z ^[[36;1m  exit 1^[[0m
full-ci-gate	Print the event and pin the one SHA this run validates	2026-09-22T10:24:26.1340923Z ^[[36;1mfi^[[0m
full-ci-gate	Print the event and pin the one SHA this run validates	2026-09-22T10:24:26.1341259Z ^[[36;1mecho "target_sha=$GITHUB_SHA" >> "$GITHUB_OUTPUT"^[[0m
full-ci-gate	Print the event and pin the one SHA this run validates	2026-09-22T10:24:26.1367521Z shell: /usr/bin/bash -e {0}
full-ci-gate	Print the event and pin the one SHA this run validates	2026-09-22T10:24:26.1367923Z env:
full-ci-gate	Print the event and pin the one SHA this run validates	2026-09-22T10:24:26.1368203Z   VERILATOR_VERSION: v5.050
full-ci-gate	Print the event and pin the one SHA this run validates	2026-09-22T10:24:26.1368515Z   YOSYS_VERSION: v0.66
full-ci-gate	Print the event and pin the one SHA this run validates	2026-09-22T10:24:26.1368876Z   TSN_GEN_REV: deca300c9eb4863fa13383b45ba6cb6fd0828671
full-ci-gate	Print the event and pin the one SHA this run validates	2026-09-22T10:24:26.1369258Z ##[endgroup]
full-ci-gate	Print the event and pin the one SHA this run validates	2026-09-22T10:24:26.1430270Z event=push ref=refs/heads/dev sha=ec34fcdee0ca9ffa63564a9af8ad70a3a618de29
full-ci-gate	Assert the repository default branch is dev	﻿2026-09-22T10:24:26.1499539Z ##[group]Run set -euo pipefail
full-ci-gate	Assert the repository default branch is dev	2026-09-22T10:24:26.1499956Z ^[[36;1mset -euo pipefail^[[0m
full-ci-gate	Assert the repository default branch is dev	2026-09-22T10:24:26.1500530Z ^[[36;1mobserved="$(gh api "repos/$GITHUB_REPOSITORY" --jq .default_branch 2>/dev/null || echo unreadable)"^[[0m
full-ci-gate	Assert the repository default branch is dev	2026-09-22T10:24:26.1501200Z ^[[36;1mpython3 scripts/ci_events.py --require-default-branch \^[[0m
full-ci-gate	Assert the repository default branch is dev	2026-09-22T10:24:26.1501709Z ^[[36;1m  --event "$GITHUB_EVENT_NAME" --observed "$observed"^[[0m
full-ci-gate	Assert the repository default branch is dev	2026-09-22T10:24:26.1522138Z shell: /usr/bin/bash -e {0}
full-ci-gate	Assert the repository default branch is dev	2026-09-22T10:24:26.1522494Z env:
full-ci-gate	Assert the repository default branch is dev	2026-09-22T10:24:26.1522769Z   VERILATOR_VERSION: v5.050
full-ci-gate	Assert the repository default branch is dev	2026-09-22T10:24:26.1523085Z   YOSYS_VERSION: v0.66
full-ci-gate	Assert the repository default branch is dev	2026-09-22T10:24:26.1523445Z   TSN_GEN_REV: deca300c9eb4863fa13383b45ba6cb6fd0828671
full-ci-gate	Assert the repository default branch is dev	2026-09-22T10:24:26.1526677Z   GH_TOKEN: ***
full-ci-gate	Assert the repository default branch is dev	2026-09-22T10:24:26.1526965Z ##[endgroup]
full-ci-gate	Assert the repository default branch is dev	2026-09-22T10:24:26.7979050Z default_branch=dev expected=dev event=push (informational)
full-ci-gate	Assert the repository default branch is dev	2026-09-22T10:24:26.7980096Z default-branch: OK
full-ci-gate	Hold every workflow file to its contract	﻿2026-09-22T10:24:26.8073017Z ##[group]Run python3 -m pip install --quiet pyyaml
full-ci-gate	Hold every workflow file to its contract	2026-09-22T10:24:26.8073469Z ^[[36;1mpython3 -m pip install --quiet pyyaml^[[0m
full-ci-gate	Hold every workflow file to its contract	2026-09-22T10:24:26.8073833Z ^[[36;1mpython3 scripts/ci_events.py --check^[[0m
full-ci-gate	Hold every workflow file to its contract	2026-09-22T10:24:26.8096763Z shell: /usr/bin/bash -e {0}
full-ci-gate	Hold every workflow file to its contract	2026-09-22T10:24:26.8097077Z env:
full-ci-gate	Hold every workflow file to its contract	2026-09-22T10:24:26.8097329Z   VERILATOR_VERSION: v5.050
full-ci-gate	Hold every workflow file to its contract	2026-09-22T10:24:26.8097612Z   YOSYS_VERSION: v0.66
full-ci-gate	Hold every workflow file to its contract	2026-09-22T10:24:26.8097940Z   TSN_GEN_REV: deca300c9eb4863fa13383b45ba6cb6fd0828671
full-ci-gate	Hold every workflow file to its contract	2026-09-22T10:24:26.8098288Z ##[endgroup]
full-ci-gate	Hold every workflow file to its contract	2026-09-22T10:24:28.7896360Z   note cron `17 1 * * *` renders 01:17 UTC; the policy page states both
full-ci-gate	Hold every workflow file to its contract	2026-09-22T10:24:28.7897872Z ci_events: OK (1505 contract item(s) across 4 workflow files and docs/testing/CI_WORKFLOWS.md)
full-ci-gate	Decide whether this exact head needs the exhaustive gates	﻿2026-09-22T10:24:28.8014039Z ##[group]Run set -euo pipefail
full-ci-gate	Decide whether this exact head needs the exhaustive gates	2026-09-22T10:24:28.8014471Z ^[[36;1mset -euo pipefail^[[0m
full-ci-gate	Decide whether this exact head needs the exhaustive gates	2026-09-22T10:24:28.8015127Z ^[[36;1mpython3 scripts/ci_scope.py --selftest^[[0m
full-ci-gate	Decide whether this exact head needs the exhaustive gates	2026-09-22T10:24:28.8015508Z ^[[36;1m^[[0m
full-ci-gate	Decide whether this exact head needs the exhaustive gates	2026-09-22T10:24:28.8015787Z ^[[36;1mif [ "$EVENT_NAME" != pull_request ]; then^[[0m
full-ci-gate	Decide whether this exact head needs the exhaustive gates	2026-09-22T10:24:28.8016193Z ^[[36;1m  echo "rtl=true" >> "$GITHUB_OUTPUT"^[[0m
full-ci-gate	Decide whether this exact head needs the exhaustive gates	2026-09-22T10:24:28.8016577Z ^[[36;1m  echo "run_full=true" >> "$GITHUB_OUTPUT"^[[0m
full-ci-gate	Decide whether this exact head needs the exhaustive gates	2026-09-22T10:24:28.8017002Z ^[[36;1m  echo "Non-PR event: exhaustive validation required."^[[0m
full-ci-gate	Decide whether this exact head needs the exhaustive gates	2026-09-22T10:24:28.8017394Z ^[[36;1m  exit 0^[[0m
full-ci-gate	Decide whether this exact head needs the exhaustive gates	2026-09-22T10:24:28.8017648Z ^[[36;1mfi^[[0m
full-ci-gate	Decide whether this exact head needs the exhaustive gates	2026-09-22T10:24:28.8017878Z ^[[36;1m^[[0m
full-ci-gate	Decide whether this exact head needs the exhaustive gates	2026-09-22T10:24:28.8018127Z ^[[36;1mif [ -n "$PR_BASE_SHA" ] \^[[0m
full-ci-gate	Decide whether this exact head needs the exhaustive gates	2026-09-22T10:24:28.8018531Z ^[[36;1m   && git cat-file -e "$PR_BASE_SHA^{commit}" 2>/dev/null; then^[[0m
full-ci-gate	Decide whether this exact head needs the exhaustive gates	2026-09-22T10:24:28.8019070Z ^[[36;1m  git diff --no-renames --name-only "$PR_BASE_SHA" "$GITHUB_SHA" \^[[0m
full-ci-gate	Decide whether this exact head needs the exhaustive gates	2026-09-22T10:24:28.8019543Z ^[[36;1m    > "$RUNNER_TEMP/changed-files"^[[0m
full-ci-gate	Decide whether this exact head needs the exhaustive gates	2026-09-22T10:24:28.8019914Z ^[[36;1melse^[[0m
full-ci-gate	Decide whether this exact head needs the exhaustive gates	2026-09-22T10:24:28.8020238Z ^[[36;1m  git ls-files > "$RUNNER_TEMP/changed-files"^[[0m
full-ci-gate	Decide whether this exact head needs the exhaustive gates	2026-09-22T10:24:28.8020623Z ^[[36;1mfi^[[0m
full-ci-gate	Decide whether this exact head needs the exhaustive gates	2026-09-22T10:24:28.8021034Z ^[[36;1m^[[0m
full-ci-gate	Decide whether this exact head needs the exhaustive gates	2026-09-22T10:24:28.8021285Z ^[[36;1mecho "Changed files:"^[[0m
full-ci-gate	Decide whether this exact head needs the exhaustive gates	2026-09-22T10:24:28.8021627Z ^[[36;1msed 's/^/  /' "$RUNNER_TEMP/changed-files"^[[0m
full-ci-gate	Decide whether this exact head needs the exhaustive gates	2026-09-22T10:24:28.8022125Z ^[[36;1mrtl="$(python3 scripts/ci_scope.py < "$RUNNER_TEMP/changed-files")"^[[0m
full-ci-gate	Decide whether this exact head needs the exhaustive gates	2026-09-22T10:24:28.8022575Z ^[[36;1mrun_full=false^[[0m
full-ci-gate	Decide whether this exact head needs the exhaustive gates	2026-09-22T10:24:28.8022915Z ^[[36;1mif [ "$PR_DRAFT" = false ] && [ "$rtl" = true ]; then^[[0m
full-ci-gate	Decide whether this exact head needs the exhaustive gates	2026-09-22T10:24:28.8023302Z ^[[36;1m  run_full=true^[[0m
full-ci-gate	Decide whether this exact head needs the exhaustive gates	2026-09-22T10:24:28.8023615Z ^[[36;1mfi^[[0m
full-ci-gate	Decide whether this exact head needs the exhaustive gates	2026-09-22T10:24:28.8023882Z ^[[36;1mecho "rtl=$rtl" >> "$GITHUB_OUTPUT"^[[0m
full-ci-gate	Decide whether this exact head needs the exhaustive gates	2026-09-22T10:24:28.8024271Z ^[[36;1mecho "run_full=$run_full" >> "$GITHUB_OUTPUT"^[[0m
full-ci-gate	Decide whether this exact head needs the exhaustive gates	2026-09-22T10:24:28.8024706Z ^[[36;1mecho "draft=$PR_DRAFT rtl=$rtl run_full=$run_full"^[[0m
full-ci-gate	Decide whether this exact head needs the exhaustive gates	2026-09-22T10:24:28.8025311Z ^[[36;1mif [ "$rtl" = false ]; then^[[0m
full-ci-gate	Decide whether this exact head needs the exhaustive gates	2026-09-22T10:24:28.8026371Z ^[[36;1m  echo "docs-only: every changed path is a top-level *.md, under LICENSES/, or a *.md, *.drawio, *.svg or *.png under docs/ that no skipped gate reads unless docs-check reads it too; the exhaustive workers and both required aggregates skip"^[[0m
full-ci-gate	Decide whether this exact head needs the exhaustive gates	2026-09-22T10:24:28.8027419Z ^[[36;1mfi^[[0m
full-ci-gate	Decide whether this exact head needs the exhaustive gates	2026-09-22T10:24:28.8049310Z shell: /usr/bin/bash -e {0}
full-ci-gate	Decide whether this exact head needs the exhaustive gates	2026-09-22T10:24:28.8049592Z env:
full-ci-gate	Decide whether this exact head needs the exhaustive gates	2026-09-22T10:24:28.8049813Z   VERILATOR_VERSION: v5.050
full-ci-gate	Decide whether this exact head needs the exhaustive gates	2026-09-22T10:24:28.8050056Z   YOSYS_VERSION: v0.66
full-ci-gate	Decide whether this exact head needs the exhaustive gates	2026-09-22T10:24:28.8050333Z   TSN_GEN_REV: deca300c9eb4863fa13383b45ba6cb6fd0828671
full-ci-gate	Decide whether this exact head needs the exhaustive gates	2026-09-22T10:24:28.8050642Z   EVENT_NAME: push
full-ci-gate	Decide whether this exact head needs the exhaustive gates	2026-09-22T10:24:28.8050848Z   PR_DRAFT: 
full-ci-gate	Decide whether this exact head needs the exhaustive gates	2026-09-22T10:24:28.8051042Z   PR_BASE_SHA: 
full-ci-gate	Decide whether this exact head needs the exhaustive gates	2026-09-22T10:24:28.8051244Z ##[endgroup]
full-ci-gate	Decide whether this exact head needs the exhaustive gates	2026-09-22T10:24:31.4115432Z   ok   ['docs/testing/CI_WORKFLOWS.md']: rtl=False
full-ci-gate	Decide whether this exact head needs the exhaustive gates	2026-09-22T10:24:31.4116279Z   ok   ['README.md', 'AGENTS.md']: rtl=False
full-ci-gate	Decide whether this exact head needs the exhaustive gates	2026-09-22T10:24:31.4116980Z   ok   ['LICENSES/CERN-OHL-W-2.0.txt']: rtl=False
full-ci-gate	Decide whether this exact head needs the exhaustive gates	2026-09-22T10:24:31.4127491Z   ok   ['docs/diagrams/x.drawio', 'docs/diagrams/x.svg', 'docs/diagrams/x.png']: rtl=False
full-ci-gate	Decide whether this exact head needs the exhaustive gates	2026-09-22T10:24:31.4128686Z   ok   ['hdl/ieee1722/avtp/doc/TEST_RESULTS.md']: rtl=True
full-ci-gate	Decide whether this exact head needs the exhaustive gates	2026-09-22T10:24:31.4156085Z   ok   ['hdl/ieee8021as/gptp_plane/doc/TEST_RESULTS.md']: rtl=True
full-ci-gate	Decide whether this exact head needs the exhaustive gates	2026-09-22T10:24:31.4156883Z   ok   ['docs/reference/REGISTER_MAP.md']: rtl=True
full-ci-gate	Decide whether this exact head needs the exhaustive gates	2026-09-22T10:24:31.4157695Z   ok   ['docs/testing/MILAN_V12_AUDIT_2026-08-16.md']: rtl=True
full-ci-gate	Decide whether this exact head needs the exhaustive gates	2026-09-22T10:24:31.4158372Z   ok   ['docs/reference/TRACE_EVENTS.md']: rtl=True
full-ci-gate	Decide whether this exact head needs the exhaustive gates	2026-09-22T10:24:31.4158963Z   ok   ['docs/traceability/gen_module_matrix.py']: rtl=True
full-ci-gate	Decide whether this exact head needs the exhaustive gates	2026-09-22T10:24:31.4159598Z   ok   ['docs/diagrams/PNG_MANIFEST.json']: rtl=True
full-ci-gate	Decide whether this exact head needs the exhaustive gates	2026-09-22T10:24:31.4160202Z   ok   ['docs/traceability/untested.budget']: rtl=True
full-ci-gate	Decide whether this exact head needs the exhaustive gates	2026-09-22T10:24:31.4160751Z   ok   ['docs/notes.txt']: rtl=True
full-ci-gate	Decide whether this exact head needs the exhaustive gates	2026-09-22T10:24:31.4161246Z   ok   ['tb/verilator/milan_dp/README.md']: rtl=True
full-ci-gate	Decide whether this exact head needs the exhaustive gates	2026-09-22T10:24:31.4161788Z   ok   ['hdl/ieee1722/aaf/doc/x.svg']: rtl=True
full-ci-gate	Decide whether this exact head needs the exhaustive gates	2026-09-22T10:24:31.4162720Z   ok   ['cdc_census.drawio']: rtl=True
full-ci-gate	Decide whether this exact head needs the exhaustive gates	2026-09-22T10:24:31.4163194Z   ok   ['cdc_census.svg']: rtl=True
full-ci-gate	Decide whether this exact head needs the exhaustive gates	2026-09-22T10:24:31.4163779Z   ok   ['docs/x.md', 'hdl/ieee1722/avtp/doc/TEST_RESULTS.md']: rtl=True
full-ci-gate	Decide whether this exact head needs the exhaustive gates	2026-09-22T10:24:31.4165219Z   ok   ['docs/testing/MILAN_V12_AUDIT_2026-10-01.md', 'docs/testing/MILAN_V12_AUDIT_2026-08-16.md']: rtl=True
full-ci-gate	Decide whether this exact head needs the exhaustive gates	2026-09-22T10:24:31.4166145Z   ok   ['docs/design/KL_pp_shadow.md', 'hdl/milan/KL_pp_shadow.sv']: rtl=True
full-ci-gate	Decide whether this exact head needs the exhaustive gates	2026-09-22T10:24:31.4167003Z   ok   ['hdl/milan/KL_pp_shadow.sv']: rtl=True
full-ci-gate	Decide whether this exact head needs the exhaustive gates	2026-09-22T10:24:31.4167735Z   ok   ['.github/ISSUE_TEMPLATE/task.yml']: rtl=True
full-ci-gate	Decide whether this exact head needs the exhaustive gates	2026-09-22T10:24:31.4168328Z   ok   ['LICENSE']: rtl=True
full-ci-gate	Decide whether this exact head needs the exhaustive gates	2026-09-22T10:24:31.4168826Z   ok   ['notes.rst']: rtl=True
full-ci-gate	Decide whether this exact head needs the exhaustive gates	2026-09-22T10:24:31.4169387Z   ok   ['docs/x.md', 'hdl/ieee1722/aaf/doc/x.svg.in']: rtl=True
full-ci-gate	Decide whether this exact head needs the exhaustive gates	2026-09-22T10:24:31.4170067Z   ok   ['requirements.txt']: rtl=True
full-ci-gate	Decide whether this exact head needs the exhaustive gates	2026-09-22T10:24:31.4170621Z   ok   ['hdl/milan/milan_datapath.sv']: rtl=True
full-ci-gate	Decide whether this exact head needs the exhaustive gates	2026-09-22T10:24:31.4171242Z   ok   ['scripts/lint_rtl.py']: rtl=True
full-ci-gate	Decide whether this exact head needs the exhaustive gates	2026-09-22T10:24:31.4171846Z   ok   ['.github/workflows/rtl.yml']: rtl=True
full-ci-gate	Decide whether this exact head needs the exhaustive gates	2026-09-22T10:24:31.4172512Z   ok   ['docs/x.md', 'tb/verilator/cdc/Makefile']: rtl=True
full-ci-gate	Decide whether this exact head needs the exhaustive gates	2026-09-22T10:24:31.4174933Z   ok   []: rtl=True
full-ci-gate	Decide whether this exact head needs the exhaustive gates	2026-09-22T10:24:31.4175370Z   ok   ['gptp-processor']: rtl=True
full-ci-gate	Decide whether this exact head needs the exhaustive gates	2026-09-22T10:24:31.4175846Z   ok   ['protocol-processor']: rtl=True
full-ci-gate	Decide whether this exact head needs the exhaustive gates	2026-09-22T10:24:31.4176320Z   ok   ['external']: rtl=True
full-ci-gate	Decide whether this exact head needs the exhaustive gates	2026-09-22T10:24:31.4176794Z   ok   ['third_party/verilog-axis']: rtl=True
full-ci-gate	Decide whether this exact head needs the exhaustive gates	2026-09-22T10:24:31.4177303Z   ok   ['.gitmodules']: rtl=True
full-ci-gate	Decide whether this exact head needs the exhaustive gates	2026-09-22T10:24:31.4177788Z   ok   ['docs/x.md', 'gptp-processor']: rtl=True
full-ci-gate	Decide whether this exact head needs the exhaustive gates	2026-09-22T10:24:31.4178345Z   ok   submodule rule names protocol-processor
full-ci-gate	Decide whether this exact head needs the exhaustive gates	2026-09-22T10:24:31.4178889Z   ok   submodule rule names gptp-processor
full-ci-gate	Decide whether this exact head needs the exhaustive gates	2026-09-22T10:24:31.4179375Z   ok   submodule rule names external
full-ci-gate	Decide whether this exact head needs the exhaustive gates	2026-09-22T10:24:31.4179898Z   ok   submodule rule names third_party/verilog-axis
full-ci-gate	Decide whether this exact head needs the exhaustive gates	2026-09-22T10:24:31.4180427Z   ok   submodule rule names .gitmodules
full-ci-gate	Decide whether this exact head needs the exhaustive gates	2026-09-22T10:24:31.4181343Z   ok   gate-read page docs/reference/REGISTER_MAP.md (named at tests/steps/counters_contract_steps.py:38) is relevant
full-ci-gate	Decide whether this exact head needs the exhaustive gates	2026-09-22T10:24:31.4182675Z   ok   gate-read page docs/reference/TRACE_EVENTS.md (named at sw/trace/gen_trace_events.py:28) is relevant
full-ci-gate	Decide whether this exact head needs the exhaustive gates	2026-09-22T10:24:31.4184039Z   ok   gate-read page docs/testing/MILAN_V12_AUDIT_2026-08-16.md (named at tests/steps/milan_streaming_licence_steps.py:27) is relevant
full-ci-gate	Decide whether this exact head needs the exhaustive gates	2026-09-22T10:24:31.4185467Z   ok   a new reader spelt as a whole path literal names ['docs/reference/EGRESS_QUEUE_MAP.md']
full-ci-gate	Decide whether this exact head needs the exhaustive gates	2026-09-22T10:24:31.4186638Z   ok   a new reader spelt as a pathlib join of literals names ['docs/reference/EGRESS_QUEUE_MAP.md']
full-ci-gate	Decide whether this exact head needs the exhaustive gates	2026-09-22T10:24:31.4187799Z   ok   a new reader spelt as os.path.join of its pieces names ['docs/reference/EGRESS_QUEUE_MAP.md']
full-ci-gate	Decide whether this exact head needs the exhaustive gates	2026-09-22T10:24:31.4188973Z   ok   a new reader spelt as a docs directory constant joined later names ['docs/reference/EGRESS_QUEUE_MAP.md']
full-ci-gate	Decide whether this exact head needs the exhaustive gates	2026-09-22T10:24:31.4190265Z   ok   a new reader spelt as an f-string over a directory variable names ['docs/reference/EGRESS_QUEUE_MAP.md']
full-ci-gate	Decide whether this exact head needs the exhaustive gates	2026-09-22T10:24:31.4191427Z   ok   a new reader spelt as an f-string over a literal directory names ['docs/reference/EGRESS_QUEUE_MAP.md']
full-ci-gate	Decide whether this exact head needs the exhaustive gates	2026-09-22T10:24:31.4192567Z   ok   a new reader spelt as a relative literal names ['docs/reference/EGRESS_QUEUE_MAP.md']
full-ci-gate	Decide whether this exact head needs the exhaustive gates	2026-09-22T10:24:31.4193622Z   ok   a new reader spelt as a join wrapped over two lines names ['docs/reference/EGRESS_QUEUE_MAP.md']
full-ci-gate	Decide whether this exact head needs the exhaustive gates	2026-09-22T10:24:31.4194633Z   ok   a new reader spelt as a bare file name handed to a helper names ['docs/reference/EGRESS_QUEUE_MAP.md']
full-ci-gate	Decide whether this exact head needs the exhaustive gates	2026-09-22T10:24:31.4195780Z   ok   a new reader spelt as a top-level page as a whole literal names ['QUICKSTART.md']
full-ci-gate	Decide whether this exact head needs the exhaustive gates	2026-09-22T10:24:31.4196879Z   ok   a new reader spelt as a recipe reading it through a directory variable names ['docs/reference/EGRESS_QUEUE_MAP.md']
full-ci-gate	Decide whether this exact head needs the exhaustive gates	2026-09-22T10:24:31.4197990Z   ok   a new reader spelt as a recipe reading its whole path names ['docs/reference/EGRESS_QUEUE_MAP.md']
full-ci-gate	Decide whether this exact head needs the exhaustive gates	2026-09-22T10:24:31.4199314Z   ok   a new reader spelt as a shell line reading it names ['docs/reference/EGRESS_QUEUE_MAP.md']
full-ci-gate	Decide whether this exact head needs the exhaustive gates	2026-09-22T10:24:31.4200149Z   ok   a new reader spelt as a comment naming it names nothing
full-ci-gate	Decide whether this exact head needs the exhaustive gates	2026-09-22T10:24:31.4200800Z   ok   a new reader spelt as a message naming it names nothing
full-ci-gate	Decide whether this exact head needs the exhaustive gates	2026-09-22T10:24:31.4201490Z   ok   a new reader spelt as a reader docs-check runs too names nothing
full-ci-gate	Decide whether this exact head needs the exhaustive gates	2026-09-22T10:24:31.4202181Z   ok   mutation: gptp-processor filed as docs-only is rejected
full-ci-gate	Decide whether this exact head needs the exhaustive gates	2026-09-22T10:24:31.4202890Z   ok   mutation: protocol-processor filed as docs-only is rejected
full-ci-gate	Decide whether this exact head needs the exhaustive gates	2026-09-22T10:24:31.4203571Z   ok   mutation: external filed as docs-only is rejected
full-ci-gate	Decide whether this exact head needs the exhaustive gates	2026-09-22T10:24:31.4204236Z   ok   mutation: third_party/verilog-axis filed as docs-only is rejected
full-ci-gate	Decide whether this exact head needs the exhaustive gates	2026-09-22T10:24:31.4205123Z   ok   mutation: .gitmodules filed as docs-only is rejected
full-ci-gate	Decide whether this exact head needs the exhaustive gates	2026-09-22T10:24:31.4205826Z   ok   mutation: .github/ISSUE_TEMPLATE/ filed as docs-only is rejected
full-ci-gate	Decide whether this exact head needs the exhaustive gates	2026-09-22T10:24:31.4206521Z   ok   mutation: LICENSE filed as docs-only is rejected
full-ci-gate	Decide whether this exact head needs the exhaustive gates	2026-09-22T10:24:31.4207092Z   ok   mutation: .rst filed as docs-only is rejected
full-ci-gate	Decide whether this exact head needs the exhaustive gates	2026-09-22T10:24:31.4207880Z   ok   mutation: docs/ filed as docs-only is rejected
full-ci-gate	Decide whether this exact head needs the exhaustive gates	2026-09-22T10:24:31.4208537Z   ok   mutation: hdl/ieee1722/avtp/doc/ filed as docs-only is rejected
full-ci-gate	Decide whether this exact head needs the exhaustive gates	2026-09-22T10:24:31.4209318Z   ok   mutation: hdl/ieee8021as/gptp_plane/doc/ filed as docs-only is rejected
full-ci-gate	Decide whether this exact head needs the exhaustive gates	2026-09-22T10:24:31.4209999Z   ok   mutation: tb/ filed as docs-only is rejected
full-ci-gate	Decide whether this exact head needs the exhaustive gates	2026-09-22T10:24:31.4210543Z   ok   mutation: .py filed as docs-only is rejected
full-ci-gate	Decide whether this exact head needs the exhaustive gates	2026-09-22T10:24:31.4211063Z   ok   mutation: .json filed as docs-only is rejected
full-ci-gate	Decide whether this exact head needs the exhaustive gates	2026-09-22T10:24:31.4211613Z   ok   mutation: .svg filed as docs-only is rejected
full-ci-gate	Decide whether this exact head needs the exhaustive gates	2026-09-22T10:24:31.4212349Z   ok   mutation: gate-read docs/reference/REGISTER_MAP.md filed as docs-only is rejected
full-ci-gate	Decide whether this exact head needs the exhaustive gates	2026-09-22T10:24:31.4213328Z   ok   mutation: the scan still names docs/reference/REGISTER_MAP.md once the table drops it
full-ci-gate	Decide whether this exact head needs the exhaustive gates	2026-09-22T10:24:31.4214311Z   ok   mutation: gate-read docs/reference/TRACE_EVENTS.md filed as docs-only is rejected
full-ci-gate	Decide whether this exact head needs the exhaustive gates	2026-09-22T10:24:31.4215430Z   ok   mutation: the scan still names docs/reference/TRACE_EVENTS.md once the table drops it
full-ci-gate	Decide whether this exact head needs the exhaustive gates	2026-09-22T10:24:31.4216485Z   ok   mutation: gate-read docs/testing/MILAN_V12_AUDIT_2026-08-16.md filed as docs-only is rejected
full-ci-gate	Decide whether this exact head needs the exhaustive gates	2026-09-22T10:24:31.4217563Z   ok   mutation: the scan still names docs/testing/MILAN_V12_AUDIT_2026-08-16.md once the table drops it
full-ci-gate	Decide whether this exact head needs the exhaustive gates	2026-09-22T10:24:31.4218359Z selftest: PASS
full-ci-gate	Decide whether this exact head needs the exhaustive gates	2026-09-22T10:24:31.4218782Z Non-PR event: exhaustive validation required.
full-ci-gate	Post Run actions/checkout@v4	﻿2026-09-22T10:24:31.4324320Z Node 20 is being deprecated. This workflow is running with Node 24 by default. If you need to temporarily use Node 20, you can set the ACTIONS_ALLOW_USE_UNSECURE_NODE_VERSION=true environment variable. For more information see: https://github.blog/changelog/2025-09-19-deprecation-of-node-20-on-github-actions-runners/
full-ci-gate	Post Run actions/checkout@v4	2026-09-22T10:24:31.4325862Z Post job cleanup.
full-ci-gate	Post Run actions/checkout@v4	2026-09-22T10:24:31.5100812Z [command]/usr/bin/git version
full-ci-gate	Post Run actions/checkout@v4	2026-09-22T10:24:31.5136827Z git version 2.55.0
full-ci-gate	Post Run actions/checkout@v4	2026-09-22T10:24:31.5170693Z Temporarily overriding HOME='/home/runner/work/_temp/2d1b0828-259a-45b8-9c62-6b2e067ec3d0' before making global git config changes
full-ci-gate	Post Run actions/checkout@v4	2026-09-22T10:24:31.5172150Z Adding repository directory to the temporary git global config as a safe directory
full-ci-gate	Post Run actions/checkout@v4	2026-09-22T10:24:31.5176679Z [command]/usr/bin/git config --global --add safe.directory /home/runner/work/milan-fpga/milan-fpga
full-ci-gate	Post Run actions/checkout@v4	2026-09-22T10:24:31.5211189Z [command]/usr/bin/git config --local --name-only --get-regexp core\.sshCommand
full-ci-gate	Post Run actions/checkout@v4	2026-09-22T10:24:31.5242158Z [command]/usr/bin/git submodule foreach --recursive sh -c "git config --local --name-only --get-regexp 'core\.sshCommand' && git config --local --unset-all 'core.sshCommand' || :"
full-ci-gate	Post Run actions/checkout@v4	2026-09-22T10:24:31.5455906Z [command]/usr/bin/git config --local --name-only --get-regexp http\.https\:\/\/github\.com\/\.extraheader
full-ci-gate	Post Run actions/checkout@v4	2026-09-22T10:24:31.5477696Z http.https://github.com/.extraheader
full-ci-gate	Post Run actions/checkout@v4	2026-09-22T10:24:31.5488216Z [command]/usr/bin/git config --local --unset-all http.https://github.com/.extraheader
full-ci-gate	Post Run actions/checkout@v4	2026-09-22T10:24:31.5516584Z [command]/usr/bin/git submodule foreach --recursive sh -c "git config --local --name-only --get-regexp 'http\.https\:\/\/github\.com\/\.extraheader' && git config --local --unset-all 'http.https://github.com/.extraheader' || :"
full-ci-gate	Post Run actions/checkout@v4	2026-09-22T10:24:31.5708518Z [command]/usr/bin/git config --local --name-only --get-regexp ^includeIf\.gitdir:
full-ci-gate	Post Run actions/checkout@v4	2026-09-22T10:24:31.5739859Z [command]/usr/bin/git submodule foreach --recursive git config --local --show-origin --name-only --get-regexp remote.origin.url
full-ci-gate	Complete job	﻿2026-09-22T10:24:31.6085316Z Evaluate and set job outputs
full-ci-gate	Complete job	2026-09-22T10:24:31.6091990Z Set output 'run_full'
full-ci-gate	Complete job	2026-09-22T10:24:31.6093686Z Set output 'rtl'
full-ci-gate	Complete job	2026-09-22T10:24:31.6094368Z Set output 'target_sha'
full-ci-gate	Complete job	2026-09-22T10:24:31.6095234Z Cleaning up orphan processes
full-ci-gate	Complete job	2026-09-22T10:24:31.6404630Z ##[warning]Node.js 20 is deprecated. The following actions target Node.js 20 but are being forced to run on Node.js 24: actions/checkout@v4. For more information see: https://github.blog/changelog/2025-09-19-deprecation-of-node-20-on-github-actions-runners/
Verilator shard 0/5	UNKNOWN STEP	﻿2026-09-22T10:24:37.4672253Z Current runner version: '2.337.0'
Verilator shard 0/5	UNKNOWN STEP	2026-09-22T10:24:37.4687495Z ##[group]Runner Image Provisioner
Verilator shard 0/5	UNKNOWN STEP	2026-09-22T10:24:37.4688007Z Hosted Compute Agent
Verilator shard 0/5	UNKNOWN STEP	2026-09-22T10:24:37.4688390Z Version: 20260828.587
Verilator shard 0/5	UNKNOWN STEP	2026-09-22T10:24:37.4688793Z Commit: abac92662cab4cc7352de4f9f9d2e2419aad9c29
Verilator shard 0/5	UNKNOWN STEP	2026-09-22T10:24:37.4689229Z Build Date: 2026-08-28T16:44:25Z
Verilator shard 0/5	UNKNOWN STEP	2026-09-22T10:24:37.4689641Z Worker ID: {6ca9a983-eb24-4e81-b137-cc09daf2505e}
Verilator shard 0/5	UNKNOWN STEP	2026-09-22T10:24:37.4690054Z Azure Region: westus3
Verilator shard 0/5	UNKNOWN STEP	2026-09-22T10:24:37.4690651Z ##[endgroup]
Verilator shard 0/5	UNKNOWN STEP	2026-09-22T10:24:37.4691463Z ##[group]Operating System
Verilator shard 0/5	UNKNOWN STEP	2026-09-22T10:24:37.4691809Z Ubuntu
Verilator shard 0/5	UNKNOWN STEP	2026-09-22T10:24:37.4692100Z 24.04.5
Verilator shard 0/5	UNKNOWN STEP	2026-09-22T10:24:37.4692442Z LTS
Verilator shard 0/5	UNKNOWN STEP	2026-09-22T10:24:37.4692774Z ##[endgroup]
Verilator shard 0/5	UNKNOWN STEP	2026-09-22T10:24:37.4693112Z ##[group]Runner Image
Verilator shard 0/5	UNKNOWN STEP	2026-09-22T10:24:37.4693500Z Image: ubuntu-24.04
Verilator shard 0/5	UNKNOWN STEP	2026-09-22T10:24:37.4693821Z Version: 20260907.300.1
Verilator shard 0/5	UNKNOWN STEP	2026-09-22T10:24:37.4694598Z Included Software: https://github.com/actions/runner-images/blob/ubuntu24/20260907.300/images/ubuntu/Ubuntu2404-Readme.md
Verilator shard 0/5	UNKNOWN STEP	2026-09-22T10:24:37.4695451Z Image Release: https://github.com/actions/runner-images/releases/tag/ubuntu24%2F20260907.300
Verilator shard 0/5	UNKNOWN STEP	2026-09-22T10:24:37.4695982Z ##[endgroup]
Verilator shard 0/5	UNKNOWN STEP	2026-09-22T10:24:37.4696657Z ##[group]GITHUB_TOKEN Permissions
Verilator shard 0/5	UNKNOWN STEP	2026-09-22T10:24:37.4697985Z Contents: read
Verilator shard 0/5	UNKNOWN STEP	2026-09-22T10:24:37.4698312Z Metadata: read
Verilator shard 0/5	UNKNOWN STEP	2026-09-22T10:24:37.4698690Z Packages: read
Verilator shard 0/5	UNKNOWN STEP	2026-09-22T10:24:37.4699015Z ##[endgroup]
Verilator shard 0/5	UNKNOWN STEP	2026-09-22T10:24:37.4700350Z Secret source: Actions
Verilator shard 0/5	UNKNOWN STEP	2026-09-22T10:24:37.4700946Z Cache mode: write
Verilator shard 0/5	UNKNOWN STEP	2026-09-22T10:24:37.4701375Z Prepare workflow directory
Verilator shard 0/5	UNKNOWN STEP	2026-09-22T10:24:37.4921009Z Prepare all required actions
Verilator shard 0/5	UNKNOWN STEP	2026-09-22T10:24:37.4949791Z Getting action download info
Verilator shard 0/5	UNKNOWN STEP	2026-09-22T10:24:37.8291620Z Download action repository 'actions/checkout@v4' (SHA:11d5960a326750d5838078e36cf38b85af677262)
Verilator shard 0/5	UNKNOWN STEP	2026-09-22T10:24:37.9170668Z Download action repository 'actions/cache@v4' (SHA:0057852bfaa89a56745cba8c7296529d2fc39830)
Verilator shard 0/5	UNKNOWN STEP	2026-09-22T10:24:38.0378061Z Download action repository 'actions/upload-artifact@v4' (SHA:ea165f8d65b6e75b540449e92b4886f43607fa02)
Verilator shard 0/5	UNKNOWN STEP	2026-09-22T10:24:38.2389894Z Complete job name: Verilator shard 0/5
Verilator shard 0/5	UNKNOWN STEP	2026-09-22T10:24:38.2833324Z Node 20 is being deprecated. This workflow is running with Node 24 by default. If you need to temporarily use Node 20, you can set the ACTIONS_ALLOW_USE_UNSECURE_NODE_VERSION=true environment variable. For more information see: https://github.blog/changelog/2025-09-19-deprecation-of-node-20-on-github-actions-runners/
Verilator shard 0/5	UNKNOWN STEP	2026-09-22T10:24:38.2837946Z ##[group]Run actions/checkout@v4
Verilator shard 0/5	UNKNOWN STEP	2026-09-22T10:24:38.2838401Z with:
Verilator shard 0/5	UNKNOWN STEP	2026-09-22T10:24:38.2838649Z   repository: kebag-logic/milan-fpga
Verilator shard 0/5	UNKNOWN STEP	2026-09-22T10:24:38.2840873Z   token: ***
Verilator shard 0/5	UNKNOWN STEP	2026-09-22T10:24:38.2841109Z   ssh-strict: true
Verilator shard 0/5	UNKNOWN STEP	2026-09-22T10:24:38.2841350Z   ssh-user: git
Verilator shard 0/5	UNKNOWN STEP	2026-09-22T10:24:38.2841605Z   persist-credentials: true
Verilator shard 0/5	UNKNOWN STEP	2026-09-22T10:24:38.2841882Z   clean: true
Verilator shard 0/5	UNKNOWN STEP	2026-09-22T10:24:38.2842138Z   sparse-checkout-cone-mode: true
Verilator shard 0/5	UNKNOWN STEP	2026-09-22T10:24:38.2842429Z   fetch-depth: 1
Verilator shard 0/5	UNKNOWN STEP	2026-09-22T10:24:38.2842677Z   fetch-tags: false
Verilator shard 0/5	UNKNOWN STEP	2026-09-22T10:24:38.2842925Z   show-progress: true
Verilator shard 0/5	UNKNOWN STEP	2026-09-22T10:24:38.2843195Z   lfs: false
Verilator shard 0/5	UNKNOWN STEP	2026-09-22T10:24:38.2843455Z   submodules: false
Verilator shard 0/5	UNKNOWN STEP	2026-09-22T10:24:38.2843707Z   set-safe-directory: true
Verilator shard 0/5	UNKNOWN STEP	2026-09-22T10:24:38.2843990Z   allow-unsafe-pr-checkout: false
Verilator shard 0/5	UNKNOWN STEP	2026-09-22T10:24:38.2844345Z env:
Verilator shard 0/5	UNKNOWN STEP	2026-09-22T10:24:38.2844576Z   VERILATOR_VERSION: v5.050
Verilator shard 0/5	UNKNOWN STEP	2026-09-22T10:24:38.2844850Z   YOSYS_VERSION: v0.66
Verilator shard 0/5	UNKNOWN STEP	2026-09-22T10:24:38.2845150Z   TSN_GEN_REV: deca300c9eb4863fa13383b45ba6cb6fd0828671
Verilator shard 0/5	UNKNOWN STEP	2026-09-22T10:24:38.2845494Z ##[endgroup]
Verilator shard 0/5	UNKNOWN STEP	2026-09-22T10:24:38.3458125Z Syncing repository: kebag-logic/milan-fpga
Verilator shard 0/5	UNKNOWN STEP	2026-09-22T10:24:38.3459619Z ##[group]Getting Git version info
Verilator shard 0/5	UNKNOWN STEP	2026-09-22T10:24:38.3460446Z Working directory is '/home/runner/work/milan-fpga/milan-fpga'
Verilator shard 0/5	UNKNOWN STEP	2026-09-22T10:24:38.3461379Z [command]/usr/bin/git version
Verilator shard 0/5	UNKNOWN STEP	2026-09-22T10:24:38.3533059Z git version 2.55.0
Verilator shard 0/5	UNKNOWN STEP	2026-09-22T10:24:38.3545132Z ##[endgroup]
Verilator shard 0/5	UNKNOWN STEP	2026-09-22T10:24:38.3558904Z Temporarily overriding HOME='/home/runner/work/_temp/4f0e8466-5688-440d-aa99-1045502cec7d' before making global git config changes
Verilator shard 0/5	UNKNOWN STEP	2026-09-22T10:24:38.3560637Z Adding repository directory to the temporary git global config as a safe directory
Verilator shard 0/5	UNKNOWN STEP	2026-09-22T10:24:38.3561761Z [command]/usr/bin/git config --global --add safe.directory /home/runner/work/milan-fpga/milan-fpga
Verilator shard 0/5	UNKNOWN STEP	2026-09-22T10:24:38.3603836Z Deleting the contents of '/home/runner/work/milan-fpga/milan-fpga'
Verilator shard 0/5	UNKNOWN STEP	2026-09-22T10:24:38.3610774Z ##[group]Initializing the repository
Verilator shard 0/5	UNKNOWN STEP	2026-09-22T10:24:38.3611465Z [command]/usr/bin/git init /home/runner/work/milan-fpga/milan-fpga
Verilator shard 0/5	UNKNOWN STEP	2026-09-22T10:24:38.3703539Z hint: Using 'master' as the name for the initial branch. This default branch name
Verilator shard 0/5	UNKNOWN STEP	2026-09-22T10:24:38.3704200Z hint: will change to "main" in Git 3.0. To configure the initial branch name
Verilator shard 0/5	UNKNOWN STEP	2026-09-22T10:24:38.3704936Z hint: to use in all of your new repositories, which will suppress this warning,
Verilator shard 0/5	UNKNOWN STEP	2026-09-22T10:24:38.3705633Z hint: call:
Verilator shard 0/5	UNKNOWN STEP	2026-09-22T10:24:38.3705988Z hint:
Verilator shard 0/5	UNKNOWN STEP	2026-09-22T10:24:38.3706493Z hint: 	git config --global init.defaultBranch <name>
Verilator shard 0/5	UNKNOWN STEP	2026-09-22T10:24:38.3707040Z hint:
Verilator shard 0/5	UNKNOWN STEP	2026-09-22T10:24:38.3707646Z hint: Names commonly chosen instead of 'master' are 'main', 'trunk' and
Verilator shard 0/5	UNKNOWN STEP	2026-09-22T10:24:38.3708409Z hint: 'development'. The just-created branch can be renamed via this command:
Verilator shard 0/5	UNKNOWN STEP	2026-09-22T10:24:38.3709064Z hint:
Verilator shard 0/5	UNKNOWN STEP	2026-09-22T10:24:38.3709301Z hint: 	git branch -m <name>
Verilator shard 0/5	UNKNOWN STEP	2026-09-22T10:24:38.3709692Z hint:
Verilator shard 0/5	UNKNOWN STEP	2026-09-22T10:24:38.3710401Z hint: Disable this message with "git config set advice.defaultBranchName false"
Verilator shard 0/5	UNKNOWN STEP	2026-09-22T10:24:38.3711127Z Initialized empty Git repository in /home/runner/work/milan-fpga/milan-fpga/.git/
Verilator shard 0/5	UNKNOWN STEP	2026-09-22T10:24:38.3715697Z [command]/usr/bin/git remote add origin https://github.com/kebag-logic/milan-fpga
Verilator shard 0/5	UNKNOWN STEP	2026-09-22T10:24:38.3753289Z ##[endgroup]
Verilator shard 0/5	UNKNOWN STEP	2026-09-22T10:24:38.3753857Z ##[group]Disabling automatic garbage collection
Verilator shard 0/5	UNKNOWN STEP	2026-09-22T10:24:38.3755823Z [command]/usr/bin/git config --local gc.auto 0
Verilator shard 0/5	UNKNOWN STEP	2026-09-22T10:24:38.3789384Z ##[endgroup]
Verilator shard 0/5	UNKNOWN STEP	2026-09-22T10:24:38.3789818Z ##[group]Setting up auth
Verilator shard 0/5	UNKNOWN STEP	2026-09-22T10:24:38.3791832Z [command]/usr/bin/git config --local --name-only --get-regexp core\.sshCommand
Verilator shard 0/5	UNKNOWN STEP	2026-09-22T10:24:38.3819405Z [command]/usr/bin/git submodule foreach --recursive sh -c "git config --local --name-only --get-regexp 'core\.sshCommand' && git config --local --unset-all 'core.sshCommand' || :"
Verilator shard 0/5	UNKNOWN STEP	2026-09-22T10:24:38.4101964Z [command]/usr/bin/git config --local --name-only --get-regexp http\.https\:\/\/github\.com\/\.extraheader
Verilator shard 0/5	UNKNOWN STEP	2026-09-22T10:24:38.4128495Z [command]/usr/bin/git submodule foreach --recursive sh -c "git config --local --name-only --get-regexp 'http\.https\:\/\/github\.com\/\.extraheader' && git config --local --unset-all 'http.https://github.com/.extraheader' || :"
Verilator shard 0/5	UNKNOWN STEP	2026-09-22T10:24:38.4293096Z [command]/usr/bin/git config --local --name-only --get-regexp ^includeIf\.gitdir:
Verilator shard 0/5	UNKNOWN STEP	2026-09-22T10:24:38.4318865Z [command]/usr/bin/git submodule foreach --recursive git config --local --show-origin --name-only --get-regexp remote.origin.url
Verilator shard 0/5	UNKNOWN STEP	2026-09-22T10:24:38.4482463Z [command]/usr/bin/git config --local http.https://github.com/.extraheader AUTHORIZATION: basic ***
Verilator shard 0/5	UNKNOWN STEP	2026-09-22T10:24:38.4514445Z ##[endgroup]
Verilator shard 0/5	UNKNOWN STEP	2026-09-22T10:24:38.4514981Z ##[group]Fetching the repository
Verilator shard 0/5	UNKNOWN STEP	2026-09-22T10:24:38.4522503Z [command]/usr/bin/git -c protocol.version=2 fetch --no-tags --prune --no-recurse-submodules --depth=1 origin +ec34fcdee0ca9ffa63564a9af8ad70a3a618de29:refs/remotes/origin/dev
Verilator shard 0/5	UNKNOWN STEP	2026-09-22T10:24:39.7952044Z From https://github.com/kebag-logic/milan-fpga
Verilator shard 0/5	UNKNOWN STEP	2026-09-22T10:24:39.7953700Z  * [new ref]         ec34fcdee0ca9ffa63564a9af8ad70a3a618de29 -> origin/dev
Verilator shard 0/5	UNKNOWN STEP	2026-09-22T10:24:39.7956371Z ##[endgroup]
Verilator shard 0/5	UNKNOWN STEP	2026-09-22T10:24:39.7957310Z ##[group]Determining the checkout info
Verilator shard 0/5	UNKNOWN STEP	2026-09-22T10:24:39.7958393Z ##[endgroup]
Verilator shard 0/5	UNKNOWN STEP	2026-09-22T10:24:39.7960874Z [command]/usr/bin/git sparse-checkout disable
Verilator shard 0/5	UNKNOWN STEP	2026-09-22T10:24:39.7998769Z [command]/usr/bin/git config --local --unset-all extensions.worktreeConfig
Verilator shard 0/5	UNKNOWN STEP	2026-09-22T10:24:39.8025424Z ##[group]Checking out the ref
Verilator shard 0/5	UNKNOWN STEP	2026-09-22T10:24:39.8026563Z [command]/usr/bin/git checkout --progress --force -B dev refs/remotes/origin/dev
Verilator shard 0/5	UNKNOWN STEP	2026-09-22T10:24:39.9013164Z Switched to a new branch 'dev'
Verilator shard 0/5	UNKNOWN STEP	2026-09-22T10:24:39.9016199Z branch 'dev' set up to track 'origin/dev'.
Verilator shard 0/5	UNKNOWN STEP	2026-09-22T10:24:39.9024799Z ##[endgroup]
Verilator shard 0/5	UNKNOWN STEP	2026-09-22T10:24:39.9058732Z [command]/usr/bin/git log -1 --format=%H
Verilator shard 0/5	UNKNOWN STEP	2026-09-22T10:24:39.9079322Z ec34fcdee0ca9ffa63564a9af8ad70a3a618de29
Verilator shard 0/5	UNKNOWN STEP	2026-09-22T10:24:39.9261997Z ##[group]Run git submodule update --init third_party/verilog-axis protocol-processor gptp-processor
Verilator shard 0/5	UNKNOWN STEP	2026-09-22T10:24:39.9263887Z ^[[36;1mgit submodule update --init third_party/verilog-axis protocol-processor gptp-processor^[[0m
Verilator shard 0/5	UNKNOWN STEP	2026-09-22T10:24:39.9298347Z shell: /usr/bin/bash -e {0}
Verilator shard 0/5	UNKNOWN STEP	2026-09-22T10:24:39.9299035Z env:
Verilator shard 0/5	UNKNOWN STEP	2026-09-22T10:24:39.9299597Z   VERILATOR_VERSION: v5.050
Verilator shard 0/5	UNKNOWN STEP	2026-09-22T10:24:39.9300373Z   YOSYS_VERSION: v0.66
Verilator shard 0/5	UNKNOWN STEP	2026-09-22T10:24:39.9301120Z   TSN_GEN_REV: deca300c9eb4863fa13383b45ba6cb6fd0828671
Verilator shard 0/5	UNKNOWN STEP	2026-09-22T10:24:39.9301971Z ##[endgroup]
Verilator shard 0/5	UNKNOWN STEP	2026-09-22T10:24:39.9516632Z Submodule 'gptp-processor' (https://github.com/Mister-M-alt/FPGA-gPTP.git) registered for path 'gptp-processor'
Verilator shard 0/5	UNKNOWN STEP	2026-09-22T10:24:39.9521304Z Submodule 'protocol-processor' (https://github.com/Mister-M-alt/protocol-processor-control-plane-avb-milan.git) registered for path 'protocol-processor'
Verilator shard 0/5	UNKNOWN STEP	2026-09-22T10:24:39.9524304Z Submodule 'third_party/verilog-axis' (https://github.com/alexforencich/verilog-axis) registered for path 'third_party/verilog-axis'
Verilator shard 0/5	UNKNOWN STEP	2026-09-22T10:24:39.9540844Z Cloning into '/home/runner/work/milan-fpga/milan-fpga/gptp-processor'...
Verilator shard 0/5	UNKNOWN STEP	2026-09-22T10:24:41.0974967Z Cloning into '/home/runner/work/milan-fpga/milan-fpga/protocol-processor'...
Verilator shard 0/5	UNKNOWN STEP	2026-09-22T10:24:42.3272857Z Cloning into '/home/runner/work/milan-fpga/milan-fpga/third_party/verilog-axis'...
Verilator shard 0/5	UNKNOWN STEP	2026-09-22T10:24:43.6711175Z Submodule path 'gptp-processor': checked out 'c1b617435824929a790739ea8585c3fe1a328cc0'
Verilator shard 0/5	UNKNOWN STEP	2026-09-22T10:24:43.7095403Z Submodule path 'protocol-processor': checked out '424c688fa2205b934a7689a58f2aa766420f2326'
Verilator shard 0/5	UNKNOWN STEP	2026-09-22T10:24:43.7244858Z Submodule path 'third_party/verilog-axis': checked out '48ff7a7e2ef782cf778d47910cf85835c64b1bce'
Verilator shard 0/5	UNKNOWN STEP	2026-09-22T10:24:43.7277979Z ##[group]Run set -euo pipefail
Verilator shard 0/5	UNKNOWN STEP	2026-09-22T10:24:43.7278171Z ^[[36;1mset -euo pipefail^[[0m
Verilator shard 0/5	UNKNOWN STEP	2026-09-22T10:24:43.7278313Z ^[[36;1mhead="$(git rev-parse HEAD)"^[[0m
Verilator shard 0/5	UNKNOWN STEP	2026-09-22T10:24:43.7278515Z ^[[36;1mif [ "$head" != "$GITHUB_SHA" ] || [ "$GITHUB_SHA" != "$TARGET_SHA" ]; then^[[0m
Verilator shard 0/5	UNKNOWN STEP	2026-09-22T10:24:43.7278819Z ^[[36;1m  echo "checkout $head, GITHUB_SHA $GITHUB_SHA and gate target $TARGET_SHA must be one SHA" >&2^[[0m
Verilator shard 0/5	UNKNOWN STEP	2026-09-22T10:24:43.7279057Z ^[[36;1m  exit 1^[[0m
Verilator shard 0/5	UNKNOWN STEP	2026-09-22T10:24:43.7279166Z ^[[36;1mfi^[[0m
Verilator shard 0/5	UNKNOWN STEP	2026-09-22T10:24:43.7279292Z ^[[36;1mmkdir -p "$RUNNER_TEMP/suite-logs"^[[0m
Verilator shard 0/5	UNKNOWN STEP	2026-09-22T10:24:43.7279499Z ^[[36;1mprintf '%s\n' "$GITHUB_SHA" > "$RUNNER_TEMP/suite-logs/TARGET_SHA"^[[0m
Verilator shard 0/5	UNKNOWN STEP	2026-09-22T10:24:43.7279700Z ^[[36;1mecho "target_sha=$GITHUB_SHA"^[[0m
Verilator shard 0/5	UNKNOWN STEP	2026-09-22T10:24:43.7307884Z shell: /usr/bin/bash -e {0}
Verilator shard 0/5	UNKNOWN STEP	2026-09-22T10:24:43.7308017Z env:
Verilator shard 0/5	UNKNOWN STEP	2026-09-22T10:24:43.7308129Z   VERILATOR_VERSION: v5.050
Verilator shard 0/5	UNKNOWN STEP	2026-09-22T10:24:43.7308260Z   YOSYS_VERSION: v0.66
Verilator shard 0/5	UNKNOWN STEP	2026-09-22T10:24:43.7308429Z   TSN_GEN_REV: deca300c9eb4863fa13383b45ba6cb6fd0828671
Verilator shard 0/5	UNKNOWN STEP	2026-09-22T10:24:43.7308631Z   TARGET_SHA: ec34fcdee0ca9ffa63564a9af8ad70a3a618de29
Verilator shard 0/5	UNKNOWN STEP	2026-09-22T10:24:43.7308798Z ##[endgroup]
Verilator shard 0/5	UNKNOWN STEP	2026-09-22T10:24:43.7368798Z target_sha=ec34fcdee0ca9ffa63564a9af8ad70a3a618de29
Verilator shard 0/5	UNKNOWN STEP	2026-09-22T10:24:43.7416776Z Node 20 is being deprecated. This workflow is running with Node 24 by default. If you need to temporarily use Node 20, you can set the ACTIONS_ALLOW_USE_UNSECURE_NODE_VERSION=true environment variable. For more information see: https://github.blog/changelog/2025-09-19-deprecation-of-node-20-on-github-actions-runners/
Verilator shard 0/5	UNKNOWN STEP	2026-09-22T10:24:43.7417835Z ##[group]Run actions/cache@v4
Verilator shard 0/5	UNKNOWN STEP	2026-09-22T10:24:43.7417968Z with:
Verilator shard 0/5	UNKNOWN STEP	2026-09-22T10:24:43.7418087Z   path: /opt/verilator
Verilator shard 0/5	UNKNOWN STEP	2026-09-22T10:24:43.7418219Z   key: verilator-v5.050-Linux
Verilator shard 0/5	UNKNOWN STEP	2026-09-22T10:24:43.7418362Z   enableCrossOsArchive: false
Verilator shard 0/5	UNKNOWN STEP	2026-09-22T10:24:43.7418504Z   fail-on-cache-miss: false
Verilator shard 0/5	UNKNOWN STEP	2026-09-22T10:24:43.7418637Z   lookup-only: false
Verilator shard 0/5	UNKNOWN STEP	2026-09-22T10:24:43.7418754Z   save-always: false
Verilator shard 0/5	UNKNOWN STEP	2026-09-22T10:24:43.7418985Z env:
Verilator shard 0/5	UNKNOWN STEP	2026-09-22T10:24:43.7419096Z   VERILATOR_VERSION: v5.050
Verilator shard 0/5	UNKNOWN STEP	2026-09-22T10:24:43.7419224Z   YOSYS_VERSION: v0.66
Verilator shard 0/5	UNKNOWN STEP	2026-09-22T10:24:43.7419372Z   TSN_GEN_REV: deca300c9eb4863fa13383b45ba6cb6fd0828671
Verilator shard 0/5	UNKNOWN STEP	2026-09-22T10:24:43.7419563Z ##[endgroup]
Verilator shard 0/5	UNKNOWN STEP	2026-09-22T10:24:43.8056904Z (node:2152) [DEP0040] DeprecationWarning: The `punycode` module is deprecated. Please use a userland alternative instead.
Verilator shard 0/5	UNKNOWN STEP	2026-09-22T10:24:43.8057398Z (Use `node --trace-deprecation ...` to show where the warning was created)
Verilator shard 0/5	UNKNOWN STEP	2026-09-22T10:24:44.0525409Z Cache hit for: verilator-v5.050-Linux
Verilator shard 0/5	UNKNOWN STEP	2026-09-22T10:24:44.0604603Z (node:2152) [DEP0169] DeprecationWarning: `url.parse()` behavior is not standardized and prone to errors that have security implications. Use the WHATWG URL API instead. CVEs are not issued for `url.parse()` vulnerabilities.
Verilator shard 0/5	UNKNOWN STEP	2026-09-22T10:24:45.2798821Z Received 37748736 of 92153557 (41.0%), 36.0 MBs/sec
Verilator shard 0/5	UNKNOWN STEP	2026-09-22T10:24:45.5307208Z Received 92153557 of 92153557 (100.0%), 70.3 MBs/sec
Verilator shard 0/5	UNKNOWN STEP	2026-09-22T10:24:45.5308900Z Cache Size: ~88 MB (92153557 B)
Verilator shard 0/5	UNKNOWN STEP	2026-09-22T10:24:45.5392354Z [command]/usr/bin/tar -xf /home/runner/work/_temp/ea92117b-7f7b-4561-8671-cf0ee4aff65a/cache.tzst -P -C /home/runner/work/milan-fpga/milan-fpga --use-compress-program unzstd
Verilator shard 0/5	UNKNOWN STEP	2026-09-22T10:24:45.6481407Z Cache restored successfully
Verilator shard 0/5	UNKNOWN STEP	2026-09-22T10:24:45.6568195Z Cache restored from key: verilator-v5.050-Linux
Verilator shard 0/5	UNKNOWN STEP	2026-09-22T10:24:45.6692024Z ##[group]Run echo "/opt/verilator/bin" >> "$GITHUB_PATH"
Verilator shard 0/5	UNKNOWN STEP	2026-09-22T10:24:45.6692265Z ^[[36;1mecho "/opt/verilator/bin" >> "$GITHUB_PATH"^[[0m
Verilator shard 0/5	UNKNOWN STEP	2026-09-22T10:24:45.6692452Z ^[[36;1m/opt/verilator/bin/verilator --version^[[0m
Verilator shard 0/5	UNKNOWN STEP	2026-09-22T10:24:45.6692690Z ^[[36;1m/opt/verilator/bin/verilator --version | grep -F "${VERILATOR_VERSION#v}"^[[0m
Verilator shard 0/5	UNKNOWN STEP	2026-09-22T10:24:45.6720670Z shell: /usr/bin/bash -e {0}
Verilator shard 0/5	UNKNOWN STEP	2026-09-22T10:24:45.6720805Z env:
Verilator shard 0/5	UNKNOWN STEP	2026-09-22T10:24:45.6720921Z   VERILATOR_VERSION: v5.050
Verilator shard 0/5	UNKNOWN STEP	2026-09-22T10:24:45.6721051Z   YOSYS_VERSION: v0.66
Verilator shard 0/5	UNKNOWN STEP	2026-09-22T10:24:45.6721206Z   TSN_GEN_REV: deca300c9eb4863fa13383b45ba6cb6fd0828671
Verilator shard 0/5	UNKNOWN STEP	2026-09-22T10:24:45.6721387Z ##[endgroup]
Verilator shard 0/5	UNKNOWN STEP	2026-09-22T10:24:45.7982459Z Verilator 5.050 2026-07-01 rev v5.050
Verilator shard 0/5	UNKNOWN STEP	2026-09-22T10:24:45.8308752Z Verilator 5.050 2026-07-01 rev v5.050
Verilator shard 0/5	UNKNOWN STEP	2026-09-22T10:24:45.8331774Z ##[group]Run set -euo pipefail
Verilator shard 0/5	UNKNOWN STEP	2026-09-22T10:24:45.8331967Z ^[[36;1mset -euo pipefail^[[0m
Verilator shard 0/5	UNKNOWN STEP	2026-09-22T10:24:45.8332130Z ^[[36;1mpython3 scripts/suite_shards.py --selftest^[[0m
Verilator shard 0/5	UNKNOWN STEP	2026-09-22T10:24:45.8332349Z ^[[36;1mscripts/run_all_suites.sh --shard "$SHARD/$SHARDS" --list \^[[0m
Verilator shard 0/5	UNKNOWN STEP	2026-09-22T10:24:45.8332557Z ^[[36;1m  > "$RUNNER_TEMP/owned-suites"^[[0m
Verilator shard 0/5	UNKNOWN STEP	2026-09-22T10:24:45.8332714Z ^[[36;1mecho "Shard $SHARD owns:"^[[0m
Verilator shard 0/5	UNKNOWN STEP	2026-09-22T10:24:45.8332875Z ^[[36;1msed 's/^/  /' "$RUNNER_TEMP/owned-suites"^[[0m
Verilator shard 0/5	UNKNOWN STEP	2026-09-22T10:24:45.8333038Z ^[[36;1mcase "$SHARD" in^[[0m
Verilator shard 0/5	UNKNOWN STEP	2026-09-22T10:24:45.8333208Z ^[[36;1m  1) grep -Fx tsn_fuzz "$RUNNER_TEMP/owned-suites" ;;^[[0m
Verilator shard 0/5	UNKNOWN STEP	2026-09-22T10:24:45.8333425Z ^[[36;1m  3) grep -Fx chmap_capture "$RUNNER_TEMP/owned-suites" ;;^[[0m
Verilator shard 0/5	UNKNOWN STEP	2026-09-22T10:24:45.8333642Z ^[[36;1m  4) test "$(cat "$RUNNER_TEMP/owned-suites")" = milan_dp ;;^[[0m
Verilator shard 0/5	UNKNOWN STEP	2026-09-22T10:24:45.8333831Z ^[[36;1mesac^[[0m
Verilator shard 0/5	UNKNOWN STEP	2026-09-22T10:24:45.8360796Z shell: /usr/bin/bash -e {0}
Verilator shard 0/5	UNKNOWN STEP	2026-09-22T10:24:45.8360937Z env:
Verilator shard 0/5	UNKNOWN STEP	2026-09-22T10:24:45.8361071Z   VERILATOR_VERSION: v5.050
Verilator shard 0/5	UNKNOWN STEP	2026-09-22T10:24:45.8361205Z   YOSYS_VERSION: v0.66
Verilator shard 0/5	UNKNOWN STEP	2026-09-22T10:24:45.8361355Z   TSN_GEN_REV: deca300c9eb4863fa13383b45ba6cb6fd0828671
Verilator shard 0/5	UNKNOWN STEP	2026-09-22T10:24:45.8361522Z   SHARD: 0
Verilator shard 0/5	UNKNOWN STEP	2026-09-22T10:24:45.8361630Z   SHARDS: 5
Verilator shard 0/5	UNKNOWN STEP	2026-09-22T10:24:45.8361736Z ##[endgroup]
Verilator shard 0/5	UNKNOWN STEP	2026-09-22T10:24:45.8622096Z   ok    1 shard(s): complete=True disjoint=True deterministic=True
Verilator shard 0/5	UNKNOWN STEP	2026-09-22T10:24:45.8622502Z   ok    2 shard(s): complete=True disjoint=True deterministic=True
Verilator shard 0/5	UNKNOWN STEP	2026-09-22T10:24:45.8622862Z   ok    4 shard(s): complete=True disjoint=True deterministic=True
Verilator shard 0/5	UNKNOWN STEP	2026-09-22T10:24:45.8623206Z   ok    5 shard(s): complete=True disjoint=True deterministic=True
Verilator shard 0/5	UNKNOWN STEP	2026-09-22T10:24:45.8623551Z   ok    7 shard(s): complete=True disjoint=True deterministic=True
Verilator shard 0/5	UNKNOWN STEP	2026-09-22T10:24:45.8623894Z   ok   23 shard(s): complete=True disjoint=True deterministic=True
Verilator shard 0/5	UNKNOWN STEP	2026-09-22T10:24:45.8624454Z   ok    2 shard(s): dedicated alone=True hashed owners unchanged=True
Verilator shard 0/5	UNKNOWN STEP	2026-09-22T10:24:45.8624825Z   ok    4 shard(s): dedicated alone=True hashed owners unchanged=True
Verilator shard 0/5	UNKNOWN STEP	2026-09-22T10:24:45.8625187Z   ok    5 shard(s): dedicated alone=True hashed owners unchanged=True
Verilator shard 0/5	UNKNOWN STEP	2026-09-22T10:24:45.8625543Z   ok    7 shard(s): dedicated alone=True hashed owners unchanged=True
Verilator shard 0/5	UNKNOWN STEP	2026-09-22T10:24:45.8625897Z   ok   23 shard(s): dedicated alone=True hashed owners unchanged=True
Verilator shard 0/5	UNKNOWN STEP	2026-09-22T10:24:45.8626411Z   ok   a rule without the dedicated worker is caught (alone with none set aside=False, alone while sharing worker 0=False)
Verilator shard 0/5	UNKNOWN STEP	2026-09-22T10:24:45.8627078Z   ok   five-worker runtime landmarks: {'milan_dp': 4, 'pp_shadow': 1, 'mmcm_servo': 2, 'tsn_fuzz': 1, 'chmap_capture': 3}
Verilator shard 0/5	UNKNOWN STEP	2026-09-22T10:24:45.8627669Z   ok   scheduled/default partition: default=['future_suite', 'milan_dp'] physical=['milan_dp_gptp']
Verilator shard 0/5	UNKNOWN STEP	2026-09-22T10:24:45.8628064Z   ok   reject ''
Verilator shard 0/5	UNKNOWN STEP	2026-09-22T10:24:45.8628252Z   ok   reject '1'
Verilator shard 0/5	UNKNOWN STEP	2026-09-22T10:24:45.8628434Z   ok   reject '-1/4'
Verilator shard 0/5	UNKNOWN STEP	2026-09-22T10:24:45.8628621Z   ok   reject '01/4'
Verilator shard 0/5	UNKNOWN STEP	2026-09-22T10:24:45.8628794Z   ok   reject '4/4'
Verilator shard 0/5	UNKNOWN STEP	2026-09-22T10:24:45.8628960Z   ok   reject '5/4'
Verilator shard 0/5	UNKNOWN STEP	2026-09-22T10:24:45.8629124Z   ok   reject '0/0'
Verilator shard 0/5	UNKNOWN STEP	2026-09-22T10:24:45.8629308Z   ok   reject 'a/4'
Verilator shard 0/5	UNKNOWN STEP	2026-09-22T10:24:45.8629493Z selftest: PASS
Verilator shard 0/5	UNKNOWN STEP	2026-09-22T10:24:45.8921260Z Shard 0 owns:
Verilator shard 0/5	UNKNOWN STEP	2026-09-22T10:24:45.8929688Z   aaf_latency_tap_bank
Verilator shard 0/5	UNKNOWN STEP	2026-09-22T10:24:45.8929897Z   avtp_stream
Verilator shard 0/5	UNKNOWN STEP	2026-09-22T10:24:45.8930059Z   cls
Verilator shard 0/5	UNKNOWN STEP	2026-09-22T10:24:45.8930317Z   eth_tx_reset
Verilator shard 0/5	UNKNOWN STEP	2026-09-22T10:24:45.8930479Z   gptp_txts
Verilator shard 0/5	UNKNOWN STEP	2026-09-22T10:24:45.8930588Z   i2spb
Verilator shard 0/5	UNKNOWN STEP	2026-09-22T10:24:45.8930692Z   ifg
Verilator shard 0/5	UNKNOWN STEP	2026-09-22T10:24:45.8930798Z   milan_dp_render
Verilator shard 0/5	UNKNOWN STEP	2026-09-22T10:24:45.8930936Z   ptp
Verilator shard 0/5	UNKNOWN STEP	2026-09-22T10:24:45.8931039Z   queues
Verilator shard 0/5	UNKNOWN STEP	2026-09-22T10:24:45.8931140Z   rx_filter
Verilator shard 0/5	UNKNOWN STEP	2026-09-22T10:24:45.8986861Z ##[group]Run scripts/run_all_suites.sh "$RUNNER_TEMP/suite-logs" \
Verilator shard 0/5	UNKNOWN STEP	2026-09-22T10:24:45.8987123Z ^[[36;1mscripts/run_all_suites.sh "$RUNNER_TEMP/suite-logs" \^[[0m
Verilator shard 0/5	UNKNOWN STEP	2026-09-22T10:24:45.8987321Z ^[[36;1m  --shard "0/5"^[[0m
Verilator shard 0/5	UNKNOWN STEP	2026-09-22T10:24:45.9013786Z shell: /usr/bin/bash -e {0}
Verilator shard 0/5	UNKNOWN STEP	2026-09-22T10:24:45.9013923Z env:
Verilator shard 0/5	UNKNOWN STEP	2026-09-22T10:24:45.9014040Z   VERILATOR_VERSION: v5.050
Verilator shard 0/5	UNKNOWN STEP	2026-09-22T10:24:45.9014173Z   YOSYS_VERSION: v0.66
Verilator shard 0/5	UNKNOWN STEP	2026-09-22T10:24:45.9014322Z   TSN_GEN_REV: deca300c9eb4863fa13383b45ba6cb6fd0828671
Verilator shard 0/5	UNKNOWN STEP	2026-09-22T10:24:45.9014568Z ##[endgroup]
Verilator shard 0/5	UNKNOWN STEP	2026-09-22T10:24:48.2075132Z shard: 0/5   selected suites: 11
Verilator shard 0/5	UNKNOWN STEP	2026-09-22T10:24:56.0356951Z PASS     aaf_latency_tap_bank
Verilator shard 0/5	UNKNOWN STEP	2026-09-22T10:25:02.4029933Z PASS     avtp_stream
Verilator shard 0/5	UNKNOWN STEP	2026-09-22T10:25:05.5318432Z PASS     cls
Verilator shard 0/5	UNKNOWN STEP	2026-09-22T10:25:08.6692841Z PASS     eth_tx_reset
Verilator shard 0/5	UNKNOWN STEP	2026-09-22T10:25:49.8253672Z PASS     gptp_txts
Verilator shard 0/5	UNKNOWN STEP	2026-09-22T10:25:53.0255693Z PASS     i2spb
Verilator shard 0/5	UNKNOWN STEP	2026-09-22T10:25:56.1443539Z PASS     ifg
Verilator shard 0/5	UNKNOWN STEP	2026-09-22T10:31:51.1710189Z PASS     milan_dp_render
Verilator shard 0/5	UNKNOWN STEP	2026-09-22T10:32:06.2017406Z PASS     ptp
Verilator shard 0/5	UNKNOWN STEP	2026-09-22T10:32:09.4415107Z PASS     queues
Verilator shard 0/5	UNKNOWN STEP	2026-09-22T10:32:19.2184995Z PASS     rx_filter
Verilator shard 0/5	UNKNOWN STEP	2026-09-22T10:32:19.2185345Z ----------------------------------------------------------------
Verilator shard 0/5	UNKNOWN STEP	2026-09-22T10:32:19.2186676Z suites: 11   passed: 11   failed: 0   timed out: 0
Verilator shard 0/5	UNKNOWN STEP	2026-09-22T10:32:19.2617382Z checks: 401923   in-suite failures: 0
Verilator shard 0/5	UNKNOWN STEP	2026-09-22T10:32:19.2646722Z logs: /home/runner/work/_temp/suite-logs
Verilator shard 0/5	UNKNOWN STEP	2026-09-22T10:32:19.2698074Z Node 20 is being deprecated. This workflow is running with Node 24 by default. If you need to temporarily use Node 20, you can set the ACTIONS_ALLOW_USE_UNSECURE_NODE_VERSION=true environment variable. For more information see: https://github.blog/changelog/2025-09-19-deprecation-of-node-20-on-github-actions-runners/
Verilator shard 0/5	UNKNOWN STEP	2026-09-22T10:32:19.2698729Z ##[group]Run actions/upload-artifact@v4
Verilator shard 0/5	UNKNOWN STEP	2026-09-22T10:32:19.2698930Z with:
Verilator shard 0/5	UNKNOWN STEP	2026-09-22T10:32:19.2699095Z   name: suite-logs-0
Verilator shard 0/5	UNKNOWN STEP	2026-09-22T10:32:19.2699288Z   path: /home/runner/work/_temp/suite-logs
Verilator shard 0/5	UNKNOWN STEP	2026-09-22T10:32:19.2699450Z   if-no-files-found: error
Verilator shard 0/5	UNKNOWN STEP	2026-09-22T10:32:19.2699578Z   retention-days: 3
Verilator shard 0/5	UNKNOWN STEP	2026-09-22T10:32:19.2699696Z   compression-level: 6
Verilator shard 0/5	UNKNOWN STEP	2026-09-22T10:32:19.2699961Z   overwrite: false
Verilator shard 0/5	UNKNOWN STEP	2026-09-22T10:32:19.2700085Z   include-hidden-files: false
Verilator shard 0/5	UNKNOWN STEP	2026-09-22T10:32:19.2700358Z env:
Verilator shard 0/5	UNKNOWN STEP	2026-09-22T10:32:19.2700491Z   VERILATOR_VERSION: v5.050
Verilator shard 0/5	UNKNOWN STEP	2026-09-22T10:32:19.2700621Z   YOSYS_VERSION: v0.66
Verilator shard 0/5	UNKNOWN STEP	2026-09-22T10:32:19.2700787Z   TSN_GEN_REV: deca300c9eb4863fa13383b45ba6cb6fd0828671
Verilator shard 0/5	UNKNOWN STEP	2026-09-22T10:32:19.2700957Z ##[endgroup]
Verilator shard 0/5	UNKNOWN STEP	2026-09-22T10:32:19.3682089Z (node:5441) [DEP0040] DeprecationWarning: The `punycode` module is deprecated. Please use a userland alternative instead.
Verilator shard 0/5	UNKNOWN STEP	2026-09-22T10:32:19.3682535Z (Use `node --trace-deprecation ...` to show where the warning was created)
Verilator shard 0/5	UNKNOWN STEP	2026-09-22T10:32:19.3726766Z With the provided path, there will be 12 files uploaded
Verilator shard 0/5	UNKNOWN STEP	2026-09-22T10:32:19.3730050Z Artifact name is valid!
Verilator shard 0/5	UNKNOWN STEP	2026-09-22T10:32:19.3730377Z Root directory input is valid!
Verilator shard 0/5	UNKNOWN STEP	2026-09-22T10:32:19.7389759Z Beginning upload of artifact content to blob storage
Verilator shard 0/5	UNKNOWN STEP	2026-09-22T10:32:19.7607562Z (node:5441) [DEP0169] DeprecationWarning: `url.parse()` behavior is not standardized and prone to errors that have security implications. Use the WHATWG URL API instead. CVEs are not issued for `url.parse()` vulnerabilities.
Verilator shard 0/5	UNKNOWN STEP	2026-09-22T10:32:20.0343568Z Uploaded bytes 38637
Verilator shard 0/5	UNKNOWN STEP	2026-09-22T10:32:20.0952921Z Finished uploading artifact content to blob storage!
Verilator shard 0/5	UNKNOWN STEP	2026-09-22T10:32:20.0953563Z SHA256 digest of uploaded artifact zip is cdc9c30640a8204d61bb1d1c6e7e2a0f7a19bde564bb19fee069840c1f430daa
Verilator shard 0/5	UNKNOWN STEP	2026-09-22T10:32:20.0954829Z Finalizing artifact upload
Verilator shard 0/5	UNKNOWN STEP	2026-09-22T10:32:20.3346763Z Artifact suite-logs-0.zip successfully finalized. Artifact ID 10689675340
Verilator shard 0/5	UNKNOWN STEP	2026-09-22T10:32:20.3347322Z Artifact suite-logs-0 has been successfully uploaded! Final size is 38637 bytes. Artifact ID is 10689675340
Verilator shard 0/5	UNKNOWN STEP	2026-09-22T10:32:20.3351330Z Artifact download URL: https://github.com/kebag-logic/milan-fpga/actions/runs/35715778753/artifacts/10689675340
Verilator shard 0/5	UNKNOWN STEP	2026-09-22T10:32:20.3477692Z Node 20 is being deprecated. This workflow is running with Node 24 by default. If you need to temporarily use Node 20, you can set the ACTIONS_ALLOW_USE_UNSECURE_NODE_VERSION=true environment variable. For more information see: https://github.blog/changelog/2025-09-19-deprecation-of-node-20-on-github-actions-runners/
Verilator shard 0/5	UNKNOWN STEP	2026-09-22T10:32:20.3478340Z Post job cleanup.
Verilator shard 0/5	UNKNOWN STEP	2026-09-22T10:32:20.4161838Z Cache hit occurred on the primary key verilator-v5.050-Linux, not saving cache.
Verilator shard 0/5	UNKNOWN STEP	2026-09-22T10:32:20.4163013Z (node:5454) [DEP0040] DeprecationWarning: The `punycode` module is deprecated. Please use a userland alternative instead.
Verilator shard 0/5	UNKNOWN STEP	2026-09-22T10:32:20.4163378Z (Use `node --trace-deprecation ...` to show where the warning was created)
Verilator shard 0/5	UNKNOWN STEP	2026-09-22T10:32:20.4266384Z Node 20 is being deprecated. This workflow is running with Node 24 by default. If you need to temporarily use Node 20, you can set the ACTIONS_ALLOW_USE_UNSECURE_NODE_VERSION=true environment variable. For more information see: https://github.blog/changelog/2025-09-19-deprecation-of-node-20-on-github-actions-runners/
Verilator shard 0/5	UNKNOWN STEP	2026-09-22T10:32:20.4267024Z Post job cleanup.
Verilator shard 0/5	UNKNOWN STEP	2026-09-22T10:32:20.4790708Z [command]/usr/bin/git version
Verilator shard 0/5	UNKNOWN STEP	2026-09-22T10:32:20.4818484Z git version 2.55.0
Verilator shard 0/5	UNKNOWN STEP	2026-09-22T10:32:20.4840051Z Temporarily overriding HOME='/home/runner/work/_temp/4c656527-dce4-4b55-89ad-48906144302c' before making global git config changes
Verilator shard 0/5	UNKNOWN STEP	2026-09-22T10:32:20.4840796Z Adding repository directory to the temporary git global config as a safe directory
Verilator shard 0/5	UNKNOWN STEP	2026-09-22T10:32:20.4843262Z [command]/usr/bin/git config --global --add safe.directory /home/runner/work/milan-fpga/milan-fpga
Verilator shard 0/5	UNKNOWN STEP	2026-09-22T10:32:20.4870541Z [command]/usr/bin/git config --local --name-only --get-regexp core\.sshCommand
Verilator shard 0/5	UNKNOWN STEP	2026-09-22T10:32:20.4900589Z [command]/usr/bin/git submodule foreach --recursive sh -c "git config --local --name-only --get-regexp 'core\.sshCommand' && git config --local --unset-all 'core.sshCommand' || :"
Verilator shard 0/5	UNKNOWN STEP	2026-09-22T10:32:20.5072490Z Entering 'gptp-processor'
Verilator shard 0/5	UNKNOWN STEP	2026-09-22T10:32:20.5112498Z Entering 'protocol-processor'
Verilator shard 0/5	UNKNOWN STEP	2026-09-22T10:32:20.5145464Z Entering 'third_party/verilog-axis'
Verilator shard 0/5	UNKNOWN STEP	2026-09-22T10:32:20.5192418Z [command]/usr/bin/git config --local --name-only --get-regexp http\.https\:\/\/github\.com\/\.extraheader
Verilator shard 0/5	UNKNOWN STEP	2026-09-22T10:32:20.5230418Z http.https://github.com/.extraheader
Verilator shard 0/5	UNKNOWN STEP	2026-09-22T10:32:20.5231628Z [command]/usr/bin/git config --local --unset-all http.https://github.com/.extraheader
Verilator shard 0/5	UNKNOWN STEP	2026-09-22T10:32:20.5291448Z [command]/usr/bin/git submodule foreach --recursive sh -c "git config --local --name-only --get-regexp 'http\.https\:\/\/github\.com\/\.extraheader' && git config --local --unset-all 'http.https://github.com/.extraheader' || :"
Verilator shard 0/5	UNKNOWN STEP	2026-09-22T10:32:20.5423360Z Entering 'gptp-processor'
Verilator shard 0/5	UNKNOWN STEP	2026-09-22T10:32:20.5455324Z Entering 'protocol-processor'
Verilator shard 0/5	UNKNOWN STEP	2026-09-22T10:32:20.5486941Z Entering 'third_party/verilog-axis'
Verilator shard 0/5	UNKNOWN STEP	2026-09-22T10:32:20.5529444Z [command]/usr/bin/git config --local --name-only --get-regexp ^includeIf\.gitdir:
Verilator shard 0/5	UNKNOWN STEP	2026-09-22T10:32:20.5557002Z [command]/usr/bin/git submodule foreach --recursive git config --local --show-origin --name-only --get-regexp remote.origin.url
Verilator shard 0/5	UNKNOWN STEP	2026-09-22T10:32:20.5713888Z Entering 'gptp-processor'
Verilator shard 0/5	UNKNOWN STEP	2026-09-22T10:32:20.5729728Z file:/home/runner/work/milan-fpga/milan-fpga/.git/modules/gptp-processor/config	remote.origin.url
Verilator shard 0/5	UNKNOWN STEP	2026-09-22T10:32:20.5743555Z Entering 'protocol-processor'
Verilator shard 0/5	UNKNOWN STEP	2026-09-22T10:32:20.5756721Z file:/home/runner/work/milan-fpga/milan-fpga/.git/modules/protocol-processor/config	remote.origin.url
Verilator shard 0/5	UNKNOWN STEP	2026-09-22T10:32:20.5770858Z Entering 'third_party/verilog-axis'
Verilator shard 0/5	UNKNOWN STEP	2026-09-22T10:32:20.5783668Z file:/home/runner/work/milan-fpga/milan-fpga/.git/modules/third_party/verilog-axis/config	remote.origin.url
Verilator shard 0/5	UNKNOWN STEP	2026-09-22T10:32:20.5808245Z [command]/usr/bin/git config --file /home/runner/work/milan-fpga/milan-fpga/.git/modules/gptp-processor/config --name-only --get-regexp ^includeIf\.gitdir:
Verilator shard 0/5	UNKNOWN STEP	2026-09-22T10:32:20.5833553Z [command]/usr/bin/git config --file /home/runner/work/milan-fpga/milan-fpga/.git/modules/protocol-processor/config --name-only --get-regexp ^includeIf\.gitdir:
Verilator shard 0/5	UNKNOWN STEP	2026-09-22T10:32:20.5858051Z [command]/usr/bin/git config --file /home/runner/work/milan-fpga/milan-fpga/.git/modules/third_party/verilog-axis/config --name-only --get-regexp ^includeIf\.gitdir:
Verilator shard 0/5	UNKNOWN STEP	2026-09-22T10:32:20.5986235Z Cleaning up orphan processes
Verilator shard 0/5	UNKNOWN STEP	2026-09-22T10:32:20.6175076Z ##[warning]Node.js 20 is deprecated. The following actions target Node.js 20 but are being forced to run on Node.js 24: actions/cache@v4, actions/checkout@v4, actions/upload-artifact@v4. For more information see: https://github.blog/changelog/2025-09-19-deprecation-of-node-20-on-github-actions-runners/
Verilator shard 4/5	UNKNOWN STEP	﻿2026-09-22T10:24:37.4763492Z Current runner version: '2.337.0'
Verilator shard 4/5	UNKNOWN STEP	2026-09-22T10:24:37.4779804Z ##[group]Runner Image Provisioner
Verilator shard 4/5	UNKNOWN STEP	2026-09-22T10:24:37.4780484Z Hosted Compute Agent
Verilator shard 4/5	UNKNOWN STEP	2026-09-22T10:24:37.4780831Z Version: 20260828.587
Verilator shard 4/5	UNKNOWN STEP	2026-09-22T10:24:37.4781306Z Commit: abac92662cab4cc7352de4f9f9d2e2419aad9c29
Verilator shard 4/5	UNKNOWN STEP	2026-09-22T10:24:37.4781740Z Build Date: 2026-08-28T16:44:25Z
Verilator shard 4/5	UNKNOWN STEP	2026-09-22T10:24:37.4782179Z Worker ID: {018f34b0-b63e-42ad-92b2-a65998a2351e}
Verilator shard 4/5	UNKNOWN STEP	2026-09-22T10:24:37.4782644Z Azure Region: westus3
Verilator shard 4/5	UNKNOWN STEP	2026-09-22T10:24:37.4782982Z ##[endgroup]
Verilator shard 4/5	UNKNOWN STEP	2026-09-22T10:24:37.4783838Z ##[group]Operating System
Verilator shard 4/5	UNKNOWN STEP	2026-09-22T10:24:37.4784199Z Ubuntu
Verilator shard 4/5	UNKNOWN STEP	2026-09-22T10:24:37.4784552Z 24.04.5
Verilator shard 4/5	UNKNOWN STEP	2026-09-22T10:24:37.4784875Z LTS
Verilator shard 4/5	UNKNOWN STEP	2026-09-22T10:24:37.4785212Z ##[endgroup]
Verilator shard 4/5	UNKNOWN STEP	2026-09-22T10:24:37.4785607Z ##[group]Runner Image
Verilator shard 4/5	UNKNOWN STEP	2026-09-22T10:24:37.4785975Z Image: ubuntu-24.04
Verilator shard 4/5	UNKNOWN STEP	2026-09-22T10:24:37.4786314Z Version: 20260907.300.1
Verilator shard 4/5	UNKNOWN STEP	2026-09-22T10:24:37.4787107Z Included Software: https://github.com/actions/runner-images/blob/ubuntu24/20260907.300/images/ubuntu/Ubuntu2404-Readme.md
Verilator shard 4/5	UNKNOWN STEP	2026-09-22T10:24:37.4788040Z Image Release: https://github.com/actions/runner-images/releases/tag/ubuntu24%2F20260907.300
Verilator shard 4/5	UNKNOWN STEP	2026-09-22T10:24:37.4788599Z ##[endgroup]
Verilator shard 4/5	UNKNOWN STEP	2026-09-22T10:24:37.4789349Z ##[group]GITHUB_TOKEN Permissions
Verilator shard 4/5	UNKNOWN STEP	2026-09-22T10:24:37.4790898Z Contents: read
Verilator shard 4/5	UNKNOWN STEP	2026-09-22T10:24:37.4791438Z Metadata: read
Verilator shard 4/5	UNKNOWN STEP	2026-09-22T10:24:37.4791788Z Packages: read
Verilator shard 4/5	UNKNOWN STEP	2026-09-22T10:24:37.4792161Z ##[endgroup]
Verilator shard 4/5	UNKNOWN STEP	2026-09-22T10:24:37.4793546Z Secret source: Actions
Verilator shard 4/5	UNKNOWN STEP	2026-09-22T10:24:37.4794084Z Cache mode: write
Verilator shard 4/5	UNKNOWN STEP	2026-09-22T10:24:37.4794632Z Prepare workflow directory
Verilator shard 4/5	UNKNOWN STEP	2026-09-22T10:24:37.5026883Z Prepare all required actions
Verilator shard 4/5	UNKNOWN STEP	2026-09-22T10:24:37.5057546Z Getting action download info
Verilator shard 4/5	UNKNOWN STEP	2026-09-22T10:24:37.8002977Z Download action repository 'actions/checkout@v4' (SHA:11d5960a326750d5838078e36cf38b85af677262)
Verilator shard 4/5	UNKNOWN STEP	2026-09-22T10:24:37.9077007Z Download action repository 'actions/cache@v4' (SHA:0057852bfaa89a56745cba8c7296529d2fc39830)
Verilator shard 4/5	UNKNOWN STEP	2026-09-22T10:24:38.0266552Z Download action repository 'actions/upload-artifact@v4' (SHA:ea165f8d65b6e75b540449e92b4886f43607fa02)
Verilator shard 4/5	UNKNOWN STEP	2026-09-22T10:24:38.2687514Z Complete job name: Verilator shard 4/5
Verilator shard 4/5	UNKNOWN STEP	2026-09-22T10:24:38.3145764Z Node 20 is being deprecated. This workflow is running with Node 24 by default. If you need to temporarily use Node 20, you can set the ACTIONS_ALLOW_USE_UNSECURE_NODE_VERSION=true environment variable. For more information see: https://github.blog/changelog/2025-09-19-deprecation-of-node-20-on-github-actions-runners/
Verilator shard 4/5	UNKNOWN STEP	2026-09-22T10:24:38.3150887Z ##[group]Run actions/checkout@v4
Verilator shard 4/5	UNKNOWN STEP	2026-09-22T10:24:38.3151300Z with:
Verilator shard 4/5	UNKNOWN STEP	2026-09-22T10:24:38.3151543Z   repository: kebag-logic/milan-fpga
Verilator shard 4/5	UNKNOWN STEP	2026-09-22T10:24:38.3153785Z   token: ***
Verilator shard 4/5	UNKNOWN STEP	2026-09-22T10:24:38.3154019Z   ssh-strict: true
Verilator shard 4/5	UNKNOWN STEP	2026-09-22T10:24:38.3154261Z   ssh-user: git
Verilator shard 4/5	UNKNOWN STEP	2026-09-22T10:24:38.3154505Z   persist-credentials: true
Verilator shard 4/5	UNKNOWN STEP	2026-09-22T10:24:38.3154771Z   clean: true
Verilator shard 4/5	UNKNOWN STEP	2026-09-22T10:24:38.3155017Z   sparse-checkout-cone-mode: true
Verilator shard 4/5	UNKNOWN STEP	2026-09-22T10:24:38.3155302Z   fetch-depth: 1
Verilator shard 4/5	UNKNOWN STEP	2026-09-22T10:24:38.3155537Z   fetch-tags: false
Verilator shard 4/5	UNKNOWN STEP	2026-09-22T10:24:38.3155782Z   show-progress: true
Verilator shard 4/5	UNKNOWN STEP	2026-09-22T10:24:38.3156047Z   lfs: false
Verilator shard 4/5	UNKNOWN STEP	2026-09-22T10:24:38.3156297Z   submodules: false
Verilator shard 4/5	UNKNOWN STEP	2026-09-22T10:24:38.3156543Z   set-safe-directory: true
Verilator shard 4/5	UNKNOWN STEP	2026-09-22T10:24:38.3156821Z   allow-unsafe-pr-checkout: false
Verilator shard 4/5	UNKNOWN STEP	2026-09-22T10:24:38.3157164Z env:
Verilator shard 4/5	UNKNOWN STEP	2026-09-22T10:24:38.3157391Z   VERILATOR_VERSION: v5.050
Verilator shard 4/5	UNKNOWN STEP	2026-09-22T10:24:38.3157696Z   YOSYS_VERSION: v0.66
Verilator shard 4/5	UNKNOWN STEP	2026-09-22T10:24:38.3157992Z   TSN_GEN_REV: deca300c9eb4863fa13383b45ba6cb6fd0828671
Verilator shard 4/5	UNKNOWN STEP	2026-09-22T10:24:38.3158326Z ##[endgroup]
Verilator shard 4/5	UNKNOWN STEP	2026-09-22T10:24:38.3810546Z Syncing repository: kebag-logic/milan-fpga
Verilator shard 4/5	UNKNOWN STEP	2026-09-22T10:24:38.3812285Z ##[group]Getting Git version info
Verilator shard 4/5	UNKNOWN STEP	2026-09-22T10:24:38.3812915Z Working directory is '/home/runner/work/milan-fpga/milan-fpga'
Verilator shard 4/5	UNKNOWN STEP	2026-09-22T10:24:38.3813676Z [command]/usr/bin/git version
Verilator shard 4/5	UNKNOWN STEP	2026-09-22T10:24:38.3887105Z git version 2.55.0
Verilator shard 4/5	UNKNOWN STEP	2026-09-22T10:24:38.3901712Z ##[endgroup]
Verilator shard 4/5	UNKNOWN STEP	2026-09-22T10:24:38.3917382Z Temporarily overriding HOME='/home/runner/work/_temp/51671f83-ae7a-4e50-ba63-6d390e354950' before making global git config changes
Verilator shard 4/5	UNKNOWN STEP	2026-09-22T10:24:38.3923902Z Adding repository directory to the temporary git global config as a safe directory
Verilator shard 4/5	UNKNOWN STEP	2026-09-22T10:24:38.3925129Z [command]/usr/bin/git config --global --add safe.directory /home/runner/work/milan-fpga/milan-fpga
Verilator shard 4/5	UNKNOWN STEP	2026-09-22T10:24:38.3965990Z Deleting the contents of '/home/runner/work/milan-fpga/milan-fpga'
Verilator shard 4/5	UNKNOWN STEP	2026-09-22T10:24:38.3968760Z ##[group]Initializing the repository
Verilator shard 4/5	UNKNOWN STEP	2026-09-22T10:24:38.3972039Z [command]/usr/bin/git init /home/runner/work/milan-fpga/milan-fpga
Verilator shard 4/5	UNKNOWN STEP	2026-09-22T10:24:38.4076283Z hint: Using 'master' as the name for the initial branch. This default branch name
Verilator shard 4/5	UNKNOWN STEP	2026-09-22T10:24:38.4077261Z hint: will change to "main" in Git 3.0. To configure the initial branch name
Verilator shard 4/5	UNKNOWN STEP	2026-09-22T10:24:38.4078077Z hint: to use in all of your new repositories, which will suppress this warning,
Verilator shard 4/5	UNKNOWN STEP	2026-09-22T10:24:38.4078722Z hint: call:
Verilator shard 4/5	UNKNOWN STEP	2026-09-22T10:24:38.4079062Z hint:
Verilator shard 4/5	UNKNOWN STEP	2026-09-22T10:24:38.4079501Z hint: 	git config --global init.defaultBranch <name>
Verilator shard 4/5	UNKNOWN STEP	2026-09-22T10:24:38.4080174Z hint:
Verilator shard 4/5	UNKNOWN STEP	2026-09-22T10:24:38.4080727Z hint: Names commonly chosen instead of 'master' are 'main', 'trunk' and
Verilator shard 4/5	UNKNOWN STEP	2026-09-22T10:24:38.4081530Z hint: 'development'. The just-created branch can be renamed via this command:
Verilator shard 4/5	UNKNOWN STEP	2026-09-22T10:24:38.4082190Z hint:
Verilator shard 4/5	UNKNOWN STEP	2026-09-22T10:24:38.4082573Z hint: 	git branch -m <name>
Verilator shard 4/5	UNKNOWN STEP	2026-09-22T10:24:38.4083004Z hint:
Verilator shard 4/5	UNKNOWN STEP	2026-09-22T10:24:38.4083538Z hint: Disable this message with "git config set advice.defaultBranchName false"
Verilator shard 4/5	UNKNOWN STEP	2026-09-22T10:24:38.4084427Z Initialized empty Git repository in /home/runner/work/milan-fpga/milan-fpga/.git/
Verilator shard 4/5	UNKNOWN STEP	2026-09-22T10:24:38.4088918Z [command]/usr/bin/git remote add origin https://github.com/kebag-logic/milan-fpga
Verilator shard 4/5	UNKNOWN STEP	2026-09-22T10:24:38.4135663Z ##[endgroup]
Verilator shard 4/5	UNKNOWN STEP	2026-09-22T10:24:38.4136315Z ##[group]Disabling automatic garbage collection
Verilator shard 4/5	UNKNOWN STEP	2026-09-22T10:24:38.4138387Z [command]/usr/bin/git config --local gc.auto 0
Verilator shard 4/5	UNKNOWN STEP	2026-09-22T10:24:38.4164303Z ##[endgroup]
Verilator shard 4/5	UNKNOWN STEP	2026-09-22T10:24:38.4164901Z ##[group]Setting up auth
Verilator shard 4/5	UNKNOWN STEP	2026-09-22T10:24:38.4169559Z [command]/usr/bin/git config --local --name-only --get-regexp core\.sshCommand
Verilator shard 4/5	UNKNOWN STEP	2026-09-22T10:24:38.4198207Z [command]/usr/bin/git submodule foreach --recursive sh -c "git config --local --name-only --get-regexp 'core\.sshCommand' && git config --local --unset-all 'core.sshCommand' || :"
Verilator shard 4/5	UNKNOWN STEP	2026-09-22T10:24:38.4492192Z [command]/usr/bin/git config --local --name-only --get-regexp http\.https\:\/\/github\.com\/\.extraheader
Verilator shard 4/5	UNKNOWN STEP	2026-09-22T10:24:38.4520263Z [command]/usr/bin/git submodule foreach --recursive sh -c "git config --local --name-only --get-regexp 'http\.https\:\/\/github\.com\/\.extraheader' && git config --local --unset-all 'http.https://github.com/.extraheader' || :"
Verilator shard 4/5	UNKNOWN STEP	2026-09-22T10:24:38.4700179Z [command]/usr/bin/git config --local --name-only --get-regexp ^includeIf\.gitdir:
Verilator shard 4/5	UNKNOWN STEP	2026-09-22T10:24:38.4727024Z [command]/usr/bin/git submodule foreach --recursive git config --local --show-origin --name-only --get-regexp remote.origin.url
Verilator shard 4/5	UNKNOWN STEP	2026-09-22T10:24:38.4896818Z [command]/usr/bin/git config --local http.https://github.com/.extraheader AUTHORIZATION: basic ***
Verilator shard 4/5	UNKNOWN STEP	2026-09-22T10:24:38.4926503Z ##[endgroup]
Verilator shard 4/5	UNKNOWN STEP	2026-09-22T10:24:38.4926942Z ##[group]Fetching the repository
Verilator shard 4/5	UNKNOWN STEP	2026-09-22T10:24:38.4932596Z [command]/usr/bin/git -c protocol.version=2 fetch --no-tags --prune --no-recurse-submodules --depth=1 origin +ec34fcdee0ca9ffa63564a9af8ad70a3a618de29:refs/remotes/origin/dev
Verilator shard 4/5	UNKNOWN STEP	2026-09-22T10:24:40.0307576Z From https://github.com/kebag-logic/milan-fpga
Verilator shard 4/5	UNKNOWN STEP	2026-09-22T10:24:40.0308695Z  * [new ref]         ec34fcdee0ca9ffa63564a9af8ad70a3a618de29 -> origin/dev
Verilator shard 4/5	UNKNOWN STEP	2026-09-22T10:24:40.0311194Z ##[endgroup]
Verilator shard 4/5	UNKNOWN STEP	2026-09-22T10:24:40.0312003Z ##[group]Determining the checkout info
Verilator shard 4/5	UNKNOWN STEP	2026-09-22T10:24:40.0313870Z ##[endgroup]
Verilator shard 4/5	UNKNOWN STEP	2026-09-22T10:24:40.0317887Z [command]/usr/bin/git sparse-checkout disable
Verilator shard 4/5	UNKNOWN STEP	2026-09-22T10:24:40.0369139Z [command]/usr/bin/git config --local --unset-all extensions.worktreeConfig
Verilator shard 4/5	UNKNOWN STEP	2026-09-22T10:24:40.0402308Z ##[group]Checking out the ref
Verilator shard 4/5	UNKNOWN STEP	2026-09-22T10:24:40.0413941Z [command]/usr/bin/git checkout --progress --force -B dev refs/remotes/origin/dev
Verilator shard 4/5	UNKNOWN STEP	2026-09-22T10:24:40.1465838Z Switched to a new branch 'dev'
Verilator shard 4/5	UNKNOWN STEP	2026-09-22T10:24:40.1467193Z branch 'dev' set up to track 'origin/dev'.
Verilator shard 4/5	UNKNOWN STEP	2026-09-22T10:24:40.1475256Z ##[endgroup]
Verilator shard 4/5	UNKNOWN STEP	2026-09-22T10:24:40.1513934Z [command]/usr/bin/git log -1 --format=%H
Verilator shard 4/5	UNKNOWN STEP	2026-09-22T10:24:40.1536941Z ec34fcdee0ca9ffa63564a9af8ad70a3a618de29
Verilator shard 4/5	UNKNOWN STEP	2026-09-22T10:24:40.1723791Z ##[group]Run git submodule update --init third_party/verilog-axis protocol-processor gptp-processor
Verilator shard 4/5	UNKNOWN STEP	2026-09-22T10:24:40.1725688Z ^[[36;1mgit submodule update --init third_party/verilog-axis protocol-processor gptp-processor^[[0m
Verilator shard 4/5	UNKNOWN STEP	2026-09-22T10:24:40.1760472Z shell: /usr/bin/bash -e {0}
Verilator shard 4/5	UNKNOWN STEP	2026-09-22T10:24:40.1761208Z env:
Verilator shard 4/5	UNKNOWN STEP	2026-09-22T10:24:40.1761830Z   VERILATOR_VERSION: v5.050
Verilator shard 4/5	UNKNOWN STEP	2026-09-22T10:24:40.1762557Z   YOSYS_VERSION: v0.66
Verilator shard 4/5	UNKNOWN STEP	2026-09-22T10:24:40.1763331Z   TSN_GEN_REV: deca300c9eb4863fa13383b45ba6cb6fd0828671
Verilator shard 4/5	UNKNOWN STEP	2026-09-22T10:24:40.1764188Z ##[endgroup]
Verilator shard 4/5	UNKNOWN STEP	2026-09-22T10:24:40.1998037Z Submodule 'gptp-processor' (https://github.com/Mister-M-alt/FPGA-gPTP.git) registered for path 'gptp-processor'
Verilator shard 4/5	UNKNOWN STEP	2026-09-22T10:24:40.2002004Z Submodule 'protocol-processor' (https://github.com/Mister-M-alt/protocol-processor-control-plane-avb-milan.git) registered for path 'protocol-processor'
Verilator shard 4/5	UNKNOWN STEP	2026-09-22T10:24:40.2005120Z Submodule 'third_party/verilog-axis' (https://github.com/alexforencich/verilog-axis) registered for path 'third_party/verilog-axis'
Verilator shard 4/5	UNKNOWN STEP	2026-09-22T10:24:40.2022676Z Cloning into '/home/runner/work/milan-fpga/milan-fpga/gptp-processor'...
Verilator shard 4/5	UNKNOWN STEP	2026-09-22T10:24:41.7764022Z Cloning into '/home/runner/work/milan-fpga/milan-fpga/protocol-processor'...
Verilator shard 4/5	UNKNOWN STEP	2026-09-22T10:24:43.0334445Z Cloning into '/home/runner/work/milan-fpga/milan-fpga/third_party/verilog-axis'...
Verilator shard 4/5	UNKNOWN STEP	2026-09-22T10:24:44.4724922Z Submodule path 'gptp-processor': checked out 'c1b617435824929a790739ea8585c3fe1a328cc0'
Verilator shard 4/5	UNKNOWN STEP	2026-09-22T10:24:44.5143876Z Submodule path 'protocol-processor': checked out '424c688fa2205b934a7689a58f2aa766420f2326'
Verilator shard 4/5	UNKNOWN STEP	2026-09-22T10:24:44.5288748Z Submodule path 'third_party/verilog-axis': checked out '48ff7a7e2ef782cf778d47910cf85835c64b1bce'
Verilator shard 4/5	UNKNOWN STEP	2026-09-22T10:24:44.5333257Z ##[group]Run set -euo pipefail
Verilator shard 4/5	UNKNOWN STEP	2026-09-22T10:24:44.5333484Z ^[[36;1mset -euo pipefail^[[0m
Verilator shard 4/5	UNKNOWN STEP	2026-09-22T10:24:44.5333654Z ^[[36;1mhead="$(git rev-parse HEAD)"^[[0m
Verilator shard 4/5	UNKNOWN STEP	2026-09-22T10:24:44.5333890Z ^[[36;1mif [ "$head" != "$GITHUB_SHA" ] || [ "$GITHUB_SHA" != "$TARGET_SHA" ]; then^[[0m
Verilator shard 4/5	UNKNOWN STEP	2026-09-22T10:24:44.5334229Z ^[[36;1m  echo "checkout $head, GITHUB_SHA $GITHUB_SHA and gate target $TARGET_SHA must be one SHA" >&2^[[0m
Verilator shard 4/5	UNKNOWN STEP	2026-09-22T10:24:44.5334500Z ^[[36;1m  exit 1^[[0m
Verilator shard 4/5	UNKNOWN STEP	2026-09-22T10:24:44.5334637Z ^[[36;1mfi^[[0m
Verilator shard 4/5	UNKNOWN STEP	2026-09-22T10:24:44.5334793Z ^[[36;1mmkdir -p "$RUNNER_TEMP/suite-logs"^[[0m
Verilator shard 4/5	UNKNOWN STEP	2026-09-22T10:24:44.5335045Z ^[[36;1mprintf '%s\n' "$GITHUB_SHA" > "$RUNNER_TEMP/suite-logs/TARGET_SHA"^[[0m
Verilator shard 4/5	UNKNOWN STEP	2026-09-22T10:24:44.5335293Z ^[[36;1mecho "target_sha=$GITHUB_SHA"^[[0m
Verilator shard 4/5	UNKNOWN STEP	2026-09-22T10:24:44.5366703Z shell: /usr/bin/bash -e {0}
Verilator shard 4/5	UNKNOWN STEP	2026-09-22T10:24:44.5366869Z env:
Verilator shard 4/5	UNKNOWN STEP	2026-09-22T10:24:44.5367016Z   VERILATOR_VERSION: v5.050
Verilator shard 4/5	UNKNOWN STEP	2026-09-22T10:24:44.5367176Z   YOSYS_VERSION: v0.66
Verilator shard 4/5	UNKNOWN STEP	2026-09-22T10:24:44.5367385Z   TSN_GEN_REV: deca300c9eb4863fa13383b45ba6cb6fd0828671
Verilator shard 4/5	UNKNOWN STEP	2026-09-22T10:24:44.5367617Z   TARGET_SHA: ec34fcdee0ca9ffa63564a9af8ad70a3a618de29
Verilator shard 4/5	UNKNOWN STEP	2026-09-22T10:24:44.5367833Z ##[endgroup]
Verilator shard 4/5	UNKNOWN STEP	2026-09-22T10:24:44.5435542Z target_sha=ec34fcdee0ca9ffa63564a9af8ad70a3a618de29
Verilator shard 4/5	UNKNOWN STEP	2026-09-22T10:24:44.5491635Z Node 20 is being deprecated. This workflow is running with Node 24 by default. If you need to temporarily use Node 20, you can set the ACTIONS_ALLOW_USE_UNSECURE_NODE_VERSION=true environment variable. For more information see: https://github.blog/changelog/2025-09-19-deprecation-of-node-20-on-github-actions-runners/
Verilator shard 4/5	UNKNOWN STEP	2026-09-22T10:24:44.5492732Z ##[group]Run actions/cache@v4
Verilator shard 4/5	UNKNOWN STEP	2026-09-22T10:24:44.5492896Z with:
Verilator shard 4/5	UNKNOWN STEP	2026-09-22T10:24:44.5493042Z   path: /opt/verilator
Verilator shard 4/5	UNKNOWN STEP	2026-09-22T10:24:44.5493200Z   key: verilator-v5.050-Linux
Verilator shard 4/5	UNKNOWN STEP	2026-09-22T10:24:44.5493373Z   enableCrossOsArchive: false
Verilator shard 4/5	UNKNOWN STEP	2026-09-22T10:24:44.5493543Z   fail-on-cache-miss: false
Verilator shard 4/5	UNKNOWN STEP	2026-09-22T10:24:44.5493704Z   lookup-only: false
Verilator shard 4/5	UNKNOWN STEP	2026-09-22T10:24:44.5493850Z   save-always: false
Verilator shard 4/5	UNKNOWN STEP	2026-09-22T10:24:44.5494149Z env:
Verilator shard 4/5	UNKNOWN STEP	2026-09-22T10:24:44.5494302Z   VERILATOR_VERSION: v5.050
Verilator shard 4/5	UNKNOWN STEP	2026-09-22T10:24:44.5494475Z   YOSYS_VERSION: v0.66
Verilator shard 4/5	UNKNOWN STEP	2026-09-22T10:24:44.5494656Z   TSN_GEN_REV: deca300c9eb4863fa13383b45ba6cb6fd0828671
Verilator shard 4/5	UNKNOWN STEP	2026-09-22T10:24:44.5494878Z ##[endgroup]
Verilator shard 4/5	UNKNOWN STEP	2026-09-22T10:24:44.6200649Z (node:2163) [DEP0040] DeprecationWarning: The `punycode` module is deprecated. Please use a userland alternative instead.
Verilator shard 4/5	UNKNOWN STEP	2026-09-22T10:24:44.6201178Z (Use `node --trace-deprecation ...` to show where the warning was created)
Verilator shard 4/5	UNKNOWN STEP	2026-09-22T10:24:44.8198931Z Cache hit for: verilator-v5.050-Linux
Verilator shard 4/5	UNKNOWN STEP	2026-09-22T10:24:44.8265939Z (node:2163) [DEP0169] DeprecationWarning: `url.parse()` behavior is not standardized and prone to errors that have security implications. Use the WHATWG URL API instead. CVEs are not issued for `url.parse()` vulnerabilities.
Verilator shard 4/5	UNKNOWN STEP	2026-09-22T10:24:46.0468144Z Received 41943040 of 92153557 (45.5%), 40.0 MBs/sec
Verilator shard 4/5	UNKNOWN STEP	2026-09-22T10:24:46.4259406Z Received 92153557 of 92153557 (100.0%), 63.8 MBs/sec
Verilator shard 4/5	UNKNOWN STEP	2026-09-22T10:24:46.4260225Z Cache Size: ~88 MB (92153557 B)
Verilator shard 4/5	UNKNOWN STEP	2026-09-22T10:24:46.4285922Z [command]/usr/bin/tar -xf /home/runner/work/_temp/e196738c-44dc-476a-978b-d1cbdb931cd9/cache.tzst -P -C /home/runner/work/milan-fpga/milan-fpga --use-compress-program unzstd
Verilator shard 4/5	UNKNOWN STEP	2026-09-22T10:24:46.5533888Z Cache restored successfully
Verilator shard 4/5	UNKNOWN STEP	2026-09-22T10:24:46.5625753Z Cache restored from key: verilator-v5.050-Linux
Verilator shard 4/5	UNKNOWN STEP	2026-09-22T10:24:46.5752442Z ##[group]Run echo "/opt/verilator/bin" >> "$GITHUB_PATH"
Verilator shard 4/5	UNKNOWN STEP	2026-09-22T10:24:46.5752681Z ^[[36;1mecho "/opt/verilator/bin" >> "$GITHUB_PATH"^[[0m
Verilator shard 4/5	UNKNOWN STEP	2026-09-22T10:24:46.5752873Z ^[[36;1m/opt/verilator/bin/verilator --version^[[0m
Verilator shard 4/5	UNKNOWN STEP	2026-09-22T10:24:46.5753114Z ^[[36;1m/opt/verilator/bin/verilator --version | grep -F "${VERILATOR_VERSION#v}"^[[0m
Verilator shard 4/5	UNKNOWN STEP	2026-09-22T10:24:46.5783234Z shell: /usr/bin/bash -e {0}
Verilator shard 4/5	UNKNOWN STEP	2026-09-22T10:24:46.5783374Z env:
Verilator shard 4/5	UNKNOWN STEP	2026-09-22T10:24:46.5783492Z   VERILATOR_VERSION: v5.050
Verilator shard 4/5	UNKNOWN STEP	2026-09-22T10:24:46.5783626Z   YOSYS_VERSION: v0.66
Verilator shard 4/5	UNKNOWN STEP	2026-09-22T10:24:46.5783780Z   TSN_GEN_REV: deca300c9eb4863fa13383b45ba6cb6fd0828671
Verilator shard 4/5	UNKNOWN STEP	2026-09-22T10:24:46.5783967Z ##[endgroup]
Verilator shard 4/5	UNKNOWN STEP	2026-09-22T10:24:46.6963657Z Verilator 5.050 2026-07-01 rev v5.050
Verilator shard 4/5	UNKNOWN STEP	2026-09-22T10:24:46.7308623Z Verilator 5.050 2026-07-01 rev v5.050
Verilator shard 4/5	UNKNOWN STEP	2026-09-22T10:24:46.7338805Z ##[group]Run set -euo pipefail
Verilator shard 4/5	UNKNOWN STEP	2026-09-22T10:24:46.7338997Z ^[[36;1mset -euo pipefail^[[0m
Verilator shard 4/5	UNKNOWN STEP	2026-09-22T10:24:46.7339159Z ^[[36;1mpython3 scripts/suite_shards.py --selftest^[[0m
Verilator shard 4/5	UNKNOWN STEP	2026-09-22T10:24:46.7339384Z ^[[36;1mscripts/run_all_suites.sh --shard "$SHARD/$SHARDS" --list \^[[0m
Verilator shard 4/5	UNKNOWN STEP	2026-09-22T10:24:46.7339592Z ^[[36;1m  > "$RUNNER_TEMP/owned-suites"^[[0m
Verilator shard 4/5	UNKNOWN STEP	2026-09-22T10:24:46.7339746Z ^[[36;1mecho "Shard $SHARD owns:"^[[0m
Verilator shard 4/5	UNKNOWN STEP	2026-09-22T10:24:46.7340087Z ^[[36;1msed 's/^/  /' "$RUNNER_TEMP/owned-suites"^[[0m
Verilator shard 4/5	UNKNOWN STEP	2026-09-22T10:24:46.7340253Z ^[[36;1mcase "$SHARD" in^[[0m
Verilator shard 4/5	UNKNOWN STEP	2026-09-22T10:24:46.7340425Z ^[[36;1m  1) grep -Fx tsn_fuzz "$RUNNER_TEMP/owned-suites" ;;^[[0m
Verilator shard 4/5	UNKNOWN STEP	2026-09-22T10:24:46.7340651Z ^[[36;1m  3) grep -Fx chmap_capture "$RUNNER_TEMP/owned-suites" ;;^[[0m
Verilator shard 4/5	UNKNOWN STEP	2026-09-22T10:24:46.7340883Z ^[[36;1m  4) test "$(cat "$RUNNER_TEMP/owned-suites")" = milan_dp ;;^[[0m
Verilator shard 4/5	UNKNOWN STEP	2026-09-22T10:24:46.7341072Z ^[[36;1mesac^[[0m
Verilator shard 4/5	UNKNOWN STEP	2026-09-22T10:24:46.7373589Z shell: /usr/bin/bash -e {0}
Verilator shard 4/5	UNKNOWN STEP	2026-09-22T10:24:46.7373733Z env:
Verilator shard 4/5	UNKNOWN STEP	2026-09-22T10:24:46.7373872Z   VERILATOR_VERSION: v5.050
Verilator shard 4/5	UNKNOWN STEP	2026-09-22T10:24:46.7374007Z   YOSYS_VERSION: v0.66
Verilator shard 4/5	UNKNOWN STEP	2026-09-22T10:24:46.7374161Z   TSN_GEN_REV: deca300c9eb4863fa13383b45ba6cb6fd0828671
Verilator shard 4/5	UNKNOWN STEP	2026-09-22T10:24:46.7374331Z   SHARD: 4
Verilator shard 4/5	UNKNOWN STEP	2026-09-22T10:24:46.7374437Z   SHARDS: 5
Verilator shard 4/5	UNKNOWN STEP	2026-09-22T10:24:46.7374545Z ##[endgroup]
Verilator shard 4/5	UNKNOWN STEP	2026-09-22T10:24:46.7652591Z   ok    1 shard(s): complete=True disjoint=True deterministic=True
Verilator shard 4/5	UNKNOWN STEP	2026-09-22T10:24:46.7652975Z   ok    2 shard(s): complete=True disjoint=True deterministic=True
Verilator shard 4/5	UNKNOWN STEP	2026-09-22T10:24:46.7653319Z   ok    4 shard(s): complete=True disjoint=True deterministic=True
Verilator shard 4/5	UNKNOWN STEP	2026-09-22T10:24:46.7653543Z   ok    5 shard(s): complete=True disjoint=True deterministic=True
Verilator shard 4/5	UNKNOWN STEP	2026-09-22T10:24:46.7653759Z   ok    7 shard(s): complete=True disjoint=True deterministic=True
Verilator shard 4/5	UNKNOWN STEP	2026-09-22T10:24:46.7653976Z   ok   23 shard(s): complete=True disjoint=True deterministic=True
Verilator shard 4/5	UNKNOWN STEP	2026-09-22T10:24:46.7654384Z   ok    2 shard(s): dedicated alone=True hashed owners unchanged=True
Verilator shard 4/5	UNKNOWN STEP	2026-09-22T10:24:46.7654620Z   ok    4 shard(s): dedicated alone=True hashed owners unchanged=True
Verilator shard 4/5	UNKNOWN STEP	2026-09-22T10:24:46.7654844Z   ok    5 shard(s): dedicated alone=True hashed owners unchanged=True
Verilator shard 4/5	UNKNOWN STEP	2026-09-22T10:24:46.7655065Z   ok    7 shard(s): dedicated alone=True hashed owners unchanged=True
Verilator shard 4/5	UNKNOWN STEP	2026-09-22T10:24:46.7655289Z   ok   23 shard(s): dedicated alone=True hashed owners unchanged=True
Verilator shard 4/5	UNKNOWN STEP	2026-09-22T10:24:46.7655613Z   ok   a rule without the dedicated worker is caught (alone with none set aside=False, alone while sharing worker 0=False)
Verilator shard 4/5	UNKNOWN STEP	2026-09-22T10:24:46.7656054Z   ok   five-worker runtime landmarks: {'milan_dp': 4, 'pp_shadow': 1, 'mmcm_servo': 2, 'tsn_fuzz': 1, 'chmap_capture': 3}
Verilator shard 4/5	UNKNOWN STEP	2026-09-22T10:24:46.7656433Z   ok   scheduled/default partition: default=['future_suite', 'milan_dp'] physical=['milan_dp_gptp']
Verilator shard 4/5	UNKNOWN STEP	2026-09-22T10:24:46.7656681Z   ok   reject ''
Verilator shard 4/5	UNKNOWN STEP	2026-09-22T10:24:46.7656801Z   ok   reject '1'
Verilator shard 4/5	UNKNOWN STEP	2026-09-22T10:24:46.7656918Z   ok   reject '-1/4'
Verilator shard 4/5	UNKNOWN STEP	2026-09-22T10:24:46.7657037Z   ok   reject '01/4'
Verilator shard 4/5	UNKNOWN STEP	2026-09-22T10:24:46.7657155Z   ok   reject '4/4'
Verilator shard 4/5	UNKNOWN STEP	2026-09-22T10:24:46.7657272Z   ok   reject '5/4'
Verilator shard 4/5	UNKNOWN STEP	2026-09-22T10:24:46.7657384Z   ok   reject '0/0'
Verilator shard 4/5	UNKNOWN STEP	2026-09-22T10:24:46.7657498Z   ok   reject 'a/4'
Verilator shard 4/5	UNKNOWN STEP	2026-09-22T10:24:46.7657617Z selftest: PASS
Verilator shard 4/5	UNKNOWN STEP	2026-09-22T10:24:46.7975887Z Shard 4 owns:
Verilator shard 4/5	UNKNOWN STEP	2026-09-22T10:24:46.7985157Z   milan_dp
Verilator shard 4/5	UNKNOWN STEP	2026-09-22T10:24:46.8060528Z ##[group]Run scripts/run_all_suites.sh "$RUNNER_TEMP/suite-logs" \
Verilator shard 4/5	UNKNOWN STEP	2026-09-22T10:24:46.8060819Z ^[[36;1mscripts/run_all_suites.sh "$RUNNER_TEMP/suite-logs" \^[[0m
Verilator shard 4/5	UNKNOWN STEP	2026-09-22T10:24:46.8061015Z ^[[36;1m  --shard "4/5"^[[0m
Verilator shard 4/5	UNKNOWN STEP	2026-09-22T10:24:46.8090598Z shell: /usr/bin/bash -e {0}
Verilator shard 4/5	UNKNOWN STEP	2026-09-22T10:24:46.8090740Z env:
Verilator shard 4/5	UNKNOWN STEP	2026-09-22T10:24:46.8090857Z   VERILATOR_VERSION: v5.050
Verilator shard 4/5	UNKNOWN STEP	2026-09-22T10:24:46.8090992Z   YOSYS_VERSION: v0.66
Verilator shard 4/5	UNKNOWN STEP	2026-09-22T10:24:46.8091145Z   TSN_GEN_REV: deca300c9eb4863fa13383b45ba6cb6fd0828671
Verilator shard 4/5	UNKNOWN STEP	2026-09-22T10:24:46.8091320Z ##[endgroup]
Verilator shard 4/5	UNKNOWN STEP	2026-09-22T10:24:49.3275485Z shard: 4/5   selected suites: 1
Verilator shard 4/5	UNKNOWN STEP	2026-09-22T10:47:24.4090912Z PASS     milan_dp
Verilator shard 4/5	UNKNOWN STEP	2026-09-22T10:47:24.4091212Z ----------------------------------------------------------------
Verilator shard 4/5	UNKNOWN STEP	2026-09-22T10:47:24.4091595Z suites: 1   passed: 1   failed: 0   timed out: 0
Verilator shard 4/5	UNKNOWN STEP	2026-09-22T10:47:24.5770448Z checks: 9324   in-suite failures: 0
Verilator shard 4/5	UNKNOWN STEP	2026-09-22T10:47:24.5814039Z logs: /home/runner/work/_temp/suite-logs
Verilator shard 4/5	UNKNOWN STEP	2026-09-22T10:47:24.5875768Z Node 20 is being deprecated. This workflow is running with Node 24 by default. If you need to temporarily use Node 20, you can set the ACTIONS_ALLOW_USE_UNSECURE_NODE_VERSION=true environment variable. For more information see: https://github.blog/changelog/2025-09-19-deprecation-of-node-20-on-github-actions-runners/
Verilator shard 4/5	UNKNOWN STEP	2026-09-22T10:47:24.5876454Z ##[group]Run actions/upload-artifact@v4
Verilator shard 4/5	UNKNOWN STEP	2026-09-22T10:47:24.5876605Z with:
Verilator shard 4/5	UNKNOWN STEP	2026-09-22T10:47:24.5876719Z   name: suite-logs-4
Verilator shard 4/5	UNKNOWN STEP	2026-09-22T10:47:24.5876859Z   path: /home/runner/work/_temp/suite-logs
Verilator shard 4/5	UNKNOWN STEP	2026-09-22T10:47:24.5877023Z   if-no-files-found: error
Verilator shard 4/5	UNKNOWN STEP	2026-09-22T10:47:24.5877163Z   retention-days: 3
Verilator shard 4/5	UNKNOWN STEP	2026-09-22T10:47:24.5877283Z   compression-level: 6
Verilator shard 4/5	UNKNOWN STEP	2026-09-22T10:47:24.5877407Z   overwrite: false
Verilator shard 4/5	UNKNOWN STEP	2026-09-22T10:47:24.5877529Z   include-hidden-files: false
Verilator shard 4/5	UNKNOWN STEP	2026-09-22T10:47:24.5877661Z env:
Verilator shard 4/5	UNKNOWN STEP	2026-09-22T10:47:24.5877768Z   VERILATOR_VERSION: v5.050
Verilator shard 4/5	UNKNOWN STEP	2026-09-22T10:47:24.5877900Z   YOSYS_VERSION: v0.66
Verilator shard 4/5	UNKNOWN STEP	2026-09-22T10:47:24.5878059Z   TSN_GEN_REV: deca300c9eb4863fa13383b45ba6cb6fd0828671
Verilator shard 4/5	UNKNOWN STEP	2026-09-22T10:47:24.5878230Z ##[endgroup]
Verilator shard 4/5	UNKNOWN STEP	2026-09-22T10:47:24.6920360Z (node:6389) [DEP0040] DeprecationWarning: The `punycode` module is deprecated. Please use a userland alternative instead.
Verilator shard 4/5	UNKNOWN STEP	2026-09-22T10:47:24.6920839Z (Use `node --trace-deprecation ...` to show where the warning was created)
Verilator shard 4/5	UNKNOWN STEP	2026-09-22T10:47:24.6972238Z With the provided path, there will be 2 files uploaded
Verilator shard 4/5	UNKNOWN STEP	2026-09-22T10:47:24.6973038Z Artifact name is valid!
Verilator shard 4/5	UNKNOWN STEP	2026-09-22T10:47:24.6990651Z Root directory input is valid!
Verilator shard 4/5	UNKNOWN STEP	2026-09-22T10:47:25.0235057Z Beginning upload of artifact content to blob storage
Verilator shard 4/5	UNKNOWN STEP	2026-09-22T10:47:25.0498194Z (node:6389) [DEP0169] DeprecationWarning: `url.parse()` behavior is not standardized and prone to errors that have security implications. Use the WHATWG URL API instead. CVEs are not issued for `url.parse()` vulnerabilities.
Verilator shard 4/5	UNKNOWN STEP	2026-09-22T10:47:25.4182880Z Uploaded bytes 170231
Verilator shard 4/5	UNKNOWN STEP	2026-09-22T10:47:25.4794106Z Finished uploading artifact content to blob storage!
Verilator shard 4/5	UNKNOWN STEP	2026-09-22T10:47:25.4794796Z SHA256 digest of uploaded artifact zip is 1af6c02a3c1c473c2a7e67ecbc25847a6b27f096c2d6067de5c51d375f1120f7
Verilator shard 4/5	UNKNOWN STEP	2026-09-22T10:47:25.4795639Z Finalizing artifact upload
Verilator shard 4/5	UNKNOWN STEP	2026-09-22T10:47:25.7376872Z Artifact suite-logs-4.zip successfully finalized. Artifact ID 10689498451
Verilator shard 4/5	UNKNOWN STEP	2026-09-22T10:47:25.7377551Z Artifact suite-logs-4 has been successfully uploaded! Final size is 170231 bytes. Artifact ID is 10689498451
Verilator shard 4/5	UNKNOWN STEP	2026-09-22T10:47:25.7382401Z Artifact download URL: https://github.com/kebag-logic/milan-fpga/actions/runs/35715778753/artifacts/10689498451
Verilator shard 4/5	UNKNOWN STEP	2026-09-22T10:47:25.7520235Z Node 20 is being deprecated. This workflow is running with Node 24 by default. If you need to temporarily use Node 20, you can set the ACTIONS_ALLOW_USE_UNSECURE_NODE_VERSION=true environment variable. For more information see: https://github.blog/changelog/2025-09-19-deprecation-of-node-20-on-github-actions-runners/
Verilator shard 4/5	UNKNOWN STEP	2026-09-22T10:47:25.7520911Z Post job cleanup.
Verilator shard 4/5	UNKNOWN STEP	2026-09-22T10:47:25.8203410Z Cache hit occurred on the primary key verilator-v5.050-Linux, not saving cache.
Verilator shard 4/5	UNKNOWN STEP	2026-09-22T10:47:25.8204850Z (node:6402) [DEP0040] DeprecationWarning: The `punycode` module is deprecated. Please use a userland alternative instead.
Verilator shard 4/5	UNKNOWN STEP	2026-09-22T10:47:25.8205400Z (Use `node --trace-deprecation ...` to show where the warning was created)
Verilator shard 4/5	UNKNOWN STEP	2026-09-22T10:47:25.8294704Z Node 20 is being deprecated. This workflow is running with Node 24 by default. If you need to temporarily use Node 20, you can set the ACTIONS_ALLOW_USE_UNSECURE_NODE_VERSION=true environment variable. For more information see: https://github.blog/changelog/2025-09-19-deprecation-of-node-20-on-github-actions-runners/
Verilator shard 4/5	UNKNOWN STEP	2026-09-22T10:47:25.8295364Z Post job cleanup.
Verilator shard 4/5	UNKNOWN STEP	2026-09-22T10:47:25.8872831Z [command]/usr/bin/git version
Verilator shard 4/5	UNKNOWN STEP	2026-09-22T10:47:25.8904287Z git version 2.55.0
Verilator shard 4/5	UNKNOWN STEP	2026-09-22T10:47:25.8927574Z Temporarily overriding HOME='/home/runner/work/_temp/a4696ba6-eeda-4173-a82e-c7dff6092789' before making global git config changes
Verilator shard 4/5	UNKNOWN STEP	2026-09-22T10:47:25.8928295Z Adding repository directory to the temporary git global config as a safe directory
Verilator shard 4/5	UNKNOWN STEP	2026-09-22T10:47:25.8930608Z [command]/usr/bin/git config --global --add safe.directory /home/runner/work/milan-fpga/milan-fpga
Verilator shard 4/5	UNKNOWN STEP	2026-09-22T10:47:25.8962221Z [command]/usr/bin/git config --local --name-only --get-regexp core\.sshCommand
Verilator shard 4/5	UNKNOWN STEP	2026-09-22T10:47:25.8988948Z [command]/usr/bin/git submodule foreach --recursive sh -c "git config --local --name-only --get-regexp 'core\.sshCommand' && git config --local --unset-all 'core.sshCommand' || :"
Verilator shard 4/5	UNKNOWN STEP	2026-09-22T10:47:25.9168869Z Entering 'gptp-processor'
Verilator shard 4/5	UNKNOWN STEP	2026-09-22T10:47:25.9340786Z Entering 'protocol-processor'
Verilator shard 4/5	UNKNOWN STEP	2026-09-22T10:47:25.9378943Z Entering 'third_party/verilog-axis'
Verilator shard 4/5	UNKNOWN STEP	2026-09-22T10:47:25.9429329Z [command]/usr/bin/git config --local --name-only --get-regexp http\.https\:\/\/github\.com\/\.extraheader
Verilator shard 4/5	UNKNOWN STEP	2026-09-22T10:47:25.9457666Z http.https://github.com/.extraheader
Verilator shard 4/5	UNKNOWN STEP	2026-09-22T10:47:25.9465599Z [command]/usr/bin/git config --local --unset-all http.https://github.com/.extraheader
Verilator shard 4/5	UNKNOWN STEP	2026-09-22T10:47:25.9495870Z [command]/usr/bin/git submodule foreach --recursive sh -c "git config --local --name-only --get-regexp 'http\.https\:\/\/github\.com\/\.extraheader' && git config --local --unset-all 'http.https://github.com/.extraheader' || :"
Verilator shard 4/5	UNKNOWN STEP	2026-09-22T10:47:25.9678179Z Entering 'gptp-processor'
Verilator shard 4/5	UNKNOWN STEP	2026-09-22T10:47:25.9713470Z Entering 'protocol-processor'
Verilator shard 4/5	UNKNOWN STEP	2026-09-22T10:47:25.9748834Z Entering 'third_party/verilog-axis'
Verilator shard 4/5	UNKNOWN STEP	2026-09-22T10:47:25.9800147Z [command]/usr/bin/git config --local --name-only --get-regexp ^includeIf\.gitdir:
Verilator shard 4/5	UNKNOWN STEP	2026-09-22T10:47:25.9834889Z [command]/usr/bin/git submodule foreach --recursive git config --local --show-origin --name-only --get-regexp remote.origin.url
Verilator shard 4/5	UNKNOWN STEP	2026-09-22T10:47:26.0014515Z Entering 'gptp-processor'
Verilator shard 4/5	UNKNOWN STEP	2026-09-22T10:47:26.0030983Z file:/home/runner/work/milan-fpga/milan-fpga/.git/modules/gptp-processor/config	remote.origin.url
Verilator shard 4/5	UNKNOWN STEP	2026-09-22T10:47:26.0045758Z Entering 'protocol-processor'
Verilator shard 4/5	UNKNOWN STEP	2026-09-22T10:47:26.0060729Z file:/home/runner/work/milan-fpga/milan-fpga/.git/modules/protocol-processor/config	remote.origin.url
Verilator shard 4/5	UNKNOWN STEP	2026-09-22T10:47:26.0077366Z Entering 'third_party/verilog-axis'
Verilator shard 4/5	UNKNOWN STEP	2026-09-22T10:47:26.0091387Z file:/home/runner/work/milan-fpga/milan-fpga/.git/modules/third_party/verilog-axis/config	remote.origin.url
Verilator shard 4/5	UNKNOWN STEP	2026-09-22T10:47:26.0118904Z [command]/usr/bin/git config --file /home/runner/work/milan-fpga/milan-fpga/.git/modules/gptp-processor/config --name-only --get-regexp ^includeIf\.gitdir:
Verilator shard 4/5	UNKNOWN STEP	2026-09-22T10:47:26.0148552Z [command]/usr/bin/git config --file /home/runner/work/milan-fpga/milan-fpga/.git/modules/protocol-processor/config --name-only --get-regexp ^includeIf\.gitdir:
Verilator shard 4/5	UNKNOWN STEP	2026-09-22T10:47:26.0173859Z [command]/usr/bin/git config --file /home/runner/work/milan-fpga/milan-fpga/.git/modules/third_party/verilog-axis/config --name-only --get-regexp ^includeIf\.gitdir:
Verilator shard 4/5	UNKNOWN STEP	2026-09-22T10:47:26.0303302Z Cleaning up orphan processes
Verilator shard 4/5	UNKNOWN STEP	2026-09-22T10:47:26.0503031Z ##[warning]Node.js 20 is deprecated. The following actions target Node.js 20 but are being forced to run on Node.js 24: actions/cache@v4, actions/checkout@v4, actions/upload-artifact@v4. For more information see: https://github.blog/changelog/2025-09-19-deprecation-of-node-20-on-github-actions-runners/
Yosys shard 2/4	UNKNOWN STEP	﻿2026-09-22T10:24:37.0829678Z Current runner version: '2.337.0'
Yosys shard 2/4	UNKNOWN STEP	2026-09-22T10:24:37.0868917Z ##[group]Runner Image Provisioner
Yosys shard 2/4	UNKNOWN STEP	2026-09-22T10:24:37.0870543Z Hosted Compute Agent
Yosys shard 2/4	UNKNOWN STEP	2026-09-22T10:24:37.0871687Z Version: 20260828.587
Yosys shard 2/4	UNKNOWN STEP	2026-09-22T10:24:37.0872846Z Commit: abac92662cab4cc7352de4f9f9d2e2419aad9c29
Yosys shard 2/4	UNKNOWN STEP	2026-09-22T10:24:37.0874152Z Build Date: 2026-08-28T16:44:25Z
Yosys shard 2/4	UNKNOWN STEP	2026-09-22T10:24:37.0875321Z Worker ID: {228e56cb-c1a0-4bb6-bb50-c8ce3f134352}
Yosys shard 2/4	UNKNOWN STEP	2026-09-22T10:24:37.0876647Z Azure Region: eastus2
Yosys shard 2/4	UNKNOWN STEP	2026-09-22T10:24:37.0877613Z ##[endgroup]
Yosys shard 2/4	UNKNOWN STEP	2026-09-22T10:24:37.0880487Z ##[group]Operating System
Yosys shard 2/4	UNKNOWN STEP	2026-09-22T10:24:37.0881618Z Ubuntu
Yosys shard 2/4	UNKNOWN STEP	2026-09-22T10:24:37.0882456Z 24.04.5
Yosys shard 2/4	UNKNOWN STEP	2026-09-22T10:24:37.0883395Z LTS
Yosys shard 2/4	UNKNOWN STEP	2026-09-22T10:24:37.0884262Z ##[endgroup]
Yosys shard 2/4	UNKNOWN STEP	2026-09-22T10:24:37.0885209Z ##[group]Runner Image
Yosys shard 2/4	UNKNOWN STEP	2026-09-22T10:24:37.0886399Z Image: ubuntu-24.04
Yosys shard 2/4	UNKNOWN STEP	2026-09-22T10:24:37.0887328Z Version: 20260907.300.1
Yosys shard 2/4	UNKNOWN STEP	2026-09-22T10:24:37.0889737Z Included Software: https://github.com/actions/runner-images/blob/ubuntu24/20260907.300/images/ubuntu/Ubuntu2404-Readme.md
Yosys shard 2/4	UNKNOWN STEP	2026-09-22T10:24:37.0892600Z Image Release: https://github.com/actions/runner-images/releases/tag/ubuntu24%2F20260907.300
Yosys shard 2/4	UNKNOWN STEP	2026-09-22T10:24:37.0894304Z ##[endgroup]
Yosys shard 2/4	UNKNOWN STEP	2026-09-22T10:24:37.0896244Z ##[group]GITHUB_TOKEN Permissions
Yosys shard 2/4	UNKNOWN STEP	2026-09-22T10:24:37.0899080Z Contents: read
Yosys shard 2/4	UNKNOWN STEP	2026-09-22T10:24:37.0900620Z Metadata: read
Yosys shard 2/4	UNKNOWN STEP	2026-09-22T10:24:37.0901602Z Packages: read
Yosys shard 2/4	UNKNOWN STEP	2026-09-22T10:24:37.0902537Z ##[endgroup]
Yosys shard 2/4	UNKNOWN STEP	2026-09-22T10:24:37.0906035Z Secret source: Actions
Yosys shard 2/4	UNKNOWN STEP	2026-09-22T10:24:37.0907575Z Cache mode: write
Yosys shard 2/4	UNKNOWN STEP	2026-09-22T10:24:37.0909084Z Prepare workflow directory
Yosys shard 2/4	UNKNOWN STEP	2026-09-22T10:24:37.1491153Z Prepare all required actions
Yosys shard 2/4	UNKNOWN STEP	2026-09-22T10:24:37.1566828Z Getting action download info
Yosys shard 2/4	UNKNOWN STEP	2026-09-22T10:24:37.4218842Z Download action repository 'actions/checkout@v4' (SHA:11d5960a326750d5838078e36cf38b85af677262)
Yosys shard 2/4	UNKNOWN STEP	2026-09-22T10:24:37.5272155Z Download action repository 'actions/cache@v4' (SHA:0057852bfaa89a56745cba8c7296529d2fc39830)
Yosys shard 2/4	UNKNOWN STEP	2026-09-22T10:24:37.6315727Z Download action repository 'actions/upload-artifact@v4' (SHA:ea165f8d65b6e75b540449e92b4886f43607fa02)
Yosys shard 2/4	UNKNOWN STEP	2026-09-22T10:24:37.8510436Z Complete job name: Yosys shard 2/4
Yosys shard 2/4	UNKNOWN STEP	2026-09-22T10:24:37.9424669Z Node 20 is being deprecated. This workflow is running with Node 24 by default. If you need to temporarily use Node 20, you can set the ACTIONS_ALLOW_USE_UNSECURE_NODE_VERSION=true environment variable. For more information see: https://github.blog/changelog/2025-09-19-deprecation-of-node-20-on-github-actions-runners/
Yosys shard 2/4	UNKNOWN STEP	2026-09-22T10:24:37.9434023Z ##[group]Run actions/checkout@v4
Yosys shard 2/4	UNKNOWN STEP	2026-09-22T10:24:37.9434773Z with:
Yosys shard 2/4	UNKNOWN STEP	2026-09-22T10:24:37.9435239Z   repository: kebag-logic/milan-fpga
Yosys shard 2/4	UNKNOWN STEP	2026-09-22T10:24:37.9438992Z   token: ***
Yosys shard 2/4	UNKNOWN STEP	2026-09-22T10:24:37.9439689Z   ssh-strict: true
Yosys shard 2/4	UNKNOWN STEP	2026-09-22T10:24:37.9440140Z   ssh-user: git
Yosys shard 2/4	UNKNOWN STEP	2026-09-22T10:24:37.9440591Z   persist-credentials: true
Yosys shard 2/4	UNKNOWN STEP	2026-09-22T10:24:37.9441152Z   clean: true
Yosys shard 2/4	UNKNOWN STEP	2026-09-22T10:24:37.9441647Z   sparse-checkout-cone-mode: true
Yosys shard 2/4	UNKNOWN STEP	2026-09-22T10:24:37.9442173Z   fetch-depth: 1
Yosys shard 2/4	UNKNOWN STEP	2026-09-22T10:24:37.9442597Z   fetch-tags: false
Yosys shard 2/4	UNKNOWN STEP	2026-09-22T10:24:37.9443052Z   show-progress: true
Yosys shard 2/4	UNKNOWN STEP	2026-09-22T10:24:37.9443529Z   lfs: false
Yosys shard 2/4	UNKNOWN STEP	2026-09-22T10:24:37.9443973Z   submodules: false
Yosys shard 2/4	UNKNOWN STEP	2026-09-22T10:24:37.9444420Z   set-safe-directory: true
Yosys shard 2/4	UNKNOWN STEP	2026-09-22T10:24:37.9444936Z   allow-unsafe-pr-checkout: false
Yosys shard 2/4	UNKNOWN STEP	2026-09-22T10:24:37.9445720Z env:
Yosys shard 2/4	UNKNOWN STEP	2026-09-22T10:24:37.9446140Z   VERILATOR_VERSION: v5.050
Yosys shard 2/4	UNKNOWN STEP	2026-09-22T10:24:37.9446635Z   YOSYS_VERSION: v0.66
Yosys shard 2/4	UNKNOWN STEP	2026-09-22T10:24:37.9447177Z   TSN_GEN_REV: deca300c9eb4863fa13383b45ba6cb6fd0828671
Yosys shard 2/4	UNKNOWN STEP	2026-09-22T10:24:37.9447809Z ##[endgroup]
Yosys shard 2/4	UNKNOWN STEP	2026-09-22T10:24:38.0558299Z Syncing repository: kebag-logic/milan-fpga
Yosys shard 2/4	UNKNOWN STEP	2026-09-22T10:24:38.0562022Z ##[group]Getting Git version info
Yosys shard 2/4	UNKNOWN STEP	2026-09-22T10:24:38.0563361Z Working directory is '/home/runner/work/milan-fpga/milan-fpga'
Yosys shard 2/4	UNKNOWN STEP	2026-09-22T10:24:38.0580508Z [command]/usr/bin/git version
Yosys shard 2/4	UNKNOWN STEP	2026-09-22T10:24:38.0721044Z git version 2.55.0
Yosys shard 2/4	UNKNOWN STEP	2026-09-22T10:24:38.0747966Z ##[endgroup]
Yosys shard 2/4	UNKNOWN STEP	2026-09-22T10:24:38.0767062Z Temporarily overriding HOME='/home/runner/work/_temp/b038349a-948a-46e9-bc89-33a99ecdf01f' before making global git config changes
Yosys shard 2/4	UNKNOWN STEP	2026-09-22T10:24:38.0770922Z Adding repository directory to the temporary git global config as a safe directory
Yosys shard 2/4	UNKNOWN STEP	2026-09-22T10:24:38.0774010Z [command]/usr/bin/git config --global --add safe.directory /home/runner/work/milan-fpga/milan-fpga
Yosys shard 2/4	UNKNOWN STEP	2026-09-22T10:24:38.0871006Z Deleting the contents of '/home/runner/work/milan-fpga/milan-fpga'
Yosys shard 2/4	UNKNOWN STEP	2026-09-22T10:24:38.0873805Z ##[group]Initializing the repository
Yosys shard 2/4	UNKNOWN STEP	2026-09-22T10:24:38.0875339Z [command]/usr/bin/git init /home/runner/work/milan-fpga/milan-fpga
Yosys shard 2/4	UNKNOWN STEP	2026-09-22T10:24:38.0991689Z hint: Using 'master' as the name for the initial branch. This default branch name
Yosys shard 2/4	UNKNOWN STEP	2026-09-22T10:24:38.0993797Z hint: will change to "main" in Git 3.0. To configure the initial branch name
Yosys shard 2/4	UNKNOWN STEP	2026-09-22T10:24:38.0995024Z hint: to use in all of your new repositories, which will suppress this warning,
Yosys shard 2/4	UNKNOWN STEP	2026-09-22T10:24:38.0995916Z hint: call:
Yosys shard 2/4	UNKNOWN STEP	2026-09-22T10:24:38.0996391Z hint:
Yosys shard 2/4	UNKNOWN STEP	2026-09-22T10:24:38.0996996Z hint: 	git config --global init.defaultBranch <name>
Yosys shard 2/4	UNKNOWN STEP	2026-09-22T10:24:38.0997738Z hint:
Yosys shard 2/4	UNKNOWN STEP	2026-09-22T10:24:38.0998487Z hint: Names commonly chosen instead of 'master' are 'main', 'trunk' and
Yosys shard 2/4	UNKNOWN STEP	2026-09-22T10:24:38.1000019Z hint: 'development'. The just-created branch can be renamed via this command:
Yosys shard 2/4	UNKNOWN STEP	2026-09-22T10:24:38.1003019Z hint:
Yosys shard 2/4	UNKNOWN STEP	2026-09-22T10:24:38.1003914Z hint: 	git branch -m <name>
Yosys shard 2/4	UNKNOWN STEP	2026-09-22T10:24:38.1004818Z hint:
Yosys shard 2/4	UNKNOWN STEP	2026-09-22T10:24:38.1005927Z hint: Disable this message with "git config set advice.defaultBranchName false"
Yosys shard 2/4	UNKNOWN STEP	2026-09-22T10:24:38.1008128Z Initialized empty Git repository in /home/runner/work/milan-fpga/milan-fpga/.git/
Yosys shard 2/4	UNKNOWN STEP	2026-09-22T10:24:38.1016428Z [command]/usr/bin/git remote add origin https://github.com/kebag-logic/milan-fpga
Yosys shard 2/4	UNKNOWN STEP	2026-09-22T10:24:38.1076488Z ##[endgroup]
Yosys shard 2/4	UNKNOWN STEP	2026-09-22T10:24:38.1078098Z ##[group]Disabling automatic garbage collection
Yosys shard 2/4	UNKNOWN STEP	2026-09-22T10:24:38.1081566Z [command]/usr/bin/git config --local gc.auto 0
Yosys shard 2/4	UNKNOWN STEP	2026-09-22T10:24:38.1124576Z ##[endgroup]
Yosys shard 2/4	UNKNOWN STEP	2026-09-22T10:24:38.1126650Z ##[group]Setting up auth
Yosys shard 2/4	UNKNOWN STEP	2026-09-22T10:24:38.1135367Z [command]/usr/bin/git config --local --name-only --get-regexp core\.sshCommand
Yosys shard 2/4	UNKNOWN STEP	2026-09-22T10:24:38.1180628Z [command]/usr/bin/git submodule foreach --recursive sh -c "git config --local --name-only --get-regexp 'core\.sshCommand' && git config --local --unset-all 'core.sshCommand' || :"
Yosys shard 2/4	UNKNOWN STEP	2026-09-22T10:24:38.1650913Z [command]/usr/bin/git config --local --name-only --get-regexp http\.https\:\/\/github\.com\/\.extraheader
Yosys shard 2/4	UNKNOWN STEP	2026-09-22T10:24:38.1702180Z [command]/usr/bin/git submodule foreach --recursive sh -c "git config --local --name-only --get-regexp 'http\.https\:\/\/github\.com\/\.extraheader' && git config --local --unset-all 'http.https://github.com/.extraheader' || :"
Yosys shard 2/4	UNKNOWN STEP	2026-09-22T10:24:38.1963987Z [command]/usr/bin/git config --local --name-only --get-regexp ^includeIf\.gitdir:
Yosys shard 2/4	UNKNOWN STEP	2026-09-22T10:24:38.2003221Z [command]/usr/bin/git submodule foreach --recursive git config --local --show-origin --name-only --get-regexp remote.origin.url
Yosys shard 2/4	UNKNOWN STEP	2026-09-22T10:24:38.2266149Z [command]/usr/bin/git config --local http.https://github.com/.extraheader AUTHORIZATION: basic ***
Yosys shard 2/4	UNKNOWN STEP	2026-09-22T10:24:38.2311760Z ##[endgroup]
Yosys shard 2/4	UNKNOWN STEP	2026-09-22T10:24:38.2313312Z ##[group]Fetching the repository
Yosys shard 2/4	UNKNOWN STEP	2026-09-22T10:24:38.2324225Z [command]/usr/bin/git -c protocol.version=2 fetch --no-tags --prune --no-recurse-submodules --depth=1 origin +ec34fcdee0ca9ffa63564a9af8ad70a3a618de29:refs/remotes/origin/dev
Yosys shard 2/4	UNKNOWN STEP	2026-09-22T10:24:39.4048233Z From https://github.com/kebag-logic/milan-fpga
Yosys shard 2/4	UNKNOWN STEP	2026-09-22T10:24:39.4050851Z  * [new ref]         ec34fcdee0ca9ffa63564a9af8ad70a3a618de29 -> origin/dev
Yosys shard 2/4	UNKNOWN STEP	2026-09-22T10:24:39.4055336Z ##[endgroup]
Yosys shard 2/4	UNKNOWN STEP	2026-09-22T10:24:39.4057182Z ##[group]Determining the checkout info
Yosys shard 2/4	UNKNOWN STEP	2026-09-22T10:24:39.4059044Z ##[endgroup]
Yosys shard 2/4	UNKNOWN STEP	2026-09-22T10:24:39.4064869Z [command]/usr/bin/git sparse-checkout disable
Yosys shard 2/4	UNKNOWN STEP	2026-09-22T10:24:39.4131926Z [command]/usr/bin/git config --local --unset-all extensions.worktreeConfig
Yosys shard 2/4	UNKNOWN STEP	2026-09-22T10:24:39.4171938Z ##[group]Checking out the ref
Yosys shard 2/4	UNKNOWN STEP	2026-09-22T10:24:39.4178561Z [command]/usr/bin/git checkout --progress --force -B dev refs/remotes/origin/dev
Yosys shard 2/4	UNKNOWN STEP	2026-09-22T10:24:39.5582395Z Switched to a new branch 'dev'
Yosys shard 2/4	UNKNOWN STEP	2026-09-22T10:24:39.5586301Z branch 'dev' set up to track 'origin/dev'.
Yosys shard 2/4	UNKNOWN STEP	2026-09-22T10:24:39.5596838Z ##[endgroup]
Yosys shard 2/4	UNKNOWN STEP	2026-09-22T10:24:39.5740062Z [command]/usr/bin/git log -1 --format=%H
Yosys shard 2/4	UNKNOWN STEP	2026-09-22T10:24:39.5741726Z ec34fcdee0ca9ffa63564a9af8ad70a3a618de29
Yosys shard 2/4	UNKNOWN STEP	2026-09-22T10:24:39.5934823Z ##[group]Run git submodule update --init third_party/verilog-axis protocol-processor gptp-processor
Yosys shard 2/4	UNKNOWN STEP	2026-09-22T10:24:39.5937344Z ^[[36;1mgit submodule update --init third_party/verilog-axis protocol-processor gptp-processor^[[0m
Yosys shard 2/4	UNKNOWN STEP	2026-09-22T10:24:39.5980046Z shell: /usr/bin/bash -e {0}
Yosys shard 2/4	UNKNOWN STEP	2026-09-22T10:24:39.5980791Z env:
Yosys shard 2/4	UNKNOWN STEP	2026-09-22T10:24:39.5981314Z   VERILATOR_VERSION: v5.050
Yosys shard 2/4	UNKNOWN STEP	2026-09-22T10:24:39.5981963Z   YOSYS_VERSION: v0.66
Yosys shard 2/4	UNKNOWN STEP	2026-09-22T10:24:39.5982753Z   TSN_GEN_REV: deca300c9eb4863fa13383b45ba6cb6fd0828671
Yosys shard 2/4	UNKNOWN STEP	2026-09-22T10:24:39.5983757Z ##[endgroup]
Yosys shard 2/4	UNKNOWN STEP	2026-09-22T10:24:39.6287867Z Submodule 'gptp-processor' (https://github.com/Mister-M-alt/FPGA-gPTP.git) registered for path 'gptp-processor'
Yosys shard 2/4	UNKNOWN STEP	2026-09-22T10:24:39.6293899Z Submodule 'protocol-processor' (https://github.com/Mister-M-alt/protocol-processor-control-plane-avb-milan.git) registered for path 'protocol-processor'
Yosys shard 2/4	UNKNOWN STEP	2026-09-22T10:24:39.6298322Z Submodule 'third_party/verilog-axis' (https://github.com/alexforencich/verilog-axis) registered for path 'third_party/verilog-axis'
Yosys shard 2/4	UNKNOWN STEP	2026-09-22T10:24:39.6319273Z Cloning into '/home/runner/work/milan-fpga/milan-fpga/gptp-processor'...
Yosys shard 2/4	UNKNOWN STEP	2026-09-22T10:24:40.0182045Z Cloning into '/home/runner/work/milan-fpga/milan-fpga/protocol-processor'...
Yosys shard 2/4	UNKNOWN STEP	2026-09-22T10:24:40.5258936Z Cloning into '/home/runner/work/milan-fpga/milan-fpga/third_party/verilog-axis'...
Yosys shard 2/4	UNKNOWN STEP	2026-09-22T10:24:40.9046638Z Submodule path 'gptp-processor': checked out 'c1b617435824929a790739ea8585c3fe1a328cc0'
Yosys shard 2/4	UNKNOWN STEP	2026-09-22T10:24:40.9610125Z Submodule path 'protocol-processor': checked out '424c688fa2205b934a7689a58f2aa766420f2326'
Yosys shard 2/4	UNKNOWN STEP	2026-09-22T10:24:40.9822716Z Submodule path 'third_party/verilog-axis': checked out '48ff7a7e2ef782cf778d47910cf85835c64b1bce'
Yosys shard 2/4	UNKNOWN STEP	2026-09-22T10:24:40.9878752Z ##[group]Run set -euo pipefail
Yosys shard 2/4	UNKNOWN STEP	2026-09-22T10:24:40.9879156Z ^[[36;1mset -euo pipefail^[[0m
Yosys shard 2/4	UNKNOWN STEP	2026-09-22T10:24:40.9879915Z ^[[36;1mhead="$(git rev-parse HEAD)"^[[0m
Yosys shard 2/4	UNKNOWN STEP	2026-09-22T10:24:40.9880391Z ^[[36;1mif [ "$head" != "$GITHUB_SHA" ] || [ "$GITHUB_SHA" != "$TARGET_SHA" ]; then^[[0m
Yosys shard 2/4	UNKNOWN STEP	2026-09-22T10:24:40.9881003Z ^[[36;1m  echo "checkout $head, GITHUB_SHA $GITHUB_SHA and gate target $TARGET_SHA must be one SHA" >&2^[[0m
Yosys shard 2/4	UNKNOWN STEP	2026-09-22T10:24:40.9881508Z ^[[36;1m  exit 1^[[0m
Yosys shard 2/4	UNKNOWN STEP	2026-09-22T10:24:40.9881747Z ^[[36;1mfi^[[0m
Yosys shard 2/4	UNKNOWN STEP	2026-09-22T10:24:40.9882019Z ^[[36;1mmkdir -p "$RUNNER_TEMP/yosys-results"^[[0m
Yosys shard 2/4	UNKNOWN STEP	2026-09-22T10:24:40.9882480Z ^[[36;1mprintf '%s\n' "$GITHUB_SHA" > "$RUNNER_TEMP/yosys-results/TARGET_SHA"^[[0m
Yosys shard 2/4	UNKNOWN STEP	2026-09-22T10:24:40.9882925Z ^[[36;1mecho "target_sha=$GITHUB_SHA"^[[0m
Yosys shard 2/4	UNKNOWN STEP	2026-09-22T10:24:40.9921040Z shell: /usr/bin/bash -e {0}
Yosys shard 2/4	UNKNOWN STEP	2026-09-22T10:24:40.9921377Z env:
Yosys shard 2/4	UNKNOWN STEP	2026-09-22T10:24:40.9921625Z   VERILATOR_VERSION: v5.050
Yosys shard 2/4	UNKNOWN STEP	2026-09-22T10:24:40.9921913Z   YOSYS_VERSION: v0.66
Yosys shard 2/4	UNKNOWN STEP	2026-09-22T10:24:40.9922269Z   TSN_GEN_REV: deca300c9eb4863fa13383b45ba6cb6fd0828671
Yosys shard 2/4	UNKNOWN STEP	2026-09-22T10:24:40.9922710Z   TARGET_SHA: ec34fcdee0ca9ffa63564a9af8ad70a3a618de29
Yosys shard 2/4	UNKNOWN STEP	2026-09-22T10:24:40.9923067Z ##[endgroup]
Yosys shard 2/4	UNKNOWN STEP	2026-09-22T10:24:41.0016052Z target_sha=ec34fcdee0ca9ffa63564a9af8ad70a3a618de29
Yosys shard 2/4	UNKNOWN STEP	2026-09-22T10:24:41.0114129Z Node 20 is being deprecated. This workflow is running with Node 24 by default. If you need to temporarily use Node 20, you can set the ACTIONS_ALLOW_USE_UNSECURE_NODE_VERSION=true environment variable. For more information see: https://github.blog/changelog/2025-09-19-deprecation-of-node-20-on-github-actions-runners/
Yosys shard 2/4	UNKNOWN STEP	2026-09-22T10:24:41.0115747Z ##[group]Run actions/cache@v4
Yosys shard 2/4	UNKNOWN STEP	2026-09-22T10:24:41.0116039Z with:
Yosys shard 2/4	UNKNOWN STEP	2026-09-22T10:24:41.0116276Z   path: /opt/yosys
Yosys shard 2/4	UNKNOWN STEP	2026-09-22T10:24:41.0116530Z   key: yosys-v0.66-Linux
Yosys shard 2/4	UNKNOWN STEP	2026-09-22T10:24:41.0116807Z   enableCrossOsArchive: false
Yosys shard 2/4	UNKNOWN STEP	2026-09-22T10:24:41.0117098Z   fail-on-cache-miss: false
Yosys shard 2/4	UNKNOWN STEP	2026-09-22T10:24:41.0117375Z   lookup-only: false
Yosys shard 2/4	UNKNOWN STEP	2026-09-22T10:24:41.0117623Z   save-always: false
Yosys shard 2/4	UNKNOWN STEP	2026-09-22T10:24:41.0118148Z env:
Yosys shard 2/4	UNKNOWN STEP	2026-09-22T10:24:41.0118412Z   VERILATOR_VERSION: v5.050
Yosys shard 2/4	UNKNOWN STEP	2026-09-22T10:24:41.0118720Z   YOSYS_VERSION: v0.66
Yosys shard 2/4	UNKNOWN STEP	2026-09-22T10:24:41.0119024Z   TSN_GEN_REV: deca300c9eb4863fa13383b45ba6cb6fd0828671
Yosys shard 2/4	UNKNOWN STEP	2026-09-22T10:24:41.0119710Z ##[endgroup]
Yosys shard 2/4	UNKNOWN STEP	2026-09-22T10:24:41.1223090Z (node:2315) [DEP0040] DeprecationWarning: The `punycode` module is deprecated. Please use a userland alternative instead.
Yosys shard 2/4	UNKNOWN STEP	2026-09-22T10:24:41.1224172Z (Use `node --trace-deprecation ...` to show where the warning was created)
Yosys shard 2/4	UNKNOWN STEP	2026-09-22T10:24:41.2009149Z Cache hit for: yosys-v0.66-Linux
Yosys shard 2/4	UNKNOWN STEP	2026-09-22T10:24:41.2127990Z (node:2315) [DEP0169] DeprecationWarning: `url.parse()` behavior is not standardized and prone to errors that have security implications. Use the WHATWG URL API instead. CVEs are not issued for `url.parse()` vulnerabilities.
Yosys shard 2/4	UNKNOWN STEP	2026-09-22T10:24:41.4932027Z Received 19685025 of 19685025 (100.0%), 78.5 MBs/sec
Yosys shard 2/4	UNKNOWN STEP	2026-09-22T10:24:41.4932740Z Cache Size: ~19 MB (19685025 B)
Yosys shard 2/4	UNKNOWN STEP	2026-09-22T10:24:41.4966370Z [command]/usr/bin/tar -xf /home/runner/work/_temp/fcc82108-8f69-4384-957b-151882f8ebc9/cache.tzst -P -C /home/runner/work/milan-fpga/milan-fpga --use-compress-program unzstd
Yosys shard 2/4	UNKNOWN STEP	2026-09-22T10:24:41.6151018Z Cache restored successfully
Yosys shard 2/4	UNKNOWN STEP	2026-09-22T10:24:41.6238464Z Cache restored from key: yosys-v0.66-Linux
Yosys shard 2/4	UNKNOWN STEP	2026-09-22T10:24:41.6388447Z ##[group]Run set -euo pipefail
Yosys shard 2/4	UNKNOWN STEP	2026-09-22T10:24:41.6388779Z ^[[36;1mset -euo pipefail^[[0m
Yosys shard 2/4	UNKNOWN STEP	2026-09-22T10:24:41.6389038Z ^[[36;1msudo apt-get update -qq^[[0m
Yosys shard 2/4	UNKNOWN STEP	2026-09-22T10:24:41.6389713Z ^[[36;1msudo apt-get install -y --no-install-recommends libjemalloc2^[[0m
Yosys shard 2/4	UNKNOWN STEP	2026-09-22T10:24:41.6390242Z ^[[36;1msudo ln -sf /opt/yosys/bin/yosys /opt/yosys/bin/yosys-abc /usr/local/bin/^[[0m
Yosys shard 2/4	UNKNOWN STEP	2026-09-22T10:24:41.6390666Z ^[[36;1mtest -x /opt/yosys/bin/yosys-abc^[[0m
Yosys shard 2/4	UNKNOWN STEP	2026-09-22T10:24:41.6390990Z ^[[36;1mecho "bundled ABC: $(cat /opt/yosys/ABC_REV)"^[[0m
Yosys shard 2/4	UNKNOWN STEP	2026-09-22T10:24:41.6391295Z ^[[36;1myosys -V^[[0m
Yosys shard 2/4	UNKNOWN STEP	2026-09-22T10:24:41.6391548Z ^[[36;1myosys -V | grep -F "Yosys ${YOSYS_VERSION#v}"^[[0m
Yosys shard 2/4	UNKNOWN STEP	2026-09-22T10:24:41.6427412Z shell: /usr/bin/bash -e {0}
Yosys shard 2/4	UNKNOWN STEP	2026-09-22T10:24:41.6427680Z env:
Yosys shard 2/4	UNKNOWN STEP	2026-09-22T10:24:41.6427884Z   VERILATOR_VERSION: v5.050
Yosys shard 2/4	UNKNOWN STEP	2026-09-22T10:24:41.6428141Z   YOSYS_VERSION: v0.66
Yosys shard 2/4	UNKNOWN STEP	2026-09-22T10:24:41.6428416Z   TSN_GEN_REV: deca300c9eb4863fa13383b45ba6cb6fd0828671
Yosys shard 2/4	UNKNOWN STEP	2026-09-22T10:24:41.6428732Z ##[endgroup]
Yosys shard 2/4	UNKNOWN STEP	2026-09-22T10:24:47.5942181Z Reading package lists...
Yosys shard 2/4	UNKNOWN STEP	2026-09-22T10:24:47.8085158Z Building dependency tree...
Yosys shard 2/4	UNKNOWN STEP	2026-09-22T10:24:47.8095227Z Reading state information...
Yosys shard 2/4	UNKNOWN STEP	2026-09-22T10:24:48.0103310Z The following NEW packages will be installed:
Yosys shard 2/4	UNKNOWN STEP	2026-09-22T10:24:48.0110265Z   libjemalloc2
Yosys shard 2/4	UNKNOWN STEP	2026-09-22T10:24:48.0307055Z 0 upgraded, 1 newly installed, 0 to remove and 87 not upgraded.
Yosys shard 2/4	UNKNOWN STEP	2026-09-22T10:24:48.0307896Z Need to get 256 kB of archives.
Yosys shard 2/4	UNKNOWN STEP	2026-09-22T10:24:48.0308492Z After this operation, 859 kB of additional disk space will be used.
Yosys shard 2/4	UNKNOWN STEP	2026-09-22T10:24:48.0309201Z Get:1 file:/etc/apt/apt-mirrors.txt Mirrorlist [144 B]
Yosys shard 2/4	UNKNOWN STEP	2026-09-22T10:24:48.1349128Z Get:2 http://azure.archive.ubuntu.com/ubuntu noble/universe amd64 libjemalloc2 amd64 5.3.0-2build1 [256 kB]
Yosys shard 2/4	UNKNOWN STEP	2026-09-22T10:24:48.4091731Z Fetched 256 kB in 0s (2172 kB/s)
Yosys shard 2/4	UNKNOWN STEP	2026-09-22T10:24:48.4323378Z Selecting previously unselected package libjemalloc2:amd64.
Yosys shard 2/4	UNKNOWN STEP	2026-09-22T10:24:48.4595454Z (Reading database ... 
Yosys shard 2/4	UNKNOWN STEP	2026-09-22T10:24:48.4595863Z (Reading database ... 5%
Yosys shard 2/4	UNKNOWN STEP	2026-09-22T10:24:48.4596230Z (Reading database ... 10%
Yosys shard 2/4	UNKNOWN STEP	2026-09-22T10:24:48.4596568Z (Reading database ... 15%
Yosys shard 2/4	UNKNOWN STEP	2026-09-22T10:24:48.4596881Z (Reading database ... 20%
Yosys shard 2/4	UNKNOWN STEP	2026-09-22T10:24:48.4597356Z (Reading database ... 25%
Yosys shard 2/4	UNKNOWN STEP	2026-09-22T10:24:48.4597830Z (Reading database ... 30%
Yosys shard 2/4	UNKNOWN STEP	2026-09-22T10:24:48.4598297Z (Reading database ... 35%
Yosys shard 2/4	UNKNOWN STEP	2026-09-22T10:24:48.4598734Z (Reading database ... 40%
Yosys shard 2/4	UNKNOWN STEP	2026-09-22T10:24:48.4599199Z (Reading database ... 45%
Yosys shard 2/4	UNKNOWN STEP	2026-09-22T10:24:48.4600371Z (Reading database ... 50%
Yosys shard 2/4	UNKNOWN STEP	2026-09-22T10:24:48.4649394Z (Reading database ... 55%
Yosys shard 2/4	UNKNOWN STEP	2026-09-22T10:24:48.6132508Z (Reading database ... 60%
Yosys shard 2/4	UNKNOWN STEP	2026-09-22T10:24:48.8084160Z (Reading database ... 65%
Yosys shard 2/4	UNKNOWN STEP	2026-09-22T10:24:48.9588463Z (Reading database ... 70%
Yosys shard 2/4	UNKNOWN STEP	2026-09-22T10:24:49.1127606Z (Reading database ... 75%
Yosys shard 2/4	UNKNOWN STEP	2026-09-22T10:24:49.3178263Z (Reading database ... 80%
Yosys shard 2/4	UNKNOWN STEP	2026-09-22T10:24:49.5061144Z (Reading database ... 85%
Yosys shard 2/4	UNKNOWN STEP	2026-09-22T10:24:49.7117091Z (Reading database ... 90%
Yosys shard 2/4	UNKNOWN STEP	2026-09-22T10:24:49.8678017Z (Reading database ... 95%
Yosys shard 2/4	UNKNOWN STEP	2026-09-22T10:24:49.8678541Z (Reading database ... 100%
Yosys shard 2/4	UNKNOWN STEP	2026-09-22T10:24:49.8679137Z (Reading database ... 201818 files and directories currently installed.)
Yosys shard 2/4	UNKNOWN STEP	2026-09-22T10:24:49.8721767Z Preparing to unpack .../libjemalloc2_5.3.0-2build1_amd64.deb ...
Yosys shard 2/4	UNKNOWN STEP	2026-09-22T10:24:49.8764866Z Unpacking libjemalloc2:amd64 (5.3.0-2build1) ...
Yosys shard 2/4	UNKNOWN STEP	2026-09-22T10:24:49.9189819Z Setting up libjemalloc2:amd64 (5.3.0-2build1) ...
Yosys shard 2/4	UNKNOWN STEP	2026-09-22T10:24:49.9226324Z Processing triggers for libc-bin (2.39-0ubuntu8.8) ...
Yosys shard 2/4	UNKNOWN STEP	2026-09-22T10:24:50.6016100Z 
Yosys shard 2/4	UNKNOWN STEP	2026-09-22T10:24:50.6016976Z Running kernel seems to be up-to-date.
Yosys shard 2/4	UNKNOWN STEP	2026-09-22T10:24:50.6017392Z 
Yosys shard 2/4	UNKNOWN STEP	2026-09-22T10:24:50.6017564Z No services need to be restarted.
Yosys shard 2/4	UNKNOWN STEP	2026-09-22T10:24:50.6017873Z 
Yosys shard 2/4	UNKNOWN STEP	2026-09-22T10:24:50.6018048Z No containers need to be restarted.
Yosys shard 2/4	UNKNOWN STEP	2026-09-22T10:24:50.6018402Z 
Yosys shard 2/4	UNKNOWN STEP	2026-09-22T10:24:50.6018624Z No user sessions are running outdated binaries.
Yosys shard 2/4	UNKNOWN STEP	2026-09-22T10:24:50.6018990Z 
Yosys shard 2/4	UNKNOWN STEP	2026-09-22T10:24:50.6019626Z No VM guests are running outdated hypervisor (qemu) binaries on this host.
Yosys shard 2/4	UNKNOWN STEP	2026-09-22T10:24:51.7626531Z bundled ABC: 5d51a5e420f5de493d07bf61109a977248c86ffb
Yosys shard 2/4	UNKNOWN STEP	2026-09-22T10:24:51.7654148Z Yosys 0.66 (git sha1 86f2ddebc, g++ 13.3.0-6ubuntu2~24.04.1 -fPIC -O3)
Yosys shard 2/4	UNKNOWN STEP	2026-09-22T10:24:51.7698296Z Yosys 0.66 (git sha1 86f2ddebc, g++ 13.3.0-6ubuntu2~24.04.1 -fPIC -O3)
Yosys shard 2/4	UNKNOWN STEP	2026-09-22T10:24:51.7734895Z ##[group]Run set -euo pipefail
Yosys shard 2/4	UNKNOWN STEP	2026-09-22T10:24:51.7735233Z ^[[36;1mset -euo pipefail^[[0m
Yosys shard 2/4	UNKNOWN STEP	2026-09-22T10:24:51.7735475Z ^[[36;1mver=v0.0.12^[[0m
Yosys shard 2/4	UNKNOWN STEP	2026-09-22T10:24:51.7735842Z ^[[36;1msha256=ff8c9eea5bc029b372fb4953427625cddb7cf7e58c1240623ac9f260818d5a00^[[0m
Yosys shard 2/4	UNKNOWN STEP	2026-09-22T10:24:51.7736419Z ^[[36;1murl="https://github.com/zachjs/sv2v/releases/download/${ver}/sv2v-Linux.zip"^[[0m
Yosys shard 2/4	UNKNOWN STEP	2026-09-22T10:24:51.7736873Z ^[[36;1mcurl -fsSL "$url" -o /tmp/sv2v.zip^[[0m
Yosys shard 2/4	UNKNOWN STEP	2026-09-22T10:24:51.7737296Z ^[[36;1mecho "${sha256}  /tmp/sv2v.zip" | sha256sum -c -^[[0m
Yosys shard 2/4	UNKNOWN STEP	2026-09-22T10:24:51.7737675Z ^[[36;1munzip -q -o /tmp/sv2v.zip -d /tmp/sv2v^[[0m
Yosys shard 2/4	UNKNOWN STEP	2026-09-22T10:24:51.7738077Z ^[[36;1msudo install -m755 "$(find /tmp/sv2v -name sv2v -type f | head -1)" \^[[0m
Yosys shard 2/4	UNKNOWN STEP	2026-09-22T10:24:51.7738467Z ^[[36;1m  /usr/local/bin/sv2v^[[0m
Yosys shard 2/4	UNKNOWN STEP	2026-09-22T10:24:51.7738717Z ^[[36;1msv2v --version^[[0m
Yosys shard 2/4	UNKNOWN STEP	2026-09-22T10:24:51.7775803Z shell: /usr/bin/bash -e {0}
Yosys shard 2/4	UNKNOWN STEP	2026-09-22T10:24:51.7776065Z env:
Yosys shard 2/4	UNKNOWN STEP	2026-09-22T10:24:51.7776266Z   VERILATOR_VERSION: v5.050
Yosys shard 2/4	UNKNOWN STEP	2026-09-22T10:24:51.7776572Z   YOSYS_VERSION: v0.66
Yosys shard 2/4	UNKNOWN STEP	2026-09-22T10:24:51.7776856Z   TSN_GEN_REV: deca300c9eb4863fa13383b45ba6cb6fd0828671
Yosys shard 2/4	UNKNOWN STEP	2026-09-22T10:24:51.7777175Z ##[endgroup]
Yosys shard 2/4	UNKNOWN STEP	2026-09-22T10:24:51.9754725Z /tmp/sv2v.zip: OK
Yosys shard 2/4	UNKNOWN STEP	2026-09-22T10:24:52.0587446Z sv2v v0.0.12
Yosys shard 2/4	UNKNOWN STEP	2026-09-22T10:24:52.0803565Z Node 20 is being deprecated. This workflow is running with Node 24 by default. If you need to temporarily use Node 20, you can set the ACTIONS_ALLOW_USE_UNSECURE_NODE_VERSION=true environment variable. For more information see: https://github.blog/changelog/2025-09-19-deprecation-of-node-20-on-github-actions-runners/
Yosys shard 2/4	UNKNOWN STEP	2026-09-22T10:24:52.0805746Z ##[group]Run actions/cache@v4
Yosys shard 2/4	UNKNOWN STEP	2026-09-22T10:24:52.0806201Z with:
Yosys shard 2/4	UNKNOWN STEP	2026-09-22T10:24:52.0806640Z   path: /home/runner/work/_temp/yosys-result-cache
Yosys shard 2/4	UNKNOWN STEP	2026-09-22T10:24:52.0807394Z   key: yosys-results-v0.66-shard2-ec34fcdee0ca9ffa63564a9af8ad70a3a618de29
Yosys shard 2/4	UNKNOWN STEP	2026-09-22T10:24:52.0808302Z   restore-keys: yosys-results-v0.66-shard2-
Yosys shard 2/4	UNKNOWN STEP	2026-09-22T10:24:52.0809026Z   enableCrossOsArchive: false
Yosys shard 2/4	UNKNOWN STEP	2026-09-22T10:24:52.0809879Z   fail-on-cache-miss: false
Yosys shard 2/4	UNKNOWN STEP	2026-09-22T10:24:52.0810464Z   lookup-only: false
Yosys shard 2/4	UNKNOWN STEP	2026-09-22T10:24:52.0810937Z   save-always: false
Yosys shard 2/4	UNKNOWN STEP	2026-09-22T10:24:52.0811424Z env:
Yosys shard 2/4	UNKNOWN STEP	2026-09-22T10:24:52.0811977Z   VERILATOR_VERSION: v5.050
Yosys shard 2/4	UNKNOWN STEP	2026-09-22T10:24:52.0812917Z   YOSYS_VERSION: v0.66
Yosys shard 2/4	UNKNOWN STEP	2026-09-22T10:24:52.0813684Z   TSN_GEN_REV: deca300c9eb4863fa13383b45ba6cb6fd0828671
Yosys shard 2/4	UNKNOWN STEP	2026-09-22T10:24:52.0814431Z ##[endgroup]
Yosys shard 2/4	UNKNOWN STEP	2026-09-22T10:24:52.1928877Z (node:2819) [DEP0040] DeprecationWarning: The `punycode` module is deprecated. Please use a userland alternative instead.
Yosys shard 2/4	UNKNOWN STEP	2026-09-22T10:24:52.1930726Z (Use `node --trace-deprecation ...` to show where the warning was created)
Yosys shard 2/4	UNKNOWN STEP	2026-09-22T10:24:52.2734528Z Cache hit for restore-key: yosys-results-v0.66-shard2-b17580b91deb11f3441dfc5d7f9fafe539d929b8
Yosys shard 2/4	UNKNOWN STEP	2026-09-22T10:24:52.2839065Z (node:2819) [DEP0169] DeprecationWarning: `url.parse()` behavior is not standardized and prone to errors that have security implications. Use the WHATWG URL API instead. CVEs are not issued for `url.parse()` vulnerabilities.
Yosys shard 2/4	UNKNOWN STEP	2026-09-22T10:24:52.3828570Z Received 22229 of 22229 (100.0%), 0.4 MBs/sec
Yosys shard 2/4	UNKNOWN STEP	2026-09-22T10:24:52.3829704Z Cache Size: ~0 MB (22229 B)
Yosys shard 2/4	UNKNOWN STEP	2026-09-22T10:24:52.3866182Z [command]/usr/bin/tar -xf /home/runner/work/_temp/b98d2313-2ec5-4db6-aa3a-167d84f8029a/cache.tzst -P -C /home/runner/work/milan-fpga/milan-fpga --use-compress-program unzstd
Yosys shard 2/4	UNKNOWN STEP	2026-09-22T10:24:52.3995736Z Cache restored successfully
Yosys shard 2/4	UNKNOWN STEP	2026-09-22T10:24:52.4078614Z Cache restored from key: yosys-results-v0.66-shard2-b17580b91deb11f3441dfc5d7f9fafe539d929b8
Yosys shard 2/4	UNKNOWN STEP	2026-09-22T10:24:52.4185841Z ##[group]Run syn/yosys/run.sh --shard "2/4" \
Yosys shard 2/4	UNKNOWN STEP	2026-09-22T10:24:52.4186229Z ^[[36;1msyn/yosys/run.sh --shard "2/4" \^[[0m
Yosys shard 2/4	UNKNOWN STEP	2026-09-22T10:24:52.4186564Z ^[[36;1m  --results "$RUNNER_TEMP/yosys-results" \^[[0m
Yosys shard 2/4	UNKNOWN STEP	2026-09-22T10:24:52.4186934Z ^[[36;1m  --cache "$RUNNER_TEMP/yosys-result-cache"^[[0m
Yosys shard 2/4	UNKNOWN STEP	2026-09-22T10:24:52.4222389Z shell: /usr/bin/bash -e {0}
Yosys shard 2/4	UNKNOWN STEP	2026-09-22T10:24:52.4222661Z env:
Yosys shard 2/4	UNKNOWN STEP	2026-09-22T10:24:52.4222881Z   VERILATOR_VERSION: v5.050
Yosys shard 2/4	UNKNOWN STEP	2026-09-22T10:24:52.4223131Z   YOSYS_VERSION: v0.66
Yosys shard 2/4	UNKNOWN STEP	2026-09-22T10:24:52.4223422Z   TSN_GEN_REV: deca300c9eb4863fa13383b45ba6cb6fd0828671
Yosys shard 2/4	UNKNOWN STEP	2026-09-22T10:24:52.4223742Z ##[endgroup]
Yosys shard 2/4	UNKNOWN STEP	2026-09-22T10:24:52.8340000Z == Yosys open-synthesis check (synth, via sv2v; shard 2/4) ==
Yosys shard 2/4	UNKNOWN STEP	2026-09-22T10:24:52.8340602Z    yosys allocator: /lib/x86_64-linux-gnu/libjemalloc.so.2
Yosys shard 2/4	UNKNOWN STEP	2026-09-22T10:24:52.9261275Z   [PASS] tcam                   cells=4911  (result cache)
Yosys shard 2/4	UNKNOWN STEP	2026-09-22T10:24:53.0082522Z   [PASS] cdc_pulse              cells=6  (result cache)
Yosys shard 2/4	UNKNOWN STEP	2026-09-22T10:24:53.1019925Z   [PASS] adp_tx_arbiter         cells=238  (result cache)
Yosys shard 2/4	UNKNOWN STEP	2026-09-22T10:24:53.3219082Z   [PASS] KL_gptp_txret          cells=3350  (result cache)
Yosys shard 2/4	UNKNOWN STEP	2026-09-22T10:24:53.9763514Z   [PASS] KL_gptp_shadow         cells=206752  (result cache)
Yosys shard 2/4	UNKNOWN STEP	2026-09-22T10:24:54.0875304Z   [PASS] KL_avtp_rx_monitor     cells=1843  (result cache)
Yosys shard 2/4	UNKNOWN STEP	2026-09-22T10:24:54.1804590Z   [PASS] KL_stream_table        cells=209  (result cache)
Yosys shard 2/4	UNKNOWN STEP	2026-09-22T10:24:54.2752829Z   [PASS] KL_pcm_route           cells=12  (result cache)
Yosys shard 2/4	UNKNOWN STEP	2026-09-22T10:24:54.3744003Z   [PASS] KL_aaf_capture_i2s     cells=1222  (result cache)
Yosys shard 2/4	UNKNOWN STEP	2026-09-22T10:24:54.5608032Z   [PASS] KL_aes3_rx             cells=2696  (result cache)
Yosys shard 2/4	UNKNOWN STEP	2026-09-22T10:24:54.7700775Z   [PASS] KL_aaf_packetizer      cells=18522  (result cache)
Yosys shard 2/4	UNKNOWN STEP	2026-09-22T10:24:54.9146751Z   [PASS] KL_crf_rx              cells=30104  (result cache)
Yosys shard 2/4	UNKNOWN STEP	2026-09-22T10:24:55.0067721Z   [PASS] KL_media_nco           cells=536  (result cache)
Yosys shard 2/4	UNKNOWN STEP	2026-09-22T10:24:55.1730422Z   [PASS] KL_maap                cells=2319  (result cache)
Yosys shard 2/4	UNKNOWN STEP	2026-09-22T10:24:55.3594179Z   [PASS] KL_i2s_playback        cells=81509  (result cache)
Yosys shard 2/4	UNKNOWN STEP	2026-09-22T10:24:55.4406647Z   [PASS] KL_i2s_feed_mux        cells=221  (result cache)
Yosys shard 2/4	UNKNOWN STEP	2026-09-22T10:24:55.5871445Z   [PASS] KL_tdm_capture_master  cells=1208  (result cache)
Yosys shard 2/4	UNKNOWN STEP	2026-09-22T10:24:55.7104986Z   [PASS] KL_chan_map_render     cells=11155  (result cache)
Yosys shard 2/4	UNKNOWN STEP	2026-09-22T10:24:55.9288659Z   [PASS] KL_aaf_rx_depacketizer cells=60849  (result cache)
Yosys shard 2/4	UNKNOWN STEP	2026-09-22T10:24:56.0312502Z   [PASS] KL_ptp_clock_validity  cells=206  (result cache)
Yosys shard 2/4	UNKNOWN STEP	2026-09-22T10:24:56.1664915Z   [PASS] ptp_csr_sync           cells=413  (result cache)
Yosys shard 2/4	UNKNOWN STEP	2026-09-22T10:24:56.2593112Z   [PASS] ethernet_events        cells=1161  (result cache)
Yosys shard 2/4	UNKNOWN STEP	2026-09-22T10:24:56.3596118Z   [PASS] KL_mac_rmon_events     cells=449  (result cache)
Yosys shard 2/4	UNKNOWN STEP	2026-09-22T10:24:56.6272111Z   [PASS] queues_wrap            cells=10315  (result cache)
Yosys shard 2/4	UNKNOWN STEP	2026-09-22T10:24:56.8041408Z   [PASS] axis_fifo              cells=133594  (result cache)
Yosys shard 2/4	UNKNOWN STEP	2026-09-22T10:24:56.9267170Z   [PASS] axis_demux             cells=96  (result cache)
Yosys shard 2/4	UNKNOWN STEP	2026-09-22T10:24:56.9287119Z --------------------------------------------------------------
Yosys shard 2/4	UNKNOWN STEP	2026-09-22T10:24:56.9287823Z tops: 26   pass: 26   fail: 0
Yosys shard 2/4	UNKNOWN STEP	2026-09-22T10:24:56.9293332Z RESULT: PASS
Yosys shard 2/4	UNKNOWN STEP	2026-09-22T10:24:56.9293752Z structural checks: skipped in this worker
Yosys shard 2/4	UNKNOWN STEP	2026-09-22T10:24:56.9378241Z Node 20 is being deprecated. This workflow is running with Node 24 by default. If you need to temporarily use Node 20, you can set the ACTIONS_ALLOW_USE_UNSECURE_NODE_VERSION=true environment variable. For more information see: https://github.blog/changelog/2025-09-19-deprecation-of-node-20-on-github-actions-runners/
Yosys shard 2/4	UNKNOWN STEP	2026-09-22T10:24:56.9379897Z ##[group]Run actions/upload-artifact@v4
Yosys shard 2/4	UNKNOWN STEP	2026-09-22T10:24:56.9380194Z with:
Yosys shard 2/4	UNKNOWN STEP	2026-09-22T10:24:56.9380397Z   name: yosys-results-2
Yosys shard 2/4	UNKNOWN STEP	2026-09-22T10:24:56.9380675Z   path: /home/runner/work/_temp/yosys-results
Yosys shard 2/4	UNKNOWN STEP	2026-09-22T10:24:56.9380981Z   if-no-files-found: error
Yosys shard 2/4	UNKNOWN STEP	2026-09-22T10:24:56.9381215Z   retention-days: 3
Yosys shard 2/4	UNKNOWN STEP	2026-09-22T10:24:56.9381447Z   compression-level: 6
Yosys shard 2/4	UNKNOWN STEP	2026-09-22T10:24:56.9381666Z   overwrite: false
Yosys shard 2/4	UNKNOWN STEP	2026-09-22T10:24:56.9381883Z   include-hidden-files: false
Yosys shard 2/4	UNKNOWN STEP	2026-09-22T10:24:56.9382126Z env:
Yosys shard 2/4	UNKNOWN STEP	2026-09-22T10:24:56.9382316Z   VERILATOR_VERSION: v5.050
Yosys shard 2/4	UNKNOWN STEP	2026-09-22T10:24:56.9382549Z   YOSYS_VERSION: v0.66
Yosys shard 2/4	UNKNOWN STEP	2026-09-22T10:24:56.9382847Z   TSN_GEN_REV: deca300c9eb4863fa13383b45ba6cb6fd0828671
Yosys shard 2/4	UNKNOWN STEP	2026-09-22T10:24:56.9383156Z ##[endgroup]
Yosys shard 2/4	UNKNOWN STEP	2026-09-22T10:24:57.1108937Z (node:3302) [DEP0040] DeprecationWarning: The `punycode` module is deprecated. Please use a userland alternative instead.
Yosys shard 2/4	UNKNOWN STEP	2026-09-22T10:24:57.1110120Z (Use `node --trace-deprecation ...` to show where the warning was created)
Yosys shard 2/4	UNKNOWN STEP	2026-09-22T10:24:57.1230024Z With the provided path, there will be 27 files uploaded
Yosys shard 2/4	UNKNOWN STEP	2026-09-22T10:24:57.1236886Z Artifact name is valid!
Yosys shard 2/4	UNKNOWN STEP	2026-09-22T10:24:57.1237707Z Root directory input is valid!
Yosys shard 2/4	UNKNOWN STEP	2026-09-22T10:24:57.3216823Z Beginning upload of artifact content to blob storage
Yosys shard 2/4	UNKNOWN STEP	2026-09-22T10:24:57.3702340Z (node:3302) [DEP0169] DeprecationWarning: `url.parse()` behavior is not standardized and prone to errors that have security implications. Use the WHATWG URL API instead. CVEs are not issued for `url.parse()` vulnerabilities.
Yosys shard 2/4	UNKNOWN STEP	2026-09-22T10:24:57.4108157Z Uploaded bytes 5764
Yosys shard 2/4	UNKNOWN STEP	2026-09-22T10:24:57.4303746Z Finished uploading artifact content to blob storage!
Yosys shard 2/4	UNKNOWN STEP	2026-09-22T10:24:57.4305211Z SHA256 digest of uploaded artifact zip is 09966da795b9023ca84a203fddfb48e4244aea4db22ff2bfba7d4209b7422705
Yosys shard 2/4	UNKNOWN STEP	2026-09-22T10:24:57.4306663Z Finalizing artifact upload
Yosys shard 2/4	UNKNOWN STEP	2026-09-22T10:24:57.6074304Z Artifact yosys-results-2.zip successfully finalized. Artifact ID 10688744776
Yosys shard 2/4	UNKNOWN STEP	2026-09-22T10:24:57.6075649Z Artifact yosys-results-2 has been successfully uploaded! Final size is 5764 bytes. Artifact ID is 10688744776
Yosys shard 2/4	UNKNOWN STEP	2026-09-22T10:24:57.6082111Z Artifact download URL: https://github.com/kebag-logic/milan-fpga/actions/runs/35715778753/artifacts/10688744776
Yosys shard 2/4	UNKNOWN STEP	2026-09-22T10:24:57.6258326Z Node 20 is being deprecated. This workflow is running with Node 24 by default. If you need to temporarily use Node 20, you can set the ACTIONS_ALLOW_USE_UNSECURE_NODE_VERSION=true environment variable. For more information see: https://github.blog/changelog/2025-09-19-deprecation-of-node-20-on-github-actions-runners/
Yosys shard 2/4	UNKNOWN STEP	2026-09-22T10:24:57.6259962Z Post job cleanup.
Yosys shard 2/4	UNKNOWN STEP	2026-09-22T10:24:57.7429094Z (node:3315) [DEP0040] DeprecationWarning: The `punycode` module is deprecated. Please use a userland alternative instead.
Yosys shard 2/4	UNKNOWN STEP	2026-09-22T10:24:57.7430373Z (Use `node --trace-deprecation ...` to show where the warning was created)
Yosys shard 2/4	UNKNOWN STEP	2026-09-22T10:24:57.7620936Z [command]/usr/bin/tar --posix -cf cache.tzst --exclude cache.tzst -P -C /home/runner/work/milan-fpga/milan-fpga --files-from manifest.txt --use-compress-program zstdmt
Yosys shard 2/4	UNKNOWN STEP	2026-09-22T10:24:57.8903600Z (node:3315) [DEP0169] DeprecationWarning: `url.parse()` behavior is not standardized and prone to errors that have security implications. Use the WHATWG URL API instead. CVEs are not issued for `url.parse()` vulnerabilities.
Yosys shard 2/4	UNKNOWN STEP	2026-09-22T10:24:57.9433073Z Sent 22213 of 22213 (100.0%), 0.3 MBs/sec
Yosys shard 2/4	UNKNOWN STEP	2026-09-22T10:24:58.0307698Z Cache saved with key: yosys-results-v0.66-shard2-ec34fcdee0ca9ffa63564a9af8ad70a3a618de29
Yosys shard 2/4	UNKNOWN STEP	2026-09-22T10:24:58.0515249Z Node 20 is being deprecated. This workflow is running with Node 24 by default. If you need to temporarily use Node 20, you can set the ACTIONS_ALLOW_USE_UNSECURE_NODE_VERSION=true environment variable. For more information see: https://github.blog/changelog/2025-09-19-deprecation-of-node-20-on-github-actions-runners/
Yosys shard 2/4	UNKNOWN STEP	2026-09-22T10:24:58.0517585Z Post job cleanup.
Yosys shard 2/4	UNKNOWN STEP	2026-09-22T10:24:58.1663550Z Cache hit occurred on the primary key yosys-v0.66-Linux, not saving cache.
Yosys shard 2/4	UNKNOWN STEP	2026-09-22T10:24:58.1665555Z (node:3335) [DEP0040] DeprecationWarning: The `punycode` module is deprecated. Please use a userland alternative instead.
Yosys shard 2/4	UNKNOWN STEP	2026-09-22T10:24:58.1666441Z (Use `node --trace-deprecation ...` to show where the warning was created)
Yosys shard 2/4	UNKNOWN STEP	2026-09-22T10:24:58.1798683Z Node 20 is being deprecated. This workflow is running with Node 24 by default. If you need to temporarily use Node 20, you can set the ACTIONS_ALLOW_USE_UNSECURE_NODE_VERSION=true environment variable. For more information see: https://github.blog/changelog/2025-09-19-deprecation-of-node-20-on-github-actions-runners/
Yosys shard 2/4	UNKNOWN STEP	2026-09-22T10:24:58.1800352Z Post job cleanup.
Yosys shard 2/4	UNKNOWN STEP	2026-09-22T10:24:58.2729752Z [command]/usr/bin/git version
Yosys shard 2/4	UNKNOWN STEP	2026-09-22T10:24:58.2791152Z git version 2.55.0
Yosys shard 2/4	UNKNOWN STEP	2026-09-22T10:24:58.2828121Z Temporarily overriding HOME='/home/runner/work/_temp/41ac6d39-1d4b-4034-9740-85ace95ab8f1' before making global git config changes
Yosys shard 2/4	UNKNOWN STEP	2026-09-22T10:24:58.2830362Z Adding repository directory to the temporary git global config as a safe directory
Yosys shard 2/4	UNKNOWN STEP	2026-09-22T10:24:58.2838063Z [command]/usr/bin/git config --global --add safe.directory /home/runner/work/milan-fpga/milan-fpga
Yosys shard 2/4	UNKNOWN STEP	2026-09-22T10:24:58.2890688Z [command]/usr/bin/git config --local --name-only --get-regexp core\.sshCommand
Yosys shard 2/4	UNKNOWN STEP	2026-09-22T10:24:58.2936822Z [command]/usr/bin/git submodule foreach --recursive sh -c "git config --local --name-only --get-regexp 'core\.sshCommand' && git config --local --unset-all 'core.sshCommand' || :"
Yosys shard 2/4	UNKNOWN STEP	2026-09-22T10:24:58.3185214Z Entering 'gptp-processor'
Yosys shard 2/4	UNKNOWN STEP	2026-09-22T10:24:58.3238997Z Entering 'protocol-processor'
Yosys shard 2/4	UNKNOWN STEP	2026-09-22T10:24:58.3291156Z Entering 'third_party/verilog-axis'
Yosys shard 2/4	UNKNOWN STEP	2026-09-22T10:24:58.3355551Z [command]/usr/bin/git config --local --name-only --get-regexp http\.https\:\/\/github\.com\/\.extraheader
Yosys shard 2/4	UNKNOWN STEP	2026-09-22T10:24:58.3390374Z http.https://github.com/.extraheader
Yosys shard 2/4	UNKNOWN STEP	2026-09-22T10:24:58.3411169Z [command]/usr/bin/git config --local --unset-all http.https://github.com/.extraheader
Yosys shard 2/4	UNKNOWN STEP	2026-09-22T10:24:58.3448705Z [command]/usr/bin/git submodule foreach --recursive sh -c "git config --local --name-only --get-regexp 'http\.https\:\/\/github\.com\/\.extraheader' && git config --local --unset-all 'http.https://github.com/.extraheader' || :"
Yosys shard 2/4	UNKNOWN STEP	2026-09-22T10:24:58.3694592Z Entering 'gptp-processor'
Yosys shard 2/4	UNKNOWN STEP	2026-09-22T10:24:58.3740057Z Entering 'protocol-processor'
Yosys shard 2/4	UNKNOWN STEP	2026-09-22T10:24:58.3790279Z Entering 'third_party/verilog-axis'
Yosys shard 2/4	UNKNOWN STEP	2026-09-22T10:24:58.3854838Z [command]/usr/bin/git config --local --name-only --get-regexp ^includeIf\.gitdir:
Yosys shard 2/4	UNKNOWN STEP	2026-09-22T10:24:58.3898208Z [command]/usr/bin/git submodule foreach --recursive git config --local --show-origin --name-only --get-regexp remote.origin.url
Yosys shard 2/4	UNKNOWN STEP	2026-09-22T10:24:58.4131953Z Entering 'gptp-processor'
Yosys shard 2/4	UNKNOWN STEP	2026-09-22T10:24:58.4152437Z file:/home/runner/work/milan-fpga/milan-fpga/.git/modules/gptp-processor/config	remote.origin.url
Yosys shard 2/4	UNKNOWN STEP	2026-09-22T10:24:58.4171114Z Entering 'protocol-processor'
Yosys shard 2/4	UNKNOWN STEP	2026-09-22T10:24:58.4190645Z file:/home/runner/work/milan-fpga/milan-fpga/.git/modules/protocol-processor/config	remote.origin.url
Yosys shard 2/4	UNKNOWN STEP	2026-09-22T10:24:58.4209053Z Entering 'third_party/verilog-axis'
Yosys shard 2/4	UNKNOWN STEP	2026-09-22T10:24:58.4228369Z file:/home/runner/work/milan-fpga/milan-fpga/.git/modules/third_party/verilog-axis/config	remote.origin.url
Yosys shard 2/4	UNKNOWN STEP	2026-09-22T10:24:58.4265980Z [command]/usr/bin/git config --file /home/runner/work/milan-fpga/milan-fpga/.git/modules/gptp-processor/config --name-only --get-regexp ^includeIf\.gitdir:
Yosys shard 2/4	UNKNOWN STEP	2026-09-22T10:24:58.4306272Z [command]/usr/bin/git config --file /home/runner/work/milan-fpga/milan-fpga/.git/modules/protocol-processor/config --name-only --get-regexp ^includeIf\.gitdir:
Yosys shard 2/4	UNKNOWN STEP	2026-09-22T10:24:58.4341593Z [command]/usr/bin/git config --file /home/runner/work/milan-fpga/milan-fpga/.git/modules/third_party/verilog-axis/config --name-only --get-regexp ^includeIf\.gitdir:
Yosys shard 2/4	UNKNOWN STEP	2026-09-22T10:24:58.4511528Z Cleaning up orphan processes
Yosys shard 2/4	UNKNOWN STEP	2026-09-22T10:24:58.4871295Z ##[warning]Node.js 20 is deprecated. The following actions target Node.js 20 but are being forced to run on Node.js 24: actions/cache@v4, actions/checkout@v4, actions/upload-artifact@v4. For more information see: https://github.blog/changelog/2025-09-19-deprecation-of-node-20-on-github-actions-runners/
Verilator shard 3/5	UNKNOWN STEP	﻿2026-09-22T10:24:37.0051579Z Current runner version: '2.337.0'
Verilator shard 3/5	UNKNOWN STEP	2026-09-22T10:24:37.0069726Z ##[group]Runner Image Provisioner
Verilator shard 3/5	UNKNOWN STEP	2026-09-22T10:24:37.0070296Z Hosted Compute Agent
Verilator shard 3/5	UNKNOWN STEP	2026-09-22T10:24:37.0070715Z Version: 20260828.587
Verilator shard 3/5	UNKNOWN STEP	2026-09-22T10:24:37.0071100Z Commit: abac92662cab4cc7352de4f9f9d2e2419aad9c29
Verilator shard 3/5	UNKNOWN STEP	2026-09-22T10:24:37.0071529Z Build Date: 2026-08-28T16:44:25Z
Verilator shard 3/5	UNKNOWN STEP	2026-09-22T10:24:37.0071998Z Worker ID: {0459a968-cec9-4441-9007-54b40c47ef4e}
Verilator shard 3/5	UNKNOWN STEP	2026-09-22T10:24:37.0072450Z Azure Region: centralus
Verilator shard 3/5	UNKNOWN STEP	2026-09-22T10:24:37.0072982Z ##[endgroup]
Verilator shard 3/5	UNKNOWN STEP	2026-09-22T10:24:37.0073835Z ##[group]Operating System
Verilator shard 3/5	UNKNOWN STEP	2026-09-22T10:24:37.0074193Z Ubuntu
Verilator shard 3/5	UNKNOWN STEP	2026-09-22T10:24:37.0074567Z 24.04.5
Verilator shard 3/5	UNKNOWN STEP	2026-09-22T10:24:37.0074913Z LTS
Verilator shard 3/5	UNKNOWN STEP	2026-09-22T10:24:37.0075256Z ##[endgroup]
Verilator shard 3/5	UNKNOWN STEP	2026-09-22T10:24:37.0075604Z ##[group]Runner Image
Verilator shard 3/5	UNKNOWN STEP	2026-09-22T10:24:37.0075978Z Image: ubuntu-24.04
Verilator shard 3/5	UNKNOWN STEP	2026-09-22T10:24:37.0076361Z Version: 20260920.314.1
Verilator shard 3/5	UNKNOWN STEP	2026-09-22T10:24:37.0077144Z Included Software: https://github.com/actions/runner-images/blob/ubuntu24/20260920.314/images/ubuntu/Ubuntu2404-Readme.md
Verilator shard 3/5	UNKNOWN STEP	2026-09-22T10:24:37.0078045Z Image Release: https://github.com/actions/runner-images/releases/tag/ubuntu24%2F20260920.314
Verilator shard 3/5	UNKNOWN STEP	2026-09-22T10:24:37.0078607Z ##[endgroup]
Verilator shard 3/5	UNKNOWN STEP	2026-09-22T10:24:37.0079388Z ##[group]GITHUB_TOKEN Permissions
Verilator shard 3/5	UNKNOWN STEP	2026-09-22T10:24:37.0080754Z Contents: read
Verilator shard 3/5	UNKNOWN STEP	2026-09-22T10:24:37.0081155Z Metadata: read
Verilator shard 3/5	UNKNOWN STEP	2026-09-22T10:24:37.0081498Z Packages: read
Verilator shard 3/5	UNKNOWN STEP	2026-09-22T10:24:37.0081893Z ##[endgroup]
Verilator shard 3/5	UNKNOWN STEP	2026-09-22T10:24:37.0083614Z Secret source: Actions
Verilator shard 3/5	UNKNOWN STEP	2026-09-22T10:24:37.0084148Z Cache mode: write
Verilator shard 3/5	UNKNOWN STEP	2026-09-22T10:24:37.0084654Z Prepare workflow directory
Verilator shard 3/5	UNKNOWN STEP	2026-09-22T10:24:37.0331195Z Prepare all required actions
Verilator shard 3/5	UNKNOWN STEP	2026-09-22T10:24:37.0364625Z Getting action download info
Verilator shard 3/5	UNKNOWN STEP	2026-09-22T10:24:37.2721085Z Download action repository 'actions/checkout@v4' (SHA:11d5960a326750d5838078e36cf38b85af677262)
Verilator shard 3/5	UNKNOWN STEP	2026-09-22T10:24:37.3635678Z Download action repository 'actions/cache@v4' (SHA:0057852bfaa89a56745cba8c7296529d2fc39830)
Verilator shard 3/5	UNKNOWN STEP	2026-09-22T10:24:37.5335383Z Download action repository 'actions/upload-artifact@v4' (SHA:ea165f8d65b6e75b540449e92b4886f43607fa02)
Verilator shard 3/5	UNKNOWN STEP	2026-09-22T10:24:37.7614509Z Complete job name: Verilator shard 3/5
Verilator shard 3/5	UNKNOWN STEP	2026-09-22T10:24:37.8079771Z Node 20 is being deprecated. This workflow is running with Node 24 by default. If you need to temporarily use Node 20, you can set the ACTIONS_ALLOW_USE_UNSECURE_NODE_VERSION=true environment variable. For more information see: https://github.blog/changelog/2025-09-19-deprecation-of-node-20-on-github-actions-runners/
Verilator shard 3/5	UNKNOWN STEP	2026-09-22T10:24:37.8084966Z ##[group]Run actions/checkout@v4
Verilator shard 3/5	UNKNOWN STEP	2026-09-22T10:24:37.8085312Z with:
Verilator shard 3/5	UNKNOWN STEP	2026-09-22T10:24:37.8085548Z   repository: kebag-logic/milan-fpga
Verilator shard 3/5	UNKNOWN STEP	2026-09-22T10:24:37.8087900Z   token: ***
Verilator shard 3/5	UNKNOWN STEP	2026-09-22T10:24:37.8088129Z   ssh-strict: true
Verilator shard 3/5	UNKNOWN STEP	2026-09-22T10:24:37.8088363Z   ssh-user: git
Verilator shard 3/5	UNKNOWN STEP	2026-09-22T10:24:37.8088606Z   persist-credentials: true
Verilator shard 3/5	UNKNOWN STEP	2026-09-22T10:24:37.8088872Z   clean: true
Verilator shard 3/5	UNKNOWN STEP	2026-09-22T10:24:37.8089117Z   sparse-checkout-cone-mode: true
Verilator shard 3/5	UNKNOWN STEP	2026-09-22T10:24:37.8089398Z   fetch-depth: 1
Verilator shard 3/5	UNKNOWN STEP	2026-09-22T10:24:37.8089627Z   fetch-tags: false
Verilator shard 3/5	UNKNOWN STEP	2026-09-22T10:24:37.8089865Z   show-progress: true
Verilator shard 3/5	UNKNOWN STEP	2026-09-22T10:24:37.8090120Z   lfs: false
Verilator shard 3/5	UNKNOWN STEP	2026-09-22T10:24:37.8090359Z   submodules: false
Verilator shard 3/5	UNKNOWN STEP	2026-09-22T10:24:37.8090600Z   set-safe-directory: true
Verilator shard 3/5	UNKNOWN STEP	2026-09-22T10:24:37.8090874Z   allow-unsafe-pr-checkout: false
Verilator shard 3/5	UNKNOWN STEP	2026-09-22T10:24:37.8091208Z env:
Verilator shard 3/5	UNKNOWN STEP	2026-09-22T10:24:37.8091430Z   VERILATOR_VERSION: v5.050
Verilator shard 3/5	UNKNOWN STEP	2026-09-22T10:24:37.8091691Z   YOSYS_VERSION: v0.66
Verilator shard 3/5	UNKNOWN STEP	2026-09-22T10:24:37.8091978Z   TSN_GEN_REV: deca300c9eb4863fa13383b45ba6cb6fd0828671
Verilator shard 3/5	UNKNOWN STEP	2026-09-22T10:24:37.8092309Z ##[endgroup]
Verilator shard 3/5	UNKNOWN STEP	2026-09-22T10:24:37.8741592Z Syncing repository: kebag-logic/milan-fpga
Verilator shard 3/5	UNKNOWN STEP	2026-09-22T10:24:37.8742658Z ##[group]Getting Git version info
Verilator shard 3/5	UNKNOWN STEP	2026-09-22T10:24:37.8743345Z Working directory is '/home/runner/work/milan-fpga/milan-fpga'
Verilator shard 3/5	UNKNOWN STEP	2026-09-22T10:24:37.8743905Z [command]/usr/bin/git version
Verilator shard 3/5	UNKNOWN STEP	2026-09-22T10:24:37.8818655Z git version 2.55.0
Verilator shard 3/5	UNKNOWN STEP	2026-09-22T10:24:37.8833587Z ##[endgroup]
Verilator shard 3/5	UNKNOWN STEP	2026-09-22T10:24:37.8844447Z Temporarily overriding HOME='/home/runner/work/_temp/f6ae71b3-dc90-45ad-a9f9-5779ff6f1483' before making global git config changes
Verilator shard 3/5	UNKNOWN STEP	2026-09-22T10:24:37.8848135Z Adding repository directory to the temporary git global config as a safe directory
Verilator shard 3/5	UNKNOWN STEP	2026-09-22T10:24:37.8849138Z [command]/usr/bin/git config --global --add safe.directory /home/runner/work/milan-fpga/milan-fpga
Verilator shard 3/5	UNKNOWN STEP	2026-09-22T10:24:37.8893709Z Deleting the contents of '/home/runner/work/milan-fpga/milan-fpga'
Verilator shard 3/5	UNKNOWN STEP	2026-09-22T10:24:37.8896243Z ##[group]Initializing the repository
Verilator shard 3/5	UNKNOWN STEP	2026-09-22T10:24:37.8898900Z [command]/usr/bin/git init /home/runner/work/milan-fpga/milan-fpga
Verilator shard 3/5	UNKNOWN STEP	2026-09-22T10:24:37.9012722Z hint: Using 'master' as the name for the initial branch. This default branch name
Verilator shard 3/5	UNKNOWN STEP	2026-09-22T10:24:37.9013800Z hint: will change to "main" in Git 3.0. To configure the initial branch name
Verilator shard 3/5	UNKNOWN STEP	2026-09-22T10:24:37.9018532Z hint: to use in all of your new repositories, which will suppress this warning,
Verilator shard 3/5	UNKNOWN STEP	2026-09-22T10:24:37.9019725Z hint: call:
Verilator shard 3/5	UNKNOWN STEP	2026-09-22T10:24:37.9020148Z hint:
Verilator shard 3/5	UNKNOWN STEP	2026-09-22T10:24:37.9020610Z hint: 	git config --global init.defaultBranch <name>
Verilator shard 3/5	UNKNOWN STEP	2026-09-22T10:24:37.9021148Z hint:
Verilator shard 3/5	UNKNOWN STEP	2026-09-22T10:24:37.9021711Z hint: Names commonly chosen instead of 'master' are 'main', 'trunk' and
Verilator shard 3/5	UNKNOWN STEP	2026-09-22T10:24:37.9022526Z hint: 'development'. The just-created branch can be renamed via this command:
Verilator shard 3/5	UNKNOWN STEP	2026-09-22T10:24:37.9023283Z hint:
Verilator shard 3/5	UNKNOWN STEP	2026-09-22T10:24:37.9023674Z hint: 	git branch -m <name>
Verilator shard 3/5	UNKNOWN STEP	2026-09-22T10:24:37.9024080Z hint:
Verilator shard 3/5	UNKNOWN STEP	2026-09-22T10:24:37.9024640Z hint: Disable this message with "git config set advice.defaultBranchName false"
Verilator shard 3/5	UNKNOWN STEP	2026-09-22T10:24:37.9025540Z Initialized empty Git repository in /home/runner/work/milan-fpga/milan-fpga/.git/
Verilator shard 3/5	UNKNOWN STEP	2026-09-22T10:24:37.9027122Z [command]/usr/bin/git remote add origin https://github.com/kebag-logic/milan-fpga
Verilator shard 3/5	UNKNOWN STEP	2026-09-22T10:24:37.9074466Z ##[endgroup]
Verilator shard 3/5	UNKNOWN STEP	2026-09-22T10:24:37.9075173Z ##[group]Disabling automatic garbage collection
Verilator shard 3/5	UNKNOWN STEP	2026-09-22T10:24:37.9077664Z [command]/usr/bin/git config --local gc.auto 0
Verilator shard 3/5	UNKNOWN STEP	2026-09-22T10:24:37.9108061Z ##[endgroup]
Verilator shard 3/5	UNKNOWN STEP	2026-09-22T10:24:37.9108680Z ##[group]Setting up auth
Verilator shard 3/5	UNKNOWN STEP	2026-09-22T10:24:37.9113313Z [command]/usr/bin/git config --local --name-only --get-regexp core\.sshCommand
Verilator shard 3/5	UNKNOWN STEP	2026-09-22T10:24:37.9166895Z [command]/usr/bin/git submodule foreach --recursive sh -c "git config --local --name-only --get-regexp 'core\.sshCommand' && git config --local --unset-all 'core.sshCommand' || :"
Verilator shard 3/5	UNKNOWN STEP	2026-09-22T10:24:37.9449230Z [command]/usr/bin/git config --local --name-only --get-regexp http\.https\:\/\/github\.com\/\.extraheader
Verilator shard 3/5	UNKNOWN STEP	2026-09-22T10:24:37.9478973Z [command]/usr/bin/git submodule foreach --recursive sh -c "git config --local --name-only --get-regexp 'http\.https\:\/\/github\.com\/\.extraheader' && git config --local --unset-all 'http.https://github.com/.extraheader' || :"
Verilator shard 3/5	UNKNOWN STEP	2026-09-22T10:24:37.9657006Z [command]/usr/bin/git config --local --name-only --get-regexp ^includeIf\.gitdir:
Verilator shard 3/5	UNKNOWN STEP	2026-09-22T10:24:37.9686492Z [command]/usr/bin/git submodule foreach --recursive git config --local --show-origin --name-only --get-regexp remote.origin.url
Verilator shard 3/5	UNKNOWN STEP	2026-09-22T10:24:37.9869489Z [command]/usr/bin/git config --local http.https://github.com/.extraheader AUTHORIZATION: basic ***
Verilator shard 3/5	UNKNOWN STEP	2026-09-22T10:24:38.1120837Z ##[endgroup]
Verilator shard 3/5	UNKNOWN STEP	2026-09-22T10:24:38.1121986Z ##[group]Fetching the repository
Verilator shard 3/5	UNKNOWN STEP	2026-09-22T10:24:38.1124252Z [command]/usr/bin/git -c protocol.version=2 fetch --no-tags --prune --no-recurse-submodules --depth=1 origin +ec34fcdee0ca9ffa63564a9af8ad70a3a618de29:refs/remotes/origin/dev
Verilator shard 3/5	UNKNOWN STEP	2026-09-22T10:24:39.1031541Z From https://github.com/kebag-logic/milan-fpga
Verilator shard 3/5	UNKNOWN STEP	2026-09-22T10:24:39.1033382Z  * [new ref]         ec34fcdee0ca9ffa63564a9af8ad70a3a618de29 -> origin/dev
Verilator shard 3/5	UNKNOWN STEP	2026-09-22T10:24:39.1036893Z ##[endgroup]
Verilator shard 3/5	UNKNOWN STEP	2026-09-22T10:24:39.1037886Z ##[group]Determining the checkout info
Verilator shard 3/5	UNKNOWN STEP	2026-09-22T10:24:39.1038992Z ##[endgroup]
Verilator shard 3/5	UNKNOWN STEP	2026-09-22T10:24:39.1041868Z [command]/usr/bin/git sparse-checkout disable
Verilator shard 3/5	UNKNOWN STEP	2026-09-22T10:24:39.1863988Z [command]/usr/bin/git config --local --unset-all extensions.worktreeConfig
Verilator shard 3/5	UNKNOWN STEP	2026-09-22T10:24:39.2164593Z ##[group]Checking out the ref
Verilator shard 3/5	UNKNOWN STEP	2026-09-22T10:24:39.2171048Z [command]/usr/bin/git checkout --progress --force -B dev refs/remotes/origin/dev
Verilator shard 3/5	UNKNOWN STEP	2026-09-22T10:24:39.3354387Z Switched to a new branch 'dev'
Verilator shard 3/5	UNKNOWN STEP	2026-09-22T10:24:39.3363825Z branch 'dev' set up to track 'origin/dev'.
Verilator shard 3/5	UNKNOWN STEP	2026-09-22T10:24:39.3365233Z ##[endgroup]
Verilator shard 3/5	UNKNOWN STEP	2026-09-22T10:24:39.3650370Z [command]/usr/bin/git log -1 --format=%H
Verilator shard 3/5	UNKNOWN STEP	2026-09-22T10:24:39.3675910Z ec34fcdee0ca9ffa63564a9af8ad70a3a618de29
Verilator shard 3/5	UNKNOWN STEP	2026-09-22T10:24:39.3834704Z ##[group]Run git submodule update --init third_party/verilog-axis protocol-processor gptp-processor
Verilator shard 3/5	UNKNOWN STEP	2026-09-22T10:24:39.3835206Z ^[[36;1mgit submodule update --init third_party/verilog-axis protocol-processor gptp-processor^[[0m
Verilator shard 3/5	UNKNOWN STEP	2026-09-22T10:24:39.4180607Z shell: /usr/bin/bash -e {0}
Verilator shard 3/5	UNKNOWN STEP	2026-09-22T10:24:39.4180831Z env:
Verilator shard 3/5	UNKNOWN STEP	2026-09-22T10:24:39.4180989Z   VERILATOR_VERSION: v5.050
Verilator shard 3/5	UNKNOWN STEP	2026-09-22T10:24:39.4181152Z   YOSYS_VERSION: v0.66
Verilator shard 3/5	UNKNOWN STEP	2026-09-22T10:24:39.4181340Z   TSN_GEN_REV: deca300c9eb4863fa13383b45ba6cb6fd0828671
Verilator shard 3/5	UNKNOWN STEP	2026-09-22T10:24:39.4181546Z ##[endgroup]
Verilator shard 3/5	UNKNOWN STEP	2026-09-22T10:24:39.4539101Z Submodule 'gptp-processor' (https://github.com/Mister-M-alt/FPGA-gPTP.git) registered for path 'gptp-processor'
Verilator shard 3/5	UNKNOWN STEP	2026-09-22T10:24:39.4635663Z Submodule 'protocol-processor' (https://github.com/Mister-M-alt/protocol-processor-control-plane-avb-milan.git) registered for path 'protocol-processor'
Verilator shard 3/5	UNKNOWN STEP	2026-09-22T10:24:39.5036594Z Submodule 'third_party/verilog-axis' (https://github.com/alexforencich/verilog-axis) registered for path 'third_party/verilog-axis'
Verilator shard 3/5	UNKNOWN STEP	2026-09-22T10:24:39.5061833Z Cloning into '/home/runner/work/milan-fpga/milan-fpga/gptp-processor'...
Verilator shard 3/5	UNKNOWN STEP	2026-09-22T10:24:40.9907169Z Cloning into '/home/runner/work/milan-fpga/milan-fpga/protocol-processor'...
Verilator shard 3/5	UNKNOWN STEP	2026-09-22T10:24:42.1020903Z Cloning into '/home/runner/work/milan-fpga/milan-fpga/third_party/verilog-axis'...
Verilator shard 3/5	UNKNOWN STEP	2026-09-22T10:24:43.2791521Z Submodule path 'gptp-processor': checked out 'c1b617435824929a790739ea8585c3fe1a328cc0'
Verilator shard 3/5	UNKNOWN STEP	2026-09-22T10:24:43.3216894Z Submodule path 'protocol-processor': checked out '424c688fa2205b934a7689a58f2aa766420f2326'
Verilator shard 3/5	UNKNOWN STEP	2026-09-22T10:24:43.3371461Z Submodule path 'third_party/verilog-axis': checked out '48ff7a7e2ef782cf778d47910cf85835c64b1bce'
Verilator shard 3/5	UNKNOWN STEP	2026-09-22T10:24:43.3415953Z ##[group]Run set -euo pipefail
Verilator shard 3/5	UNKNOWN STEP	2026-09-22T10:24:43.3416182Z ^[[36;1mset -euo pipefail^[[0m
Verilator shard 3/5	UNKNOWN STEP	2026-09-22T10:24:43.3416352Z ^[[36;1mhead="$(git rev-parse HEAD)"^[[0m
Verilator shard 3/5	UNKNOWN STEP	2026-09-22T10:24:43.3416581Z ^[[36;1mif [ "$head" != "$GITHUB_SHA" ] || [ "$GITHUB_SHA" != "$TARGET_SHA" ]; then^[[0m
Verilator shard 3/5	UNKNOWN STEP	2026-09-22T10:24:43.3416916Z ^[[36;1m  echo "checkout $head, GITHUB_SHA $GITHUB_SHA and gate target $TARGET_SHA must be one SHA" >&2^[[0m
Verilator shard 3/5	UNKNOWN STEP	2026-09-22T10:24:43.3417188Z ^[[36;1m  exit 1^[[0m
Verilator shard 3/5	UNKNOWN STEP	2026-09-22T10:24:43.3417327Z ^[[36;1mfi^[[0m
Verilator shard 3/5	UNKNOWN STEP	2026-09-22T10:24:43.3417484Z ^[[36;1mmkdir -p "$RUNNER_TEMP/suite-logs"^[[0m
Verilator shard 3/5	UNKNOWN STEP	2026-09-22T10:24:43.3417727Z ^[[36;1mprintf '%s\n' "$GITHUB_SHA" > "$RUNNER_TEMP/suite-logs/TARGET_SHA"^[[0m
Verilator shard 3/5	UNKNOWN STEP	2026-09-22T10:24:43.3417970Z ^[[36;1mecho "target_sha=$GITHUB_SHA"^[[0m
Verilator shard 3/5	UNKNOWN STEP	2026-09-22T10:24:43.3473223Z shell: /usr/bin/bash -e {0}
Verilator shard 3/5	UNKNOWN STEP	2026-09-22T10:24:43.3473392Z env:
Verilator shard 3/5	UNKNOWN STEP	2026-09-22T10:24:43.3473535Z   VERILATOR_VERSION: v5.050
Verilator shard 3/5	UNKNOWN STEP	2026-09-22T10:24:43.3473697Z   YOSYS_VERSION: v0.66
Verilator shard 3/5	UNKNOWN STEP	2026-09-22T10:24:43.3473907Z   TSN_GEN_REV: deca300c9eb4863fa13383b45ba6cb6fd0828671
Verilator shard 3/5	UNKNOWN STEP	2026-09-22T10:24:43.3474148Z   TARGET_SHA: ec34fcdee0ca9ffa63564a9af8ad70a3a618de29
Verilator shard 3/5	UNKNOWN STEP	2026-09-22T10:24:43.3474347Z ##[endgroup]
Verilator shard 3/5	UNKNOWN STEP	2026-09-22T10:24:43.3565740Z target_sha=ec34fcdee0ca9ffa63564a9af8ad70a3a618de29
Verilator shard 3/5	UNKNOWN STEP	2026-09-22T10:24:43.3628749Z Node 20 is being deprecated. This workflow is running with Node 24 by default. If you need to temporarily use Node 20, you can set the ACTIONS_ALLOW_USE_UNSECURE_NODE_VERSION=true environment variable. For more information see: https://github.blog/changelog/2025-09-19-deprecation-of-node-20-on-github-actions-runners/
Verilator shard 3/5	UNKNOWN STEP	2026-09-22T10:24:43.3629892Z ##[group]Run actions/cache@v4
Verilator shard 3/5	UNKNOWN STEP	2026-09-22T10:24:43.3630055Z with:
Verilator shard 3/5	UNKNOWN STEP	2026-09-22T10:24:43.3630213Z   path: /opt/verilator
Verilator shard 3/5	UNKNOWN STEP	2026-09-22T10:24:43.3630371Z   key: verilator-v5.050-Linux
Verilator shard 3/5	UNKNOWN STEP	2026-09-22T10:24:43.3630542Z   enableCrossOsArchive: false
Verilator shard 3/5	UNKNOWN STEP	2026-09-22T10:24:43.3630713Z   fail-on-cache-miss: false
Verilator shard 3/5	UNKNOWN STEP	2026-09-22T10:24:43.3630872Z   lookup-only: false
Verilator shard 3/5	UNKNOWN STEP	2026-09-22T10:24:43.3631017Z   save-always: false
Verilator shard 3/5	UNKNOWN STEP	2026-09-22T10:24:43.3631328Z env:
Verilator shard 3/5	UNKNOWN STEP	2026-09-22T10:24:43.3631488Z   VERILATOR_VERSION: v5.050
Verilator shard 3/5	UNKNOWN STEP	2026-09-22T10:24:43.3631676Z   YOSYS_VERSION: v0.66
Verilator shard 3/5	UNKNOWN STEP	2026-09-22T10:24:43.3631854Z   TSN_GEN_REV: deca300c9eb4863fa13383b45ba6cb6fd0828671
Verilator shard 3/5	UNKNOWN STEP	2026-09-22T10:24:43.3632079Z ##[endgroup]
Verilator shard 3/5	UNKNOWN STEP	2026-09-22T10:24:43.4324019Z (node:2100) [DEP0040] DeprecationWarning: The `punycode` module is deprecated. Please use a userland alternative instead.
Verilator shard 3/5	UNKNOWN STEP	2026-09-22T10:24:43.4324604Z (Use `node --trace-deprecation ...` to show where the warning was created)
Verilator shard 3/5	UNKNOWN STEP	2026-09-22T10:24:43.5600570Z Cache hit for: verilator-v5.050-Linux
Verilator shard 3/5	UNKNOWN STEP	2026-09-22T10:24:43.5693509Z (node:2100) [DEP0169] DeprecationWarning: `url.parse()` behavior is not standardized and prone to errors that have security implications. Use the WHATWG URL API instead. CVEs are not issued for `url.parse()` vulnerabilities.
Verilator shard 3/5	UNKNOWN STEP	2026-09-22T10:24:44.5927911Z Received 92153557 of 92153557 (100.0%), 99.9 MBs/sec
Verilator shard 3/5	UNKNOWN STEP	2026-09-22T10:24:44.5928362Z Cache Size: ~88 MB (92153557 B)
Verilator shard 3/5	UNKNOWN STEP	2026-09-22T10:24:44.5955441Z [command]/usr/bin/tar -xf /home/runner/work/_temp/368cc6d3-24a1-45be-964e-69e65f3b3744/cache.tzst -P -C /home/runner/work/milan-fpga/milan-fpga --use-compress-program unzstd
Verilator shard 3/5	UNKNOWN STEP	2026-09-22T10:24:44.7324462Z Cache restored successfully
Verilator shard 3/5	UNKNOWN STEP	2026-09-22T10:24:44.7428810Z Cache restored from key: verilator-v5.050-Linux
Verilator shard 3/5	UNKNOWN STEP	2026-09-22T10:24:44.7580685Z ##[group]Run echo "/opt/verilator/bin" >> "$GITHUB_PATH"
Verilator shard 3/5	UNKNOWN STEP	2026-09-22T10:24:44.7580931Z ^[[36;1mecho "/opt/verilator/bin" >> "$GITHUB_PATH"^[[0m
Verilator shard 3/5	UNKNOWN STEP	2026-09-22T10:24:44.7581126Z ^[[36;1m/opt/verilator/bin/verilator --version^[[0m
Verilator shard 3/5	UNKNOWN STEP	2026-09-22T10:24:44.7581379Z ^[[36;1m/opt/verilator/bin/verilator --version | grep -F "${VERILATOR_VERSION#v}"^[[0m
Verilator shard 3/5	UNKNOWN STEP	2026-09-22T10:24:44.7634617Z shell: /usr/bin/bash -e {0}
Verilator shard 3/5	UNKNOWN STEP	2026-09-22T10:24:44.7634771Z env:
Verilator shard 3/5	UNKNOWN STEP	2026-09-22T10:24:44.7634890Z   VERILATOR_VERSION: v5.050
Verilator shard 3/5	UNKNOWN STEP	2026-09-22T10:24:44.7635027Z   YOSYS_VERSION: v0.66
Verilator shard 3/5	UNKNOWN STEP	2026-09-22T10:24:44.7635189Z   TSN_GEN_REV: deca300c9eb4863fa13383b45ba6cb6fd0828671
Verilator shard 3/5	UNKNOWN STEP	2026-09-22T10:24:44.7635370Z ##[endgroup]
Verilator shard 3/5	UNKNOWN STEP	2026-09-22T10:24:44.8946525Z Verilator 5.050 2026-07-01 rev v5.050
Verilator shard 3/5	UNKNOWN STEP	2026-09-22T10:24:44.9294908Z Verilator 5.050 2026-07-01 rev v5.050
Verilator shard 3/5	UNKNOWN STEP	2026-09-22T10:24:44.9323848Z ##[group]Run set -euo pipefail
Verilator shard 3/5	UNKNOWN STEP	2026-09-22T10:24:44.9324040Z ^[[36;1mset -euo pipefail^[[0m
Verilator shard 3/5	UNKNOWN STEP	2026-09-22T10:24:44.9324203Z ^[[36;1mpython3 scripts/suite_shards.py --selftest^[[0m
Verilator shard 3/5	UNKNOWN STEP	2026-09-22T10:24:44.9324427Z ^[[36;1mscripts/run_all_suites.sh --shard "$SHARD/$SHARDS" --list \^[[0m
Verilator shard 3/5	UNKNOWN STEP	2026-09-22T10:24:44.9324634Z ^[[36;1m  > "$RUNNER_TEMP/owned-suites"^[[0m
Verilator shard 3/5	UNKNOWN STEP	2026-09-22T10:24:44.9324790Z ^[[36;1mecho "Shard $SHARD owns:"^[[0m
Verilator shard 3/5	UNKNOWN STEP	2026-09-22T10:24:44.9324955Z ^[[36;1msed 's/^/  /' "$RUNNER_TEMP/owned-suites"^[[0m
Verilator shard 3/5	UNKNOWN STEP	2026-09-22T10:24:44.9325123Z ^[[36;1mcase "$SHARD" in^[[0m
Verilator shard 3/5	UNKNOWN STEP	2026-09-22T10:24:44.9325291Z ^[[36;1m  1) grep -Fx tsn_fuzz "$RUNNER_TEMP/owned-suites" ;;^[[0m
Verilator shard 3/5	UNKNOWN STEP	2026-09-22T10:24:44.9325517Z ^[[36;1m  3) grep -Fx chmap_capture "$RUNNER_TEMP/owned-suites" ;;^[[0m
Verilator shard 3/5	UNKNOWN STEP	2026-09-22T10:24:44.9325743Z ^[[36;1m  4) test "$(cat "$RUNNER_TEMP/owned-suites")" = milan_dp ;;^[[0m
Verilator shard 3/5	UNKNOWN STEP	2026-09-22T10:24:44.9325922Z ^[[36;1mesac^[[0m
Verilator shard 3/5	UNKNOWN STEP	2026-09-22T10:24:44.9379735Z shell: /usr/bin/bash -e {0}
Verilator shard 3/5	UNKNOWN STEP	2026-09-22T10:24:44.9379878Z env:
Verilator shard 3/5	UNKNOWN STEP	2026-09-22T10:24:44.9380023Z   VERILATOR_VERSION: v5.050
Verilator shard 3/5	UNKNOWN STEP	2026-09-22T10:24:44.9380160Z   YOSYS_VERSION: v0.66
Verilator shard 3/5	UNKNOWN STEP	2026-09-22T10:24:44.9380314Z   TSN_GEN_REV: deca300c9eb4863fa13383b45ba6cb6fd0828671
Verilator shard 3/5	UNKNOWN STEP	2026-09-22T10:24:44.9380483Z   SHARD: 3
Verilator shard 3/5	UNKNOWN STEP	2026-09-22T10:24:44.9380589Z   SHARDS: 5
Verilator shard 3/5	UNKNOWN STEP	2026-09-22T10:24:44.9380696Z ##[endgroup]
Verilator shard 3/5	UNKNOWN STEP	2026-09-22T10:24:44.9675814Z   ok    1 shard(s): complete=True disjoint=True deterministic=True
Verilator shard 3/5	UNKNOWN STEP	2026-09-22T10:24:44.9676222Z   ok    2 shard(s): complete=True disjoint=True deterministic=True
Verilator shard 3/5	UNKNOWN STEP	2026-09-22T10:24:44.9676571Z   ok    4 shard(s): complete=True disjoint=True deterministic=True
Verilator shard 3/5	UNKNOWN STEP	2026-09-22T10:24:44.9676910Z   ok    5 shard(s): complete=True disjoint=True deterministic=True
Verilator shard 3/5	UNKNOWN STEP	2026-09-22T10:24:44.9677250Z   ok    7 shard(s): complete=True disjoint=True deterministic=True
Verilator shard 3/5	UNKNOWN STEP	2026-09-22T10:24:44.9677586Z   ok   23 shard(s): complete=True disjoint=True deterministic=True
Verilator shard 3/5	UNKNOWN STEP	2026-09-22T10:24:44.9677935Z   ok    2 shard(s): dedicated alone=True hashed owners unchanged=True
Verilator shard 3/5	UNKNOWN STEP	2026-09-22T10:24:44.9678507Z   ok    4 shard(s): dedicated alone=True hashed owners unchanged=True
Verilator shard 3/5	UNKNOWN STEP	2026-09-22T10:24:44.9678862Z   ok    5 shard(s): dedicated alone=True hashed owners unchanged=True
Verilator shard 3/5	UNKNOWN STEP	2026-09-22T10:24:44.9679209Z   ok    7 shard(s): dedicated alone=True hashed owners unchanged=True
Verilator shard 3/5	UNKNOWN STEP	2026-09-22T10:24:44.9679562Z   ok   23 shard(s): dedicated alone=True hashed owners unchanged=True
Verilator shard 3/5	UNKNOWN STEP	2026-09-22T10:24:44.9680069Z   ok   a rule without the dedicated worker is caught (alone with none set aside=False, alone while sharing worker 0=False)
Verilator shard 3/5	UNKNOWN STEP	2026-09-22T10:24:44.9680752Z   ok   five-worker runtime landmarks: {'milan_dp': 4, 'pp_shadow': 1, 'mmcm_servo': 2, 'tsn_fuzz': 1, 'chmap_capture': 3}
Verilator shard 3/5	UNKNOWN STEP	2026-09-22T10:24:44.9681326Z   ok   scheduled/default partition: default=['future_suite', 'milan_dp'] physical=['milan_dp_gptp']
Verilator shard 3/5	UNKNOWN STEP	2026-09-22T10:24:44.9681701Z   ok   reject ''
Verilator shard 3/5	UNKNOWN STEP	2026-09-22T10:24:44.9681878Z   ok   reject '1'
Verilator shard 3/5	UNKNOWN STEP	2026-09-22T10:24:44.9682059Z   ok   reject '-1/4'
Verilator shard 3/5	UNKNOWN STEP	2026-09-22T10:24:44.9682243Z   ok   reject '01/4'
Verilator shard 3/5	UNKNOWN STEP	2026-09-22T10:24:44.9682415Z   ok   reject '4/4'
Verilator shard 3/5	UNKNOWN STEP	2026-09-22T10:24:44.9682598Z   ok   reject '5/4'
Verilator shard 3/5	UNKNOWN STEP	2026-09-22T10:24:44.9682927Z   ok   reject '0/0'
Verilator shard 3/5	UNKNOWN STEP	2026-09-22T10:24:44.9683081Z   ok   reject 'a/4'
Verilator shard 3/5	UNKNOWN STEP	2026-09-22T10:24:44.9683251Z selftest: PASS
Verilator shard 3/5	UNKNOWN STEP	2026-09-22T10:24:44.9995190Z Shard 3 owns:
Verilator shard 3/5	UNKNOWN STEP	2026-09-22T10:24:45.0004718Z   adp_tx
Verilator shard 3/5	UNKNOWN STEP	2026-09-22T10:24:45.0005117Z   avtp_parser
Verilator shard 3/5	UNKNOWN STEP	2026-09-22T10:24:45.0005301Z   chmap_capture
Verilator shard 3/5	UNKNOWN STEP	2026-09-22T10:24:45.0005422Z   classifier
Verilator shard 3/5	UNKNOWN STEP	2026-09-22T10:24:45.0005530Z   csr
Verilator shard 3/5	UNKNOWN STEP	2026-09-22T10:24:45.0005632Z   link_guard
Verilator shard 3/5	UNKNOWN STEP	2026-09-22T10:24:45.0005768Z   media_grid_align
Verilator shard 3/5	UNKNOWN STEP	2026-09-22T10:24:45.0005950Z   nvm_backend
Verilator shard 3/5	UNKNOWN STEP	2026-09-22T10:24:45.0006114Z   tcam
Verilator shard 3/5	UNKNOWN STEP	2026-09-22T10:24:45.0006266Z   tdm
Verilator shard 3/5	UNKNOWN STEP	2026-09-22T10:24:45.0006417Z   tdm_render
Verilator shard 3/5	UNKNOWN STEP	2026-09-22T10:24:45.0006579Z   tkdiag
Verilator shard 3/5	UNKNOWN STEP	2026-09-22T10:24:45.0015313Z chmap_capture
Verilator shard 3/5	UNKNOWN STEP	2026-09-22T10:24:45.0088222Z Node 20 is being deprecated. This workflow is running with Node 24 by default. If you need to temporarily use Node 20, you can set the ACTIONS_ALLOW_USE_UNSECURE_NODE_VERSION=true environment variable. For more information see: https://github.blog/changelog/2025-09-19-deprecation-of-node-20-on-github-actions-runners/
Verilator shard 3/5	UNKNOWN STEP	2026-09-22T10:24:45.0088929Z ##[group]Run actions/cache@v4
Verilator shard 3/5	UNKNOWN STEP	2026-09-22T10:24:45.0089070Z with:
Verilator shard 3/5	UNKNOWN STEP	2026-09-22T10:24:45.0089184Z   path: /opt/yosys
Verilator shard 3/5	UNKNOWN STEP	2026-09-22T10:24:45.0089305Z   key: yosys-v0.66-Linux
Verilator shard 3/5	UNKNOWN STEP	2026-09-22T10:24:45.0089443Z   enableCrossOsArchive: false
Verilator shard 3/5	UNKNOWN STEP	2026-09-22T10:24:45.0089586Z   fail-on-cache-miss: false
Verilator shard 3/5	UNKNOWN STEP	2026-09-22T10:24:45.0089719Z   lookup-only: false
Verilator shard 3/5	UNKNOWN STEP	2026-09-22T10:24:45.0089838Z   save-always: false
Verilator shard 3/5	UNKNOWN STEP	2026-09-22T10:24:45.0089951Z env:
Verilator shard 3/5	UNKNOWN STEP	2026-09-22T10:24:45.0090059Z   VERILATOR_VERSION: v5.050
Verilator shard 3/5	UNKNOWN STEP	2026-09-22T10:24:45.0090198Z   YOSYS_VERSION: v0.66
Verilator shard 3/5	UNKNOWN STEP	2026-09-22T10:24:45.0090349Z   TSN_GEN_REV: deca300c9eb4863fa13383b45ba6cb6fd0828671
Verilator shard 3/5	UNKNOWN STEP	2026-09-22T10:24:45.0090541Z ##[endgroup]
Verilator shard 3/5	UNKNOWN STEP	2026-09-22T10:24:45.0745170Z (node:2135) [DEP0040] DeprecationWarning: The `punycode` module is deprecated. Please use a userland alternative instead.
Verilator shard 3/5	UNKNOWN STEP	2026-09-22T10:24:45.0745739Z (Use `node --trace-deprecation ...` to show where the warning was created)
Verilator shard 3/5	UNKNOWN STEP	2026-09-22T10:24:45.2127491Z Cache hit for: yosys-v0.66-Linux
Verilator shard 3/5	UNKNOWN STEP	2026-09-22T10:24:45.2220779Z (node:2135) [DEP0169] DeprecationWarning: `url.parse()` behavior is not standardized and prone to errors that have security implications. Use the WHATWG URL API instead. CVEs are not issued for `url.parse()` vulnerabilities.
Verilator shard 3/5	UNKNOWN STEP	2026-09-22T10:24:46.0791869Z Received 19685025 of 19685025 (100.0%), 26.1 MBs/sec
Verilator shard 3/5	UNKNOWN STEP	2026-09-22T10:24:46.0792331Z Cache Size: ~19 MB (19685025 B)
Verilator shard 3/5	UNKNOWN STEP	2026-09-22T10:24:46.0808627Z [command]/usr/bin/tar -xf /home/runner/work/_temp/2cea34d8-13f6-49dd-abde-68707fcbbbd1/cache.tzst -P -C /home/runner/work/milan-fpga/milan-fpga --use-compress-program unzstd
Verilator shard 3/5	UNKNOWN STEP	2026-09-22T10:24:46.1520298Z Cache restored successfully
Verilator shard 3/5	UNKNOWN STEP	2026-09-22T10:24:46.1578925Z Cache restored from key: yosys-v0.66-Linux
Verilator shard 3/5	UNKNOWN STEP	2026-09-22T10:24:46.1733958Z ##[group]Run set -euo pipefail
Verilator shard 3/5	UNKNOWN STEP	2026-09-22T10:24:46.1734153Z ^[[36;1mset -euo pipefail^[[0m
Verilator shard 3/5	UNKNOWN STEP	2026-09-22T10:24:46.1734433Z ^[[36;1msudo apt-get update -qq^[[0m
Verilator shard 3/5	UNKNOWN STEP	2026-09-22T10:24:46.1734647Z ^[[36;1msudo apt-get install -y --no-install-recommends libjemalloc2^[[0m
Verilator shard 3/5	UNKNOWN STEP	2026-09-22T10:24:46.1734936Z ^[[36;1msudo ln -sf /opt/yosys/bin/yosys /opt/yosys/bin/yosys-abc /usr/local/bin/^[[0m
Verilator shard 3/5	UNKNOWN STEP	2026-09-22T10:24:46.1735174Z ^[[36;1mtest -x /opt/yosys/bin/yosys-abc^[[0m
Verilator shard 3/5	UNKNOWN STEP	2026-09-22T10:24:46.1735369Z ^[[36;1mecho "bundled ABC: $(cat /opt/yosys/ABC_REV)"^[[0m
Verilator shard 3/5	UNKNOWN STEP	2026-09-22T10:24:46.1735544Z ^[[36;1myosys -V^[[0m
Verilator shard 3/5	UNKNOWN STEP	2026-09-22T10:24:46.1735698Z ^[[36;1myosys -V | grep -F "Yosys ${YOSYS_VERSION#v}"^[[0m
Verilator shard 3/5	UNKNOWN STEP	2026-09-22T10:24:46.1787233Z shell: /usr/bin/bash -e {0}
Verilator shard 3/5	UNKNOWN STEP	2026-09-22T10:24:46.1787382Z env:
Verilator shard 3/5	UNKNOWN STEP	2026-09-22T10:24:46.1787505Z   VERILATOR_VERSION: v5.050
Verilator shard 3/5	UNKNOWN STEP	2026-09-22T10:24:46.1787646Z   YOSYS_VERSION: v0.66
Verilator shard 3/5	UNKNOWN STEP	2026-09-22T10:24:46.1787811Z   TSN_GEN_REV: deca300c9eb4863fa13383b45ba6cb6fd0828671
Verilator shard 3/5	UNKNOWN STEP	2026-09-22T10:24:46.1787991Z ##[endgroup]
Verilator shard 3/5	UNKNOWN STEP	2026-09-22T10:24:55.6869661Z Reading package lists...
Verilator shard 3/5	UNKNOWN STEP	2026-09-22T10:24:55.8386734Z Building dependency tree...
Verilator shard 3/5	UNKNOWN STEP	2026-09-22T10:24:55.8393323Z Reading state information...
Verilator shard 3/5	UNKNOWN STEP	2026-09-22T10:24:55.9762727Z The following NEW packages will be installed:
Verilator shard 3/5	UNKNOWN STEP	2026-09-22T10:24:55.9764420Z   libjemalloc2
Verilator shard 3/5	UNKNOWN STEP	2026-09-22T10:24:55.9895937Z 0 upgraded, 1 newly installed, 0 to remove and 15 not upgraded.
Verilator shard 3/5	UNKNOWN STEP	2026-09-22T10:24:55.9896308Z Need to get 256 kB of archives.
Verilator shard 3/5	UNKNOWN STEP	2026-09-22T10:24:55.9896601Z After this operation, 859 kB of additional disk space will be used.
Verilator shard 3/5	UNKNOWN STEP	2026-09-22T10:24:55.9896920Z Get:1 file:/etc/apt/apt-mirrors.txt Mirrorlist [144 B]
Verilator shard 3/5	UNKNOWN STEP	2026-09-22T10:24:56.0554444Z Get:2 http://azure.archive.ubuntu.com/ubuntu noble/universe amd64 libjemalloc2 amd64 5.3.0-2build1 [256 kB]
Verilator shard 3/5	UNKNOWN STEP	2026-09-22T10:24:56.2528736Z Fetched 256 kB in 0s (3348 kB/s)
Verilator shard 3/5	UNKNOWN STEP	2026-09-22T10:24:56.2905652Z Selecting previously unselected package libjemalloc2:amd64.
Verilator shard 3/5	UNKNOWN STEP	2026-09-22T10:24:56.3962126Z (Reading database ... 
Verilator shard 3/5	UNKNOWN STEP	2026-09-22T10:24:56.3962367Z (Reading database ... 5%
Verilator shard 3/5	UNKNOWN STEP	2026-09-22T10:24:56.3962545Z (Reading database ... 10%
Verilator shard 3/5	UNKNOWN STEP	2026-09-22T10:24:56.3962680Z (Reading database ... 15%
Verilator shard 3/5	UNKNOWN STEP	2026-09-22T10:24:56.3962996Z (Reading database ... 20%
Verilator shard 3/5	UNKNOWN STEP	2026-09-22T10:24:56.3963178Z (Reading database ... 25%
Verilator shard 3/5	UNKNOWN STEP	2026-09-22T10:24:56.3963323Z (Reading database ... 30%
Verilator shard 3/5	UNKNOWN STEP	2026-09-22T10:24:56.3963524Z (Reading database ... 35%
Verilator shard 3/5	UNKNOWN STEP	2026-09-22T10:24:56.3963712Z (Reading database ... 40%
Verilator shard 3/5	UNKNOWN STEP	2026-09-22T10:24:56.3963902Z (Reading database ... 45%
Verilator shard 3/5	UNKNOWN STEP	2026-09-22T10:24:56.3964091Z (Reading database ... 50%
Verilator shard 3/5	UNKNOWN STEP	2026-09-22T10:24:56.4060767Z (Reading database ... 55%
Verilator shard 3/5	UNKNOWN STEP	2026-09-22T10:24:56.7974985Z (Reading database ... 60%
Verilator shard 3/5	UNKNOWN STEP	2026-09-22T10:24:57.0743371Z (Reading database ... 65%
Verilator shard 3/5	UNKNOWN STEP	2026-09-22T10:24:57.3822971Z (Reading database ... 70%
Verilator shard 3/5	UNKNOWN STEP	2026-09-22T10:24:57.6947921Z (Reading database ... 75%
Verilator shard 3/5	UNKNOWN STEP	2026-09-22T10:24:58.1531172Z (Reading database ... 80%
Verilator shard 3/5	UNKNOWN STEP	2026-09-22T10:24:58.9631048Z (Reading database ... 85%
Verilator shard 3/5	UNKNOWN STEP	2026-09-22T10:24:59.8969125Z (Reading database ... 90%
Verilator shard 3/5	UNKNOWN STEP	2026-09-22T10:25:00.7549972Z (Reading database ... 95%
Verilator shard 3/5	UNKNOWN STEP	2026-09-22T10:25:00.7550253Z (Reading database ... 100%
Verilator shard 3/5	UNKNOWN STEP	2026-09-22T10:25:00.7550461Z (Reading database ... 202190 files and directories currently installed.)
Verilator shard 3/5	UNKNOWN STEP	2026-09-22T10:25:00.7587793Z Preparing to unpack .../libjemalloc2_5.3.0-2build1_amd64.deb ...
Verilator shard 3/5	UNKNOWN STEP	2026-09-22T10:25:00.8596652Z Unpacking libjemalloc2:amd64 (5.3.0-2build1) ...
Verilator shard 3/5	UNKNOWN STEP	2026-09-22T10:25:00.9608131Z Setting up libjemalloc2:amd64 (5.3.0-2build1) ...
Verilator shard 3/5	UNKNOWN STEP	2026-09-22T10:25:00.9627921Z Processing triggers for libc-bin (2.39-0ubuntu8.9) ...
Verilator shard 3/5	UNKNOWN STEP	2026-09-22T10:25:03.8951731Z 
Verilator shard 3/5	UNKNOWN STEP	2026-09-22T10:25:03.8952297Z Running kernel seems to be up-to-date.
Verilator shard 3/5	UNKNOWN STEP	2026-09-22T10:25:03.8952542Z 
Verilator shard 3/5	UNKNOWN STEP	2026-09-22T10:25:03.8952631Z No services need to be restarted.
Verilator shard 3/5	UNKNOWN STEP	2026-09-22T10:25:03.8952979Z 
Verilator shard 3/5	UNKNOWN STEP	2026-09-22T10:25:03.8953045Z No containers need to be restarted.
Verilator shard 3/5	UNKNOWN STEP	2026-09-22T10:25:03.8953155Z 
Verilator shard 3/5	UNKNOWN STEP	2026-09-22T10:25:03.8953231Z No user sessions are running outdated binaries.
Verilator shard 3/5	UNKNOWN STEP	2026-09-22T10:25:03.8953354Z 
Verilator shard 3/5	UNKNOWN STEP	2026-09-22T10:25:03.8953467Z No VM guests are running outdated hypervisor (qemu) binaries on this host.
Verilator shard 3/5	UNKNOWN STEP	2026-09-22T10:25:04.6306660Z bundled ABC: 5d51a5e420f5de493d07bf61109a977248c86ffb
Verilator shard 3/5	UNKNOWN STEP	2026-09-22T10:25:04.6327674Z Yosys 0.66 (git sha1 86f2ddebc, g++ 13.3.0-6ubuntu2~24.04.1 -fPIC -O3)
Verilator shard 3/5	UNKNOWN STEP	2026-09-22T10:25:04.6362121Z Yosys 0.66 (git sha1 86f2ddebc, g++ 13.3.0-6ubuntu2~24.04.1 -fPIC -O3)
Verilator shard 3/5	UNKNOWN STEP	2026-09-22T10:25:04.6391192Z ##[group]Run set -euo pipefail
Verilator shard 3/5	UNKNOWN STEP	2026-09-22T10:25:04.6391385Z ^[[36;1mset -euo pipefail^[[0m
Verilator shard 3/5	UNKNOWN STEP	2026-09-22T10:25:04.6391521Z ^[[36;1mver=v0.0.12^[[0m
Verilator shard 3/5	UNKNOWN STEP	2026-09-22T10:25:04.6391732Z ^[[36;1msha256=ff8c9eea5bc029b372fb4953427625cddb7cf7e58c1240623ac9f260818d5a00^[[0m
Verilator shard 3/5	UNKNOWN STEP	2026-09-22T10:25:04.6392055Z ^[[36;1murl="https://github.com/zachjs/sv2v/releases/download/${ver}/sv2v-Linux.zip"^[[0m
Verilator shard 3/5	UNKNOWN STEP	2026-09-22T10:25:04.6392302Z ^[[36;1mcurl -fsSL "$url" -o /tmp/sv2v.zip^[[0m
Verilator shard 3/5	UNKNOWN STEP	2026-09-22T10:25:04.6392503Z ^[[36;1mecho "${sha256}  /tmp/sv2v.zip" | sha256sum -c -^[[0m
Verilator shard 3/5	UNKNOWN STEP	2026-09-22T10:25:04.6392698Z ^[[36;1munzip -q -o /tmp/sv2v.zip -d /tmp/sv2v^[[0m
Verilator shard 3/5	UNKNOWN STEP	2026-09-22T10:25:04.6393087Z ^[[36;1msudo install -m755 "$(find /tmp/sv2v -name sv2v -type f | head -1)" \^[[0m
Verilator shard 3/5	UNKNOWN STEP	2026-09-22T10:25:04.6393302Z ^[[36;1m  /usr/local/bin/sv2v^[[0m
Verilator shard 3/5	UNKNOWN STEP	2026-09-22T10:25:04.6393446Z ^[[36;1msv2v --version^[[0m
Verilator shard 3/5	UNKNOWN STEP	2026-09-22T10:25:04.6445099Z shell: /usr/bin/bash -e {0}
Verilator shard 3/5	UNKNOWN STEP	2026-09-22T10:25:04.6445257Z env:
Verilator shard 3/5	UNKNOWN STEP	2026-09-22T10:25:04.6445381Z   VERILATOR_VERSION: v5.050
Verilator shard 3/5	UNKNOWN STEP	2026-09-22T10:25:04.6445547Z   YOSYS_VERSION: v0.66
Verilator shard 3/5	UNKNOWN STEP	2026-09-22T10:25:04.6445703Z   TSN_GEN_REV: deca300c9eb4863fa13383b45ba6cb6fd0828671
Verilator shard 3/5	UNKNOWN STEP	2026-09-22T10:25:04.6445883Z ##[endgroup]
Verilator shard 3/5	UNKNOWN STEP	2026-09-22T10:25:04.9601966Z /tmp/sv2v.zip: OK
Verilator shard 3/5	UNKNOWN STEP	2026-09-22T10:25:05.0358658Z sv2v v0.0.12
Verilator shard 3/5	UNKNOWN STEP	2026-09-22T10:25:05.0475431Z ##[group]Run scripts/run_all_suites.sh "$RUNNER_TEMP/suite-logs" \
Verilator shard 3/5	UNKNOWN STEP	2026-09-22T10:25:05.0475702Z ^[[36;1mscripts/run_all_suites.sh "$RUNNER_TEMP/suite-logs" \^[[0m
Verilator shard 3/5	UNKNOWN STEP	2026-09-22T10:25:05.0475976Z ^[[36;1m  --shard "3/5"^[[0m
Verilator shard 3/5	UNKNOWN STEP	2026-09-22T10:25:05.0526210Z shell: /usr/bin/bash -e {0}
Verilator shard 3/5	UNKNOWN STEP	2026-09-22T10:25:05.0526353Z env:
Verilator shard 3/5	UNKNOWN STEP	2026-09-22T10:25:05.0526465Z   VERILATOR_VERSION: v5.050
Verilator shard 3/5	UNKNOWN STEP	2026-09-22T10:25:05.0526595Z   YOSYS_VERSION: v0.66
Verilator shard 3/5	UNKNOWN STEP	2026-09-22T10:25:05.0526748Z   TSN_GEN_REV: deca300c9eb4863fa13383b45ba6cb6fd0828671
Verilator shard 3/5	UNKNOWN STEP	2026-09-22T10:25:05.0526921Z ##[endgroup]
Verilator shard 3/5	UNKNOWN STEP	2026-09-22T10:25:08.3936755Z shard: 3/5   selected suites: 12
Verilator shard 3/5	UNKNOWN STEP	2026-09-22T10:25:21.9911238Z PASS     adp_tx
Verilator shard 3/5	UNKNOWN STEP	2026-09-22T10:25:39.2777485Z PASS     avtp_parser
Verilator shard 3/5	UNKNOWN STEP	2026-09-22T10:26:31.6499953Z PASS     chmap_capture
Verilator shard 3/5	UNKNOWN STEP	2026-09-22T10:26:35.2264012Z PASS     classifier
Verilator shard 3/5	UNKNOWN STEP	2026-09-22T10:27:09.8672691Z PASS     csr
Verilator shard 3/5	UNKNOWN STEP	2026-09-22T10:27:14.5076435Z PASS     link_guard
Verilator shard 3/5	UNKNOWN STEP	2026-09-22T10:27:49.2488932Z PASS     media_grid_align
Verilator shard 3/5	UNKNOWN STEP	2026-09-22T10:28:11.3282489Z PASS     nvm_backend
Verilator shard 3/5	UNKNOWN STEP	2026-09-22T10:28:28.5030252Z PASS     tcam
Verilator shard 3/5	UNKNOWN STEP	2026-09-22T10:28:32.0825819Z PASS     tdm
Verilator shard 3/5	UNKNOWN STEP	2026-09-22T10:28:35.5485234Z PASS     tdm_render
Verilator shard 3/5	UNKNOWN STEP	2026-09-22T10:28:39.1424274Z PASS     tkdiag
Verilator shard 3/5	UNKNOWN STEP	2026-09-22T10:28:39.1424562Z ----------------------------------------------------------------
Verilator shard 3/5	UNKNOWN STEP	2026-09-22T10:28:39.1424852Z suites: 12   passed: 12   failed: 0   timed out: 0
Verilator shard 3/5	UNKNOWN STEP	2026-09-22T10:28:39.1906890Z checks: 13818   in-suite failures: 0
Verilator shard 3/5	UNKNOWN STEP	2026-09-22T10:28:39.1946498Z logs: /home/runner/work/_temp/suite-logs
Verilator shard 3/5	UNKNOWN STEP	2026-09-22T10:28:39.2009130Z Node 20 is being deprecated. This workflow is running with Node 24 by default. If you need to temporarily use Node 20, you can set the ACTIONS_ALLOW_USE_UNSECURE_NODE_VERSION=true environment variable. For more information see: https://github.blog/changelog/2025-09-19-deprecation-of-node-20-on-github-actions-runners/
Verilator shard 3/5	UNKNOWN STEP	2026-09-22T10:28:39.2009796Z ##[group]Run actions/upload-artifact@v4
Verilator shard 3/5	UNKNOWN STEP	2026-09-22T10:28:39.2009947Z with:
Verilator shard 3/5	UNKNOWN STEP	2026-09-22T10:28:39.2010056Z   name: suite-logs-3
Verilator shard 3/5	UNKNOWN STEP	2026-09-22T10:28:39.2010190Z   path: /home/runner/work/_temp/suite-logs
Verilator shard 3/5	UNKNOWN STEP	2026-09-22T10:28:39.2010344Z   if-no-files-found: error
Verilator shard 3/5	UNKNOWN STEP	2026-09-22T10:28:39.2010471Z   retention-days: 3
Verilator shard 3/5	UNKNOWN STEP	2026-09-22T10:28:39.2010592Z   compression-level: 6
Verilator shard 3/5	UNKNOWN STEP	2026-09-22T10:28:39.2010709Z   overwrite: false
Verilator shard 3/5	UNKNOWN STEP	2026-09-22T10:28:39.2010830Z   include-hidden-files: false
Verilator shard 3/5	UNKNOWN STEP	2026-09-22T10:28:39.2010959Z env:
Verilator shard 3/5	UNKNOWN STEP	2026-09-22T10:28:39.2011063Z   VERILATOR_VERSION: v5.050
Verilator shard 3/5	UNKNOWN STEP	2026-09-22T10:28:39.2011194Z   YOSYS_VERSION: v0.66
Verilator shard 3/5	UNKNOWN STEP	2026-09-22T10:28:39.2011359Z   TSN_GEN_REV: deca300c9eb4863fa13383b45ba6cb6fd0828671
Verilator shard 3/5	UNKNOWN STEP	2026-09-22T10:28:39.2011527Z ##[endgroup]
Verilator shard 3/5	UNKNOWN STEP	2026-09-22T10:28:39.3071297Z (node:6226) [DEP0040] DeprecationWarning: The `punycode` module is deprecated. Please use a userland alternative instead.
Verilator shard 3/5	UNKNOWN STEP	2026-09-22T10:28:39.3072059Z (Use `node --trace-deprecation ...` to show where the warning was created)
Verilator shard 3/5	UNKNOWN STEP	2026-09-22T10:28:39.3139596Z With the provided path, there will be 13 files uploaded
Verilator shard 3/5	UNKNOWN STEP	2026-09-22T10:28:39.3144005Z Artifact name is valid!
Verilator shard 3/5	UNKNOWN STEP	2026-09-22T10:28:39.3144539Z Root directory input is valid!
Verilator shard 3/5	UNKNOWN STEP	2026-09-22T10:28:39.6133350Z Beginning upload of artifact content to blob storage
Verilator shard 3/5	UNKNOWN STEP	2026-09-22T10:28:39.6362342Z (node:6226) [DEP0169] DeprecationWarning: `url.parse()` behavior is not standardized and prone to errors that have security implications. Use the WHATWG URL API instead. CVEs are not issued for `url.parse()` vulnerabilities.
Verilator shard 3/5	UNKNOWN STEP	2026-09-22T10:28:39.8790984Z Uploaded bytes 42037
Verilator shard 3/5	UNKNOWN STEP	2026-09-22T10:28:39.9235375Z Finished uploading artifact content to blob storage!
Verilator shard 3/5	UNKNOWN STEP	2026-09-22T10:28:39.9235888Z SHA256 digest of uploaded artifact zip is 1fcf1aeb0641637892c8ccf89eb35eda44057bf588c5fd190d124ce2f949f1ff
Verilator shard 3/5	UNKNOWN STEP	2026-09-22T10:28:39.9236990Z Finalizing artifact upload
Verilator shard 3/5	UNKNOWN STEP	2026-09-22T10:28:40.1413170Z Artifact suite-logs-3.zip successfully finalized. Artifact ID 10689375314
Verilator shard 3/5	UNKNOWN STEP	2026-09-22T10:28:40.1413775Z Artifact suite-logs-3 has been successfully uploaded! Final size is 42037 bytes. Artifact ID is 10689375314
Verilator shard 3/5	UNKNOWN STEP	2026-09-22T10:28:40.1418329Z Artifact download URL: https://github.com/kebag-logic/milan-fpga/actions/runs/35715778753/artifacts/10689375314
Verilator shard 3/5	UNKNOWN STEP	2026-09-22T10:28:40.1557656Z Node 20 is being deprecated. This workflow is running with Node 24 by default. If you need to temporarily use Node 20, you can set the ACTIONS_ALLOW_USE_UNSECURE_NODE_VERSION=true environment variable. For more information see: https://github.blog/changelog/2025-09-19-deprecation-of-node-20-on-github-actions-runners/
Verilator shard 3/5	UNKNOWN STEP	2026-09-22T10:28:40.1558326Z Post job cleanup.
Verilator shard 3/5	UNKNOWN STEP	2026-09-22T10:28:40.2291575Z Cache hit occurred on the primary key yosys-v0.66-Linux, not saving cache.
Verilator shard 3/5	UNKNOWN STEP	2026-09-22T10:28:40.2293352Z (node:6239) [DEP0040] DeprecationWarning: The `punycode` module is deprecated. Please use a userland alternative instead.
Verilator shard 3/5	UNKNOWN STEP	2026-09-22T10:28:40.2293932Z (Use `node --trace-deprecation ...` to show where the warning was created)
Verilator shard 3/5	UNKNOWN STEP	2026-09-22T10:28:40.2399993Z Node 20 is being deprecated. This workflow is running with Node 24 by default. If you need to temporarily use Node 20, you can set the ACTIONS_ALLOW_USE_UNSECURE_NODE_VERSION=true environment variable. For more information see: https://github.blog/changelog/2025-09-19-deprecation-of-node-20-on-github-actions-runners/
Verilator shard 3/5	UNKNOWN STEP	2026-09-22T10:28:40.2400636Z Post job cleanup.
Verilator shard 3/5	UNKNOWN STEP	2026-09-22T10:28:40.3106413Z Cache hit occurred on the primary key verilator-v5.050-Linux, not saving cache.
Verilator shard 3/5	UNKNOWN STEP	2026-09-22T10:28:40.3107457Z (node:6247) [DEP0040] DeprecationWarning: The `punycode` module is deprecated. Please use a userland alternative instead.
Verilator shard 3/5	UNKNOWN STEP	2026-09-22T10:28:40.3108037Z (Use `node --trace-deprecation ...` to show where the warning was created)
Verilator shard 3/5	UNKNOWN STEP	2026-09-22T10:28:40.3205691Z Node 20 is being deprecated. This workflow is running with Node 24 by default. If you need to temporarily use Node 20, you can set the ACTIONS_ALLOW_USE_UNSECURE_NODE_VERSION=true environment variable. For more information see: https://github.blog/changelog/2025-09-19-deprecation-of-node-20-on-github-actions-runners/
Verilator shard 3/5	UNKNOWN STEP	2026-09-22T10:28:40.3206353Z Post job cleanup.
Verilator shard 3/5	UNKNOWN STEP	2026-09-22T10:28:40.3764632Z [command]/usr/bin/git version
Verilator shard 3/5	UNKNOWN STEP	2026-09-22T10:28:40.3800241Z git version 2.55.0
Verilator shard 3/5	UNKNOWN STEP	2026-09-22T10:28:40.3823242Z Temporarily overriding HOME='/home/runner/work/_temp/cef3dc36-5d3a-4d2c-a0b3-55e9b2da0ccb' before making global git config changes
Verilator shard 3/5	UNKNOWN STEP	2026-09-22T10:28:40.3824105Z Adding repository directory to the temporary git global config as a safe directory
Verilator shard 3/5	UNKNOWN STEP	2026-09-22T10:28:40.3827659Z [command]/usr/bin/git config --global --add safe.directory /home/runner/work/milan-fpga/milan-fpga
Verilator shard 3/5	UNKNOWN STEP	2026-09-22T10:28:40.3862075Z [command]/usr/bin/git config --local --name-only --get-regexp core\.sshCommand
Verilator shard 3/5	UNKNOWN STEP	2026-09-22T10:28:40.3894871Z [command]/usr/bin/git submodule foreach --recursive sh -c "git config --local --name-only --get-regexp 'core\.sshCommand' && git config --local --unset-all 'core.sshCommand' || :"
Verilator shard 3/5	UNKNOWN STEP	2026-09-22T10:28:40.4083532Z Entering 'gptp-processor'
Verilator shard 3/5	UNKNOWN STEP	2026-09-22T10:28:40.4267130Z Entering 'protocol-processor'
Verilator shard 3/5	UNKNOWN STEP	2026-09-22T10:28:40.4303251Z Entering 'third_party/verilog-axis'
Verilator shard 3/5	UNKNOWN STEP	2026-09-22T10:28:40.4351674Z [command]/usr/bin/git config --local --name-only --get-regexp http\.https\:\/\/github\.com\/\.extraheader
Verilator shard 3/5	UNKNOWN STEP	2026-09-22T10:28:40.4375998Z http.https://github.com/.extraheader
Verilator shard 3/5	UNKNOWN STEP	2026-09-22T10:28:40.4383683Z [command]/usr/bin/git config --local --unset-all http.https://github.com/.extraheader
Verilator shard 3/5	UNKNOWN STEP	2026-09-22T10:28:40.4413827Z [command]/usr/bin/git submodule foreach --recursive sh -c "git config --local --name-only --get-regexp 'http\.https\:\/\/github\.com\/\.extraheader' && git config --local --unset-all 'http.https://github.com/.extraheader' || :"
Verilator shard 3/5	UNKNOWN STEP	2026-09-22T10:28:40.4581262Z Entering 'gptp-processor'
Verilator shard 3/5	UNKNOWN STEP	2026-09-22T10:28:40.4614444Z Entering 'protocol-processor'
Verilator shard 3/5	UNKNOWN STEP	2026-09-22T10:28:40.4649115Z Entering 'third_party/verilog-axis'
Verilator shard 3/5	UNKNOWN STEP	2026-09-22T10:28:40.4696283Z [command]/usr/bin/git config --local --name-only --get-regexp ^includeIf\.gitdir:
Verilator shard 3/5	UNKNOWN STEP	2026-09-22T10:28:40.4730609Z [command]/usr/bin/git submodule foreach --recursive git config --local --show-origin --name-only --get-regexp remote.origin.url
Verilator shard 3/5	UNKNOWN STEP	2026-09-22T10:28:40.4904453Z Entering 'gptp-processor'
Verilator shard 3/5	UNKNOWN STEP	2026-09-22T10:28:40.4921780Z file:/home/runner/work/milan-fpga/milan-fpga/.git/modules/gptp-processor/config	remote.origin.url
Verilator shard 3/5	UNKNOWN STEP	2026-09-22T10:28:40.4935247Z Entering 'protocol-processor'
Verilator shard 3/5	UNKNOWN STEP	2026-09-22T10:28:40.4949000Z file:/home/runner/work/milan-fpga/milan-fpga/.git/modules/protocol-processor/config	remote.origin.url
Verilator shard 3/5	UNKNOWN STEP	2026-09-22T10:28:40.4963139Z Entering 'third_party/verilog-axis'
Verilator shard 3/5	UNKNOWN STEP	2026-09-22T10:28:40.4976805Z file:/home/runner/work/milan-fpga/milan-fpga/.git/modules/third_party/verilog-axis/config	remote.origin.url
Verilator shard 3/5	UNKNOWN STEP	2026-09-22T10:28:40.5006788Z [command]/usr/bin/git config --file /home/runner/work/milan-fpga/milan-fpga/.git/modules/gptp-processor/config --name-only --get-regexp ^includeIf\.gitdir:
Verilator shard 3/5	UNKNOWN STEP	2026-09-22T10:28:40.5040992Z [command]/usr/bin/git config --file /home/runner/work/milan-fpga/milan-fpga/.git/modules/protocol-processor/config --name-only --get-regexp ^includeIf\.gitdir:
Verilator shard 3/5	UNKNOWN STEP	2026-09-22T10:28:40.5070703Z [command]/usr/bin/git config --file /home/runner/work/milan-fpga/milan-fpga/.git/modules/third_party/verilog-axis/config --name-only --get-regexp ^includeIf\.gitdir:
Verilator shard 3/5	UNKNOWN STEP	2026-09-22T10:28:40.5230513Z Cleaning up orphan processes
Verilator shard 3/5	UNKNOWN STEP	2026-09-22T10:28:40.5435178Z ##[warning]Node.js 20 is deprecated. The following actions target Node.js 20 but are being forced to run on Node.js 24: actions/cache@v4, actions/checkout@v4, actions/upload-artifact@v4. For more information see: https://github.blog/changelog/2025-09-19-deprecation-of-node-20-on-github-actions-runners/
Yosys shard 1/4	UNKNOWN STEP	﻿2026-09-22T10:24:36.8813532Z Current runner version: '2.337.0'
Yosys shard 1/4	UNKNOWN STEP	2026-09-22T10:24:36.8833941Z ##[group]Runner Image Provisioner
Yosys shard 1/4	UNKNOWN STEP	2026-09-22T10:24:36.8834874Z Hosted Compute Agent
Yosys shard 1/4	UNKNOWN STEP	2026-09-22T10:24:36.8835654Z Version: 20260828.587
Yosys shard 1/4	UNKNOWN STEP	2026-09-22T10:24:36.8836697Z Commit: abac92662cab4cc7352de4f9f9d2e2419aad9c29
Yosys shard 1/4	UNKNOWN STEP	2026-09-22T10:24:36.8837637Z Build Date: 2026-08-28T16:44:25Z
Yosys shard 1/4	UNKNOWN STEP	2026-09-22T10:24:36.8838474Z Worker ID: {f83097da-95de-44e7-b9a2-4be610e05c42}
Yosys shard 1/4	UNKNOWN STEP	2026-09-22T10:24:36.8839354Z Azure Region: northcentralus
Yosys shard 1/4	UNKNOWN STEP	2026-09-22T10:24:36.8840149Z ##[endgroup]
Yosys shard 1/4	UNKNOWN STEP	2026-09-22T10:24:36.8841848Z ##[group]Operating System
Yosys shard 1/4	UNKNOWN STEP	2026-09-22T10:24:36.8842620Z Ubuntu
Yosys shard 1/4	UNKNOWN STEP	2026-09-22T10:24:36.8843338Z 24.04.5
Yosys shard 1/4	UNKNOWN STEP	2026-09-22T10:24:36.8844073Z LTS
Yosys shard 1/4	UNKNOWN STEP	2026-09-22T10:24:36.8844772Z ##[endgroup]
Yosys shard 1/4	UNKNOWN STEP	2026-09-22T10:24:36.8845517Z ##[group]Runner Image
Yosys shard 1/4	UNKNOWN STEP	2026-09-22T10:24:36.8846400Z Image: ubuntu-24.04
Yosys shard 1/4	UNKNOWN STEP	2026-09-22T10:24:36.8847219Z Version: 20260907.300.1
Yosys shard 1/4	UNKNOWN STEP	2026-09-22T10:24:36.8848741Z Included Software: https://github.com/actions/runner-images/blob/ubuntu24/20260907.300/images/ubuntu/Ubuntu2404-Readme.md
Yosys shard 1/4	UNKNOWN STEP	2026-09-22T10:24:36.8850851Z Image Release: https://github.com/actions/runner-images/releases/tag/ubuntu24%2F20260907.300
Yosys shard 1/4	UNKNOWN STEP	2026-09-22T10:24:36.8852096Z ##[endgroup]
Yosys shard 1/4	UNKNOWN STEP	2026-09-22T10:24:36.8853709Z ##[group]GITHUB_TOKEN Permissions
Yosys shard 1/4	UNKNOWN STEP	2026-09-22T10:24:36.8856142Z Contents: read
Yosys shard 1/4	UNKNOWN STEP	2026-09-22T10:24:36.8856964Z Metadata: read
Yosys shard 1/4	UNKNOWN STEP	2026-09-22T10:24:36.8857689Z Packages: read
Yosys shard 1/4	UNKNOWN STEP	2026-09-22T10:24:36.8858436Z ##[endgroup]
Yosys shard 1/4	UNKNOWN STEP	2026-09-22T10:24:36.8860719Z Secret source: Actions
Yosys shard 1/4	UNKNOWN STEP	2026-09-22T10:24:36.8861916Z Cache mode: write
Yosys shard 1/4	UNKNOWN STEP	2026-09-22T10:24:36.8862779Z Prepare workflow directory
Yosys shard 1/4	UNKNOWN STEP	2026-09-22T10:24:36.9296342Z Prepare all required actions
Yosys shard 1/4	UNKNOWN STEP	2026-09-22T10:24:36.9351730Z Getting action download info
Yosys shard 1/4	UNKNOWN STEP	2026-09-22T10:24:37.1335119Z Download action repository 'actions/checkout@v4' (SHA:11d5960a326750d5838078e36cf38b85af677262)
Yosys shard 1/4	UNKNOWN STEP	2026-09-22T10:24:37.2511584Z Download action repository 'actions/cache@v4' (SHA:0057852bfaa89a56745cba8c7296529d2fc39830)
Yosys shard 1/4	UNKNOWN STEP	2026-09-22T10:24:37.3898515Z Download action repository 'actions/upload-artifact@v4' (SHA:ea165f8d65b6e75b540449e92b4886f43607fa02)
Yosys shard 1/4	UNKNOWN STEP	2026-09-22T10:24:37.6402515Z Complete job name: Yosys shard 1/4
Yosys shard 1/4	UNKNOWN STEP	2026-09-22T10:24:37.6994591Z Node 20 is being deprecated. This workflow is running with Node 24 by default. If you need to temporarily use Node 20, you can set the ACTIONS_ALLOW_USE_UNSECURE_NODE_VERSION=true environment variable. For more information see: https://github.blog/changelog/2025-09-19-deprecation-of-node-20-on-github-actions-runners/
Yosys shard 1/4	UNKNOWN STEP	2026-09-22T10:24:37.7001207Z ##[group]Run actions/checkout@v4
Yosys shard 1/4	UNKNOWN STEP	2026-09-22T10:24:37.7001735Z with:
Yosys shard 1/4	UNKNOWN STEP	2026-09-22T10:24:37.7002098Z   repository: kebag-logic/milan-fpga
Yosys shard 1/4	UNKNOWN STEP	2026-09-22T10:24:37.7005181Z   token: ***
Yosys shard 1/4	UNKNOWN STEP	2026-09-22T10:24:37.7005523Z   ssh-strict: true
Yosys shard 1/4	UNKNOWN STEP	2026-09-22T10:24:37.7006148Z   ssh-user: git
Yosys shard 1/4	UNKNOWN STEP	2026-09-22T10:24:37.7006538Z   persist-credentials: true
Yosys shard 1/4	UNKNOWN STEP	2026-09-22T10:24:37.7006920Z   clean: true
Yosys shard 1/4	UNKNOWN STEP	2026-09-22T10:24:37.7007274Z   sparse-checkout-cone-mode: true
Yosys shard 1/4	UNKNOWN STEP	2026-09-22T10:24:37.7007681Z   fetch-depth: 1
Yosys shard 1/4	UNKNOWN STEP	2026-09-22T10:24:37.7008064Z   fetch-tags: false
Yosys shard 1/4	UNKNOWN STEP	2026-09-22T10:24:37.7008411Z   show-progress: true
Yosys shard 1/4	UNKNOWN STEP	2026-09-22T10:24:37.7008778Z   lfs: false
Yosys shard 1/4	UNKNOWN STEP	2026-09-22T10:24:37.7009135Z   submodules: false
Yosys shard 1/4	UNKNOWN STEP	2026-09-22T10:24:37.7009488Z   set-safe-directory: true
Yosys shard 1/4	UNKNOWN STEP	2026-09-22T10:24:37.7009883Z   allow-unsafe-pr-checkout: false
Yosys shard 1/4	UNKNOWN STEP	2026-09-22T10:24:37.7010502Z env:
Yosys shard 1/4	UNKNOWN STEP	2026-09-22T10:24:37.7010826Z   VERILATOR_VERSION: v5.050
Yosys shard 1/4	UNKNOWN STEP	2026-09-22T10:24:37.7011209Z   YOSYS_VERSION: v0.66
Yosys shard 1/4	UNKNOWN STEP	2026-09-22T10:24:37.7011625Z   TSN_GEN_REV: deca300c9eb4863fa13383b45ba6cb6fd0828671
Yosys shard 1/4	UNKNOWN STEP	2026-09-22T10:24:37.7012094Z ##[endgroup]
Yosys shard 1/4	UNKNOWN STEP	2026-09-22T10:24:37.7832105Z Syncing repository: kebag-logic/milan-fpga
Yosys shard 1/4	UNKNOWN STEP	2026-09-22T10:24:37.7834121Z ##[group]Getting Git version info
Yosys shard 1/4	UNKNOWN STEP	2026-09-22T10:24:37.7835020Z Working directory is '/home/runner/work/milan-fpga/milan-fpga'
Yosys shard 1/4	UNKNOWN STEP	2026-09-22T10:24:37.7836442Z [command]/usr/bin/git version
Yosys shard 1/4	UNKNOWN STEP	2026-09-22T10:24:37.7874028Z git version 2.55.0
Yosys shard 1/4	UNKNOWN STEP	2026-09-22T10:24:37.7890636Z ##[endgroup]
Yosys shard 1/4	UNKNOWN STEP	2026-09-22T10:24:37.7901662Z Temporarily overriding HOME='/home/runner/work/_temp/48671a8d-fe6c-4147-96be-89ed314e2b67' before making global git config changes
Yosys shard 1/4	UNKNOWN STEP	2026-09-22T10:24:37.7903869Z Adding repository directory to the temporary git global config as a safe directory
Yosys shard 1/4	UNKNOWN STEP	2026-09-22T10:24:37.7905466Z [command]/usr/bin/git config --global --add safe.directory /home/runner/work/milan-fpga/milan-fpga
Yosys shard 1/4	UNKNOWN STEP	2026-09-22T10:24:37.7949909Z Deleting the contents of '/home/runner/work/milan-fpga/milan-fpga'
Yosys shard 1/4	UNKNOWN STEP	2026-09-22T10:24:37.7953351Z ##[group]Initializing the repository
Yosys shard 1/4	UNKNOWN STEP	2026-09-22T10:24:37.7956826Z [command]/usr/bin/git init /home/runner/work/milan-fpga/milan-fpga
Yosys shard 1/4	UNKNOWN STEP	2026-09-22T10:24:37.8026067Z hint: Using 'master' as the name for the initial branch. This default branch name
Yosys shard 1/4	UNKNOWN STEP	2026-09-22T10:24:37.8026962Z hint: will change to "main" in Git 3.0. To configure the initial branch name
Yosys shard 1/4	UNKNOWN STEP	2026-09-22T10:24:37.8027689Z hint: to use in all of your new repositories, which will suppress this warning,
Yosys shard 1/4	UNKNOWN STEP	2026-09-22T10:24:37.8028267Z hint: call:
Yosys shard 1/4	UNKNOWN STEP	2026-09-22T10:24:37.8028594Z hint:
Yosys shard 1/4	UNKNOWN STEP	2026-09-22T10:24:37.8029015Z hint: 	git config --global init.defaultBranch <name>
Yosys shard 1/4	UNKNOWN STEP	2026-09-22T10:24:37.8029536Z hint:
Yosys shard 1/4	UNKNOWN STEP	2026-09-22T10:24:37.8030013Z hint: Names commonly chosen instead of 'master' are 'main', 'trunk' and
Yosys shard 1/4	UNKNOWN STEP	2026-09-22T10:24:37.8030727Z hint: 'development'. The just-created branch can be renamed via this command:
Yosys shard 1/4	UNKNOWN STEP	2026-09-22T10:24:37.8031293Z hint:
Yosys shard 1/4	UNKNOWN STEP	2026-09-22T10:24:37.8031632Z hint: 	git branch -m <name>
Yosys shard 1/4	UNKNOWN STEP	2026-09-22T10:24:37.8032025Z hint:
Yosys shard 1/4	UNKNOWN STEP	2026-09-22T10:24:37.8032526Z hint: Disable this message with "git config set advice.defaultBranchName false"
Yosys shard 1/4	UNKNOWN STEP	2026-09-22T10:24:37.8037766Z Initialized empty Git repository in /home/runner/work/milan-fpga/milan-fpga/.git/
Yosys shard 1/4	UNKNOWN STEP	2026-09-22T10:24:37.8044902Z [command]/usr/bin/git remote add origin https://github.com/kebag-logic/milan-fpga
Yosys shard 1/4	UNKNOWN STEP	2026-09-22T10:24:37.8081700Z ##[endgroup]
Yosys shard 1/4	UNKNOWN STEP	2026-09-22T10:24:37.8082678Z ##[group]Disabling automatic garbage collection
Yosys shard 1/4	UNKNOWN STEP	2026-09-22T10:24:37.8086447Z [command]/usr/bin/git config --local gc.auto 0
Yosys shard 1/4	UNKNOWN STEP	2026-09-22T10:24:37.8112789Z ##[endgroup]
Yosys shard 1/4	UNKNOWN STEP	2026-09-22T10:24:37.8113362Z ##[group]Setting up auth
Yosys shard 1/4	UNKNOWN STEP	2026-09-22T10:24:37.8118803Z [command]/usr/bin/git config --local --name-only --get-regexp core\.sshCommand
Yosys shard 1/4	UNKNOWN STEP	2026-09-22T10:24:37.8146908Z [command]/usr/bin/git submodule foreach --recursive sh -c "git config --local --name-only --get-regexp 'core\.sshCommand' && git config --local --unset-all 'core.sshCommand' || :"
Yosys shard 1/4	UNKNOWN STEP	2026-09-22T10:24:37.8434376Z [command]/usr/bin/git config --local --name-only --get-regexp http\.https\:\/\/github\.com\/\.extraheader
Yosys shard 1/4	UNKNOWN STEP	2026-09-22T10:24:37.8466771Z [command]/usr/bin/git submodule foreach --recursive sh -c "git config --local --name-only --get-regexp 'http\.https\:\/\/github\.com\/\.extraheader' && git config --local --unset-all 'http.https://github.com/.extraheader' || :"
Yosys shard 1/4	UNKNOWN STEP	2026-09-22T10:24:37.8677137Z [command]/usr/bin/git config --local --name-only --get-regexp ^includeIf\.gitdir:
Yosys shard 1/4	UNKNOWN STEP	2026-09-22T10:24:37.8706925Z [command]/usr/bin/git submodule foreach --recursive git config --local --show-origin --name-only --get-regexp remote.origin.url
Yosys shard 1/4	UNKNOWN STEP	2026-09-22T10:24:37.8894421Z [command]/usr/bin/git config --local http.https://github.com/.extraheader AUTHORIZATION: basic ***
Yosys shard 1/4	UNKNOWN STEP	2026-09-22T10:24:37.8929489Z ##[endgroup]
Yosys shard 1/4	UNKNOWN STEP	2026-09-22T10:24:37.8930426Z ##[group]Fetching the repository
Yosys shard 1/4	UNKNOWN STEP	2026-09-22T10:24:37.8938764Z [command]/usr/bin/git -c protocol.version=2 fetch --no-tags --prune --no-recurse-submodules --depth=1 origin +ec34fcdee0ca9ffa63564a9af8ad70a3a618de29:refs/remotes/origin/dev
Yosys shard 1/4	UNKNOWN STEP	2026-09-22T10:24:39.2166373Z From https://github.com/kebag-logic/milan-fpga
Yosys shard 1/4	UNKNOWN STEP	2026-09-22T10:24:39.2167822Z  * [new ref]         ec34fcdee0ca9ffa63564a9af8ad70a3a618de29 -> origin/dev
Yosys shard 1/4	UNKNOWN STEP	2026-09-22T10:24:39.2179729Z ##[endgroup]
Yosys shard 1/4	UNKNOWN STEP	2026-09-22T10:24:39.2180760Z ##[group]Determining the checkout info
Yosys shard 1/4	UNKNOWN STEP	2026-09-22T10:24:39.2188042Z ##[endgroup]
Yosys shard 1/4	UNKNOWN STEP	2026-09-22T10:24:39.2188679Z [command]/usr/bin/git sparse-checkout disable
Yosys shard 1/4	UNKNOWN STEP	2026-09-22T10:24:39.2221384Z [command]/usr/bin/git config --local --unset-all extensions.worktreeConfig
Yosys shard 1/4	UNKNOWN STEP	2026-09-22T10:24:39.2248758Z ##[group]Checking out the ref
Yosys shard 1/4	UNKNOWN STEP	2026-09-22T10:24:39.2252407Z [command]/usr/bin/git checkout --progress --force -B dev refs/remotes/origin/dev
Yosys shard 1/4	UNKNOWN STEP	2026-09-22T10:24:39.3385492Z Switched to a new branch 'dev'
Yosys shard 1/4	UNKNOWN STEP	2026-09-22T10:24:39.3389825Z branch 'dev' set up to track 'origin/dev'.
Yosys shard 1/4	UNKNOWN STEP	2026-09-22T10:24:39.3398462Z ##[endgroup]
Yosys shard 1/4	UNKNOWN STEP	2026-09-22T10:24:39.3436458Z [command]/usr/bin/git log -1 --format=%H
Yosys shard 1/4	UNKNOWN STEP	2026-09-22T10:24:39.3458574Z ec34fcdee0ca9ffa63564a9af8ad70a3a618de29
Yosys shard 1/4	UNKNOWN STEP	2026-09-22T10:24:39.3729864Z ##[group]Run git submodule update --init third_party/verilog-axis protocol-processor gptp-processor
Yosys shard 1/4	UNKNOWN STEP	2026-09-22T10:24:39.3732364Z ^[[36;1mgit submodule update --init third_party/verilog-axis protocol-processor gptp-processor^[[0m
Yosys shard 1/4	UNKNOWN STEP	2026-09-22T10:24:39.3769783Z shell: /usr/bin/bash -e {0}
Yosys shard 1/4	UNKNOWN STEP	2026-09-22T10:24:39.3770699Z env:
Yosys shard 1/4	UNKNOWN STEP	2026-09-22T10:24:39.3771442Z   VERILATOR_VERSION: v5.050
Yosys shard 1/4	UNKNOWN STEP	2026-09-22T10:24:39.3772341Z   YOSYS_VERSION: v0.66
Yosys shard 1/4	UNKNOWN STEP	2026-09-22T10:24:39.3773310Z   TSN_GEN_REV: deca300c9eb4863fa13383b45ba6cb6fd0828671
Yosys shard 1/4	UNKNOWN STEP	2026-09-22T10:24:39.3774429Z ##[endgroup]
Yosys shard 1/4	UNKNOWN STEP	2026-09-22T10:24:39.4020529Z Submodule 'gptp-processor' (https://github.com/Mister-M-alt/FPGA-gPTP.git) registered for path 'gptp-processor'
Yosys shard 1/4	UNKNOWN STEP	2026-09-22T10:24:39.4024257Z Submodule 'protocol-processor' (https://github.com/Mister-M-alt/protocol-processor-control-plane-avb-milan.git) registered for path 'protocol-processor'
Yosys shard 1/4	UNKNOWN STEP	2026-09-22T10:24:39.4028568Z Submodule 'third_party/verilog-axis' (https://github.com/alexforencich/verilog-axis) registered for path 'third_party/verilog-axis'
Yosys shard 1/4	UNKNOWN STEP	2026-09-22T10:24:39.4048702Z Cloning into '/home/runner/work/milan-fpga/milan-fpga/gptp-processor'...
Yosys shard 1/4	UNKNOWN STEP	2026-09-22T10:24:40.0854918Z Cloning into '/home/runner/work/milan-fpga/milan-fpga/protocol-processor'...
Yosys shard 1/4	UNKNOWN STEP	2026-09-22T10:24:40.8055676Z Cloning into '/home/runner/work/milan-fpga/milan-fpga/third_party/verilog-axis'...
Yosys shard 1/4	UNKNOWN STEP	2026-09-22T10:24:41.3747772Z Submodule path 'gptp-processor': checked out 'c1b617435824929a790739ea8585c3fe1a328cc0'
Yosys shard 1/4	UNKNOWN STEP	2026-09-22T10:24:41.4204843Z Submodule path 'protocol-processor': checked out '424c688fa2205b934a7689a58f2aa766420f2326'
Yosys shard 1/4	UNKNOWN STEP	2026-09-22T10:24:41.4361511Z Submodule path 'third_party/verilog-axis': checked out '48ff7a7e2ef782cf778d47910cf85835c64b1bce'
Yosys shard 1/4	UNKNOWN STEP	2026-09-22T10:24:41.4406926Z ##[group]Run set -euo pipefail
Yosys shard 1/4	UNKNOWN STEP	2026-09-22T10:24:41.4407232Z ^[[36;1mset -euo pipefail^[[0m
Yosys shard 1/4	UNKNOWN STEP	2026-09-22T10:24:41.4407473Z ^[[36;1mhead="$(git rev-parse HEAD)"^[[0m
Yosys shard 1/4	UNKNOWN STEP	2026-09-22T10:24:41.4407802Z ^[[36;1mif [ "$head" != "$GITHUB_SHA" ] || [ "$GITHUB_SHA" != "$TARGET_SHA" ]; then^[[0m
Yosys shard 1/4	UNKNOWN STEP	2026-09-22T10:24:41.4408270Z ^[[36;1m  echo "checkout $head, GITHUB_SHA $GITHUB_SHA and gate target $TARGET_SHA must be one SHA" >&2^[[0m
Yosys shard 1/4	UNKNOWN STEP	2026-09-22T10:24:41.4408654Z ^[[36;1m  exit 1^[[0m
Yosys shard 1/4	UNKNOWN STEP	2026-09-22T10:24:41.4408850Z ^[[36;1mfi^[[0m
Yosys shard 1/4	UNKNOWN STEP	2026-09-22T10:24:41.4409071Z ^[[36;1mmkdir -p "$RUNNER_TEMP/yosys-results"^[[0m
Yosys shard 1/4	UNKNOWN STEP	2026-09-22T10:24:41.4409425Z ^[[36;1mprintf '%s\n' "$GITHUB_SHA" > "$RUNNER_TEMP/yosys-results/TARGET_SHA"^[[0m
Yosys shard 1/4	UNKNOWN STEP	2026-09-22T10:24:41.4409786Z ^[[36;1mecho "target_sha=$GITHUB_SHA"^[[0m
Yosys shard 1/4	UNKNOWN STEP	2026-09-22T10:24:41.4442854Z shell: /usr/bin/bash -e {0}
Yosys shard 1/4	UNKNOWN STEP	2026-09-22T10:24:41.4443102Z env:
Yosys shard 1/4	UNKNOWN STEP	2026-09-22T10:24:41.4443303Z   VERILATOR_VERSION: v5.050
Yosys shard 1/4	UNKNOWN STEP	2026-09-22T10:24:41.4443533Z   YOSYS_VERSION: v0.66
Yosys shard 1/4	UNKNOWN STEP	2026-09-22T10:24:41.4443835Z   TSN_GEN_REV: deca300c9eb4863fa13383b45ba6cb6fd0828671
Yosys shard 1/4	UNKNOWN STEP	2026-09-22T10:24:41.4444166Z   TARGET_SHA: ec34fcdee0ca9ffa63564a9af8ad70a3a618de29
Yosys shard 1/4	UNKNOWN STEP	2026-09-22T10:24:41.4444450Z ##[endgroup]
Yosys shard 1/4	UNKNOWN STEP	2026-09-22T10:24:41.4517960Z target_sha=ec34fcdee0ca9ffa63564a9af8ad70a3a618de29
Yosys shard 1/4	UNKNOWN STEP	2026-09-22T10:24:41.4587085Z Node 20 is being deprecated. This workflow is running with Node 24 by default. If you need to temporarily use Node 20, you can set the ACTIONS_ALLOW_USE_UNSECURE_NODE_VERSION=true environment variable. For more information see: https://github.blog/changelog/2025-09-19-deprecation-of-node-20-on-github-actions-runners/
Yosys shard 1/4	UNKNOWN STEP	2026-09-22T10:24:41.4588356Z ##[group]Run actions/cache@v4
Yosys shard 1/4	UNKNOWN STEP	2026-09-22T10:24:41.4588591Z with:
Yosys shard 1/4	UNKNOWN STEP	2026-09-22T10:24:41.4588793Z   path: /opt/yosys
Yosys shard 1/4	UNKNOWN STEP	2026-09-22T10:24:41.4589003Z   key: yosys-v0.66-Linux
Yosys shard 1/4	UNKNOWN STEP	2026-09-22T10:24:41.4589232Z   enableCrossOsArchive: false
Yosys shard 1/4	UNKNOWN STEP	2026-09-22T10:24:41.4589461Z   fail-on-cache-miss: false
Yosys shard 1/4	UNKNOWN STEP	2026-09-22T10:24:41.4589683Z   lookup-only: false
Yosys shard 1/4	UNKNOWN STEP	2026-09-22T10:24:41.4589890Z   save-always: false
Yosys shard 1/4	UNKNOWN STEP	2026-09-22T10:24:41.4590297Z env:
Yosys shard 1/4	UNKNOWN STEP	2026-09-22T10:24:41.4590498Z   VERILATOR_VERSION: v5.050
Yosys shard 1/4	UNKNOWN STEP	2026-09-22T10:24:41.4590739Z   YOSYS_VERSION: v0.66
Yosys shard 1/4	UNKNOWN STEP	2026-09-22T10:24:41.4590985Z   TSN_GEN_REV: deca300c9eb4863fa13383b45ba6cb6fd0828671
Yosys shard 1/4	UNKNOWN STEP	2026-09-22T10:24:41.4591292Z ##[endgroup]
Yosys shard 1/4	UNKNOWN STEP	2026-09-22T10:24:41.5420988Z (node:2099) [DEP0040] DeprecationWarning: The `punycode` module is deprecated. Please use a userland alternative instead.
Yosys shard 1/4	UNKNOWN STEP	2026-09-22T10:24:41.5421709Z (Use `node --trace-deprecation ...` to show where the warning was created)
Yosys shard 1/4	UNKNOWN STEP	2026-09-22T10:24:41.6588114Z Cache hit for: yosys-v0.66-Linux
Yosys shard 1/4	UNKNOWN STEP	2026-09-22T10:24:41.6671747Z (node:2099) [DEP0169] DeprecationWarning: `url.parse()` behavior is not standardized and prone to errors that have security implications. Use the WHATWG URL API instead. CVEs are not issued for `url.parse()` vulnerabilities.
Yosys shard 1/4	UNKNOWN STEP	2026-09-22T10:24:42.1872105Z Received 19685025 of 19685025 (100.0%), 44.9 MBs/sec
Yosys shard 1/4	UNKNOWN STEP	2026-09-22T10:24:42.1872547Z Cache Size: ~19 MB (19685025 B)
Yosys shard 1/4	UNKNOWN STEP	2026-09-22T10:24:42.1891130Z [command]/usr/bin/tar -xf /home/runner/work/_temp/905ac310-d30d-4510-82b0-7bf2fca85c6a/cache.tzst -P -C /home/runner/work/milan-fpga/milan-fpga --use-compress-program unzstd
Yosys shard 1/4	UNKNOWN STEP	2026-09-22T10:24:42.3088917Z Cache restored successfully
Yosys shard 1/4	UNKNOWN STEP	2026-09-22T10:24:42.3156884Z Cache restored from key: yosys-v0.66-Linux
Yosys shard 1/4	UNKNOWN STEP	2026-09-22T10:24:42.3283580Z ##[group]Run set -euo pipefail
Yosys shard 1/4	UNKNOWN STEP	2026-09-22T10:24:42.3283842Z ^[[36;1mset -euo pipefail^[[0m
Yosys shard 1/4	UNKNOWN STEP	2026-09-22T10:24:42.3284050Z ^[[36;1msudo apt-get update -qq^[[0m
Yosys shard 1/4	UNKNOWN STEP	2026-09-22T10:24:42.3284344Z ^[[36;1msudo apt-get install -y --no-install-recommends libjemalloc2^[[0m
Yosys shard 1/4	UNKNOWN STEP	2026-09-22T10:24:42.3284733Z ^[[36;1msudo ln -sf /opt/yosys/bin/yosys /opt/yosys/bin/yosys-abc /usr/local/bin/^[[0m
Yosys shard 1/4	UNKNOWN STEP	2026-09-22T10:24:42.3285052Z ^[[36;1mtest -x /opt/yosys/bin/yosys-abc^[[0m
Yosys shard 1/4	UNKNOWN STEP	2026-09-22T10:24:42.3285310Z ^[[36;1mecho "bundled ABC: $(cat /opt/yosys/ABC_REV)"^[[0m
Yosys shard 1/4	UNKNOWN STEP	2026-09-22T10:24:42.3285551Z ^[[36;1myosys -V^[[0m
Yosys shard 1/4	UNKNOWN STEP	2026-09-22T10:24:42.3285751Z ^[[36;1myosys -V | grep -F "Yosys ${YOSYS_VERSION#v}"^[[0m
Yosys shard 1/4	UNKNOWN STEP	2026-09-22T10:24:42.3317599Z shell: /usr/bin/bash -e {0}
Yosys shard 1/4	UNKNOWN STEP	2026-09-22T10:24:42.3317825Z env:
Yosys shard 1/4	UNKNOWN STEP	2026-09-22T10:24:42.3317993Z   VERILATOR_VERSION: v5.050
Yosys shard 1/4	UNKNOWN STEP	2026-09-22T10:24:42.3318192Z   YOSYS_VERSION: v0.66
Yosys shard 1/4	UNKNOWN STEP	2026-09-22T10:24:42.3318411Z   TSN_GEN_REV: deca300c9eb4863fa13383b45ba6cb6fd0828671
Yosys shard 1/4	UNKNOWN STEP	2026-09-22T10:24:42.3318661Z ##[endgroup]
Yosys shard 1/4	UNKNOWN STEP	2026-09-22T10:24:51.8557063Z Reading package lists...
Yosys shard 1/4	UNKNOWN STEP	2026-09-22T10:24:52.0061015Z Building dependency tree...
Yosys shard 1/4	UNKNOWN STEP	2026-09-22T10:24:52.0067168Z Reading state information...
Yosys shard 1/4	UNKNOWN STEP	2026-09-22T10:24:52.1502529Z The following NEW packages will be installed:
Yosys shard 1/4	UNKNOWN STEP	2026-09-22T10:24:52.1505355Z   libjemalloc2
Yosys shard 1/4	UNKNOWN STEP	2026-09-22T10:24:52.1644134Z 0 upgraded, 1 newly installed, 0 to remove and 87 not upgraded.
Yosys shard 1/4	UNKNOWN STEP	2026-09-22T10:24:52.1644456Z Need to get 256 kB of archives.
Yosys shard 1/4	UNKNOWN STEP	2026-09-22T10:24:52.1644743Z After this operation, 859 kB of additional disk space will be used.
Yosys shard 1/4	UNKNOWN STEP	2026-09-22T10:24:52.1645143Z Get:1 file:/etc/apt/apt-mirrors.txt Mirrorlist [144 B]
Yosys shard 1/4	UNKNOWN STEP	2026-09-22T10:24:52.2073118Z Get:2 http://azure.archive.ubuntu.com/ubuntu noble/universe amd64 libjemalloc2 amd64 5.3.0-2build1 [256 kB]
Yosys shard 1/4	UNKNOWN STEP	2026-09-22T10:24:52.7411376Z Fetched 256 kB in 0s (4394 kB/s)
Yosys shard 1/4	UNKNOWN STEP	2026-09-22T10:24:52.8055549Z Selecting previously unselected package libjemalloc2:amd64.
Yosys shard 1/4	UNKNOWN STEP	2026-09-22T10:24:52.8612996Z (Reading database ... 
Yosys shard 1/4	UNKNOWN STEP	2026-09-22T10:24:52.8613426Z (Reading database ... 5%
Yosys shard 1/4	UNKNOWN STEP	2026-09-22T10:24:52.8613660Z (Reading database ... 10%
Yosys shard 1/4	UNKNOWN STEP	2026-09-22T10:24:52.8613859Z (Reading database ... 15%
Yosys shard 1/4	UNKNOWN STEP	2026-09-22T10:24:52.8614052Z (Reading database ... 20%
Yosys shard 1/4	UNKNOWN STEP	2026-09-22T10:24:52.8614239Z (Reading database ... 25%
Yosys shard 1/4	UNKNOWN STEP	2026-09-22T10:24:52.8614423Z (Reading database ... 30%
Yosys shard 1/4	UNKNOWN STEP	2026-09-22T10:24:52.8614616Z (Reading database ... 35%
Yosys shard 1/4	UNKNOWN STEP	2026-09-22T10:24:52.8614901Z (Reading database ... 40%
Yosys shard 1/4	UNKNOWN STEP	2026-09-22T10:24:52.8615160Z (Reading database ... 45%
Yosys shard 1/4	UNKNOWN STEP	2026-09-22T10:24:52.8615417Z (Reading database ... 50%
Yosys shard 1/4	UNKNOWN STEP	2026-09-22T10:24:52.9349968Z (Reading database ... 55%
Yosys shard 1/4	UNKNOWN STEP	2026-09-22T10:24:53.5382414Z (Reading database ... 60%
Yosys shard 1/4	UNKNOWN STEP	2026-09-22T10:24:54.3085084Z (Reading database ... 65%
Yosys shard 1/4	UNKNOWN STEP	2026-09-22T10:24:54.8268697Z (Reading database ... 70%
Yosys shard 1/4	UNKNOWN STEP	2026-09-22T10:24:55.1998165Z (Reading database ... 75%
Yosys shard 1/4	UNKNOWN STEP	2026-09-22T10:24:56.0937290Z (Reading database ... 80%
Yosys shard 1/4	UNKNOWN STEP	2026-09-22T10:24:57.2663677Z (Reading database ... 85%
Yosys shard 1/4	UNKNOWN STEP	2026-09-22T10:24:58.2726481Z (Reading database ... 90%
Yosys shard 1/4	UNKNOWN STEP	2026-09-22T10:24:59.6704793Z (Reading database ... 95%
Yosys shard 1/4	UNKNOWN STEP	2026-09-22T10:24:59.6705230Z (Reading database ... 100%
Yosys shard 1/4	UNKNOWN STEP	2026-09-22T10:24:59.6705701Z (Reading database ... 201818 files and directories currently installed.)
Yosys shard 1/4	UNKNOWN STEP	2026-09-22T10:24:59.6748382Z Preparing to unpack .../libjemalloc2_5.3.0-2build1_amd64.deb ...
Yosys shard 1/4	UNKNOWN STEP	2026-09-22T10:24:59.8541495Z Unpacking libjemalloc2:amd64 (5.3.0-2build1) ...
Yosys shard 1/4	UNKNOWN STEP	2026-09-22T10:25:00.8242789Z Setting up libjemalloc2:amd64 (5.3.0-2build1) ...
Yosys shard 1/4	UNKNOWN STEP	2026-09-22T10:25:01.8135438Z Processing triggers for libc-bin (2.39-0ubuntu8.8) ...
Yosys shard 1/4	UNKNOWN STEP	2026-09-22T10:25:07.0438575Z 
Yosys shard 1/4	UNKNOWN STEP	2026-09-22T10:25:07.0439138Z Running kernel seems to be up-to-date.
Yosys shard 1/4	UNKNOWN STEP	2026-09-22T10:25:07.0439373Z 
Yosys shard 1/4	UNKNOWN STEP	2026-09-22T10:25:07.0439469Z No services need to be restarted.
Yosys shard 1/4	UNKNOWN STEP	2026-09-22T10:25:07.0439614Z 
Yosys shard 1/4	UNKNOWN STEP	2026-09-22T10:25:07.0439714Z No containers need to be restarted.
Yosys shard 1/4	UNKNOWN STEP	2026-09-22T10:25:07.0439890Z 
Yosys shard 1/4	UNKNOWN STEP	2026-09-22T10:25:07.0439988Z No user sessions are running outdated binaries.
Yosys shard 1/4	UNKNOWN STEP	2026-09-22T10:25:07.0440158Z 
Yosys shard 1/4	UNKNOWN STEP	2026-09-22T10:25:07.0440318Z No VM guests are running outdated hypervisor (qemu) binaries on this host.
Yosys shard 1/4	UNKNOWN STEP	2026-09-22T10:25:07.7992004Z bundled ABC: 5d51a5e420f5de493d07bf61109a977248c86ffb
Yosys shard 1/4	UNKNOWN STEP	2026-09-22T10:25:07.8019474Z Yosys 0.66 (git sha1 86f2ddebc, g++ 13.3.0-6ubuntu2~24.04.1 -fPIC -O3)
Yosys shard 1/4	UNKNOWN STEP	2026-09-22T10:25:07.8053495Z Yosys 0.66 (git sha1 86f2ddebc, g++ 13.3.0-6ubuntu2~24.04.1 -fPIC -O3)
Yosys shard 1/4	UNKNOWN STEP	2026-09-22T10:25:07.8082176Z ##[group]Run set -euo pipefail
Yosys shard 1/4	UNKNOWN STEP	2026-09-22T10:25:07.8082433Z ^[[36;1mset -euo pipefail^[[0m
Yosys shard 1/4	UNKNOWN STEP	2026-09-22T10:25:07.8082632Z ^[[36;1mver=v0.0.12^[[0m
Yosys shard 1/4	UNKNOWN STEP	2026-09-22T10:25:07.8082938Z ^[[36;1msha256=ff8c9eea5bc029b372fb4953427625cddb7cf7e58c1240623ac9f260818d5a00^[[0m
Yosys shard 1/4	UNKNOWN STEP	2026-09-22T10:25:07.8083389Z ^[[36;1murl="https://github.com/zachjs/sv2v/releases/download/${ver}/sv2v-Linux.zip"^[[0m
Yosys shard 1/4	UNKNOWN STEP	2026-09-22T10:25:07.8083735Z ^[[36;1mcurl -fsSL "$url" -o /tmp/sv2v.zip^[[0m
Yosys shard 1/4	UNKNOWN STEP	2026-09-22T10:25:07.8084015Z ^[[36;1mecho "${sha256}  /tmp/sv2v.zip" | sha256sum -c -^[[0m
Yosys shard 1/4	UNKNOWN STEP	2026-09-22T10:25:07.8084322Z ^[[36;1munzip -q -o /tmp/sv2v.zip -d /tmp/sv2v^[[0m
Yosys shard 1/4	UNKNOWN STEP	2026-09-22T10:25:07.8084655Z ^[[36;1msudo install -m755 "$(find /tmp/sv2v -name sv2v -type f | head -1)" \^[[0m
Yosys shard 1/4	UNKNOWN STEP	2026-09-22T10:25:07.8084954Z ^[[36;1m  /usr/local/bin/sv2v^[[0m
Yosys shard 1/4	UNKNOWN STEP	2026-09-22T10:25:07.8085163Z ^[[36;1msv2v --version^[[0m
Yosys shard 1/4	UNKNOWN STEP	2026-09-22T10:25:07.8116490Z shell: /usr/bin/bash -e {0}
Yosys shard 1/4	UNKNOWN STEP	2026-09-22T10:25:07.8116692Z env:
Yosys shard 1/4	UNKNOWN STEP	2026-09-22T10:25:07.8116856Z   VERILATOR_VERSION: v5.050
Yosys shard 1/4	UNKNOWN STEP	2026-09-22T10:25:07.8117089Z   YOSYS_VERSION: v0.66
Yosys shard 1/4	UNKNOWN STEP	2026-09-22T10:25:07.8117315Z   TSN_GEN_REV: deca300c9eb4863fa13383b45ba6cb6fd0828671
Yosys shard 1/4	UNKNOWN STEP	2026-09-22T10:25:07.8117563Z ##[endgroup]
Yosys shard 1/4	UNKNOWN STEP	2026-09-22T10:25:07.9312781Z /tmp/sv2v.zip: OK
Yosys shard 1/4	UNKNOWN STEP	2026-09-22T10:25:08.0326843Z sv2v v0.0.12
Yosys shard 1/4	UNKNOWN STEP	2026-09-22T10:25:08.0497441Z Node 20 is being deprecated. This workflow is running with Node 24 by default. If you need to temporarily use Node 20, you can set the ACTIONS_ALLOW_USE_UNSECURE_NODE_VERSION=true environment variable. For more information see: https://github.blog/changelog/2025-09-19-deprecation-of-node-20-on-github-actions-runners/
Yosys shard 1/4	UNKNOWN STEP	2026-09-22T10:25:08.0498606Z ##[group]Run actions/cache@v4
Yosys shard 1/4	UNKNOWN STEP	2026-09-22T10:25:08.0498813Z with:
Yosys shard 1/4	UNKNOWN STEP	2026-09-22T10:25:08.0499011Z   path: /home/runner/work/_temp/yosys-result-cache
Yosys shard 1/4	UNKNOWN STEP	2026-09-22T10:25:08.0499352Z   key: yosys-results-v0.66-shard1-ec34fcdee0ca9ffa63564a9af8ad70a3a618de29
Yosys shard 1/4	UNKNOWN STEP	2026-09-22T10:25:08.0499681Z   restore-keys: yosys-results-v0.66-shard1-
Yosys shard 1/4	UNKNOWN STEP	2026-09-22T10:25:08.0499927Z   enableCrossOsArchive: false
Yosys shard 1/4	UNKNOWN STEP	2026-09-22T10:25:08.0500127Z   fail-on-cache-miss: false
Yosys shard 1/4	UNKNOWN STEP	2026-09-22T10:25:08.0500322Z   lookup-only: false
Yosys shard 1/4	UNKNOWN STEP	2026-09-22T10:25:08.0500500Z   save-always: false
Yosys shard 1/4	UNKNOWN STEP	2026-09-22T10:25:08.0500675Z env:
Yosys shard 1/4	UNKNOWN STEP	2026-09-22T10:25:08.0500850Z   VERILATOR_VERSION: v5.050
Yosys shard 1/4	UNKNOWN STEP	2026-09-22T10:25:08.0501078Z   YOSYS_VERSION: v0.66
Yosys shard 1/4	UNKNOWN STEP	2026-09-22T10:25:08.0501294Z   TSN_GEN_REV: deca300c9eb4863fa13383b45ba6cb6fd0828671
Yosys shard 1/4	UNKNOWN STEP	2026-09-22T10:25:08.0501530Z ##[endgroup]
Yosys shard 1/4	UNKNOWN STEP	2026-09-22T10:25:08.1323349Z (node:2647) [DEP0040] DeprecationWarning: The `punycode` module is deprecated. Please use a userland alternative instead.
Yosys shard 1/4	UNKNOWN STEP	2026-09-22T10:25:08.1324462Z (Use `node --trace-deprecation ...` to show where the warning was created)
Yosys shard 1/4	UNKNOWN STEP	2026-09-22T10:25:08.2518236Z Cache hit for restore-key: yosys-results-v0.66-shard1-b17580b91deb11f3441dfc5d7f9fafe539d929b8
Yosys shard 1/4	UNKNOWN STEP	2026-09-22T10:25:08.2601170Z (node:2647) [DEP0169] DeprecationWarning: `url.parse()` behavior is not standardized and prone to errors that have security implications. Use the WHATWG URL API instead. CVEs are not issued for `url.parse()` vulnerabilities.
Yosys shard 1/4	UNKNOWN STEP	2026-09-22T10:25:08.4401448Z Received 10054 of 10054 (100.0%), 0.2 MBs/sec
Yosys shard 1/4	UNKNOWN STEP	2026-09-22T10:25:08.4402017Z Cache Size: ~0 MB (10054 B)
Yosys shard 1/4	UNKNOWN STEP	2026-09-22T10:25:08.4427392Z [command]/usr/bin/tar -xf /home/runner/work/_temp/06d32979-7af4-4057-888a-36e3b9d9a34a/cache.tzst -P -C /home/runner/work/milan-fpga/milan-fpga --use-compress-program unzstd
Yosys shard 1/4	UNKNOWN STEP	2026-09-22T10:25:08.4482645Z Cache restored successfully
Yosys shard 1/4	UNKNOWN STEP	2026-09-22T10:25:08.4563944Z Cache restored from key: yosys-results-v0.66-shard1-b17580b91deb11f3441dfc5d7f9fafe539d929b8
Yosys shard 1/4	UNKNOWN STEP	2026-09-22T10:25:08.4638454Z ##[group]Run syn/yosys/run.sh --shard "1/4" \
Yosys shard 1/4	UNKNOWN STEP	2026-09-22T10:25:08.4638743Z ^[[36;1msyn/yosys/run.sh --shard "1/4" \^[[0m
Yosys shard 1/4	UNKNOWN STEP	2026-09-22T10:25:08.4639013Z ^[[36;1m  --results "$RUNNER_TEMP/yosys-results" \^[[0m
Yosys shard 1/4	UNKNOWN STEP	2026-09-22T10:25:08.4639286Z ^[[36;1m  --cache "$RUNNER_TEMP/yosys-result-cache"^[[0m
Yosys shard 1/4	UNKNOWN STEP	2026-09-22T10:25:08.4670067Z shell: /usr/bin/bash -e {0}
Yosys shard 1/4	UNKNOWN STEP	2026-09-22T10:25:08.4670279Z env:
Yosys shard 1/4	UNKNOWN STEP	2026-09-22T10:25:08.4670472Z   VERILATOR_VERSION: v5.050
Yosys shard 1/4	UNKNOWN STEP	2026-09-22T10:25:08.4670681Z   YOSYS_VERSION: v0.66
Yosys shard 1/4	UNKNOWN STEP	2026-09-22T10:25:08.4670911Z   TSN_GEN_REV: deca300c9eb4863fa13383b45ba6cb6fd0828671
Yosys shard 1/4	UNKNOWN STEP	2026-09-22T10:25:08.4671165Z ##[endgroup]
Yosys shard 1/4	UNKNOWN STEP	2026-09-22T10:25:08.9728112Z == Yosys open-synthesis check (synth, via sv2v; shard 1/4) ==
Yosys shard 1/4	UNKNOWN STEP	2026-09-22T10:25:08.9728663Z    yosys allocator: /lib/x86_64-linux-gnu/libjemalloc.so.2
Yosys shard 1/4	UNKNOWN STEP	2026-09-22T10:25:11.8141118Z   [PASS] KL_pp_shadow           cells=1141365  (result cache)
Yosys shard 1/4	UNKNOWN STEP	2026-09-22T10:25:11.8156898Z --------------------------------------------------------------
Yosys shard 1/4	UNKNOWN STEP	2026-09-22T10:25:11.8157527Z tops: 1   pass: 1   fail: 0
Yosys shard 1/4	UNKNOWN STEP	2026-09-22T10:25:11.8162237Z RESULT: PASS
Yosys shard 1/4	UNKNOWN STEP	2026-09-22T10:25:11.8162505Z structural checks: skipped in this worker
Yosys shard 1/4	UNKNOWN STEP	2026-09-22T10:25:11.8220701Z Node 20 is being deprecated. This workflow is running with Node 24 by default. If you need to temporarily use Node 20, you can set the ACTIONS_ALLOW_USE_UNSECURE_NODE_VERSION=true environment variable. For more information see: https://github.blog/changelog/2025-09-19-deprecation-of-node-20-on-github-actions-runners/
Yosys shard 1/4	UNKNOWN STEP	2026-09-22T10:25:11.8221682Z ##[group]Run actions/upload-artifact@v4
Yosys shard 1/4	UNKNOWN STEP	2026-09-22T10:25:11.8221912Z with:
Yosys shard 1/4	UNKNOWN STEP	2026-09-22T10:25:11.8222085Z   name: yosys-results-1
Yosys shard 1/4	UNKNOWN STEP	2026-09-22T10:25:11.8222295Z   path: /home/runner/work/_temp/yosys-results
Yosys shard 1/4	UNKNOWN STEP	2026-09-22T10:25:11.8222538Z   if-no-files-found: error
Yosys shard 1/4	UNKNOWN STEP	2026-09-22T10:25:11.8222729Z   retention-days: 3
Yosys shard 1/4	UNKNOWN STEP	2026-09-22T10:25:11.8222914Z   compression-level: 6
Yosys shard 1/4	UNKNOWN STEP	2026-09-22T10:25:11.8223101Z   overwrite: false
Yosys shard 1/4	UNKNOWN STEP	2026-09-22T10:25:11.8223281Z   include-hidden-files: false
Yosys shard 1/4	UNKNOWN STEP	2026-09-22T10:25:11.8223495Z env:
Yosys shard 1/4	UNKNOWN STEP	2026-09-22T10:25:11.8223657Z   VERILATOR_VERSION: v5.050
Yosys shard 1/4	UNKNOWN STEP	2026-09-22T10:25:11.8223850Z   YOSYS_VERSION: v0.66
Yosys shard 1/4	UNKNOWN STEP	2026-09-22T10:25:11.8224095Z   TSN_GEN_REV: deca300c9eb4863fa13383b45ba6cb6fd0828671
Yosys shard 1/4	UNKNOWN STEP	2026-09-22T10:25:11.8224340Z ##[endgroup]
Yosys shard 1/4	UNKNOWN STEP	2026-09-22T10:25:11.9508579Z (node:2729) [DEP0040] DeprecationWarning: The `punycode` module is deprecated. Please use a userland alternative instead.
Yosys shard 1/4	UNKNOWN STEP	2026-09-22T10:25:11.9509164Z (Use `node --trace-deprecation ...` to show where the warning was created)
Yosys shard 1/4	UNKNOWN STEP	2026-09-22T10:25:11.9567084Z With the provided path, there will be 2 files uploaded
Yosys shard 1/4	UNKNOWN STEP	2026-09-22T10:25:11.9567594Z Artifact name is valid!
Yosys shard 1/4	UNKNOWN STEP	2026-09-22T10:25:11.9567820Z Root directory input is valid!
Yosys shard 1/4	UNKNOWN STEP	2026-09-22T10:25:12.1927526Z Beginning upload of artifact content to blob storage
Yosys shard 1/4	UNKNOWN STEP	2026-09-22T10:25:12.2070118Z (node:2729) [DEP0169] DeprecationWarning: `url.parse()` behavior is not standardized and prone to errors that have security implications. Use the WHATWG URL API instead. CVEs are not issued for `url.parse()` vulnerabilities.
Yosys shard 1/4	UNKNOWN STEP	2026-09-22T10:25:12.3120491Z Uploaded bytes 389
Yosys shard 1/4	UNKNOWN STEP	2026-09-22T10:25:12.3456381Z Finished uploading artifact content to blob storage!
Yosys shard 1/4	UNKNOWN STEP	2026-09-22T10:25:12.3457065Z SHA256 digest of uploaded artifact zip is a975353eb05f42625dba138dd7a0e0ea89d4e04bd4093fa3f7342817d4975da8
Yosys shard 1/4	UNKNOWN STEP	2026-09-22T10:25:12.3458432Z Finalizing artifact upload
Yosys shard 1/4	UNKNOWN STEP	2026-09-22T10:25:12.5851921Z Artifact yosys-results-1.zip successfully finalized. Artifact ID 10688944473
Yosys shard 1/4	UNKNOWN STEP	2026-09-22T10:25:12.5852562Z Artifact yosys-results-1 has been successfully uploaded! Final size is 389 bytes. Artifact ID is 10688944473
Yosys shard 1/4	UNKNOWN STEP	2026-09-22T10:25:12.5857967Z Artifact download URL: https://github.com/kebag-logic/milan-fpga/actions/runs/35715778753/artifacts/10688944473
Yosys shard 1/4	UNKNOWN STEP	2026-09-22T10:25:12.5990514Z Node 20 is being deprecated. This workflow is running with Node 24 by default. If you need to temporarily use Node 20, you can set the ACTIONS_ALLOW_USE_UNSECURE_NODE_VERSION=true environment variable. For more information see: https://github.blog/changelog/2025-09-19-deprecation-of-node-20-on-github-actions-runners/
Yosys shard 1/4	UNKNOWN STEP	2026-09-22T10:25:12.5991474Z Post job cleanup.
Yosys shard 1/4	UNKNOWN STEP	2026-09-22T10:25:12.6851229Z (node:2741) [DEP0040] DeprecationWarning: The `punycode` module is deprecated. Please use a userland alternative instead.
Yosys shard 1/4	UNKNOWN STEP	2026-09-22T10:25:12.6851813Z (Use `node --trace-deprecation ...` to show where the warning was created)
Yosys shard 1/4	UNKNOWN STEP	2026-09-22T10:25:12.6969402Z [command]/usr/bin/tar --posix -cf cache.tzst --exclude cache.tzst -P -C /home/runner/work/milan-fpga/milan-fpga --files-from manifest.txt --use-compress-program zstdmt
Yosys shard 1/4	UNKNOWN STEP	2026-09-22T10:25:12.8233650Z (node:2741) [DEP0169] DeprecationWarning: `url.parse()` behavior is not standardized and prone to errors that have security implications. Use the WHATWG URL API instead. CVEs are not issued for `url.parse()` vulnerabilities.
Yosys shard 1/4	UNKNOWN STEP	2026-09-22T10:25:12.9073583Z Sent 10063 of 10063 (100.0%), 0.1 MBs/sec
Yosys shard 1/4	UNKNOWN STEP	2026-09-22T10:25:13.0376785Z Cache saved with key: yosys-results-v0.66-shard1-ec34fcdee0ca9ffa63564a9af8ad70a3a618de29
Yosys shard 1/4	UNKNOWN STEP	2026-09-22T10:25:13.0461221Z Node 20 is being deprecated. This workflow is running with Node 24 by default. If you need to temporarily use Node 20, you can set the ACTIONS_ALLOW_USE_UNSECURE_NODE_VERSION=true environment variable. For more information see: https://github.blog/changelog/2025-09-19-deprecation-of-node-20-on-github-actions-runners/
Yosys shard 1/4	UNKNOWN STEP	2026-09-22T10:25:13.0462160Z Post job cleanup.
Yosys shard 1/4	UNKNOWN STEP	2026-09-22T10:25:13.1341731Z Cache hit occurred on the primary key yosys-v0.66-Linux, not saving cache.
Yosys shard 1/4	UNKNOWN STEP	2026-09-22T10:25:13.1343720Z (node:2761) [DEP0040] DeprecationWarning: The `punycode` module is deprecated. Please use a userland alternative instead.
Yosys shard 1/4	UNKNOWN STEP	2026-09-22T10:25:13.1344658Z (Use `node --trace-deprecation ...` to show where the warning was created)
Yosys shard 1/4	UNKNOWN STEP	2026-09-22T10:25:13.1455670Z Node 20 is being deprecated. This workflow is running with Node 24 by default. If you need to temporarily use Node 20, you can set the ACTIONS_ALLOW_USE_UNSECURE_NODE_VERSION=true environment variable. For more information see: https://github.blog/changelog/2025-09-19-deprecation-of-node-20-on-github-actions-runners/
Yosys shard 1/4	UNKNOWN STEP	2026-09-22T10:25:13.1456933Z Post job cleanup.
Yosys shard 1/4	UNKNOWN STEP	2026-09-22T10:25:13.2136365Z [command]/usr/bin/git version
Yosys shard 1/4	UNKNOWN STEP	2026-09-22T10:25:13.2164528Z git version 2.55.0
Yosys shard 1/4	UNKNOWN STEP	2026-09-22T10:25:13.2192985Z Temporarily overriding HOME='/home/runner/work/_temp/946860c9-2cd2-4d1d-9807-957f77e5e3dc' before making global git config changes
Yosys shard 1/4	UNKNOWN STEP	2026-09-22T10:25:13.2193970Z Adding repository directory to the temporary git global config as a safe directory
Yosys shard 1/4	UNKNOWN STEP	2026-09-22T10:25:13.2196979Z [command]/usr/bin/git config --global --add safe.directory /home/runner/work/milan-fpga/milan-fpga
Yosys shard 1/4	UNKNOWN STEP	2026-09-22T10:25:13.2227598Z [command]/usr/bin/git config --local --name-only --get-regexp core\.sshCommand
Yosys shard 1/4	UNKNOWN STEP	2026-09-22T10:25:13.2256966Z [command]/usr/bin/git submodule foreach --recursive sh -c "git config --local --name-only --get-regexp 'core\.sshCommand' && git config --local --unset-all 'core.sshCommand' || :"
Yosys shard 1/4	UNKNOWN STEP	2026-09-22T10:25:13.2446262Z Entering 'gptp-processor'
Yosys shard 1/4	UNKNOWN STEP	2026-09-22T10:25:13.2492473Z Entering 'protocol-processor'
Yosys shard 1/4	UNKNOWN STEP	2026-09-22T10:25:13.2527552Z Entering 'third_party/verilog-axis'
Yosys shard 1/4	UNKNOWN STEP	2026-09-22T10:25:13.2582848Z [command]/usr/bin/git config --local --name-only --get-regexp http\.https\:\/\/github\.com\/\.extraheader
Yosys shard 1/4	UNKNOWN STEP	2026-09-22T10:25:13.2607905Z http.https://github.com/.extraheader
Yosys shard 1/4	UNKNOWN STEP	2026-09-22T10:25:13.2616878Z [command]/usr/bin/git config --local --unset-all http.https://github.com/.extraheader
Yosys shard 1/4	UNKNOWN STEP	2026-09-22T10:25:13.2646096Z [command]/usr/bin/git submodule foreach --recursive sh -c "git config --local --name-only --get-regexp 'http\.https\:\/\/github\.com\/\.extraheader' && git config --local --unset-all 'http.https://github.com/.extraheader' || :"
Yosys shard 1/4	UNKNOWN STEP	2026-09-22T10:25:13.2840994Z Entering 'gptp-processor'
Yosys shard 1/4	UNKNOWN STEP	2026-09-22T10:25:13.2877848Z Entering 'protocol-processor'
Yosys shard 1/4	UNKNOWN STEP	2026-09-22T10:25:13.2914032Z Entering 'third_party/verilog-axis'
Yosys shard 1/4	UNKNOWN STEP	2026-09-22T10:25:13.2965087Z [command]/usr/bin/git config --local --name-only --get-regexp ^includeIf\.gitdir:
Yosys shard 1/4	UNKNOWN STEP	2026-09-22T10:25:13.2997786Z [command]/usr/bin/git submodule foreach --recursive git config --local --show-origin --name-only --get-regexp remote.origin.url
Yosys shard 1/4	UNKNOWN STEP	2026-09-22T10:25:13.3172990Z Entering 'gptp-processor'
Yosys shard 1/4	UNKNOWN STEP	2026-09-22T10:25:13.3195036Z file:/home/runner/work/milan-fpga/milan-fpga/.git/modules/gptp-processor/config	remote.origin.url
Yosys shard 1/4	UNKNOWN STEP	2026-09-22T10:25:13.3210291Z Entering 'protocol-processor'
Yosys shard 1/4	UNKNOWN STEP	2026-09-22T10:25:13.3226281Z file:/home/runner/work/milan-fpga/milan-fpga/.git/modules/protocol-processor/config	remote.origin.url
Yosys shard 1/4	UNKNOWN STEP	2026-09-22T10:25:13.3241800Z Entering 'third_party/verilog-axis'
Yosys shard 1/4	UNKNOWN STEP	2026-09-22T10:25:13.3257735Z file:/home/runner/work/milan-fpga/milan-fpga/.git/modules/third_party/verilog-axis/config	remote.origin.url
Yosys shard 1/4	UNKNOWN STEP	2026-09-22T10:25:13.3285088Z [command]/usr/bin/git config --file /home/runner/work/milan-fpga/milan-fpga/.git/modules/gptp-processor/config --name-only --get-regexp ^includeIf\.gitdir:
Yosys shard 1/4	UNKNOWN STEP	2026-09-22T10:25:13.3315130Z [command]/usr/bin/git config --file /home/runner/work/milan-fpga/milan-fpga/.git/modules/protocol-processor/config --name-only --get-regexp ^includeIf\.gitdir:
Yosys shard 1/4	UNKNOWN STEP	2026-09-22T10:25:13.3342733Z [command]/usr/bin/git config --file /home/runner/work/milan-fpga/milan-fpga/.git/modules/third_party/verilog-axis/config --name-only --get-regexp ^includeIf\.gitdir:
Yosys shard 1/4	UNKNOWN STEP	2026-09-22T10:25:13.3480031Z Cleaning up orphan processes
Yosys shard 1/4	UNKNOWN STEP	2026-09-22T10:25:13.3729332Z ##[warning]Node.js 20 is deprecated. The following actions target Node.js 20 but are being forced to run on Node.js 24: actions/cache@v4, actions/checkout@v4, actions/upload-artifact@v4. For more information see: https://github.blog/changelog/2025-09-19-deprecation-of-node-20-on-github-actions-runners/
Yosys shard 3/4	UNKNOWN STEP	﻿2026-09-22T10:24:37.0591116Z Current runner version: '2.337.0'
Yosys shard 3/4	UNKNOWN STEP	2026-09-22T10:24:37.0606693Z ##[group]Runner Image Provisioner
Yosys shard 3/4	UNKNOWN STEP	2026-09-22T10:24:37.0607284Z Hosted Compute Agent
Yosys shard 3/4	UNKNOWN STEP	2026-09-22T10:24:37.0607676Z Version: 20260828.587
Yosys shard 3/4	UNKNOWN STEP	2026-09-22T10:24:37.0608055Z Commit: abac92662cab4cc7352de4f9f9d2e2419aad9c29
Yosys shard 3/4	UNKNOWN STEP	2026-09-22T10:24:37.0608540Z Build Date: 2026-08-28T16:44:25Z
Yosys shard 3/4	UNKNOWN STEP	2026-09-22T10:24:37.0608960Z Worker ID: {83f274f6-12f9-4bf9-994b-c9452a707093}
Yosys shard 3/4	UNKNOWN STEP	2026-09-22T10:24:37.0609408Z Azure Region: centralus
Yosys shard 3/4	UNKNOWN STEP	2026-09-22T10:24:37.0609833Z ##[endgroup]
Yosys shard 3/4	UNKNOWN STEP	2026-09-22T10:24:37.0610594Z ##[group]Operating System
Yosys shard 3/4	UNKNOWN STEP	2026-09-22T10:24:37.0611015Z Ubuntu
Yosys shard 3/4	UNKNOWN STEP	2026-09-22T10:24:37.0611338Z 24.04.5
Yosys shard 3/4	UNKNOWN STEP	2026-09-22T10:24:37.0611679Z LTS
Yosys shard 3/4	UNKNOWN STEP	2026-09-22T10:24:37.0612045Z ##[endgroup]
Yosys shard 3/4	UNKNOWN STEP	2026-09-22T10:24:37.0612492Z ##[group]Runner Image
Yosys shard 3/4	UNKNOWN STEP	2026-09-22T10:24:37.0612972Z Image: ubuntu-24.04
Yosys shard 3/4	UNKNOWN STEP	2026-09-22T10:24:37.0613327Z Version: 20260907.300.1
Yosys shard 3/4	UNKNOWN STEP	2026-09-22T10:24:37.0614127Z Included Software: https://github.com/actions/runner-images/blob/ubuntu24/20260907.300/images/ubuntu/Ubuntu2404-Readme.md
Yosys shard 3/4	UNKNOWN STEP	2026-09-22T10:24:37.0615035Z Image Release: https://github.com/actions/runner-images/releases/tag/ubuntu24%2F20260907.300
Yosys shard 3/4	UNKNOWN STEP	2026-09-22T10:24:37.0615634Z ##[endgroup]
Yosys shard 3/4	UNKNOWN STEP	2026-09-22T10:24:37.0616359Z ##[group]GITHUB_TOKEN Permissions
Yosys shard 3/4	UNKNOWN STEP	2026-09-22T10:24:37.0617895Z Contents: read
Yosys shard 3/4	UNKNOWN STEP	2026-09-22T10:24:37.0618311Z Metadata: read
Yosys shard 3/4	UNKNOWN STEP	2026-09-22T10:24:37.0618690Z Packages: read
Yosys shard 3/4	UNKNOWN STEP	2026-09-22T10:24:37.0619049Z ##[endgroup]
Yosys shard 3/4	UNKNOWN STEP	2026-09-22T10:24:37.0620320Z Secret source: Actions
Yosys shard 3/4	UNKNOWN STEP	2026-09-22T10:24:37.0620945Z Cache mode: write
Yosys shard 3/4	UNKNOWN STEP	2026-09-22T10:24:37.0621382Z Prepare workflow directory
Yosys shard 3/4	UNKNOWN STEP	2026-09-22T10:24:37.0863822Z Prepare all required actions
Yosys shard 3/4	UNKNOWN STEP	2026-09-22T10:24:37.0893916Z Getting action download info
Yosys shard 3/4	UNKNOWN STEP	2026-09-22T10:24:37.3399939Z Download action repository 'actions/checkout@v4' (SHA:11d5960a326750d5838078e36cf38b85af677262)
Yosys shard 3/4	UNKNOWN STEP	2026-09-22T10:24:37.4210553Z Download action repository 'actions/cache@v4' (SHA:0057852bfaa89a56745cba8c7296529d2fc39830)
Yosys shard 3/4	UNKNOWN STEP	2026-09-22T10:24:37.9261259Z Download action repository 'actions/upload-artifact@v4' (SHA:ea165f8d65b6e75b540449e92b4886f43607fa02)
Yosys shard 3/4	UNKNOWN STEP	2026-09-22T10:24:38.3420154Z Complete job name: Yosys shard 3/4
Yosys shard 3/4	UNKNOWN STEP	2026-09-22T10:24:38.3893831Z Node 20 is being deprecated. This workflow is running with Node 24 by default. If you need to temporarily use Node 20, you can set the ACTIONS_ALLOW_USE_UNSECURE_NODE_VERSION=true environment variable. For more information see: https://github.blog/changelog/2025-09-19-deprecation-of-node-20-on-github-actions-runners/
Yosys shard 3/4	UNKNOWN STEP	2026-09-22T10:24:38.3898964Z ##[group]Run actions/checkout@v4
Yosys shard 3/4	UNKNOWN STEP	2026-09-22T10:24:38.3899470Z with:
Yosys shard 3/4	UNKNOWN STEP	2026-09-22T10:24:38.3899714Z   repository: kebag-logic/milan-fpga
Yosys shard 3/4	UNKNOWN STEP	2026-09-22T10:24:38.3902008Z   token: ***
Yosys shard 3/4	UNKNOWN STEP	2026-09-22T10:24:38.3902237Z   ssh-strict: true
Yosys shard 3/4	UNKNOWN STEP	2026-09-22T10:24:38.3902687Z   ssh-user: git
Yosys shard 3/4	UNKNOWN STEP	2026-09-22T10:24:38.3902933Z   persist-credentials: true
Yosys shard 3/4	UNKNOWN STEP	2026-09-22T10:24:38.3903198Z   clean: true
Yosys shard 3/4	UNKNOWN STEP	2026-09-22T10:24:38.3903439Z   sparse-checkout-cone-mode: true
Yosys shard 3/4	UNKNOWN STEP	2026-09-22T10:24:38.3903720Z   fetch-depth: 1
Yosys shard 3/4	UNKNOWN STEP	2026-09-22T10:24:38.3903956Z   fetch-tags: false
Yosys shard 3/4	UNKNOWN STEP	2026-09-22T10:24:38.3904206Z   show-progress: true
Yosys shard 3/4	UNKNOWN STEP	2026-09-22T10:24:38.3904477Z   lfs: false
Yosys shard 3/4	UNKNOWN STEP	2026-09-22T10:24:38.3904727Z   submodules: false
Yosys shard 3/4	UNKNOWN STEP	2026-09-22T10:24:38.3904972Z   set-safe-directory: true
Yosys shard 3/4	UNKNOWN STEP	2026-09-22T10:24:38.3905248Z   allow-unsafe-pr-checkout: false
Yosys shard 3/4	UNKNOWN STEP	2026-09-22T10:24:38.3905627Z env:
Yosys shard 3/4	UNKNOWN STEP	2026-09-22T10:24:38.3905851Z   VERILATOR_VERSION: v5.050
Yosys shard 3/4	UNKNOWN STEP	2026-09-22T10:24:38.3906111Z   YOSYS_VERSION: v0.66
Yosys shard 3/4	UNKNOWN STEP	2026-09-22T10:24:38.3906402Z   TSN_GEN_REV: deca300c9eb4863fa13383b45ba6cb6fd0828671
Yosys shard 3/4	UNKNOWN STEP	2026-09-22T10:24:38.3906730Z ##[endgroup]
Yosys shard 3/4	UNKNOWN STEP	2026-09-22T10:24:38.4975136Z Syncing repository: kebag-logic/milan-fpga
Yosys shard 3/4	UNKNOWN STEP	2026-09-22T10:24:38.4976567Z ##[group]Getting Git version info
Yosys shard 3/4	UNKNOWN STEP	2026-09-22T10:24:38.4977167Z Working directory is '/home/runner/work/milan-fpga/milan-fpga'
Yosys shard 3/4	UNKNOWN STEP	2026-09-22T10:24:38.4978080Z [command]/usr/bin/git version
Yosys shard 3/4	UNKNOWN STEP	2026-09-22T10:24:38.5025089Z git version 2.55.0
Yosys shard 3/4	UNKNOWN STEP	2026-09-22T10:24:38.5036958Z ##[endgroup]
Yosys shard 3/4	UNKNOWN STEP	2026-09-22T10:24:38.5046653Z Temporarily overriding HOME='/home/runner/work/_temp/e7ea1ba3-16a3-42b1-926e-21f36f9edc48' before making global git config changes
Yosys shard 3/4	UNKNOWN STEP	2026-09-22T10:24:38.5048198Z Adding repository directory to the temporary git global config as a safe directory
Yosys shard 3/4	UNKNOWN STEP	2026-09-22T10:24:38.5049885Z [command]/usr/bin/git config --global --add safe.directory /home/runner/work/milan-fpga/milan-fpga
Yosys shard 3/4	UNKNOWN STEP	2026-09-22T10:24:38.5712200Z Deleting the contents of '/home/runner/work/milan-fpga/milan-fpga'
Yosys shard 3/4	UNKNOWN STEP	2026-09-22T10:24:38.5715410Z ##[group]Initializing the repository
Yosys shard 3/4	UNKNOWN STEP	2026-09-22T10:24:38.5718971Z [command]/usr/bin/git init /home/runner/work/milan-fpga/milan-fpga
Yosys shard 3/4	UNKNOWN STEP	2026-09-22T10:24:38.6657273Z hint: Using 'master' as the name for the initial branch. This default branch name
Yosys shard 3/4	UNKNOWN STEP	2026-09-22T10:24:38.6657834Z hint: will change to "main" in Git 3.0. To configure the initial branch name
Yosys shard 3/4	UNKNOWN STEP	2026-09-22T10:24:38.6658356Z hint: to use in all of your new repositories, which will suppress this warning,
Yosys shard 3/4	UNKNOWN STEP	2026-09-22T10:24:38.6658819Z hint: call:
Yosys shard 3/4	UNKNOWN STEP	2026-09-22T10:24:38.6659044Z hint:
Yosys shard 3/4	UNKNOWN STEP	2026-09-22T10:24:38.6659353Z hint: 	git config --global init.defaultBranch <name>
Yosys shard 3/4	UNKNOWN STEP	2026-09-22T10:24:38.6659693Z hint:
Yosys shard 3/4	UNKNOWN STEP	2026-09-22T10:24:38.6660153Z hint: Names commonly chosen instead of 'master' are 'main', 'trunk' and
Yosys shard 3/4	UNKNOWN STEP	2026-09-22T10:24:38.6660954Z hint: 'development'. The just-created branch can be renamed via this command:
Yosys shard 3/4	UNKNOWN STEP	2026-09-22T10:24:38.6661631Z hint:
Yosys shard 3/4	UNKNOWN STEP	2026-09-22T10:24:38.6661981Z hint: 	git branch -m <name>
Yosys shard 3/4	UNKNOWN STEP	2026-09-22T10:24:38.6662537Z hint:
Yosys shard 3/4	UNKNOWN STEP	2026-09-22T10:24:38.6663080Z hint: Disable this message with "git config set advice.defaultBranchName false"
Yosys shard 3/4	UNKNOWN STEP	2026-09-22T10:24:38.6664028Z Initialized empty Git repository in /home/runner/work/milan-fpga/milan-fpga/.git/
Yosys shard 3/4	UNKNOWN STEP	2026-09-22T10:24:38.6669047Z [command]/usr/bin/git remote add origin https://github.com/kebag-logic/milan-fpga
Yosys shard 3/4	UNKNOWN STEP	2026-09-22T10:24:38.6710861Z ##[endgroup]
Yosys shard 3/4	UNKNOWN STEP	2026-09-22T10:24:38.6711286Z ##[group]Disabling automatic garbage collection
Yosys shard 3/4	UNKNOWN STEP	2026-09-22T10:24:38.6713514Z [command]/usr/bin/git config --local gc.auto 0
Yosys shard 3/4	UNKNOWN STEP	2026-09-22T10:24:38.6748943Z ##[endgroup]
Yosys shard 3/4	UNKNOWN STEP	2026-09-22T10:24:38.6749347Z ##[group]Setting up auth
Yosys shard 3/4	UNKNOWN STEP	2026-09-22T10:24:38.6753325Z [command]/usr/bin/git config --local --name-only --get-regexp core\.sshCommand
Yosys shard 3/4	UNKNOWN STEP	2026-09-22T10:24:38.6779817Z [command]/usr/bin/git submodule foreach --recursive sh -c "git config --local --name-only --get-regexp 'core\.sshCommand' && git config --local --unset-all 'core.sshCommand' || :"
Yosys shard 3/4	UNKNOWN STEP	2026-09-22T10:24:38.7066001Z [command]/usr/bin/git config --local --name-only --get-regexp http\.https\:\/\/github\.com\/\.extraheader
Yosys shard 3/4	UNKNOWN STEP	2026-09-22T10:24:38.7092150Z [command]/usr/bin/git submodule foreach --recursive sh -c "git config --local --name-only --get-regexp 'http\.https\:\/\/github\.com\/\.extraheader' && git config --local --unset-all 'http.https://github.com/.extraheader' || :"
Yosys shard 3/4	UNKNOWN STEP	2026-09-22T10:24:38.7266311Z [command]/usr/bin/git config --local --name-only --get-regexp ^includeIf\.gitdir:
Yosys shard 3/4	UNKNOWN STEP	2026-09-22T10:24:38.7293977Z [command]/usr/bin/git submodule foreach --recursive git config --local --show-origin --name-only --get-regexp remote.origin.url
Yosys shard 3/4	UNKNOWN STEP	2026-09-22T10:24:38.7464392Z [command]/usr/bin/git config --local http.https://github.com/.extraheader AUTHORIZATION: basic ***
Yosys shard 3/4	UNKNOWN STEP	2026-09-22T10:24:38.7496702Z ##[endgroup]
Yosys shard 3/4	UNKNOWN STEP	2026-09-22T10:24:38.7503495Z ##[group]Fetching the repository
Yosys shard 3/4	UNKNOWN STEP	2026-09-22T10:24:38.7504727Z [command]/usr/bin/git -c protocol.version=2 fetch --no-tags --prune --no-recurse-submodules --depth=1 origin +ec34fcdee0ca9ffa63564a9af8ad70a3a618de29:refs/remotes/origin/dev
Yosys shard 3/4	UNKNOWN STEP	2026-09-22T10:24:40.0126487Z From https://github.com/kebag-logic/milan-fpga
Yosys shard 3/4	UNKNOWN STEP	2026-09-22T10:24:40.0127687Z  * [new ref]         ec34fcdee0ca9ffa63564a9af8ad70a3a618de29 -> origin/dev
Yosys shard 3/4	UNKNOWN STEP	2026-09-22T10:24:40.0130457Z ##[endgroup]
Yosys shard 3/4	UNKNOWN STEP	2026-09-22T10:24:40.0130976Z ##[group]Determining the checkout info
Yosys shard 3/4	UNKNOWN STEP	2026-09-22T10:24:40.0132988Z ##[endgroup]
Yosys shard 3/4	UNKNOWN STEP	2026-09-22T10:24:40.0137155Z [command]/usr/bin/git sparse-checkout disable
Yosys shard 3/4	UNKNOWN STEP	2026-09-22T10:24:40.0848544Z [command]/usr/bin/git config --local --unset-all extensions.worktreeConfig
Yosys shard 3/4	UNKNOWN STEP	2026-09-22T10:24:40.1097537Z ##[group]Checking out the ref
Yosys shard 3/4	UNKNOWN STEP	2026-09-22T10:24:40.1100626Z [command]/usr/bin/git checkout --progress --force -B dev refs/remotes/origin/dev
Yosys shard 3/4	UNKNOWN STEP	2026-09-22T10:24:40.2943209Z Switched to a new branch 'dev'
Yosys shard 3/4	UNKNOWN STEP	2026-09-22T10:24:40.2947993Z branch 'dev' set up to track 'origin/dev'.
Yosys shard 3/4	UNKNOWN STEP	2026-09-22T10:24:40.2955772Z ##[endgroup]
Yosys shard 3/4	UNKNOWN STEP	2026-09-22T10:24:40.3241718Z [command]/usr/bin/git log -1 --format=%H
Yosys shard 3/4	UNKNOWN STEP	2026-09-22T10:24:40.3264187Z ec34fcdee0ca9ffa63564a9af8ad70a3a618de29
Yosys shard 3/4	UNKNOWN STEP	2026-09-22T10:24:40.3478238Z ##[group]Run git submodule update --init third_party/verilog-axis protocol-processor gptp-processor
Yosys shard 3/4	UNKNOWN STEP	2026-09-22T10:24:40.3478752Z ^[[36;1mgit submodule update --init third_party/verilog-axis protocol-processor gptp-processor^[[0m
Yosys shard 3/4	UNKNOWN STEP	2026-09-22T10:24:40.3510502Z shell: /usr/bin/bash -e {0}
Yosys shard 3/4	UNKNOWN STEP	2026-09-22T10:24:40.3510689Z env:
Yosys shard 3/4	UNKNOWN STEP	2026-09-22T10:24:40.3510833Z   VERILATOR_VERSION: v5.050
Yosys shard 3/4	UNKNOWN STEP	2026-09-22T10:24:40.3510997Z   YOSYS_VERSION: v0.66
Yosys shard 3/4	UNKNOWN STEP	2026-09-22T10:24:40.3511179Z   TSN_GEN_REV: deca300c9eb4863fa13383b45ba6cb6fd0828671
Yosys shard 3/4	UNKNOWN STEP	2026-09-22T10:24:40.3511383Z ##[endgroup]
Yosys shard 3/4	UNKNOWN STEP	2026-09-22T10:24:40.3926483Z Submodule 'gptp-processor' (https://github.com/Mister-M-alt/FPGA-gPTP.git) registered for path 'gptp-processor'
Yosys shard 3/4	UNKNOWN STEP	2026-09-22T10:24:40.3929361Z Submodule 'protocol-processor' (https://github.com/Mister-M-alt/protocol-processor-control-plane-avb-milan.git) registered for path 'protocol-processor'
Yosys shard 3/4	UNKNOWN STEP	2026-09-22T10:24:40.3932510Z Submodule 'third_party/verilog-axis' (https://github.com/alexforencich/verilog-axis) registered for path 'third_party/verilog-axis'
Yosys shard 3/4	UNKNOWN STEP	2026-09-22T10:24:40.3954156Z Cloning into '/home/runner/work/milan-fpga/milan-fpga/gptp-processor'...
Yosys shard 3/4	UNKNOWN STEP	2026-09-22T10:24:41.5900947Z Cloning into '/home/runner/work/milan-fpga/milan-fpga/protocol-processor'...
Yosys shard 3/4	UNKNOWN STEP	2026-09-22T10:24:42.4412744Z Cloning into '/home/runner/work/milan-fpga/milan-fpga/third_party/verilog-axis'...
Yosys shard 3/4	UNKNOWN STEP	2026-09-22T10:24:43.6195368Z Submodule path 'gptp-processor': checked out 'c1b617435824929a790739ea8585c3fe1a328cc0'
Yosys shard 3/4	UNKNOWN STEP	2026-09-22T10:24:43.6577805Z Submodule path 'protocol-processor': checked out '424c688fa2205b934a7689a58f2aa766420f2326'
Yosys shard 3/4	UNKNOWN STEP	2026-09-22T10:24:43.6716606Z Submodule path 'third_party/verilog-axis': checked out '48ff7a7e2ef782cf778d47910cf85835c64b1bce'
Yosys shard 3/4	UNKNOWN STEP	2026-09-22T10:24:43.6749425Z ##[group]Run set -euo pipefail
Yosys shard 3/4	UNKNOWN STEP	2026-09-22T10:24:43.6749613Z ^[[36;1mset -euo pipefail^[[0m
Yosys shard 3/4	UNKNOWN STEP	2026-09-22T10:24:43.6749746Z ^[[36;1mhead="$(git rev-parse HEAD)"^[[0m
Yosys shard 3/4	UNKNOWN STEP	2026-09-22T10:24:43.6749940Z ^[[36;1mif [ "$head" != "$GITHUB_SHA" ] || [ "$GITHUB_SHA" != "$TARGET_SHA" ]; then^[[0m
Yosys shard 3/4	UNKNOWN STEP	2026-09-22T10:24:43.6750232Z ^[[36;1m  echo "checkout $head, GITHUB_SHA $GITHUB_SHA and gate target $TARGET_SHA must be one SHA" >&2^[[0m
Yosys shard 3/4	UNKNOWN STEP	2026-09-22T10:24:43.6750463Z ^[[36;1m  exit 1^[[0m
Yosys shard 3/4	UNKNOWN STEP	2026-09-22T10:24:43.6750567Z ^[[36;1mfi^[[0m
Yosys shard 3/4	UNKNOWN STEP	2026-09-22T10:24:43.6750692Z ^[[36;1mmkdir -p "$RUNNER_TEMP/yosys-results"^[[0m
Yosys shard 3/4	UNKNOWN STEP	2026-09-22T10:24:43.6750907Z ^[[36;1mprintf '%s\n' "$GITHUB_SHA" > "$RUNNER_TEMP/yosys-results/TARGET_SHA"^[[0m
Yosys shard 3/4	UNKNOWN STEP	2026-09-22T10:24:43.6751107Z ^[[36;1mecho "target_sha=$GITHUB_SHA"^[[0m
Yosys shard 3/4	UNKNOWN STEP	2026-09-22T10:24:43.6779385Z shell: /usr/bin/bash -e {0}
Yosys shard 3/4	UNKNOWN STEP	2026-09-22T10:24:43.6779515Z env:
Yosys shard 3/4	UNKNOWN STEP	2026-09-22T10:24:43.6779623Z   VERILATOR_VERSION: v5.050
Yosys shard 3/4	UNKNOWN STEP	2026-09-22T10:24:43.6779747Z   YOSYS_VERSION: v0.66
Yosys shard 3/4	UNKNOWN STEP	2026-09-22T10:24:43.6779913Z   TSN_GEN_REV: deca300c9eb4863fa13383b45ba6cb6fd0828671
Yosys shard 3/4	UNKNOWN STEP	2026-09-22T10:24:43.6780107Z   TARGET_SHA: ec34fcdee0ca9ffa63564a9af8ad70a3a618de29
Yosys shard 3/4	UNKNOWN STEP	2026-09-22T10:24:43.6780268Z ##[endgroup]
Yosys shard 3/4	UNKNOWN STEP	2026-09-22T10:24:43.6840079Z target_sha=ec34fcdee0ca9ffa63564a9af8ad70a3a618de29
Yosys shard 3/4	UNKNOWN STEP	2026-09-22T10:24:43.6888082Z Node 20 is being deprecated. This workflow is running with Node 24 by default. If you need to temporarily use Node 20, you can set the ACTIONS_ALLOW_USE_UNSECURE_NODE_VERSION=true environment variable. For more information see: https://github.blog/changelog/2025-09-19-deprecation-of-node-20-on-github-actions-runners/
Yosys shard 3/4	UNKNOWN STEP	2026-09-22T10:24:43.6888863Z ##[group]Run actions/cache@v4
Yosys shard 3/4	UNKNOWN STEP	2026-09-22T10:24:43.6888989Z with:
Yosys shard 3/4	UNKNOWN STEP	2026-09-22T10:24:43.6889098Z   path: /opt/yosys
Yosys shard 3/4	UNKNOWN STEP	2026-09-22T10:24:43.6889212Z   key: yosys-v0.66-Linux
Yosys shard 3/4	UNKNOWN STEP	2026-09-22T10:24:43.6889339Z   enableCrossOsArchive: false
Yosys shard 3/4	UNKNOWN STEP	2026-09-22T10:24:43.6889471Z   fail-on-cache-miss: false
Yosys shard 3/4	UNKNOWN STEP	2026-09-22T10:24:43.6889595Z   lookup-only: false
Yosys shard 3/4	UNKNOWN STEP	2026-09-22T10:24:43.6889705Z   save-always: false
Yosys shard 3/4	UNKNOWN STEP	2026-09-22T10:24:43.6889926Z env:
Yosys shard 3/4	UNKNOWN STEP	2026-09-22T10:24:43.6890025Z   VERILATOR_VERSION: v5.050
Yosys shard 3/4	UNKNOWN STEP	2026-09-22T10:24:43.6890146Z   YOSYS_VERSION: v0.66
Yosys shard 3/4	UNKNOWN STEP	2026-09-22T10:24:43.6890288Z   TSN_GEN_REV: deca300c9eb4863fa13383b45ba6cb6fd0828671
Yosys shard 3/4	UNKNOWN STEP	2026-09-22T10:24:43.6890469Z ##[endgroup]
Yosys shard 3/4	UNKNOWN STEP	2026-09-22T10:24:43.7524820Z (node:2113) [DEP0040] DeprecationWarning: The `punycode` module is deprecated. Please use a userland alternative instead.
Yosys shard 3/4	UNKNOWN STEP	2026-09-22T10:24:43.7525219Z (Use `node --trace-deprecation ...` to show where the warning was created)
Yosys shard 3/4	UNKNOWN STEP	2026-09-22T10:24:43.8802645Z Cache hit for: yosys-v0.66-Linux
Yosys shard 3/4	UNKNOWN STEP	2026-09-22T10:24:43.8861980Z (node:2113) [DEP0169] DeprecationWarning: `url.parse()` behavior is not standardized and prone to errors that have security implications. Use the WHATWG URL API instead. CVEs are not issued for `url.parse()` vulnerabilities.
Yosys shard 3/4	UNKNOWN STEP	2026-09-22T10:24:44.7063136Z Received 19685025 of 19685025 (100.0%), 26.6 MBs/sec
Yosys shard 3/4	UNKNOWN STEP	2026-09-22T10:24:44.7063694Z Cache Size: ~19 MB (19685025 B)
Yosys shard 3/4	UNKNOWN STEP	2026-09-22T10:24:44.7079769Z [command]/usr/bin/tar -xf /home/runner/work/_temp/dfea8b2d-ef06-4c2b-8c88-b0bdba30e18e/cache.tzst -P -C /home/runner/work/milan-fpga/milan-fpga --use-compress-program unzstd
Yosys shard 3/4	UNKNOWN STEP	2026-09-22T10:24:44.7828399Z Cache restored successfully
Yosys shard 3/4	UNKNOWN STEP	2026-09-22T10:24:44.7886901Z Cache restored from key: yosys-v0.66-Linux
Yosys shard 3/4	UNKNOWN STEP	2026-09-22T10:24:44.7999081Z ##[group]Run set -euo pipefail
Yosys shard 3/4	UNKNOWN STEP	2026-09-22T10:24:44.7999271Z ^[[36;1mset -euo pipefail^[[0m
Yosys shard 3/4	UNKNOWN STEP	2026-09-22T10:24:44.7999415Z ^[[36;1msudo apt-get update -qq^[[0m
Yosys shard 3/4	UNKNOWN STEP	2026-09-22T10:24:44.7999622Z ^[[36;1msudo apt-get install -y --no-install-recommends libjemalloc2^[[0m
Yosys shard 3/4	UNKNOWN STEP	2026-09-22T10:24:44.7999901Z ^[[36;1msudo ln -sf /opt/yosys/bin/yosys /opt/yosys/bin/yosys-abc /usr/local/bin/^[[0m
Yosys shard 3/4	UNKNOWN STEP	2026-09-22T10:24:44.8000130Z ^[[36;1mtest -x /opt/yosys/bin/yosys-abc^[[0m
Yosys shard 3/4	UNKNOWN STEP	2026-09-22T10:24:44.8000308Z ^[[36;1mecho "bundled ABC: $(cat /opt/yosys/ABC_REV)"^[[0m
Yosys shard 3/4	UNKNOWN STEP	2026-09-22T10:24:44.8000478Z ^[[36;1myosys -V^[[0m
Yosys shard 3/4	UNKNOWN STEP	2026-09-22T10:24:44.8000619Z ^[[36;1myosys -V | grep -F "Yosys ${YOSYS_VERSION#v}"^[[0m
Yosys shard 3/4	UNKNOWN STEP	2026-09-22T10:24:44.8029488Z shell: /usr/bin/bash -e {0}
Yosys shard 3/4	UNKNOWN STEP	2026-09-22T10:24:44.8029634Z env:
Yosys shard 3/4	UNKNOWN STEP	2026-09-22T10:24:44.8029746Z   VERILATOR_VERSION: v5.050
Yosys shard 3/4	UNKNOWN STEP	2026-09-22T10:24:44.8029879Z   YOSYS_VERSION: v0.66
Yosys shard 3/4	UNKNOWN STEP	2026-09-22T10:24:44.8030033Z   TSN_GEN_REV: deca300c9eb4863fa13383b45ba6cb6fd0828671
Yosys shard 3/4	UNKNOWN STEP	2026-09-22T10:24:44.8030206Z ##[endgroup]
Yosys shard 3/4	UNKNOWN STEP	2026-09-22T10:24:49.1117770Z Reading package lists...
Yosys shard 3/4	UNKNOWN STEP	2026-09-22T10:24:49.2466553Z Building dependency tree...
Yosys shard 3/4	UNKNOWN STEP	2026-09-22T10:24:49.2471804Z Reading state information...
Yosys shard 3/4	UNKNOWN STEP	2026-09-22T10:24:49.3620731Z The following NEW packages will be installed:
Yosys shard 3/4	UNKNOWN STEP	2026-09-22T10:24:49.3621511Z   libjemalloc2
Yosys shard 3/4	UNKNOWN STEP	2026-09-22T10:24:49.3739500Z 0 upgraded, 1 newly installed, 0 to remove and 87 not upgraded.
Yosys shard 3/4	UNKNOWN STEP	2026-09-22T10:24:49.3739859Z Need to get 256 kB of archives.
Yosys shard 3/4	UNKNOWN STEP	2026-09-22T10:24:49.3740152Z After this operation, 859 kB of additional disk space will be used.
Yosys shard 3/4	UNKNOWN STEP	2026-09-22T10:24:49.3740559Z Get:1 file:/etc/apt/apt-mirrors.txt Mirrorlist [144 B]
Yosys shard 3/4	UNKNOWN STEP	2026-09-22T10:24:49.4229363Z Get:2 http://azure.archive.ubuntu.com/ubuntu noble/universe amd64 libjemalloc2 amd64 5.3.0-2build1 [256 kB]
Yosys shard 3/4	UNKNOWN STEP	2026-09-22T10:24:49.5898728Z Fetched 256 kB in 0s (4368 kB/s)
Yosys shard 3/4	UNKNOWN STEP	2026-09-22T10:24:49.6078626Z Selecting previously unselected package libjemalloc2:amd64.
Yosys shard 3/4	UNKNOWN STEP	2026-09-22T10:24:49.6350622Z (Reading database ... 
Yosys shard 3/4	UNKNOWN STEP	2026-09-22T10:24:49.6350922Z (Reading database ... 5%
Yosys shard 3/4	UNKNOWN STEP	2026-09-22T10:24:49.6351150Z (Reading database ... 10%
Yosys shard 3/4	UNKNOWN STEP	2026-09-22T10:24:49.6351390Z (Reading database ... 15%
Yosys shard 3/4	UNKNOWN STEP	2026-09-22T10:24:49.6351606Z (Reading database ... 20%
Yosys shard 3/4	UNKNOWN STEP	2026-09-22T10:24:49.6351816Z (Reading database ... 25%
Yosys shard 3/4	UNKNOWN STEP	2026-09-22T10:24:49.6352028Z (Reading database ... 30%
Yosys shard 3/4	UNKNOWN STEP	2026-09-22T10:24:49.6352253Z (Reading database ... 35%
Yosys shard 3/4	UNKNOWN STEP	2026-09-22T10:24:49.6352727Z (Reading database ... 40%
Yosys shard 3/4	UNKNOWN STEP	2026-09-22T10:24:49.6352955Z (Reading database ... 45%
Yosys shard 3/4	UNKNOWN STEP	2026-09-22T10:24:49.6353171Z (Reading database ... 50%
Yosys shard 3/4	UNKNOWN STEP	2026-09-22T10:24:49.6398104Z (Reading database ... 55%
Yosys shard 3/4	UNKNOWN STEP	2026-09-22T10:24:49.7747361Z (Reading database ... 60%
Yosys shard 3/4	UNKNOWN STEP	2026-09-22T10:24:49.9562691Z (Reading database ... 65%
Yosys shard 3/4	UNKNOWN STEP	2026-09-22T10:24:50.1231723Z (Reading database ... 70%
Yosys shard 3/4	UNKNOWN STEP	2026-09-22T10:24:50.3173786Z (Reading database ... 75%
Yosys shard 3/4	UNKNOWN STEP	2026-09-22T10:24:50.4761019Z (Reading database ... 80%
Yosys shard 3/4	UNKNOWN STEP	2026-09-22T10:24:50.7094937Z (Reading database ... 85%
Yosys shard 3/4	UNKNOWN STEP	2026-09-22T10:24:50.8635715Z (Reading database ... 90%
Yosys shard 3/4	UNKNOWN STEP	2026-09-22T10:24:51.0674407Z (Reading database ... 95%
Yosys shard 3/4	UNKNOWN STEP	2026-09-22T10:24:51.0674683Z (Reading database ... 100%
Yosys shard 3/4	UNKNOWN STEP	2026-09-22T10:24:51.0674894Z (Reading database ... 201818 files and directories currently installed.)
Yosys shard 3/4	UNKNOWN STEP	2026-09-22T10:24:51.0709830Z Preparing to unpack .../libjemalloc2_5.3.0-2build1_amd64.deb ...
Yosys shard 3/4	UNKNOWN STEP	2026-09-22T10:24:51.0811763Z Unpacking libjemalloc2:amd64 (5.3.0-2build1) ...
Yosys shard 3/4	UNKNOWN STEP	2026-09-22T10:24:51.1150222Z Setting up libjemalloc2:amd64 (5.3.0-2build1) ...
Yosys shard 3/4	UNKNOWN STEP	2026-09-22T10:24:51.1179373Z Processing triggers for libc-bin (2.39-0ubuntu8.8) ...
Yosys shard 3/4	UNKNOWN STEP	2026-09-22T10:24:51.7491603Z 
Yosys shard 3/4	UNKNOWN STEP	2026-09-22T10:24:51.7492132Z Running kernel seems to be up-to-date.
Yosys shard 3/4	UNKNOWN STEP	2026-09-22T10:24:51.7492371Z 
Yosys shard 3/4	UNKNOWN STEP	2026-09-22T10:24:51.7492637Z No services need to be restarted.
Yosys shard 3/4	UNKNOWN STEP	2026-09-22T10:24:51.7492795Z 
Yosys shard 3/4	UNKNOWN STEP	2026-09-22T10:24:51.7492884Z No containers need to be restarted.
Yosys shard 3/4	UNKNOWN STEP	2026-09-22T10:24:51.7493105Z 
Yosys shard 3/4	UNKNOWN STEP	2026-09-22T10:24:51.7493216Z No user sessions are running outdated binaries.
Yosys shard 3/4	UNKNOWN STEP	2026-09-22T10:24:51.7493397Z 
Yosys shard 3/4	UNKNOWN STEP	2026-09-22T10:24:51.7493570Z No VM guests are running outdated hypervisor (qemu) binaries on this host.
Yosys shard 3/4	UNKNOWN STEP	2026-09-22T10:24:52.3572695Z bundled ABC: 5d51a5e420f5de493d07bf61109a977248c86ffb
Yosys shard 3/4	UNKNOWN STEP	2026-09-22T10:24:52.3594274Z Yosys 0.66 (git sha1 86f2ddebc, g++ 13.3.0-6ubuntu2~24.04.1 -fPIC -O3)
Yosys shard 3/4	UNKNOWN STEP	2026-09-22T10:24:52.3628598Z Yosys 0.66 (git sha1 86f2ddebc, g++ 13.3.0-6ubuntu2~24.04.1 -fPIC -O3)
Yosys shard 3/4	UNKNOWN STEP	2026-09-22T10:24:52.3652346Z ##[group]Run set -euo pipefail
Yosys shard 3/4	UNKNOWN STEP	2026-09-22T10:24:52.3652738Z ^[[36;1mset -euo pipefail^[[0m
Yosys shard 3/4	UNKNOWN STEP	2026-09-22T10:24:52.3652876Z ^[[36;1mver=v0.0.12^[[0m
Yosys shard 3/4	UNKNOWN STEP	2026-09-22T10:24:52.3653087Z ^[[36;1msha256=ff8c9eea5bc029b372fb4953427625cddb7cf7e58c1240623ac9f260818d5a00^[[0m
Yosys shard 3/4	UNKNOWN STEP	2026-09-22T10:24:52.3653412Z ^[[36;1murl="https://github.com/zachjs/sv2v/releases/download/${ver}/sv2v-Linux.zip"^[[0m
Yosys shard 3/4	UNKNOWN STEP	2026-09-22T10:24:52.3653667Z ^[[36;1mcurl -fsSL "$url" -o /tmp/sv2v.zip^[[0m
Yosys shard 3/4	UNKNOWN STEP	2026-09-22T10:24:52.3653866Z ^[[36;1mecho "${sha256}  /tmp/sv2v.zip" | sha256sum -c -^[[0m
Yosys shard 3/4	UNKNOWN STEP	2026-09-22T10:24:52.3654084Z ^[[36;1munzip -q -o /tmp/sv2v.zip -d /tmp/sv2v^[[0m
Yosys shard 3/4	UNKNOWN STEP	2026-09-22T10:24:52.3654317Z ^[[36;1msudo install -m755 "$(find /tmp/sv2v -name sv2v -type f | head -1)" \^[[0m
Yosys shard 3/4	UNKNOWN STEP	2026-09-22T10:24:52.3654533Z ^[[36;1m  /usr/local/bin/sv2v^[[0m
Yosys shard 3/4	UNKNOWN STEP	2026-09-22T10:24:52.3654680Z ^[[36;1msv2v --version^[[0m
Yosys shard 3/4	UNKNOWN STEP	2026-09-22T10:24:52.3683844Z shell: /usr/bin/bash -e {0}
Yosys shard 3/4	UNKNOWN STEP	2026-09-22T10:24:52.3683984Z env:
Yosys shard 3/4	UNKNOWN STEP	2026-09-22T10:24:52.3684097Z   VERILATOR_VERSION: v5.050
Yosys shard 3/4	UNKNOWN STEP	2026-09-22T10:24:52.3684252Z   YOSYS_VERSION: v0.66
Yosys shard 3/4	UNKNOWN STEP	2026-09-22T10:24:52.3684410Z   TSN_GEN_REV: deca300c9eb4863fa13383b45ba6cb6fd0828671
Yosys shard 3/4	UNKNOWN STEP	2026-09-22T10:24:52.3684586Z ##[endgroup]
Yosys shard 3/4	UNKNOWN STEP	2026-09-22T10:24:52.6946303Z /tmp/sv2v.zip: OK
Yosys shard 3/4	UNKNOWN STEP	2026-09-22T10:24:52.7577640Z sv2v v0.0.12
Yosys shard 3/4	UNKNOWN STEP	2026-09-22T10:24:52.7719965Z Node 20 is being deprecated. This workflow is running with Node 24 by default. If you need to temporarily use Node 20, you can set the ACTIONS_ALLOW_USE_UNSECURE_NODE_VERSION=true environment variable. For more information see: https://github.blog/changelog/2025-09-19-deprecation-of-node-20-on-github-actions-runners/
Yosys shard 3/4	UNKNOWN STEP	2026-09-22T10:24:52.7720670Z ##[group]Run actions/cache@v4
Yosys shard 3/4	UNKNOWN STEP	2026-09-22T10:24:52.7720806Z with:
Yosys shard 3/4	UNKNOWN STEP	2026-09-22T10:24:52.7720949Z   path: /home/runner/work/_temp/yosys-result-cache
Yosys shard 3/4	UNKNOWN STEP	2026-09-22T10:24:52.7721195Z   key: yosys-results-v0.66-shard3-ec34fcdee0ca9ffa63564a9af8ad70a3a618de29
Yosys shard 3/4	UNKNOWN STEP	2026-09-22T10:24:52.7721432Z   restore-keys: yosys-results-v0.66-shard3-
Yosys shard 3/4	UNKNOWN STEP	2026-09-22T10:24:52.7721596Z   enableCrossOsArchive: false
Yosys shard 3/4	UNKNOWN STEP	2026-09-22T10:24:52.7721739Z   fail-on-cache-miss: false
Yosys shard 3/4	UNKNOWN STEP	2026-09-22T10:24:52.7721872Z   lookup-only: false
Yosys shard 3/4	UNKNOWN STEP	2026-09-22T10:24:52.7721991Z   save-always: false
Yosys shard 3/4	UNKNOWN STEP	2026-09-22T10:24:52.7722102Z env:
Yosys shard 3/4	UNKNOWN STEP	2026-09-22T10:24:52.7722212Z   VERILATOR_VERSION: v5.050
Yosys shard 3/4	UNKNOWN STEP	2026-09-22T10:24:52.7722359Z   YOSYS_VERSION: v0.66
Yosys shard 3/4	UNKNOWN STEP	2026-09-22T10:24:52.7722692Z   TSN_GEN_REV: deca300c9eb4863fa13383b45ba6cb6fd0828671
Yosys shard 3/4	UNKNOWN STEP	2026-09-22T10:24:52.7722863Z ##[endgroup]
Yosys shard 3/4	UNKNOWN STEP	2026-09-22T10:24:52.8417931Z (node:2632) [DEP0040] DeprecationWarning: The `punycode` module is deprecated. Please use a userland alternative instead.
Yosys shard 3/4	UNKNOWN STEP	2026-09-22T10:24:52.8418617Z (Use `node --trace-deprecation ...` to show where the warning was created)
Yosys shard 3/4	UNKNOWN STEP	2026-09-22T10:24:52.9670823Z Cache hit for restore-key: yosys-results-v0.66-shard3-b17580b91deb11f3441dfc5d7f9fafe539d929b8
Yosys shard 3/4	UNKNOWN STEP	2026-09-22T10:24:52.9733464Z (node:2632) [DEP0169] DeprecationWarning: `url.parse()` behavior is not standardized and prone to errors that have security implications. Use the WHATWG URL API instead. CVEs are not issued for `url.parse()` vulnerabilities.
Yosys shard 3/4	UNKNOWN STEP	2026-09-22T10:24:53.2081197Z Received 22929 of 22929 (100.0%), 0.2 MBs/sec
Yosys shard 3/4	UNKNOWN STEP	2026-09-22T10:24:53.2081654Z Cache Size: ~0 MB (22929 B)
Yosys shard 3/4	UNKNOWN STEP	2026-09-22T10:24:53.2101553Z [command]/usr/bin/tar -xf /home/runner/work/_temp/e0a72deb-e70a-4952-a7c8-394258d55855/cache.tzst -P -C /home/runner/work/milan-fpga/milan-fpga --use-compress-program unzstd
Yosys shard 3/4	UNKNOWN STEP	2026-09-22T10:24:53.2194151Z Cache restored successfully
Yosys shard 3/4	UNKNOWN STEP	2026-09-22T10:24:53.2244439Z Cache restored from key: yosys-results-v0.66-shard3-b17580b91deb11f3441dfc5d7f9fafe539d929b8
Yosys shard 3/4	UNKNOWN STEP	2026-09-22T10:24:53.2341117Z ##[group]Run syn/yosys/run.sh --shard "3/4" \
Yosys shard 3/4	UNKNOWN STEP	2026-09-22T10:24:53.2341460Z ^[[36;1msyn/yosys/run.sh --shard "3/4" \^[[0m
Yosys shard 3/4	UNKNOWN STEP	2026-09-22T10:24:53.2341760Z ^[[36;1m  --results "$RUNNER_TEMP/yosys-results" \^[[0m
Yosys shard 3/4	UNKNOWN STEP	2026-09-22T10:24:53.2342080Z ^[[36;1m  --cache "$RUNNER_TEMP/yosys-result-cache"^[[0m
Yosys shard 3/4	UNKNOWN STEP	2026-09-22T10:24:53.2383543Z shell: /usr/bin/bash -e {0}
Yosys shard 3/4	UNKNOWN STEP	2026-09-22T10:24:53.2383782Z env:
Yosys shard 3/4	UNKNOWN STEP	2026-09-22T10:24:53.2383973Z   VERILATOR_VERSION: v5.050
Yosys shard 3/4	UNKNOWN STEP	2026-09-22T10:24:53.2384207Z   YOSYS_VERSION: v0.66
Yosys shard 3/4	UNKNOWN STEP	2026-09-22T10:24:53.2384463Z   TSN_GEN_REV: deca300c9eb4863fa13383b45ba6cb6fd0828671
Yosys shard 3/4	UNKNOWN STEP	2026-09-22T10:24:53.2384761Z ##[endgroup]
Yosys shard 3/4	UNKNOWN STEP	2026-09-22T10:24:53.4985823Z == Yosys open-synthesis check (synth, via sv2v; shard 3/4) ==
Yosys shard 3/4	UNKNOWN STEP	2026-09-22T10:24:53.4986246Z    yosys allocator: /lib/x86_64-linux-gnu/libjemalloc.so.2
Yosys shard 3/4	UNKNOWN STEP	2026-09-22T10:24:53.5504436Z   [PASS] cdc_handshake          cells=143  (result cache)
Yosys shard 3/4	UNKNOWN STEP	2026-09-22T10:24:53.6342319Z   [PASS] rx_mac_filter          cells=5350  (result cache)
Yosys shard 3/4	UNKNOWN STEP	2026-09-22T10:24:53.9469003Z   [PASS] milan_csr              cells=70355  (result cache)
Yosys shard 3/4	UNKNOWN STEP	2026-09-22T10:24:54.0202592Z   [PASS] KL_gptp_txticket       cells=259  (result cache)
Yosys shard 3/4	UNKNOWN STEP	2026-09-22T10:24:54.1371138Z   [PASS] KL_gptp_gmii_launch    cells=759  (result cache)
Yosys shard 3/4	UNKNOWN STEP	2026-09-22T10:24:54.2278958Z   [PASS] avtp_stream_parser     cells=2967  (result cache)
Yosys shard 3/4	UNKNOWN STEP	2026-09-22T10:24:54.4161839Z   [PASS] KL_avtp_rx_monitor_ctx cells=9817  (result cache)
Yosys shard 3/4	UNKNOWN STEP	2026-09-22T10:24:54.5005476Z   [PASS] KL_tdm_capture         cells=1178  (result cache)
Yosys shard 3/4	UNKNOWN STEP	2026-09-22T10:24:54.5943893Z   [PASS] KL_aes3_tx             cells=1478  (result cache)
Yosys shard 3/4	UNKNOWN STEP	2026-09-22T10:24:54.6994260Z   [PASS] KL_crf_tx              cells=2726  (result cache)
Yosys shard 3/4	UNKNOWN STEP	2026-09-22T10:24:54.8348714Z   [PASS] KL_mmcm_drp_servo      cells=4192  (result cache)
Yosys shard 3/4	UNKNOWN STEP	2026-09-22T10:24:54.9169398Z   [PASS] KL_media_grid_align    cells=1162  (result cache)
Yosys shard 3/4	UNKNOWN STEP	2026-09-22T10:24:54.9906563Z   [PASS] KL_link_guard          cells=460  (result cache)
Yosys shard 3/4	UNKNOWN STEP	2026-09-22T10:24:55.1370111Z   [PASS] KL_render_setpoint     cells=162918  (result cache)
Yosys shard 3/4	UNKNOWN STEP	2026-09-22T10:24:55.2526111Z   [PASS] KL_tdm_render_master   cells=4213  (result cache)
Yosys shard 3/4	UNKNOWN STEP	2026-09-22T10:24:55.3994499Z   [PASS] KL_chan_map_capture    cells=43858  (result cache)
Yosys shard 3/4	UNKNOWN STEP	2026-09-22T10:24:55.4620657Z   [PASS] KL_tone_gen            cells=1127  (result cache)
Yosys shard 3/4	UNKNOWN STEP	2026-09-22T10:24:55.5553145Z   [PASS] credit_based_shaper    cells=6717  (result cache)
Yosys shard 3/4	UNKNOWN STEP	2026-09-22T10:24:55.6268419Z   [PASS] timestamp_counter      cells=1597  (result cache)
Yosys shard 3/4	UNKNOWN STEP	2026-09-22T10:24:55.6770330Z   [PASS] event_counter          cells=95  (result cache)
Yosys shard 3/4	UNKNOWN STEP	2026-09-22T10:24:55.8416649Z   [PASS] classifier_wrap        cells=2865  (result cache)
Yosys shard 3/4	UNKNOWN STEP	2026-09-22T10:24:56.0888640Z   [PASS] datapath_wrap          cells=185015  (result cache)
Yosys shard 3/4	UNKNOWN STEP	2026-09-22T10:24:56.3066812Z   [PASS] ptp_ts_top             cells=5179  (result cache)
Yosys shard 3/4	UNKNOWN STEP	2026-09-22T10:24:56.3678650Z   [PASS] KL_pp_maap_shim        cells=447  (result cache)
Yosys shard 3/4	UNKNOWN STEP	2026-09-22T10:24:56.5224378Z   [PASS] KL_nvm_backend         cells=7798  (result cache)
Yosys shard 3/4	UNKNOWN STEP	2026-09-22T10:24:56.6136776Z   [PASS] axis_arb_mux           cells=177  (result cache)
Yosys shard 3/4	UNKNOWN STEP	2026-09-22T10:24:56.6149634Z --------------------------------------------------------------
Yosys shard 3/4	UNKNOWN STEP	2026-09-22T10:24:56.6149976Z tops: 26   pass: 26   fail: 0
Yosys shard 3/4	UNKNOWN STEP	2026-09-22T10:24:56.6154383Z RESULT: PASS
Yosys shard 3/4	UNKNOWN STEP	2026-09-22T10:24:56.6154553Z structural checks: skipped in this worker
Yosys shard 3/4	UNKNOWN STEP	2026-09-22T10:24:56.6215541Z Node 20 is being deprecated. This workflow is running with Node 24 by default. If you need to temporarily use Node 20, you can set the ACTIONS_ALLOW_USE_UNSECURE_NODE_VERSION=true environment variable. For more information see: https://github.blog/changelog/2025-09-19-deprecation-of-node-20-on-github-actions-runners/
Yosys shard 3/4	UNKNOWN STEP	2026-09-22T10:24:56.6216202Z ##[group]Run actions/upload-artifact@v4
Yosys shard 3/4	UNKNOWN STEP	2026-09-22T10:24:56.6216349Z with:
Yosys shard 3/4	UNKNOWN STEP	2026-09-22T10:24:56.6216462Z   name: yosys-results-3
Yosys shard 3/4	UNKNOWN STEP	2026-09-22T10:24:56.6216610Z   path: /home/runner/work/_temp/yosys-results
Yosys shard 3/4	UNKNOWN STEP	2026-09-22T10:24:56.6216771Z   if-no-files-found: error
Yosys shard 3/4	UNKNOWN STEP	2026-09-22T10:24:56.6216899Z   retention-days: 3
Yosys shard 3/4	UNKNOWN STEP	2026-09-22T10:24:56.6217031Z   compression-level: 6
Yosys shard 3/4	UNKNOWN STEP	2026-09-22T10:24:56.6217153Z   overwrite: false
Yosys shard 3/4	UNKNOWN STEP	2026-09-22T10:24:56.6217277Z   include-hidden-files: false
Yosys shard 3/4	UNKNOWN STEP	2026-09-22T10:24:56.6217405Z env:
Yosys shard 3/4	UNKNOWN STEP	2026-09-22T10:24:56.6217516Z   VERILATOR_VERSION: v5.050
Yosys shard 3/4	UNKNOWN STEP	2026-09-22T10:24:56.6217647Z   YOSYS_VERSION: v0.66
Yosys shard 3/4	UNKNOWN STEP	2026-09-22T10:24:56.6217810Z   TSN_GEN_REV: deca300c9eb4863fa13383b45ba6cb6fd0828671
Yosys shard 3/4	UNKNOWN STEP	2026-09-22T10:24:56.6217977Z ##[endgroup]
Yosys shard 3/4	UNKNOWN STEP	2026-09-22T10:24:56.7202110Z (node:3117) [DEP0040] DeprecationWarning: The `punycode` module is deprecated. Please use a userland alternative instead.
Yosys shard 3/4	UNKNOWN STEP	2026-09-22T10:24:56.7202784Z (Use `node --trace-deprecation ...` to show where the warning was created)
Yosys shard 3/4	UNKNOWN STEP	2026-09-22T10:24:56.7264849Z With the provided path, there will be 27 files uploaded
Yosys shard 3/4	UNKNOWN STEP	2026-09-22T10:24:56.7268669Z Artifact name is valid!
Yosys shard 3/4	UNKNOWN STEP	2026-09-22T10:24:56.7292909Z Root directory input is valid!
Yosys shard 3/4	UNKNOWN STEP	2026-09-22T10:24:57.0053179Z Beginning upload of artifact content to blob storage
Yosys shard 3/4	UNKNOWN STEP	2026-09-22T10:24:57.0315988Z (node:3117) [DEP0169] DeprecationWarning: `url.parse()` behavior is not standardized and prone to errors that have security implications. Use the WHATWG URL API instead. CVEs are not issued for `url.parse()` vulnerabilities.
Yosys shard 3/4	UNKNOWN STEP	2026-09-22T10:24:57.1499040Z Uploaded bytes 5838
Yosys shard 3/4	UNKNOWN STEP	2026-09-22T10:24:57.1857041Z Finished uploading artifact content to blob storage!
Yosys shard 3/4	UNKNOWN STEP	2026-09-22T10:24:57.1857612Z SHA256 digest of uploaded artifact zip is 142ebdcd786bcef511adadad756ff019b470fbe1e941d7da2a96e68ee4ca0a90
Yosys shard 3/4	UNKNOWN STEP	2026-09-22T10:24:57.1859066Z Finalizing artifact upload
Yosys shard 3/4	UNKNOWN STEP	2026-09-22T10:24:57.3826852Z Artifact yosys-results-3.zip successfully finalized. Artifact ID 10688114422
Yosys shard 3/4	UNKNOWN STEP	2026-09-22T10:24:57.3827366Z Artifact yosys-results-3 has been successfully uploaded! Final size is 5838 bytes. Artifact ID is 10688114422
Yosys shard 3/4	UNKNOWN STEP	2026-09-22T10:24:57.3831124Z Artifact download URL: https://github.com/kebag-logic/milan-fpga/actions/runs/35715778753/artifacts/10688114422
Yosys shard 3/4	UNKNOWN STEP	2026-09-22T10:24:57.3955975Z Node 20 is being deprecated. This workflow is running with Node 24 by default. If you need to temporarily use Node 20, you can set the ACTIONS_ALLOW_USE_UNSECURE_NODE_VERSION=true environment variable. For more information see: https://github.blog/changelog/2025-09-19-deprecation-of-node-20-on-github-actions-runners/
Yosys shard 3/4	UNKNOWN STEP	2026-09-22T10:24:57.3956630Z Post job cleanup.
Yosys shard 3/4	UNKNOWN STEP	2026-09-22T10:24:57.4636228Z (node:3131) [DEP0040] DeprecationWarning: The `punycode` module is deprecated. Please use a userland alternative instead.
Yosys shard 3/4	UNKNOWN STEP	2026-09-22T10:24:57.4636758Z (Use `node --trace-deprecation ...` to show where the warning was created)
Yosys shard 3/4	UNKNOWN STEP	2026-09-22T10:24:57.4738026Z [command]/usr/bin/tar --posix -cf cache.tzst --exclude cache.tzst -P -C /home/runner/work/milan-fpga/milan-fpga --files-from manifest.txt --use-compress-program zstdmt
Yosys shard 3/4	UNKNOWN STEP	2026-09-22T10:24:57.6880160Z (node:3131) [DEP0169] DeprecationWarning: `url.parse()` behavior is not standardized and prone to errors that have security implications. Use the WHATWG URL API instead. CVEs are not issued for `url.parse()` vulnerabilities.
Yosys shard 3/4	UNKNOWN STEP	2026-09-22T10:24:57.8658570Z Sent 23021 of 23021 (100.0%), 0.1 MBs/sec
Yosys shard 3/4	UNKNOWN STEP	2026-09-22T10:24:57.9714954Z Cache saved with key: yosys-results-v0.66-shard3-ec34fcdee0ca9ffa63564a9af8ad70a3a618de29
Yosys shard 3/4	UNKNOWN STEP	2026-09-22T10:24:57.9793361Z Node 20 is being deprecated. This workflow is running with Node 24 by default. If you need to temporarily use Node 20, you can set the ACTIONS_ALLOW_USE_UNSECURE_NODE_VERSION=true environment variable. For more information see: https://github.blog/changelog/2025-09-19-deprecation-of-node-20-on-github-actions-runners/
Yosys shard 3/4	UNKNOWN STEP	2026-09-22T10:24:57.9794006Z Post job cleanup.
Yosys shard 3/4	UNKNOWN STEP	2026-09-22T10:24:58.0545067Z Cache hit occurred on the primary key yosys-v0.66-Linux, not saving cache.
Yosys shard 3/4	UNKNOWN STEP	2026-09-22T10:24:58.0546307Z (node:3151) [DEP0040] DeprecationWarning: The `punycode` module is deprecated. Please use a userland alternative instead.
Yosys shard 3/4	UNKNOWN STEP	2026-09-22T10:24:58.0546905Z (Use `node --trace-deprecation ...` to show where the warning was created)
Yosys shard 3/4	UNKNOWN STEP	2026-09-22T10:24:58.0635052Z Node 20 is being deprecated. This workflow is running with Node 24 by default. If you need to temporarily use Node 20, you can set the ACTIONS_ALLOW_USE_UNSECURE_NODE_VERSION=true environment variable. For more information see: https://github.blog/changelog/2025-09-19-deprecation-of-node-20-on-github-actions-runners/
Yosys shard 3/4	UNKNOWN STEP	2026-09-22T10:24:58.0635756Z Post job cleanup.
Yosys shard 3/4	UNKNOWN STEP	2026-09-22T10:24:58.1217311Z [command]/usr/bin/git version
Yosys shard 3/4	UNKNOWN STEP	2026-09-22T10:24:58.1249221Z git version 2.55.0
Yosys shard 3/4	UNKNOWN STEP	2026-09-22T10:24:58.1274126Z Temporarily overriding HOME='/home/runner/work/_temp/12cc0599-b07e-4c91-ba07-cb632ed58595' before making global git config changes
Yosys shard 3/4	UNKNOWN STEP	2026-09-22T10:24:58.1274849Z Adding repository directory to the temporary git global config as a safe directory
Yosys shard 3/4	UNKNOWN STEP	2026-09-22T10:24:58.1277788Z [command]/usr/bin/git config --global --add safe.directory /home/runner/work/milan-fpga/milan-fpga
Yosys shard 3/4	UNKNOWN STEP	2026-09-22T10:24:58.1307153Z [command]/usr/bin/git config --local --name-only --get-regexp core\.sshCommand
Yosys shard 3/4	UNKNOWN STEP	2026-09-22T10:24:58.1333109Z [command]/usr/bin/git submodule foreach --recursive sh -c "git config --local --name-only --get-regexp 'core\.sshCommand' && git config --local --unset-all 'core.sshCommand' || :"
Yosys shard 3/4	UNKNOWN STEP	2026-09-22T10:24:58.1510707Z Entering 'gptp-processor'
Yosys shard 3/4	UNKNOWN STEP	2026-09-22T10:24:58.1550832Z Entering 'protocol-processor'
Yosys shard 3/4	UNKNOWN STEP	2026-09-22T10:24:58.1589437Z Entering 'third_party/verilog-axis'
Yosys shard 3/4	UNKNOWN STEP	2026-09-22T10:24:58.1639028Z [command]/usr/bin/git config --local --name-only --get-regexp http\.https\:\/\/github\.com\/\.extraheader
Yosys shard 3/4	UNKNOWN STEP	2026-09-22T10:24:58.1666067Z http.https://github.com/.extraheader
Yosys shard 3/4	UNKNOWN STEP	2026-09-22T10:24:58.1674319Z [command]/usr/bin/git config --local --unset-all http.https://github.com/.extraheader
Yosys shard 3/4	UNKNOWN STEP	2026-09-22T10:24:58.1705465Z [command]/usr/bin/git submodule foreach --recursive sh -c "git config --local --name-only --get-regexp 'http\.https\:\/\/github\.com\/\.extraheader' && git config --local --unset-all 'http.https://github.com/.extraheader' || :"
Yosys shard 3/4	UNKNOWN STEP	2026-09-22T10:24:58.1886680Z Entering 'gptp-processor'
Yosys shard 3/4	UNKNOWN STEP	2026-09-22T10:24:58.1921013Z Entering 'protocol-processor'
Yosys shard 3/4	UNKNOWN STEP	2026-09-22T10:24:58.1954339Z Entering 'third_party/verilog-axis'
Yosys shard 3/4	UNKNOWN STEP	2026-09-22T10:24:58.2001667Z [command]/usr/bin/git config --local --name-only --get-regexp ^includeIf\.gitdir:
Yosys shard 3/4	UNKNOWN STEP	2026-09-22T10:24:58.2033733Z [command]/usr/bin/git submodule foreach --recursive git config --local --show-origin --name-only --get-regexp remote.origin.url
Yosys shard 3/4	UNKNOWN STEP	2026-09-22T10:24:58.2201676Z Entering 'gptp-processor'
Yosys shard 3/4	UNKNOWN STEP	2026-09-22T10:24:58.2218267Z file:/home/runner/work/milan-fpga/milan-fpga/.git/modules/gptp-processor/config	remote.origin.url
Yosys shard 3/4	UNKNOWN STEP	2026-09-22T10:24:58.2232682Z Entering 'protocol-processor'
Yosys shard 3/4	UNKNOWN STEP	2026-09-22T10:24:58.2248134Z file:/home/runner/work/milan-fpga/milan-fpga/.git/modules/protocol-processor/config	remote.origin.url
Yosys shard 3/4	UNKNOWN STEP	2026-09-22T10:24:58.2262673Z Entering 'third_party/verilog-axis'
Yosys shard 3/4	UNKNOWN STEP	2026-09-22T10:24:58.2277856Z file:/home/runner/work/milan-fpga/milan-fpga/.git/modules/third_party/verilog-axis/config	remote.origin.url
Yosys shard 3/4	UNKNOWN STEP	2026-09-22T10:24:58.2305861Z [command]/usr/bin/git config --file /home/runner/work/milan-fpga/milan-fpga/.git/modules/gptp-processor/config --name-only --get-regexp ^includeIf\.gitdir:
Yosys shard 3/4	UNKNOWN STEP	2026-09-22T10:24:58.2333935Z [command]/usr/bin/git config --file /home/runner/work/milan-fpga/milan-fpga/.git/modules/protocol-processor/config --name-only --get-regexp ^includeIf\.gitdir:
Yosys shard 3/4	UNKNOWN STEP	2026-09-22T10:24:58.2359586Z [command]/usr/bin/git config --file /home/runner/work/milan-fpga/milan-fpga/.git/modules/third_party/verilog-axis/config --name-only --get-regexp ^includeIf\.gitdir:
Yosys shard 3/4	UNKNOWN STEP	2026-09-22T10:24:58.2489237Z Cleaning up orphan processes
Yosys shard 3/4	UNKNOWN STEP	2026-09-22T10:24:58.2691300Z ##[warning]Node.js 20 is deprecated. The following actions target Node.js 20 but are being forced to run on Node.js 24: actions/cache@v4, actions/checkout@v4, actions/upload-artifact@v4. For more information see: https://github.blog/changelog/2025-09-19-deprecation-of-node-20-on-github-actions-runners/
Verilator shard 1/5	UNKNOWN STEP	﻿2026-09-22T10:24:37.2126686Z Current runner version: '2.337.0'
Verilator shard 1/5	UNKNOWN STEP	2026-09-22T10:24:37.2162243Z ##[group]Runner Image Provisioner
Verilator shard 1/5	UNKNOWN STEP	2026-09-22T10:24:37.2163529Z Hosted Compute Agent
Verilator shard 1/5	UNKNOWN STEP	2026-09-22T10:24:37.2164391Z Version: 20260828.587
Verilator shard 1/5	UNKNOWN STEP	2026-09-22T10:24:37.2165286Z Commit: abac92662cab4cc7352de4f9f9d2e2419aad9c29
Verilator shard 1/5	UNKNOWN STEP	2026-09-22T10:24:37.2166302Z Build Date: 2026-08-28T16:44:25Z
Verilator shard 1/5	UNKNOWN STEP	2026-09-22T10:24:37.2167277Z Worker ID: {de554174-12e7-4118-8b4f-46fd4a02c08b}
Verilator shard 1/5	UNKNOWN STEP	2026-09-22T10:24:37.2168283Z Azure Region: northcentralus
Verilator shard 1/5	UNKNOWN STEP	2026-09-22T10:24:37.2169097Z ##[endgroup]
Verilator shard 1/5	UNKNOWN STEP	2026-09-22T10:24:37.2171299Z ##[group]Operating System
Verilator shard 1/5	UNKNOWN STEP	2026-09-22T10:24:37.2171935Z Ubuntu
Verilator shard 1/5	UNKNOWN STEP	2026-09-22T10:24:37.2172520Z 24.04.5
Verilator shard 1/5	UNKNOWN STEP	2026-09-22T10:24:37.2173032Z LTS
Verilator shard 1/5	UNKNOWN STEP	2026-09-22T10:24:37.2173504Z ##[endgroup]
Verilator shard 1/5	UNKNOWN STEP	2026-09-22T10:24:37.2174093Z ##[group]Runner Image
Verilator shard 1/5	UNKNOWN STEP	2026-09-22T10:24:37.2174676Z Image: ubuntu-24.04
Verilator shard 1/5	UNKNOWN STEP	2026-09-22T10:24:37.2175229Z Version: 20260907.300.1
Verilator shard 1/5	UNKNOWN STEP	2026-09-22T10:24:37.2176558Z Included Software: https://github.com/actions/runner-images/blob/ubuntu24/20260907.300/images/ubuntu/Ubuntu2404-Readme.md
Verilator shard 1/5	UNKNOWN STEP	2026-09-22T10:24:37.2178166Z Image Release: https://github.com/actions/runner-images/releases/tag/ubuntu24%2F20260907.300
Verilator shard 1/5	UNKNOWN STEP	2026-09-22T10:24:37.2179147Z ##[endgroup]
Verilator shard 1/5	UNKNOWN STEP	2026-09-22T10:24:37.2180603Z ##[group]GITHUB_TOKEN Permissions
Verilator shard 1/5	UNKNOWN STEP	2026-09-22T10:24:37.2182688Z Contents: read
Verilator shard 1/5	UNKNOWN STEP	2026-09-22T10:24:37.2183261Z Metadata: read
Verilator shard 1/5	UNKNOWN STEP	2026-09-22T10:24:37.2183823Z Packages: read
Verilator shard 1/5	UNKNOWN STEP	2026-09-22T10:24:37.2184356Z ##[endgroup]
Verilator shard 1/5	UNKNOWN STEP	2026-09-22T10:24:37.2186335Z Secret source: Actions
Verilator shard 1/5	UNKNOWN STEP	2026-09-22T10:24:37.2187189Z Cache mode: write
Verilator shard 1/5	UNKNOWN STEP	2026-09-22T10:24:37.2187875Z Prepare workflow directory
Verilator shard 1/5	UNKNOWN STEP	2026-09-22T10:24:37.2680284Z Prepare all required actions
Verilator shard 1/5	UNKNOWN STEP	2026-09-22T10:24:37.2750503Z Getting action download info
Verilator shard 1/5	UNKNOWN STEP	2026-09-22T10:24:37.5069188Z Download action repository 'actions/checkout@v4' (SHA:11d5960a326750d5838078e36cf38b85af677262)
Verilator shard 1/5	UNKNOWN STEP	2026-09-22T10:24:37.6216834Z Download action repository 'actions/cache@v4' (SHA:0057852bfaa89a56745cba8c7296529d2fc39830)
Verilator shard 1/5	UNKNOWN STEP	2026-09-22T10:24:37.7659671Z Download action repository 'actions/upload-artifact@v4' (SHA:ea165f8d65b6e75b540449e92b4886f43607fa02)
Verilator shard 1/5	UNKNOWN STEP	2026-09-22T10:24:38.0264186Z Complete job name: Verilator shard 1/5
Verilator shard 1/5	UNKNOWN STEP	2026-09-22T10:24:38.1031063Z Node 20 is being deprecated. This workflow is running with Node 24 by default. If you need to temporarily use Node 20, you can set the ACTIONS_ALLOW_USE_UNSECURE_NODE_VERSION=true environment variable. For more information see: https://github.blog/changelog/2025-09-19-deprecation-of-node-20-on-github-actions-runners/
Verilator shard 1/5	UNKNOWN STEP	2026-09-22T10:24:38.1040375Z ##[group]Run actions/checkout@v4
Verilator shard 1/5	UNKNOWN STEP	2026-09-22T10:24:38.1041291Z with:
Verilator shard 1/5	UNKNOWN STEP	2026-09-22T10:24:38.1041963Z   repository: kebag-logic/milan-fpga
Verilator shard 1/5	UNKNOWN STEP	2026-09-22T10:24:38.1046975Z   token: ***
Verilator shard 1/5	UNKNOWN STEP	2026-09-22T10:24:38.1047546Z   ssh-strict: true
Verilator shard 1/5	UNKNOWN STEP	2026-09-22T10:24:38.1048364Z   ssh-user: git
Verilator shard 1/5	UNKNOWN STEP	2026-09-22T10:24:38.1048939Z   persist-credentials: true
Verilator shard 1/5	UNKNOWN STEP	2026-09-22T10:24:38.1049612Z   clean: true
Verilator shard 1/5	UNKNOWN STEP	2026-09-22T10:24:38.1050340Z   sparse-checkout-cone-mode: true
Verilator shard 1/5	UNKNOWN STEP	2026-09-22T10:24:38.1051010Z   fetch-depth: 1
Verilator shard 1/5	UNKNOWN STEP	2026-09-22T10:24:38.1051590Z   fetch-tags: false
Verilator shard 1/5	UNKNOWN STEP	2026-09-22T10:24:38.1052230Z   show-progress: true
Verilator shard 1/5	UNKNOWN STEP	2026-09-22T10:24:38.1052904Z   lfs: false
Verilator shard 1/5	UNKNOWN STEP	2026-09-22T10:24:38.1053537Z   submodules: false
Verilator shard 1/5	UNKNOWN STEP	2026-09-22T10:24:38.1054182Z   set-safe-directory: true
Verilator shard 1/5	UNKNOWN STEP	2026-09-22T10:24:38.1054827Z   allow-unsafe-pr-checkout: false
Verilator shard 1/5	UNKNOWN STEP	2026-09-22T10:24:38.1055654Z env:
Verilator shard 1/5	UNKNOWN STEP	2026-09-22T10:24:38.1056220Z   VERILATOR_VERSION: v5.050
Verilator shard 1/5	UNKNOWN STEP	2026-09-22T10:24:38.1056849Z   YOSYS_VERSION: v0.66
Verilator shard 1/5	UNKNOWN STEP	2026-09-22T10:24:38.1057538Z   TSN_GEN_REV: deca300c9eb4863fa13383b45ba6cb6fd0828671
Verilator shard 1/5	UNKNOWN STEP	2026-09-22T10:24:38.1058321Z ##[endgroup]
Verilator shard 1/5	UNKNOWN STEP	2026-09-22T10:24:38.2102081Z Syncing repository: kebag-logic/milan-fpga
Verilator shard 1/5	UNKNOWN STEP	2026-09-22T10:24:38.2104944Z ##[group]Getting Git version info
Verilator shard 1/5	UNKNOWN STEP	2026-09-22T10:24:38.2105987Z Working directory is '/home/runner/work/milan-fpga/milan-fpga'
Verilator shard 1/5	UNKNOWN STEP	2026-09-22T10:24:38.2107849Z [command]/usr/bin/git version
Verilator shard 1/5	UNKNOWN STEP	2026-09-22T10:24:38.2172449Z git version 2.55.0
Verilator shard 1/5	UNKNOWN STEP	2026-09-22T10:24:38.2193982Z ##[endgroup]
Verilator shard 1/5	UNKNOWN STEP	2026-09-22T10:24:38.2215058Z Temporarily overriding HOME='/home/runner/work/_temp/638c757f-9338-4641-a3ed-94cd30979e57' before making global git config changes
Verilator shard 1/5	UNKNOWN STEP	2026-09-22T10:24:38.2218767Z Adding repository directory to the temporary git global config as a safe directory
Verilator shard 1/5	UNKNOWN STEP	2026-09-22T10:24:38.2222546Z [command]/usr/bin/git config --global --add safe.directory /home/runner/work/milan-fpga/milan-fpga
Verilator shard 1/5	UNKNOWN STEP	2026-09-22T10:24:38.2325751Z Deleting the contents of '/home/runner/work/milan-fpga/milan-fpga'
Verilator shard 1/5	UNKNOWN STEP	2026-09-22T10:24:38.2327952Z ##[group]Initializing the repository
Verilator shard 1/5	UNKNOWN STEP	2026-09-22T10:24:38.2328996Z [command]/usr/bin/git init /home/runner/work/milan-fpga/milan-fpga
Verilator shard 1/5	UNKNOWN STEP	2026-09-22T10:24:38.2468072Z hint: Using 'master' as the name for the initial branch. This default branch name
Verilator shard 1/5	UNKNOWN STEP	2026-09-22T10:24:38.2470849Z hint: will change to "main" in Git 3.0. To configure the initial branch name
Verilator shard 1/5	UNKNOWN STEP	2026-09-22T10:24:38.2476869Z hint: to use in all of your new repositories, which will suppress this warning,
Verilator shard 1/5	UNKNOWN STEP	2026-09-22T10:24:38.2478742Z hint: call:
Verilator shard 1/5	UNKNOWN STEP	2026-09-22T10:24:38.2479799Z hint:
Verilator shard 1/5	UNKNOWN STEP	2026-09-22T10:24:38.2481239Z hint: 	git config --global init.defaultBranch <name>
Verilator shard 1/5	UNKNOWN STEP	2026-09-22T10:24:38.2482605Z hint:
Verilator shard 1/5	UNKNOWN STEP	2026-09-22T10:24:38.2483949Z hint: Names commonly chosen instead of 'master' are 'main', 'trunk' and
Verilator shard 1/5	UNKNOWN STEP	2026-09-22T10:24:38.2486195Z hint: 'development'. The just-created branch can be renamed via this command:
Verilator shard 1/5	UNKNOWN STEP	2026-09-22T10:24:38.2487873Z hint:
Verilator shard 1/5	UNKNOWN STEP	2026-09-22T10:24:38.2488910Z hint: 	git branch -m <name>
Verilator shard 1/5	UNKNOWN STEP	2026-09-22T10:24:38.2489920Z hint:
Verilator shard 1/5	UNKNOWN STEP	2026-09-22T10:24:38.2491729Z hint: Disable this message with "git config set advice.defaultBranchName false"
Verilator shard 1/5	UNKNOWN STEP	2026-09-22T10:24:38.2494018Z Initialized empty Git repository in /home/runner/work/milan-fpga/milan-fpga/.git/
Verilator shard 1/5	UNKNOWN STEP	2026-09-22T10:24:38.2498224Z [command]/usr/bin/git remote add origin https://github.com/kebag-logic/milan-fpga
Verilator shard 1/5	UNKNOWN STEP	2026-09-22T10:24:38.2550800Z ##[endgroup]
Verilator shard 1/5	UNKNOWN STEP	2026-09-22T10:24:38.2552525Z ##[group]Disabling automatic garbage collection
Verilator shard 1/5	UNKNOWN STEP	2026-09-22T10:24:38.2555125Z [command]/usr/bin/git config --local gc.auto 0
Verilator shard 1/5	UNKNOWN STEP	2026-09-22T10:24:38.2598949Z ##[endgroup]
Verilator shard 1/5	UNKNOWN STEP	2026-09-22T10:24:38.2600811Z ##[group]Setting up auth
Verilator shard 1/5	UNKNOWN STEP	2026-09-22T10:24:38.2607023Z [command]/usr/bin/git config --local --name-only --get-regexp core\.sshCommand
Verilator shard 1/5	UNKNOWN STEP	2026-09-22T10:24:38.2646470Z [command]/usr/bin/git submodule foreach --recursive sh -c "git config --local --name-only --get-regexp 'core\.sshCommand' && git config --local --unset-all 'core.sshCommand' || :"
Verilator shard 1/5	UNKNOWN STEP	2026-09-22T10:24:38.3033358Z [command]/usr/bin/git config --local --name-only --get-regexp http\.https\:\/\/github\.com\/\.extraheader
Verilator shard 1/5	UNKNOWN STEP	2026-09-22T10:24:38.3064218Z [command]/usr/bin/git submodule foreach --recursive sh -c "git config --local --name-only --get-regexp 'http\.https\:\/\/github\.com\/\.extraheader' && git config --local --unset-all 'http.https://github.com/.extraheader' || :"
Verilator shard 1/5	UNKNOWN STEP	2026-09-22T10:24:38.3251418Z [command]/usr/bin/git config --local --name-only --get-regexp ^includeIf\.gitdir:
Verilator shard 1/5	UNKNOWN STEP	2026-09-22T10:24:38.3279897Z [command]/usr/bin/git submodule foreach --recursive git config --local --show-origin --name-only --get-regexp remote.origin.url
Verilator shard 1/5	UNKNOWN STEP	2026-09-22T10:24:38.3466686Z [command]/usr/bin/git config --local http.https://github.com/.extraheader AUTHORIZATION: basic ***
Verilator shard 1/5	UNKNOWN STEP	2026-09-22T10:24:38.3507242Z ##[endgroup]
Verilator shard 1/5	UNKNOWN STEP	2026-09-22T10:24:38.3509019Z ##[group]Fetching the repository
Verilator shard 1/5	UNKNOWN STEP	2026-09-22T10:24:38.3516949Z [command]/usr/bin/git -c protocol.version=2 fetch --no-tags --prune --no-recurse-submodules --depth=1 origin +ec34fcdee0ca9ffa63564a9af8ad70a3a618de29:refs/remotes/origin/dev
Verilator shard 1/5	UNKNOWN STEP	2026-09-22T10:24:39.1132931Z From https://github.com/kebag-logic/milan-fpga
Verilator shard 1/5	UNKNOWN STEP	2026-09-22T10:24:39.1136330Z  * [new ref]         ec34fcdee0ca9ffa63564a9af8ad70a3a618de29 -> origin/dev
Verilator shard 1/5	UNKNOWN STEP	2026-09-22T10:24:39.1145827Z ##[endgroup]
Verilator shard 1/5	UNKNOWN STEP	2026-09-22T10:24:39.1147935Z ##[group]Determining the checkout info
Verilator shard 1/5	UNKNOWN STEP	2026-09-22T10:24:39.1150191Z ##[endgroup]
Verilator shard 1/5	UNKNOWN STEP	2026-09-22T10:24:39.1151487Z [command]/usr/bin/git sparse-checkout disable
Verilator shard 1/5	UNKNOWN STEP	2026-09-22T10:24:39.1196680Z [command]/usr/bin/git config --local --unset-all extensions.worktreeConfig
Verilator shard 1/5	UNKNOWN STEP	2026-09-22T10:24:39.1225404Z ##[group]Checking out the ref
Verilator shard 1/5	UNKNOWN STEP	2026-09-22T10:24:39.1237561Z [command]/usr/bin/git checkout --progress --force -B dev refs/remotes/origin/dev
Verilator shard 1/5	UNKNOWN STEP	2026-09-22T10:24:39.2667928Z Switched to a new branch 'dev'
Verilator shard 1/5	UNKNOWN STEP	2026-09-22T10:24:39.2671319Z branch 'dev' set up to track 'origin/dev'.
Verilator shard 1/5	UNKNOWN STEP	2026-09-22T10:24:39.2681480Z ##[endgroup]
Verilator shard 1/5	UNKNOWN STEP	2026-09-22T10:24:39.2722061Z [command]/usr/bin/git log -1 --format=%H
Verilator shard 1/5	UNKNOWN STEP	2026-09-22T10:24:39.2747078Z ec34fcdee0ca9ffa63564a9af8ad70a3a618de29
Verilator shard 1/5	UNKNOWN STEP	2026-09-22T10:24:39.2996171Z ##[group]Run git submodule update --init third_party/verilog-axis protocol-processor gptp-processor
Verilator shard 1/5	UNKNOWN STEP	2026-09-22T10:24:39.2999711Z ^[[36;1mgit submodule update --init third_party/verilog-axis protocol-processor gptp-processor^[[0m
Verilator shard 1/5	UNKNOWN STEP	2026-09-22T10:24:39.3034503Z shell: /usr/bin/bash -e {0}
Verilator shard 1/5	UNKNOWN STEP	2026-09-22T10:24:39.3035874Z env:
Verilator shard 1/5	UNKNOWN STEP	2026-09-22T10:24:39.3037067Z   VERILATOR_VERSION: v5.050
Verilator shard 1/5	UNKNOWN STEP	2026-09-22T10:24:39.3038419Z   YOSYS_VERSION: v0.66
Verilator shard 1/5	UNKNOWN STEP	2026-09-22T10:24:39.3039851Z   TSN_GEN_REV: deca300c9eb4863fa13383b45ba6cb6fd0828671
Verilator shard 1/5	UNKNOWN STEP	2026-09-22T10:24:39.3041830Z ##[endgroup]
Verilator shard 1/5	UNKNOWN STEP	2026-09-22T10:24:39.3313047Z Submodule 'gptp-processor' (https://github.com/Mister-M-alt/FPGA-gPTP.git) registered for path 'gptp-processor'
Verilator shard 1/5	UNKNOWN STEP	2026-09-22T10:24:39.3318703Z Submodule 'protocol-processor' (https://github.com/Mister-M-alt/protocol-processor-control-plane-avb-milan.git) registered for path 'protocol-processor'
Verilator shard 1/5	UNKNOWN STEP	2026-09-22T10:24:39.3325983Z Submodule 'third_party/verilog-axis' (https://github.com/alexforencich/verilog-axis) registered for path 'third_party/verilog-axis'
Verilator shard 1/5	UNKNOWN STEP	2026-09-22T10:24:39.3342236Z Cloning into '/home/runner/work/milan-fpga/milan-fpga/gptp-processor'...
Verilator shard 1/5	UNKNOWN STEP	2026-09-22T10:24:40.0128337Z Cloning into '/home/runner/work/milan-fpga/milan-fpga/protocol-processor'...
Verilator shard 1/5	UNKNOWN STEP	2026-09-22T10:24:40.8128941Z Cloning into '/home/runner/work/milan-fpga/milan-fpga/third_party/verilog-axis'...
Verilator shard 1/5	UNKNOWN STEP	2026-09-22T10:24:41.3380582Z Submodule path 'gptp-processor': checked out 'c1b617435824929a790739ea8585c3fe1a328cc0'
Verilator shard 1/5	UNKNOWN STEP	2026-09-22T10:24:41.3973003Z Submodule path 'protocol-processor': checked out '424c688fa2205b934a7689a58f2aa766420f2326'
Verilator shard 1/5	UNKNOWN STEP	2026-09-22T10:24:41.4114987Z Submodule path 'third_party/verilog-axis': checked out '48ff7a7e2ef782cf778d47910cf85835c64b1bce'
Verilator shard 1/5	UNKNOWN STEP	2026-09-22T10:24:41.4165004Z ##[group]Run set -euo pipefail
Verilator shard 1/5	UNKNOWN STEP	2026-09-22T10:24:41.4165418Z ^[[36;1mset -euo pipefail^[[0m
Verilator shard 1/5	UNKNOWN STEP	2026-09-22T10:24:41.4165789Z ^[[36;1mhead="$(git rev-parse HEAD)"^[[0m
Verilator shard 1/5	UNKNOWN STEP	2026-09-22T10:24:41.4166232Z ^[[36;1mif [ "$head" != "$GITHUB_SHA" ] || [ "$GITHUB_SHA" != "$TARGET_SHA" ]; then^[[0m
Verilator shard 1/5	UNKNOWN STEP	2026-09-22T10:24:41.4166912Z ^[[36;1m  echo "checkout $head, GITHUB_SHA $GITHUB_SHA and gate target $TARGET_SHA must be one SHA" >&2^[[0m
Verilator shard 1/5	UNKNOWN STEP	2026-09-22T10:24:41.4167401Z ^[[36;1m  exit 1^[[0m
Verilator shard 1/5	UNKNOWN STEP	2026-09-22T10:24:41.4167663Z ^[[36;1mfi^[[0m
Verilator shard 1/5	UNKNOWN STEP	2026-09-22T10:24:41.4167987Z ^[[36;1mmkdir -p "$RUNNER_TEMP/suite-logs"^[[0m
Verilator shard 1/5	UNKNOWN STEP	2026-09-22T10:24:41.4168444Z ^[[36;1mprintf '%s\n' "$GITHUB_SHA" > "$RUNNER_TEMP/suite-logs/TARGET_SHA"^[[0m
Verilator shard 1/5	UNKNOWN STEP	2026-09-22T10:24:41.4168880Z ^[[36;1mecho "target_sha=$GITHUB_SHA"^[[0m
Verilator shard 1/5	UNKNOWN STEP	2026-09-22T10:24:41.4192964Z shell: /usr/bin/bash -e {0}
Verilator shard 1/5	UNKNOWN STEP	2026-09-22T10:24:41.4193390Z env:
Verilator shard 1/5	UNKNOWN STEP	2026-09-22T10:24:41.4193706Z   VERILATOR_VERSION: v5.050
Verilator shard 1/5	UNKNOWN STEP	2026-09-22T10:24:41.4194031Z   YOSYS_VERSION: v0.66
Verilator shard 1/5	UNKNOWN STEP	2026-09-22T10:24:41.4194520Z   TSN_GEN_REV: deca300c9eb4863fa13383b45ba6cb6fd0828671
Verilator shard 1/5	UNKNOWN STEP	2026-09-22T10:24:41.4195005Z   TARGET_SHA: ec34fcdee0ca9ffa63564a9af8ad70a3a618de29
Verilator shard 1/5	UNKNOWN STEP	2026-09-22T10:24:41.4195402Z ##[endgroup]
Verilator shard 1/5	UNKNOWN STEP	2026-09-22T10:24:41.4262937Z target_sha=ec34fcdee0ca9ffa63564a9af8ad70a3a618de29
Verilator shard 1/5	UNKNOWN STEP	2026-09-22T10:24:41.4352569Z Node 20 is being deprecated. This workflow is running with Node 24 by default. If you need to temporarily use Node 20, you can set the ACTIONS_ALLOW_USE_UNSECURE_NODE_VERSION=true environment variable. For more information see: https://github.blog/changelog/2025-09-19-deprecation-of-node-20-on-github-actions-runners/
Verilator shard 1/5	UNKNOWN STEP	2026-09-22T10:24:41.4354060Z ##[group]Run actions/cache@v4
Verilator shard 1/5	UNKNOWN STEP	2026-09-22T10:24:41.4354476Z with:
Verilator shard 1/5	UNKNOWN STEP	2026-09-22T10:24:41.4354778Z   path: /opt/verilator
Verilator shard 1/5	UNKNOWN STEP	2026-09-22T10:24:41.4355081Z   key: verilator-v5.050-Linux
Verilator shard 1/5	UNKNOWN STEP	2026-09-22T10:24:41.4355457Z   enableCrossOsArchive: false
Verilator shard 1/5	UNKNOWN STEP	2026-09-22T10:24:41.4355836Z   fail-on-cache-miss: false
Verilator shard 1/5	UNKNOWN STEP	2026-09-22T10:24:41.4356222Z   lookup-only: false
Verilator shard 1/5	UNKNOWN STEP	2026-09-22T10:24:41.4356537Z   save-always: false
Verilator shard 1/5	UNKNOWN STEP	2026-09-22T10:24:41.4356957Z env:
Verilator shard 1/5	UNKNOWN STEP	2026-09-22T10:24:41.4357256Z   VERILATOR_VERSION: v5.050
Verilator shard 1/5	UNKNOWN STEP	2026-09-22T10:24:41.4357573Z   YOSYS_VERSION: v0.66
Verilator shard 1/5	UNKNOWN STEP	2026-09-22T10:24:41.4357995Z   TSN_GEN_REV: deca300c9eb4863fa13383b45ba6cb6fd0828671
Verilator shard 1/5	UNKNOWN STEP	2026-09-22T10:24:41.4358457Z ##[endgroup]
Verilator shard 1/5	UNKNOWN STEP	2026-09-22T10:24:41.5340880Z (node:2334) [DEP0040] DeprecationWarning: The `punycode` module is deprecated. Please use a userland alternative instead.
Verilator shard 1/5	UNKNOWN STEP	2026-09-22T10:24:41.5341850Z (Use `node --trace-deprecation ...` to show where the warning was created)
Verilator shard 1/5	UNKNOWN STEP	2026-09-22T10:24:41.6662335Z Cache hit for: verilator-v5.050-Linux
Verilator shard 1/5	UNKNOWN STEP	2026-09-22T10:24:41.6757280Z (node:2334) [DEP0169] DeprecationWarning: `url.parse()` behavior is not standardized and prone to errors that have security implications. Use the WHATWG URL API instead. CVEs are not issued for `url.parse()` vulnerabilities.
Verilator shard 1/5	UNKNOWN STEP	2026-09-22T10:24:42.4931310Z Received 92153557 of 92153557 (100.0%), 121.4 MBs/sec
Verilator shard 1/5	UNKNOWN STEP	2026-09-22T10:24:42.4932323Z Cache Size: ~88 MB (92153557 B)
Verilator shard 1/5	UNKNOWN STEP	2026-09-22T10:24:42.4958843Z [command]/usr/bin/tar -xf /home/runner/work/_temp/cec4d87d-af5e-4109-b16e-cdf770f6c632/cache.tzst -P -C /home/runner/work/milan-fpga/milan-fpga --use-compress-program unzstd
Verilator shard 1/5	UNKNOWN STEP	2026-09-22T10:24:42.6373163Z Cache restored successfully
Verilator shard 1/5	UNKNOWN STEP	2026-09-22T10:24:42.6478309Z Cache restored from key: verilator-v5.050-Linux
Verilator shard 1/5	UNKNOWN STEP	2026-09-22T10:24:42.6644591Z ##[group]Run echo "/opt/verilator/bin" >> "$GITHUB_PATH"
Verilator shard 1/5	UNKNOWN STEP	2026-09-22T10:24:42.6645120Z ^[[36;1mecho "/opt/verilator/bin" >> "$GITHUB_PATH"^[[0m
Verilator shard 1/5	UNKNOWN STEP	2026-09-22T10:24:42.6645549Z ^[[36;1m/opt/verilator/bin/verilator --version^[[0m
Verilator shard 1/5	UNKNOWN STEP	2026-09-22T10:24:42.6646121Z ^[[36;1m/opt/verilator/bin/verilator --version | grep -F "${VERILATOR_VERSION#v}"^[[0m
Verilator shard 1/5	UNKNOWN STEP	2026-09-22T10:24:42.6669140Z shell: /usr/bin/bash -e {0}
Verilator shard 1/5	UNKNOWN STEP	2026-09-22T10:24:42.6669565Z env:
Verilator shard 1/5	UNKNOWN STEP	2026-09-22T10:24:42.6670037Z   VERILATOR_VERSION: v5.050
Verilator shard 1/5	UNKNOWN STEP	2026-09-22T10:24:42.6670452Z   YOSYS_VERSION: v0.66
Verilator shard 1/5	UNKNOWN STEP	2026-09-22T10:24:42.6670825Z   TSN_GEN_REV: deca300c9eb4863fa13383b45ba6cb6fd0828671
Verilator shard 1/5	UNKNOWN STEP	2026-09-22T10:24:42.6671207Z ##[endgroup]
Verilator shard 1/5	UNKNOWN STEP	2026-09-22T10:24:43.1577254Z Verilator 5.050 2026-07-01 rev v5.050
Verilator shard 1/5	UNKNOWN STEP	2026-09-22T10:24:43.2078941Z Verilator 5.050 2026-07-01 rev v5.050
Verilator shard 1/5	UNKNOWN STEP	2026-09-22T10:24:43.2120708Z ##[group]Run set -euo pipefail
Verilator shard 1/5	UNKNOWN STEP	2026-09-22T10:24:43.2121242Z ^[[36;1mset -euo pipefail^[[0m
Verilator shard 1/5	UNKNOWN STEP	2026-09-22T10:24:43.2121683Z ^[[36;1mpython3 scripts/suite_shards.py --selftest^[[0m
Verilator shard 1/5	UNKNOWN STEP	2026-09-22T10:24:43.2122260Z ^[[36;1mscripts/run_all_suites.sh --shard "$SHARD/$SHARDS" --list \^[[0m
Verilator shard 1/5	UNKNOWN STEP	2026-09-22T10:24:43.2122795Z ^[[36;1m  > "$RUNNER_TEMP/owned-suites"^[[0m
Verilator shard 1/5	UNKNOWN STEP	2026-09-22T10:24:43.2123236Z ^[[36;1mecho "Shard $SHARD owns:"^[[0m
Verilator shard 1/5	UNKNOWN STEP	2026-09-22T10:24:43.2123669Z ^[[36;1msed 's/^/  /' "$RUNNER_TEMP/owned-suites"^[[0m
Verilator shard 1/5	UNKNOWN STEP	2026-09-22T10:24:43.2124110Z ^[[36;1mcase "$SHARD" in^[[0m
Verilator shard 1/5	UNKNOWN STEP	2026-09-22T10:24:43.2124620Z ^[[36;1m  1) grep -Fx tsn_fuzz "$RUNNER_TEMP/owned-suites" ;;^[[0m
Verilator shard 1/5	UNKNOWN STEP	2026-09-22T10:24:43.2125134Z ^[[36;1m  3) grep -Fx chmap_capture "$RUNNER_TEMP/owned-suites" ;;^[[0m
Verilator shard 1/5	UNKNOWN STEP	2026-09-22T10:24:43.2125734Z ^[[36;1m  4) test "$(cat "$RUNNER_TEMP/owned-suites")" = milan_dp ;;^[[0m
Verilator shard 1/5	UNKNOWN STEP	2026-09-22T10:24:43.2126180Z ^[[36;1mesac^[[0m
Verilator shard 1/5	UNKNOWN STEP	2026-09-22T10:24:43.2153560Z shell: /usr/bin/bash -e {0}
Verilator shard 1/5	UNKNOWN STEP	2026-09-22T10:24:43.2154013Z env:
Verilator shard 1/5	UNKNOWN STEP	2026-09-22T10:24:43.2154446Z   VERILATOR_VERSION: v5.050
Verilator shard 1/5	UNKNOWN STEP	2026-09-22T10:24:43.2154820Z   YOSYS_VERSION: v0.66
Verilator shard 1/5	UNKNOWN STEP	2026-09-22T10:24:43.2155248Z   TSN_GEN_REV: deca300c9eb4863fa13383b45ba6cb6fd0828671
Verilator shard 1/5	UNKNOWN STEP	2026-09-22T10:24:43.2155631Z   SHARD: 1
Verilator shard 1/5	UNKNOWN STEP	2026-09-22T10:24:43.2155946Z   SHARDS: 5
Verilator shard 1/5	UNKNOWN STEP	2026-09-22T10:24:43.2156225Z ##[endgroup]
Verilator shard 1/5	UNKNOWN STEP	2026-09-22T10:24:43.2532592Z   ok    1 shard(s): complete=True disjoint=True deterministic=True
Verilator shard 1/5	UNKNOWN STEP	2026-09-22T10:24:43.2533453Z   ok    2 shard(s): complete=True disjoint=True deterministic=True
Verilator shard 1/5	UNKNOWN STEP	2026-09-22T10:24:43.2534300Z   ok    4 shard(s): complete=True disjoint=True deterministic=True
Verilator shard 1/5	UNKNOWN STEP	2026-09-22T10:24:43.2534939Z   ok    5 shard(s): complete=True disjoint=True deterministic=True
Verilator shard 1/5	UNKNOWN STEP	2026-09-22T10:24:43.2535496Z   ok    7 shard(s): complete=True disjoint=True deterministic=True
Verilator shard 1/5	UNKNOWN STEP	2026-09-22T10:24:43.2536040Z   ok   23 shard(s): complete=True disjoint=True deterministic=True
Verilator shard 1/5	UNKNOWN STEP	2026-09-22T10:24:43.2536562Z   ok    2 shard(s): dedicated alone=True hashed owners unchanged=True
Verilator shard 1/5	UNKNOWN STEP	2026-09-22T10:24:43.2537434Z   ok    4 shard(s): dedicated alone=True hashed owners unchanged=True
Verilator shard 1/5	UNKNOWN STEP	2026-09-22T10:24:43.2537946Z   ok    5 shard(s): dedicated alone=True hashed owners unchanged=True
Verilator shard 1/5	UNKNOWN STEP	2026-09-22T10:24:43.2538477Z   ok    7 shard(s): dedicated alone=True hashed owners unchanged=True
Verilator shard 1/5	UNKNOWN STEP	2026-09-22T10:24:43.2538992Z   ok   23 shard(s): dedicated alone=True hashed owners unchanged=True
Verilator shard 1/5	UNKNOWN STEP	2026-09-22T10:24:43.2539693Z   ok   a rule without the dedicated worker is caught (alone with none set aside=False, alone while sharing worker 0=False)
Verilator shard 1/5	UNKNOWN STEP	2026-09-22T10:24:43.2540867Z   ok   five-worker runtime landmarks: {'milan_dp': 4, 'pp_shadow': 1, 'mmcm_servo': 2, 'tsn_fuzz': 1, 'chmap_capture': 3}
Verilator shard 1/5	UNKNOWN STEP	2026-09-22T10:24:43.2541634Z   ok   scheduled/default partition: default=['future_suite', 'milan_dp'] physical=['milan_dp_gptp']
Verilator shard 1/5	UNKNOWN STEP	2026-09-22T10:24:43.2542249Z   ok   reject ''
Verilator shard 1/5	UNKNOWN STEP	2026-09-22T10:24:43.2542581Z   ok   reject '1'
Verilator shard 1/5	UNKNOWN STEP	2026-09-22T10:24:43.2542887Z   ok   reject '-1/4'
Verilator shard 1/5	UNKNOWN STEP	2026-09-22T10:24:43.2543271Z   ok   reject '01/4'
Verilator shard 1/5	UNKNOWN STEP	2026-09-22T10:24:43.2543591Z   ok   reject '4/4'
Verilator shard 1/5	UNKNOWN STEP	2026-09-22T10:24:43.2543964Z   ok   reject '5/4'
Verilator shard 1/5	UNKNOWN STEP	2026-09-22T10:24:43.2544274Z   ok   reject '0/0'
Verilator shard 1/5	UNKNOWN STEP	2026-09-22T10:24:43.2544573Z   ok   reject 'a/4'
Verilator shard 1/5	UNKNOWN STEP	2026-09-22T10:24:43.2544960Z selftest: PASS
Verilator shard 1/5	UNKNOWN STEP	2026-09-22T10:24:43.2987103Z Shard 1 owns:
Verilator shard 1/5	UNKNOWN STEP	2026-09-22T10:24:43.2998133Z   aaf_latency_taps
Verilator shard 1/5	UNKNOWN STEP	2026-09-22T10:24:43.2998716Z   avtp_rxmon
Verilator shard 1/5	UNKNOWN STEP	2026-09-22T10:24:43.2999052Z   cbs
Verilator shard 1/5	UNKNOWN STEP	2026-09-22T10:24:43.2999337Z   cdc
Verilator shard 1/5	UNKNOWN STEP	2026-09-22T10:24:43.2999631Z   clkvalid
Verilator shard 1/5	UNKNOWN STEP	2026-09-22T10:24:43.2999926Z   controller_rate
Verilator shard 1/5	UNKNOWN STEP	2026-09-22T10:24:43.3000766Z   crf_rx
Verilator shard 1/5	UNKNOWN STEP	2026-09-22T10:24:43.3001313Z   datapath
Verilator shard 1/5	UNKNOWN STEP	2026-09-22T10:24:43.3001680Z   gptp_plane
Verilator shard 1/5	UNKNOWN STEP	2026-09-22T10:24:43.3002099Z   gptp_shadow
Verilator shard 1/5	UNKNOWN STEP	2026-09-22T10:24:43.3002402Z   lat_history_ring
Verilator shard 1/5	UNKNOWN STEP	2026-09-22T10:24:43.3002722Z   maap
Verilator shard 1/5	UNKNOWN STEP	2026-09-22T10:24:43.3002988Z   mac_rmon
Verilator shard 1/5	UNKNOWN STEP	2026-09-22T10:24:43.3003270Z   media_nco
Verilator shard 1/5	UNKNOWN STEP	2026-09-22T10:24:43.3003579Z   mmcm_servo_autorepair
Verilator shard 1/5	UNKNOWN STEP	2026-09-22T10:24:43.3003938Z   nvm_cosim
Verilator shard 1/5	UNKNOWN STEP	2026-09-22T10:24:43.3004249Z   pair_fill
Verilator shard 1/5	UNKNOWN STEP	2026-09-22T10:24:43.3004553Z   pcmlpf
Verilator shard 1/5	UNKNOWN STEP	2026-09-22T10:24:43.3004832Z   pp_shadow
Verilator shard 1/5	UNKNOWN STEP	2026-09-22T10:24:43.3005368Z   tcam_csr
Verilator shard 1/5	UNKNOWN STEP	2026-09-22T10:24:43.3005867Z   tsn_fuzz
Verilator shard 1/5	UNKNOWN STEP	2026-09-22T10:24:43.3010246Z tsn_fuzz
Verilator shard 1/5	UNKNOWN STEP	2026-09-22T10:24:43.3085466Z ##[group]Run set -euo pipefail
Verilator shard 1/5	UNKNOWN STEP	2026-09-22T10:24:43.3085949Z ^[[36;1mset -euo pipefail^[[0m
Verilator shard 1/5	UNKNOWN STEP	2026-09-22T10:24:43.3086298Z ^[[36;1mgit clone --filter=blob:none \^[[0m
Verilator shard 1/5	UNKNOWN STEP	2026-09-22T10:24:43.3086852Z ^[[36;1m  https://github.com/kebag-logic/tsn-gen.git "$RUNNER_TEMP/tsn-gen"^[[0m
Verilator shard 1/5	UNKNOWN STEP	2026-09-22T10:24:43.3087382Z ^[[36;1mgit -C "$RUNNER_TEMP/tsn-gen" checkout "$TSN_GEN_REV"^[[0m
Verilator shard 1/5	UNKNOWN STEP	2026-09-22T10:24:43.3087844Z ^[[36;1mgit -C "$RUNNER_TEMP/tsn-gen" submodule update \^[[0m
Verilator shard 1/5	UNKNOWN STEP	2026-09-22T10:24:43.3088304Z ^[[36;1m  --init --depth 1 --recursive external/rapidyaml^[[0m
Verilator shard 1/5	UNKNOWN STEP	2026-09-22T10:24:43.3088809Z ^[[36;1mcmake -S "$RUNNER_TEMP/tsn-gen" -B "$RUNNER_TEMP/tsn-gen/build" \^[[0m
Verilator shard 1/5	UNKNOWN STEP	2026-09-22T10:24:43.3089370Z ^[[36;1m  -DCMAKE_BUILD_TYPE=Release -DENABLE_PARSER_TESTS=OFF^[[0m
Verilator shard 1/5	UNKNOWN STEP	2026-09-22T10:24:43.3089909Z ^[[36;1mcmake --build "$RUNNER_TEMP/tsn-gen/build" \^[[0m
Verilator shard 1/5	UNKNOWN STEP	2026-09-22T10:24:43.3090718Z ^[[36;1m  --target packet_gen --parallel^[[0m
Verilator shard 1/5	UNKNOWN STEP	2026-09-22T10:24:43.3091254Z ^[[36;1mtest -x "$RUNNER_TEMP/tsn-gen/build/traffic-gen/packet_gen"^[[0m
Verilator shard 1/5	UNKNOWN STEP	2026-09-22T10:24:43.3091785Z ^[[36;1mecho "TSN_GEN_ROOT=$RUNNER_TEMP/tsn-gen" >> "$GITHUB_ENV"^[[0m
Verilator shard 1/5	UNKNOWN STEP	2026-09-22T10:24:43.3114873Z shell: /usr/bin/bash -e {0}
Verilator shard 1/5	UNKNOWN STEP	2026-09-22T10:24:43.3115225Z env:
Verilator shard 1/5	UNKNOWN STEP	2026-09-22T10:24:43.3115566Z   VERILATOR_VERSION: v5.050
Verilator shard 1/5	UNKNOWN STEP	2026-09-22T10:24:43.3115935Z   YOSYS_VERSION: v0.66
Verilator shard 1/5	UNKNOWN STEP	2026-09-22T10:24:43.3116295Z   TSN_GEN_REV: deca300c9eb4863fa13383b45ba6cb6fd0828671
Verilator shard 1/5	UNKNOWN STEP	2026-09-22T10:24:43.3116688Z ##[endgroup]
Verilator shard 1/5	UNKNOWN STEP	2026-09-22T10:24:43.3171750Z Cloning into '/home/runner/work/_temp/tsn-gen'...
Verilator shard 1/5	UNKNOWN STEP	2026-09-22T10:24:44.2596744Z Note: switching to 'deca300c9eb4863fa13383b45ba6cb6fd0828671'.
Verilator shard 1/5	UNKNOWN STEP	2026-09-22T10:24:44.2597278Z 
Verilator shard 1/5	UNKNOWN STEP	2026-09-22T10:24:44.2597620Z You are in 'detached HEAD' state. You can look around, make experimental
Verilator shard 1/5	UNKNOWN STEP	2026-09-22T10:24:44.2598529Z changes and commit them, and you can discard any commits you make in this
Verilator shard 1/5	UNKNOWN STEP	2026-09-22T10:24:44.2599529Z state without impacting any branches by switching back to a branch.
Verilator shard 1/5	UNKNOWN STEP	2026-09-22T10:24:44.2600138Z 
Verilator shard 1/5	UNKNOWN STEP	2026-09-22T10:24:44.2600539Z If you want to create a new branch to retain commits you create, you may
Verilator shard 1/5	UNKNOWN STEP	2026-09-22T10:24:44.2601086Z do so (now or later) by using -c with the switch command. Example:
Verilator shard 1/5	UNKNOWN STEP	2026-09-22T10:24:44.2601390Z 
Verilator shard 1/5	UNKNOWN STEP	2026-09-22T10:24:44.2601530Z   git switch -c <new-branch-name>
Verilator shard 1/5	UNKNOWN STEP	2026-09-22T10:24:44.2601761Z 
Verilator shard 1/5	UNKNOWN STEP	2026-09-22T10:24:44.2601932Z Or undo this operation with:
Verilator shard 1/5	UNKNOWN STEP	2026-09-22T10:24:44.2602113Z 
Verilator shard 1/5	UNKNOWN STEP	2026-09-22T10:24:44.2602260Z   git switch -
Verilator shard 1/5	UNKNOWN STEP	2026-09-22T10:24:44.2602422Z 
Verilator shard 1/5	UNKNOWN STEP	2026-09-22T10:24:44.2602666Z Turn off this advice by setting config variable advice.detachedHead to false
Verilator shard 1/5	UNKNOWN STEP	2026-09-22T10:24:44.2603043Z 
Verilator shard 1/5	UNKNOWN STEP	2026-09-22T10:24:44.2603345Z HEAD is now at deca300 Merge pull request #13 from kebag-logic/12-strict-media-ptp-tx-flags
Verilator shard 1/5	UNKNOWN STEP	2026-09-22T10:24:44.2776422Z Submodule 'external/rapidyaml' (https://github.com/biojppm/rapidyaml.git) registered for path 'external/rapidyaml'
Verilator shard 1/5	UNKNOWN STEP	2026-09-22T10:24:44.2797613Z Cloning into '/home/runner/work/_temp/tsn-gen/external/rapidyaml'...
Verilator shard 1/5	UNKNOWN STEP	2026-09-22T10:24:46.1916016Z From https://github.com/biojppm/rapidyaml
Verilator shard 1/5	UNKNOWN STEP	2026-09-22T10:24:46.1917159Z  * branch            e65999dc4d65368e1b3eb770e28d775885b0f525 -> FETCH_HEAD
Verilator shard 1/5	UNKNOWN STEP	2026-09-22T10:24:46.3270321Z Submodule path 'external/rapidyaml': checked out 'e65999dc4d65368e1b3eb770e28d775885b0f525'
Verilator shard 1/5	UNKNOWN STEP	2026-09-22T10:24:46.3490383Z Submodule 'extern/c4core' (https://github.com/biojppm/c4core) registered for path 'external/rapidyaml/ext/c4core'
Verilator shard 1/5	UNKNOWN STEP	2026-09-22T10:24:46.3517199Z Cloning into '/home/runner/work/_temp/tsn-gen/external/rapidyaml/ext/c4core'...
Verilator shard 1/5	UNKNOWN STEP	2026-09-22T10:24:47.7982148Z From https://github.com/biojppm/c4core
Verilator shard 1/5	UNKNOWN STEP	2026-09-22T10:24:47.7983172Z  * branch            6c876ec05a4387c25068cdbd58724828dad1d217 -> FETCH_HEAD
Verilator shard 1/5	UNKNOWN STEP	2026-09-22T10:24:47.8314644Z Submodule path 'external/rapidyaml/ext/c4core': checked out '6c876ec05a4387c25068cdbd58724828dad1d217'
Verilator shard 1/5	UNKNOWN STEP	2026-09-22T10:24:47.8334341Z Submodule 'cmake' (https://github.com/biojppm/cmake) registered for path 'external/rapidyaml/ext/c4core/cmake'
Verilator shard 1/5	UNKNOWN STEP	2026-09-22T10:24:47.8338426Z Submodule 'extern/debugbreak' (https://github.com/biojppm/debugbreak) registered for path 'external/rapidyaml/ext/c4core/src/c4/ext/debugbreak'
Verilator shard 1/5	UNKNOWN STEP	2026-09-22T10:24:47.8341605Z Submodule 'src/c4/ext/fast_float' (https://github.com/fastfloat/fast_float) registered for path 'external/rapidyaml/ext/c4core/src/c4/ext/fast_float'
Verilator shard 1/5	UNKNOWN STEP	2026-09-22T10:24:47.8368606Z Cloning into '/home/runner/work/_temp/tsn-gen/external/rapidyaml/ext/c4core/cmake'...
Verilator shard 1/5	UNKNOWN STEP	2026-09-22T10:24:48.5982330Z Cloning into '/home/runner/work/_temp/tsn-gen/external/rapidyaml/ext/c4core/src/c4/ext/debugbreak'...
Verilator shard 1/5	UNKNOWN STEP	2026-09-22T10:24:48.8904751Z Cloning into '/home/runner/work/_temp/tsn-gen/external/rapidyaml/ext/c4core/src/c4/ext/fast_float'...
Verilator shard 1/5	UNKNOWN STEP	2026-09-22T10:24:50.9524859Z From https://github.com/biojppm/cmake
Verilator shard 1/5	UNKNOWN STEP	2026-09-22T10:24:50.9604585Z  * branch            b8e95acb1bdd564e47ac57d903a483604d90cbfa -> FETCH_HEAD
Verilator shard 1/5	UNKNOWN STEP	2026-09-22T10:24:50.9605660Z Submodule path 'external/rapidyaml/ext/c4core/cmake': checked out 'b8e95acb1bdd564e47ac57d903a483604d90cbfa'
Verilator shard 1/5	UNKNOWN STEP	2026-09-22T10:24:50.9678281Z Submodule path 'external/rapidyaml/ext/c4core/src/c4/ext/debugbreak': checked out '328e4abca3384cbd0a69e70f263cc7b2794bff09'
Verilator shard 1/5	UNKNOWN STEP	2026-09-22T10:24:51.6588726Z From https://github.com/fastfloat/fast_float
Verilator shard 1/5	UNKNOWN STEP	2026-09-22T10:24:51.6589500Z  * branch            d28a3320c2de0963b6e469b8ca3bbc36496de684 -> FETCH_HEAD
Verilator shard 1/5	UNKNOWN STEP	2026-09-22T10:24:51.6683591Z Submodule path 'external/rapidyaml/ext/c4core/src/c4/ext/fast_float': checked out 'd28a3320c2de0963b6e469b8ca3bbc36496de684'
Verilator shard 1/5	UNKNOWN STEP	2026-09-22T10:24:54.1491697Z -- The CXX compiler identification is GNU 13.3.0
Verilator shard 1/5	UNKNOWN STEP	2026-09-22T10:24:54.3311531Z -- Detecting CXX compiler ABI info
Verilator shard 1/5	UNKNOWN STEP	2026-09-22T10:24:54.7400727Z -- Detecting CXX compiler ABI info - done
Verilator shard 1/5	UNKNOWN STEP	2026-09-22T10:24:54.7557783Z -- Check for working CXX compiler: /usr/bin/c++ - skipped
Verilator shard 1/5	UNKNOWN STEP	2026-09-22T10:24:54.7989910Z -- Detecting CXX compile features
Verilator shard 1/5	UNKNOWN STEP	2026-09-22T10:24:54.8000369Z -- Detecting CXX compile features - done
Verilator shard 1/5	UNKNOWN STEP	2026-09-22T10:24:54.9324922Z -- ryml: using C++ standard: C++17
Verilator shard 1/5	UNKNOWN STEP	2026-09-22T10:24:54.9345807Z -- ryml: importing subproject c4core (SUBDIRECTORY)... /home/runner/work/_temp/tsn-gen/external/rapidyaml/ext/c4core
Verilator shard 1/5	UNKNOWN STEP	2026-09-22T10:24:54.9392172Z -- c4core: using C++ standard: C++17
Verilator shard 1/5	UNKNOWN STEP	2026-09-22T10:24:54.9617376Z CMake Warning (dev) at external/rapidyaml/ext/c4core/cmake/c4Project.cmake:2694 (install):
Verilator shard 1/5	UNKNOWN STEP	2026-09-22T10:24:54.9618254Z   Policy CMP0177 is not set: install() DESTINATION paths are normalized.  Run
Verilator shard 1/5	UNKNOWN STEP	2026-09-22T10:24:54.9618903Z   "cmake --help-policy CMP0177" for policy details.  Use the cmake_policy
Verilator shard 1/5	UNKNOWN STEP	2026-09-22T10:24:54.9619523Z   command to set the policy and suppress this warning.
Verilator shard 1/5	UNKNOWN STEP	2026-09-22T10:24:54.9620146Z Call Stack (most recent call first):
Verilator shard 1/5	UNKNOWN STEP	2026-09-22T10:24:54.9620621Z   external/rapidyaml/ext/c4core/cmake/c4Project.cmake:2777 (__c4_install_exports)
Verilator shard 1/5	UNKNOWN STEP	2026-09-22T10:24:54.9621174Z   external/rapidyaml/ext/c4core/CMakeLists.txt:112 (c4_install_exports)
Verilator shard 1/5	UNKNOWN STEP	2026-09-22T10:24:54.9621766Z This warning is for project developers.  Use -Wno-dev to suppress it.
Verilator shard 1/5	UNKNOWN STEP	2026-09-22T10:24:54.9622060Z 
Verilator shard 1/5	UNKNOWN STEP	2026-09-22T10:24:55.0338396Z CMake Warning (dev) at external/rapidyaml/ext/c4core/cmake/c4Project.cmake:2746 (install):
Verilator shard 1/5	UNKNOWN STEP	2026-09-22T10:24:55.0339672Z   Policy CMP0177 is not set: install() DESTINATION paths are normalized.  Run
Verilator shard 1/5	UNKNOWN STEP	2026-09-22T10:24:55.0340721Z   "cmake --help-policy CMP0177" for policy details.  Use the cmake_policy
Verilator shard 1/5	UNKNOWN STEP	2026-09-22T10:24:55.0341531Z   command to set the policy and suppress this warning.
Verilator shard 1/5	UNKNOWN STEP	2026-09-22T10:24:55.0342041Z Call Stack (most recent call first):
Verilator shard 1/5	UNKNOWN STEP	2026-09-22T10:24:55.0342613Z   external/rapidyaml/ext/c4core/cmake/c4Project.cmake:2777 (__c4_install_exports)
Verilator shard 1/5	UNKNOWN STEP	2026-09-22T10:24:55.0343269Z   external/rapidyaml/ext/c4core/CMakeLists.txt:112 (c4_install_exports)
Verilator shard 1/5	UNKNOWN STEP	2026-09-22T10:24:55.0343905Z This warning is for project developers.  Use -Wno-dev to suppress it.
Verilator shard 1/5	UNKNOWN STEP	2026-09-22T10:24:55.0344255Z 
Verilator shard 1/5	UNKNOWN STEP	2026-09-22T10:24:55.0424661Z -- ryml: -----> target ryml PUBLIC incorporating lib c4core
Verilator shard 1/5	UNKNOWN STEP	2026-09-22T10:24:55.0526442Z CMake Warning (dev) at external/rapidyaml/ext/c4core/cmake/c4Project.cmake:2694 (install):
Verilator shard 1/5	UNKNOWN STEP	2026-09-22T10:24:55.0527830Z   Policy CMP0177 is not set: install() DESTINATION paths are normalized.  Run
Verilator shard 1/5	UNKNOWN STEP	2026-09-22T10:24:55.0529149Z   "cmake --help-policy CMP0177" for policy details.  Use the cmake_policy
Verilator shard 1/5	UNKNOWN STEP	2026-09-22T10:24:55.0530176Z   command to set the policy and suppress this warning.
Verilator shard 1/5	UNKNOWN STEP	2026-09-22T10:24:55.0530970Z Call Stack (most recent call first):
Verilator shard 1/5	UNKNOWN STEP	2026-09-22T10:24:55.0531739Z   external/rapidyaml/ext/c4core/cmake/c4Project.cmake:2777 (__c4_install_exports)
Verilator shard 1/5	UNKNOWN STEP	2026-09-22T10:24:55.0532566Z   external/rapidyaml/CMakeLists.txt:118 (c4_install_exports)
Verilator shard 1/5	UNKNOWN STEP	2026-09-22T10:24:55.0533299Z This warning is for project developers.  Use -Wno-dev to suppress it.
Verilator shard 1/5	UNKNOWN STEP	2026-09-22T10:24:55.0533732Z 
Verilator shard 1/5	UNKNOWN STEP	2026-09-22T10:24:55.0539148Z CMake Warning (dev) at external/rapidyaml/ext/c4core/cmake/c4Project.cmake:2746 (install):
Verilator shard 1/5	UNKNOWN STEP	2026-09-22T10:24:55.0540289Z   Policy CMP0177 is not set: install() DESTINATION paths are normalized.  Run
Verilator shard 1/5	UNKNOWN STEP	2026-09-22T10:24:55.0541169Z   "cmake --help-policy CMP0177" for policy details.  Use the cmake_policy
Verilator shard 1/5	UNKNOWN STEP	2026-09-22T10:24:55.0541958Z   command to set the policy and suppress this warning.
Verilator shard 1/5	UNKNOWN STEP	2026-09-22T10:24:55.0542550Z Call Stack (most recent call first):
Verilator shard 1/5	UNKNOWN STEP	2026-09-22T10:24:55.0543203Z   external/rapidyaml/ext/c4core/cmake/c4Project.cmake:2777 (__c4_install_exports)
Verilator shard 1/5	UNKNOWN STEP	2026-09-22T10:24:55.0544079Z   external/rapidyaml/CMakeLists.txt:118 (c4_install_exports)
Verilator shard 1/5	UNKNOWN STEP	2026-09-22T10:24:55.0544803Z This warning is for project developers.  Use -Wno-dev to suppress it.
Verilator shard 1/5	UNKNOWN STEP	2026-09-22T10:24:55.0545362Z 
Verilator shard 1/5	UNKNOWN STEP	2026-09-22T10:24:55.0642797Z -- Configuring done (2.8s)
Verilator shard 1/5	UNKNOWN STEP	2026-09-22T10:24:55.2084441Z -- Generating done (0.1s)
Verilator shard 1/5	UNKNOWN STEP	2026-09-22T10:24:55.2087573Z -- Build files have been written to: /home/runner/work/_temp/tsn-gen/build
Verilator shard 1/5	UNKNOWN STEP	2026-09-22T10:24:55.2366260Z [  2%] Building CXX object external/rapidyaml/CMakeFiles/ryml.dir/src/c4/yml/common.cpp.o
Verilator shard 1/5	UNKNOWN STEP	2026-09-22T10:24:55.2367573Z [  4%] Building CXX object external/rapidyaml/CMakeFiles/ryml.dir/src/c4/yml/node.cpp.o
Verilator shard 1/5	UNKNOWN STEP	2026-09-22T10:24:55.2376731Z [  6%] Building CXX object external/rapidyaml/CMakeFiles/ryml.dir/src/c4/yml/parse.cpp.o
Verilator shard 1/5	UNKNOWN STEP	2026-09-22T10:24:55.2379538Z [  8%] Building CXX object external/rapidyaml/CMakeFiles/ryml.dir/src/c4/yml/node_type.cpp.o
Verilator shard 1/5	UNKNOWN STEP	2026-09-22T10:24:55.2440392Z [ 10%] Building CXX object external/rapidyaml/CMakeFiles/ryml.dir/src/c4/yml/preprocess.cpp.o
Verilator shard 1/5	UNKNOWN STEP	2026-09-22T10:24:55.2510943Z [ 12%] Building CXX object external/rapidyaml/CMakeFiles/ryml.dir/src/c4/yml/tag.cpp.o
Verilator shard 1/5	UNKNOWN STEP	2026-09-22T10:24:55.2537403Z [ 14%] Building CXX object external/rapidyaml/CMakeFiles/ryml.dir/src/c4/yml/reference_resolver.cpp.o
Verilator shard 1/5	UNKNOWN STEP	2026-09-22T10:24:55.2557895Z [ 16%] Building CXX object external/rapidyaml/CMakeFiles/ryml.dir/src/c4/yml/tree.cpp.o
Verilator shard 1/5	UNKNOWN STEP	2026-09-22T10:24:55.2591165Z [ 18%] Building CXX object external/rapidyaml/CMakeFiles/ryml.dir/ext/c4core/src/c4/base64.cpp.o
Verilator shard 1/5	UNKNOWN STEP	2026-09-22T10:24:55.2593729Z [ 20%] Building CXX object external/rapidyaml/CMakeFiles/ryml.dir/ext/c4core/src/c4/char_traits.cpp.o
Verilator shard 1/5	UNKNOWN STEP	2026-09-22T10:24:55.2595036Z [ 22%] Building CXX object external/rapidyaml/CMakeFiles/ryml.dir/src/c4/yml/version.cpp.o
Verilator shard 1/5	UNKNOWN STEP	2026-09-22T10:24:55.2596396Z [ 25%] Building CXX object external/rapidyaml/CMakeFiles/ryml.dir/ext/c4core/src/c4/error.cpp.o
Verilator shard 1/5	UNKNOWN STEP	2026-09-22T10:24:55.2597816Z [ 27%] Building CXX object external/rapidyaml/CMakeFiles/ryml.dir/ext/c4core/src/c4/format.cpp.o
Verilator shard 1/5	UNKNOWN STEP	2026-09-22T10:24:55.2791476Z [ 29%] Building CXX object external/rapidyaml/CMakeFiles/ryml.dir/ext/c4core/src/c4/language.cpp.o
Verilator shard 1/5	UNKNOWN STEP	2026-09-22T10:24:55.2794752Z [ 33%] Building CXX object external/rapidyaml/CMakeFiles/ryml.dir/ext/c4core/src/c4/memory_resource.cpp.o
Verilator shard 1/5	UNKNOWN STEP	2026-09-22T10:24:55.2871570Z [ 33%] Building CXX object external/rapidyaml/CMakeFiles/ryml.dir/ext/c4core/src/c4/version.cpp.o
Verilator shard 1/5	UNKNOWN STEP	2026-09-22T10:24:55.2901063Z [ 35%] Building CXX object external/rapidyaml/CMakeFiles/ryml.dir/ext/c4core/src/c4/utf.cpp.o
Verilator shard 1/5	UNKNOWN STEP	2026-09-22T10:24:55.2927618Z [ 37%] Building CXX object external/rapidyaml/CMakeFiles/ryml.dir/ext/c4core/src/c4/memory_util.cpp.o
Verilator shard 1/5	UNKNOWN STEP	2026-09-22T10:25:04.6454532Z [ 39%] Linking CXX static library libryml.a
Verilator shard 1/5	UNKNOWN STEP	2026-09-22T10:25:05.3644588Z [ 39%] Built target ryml
Verilator shard 1/5	UNKNOWN STEP	2026-09-22T10:25:05.3718055Z [ 41%] Building CXX object parser/CMakeFiles/protocol_parser.dir/src/log.cpp.o
Verilator shard 1/5	UNKNOWN STEP	2026-09-22T10:25:05.3719443Z [ 43%] Building CXX object parser/CMakeFiles/protocol_parser.dir/src/validator.cpp.o
Verilator shard 1/5	UNKNOWN STEP	2026-09-22T10:25:05.3720926Z [ 45%] Building CXX object parser/CMakeFiles/protocol_parser.dir/src/protocol_parser.cpp.o
Verilator shard 1/5	UNKNOWN STEP	2026-09-22T10:25:05.3722030Z [ 47%] Building CXX object parser/CMakeFiles/protocol_parser.dir/src/protocol.cpp.o
Verilator shard 1/5	UNKNOWN STEP	2026-09-22T10:25:05.3791489Z [ 50%] Building CXX object parser/CMakeFiles/protocol_parser.dir/src/db_proto_if_impl.cpp.o
Verilator shard 1/5	UNKNOWN STEP	2026-09-22T10:25:05.3856581Z [ 52%] Building CXX object parser/CMakeFiles/protocol_parser.dir/src/db_proto_service_impl.cpp.o
Verilator shard 1/5	UNKNOWN STEP	2026-09-22T10:25:05.3861032Z [ 54%] Building CXX object parser/CMakeFiles/protocol_parser.dir/src/db_var_impl.cpp.o
Verilator shard 1/5	UNKNOWN STEP	2026-09-22T10:25:05.3941220Z [ 56%] Building CXX object parser/CMakeFiles/protocol_parser.dir/src/db_proto_impl.cpp.o
Verilator shard 1/5	UNKNOWN STEP	2026-09-22T10:25:05.3942626Z [ 58%] Building CXX object parser/CMakeFiles/protocol_parser.dir/src/logic_registry.cpp.o
Verilator shard 1/5	UNKNOWN STEP	2026-09-22T10:25:05.3974367Z [ 60%] Building CXX object parser/CMakeFiles/protocol_parser.dir/src/stack.cpp.o
Verilator shard 1/5	UNKNOWN STEP	2026-09-22T10:25:05.4031549Z [ 62%] Building CXX object parser/CMakeFiles/protocol_parser.dir/src/stack_builder.cpp.o
Verilator shard 1/5	UNKNOWN STEP	2026-09-22T10:25:11.4189216Z [ 64%] Linking CXX shared library libprotocol_parser.so
Verilator shard 1/5	UNKNOWN STEP	2026-09-22T10:25:11.5266668Z [ 64%] Built target protocol_parser
Verilator shard 1/5	UNKNOWN STEP	2026-09-22T10:25:11.5344393Z [ 66%] Building CXX object traffic-gen/CMakeFiles/traffic_gen.dir/src/packet_builder.cpp.o
Verilator shard 1/5	UNKNOWN STEP	2026-09-22T10:25:11.5404074Z [ 68%] Building CXX object logic/CMakeFiles/protocol_logic.dir/src/ethernet_frame_logic.cpp.o
Verilator shard 1/5	UNKNOWN STEP	2026-09-22T10:25:11.5431178Z [ 72%] Building CXX object logic/CMakeFiles/protocol_logic.dir/src/avtp_control_logic.cpp.o
Verilator shard 1/5	UNKNOWN STEP	2026-09-22T10:25:11.5437015Z [ 77%] Building CXX object logic/CMakeFiles/protocol_logic.dir/src/aecp_aem_logic.cpp.o
Verilator shard 1/5	UNKNOWN STEP	2026-09-22T10:25:11.5461286Z [ 77%] Building CXX object traffic-gen/CMakeFiles/traffic_gen.dir/src/packet_decoder.cpp.o
Verilator shard 1/5	UNKNOWN STEP	2026-09-22T10:25:11.5491348Z [ 77%] Building CXX object traffic-gen/CMakeFiles/traffic_gen.dir/src/pcap_sender.cpp.o
Verilator shard 1/5	UNKNOWN STEP	2026-09-22T10:25:11.5521382Z [ 81%] Building CXX object traffic-gen/CMakeFiles/traffic_gen.dir/src/verilator_receiver.cpp.o
Verilator shard 1/5	UNKNOWN STEP	2026-09-22T10:25:11.5522669Z [ 83%] Building CXX object traffic-gen/CMakeFiles/traffic_gen.dir/src/session.cpp.o
Verilator shard 1/5	UNKNOWN STEP	2026-09-22T10:25:11.5523767Z [ 85%] Building CXX object traffic-gen/CMakeFiles/traffic_gen.dir/src/raw_socket_receiver.cpp.o
Verilator shard 1/5	UNKNOWN STEP	2026-09-22T10:25:11.5524931Z [ 87%] Building CXX object traffic-gen/CMakeFiles/traffic_gen.dir/src/verilator_sender.cpp.o
Verilator shard 1/5	UNKNOWN STEP	2026-09-22T10:25:11.5526115Z [ 89%] Building CXX object traffic-gen/CMakeFiles/traffic_gen.dir/src/raw_socket_sender.cpp.o
Verilator shard 1/5	UNKNOWN STEP	2026-09-22T10:25:11.5527209Z [ 89%] Building CXX object traffic-gen/CMakeFiles/traffic_gen.dir/src/pcap_receiver.cpp.o
Verilator shard 1/5	UNKNOWN STEP	2026-09-22T10:25:11.5528368Z [ 91%] Building CXX object traffic-gen/CMakeFiles/traffic_gen.dir/src/traffic_generator.cpp.o
Verilator shard 1/5	UNKNOWN STEP	2026-09-22T10:25:13.7231451Z [ 93%] Linking CXX shared library libprotocol_logic.so
Verilator shard 1/5	UNKNOWN STEP	2026-09-22T10:25:13.9141741Z [ 93%] Built target protocol_logic
Verilator shard 1/5	UNKNOWN STEP	2026-09-22T10:25:15.7369895Z [ 95%] Linking CXX shared library libtraffic_gen.so
Verilator shard 1/5	UNKNOWN STEP	2026-09-22T10:25:15.8214389Z [ 95%] Built target traffic_gen
Verilator shard 1/5	UNKNOWN STEP	2026-09-22T10:25:15.8277530Z [ 97%] Building CXX object traffic-gen/CMakeFiles/packet_gen.dir/tools/packet_gen_main.cpp.o
Verilator shard 1/5	UNKNOWN STEP	2026-09-22T10:25:17.4737221Z [100%] Linking CXX executable packet_gen
Verilator shard 1/5	UNKNOWN STEP	2026-09-22T10:25:17.5617833Z [100%] Built target packet_gen
Verilator shard 1/5	UNKNOWN STEP	2026-09-22T10:25:17.6069012Z ##[group]Run scripts/run_all_suites.sh "$RUNNER_TEMP/suite-logs" \
Verilator shard 1/5	UNKNOWN STEP	2026-09-22T10:25:17.6069561Z ^[[36;1mscripts/run_all_suites.sh "$RUNNER_TEMP/suite-logs" \^[[0m
Verilator shard 1/5	UNKNOWN STEP	2026-09-22T10:25:17.6070948Z ^[[36;1m  --shard "1/5"^[[0m
Verilator shard 1/5	UNKNOWN STEP	2026-09-22T10:25:17.6095604Z shell: /usr/bin/bash -e {0}
Verilator shard 1/5	UNKNOWN STEP	2026-09-22T10:25:17.6096013Z env:
Verilator shard 1/5	UNKNOWN STEP	2026-09-22T10:25:17.6096325Z   VERILATOR_VERSION: v5.050
Verilator shard 1/5	UNKNOWN STEP	2026-09-22T10:25:17.6096819Z   YOSYS_VERSION: v0.66
Verilator shard 1/5	UNKNOWN STEP	2026-09-22T10:25:17.6097262Z   TSN_GEN_REV: deca300c9eb4863fa13383b45ba6cb6fd0828671
Verilator shard 1/5	UNKNOWN STEP	2026-09-22T10:25:17.6097810Z   TSN_GEN_ROOT: /home/runner/work/_temp/tsn-gen
Verilator shard 1/5	UNKNOWN STEP	2026-09-22T10:25:17.6098221Z ##[endgroup]
Verilator shard 1/5	UNKNOWN STEP	2026-09-22T10:25:20.3828959Z shard: 1/5   selected suites: 21
Verilator shard 1/5	UNKNOWN STEP	2026-09-22T10:25:25.5217423Z PASS     aaf_latency_taps
Verilator shard 1/5	UNKNOWN STEP	2026-09-22T10:25:36.1790396Z PASS     avtp_rxmon
Verilator shard 1/5	UNKNOWN STEP	2026-09-22T10:25:41.2437712Z PASS     cbs
Verilator shard 1/5	UNKNOWN STEP	2026-09-22T10:25:46.1404732Z PASS     cdc
Verilator shard 1/5	UNKNOWN STEP	2026-09-22T10:26:00.9638945Z PASS     clkvalid
Verilator shard 1/5	UNKNOWN STEP	2026-09-22T10:26:08.3319342Z PASS     controller_rate
Verilator shard 1/5	UNKNOWN STEP	2026-09-22T10:26:13.7482365Z PASS     crf_rx
Verilator shard 1/5	UNKNOWN STEP	2026-09-22T10:26:19.0506035Z PASS     datapath
Verilator shard 1/5	UNKNOWN STEP	2026-09-22T10:26:26.7733348Z PASS     gptp_plane
Verilator shard 1/5	UNKNOWN STEP	2026-09-22T10:31:18.3058420Z PASS     gptp_shadow
Verilator shard 1/5	UNKNOWN STEP	2026-09-22T10:31:23.3188134Z PASS     lat_history_ring
Verilator shard 1/5	UNKNOWN STEP	2026-09-22T10:31:28.4078251Z PASS     maap
Verilator shard 1/5	UNKNOWN STEP	2026-09-22T10:31:38.3720374Z PASS     mac_rmon
Verilator shard 1/5	UNKNOWN STEP	2026-09-22T10:31:55.7003122Z PASS     media_nco
Verilator shard 1/5	UNKNOWN STEP	2026-09-22T10:32:00.9469334Z PASS     mmcm_servo_autorepair
Verilator shard 1/5	UNKNOWN STEP	2026-09-22T10:42:56.3879834Z PASS     nvm_cosim
Verilator shard 1/5	UNKNOWN STEP	2026-09-22T10:43:01.5048105Z PASS     pair_fill
Verilator shard 1/5	UNKNOWN STEP	2026-09-22T10:43:06.6156291Z PASS     pcmlpf
Verilator shard 1/5	UNKNOWN STEP	2026-09-22T10:43:45.8123250Z PASS     pp_shadow
Verilator shard 1/5	UNKNOWN STEP	2026-09-22T10:43:50.8902585Z PASS     tcam_csr
Verilator shard 1/5	UNKNOWN STEP	2026-09-22T10:44:41.6032972Z PASS     tsn_fuzz
Verilator shard 1/5	UNKNOWN STEP	2026-09-22T10:44:41.6033722Z ----------------------------------------------------------------
Verilator shard 1/5	UNKNOWN STEP	2026-09-22T10:44:41.6034770Z suites: 21   passed: 21   failed: 0   timed out: 0
Verilator shard 1/5	UNKNOWN STEP	2026-09-22T10:44:41.7046016Z checks: 171619   in-suite failures: 0
Verilator shard 1/5	UNKNOWN STEP	2026-09-22T10:44:41.7096344Z logs: /home/runner/work/_temp/suite-logs
Verilator shard 1/5	UNKNOWN STEP	2026-09-22T10:44:41.7180726Z Node 20 is being deprecated. This workflow is running with Node 24 by default. If you need to temporarily use Node 20, you can set the ACTIONS_ALLOW_USE_UNSECURE_NODE_VERSION=true environment variable. For more information see: https://github.blog/changelog/2025-09-19-deprecation-of-node-20-on-github-actions-runners/
Verilator shard 1/5	UNKNOWN STEP	2026-09-22T10:44:41.7182145Z ##[group]Run actions/upload-artifact@v4
Verilator shard 1/5	UNKNOWN STEP	2026-09-22T10:44:41.7182940Z with:
Verilator shard 1/5	UNKNOWN STEP	2026-09-22T10:44:41.7183331Z   name: suite-logs-1
Verilator shard 1/5	UNKNOWN STEP	2026-09-22T10:44:41.7183920Z   path: /home/runner/work/_temp/suite-logs
Verilator shard 1/5	UNKNOWN STEP	2026-09-22T10:44:41.7184342Z   if-no-files-found: error
Verilator shard 1/5	UNKNOWN STEP	2026-09-22T10:44:41.7184699Z   retention-days: 3
Verilator shard 1/5	UNKNOWN STEP	2026-09-22T10:44:41.7185021Z   compression-level: 6
Verilator shard 1/5	UNKNOWN STEP	2026-09-22T10:44:41.7185432Z   overwrite: false
Verilator shard 1/5	UNKNOWN STEP	2026-09-22T10:44:41.7185789Z   include-hidden-files: false
Verilator shard 1/5	UNKNOWN STEP	2026-09-22T10:44:41.7186147Z env:
Verilator shard 1/5	UNKNOWN STEP	2026-09-22T10:44:41.7186449Z   VERILATOR_VERSION: v5.050
Verilator shard 1/5	UNKNOWN STEP	2026-09-22T10:44:41.7186845Z   YOSYS_VERSION: v0.66
Verilator shard 1/5	UNKNOWN STEP	2026-09-22T10:44:41.7187377Z   TSN_GEN_REV: deca300c9eb4863fa13383b45ba6cb6fd0828671
Verilator shard 1/5	UNKNOWN STEP	2026-09-22T10:44:41.7187839Z   TSN_GEN_ROOT: /home/runner/work/_temp/tsn-gen
Verilator shard 1/5	UNKNOWN STEP	2026-09-22T10:44:41.7188243Z ##[endgroup]
Verilator shard 1/5	UNKNOWN STEP	2026-09-22T10:44:41.8848347Z (node:9849) [DEP0040] DeprecationWarning: The `punycode` module is deprecated. Please use a userland alternative instead.
Verilator shard 1/5	UNKNOWN STEP	2026-09-22T10:44:41.8849421Z (Use `node --trace-deprecation ...` to show where the warning was created)
Verilator shard 1/5	UNKNOWN STEP	2026-09-22T10:44:41.9023121Z With the provided path, there will be 22 files uploaded
Verilator shard 1/5	UNKNOWN STEP	2026-09-22T10:44:41.9024528Z Artifact name is valid!
Verilator shard 1/5	UNKNOWN STEP	2026-09-22T10:44:41.9025141Z Root directory input is valid!
Verilator shard 1/5	UNKNOWN STEP	2026-09-22T10:44:42.1482548Z Beginning upload of artifact content to blob storage
Verilator shard 1/5	UNKNOWN STEP	2026-09-22T10:44:42.1947509Z (node:9849) [DEP0169] DeprecationWarning: `url.parse()` behavior is not standardized and prone to errors that have security implications. Use the WHATWG URL API instead. CVEs are not issued for `url.parse()` vulnerabilities.
Verilator shard 1/5	UNKNOWN STEP	2026-09-22T10:44:42.3659304Z Uploaded bytes 72399
Verilator shard 1/5	UNKNOWN STEP	2026-09-22T10:44:42.4025571Z Finished uploading artifact content to blob storage!
Verilator shard 1/5	UNKNOWN STEP	2026-09-22T10:44:42.4027032Z SHA256 digest of uploaded artifact zip is cf6f46d89dcd051c7c61b6b7358d918ad0b77ba31d0be6179218d2dd8e4b051e
Verilator shard 1/5	UNKNOWN STEP	2026-09-22T10:44:42.4028334Z Finalizing artifact upload
Verilator shard 1/5	UNKNOWN STEP	2026-09-22T10:44:42.6271262Z Artifact suite-logs-1.zip successfully finalized. Artifact ID 10689358081
Verilator shard 1/5	UNKNOWN STEP	2026-09-22T10:44:42.6272140Z Artifact suite-logs-1 has been successfully uploaded! Final size is 72399 bytes. Artifact ID is 10689358081
Verilator shard 1/5	UNKNOWN STEP	2026-09-22T10:44:42.6277884Z Artifact download URL: https://github.com/kebag-logic/milan-fpga/actions/runs/35715778753/artifacts/10689358081
Verilator shard 1/5	UNKNOWN STEP	2026-09-22T10:44:42.6433054Z Node 20 is being deprecated. This workflow is running with Node 24 by default. If you need to temporarily use Node 20, you can set the ACTIONS_ALLOW_USE_UNSECURE_NODE_VERSION=true environment variable. For more information see: https://github.blog/changelog/2025-09-19-deprecation-of-node-20-on-github-actions-runners/
Verilator shard 1/5	UNKNOWN STEP	2026-09-22T10:44:42.6434319Z Post job cleanup.
Verilator shard 1/5	UNKNOWN STEP	2026-09-22T10:44:42.7526503Z Cache hit occurred on the primary key verilator-v5.050-Linux, not saving cache.
Verilator shard 1/5	UNKNOWN STEP	2026-09-22T10:44:42.7528325Z (node:9864) [DEP0040] DeprecationWarning: The `punycode` module is deprecated. Please use a userland alternative instead.
Verilator shard 1/5	UNKNOWN STEP	2026-09-22T10:44:42.7529405Z (Use `node --trace-deprecation ...` to show where the warning was created)
Verilator shard 1/5	UNKNOWN STEP	2026-09-22T10:44:42.7641376Z Node 20 is being deprecated. This workflow is running with Node 24 by default. If you need to temporarily use Node 20, you can set the ACTIONS_ALLOW_USE_UNSECURE_NODE_VERSION=true environment variable. For more information see: https://github.blog/changelog/2025-09-19-deprecation-of-node-20-on-github-actions-runners/
Verilator shard 1/5	UNKNOWN STEP	2026-09-22T10:44:42.7642590Z Post job cleanup.
Verilator shard 1/5	UNKNOWN STEP	2026-09-22T10:44:42.8504648Z [command]/usr/bin/git version
Verilator shard 1/5	UNKNOWN STEP	2026-09-22T10:44:42.8556291Z git version 2.55.0
Verilator shard 1/5	UNKNOWN STEP	2026-09-22T10:44:42.8603851Z Temporarily overriding HOME='/home/runner/work/_temp/650e1399-a7cd-403b-9859-77dc96c9749e' before making global git config changes
Verilator shard 1/5	UNKNOWN STEP	2026-09-22T10:44:42.8605571Z Adding repository directory to the temporary git global config as a safe directory
Verilator shard 1/5	UNKNOWN STEP	2026-09-22T10:44:42.8608385Z [command]/usr/bin/git config --global --add safe.directory /home/runner/work/milan-fpga/milan-fpga
Verilator shard 1/5	UNKNOWN STEP	2026-09-22T10:44:42.8661671Z [command]/usr/bin/git config --local --name-only --get-regexp core\.sshCommand
Verilator shard 1/5	UNKNOWN STEP	2026-09-22T10:44:42.8706396Z [command]/usr/bin/git submodule foreach --recursive sh -c "git config --local --name-only --get-regexp 'core\.sshCommand' && git config --local --unset-all 'core.sshCommand' || :"
Verilator shard 1/5	UNKNOWN STEP	2026-09-22T10:44:42.8993540Z Entering 'gptp-processor'
Verilator shard 1/5	UNKNOWN STEP	2026-09-22T10:44:42.9046537Z Entering 'protocol-processor'
Verilator shard 1/5	UNKNOWN STEP	2026-09-22T10:44:42.9092107Z Entering 'third_party/verilog-axis'
Verilator shard 1/5	UNKNOWN STEP	2026-09-22T10:44:42.9155167Z [command]/usr/bin/git config --local --name-only --get-regexp http\.https\:\/\/github\.com\/\.extraheader
Verilator shard 1/5	UNKNOWN STEP	2026-09-22T10:44:42.9181217Z http.https://github.com/.extraheader
Verilator shard 1/5	UNKNOWN STEP	2026-09-22T10:44:42.9198987Z [command]/usr/bin/git config --local --unset-all http.https://github.com/.extraheader
Verilator shard 1/5	UNKNOWN STEP	2026-09-22T10:44:42.9226850Z [command]/usr/bin/git submodule foreach --recursive sh -c "git config --local --name-only --get-regexp 'http\.https\:\/\/github\.com\/\.extraheader' && git config --local --unset-all 'http.https://github.com/.extraheader' || :"
Verilator shard 1/5	UNKNOWN STEP	2026-09-22T10:44:42.9425830Z Entering 'gptp-processor'
Verilator shard 1/5	UNKNOWN STEP	2026-09-22T10:44:42.9463488Z Entering 'protocol-processor'
Verilator shard 1/5	UNKNOWN STEP	2026-09-22T10:44:42.9500983Z Entering 'third_party/verilog-axis'
Verilator shard 1/5	UNKNOWN STEP	2026-09-22T10:44:42.9562657Z [command]/usr/bin/git config --local --name-only --get-regexp ^includeIf\.gitdir:
Verilator shard 1/5	UNKNOWN STEP	2026-09-22T10:44:42.9603986Z [command]/usr/bin/git submodule foreach --recursive git config --local --show-origin --name-only --get-regexp remote.origin.url
Verilator shard 1/5	UNKNOWN STEP	2026-09-22T10:44:42.9789918Z Entering 'gptp-processor'
Verilator shard 1/5	UNKNOWN STEP	2026-09-22T10:44:42.9811193Z file:/home/runner/work/milan-fpga/milan-fpga/.git/modules/gptp-processor/config	remote.origin.url
Verilator shard 1/5	UNKNOWN STEP	2026-09-22T10:44:42.9824269Z Entering 'protocol-processor'
Verilator shard 1/5	UNKNOWN STEP	2026-09-22T10:44:42.9842555Z file:/home/runner/work/milan-fpga/milan-fpga/.git/modules/protocol-processor/config	remote.origin.url
Verilator shard 1/5	UNKNOWN STEP	2026-09-22T10:44:42.9856549Z Entering 'third_party/verilog-axis'
Verilator shard 1/5	UNKNOWN STEP	2026-09-22T10:44:42.9873309Z file:/home/runner/work/milan-fpga/milan-fpga/.git/modules/third_party/verilog-axis/config	remote.origin.url
Verilator shard 1/5	UNKNOWN STEP	2026-09-22T10:44:42.9905797Z [command]/usr/bin/git config --file /home/runner/work/milan-fpga/milan-fpga/.git/modules/gptp-processor/config --name-only --get-regexp ^includeIf\.gitdir:
Verilator shard 1/5	UNKNOWN STEP	2026-09-22T10:44:42.9941391Z [command]/usr/bin/git config --file /home/runner/work/milan-fpga/milan-fpga/.git/modules/protocol-processor/config --name-only --get-regexp ^includeIf\.gitdir:
Verilator shard 1/5	UNKNOWN STEP	2026-09-22T10:44:42.9971119Z [command]/usr/bin/git config --file /home/runner/work/milan-fpga/milan-fpga/.git/modules/third_party/verilog-axis/config --name-only --get-regexp ^includeIf\.gitdir:
Verilator shard 1/5	UNKNOWN STEP	2026-09-22T10:44:43.0266995Z Cleaning up orphan processes
Verilator shard 1/5	UNKNOWN STEP	2026-09-22T10:44:43.0527363Z ##[warning]Node.js 20 is deprecated. The following actions target Node.js 20 but are being forced to run on Node.js 24: actions/cache@v4, actions/checkout@v4, actions/upload-artifact@v4. For more information see: https://github.blog/changelog/2025-09-19-deprecation-of-node-20-on-github-actions-runners/
Verilator shard 2/5	UNKNOWN STEP	﻿2026-09-22T10:24:37.5188411Z Current runner version: '2.337.0'
Verilator shard 2/5	UNKNOWN STEP	2026-09-22T10:24:37.5219501Z ##[group]Runner Image Provisioner
Verilator shard 2/5	UNKNOWN STEP	2026-09-22T10:24:37.5220724Z Hosted Compute Agent
Verilator shard 2/5	UNKNOWN STEP	2026-09-22T10:24:37.5221440Z Version: 20260828.587
Verilator shard 2/5	UNKNOWN STEP	2026-09-22T10:24:37.5222330Z Commit: abac92662cab4cc7352de4f9f9d2e2419aad9c29
Verilator shard 2/5	UNKNOWN STEP	2026-09-22T10:24:37.5223249Z Build Date: 2026-08-28T16:44:25Z
Verilator shard 2/5	UNKNOWN STEP	2026-09-22T10:24:37.5224187Z Worker ID: {728b3a42-df70-4c43-81fd-d493292fe1c4}
Verilator shard 2/5	UNKNOWN STEP	2026-09-22T10:24:37.5225105Z Azure Region: mexicocentral
Verilator shard 2/5	UNKNOWN STEP	2026-09-22T10:24:37.5225855Z ##[endgroup]
Verilator shard 2/5	UNKNOWN STEP	2026-09-22T10:24:37.5227637Z ##[group]Operating System
Verilator shard 2/5	UNKNOWN STEP	2026-09-22T10:24:37.5228413Z Ubuntu
Verilator shard 2/5	UNKNOWN STEP	2026-09-22T10:24:37.5229174Z 24.04.5
Verilator shard 2/5	UNKNOWN STEP	2026-09-22T10:24:37.5229821Z LTS
Verilator shard 2/5	UNKNOWN STEP	2026-09-22T10:24:37.5230638Z ##[endgroup]
Verilator shard 2/5	UNKNOWN STEP	2026-09-22T10:24:37.5231400Z ##[group]Runner Image
Verilator shard 2/5	UNKNOWN STEP	2026-09-22T10:24:37.5232149Z Image: ubuntu-24.04
Verilator shard 2/5	UNKNOWN STEP	2026-09-22T10:24:37.5232892Z Version: 20260920.314.1
Verilator shard 2/5	UNKNOWN STEP	2026-09-22T10:24:37.5234579Z Included Software: https://github.com/actions/runner-images/blob/ubuntu24/20260920.314/images/ubuntu/Ubuntu2404-Readme.md
Verilator shard 2/5	UNKNOWN STEP	2026-09-22T10:24:37.5236706Z Image Release: https://github.com/actions/runner-images/releases/tag/ubuntu24%2F20260920.314
Verilator shard 2/5	UNKNOWN STEP	2026-09-22T10:24:37.5237942Z ##[endgroup]
Verilator shard 2/5	UNKNOWN STEP	2026-09-22T10:24:37.5239556Z ##[group]GITHUB_TOKEN Permissions
Verilator shard 2/5	UNKNOWN STEP	2026-09-22T10:24:37.5242096Z Contents: read
Verilator shard 2/5	UNKNOWN STEP	2026-09-22T10:24:37.5242818Z Metadata: read
Verilator shard 2/5	UNKNOWN STEP	2026-09-22T10:24:37.5243685Z Packages: read
Verilator shard 2/5	UNKNOWN STEP	2026-09-22T10:24:37.5244430Z ##[endgroup]
Verilator shard 2/5	UNKNOWN STEP	2026-09-22T10:24:37.5246955Z Secret source: Actions
Verilator shard 2/5	UNKNOWN STEP	2026-09-22T10:24:37.5248105Z Cache mode: write
Verilator shard 2/5	UNKNOWN STEP	2026-09-22T10:24:37.5249062Z Prepare workflow directory
Verilator shard 2/5	UNKNOWN STEP	2026-09-22T10:24:37.5677232Z Prepare all required actions
Verilator shard 2/5	UNKNOWN STEP	2026-09-22T10:24:37.5716985Z Getting action download info
Verilator shard 2/5	UNKNOWN STEP	2026-09-22T10:24:37.8990074Z Download action repository 'actions/checkout@v4' (SHA:11d5960a326750d5838078e36cf38b85af677262)
Verilator shard 2/5	UNKNOWN STEP	2026-09-22T10:24:38.0352843Z Download action repository 'actions/cache@v4' (SHA:0057852bfaa89a56745cba8c7296529d2fc39830)
Verilator shard 2/5	UNKNOWN STEP	2026-09-22T10:24:38.3461365Z Download action repository 'actions/upload-artifact@v4' (SHA:ea165f8d65b6e75b540449e92b4886f43607fa02)
Verilator shard 2/5	UNKNOWN STEP	2026-09-22T10:24:38.6088347Z Complete job name: Verilator shard 2/5
Verilator shard 2/5	UNKNOWN STEP	2026-09-22T10:24:38.6818103Z Node 20 is being deprecated. This workflow is running with Node 24 by default. If you need to temporarily use Node 20, you can set the ACTIONS_ALLOW_USE_UNSECURE_NODE_VERSION=true environment variable. For more information see: https://github.blog/changelog/2025-09-19-deprecation-of-node-20-on-github-actions-runners/
Verilator shard 2/5	UNKNOWN STEP	2026-09-22T10:24:38.6826622Z ##[group]Run actions/checkout@v4
Verilator shard 2/5	UNKNOWN STEP	2026-09-22T10:24:38.6827510Z with:
Verilator shard 2/5	UNKNOWN STEP	2026-09-22T10:24:38.6828148Z   repository: kebag-logic/milan-fpga
Verilator shard 2/5	UNKNOWN STEP	2026-09-22T10:24:38.6834054Z   token: ***
Verilator shard 2/5	UNKNOWN STEP	2026-09-22T10:24:38.6834680Z   ssh-strict: true
Verilator shard 2/5	UNKNOWN STEP	2026-09-22T10:24:38.6835316Z   ssh-user: git
Verilator shard 2/5	UNKNOWN STEP	2026-09-22T10:24:38.6835969Z   persist-credentials: true
Verilator shard 2/5	UNKNOWN STEP	2026-09-22T10:24:38.6836678Z   clean: true
Verilator shard 2/5	UNKNOWN STEP	2026-09-22T10:24:38.6837331Z   sparse-checkout-cone-mode: true
Verilator shard 2/5	UNKNOWN STEP	2026-09-22T10:24:38.6838087Z   fetch-depth: 1
Verilator shard 2/5	UNKNOWN STEP	2026-09-22T10:24:38.6838714Z   fetch-tags: false
Verilator shard 2/5	UNKNOWN STEP	2026-09-22T10:24:38.6839400Z   show-progress: true
Verilator shard 2/5	UNKNOWN STEP	2026-09-22T10:24:38.6840053Z   lfs: false
Verilator shard 2/5	UNKNOWN STEP	2026-09-22T10:24:38.6840800Z   submodules: false
Verilator shard 2/5	UNKNOWN STEP	2026-09-22T10:24:38.6841457Z   set-safe-directory: true
Verilator shard 2/5	UNKNOWN STEP	2026-09-22T10:24:38.6842193Z   allow-unsafe-pr-checkout: false
Verilator shard 2/5	UNKNOWN STEP	2026-09-22T10:24:38.6843109Z env:
Verilator shard 2/5	UNKNOWN STEP	2026-09-22T10:24:38.6843707Z   VERILATOR_VERSION: v5.050
Verilator shard 2/5	UNKNOWN STEP	2026-09-22T10:24:38.6844424Z   YOSYS_VERSION: v0.66
Verilator shard 2/5	UNKNOWN STEP	2026-09-22T10:24:38.6845191Z   TSN_GEN_REV: deca300c9eb4863fa13383b45ba6cb6fd0828671
Verilator shard 2/5	UNKNOWN STEP	2026-09-22T10:24:38.6846070Z ##[endgroup]
Verilator shard 2/5	UNKNOWN STEP	2026-09-22T10:24:38.7644407Z Syncing repository: kebag-logic/milan-fpga
Verilator shard 2/5	UNKNOWN STEP	2026-09-22T10:24:38.7647264Z ##[group]Getting Git version info
Verilator shard 2/5	UNKNOWN STEP	2026-09-22T10:24:38.7648744Z Working directory is '/home/runner/work/milan-fpga/milan-fpga'
Verilator shard 2/5	UNKNOWN STEP	2026-09-22T10:24:38.7651210Z [command]/usr/bin/git version
Verilator shard 2/5	UNKNOWN STEP	2026-09-22T10:24:38.8181618Z git version 2.55.0
Verilator shard 2/5	UNKNOWN STEP	2026-09-22T10:24:38.8199052Z ##[endgroup]
Verilator shard 2/5	UNKNOWN STEP	2026-09-22T10:24:38.8212535Z Temporarily overriding HOME='/home/runner/work/_temp/b89de298-1f8c-4633-aea0-b5a7dbe77d0f' before making global git config changes
Verilator shard 2/5	UNKNOWN STEP	2026-09-22T10:24:38.8216481Z Adding repository directory to the temporary git global config as a safe directory
Verilator shard 2/5	UNKNOWN STEP	2026-09-22T10:24:38.8219038Z [command]/usr/bin/git config --global --add safe.directory /home/runner/work/milan-fpga/milan-fpga
Verilator shard 2/5	UNKNOWN STEP	2026-09-22T10:24:38.8269270Z Deleting the contents of '/home/runner/work/milan-fpga/milan-fpga'
Verilator shard 2/5	UNKNOWN STEP	2026-09-22T10:24:38.8277153Z ##[group]Initializing the repository
Verilator shard 2/5	UNKNOWN STEP	2026-09-22T10:24:38.8278959Z [command]/usr/bin/git init /home/runner/work/milan-fpga/milan-fpga
Verilator shard 2/5	UNKNOWN STEP	2026-09-22T10:24:38.8428024Z hint: Using 'master' as the name for the initial branch. This default branch name
Verilator shard 2/5	UNKNOWN STEP	2026-09-22T10:24:38.8429783Z hint: will change to "main" in Git 3.0. To configure the initial branch name
Verilator shard 2/5	UNKNOWN STEP	2026-09-22T10:24:38.8431594Z hint: to use in all of your new repositories, which will suppress this warning,
Verilator shard 2/5	UNKNOWN STEP	2026-09-22T10:24:38.8432741Z hint: call:
Verilator shard 2/5	UNKNOWN STEP	2026-09-22T10:24:38.8433366Z hint:
Verilator shard 2/5	UNKNOWN STEP	2026-09-22T10:24:38.8434187Z hint: 	git config --global init.defaultBranch <name>
Verilator shard 2/5	UNKNOWN STEP	2026-09-22T10:24:38.8435320Z hint:
Verilator shard 2/5	UNKNOWN STEP	2026-09-22T10:24:38.8436240Z hint: Names commonly chosen instead of 'master' are 'main', 'trunk' and
Verilator shard 2/5	UNKNOWN STEP	2026-09-22T10:24:38.8437644Z hint: 'development'. The just-created branch can be renamed via this command:
Verilator shard 2/5	UNKNOWN STEP	2026-09-22T10:24:38.8438995Z hint:
Verilator shard 2/5	UNKNOWN STEP	2026-09-22T10:24:38.8439734Z hint: 	git branch -m <name>
Verilator shard 2/5	UNKNOWN STEP	2026-09-22T10:24:38.8440657Z hint:
Verilator shard 2/5	UNKNOWN STEP	2026-09-22T10:24:38.8441608Z hint: Disable this message with "git config set advice.defaultBranchName false"
Verilator shard 2/5	UNKNOWN STEP	2026-09-22T10:24:38.8443183Z Initialized empty Git repository in /home/runner/work/milan-fpga/milan-fpga/.git/
Verilator shard 2/5	UNKNOWN STEP	2026-09-22T10:24:38.8445955Z [command]/usr/bin/git remote add origin https://github.com/kebag-logic/milan-fpga
Verilator shard 2/5	UNKNOWN STEP	2026-09-22T10:24:38.8769655Z ##[endgroup]
Verilator shard 2/5	UNKNOWN STEP	2026-09-22T10:24:38.8771116Z ##[group]Disabling automatic garbage collection
Verilator shard 2/5	UNKNOWN STEP	2026-09-22T10:24:38.8772711Z [command]/usr/bin/git config --local gc.auto 0
Verilator shard 2/5	UNKNOWN STEP	2026-09-22T10:24:38.8809626Z ##[endgroup]
Verilator shard 2/5	UNKNOWN STEP	2026-09-22T10:24:38.8810964Z ##[group]Setting up auth
Verilator shard 2/5	UNKNOWN STEP	2026-09-22T10:24:38.8812035Z [command]/usr/bin/git config --local --name-only --get-regexp core\.sshCommand
Verilator shard 2/5	UNKNOWN STEP	2026-09-22T10:24:38.8839543Z [command]/usr/bin/git submodule foreach --recursive sh -c "git config --local --name-only --get-regexp 'core\.sshCommand' && git config --local --unset-all 'core.sshCommand' || :"
Verilator shard 2/5	UNKNOWN STEP	2026-09-22T10:24:38.9139570Z [command]/usr/bin/git config --local --name-only --get-regexp http\.https\:\/\/github\.com\/\.extraheader
Verilator shard 2/5	UNKNOWN STEP	2026-09-22T10:24:38.9171463Z [command]/usr/bin/git submodule foreach --recursive sh -c "git config --local --name-only --get-regexp 'http\.https\:\/\/github\.com\/\.extraheader' && git config --local --unset-all 'http.https://github.com/.extraheader' || :"
Verilator shard 2/5	UNKNOWN STEP	2026-09-22T10:24:38.9360700Z [command]/usr/bin/git config --local --name-only --get-regexp ^includeIf\.gitdir:
Verilator shard 2/5	UNKNOWN STEP	2026-09-22T10:24:38.9391556Z [command]/usr/bin/git submodule foreach --recursive git config --local --show-origin --name-only --get-regexp remote.origin.url
Verilator shard 2/5	UNKNOWN STEP	2026-09-22T10:24:38.9580100Z [command]/usr/bin/git config --local http.https://github.com/.extraheader AUTHORIZATION: basic ***
Verilator shard 2/5	UNKNOWN STEP	2026-09-22T10:24:38.9614747Z ##[endgroup]
Verilator shard 2/5	UNKNOWN STEP	2026-09-22T10:24:38.9616001Z ##[group]Fetching the repository
Verilator shard 2/5	UNKNOWN STEP	2026-09-22T10:24:38.9623680Z [command]/usr/bin/git -c protocol.version=2 fetch --no-tags --prune --no-recurse-submodules --depth=1 origin +ec34fcdee0ca9ffa63564a9af8ad70a3a618de29:refs/remotes/origin/dev
Verilator shard 2/5	UNKNOWN STEP	2026-09-22T10:24:40.5462689Z From https://github.com/kebag-logic/milan-fpga
Verilator shard 2/5	UNKNOWN STEP	2026-09-22T10:24:40.5463510Z  * [new ref]         ec34fcdee0ca9ffa63564a9af8ad70a3a618de29 -> origin/dev
Verilator shard 2/5	UNKNOWN STEP	2026-09-22T10:24:40.5465384Z ##[endgroup]
Verilator shard 2/5	UNKNOWN STEP	2026-09-22T10:24:40.5466007Z ##[group]Determining the checkout info
Verilator shard 2/5	UNKNOWN STEP	2026-09-22T10:24:40.5466669Z ##[endgroup]
Verilator shard 2/5	UNKNOWN STEP	2026-09-22T10:24:40.5467175Z [command]/usr/bin/git sparse-checkout disable
Verilator shard 2/5	UNKNOWN STEP	2026-09-22T10:24:40.5513433Z [command]/usr/bin/git config --local --unset-all extensions.worktreeConfig
Verilator shard 2/5	UNKNOWN STEP	2026-09-22T10:24:40.5540670Z ##[group]Checking out the ref
Verilator shard 2/5	UNKNOWN STEP	2026-09-22T10:24:40.5550040Z [command]/usr/bin/git checkout --progress --force -B dev refs/remotes/origin/dev
Verilator shard 2/5	UNKNOWN STEP	2026-09-22T10:24:40.7489840Z Switched to a new branch 'dev'
Verilator shard 2/5	UNKNOWN STEP	2026-09-22T10:24:40.7493302Z branch 'dev' set up to track 'origin/dev'.
Verilator shard 2/5	UNKNOWN STEP	2026-09-22T10:24:40.7503584Z ##[endgroup]
Verilator shard 2/5	UNKNOWN STEP	2026-09-22T10:24:40.7551063Z [command]/usr/bin/git log -1 --format=%H
Verilator shard 2/5	UNKNOWN STEP	2026-09-22T10:24:40.7576000Z ec34fcdee0ca9ffa63564a9af8ad70a3a618de29
Verilator shard 2/5	UNKNOWN STEP	2026-09-22T10:24:40.7764913Z ##[group]Run git submodule update --init third_party/verilog-axis protocol-processor gptp-processor
Verilator shard 2/5	UNKNOWN STEP	2026-09-22T10:24:40.7765585Z ^[[36;1mgit submodule update --init third_party/verilog-axis protocol-processor gptp-processor^[[0m
Verilator shard 2/5	UNKNOWN STEP	2026-09-22T10:24:40.8029560Z shell: /usr/bin/bash -e {0}
Verilator shard 2/5	UNKNOWN STEP	2026-09-22T10:24:40.8029810Z env:
Verilator shard 2/5	UNKNOWN STEP	2026-09-22T10:24:40.8029991Z   VERILATOR_VERSION: v5.050
Verilator shard 2/5	UNKNOWN STEP	2026-09-22T10:24:40.8030381Z   YOSYS_VERSION: v0.66
Verilator shard 2/5	UNKNOWN STEP	2026-09-22T10:24:40.8030611Z   TSN_GEN_REV: deca300c9eb4863fa13383b45ba6cb6fd0828671
Verilator shard 2/5	UNKNOWN STEP	2026-09-22T10:24:40.8030861Z ##[endgroup]
Verilator shard 2/5	UNKNOWN STEP	2026-09-22T10:24:40.8312682Z Submodule 'gptp-processor' (https://github.com/Mister-M-alt/FPGA-gPTP.git) registered for path 'gptp-processor'
Verilator shard 2/5	UNKNOWN STEP	2026-09-22T10:24:40.8318123Z Submodule 'protocol-processor' (https://github.com/Mister-M-alt/protocol-processor-control-plane-avb-milan.git) registered for path 'protocol-processor'
Verilator shard 2/5	UNKNOWN STEP	2026-09-22T10:24:40.8323884Z Submodule 'third_party/verilog-axis' (https://github.com/alexforencich/verilog-axis) registered for path 'third_party/verilog-axis'
Verilator shard 2/5	UNKNOWN STEP	2026-09-22T10:24:40.8345760Z Cloning into '/home/runner/work/milan-fpga/milan-fpga/gptp-processor'...
Verilator shard 2/5	UNKNOWN STEP	2026-09-22T10:24:42.4409811Z Cloning into '/home/runner/work/milan-fpga/milan-fpga/protocol-processor'...
Verilator shard 2/5	UNKNOWN STEP	2026-09-22T10:24:43.8362899Z Cloning into '/home/runner/work/milan-fpga/milan-fpga/third_party/verilog-axis'...
Verilator shard 2/5	UNKNOWN STEP	2026-09-22T10:24:45.2961292Z Submodule path 'gptp-processor': checked out 'c1b617435824929a790739ea8585c3fe1a328cc0'
Verilator shard 2/5	UNKNOWN STEP	2026-09-22T10:24:45.3425425Z Submodule path 'protocol-processor': checked out '424c688fa2205b934a7689a58f2aa766420f2326'
Verilator shard 2/5	UNKNOWN STEP	2026-09-22T10:24:45.3593862Z Submodule path 'third_party/verilog-axis': checked out '48ff7a7e2ef782cf778d47910cf85835c64b1bce'
Verilator shard 2/5	UNKNOWN STEP	2026-09-22T10:24:45.3635110Z ##[group]Run set -euo pipefail
Verilator shard 2/5	UNKNOWN STEP	2026-09-22T10:24:45.3635384Z ^[[36;1mset -euo pipefail^[[0m
Verilator shard 2/5	UNKNOWN STEP	2026-09-22T10:24:45.3635592Z ^[[36;1mhead="$(git rev-parse HEAD)"^[[0m
Verilator shard 2/5	UNKNOWN STEP	2026-09-22T10:24:45.3635885Z ^[[36;1mif [ "$head" != "$GITHUB_SHA" ] || [ "$GITHUB_SHA" != "$TARGET_SHA" ]; then^[[0m
Verilator shard 2/5	UNKNOWN STEP	2026-09-22T10:24:45.3636329Z ^[[36;1m  echo "checkout $head, GITHUB_SHA $GITHUB_SHA and gate target $TARGET_SHA must be one SHA" >&2^[[0m
Verilator shard 2/5	UNKNOWN STEP	2026-09-22T10:24:45.3636674Z ^[[36;1m  exit 1^[[0m
Verilator shard 2/5	UNKNOWN STEP	2026-09-22T10:24:45.3636840Z ^[[36;1mfi^[[0m
Verilator shard 2/5	UNKNOWN STEP	2026-09-22T10:24:45.3637024Z ^[[36;1mmkdir -p "$RUNNER_TEMP/suite-logs"^[[0m
Verilator shard 2/5	UNKNOWN STEP	2026-09-22T10:24:45.3637326Z ^[[36;1mprintf '%s\n' "$GITHUB_SHA" > "$RUNNER_TEMP/suite-logs/TARGET_SHA"^[[0m
Verilator shard 2/5	UNKNOWN STEP	2026-09-22T10:24:45.3637616Z ^[[36;1mecho "target_sha=$GITHUB_SHA"^[[0m
Verilator shard 2/5	UNKNOWN STEP	2026-09-22T10:24:45.3693083Z shell: /usr/bin/bash -e {0}
Verilator shard 2/5	UNKNOWN STEP	2026-09-22T10:24:45.3693305Z env:
Verilator shard 2/5	UNKNOWN STEP	2026-09-22T10:24:45.3693471Z   VERILATOR_VERSION: v5.050
Verilator shard 2/5	UNKNOWN STEP	2026-09-22T10:24:45.3693661Z   YOSYS_VERSION: v0.66
Verilator shard 2/5	UNKNOWN STEP	2026-09-22T10:24:45.3693939Z   TSN_GEN_REV: deca300c9eb4863fa13383b45ba6cb6fd0828671
Verilator shard 2/5	UNKNOWN STEP	2026-09-22T10:24:45.3694242Z   TARGET_SHA: ec34fcdee0ca9ffa63564a9af8ad70a3a618de29
Verilator shard 2/5	UNKNOWN STEP	2026-09-22T10:24:45.3694482Z ##[endgroup]
Verilator shard 2/5	UNKNOWN STEP	2026-09-22T10:24:45.3797487Z target_sha=ec34fcdee0ca9ffa63564a9af8ad70a3a618de29
Verilator shard 2/5	UNKNOWN STEP	2026-09-22T10:24:45.3870732Z Node 20 is being deprecated. This workflow is running with Node 24 by default. If you need to temporarily use Node 20, you can set the ACTIONS_ALLOW_USE_UNSECURE_NODE_VERSION=true environment variable. For more information see: https://github.blog/changelog/2025-09-19-deprecation-of-node-20-on-github-actions-runners/
Verilator shard 2/5	UNKNOWN STEP	2026-09-22T10:24:45.3872312Z ##[group]Run actions/cache@v4
Verilator shard 2/5	UNKNOWN STEP	2026-09-22T10:24:45.3872517Z with:
Verilator shard 2/5	UNKNOWN STEP	2026-09-22T10:24:45.3872687Z   path: /opt/verilator
Verilator shard 2/5	UNKNOWN STEP	2026-09-22T10:24:45.3872878Z   key: verilator-v5.050-Linux
Verilator shard 2/5	UNKNOWN STEP	2026-09-22T10:24:45.3873087Z   enableCrossOsArchive: false
Verilator shard 2/5	UNKNOWN STEP	2026-09-22T10:24:45.3873293Z   fail-on-cache-miss: false
Verilator shard 2/5	UNKNOWN STEP	2026-09-22T10:24:45.3873481Z   lookup-only: false
Verilator shard 2/5	UNKNOWN STEP	2026-09-22T10:24:45.3873654Z   save-always: false
Verilator shard 2/5	UNKNOWN STEP	2026-09-22T10:24:45.3873979Z env:
Verilator shard 2/5	UNKNOWN STEP	2026-09-22T10:24:45.3874139Z   VERILATOR_VERSION: v5.050
Verilator shard 2/5	UNKNOWN STEP	2026-09-22T10:24:45.3874325Z   YOSYS_VERSION: v0.66
Verilator shard 2/5	UNKNOWN STEP	2026-09-22T10:24:45.3874536Z   TSN_GEN_REV: deca300c9eb4863fa13383b45ba6cb6fd0828671
Verilator shard 2/5	UNKNOWN STEP	2026-09-22T10:24:45.3874827Z ##[endgroup]
Verilator shard 2/5	UNKNOWN STEP	2026-09-22T10:24:45.4756499Z (node:2100) [DEP0040] DeprecationWarning: The `punycode` module is deprecated. Please use a userland alternative instead.
Verilator shard 2/5	UNKNOWN STEP	2026-09-22T10:24:45.4757060Z (Use `node --trace-deprecation ...` to show where the warning was created)
Verilator shard 2/5	UNKNOWN STEP	2026-09-22T10:24:45.6803308Z Cache hit for: verilator-v5.050-Linux
Verilator shard 2/5	UNKNOWN STEP	2026-09-22T10:24:45.6893676Z (node:2100) [DEP0169] DeprecationWarning: `url.parse()` behavior is not standardized and prone to errors that have security implications. Use the WHATWG URL API instead. CVEs are not issued for `url.parse()` vulnerabilities.
Verilator shard 2/5	UNKNOWN STEP	2026-09-22T10:24:46.9060628Z Received 25165824 of 92153557 (27.3%), 24.0 MBs/sec
Verilator shard 2/5	UNKNOWN STEP	2026-09-22T10:24:47.3628035Z Received 92153557 of 92153557 (100.0%), 60.4 MBs/sec
Verilator shard 2/5	UNKNOWN STEP	2026-09-22T10:24:47.3630573Z Cache Size: ~88 MB (92153557 B)
Verilator shard 2/5	UNKNOWN STEP	2026-09-22T10:24:47.3693453Z [command]/usr/bin/tar -xf /home/runner/work/_temp/5dde2884-3526-4ff7-9277-68d4c39ca23a/cache.tzst -P -C /home/runner/work/milan-fpga/milan-fpga --use-compress-program unzstd
Verilator shard 2/5	UNKNOWN STEP	2026-09-22T10:24:47.5090407Z Cache restored successfully
Verilator shard 2/5	UNKNOWN STEP	2026-09-22T10:24:47.5190875Z Cache restored from key: verilator-v5.050-Linux
Verilator shard 2/5	UNKNOWN STEP	2026-09-22T10:24:47.5330446Z ##[group]Run echo "/opt/verilator/bin" >> "$GITHUB_PATH"
Verilator shard 2/5	UNKNOWN STEP	2026-09-22T10:24:47.5330817Z ^[[36;1mecho "/opt/verilator/bin" >> "$GITHUB_PATH"^[[0m
Verilator shard 2/5	UNKNOWN STEP	2026-09-22T10:24:47.5331105Z ^[[36;1m/opt/verilator/bin/verilator --version^[[0m
Verilator shard 2/5	UNKNOWN STEP	2026-09-22T10:24:47.5331459Z ^[[36;1m/opt/verilator/bin/verilator --version | grep -F "${VERILATOR_VERSION#v}"^[[0m
Verilator shard 2/5	UNKNOWN STEP	2026-09-22T10:24:47.5387683Z shell: /usr/bin/bash -e {0}
Verilator shard 2/5	UNKNOWN STEP	2026-09-22T10:24:47.5387885Z env:
Verilator shard 2/5	UNKNOWN STEP	2026-09-22T10:24:47.5388061Z   VERILATOR_VERSION: v5.050
Verilator shard 2/5	UNKNOWN STEP	2026-09-22T10:24:47.5388265Z   YOSYS_VERSION: v0.66
Verilator shard 2/5	UNKNOWN STEP	2026-09-22T10:24:47.5388500Z   TSN_GEN_REV: deca300c9eb4863fa13383b45ba6cb6fd0828671
Verilator shard 2/5	UNKNOWN STEP	2026-09-22T10:24:47.5388765Z ##[endgroup]
Verilator shard 2/5	UNKNOWN STEP	2026-09-22T10:24:47.7764059Z Verilator 5.050 2026-07-01 rev v5.050
Verilator shard 2/5	UNKNOWN STEP	2026-09-22T10:24:47.8213269Z Verilator 5.050 2026-07-01 rev v5.050
Verilator shard 2/5	UNKNOWN STEP	2026-09-22T10:24:47.8246698Z ##[group]Run set -euo pipefail
Verilator shard 2/5	UNKNOWN STEP	2026-09-22T10:24:47.8246977Z ^[[36;1mset -euo pipefail^[[0m
Verilator shard 2/5	UNKNOWN STEP	2026-09-22T10:24:47.8247225Z ^[[36;1mpython3 scripts/suite_shards.py --selftest^[[0m
Verilator shard 2/5	UNKNOWN STEP	2026-09-22T10:24:47.8247558Z ^[[36;1mscripts/run_all_suites.sh --shard "$SHARD/$SHARDS" --list \^[[0m
Verilator shard 2/5	UNKNOWN STEP	2026-09-22T10:24:47.8247866Z ^[[36;1m  > "$RUNNER_TEMP/owned-suites"^[[0m
Verilator shard 2/5	UNKNOWN STEP	2026-09-22T10:24:47.8248095Z ^[[36;1mecho "Shard $SHARD owns:"^[[0m
Verilator shard 2/5	UNKNOWN STEP	2026-09-22T10:24:47.8248339Z ^[[36;1msed 's/^/  /' "$RUNNER_TEMP/owned-suites"^[[0m
Verilator shard 2/5	UNKNOWN STEP	2026-09-22T10:24:47.8248587Z ^[[36;1mcase "$SHARD" in^[[0m
Verilator shard 2/5	UNKNOWN STEP	2026-09-22T10:24:47.8248836Z ^[[36;1m  1) grep -Fx tsn_fuzz "$RUNNER_TEMP/owned-suites" ;;^[[0m
Verilator shard 2/5	UNKNOWN STEP	2026-09-22T10:24:47.8249163Z ^[[36;1m  3) grep -Fx chmap_capture "$RUNNER_TEMP/owned-suites" ;;^[[0m
Verilator shard 2/5	UNKNOWN STEP	2026-09-22T10:24:47.8249488Z ^[[36;1m  4) test "$(cat "$RUNNER_TEMP/owned-suites")" = milan_dp ;;^[[0m
Verilator shard 2/5	UNKNOWN STEP	2026-09-22T10:24:47.8249767Z ^[[36;1mesac^[[0m
Verilator shard 2/5	UNKNOWN STEP	2026-09-22T10:24:47.8307490Z shell: /usr/bin/bash -e {0}
Verilator shard 2/5	UNKNOWN STEP	2026-09-22T10:24:47.8307705Z env:
Verilator shard 2/5	UNKNOWN STEP	2026-09-22T10:24:47.8307920Z   VERILATOR_VERSION: v5.050
Verilator shard 2/5	UNKNOWN STEP	2026-09-22T10:24:47.8308131Z   YOSYS_VERSION: v0.66
Verilator shard 2/5	UNKNOWN STEP	2026-09-22T10:24:47.8308360Z   TSN_GEN_REV: deca300c9eb4863fa13383b45ba6cb6fd0828671
Verilator shard 2/5	UNKNOWN STEP	2026-09-22T10:24:47.8308615Z   SHARD: 2
Verilator shard 2/5	UNKNOWN STEP	2026-09-22T10:24:47.8308785Z   SHARDS: 5
Verilator shard 2/5	UNKNOWN STEP	2026-09-22T10:24:47.8308943Z ##[endgroup]
Verilator shard 2/5	UNKNOWN STEP	2026-09-22T10:24:47.8670748Z   ok    1 shard(s): complete=True disjoint=True deterministic=True
Verilator shard 2/5	UNKNOWN STEP	2026-09-22T10:24:47.8671260Z   ok    2 shard(s): complete=True disjoint=True deterministic=True
Verilator shard 2/5	UNKNOWN STEP	2026-09-22T10:24:47.8671606Z   ok    4 shard(s): complete=True disjoint=True deterministic=True
Verilator shard 2/5	UNKNOWN STEP	2026-09-22T10:24:47.8671904Z   ok    5 shard(s): complete=True disjoint=True deterministic=True
Verilator shard 2/5	UNKNOWN STEP	2026-09-22T10:24:47.8672219Z   ok    7 shard(s): complete=True disjoint=True deterministic=True
Verilator shard 2/5	UNKNOWN STEP	2026-09-22T10:24:47.8672523Z   ok   23 shard(s): complete=True disjoint=True deterministic=True
Verilator shard 2/5	UNKNOWN STEP	2026-09-22T10:24:47.8673094Z   ok    2 shard(s): dedicated alone=True hashed owners unchanged=True
Verilator shard 2/5	UNKNOWN STEP	2026-09-22T10:24:47.8673426Z   ok    4 shard(s): dedicated alone=True hashed owners unchanged=True
Verilator shard 2/5	UNKNOWN STEP	2026-09-22T10:24:47.8673729Z   ok    5 shard(s): dedicated alone=True hashed owners unchanged=True
Verilator shard 2/5	UNKNOWN STEP	2026-09-22T10:24:47.8674028Z   ok    7 shard(s): dedicated alone=True hashed owners unchanged=True
Verilator shard 2/5	UNKNOWN STEP	2026-09-22T10:24:47.8674332Z   ok   23 shard(s): dedicated alone=True hashed owners unchanged=True
Verilator shard 2/5	UNKNOWN STEP	2026-09-22T10:24:47.8674780Z   ok   a rule without the dedicated worker is caught (alone with none set aside=False, alone while sharing worker 0=False)
Verilator shard 2/5	UNKNOWN STEP	2026-09-22T10:24:47.8675375Z   ok   five-worker runtime landmarks: {'milan_dp': 4, 'pp_shadow': 1, 'mmcm_servo': 2, 'tsn_fuzz': 1, 'chmap_capture': 3}
Verilator shard 2/5	UNKNOWN STEP	2026-09-22T10:24:47.8675899Z   ok   scheduled/default partition: default=['future_suite', 'milan_dp'] physical=['milan_dp_gptp']
Verilator shard 2/5	UNKNOWN STEP	2026-09-22T10:24:47.8676257Z   ok   reject ''
Verilator shard 2/5	UNKNOWN STEP	2026-09-22T10:24:47.8676433Z   ok   reject '1'
Verilator shard 2/5	UNKNOWN STEP	2026-09-22T10:24:47.8676601Z   ok   reject '-1/4'
Verilator shard 2/5	UNKNOWN STEP	2026-09-22T10:24:47.8676773Z   ok   reject '01/4'
Verilator shard 2/5	UNKNOWN STEP	2026-09-22T10:24:47.8676960Z   ok   reject '4/4'
Verilator shard 2/5	UNKNOWN STEP	2026-09-22T10:24:47.8677136Z   ok   reject '5/4'
Verilator shard 2/5	UNKNOWN STEP	2026-09-22T10:24:47.8677309Z   ok   reject '0/0'
Verilator shard 2/5	UNKNOWN STEP	2026-09-22T10:24:47.8677465Z   ok   reject 'a/4'
Verilator shard 2/5	UNKNOWN STEP	2026-09-22T10:24:47.8677635Z selftest: PASS
Verilator shard 2/5	UNKNOWN STEP	2026-09-22T10:24:47.9084929Z Shard 2 owns:
Verilator shard 2/5	UNKNOWN STEP	2026-09-22T10:24:47.9097816Z   aaf
Verilator shard 2/5	UNKNOWN STEP	2026-09-22T10:24:47.9098091Z   aaf_audio_loop
Verilator shard 2/5	UNKNOWN STEP	2026-09-22T10:24:47.9098355Z   aes3
Verilator shard 2/5	UNKNOWN STEP	2026-09-22T10:24:47.9098566Z   chmap_render
Verilator shard 2/5	UNKNOWN STEP	2026-09-22T10:24:47.9098752Z   crf_tx
Verilator shard 2/5	UNKNOWN STEP	2026-09-22T10:24:47.9098906Z   mmcm_servo
Verilator shard 2/5	UNKNOWN STEP	2026-09-22T10:24:47.9099119Z   ptp_sync
Verilator shard 2/5	UNKNOWN STEP	2026-09-22T10:24:47.9099285Z   ptp_ts
Verilator shard 2/5	UNKNOWN STEP	2026-09-22T10:24:47.9099437Z   render_setpoint
Verilator shard 2/5	UNKNOWN STEP	2026-09-22T10:24:47.9099609Z   shaper_core
Verilator shard 2/5	UNKNOWN STEP	2026-09-22T10:24:47.9180537Z ##[group]Run scripts/run_all_suites.sh "$RUNNER_TEMP/suite-logs" \
Verilator shard 2/5	UNKNOWN STEP	2026-09-22T10:24:47.9180948Z ^[[36;1mscripts/run_all_suites.sh "$RUNNER_TEMP/suite-logs" \^[[0m
Verilator shard 2/5	UNKNOWN STEP	2026-09-22T10:24:47.9181247Z ^[[36;1m  --shard "2/5"^[[0m
Verilator shard 2/5	UNKNOWN STEP	2026-09-22T10:24:47.9236644Z shell: /usr/bin/bash -e {0}
Verilator shard 2/5	UNKNOWN STEP	2026-09-22T10:24:47.9236859Z env:
Verilator shard 2/5	UNKNOWN STEP	2026-09-22T10:24:47.9237035Z   VERILATOR_VERSION: v5.050
Verilator shard 2/5	UNKNOWN STEP	2026-09-22T10:24:47.9237233Z   YOSYS_VERSION: v0.66
Verilator shard 2/5	UNKNOWN STEP	2026-09-22T10:24:47.9237460Z   TSN_GEN_REV: deca300c9eb4863fa13383b45ba6cb6fd0828671
Verilator shard 2/5	UNKNOWN STEP	2026-09-22T10:24:47.9237717Z ##[endgroup]
Verilator shard 2/5	UNKNOWN STEP	2026-09-22T10:24:52.7923275Z shard: 2/5   selected suites: 10
Verilator shard 2/5	UNKNOWN STEP	2026-09-22T10:25:05.7791468Z PASS     aaf
Verilator shard 2/5	UNKNOWN STEP	2026-09-22T10:25:09.9378794Z PASS     aaf_audio_loop
Verilator shard 2/5	UNKNOWN STEP	2026-09-22T10:25:14.3440655Z PASS     aes3
Verilator shard 2/5	UNKNOWN STEP	2026-09-22T10:25:18.5642593Z PASS     chmap_render
Verilator shard 2/5	UNKNOWN STEP	2026-09-22T10:25:23.0578690Z PASS     crf_tx
Verilator shard 2/5	UNKNOWN STEP	2026-09-22T10:26:09.6308163Z PASS     mmcm_servo
Verilator shard 2/5	UNKNOWN STEP	2026-09-22T10:26:17.7824380Z PASS     ptp_sync
Verilator shard 2/5	UNKNOWN STEP	2026-09-22T10:26:22.0023971Z PASS     ptp_ts
Verilator shard 2/5	UNKNOWN STEP	2026-09-22T10:27:32.6505288Z PASS     render_setpoint
Verilator shard 2/5	UNKNOWN STEP	2026-09-22T10:27:37.2114554Z PASS     shaper_core
Verilator shard 2/5	UNKNOWN STEP	2026-09-22T10:27:37.2114870Z ----------------------------------------------------------------
Verilator shard 2/5	UNKNOWN STEP	2026-09-22T10:27:37.2115265Z suites: 10   passed: 10   failed: 0   timed out: 0
Verilator shard 2/5	UNKNOWN STEP	2026-09-22T10:27:37.2558272Z checks: 1522423   in-suite failures: 0
Verilator shard 2/5	UNKNOWN STEP	2026-09-22T10:27:37.2599722Z logs: /home/runner/work/_temp/suite-logs
Verilator shard 2/5	UNKNOWN STEP	2026-09-22T10:27:37.2669822Z Node 20 is being deprecated. This workflow is running with Node 24 by default. If you need to temporarily use Node 20, you can set the ACTIONS_ALLOW_USE_UNSECURE_NODE_VERSION=true environment variable. For more information see: https://github.blog/changelog/2025-09-19-deprecation-of-node-20-on-github-actions-runners/
Verilator shard 2/5	UNKNOWN STEP	2026-09-22T10:27:37.2671046Z ##[group]Run actions/upload-artifact@v4
Verilator shard 2/5	UNKNOWN STEP	2026-09-22T10:27:37.2671264Z with:
Verilator shard 2/5	UNKNOWN STEP	2026-09-22T10:27:37.2671430Z   name: suite-logs-2
Verilator shard 2/5	UNKNOWN STEP	2026-09-22T10:27:37.2671627Z   path: /home/runner/work/_temp/suite-logs
Verilator shard 2/5	UNKNOWN STEP	2026-09-22T10:27:37.2671872Z   if-no-files-found: error
Verilator shard 2/5	UNKNOWN STEP	2026-09-22T10:27:37.2672062Z   retention-days: 3
Verilator shard 2/5	UNKNOWN STEP	2026-09-22T10:27:37.2672234Z   compression-level: 6
Verilator shard 2/5	UNKNOWN STEP	2026-09-22T10:27:37.2672415Z   overwrite: false
Verilator shard 2/5	UNKNOWN STEP	2026-09-22T10:27:37.2672589Z   include-hidden-files: false
Verilator shard 2/5	UNKNOWN STEP	2026-09-22T10:27:37.2672950Z env:
Verilator shard 2/5	UNKNOWN STEP	2026-09-22T10:27:37.2673104Z   VERILATOR_VERSION: v5.050
Verilator shard 2/5	UNKNOWN STEP	2026-09-22T10:27:37.2673297Z   YOSYS_VERSION: v0.66
Verilator shard 2/5	UNKNOWN STEP	2026-09-22T10:27:37.2673533Z   TSN_GEN_REV: deca300c9eb4863fa13383b45ba6cb6fd0828671
Verilator shard 2/5	UNKNOWN STEP	2026-09-22T10:27:37.2673772Z ##[endgroup]
Verilator shard 2/5	UNKNOWN STEP	2026-09-22T10:27:37.3995672Z (node:5293) [DEP0040] DeprecationWarning: The `punycode` module is deprecated. Please use a userland alternative instead.
Verilator shard 2/5	UNKNOWN STEP	2026-09-22T10:27:37.3996227Z (Use `node --trace-deprecation ...` to show where the warning was created)
Verilator shard 2/5	UNKNOWN STEP	2026-09-22T10:27:37.4105037Z With the provided path, there will be 11 files uploaded
Verilator shard 2/5	UNKNOWN STEP	2026-09-22T10:27:37.4110422Z Artifact name is valid!
Verilator shard 2/5	UNKNOWN STEP	2026-09-22T10:27:37.4110959Z Root directory input is valid!
Verilator shard 2/5	UNKNOWN STEP	2026-09-22T10:27:37.7615357Z Beginning upload of artifact content to blob storage
Verilator shard 2/5	UNKNOWN STEP	2026-09-22T10:27:37.7897052Z (node:5293) [DEP0169] DeprecationWarning: `url.parse()` behavior is not standardized and prone to errors that have security implications. Use the WHATWG URL API instead. CVEs are not issued for `url.parse()` vulnerabilities.
Verilator shard 2/5	UNKNOWN STEP	2026-09-22T10:27:38.0642162Z Uploaded bytes 28147
Verilator shard 2/5	UNKNOWN STEP	2026-09-22T10:27:38.1263857Z Finished uploading artifact content to blob storage!
Verilator shard 2/5	UNKNOWN STEP	2026-09-22T10:27:38.1264601Z SHA256 digest of uploaded artifact zip is a4ba36360e9e9567a4c8e7fde10d713c9ae79537b11e59ebb4aada5ff599946f
Verilator shard 2/5	UNKNOWN STEP	2026-09-22T10:27:38.1265909Z Finalizing artifact upload
Verilator shard 2/5	UNKNOWN STEP	2026-09-22T10:27:38.3789065Z Artifact suite-logs-2.zip successfully finalized. Artifact ID 10689680102
Verilator shard 2/5	UNKNOWN STEP	2026-09-22T10:27:38.3789712Z Artifact suite-logs-2 has been successfully uploaded! Final size is 28147 bytes. Artifact ID is 10689680102
Verilator shard 2/5	UNKNOWN STEP	2026-09-22T10:27:38.3795806Z Artifact download URL: https://github.com/kebag-logic/milan-fpga/actions/runs/35715778753/artifacts/10689680102
Verilator shard 2/5	UNKNOWN STEP	2026-09-22T10:27:38.3937247Z Node 20 is being deprecated. This workflow is running with Node 24 by default. If you need to temporarily use Node 20, you can set the ACTIONS_ALLOW_USE_UNSECURE_NODE_VERSION=true environment variable. For more information see: https://github.blog/changelog/2025-09-19-deprecation-of-node-20-on-github-actions-runners/
Verilator shard 2/5	UNKNOWN STEP	2026-09-22T10:27:38.3938226Z Post job cleanup.
Verilator shard 2/5	UNKNOWN STEP	2026-09-22T10:27:38.4832555Z Cache hit occurred on the primary key verilator-v5.050-Linux, not saving cache.
Verilator shard 2/5	UNKNOWN STEP	2026-09-22T10:27:38.4834080Z (node:5305) [DEP0040] DeprecationWarning: The `punycode` module is deprecated. Please use a userland alternative instead.
Verilator shard 2/5	UNKNOWN STEP	2026-09-22T10:27:38.4834617Z (Use `node --trace-deprecation ...` to show where the warning was created)
Verilator shard 2/5	UNKNOWN STEP	2026-09-22T10:27:38.4936907Z Node 20 is being deprecated. This workflow is running with Node 24 by default. If you need to temporarily use Node 20, you can set the ACTIONS_ALLOW_USE_UNSECURE_NODE_VERSION=true environment variable. For more information see: https://github.blog/changelog/2025-09-19-deprecation-of-node-20-on-github-actions-runners/
Verilator shard 2/5	UNKNOWN STEP	2026-09-22T10:27:38.4937841Z Post job cleanup.
Verilator shard 2/5	UNKNOWN STEP	2026-09-22T10:27:38.5591849Z [command]/usr/bin/git version
Verilator shard 2/5	UNKNOWN STEP	2026-09-22T10:27:38.5627959Z git version 2.55.0
Verilator shard 2/5	UNKNOWN STEP	2026-09-22T10:27:38.5659804Z Temporarily overriding HOME='/home/runner/work/_temp/cc97ab48-75ef-4c5e-b625-505ab4454049' before making global git config changes
Verilator shard 2/5	UNKNOWN STEP	2026-09-22T10:27:38.5660882Z Adding repository directory to the temporary git global config as a safe directory
Verilator shard 2/5	UNKNOWN STEP	2026-09-22T10:27:38.5664976Z [command]/usr/bin/git config --global --add safe.directory /home/runner/work/milan-fpga/milan-fpga
Verilator shard 2/5	UNKNOWN STEP	2026-09-22T10:27:38.5695296Z [command]/usr/bin/git config --local --name-only --get-regexp core\.sshCommand
Verilator shard 2/5	UNKNOWN STEP	2026-09-22T10:27:38.5731466Z [command]/usr/bin/git submodule foreach --recursive sh -c "git config --local --name-only --get-regexp 'core\.sshCommand' && git config --local --unset-all 'core.sshCommand' || :"
Verilator shard 2/5	UNKNOWN STEP	2026-09-22T10:27:38.5930742Z Entering 'gptp-processor'
Verilator shard 2/5	UNKNOWN STEP	2026-09-22T10:27:38.5974283Z Entering 'protocol-processor'
Verilator shard 2/5	UNKNOWN STEP	2026-09-22T10:27:38.6014434Z Entering 'third_party/verilog-axis'
Verilator shard 2/5	UNKNOWN STEP	2026-09-22T10:27:38.6086698Z [command]/usr/bin/git config --local --name-only --get-regexp http\.https\:\/\/github\.com\/\.extraheader
Verilator shard 2/5	UNKNOWN STEP	2026-09-22T10:27:38.6113850Z http.https://github.com/.extraheader
Verilator shard 2/5	UNKNOWN STEP	2026-09-22T10:27:38.6123725Z [command]/usr/bin/git config --local --unset-all http.https://github.com/.extraheader
Verilator shard 2/5	UNKNOWN STEP	2026-09-22T10:27:38.6157765Z [command]/usr/bin/git submodule foreach --recursive sh -c "git config --local --name-only --get-regexp 'http\.https\:\/\/github\.com\/\.extraheader' && git config --local --unset-all 'http.https://github.com/.extraheader' || :"
Verilator shard 2/5	UNKNOWN STEP	2026-09-22T10:27:38.6359776Z Entering 'gptp-processor'
Verilator shard 2/5	UNKNOWN STEP	2026-09-22T10:27:38.6396280Z Entering 'protocol-processor'
Verilator shard 2/5	UNKNOWN STEP	2026-09-22T10:27:38.6461292Z Entering 'third_party/verilog-axis'
Verilator shard 2/5	UNKNOWN STEP	2026-09-22T10:27:38.6543869Z [command]/usr/bin/git config --local --name-only --get-regexp ^includeIf\.gitdir:
Verilator shard 2/5	UNKNOWN STEP	2026-09-22T10:27:38.6576094Z [command]/usr/bin/git submodule foreach --recursive git config --local --show-origin --name-only --get-regexp remote.origin.url
Verilator shard 2/5	UNKNOWN STEP	2026-09-22T10:27:38.6765747Z Entering 'gptp-processor'
Verilator shard 2/5	UNKNOWN STEP	2026-09-22T10:27:38.6783898Z file:/home/runner/work/milan-fpga/milan-fpga/.git/modules/gptp-processor/config	remote.origin.url
Verilator shard 2/5	UNKNOWN STEP	2026-09-22T10:27:38.6799561Z Entering 'protocol-processor'
Verilator shard 2/5	UNKNOWN STEP	2026-09-22T10:27:38.6815908Z file:/home/runner/work/milan-fpga/milan-fpga/.git/modules/protocol-processor/config	remote.origin.url
Verilator shard 2/5	UNKNOWN STEP	2026-09-22T10:27:38.6832005Z Entering 'third_party/verilog-axis'
Verilator shard 2/5	UNKNOWN STEP	2026-09-22T10:27:38.6857529Z file:/home/runner/work/milan-fpga/milan-fpga/.git/modules/third_party/verilog-axis/config	remote.origin.url
Verilator shard 2/5	UNKNOWN STEP	2026-09-22T10:27:38.6876285Z [command]/usr/bin/git config --file /home/runner/work/milan-fpga/milan-fpga/.git/modules/gptp-processor/config --name-only --get-regexp ^includeIf\.gitdir:
Verilator shard 2/5	UNKNOWN STEP	2026-09-22T10:27:38.6906056Z [command]/usr/bin/git config --file /home/runner/work/milan-fpga/milan-fpga/.git/modules/protocol-processor/config --name-only --get-regexp ^includeIf\.gitdir:
Verilator shard 2/5	UNKNOWN STEP	2026-09-22T10:27:38.6933094Z [command]/usr/bin/git config --file /home/runner/work/milan-fpga/milan-fpga/.git/modules/third_party/verilog-axis/config --name-only --get-regexp ^includeIf\.gitdir:
Verilator shard 2/5	UNKNOWN STEP	2026-09-22T10:27:38.7074477Z Cleaning up orphan processes
Verilator shard 2/5	UNKNOWN STEP	2026-09-22T10:27:38.7306975Z ##[warning]Node.js 20 is deprecated. The following actions target Node.js 20 but are being forced to run on Node.js 24: actions/cache@v4, actions/checkout@v4, actions/upload-artifact@v4. For more information see: https://github.blog/changelog/2025-09-19-deprecation-of-node-20-on-github-actions-runners/
Yosys shard 0/4	UNKNOWN STEP	﻿2026-09-22T10:24:37.1115055Z Current runner version: '2.337.0'
Yosys shard 0/4	UNKNOWN STEP	2026-09-22T10:24:37.1140296Z ##[group]Runner Image Provisioner
Yosys shard 0/4	UNKNOWN STEP	2026-09-22T10:24:37.1141130Z Hosted Compute Agent
Yosys shard 0/4	UNKNOWN STEP	2026-09-22T10:24:37.1142246Z Version: 20260828.587
Yosys shard 0/4	UNKNOWN STEP	2026-09-22T10:24:37.1142937Z Commit: abac92662cab4cc7352de4f9f9d2e2419aad9c29
Yosys shard 0/4	UNKNOWN STEP	2026-09-22T10:24:37.1143655Z Build Date: 2026-08-28T16:44:25Z
Yosys shard 0/4	UNKNOWN STEP	2026-09-22T10:24:37.1144441Z Worker ID: {724164e9-fea3-4507-907c-6addf9064b42}
Yosys shard 0/4	UNKNOWN STEP	2026-09-22T10:24:37.1145147Z Azure Region: eastus
Yosys shard 0/4	UNKNOWN STEP	2026-09-22T10:24:37.1145757Z ##[endgroup]
Yosys shard 0/4	UNKNOWN STEP	2026-09-22T10:24:37.1147299Z ##[group]Operating System
Yosys shard 0/4	UNKNOWN STEP	2026-09-22T10:24:37.1147942Z Ubuntu
Yosys shard 0/4	UNKNOWN STEP	2026-09-22T10:24:37.1148607Z 24.04.5
Yosys shard 0/4	UNKNOWN STEP	2026-09-22T10:24:37.1149119Z LTS
Yosys shard 0/4	UNKNOWN STEP	2026-09-22T10:24:37.1149702Z ##[endgroup]
Yosys shard 0/4	UNKNOWN STEP	2026-09-22T10:24:37.1150268Z ##[group]Runner Image
Yosys shard 0/4	UNKNOWN STEP	2026-09-22T10:24:37.1150907Z Image: ubuntu-24.04
Yosys shard 0/4	UNKNOWN STEP	2026-09-22T10:24:37.1151931Z Version: 20260907.300.1
Yosys shard 0/4	UNKNOWN STEP	2026-09-22T10:24:37.1153283Z Included Software: https://github.com/actions/runner-images/blob/ubuntu24/20260907.300/images/ubuntu/Ubuntu2404-Readme.md
Yosys shard 0/4	UNKNOWN STEP	2026-09-22T10:24:37.1154928Z Image Release: https://github.com/actions/runner-images/releases/tag/ubuntu24%2F20260907.300
Yosys shard 0/4	UNKNOWN STEP	2026-09-22T10:24:37.1155967Z ##[endgroup]
Yosys shard 0/4	UNKNOWN STEP	2026-09-22T10:24:37.1157198Z ##[group]GITHUB_TOKEN Permissions
Yosys shard 0/4	UNKNOWN STEP	2026-09-22T10:24:37.1159415Z Contents: read
Yosys shard 0/4	UNKNOWN STEP	2026-09-22T10:24:37.1160108Z Metadata: read
Yosys shard 0/4	UNKNOWN STEP	2026-09-22T10:24:37.1160681Z Packages: read
Yosys shard 0/4	UNKNOWN STEP	2026-09-22T10:24:37.1161290Z ##[endgroup]
Yosys shard 0/4	UNKNOWN STEP	2026-09-22T10:24:37.1163697Z Secret source: Actions
Yosys shard 0/4	UNKNOWN STEP	2026-09-22T10:24:37.1164762Z Cache mode: write
Yosys shard 0/4	UNKNOWN STEP	2026-09-22T10:24:37.1165818Z Prepare workflow directory
Yosys shard 0/4	UNKNOWN STEP	2026-09-22T10:24:37.1552183Z Prepare all required actions
Yosys shard 0/4	UNKNOWN STEP	2026-09-22T10:24:37.1599735Z Getting action download info
Yosys shard 0/4	UNKNOWN STEP	2026-09-22T10:24:37.3906603Z Download action repository 'actions/checkout@v4' (SHA:11d5960a326750d5838078e36cf38b85af677262)
Yosys shard 0/4	UNKNOWN STEP	2026-09-22T10:24:37.4961321Z Download action repository 'actions/cache@v4' (SHA:0057852bfaa89a56745cba8c7296529d2fc39830)
Yosys shard 0/4	UNKNOWN STEP	2026-09-22T10:24:37.5914476Z Download action repository 'actions/upload-artifact@v4' (SHA:ea165f8d65b6e75b540449e92b4886f43607fa02)
Yosys shard 0/4	UNKNOWN STEP	2026-09-22T10:24:37.8117136Z Complete job name: Yosys shard 0/4
Yosys shard 0/4	UNKNOWN STEP	2026-09-22T10:24:37.8909298Z Node 20 is being deprecated. This workflow is running with Node 24 by default. If you need to temporarily use Node 20, you can set the ACTIONS_ALLOW_USE_UNSECURE_NODE_VERSION=true environment variable. For more information see: https://github.blog/changelog/2025-09-19-deprecation-of-node-20-on-github-actions-runners/
Yosys shard 0/4	UNKNOWN STEP	2026-09-22T10:24:37.8917758Z ##[group]Run actions/checkout@v4
Yosys shard 0/4	UNKNOWN STEP	2026-09-22T10:24:37.8918501Z with:
Yosys shard 0/4	UNKNOWN STEP	2026-09-22T10:24:37.8918951Z   repository: kebag-logic/milan-fpga
Yosys shard 0/4	UNKNOWN STEP	2026-09-22T10:24:37.8923284Z   token: ***
Yosys shard 0/4	UNKNOWN STEP	2026-09-22T10:24:37.8923717Z   ssh-strict: true
Yosys shard 0/4	UNKNOWN STEP	2026-09-22T10:24:37.8924152Z   ssh-user: git
Yosys shard 0/4	UNKNOWN STEP	2026-09-22T10:24:37.8924596Z   persist-credentials: true
Yosys shard 0/4	UNKNOWN STEP	2026-09-22T10:24:37.8925082Z   clean: true
Yosys shard 0/4	UNKNOWN STEP	2026-09-22T10:24:37.8925530Z   sparse-checkout-cone-mode: true
Yosys shard 0/4	UNKNOWN STEP	2026-09-22T10:24:37.8926050Z   fetch-depth: 1
Yosys shard 0/4	UNKNOWN STEP	2026-09-22T10:24:37.8926477Z   fetch-tags: false
Yosys shard 0/4	UNKNOWN STEP	2026-09-22T10:24:37.8926918Z   show-progress: true
Yosys shard 0/4	UNKNOWN STEP	2026-09-22T10:24:37.8927387Z   lfs: false
Yosys shard 0/4	UNKNOWN STEP	2026-09-22T10:24:37.8927833Z   submodules: false
Yosys shard 0/4	UNKNOWN STEP	2026-09-22T10:24:37.8928284Z   set-safe-directory: true
Yosys shard 0/4	UNKNOWN STEP	2026-09-22T10:24:37.8928797Z   allow-unsafe-pr-checkout: false
Yosys shard 0/4	UNKNOWN STEP	2026-09-22T10:24:37.8929578Z env:
Yosys shard 0/4	UNKNOWN STEP	2026-09-22T10:24:37.8929990Z   VERILATOR_VERSION: v5.050
Yosys shard 0/4	UNKNOWN STEP	2026-09-22T10:24:37.8930508Z   YOSYS_VERSION: v0.66
Yosys shard 0/4	UNKNOWN STEP	2026-09-22T10:24:37.8931047Z   TSN_GEN_REV: deca300c9eb4863fa13383b45ba6cb6fd0828671
Yosys shard 0/4	UNKNOWN STEP	2026-09-22T10:24:37.8931840Z ##[endgroup]
Yosys shard 0/4	UNKNOWN STEP	2026-09-22T10:24:37.9961111Z Syncing repository: kebag-logic/milan-fpga
Yosys shard 0/4	UNKNOWN STEP	2026-09-22T10:24:37.9963396Z ##[group]Getting Git version info
Yosys shard 0/4	UNKNOWN STEP	2026-09-22T10:24:37.9964176Z Working directory is '/home/runner/work/milan-fpga/milan-fpga'
Yosys shard 0/4	UNKNOWN STEP	2026-09-22T10:24:37.9965262Z [command]/usr/bin/git version
Yosys shard 0/4	UNKNOWN STEP	2026-09-22T10:24:38.0060157Z git version 2.55.0
Yosys shard 0/4	UNKNOWN STEP	2026-09-22T10:24:38.0082836Z ##[endgroup]
Yosys shard 0/4	UNKNOWN STEP	2026-09-22T10:24:38.0099260Z Temporarily overriding HOME='/home/runner/work/_temp/1708387d-019f-405e-8945-196b74c721ae' before making global git config changes
Yosys shard 0/4	UNKNOWN STEP	2026-09-22T10:24:38.0102569Z Adding repository directory to the temporary git global config as a safe directory
Yosys shard 0/4	UNKNOWN STEP	2026-09-22T10:24:38.0104763Z [command]/usr/bin/git config --global --add safe.directory /home/runner/work/milan-fpga/milan-fpga
Yosys shard 0/4	UNKNOWN STEP	2026-09-22T10:24:38.0158142Z Deleting the contents of '/home/runner/work/milan-fpga/milan-fpga'
Yosys shard 0/4	UNKNOWN STEP	2026-09-22T10:24:38.0162539Z ##[group]Initializing the repository
Yosys shard 0/4	UNKNOWN STEP	2026-09-22T10:24:38.0167718Z [command]/usr/bin/git init /home/runner/work/milan-fpga/milan-fpga
Yosys shard 0/4	UNKNOWN STEP	2026-09-22T10:24:38.0287852Z hint: Using 'master' as the name for the initial branch. This default branch name
Yosys shard 0/4	UNKNOWN STEP	2026-09-22T10:24:38.0289616Z hint: will change to "main" in Git 3.0. To configure the initial branch name
Yosys shard 0/4	UNKNOWN STEP	2026-09-22T10:24:38.0291048Z hint: to use in all of your new repositories, which will suppress this warning,
Yosys shard 0/4	UNKNOWN STEP	2026-09-22T10:24:38.0292806Z hint: call:
Yosys shard 0/4	UNKNOWN STEP	2026-09-22T10:24:38.0294029Z hint:
Yosys shard 0/4	UNKNOWN STEP	2026-09-22T10:24:38.0311252Z hint: 	git config --global init.defaultBranch <name>
Yosys shard 0/4	UNKNOWN STEP	2026-09-22T10:24:38.0312549Z hint:
Yosys shard 0/4	UNKNOWN STEP	2026-09-22T10:24:38.0313628Z hint: Names commonly chosen instead of 'master' are 'main', 'trunk' and
Yosys shard 0/4	UNKNOWN STEP	2026-09-22T10:24:38.0315291Z hint: 'development'. The just-created branch can be renamed via this command:
Yosys shard 0/4	UNKNOWN STEP	2026-09-22T10:24:38.0316533Z hint:
Yosys shard 0/4	UNKNOWN STEP	2026-09-22T10:24:38.0317181Z hint: 	git branch -m <name>
Yosys shard 0/4	UNKNOWN STEP	2026-09-22T10:24:38.0317929Z hint:
Yosys shard 0/4	UNKNOWN STEP	2026-09-22T10:24:38.0318939Z hint: Disable this message with "git config set advice.defaultBranchName false"
Yosys shard 0/4	UNKNOWN STEP	2026-09-22T10:24:38.0320655Z Initialized empty Git repository in /home/runner/work/milan-fpga/milan-fpga/.git/
Yosys shard 0/4	UNKNOWN STEP	2026-09-22T10:24:38.0323580Z [command]/usr/bin/git remote add origin https://github.com/kebag-logic/milan-fpga
Yosys shard 0/4	UNKNOWN STEP	2026-09-22T10:24:38.0375058Z ##[endgroup]
Yosys shard 0/4	UNKNOWN STEP	2026-09-22T10:24:38.0376539Z ##[group]Disabling automatic garbage collection
Yosys shard 0/4	UNKNOWN STEP	2026-09-22T10:24:38.0377714Z [command]/usr/bin/git config --local gc.auto 0
Yosys shard 0/4	UNKNOWN STEP	2026-09-22T10:24:38.0402483Z ##[endgroup]
Yosys shard 0/4	UNKNOWN STEP	2026-09-22T10:24:38.0404091Z ##[group]Setting up auth
Yosys shard 0/4	UNKNOWN STEP	2026-09-22T10:24:38.0409399Z [command]/usr/bin/git config --local --name-only --get-regexp core\.sshCommand
Yosys shard 0/4	UNKNOWN STEP	2026-09-22T10:24:38.0443324Z [command]/usr/bin/git submodule foreach --recursive sh -c "git config --local --name-only --get-regexp 'core\.sshCommand' && git config --local --unset-all 'core.sshCommand' || :"
Yosys shard 0/4	UNKNOWN STEP	2026-09-22T10:24:38.0867956Z [command]/usr/bin/git config --local --name-only --get-regexp http\.https\:\/\/github\.com\/\.extraheader
Yosys shard 0/4	UNKNOWN STEP	2026-09-22T10:24:38.0913731Z [command]/usr/bin/git submodule foreach --recursive sh -c "git config --local --name-only --get-regexp 'http\.https\:\/\/github\.com\/\.extraheader' && git config --local --unset-all 'http.https://github.com/.extraheader' || :"
Yosys shard 0/4	UNKNOWN STEP	2026-09-22T10:24:38.1151733Z [command]/usr/bin/git config --local --name-only --get-regexp ^includeIf\.gitdir:
Yosys shard 0/4	UNKNOWN STEP	2026-09-22T10:24:38.1193909Z [command]/usr/bin/git submodule foreach --recursive git config --local --show-origin --name-only --get-regexp remote.origin.url
Yosys shard 0/4	UNKNOWN STEP	2026-09-22T10:24:38.1442704Z [command]/usr/bin/git config --local http.https://github.com/.extraheader AUTHORIZATION: basic ***
Yosys shard 0/4	UNKNOWN STEP	2026-09-22T10:24:38.1495644Z ##[endgroup]
Yosys shard 0/4	UNKNOWN STEP	2026-09-22T10:24:38.1497154Z ##[group]Fetching the repository
Yosys shard 0/4	UNKNOWN STEP	2026-09-22T10:24:38.1507890Z [command]/usr/bin/git -c protocol.version=2 fetch --no-tags --prune --no-recurse-submodules --depth=1 origin +ec34fcdee0ca9ffa63564a9af8ad70a3a618de29:refs/remotes/origin/dev
Yosys shard 0/4	UNKNOWN STEP	2026-09-22T10:24:39.3086022Z From https://github.com/kebag-logic/milan-fpga
Yosys shard 0/4	UNKNOWN STEP	2026-09-22T10:24:39.3088099Z  * [new ref]         ec34fcdee0ca9ffa63564a9af8ad70a3a618de29 -> origin/dev
Yosys shard 0/4	UNKNOWN STEP	2026-09-22T10:24:39.3113962Z ##[endgroup]
Yosys shard 0/4	UNKNOWN STEP	2026-09-22T10:24:39.3115197Z ##[group]Determining the checkout info
Yosys shard 0/4	UNKNOWN STEP	2026-09-22T10:24:39.3116588Z ##[endgroup]
Yosys shard 0/4	UNKNOWN STEP	2026-09-22T10:24:39.3117448Z [command]/usr/bin/git sparse-checkout disable
Yosys shard 0/4	UNKNOWN STEP	2026-09-22T10:24:39.3157835Z [command]/usr/bin/git config --local --unset-all extensions.worktreeConfig
Yosys shard 0/4	UNKNOWN STEP	2026-09-22T10:24:39.3194631Z ##[group]Checking out the ref
Yosys shard 0/4	UNKNOWN STEP	2026-09-22T10:24:39.3199296Z [command]/usr/bin/git checkout --progress --force -B dev refs/remotes/origin/dev
Yosys shard 0/4	UNKNOWN STEP	2026-09-22T10:24:39.4589464Z Switched to a new branch 'dev'
Yosys shard 0/4	UNKNOWN STEP	2026-09-22T10:24:39.4592817Z branch 'dev' set up to track 'origin/dev'.
Yosys shard 0/4	UNKNOWN STEP	2026-09-22T10:24:39.4602385Z ##[endgroup]
Yosys shard 0/4	UNKNOWN STEP	2026-09-22T10:24:39.4647627Z [command]/usr/bin/git log -1 --format=%H
Yosys shard 0/4	UNKNOWN STEP	2026-09-22T10:24:39.4676621Z ec34fcdee0ca9ffa63564a9af8ad70a3a618de29
Yosys shard 0/4	UNKNOWN STEP	2026-09-22T10:24:39.4997881Z ##[group]Run git submodule update --init third_party/verilog-axis protocol-processor gptp-processor
Yosys shard 0/4	UNKNOWN STEP	2026-09-22T10:24:39.5000944Z ^[[36;1mgit submodule update --init third_party/verilog-axis protocol-processor gptp-processor^[[0m
Yosys shard 0/4	UNKNOWN STEP	2026-09-22T10:24:39.5045603Z shell: /usr/bin/bash -e {0}
Yosys shard 0/4	UNKNOWN STEP	2026-09-22T10:24:39.5046809Z env:
Yosys shard 0/4	UNKNOWN STEP	2026-09-22T10:24:39.5047804Z   VERILATOR_VERSION: v5.050
Yosys shard 0/4	UNKNOWN STEP	2026-09-22T10:24:39.5048967Z   YOSYS_VERSION: v0.66
Yosys shard 0/4	UNKNOWN STEP	2026-09-22T10:24:39.5050237Z   TSN_GEN_REV: deca300c9eb4863fa13383b45ba6cb6fd0828671
Yosys shard 0/4	UNKNOWN STEP	2026-09-22T10:24:39.5051879Z ##[endgroup]
Yosys shard 0/4	UNKNOWN STEP	2026-09-22T10:24:39.5358140Z Submodule 'gptp-processor' (https://github.com/Mister-M-alt/FPGA-gPTP.git) registered for path 'gptp-processor'
Yosys shard 0/4	UNKNOWN STEP	2026-09-22T10:24:39.5364865Z Submodule 'protocol-processor' (https://github.com/Mister-M-alt/protocol-processor-control-plane-avb-milan.git) registered for path 'protocol-processor'
Yosys shard 0/4	UNKNOWN STEP	2026-09-22T10:24:39.5370130Z Submodule 'third_party/verilog-axis' (https://github.com/alexforencich/verilog-axis) registered for path 'third_party/verilog-axis'
Yosys shard 0/4	UNKNOWN STEP	2026-09-22T10:24:39.5392740Z Cloning into '/home/runner/work/milan-fpga/milan-fpga/gptp-processor'...
Yosys shard 0/4	UNKNOWN STEP	2026-09-22T10:24:39.8851211Z Cloning into '/home/runner/work/milan-fpga/milan-fpga/protocol-processor'...
Yosys shard 0/4	UNKNOWN STEP	2026-09-22T10:24:40.3424662Z Cloning into '/home/runner/work/milan-fpga/milan-fpga/third_party/verilog-axis'...
Yosys shard 0/4	UNKNOWN STEP	2026-09-22T10:24:40.6836009Z Submodule path 'gptp-processor': checked out 'c1b617435824929a790739ea8585c3fe1a328cc0'
Yosys shard 0/4	UNKNOWN STEP	2026-09-22T10:24:40.7381055Z Submodule path 'protocol-processor': checked out '424c688fa2205b934a7689a58f2aa766420f2326'
Yosys shard 0/4	UNKNOWN STEP	2026-09-22T10:24:40.7584351Z Submodule path 'third_party/verilog-axis': checked out '48ff7a7e2ef782cf778d47910cf85835c64b1bce'
Yosys shard 0/4	UNKNOWN STEP	2026-09-22T10:24:40.7637574Z ##[group]Run set -euo pipefail
Yosys shard 0/4	UNKNOWN STEP	2026-09-22T10:24:40.7637959Z ^[[36;1mset -euo pipefail^[[0m
Yosys shard 0/4	UNKNOWN STEP	2026-09-22T10:24:40.7638265Z ^[[36;1mhead="$(git rev-parse HEAD)"^[[0m
Yosys shard 0/4	UNKNOWN STEP	2026-09-22T10:24:40.7638689Z ^[[36;1mif [ "$head" != "$GITHUB_SHA" ] || [ "$GITHUB_SHA" != "$TARGET_SHA" ]; then^[[0m
Yosys shard 0/4	UNKNOWN STEP	2026-09-22T10:24:40.7639312Z ^[[36;1m  echo "checkout $head, GITHUB_SHA $GITHUB_SHA and gate target $TARGET_SHA must be one SHA" >&2^[[0m
Yosys shard 0/4	UNKNOWN STEP	2026-09-22T10:24:40.7639821Z ^[[36;1m  exit 1^[[0m
Yosys shard 0/4	UNKNOWN STEP	2026-09-22T10:24:40.7640058Z ^[[36;1mfi^[[0m
Yosys shard 0/4	UNKNOWN STEP	2026-09-22T10:24:40.7640336Z ^[[36;1mmkdir -p "$RUNNER_TEMP/yosys-results"^[[0m
Yosys shard 0/4	UNKNOWN STEP	2026-09-22T10:24:40.7640785Z ^[[36;1mprintf '%s\n' "$GITHUB_SHA" > "$RUNNER_TEMP/yosys-results/TARGET_SHA"^[[0m
Yosys shard 0/4	UNKNOWN STEP	2026-09-22T10:24:40.7641219Z ^[[36;1mecho "target_sha=$GITHUB_SHA"^[[0m
Yosys shard 0/4	UNKNOWN STEP	2026-09-22T10:24:40.7678352Z shell: /usr/bin/bash -e {0}
Yosys shard 0/4	UNKNOWN STEP	2026-09-22T10:24:40.7678674Z env:
Yosys shard 0/4	UNKNOWN STEP	2026-09-22T10:24:40.7678917Z   VERILATOR_VERSION: v5.050
Yosys shard 0/4	UNKNOWN STEP	2026-09-22T10:24:40.7679206Z   YOSYS_VERSION: v0.66
Yosys shard 0/4	UNKNOWN STEP	2026-09-22T10:24:40.7679556Z   TSN_GEN_REV: deca300c9eb4863fa13383b45ba6cb6fd0828671
Yosys shard 0/4	UNKNOWN STEP	2026-09-22T10:24:40.7679984Z   TARGET_SHA: ec34fcdee0ca9ffa63564a9af8ad70a3a618de29
Yosys shard 0/4	UNKNOWN STEP	2026-09-22T10:24:40.7680332Z ##[endgroup]
Yosys shard 0/4	UNKNOWN STEP	2026-09-22T10:24:40.7764192Z target_sha=ec34fcdee0ca9ffa63564a9af8ad70a3a618de29
Yosys shard 0/4	UNKNOWN STEP	2026-09-22T10:24:40.7856418Z Node 20 is being deprecated. This workflow is running with Node 24 by default. If you need to temporarily use Node 20, you can set the ACTIONS_ALLOW_USE_UNSECURE_NODE_VERSION=true environment variable. For more information see: https://github.blog/changelog/2025-09-19-deprecation-of-node-20-on-github-actions-runners/
Yosys shard 0/4	UNKNOWN STEP	2026-09-22T10:24:40.7858018Z ##[group]Run actions/cache@v4
Yosys shard 0/4	UNKNOWN STEP	2026-09-22T10:24:40.7858300Z with:
Yosys shard 0/4	UNKNOWN STEP	2026-09-22T10:24:40.7858538Z   path: /opt/yosys
Yosys shard 0/4	UNKNOWN STEP	2026-09-22T10:24:40.7858791Z   key: yosys-v0.66-Linux
Yosys shard 0/4	UNKNOWN STEP	2026-09-22T10:24:40.7859070Z   enableCrossOsArchive: false
Yosys shard 0/4	UNKNOWN STEP	2026-09-22T10:24:40.7859364Z   fail-on-cache-miss: false
Yosys shard 0/4	UNKNOWN STEP	2026-09-22T10:24:40.7859651Z   lookup-only: false
Yosys shard 0/4	UNKNOWN STEP	2026-09-22T10:24:40.7859899Z   save-always: false
Yosys shard 0/4	UNKNOWN STEP	2026-09-22T10:24:40.7860358Z env:
Yosys shard 0/4	UNKNOWN STEP	2026-09-22T10:24:40.7860602Z   VERILATOR_VERSION: v5.050
Yosys shard 0/4	UNKNOWN STEP	2026-09-22T10:24:40.7860896Z   YOSYS_VERSION: v0.66
Yosys shard 0/4	UNKNOWN STEP	2026-09-22T10:24:40.7861198Z   TSN_GEN_REV: deca300c9eb4863fa13383b45ba6cb6fd0828671
Yosys shard 0/4	UNKNOWN STEP	2026-09-22T10:24:40.7861871Z ##[endgroup]
Yosys shard 0/4	UNKNOWN STEP	2026-09-22T10:24:40.8911159Z (node:2351) [DEP0040] DeprecationWarning: The `punycode` module is deprecated. Please use a userland alternative instead.
Yosys shard 0/4	UNKNOWN STEP	2026-09-22T10:24:40.8912508Z (Use `node --trace-deprecation ...` to show where the warning was created)
Yosys shard 0/4	UNKNOWN STEP	2026-09-22T10:24:40.9890936Z Cache hit for: yosys-v0.66-Linux
Yosys shard 0/4	UNKNOWN STEP	2026-09-22T10:24:41.0006777Z (node:2351) [DEP0169] DeprecationWarning: `url.parse()` behavior is not standardized and prone to errors that have security implications. Use the WHATWG URL API instead. CVEs are not issued for `url.parse()` vulnerabilities.
Yosys shard 0/4	UNKNOWN STEP	2026-09-22T10:24:41.1917639Z Received 19685025 of 19685025 (100.0%), 123.5 MBs/sec
Yosys shard 0/4	UNKNOWN STEP	2026-09-22T10:24:41.1918544Z Cache Size: ~19 MB (19685025 B)
Yosys shard 0/4	UNKNOWN STEP	2026-09-22T10:24:41.1950442Z [command]/usr/bin/tar -xf /home/runner/work/_temp/4ebe30a6-2e76-445e-974a-7f0e4033824f/cache.tzst -P -C /home/runner/work/milan-fpga/milan-fpga --use-compress-program unzstd
Yosys shard 0/4	UNKNOWN STEP	2026-09-22T10:24:41.3025780Z Cache restored successfully
Yosys shard 0/4	UNKNOWN STEP	2026-09-22T10:24:41.3112042Z Cache restored from key: yosys-v0.66-Linux
Yosys shard 0/4	UNKNOWN STEP	2026-09-22T10:24:41.3257347Z ##[group]Run set -euo pipefail
Yosys shard 0/4	UNKNOWN STEP	2026-09-22T10:24:41.3257679Z ^[[36;1mset -euo pipefail^[[0m
Yosys shard 0/4	UNKNOWN STEP	2026-09-22T10:24:41.3257945Z ^[[36;1msudo apt-get update -qq^[[0m
Yosys shard 0/4	UNKNOWN STEP	2026-09-22T10:24:41.3258323Z ^[[36;1msudo apt-get install -y --no-install-recommends libjemalloc2^[[0m
Yosys shard 0/4	UNKNOWN STEP	2026-09-22T10:24:41.3258830Z ^[[36;1msudo ln -sf /opt/yosys/bin/yosys /opt/yosys/bin/yosys-abc /usr/local/bin/^[[0m
Yosys shard 0/4	UNKNOWN STEP	2026-09-22T10:24:41.3259253Z ^[[36;1mtest -x /opt/yosys/bin/yosys-abc^[[0m
Yosys shard 0/4	UNKNOWN STEP	2026-09-22T10:24:41.3259576Z ^[[36;1mecho "bundled ABC: $(cat /opt/yosys/ABC_REV)"^[[0m
Yosys shard 0/4	UNKNOWN STEP	2026-09-22T10:24:41.3259881Z ^[[36;1myosys -V^[[0m
Yosys shard 0/4	UNKNOWN STEP	2026-09-22T10:24:41.3260127Z ^[[36;1myosys -V | grep -F "Yosys ${YOSYS_VERSION#v}"^[[0m
Yosys shard 0/4	UNKNOWN STEP	2026-09-22T10:24:41.3295984Z shell: /usr/bin/bash -e {0}
Yosys shard 0/4	UNKNOWN STEP	2026-09-22T10:24:41.3296250Z env:
Yosys shard 0/4	UNKNOWN STEP	2026-09-22T10:24:41.3296448Z   VERILATOR_VERSION: v5.050
Yosys shard 0/4	UNKNOWN STEP	2026-09-22T10:24:41.3296701Z   YOSYS_VERSION: v0.66
Yosys shard 0/4	UNKNOWN STEP	2026-09-22T10:24:41.3296974Z   TSN_GEN_REV: deca300c9eb4863fa13383b45ba6cb6fd0828671
Yosys shard 0/4	UNKNOWN STEP	2026-09-22T10:24:41.3297294Z ##[endgroup]
Yosys shard 0/4	UNKNOWN STEP	2026-09-22T10:24:46.7938644Z Reading package lists...
Yosys shard 0/4	UNKNOWN STEP	2026-09-22T10:24:46.9629791Z Building dependency tree...
Yosys shard 0/4	UNKNOWN STEP	2026-09-22T10:24:46.9637003Z Reading state information...
Yosys shard 0/4	UNKNOWN STEP	2026-09-22T10:24:47.1115158Z The following NEW packages will be installed:
Yosys shard 0/4	UNKNOWN STEP	2026-09-22T10:24:47.1119407Z   libjemalloc2
Yosys shard 0/4	UNKNOWN STEP	2026-09-22T10:24:47.1282364Z 0 upgraded, 1 newly installed, 0 to remove and 87 not upgraded.
Yosys shard 0/4	UNKNOWN STEP	2026-09-22T10:24:47.1283120Z Need to get 256 kB of archives.
Yosys shard 0/4	UNKNOWN STEP	2026-09-22T10:24:47.1283487Z After this operation, 859 kB of additional disk space will be used.
Yosys shard 0/4	UNKNOWN STEP	2026-09-22T10:24:47.1284277Z Get:1 file:/etc/apt/apt-mirrors.txt Mirrorlist [144 B]
Yosys shard 0/4	UNKNOWN STEP	2026-09-22T10:24:47.1611828Z Get:2 http://azure.archive.ubuntu.com/ubuntu noble/universe amd64 libjemalloc2 amd64 5.3.0-2build1 [256 kB]
Yosys shard 0/4	UNKNOWN STEP	2026-09-22T10:24:47.4220252Z Fetched 256 kB in 0s (3849 kB/s)
Yosys shard 0/4	UNKNOWN STEP	2026-09-22T10:24:47.4441753Z Selecting previously unselected package libjemalloc2:amd64.
Yosys shard 0/4	UNKNOWN STEP	2026-09-22T10:24:47.4726025Z (Reading database ... 
Yosys shard 0/4	UNKNOWN STEP	2026-09-22T10:24:47.4726656Z (Reading database ... 5%
Yosys shard 0/4	UNKNOWN STEP	2026-09-22T10:24:47.4726959Z (Reading database ... 10%
Yosys shard 0/4	UNKNOWN STEP	2026-09-22T10:24:47.4727200Z (Reading database ... 15%
Yosys shard 0/4	UNKNOWN STEP	2026-09-22T10:24:47.4727427Z (Reading database ... 20%
Yosys shard 0/4	UNKNOWN STEP	2026-09-22T10:24:47.4727651Z (Reading database ... 25%
Yosys shard 0/4	UNKNOWN STEP	2026-09-22T10:24:47.4727866Z (Reading database ... 30%
Yosys shard 0/4	UNKNOWN STEP	2026-09-22T10:24:47.4728174Z (Reading database ... 35%
Yosys shard 0/4	UNKNOWN STEP	2026-09-22T10:24:47.4728567Z (Reading database ... 40%
Yosys shard 0/4	UNKNOWN STEP	2026-09-22T10:24:47.4728995Z (Reading database ... 45%
Yosys shard 0/4	UNKNOWN STEP	2026-09-22T10:24:47.4729426Z (Reading database ... 50%
Yosys shard 0/4	UNKNOWN STEP	2026-09-22T10:24:47.4785112Z (Reading database ... 55%
Yosys shard 0/4	UNKNOWN STEP	2026-09-22T10:24:47.6018462Z (Reading database ... 60%
Yosys shard 0/4	UNKNOWN STEP	2026-09-22T10:24:47.7925990Z (Reading database ... 65%
Yosys shard 0/4	UNKNOWN STEP	2026-09-22T10:24:47.9447348Z (Reading database ... 70%
Yosys shard 0/4	UNKNOWN STEP	2026-09-22T10:24:48.1393053Z (Reading database ... 75%
Yosys shard 0/4	UNKNOWN STEP	2026-09-22T10:24:48.3576120Z (Reading database ... 80%
Yosys shard 0/4	UNKNOWN STEP	2026-09-22T10:24:48.5314284Z (Reading database ... 85%
Yosys shard 0/4	UNKNOWN STEP	2026-09-22T10:24:48.7381417Z (Reading database ... 90%
Yosys shard 0/4	UNKNOWN STEP	2026-09-22T10:24:48.9498688Z (Reading database ... 95%
Yosys shard 0/4	UNKNOWN STEP	2026-09-22T10:24:48.9499334Z (Reading database ... 100%
Yosys shard 0/4	UNKNOWN STEP	2026-09-22T10:24:48.9499933Z (Reading database ... 201818 files and directories currently installed.)
Yosys shard 0/4	UNKNOWN STEP	2026-09-22T10:24:48.9542456Z Preparing to unpack .../libjemalloc2_5.3.0-2build1_amd64.deb ...
Yosys shard 0/4	UNKNOWN STEP	2026-09-22T10:24:48.9596792Z Unpacking libjemalloc2:amd64 (5.3.0-2build1) ...
Yosys shard 0/4	UNKNOWN STEP	2026-09-22T10:24:48.9999821Z Setting up libjemalloc2:amd64 (5.3.0-2build1) ...
Yosys shard 0/4	UNKNOWN STEP	2026-09-22T10:24:49.0040106Z Processing triggers for libc-bin (2.39-0ubuntu8.8) ...
Yosys shard 0/4	UNKNOWN STEP	2026-09-22T10:24:49.6789189Z 
Yosys shard 0/4	UNKNOWN STEP	2026-09-22T10:24:49.6789829Z Running kernel seems to be up-to-date.
Yosys shard 0/4	UNKNOWN STEP	2026-09-22T10:24:49.6790231Z 
Yosys shard 0/4	UNKNOWN STEP	2026-09-22T10:24:49.6790406Z No services need to be restarted.
Yosys shard 0/4	UNKNOWN STEP	2026-09-22T10:24:49.6790710Z 
Yosys shard 0/4	UNKNOWN STEP	2026-09-22T10:24:49.6790876Z No containers need to be restarted.
Yosys shard 0/4	UNKNOWN STEP	2026-09-22T10:24:49.6791236Z 
Yosys shard 0/4	UNKNOWN STEP	2026-09-22T10:24:49.6791726Z No user sessions are running outdated binaries.
Yosys shard 0/4	UNKNOWN STEP	2026-09-22T10:24:49.6792104Z 
Yosys shard 0/4	UNKNOWN STEP	2026-09-22T10:24:49.6792456Z No VM guests are running outdated hypervisor (qemu) binaries on this host.
Yosys shard 0/4	UNKNOWN STEP	2026-09-22T10:24:50.5509959Z bundled ABC: 5d51a5e420f5de493d07bf61109a977248c86ffb
Yosys shard 0/4	UNKNOWN STEP	2026-09-22T10:24:50.5536947Z Yosys 0.66 (git sha1 86f2ddebc, g++ 13.3.0-6ubuntu2~24.04.1 -fPIC -O3)
Yosys shard 0/4	UNKNOWN STEP	2026-09-22T10:24:50.5576925Z Yosys 0.66 (git sha1 86f2ddebc, g++ 13.3.0-6ubuntu2~24.04.1 -fPIC -O3)
Yosys shard 0/4	UNKNOWN STEP	2026-09-22T10:24:50.5610865Z ##[group]Run set -euo pipefail
Yosys shard 0/4	UNKNOWN STEP	2026-09-22T10:24:50.5611209Z ^[[36;1mset -euo pipefail^[[0m
Yosys shard 0/4	UNKNOWN STEP	2026-09-22T10:24:50.5611727Z ^[[36;1mver=v0.0.12^[[0m
Yosys shard 0/4	UNKNOWN STEP	2026-09-22T10:24:50.5612186Z ^[[36;1msha256=ff8c9eea5bc029b372fb4953427625cddb7cf7e58c1240623ac9f260818d5a00^[[0m
Yosys shard 0/4	UNKNOWN STEP	2026-09-22T10:24:50.5612775Z ^[[36;1murl="https://github.com/zachjs/sv2v/releases/download/${ver}/sv2v-Linux.zip"^[[0m
Yosys shard 0/4	UNKNOWN STEP	2026-09-22T10:24:50.5613256Z ^[[36;1mcurl -fsSL "$url" -o /tmp/sv2v.zip^[[0m
Yosys shard 0/4	UNKNOWN STEP	2026-09-22T10:24:50.5613627Z ^[[36;1mecho "${sha256}  /tmp/sv2v.zip" | sha256sum -c -^[[0m
Yosys shard 0/4	UNKNOWN STEP	2026-09-22T10:24:50.5614002Z ^[[36;1munzip -q -o /tmp/sv2v.zip -d /tmp/sv2v^[[0m
Yosys shard 0/4	UNKNOWN STEP	2026-09-22T10:24:50.5614405Z ^[[36;1msudo install -m755 "$(find /tmp/sv2v -name sv2v -type f | head -1)" \^[[0m
Yosys shard 0/4	UNKNOWN STEP	2026-09-22T10:24:50.5614788Z ^[[36;1m  /usr/local/bin/sv2v^[[0m
Yosys shard 0/4	UNKNOWN STEP	2026-09-22T10:24:50.5615039Z ^[[36;1msv2v --version^[[0m
Yosys shard 0/4	UNKNOWN STEP	2026-09-22T10:24:50.5652017Z shell: /usr/bin/bash -e {0}
Yosys shard 0/4	UNKNOWN STEP	2026-09-22T10:24:50.5652286Z env:
Yosys shard 0/4	UNKNOWN STEP	2026-09-22T10:24:50.5652487Z   VERILATOR_VERSION: v5.050
Yosys shard 0/4	UNKNOWN STEP	2026-09-22T10:24:50.5652786Z   YOSYS_VERSION: v0.66
Yosys shard 0/4	UNKNOWN STEP	2026-09-22T10:24:50.5653066Z   TSN_GEN_REV: deca300c9eb4863fa13383b45ba6cb6fd0828671
Yosys shard 0/4	UNKNOWN STEP	2026-09-22T10:24:50.5653383Z ##[endgroup]
Yosys shard 0/4	UNKNOWN STEP	2026-09-22T10:24:50.7473575Z /tmp/sv2v.zip: OK
Yosys shard 0/4	UNKNOWN STEP	2026-09-22T10:24:50.8444759Z sv2v v0.0.12
Yosys shard 0/4	UNKNOWN STEP	2026-09-22T10:24:50.8620950Z Node 20 is being deprecated. This workflow is running with Node 24 by default. If you need to temporarily use Node 20, you can set the ACTIONS_ALLOW_USE_UNSECURE_NODE_VERSION=true environment variable. For more information see: https://github.blog/changelog/2025-09-19-deprecation-of-node-20-on-github-actions-runners/
Yosys shard 0/4	UNKNOWN STEP	2026-09-22T10:24:50.8623995Z ##[group]Run actions/cache@v4
Yosys shard 0/4	UNKNOWN STEP	2026-09-22T10:24:50.8624389Z with:
Yosys shard 0/4	UNKNOWN STEP	2026-09-22T10:24:50.8624763Z   path: /home/runner/work/_temp/yosys-result-cache
Yosys shard 0/4	UNKNOWN STEP	2026-09-22T10:24:50.8625504Z   key: yosys-results-v0.66-shard0-ec34fcdee0ca9ffa63564a9af8ad70a3a618de29
Yosys shard 0/4	UNKNOWN STEP	2026-09-22T10:24:50.8626239Z   restore-keys: yosys-results-v0.66-shard0-
Yosys shard 0/4	UNKNOWN STEP	2026-09-22T10:24:50.8626735Z   enableCrossOsArchive: false
Yosys shard 0/4	UNKNOWN STEP	2026-09-22T10:24:50.8627150Z   fail-on-cache-miss: false
Yosys shard 0/4	UNKNOWN STEP	2026-09-22T10:24:50.8627537Z   lookup-only: false
Yosys shard 0/4	UNKNOWN STEP	2026-09-22T10:24:50.8627893Z   save-always: false
Yosys shard 0/4	UNKNOWN STEP	2026-09-22T10:24:50.8628294Z env:
Yosys shard 0/4	UNKNOWN STEP	2026-09-22T10:24:50.8628699Z   VERILATOR_VERSION: v5.050
Yosys shard 0/4	UNKNOWN STEP	2026-09-22T10:24:50.8629109Z   YOSYS_VERSION: v0.66
Yosys shard 0/4	UNKNOWN STEP	2026-09-22T10:24:50.8629424Z   TSN_GEN_REV: deca300c9eb4863fa13383b45ba6cb6fd0828671
Yosys shard 0/4	UNKNOWN STEP	2026-09-22T10:24:50.8629808Z ##[endgroup]
Yosys shard 0/4	UNKNOWN STEP	2026-09-22T10:24:50.9675138Z (node:2856) [DEP0040] DeprecationWarning: The `punycode` module is deprecated. Please use a userland alternative instead.
Yosys shard 0/4	UNKNOWN STEP	2026-09-22T10:24:50.9676343Z (Use `node --trace-deprecation ...` to show where the warning was created)
Yosys shard 0/4	UNKNOWN STEP	2026-09-22T10:24:51.0456429Z Cache hit for restore-key: yosys-results-v0.66-shard0-b17580b91deb11f3441dfc5d7f9fafe539d929b8
Yosys shard 0/4	UNKNOWN STEP	2026-09-22T10:24:51.0591873Z (node:2856) [DEP0169] DeprecationWarning: `url.parse()` behavior is not standardized and prone to errors that have security implications. Use the WHATWG URL API instead. CVEs are not issued for `url.parse()` vulnerabilities.
Yosys shard 0/4	UNKNOWN STEP	2026-09-22T10:24:51.1228465Z Received 29284 of 29284 (100.0%), 1.3 MBs/sec
Yosys shard 0/4	UNKNOWN STEP	2026-09-22T10:24:51.1229385Z Cache Size: ~0 MB (29284 B)
Yosys shard 0/4	UNKNOWN STEP	2026-09-22T10:24:51.1256582Z [command]/usr/bin/tar -xf /home/runner/work/_temp/13c60379-b86d-4ca9-a12c-9cbf1968e83d/cache.tzst -P -C /home/runner/work/milan-fpga/milan-fpga --use-compress-program unzstd
Yosys shard 0/4	UNKNOWN STEP	2026-09-22T10:24:51.1349134Z Cache restored successfully
Yosys shard 0/4	UNKNOWN STEP	2026-09-22T10:24:51.1426146Z Cache restored from key: yosys-results-v0.66-shard0-b17580b91deb11f3441dfc5d7f9fafe539d929b8
Yosys shard 0/4	UNKNOWN STEP	2026-09-22T10:24:51.1516542Z ##[group]Run syn/yosys/run.sh --shard "0/4" \
Yosys shard 0/4	UNKNOWN STEP	2026-09-22T10:24:51.1516919Z ^[[36;1msyn/yosys/run.sh --shard "0/4" \^[[0m
Yosys shard 0/4	UNKNOWN STEP	2026-09-22T10:24:51.1517261Z ^[[36;1m  --results "$RUNNER_TEMP/yosys-results" \^[[0m
Yosys shard 0/4	UNKNOWN STEP	2026-09-22T10:24:51.1517626Z ^[[36;1m  --cache "$RUNNER_TEMP/yosys-result-cache"^[[0m
Yosys shard 0/4	UNKNOWN STEP	2026-09-22T10:24:51.1553330Z shell: /usr/bin/bash -e {0}
Yosys shard 0/4	UNKNOWN STEP	2026-09-22T10:24:51.1553630Z env:
Yosys shard 0/4	UNKNOWN STEP	2026-09-22T10:24:51.1553864Z   VERILATOR_VERSION: v5.050
Yosys shard 0/4	UNKNOWN STEP	2026-09-22T10:24:51.1554145Z   YOSYS_VERSION: v0.66
Yosys shard 0/4	UNKNOWN STEP	2026-09-22T10:24:51.1554445Z   TSN_GEN_REV: deca300c9eb4863fa13383b45ba6cb6fd0828671
Yosys shard 0/4	UNKNOWN STEP	2026-09-22T10:24:51.1554825Z ##[endgroup]
Yosys shard 0/4	UNKNOWN STEP	2026-09-22T10:24:51.5481697Z == Yosys open-synthesis check (synth, via sv2v; shard 0/4) ==
Yosys shard 0/4	UNKNOWN STEP	2026-09-22T10:24:51.5482501Z    yosys allocator: /lib/x86_64-linux-gnu/libjemalloc.so.2
Yosys shard 0/4	UNKNOWN STEP	2026-09-22T10:24:59.6179533Z   [PASS] milan_datapath         cells=1631301  (result cache)
Yosys shard 0/4	UNKNOWN STEP	2026-09-22T10:24:59.6199667Z --------------------------------------------------------------
Yosys shard 0/4	UNKNOWN STEP	2026-09-22T10:24:59.6200865Z tops: 1   pass: 1   fail: 0
Yosys shard 0/4	UNKNOWN STEP	2026-09-22T10:24:59.6207082Z RESULT: PASS
Yosys shard 0/4	UNKNOWN STEP	2026-09-22T10:24:59.6249329Z == milan_datapath tied-off input inventory (gate) ==
Yosys shard 0/4	UNKNOWN STEP	2026-09-22T10:24:59.6497590Z   [tied]    i_m_axis_mac_tx_tready=0  (stub default; a real attach site drives it)
Yosys shard 0/4	UNKNOWN STEP	2026-09-22T10:24:59.6616991Z   [tied]    i_s_axis_mac_rx_tdata=0  (stub default; a real attach site drives it)
Yosys shard 0/4	UNKNOWN STEP	2026-09-22T10:24:59.6738403Z   [tied]    i_s_axis_mac_rx_tkeep=0  (stub default; a real attach site drives it)
Yosys shard 0/4	UNKNOWN STEP	2026-09-22T10:24:59.6860229Z   [tied]    i_s_axis_mac_rx_tvalid=0  (stub default; a real attach site drives it)
Yosys shard 0/4	UNKNOWN STEP	2026-09-22T10:24:59.6980868Z   [tied]    i_s_axis_mac_rx_tlast=0  (stub default; a real attach site drives it)
Yosys shard 0/4	UNKNOWN STEP	2026-09-22T10:24:59.7101330Z   [tied]    i_i_mac_speed=0b10  (stub default; a real attach site drives it)
Yosys shard 0/4	UNKNOWN STEP	2026-09-22T10:24:59.7223519Z   [tied]    i_i_link_up=1  (stub default; a real attach site drives it)
Yosys shard 0/4	UNKNOWN STEP	2026-09-22T10:24:59.7344505Z   [tied]    i_i_full_duplex=1  (stub default; a real attach site drives it)
Yosys shard 0/4	UNKNOWN STEP	2026-09-22T10:24:59.7504095Z   [tied]    i_i_mac_events=0  (stub default; a real attach site drives it)
Yosys shard 0/4	UNKNOWN STEP	2026-09-22T10:24:59.7626936Z   [tied]    i_i_mac_events_cap=0  (stub default; a real attach site drives it)
Yosys shard 0/4	UNKNOWN STEP	2026-09-22T10:24:59.7748642Z   [tied]    i_i_ethrx_tgl=0  (stub default; a real attach site drives it)
Yosys shard 0/4	UNKNOWN STEP	2026-09-22T10:24:59.7871983Z   [tied]    i_i_ethtx_tgl=0  (stub default; a real attach site drives it)
Yosys shard 0/4	UNKNOWN STEP	2026-09-22T10:24:59.7994279Z   [tied]    i_i_ethact_tgl=0  (stub default; a real attach site drives it)
Yosys shard 0/4	UNKNOWN STEP	2026-09-22T10:24:59.8115391Z   [tied]    i_i_gptp_txrec_valid=0  (stub default; a real attach site drives it)
Yosys shard 0/4	UNKNOWN STEP	2026-09-22T10:24:59.8237972Z   [tied]    i_i_gptp_txrec_kind=0  (stub default; a real attach site drives it)
Yosys shard 0/4	UNKNOWN STEP	2026-09-22T10:24:59.8357478Z   [tied]    i_i_gptp_txrec_oidx=0  (stub default; a real attach site drives it)
Yosys shard 0/4	UNKNOWN STEP	2026-09-22T10:24:59.8479360Z   [tied]    i_i_gptp_txrec_gen=0  (stub default; a real attach site drives it)
Yosys shard 0/4	UNKNOWN STEP	2026-09-22T10:24:59.8600709Z   [tied]    i_i_gptp_txrec_type=0  (stub default; a real attach site drives it)
Yosys shard 0/4	UNKNOWN STEP	2026-09-22T10:24:59.8725258Z   [tied]    i_i_gptp_txrec_seq=0  (stub default; a real attach site drives it)
Yosys shard 0/4	UNKNOWN STEP	2026-09-22T10:24:59.8847026Z   [tied]    i_i_gptp_txrec_delta=0  (stub default; a real attach site drives it)
Yosys shard 0/4	UNKNOWN STEP	2026-09-22T10:24:59.8968935Z   [tied]    i_i_gptp_txrec_abort=0  (stub default; a real attach site drives it)
Yosys shard 0/4	UNKNOWN STEP	2026-09-22T10:24:59.9089107Z   [tied]    i_i_gptp_txseal_ack=0  (stub default; a real attach site drives it)
Yosys shard 0/4	UNKNOWN STEP	2026-09-22T10:24:59.9182792Z   [expected] i_tdm_bclk_i=0
Yosys shard 0/4	UNKNOWN STEP	2026-09-22T10:24:59.9183996Z             why:       no TDM header exists on either board, so there are no pins to wire; a platform extension drives it via extra_ports when one lands
Yosys shard 0/4	UNKNOWN STEP	2026-09-22T10:24:59.9207741Z             recorded:  sw/litex/milan_soc.py, the 'TDM bus (item-4 front-end family)' comment in the add_milan_datapath ports dict
Yosys shard 0/4	UNKNOWN STEP	2026-09-22T10:24:59.9301742Z   [expected] i_tdm_fsync_i=0
Yosys shard 0/4	UNKNOWN STEP	2026-09-22T10:24:59.9303407Z             why:       no TDM header exists on either board, so there are no pins to wire; a platform extension drives it via extra_ports when one lands
Yosys shard 0/4	UNKNOWN STEP	2026-09-22T10:24:59.9326115Z             recorded:  sw/litex/milan_soc.py, the 'TDM bus (item-4 front-end family)' comment in the add_milan_datapath ports dict
Yosys shard 0/4	UNKNOWN STEP	2026-09-22T10:24:59.9449367Z   [tied]    i_tdm_data_i=0  (stub default; a real attach site drives it)
Yosys shard 0/4	UNKNOWN STEP	2026-09-22T10:24:59.9573078Z   [tied]    i_i_mmcm_drp_do=0  (stub default; a real attach site drives it)
Yosys shard 0/4	UNKNOWN STEP	2026-09-22T10:24:59.9695613Z   [tied]    i_i_mmcm_drp_rdy=0  (stub default; a real attach site drives it)
Yosys shard 0/4	UNKNOWN STEP	2026-09-22T10:24:59.9816325Z   [tied]    i_i_mmcm_locked=1  (stub default; a real attach site drives it)
Yosys shard 0/4	UNKNOWN STEP	2026-09-22T10:24:59.9937564Z   [tied]    i_i_mmcm_ps_done=0  (stub default; a real attach site drives it)
Yosys shard 0/4	UNKNOWN STEP	2026-09-22T10:24:59.9984128Z --------------------------------------------------------------
Yosys shard 0/4	UNKNOWN STEP	2026-09-22T10:24:59.9984838Z tied inputs: 29   justified: 2   UNJUSTIFIED: 0   stale: 0
Yosys shard 0/4	UNKNOWN STEP	2026-09-22T10:24:59.9985657Z TIED-INPUT GATE: PASS (2 justified tie(s), no unjustified ones)
Yosys shard 0/4	UNKNOWN STEP	2026-09-22T10:25:00.0073561Z == observer-purity structural check (taps/telemetry never drive streams) ==
Yosys shard 0/4	UNKNOWN STEP	2026-09-22T10:25:00.0384979Z   negative self-test: checker flags the broken fixture (2 violations) - OK
Yosys shard 0/4	UNKNOWN STEP	2026-09-22T10:25:00.0707808Z   negative self-test: checker flags the broken MAC-site fixture (3 violations) - OK
Yosys shard 0/4	UNKNOWN STEP	2026-09-22T10:25:01.2737783Z --------------------------------------------------------------
Yosys shard 0/4	UNKNOWN STEP	2026-09-22T10:25:01.2738773Z pure observers: 4 file(s)   tap readers: 4 file(s)   MAC-site observers: 1 file(s)
Yosys shard 0/4	UNKNOWN STEP	2026-09-22T10:25:01.2739877Z stream-net bindings checked: 28 (rx_axis_fabric: 15, MAC transmit stream: 2)   violations: 0
Yosys shard 0/4	UNKNOWN STEP	2026-09-22T10:25:01.2743640Z TAP-PURITY RESULT: PASS
Yosys shard 0/4	UNKNOWN STEP	2026-09-22T10:25:01.2847978Z Node 20 is being deprecated. This workflow is running with Node 24 by default. If you need to temporarily use Node 20, you can set the ACTIONS_ALLOW_USE_UNSECURE_NODE_VERSION=true environment variable. For more information see: https://github.blog/changelog/2025-09-19-deprecation-of-node-20-on-github-actions-runners/
Yosys shard 0/4	UNKNOWN STEP	2026-09-22T10:25:01.2849315Z ##[group]Run actions/upload-artifact@v4
Yosys shard 0/4	UNKNOWN STEP	2026-09-22T10:25:01.2849592Z with:
Yosys shard 0/4	UNKNOWN STEP	2026-09-22T10:25:01.2849801Z   name: yosys-results-0
Yosys shard 0/4	UNKNOWN STEP	2026-09-22T10:25:01.2850060Z   path: /home/runner/work/_temp/yosys-results
Yosys shard 0/4	UNKNOWN STEP	2026-09-22T10:25:01.2850364Z   if-no-files-found: error
Yosys shard 0/4	UNKNOWN STEP	2026-09-22T10:25:01.2850603Z   retention-days: 3
Yosys shard 0/4	UNKNOWN STEP	2026-09-22T10:25:01.2850814Z   compression-level: 6
Yosys shard 0/4	UNKNOWN STEP	2026-09-22T10:25:01.2851038Z   overwrite: false
Yosys shard 0/4	UNKNOWN STEP	2026-09-22T10:25:01.2851285Z   include-hidden-files: false
Yosys shard 0/4	UNKNOWN STEP	2026-09-22T10:25:01.2852317Z env:
Yosys shard 0/4	UNKNOWN STEP	2026-09-22T10:25:01.2852544Z   VERILATOR_VERSION: v5.050
Yosys shard 0/4	UNKNOWN STEP	2026-09-22T10:25:01.2852802Z   YOSYS_VERSION: v0.66
Yosys shard 0/4	UNKNOWN STEP	2026-09-22T10:25:01.2853128Z   TSN_GEN_REV: deca300c9eb4863fa13383b45ba6cb6fd0828671
Yosys shard 0/4	UNKNOWN STEP	2026-09-22T10:25:01.2853452Z ##[endgroup]
Yosys shard 0/4	UNKNOWN STEP	2026-09-22T10:25:01.4565685Z (node:4780) [DEP0040] DeprecationWarning: The `punycode` module is deprecated. Please use a userland alternative instead.
Yosys shard 0/4	UNKNOWN STEP	2026-09-22T10:25:01.4566850Z (Use `node --trace-deprecation ...` to show where the warning was created)
Yosys shard 0/4	UNKNOWN STEP	2026-09-22T10:25:01.4661699Z With the provided path, there will be 4 files uploaded
Yosys shard 0/4	UNKNOWN STEP	2026-09-22T10:25:01.4662564Z Artifact name is valid!
Yosys shard 0/4	UNKNOWN STEP	2026-09-22T10:25:01.4662816Z Root directory input is valid!
Yosys shard 0/4	UNKNOWN STEP	2026-09-22T10:25:01.6655285Z Beginning upload of artifact content to blob storage
Yosys shard 0/4	UNKNOWN STEP	2026-09-22T10:25:01.6893118Z (node:4780) [DEP0169] DeprecationWarning: `url.parse()` behavior is not standardized and prone to errors that have security implications. Use the WHATWG URL API instead. CVEs are not issued for `url.parse()` vulnerabilities.
Yosys shard 0/4	UNKNOWN STEP	2026-09-22T10:25:01.7219434Z Uploaded bytes 765
Yosys shard 0/4	UNKNOWN STEP	2026-09-22T10:25:01.7375861Z Finished uploading artifact content to blob storage!
Yosys shard 0/4	UNKNOWN STEP	2026-09-22T10:25:01.7377162Z SHA256 digest of uploaded artifact zip is d127448a347fcab564435d45f2650083cb10eccf9752089659558d3bf4fa0db3
Yosys shard 0/4	UNKNOWN STEP	2026-09-22T10:25:01.7378136Z Finalizing artifact upload
Yosys shard 0/4	UNKNOWN STEP	2026-09-22T10:25:01.9386930Z Artifact yosys-results-0.zip successfully finalized. Artifact ID 10688949594
Yosys shard 0/4	UNKNOWN STEP	2026-09-22T10:25:01.9388367Z Artifact yosys-results-0 has been successfully uploaded! Final size is 765 bytes. Artifact ID is 10688949594
Yosys shard 0/4	UNKNOWN STEP	2026-09-22T10:25:01.9395570Z Artifact download URL: https://github.com/kebag-logic/milan-fpga/actions/runs/35715778753/artifacts/10688949594
Yosys shard 0/4	UNKNOWN STEP	2026-09-22T10:25:01.9562744Z Node 20 is being deprecated. This workflow is running with Node 24 by default. If you need to temporarily use Node 20, you can set the ACTIONS_ALLOW_USE_UNSECURE_NODE_VERSION=true environment variable. For more information see: https://github.blog/changelog/2025-09-19-deprecation-of-node-20-on-github-actions-runners/
Yosys shard 0/4	UNKNOWN STEP	2026-09-22T10:25:01.9564055Z Post job cleanup.
Yosys shard 0/4	UNKNOWN STEP	2026-09-22T10:25:02.0746325Z (node:4795) [DEP0040] DeprecationWarning: The `punycode` module is deprecated. Please use a userland alternative instead.
Yosys shard 0/4	UNKNOWN STEP	2026-09-22T10:25:02.0747695Z (Use `node --trace-deprecation ...` to show where the warning was created)
Yosys shard 0/4	UNKNOWN STEP	2026-09-22T10:25:02.0922484Z [command]/usr/bin/tar --posix -cf cache.tzst --exclude cache.tzst -P -C /home/runner/work/milan-fpga/milan-fpga --files-from manifest.txt --use-compress-program zstdmt
Yosys shard 0/4	UNKNOWN STEP	2026-09-22T10:25:02.1700354Z (node:4795) [DEP0169] DeprecationWarning: `url.parse()` behavior is not standardized and prone to errors that have security implications. Use the WHATWG URL API instead. CVEs are not issued for `url.parse()` vulnerabilities.
Yosys shard 0/4	UNKNOWN STEP	2026-09-22T10:25:02.2252813Z Sent 29293 of 29293 (100.0%), 0.4 MBs/sec
Yosys shard 0/4	UNKNOWN STEP	2026-09-22T10:25:02.2913121Z Cache saved with key: yosys-results-v0.66-shard0-ec34fcdee0ca9ffa63564a9af8ad70a3a618de29
Yosys shard 0/4	UNKNOWN STEP	2026-09-22T10:25:02.3023147Z Node 20 is being deprecated. This workflow is running with Node 24 by default. If you need to temporarily use Node 20, you can set the ACTIONS_ALLOW_USE_UNSECURE_NODE_VERSION=true environment variable. For more information see: https://github.blog/changelog/2025-09-19-deprecation-of-node-20-on-github-actions-runners/
Yosys shard 0/4	UNKNOWN STEP	2026-09-22T10:25:02.3024549Z Post job cleanup.
Yosys shard 0/4	UNKNOWN STEP	2026-09-22T10:25:02.4158282Z Cache hit occurred on the primary key yosys-v0.66-Linux, not saving cache.
Yosys shard 0/4	UNKNOWN STEP	2026-09-22T10:25:02.4160025Z (node:4815) [DEP0040] DeprecationWarning: The `punycode` module is deprecated. Please use a userland alternative instead.
Yosys shard 0/4	UNKNOWN STEP	2026-09-22T10:25:02.4161286Z (Use `node --trace-deprecation ...` to show where the warning was created)
Yosys shard 0/4	UNKNOWN STEP	2026-09-22T10:25:02.4291249Z Node 20 is being deprecated. This workflow is running with Node 24 by default. If you need to temporarily use Node 20, you can set the ACTIONS_ALLOW_USE_UNSECURE_NODE_VERSION=true environment variable. For more information see: https://github.blog/changelog/2025-09-19-deprecation-of-node-20-on-github-actions-runners/
Yosys shard 0/4	UNKNOWN STEP	2026-09-22T10:25:02.4292898Z Post job cleanup.
Yosys shard 0/4	UNKNOWN STEP	2026-09-22T10:25:02.5144929Z [command]/usr/bin/git version
Yosys shard 0/4	UNKNOWN STEP	2026-09-22T10:25:02.5189622Z git version 2.55.0
Yosys shard 0/4	UNKNOWN STEP	2026-09-22T10:25:02.5233576Z Temporarily overriding HOME='/home/runner/work/_temp/f3f3c034-b88e-41eb-aaf1-9b3bd5ef27c3' before making global git config changes
Yosys shard 0/4	UNKNOWN STEP	2026-09-22T10:25:02.5235032Z Adding repository directory to the temporary git global config as a safe directory
Yosys shard 0/4	UNKNOWN STEP	2026-09-22T10:25:02.5241494Z [command]/usr/bin/git config --global --add safe.directory /home/runner/work/milan-fpga/milan-fpga
Yosys shard 0/4	UNKNOWN STEP	2026-09-22T10:25:02.5284177Z [command]/usr/bin/git config --local --name-only --get-regexp core\.sshCommand
Yosys shard 0/4	UNKNOWN STEP	2026-09-22T10:25:02.5323392Z [command]/usr/bin/git submodule foreach --recursive sh -c "git config --local --name-only --get-regexp 'core\.sshCommand' && git config --local --unset-all 'core.sshCommand' || :"
Yosys shard 0/4	UNKNOWN STEP	2026-09-22T10:25:02.5563387Z Entering 'gptp-processor'
Yosys shard 0/4	UNKNOWN STEP	2026-09-22T10:25:02.5615194Z Entering 'protocol-processor'
Yosys shard 0/4	UNKNOWN STEP	2026-09-22T10:25:02.5662553Z Entering 'third_party/verilog-axis'
Yosys shard 0/4	UNKNOWN STEP	2026-09-22T10:25:02.5762334Z [command]/usr/bin/git config --local --name-only --get-regexp http\.https\:\/\/github\.com\/\.extraheader
Yosys shard 0/4	UNKNOWN STEP	2026-09-22T10:25:02.5789899Z http.https://github.com/.extraheader
Yosys shard 0/4	UNKNOWN STEP	2026-09-22T10:25:02.5812810Z [command]/usr/bin/git config --local --unset-all http.https://github.com/.extraheader
Yosys shard 0/4	UNKNOWN STEP	2026-09-22T10:25:02.5857543Z [command]/usr/bin/git submodule foreach --recursive sh -c "git config --local --name-only --get-regexp 'http\.https\:\/\/github\.com\/\.extraheader' && git config --local --unset-all 'http.https://github.com/.extraheader' || :"
Yosys shard 0/4	UNKNOWN STEP	2026-09-22T10:25:02.6107547Z Entering 'gptp-processor'
Yosys shard 0/4	UNKNOWN STEP	2026-09-22T10:25:02.6153818Z Entering 'protocol-processor'
Yosys shard 0/4	UNKNOWN STEP	2026-09-22T10:25:02.6210124Z Entering 'third_party/verilog-axis'
Yosys shard 0/4	UNKNOWN STEP	2026-09-22T10:25:02.6276820Z [command]/usr/bin/git config --local --name-only --get-regexp ^includeIf\.gitdir:
Yosys shard 0/4	UNKNOWN STEP	2026-09-22T10:25:02.6321884Z [command]/usr/bin/git submodule foreach --recursive git config --local --show-origin --name-only --get-regexp remote.origin.url
Yosys shard 0/4	UNKNOWN STEP	2026-09-22T10:25:02.6542205Z Entering 'gptp-processor'
Yosys shard 0/4	UNKNOWN STEP	2026-09-22T10:25:02.6563015Z file:/home/runner/work/milan-fpga/milan-fpga/.git/modules/gptp-processor/config	remote.origin.url
Yosys shard 0/4	UNKNOWN STEP	2026-09-22T10:25:02.6582567Z Entering 'protocol-processor'
Yosys shard 0/4	UNKNOWN STEP	2026-09-22T10:25:02.6600648Z file:/home/runner/work/milan-fpga/milan-fpga/.git/modules/protocol-processor/config	remote.origin.url
Yosys shard 0/4	UNKNOWN STEP	2026-09-22T10:25:02.6619370Z Entering 'third_party/verilog-axis'
Yosys shard 0/4	UNKNOWN STEP	2026-09-22T10:25:02.6638529Z file:/home/runner/work/milan-fpga/milan-fpga/.git/modules/third_party/verilog-axis/config	remote.origin.url
Yosys shard 0/4	UNKNOWN STEP	2026-09-22T10:25:02.6675324Z [command]/usr/bin/git config --file /home/runner/work/milan-fpga/milan-fpga/.git/modules/gptp-processor/config --name-only --get-regexp ^includeIf\.gitdir:
Yosys shard 0/4	UNKNOWN STEP	2026-09-22T10:25:02.6716266Z [command]/usr/bin/git config --file /home/runner/work/milan-fpga/milan-fpga/.git/modules/protocol-processor/config --name-only --get-regexp ^includeIf\.gitdir:
Yosys shard 0/4	UNKNOWN STEP	2026-09-22T10:25:02.6751688Z [command]/usr/bin/git config --file /home/runner/work/milan-fpga/milan-fpga/.git/modules/third_party/verilog-axis/config --name-only --get-regexp ^includeIf\.gitdir:
Yosys shard 0/4	UNKNOWN STEP	2026-09-22T10:25:02.6924697Z Cleaning up orphan processes
Yosys shard 0/4	UNKNOWN STEP	2026-09-22T10:25:02.7243577Z ##[warning]Node.js 20 is deprecated. The following actions target Node.js 20 but are being forced to run on Node.js 24: actions/cache@v4, actions/checkout@v4, actions/upload-artifact@v4. For more information see: https://github.blog/changelog/2025-09-19-deprecation-of-node-20-on-github-actions-runners/
verilator-suites	Set up job	﻿2026-09-22T10:47:31.3079224Z Current runner version: '2.337.0'
verilator-suites	Set up job	2026-09-22T10:47:31.3108458Z ##[group]Runner Image Provisioner
verilator-suites	Set up job	2026-09-22T10:47:31.3109509Z Hosted Compute Agent
verilator-suites	Set up job	2026-09-22T10:47:31.3110141Z Version: 20260828.587
verilator-suites	Set up job	2026-09-22T10:47:31.3110845Z Commit: abac92662cab4cc7352de4f9f9d2e2419aad9c29
verilator-suites	Set up job	2026-09-22T10:47:31.3111595Z Build Date: 2026-08-28T16:44:25Z
verilator-suites	Set up job	2026-09-22T10:47:31.3112268Z Worker ID: {a3885227-7bee-46ed-a687-30cf6b14b8cc}
verilator-suites	Set up job	2026-09-22T10:47:31.3113048Z Azure Region: eastus
verilator-suites	Set up job	2026-09-22T10:47:31.3113637Z ##[endgroup]
verilator-suites	Set up job	2026-09-22T10:47:31.3115504Z ##[group]Operating System
verilator-suites	Set up job	2026-09-22T10:47:31.3116205Z Ubuntu
verilator-suites	Set up job	2026-09-22T10:47:31.3116719Z 24.04.5
verilator-suites	Set up job	2026-09-22T10:47:31.3117366Z LTS
verilator-suites	Set up job	2026-09-22T10:47:31.3117924Z ##[endgroup]
verilator-suites	Set up job	2026-09-22T10:47:31.3118524Z ##[group]Runner Image
verilator-suites	Set up job	2026-09-22T10:47:31.3119128Z Image: ubuntu-24.04
verilator-suites	Set up job	2026-09-22T10:47:31.3119760Z Version: 20260907.300.1
verilator-suites	Set up job	2026-09-22T10:47:31.3120884Z Included Software: https://github.com/actions/runner-images/blob/ubuntu24/20260907.300/images/ubuntu/Ubuntu2404-Readme.md
verilator-suites	Set up job	2026-09-22T10:47:31.3122765Z Image Release: https://github.com/actions/runner-images/releases/tag/ubuntu24%2F20260907.300
verilator-suites	Set up job	2026-09-22T10:47:31.3123748Z ##[endgroup]
verilator-suites	Set up job	2026-09-22T10:47:31.3125202Z ##[group]GITHUB_TOKEN Permissions
verilator-suites	Set up job	2026-09-22T10:47:31.3127234Z Contents: read
verilator-suites	Set up job	2026-09-22T10:47:31.3127842Z Metadata: read
verilator-suites	Set up job	2026-09-22T10:47:31.3128468Z Packages: read
verilator-suites	Set up job	2026-09-22T10:47:31.3129009Z ##[endgroup]
verilator-suites	Set up job	2026-09-22T10:47:31.3131276Z Secret source: Actions
verilator-suites	Set up job	2026-09-22T10:47:31.3132328Z Cache mode: write
verilator-suites	Set up job	2026-09-22T10:47:31.3133143Z Prepare workflow directory
verilator-suites	Set up job	2026-09-22T10:47:31.3540984Z Prepare all required actions
verilator-suites	Set up job	2026-09-22T10:47:31.3591068Z Getting action download info
verilator-suites	Set up job	2026-09-22T10:47:31.5630849Z Download action repository 'actions/checkout@v4' (SHA:11d5960a326750d5838078e36cf38b85af677262)
verilator-suites	Set up job	2026-09-22T10:47:31.6716904Z Download action repository 'actions/download-artifact@v4' (SHA:d3f86a106a0bac45b974a628896c90dbdf5c8093)
verilator-suites	Set up job	2026-09-22T10:47:31.9603575Z Complete job name: verilator-suites
verilator-suites	Run actions/checkout@v4	﻿2026-09-22T10:47:32.0427000Z Node 20 is being deprecated. This workflow is running with Node 24 by default. If you need to temporarily use Node 20, you can set the ACTIONS_ALLOW_USE_UNSECURE_NODE_VERSION=true environment variable. For more information see: https://github.blog/changelog/2025-09-19-deprecation-of-node-20-on-github-actions-runners/
verilator-suites	Run actions/checkout@v4	2026-09-22T10:47:32.0436820Z ##[group]Run actions/checkout@v4
verilator-suites	Run actions/checkout@v4	2026-09-22T10:47:32.0437622Z with:
verilator-suites	Run actions/checkout@v4	2026-09-22T10:47:32.0438097Z   repository: kebag-logic/milan-fpga
verilator-suites	Run actions/checkout@v4	2026-09-22T10:47:32.0442071Z   token: ***
verilator-suites	Run actions/checkout@v4	2026-09-22T10:47:32.0442510Z   ssh-strict: true
verilator-suites	Run actions/checkout@v4	2026-09-22T10:47:32.0442949Z   ssh-user: git
verilator-suites	Run actions/checkout@v4	2026-09-22T10:47:32.0443402Z   persist-credentials: true
verilator-suites	Run actions/checkout@v4	2026-09-22T10:47:32.0443891Z   clean: true
verilator-suites	Run actions/checkout@v4	2026-09-22T10:47:32.0444345Z   sparse-checkout-cone-mode: true
verilator-suites	Run actions/checkout@v4	2026-09-22T10:47:32.0445187Z   fetch-depth: 1
verilator-suites	Run actions/checkout@v4	2026-09-22T10:47:32.0445647Z   fetch-tags: false
verilator-suites	Run actions/checkout@v4	2026-09-22T10:47:32.0446100Z   show-progress: true
verilator-suites	Run actions/checkout@v4	2026-09-22T10:47:32.0446564Z   lfs: false
verilator-suites	Run actions/checkout@v4	2026-09-22T10:47:32.0446976Z   submodules: false
verilator-suites	Run actions/checkout@v4	2026-09-22T10:47:32.0447507Z   set-safe-directory: true
verilator-suites	Run actions/checkout@v4	2026-09-22T10:47:32.0448019Z   allow-unsafe-pr-checkout: false
verilator-suites	Run actions/checkout@v4	2026-09-22T10:47:32.0448830Z env:
verilator-suites	Run actions/checkout@v4	2026-09-22T10:47:32.0449276Z   VERILATOR_VERSION: v5.050
verilator-suites	Run actions/checkout@v4	2026-09-22T10:47:32.0449788Z   YOSYS_VERSION: v0.66
verilator-suites	Run actions/checkout@v4	2026-09-22T10:47:32.0450343Z   TSN_GEN_REV: deca300c9eb4863fa13383b45ba6cb6fd0828671
verilator-suites	Run actions/checkout@v4	2026-09-22T10:47:32.0450991Z ##[endgroup]
verilator-suites	Run actions/checkout@v4	2026-09-22T10:47:32.1547932Z Syncing repository: kebag-logic/milan-fpga
verilator-suites	Run actions/checkout@v4	2026-09-22T10:47:32.1550947Z ##[group]Getting Git version info
verilator-suites	Run actions/checkout@v4	2026-09-22T10:47:32.1552103Z Working directory is '/home/runner/work/milan-fpga/milan-fpga'
verilator-suites	Run actions/checkout@v4	2026-09-22T10:47:32.1553697Z [command]/usr/bin/git version
verilator-suites	Run actions/checkout@v4	2026-09-22T10:47:32.1647633Z git version 2.55.0
verilator-suites	Run actions/checkout@v4	2026-09-22T10:47:32.1667995Z ##[endgroup]
verilator-suites	Run actions/checkout@v4	2026-09-22T10:47:32.1687061Z Temporarily overriding HOME='/home/runner/work/_temp/9ea2add7-0bac-480e-8a2f-58e350605f5c' before making global git config changes
verilator-suites	Run actions/checkout@v4	2026-09-22T10:47:32.1689875Z Adding repository directory to the temporary git global config as a safe directory
verilator-suites	Run actions/checkout@v4	2026-09-22T10:47:32.1692507Z [command]/usr/bin/git config --global --add safe.directory /home/runner/work/milan-fpga/milan-fpga
verilator-suites	Run actions/checkout@v4	2026-09-22T10:47:32.1752068Z Deleting the contents of '/home/runner/work/milan-fpga/milan-fpga'
verilator-suites	Run actions/checkout@v4	2026-09-22T10:47:32.1756744Z ##[group]Initializing the repository
verilator-suites	Run actions/checkout@v4	2026-09-22T10:47:32.1761203Z [command]/usr/bin/git init /home/runner/work/milan-fpga/milan-fpga
verilator-suites	Run actions/checkout@v4	2026-09-22T10:47:32.1888209Z hint: Using 'master' as the name for the initial branch. This default branch name
verilator-suites	Run actions/checkout@v4	2026-09-22T10:47:32.1890301Z hint: will change to "main" in Git 3.0. To configure the initial branch name
verilator-suites	Run actions/checkout@v4	2026-09-22T10:47:32.1891476Z hint: to use in all of your new repositories, which will suppress this warning,
verilator-suites	Run actions/checkout@v4	2026-09-22T10:47:32.1892381Z hint: call:
verilator-suites	Run actions/checkout@v4	2026-09-22T10:47:32.1892934Z hint:
verilator-suites	Run actions/checkout@v4	2026-09-22T10:47:32.1893998Z hint: 	git config --global init.defaultBranch <name>
verilator-suites	Run actions/checkout@v4	2026-09-22T10:47:32.1895648Z hint:
verilator-suites	Run actions/checkout@v4	2026-09-22T10:47:32.1896456Z hint: Names commonly chosen instead of 'master' are 'main', 'trunk' and
verilator-suites	Run actions/checkout@v4	2026-09-22T10:47:32.1897624Z hint: 'development'. The just-created branch can be renamed via this command:
verilator-suites	Run actions/checkout@v4	2026-09-22T10:47:32.1898509Z hint:
verilator-suites	Run actions/checkout@v4	2026-09-22T10:47:32.1899092Z hint: 	git branch -m <name>
verilator-suites	Run actions/checkout@v4	2026-09-22T10:47:32.1899724Z hint:
verilator-suites	Run actions/checkout@v4	2026-09-22T10:47:32.1900498Z hint: Disable this message with "git config set advice.defaultBranchName false"
verilator-suites	Run actions/checkout@v4	2026-09-22T10:47:32.1902103Z Initialized empty Git repository in /home/runner/work/milan-fpga/milan-fpga/.git/
verilator-suites	Run actions/checkout@v4	2026-09-22T10:47:32.1906592Z [command]/usr/bin/git remote add origin https://github.com/kebag-logic/milan-fpga
verilator-suites	Run actions/checkout@v4	2026-09-22T10:47:32.1962968Z ##[endgroup]
verilator-suites	Run actions/checkout@v4	2026-09-22T10:47:32.1963869Z ##[group]Disabling automatic garbage collection
verilator-suites	Run actions/checkout@v4	2026-09-22T10:47:32.1969073Z [command]/usr/bin/git config --local gc.auto 0
verilator-suites	Run actions/checkout@v4	2026-09-22T10:47:32.2010296Z ##[endgroup]
verilator-suites	Run actions/checkout@v4	2026-09-22T10:47:32.2011605Z ##[group]Setting up auth
verilator-suites	Run actions/checkout@v4	2026-09-22T10:47:32.2021604Z [command]/usr/bin/git config --local --name-only --get-regexp core\.sshCommand
verilator-suites	Run actions/checkout@v4	2026-09-22T10:47:32.2077239Z [command]/usr/bin/git submodule foreach --recursive sh -c "git config --local --name-only --get-regexp 'core\.sshCommand' && git config --local --unset-all 'core.sshCommand' || :"
verilator-suites	Run actions/checkout@v4	2026-09-22T10:47:32.2465096Z [command]/usr/bin/git config --local --name-only --get-regexp http\.https\:\/\/github\.com\/\.extraheader
verilator-suites	Run actions/checkout@v4	2026-09-22T10:47:32.2510558Z [command]/usr/bin/git submodule foreach --recursive sh -c "git config --local --name-only --get-regexp 'http\.https\:\/\/github\.com\/\.extraheader' && git config --local --unset-all 'http.https://github.com/.extraheader' || :"
verilator-suites	Run actions/checkout@v4	2026-09-22T10:47:32.2781025Z [command]/usr/bin/git config --local --name-only --get-regexp ^includeIf\.gitdir:
verilator-suites	Run actions/checkout@v4	2026-09-22T10:47:32.2826384Z [command]/usr/bin/git submodule foreach --recursive git config --local --show-origin --name-only --get-regexp remote.origin.url
verilator-suites	Run actions/checkout@v4	2026-09-22T10:47:32.3100158Z [command]/usr/bin/git config --local http.https://github.com/.extraheader AUTHORIZATION: basic ***
verilator-suites	Run actions/checkout@v4	2026-09-22T10:47:32.3154197Z ##[endgroup]
verilator-suites	Run actions/checkout@v4	2026-09-22T10:47:32.3155554Z ##[group]Fetching the repository
verilator-suites	Run actions/checkout@v4	2026-09-22T10:47:32.3171572Z [command]/usr/bin/git -c protocol.version=2 fetch --no-tags --prune --no-recurse-submodules --depth=1 origin +ec34fcdee0ca9ffa63564a9af8ad70a3a618de29:refs/remotes/origin/dev
verilator-suites	Run actions/checkout@v4	2026-09-22T10:47:33.3946238Z From https://github.com/kebag-logic/milan-fpga
verilator-suites	Run actions/checkout@v4	2026-09-22T10:47:33.3954060Z  * [new ref]         ec34fcdee0ca9ffa63564a9af8ad70a3a618de29 -> origin/dev
verilator-suites	Run actions/checkout@v4	2026-09-22T10:47:33.3956698Z ##[endgroup]
verilator-suites	Run actions/checkout@v4	2026-09-22T10:47:33.3957483Z ##[group]Determining the checkout info
verilator-suites	Run actions/checkout@v4	2026-09-22T10:47:33.3958238Z ##[endgroup]
verilator-suites	Run actions/checkout@v4	2026-09-22T10:47:33.3961520Z [command]/usr/bin/git sparse-checkout disable
verilator-suites	Run actions/checkout@v4	2026-09-22T10:47:33.4021663Z [command]/usr/bin/git config --local --unset-all extensions.worktreeConfig
verilator-suites	Run actions/checkout@v4	2026-09-22T10:47:33.4061349Z ##[group]Checking out the ref
verilator-suites	Run actions/checkout@v4	2026-09-22T10:47:33.4067262Z [command]/usr/bin/git checkout --progress --force -B dev refs/remotes/origin/dev
verilator-suites	Run actions/checkout@v4	2026-09-22T10:47:33.5528383Z Switched to a new branch 'dev'
verilator-suites	Run actions/checkout@v4	2026-09-22T10:47:33.5532234Z branch 'dev' set up to track 'origin/dev'.
verilator-suites	Run actions/checkout@v4	2026-09-22T10:47:33.5542750Z ##[endgroup]
verilator-suites	Run actions/checkout@v4	2026-09-22T10:47:33.5596963Z [command]/usr/bin/git log -1 --format=%H
verilator-suites	Run actions/checkout@v4	2026-09-22T10:47:33.5632124Z ec34fcdee0ca9ffa63564a9af8ad70a3a618de29
verilator-suites	Download every shard's logs	﻿2026-09-22T10:47:33.5930713Z Node 20 is being deprecated. This workflow is running with Node 24 by default. If you need to temporarily use Node 20, you can set the ACTIONS_ALLOW_USE_UNSECURE_NODE_VERSION=true environment variable. For more information see: https://github.blog/changelog/2025-09-19-deprecation-of-node-20-on-github-actions-runners/
verilator-suites	Download every shard's logs	2026-09-22T10:47:33.5933235Z ##[group]Run actions/download-artifact@v4
verilator-suites	Download every shard's logs	2026-09-22T10:47:33.5933776Z with:
verilator-suites	Download every shard's logs	2026-09-22T10:47:33.5934193Z   pattern: suite-logs-*
verilator-suites	Download every shard's logs	2026-09-22T10:47:33.5934697Z   path: /home/runner/work/_temp/all-suite-logs
verilator-suites	Download every shard's logs	2026-09-22T10:47:33.5935549Z   merge-multiple: false
verilator-suites	Download every shard's logs	2026-09-22T10:47:33.5936038Z   repository: kebag-logic/milan-fpga
verilator-suites	Download every shard's logs	2026-09-22T10:47:33.5936502Z   run-id: 35715778753
verilator-suites	Download every shard's logs	2026-09-22T10:47:33.5936900Z env:
verilator-suites	Download every shard's logs	2026-09-22T10:47:33.5937289Z   VERILATOR_VERSION: v5.050
verilator-suites	Download every shard's logs	2026-09-22T10:47:33.5937760Z   YOSYS_VERSION: v0.66
verilator-suites	Download every shard's logs	2026-09-22T10:47:33.5938234Z   TSN_GEN_REV: deca300c9eb4863fa13383b45ba6cb6fd0828671
verilator-suites	Download every shard's logs	2026-09-22T10:47:33.5938767Z ##[endgroup]
verilator-suites	Download every shard's logs	2026-09-22T10:47:33.7726605Z (node:2230) [DEP0040] DeprecationWarning: The `punycode` module is deprecated. Please use a userland alternative instead.
verilator-suites	Download every shard's logs	2026-09-22T10:47:33.8517984Z (Use `node --trace-deprecation ...` to show where the warning was created)
verilator-suites	Download every shard's logs	2026-09-22T10:47:33.8545010Z Found 9 artifact(s)
verilator-suites	Download every shard's logs	2026-09-22T10:47:33.8546583Z Filtering artifacts by pattern 'suite-logs-*'
verilator-suites	Download every shard's logs	2026-09-22T10:47:33.8574268Z Preparing to download the following artifacts:
verilator-suites	Download every shard's logs	2026-09-22T10:47:33.8575892Z - suite-logs-2 (ID: 10689680102, Size: 28147, Expected Digest: sha256:a4ba36360e9e9567a4c8e7fde10d713c9ae79537b11e59ebb4aada5ff599946f)
verilator-suites	Download every shard's logs	2026-09-22T10:47:33.8577075Z - suite-logs-0 (ID: 10689675340, Size: 38637, Expected Digest: sha256:cdc9c30640a8204d61bb1d1c6e7e2a0f7a19bde564bb19fee069840c1f430daa)
verilator-suites	Download every shard's logs	2026-09-22T10:47:33.8578146Z - suite-logs-4 (ID: 10689498451, Size: 170231, Expected Digest: sha256:1af6c02a3c1c473c2a7e67ecbc25847a6b27f096c2d6067de5c51d375f1120f7)
verilator-suites	Download every shard's logs	2026-09-22T10:47:33.8579404Z - suite-logs-3 (ID: 10689375314, Size: 42037, Expected Digest: sha256:1fcf1aeb0641637892c8ccf89eb35eda44057bf588c5fd190d124ce2f949f1ff)
verilator-suites	Download every shard's logs	2026-09-22T10:47:33.8580467Z - suite-logs-1 (ID: 10689358081, Size: 72399, Expected Digest: sha256:cf6f46d89dcd051c7c61b6b7358d918ad0b77ba31d0be6179218d2dd8e4b051e)
verilator-suites	Download every shard's logs	2026-09-22T10:47:33.9823814Z Redirecting to blob download url: https://productionresultssa12.blob.core.windows.net/actions-results/81bb05d2-fb1b-433c-bb1f-3ead0848b6a8/workflow-job-run-7ef1d1af-39f3-5430-90da-69b6c7c99d4d/artifacts/9e7d18a52530991b2f55f22bc467c9bf2fb8912de3b9c3f0589f8fbbb6177d83.zip
verilator-suites	Download every shard's logs	2026-09-22T10:47:33.9826739Z Starting download of artifact to: /home/runner/work/_temp/all-suite-logs/suite-logs-2
verilator-suites	Download every shard's logs	2026-09-22T10:47:34.0043334Z Redirecting to blob download url: https://productionresultssa12.blob.core.windows.net/actions-results/81bb05d2-fb1b-433c-bb1f-3ead0848b6a8/workflow-job-run-fe38a442-5286-5386-88ac-d10ddf98796a/artifacts/d367247197c1c9f39a1b8b79247ede82a5a807f1561618214c9507648806af78.zip
verilator-suites	Download every shard's logs	2026-09-22T10:47:34.0046402Z Starting download of artifact to: /home/runner/work/_temp/all-suite-logs/suite-logs-0
verilator-suites	Download every shard's logs	2026-09-22T10:47:34.0150218Z Redirecting to blob download url: https://productionresultssa12.blob.core.windows.net/actions-results/81bb05d2-fb1b-433c-bb1f-3ead0848b6a8/workflow-job-run-2115151e-8847-5432-9639-c36fd7df0835/artifacts/b14067820b53cdb5974a33c0bf92a254a57ed7a0b4e3d079678955824e7b9853.zip
verilator-suites	Download every shard's logs	2026-09-22T10:47:34.0152874Z (node:2230) [DEP0005] DeprecationWarning: Buffer() is deprecated due to security and usability issues. Please use the Buffer.alloc(), Buffer.allocUnsafe(), or Buffer.from() methods instead.
verilator-suites	Download every shard's logs	2026-09-22T10:47:34.0153926Z Starting download of artifact to: /home/runner/work/_temp/all-suite-logs/suite-logs-4
verilator-suites	Download every shard's logs	2026-09-22T10:47:34.0228335Z Redirecting to blob download url: https://productionresultssa12.blob.core.windows.net/actions-results/81bb05d2-fb1b-433c-bb1f-3ead0848b6a8/workflow-job-run-404f66d3-79fd-57bd-8587-efdf2c1d7597/artifacts/f2116aa2f94a9400a425b2130b426a9b9abb07be761c5043ed4fb94070ee083e.zip
verilator-suites	Download every shard's logs	2026-09-22T10:47:34.0230532Z Starting download of artifact to: /home/runner/work/_temp/all-suite-logs/suite-logs-3
verilator-suites	Download every shard's logs	2026-09-22T10:47:34.0311388Z SHA256 digest of downloaded artifact is a4ba36360e9e9567a4c8e7fde10d713c9ae79537b11e59ebb4aada5ff599946f
verilator-suites	Download every shard's logs	2026-09-22T10:47:34.0312500Z Artifact download completed successfully.
verilator-suites	Download every shard's logs	2026-09-22T10:47:34.0369196Z Redirecting to blob download url: https://productionresultssa12.blob.core.windows.net/actions-results/81bb05d2-fb1b-433c-bb1f-3ead0848b6a8/workflow-job-run-db415003-fcc6-5c1d-a4fb-6b51a214f85b/artifacts/e76e606efc8a0e19d9993dd8c01945aab554007046b3d2e24b0a9ff263421122.zip
verilator-suites	Download every shard's logs	2026-09-22T10:47:34.0372124Z Starting download of artifact to: /home/runner/work/_temp/all-suite-logs/suite-logs-1
verilator-suites	Download every shard's logs	2026-09-22T10:47:34.0632913Z SHA256 digest of downloaded artifact is 1fcf1aeb0641637892c8ccf89eb35eda44057bf588c5fd190d124ce2f949f1ff
verilator-suites	Download every shard's logs	2026-09-22T10:47:34.0634182Z Artifact download completed successfully.
verilator-suites	Download every shard's logs	2026-09-22T10:47:34.0638761Z SHA256 digest of downloaded artifact is cdc9c30640a8204d61bb1d1c6e7e2a0f7a19bde564bb19fee069840c1f430daa
verilator-suites	Download every shard's logs	2026-09-22T10:47:34.0878993Z Artifact download completed successfully.
verilator-suites	Download every shard's logs	2026-09-22T10:47:34.0879890Z SHA256 digest of downloaded artifact is cf6f46d89dcd051c7c61b6b7358d918ad0b77ba31d0be6179218d2dd8e4b051e
verilator-suites	Download every shard's logs	2026-09-22T10:47:34.0880603Z Artifact download completed successfully.
verilator-suites	Download every shard's logs	2026-09-22T10:47:34.0883930Z SHA256 digest of downloaded artifact is 1af6c02a3c1c473c2a7e67ecbc25847a6b27f096c2d6067de5c51d375f1120f7
verilator-suites	Download every shard's logs	2026-09-22T10:47:34.0885543Z Artifact download completed successfully.
verilator-suites	Download every shard's logs	2026-09-22T10:47:34.0886321Z Total of 5 artifact(s) downloaded
verilator-suites	Download every shard's logs	2026-09-22T10:47:34.0891865Z Download artifact has finished successfully
verilator-suites	Require every shard to have validated this run's SHA	﻿2026-09-22T10:47:34.1058823Z ##[group]Run shopt -s nullglob
verilator-suites	Require every shard to have validated this run's SHA	2026-09-22T10:47:34.1059375Z ^[[36;1mshopt -s nullglob^[[0m
verilator-suites	Require every shard to have validated this run's SHA	2026-09-22T10:47:34.1059825Z ^[[36;1mroots=("$RUNNER_TEMP"/all-suite-logs/suite-logs-*)^[[0m
verilator-suites	Require every shard to have validated this run's SHA	2026-09-22T10:47:34.1060415Z ^[[36;1mpython3 scripts/ci_events.py --require-target-sha --expect 5 \^[[0m
verilator-suites	Require every shard to have validated this run's SHA	2026-09-22T10:47:34.1060966Z ^[[36;1m  --sha gate="$GATE_SHA" --sha run="$GITHUB_SHA" \^[[0m
verilator-suites	Require every shard to have validated this run's SHA	2026-09-22T10:47:34.1061456Z ^[[36;1m  --sha checkout="$(git rev-parse HEAD)" -- "${roots[@]}"^[[0m
verilator-suites	Require every shard to have validated this run's SHA	2026-09-22T10:47:34.1105133Z shell: /usr/bin/bash -e {0}
verilator-suites	Require every shard to have validated this run's SHA	2026-09-22T10:47:34.1105595Z env:
verilator-suites	Require every shard to have validated this run's SHA	2026-09-22T10:47:34.1105899Z   VERILATOR_VERSION: v5.050
verilator-suites	Require every shard to have validated this run's SHA	2026-09-22T10:47:34.1106262Z   YOSYS_VERSION: v0.66
verilator-suites	Require every shard to have validated this run's SHA	2026-09-22T10:47:34.1106642Z   TSN_GEN_REV: deca300c9eb4863fa13383b45ba6cb6fd0828671
verilator-suites	Require every shard to have validated this run's SHA	2026-09-22T10:47:34.1107126Z   GATE_SHA: ec34fcdee0ca9ffa63564a9af8ad70a3a618de29
verilator-suites	Require every shard to have validated this run's SHA	2026-09-22T10:47:34.1107520Z ##[endgroup]
verilator-suites	Require every shard to have validated this run's SHA	2026-09-22T10:47:34.2226839Z   ok   suite-logs-0  ec34fcdee0ca9ffa63564a9af8ad70a3a618de29
verilator-suites	Require every shard to have validated this run's SHA	2026-09-22T10:47:34.2228001Z   ok   suite-logs-1  ec34fcdee0ca9ffa63564a9af8ad70a3a618de29
verilator-suites	Require every shard to have validated this run's SHA	2026-09-22T10:47:34.2228969Z   ok   suite-logs-2  ec34fcdee0ca9ffa63564a9af8ad70a3a618de29
verilator-suites	Require every shard to have validated this run's SHA	2026-09-22T10:47:34.2229806Z   ok   suite-logs-3  ec34fcdee0ca9ffa63564a9af8ad70a3a618de29
verilator-suites	Require every shard to have validated this run's SHA	2026-09-22T10:47:34.2230622Z   ok   suite-logs-4  ec34fcdee0ca9ffa63564a9af8ad70a3a618de29
verilator-suites	Require every shard to have validated this run's SHA	2026-09-22T10:47:34.2231513Z target-sha: OK, 5 record(s) all ec34fcdee0ca9ffa63564a9af8ad70a3a618de29
verilator-suites	Prove exhaustive ownership and tally every log	﻿2026-09-22T10:47:34.2351959Z ##[group]Run shopt -s nullglob
verilator-suites	Prove exhaustive ownership and tally every log	2026-09-22T10:47:34.2352458Z ^[[36;1mshopt -s nullglob^[[0m
verilator-suites	Prove exhaustive ownership and tally every log	2026-09-22T10:47:34.2352869Z ^[[36;1mroots=("$RUNNER_TEMP"/all-suite-logs/suite-logs-*)^[[0m
verilator-suites	Prove exhaustive ownership and tally every log	2026-09-22T10:47:34.2353320Z ^[[36;1mif [ "${#roots[@]}" -eq 0 ]; then^[[0m
verilator-suites	Prove exhaustive ownership and tally every log	2026-09-22T10:47:34.2353747Z ^[[36;1m  mkdir -p "$RUNNER_TEMP/all-suite-logs/none"^[[0m
verilator-suites	Prove exhaustive ownership and tally every log	2026-09-22T10:47:34.2354190Z ^[[36;1m  roots=("$RUNNER_TEMP/all-suite-logs/none")^[[0m
verilator-suites	Prove exhaustive ownership and tally every log	2026-09-22T10:47:34.2354573Z ^[[36;1mfi^[[0m
verilator-suites	Prove exhaustive ownership and tally every log	2026-09-22T10:47:34.2355226Z ^[[36;1mpython3 scripts/suite_tally.py "${roots[@]}" --quiet \^[[0m
verilator-suites	Prove exhaustive ownership and tally every log	2026-09-22T10:47:34.2355694Z ^[[36;1m  --expect-suite-root tb/verilator^[[0m
verilator-suites	Prove exhaustive ownership and tally every log	2026-09-22T10:47:34.2394278Z shell: /usr/bin/bash -e {0}
verilator-suites	Prove exhaustive ownership and tally every log	2026-09-22T10:47:34.2394648Z env:
verilator-suites	Prove exhaustive ownership and tally every log	2026-09-22T10:47:34.2395186Z   VERILATOR_VERSION: v5.050
verilator-suites	Prove exhaustive ownership and tally every log	2026-09-22T10:47:34.2395751Z   YOSYS_VERSION: v0.66
verilator-suites	Prove exhaustive ownership and tally every log	2026-09-22T10:47:34.2396113Z   TSN_GEN_REV: deca300c9eb4863fa13383b45ba6cb6fd0828671
verilator-suites	Prove exhaustive ownership and tally every log	2026-09-22T10:47:34.2396511Z ##[endgroup]
verilator-suites	Prove exhaustive ownership and tally every log	2026-09-22T10:47:34.8660736Z checks: 2119107   in-suite failures: 0
verilator-suites	Require every Verilator worker to pass	﻿2026-09-22T10:47:34.8775848Z ##[group]Run if [ "$SHARD_RESULT" != success ]; then
verilator-suites	Require every Verilator worker to pass	2026-09-22T10:47:34.8776352Z ^[[36;1mif [ "$SHARD_RESULT" != success ]; then^[[0m
verilator-suites	Require every Verilator worker to pass	2026-09-22T10:47:34.8776787Z ^[[36;1m  echo "one or more Verilator workers ended: $SHARD_RESULT" >&2^[[0m
verilator-suites	Require every Verilator worker to pass	2026-09-22T10:47:34.8777192Z ^[[36;1m  exit 1^[[0m
verilator-suites	Require every Verilator worker to pass	2026-09-22T10:47:34.8777437Z ^[[36;1mfi^[[0m
verilator-suites	Require every Verilator worker to pass	2026-09-22T10:47:34.8777785Z ^[[36;1mecho "verilator-suites: every worker succeeded at $GITHUB_SHA"^[[0m
verilator-suites	Require every Verilator worker to pass	2026-09-22T10:47:34.8816914Z shell: /usr/bin/bash -e {0}
verilator-suites	Require every Verilator worker to pass	2026-09-22T10:47:34.8817231Z env:
verilator-suites	Require every Verilator worker to pass	2026-09-22T10:47:34.8817460Z   VERILATOR_VERSION: v5.050
verilator-suites	Require every Verilator worker to pass	2026-09-22T10:47:34.8817739Z   YOSYS_VERSION: v0.66
verilator-suites	Require every Verilator worker to pass	2026-09-22T10:47:34.8818053Z   TSN_GEN_REV: deca300c9eb4863fa13383b45ba6cb6fd0828671
verilator-suites	Require every Verilator worker to pass	2026-09-22T10:47:34.8818429Z   SHARD_RESULT: success
verilator-suites	Require every Verilator worker to pass	2026-09-22T10:47:34.8818676Z ##[endgroup]
verilator-suites	Require every Verilator worker to pass	2026-09-22T10:47:34.8883933Z verilator-suites: every worker succeeded at ec34fcdee0ca9ffa63564a9af8ad70a3a618de29
verilator-suites	Post Run actions/checkout@v4	﻿2026-09-22T10:47:34.9023771Z Node 20 is being deprecated. This workflow is running with Node 24 by default. If you need to temporarily use Node 20, you can set the ACTIONS_ALLOW_USE_UNSECURE_NODE_VERSION=true environment variable. For more information see: https://github.blog/changelog/2025-09-19-deprecation-of-node-20-on-github-actions-runners/
verilator-suites	Post Run actions/checkout@v4	2026-09-22T10:47:34.9025389Z Post job cleanup.
verilator-suites	Post Run actions/checkout@v4	2026-09-22T10:47:34.9976093Z [command]/usr/bin/git version
verilator-suites	Post Run actions/checkout@v4	2026-09-22T10:47:35.0024218Z git version 2.55.0
verilator-suites	Post Run actions/checkout@v4	2026-09-22T10:47:35.0073198Z Temporarily overriding HOME='/home/runner/work/_temp/7ef66218-b01a-460f-817c-4db455640860' before making global git config changes
verilator-suites	Post Run actions/checkout@v4	2026-09-22T10:47:35.0075300Z Adding repository directory to the temporary git global config as a safe directory
verilator-suites	Post Run actions/checkout@v4	2026-09-22T10:47:35.0082673Z [command]/usr/bin/git config --global --add safe.directory /home/runner/work/milan-fpga/milan-fpga
verilator-suites	Post Run actions/checkout@v4	2026-09-22T10:47:35.0133888Z [command]/usr/bin/git config --local --name-only --get-regexp core\.sshCommand
verilator-suites	Post Run actions/checkout@v4	2026-09-22T10:47:35.0179271Z [command]/usr/bin/git submodule foreach --recursive sh -c "git config --local --name-only --get-regexp 'core\.sshCommand' && git config --local --unset-all 'core.sshCommand' || :"
verilator-suites	Post Run actions/checkout@v4	2026-09-22T10:47:35.0474308Z [command]/usr/bin/git config --local --name-only --get-regexp http\.https\:\/\/github\.com\/\.extraheader
verilator-suites	Post Run actions/checkout@v4	2026-09-22T10:47:35.0503842Z http.https://github.com/.extraheader
verilator-suites	Post Run actions/checkout@v4	2026-09-22T10:47:35.0525165Z [command]/usr/bin/git config --local --unset-all http.https://github.com/.extraheader
verilator-suites	Post Run actions/checkout@v4	2026-09-22T10:47:35.0561452Z [command]/usr/bin/git submodule foreach --recursive sh -c "git config --local --name-only --get-regexp 'http\.https\:\/\/github\.com\/\.extraheader' && git config --local --unset-all 'http.https://github.com/.extraheader' || :"
verilator-suites	Post Run actions/checkout@v4	2026-09-22T10:47:35.0848646Z [command]/usr/bin/git config --local --name-only --get-regexp ^includeIf\.gitdir:
verilator-suites	Post Run actions/checkout@v4	2026-09-22T10:47:35.0898140Z [command]/usr/bin/git submodule foreach --recursive git config --local --show-origin --name-only --get-regexp remote.origin.url
verilator-suites	Complete job	﻿2026-09-22T10:47:35.1403139Z Cleaning up orphan processes
verilator-suites	Complete job	2026-09-22T10:47:35.1720899Z ##[warning]Node.js 20 is deprecated. The following actions target Node.js 20 but are being forced to run on Node.js 24: actions/checkout@v4, actions/download-artifact@v4. For more information see: https://github.blog/changelog/2025-09-19-deprecation-of-node-20-on-github-actions-runners/
yosys-portability	Set up job	﻿2026-09-22T10:47:39.9111795Z Current runner version: '2.337.0'
yosys-portability	Set up job	2026-09-22T10:47:39.9140262Z ##[group]Runner Image Provisioner
yosys-portability	Set up job	2026-09-22T10:47:39.9141295Z Hosted Compute Agent
yosys-portability	Set up job	2026-09-22T10:47:39.9141936Z Version: 20260828.587
yosys-portability	Set up job	2026-09-22T10:47:39.9142831Z Commit: abac92662cab4cc7352de4f9f9d2e2419aad9c29
yosys-portability	Set up job	2026-09-22T10:47:39.9143937Z Build Date: 2026-08-28T16:44:25Z
yosys-portability	Set up job	2026-09-22T10:47:39.9144672Z Worker ID: {23552618-88ce-4067-bbbe-ffd5e2fb9e53}
yosys-portability	Set up job	2026-09-22T10:47:39.9145384Z Azure Region: eastus
yosys-portability	Set up job	2026-09-22T10:47:39.9146132Z ##[endgroup]
yosys-portability	Set up job	2026-09-22T10:47:39.9147947Z ##[group]Operating System
yosys-portability	Set up job	2026-09-22T10:47:39.9148728Z Ubuntu
yosys-portability	Set up job	2026-09-22T10:47:39.9149270Z 24.04.5
yosys-portability	Set up job	2026-09-22T10:47:39.9149777Z LTS
yosys-portability	Set up job	2026-09-22T10:47:39.9150473Z ##[endgroup]
yosys-portability	Set up job	2026-09-22T10:47:39.9151110Z ##[group]Runner Image
yosys-portability	Set up job	2026-09-22T10:47:39.9151871Z Image: ubuntu-24.04
yosys-portability	Set up job	2026-09-22T10:47:39.9152454Z Version: 20260920.314.1
yosys-portability	Set up job	2026-09-22T10:47:39.9153874Z Included Software: https://github.com/actions/runner-images/blob/ubuntu24/20260920.314/images/ubuntu/Ubuntu2404-Readme.md
yosys-portability	Set up job	2026-09-22T10:47:39.9155805Z Image Release: https://github.com/actions/runner-images/releases/tag/ubuntu24%2F20260920.314
yosys-portability	Set up job	2026-09-22T10:47:39.9156828Z ##[endgroup]
yosys-portability	Set up job	2026-09-22T10:47:39.9158147Z ##[group]GITHUB_TOKEN Permissions
yosys-portability	Set up job	2026-09-22T10:47:39.9160255Z Contents: read
yosys-portability	Set up job	2026-09-22T10:47:39.9160970Z Metadata: read
yosys-portability	Set up job	2026-09-22T10:47:39.9161634Z Packages: read
yosys-portability	Set up job	2026-09-22T10:47:39.9162230Z ##[endgroup]
yosys-portability	Set up job	2026-09-22T10:47:39.9164726Z Secret source: Actions
yosys-portability	Set up job	2026-09-22T10:47:39.9165903Z Cache mode: write
yosys-portability	Set up job	2026-09-22T10:47:39.9166668Z Prepare workflow directory
yosys-portability	Set up job	2026-09-22T10:47:39.9584730Z Prepare all required actions
yosys-portability	Set up job	2026-09-22T10:47:39.9638074Z Getting action download info
yosys-portability	Set up job	2026-09-22T10:47:40.2010823Z Download action repository 'actions/checkout@v4' (SHA:11d5960a326750d5838078e36cf38b85af677262)
yosys-portability	Set up job	2026-09-22T10:47:40.3117255Z Download action repository 'actions/download-artifact@v4' (SHA:d3f86a106a0bac45b974a628896c90dbdf5c8093)
yosys-portability	Set up job	2026-09-22T10:47:40.5725828Z Complete job name: yosys-portability
yosys-portability	Run actions/checkout@v4	﻿2026-09-22T10:47:40.6519802Z Node 20 is being deprecated. This workflow is running with Node 24 by default. If you need to temporarily use Node 20, you can set the ACTIONS_ALLOW_USE_UNSECURE_NODE_VERSION=true environment variable. For more information see: https://github.blog/changelog/2025-09-19-deprecation-of-node-20-on-github-actions-runners/
yosys-portability	Run actions/checkout@v4	2026-09-22T10:47:40.6528970Z ##[group]Run actions/checkout@v4
yosys-portability	Run actions/checkout@v4	2026-09-22T10:47:40.6529765Z with:
yosys-portability	Run actions/checkout@v4	2026-09-22T10:47:40.6530238Z   repository: kebag-logic/milan-fpga
yosys-portability	Run actions/checkout@v4	2026-09-22T10:47:40.6534587Z   token: ***
yosys-portability	Run actions/checkout@v4	2026-09-22T10:47:40.6535045Z   ssh-strict: true
yosys-portability	Run actions/checkout@v4	2026-09-22T10:47:40.6535493Z   ssh-user: git
yosys-portability	Run actions/checkout@v4	2026-09-22T10:47:40.6535946Z   persist-credentials: true
yosys-portability	Run actions/checkout@v4	2026-09-22T10:47:40.6536440Z   clean: true
yosys-portability	Run actions/checkout@v4	2026-09-22T10:47:40.6536887Z   sparse-checkout-cone-mode: true
yosys-portability	Run actions/checkout@v4	2026-09-22T10:47:40.6537423Z   fetch-depth: 1
yosys-portability	Run actions/checkout@v4	2026-09-22T10:47:40.6537876Z   fetch-tags: false
yosys-portability	Run actions/checkout@v4	2026-09-22T10:47:40.6538326Z   show-progress: true
yosys-portability	Run actions/checkout@v4	2026-09-22T10:47:40.6538777Z   lfs: false
yosys-portability	Run actions/checkout@v4	2026-09-22T10:47:40.6539191Z   submodules: false
yosys-portability	Run actions/checkout@v4	2026-09-22T10:47:40.6539715Z   set-safe-directory: true
yosys-portability	Run actions/checkout@v4	2026-09-22T10:47:40.6540229Z   allow-unsafe-pr-checkout: false
yosys-portability	Run actions/checkout@v4	2026-09-22T10:47:40.6541077Z env:
yosys-portability	Run actions/checkout@v4	2026-09-22T10:47:40.6541524Z   VERILATOR_VERSION: v5.050
yosys-portability	Run actions/checkout@v4	2026-09-22T10:47:40.6542027Z   YOSYS_VERSION: v0.66
yosys-portability	Run actions/checkout@v4	2026-09-22T10:47:40.6542570Z   TSN_GEN_REV: deca300c9eb4863fa13383b45ba6cb6fd0828671
yosys-portability	Run actions/checkout@v4	2026-09-22T10:47:40.6543367Z ##[endgroup]
yosys-portability	Run actions/checkout@v4	2026-09-22T10:47:40.7606004Z Syncing repository: kebag-logic/milan-fpga
yosys-portability	Run actions/checkout@v4	2026-09-22T10:47:40.7610934Z ##[group]Getting Git version info
yosys-portability	Run actions/checkout@v4	2026-09-22T10:47:40.7612224Z Working directory is '/home/runner/work/milan-fpga/milan-fpga'
yosys-portability	Run actions/checkout@v4	2026-09-22T10:47:40.7614340Z [command]/usr/bin/git version
yosys-portability	Run actions/checkout@v4	2026-09-22T10:47:40.7748446Z git version 2.55.0
yosys-portability	Run actions/checkout@v4	2026-09-22T10:47:40.7772372Z ##[endgroup]
yosys-portability	Run actions/checkout@v4	2026-09-22T10:47:40.7788640Z Temporarily overriding HOME='/home/runner/work/_temp/d3a89232-f26f-4fd9-afbb-61da292e247e' before making global git config changes
yosys-portability	Run actions/checkout@v4	2026-09-22T10:47:40.7791114Z Adding repository directory to the temporary git global config as a safe directory
yosys-portability	Run actions/checkout@v4	2026-09-22T10:47:40.7794660Z [command]/usr/bin/git config --global --add safe.directory /home/runner/work/milan-fpga/milan-fpga
yosys-portability	Run actions/checkout@v4	2026-09-22T10:47:40.7856912Z Deleting the contents of '/home/runner/work/milan-fpga/milan-fpga'
yosys-portability	Run actions/checkout@v4	2026-09-22T10:47:40.7862894Z ##[group]Initializing the repository
yosys-portability	Run actions/checkout@v4	2026-09-22T10:47:40.7868293Z [command]/usr/bin/git init /home/runner/work/milan-fpga/milan-fpga
yosys-portability	Run actions/checkout@v4	2026-09-22T10:47:40.8008668Z hint: Using 'master' as the name for the initial branch. This default branch name
yosys-portability	Run actions/checkout@v4	2026-09-22T10:47:40.8010528Z hint: will change to "main" in Git 3.0. To configure the initial branch name
yosys-portability	Run actions/checkout@v4	2026-09-22T10:47:40.8012081Z hint: to use in all of your new repositories, which will suppress this warning,
yosys-portability	Run actions/checkout@v4	2026-09-22T10:47:40.8013430Z hint: call:
yosys-portability	Run actions/checkout@v4	2026-09-22T10:47:40.8014150Z hint:
yosys-portability	Run actions/checkout@v4	2026-09-22T10:47:40.8014963Z hint: 	git config --global init.defaultBranch <name>
yosys-portability	Run actions/checkout@v4	2026-09-22T10:47:40.8015604Z hint:
yosys-portability	Run actions/checkout@v4	2026-09-22T10:47:40.8016208Z hint: Names commonly chosen instead of 'master' are 'main', 'trunk' and
yosys-portability	Run actions/checkout@v4	2026-09-22T10:47:40.8017249Z hint: 'development'. The just-created branch can be renamed via this command:
yosys-portability	Run actions/checkout@v4	2026-09-22T10:47:40.8017988Z hint:
yosys-portability	Run actions/checkout@v4	2026-09-22T10:47:40.8018406Z hint: 	git branch -m <name>
yosys-portability	Run actions/checkout@v4	2026-09-22T10:47:40.8018891Z hint:
yosys-portability	Run actions/checkout@v4	2026-09-22T10:47:40.8019529Z hint: Disable this message with "git config set advice.defaultBranchName false"
yosys-portability	Run actions/checkout@v4	2026-09-22T10:47:40.8021138Z Initialized empty Git repository in /home/runner/work/milan-fpga/milan-fpga/.git/
yosys-portability	Run actions/checkout@v4	2026-09-22T10:47:40.8032283Z [command]/usr/bin/git remote add origin https://github.com/kebag-logic/milan-fpga
yosys-portability	Run actions/checkout@v4	2026-09-22T10:47:40.8091272Z ##[endgroup]
yosys-portability	Run actions/checkout@v4	2026-09-22T10:47:40.8092526Z ##[group]Disabling automatic garbage collection
yosys-portability	Run actions/checkout@v4	2026-09-22T10:47:40.8096797Z [command]/usr/bin/git config --local gc.auto 0
yosys-portability	Run actions/checkout@v4	2026-09-22T10:47:40.8130474Z ##[endgroup]
yosys-portability	Run actions/checkout@v4	2026-09-22T10:47:40.8131660Z ##[group]Setting up auth
yosys-portability	Run actions/checkout@v4	2026-09-22T10:47:40.8139258Z [command]/usr/bin/git config --local --name-only --get-regexp core\.sshCommand
yosys-portability	Run actions/checkout@v4	2026-09-22T10:47:40.8179887Z [command]/usr/bin/git submodule foreach --recursive sh -c "git config --local --name-only --get-regexp 'core\.sshCommand' && git config --local --unset-all 'core.sshCommand' || :"
yosys-portability	Run actions/checkout@v4	2026-09-22T10:47:40.8619761Z [command]/usr/bin/git config --local --name-only --get-regexp http\.https\:\/\/github\.com\/\.extraheader
yosys-portability	Run actions/checkout@v4	2026-09-22T10:47:40.8662025Z [command]/usr/bin/git submodule foreach --recursive sh -c "git config --local --name-only --get-regexp 'http\.https\:\/\/github\.com\/\.extraheader' && git config --local --unset-all 'http.https://github.com/.extraheader' || :"
yosys-portability	Run actions/checkout@v4	2026-09-22T10:47:40.8925882Z [command]/usr/bin/git config --local --name-only --get-regexp ^includeIf\.gitdir:
yosys-portability	Run actions/checkout@v4	2026-09-22T10:47:40.8973740Z [command]/usr/bin/git submodule foreach --recursive git config --local --show-origin --name-only --get-regexp remote.origin.url
yosys-portability	Run actions/checkout@v4	2026-09-22T10:47:40.9236230Z [command]/usr/bin/git config --local http.https://github.com/.extraheader AUTHORIZATION: basic ***
yosys-portability	Run actions/checkout@v4	2026-09-22T10:47:40.9281414Z ##[endgroup]
yosys-portability	Run actions/checkout@v4	2026-09-22T10:47:40.9283709Z ##[group]Fetching the repository
yosys-portability	Run actions/checkout@v4	2026-09-22T10:47:40.9293920Z [command]/usr/bin/git -c protocol.version=2 fetch --no-tags --prune --no-recurse-submodules --depth=1 origin +ec34fcdee0ca9ffa63564a9af8ad70a3a618de29:refs/remotes/origin/dev
yosys-portability	Run actions/checkout@v4	2026-09-22T10:47:41.9831557Z From https://github.com/kebag-logic/milan-fpga
yosys-portability	Run actions/checkout@v4	2026-09-22T10:47:41.9834015Z  * [new ref]         ec34fcdee0ca9ffa63564a9af8ad70a3a618de29 -> origin/dev
yosys-portability	Run actions/checkout@v4	2026-09-22T10:47:41.9837744Z ##[endgroup]
yosys-portability	Run actions/checkout@v4	2026-09-22T10:47:41.9839393Z ##[group]Determining the checkout info
yosys-portability	Run actions/checkout@v4	2026-09-22T10:47:41.9841316Z ##[endgroup]
yosys-portability	Run actions/checkout@v4	2026-09-22T10:47:41.9864054Z [command]/usr/bin/git sparse-checkout disable
yosys-portability	Run actions/checkout@v4	2026-09-22T10:47:41.9916258Z [command]/usr/bin/git config --local --unset-all extensions.worktreeConfig
yosys-portability	Run actions/checkout@v4	2026-09-22T10:47:41.9958715Z ##[group]Checking out the ref
yosys-portability	Run actions/checkout@v4	2026-09-22T10:47:41.9965312Z [command]/usr/bin/git checkout --progress --force -B dev refs/remotes/origin/dev
yosys-portability	Run actions/checkout@v4	2026-09-22T10:47:42.1386601Z Switched to a new branch 'dev'
yosys-portability	Run actions/checkout@v4	2026-09-22T10:47:42.1392059Z branch 'dev' set up to track 'origin/dev'.
yosys-portability	Run actions/checkout@v4	2026-09-22T10:47:42.1403964Z ##[endgroup]
yosys-portability	Run actions/checkout@v4	2026-09-22T10:47:42.1451839Z [command]/usr/bin/git log -1 --format=%H
yosys-portability	Run actions/checkout@v4	2026-09-22T10:47:42.1480951Z ec34fcdee0ca9ffa63564a9af8ad70a3a618de29
yosys-portability	Download every shard's evidence	﻿2026-09-22T10:47:42.1845609Z Node 20 is being deprecated. This workflow is running with Node 24 by default. If you need to temporarily use Node 20, you can set the ACTIONS_ALLOW_USE_UNSECURE_NODE_VERSION=true environment variable. For more information see: https://github.blog/changelog/2025-09-19-deprecation-of-node-20-on-github-actions-runners/
yosys-portability	Download every shard's evidence	2026-09-22T10:47:42.1852236Z ##[group]Run actions/download-artifact@v4
yosys-portability	Download every shard's evidence	2026-09-22T10:47:42.1853768Z with:
yosys-portability	Download every shard's evidence	2026-09-22T10:47:42.1854739Z   pattern: yosys-results-*
yosys-portability	Download every shard's evidence	2026-09-22T10:47:42.1856037Z   path: /home/runner/work/_temp/all-yosys-results
yosys-portability	Download every shard's evidence	2026-09-22T10:47:42.1857511Z   merge-multiple: false
yosys-portability	Download every shard's evidence	2026-09-22T10:47:42.1858689Z   repository: kebag-logic/milan-fpga
yosys-portability	Download every shard's evidence	2026-09-22T10:47:42.1859988Z   run-id: 35715778753
yosys-portability	Download every shard's evidence	2026-09-22T10:47:42.1861024Z env:
yosys-portability	Download every shard's evidence	2026-09-22T10:47:42.1861980Z   VERILATOR_VERSION: v5.050
yosys-portability	Download every shard's evidence	2026-09-22T10:47:42.1863328Z   YOSYS_VERSION: v0.66
yosys-portability	Download every shard's evidence	2026-09-22T10:47:42.1864619Z   TSN_GEN_REV: deca300c9eb4863fa13383b45ba6cb6fd0828671
yosys-portability	Download every shard's evidence	2026-09-22T10:47:42.1866152Z ##[endgroup]
yosys-portability	Download every shard's evidence	2026-09-22T10:47:42.3605707Z (node:2285) [DEP0040] DeprecationWarning: The `punycode` module is deprecated. Please use a userland alternative instead.
yosys-portability	Download every shard's evidence	2026-09-22T10:47:42.3608525Z (Use `node --trace-deprecation ...` to show where the warning was created)
yosys-portability	Download every shard's evidence	2026-09-22T10:47:42.4391912Z Found 9 artifact(s)
yosys-portability	Download every shard's evidence	2026-09-22T10:47:42.4395279Z Filtering artifacts by pattern 'yosys-results-*'
yosys-portability	Download every shard's evidence	2026-09-22T10:47:42.4422399Z Preparing to download the following artifacts:
yosys-portability	Download every shard's evidence	2026-09-22T10:47:42.4427501Z - yosys-results-0 (ID: 10688949594, Size: 765, Expected Digest: sha256:d127448a347fcab564435d45f2650083cb10eccf9752089659558d3bf4fa0db3)
yosys-portability	Download every shard's evidence	2026-09-22T10:47:42.4433356Z - yosys-results-1 (ID: 10688944473, Size: 389, Expected Digest: sha256:a975353eb05f42625dba138dd7a0e0ea89d4e04bd4093fa3f7342817d4975da8)
yosys-portability	Download every shard's evidence	2026-09-22T10:47:42.4437860Z - yosys-results-2 (ID: 10688744776, Size: 5764, Expected Digest: sha256:09966da795b9023ca84a203fddfb48e4244aea4db22ff2bfba7d4209b7422705)
yosys-portability	Download every shard's evidence	2026-09-22T10:47:42.4443396Z - yosys-results-3 (ID: 10688114422, Size: 5838, Expected Digest: sha256:142ebdcd786bcef511adadad756ff019b470fbe1e941d7da2a96e68ee4ca0a90)
yosys-portability	Download every shard's evidence	2026-09-22T10:47:42.5867407Z Redirecting to blob download url: https://productionresultssa12.blob.core.windows.net/actions-results/81bb05d2-fb1b-433c-bb1f-3ead0848b6a8/workflow-job-run-2333eb2e-a57a-5086-b4b7-adfc572cbb71/artifacts/e1057459046efe7b74e9dc8b9745429395787435de2fb3c90243be0a3fd37e31.zip
yosys-portability	Download every shard's evidence	2026-09-22T10:47:42.5870291Z Starting download of artifact to: /home/runner/work/_temp/all-yosys-results/yosys-results-0
yosys-portability	Download every shard's evidence	2026-09-22T10:47:42.5893563Z Redirecting to blob download url: https://productionresultssa12.blob.core.windows.net/actions-results/81bb05d2-fb1b-433c-bb1f-3ead0848b6a8/workflow-job-run-6a4267b2-383e-55ee-8ac4-8c01f7246c20/artifacts/8fc717e1108b5ee89fa01181e2eefe7eb49a0bb0546dab67bdb46f8dd9d84d0a.zip
yosys-portability	Download every shard's evidence	2026-09-22T10:47:42.5896184Z Starting download of artifact to: /home/runner/work/_temp/all-yosys-results/yosys-results-3
yosys-portability	Download every shard's evidence	2026-09-22T10:47:42.5908679Z Redirecting to blob download url: https://productionresultssa12.blob.core.windows.net/actions-results/81bb05d2-fb1b-433c-bb1f-3ead0848b6a8/workflow-job-run-3a266798-5f40-528d-8fc5-3e9a972b420c/artifacts/3cb856780a494f32bcd975570d5cd421f881f93b2f261f1108bf93da70874847.zip
yosys-portability	Download every shard's evidence	2026-09-22T10:47:42.5987215Z Starting download of artifact to: /home/runner/work/_temp/all-yosys-results/yosys-results-2
yosys-portability	Download every shard's evidence	2026-09-22T10:47:42.6059523Z Redirecting to blob download url: https://productionresultssa12.blob.core.windows.net/actions-results/81bb05d2-fb1b-433c-bb1f-3ead0848b6a8/workflow-job-run-8d0bf9cc-5948-583e-996e-9fc5c069d940/artifacts/311aebd7414b8fc41faf0eaaa97168ac19bd8958608260df5e1ecf023a5d98eb.zip
yosys-portability	Download every shard's evidence	2026-09-22T10:47:42.6062528Z Starting download of artifact to: /home/runner/work/_temp/all-yosys-results/yosys-results-1
yosys-portability	Download every shard's evidence	2026-09-22T10:47:42.6152232Z (node:2285) [DEP0005] DeprecationWarning: Buffer() is deprecated due to security and usability issues. Please use the Buffer.alloc(), Buffer.allocUnsafe(), or Buffer.from() methods instead.
yosys-portability	Download every shard's evidence	2026-09-22T10:47:42.6527272Z SHA256 digest of downloaded artifact is d127448a347fcab564435d45f2650083cb10eccf9752089659558d3bf4fa0db3
yosys-portability	Download every shard's evidence	2026-09-22T10:47:42.6529368Z Artifact download completed successfully.
yosys-portability	Download every shard's evidence	2026-09-22T10:47:42.6530578Z SHA256 digest of downloaded artifact is 09966da795b9023ca84a203fddfb48e4244aea4db22ff2bfba7d4209b7422705
yosys-portability	Download every shard's evidence	2026-09-22T10:47:42.6531363Z Artifact download completed successfully.
yosys-portability	Download every shard's evidence	2026-09-22T10:47:42.6532901Z SHA256 digest of downloaded artifact is 142ebdcd786bcef511adadad756ff019b470fbe1e941d7da2a96e68ee4ca0a90
yosys-portability	Download every shard's evidence	2026-09-22T10:47:42.6533738Z Artifact download completed successfully.
yosys-portability	Download every shard's evidence	2026-09-22T10:47:42.6571391Z SHA256 digest of downloaded artifact is a975353eb05f42625dba138dd7a0e0ea89d4e04bd4093fa3f7342817d4975da8
yosys-portability	Download every shard's evidence	2026-09-22T10:47:42.6573021Z Artifact download completed successfully.
yosys-portability	Download every shard's evidence	2026-09-22T10:47:42.6573862Z Total of 4 artifact(s) downloaded
yosys-portability	Download every shard's evidence	2026-09-22T10:47:42.6578644Z Download artifact has finished successfully
yosys-portability	Require every shard to have validated this run's SHA	﻿2026-09-22T10:47:42.6748901Z ##[group]Run shopt -s nullglob
yosys-portability	Require every shard to have validated this run's SHA	2026-09-22T10:47:42.6749540Z ^[[36;1mshopt -s nullglob^[[0m
yosys-portability	Require every shard to have validated this run's SHA	2026-09-22T10:47:42.6750092Z ^[[36;1mroots=("$RUNNER_TEMP"/all-yosys-results/yosys-results-*)^[[0m
yosys-portability	Require every shard to have validated this run's SHA	2026-09-22T10:47:42.6750787Z ^[[36;1mpython3 scripts/ci_events.py --require-target-sha --expect 4 \^[[0m
yosys-portability	Require every shard to have validated this run's SHA	2026-09-22T10:47:42.6751448Z ^[[36;1m  --sha gate="$GATE_SHA" --sha run="$GITHUB_SHA" \^[[0m
yosys-portability	Require every shard to have validated this run's SHA	2026-09-22T10:47:42.6752045Z ^[[36;1m  --sha checkout="$(git rev-parse HEAD)" -- "${roots[@]}"^[[0m
yosys-portability	Require every shard to have validated this run's SHA	2026-09-22T10:47:42.7057043Z shell: /usr/bin/bash -e {0}
yosys-portability	Require every shard to have validated this run's SHA	2026-09-22T10:47:42.7057642Z env:
yosys-portability	Require every shard to have validated this run's SHA	2026-09-22T10:47:42.7058032Z   VERILATOR_VERSION: v5.050
yosys-portability	Require every shard to have validated this run's SHA	2026-09-22T10:47:42.7058457Z   YOSYS_VERSION: v0.66
yosys-portability	Require every shard to have validated this run's SHA	2026-09-22T10:47:42.7058926Z   TSN_GEN_REV: deca300c9eb4863fa13383b45ba6cb6fd0828671
yosys-portability	Require every shard to have validated this run's SHA	2026-09-22T10:47:42.7059494Z   GATE_SHA: ec34fcdee0ca9ffa63564a9af8ad70a3a618de29
yosys-portability	Require every shard to have validated this run's SHA	2026-09-22T10:47:42.7059980Z ##[endgroup]
yosys-portability	Require every shard to have validated this run's SHA	2026-09-22T10:47:42.8173110Z   ok   yosys-results-0  ec34fcdee0ca9ffa63564a9af8ad70a3a618de29
yosys-portability	Require every shard to have validated this run's SHA	2026-09-22T10:47:42.8174554Z   ok   yosys-results-1  ec34fcdee0ca9ffa63564a9af8ad70a3a618de29
yosys-portability	Require every shard to have validated this run's SHA	2026-09-22T10:47:42.8175461Z   ok   yosys-results-2  ec34fcdee0ca9ffa63564a9af8ad70a3a618de29
yosys-portability	Require every shard to have validated this run's SHA	2026-09-22T10:47:42.8176262Z   ok   yosys-results-3  ec34fcdee0ca9ffa63564a9af8ad70a3a618de29
yosys-portability	Require every shard to have validated this run's SHA	2026-09-22T10:47:42.8177141Z target-sha: OK, 4 record(s) all ec34fcdee0ca9ffa63564a9af8ad70a3a618de29
yosys-portability	Reconcile the live inventory and structural gates	﻿2026-09-22T10:47:42.8295527Z ##[group]Run set -euo pipefail
yosys-portability	Reconcile the live inventory and structural gates	2026-09-22T10:47:42.8296091Z ^[[36;1mset -euo pipefail^[[0m
yosys-portability	Reconcile the live inventory and structural gates	2026-09-22T10:47:42.8296651Z ^[[36;1msyn/yosys/run.sh --list > "$RUNNER_TEMP/expected-yosys-tops"^[[0m
yosys-portability	Reconcile the live inventory and structural gates	2026-09-22T10:47:42.8297225Z ^[[36;1mshopt -s nullglob^[[0m
yosys-portability	Reconcile the live inventory and structural gates	2026-09-22T10:47:42.8297747Z ^[[36;1mroots=("$RUNNER_TEMP"/all-yosys-results/yosys-results-*)^[[0m
yosys-portability	Reconcile the live inventory and structural gates	2026-09-22T10:47:42.8298301Z ^[[36;1mif [ "${#roots[@]}" -eq 0 ]; then^[[0m
yosys-portability	Reconcile the live inventory and structural gates	2026-09-22T10:47:42.8298819Z ^[[36;1m  mkdir -p "$RUNNER_TEMP/all-yosys-results/none"^[[0m
yosys-portability	Reconcile the live inventory and structural gates	2026-09-22T10:47:42.8299384Z ^[[36;1m  roots=("$RUNNER_TEMP/all-yosys-results/none")^[[0m
yosys-portability	Reconcile the live inventory and structural gates	2026-09-22T10:47:42.8299875Z ^[[36;1mfi^[[0m
yosys-portability	Reconcile the live inventory and structural gates	2026-09-22T10:47:42.8300299Z ^[[36;1mpython3 scripts/yosys_tally.py "${roots[@]}" \^[[0m
yosys-portability	Reconcile the live inventory and structural gates	2026-09-22T10:47:42.8300862Z ^[[36;1m  --expected "$RUNNER_TEMP/expected-yosys-tops" \^[[0m
yosys-portability	Reconcile the live inventory and structural gates	2026-09-22T10:47:42.8301387Z ^[[36;1m  --require-structural^[[0m
yosys-portability	Reconcile the live inventory and structural gates	2026-09-22T10:47:42.8366430Z shell: /usr/bin/bash -e {0}
yosys-portability	Reconcile the live inventory and structural gates	2026-09-22T10:47:42.8366863Z env:
yosys-portability	Reconcile the live inventory and structural gates	2026-09-22T10:47:42.8367218Z   VERILATOR_VERSION: v5.050
yosys-portability	Reconcile the live inventory and structural gates	2026-09-22T10:47:42.8367664Z   YOSYS_VERSION: v0.66
yosys-portability	Reconcile the live inventory and structural gates	2026-09-22T10:47:42.8368110Z   TSN_GEN_REV: deca300c9eb4863fa13383b45ba6cb6fd0828671
yosys-portability	Reconcile the live inventory and structural gates	2026-09-22T10:47:42.8368590Z ##[endgroup]
yosys-portability	Reconcile the live inventory and structural gates	2026-09-22T10:47:42.9632309Z Yosys evidence: expected=54 observed=54 errors=0
yosys-portability	Require every Yosys worker to pass	﻿2026-09-22T10:47:42.9748139Z ##[group]Run if [ "$SHARD_RESULT" != success ]; then
yosys-portability	Require every Yosys worker to pass	2026-09-22T10:47:42.9748773Z ^[[36;1mif [ "$SHARD_RESULT" != success ]; then^[[0m
yosys-portability	Require every Yosys worker to pass	2026-09-22T10:47:42.9749344Z ^[[36;1m  echo "one or more Yosys workers ended: $SHARD_RESULT" >&2^[[0m
yosys-portability	Require every Yosys worker to pass	2026-09-22T10:47:42.9749876Z ^[[36;1m  exit 1^[[0m
yosys-portability	Require every Yosys worker to pass	2026-09-22T10:47:42.9750396Z ^[[36;1mfi^[[0m
yosys-portability	Require every Yosys worker to pass	2026-09-22T10:47:42.9750879Z ^[[36;1mecho "yosys-portability: every worker succeeded at $GITHUB_SHA"^[[0m
yosys-portability	Require every Yosys worker to pass	2026-09-22T10:47:42.9815313Z shell: /usr/bin/bash -e {0}
yosys-portability	Require every Yosys worker to pass	2026-09-22T10:47:42.9815749Z env:
yosys-portability	Require every Yosys worker to pass	2026-09-22T10:47:42.9816098Z   VERILATOR_VERSION: v5.050
yosys-portability	Require every Yosys worker to pass	2026-09-22T10:47:42.9816503Z   YOSYS_VERSION: v0.66
yosys-portability	Require every Yosys worker to pass	2026-09-22T10:47:42.9816934Z   TSN_GEN_REV: deca300c9eb4863fa13383b45ba6cb6fd0828671
yosys-portability	Require every Yosys worker to pass	2026-09-22T10:47:42.9817431Z   SHARD_RESULT: success
yosys-portability	Require every Yosys worker to pass	2026-09-22T10:47:42.9817803Z ##[endgroup]
yosys-portability	Require every Yosys worker to pass	2026-09-22T10:47:42.9906646Z yosys-portability: every worker succeeded at ec34fcdee0ca9ffa63564a9af8ad70a3a618de29
yosys-portability	Post Run actions/checkout@v4	﻿2026-09-22T10:47:43.0053692Z Node 20 is being deprecated. This workflow is running with Node 24 by default. If you need to temporarily use Node 20, you can set the ACTIONS_ALLOW_USE_UNSECURE_NODE_VERSION=true environment variable. For more information see: https://github.blog/changelog/2025-09-19-deprecation-of-node-20-on-github-actions-runners/
yosys-portability	Post Run actions/checkout@v4	2026-09-22T10:47:43.0055332Z Post job cleanup.
yosys-portability	Post Run actions/checkout@v4	2026-09-22T10:47:43.0933868Z [command]/usr/bin/git version
yosys-portability	Post Run actions/checkout@v4	2026-09-22T10:47:43.1003690Z git version 2.55.0
yosys-portability	Post Run actions/checkout@v4	2026-09-22T10:47:43.1034373Z Temporarily overriding HOME='/home/runner/work/_temp/2dd167b3-93b2-4d47-a9f5-e7e66553d19a' before making global git config changes
yosys-portability	Post Run actions/checkout@v4	2026-09-22T10:47:43.1036341Z Adding repository directory to the temporary git global config as a safe directory
yosys-portability	Post Run actions/checkout@v4	2026-09-22T10:47:43.1037944Z [command]/usr/bin/git config --global --add safe.directory /home/runner/work/milan-fpga/milan-fpga
yosys-portability	Post Run actions/checkout@v4	2026-09-22T10:47:43.1080683Z [command]/usr/bin/git config --local --name-only --get-regexp core\.sshCommand
yosys-portability	Post Run actions/checkout@v4	2026-09-22T10:47:43.1118615Z [command]/usr/bin/git submodule foreach --recursive sh -c "git config --local --name-only --get-regexp 'core\.sshCommand' && git config --local --unset-all 'core.sshCommand' || :"
yosys-portability	Post Run actions/checkout@v4	2026-09-22T10:47:43.1412541Z [command]/usr/bin/git config --local --name-only --get-regexp http\.https\:\/\/github\.com\/\.extraheader
yosys-portability	Post Run actions/checkout@v4	2026-09-22T10:47:43.1441771Z http.https://github.com/.extraheader
yosys-portability	Post Run actions/checkout@v4	2026-09-22T10:47:43.1454899Z [command]/usr/bin/git config --local --unset-all http.https://github.com/.extraheader
yosys-portability	Post Run actions/checkout@v4	2026-09-22T10:47:43.1500061Z [command]/usr/bin/git submodule foreach --recursive sh -c "git config --local --name-only --get-regexp 'http\.https\:\/\/github\.com\/\.extraheader' && git config --local --unset-all 'http.https://github.com/.extraheader' || :"
yosys-portability	Post Run actions/checkout@v4	2026-09-22T10:47:43.1782114Z [command]/usr/bin/git config --local --name-only --get-regexp ^includeIf\.gitdir:
yosys-portability	Post Run actions/checkout@v4	2026-09-22T10:47:43.1817540Z [command]/usr/bin/git submodule foreach --recursive git config --local --show-origin --name-only --get-regexp remote.origin.url
yosys-portability	Complete job	﻿2026-09-22T10:47:43.2219280Z Cleaning up orphan processes
yosys-portability	Complete job	2026-09-22T10:47:43.2556126Z ##[warning]Node.js 20 is deprecated. The following actions target Node.js 20 but are being forced to run on Node.js 24: actions/checkout@v4, actions/download-artifact@v4. For more information see: https://github.blog/changelog/2025-09-19-deprecation-of-node-20-on-github-actions-runners/
