toolchain: {'cc': 'gcc (GCC) 16.2.1 20260810', 'cxx': 'g++ (GCC) 16.2.1 20260810', 'gcov': 'gcov (GCC) 16.2.1 20260810', 'gtest': '1.18.0', 'gmock': '1.18.0'}
wrote $SCRATCH/firmware-shard0/checkout/srp-srp_mbx-if2-endstation_ax7101_1x1_tdm8/contract/KL_mbx_pkg.sv (2 interfaces)
wrote $SCRATCH/firmware-shard0/checkout/srp-srp_mbx-if2-endstation_ax7101_1x1_tdm8/contract/KL_mbx.sv (2 interfaces)
wrote $SCRATCH/firmware-shard0/checkout/srp-srp_mbx-if2-endstation_ax7101_1x1_tdm8/contract/mbx_contract.h (2 interfaces)
wrote $SCRATCH/firmware-shard0/checkout/srp-debug-if2-endstation_ax7101_1x1_tdm8/contract/KL_mbx_pkg.sv (2 interfaces)
wrote $SCRATCH/firmware-shard0/checkout/srp-debug-if2-endstation_ax7101_1x1_tdm8/contract/KL_mbx.sv (2 interfaces)
wrote $SCRATCH/firmware-shard0/checkout/srp-debug-if2-endstation_ax7101_1x1_tdm8/contract/mbx_contract.h (2 interfaces)
wrote $SCRATCH/firmware-shard0/checkout/srp-srp_rx_retry-if2-endstation_ax7101_1x1_tdm8/contract/KL_mbx_pkg.sv (2 interfaces)
wrote $SCRATCH/firmware-shard0/checkout/srp-srp_rx_retry-if2-endstation_ax7101_1x1_tdm8/contract/KL_mbx.sv (2 interfaces)
wrote $SCRATCH/firmware-shard0/checkout/srp-srp_rx_retry-if2-endstation_ax7101_1x1_tdm8/contract/mbx_contract.h (2 interfaces)
wrote $SCRATCH/firmware-shard0/checkout/srp-srp_app-if2-endstation_ax7101_1x1_tdm8/contract/KL_mbx_pkg.sv (2 interfaces)
wrote $SCRATCH/firmware-shard0/checkout/srp-srp_app-if2-endstation_ax7101_1x1_tdm8/contract/KL_mbx.sv (2 interfaces)
wrote $SCRATCH/firmware-shard0/checkout/srp-srp_app-if2-endstation_ax7101_1x1_tdm8/contract/mbx_contract.h (2 interfaces)
wrote $SCRATCH/firmware-shard0/checkout/srp-srp_latency-if2-endstation_ax7101_1x1_tdm8/contract/KL_mbx_pkg.sv (2 interfaces)
wrote $SCRATCH/firmware-shard0/checkout/srp-srp_latency-if2-endstation_ax7101_1x1_tdm8/contract/KL_mbx.sv (2 interfaces)
wrote $SCRATCH/firmware-shard0/checkout/srp-srp_latency-if2-endstation_ax7101_1x1_tdm8/contract/mbx_contract.h (2 interfaces)
wrote $SCRATCH/firmware-shard0/checkout/srp-srp_walk-if2-endstation_ax7101_1x1_tdm8/contract/KL_mbx_pkg.sv (2 interfaces)
wrote $SCRATCH/firmware-shard0/checkout/srp-srp_walk-if2-endstation_ax7101_1x1_tdm8/contract/KL_mbx.sv (2 interfaces)
wrote $SCRATCH/firmware-shard0/checkout/srp-srp_walk-if2-endstation_ax7101_1x1_tdm8/contract/mbx_contract.h (2 interfaces)
wrote $SCRATCH/firmware-shard0/checkout/srp-srp_shape-if2-endstation_arty_4x4/contract/KL_mbx_pkg.sv (2 interfaces)
wrote $SCRATCH/firmware-shard0/checkout/srp-srp_shape-if2-endstation_arty_4x4/contract/KL_mbx.sv (2 interfaces)
wrote $SCRATCH/firmware-shard0/checkout/srp-srp_shape-if2-endstation_arty_4x4/contract/mbx_contract.h (2 interfaces)
wrote $SCRATCH/firmware-shard0/checkout/srp-rv32-if2-endstation_arty_4x4/contract/KL_mbx_pkg.sv (2 interfaces)
wrote $SCRATCH/firmware-shard0/checkout/srp-rv32-if2-endstation_arty_4x4/contract/KL_mbx.sv (2 interfaces)
wrote $SCRATCH/firmware-shard0/checkout/srp-rv32-if2-endstation_arty_4x4/contract/mbx_contract.h (2 interfaces)
wrote $SCRATCH/firmware-shard0/checkout/srp-srp_shape-if2-endstation_arty_8ch/contract/KL_mbx_pkg.sv (2 interfaces)
wrote $SCRATCH/firmware-shard0/checkout/srp-srp_shape-if2-endstation_arty_8ch/contract/KL_mbx.sv (2 interfaces)
wrote $SCRATCH/firmware-shard0/checkout/srp-srp_shape-if2-endstation_arty_8ch/contract/mbx_contract.h (2 interfaces)
wrote $SCRATCH/firmware-shard0/checkout/srp-rv32-if2-endstation_arty_8ch/contract/KL_mbx_pkg.sv (2 interfaces)
wrote $SCRATCH/firmware-shard0/checkout/srp-rv32-if2-endstation_arty_8ch/contract/KL_mbx.sv (2 interfaces)
wrote $SCRATCH/firmware-shard0/checkout/srp-rv32-if2-endstation_arty_8ch/contract/mbx_contract.h (2 interfaces)
wrote $SCRATCH/firmware-shard0/checkout/srp-srp_shape-if2-endstation_arty_current/contract/KL_mbx_pkg.sv (2 interfaces)
wrote $SCRATCH/firmware-shard0/checkout/srp-srp_shape-if2-endstation_arty_current/contract/KL_mbx.sv (2 interfaces)
wrote $SCRATCH/firmware-shard0/checkout/srp-srp_shape-if2-endstation_arty_current/contract/mbx_contract.h (2 interfaces)
wrote $SCRATCH/firmware-shard0/checkout/srp-rv32-if2-endstation_arty_current/contract/KL_mbx_pkg.sv (2 interfaces)
wrote $SCRATCH/firmware-shard0/checkout/srp-rv32-if2-endstation_arty_current/contract/KL_mbx.sv (2 interfaces)
wrote $SCRATCH/firmware-shard0/checkout/srp-rv32-if2-endstation_arty_current/contract/mbx_contract.h (2 interfaces)
wrote $SCRATCH/firmware-shard0/checkout/srp-srp_shape-if2-endstation_ax7101_1x1_tdm8/contract/KL_mbx_pkg.sv (2 interfaces)
wrote $SCRATCH/firmware-shard0/checkout/srp-srp_shape-if2-endstation_ax7101_1x1_tdm8/contract/KL_mbx.sv (2 interfaces)
wrote $SCRATCH/firmware-shard0/checkout/srp-srp_shape-if2-endstation_ax7101_1x1_tdm8/contract/mbx_contract.h (2 interfaces)
wrote $SCRATCH/firmware-shard0/checkout/srp-rv32-if2-endstation_ax7101_1x1_tdm8/contract/KL_mbx_pkg.sv (2 interfaces)
wrote $SCRATCH/firmware-shard0/checkout/srp-rv32-if2-endstation_ax7101_1x1_tdm8/contract/KL_mbx.sv (2 interfaces)
wrote $SCRATCH/firmware-shard0/checkout/srp-rv32-if2-endstation_ax7101_1x1_tdm8/contract/mbx_contract.h (2 interfaces)
wrote $SCRATCH/firmware-shard0/checkout/srp-srp_shape-if2-endstation_ax7101_8x8/contract/KL_mbx_pkg.sv (2 interfaces)
wrote $SCRATCH/firmware-shard0/checkout/srp-srp_shape-if2-endstation_ax7101_8x8/contract/KL_mbx.sv (2 interfaces)
wrote $SCRATCH/firmware-shard0/checkout/srp-srp_shape-if2-endstation_ax7101_8x8/contract/mbx_contract.h (2 interfaces)
wrote $SCRATCH/firmware-shard0/checkout/srp-rv32-if2-endstation_ax7101_8x8/contract/KL_mbx_pkg.sv (2 interfaces)
wrote $SCRATCH/firmware-shard0/checkout/srp-rv32-if2-endstation_ax7101_8x8/contract/KL_mbx.sv (2 interfaces)
wrote $SCRATCH/firmware-shard0/checkout/srp-rv32-if2-endstation_ax7101_8x8/contract/mbx_contract.h (2 interfaces)
[ok] arm model
    == mbx (host model): checks: 22   failures: 0 ==
    RESULT: PASS
    verdict: PASS (22 tests, 0 failures, exit 0)
[ok] arm port
    == ctrl port, driver and loop (host model): checks: 31   failures: 0 ==
    RESULT: PASS
    verdict: PASS (31 tests, 0 failures, exit 0)
[ok] arm adp
    C0 LINK_UP -> TMR_DELAY armed                 11 accesses (bound 11)
    C1 TMR_DELAY -> ENTITY_AVAILABLE, TMR_ADVERTISE  39 accesses (bound 39)
    C2 RCV_ADP_DISCOVER -> TMR_DELAY armed        31 accesses (bound 31)
    C3 TMR_ADVERTISE -> TMR_DELAY armed           11 accesses (bound 11)
    C4 GM_CHANGE -> TMR_DELAY armed               11 accesses (bound 11)
    C5 LINK_DOWN -> timer cancelled                9 accesses (bound 11)
    C6 SHUTDOWN -> ENTITY_DEPARTING committed     29 accesses (bound 29)
    backlog: 16 event records, 30 centiseconds, 28 receive records
    passes: events by 2, ENTITY_AVAILABLE in 2 (175 accesses), receive ring by 14 (457 accesses), idle at 15; worst pass 105 accesses
    F5 the costliest pass of the backlog         105 accesses (bound 407)
    E5 1 SHUTDOWNs, expiry taken before the room: room to ENTITY_AVAILABLE  63 accesses (bound 1628)
    E5 1 SHUTDOWNs, expiry taken after the room: room to ENTITY_AVAILABLE  69 accesses (bound 1628)
    E5 2 SHUTDOWNs, expiry taken before the room: room to ENTITY_AVAILABLE  93 accesses (bound 1628)
    E5 2 SHUTDOWNs, expiry taken after the room: room to ENTITY_AVAILABLE  99 accesses (bound 1628)
    E5 64 SHUTDOWNs, expiry taken before the room: room to ENTITY_AVAILABLE  93 accesses (bound 1628)
    E5 64 SHUTDOWNs, expiry taken after the room: room to ENTITY_AVAILABLE  99 accesses (bound 1628)
    == ctrl ADP slice (fake ports and host model): checks: 26   failures: 0 ==
    RESULT: PASS
    verdict: PASS (26 tests, 0 failures, exit 0)
[ok] arm unit
    == ctrl units on the HAL and port-layer mocks: checks: 23   failures: 0 ==
    RESULT: PASS
    verdict: PASS (23 tests, 0 failures, exit 0)
    == ctrl MMIO platform (host window): checks: 2   failures: 0 ==
    RESULT: PASS
    verdict: PASS (2 tests, 0 failures, exit 0)
[ok] arm walk
    walked 36 cells of the processor's ADV table (N 10, I 16, S 4, C 6); 9 draw-in-flight cells not applicable
    == ctrl ADP walk (processor stimulus, host model): checks: 41   failures: 0 ==
    RESULT: PASS
    verdict: PASS (41 tests, 0 failures, exit 0)
[ok] arm entity
    == ctrl ADP entity fields (endstation_arty_4x4): checks: 9   failures: 0 ==
    RESULT: PASS
    verdict: PASS (9 tests, 0 failures, exit 0)
    == ctrl ADP entity fields (endstation_arty_8ch): checks: 9   failures: 0 ==
    RESULT: PASS
    verdict: PASS (9 tests, 0 failures, exit 0)
    == ctrl ADP entity fields (endstation_arty_current): checks: 9   failures: 0 ==
    RESULT: PASS
    verdict: PASS (9 tests, 0 failures, exit 0)
    == ctrl ADP entity fields (endstation_ax7101_1x1_tdm8): checks: 9   failures: 0 ==
    RESULT: PASS
    verdict: PASS (9 tests, 0 failures, exit 0)
    == ctrl ADP entity fields (endstation_ax7101_8x8): checks: 9   failures: 0 ==
    RESULT: PASS
    verdict: PASS (9 tests, 0 failures, exit 0)
[ok] arm rv32
    riscv32-buildroot-linux-gnu-gcc -march=rv32i -mabi=ilp32 -ffreestanding -fno-stack-protector: 12 objects
    size (text data bss dec): 20268 0 178 20446
    largest static frame: 112 bytes (not a call-chain bound)
    undefined: __lshrdi3, __mulsi3, __udivsi3, __umodsi3, memcpy, memset, vsnprintf
    == ctrl RV32I freestanding build: checks: 1   failures: 0 ==
    RESULT: PASS
[ok] arm maap
    == ctrl MAAP Annex B: checks: 37   failures: 0 ==
    RESULT: PASS
    verdict: PASS (37 tests, 0 failures, exit 0)
    H-MAAP timer 0: 30 accesses, 8300 ns from original deadline (model)
    H-MAAP timer 1: 30 accesses, 11300 ns from original deadline (model)
    H-MAAP timer 2: 56 accesses, 16600 ns from original deadline (model)
    H-MAAP timer 3: 30 accesses, 19900 ns from original deadline (model)
    H-MAAP DEFEND: 40 accesses, 3900 ns from RX_HEAD (model)
    H-MAAP wake interface 0: 4700 ns from RX_HEAD (model)
    == ctrl H-MAAP mailbox: checks: 12   failures: 0 ==
    RESULT: PASS
    verdict: PASS (12 tests, 0 failures, exit 0)
[ok] arm maap_debug
    == ctrl MAAP debug port contract: checks: 1   failures: 0 ==
    RESULT: PASS
    verdict: PASS (1 tests, 0 failures, exit 0)
[ok] arm maap_if2
    H-MAAP timer 0: 30 accesses, 12200 ns from original deadline (model)
    H-MAAP timer 1: 30 accesses, 15200 ns from original deadline (model)
    H-MAAP timer 2: 56 accesses, 20500 ns from original deadline (model)
    H-MAAP timer 3: 30 accesses, 23800 ns from original deadline (model)
    H-MAAP DEFEND: 40 accesses, 3900 ns from RX_HEAD (model)
    H-MAAP wake interface 0: 4700 ns from RX_HEAD (model)
    H-MAAP wake interface 1: 4700 ns from RX_HEAD (model)
    H-MAAP interface 1 stall: 5004400 ns from RX_HEAD (model)
    == ctrl H-MAAP mailbox: checks: 13   failures: 0 ==
    RESULT: PASS
    verdict: PASS (13 tests, 0 failures, exit 0)
[ok] arm reentry_debug
    == ADP debug re-entry: checks: 122   failures: 0 ==
    RESULT: PASS
    verdict: PASS (122 tests, 0 failures, exit 0)
[ok] arm reentry_release
    == ADP release re-entry: checks: 122   failures: 0 ==
    RESULT: PASS
    verdict: PASS (122 tests, 0 failures, exit 0)
[ok] arm lwsrp
    lwSRP at 9197193e47a6bb1c45a56d90a18c1784123aba44
    pool class 0: 64-byte stride, high-water 1 of 32 blocks
    pool class 1: 256-byte stride, high-water 3 of 16 blocks
    pool class 2: 1024-byte stride, high-water 0 of 4 blocks
    == ctrl lwSRP port (lwSRP core on the static pool and the mailbox): checks: 1   failures: 0 ==
    RESULT: PASS
    verdict: PASS (1 tests, 0 failures, exit 0)
[ok] arm srp-srp_mbx-if1-endstation_ax7101_1x1_tdm8
    == ctrl SRP mailbox: checks: 53   failures: 0 ==
    RESULT: PASS
    verdict: PASS (53 tests, 0 failures, exit 0)
[ok] arm srp-debug-if1-endstation_ax7101_1x1_tdm8
    == ctrl SRP debug guard: checks: 3   failures: 0 ==
    RESULT: PASS
    verdict: PASS (3 tests, 0 failures, exit 0)
[ok] arm srp-srp_rx_retry-if1-endstation_ax7101_1x1_tdm8
    == ctrl SRP receive recovery: checks: 17   failures: 0 ==
    RESULT: PASS
    verdict: PASS (17 tests, 0 failures, exit 0)
[ok] arm srp-srp_app-if1-endstation_ax7101_1x1_tdm8
    == ctrl ADP MAAP SRP composition: checks: 2   failures: 0 ==
    RESULT: PASS
    verdict: PASS (2 tests, 0 failures, exit 0)
[ok] arm srp-srp_latency-if1-endstation_ax7101_1x1_tdm8
    == ctrl SRP service latency: checks: 5   failures: 0 ==
    RESULT: PASS
    verdict: PASS (5 tests, 0 failures, exit 0)
[ok] arm srp-srp_walk-if1-endstation_ax7101_1x1_tdm8
    == ctrl SRP processor wire differential: checks: 5   failures: 0 ==
    RESULT: PASS
    verdict: PASS (5 tests, 0 failures, exit 0)
[ok] arm srp-srp_mbx-if2-endstation_ax7101_1x1_tdm8
    == ctrl SRP mailbox: checks: 53   failures: 0 ==
    RESULT: PASS
    verdict: PASS (53 tests, 0 failures, exit 0)
[ok] arm srp-debug-if2-endstation_ax7101_1x1_tdm8
    == ctrl SRP debug guard: checks: 3   failures: 0 ==
    RESULT: PASS
    verdict: PASS (3 tests, 0 failures, exit 0)
[ok] arm srp-srp_rx_retry-if2-endstation_ax7101_1x1_tdm8
    == ctrl SRP receive recovery: checks: 17   failures: 0 ==
    RESULT: PASS
    verdict: PASS (17 tests, 0 failures, exit 0)
[ok] arm srp-srp_app-if2-endstation_ax7101_1x1_tdm8
    == ctrl ADP MAAP SRP composition: checks: 2   failures: 0 ==
    RESULT: PASS
    verdict: PASS (2 tests, 0 failures, exit 0)
[ok] arm srp-srp_latency-if2-endstation_ax7101_1x1_tdm8
    == ctrl SRP service latency: checks: 5   failures: 0 ==
    RESULT: PASS
    verdict: PASS (5 tests, 0 failures, exit 0)
[ok] arm srp-srp_walk-if2-endstation_ax7101_1x1_tdm8
    == ctrl SRP processor wire differential: checks: 5   failures: 0 ==
    RESULT: PASS
    verdict: PASS (5 tests, 0 failures, exit 0)
[ok] arm srp-srp_shape-if1-endstation_arty_4x4
    == ctrl SRP generated entity shape: checks: 1   failures: 0 ==
    RESULT: PASS
    verdict: PASS (1 tests, 0 failures, exit 0)
[ok] arm srp-rv32-if1-endstation_arty_4x4
    largest static frame: 208 bytes (not a call-chain bound)
    runtime dependencies: ['__lshrdi3', '__muldi3', '__mulsi3', '__udivsi3', '__umodsi3', 'memcmp', 'memcpy', 'memmove', 'memset', 'vsnprintf']
    text	   data	    bss	    dec	    hex	filename
    3408	      0	     26	   3434	    d6a	$SCRATCH/firmware-shard0/checkout/srp-rv32-if1-endstation_arty_4x4/mbx_mbx.o
    1636	      0	      0	   1636	    664	$SCRATCH/firmware-shard0/checkout/srp-rv32-if1-endstation_arty_4x4/loop_ctrl_loop.o
    1836	      0	      0	   1836	    72c	$SCRATCH/firmware-shard0/checkout/srp-rv32-if1-endstation_arty_4x4/port_ctrl_pool.o
    332	      0	    140	    472	    1d8	$SCRATCH/firmware-shard0/checkout/srp-rv32-if1-endstation_arty_4x4/port_ctrl_debug.o
    336	      0	      4	    340	    154	$SCRATCH/firmware-shard0/checkout/srp-rv32-if1-endstation_arty_4x4/port_shlan_port.o
    3592	      0	      8	   3600	    e10	$SCRATCH/firmware-shard0/checkout/srp-rv32-if1-endstation_arty_4x4/adp_adp.o
    1168	      0	      0	   1168	    490	$SCRATCH/firmware-shard0/checkout/srp-rv32-if1-endstation_arty_4x4/adp_adp_mbx.o
    4524	      0	      0	   4524	   11ac	$SCRATCH/firmware-shard0/checkout/srp-rv32-if1-endstation_arty_4x4/maap_maap.o
    1648	      0	      0	   1648	    670	$SCRATCH/firmware-shard0/checkout/srp-rv32-if1-endstation_arty_4x4/maap_maap_mbx.o
    972	      0	      0	    972	    3cc	$SCRATCH/firmware-shard0/checkout/srp-rv32-if1-endstation_arty_4x4/maap_maap_csr.o
    700	      0	      0	    700	    2bc	$SCRATCH/firmware-shard0/checkout/srp-rv32-if1-endstation_arty_4x4/app_ctrl_app.o
    8488	      0	      4	   8492	   212c	$SCRATCH/firmware-shard0/checkout/srp-rv32-if1-endstation_arty_4x4/srp_srp_mbx.o
    176	      0	      0	    176	     b0	$SCRATCH/firmware-shard0/checkout/srp-rv32-if1-endstation_arty_4x4/app_ctrl_app_srp.o
    12709	    140	      0	  12849	   3231	$SCRATCH/firmware-shard0/checkout/srp-rv32-if1-endstation_arty_4x4/core_mrp_mad.o
    1812	      0	      0	   1812	    714	$SCRATCH/firmware-shard0/checkout/srp-rv32-if1-endstation_arty_4x4/core_mrp_pdu.o
    328	      0	      4	    332	    14c	$SCRATCH/firmware-shard0/checkout/srp-rv32-if1-endstation_arty_4x4/ports_timer.o
    3242	      0	      0	   3242	    caa	$SCRATCH/firmware-shard0/checkout/srp-rv32-if1-endstation_arty_4x4/modules_msrp.o
    970	      0	      0	    970	    3ca	$SCRATCH/firmware-shard0/checkout/srp-rv32-if1-endstation_arty_4x4/modules_mvrp.o
    116	      0	      0	    116	     74	$SCRATCH/firmware-shard0/checkout/srp-rv32-if1-endstation_arty_4x4/plat_mbx_plat_mmio.o
    47993	    140	    186	  48319	   bcbf	(TOTALS)
    == SRP RV32 object checks: checks: 19   failures: 0 ==
    RESULT: PASS
[ok] arm srp-srp_shape-if2-endstation_arty_4x4
    == ctrl SRP generated entity shape: checks: 1   failures: 0 ==
    RESULT: PASS
    verdict: PASS (1 tests, 0 failures, exit 0)
[ok] arm srp-rv32-if2-endstation_arty_4x4
    largest static frame: 208 bytes (not a call-chain bound)
    runtime dependencies: ['__lshrdi3', '__muldi3', '__mulsi3', '__udivsi3', '__umodsi3', 'memcmp', 'memcpy', 'memmove', 'memset', 'vsnprintf']
    text	   data	    bss	    dec	    hex	filename
    3464	      0	     26	   3490	    da2	$SCRATCH/firmware-shard0/checkout/srp-rv32-if2-endstation_arty_4x4/mbx_mbx.o
    1656	      0	      0	   1656	    678	$SCRATCH/firmware-shard0/checkout/srp-rv32-if2-endstation_arty_4x4/loop_ctrl_loop.o
    1836	      0	      0	   1836	    72c	$SCRATCH/firmware-shard0/checkout/srp-rv32-if2-endstation_arty_4x4/port_ctrl_pool.o
    332	      0	    140	    472	    1d8	$SCRATCH/firmware-shard0/checkout/srp-rv32-if2-endstation_arty_4x4/port_ctrl_debug.o
    336	      0	      4	    340	    154	$SCRATCH/firmware-shard0/checkout/srp-rv32-if2-endstation_arty_4x4/port_shlan_port.o
    3592	      0	      8	   3600	    e10	$SCRATCH/firmware-shard0/checkout/srp-rv32-if2-endstation_arty_4x4/adp_adp.o
    1548	      0	      0	   1548	    60c	$SCRATCH/firmware-shard0/checkout/srp-rv32-if2-endstation_arty_4x4/adp_adp_mbx.o
    4524	      0	      0	   4524	   11ac	$SCRATCH/firmware-shard0/checkout/srp-rv32-if2-endstation_arty_4x4/maap_maap.o
    2092	      0	      0	   2092	    82c	$SCRATCH/firmware-shard0/checkout/srp-rv32-if2-endstation_arty_4x4/maap_maap_mbx.o
    972	      0	      0	    972	    3cc	$SCRATCH/firmware-shard0/checkout/srp-rv32-if2-endstation_arty_4x4/maap_maap_csr.o
    716	      0	      0	    716	    2cc	$SCRATCH/firmware-shard0/checkout/srp-rv32-if2-endstation_arty_4x4/app_ctrl_app.o
    9020	      0	      4	   9024	   2340	$SCRATCH/firmware-shard0/checkout/srp-rv32-if2-endstation_arty_4x4/srp_srp_mbx.o
    176	      0	      0	    176	     b0	$SCRATCH/firmware-shard0/checkout/srp-rv32-if2-endstation_arty_4x4/app_ctrl_app_srp.o
    12709	    140	      0	  12849	   3231	$SCRATCH/firmware-shard0/checkout/srp-rv32-if2-endstation_arty_4x4/core_mrp_mad.o
    1812	      0	      0	   1812	    714	$SCRATCH/firmware-shard0/checkout/srp-rv32-if2-endstation_arty_4x4/core_mrp_pdu.o
    328	      0	      4	    332	    14c	$SCRATCH/firmware-shard0/checkout/srp-rv32-if2-endstation_arty_4x4/ports_timer.o
    3242	      0	      0	   3242	    caa	$SCRATCH/firmware-shard0/checkout/srp-rv32-if2-endstation_arty_4x4/modules_msrp.o
    970	      0	      0	    970	    3ca	$SCRATCH/firmware-shard0/checkout/srp-rv32-if2-endstation_arty_4x4/modules_mvrp.o
    116	      0	      0	    116	     74	$SCRATCH/firmware-shard0/checkout/srp-rv32-if2-endstation_arty_4x4/plat_mbx_plat_mmio.o
    49441	    140	    186	  49767	   c267	(TOTALS)
    == SRP RV32 object checks: checks: 19   failures: 0 ==
    RESULT: PASS
[ok] arm srp-srp_shape-if1-endstation_arty_8ch
    == ctrl SRP generated entity shape: checks: 1   failures: 0 ==
    RESULT: PASS
    verdict: PASS (1 tests, 0 failures, exit 0)
[ok] arm srp-rv32-if1-endstation_arty_8ch
    largest static frame: 208 bytes (not a call-chain bound)
    runtime dependencies: ['__lshrdi3', '__muldi3', '__mulsi3', '__udivsi3', '__umodsi3', 'memcmp', 'memcpy', 'memmove', 'memset', 'vsnprintf']
    text	   data	    bss	    dec	    hex	filename
    3408	      0	     26	   3434	    d6a	$SCRATCH/firmware-shard0/checkout/srp-rv32-if1-endstation_arty_8ch/mbx_mbx.o
    1636	      0	      0	   1636	    664	$SCRATCH/firmware-shard0/checkout/srp-rv32-if1-endstation_arty_8ch/loop_ctrl_loop.o
    1836	      0	      0	   1836	    72c	$SCRATCH/firmware-shard0/checkout/srp-rv32-if1-endstation_arty_8ch/port_ctrl_pool.o
    332	      0	    140	    472	    1d8	$SCRATCH/firmware-shard0/checkout/srp-rv32-if1-endstation_arty_8ch/port_ctrl_debug.o
    336	      0	      4	    340	    154	$SCRATCH/firmware-shard0/checkout/srp-rv32-if1-endstation_arty_8ch/port_shlan_port.o
    3592	      0	      8	   3600	    e10	$SCRATCH/firmware-shard0/checkout/srp-rv32-if1-endstation_arty_8ch/adp_adp.o
    1168	      0	      0	   1168	    490	$SCRATCH/firmware-shard0/checkout/srp-rv32-if1-endstation_arty_8ch/adp_adp_mbx.o
    4524	      0	      0	   4524	   11ac	$SCRATCH/firmware-shard0/checkout/srp-rv32-if1-endstation_arty_8ch/maap_maap.o
    1648	      0	      0	   1648	    670	$SCRATCH/firmware-shard0/checkout/srp-rv32-if1-endstation_arty_8ch/maap_maap_mbx.o
    972	      0	      0	    972	    3cc	$SCRATCH/firmware-shard0/checkout/srp-rv32-if1-endstation_arty_8ch/maap_maap_csr.o
    700	      0	      0	    700	    2bc	$SCRATCH/firmware-shard0/checkout/srp-rv32-if1-endstation_arty_8ch/app_ctrl_app.o
    8488	      0	      4	   8492	   212c	$SCRATCH/firmware-shard0/checkout/srp-rv32-if1-endstation_arty_8ch/srp_srp_mbx.o
    176	      0	      0	    176	     b0	$SCRATCH/firmware-shard0/checkout/srp-rv32-if1-endstation_arty_8ch/app_ctrl_app_srp.o
    12709	    140	      0	  12849	   3231	$SCRATCH/firmware-shard0/checkout/srp-rv32-if1-endstation_arty_8ch/core_mrp_mad.o
    1812	      0	      0	   1812	    714	$SCRATCH/firmware-shard0/checkout/srp-rv32-if1-endstation_arty_8ch/core_mrp_pdu.o
    328	      0	      4	    332	    14c	$SCRATCH/firmware-shard0/checkout/srp-rv32-if1-endstation_arty_8ch/ports_timer.o
    3242	      0	      0	   3242	    caa	$SCRATCH/firmware-shard0/checkout/srp-rv32-if1-endstation_arty_8ch/modules_msrp.o
    970	      0	      0	    970	    3ca	$SCRATCH/firmware-shard0/checkout/srp-rv32-if1-endstation_arty_8ch/modules_mvrp.o
    116	      0	      0	    116	     74	$SCRATCH/firmware-shard0/checkout/srp-rv32-if1-endstation_arty_8ch/plat_mbx_plat_mmio.o
    47993	    140	    186	  48319	   bcbf	(TOTALS)
    == SRP RV32 object checks: checks: 19   failures: 0 ==
    RESULT: PASS
[ok] arm srp-srp_shape-if2-endstation_arty_8ch
    == ctrl SRP generated entity shape: checks: 1   failures: 0 ==
    RESULT: PASS
    verdict: PASS (1 tests, 0 failures, exit 0)
[ok] arm srp-rv32-if2-endstation_arty_8ch
    largest static frame: 208 bytes (not a call-chain bound)
    runtime dependencies: ['__lshrdi3', '__muldi3', '__mulsi3', '__udivsi3', '__umodsi3', 'memcmp', 'memcpy', 'memmove', 'memset', 'vsnprintf']
    text	   data	    bss	    dec	    hex	filename
    3464	      0	     26	   3490	    da2	$SCRATCH/firmware-shard0/checkout/srp-rv32-if2-endstation_arty_8ch/mbx_mbx.o
    1656	      0	      0	   1656	    678	$SCRATCH/firmware-shard0/checkout/srp-rv32-if2-endstation_arty_8ch/loop_ctrl_loop.o
    1836	      0	      0	   1836	    72c	$SCRATCH/firmware-shard0/checkout/srp-rv32-if2-endstation_arty_8ch/port_ctrl_pool.o
    332	      0	    140	    472	    1d8	$SCRATCH/firmware-shard0/checkout/srp-rv32-if2-endstation_arty_8ch/port_ctrl_debug.o
    336	      0	      4	    340	    154	$SCRATCH/firmware-shard0/checkout/srp-rv32-if2-endstation_arty_8ch/port_shlan_port.o
    3592	      0	      8	   3600	    e10	$SCRATCH/firmware-shard0/checkout/srp-rv32-if2-endstation_arty_8ch/adp_adp.o
    1548	      0	      0	   1548	    60c	$SCRATCH/firmware-shard0/checkout/srp-rv32-if2-endstation_arty_8ch/adp_adp_mbx.o
    4524	      0	      0	   4524	   11ac	$SCRATCH/firmware-shard0/checkout/srp-rv32-if2-endstation_arty_8ch/maap_maap.o
    2092	      0	      0	   2092	    82c	$SCRATCH/firmware-shard0/checkout/srp-rv32-if2-endstation_arty_8ch/maap_maap_mbx.o
    972	      0	      0	    972	    3cc	$SCRATCH/firmware-shard0/checkout/srp-rv32-if2-endstation_arty_8ch/maap_maap_csr.o
    716	      0	      0	    716	    2cc	$SCRATCH/firmware-shard0/checkout/srp-rv32-if2-endstation_arty_8ch/app_ctrl_app.o
    9020	      0	      4	   9024	   2340	$SCRATCH/firmware-shard0/checkout/srp-rv32-if2-endstation_arty_8ch/srp_srp_mbx.o
    176	      0	      0	    176	     b0	$SCRATCH/firmware-shard0/checkout/srp-rv32-if2-endstation_arty_8ch/app_ctrl_app_srp.o
    12709	    140	      0	  12849	   3231	$SCRATCH/firmware-shard0/checkout/srp-rv32-if2-endstation_arty_8ch/core_mrp_mad.o
    1812	      0	      0	   1812	    714	$SCRATCH/firmware-shard0/checkout/srp-rv32-if2-endstation_arty_8ch/core_mrp_pdu.o
    328	      0	      4	    332	    14c	$SCRATCH/firmware-shard0/checkout/srp-rv32-if2-endstation_arty_8ch/ports_timer.o
    3242	      0	      0	   3242	    caa	$SCRATCH/firmware-shard0/checkout/srp-rv32-if2-endstation_arty_8ch/modules_msrp.o
    970	      0	      0	    970	    3ca	$SCRATCH/firmware-shard0/checkout/srp-rv32-if2-endstation_arty_8ch/modules_mvrp.o
    116	      0	      0	    116	     74	$SCRATCH/firmware-shard0/checkout/srp-rv32-if2-endstation_arty_8ch/plat_mbx_plat_mmio.o
    49441	    140	    186	  49767	   c267	(TOTALS)
    == SRP RV32 object checks: checks: 19   failures: 0 ==
    RESULT: PASS
[ok] arm srp-srp_shape-if1-endstation_arty_current
    == ctrl SRP generated entity shape: checks: 1   failures: 0 ==
    RESULT: PASS
    verdict: PASS (1 tests, 0 failures, exit 0)
[ok] arm srp-rv32-if1-endstation_arty_current
    largest static frame: 208 bytes (not a call-chain bound)
    runtime dependencies: ['__lshrdi3', '__muldi3', '__mulsi3', '__udivsi3', '__umodsi3', 'memcmp', 'memcpy', 'memmove', 'memset', 'vsnprintf']
    text	   data	    bss	    dec	    hex	filename
    3408	      0	     26	   3434	    d6a	$SCRATCH/firmware-shard0/checkout/srp-rv32-if1-endstation_arty_current/mbx_mbx.o
    1636	      0	      0	   1636	    664	$SCRATCH/firmware-shard0/checkout/srp-rv32-if1-endstation_arty_current/loop_ctrl_loop.o
    1836	      0	      0	   1836	    72c	$SCRATCH/firmware-shard0/checkout/srp-rv32-if1-endstation_arty_current/port_ctrl_pool.o
    332	      0	    140	    472	    1d8	$SCRATCH/firmware-shard0/checkout/srp-rv32-if1-endstation_arty_current/port_ctrl_debug.o
    336	      0	      4	    340	    154	$SCRATCH/firmware-shard0/checkout/srp-rv32-if1-endstation_arty_current/port_shlan_port.o
    3592	      0	      8	   3600	    e10	$SCRATCH/firmware-shard0/checkout/srp-rv32-if1-endstation_arty_current/adp_adp.o
    1168	      0	      0	   1168	    490	$SCRATCH/firmware-shard0/checkout/srp-rv32-if1-endstation_arty_current/adp_adp_mbx.o
    4524	      0	      0	   4524	   11ac	$SCRATCH/firmware-shard0/checkout/srp-rv32-if1-endstation_arty_current/maap_maap.o
    1648	      0	      0	   1648	    670	$SCRATCH/firmware-shard0/checkout/srp-rv32-if1-endstation_arty_current/maap_maap_mbx.o
    972	      0	      0	    972	    3cc	$SCRATCH/firmware-shard0/checkout/srp-rv32-if1-endstation_arty_current/maap_maap_csr.o
    700	      0	      0	    700	    2bc	$SCRATCH/firmware-shard0/checkout/srp-rv32-if1-endstation_arty_current/app_ctrl_app.o
    8168	      0	      4	   8172	   1fec	$SCRATCH/firmware-shard0/checkout/srp-rv32-if1-endstation_arty_current/srp_srp_mbx.o
    176	      0	      0	    176	     b0	$SCRATCH/firmware-shard0/checkout/srp-rv32-if1-endstation_arty_current/app_ctrl_app_srp.o
    12709	    140	      0	  12849	   3231	$SCRATCH/firmware-shard0/checkout/srp-rv32-if1-endstation_arty_current/core_mrp_mad.o
    1812	      0	      0	   1812	    714	$SCRATCH/firmware-shard0/checkout/srp-rv32-if1-endstation_arty_current/core_mrp_pdu.o
    328	      0	      4	    332	    14c	$SCRATCH/firmware-shard0/checkout/srp-rv32-if1-endstation_arty_current/ports_timer.o
    3242	      0	      0	   3242	    caa	$SCRATCH/firmware-shard0/checkout/srp-rv32-if1-endstation_arty_current/modules_msrp.o
    970	      0	      0	    970	    3ca	$SCRATCH/firmware-shard0/checkout/srp-rv32-if1-endstation_arty_current/modules_mvrp.o
    116	      0	      0	    116	     74	$SCRATCH/firmware-shard0/checkout/srp-rv32-if1-endstation_arty_current/plat_mbx_plat_mmio.o
    47673	    140	    186	  47999	   bb7f	(TOTALS)
    == SRP RV32 object checks: checks: 19   failures: 0 ==
    RESULT: PASS
[ok] arm srp-srp_shape-if2-endstation_arty_current
    == ctrl SRP generated entity shape: checks: 1   failures: 0 ==
    RESULT: PASS
    verdict: PASS (1 tests, 0 failures, exit 0)
[ok] arm srp-rv32-if2-endstation_arty_current
    largest static frame: 208 bytes (not a call-chain bound)
    runtime dependencies: ['__lshrdi3', '__muldi3', '__mulsi3', '__udivsi3', '__umodsi3', 'memcmp', 'memcpy', 'memmove', 'memset', 'vsnprintf']
    text	   data	    bss	    dec	    hex	filename
    3464	      0	     26	   3490	    da2	$SCRATCH/firmware-shard0/checkout/srp-rv32-if2-endstation_arty_current/mbx_mbx.o
    1656	      0	      0	   1656	    678	$SCRATCH/firmware-shard0/checkout/srp-rv32-if2-endstation_arty_current/loop_ctrl_loop.o
    1836	      0	      0	   1836	    72c	$SCRATCH/firmware-shard0/checkout/srp-rv32-if2-endstation_arty_current/port_ctrl_pool.o
    332	      0	    140	    472	    1d8	$SCRATCH/firmware-shard0/checkout/srp-rv32-if2-endstation_arty_current/port_ctrl_debug.o
    336	      0	      4	    340	    154	$SCRATCH/firmware-shard0/checkout/srp-rv32-if2-endstation_arty_current/port_shlan_port.o
    3592	      0	      8	   3600	    e10	$SCRATCH/firmware-shard0/checkout/srp-rv32-if2-endstation_arty_current/adp_adp.o
    1548	      0	      0	   1548	    60c	$SCRATCH/firmware-shard0/checkout/srp-rv32-if2-endstation_arty_current/adp_adp_mbx.o
    4524	      0	      0	   4524	   11ac	$SCRATCH/firmware-shard0/checkout/srp-rv32-if2-endstation_arty_current/maap_maap.o
    2092	      0	      0	   2092	    82c	$SCRATCH/firmware-shard0/checkout/srp-rv32-if2-endstation_arty_current/maap_maap_mbx.o
    972	      0	      0	    972	    3cc	$SCRATCH/firmware-shard0/checkout/srp-rv32-if2-endstation_arty_current/maap_maap_csr.o
    716	      0	      0	    716	    2cc	$SCRATCH/firmware-shard0/checkout/srp-rv32-if2-endstation_arty_current/app_ctrl_app.o
    8660	      0	      4	   8664	   21d8	$SCRATCH/firmware-shard0/checkout/srp-rv32-if2-endstation_arty_current/srp_srp_mbx.o
    176	      0	      0	    176	     b0	$SCRATCH/firmware-shard0/checkout/srp-rv32-if2-endstation_arty_current/app_ctrl_app_srp.o
    12709	    140	      0	  12849	   3231	$SCRATCH/firmware-shard0/checkout/srp-rv32-if2-endstation_arty_current/core_mrp_mad.o
    1812	      0	      0	   1812	    714	$SCRATCH/firmware-shard0/checkout/srp-rv32-if2-endstation_arty_current/core_mrp_pdu.o
    328	      0	      4	    332	    14c	$SCRATCH/firmware-shard0/checkout/srp-rv32-if2-endstation_arty_current/ports_timer.o
    3242	      0	      0	   3242	    caa	$SCRATCH/firmware-shard0/checkout/srp-rv32-if2-endstation_arty_current/modules_msrp.o
    970	      0	      0	    970	    3ca	$SCRATCH/firmware-shard0/checkout/srp-rv32-if2-endstation_arty_current/modules_mvrp.o
    116	      0	      0	    116	     74	$SCRATCH/firmware-shard0/checkout/srp-rv32-if2-endstation_arty_current/plat_mbx_plat_mmio.o
    49081	    140	    186	  49407	   c0ff	(TOTALS)
    == SRP RV32 object checks: checks: 19   failures: 0 ==
    RESULT: PASS
[ok] arm srp-srp_shape-if1-endstation_ax7101_1x1_tdm8
    == ctrl SRP generated entity shape: checks: 1   failures: 0 ==
    RESULT: PASS
    verdict: PASS (1 tests, 0 failures, exit 0)
[ok] arm srp-rv32-if1-endstation_ax7101_1x1_tdm8
    largest static frame: 208 bytes (not a call-chain bound)
    runtime dependencies: ['__lshrdi3', '__muldi3', '__mulsi3', '__udivsi3', '__umodsi3', 'memcmp', 'memcpy', 'memmove', 'memset', 'vsnprintf']
    text	   data	    bss	    dec	    hex	filename
    3408	      0	     26	   3434	    d6a	$SCRATCH/firmware-shard0/checkout/srp-rv32-if1-endstation_ax7101_1x1_tdm8/mbx_mbx.o
    1636	      0	      0	   1636	    664	$SCRATCH/firmware-shard0/checkout/srp-rv32-if1-endstation_ax7101_1x1_tdm8/loop_ctrl_loop.o
    1836	      0	      0	   1836	    72c	$SCRATCH/firmware-shard0/checkout/srp-rv32-if1-endstation_ax7101_1x1_tdm8/port_ctrl_pool.o
    332	      0	    140	    472	    1d8	$SCRATCH/firmware-shard0/checkout/srp-rv32-if1-endstation_ax7101_1x1_tdm8/port_ctrl_debug.o
    336	      0	      4	    340	    154	$SCRATCH/firmware-shard0/checkout/srp-rv32-if1-endstation_ax7101_1x1_tdm8/port_shlan_port.o
    3592	      0	      8	   3600	    e10	$SCRATCH/firmware-shard0/checkout/srp-rv32-if1-endstation_ax7101_1x1_tdm8/adp_adp.o
    1168	      0	      0	   1168	    490	$SCRATCH/firmware-shard0/checkout/srp-rv32-if1-endstation_ax7101_1x1_tdm8/adp_adp_mbx.o
    4524	      0	      0	   4524	   11ac	$SCRATCH/firmware-shard0/checkout/srp-rv32-if1-endstation_ax7101_1x1_tdm8/maap_maap.o
    1648	      0	      0	   1648	    670	$SCRATCH/firmware-shard0/checkout/srp-rv32-if1-endstation_ax7101_1x1_tdm8/maap_maap_mbx.o
    972	      0	      0	    972	    3cc	$SCRATCH/firmware-shard0/checkout/srp-rv32-if1-endstation_ax7101_1x1_tdm8/maap_maap_csr.o
    700	      0	      0	    700	    2bc	$SCRATCH/firmware-shard0/checkout/srp-rv32-if1-endstation_ax7101_1x1_tdm8/app_ctrl_app.o
    8564	      0	      4	   8568	   2178	$SCRATCH/firmware-shard0/checkout/srp-rv32-if1-endstation_ax7101_1x1_tdm8/srp_srp_mbx.o
    176	      0	      0	    176	     b0	$SCRATCH/firmware-shard0/checkout/srp-rv32-if1-endstation_ax7101_1x1_tdm8/app_ctrl_app_srp.o
    12709	    140	      0	  12849	   3231	$SCRATCH/firmware-shard0/checkout/srp-rv32-if1-endstation_ax7101_1x1_tdm8/core_mrp_mad.o
    1812	      0	      0	   1812	    714	$SCRATCH/firmware-shard0/checkout/srp-rv32-if1-endstation_ax7101_1x1_tdm8/core_mrp_pdu.o
    328	      0	      4	    332	    14c	$SCRATCH/firmware-shard0/checkout/srp-rv32-if1-endstation_ax7101_1x1_tdm8/ports_timer.o
    3242	      0	      0	   3242	    caa	$SCRATCH/firmware-shard0/checkout/srp-rv32-if1-endstation_ax7101_1x1_tdm8/modules_msrp.o
    970	      0	      0	    970	    3ca	$SCRATCH/firmware-shard0/checkout/srp-rv32-if1-endstation_ax7101_1x1_tdm8/modules_mvrp.o
    116	      0	      0	    116	     74	$SCRATCH/firmware-shard0/checkout/srp-rv32-if1-endstation_ax7101_1x1_tdm8/plat_mbx_plat_mmio.o
    48069	    140	    186	  48395	   bd0b	(TOTALS)
    == SRP RV32 object checks: checks: 19   failures: 0 ==
    RESULT: PASS
[ok] arm srp-srp_shape-if2-endstation_ax7101_1x1_tdm8
    == ctrl SRP generated entity shape: checks: 1   failures: 0 ==
    RESULT: PASS
    verdict: PASS (1 tests, 0 failures, exit 0)
[ok] arm srp-rv32-if2-endstation_ax7101_1x1_tdm8
    largest static frame: 208 bytes (not a call-chain bound)
    runtime dependencies: ['__lshrdi3', '__muldi3', '__mulsi3', '__udivsi3', '__umodsi3', 'memcmp', 'memcpy', 'memmove', 'memset', 'vsnprintf']
    text	   data	    bss	    dec	    hex	filename
    3464	      0	     26	   3490	    da2	$SCRATCH/firmware-shard0/checkout/srp-rv32-if2-endstation_ax7101_1x1_tdm8/mbx_mbx.o
    1656	      0	      0	   1656	    678	$SCRATCH/firmware-shard0/checkout/srp-rv32-if2-endstation_ax7101_1x1_tdm8/loop_ctrl_loop.o
    1836	      0	      0	   1836	    72c	$SCRATCH/firmware-shard0/checkout/srp-rv32-if2-endstation_ax7101_1x1_tdm8/port_ctrl_pool.o
    332	      0	    140	    472	    1d8	$SCRATCH/firmware-shard0/checkout/srp-rv32-if2-endstation_ax7101_1x1_tdm8/port_ctrl_debug.o
    336	      0	      4	    340	    154	$SCRATCH/firmware-shard0/checkout/srp-rv32-if2-endstation_ax7101_1x1_tdm8/port_shlan_port.o
    3592	      0	      8	   3600	    e10	$SCRATCH/firmware-shard0/checkout/srp-rv32-if2-endstation_ax7101_1x1_tdm8/adp_adp.o
    1548	      0	      0	   1548	    60c	$SCRATCH/firmware-shard0/checkout/srp-rv32-if2-endstation_ax7101_1x1_tdm8/adp_adp_mbx.o
    4524	      0	      0	   4524	   11ac	$SCRATCH/firmware-shard0/checkout/srp-rv32-if2-endstation_ax7101_1x1_tdm8/maap_maap.o
    2092	      0	      0	   2092	    82c	$SCRATCH/firmware-shard0/checkout/srp-rv32-if2-endstation_ax7101_1x1_tdm8/maap_maap_mbx.o
    972	      0	      0	    972	    3cc	$SCRATCH/firmware-shard0/checkout/srp-rv32-if2-endstation_ax7101_1x1_tdm8/maap_maap_csr.o
    716	      0	      0	    716	    2cc	$SCRATCH/firmware-shard0/checkout/srp-rv32-if2-endstation_ax7101_1x1_tdm8/app_ctrl_app.o
    9044	      0	      4	   9048	   2358	$SCRATCH/firmware-shard0/checkout/srp-rv32-if2-endstation_ax7101_1x1_tdm8/srp_srp_mbx.o
    176	      0	      0	    176	     b0	$SCRATCH/firmware-shard0/checkout/srp-rv32-if2-endstation_ax7101_1x1_tdm8/app_ctrl_app_srp.o
    12709	    140	      0	  12849	   3231	$SCRATCH/firmware-shard0/checkout/srp-rv32-if2-endstation_ax7101_1x1_tdm8/core_mrp_mad.o
    1812	      0	      0	   1812	    714	$SCRATCH/firmware-shard0/checkout/srp-rv32-if2-endstation_ax7101_1x1_tdm8/core_mrp_pdu.o
    328	      0	      4	    332	    14c	$SCRATCH/firmware-shard0/checkout/srp-rv32-if2-endstation_ax7101_1x1_tdm8/ports_timer.o
    3242	      0	      0	   3242	    caa	$SCRATCH/firmware-shard0/checkout/srp-rv32-if2-endstation_ax7101_1x1_tdm8/modules_msrp.o
    970	      0	      0	    970	    3ca	$SCRATCH/firmware-shard0/checkout/srp-rv32-if2-endstation_ax7101_1x1_tdm8/modules_mvrp.o
    116	      0	      0	    116	     74	$SCRATCH/firmware-shard0/checkout/srp-rv32-if2-endstation_ax7101_1x1_tdm8/plat_mbx_plat_mmio.o
    49465	    140	    186	  49791	   c27f	(TOTALS)
    == SRP RV32 object checks: checks: 19   failures: 0 ==
    RESULT: PASS
[ok] arm srp-srp_shape-if1-endstation_ax7101_8x8
    == ctrl SRP generated entity shape: checks: 1   failures: 0 ==
    RESULT: PASS
    verdict: PASS (1 tests, 0 failures, exit 0)
[ok] arm srp-rv32-if1-endstation_ax7101_8x8
    largest static frame: 208 bytes (not a call-chain bound)
    runtime dependencies: ['__lshrdi3', '__muldi3', '__mulsi3', '__udivsi3', '__umodsi3', 'memcmp', 'memcpy', 'memmove', 'memset', 'vsnprintf']
    text	   data	    bss	    dec	    hex	filename
    3408	      0	     26	   3434	    d6a	$SCRATCH/firmware-shard0/checkout/srp-rv32-if1-endstation_ax7101_8x8/mbx_mbx.o
    1636	      0	      0	   1636	    664	$SCRATCH/firmware-shard0/checkout/srp-rv32-if1-endstation_ax7101_8x8/loop_ctrl_loop.o
    1836	      0	      0	   1836	    72c	$SCRATCH/firmware-shard0/checkout/srp-rv32-if1-endstation_ax7101_8x8/port_ctrl_pool.o
    332	      0	    140	    472	    1d8	$SCRATCH/firmware-shard0/checkout/srp-rv32-if1-endstation_ax7101_8x8/port_ctrl_debug.o
    336	      0	      4	    340	    154	$SCRATCH/firmware-shard0/checkout/srp-rv32-if1-endstation_ax7101_8x8/port_shlan_port.o
    3592	      0	      8	   3600	    e10	$SCRATCH/firmware-shard0/checkout/srp-rv32-if1-endstation_ax7101_8x8/adp_adp.o
    1168	      0	      0	   1168	    490	$SCRATCH/firmware-shard0/checkout/srp-rv32-if1-endstation_ax7101_8x8/adp_adp_mbx.o
    4524	      0	      0	   4524	   11ac	$SCRATCH/firmware-shard0/checkout/srp-rv32-if1-endstation_ax7101_8x8/maap_maap.o
    1648	      0	      0	   1648	    670	$SCRATCH/firmware-shard0/checkout/srp-rv32-if1-endstation_ax7101_8x8/maap_maap_mbx.o
    972	      0	      0	    972	    3cc	$SCRATCH/firmware-shard0/checkout/srp-rv32-if1-endstation_ax7101_8x8/maap_maap_csr.o
    700	      0	      0	    700	    2bc	$SCRATCH/firmware-shard0/checkout/srp-rv32-if1-endstation_ax7101_8x8/app_ctrl_app.o
    8508	      0	      4	   8512	   2140	$SCRATCH/firmware-shard0/checkout/srp-rv32-if1-endstation_ax7101_8x8/srp_srp_mbx.o
    176	      0	      0	    176	     b0	$SCRATCH/firmware-shard0/checkout/srp-rv32-if1-endstation_ax7101_8x8/app_ctrl_app_srp.o
    12709	    140	      0	  12849	   3231	$SCRATCH/firmware-shard0/checkout/srp-rv32-if1-endstation_ax7101_8x8/core_mrp_mad.o
    1812	      0	      0	   1812	    714	$SCRATCH/firmware-shard0/checkout/srp-rv32-if1-endstation_ax7101_8x8/core_mrp_pdu.o
    328	      0	      4	    332	    14c	$SCRATCH/firmware-shard0/checkout/srp-rv32-if1-endstation_ax7101_8x8/ports_timer.o
    3242	      0	      0	   3242	    caa	$SCRATCH/firmware-shard0/checkout/srp-rv32-if1-endstation_ax7101_8x8/modules_msrp.o
    970	      0	      0	    970	    3ca	$SCRATCH/firmware-shard0/checkout/srp-rv32-if1-endstation_ax7101_8x8/modules_mvrp.o
    116	      0	      0	    116	     74	$SCRATCH/firmware-shard0/checkout/srp-rv32-if1-endstation_ax7101_8x8/plat_mbx_plat_mmio.o
    48013	    140	    186	  48339	   bcd3	(TOTALS)
    == SRP RV32 object checks: checks: 19   failures: 0 ==
    RESULT: PASS
[ok] arm srp-srp_shape-if2-endstation_ax7101_8x8
    == ctrl SRP generated entity shape: checks: 1   failures: 0 ==
    RESULT: PASS
    verdict: PASS (1 tests, 0 failures, exit 0)
[ok] arm srp-rv32-if2-endstation_ax7101_8x8
    largest static frame: 208 bytes (not a call-chain bound)
    runtime dependencies: ['__lshrdi3', '__muldi3', '__mulsi3', '__udivsi3', '__umodsi3', 'memcmp', 'memcpy', 'memmove', 'memset', 'vsnprintf']
    text	   data	    bss	    dec	    hex	filename
    3464	      0	     26	   3490	    da2	$SCRATCH/firmware-shard0/checkout/srp-rv32-if2-endstation_ax7101_8x8/mbx_mbx.o
    1656	      0	      0	   1656	    678	$SCRATCH/firmware-shard0/checkout/srp-rv32-if2-endstation_ax7101_8x8/loop_ctrl_loop.o
    1836	      0	      0	   1836	    72c	$SCRATCH/firmware-shard0/checkout/srp-rv32-if2-endstation_ax7101_8x8/port_ctrl_pool.o
    332	      0	    140	    472	    1d8	$SCRATCH/firmware-shard0/checkout/srp-rv32-if2-endstation_ax7101_8x8/port_ctrl_debug.o
    336	      0	      4	    340	    154	$SCRATCH/firmware-shard0/checkout/srp-rv32-if2-endstation_ax7101_8x8/port_shlan_port.o
    3592	      0	      8	   3600	    e10	$SCRATCH/firmware-shard0/checkout/srp-rv32-if2-endstation_ax7101_8x8/adp_adp.o
    1548	      0	      0	   1548	    60c	$SCRATCH/firmware-shard0/checkout/srp-rv32-if2-endstation_ax7101_8x8/adp_adp_mbx.o
    4524	      0	      0	   4524	   11ac	$SCRATCH/firmware-shard0/checkout/srp-rv32-if2-endstation_ax7101_8x8/maap_maap.o
    2092	      0	      0	   2092	    82c	$SCRATCH/firmware-shard0/checkout/srp-rv32-if2-endstation_ax7101_8x8/maap_maap_mbx.o
    972	      0	      0	    972	    3cc	$SCRATCH/firmware-shard0/checkout/srp-rv32-if2-endstation_ax7101_8x8/maap_maap_csr.o
    716	      0	      0	    716	    2cc	$SCRATCH/firmware-shard0/checkout/srp-rv32-if2-endstation_ax7101_8x8/app_ctrl_app.o
    9020	      0	      4	   9024	   2340	$SCRATCH/firmware-shard0/checkout/srp-rv32-if2-endstation_ax7101_8x8/srp_srp_mbx.o
    176	      0	      0	    176	     b0	$SCRATCH/firmware-shard0/checkout/srp-rv32-if2-endstation_ax7101_8x8/app_ctrl_app_srp.o
    12709	    140	      0	  12849	   3231	$SCRATCH/firmware-shard0/checkout/srp-rv32-if2-endstation_ax7101_8x8/core_mrp_mad.o
    1812	      0	      0	   1812	    714	$SCRATCH/firmware-shard0/checkout/srp-rv32-if2-endstation_ax7101_8x8/core_mrp_pdu.o
    328	      0	      4	    332	    14c	$SCRATCH/firmware-shard0/checkout/srp-rv32-if2-endstation_ax7101_8x8/ports_timer.o
    3242	      0	      0	   3242	    caa	$SCRATCH/firmware-shard0/checkout/srp-rv32-if2-endstation_ax7101_8x8/modules_msrp.o
    970	      0	      0	    970	    3ca	$SCRATCH/firmware-shard0/checkout/srp-rv32-if2-endstation_ax7101_8x8/modules_mvrp.o
    116	      0	      0	    116	     74	$SCRATCH/firmware-shard0/checkout/srp-rv32-if2-endstation_ax7101_8x8/plat_mbx_plat_mmio.o
    49441	    140	    186	  49767	   c267	(TOTALS)
    == SRP RV32 object checks: checks: 19   failures: 0 ==
    RESULT: PASS
[ok] mutant reentry-guard-removed (reentry_debug, reentry_debug, reentry_release, reentry_release): 2650 check(s) failed
    first: [FAIL] AdpReentry.AdvertiseInlineExpiry: inline ADVERTISE expiry asserts
[ok] mutant departing-keeps-index (walk): 2 check(s) failed
    first: [FAIL] AdpWalk.P7DepartingAndRestart: P7 the restart advertises from index 0
[ok] mutant available-passes-owed-departing (adp): 10 check(s) failed
    first: [FAIL] AdpCore.A17RoomBackBeforeAPoll: A17 room back and TMR_DELAY expiring before a poll: the ENTITY_AVAILABLE does not pass the owed DEPARTING
[ok] mutant link-loss-drops-owed-departing (adp): 5 check(s) failed
    first: [FAIL] AdpCore.A18LinkLossKeepsTheOwedDeparting: A18 a link loss during the restart stops it and keeps the owed ENTITY_DEPARTING, index 1
[ok] mutant stray-expiry-drops-owed-available (adp): 2 check(s) failed
    first: [FAIL] AdpCore.A19IgnoredInputsKeepTheOwedAvailable: A19 and a stray expiry, which is counted
[ok] mutant coalesced-departing-uncounted (adp): 4 check(s) failed
    first: [FAIL] AdpCore.A21DepartingCapacity: A21 the next SHUTDOWN is coalesced into the queued one and counted; its run's owed AVAILABLE is dropped
[ok] mutant own-discover-discarded (walk): 4 check(s) failed
    first: [FAIL] Table551/AdpWalkCell.Graded/RCV_ADP_DISCOVER_own_eid_x_WAITING: RCV_ADP_DISCOVER(own eid) x WAITING: advertise state after
[ok] mutant gm-change-ignored (walk): 4 check(s) failed
    first: [FAIL] AdpWalk.P1toP5FirstAdvertAndCadence: P5 GM_CHANGE re-advertises with the new grandmaster sampled at build (5.6.3.5.7)
[ok] mutant advertise-expiry-skips-delay (walk): 14 check(s) failed
    first: [FAIL] AdpWalk.P1toP5FirstAdvertAndCadence: P3 into DELAY with a 0..4 s draw
[ok] mutant draw-kinds-merged (adp): 1 check(s) failed
    first: [FAIL] AdpCore.A9DrawKinds: A9 every startup draw is 0..2 s and every other draw 0..4 s
[ok] mutant stale-tag-accepted (adp): 2 check(s) failed
    first: [FAIL] AdpAdapter.B1StaleTagDiscarded: B1 an expiry of the arm a GM_CHANGE replaced is discarded by its tag
[ok] mutant calloc-overflow-unchecked (port): 1 check(s) failed
    first: [FAIL] Pool.P3CallocZeroesAndRefusesAWrap: P3 calloc refuses a count times size that wraps to a small size
[ok] mutant tick-count-ignored (port): 7 check(s) failed
    first: [FAIL] Loop.L4TickFanOut: L4 every centisecond reaches the first consumer
[ok] mutant events-halved (adp): 2 check(s) failed
    first: [FAIL] AdpBacklog.F0toF7FullBacklogs: F2 all 16 event records are taken by pass CTRL_LOOP_EVT_PASSES
[ok] mutant tick-slice-unbounded (port): 2 check(s) failed
    first: [FAIL] Loop.L7TickSlices: L7 at most CTRL_LOOP_TICKS_PER_PASS of them per pass
[ok] mutant rx-no-resync (port, unit): 6 check(s) failed
    first: [FAIL] Driver.D1MalformedRecordResynchronises: D1 and the ring is resynchronised to RX_HEAD, the next record included
[ok] mutant frame-sources-from-sinks (entity): 1 check(s) failed
    first: [FAIL] Fabric/EntityField.MatchesTheFabric/talker_stream_sources: endstation_arty_current: talker_stream_sources is 0x2 in the firmware ADPDU, 0x1 in the fabric
[ok] mutant seq-not-stamped (port): 1 check(s) failed
    first: [FAIL] Driver.D3HeldMergeFillsAndOrderAcrossChannels: D3 ACMP, ACMP, AECP committed by the driver behind a held merge leave in that order
[ok] mutant zero-byte-class-accepted (port): 1 check(s) failed
    first: [FAIL] Pool.P5ClassTablesAndArenasRefused: P5 a class of zero-byte blocks is refused
[ok] mutant port-pool-unreported (port): 1 check(s) failed
    first: [FAIL] Pool.P8PortLayerUnbound: P8 the bound pool is the one reported
[ok] mutant encoding-failure-swallowed (port): 1 check(s) failed
    first: [FAIL] DebugSink.S3UnencodablePrintDiscarded: S3 an encoding failure is returned as the formatter's negative value
[ok] mutant enable-not-idempotent (adp): 1 check(s) failed
    first: [FAIL] AdpCore.A23RepeatedEnableOrDisableChangesNothing: A23 an enable while enabled draws and arms nothing
[ok] mutant app-starts-on-an-uncarved-pool (unit): 3 check(s) failed
    first: [FAIL] AppComposition.U1AnUncarvablePoolStartsNothing:            Actual: called once - over-saturated and active
[ok] mutant step-waits-twice (unit): 1 check(s) failed
    first: [FAIL] LoopRun.U3TurnsForEverAndSleepsWhenNothingIsOwed: U3 every turn is one pass, and a pass that owed nothing then sleeps
[ok] mutant unknown-event-decoded-as-tick (unit): 1 check(s) failed
    first: [FAIL] DriverUnit.D9UnknownEventTypeGrandmasterAndInterrupt: D9 an event of a type the contract does not define is taken with no field decoded
[ok] mutant foreign-frame-uncounted (unit): 1 check(s) failed
    first: [FAIL] AdpAdapterUnit.B3ForeignInterfaceCounted: B3 a record, a LINK and a GM naming an interface with no instance are counted
[ok] mutant wait-without-wfi (unit): 1 check(s) failed
    first: [FAIL] MmioPlatform.M2WaitIsThePlatformWfi: M2 each mbx_hal_wait() waits once, through CTRL_MBX_WFI
[ok] mutant model-multicast-dst-ignored (model): 48 check(s) failed
    first: [FAIL] Suite/MbxModelGroup.PassesOnTheModel/TupleRejections: Q2 to another destination MAC, it (adp): no RX record, no delivery
[ok] mutant model-own-any-unicast (model): 18 check(s) failed
    first: [FAIL] Suite/MbxModelGroup.PassesOnTheModel/TupleRejections: Q2 to another destination MAC, it (acmp, multicast): no RX record, no delivery
[ok] mutant model-aecp-command-only (model): 5 check(s) failed
    first: [FAIL] Suite/MbxModelGroup.PassesOnTheModel/TupleControls: Q0 a valid frame reaches its channel (aecp, response)
[ok] mutant model-mismatch-sets-no-err (model): 1 check(s) failed
    first: [FAIL] Suite/MbxModelGroup.PassesOnTheModel/FilterMismatchCount: Q9 a mismatch sets IRQ_STATUS.ERR
[ok] mutant model-msg-type-refusal-uncounted (model): 4 check(s) failed
    first: [FAIL] Suite/MbxModelGroup.PassesOnTheModel/MaapDefendToOwnUnicast: Q11 a PROBE to this interface's own MAC: FILTER_MISMATCH counts it once
[ok] mutant own-mac-halves-swapped (unit, port): 7 check(s) failed
    first: [FAIL] AppComposition.U4EveryInterfaceOwnsTheEntityMacBeforeAChannelOpens: U4 interface 0's OWN_MAC is the entity's MAC
[ok] mutant app-own-mac-not-the-entity-mac (unit): 1 check(s) failed
    first: [FAIL] AppComposition.U4EveryInterfaceOwnsTheEntityMacBeforeAChannelOpens: U4 interface 0's OWN_MAC is the entity's MAC
[ok] mutant maap-retransmit-count (maap): 27 check(s) failed
    first: [FAIL] MaapCore.InitialAndThreeRetransmissions: three retransmissions remain
[ok] mutant maap-wire-length (maap): 17 check(s) failed
    first: [FAIL] MaapCore.InitialAndThreeRetransmissions: B.2 complete PROBE bytes
[ok] mutant maap-constant-probe_base (maap): 4 check(s) failed
    first: [FAIL] MaapCore.ConstantsStrictTimersAndSeed:     Which is: 500
[ok] mutant maap-constant-announce_variation (maap): 2 check(s) failed
    first: [FAIL] MaapCore.ConstantsStrictTimersAndSeed:     Which is: 2000
[ok] mutant maap-biased-random-bucket (maap): 2 check(s) failed
    first: [FAIL] MaapCore.UniformDrawRejectsIncompleteBucket: incomplete random bucket rejected
[ok] mutant maap-defend-echo-own-range (maap): 4 check(s) failed
    first: [FAIL] MaapCore.DefendEchoAndIntersection: echo request and exact intersection
[ok] mutant maap-zero-count-conflicts (maap): 1 check(s) failed
    first: [FAIL] MaapCore.DisjointAdjacentZeroAndDefendRange: half open intervals and zero count do not conflict
[ok] mutant maap-malformed-subtype (maap): 2 check(s) failed
    first: [FAIL] MaapCore.MalformedAndVersionCompatibility: malformed input is rejected
[ok] mutant maap-malformed-reserved-high (maap): 2 check(s) failed
    first: [FAIL] MaapCore.MalformedAndVersionCompatibility: malformed input is rejected
[ok] mutant maap-malformed-cdl-current (maap): 2 check(s) failed
    first: [FAIL] MaapCore.MalformedAndVersionCompatibility: malformed input is rejected
[ok] mutant maap-malformed-destination (maap): 2 check(s) failed
    first: [FAIL] MaapCore.MalformedAndVersionCompatibility: malformed input is rejected
[ok] mutant maap-future-version-refused (maap): 3 check(s) failed
    first: [FAIL] MaapCore.MalformedAndVersionCompatibility: B.2.3 recognized future and older messages
[ok] mutant maap-release-keeps-enable (maap): 2 check(s) failed
    first: [FAIL] MaapCore.ReleaseLossAndRetry: Expected: false
[ok] mutant maap-probe-announce-reordered (maap): 2 check(s) failed
    first: [FAIL] MaapCore.InitialAndThreeRetransmissions:     Which is: { '\x91' (145), '\xE0' (224), '\xF0' (240), '\0', '\xFF' (255), '\0', '\x2' (2), '\0', '\0', '\0', '\0', '\x80' (128), '"' (34, 0x22), '\xF0' (240), '\xFE' (254), '\x1' (1), '\b' (8), '\x10' (16), '\0', '\0', '\0', '\0', '\0', '\0', '\0', '\0', '\x91' (145), '\xE0' (224), '\xF0' (240), '\0', '\x1' (1), '\0', ... }
[ok] mutant maap-release-leaves-output (maap): 2 check(s) failed
    first: [FAIL] MaapCore.QueueBoundAndWithdrawal:     Which is: 0
[ok] mutant maap-stream-index-missing (maap): 7 check(s) failed
    first: [FAIL] MaapCsr.EveryStreamAddressAndLossGate: stream destination base plus index
[ok] mutant maap-loss-keeps-crf (maap): 24 check(s) failed
    first: [FAIL] MaapCsr.EveryStreamAddressAndLossGate:     Which is: 2
[ok] mutant maap-timer-tag-ignored (maap): 2 check(s) failed
    first: [FAIL] MaapHost.StaleTagsForeignInputsAndLinkEdges: old timer tag ignored
[ok] mutant maap-interface-zero (maap_if2): 5 check(s) failed
    first: [FAIL] MaapHost.InterfaceIsolationAndRangeEnvelope: record index selects state
[ok] mutant maap-late-service (maap): 56 check(s) failed
    first: [FAIL] MaapHost.HMaapTimerCommitsAndIntervals: H-MAAP original timer deadline to TX_HEAD within 10 ms
[ok] mutant maap-callback-work-overrun (maap): 18 check(s) failed
    first: [FAIL] MaapHost.CallbackWorkAndEveryOutputCount: callback work bound
[ok] mutant maap-table-b7-1 (maap): 3 check(s) failed
    first: [FAIL] AllStates/MaapCell.TableB7/1: Table B.7 output count
[ok] mutant maap-table-b7-4 (maap): 3 check(s) failed
    first: [FAIL] AllStates/MaapCell.TableB7/4: Table B.7 output count
[ok] mutant maap-table-b7-7 (maap): 6 check(s) failed
    first: [FAIL] MaapCore.MalformedAndVersionCompatibility: malformed input is rejected
[ok] mutant maap-table-b7-10 (maap): 2 check(s) failed
    first: [FAIL] AllStates/MaapCell.TableB7/10: Table B.7 conflict decision
[ok] mutant maap-table-b7-13 (maap): 13 check(s) failed
    first: [FAIL] MaapCore.DisjointAdjacentZeroAndDefendRange: DEFEND conflict wins over echoed request
[ok] mutant maap-table-b7-16 (maap): 3 check(s) failed
    first: [FAIL] AllStates/MaapCell.TableB7/16: Table B.7 output count
[ok] mutant maap-app-missing-rx-interrupt (maap): 4 check(s) failed
    first: [FAIL] MaapHost.AppWaitWakesForMaapWithinBudget: MAAP wake preserves ADP and event interrupts
[ok] mutant maap-reverse-five-octets (maap): 1 check(s) failed
    first: [FAIL] MaapCore.PriorityAfterTiedOctets: every reversed octet decides, including first: 0
[ok] mutant maap-csr-enable-before-programming (maap): 23 check(s) failed
    first: [FAIL] MaapCsr.AdmissionAfterEveryDestinationWrite: enables follow every destination word
[ok] mutant maap-generic-probe-state-defends (maap): 32 check(s) failed
    first: [FAIL] MaapCore.ReverseOctetPriority: least significant octet decides first
[ok] mutant r2-saved-range-never-consumed (maap): 1 check(s) failed
    first: [FAIL] MaapCore.LinkBounceDrawsAfterSuppliedRange: link bounce draws after consuming supplied range
mutants: 66 of 66 caught
wrote $SCRATCH/firmware-shard0/srp-mutants/work/build/srp-srp_mbx-if2-endstation_ax7101_1x1_tdm8/contract/KL_mbx_pkg.sv (2 interfaces)
wrote $SCRATCH/firmware-shard0/srp-mutants/work/build/srp-srp_mbx-if2-endstation_ax7101_1x1_tdm8/contract/KL_mbx.sv (2 interfaces)
wrote $SCRATCH/firmware-shard0/srp-mutants/work/build/srp-srp_mbx-if2-endstation_ax7101_1x1_tdm8/contract/mbx_contract.h (2 interfaces)
[ok] startup-vid: StartupDeclaresTalkersDomainAndVlan / d.value
wrote $SCRATCH/firmware-shard0/srp-mutants/work/build/srp-srp_mbx-if2-endstation_ax7101_1x1_tdm8/contract/KL_mbx_pkg.sv (2 interfaces)
wrote $SCRATCH/firmware-shard0/srp-mutants/work/build/srp-srp_mbx-if2-endstation_ax7101_1x1_tdm8/contract/KL_mbx.sv (2 interfaces)
wrote $SCRATCH/firmware-shard0/srp-mutants/work/build/srp-srp_mbx-if2-endstation_ax7101_1x1_tdm8/contract/mbx_contract.h (2 interfaces)
[ok] short-leave: LeaveAfterLeaveAllStopsAtOriginalFiveSecondDeadline / Unexpected mock function call
wrote $SCRATCH/firmware-shard0/srp-mutants/work/build/srp-srp_mbx-if2-endstation_ax7101_1x1_tdm8/contract/KL_mbx_pkg.sv (2 interfaces)
wrote $SCRATCH/firmware-shard0/srp-mutants/work/build/srp-srp_mbx-if2-endstation_ax7101_1x1_tdm8/contract/KL_mbx.sv (2 interfaces)
wrote $SCRATCH/firmware-shard0/srp-mutants/work/build/srp-srp_mbx-if2-endstation_ax7101_1x1_tdm8/contract/mbx_contract.h (2 interfaces)
[ok] asking-is-ready: RegisteredListenerSubtypeChangeRevokesPermission / adapter.ifs[0].active[0]
wrote $SCRATCH/firmware-shard0/srp-mutants/work/build/srp-srp_mbx-if2-endstation_ax7101_1x1_tdm8/contract/KL_mbx_pkg.sv (2 interfaces)
wrote $SCRATCH/firmware-shard0/srp-mutants/work/build/srp-srp_mbx-if2-endstation_ax7101_1x1_tdm8/contract/KL_mbx.sv (2 interfaces)
wrote $SCRATCH/firmware-shard0/srp-mutants/work/build/srp-srp_mbx-if2-endstation_ax7101_1x1_tdm8/contract/mbx_contract.h (2 interfaces)
[ok] ignore-link: InterfaceStateDoesNotCross / adapter.ifs[i].active[0]
wrote $SCRATCH/firmware-shard0/srp-mutants/work/build/srp-srp_mbx-if2-endstation_ax7101_1x1_tdm8/contract/KL_mbx_pkg.sv (2 interfaces)
wrote $SCRATCH/firmware-shard0/srp-mutants/work/build/srp-srp_mbx-if2-endstation_ax7101_1x1_tdm8/contract/KL_mbx.sv (2 interfaces)
wrote $SCRATCH/firmware-shard0/srp-mutants/work/build/srp-srp_mbx-if2-endstation_ax7101_1x1_tdm8/contract/mbx_contract.h (2 interfaces)
[ok] failed-listener-ready: SinkPortUsesMatchingRegisteredTalkerAndRetainsLeaveTimer / declared
wrote $SCRATCH/firmware-shard0/srp-mutants/work/build/srp-srp_mbx-if2-endstation_ax7101_1x1_tdm8/contract/KL_mbx_pkg.sv (2 interfaces)
wrote $SCRATCH/firmware-shard0/srp-mutants/work/build/srp-srp_mbx-if2-endstation_ax7101_1x1_tdm8/contract/KL_mbx.sv (2 interfaces)
wrote $SCRATCH/firmware-shard0/srp-mutants/work/build/srp-srp_mbx-if2-endstation_ax7101_1x1_tdm8/contract/mbx_contract.h (2 interfaces)
[ok] ignore-peer-domain: DomainUsesPeerPriorityAndVlan / domain.priority
wrote $SCRATCH/firmware-shard0/srp-mutants/work/build/srp-srp_mbx-if2-endstation_ax7101_1x1_tdm8/contract/KL_mbx_pkg.sv (2 interfaces)
wrote $SCRATCH/firmware-shard0/srp-mutants/work/build/srp-srp_mbx-if2-endstation_ax7101_1x1_tdm8/contract/KL_mbx.sv (2 interfaces)
wrote $SCRATCH/firmware-shard0/srp-mutants/work/build/srp-srp_mbx-if2-endstation_ax7101_1x1_tdm8/contract/mbx_contract.h (2 interfaces)
[ok] rx-overtakes-owed: RefusedMailboxRetainsOwedFrameAndDefersInput / adapter.received
wrote $SCRATCH/firmware-shard0/srp-mutants/work/build/srp-srp_mbx-if2-endstation_ax7101_1x1_tdm8/contract/KL_mbx_pkg.sv (2 interfaces)
wrote $SCRATCH/firmware-shard0/srp-mutants/work/build/srp-srp_mbx-if2-endstation_ax7101_1x1_tdm8/contract/KL_mbx.sv (2 interfaces)
wrote $SCRATCH/firmware-shard0/srp-mutants/work/build/srp-srp_mbx-if2-endstation_ax7101_1x1_tdm8/contract/mbx_contract.h (2 interfaces)
[ok] rx-overtakes-expiry: ExpiryBacklogPrecedesSamePassReceive / adapter.stops
wrote $SCRATCH/firmware-shard0/srp-mutants/work/build/srp-srp_mbx-if2-endstation_ax7101_1x1_tdm8/contract/KL_mbx_pkg.sv (2 interfaces)
wrote $SCRATCH/firmware-shard0/srp-mutants/work/build/srp-srp_mbx-if2-endstation_ax7101_1x1_tdm8/contract/KL_mbx.sv (2 interfaces)
wrote $SCRATCH/firmware-shard0/srp-mutants/work/build/srp-srp_mbx-if2-endstation_ax7101_1x1_tdm8/contract/mbx_contract.h (2 interfaces)
[ok] reentry-uncounted: ReentryFromOutputIsRefusedAndCounted / adapter.reentries
wrote $SCRATCH/firmware-shard0/srp-mutants/work/build/srp-srp_mbx-if2-endstation_ax7101_1x1_tdm8/contract/KL_mbx_pkg.sv (2 interfaces)
wrote $SCRATCH/firmware-shard0/srp-mutants/work/build/srp-srp_mbx-if2-endstation_ax7101_1x1_tdm8/contract/KL_mbx.sv (2 interfaces)
wrote $SCRATCH/firmware-shard0/srp-mutants/work/build/srp-srp_mbx-if2-endstation_ax7101_1x1_tdm8/contract/mbx_contract.h (2 interfaces)
[ok] invalid-vid: InvalidBindingsAndDuplicateBindingsPreserveState / srp_mbx_bind
wrote $SCRATCH/firmware-shard0/srp-mutants/work/build/srp-srp_mbx-if2-endstation_ax7101_1x1_tdm8/contract/KL_mbx_pkg.sv (2 interfaces)
wrote $SCRATCH/firmware-shard0/srp-mutants/work/build/srp-srp_mbx-if2-endstation_ax7101_1x1_tdm8/contract/KL_mbx.sv (2 interfaces)
wrote $SCRATCH/firmware-shard0/srp-mutants/work/build/srp-srp_mbx-if2-endstation_ax7101_1x1_tdm8/contract/mbx_contract.h (2 interfaces)
[ok] failed-init-leaks: ExhaustionDuringEachStartupStageReleasesEveryBlock / ctrl_pool_in_use
wrote $SCRATCH/firmware-shard0/srp-mutants/work/build/srp-srp_mbx-if2-endstation_ax7101_1x1_tdm8/contract/KL_mbx_pkg.sv (2 interfaces)
wrote $SCRATCH/firmware-shard0/srp-mutants/work/build/srp-srp_mbx-if2-endstation_ax7101_1x1_tdm8/contract/KL_mbx.sv (2 interfaces)
wrote $SCRATCH/firmware-shard0/srp-mutants/work/build/srp-srp_mbx-if2-endstation_ax7101_1x1_tdm8/contract/mbx_contract.h (2 interfaces)
[ok] missing-port-accepted: MissingBootDependenciesRefuseBeforeAttachment / srp_mbx_init
wrote $SCRATCH/firmware-shard0/srp-mutants/work/build/srp-srp_mbx-if2-endstation_ax7101_1x1_tdm8/contract/KL_mbx_pkg.sv (2 interfaces)
wrote $SCRATCH/firmware-shard0/srp-mutants/work/build/srp-srp_mbx-if2-endstation_ax7101_1x1_tdm8/contract/KL_mbx.sv (2 interfaces)
wrote $SCRATCH/firmware-shard0/srp-mutants/work/build/srp-srp_mbx-if2-endstation_ax7101_1x1_tdm8/contract/mbx_contract.h (2 interfaces)
[ok] attach-nonatomic: AttachmentFailureIsAtomicAndDetachesAfterLoopReset / srp_mbx_attach
wrote $SCRATCH/firmware-shard0/srp-mutants/work/build/srp-srp_mbx-if2-endstation_ax7101_1x1_tdm8/contract/KL_mbx_pkg.sv (2 interfaces)
wrote $SCRATCH/firmware-shard0/srp-mutants/work/build/srp-srp_mbx-if2-endstation_ax7101_1x1_tdm8/contract/KL_mbx.sv (2 interfaces)
wrote $SCRATCH/firmware-shard0/srp-mutants/work/build/srp-srp_mbx-if2-endstation_ax7101_1x1_tdm8/contract/mbx_contract.h (2 interfaces)
[ok] malformed-uncounted: InvalidFramesHaveNoReservationSideEffects / adapter.malformed
wrote $SCRATCH/firmware-shard0/srp-mutants/work/build/srp-srp_mbx-if2-endstation_ax7101_1x1_tdm8/contract/KL_mbx_pkg.sv (2 interfaces)
wrote $SCRATCH/firmware-shard0/srp-mutants/work/build/srp-srp_mbx-if2-endstation_ax7101_1x1_tdm8/contract/KL_mbx.sv (2 interfaces)
wrote $SCRATCH/firmware-shard0/srp-mutants/work/build/srp-srp_mbx-if2-endstation_ax7101_1x1_tdm8/contract/mbx_contract.h (2 interfaces)
[ok] reset-skips-recreate: RecreateAllocationFailureIsCountedAndRetried / adapter.ifs[0].msrp
wrote $SCRATCH/firmware-shard0/srp-mutants/work/build/srp-srp_mbx-if2-endstation_ax7101_1x1_tdm8/contract/KL_mbx_pkg.sv (2 interfaces)
wrote $SCRATCH/firmware-shard0/srp-mutants/work/build/srp-srp_mbx-if2-endstation_ax7101_1x1_tdm8/contract/KL_mbx.sv (2 interfaces)
wrote $SCRATCH/firmware-shard0/srp-mutants/work/build/srp-srp_mbx-if2-endstation_ax7101_1x1_tdm8/contract/mbx_contract.h (2 interfaces)
[ok] readyfailed-ignored: ReadyFailedAndUninterestingStreamsAreSeparated / Actual function call count
wrote $SCRATCH/firmware-shard0/srp-mutants/work/build/srp-srp_mbx-if2-endstation_ax7101_1x1_tdm8/contract/KL_mbx_pkg.sv (2 interfaces)
wrote $SCRATCH/firmware-shard0/srp-mutants/work/build/srp-srp_mbx-if2-endstation_ax7101_1x1_tdm8/contract/KL_mbx.sv (2 interfaces)
wrote $SCRATCH/firmware-shard0/srp-mutants/work/build/srp-srp_mbx-if2-endstation_ax7101_1x1_tdm8/contract/mbx_contract.h (2 interfaces)
[ok] foreign-domain-stored: DomainFilterAndDuplicateDoNotGrowDeclarations / ctrl_pool_in_use
wrote $SCRATCH/firmware-shard0/srp-mutants/work/build/srp-srp_mbx-if2-endstation_ax7101_1x1_tdm8/contract/KL_mbx_pkg.sv (2 interfaces)
wrote $SCRATCH/firmware-shard0/srp-mutants/work/build/srp-srp_mbx-if2-endstation_ax7101_1x1_tdm8/contract/KL_mbx.sv (2 interfaces)
wrote $SCRATCH/firmware-shard0/srp-mutants/work/build/srp-srp_mbx-if2-endstation_ax7101_1x1_tdm8/contract/mbx_contract.h (2 interfaces)
[ok] foreign-vlan-stored: MvrpAcceptsOnlyCurrentDomainVid / ctrl_pool_in_use
wrote $SCRATCH/firmware-shard0/srp-mutants/work/build/srp-srp_mbx-if2-endstation_ax7101_1x1_tdm8/contract/KL_mbx_pkg.sv (2 interfaces)
wrote $SCRATCH/firmware-shard0/srp-mutants/work/build/srp-srp_mbx-if2-endstation_ax7101_1x1_tdm8/contract/KL_mbx.sv (2 interfaces)
wrote $SCRATCH/firmware-shard0/srp-mutants/work/build/srp-srp_mbx-if2-endstation_ax7101_1x1_tdm8/contract/mbx_contract.h (2 interfaces)
[ok] sink-da-ignored: WireMismatchesCannotAdmitBoundSinkAndLeaveExpiresIt / declared
wrote $SCRATCH/firmware-shard0/srp-mutants/work/build/srp-srp_mbx-if2-endstation_ax7101_1x1_tdm8/contract/KL_mbx_pkg.sv (2 interfaces)
wrote $SCRATCH/firmware-shard0/srp-mutants/work/build/srp-srp_mbx-if2-endstation_ax7101_1x1_tdm8/contract/KL_mbx.sv (2 interfaces)
wrote $SCRATCH/firmware-shard0/srp-mutants/work/build/srp-srp_mbx-if2-endstation_ax7101_1x1_tdm8/contract/mbx_contract.h (2 interfaces)
[ok] admission-ceiling-ignored: AdmissionUsesBandwidthAndEthernetMinimum / admitted[0]
wrote $SCRATCH/firmware-shard0/srp-mutants/work/build/srp-srp_mbx-if2-endstation_ax7101_1x1_tdm8/contract/KL_mbx_pkg.sv (2 interfaces)
wrote $SCRATCH/firmware-shard0/srp-mutants/work/build/srp-srp_mbx-if2-endstation_ax7101_1x1_tdm8/contract/KL_mbx.sv (2 interfaces)
wrote $SCRATCH/firmware-shard0/srp-mutants/work/build/srp-srp_mbx-if2-endstation_ax7101_1x1_tdm8/contract/mbx_contract.h (2 interfaces)
[ok] domain-refusal-lost: DomainExhaustionPreservesOldDeclarationUntilRetry / domain.vid
wrote $SCRATCH/firmware-shard0/srp-mutants/work/build/srp-srp_mbx-if2-endstation_ax7101_1x1_tdm8/contract/KL_mbx_pkg.sv (2 interfaces)
wrote $SCRATCH/firmware-shard0/srp-mutants/work/build/srp-srp_mbx-if2-endstation_ax7101_1x1_tdm8/contract/KL_mbx.sv (2 interfaces)
wrote $SCRATCH/firmware-shard0/srp-mutants/work/build/srp-srp_mbx-if2-endstation_ax7101_1x1_tdm8/contract/mbx_contract.h (2 interfaces)
[ok] listener-refusal-lost: SinkDeclarationExhaustionRetriesWithoutLosingBinding / declared
wrote $SCRATCH/firmware-shard0/srp-mutants/work/build/srp-srp_mbx-if2-endstation_ax7101_1x1_tdm8/contract/KL_mbx_pkg.sv (2 interfaces)
wrote $SCRATCH/firmware-shard0/srp-mutants/work/build/srp-srp_mbx-if2-endstation_ax7101_1x1_tdm8/contract/KL_mbx.sv (2 interfaces)
wrote $SCRATCH/firmware-shard0/srp-mutants/work/build/srp-srp_mbx-if2-endstation_ax7101_1x1_tdm8/contract/mbx_contract.h (2 interfaces)
[ok] other-link-cancels-owed: LinkLossCancelsItsOwedFrameOnly / adapter.owed_len
wrote $SCRATCH/firmware-shard0/srp-mutants/work/build/srp-srp_mbx-if2-endstation_ax7101_1x1_tdm8/contract/KL_mbx_pkg.sv (2 interfaces)
wrote $SCRATCH/firmware-shard0/srp-mutants/work/build/srp-srp_mbx-if2-endstation_ax7101_1x1_tdm8/contract/KL_mbx.sv (2 interfaces)
wrote $SCRATCH/firmware-shard0/srp-mutants/work/build/srp-srp_mbx-if2-endstation_ax7101_1x1_tdm8/contract/mbx_contract.h (2 interfaces)
[ok] duplicate-tick-owner: OneLoopOwnsTheGlobalCentisecondDispatch / srp_mbx_attach
wrote $SCRATCH/firmware-shard0/srp-mutants/work/build/srp-debug-if2-endstation_ax7101_1x1_tdm8/contract/KL_mbx_pkg.sv (2 interfaces)
wrote $SCRATCH/firmware-shard0/srp-mutants/work/build/srp-debug-if2-endstation_ax7101_1x1_tdm8/contract/KL_mbx.sv (2 interfaces)
wrote $SCRATCH/firmware-shard0/srp-mutants/work/build/srp-debug-if2-endstation_ax7101_1x1_tdm8/contract/mbx_contract.h (2 interfaces)
[ok] binding-debug-guard: SynchronousBindingFromOutputAsserts / failed to die
wrote $SCRATCH/firmware-shard0/srp-mutants/work/build/srp-debug-if2-endstation_ax7101_1x1_tdm8/contract/KL_mbx_pkg.sv (2 interfaces)
wrote $SCRATCH/firmware-shard0/srp-mutants/work/build/srp-debug-if2-endstation_ax7101_1x1_tdm8/contract/KL_mbx.sv (2 interfaces)
wrote $SCRATCH/firmware-shard0/srp-mutants/work/build/srp-debug-if2-endstation_ax7101_1x1_tdm8/contract/mbx_contract.h (2 interfaces)
[ok] receive-debug-guard: SynchronousReceiveFromOutputAsserts / failed to die
wrote $SCRATCH/firmware-shard0/srp-mutants/work/build/srp-debug-if2-endstation_ax7101_1x1_tdm8/contract/KL_mbx_pkg.sv (2 interfaces)
wrote $SCRATCH/firmware-shard0/srp-mutants/work/build/srp-debug-if2-endstation_ax7101_1x1_tdm8/contract/KL_mbx.sv (2 interfaces)
wrote $SCRATCH/firmware-shard0/srp-mutants/work/build/srp-debug-if2-endstation_ax7101_1x1_tdm8/contract/mbx_contract.h (2 interfaces)
[ok] tick-debug-guard: SynchronousTickFromOutputAsserts / failed to die
wrote $SCRATCH/firmware-shard0/srp-mutants/work/build/srp-srp_mbx-if2-endstation_ax7101_1x1_tdm8/contract/KL_mbx_pkg.sv (2 interfaces)
wrote $SCRATCH/firmware-shard0/srp-mutants/work/build/srp-srp_mbx-if2-endstation_ax7101_1x1_tdm8/contract/KL_mbx.sv (2 interfaces)
wrote $SCRATCH/firmware-shard0/srp-mutants/work/build/srp-srp_mbx-if2-endstation_ax7101_1x1_tdm8/contract/mbx_contract.h (2 interfaces)
[ok] licence-before-vlan: ListenerBeforeVlanCommitCannotStartTalker / joined
wrote $SCRATCH/firmware-shard0/srp-mutants/work/build/srp-srp_mbx-if2-endstation_ax7101_1x1_tdm8/contract/KL_mbx_pkg.sv (2 interfaces)
wrote $SCRATCH/firmware-shard0/srp-mutants/work/build/srp-srp_mbx-if2-endstation_ax7101_1x1_tdm8/contract/KL_mbx.sv (2 interfaces)
wrote $SCRATCH/firmware-shard0/srp-mutants/work/build/srp-srp_mbx-if2-endstation_ax7101_1x1_tdm8/contract/mbx_contract.h (2 interfaces)
[ok] unbind-shared-listener: SharedBindingsRetainTheListenerAndVlanUntilTheLastUnbind / d.event
wrote $SCRATCH/firmware-shard0/srp-mutants/work/build/srp-srp_mbx-if2-endstation_ax7101_1x1_tdm8/contract/KL_mbx_pkg.sv (2 interfaces)
wrote $SCRATCH/firmware-shard0/srp-mutants/work/build/srp-srp_mbx-if2-endstation_ax7101_1x1_tdm8/contract/KL_mbx.sv (2 interfaces)
wrote $SCRATCH/firmware-shard0/srp-mutants/work/build/srp-srp_mbx-if2-endstation_ax7101_1x1_tdm8/contract/mbx_contract.h (2 interfaces)
[ok] withdraw-bound-domain: BoundOldDomainVlanSurvivesDomainChange / d.event
wrote $SCRATCH/firmware-shard0/srp-mutants/work/build/srp-srp_mbx-if2-endstation_ax7101_1x1_tdm8/contract/KL_mbx_pkg.sv (2 interfaces)
wrote $SCRATCH/firmware-shard0/srp-mutants/work/build/srp-srp_mbx-if2-endstation_ax7101_1x1_tdm8/contract/KL_mbx.sv (2 interfaces)
wrote $SCRATCH/firmware-shard0/srp-mutants/work/build/srp-srp_mbx-if2-endstation_ax7101_1x1_tdm8/contract/mbx_contract.h (2 interfaces)
[ok] withdraw-same-domain: PriorityOnlyDomainChangeKeepsVlanMembership / d.event
wrote $SCRATCH/firmware-shard0/srp-mutants/work/build/srp-srp_mbx-if2-endstation_ax7101_1x1_tdm8/contract/KL_mbx_pkg.sv (2 interfaces)
wrote $SCRATCH/firmware-shard0/srp-mutants/work/build/srp-srp_mbx-if2-endstation_ax7101_1x1_tdm8/contract/KL_mbx.sv (2 interfaces)
wrote $SCRATCH/firmware-shard0/srp-mutants/work/build/srp-srp_mbx-if2-endstation_ax7101_1x1_tdm8/contract/mbx_contract.h (2 interfaces)
[ok] sink-vlan-refusal-lost: SinkVlanExhaustionRetriesAndDistinctMembershipsRemainIndependent / vlan_requested
wrote $SCRATCH/firmware-shard0/srp-mutants/work/build/srp-srp_mbx-if2-endstation_ax7101_1x1_tdm8/contract/KL_mbx_pkg.sv (2 interfaces)
wrote $SCRATCH/firmware-shard0/srp-mutants/work/build/srp-srp_mbx-if2-endstation_ax7101_1x1_tdm8/contract/KL_mbx.sv (2 interfaces)
wrote $SCRATCH/firmware-shard0/srp-mutants/work/build/srp-srp_mbx-if2-endstation_ax7101_1x1_tdm8/contract/mbx_contract.h (2 interfaces)
[ok] ready-before-vlan: SinkMembershipCommitsBeforeReadyAtStartup / joined
wrote $SCRATCH/firmware-shard0/srp-mutants/work/build/srp-srp_latency-if2-endstation_ax7101_1x1_tdm8/contract/KL_mbx_pkg.sv (2 interfaces)
wrote $SCRATCH/firmware-shard0/srp-mutants/work/build/srp-srp_latency-if2-endstation_ax7101_1x1_tdm8/contract/KL_mbx.sv (2 interfaces)
wrote $SCRATCH/firmware-shard0/srp-mutants/work/build/srp-srp_latency-if2-endstation_ax7101_1x1_tdm8/contract/mbx_contract.h (2 interfaces)
[ok] latency-missing-startup: SrpLatency.StartupJoinPeriodicAndLeaveAllCommitWithinOneBudget / commits.size()
wrote $SCRATCH/firmware-shard0/srp-mutants/work/build/srp-srp_latency-if2-endstation_ax7101_1x1_tdm8/contract/KL_mbx_pkg.sv (2 interfaces)
wrote $SCRATCH/firmware-shard0/srp-mutants/work/build/srp-srp_latency-if2-endstation_ax7101_1x1_tdm8/contract/KL_mbx.sv (2 interfaces)
wrote $SCRATCH/firmware-shard0/srp-mutants/work/build/srp-srp_latency-if2-endstation_ax7101_1x1_tdm8/contract/mbx_contract.h (2 interfaces)
[ok] latency-domain-unserviced: SrpLatency.ReceiveStateMalformedDomainAndListenerPaths / domain.vid
wrote $SCRATCH/firmware-shard0/srp-mutants/work/build/srp-srp_latency-if2-endstation_ax7101_1x1_tdm8/contract/KL_mbx_pkg.sv (2 interfaces)
wrote $SCRATCH/firmware-shard0/srp-mutants/work/build/srp-srp_latency-if2-endstation_ax7101_1x1_tdm8/contract/KL_mbx.sv (2 interfaces)
wrote $SCRATCH/firmware-shard0/srp-mutants/work/build/srp-srp_latency-if2-endstation_ax7101_1x1_tdm8/contract/mbx_contract.h (2 interfaces)
[ok] latency-leave-origin: SrpLatency.OriginalLeaveDeadlineSurvivesCoalescedBacklog / Unexpected mock function call
wrote $SCRATCH/firmware-shard0/srp-mutants/work/build/srp-srp_latency-if2-endstation_ax7101_1x1_tdm8/contract/KL_mbx_pkg.sv (2 interfaces)
wrote $SCRATCH/firmware-shard0/srp-mutants/work/build/srp-srp_latency-if2-endstation_ax7101_1x1_tdm8/contract/KL_mbx.sv (2 interfaces)
wrote $SCRATCH/firmware-shard0/srp-mutants/work/build/srp-srp_latency-if2-endstation_ax7101_1x1_tdm8/contract/mbx_contract.h (2 interfaces)
[ok] latency-relaxed-budget: SrpLatency.FullRingRetainsOriginalOriginAndElevenMillisecondStallFails / service_limit
wrote $SCRATCH/firmware-shard0/srp-mutants/work/build/srp-srp_walk-if2-endstation_ax7101_1x1_tdm8/contract/KL_mbx_pkg.sv (2 interfaces)
wrote $SCRATCH/firmware-shard0/srp-mutants/work/build/srp-srp_walk-if2-endstation_ax7101_1x1_tdm8/contract/KL_mbx.sv (2 interfaces)
wrote $SCRATCH/firmware-shard0/srp-mutants/work/build/srp-srp_walk-if2-endstation_ax7101_1x1_tdm8/contract/mbx_contract.h (2 interfaces)
[ok] walk-domain-ignored: SrpWalk.CertifiedTwoClassDomainVectorAdoptsOnlyClassA / domain.vid
wrote $SCRATCH/firmware-shard0/srp-mutants/work/build/srp-srp_walk-if2-endstation_ax7101_1x1_tdm8/contract/KL_mbx_pkg.sv (2 interfaces)
wrote $SCRATCH/firmware-shard0/srp-mutants/work/build/srp-srp_walk-if2-endstation_ax7101_1x1_tdm8/contract/KL_mbx.sv (2 interfaces)
wrote $SCRATCH/firmware-shard0/srp-mutants/work/build/srp-srp_walk-if2-endstation_ax7101_1x1_tdm8/contract/mbx_contract.h (2 interfaces)
[ok] walk-match-da-ignored: SrpWalk.StreamMatcherNearMissSwapAndImmediateWithdrawal / declared
wrote $SCRATCH/firmware-shard0/srp-mutants/work/build/srp-srp_walk-if2-endstation_ax7101_1x1_tdm8/contract/KL_mbx_pkg.sv (2 interfaces)
wrote $SCRATCH/firmware-shard0/srp-mutants/work/build/srp-srp_walk-if2-endstation_ax7101_1x1_tdm8/contract/KL_mbx.sv (2 interfaces)
wrote $SCRATCH/firmware-shard0/srp-mutants/work/build/srp-srp_walk-if2-endstation_ax7101_1x1_tdm8/contract/mbx_contract.h (2 interfaces)
[ok] walk-leave-shortened: SrpWalk.RunBLeaveAllLanesPreserveTheRedeclaredListener / Unexpected mock function call
wrote $SCRATCH/firmware-shard0/srp-mutants/work/build/srp-srp_walk-if2-endstation_ax7101_1x1_tdm8/contract/KL_mbx_pkg.sv (2 interfaces)
wrote $SCRATCH/firmware-shard0/srp-mutants/work/build/srp-srp_walk-if2-endstation_ax7101_1x1_tdm8/contract/KL_mbx.sv (2 interfaces)
wrote $SCRATCH/firmware-shard0/srp-mutants/work/build/srp-srp_walk-if2-endstation_ax7101_1x1_tdm8/contract/mbx_contract.h (2 interfaces)
[ok] walk-startup-is-join: SrpWalk.ProcessorApplicantTransmitAndReceivedRowsAgreeOnTheWire / d.event
wrote $SCRATCH/firmware-shard0/srp-mutants/work/build/srp-srp_walk-if2-endstation_ax7101_1x1_tdm8/contract/KL_mbx_pkg.sv (2 interfaces)
wrote $SCRATCH/firmware-shard0/srp-mutants/work/build/srp-srp_walk-if2-endstation_ax7101_1x1_tdm8/contract/KL_mbx.sv (2 interfaces)
wrote $SCRATCH/firmware-shard0/srp-mutants/work/build/srp-srp_walk-if2-endstation_ax7101_1x1_tdm8/contract/mbx_contract.h (2 interfaces)
[ok] walk-malformed-uncounted: SrpWalk.PerInterfaceWireIdentityAndUnknownOrTruncatedInput / adapter.malformed
wrote $SCRATCH/firmware-shard0/srp-mutants/work/build/srp-srp_shape-if2-endstation_ax7101_1x1_tdm8/contract/KL_mbx_pkg.sv (2 interfaces)
wrote $SCRATCH/firmware-shard0/srp-mutants/work/build/srp-srp_shape-if2-endstation_ax7101_1x1_tdm8/contract/KL_mbx.sv (2 interfaces)
wrote $SCRATCH/firmware-shard0/srp-mutants/work/build/srp-srp_shape-if2-endstation_ax7101_1x1_tdm8/contract/mbx_contract.h (2 interfaces)
[ok] shape-last-output-missing: EveryGeneratedOutputIsDeclaredAndEverySinkFits / outputs
wrote $SCRATCH/firmware-shard0/srp-mutants/work/build/srp-srp_mbx-if2-endstation_ax7101_1x1_tdm8/contract/KL_mbx_pkg.sv (2 interfaces)
wrote $SCRATCH/firmware-shard0/srp-mutants/work/build/srp-srp_mbx-if2-endstation_ax7101_1x1_tdm8/contract/KL_mbx.sv (2 interfaces)
wrote $SCRATCH/firmware-shard0/srp-mutants/work/build/srp-srp_mbx-if2-endstation_ax7101_1x1_tdm8/contract/mbx_contract.h (2 interfaces)
[ok] tag-overhead-omitted: AdmissionStraddlesTheExactEthernetCeiling / admitted[0]
wrote $SCRATCH/firmware-shard0/srp-mutants/work/build/srp-srp_mbx-if2-endstation_ax7101_1x1_tdm8/contract/KL_mbx_pkg.sv (2 interfaces)
wrote $SCRATCH/firmware-shard0/srp-mutants/work/build/srp-srp_mbx-if2-endstation_ax7101_1x1_tdm8/contract/KL_mbx.sv (2 interfaces)
wrote $SCRATCH/firmware-shard0/srp-mutants/work/build/srp-srp_mbx-if2-endstation_ax7101_1x1_tdm8/contract/mbx_contract.h (2 interfaces)
[ok] preamble-ifg-omitted: AdmissionStraddlesTheExactEthernetCeiling / admitted[0]
wrote $SCRATCH/firmware-shard0/srp-mutants/work/build/srp-srp_mbx-if2-endstation_ax7101_1x1_tdm8/contract/KL_mbx_pkg.sv (2 interfaces)
wrote $SCRATCH/firmware-shard0/srp-mutants/work/build/srp-srp_mbx-if2-endstation_ax7101_1x1_tdm8/contract/KL_mbx.sv (2 interfaces)
wrote $SCRATCH/firmware-shard0/srp-mutants/work/build/srp-srp_mbx-if2-endstation_ax7101_1x1_tdm8/contract/mbx_contract.h (2 interfaces)
[ok] ninety-percent-ceiling: AdmissionStraddlesTheExactEthernetCeiling / admitted[0]
wrote $SCRATCH/firmware-shard0/srp-mutants/work/build/srp-srp_mbx-if2-endstation_ax7101_1x1_tdm8/contract/KL_mbx_pkg.sv (2 interfaces)
wrote $SCRATCH/firmware-shard0/srp-mutants/work/build/srp-srp_mbx-if2-endstation_ax7101_1x1_tdm8/contract/KL_mbx.sv (2 interfaces)
wrote $SCRATCH/firmware-shard0/srp-mutants/work/build/srp-srp_mbx-if2-endstation_ax7101_1x1_tdm8/contract/mbx_contract.h (2 interfaces)
[ok] readyfailed-callback-stop: ReadyToReadyFailedNeverGlitchesAnActiveLicence / mock function call
wrote $SCRATCH/firmware-shard0/srp-mutants/work/build/srp-srp_mbx-if2-endstation_ax7101_1x1_tdm8/contract/KL_mbx_pkg.sv (2 interfaces)
wrote $SCRATCH/firmware-shard0/srp-mutants/work/build/srp-srp_mbx-if2-endstation_ax7101_1x1_tdm8/contract/KL_mbx.sv (2 interfaces)
wrote $SCRATCH/firmware-shard0/srp-mutants/work/build/srp-srp_mbx-if2-endstation_ax7101_1x1_tdm8/contract/mbx_contract.h (2 interfaces)
[ok] short-link-interruption-ignored: AdjacentLinkEdgesResetDomainAndAllPriorRegistrations / domain.priority
wrote $SCRATCH/firmware-shard0/srp-mutants/work/build/srp-srp_mbx-if2-endstation_ax7101_1x1_tdm8/contract/KL_mbx_pkg.sv (2 interfaces)
wrote $SCRATCH/firmware-shard0/srp-mutants/work/build/srp-srp_mbx-if2-endstation_ax7101_1x1_tdm8/contract/KL_mbx.sv (2 interfaces)
wrote $SCRATCH/firmware-shard0/srp-mutants/work/build/srp-srp_mbx-if2-endstation_ax7101_1x1_tdm8/contract/mbx_contract.h (2 interfaces)
[ok] old-prefix-accepted: LinkEventsDiscardOnlyTheirPublishedReceivePrefix / mock function call
wrote $SCRATCH/firmware-shard0/srp-mutants/work/build/srp-srp_mbx-if2-endstation_ax7101_1x1_tdm8/contract/KL_mbx_pkg.sv (2 interfaces)
wrote $SCRATCH/firmware-shard0/srp-mutants/work/build/srp-srp_mbx-if2-endstation_ax7101_1x1_tdm8/contract/KL_mbx.sv (2 interfaces)
wrote $SCRATCH/firmware-shard0/srp-mutants/work/build/srp-srp_mbx-if2-endstation_ax7101_1x1_tdm8/contract/mbx_contract.h (2 interfaces)
[ok] shared-identity-overwritten: SharedIdentityReconcilesBothBindingOrdersOnTheWire / last
wrote $SCRATCH/firmware-shard0/srp-mutants/work/build/srp-srp_mbx-if2-endstation_ax7101_1x1_tdm8/contract/KL_mbx_pkg.sv (2 interfaces)
wrote $SCRATCH/firmware-shard0/srp-mutants/work/build/srp-srp_mbx-if2-endstation_ax7101_1x1_tdm8/contract/KL_mbx.sv (2 interfaces)
wrote $SCRATCH/firmware-shard0/srp-mutants/work/build/srp-srp_mbx-if2-endstation_ax7101_1x1_tdm8/contract/mbx_contract.h (2 interfaces)
[ok] event-reentry-unguarded: EventReentryAndSinkCapacityAreGuarded / adapter.reentries
wrote $SCRATCH/firmware-shard0/srp-mutants/work/build/srp-srp_mbx-if2-endstation_ax7101_1x1_tdm8/contract/KL_mbx_pkg.sv (2 interfaces)
wrote $SCRATCH/firmware-shard0/srp-mutants/work/build/srp-srp_mbx-if2-endstation_ax7101_1x1_tdm8/contract/KL_mbx.sv (2 interfaces)
wrote $SCRATCH/firmware-shard0/srp-mutants/work/build/srp-srp_mbx-if2-endstation_ax7101_1x1_tdm8/contract/mbx_contract.h (2 interfaces)
[ok] failed-interface-starves-peer: RecreateAllocationFailureIsCountedAndRetried / other_sent
wrote $SCRATCH/firmware-shard0/srp-mutants/work/build/srp-srp_mbx-if2-endstation_ax7101_1x1_tdm8/contract/KL_mbx_pkg.sv (2 interfaces)
wrote $SCRATCH/firmware-shard0/srp-mutants/work/build/srp-srp_mbx-if2-endstation_ax7101_1x1_tdm8/contract/KL_mbx.sv (2 interfaces)
wrote $SCRATCH/firmware-shard0/srp-mutants/work/build/srp-srp_mbx-if2-endstation_ax7101_1x1_tdm8/contract/mbx_contract.h (2 interfaces)
[ok] backlogged-old-prefix-accepted: OldReceiveBacklogCannotRegisterAcrossLinkRestart / mock function call
wrote $SCRATCH/firmware-shard0/srp-mutants/work/build/srp-srp_mbx-if2-endstation_ax7101_1x1_tdm8/contract/KL_mbx_pkg.sv (2 interfaces)
wrote $SCRATCH/firmware-shard0/srp-mutants/work/build/srp-srp_mbx-if2-endstation_ax7101_1x1_tdm8/contract/KL_mbx.sv (2 interfaces)
wrote $SCRATCH/firmware-shard0/srp-mutants/work/build/srp-srp_mbx-if2-endstation_ax7101_1x1_tdm8/contract/mbx_contract.h (2 interfaces)
[ok] link-level-loss-ignored: LinkLevelLossAndFirstDownEventAreFailClosed / adapter.ifs[0].active[0]
wrote $SCRATCH/firmware-shard0/srp-mutants/work/build/srp-srp_mbx-if2-endstation_ax7101_1x1_tdm8/contract/KL_mbx_pkg.sv (2 interfaces)
wrote $SCRATCH/firmware-shard0/srp-mutants/work/build/srp-srp_mbx-if2-endstation_ax7101_1x1_tdm8/contract/KL_mbx.sv (2 interfaces)
wrote $SCRATCH/firmware-shard0/srp-mutants/work/build/srp-srp_mbx-if2-endstation_ax7101_1x1_tdm8/contract/mbx_contract.h (2 interfaces)
[ok] reset-leaks-owned-participants: ExhaustedPoolStillReusesOwnedBlocksOnLinkReset / adapter.refused
wrote $SCRATCH/firmware-shard0/srp-mutants/work/build/srp-srp_mbx-if2-endstation_ax7101_1x1_tdm8/contract/KL_mbx_pkg.sv (2 interfaces)
wrote $SCRATCH/firmware-shard0/srp-mutants/work/build/srp-srp_mbx-if2-endstation_ax7101_1x1_tdm8/contract/KL_mbx.sv (2 interfaces)
wrote $SCRATCH/firmware-shard0/srp-mutants/work/build/srp-srp_mbx-if2-endstation_ax7101_1x1_tdm8/contract/mbx_contract.h (2 interfaces)
[ok] downlink-receive-accepted: OldReceiveBacklogCannotRegisterAcrossLinkRestart / adapter.ifs[i].registered[0]
wrote $SCRATCH/firmware-shard0/srp-mutants/work/build/srp-srp_mbx-if2-endstation_ax7101_1x1_tdm8/contract/KL_mbx_pkg.sv (2 interfaces)
wrote $SCRATCH/firmware-shard0/srp-mutants/work/build/srp-srp_mbx-if2-endstation_ax7101_1x1_tdm8/contract/KL_mbx.sv (2 interfaces)
wrote $SCRATCH/firmware-shard0/srp-mutants/work/build/srp-srp_mbx-if2-endstation_ax7101_1x1_tdm8/contract/mbx_contract.h (2 interfaces)
[ok] delayed-in-listener: InListenerWithdrawalRevokesLicenceImmediately / adapter.ifs[i].active[0]
wrote $SCRATCH/firmware-shard0/srp-mutants/work/build/srp-srp_mbx-if2-endstation_ax7101_1x1_tdm8/contract/KL_mbx_pkg.sv (2 interfaces)
wrote $SCRATCH/firmware-shard0/srp-mutants/work/build/srp-srp_mbx-if2-endstation_ax7101_1x1_tdm8/contract/KL_mbx.sv (2 interfaces)
wrote $SCRATCH/firmware-shard0/srp-mutants/work/build/srp-srp_mbx-if2-endstation_ax7101_1x1_tdm8/contract/mbx_contract.h (2 interfaces)
[ok] delayed-in-talker: InTalkerWithdrawalImmediatelyWithdrawsListener / declared
wrote $SCRATCH/firmware-shard0/srp-mutants/work/build/srp-srp_mbx-if2-endstation_ax7101_1x1_tdm8/contract/KL_mbx_pkg.sv (2 interfaces)
wrote $SCRATCH/firmware-shard0/srp-mutants/work/build/srp-srp_mbx-if2-endstation_ax7101_1x1_tdm8/contract/KL_mbx.sv (2 interfaces)
wrote $SCRATCH/firmware-shard0/srp-mutants/work/build/srp-srp_mbx-if2-endstation_ax7101_1x1_tdm8/contract/mbx_contract.h (2 interfaces)
[ok] attach-ignores-current-link: ReattachLearnsAnAlreadyUpLinkWithoutAnotherRecord / adapter.ifs[i].link
wrote $SCRATCH/firmware-shard0/srp-mutants/work/build/srp-srp_mbx-if2-endstation_ax7101_1x1_tdm8/contract/KL_mbx_pkg.sv (2 interfaces)
wrote $SCRATCH/firmware-shard0/srp-mutants/work/build/srp-srp_mbx-if2-endstation_ax7101_1x1_tdm8/contract/KL_mbx.sv (2 interfaces)
wrote $SCRATCH/firmware-shard0/srp-mutants/work/build/srp-srp_mbx-if2-endstation_ax7101_1x1_tdm8/contract/mbx_contract.h (2 interfaces)
[ok] cancelled-link-never-recovers: CancelledLinkRecordRecoversFromLevelAndFencesOldReceive / adapter.ifs[i].link
wrote $SCRATCH/firmware-shard0/srp-mutants/work/build/srp-srp_mbx-if2-endstation_ax7101_1x1_tdm8/contract/KL_mbx_pkg.sv (2 interfaces)
wrote $SCRATCH/firmware-shard0/srp-mutants/work/build/srp-srp_mbx-if2-endstation_ax7101_1x1_tdm8/contract/KL_mbx.sv (2 interfaces)
wrote $SCRATCH/firmware-shard0/srp-mutants/work/build/srp-srp_mbx-if2-endstation_ax7101_1x1_tdm8/contract/mbx_contract.h (2 interfaces)
[ok] rebind-loses-shared-applicant: SharedRebindKeepsOnlyTheRemainingEligibleRequest / left
wrote $SCRATCH/firmware-shard0/srp-mutants/work/build/srp-srp_mbx-if2-endstation_ax7101_1x1_tdm8/contract/KL_mbx_pkg.sv (2 interfaces)
wrote $SCRATCH/firmware-shard0/srp-mutants/work/build/srp-srp_mbx-if2-endstation_ax7101_1x1_tdm8/contract/KL_mbx.sv (2 interfaces)
wrote $SCRATCH/firmware-shard0/srp-mutants/work/build/srp-srp_mbx-if2-endstation_ax7101_1x1_tdm8/contract/mbx_contract.h (2 interfaces)
[ok] consecutive-rebind-loses-applicant: ConsecutiveSharedReplacementsKeepApplicantStateUntilReconciliation / left
wrote $SCRATCH/firmware-shard0/srp-mutants/work/build/srp-srp_mbx-if2-endstation_ax7101_1x1_tdm8/contract/KL_mbx_pkg.sv (2 interfaces)
wrote $SCRATCH/firmware-shard0/srp-mutants/work/build/srp-srp_mbx-if2-endstation_ax7101_1x1_tdm8/contract/KL_mbx.sv (2 interfaces)
wrote $SCRATCH/firmware-shard0/srp-mutants/work/build/srp-srp_mbx-if2-endstation_ax7101_1x1_tdm8/contract/mbx_contract.h (2 interfaces)
[ok] joining-binding-loses-applicant: JoiningIneligibleBindingWithdrawsReadyWhenOriginalLeaves / d.event
wrote $SCRATCH/firmware-shard0/srp-mutants/work/build/srp-srp_mbx-if2-endstation_ax7101_1x1_tdm8/contract/KL_mbx_pkg.sv (2 interfaces)
wrote $SCRATCH/firmware-shard0/srp-mutants/work/build/srp-srp_mbx-if2-endstation_ax7101_1x1_tdm8/contract/KL_mbx.sv (2 interfaces)
wrote $SCRATCH/firmware-shard0/srp-mutants/work/build/srp-srp_mbx-if2-endstation_ax7101_1x1_tdm8/contract/mbx_contract.h (2 interfaces)
[ok] applicant-inherited-across-streams: ReboundStreamCannotInheritAnotherStreamsReady / ready
wrote $SCRATCH/firmware-shard0/srp-mutants/work/build/srp-srp_mbx-if2-endstation_ax7101_1x1_tdm8/contract/KL_mbx_pkg.sv (2 interfaces)
wrote $SCRATCH/firmware-shard0/srp-mutants/work/build/srp-srp_mbx-if2-endstation_ax7101_1x1_tdm8/contract/KL_mbx.sv (2 interfaces)
wrote $SCRATCH/firmware-shard0/srp-mutants/work/build/srp-srp_mbx-if2-endstation_ax7101_1x1_tdm8/contract/mbx_contract.h (2 interfaces)
[ok] final-unbind-withdraws-domain-vid: FinalDomainVidUnbindKeepsSrClassMembership / d.event
wrote $SCRATCH/firmware-shard0/srp-mutants/work/build/srp-srp_mbx-if2-endstation_ax7101_1x1_tdm8/contract/KL_mbx_pkg.sv (2 interfaces)
wrote $SCRATCH/firmware-shard0/srp-mutants/work/build/srp-srp_mbx-if2-endstation_ax7101_1x1_tdm8/contract/KL_mbx.sv (2 interfaces)
wrote $SCRATCH/firmware-shard0/srp-mutants/work/build/srp-srp_mbx-if2-endstation_ax7101_1x1_tdm8/contract/mbx_contract.h (2 interfaces)
[ok] last-ineligible-vid-leaks: LastNeverEligibleBindingWithdrawsTheSharedVidInEitherOrder / vlan_left
wrote $SCRATCH/firmware-shard0/srp-mutants/work/build/srp-srp_mbx-if2-endstation_ax7101_1x1_tdm8/contract/KL_mbx_pkg.sv (2 interfaces)
wrote $SCRATCH/firmware-shard0/srp-mutants/work/build/srp-srp_mbx-if2-endstation_ax7101_1x1_tdm8/contract/KL_mbx.sv (2 interfaces)
wrote $SCRATCH/firmware-shard0/srp-mutants/work/build/srp-srp_mbx-if2-endstation_ax7101_1x1_tdm8/contract/mbx_contract.h (2 interfaces)
[ok] reset-keeps-owed-domain: RefusedPeerDomainDoesNotSurviveLinkRestart / domain.vid
wrote $SCRATCH/firmware-shard0/srp-mutants/work/build/srp-srp_mbx-if2-endstation_ax7101_1x1_tdm8/contract/KL_mbx_pkg.sv (2 interfaces)
wrote $SCRATCH/firmware-shard0/srp-mutants/work/build/srp-srp_mbx-if2-endstation_ax7101_1x1_tdm8/contract/KL_mbx.sv (2 interfaces)
wrote $SCRATCH/firmware-shard0/srp-mutants/work/build/srp-srp_mbx-if2-endstation_ax7101_1x1_tdm8/contract/mbx_contract.h (2 interfaces)
[ok] reset-keeps-sink-vlan: SinkVlanRedeclaredBeforeReadyAfterLinkRestart / vlan
wrote $SCRATCH/firmware-shard0/srp-mutants/work/build/srp-srp_mbx-if2-endstation_ax7101_1x1_tdm8/contract/KL_mbx_pkg.sv (2 interfaces)
wrote $SCRATCH/firmware-shard0/srp-mutants/work/build/srp-srp_mbx-if2-endstation_ax7101_1x1_tdm8/contract/KL_mbx.sv (2 interfaces)
wrote $SCRATCH/firmware-shard0/srp-mutants/work/build/srp-srp_mbx-if2-endstation_ax7101_1x1_tdm8/contract/mbx_contract.h (2 interfaces)
[ok] shared-ready-uses-first-vlan: SharedReadyWaitsForTheMatchingBindingsOwnVlan / vlan
wrote $SCRATCH/firmware-shard0/srp-mutants/work/build/srp-srp_mbx-if2-endstation_ax7101_1x1_tdm8/contract/KL_mbx_pkg.sv (2 interfaces)
wrote $SCRATCH/firmware-shard0/srp-mutants/work/build/srp-srp_mbx-if2-endstation_ax7101_1x1_tdm8/contract/KL_mbx.sv (2 interfaces)
wrote $SCRATCH/firmware-shard0/srp-mutants/work/build/srp-srp_mbx-if2-endstation_ax7101_1x1_tdm8/contract/mbx_contract.h (2 interfaces)
[ok] milan-rapid-leave-leaks-to-mvrp: MilanMsrpOptionLeavesMvrpOnTheOriginalLeaveDeadline / registered()
wrote $SCRATCH/firmware-shard0/srp-mutants/work/build/srp-srp_rx_retry-if2-endstation_ax7101_1x1_tdm8/contract/KL_mbx_pkg.sv (2 interfaces)
wrote $SCRATCH/firmware-shard0/srp-mutants/work/build/srp-srp_rx_retry-if2-endstation_ax7101_1x1_tdm8/contract/KL_mbx.sv (2 interfaces)
wrote $SCRATCH/firmware-shard0/srp-mutants/work/build/srp-srp_rx_retry-if2-endstation_ax7101_1x1_tdm8/contract/mbx_contract.h (2 interfaces)
[ok] receive-retry-removed: SrpRetry.RefusedMixedPayloadRetriesWithoutPeerRetransmission / adapter.received
wrote $SCRATCH/firmware-shard0/srp-mutants/work/build/srp-srp_rx_retry-if2-endstation_ax7101_1x1_tdm8/contract/KL_mbx_pkg.sv (2 interfaces)
wrote $SCRATCH/firmware-shard0/srp-mutants/work/build/srp-srp_rx_retry-if2-endstation_ax7101_1x1_tdm8/contract/KL_mbx.sv (2 interfaces)
wrote $SCRATCH/firmware-shard0/srp-mutants/work/build/srp-srp_rx_retry-if2-endstation_ax7101_1x1_tdm8/contract/mbx_contract.h (2 interfaces)
[ok] partial-receive-retry-removed: SrpRetry.PartialPayloadKeepsLaterAttributesAndDoesNotRepeatStop / domain.vid
wrote $SCRATCH/firmware-shard0/srp-mutants/work/build/srp-srp_rx_retry-if2-endstation_ax7101_1x1_tdm8/contract/KL_mbx_pkg.sv (2 interfaces)
wrote $SCRATCH/firmware-shard0/srp-mutants/work/build/srp-srp_rx_retry-if2-endstation_ax7101_1x1_tdm8/contract/KL_mbx.sv (2 interfaces)
wrote $SCRATCH/firmware-shard0/srp-mutants/work/build/srp-srp_rx_retry-if2-endstation_ax7101_1x1_tdm8/contract/mbx_contract.h (2 interfaces)
[ok] receive-record-lost: SrpRetry.RefusedMixedPayloadRetriesWithoutPeerRetransmission / adapter.pending_rx.len
wrote $SCRATCH/firmware-shard0/srp-mutants/work/build/srp-srp_rx_retry-if2-endstation_ax7101_1x1_tdm8/contract/KL_mbx_pkg.sv (2 interfaces)
wrote $SCRATCH/firmware-shard0/srp-mutants/work/build/srp-srp_rx_retry-if2-endstation_ax7101_1x1_tdm8/contract/KL_mbx.sv (2 interfaces)
wrote $SCRATCH/firmware-shard0/srp-mutants/work/build/srp-srp_rx_retry-if2-endstation_ax7101_1x1_tdm8/contract/mbx_contract.h (2 interfaces)
[ok] receive-refusal-malformed: SrpRetry.RefusedMixedPayloadRetriesWithoutPeerRetransmission / adapter.malformed
wrote $SCRATCH/firmware-shard0/srp-mutants/work/build/srp-srp_rx_retry-if2-endstation_ax7101_1x1_tdm8/contract/KL_mbx_pkg.sv (2 interfaces)
wrote $SCRATCH/firmware-shard0/srp-mutants/work/build/srp-srp_rx_retry-if2-endstation_ax7101_1x1_tdm8/contract/KL_mbx.sv (2 interfaces)
wrote $SCRATCH/firmware-shard0/srp-mutants/work/build/srp-srp_rx_retry-if2-endstation_ax7101_1x1_tdm8/contract/mbx_contract.h (2 interfaces)
[ok] receive-overtakes-retained: SrpRetry.LaterRecordsCannotOvertakeRetainedInterface / loop.stats.rx_records
wrote $SCRATCH/firmware-shard0/srp-mutants/work/build/srp-srp_rx_retry-if2-endstation_ax7101_1x1_tdm8/contract/KL_mbx_pkg.sv (2 interfaces)
wrote $SCRATCH/firmware-shard0/srp-mutants/work/build/srp-srp_rx_retry-if2-endstation_ax7101_1x1_tdm8/contract/KL_mbx.sv (2 interfaces)
wrote $SCRATCH/firmware-shard0/srp-mutants/work/build/srp-srp_rx_retry-if2-endstation_ax7101_1x1_tdm8/contract/mbx_contract.h (2 interfaces)
[ok] reset-keeps-retained-receive: SrpRetry.LinkResetCancelsRetainedPayloadAndFencesLaterOldRecords / adapter.received
wrote $SCRATCH/firmware-shard0/srp-mutants/work/build/srp-srp_rx_retry-if2-endstation_ax7101_1x1_tdm8/contract/KL_mbx_pkg.sv (2 interfaces)
wrote $SCRATCH/firmware-shard0/srp-mutants/work/build/srp-srp_rx_retry-if2-endstation_ax7101_1x1_tdm8/contract/KL_mbx.sv (2 interfaces)
wrote $SCRATCH/firmware-shard0/srp-mutants/work/build/srp-srp_rx_retry-if2-endstation_ax7101_1x1_tdm8/contract/mbx_contract.h (2 interfaces)
[ok] peer-reset-cancels-retained-receive: SrpRetry.OtherInterfaceResetPreservesRetainedPayload / adapter.pending_rx.len
wrote $SCRATCH/firmware-shard0/srp-mutants/work/build/srp-srp_rx_retry-if2-endstation_ax7101_1x1_tdm8/contract/KL_mbx_pkg.sv (2 interfaces)
wrote $SCRATCH/firmware-shard0/srp-mutants/work/build/srp-srp_rx_retry-if2-endstation_ax7101_1x1_tdm8/contract/KL_mbx.sv (2 interfaces)
wrote $SCRATCH/firmware-shard0/srp-mutants/work/build/srp-srp_rx_retry-if2-endstation_ax7101_1x1_tdm8/contract/mbx_contract.h (2 interfaces)
[ok] destroy-keeps-retained-receive: SrpRetry.DestroyCancelsRetainedPayloadBeforeReinitialization / adapter.pending_rx.len
wrote $SCRATCH/firmware-shard0/srp-mutants/work/build/srp-srp_rx_retry-if2-endstation_ax7101_1x1_tdm8/contract/KL_mbx_pkg.sv (2 interfaces)
wrote $SCRATCH/firmware-shard0/srp-mutants/work/build/srp-srp_rx_retry-if2-endstation_ax7101_1x1_tdm8/contract/KL_mbx.sv (2 interfaces)
wrote $SCRATCH/firmware-shard0/srp-mutants/work/build/srp-srp_rx_retry-if2-endstation_ax7101_1x1_tdm8/contract/mbx_contract.h (2 interfaces)
[ok] bind-overtakes-retained-receive: SrpRetry.RefusedMixedPayloadRetriesWithoutPeerRetransmission / srp_mbx_bind
wrote $SCRATCH/firmware-shard0/srp-mutants/work/build/srp-srp_app-if2-endstation_ax7101_1x1_tdm8/contract/KL_mbx_pkg.sv (2 interfaces)
wrote $SCRATCH/firmware-shard0/srp-mutants/work/build/srp-srp_app-if2-endstation_ax7101_1x1_tdm8/contract/KL_mbx.sv (2 interfaces)
wrote $SCRATCH/firmware-shard0/srp-mutants/work/build/srp-srp_app-if2-endstation_ax7101_1x1_tdm8/contract/mbx_contract.h (2 interfaces)
[ok] composition-attach-omitted: SrpApp.AllThreeProtocolsShareTheLoopAndWakeSources / app.loop.n_ticks
wrote $SCRATCH/firmware-shard0/srp-mutants/work/build/srp-srp_app-if2-endstation_ax7101_1x1_tdm8/contract/KL_mbx_pkg.sv (2 interfaces)
wrote $SCRATCH/firmware-shard0/srp-mutants/work/build/srp-srp_app-if2-endstation_ax7101_1x1_tdm8/contract/KL_mbx.sv (2 interfaces)
wrote $SCRATCH/firmware-shard0/srp-mutants/work/build/srp-srp_app-if2-endstation_ax7101_1x1_tdm8/contract/mbx_contract.h (2 interfaces)
[ok] composition-srp-irq-omitted: SrpApp.AllThreeProtocolsShareTheLoopAndWakeSources / model.irq_enable
wrote $SCRATCH/firmware-shard0/srp-mutants/work/build/srp-srp_app-if2-endstation_ax7101_1x1_tdm8/contract/KL_mbx_pkg.sv (2 interfaces)
wrote $SCRATCH/firmware-shard0/srp-mutants/work/build/srp-srp_app-if2-endstation_ax7101_1x1_tdm8/contract/KL_mbx.sv (2 interfaces)
wrote $SCRATCH/firmware-shard0/srp-mutants/work/build/srp-srp_app-if2-endstation_ax7101_1x1_tdm8/contract/mbx_contract.h (2 interfaces)
[ok] composition-srp-tick-omitted: SrpApp.AllThreeProtocolsShareTheLoopAndWakeSources / app.loop.stats.ticks
wrote $SCRATCH/firmware-shard0/srp-mutants/work/build/srp-srp_rx_retry-if2-endstation_ax7101_1x1_tdm8/contract/KL_mbx_pkg.sv (2 interfaces)
wrote $SCRATCH/firmware-shard0/srp-mutants/work/build/srp-srp_rx_retry-if2-endstation_ax7101_1x1_tdm8/contract/KL_mbx.sv (2 interfaces)
wrote $SCRATCH/firmware-shard0/srp-mutants/work/build/srp-srp_rx_retry-if2-endstation_ax7101_1x1_tdm8/contract/mbx_contract.h (2 interfaces)
[ok] recreated-receive-retry-removed: SrpRetry.FailedParticipantRecreationRetainsFreshReceive / adapter.received
wrote $SCRATCH/firmware-shard0/srp-mutants/work/build/srp-srp_rx_retry-if2-endstation_ax7101_1x1_tdm8/contract/KL_mbx_pkg.sv (2 interfaces)
wrote $SCRATCH/firmware-shard0/srp-mutants/work/build/srp-srp_rx_retry-if2-endstation_ax7101_1x1_tdm8/contract/KL_mbx.sv (2 interfaces)
wrote $SCRATCH/firmware-shard0/srp-mutants/work/build/srp-srp_rx_retry-if2-endstation_ax7101_1x1_tdm8/contract/mbx_contract.h (2 interfaces)
[ok] mvrp-receive-retry-removed: SrpRetry.RetainedMvrpUsesItsOriginalParticipant / adapter.received
wrote $SCRATCH/firmware-shard0/srp-mutants/work/build/srp-srp_rx_retry-if2-endstation_ax7101_1x1_tdm8/contract/KL_mbx_pkg.sv (2 interfaces)
wrote $SCRATCH/firmware-shard0/srp-mutants/work/build/srp-srp_rx_retry-if2-endstation_ax7101_1x1_tdm8/contract/KL_mbx.sv (2 interfaces)
wrote $SCRATCH/firmware-shard0/srp-mutants/work/build/srp-srp_rx_retry-if2-endstation_ax7101_1x1_tdm8/contract/mbx_contract.h (2 interfaces)
[ok] receive-retry-passes-owed: SrpRetry.RetainedReceiveWaitsForOwedTransmit / adapter.pending_rx.len
wrote $SCRATCH/firmware-shard0/srp-mutants/work/build/srp-srp_rx_retry-if2-endstation_ax7101_1x1_tdm8/contract/KL_mbx_pkg.sv (2 interfaces)
wrote $SCRATCH/firmware-shard0/srp-mutants/work/build/srp-srp_rx_retry-if2-endstation_ax7101_1x1_tdm8/contract/KL_mbx.sv (2 interfaces)
wrote $SCRATCH/firmware-shard0/srp-mutants/work/build/srp-srp_rx_retry-if2-endstation_ax7101_1x1_tdm8/contract/mbx_contract.h (2 interfaces)
[ok] receive-retry-passes-backlog: SrpRetry.RetainedReceiveWaitsForTickAndLifecycleBacklogs / adapter.received
wrote $SCRATCH/firmware-shard0/srp-mutants/work/build/srp-srp_rx_retry-if2-endstation_ax7101_1x1_tdm8/contract/KL_mbx_pkg.sv (2 interfaces)
wrote $SCRATCH/firmware-shard0/srp-mutants/work/build/srp-srp_rx_retry-if2-endstation_ax7101_1x1_tdm8/contract/KL_mbx.sv (2 interfaces)
wrote $SCRATCH/firmware-shard0/srp-mutants/work/build/srp-srp_rx_retry-if2-endstation_ax7101_1x1_tdm8/contract/mbx_contract.h (2 interfaces)
[ok] future-receive-refused: SrpRetry.WholeInvalidPduIsMalformedAndFutureUnknownMessageIsSkipped / adapter.ifs[0].active[0]
wrote $SCRATCH/firmware-shard0/srp-mutants/work/build/srp-srp_rx_retry-if2-endstation_ax7101_1x1_tdm8/contract/KL_mbx_pkg.sv (2 interfaces)
wrote $SCRATCH/firmware-shard0/srp-mutants/work/build/srp-srp_rx_retry-if2-endstation_ax7101_1x1_tdm8/contract/KL_mbx.sv (2 interfaces)
wrote $SCRATCH/firmware-shard0/srp-mutants/work/build/srp-srp_rx_retry-if2-endstation_ax7101_1x1_tdm8/contract/mbx_contract.h (2 interfaces)
[ok] invalid-suffix-uncounted: SrpRetry.WholeInvalidPduIsMalformedAndFutureUnknownMessageIsSkipped / adapter.malformed
wrote $SCRATCH/firmware-shard0/srp-mutants/work/build/srp-srp_app-if2-endstation_ax7101_1x1_tdm8/contract/KL_mbx_pkg.sv (2 interfaces)
wrote $SCRATCH/firmware-shard0/srp-mutants/work/build/srp-srp_app-if2-endstation_ax7101_1x1_tdm8/contract/KL_mbx.sv (2 interfaces)
wrote $SCRATCH/firmware-shard0/srp-mutants/work/build/srp-srp_app-if2-endstation_ax7101_1x1_tdm8/contract/mbx_contract.h (2 interfaces)
[ok] composition-refusal-ignored: SrpApp.AttachRefusalPreservesExistingComposition / ctrl_app_attach_srp
wrote $SCRATCH/firmware-shard0/srp-mutants/work/build/srp-srp_latency-if2-endstation_ax7101_1x1_tdm8/contract/KL_mbx_pkg.sv (2 interfaces)
wrote $SCRATCH/firmware-shard0/srp-mutants/work/build/srp-srp_latency-if2-endstation_ax7101_1x1_tdm8/contract/KL_mbx.sv (2 interfaces)
wrote $SCRATCH/firmware-shard0/srp-mutants/work/build/srp-srp_latency-if2-endstation_ax7101_1x1_tdm8/contract/mbx_contract.h (2 interfaces)
[ok] recovery-latency-retry-removed: SrpLatency.ReceiveRecoveryKeepsOriginalArrivalBudget / adapter.ifs[0].active[0]
wrote $SCRATCH/firmware-shard0/srp-mutants/work/build/srp-srp_rx_retry-if2-endstation_ax7101_1x1_tdm8/contract/KL_mbx_pkg.sv (2 interfaces)
wrote $SCRATCH/firmware-shard0/srp-mutants/work/build/srp-srp_rx_retry-if2-endstation_ax7101_1x1_tdm8/contract/KL_mbx.sv (2 interfaces)
wrote $SCRATCH/firmware-shard0/srp-mutants/work/build/srp-srp_rx_retry-if2-endstation_ax7101_1x1_tdm8/contract/mbx_contract.h (2 interfaces)
[ok] receive-retention-unbounded: SrpRetry.OversizedValidRecordExpiresOnceAndReleasesOtherInterfaceAndBinding / adapter.pending_rx.len
wrote $SCRATCH/firmware-shard0/srp-mutants/work/build/srp-srp_rx_retry-if2-endstation_ax7101_1x1_tdm8/contract/KL_mbx_pkg.sv (2 interfaces)
wrote $SCRATCH/firmware-shard0/srp-mutants/work/build/srp-srp_rx_retry-if2-endstation_ax7101_1x1_tdm8/contract/KL_mbx.sv (2 interfaces)
wrote $SCRATCH/firmware-shard0/srp-mutants/work/build/srp-srp_rx_retry-if2-endstation_ax7101_1x1_tdm8/contract/mbx_contract.h (2 interfaces)
[ok] receive-retention-short: SrpRetry.OversizedValidRecordExpiresOnceAndReleasesOtherInterfaceAndBinding / adapter.rx_discarded
wrote $SCRATCH/firmware-shard0/srp-mutants/work/build/srp-srp_rx_retry-if2-endstation_ax7101_1x1_tdm8/contract/KL_mbx_pkg.sv (2 interfaces)
wrote $SCRATCH/firmware-shard0/srp-mutants/work/build/srp-srp_rx_retry-if2-endstation_ax7101_1x1_tdm8/contract/KL_mbx.sv (2 interfaces)
wrote $SCRATCH/firmware-shard0/srp-mutants/work/build/srp-srp_rx_retry-if2-endstation_ax7101_1x1_tdm8/contract/mbx_contract.h (2 interfaces)
[ok] receive-retention-late: SrpRetry.OversizedValidRecordExpiresOnceAndReleasesOtherInterfaceAndBinding / adapter.rx_discarded
wrote $SCRATCH/firmware-shard0/srp-mutants/work/build/srp-srp_rx_retry-if2-endstation_ax7101_1x1_tdm8/contract/KL_mbx_pkg.sv (2 interfaces)
wrote $SCRATCH/firmware-shard0/srp-mutants/work/build/srp-srp_rx_retry-if2-endstation_ax7101_1x1_tdm8/contract/KL_mbx.sv (2 interfaces)
wrote $SCRATCH/firmware-shard0/srp-mutants/work/build/srp-srp_rx_retry-if2-endstation_ax7101_1x1_tdm8/contract/mbx_contract.h (2 interfaces)
[ok] receive-discard-uncounted: SrpRetry.OversizedValidRecordExpiresOnceAndReleasesOtherInterfaceAndBinding / adapter.rx_discarded
wrote $SCRATCH/firmware-shard0/srp-mutants/work/build/srp-srp_rx_retry-if2-endstation_ax7101_1x1_tdm8/contract/KL_mbx_pkg.sv (2 interfaces)
wrote $SCRATCH/firmware-shard0/srp-mutants/work/build/srp-srp_rx_retry-if2-endstation_ax7101_1x1_tdm8/contract/KL_mbx.sv (2 interfaces)
wrote $SCRATCH/firmware-shard0/srp-mutants/work/build/srp-srp_rx_retry-if2-endstation_ax7101_1x1_tdm8/contract/mbx_contract.h (2 interfaces)
[ok] receive-discard-malformed: SrpRetry.OversizedValidRecordExpiresOnceAndReleasesOtherInterfaceAndBinding / adapter.malformed
wrote $SCRATCH/firmware-shard0/srp-mutants/work/build/srp-srp_rx_retry-if2-endstation_ax7101_1x1_tdm8/contract/KL_mbx_pkg.sv (2 interfaces)
wrote $SCRATCH/firmware-shard0/srp-mutants/work/build/srp-srp_rx_retry-if2-endstation_ax7101_1x1_tdm8/contract/KL_mbx.sv (2 interfaces)
wrote $SCRATCH/firmware-shard0/srp-mutants/work/build/srp-srp_rx_retry-if2-endstation_ax7101_1x1_tdm8/contract/mbx_contract.h (2 interfaces)
[ok] receive-discard-as-success: SrpRetry.OversizedValidRecordExpiresOnceAndReleasesOtherInterfaceAndBinding / adapter.received
wrote $SCRATCH/firmware-shard0/srp-mutants/work/build/srp-srp_rx_retry-if2-endstation_ax7101_1x1_tdm8/contract/KL_mbx_pkg.sv (2 interfaces)
wrote $SCRATCH/firmware-shard0/srp-mutants/work/build/srp-srp_rx_retry-if2-endstation_ax7101_1x1_tdm8/contract/KL_mbx.sv (2 interfaces)
wrote $SCRATCH/firmware-shard0/srp-mutants/work/build/srp-srp_rx_retry-if2-endstation_ax7101_1x1_tdm8/contract/mbx_contract.h (2 interfaces)
[ok] receive-queue-renews-deadline: SrpRetry.QueuedRefusalKeepsOriginalArrivalDeadlineAcrossClockWrap / adapter.rx_discarded
wrote $SCRATCH/firmware-shard0/srp-mutants/work/build/srp-srp_rx_retry-if2-endstation_ax7101_1x1_tdm8/contract/KL_mbx_pkg.sv (2 interfaces)
wrote $SCRATCH/firmware-shard0/srp-mutants/work/build/srp-srp_rx_retry-if2-endstation_ax7101_1x1_tdm8/contract/KL_mbx.sv (2 interfaces)
wrote $SCRATCH/firmware-shard0/srp-mutants/work/build/srp-srp_rx_retry-if2-endstation_ax7101_1x1_tdm8/contract/mbx_contract.h (2 interfaces)
[ok] receive-first-refusal-never-expires: SrpRetry.QueuedRefusalKeepsOriginalArrivalDeadlineAcrossClockWrap / adapter.rx_discarded
wrote $SCRATCH/firmware-shard0/srp-mutants/work/build/srp-srp_rx_retry-if2-endstation_ax7101_1x1_tdm8/contract/KL_mbx_pkg.sv (2 interfaces)
wrote $SCRATCH/firmware-shard0/srp-mutants/work/build/srp-srp_rx_retry-if2-endstation_ax7101_1x1_tdm8/contract/KL_mbx.sv (2 interfaces)
wrote $SCRATCH/firmware-shard0/srp-mutants/work/build/srp-srp_rx_retry-if2-endstation_ax7101_1x1_tdm8/contract/mbx_contract.h (2 interfaces)
[ok] receive-expiry-precedes-recovery: SrpRetry.RecoveryAtDeadlineStillAppliesTheCompleteRecord / adapter.received
wrote $SCRATCH/firmware-shard0/srp-mutants/work/build/srp-srp_rx_retry-if2-endstation_ax7101_1x1_tdm8/contract/KL_mbx_pkg.sv (2 interfaces)
wrote $SCRATCH/firmware-shard0/srp-mutants/work/build/srp-srp_rx_retry-if2-endstation_ax7101_1x1_tdm8/contract/KL_mbx.sv (2 interfaces)
wrote $SCRATCH/firmware-shard0/srp-mutants/work/build/srp-srp_rx_retry-if2-endstation_ax7101_1x1_tdm8/contract/mbx_contract.h (2 interfaces)
[ok] receive-recreate-never-expires: SrpRetry.FailedRecreationCannotRetainInputBeyondItsDeadline / adapter.rx_discarded
wrote $SCRATCH/firmware-shard0/srp-mutants/work/build/srp-srp_rx_retry-if2-endstation_ax7101_1x1_tdm8/contract/KL_mbx_pkg.sv (2 interfaces)
wrote $SCRATCH/firmware-shard0/srp-mutants/work/build/srp-srp_rx_retry-if2-endstation_ax7101_1x1_tdm8/contract/KL_mbx.sv (2 interfaces)
wrote $SCRATCH/firmware-shard0/srp-mutants/work/build/srp-srp_rx_retry-if2-endstation_ax7101_1x1_tdm8/contract/mbx_contract.h (2 interfaces)
[ok] receive-flood-unbounded: SrpRetry.DomainFloodCannotDelayLaterRapidLeave / adapter.pending_rx.len
wrote $SCRATCH/firmware-shard0/srp-mutants/work/build/srp-srp_rx_retry-if2-endstation_ax7101_1x1_tdm8/contract/KL_mbx_pkg.sv (2 interfaces)
wrote $SCRATCH/firmware-shard0/srp-mutants/work/build/srp-srp_rx_retry-if2-endstation_ax7101_1x1_tdm8/contract/KL_mbx.sv (2 interfaces)
wrote $SCRATCH/firmware-shard0/srp-mutants/work/build/srp-srp_rx_retry-if2-endstation_ax7101_1x1_tdm8/contract/mbx_contract.h (2 interfaces)
[ok] receive-deadline-not-modular: SrpRetry.RetainedDeadlineCrossesClockWrapWithoutEarlyDiscard / adapter.rx_discarded
[ok] lwSRP pin, a compiled source edited: lwSRP's src/ differs from the pinned 9197193e: src/core/mrp_mad.c
[ok] lwSRP pin, another revision checked out: lwSRP at 3626f1eaca76cb0ad3e4ea4335fe34e9eb5738f2 is not the pinned 9197193e47a6bb1c45a56d90a18c1784123aba44 (fetch https://github.com/kebag-logic/lwSRP and check the pin out)
test_ctrl_firmware: PASS
